waktu,latitude,longitude,propeller_speed1,propeller_speed2,propeller_speed3,propeller_speed4,str1_target,str2_target,str3_target,str4_target,heading,heading_target,navigation_mode_text,position_error,dir_error,payout,lat_chute,long_chute
09:44:59,1.6533388071438695,101.51929189617022,0,0,0,0,0,0,0,0,0,180,forward,0,0,0,1.6533388071438695,101.51936379132371
09:45:02,1.6533388071438695,101.51929189617022,0,0,0,0,0,0,0,0,0,180,forward,0,0,0,1.6533388071438695,101.51936379132371
09:45:04,1.6533388071438695,101.51929189617022,0,0,0,0,0,0,0,0,0,180,forward,0,0,0,1.6533388071438695,101.51936379132371
09:45:06,1.6533388071438695,101.51929189617022,0,0,0,0,0,0,0,0,0,180,forward,0,0,0,1.6533388071438695,101.51936379132371
09:45:08,1.6533388071438695,101.51929189617022,0,0,0,0,0,0,0,0,0,180,forward,0,0,0,1.6533388071438695,101.51936379132371
09:45:10,1.6533388071438695,101.51929189617022,0,0,0,0,0,0,0,0,0,180,forward,0,0,0,1.6533388071438695,101.51936379132371
09:45:13,1.6533388071438695,101.51929189617022,0,0,0,0,0,0,0,0,0,180,forward,0,0,0,1.6533388071438695,101.51936379132371
09:45:15,1.6533388071438695,101.51929189617022,0,0,0,0,0,0,0,0,0,180,forward,0,0,0,1.6533388071438695,101.51936379132371
09:45:17,1.6533388071438695,101.51929189617022,0,0,0,0,0,0,0,0,0,180,forward,0,0,0,1.6533388071438695,101.51936379132371
09:45:19,1.6533388071438695,101.51929189617022,0,0,0,0,0,0,0,0,0,180,forward,0,0,0,1.6533388071438695,101.51936379132371
09:45:21,1.6533388071438695,101.51929189617022,0,0,0,0,0,0,0,0,0,180,forward,0,0,0,1.6533388071438695,101.51936379132371
09:45:24,1.6533388071438695,101.51929189617022,0,0,0,0,0,0,0,0,0,180,forward,0,0,0,1.6533388071438695,101.51936379132371
09:45:26,1.6533388071438695,101.51929189617022,0,0,0,0,0,0,0,0,0,180,forward,0,0,0,1.6533388071438695,101.51936379132371
09:45:28,1.6533388071438695,101.51929189617022,0,0,0,0,0,0,0,0,0,180,forward,0,0,0,1.6533388071438695,101.51936379132371
09:45:30,1.6533388071438695,101.51929189617022,0,0,0,0,0,0,0,0,0,180,forward,0,0,0,1.6533388071438695,101.51936379132371
09:45:32,1.6533388071438695,101.51929189617022,0,0,0,0,0,0,0,0,0,180,forward,0,0,0,1.6533388071438695,101.51936379132371
09:45:35,1.6533388071438695,101.51929189617022,0,0,0,0,0,0,0,0,0,180,forward,0,0,0,1.6533388071438695,101.51936379132371
09:45:37,1.6533388071438695,101.51929189617022,0,0,0,0,0,0,0,0,0,180,forward,0,0,0,1.6533388071438695,101.51936379132371
09:45:39,1.6533388071438695,101.51929189617022,0,0,0,0,0,0,0,0,0,180,forward,0,0,0,1.6533388071438695,101.51936379132371
09:45:41,1.6533388071438695,101.51929189617022,0,0,0,0,0,0,0,0,0,180,forward,0,0,0,1.6533388071438695,101.51936379132371
09:45:43,1.6533388071438695,101.51929189617022,0,0,0,0,0,0,0,0,0,180,forward,0,0,0,1.6533388071438695,101.51936379132371
09:45:46,1.6533388071438695,101.51929189617022,0,0,0,0,0,0,0,0,0,180,forward,0,0,0,1.6533388071438695,101.51936379132371
09:45:48,1.6533388071438695,101.51929189617022,0,0,0,0,0,0,0,0,0,180,forward,0,0,0,1.6533388071438695,101.51936379132371
09:45:50,1.6533388071438695,101.51929189617022,0,0,0,0,0,0,0,0,0,180,forward,0,0,0,1.6533388071438695,101.51936379132371
09:45:52,1.6533388071438695,101.51929189617022,0,0,0,0,0,0,0,0,0,180,forward,0,0,0,1.6533388071438695,101.51936379132371
09:45:54,1.6533388071438695,101.51929189617022,0,0,0,0,0,0,0,0,0,180,forward,0,0,0,1.6533388071438695,101.51936379132371
09:45:56,1.6533388071438695,101.51929189617022,0,0,0,0,0,0,0,0,0,180,forward,0,0,0,1.6533388071438695,101.51936379132371
09:45:59,1.6533388071438695,101.51929189617022,0,0,0,0,0,0,0,0,0,180,forward,0,0,0,1.6533388071438695,101.51936379132371
09:46:01,1.6533388071438695,101.51929189617022,0,0,0,0,0,0,0,0,0,180,forward,0,0,0,1.6533388071438695,101.51936379132371
09:46:03,1.6533388071438695,101.51929189617022,0,0,0,0,0,0,0,0,0,180,forward,0,0,0,1.6533388071438695,101.51936379132371
09:46:05,1.6533388071438695,101.51929189617022,0,0,0,0,0,0,0,0,0,180,forward,0,0,0,1.6533388071438695,101.51936379132371
09:46:07,1.6533388071438695,101.51929189617022,0,0,0,0,0,0,0,0,0,180,forward,0,0,0,1.6533388071438695,101.51936379132371
09:46:09,1.6533388071438695,101.51929189617022,0,0,0,0,0,0,0,0,0,180,forward,0,0,0,1.6533388071438695,101.51936379132371
09:46:11,1.6533388071438695,101.51929189617022,0,0,0,0,0,0,0,0,0,180,forward,0,0,0,1.6533388071438695,101.51936379132371
09:46:13,1.6533388071438695,101.51929189617022,0,0,0,0,0,0,0,0,0,180,forward,0,0,0,1.6533388071438695,101.51936379132371
09:46:16,1.6533388071438695,101.51929189617022,0,0,0,0,0,0,0,0,0,180,forward,0,0,0,1.6533388071438695,101.51936379132371
09:46:18,1.6533388071438695,101.51929189617022,0,0,0,0,0,0,0,0,0,180,forward,0,0,0,1.6533388071438695,101.51936379132371
09:46:20,1.6533388071438695,101.51929189617022,0,0,0,0,0,0,0,0,0,180,forward,0,0,0,1.6533388071438695,101.51936379132371
09:46:22,1.6533388071438695,101.51929189617022,0,0,0,0,0,0,0,0,0,180,forward,0,0,0,1.6533388071438695,101.51936379132371
09:46:24,1.6533388071438695,101.51929189617022,0,0,0,0,0,0,0,0,0,180,forward,0,0,0,1.6533388071438695,101.51936379132371
09:46:26,1.6533388071438695,101.51929189617022,0,0,0,0,0,0,0,0,0,180,forward,0,0,0,1.6533388071438695,101.51936379132371
09:46:29,1.6533388071438695,101.51929189617022,0,0,0,0,0,0,0,0,0,180,forward,0,0,0,1.6533388071438695,101.51936379132371
09:46:31,1.6533388071438695,101.51929189617022,0,0,0,0,0,0,0,0,0,180,forward,0,0,0,1.6533388071438695,101.51936379132371
09:46:33,1.6533388071438695,101.51929189617022,0,0,0,0,0,0,0,0,0,180,forward,0,0,0,1.6533388071438695,101.51936379132371
09:46:35,1.6533388071438695,101.51929189617022,0,0,0,0,0,0,0,0,0,180,forward,0,0,0,1.6533388071438695,101.51936379132371
09:46:37,1.6533388071438695,101.51929189617022,0,0,0,0,0,0,0,0,0,180,forward,0,0,0,1.6533388071438695,101.51936379132371
09:46:39,1.6533388071438695,101.51929189617022,0,0,0,0,0,0,0,0,0,180,forward,0,0,0,1.6533388071438695,101.51936379132371
09:46:41,1.6533388071438695,101.51929189617022,0,0,0,0,0,0,0,0,0,180,forward,0,0,0,1.6533388071438695,101.51936379132371
09:46:43,1.6533388071438695,101.51929189617022,0,0,0,0,0,0,0,0,0,180,forward,0,0,0,1.6533388071438695,101.51936379132371
09:46:46,1.6533388071438695,101.51929189617022,0,0,0,0,0,0,0,0,0,180,forward,0,0,0,1.6533388071438695,101.51936379132371
09:46:48,1.6533388071438695,101.51929189617022,0,0,0,0,0,0,0,0,0,180,forward,0,0,0,1.6533388071438695,101.51936379132371
09:46:50,1.6533388071438695,101.51929189617022,0,0,0,0,0,0,0,0,0,180,forward,0,0,0,1.6533388071438695,101.51936379132371
09:46:52,1.6533388071438695,101.51929189617022,0,0,0,0,0,0,0,0,0,180,forward,0,0,0,1.6533388071438695,101.51936379132371
09:46:54,1.6533388071438695,101.51929189617022,0,0,0,0,0,0,0,0,0,180,forward,0,0,0,1.6533388071438695,101.51936379132371
09:46:56,1.6533388071438695,101.51929189617022,0,0,0,0,0,0,0,0,0,180,forward,0,0,0,1.6533388071438695,101.51936379132371
09:46:59,1.6533388071438695,101.51929189617022,0,0,0,0,0,0,0,0,0,180,forward,0,0,0,1.6533388071438695,101.51936379132371
09:47:01,1.6533388071438695,101.51929189617022,0,0,0,0,0,0,0,0,0,180,forward,0,0,0,1.6533388071438695,101.51936379132371
09:47:03,1.6533388071438695,101.51929189617022,0,0,0,0,0,0,0,0,0,180,forward,0,0,0,1.6533388071438695,101.51936379132371
09:47:05,1.6533388071438695,101.51929189617022,0,0,0,0,0,0,0,0,0,180,forward,0,0,0,1.6533388071438695,101.51936379132371
09:47:07,1.6533388071438695,101.51929189617022,0,0,0,0,0,0,0,0,0,180,forward,0,0,0,1.6533388071438695,101.51936379132371
09:47:09,1.6533388071438695,101.51929189617022,0,0,0,0,0,0,0,0,0,180,forward,0,0,0,1.6533388071438695,101.51936379132371
09:47:11,1.6533388071438695,101.51929189617022,0,0,0,0,0,0,0,0,0,180,forward,0,0,0,1.6533388071438695,101.51936379132371
09:47:14,1.6533388071438695,101.51929189617022,0,0,0,0,0,0,0,0,0,180,forward,0,0,0,1.6533388071438695,101.51936379132371
09:47:16,1.6533388071438695,101.51929189617022,0,0,0,0,0,0,0,0,0,180,forward,0,0,0,1.6533388071438695,101.51936379132371
09:47:18,1.6533388071438695,101.51929189617022,0,0,0,0,0,0,0,0,0,180,forward,0,0,0,1.6533388071438695,101.51936379132371
09:47:20,1.6533388071438695,101.51929189617022,0,0,0,0,0,0,0,0,0,180,forward,0,0,0,1.6533388071438695,101.51936379132371
09:47:22,1.6533388071438695,101.51929189617022,0,0,0,0,0,0,0,0,0,180,forward,0,0,0,1.6533388071438695,101.51936379132371
09:47:24,1.6533388071438695,101.51929189617022,0,0,0,0,0,0,0,0,0,180,forward,0,0,0,1.6533388071438695,101.51936379132371
09:47:26,1.6533388071438695,101.51929189617022,0,0,0,0,0,0,0,0,0,180,forward,0,0,0,1.6533388071438695,101.51936379132371
09:47:28,1.6533388071438695,101.51929189617022,0,0,0,0,0,0,0,0,0,180,forward,0,0,0,1.6533388071438695,101.51936379132371
09:47:31,1.6533388071438695,101.51929189617022,0,0,0,0,0,0,0,0,0,180,forward,0,0,0,1.6533388071438695,101.51936379132371
09:47:33,1.6533388071438695,101.51929189617022,0,0,0,0,0,0,0,0,0,180,forward,0,0,0,1.6533388071438695,101.51936379132371
09:47:35,1.6533388071438695,101.51929189617022,0,0,0,0,0,0,0,0,0,180,forward,0,0,0,1.6533388071438695,101.51936379132371
09:47:37,1.6533388071438695,101.51929189617022,0,0,0,0,0,0,0,0,0,180,forward,0,0,0,1.6533388071438695,101.51936379132371
09:47:39,1.6533388071438695,101.51929189617022,0,0,0,0,0,0,0,0,0,180,forward,0,0,0,1.6533388071438695,101.51936379132371
09:47:41,1.6533388071438695,101.51929189617022,0,0,0,0,0,0,0,0,0,180,forward,0,0,0,1.6533388071438695,101.51936379132371
09:47:43,1.6533388071438695,101.51929189617022,0,0,0,0,0,0,0,0,0,180,forward,0,0,0,1.6533388071438695,101.51936379132371
09:47:46,1.6533388071438695,101.51929189617022,0,0,0,0,0,0,0,0,0,180,forward,0,0,0,1.6533388071438695,101.51936379132371
09:47:48,1.6533388071438695,101.51929189617022,0,0,0,0,0,0,0,0,0,180,forward,0,0,0,1.6533388071438695,101.51936379132371
09:47:50,1.6533388071438695,101.51929189617022,0,0,0,0,0,0,0,0,0,180,forward,0,0,0,1.6533388071438695,101.51936379132371
09:47:52,1.6533388071438695,101.51929189617022,0,0,0,0,0,0,0,0,0,180,forward,0,0,0,1.6533388071438695,101.51936379132371
09:47:54,1.6533388071438695,101.51929189617022,0,0,0,0,0,0,0,0,0,180,forward,0,0,0,1.6533388071438695,101.51936379132371
09:47:56,1.6533388071438695,101.51929189617022,0,0,0,0,0,0,0,0,0,180,forward,0,0,0,1.6533388071438695,101.51936379132371
09:47:58,1.6533388071438695,101.51929189617022,0,0,0,0,0,0,0,0,0,180,forward,0,0,0,1.6533388071438695,101.51936379132371
09:48:00,1.6533388071438695,101.51929189617022,0,0,0,0,0,0,0,0,0,180,forward,0,0,0,1.6533388071438695,101.51936379132371
09:48:02,1.6533388071438695,101.51929189617022,0,0,0,0,0,0,0,0,0,180,forward,0,0,0,1.6533388071438695,101.51936379132371
09:48:05,1.6533388071438695,101.51929189617022,0,0,0,0,0,0,0,0,0,180,forward,0,0,0,1.6533388071438695,101.51936379132371
09:48:07,1.6533388071438695,101.51929189617022,0,0,0,0,0,0,0,0,0,180,forward,0,0,0,1.6533388071438695,101.51936379132371
09:48:09,1.6533388071438695,101.51929189617022,0,0,0,0,0,0,0,0,0,180,forward,0,0,0,1.6533388071438695,101.51936379132371
09:48:11,1.6533388071438695,101.51929189617022,0,0,0,0,0,0,0,0,0,180,forward,0,0,0,1.6533388071438695,101.51936379132371
09:48:13,1.6533388071438695,101.51929189617022,0,0,0,0,0,0,0,0,0,180,forward,0,0,0,1.6533388071438695,101.51936379132371
09:48:15,1.6533388071438695,101.51929189617022,0,0,0,0,0,0,0,0,0,180,forward,0,0,0,1.6533388071438695,101.51936379132371
09:48:17,1.6533388071438695,101.51929189617022,0,0,0,0,0,0,0,0,0,180,forward,0,0,0,1.6533388071438695,101.51936379132371
09:48:19,1.6533388071438695,101.51929189617022,0,0,0,0,0,0,0,0,0,180,forward,0,0,0,1.6533388071438695,101.51936379132371
09:48:22,1.6533388071438695,101.51929189617022,0,0,0,0,0,0,0,0,0,180,forward,0,0,0,1.6533388071438695,101.51936379132371
09:48:24,1.6533388071438695,101.51929189617022,0,0,0,0,0,0,0,0,0,180,forward,0,0,0,1.6533388071438695,101.51936379132371
09:48:26,1.6533388071438695,101.51929189617022,0,0,0,0,0,0,0,0,0,180,forward,0,0,0,1.6533388071438695,101.51936379132371
09:48:28,1.6533388071438695,101.51929189617022,0,0,0,0,0,0,0,0,0,180,forward,0,0,0,1.6533388071438695,101.51936379132371
09:48:30,1.6533388071438695,101.51929189617022,0,0,0,0,0,0,0,0,0,180,forward,0,0,0,1.6533388071438695,101.51936379132371
09:48:32,1.6533388071438695,101.51929189617022,0,0,0,0,0,0,0,0,0,180,forward,0,0,0,1.6533388071438695,101.51936379132371
09:48:35,1.6533388071438695,101.51929189617022,0,0,0,0,0,0,0,0,0,180,forward,0,0,0,1.6533388071438695,101.51936379132371
09:48:37,1.6533388071438695,101.51929189617022,0,0,0,0,0,0,0,0,0,180,forward,0,0,0,1.6533388071438695,101.51936379132371
09:48:39,1.6533388071438695,101.51929189617022,0,0,0,0,0,0,0,0,0,180,forward,0,0,0,1.6533388071438695,101.51936379132371
09:48:41,1.6533388071438695,101.51929189617022,0,0,0,0,0,0,0,0,0,180,forward,0,0,0,1.6533388071438695,101.51936379132371
09:48:43,1.6533388071438695,101.51929189617022,0,0,0,0,0,0,0,0,0,180,forward,0,0,0,1.6533388071438695,101.51936379132371
09:48:45,1.6533388071438695,101.51929189617022,0,0,0,0,0,0,0,0,0,180,forward,0,0,0,1.6533388071438695,101.51936379132371
09:48:47,1.6533388071438695,101.51929189617022,0,0,0,0,0,0,0,0,0,180,forward,0,0,0,1.6533388071438695,101.51936379132371
09:48:49,1.6533388071438695,101.51929189617022,0,0,0,0,0,0,0,0,0,180,forward,0,0,0,1.6533388071438695,101.51936379132371
09:48:52,1.6533388071438695,101.51929189617022,0,0,0,0,0,0,0,0,0,180,forward,0,0,0,1.6533388071438695,101.51936379132371
09:48:54,1.6533388071438695,101.51929189617022,0,0,0,0,0,0,0,0,0,180,forward,0,0,0,1.6533388071438695,101.51936379132371
09:48:56,1.6533388071438695,101.51929189617022,0,0,0,0,0,0,0,0,0,180,forward,0,0,0,1.6533388071438695,101.51936379132371
09:48:58,1.6533388071438695,101.51929189617022,0,0,0,0,0,0,0,0,0,180,forward,0,0,0,1.6533388071438695,101.51936379132371
09:49:00,1.6533388071438695,101.51929189617022,0,0,0,0,0,0,0,0,0,180,forward,0,0,0,1.6533388071438695,101.51936379132371
09:49:02,1.6533388071438695,101.51929189617022,0,0,0,0,0,0,0,0,0,180,forward,0,0,0,1.6533388071438695,101.51936379132371
09:49:04,1.6533388071438695,101.51929189617022,0,0,0,0,0,0,0,0,0,180,forward,0,0,0,1.6533388071438695,101.51936379132371
09:49:06,1.6533388071438695,101.51929189617022,0,0,0,0,0,0,0,0,0,180,forward,0,0,0,1.6533388071438695,101.51936379132371
09:49:08,1.6533388071438695,101.51929189617022,0,0,0,0,0,0,0,0,0,180,forward,0,0,0,1.6533388071438695,101.51936379132371
09:49:11,1.6533388071438695,101.51929189617022,0,0,0,0,0,0,0,0,0,180,forward,0,0,0,1.6533388071438695,101.51936379132371
09:49:13,1.6533388071438695,101.51929189617022,0,0,0,0,0,0,0,0,0,180,forward,0,0,0,1.6533388071438695,101.51936379132371
09:49:15,1.6533388071438695,101.51929189617022,0,0,0,0,0,0,0,0,0,180,forward,0,0,0,1.6533388071438695,101.51936379132371
09:49:17,1.6533388071438695,101.51929189617022,0,0,0,0,0,0,0,0,0,180,forward,0,0,0,1.6533388071438695,101.51936379132371
09:49:19,1.6533388071438695,101.51929189617022,0,0,0,0,0,0,0,0,0,180,forward,0,0,0,1.6533388071438695,101.51936379132371
09:49:21,1.6533388071438695,101.51929189617022,0,0,0,0,0,0,0,0,0,180,forward,0,0,0,1.6533388071438695,101.51936379132371
09:49:23,1.6533388071438695,101.51929189617022,0,0,0,0,0,0,0,0,0,180,forward,0,0,0,1.6533388071438695,101.51936379132371
09:49:26,1.6533388071438695,101.51929189617022,0,0,0,0,0,0,0,0,0,180,forward,0,0,0,1.6533388071438695,101.51936379132371
09:49:28,1.6533388071438695,101.51929189617022,0,0,0,0,0,0,0,0,0,180,forward,0,0,0,1.6533388071438695,101.51936379132371
09:49:30,1.6533388071438695,101.51929189617022,0,0,0,0,0,0,0,0,0,180,forward,0,0,0,1.6533388071438695,101.51936379132371
09:49:32,1.6533388071438695,101.51929189617022,0,0,0,0,0,0,0,0,0,180,forward,0,0,0,1.6533388071438695,101.51936379132371
09:49:34,1.6533388071438695,101.51929189617022,0,0,0,0,0,0,0,0,0,180,forward,0,0,0,1.6533388071438695,101.51936379132371
09:49:36,1.6533388071438695,101.51929189617022,0,0,0,0,0,0,0,0,0,180,forward,0,0,0,1.6533388071438695,101.51936379132371
09:49:38,1.6533388071438695,101.51929189617022,0,0,0,0,0,0,0,0,0,180,forward,0,0,0,1.6533388071438695,101.51936379132371
09:49:40,1.6533388071438695,101.51929189617022,0,0,0,0,0,0,0,0,0,180,forward,0,0,0,1.6533388071438695,101.51936379132371
09:49:43,1.6533388071438695,101.51929189617022,0,0,0,0,0,0,0,0,0,180,forward,0,0,0,1.6533388071438695,101.51936379132371
09:49:45,1.6533388071438695,101.51929189617022,0,0,0,0,0,0,0,0,0,180,forward,0,0,0,1.6533388071438695,101.51936379132371
09:49:47,1.6533388071438695,101.51929189617022,0,0,0,0,0,0,0,0,0,180,forward,0,0,0,1.6533388071438695,101.51936379132371
09:49:49,1.6533388071438695,101.51929189617022,0,0,0,0,0,0,0,0,0,180,forward,0,0,0,1.6533388071438695,101.51936379132371
09:49:51,1.6533388071438695,101.51929189617022,0,0,0,0,0,0,0,0,0,180,forward,0,0,0,1.6533388071438695,101.51936379132371
09:49:53,1.6533388071438695,101.51929189617022,0,0,0,0,0,0,0,0,0,180,forward,0,0,0,1.6533388071438695,101.51936379132371
09:49:56,1.6533388071438695,101.51929189617022,0,0,0,0,0,0,0,0,0,180,forward,0,0,0,1.6533388071438695,101.51936379132371
09:49:58,1.6533388071438695,101.51929189617022,0,0,0,0,0,0,0,0,0,180,forward,0,0,0,1.6533388071438695,101.51936379132371
09:50:00,1.6533388071438695,101.51929189617022,0,0,0,0,0,0,0,0,0,180,forward,0,0,0,1.6533388071438695,101.51936379132371
09:50:02,1.6533388071438695,101.51929189617022,0,0,0,0,0,0,0,0,0,180,forward,0,0,0,1.6533388071438695,101.51936379132371
09:50:04,1.6533388071438695,101.51929189617022,0,0,0,0,0,0,0,0,0,180,forward,0,0,0,1.6533388071438695,101.51936379132371
09:50:06,1.6533388071438695,101.51929189617022,0,0,0,0,0,0,0,0,0,180,forward,0,0,0,1.6533388071438695,101.51936379132371
09:50:08,1.6533388071438695,101.51929189617022,0,0,0,0,0,0,0,0,0,180,forward,0,0,0,1.6533388071438695,101.51936379132371
09:50:10,1.6533388071438695,101.51929189617022,0,0,0,0,0,0,0,0,0,180,forward,0,0,0,1.6533388071438695,101.51936379132371
09:50:13,1.6533388071438695,101.51929189617022,0,0,0,0,0,0,0,0,0,180,forward,0,0,0,1.6533388071438695,101.51936379132371
09:50:15,1.6533388071438695,101.51929189617022,0,0,0,0,0,0,0,0,0,180,forward,0,0,0,1.6533388071438695,101.51936379132371
09:50:17,1.6533388071438695,101.51929189617022,0,0,0,0,0,0,0,0,0,180,forward,0,0,0,1.6533388071438695,101.51936379132371
09:50:19,1.6533388071438695,101.51929189617022,0,0,0,0,0,0,0,0,0,180,forward,0,0,0,1.6533388071438695,101.51936379132371
09:50:21,1.6533388071438695,101.51929189617022,0,0,0,0,0,0,0,0,0,180,forward,0,0,0,1.6533388071438695,101.51936379132371
09:50:23,1.6533388071438695,101.51929189617022,0,0,0,0,0,0,0,0,0,180,forward,0,0,0,1.6533388071438695,101.51936379132371
09:50:25,1.6533388071438695,101.51929189617022,0,0,0,0,0,0,0,0,0,180,forward,0,0,0,1.6533388071438695,101.51936379132371
09:50:27,1.6533388071438695,101.51929189617022,0,0,0,0,0,0,0,0,0,180,forward,0,0,0,1.6533388071438695,101.51936379132371
09:50:30,1.6533388071438695,101.51929189617022,0,0,0,0,0,0,0,0,0,180,forward,0,0,0,1.6533388071438695,101.51936379132371
09:50:32,1.6533388071438695,101.51929189617022,0,0,0,0,0,0,0,0,0,180,forward,0,0,0,1.6533388071438695,101.51936379132371
09:50:34,1.6533388071438695,101.51929189617022,0,0,0,0,0,0,0,0,0,180,forward,0,0,0,1.6533388071438695,101.51936379132371
09:50:36,1.6533388071438695,101.51929189617022,0,0,0,0,0,0,0,0,0,180,forward,0,0,0,1.6533388071438695,101.51936379132371
09:50:38,1.6533388071438695,101.51929189617022,0,0,0,0,0,0,0,0,0,180,forward,0,0,0,1.6533388071438695,101.51936379132371
09:50:40,1.6533388071438695,101.51929189617022,0,0,0,0,0,0,0,0,0,180,forward,0,0,0,1.6533388071438695,101.51936379132371
09:50:42,1.6533388071438695,101.51929189617022,0,0,0,0,0,0,0,0,0,180,forward,0,0,0,1.6533388071438695,101.51936379132371
09:50:45,1.6533388071438695,101.51929189617022,0,0,0,0,0,0,0,0,0,180,forward,0,0,0,1.6533388071438695,101.51936379132371
09:50:47,1.6533388071438695,101.51929189617022,0,0,0,0,0,0,0,0,0,180,forward,0,0,0,1.6533388071438695,101.51936379132371
09:50:49,1.6533388071438695,101.51929189617022,0,0,0,0,0,0,0,0,0,180,forward,0,0,0,1.6533388071438695,101.51936379132371
09:50:51,1.6533388071438695,101.51929189617022,0,0,0,0,0,0,0,0,0,180,forward,0,0,0,1.6533388071438695,101.51936379132371
09:50:53,1.6533388071438695,101.51929189617022,0,0,0,0,0,0,0,0,0,180,forward,0,0,0,1.6533388071438695,101.51936379132371
09:50:55,1.6533388071438695,101.51929189617022,0,0,0,0,0,0,0,0,0,180,forward,0,0,0,1.6533388071438695,101.51936379132371
09:50:58,1.6533388071438695,101.51929189617022,0,0,0,0,0,0,0,0,0,180,forward,0,0,0,1.6533388071438695,101.51936379132371
09:51:00,1.6533388071438695,101.51929189617022,0,0,0,0,0,0,0,0,0,180,forward,0,0,0,1.6533388071438695,101.51936379132371
09:51:02,1.6533388071438695,101.51929189617022,0,0,0,0,0,0,0,0,0,180,forward,0,0,0,1.6533388071438695,101.51936379132371
09:51:04,1.6533388071438695,101.51929189617022,0,0,0,0,0,0,0,0,0,180,forward,0,0,0,1.6533388071438695,101.51936379132371
09:51:06,1.6533388071438695,101.51929189617022,0,0,0,0,0,0,0,0,0,180,forward,0,0,0,1.6533388071438695,101.51936379132371
09:51:08,1.6533388071438695,101.51929189617022,0,0,0,0,0,0,0,0,0,180,forward,0,0,0,1.6533388071438695,101.51936379132371
09:51:10,1.6533388071438695,101.51929189617022,0,0,0,0,0,0,0,0,0,180,forward,0,0,0,1.6533388071438695,101.51936379132371
09:51:12,1.6533388071438695,101.51929189617022,0,0,0,0,0,0,0,0,0,180,forward,0,0,0,1.6533388071438695,101.51936379132371
09:51:15,1.6533388071438695,101.51929189617022,0,0,0,0,0,0,0,0,0,180,forward,0,0,0,1.6533388071438695,101.51936379132371
09:51:17,1.6533388071438695,101.51929189617022,0,0,0,0,0,0,0,0,0,180,forward,0,0,0,1.6533388071438695,101.51936379132371
09:51:19,1.6533388071438695,101.51929189617022,0,0,0,0,0,0,0,0,0,180,forward,0,0,0,1.6533388071438695,101.51936379132371
09:51:21,1.6533388071438695,101.51929189617022,0,0,0,0,0,0,0,0,0,180,forward,0,0,0,1.6533388071438695,101.51936379132371
09:51:23,1.6533388071438695,101.51929189617022,0,0,0,0,0,0,0,0,0,180,forward,0,0,0,1.6533388071438695,101.51936379132371
09:51:25,1.6533388071438695,101.51929189617022,0,0,0,0,0,0,0,0,0,180,forward,0,0,0,1.6533388071438695,101.51936379132371
09:51:27,1.6533388071438695,101.51929189617022,0,0,0,0,0,0,0,0,0,180,forward,0,0,0,1.6533388071438695,101.51936379132371
09:51:30,1.6533388071438695,101.51929189617022,0,0,0,0,0,0,0,0,0,180,forward,0,0,0,1.6533388071438695,101.51936379132371
09:51:32,1.6533388071438695,101.51929189617022,0,0,0,0,0,0,0,0,0,180,forward,0,0,0,1.6533388071438695,101.51936379132371
09:51:34,1.6533388071438695,101.51929189617022,0,0,0,0,0,0,0,0,0,180,forward,0,0,0,1.6533388071438695,101.51936379132371
09:51:36,1.6533388071438695,101.51929189617022,0,0,0,0,0,0,0,0,0,180,forward,0,0,0,1.6533388071438695,101.51936379132371
09:51:38,1.6533388071438695,101.51929189617022,0,0,0,0,0,0,0,0,0,180,forward,0,0,0,1.6533388071438695,101.51936379132371
09:51:40,1.6533388071438695,101.51929189617022,0,0,0,0,0,0,0,0,0,180,forward,0,0,0,1.6533388071438695,101.51936379132371
09:51:42,1.6533388071438695,101.51929189617022,0,0,0,0,0,0,0,0,0,180,forward,0,0,0,1.6533388071438695,101.51936379132371
09:51:44,1.6533388071438695,101.51929189617022,0,0,0,0,0,0,0,0,0,180,forward,0,0,0,1.6533388071438695,101.51936379132371
09:51:46,1.6533388071438695,101.51929189617022,0,0,0,0,0,0,0,0,0,180,forward,0,0,0,1.6533388071438695,101.51936379132371
09:51:49,1.6533388071438695,101.51929189617022,0,0,0,0,0,0,0,0,0,180,forward,0,0,0,1.6533388071438695,101.51936379132371
09:51:51,1.6533388071438695,101.51929189617022,0,0,0,0,0,0,0,0,0,180,forward,0,0,0,1.6533388071438695,101.51936379132371
09:51:53,1.6533388071438695,101.51929189617022,0,0,0,0,0,0,0,0,0,180,forward,0,0,0,1.6533388071438695,101.51936379132371
09:51:55,1.6533388071438695,101.51929189617022,0,0,0,0,0,0,0,0,0,180,forward,0,0,0,1.6533388071438695,101.51936379132371
09:51:57,1.6533388071438695,101.51929189617022,0,0,0,0,0,0,0,0,0,180,forward,0,0,0,1.6533388071438695,101.51936379132371
09:51:59,1.6533388071438695,101.51929189617022,0,0,0,0,0,0,0,0,0,180,forward,0,0,0,1.6533388071438695,101.51936379132371
09:52:01,1.6533388071438695,101.51929189617022,0,0,0,0,0,0,0,0,0,180,forward,0,0,0,1.6533388071438695,101.51936379132371
09:52:03,1.6533388071438695,101.51929189617022,0,0,0,0,0,0,0,0,0,180,forward,0,0,0,1.6533388071438695,101.51936379132371
09:52:06,1.6533388071438695,101.51929189617022,0,0,0,0,0,0,0,0,0,180,forward,0,0,0,1.6533388071438695,101.51936379132371
09:52:08,1.6533388071438695,101.51929189617022,0,0,0,0,0,0,0,0,0,180,forward,0,0,0,1.6533388071438695,101.51936379132371
09:52:10,1.6533388071438695,101.51929189617022,0,0,0,0,0,0,0,0,0,180,forward,0,0,0,1.6533388071438695,101.51936379132371
09:52:12,1.6533388071438695,101.51929189617022,0,0,0,0,0,0,0,0,0,180,forward,0,0,0,1.6533388071438695,101.51936379132371
09:52:14,1.6533388071438695,101.51929189617022,0,0,0,0,0,0,0,0,0,180,forward,0,0,0,1.6533388071438695,101.51936379132371
09:52:16,1.6533388071438695,101.51929189617022,0,0,0,0,0,0,0,0,0,180,forward,0,0,0,1.6533388071438695,101.51936379132371
09:52:18,1.6533388071438695,101.51929189617022,0,0,0,0,0,0,0,0,0,180,forward,0,0,0,1.6533388071438695,101.51936379132371
09:52:20,1.6533388071438695,101.51929189617022,0,0,0,0,0,0,0,0,0,180,forward,0,0,0,1.6533388071438695,101.51936379132371
09:52:23,1.6533388071438695,101.51929189617022,0,0,0,0,0,0,0,0,0,180,forward,0,0,0,1.6533388071438695,101.51936379132371
09:52:25,1.6533388071438695,101.51929189617022,0,0,0,0,0,0,0,0,0,180,forward,0,0,0,1.6533388071438695,101.51936379132371
09:52:27,1.6533388071438695,101.51929189617022,0,0,0,0,0,0,0,0,0,180,forward,0,0,0,1.6533388071438695,101.51936379132371
09:52:29,1.6533388071438695,101.51929189617022,0,0,0,0,0,0,0,0,0,180,forward,0,0,0,1.6533388071438695,101.51936379132371
09:52:31,1.6533388071438695,101.51929189617022,0,0,0,0,0,0,0,0,0,180,forward,0,0,0,1.6533388071438695,101.51936379132371
09:52:33,1.6533388071438695,101.51929189617022,0,0,0,0,0,0,0,0,0,180,forward,0,0,0,1.6533388071438695,101.51936379132371
09:52:35,1.6533388071438695,101.51929189617022,0,0,0,0,0,0,0,0,0,180,forward,0,0,0,1.6533388071438695,101.51936379132371
09:52:37,1.6533388071438695,101.51929189617022,0,0,0,0,0,0,0,0,0,180,forward,0,0,0,1.6533388071438695,101.51936379132371
09:52:39,1.6533388071438695,101.51929189617022,0,0,0,0,0,0,0,0,0,180,forward,0,0,0,1.6533388071438695,101.51936379132371
09:52:42,1.6533388071438695,101.51929189617022,0,0,0,0,0,0,0,0,0,180,forward,0,0,0,1.6533388071438695,101.51936379132371
09:52:44,1.6533388071438695,101.51929189617022,0,0,0,0,0,0,0,0,0,180,forward,0,0,0,1.6533388071438695,101.51936379132371
09:52:46,1.6533388071438695,101.51929189617022,0,0,0,0,0,0,0,0,0,180,forward,0,0,0,1.6533388071438695,101.51936379132371
09:52:48,1.6533388071438695,101.51929189617022,0,0,0,0,0,0,0,0,0,180,forward,0,0,0,1.6533388071438695,101.51936379132371
09:52:50,1.6533388071438695,101.51929189617022,0,0,0,0,0,0,0,0,0,180,forward,0,0,0,1.6533388071438695,101.51936379132371
09:52:52,1.6533388071438695,101.51929189617022,0,0,0,0,0,0,0,0,0,180,forward,0,0,0,1.6533388071438695,101.51936379132371
09:52:54,1.6533388071438695,101.51929189617022,0,0,0,0,0,0,0,0,0,180,forward,0,0,0,1.6533388071438695,101.51936379132371
09:52:57,1.6533388071438695,101.51929189617022,0,0,0,0,0,0,0,0,0,180,forward,0,0,0,1.6533388071438695,101.51936379132371
09:52:59,1.6533388071438695,101.51929189617022,0,0,0,0,0,0,0,0,0,180,forward,0,0,0,1.6533388071438695,101.51936379132371
09:53:01,1.6533388071438695,101.51929189617022,0,0,0,0,0,0,0,0,0,180,forward,0,0,0,1.6533388071438695,101.51936379132371
09:53:03,1.6533388071438695,101.51929189617022,0,0,0,0,0,0,0,0,0,180,forward,0,0,0,1.6533388071438695,101.51936379132371
09:53:05,1.6533388071438695,101.51929189617022,0,0,0,0,0,0,0,0,0,180,forward,0,0,0,1.6533388071438695,101.51936379132371
09:53:07,1.6533388071438695,101.51929189617022,0,0,0,0,0,0,0,0,0,180,forward,0,0,0,1.6533388071438695,101.51936379132371
09:53:09,1.6533388071438695,101.51929189617022,0,0,0,0,0,0,0,0,0,180,forward,0,0,0,1.6533388071438695,101.51936379132371
09:53:12,1.6533388071438695,101.51929189617022,0,0,0,0,0,0,0,0,0,180,forward,0,0,0,1.6533388071438695,101.51936379132371
09:53:14,1.6533388071438695,101.51929189617022,0,0,0,0,0,0,0,0,0,180,forward,0,0,0,1.6533388071438695,101.51936379132371
09:53:16,1.6533388071438695,101.51929189617022,0,0,0,0,0,0,0,0,0,180,forward,0,0,0,1.6533388071438695,101.51936379132371
09:53:18,1.6533388071438695,101.51929189617022,0,0,0,0,0,0,0,0,0,180,forward,0,0,0,1.6533388071438695,101.51936379132371
09:53:20,1.6533388071438695,101.51929189617022,0,0,0,0,0,0,0,0,0,180,forward,0,0,0,1.6533388071438695,101.51936379132371
09:53:22,1.6533388071438695,101.51929189617022,0,0,0,0,0,0,0,0,0,180,forward,0,0,0,1.6533388071438695,101.51936379132371
09:53:25,1.6533388071438695,101.51929189617022,0,0,0,0,0,0,0,0,0,180,forward,0,0,0,1.6533388071438695,101.51936379132371
09:53:27,1.6533388071438695,101.51929189617022,0,0,0,0,0,0,0,0,0,180,forward,0,0,0,1.6533388071438695,101.51936379132371
09:53:29,1.6533388071438695,101.51929189617022,0,0,0,0,0,0,0,0,0,180,forward,0,0,0,1.6533388071438695,101.51936379132371
09:53:31,1.6533388071438695,101.51929189617022,0,0,0,0,0,0,0,0,0,180,forward,0,0,0,1.6533388071438695,101.51936379132371
09:53:33,1.6533388071438695,101.51929189617022,0,0,0,0,0,0,0,0,0,180,forward,0,0,0,1.6533388071438695,101.51936379132371
09:53:35,1.6533388071438695,101.51929189617022,0,0,0,0,0,0,0,0,0,180,forward,0,0,0,1.6533388071438695,101.51936379132371
09:53:37,1.6533388071438695,101.51929189617022,0,0,0,0,0,0,0,0,0,180,forward,0,0,0,1.6533388071438695,101.51936379132371
09:53:39,1.6533388071438695,101.51929189617022,0,0,0,0,0,0,0,0,0,180,forward,0,0,0,1.6533388071438695,101.51936379132371
09:53:42,1.6533388071438695,101.51929189617022,0,0,0,0,0,0,0,0,0,180,forward,0,0,0,1.6533388071438695,101.51936379132371
09:53:44,1.6533388071438695,101.51929189617022,0,0,0,0,0,0,0,0,0,180,forward,0,0,0,1.6533388071438695,101.51936379132371
09:53:46,1.6533388071438695,101.51929189617022,0,0,0,0,0,0,0,0,0,180,forward,0,0,0,1.6533388071438695,101.51936379132371
09:53:48,1.6533388071438695,101.51929189617022,0,0,0,0,0,0,0,0,0,180,forward,0,0,0,1.6533388071438695,101.51936379132371
09:53:50,1.6533388071438695,101.51929189617022,0,0,0,0,0,0,0,0,0,180,forward,0,0,0,1.6533388071438695,101.51936379132371
09:53:52,1.6533388071438695,101.51929189617022,0,0,0,0,0,0,0,0,0,180,forward,0,0,0,1.6533388071438695,101.51936379132371
09:53:54,1.6533388071438695,101.51929189617022,0,0,0,0,0,0,0,0,0,180,forward,0,0,0,1.6533388071438695,101.51936379132371
09:53:56,1.6533388071438695,101.51929189617022,0,0,0,0,0,0,0,0,0,180,forward,0,0,0,1.6533388071438695,101.51936379132371
09:53:58,1.6533388071438695,101.51929189617022,0,0,0,0,0,0,0,0,0,180,forward,0,0,0,1.6533388071438695,101.51936379132371
09:54:01,1.6533388071438695,101.51929189617022,0,0,0,0,0,0,0,0,0,180,forward,0,0,0,1.6533388071438695,101.51936379132371
09:54:03,1.6533388071438695,101.51929189617022,0,0,0,0,0,0,0,0,0,180,forward,0,0,0,1.6533388071438695,101.51936379132371
09:54:05,1.6533388071438695,101.51929189617022,0,0,0,0,0,0,0,0,0,180,forward,0,0,0,1.6533388071438695,101.51936379132371
09:54:07,1.6533388071438695,101.51929189617022,0,0,0,0,0,0,0,0,0,180,forward,0,0,0,1.6533388071438695,101.51936379132371
09:54:09,1.6533388071438695,101.51929189617022,0,0,0,0,0,0,0,0,0,180,forward,0,0,0,1.6533388071438695,101.51936379132371
09:54:11,1.6533388071438695,101.51929189617022,0,0,0,0,0,0,0,0,0,180,forward,0,0,0,1.6533388071438695,101.51936379132371
09:54:13,1.6533388071438695,101.51929189617022,0,0,0,0,0,0,0,0,0,180,forward,0,0,0,1.6533388071438695,101.51936379132371
09:54:16,1.6533388071438695,101.51929189617022,0,0,0,0,0,0,0,0,0,180,forward,0,0,0,1.6533388071438695,101.51936379132371
09:54:18,1.6533388071438695,101.51929189617022,0,0,0,0,0,0,0,0,0,180,forward,0,0,0,1.6533388071438695,101.51936379132371
09:54:20,1.6533388071438695,101.51929189617022,0,0,0,0,0,0,0,0,0,180,forward,0,0,0,1.6533388071438695,101.51936379132371
09:54:22,1.6533388071438695,101.51929189617022,0,0,0,0,0,0,0,0,0,180,forward,0,0,0,1.6533388071438695,101.51936379132371
09:54:24,1.6533388071438695,101.51929189617022,0,0,0,0,0,0,0,0,0,180,forward,0,0,0,1.6533388071438695,101.51936379132371
09:54:27,1.6533388071438695,101.51929189617022,0,0,0,0,0,0,0,0,0,180,forward,0,0,0,1.6533388071438695,101.51936379132371
09:54:29,1.6533388071438695,101.51929189617022,0,0,0,0,0,0,0,0,0,180,forward,0,0,0,1.6533388071438695,101.51936379132371
09:54:31,1.6533388071438695,101.51929189617022,0,0,0,0,0,0,0,0,0,180,forward,0,0,0,1.6533388071438695,101.51936379132371
09:54:33,1.6533388071438695,101.51929189617022,0,0,0,0,0,0,0,0,0,180,forward,0,0,0,1.6533388071438695,101.51936379132371
09:54:35,1.6533388071438695,101.51929189617022,0,0,0,0,0,0,0,0,0,180,forward,0,0,0,1.6533388071438695,101.51936379132371
09:54:37,1.6533388071438695,101.51929189617022,0,0,0,0,0,0,0,0,0,180,forward,0,0,0,1.6533388071438695,101.51936379132371
09:54:39,1.6533388071438695,101.51929189617022,0,0,0,0,0,0,0,0,0,180,forward,0,0,0,1.6533388071438695,101.51936379132371
09:54:42,1.6533388071438695,101.51929189617022,0,0,0,0,0,0,0,0,0,180,forward,0,0,0,1.6533388071438695,101.51936379132371
09:54:44,1.6533388071438695,101.51929189617022,0,0,0,0,0,0,0,0,0,180,forward,0,0,0,1.6533388071438695,101.51936379132371
09:54:46,1.6533388071438695,101.51929189617022,0,0,0,0,0,0,0,0,0,180,forward,0,0,0,1.6533388071438695,101.51936379132371
09:54:48,1.6533388071438695,101.51929189617022,0,0,0,0,0,0,0,0,0,180,forward,0,0,0,1.6533388071438695,101.51936379132371
09:54:50,1.6533388071438695,101.51929189617022,0,0,0,0,0,0,0,0,0,180,forward,0,0,0,1.6533388071438695,101.51936379132371
09:54:52,1.6533388071438695,101.51929189617022,0,0,0,0,0,0,0,0,0,180,forward,0,0,0,1.6533388071438695,101.51936379132371
09:54:54,1.6533388071438695,101.51929189617022,0,0,0,0,0,0,0,0,0,180,forward,0,0,0,1.6533388071438695,101.51936379132371
09:54:56,1.6533388071438695,101.51929189617022,0,0,0,0,0,0,0,0,0,180,forward,0,0,0,1.6533388071438695,101.51936379132371
09:54:58,1.6533388071438695,101.51929189617022,0,0,0,0,0,0,0,0,0,180,forward,0,0,0,1.6533388071438695,101.51936379132371
09:55:01,1.6533388071438695,101.51929189617022,0,0,0,0,0,0,0,0,0,180,forward,0,0,0,1.6533388071438695,101.51936379132371
09:55:03,1.6533388071438695,101.51929189617022,0,0,0,0,0,0,0,0,0,180,forward,0,0,0,1.6533388071438695,101.51936379132371
09:55:05,1.6533388071438695,101.51929189617022,0,0,0,0,0,0,0,0,0,180,forward,0,0,0,1.6533388071438695,101.51936379132371
09:55:07,1.6533388071438695,101.51929189617022,0,0,0,0,0,0,0,0,0,180,forward,0,0,0,1.6533388071438695,101.51936379132371
09:55:09,1.6533388071438695,101.51929189617022,0,0,0,0,0,0,0,0,0,180,forward,0,0,0,1.6533388071438695,101.51936379132371
09:55:11,1.6533388071438695,101.51929189617022,0,0,0,0,0,0,0,0,0,180,forward,0,0,0,1.6533388071438695,101.51936379132371
09:55:13,1.6533388071438695,101.51929189617022,0,0,0,0,0,0,0,0,0,180,forward,0,0,0,1.6533388071438695,101.51936379132371
09:55:15,1.6533388071438695,101.51929189617022,0,0,0,0,0,0,0,0,0,180,forward,0,0,0,1.6533388071438695,101.51936379132371
09:55:17,1.6533388071438695,101.51929189617022,0,0,0,0,0,0,0,0,0,180,forward,0,0,0,1.6533388071438695,101.51936379132371
09:55:20,1.6533388071438695,101.51929189617022,0,0,0,0,0,0,0,0,0,180,forward,0,0,0,1.6533388071438695,101.51936379132371
09:55:22,1.6533388071438695,101.51929189617022,0,0,0,0,0,0,0,0,0,180,forward,0,0,0,1.6533388071438695,101.51936379132371
09:55:24,1.6533388071438695,101.51929189617022,0,0,0,0,0,0,0,0,0,180,forward,0,0,0,1.6533388071438695,101.51936379132371
09:55:26,1.6533388071438695,101.51929189617022,0,0,0,0,0,0,0,0,0,180,forward,0,0,0,1.6533388071438695,101.51936379132371
09:55:28,1.6533388071438695,101.51929189617022,0,0,0,0,0,0,0,0,0,180,forward,0,0,0,1.6533388071438695,101.51936379132371
09:55:30,1.6533388071438695,101.51929189617022,0,0,0,0,0,0,0,0,0,180,forward,0,0,0,1.6533388071438695,101.51936379132371
09:55:33,1.6533388071438695,101.51929189617022,0,0,0,0,0,0,0,0,0,180,forward,0,0,0,1.6533388071438695,101.51936379132371
09:55:35,1.6533388071438695,101.51929189617022,0,0,0,0,0,0,0,0,0,180,forward,0,0,0,1.6533388071438695,101.51936379132371
09:55:37,1.6533388071438695,101.51929189617022,0,0,0,0,0,0,0,0,0,180,forward,0,0,0,1.6533388071438695,101.51936379132371
09:55:39,1.6533388071438695,101.51929189617022,0,0,0,0,0,0,0,0,0,180,forward,0,0,0,1.6533388071438695,101.51936379132371
09:55:41,1.6533388071438695,101.51929189617022,0,0,0,0,0,0,0,0,0,180,forward,0,0,0,1.6533388071438695,101.51936379132371
09:55:43,1.6533388071438695,101.51929189617022,0,0,0,0,0,0,0,0,0,180,forward,0,0,0,1.6533388071438695,101.51936379132371
09:55:45,1.6533388071438695,101.51929189617022,0,0,0,0,0,0,0,0,0,180,forward,0,0,0,1.6533388071438695,101.51936379132371
09:55:48,1.6533388071438695,101.51929189617022,0,0,0,0,0,0,0,0,0,180,forward,0,0,0,1.6533388071438695,101.51936379132371
09:55:50,1.6533388071438695,101.51929189617022,0,0,0,0,0,0,0,0,0,180,forward,0,0,0,1.6533388071438695,101.51936379132371
09:55:52,1.6533388071438695,101.51929189617022,0,0,0,0,0,0,0,0,0,180,forward,0,0,0,1.6533388071438695,101.51936379132371
09:55:54,1.6533388071438695,101.51929189617022,0,0,0,0,0,0,0,0,0,180,forward,0,0,0,1.6533388071438695,101.51936379132371
09:55:56,1.6533388071438695,101.51929189617022,0,0,0,0,0,0,0,0,0,180,forward,0,0,0,1.6533388071438695,101.51936379132371
09:55:58,1.6533388071438695,101.51929189617022,0,0,0,0,0,0,0,0,0,180,forward,0,0,0,1.6533388071438695,101.51936379132371
09:56:00,1.6533388071438695,101.51929189617022,0,0,0,0,0,0,0,0,0,180,forward,0,0,0,1.6533388071438695,101.51936379132371
09:56:02,1.6533388071438695,101.51929189617022,0,0,0,0,0,0,0,0,0,180,forward,0,0,0,1.6533388071438695,101.51936379132371
09:56:05,1.6533388071438695,101.51929189617022,0,0,0,0,0,0,0,0,0,180,forward,0,0,0,1.6533388071438695,101.51936379132371
09:56:07,1.6533388071438695,101.51929189617022,0,0,0,0,0,0,0,0,0,180,forward,0,0,0,1.6533388071438695,101.51936379132371
09:56:09,1.6533388071438695,101.51929189617022,0,0,0,0,0,0,0,0,0,180,forward,0,0,0,1.6533388071438695,101.51936379132371
09:56:11,1.6533388071438695,101.51929189617022,0,0,0,0,0,0,0,0,0,180,forward,0,0,0,1.6533388071438695,101.51936379132371
09:56:13,1.6533388071438695,101.51929189617022,0,0,0,0,0,0,0,0,0,180,forward,0,0,0,1.6533388071438695,101.51936379132371
09:56:15,1.6533388071438695,101.51929189617022,0,0,0,0,0,0,0,0,0,180,forward,0,0,0,1.6533388071438695,101.51936379132371
09:56:17,1.6533388071438695,101.51929189617022,0,0,0,0,0,0,0,0,0,180,forward,0,0,0,1.6533388071438695,101.51936379132371
09:56:19,1.6533388071438695,101.51929189617022,0,0,0,0,0,0,0,0,0,180,forward,0,0,0,1.6533388071438695,101.51936379132371
09:56:22,1.6533388071438695,101.51929189617022,0,0,0,0,0,0,0,0,0,180,forward,0,0,0,1.6533388071438695,101.51936379132371
09:56:24,1.6533388071438695,101.51929189617022,0,0,0,0,0,0,0,0,0,180,forward,0,0,0,1.6533388071438695,101.51936379132371
09:56:26,1.6533388071438695,101.51929189617022,0,0,0,0,0,0,0,0,0,180,forward,0,0,0,1.6533388071438695,101.51936379132371
09:56:28,1.6533388071438695,101.51929189617022,0,0,0,0,0,0,0,0,0,180,forward,0,0,0,1.6533388071438695,101.51936379132371
09:56:30,1.6533388071438695,101.51929189617022,0,0,0,0,0,0,0,0,0,180,forward,0,0,0,1.6533388071438695,101.51936379132371
09:56:32,1.6533388071438695,101.51929189617022,0,0,0,0,0,0,0,0,0,180,forward,0,0,0,1.6533388071438695,101.51936379132371
09:56:34,1.6533388071438695,101.51929189617022,0,0,0,0,0,0,0,0,0,180,forward,0,0,0,1.6533388071438695,101.51936379132371
09:56:37,1.6533388071438695,101.51929189617022,0,0,0,0,0,0,0,0,0,180,forward,0,0,0,1.6533388071438695,101.51936379132371
09:56:39,1.6533388071438695,101.51929189617022,0,0,0,0,0,0,0,0,0,180,forward,0,0,0,1.6533388071438695,101.51936379132371
09:56:41,1.6533388071438695,101.51929189617022,0,0,0,0,0,0,0,0,0,180,forward,0,0,0,1.6533388071438695,101.51936379132371
09:56:43,1.6533388071438695,101.51929189617022,0,0,0,0,0,0,0,0,0,180,forward,0,0,0,1.6533388071438695,101.51936379132371
09:56:45,1.6533388071438695,101.51929189617022,0,0,0,0,0,0,0,0,0,180,forward,0,0,0,1.6533388071438695,101.51936379132371
09:56:47,1.6533388071438695,101.51929189617022,0,0,0,0,0,0,0,0,0,180,forward,0,0,0,1.6533388071438695,101.51936379132371
09:56:50,1.6533388071438695,101.51929189617022,0,0,0,0,0,0,0,0,0,180,forward,0,0,0,1.6533388071438695,101.51936379132371
09:56:52,1.6533388071438695,101.51929189617022,0,0,0,0,0,0,0,0,0,180,forward,0,0,0,1.6533388071438695,101.51936379132371
09:56:54,1.6533388071438695,101.51929189617022,0,0,0,0,0,0,0,0,0,180,forward,0,0,0,1.6533388071438695,101.51936379132371
09:56:56,1.6533388071438695,101.51929189617022,0,0,0,0,0,0,0,0,0,180,forward,0,0,0,1.6533388071438695,101.51936379132371
09:56:58,1.6533388071438695,101.51929189617022,0,0,0,0,0,0,0,0,0,180,forward,0,0,0,1.6533388071438695,101.51936379132371
09:57:00,1.6533388071438695,101.51929189617022,0,0,0,0,0,0,0,0,0,180,forward,0,0,0,1.6533388071438695,101.51936379132371
09:57:02,1.6533388071438695,101.51929189617022,0,0,0,0,0,0,0,0,0,180,forward,0,0,0,1.6533388071438695,101.51936379132371
09:57:04,1.6533388071438695,101.51929189617022,0,0,0,0,0,0,0,0,0,180,forward,0,0,0,1.6533388071438695,101.51936379132371
09:57:06,1.6533388071438695,101.51929189617022,0,0,0,0,0,0,0,0,0,180,forward,0,0,0,1.6533388071438695,101.51936379132371
09:57:09,1.6533388071438695,101.51929189617022,0,0,0,0,0,0,0,0,0,180,forward,0,0,0,1.6533388071438695,101.51936379132371
09:57:11,1.6533388071438695,101.51929189617022,0,0,0,0,0,0,0,0,0,180,forward,0,0,0,1.6533388071438695,101.51936379132371
09:57:13,1.6533388071438695,101.51929189617022,0,0,0,0,0,0,0,0,0,180,forward,0,0,0,1.6533388071438695,101.51936379132371
09:57:15,1.6533388071438695,101.51929189617022,0,0,0,0,0,0,0,0,0,180,forward,0,0,0,1.6533388071438695,101.51936379132371
09:57:17,1.6533388071438695,101.51929189617022,0,0,0,0,0,0,0,0,0,180,forward,0,0,0,1.6533388071438695,101.51936379132371
09:57:20,1.6533388071438695,101.51929189617022,0,0,0,0,0,0,0,0,0,180,forward,0,0,0,1.6533388071438695,101.51936379132371
09:57:22,1.6533388071438695,101.51929189617022,0,0,0,0,0,0,0,0,0,180,forward,0,0,0,1.6533388071438695,101.51936379132371
09:57:24,1.6533388071438695,101.51929189617022,0,0,0,0,0,0,0,0,0,180,forward,0,0,0,1.6533388071438695,101.51936379132371
09:57:26,1.6533388071438695,101.51929189617022,0,0,0,0,0,0,0,0,0,180,forward,0,0,0,1.6533388071438695,101.51936379132371
09:57:28,1.6533388071438695,101.51929189617022,0,0,0,0,0,0,0,0,0,180,forward,0,0,0,1.6533388071438695,101.51936379132371
09:57:30,1.6533388071438695,101.51929189617022,0,0,0,0,0,0,0,0,0,180,forward,0,0,0,1.6533388071438695,101.51936379132371
09:57:33,1.6533388071438695,101.51929189617022,0,0,0,0,0,0,0,0,0,180,forward,0,0,0,1.6533388071438695,101.51936379132371
09:57:35,1.6533388071438695,101.51929189617022,0,0,0,0,0,0,0,0,0,180,forward,0,0,0,1.6533388071438695,101.51936379132371
09:57:37,1.6533388071438695,101.51929189617022,0,0,0,0,0,0,0,0,0,180,forward,0,0,0,1.6533388071438695,101.51936379132371
09:57:39,1.6533388071438695,101.51929189617022,0,0,0,0,0,0,0,0,0,180,forward,0,0,0,1.6533388071438695,101.51936379132371
09:57:41,1.6533388071438695,101.51929189617022,0,0,0,0,0,0,0,0,0,180,forward,0,0,0,1.6533388071438695,101.51936379132371
09:57:44,1.6533388071438695,101.51929189617022,0,0,0,0,0,0,0,0,0,180,forward,0,0,0,1.6533388071438695,101.51936379132371
09:57:46,1.6533388071438695,101.51929189617022,0,0,0,0,0,0,0,0,0,180,forward,0,0,0,1.6533388071438695,101.51936379132371
09:57:48,1.6533388071438695,101.51929189617022,0,0,0,0,0,0,0,0,0,180,forward,0,0,0,1.6533388071438695,101.51936379132371
09:57:50,1.6533388071438695,101.51929189617022,0,0,0,0,0,0,0,0,0,180,forward,0,0,0,1.6533388071438695,101.51936379132371
09:57:52,1.6533388071438695,101.51929189617022,0,0,0,0,0,0,0,0,0,180,forward,0,0,0,1.6533388071438695,101.51936379132371
09:57:54,1.6533388071438695,101.51929189617022,0,0,0,0,0,0,0,0,0,180,forward,0,0,0,1.6533388071438695,101.51936379132371
09:57:56,1.6533388071438695,101.51929189617022,0,0,0,0,0,0,0,0,0,180,forward,0,0,0,1.6533388071438695,101.51936379132371
09:57:59,1.6533388071438695,101.51929189617022,0,0,0,0,0,0,0,0,0,180,forward,0,0,0,1.6533388071438695,101.51936379132371
09:58:01,1.6533388071438695,101.51929189617022,0,0,0,0,0,0,0,0,0,180,forward,0,0,0,1.6533388071438695,101.51936379132371
09:58:03,1.6533388071438695,101.51929189617022,0,0,0,0,0,0,0,0,0,180,forward,0,0,0,1.6533388071438695,101.51936379132371
09:58:05,1.6533388071438695,101.51929189617022,0,0,0,0,0,0,0,0,0,180,forward,0,0,0,1.6533388071438695,101.51936379132371
09:58:07,1.6533388071438695,101.51929189617022,0,0,0,0,0,0,0,0,0,180,forward,0,0,0,1.6533388071438695,101.51936379132371
09:58:10,1.6533388071438695,101.51929189617022,0,0,0,0,0,0,0,0,0,180,forward,0,0,0,1.6533388071438695,101.51936379132371
09:58:12,1.6533388071438695,101.51929189617022,0,0,0,0,0,0,0,0,0,180,forward,0,0,0,1.6533388071438695,101.51936379132371
09:58:14,1.6533388071438695,101.51929189617022,0,0,0,0,0,0,0,0,0,180,forward,0,0,0,1.6533388071438695,101.51936379132371
09:58:16,1.6533388071438695,101.51929189617022,0,0,0,0,0,0,0,0,0,180,forward,0,0,0,1.6533388071438695,101.51936379132371
09:58:18,1.6533388071438695,101.51929189617022,0,0,0,0,0,0,0,0,0,180,forward,0,0,0,1.6533388071438695,101.51936379132371
09:58:21,1.6533388071438695,101.51929189617022,0,0,0,0,0,0,0,0,0,180,forward,0,0,0,1.6533388071438695,101.51936379132371
09:58:23,1.6533388071438695,101.51929189617022,0,0,0,0,0,0,0,0,0,180,forward,0,0,0,1.6533388071438695,101.51936379132371
09:58:25,1.6533388071438695,101.51929189617022,0,0,0,0,0,0,0,0,0,180,forward,0,0,0,1.6533388071438695,101.51936379132371
09:58:27,1.6533388071438695,101.51929189617022,0,0,0,0,0,0,0,0,0,180,forward,0,0,0,1.6533388071438695,101.51936379132371
09:58:29,1.6533388071438695,101.51929189617022,0,0,0,0,0,0,0,0,0,180,forward,0,0,0,1.6533388071438695,101.51936379132371
09:58:32,1.6533388071438695,101.51929189617022,0,0,0,0,0,0,0,0,0,180,forward,0,0,0,1.6533388071438695,101.51936379132371
09:58:34,1.6533388071438695,101.51929189617022,0,0,0,0,0,0,0,0,0,180,forward,0,0,0,1.6533388071438695,101.51936379132371
09:58:36,1.6533388071438695,101.51929189617022,0,0,0,0,0,0,0,0,0,180,forward,0,0,0,1.6533388071438695,101.51936379132371
09:58:38,1.6533388071438695,101.51929189617022,0,0,0,0,0,0,0,0,0,180,forward,0,0,0,1.6533388071438695,101.51936379132371
09:58:40,1.6533388071438695,101.51929189617022,0,0,0,0,0,0,0,0,0,180,forward,0,0,0,1.6533388071438695,101.51936379132371
09:58:42,1.6533388071438695,101.51929189617022,0,0,0,0,0,0,0,0,0,180,forward,0,0,0,1.6533388071438695,101.51936379132371
09:58:44,1.6533388071438695,101.51929189617022,0,0,0,0,0,0,0,0,0,180,forward,0,0,0,1.6533388071438695,101.51936379132371
09:58:46,1.6533388071438695,101.51929189617022,0,0,0,0,0,0,0,0,0,180,forward,0,0,0,1.6533388071438695,101.51936379132371
09:58:49,1.6533388071438695,101.51929189617022,0,0,0,0,0,0,0,0,0,180,forward,0,0,0,1.6533388071438695,101.51936379132371
09:58:51,1.6533388071438695,101.51929189617022,0,0,0,0,0,0,0,0,0,180,forward,0,0,0,1.6533388071438695,101.51936379132371
09:58:53,1.6533388071438695,101.51929189617022,0,0,0,0,0,0,0,0,0,180,forward,0,0,0,1.6533388071438695,101.51936379132371
09:58:55,1.6533388071438695,101.51929189617022,0,0,0,0,0,0,0,0,0,180,forward,0,0,0,1.6533388071438695,101.51936379132371
09:58:57,1.6533388071438695,101.51929189617022,0,0,0,0,0,0,0,0,0,180,forward,0,0,0,1.6533388071438695,101.51936379132371
09:58:59,1.6533388071438695,101.51929189617022,0,0,0,0,0,0,0,0,0,180,forward,0,0,0,1.6533388071438695,101.51936379132371
09:59:01,1.6533388071438695,101.51929189617022,0,0,0,0,0,0,0,0,0,180,forward,0,0,0,1.6533388071438695,101.51936379132371
09:59:03,1.6533388071438695,101.51929189617022,0,0,0,0,0,0,0,0,0,180,forward,0,0,0,1.6533388071438695,101.51936379132371
09:59:05,1.6533388071438695,101.51929189617022,0,0,0,0,0,0,0,0,0,180,forward,0,0,0,1.6533388071438695,101.51936379132371
09:59:08,1.6533388071438695,101.51929189617022,0,0,0,0,0,0,0,0,0,180,forward,0,0,0,1.6533388071438695,101.51936379132371
09:59:10,1.6533388071438695,101.51929189617022,0,0,0,0,0,0,0,0,0,180,forward,0,0,0,1.6533388071438695,101.51936379132371
09:59:12,1.6533388071438695,101.51929189617022,0,0,0,0,0,0,0,0,0,180,forward,0,0,0,1.6533388071438695,101.51936379132371
09:59:14,1.6533388071438695,101.51929189617022,0,0,0,0,0,0,0,0,0,180,forward,0,0,0,1.6533388071438695,101.51936379132371
09:59:16,1.6533388071438695,101.51929189617022,0,0,0,0,0,0,0,0,0,180,forward,0,0,0,1.6533388071438695,101.51936379132371
09:59:18,1.6533388071438695,101.51929189617022,0,0,0,0,0,0,0,0,0,180,forward,0,0,0,1.6533388071438695,101.51936379132371
09:59:20,1.6533388071438695,101.51929189617022,0,0,0,0,0,0,0,0,0,180,forward,0,0,0,1.6533388071438695,101.51936379132371
09:59:22,1.6533388071438695,101.51929189617022,0,0,0,0,0,0,0,0,0,180,forward,0,0,0,1.6533388071438695,101.51936379132371
09:59:25,1.6533388071438695,101.51929189617022,0,0,0,0,0,0,0,0,0,180,forward,0,0,0,1.6533388071438695,101.51936379132371
09:59:27,1.6533388071438695,101.51929189617022,0,0,0,0,0,0,0,0,0,180,forward,0,0,0,1.6533388071438695,101.51936379132371
09:59:29,1.6533388071438695,101.51929189617022,0,0,0,0,0,0,0,0,0,180,forward,0,0,0,1.6533388071438695,101.51936379132371
09:59:31,1.6533388071438695,101.51929189617022,0,0,0,0,0,0,0,0,0,180,forward,0,0,0,1.6533388071438695,101.51936379132371
09:59:33,1.6533388071438695,101.51929189617022,0,0,0,0,0,0,0,0,0,180,forward,0,0,0,1.6533388071438695,101.51936379132371
09:59:35,1.6533388071438695,101.51929189617022,0,0,0,0,0,0,0,0,0,180,forward,0,0,0,1.6533388071438695,101.51936379132371
09:59:38,1.6533388071438695,101.51929189617022,0,0,0,0,0,0,0,0,0,180,forward,0,0,0,1.6533388071438695,101.51936379132371
09:59:40,1.6533388071438695,101.51929189617022,0,0,0,0,0,0,0,0,0,180,forward,0,0,0,1.6533388071438695,101.51936379132371
09:59:42,1.6533388071438695,101.51929189617022,0,0,0,0,0,0,0,0,0,180,forward,0,0,0,1.6533388071438695,101.51936379132371
09:59:44,1.6533388071438695,101.51929189617022,0,0,0,0,0,0,0,0,0,180,forward,0,0,0,1.6533388071438695,101.51936379132371
09:59:46,1.6533388071438695,101.51929189617022,0,0,0,0,0,0,0,0,0,180,forward,0,0,0,1.6533388071438695,101.51936379132371
09:59:48,1.6533388071438695,101.51929189617022,0,0,0,0,0,0,0,0,0,180,forward,0,0,0,1.6533388071438695,101.51936379132371
09:59:51,1.6533388071438695,101.51929189617022,0,0,0,0,0,0,0,0,0,180,forward,0,0,0,1.6533388071438695,101.51936379132371
09:59:53,1.6533388071438695,101.51929189617022,0,0,0,0,0,0,0,0,0,180,forward,0,0,0,1.6533388071438695,101.51936379132371
09:59:55,1.6533388071438695,101.51929189617022,0,0,0,0,0,0,0,0,0,180,forward,0,0,0,1.6533388071438695,101.51936379132371
09:59:57,1.6533388071438695,101.51929189617022,0,0,0,0,0,0,0,0,0,180,forward,0,0,0,1.6533388071438695,101.51936379132371
09:59:59,1.6533388071438695,101.51929189617022,0,0,0,0,0,0,0,0,0,180,forward,0,0,0,1.6533388071438695,101.51936379132371
10:00:01,1.6533388071438695,101.51929189617022,0,0,0,0,0,0,0,0,0,180,forward,0,0,0,1.6533388071438695,101.51936379132371
10:00:03,1.6533388071438695,101.51929189617022,0,0,0,0,0,0,0,0,0,180,forward,0,0,0,1.6533388071438695,101.51936379132371
10:00:06,1.6533388071438695,101.51929189617022,0,0,0,0,0,0,0,0,0,180,forward,0,0,0,1.6533388071438695,101.51936379132371
10:00:08,1.6533388071438695,101.51929189617022,0,0,0,0,0,0,0,0,0,180,forward,0,0,0,1.6533388071438695,101.51936379132371
10:00:10,1.6533388071438695,101.51929189617022,0,0,0,0,0,0,0,0,0,180,forward,0,0,0,1.6533388071438695,101.51936379132371
10:00:12,1.6533388071438695,101.51929189617022,0,0,0,0,0,0,0,0,0,180,forward,0,0,0,1.6533388071438695,101.51936379132371
10:00:14,1.6533388071438695,101.51929189617022,0,0,0,0,0,0,0,0,0,180,forward,0,0,0,1.6533388071438695,101.51936379132371
10:00:16,1.6533388071438695,101.51929189617022,0,0,0,0,0,0,0,0,0,180,forward,0,0,0,1.6533388071438695,101.51936379132371
10:00:18,1.6533388071438695,101.51929189617022,0,0,0,0,0,0,0,0,0,180,forward,0,0,0,1.6533388071438695,101.51936379132371
10:00:20,1.6533388071438695,101.51929189617022,0,0,0,0,0,0,0,0,0,180,forward,0,0,0,1.6533388071438695,101.51936379132371
10:00:22,1.6533388071438695,101.51929189617022,0,0,0,0,0,0,0,0,0,180,forward,0,0,0,1.6533388071438695,101.51936379132371
10:00:24,1.6533388071438695,101.51929189617022,0,0,0,0,0,0,0,0,0,180,forward,0,0,0,1.6533388071438695,101.51936379132371
10:00:27,1.6533388071438695,101.51929189617022,0,0,0,0,0,0,0,0,0,180,forward,0,0,0,1.6533388071438695,101.51936379132371
10:00:29,1.6533388071438695,101.51929189617022,0,0,0,0,0,0,0,0,0,180,forward,0,0,0,1.6533388071438695,101.51936379132371
10:00:31,1.6533388071438695,101.51929189617022,0,0,0,0,0,0,0,0,0,180,forward,0,0,0,1.6533388071438695,101.51936379132371
10:00:33,1.6533388071438695,101.51929189617022,0,0,0,0,0,0,0,0,0,180,forward,0,0,0,1.6533388071438695,101.51936379132371
10:00:35,1.6533388071438695,101.51929189617022,0,0,0,0,0,0,0,0,0,180,forward,0,0,0,1.6533388071438695,101.51936379132371
10:00:37,1.6533388071438695,101.51929189617022,0,0,0,0,0,0,0,0,0,180,forward,0,0,0,1.6533388071438695,101.51936379132371
10:00:39,1.6533388071438695,101.51929189617022,0,0,0,0,0,0,0,0,0,180,forward,0,0,0,1.6533388071438695,101.51936379132371
10:00:41,1.6533388071438695,101.51929189617022,0,0,0,0,0,0,0,0,0,180,forward,0,0,0,1.6533388071438695,101.51936379132371
10:00:43,1.6533388071438695,101.51929189617022,0,0,0,0,0,0,0,0,0,180,forward,0,0,0,1.6533388071438695,101.51936379132371
10:00:46,1.6533388071438695,101.51929189617022,0,0,0,0,0,0,0,0,0,180,forward,0,0,0,1.6533388071438695,101.51936379132371
10:00:48,1.6533388071438695,101.51929189617022,0,0,0,0,0,0,0,0,0,180,forward,0,0,0,1.6533388071438695,101.51936379132371
10:00:50,1.6533388071438695,101.51929189617022,0,0,0,0,0,0,0,0,0,180,forward,0,0,0,1.6533388071438695,101.51936379132371
10:00:52,1.6533388071438695,101.51929189617022,0,0,0,0,0,0,0,0,0,180,forward,0,0,0,1.6533388071438695,101.51936379132371
10:00:54,1.6533388071438695,101.51929189617022,0,0,0,0,0,0,0,0,0,180,forward,0,0,0,1.6533388071438695,101.51936379132371
10:00:56,1.6533388071438695,101.51929189617022,0,0,0,0,0,0,0,0,0,180,forward,0,0,0,1.6533388071438695,101.51936379132371
10:00:58,1.6533388071438695,101.51929189617022,0,0,0,0,0,0,0,0,0,180,forward,0,0,0,1.6533388071438695,101.51936379132371
10:01:00,1.6533388071438695,101.51929189617022,0,0,0,0,0,0,0,0,0,180,forward,0,0,0,1.6533388071438695,101.51936379132371
10:01:03,1.6533388071438695,101.51929189617022,0,0,0,0,0,0,0,0,0,180,forward,0,0,0,1.6533388071438695,101.51936379132371
10:01:05,1.6533388071438695,101.51929189617022,0,0,0,0,0,0,0,0,0,180,forward,0,0,0,1.6533388071438695,101.51936379132371
10:01:07,1.6533388071438695,101.51929189617022,0,0,0,0,0,0,0,0,0,180,forward,0,0,0,1.6533388071438695,101.51936379132371
10:01:09,1.6533388071438695,101.51929189617022,0,0,0,0,0,0,0,0,0,180,forward,0,0,0,1.6533388071438695,101.51936379132371
10:01:11,1.6533388071438695,101.51929189617022,0,0,0,0,0,0,0,0,0,180,forward,0,0,0,1.6533388071438695,101.51936379132371
10:01:13,1.6533388071438695,101.51929189617022,0,0,0,0,0,0,0,0,0,180,forward,0,0,0,1.6533388071438695,101.51936379132371
10:01:16,1.6533388071438695,101.51929189617022,0,0,0,0,0,0,0,0,0,180,forward,0,0,0,1.6533388071438695,101.51936379132371
10:01:18,1.6533388071438695,101.51929189617022,0,0,0,0,0,0,0,0,0,180,forward,0,0,0,1.6533388071438695,101.51936379132371
10:01:20,1.6533388071438695,101.51929189617022,0,0,0,0,0,0,0,0,0,180,forward,0,0,0,1.6533388071438695,101.51936379132371
10:01:22,1.6533388071438695,101.51929189617022,0,0,0,0,0,0,0,0,0,180,forward,0,0,0,1.6533388071438695,101.51936379132371
10:01:24,1.6533388071438695,101.51929189617022,0,0,0,0,0,0,0,0,0,180,forward,0,0,0,1.6533388071438695,101.51936379132371
10:01:26,1.6533388071438695,101.51929189617022,0,0,0,0,0,0,0,0,0,180,forward,0,0,0,1.6533388071438695,101.51936379132371
10:01:28,1.6533388071438695,101.51929189617022,0,0,0,0,0,0,0,0,0,180,forward,0,0,0,1.6533388071438695,101.51936379132371
10:01:31,1.6533388071438695,101.51929189617022,0,0,0,0,0,0,0,0,0,180,forward,0,0,0,1.6533388071438695,101.51936379132371
10:01:33,1.6533388071438695,101.51929189617022,0,0,0,0,0,0,0,0,0,180,forward,0,0,0,1.6533388071438695,101.51936379132371
10:01:35,1.6533388071438695,101.51929189617022,0,0,0,0,0,0,0,0,0,180,forward,0,0,0,1.6533388071438695,101.51936379132371
10:01:37,1.6533388071438695,101.51929189617022,0,0,0,0,0,0,0,0,0,180,forward,0,0,0,1.6533388071438695,101.51936379132371
10:01:39,1.6533388071438695,101.51929189617022,0,0,0,0,0,0,0,0,0,180,forward,0,0,0,1.6533388071438695,101.51936379132371
10:01:41,1.6533388071438695,101.51929189617022,0,0,0,0,0,0,0,0,0,180,forward,0,0,0.0,1.6533388071438695,101.51936379132371
10:01:43,1.6533388071438695,101.51929189617022,0,0,0,0,0,0,0,0,0,180,forward,0,0,0.0,1.6533388071438695,101.51936379132371
10:01:46,1.694469,101.436587,0,0,0,0,0,0,0,0,300,180,forward,0,0,0.0,1.6945312371085324,101.43662294833088
10:01:48,1.694469,101.436588,0,0,0,0,0,0,0,0,300,180,forward,0,0,0.0,1.6945312371085324,101.43662394833088
10:01:50,1.69447,101.436588,0,0,0,0,0,0,0,0,300,180,forward,0,0,0.0,1.6945322371085323,101.43662394833089
10:01:52,1.69447,101.436588,0,0,0,0,0,0,0,0,300,180,forward,0,0,0.0,1.6945322371085323,101.43662394833089
10:01:54,1.69447,101.436588,0,0,0,0,0,0,0,0,299,180,forward,0,0,0.0,1.694532854740057,101.4366228561933
10:01:57,1.69447,101.436588,0,0,0,0,0,0,0,0,300,180,forward,0,0,0.0,1.6945322371085323,101.43662394833089
10:01:59,1.694471,101.436589,0,0,0,0,0,0,0,0,300,180,forward,0,0,0.0,1.6945332371085324,101.43662494833092
10:02:01,1.694471,101.436589,0,0,0,0,0,0,0,0,299,180,forward,0,0,0.0,1.6945338547400572,101.43662385619332
10:02:03,1.694472,101.436589,0,0,0,0,0,0,0,0,300,180,forward,0,0,0.0,1.6945342371085323,101.43662494833093
10:02:05,1.694472,101.43659,0,0,0,0,0,0,0,0,300,180,forward,0,0,0.0,1.6945342371085323,101.43662594833093
10:02:08,1.694472,101.43659,0,0,0,0,0,0,0,0,299,180,forward,0,0,0.0,1.6945348547400572,101.43662485619333
10:02:10,1.694472,101.43659,0,0,0,0,0,0,0,0,300,180,forward,0,0,0.0,1.6945342371085323,101.43662594833093
10:02:12,1.694472,101.436591,0,0,0,0,0,0,0,0,299,180,forward,0,0,0.0,1.6945348547400572,101.43662585619334
10:02:14,1.694472,101.436591,0,0,0,0,0,0,0,0,300,180,forward,0,0,0.0,1.6945342371085323,101.43662694833094
10:02:16,1.694473,101.43659,0,0,0,0,0,0,0,0,300,180,forward,0,0,0.0,1.6945352371085323,101.43662594833094
10:02:19,1.694473,101.43659,0,0,0,0,0,0,0,0,300,180,forward,0,0,0.0,1.6945352371085323,101.43662594833094
10:02:21,1.694474,101.43659,0,0,0,0,0,0,0,0,300,180,forward,0,0,0.0,1.6945362371085324,101.43662594833097
10:02:23,1.694474,101.436589,0,0,0,0,0,0,0,0,300,180,forward,0,0,0.0,1.6945362371085324,101.43662494833097
10:02:25,1.694474,101.436589,0,0,0,0,0,0,0,0,300,180,forward,0,0,0.0,1.6945362371085324,101.43662494833097
10:02:27,1.694474,101.43659,0,0,0,0,0,0,0,0,301,180,forward,0,0,0.0,1.6945356005189816,101.43662702951835
10:02:30,1.694473,101.436591,0,0,0,0,0,0,0,0,301,180,forward,0,0,0.0,1.6945346005189814,101.43662802951835
10:02:32,1.694473,101.436592,0,0,0,0,0,0,0,0,301,180,forward,0,0,0.0,1.6945346005189814,101.43662902951834
10:02:34,1.694473,101.436593,0,0,0,0,0,0,0,0,301,180,forward,0,0,0.0,1.6945346005189814,101.43663002951834
10:02:36,1.694473,101.436594,0,0,0,0,0,0,0,0,301,180,forward,0,0,0.0,1.6945346005189814,101.43663102951834
10:02:38,1.694472,101.436594,0,0,0,0,0,0,0,0,302,180,forward,0,0,0.0,1.6945329451653157,101.43663209942616
10:02:41,1.694472,101.436595,0,0,0,0,0,0,0,0,302,180,forward,0,0,0.0,1.6945329451653157,101.43663309942616
10:02:43,1.694472,101.436595,0,0,0,0,0,0,0,0,302,180,forward,0,0,0.0,1.6945329451653157,101.43663309942616
10:02:45,1.694472,101.436596,0,0,0,0,0,0,0,0,302,180,forward,0,0,0.0,1.6945329451653157,101.43663409942616
10:02:47,1.694473,101.436596,0,0,0,0,0,0,0,0,302,180,forward,0,0,0.0,1.6945339451653156,101.43663409942617
10:02:49,1.694473,101.436596,0,0,0,0,0,0,0,0,302,180,forward,0,0,0.0,1.6945339451653156,101.43663409942617
10:02:52,1.694472,101.436595,0,0,0,0,0,0,0,0,302,180,forward,0,0,0.0,1.6945329451653157,101.43663309942616
10:02:54,1.694472,101.436596,0,0,0,0,0,0,0,0,302,180,forward,0,0,0.0,1.6945329451653157,101.43663409942616
10:02:56,1.694473,101.436596,0,0,0,0,0,0,0,0,303,180,forward,0,0,0.0,1.6945332712471621,101.43663515772856
10:02:58,1.694474,101.436596,0,0,0,0,0,0,0,0,303,180,forward,0,0,0.0,1.6945342712471623,101.43663515772857
10:03:00,1.694475,101.436596,0,0,0,0,0,0,0,0,303,180,forward,0,0,0.0,1.6945352712471622,101.43663515772859
10:03:03,1.694476,101.436597,0,0,0,0,0,0,0,0,303,180,forward,0,0,0.0,1.6945362712471623,101.43663615772863
10:03:05,1.694477,101.436598,0,0,0,0,0,0,0,0,303,180,forward,0,0,0.0,1.6945372712471622,101.43663715772864
10:03:07,1.694478,101.436598,0,0,0,0,0,0,0,0,304,180,forward,0,0,0.0,1.6945375789698027,101.43663820410323
10:03:09,1.694478,101.436598,0,0,0,0,0,0,0,0,303,180,forward,0,0,0.0,1.6945382712471622,101.43663715772867
10:03:11,1.694479,101.436599,0,0,0,0,0,0,0,0,303,180,forward,0,0,0.0,1.6945392712471623,101.43663815772868
10:03:14,1.69448,101.436599,0,0,0,0,0,0,0,0,303,180,forward,0,0,0.0,1.6945402712471622,101.43663815772871
10:03:16,1.694481,101.436599,0,0,0,0,0,0,0,0,303,180,forward,0,0,0.0,1.6945412712471621,101.43663815772872
10:03:18,1.694483,101.436599,0,0,0,0,0,0,0,0,303,180,forward,0,0,0.0,1.6945432712471622,101.43663815772877
10:03:20,1.694484,101.436599,0,0,0,0,0,0,0,0,303,180,forward,0,0,0.0,1.6945442712471623,101.43663815772878
10:03:22,1.694486,101.436599,0,0,0,0,0,0,0,0,304,180,forward,0,0,0.0,1.6945455789698027,101.43663920410339
10:03:25,1.694487,101.436599,0,0,0,0,0,0,0,0,304,180,forward,0,0,0.0,1.6945465789698029,101.43663920410341
10:03:27,1.694488,101.436599,0,0,0,0,0,0,0,0,304,180,forward,0,0,0.0,1.6945475789698028,101.43663920410343
10:03:29,1.69449,101.436599,0,0,0,0,0,0,0,0,303,180,forward,0,0,0.0,1.6945502712471623,101.43663815772891
10:03:31,1.694491,101.436599,0,0,0,0,0,0,0,0,303,180,forward,0,0,0.0,1.6945512712471622,101.43663815772892
10:03:33,1.694493,101.436599,0,0,0,0,0,0,0,0,304,180,forward,0,0,0.0,1.6945525789698028,101.43663920410354
10:03:36,1.694495,101.436599,0,0,0,0,0,0,0,0,304,180,forward,0,0,0.0,1.6945545789698029,101.43663920410357
10:03:38,1.694496,101.436599,0,0,0,0,0,0,0,0,304,180,forward,0,0,0.0,1.6945555789698028,101.4366392041036
10:03:40,1.694497,101.4366,0,0,0,0,0,0,0,0,304,180,forward,0,0,0.0,1.6945565789698027,101.43664020410361
10:03:42,1.694499,101.4366,0,0,0,0,0,0,0,0,303,180,forward,0,0,0.0,1.6945592712471622,101.43663915772909
10:03:44,1.6945,101.4366,0,0,0,0,0,0,0,0,303,180,forward,0,0,0.0,1.6945602712471621,101.4366391577291
10:03:47,1.694501,101.4366,0,0,0,0,0,0,0,0,303,180,forward,0,0,0.0,1.6945612712471623,101.43663915772912
10:03:49,1.694503,101.436601,0,0,0,0,0,0,0,0,303,180,forward,0,0,0.0,1.6945632712471623,101.43664015772916
10:03:51,1.694505,101.436602,0,0,0,0,0,0,0,0,303,180,forward,0,0,0.0,1.6945652712471622,101.4366411577292
10:03:53,1.694506,101.436603,0,0,0,0,0,0,0,0,303,180,forward,0,0,0.0,1.6945662712471623,101.43664215772924
10:03:55,1.694508,101.436603,0,0,0,0,0,0,0,0,303,180,forward,0,0,0.0,1.6945682712471621,101.43664215772927
10:03:58,1.69451,101.436603,0,0,0,0,0,0,0,0,303,180,forward,0,0,0.0,1.6945702712471622,101.43664215772931
10:04:00,1.694511,101.436602,0,0,0,0,0,0,0,0,302,180,forward,0,0,0.0,1.6945719451653158,101.43664009942692
10:04:02,1.694512,101.436601,0,0,0,0,0,0,0,0,303,180,forward,0,0,0.0,1.6945722712471623,101.43664015772934
10:04:04,1.694513,101.4366,0,0,0,0,0,0,0,0,302,180,forward,0,0,0.0,1.6945739451653157,101.43663809942696
10:04:06,1.694514,101.436599,0,0,0,0,0,0,0,0,302,180,forward,0,0,0.0,1.6945749451653158,101.43663709942699
10:04:09,1.694516,101.436599,0,0,0,0,0,0,0,0,302,180,forward,0,0,0.0,1.6945769451653157,101.43663709942702
10:04:11,1.694517,101.436599,0,0,0,0,0,0,0,0,302,180,forward,0,0,0.0,1.6945779451653158,101.43663709942705
10:04:13,1.694519,101.436599,0,0,0,0,0,0,0,0,302,180,forward,0,0,0.0,1.6945799451653158,101.43663709942709
10:04:15,1.694521,101.436599,0,0,0,0,0,0,0,0,302,180,forward,0,0,0.0,1.6945819451653157,101.43663709942712
10:04:17,1.694523,101.436599,0,0,0,0,0,0,0,0,302,180,forward,0,0,0.0,1.6945839451653157,101.43663709942716
10:04:20,1.694524,101.436599,0,0,0,0,0,0,0,0,301,180,forward,0,0,0.0,1.6945856005189814,101.43663602951932
10:04:22,1.694525,101.436599,0,0,0,0,0,0,0,0,301,180,forward,0,0,0.0,1.6945866005189816,101.43663602951933
10:04:24,1.694527,101.4366,0,0,0,0,0,0,0,0,301,180,forward,0,0,0.0,1.6945886005189814,101.43663702951937
10:04:26,1.694528,101.4366,0,0,0,0,0,0,0,0,300,180,forward,0,0,0.0,1.6945902371085324,101.43663594833197
10:04:28,1.69453,101.436601,0,0,0,0,0,0,0,0,300,180,forward,0,0,0.0,1.6945922371085325,101.43663694833201
10:04:31,1.694532,101.436601,0,0,0,0,0,0,0,0,300,180,forward,0,0,0.0,1.6945942371085323,101.43663694833204
10:04:33,1.694533,101.436601,0,0,0,0,0,0,0,0,300,180,forward,0,0,0.0,1.6945952371085324,101.43663694833207
10:04:35,1.694534,101.4366,0,0,0,0,0,0,0,0,300,180,forward,0,0,0.0,1.6945962371085324,101.43663594833208
10:04:37,1.694536,101.436599,0,0,0,0,0,0,0,0,299,180,forward,0,0,0.0,1.6945988547400572,101.43663385619449
10:04:39,1.694537,101.436598,0,0,0,0,0,0,0,0,299,180,forward,0,0,0.0,1.6945998547400571,101.4366328561945
10:04:42,1.694539,101.436597,0,0,0,0,0,0,0,0,299,180,forward,0,0,0.0,1.6946018547400572,101.43663185619455
10:04:44,1.694541,101.436596,0,0,0,0,0,0,0,0,298,180,forward,0,0,0.0,1.6946044532254194,101.4366297534394
10:04:46,1.694542,101.436595,0,0,0,0,0,0,0,0,298,180,forward,0,0,0.0,1.6946054532254193,101.43662875343942
10:04:48,1.694544,101.436594,0,0,0,0,0,0,0,0,298,180,forward,0,0,0.0,1.6946074532254194,101.43662775343945
10:04:50,1.694546,101.436593,0,0,0,0,0,0,0,0,298,180,forward,0,0,0.0,1.6946094532254194,101.4366267534395
10:04:52,1.694548,101.436592,0,0,0,0,0,0,0,0,298,180,forward,0,0,0.0,1.6946114532254193,101.43662575343953
10:04:54,1.694549,101.436592,0,0,0,0,0,0,0,0,298,180,forward,0,0,0.0,1.6946124532254194,101.43662575343956
10:04:57,1.694551,101.436592,0,0,0,0,0,0,0,0,297,180,forward,0,0,0.0,1.6946150323823141,101.43662464040278
10:04:59,1.694552,101.436591,0,0,0,0,0,0,0,0,297,180,forward,0,0,0.0,1.6946160323823143,101.4366236404028
10:05:01,1.694553,101.43659,0,0,0,0,0,0,0,0,297,180,forward,0,0,0.0,1.6946170323823142,101.43662264040282
10:05:03,1.694555,101.436589,0,0,0,0,0,0,0,0,297,180,forward,0,0,0.0,1.6946190323823143,101.43662164040285
10:05:05,1.694557,101.436589,0,0,0,0,0,0,0,0,297,180,forward,0,0,0.0,1.6946210323823143,101.43662164040288
10:05:07,1.694558,101.436588,0,0,0,0,0,0,0,0,296,180,forward,0,0,0.0,1.6946225920343252,101.43661951742351
10:05:09,1.69456,101.436588,0,0,0,0,0,0,0,0,296,180,forward,0,0,0.0,1.6946245920343253,101.43661951742355
10:05:12,1.694562,101.436588,0,0,0,0,0,0,0,0,296,180,forward,0,0,0.0,1.694626592034325,101.43661951742358
10:05:14,1.694563,101.436588,0,0,0,0,0,0,0,0,295,180,forward,0,0,0.0,1.694628132010977,101.4366183848437
10:05:16,1.694564,101.436589,0,0,0,0,0,0,0,0,295,180,forward,0,0,0.0,1.694629132010977,101.43661938484371
10:05:18,1.694565,101.43659,0,0,0,0,0,0,0,0,295,180,forward,0,0,0.0,1.6946301320109771,101.43662038484372
10:05:20,1.694565,101.436591,0,0,0,0,0,0,0,0,295,180,forward,0,0,0.0,1.6946301320109771,101.43662138484373
10:05:22,1.694565,101.436592,0,0,0,0,0,0,0,0,295,180,forward,0,0,0.0,1.6946301320109771,101.43662238484373
10:05:24,1.694564,101.436592,0,0,0,0,0,0,0,0,295,180,forward,0,0,0.0,1.694629132010977,101.43662238484372
10:05:27,1.694565,101.43659,0,0,0,0,0,0,0,0,295,180,forward,0,0,0.0,1.6946301320109771,101.43662038484372
10:05:29,1.694565,101.436589,0,0,0,0,0,0,0,0,294,180,forward,0,0,0.0,1.6946306521477872,101.4366182430083
10:05:31,1.694566,101.436588,0,0,0,0,0,0,0,0,294,180,forward,0,0,0.0,1.694631652147787,101.43661724300831
10:05:33,1.694567,101.436587,0,0,0,0,0,0,0,0,294,180,forward,0,0,0.0,1.694632652147787,101.43661624300833
10:05:35,1.694568,101.436585,0,0,0,0,0,0,0,0,294,180,forward,0,0,0.0,1.6946336521477872,101.43661424300834
10:05:37,1.694569,101.436584,0,0,0,0,0,0,0,0,293,180,forward,0,0,0.0,1.694635152286317,101.43661209226524
10:05:40,1.69457,101.436583,0,0,0,0,0,0,0,0,294,180,forward,0,0,0.0,1.694635652147787,101.43661224300837
10:05:42,1.694571,101.436582,0,0,0,0,0,0,0,0,293,180,forward,0,0,0.0,1.694637152286317,101.43661009226527
10:05:44,1.694572,101.43658,0,0,0,0,0,0,0,0,293,180,forward,0,0,0.0,1.694638152286317,101.43660809226529
10:05:46,1.694573,101.436579,0,0,0,0,0,0,0,0,293,180,forward,0,0,0.0,1.6946391522863171,101.43660709226529
10:05:48,1.694574,101.436578,0,0,0,0,0,0,0,0,293,180,forward,0,0,0.0,1.694640152286317,101.43660609226531
10:05:51,1.694574,101.436577,0,0,0,0,0,0,0,0,292,180,forward,0,0,0.0,1.6946406322742198,101.436603932965
10:05:53,1.694574,101.436577,0,0,0,0,0,0,0,0,292,180,forward,0,0,0.0,1.6946406322742198,101.436603932965
10:05:55,1.694574,101.436577,0,0,0,0,0,0,0,0,292,180,forward,0,0,0.0,1.6946406322742198,101.436603932965
10:05:57,1.694575,101.436577,0,0,0,0,0,0,0,0,292,180,forward,0,0,0.0,1.6946416322742197,101.43660393296501
10:05:59,1.694575,101.436577,0,0,0,0,0,0,0,0,292,180,forward,0,0,0.0,1.6946416322742197,101.43660393296501
10:06:02,1.694575,101.436577,0,0,0,0,0,0,0,0,292,180,forward,0,0,0.0,1.6946416322742197,101.43660393296501
10:06:04,1.694575,101.436576,0,0,0,0,0,0,0,0,292,180,forward,0,0,0.0,1.6946416322742197,101.43660293296502
10:06:06,1.694575,101.436575,0,0,0,0,0,0,0,0,292,180,forward,0,0,0.0,1.6946416322742197,101.43660193296502
10:06:08,1.694575,101.436575,0,0,0,0,0,0,0,0,291,180,forward,0,0,0.0,1.694642091965286,101.43660076546067
10:06:10,1.694574,101.436574,0,0,0,0,0,0,0,0,292,180,forward,0,0,0.0,1.6946406322742198,101.43660093296499
10:06:12,1.694574,101.436573,0,0,0,0,0,0,0,0,292,180,forward,0,0,0.0,1.6946406322742198,101.436599932965
10:06:15,1.694574,101.436572,0,0,0,0,0,0,0,0,292,180,forward,0,0,0.0,1.6946406322742198,101.436598932965
10:06:17,1.694574,101.436571,0,0,0,0,0,0,0,0,291,180,forward,0,0,0.0,1.6946410919652861,101.43659676546065
10:06:19,1.694574,101.43657,0,0,0,0,0,0,0,0,291,180,forward,0,0,0.0,1.6946410919652861,101.43659576546065
10:06:21,1.694574,101.43657,0,0,0,0,0,0,0,0,291,180,forward,0,0,0.0,1.6946410919652861,101.43659576546065
10:06:23,1.694574,101.43657,0,0,0,0,0,0,0,0,291,180,forward,0,0,0.0,1.6946410919652861,101.43659576546065
10:06:25,1.694574,101.436569,0,0,0,0,0,0,0,0,291,180,forward,0,0,0.0,1.6946410919652861,101.43659476546065
10:06:27,1.694575,101.436569,0,0,0,0,0,0,0,0,291,180,forward,0,0,0.0,1.694642091965286,101.43659476546067
10:06:29,1.694575,101.436569,0,0,0,0,0,0,0,0,291,180,forward,0,0,0.0,1.694642091965286,101.43659476546067
10:06:32,1.694575,101.436569,0,0,0,0,0,0,0,0,291,180,forward,0,0,0.0,1.694642091965286,101.43659476546067
10:06:34,1.694575,101.436569,0,0,0,0,0,0,0,0,291,180,forward,0,0,0.0,1.694642091965286,101.43659476546067
10:06:36,1.694575,101.436569,0,0,0,0,0,0,0,0,291,180,forward,0,0,0.0,1.694642091965286,101.43659476546067
10:06:38,1.694575,101.436569,0,0,0,0,0,0,0,0,291,180,forward,0,0,0.0,1.694642091965286,101.43659476546067
10:06:40,1.694575,101.43657,0,0,0,0,0,0,0,0,291,180,forward,0,0,0.0,1.694642091965286,101.43659576546067
10:06:42,1.694575,101.43657,0,0,0,0,0,0,0,0,290,180,forward,0,0,0.0,1.6946425312194902,101.4365945901079
10:06:44,1.694575,101.43657,0,0,0,0,0,0,0,0,291,180,forward,0,0,0.0,1.694642091965286,101.43659576546067
10:06:47,1.694575,101.436571,0,0,0,0,0,0,0,0,291,180,forward,0,0,0.0,1.694642091965286,101.43659676546066
10:06:49,1.694575,101.436571,0,0,0,0,0,0,0,0,291,180,forward,0,0,0.0,1.694642091965286,101.43659676546066
10:06:51,1.694575,101.436571,0,0,0,0,0,0,0,0,291,180,forward,0,0,0.0,1.694642091965286,101.43659676546066
10:06:53,1.694575,101.436572,0,0,0,0,0,0,0,0,291,180,forward,0,0,0.0,1.694642091965286,101.43659776546066
10:06:55,1.694575,101.436572,0,0,0,0,0,0,0,0,290,180,forward,0,0,0.0,1.6946425312194902,101.4365965901079
10:06:57,1.694574,101.436572,0,0,0,0,0,0,0,0,290,180,forward,0,0,0.0,1.6946415312194902,101.43659659010788
10:06:59,1.694574,101.436572,0,0,0,0,0,0,0,0,291,180,forward,0,0,0.0,1.6946410919652861,101.43659776546065
10:07:02,1.694573,101.436572,0,0,0,0,0,0,0,0,290,180,forward,0,0,0.0,1.6946405312194903,101.43659659010788
10:07:04,1.694573,101.436571,0,0,0,0,0,0,0,0,290,180,forward,0,0,0.0,1.6946405312194903,101.43659559010788
10:07:06,1.694572,101.436571,0,0,0,0,0,0,0,0,290,180,forward,0,0,0.0,1.6946395312194902,101.43659559010787
10:07:08,1.694572,101.436571,0,0,0,0,0,0,0,0,290,180,forward,0,0,0.0,1.6946395312194902,101.43659559010787
10:07:10,1.694571,101.436571,0,0,0,0,0,0,0,0,291,180,forward,0,0,0.0,1.6946380919652861,101.4365967654606
10:07:12,1.694571,101.436571,0,0,0,0,0,0,0,0,291,180,forward,0,0,0.0,1.6946380919652861,101.4365967654606
10:07:14,1.694571,101.436571,0,0,0,0,0,0,0,0,290,180,forward,0,0,0.0,1.6946385312194903,101.43659559010786
10:07:17,1.694571,101.436571,0,0,0,0,0,0,0,0,291,180,forward,0,0,0.0,1.6946380919652861,101.4365967654606
10:07:19,1.694571,101.43657,0,0,0,0,0,0,0,0,290,180,forward,0,0,0.0,1.6946385312194903,101.43659459010786
10:07:21,1.694571,101.43657,0,0,0,0,0,0,0,0,291,180,forward,0,0,0.0,1.6946380919652861,101.43659576546061
10:07:23,1.694571,101.43657,0,0,0,0,0,0,0,0,291,180,forward,0,0,0.0,1.6946380919652861,101.43659576546061
10:07:25,1.694571,101.43657,0,0,0,0,0,0,0,0,290,180,forward,0,0,0.0,1.6946385312194903,101.43659459010786
10:07:27,1.694571,101.43657,0,0,0,0,0,0,0,0,290,180,forward,0,0,0.0,1.6946385312194903,101.43659459010786
10:07:30,1.694572,101.436571,0,0,0,0,0,0,0,0,290,180,forward,0,0,0.0,1.6946395312194902,101.43659559010787
10:07:32,1.694572,101.436571,0,0,0,0,0,0,0,0,291,180,forward,0,0,0.0,1.694639091965286,101.43659676546062
10:07:34,1.694572,101.436571,0,0,0,0,0,0,0,0,291,180,forward,0,0,0.0,1.694639091965286,101.43659676546062
10:07:36,1.694572,101.436572,0,0,0,0,0,0,0,0,291,180,forward,0,0,0.0,1.694639091965286,101.43659776546062
10:07:38,1.694572,101.436572,0,0,0,0,0,0,0,0,290,180,forward,0,0,0.0,1.6946395312194902,101.43659659010787
10:07:40,1.694571,101.436573,0,0,0,0,0,0,0,0,291,180,forward,0,0,0.0,1.6946380919652861,101.4365987654606
10:07:43,1.694571,101.436573,0,0,0,0,0,0,0,0,291,180,forward,0,0,0.0,1.6946380919652861,101.4365987654606
10:07:45,1.694571,101.436575,0,0,0,0,0,0,0,0,291,180,forward,0,0,0.0,1.6946380919652861,101.43660076546061
10:07:47,1.694571,101.436576,0,0,0,0,0,0,0,0,291,180,forward,0,0,0.0,1.6946380919652861,101.43660176546061
10:07:49,1.694571,101.436577,0,0,0,0,0,0,0,0,291,180,forward,0,0,0.0,1.6946380919652861,101.4366027654606
10:07:51,1.69457,101.436578,0,0,0,0,0,0,0,0,291,180,forward,0,0,0.0,1.694637091965286,101.43660376546059
10:07:53,1.69457,101.436579,0,0,0,0,0,0,0,0,291,180,forward,0,0,0.0,1.694637091965286,101.43660476546059
10:07:56,1.694569,101.43658,0,0,0,0,0,0,0,0,292,180,forward,0,0,0.0,1.6946356322742198,101.43660693296493
10:07:58,1.694568,101.436581,0,0,0,0,0,0,0,0,292,180,forward,0,0,0.0,1.6946346322742198,101.43660793296492
10:08:00,1.694568,101.436581,0,0,0,0,0,0,0,0,292,180,forward,0,0,0.0,1.6946346322742198,101.43660793296492
10:08:02,1.694567,101.436582,0,0,0,0,0,0,0,0,292,180,forward,0,0,0.0,1.6946336322742197,101.4366089329649
10:08:04,1.694566,101.436582,0,0,0,0,0,0,0,0,292,180,forward,0,0,0.0,1.6946326322742198,101.43660893296489
10:08:06,1.694565,101.436582,0,0,0,0,0,0,0,0,292,180,forward,0,0,0.0,1.6946316322742199,101.43660893296487
10:08:08,1.694564,101.436581,0,0,0,0,0,0,0,0,293,180,forward,0,0,0.0,1.694630152286317,101.43660909226516
10:08:10,1.694563,101.436581,0,0,0,0,0,0,0,0,293,180,forward,0,0,0.0,1.694629152286317,101.43660909226514
10:08:13,1.694563,101.436581,0,0,0,0,0,0,0,0,293,180,forward,0,0,0.0,1.694629152286317,101.43660909226514
10:08:15,1.694562,101.436581,0,0,0,0,0,0,0,0,294,180,forward,0,0,0.0,1.694627652147787,101.43661024300826
10:08:17,1.694561,101.436581,0,0,0,0,0,0,0,0,294,180,forward,0,0,0.0,1.694626652147787,101.43661024300825
10:08:19,1.694561,101.436581,0,0,0,0,0,0,0,0,294,180,forward,0,0,0.0,1.694626652147787,101.43661024300825
10:08:21,1.69456,101.436582,0,0,0,0,0,0,0,0,294,180,forward,0,0,0.0,1.6946256521477872,101.43661124300823
10:08:24,1.694559,101.436582,0,0,0,0,0,0,0,0,294,180,forward,0,0,0.0,1.694624652147787,101.43661124300822
10:08:26,1.694558,101.436583,0,0,0,0,0,0,0,0,295,180,forward,0,0,0.0,1.694623132010977,101.43661338484361
10:08:28,1.694558,101.436583,0,0,0,0,0,0,0,0,295,180,forward,0,0,0.0,1.694623132010977,101.43661338484361
10:08:30,1.694557,101.436583,0,0,0,0,0,0,0,0,295,180,forward,0,0,0.0,1.6946221320109771,101.4366133848436
10:08:32,1.694556,101.436583,0,0,0,0,0,0,0,0,295,180,forward,0,0,0.0,1.694621132010977,101.43661338484358
10:08:34,1.694556,101.436583,0,0,0,0,0,0,0,0,295,180,forward,0,0,0.0,1.694621132010977,101.43661338484358
10:08:37,1.694555,101.436582,0,0,0,0,0,0,0,0,295,180,forward,0,0,0.0,1.694620132010977,101.43661238484357
10:08:39,1.694555,101.436582,0,0,0,0,0,0,0,0,296,180,forward,0,0,0.0,1.6946195920343252,101.43661351742347
10:08:41,1.694554,101.436581,0,0,0,0,0,0,0,0,296,180,forward,0,0,0.0,1.694618592034325,101.43661251742346
10:08:43,1.694554,101.436582,0,0,0,0,0,0,0,0,296,180,forward,0,0,0.0,1.694618592034325,101.43661351742345
10:08:45,1.694552,101.436582,0,0,0,0,0,0,0,0,296,180,forward,0,0,0.0,1.6946165920343252,101.43661351742341
10:08:47,1.694552,101.436583,0,0,0,0,0,0,0,0,296,180,forward,0,0,0.0,1.6946165920343252,101.43661451742341
10:08:49,1.694551,101.436583,0,0,0,0,0,0,0,0,296,180,forward,0,0,0.0,1.694615592034325,101.4366145174234
10:08:52,1.694551,101.436584,0,0,0,0,0,0,0,0,297,180,forward,0,0,0.0,1.6946150323823141,101.43661664040278
10:08:54,1.694551,101.436584,0,0,0,0,0,0,0,0,297,180,forward,0,0,0.0,1.6946150323823141,101.43661664040278
10:08:56,1.694551,101.436584,0,0,0,0,0,0,0,0,297,180,forward,0,0,0.0,1.6946150323823141,101.43661664040278
10:08:58,1.694551,101.436585,0,0,0,0,0,0,0,0,297,180,forward,0,0,0.0,1.6946150323823141,101.43661764040277
10:09:00,1.694551,101.436586,0,0,0,0,0,0,0,0,297,180,forward,0,0,0.0,1.6946150323823141,101.43661864040278
10:09:03,1.694551,101.436587,0,0,0,0,0,0,0,0,297,180,forward,0,0,0.0,1.6946150323823141,101.43661964040278
10:09:05,1.694551,101.436587,0,0,0,0,0,0,0,0,297,180,forward,0,0,0.0,1.6946150323823141,101.43661964040278
10:09:07,1.694551,101.436588,0,0,0,0,0,0,0,0,298,180,forward,0,0,0.0,1.6946144532254193,101.43662175343958
10:09:09,1.694551,101.43659,0,0,0,0,0,0,0,0,298,180,forward,0,0,0.0,1.6946144532254193,101.43662375343958
10:09:11,1.694551,101.436591,0,0,0,0,0,0,0,0,298,180,forward,0,0,0.0,1.6946144532254193,101.43662475343959
10:09:13,1.69455,101.436592,0,0,0,0,0,0,0,0,298,180,forward,0,0,0.0,1.6946134532254193,101.43662575343957
10:09:15,1.69455,101.436592,0,0,0,0,0,0,0,0,298,180,forward,0,0,0.0,1.6946134532254193,101.43662575343957
10:09:18,1.694551,101.436593,0,0,0,0,0,0,0,0,298,180,forward,0,0,0.0,1.6946144532254193,101.43662675343958
10:09:20,1.694551,101.436594,0,0,0,0,0,0,0,0,298,180,forward,0,0,0.0,1.6946144532254193,101.43662775343958
10:09:22,1.694551,101.436594,0,0,0,0,0,0,0,0,298,180,forward,0,0,0.0,1.6946144532254193,101.43662775343958
10:09:24,1.694551,101.436595,0,0,0,0,0,0,0,0,299,180,forward,0,0,0.0,1.694613854740057,101.43662985619476
10:09:26,1.694551,101.436595,0,0,0,0,0,0,0,0,297,180,forward,0,0,0.0,1.6946150323823141,101.43662764040278
10:09:28,1.694551,101.436596,0,0,0,0,0,0,0,0,298,180,forward,0,0,0.0,1.6946144532254193,101.43662975343958
10:09:30,1.694551,101.436596,0,0,0,0,0,0,0,0,298,180,forward,0,0,0.0,1.6946144532254193,101.43662975343958
10:09:33,1.694551,101.436597,0,0,0,0,0,0,0,0,298,180,forward,0,0,0.0,1.6946144532254193,101.43663075343959
10:09:35,1.694551,101.436597,0,0,0,0,0,0,0,0,298,180,forward,0,0,0.0,1.6946144532254193,101.43663075343959
10:09:37,1.69455,101.436597,0,0,0,0,0,0,0,0,298,180,forward,0,0,0.0,1.6946134532254193,101.43663075343957
10:09:39,1.69455,101.436598,0,0,0,0,0,0,0,0,298,180,forward,0,0,0.0,1.6946134532254193,101.43663175343957
10:09:41,1.694551,101.436598,0,0,0,0,0,0,0,0,297,180,forward,0,0,0.0,1.6946150323823141,101.43663064040278
10:09:43,1.694551,101.436597,0,0,0,0,0,0,0,0,297,180,forward,0,0,0.0,1.6946150323823141,101.43662964040278
10:09:45,1.694551,101.436597,0,0,0,0,0,0,0,0,298,180,forward,0,0,0.0,1.6946144532254193,101.43663075343959
10:09:47,1.694551,101.436596,0,0,0,0,0,0,0,0,297,180,forward,0,0,0.0,1.6946150323823141,101.43662864040277
10:09:50,1.694551,101.436596,0,0,0,0,0,0,0,0,298,180,forward,0,0,0.0,1.6946144532254193,101.43662975343958
10:09:52,1.694551,101.436595,0,0,0,0,0,0,0,0,297,180,forward,0,0,0.0,1.6946150323823141,101.43662764040278
10:09:54,1.694551,101.436594,0,0,0,0,0,0,0,0,297,180,forward,0,0,0.0,1.6946150323823141,101.43662664040278
10:09:56,1.694551,101.436593,0,0,0,0,0,0,0,0,297,180,forward,0,0,0.0,1.6946150323823141,101.43662564040278
10:09:58,1.69455,101.436592,0,0,0,0,0,0,0,0,297,180,forward,0,0,0.0,1.6946140323823142,101.43662464040277
10:10:00,1.69455,101.436591,0,0,0,0,0,0,0,0,297,180,forward,0,0,0.0,1.6946140323823142,101.43662364040277
10:10:03,1.69455,101.43659,0,0,0,0,0,0,0,0,297,180,forward,0,0,0.0,1.6946140323823142,101.43662264040276
10:10:05,1.694549,101.43659,0,0,0,0,0,0,0,0,297,180,forward,0,0,0.0,1.6946130323823143,101.43662264040275
10:10:07,1.694549,101.436589,0,0,0,0,0,0,0,0,297,180,forward,0,0,0.0,1.6946130323823143,101.43662164040275
10:10:09,1.69455,101.436588,0,0,0,0,0,0,0,0,297,180,forward,0,0,0.0,1.6946140323823142,101.43662064040277
10:10:11,1.69455,101.436588,0,0,0,0,0,0,0,0,296,180,forward,0,0,0.0,1.6946145920343252,101.43661951742338
10:10:14,1.69455,101.436587,0,0,0,0,0,0,0,0,297,180,forward,0,0,0.0,1.6946140323823142,101.43661964040277
10:10:16,1.69455,101.436586,0,0,0,0,0,0,0,0,296,180,forward,0,0,0.0,1.6946145920343252,101.43661751742339
10:10:18,1.69455,101.436586,0,0,0,0,0,0,0,0,296,180,forward,0,0,0.0,1.6946145920343252,101.43661751742339
10:10:20,1.69455,101.436585,0,0,0,0,0,0,0,0,296,180,forward,0,0,0.0,1.6946145920343252,101.43661651742337
10:10:22,1.69455,101.436584,0,0,0,0,0,0,0,0,296,180,forward,0,0,0.0,1.6946145920343252,101.43661551742338
10:10:24,1.69455,101.436584,0,0,0,0,0,0,0,0,296,180,forward,0,0,0.0,1.6946145920343252,101.43661551742338
10:10:26,1.69455,101.436583,0,0,0,0,0,0,0,0,296,180,forward,0,0,0.0,1.6946145920343252,101.43661451742338
10:10:28,1.69455,101.436583,0,0,0,0,0,0,0,0,296,180,forward,0,0,0.0,1.6946145920343252,101.43661451742338
10:10:31,1.69455,101.436583,0,0,0,0,0,0,0,0,296,180,forward,0,0,0.0,1.6946145920343252,101.43661451742338
10:10:33,1.69455,101.436582,0,0,0,0,0,0,0,0,295,180,forward,0,0,0.0,1.694615132010977,101.43661238484349
10:10:35,1.69455,101.436582,0,0,0,0,0,0,0,0,295,180,forward,0,0,0.0,1.694615132010977,101.43661238484349
10:10:37,1.69455,101.436582,0,0,0,0,0,0,0,0,296,180,forward,0,0,0.0,1.6946145920343252,101.43661351742338
10:10:39,1.694549,101.436582,0,0,0,0,0,0,0,0,296,180,forward,0,0,0.0,1.6946135920343253,101.43661351742337
10:10:41,1.694549,101.436582,0,0,0,0,0,0,0,0,296,180,forward,0,0,0.0,1.6946135920343253,101.43661351742337
10:10:43,1.694549,101.436582,0,0,0,0,0,0,0,0,296,180,forward,0,0,0.0,1.6946135920343253,101.43661351742337
10:10:45,1.694549,101.436582,0,0,0,0,0,0,0,0,295,180,forward,0,0,0.0,1.694614132010977,101.43661238484347
10:10:47,1.694549,101.436583,0,0,0,0,0,0,0,0,296,180,forward,0,0,0.0,1.6946135920343253,101.43661451742337
10:10:50,1.694549,101.436583,0,0,0,0,0,0,0,0,295,180,forward,0,0,0.0,1.694614132010977,101.43661338484347
10:10:52,1.694549,101.436583,0,0,0,0,0,0,0,0,295,180,forward,0,0,0.0,1.694614132010977,101.43661338484347
10:10:54,1.694549,101.436584,0,0,0,0,0,0,0,0,295,180,forward,0,0,0.0,1.694614132010977,101.43661438484347
10:10:56,1.694549,101.436584,0,0,0,0,0,0,0,0,296,180,forward,0,0,0.0,1.6946135920343253,101.43661551742336
10:10:58,1.694549,101.436584,0,0,0,0,0,0,0,0,295,180,forward,0,0,0.0,1.694614132010977,101.43661438484347
10:11:00,1.694549,101.436584,0,0,0,0,0,0,0,0,295,180,forward,0,0,0.0,1.694614132010977,101.43661438484347
10:11:03,1.694549,101.436585,0,0,0,0,0,0,0,0,296,180,forward,0,0,0.0,1.6946135920343253,101.43661651742336
10:11:05,1.694549,101.436585,0,0,0,0,0,0,0,0,296,180,forward,0,0,0.0,1.6946135920343253,101.43661651742336
10:11:07,1.694548,101.436585,0,0,0,0,0,0,0,0,296,180,forward,0,0,0.0,1.6946125920343251,101.43661651742335
10:11:09,1.694548,101.436585,0,0,0,0,0,0,0,0,296,180,forward,0,0,0.0,1.6946125920343251,101.43661651742335
10:11:11,1.694548,101.436585,0,0,0,0,0,0,0,0,296,180,forward,0,0,0.0,1.6946125920343251,101.43661651742335
10:11:13,1.694548,101.436586,0,0,0,0,0,0,0,0,296,180,forward,0,0,0.0,1.6946125920343251,101.43661751742336
10:11:15,1.694548,101.436586,0,0,0,0,0,0,0,0,296,180,forward,0,0,0.0,1.6946125920343251,101.43661751742336
10:11:18,1.694547,101.436586,0,0,0,0,0,0,0,0,296,180,forward,0,0,0.0,1.6946115920343252,101.43661751742334
10:11:20,1.694547,101.436587,0,0,0,0,0,0,0,0,296,180,forward,0,0,0.0,1.6946115920343252,101.43661851742334
10:11:22,1.694547,101.436587,0,0,0,0,0,0,0,0,296,180,forward,0,0,0.0,1.6946115920343252,101.43661851742334
10:11:24,1.694546,101.436587,0,0,0,0,0,0,0,0,296,180,forward,0,0,0.0,1.6946105920343253,101.43661851742333
10:11:26,1.694546,101.436588,0,0,0,0,0,0,0,0,296,180,forward,0,0,0.0,1.6946105920343253,101.43661951742332
10:11:28,1.694546,101.436588,0,0,0,0,0,0,0,0,296,180,forward,0,0,0.0,1.6946105920343253,101.43661951742332
10:11:30,1.694545,101.436588,0,0,0,0,0,0,0,0,296,180,forward,0,0,0.0,1.6946095920343252,101.4366195174233
10:11:32,1.694544,101.436587,0,0,0,0,0,0,0,0,297,180,forward,0,0,0.0,1.6946080323823143,101.43661964040267
10:11:35,1.694543,101.436587,0,0,0,0,0,0,0,0,296,180,forward,0,0,0.0,1.694607592034325,101.43661851742327
10:11:37,1.694543,101.436587,0,0,0,0,0,0,0,0,297,180,forward,0,0,0.0,1.6946070323823141,101.43661964040265
10:11:39,1.694542,101.436587,0,0,0,0,0,0,0,0,297,180,forward,0,0,0.0,1.6946060323823142,101.43661964040264
10:11:41,1.694541,101.436587,0,0,0,0,0,0,0,0,297,180,forward,0,0,0.0,1.6946050323823143,101.43661964040261
10:11:43,1.69454,101.436588,0,0,0,0,0,0,0,0,297,180,forward,0,0,0.0,1.6946040323823142,101.4366206404026
10:11:45,1.694539,101.436588,0,0,0,0,0,0,0,0,297,180,forward,0,0,0.0,1.6946030323823142,101.43662064040258
10:11:47,1.694539,101.436589,0,0,0,0,0,0,0,0,297,180,forward,0,0,0.0,1.6946030323823142,101.43662164040258
10:11:50,1.694538,101.436589,0,0,0,0,0,0,0,0,297,180,forward,0,0,0.0,1.6946020323823143,101.43662164040256
10:11:52,1.694537,101.436589,0,0,0,0,0,0,0,0,297,180,forward,0,0,0.0,1.6946010323823142,101.43662164040255
10:11:54,1.694537,101.436589,0,0,0,0,0,0,0,0,298,180,forward,0,0,0.0,1.6946004532254193,101.43662275343934
10:11:56,1.694537,101.436589,0,0,0,0,0,0,0,0,297,180,forward,0,0,0.0,1.6946010323823142,101.43662164040255
10:11:58,1.694537,101.436589,0,0,0,0,0,0,0,0,298,180,forward,0,0,0.0,1.6946004532254193,101.43662275343934
10:12:00,1.694537,101.436589,0,0,0,0,0,0,0,0,298,180,forward,0,0,0.0,1.6946004532254193,101.43662275343934
10:12:02,1.694536,101.436588,0,0,0,0,0,0,0,0,298,180,forward,0,0,0.0,1.6945994532254194,101.43662175343933
10:12:04,1.694536,101.436588,0,0,0,0,0,0,0,0,298,180,forward,0,0,0.0,1.6945994532254194,101.43662175343933
10:12:06,1.694536,101.436587,0,0,0,0,0,0,0,0,298,180,forward,0,0,0.0,1.6945994532254194,101.43662075343933
10:12:09,1.694536,101.436587,0,0,0,0,0,0,0,0,298,180,forward,0,0,0.0,1.6945994532254194,101.43662075343933
10:12:11,1.694536,101.436586,0,0,0,0,0,0,0,0,298,180,forward,0,0,0.0,1.6945994532254194,101.43661975343933
10:12:13,1.694535,101.436586,0,0,0,0,0,0,0,0,298,180,forward,0,0,0.0,1.6945984532254192,101.4366197534393
10:12:15,1.694535,101.436585,0,0,0,0,0,0,0,0,298,180,forward,0,0,0.0,1.6945984532254192,101.43661875343929
10:12:17,1.694535,101.436584,0,0,0,0,0,0,0,0,298,180,forward,0,0,0.0,1.6945984532254192,101.4366177534393
10:12:20,1.694535,101.436584,0,0,0,0,0,0,0,0,298,180,forward,0,0,0.0,1.6945984532254192,101.4366177534393
10:12:22,1.694536,101.436584,0,0,0,0,0,0,0,0,298,180,forward,0,0,0.0,1.6945994532254194,101.43661775343932
10:12:24,1.694536,101.436584,0,0,0,0,0,0,0,0,298,180,forward,0,0,0.0,1.6945994532254194,101.43661775343932
10:12:26,1.694536,101.436583,0,0,0,0,0,0,0,0,298,180,forward,0,0,0.0,1.6945994532254194,101.43661675343932
10:12:28,1.694537,101.436583,0,0,0,0,0,0,0,0,299,180,forward,0,0,0.0,1.6945998547400571,101.4366178561945
10:12:30,1.694538,101.436583,0,0,0,0,0,0,0,0,298,180,forward,0,0,0.0,1.6946014532254194,101.43661675343935
10:12:32,1.694538,101.436583,0,0,0,0,0,0,0,0,299,180,forward,0,0,0.0,1.6946008547400573,101.43661785619452
10:12:34,1.694539,101.436582,0,0,0,0,0,0,0,0,299,180,forward,0,0,0.0,1.6946018547400572,101.43661685619455
10:12:36,1.694539,101.436582,0,0,0,0,0,0,0,0,299,180,forward,0,0,0.0,1.6946018547400572,101.43661685619455
10:12:38,1.69454,101.436582,0,0,0,0,0,0,0,0,298,180,forward,0,0,0.0,1.6946034532254193,101.4366157534394
10:12:40,1.694541,101.436582,0,0,0,0,0,0,0,0,299,180,forward,0,0,0.0,1.6946038547400573,101.43661685619458
10:12:43,1.694542,101.436582,0,0,0,0,0,0,0,0,298,180,forward,0,0,0.0,1.6946054532254193,101.43661575343943
10:12:45,1.694543,101.436582,0,0,0,0,0,0,0,0,298,180,forward,0,0,0.0,1.6946064532254193,101.43661575343944
10:12:47,1.694543,101.436582,0,0,0,0,0,0,0,0,299,180,forward,0,0,0.0,1.694605854740057,101.43661685619462
10:12:49,1.694544,101.436581,0,0,0,0,0,0,0,0,298,180,forward,0,0,0.0,1.6946074532254194,101.43661475343946
10:12:51,1.694545,101.436581,0,0,0,0,0,0,0,0,298,180,forward,0,0,0.0,1.6946084532254193,101.43661475343949
10:12:53,1.694546,101.436581,0,0,0,0,0,0,0,0,298,180,forward,0,0,0.0,1.6946094532254194,101.4366147534395
10:12:56,1.694546,101.436582,0,0,0,0,0,0,0,0,298,180,forward,0,0,0.0,1.6946094532254194,101.4366157534395
10:12:58,1.694547,101.436582,0,0,0,0,0,0,0,0,298,180,forward,0,0,0.0,1.6946104532254194,101.43661575343951
10:13:00,1.694547,101.436583,0,0,0,0,0,0,0,0,298,180,forward,0,0,0.0,1.6946104532254194,101.43661675343951
10:13:02,1.694547,101.436583,0,0,0,0,0,0,0,0,298,180,forward,0,0,0.0,1.6946104532254194,101.43661675343951
10:13:04,1.694548,101.436584,0,0,0,0,0,0,0,0,297,180,forward,0,0,0.0,1.6946120323823142,101.43661664040273
10:13:07,1.694549,101.436584,0,0,0,0,0,0,0,0,297,180,forward,0,0,0.0,1.6946130323823143,101.43661664040275
10:13:09,1.69455,101.436584,0,0,0,0,0,0,0,0,297,180,forward,0,0,0.0,1.6946140323823142,101.43661664040276
10:13:11,1.69455,101.436584,0,0,0,0,0,0,0,0,297,180,forward,0,0,0.0,1.6946140323823142,101.43661664040276
10:13:13,1.694551,101.436583,0,0,0,0,0,0,0,0,297,180,forward,0,0,0.0,1.6946150323823141,101.43661564040278
10:13:15,1.694552,101.436583,0,0,0,0,0,0,0,0,296,180,forward,0,0,0.0,1.6946165920343252,101.43661451742341
10:13:18,1.694553,101.436583,0,0,0,0,0,0,0,0,296,180,forward,0,0,0.0,1.6946175920343252,101.43661451742344
10:13:20,1.694554,101.436583,0,0,0,0,0,0,0,0,296,180,forward,0,0,0.0,1.694618592034325,101.43661451742345
10:13:22,1.694555,101.436584,0,0,0,0,0,0,0,0,296,180,forward,0,0,0.0,1.6946195920343252,101.43661551742346
10:13:24,1.694556,101.436584,0,0,0,0,0,0,0,0,296,180,forward,0,0,0.0,1.6946205920343251,101.43661551742348
10:13:26,1.694557,101.436584,0,0,0,0,0,0,0,0,295,180,forward,0,0,0.0,1.6946221320109771,101.4366143848436
10:13:29,1.694558,101.436584,0,0,0,0,0,0,0,0,295,180,forward,0,0,0.0,1.694623132010977,101.43661438484361
10:13:31,1.694558,101.436584,0,0,0,0,0,0,0,0,295,180,forward,0,0,0.0,1.694623132010977,101.43661438484361
10:13:33,1.694559,101.436585,0,0,0,0,0,0,0,0,294,180,forward,0,0,0.0,1.694624652147787,101.43661424300821
10:13:35,1.69456,101.436584,0,0,0,0,0,0,0,0,294,180,forward,0,0,0.0,1.6946256521477872,101.43661324300822
10:13:37,1.694561,101.436584,0,0,0,0,0,0,0,0,294,180,forward,0,0,0.0,1.694626652147787,101.43661324300824
10:13:40,1.694562,101.436583,0,0,0,0,0,0,0,0,294,180,forward,0,0,0.0,1.694627652147787,101.43661224300826
10:13:42,1.694564,101.436582,0,0,0,0,0,0,0,0,293,180,forward,0,0,0.0,1.694630152286317,101.43661009226516
10:13:44,1.694565,101.436581,0,0,0,0,0,0,0,0,293,180,forward,0,0,0.0,1.694631152286317,101.43660909226517
10:13:46,1.694566,101.436579,0,0,0,0,0,0,0,0,293,180,forward,0,0,0.0,1.694632152286317,101.43660709226518
10:13:48,1.694567,101.436578,0,0,0,0,0,0,0,0,293,180,forward,0,0,0.0,1.694633152286317,101.4366060922652
10:13:51,1.694568,101.436577,0,0,0,0,0,0,0,0,293,180,forward,0,0,0.0,1.694634152286317,101.43660509226521
10:13:53,1.694569,101.436577,0,0,0,0,0,0,0,0,292,180,forward,0,0,0.0,1.6946356322742198,101.43660393296493
10:13:55,1.69457,101.436577,0,0,0,0,0,0,0,0,292,180,forward,0,0,0.0,1.6946366322742197,101.43660393296494
10:13:57,1.694571,101.436576,0,0,0,0,0,0,0,0,292,180,forward,0,0,0.0,1.6946376322742198,101.43660293296496
10:13:59,1.694572,101.436576,0,0,0,0,0,0,0,0,292,180,forward,0,0,0.0,1.6946386322742197,101.43660293296497
10:14:02,1.694573,101.436575,0,0,0,0,0,0,0,0,292,180,forward,0,0,0.0,1.6946396322742199,101.43660193296499
10:14:04,1.694574,101.436574,0,0,0,0,0,0,0,0,291,180,forward,0,0,0.0,1.6946410919652861,101.43659976546064
10:14:06,1.694574,101.436574,0,0,0,0,0,0,0,0,291,180,forward,0,0,0.0,1.6946410919652861,101.43659976546064
10:14:08,1.694574,101.436574,0,0,0,0,0,0,0,0,291,180,forward,0,0,0.0,1.6946410919652861,101.43659976546064
10:14:10,1.694574,101.436574,0,0,0,0,0,0,0,0,291,180,forward,0,0,0.0,1.6946410919652861,101.43659976546064
10:14:13,1.694575,101.436574,0,0,0,0,0,0,0,0,291,180,forward,0,0,0.0,1.694642091965286,101.43659976546066
10:14:15,1.694575,101.436573,0,0,0,0,0,0,0,0,290,180,forward,0,0,0.0,1.6946425312194902,101.4365975901079
10:14:17,1.694576,101.436573,0,0,0,0,0,0,0,0,291,180,forward,0,0,0.0,1.6946430919652862,101.43659876546067
10:14:19,1.694576,101.436572,0,0,0,0,0,0,0,0,290,180,forward,0,0,0.0,1.6946435312194903,101.43659659010791
10:14:21,1.694577,101.436572,0,0,0,0,0,0,0,0,290,180,forward,0,0,0.0,1.6946445312194902,101.43659659010792
10:14:24,1.694577,101.436571,0,0,0,0,0,0,0,0,290,180,forward,0,0,0.0,1.6946445312194902,101.43659559010793
10:14:26,1.694577,101.436571,0,0,0,0,0,0,0,0,290,180,forward,0,0,0.0,1.6946445312194902,101.43659559010793
10:14:28,1.694577,101.436571,0,0,0,0,0,0,0,0,290,180,forward,0,0,0.0,1.6946445312194902,101.43659559010793
10:14:30,1.694577,101.436571,0,0,0,0,0,0,0,0,289,180,forward,0,0,0.0,1.6946449499030303,101.43659440726479
10:14:32,1.694577,101.436571,0,0,0,0,0,0,0,0,290,180,forward,0,0,0.0,1.6946445312194902,101.43659559010793
10:14:35,1.694577,101.436571,0,0,0,0,0,0,0,0,290,180,forward,0,0,0.0,1.6946445312194902,101.43659559010793
10:14:37,1.694577,101.436571,0,0,0,0,0,0,0,0,290,180,forward,0,0,0.0,1.6946445312194902,101.43659559010793
10:14:39,1.694577,101.436571,0,0,0,0,0,0,0,0,290,180,forward,0,0,0.0,1.6946445312194902,101.43659559010793
10:14:41,1.694577,101.436571,0,0,0,0,0,0,0,0,290,180,forward,0,0,0.0,1.6946445312194902,101.43659559010793
10:14:43,1.694577,101.436572,0,0,0,0,0,0,0,0,290,180,forward,0,0,0.0,1.6946445312194902,101.43659659010792
10:14:46,1.694577,101.436572,0,0,0,0,0,0,0,0,290,180,forward,0,0,0.0,1.6946445312194902,101.43659659010792
10:14:48,1.694576,101.436572,0,0,0,0,0,0,0,0,290,180,forward,0,0,0.0,1.6946435312194903,101.43659659010791
10:14:50,1.694576,101.436573,0,0,0,0,0,0,0,0,290,180,forward,0,0,0.0,1.6946435312194903,101.43659759010791
10:14:52,1.694575,101.436572,0,0,0,0,0,0,0,0,290,180,forward,0,0,0.0,1.6946425312194902,101.4365965901079
10:14:54,1.694575,101.436572,0,0,0,0,0,0,0,0,290,180,forward,0,0,0.0,1.6946425312194902,101.4365965901079
10:14:57,1.694575,101.436572,0,0,0,0,0,0,0,0,290,180,forward,0,0,0.0,1.6946425312194902,101.4365965901079
10:14:59,1.694574,101.436571,0,0,0,0,0,0,0,0,290,180,forward,0,0,0.0,1.6946415312194902,101.43659559010788
10:15:01,1.694574,101.436571,0,0,0,0,0,0,0,0,290,180,forward,0,0,0.0,1.6946415312194902,101.43659559010788
10:15:03,1.694574,101.43657,0,0,0,0,0,0,0,0,290,180,forward,0,0,0.0,1.6946415312194902,101.43659459010789
10:15:05,1.694574,101.43657,0,0,0,0,0,0,0,0,290,180,forward,0,0,0.0,1.6946415312194902,101.43659459010789
10:15:08,1.694573,101.436569,0,0,0,0,0,0,0,0,290,180,forward,0,0,0.0,1.6946405312194903,101.43659359010789
10:15:10,1.694573,101.436569,0,0,0,0,0,0,0,0,290,180,forward,0,0,0.0,1.6946405312194903,101.43659359010789
10:15:12,1.694573,101.436569,0,0,0,0,0,0,0,0,290,180,forward,0,0,0.0,1.6946405312194903,101.43659359010789
10:15:14,1.694574,101.436569,0,0,0,0,0,0,0,0,291,180,forward,0,0,0.0,1.6946410919652861,101.43659476546065
10:15:16,1.694574,101.436569,0,0,0,0,0,0,0,0,291,180,forward,0,0,0.0,1.6946410919652861,101.43659476546065
10:15:19,1.694574,101.436569,0,0,0,0,0,0,0,0,290,180,forward,0,0,0.0,1.6946415312194902,101.43659359010789
10:15:21,1.694574,101.436569,0,0,0,0,0,0,0,0,290,180,forward,0,0,0.0,1.6946415312194902,101.43659359010789
10:15:23,1.694574,101.436569,0,0,0,0,0,0,0,0,291,180,forward,0,0,0.0,1.6946410919652861,101.43659476546065
10:15:25,1.694575,101.436569,0,0,0,0,0,0,0,0,291,180,forward,0,0,0.0,1.694642091965286,101.43659476546067
10:15:27,1.694575,101.436569,0,0,0,0,0,0,0,0,291,180,forward,0,0,0.0,1.694642091965286,101.43659476546067
10:15:30,1.694575,101.436569,0,0,0,0,0,0,0,0,290,180,forward,0,0,0.0,1.6946425312194902,101.4365935901079
10:15:32,1.694575,101.436569,0,0,0,0,0,0,0,0,291,180,forward,0,0,0.0,1.694642091965286,101.43659476546067
10:15:34,1.694575,101.436569,0,0,0,0,0,0,0,0,291,180,forward,0,0,0.0,1.694642091965286,101.43659476546067
10:15:36,1.694576,101.436569,0,0,0,0,0,0,0,0,291,180,forward,0,0,0.0,1.6946430919652862,101.43659476546068
10:15:38,1.694576,101.436569,0,0,0,0,0,0,0,0,291,180,forward,0,0,0.0,1.6946430919652862,101.43659476546068
10:15:41,1.694576,101.43657,0,0,0,0,0,0,0,0,291,180,forward,0,0,0.0,1.6946430919652862,101.43659576546068
10:15:43,1.694577,101.43657,0,0,0,0,0,0,0,0,291,180,forward,0,0,0.0,1.694644091965286,101.4365957654607
10:15:45,1.694577,101.43657,0,0,0,0,0,0,0,0,291,180,forward,0,0,0.0,1.694644091965286,101.4365957654607
10:15:47,1.694577,101.43657,0,0,0,0,0,0,0,0,291,180,forward,0,0,0.0,1.694644091965286,101.4365957654607
10:15:49,1.694577,101.436571,0,0,0,0,0,0,0,0,291,180,forward,0,0,0.0,1.694644091965286,101.43659676546069
10:15:52,1.694578,101.436571,0,0,0,0,0,0,0,0,291,180,forward,0,0,0.0,1.694645091965286,101.4365967654607
10:15:54,1.694577,101.436571,0,0,0,0,0,0,0,0,291,180,forward,0,0,0.0,1.694644091965286,101.43659676546069
10:15:56,1.694577,101.436571,0,0,0,0,0,0,0,0,292,180,forward,0,0,0.0,1.6946436322742198,101.43659793296504
10:15:58,1.694577,101.436572,0,0,0,0,0,0,0,0,291,180,forward,0,0,0.0,1.694644091965286,101.43659776546069
10:16:00,1.694576,101.436572,0,0,0,0,0,0,0,0,292,180,forward,0,0,0.0,1.6946426322742199,101.43659893296503
10:16:03,1.694574,101.436572,0,0,0,0,0,0,0,0,292,180,forward,0,0,0.0,1.6946406322742198,101.436598932965
10:16:05,1.694573,101.436573,0,0,0,0,0,0,0,0,292,180,forward,0,0,0.0,1.6946396322742199,101.43659993296498
10:16:07,1.694572,101.436574,0,0,0,0,0,0,0,0,292,180,forward,0,0,0.0,1.6946386322742197,101.43660093296496
10:16:09,1.694571,101.436574,0,0,0,0,0,0,0,0,292,180,forward,0,0,0.0,1.6946376322742198,101.43660093296495
10:16:11,1.69457,101.436575,0,0,0,0,0,0,0,0,292,180,forward,0,0,0.0,1.6946366322742197,101.43660193296495
10:16:14,1.69457,101.436575,0,0,0,0,0,0,0,0,292,180,forward,0,0,0.0,1.6946366322742197,101.43660193296495
10:16:16,1.694569,101.436576,0,0,0,0,0,0,0,0,292,180,forward,0,0,0.0,1.6946356322742198,101.43660293296493
10:16:18,1.694569,101.436576,0,0,0,0,0,0,0,0,292,180,forward,0,0,0.0,1.6946356322742198,101.43660293296493
10:16:20,1.694569,101.436576,0,0,0,0,0,0,0,0,292,180,forward,0,0,0.0,1.6946356322742198,101.43660293296493
10:16:22,1.694568,101.436576,0,0,0,0,0,0,0,0,292,180,forward,0,0,0.0,1.6946346322742198,101.43660293296492
10:16:25,1.694568,101.436576,0,0,0,0,0,0,0,0,292,180,forward,0,0,0.0,1.6946346322742198,101.43660293296492
10:16:27,1.694568,101.436576,0,0,0,0,0,0,0,0,292,180,forward,0,0,0.0,1.6946346322742198,101.43660293296492
10:16:29,1.694567,101.436575,0,0,0,0,0,0,0,0,293,180,forward,0,0,0.0,1.694633152286317,101.4366030922652
10:16:31,1.694567,101.436575,0,0,0,0,0,0,0,0,292,180,forward,0,0,0.0,1.6946336322742197,101.4366019329649
10:16:33,1.694566,101.436575,0,0,0,0,0,0,0,0,293,180,forward,0,0,0.0,1.694632152286317,101.43660309226519
10:16:36,1.694566,101.436575,0,0,0,0,0,0,0,0,293,180,forward,0,0,0.0,1.694632152286317,101.43660309226519
10:16:38,1.694566,101.436574,0,0,0,0,0,0,0,0,293,180,forward,0,0,0.0,1.694632152286317,101.43660209226518
10:16:40,1.694565,101.436574,0,0,0,0,0,0,0,0,292,180,forward,0,0,0.0,1.6946316322742199,101.43660093296486
10:16:42,1.694565,101.436574,0,0,0,0,0,0,0,0,293,180,forward,0,0,0.0,1.694631152286317,101.43660209226516
10:16:44,1.694565,101.436573,0,0,0,0,0,0,0,0,293,180,forward,0,0,0.0,1.694631152286317,101.43660109226516
10:16:47,1.694565,101.436574,0,0,0,0,0,0,0,0,292,180,forward,0,0,0.0,1.6946316322742199,101.43660093296486
10:16:49,1.694565,101.436574,0,0,0,0,0,0,0,0,293,180,forward,0,0,0.0,1.694631152286317,101.43660209226516
10:16:51,1.694565,101.436573,0,0,0,0,0,0,0,0,292,180,forward,0,0,0.0,1.6946316322742199,101.43659993296487
10:16:53,1.694564,101.436573,0,0,0,0,0,0,0,0,293,180,forward,0,0,0.0,1.694630152286317,101.43660109226515
10:16:55,1.694564,101.436573,0,0,0,0,0,0,0,0,293,180,forward,0,0,0.0,1.694630152286317,101.43660109226515
10:16:58,1.694564,101.436573,0,0,0,0,0,0,0,0,292,180,forward,0,0,0.0,1.6946306322742197,101.43659993296485
10:17:00,1.694564,101.436573,0,0,0,0,0,0,0,0,292,180,forward,0,0,0.0,1.6946306322742197,101.43659993296485
10:17:02,1.694564,101.436573,0,0,0,0,0,0,0,0,292,180,forward,0,0,0.0,1.6946306322742197,101.43659993296485
10:17:04,1.694564,101.436573,0,0,0,0,0,0,0,0,293,180,forward,0,0,0.0,1.694630152286317,101.43660109226515
10:17:06,1.694563,101.436574,0,0,0,0,0,0,0,0,293,180,forward,0,0,0.0,1.694629152286317,101.43660209226513
10:17:09,1.694563,101.436574,0,0,0,0,0,0,0,0,293,180,forward,0,0,0.0,1.694629152286317,101.43660209226513
10:17:11,1.694562,101.436575,0,0,0,0,0,0,0,0,292,180,forward,0,0,0.0,1.6946286322742197,101.43660193296483
10:17:13,1.694562,101.436575,0,0,0,0,0,0,0,0,293,180,forward,0,0,0.0,1.694628152286317,101.43660309226513
10:17:15,1.694561,101.436575,0,0,0,0,0,0,0,0,292,180,forward,0,0,0.0,1.6946276322742198,101.43660193296482
10:17:17,1.694561,101.436575,0,0,0,0,0,0,0,0,292,180,forward,0,0,0.0,1.6946276322742198,101.43660193296482
10:17:20,1.69456,101.436575,0,0,0,0,0,0,0,0,293,180,forward,0,0,0.0,1.694626152286317,101.4366030922651
10:17:22,1.694559,101.436575,0,0,0,0,0,0,0,0,292,180,forward,0,0,0.0,1.6946256322742197,101.43660193296479
10:17:24,1.694559,101.436575,0,0,0,0,0,0,0,0,292,180,forward,0,0,0.0,1.6946256322742197,101.43660193296479
10:17:26,1.694559,101.436576,0,0,0,0,0,0,0,0,292,180,forward,0,0,0.0,1.6946256322742197,101.43660293296479
10:17:28,1.694559,101.436576,0,0,0,0,0,0,0,0,292,180,forward,0,0,0.0,1.6946256322742197,101.43660293296479
10:17:31,1.694558,101.436576,0,0,0,0,0,0,0,0,292,180,forward,0,0,0.0,1.6946246322742198,101.43660293296477
10:17:33,1.694558,101.436576,0,0,0,0,0,0,0,0,292,180,forward,0,0,0.0,1.6946246322742198,101.43660293296477
10:17:35,1.694558,101.436576,0,0,0,0,0,0,0,0,292,180,forward,0,0,0.0,1.6946246322742198,101.43660293296477
10:17:37,1.694557,101.436577,0,0,0,0,0,0,0,0,292,180,forward,0,0,0.0,1.6946236322742199,101.43660393296476
10:17:39,1.694557,101.436577,0,0,0,0,0,0,0,0,292,180,forward,0,0,0.0,1.6946236322742199,101.43660393296476
10:17:42,1.694556,101.436577,0,0,0,0,0,0,0,0,292,180,forward,0,0,0.0,1.6946226322742197,101.43660393296474
10:17:44,1.694555,101.436576,0,0,0,0,0,0,0,0,292,180,forward,0,0,0.0,1.6946216322742198,101.43660293296473
10:17:46,1.694555,101.436576,0,0,0,0,0,0,0,0,292,180,forward,0,0,0.0,1.6946216322742198,101.43660293296473
10:17:48,1.694554,101.436575,0,0,0,0,0,0,0,0,292,180,forward,0,0,0.0,1.6946206322742197,101.43660193296472
10:17:50,1.694554,101.436575,0,0,0,0,0,0,0,0,291,180,forward,0,0,0.0,1.694621091965286,101.43660076546038
10:17:53,1.694553,101.436574,0,0,0,0,0,0,0,0,292,180,forward,0,0,0.0,1.6946196322742197,101.4366009329647
10:17:55,1.694553,101.436574,0,0,0,0,0,0,0,0,292,180,forward,0,0,0.0,1.6946196322742197,101.4366009329647
10:17:57,1.694552,101.436573,0,0,0,0,0,0,0,0,292,180,forward,0,0,0.0,1.6946186322742198,101.43659993296468
10:17:59,1.694551,101.436572,0,0,0,0,0,0,0,0,292,180,forward,0,0,0.0,1.6946176322742197,101.43659893296467
10:18:01,1.69455,101.436572,0,0,0,0,0,0,0,0,291,180,forward,0,0,0.0,1.694617091965286,101.43659776546033
10:18:03,1.69455,101.436571,0,0,0,0,0,0,0,0,292,180,forward,0,0,0.0,1.6946166322742198,101.43659793296466
10:18:06,1.694549,101.43657,0,0,0,0,0,0,0,0,292,180,forward,0,0,0.0,1.6946156322742199,101.43659693296465
10:18:08,1.694549,101.43657,0,0,0,0,0,0,0,0,292,180,forward,0,0,0.0,1.6946156322742199,101.43659693296465
10:18:10,1.694548,101.436569,0,0,0,0,0,0,0,0,292,180,forward,0,0,0.0,1.6946146322742197,101.43659593296464
10:18:12,1.694547,101.436568,0,0,0,0,0,0,0,0,292,180,forward,0,0,0.0,1.6946136322742198,101.43659493296461
10:18:14,1.694547,101.436568,0,0,0,0,0,0,0,0,291,180,forward,0,0,0.0,1.6946140919652861,101.43659376546029
10:18:17,1.694547,101.436568,0,0,0,0,0,0,0,0,291,180,forward,0,0,0.0,1.6946140919652861,101.43659376546029
10:18:19,1.694546,101.436568,0,0,0,0,0,0,0,0,291,180,forward,0,0,0.0,1.6946130919652862,101.43659376546027
10:18:21,1.694546,101.436568,0,0,0,0,0,0,0,0,291,180,forward,0,0,0.0,1.6946130919652862,101.43659376546027
10:18:23,1.694546,101.436568,0,0,0,0,0,0,0,0,291,180,forward,0,0,0.0,1.6946130919652862,101.43659376546027
10:18:25,1.694545,101.436567,0,0,0,0,0,0,0,0,291,180,forward,0,0,0.0,1.694612091965286,101.43659276546026
10:18:28,1.694545,101.436567,0,0,0,0,0,0,0,0,291,180,forward,0,0,0.0,1.694612091965286,101.43659276546026
10:18:30,1.694545,101.436566,0,0,0,0,0,0,0,0,291,180,forward,0,0,0.0,1.694612091965286,101.43659176546026
10:18:32,1.694544,101.436565,0,0,0,0,0,0,0,0,291,180,forward,0,0,0.0,1.6946110919652861,101.43659076546025
10:18:34,1.694544,101.436564,0,0,0,0,0,0,0,0,291,180,forward,0,0,0.0,1.6946110919652861,101.43658976546025
10:18:36,1.694544,101.436563,0,0,0,0,0,0,0,0,291,180,forward,0,0,0.0,1.6946110919652861,101.43658876546026
10:18:39,1.694544,101.436563,0,0,0,0,0,0,0,0,291,180,forward,0,0,0.0,1.6946110919652861,101.43658876546026
10:18:41,1.694543,101.436562,0,0,0,0,0,0,0,0,291,180,forward,0,0,0.0,1.694610091965286,101.43658776546023
10:18:43,1.694543,101.436562,0,0,0,0,0,0,0,0,291,180,forward,0,0,0.0,1.694610091965286,101.43658776546023
10:18:45,1.694543,101.436561,0,0,0,0,0,0,0,0,291,180,forward,0,0,0.0,1.694610091965286,101.43658676546023
10:18:47,1.694542,101.43656,0,0,0,0,0,0,0,0,291,180,forward,0,0,0.0,1.694609091965286,101.43658576546022
10:18:50,1.694542,101.43656,0,0,0,0,0,0,0,0,291,180,forward,0,0,0.0,1.694609091965286,101.43658576546022
10:18:52,1.694542,101.436559,0,0,0,0,0,0,0,0,291,180,forward,0,0,0.0,1.694609091965286,101.43658476546022
10:18:54,1.694541,101.436559,0,0,0,0,0,0,0,0,291,180,forward,0,0,0.0,1.6946080919652862,101.43658476546021
10:18:56,1.694541,101.436558,0,0,0,0,0,0,0,0,291,180,forward,0,0,0.0,1.6946080919652862,101.43658376546021
10:18:58,1.69454,101.436557,0,0,0,0,0,0,0,0,291,180,forward,0,0,0.0,1.694607091965286,101.43658276546019
10:19:01,1.694539,101.436556,0,0,0,0,0,0,0,0,291,180,forward,0,0,0.0,1.694606091965286,101.43658176546018
10:19:03,1.694538,101.436556,0,0,0,0,0,0,0,0,291,180,forward,0,0,0.0,1.6946050919652862,101.43658176546016
10:19:05,1.694537,101.436555,0,0,0,0,0,0,0,0,291,180,forward,0,0,0.0,1.694604091965286,101.43658076546015
10:19:07,1.694536,101.436554,0,0,0,0,0,0,0,0,291,180,forward,0,0,0.0,1.6946030919652861,101.43657976546014
10:19:09,1.694535,101.436554,0,0,0,0,0,0,0,0,291,180,forward,0,0,0.0,1.694602091965286,101.43657976546014
10:19:12,1.694534,101.436553,0,0,0,0,0,0,0,0,291,180,forward,0,0,0.0,1.694601091965286,101.43657876546013
10:19:14,1.694533,101.436553,0,0,0,0,0,0,0,0,291,180,forward,0,0,0.0,1.6946000919652862,101.43657876546011
10:19:16,1.694532,101.436553,0,0,0,0,0,0,0,0,291,180,forward,0,0,0.0,1.694599091965286,101.4365787654601
10:19:18,1.694531,101.436552,0,0,0,0,0,0,0,0,291,180,forward,0,0,0.0,1.694598091965286,101.43657776546009
10:19:20,1.69453,101.436551,0,0,0,0,0,0,0,0,291,180,forward,0,0,0.0,1.6945970919652862,101.43657676546006
10:19:23,1.69453,101.436551,0,0,0,0,0,0,0,0,291,180,forward,0,0,0.0,1.6945970919652862,101.43657676546006
10:19:25,1.694529,101.43655,0,0,0,0,0,0,0,0,291,180,forward,0,0,0.0,1.694596091965286,101.43657576546005
10:19:27,1.694529,101.43655,0,0,0,0,0,0,0,0,291,180,forward,0,0,0.0,1.694596091965286,101.43657576546005
10:19:29,1.694529,101.436549,0,0,0,0,0,0,0,0,291,180,forward,0,0,0.0,1.694596091965286,101.43657476546005
10:19:31,1.694528,101.436549,0,0,0,0,0,0,0,0,291,180,forward,0,0,0.0,1.6945950919652861,101.43657476546004
10:19:34,1.694528,101.436549,0,0,0,0,0,0,0,0,291,180,forward,0,0,0.0,1.6945950919652861,101.43657476546004
10:19:36,1.694528,101.436548,0,0,0,0,0,0,0,0,291,180,forward,0,0,0.0,1.6945950919652861,101.43657376546004
10:19:38,1.694527,101.436548,0,0,0,0,0,0,0,0,291,180,forward,0,0,0.0,1.694594091965286,101.43657376546003
10:19:40,1.694527,101.436548,0,0,0,0,0,0,0,0,291,180,forward,0,0,0.0,1.694594091965286,101.43657376546003
10:19:42,1.694526,101.436548,0,0,0,0,0,0,0,0,292,180,forward,0,0,0.0,1.6945926322742197,101.43657493296433
10:19:45,1.694525,101.436548,0,0,0,0,0,0,0,0,292,180,forward,0,0,0.0,1.6945916322742198,101.43657493296432
10:19:47,1.694525,101.436547,0,0,0,0,0,0,0,0,291,180,forward,0,0,0.0,1.6945920919652862,101.43657276546
10:19:49,1.694524,101.436547,0,0,0,0,0,0,0,0,291,180,forward,0,0,0.0,1.694591091965286,101.43657276545999
10:19:51,1.694523,101.436547,0,0,0,0,0,0,0,0,291,180,forward,0,0,0.0,1.694590091965286,101.43657276545997
10:19:53,1.694522,101.436547,0,0,0,0,0,0,0,0,292,180,forward,0,0,0.0,1.6945886322742199,101.43657393296428
10:19:55,1.694522,101.436546,0,0,0,0,0,0,0,0,292,180,forward,0,0,0.0,1.6945886322742199,101.43657293296428
10:19:58,1.694522,101.436546,0,0,0,0,0,0,0,0,291,180,forward,0,0,0.0,1.6945890919652862,101.43657176545996
10:20:00,1.694521,101.436545,0,0,0,0,0,0,0,0,291,180,forward,0,0,0.0,1.694588091965286,101.43657076545993
10:20:02,1.694521,101.436545,0,0,0,0,0,0,0,0,291,180,forward,0,0,0.0,1.694588091965286,101.43657076545993
10:20:04,1.694521,101.436545,0,0,0,0,0,0,0,0,291,180,forward,0,0,0.0,1.694588091965286,101.43657076545993
10:20:06,1.694522,101.436544,0,0,0,0,0,0,0,0,291,180,forward,0,0,0.0,1.6945890919652862,101.43656976545995
10:20:09,1.694522,101.436544,0,0,0,0,0,0,0,0,291,180,forward,0,0,0.0,1.6945890919652862,101.43656976545995
10:20:11,1.694523,101.436543,0,0,0,0,0,0,0,0,291,180,forward,0,0,0.0,1.694590091965286,101.43656876545997
10:20:13,1.694524,101.436543,0,0,0,0,0,0,0,0,291,180,forward,0,0,0.0,1.694591091965286,101.43656876545998
10:20:15,1.694525,101.436543,0,0,0,0,0,0,0,0,291,180,forward,0,0,0.0,1.6945920919652862,101.43656876546
10:20:17,1.694526,101.436542,0,0,0,0,0,0,0,0,291,180,forward,0,0,0.0,1.694593091965286,101.43656776546001
10:20:20,1.694527,101.436542,0,0,0,0,0,0,0,0,291,180,forward,0,0,0.0,1.694594091965286,101.43656776546003
10:20:22,1.694528,101.436541,0,0,0,0,0,0,0,0,290,180,forward,0,0,0.0,1.6945955312194902,101.4365655901073
10:20:24,1.694529,101.436541,0,0,0,0,0,0,0,0,291,180,forward,0,0,0.0,1.694596091965286,101.43656676546006
10:20:26,1.69453,101.43654,0,0,0,0,0,0,0,0,290,180,forward,0,0,0.0,1.6945970919652862,101.43656576546006
10:20:28,1.694531,101.436539,0,0,0,0,0,0,0,0,291,180,forward,0,0,0.0,1.694598091965286,101.43656476546008
10:20:31,1.694532,101.436539,0,0,0,0,0,0,0,0,291,180,forward,0,0,0.0,1.694599091965286,101.43656476546009
10:20:33,1.694533,101.436539,0,0,0,0,0,0,0,0,290,180,forward,0,0,0.0,1.6946005312194903,101.43656359010737
10:20:35,1.694534,101.436538,0,0,0,0,0,0,0,0,291,180,forward,0,0,0.0,1.694601091965286,101.43656376546012
10:20:37,1.694535,101.436538,0,0,0,0,0,0,0,0,290,180,forward,0,0,0.0,1.6946025312194901,101.4365625901074
10:20:39,1.694536,101.436538,0,0,0,0,0,0,0,0,290,180,forward,0,0,0.0,1.6946035312194903,101.43656259010741
10:20:42,1.694536,101.436538,0,0,0,0,0,0,0,0,290,180,forward,0,0,0.0,1.6946035312194903,101.43656259010741
10:20:44,1.694537,101.436538,0,0,0,0,0,0,0,0,291,180,forward,0,0,0.0,1.694604091965286,101.43656376546015
10:20:46,1.694538,101.436538,0,0,0,0,0,0,0,0,290,180,forward,0,0,0.0,1.6946055312194903,101.43656259010743
10:20:48,1.694539,101.436538,0,0,0,0,0,0,0,0,290,180,forward,0,0,0.0,1.6946065312194902,101.43656259010744
10:20:50,1.69454,101.436538,0,0,0,0,0,0,0,0,290,180,forward,0,0,0.0,1.6946075312194901,101.43656259010746
10:20:53,1.694541,101.436539,0,0,0,0,0,0,0,0,291,180,forward,0,0,0.0,1.6946080919652862,101.4365647654602
10:20:55,1.694542,101.436539,0,0,0,0,0,0,0,0,290,180,forward,0,0,0.0,1.6946095312194902,101.43656359010748
10:20:57,1.694543,101.43654,0,0,0,0,0,0,0,0,290,180,forward,0,0,0.0,1.6946105312194901,101.4365645901075
10:20:59,1.694544,101.436541,0,0,0,0,0,0,0,0,290,180,forward,0,0,0.0,1.6946115312194903,101.43656559010752
10:21:01,1.694545,101.436541,0,0,0,0,0,0,0,0,290,180,forward,0,0,0.0,1.6946125312194902,101.43656559010753
10:21:04,1.694546,101.436542,0,0,0,0,0,0,0,0,289,180,forward,0,0,0.0,1.6946139499030304,101.43656540726441
10:21:06,1.694548,101.436542,0,0,0,0,0,0,0,0,290,180,forward,0,0,0.0,1.6946155312194902,101.43656659010756
10:21:08,1.694549,101.436542,0,0,0,0,0,0,0,0,289,180,forward,0,0,0.0,1.6946169499030304,101.43656540726445
10:21:10,1.69455,101.436542,0,0,0,0,0,0,0,0,289,180,forward,0,0,0.0,1.6946179499030303,101.43656540726447
10:21:12,1.694551,101.436542,0,0,0,0,0,0,0,0,288,180,forward,0,0,0.0,1.6946193478883718,101.43656421729126
10:21:15,1.694552,101.436543,0,0,0,0,0,0,0,0,289,180,forward,0,0,0.0,1.6946199499030303,101.43656640726448
10:21:17,1.694554,101.436543,0,0,0,0,0,0,0,0,288,180,forward,0,0,0.0,1.6946223478883717,101.4365652172913
10:21:19,1.694555,101.436544,0,0,0,0,0,0,0,0,288,180,forward,0,0,0.0,1.6946233478883719,101.4365662172913
10:21:21,1.694557,101.436545,0,0,0,0,0,0,0,0,287,180,forward,0,0,0.0,1.6946257250542847,101.43656602055052
10:21:23,1.694558,101.436545,0,0,0,0,0,0,0,0,287,180,forward,0,0,0.0,1.6946267250542846,101.43656602055053
10:21:26,1.69456,101.436544,0,0,0,0,0,0,0,0,287,180,forward,0,0,0.0,1.6946287250542846,101.43656502055055
10:21:28,1.694561,101.436544,0,0,0,0,0,0,0,0,287,180,forward,0,0,0.0,1.6946297250542846,101.43656502055056
10:21:30,1.694563,101.436543,0,0,0,0,0,0,0,0,287,180,forward,0,0,0.0,1.6946317250542846,101.43656402055058
10:21:32,1.694565,101.436543,0,0,0,0,0,0,0,0,287,180,forward,0,0,0.0,1.6946337250542847,101.4365640205506
10:21:34,1.694567,101.436542,0,0,0,0,0,0,0,0,286,180,forward,0,0,0.0,1.6946360812858798,101.43656181740674
10:21:37,1.694568,101.436543,0,0,0,0,0,0,0,0,286,180,forward,0,0,0.0,1.69463708128588,101.43656281740675
10:21:39,1.694569,101.436543,0,0,0,0,0,0,0,0,286,180,forward,0,0,0.0,1.69463808128588,101.43656281740677
10:21:41,1.69457,101.436543,0,0,0,0,0,0,0,0,286,180,forward,0,0,0.0,1.6946390812858798,101.43656281740677
10:21:43,1.69457,101.436543,0,0,0,0,0,0,0,0,285,180,forward,0,0,0.0,1.6946394164746463,101.43656160822631
10:21:45,1.694571,101.436543,0,0,0,0,0,0,0,0,285,180,forward,0,0,0.0,1.6946404164746465,101.43656160822633
10:21:48,1.69457,101.436543,0,0,0,0,0,0,0,0,285,180,forward,0,0,0.0,1.6946394164746463,101.43656160822631
10:21:50,1.69457,101.436543,0,0,0,0,0,0,0,0,285,180,forward,0,0,0.0,1.6946394164746463,101.43656160822631
10:21:52,1.694569,101.436543,0,0,0,0,0,0,0,0,285,180,forward,0,0,0.0,1.6946384164746464,101.4365616082263
10:21:54,1.694568,101.436543,0,0,0,0,0,0,0,0,284,180,forward,0,0,0.0,1.6946377305184825,101.43656039337759
10:21:56,1.694568,101.436543,0,0,0,0,0,0,0,0,284,180,forward,0,0,0.0,1.6946377305184825,101.43656039337759
10:21:59,1.694567,101.436543,0,0,0,0,0,0,0,0,284,180,forward,0,0,0.0,1.6946367305184824,101.43656039337758
10:22:01,1.694567,101.436543,0,0,0,0,0,0,0,0,284,180,forward,0,0,0.0,1.6946367305184824,101.43656039337758
10:22:03,1.694566,101.436543,0,0,0,0,0,0,0,0,284,180,forward,0,0,0.0,1.6946357305184825,101.43656039337758
10:22:05,1.694565,101.436543,0,0,0,0,0,0,0,0,285,180,forward,0,0,0.0,1.6946344164746465,101.43656160822627
10:22:07,1.694565,101.436543,0,0,0,0,0,0,0,0,285,180,forward,0,0,0.0,1.6946344164746465,101.43656160822627
10:22:10,1.694564,101.436543,0,0,0,0,0,0,0,0,285,180,forward,0,0,0.0,1.6946334164746464,101.43656160822626
10:22:12,1.694563,101.436544,0,0,0,0,0,0,0,0,285,180,forward,0,0,0.0,1.6946324164746465,101.43656260822624
10:22:14,1.694563,101.436544,0,0,0,0,0,0,0,0,285,180,forward,0,0,0.0,1.6946324164746465,101.43656260822624
10:22:16,1.694562,101.436544,0,0,0,0,0,0,0,0,285,180,forward,0,0,0.0,1.6946314164746463,101.43656260822624
10:22:18,1.694562,101.436544,0,0,0,0,0,0,0,0,285,180,forward,0,0,0.0,1.6946314164746463,101.43656260822624
10:22:21,1.694561,101.436544,0,0,0,0,0,0,0,0,285,180,forward,0,0,0.0,1.6946304164746464,101.43656260822623
10:22:23,1.694561,101.436544,0,0,0,0,0,0,0,0,285,180,forward,0,0,0.0,1.6946304164746464,101.43656260822623
10:22:25,1.694561,101.436545,0,0,0,0,0,0,0,0,286,180,forward,0,0,0.0,1.6946300812858799,101.43656481740668
10:22:27,1.694561,101.436545,0,0,0,0,0,0,0,0,285,180,forward,0,0,0.0,1.6946304164746464,101.43656360822622
10:22:29,1.694561,101.436545,0,0,0,0,0,0,0,0,285,180,forward,0,0,0.0,1.6946304164746464,101.43656360822622
10:22:32,1.694561,101.436544,0,0,0,0,0,0,0,0,285,180,forward,0,0,0.0,1.6946304164746464,101.43656260822623
10:22:34,1.694561,101.436544,0,0,0,0,0,0,0,0,286,180,forward,0,0,0.0,1.6946300812858799,101.43656381740668
10:22:36,1.694562,101.436544,0,0,0,0,0,0,0,0,286,180,forward,0,0,0.0,1.6946310812858798,101.4365638174067
10:22:38,1.694562,101.436544,0,0,0,0,0,0,0,0,286,180,forward,0,0,0.0,1.6946310812858798,101.4365638174067
10:22:40,1.694563,101.436543,0,0,0,0,0,0,0,0,286,180,forward,0,0,0.0,1.69463208128588,101.4365628174067
10:22:43,1.694565,101.436543,0,0,0,0,0,0,0,0,286,180,forward,0,0,0.0,1.69463408128588,101.43656281740672
10:22:45,1.694566,101.436542,0,0,0,0,0,0,0,0,286,180,forward,0,0,0.0,1.69463508128588,101.43656181740673
10:22:47,1.694567,101.436541,0,0,0,0,0,0,0,0,286,180,forward,0,0,0.0,1.6946360812858798,101.43656081740674
10:22:49,1.694567,101.43654,0,0,0,0,0,0,0,0,286,180,forward,0,0,0.0,1.6946360812858798,101.43655981740673
10:22:51,1.694568,101.436539,0,0,0,0,0,0,0,0,286,180,forward,0,0,0.0,1.69463708128588,101.43655881740675
10:22:54,1.694568,101.436538,0,0,0,0,0,0,0,0,286,180,forward,0,0,0.0,1.69463708128588,101.43655781740675
10:22:56,1.694568,101.436538,0,0,0,0,0,0,0,0,286,180,forward,0,0,0.0,1.69463708128588,101.43655781740675
10:22:58,1.694568,101.436537,0,0,0,0,0,0,0,0,286,180,forward,0,0,0.0,1.69463708128588,101.43655681740675
10:23:00,1.694568,101.436536,0,0,0,0,0,0,0,0,286,180,forward,0,0,0.0,1.69463708128588,101.43655581740676
10:23:02,1.694568,101.436536,0,0,0,0,0,0,0,0,287,180,forward,0,0,0.0,1.6946367250542846,101.43655702055064
10:23:05,1.694567,101.436535,0,0,0,0,0,0,0,0,286,180,forward,0,0,0.0,1.6946360812858798,101.43655481740674
10:23:07,1.694566,101.436534,0,0,0,0,0,0,0,0,287,180,forward,0,0,0.0,1.6946347250542846,101.43655502055061
10:23:09,1.694565,101.436533,0,0,0,0,0,0,0,0,287,180,forward,0,0,0.0,1.6946337250542847,101.4365540205506
10:23:11,1.694564,101.436532,0,0,0,0,0,0,0,0,287,180,forward,0,0,0.0,1.6946327250542845,101.43655302055059
10:23:13,1.694563,101.436531,0,0,0,0,0,0,0,0,288,180,forward,0,0,0.0,1.6946313478883719,101.4365532172914
10:23:16,1.694562,101.436531,0,0,0,0,0,0,0,0,288,180,forward,0,0,0.0,1.6946303478883717,101.43655321729139
10:23:18,1.69456,101.436531,0,0,0,0,0,0,0,0,288,180,forward,0,0,0.0,1.694628347888372,101.43655321729136
10:23:20,1.694557,101.436531,0,0,0,0,0,0,0,0,289,180,forward,0,0,0.0,1.6946249499030304,101.43655440726454
10:23:22,1.694554,101.436531,0,0,0,0,0,0,0,0,290,180,forward,0,0,0.0,1.69462153121949,101.43655559010764
10:23:24,1.69455,101.43653,0,0,0,0,0,0,0,0,291,180,forward,0,0,0.0,1.694617091965286,101.43655576546034
10:23:27,1.694546,101.43653,0,0,0,0,0,0,0,0,292,180,forward,0,0,0.0,1.6946126322742199,101.4365569329646
10:23:29,1.694543,101.436529,0,0,0,0,0,0,0,0,293,180,forward,0,0,0.0,1.694609152286317,101.43655709226485
10:23:31,1.694539,101.436528,0,0,0,0,0,0,0,0,293,180,forward,0,0,0.0,1.694605152286317,101.4365560922648
10:23:33,1.694535,101.436526,0,0,0,0,0,0,0,0,295,180,forward,0,0,0.0,1.694600132010977,101.43655638484326
10:23:35,1.694531,101.436524,0,0,0,0,0,0,0,0,296,180,forward,0,0,0.0,1.6945955920343252,101.43655551742307
10:23:38,1.694527,101.436522,0,0,0,0,0,0,0,0,296,180,forward,0,0,0.0,1.694591592034325,101.43655351742301
10:23:40,1.694524,101.43652,0,0,0,0,0,0,0,0,298,180,forward,0,0,0.0,1.6945874532254193,101.43655375343911
10:23:42,1.69452,101.436517,0,0,0,0,0,0,0,0,298,180,forward,0,0,0.0,1.6945834532254194,101.43655075343904
10:23:44,1.694517,101.436514,0,0,0,0,0,0,0,0,299,180,forward,0,0,0.0,1.6945798547400572,101.43654885619415
10:23:46,1.694514,101.43651,0,0,0,0,0,0,0,0,300,180,forward,0,0,0.0,1.6945762371085324,101.43654594833171
10:23:49,1.69451,101.436507,0,0,0,0,0,0,0,0,301,180,forward,0,0,0.0,1.6945716005189815,101.43654402951906
10:23:51,1.694507,101.436504,0,0,0,0,0,0,0,0,302,180,forward,0,0,0.0,1.6945679451653157,101.43654209942684
10:23:53,1.694504,101.4365,0,0,0,0,0,0,0,0,303,180,forward,0,0,0.0,1.6945642712471622,101.43653915772919
10:23:55,1.6945,101.436497,0,0,0,0,0,0,0,0,304,180,forward,0,0,0.0,1.6945595789698027,101.43653720410369
10:23:57,1.694498,101.436493,0,0,0,0,0,0,0,0,305,180,forward,0,0,0.0,1.6945568685441124,101.43653423823164
10:24:00,1.694495,101.436489,0,0,0,0,0,0,0,0,306,180,forward,0,0,0.0,1.6945531401864928,101.43653125979803
10:24:02,1.694494,101.436485,0,0,0,0,0,0,0,0,306,180,forward,0,0,0.0,1.6945521401864927,101.43652725979801
10:24:04,1.694492,101.43648,0,0,0,0,0,0,0,0,307,180,forward,0,0,0.0,1.6945493941188094,101.43652326849167
10:24:06,1.69449,101.436475,0,0,0,0,0,0,0,0,307,180,forward,0,0,0.0,1.6945473941188094,101.43651826849162
10:24:08,1.694488,101.43647,0,0,0,0,0,0,0,0,308,180,forward,0,0,0.0,1.6945446305683212,101.43651426400528
10:24:11,1.694487,101.436465,0,0,0,0,0,0,0,0,308,180,forward,0,0,0.0,1.6945436305683212,101.43650926400525
10:24:13,1.694486,101.436459,0,0,0,0,0,0,0,0,310,180,forward,0,0,0.0,1.6945410519545254,101.43650521428376
10:24:15,1.694485,101.436453,0,0,0,0,0,0,0,0,309,180,forward,0,0,0.0,1.6945408497676135,101.43649824603567
10:24:17,1.694485,101.436447,0,0,0,0,0,0,0,0,310,180,forward,0,0,0.0,1.6945400519545255,101.43649321428374
10:24:19,1.694486,101.43644,0,0,0,0,0,0,0,0,310,180,forward,0,0,0.0,1.6945410519545254,101.43648621428376
10:24:22,1.694487,101.436433,0,0,0,0,0,0,0,0,310,180,forward,0,0,0.0,1.6945420519545256,101.43647921428378
10:24:24,1.694488,101.436426,0,0,0,0,0,0,0,0,310,180,forward,0,0,0.0,1.6945430519545255,101.43647221428381
10:24:26,1.69449,101.436417,0,0,0,0,0,0,0,0,310,180,forward,0,0,0.0,1.6945450519545255,101.43646321428386
10:24:28,1.694492,101.43641,0,0,0,0,0,0,0,0,310,180,forward,0,0,0.0,1.6945470519545256,101.4364562142839
10:24:30,1.694494,101.436402,0,0,0,0,0,0,0,0,309,180,forward,0,0,0.0,1.6945498497676135,101.43644724603588
10:24:32,1.694497,101.436395,0,0,0,0,0,0,0,0,310,180,forward,0,0,0.0,1.6945520519545254,101.43644121428403
10:24:35,1.694498,101.436388,0,0,0,0,0,0,0,0,309,180,forward,0,0,0.0,1.6945538497676136,101.43643324603596
10:24:37,1.6945,101.436381,0,0,0,0,0,0,0,0,309,180,forward,0,0,0.0,1.6945558497676134,101.436426246036
10:24:39,1.694502,101.436374,0,0,0,0,0,0,0,0,308,180,forward,0,0,0.0,1.6945586305683211,101.4364182640056
10:24:41,1.694504,101.436368,0,0,0,0,0,0,0,0,308,180,forward,0,0,0.0,1.6945606305683212,101.43641226400565
10:24:43,1.694506,101.436362,0,0,0,0,0,0,0,0,307,180,forward,0,0,0.0,1.6945633941188094,101.43640526849198
10:24:46,1.694507,101.436355,0,0,0,0,0,0,0,0,307,180,forward,0,0,0.0,1.6945643941188093,101.43639826849201
10:24:48,1.694509,101.436349,0,0,0,0,0,0,0,0,307,180,forward,0,0,0.0,1.6945663941188094,101.43639226849206
10:24:50,1.694511,101.436342,0,0,0,0,0,0,0,0,306,180,forward,0,0,0.0,1.6945691401864929,101.43638425979839
10:24:52,1.694514,101.436335,0,0,0,0,0,0,0,0,305,180,forward,0,0,0.0,1.6945728685441124,101.43637623823199
10:24:54,1.694516,101.436328,0,0,0,0,0,0,0,0,305,180,forward,0,0,0.0,1.6945748685441122,101.43636923823203
10:24:56,1.694517,101.436322,0,0,0,0,0,0,0,0,304,180,forward,0,0,0.0,1.6945765789698028,101.43636220410404
10:24:59,1.694519,101.436315,0,0,0,0,0,0,0,0,305,180,forward,0,0,0.0,1.6945778685441124,101.4363562382321
10:25:01,1.694522,101.436308,0,0,0,0,0,0,0,0,273,180,forward,0,0,0.0,1.6945937667339395,101.43631176278065
10:25:03,1.694524,101.436301,0,0,0,0,0,0,0,0,273,180,forward,0,0,0.0,1.6945957667339393,101.43630476278065
10:25:05,1.694525,101.436293,0,0,0,0,0,0,0,0,276,180,forward,0,0,0.0,1.6945964715375201,101.4363005152478
10:25:07,1.694527,101.436285,0,0,0,0,0,0,0,0,275,180,forward,0,0,0.0,1.6945985917538602,101.43629126620714
10:25:10,1.694529,101.436277,0,0,0,0,0,0,0,0,275,180,forward,0,0,0.0,1.6946005917538602,101.43628326620716
10:25:12,1.69453,101.436268,0,0,0,0,0,0,0,0,274,180,forward,0,0,0.0,1.694601690162659,101.43627301525775
10:25:14,1.694532,101.43626,0,0,0,0,0,0,0,0,274,180,forward,0,0,0.0,1.6946036901626589,101.43626501525776
10:25:16,1.694533,101.436251,0,0,0,0,0,0,0,0,273,180,forward,0,0,0.0,1.6946047667339394,101.43625476278066
10:25:18,1.694534,101.436244,0,0,0,0,0,0,0,0,273,180,forward,0,0,0.0,1.6946057667339394,101.43624776278067
10:25:21,1.694535,101.436236,0,0,0,0,0,0,0,0,272,180,forward,0,0,0.0,1.6946068214443775,101.43623850915739
10:25:23,1.694536,101.436229,0,0,0,0,0,0,0,0,272,180,forward,0,0,0.0,1.6946078214443776,101.4362315091574
10:25:25,1.694536,101.436221,0,0,0,0,0,0,0,0,271,180,forward,0,0,0.0,1.6946078542773082,101.4362222547698
10:25:27,1.694537,101.436214,0,0,0,0,0,0,0,0,271,180,forward,0,0,0.0,1.6946088542773081,101.43621525476982
10:25:29,1.694538,101.436206,0,0,0,0,0,0,0,0,270,180,forward,0,0,0.0,1.6946098652227297,101.436206
10:25:32,1.694538,101.436198,0,0,0,0,0,0,0,0,270,180,forward,0,0,0.0,1.6946098652227297,101.436198
10:25:34,1.694538,101.43619,0,0,0,0,0,0,0,0,270,180,forward,0,0,0.0,1.6946098652227297,101.43619
10:25:36,1.694538,101.436183,0,0,0,0,0,0,0,0,269,180,forward,0,0,0.0,1.6946098542773083,101.43618174523019
10:25:38,1.694537,101.436177,0,0,0,0,0,0,0,0,269,180,forward,0,0,0.0,1.6946088542773081,101.43617574523019
10:25:40,1.694537,101.436169,0,0,0,0,0,0,0,0,269,180,forward,0,0,0.0,1.6946088542773081,101.4361677452302
10:25:43,1.694537,101.436163,0,0,0,0,0,0,0,0,268,180,forward,0,0,0.0,1.6946088214443775,101.4361604908426
10:25:45,1.694537,101.436156,0,0,0,0,0,0,0,0,268,180,forward,0,0,0.0,1.6946088214443775,101.4361534908426
10:25:47,1.694536,101.43615,0,0,0,0,0,0,0,0,268,180,forward,0,0,0.0,1.6946078214443776,101.4361474908426
10:25:49,1.694536,101.436144,0,0,0,0,0,0,0,0,268,180,forward,0,0,0.0,1.6946078214443776,101.4361414908426
10:25:51,1.694535,101.436138,0,0,0,0,0,0,0,0,267,180,forward,0,0,0.0,1.6946067667339393,101.43613423721933
10:25:54,1.694533,101.436132,0,0,0,0,0,0,0,0,267,180,forward,0,0,0.0,1.6946047667339394,101.43612823721934
10:25:56,1.694532,101.436126,0,0,0,0,0,0,0,0,267,180,forward,0,0,0.0,1.6946037667339393,101.43612223721934
10:25:58,1.69453,101.436121,0,0,0,0,0,0,0,0,267,180,forward,0,0,0.0,1.6946017667339395,101.43611723721934
10:26:00,1.694529,101.436116,0,0,0,0,0,0,0,0,266,180,forward,0,0,0.0,1.694600690162659,101.43611098474224
10:26:02,1.694528,101.436111,0,0,0,0,0,0,0,0,266,180,forward,0,0,0.0,1.694599690162659,101.43610598474224
10:26:05,1.694527,101.436106,0,0,0,0,0,0,0,0,266,180,forward,0,0,0.0,1.6945986901626588,101.43610098474225
10:26:07,1.694525,101.436102,0,0,0,0,0,0,0,0,266,180,forward,0,0,0.0,1.694596690162659,101.43609698474226
10:26:09,1.694524,101.436097,0,0,0,0,0,0,0,0,266,180,forward,0,0,0.0,1.6945956901626589,101.43609198474226
10:26:11,1.694524,101.436092,0,0,0,0,0,0,0,0,266,180,forward,0,0,0.0,1.6945956901626589,101.43608698474226
10:26:13,1.694522,101.436088,0,0,0,0,0,0,0,0,266,180,forward,0,0,0.0,1.694593690162659,101.43608298474226
10:26:16,1.69452,101.436083,0,0,0,0,0,0,0,0,266,180,forward,0,0,0.0,1.694591690162659,101.43607798474227
10:26:18,1.694519,101.436078,0,0,0,0,0,0,0,0,266,180,forward,0,0,0.0,1.694590690162659,101.43607298474227
10:26:20,1.694517,101.436074,0,0,0,0,0,0,0,0,266,180,forward,0,0,0.0,1.694588690162659,101.43606898474228
10:26:22,1.694516,101.436069,0,0,0,0,0,0,0,0,266,180,forward,0,0,0.0,1.6945876901626589,101.43606398474229
10:26:24,1.694514,101.436065,0,0,0,0,0,0,0,0,266,180,forward,0,0,0.0,1.694585690162659,101.43605998474229
10:26:26,1.694512,101.436061,0,0,0,0,0,0,0,0,266,180,forward,0,0,0.0,1.694583690162659,101.43605598474228
10:26:28,1.69451,101.436057,0,0,0,0,0,0,0,0,266,180,forward,0,0,0.0,1.694581690162659,101.4360519847423
10:26:31,1.694508,101.436053,0,0,0,0,0,0,0,0,266,180,forward,0,0,0.0,1.6945796901626589,101.4360479847423
10:26:33,1.694505,101.436049,0,0,0,0,0,0,0,0,267,180,forward,0,0,0.0,1.6945767667339393,101.43604523721939
10:26:35,1.694501,101.436045,0,0,0,0,0,0,0,0,267,180,forward,0,0,0.0,1.6945727667339394,101.43604123721938
10:26:37,1.694498,101.436041,0,0,0,0,0,0,0,0,267,180,forward,0,0,0.0,1.6945697667339394,101.43603723721941
10:26:39,1.694495,101.436037,0,0,0,0,0,0,0,0,267,180,forward,0,0,0.0,1.6945667667339395,101.4360332372194
10:26:42,1.694491,101.436033,0,0,0,0,0,0,0,0,267,180,forward,0,0,0.0,1.6945627667339394,101.43602923721942
10:26:44,1.694488,101.436029,0,0,0,0,0,0,0,0,267,180,forward,0,0,0.0,1.6945597667339394,101.43602523721943
10:26:46,1.694485,101.436025,0,0,0,0,0,0,0,0,267,180,forward,0,0,0.0,1.6945567667339394,101.43602123721942
10:26:48,1.694482,101.436021,0,0,0,0,0,0,0,0,268,180,forward,0,0,0.0,1.6945538214443776,101.43601849084267
10:26:50,1.694478,101.436017,0,0,0,0,0,0,0,0,268,180,forward,0,0,0.0,1.6945498214443775,101.43601449084268
10:26:53,1.694475,101.436013,0,0,0,0,0,0,0,0,268,180,forward,0,0,0.0,1.6945468214443775,101.43601049084269
10:26:55,1.694472,101.436008,0,0,0,0,0,0,0,0,269,180,forward,0,0,0.0,1.6945438542773081,101.43600674523023
10:26:57,1.694468,101.436003,0,0,0,0,0,0,0,0,270,180,forward,0,0,0.0,1.6945398652227297,101.436003
10:26:59,1.694464,101.435998,0,0,0,0,0,0,0,0,270,180,forward,0,0,0.0,1.6945358652227296,101.435998
10:27:01,1.694461,101.435993,0,0,0,0,0,0,0,0,270,180,forward,0,0,0.0,1.6945328652227296,101.435993
10:27:04,1.694457,101.435988,0,0,0,0,0,0,0,0,271,180,forward,0,0,0.0,1.6945288542773083,101.43598925476975
10:27:06,1.694453,101.435985,0,0,0,0,0,0,0,0,272,180,forward,0,0,0.0,1.6945248214443775,101.43598750915729
10:27:08,1.694449,101.43598,0,0,0,0,0,0,0,0,273,180,forward,0,0,0.0,1.6945207667339395,101.43598376278051
10:27:10,1.694444,101.435977,0,0,0,0,0,0,0,0,273,180,forward,0,0,0.0,1.6945157667339394,101.43598076278049
10:27:12,1.694439,101.435973,0,0,0,0,0,0,0,0,274,180,forward,0,0,0.0,1.694510690162659,101.43597801525752
10:27:15,1.694434,101.43597,0,0,0,0,0,0,0,0,275,180,forward,0,0,0.0,1.6945055917538603,101.43597626620684
10:27:17,1.694429,101.435966,0,0,0,0,0,0,0,0,276,180,forward,0,0,0.0,1.69450047153752,101.43597351524741
10:27:19,1.694425,101.435962,0,0,0,0,0,0,0,0,277,180,forward,0,0,0.0,1.694496329550257,101.43597076199876
10:27:21,1.69442,101.435957,0,0,0,0,0,0,0,0,278,180,forward,0,0,0.0,1.694491165835322,101.43596700608111
10:27:23,1.694415,101.435954,0,0,0,0,0,0,0,0,279,180,forward,0,0,0.0,1.6944859804425842,101.4359652471155
10:27:26,1.69441,101.43595,0,0,0,0,0,0,0,0,280,180,forward,0,0,0.0,1.6944807734285159,101.43596248472392
10:27:28,1.694405,101.435946,0,0,0,0,0,0,0,0,281,180,forward,0,0,0.0,1.694475544856176,101.43595971852935
10:27:30,1.694399,101.435941,0,0,0,0,0,0,0,0,282,180,forward,0,0,0.0,1.6944692947951892,101.43595594815596
10:27:32,1.694394,101.435937,0,0,0,0,0,0,0,0,284,180,forward,0,0,0.0,1.6944637305184824,101.43595439337602
10:27:34,1.694389,101.435932,0,0,0,0,0,0,0,0,285,180,forward,0,0,0.0,1.6944584164746463,101.43595060822457
10:27:37,1.694384,101.435928,0,0,0,0,0,0,0,0,286,180,forward,0,0,0.0,1.6944530812858798,101.43594781740487
10:27:39,1.694379,101.435924,0,0,0,0,0,0,0,0,288,180,forward,0,0,0.0,1.694447347888372,101.43594621728928
10:27:41,1.694374,101.435918,0,0,0,0,0,0,0,0,289,180,forward,0,0,0.0,1.6944419499030303,101.43594140726233
10:27:43,1.694368,101.435913,0,0,0,0,0,0,0,0,290,180,forward,0,0,0.0,1.6944355312194903,101.43593759010527
10:27:45,1.694363,101.435907,0,0,0,0,0,0,0,0,292,180,forward,0,0,0.0,1.6944296322742198,101.43593393296206
10:27:48,1.694359,101.435901,0,0,0,0,0,0,0,0,292,180,forward,0,0,0.0,1.6944256322742197,101.43592793296202
10:27:50,1.694354,101.435895,0,0,0,0,0,0,0,0,294,180,forward,0,0,0.0,1.694419652147787,101.43592424300512
10:27:52,1.69435,101.435889,0,0,0,0,0,0,0,0,295,180,forward,0,0,0.0,1.694415132010977,101.43591938484035
10:27:54,1.694346,101.435883,0,0,0,0,0,0,0,0,296,180,forward,0,0,0.0,1.694410592034325,101.43591451742006
10:27:56,1.694342,101.435877,0,0,0,0,0,0,0,0,297,180,forward,0,0,0.0,1.6944060323823142,101.43590964039926
10:27:59,1.694338,101.43587,0,0,0,0,0,0,0,0,299,180,forward,0,0,0.0,1.694400854740057,101.43590485619092
10:28:01,1.694335,101.435864,0,0,0,0,0,0,0,0,300,180,forward,0,0,0.0,1.6943972371085323,101.43589994832838
10:28:03,1.694332,101.435858,0,0,0,0,0,0,0,0,301,180,forward,0,0,0.0,1.6943936005189815,101.43589502951563
10:28:05,1.694329,101.435852,0,0,0,0,0,0,0,0,301,180,forward,0,0,0.0,1.6943906005189815,101.43588902951558
10:28:07,1.694326,101.435846,0,0,0,0,0,0,0,0,302,180,forward,0,0,0.0,1.6943869451653157,101.43588409942328
10:28:09,1.694324,101.43584,0,0,0,0,0,0,0,0,303,180,forward,0,0,0.0,1.6943842712471622,101.43587915772555
10:28:12,1.694321,101.435834,0,0,0,0,0,0,0,0,304,180,forward,0,0,0.0,1.6943805789698028,101.43587420409996
10:28:14,1.694319,101.435828,0,0,0,0,0,0,0,0,305,180,forward,0,0,0.0,1.6943778685441122,101.43586923822784
10:28:16,1.694317,101.435823,0,0,0,0,0,0,0,0,306,180,forward,0,0,0.0,1.6943751401864928,101.43586525979416
10:28:18,1.694316,101.435817,0,0,0,0,0,0,0,0,307,180,forward,0,0,0.0,1.6943733941188093,101.43586026848774
10:28:20,1.694314,101.435812,0,0,0,0,0,0,0,0,308,180,forward,0,0,0.0,1.6943706305683213,101.4358562640013
10:28:22,1.694313,101.435807,0,0,0,0,0,0,0,0,309,180,forward,0,0,0.0,1.6943688497676135,101.43585224603164
10:28:25,1.694313,101.435802,0,0,0,0,0,0,0,0,309,180,forward,0,0,0.0,1.6943688497676135,101.43584724603164
10:28:27,1.694313,101.435798,0,0,0,0,0,0,0,0,310,180,forward,0,0,0.0,1.6943680519545254,101.43584421427964
10:28:29,1.694313,101.435793,0,0,0,0,0,0,0,0,310,180,forward,0,0,0.0,1.6943680519545254,101.43583921427964
10:28:31,1.694313,101.435789,0,0,0,0,0,0,0,0,311,180,forward,0,0,0.0,1.6943672373720788,101.4358361684503
10:28:33,1.694312,101.435784,0,0,0,0,0,0,0,0,312,180,forward,0,0,0.0,1.6943654062684033,101.43583210825297
10:28:36,1.694313,101.435779,0,0,0,0,0,0,0,0,312,180,forward,0,0,0.0,1.6943664062684032,101.435827108253
10:28:38,1.694313,101.435775,0,0,0,0,0,0,0,0,313,180,forward,0,0,0.0,1.6943655588966609,101.43582403340147
10:28:40,1.694314,101.43577,0,0,0,0,0,0,0,0,313,180,forward,0,0,0.0,1.694366558896661,101.43581903340149
10:28:42,1.694314,101.435765,0,0,0,0,0,0,0,0,314,180,forward,0,0,0.0,1.6943656955149697,101.4358149436139
10:28:44,1.694315,101.43576,0,0,0,0,0,0,0,0,315,180,forward,0,0,0.0,1.6943658163863236,101.43581083861304
10:28:47,1.694316,101.435755,0,0,0,0,0,0,0,0,315,180,forward,0,0,0.0,1.6943668163863235,101.43580583861305
10:28:49,1.694316,101.43575,0,0,0,0,0,0,0,0,316,180,forward,0,0,0.0,1.6943659217785139,101.43580171812623
10:28:51,1.694316,101.435746,0,0,0,0,0,0,0,0,317,180,forward,0,0,0.0,1.694365011964047,101.43579858188555
10:28:53,1.694315,101.435742,0,0,0,0,0,0,0,0,318,180,forward,0,0,0.0,1.6943630872200612,101.4357954296279
10:28:55,1.694315,101.435737,0,0,0,0,0,0,0,0,319,180,forward,0,0,0.0,1.6943621478282422,101.4357912610951
10:28:58,1.694314,101.435732,0,0,0,0,0,0,0,0,320,180,forward,0,0,0.0,1.694360194074738,101.4357870760338
10:29:00,1.694314,101.435726,0,0,0,0,0,0,0,0,321,180,forward,0,0,0.0,1.694359226250071,101.43578187419585
10:29:02,1.694313,101.43572,0,0,0,0,0,0,0,0,322,180,forward,0,0,0.0,1.6943572446490502,101.43577665533805
10:29:04,1.694313,101.435715,0,0,0,0,0,0,0,0,324,180,forward,0,0,0.0,1.6943552413180731,101.43577316561651
10:29:06,1.694313,101.43571,0,0,0,0,0,0,0,0,325,180,forward,0,0,0.0,1.6943542201983508,101.4357688942927
10:29:09,1.694314,101.435704,0,0,0,0,0,0,0,0,326,180,forward,0,0,0.0,1.6943541865225569,101.43576360502917
10:29:11,1.694314,101.435698,0,0,0,0,0,0,0,0,327,180,forward,0,0,0.0,1.6943531406055587,101.43575829760933
10:29:13,1.694315,101.435693,0,0,0,0,0,0,0,0,328,180,forward,0,0,0.0,1.6943530827659528,101.43575397182228
10:29:15,1.694317,101.435687,0,0,0,0,0,0,0,0,330,180,forward,0,0,0.0,1.6943529326113649,101.43574926433064
10:29:17,1.694318,101.435681,0,0,0,0,0,0,0,0,331,180,forward,0,0,0.0,1.6943528409513404,101.43574388223234
10:29:19,1.69432,101.435674,0,0,0,0,0,0,0,0,332,180,forward,0,0,0.0,1.6943537386784249,101.43573748097955
10:29:22,1.694322,101.435669,0,0,0,0,0,0,0,0,333,180,forward,0,0,0.0,1.694354626128381,101.43573306038984
10:29:24,1.694324,101.435663,0,0,0,0,0,0,0,0,335,180,forward,0,0,0.0,1.6943543715555096,101.43572816049954
10:29:26,1.694327,101.435657,0,0,0,0,0,0,0,0,336,180,forward,0,0,0.0,1.6943562302194468,101.43572268086396
10:29:28,1.69433,101.435651,0,0,0,0,0,0,0,0,338,180,forward,0,0,0.0,1.6943569211862717,101.43571766141919
10:29:30,1.694333,101.435644,0,0,0,0,0,0,0,0,339,180,forward,0,0,0.0,1.6943587541925134,101.43571112131143
10:29:33,1.694335,101.435638,0,0,0,0,0,0,0,0,340,180,forward,0,0,0.0,1.694359579353778,101.43570556075784
10:29:35,1.694339,101.435632,0,0,0,0,0,0,0,0,342,180,forward,0,0,0.0,1.694361207575128,101.43570037778407
10:29:37,1.694342,101.435625,0,0,0,0,0,0,0,0,344,180,forward,0,0,0.0,1.6943618087399683,101.43569411150249
10:29:39,1.694346,101.435618,0,0,0,0,0,0,0,0,345,180,forward,0,0,0.0,1.6943646000883228,101.435687446838
10:29:41,1.69435,101.435611,0,0,0,0,0,0,0,0,347,180,forward,0,0,0.0,1.6943661661576237,101.43568105395066
10:29:44,1.694354,101.435603,0,0,0,0,0,0,0,0,349,180,forward,0,0,0.0,1.6943677125309515,101.43567357571338
10:29:46,1.694359,101.435595,0,0,0,0,0,0,0,0,350,180,forward,0,0,0.0,1.6943714792649647,101.43566580438589
10:29:48,1.694364,101.435588,0,0,0,0,0,0,0,0,352,180,forward,0,0,0.0,1.6943740017058984,101.43565919696452
10:29:50,1.69437,101.43558,0,0,0,0,0,0,0,0,354,180,forward,0,0,0.0,1.6943775119612943,101.43565150280067
10:29:52,1.694376,101.435573,0,0,0,0,0,0,0,0,355,180,forward,0,0,0.0,1.6943822634668648,101.43564462306982
10:29:55,1.694382,101.435566,0,0,0,0,0,0,0,0,357,180,forward,0,0,0.0,1.6943857611351523,101.43563779812665
10:29:57,1.694389,101.43556,0,0,0,0,0,0,0,0,359,180,forward,0,0,0.0,1.6943902542210758,101.43563188570857
10:29:59,1.694397,101.435554,0,0,0,0,0,0,0,0,0,180,forward,0,0,0.0,1.694397,101.43562589665908
10:30:01,1.694405,101.435548,0,0,0,0,0,0,0,0,2,180,forward,0,0,0.0,1.6944024919398963,101.43561985286188
10:30:03,1.694413,101.435542,0,0,0,0,0,0,0,0,3,180,forward,0,0,0.0,1.6944092388648477,101.4356137981278
10:30:06,1.694422,101.435536,0,0,0,0,0,0,0,0,5,180,forward,0,0,0.0,1.6944157365331354,101.4356076230715
10:30:08,1.694431,101.43553,0,0,0,0,0,0,0,0,6,180,forward,0,0,0.0,1.6944234880387057,101.43560150280291
10:30:10,1.694441,101.435525,0,0,0,0,0,0,0,0,8,180,forward,0,0,0.0,1.6944309982941017,101.43559619696735
10:30:12,1.694451,101.435519,0,0,0,0,0,0,0,0,10,180,forward,0,0,0.0,1.6944385207350352,101.43558980438925
10:30:14,1.694462,101.435514,0,0,0,0,0,0,0,0,11,180,forward,0,0,0.0,1.6944482874690483,101.43558457571731
10:30:17,1.694473,101.435508,0,0,0,0,0,0,0,0,13,180,forward,0,0,0.0,1.6944568338423762,101.43557805395511
10:30:19,1.694485,101.435503,0,0,0,0,0,0,0,0,15,180,forward,0,0,0.0,1.6944663999116771,101.43557244684298
10:30:21,1.694498,101.435498,0,0,0,0,0,0,0,0,16,180,forward,0,0,0.0,1.6944781912600317,101.43556711150804
10:30:23,1.694511,101.435493,0,0,0,0,0,0,0,0,19,180,forward,0,0,0.0,1.6944876029720664,101.43556097963068
10:30:25,1.694525,101.435487,0,0,0,0,0,0,0,0,20,180,forward,0,0,0.0,1.694500420646222,101.43555456076446
10:30:28,1.694539,101.435483,0,0,0,0,0,0,0,0,22,180,forward,0,0,0.0,1.6945120788137282,101.43554966142639
10:30:30,1.694553,101.435479,0,0,0,0,0,0,0,0,24,180,forward,0,0,0.0,1.694523769780553,101.43554468087162
10:30:32,1.694568,101.435474,0,0,0,0,0,0,0,0,25,180,forward,0,0,0.0,1.6945376284444904,101.43553916050774
10:30:34,1.694584,101.435471,0,0,0,0,0,0,0,0,28,180,forward,0,0,0.0,1.6945502613215753,101.43553448098821
10:30:36,1.6946,101.435468,0,0,0,0,0,0,0,0,28,180,forward,0,0,0.0,1.6945662613215753,101.43553148098873
10:30:39,1.694616,101.435466,0,0,0,0,0,0,0,0,30,180,forward,0,0,0.0,1.694580067388635,101.43552826434026
10:30:41,1.694634,101.435465,0,0,0,0,0,0,0,0,32,180,forward,0,0,0.0,1.6945959172340472,101.4355259718323
10:30:43,1.69465,101.435464,0,0,0,0,0,0,0,0,34,180,forward,0,0,0.0,1.6946098134774432,101.4355236050395
10:30:45,1.694668,101.435464,0,0,0,0,0,0,0,0,35,180,forward,0,0,0.0,1.6946267798016492,101.4355228943035
10:30:47,1.694685,101.435465,0,0,0,0,0,0,0,0,37,180,forward,0,0,0.0,1.6946417504293192,101.43552241923354
10:30:50,1.694703,101.435467,0,0,0,0,0,0,0,0,38,180,forward,0,0,0.0,1.6946587553509498,101.43552365534946
10:30:52,1.694721,101.43547,0,0,0,0,0,0,0,0,40,180,forward,0,0,0.0,1.694674805925262,101.43552507604538
10:30:54,1.69474,101.435474,0,0,0,0,0,0,0,0,41,180,forward,0,0,0.0,1.6946928521717577,101.43552826110701
10:30:56,1.694758,101.435478,0,0,0,0,0,0,0,0,43,180,forward,0,0,0.0,1.694708988035953,101.43553058189755
10:30:58,1.694775,101.435483,0,0,0,0,0,0,0,0,44,180,forward,0,0,0.0,1.694725078221486,101.43553471813848
10:31:01,1.694793,101.435489,0,0,0,0,0,0,0,0,45,180,forward,0,0,0.0,1.6947421836136765,101.43553983862559
10:31:03,1.694811,101.435495,0,0,0,0,0,0,0,0,46,180,forward,0,0,0.0,1.6947593044850304,101.43554494362672
10:31:05,1.694828,101.435503,0,0,0,0,0,0,0,0,47,180,forward,0,0,0.0,1.694775441103339,101.4355520334145
10:31:07,1.694845,101.43551,0,0,0,0,0,0,0,0,48,180,forward,0,0,0.0,1.6947915937315967,101.4355581082662
10:31:09,1.694862,101.435518,0,0,0,0,0,0,0,0,49,180,forward,0,0,0.0,1.6948077626279212,101.43556516846367
10:31:12,1.694879,101.435527,0,0,0,0,0,0,0,0,50,180,forward,0,0,0.0,1.6948239480454745,101.43557321429313
10:31:14,1.694895,101.435536,0,0,0,0,0,0,0,0,51,180,forward,0,0,0.0,1.6948391502323865,101.43558124604525
10:31:16,1.694912,101.435546,0,0,0,0,0,0,0,0,51,180,forward,0,0,0.0,1.6948561502323864,101.43559124604565
10:31:18,1.694928,101.435555,0,0,0,0,0,0,0,0,53,180,forward,0,0,0.0,1.6948706058811907,101.43559826850141
10:31:20,1.694944,101.435565,0,0,0,0,0,0,0,0,53,180,forward,0,0,0.0,1.6948866058811907,101.43560826850177
10:31:23,1.69496,101.435576,0,0,0,0,0,0,0,0,54,180,forward,0,0,0.0,1.6949018598135073,101.43561825980818
10:31:25,1.694976,101.435587,0,0,0,0,0,0,0,0,55,180,forward,0,0,0.0,1.6949171314558877,101.43562823824183
10:31:27,1.694991,101.435599,0,0,0,0,0,0,0,0,55,180,forward,0,0,0.0,1.6949321314558876,101.43564023824214
10:31:29,1.695006,101.435611,0,0,0,0,0,0,0,0,56,180,forward,0,0,0.0,1.6949464210301972,101.43565120411418
10:31:31,1.695022,101.435624,0,0,0,0,0,0,0,0,56,180,forward,0,0,0.0,1.6949624210301972,101.43566420411452
10:31:34,1.695037,101.435637,0,0,0,0,0,0,0,0,56,180,forward,0,0,0.0,1.694977421030197,101.43567720411482
10:31:36,1.695053,101.43565,0,0,0,0,0,0,0,0,57,180,forward,0,0,0.0,1.6949927287528377,101.43568915774028
10:31:38,1.695068,101.435663,0,0,0,0,0,0,0,0,58,180,forward,0,0,0.0,1.6950070548346843,101.43570109943789
10:31:40,1.695083,101.435677,0,0,0,0,0,0,0,0,58,180,forward,0,0,0.0,1.6950220548346842,101.43571509943817
10:31:42,1.695098,101.435691,0,0,0,0,0,0,0,0,58,180,forward,0,0,0.0,1.6950370548346843,101.43572909943848
10:31:45,1.695113,101.435706,0,0,0,0,0,0,0,0,59,180,forward,0,0,0.0,1.6950513994810186,101.43574302953057
10:31:47,1.695128,101.435721,0,0,0,0,0,0,0,0,59,180,forward,0,0,0.0,1.6950663994810184,101.43575802953086
10:31:49,1.695142,101.435737,0,0,0,0,0,0,0,0,59,180,forward,0,0,0.0,1.6950803994810184,101.43577402953113
10:31:51,1.695155,101.435752,0,0,0,0,0,0,0,0,60,180,forward,0,0,0.0,1.6950927628914676,101.4357879483436
10:31:53,1.695169,101.435768,0,0,0,0,0,0,0,0,60,180,forward,0,0,0.0,1.6951067628914676,101.43580394834387
10:31:56,1.695183,101.435784,0,0,0,0,0,0,0,0,60,180,forward,0,0,0.0,1.6951207628914677,101.43581994834413
10:31:58,1.695197,101.4358,0,0,0,0,0,0,0,0,60,180,forward,0,0,0.0,1.6951347628914677,101.43583594834439
10:32:00,1.695211,101.435816,0,0,0,0,0,0,0,0,60,180,forward,0,0,0.0,1.6951487628914677,101.43585194834465
10:32:02,1.695225,101.435833,0,0,0,0,0,0,0,0,61,180,forward,0,0,0.0,1.6951621452599428,101.4358678562069
10:32:04,1.695239,101.43585,0,0,0,0,0,0,0,0,61,180,forward,0,0,0.0,1.6951761452599428,101.43588485620714
10:32:07,1.695253,101.435867,0,0,0,0,0,0,0,0,61,180,forward,0,0,0.0,1.6951901452599427,101.4359018562074
10:32:09,1.695267,101.435883,0,0,0,0,0,0,0,0,61,180,forward,0,0,0.0,1.695204145259943,101.43591785620765
10:32:11,1.695281,101.435899,0,0,0,0,0,0,0,0,62,180,forward,0,0,0.0,1.6952175467745807,101.43593275345232
10:32:13,1.695295,101.435916,0,0,0,0,0,0,0,0,62,180,forward,0,0,0.0,1.6952315467745807,101.43594975345256
10:32:15,1.69531,101.435933,0,0,0,0,0,0,0,0,62,180,forward,0,0,0.0,1.6952465467745808,101.43596675345282
10:32:18,1.695324,101.43595,0,0,0,0,0,0,0,0,62,180,forward,0,0,0.0,1.6952605467745807,101.43598375345306
10:32:20,1.695339,101.435968,0,0,0,0,0,0,0,0,63,180,forward,0,0,0.0,1.6952749676176857,101.43600064041607
10:32:22,1.695355,101.435985,0,0,0,0,0,0,0,0,63,180,forward,0,0,0.0,1.6952909676176857,101.43601764041634
10:32:24,1.69537,101.436003,0,0,0,0,0,0,0,0,64,180,forward,0,0,0.0,1.6953054079656749,101.43603451743672
10:32:26,1.695386,101.43602,0,0,0,0,0,0,0,0,64,180,forward,0,0,0.0,1.6953214079656749,101.436051517437
10:32:29,1.695402,101.436039,0,0,0,0,0,0,0,0,65,180,forward,0,0,0.0,1.695336867989023,101.43606938485685
10:32:31,1.695417,101.436056,0,0,0,0,0,0,0,0,65,180,forward,0,0,0.0,1.695351867989023,101.43608638485709
10:32:33,1.695433,101.436075,0,0,0,0,0,0,0,0,66,180,forward,0,0,0.0,1.6953673478522129,101.43610424302142
10:32:35,1.69545,101.436093,0,0,0,0,0,0,0,0,67,180,forward,0,0,0.0,1.695383847713683,101.43612109227801
10:32:37,1.695466,101.436112,0,0,0,0,0,0,0,0,67,180,forward,0,0,0.0,1.695399847713683,101.43614009227824
10:32:39,1.695481,101.43613,0,0,0,0,0,0,0,0,68,180,forward,0,0,0.0,1.6954143677257802,101.43615693297762
10:32:41,1.695497,101.436149,0,0,0,0,0,0,0,0,69,180,forward,0,0,0.0,1.695429908034714,101.43617476547293
10:32:44,1.695514,101.436168,0,0,0,0,0,0,0,0,69,180,forward,0,0,0.0,1.6954469080347139,101.43619376547315
10:32:46,1.69553,101.436188,0,0,0,0,0,0,0,0,70,180,forward,0,0,0.0,1.6954624687805098,101.43621259012004
10:32:48,1.695547,101.436208,0,0,0,0,0,0,0,0,71,180,forward,0,0,0.0,1.6954790500969696,101.43623140727651
10:32:50,1.695564,101.436228,0,0,0,0,0,0,0,0,72,180,forward,0,0,0.0,1.6954956521116282,101.43625021730288
10:32:52,1.69558,101.436248,0,0,0,0,0,0,0,0,72,180,forward,0,0,0.0,1.6955116521116282,101.43627021730308
10:32:55,1.695597,101.436269,0,0,0,0,0,0,0,0,73,180,forward,0,0,0.0,1.6955282749457155,101.4362900205618
10:32:57,1.695613,101.43629,0,0,0,0,0,0,0,0,74,180,forward,0,0,0.0,1.6955439187141201,101.43630981741745
10:32:59,1.69563,101.436311,0,0,0,0,0,0,0,0,75,180,forward,0,0,0.0,1.6955605835253535,101.4363296082365
10:33:01,1.695646,101.436332,0,0,0,0,0,0,0,0,76,180,forward,0,0,0.0,1.6955762694815175,101.43634939338726
10:33:03,1.695662,101.436354,0,0,0,0,0,0,0,0,76,180,forward,0,0,0.0,1.6955922694815175,101.4363713933874
10:33:05,1.695678,101.436376,0,0,0,0,0,0,0,0,77,180,forward,0,0,0.0,1.6956079766782732,101.43639217323997
10:33:08,1.695692,101.436397,0,0,0,0,0,0,0,0,78,180,forward,0,0,0.0,1.6956217052048108,101.43641194816595
10:33:10,1.695707,101.43642,0,0,0,0,0,0,0,0,79,180,forward,0,0,0.0,1.695636455143824,101.43643371853857
10:33:12,1.695722,101.436443,0,0,0,0,0,0,0,0,79,180,forward,0,0,0.0,1.695651455143824,101.43645671853868
10:33:14,1.695737,101.436466,0,0,0,0,0,0,0,0,80,180,forward,0,0,0.0,1.6956662265714841,101.43647848473246
10:33:16,1.695751,101.43649,0,0,0,0,0,0,0,0,81,180,forward,0,0,0.0,1.6956800195574158,101.43650124712327
10:33:18,1.695765,101.436513,0,0,0,0,0,0,0,0,81,180,forward,0,0,0.0,1.6956940195574157,101.43652424712336
10:33:21,1.695778,101.436535,0,0,0,0,0,0,0,0,82,180,forward,0,0,0.0,1.695706834164678,101.43654500608814
10:33:23,1.695791,101.436559,0,0,0,0,0,0,0,0,83,180,forward,0,0,0.0,1.695719670449743,101.43656776200494
10:33:25,1.695804,101.436583,0,0,0,0,0,0,0,0,83,180,forward,0,0,0.0,1.695732670449743,101.43659176200501
10:33:27,1.695817,101.436608,0,0,0,0,0,0,0,0,84,180,forward,0,0,0.0,1.6957455284624798,101.43661551525281
10:33:29,1.695828,101.436633,0,0,0,0,0,0,0,0,84,180,forward,0,0,0.0,1.6957565284624798,101.43664051525285
10:33:32,1.69584,101.436658,0,0,0,0,0,0,0,0,85,180,forward,0,0,0.0,1.6957684082461397,101.4366642662114
10:33:34,1.695851,101.436681,0,0,0,0,0,0,0,0,85,180,forward,0,0,0.0,1.6957794082461397,101.43668726621142
10:33:36,1.695863,101.436707,0,0,0,0,0,0,0,0,86,180,forward,0,0,0.0,1.695791309837341,101.43671201526121
10:33:38,1.695874,101.436732,0,0,0,0,0,0,0,0,86,180,forward,0,0,0.0,1.6958023098373411,101.43673701526124
10:33:40,1.695885,101.436757,0,0,0,0,0,0,0,0,87,180,forward,0,0,0.0,1.6958132332660607,101.4367607627833
10:33:42,1.695896,101.436783,0,0,0,0,0,0,0,0,87,180,forward,0,0,0.0,1.6958242332660607,101.43678676278333
10:33:44,1.695905,101.436806,0,0,0,0,0,0,0,0,87,180,forward,0,0,0.0,1.6958332332660606,101.43680976278334
10:33:47,1.695915,101.436832,0,0,0,0,0,0,0,0,88,180,forward,0,0,0.0,1.6958431785556225,101.43683450915918
10:33:49,1.695925,101.436858,0,0,0,0,0,0,0,0,88,180,forward,0,0,0.0,1.6958531785556223,101.4368605091592
10:33:51,1.695935,101.436885,0,0,0,0,0,0,0,0,88,180,forward,0,0,0.0,1.6958631785556224,101.43688750915922
10:33:53,1.695944,101.436911,0,0,0,0,0,0,0,0,89,180,forward,0,0,0.0,1.6958721457226917,101.43691225477072
10:33:55,1.695953,101.436938,0,0,0,0,0,0,0,0,89,180,forward,0,0,0.0,1.6958811457226919,101.43693925477072
10:33:58,1.695963,101.436966,0,0,0,0,0,0,0,0,89,180,forward,0,0,0.0,1.695891145722692,101.43696725477074
10:34:00,1.695972,101.436993,0,0,0,0,0,0,0,0,90,180,forward,0,0,0.0,1.6959001347772704,101.436993
10:34:02,1.69598,101.43702,0,0,0,0,0,0,0,0,90,180,forward,0,0,0.0,1.6959081347772704,101.43702
10:34:04,1.695989,101.437047,0,0,0,0,0,0,0,0,90,180,forward,0,0,0.0,1.6959171347772704,101.437047
10:34:06,1.695997,101.437074,0,0,0,0,0,0,0,0,90,180,forward,0,0,0.0,1.6959251347772704,101.437074
10:34:09,1.696005,101.437101,0,0,0,0,0,0,0,0,91,180,forward,0,0,0.0,1.6959331457226918,101.43709974522925
10:34:11,1.696013,101.437129,0,0,0,0,0,0,0,0,91,180,forward,0,0,0.0,1.6959411457226918,101.43712774522923
10:34:13,1.69602,101.437158,0,0,0,0,0,0,0,0,91,180,forward,0,0,0.0,1.695948145722692,101.43715674522923
10:34:15,1.696028,101.437186,0,0,0,0,0,0,0,0,91,180,forward,0,0,0.0,1.695956145722692,101.43718474522922
10:34:17,1.696034,101.437212,0,0,0,0,0,0,0,0,92,180,forward,0,0,0.0,1.6959621785556225,101.43720949084066
10:34:19,1.696042,101.437239,0,0,0,0,0,0,0,0,92,180,forward,0,0,0.0,1.6959701785556225,101.43723649084066
10:34:22,1.696049,101.437267,0,0,0,0,0,0,0,0,92,180,forward,0,0,0.0,1.6959771785556224,101.43726449084065
10:34:24,1.696056,101.437295,0,0,0,0,0,0,0,0,92,180,forward,0,0,0.0,1.6959841785556224,101.43729249084063
10:34:26,1.696063,101.437323,0,0,0,0,0,0,0,0,93,180,forward,0,0,0.0,1.6959912332660607,101.43731923721637
10:34:28,1.69607,101.43735,0,0,0,0,0,0,0,0,93,180,forward,0,0,0.0,1.6959982332660606,101.43734623721635
10:34:30,1.696078,101.437379,0,0,0,0,0,0,0,0,93,180,forward,0,0,0.0,1.6960062332660606,101.43737523721633
10:34:33,1.696085,101.437407,0,0,0,0,0,0,0,0,93,180,forward,0,0,0.0,1.6960132332660607,101.43740323721632
10:34:35,1.696092,101.437434,0,0,0,0,0,0,0,0,93,180,forward,0,0,0.0,1.6960202332660606,101.4374302372163
10:34:37,1.696099,101.437463,0,0,0,0,0,0,0,0,94,180,forward,0,0,0.0,1.696027309837341,101.43745798473817
10:34:39,1.696106,101.437491,0,0,0,0,0,0,0,0,94,180,forward,0,0,0.0,1.696034309837341,101.43748598473816
10:34:41,1.696112,101.43752,0,0,0,0,0,0,0,0,95,180,forward,0,0,0.0,1.6960404082461398,101.43751373378772
10:34:44,1.696118,101.437549,0,0,0,0,0,0,0,0,95,180,forward,0,0,0.0,1.6960464082461397,101.43754273378771
10:34:46,1.696124,101.437579,0,0,0,0,0,0,0,0,95,180,forward,0,0,0.0,1.6960524082461397,101.43757273378769
10:34:48,1.696129,101.437609,0,0,0,0,0,0,0,0,96,180,forward,0,0,0.0,1.69605752846248,101.43760148474598
10:34:50,1.696135,101.43764,0,0,0,0,0,0,0,0,96,180,forward,0,0,0.0,1.6960635284624799,101.43763248474596
10:34:52,1.69614,101.43767,0,0,0,0,0,0,0,0,96,180,forward,0,0,0.0,1.69606852846248,101.43766248474594
10:34:55,1.696145,101.437701,0,0,0,0,0,0,0,0,97,180,forward,0,0,0.0,1.696073670449743,101.43769223799346
10:34:57,1.696151,101.437731,0,0,0,0,0,0,0,0,97,180,forward,0,0,0.0,1.696079670449743,101.43772223799343
10:34:59,1.696156,101.437761,0,0,0,0,0,0,0,0,97,180,forward,0,0,0.0,1.696084670449743,101.4377522379934
10:35:01,1.69616,101.437792,0,0,0,0,0,0,0,0,97,180,forward,0,0,0.0,1.6960886704497429,101.43778323799339
10:35:03,1.696165,101.437823,0,0,0,0,0,0,0,0,98,180,forward,0,0,0.0,1.6960938341646778,101.43781299390986
10:35:06,1.696169,101.437854,0,0,0,0,0,0,0,0,99,180,forward,0,0,0.0,1.6960980195574158,101.4378427528743
10:35:08,1.696174,101.437885,0,0,0,0,0,0,0,0,98,180,forward,0,0,0.0,1.696102834164678,101.43787499390982
10:35:10,1.696177,101.437916,0,0,0,0,0,0,0,0,99,180,forward,0,0,0.0,1.6961060195574158,101.43790475287426
10:35:12,1.696181,101.437946,0,0,0,0,0,0,0,0,99,180,forward,0,0,0.0,1.6961100195574157,101.43793475287423
10:35:14,1.696184,101.437976,0,0,0,0,0,0,0,0,99,180,forward,0,0,0.0,1.6961130195574157,101.43796475287422
10:35:17,1.696187,101.438006,0,0,0,0,0,0,0,0,100,180,forward,0,0,0.0,1.696116226571484,101.43799351526462
10:35:19,1.69619,101.438036,0,0,0,0,0,0,0,0,99,180,forward,0,0,0.0,1.6961190195574158,101.43802475287418
10:35:21,1.696192,101.438066,0,0,0,0,0,0,0,0,100,180,forward,0,0,0.0,1.696121226571484,101.4380535152646
10:35:23,1.696195,101.438097,0,0,0,0,0,0,0,0,100,180,forward,0,0,0.0,1.696124226571484,101.43808451526458
10:35:25,1.696196,101.438127,0,0,0,0,0,0,0,0,100,180,forward,0,0,0.0,1.6961252265714841,101.43811451526456
10:35:28,1.696198,101.438158,0,0,0,0,0,0,0,0,100,180,forward,0,0,0.0,1.6961272265714842,101.43814551526455
10:35:30,1.696199,101.438189,0,0,0,0,0,0,0,0,100,180,forward,0,0,0.0,1.696128226571484,101.43817651526454
10:35:32,1.6962,101.43822,0,0,0,0,0,0,0,0,100,180,forward,0,0,0.0,1.696129226571484,101.43820751526454
10:35:34,1.696201,101.438251,0,0,0,0,0,0,0,0,100,180,forward,0,0,0.0,1.6961302265714842,101.43823851526453
10:35:36,1.696202,101.438282,0,0,0,0,0,0,0,0,100,180,forward,0,0,0.0,1.696131226571484,101.43826951526454
10:35:39,1.696203,101.438313,0,0,0,0,0,0,0,0,100,180,forward,0,0,0.0,1.696132226571484,101.43830051526452
10:35:41,1.696203,101.438344,0,0,0,0,0,0,0,0,100,180,forward,0,0,0.0,1.696132226571484,101.43833151526452
10:35:43,1.696203,101.438375,0,0,0,0,0,0,0,0,100,180,forward,0,0,0.0,1.696132226571484,101.43836251526452
10:35:45,1.696203,101.438406,0,0,0,0,0,0,0,0,100,180,forward,0,0,0.0,1.696132226571484,101.43839351526452
10:35:47,1.696203,101.438434,0,0,0,0,0,0,0,0,100,180,forward,0,0,0.0,1.696132226571484,101.43842151526452
10:35:49,1.696203,101.438464,0,0,0,0,0,0,0,0,100,180,forward,0,0,0.0,1.696132226571484,101.43845151526452
10:35:51,1.696203,101.438492,0,0,0,0,0,0,0,0,100,180,forward,0,0,0.0,1.696132226571484,101.43847951526452
10:35:54,1.696202,101.438523,0,0,0,0,0,0,0,0,99,180,forward,0,0,0.0,1.6961310195574157,101.43851175287412
10:35:56,1.696201,101.438553,0,0,0,0,0,0,0,0,99,180,forward,0,0,0.0,1.6961300195574158,101.43854175287412
10:35:58,1.6962,101.438583,0,0,0,0,0,0,0,0,99,180,forward,0,0,0.0,1.6961290195574157,101.43857175287411
10:36:00,1.6962,101.438611,0,0,0,0,0,0,0,0,99,180,forward,0,0,0.0,1.6961290195574157,101.43859975287411
10:36:02,1.696198,101.438641,0,0,0,0,0,0,0,0,99,180,forward,0,0,0.0,1.6961270195574158,101.43862975287414
10:36:04,1.696197,101.438672,0,0,0,0,0,0,0,0,99,180,forward,0,0,0.0,1.6961260195574157,101.43866075287414
10:36:07,1.696195,101.438703,0,0,0,0,0,0,0,0,98,180,forward,0,0,0.0,1.6961238341646778,101.43869299390971
10:36:09,1.696193,101.438734,0,0,0,0,0,0,0,0,98,180,forward,0,0,0.0,1.696121834164678,101.43872399390972
10:36:11,1.696192,101.438765,0,0,0,0,0,0,0,0,98,180,forward,0,0,0.0,1.6961208341646778,101.43875499390973
10:36:13,1.69619,101.438796,0,0,0,0,0,0,0,0,97,180,forward,0,0,0.0,1.696118670449743,101.43878723799324
10:36:15,1.696188,101.438827,0,0,0,0,0,0,0,0,97,180,forward,0,0,0.0,1.696116670449743,101.43881823799326
10:36:18,1.696186,101.438858,0,0,0,0,0,0,0,0,97,180,forward,0,0,0.0,1.696114670449743,101.43884923799327
10:36:20,1.696184,101.438887,0,0,0,0,0,0,0,0,96,180,forward,0,0,0.0,1.6961125284624798,101.43887948474577
10:36:22,1.696181,101.438919,0,0,0,0,0,0,0,0,96,180,forward,0,0,0.0,1.6961095284624799,101.43891148474579
10:36:24,1.696179,101.438951,0,0,0,0,0,0,0,0,96,180,forward,0,0,0.0,1.69610752846248,101.43894348474579
10:36:26,1.696176,101.438982,0,0,0,0,0,0,0,0,95,180,forward,0,0,0.0,1.6961044082461396,101.43897573378752
10:36:28,1.696174,101.439014,0,0,0,0,0,0,0,0,95,180,forward,0,0,0.0,1.6961024082461398,101.43900773378752
10:36:31,1.696171,101.439045,0,0,0,0,0,0,0,0,94,180,forward,0,0,0.0,1.6960993098373411,101.43903998473799
10:36:33,1.696168,101.439076,0,0,0,0,0,0,0,0,93,180,forward,0,0,0.0,1.6960962332660605,101.43907223721615
10:36:35,1.696165,101.439104,0,0,0,0,0,0,0,0,93,180,forward,0,0,0.0,1.6960932332660605,101.43910023721617
10:36:37,1.696163,101.439135,0,0,0,0,0,0,0,0,93,180,forward,0,0,0.0,1.6960912332660607,101.43913123721616
10:36:39,1.69616,101.439163,0,0,0,0,0,0,0,0,93,180,forward,0,0,0.0,1.6960882332660605,101.43915923721616
10:36:41,1.696158,101.439194,0,0,0,0,0,0,0,0,92,180,forward,0,0,0.0,1.6960861785556225,101.4391914908405
10:36:43,1.696156,101.439222,0,0,0,0,0,0,0,0,91,180,forward,0,0,0.0,1.6960841457226918,101.43922074522915
10:36:45,1.696154,101.439254,0,0,0,0,0,0,0,0,91,180,forward,0,0,0.0,1.6960821457226918,101.43925274522915
10:36:48,1.696152,101.439284,0,0,0,0,0,0,0,0,90,180,forward,0,0,0.0,1.6960801347772705,101.439284
10:36:50,1.696149,101.439316,0,0,0,0,0,0,0,0,90,180,forward,0,0,0.0,1.6960771347772703,101.439316
10:36:52,1.696147,101.439348,0,0,0,0,0,0,0,0,89,180,forward,0,0,0.0,1.696075145722692,101.43934925477085
10:36:54,1.696144,101.439378,0,0,0,0,0,0,0,0,89,180,forward,0,0,0.0,1.696072145722692,101.43937925477086
10:36:56,1.696141,101.439411,0,0,0,0,0,0,0,0,88,180,forward,0,0,0.0,1.6960691785556223,101.43941350915948
10:36:58,1.696139,101.439441,0,0,0,0,0,0,0,0,88,180,forward,0,0,0.0,1.6960671785556225,101.43944350915947
10:37:00,1.696136,101.439473,0,0,0,0,0,0,0,0,87,180,forward,0,0,0.0,1.6960642332660607,101.43947676278378
10:37:02,1.696134,101.439503,0,0,0,0,0,0,0,0,87,180,forward,0,0,0.0,1.6960622332660606,101.43950676278378
10:37:05,1.696133,101.439535,0,0,0,0,0,0,0,0,86,180,forward,0,0,0.0,1.696061309837341,101.43954001526191
10:37:07,1.69613,101.439567,0,0,0,0,0,0,0,0,86,180,forward,0,0,0.0,1.696058309837341,101.4395720152619
10:37:09,1.696128,101.439596,0,0,0,0,0,0,0,0,85,180,forward,0,0,0.0,1.6960564082461398,101.43960226621232
10:37:11,1.696127,101.439629,0,0,0,0,0,0,0,0,85,180,forward,0,0,0.0,1.6960554082461397,101.43963526621232
10:37:13,1.696125,101.439662,0,0,0,0,0,0,0,0,84,180,forward,0,0,0.0,1.69605352846248,101.439669515254
10:37:15,1.696124,101.439695,0,0,0,0,0,0,0,0,84,180,forward,0,0,0.0,1.69605252846248,101.439702515254
10:37:17,1.696123,101.439724,0,0,0,0,0,0,0,0,83,180,forward,0,0,0.0,1.696051670449743,101.43973276200644
10:37:20,1.696122,101.439757,0,0,0,0,0,0,0,0,83,180,forward,0,0,0.0,1.696050670449743,101.43976576200645
10:37:22,1.696121,101.439789,0,0,0,0,0,0,0,0,83,180,forward,0,0,0.0,1.696049670449743,101.43979776200645
10:37:24,1.69612,101.439821,0,0,0,0,0,0,0,0,82,180,forward,0,0,0.0,1.696048834164678,101.43983100608989
10:37:26,1.69612,101.439851,0,0,0,0,0,0,0,0,82,180,forward,0,0,0.0,1.696048834164678,101.4398610060899
10:37:28,1.69612,101.439884,0,0,0,0,0,0,0,0,82,180,forward,0,0,0.0,1.696048834164678,101.4398940060899
10:37:30,1.69612,101.439917,0,0,0,0,0,0,0,0,81,180,forward,0,0,0.0,1.6960490195574158,101.43992824712541
10:37:32,1.696121,101.439948,0,0,0,0,0,0,0,0,81,180,forward,0,0,0.0,1.6960500195574157,101.43995924712542
10:37:35,1.696122,101.439981,0,0,0,0,0,0,0,0,80,180,forward,0,0,0.0,1.696051226571484,101.43999348473496
10:37:37,1.696122,101.440011,0,0,0,0,0,0,0,0,80,180,forward,0,0,0.0,1.696051226571484,101.44002348473495
10:37:39,1.696124,101.440043,0,0,0,0,0,0,0,0,80,180,forward,0,0,0.0,1.696053226571484,101.44005548473497
10:37:41,1.696125,101.440076,0,0,0,0,0,0,0,0,80,180,forward,0,0,0.0,1.6960542265714842,101.44008848473499
10:37:43,1.696127,101.440109,0,0,0,0,0,0,0,0,80,180,forward,0,0,0.0,1.696056226571484,101.44012148473499
10:37:45,1.696128,101.440142,0,0,0,0,0,0,0,0,80,180,forward,0,0,0.0,1.6960572265714842,101.44015448473499
10:37:47,1.69613,101.440172,0,0,0,0,0,0,0,0,79,180,forward,0,0,0.0,1.696059455143824,101.44018571854157
10:37:50,1.696133,101.440204,0,0,0,0,0,0,0,0,79,180,forward,0,0,0.0,1.696062455143824,101.44021771854159
10:37:52,1.696135,101.440235,0,0,0,0,0,0,0,0,79,180,forward,0,0,0.0,1.696064455143824,101.44024871854161
10:37:54,1.696137,101.440264,0,0,0,0,0,0,0,0,79,180,forward,0,0,0.0,1.696066455143824,101.44027771854162
10:37:56,1.69614,101.440297,0,0,0,0,0,0,0,0,79,180,forward,0,0,0.0,1.696069455143824,101.44031071854164
10:37:58,1.696142,101.44033,0,0,0,0,0,0,0,0,79,180,forward,0,0,0.0,1.696071455143824,101.44034371854165
10:38:00,1.696145,101.440363,0,0,0,0,0,0,0,0,79,180,forward,0,0,0.0,1.696074455143824,101.44037671854169
10:38:02,1.696148,101.440393,0,0,0,0,0,0,0,0,79,180,forward,0,0,0.0,1.696077455143824,101.4404067185417
10:38:04,1.696151,101.440426,0,0,0,0,0,0,0,0,79,180,forward,0,0,0.0,1.696080455143824,101.44043971854173
10:38:06,1.696154,101.440456,0,0,0,0,0,0,0,0,79,180,forward,0,0,0.0,1.696083455143824,101.44046971854173
10:38:09,1.696157,101.440489,0,0,0,0,0,0,0,0,79,180,forward,0,0,0.0,1.696086455143824,101.44050271854177
10:38:11,1.696162,101.440523,0,0,0,0,0,0,0,0,79,180,forward,0,0,0.0,1.696091455143824,101.4405367185418
10:38:13,1.696166,101.440556,0,0,0,0,0,0,0,0,79,180,forward,0,0,0.0,1.696095455143824,101.44056971854182
10:38:15,1.696169,101.440586,0,0,0,0,0,0,0,0,79,180,forward,0,0,0.0,1.696098455143824,101.44059971854185
10:38:17,1.696174,101.440619,0,0,0,0,0,0,0,0,79,180,forward,0,0,0.0,1.696103455143824,101.44063271854188
10:38:19,1.696179,101.440652,0,0,0,0,0,0,0,0,79,180,forward,0,0,0.0,1.6961084551438241,101.44066571854192
10:38:21,1.696184,101.440685,0,0,0,0,0,0,0,0,79,180,forward,0,0,0.0,1.696113455143824,101.44069871854195
10:38:24,1.696189,101.440715,0,0,0,0,0,0,0,0,79,180,forward,0,0,0.0,1.696118455143824,101.44072871854199
10:38:26,1.696194,101.440749,0,0,0,0,0,0,0,0,80,180,forward,0,0,0.0,1.696123226571484,101.44076148473542
10:38:28,1.696199,101.440779,0,0,0,0,0,0,0,0,79,180,forward,0,0,0.0,1.696128455143824,101.44079271854207
10:38:30,1.696204,101.440811,0,0,0,0,0,0,0,0,79,180,forward,0,0,0.0,1.696133455143824,101.44082471854209
10:38:32,1.696209,101.440844,0,0,0,0,0,0,0,0,80,180,forward,0,0,0.0,1.6961382265714842,101.44085648473552
10:38:34,1.696214,101.440876,0,0,0,0,0,0,0,0,80,180,forward,0,0,0.0,1.6961432265714842,101.44088848473555
10:38:36,1.696219,101.440906,0,0,0,0,0,0,0,0,80,180,forward,0,0,0.0,1.696148226571484,101.44091848473558
10:38:38,1.696224,101.440935,0,0,0,0,0,0,0,0,80,180,forward,0,0,0.0,1.696153226571484,101.4409474847356
10:38:41,1.69623,101.440967,0,0,0,0,0,0,0,0,80,180,forward,0,0,0.0,1.696159226571484,101.44097948473565
10:38:43,1.696236,101.441,0,0,0,0,0,0,0,0,80,180,forward,0,0,0.0,1.6961652265714842,101.4410124847357
10:38:45,1.696242,101.441033,0,0,0,0,0,0,0,0,80,180,forward,0,0,0.0,1.6961712265714841,101.44104548473574
10:38:47,1.696249,101.441065,0,0,0,0,0,0,0,0,80,180,forward,0,0,0.0,1.696178226571484,101.44107748473577
10:38:49,1.696255,101.441098,0,0,0,0,0,0,0,0,81,180,forward,0,0,0.0,1.6961840195574158,101.44110924712619
10:38:51,1.696261,101.441128,0,0,0,0,0,0,0,0,81,180,forward,0,0,0.0,1.6961900195574158,101.44113924712624
10:38:54,1.696268,101.441161,0,0,0,0,0,0,0,0,81,180,forward,0,0,0.0,1.6961970195574159,101.44117224712626
10:38:56,1.696276,101.441194,0,0,0,0,0,0,0,0,81,180,forward,0,0,0.0,1.6962050195574156,101.44120524712632
10:38:58,1.696282,101.441223,0,0,0,0,0,0,0,0,81,180,forward,0,0,0.0,1.6962110195574158,101.44123424712635
10:39:00,1.696289,101.441256,0,0,0,0,0,0,0,0,81,180,forward,0,0,0.0,1.6962180195574157,101.44126724712639
10:39:02,1.696296,101.441286,0,0,0,0,0,0,0,0,81,180,forward,0,0,0.0,1.6962250195574158,101.44129724712644
10:39:04,1.696303,101.441318,0,0,0,0,0,0,0,0,81,180,forward,0,0,0.0,1.6962320195574156,101.44132924712648
10:39:06,1.696311,101.44135,0,0,0,0,0,0,0,0,81,180,forward,0,0,0.0,1.6962400195574157,101.44136124712652
10:39:09,1.696318,101.441382,0,0,0,0,0,0,0,0,82,180,forward,0,0,0.0,1.696246834164678,101.44139200609092
10:39:11,1.696325,101.441415,0,0,0,0,0,0,0,0,82,180,forward,0,0,0.0,1.696253834164678,101.44142500609097
10:39:13,1.696331,101.441447,0,0,0,0,0,0,0,0,82,180,forward,0,0,0.0,1.696259834164678,101.44145700609099
10:39:15,1.696337,101.441477,0,0,0,0,0,0,0,0,82,180,forward,0,0,0.0,1.696265834164678,101.44148700609102
10:39:17,1.696344,101.44151,0,0,0,0,0,0,0,0,82,180,forward,0,0,0.0,1.696272834164678,101.44152000609105
10:39:19,1.69635,101.441543,0,0,0,0,0,0,0,0,82,180,forward,0,0,0.0,1.696278834164678,101.44155300609108
10:39:22,1.696357,101.441575,0,0,0,0,0,0,0,0,82,180,forward,0,0,0.0,1.6962858341646778,101.44158500609113
10:39:24,1.696363,101.441605,0,0,0,0,0,0,0,0,82,180,forward,0,0,0.0,1.696291834164678,101.44161500609115
10:39:26,1.696369,101.441638,0,0,0,0,0,0,0,0,82,180,forward,0,0,0.0,1.696297834164678,101.44164800609119
10:39:28,1.696375,101.441667,0,0,0,0,0,0,0,0,82,180,forward,0,0,0.0,1.696303834164678,101.44167700609121
10:39:30,1.696381,101.4417,0,0,0,0,0,0,0,0,82,180,forward,0,0,0.0,1.6963098341646778,101.44171000609124
10:39:32,1.696387,101.441729,0,0,0,0,0,0,0,0,82,180,forward,0,0,0.0,1.696315834164678,101.44173900609127
10:39:34,1.696392,101.441761,0,0,0,0,0,0,0,0,82,180,forward,0,0,0.0,1.6963208341646778,101.4417710060913
10:39:36,1.696398,101.441791,0,0,0,0,0,0,0,0,82,180,forward,0,0,0.0,1.696326834164678,101.44180100609132
10:39:38,1.696404,101.441823,0,0,0,0,0,0,0,0,82,180,forward,0,0,0.0,1.696332834164678,101.44183300609137
10:39:41,1.69641,101.441856,0,0,0,0,0,0,0,0,82,180,forward,0,0,0.0,1.696338834164678,101.4418660060914
10:39:43,1.696416,101.441889,0,0,0,0,0,0,0,0,82,180,forward,0,0,0.0,1.6963448341646779,101.44189900609143
10:39:45,1.696423,101.441922,0,0,0,0,0,0,0,0,82,180,forward,0,0,0.0,1.696351834164678,101.44193200609148
10:39:47,1.696428,101.441951,0,0,0,0,0,0,0,0,82,180,forward,0,0,0.0,1.696356834164678,101.44196100609149
10:39:49,1.696434,101.441983,0,0,0,0,0,0,0,0,82,180,forward,0,0,0.0,1.696362834164678,101.44199300609152
10:39:51,1.69644,101.442015,0,0,0,0,0,0,0,0,82,180,forward,0,0,0.0,1.6963688341646779,101.44202500609155
10:39:54,1.696446,101.442047,0,0,0,0,0,0,0,0,81,180,forward,0,0,0.0,1.6963750195574157,101.4420582471273
10:39:56,1.696451,101.442075,0,0,0,0,0,0,0,0,81,180,forward,0,0,0.0,1.6963800195574157,101.44208624712734
10:39:58,1.696457,101.442104,0,0,0,0,0,0,0,0,81,180,forward,0,0,0.0,1.6963860195574159,101.44211524712738
10:40:00,1.696463,101.442136,0,0,0,0,0,0,0,0,81,180,forward,0,0,0.0,1.6963920195574158,101.44214724712741
10:40:02,1.696469,101.442168,0,0,0,0,0,0,0,0,81,180,forward,0,0,0.0,1.6963980195574158,101.44217924712744
10:40:04,1.696474,101.442197,0,0,0,0,0,0,0,0,81,180,forward,0,0,0.0,1.6964030195574158,101.44220824712747
10:40:06,1.69648,101.442226,0,0,0,0,0,0,0,0,81,180,forward,0,0,0.0,1.6964090195574157,101.44223724712751
10:40:08,1.696487,101.442258,0,0,0,0,0,0,0,0,81,180,forward,0,0,0.0,1.6964160195574158,101.44226924712754
10:40:10,1.696492,101.442287,0,0,0,0,0,0,0,0,81,180,forward,0,0,0.0,1.6964210195574159,101.44229824712757
10:40:12,1.696498,101.442316,0,0,0,0,0,0,0,0,81,180,forward,0,0,0.0,1.6964270195574158,101.44232724712761
10:40:14,1.696505,101.442348,0,0,0,0,0,0,0,0,81,180,forward,0,0,0.0,1.6964340195574157,101.44235924712764
10:40:17,1.696511,101.44238,0,0,0,0,0,0,0,0,81,180,forward,0,0,0.0,1.6964400195574159,101.44239124712769
10:40:19,1.696517,101.442413,0,0,0,0,0,0,0,0,81,180,forward,0,0,0.0,1.6964460195574158,101.44242424712772
10:40:21,1.696524,101.442445,0,0,0,0,0,0,0,0,81,180,forward,0,0,0.0,1.6964530195574157,101.44245624712777
10:40:23,1.696529,101.442474,0,0,0,0,0,0,0,0,81,180,forward,0,0,0.0,1.6964580195574157,101.44248524712779
10:40:25,1.696535,101.442503,0,0,0,0,0,0,0,0,81,180,forward,0,0,0.0,1.6964640195574157,101.44251424712783
10:40:27,1.696542,101.442535,0,0,0,0,0,0,0,0,81,180,forward,0,0,0.0,1.6964710195574157,101.44254624712786
10:40:29,1.696548,101.442567,0,0,0,0,0,0,0,0,81,180,forward,0,0,0.0,1.6964770195574157,101.4425782471279
10:40:31,1.696554,101.442596,0,0,0,0,0,0,0,0,81,180,forward,0,0,0.0,1.6964830195574157,101.44260724712792
10:40:34,1.696561,101.442629,0,0,0,0,0,0,0,0,81,180,forward,0,0,0.0,1.6964900195574157,101.44264024712797
10:40:36,1.696567,101.442661,0,0,0,0,0,0,0,0,81,180,forward,0,0,0.0,1.6964960195574157,101.44267224712802
10:40:38,1.696573,101.44269,0,0,0,0,0,0,0,0,81,180,forward,0,0,0.0,1.6965020195574159,101.44270124712804
10:40:40,1.69658,101.442723,0,0,0,0,0,0,0,0,81,180,forward,0,0,0.0,1.6965090195574157,101.44273424712809
10:40:42,1.696587,101.442756,0,0,0,0,0,0,0,0,82,180,forward,0,0,0.0,1.696515834164678,101.44276600609231
10:40:44,1.696594,101.442789,0,0,0,0,0,0,0,0,81,180,forward,0,0,0.0,1.6965230195574157,101.44280024712818
10:40:47,1.6966,101.442821,0,0,0,0,0,0,0,0,82,180,forward,0,0,0.0,1.696528834164678,101.44283100609238
10:40:49,1.696607,101.442854,0,0,0,0,0,0,0,0,82,180,forward,0,0,0.0,1.696535834164678,101.44286400609242
10:40:51,1.696613,101.442887,0,0,0,0,0,0,0,0,82,180,forward,0,0,0.0,1.6965418341646779,101.44289700609245
10:40:53,1.69662,101.44292,0,0,0,0,0,0,0,0,82,180,forward,0,0,0.0,1.696548834164678,101.44293000609248
10:40:55,1.696628,101.442953,0,0,0,0,0,0,0,0,83,180,forward,0,0,0.0,1.696556670449743,101.44296176200874
10:40:58,1.696635,101.442986,0,0,0,0,0,0,0,0,83,180,forward,0,0,0.0,1.6965636704497429,101.44299476200877
10:41:00,1.696642,101.443019,0,0,0,0,0,0,0,0,83,180,forward,0,0,0.0,1.696570670449743,101.44302776200881
10:41:02,1.696649,101.443053,0,0,0,0,0,0,0,0,84,180,forward,0,0,0.0,1.69657752846248,101.44306051525604
10:41:04,1.696657,101.443086,0,0,0,0,0,0,0,0,84,180,forward,0,0,0.0,1.69658552846248,101.44309351525605
10:41:06,1.696663,101.443117,0,0,0,0,0,0,0,0,84,180,forward,0,0,0.0,1.69659152846248,101.44312451525609
10:41:08,1.696671,101.443151,0,0,0,0,0,0,0,0,84,180,forward,0,0,0.0,1.69659952846248,101.44315851525612
10:41:11,1.696677,101.443184,0,0,0,0,0,0,0,0,85,180,forward,0,0,0.0,1.6966054082461397,101.4431902662141
10:41:13,1.696685,101.443218,0,0,0,0,0,0,0,0,85,180,forward,0,0,0.0,1.6966134082461397,101.44322426621413
10:41:15,1.696692,101.443248,0,0,0,0,0,0,0,0,85,180,forward,0,0,0.0,1.6966204082461398,101.44325426621415
10:41:17,1.696699,101.443282,0,0,0,0,0,0,0,0,86,180,forward,0,0,0.0,1.696627309837341,101.44328701526338
10:41:19,1.696706,101.443313,0,0,0,0,0,0,0,0,86,180,forward,0,0,0.0,1.696634309837341,101.4433180152634
10:41:21,1.696713,101.443347,0,0,0,0,0,0,0,0,87,180,forward,0,0,0.0,1.6966412332660605,101.4433507627849
10:41:23,1.69672,101.443381,0,0,0,0,0,0,0,0,87,180,forward,0,0,0.0,1.6966482332660606,101.44338476278492
10:41:26,1.696727,101.443415,0,0,0,0,0,0,0,0,87,180,forward,0,0,0.0,1.6966552332660607,101.44341876278493
10:41:28,1.696735,101.443449,0,0,0,0,0,0,0,0,88,180,forward,0,0,0.0,1.6966631785556225,101.44345150916025
10:41:30,1.696742,101.443483,0,0,0,0,0,0,0,0,88,180,forward,0,0,0.0,1.6966701785556224,101.44348550916025
10:41:32,1.696749,101.443516,0,0,0,0,0,0,0,0,89,180,forward,0,0,0.0,1.696677145722692,101.44351725477124
10:41:34,1.696756,101.44355,0,0,0,0,0,0,0,0,89,180,forward,0,0,0.0,1.6966841457226918,101.44355125477125
10:41:37,1.696763,101.443583,0,0,0,0,0,0,0,0,89,180,forward,0,0,0.0,1.6966911457226919,101.44358425477125
10:41:39,1.696769,101.443616,0,0,0,0,0,0,0,0,90,180,forward,0,0,0.0,1.6966971347772704,101.443616
10:41:41,1.696776,101.44365,0,0,0,0,0,0,0,0,90,180,forward,0,0,0.0,1.6967041347772704,101.44365
10:41:43,1.696783,101.443683,0,0,0,0,0,0,0,0,90,180,forward,0,0,0.0,1.6967111347772703,101.443683
10:41:45,1.696789,101.443717,0,0,0,0,0,0,0,0,90,180,forward,0,0,0.0,1.6967171347772705,101.443717
10:41:48,1.696795,101.44375,0,0,0,0,0,0,0,0,91,180,forward,0,0,0.0,1.696723145722692,101.44374874522872
10:41:50,1.696801,101.443784,0,0,0,0,0,0,0,0,91,180,forward,0,0,0.0,1.6967291457226918,101.44378274522872
10:41:52,1.696807,101.443818,0,0,0,0,0,0,0,0,91,180,forward,0,0,0.0,1.6967351457226918,101.44381674522872
10:41:54,1.696813,101.443851,0,0,0,0,0,0,0,0,92,180,forward,0,0,0.0,1.6967411785556223,101.44384849083964
10:41:56,1.696819,101.443884,0,0,0,0,0,0,0,0,92,180,forward,0,0,0.0,1.6967471785556225,101.44388149083964
10:41:59,1.696824,101.443918,0,0,0,0,0,0,0,0,92,180,forward,0,0,0.0,1.6967521785556225,101.44391549083963
10:42:01,1.696829,101.443951,0,0,0,0,0,0,0,0,92,180,forward,0,0,0.0,1.6967571785556224,101.44394849083963
10:42:03,1.696833,101.443985,0,0,0,0,0,0,0,0,93,180,forward,0,0,0.0,1.6967612332660607,101.44398123721486
10:42:05,1.696838,101.444014,0,0,0,0,0,0,0,0,93,180,forward,0,0,0.0,1.6967662332660607,101.44401023721484
10:42:07,1.696843,101.444047,0,0,0,0,0,0,0,0,93,180,forward,0,0,0.0,1.6967712332660607,101.44404323721484
10:42:09,1.696847,101.444081,0,0,0,0,0,0,0,0,93,180,forward,0,0,0.0,1.6967752332660606,101.44407723721483
10:42:12,1.696851,101.444114,0,0,0,0,0,0,0,0,93,180,forward,0,0,0.0,1.6967792332660607,101.44411023721483
10:42:14,1.696855,101.444147,0,0,0,0,0,0,0,0,94,180,forward,0,0,0.0,1.696783309837341,101.44414198473622
10:42:16,1.696859,101.444181,0,0,0,0,0,0,0,0,94,180,forward,0,0,0.0,1.696787309837341,101.4441759847362
10:42:18,1.696863,101.444214,0,0,0,0,0,0,0,0,94,180,forward,0,0,0.0,1.696791309837341,101.4442089847362
10:42:20,1.696866,101.444248,0,0,0,0,0,0,0,0,94,180,forward,0,0,0.0,1.696794309837341,101.44424298473619
10:42:23,1.69687,101.444281,0,0,0,0,0,0,0,0,94,180,forward,0,0,0.0,1.6967983098373411,101.44427598473618
10:42:25,1.696874,101.444313,0,0,0,0,0,0,0,0,94,180,forward,0,0,0.0,1.696802309837341,101.44430798473617
10:42:27,1.696877,101.444346,0,0,0,0,0,0,0,0,94,180,forward,0,0,0.0,1.696805309837341,101.44434098473616
10:42:29,1.696881,101.444379,0,0,0,0,0,0,0,0,94,180,forward,0,0,0.0,1.6968093098373411,101.44437398473615
10:42:31,1.696884,101.444412,0,0,0,0,0,0,0,0,94,180,forward,0,0,0.0,1.696812309837341,101.44440698473615
10:42:34,1.696887,101.444444,0,0,0,0,0,0,0,0,94,180,forward,0,0,0.0,1.696815309837341,101.44443898473614
10:42:36,1.69689,101.444477,0,0,0,0,0,0,0,0,94,180,forward,0,0,0.0,1.696818309837341,101.44447198473614
10:42:38,1.696893,101.44451,0,0,0,0,0,0,0,0,94,180,forward,0,0,0.0,1.696821309837341,101.44450498473611
10:42:40,1.696896,101.444543,0,0,0,0,0,0,0,0,94,180,forward,0,0,0.0,1.696824309837341,101.44453798473612
10:42:42,1.696899,101.444577,0,0,0,0,0,0,0,0,94,180,forward,0,0,0.0,1.696827309837341,101.4445719847361
10:42:45,1.696901,101.44461,0,0,0,0,0,0,0,0,94,180,forward,0,0,0.0,1.696829309837341,101.4446049847361
10:42:47,1.696904,101.444644,0,0,0,0,0,0,0,0,94,180,forward,0,0,0.0,1.696832309837341,101.44463898473609
10:42:49,1.696906,101.444677,0,0,0,0,0,0,0,0,94,180,forward,0,0,0.0,1.696834309837341,101.44467198473609
10:42:51,1.696909,101.444711,0,0,0,0,0,0,0,0,94,180,forward,0,0,0.0,1.696837309837341,101.44470598473607
10:42:53,1.696911,101.444744,0,0,0,0,0,0,0,0,94,180,forward,0,0,0.0,1.696839309837341,101.44473898473608
10:42:56,1.696913,101.444778,0,0,0,0,0,0,0,0,94,180,forward,0,0,0.0,1.696841309837341,101.44477298473606
10:42:58,1.696916,101.444811,0,0,0,0,0,0,0,0,93,180,forward,0,0,0.0,1.6968442332660607,101.4448072372147
10:43:00,1.696918,101.444845,0,0,0,0,0,0,0,0,93,180,forward,0,0,0.0,1.6968462332660605,101.44484123721469
10:43:02,1.69692,101.444878,0,0,0,0,0,0,0,0,93,180,forward,0,0,0.0,1.6968482332660606,101.44487423721469
10:43:04,1.696921,101.444911,0,0,0,0,0,0,0,0,93,180,forward,0,0,0.0,1.6968492332660605,101.4449072372147
10:43:07,1.696923,101.444944,0,0,0,0,0,0,0,0,93,180,forward,0,0,0.0,1.6968512332660606,101.4449402372147
10:43:09,1.696925,101.444977,0,0,0,0,0,0,0,0,93,180,forward,0,0,0.0,1.6968532332660606,101.44497323721468
10:43:11,1.696927,101.44501,0,0,0,0,0,0,0,0,93,180,forward,0,0,0.0,1.6968552332660607,101.44500623721467
10:43:13,1.696929,101.445043,0,0,0,0,0,0,0,0,93,180,forward,0,0,0.0,1.6968572332660605,101.44503923721467
10:43:15,1.696931,101.445076,0,0,0,0,0,0,0,0,93,180,forward,0,0,0.0,1.6968592332660606,101.44507223721467
10:43:18,1.696933,101.445109,0,0,0,0,0,0,0,0,93,180,forward,0,0,0.0,1.6968612332660606,101.44510523721466
10:43:20,1.696935,101.445142,0,0,0,0,0,0,0,0,93,180,forward,0,0,0.0,1.6968632332660607,101.44513823721466
10:43:22,1.696937,101.445175,0,0,0,0,0,0,0,0,93,180,forward,0,0,0.0,1.6968652332660605,101.44517123721467
10:43:24,1.69694,101.445208,0,0,0,0,0,0,0,0,93,180,forward,0,0,0.0,1.6968682332660605,101.44520423721464
10:43:26,1.696942,101.445242,0,0,0,0,0,0,0,0,93,180,forward,0,0,0.0,1.6968702332660606,101.44523823721464
10:43:29,1.696944,101.445275,0,0,0,0,0,0,0,0,93,180,forward,0,0,0.0,1.6968722332660606,101.44527123721464
10:43:31,1.696946,101.445308,0,0,0,0,0,0,0,0,93,180,forward,0,0,0.0,1.6968742332660607,101.44530423721464
10:43:33,1.696948,101.445339,0,0,0,0,0,0,0,0,93,180,forward,0,0,0.0,1.6968762332660605,101.44533523721464
10:43:35,1.696951,101.445373,0,0,0,0,0,0,0,0,93,180,forward,0,0,0.0,1.6968792332660607,101.44536923721463
10:43:37,1.696953,101.445406,0,0,0,0,0,0,0,0,93,180,forward,0,0,0.0,1.6968812332660606,101.44540223721464
10:43:39,1.696956,101.44544,0,0,0,0,0,0,0,0,93,180,forward,0,0,0.0,1.6968842332660605,101.44543623721462
10:43:42,1.696959,101.445474,0,0,0,0,0,0,0,0,93,180,forward,0,0,0.0,1.6968872332660607,101.44547023721462
10:43:44,1.696961,101.445508,0,0,0,0,0,0,0,0,94,180,forward,0,0,0.0,1.696889309837341,101.44550298473595
10:43:46,1.696964,101.445542,0,0,0,0,0,0,0,0,93,180,forward,0,0,0.0,1.6968922332660605,101.4455382372146
10:43:48,1.696967,101.445576,0,0,0,0,0,0,0,0,94,180,forward,0,0,0.0,1.696895309837341,101.44557098473594
10:43:50,1.69697,101.445611,0,0,0,0,0,0,0,0,94,180,forward,0,0,0.0,1.6968983098373411,101.44560598473592
10:43:53,1.696973,101.445646,0,0,0,0,0,0,0,0,94,180,forward,0,0,0.0,1.696901309837341,101.4456409847359
10:43:55,1.696976,101.445681,0,0,0,0,0,0,0,0,94,180,forward,0,0,0.0,1.696904309837341,101.4456759847359
10:43:57,1.696979,101.445716,0,0,0,0,0,0,0,0,94,180,forward,0,0,0.0,1.696907309837341,101.4457109847359
10:43:59,1.696982,101.445751,0,0,0,0,0,0,0,0,95,180,forward,0,0,0.0,1.6969104082461397,101.4457447337849
10:44:01,1.696985,101.445786,0,0,0,0,0,0,0,0,95,180,forward,0,0,0.0,1.6969134082461397,101.44577973378489
10:44:04,1.696988,101.44582,0,0,0,0,0,0,0,0,96,180,forward,0,0,0.0,1.6969165284624799,101.44581248474265
10:44:06,1.696991,101.445855,0,0,0,0,0,0,0,0,96,180,forward,0,0,0.0,1.6969195284624798,101.44584748474263
10:44:08,1.696994,101.445889,0,0,0,0,0,0,0,0,96,180,forward,0,0,0.0,1.6969225284624798,101.44588148474263
10:44:10,1.696996,101.445924,0,0,0,0,0,0,0,0,97,180,forward,0,0,0.0,1.696924670449743,101.44591523798961
10:44:12,1.696999,101.445959,0,0,0,0,0,0,0,0,97,180,forward,0,0,0.0,1.696927670449743,101.44595023798959
10:44:15,1.697001,101.445993,0,0,0,0,0,0,0,0,97,180,forward,0,0,0.0,1.696929670449743,101.44598423798958
10:44:17,1.697003,101.446026,0,0,0,0,0,0,0,0,98,180,forward,0,0,0.0,1.696931834164678,101.44601599390553
10:44:19,1.697006,101.446061,0,0,0,0,0,0,0,0,98,180,forward,0,0,0.0,1.696934834164678,101.44605099390552
10:44:21,1.697008,101.446095,0,0,0,0,0,0,0,0,99,180,forward,0,0,0.0,1.6969370195574158,101.44608375286943
10:44:23,1.697011,101.446129,0,0,0,0,0,0,0,0,99,180,forward,0,0,0.0,1.6969400195574158,101.44611775286941
10:44:26,1.697013,101.446164,0,0,0,0,0,0,0,0,99,180,forward,0,0,0.0,1.6969420195574159,101.4461527528694
10:44:28,1.697015,101.446199,0,0,0,0,0,0,0,0,100,180,forward,0,0,0.0,1.696944226571484,101.44618651525927
10:44:30,1.697017,101.446234,0,0,0,0,0,0,0,0,100,180,forward,0,0,0.0,1.696946226571484,101.44622151525927
10:44:32,1.697019,101.446268,0,0,0,0,0,0,0,0,101,180,forward,0,0,0.0,1.696948455143824,101.44625428145213
10:44:34,1.69702,101.446303,0,0,0,0,0,0,0,0,101,180,forward,0,0,0.0,1.696949455143824,101.44628928145212
10:44:37,1.697022,101.446338,0,0,0,0,0,0,0,0,101,180,forward,0,0,0.0,1.696951455143824,101.4463242814521
10:44:39,1.697023,101.446373,0,0,0,0,0,0,0,0,101,180,forward,0,0,0.0,1.696952455143824,101.44635928145209
10:44:41,1.697024,101.446408,0,0,0,0,0,0,0,0,101,180,forward,0,0,0.0,1.6969534551438241,101.4463942814521
10:44:43,1.697024,101.446443,0,0,0,0,0,0,0,0,102,180,forward,0,0,0.0,1.696953705204811,101.44642805182376
10:44:45,1.697025,101.446478,0,0,0,0,0,0,0,0,102,180,forward,0,0,0.0,1.6969547052048108,101.44646305182374
10:44:48,1.697025,101.446512,0,0,0,0,0,0,0,0,102,180,forward,0,0,0.0,1.6969547052048108,101.44649705182374
10:44:50,1.697025,101.446547,0,0,0,0,0,0,0,0,102,180,forward,0,0,0.0,1.6969547052048108,101.44653205182374
10:44:52,1.697025,101.446581,0,0,0,0,0,0,0,0,103,180,forward,0,0,0.0,1.6969549766782732,101.44656482674877
10:44:54,1.697024,101.446614,0,0,0,0,0,0,0,0,102,180,forward,0,0,0.0,1.696953705204811,101.44659905182375
10:44:56,1.697024,101.446648,0,0,0,0,0,0,0,0,102,180,forward,0,0,0.0,1.696953705204811,101.44663305182375
10:44:59,1.697023,101.446681,0,0,0,0,0,0,0,0,103,180,forward,0,0,0.0,1.6969529766782732,101.44666482674879
10:45:01,1.697021,101.446714,0,0,0,0,0,0,0,0,102,180,forward,0,0,0.0,1.6969507052048107,101.44669905182378
10:45:03,1.69702,101.446746,0,0,0,0,0,0,0,0,102,180,forward,0,0,0.0,1.6969497052048108,101.44673105182379
10:45:05,1.697019,101.446779,0,0,0,0,0,0,0,0,103,180,forward,0,0,0.0,1.6969489766782733,101.44676282674884
10:45:07,1.697017,101.446811,0,0,0,0,0,0,0,0,103,180,forward,0,0,0.0,1.6969469766782732,101.44679482674884
10:45:10,1.697016,101.446844,0,0,0,0,0,0,0,0,103,180,forward,0,0,0.0,1.6969459766782733,101.44682782674884
10:45:12,1.697014,101.446876,0,0,0,0,0,0,0,0,103,180,forward,0,0,0.0,1.6969439766782732,101.44685982674886
10:45:14,1.697011,101.446909,0,0,0,0,0,0,0,0,102,180,forward,0,0,0.0,1.6969407052048109,101.44689405182386
10:45:16,1.697009,101.446941,0,0,0,0,0,0,0,0,102,180,forward,0,0,0.0,1.6969387052048108,101.44692605182387
10:45:18,1.697007,101.446974,0,0,0,0,0,0,0,0,102,180,forward,0,0,0.0,1.6969367052048108,101.44695905182388
10:45:21,1.697005,101.447007,0,0,0,0,0,0,0,0,102,180,forward,0,0,0.0,1.696934705204811,101.4469920518239
10:45:23,1.697002,101.44704,0,0,0,0,0,0,0,0,102,180,forward,0,0,0.0,1.6969317052048107,101.44702505182393
10:45:25,1.697,101.447074,0,0,0,0,0,0,0,0,102,180,forward,0,0,0.0,1.696929705204811,101.44705905182394
10:45:27,1.696997,101.447107,0,0,0,0,0,0,0,0,101,180,forward,0,0,0.0,1.6969264551438241,101.44709328145228
10:45:29,1.696995,101.447141,0,0,0,0,0,0,0,0,101,180,forward,0,0,0.0,1.696924455143824,101.4471272814523
10:45:32,1.696992,101.447174,0,0,0,0,0,0,0,0,100,180,forward,0,0,0.0,1.6969212265714841,101.44716151525944
10:45:34,1.696989,101.447206,0,0,0,0,0,0,0,0,100,180,forward,0,0,0.0,1.6969182265714842,101.44719351525944
10:45:36,1.696987,101.447238,0,0,0,0,0,0,0,0,100,180,forward,0,0,0.0,1.696916226571484,101.44722551525946
10:45:38,1.696984,101.447271,0,0,0,0,0,0,0,0,99,180,forward,0,0,0.0,1.6969130195574158,101.44725975286957
10:45:40,1.696981,101.447304,0,0,0,0,0,0,0,0,99,180,forward,0,0,0.0,1.6969100195574158,101.44729275286959
10:45:43,1.696978,101.447336,0,0,0,0,0,0,0,0,98,180,forward,0,0,0.0,1.696906834164678,101.44732599390566
10:45:45,1.696975,101.447368,0,0,0,0,0,0,0,0,98,180,forward,0,0,0.0,1.6969038341646778,101.44735799390567
10:45:47,1.696972,101.447399,0,0,0,0,0,0,0,0,97,180,forward,0,0,0.0,1.696900670449743,101.44739023798971
10:45:49,1.696969,101.447431,0,0,0,0,0,0,0,0,96,180,forward,0,0,0.0,1.6968975284624799,101.44742348474271
10:45:51,1.696965,101.447462,0,0,0,0,0,0,0,0,96,180,forward,0,0,0.0,1.69689352846248,101.44745448474274
10:45:54,1.696962,101.447494,0,0,0,0,0,0,0,0,96,180,forward,0,0,0.0,1.69689052846248,101.44748648474275
10:45:56,1.696959,101.447526,0,0,0,0,0,0,0,0,95,180,forward,0,0,0.0,1.6968874082461398,101.44751973378497
10:45:58,1.696955,101.447559,0,0,0,0,0,0,0,0,94,180,forward,0,0,0.0,1.696883309837341,101.44755398473596
10:46:00,1.696951,101.447592,0,0,0,0,0,0,0,0,93,180,forward,0,0,0.0,1.6968792332660607,101.44758823721463
10:46:02,1.696947,101.447625,0,0,0,0,0,0,0,0,92,180,forward,0,0,0.0,1.6968751785556224,101.44762249083948
10:46:05,1.696943,101.447658,0,0,0,0,0,0,0,0,92,180,forward,0,0,0.0,1.6968711785556225,101.44765549083948
10:46:07,1.696939,101.44769,0,0,0,0,0,0,0,0,91,180,forward,0,0,0.0,1.6968671457226918,101.44768874522863
10:46:09,1.696935,101.447722,0,0,0,0,0,0,0,0,90,180,forward,0,0,0.0,1.6968631347772705,101.447722
10:46:11,1.696932,101.447754,0,0,0,0,0,0,0,0,90,180,forward,0,0,0.0,1.6968601347772705,101.447754
10:46:13,1.696928,101.447787,0,0,0,0,0,0,0,0,89,180,forward,0,0,0.0,1.6968561457226918,101.44778825477137
10:46:16,1.696924,101.447819,0,0,0,0,0,0,0,0,88,180,forward,0,0,0.0,1.6968521785556225,101.44782150916049
10:46:18,1.696921,101.447852,0,0,0,0,0,0,0,0,87,180,forward,0,0,0.0,1.6968492332660605,101.44785576278531
10:46:20,1.696918,101.447881,0,0,0,0,0,0,0,0,86,180,forward,0,0,0.0,1.696846309837341,101.44788601526393
10:46:22,1.696915,101.44791,0,0,0,0,0,0,0,0,85,180,forward,0,0,0.0,1.6968434082461397,101.44791626621488
10:46:24,1.696912,101.447942,0,0,0,0,0,0,0,0,85,180,forward,0,0,0.0,1.6968404082461397,101.44794826621487
10:46:26,1.696909,101.447975,0,0,0,0,0,0,0,0,84,180,forward,0,0,0.0,1.69683752846248,101.44798251525704
10:46:28,1.696906,101.448008,0,0,0,0,0,0,0,0,83,180,forward,0,0,0.0,1.696834670449743,101.44801676201
10:46:31,1.696904,101.448042,0,0,0,0,0,0,0,0,82,180,forward,0,0,0.0,1.696832834164678,101.44805200609396
10:46:33,1.696901,101.448075,0,0,0,0,0,0,0,0,81,180,forward,0,0,0.0,1.6968300195574157,101.44808624712995
10:46:35,1.696899,101.448108,0,0,0,0,0,0,0,0,81,180,forward,0,0,0.0,1.6968280195574157,101.44811924712995
10:46:37,1.696897,101.448141,0,0,0,0,0,0,0,0,79,180,forward,0,0,0.0,1.6968264551438241,101.44815471854702
10:46:39,1.696896,101.448174,0,0,0,0,0,0,0,0,79,180,forward,0,0,0.0,1.696825455143824,101.448187718547
10:46:42,1.696894,101.448207,0,0,0,0,0,0,0,0,78,180,forward,0,0,0.0,1.6968237052048107,101.44822194817523
10:46:44,1.696894,101.44824,0,0,0,0,0,0,0,0,78,180,forward,0,0,0.0,1.6968237052048107,101.44825494817523
10:46:46,1.696893,101.44827,0,0,0,0,0,0,0,0,77,180,forward,0,0,0.0,1.6968229766782732,101.44828617325011
10:46:48,1.696893,101.448303,0,0,0,0,0,0,0,0,77,180,forward,0,0,0.0,1.6968229766782732,101.44831917325011
10:46:50,1.696893,101.448337,0,0,0,0,0,0,0,0,76,180,forward,0,0,0.0,1.6968232694815175,101.44835439339847
10:46:52,1.696894,101.44837,0,0,0,0,0,0,0,0,75,180,forward,0,0,0.0,1.6968245835253535,101.44838860824865
10:46:55,1.696895,101.448404,0,0,0,0,0,0,0,0,75,180,forward,0,0,0.0,1.6968255835253536,101.44842260824866
10:46:57,1.696896,101.448434,0,0,0,0,0,0,0,0,75,180,forward,0,0,0.0,1.6968265835253535,101.44845260824869
10:46:59,1.696898,101.448467,0,0,0,0,0,0,0,0,75,180,forward,0,0,0.0,1.6968285835253536,101.44848560824869
10:47:01,1.6969,101.448497,0,0,0,0,0,0,0,0,74,180,forward,0,0,0.0,1.6968309187141202,101.44851681743063
10:47:03,1.696903,101.44853,0,0,0,0,0,0,0,0,74,180,forward,0,0,0.0,1.6968339187141201,101.44854981743066
10:47:05,1.696906,101.44856,0,0,0,0,0,0,0,0,74,180,forward,0,0,0.0,1.6968369187141201,101.4485798174307
10:47:07,1.69691,101.448593,0,0,0,0,0,0,0,0,74,180,forward,0,0,0.0,1.69684091871412,101.44861281743073
10:47:09,1.696914,101.448626,0,0,0,0,0,0,0,0,74,180,forward,0,0,0.0,1.6968449187141201,101.44864581743077
10:47:12,1.696918,101.44866,0,0,0,0,0,0,0,0,74,180,forward,0,0,0.0,1.69684891871412,101.44867981743081
10:47:14,1.696923,101.448693,0,0,0,0,0,0,0,0,74,180,forward,0,0,0.0,1.69685391871412,101.44871281743087
10:47:16,1.696928,101.448722,0,0,0,0,0,0,0,0,74,180,forward,0,0,0.0,1.69685891871412,101.44874181743091
10:47:18,1.696934,101.448755,0,0,0,0,0,0,0,0,74,180,forward,0,0,0.0,1.69686491871412,101.44877481743099
10:47:20,1.696939,101.448785,0,0,0,0,0,0,0,0,74,180,forward,0,0,0.0,1.69686991871412,101.44880481743103
10:47:22,1.696945,101.448817,0,0,0,0,0,0,0,0,74,180,forward,0,0,0.0,1.69687591871412,101.4488368174311
10:47:24,1.696951,101.448849,0,0,0,0,0,0,0,0,75,180,forward,0,0,0.0,1.6968815835253537,101.4488676082492
10:47:27,1.696957,101.448881,0,0,0,0,0,0,0,0,75,180,forward,0,0,0.0,1.6968875835253536,101.44889960824926
10:47:29,1.696964,101.448914,0,0,0,0,0,0,0,0,75,180,forward,0,0,0.0,1.6968945835253535,101.44893260824934
10:47:31,1.69697,101.448943,0,0,0,0,0,0,0,0,75,180,forward,0,0,0.0,1.6969005835253537,101.44896160824939
10:47:33,1.696977,101.448975,0,0,0,0,0,0,0,0,76,180,forward,0,0,0.0,1.6969072694815175,101.44899239339924
10:47:35,1.696983,101.449005,0,0,0,0,0,0,0,0,76,180,forward,0,0,0.0,1.6969132694815174,101.44902239339929
10:47:37,1.69699,101.449037,0,0,0,0,0,0,0,0,77,180,forward,0,0,0.0,1.6969199766782732,101.44905317325093
10:47:39,1.696998,101.449069,0,0,0,0,0,0,0,0,77,180,forward,0,0,0.0,1.6969279766782732,101.44908517325099
10:47:41,1.697006,101.449101,0,0,0,0,0,0,0,0,78,180,forward,0,0,0.0,1.6969357052048109,101.4491159481761
10:47:44,1.697013,101.449131,0,0,0,0,0,0,0,0,78,180,forward,0,0,0.0,1.696942705204811,101.44914594817615
10:47:46,1.697021,101.449163,0,0,0,0,0,0,0,0,78,180,forward,0,0,0.0,1.6969507052048107,101.44917794817621
10:47:48,1.697029,101.449195,0,0,0,0,0,0,0,0,79,180,forward,0,0,0.0,1.696958455143824,101.44920871854795
10:47:50,1.697037,101.449226,0,0,0,0,0,0,0,0,80,180,forward,0,0,0.0,1.696966226571484,101.44923848474086
10:47:52,1.697046,101.449258,0,0,0,0,0,0,0,0,80,180,forward,0,0,0.0,1.6969752265714841,101.44927048474092
10:47:54,1.697053,101.449287,0,0,0,0,0,0,0,0,81,180,forward,0,0,0.0,1.6969820195574157,101.44929824713084
10:47:57,1.697062,101.449319,0,0,0,0,0,0,0,0,81,180,forward,0,0,0.0,1.6969910195574158,101.44933024713089
10:47:59,1.69707,101.44935,0,0,0,0,0,0,0,0,82,180,forward,0,0,0.0,1.696998834164678,101.4493600060948
10:48:01,1.697078,101.449382,0,0,0,0,0,0,0,0,83,180,forward,0,0,0.0,1.697006670449743,101.44939076201078
10:48:03,1.697086,101.449415,0,0,0,0,0,0,0,0,83,180,forward,0,0,0.0,1.697014670449743,101.44942376201081
10:48:05,1.697094,101.449447,0,0,0,0,0,0,0,0,83,180,forward,0,0,0.0,1.697022670449743,101.44945576201086
10:48:07,1.697101,101.449477,0,0,0,0,0,0,0,0,84,180,forward,0,0,0.0,1.69702952846248,101.4494845152578
10:48:09,1.697109,101.449507,0,0,0,0,0,0,0,0,84,180,forward,0,0,0.0,1.69703752846248,101.44951451525782
10:48:12,1.697116,101.449539,0,0,0,0,0,0,0,0,84,180,forward,0,0,0.0,1.69704452846248,101.44954651525785
10:48:14,1.697123,101.449571,0,0,0,0,0,0,0,0,85,180,forward,0,0,0.0,1.6970514082461396,101.44957726621556
10:48:16,1.69713,101.449601,0,0,0,0,0,0,0,0,85,180,forward,0,0,0.0,1.6970584082461397,101.44960726621558
10:48:18,1.697137,101.449634,0,0,0,0,0,0,0,0,86,180,forward,0,0,0.0,1.697065309837341,101.44963901526451
10:48:20,1.697144,101.449666,0,0,0,0,0,0,0,0,86,180,forward,0,0,0.0,1.697072309837341,101.44967101526453
10:48:22,1.69715,101.449698,0,0,0,0,0,0,0,0,86,180,forward,0,0,0.0,1.697078309837341,101.44970301526455
10:48:25,1.697156,101.44973,0,0,0,0,0,0,0,0,86,180,forward,0,0,0.0,1.6970843098373412,101.44973501526457
10:48:27,1.697161,101.449762,0,0,0,0,0,0,0,0,86,180,forward,0,0,0.0,1.697089309837341,101.44976701526458
10:48:29,1.697167,101.449795,0,0,0,0,0,0,0,0,86,180,forward,0,0,0.0,1.6970953098373411,101.44980001526459
10:48:31,1.697173,101.449827,0,0,0,0,0,0,0,0,87,180,forward,0,0,0.0,1.6971012332660607,101.4498307627858
10:48:33,1.697179,101.44986,0,0,0,0,0,0,0,0,87,180,forward,0,0,0.0,1.6971072332660606,101.44986376278581
10:48:35,1.697183,101.449889,0,0,0,0,0,0,0,0,87,180,forward,0,0,0.0,1.6971112332660607,101.44989276278582
10:48:37,1.697188,101.449918,0,0,0,0,0,0,0,0,87,180,forward,0,0,0.0,1.6971162332660605,101.44992176278582
10:48:39,1.697193,101.449947,0,0,0,0,0,0,0,0,86,180,forward,0,0,0.0,1.697121309837341,101.44995201526466
10:48:42,1.697198,101.449979,0,0,0,0,0,0,0,0,86,180,forward,0,0,0.0,1.697126309837341,101.44998401526468
10:48:44,1.697202,101.450008,0,0,0,0,0,0,0,0,87,180,forward,0,0,0.0,1.6971302332660607,101.45001176278585
10:48:46,1.697206,101.45004,0,0,0,0,0,0,0,0,86,180,forward,0,0,0.0,1.697134309837341,101.45004501526469
10:48:48,1.697211,101.450072,0,0,0,0,0,0,0,0,86,180,forward,0,0,0.0,1.697139309837341,101.45007701526471
10:48:50,1.697215,101.450103,0,0,0,0,0,0,0,0,86,180,forward,0,0,0.0,1.697143309837341,101.45010801526472
10:48:52,1.697219,101.450135,0,0,0,0,0,0,0,0,85,180,forward,0,0,0.0,1.6971474082461397,101.45014126621587
10:48:54,1.697222,101.450164,0,0,0,0,0,0,0,0,86,180,forward,0,0,0.0,1.697150309837341,101.45016901526473
10:48:57,1.697226,101.450196,0,0,0,0,0,0,0,0,85,180,forward,0,0,0.0,1.6971544082461396,101.45020226621588
10:48:59,1.69723,101.450227,0,0,0,0,0,0,0,0,85,180,forward,0,0,0.0,1.6971584082461397,101.45023326621589
10:49:01,1.697234,101.450259,0,0,0,0,0,0,0,0,85,180,forward,0,0,0.0,1.6971624082461396,101.45026526621591
10:49:03,1.697237,101.45029,0,0,0,0,0,0,0,0,85,180,forward,0,0,0.0,1.6971654082461398,101.45029626621591
10:49:05,1.697241,101.450322,0,0,0,0,0,0,0,0,84,180,forward,0,0,0.0,1.69716952846248,101.45032951525833
10:49:08,1.697245,101.450354,0,0,0,0,0,0,0,0,84,180,forward,0,0,0.0,1.6971735284624798,101.45036151525835
10:49:10,1.697248,101.450385,0,0,0,0,0,0,0,0,83,180,forward,0,0,0.0,1.697176670449743,101.45039376201154
10:49:12,1.697252,101.450417,0,0,0,0,0,0,0,0,83,180,forward,0,0,0.0,1.697180670449743,101.45042576201156
10:49:14,1.697255,101.450448,0,0,0,0,0,0,0,0,82,180,forward,0,0,0.0,1.6971838341646779,101.45045800609576
10:49:16,1.697259,101.450479,0,0,0,0,0,0,0,0,82,180,forward,0,0,0.0,1.697187834164678,101.4504890060958
10:49:19,1.697262,101.450511,0,0,0,0,0,0,0,0,82,180,forward,0,0,0.0,1.697190834164678,101.45052100609581
10:49:21,1.697266,101.450542,0,0,0,0,0,0,0,0,81,180,forward,0,0,0.0,1.6971950195574157,101.45055324713208
10:49:23,1.697269,101.450574,0,0,0,0,0,0,0,0,81,180,forward,0,0,0.0,1.6971980195574157,101.4505852471321
10:49:25,1.697273,101.450606,0,0,0,0,0,0,0,0,80,180,forward,0,0,0.0,1.6972022265714841,101.45061848474238
10:49:27,1.697276,101.450638,0,0,0,0,0,0,0,0,80,180,forward,0,0,0.0,1.697205226571484,101.4506504847424
10:49:30,1.69728,101.450669,0,0,0,0,0,0,0,0,80,180,forward,0,0,0.0,1.697209226571484,101.45068148474243
10:49:32,1.697284,101.4507,0,0,0,0,0,0,0,0,79,180,forward,0,0,0.0,1.697213455143824,101.45071371854975
10:49:34,1.697288,101.450732,0,0,0,0,0,0,0,0,79,180,forward,0,0,0.0,1.697217455143824,101.45074571854978
10:49:36,1.697292,101.450763,0,0,0,0,0,0,0,0,78,180,forward,0,0,0.0,1.6972217052048109,101.45077794817831
10:49:38,1.697296,101.450795,0,0,0,0,0,0,0,0,78,180,forward,0,0,0.0,1.6972257052048108,101.45080994817835
10:49:40,1.697299,101.450824,0,0,0,0,0,0,0,0,77,180,forward,0,0,0.0,1.697228976678273,101.45084017325351
10:49:43,1.697304,101.450856,0,0,0,0,0,0,0,0,77,180,forward,0,0,0.0,1.6972339766782731,101.45087217325356
10:49:45,1.697309,101.450888,0,0,0,0,0,0,0,0,76,180,forward,0,0,0.0,1.6972392694815175,101.45090539340224
10:49:47,1.697313,101.45092,0,0,0,0,0,0,0,0,76,180,forward,0,0,0.0,1.6972432694815176,101.45093739340226
10:49:49,1.697318,101.450952,0,0,0,0,0,0,0,0,75,180,forward,0,0,0.0,1.6972485835253537,101.45097060825273
10:49:51,1.697323,101.450983,0,0,0,0,0,0,0,0,75,180,forward,0,0,0.0,1.6972535835253535,101.45100160825278
10:49:53,1.697328,101.451011,0,0,0,0,0,0,0,0,75,180,forward,0,0,0.0,1.6972585835253535,101.45102960825282
10:49:56,1.697334,101.451042,0,0,0,0,0,0,0,0,74,180,forward,0,0,0.0,1.69726491871412,101.45106181743508
10:49:58,1.69734,101.451071,0,0,0,0,0,0,0,0,74,180,forward,0,0,0.0,1.6972709187141202,101.45109081743514
10:50:00,1.697347,101.451103,0,0,0,0,0,0,0,0,74,180,forward,0,0,0.0,1.69727791871412,101.45112281743522
10:50:02,1.697353,101.451131,0,0,0,0,0,0,0,0,74,180,forward,0,0,0.0,1.69728391871412,101.45115081743528
10:50:04,1.69736,101.451163,0,0,0,0,0,0,0,0,73,180,forward,0,0,0.0,1.6972912749457154,101.45118402058095
10:50:06,1.697367,101.451192,0,0,0,0,0,0,0,0,73,180,forward,0,0,0.0,1.6972982749457155,101.45121302058105
10:50:08,1.697375,101.451223,0,0,0,0,0,0,0,0,73,180,forward,0,0,0.0,1.6973062749457155,101.45124402058113
10:50:10,1.697382,101.451251,0,0,0,0,0,0,0,0,73,180,forward,0,0,0.0,1.6973132749457154,101.4512720205812
10:50:12,1.697391,101.451282,0,0,0,0,0,0,0,0,73,180,forward,0,0,0.0,1.6973222749457155,101.4513030205813
10:50:15,1.6974,101.451313,0,0,0,0,0,0,0,0,73,180,forward,0,0,0.0,1.6973312749457155,101.4513340205814
10:50:17,1.697408,101.451341,0,0,0,0,0,0,0,0,73,180,forward,0,0,0.0,1.6973392749457155,101.45136202058148
10:50:19,1.697417,101.451369,0,0,0,0,0,0,0,0,73,180,forward,0,0,0.0,1.6973482749457154,101.45139002058158
10:50:21,1.697427,101.4514,0,0,0,0,0,0,0,0,73,180,forward,0,0,0.0,1.6973582749457155,101.4514210205817
10:50:23,1.697437,101.451431,0,0,0,0,0,0,0,0,74,180,forward,0,0,0.0,1.6973679187141202,101.45145081743614
10:50:25,1.697447,101.451463,0,0,0,0,0,0,0,0,74,180,forward,0,0,0.0,1.69737791871412,101.45148281743624
10:50:27,1.697456,101.451492,0,0,0,0,0,0,0,0,74,180,forward,0,0,0.0,1.6973869187141202,101.45151181743633
10:50:29,1.697467,101.451522,0,0,0,0,0,0,0,0,74,180,forward,0,0,0.0,1.6973979187141202,101.45154181743644
10:50:31,1.697477,101.45155,0,0,0,0,0,0,0,0,75,180,forward,0,0,0.0,1.6974075835253535,101.45156860825426
10:50:34,1.697487,101.451581,0,0,0,0,0,0,0,0,75,180,forward,0,0,0.0,1.6974175835253535,101.45159960825437
10:50:36,1.697497,101.45161,0,0,0,0,0,0,0,0,76,180,forward,0,0,0.0,1.6974272694815176,101.45162739340392
10:50:38,1.697507,101.451641,0,0,0,0,0,0,0,0,76,180,forward,0,0,0.0,1.6974372694815176,101.451658393404
10:50:40,1.697518,101.451671,0,0,0,0,0,0,0,0,77,180,forward,0,0,0.0,1.6974479766782733,101.45168717325535
10:50:42,1.697529,101.451702,0,0,0,0,0,0,0,0,77,180,forward,0,0,0.0,1.6974589766782733,101.45171817325544
10:50:44,1.697541,101.451733,0,0,0,0,0,0,0,0,77,180,forward,0,0,0.0,1.6974709766782732,101.45174917325555
10:50:47,1.697552,101.451764,0,0,0,0,0,0,0,0,78,180,forward,0,0,0.0,1.6974817052048108,101.45177894818032
10:50:49,1.697563,101.451796,0,0,0,0,0,0,0,0,79,180,forward,0,0,0.0,1.697492455143824,101.45180971855174
10:50:51,1.697573,101.451824,0,0,0,0,0,0,0,0,79,180,forward,0,0,0.0,1.697502455143824,101.45183771855181
10:50:53,1.697585,101.451856,0,0,0,0,0,0,0,0,80,180,forward,0,0,0.0,1.697514226571484,101.45186848474441
10:50:55,1.697596,101.451887,0,0,0,0,0,0,0,0,80,180,forward,0,0,0.0,1.6975252265714842,101.45189948474447
10:50:57,1.697605,101.451916,0,0,0,0,0,0,0,0,81,180,forward,0,0,0.0,1.6975340195574158,101.45192724713405
10:50:59,1.697616,101.451948,0,0,0,0,0,0,0,0,82,180,forward,0,0,0.0,1.697544834164678,101.45195800609764
10:51:02,1.697627,101.451979,0,0,0,0,0,0,0,0,82,180,forward,0,0,0.0,1.697555834164678,101.45198900609769
10:51:04,1.697636,101.452007,0,0,0,0,0,0,0,0,82,180,forward,0,0,0.0,1.6975648341646778,101.45201700609773
10:51:06,1.697646,101.452038,0,0,0,0,0,0,0,0,83,180,forward,0,0,0.0,1.697574670449743,101.45204676201335
10:51:08,1.697655,101.452067,0,0,0,0,0,0,0,0,83,180,forward,0,0,0.0,1.697583670449743,101.4520757620134
10:51:10,1.697664,101.452099,0,0,0,0,0,0,0,0,84,180,forward,0,0,0.0,1.69759252846248,101.45210651525998
10:51:12,1.697674,101.452131,0,0,0,0,0,0,0,0,84,180,forward,0,0,0.0,1.6976025284624798,101.45213851526
10:51:14,1.697683,101.452163,0,0,0,0,0,0,0,0,84,180,forward,0,0,0.0,1.69761152846248,101.45217051526005
10:51:17,1.697692,101.452195,0,0,0,0,0,0,0,0,85,180,forward,0,0,0.0,1.6976204082461397,101.4522012662174
10:51:19,1.6977,101.452228,0,0,0,0,0,0,0,0,85,180,forward,0,0,0.0,1.6976284082461397,101.45223426621743
10:51:21,1.697708,101.45226,0,0,0,0,0,0,0,0,85,180,forward,0,0,0.0,1.6976364082461397,101.45226626621744
10:51:23,1.697716,101.452292,0,0,0,0,0,0,0,0,86,180,forward,0,0,0.0,1.697644309837341,101.45229701526601
10:51:25,1.697724,101.452324,0,0,0,0,0,0,0,0,86,180,forward,0,0,0.0,1.697652309837341,101.45232901526605
10:51:28,1.697731,101.452356,0,0,0,0,0,0,0,0,86,180,forward,0,0,0.0,1.6976593098373411,101.45236101526605
10:51:30,1.697738,101.452388,0,0,0,0,0,0,0,0,87,180,forward,0,0,0.0,1.6976662332660606,101.4523917627869
10:51:32,1.697744,101.45242,0,0,0,0,0,0,0,0,87,180,forward,0,0,0.0,1.6976722332660605,101.45242376278692
10:51:34,1.69775,101.452452,0,0,0,0,0,0,0,0,87,180,forward,0,0,0.0,1.6976782332660607,101.45245576278691
10:51:36,1.697756,101.452485,0,0,0,0,0,0,0,0,87,180,forward,0,0,0.0,1.6976842332660607,101.45248876278693
10:51:39,1.697761,101.452517,0,0,0,0,0,0,0,0,87,180,forward,0,0,0.0,1.6976892332660607,101.45252076278695
10:51:41,1.697767,101.452549,0,0,0,0,0,0,0,0,87,180,forward,0,0,0.0,1.6976952332660606,101.45255276278696
10:51:43,1.697772,101.452581,0,0,0,0,0,0,0,0,87,180,forward,0,0,0.0,1.6977002332660607,101.45258476278696
10:51:45,1.697777,101.452613,0,0,0,0,0,0,0,0,87,180,forward,0,0,0.0,1.6977052332660607,101.45261676278697
10:51:47,1.697783,101.452646,0,0,0,0,0,0,0,0,87,180,forward,0,0,0.0,1.6977112332660607,101.45264976278699
10:51:50,1.697788,101.452678,0,0,0,0,0,0,0,0,87,180,forward,0,0,0.0,1.6977162332660607,101.45268176278701
10:51:52,1.697792,101.452709,0,0,0,0,0,0,0,0,87,180,forward,0,0,0.0,1.6977202332660606,101.452712762787
10:51:54,1.697797,101.452741,0,0,0,0,0,0,0,0,87,180,forward,0,0,0.0,1.6977252332660606,101.45274476278702
10:51:56,1.697801,101.452773,0,0,0,0,0,0,0,0,87,180,forward,0,0,0.0,1.6977292332660605,101.45277676278701
10:51:58,1.697806,101.452804,0,0,0,0,0,0,0,0,86,180,forward,0,0,0.0,1.697734309837341,101.45280901526625
10:52:01,1.697811,101.452836,0,0,0,0,0,0,0,0,86,180,forward,0,0,0.0,1.697739309837341,101.45284101526626
10:52:03,1.697815,101.452867,0,0,0,0,0,0,0,0,86,180,forward,0,0,0.0,1.6977433098373411,101.45287201526627
10:52:05,1.69782,101.452899,0,0,0,0,0,0,0,0,86,180,forward,0,0,0.0,1.6977483098373412,101.45290401526628
10:52:07,1.697824,101.452931,0,0,0,0,0,0,0,0,86,180,forward,0,0,0.0,1.697752309837341,101.4529360152663
10:52:09,1.697829,101.452963,0,0,0,0,0,0,0,0,85,180,forward,0,0,0.0,1.6977574082461397,101.45296926621783
10:52:12,1.697833,101.452996,0,0,0,0,0,0,0,0,85,180,forward,0,0,0.0,1.6977614082461396,101.45300226621785
10:52:14,1.697837,101.453028,0,0,0,0,0,0,0,0,85,180,forward,0,0,0.0,1.6977654082461398,101.45303426621787
10:52:16,1.697841,101.45306,0,0,0,0,0,0,0,0,85,180,forward,0,0,0.0,1.6977694082461396,101.45306626621787
10:52:18,1.697845,101.453091,0,0,0,0,0,0,0,0,85,180,forward,0,0,0.0,1.6977734082461398,101.4530972662179
10:52:20,1.697849,101.453123,0,0,0,0,0,0,0,0,84,180,forward,0,0,0.0,1.6977775284624799,101.4531305152607
10:52:23,1.697853,101.453155,0,0,0,0,0,0,0,0,84,180,forward,0,0,0.0,1.69778152846248,101.4531625152607
10:52:25,1.697858,101.453186,0,0,0,0,0,0,0,0,83,180,forward,0,0,0.0,1.697786670449743,101.4531947620143
10:52:27,1.697862,101.453218,0,0,0,0,0,0,0,0,83,180,forward,0,0,0.0,1.697790670449743,101.45322676201434
10:52:29,1.697866,101.45325,0,0,0,0,0,0,0,0,83,180,forward,0,0,0.0,1.697794670449743,101.45325876201434
10:52:31,1.69787,101.453282,0,0,0,0,0,0,0,0,82,180,forward,0,0,0.0,1.697798834164678,101.45329200609895
10:52:34,1.697874,101.453313,0,0,0,0,0,0,0,0,82,180,forward,0,0,0.0,1.697802834164678,101.45332300609897
10:52:36,1.697878,101.453346,0,0,0,0,0,0,0,0,81,180,forward,0,0,0.0,1.6978070195574158,101.45335724713563
10:52:38,1.697883,101.453378,0,0,0,0,0,0,0,0,81,180,forward,0,0,0.0,1.6978120195574158,101.45338924713566
10:52:40,1.697887,101.453411,0,0,0,0,0,0,0,0,81,180,forward,0,0,0.0,1.6978160195574157,101.45342224713569
10:52:42,1.697891,101.453442,0,0,0,0,0,0,0,0,81,180,forward,0,0,0.0,1.6978200195574158,101.45345324713571
10:52:45,1.697896,101.453474,0,0,0,0,0,0,0,0,80,180,forward,0,0,0.0,1.6978252265714842,101.4534864847464
10:52:47,1.6979,101.453505,0,0,0,0,0,0,0,0,80,180,forward,0,0,0.0,1.697829226571484,101.45351748474644
10:52:49,1.697905,101.453537,0,0,0,0,0,0,0,0,79,180,forward,0,0,0.0,1.697834455143824,101.45355071855415
10:52:51,1.697909,101.453569,0,0,0,0,0,0,0,0,79,180,forward,0,0,0.0,1.697838455143824,101.45358271855419
10:52:53,1.697914,101.453602,0,0,0,0,0,0,0,0,79,180,forward,0,0,0.0,1.697843455143824,101.45361571855423
10:52:56,1.697919,101.453635,0,0,0,0,0,0,0,0,79,180,forward,0,0,0.0,1.697848455143824,101.45364871855426
10:52:58,1.697924,101.453668,0,0,0,0,0,0,0,0,78,180,forward,0,0,0.0,1.6978537052048108,101.4536829481832
10:53:00,1.69793,101.453701,0,0,0,0,0,0,0,0,78,180,forward,0,0,0.0,1.6978597052048108,101.45371594818324
10:53:02,1.697935,101.453733,0,0,0,0,0,0,0,0,78,180,forward,0,0,0.0,1.6978647052048108,101.45374794818329
10:53:04,1.697941,101.453766,0,0,0,0,0,0,0,0,77,180,forward,0,0,0.0,1.6978709766782731,101.45378217325889
10:53:07,1.697947,101.453799,0,0,0,0,0,0,0,0,77,180,forward,0,0,0.0,1.6978769766782733,101.45381517325895
10:53:09,1.697952,101.453832,0,0,0,0,0,0,0,0,76,180,forward,0,0,0.0,1.6978822694815174,101.45384939340802
10:53:11,1.697958,101.453864,0,0,0,0,0,0,0,0,77,180,forward,0,0,0.0,1.6978879766782733,101.45388017325902
10:53:13,1.697964,101.453897,0,0,0,0,0,0,0,0,76,180,forward,0,0,0.0,1.6978942694815176,101.45391439340811
10:53:15,1.697971,101.453929,0,0,0,0,0,0,0,0,76,180,forward,0,0,0.0,1.6979012694815174,101.45394639340819
10:53:18,1.697977,101.45396,0,0,0,0,0,0,0,0,76,180,forward,0,0,0.0,1.6979072694815176,101.45397739340822
10:53:20,1.697983,101.453992,0,0,0,0,0,0,0,0,76,180,forward,0,0,0.0,1.6979132694815176,101.45400939340828
10:53:22,1.69799,101.454024,0,0,0,0,0,0,0,0,75,180,forward,0,0,0.0,1.6979205835253537,101.45404260825921
10:53:24,1.697997,101.454052,0,0,0,0,0,0,0,0,75,180,forward,0,0,0.0,1.6979275835253536,101.45407060825927
10:53:26,1.698004,101.454083,0,0,0,0,0,0,0,0,75,180,forward,0,0,0.0,1.6979345835253536,101.45410160825934
10:53:28,1.698011,101.454115,0,0,0,0,0,0,0,0,75,180,forward,0,0,0.0,1.6979415835253535,101.45413360825941
10:53:31,1.698019,101.454146,0,0,0,0,0,0,0,0,75,180,forward,0,0,0.0,1.6979495835253535,101.45416460825948
10:53:33,1.698026,101.454178,0,0,0,0,0,0,0,0,75,180,forward,0,0,0.0,1.6979565835253536,101.45419660825955
10:53:35,1.698033,101.454207,0,0,0,0,0,0,0,0,75,180,forward,0,0,0.0,1.6979635835253535,101.45422560825962
10:53:37,1.69804,101.454239,0,0,0,0,0,0,0,0,75,180,forward,0,0,0.0,1.6979705835253536,101.45425760825968
10:53:39,1.698047,101.454268,0,0,0,0,0,0,0,0,75,180,forward,0,0,0.0,1.6979775835253537,101.45428660825975
10:53:41,1.698055,101.4543,0,0,0,0,0,0,0,0,75,180,forward,0,0,0.0,1.6979855835253537,101.45431860825984
10:53:43,1.698063,101.454331,0,0,0,0,0,0,0,0,75,180,forward,0,0,0.0,1.6979935835253537,101.4543496082599
10:53:46,1.698071,101.454363,0,0,0,0,0,0,0,0,75,180,forward,0,0,0.0,1.6980015835253537,101.45438160825998
10:53:48,1.69808,101.454394,0,0,0,0,0,0,0,0,75,180,forward,0,0,0.0,1.6980105835253536,101.45441260826007
10:53:50,1.698089,101.454426,0,0,0,0,0,0,0,0,75,180,forward,0,0,0.0,1.6980195835253535,101.45444460826016
10:53:52,1.698098,101.454459,0,0,0,0,0,0,0,0,75,180,forward,0,0,0.0,1.6980285835253537,101.45447760826025
10:53:54,1.698108,101.454491,0,0,0,0,0,0,0,0,76,180,forward,0,0,0.0,1.6980382694815175,101.45450839340941
10:53:57,1.698117,101.454523,0,0,0,0,0,0,0,0,76,180,forward,0,0,0.0,1.6980472694815176,101.45454039340949
10:53:59,1.698127,101.454555,0,0,0,0,0,0,0,0,76,180,forward,0,0,0.0,1.6980572694815175,101.45457239340958
10:54:01,1.698136,101.454589,0,0,0,0,0,0,0,0,76,180,forward,0,0,0.0,1.6980662694815176,101.45460639340966
10:54:03,1.698146,101.454622,0,0,0,0,0,0,0,0,77,180,forward,0,0,0.0,1.6980759766782731,101.4546381732606
10:54:05,1.698155,101.454654,0,0,0,0,0,0,0,0,77,180,forward,0,0,0.0,1.6980849766782733,101.45467017326068
10:54:08,1.698165,101.454687,0,0,0,0,0,0,0,0,77,180,forward,0,0,0.0,1.6980949766782731,101.45470317326077
10:54:10,1.698174,101.454719,0,0,0,0,0,0,0,0,78,180,forward,0,0,0.0,1.698103705204811,101.45473394818514
10:54:12,1.698184,101.454752,0,0,0,0,0,0,0,0,78,180,forward,0,0,0.0,1.6981137052048108,101.45476694818521
10:54:14,1.698193,101.454781,0,0,0,0,0,0,0,0,78,180,forward,0,0,0.0,1.698122705204811,101.45479594818528
10:54:16,1.698203,101.454814,0,0,0,0,0,0,0,0,78,180,forward,0,0,0.0,1.6981327052048107,101.45482894818537
10:54:18,1.698211,101.454843,0,0,0,0,0,0,0,0,79,180,forward,0,0,0.0,1.698140455143824,101.45485671855633
10:54:20,1.698221,101.454876,0,0,0,0,0,0,0,0,79,180,forward,0,0,0.0,1.698150455143824,101.4548897185564
10:54:23,1.69823,101.454909,0,0,0,0,0,0,0,0,79,180,forward,0,0,0.0,1.698159455143824,101.45492271855647
10:54:25,1.69824,101.454941,0,0,0,0,0,0,0,0,79,180,forward,0,0,0.0,1.698169455143824,101.45495471855655
10:54:27,1.698249,101.454973,0,0,0,0,0,0,0,0,80,180,forward,0,0,0.0,1.698178226571484,101.45498548474868
10:54:29,1.698259,101.455006,0,0,0,0,0,0,0,0,80,180,forward,0,0,0.0,1.698188226571484,101.45501848474875
10:54:31,1.698268,101.455039,0,0,0,0,0,0,0,0,80,180,forward,0,0,0.0,1.6981972265714842,101.45505148474881
10:54:33,1.698275,101.455068,0,0,0,0,0,0,0,0,80,180,forward,0,0,0.0,1.698204226571484,101.45508048474885
10:54:36,1.698284,101.455101,0,0,0,0,0,0,0,0,80,180,forward,0,0,0.0,1.698213226571484,101.4551134847489
10:54:38,1.698293,101.455135,0,0,0,0,0,0,0,0,81,180,forward,0,0,0.0,1.6982220195574158,101.45514624713805
10:54:40,1.698301,101.455164,0,0,0,0,0,0,0,0,81,180,forward,0,0,0.0,1.6982300195574158,101.4551752471381
10:54:42,1.69831,101.455196,0,0,0,0,0,0,0,0,81,180,forward,0,0,0.0,1.6982390195574157,101.45520724713815
10:54:44,1.698318,101.455225,0,0,0,0,0,0,0,0,82,180,forward,0,0,0.0,1.698246834164678,101.45523500610128
10:54:46,1.698327,101.455257,0,0,0,0,0,0,0,0,82,180,forward,0,0,0.0,1.6982558341646778,101.45526700610132
10:54:49,1.698335,101.455289,0,0,0,0,0,0,0,0,82,180,forward,0,0,0.0,1.6982638341646779,101.45529900610136
10:54:51,1.698343,101.455321,0,0,0,0,0,0,0,0,82,180,forward,0,0,0.0,1.6982718341646779,101.4553310061014
10:54:53,1.69835,101.45535,0,0,0,0,0,0,0,0,82,180,forward,0,0,0.0,1.698278834164678,101.45536000610143
10:54:55,1.698358,101.455382,0,0,0,0,0,0,0,0,82,180,forward,0,0,0.0,1.698286834164678,101.45539200610148
10:54:57,1.698366,101.455415,0,0,0,0,0,0,0,0,82,180,forward,0,0,0.0,1.698294834164678,101.45542500610152
10:54:59,1.698374,101.455447,0,0,0,0,0,0,0,0,83,180,forward,0,0,0.0,1.698302670449743,101.45545576201665
10:55:02,1.698382,101.45548,0,0,0,0,0,0,0,0,83,180,forward,0,0,0.0,1.698310670449743,101.45548876201667
10:55:04,1.69839,101.455512,0,0,0,0,0,0,0,0,83,180,forward,0,0,0.0,1.698318670449743,101.45552076201672
10:55:06,1.698398,101.455545,0,0,0,0,0,0,0,0,83,180,forward,0,0,0.0,1.698326670449743,101.45555376201676
10:55:08,1.698406,101.455578,0,0,0,0,0,0,0,0,83,180,forward,0,0,0.0,1.698334670449743,101.4555867620168
10:55:10,1.698414,101.455611,0,0,0,0,0,0,0,0,83,180,forward,0,0,0.0,1.698342670449743,101.45561976201684
10:55:13,1.698421,101.455643,0,0,0,0,0,0,0,0,83,180,forward,0,0,0.0,1.698349670449743,101.45565176201686
10:55:15,1.698427,101.455672,0,0,0,0,0,0,0,0,83,180,forward,0,0,0.0,1.698355670449743,101.4556807620169
10:55:17,1.698435,101.455704,0,0,0,0,0,0,0,0,83,180,forward,0,0,0.0,1.698363670449743,101.45571276201692
10:55:19,1.698441,101.455733,0,0,0,0,0,0,0,0,83,180,forward,0,0,0.0,1.698369670449743,101.45574176201694
10:55:21,1.698447,101.455763,0,0,0,0,0,0,0,0,83,180,forward,0,0,0.0,1.698375670449743,101.45577176201698
10:55:23,1.698453,101.455795,0,0,0,0,0,0,0,0,83,180,forward,0,0,0.0,1.698381670449743,101.455803762017
10:55:25,1.698459,101.455827,0,0,0,0,0,0,0,0,83,180,forward,0,0,0.0,1.698387670449743,101.45583576201703
10:55:27,1.698465,101.455858,0,0,0,0,0,0,0,0,83,180,forward,0,0,0.0,1.6983936704497429,101.45586676201707
10:55:29,1.69847,101.455887,0,0,0,0,0,0,0,0,83,180,forward,0,0,0.0,1.698398670449743,101.4558957620171
10:55:32,1.698476,101.455919,0,0,0,0,0,0,0,0,83,180,forward,0,0,0.0,1.698404670449743,101.4559277620171
10:55:34,1.698482,101.455951,0,0,0,0,0,0,0,0,83,180,forward,0,0,0.0,1.698410670449743,101.45595976201713
10:55:36,1.698487,101.455983,0,0,0,0,0,0,0,0,83,180,forward,0,0,0.0,1.698415670449743,101.45599176201716
10:55:38,1.698493,101.456015,0,0,0,0,0,0,0,0,83,180,forward,0,0,0.0,1.698421670449743,101.45602376201718
10:55:40,1.698499,101.456046,0,0,0,0,0,0,0,0,83,180,forward,0,0,0.0,1.698427670449743,101.45605476201722
10:55:43,1.698504,101.456079,0,0,0,0,0,0,0,0,83,180,forward,0,0,0.0,1.698432670449743,101.45608776201723
10:55:45,1.698509,101.456108,0,0,0,0,0,0,0,0,83,180,forward,0,0,0.0,1.698437670449743,101.45611676201726
10:55:47,1.698514,101.45614,0,0,0,0,0,0,0,0,83,180,forward,0,0,0.0,1.698442670449743,101.45614876201729
10:55:49,1.69852,101.456172,0,0,0,0,0,0,0,0,83,180,forward,0,0,0.0,1.698448670449743,101.45618076201731
10:55:51,1.698525,101.456204,0,0,0,0,0,0,0,0,83,180,forward,0,0,0.0,1.698453670449743,101.45621276201733
10:55:53,1.698531,101.456236,0,0,0,0,0,0,0,0,83,180,forward,0,0,0.0,1.698459670449743,101.45624476201736
10:55:55,1.698536,101.456266,0,0,0,0,0,0,0,0,83,180,forward,0,0,0.0,1.698464670449743,101.45627476201739
10:55:58,1.698541,101.456298,0,0,0,0,0,0,0,0,82,180,forward,0,0,0.0,1.698469834164678,101.45630800610243
10:56:00,1.698547,101.45633,0,0,0,0,0,0,0,0,82,180,forward,0,0,0.0,1.698475834164678,101.45634000610245
10:56:02,1.698552,101.456362,0,0,0,0,0,0,0,0,82,180,forward,0,0,0.0,1.698480834164678,101.45637200610248
10:56:04,1.698557,101.456392,0,0,0,0,0,0,0,0,82,180,forward,0,0,0.0,1.698485834164678,101.45640200610251
10:56:06,1.698562,101.456424,0,0,0,0,0,0,0,0,82,180,forward,0,0,0.0,1.6984908341646778,101.45643400610254
10:56:08,1.698568,101.456456,0,0,0,0,0,0,0,0,82,180,forward,0,0,0.0,1.698496834164678,101.45646600610257
10:56:11,1.698573,101.456488,0,0,0,0,0,0,0,0,82,180,forward,0,0,0.0,1.698501834164678,101.45649800610259
10:56:13,1.698579,101.45652,0,0,0,0,0,0,0,0,82,180,forward,0,0,0.0,1.698507834164678,101.45653000610262
10:56:15,1.698584,101.45655,0,0,0,0,0,0,0,0,82,180,forward,0,0,0.0,1.698512834164678,101.45656000610265
10:56:17,1.698588,101.456579,0,0,0,0,0,0,0,0,82,180,forward,0,0,0.0,1.698516834164678,101.45658900610267
10:56:19,1.698593,101.456611,0,0,0,0,0,0,0,0,82,180,forward,0,0,0.0,1.698521834164678,101.4566210061027
10:56:21,1.698599,101.456643,0,0,0,0,0,0,0,0,82,180,forward,0,0,0.0,1.698527834164678,101.45665300610273
10:56:23,1.698604,101.456672,0,0,0,0,0,0,0,0,82,180,forward,0,0,0.0,1.698532834164678,101.45668200610275
10:56:25,1.698609,101.456705,0,0,0,0,0,0,0,0,82,180,forward,0,0,0.0,1.698537834164678,101.45671500610278
10:56:28,1.698615,101.456737,0,0,0,0,0,0,0,0,82,180,forward,0,0,0.0,1.698543834164678,101.45674700610282
10:56:30,1.698621,101.456769,0,0,0,0,0,0,0,0,82,180,forward,0,0,0.0,1.6985498341646779,101.45677900610283
10:56:32,1.698627,101.456801,0,0,0,0,0,0,0,0,82,180,forward,0,0,0.0,1.698555834164678,101.45681100610287
10:56:34,1.698633,101.456834,0,0,0,0,0,0,0,0,82,180,forward,0,0,0.0,1.698561834164678,101.4568440061029
10:56:36,1.698639,101.456866,0,0,0,0,0,0,0,0,82,180,forward,0,0,0.0,1.698567834164678,101.45687600610295
10:56:38,1.698644,101.456895,0,0,0,0,0,0,0,0,83,180,forward,0,0,0.0,1.698572670449743,101.45690376201787
10:56:41,1.69865,101.456928,0,0,0,0,0,0,0,0,83,180,forward,0,0,0.0,1.698578670449743,101.4569367620179
10:56:43,1.698655,101.456957,0,0,0,0,0,0,0,0,83,180,forward,0,0,0.0,1.698583670449743,101.45696576201793
10:56:45,1.698661,101.456988,0,0,0,0,0,0,0,0,83,180,forward,0,0,0.0,1.698589670449743,101.45699676201795
10:56:47,1.698666,101.457018,0,0,0,0,0,0,0,0,84,180,forward,0,0,0.0,1.69859452846248,101.45702551526388
10:56:49,1.698671,101.457047,0,0,0,0,0,0,0,0,84,180,forward,0,0,0.0,1.69859952846248,101.45705451526389
10:56:51,1.698678,101.45708,0,0,0,0,0,0,0,0,84,180,forward,0,0,0.0,1.6986065284624798,101.45708751526392
10:56:53,1.698684,101.457112,0,0,0,0,0,0,0,0,84,180,forward,0,0,0.0,1.69861252846248,101.45711951526394
10:56:55,1.69869,101.457142,0,0,0,0,0,0,0,0,84,180,forward,0,0,0.0,1.69861852846248,101.45714951526396
10:56:57,1.698695,101.457175,0,0,0,0,0,0,0,0,85,180,forward,0,0,0.0,1.6986234082461398,101.45718126622066
10:57:00,1.698701,101.457208,0,0,0,0,0,0,0,0,85,180,forward,0,0,0.0,1.6986294082461397,101.45721426622066
10:57:02,1.698707,101.457241,0,0,0,0,0,0,0,0,86,180,forward,0,0,0.0,1.698635309837341,101.45724601526858
10:57:04,1.698713,101.457275,0,0,0,0,0,0,0,0,86,180,forward,0,0,0.0,1.698641309837341,101.4572800152686
10:57:06,1.698719,101.457308,0,0,0,0,0,0,0,0,86,180,forward,0,0,0.0,1.6986473098373411,101.45731301526861
10:57:08,1.698724,101.457339,0,0,0,0,0,0,0,0,86,180,forward,0,0,0.0,1.698652309837341,101.45734401526863
10:57:10,1.698729,101.457374,0,0,0,0,0,0,0,0,87,180,forward,0,0,0.0,1.6986572332660606,101.45737776278884
10:57:13,1.698734,101.457407,0,0,0,0,0,0,0,0,87,180,forward,0,0,0.0,1.6986622332660606,101.45741076278884
10:57:15,1.698739,101.457438,0,0,0,0,0,0,0,0,88,180,forward,0,0,0.0,1.6986671785556224,101.45744050916285
10:57:17,1.698745,101.457471,0,0,0,0,0,0,0,0,88,180,forward,0,0,0.0,1.6986731785556224,101.45747350916285
10:57:19,1.69875,101.457505,0,0,0,0,0,0,0,0,88,180,forward,0,0,0.0,1.6986781785556224,101.45750750916287
10:57:21,1.698755,101.457538,0,0,0,0,0,0,0,0,89,180,forward,0,0,0.0,1.6986831457226919,101.45753925477254
10:57:23,1.69876,101.457568,0,0,0,0,0,0,0,0,89,180,forward,0,0,0.0,1.698688145722692,101.45756925477254
10:57:25,1.698765,101.457601,0,0,0,0,0,0,0,0,90,180,forward,0,0,0.0,1.6986931347772705,101.457601
10:57:28,1.69877,101.457634,0,0,0,0,0,0,0,0,90,180,forward,0,0,0.0,1.6986981347772703,101.457634
10:57:30,1.698775,101.457666,0,0,0,0,0,0,0,0,90,180,forward,0,0,0.0,1.6987031347772703,101.457666
10:57:32,1.698779,101.457699,0,0,0,0,0,0,0,0,91,180,forward,0,0,0.0,1.6987071457226919,101.45769774522745
10:57:34,1.698784,101.457732,0,0,0,0,0,0,0,0,91,180,forward,0,0,0.0,1.698712145722692,101.45773074522744
10:57:36,1.698789,101.457765,0,0,0,0,0,0,0,0,92,180,forward,0,0,0.0,1.6987171785556225,101.45776249083708
10:57:39,1.698794,101.457798,0,0,0,0,0,0,0,0,92,180,forward,0,0,0.0,1.6987221785556224,101.45779549083707
10:57:41,1.698798,101.457831,0,0,0,0,0,0,0,0,92,180,forward,0,0,0.0,1.6987261785556225,101.45782849083707
10:57:43,1.698802,101.457864,0,0,0,0,0,0,0,0,93,180,forward,0,0,0.0,1.6987302332660605,101.45786023721102
10:57:45,1.698806,101.457897,0,0,0,0,0,0,0,0,93,180,forward,0,0,0.0,1.6987342332660607,101.45789323721102
10:57:47,1.69881,101.45793,0,0,0,0,0,0,0,0,94,180,forward,0,0,0.0,1.698738309837341,101.45792498473115
10:57:50,1.698814,101.457962,0,0,0,0,0,0,0,0,94,180,forward,0,0,0.0,1.698742309837341,101.45795698473113
10:57:52,1.698817,101.457992,0,0,0,0,0,0,0,0,94,180,forward,0,0,0.0,1.698745309837341,101.45798698473114
10:57:54,1.69882,101.458023,0,0,0,0,0,0,0,0,95,180,forward,0,0,0.0,1.6987484082461397,101.45801673377895
10:57:56,1.698824,101.458056,0,0,0,0,0,0,0,0,95,180,forward,0,0,0.0,1.6987524082461396,101.45804973377894
10:57:58,1.698827,101.458086,0,0,0,0,0,0,0,0,96,180,forward,0,0,0.0,1.69875552846248,101.4580784847355
10:58:00,1.69883,101.45812,0,0,0,0,0,0,0,0,96,180,forward,0,0,0.0,1.69875852846248,101.45811248473548
10:58:02,1.698833,101.458153,0,0,0,0,0,0,0,0,96,180,forward,0,0,0.0,1.69876152846248,101.45814548473547
10:58:04,1.698836,101.458186,0,0,0,0,0,0,0,0,96,180,forward,0,0,0.0,1.69876452846248,101.45817848473547
10:58:07,1.698839,101.458219,0,0,0,0,0,0,0,0,97,180,forward,0,0,0.0,1.698767670449743,101.45821023798125
10:58:09,1.698841,101.45825,0,0,0,0,0,0,0,0,97,180,forward,0,0,0.0,1.698769670449743,101.45824123798124
10:58:11,1.698844,101.458284,0,0,0,0,0,0,0,0,98,180,forward,0,0,0.0,1.698772834164678,101.45827399389601
10:58:13,1.698845,101.458314,0,0,0,0,0,0,0,0,98,180,forward,0,0,0.0,1.6987738341646779,101.458303993896
10:58:15,1.698847,101.458345,0,0,0,0,0,0,0,0,98,180,forward,0,0,0.0,1.698775834164678,101.45833499389599
10:58:17,1.698849,101.458378,0,0,0,0,0,0,0,0,98,180,forward,0,0,0.0,1.698777834164678,101.45836799389598
10:58:19,1.698851,101.458411,0,0,0,0,0,0,0,0,98,180,forward,0,0,0.0,1.698779834164678,101.45840099389596
10:58:21,1.698853,101.458444,0,0,0,0,0,0,0,0,99,180,forward,0,0,0.0,1.6987820195574157,101.45843275285868
10:58:24,1.698855,101.458477,0,0,0,0,0,0,0,0,99,180,forward,0,0,0.0,1.6987840195574158,101.45846575285869
10:58:26,1.698857,101.45851,0,0,0,0,0,0,0,0,99,180,forward,0,0,0.0,1.6987860195574158,101.45849875285867
10:58:28,1.698859,101.458542,0,0,0,0,0,0,0,0,100,180,forward,0,0,0.0,1.698788226571484,101.45852951524736
10:58:30,1.698861,101.458574,0,0,0,0,0,0,0,0,99,180,forward,0,0,0.0,1.6987900195574157,101.45856275285864
10:58:32,1.698863,101.458607,0,0,0,0,0,0,0,0,100,180,forward,0,0,0.0,1.698792226571484,101.45859451524734
10:58:35,1.698864,101.45864,0,0,0,0,0,0,0,0,100,180,forward,0,0,0.0,1.698793226571484,101.45862751524734
10:58:37,1.698865,101.458672,0,0,0,0,0,0,0,0,100,180,forward,0,0,0.0,1.6987942265714842,101.45865951524733
10:58:39,1.698866,101.458705,0,0,0,0,0,0,0,0,101,180,forward,0,0,0.0,1.698795455143824,101.45869128143902
10:58:41,1.698867,101.458737,0,0,0,0,0,0,0,0,101,180,forward,0,0,0.0,1.698796455143824,101.458723281439
10:58:43,1.698868,101.45877,0,0,0,0,0,0,0,0,101,180,forward,0,0,0.0,1.698797455143824,101.45875628143901
10:58:46,1.698868,101.458802,0,0,0,0,0,0,0,0,101,180,forward,0,0,0.0,1.698797455143824,101.45878828143901
10:58:48,1.698869,101.458833,0,0,0,0,0,0,0,0,101,180,forward,0,0,0.0,1.698798455143824,101.45881928143899
10:58:50,1.698869,101.458866,0,0,0,0,0,0,0,0,101,180,forward,0,0,0.0,1.698798455143824,101.458852281439
10:58:52,1.698869,101.458897,0,0,0,0,0,0,0,0,102,180,forward,0,0,0.0,1.6987987052048108,101.45888205180948
10:58:54,1.698869,101.458927,0,0,0,0,0,0,0,0,101,180,forward,0,0,0.0,1.698798455143824,101.458913281439
10:58:56,1.698868,101.458959,0,0,0,0,0,0,0,0,101,180,forward,0,0,0.0,1.698797455143824,101.458945281439
10:58:59,1.698867,101.458991,0,0,0,0,0,0,0,0,101,180,forward,0,0,0.0,1.698796455143824,101.458977281439
10:59:01,1.698867,101.459021,0,0,0,0,0,0,0,0,101,180,forward,0,0,0.0,1.698796455143824,101.45900728143901
10:59:03,1.698866,101.459054,0,0,0,0,0,0,0,0,101,180,forward,0,0,0.0,1.698795455143824,101.45904028143902
10:59:05,1.698866,101.459086,0,0,0,0,0,0,0,0,101,180,forward,0,0,0.0,1.698795455143824,101.45907228143902
10:59:07,1.698864,101.459116,0,0,0,0,0,0,0,0,102,180,forward,0,0,0.0,1.6987937052048108,101.45910105180953
10:59:09,1.698863,101.459149,0,0,0,0,0,0,0,0,101,180,forward,0,0,0.0,1.698792455143824,101.45913528143903
10:59:11,1.698862,101.459178,0,0,0,0,0,0,0,0,101,180,forward,0,0,0.0,1.6987914551438241,101.45916428143904
10:59:13,1.698861,101.459211,0,0,0,0,0,0,0,0,101,180,forward,0,0,0.0,1.698790455143824,101.45919728143905
10:59:16,1.698859,101.459243,0,0,0,0,0,0,0,0,101,180,forward,0,0,0.0,1.698788455143824,101.45922928143906
10:59:18,1.698857,101.459274,0,0,0,0,0,0,0,0,101,180,forward,0,0,0.0,1.698786455143824,101.45926028143907
10:59:20,1.698856,101.459306,0,0,0,0,0,0,0,0,101,180,forward,0,0,0.0,1.698785455143824,101.45929228143909
10:59:22,1.698854,101.459337,0,0,0,0,0,0,0,0,101,180,forward,0,0,0.0,1.6987834551438241,101.45932328143911
10:59:24,1.698852,101.459369,0,0,0,0,0,0,0,0,100,180,forward,0,0,0.0,1.6987812265714841,101.4593565152474
10:59:27,1.69885,101.459401,0,0,0,0,0,0,0,0,100,180,forward,0,0,0.0,1.698779226571484,101.45938851524743
10:59:29,1.698847,101.459433,0,0,0,0,0,0,0,0,100,180,forward,0,0,0.0,1.698776226571484,101.45942051524746
10:59:31,1.698844,101.459465,0,0,0,0,0,0,0,0,100,180,forward,0,0,0.0,1.698773226571484,101.45945251524746
10:59:33,1.698841,101.459497,0,0,0,0,0,0,0,0,100,180,forward,0,0,0.0,1.6987702265714841,101.45948451524748
10:59:35,1.698838,101.459529,0,0,0,0,0,0,0,0,100,180,forward,0,0,0.0,1.6987672265714842,101.45951651524751
10:59:38,1.698836,101.459561,0,0,0,0,0,0,0,0,99,180,forward,0,0,0.0,1.6987650195574158,101.45954975285878
10:59:40,1.698833,101.459593,0,0,0,0,0,0,0,0,100,180,forward,0,0,0.0,1.6987622265714841,101.45958051524754
10:59:42,1.69883,101.459626,0,0,0,0,0,0,0,0,99,180,forward,0,0,0.0,1.6987590195574158,101.45961475285883
10:59:44,1.698827,101.459658,0,0,0,0,0,0,0,0,99,180,forward,0,0,0.0,1.6987560195574158,101.45964675285884
10:59:46,1.698824,101.45969,0,0,0,0,0,0,0,0,99,180,forward,0,0,0.0,1.6987530195574156,101.45967875285885
10:59:48,1.69882,101.45972,0,0,0,0,0,0,0,0,98,180,forward,0,0,0.0,1.698748834164678,101.45970999389613
10:59:50,1.698817,101.459749,0,0,0,0,0,0,0,0,98,180,forward,0,0,0.0,1.698745834164678,101.45973899389614
10:59:53,1.698813,101.459781,0,0,0,0,0,0,0,0,98,180,forward,0,0,0.0,1.6987418341646778,101.45977099389617
10:59:55,1.698809,101.459812,0,0,0,0,0,0,0,0,97,180,forward,0,0,0.0,1.698737670449743,101.45980323798138
10:59:57,1.698806,101.459844,0,0,0,0,0,0,0,0,98,180,forward,0,0,0.0,1.698734834164678,101.4598339938962
10:59:59,1.698803,101.459875,0,0,0,0,0,0,0,0,97,180,forward,0,0,0.0,1.698731670449743,101.4598662379814
11:00:01,1.6988,101.459907,0,0,0,0,0,0,0,0,97,180,forward,0,0,0.0,1.698728670449743,101.45989823798142
11:00:03,1.698797,101.459936,0,0,0,0,0,0,0,0,97,180,forward,0,0,0.0,1.6987256704497429,101.45992723798143
11:00:06,1.698793,101.459968,0,0,0,0,0,0,0,0,96,180,forward,0,0,0.0,1.69872152846248,101.45996048473563
11:00:08,1.69879,101.459999,0,0,0,0,0,0,0,0,96,180,forward,0,0,0.0,1.69871852846248,101.45999148473564
11:00:10,1.698787,101.460031,0,0,0,0,0,0,0,0,95,180,forward,0,0,0.0,1.6987154082461398,101.46002473377905
11:00:12,1.698783,101.460064,0,0,0,0,0,0,0,0,95,180,forward,0,0,0.0,1.6987114082461396,101.46005773377907
11:00:14,1.69878,101.460093,0,0,0,0,0,0,0,0,95,180,forward,0,0,0.0,1.6987084082461397,101.46008673377908
11:00:16,1.698776,101.460126,0,0,0,0,0,0,0,0,94,180,forward,0,0,0.0,1.698704309837341,101.46012098473123
11:00:18,1.698773,101.460156,0,0,0,0,0,0,0,0,94,180,forward,0,0,0.0,1.6987013098373411,101.46015098473124
11:00:21,1.69877,101.460188,0,0,0,0,0,0,0,0,94,180,forward,0,0,0.0,1.698698309837341,101.46018298473125
11:00:23,1.698767,101.460217,0,0,0,0,0,0,0,0,93,180,forward,0,0,0.0,1.6986952332660605,101.4602132372111
11:00:25,1.698764,101.460249,0,0,0,0,0,0,0,0,92,180,forward,0,0,0.0,1.6986921785556224,101.46024649083712
11:00:27,1.698761,101.460278,0,0,0,0,0,0,0,0,92,180,forward,0,0,0.0,1.6986891785556224,101.46027549083712
11:00:29,1.698758,101.460309,0,0,0,0,0,0,0,0,92,180,forward,0,0,0.0,1.6986861785556224,101.46030649083713
11:00:31,1.698755,101.460338,0,0,0,0,0,0,0,0,92,180,forward,0,0,0.0,1.6986831785556225,101.46033549083712
11:00:33,1.698752,101.460371,0,0,0,0,0,0,0,0,91,180,forward,0,0,0.0,1.6986801457226919,101.46036974522745
11:00:35,1.698749,101.460403,0,0,0,0,0,0,0,0,91,180,forward,0,0,0.0,1.698677145722692,101.46040174522746
11:00:38,1.698745,101.460436,0,0,0,0,0,0,0,0,91,180,forward,0,0,0.0,1.6986731457226918,101.46043474522746
11:00:40,1.698742,101.460468,0,0,0,0,0,0,0,0,90,180,forward,0,0,0.0,1.6986701347772704,101.460468
11:00:42,1.698739,101.460501,0,0,0,0,0,0,0,0,90,180,forward,0,0,0.0,1.6986671347772704,101.460501
11:00:44,1.698736,101.460534,0,0,0,0,0,0,0,0,89,180,forward,0,0,0.0,1.6986641457226919,101.46053525477252
11:00:46,1.698733,101.460565,0,0,0,0,0,0,0,0,89,180,forward,0,0,0.0,1.698661145722692,101.46056625477253
11:00:48,1.69873,101.460598,0,0,0,0,0,0,0,0,89,180,forward,0,0,0.0,1.698658145722692,101.46059925477253
11:00:51,1.698728,101.460631,0,0,0,0,0,0,0,0,89,180,forward,0,0,0.0,1.6986561457226919,101.46063225477253
11:00:53,1.698726,101.460664,0,0,0,0,0,0,0,0,88,180,forward,0,0,0.0,1.6986541785556224,101.46066650916282
11:00:55,1.698723,101.460697,0,0,0,0,0,0,0,0,88,180,forward,0,0,0.0,1.6986511785556224,101.46069950916282
11:00:57,1.698721,101.460731,0,0,0,0,0,0,0,0,87,180,forward,0,0,0.0,1.6986492332660605,101.4607347627888
11:00:59,1.698719,101.460764,0,0,0,0,0,0,0,0,87,180,forward,0,0,0.0,1.6986472332660607,101.4607677627888
11:01:01,1.698717,101.460794,0,0,0,0,0,0,0,0,87,180,forward,0,0,0.0,1.6986452332660607,101.46079776278881
11:01:04,1.698715,101.460826,0,0,0,0,0,0,0,0,86,180,forward,0,0,0.0,1.698643309837341,101.46083101526861
11:01:06,1.698713,101.460859,0,0,0,0,0,0,0,0,86,180,forward,0,0,0.0,1.698641309837341,101.4608640152686
11:01:08,1.698712,101.46089,0,0,0,0,0,0,0,0,86,180,forward,0,0,0.0,1.698640309837341,101.4608950152686
11:01:10,1.69871,101.460922,0,0,0,0,0,0,0,0,85,180,forward,0,0,0.0,1.6986384082461397,101.46092826622069
11:01:12,1.698709,101.460954,0,0,0,0,0,0,0,0,85,180,forward,0,0,0.0,1.6986374082461397,101.4609602662207
11:01:15,1.698708,101.460987,0,0,0,0,0,0,0,0,85,180,forward,0,0,0.0,1.6986364082461398,101.4609932662207
11:01:17,1.698707,101.46102,0,0,0,0,0,0,0,0,85,180,forward,0,0,0.0,1.6986354082461397,101.46102626622068
11:01:19,1.698705,101.461053,0,0,0,0,0,0,0,0,85,180,forward,0,0,0.0,1.6986334082461396,101.46105926622069
11:01:21,1.698705,101.461085,0,0,0,0,0,0,0,0,84,180,forward,0,0,0.0,1.6986335284624798,101.46109251526403
11:01:23,1.698704,101.461118,0,0,0,0,0,0,0,0,84,180,forward,0,0,0.0,1.69863252846248,101.46112551526402
11:01:26,1.698704,101.461151,0,0,0,0,0,0,0,0,84,180,forward,0,0,0.0,1.69863252846248,101.46115851526402
11:01:28,1.698704,101.461185,0,0,0,0,0,0,0,0,83,180,forward,0,0,0.0,1.698632670449743,101.46119376201814
11:01:30,1.698704,101.461218,0,0,0,0,0,0,0,0,83,180,forward,0,0,0.0,1.698632670449743,101.46122676201814
11:01:32,1.698705,101.46125,0,0,0,0,0,0,0,0,83,180,forward,0,0,0.0,1.698633670449743,101.46125876201816
11:01:34,1.698705,101.46128,0,0,0,0,0,0,0,0,83,180,forward,0,0,0.0,1.698633670449743,101.46128876201816
11:01:36,1.698705,101.461313,0,0,0,0,0,0,0,0,82,180,forward,0,0,0.0,1.6986338341646778,101.46132300610329
11:01:39,1.698706,101.461346,0,0,0,0,0,0,0,0,82,180,forward,0,0,0.0,1.698634834164678,101.46135600610329
11:01:41,1.698707,101.461378,0,0,0,0,0,0,0,0,82,180,forward,0,0,0.0,1.698635834164678,101.46138800610328
11:01:43,1.698708,101.461408,0,0,0,0,0,0,0,0,82,180,forward,0,0,0.0,1.698636834164678,101.4614180061033
11:01:45,1.69871,101.46144,0,0,0,0,0,0,0,0,81,180,forward,0,0,0.0,1.6986390195574157,101.46145124714047
11:01:47,1.698711,101.461469,0,0,0,0,0,0,0,0,81,180,forward,0,0,0.0,1.6986400195574158,101.46148024714047
11:01:49,1.698713,101.461501,0,0,0,0,0,0,0,0,81,180,forward,0,0,0.0,1.6986420195574157,101.46151224714049
11:01:51,1.698715,101.46153,0,0,0,0,0,0,0,0,81,180,forward,0,0,0.0,1.6986440195574157,101.4615412471405
11:01:53,1.698717,101.461562,0,0,0,0,0,0,0,0,81,180,forward,0,0,0.0,1.6986460195574158,101.46157324714052
11:01:56,1.69872,101.461593,0,0,0,0,0,0,0,0,80,180,forward,0,0,0.0,1.698649226571484,101.46160548475173
11:01:58,1.698722,101.461624,0,0,0,0,0,0,0,0,80,180,forward,0,0,0.0,1.6986512265714842,101.46163648475175
11:02:00,1.698724,101.461656,0,0,0,0,0,0,0,0,80,180,forward,0,0,0.0,1.698653226571484,101.46166848475175
11:02:02,1.698727,101.461685,0,0,0,0,0,0,0,0,80,180,forward,0,0,0.0,1.6986562265714842,101.46169748475178
11:02:04,1.69873,101.461717,0,0,0,0,0,0,0,0,79,180,forward,0,0,0.0,1.698659455143824,101.46173071856
11:02:06,1.698733,101.461748,0,0,0,0,0,0,0,0,79,180,forward,0,0,0.0,1.698662455143824,101.46176171856004
11:02:09,1.698736,101.46178,0,0,0,0,0,0,0,0,79,180,forward,0,0,0.0,1.698665455143824,101.46179371856006
11:02:11,1.698739,101.461808,0,0,0,0,0,0,0,0,79,180,forward,0,0,0.0,1.698668455143824,101.46182171856009
11:02:13,1.698743,101.46184,0,0,0,0,0,0,0,0,78,180,forward,0,0,0.0,1.6986727052048107,101.46185494818954
11:02:15,1.698746,101.461869,0,0,0,0,0,0,0,0,79,180,forward,0,0,0.0,1.6986754551438241,101.46188271856012
11:02:17,1.698749,101.4619,0,0,0,0,0,0,0,0,78,180,forward,0,0,0.0,1.698678705204811,101.46191494818959
11:02:19,1.698753,101.461933,0,0,0,0,0,0,0,0,78,180,forward,0,0,0.0,1.6986827052048108,101.46194794818962
11:02:21,1.698756,101.461965,0,0,0,0,0,0,0,0,78,180,forward,0,0,0.0,1.6986857052048108,101.46197994818965
11:02:24,1.69876,101.461997,0,0,0,0,0,0,0,0,78,180,forward,0,0,0.0,1.6986897052048109,101.46201194818967
11:02:26,1.698764,101.462025,0,0,0,0,0,0,0,0,77,180,forward,0,0,0.0,1.6986939766782732,101.46204117326577
11:02:28,1.698768,101.462057,0,0,0,0,0,0,0,0,77,180,forward,0,0,0.0,1.6986979766782733,101.46207317326581
11:02:30,1.698773,101.462088,0,0,0,0,0,0,0,0,77,180,forward,0,0,0.0,1.6987029766782733,101.46210417326584
11:02:32,1.698778,101.46212,0,0,0,0,0,0,0,0,77,180,forward,0,0,0.0,1.6987079766782731,101.46213617326589
11:02:34,1.698782,101.462149,0,0,0,0,0,0,0,0,77,180,forward,0,0,0.0,1.6987119766782732,101.46216517326593
11:02:36,1.698786,101.462181,0,0,0,0,0,0,0,0,77,180,forward,0,0,0.0,1.6987159766782731,101.46219717326596
11:02:39,1.69879,101.462212,0,0,0,0,0,0,0,0,77,180,forward,0,0,0.0,1.6987199766782732,101.46222817326598
11:02:41,1.698795,101.462244,0,0,0,0,0,0,0,0,77,180,forward,0,0,0.0,1.6987249766782733,101.46226017326603
11:02:43,1.698799,101.462273,0,0,0,0,0,0,0,0,77,180,forward,0,0,0.0,1.6987289766782732,101.46228917326607
11:02:45,1.698804,101.462305,0,0,0,0,0,0,0,0,76,180,forward,0,0,0.0,1.6987342694815175,101.46232239341568
11:02:47,1.698809,101.462337,0,0,0,0,0,0,0,0,76,180,forward,0,0,0.0,1.6987392694815175,101.46235439341572
11:02:49,1.698815,101.46237,0,0,0,0,0,0,0,0,77,180,forward,0,0,0.0,1.6987449766782732,101.46238617326621
11:02:51,1.69882,101.462399,0,0,0,0,0,0,0,0,77,180,forward,0,0,0.0,1.6987499766782732,101.46241517326625
11:02:54,1.698826,101.462432,0,0,0,0,0,0,0,0,77,180,forward,0,0,0.0,1.6987559766782732,101.4624481732663
11:02:56,1.698832,101.462464,0,0,0,0,0,0,0,0,77,180,forward,0,0,0.0,1.6987619766782731,101.46248017326634
11:02:58,1.698838,101.462496,0,0,0,0,0,0,0,0,77,180,forward,0,0,0.0,1.6987679766782733,101.4625121732664
11:03:00,1.698844,101.462528,0,0,0,0,0,0,0,0,77,180,forward,0,0,0.0,1.6987739766782732,101.46254417326645
11:03:02,1.698851,101.462559,0,0,0,0,0,0,0,0,77,180,forward,0,0,0.0,1.6987809766782733,101.4625751732665
11:03:05,1.698858,101.46259,0,0,0,0,0,0,0,0,77,180,forward,0,0,0.0,1.6987879766782732,101.46260617326656
11:03:07,1.698865,101.462622,0,0,0,0,0,0,0,0,77,180,forward,0,0,0.0,1.6987949766782733,101.46263817326661
11:03:09,1.698873,101.462654,0,0,0,0,0,0,0,0,78,180,forward,0,0,0.0,1.698802705204811,101.46266894819054
11:03:11,1.69888,101.462686,0,0,0,0,0,0,0,0,78,180,forward,0,0,0.0,1.6988097052048108,101.4627009481906
11:03:13,1.698887,101.462714,0,0,0,0,0,0,0,0,78,180,forward,0,0,0.0,1.6988167052048109,101.46272894819066
11:03:15,1.698895,101.462746,0,0,0,0,0,0,0,0,78,180,forward,0,0,0.0,1.6988247052048109,101.4627609481907
11:03:18,1.698904,101.462778,0,0,0,0,0,0,0,0,78,180,forward,0,0,0.0,1.6988337052048108,101.46279294819078
11:03:20,1.698911,101.462809,0,0,0,0,0,0,0,0,79,180,forward,0,0,0.0,1.698840455143824,101.4628227185613
11:03:22,1.69892,101.46284,0,0,0,0,0,0,0,0,79,180,forward,0,0,0.0,1.698849455143824,101.46285371856136
11:03:24,1.698928,101.462872,0,0,0,0,0,0,0,0,80,180,forward,0,0,0.0,1.698857226571484,101.46288448475308
11:03:26,1.698935,101.462901,0,0,0,0,0,0,0,0,80,180,forward,0,0,0.0,1.6988642265714842,101.46291348475312
11:03:28,1.698944,101.462932,0,0,0,0,0,0,0,0,80,180,forward,0,0,0.0,1.698873226571484,101.46294448475318
11:03:31,1.698952,101.462964,0,0,0,0,0,0,0,0,80,180,forward,0,0,0.0,1.698881226571484,101.46297648475323
11:03:33,1.698961,101.462995,0,0,0,0,0,0,0,0,81,180,forward,0,0,0.0,1.6988900195574157,101.46300624714195
11:03:35,1.698968,101.463027,0,0,0,0,0,0,0,0,81,180,forward,0,0,0.0,1.6988970195574158,101.46303824714198
11:03:37,1.698976,101.463059,0,0,0,0,0,0,0,0,81,180,forward,0,0,0.0,1.6989050195574158,101.46307024714203
11:03:39,1.698984,101.463088,0,0,0,0,0,0,0,0,82,180,forward,0,0,0.0,1.698912834164678,101.46309800610472
11:03:41,1.698991,101.463121,0,0,0,0,0,0,0,0,82,180,forward,0,0,0.0,1.6989198341646778,101.46313100610476
11:03:44,1.698999,101.463154,0,0,0,0,0,0,0,0,82,180,forward,0,0,0.0,1.6989278341646779,101.4631640061048
11:03:46,1.699006,101.463183,0,0,0,0,0,0,0,0,82,180,forward,0,0,0.0,1.698934834164678,101.46319300610483
11:03:48,1.699014,101.463216,0,0,0,0,0,0,0,0,83,180,forward,0,0,0.0,1.698942670449743,101.46322476201955
11:03:50,1.699022,101.463248,0,0,0,0,0,0,0,0,83,180,forward,0,0,0.0,1.698950670449743,101.46325676201958
11:03:52,1.699029,101.46328,0,0,0,0,0,0,0,0,83,180,forward,0,0,0.0,1.6989576704497429,101.46328876201962
11:03:54,1.699036,101.463312,0,0,0,0,0,0,0,0,84,180,forward,0,0,0.0,1.69896452846248,101.46331951526531
11:03:57,1.699043,101.463344,0,0,0,0,0,0,0,0,84,180,forward,0,0,0.0,1.69897152846248,101.46335151526534
11:03:59,1.699051,101.463377,0,0,0,0,0,0,0,0,85,180,forward,0,0,0.0,1.6989794082461398,101.4633832662218
11:04:01,1.699057,101.463406,0,0,0,0,0,0,0,0,84,180,forward,0,0,0.0,1.69898552846248,101.4634135152654
11:04:03,1.699063,101.463437,0,0,0,0,0,0,0,0,85,180,forward,0,0,0.0,1.6989914082461397,101.46344326622184
11:04:05,1.69907,101.463469,0,0,0,0,0,0,0,0,85,180,forward,0,0,0.0,1.6989984082461398,101.46347526622186
11:04:07,1.699076,101.463501,0,0,0,0,0,0,0,0,85,180,forward,0,0,0.0,1.6990044082461397,101.46350726622188
11:04:10,1.699082,101.463533,0,0,0,0,0,0,0,0,85,180,forward,0,0,0.0,1.6990104082461397,101.4635392662219
11:04:12,1.699089,101.463565,0,0,0,0,0,0,0,0,86,180,forward,0,0,0.0,1.6990173098373411,101.46357001526958
11:04:14,1.699095,101.463598,0,0,0,0,0,0,0,0,86,180,forward,0,0,0.0,1.699023309837341,101.4636030152696
11:04:16,1.699101,101.46363,0,0,0,0,0,0,0,0,86,180,forward,0,0,0.0,1.699029309837341,101.4636350152696
11:04:18,1.699107,101.463663,0,0,0,0,0,0,0,0,86,180,forward,0,0,0.0,1.699035309837341,101.46366801526962
11:04:21,1.699113,101.463695,0,0,0,0,0,0,0,0,86,180,forward,0,0,0.0,1.6990413098373411,101.46370001526964
11:04:23,1.699118,101.463725,0,0,0,0,0,0,0,0,86,180,forward,0,0,0.0,1.699046309837341,101.46373001526965
11:04:25,1.699123,101.463757,0,0,0,0,0,0,0,0,86,180,forward,0,0,0.0,1.699051309837341,101.46376201526967
11:04:27,1.699129,101.463789,0,0,0,0,0,0,0,0,86,180,forward,0,0,0.0,1.699057309837341,101.46379401526968
11:04:29,1.699134,101.463818,0,0,0,0,0,0,0,0,86,180,forward,0,0,0.0,1.699062309837341,101.4638230152697
11:04:31,1.699139,101.46385,0,0,0,0,0,0,0,0,86,180,forward,0,0,0.0,1.699067309837341,101.4638550152697
11:04:33,1.699145,101.463879,0,0,0,0,0,0,0,0,87,180,forward,0,0,0.0,1.6990732332660605,101.46388276278965
11:04:35,1.69915,101.46391,0,0,0,0,0,0,0,0,86,180,forward,0,0,0.0,1.699078309837341,101.46391501526973
11:04:38,1.699156,101.463942,0,0,0,0,0,0,0,0,87,180,forward,0,0,0.0,1.6990842332660607,101.46394576278966
11:04:40,1.699161,101.463974,0,0,0,0,0,0,0,0,86,180,forward,0,0,0.0,1.699089309837341,101.46397901526976
11:04:42,1.699166,101.464005,0,0,0,0,0,0,0,0,86,180,forward,0,0,0.0,1.699094309837341,101.46401001526978
11:04:44,1.699171,101.464037,0,0,0,0,0,0,0,0,86,180,forward,0,0,0.0,1.699099309837341,101.4640420152698
11:04:46,1.699177,101.464069,0,0,0,0,0,0,0,0,86,180,forward,0,0,0.0,1.699105309837341,101.4640740152698
11:04:49,1.699182,101.464101,0,0,0,0,0,0,0,0,86,180,forward,0,0,0.0,1.699110309837341,101.46410601526982
11:04:51,1.699187,101.464132,0,0,0,0,0,0,0,0,86,180,forward,0,0,0.0,1.699115309837341,101.46413701526984
11:04:53,1.699192,101.464164,0,0,0,0,0,0,0,0,86,180,forward,0,0,0.0,1.699120309837341,101.46416901526985
11:04:55,1.699196,101.464195,0,0,0,0,0,0,0,0,86,180,forward,0,0,0.0,1.699124309837341,101.46420001526985
11:04:57,1.699202,101.464227,0,0,0,0,0,0,0,0,86,180,forward,0,0,0.0,1.6991303098373411,101.46423201526987
11:05:00,1.699207,101.464258,0,0,0,0,0,0,0,0,86,180,forward,0,0,0.0,1.699135309837341,101.46426301526988
11:05:02,1.699212,101.46429,0,0,0,0,0,0,0,0,86,180,forward,0,0,0.0,1.699140309837341,101.4642950152699
11:05:04,1.699217,101.464321,0,0,0,0,0,0,0,0,86,180,forward,0,0,0.0,1.699145309837341,101.4643260152699
11:05:06,1.699223,101.464352,0,0,0,0,0,0,0,0,86,180,forward,0,0,0.0,1.699151309837341,101.46435701526993
11:05:08,1.699228,101.464383,0,0,0,0,0,0,0,0,86,180,forward,0,0,0.0,1.699156309837341,101.46438801526993
11:05:11,1.699234,101.464414,0,0,0,0,0,0,0,0,86,180,forward,0,0,0.0,1.699162309837341,101.46441901526995
11:05:13,1.699239,101.464445,0,0,0,0,0,0,0,0,86,180,forward,0,0,0.0,1.699167309837341,101.46445001526996
11:05:15,1.699244,101.464476,0,0,0,0,0,0,0,0,86,180,forward,0,0,0.0,1.699172309837341,101.46448101526998
11:05:17,1.69925,101.464507,0,0,0,0,0,0,0,0,86,180,forward,0,0,0.0,1.699178309837341,101.46451201526999
11:05:19,1.699256,101.464539,0,0,0,0,0,0,0,0,86,180,forward,0,0,0.0,1.6991843098373411,101.46454401527001
11:05:22,1.699261,101.46457,0,0,0,0,0,0,0,0,86,180,forward,0,0,0.0,1.699189309837341,101.46457501527001
11:05:24,1.699267,101.464601,0,0,0,0,0,0,0,0,85,180,forward,0,0,0.0,1.6991954082461398,101.4646072662225
11:05:26,1.699273,101.464632,0,0,0,0,0,0,0,0,86,180,forward,0,0,0.0,1.699201309837341,101.46463701527006
11:05:28,1.699278,101.464663,0,0,0,0,0,0,0,0,85,180,forward,0,0,0.0,1.6992064082461398,101.46466926622254
11:05:30,1.699284,101.464694,0,0,0,0,0,0,0,0,85,180,forward,0,0,0.0,1.6992124082461397,101.46470026622255
11:05:33,1.699289,101.464725,0,0,0,0,0,0,0,0,85,180,forward,0,0,0.0,1.6992174082461398,101.46473126622257
11:05:35,1.699295,101.464756,0,0,0,0,0,0,0,0,85,180,forward,0,0,0.0,1.6992234082461397,101.46476226622259
11:05:37,1.699301,101.464786,0,0,0,0,0,0,0,0,85,180,forward,0,0,0.0,1.6992294082461397,101.46479226622262
11:05:39,1.699306,101.464817,0,0,0,0,0,0,0,0,85,180,forward,0,0,0.0,1.6992344082461397,101.46482326622262
11:05:41,1.699312,101.464848,0,0,0,0,0,0,0,0,85,180,forward,0,0,0.0,1.6992404082461396,101.46485426622264
11:05:44,1.699317,101.464879,0,0,0,0,0,0,0,0,85,180,forward,0,0,0.0,1.6992454082461397,101.46488526622267
11:05:46,1.699323,101.46491,0,0,0,0,0,0,0,0,85,180,forward,0,0,0.0,1.6992514082461396,101.46491626622269
11:05:48,1.699328,101.46494,0,0,0,0,0,0,0,0,85,180,forward,0,0,0.0,1.6992564082461397,101.4649462662227
11:05:50,1.699334,101.464971,0,0,0,0,0,0,0,0,85,180,forward,0,0,0.0,1.6992624082461396,101.46497726622272
11:05:52,1.69934,101.465001,0,0,0,0,0,0,0,0,85,180,forward,0,0,0.0,1.6992684082461398,101.46500726622274
11:05:55,1.699345,101.465032,0,0,0,0,0,0,0,0,85,180,forward,0,0,0.0,1.6992734082461398,101.46503826622275
11:05:57,1.699352,101.465063,0,0,0,0,0,0,0,0,85,180,forward,0,0,0.0,1.6992804082461397,101.46506926622278
11:05:59,1.699358,101.465095,0,0,0,0,0,0,0,0,85,180,forward,0,0,0.0,1.6992864082461396,101.4651012662228
11:06:01,1.699364,101.465126,0,0,0,0,0,0,0,0,86,180,forward,0,0,0.0,1.6992923098373411,101.46513101527029
11:06:03,1.69937,101.465157,0,0,0,0,0,0,0,0,86,180,forward,0,0,0.0,1.699298309837341,101.46516201527031
11:06:06,1.699377,101.465189,0,0,0,0,0,0,0,0,86,180,forward,0,0,0.0,1.699305309837341,101.46519401527033
11:06:08,1.699383,101.465221,0,0,0,0,0,0,0,0,86,180,forward,0,0,0.0,1.6993113098373411,101.46522601527035
11:06:10,1.69939,101.465254,0,0,0,0,0,0,0,0,86,180,forward,0,0,0.0,1.699318309837341,101.46525901527036
11:06:12,1.699397,101.465286,0,0,0,0,0,0,0,0,86,180,forward,0,0,0.0,1.699325309837341,101.46529101527038
11:06:14,1.699402,101.465318,0,0,0,0,0,0,0,0,86,180,forward,0,0,0.0,1.6993303098373411,101.46532301527039
11:06:17,1.699409,101.46535,0,0,0,0,0,0,0,0,87,180,forward,0,0,0.0,1.6993372332660606,101.46535376279016
11:06:19,1.699415,101.465382,0,0,0,0,0,0,0,0,87,180,forward,0,0,0.0,1.6993432332660605,101.46538576279018
11:06:21,1.699421,101.465414,0,0,0,0,0,0,0,0,87,180,forward,0,0,0.0,1.6993492332660607,101.46541776279017
11:06:23,1.699427,101.465446,0,0,0,0,0,0,0,0,88,180,forward,0,0,0.0,1.6993551785556225,101.46544850916374
11:06:25,1.699433,101.465478,0,0,0,0,0,0,0,0,88,180,forward,0,0,0.0,1.6993611785556224,101.46548050916375
11:06:28,1.699439,101.46551,0,0,0,0,0,0,0,0,88,180,forward,0,0,0.0,1.6993671785556224,101.46551250916376
11:06:30,1.699446,101.465542,0,0,0,0,0,0,0,0,88,180,forward,0,0,0.0,1.6993741785556224,101.46554450916376
11:06:32,1.699452,101.465575,0,0,0,0,0,0,0,0,89,180,forward,0,0,0.0,1.6993801457226918,101.465576254773
11:06:34,1.699459,101.465608,0,0,0,0,0,0,0,0,89,180,forward,0,0,0.0,1.699387145722692,101.465609254773
11:06:36,1.699465,101.46564,0,0,0,0,0,0,0,0,89,180,forward,0,0,0.0,1.6993931457226918,101.465641254773
11:06:39,1.699471,101.465672,0,0,0,0,0,0,0,0,89,180,forward,0,0,0.0,1.6993991457226918,101.46567325477301
11:06:41,1.699477,101.465704,0,0,0,0,0,0,0,0,90,180,forward,0,0,0.0,1.6994051347772703,101.465704
11:06:43,1.699483,101.465737,0,0,0,0,0,0,0,0,90,180,forward,0,0,0.0,1.6994111347772705,101.465737
11:06:45,1.699488,101.465769,0,0,0,0,0,0,0,0,91,180,forward,0,0,0.0,1.699416145722692,101.46576774522697
11:06:47,1.699494,101.465802,0,0,0,0,0,0,0,0,91,180,forward,0,0,0.0,1.699422145722692,101.46580074522697
11:06:50,1.699499,101.465834,0,0,0,0,0,0,0,0,91,180,forward,0,0,0.0,1.699427145722692,101.46583274522698
11:06:52,1.699504,101.465866,0,0,0,0,0,0,0,0,91,180,forward,0,0,0.0,1.6994321457226917,101.46586474522698
11:06:54,1.699509,101.465899,0,0,0,0,0,0,0,0,92,180,forward,0,0,0.0,1.6994371785556224,101.46589649083614
11:06:56,1.699514,101.465931,0,0,0,0,0,0,0,0,92,180,forward,0,0,0.0,1.6994421785556224,101.46592849083615
11:06:58,1.699519,101.465964,0,0,0,0,0,0,0,0,92,180,forward,0,0,0.0,1.6994471785556224,101.46596149083614
11:07:01,1.699523,101.465996,0,0,0,0,0,0,0,0,92,180,forward,0,0,0.0,1.6994511785556223,101.46599349083614
11:07:03,1.699527,101.466028,0,0,0,0,0,0,0,0,93,180,forward,0,0,0.0,1.6994552332660606,101.46602423720961
11:07:05,1.699531,101.46606,0,0,0,0,0,0,0,0,93,180,forward,0,0,0.0,1.6994592332660605,101.4660562372096
11:07:07,1.699535,101.466092,0,0,0,0,0,0,0,0,93,180,forward,0,0,0.0,1.6994632332660606,101.4660882372096
11:07:09,1.699539,101.466124,0,0,0,0,0,0,0,0,94,180,forward,0,0,0.0,1.699467309837341,101.46611898472925
11:07:12,1.699542,101.466155,0,0,0,0,0,0,0,0,94,180,forward,0,0,0.0,1.6994703098373412,101.46614998472924
11:07:14,1.699546,101.466187,0,0,0,0,0,0,0,0,94,180,forward,0,0,0.0,1.699474309837341,101.46618198472925
11:07:16,1.699549,101.466219,0,0,0,0,0,0,0,0,94,180,forward,0,0,0.0,1.699477309837341,101.46621398472922
11:07:18,1.699553,101.466252,0,0,0,0,0,0,0,0,94,180,forward,0,0,0.0,1.6994813098373411,101.46624698472921
11:07:20,1.699556,101.466285,0,0,0,0,0,0,0,0,94,180,forward,0,0,0.0,1.6994843098373411,101.46627998472921
11:07:23,1.699559,101.466318,0,0,0,0,0,0,0,0,94,180,forward,0,0,0.0,1.699487309837341,101.4663129847292
11:07:25,1.699561,101.466349,0,0,0,0,0,0,0,0,95,180,forward,0,0,0.0,1.6994894082461398,101.46634273377654
11:07:27,1.699564,101.466382,0,0,0,0,0,0,0,0,95,180,forward,0,0,0.0,1.6994924082461398,101.46637573377653
11:07:29,1.699566,101.466415,0,0,0,0,0,0,0,0,95,180,forward,0,0,0.0,1.6994944082461396,101.46640873377653
11:07:31,1.699568,101.466448,0,0,0,0,0,0,0,0,95,180,forward,0,0,0.0,1.6994964082461397,101.46644173377652
11:07:33,1.69957,101.46648,0,0,0,0,0,0,0,0,95,180,forward,0,0,0.0,1.6994984082461397,101.46647373377652
11:07:36,1.699572,101.466512,0,0,0,0,0,0,0,0,95,180,forward,0,0,0.0,1.6995004082461398,101.4665057337765
11:07:38,1.699574,101.466544,0,0,0,0,0,0,0,0,95,180,forward,0,0,0.0,1.6995024082461396,101.4665377337765
11:07:40,1.699576,101.466577,0,0,0,0,0,0,0,0,96,180,forward,0,0,0.0,1.69950452846248,101.46656948473259
11:07:42,1.699578,101.46661,0,0,0,0,0,0,0,0,95,180,forward,0,0,0.0,1.6995064082461397,101.4666037337765
11:07:44,1.69958,101.466642,0,0,0,0,0,0,0,0,96,180,forward,0,0,0.0,1.69950852846248,101.46663448473257
11:07:47,1.699581,101.466675,0,0,0,0,0,0,0,0,96,180,forward,0,0,0.0,1.69950952846248,101.46666748473257
11:07:49,1.699583,101.466708,0,0,0,0,0,0,0,0,96,180,forward,0,0,0.0,1.69951152846248,101.46670048473256
11:07:51,1.699585,101.466741,0,0,0,0,0,0,0,0,96,180,forward,0,0,0.0,1.6995135284624798,101.46673348473254
11:07:53,1.699586,101.466774,0,0,0,0,0,0,0,0,96,180,forward,0,0,0.0,1.69951452846248,101.46676648473255
11:07:55,1.699587,101.466807,0,0,0,0,0,0,0,0,96,180,forward,0,0,0.0,1.6995155284624799,101.46679948473255
11:07:58,1.699588,101.466841,0,0,0,0,0,0,0,0,96,180,forward,0,0,0.0,1.69951652846248,101.46683348473255
11:08:00,1.699589,101.466874,0,0,0,0,0,0,0,0,96,180,forward,0,0,0.0,1.69951752846248,101.46686648473253
11:08:02,1.69959,101.466906,0,0,0,0,0,0,0,0,97,180,forward,0,0,0.0,1.699518670449743,101.46689723797783
11:08:04,1.699591,101.466939,0,0,0,0,0,0,0,0,97,180,forward,0,0,0.0,1.699519670449743,101.46693023797783
11:08:06,1.699592,101.466973,0,0,0,0,0,0,0,0,97,180,forward,0,0,0.0,1.699520670449743,101.46696423797782
11:08:09,1.699593,101.467006,0,0,0,0,0,0,0,0,97,180,forward,0,0,0.0,1.699521670449743,101.46699723797782
11:08:11,1.699594,101.467039,0,0,0,0,0,0,0,0,97,180,forward,0,0,0.0,1.699522670449743,101.46703023797782
11:08:13,1.699594,101.467073,0,0,0,0,0,0,0,0,98,180,forward,0,0,0.0,1.699522834164678,101.46706299389211
11:08:15,1.699595,101.467107,0,0,0,0,0,0,0,0,98,180,forward,0,0,0.0,1.699523834164678,101.46709699389211
11:08:17,1.699595,101.467141,0,0,0,0,0,0,0,0,97,180,forward,0,0,0.0,1.699523670449743,101.46713223797781
11:08:20,1.699595,101.467175,0,0,0,0,0,0,0,0,97,180,forward,0,0,0.0,1.699523670449743,101.4671662379778
11:08:22,1.699596,101.467208,0,0,0,0,0,0,0,0,98,180,forward,0,0,0.0,1.699524834164678,101.4671979938921
11:08:24,1.699596,101.467242,0,0,0,0,0,0,0,0,98,180,forward,0,0,0.0,1.699524834164678,101.4672319938921
11:08:26,1.699597,101.467274,0,0,0,0,0,0,0,0,98,180,forward,0,0,0.0,1.699525834164678,101.4672639938921
11:08:28,1.699597,101.467307,0,0,0,0,0,0,0,0,98,180,forward,0,0,0.0,1.699525834164678,101.4672969938921
11:08:31,1.699597,101.46734,0,0,0,0,0,0,0,0,98,180,forward,0,0,0.0,1.699525834164678,101.4673299938921
11:08:33,1.699598,101.467373,0,0,0,0,0,0,0,0,98,180,forward,0,0,0.0,1.6995268341646779,101.4673629938921
11:08:35,1.699597,101.467406,0,0,0,0,0,0,0,0,99,180,forward,0,0,0.0,1.6995260195574158,101.46739475285435
11:08:37,1.699597,101.467439,0,0,0,0,0,0,0,0,99,180,forward,0,0,0.0,1.6995260195574158,101.46742775285435
11:08:39,1.699597,101.467473,0,0,0,0,0,0,0,0,99,180,forward,0,0,0.0,1.6995260195574158,101.46746175285435
11:08:42,1.699596,101.467506,0,0,0,0,0,0,0,0,99,180,forward,0,0,0.0,1.6995250195574159,101.46749475285436
11:08:44,1.699595,101.467539,0,0,0,0,0,0,0,0,99,180,forward,0,0,0.0,1.6995240195574157,101.46752775285437
11:08:46,1.699594,101.467572,0,0,0,0,0,0,0,0,99,180,forward,0,0,0.0,1.6995230195574158,101.46756075285438
11:08:48,1.699594,101.467606,0,0,0,0,0,0,0,0,99,180,forward,0,0,0.0,1.6995230195574158,101.46759475285438
11:08:50,1.699593,101.467639,0,0,0,0,0,0,0,0,99,180,forward,0,0,0.0,1.6995220195574157,101.46762775285438
11:08:53,1.699591,101.467672,0,0,0,0,0,0,0,0,99,180,forward,0,0,0.0,1.6995200195574158,101.46766075285439
11:08:55,1.69959,101.467704,0,0,0,0,0,0,0,0,99,180,forward,0,0,0.0,1.6995190195574157,101.46769275285439
11:08:57,1.699588,101.467737,0,0,0,0,0,0,0,0,99,180,forward,0,0,0.0,1.6995170195574159,101.4677257528544
11:08:59,1.699587,101.46777,0,0,0,0,0,0,0,0,99,180,forward,0,0,0.0,1.6995160195574157,101.46775875285442
11:09:01,1.699585,101.467803,0,0,0,0,0,0,0,0,99,180,forward,0,0,0.0,1.6995140195574157,101.46779175285442
11:09:04,1.699583,101.467836,0,0,0,0,0,0,0,0,99,180,forward,0,0,0.0,1.6995120195574158,101.46782475285444
11:09:06,1.699582,101.467869,0,0,0,0,0,0,0,0,99,180,forward,0,0,0.0,1.6995110195574157,101.46785775285444
11:09:08,1.69958,101.467902,0,0,0,0,0,0,0,0,99,180,forward,0,0,0.0,1.6995090195574158,101.46789075285444
11:09:10,1.699577,101.467935,0,0,0,0,0,0,0,0,99,180,forward,0,0,0.0,1.6995060195574156,101.46792375285447
11:09:12,1.699575,101.467968,0,0,0,0,0,0,0,0,98,180,forward,0,0,0.0,1.699503834164678,101.46795799389221
11:09:15,1.699573,101.468001,0,0,0,0,0,0,0,0,98,180,forward,0,0,0.0,1.699501834164678,101.46799099389223
11:09:17,1.699571,101.468035,0,0,0,0,0,0,0,0,98,180,forward,0,0,0.0,1.6994998341646779,101.46802499389224
11:09:19,1.699569,101.468069,0,0,0,0,0,0,0,0,98,180,forward,0,0,0.0,1.699497834164678,101.46805899389224
11:09:21,1.699567,101.468103,0,0,0,0,0,0,0,0,98,180,forward,0,0,0.0,1.699495834164678,101.46809299389226
11:09:23,1.699564,101.468137,0,0,0,0,0,0,0,0,98,180,forward,0,0,0.0,1.699492834164678,101.46812699389227
11:09:26,1.699561,101.46817,0,0,0,0,0,0,0,0,97,180,forward,0,0,0.0,1.699489670449743,101.46816123797797
11:09:28,1.699558,101.468203,0,0,0,0,0,0,0,0,97,180,forward,0,0,0.0,1.6994866704497429,101.46819423797798
11:09:30,1.699556,101.468236,0,0,0,0,0,0,0,0,97,180,forward,0,0,0.0,1.699484670449743,101.468227237978
11:09:32,1.699553,101.468269,0,0,0,0,0,0,0,0,97,180,forward,0,0,0.0,1.699481670449743,101.46826023797801
11:09:34,1.699549,101.468302,0,0,0,0,0,0,0,0,96,180,forward,0,0,0.0,1.69947752846248,101.46829448473268
11:09:37,1.699546,101.468335,0,0,0,0,0,0,0,0,96,180,forward,0,0,0.0,1.69947452846248,101.4683274847327
11:09:39,1.699543,101.468367,0,0,0,0,0,0,0,0,96,180,forward,0,0,0.0,1.69947152846248,101.46835948473272
11:09:41,1.69954,101.4684,0,0,0,0,0,0,0,0,96,180,forward,0,0,0.0,1.69946852846248,101.46839248473273
11:09:43,1.699537,101.468433,0,0,0,0,0,0,0,0,95,180,forward,0,0,0.0,1.6994654082461398,101.46842673377662
11:09:45,1.699533,101.468466,0,0,0,0,0,0,0,0,95,180,forward,0,0,0.0,1.6994614082461397,101.46845973377664
11:09:48,1.69953,101.468499,0,0,0,0,0,0,0,0,94,180,forward,0,0,0.0,1.699458309837341,101.46849398472928
11:09:50,1.699526,101.468531,0,0,0,0,0,0,0,0,94,180,forward,0,0,0.0,1.6994543098373411,101.46852598472928
11:09:52,1.699523,101.468565,0,0,0,0,0,0,0,0,94,180,forward,0,0,0.0,1.699451309837341,101.4685599847293
11:09:54,1.69952,101.468598,0,0,0,0,0,0,0,0,93,180,forward,0,0,0.0,1.6994482332660605,101.46859423720963
11:09:56,1.699517,101.468632,0,0,0,0,0,0,0,0,93,180,forward,0,0,0.0,1.6994452332660606,101.46862823720963
11:09:59,1.699514,101.468665,0,0,0,0,0,0,0,0,93,180,forward,0,0,0.0,1.6994422332660606,101.46866123720964
11:10:01,1.699511,101.468698,0,0,0,0,0,0,0,0,92,180,forward,0,0,0.0,1.6994391785556224,101.46869549083615
11:10:03,1.699509,101.468732,0,0,0,0,0,0,0,0,92,180,forward,0,0,0.0,1.6994371785556224,101.46872949083615
11:10:05,1.699506,101.468766,0,0,0,0,0,0,0,0,92,180,forward,0,0,0.0,1.6994341785556224,101.46876349083615
11:10:07,1.699504,101.4688,0,0,0,0,0,0,0,0,91,180,forward,0,0,0.0,1.6994321457226917,101.46879874522698
11:10:10,1.699501,101.468834,0,0,0,0,0,0,0,0,91,180,forward,0,0,0.0,1.6994291457226918,101.46883274522698
11:10:12,1.699499,101.468868,0,0,0,0,0,0,0,0,91,180,forward,0,0,0.0,1.699427145722692,101.46886674522698
11:10:14,1.699497,101.468901,0,0,0,0,0,0,0,0,91,180,forward,0,0,0.0,1.6994251457226919,101.46889974522698
11:10:16,1.699495,101.468935,0,0,0,0,0,0,0,0,90,180,forward,0,0,0.0,1.6994231347772704,101.468935
11:10:18,1.699493,101.468968,0,0,0,0,0,0,0,0,90,180,forward,0,0,0.0,1.6994211347772703,101.468968
11:10:21,1.699491,101.469002,0,0,0,0,0,0,0,0,90,180,forward,0,0,0.0,1.6994191347772705,101.469002
11:10:23,1.699489,101.469035,0,0,0,0,0,0,0,0,90,180,forward,0,0,0.0,1.6994171347772704,101.469035
11:10:25,1.699488,101.469068,0,0,0,0,0,0,0,0,90,180,forward,0,0,0.0,1.6994161347772705,101.469068
11:10:27,1.699486,101.4691,0,0,0,0,0,0,0,0,89,180,forward,0,0,0.0,1.699414145722692,101.46910125477301
11:10:29,1.699485,101.469133,0,0,0,0,0,0,0,0,89,180,forward,0,0,0.0,1.6994131457226918,101.46913425477301
11:10:32,1.699484,101.469166,0,0,0,0,0,0,0,0,89,180,forward,0,0,0.0,1.6994121457226918,101.46916725477301
11:10:34,1.699483,101.469199,0,0,0,0,0,0,0,0,89,180,forward,0,0,0.0,1.699411145722692,101.46920025477301
11:10:36,1.699481,101.469232,0,0,0,0,0,0,0,0,89,180,forward,0,0,0.0,1.6994091457226919,101.46923325477302
11:10:38,1.69948,101.469266,0,0,0,0,0,0,0,0,89,180,forward,0,0,0.0,1.699408145722692,101.46926725477302
11:10:40,1.699479,101.4693,0,0,0,0,0,0,0,0,89,180,forward,0,0,0.0,1.6994071457226918,101.46930125477301
11:10:43,1.699477,101.469334,0,0,0,0,0,0,0,0,89,180,forward,0,0,0.0,1.6994051457226917,101.46933525477301
11:10:45,1.699476,101.469368,0,0,0,0,0,0,0,0,89,180,forward,0,0,0.0,1.6994041457226918,101.46936925477301
11:10:47,1.699475,101.469402,0,0,0,0,0,0,0,0,89,180,forward,0,0,0.0,1.699403145722692,101.46940325477301
11:10:49,1.699473,101.469435,0,0,0,0,0,0,0,0,89,180,forward,0,0,0.0,1.6994011457226919,101.46943625477302
11:10:51,1.699473,101.469469,0,0,0,0,0,0,0,0,89,180,forward,0,0,0.0,1.6994011457226919,101.46947025477301
11:10:54,1.699472,101.469503,0,0,0,0,0,0,0,0,89,180,forward,0,0,0.0,1.699400145722692,101.46950425477301
11:10:56,1.699471,101.469537,0,0,0,0,0,0,0,0,89,180,forward,0,0,0.0,1.6993991457226918,101.46953825477301
11:10:58,1.69947,101.469571,0,0,0,0,0,0,0,0,88,180,forward,0,0,0.0,1.6993981785556225,101.4695735091638
11:11:00,1.69947,101.469604,0,0,0,0,0,0,0,0,88,180,forward,0,0,0.0,1.6993981785556225,101.4696065091638
11:11:02,1.699469,101.469638,0,0,0,0,0,0,0,0,88,180,forward,0,0,0.0,1.6993971785556223,101.4696405091638
11:11:05,1.699469,101.469671,0,0,0,0,0,0,0,0,89,180,forward,0,0,0.0,1.6993971457226917,101.46967225477302
11:11:07,1.699468,101.469705,0,0,0,0,0,0,0,0,88,180,forward,0,0,0.0,1.6993961785556224,101.4697075091638
11:11:09,1.699467,101.469739,0,0,0,0,0,0,0,0,88,180,forward,0,0,0.0,1.6993951785556225,101.4697415091638
11:11:11,1.699466,101.469773,0,0,0,0,0,0,0,0,88,180,forward,0,0,0.0,1.6993941785556224,101.4697755091638
11:11:13,1.699466,101.469807,0,0,0,0,0,0,0,0,88,180,forward,0,0,0.0,1.6993941785556224,101.4698095091638
11:11:16,1.699465,101.46984,0,0,0,0,0,0,0,0,88,180,forward,0,0,0.0,1.6993931785556224,101.4698425091638
11:11:18,1.699464,101.469874,0,0,0,0,0,0,0,0,88,180,forward,0,0,0.0,1.6993921785556225,101.4698765091638
11:11:20,1.699464,101.469906,0,0,0,0,0,0,0,0,88,180,forward,0,0,0.0,1.6993921785556225,101.46990850916379
11:11:22,1.699463,101.469939,0,0,0,0,0,0,0,0,88,180,forward,0,0,0.0,1.6993911785556224,101.46994150916379
11:11:24,1.699463,101.469972,0,0,0,0,0,0,0,0,88,180,forward,0,0,0.0,1.6993911785556224,101.46997450916379
11:11:27,1.699463,101.470006,0,0,0,0,0,0,0,0,88,180,forward,0,0,0.0,1.6993911785556224,101.47000850916379
11:11:29,1.699463,101.470039,0,0,0,0,0,0,0,0,88,180,forward,0,0,0.0,1.6993911785556224,101.47004150916379
11:11:31,1.699463,101.470073,0,0,0,0,0,0,0,0,87,180,forward,0,0,0.0,1.6993912332660606,101.47007676279026
11:11:33,1.699463,101.470106,0,0,0,0,0,0,0,0,87,180,forward,0,0,0.0,1.6993912332660606,101.47010976279026
11:11:35,1.699463,101.47014,0,0,0,0,0,0,0,0,87,180,forward,0,0,0.0,1.6993912332660606,101.47014376279026
11:11:38,1.699463,101.470174,0,0,0,0,0,0,0,0,87,180,forward,0,0,0.0,1.6993912332660606,101.47017776279026
11:11:40,1.699462,101.470207,0,0,0,0,0,0,0,0,87,180,forward,0,0,0.0,1.6993902332660606,101.47021076279026
11:11:42,1.699462,101.47024,0,0,0,0,0,0,0,0,87,180,forward,0,0,0.0,1.6993902332660606,101.47024376279026
11:11:44,1.699461,101.470273,0,0,0,0,0,0,0,0,86,180,forward,0,0,0.0,1.6993893098373412,101.47027801527055
11:11:46,1.699461,101.470306,0,0,0,0,0,0,0,0,86,180,forward,0,0,0.0,1.6993893098373412,101.47031101527054
11:11:49,1.69946,101.470338,0,0,0,0,0,0,0,0,87,180,forward,0,0,0.0,1.6993882332660606,101.47034176279026
11:11:51,1.69946,101.470371,0,0,0,0,0,0,0,0,86,180,forward,0,0,0.0,1.699388309837341,101.47037601527055
11:11:53,1.69946,101.470404,0,0,0,0,0,0,0,0,86,180,forward,0,0,0.0,1.699388309837341,101.47040901527055
11:11:55,1.699459,101.470433,0,0,0,0,0,0,0,0,85,180,forward,0,0,0.0,1.6993874082461398,101.47043926622312
11:11:57,1.699459,101.470466,0,0,0,0,0,0,0,0,85,180,forward,0,0,0.0,1.6993874082461398,101.47047226622313
11:11:59,1.699459,101.470498,0,0,0,0,0,0,0,0,85,180,forward,0,0,0.0,1.6993874082461398,101.47050426622313
11:12:02,1.699459,101.470532,0,0,0,0,0,0,0,0,85,180,forward,0,0,0.0,1.6993874082461398,101.47053826622313
11:12:04,1.699458,101.470565,0,0,0,0,0,0,0,0,84,180,forward,0,0,0.0,1.6993865284624798,101.47057251526695
11:12:06,1.699458,101.470598,0,0,0,0,0,0,0,0,84,180,forward,0,0,0.0,1.6993865284624798,101.47060551526695
11:12:08,1.699458,101.47063,0,0,0,0,0,0,0,0,84,180,forward,0,0,0.0,1.6993865284624798,101.47063751526696
11:12:10,1.699458,101.470663,0,0,0,0,0,0,0,0,83,180,forward,0,0,0.0,1.699386670449743,101.47067176202157
11:12:13,1.699458,101.470696,0,0,0,0,0,0,0,0,83,180,forward,0,0,0.0,1.699386670449743,101.47070476202157
11:12:15,1.699458,101.470729,0,0,0,0,0,0,0,0,83,180,forward,0,0,0.0,1.699386670449743,101.47073776202157
11:12:17,1.699458,101.470761,0,0,0,0,0,0,0,0,83,180,forward,0,0,0.0,1.699386670449743,101.47076976202156
11:12:19,1.699458,101.470795,0,0,0,0,0,0,0,0,82,180,forward,0,0,0.0,1.6993868341646778,101.47080500610717
11:12:21,1.699459,101.470828,0,0,0,0,0,0,0,0,82,180,forward,0,0,0.0,1.699387834164678,101.47083800610719
11:12:24,1.699459,101.470861,0,0,0,0,0,0,0,0,82,180,forward,0,0,0.0,1.699387834164678,101.47087100610719
11:12:26,1.699459,101.470895,0,0,0,0,0,0,0,0,81,180,forward,0,0,0.0,1.6993880195574158,101.47090624714484
11:12:28,1.69946,101.470928,0,0,0,0,0,0,0,0,81,180,forward,0,0,0.0,1.6993890195574157,101.47093924714484
11:12:30,1.69946,101.470962,0,0,0,0,0,0,0,0,81,180,forward,0,0,0.0,1.6993890195574157,101.47097324714484
11:12:32,1.699461,101.470995,0,0,0,0,0,0,0,0,81,180,forward,0,0,0.0,1.6993900195574159,101.47100624714486
11:12:35,1.699461,101.471028,0,0,0,0,0,0,0,0,80,180,forward,0,0,0.0,1.6993902265714842,101.47104048475653
11:12:37,1.699462,101.471061,0,0,0,0,0,0,0,0,80,180,forward,0,0,0.0,1.6993912265714841,101.47107348475653
11:12:39,1.699463,101.471095,0,0,0,0,0,0,0,0,80,180,forward,0,0,0.0,1.699392226571484,101.47110748475654
11:12:41,1.699465,101.471129,0,0,0,0,0,0,0,0,79,180,forward,0,0,0.0,1.699394455143824,101.47114271856525
11:12:43,1.699467,101.471163,0,0,0,0,0,0,0,0,80,180,forward,0,0,0.0,1.6993962265714841,101.47117548475656
11:12:46,1.699469,101.471197,0,0,0,0,0,0,0,0,80,180,forward,0,0,0.0,1.699398226571484,101.47120948475657
11:12:48,1.699471,101.471231,0,0,0,0,0,0,0,0,79,180,forward,0,0,0.0,1.699400455143824,101.47124471856529
11:12:50,1.699473,101.471264,0,0,0,0,0,0,0,0,79,180,forward,0,0,0.0,1.699402455143824,101.4712777185653
11:12:52,1.699475,101.471297,0,0,0,0,0,0,0,0,79,180,forward,0,0,0.0,1.699404455143824,101.47131071856532
11:12:54,1.699478,101.47133,0,0,0,0,0,0,0,0,79,180,forward,0,0,0.0,1.699407455143824,101.47134371856532
11:12:57,1.69948,101.471363,0,0,0,0,0,0,0,0,79,180,forward,0,0,0.0,1.6994094551438241,101.47137671856534
11:12:59,1.699483,101.471396,0,0,0,0,0,0,0,0,78,180,forward,0,0,0.0,1.699412705204811,101.47141094819527
11:13:01,1.699486,101.471429,0,0,0,0,0,0,0,0,79,180,forward,0,0,0.0,1.699415455143824,101.47144271856538
11:13:03,1.699489,101.471461,0,0,0,0,0,0,0,0,78,180,forward,0,0,0.0,1.6994187052048109,101.47147594819532
11:13:05,1.699493,101.471494,0,0,0,0,0,0,0,0,79,180,forward,0,0,0.0,1.699422455143824,101.47150771856545
11:13:08,1.699496,101.471526,0,0,0,0,0,0,0,0,78,180,forward,0,0,0.0,1.6994257052048107,101.47154094819537
11:13:10,1.6995,101.471559,0,0,0,0,0,0,0,0,78,180,forward,0,0,0.0,1.6994297052048108,101.4715739481954
11:13:12,1.699504,101.471591,0,0,0,0,0,0,0,0,78,180,forward,0,0,0.0,1.6994337052048107,101.47160594819543
11:13:14,1.699507,101.471624,0,0,0,0,0,0,0,0,78,180,forward,0,0,0.0,1.699436705204811,101.47163894819546
11:13:16,1.699511,101.471656,0,0,0,0,0,0,0,0,78,180,forward,0,0,0.0,1.6994407052048108,101.47167094819548
11:13:19,1.699516,101.471688,0,0,0,0,0,0,0,0,79,180,forward,0,0,0.0,1.699445455143824,101.4717017185656
11:13:21,1.69952,101.47172,0,0,0,0,0,0,0,0,79,180,forward,0,0,0.0,1.699449455143824,101.47173371856563
11:13:23,1.699525,101.471753,0,0,0,0,0,0,0,0,79,180,forward,0,0,0.0,1.699454455143824,101.47176671856568
11:13:25,1.69953,101.471786,0,0,0,0,0,0,0,0,79,180,forward,0,0,0.0,1.699459455143824,101.47179971856569
11:13:27,1.699535,101.471819,0,0,0,0,0,0,0,0,79,180,forward,0,0,0.0,1.699464455143824,101.47183271856574
11:13:30,1.699539,101.471852,0,0,0,0,0,0,0,0,79,180,forward,0,0,0.0,1.699468455143824,101.47186571856577
11:13:32,1.699544,101.471884,0,0,0,0,0,0,0,0,79,180,forward,0,0,0.0,1.699473455143824,101.4718977185658
11:13:34,1.699544,101.471884,0,0,0,0,0,0,0,0,79,180,forward,0,0,0.0,1.699473455143824,101.4718977185658
11:13:36,1.699544,101.471884,0,0,0,0,0,0,0,0,79,180,forward,0,0,0.0,1.699473455143824,101.4718977185658
11:13:38,1.699544,101.471884,0,0,0,0,0,0,0,0,79,180,forward,0,0,0.0,1.699473455143824,101.4718977185658
11:13:41,1.699544,101.471884,0,0,0,0,0,0,0,0,79,180,forward,0,0,0.0,1.699473455143824,101.4718977185658
11:13:43,1.699544,101.471884,0,0,0,0,0,0,0,0,79,180,forward,0,0,0.0,1.699473455143824,101.4718977185658
11:13:45,1.699544,101.471884,0,0,0,0,0,0,0,0,79,180,forward,0,0,0.0,1.699473455143824,101.4718977185658
11:13:47,1.699544,101.471884,0,0,0,0,0,0,0,0,79,180,forward,0,0,0.0,1.699473455143824,101.4718977185658
11:13:49,1.699544,101.471884,0,0,0,0,0,0,0,0,79,180,forward,0,0,0.0,1.699473455143824,101.4718977185658
11:13:51,1.699544,101.471884,0,0,0,0,0,0,0,0,79,180,forward,0,0,0.0,1.699473455143824,101.4718977185658
11:13:53,1.699544,101.471884,0,0,0,0,0,0,0,0,79,180,forward,0,0,0.0,1.699473455143824,101.4718977185658
11:13:56,1.699544,101.471884,0,0,0,0,0,0,0,0,79,180,forward,0,0,0.0,1.699473455143824,101.4718977185658
11:13:58,1.699544,101.471884,0,0,0,0,0,0,0,0,79,180,forward,0,0,0.0,1.699473455143824,101.4718977185658
11:14:00,1.699544,101.471884,0,0,0,0,0,0,0,0,79,180,forward,0,0,0.0,1.699473455143824,101.4718977185658
11:14:02,1.699544,101.471884,0,0,0,0,0,0,0,0,79,180,forward,0,0,0.0,1.699473455143824,101.4718977185658
11:14:04,1.699544,101.471884,0,0,0,0,0,0,0,0,79,180,forward,0,0,0.0,1.699473455143824,101.4718977185658
11:14:07,1.699544,101.471884,0,0,0,0,0,0,0,0,79,180,forward,0,0,0.0,1.699473455143824,101.4718977185658
11:14:09,1.699544,101.471884,0,0,0,0,0,0,0,0,79,180,forward,0,0,0.0,1.699473455143824,101.4718977185658
11:14:11,1.699544,101.471884,0,0,0,0,0,0,0,0,79,180,forward,0,0,0.0,1.699473455143824,101.4718977185658
11:14:13,1.699544,101.471884,0,0,0,0,0,0,0,0,79,180,forward,0,0,0.0,1.699473455143824,101.4718977185658
11:14:15,1.699544,101.471884,0,0,0,0,0,0,0,0,79,180,forward,0,0,0.0,1.699473455143824,101.4718977185658
11:14:18,1.699544,101.471884,0,0,0,0,0,0,0,0,79,180,forward,0,0,0.0,1.699473455143824,101.4718977185658
11:14:20,1.699544,101.471884,0,0,0,0,0,0,0,0,79,180,forward,0,0,0.0,1.699473455143824,101.4718977185658
11:14:22,1.699544,101.471884,0,0,0,0,0,0,0,0,79,180,forward,0,0,0.0,1.699473455143824,101.4718977185658
11:14:24,1.699544,101.471884,0,0,0,0,0,0,0,0,79,180,forward,0,0,0.0,1.699473455143824,101.4718977185658
11:14:26,1.699544,101.471884,0,0,0,0,0,0,0,0,79,180,forward,0,0,0.0,1.699473455143824,101.4718977185658
11:14:29,1.699544,101.471884,0,0,0,0,0,0,0,0,79,180,forward,0,0,0.0,1.699473455143824,101.4718977185658
11:14:31,1.699544,101.471884,0,0,0,0,0,0,0,0,79,180,forward,0,0,0.0,1.699473455143824,101.4718977185658
11:14:33,1.699544,101.471884,0,0,0,0,0,0,0,0,79,180,forward,0,0,0.0,1.699473455143824,101.4718977185658
11:14:35,1.699716,101.472785,0,0,0,0,0,0,0,0,85,180,forward,0,0,0.0,1.6996444082461397,101.47279126622396
11:14:37,1.699722,101.472816,0,0,0,0,0,0,0,0,85,180,forward,0,0,0.0,1.6996504082461397,101.47282226622397
11:14:40,1.699729,101.472847,0,0,0,0,0,0,0,0,85,180,forward,0,0,0.0,1.6996574082461398,101.472853266224
11:14:42,1.699736,101.472878,0,0,0,0,0,0,0,0,86,180,forward,0,0,0.0,1.699664309837341,101.47288301527125
11:14:44,1.699743,101.472909,0,0,0,0,0,0,0,0,86,180,forward,0,0,0.0,1.699671309837341,101.47291401527127
11:14:46,1.699749,101.472939,0,0,0,0,0,0,0,0,86,180,forward,0,0,0.0,1.699677309837341,101.4729440152713
11:14:48,1.699756,101.472971,0,0,0,0,0,0,0,0,87,180,forward,0,0,0.0,1.6996842332660607,101.47297476279083
11:14:51,1.699763,101.473002,0,0,0,0,0,0,0,0,87,180,forward,0,0,0.0,1.6996912332660605,101.47300576279083
11:14:53,1.69977,101.473033,0,0,0,0,0,0,0,0,88,180,forward,0,0,0.0,1.6996981785556224,101.47303550916419
11:14:55,1.699776,101.473065,0,0,0,0,0,0,0,0,88,180,forward,0,0,0.0,1.6997041785556224,101.4730675091642
11:14:57,1.699783,101.473097,0,0,0,0,0,0,0,0,88,180,forward,0,0,0.0,1.6997111785556225,101.4730995091642
11:14:59,1.69979,101.473129,0,0,0,0,0,0,0,0,89,180,forward,0,0,0.0,1.6997181457226918,101.47313025477321
11:15:01,1.699795,101.473159,0,0,0,0,0,0,0,0,89,180,forward,0,0,0.0,1.6997231457226918,101.47316025477322
11:15:04,1.699801,101.473191,0,0,0,0,0,0,0,0,90,180,forward,0,0,0.0,1.6997291347772703,101.473191
11:15:06,1.699807,101.473223,0,0,0,0,0,0,0,0,90,180,forward,0,0,0.0,1.6997351347772705,101.473223
11:15:08,1.699813,101.473255,0,0,0,0,0,0,0,0,90,180,forward,0,0,0.0,1.6997411347772704,101.473255
11:15:10,1.699819,101.473286,0,0,0,0,0,0,0,0,91,180,forward,0,0,0.0,1.6997471457226918,101.47328474522676
11:15:12,1.699825,101.473317,0,0,0,0,0,0,0,0,92,180,forward,0,0,0.0,1.6997531785556224,101.47331449083573
11:15:15,1.699831,101.473349,0,0,0,0,0,0,0,0,92,180,forward,0,0,0.0,1.6997591785556225,101.47334649083574
11:15:17,1.699837,101.473381,0,0,0,0,0,0,0,0,93,180,forward,0,0,0.0,1.6997652332660607,101.47337723720902
11:15:19,1.699843,101.473413,0,0,0,0,0,0,0,0,93,180,forward,0,0,0.0,1.6997712332660606,101.473409237209
11:15:21,1.699849,101.473445,0,0,0,0,0,0,0,0,94,180,forward,0,0,0.0,1.699777309837341,101.47343998472844
11:15:23,1.699855,101.473477,0,0,0,0,0,0,0,0,94,180,forward,0,0,0.0,1.699783309837341,101.47347198472843
11:15:26,1.69986,101.473509,0,0,0,0,0,0,0,0,95,180,forward,0,0,0.0,1.6997884082461396,101.47350273377558
11:15:28,1.699865,101.473541,0,0,0,0,0,0,0,0,95,180,forward,0,0,0.0,1.6997934082461397,101.47353473377555
11:15:30,1.69987,101.473573,0,0,0,0,0,0,0,0,95,180,forward,0,0,0.0,1.6997984082461397,101.47356673377554
11:15:32,1.699875,101.473605,0,0,0,0,0,0,0,0,96,180,forward,0,0,0.0,1.69980352846248,101.47359748473143
11:15:34,1.699879,101.473637,0,0,0,0,0,0,0,0,96,180,forward,0,0,0.0,1.6998075284624798,101.4736294847314
11:15:37,1.699883,101.473668,0,0,0,0,0,0,0,0,97,180,forward,0,0,0.0,1.699811670449743,101.4736592379765
11:15:39,1.699887,101.4737,0,0,0,0,0,0,0,0,97,180,forward,0,0,0.0,1.699815670449743,101.47369123797648
11:15:41,1.699891,101.473732,0,0,0,0,0,0,0,0,98,180,forward,0,0,0.0,1.699819834164678,101.47372199389058
11:15:43,1.699895,101.473763,0,0,0,0,0,0,0,0,98,180,forward,0,0,0.0,1.6998238341646779,101.47375299389056
11:15:45,1.699899,101.473795,0,0,0,0,0,0,0,0,98,180,forward,0,0,0.0,1.699827834164678,101.47378499389053
11:15:48,1.699903,101.473826,0,0,0,0,0,0,0,0,98,180,forward,0,0,0.0,1.6998318341646779,101.47381599389053
11:15:50,1.699906,101.473858,0,0,0,0,0,0,0,0,98,180,forward,0,0,0.0,1.6998348341646778,101.4738479938905
11:15:52,1.699909,101.473889,0,0,0,0,0,0,0,0,99,180,forward,0,0,0.0,1.6998380195574156,101.47387775285254
11:15:54,1.699911,101.473921,0,0,0,0,0,0,0,0,99,180,forward,0,0,0.0,1.6998400195574157,101.47390975285253
11:15:56,1.699913,101.473952,0,0,0,0,0,0,0,0,100,180,forward,0,0,0.0,1.699842226571484,101.47393951524056
11:15:59,1.699915,101.473984,0,0,0,0,0,0,0,0,100,180,forward,0,0,0.0,1.6998442265714842,101.47397151524055
11:16:01,1.699917,101.474015,0,0,0,0,0,0,0,0,100,180,forward,0,0,0.0,1.699846226571484,101.47400251524053
11:16:03,1.699919,101.474046,0,0,0,0,0,0,0,0,100,180,forward,0,0,0.0,1.699848226571484,101.47403351524052
11:16:05,1.69992,101.474078,0,0,0,0,0,0,0,0,100,180,forward,0,0,0.0,1.6998492265714842,101.47406551524051
11:16:07,1.699922,101.474107,0,0,0,0,0,0,0,0,100,180,forward,0,0,0.0,1.699851226571484,101.47409451524051
11:16:09,1.699924,101.474138,0,0,0,0,0,0,0,0,100,180,forward,0,0,0.0,1.699853226571484,101.47412551524049
11:16:12,1.699925,101.474169,0,0,0,0,0,0,0,0,100,180,forward,0,0,0.0,1.699854226571484,101.47415651524048
11:16:14,1.699926,101.4742,0,0,0,0,0,0,0,0,100,180,forward,0,0,0.0,1.6998552265714841,101.47418751524047
11:16:16,1.699927,101.47423,0,0,0,0,0,0,0,0,100,180,forward,0,0,0.0,1.699856226571484,101.47421751524047
11:16:18,1.699927,101.47426,0,0,0,0,0,0,0,0,100,180,forward,0,0,0.0,1.699856226571484,101.47424751524046
11:16:20,1.699927,101.474291,0,0,0,0,0,0,0,0,101,180,forward,0,0,0.0,1.699856455143824,101.47427728143147
11:16:23,1.699927,101.474321,0,0,0,0,0,0,0,0,101,180,forward,0,0,0.0,1.699856455143824,101.47430728143148
11:16:25,1.699927,101.474351,0,0,0,0,0,0,0,0,101,180,forward,0,0,0.0,1.699856455143824,101.47433728143147
11:16:27,1.699928,101.474382,0,0,0,0,0,0,0,0,101,180,forward,0,0,0.0,1.6998574551438241,101.47436828143148
11:16:29,1.699928,101.474412,0,0,0,0,0,0,0,0,101,180,forward,0,0,0.0,1.6998574551438241,101.47439828143148
11:16:31,1.699928,101.474442,0,0,0,0,0,0,0,0,101,180,forward,0,0,0.0,1.6998574551438241,101.47442828143147
11:16:34,1.699928,101.474473,0,0,0,0,0,0,0,0,101,180,forward,0,0,0.0,1.6998574551438241,101.47445928143148
11:16:36,1.699928,101.474504,0,0,0,0,0,0,0,0,101,180,forward,0,0,0.0,1.6998574551438241,101.47449028143147
11:16:38,1.699929,101.474534,0,0,0,0,0,0,0,0,101,180,forward,0,0,0.0,1.699858455143824,101.47452028143147
11:16:40,1.699929,101.474565,0,0,0,0,0,0,0,0,101,180,forward,0,0,0.0,1.699858455143824,101.47455128143146
11:16:42,1.699929,101.474596,0,0,0,0,0,0,0,0,101,180,forward,0,0,0.0,1.699858455143824,101.47458228143147
11:16:45,1.699929,101.474626,0,0,0,0,0,0,0,0,101,180,forward,0,0,0.0,1.699858455143824,101.47461228143146
11:16:47,1.699929,101.474657,0,0,0,0,0,0,0,0,101,180,forward,0,0,0.0,1.699858455143824,101.47464328143145
11:16:49,1.69993,101.474688,0,0,0,0,0,0,0,0,101,180,forward,0,0,0.0,1.699859455143824,101.47467428143146
11:16:51,1.69993,101.474718,0,0,0,0,0,0,0,0,101,180,forward,0,0,0.0,1.699859455143824,101.47470428143146
11:16:53,1.69993,101.474748,0,0,0,0,0,0,0,0,101,180,forward,0,0,0.0,1.699859455143824,101.47473428143147
11:16:56,1.699931,101.474779,0,0,0,0,0,0,0,0,101,180,forward,0,0,0.0,1.6998604551438241,101.47476528143144
11:16:58,1.699931,101.474809,0,0,0,0,0,0,0,0,101,180,forward,0,0,0.0,1.6998604551438241,101.47479528143144
11:17:00,1.699931,101.47484,0,0,0,0,0,0,0,0,101,180,forward,0,0,0.0,1.6998604551438241,101.47482628143145
11:17:02,1.699931,101.47487,0,0,0,0,0,0,0,0,102,180,forward,0,0,0.0,1.699860705204811,101.47485505180126
11:17:04,1.699931,101.474901,0,0,0,0,0,0,0,0,101,180,forward,0,0,0.0,1.6998604551438241,101.47488728143145
11:17:07,1.699931,101.474931,0,0,0,0,0,0,0,0,101,180,forward,0,0,0.0,1.6998604551438241,101.47491728143144
11:17:09,1.699931,101.474959,0,0,0,0,0,0,0,0,101,180,forward,0,0,0.0,1.6998604551438241,101.47494528143145
11:17:11,1.699931,101.47499,0,0,0,0,0,0,0,0,101,180,forward,0,0,0.0,1.6998604551438241,101.47497628143145
11:17:13,1.699931,101.475018,0,0,0,0,0,0,0,0,101,180,forward,0,0,0.0,1.6998604551438241,101.47500428143145
11:17:15,1.699931,101.475049,0,0,0,0,0,0,0,0,101,180,forward,0,0,0.0,1.6998604551438241,101.47503528143145
11:17:17,1.699931,101.475078,0,0,0,0,0,0,0,0,101,180,forward,0,0,0.0,1.6998604551438241,101.47506428143144
11:17:19,1.699931,101.475109,0,0,0,0,0,0,0,0,102,180,forward,0,0,0.0,1.699860705204811,101.47509405180126
11:17:21,1.699931,101.47514,0,0,0,0,0,0,0,0,101,180,forward,0,0,0.0,1.6998604551438241,101.47512628143144
11:17:24,1.699931,101.475171,0,0,0,0,0,0,0,0,102,180,forward,0,0,0.0,1.699860705204811,101.47515605180126
11:17:26,1.69993,101.475202,0,0,0,0,0,0,0,0,102,180,forward,0,0,0.0,1.6998597052048108,101.47518705180127
11:17:28,1.69993,101.475233,0,0,0,0,0,0,0,0,102,180,forward,0,0,0.0,1.6998597052048108,101.47521805180128
11:17:30,1.69993,101.475264,0,0,0,0,0,0,0,0,102,180,forward,0,0,0.0,1.6998597052048108,101.47524905180127
11:17:32,1.69993,101.475295,0,0,0,0,0,0,0,0,102,180,forward,0,0,0.0,1.6998597052048108,101.47528005180128
11:17:35,1.699928,101.475326,0,0,0,0,0,0,0,0,102,180,forward,0,0,0.0,1.699857705204811,101.47531105180128
11:17:37,1.699927,101.475358,0,0,0,0,0,0,0,0,102,180,forward,0,0,0.0,1.6998567052048108,101.4753430518013
11:17:39,1.699926,101.475389,0,0,0,0,0,0,0,0,102,180,forward,0,0,0.0,1.6998557052048109,101.47537405180131
11:17:41,1.699924,101.475421,0,0,0,0,0,0,0,0,102,180,forward,0,0,0.0,1.6998537052048108,101.47540605180131
11:17:43,1.699922,101.475452,0,0,0,0,0,0,0,0,102,180,forward,0,0,0.0,1.6998517052048108,101.47543705180134
11:17:46,1.699921,101.475484,0,0,0,0,0,0,0,0,102,180,forward,0,0,0.0,1.6998507052048109,101.47546905180134
11:17:48,1.699919,101.475515,0,0,0,0,0,0,0,0,102,180,forward,0,0,0.0,1.6998487052048108,101.47550005180136
11:17:50,1.699917,101.475547,0,0,0,0,0,0,0,0,103,180,forward,0,0,0.0,1.6998469766782731,101.47553082672458
11:17:52,1.699916,101.475578,0,0,0,0,0,0,0,0,103,180,forward,0,0,0.0,1.6998459766782732,101.47556182672457
11:17:54,1.699914,101.47561,0,0,0,0,0,0,0,0,103,180,forward,0,0,0.0,1.6998439766782731,101.47559382672459
11:17:57,1.699912,101.475641,0,0,0,0,0,0,0,0,103,180,forward,0,0,0.0,1.6998419766782733,101.47562482672461
11:17:59,1.699909,101.475673,0,0,0,0,0,0,0,0,102,180,forward,0,0,0.0,1.6998387052048107,101.47565805180143
11:18:01,1.699907,101.475704,0,0,0,0,0,0,0,0,103,180,forward,0,0,0.0,1.6998369766782733,101.47568782672464
11:18:03,1.699905,101.475735,0,0,0,0,0,0,0,0,103,180,forward,0,0,0.0,1.6998349766782732,101.47571882672467
11:18:05,1.699903,101.475766,0,0,0,0,0,0,0,0,103,180,forward,0,0,0.0,1.6998329766782732,101.47574982672468
11:18:08,1.6999,101.475797,0,0,0,0,0,0,0,0,103,180,forward,0,0,0.0,1.6998299766782732,101.47578082672472
11:18:10,1.699898,101.475828,0,0,0,0,0,0,0,0,102,180,forward,0,0,0.0,1.6998277052048107,101.47581305180152
11:18:12,1.699896,101.475859,0,0,0,0,0,0,0,0,103,180,forward,0,0,0.0,1.6998259766782733,101.47584282672474
11:18:14,1.699893,101.47589,0,0,0,0,0,0,0,0,102,180,forward,0,0,0.0,1.699822705204811,101.47587505180157
11:18:16,1.69989,101.475921,0,0,0,0,0,0,0,0,103,180,forward,0,0,0.0,1.6998199766782731,101.4759048267248
11:18:19,1.699888,101.475953,0,0,0,0,0,0,0,0,103,180,forward,0,0,0.0,1.6998179766782733,101.47593682672482
11:18:21,1.699886,101.475984,0,0,0,0,0,0,0,0,102,180,forward,0,0,0.0,1.6998157052048108,101.47596905180161
11:18:23,1.699883,101.476015,0,0,0,0,0,0,0,0,102,180,forward,0,0,0.0,1.6998127052048109,101.47600005180165
11:18:25,1.69988,101.476046,0,0,0,0,0,0,0,0,102,180,forward,0,0,0.0,1.699809705204811,101.47603105180166
11:18:27,1.699878,101.476077,0,0,0,0,0,0,0,0,102,180,forward,0,0,0.0,1.6998077052048108,101.47606205180168
11:18:30,1.699875,101.476108,0,0,0,0,0,0,0,0,102,180,forward,0,0,0.0,1.6998047052048109,101.4760930518017
11:18:32,1.699873,101.476139,0,0,0,0,0,0,0,0,102,180,forward,0,0,0.0,1.6998027052048108,101.47612405180172
11:18:34,1.69987,101.476169,0,0,0,0,0,0,0,0,102,180,forward,0,0,0.0,1.6997997052048108,101.47615405180174
11:18:36,1.699868,101.4762,0,0,0,0,0,0,0,0,102,180,forward,0,0,0.0,1.6997977052048108,101.47618505180176
11:18:38,1.699865,101.476231,0,0,0,0,0,0,0,0,102,180,forward,0,0,0.0,1.6997947052048108,101.47621605180177
11:18:41,1.699862,101.476262,0,0,0,0,0,0,0,0,101,180,forward,0,0,0.0,1.699791455143824,101.47624828143195
11:18:43,1.699859,101.476293,0,0,0,0,0,0,0,0,101,180,forward,0,0,0.0,1.699788455143824,101.47627928143196
11:18:45,1.699855,101.476324,0,0,0,0,0,0,0,0,101,180,forward,0,0,0.0,1.699784455143824,101.47631028143199
11:18:47,1.699852,101.476354,0,0,0,0,0,0,0,0,101,180,forward,0,0,0.0,1.699781455143824,101.47634028143202
11:18:49,1.699849,101.476385,0,0,0,0,0,0,0,0,101,180,forward,0,0,0.0,1.699778455143824,101.47637128143202
11:18:52,1.699847,101.476416,0,0,0,0,0,0,0,0,101,180,forward,0,0,0.0,1.6997764551438241,101.47640228143204
11:18:54,1.699844,101.476446,0,0,0,0,0,0,0,0,100,180,forward,0,0,0.0,1.699773226571484,101.476433515241
11:18:56,1.699841,101.476477,0,0,0,0,0,0,0,0,100,180,forward,0,0,0.0,1.699770226571484,101.47646451524102
11:18:58,1.699838,101.476508,0,0,0,0,0,0,0,0,100,180,forward,0,0,0.0,1.699767226571484,101.47649551524104
11:19:00,1.699834,101.476539,0,0,0,0,0,0,0,0,99,180,forward,0,0,0.0,1.6997630195574158,101.47652775285297
11:19:03,1.699831,101.476571,0,0,0,0,0,0,0,0,99,180,forward,0,0,0.0,1.6997600195574158,101.476559752853
11:19:05,1.699827,101.476602,0,0,0,0,0,0,0,0,99,180,forward,0,0,0.0,1.6997560195574157,101.47659075285301
11:19:07,1.699823,101.476634,0,0,0,0,0,0,0,0,99,180,forward,0,0,0.0,1.6997520195574158,101.47662275285305
11:19:09,1.699819,101.476664,0,0,0,0,0,0,0,0,98,180,forward,0,0,0.0,1.699747834164678,101.47665399389095
11:19:11,1.699816,101.476696,0,0,0,0,0,0,0,0,98,180,forward,0,0,0.0,1.699744834164678,101.47668599389097
11:19:14,1.699813,101.476727,0,0,0,0,0,0,0,0,98,180,forward,0,0,0.0,1.699741834164678,101.47671699389097
11:19:16,1.69981,101.476758,0,0,0,0,0,0,0,0,98,180,forward,0,0,0.0,1.699738834164678,101.476747993891
11:19:18,1.699806,101.476789,0,0,0,0,0,0,0,0,98,180,forward,0,0,0.0,1.6997348341646779,101.47677899389102
11:19:20,1.699804,101.47682,0,0,0,0,0,0,0,0,97,180,forward,0,0,0.0,1.699732670449743,101.47681123797688
11:19:22,1.699801,101.476851,0,0,0,0,0,0,0,0,96,180,forward,0,0,0.0,1.6997295284624798,101.4768434847317
11:19:25,1.699798,101.476883,0,0,0,0,0,0,0,0,97,180,forward,0,0,0.0,1.699726670449743,101.47687423797689
11:19:27,1.699795,101.476915,0,0,0,0,0,0,0,0,96,180,forward,0,0,0.0,1.6997235284624799,101.47690748473174
11:19:29,1.699792,101.476947,0,0,0,0,0,0,0,0,96,180,forward,0,0,0.0,1.69972052846248,101.47693948473174
11:19:31,1.69979,101.476979,0,0,0,0,0,0,0,0,96,180,forward,0,0,0.0,1.6997185284624798,101.47697148473175
11:19:33,1.699787,101.477011,0,0,0,0,0,0,0,0,96,180,forward,0,0,0.0,1.6997155284624799,101.47700348473177
11:19:36,1.699785,101.477043,0,0,0,0,0,0,0,0,96,180,forward,0,0,0.0,1.69971352846248,101.47703548473177
11:19:38,1.699782,101.477075,0,0,0,0,0,0,0,0,95,180,forward,0,0,0.0,1.6997104082461396,101.47706873377582
11:19:40,1.69978,101.477106,0,0,0,0,0,0,0,0,95,180,forward,0,0,0.0,1.6997084082461398,101.47709973377584
11:19:42,1.699778,101.477137,0,0,0,0,0,0,0,0,95,180,forward,0,0,0.0,1.6997064082461397,101.47713073377584
11:19:44,1.699776,101.477169,0,0,0,0,0,0,0,0,95,180,forward,0,0,0.0,1.6997044082461397,101.47716273377586
11:19:47,1.699774,101.4772,0,0,0,0,0,0,0,0,95,180,forward,0,0,0.0,1.6997024082461396,101.47719373377585
11:19:49,1.699772,101.477231,0,0,0,0,0,0,0,0,95,180,forward,0,0,0.0,1.6997004082461398,101.47722473377587
11:19:51,1.69977,101.477263,0,0,0,0,0,0,0,0,94,180,forward,0,0,0.0,1.699698309837341,101.47725798472865
11:19:53,1.699769,101.477294,0,0,0,0,0,0,0,0,95,180,forward,0,0,0.0,1.6996974082461398,101.47728773377587
11:19:55,1.699767,101.477326,0,0,0,0,0,0,0,0,95,180,forward,0,0,0.0,1.6996954082461397,101.47731973377589
11:19:58,1.699766,101.477357,0,0,0,0,0,0,0,0,95,180,forward,0,0,0.0,1.6996944082461398,101.47735073377588
11:20:00,1.699764,101.477389,0,0,0,0,0,0,0,0,95,180,forward,0,0,0.0,1.6996924082461398,101.47738273377588
11:20:02,1.699763,101.47742,0,0,0,0,0,0,0,0,95,180,forward,0,0,0.0,1.6996914082461396,101.47741373377589
11:20:04,1.699762,101.477452,0,0,0,0,0,0,0,0,95,180,forward,0,0,0.0,1.6996904082461397,101.4774457337759
11:20:06,1.699761,101.477484,0,0,0,0,0,0,0,0,95,180,forward,0,0,0.0,1.6996894082461398,101.4774777337759
11:20:09,1.69976,101.477516,0,0,0,0,0,0,0,0,95,180,forward,0,0,0.0,1.6996884082461396,101.47750973377589
11:20:11,1.699759,101.477549,0,0,0,0,0,0,0,0,95,180,forward,0,0,0.0,1.6996874082461397,101.47754273377589
11:20:13,1.699758,101.477582,0,0,0,0,0,0,0,0,95,180,forward,0,0,0.0,1.6996864082461398,101.47757573377591
11:20:15,1.699758,101.477615,0,0,0,0,0,0,0,0,96,180,forward,0,0,0.0,1.69968652846248,101.47760748473188
11:20:17,1.699757,101.477648,0,0,0,0,0,0,0,0,96,180,forward,0,0,0.0,1.6996855284624799,101.47764048473188
11:20:20,1.699756,101.47768,0,0,0,0,0,0,0,0,96,180,forward,0,0,0.0,1.69968452846248,101.4776724847319
11:20:22,1.699756,101.477712,0,0,0,0,0,0,0,0,96,180,forward,0,0,0.0,1.69968452846248,101.47770448473189
11:20:24,1.699756,101.477744,0,0,0,0,0,0,0,0,96,180,forward,0,0,0.0,1.69968452846248,101.47773648473189
11:20:26,1.699755,101.477777,0,0,0,0,0,0,0,0,96,180,forward,0,0,0.0,1.6996835284624798,101.4777694847319
11:20:28,1.699755,101.477809,0,0,0,0,0,0,0,0,96,180,forward,0,0,0.0,1.6996835284624798,101.47780148473188
11:20:31,1.699755,101.477841,0,0,0,0,0,0,0,0,97,180,forward,0,0,0.0,1.699683670449743,101.47783223797708
11:20:33,1.699755,101.477873,0,0,0,0,0,0,0,0,97,180,forward,0,0,0.0,1.699683670449743,101.47786423797709
11:20:35,1.699754,101.477904,0,0,0,0,0,0,0,0,97,180,forward,0,0,0.0,1.699682670449743,101.4778952379771
11:20:37,1.699754,101.477936,0,0,0,0,0,0,0,0,97,180,forward,0,0,0.0,1.699682670449743,101.4779272379771
11:20:39,1.699753,101.477968,0,0,0,0,0,0,0,0,97,180,forward,0,0,0.0,1.699681670449743,101.4779592379771
11:20:42,1.699752,101.478,0,0,0,0,0,0,0,0,97,180,forward,0,0,0.0,1.699680670449743,101.4779912379771
11:20:44,1.699751,101.478032,0,0,0,0,0,0,0,0,98,180,forward,0,0,0.0,1.699679834164678,101.4780219938913
11:20:46,1.69975,101.478064,0,0,0,0,0,0,0,0,97,180,forward,0,0,0.0,1.699678670449743,101.47805523797712
11:20:48,1.69975,101.478095,0,0,0,0,0,0,0,0,98,180,forward,0,0,0.0,1.699678834164678,101.4780849938913
11:20:50,1.699749,101.478127,0,0,0,0,0,0,0,0,98,180,forward,0,0,0.0,1.6996778341646779,101.47811699389132
11:20:53,1.699748,101.478159,0,0,0,0,0,0,0,0,97,180,forward,0,0,0.0,1.699676670449743,101.47815023797712
11:20:55,1.699747,101.47819,0,0,0,0,0,0,0,0,98,180,forward,0,0,0.0,1.6996758341646778,101.47817999389132
11:20:57,1.699746,101.478222,0,0,0,0,0,0,0,0,98,180,forward,0,0,0.0,1.699674834164678,101.47821199389134
11:20:59,1.699744,101.478254,0,0,0,0,0,0,0,0,97,180,forward,0,0,0.0,1.699672670449743,101.47824523797715
11:21:01,1.699743,101.478285,0,0,0,0,0,0,0,0,98,180,forward,0,0,0.0,1.699671834164678,101.47827499389135
11:21:04,1.699742,101.478317,0,0,0,0,0,0,0,0,97,180,forward,0,0,0.0,1.699670670449743,101.47830823797715
11:21:06,1.69974,101.478348,0,0,0,0,0,0,0,0,97,180,forward,0,0,0.0,1.699668670449743,101.47833923797715
11:21:08,1.699739,101.47838,0,0,0,0,0,0,0,0,97,180,forward,0,0,0.0,1.699667670449743,101.47837123797716
11:21:10,1.699737,101.478411,0,0,0,0,0,0,0,0,97,180,forward,0,0,0.0,1.699665670449743,101.47840223797716
11:21:12,1.699736,101.478443,0,0,0,0,0,0,0,0,97,180,forward,0,0,0.0,1.699664670449743,101.47843423797717
11:21:15,1.699734,101.478475,0,0,0,0,0,0,0,0,97,180,forward,0,0,0.0,1.699662670449743,101.47846623797719
11:21:17,1.699733,101.478506,0,0,0,0,0,0,0,0,96,180,forward,0,0,0.0,1.6996615284624799,101.47849848473197
11:21:19,1.699731,101.478538,0,0,0,0,0,0,0,0,96,180,forward,0,0,0.0,1.69965952846248,101.47853048473198
11:21:21,1.69973,101.478569,0,0,0,0,0,0,0,0,96,180,forward,0,0,0.0,1.69965852846248,101.47856148473198
11:21:23,1.699728,101.4786,0,0,0,0,0,0,0,0,96,180,forward,0,0,0.0,1.6996565284624798,101.47859248473199
11:21:26,1.699727,101.47863,0,0,0,0,0,0,0,0,96,180,forward,0,0,0.0,1.69965552846248,101.478622484732
11:21:28,1.699725,101.478661,0,0,0,0,0,0,0,0,95,180,forward,0,0,0.0,1.6996534082461396,101.47865473377601
11:21:30,1.699723,101.478692,0,0,0,0,0,0,0,0,95,180,forward,0,0,0.0,1.6996514082461398,101.47868573377602
11:21:32,1.699722,101.478724,0,0,0,0,0,0,0,0,95,180,forward,0,0,0.0,1.6996504082461397,101.47871773377602
11:21:34,1.699721,101.478754,0,0,0,0,0,0,0,0,95,180,forward,0,0,0.0,1.6996494082461397,101.47874773377602
11:21:37,1.69972,101.478785,0,0,0,0,0,0,0,0,94,180,forward,0,0,0.0,1.699648309837341,101.47877998472879
11:21:39,1.699718,101.478816,0,0,0,0,0,0,0,0,94,180,forward,0,0,0.0,1.699646309837341,101.47881098472878
11:21:41,1.699717,101.478848,0,0,0,0,0,0,0,0,93,180,forward,0,0,0.0,1.6996452332660605,101.47884423720924
11:21:43,1.699715,101.478878,0,0,0,0,0,0,0,0,93,180,forward,0,0,0.0,1.6996432332660607,101.47887423720924
11:21:45,1.699714,101.478909,0,0,0,0,0,0,0,0,93,180,forward,0,0,0.0,1.6996422332660606,101.47890523720925
11:21:48,1.699712,101.478939,0,0,0,0,0,0,0,0,92,180,forward,0,0,0.0,1.6996401785556223,101.47893649083588
11:21:50,1.699711,101.47897,0,0,0,0,0,0,0,0,92,180,forward,0,0,0.0,1.6996391785556224,101.4789674908359
11:21:52,1.699709,101.479001,0,0,0,0,0,0,0,0,92,180,forward,0,0,0.0,1.6996371785556224,101.47899849083589
11:21:54,1.699708,101.479032,0,0,0,0,0,0,0,0,91,180,forward,0,0,0.0,1.6996361457226918,101.47903074522684
11:21:56,1.699707,101.479063,0,0,0,0,0,0,0,0,91,180,forward,0,0,0.0,1.699635145722692,101.47906174522683
11:21:59,1.699706,101.479094,0,0,0,0,0,0,0,0,91,180,forward,0,0,0.0,1.6996341457226918,101.47909274522684
11:22:01,1.699705,101.479124,0,0,0,0,0,0,0,0,90,180,forward,0,0,0.0,1.6996331347772704,101.479124
11:22:03,1.699705,101.479155,0,0,0,0,0,0,0,0,90,180,forward,0,0,0.0,1.6996331347772704,101.479155
11:22:05,1.699704,101.479186,0,0,0,0,0,0,0,0,90,180,forward,0,0,0.0,1.6996321347772705,101.479186
11:22:07,1.699704,101.479217,0,0,0,0,0,0,0,0,90,180,forward,0,0,0.0,1.6996321347772705,101.479217
11:22:10,1.699704,101.479249,0,0,0,0,0,0,0,0,89,180,forward,0,0,0.0,1.699632145722692,101.47925025477315
11:22:12,1.699704,101.47928,0,0,0,0,0,0,0,0,89,180,forward,0,0,0.0,1.699632145722692,101.47928125477316
11:22:14,1.699705,101.479311,0,0,0,0,0,0,0,0,89,180,forward,0,0,0.0,1.6996331457226919,101.47931225477315
11:22:16,1.699705,101.479342,0,0,0,0,0,0,0,0,89,180,forward,0,0,0.0,1.6996331457226919,101.47934325477316
11:22:18,1.699706,101.479373,0,0,0,0,0,0,0,0,89,180,forward,0,0,0.0,1.6996341457226918,101.47937425477316
11:22:21,1.699708,101.479405,0,0,0,0,0,0,0,0,88,180,forward,0,0,0.0,1.6996361785556224,101.4794075091641
11:22:23,1.69971,101.479436,0,0,0,0,0,0,0,0,88,180,forward,0,0,0.0,1.6996381785556225,101.47943850916411
11:22:25,1.699712,101.479467,0,0,0,0,0,0,0,0,88,180,forward,0,0,0.0,1.6996401785556223,101.47946950916412
11:22:27,1.699714,101.479499,0,0,0,0,0,0,0,0,88,180,forward,0,0,0.0,1.6996421785556224,101.47950150916412
11:22:29,1.699717,101.47953,0,0,0,0,0,0,0,0,88,180,forward,0,0,0.0,1.6996451785556224,101.47953250916412
11:22:32,1.699719,101.479562,0,0,0,0,0,0,0,0,88,180,forward,0,0,0.0,1.6996471785556224,101.47956450916412
11:22:34,1.699722,101.479593,0,0,0,0,0,0,0,0,88,180,forward,0,0,0.0,1.6996501785556224,101.47959550916411
11:22:36,1.699725,101.479624,0,0,0,0,0,0,0,0,88,180,forward,0,0,0.0,1.6996531785556224,101.47962650916413
11:22:38,1.699728,101.479656,0,0,0,0,0,0,0,0,88,180,forward,0,0,0.0,1.6996561785556223,101.47965850916414
11:22:40,1.699731,101.479687,0,0,0,0,0,0,0,0,88,180,forward,0,0,0.0,1.6996591785556225,101.47968950916413
11:22:42,1.699735,101.479716,0,0,0,0,0,0,0,0,88,180,forward,0,0,0.0,1.6996631785556224,101.47971850916414
11:22:45,1.699738,101.479748,0,0,0,0,0,0,0,0,88,180,forward,0,0,0.0,1.6996661785556224,101.47975050916415
11:22:47,1.699742,101.479782,0,0,0,0,0,0,0,0,89,180,forward,0,0,0.0,1.699670145722692,101.47978325477318
11:22:49,1.699746,101.47981,0,0,0,0,0,0,0,0,89,180,forward,0,0,0.0,1.6996741457226918,101.47981125477318
11:22:51,1.699749,101.479842,0,0,0,0,0,0,0,0,89,180,forward,0,0,0.0,1.6996771457226918,101.47984325477319
11:22:53,1.699753,101.479873,0,0,0,0,0,0,0,0,89,180,forward,0,0,0.0,1.699681145722692,101.4798742547732
11:22:55,1.699757,101.479902,0,0,0,0,0,0,0,0,89,180,forward,0,0,0.0,1.6996851457226918,101.47990325477319
11:22:58,1.699761,101.479934,0,0,0,0,0,0,0,0,90,180,forward,0,0,0.0,1.6996891347772705,101.479934
11:23:00,1.699764,101.479965,0,0,0,0,0,0,0,0,90,180,forward,0,0,0.0,1.6996921347772704,101.479965
11:23:02,1.699768,101.479997,0,0,0,0,0,0,0,0,90,180,forward,0,0,0.0,1.6996961347772703,101.479997
11:23:04,1.699772,101.480028,0,0,0,0,0,0,0,0,91,180,forward,0,0,0.0,1.699700145722692,101.4800267452268
11:23:06,1.699776,101.48006,0,0,0,0,0,0,0,0,91,180,forward,0,0,0.0,1.6997041457226918,101.48005874522678
11:23:09,1.699781,101.480092,0,0,0,0,0,0,0,0,91,180,forward,0,0,0.0,1.6997091457226918,101.48009074522679
11:23:11,1.699785,101.480123,0,0,0,0,0,0,0,0,91,180,forward,0,0,0.0,1.699713145722692,101.4801217452268
11:23:13,1.69979,101.480155,0,0,0,0,0,0,0,0,92,180,forward,0,0,0.0,1.6997181785556223,101.48015249083578
11:23:15,1.699794,101.480186,0,0,0,0,0,0,0,0,92,180,forward,0,0,0.0,1.6997221785556225,101.48018349083578
11:23:17,1.699799,101.480218,0,0,0,0,0,0,0,0,93,180,forward,0,0,0.0,1.6997272332660607,101.48021423720908
11:23:20,1.699804,101.480249,0,0,0,0,0,0,0,0,93,180,forward,0,0,0.0,1.6997322332660607,101.48024523720908
11:23:22,1.699808,101.480281,0,0,0,0,0,0,0,0,93,180,forward,0,0,0.0,1.6997362332660606,101.48027723720907
11:23:24,1.699813,101.480313,0,0,0,0,0,0,0,0,93,180,forward,0,0,0.0,1.6997412332660606,101.48030923720906
11:23:26,1.699817,101.480345,0,0,0,0,0,0,0,0,94,180,forward,0,0,0.0,1.699745309837341,101.48033998472853
11:23:28,1.699822,101.480377,0,0,0,0,0,0,0,0,94,180,forward,0,0,0.0,1.699750309837341,101.48037198472852
11:23:31,1.699827,101.480409,0,0,0,0,0,0,0,0,95,180,forward,0,0,0.0,1.6997554082461397,101.48040273377568
11:23:33,1.699831,101.480441,0,0,0,0,0,0,0,0,95,180,forward,0,0,0.0,1.6997594082461398,101.48043473377567
11:23:35,1.699836,101.480473,0,0,0,0,0,0,0,0,95,180,forward,0,0,0.0,1.6997644082461396,101.48046673377566
11:23:37,1.69984,101.480505,0,0,0,0,0,0,0,0,96,180,forward,0,0,0.0,1.69976852846248,101.48049748473156
11:23:39,1.699844,101.480538,0,0,0,0,0,0,0,0,96,180,forward,0,0,0.0,1.6997725284624798,101.48053048473155
11:23:42,1.699847,101.48057,0,0,0,0,0,0,0,0,96,180,forward,0,0,0.0,1.69977552846248,101.48056248473154
11:23:44,1.699851,101.480602,0,0,0,0,0,0,0,0,96,180,forward,0,0,0.0,1.69977952846248,101.48059448473153
11:23:46,1.699855,101.480634,0,0,0,0,0,0,0,0,96,180,forward,0,0,0.0,1.6997835284624798,101.4806264847315
11:23:48,1.699858,101.480666,0,0,0,0,0,0,0,0,97,180,forward,0,0,0.0,1.699786670449743,101.48065723797662
11:23:50,1.699862,101.480699,0,0,0,0,0,0,0,0,97,180,forward,0,0,0.0,1.699790670449743,101.4806902379766
11:23:53,1.699866,101.480731,0,0,0,0,0,0,0,0,97,180,forward,0,0,0.0,1.699794670449743,101.4807222379766
11:23:55,1.69987,101.480763,0,0,0,0,0,0,0,0,98,180,forward,0,0,0.0,1.699798834164678,101.48075299389069
11:23:57,1.699873,101.480795,0,0,0,0,0,0,0,0,98,180,forward,0,0,0.0,1.699801834164678,101.48078499389067
11:23:59,1.699876,101.480828,0,0,0,0,0,0,0,0,98,180,forward,0,0,0.0,1.6998048341646779,101.48081799389065
11:24:01,1.699879,101.48086,0,0,0,0,0,0,0,0,98,180,forward,0,0,0.0,1.6998078341646778,101.48084999389064
11:24:04,1.699882,101.480891,0,0,0,0,0,0,0,0,99,180,forward,0,0,0.0,1.6998110195574156,101.4808797528527
11:24:06,1.699886,101.480923,0,0,0,0,0,0,0,0,99,180,forward,0,0,0.0,1.6998150195574158,101.48091175285268
11:24:08,1.699889,101.480954,0,0,0,0,0,0,0,0,99,180,forward,0,0,0.0,1.6998180195574157,101.48094275285266
11:24:10,1.699892,101.480986,0,0,0,0,0,0,0,0,99,180,forward,0,0,0.0,1.6998210195574157,101.48097475285265
11:24:12,1.699895,101.481017,0,0,0,0,0,0,0,0,99,180,forward,0,0,0.0,1.6998240195574157,101.48100575285261
11:24:15,1.699899,101.481049,0,0,0,0,0,0,0,0,99,180,forward,0,0,0.0,1.6998280195574158,101.4810377528526
11:24:17,1.699902,101.481081,0,0,0,0,0,0,0,0,99,180,forward,0,0,0.0,1.6998310195574158,101.48106975285258
11:24:19,1.699905,101.481112,0,0,0,0,0,0,0,0,99,180,forward,0,0,0.0,1.6998340195574158,101.48110075285256
11:24:21,1.699908,101.481143,0,0,0,0,0,0,0,0,99,180,forward,0,0,0.0,1.6998370195574157,101.48113175285255
11:24:23,1.69991,101.481173,0,0,0,0,0,0,0,0,99,180,forward,0,0,0.0,1.6998390195574158,101.48116175285253
11:24:26,1.699912,101.481204,0,0,0,0,0,0,0,0,99,180,forward,0,0,0.0,1.6998410195574158,101.48119275285252
11:24:28,1.699915,101.481235,0,0,0,0,0,0,0,0,100,180,forward,0,0,0.0,1.6998442265714842,101.48122251524055
11:24:30,1.699917,101.481267,0,0,0,0,0,0,0,0,99,180,forward,0,0,0.0,1.6998460195574157,101.48125575285249
11:24:32,1.699919,101.481298,0,0,0,0,0,0,0,0,100,180,forward,0,0,0.0,1.699848226571484,101.48128551524051
11:24:34,1.699921,101.48133,0,0,0,0,0,0,0,0,100,180,forward,0,0,0.0,1.699850226571484,101.4813175152405
11:24:37,1.699922,101.481361,0,0,0,0,0,0,0,0,100,180,forward,0,0,0.0,1.699851226571484,101.48134851524051
11:24:39,1.699924,101.481392,0,0,0,0,0,0,0,0,100,180,forward,0,0,0.0,1.699853226571484,101.48137951524049
11:24:41,1.699926,101.481421,0,0,0,0,0,0,0,0,100,180,forward,0,0,0.0,1.6998552265714841,101.48140851524047
11:24:43,1.699927,101.481452,0,0,0,0,0,0,0,0,100,180,forward,0,0,0.0,1.699856226571484,101.48143951524047
11:24:45,1.699929,101.481484,0,0,0,0,0,0,0,0,100,180,forward,0,0,0.0,1.699858226571484,101.48147151524044
11:24:47,1.699931,101.481516,0,0,0,0,0,0,0,0,100,180,forward,0,0,0.0,1.6998602265714842,101.48150351524043
11:24:50,1.699932,101.481547,0,0,0,0,0,0,0,0,100,180,forward,0,0,0.0,1.699861226571484,101.48153451524044
11:24:52,1.699934,101.481579,0,0,0,0,0,0,0,0,100,180,forward,0,0,0.0,1.6998632265714841,101.48156651524042
11:24:54,1.699936,101.48161,0,0,0,0,0,0,0,0,100,180,forward,0,0,0.0,1.699865226571484,101.48159751524041
11:24:56,1.699938,101.481642,0,0,0,0,0,0,0,0,100,180,forward,0,0,0.0,1.699867226571484,101.48162951524039
11:24:58,1.69994,101.481673,0,0,0,0,0,0,0,0,100,180,forward,0,0,0.0,1.699869226571484,101.48166051524038
11:25:01,1.699941,101.481704,0,0,0,0,0,0,0,0,100,180,forward,0,0,0.0,1.699870226571484,101.48169151524037
11:25:03,1.699943,101.481735,0,0,0,0,0,0,0,0,100,180,forward,0,0,0.0,1.699872226571484,101.48172251524036
11:25:05,1.699944,101.481766,0,0,0,0,0,0,0,0,100,180,forward,0,0,0.0,1.699873226571484,101.48175351524036
11:25:07,1.699946,101.481797,0,0,0,0,0,0,0,0,100,180,forward,0,0,0.0,1.699875226571484,101.48178451524035
11:25:09,1.699947,101.481828,0,0,0,0,0,0,0,0,101,180,forward,0,0,0.0,1.6998764551438241,101.48181428143133
11:25:12,1.699949,101.481859,0,0,0,0,0,0,0,0,101,180,forward,0,0,0.0,1.699878455143824,101.48184528143132
11:25:14,1.699951,101.481891,0,0,0,0,0,0,0,0,101,180,forward,0,0,0.0,1.699880455143824,101.48187728143131
11:25:16,1.699952,101.481922,0,0,0,0,0,0,0,0,101,180,forward,0,0,0.0,1.699881455143824,101.4819082814313
11:25:18,1.699954,101.481953,0,0,0,0,0,0,0,0,101,180,forward,0,0,0.0,1.699883455143824,101.4819392814313
11:25:20,1.699955,101.481985,0,0,0,0,0,0,0,0,101,180,forward,0,0,0.0,1.6998844551438241,101.48197128143127
11:25:23,1.699957,101.482016,0,0,0,0,0,0,0,0,101,180,forward,0,0,0.0,1.699886455143824,101.48200228143126
11:25:25,1.699958,101.482046,0,0,0,0,0,0,0,0,101,180,forward,0,0,0.0,1.699887455143824,101.48203228143126
11:25:27,1.699959,101.482077,0,0,0,0,0,0,0,0,101,180,forward,0,0,0.0,1.699888455143824,101.48206328143125
11:25:29,1.69996,101.482109,0,0,0,0,0,0,0,0,102,180,forward,0,0,0.0,1.6998897052048108,101.48209405180104
11:25:31,1.699962,101.48214,0,0,0,0,0,0,0,0,102,180,forward,0,0,0.0,1.6998917052048108,101.48212505180103
11:25:33,1.699963,101.482172,0,0,0,0,0,0,0,0,102,180,forward,0,0,0.0,1.6998927052048107,101.48215705180102
11:25:36,1.699964,101.482202,0,0,0,0,0,0,0,0,102,180,forward,0,0,0.0,1.6998937052048109,101.482187051801
11:25:38,1.699965,101.482234,0,0,0,0,0,0,0,0,102,180,forward,0,0,0.0,1.6998947052048108,101.48221905180101
11:25:40,1.699966,101.482265,0,0,0,0,0,0,0,0,103,180,forward,0,0,0.0,1.6998959766782733,101.48224882672416
11:25:42,1.699967,101.482297,0,0,0,0,0,0,0,0,103,180,forward,0,0,0.0,1.6998969766782732,101.48228082672415
11:25:44,1.699968,101.482329,0,0,0,0,0,0,0,0,103,180,forward,0,0,0.0,1.6998979766782731,101.48231282672414
11:25:47,1.699969,101.48236,0,0,0,0,0,0,0,0,103,180,forward,0,0,0.0,1.6998989766782733,101.48234382672413
11:25:49,1.699971,101.482389,0,0,0,0,0,0,0,0,103,180,forward,0,0,0.0,1.6999009766782731,101.48237282672412
11:25:51,1.699972,101.482421,0,0,0,0,0,0,0,0,103,180,forward,0,0,0.0,1.6999019766782733,101.4824048267241
11:25:53,1.699973,101.482452,0,0,0,0,0,0,0,0,103,180,forward,0,0,0.0,1.6999029766782732,101.4824358267241
11:25:55,1.699974,101.482483,0,0,0,0,0,0,0,0,104,180,forward,0,0,0.0,1.6999042694815176,101.48246560657378
11:25:57,1.699975,101.482514,0,0,0,0,0,0,0,0,104,180,forward,0,0,0.0,1.6999052694815175,101.48249660657378
11:26:00,1.699976,101.482546,0,0,0,0,0,0,0,0,104,180,forward,0,0,0.0,1.6999062694815175,101.48252860657377
11:26:02,1.699977,101.482577,0,0,0,0,0,0,0,0,104,180,forward,0,0,0.0,1.6999072694815176,101.48255960657376
11:26:04,1.699978,101.482608,0,0,0,0,0,0,0,0,104,180,forward,0,0,0.0,1.6999082694815175,101.48259060657375
11:26:06,1.699978,101.48264,0,0,0,0,0,0,0,0,105,180,forward,0,0,0.0,1.6999085835253536,101.48262139172165
11:26:08,1.699979,101.482672,0,0,0,0,0,0,0,0,104,180,forward,0,0,0.0,1.6999092694815174,101.48265460657373
11:26:11,1.699979,101.482704,0,0,0,0,0,0,0,0,104,180,forward,0,0,0.0,1.6999092694815174,101.48268660657374
11:26:13,1.699979,101.482736,0,0,0,0,0,0,0,0,104,180,forward,0,0,0.0,1.6999092694815174,101.48271860657374
11:26:15,1.699979,101.482767,0,0,0,0,0,0,0,0,105,180,forward,0,0,0.0,1.6999095835253535,101.48274839172163
11:26:17,1.69998,101.482799,0,0,0,0,0,0,0,0,105,180,forward,0,0,0.0,1.6999105835253536,101.48278039172162
11:26:19,1.69998,101.482831,0,0,0,0,0,0,0,0,105,180,forward,0,0,0.0,1.6999105835253536,101.48281239172162
11:26:22,1.69998,101.482862,0,0,0,0,0,0,0,0,105,180,forward,0,0,0.0,1.6999105835253536,101.48284339172162
11:26:24,1.69998,101.482893,0,0,0,0,0,0,0,0,105,180,forward,0,0,0.0,1.6999105835253536,101.48287439172162
11:26:26,1.69998,101.482925,0,0,0,0,0,0,0,0,105,180,forward,0,0,0.0,1.6999105835253536,101.48290639172161
11:26:28,1.69998,101.482956,0,0,0,0,0,0,0,0,105,180,forward,0,0,0.0,1.6999105835253536,101.48293739172162
11:26:30,1.69998,101.482988,0,0,0,0,0,0,0,0,106,180,forward,0,0,0.0,1.6999109187141201,101.48296818253779
11:26:33,1.69998,101.483019,0,0,0,0,0,0,0,0,106,180,forward,0,0,0.0,1.6999109187141201,101.48299918253778
11:26:35,1.699979,101.483051,0,0,0,0,0,0,0,0,106,180,forward,0,0,0.0,1.69990991871412,101.4830311825378
11:26:37,1.699979,101.483082,0,0,0,0,0,0,0,0,106,180,forward,0,0,0.0,1.69990991871412,101.4830621825378
11:26:39,1.699979,101.483113,0,0,0,0,0,0,0,0,106,180,forward,0,0,0.0,1.69990991871412,101.4830931825378
11:26:41,1.699978,101.483144,0,0,0,0,0,0,0,0,106,180,forward,0,0,0.0,1.69990891871412,101.4831241825378
11:26:44,1.699978,101.483175,0,0,0,0,0,0,0,0,106,180,forward,0,0,0.0,1.69990891871412,101.4831551825378
11:26:46,1.699977,101.483206,0,0,0,0,0,0,0,0,106,180,forward,0,0,0.0,1.6999079187141202,101.4831861825378
11:26:48,1.699976,101.483236,0,0,0,0,0,0,0,0,106,180,forward,0,0,0.0,1.69990691871412,101.48321618253783
11:26:50,1.699976,101.483267,0,0,0,0,0,0,0,0,107,180,forward,0,0,0.0,1.6999072749457154,101.48324597939057
11:26:52,1.699974,101.483297,0,0,0,0,0,0,0,0,106,180,forward,0,0,0.0,1.6999049187141202,101.48327718253783
11:26:55,1.699974,101.483328,0,0,0,0,0,0,0,0,107,180,forward,0,0,0.0,1.6999052749457155,101.48330697939059
11:26:57,1.699972,101.483358,0,0,0,0,0,0,0,0,107,180,forward,0,0,0.0,1.6999032749457155,101.48333697939061
11:26:59,1.699971,101.483389,0,0,0,0,0,0,0,0,107,180,forward,0,0,0.0,1.6999022749457153,101.48336797939064
11:27:01,1.699971,101.483419,0,0,0,0,0,0,0,0,107,180,forward,0,0,0.0,1.6999022749457153,101.48339797939063
11:27:03,1.699969,101.48345,0,0,0,0,0,0,0,0,106,180,forward,0,0,0.0,1.6998999187141202,101.4834301825379
11:27:06,1.699968,101.48348,0,0,0,0,0,0,0,0,107,180,forward,0,0,0.0,1.6998992749457154,101.48345897939066
11:27:08,1.699967,101.483511,0,0,0,0,0,0,0,0,107,180,forward,0,0,0.0,1.6998982749457154,101.48348997939067
11:27:10,1.699966,101.483542,0,0,0,0,0,0,0,0,107,180,forward,0,0,0.0,1.6998972749457155,101.48352097939068
11:27:12,1.699965,101.483572,0,0,0,0,0,0,0,0,107,180,forward,0,0,0.0,1.6998962749457154,101.48355097939069
11:27:14,1.699964,101.483603,0,0,0,0,0,0,0,0,107,180,forward,0,0,0.0,1.6998952749457155,101.4835819793907
11:27:17,1.699963,101.483634,0,0,0,0,0,0,0,0,107,180,forward,0,0,0.0,1.6998942749457153,101.48361297939071
11:27:19,1.699961,101.483665,0,0,0,0,0,0,0,0,106,180,forward,0,0,0.0,1.6998919187141202,101.48364518253798
11:27:21,1.69996,101.483696,0,0,0,0,0,0,0,0,107,180,forward,0,0,0.0,1.6998912749457153,101.48367497939074
11:27:23,1.699958,101.483728,0,0,0,0,0,0,0,0,106,180,forward,0,0,0.0,1.6998889187141202,101.48370818253801
11:27:25,1.699956,101.483758,0,0,0,0,0,0,0,0,106,180,forward,0,0,0.0,1.6998869187141201,101.48373818253802
11:27:28,1.699953,101.48379,0,0,0,0,0,0,0,0,106,180,forward,0,0,0.0,1.6998839187141201,101.48377018253805
11:27:30,1.699952,101.48382,0,0,0,0,0,0,0,0,106,180,forward,0,0,0.0,1.69988291871412,101.48380018253806
11:27:32,1.69995,101.483851,0,0,0,0,0,0,0,0,106,180,forward,0,0,0.0,1.6998809187141202,101.4838311825381
11:27:34,1.699948,101.483881,0,0,0,0,0,0,0,0,106,180,forward,0,0,0.0,1.6998789187141201,101.4838611825381
11:27:36,1.699946,101.483912,0,0,0,0,0,0,0,0,106,180,forward,0,0,0.0,1.69987691871412,101.48389218253813
11:27:39,1.699944,101.483942,0,0,0,0,0,0,0,0,105,180,forward,0,0,0.0,1.6998745835253535,101.48392339172197
11:27:41,1.699943,101.483973,0,0,0,0,0,0,0,0,105,180,forward,0,0,0.0,1.6998735835253536,101.48395439172198
11:27:43,1.699941,101.484004,0,0,0,0,0,0,0,0,105,180,forward,0,0,0.0,1.6998715835253535,101.483985391722
11:27:45,1.699939,101.484035,0,0,0,0,0,0,0,0,105,180,forward,0,0,0.0,1.6998695835253537,101.48401639172202
11:27:47,1.699936,101.484066,0,0,0,0,0,0,0,0,105,180,forward,0,0,0.0,1.6998665835253535,101.48404739172204
11:27:50,1.699934,101.484098,0,0,0,0,0,0,0,0,105,180,forward,0,0,0.0,1.6998645835253536,101.48407939172208
11:27:52,1.699932,101.484129,0,0,0,0,0,0,0,0,105,180,forward,0,0,0.0,1.6998625835253536,101.48411039172208
11:27:54,1.699929,101.48416,0,0,0,0,0,0,0,0,104,180,forward,0,0,0.0,1.6998592694815176,101.4841426065742
11:27:56,1.699927,101.484191,0,0,0,0,0,0,0,0,104,180,forward,0,0,0.0,1.6998572694815175,101.4841736065742
11:27:58,1.699924,101.484222,0,0,0,0,0,0,0,0,104,180,forward,0,0,0.0,1.6998542694815175,101.48420460657424
11:28:01,1.699921,101.484253,0,0,0,0,0,0,0,0,103,180,forward,0,0,0.0,1.6998509766782732,101.48423682672453
11:28:03,1.69992,101.484283,0,0,0,0,0,0,0,0,104,180,forward,0,0,0.0,1.6998502694815176,101.48426560657427
11:28:05,1.699917,101.484313,0,0,0,0,0,0,0,0,103,180,forward,0,0,0.0,1.6998469766782731,101.48429682672457
11:28:07,1.699916,101.484341,0,0,0,0,0,0,0,0,103,180,forward,0,0,0.0,1.6998459766782732,101.48432482672457
11:28:09,1.699915,101.484371,0,0,0,0,0,0,0,0,103,180,forward,0,0,0.0,1.6998449766782733,101.48435482672458
11:28:11,1.699913,101.484402,0,0,0,0,0,0,0,0,102,180,forward,0,0,0.0,1.6998427052048108,101.4843870518014
11:28:13,1.699912,101.48443,0,0,0,0,0,0,0,0,102,180,forward,0,0,0.0,1.699841705204811,101.48441505180142
11:28:16,1.69991,101.48446,0,0,0,0,0,0,0,0,102,180,forward,0,0,0.0,1.6998397052048109,101.48444505180143
11:28:18,1.699908,101.484491,0,0,0,0,0,0,0,0,102,180,forward,0,0,0.0,1.6998377052048108,101.48447605180145
11:28:20,1.699905,101.484522,0,0,0,0,0,0,0,0,101,180,forward,0,0,0.0,1.699834455143824,101.48450828143163
11:28:22,1.699903,101.484554,0,0,0,0,0,0,0,0,101,180,forward,0,0,0.0,1.699832455143824,101.48454028143165
11:28:24,1.699901,101.484582,0,0,0,0,0,0,0,0,101,180,forward,0,0,0.0,1.6998304551438241,101.48456828143166
11:28:26,1.699898,101.484613,0,0,0,0,0,0,0,0,101,180,forward,0,0,0.0,1.699827455143824,101.48459928143168
11:28:29,1.699896,101.484644,0,0,0,0,0,0,0,0,100,180,forward,0,0,0.0,1.6998252265714842,101.48463151524066
11:28:31,1.699895,101.484675,0,0,0,0,0,0,0,0,100,180,forward,0,0,0.0,1.699824226571484,101.48466251524067
11:28:33,1.699893,101.484703,0,0,0,0,0,0,0,0,100,180,forward,0,0,0.0,1.6998222265714842,101.48469051524069
11:28:35,1.699892,101.484734,0,0,0,0,0,0,0,0,100,180,forward,0,0,0.0,1.699821226571484,101.4847215152407
11:28:37,1.699891,101.484764,0,0,0,0,0,0,0,0,99,180,forward,0,0,0.0,1.6998200195574158,101.48475275285264
11:28:39,1.69989,101.484796,0,0,0,0,0,0,0,0,99,180,forward,0,0,0.0,1.6998190195574157,101.48478475285265
11:28:42,1.699889,101.484827,0,0,0,0,0,0,0,0,99,180,forward,0,0,0.0,1.6998180195574157,101.48481575285265
11:28:44,1.699888,101.484858,0,0,0,0,0,0,0,0,98,180,forward,0,0,0.0,1.699816834164678,101.4848479938906
11:28:46,1.699887,101.48489,0,0,0,0,0,0,0,0,98,180,forward,0,0,0.0,1.6998158341646779,101.48487999389059
11:28:48,1.699886,101.484921,0,0,0,0,0,0,0,0,98,180,forward,0,0,0.0,1.699814834164678,101.48491099389061
11:28:50,1.699886,101.484949,0,0,0,0,0,0,0,0,98,180,forward,0,0,0.0,1.699814834164678,101.48493899389061
11:28:52,1.699886,101.484979,0,0,0,0,0,0,0,0,98,180,forward,0,0,0.0,1.699814834164678,101.4849689938906
11:28:55,1.699885,101.48501,0,0,0,0,0,0,0,0,98,180,forward,0,0,0.0,1.699813834164678,101.48499999389061
11:28:57,1.699886,101.485038,0,0,0,0,0,0,0,0,98,180,forward,0,0,0.0,1.699814834164678,101.48502799389061
11:28:59,1.699886,101.485068,0,0,0,0,0,0,0,0,98,180,forward,0,0,0.0,1.699814834164678,101.4850579938906
11:29:01,1.699886,101.485099,0,0,0,0,0,0,0,0,97,180,forward,0,0,0.0,1.699814670449743,101.4850902379765
11:29:03,1.699886,101.48513,0,0,0,0,0,0,0,0,98,180,forward,0,0,0.0,1.699814834164678,101.4851199938906
11:29:05,1.699886,101.485161,0,0,0,0,0,0,0,0,98,180,forward,0,0,0.0,1.699814834164678,101.48515099389061
11:29:08,1.699887,101.485192,0,0,0,0,0,0,0,0,97,180,forward,0,0,0.0,1.699815670449743,101.48518323797649
11:29:10,1.699888,101.485223,0,0,0,0,0,0,0,0,97,180,forward,0,0,0.0,1.699816670449743,101.48521423797649
11:29:12,1.699889,101.485254,0,0,0,0,0,0,0,0,97,180,forward,0,0,0.0,1.699817670449743,101.48524523797647
11:29:14,1.69989,101.485286,0,0,0,0,0,0,0,0,97,180,forward,0,0,0.0,1.6998186704497429,101.48527723797648
11:29:16,1.699891,101.485314,0,0,0,0,0,0,0,0,97,180,forward,0,0,0.0,1.699819670449743,101.48530523797648
11:29:18,1.699893,101.485345,0,0,0,0,0,0,0,0,98,180,forward,0,0,0.0,1.699821834164678,101.48533499389056
11:29:21,1.699894,101.485376,0,0,0,0,0,0,0,0,97,180,forward,0,0,0.0,1.699822670449743,101.48536723797646
11:29:23,1.699896,101.485407,0,0,0,0,0,0,0,0,98,180,forward,0,0,0.0,1.699824834164678,101.48539699389055
11:29:25,1.699898,101.485439,0,0,0,0,0,0,0,0,97,180,forward,0,0,0.0,1.699826670449743,101.48543023797644
11:29:27,1.6999,101.485469,0,0,0,0,0,0,0,0,98,180,forward,0,0,0.0,1.699828834164678,101.48545899389053
11:29:29,1.699902,101.485501,0,0,0,0,0,0,0,0,98,180,forward,0,0,0.0,1.699830834164678,101.48549099389052
11:29:32,1.699904,101.485533,0,0,0,0,0,0,0,0,98,180,forward,0,0,0.0,1.699832834164678,101.48552299389051
11:29:34,1.699907,101.485564,0,0,0,0,0,0,0,0,98,180,forward,0,0,0.0,1.699835834164678,101.48555399389049
11:29:36,1.699909,101.485596,0,0,0,0,0,0,0,0,98,180,forward,0,0,0.0,1.6998378341646778,101.48558599389048
11:29:38,1.699912,101.485628,0,0,0,0,0,0,0,0,99,180,forward,0,0,0.0,1.6998410195574158,101.48561675285252
11:29:40,1.699915,101.48566,0,0,0,0,0,0,0,0,99,180,forward,0,0,0.0,1.6998440195574158,101.4856487528525
11:29:43,1.699917,101.485692,0,0,0,0,0,0,0,0,99,180,forward,0,0,0.0,1.6998460195574157,101.48568075285249
11:29:45,1.69992,101.485723,0,0,0,0,0,0,0,0,99,180,forward,0,0,0.0,1.6998490195574159,101.48571175285247
11:29:47,1.699922,101.485755,0,0,0,0,0,0,0,0,100,180,forward,0,0,0.0,1.699851226571484,101.4857425152405
11:29:49,1.699925,101.485787,0,0,0,0,0,0,0,0,100,180,forward,0,0,0.0,1.699854226571484,101.48577451524048
11:29:51,1.699927,101.485819,0,0,0,0,0,0,0,0,100,180,forward,0,0,0.0,1.699856226571484,101.48580651524047
11:29:54,1.699929,101.485851,0,0,0,0,0,0,0,0,100,180,forward,0,0,0.0,1.699858226571484,101.48583851524045
11:29:56,1.699932,101.485882,0,0,0,0,0,0,0,0,101,180,forward,0,0,0.0,1.699861455143824,101.48586828143145
11:29:58,1.699934,101.485911,0,0,0,0,0,0,0,0,101,180,forward,0,0,0.0,1.699863455143824,101.48589728143143
11:30:00,1.699936,101.485943,0,0,0,0,0,0,0,0,101,180,forward,0,0,0.0,1.699865455143824,101.48592928143142
11:30:02,1.699939,101.485974,0,0,0,0,0,0,0,0,101,180,forward,0,0,0.0,1.6998684551438241,101.48596028143139
11:30:04,1.699941,101.486005,0,0,0,0,0,0,0,0,101,180,forward,0,0,0.0,1.699870455143824,101.48599128143138
11:30:07,1.699943,101.486036,0,0,0,0,0,0,0,0,102,180,forward,0,0,0.0,1.6998727052048108,101.48602105180117
11:30:09,1.699946,101.486068,0,0,0,0,0,0,0,0,102,180,forward,0,0,0.0,1.6998757052048108,101.48605305180115
11:30:11,1.699947,101.4861,0,0,0,0,0,0,0,0,102,180,forward,0,0,0.0,1.699876705204811,101.48608505180114
11:30:13,1.69995,101.486131,0,0,0,0,0,0,0,0,102,180,forward,0,0,0.0,1.699879705204811,101.48611605180112
11:30:15,1.699952,101.486163,0,0,0,0,0,0,0,0,102,180,forward,0,0,0.0,1.6998817052048107,101.48614805180111
11:30:18,1.699954,101.486194,0,0,0,0,0,0,0,0,103,180,forward,0,0,0.0,1.6998839766782732,101.48617782672426
11:30:20,1.699956,101.486226,0,0,0,0,0,0,0,0,103,180,forward,0,0,0.0,1.6998859766782732,101.48620982672425
11:30:22,1.699958,101.486257,0,0,0,0,0,0,0,0,103,180,forward,0,0,0.0,1.6998879766782733,101.48624082672421
11:30:24,1.69996,101.486289,0,0,0,0,0,0,0,0,103,180,forward,0,0,0.0,1.6998899766782731,101.4862728267242
11:30:26,1.699962,101.48632,0,0,0,0,0,0,0,0,103,180,forward,0,0,0.0,1.6998919766782732,101.4863038267242
11:30:29,1.699963,101.486351,0,0,0,0,0,0,0,0,103,180,forward,0,0,0.0,1.699892976678273,101.48633482672417
11:30:31,1.699965,101.486382,0,0,0,0,0,0,0,0,103,180,forward,0,0,0.0,1.6998949766782732,101.48636582672417
11:30:33,1.699966,101.486413,0,0,0,0,0,0,0,0,103,180,forward,0,0,0.0,1.6998959766782733,101.48639682672416
11:30:35,1.699968,101.486444,0,0,0,0,0,0,0,0,103,180,forward,0,0,0.0,1.6998979766782731,101.48642782672415
11:30:37,1.699969,101.486475,0,0,0,0,0,0,0,0,103,180,forward,0,0,0.0,1.6998989766782733,101.48645882672413
11:30:40,1.699971,101.486506,0,0,0,0,0,0,0,0,103,180,forward,0,0,0.0,1.6999009766782731,101.48648982672412
11:30:42,1.699972,101.486536,0,0,0,0,0,0,0,0,103,180,forward,0,0,0.0,1.6999019766782733,101.4865198267241
11:30:44,1.699973,101.486567,0,0,0,0,0,0,0,0,103,180,forward,0,0,0.0,1.6999029766782732,101.4865508267241
11:30:46,1.699974,101.486597,0,0,0,0,0,0,0,0,103,180,forward,0,0,0.0,1.6999039766782733,101.4865808267241
11:30:48,1.699975,101.486628,0,0,0,0,0,0,0,0,103,180,forward,0,0,0.0,1.6999049766782732,101.48661182672407
11:30:51,1.699976,101.486659,0,0,0,0,0,0,0,0,103,180,forward,0,0,0.0,1.6999059766782731,101.48664282672408
11:30:53,1.699977,101.486689,0,0,0,0,0,0,0,0,103,180,forward,0,0,0.0,1.6999069766782733,101.48667282672406
11:30:55,1.699978,101.486721,0,0,0,0,0,0,0,0,103,180,forward,0,0,0.0,1.6999079766782732,101.48670482672406
11:30:57,1.699979,101.486749,0,0,0,0,0,0,0,0,103,180,forward,0,0,0.0,1.6999089766782731,101.48673282672405
11:30:59,1.69998,101.48678,0,0,0,0,0,0,0,0,103,180,forward,0,0,0.0,1.6999099766782733,101.48676382672403
11:31:01,1.699981,101.486812,0,0,0,0,0,0,0,0,103,180,forward,0,0,0.0,1.6999109766782732,101.48679582672403
11:31:04,1.699982,101.486843,0,0,0,0,0,0,0,0,103,180,forward,0,0,0.0,1.6999119766782733,101.48682682672401
11:31:06,1.699983,101.486874,0,0,0,0,0,0,0,0,103,180,forward,0,0,0.0,1.6999129766782732,101.48685782672402
11:31:08,1.699984,101.486906,0,0,0,0,0,0,0,0,103,180,forward,0,0,0.0,1.6999139766782732,101.48688982672401
11:31:10,1.699985,101.486937,0,0,0,0,0,0,0,0,103,180,forward,0,0,0.0,1.6999149766782733,101.486920826724
11:31:12,1.699986,101.486968,0,0,0,0,0,0,0,0,103,180,forward,0,0,0.0,1.6999159766782732,101.486951826724
11:31:15,1.699987,101.487,0,0,0,0,0,0,0,0,103,180,forward,0,0,0.0,1.6999169766782731,101.48698382672397
11:31:17,1.699988,101.487028,0,0,0,0,0,0,0,0,103,180,forward,0,0,0.0,1.6999179766782733,101.48701182672397
11:31:19,1.699988,101.48706,0,0,0,0,0,0,0,0,104,180,forward,0,0,0.0,1.6999182694815176,101.48704260657365
11:31:21,1.699989,101.487091,0,0,0,0,0,0,0,0,103,180,forward,0,0,0.0,1.6999189766782732,101.48707482672397
11:31:23,1.69999,101.487123,0,0,0,0,0,0,0,0,104,180,forward,0,0,0.0,1.6999202694815174,101.48710560657364
11:31:25,1.699991,101.487155,0,0,0,0,0,0,0,0,104,180,forward,0,0,0.0,1.6999212694815176,101.48713760657363
11:31:28,1.699992,101.487188,0,0,0,0,0,0,0,0,104,180,forward,0,0,0.0,1.6999222694815175,101.48717060657363
11:31:30,1.699992,101.487219,0,0,0,0,0,0,0,0,104,180,forward,0,0,0.0,1.6999222694815175,101.48720160657362
11:31:32,1.699993,101.487251,0,0,0,0,0,0,0,0,104,180,forward,0,0,0.0,1.6999232694815176,101.48723360657361
11:31:34,1.699994,101.487283,0,0,0,0,0,0,0,0,104,180,forward,0,0,0.0,1.6999242694815175,101.4872656065736
11:31:36,1.699995,101.487314,0,0,0,0,0,0,0,0,104,180,forward,0,0,0.0,1.6999252694815175,101.4872966065736
11:31:39,1.699995,101.487346,0,0,0,0,0,0,0,0,104,180,forward,0,0,0.0,1.6999252694815175,101.4873286065736
11:31:41,1.699996,101.487377,0,0,0,0,0,0,0,0,104,180,forward,0,0,0.0,1.6999262694815176,101.48735960657358
11:31:43,1.699996,101.487408,0,0,0,0,0,0,0,0,104,180,forward,0,0,0.0,1.6999262694815176,101.48739060657358
11:31:45,1.699997,101.487439,0,0,0,0,0,0,0,0,104,180,forward,0,0,0.0,1.6999272694815175,101.48742160657358
11:31:47,1.699998,101.487471,0,0,0,0,0,0,0,0,104,180,forward,0,0,0.0,1.6999282694815174,101.48745360657357
11:31:50,1.699998,101.487503,0,0,0,0,0,0,0,0,105,180,forward,0,0,0.0,1.6999285835253535,101.48748439172145
11:31:52,1.699998,101.487535,0,0,0,0,0,0,0,0,105,180,forward,0,0,0.0,1.6999285835253535,101.48751639172144
11:31:54,1.699999,101.487567,0,0,0,0,0,0,0,0,105,180,forward,0,0,0.0,1.6999295835253536,101.48754839172145
11:31:56,1.7,101.487599,0,0,0,0,0,0,0,0,105,180,forward,0,0,0.0,1.6999305835253535,101.48758039172144
11:31:58,1.7,101.48763,0,0,0,0,0,0,0,0,105,180,forward,0,0,0.0,1.6999305835253535,101.48761139172143
11:32:01,1.700001,101.487662,0,0,0,0,0,0,0,0,106,180,forward,0,0,0.0,1.6999319187141202,101.48764218253757
11:32:03,1.700002,101.487693,0,0,0,0,0,0,0,0,106,180,forward,0,0,0.0,1.6999329187141201,101.48767318253755
11:32:05,1.700002,101.487724,0,0,0,0,0,0,0,0,106,180,forward,0,0,0.0,1.6999329187141201,101.48770418253756
11:32:07,1.700003,101.487756,0,0,0,0,0,0,0,0,106,180,forward,0,0,0.0,1.69993391871412,101.48773618253755
11:32:09,1.700003,101.487786,0,0,0,0,0,0,0,0,107,180,forward,0,0,0.0,1.6999342749457154,101.48776497939028
11:32:12,1.700003,101.487817,0,0,0,0,0,0,0,0,107,180,forward,0,0,0.0,1.6999342749457154,101.48779597939028
11:32:14,1.700003,101.487848,0,0,0,0,0,0,0,0,106,180,forward,0,0,0.0,1.69993391871412,101.48782818253754
11:32:16,1.700003,101.48788,0,0,0,0,0,0,0,0,107,180,forward,0,0,0.0,1.6999342749457154,101.48785897939028
11:32:18,1.700003,101.487912,0,0,0,0,0,0,0,0,107,180,forward,0,0,0.0,1.6999342749457154,101.48789097939027
11:32:20,1.700003,101.487944,0,0,0,0,0,0,0,0,107,180,forward,0,0,0.0,1.6999342749457154,101.48792297939028
11:32:23,1.700004,101.487975,0,0,0,0,0,0,0,0,107,180,forward,0,0,0.0,1.6999352749457155,101.48795397939027
11:32:25,1.700004,101.488003,0,0,0,0,0,0,0,0,107,180,forward,0,0,0.0,1.6999352749457155,101.48798197939027
11:32:27,1.700003,101.488034,0,0,0,0,0,0,0,0,107,180,forward,0,0,0.0,1.6999342749457154,101.48801297939028
11:32:29,1.700003,101.488065,0,0,0,0,0,0,0,0,107,180,forward,0,0,0.0,1.6999342749457154,101.48804397939028
11:32:31,1.700002,101.488095,0,0,0,0,0,0,0,0,108,180,forward,0,0,0.0,1.6999336521116282,101.4880727826461
11:32:33,1.700002,101.488123,0,0,0,0,0,0,0,0,108,180,forward,0,0,0.0,1.6999336521116282,101.4881007826461
11:32:35,1.700001,101.488153,0,0,0,0,0,0,0,0,108,180,forward,0,0,0.0,1.6999326521116283,101.48813078264611
11:32:38,1.7,101.488184,0,0,0,0,0,0,0,0,108,180,forward,0,0,0.0,1.699931652111628,101.48816178264613
11:32:40,1.699999,101.488215,0,0,0,0,0,0,0,0,108,180,forward,0,0,0.0,1.6999306521116282,101.48819278264614
11:32:42,1.699998,101.488246,0,0,0,0,0,0,0,0,108,180,forward,0,0,0.0,1.699929652111628,101.48822378264616
11:32:44,1.699996,101.488277,0,0,0,0,0,0,0,0,108,180,forward,0,0,0.0,1.6999276521116282,101.48825478264617
11:32:46,1.699995,101.488305,0,0,0,0,0,0,0,0,109,180,forward,0,0,0.0,1.6999270500969696,101.48828159266962
11:32:48,1.699993,101.488337,0,0,0,0,0,0,0,0,109,180,forward,0,0,0.0,1.6999250500969698,101.48831359266966
11:32:51,1.699991,101.488368,0,0,0,0,0,0,0,0,109,180,forward,0,0,0.0,1.6999230500969698,101.48834459266968
11:32:53,1.699989,101.488396,0,0,0,0,0,0,0,0,109,180,forward,0,0,0.0,1.6999210500969697,101.48837259266969
11:32:55,1.699987,101.488427,0,0,0,0,0,0,0,0,109,180,forward,0,0,0.0,1.6999190500969696,101.48840359266973
11:32:57,1.699985,101.488458,0,0,0,0,0,0,0,0,109,180,forward,0,0,0.0,1.6999170500969698,101.48843459266975
11:32:59,1.699984,101.488489,0,0,0,0,0,0,0,0,109,180,forward,0,0,0.0,1.6999160500969697,101.48846559266977
11:33:01,1.699982,101.488519,0,0,0,0,0,0,0,0,109,180,forward,0,0,0.0,1.6999140500969698,101.48849559266978
11:33:04,1.699981,101.488553,0,0,0,0,0,0,0,0,109,180,forward,0,0,0.0,1.6999130500969697,101.48852959266979
11:33:06,1.69998,101.488581,0,0,0,0,0,0,0,0,109,180,forward,0,0,0.0,1.6999120500969698,101.4885575926698
11:33:08,1.699979,101.488612,0,0,0,0,0,0,0,0,109,180,forward,0,0,0.0,1.6999110500969696,101.48858859266983
11:33:10,1.699978,101.488643,0,0,0,0,0,0,0,0,109,180,forward,0,0,0.0,1.6999100500969697,101.48861959266983
11:33:12,1.699977,101.488673,0,0,0,0,0,0,0,0,109,180,forward,0,0,0.0,1.6999090500969698,101.48864959266984
11:33:15,1.699976,101.488704,0,0,0,0,0,0,0,0,109,180,forward,0,0,0.0,1.6999080500969697,101.48868059266985
11:33:17,1.699975,101.488734,0,0,0,0,0,0,0,0,109,180,forward,0,0,0.0,1.6999070500969697,101.48871059266986
11:33:19,1.699973,101.488765,0,0,0,0,0,0,0,0,109,180,forward,0,0,0.0,1.6999050500969697,101.4887415926699
11:33:21,1.699972,101.488795,0,0,0,0,0,0,0,0,109,180,forward,0,0,0.0,1.6999040500969698,101.4887715926699
11:33:23,1.699971,101.488825,0,0,0,0,0,0,0,0,110,180,forward,0,0,0.0,1.6999034687805097,101.48880040982348
11:33:26,1.699968,101.488855,0,0,0,0,0,0,0,0,110,180,forward,0,0,0.0,1.6999004687805097,101.4888304098235
11:33:28,1.699966,101.488886,0,0,0,0,0,0,0,0,110,180,forward,0,0,0.0,1.6998984687805099,101.48886140982353
11:33:30,1.699965,101.488914,0,0,0,0,0,0,0,0,110,180,forward,0,0,0.0,1.6998974687805097,101.48888940982354
11:33:32,1.699963,101.488944,0,0,0,0,0,0,0,0,110,180,forward,0,0,0.0,1.6998954687805097,101.48891940982358
11:33:34,1.699961,101.488975,0,0,0,0,0,0,0,0,110,180,forward,0,0,0.0,1.6998934687805098,101.4889504098236
11:33:36,1.699959,101.489005,0,0,0,0,0,0,0,0,110,180,forward,0,0,0.0,1.6998914687805098,101.48898040982363
11:33:39,1.699957,101.489035,0,0,0,0,0,0,0,0,110,180,forward,0,0,0.0,1.6998894687805097,101.48901040982365
11:33:41,1.699955,101.489066,0,0,0,0,0,0,0,0,110,180,forward,0,0,0.0,1.69988746878051,101.48904140982367
11:33:43,1.699953,101.489097,0,0,0,0,0,0,0,0,110,180,forward,0,0,0.0,1.6998854687805098,101.4890724098237
11:33:45,1.699951,101.489127,0,0,0,0,0,0,0,0,110,180,forward,0,0,0.0,1.6998834687805098,101.48910240982373
11:33:47,1.699949,101.489158,0,0,0,0,0,0,0,0,110,180,forward,0,0,0.0,1.6998814687805097,101.48913340982375
11:33:50,1.699946,101.489188,0,0,0,0,0,0,0,0,110,180,forward,0,0,0.0,1.6998784687805097,101.48916340982379
11:33:52,1.699943,101.489219,0,0,0,0,0,0,0,0,110,180,forward,0,0,0.0,1.6998754687805098,101.48919440982384
11:33:54,1.699941,101.489249,0,0,0,0,0,0,0,0,111,180,forward,0,0,0.0,1.6998739080347138,101.48922323446784
11:33:56,1.699938,101.48928,0,0,0,0,0,0,0,0,110,180,forward,0,0,0.0,1.6998704687805097,101.48925540982388
11:33:58,1.699935,101.48931,0,0,0,0,0,0,0,0,111,180,forward,0,0,0.0,1.6998679080347139,101.48928423446792
11:34:01,1.699931,101.48934,0,0,0,0,0,0,0,0,110,180,forward,0,0,0.0,1.6998634687805099,101.48931540982399
11:34:03,1.699928,101.489368,0,0,0,0,0,0,0,0,111,180,forward,0,0,0.0,1.699860908034714,101.48934223446801
11:34:05,1.699925,101.489397,0,0,0,0,0,0,0,0,111,180,forward,0,0,0.0,1.6998579080347138,101.48937123446805
11:34:07,1.699922,101.489427,0,0,0,0,0,0,0,0,111,180,forward,0,0,0.0,1.6998549080347138,101.48940123446809
11:34:09,1.699918,101.489457,0,0,0,0,0,0,0,0,111,180,forward,0,0,0.0,1.699850908034714,101.48943123446814
11:34:11,1.699915,101.489484,0,0,0,0,0,0,0,0,111,180,forward,0,0,0.0,1.699847908034714,101.48945823446819
11:34:13,1.699911,101.489514,0,0,0,0,0,0,0,0,111,180,forward,0,0,0.0,1.6998439080347139,101.48948823446824
11:34:16,1.699908,101.489544,0,0,0,0,0,0,0,0,110,180,forward,0,0,0.0,1.6998404687805098,101.48951940982427
11:34:18,1.699904,101.489574,0,0,0,0,0,0,0,0,110,180,forward,0,0,0.0,1.6998364687805099,101.48954940982433
11:34:20,1.6999,101.489604,0,0,0,0,0,0,0,0,111,180,forward,0,0,0.0,1.6998329080347139,101.48957823446838
11:34:22,1.699897,101.489631,0,0,0,0,0,0,0,0,110,180,forward,0,0,0.0,1.6998294687805098,101.48960640982442
11:34:24,1.699893,101.48966,0,0,0,0,0,0,0,0,110,180,forward,0,0,0.0,1.6998254687805099,101.48963540982447
11:34:26,1.699889,101.48969,0,0,0,0,0,0,0,0,110,180,forward,0,0,0.0,1.6998214687805098,101.48966540982451
11:34:28,1.699886,101.489717,0,0,0,0,0,0,0,0,110,180,forward,0,0,0.0,1.6998184687805098,101.48969240982456
11:34:31,1.699882,101.489746,0,0,0,0,0,0,0,0,110,180,forward,0,0,0.0,1.6998144687805097,101.48972140982461
11:34:33,1.699878,101.489775,0,0,0,0,0,0,0,0,110,180,forward,0,0,0.0,1.6998104687805098,101.48975040982465
11:34:35,1.699874,101.489805,0,0,0,0,0,0,0,0,110,180,forward,0,0,0.0,1.69980646878051,101.48978040982472
11:34:37,1.69987,101.489834,0,0,0,0,0,0,0,0,109,180,forward,0,0,0.0,1.6998020500969697,101.48981059267115
11:34:39,1.699866,101.489864,0,0,0,0,0,0,0,0,109,180,forward,0,0,0.0,1.6997980500969698,101.48984059267119
11:34:42,1.699861,101.489893,0,0,0,0,0,0,0,0,109,180,forward,0,0,0.0,1.6997930500969698,101.48986959267124
11:34:44,1.699857,101.489923,0,0,0,0,0,0,0,0,109,180,forward,0,0,0.0,1.6997890500969697,101.4898995926713
11:34:46,1.699853,101.489952,0,0,0,0,0,0,0,0,109,180,forward,0,0,0.0,1.6997850500969698,101.48992859267135
11:34:48,1.699848,101.489981,0,0,0,0,0,0,0,0,108,180,forward,0,0,0.0,1.6997796521116282,101.48995878264788
11:34:50,1.699845,101.49001,0,0,0,0,0,0,0,0,108,180,forward,0,0,0.0,1.6997766521116282,101.48998778264792
11:34:53,1.699841,101.49004,0,0,0,0,0,0,0,0,107,180,forward,0,0,0.0,1.6997722749457154,101.49001897939203
11:34:55,1.699837,101.490067,0,0,0,0,0,0,0,0,107,180,forward,0,0,0.0,1.6997682749457155,101.49004597939208
11:34:57,1.699834,101.490097,0,0,0,0,0,0,0,0,107,180,forward,0,0,0.0,1.6997652749457155,101.49007597939213
11:34:59,1.69983,101.490126,0,0,0,0,0,0,0,0,106,180,forward,0,0,0.0,1.69976091871412,101.49010618253932
11:35:01,1.699826,101.490155,0,0,0,0,0,0,0,0,106,180,forward,0,0,0.0,1.6997569187141202,101.49013518253936
11:35:03,1.699822,101.490183,0,0,0,0,0,0,0,0,105,180,forward,0,0,0.0,1.6997525835253535,101.49016439172316
11:35:06,1.699817,101.490212,0,0,0,0,0,0,0,0,105,180,forward,0,0,0.0,1.6997475835253535,101.4901933917232
11:35:08,1.699813,101.490241,0,0,0,0,0,0,0,0,105,180,forward,0,0,0.0,1.6997435835253536,101.49022239172324
11:35:10,1.699808,101.490268,0,0,0,0,0,0,0,0,105,180,forward,0,0,0.0,1.6997385835253536,101.49024939172328
11:35:12,1.699804,101.490296,0,0,0,0,0,0,0,0,104,180,forward,0,0,0.0,1.6997342694815176,101.49027860657532
11:35:14,1.699801,101.490323,0,0,0,0,0,0,0,0,103,180,forward,0,0,0.0,1.699730976678273,101.49030682672554
11:35:16,1.699796,101.490354,0,0,0,0,0,0,0,0,103,180,forward,0,0,0.0,1.6997259766782733,101.49033782672558
11:35:18,1.699793,101.49038,0,0,0,0,0,0,0,0,103,180,forward,0,0,0.0,1.6997229766782733,101.49036382672561
11:35:21,1.699789,101.490409,0,0,0,0,0,0,0,0,102,180,forward,0,0,0.0,1.6997187052048108,101.49039405180237
11:35:23,1.699786,101.490439,0,0,0,0,0,0,0,0,102,180,forward,0,0,0.0,1.6997157052048109,101.49042405180238
11:35:25,1.699783,101.490469,0,0,0,0,0,0,0,0,101,180,forward,0,0,0.0,1.699712455143824,101.4904552814325
11:35:27,1.69978,101.490499,0,0,0,0,0,0,0,0,101,180,forward,0,0,0.0,1.699709455143824,101.49048528143253
11:35:29,1.699777,101.490528,0,0,0,0,0,0,0,0,100,180,forward,0,0,0.0,1.6997062265714842,101.49051551524144
11:35:32,1.699774,101.490559,0,0,0,0,0,0,0,0,100,180,forward,0,0,0.0,1.699703226571484,101.49054651524146
11:35:34,1.699771,101.490589,0,0,0,0,0,0,0,0,100,180,forward,0,0,0.0,1.699700226571484,101.49057651524147
11:35:36,1.699769,101.490618,0,0,0,0,0,0,0,0,99,180,forward,0,0,0.0,1.6996980195574158,101.49060675285335
11:35:38,1.699767,101.490648,0,0,0,0,0,0,0,0,99,180,forward,0,0,0.0,1.6996960195574158,101.49063675285336
11:35:40,1.699766,101.490679,0,0,0,0,0,0,0,0,98,180,forward,0,0,0.0,1.699694834164678,101.49066899389122
11:35:43,1.699764,101.49071,0,0,0,0,0,0,0,0,98,180,forward,0,0,0.0,1.699692834164678,101.49069999389124
11:35:45,1.699763,101.49074,0,0,0,0,0,0,0,0,98,180,forward,0,0,0.0,1.6996918341646778,101.49072999389125
11:35:47,1.699761,101.490769,0,0,0,0,0,0,0,0,98,180,forward,0,0,0.0,1.699689834164678,101.49075899389125
11:35:49,1.69976,101.490799,0,0,0,0,0,0,0,0,98,180,forward,0,0,0.0,1.6996888341646779,101.49078899389126
11:35:51,1.699759,101.49083,0,0,0,0,0,0,0,0,97,180,forward,0,0,0.0,1.699687670449743,101.49082123797707
11:35:54,1.699758,101.490861,0,0,0,0,0,0,0,0,97,180,forward,0,0,0.0,1.699686670449743,101.49085223797707
11:35:56,1.699758,101.490893,0,0,0,0,0,0,0,0,97,180,forward,0,0,0.0,1.699686670449743,101.49088423797707
11:35:58,1.699757,101.490922,0,0,0,0,0,0,0,0,97,180,forward,0,0,0.0,1.699685670449743,101.49091323797708
11:36:00,1.699757,101.490954,0,0,0,0,0,0,0,0,97,180,forward,0,0,0.0,1.699685670449743,101.49094523797709
11:36:02,1.699757,101.490986,0,0,0,0,0,0,0,0,97,180,forward,0,0,0.0,1.699685670449743,101.49097723797709
11:36:04,1.699757,101.491015,0,0,0,0,0,0,0,0,97,180,forward,0,0,0.0,1.699685670449743,101.49100623797709
11:36:06,1.699757,101.491046,0,0,0,0,0,0,0,0,97,180,forward,0,0,0.0,1.699685670449743,101.49103723797708
11:36:09,1.699758,101.491078,0,0,0,0,0,0,0,0,97,180,forward,0,0,0.0,1.699686670449743,101.49106923797707
11:36:11,1.699758,101.491107,0,0,0,0,0,0,0,0,97,180,forward,0,0,0.0,1.699686670449743,101.49109823797707
11:36:13,1.699759,101.491138,0,0,0,0,0,0,0,0,97,180,forward,0,0,0.0,1.699687670449743,101.49112923797708
11:36:15,1.69976,101.491169,0,0,0,0,0,0,0,0,97,180,forward,0,0,0.0,1.699688670449743,101.49116023797707
11:36:17,1.699762,101.491198,0,0,0,0,0,0,0,0,97,180,forward,0,0,0.0,1.699690670449743,101.49118923797705
11:36:19,1.699763,101.491229,0,0,0,0,0,0,0,0,98,180,forward,0,0,0.0,1.6996918341646778,101.49121899389125
11:36:21,1.699766,101.49126,0,0,0,0,0,0,0,0,98,180,forward,0,0,0.0,1.699694834164678,101.49124999389122
11:36:23,1.699768,101.491291,0,0,0,0,0,0,0,0,98,180,forward,0,0,0.0,1.6996968341646779,101.49128099389122
11:36:26,1.69977,101.491322,0,0,0,0,0,0,0,0,98,180,forward,0,0,0.0,1.699698834164678,101.4913119938912
11:36:28,1.699772,101.491349,0,0,0,0,0,0,0,0,99,180,forward,0,0,0.0,1.6997010195574158,101.49133775285334
11:36:30,1.699775,101.49138,0,0,0,0,0,0,0,0,99,180,forward,0,0,0.0,1.6997040195574158,101.49136875285333
11:36:32,1.699777,101.491408,0,0,0,0,0,0,0,0,99,180,forward,0,0,0.0,1.6997060195574158,101.49139675285332
11:36:34,1.69978,101.491439,0,0,0,0,0,0,0,0,100,180,forward,0,0,0.0,1.6997092265714842,101.49142651524141
11:36:36,1.699782,101.491471,0,0,0,0,0,0,0,0,100,180,forward,0,0,0.0,1.699711226571484,101.4914585152414
11:36:39,1.699785,101.491502,0,0,0,0,0,0,0,0,100,180,forward,0,0,0.0,1.6997142265714842,101.49148951524138
11:36:41,1.699788,101.491533,0,0,0,0,0,0,0,0,101,180,forward,0,0,0.0,1.699717455143824,101.49151928143247
11:36:43,1.699791,101.491564,0,0,0,0,0,0,0,0,101,180,forward,0,0,0.0,1.699720455143824,101.49155028143244
11:36:45,1.699794,101.491596,0,0,0,0,0,0,0,0,101,180,forward,0,0,0.0,1.699723455143824,101.49158228143243
11:36:47,1.699796,101.491627,0,0,0,0,0,0,0,0,102,180,forward,0,0,0.0,1.699725705204811,101.4916120518023
11:36:50,1.699799,101.491658,0,0,0,0,0,0,0,0,102,180,forward,0,0,0.0,1.699728705204811,101.49164305180228
11:36:52,1.699803,101.491689,0,0,0,0,0,0,0,0,102,180,forward,0,0,0.0,1.6997327052048108,101.49167405180225
11:36:54,1.699806,101.49172,0,0,0,0,0,0,0,0,103,180,forward,0,0,0.0,1.6997359766782731,101.4917038267255
11:36:56,1.699808,101.49175,0,0,0,0,0,0,0,0,103,180,forward,0,0,0.0,1.6997379766782732,101.49173382672548
11:36:58,1.699811,101.491781,0,0,0,0,0,0,0,0,103,180,forward,0,0,0.0,1.6997409766782732,101.49176482672546
11:37:00,1.699813,101.491809,0,0,0,0,0,0,0,0,103,180,forward,0,0,0.0,1.6997429766782732,101.49179282672544
11:37:03,1.699816,101.49184,0,0,0,0,0,0,0,0,104,180,forward,0,0,0.0,1.6997462694815175,101.4918226065752
11:37:05,1.699818,101.491869,0,0,0,0,0,0,0,0,104,180,forward,0,0,0.0,1.6997482694815176,101.49185160657518
11:37:07,1.69982,101.4919,0,0,0,0,0,0,0,0,105,180,forward,0,0,0.0,1.6997505835253537,101.49188139172317
11:37:09,1.699822,101.491932,0,0,0,0,0,0,0,0,105,180,forward,0,0,0.0,1.6997525835253535,101.49191339172316
11:37:11,1.699823,101.491963,0,0,0,0,0,0,0,0,105,180,forward,0,0,0.0,1.6997535835253537,101.49194439172314
11:37:13,1.699825,101.491994,0,0,0,0,0,0,0,0,106,180,forward,0,0,0.0,1.69975591871412,101.49197418253938
11:37:16,1.699827,101.492025,0,0,0,0,0,0,0,0,106,180,forward,0,0,0.0,1.69975791871412,101.49200518253934
11:37:18,1.699829,101.492054,0,0,0,0,0,0,0,0,107,180,forward,0,0,0.0,1.6997602749457155,101.49203297939216
11:37:20,1.699831,101.492082,0,0,0,0,0,0,0,0,106,180,forward,0,0,0.0,1.6997619187141202,101.49206218253931
11:37:22,1.699833,101.492114,0,0,0,0,0,0,0,0,107,180,forward,0,0,0.0,1.6997642749457154,101.49209297939213
11:37:24,1.699835,101.492143,0,0,0,0,0,0,0,0,107,180,forward,0,0,0.0,1.6997662749457154,101.49212197939211
11:37:26,1.699837,101.492174,0,0,0,0,0,0,0,0,108,180,forward,0,0,0.0,1.6997686521116282,101.49215178264801
11:37:28,1.699838,101.492205,0,0,0,0,0,0,0,0,108,180,forward,0,0,0.0,1.6997696521116281,101.49218278264799
11:37:30,1.69984,101.492234,0,0,0,0,0,0,0,0,108,180,forward,0,0,0.0,1.6997716521116282,101.49221178264797
11:37:32,1.699842,101.492266,0,0,0,0,0,0,0,0,109,180,forward,0,0,0.0,1.6997740500969698,101.49224259267149
11:37:35,1.699844,101.492298,0,0,0,0,0,0,0,0,108,180,forward,0,0,0.0,1.699775652111628,101.49227578264792
11:37:37,1.699845,101.49233,0,0,0,0,0,0,0,0,109,180,forward,0,0,0.0,1.6997770500969698,101.49230659267144
11:37:39,1.699846,101.492359,0,0,0,0,0,0,0,0,110,180,forward,0,0,0.0,1.6997784687805098,101.49233440982506
11:37:41,1.699847,101.49239,0,0,0,0,0,0,0,0,110,180,forward,0,0,0.0,1.69977946878051,101.49236540982506
11:37:43,1.699849,101.49242,0,0,0,0,0,0,0,0,110,180,forward,0,0,0.0,1.6997814687805097,101.49239540982502
11:37:45,1.69985,101.492448,0,0,0,0,0,0,0,0,110,180,forward,0,0,0.0,1.6997824687805099,101.49242340982501
11:37:47,1.699851,101.492479,0,0,0,0,0,0,0,0,111,180,forward,0,0,0.0,1.699783908034714,101.49245323446904
11:37:50,1.699852,101.49251,0,0,0,0,0,0,0,0,111,180,forward,0,0,0.0,1.6997849080347138,101.49248423446902
11:37:52,1.699853,101.492541,0,0,0,0,0,0,0,0,111,180,forward,0,0,0.0,1.699785908034714,101.49251523446901
11:37:54,1.699854,101.492572,0,0,0,0,0,0,0,0,111,180,forward,0,0,0.0,1.6997869080347139,101.49254623446899
11:37:56,1.699855,101.492603,0,0,0,0,0,0,0,0,112,180,forward,0,0,0.0,1.6997883677257801,101.49257606696145
11:37:58,1.699855,101.492634,0,0,0,0,0,0,0,0,112,180,forward,0,0,0.0,1.6997883677257801,101.49260706696144
11:38:01,1.699855,101.492665,0,0,0,0,0,0,0,0,112,180,forward,0,0,0.0,1.6997883677257801,101.49263806696145
11:38:03,1.699855,101.492696,0,0,0,0,0,0,0,0,113,180,forward,0,0,0.0,1.6997888477136829,101.49266790765797
11:38:05,1.699854,101.492727,0,0,0,0,0,0,0,0,113,180,forward,0,0,0.0,1.699787847713683,101.492698907658
11:38:07,1.699854,101.492758,0,0,0,0,0,0,0,0,113,180,forward,0,0,0.0,1.699787847713683,101.49272990765799
11:38:09,1.699854,101.492788,0,0,0,0,0,0,0,0,113,180,forward,0,0,0.0,1.699787847713683,101.492759907658
11:38:11,1.699853,101.492816,0,0,0,0,0,0,0,0,113,180,forward,0,0,0.0,1.699786847713683,101.49278790765801
11:38:14,1.699852,101.492846,0,0,0,0,0,0,0,0,113,180,forward,0,0,0.0,1.699785847713683,101.49281790765802
11:38:16,1.699851,101.492874,0,0,0,0,0,0,0,0,113,180,forward,0,0,0.0,1.699784847713683,101.49284590765804
11:38:18,1.69985,101.492904,0,0,0,0,0,0,0,0,114,180,forward,0,0,0.0,1.699784347852213,101.49287475691177
11:38:20,1.699849,101.492934,0,0,0,0,0,0,0,0,114,180,forward,0,0,0.0,1.6997833478522129,101.4929047569118
11:38:22,1.699848,101.492962,0,0,0,0,0,0,0,0,114,180,forward,0,0,0.0,1.699782347852213,101.49293275691181
11:38:24,1.699847,101.492992,0,0,0,0,0,0,0,0,115,180,forward,0,0,0.0,1.699781867989023,101.49296161507328
11:38:26,1.699846,101.49302,0,0,0,0,0,0,0,0,115,180,forward,0,0,0.0,1.699780867989023,101.4929896150733
11:38:28,1.699845,101.49305,0,0,0,0,0,0,0,0,115,180,forward,0,0,0.0,1.699779867989023,101.49301961507331
11:38:31,1.699845,101.493081,0,0,0,0,0,0,0,0,115,180,forward,0,0,0.0,1.699779867989023,101.49305061507332
11:38:33,1.699844,101.493111,0,0,0,0,0,0,0,0,115,180,forward,0,0,0.0,1.699778867989023,101.49308061507332
11:38:35,1.699842,101.493138,0,0,0,0,0,0,0,0,115,180,forward,0,0,0.0,1.699776867989023,101.49310761507336
11:38:37,1.699841,101.493168,0,0,0,0,0,0,0,0,115,180,forward,0,0,0.0,1.699775867989023,101.49313761507337
11:38:39,1.699839,101.493197,0,0,0,0,0,0,0,0,115,180,forward,0,0,0.0,1.699773867989023,101.4931666150734
11:38:41,1.699838,101.493227,0,0,0,0,0,0,0,0,115,180,forward,0,0,0.0,1.699772867989023,101.49319661507343
11:38:43,1.699836,101.493254,0,0,0,0,0,0,0,0,115,180,forward,0,0,0.0,1.6997708679890229,101.49322361507345
11:38:46,1.699833,101.493284,0,0,0,0,0,0,0,0,115,180,forward,0,0,0.0,1.699767867989023,101.4932536150735
11:38:48,1.699831,101.493314,0,0,0,0,0,0,0,0,115,180,forward,0,0,0.0,1.699765867989023,101.49328361507352
11:38:50,1.699829,101.493341,0,0,0,0,0,0,0,0,116,180,forward,0,0,0.0,1.6997644079656749,101.49330948249057
11:38:52,1.699826,101.493368,0,0,0,0,0,0,0,0,115,180,forward,0,0,0.0,1.699760867989023,101.49333761507361
11:38:54,1.699824,101.493398,0,0,0,0,0,0,0,0,115,180,forward,0,0,0.0,1.699758867989023,101.49336761507364
11:38:56,1.699821,101.493427,0,0,0,0,0,0,0,0,115,180,forward,0,0,0.0,1.699755867989023,101.49339661507369
11:38:58,1.699818,101.493454,0,0,0,0,0,0,0,0,115,180,forward,0,0,0.0,1.699752867989023,101.49342361507374
11:39:00,1.699816,101.493483,0,0,0,0,0,0,0,0,115,180,forward,0,0,0.0,1.699750867989023,101.49345261507376
11:39:03,1.699812,101.493512,0,0,0,0,0,0,0,0,115,180,forward,0,0,0.0,1.699746867989023,101.49348161507382
11:39:05,1.699809,101.493542,0,0,0,0,0,0,0,0,115,180,forward,0,0,0.0,1.6997438679890229,101.49351161507388
11:39:07,1.699806,101.49357,0,0,0,0,0,0,0,0,115,180,forward,0,0,0.0,1.699740867989023,101.49353961507393
11:39:09,1.699803,101.493599,0,0,0,0,0,0,0,0,115,180,forward,0,0,0.0,1.699737867989023,101.49356861507397
11:39:11,1.6998,101.493628,0,0,0,0,0,0,0,0,115,180,forward,0,0,0.0,1.699734867989023,101.49359761507402
11:39:14,1.699796,101.493656,0,0,0,0,0,0,0,0,115,180,forward,0,0,0.0,1.699730867989023,101.49362561507408
11:39:16,1.699793,101.493682,0,0,0,0,0,0,0,0,115,180,forward,0,0,0.0,1.699727867989023,101.49365161507414
11:39:18,1.699789,101.493708,0,0,0,0,0,0,0,0,114,180,forward,0,0,0.0,1.699723347852213,101.4936787569127
11:39:20,1.699785,101.493736,0,0,0,0,0,0,0,0,115,180,forward,0,0,0.0,1.699719867989023,101.49370561507425
11:39:22,1.699781,101.493764,0,0,0,0,0,0,0,0,114,180,forward,0,0,0.0,1.699715347852213,101.49373475691281
11:39:24,1.699777,101.493789,0,0,0,0,0,0,0,0,114,180,forward,0,0,0.0,1.699711347852213,101.4937597569129
11:39:26,1.699774,101.493817,0,0,0,0,0,0,0,0,114,180,forward,0,0,0.0,1.6997083478522128,101.49378775691294
11:39:28,1.69977,101.493842,0,0,0,0,0,0,0,0,113,180,forward,0,0,0.0,1.699703847713683,101.49381390765922
11:39:30,1.699766,101.493871,0,0,0,0,0,0,0,0,114,180,forward,0,0,0.0,1.699700347852213,101.49384175691304
11:39:33,1.699762,101.493899,0,0,0,0,0,0,0,0,113,180,forward,0,0,0.0,1.699695847713683,101.49387090765933
11:39:35,1.699758,101.493928,0,0,0,0,0,0,0,0,114,180,forward,0,0,0.0,1.699692347852213,101.49389875691317
11:39:37,1.699753,101.493957,0,0,0,0,0,0,0,0,113,180,forward,0,0,0.0,1.699686847713683,101.49392890765945
11:39:39,1.699749,101.493986,0,0,0,0,0,0,0,0,113,180,forward,0,0,0.0,1.699682847713683,101.49395790765952
11:39:41,1.699744,101.494014,0,0,0,0,0,0,0,0,113,180,forward,0,0,0.0,1.699677847713683,101.49398590765959
11:39:44,1.69974,101.494043,0,0,0,0,0,0,0,0,113,180,forward,0,0,0.0,1.699673847713683,101.49401490765965
11:39:46,1.699736,101.494072,0,0,0,0,0,0,0,0,113,180,forward,0,0,0.0,1.699669847713683,101.4940439076597
11:39:48,1.699732,101.494097,0,0,0,0,0,0,0,0,112,180,forward,0,0,0.0,1.6996653677257803,101.49407006696316
11:39:50,1.699727,101.494126,0,0,0,0,0,0,0,0,112,180,forward,0,0,0.0,1.6996603677257802,101.49409906696323
11:39:52,1.699723,101.494152,0,0,0,0,0,0,0,0,112,180,forward,0,0,0.0,1.6996563677257803,101.49412506696329
11:39:54,1.699719,101.494181,0,0,0,0,0,0,0,0,112,180,forward,0,0,0.0,1.6996523677257802,101.49415406696335
11:39:56,1.699715,101.49421,0,0,0,0,0,0,0,0,112,180,forward,0,0,0.0,1.6996483677257803,101.49418306696339
11:39:59,1.69971,101.494238,0,0,0,0,0,0,0,0,112,180,forward,0,0,0.0,1.6996433677257803,101.49421106696346
11:40:01,1.699706,101.494267,0,0,0,0,0,0,0,0,111,180,forward,0,0,0.0,1.6996389080347138,101.49424123447096
11:40:03,1.699702,101.494294,0,0,0,0,0,0,0,0,111,180,forward,0,0,0.0,1.699634908034714,101.49426823447102
11:40:05,1.699698,101.494322,0,0,0,0,0,0,0,0,111,180,forward,0,0,0.0,1.6996309080347138,101.49429623447108
11:40:07,1.699694,101.49435,0,0,0,0,0,0,0,0,111,180,forward,0,0,0.0,1.699626908034714,101.49432423447112
11:40:10,1.69969,101.494379,0,0,0,0,0,0,0,0,111,180,forward,0,0,0.0,1.6996229080347138,101.49435323447118
11:40:12,1.699686,101.494407,0,0,0,0,0,0,0,0,111,180,forward,0,0,0.0,1.699618908034714,101.49438123447123
11:40:14,1.699682,101.494436,0,0,0,0,0,0,0,0,111,180,forward,0,0,0.0,1.6996149080347138,101.49441023447129
11:40:16,1.699679,101.494465,0,0,0,0,0,0,0,0,111,180,forward,0,0,0.0,1.6996119080347138,101.49443923447134
11:40:18,1.699676,101.494494,0,0,0,0,0,0,0,0,111,180,forward,0,0,0.0,1.6996089080347139,101.49446823447137
11:40:21,1.699672,101.494523,0,0,0,0,0,0,0,0,111,180,forward,0,0,0.0,1.699604908034714,101.49449723447142
11:40:23,1.699669,101.49455,0,0,0,0,0,0,0,0,111,180,forward,0,0,0.0,1.699601908034714,101.49452423447147
11:40:25,1.699666,101.494576,0,0,0,0,0,0,0,0,111,180,forward,0,0,0.0,1.6995989080347138,101.4945502344715
11:40:27,1.699663,101.494605,0,0,0,0,0,0,0,0,111,180,forward,0,0,0.0,1.6995959080347138,101.49457923447156
11:40:29,1.69966,101.494635,0,0,0,0,0,0,0,0,111,180,forward,0,0,0.0,1.6995929080347139,101.49460923447158
11:40:31,1.699657,101.494661,0,0,0,0,0,0,0,0,111,180,forward,0,0,0.0,1.6995899080347139,101.49463523447162
11:40:33,1.699653,101.49469,0,0,0,0,0,0,0,0,111,180,forward,0,0,0.0,1.699585908034714,101.49466423447168
11:40:35,1.699649,101.494719,0,0,0,0,0,0,0,0,111,180,forward,0,0,0.0,1.6995819080347139,101.49469323447174
11:40:38,1.699645,101.494749,0,0,0,0,0,0,0,0,112,180,forward,0,0,0.0,1.6995783677257803,101.49472206696437
11:40:40,1.699641,101.494778,0,0,0,0,0,0,0,0,111,180,forward,0,0,0.0,1.6995739080347139,101.49475223447183
11:40:42,1.699638,101.494805,0,0,0,0,0,0,0,0,112,180,forward,0,0,0.0,1.6995713677257802,101.49477806696447
11:40:44,1.699634,101.494834,0,0,0,0,0,0,0,0,112,180,forward,0,0,0.0,1.6995673677257803,101.49480706696453
11:40:46,1.699631,101.494864,0,0,0,0,0,0,0,0,112,180,forward,0,0,0.0,1.6995643677257801,101.49483706696458
11:40:48,1.699626,101.494894,0,0,0,0,0,0,0,0,112,180,forward,0,0,0.0,1.6995593677257803,101.49486706696464
11:40:50,1.699623,101.494921,0,0,0,0,0,0,0,0,113,180,forward,0,0,0.0,1.699556847713683,101.49489290766135
11:40:53,1.699619,101.49495,0,0,0,0,0,0,0,0,113,180,forward,0,0,0.0,1.699552847713683,101.4949219076614
11:40:55,1.699615,101.49498,0,0,0,0,0,0,0,0,113,180,forward,0,0,0.0,1.699548847713683,101.49495190766146
11:40:57,1.699611,101.495009,0,0,0,0,0,0,0,0,113,180,forward,0,0,0.0,1.699544847713683,101.49498090766151
11:40:59,1.699608,101.495036,0,0,0,0,0,0,0,0,113,180,forward,0,0,0.0,1.699541847713683,101.49500790766156
11:41:01,1.699604,101.495065,0,0,0,0,0,0,0,0,113,180,forward,0,0,0.0,1.6995378477136829,101.49503690766163
11:41:03,1.699601,101.495091,0,0,0,0,0,0,0,0,114,180,forward,0,0,0.0,1.6995353478522128,101.49506175691555
11:41:05,1.699597,101.49512,0,0,0,0,0,0,0,0,114,180,forward,0,0,0.0,1.699531347852213,101.4950907569156
11:41:07,1.699592,101.495147,0,0,0,0,0,0,0,0,114,180,forward,0,0,0.0,1.699526347852213,101.49511775691569
11:41:09,1.699588,101.495174,0,0,0,0,0,0,0,0,114,180,forward,0,0,0.0,1.699522347852213,101.49514475691575
11:41:12,1.699583,101.495204,0,0,0,0,0,0,0,0,114,180,forward,0,0,0.0,1.699517347852213,101.49517475691582
11:41:14,1.699579,101.495234,0,0,0,0,0,0,0,0,114,180,forward,0,0,0.0,1.6995133478522129,101.49520475691588
11:41:16,1.699574,101.495261,0,0,0,0,0,0,0,0,114,180,forward,0,0,0.0,1.6995083478522128,101.49523175691596
11:41:18,1.699569,101.49529,0,0,0,0,0,0,0,0,114,180,forward,0,0,0.0,1.699503347852213,101.49526075691603
11:41:20,1.699564,101.495319,0,0,0,0,0,0,0,0,115,180,forward,0,0,0.0,1.699498867989023,101.49528861507773
