date,val latitude,val longitude,propeller speed1,propeller speed2,propeller speed3,propeller speed4,str1 target,str2 target,str3 target,str4 target,heading,heading target,mode,position_error,dir_error,payout,lat chute,long chute
9:7:24,1.153461,103.894775,0,0,0,0,0,0,0,0,0,180,forward,0,0,0,1.1533711684715882,103.89484687978813
9:7:26,1.153461,103.894775,0,0,0,0,0,0,0,0,0,180,forward,0,0,0,1.1533711684715882,103.89484687978813
9:7:28,1.153461,103.894775,0,0,0,0,0,0,0,0,0,180,forward,0,0,0,1.1533711684715882,103.89484687978813
9:7:30,1.153461,103.894775,0,0,0,0,0,0,0,0,0,180,forward,0,0,0,1.1533711684715882,103.89484687978813
9:7:32,1.153461,103.894775,0,0,0,0,0,0,0,0,0,180,forward,0,0,0,1.1533711684715882,103.89484687978813
9:7:34,1.153461,103.894775,0,0,0,0,0,0,0,0,0,180,forward,0,0,0,1.1533711684715882,103.89484687978813
9:7:36,1.153461,103.894775,0,0,0,0,0,0,0,0,0,180,forward,0,0,0,1.1533711684715882,103.89484687978813
9:7:38,1.153461,103.894775,0,0,0,0,0,0,0,0,0,180,forward,0,0,0,1.1533711684715882,103.89484687978813
9:7:41,1.153461,103.894775,0,0,0,0,0,0,0,0,0,180,forward,0,0,0,1.1533711684715882,103.89484687978813
9:7:43,1.153461,103.894775,0,0,0,0,0,0,0,0,0,180,forward,0,0,0,1.1533711684715882,103.89484687978813
9:7:45,1.153461,103.894775,0,0,0,0,0,0,0,0,0,180,forward,0,0,0,1.1533711684715882,103.89484687978813
date,val latitude,val longitude,propeller speed1,propeller speed2,propeller speed3,propeller speed4,str1 target,str2 target,str3 target,str4 target,heading,heading target,mode,position_error,dir_error,payout,lat chute,long chute
9:8:49,1.153461,103.894775,0,0,0,0,0,0,0,0,0,180,forward,0,0,0,1.1533711684715882,103.89484687978813
9:8:51,1.153461,103.894775,0,0,0,0,0,0,0,0,0,180,forward,0,0,0,1.1533711684715882,103.89484687978813
9:8:53,1.153461,103.894775,0,0,0,0,0,0,0,0,0,180,forward,0,0,0,1.1533711684715882,103.89484687978813
9:8:55,1.153461,103.894775,0,0,0,0,0,0,0,0,0,180,forward,0,0,0,1.1533711684715882,103.89484687978813
9:8:57,1.153461,103.894775,0,0,0,0,0,0,0,0,0,180,forward,0,0,0,1.1533711684715882,103.89484687978813
9:8:59,1.153461,103.894775,0,0,0,0,0,0,0,0,0,180,forward,0,0,0,1.1533711684715882,103.89484687978813
9:9:1,1.153461,103.894775,0,0,0,0,0,0,0,0,0,180,forward,0,0,0,1.1533711684715882,103.89484687978813
9:9:3,1.153461,103.894775,0,0,0,0,0,0,0,0,0,180,forward,0,0,0,1.1533711684715882,103.89484687978813
9:9:5,1.153461,103.894775,0,0,0,0,0,0,0,0,0,180,forward,0,0,0,1.1533711684715882,103.89484687978813
9:9:8,1.153461,103.894775,0,0,0,0,0,0,0,0,0,180,forward,0,0,0,1.1533711684715882,103.89484687978813
9:9:10,1.153461,103.894775,0,0,0,0,0,0,0,0,0,180,forward,0,0,0,1.1533711684715882,103.89484687978813
9:9:12,1.153461,103.894775,0,0,0,0,0,0,0,0,0,180,forward,0,0,0,1.1533711684715882,103.89484687978813
9:9:14,1.153461,103.894775,0,0,0,0,0,0,0,0,0,180,forward,0,0,0,1.1533711684715882,103.89484687978813
9:9:16,1.153461,103.894775,0,0,0,0,0,0,0,0,0,180,forward,0,0,0,1.1533711684715882,103.89484687978813
9:9:18,1.153461,103.894775,0,0,0,0,0,0,0,0,0,180,forward,0,0,0,1.1533711684715882,103.89484687978813
9:9:20,1.153461,103.894775,0,0,0,0,0,0,0,0,0,180,forward,0,0,0,1.1533711684715882,103.89484687978813
9:9:22,1.153461,103.894775,0,0,0,0,0,0,0,0,0,180,forward,0,0,0,1.1533711684715882,103.89484687978813
9:9:24,1.153461,103.894775,0,0,0,0,0,0,0,0,0,180,forward,0,0,0,1.1533711684715882,103.89484687978813
9:9:26,1.153461,103.894775,0,0,0,0,0,0,0,0,0,180,forward,0,0,0,1.1533711684715882,103.89484687978813
9:9:28,1.153461,103.894775,0,0,0,0,0,0,0,0,0,180,forward,0,0,0,1.1533711684715882,103.89484687978813
9:9:30,1.153461,103.894775,0,0,0,0,0,0,0,0,0,180,forward,0,0,0,1.1533711684715882,103.89484687978813
9:9:32,1.153461,103.894775,0,0,0,0,0,0,0,0,0,180,forward,0,0,0,1.1533711684715882,103.89484687978813
9:9:34,1.153461,103.894775,0,0,0,0,0,0,0,0,0,180,forward,0,0,0,1.1533711684715882,103.89484687978813
9:9:36,1.153461,103.894775,0,0,0,0,0,0,0,0,0,180,forward,0,0,0,1.1533711684715882,103.89484687978813
date,val latitude,val longitude,propeller speed1,propeller speed2,propeller speed3,propeller speed4,str1 target,str2 target,str3 target,str4 target,heading,heading target,mode,position_error,dir_error,payout,lat chute,long chute
date,val latitude,val longitude,propeller speed1,propeller speed2,propeller speed3,propeller speed4,str1 target,str2 target,str3 target,str4 target,heading,heading target,mode,position_error,dir_error,payout,lat chute,long chute
date,val latitude,val longitude,propeller speed1,propeller speed2,propeller speed3,propeller speed4,str1 target,str2 target,str3 target,str4 target,heading,heading target,mode,position_error,dir_error,payout,lat chute,long chute
9:10:30,1.153461,103.894775,0,0,0,0,0,0,0,0,0,180,forward,0,0,0,1.1533711684715882,103.89484687978813
9:10:32,1.153461,103.894775,0,0,0,0,0,0,0,0,0,180,forward,0,0,0,1.1533711684715882,103.89484687978813
9:10:34,1.153461,103.894775,0,0,0,0,0,0,0,0,0,180,forward,0,0,0,1.1533711684715882,103.89484687978813
9:10:36,1.153461,103.894775,0,0,0,0,0,0,0,0,0,180,forward,0,0,0,1.1533711684715882,103.89484687978813
9:10:38,1.153461,103.894775,0,0,0,0,0,0,0,0,0,180,forward,0,0,0,1.1533711684715882,103.89484687978813
9:10:40,1.153461,103.894775,0,0,0,0,0,0,0,0,0,180,forward,0,0,0,1.1533711684715882,103.89484687978813
9:10:42,1.153461,103.894775,0,0,0,0,0,0,0,0,0,180,forward,0,0,0,1.1533711684715882,103.89484687978813
9:10:45,1.153461,103.894775,0,0,0,0,0,0,0,0,0,180,forward,0,0,0,1.1533711684715882,103.89484687978813
9:10:47,1.153461,103.894775,0,0,0,0,0,0,0,0,0,180,forward,0,0,0,1.1533711684715882,103.89484687978813
9:10:49,1.153461,103.894775,0,0,0,0,0,0,0,0,0,180,forward,0,0,0,1.1533711684715882,103.89484687978813
9:10:51,1.153461,103.894775,0,0,0,0,0,0,0,0,0,180,forward,0,0,0,1.1533711684715882,103.89484687978813
9:10:53,1.153461,103.894775,0,0,0,0,0,0,0,0,0,180,forward,0,0,0,1.1533711684715882,103.89484687978813
9:10:55,1.153461,103.894775,0,0,0,0,0,0,0,0,0,180,forward,0,0,0,1.1533711684715882,103.89484687978813
9:10:57,1.153461,103.894775,0,0,0,0,0,0,0,0,0,180,forward,0,0,0,1.1533711684715882,103.89484687978813
9:10:59,1.153461,103.894775,0,0,0,0,0,0,0,0,0,180,forward,0,0,0,1.1533711684715882,103.89484687978813
9:11:1,1.153461,103.894775,0,0,0,0,0,0,0,0,0,180,forward,0,0,0,1.1533711684715882,103.89484687978813
date,val latitude,val longitude,propeller speed1,propeller speed2,propeller speed3,propeller speed4,str1 target,str2 target,str3 target,str4 target,heading,heading target,mode,position_error,dir_error,payout,lat chute,long chute
date,val latitude,val longitude,propeller speed1,propeller speed2,propeller speed3,propeller speed4,str1 target,str2 target,str3 target,str4 target,heading,heading target,mode,position_error,dir_error,payout,lat chute,long chute
9:12:10,1.153461,103.894775,0,0,0,0,0,0,0,0,0,180,forward,0,0,0,1.1533711684715882,103.89484687978813
9:12:12,1.153461,103.894775,0,0,0,0,0,0,0,0,0,180,forward,0,0,0,1.1533711684715882,103.89484687978813
9:12:14,1.153461,103.894775,0,0,0,0,0,0,0,0,0,180,forward,0,0,0,1.1533711684715882,103.89484687978813
9:12:16,1.153461,103.894775,0,0,0,0,0,0,0,0,0,180,forward,0,0,0,1.1533711684715882,103.89484687978813
9:12:18,1.153461,103.894775,0,0,0,0,0,0,0,0,0,180,forward,0,0,0,1.1533711684715882,103.89484687978813
9:12:20,1.153461,103.894775,0,0,0,0,0,0,0,0,0,180,forward,0,0,0,1.1533711684715882,103.89484687978813
9:12:22,1.153461,103.894775,0,0,0,0,0,0,0,0,0,180,forward,0,0,0,1.1533711684715882,103.89484687978813
9:12:24,1.153461,103.894775,0,0,0,0,0,0,0,0,0,180,forward,0,0,0,1.1533711684715882,103.89484687978813
9:12:26,1.153461,103.894775,0,0,0,0,0,0,0,0,0,180,forward,0,0,0,1.1533711684715882,103.89484687978813
9:12:28,1.153461,103.894775,0,0,0,0,0,0,0,0,0,180,forward,0,0,0,1.1533711684715882,103.89484687978813
9:12:30,1.153461,103.894775,0,0,0,0,0,0,0,0,0,180,forward,0,0,0,1.1533711684715882,103.89484687978813
9:12:32,1.153461,103.894775,0,0,0,0,0,0,0,0,0,180,forward,0,0,0,1.1533711684715882,103.89484687978813
9:12:34,1.153461,103.894775,0,0,0,0,0,0,0,0,0,180,forward,0,0,0,1.1533711684715882,103.89484687978813
9:12:37,1.153461,103.894775,0,0,0,0,0,0,0,0,0,180,forward,0,0,0,1.1533711684715882,103.89484687978813
9:12:39,1.153461,103.894775,0,0,0,0,0,0,0,0,0,180,forward,0,0,0,1.1533711684715882,103.89484687978813
9:12:41,1.153461,103.894775,0,0,0,0,0,0,0,0,0,180,forward,0,0,0,1.1533711684715882,103.89484687978813
9:12:43,1.153461,103.894775,0,0,0,0,0,0,0,0,0,180,forward,0,0,0,1.1533711684715882,103.89484687978813
9:12:45,1.153461,103.894775,0,0,0,0,0,0,0,0,0,180,forward,0,0,0,1.1533711684715882,103.89484687978813
9:12:47,1.153461,103.894775,0,0,0,0,0,0,0,0,0,180,forward,0,0,0,1.1533711684715882,103.89484687978813
9:12:49,1.153461,103.894775,0,0,0,0,0,0,0,0,0,180,forward,0,0,0,1.1533711684715882,103.89484687978813
9:12:51,1.153461,103.894775,0,0,0,0,0,0,0,0,0,180,forward,0,0,0,1.1533711684715882,103.89484687978813
9:12:53,1.153461,103.894775,0,0,0,0,0,0,0,0,0,180,forward,0,0,0,1.1533711684715882,103.89484687978813
9:12:55,1.153461,103.894775,0,0,0,0,0,0,0,0,0,180,forward,0,0,0,1.1533711684715882,103.89484687978813
9:12:57,1.153461,103.894775,0,0,0,0,0,0,0,0,0,180,forward,0,0,0,1.1533711684715882,103.89484687978813
9:12:59,1.153461,103.894775,0,0,0,0,0,0,0,0,0,180,forward,0,0,0,1.1533711684715882,103.89484687978813
9:13:1,1.153461,103.894775,0,0,0,0,0,0,0,0,0,180,forward,0,0,0,1.1533711684715882,103.89484687978813
9:13:3,1.153461,103.894775,0,0,0,0,0,0,0,0,0,180,forward,0,0,0,1.1533711684715882,103.89484687978813
9:13:5,1.153461,103.894775,0,0,0,0,0,0,0,0,0,180,forward,0,0,0,1.1533711684715882,103.89484687978813
9:13:8,1.153461,103.894775,0,0,0,0,0,0,0,0,0,180,forward,0,0,0,1.1533711684715882,103.89484687978813
9:13:10,1.153461,103.894775,0,0,0,0,0,0,0,0,0,180,forward,0,0,0,1.1533711684715882,103.89484687978813
9:13:12,1.153461,103.894775,0,0,0,0,0,0,0,0,0,180,forward,0,0,0,1.1533711684715882,103.89484687978813
9:13:14,1.153461,103.894775,0,0,0,0,0,0,0,0,0,180,forward,0,0,0,1.1533711684715882,103.89484687978813
9:13:16,1.153461,103.894775,0,0,0,0,0,0,0,0,0,180,forward,0,0,0,1.1533711684715882,103.89484687978813
9:13:18,1.153461,103.894775,0,0,0,0,0,0,0,0,0,180,forward,0,0,0,1.1533711684715882,103.89484687978813
9:13:20,1.153461,103.894775,0,0,0,0,0,0,0,0,0,180,forward,0,0,0,1.1533711684715882,103.89484687978813
9:13:22,1.153461,103.894775,0,0,0,0,0,0,0,0,0,180,forward,0,0,0,1.1533711684715882,103.89484687978813
9:13:24,1.153461,103.894775,0,0,0,0,0,0,0,0,0,180,forward,0,0,0,1.1533711684715882,103.89484687978813
9:13:26,1.153461,103.894775,0,0,0,0,0,0,0,0,0,180,forward,0,0,0,1.1533711684715882,103.89484687978813
9:13:28,1.153461,103.894775,0,0,0,0,0,0,0,0,0,180,forward,0,0,0,1.1533711684715882,103.89484687978813
9:13:30,1.153461,103.894775,0,0,0,0,0,0,0,0,0,180,forward,0,0,0,1.1533711684715882,103.89484687978813
9:13:32,1.153461,103.894775,0,0,0,0,0,0,0,0,0,180,forward,0,0,0,1.1533711684715882,103.89484687978813
9:13:34,1.153461,103.894775,0,0,0,0,0,0,0,0,0,180,forward,0,0,0,1.1533711684715882,103.89484687978813
9:13:37,1.153461,103.894775,0,0,0,0,0,0,0,0,0,180,forward,0,0,0,1.1533711684715882,103.89484687978813
9:13:39,1.153461,103.894775,0,0,0,0,0,0,0,0,0,180,forward,0,0,0,1.1533711684715882,103.89484687978813
9:13:41,1.153461,103.894775,0,0,0,0,0,0,0,0,0,180,forward,0,0,0,1.1533711684715882,103.89484687978813
9:13:43,1.153461,103.894775,0,0,0,0,0,0,0,0,0,180,forward,0,0,0,1.1533711684715882,103.89484687978813
9:13:45,1.153461,103.894775,0,0,0,0,0,0,0,0,0,180,forward,0,0,0,1.1533711684715882,103.89484687978813
date,val latitude,val longitude,propeller speed1,propeller speed2,propeller speed3,propeller speed4,str1 target,str2 target,str3 target,str4 target,heading,heading target,mode,position_error,dir_error,payout,lat chute,long chute
9:13:56,1.153461,103.894775,0,0,0,0,0,0,0,0,0,180,forward,0,0,0,1.1533711684715882,103.89484687978813
9:13:58,1.153461,103.894775,0,0,0,0,0,0,0,0,0,180,forward,0,0,0,1.1533711684715882,103.89484687978813
9:14:0,1.153461,103.894775,0,0,0,0,0,0,0,0,0,180,forward,0,0,0,1.1533711684715882,103.89484687978813
9:14:2,1.153461,103.894775,0,0,0,0,0,0,0,0,0,180,forward,0,0,0,1.1533711684715882,103.89484687978813
9:14:5,1.153461,103.894775,0,0,0,0,0,0,0,0,0,180,forward,0,0,0,1.1533711684715882,103.89484687978813
9:14:7,1.153461,103.894775,0,0,0,0,0,0,0,0,0,180,forward,0,0,0,1.1533711684715882,103.89484687978813
9:14:9,1.153461,103.894775,0,0,0,0,0,0,0,0,0,180,forward,0,0,0,1.1533711684715882,103.89484687978813
9:14:11,1.153461,103.894775,0,0,0,0,0,0,0,0,0,180,forward,0,0,0,1.1533711684715882,103.89484687978813
9:14:13,1.153461,103.894775,0,0,0,0,0,0,0,0,0,180,forward,0,0,0,1.1533711684715882,103.89484687978813
9:14:15,1.153461,103.894775,0,0,0,0,0,0,0,0,0,180,forward,0,0,0,1.1533711684715882,103.89484687978813
9:14:17,1.153461,103.894775,0,0,0,0,0,0,0,0,0,180,forward,0,0,0,1.1533711684715882,103.89484687978813
9:14:19,1.153461,103.894775,0,0,0,0,0,0,0,0,0,180,forward,0,0,0,1.1533711684715882,103.89484687978813
9:14:21,1.153461,103.894775,0,0,0,0,0,0,0,0,0,180,forward,0,0,0,1.1533711684715882,103.89484687978813
9:14:23,1.153461,103.894775,0,0,0,0,0,0,0,0,0,180,forward,0,0,0,1.1533711684715882,103.89484687978813
9:14:25,1.153461,103.894775,0,0,0,0,0,0,0,0,0,180,forward,0,0,0,1.1533711684715882,103.89484687978813
9:14:27,1.153461,103.894775,0,0,0,0,0,0,0,0,0,180,forward,0,0,0,1.1533711684715882,103.89484687978813
9:14:29,1.153461,103.894775,0,0,0,0,0,0,0,0,0,180,forward,0,0,0,1.1533711684715882,103.89484687978813
9:14:31,1.153461,103.894775,0,0,0,0,0,0,0,0,0,180,forward,0,0,0,1.1533711684715882,103.89484687978813
9:14:34,1.153461,103.894775,0,0,0,0,0,0,0,0,0,180,forward,0,0,0,1.1533711684715882,103.89484687978813
9:14:36,1.153461,103.894775,0,0,0,0,0,0,0,0,0,180,forward,0,0,0,1.1533711684715882,103.89484687978813
9:14:38,1.153461,103.894775,0,0,0,0,0,0,0,0,0,180,forward,0,0,0,1.1533711684715882,103.89484687978813
9:14:40,1.153461,103.894775,0,0,0,0,0,0,0,0,0,180,forward,0,0,0,1.1533711684715882,103.89484687978813
9:14:42,1.153461,103.894775,0,0,0,0,0,0,0,0,0,180,forward,0,0,0,1.1533711684715882,103.89484687978813
9:14:44,1.153461,103.894775,0,0,0,0,0,0,0,0,0,180,forward,0,0,0,1.1533711684715882,103.89484687978813
9:14:46,1.153461,103.894775,0,0,0,0,0,0,0,0,0,180,forward,0,0,0,1.1533711684715882,103.89484687978813
9:14:48,1.153461,103.894775,0,0,0,0,0,0,0,0,0,180,forward,0,0,0,1.1533711684715882,103.89484687978813
9:14:50,1.153461,103.894775,0,0,0,0,0,0,0,0,0,180,forward,0,0,0,1.1533711684715882,103.89484687978813
9:14:52,1.153461,103.894775,0,0,0,0,0,0,0,0,0,180,forward,0,0,0,1.1533711684715882,103.89484687978813
9:14:54,1.153461,103.894775,0,0,0,0,0,0,0,0,0,180,forward,0,0,0,1.1533711684715882,103.89484687978813
9:14:57,1.153461,103.894775,0,0,0,0,0,0,0,0,0,180,forward,0,0,0,1.1533711684715882,103.89484687978813
9:14:59,1.153461,103.894775,0,0,0,0,0,0,0,0,0,180,forward,0,0,0,1.1533711684715882,103.89484687978813
9:15:1,1.153461,103.894775,0,0,0,0,0,0,0,0,0,180,forward,0,0,0,1.1533711684715882,103.89484687978813
9:15:3,1.153461,103.894775,0,0,0,0,0,0,0,0,0,180,forward,0,0,0,1.1533711684715882,103.89484687978813
9:15:5,1.153461,103.894775,0,0,0,0,0,0,0,0,0,180,forward,0,0,0,1.1533711684715882,103.89484687978813
9:15:7,1.153461,103.894775,0,0,0,0,0,0,0,0,0,180,forward,0,0,0,1.1533711684715882,103.89484687978813
9:15:9,1.153461,103.894775,0,0,0,0,0,0,0,0,0,180,forward,0,0,0,1.1533711684715882,103.89484687978813
9:15:11,1.153461,103.894775,0,0,0,0,0,0,0,0,0,180,forward,0,0,0,1.1533711684715882,103.89484687978813
9:15:13,1.153461,103.894775,0,0,0,0,0,0,0,0,0,180,forward,0,0,0,1.1533711684715882,103.89484687978813
9:15:15,1.153461,103.894775,0,0,0,0,0,0,0,0,0,180,forward,0,0,0,1.1533711684715882,103.89484687978813
9:15:17,1.153461,103.894775,0,0,0,0,0,0,0,0,0,180,forward,0,0,0,1.1533711684715882,103.89484687978813
9:15:19,1.153461,103.894775,0,0,0,0,0,0,0,0,0,180,forward,0,0,0,1.1533711684715882,103.89484687978813
9:15:22,1.153461,103.894775,0,0,0,0,0,0,0,0,0,180,forward,0,0,0,1.1533711684715882,103.89484687978813
9:15:24,1.153461,103.894775,0,0,0,0,0,0,0,0,0,180,forward,0,0,0,1.1533711684715882,103.89484687978813
9:15:26,1.153461,103.894775,0,0,0,0,0,0,0,0,0,180,forward,0,0,0,1.1533711684715882,103.89484687978813
9:15:28,1.153461,103.894775,0,0,0,0,0,0,0,0,0,180,forward,0,0,0,1.1533711684715882,103.89484687978813
9:15:30,1.153461,103.894775,0,0,0,0,0,0,0,0,0,180,forward,0,0,0,1.1533711684715882,103.89484687978813
9:15:32,1.153461,103.894775,0,0,0,0,0,0,0,0,0,180,forward,0,0,0,1.1533711684715882,103.89484687978813
9:15:34,1.153461,103.894775,0,0,0,0,0,0,0,0,0,180,forward,0,0,0,1.1533711684715882,103.89484687978813
9:15:36,1.153461,103.894775,0,0,0,0,0,0,0,0,0,180,forward,0,0,0,1.1533711684715882,103.89484687978813
9:15:38,1.153461,103.894775,0,0,0,0,0,0,0,0,0,180,forward,0,0,0,1.1533711684715882,103.89484687978813
9:15:40,1.153461,103.894775,0,0,0,0,0,0,0,0,0,180,forward,0,0,0,1.1533711684715882,103.89484687978813
9:15:42,1.153461,103.894775,0,0,0,0,0,0,0,0,0,180,forward,0,0,0,1.1533711684715882,103.89484687978813
9:15:44,1.153461,103.894775,0,0,0,0,0,0,0,0,0,180,forward,0,0,0,1.1533711684715882,103.89484687978813
9:15:46,1.153461,103.894775,0,0,0,0,0,0,0,0,0,180,forward,0,0,0,1.1533711684715882,103.89484687978813
9:15:49,1.153461,103.894775,0,0,0,0,0,0,0,0,0,180,forward,0,0,0,1.1533711684715882,103.89484687978813
9:15:51,1.153461,103.894775,0,0,0,0,0,0,0,0,0,180,forward,0,0,0,1.1533711684715882,103.89484687978813
9:15:53,1.153461,103.894775,0,0,0,0,0,0,0,0,0,180,forward,0,0,0,1.1533711684715882,103.89484687978813
9:15:55,1.153461,103.894775,0,0,0,0,0,0,0,0,0,180,forward,0,0,0,1.1533711684715882,103.89484687978813
9:15:57,1.153461,103.894775,0,0,0,0,0,0,0,0,0,180,forward,0,0,0,1.1533711684715882,103.89484687978813
9:15:59,1.153461,103.894775,0,0,0,0,0,0,0,0,0,180,forward,0,0,0,1.1533711684715882,103.89484687978813
9:16:1,1.153461,103.894775,0,0,0,0,0,0,0,0,0,180,forward,0,0,0,1.1533711684715882,103.89484687978813
9:16:3,1.153461,103.894775,0,0,0,0,0,0,0,0,0,180,forward,0,0,0,1.1533711684715882,103.89484687978813
9:16:5,1.153461,103.894775,0,0,0,0,0,0,0,0,0,180,forward,0,0,0,1.1533711684715882,103.89484687978813
9:16:7,1.153461,103.894775,0,0,0,0,0,0,0,0,0,180,forward,0,0,0,1.1533711684715882,103.89484687978813
9:16:9,1.153461,103.894775,0,0,0,0,0,0,0,0,0,180,forward,0,0,0,1.1533711684715882,103.89484687978813
9:16:11,1.153461,103.894775,0,0,0,0,0,0,0,0,0,180,forward,0,0,0,1.1533711684715882,103.89484687978813
9:16:13,1.153461,103.894775,0,0,0,0,0,0,0,0,0,180,forward,0,0,0,1.1533711684715882,103.89484687978813
9:16:15,1.153461,103.894775,0,0,0,0,0,0,0,0,0,180,forward,0,0,0,1.1533711684715882,103.89484687978813
9:16:17,1.153461,103.894775,0,0,0,0,0,0,0,0,0,180,forward,0,0,0,1.1533711684715882,103.89484687978813
9:16:19,1.153461,103.894775,0,0,0,0,0,0,0,0,0,180,forward,0,0,0,1.1533711684715882,103.89484687978813
9:16:22,1.153461,103.894775,0,0,0,0,0,0,0,0,0,180,forward,0,0,0,1.1533711684715882,103.89484687978813
9:16:24,1.153461,103.894775,0,0,0,0,0,0,0,0,0,180,forward,0,0,0,1.1533711684715882,103.89484687978813
9:16:26,1.153461,103.894775,0,0,0,0,0,0,0,0,0,180,forward,0,0,0,1.1533711684715882,103.89484687978813
9:16:28,1.153461,103.894775,0,0,0,0,0,0,0,0,0,180,forward,0,0,0,1.1533711684715882,103.89484687978813
9:16:30,1.153461,103.894775,0,0,0,0,0,0,0,0,0,180,forward,0,0,0,1.1533711684715882,103.89484687978813
9:16:32,1.153461,103.894775,0,0,0,0,0,0,0,0,0,180,forward,0,0,0,1.1533711684715882,103.89484687978813
9:16:34,1.153461,103.894775,0,0,0,0,0,0,0,0,0,180,forward,0,0,0,1.1533711684715882,103.89484687978813
9:16:36,1.153461,103.894775,0,0,0,0,0,0,0,0,0,180,forward,0,0,0,1.1533711684715882,103.89484687978813
9:16:38,1.153461,103.894775,0,0,0,0,0,0,0,0,0,180,forward,0,0,0,1.1533711684715882,103.89484687978813
9:16:40,1.153461,103.894775,0,0,0,0,0,0,0,0,0,180,forward,0,0,0,1.1533711684715882,103.89484687978813
9:16:42,1.153461,103.894775,0,0,0,0,0,0,0,0,0,180,forward,0,0,0,1.1533711684715882,103.89484687978813
9:16:44,1.153461,103.894775,0,0,0,0,0,0,0,0,0,180,forward,0,0,0,1.1533711684715882,103.89484687978813
9:16:46,1.153461,103.894775,0,0,0,0,0,0,0,0,0,180,forward,0,0,0,1.1533711684715882,103.89484687978813
9:16:48,1.153461,103.894775,0,0,0,0,0,0,0,0,0,180,forward,0,0,0,1.1533711684715882,103.89484687978813
9:16:51,1.153461,103.894775,0,0,0,0,0,0,0,0,0,180,forward,0,0,0,1.1533711684715882,103.89484687978813
9:16:53,1.153461,103.894775,0,0,0,0,0,0,0,0,0,180,forward,0,0,0,1.1533711684715882,103.89484687978813
9:16:55,1.153461,103.894775,0,0,0,0,0,0,0,0,0,180,forward,0,0,0,1.1533711684715882,103.89484687978813
9:16:57,1.153461,103.894775,0,0,0,0,0,0,0,0,0,180,forward,0,0,0,1.1533711684715882,103.89484687978813
9:16:59,1.153461,103.894775,0,0,0,0,0,0,0,0,0,180,forward,0,0,0,1.1533711684715882,103.89484687978813
9:17:1,1.153461,103.894775,0,0,0,0,0,0,0,0,0,180,forward,0,0,0,1.1533711684715882,103.89484687978813
9:17:3,1.153461,103.894775,0,0,0,0,0,0,0,0,0,180,forward,0,0,0,1.1533711684715882,103.89484687978813
9:17:5,1.153461,103.894775,0,0,0,0,0,0,0,0,0,180,forward,0,0,0,1.1533711684715882,103.89484687978813
9:17:7,1.153461,103.894775,0,0,0,0,0,0,0,0,0,180,forward,0,0,0,1.1533711684715882,103.89484687978813
9:17:9,1.153461,103.894775,0,0,0,0,0,0,0,0,0,180,forward,0,0,0,1.1533711684715882,103.89484687978813
9:17:11,1.153461,103.894775,0,0,0,0,0,0,0,0,0,180,forward,0,0,0,1.1533711684715882,103.89484687978813
9:17:13,1.153461,103.894775,0,0,0,0,0,0,0,0,0,180,forward,0,0,0,1.1533711684715882,103.89484687978813
9:17:15,1.153461,103.894775,0,0,0,0,0,0,0,0,0,180,forward,0,0,0,1.1533711684715882,103.89484687978813
9:17:17,1.153461,103.894775,0,0,0,0,0,0,0,0,0,180,forward,0,0,0,1.1533711684715882,103.89484687978813
9:17:19,1.153461,103.894775,0,0,0,0,0,0,0,0,0,180,forward,0,0,0,1.1533711684715882,103.89484687978813
9:17:21,1.153461,103.894775,0,0,0,0,0,0,0,0,0,180,forward,0,0,0,1.1533711684715882,103.89484687978813
9:17:23,1.153461,103.894775,0,0,0,0,0,0,0,0,0,180,forward,0,0,0,1.1533711684715882,103.89484687978813
9:17:25,1.153461,103.894775,0,0,0,0,0,0,0,0,0,180,forward,0,0,0,1.1533711684715882,103.89484687978813
9:17:27,1.153461,103.894775,0,0,0,0,0,0,0,0,0,180,forward,0,0,0,1.1533711684715882,103.89484687978813
9:17:30,1.153461,103.894775,0,0,0,0,0,0,0,0,0,180,forward,0,0,0,1.1533711684715882,103.89484687978813
9:17:32,1.153461,103.894775,0,0,0,0,0,0,0,0,0,180,forward,0,0,0,1.1533711684715882,103.89484687978813
9:17:34,1.153461,103.894775,0,0,0,0,0,0,0,0,0,180,forward,0,0,0,1.1533711684715882,103.89484687978813
9:17:36,1.153461,103.894775,0,0,0,0,0,0,0,0,0,180,forward,0,0,0,1.1533711684715882,103.89484687978813
9:17:38,1.153461,103.894775,0,0,0,0,0,0,0,0,0,180,forward,0,0,0,1.1533711684715882,103.89484687978813
9:17:40,1.153461,103.894775,0,0,0,0,0,0,0,0,0,180,forward,0,0,0,1.1533711684715882,103.89484687978813
9:17:42,1.153461,103.894775,0,0,0,0,0,0,0,0,0,180,forward,0,0,0,1.1533711684715882,103.89484687978813
9:17:44,1.153461,103.894775,0,0,0,0,0,0,0,0,0,180,forward,0,0,0,1.1533711684715882,103.89484687978813
9:17:46,1.153461,103.894775,0,0,0,0,0,0,0,0,0,180,forward,0,0,0,1.1533711684715882,103.89484687978813
9:17:48,1.153461,103.894775,0,0,0,0,0,0,0,0,0,180,forward,0,0,0,1.1533711684715882,103.89484687978813
9:17:50,1.153461,103.894775,0,0,0,0,0,0,0,0,0,180,forward,0,0,0,1.1533711684715882,103.89484687978813
9:17:52,1.153461,103.894775,0,0,0,0,0,0,0,0,0,180,forward,0,0,0,1.1533711684715882,103.89484687978813
9:17:54,1.153461,103.894775,0,0,0,0,0,0,0,0,0,180,forward,0,0,0,1.1533711684715882,103.89484687978813
9:17:57,1.153461,103.894775,0,0,0,0,0,0,0,0,0,180,forward,0,0,0,1.1533711684715882,103.89484687978813
9:17:59,1.153461,103.894775,0,0,0,0,0,0,0,0,0,180,forward,0,0,0,1.1533711684715882,103.89484687978813
9:18:1,1.153461,103.894775,0,0,0,0,0,0,0,0,0,180,forward,0,0,0,1.1533711684715882,103.89484687978813
9:18:3,1.153461,103.894775,0,0,0,0,0,0,0,0,0,180,forward,0,0,0,1.1533711684715882,103.89484687978813
9:18:5,1.153461,103.894775,0,0,0,0,0,0,0,0,0,180,forward,0,0,0,1.1533711684715882,103.89484687978813
9:18:7,1.153461,103.894775,0,0,0,0,0,0,0,0,0,180,forward,0,0,0,1.1533711684715882,103.89484687978813
9:18:9,1.153461,103.894775,0,0,0,0,0,0,0,0,0,180,forward,0,0,0,1.1533711684715882,103.89484687978813
9:18:11,1.153461,103.894775,0,0,0,0,0,0,0,0,0,180,forward,0,0,0,1.1533711684715882,103.89484687978813
9:18:13,1.153461,103.894775,0,0,0,0,0,0,0,0,0,180,forward,0,0,0,1.1533711684715882,103.89484687978813
9:18:15,1.153461,103.894775,0,0,0,0,0,0,0,0,0,180,forward,0,0,0,1.1533711684715882,103.89484687978813
9:18:17,1.153461,103.894775,0,0,0,0,0,0,0,0,0,180,forward,0,0,0,1.1533711684715882,103.89484687978813
9:18:19,1.153461,103.894775,0,0,0,0,0,0,0,0,0,180,forward,0,0,0,1.1533711684715882,103.89484687978813
9:18:21,1.153461,103.894775,0,0,0,0,0,0,0,0,0,180,forward,0,0,0,1.1533711684715882,103.89484687978813
9:18:23,1.153461,103.894775,0,0,0,0,0,0,0,0,0,180,forward,0,0,0,1.1533711684715882,103.89484687978813
9:18:25,1.153461,103.894775,0,0,0,0,0,0,0,0,0,180,forward,0,0,0,1.1533711684715882,103.89484687978813
9:18:28,1.153461,103.894775,0,0,0,0,0,0,0,0,0,180,forward,0,0,0,1.1533711684715882,103.89484687978813
9:18:30,1.153461,103.894775,0,0,0,0,0,0,0,0,0,180,forward,0,0,0,1.1533711684715882,103.89484687978813
9:18:32,1.153461,103.894775,0,0,0,0,0,0,0,0,0,180,forward,0,0,0,1.1533711684715882,103.89484687978813
9:18:34,1.153461,103.894775,0,0,0,0,0,0,0,0,0,180,forward,0,0,0,1.1533711684715882,103.89484687978813
9:18:36,1.153461,103.894775,0,0,0,0,0,0,0,0,0,180,forward,0,0,0,1.1533711684715882,103.89484687978813
9:18:38,1.153461,103.894775,0,0,0,0,0,0,0,0,0,180,forward,0,0,0,1.1533711684715882,103.89484687978813
9:18:40,1.153461,103.894775,0,0,0,0,0,0,0,0,0,180,forward,0,0,0,1.1533711684715882,103.89484687978813
9:18:42,1.153461,103.894775,0,0,0,0,0,0,0,0,0,180,forward,0,0,0,1.1533711684715882,103.89484687978813
9:18:44,1.153461,103.894775,0,0,0,0,0,0,0,0,0,180,forward,0,0,0,1.1533711684715882,103.89484687978813
9:18:46,1.153461,103.894775,0,0,0,0,0,0,0,0,0,180,forward,0,0,0,1.1533711684715882,103.89484687978813
9:18:48,1.153461,103.894775,0,0,0,0,0,0,0,0,0,180,forward,0,0,0,1.1533711684715882,103.89484687978813
9:18:50,1.153461,103.894775,0,0,0,0,0,0,0,0,0,180,forward,0,0,0,1.1533711684715882,103.89484687978813
9:18:52,1.153461,103.894775,0,0,0,0,0,0,0,0,0,180,forward,0,0,0,1.1533711684715882,103.89484687978813
9:18:55,1.153461,103.894775,0,0,0,0,0,0,0,0,0,180,forward,0,0,0,1.1533711684715882,103.89484687978813
9:18:57,1.153461,103.894775,0,0,0,0,0,0,0,0,0,180,forward,0,0,0,1.1533711684715882,103.89484687978813
9:18:59,1.153461,103.894775,0,0,0,0,0,0,0,0,0,180,forward,0,0,0,1.1533711684715882,103.89484687978813
9:19:1,1.153461,103.894775,0,0,0,0,0,0,0,0,0,180,forward,0,0,0,1.1533711684715882,103.89484687978813
9:19:3,1.153461,103.894775,0,0,0,0,0,0,0,0,0,180,forward,0,0,0,1.1533711684715882,103.89484687978813
9:19:5,1.153461,103.894775,0,0,0,0,0,0,0,0,0,180,forward,0,0,0,1.1533711684715882,103.89484687978813
9:19:7,1.153461,103.894775,0,0,0,0,0,0,0,0,0,180,forward,0,0,0,1.1533711684715882,103.89484687978813
9:19:9,1.153461,103.894775,0,0,0,0,0,0,0,0,0,180,forward,0,0,0,1.1533711684715882,103.89484687978813
9:19:11,1.153461,103.894775,0,0,0,0,0,0,0,0,0,180,forward,0,0,0,1.1533711684715882,103.89484687978813
9:19:13,1.153461,103.894775,0,0,0,0,0,0,0,0,0,180,forward,0,0,0,1.1533711684715882,103.89484687978813
9:19:16,1.153461,103.894775,0,0,0,0,0,0,0,0,0,180,forward,0,0,0,1.1533711684715882,103.89484687978813
9:19:18,1.153461,103.894775,0,0,0,0,0,0,0,0,0,180,forward,0,0,0,1.1533711684715882,103.89484687978813
9:19:20,1.153461,103.894775,0,0,0,0,0,0,0,0,0,180,forward,0,0,0,1.1533711684715882,103.89484687978813
9:19:22,1.153461,103.894775,0,0,0,0,0,0,0,0,0,180,forward,0,0,0,1.1533711684715882,103.89484687978813
9:19:24,1.153461,103.894775,0,0,0,0,0,0,0,0,0,180,forward,0,0,0,1.1533711684715882,103.89484687978813
9:19:26,1.153461,103.894775,0,0,0,0,0,0,0,0,0,180,forward,0,0,0,1.1533711684715882,103.89484687978813
9:19:28,1.153461,103.894775,0,0,0,0,0,0,0,0,0,180,forward,0,0,0,1.1533711684715882,103.89484687978813
9:19:30,1.153461,103.894775,0,0,0,0,0,0,0,0,0,180,forward,0,0,0,1.1533711684715882,103.89484687978813
9:19:32,1.153461,103.894775,0,0,0,0,0,0,0,0,0,180,forward,0,0,0,1.1533711684715882,103.89484687978813
9:19:34,1.153461,103.894775,0,0,0,0,0,0,0,0,0,180,forward,0,0,0,1.1533711684715882,103.89484687978813
9:19:36,1.153461,103.894775,0,0,0,0,0,0,0,0,0,180,forward,0,0,0,1.1533711684715882,103.89484687978813
9:19:39,1.153461,103.894775,0,0,0,0,0,0,0,0,0,180,forward,0,0,0,1.1533711684715882,103.89484687978813
9:19:41,1.153461,103.894775,0,0,0,0,0,0,0,0,0,180,forward,0,0,0,1.1533711684715882,103.89484687978813
9:19:43,1.153461,103.894775,0,0,0,0,0,0,0,0,0,180,forward,0,0,0,1.1533711684715882,103.89484687978813
9:19:45,1.153461,103.894775,0,0,0,0,0,0,0,0,0,180,forward,0,0,0,1.1533711684715882,103.89484687978813
9:19:47,1.153461,103.894775,0,0,0,0,0,0,0,0,0,180,forward,0,0,0,1.1533711684715882,103.89484687978813
9:19:49,1.153461,103.894775,0,0,0,0,0,0,0,0,0,180,forward,0,0,0,1.1533711684715882,103.89484687978813
9:19:51,1.153461,103.894775,0,0,0,0,0,0,0,0,0,180,forward,0,0,0,1.1533711684715882,103.89484687978813
9:19:53,1.153461,103.894775,0,0,0,0,0,0,0,0,0,180,forward,0,0,0,1.1533711684715882,103.89484687978813
9:19:55,1.153461,103.894775,0,0,0,0,0,0,0,0,0,180,forward,0,0,0,1.1533711684715882,103.89484687978813
9:19:57,1.153461,103.894775,0,0,0,0,0,0,0,0,0,180,forward,0,0,0,1.1533711684715882,103.89484687978813
9:19:59,1.153461,103.894775,0,0,0,0,0,0,0,0,0,180,forward,0,0,0,1.1533711684715882,103.89484687978813
9:20:1,1.153461,103.894775,0,0,0,0,0,0,0,0,0,180,forward,0,0,0,1.1533711684715882,103.89484687978813
9:20:3,1.153461,103.894775,0,0,0,0,0,0,0,0,0,180,forward,0,0,0,1.1533711684715882,103.89484687978813
9:20:5,1.153461,103.894775,0,0,0,0,0,0,0,0,0,180,forward,0,0,0,1.1533711684715882,103.89484687978813
9:20:7,1.153461,103.894775,0,0,0,0,0,0,0,0,0,180,forward,0,0,0,1.1533711684715882,103.89484687978813
9:20:10,1.153461,103.894775,0,0,0,0,0,0,0,0,0,180,forward,0,0,0,1.1533711684715882,103.89484687978813
9:20:12,1.153461,103.894775,0,0,0,0,0,0,0,0,0,180,forward,0,0,0,1.1533711684715882,103.89484687978813
9:20:14,1.153461,103.894775,0,0,0,0,0,0,0,0,0,180,forward,0,0,0,1.1533711684715882,103.89484687978813
9:20:16,1.153461,103.894775,0,0,0,0,0,0,0,0,0,180,forward,0,0,0,1.1533711684715882,103.89484687978813
9:20:18,1.153461,103.894775,0,0,0,0,0,0,0,0,0,180,forward,0,0,0,1.1533711684715882,103.89484687978813
9:20:20,1.153461,103.894775,0,0,0,0,0,0,0,0,0,180,forward,0,0,0,1.1533711684715882,103.89484687978813
date,val latitude,val longitude,propeller speed1,propeller speed2,propeller speed3,propeller speed4,str1 target,str2 target,str3 target,str4 target,heading,heading target,mode,position_error,dir_error,payout,lat chute,long chute
9:20:35,1.153461,103.894775,0,0,0,0,0,0,0,0,0,180,forward,0,0,0,1.1533711684715882,103.89484687978813
9:20:37,1.153461,103.894775,0,0,0,0,0,0,0,0,0,180,forward,0,0,0,1.1533711684715882,103.89484687978813
9:20:39,1.153461,103.894775,0,0,0,0,0,0,0,0,0,180,forward,0,0,0,1.1533711684715882,103.89484687978813
9:20:41,1.153461,103.894775,0,0,0,0,0,0,0,0,0,180,forward,0,0,0,1.1533711684715882,103.89484687978813
9:20:44,1.153461,103.894775,0,0,0,0,0,0,0,0,0,180,forward,0,0,0,1.1533711684715882,103.89484687978813
9:20:46,1.153461,103.894775,0,0,0,0,0,0,0,0,0,180,forward,0,0,0,1.1533711684715882,103.89484687978813
9:20:48,1.153461,103.894775,0,0,0,0,0,0,0,0,0,180,forward,0,0,0,1.1533711684715882,103.89484687978813
9:20:50,1.153461,103.894775,0,0,0,0,0,0,0,0,0,180,forward,0,0,0,1.1533711684715882,103.89484687978813
9:20:52,1.153461,103.894775,0,0,0,0,0,0,0,0,0,180,forward,0,0,0,1.1533711684715882,103.89484687978813
9:20:54,1.153461,103.894775,0,0,0,0,0,0,0,0,0,180,forward,0,0,0,1.1533711684715882,103.89484687978813
9:20:56,1.153461,103.894775,0,0,0,0,0,0,0,0,0,180,forward,0,0,0,1.1533711684715882,103.89484687978813
9:20:58,1.153461,103.894775,0,0,0,0,0,0,0,0,0,180,forward,0,0,0,1.1533711684715882,103.89484687978813
9:21:0,1.153461,103.894775,0,0,0,0,0,0,0,0,0,180,forward,0,0,0,1.1533711684715882,103.89484687978813
9:21:2,1.153461,103.894775,0,0,0,0,0,0,0,0,0,180,forward,0,0,0,1.1533711684715882,103.89484687978813
9:21:4,1.153461,103.894775,0,0,0,0,0,0,0,0,0,180,forward,0,0,0,1.1533711684715882,103.89484687978813
9:21:6,1.153461,103.894775,0,0,0,0,0,0,0,0,0,180,forward,0,0,0,1.1533711684715882,103.89484687978813
9:21:9,1.153461,103.894775,0,0,0,0,0,0,0,0,0,180,forward,0,0,0,1.1533711684715882,103.89484687978813
9:21:11,1.153461,103.894775,0,0,0,0,0,0,0,0,0,180,forward,0,0,0,1.1533711684715882,103.89484687978813
9:21:13,1.153461,103.894775,0,0,0,0,0,0,0,0,0,180,forward,0,0,0,1.1533711684715882,103.89484687978813
9:21:15,1.153461,103.894775,0,0,0,0,0,0,0,0,0,180,forward,0,0,0,1.1533711684715882,103.89484687978813
9:21:17,1.153461,103.894775,0,0,0,0,0,0,0,0,0,180,forward,0,0,0,1.1533711684715882,103.89484687978813
9:21:19,1.153461,103.894775,0,0,0,0,0,0,0,0,0,180,forward,0,0,0,1.1533711684715882,103.89484687978813
9:21:21,1.153461,103.894775,0,0,0,0,0,0,0,0,0,180,forward,0,0,0,1.1533711684715882,103.89484687978813
9:21:23,1.153461,103.894775,0,0,0,0,0,0,0,0,0,180,forward,0,0,0,1.1533711684715882,103.89484687978813
9:21:25,1.153461,103.894775,0,0,0,0,0,0,0,0,0,180,forward,0,0,0,1.1533711684715882,103.89484687978813
9:21:27,1.153461,103.894775,0,0,0,0,0,0,0,0,0,180,forward,0,0,0,1.1533711684715882,103.89484687978813
9:21:29,1.153461,103.894775,0,0,0,0,0,0,0,0,0,180,forward,0,0,0,1.1533711684715882,103.89484687978813
9:21:31,1.153461,103.894775,0,0,0,0,0,0,0,0,0,180,forward,0,0,0,1.1533711684715882,103.89484687978813
9:21:33,1.153461,103.894775,0,0,0,0,0,0,0,0,0,180,forward,0,0,0,1.1533711684715882,103.89484687978813
9:21:36,1.153461,103.894775,0,0,0,0,0,0,0,0,0,180,forward,0,0,0,1.1533711684715882,103.89484687978813
9:21:38,1.153461,103.894775,0,0,0,0,0,0,0,0,0,180,forward,0,0,0,1.1533711684715882,103.89484687978813
9:21:40,1.153461,103.894775,0,0,0,0,0,0,0,0,0,180,forward,0,0,0,1.1533711684715882,103.89484687978813
9:21:42,1.153461,103.894775,0,0,0,0,0,0,0,0,0,180,forward,0,0,0,1.1533711684715882,103.89484687978813
9:21:44,1.153461,103.894775,0,0,0,0,0,0,0,0,0,180,forward,0,0,0,1.1533711684715882,103.89484687978813
9:21:46,1.153461,103.894775,0,0,0,0,0,0,0,0,0,180,forward,0,0,0,1.1533711684715882,103.89484687978813
9:21:48,1.153461,103.894775,0,0,0,0,0,0,0,0,0,180,forward,0,0,0,1.1533711684715882,103.89484687978813
9:21:50,1.153461,103.894775,0,0,0,0,0,0,0,0,0,180,forward,0,0,0,1.1533711684715882,103.89484687978813
9:21:52,1.153461,103.894775,0,0,0,0,0,0,0,0,0,180,forward,0,0,0,1.1533711684715882,103.89484687978813
9:21:54,1.153461,103.894775,0,0,0,0,0,0,0,0,0,180,forward,0,0,0,1.1533711684715882,103.89484687978813
9:21:56,1.153461,103.894775,0,0,0,0,0,0,0,0,0,180,forward,0,0,0,1.1533711684715882,103.89484687978813
9:21:58,1.153461,103.894775,0,0,0,0,0,0,0,0,0,180,forward,0,0,0,1.1533711684715882,103.89484687978813
9:22:1,1.153461,103.894775,0,0,0,0,0,0,0,0,0,180,forward,0,0,0,1.1533711684715882,103.89484687978813
9:22:3,1.153461,103.894775,0,0,0,0,0,0,0,0,0,180,forward,0,0,0,1.1533711684715882,103.89484687978813
9:22:5,1.153461,103.894775,0,0,0,0,0,0,0,0,0,180,forward,0,0,0,1.1533711684715882,103.89484687978813
9:22:7,1.153461,103.894775,0,0,0,0,0,0,0,0,0,180,forward,0,0,0,1.1533711684715882,103.89484687978813
9:22:9,1.153461,103.894775,0,0,0,0,0,0,0,0,0,180,forward,0,0,0,1.1533711684715882,103.89484687978813
9:22:11,1.153461,103.894775,0,0,0,0,0,0,0,0,0,180,forward,0,0,0,1.1533711684715882,103.89484687978813
9:22:13,1.153461,103.894775,0,0,0,0,0,0,0,0,0,180,forward,0,0,0,1.1533711684715882,103.89484687978813
9:22:15,1.153461,103.894775,0,0,0,0,0,0,0,0,0,180,forward,0,0,0,1.1533711684715882,103.89484687978813
9:22:17,1.153461,103.894775,0,0,0,0,0,0,0,0,0,180,forward,0,0,0,1.1533711684715882,103.89484687978813
9:22:19,1.153461,103.894775,0,0,0,0,0,0,0,0,0,180,forward,0,0,0,1.1533711684715882,103.89484687978813
9:22:21,1.153461,103.894775,0,0,0,0,0,0,0,0,0,180,forward,0,0,0,1.1533711684715882,103.89484687978813
9:22:23,1.153461,103.894775,0,0,0,0,0,0,0,0,0,180,forward,0,0,0,1.1533711684715882,103.89484687978813
9:22:26,1.153461,103.894775,0,0,0,0,0,0,0,0,0,180,forward,0,0,0,1.1533711684715882,103.89484687978813
9:22:28,1.153461,103.894775,0,0,0,0,0,0,0,0,0,180,forward,0,0,0,1.1533711684715882,103.89484687978813
9:22:30,1.153461,103.894775,0,0,0,0,0,0,0,0,0,180,forward,0,0,0,1.1533711684715882,103.89484687978813
9:22:32,1.153461,103.894775,0,0,0,0,0,0,0,0,0,180,forward,0,0,0,1.1533711684715882,103.89484687978813
9:22:34,1.153461,103.894775,0,0,0,0,0,0,0,0,0,180,forward,0,0,0,1.1533711684715882,103.89484687978813
9:22:36,1.153461,103.894775,0,0,0,0,0,0,0,0,0,180,forward,0,0,0,1.1533711684715882,103.89484687978813
9:22:38,1.153461,103.894775,0,0,0,0,0,0,0,0,0,180,forward,0,0,0,1.1533711684715882,103.89484687978813
9:22:40,1.153461,103.894775,0,0,0,0,0,0,0,0,0,180,forward,0,0,0,1.1533711684715882,103.89484687978813
9:22:42,1.153461,103.894775,0,0,0,0,0,0,0,0,0,180,forward,0,0,0,1.1533711684715882,103.89484687978813
9:22:44,1.153461,103.894775,0,0,0,0,0,0,0,0,0,180,forward,0,0,0,1.1533711684715882,103.89484687978813
9:22:46,1.153461,103.894775,0,0,0,0,0,0,0,0,0,180,forward,0,0,0,1.1533711684715882,103.89484687978813
9:22:48,1.153461,103.894775,0,0,0,0,0,0,0,0,0,180,forward,0,0,0,1.1533711684715882,103.89484687978813
9:22:50,1.153461,103.894775,0,0,0,0,0,0,0,0,0,180,forward,0,0,0,1.1533711684715882,103.89484687978813
9:22:52,1.153461,103.894775,0,0,0,0,0,0,0,0,0,180,forward,0,0,0,1.1533711684715882,103.89484687978813
9:22:54,1.153461,103.894775,0,0,0,0,0,0,0,0,0,180,forward,0,0,0,1.1533711684715882,103.89484687978813
9:22:56,1.153461,103.894775,0,0,0,0,0,0,0,0,0,180,forward,0,0,0,1.1533711684715882,103.89484687978813
9:22:59,1.153461,103.894775,0,0,0,0,0,0,0,0,0,180,forward,0,0,0,1.1533711684715882,103.89484687978813
9:23:1,1.153461,103.894775,0,0,0,0,0,0,0,0,0,180,forward,0,0,0,1.1533711684715882,103.89484687978813
9:23:3,1.153461,103.894775,0,0,0,0,0,0,0,0,0,180,forward,0,0,0,1.1533711684715882,103.89484687978813
9:23:5,1.153461,103.894775,0,0,0,0,0,0,0,0,0,180,forward,0,0,0,1.1533711684715882,103.89484687978813
9:23:7,1.153461,103.894775,0,0,0,0,0,0,0,0,0,180,forward,0,0,0,1.1533711684715882,103.89484687978813
9:23:9,1.153461,103.894775,0,0,0,0,0,0,0,0,0,180,forward,0,0,0,1.1533711684715882,103.89484687978813
9:23:11,1.153461,103.894775,0,0,0,0,0,0,0,0,0,180,forward,0,0,0,1.1533711684715882,103.89484687978813
9:23:13,1.153461,103.894775,0,0,0,0,0,0,0,0,0,180,forward,0,0,0,1.1533711684715882,103.89484687978813
9:23:15,1.153461,103.894775,0,0,0,0,0,0,0,0,0,180,forward,0,0,0,1.1533711684715882,103.89484687978813
9:23:17,1.153461,103.894775,0,0,0,0,0,0,0,0,0,180,forward,0,0,0,1.1533711684715882,103.89484687978813
9:23:19,1.153461,103.894775,0,0,0,0,0,0,0,0,0,180,forward,0,0,0,1.1533711684715882,103.89484687978813
9:23:21,1.153461,103.894775,0,0,0,0,0,0,0,0,0,180,forward,0,0,0,1.1533711684715882,103.89484687978813
9:23:24,1.153461,103.894775,0,0,0,0,0,0,0,0,0,180,forward,0,0,0,1.1533711684715882,103.89484687978813
9:23:26,1.153461,103.894775,0,0,0,0,0,0,0,0,0,180,forward,0,0,0,1.1533711684715882,103.89484687978813
9:23:28,1.153461,103.894775,0,0,0,0,0,0,0,0,0,180,forward,0,0,0,1.1533711684715882,103.89484687978813
9:23:30,1.153461,103.894775,0,0,0,0,0,0,0,0,0,180,forward,0,0,0,1.1533711684715882,103.89484687978813
9:23:32,1.153461,103.894775,0,0,0,0,0,0,0,0,0,180,forward,0,0,0,1.1533711684715882,103.89484687978813
9:23:34,1.153461,103.894775,0,0,0,0,0,0,0,0,0,180,forward,0,0,0,1.1533711684715882,103.89484687978813
9:23:36,1.153461,103.894775,0,0,0,0,0,0,0,0,0,180,forward,0,0,0,1.1533711684715882,103.89484687978813
9:23:38,1.153461,103.894775,0,0,0,0,0,0,0,0,0,180,forward,0,0,0,1.1533711684715882,103.89484687978813
9:23:40,1.153461,103.894775,0,0,0,0,0,0,0,0,0,180,forward,0,0,0,1.1533711684715882,103.89484687978813
9:23:42,1.153461,103.894775,0,0,0,0,0,0,0,0,0,180,forward,0,0,0,1.1533711684715882,103.89484687978813
9:23:44,1.153461,103.894775,0,0,0,0,0,0,0,0,0,180,forward,0,0,0,1.1533711684715882,103.89484687978813
9:23:46,1.153461,103.894775,0,0,0,0,0,0,0,0,0,180,forward,0,0,0,1.1533711684715882,103.89484687978813
9:23:48,1.153461,103.894775,0,0,0,0,0,0,0,0,0,180,forward,0,0,0,1.1533711684715882,103.89484687978813
9:23:50,1.153461,103.894775,0,0,0,0,0,0,0,0,0,180,forward,0,0,0,1.1533711684715882,103.89484687978813
9:23:53,1.153461,103.894775,0,0,0,0,0,0,0,0,0,180,forward,0,0,0,1.1533711684715882,103.89484687978813
9:23:55,1.153461,103.894775,0,0,0,0,0,0,0,0,0,180,forward,0,0,0,1.1533711684715882,103.89484687978813
9:23:57,1.153461,103.894775,0,0,0,0,0,0,0,0,0,180,forward,0,0,0,1.1533711684715882,103.89484687978813
9:23:59,1.153461,103.894775,0,0,0,0,0,0,0,0,0,180,forward,0,0,0,1.1533711684715882,103.89484687978813
9:24:1,1.153461,103.894775,0,0,0,0,0,0,0,0,0,180,forward,0,0,0,1.1533711684715882,103.89484687978813
9:24:3,1.153461,103.894775,0,0,0,0,0,0,0,0,0,180,forward,0,0,0,1.1533711684715882,103.89484687978813
9:24:5,1.153461,103.894775,0,0,0,0,0,0,0,0,0,180,forward,0,0,0,1.1533711684715882,103.89484687978813
9:24:7,1.153461,103.894775,0,0,0,0,0,0,0,0,0,180,forward,0,0,0,1.1533711684715882,103.89484687978813
9:24:9,1.153461,103.894775,0,0,0,0,0,0,0,0,0,180,forward,0,0,0,1.1533711684715882,103.89484687978813
9:24:11,1.153461,103.894775,0,0,0,0,0,0,0,0,0,180,forward,0,0,0,1.1533711684715882,103.89484687978813
9:24:13,1.153461,103.894775,0,0,0,0,0,0,0,0,0,180,forward,0,0,0,1.1533711684715882,103.89484687978813
9:24:15,1.153461,103.894775,0,0,0,0,0,0,0,0,0,180,forward,0,0,0,1.1533711684715882,103.89484687978813
9:24:17,1.153461,103.894775,0,0,0,0,0,0,0,0,0,180,forward,0,0,0,1.1533711684715882,103.89484687978813
9:24:19,1.153461,103.894775,0,0,0,0,0,0,0,0,0,180,forward,0,0,0,1.1533711684715882,103.89484687978813
9:24:21,1.153461,103.894775,0,0,0,0,0,0,0,0,0,180,forward,0,0,0,1.1533711684715882,103.89484687978813
9:24:23,1.153461,103.894775,0,0,0,0,0,0,0,0,0,180,forward,0,0,0,1.1533711684715882,103.89484687978813
9:24:26,1.153461,103.894775,0,0,0,0,0,0,0,0,0,180,forward,0,0,0,1.1533711684715882,103.89484687978813
9:24:28,1.153461,103.894775,0,0,0,0,0,0,0,0,0,180,forward,0,0,0,1.1533711684715882,103.89484687978813
9:24:30,1.153461,103.894775,0,0,0,0,0,0,0,0,0,180,forward,0,0,0,1.1533711684715882,103.89484687978813
9:24:32,1.153461,103.894775,0,0,0,0,0,0,0,0,0,180,forward,0,0,0,1.1533711684715882,103.89484687978813
9:24:34,1.153461,103.894775,0,0,0,0,0,0,0,0,0,180,forward,0,0,0,1.1533711684715882,103.89484687978813
9:24:36,1.153461,103.894775,0,0,0,0,0,0,0,0,0,180,forward,0,0,0,1.1533711684715882,103.89484687978813
9:24:38,1.153461,103.894775,0,0,0,0,0,0,0,0,0,180,forward,0,0,0,1.1533711684715882,103.89484687978813
9:24:40,1.153461,103.894775,0,0,0,0,0,0,0,0,0,180,forward,0,0,0,1.1533711684715882,103.89484687978813
9:24:42,1.153461,103.894775,0,0,0,0,0,0,0,0,0,180,forward,0,0,0,1.1533711684715882,103.89484687978813
9:24:44,1.153461,103.894775,0,0,0,0,0,0,0,0,0,180,forward,0,0,0,1.1533711684715882,103.89484687978813
9:24:46,1.153461,103.894775,0,0,0,0,0,0,0,0,0,180,forward,0,0,0,1.1533711684715882,103.89484687978813
9:24:48,1.153461,103.894775,0,0,0,0,0,0,0,0,0,180,forward,0,0,0,1.1533711684715882,103.89484687978813
9:24:50,1.153461,103.894775,0,0,0,0,0,0,0,0,0,180,forward,0,0,0,1.1533711684715882,103.89484687978813
9:24:53,1.153461,103.894775,0,0,0,0,0,0,0,0,0,180,forward,0,0,0,1.1533711684715882,103.89484687978813
9:24:55,1.153461,103.894775,0,0,0,0,0,0,0,0,0,180,forward,0,0,0,1.1533711684715882,103.89484687978813
9:24:57,1.153461,103.894775,0,0,0,0,0,0,0,0,0,180,forward,0,0,0,1.1533711684715882,103.89484687978813
9:24:59,1.153461,103.894775,0,0,0,0,0,0,0,0,0,180,forward,0,0,0,1.1533711684715882,103.89484687978813
9:25:1,1.153461,103.894775,0,0,0,0,0,0,0,0,0,180,forward,0,0,0,1.1533711684715882,103.89484687978813
9:25:3,1.153461,103.894775,0,0,0,0,0,0,0,0,0,180,forward,0,0,0,1.1533711684715882,103.89484687978813
9:25:5,1.153461,103.894775,0,0,0,0,0,0,0,0,0,180,forward,0,0,0,1.1533711684715882,103.89484687978813
9:25:7,1.153461,103.894775,0,0,0,0,0,0,0,0,0,180,forward,0,0,0,1.1533711684715882,103.89484687978813
9:25:9,1.153461,103.894775,0,0,0,0,0,0,0,0,0,180,forward,0,0,0,1.1533711684715882,103.89484687978813
9:25:11,1.153461,103.894775,0,0,0,0,0,0,0,0,0,180,forward,0,0,0,1.1533711684715882,103.89484687978813
9:25:13,1.153461,103.894775,0,0,0,0,0,0,0,0,0,180,forward,0,0,0,1.1533711684715882,103.89484687978813
9:25:15,1.153461,103.894775,0,0,0,0,0,0,0,0,0,180,forward,0,0,0,1.1533711684715882,103.89484687978813
9:25:17,1.153461,103.894775,0,0,0,0,0,0,0,0,0,180,forward,0,0,0,1.1533711684715882,103.89484687978813
9:25:19,1.153461,103.894775,0,0,0,0,0,0,0,0,0,180,forward,0,0,0,1.1533711684715882,103.89484687978813
9:25:22,1.153461,103.894775,0,0,0,0,0,0,0,0,0,180,forward,0,0,0,1.1533711684715882,103.89484687978813
9:25:24,1.153461,103.894775,0,0,0,0,0,0,0,0,0,180,forward,0,0,0,1.1533711684715882,103.89484687978813
9:25:26,1.153461,103.894775,0,0,0,0,0,0,0,0,0,180,forward,0,0,0,1.1533711684715882,103.89484687978813
9:25:28,1.153461,103.894775,0,0,0,0,0,0,0,0,0,180,forward,0,0,0,1.1533711684715882,103.89484687978813
9:25:30,1.153461,103.894775,0,0,0,0,0,0,0,0,0,180,forward,0,0,0,1.1533711684715882,103.89484687978813
9:25:32,1.153461,103.894775,0,0,0,0,0,0,0,0,0,180,forward,0,0,0,1.1533711684715882,103.89484687978813
9:25:34,1.153461,103.894775,0,0,0,0,0,0,0,0,0,180,forward,0,0,0,1.1533711684715882,103.89484687978813
9:25:36,1.153461,103.894775,0,0,0,0,0,0,0,0,0,180,forward,0,0,0,1.1533711684715882,103.89484687978813
9:25:38,1.153461,103.894775,0,0,0,0,0,0,0,0,0,180,forward,0,0,0,1.1533711684715882,103.89484687978813
9:25:40,1.153461,103.894775,0,0,0,0,0,0,0,0,0,180,forward,0,0,0,1.1533711684715882,103.89484687978813
9:25:42,1.153461,103.894775,0,0,0,0,0,0,0,0,0,180,forward,0,0,0,1.1533711684715882,103.89484687978813
9:25:45,1.153461,103.894775,0,0,0,0,0,0,0,0,0,180,forward,0,0,0,1.1533711684715882,103.89484687978813
9:25:47,1.153461,103.894775,0,0,0,0,0,0,0,0,0,180,forward,0,0,0,1.1533711684715882,103.89484687978813
9:25:49,1.153461,103.894775,0,0,0,0,0,0,0,0,0,180,forward,0,0,0,1.1533711684715882,103.89484687978813
9:25:51,1.153461,103.894775,0,0,0,0,0,0,0,0,0,180,forward,0,0,0,1.1533711684715882,103.89484687978813
9:25:53,1.153461,103.894775,0,0,0,0,0,0,0,0,0,180,forward,0,0,0,1.1533711684715882,103.89484687978813
9:25:55,1.153461,103.894775,0,0,0,0,0,0,0,0,0,180,forward,0,0,0,1.1533711684715882,103.89484687978813
9:25:57,1.153461,103.894775,0,0,0,0,0,0,0,0,0,180,forward,0,0,0,1.1533711684715882,103.89484687978813
9:25:59,1.153461,103.894775,0,0,0,0,0,0,0,0,0,180,forward,0,0,0,1.1533711684715882,103.89484687978813
9:26:1,1.153461,103.894775,0,0,0,0,0,0,0,0,0,180,forward,0,0,0,1.1533711684715882,103.89484687978813
9:26:3,1.153461,103.894775,0,0,0,0,0,0,0,0,0,180,forward,0,0,0,1.1533711684715882,103.89484687978813
9:26:5,1.153461,103.894775,0,0,0,0,0,0,0,0,0,180,forward,0,0,0,1.1533711684715882,103.89484687978813
9:26:7,1.153461,103.894775,0,0,0,0,0,0,0,0,0,180,forward,0,0,0,1.1533711684715882,103.89484687978813
9:26:9,1.153461,103.894775,0,0,0,0,0,0,0,0,0,180,forward,0,0,0,1.1533711684715882,103.89484687978813
9:26:12,1.153461,103.894775,0,0,0,0,0,0,0,0,0,180,forward,0,0,0,1.1533711684715882,103.89484687978813
9:26:14,1.153461,103.894775,0,0,0,0,0,0,0,0,0,180,forward,0,0,0,1.1533711684715882,103.89484687978813
9:26:16,1.153461,103.894775,0,0,0,0,0,0,0,0,0,180,forward,0,0,0,1.1533711684715882,103.89484687978813
9:26:18,1.153461,103.894775,0,0,0,0,0,0,0,0,0,180,forward,0,0,0,1.1533711684715882,103.89484687978813
9:26:20,1.153461,103.894775,0,0,0,0,0,0,0,0,0,180,forward,0,0,0,1.1533711684715882,103.89484687978813
9:26:22,1.153461,103.894775,0,0,0,0,0,0,0,0,0,180,forward,0,0,0,1.1533711684715882,103.89484687978813
9:26:24,1.153461,103.894775,0,0,0,0,0,0,0,0,0,180,forward,0,0,0,1.1533711684715882,103.89484687978813
9:26:26,1.153461,103.894775,0,0,0,0,0,0,0,0,0,180,forward,0,0,0,1.1533711684715882,103.89484687978813
9:26:28,1.153461,103.894775,0,0,0,0,0,0,0,0,0,180,forward,0,0,0,1.1533711684715882,103.89484687978813
9:26:30,1.153461,103.894775,0,0,0,0,0,0,0,0,0,180,forward,0,0,0,1.1533711684715882,103.89484687978813
9:26:32,1.153461,103.894775,0,0,0,0,0,0,0,0,0,180,forward,0,0,0,1.1533711684715882,103.89484687978813
9:26:34,1.153461,103.894775,0,0,0,0,0,0,0,0,0,180,forward,0,0,0,1.1533711684715882,103.89484687978813
9:26:36,1.153461,103.894775,0,0,0,0,0,0,0,0,0,180,forward,0,0,0,1.1533711684715882,103.89484687978813
9:26:38,1.153461,103.894775,0,0,0,0,0,0,0,0,0,180,forward,0,0,0,1.1533711684715882,103.89484687978813
9:26:40,1.153461,103.894775,0,0,0,0,0,0,0,0,0,180,forward,0,0,0,1.1533711684715882,103.89484687978813
9:26:42,1.153461,103.894775,0,0,0,0,0,0,0,0,0,180,forward,0,0,0,1.1533711684715882,103.89484687978813
9:26:44,1.153461,103.894775,0,0,0,0,0,0,0,0,0,180,forward,0,0,0,1.1533711684715882,103.89484687978813
9:26:47,1.153461,103.894775,0,0,0,0,0,0,0,0,0,180,forward,0,0,0,1.1533711684715882,103.89484687978813
9:26:49,1.153461,103.894775,0,0,0,0,0,0,0,0,0,180,forward,0,0,0,1.1533711684715882,103.89484687978813
9:26:51,1.153461,103.894775,0,0,0,0,0,0,0,0,0,180,forward,0,0,0,1.1533711684715882,103.89484687978813
9:26:53,1.153461,103.894775,0,0,0,0,0,0,0,0,0,180,forward,0,0,0,1.1533711684715882,103.89484687978813
9:26:55,1.153461,103.894775,0,0,0,0,0,0,0,0,0,180,forward,0,0,0,1.1533711684715882,103.89484687978813
9:26:57,1.153461,103.894775,0,0,0,0,0,0,0,0,0,180,forward,0,0,0,1.1533711684715882,103.89484687978813
9:26:59,1.153461,103.894775,0,0,0,0,0,0,0,0,0,180,forward,0,0,0,1.1533711684715882,103.89484687978813
9:27:1,1.153461,103.894775,0,0,0,0,0,0,0,0,0,180,forward,0,0,0,1.1533711684715882,103.89484687978813
9:27:3,1.153461,103.894775,0,0,0,0,0,0,0,0,0,180,forward,0,0,0,1.1533711684715882,103.89484687978813
9:27:5,1.153461,103.894775,0,0,0,0,0,0,0,0,0,180,forward,0,0,0,1.1533711684715882,103.89484687978813
9:27:7,1.153461,103.894775,0,0,0,0,0,0,0,0,0,180,forward,0,0,0,1.1533711684715882,103.89484687978813
9:27:9,1.153461,103.894775,0,0,0,0,0,0,0,0,0,180,forward,0,0,0,1.1533711684715882,103.89484687978813
9:27:11,1.153461,103.894775,0,0,0,0,0,0,0,0,0,180,forward,0,0,0,1.1533711684715882,103.89484687978813
9:27:14,1.153461,103.894775,0,0,0,0,0,0,0,0,0,180,forward,0,0,0,1.1533711684715882,103.89484687978813
9:27:16,1.153461,103.894775,0,0,0,0,0,0,0,0,0,180,forward,0,0,0,1.1533711684715882,103.89484687978813
9:27:18,1.153461,103.894775,0,0,0,0,0,0,0,0,0,180,forward,0,0,0,1.1533711684715882,103.89484687978813
9:27:20,1.153461,103.894775,0,0,0,0,0,0,0,0,0,180,forward,0,0,0,1.1533711684715882,103.89484687978813
9:27:22,1.153461,103.894775,0,0,0,0,0,0,0,0,0,180,forward,0,0,0,1.1533711684715882,103.89484687978813
9:27:24,1.153461,103.894775,0,0,0,0,0,0,0,0,0,180,forward,0,0,0,1.1533711684715882,103.89484687978813
9:27:26,1.153461,103.894775,0,0,0,0,0,0,0,0,0,180,forward,0,0,0,1.1533711684715882,103.89484687978813
9:27:28,1.153461,103.894775,0,0,0,0,0,0,0,0,0,180,forward,0,0,0,1.1533711684715882,103.89484687978813
9:27:30,1.153461,103.894775,0,0,0,0,0,0,0,0,0,180,forward,0,0,0,1.1533711684715882,103.89484687978813
9:27:32,1.153461,103.894775,0,0,0,0,0,0,0,0,0,180,forward,0,0,0,1.1533711684715882,103.89484687978813
9:27:34,1.153461,103.894775,0,0,0,0,0,0,0,0,0,180,forward,0,0,0,1.1533711684715882,103.89484687978813
9:27:37,1.153461,103.894775,0,0,0,0,0,0,0,0,0,180,forward,0,0,0,1.1533711684715882,103.89484687978813
9:27:39,1.153461,103.894775,0,0,0,0,0,0,0,0,0,180,forward,0,0,0,1.1533711684715882,103.89484687978813
9:27:41,1.153461,103.894775,0,0,0,0,0,0,0,0,0,180,forward,0,0,0,1.1533711684715882,103.89484687978813
9:27:43,1.153461,103.894775,0,0,0,0,0,0,0,0,0,180,forward,0,0,0,1.1533711684715882,103.89484687978813
9:27:45,1.153461,103.894775,0,0,0,0,0,0,0,0,0,180,forward,0,0,0,1.1533711684715882,103.89484687978813
9:27:47,1.153461,103.894775,0,0,0,0,0,0,0,0,0,180,forward,0,0,0,1.1533711684715882,103.89484687978813
9:27:49,1.153461,103.894775,0,0,0,0,0,0,0,0,0,180,forward,0,0,0,1.1533711684715882,103.89484687978813
9:27:51,1.153461,103.894775,0,0,0,0,0,0,0,0,0,180,forward,0,0,0,1.1533711684715882,103.89484687978813
9:27:53,1.153461,103.894775,0,0,0,0,0,0,0,0,0,180,forward,0,0,0,1.1533711684715882,103.89484687978813
9:27:55,1.153461,103.894775,0,0,0,0,0,0,0,0,0,180,forward,0,0,0,1.1533711684715882,103.89484687978813
9:27:57,1.153461,103.894775,0,0,0,0,0,0,0,0,0,180,forward,0,0,0,1.1533711684715882,103.89484687978813
9:27:59,1.153461,103.894775,0,0,0,0,0,0,0,0,0,180,forward,0,0,0,1.1533711684715882,103.89484687978813
9:28:2,1.153461,103.894775,0,0,0,0,0,0,0,0,0,180,forward,0,0,0,1.1533711684715882,103.89484687978813
9:28:4,1.153461,103.894775,0,0,0,0,0,0,0,0,0,180,forward,0,0,0,1.1533711684715882,103.89484687978813
9:28:6,1.153461,103.894775,0,0,0,0,0,0,0,0,0,180,forward,0,0,0,1.1533711684715882,103.89484687978813
9:28:8,1.153461,103.894775,0,0,0,0,0,0,0,0,0,180,forward,0,0,0,1.1533711684715882,103.89484687978813
9:28:10,1.153461,103.894775,0,0,0,0,0,0,0,0,0,180,forward,0,0,0,1.1533711684715882,103.89484687978813
9:28:12,1.153461,103.894775,0,0,0,0,0,0,0,0,0,180,forward,0,0,0,1.1533711684715882,103.89484687978813
9:28:14,1.153461,103.894775,0,0,0,0,0,0,0,0,0,180,forward,0,0,0,1.1533711684715882,103.89484687978813
9:28:16,1.153461,103.894775,0,0,0,0,0,0,0,0,0,180,forward,0,0,0,1.1533711684715882,103.89484687978813
9:28:18,1.153461,103.894775,0,0,0,0,0,0,0,0,0,180,forward,0,0,0,1.1533711684715882,103.89484687978813
9:28:20,1.153461,103.894775,0,0,0,0,0,0,0,0,0,180,forward,0,0,0,1.1533711684715882,103.89484687978813
9:28:22,1.153461,103.894775,0,0,0,0,0,0,0,0,0,180,forward,0,0,0,1.1533711684715882,103.89484687978813
9:28:25,1.153461,103.894775,0,0,0,0,0,0,0,0,0,180,forward,0,0,0,1.1533711684715882,103.89484687978813
9:28:27,1.153461,103.894775,0,0,0,0,0,0,0,0,0,180,forward,0,0,0,1.1533711684715882,103.89484687978813
9:28:29,1.153461,103.894775,0,0,0,0,0,0,0,0,0,180,forward,0,0,0,1.1533711684715882,103.89484687978813
9:28:31,1.153461,103.894775,0,0,0,0,0,0,0,0,0,180,forward,0,0,0,1.1533711684715882,103.89484687978813
9:28:33,1.153461,103.894775,0,0,0,0,0,0,0,0,0,180,forward,0,0,0,1.1533711684715882,103.89484687978813
9:28:35,1.153461,103.894775,0,0,0,0,0,0,0,0,0,180,forward,0,0,0,1.1533711684715882,103.89484687978813
9:28:37,1.153461,103.894775,0,0,0,0,0,0,0,0,0,180,forward,0,0,0,1.1533711684715882,103.89484687978813
9:28:39,1.153461,103.894775,0,0,0,0,0,0,0,0,0,180,forward,0,0,0,1.1533711684715882,103.89484687978813
9:28:41,1.153461,103.894775,0,0,0,0,0,0,0,0,0,180,forward,0,0,0,1.1533711684715882,103.89484687978813
9:28:43,1.153461,103.894775,0,0,0,0,0,0,0,0,0,180,forward,0,0,0,1.1533711684715882,103.89484687978813
9:28:45,1.153461,103.894775,0,0,0,0,0,0,0,0,0,180,forward,0,0,0,1.1533711684715882,103.89484687978813
9:28:47,1.153461,103.894775,0,0,0,0,0,0,0,0,0,180,forward,0,0,0,1.1533711684715882,103.89484687978813
9:28:49,1.153461,103.894775,0,0,0,0,0,0,0,0,0,180,forward,0,0,0,1.1533711684715882,103.89484687978813
9:28:51,1.153461,103.894775,0,0,0,0,0,0,0,0,0,180,forward,0,0,0,1.1533711684715882,103.89484687978813
9:28:54,1.153461,103.894775,0,0,0,0,0,0,0,0,0,180,forward,0,0,0,1.1533711684715882,103.89484687978813
9:28:56,1.153461,103.894775,0,0,0,0,0,0,0,0,0,180,forward,0,0,0,1.1533711684715882,103.89484687978813
9:28:58,1.153461,103.894775,0,0,0,0,0,0,0,0,0,180,forward,0,0,0,1.1533711684715882,103.89484687978813
9:29:0,1.153461,103.894775,0,0,0,0,0,0,0,0,0,180,forward,0,0,0,1.1533711684715882,103.89484687978813
9:29:2,1.153461,103.894775,0,0,0,0,0,0,0,0,0,180,forward,0,0,0,1.1533711684715882,103.89484687978813
9:29:4,1.153461,103.894775,0,0,0,0,0,0,0,0,0,180,forward,0,0,0,1.1533711684715882,103.89484687978813
9:29:6,1.153461,103.894775,0,0,0,0,0,0,0,0,0,180,forward,0,0,0,1.1533711684715882,103.89484687978813
9:29:8,1.153461,103.894775,0,0,0,0,0,0,0,0,0,180,forward,0,0,0,1.1533711684715882,103.89484687978813
9:29:10,1.153461,103.894775,0,0,0,0,0,0,0,0,0,180,forward,0,0,0,1.1533711684715882,103.89484687978813
9:29:12,1.153461,103.894775,0,0,0,0,0,0,0,0,0,180,forward,0,0,0,1.1533711684715882,103.89484687978813
9:29:14,1.153461,103.894775,0,0,0,0,0,0,0,0,0,180,forward,0,0,0,1.1533711684715882,103.89484687978813
9:29:16,1.153461,103.894775,0,0,0,0,0,0,0,0,0,180,forward,0,0,0,1.1533711684715882,103.89484687978813
9:29:18,1.153461,103.894775,0,0,0,0,0,0,0,0,0,180,forward,0,0,0,1.1533711684715882,103.89484687978813
9:29:20,1.153461,103.894775,0,0,0,0,0,0,0,0,0,180,forward,0,0,0,1.1533711684715882,103.89484687978813
9:29:22,1.153461,103.894775,0,0,0,0,0,0,0,0,0,180,forward,0,0,0,1.1533711684715882,103.89484687978813
9:29:24,1.153461,103.894775,0,0,0,0,0,0,0,0,0,180,forward,0,0,0,1.1533711684715882,103.89484687978813
9:29:27,1.153461,103.894775,0,0,0,0,0,0,0,0,0,180,forward,0,0,0,1.1533711684715882,103.89484687978813
9:29:29,1.153461,103.894775,0,0,0,0,0,0,0,0,0,180,forward,0,0,0,1.1533711684715882,103.89484687978813
9:29:31,1.153461,103.894775,0,0,0,0,0,0,0,0,0,180,forward,0,0,0,1.1533711684715882,103.89484687978813
9:29:33,1.153461,103.894775,0,0,0,0,0,0,0,0,0,180,forward,0,0,0,1.1533711684715882,103.89484687978813
9:29:35,1.153461,103.894775,0,0,0,0,0,0,0,0,0,180,forward,0,0,0,1.1533711684715882,103.89484687978813
9:29:37,1.153461,103.894775,0,0,0,0,0,0,0,0,0,180,forward,0,0,0,1.1533711684715882,103.89484687978813
9:29:39,1.153461,103.894775,0,0,0,0,0,0,0,0,0,180,forward,0,0,0,1.1533711684715882,103.89484687978813
9:29:41,1.153461,103.894775,0,0,0,0,0,0,0,0,0,180,forward,0,0,0,1.1533711684715882,103.89484687978813
9:29:43,1.153461,103.894775,0,0,0,0,0,0,0,0,0,180,forward,0,0,0,1.1533711684715882,103.89484687978813
9:29:45,1.153461,103.894775,0,0,0,0,0,0,0,0,0,180,forward,0,0,0,1.1533711684715882,103.89484687978813
9:29:47,1.153461,103.894775,0,0,0,0,0,0,0,0,0,180,forward,0,0,0,1.1533711684715882,103.89484687978813
9:29:49,1.153461,103.894775,0,0,0,0,0,0,0,0,0,180,forward,0,0,0,1.1533711684715882,103.89484687978813
9:29:51,1.153461,103.894775,0,0,0,0,0,0,0,0,0,180,forward,0,0,0,1.1533711684715882,103.89484687978813
9:29:53,1.153461,103.894775,0,0,0,0,0,0,0,0,0,180,forward,0,0,0,1.1533711684715882,103.89484687978813
9:29:55,1.153461,103.894775,0,0,0,0,0,0,0,0,0,180,forward,0,0,0,1.1533711684715882,103.89484687978813
9:29:58,1.153461,103.894775,0,0,0,0,0,0,0,0,0,180,forward,0,0,0,1.1533711684715882,103.89484687978813
9:30:0,1.153461,103.894775,0,0,0,0,0,0,0,0,0,180,forward,0,0,0,1.1533711684715882,103.89484687978813
9:30:2,1.153461,103.894775,0,0,0,0,0,0,0,0,0,180,forward,0,0,0,1.1533711684715882,103.89484687978813
9:30:4,1.153461,103.894775,0,0,0,0,0,0,0,0,0,180,forward,0,0,0,1.1533711684715882,103.89484687978813
9:30:6,1.153461,103.894775,0,0,0,0,0,0,0,0,0,180,forward,0,0,0,1.1533711684715882,103.89484687978813
9:30:8,1.153461,103.894775,0,0,0,0,0,0,0,0,0,180,forward,0,0,0,1.1533711684715882,103.89484687978813
9:30:10,1.153461,103.894775,0,0,0,0,0,0,0,0,0,180,forward,0,0,0,1.1533711684715882,103.89484687978813
9:30:12,1.153461,103.894775,0,0,0,0,0,0,0,0,0,180,forward,0,0,0,1.1533711684715882,103.89484687978813
9:30:14,1.153461,103.894775,0,0,0,0,0,0,0,0,0,180,forward,0,0,0,1.1533711684715882,103.89484687978813
9:30:16,1.153461,103.894775,0,0,0,0,0,0,0,0,0,180,forward,0,0,0,1.1533711684715882,103.89484687978813
9:30:18,1.153461,103.894775,0,0,0,0,0,0,0,0,0,180,forward,0,0,0,1.1533711684715882,103.89484687978813
9:30:20,1.153461,103.894775,0,0,0,0,0,0,0,0,0,180,forward,0,0,0,1.1533711684715882,103.89484687978813
9:30:22,1.153461,103.894775,0,0,0,0,0,0,0,0,0,180,forward,0,0,0,1.1533711684715882,103.89484687978813
9:30:24,1.153461,103.894775,0,0,0,0,0,0,0,0,0,180,forward,0,0,0,1.1533711684715882,103.89484687978813
9:30:26,1.153461,103.894775,0,0,0,0,0,0,0,0,0,180,forward,0,0,0,1.1533711684715882,103.89484687978813
9:30:28,1.153461,103.894775,0,0,0,0,0,0,0,0,0,180,forward,0,0,0,1.1533711684715882,103.89484687978813
9:30:31,1.153461,103.894775,0,0,0,0,0,0,0,0,0,180,forward,0,0,0,1.1533711684715882,103.89484687978813
9:30:33,1.153461,103.894775,0,0,0,0,0,0,0,0,0,180,forward,0,0,0,1.1533711684715882,103.89484687978813
9:30:35,1.153461,103.894775,0,0,0,0,0,0,0,0,0,180,forward,0,0,0,1.1533711684715882,103.89484687978813
9:30:37,1.153461,103.894775,0,0,0,0,0,0,0,0,0,180,forward,0,0,0,1.1533711684715882,103.89484687978813
9:30:39,1.153461,103.894775,0,0,0,0,0,0,0,0,0,180,forward,0,0,0,1.1533711684715882,103.89484687978813
9:30:41,1.153461,103.894775,0,0,0,0,0,0,0,0,0,180,forward,0,0,0,1.1533711684715882,103.89484687978813
9:30:43,1.153461,103.894775,0,0,0,0,0,0,0,0,0,180,forward,0,0,0,1.1533711684715882,103.89484687978813
9:30:45,1.153461,103.894775,0,0,0,0,0,0,0,0,0,180,forward,0,0,0,1.1533711684715882,103.89484687978813
9:30:47,1.153461,103.894775,0,0,0,0,0,0,0,0,0,180,forward,0,0,0,1.1533711684715882,103.89484687978813
9:30:49,1.153461,103.894775,0,0,0,0,0,0,0,0,0,180,forward,0,0,0,1.1533711684715882,103.89484687978813
9:30:51,1.153461,103.894775,0,0,0,0,0,0,0,0,0,180,forward,0,0,0,1.1533711684715882,103.89484687978813
9:30:53,1.153461,103.894775,0,0,0,0,0,0,0,0,0,180,forward,0,0,0,1.1533711684715882,103.89484687978813
9:30:55,1.153461,103.894775,0,0,0,0,0,0,0,0,0,180,forward,0,0,0,1.1533711684715882,103.89484687978813
9:30:57,1.153461,103.894775,0,0,0,0,0,0,0,0,0,180,forward,0,0,0,1.1533711684715882,103.89484687978813
9:30:59,1.153461,103.894775,0,0,0,0,0,0,0,0,0,180,forward,0,0,0,1.1533711684715882,103.89484687978813
9:31:1,1.153461,103.894775,0,0,0,0,0,0,0,0,0,180,forward,0,0,0,1.1533711684715882,103.89484687978813
9:31:4,1.153461,103.894775,0,0,0,0,0,0,0,0,0,180,forward,0,0,0,1.1533711684715882,103.89484687978813
9:31:6,1.153461,103.894775,0,0,0,0,0,0,0,0,0,180,forward,0,0,0,1.1533711684715882,103.89484687978813
9:31:8,1.153461,103.894775,0,0,0,0,0,0,0,0,0,180,forward,0,0,0,1.1533711684715882,103.89484687978813
9:31:10,1.153461,103.894775,0,0,0,0,0,0,0,0,0,180,forward,0,0,0,1.1533711684715882,103.89484687978813
9:31:12,1.153461,103.894775,0,0,0,0,0,0,0,0,0,180,forward,0,0,0,1.1533711684715882,103.89484687978813
9:31:14,1.153461,103.894775,0,0,0,0,0,0,0,0,0,180,forward,0,0,0,1.1533711684715882,103.89484687978813
9:31:16,1.153461,103.894775,0,0,0,0,0,0,0,0,0,180,forward,0,0,0,1.1533711684715882,103.89484687978813
9:31:18,1.153461,103.894775,0,0,0,0,0,0,0,0,0,180,forward,0,0,0,1.1533711684715882,103.89484687978813
9:31:20,1.153461,103.894775,0,0,0,0,0,0,0,0,0,180,forward,0,0,0,1.1533711684715882,103.89484687978813
9:31:22,1.153461,103.894775,0,0,0,0,0,0,0,0,0,180,forward,0,0,0,1.1533711684715882,103.89484687978813
9:31:24,1.153461,103.894775,0,0,0,0,0,0,0,0,0,180,forward,0,0,0,1.1533711684715882,103.89484687978813
9:31:26,1.153461,103.894775,0,0,0,0,0,0,0,0,0,180,forward,0,0,0,1.1533711684715882,103.89484687978813
9:31:28,1.153461,103.894775,0,0,0,0,0,0,0,0,0,180,forward,0,0,0,1.1533711684715882,103.89484687978813
9:31:31,1.153461,103.894775,0,0,0,0,0,0,0,0,0,180,forward,0,0,0,1.1533711684715882,103.89484687978813
9:31:33,1.153461,103.894775,0,0,0,0,0,0,0,0,0,180,forward,0,0,0,1.1533711684715882,103.89484687978813
9:31:35,1.153461,103.894775,0,0,0,0,0,0,0,0,0,180,forward,0,0,0,1.1533711684715882,103.89484687978813
9:31:37,1.153461,103.894775,0,0,0,0,0,0,0,0,0,180,forward,0,0,0,1.1533711684715882,103.89484687978813
9:31:39,1.153461,103.894775,0,0,0,0,0,0,0,0,0,180,forward,0,0,0,1.1533711684715882,103.89484687978813
9:31:41,1.153461,103.894775,0,0,0,0,0,0,0,0,0,180,forward,0,0,0,1.1533711684715882,103.89484687978813
9:31:43,1.153461,103.894775,0,0,0,0,0,0,0,0,0,180,forward,0,0,0,1.1533711684715882,103.89484687978813
9:31:45,1.153461,103.894775,0,0,0,0,0,0,0,0,0,180,forward,0,0,0,1.1533711684715882,103.89484687978813
9:31:47,1.153461,103.894775,0,0,0,0,0,0,0,0,0,180,forward,0,0,0,1.1533711684715882,103.89484687978813
9:31:49,1.153461,103.894775,0,0,0,0,0,0,0,0,0,180,forward,0,0,0,1.1533711684715882,103.89484687978813
9:31:51,1.153461,103.894775,0,0,0,0,0,0,0,0,0,180,forward,0,0,0,1.1533711684715882,103.89484687978813
9:31:53,1.153461,103.894775,0,0,0,0,0,0,0,0,0,180,forward,0,0,0,1.1533711684715882,103.89484687978813
9:31:56,1.153461,103.894775,0,0,0,0,0,0,0,0,0,180,forward,0,0,0,1.1533711684715882,103.89484687978813
9:31:58,1.153461,103.894775,0,0,0,0,0,0,0,0,0,180,forward,0,0,0,1.1533711684715882,103.89484687978813
9:32:0,1.153461,103.894775,0,0,0,0,0,0,0,0,0,180,forward,0,0,0,1.1533711684715882,103.89484687978813
9:32:2,1.153461,103.894775,0,0,0,0,0,0,0,0,0,180,forward,0,0,0,1.1533711684715882,103.89484687978813
9:32:4,1.153461,103.894775,0,0,0,0,0,0,0,0,0,180,forward,0,0,0,1.1533711684715882,103.89484687978813
9:32:6,1.153461,103.894775,0,0,0,0,0,0,0,0,0,180,forward,0,0,0,1.1533711684715882,103.89484687978813
9:32:8,1.153461,103.894775,0,0,0,0,0,0,0,0,0,180,forward,0,0,0,1.1533711684715882,103.89484687978813
9:32:10,1.153461,103.894775,0,0,0,0,0,0,0,0,0,180,forward,0,0,0,1.1533711684715882,103.89484687978813
9:32:12,1.153461,103.894775,0,0,0,0,0,0,0,0,0,180,forward,0,0,0,1.1533711684715882,103.89484687978813
9:32:14,1.153461,103.894775,0,0,0,0,0,0,0,0,0,180,forward,0,0,0,1.1533711684715882,103.89484687978813
9:32:16,1.153461,103.894775,0,0,0,0,0,0,0,0,0,180,forward,0,0,0,1.1533711684715882,103.89484687978813
9:32:18,1.153461,103.894775,0,0,0,0,0,0,0,0,0,180,forward,0,0,0,1.1533711684715882,103.89484687978813
9:32:20,1.153461,103.894775,0,0,0,0,0,0,0,0,0,180,forward,0,0,0,1.1533711684715882,103.89484687978813
9:32:22,1.153461,103.894775,0,0,0,0,0,0,0,0,0,180,forward,0,0,0,1.1533711684715882,103.89484687978813
9:32:24,1.153461,103.894775,0,0,0,0,0,0,0,0,0,180,forward,0,0,0,1.1533711684715882,103.89484687978813
9:32:26,1.153461,103.894775,0,0,0,0,0,0,0,0,0,180,forward,0,0,0,1.1533711684715882,103.89484687978813
9:32:29,1.153461,103.894775,0,0,0,0,0,0,0,0,0,180,forward,0,0,0,1.1533711684715882,103.89484687978813
9:32:31,1.153461,103.894775,0,0,0,0,0,0,0,0,0,180,forward,0,0,0,1.1533711684715882,103.89484687978813
9:32:33,1.153461,103.894775,0,0,0,0,0,0,0,0,0,180,forward,0,0,0,1.1533711684715882,103.89484687978813
9:32:35,1.153461,103.894775,0,0,0,0,0,0,0,0,0,180,forward,0,0,0,1.1533711684715882,103.89484687978813
9:32:37,1.153461,103.894775,0,0,0,0,0,0,0,0,0,180,forward,0,0,0,1.1533711684715882,103.89484687978813
9:32:39,1.153461,103.894775,0,0,0,0,0,0,0,0,0,180,forward,0,0,0,1.1533711684715882,103.89484687978813
9:32:41,1.153461,103.894775,0,0,0,0,0,0,0,0,0,180,forward,0,0,0,1.1533711684715882,103.89484687978813
9:32:43,1.153461,103.894775,0,0,0,0,0,0,0,0,0,180,forward,0,0,0,1.1533711684715882,103.89484687978813
9:32:45,1.153461,103.894775,0,0,0,0,0,0,0,0,0,180,forward,0,0,0,1.1533711684715882,103.89484687978813
9:32:47,1.153461,103.894775,0,0,0,0,0,0,0,0,0,180,forward,0,0,0,1.1533711684715882,103.89484687978813
9:32:49,1.153461,103.894775,0,0,0,0,0,0,0,0,0,180,forward,0,0,0,1.1533711684715882,103.89484687978813
9:32:51,1.153461,103.894775,0,0,0,0,0,0,0,0,0,180,forward,0,0,0,1.1533711684715882,103.89484687978813
9:32:54,1.153461,103.894775,0,0,0,0,0,0,0,0,0,180,forward,0,0,0,1.1533711684715882,103.89484687978813
9:32:56,1.153461,103.894775,0,0,0,0,0,0,0,0,0,180,forward,0,0,0,1.1533711684715882,103.89484687978813
9:32:58,1.153461,103.894775,0,0,0,0,0,0,0,0,0,180,forward,0,0,0,1.1533711684715882,103.89484687978813
9:33:0,1.153461,103.894775,0,0,0,0,0,0,0,0,0,180,forward,0,0,0,1.1533711684715882,103.89484687978813
9:33:2,1.153461,103.894775,0,0,0,0,0,0,0,0,0,180,forward,0,0,0,1.1533711684715882,103.89484687978813
9:33:4,1.153461,103.894775,0,0,0,0,0,0,0,0,0,180,forward,0,0,0,1.1533711684715882,103.89484687978813
9:33:6,1.153461,103.894775,0,0,0,0,0,0,0,0,0,180,forward,0,0,0,1.1533711684715882,103.89484687978813
9:33:8,1.153461,103.894775,0,0,0,0,0,0,0,0,0,180,forward,0,0,0,1.1533711684715882,103.89484687978813
9:33:10,1.153461,103.894775,0,0,0,0,0,0,0,0,0,180,forward,0,0,0,1.1533711684715882,103.89484687978813
9:33:12,1.153461,103.894775,0,0,0,0,0,0,0,0,0,180,forward,0,0,0,1.1533711684715882,103.89484687978813
9:33:14,1.153461,103.894775,0,0,0,0,0,0,0,0,0,180,forward,0,0,0,1.1533711684715882,103.89484687978813
9:33:16,1.153461,103.894775,0,0,0,0,0,0,0,0,0,180,forward,0,0,0,1.1533711684715882,103.89484687978813
9:33:18,1.153461,103.894775,0,0,0,0,0,0,0,0,0,180,forward,0,0,0,1.1533711684715882,103.89484687978813
9:33:21,1.153461,103.894775,0,0,0,0,0,0,0,0,0,180,forward,0,0,0,1.1533711684715882,103.89484687978813
9:33:23,1.153461,103.894775,0,0,0,0,0,0,0,0,0,180,forward,0,0,0,1.1533711684715882,103.89484687978813
9:33:25,1.153461,103.894775,0,0,0,0,0,0,0,0,0,180,forward,0,0,0,1.1533711684715882,103.89484687978813
9:33:27,1.153461,103.894775,0,0,0,0,0,0,0,0,0,180,forward,0,0,0,1.1533711684715882,103.89484687978813
9:33:29,1.153461,103.894775,0,0,0,0,0,0,0,0,0,180,forward,0,0,0,1.1533711684715882,103.89484687978813
9:33:31,1.153461,103.894775,0,0,0,0,0,0,0,0,0,180,forward,0,0,0,1.1533711684715882,103.89484687978813
9:33:33,1.153461,103.894775,0,0,0,0,0,0,0,0,0,180,forward,0,0,0,1.1533711684715882,103.89484687978813
9:33:35,1.153461,103.894775,0,0,0,0,0,0,0,0,0,180,forward,0,0,0,1.1533711684715882,103.89484687978813
9:33:37,1.153461,103.894775,0,0,0,0,0,0,0,0,0,180,forward,0,0,0,1.1533711684715882,103.89484687978813
9:33:39,1.153461,103.894775,0,0,0,0,0,0,0,0,0,180,forward,0,0,0,1.1533711684715882,103.89484687978813
9:33:41,1.153461,103.894775,0,0,0,0,0,0,0,0,0,180,forward,0,0,0,1.1533711684715882,103.89484687978813
9:33:43,1.153461,103.894775,0,0,0,0,0,0,0,0,0,180,forward,0,0,0,1.1533711684715882,103.89484687978813
9:33:45,1.153461,103.894775,0,0,0,0,0,0,0,0,0,180,forward,0,0,0,1.1533711684715882,103.89484687978813
9:33:47,1.153461,103.894775,0,0,0,0,0,0,0,0,0,180,forward,0,0,0,1.1533711684715882,103.89484687978813
9:33:49,1.153461,103.894775,0,0,0,0,0,0,0,0,0,180,forward,0,0,0,1.1533711684715882,103.89484687978813
9:33:52,1.153461,103.894775,0,0,0,0,0,0,0,0,0,180,forward,0,0,0,1.1533711684715882,103.89484687978813
9:33:54,1.153461,103.894775,0,0,0,0,0,0,0,0,0,180,forward,0,0,0,1.1533711684715882,103.89484687978813
9:33:56,1.153461,103.894775,0,0,0,0,0,0,0,0,0,180,forward,0,0,0,1.1533711684715882,103.89484687978813
9:33:58,1.153461,103.894775,0,0,0,0,0,0,0,0,0,180,forward,0,0,0,1.1533711684715882,103.89484687978813
9:34:0,1.153461,103.894775,0,0,0,0,0,0,0,0,0,180,forward,0,0,0,1.1533711684715882,103.89484687978813
9:34:2,1.153461,103.894775,0,0,0,0,0,0,0,0,0,180,forward,0,0,0,1.1533711684715882,103.89484687978813
9:34:4,1.153461,103.894775,0,0,0,0,0,0,0,0,0,180,forward,0,0,0,1.1533711684715882,103.89484687978813
9:34:6,1.153461,103.894775,0,0,0,0,0,0,0,0,0,180,forward,0,0,0,1.1533711684715882,103.89484687978813
9:34:8,1.153461,103.894775,0,0,0,0,0,0,0,0,0,180,forward,0,0,0,1.1533711684715882,103.89484687978813
9:34:10,1.153461,103.894775,0,0,0,0,0,0,0,0,0,180,forward,0,0,0,1.1533711684715882,103.89484687978813
9:34:12,1.153461,103.894775,0,0,0,0,0,0,0,0,0,180,forward,0,0,0,1.1533711684715882,103.89484687978813
9:34:14,1.153461,103.894775,0,0,0,0,0,0,0,0,0,180,forward,0,0,0,1.1533711684715882,103.89484687978813
9:34:16,1.153461,103.894775,0,0,0,0,0,0,0,0,0,180,forward,0,0,0,1.1533711684715882,103.89484687978813
9:34:18,1.153461,103.894775,0,0,0,0,0,0,0,0,0,180,forward,0,0,0,1.1533711684715882,103.89484687978813
9:34:21,1.153461,103.894775,0,0,0,0,0,0,0,0,0,180,forward,0,0,0,1.1533711684715882,103.89484687978813
9:34:23,1.153461,103.894775,0,0,0,0,0,0,0,0,0,180,forward,0,0,0,1.1533711684715882,103.89484687978813
9:34:25,1.153461,103.894775,0,0,0,0,0,0,0,0,0,180,forward,0,0,0,1.1533711684715882,103.89484687978813
9:34:27,1.153461,103.894775,0,0,0,0,0,0,0,0,0,180,forward,0,0,0,1.1533711684715882,103.89484687978813
9:34:29,1.153461,103.894775,0,0,0,0,0,0,0,0,0,180,forward,0,0,0,1.1533711684715882,103.89484687978813
9:34:31,1.153461,103.894775,0,0,0,0,0,0,0,0,0,180,forward,0,0,0,1.1533711684715882,103.89484687978813
9:34:33,1.153461,103.894775,0,0,0,0,0,0,0,0,0,180,forward,0,0,0,1.1533711684715882,103.89484687978813
9:34:35,1.153461,103.894775,0,0,0,0,0,0,0,0,0,180,forward,0,0,0,1.1533711684715882,103.89484687978813
9:34:37,1.153461,103.894775,0,0,0,0,0,0,0,0,0,180,forward,0,0,0,1.1533711684715882,103.89484687978813
9:34:39,1.153461,103.894775,0,0,0,0,0,0,0,0,0,180,forward,0,0,0,1.1533711684715882,103.89484687978813
9:34:41,1.153461,103.894775,0,0,0,0,0,0,0,0,0,180,forward,0,0,0,1.1533711684715882,103.89484687978813
9:34:43,1.153461,103.894775,0,0,0,0,0,0,0,0,0,180,forward,0,0,0,1.1533711684715882,103.89484687978813
9:34:46,1.153461,103.894775,0,0,0,0,0,0,0,0,0,180,forward,0,0,0,1.1533711684715882,103.89484687978813
9:34:48,1.153461,103.894775,0,0,0,0,0,0,0,0,0,180,forward,0,0,0,1.1533711684715882,103.89484687978813
9:34:50,1.153461,103.894775,0,0,0,0,0,0,0,0,0,180,forward,0,0,0,1.1533711684715882,103.89484687978813
9:34:52,1.153461,103.894775,0,0,0,0,0,0,0,0,0,180,forward,0,0,0,1.1533711684715882,103.89484687978813
9:34:54,1.153461,103.894775,0,0,0,0,0,0,0,0,0,180,forward,0,0,0,1.1533711684715882,103.89484687978813
9:34:56,1.153461,103.894775,0,0,0,0,0,0,0,0,0,180,forward,0,0,0,1.1533711684715882,103.89484687978813
9:34:58,1.153461,103.894775,0,0,0,0,0,0,0,0,0,180,forward,0,0,0,1.1533711684715882,103.89484687978813
9:35:0,1.153461,103.894775,0,0,0,0,0,0,0,0,0,180,forward,0,0,0,1.1533711684715882,103.89484687978813
9:35:2,1.153461,103.894775,0,0,0,0,0,0,0,0,0,180,forward,0,0,0,1.1533711684715882,103.89484687978813
9:35:4,1.153461,103.894775,0,0,0,0,0,0,0,0,0,180,forward,0,0,0,1.1533711684715882,103.89484687978813
9:35:6,1.153461,103.894775,0,0,0,0,0,0,0,0,0,180,forward,0,0,0,1.1533711684715882,103.89484687978813
9:35:8,1.153461,103.894775,0,0,0,0,0,0,0,0,0,180,forward,0,0,0,1.1533711684715882,103.89484687978813
9:35:10,1.153461,103.894775,0,0,0,0,0,0,0,0,0,180,forward,0,0,0,1.1533711684715882,103.89484687978813
9:35:12,1.153461,103.894775,0,0,0,0,0,0,0,0,0,180,forward,0,0,0,1.1533711684715882,103.89484687978813
9:35:14,1.153461,103.894775,0,0,0,0,0,0,0,0,0,180,forward,0,0,0,1.1533711684715882,103.89484687978813
9:35:16,1.153461,103.894775,0,0,0,0,0,0,0,0,0,180,forward,0,0,0,1.1533711684715882,103.89484687978813
9:35:19,1.153461,103.894775,0,0,0,0,0,0,0,0,0,180,forward,0,0,0,1.1533711684715882,103.89484687978813
9:35:21,1.153461,103.894775,0,0,0,0,0,0,0,0,0,180,forward,0,0,0,1.1533711684715882,103.89484687978813
9:35:23,1.153461,103.894775,0,0,0,0,0,0,0,0,0,180,forward,0,0,0,1.1533711684715882,103.89484687978813
9:35:25,1.153461,103.894775,0,0,0,0,0,0,0,0,0,180,forward,0,0,0,1.1533711684715882,103.89484687978813
9:35:27,1.153461,103.894775,0,0,0,0,0,0,0,0,0,180,forward,0,0,0,1.1533711684715882,103.89484687978813
9:35:29,1.153461,103.894775,0,0,0,0,0,0,0,0,0,180,forward,0,0,0,1.1533711684715882,103.89484687978813
9:35:31,1.153461,103.894775,0,0,0,0,0,0,0,0,0,180,forward,0,0,0,1.1533711684715882,103.89484687978813
9:35:33,1.153461,103.894775,0,0,0,0,0,0,0,0,0,180,forward,0,0,0,1.1533711684715882,103.89484687978813
9:35:35,1.153461,103.894775,0,0,0,0,0,0,0,0,0,180,forward,0,0,0,1.1533711684715882,103.89484687978813
9:35:37,1.153461,103.894775,0,0,0,0,0,0,0,0,0,180,forward,0,0,0,1.1533711684715882,103.89484687978813
9:35:39,1.153461,103.894775,0,0,0,0,0,0,0,0,0,180,forward,0,0,0,1.1533711684715882,103.89484687978813
9:35:41,1.153461,103.894775,0,0,0,0,0,0,0,0,0,180,forward,0,0,0,1.1533711684715882,103.89484687978813
9:35:43,1.153461,103.894775,0,0,0,0,0,0,0,0,0,180,forward,0,0,0,1.1533711684715882,103.89484687978813
9:35:45,1.153461,103.894775,0,0,0,0,0,0,0,0,0,180,forward,0,0,0,1.1533711684715882,103.89484687978813
9:35:47,1.153461,103.894775,0,0,0,0,0,0,0,0,0,180,forward,0,0,0,1.1533711684715882,103.89484687978813
9:35:49,1.153461,103.894775,0,0,0,0,0,0,0,0,0,180,forward,0,0,0,1.1533711684715882,103.89484687978813
9:35:51,1.153461,103.894775,0,0,0,0,0,0,0,0,0,180,forward,0,0,0,1.1533711684715882,103.89484687978813
9:35:54,1.153461,103.894775,0,0,0,0,0,0,0,0,0,180,forward,0,0,0,1.1533711684715882,103.89484687978813
9:35:56,1.153461,103.894775,0,0,0,0,0,0,0,0,0,180,forward,0,0,0,1.1533711684715882,103.89484687978813
9:35:58,1.153461,103.894775,0,0,0,0,0,0,0,0,0,180,forward,0,0,0,1.1533711684715882,103.89484687978813
9:36:0,1.153461,103.894775,0,0,0,0,0,0,0,0,0,180,forward,0,0,0,1.1533711684715882,103.89484687978813
9:36:2,1.153461,103.894775,0,0,0,0,0,0,0,0,0,180,forward,0,0,0,1.1533711684715882,103.89484687978813
9:36:4,1.153461,103.894775,0,0,0,0,0,0,0,0,0,180,forward,0,0,0,1.1533711684715882,103.89484687978813
9:36:6,1.153461,103.894775,0,0,0,0,0,0,0,0,0,180,forward,0,0,0,1.1533711684715882,103.89484687978813
9:36:8,1.153461,103.894775,0,0,0,0,0,0,0,0,0,180,forward,0,0,0,1.1533711684715882,103.89484687978813
9:36:10,1.153461,103.894775,0,0,0,0,0,0,0,0,0,180,forward,0,0,0,1.1533711684715882,103.89484687978813
9:36:12,1.153461,103.894775,0,0,0,0,0,0,0,0,0,180,forward,0,0,0,1.1533711684715882,103.89484687978813
9:36:14,1.153461,103.894775,0,0,0,0,0,0,0,0,0,180,forward,0,0,0,1.1533711684715882,103.89484687978813
9:36:16,1.153461,103.894775,0,0,0,0,0,0,0,0,0,180,forward,0,0,0,1.1533711684715882,103.89484687978813
9:36:18,1.153461,103.894775,0,0,0,0,0,0,0,0,0,180,forward,0,0,0,1.1533711684715882,103.89484687978813
9:36:20,1.153461,103.894775,0,0,0,0,0,0,0,0,0,180,forward,0,0,0,1.1533711684715882,103.89484687978813
9:36:23,1.153461,103.894775,0,0,0,0,0,0,0,0,0,180,forward,0,0,0,1.1533711684715882,103.89484687978813
9:36:25,1.153461,103.894775,0,0,0,0,0,0,0,0,0,180,forward,0,0,0,1.1533711684715882,103.89484687978813
9:36:27,1.153461,103.894775,0,0,0,0,0,0,0,0,0,180,forward,0,0,0,1.1533711684715882,103.89484687978813
9:36:29,1.153461,103.894775,0,0,0,0,0,0,0,0,0,180,forward,0,0,0,1.1533711684715882,103.89484687978813
9:36:31,1.153461,103.894775,0,0,0,0,0,0,0,0,0,180,forward,0,0,0,1.1533711684715882,103.89484687978813
9:36:33,1.153461,103.894775,0,0,0,0,0,0,0,0,0,180,forward,0,0,0,1.1533711684715882,103.89484687978813
9:36:35,1.153461,103.894775,0,0,0,0,0,0,0,0,0,180,forward,0,0,0,1.1533711684715882,103.89484687978813
9:36:37,1.153461,103.894775,0,0,0,0,0,0,0,0,0,180,forward,0,0,0,1.1533711684715882,103.89484687978813
9:36:39,1.153461,103.894775,0,0,0,0,0,0,0,0,0,180,forward,0,0,0,1.1533711684715882,103.89484687978813
9:36:41,1.153461,103.894775,0,0,0,0,0,0,0,0,0,180,forward,0,0,0,1.1533711684715882,103.89484687978813
9:36:44,1.153461,103.894775,0,0,0,0,0,0,0,0,0,180,forward,0,0,0,1.1533711684715882,103.89484687978813
9:36:46,1.153461,103.894775,0,0,0,0,0,0,0,0,0,180,forward,0,0,0,1.1533711684715882,103.89484687978813
9:36:48,1.153461,103.894775,0,0,0,0,0,0,0,0,0,180,forward,0,0,0,1.1533711684715882,103.89484687978813
9:36:50,1.153461,103.894775,0,0,0,0,0,0,0,0,0,180,forward,0,0,0,1.1533711684715882,103.89484687978813
9:36:52,1.153461,103.894775,0,0,0,0,0,0,0,0,0,180,forward,0,0,0,1.1533711684715882,103.89484687978813
9:36:54,1.153461,103.894775,0,0,0,0,0,0,0,0,0,180,forward,0,0,0,1.1533711684715882,103.89484687978813
9:36:56,1.153461,103.894775,0,0,0,0,0,0,0,0,0,180,forward,0,0,0,1.1533711684715882,103.89484687978813
9:36:58,1.153461,103.894775,0,0,0,0,0,0,0,0,0,180,forward,0,0,0,1.1533711684715882,103.89484687978813
9:37:0,1.153461,103.894775,0,0,0,0,0,0,0,0,0,180,forward,0,0,0,1.1533711684715882,103.89484687978813
9:37:2,1.153461,103.894775,0,0,0,0,0,0,0,0,0,180,forward,0,0,0,1.1533711684715882,103.89484687978813
9:37:4,1.153461,103.894775,0,0,0,0,0,0,0,0,0,180,forward,0,0,0,1.1533711684715882,103.89484687978813
9:37:6,1.153461,103.894775,0,0,0,0,0,0,0,0,0,180,forward,0,0,0,1.1533711684715882,103.89484687978813
9:37:8,1.153461,103.894775,0,0,0,0,0,0,0,0,0,180,forward,0,0,0,1.1533711684715882,103.89484687978813
9:37:11,1.153461,103.894775,0,0,0,0,0,0,0,0,0,180,forward,0,0,0,1.1533711684715882,103.89484687978813
9:37:13,1.153461,103.894775,0,0,0,0,0,0,0,0,0,180,forward,0,0,0,1.1533711684715882,103.89484687978813
9:37:15,1.153461,103.894775,0,0,0,0,0,0,0,0,0,180,forward,0,0,0,1.1533711684715882,103.89484687978813
9:37:17,1.153461,103.894775,0,0,0,0,0,0,0,0,0,180,forward,0,0,0,1.1533711684715882,103.89484687978813
9:37:19,1.153461,103.894775,0,0,0,0,0,0,0,0,0,180,forward,0,0,0,1.1533711684715882,103.89484687978813
9:37:21,1.153461,103.894775,0,0,0,0,0,0,0,0,0,180,forward,0,0,0,1.1533711684715882,103.89484687978813
9:37:23,1.153461,103.894775,0,0,0,0,0,0,0,0,0,180,forward,0,0,0,1.1533711684715882,103.89484687978813
9:37:25,1.153461,103.894775,0,0,0,0,0,0,0,0,0,180,forward,0,0,0,1.1533711684715882,103.89484687978813
9:37:27,1.153461,103.894775,0,0,0,0,0,0,0,0,0,180,forward,0,0,0,1.1533711684715882,103.89484687978813
9:37:29,1.153461,103.894775,0,0,0,0,0,0,0,0,0,180,forward,0,0,0,1.1533711684715882,103.89484687978813
9:37:31,1.153461,103.894775,0,0,0,0,0,0,0,0,0,180,forward,0,0,0,1.1533711684715882,103.89484687978813
9:37:33,1.153461,103.894775,0,0,0,0,0,0,0,0,0,180,forward,0,0,0,1.1533711684715882,103.89484687978813
9:37:36,1.153461,103.894775,0,0,0,0,0,0,0,0,0,180,forward,0,0,0,1.1533711684715882,103.89484687978813
9:37:38,1.153461,103.894775,0,0,0,0,0,0,0,0,0,180,forward,0,0,0,1.1533711684715882,103.89484687978813
9:37:40,1.153461,103.894775,0,0,0,0,0,0,0,0,0,180,forward,0,0,0,1.1533711684715882,103.89484687978813
9:37:42,1.153461,103.894775,0,0,0,0,0,0,0,0,0,180,forward,0,0,0,1.1533711684715882,103.89484687978813
9:37:44,1.153461,103.894775,0,0,0,0,0,0,0,0,0,180,forward,0,0,0,1.1533711684715882,103.89484687978813
9:37:46,1.153461,103.894775,0,0,0,0,0,0,0,0,0,180,forward,0,0,0,1.1533711684715882,103.89484687978813
9:37:48,1.153461,103.894775,0,0,0,0,0,0,0,0,0,180,forward,0,0,0,1.1533711684715882,103.89484687978813
9:37:50,1.153461,103.894775,0,0,0,0,0,0,0,0,0,180,forward,0,0,0,1.1533711684715882,103.89484687978813
9:37:52,1.153461,103.894775,0,0,0,0,0,0,0,0,0,180,forward,0,0,0,1.1533711684715882,103.89484687978813
9:37:54,1.153461,103.894775,0,0,0,0,0,0,0,0,0,180,forward,0,0,0,1.1533711684715882,103.89484687978813
9:37:56,1.153461,103.894775,0,0,0,0,0,0,0,0,0,180,forward,0,0,0,1.1533711684715882,103.89484687978813
9:37:59,1.153461,103.894775,0,0,0,0,0,0,0,0,0,180,forward,0,0,0,1.1533711684715882,103.89484687978813
9:38:1,1.153461,103.894775,0,0,0,0,0,0,0,0,0,180,forward,0,0,0,1.1533711684715882,103.89484687978813
9:38:3,1.153461,103.894775,0,0,0,0,0,0,0,0,0,180,forward,0,0,0,1.1533711684715882,103.89484687978813
9:38:5,1.153461,103.894775,0,0,0,0,0,0,0,0,0,180,forward,0,0,0,1.1533711684715882,103.89484687978813
9:38:7,1.153461,103.894775,0,0,0,0,0,0,0,0,0,180,forward,0,0,0,1.1533711684715882,103.89484687978813
9:38:9,1.153461,103.894775,0,0,0,0,0,0,0,0,0,180,forward,0,0,0,1.1533711684715882,103.89484687978813
9:38:11,1.153461,103.894775,0,0,0,0,0,0,0,0,0,180,forward,0,0,0,1.1533711684715882,103.89484687978813
9:38:13,1.153461,103.894775,0,0,0,0,0,0,0,0,0,180,forward,0,0,0,1.1533711684715882,103.89484687978813
9:38:15,1.153461,103.894775,0,0,0,0,0,0,0,0,0,180,forward,0,0,0,1.1533711684715882,103.89484687978813
9:38:17,1.153461,103.894775,0,0,0,0,0,0,0,0,0,180,forward,0,0,0,1.1533711684715882,103.89484687978813
9:38:20,1.153461,103.894775,0,0,0,0,0,0,0,0,0,180,forward,0,0,0,1.1533711684715882,103.89484687978813
9:38:22,1.153461,103.894775,0,0,0,0,0,0,0,0,0,180,forward,0,0,0,1.1533711684715882,103.89484687978813
9:38:24,1.153461,103.894775,0,0,0,0,0,0,0,0,0,180,forward,0,0,0,1.1533711684715882,103.89484687978813
9:38:26,1.153461,103.894775,0,0,0,0,0,0,0,0,0,180,forward,0,0,0,1.1533711684715882,103.89484687978813
9:38:28,1.153461,103.894775,0,0,0,0,0,0,0,0,0,180,forward,0,0,0,1.1533711684715882,103.89484687978813
9:38:30,1.153461,103.894775,0,0,0,0,0,0,0,0,0,180,forward,0,0,0,1.1533711684715882,103.89484687978813
9:38:32,1.153461,103.894775,0,0,0,0,0,0,0,0,0,180,forward,0,0,0,1.1533711684715882,103.89484687978813
9:38:34,1.153461,103.894775,0,0,0,0,0,0,0,0,0,180,forward,0,0,0,1.1533711684715882,103.89484687978813
9:38:36,1.153461,103.894775,0,0,0,0,0,0,0,0,0,180,forward,0,0,0,1.1533711684715882,103.89484687978813
9:38:38,1.153461,103.894775,0,0,0,0,0,0,0,0,0,180,forward,0,0,0,1.1533711684715882,103.89484687978813
9:38:40,1.153461,103.894775,0,0,0,0,0,0,0,0,0,180,forward,0,0,0,1.1533711684715882,103.89484687978813
9:38:43,1.153461,103.894775,0,0,0,0,0,0,0,0,0,180,forward,0,0,0,1.1533711684715882,103.89484687978813
9:38:45,1.153461,103.894775,0,0,0,0,0,0,0,0,0,180,forward,0,0,0,1.1533711684715882,103.89484687978813
9:38:47,1.153461,103.894775,0,0,0,0,0,0,0,0,0,180,forward,0,0,0,1.1533711684715882,103.89484687978813
9:38:49,1.153461,103.894775,0,0,0,0,0,0,0,0,0,180,forward,0,0,0,1.1533711684715882,103.89484687978813
9:38:51,1.153461,103.894775,0,0,0,0,0,0,0,0,0,180,forward,0,0,0,1.1533711684715882,103.89484687978813
9:38:53,1.153461,103.894775,0,0,0,0,0,0,0,0,0,180,forward,0,0,0,1.1533711684715882,103.89484687978813
9:38:55,1.153461,103.894775,0,0,0,0,0,0,0,0,0,180,forward,0,0,0,1.1533711684715882,103.89484687978813
9:38:57,1.153461,103.894775,0,0,0,0,0,0,0,0,0,180,forward,0,0,0,1.1533711684715882,103.89484687978813
9:38:59,1.153461,103.894775,0,0,0,0,0,0,0,0,0,180,forward,0,0,0,1.1533711684715882,103.89484687978813
9:39:1,1.153461,103.894775,0,0,0,0,0,0,0,0,0,180,forward,0,0,0,1.1533711684715882,103.89484687978813
9:39:3,1.153461,103.894775,0,0,0,0,0,0,0,0,0,180,forward,0,0,0,1.1533711684715882,103.89484687978813
9:39:5,1.153461,103.894775,0,0,0,0,0,0,0,0,0,180,forward,0,0,0,1.1533711684715882,103.89484687978813
9:39:7,1.153461,103.894775,0,0,0,0,0,0,0,0,0,180,forward,0,0,0,1.1533711684715882,103.89484687978813
9:39:9,1.153461,103.894775,0,0,0,0,0,0,0,0,0,180,forward,0,0,0,1.1533711684715882,103.89484687978813
9:39:11,1.153461,103.894775,0,0,0,0,0,0,0,0,0,180,forward,0,0,0,1.1533711684715882,103.89484687978813
9:39:13,1.153461,103.894775,0,0,0,0,0,0,0,0,0,180,forward,0,0,0,1.1533711684715882,103.89484687978813
9:39:15,1.153461,103.894775,0,0,0,0,0,0,0,0,0,180,forward,0,0,0,1.1533711684715882,103.89484687978813
9:39:18,1.153461,103.894775,0,0,0,0,0,0,0,0,0,180,forward,0,0,0,1.1533711684715882,103.89484687978813
9:39:20,1.153461,103.894775,0,0,0,0,0,0,0,0,0,180,forward,0,0,0,1.1533711684715882,103.89484687978813
9:39:22,1.153461,103.894775,0,0,0,0,0,0,0,0,0,180,forward,0,0,0,1.1533711684715882,103.89484687978813
9:39:24,1.153461,103.894775,0,0,0,0,0,0,0,0,0,180,forward,0,0,0,1.1533711684715882,103.89484687978813
9:39:26,1.153461,103.894775,0,0,0,0,0,0,0,0,0,180,forward,0,0,0,1.1533711684715882,103.89484687978813
9:39:28,1.153461,103.894775,0,0,0,0,0,0,0,0,0,180,forward,0,0,0,1.1533711684715882,103.89484687978813
9:39:30,1.153461,103.894775,0,0,0,0,0,0,0,0,0,180,forward,0,0,0,1.1533711684715882,103.89484687978813
9:39:32,1.153461,103.894775,0,0,0,0,0,0,0,0,0,180,forward,0,0,0,1.1533711684715882,103.89484687978813
9:39:34,1.153461,103.894775,0,0,0,0,0,0,0,0,0,180,forward,0,0,0,1.1533711684715882,103.89484687978813
9:39:36,1.153461,103.894775,0,0,0,0,0,0,0,0,0,180,forward,0,0,0,1.1533711684715882,103.89484687978813
9:39:38,1.153461,103.894775,0,0,0,0,0,0,0,0,0,180,forward,0,0,0,1.1533711684715882,103.89484687978813
9:39:40,1.153461,103.894775,0,0,0,0,0,0,0,0,0,180,forward,0,0,0,1.1533711684715882,103.89484687978813
9:39:42,1.153461,103.894775,0,0,0,0,0,0,0,0,0,180,forward,0,0,0,1.1533711684715882,103.89484687978813
9:39:44,1.153461,103.894775,0,0,0,0,0,0,0,0,0,180,forward,0,0,0,1.1533711684715882,103.89484687978813
9:39:47,1.153461,103.894775,0,0,0,0,0,0,0,0,0,180,forward,0,0,0,1.1533711684715882,103.89484687978813
9:39:49,1.153461,103.894775,0,0,0,0,0,0,0,0,0,180,forward,0,0,0,1.1533711684715882,103.89484687978813
9:39:51,1.153461,103.894775,0,0,0,0,0,0,0,0,0,180,forward,0,0,0,1.1533711684715882,103.89484687978813
9:39:53,1.153461,103.894775,0,0,0,0,0,0,0,0,0,180,forward,0,0,0,1.1533711684715882,103.89484687978813
9:39:55,1.153461,103.894775,0,0,0,0,0,0,0,0,0,180,forward,0,0,0,1.1533711684715882,103.89484687978813
9:39:57,1.153461,103.894775,0,0,0,0,0,0,0,0,0,180,forward,0,0,0,1.1533711684715882,103.89484687978813
9:39:59,1.153461,103.894775,0,0,0,0,0,0,0,0,0,180,forward,0,0,0,1.1533711684715882,103.89484687978813
9:40:1,1.153461,103.894775,0,0,0,0,0,0,0,0,0,180,forward,0,0,0,1.1533711684715882,103.89484687978813
9:40:3,1.153461,103.894775,0,0,0,0,0,0,0,0,0,180,forward,0,0,0,1.1533711684715882,103.89484687978813
9:40:5,1.153461,103.894775,0,0,0,0,0,0,0,0,0,180,forward,0,0,0,1.1533711684715882,103.89484687978813
9:40:7,1.153461,103.894775,0,0,0,0,0,0,0,0,0,180,forward,0,0,0,1.1533711684715882,103.89484687978813
9:40:9,1.153461,103.894775,0,0,0,0,0,0,0,0,0,180,forward,0,0,0,1.1533711684715882,103.89484687978813
9:40:11,1.153461,103.894775,0,0,0,0,0,0,0,0,0,180,forward,0,0,0,1.1533711684715882,103.89484687978813
9:40:13,1.153461,103.894775,0,0,0,0,0,0,0,0,0,180,forward,0,0,0,1.1533711684715882,103.89484687978813
9:40:15,1.153461,103.894775,0,0,0,0,0,0,0,0,0,180,forward,0,0,0,1.1533711684715882,103.89484687978813
9:40:17,1.153461,103.894775,0,0,0,0,0,0,0,0,0,180,forward,0,0,0,1.1533711684715882,103.89484687978813
9:40:19,1.153461,103.894775,0,0,0,0,0,0,0,0,0,180,forward,0,0,0,1.1533711684715882,103.89484687978813
9:40:21,1.153461,103.894775,0,0,0,0,0,0,0,0,0,180,forward,0,0,0,1.1533711684715882,103.89484687978813
9:40:23,1.153461,103.894775,0,0,0,0,0,0,0,0,0,180,forward,0,0,0,1.1533711684715882,103.89484687978813
9:40:25,1.153461,103.894775,0,0,0,0,0,0,0,0,0,180,forward,0,0,0,1.1533711684715882,103.89484687978813
9:40:27,1.153461,103.894775,0,0,0,0,0,0,0,0,0,180,forward,0,0,0,1.1533711684715882,103.89484687978813
9:40:30,1.153461,103.894775,0,0,0,0,0,0,0,0,0,180,forward,0,0,0,1.1533711684715882,103.89484687978813
9:40:32,1.153461,103.894775,0,0,0,0,0,0,0,0,0,180,forward,0,0,0,1.1533711684715882,103.89484687978813
9:40:34,1.153461,103.894775,0,0,0,0,0,0,0,0,0,180,forward,0,0,0,1.1533711684715882,103.89484687978813
9:40:36,1.153461,103.894775,0,0,0,0,0,0,0,0,0,180,forward,0,0,0,1.1533711684715882,103.89484687978813
9:40:38,1.153461,103.894775,0,0,0,0,0,0,0,0,0,180,forward,0,0,0,1.1533711684715882,103.89484687978813
9:40:40,1.153461,103.894775,0,0,0,0,0,0,0,0,0,180,forward,0,0,0,1.1533711684715882,103.89484687978813
9:40:42,1.153461,103.894775,0,0,0,0,0,0,0,0,0,180,forward,0,0,0,1.1533711684715882,103.89484687978813
9:40:44,1.153461,103.894775,0,0,0,0,0,0,0,0,0,180,forward,0,0,0,1.1533711684715882,103.89484687978813
9:40:46,1.153461,103.894775,0,0,0,0,0,0,0,0,0,180,forward,0,0,0,1.1533711684715882,103.89484687978813
9:40:48,1.153461,103.894775,0,0,0,0,0,0,0,0,0,180,forward,0,0,0,1.1533711684715882,103.89484687978813
9:40:50,1.153461,103.894775,0,0,0,0,0,0,0,0,0,180,forward,0,0,0,1.1533711684715882,103.89484687978813
9:40:52,1.153461,103.894775,0,0,0,0,0,0,0,0,0,180,forward,0,0,0,1.1533711684715882,103.89484687978813
9:40:54,1.153461,103.894775,0,0,0,0,0,0,0,0,0,180,forward,0,0,0,1.1533711684715882,103.89484687978813
9:40:56,1.153461,103.894775,0,0,0,0,0,0,0,0,0,180,forward,0,0,0,1.1533711684715882,103.89484687978813
9:40:58,1.153461,103.894775,0,0,0,0,0,0,0,0,0,180,forward,0,0,0,1.1533711684715882,103.89484687978813
9:41:1,1.153461,103.894775,0,0,0,0,0,0,0,0,0,180,forward,0,0,0,1.1533711684715882,103.89484687978813
9:41:3,1.153461,103.894775,0,0,0,0,0,0,0,0,0,180,forward,0,0,0,1.1533711684715882,103.89484687978813
9:41:5,1.153461,103.894775,0,0,0,0,0,0,0,0,0,180,forward,0,0,0,1.1533711684715882,103.89484687978813
9:41:7,1.153461,103.894775,0,0,0,0,0,0,0,0,0,180,forward,0,0,0,1.1533711684715882,103.89484687978813
9:41:9,1.153461,103.894775,0,0,0,0,0,0,0,0,0,180,forward,0,0,0,1.1533711684715882,103.89484687978813
9:41:11,1.153461,103.894775,0,0,0,0,0,0,0,0,0,180,forward,0,0,0,1.1533711684715882,103.89484687978813
9:41:13,1.153461,103.894775,0,0,0,0,0,0,0,0,0,180,forward,0,0,0,1.1533711684715882,103.89484687978813
9:41:15,1.153461,103.894775,0,0,0,0,0,0,0,0,0,180,forward,0,0,0,1.1533711684715882,103.89484687978813
9:41:17,1.153461,103.894775,0,0,0,0,0,0,0,0,0,180,forward,0,0,0,1.1533711684715882,103.89484687978813
9:41:19,1.153461,103.894775,0,0,0,0,0,0,0,0,0,180,forward,0,0,0,1.1533711684715882,103.89484687978813
9:41:21,1.153461,103.894775,0,0,0,0,0,0,0,0,0,180,forward,0,0,0,1.1533711684715882,103.89484687978813
9:41:23,1.153461,103.894775,0,0,0,0,0,0,0,0,0,180,forward,0,0,0,1.1533711684715882,103.89484687978813
9:41:25,1.153461,103.894775,0,0,0,0,0,0,0,0,0,180,forward,0,0,0,1.1533711684715882,103.89484687978813
9:41:28,1.153461,103.894775,0,0,0,0,0,0,0,0,0,180,forward,0,0,0,1.1533711684715882,103.89484687978813
9:41:30,1.153461,103.894775,0,0,0,0,0,0,0,0,0,180,forward,0,0,0,1.1533711684715882,103.89484687978813
9:41:32,1.153461,103.894775,0,0,0,0,0,0,0,0,0,180,forward,0,0,0,1.1533711684715882,103.89484687978813
9:41:34,1.153461,103.894775,0,0,0,0,0,0,0,0,0,180,forward,0,0,0,1.1533711684715882,103.89484687978813
9:41:36,1.153461,103.894775,0,0,0,0,0,0,0,0,0,180,forward,0,0,0,1.1533711684715882,103.89484687978813
9:41:38,1.153461,103.894775,0,0,0,0,0,0,0,0,0,180,forward,0,0,0,1.1533711684715882,103.89484687978813
9:41:40,1.153461,103.894775,0,0,0,0,0,0,0,0,0,180,forward,0,0,0,1.1533711684715882,103.89484687978813
9:41:42,1.153461,103.894775,0,0,0,0,0,0,0,0,0,180,forward,0,0,0,1.1533711684715882,103.89484687978813
9:41:44,1.153461,103.894775,0,0,0,0,0,0,0,0,0,180,forward,0,0,0,1.1533711684715882,103.89484687978813
9:41:46,1.153461,103.894775,0,0,0,0,0,0,0,0,0,180,forward,0,0,0,1.1533711684715882,103.89484687978813
9:41:48,1.153461,103.894775,0,0,0,0,0,0,0,0,0,180,forward,0,0,0,1.1533711684715882,103.89484687978813
9:41:50,1.153461,103.894775,0,0,0,0,0,0,0,0,0,180,forward,0,0,0,1.1533711684715882,103.89484687978813
9:41:52,1.153461,103.894775,0,0,0,0,0,0,0,0,0,180,forward,0,0,0,1.1533711684715882,103.89484687978813
9:41:54,1.153461,103.894775,0,0,0,0,0,0,0,0,0,180,forward,0,0,0,1.1533711684715882,103.89484687978813
9:41:56,1.153461,103.894775,0,0,0,0,0,0,0,0,0,180,forward,0,0,0,1.1533711684715882,103.89484687978813
9:41:58,1.153461,103.894775,0,0,0,0,0,0,0,0,0,180,forward,0,0,0,1.1533711684715882,103.89484687978813
9:42:1,1.153461,103.894775,0,0,0,0,0,0,0,0,0,180,forward,0,0,0,1.1533711684715882,103.89484687978813
9:42:3,1.153461,103.894775,0,0,0,0,0,0,0,0,0,180,forward,0,0,0,1.1533711684715882,103.89484687978813
9:42:5,1.153461,103.894775,0,0,0,0,0,0,0,0,0,180,forward,0,0,0,1.1533711684715882,103.89484687978813
9:42:7,1.153461,103.894775,0,0,0,0,0,0,0,0,0,180,forward,0,0,0,1.1533711684715882,103.89484687978813
9:42:9,1.153461,103.894775,0,0,0,0,0,0,0,0,0,180,forward,0,0,0,1.1533711684715882,103.89484687978813
9:42:11,1.153461,103.894775,0,0,0,0,0,0,0,0,0,180,forward,0,0,0,1.1533711684715882,103.89484687978813
9:42:13,1.153461,103.894775,0,0,0,0,0,0,0,0,0,180,forward,0,0,0,1.1533711684715882,103.89484687978813
9:42:15,1.153461,103.894775,0,0,0,0,0,0,0,0,0,180,forward,0,0,0,1.1533711684715882,103.89484687978813
9:42:17,1.153461,103.894775,0,0,0,0,0,0,0,0,0,180,forward,0,0,0,1.1533711684715882,103.89484687978813
9:42:19,1.153461,103.894775,0,0,0,0,0,0,0,0,0,180,forward,0,0,0,1.1533711684715882,103.89484687978813
9:42:21,1.153461,103.894775,0,0,0,0,0,0,0,0,0,180,forward,0,0,0,1.1533711684715882,103.89484687978813
9:42:23,1.153461,103.894775,0,0,0,0,0,0,0,0,0,180,forward,0,0,0,1.1533711684715882,103.89484687978813
9:42:25,1.153461,103.894775,0,0,0,0,0,0,0,0,0,180,forward,0,0,0,1.1533711684715882,103.89484687978813
9:42:27,1.153461,103.894775,0,0,0,0,0,0,0,0,0,180,forward,0,0,0,1.1533711684715882,103.89484687978813
9:42:29,1.153461,103.894775,0,0,0,0,0,0,0,0,0,180,forward,0,0,0,1.1533711684715882,103.89484687978813
9:42:32,1.153461,103.894775,0,0,0,0,0,0,0,0,0,180,forward,0,0,0,1.1533711684715882,103.89484687978813
9:42:34,1.153461,103.894775,0,0,0,0,0,0,0,0,0,180,forward,0,0,0,1.1533711684715882,103.89484687978813
9:42:36,1.153461,103.894775,0,0,0,0,0,0,0,0,0,180,forward,0,0,0,1.1533711684715882,103.89484687978813
9:42:38,1.153461,103.894775,0,0,0,0,0,0,0,0,0,180,forward,0,0,0,1.1533711684715882,103.89484687978813
9:42:40,1.153461,103.894775,0,0,0,0,0,0,0,0,0,180,forward,0,0,0,1.1533711684715882,103.89484687978813
9:42:42,1.153461,103.894775,0,0,0,0,0,0,0,0,0,180,forward,0,0,0,1.1533711684715882,103.89484687978813
9:42:44,1.153461,103.894775,0,0,0,0,0,0,0,0,0,180,forward,0,0,0,1.1533711684715882,103.89484687978813
9:42:46,1.153461,103.894775,0,0,0,0,0,0,0,0,0,180,forward,0,0,0,1.1533711684715882,103.89484687978813
9:42:48,1.153461,103.894775,0,0,0,0,0,0,0,0,0,180,forward,0,0,0,1.1533711684715882,103.89484687978813
9:42:50,1.153461,103.894775,0,0,0,0,0,0,0,0,0,180,forward,0,0,0,1.1533711684715882,103.89484687978813
9:42:52,1.153461,103.894775,0,0,0,0,0,0,0,0,0,180,forward,0,0,0,1.1533711684715882,103.89484687978813
9:42:54,1.153461,103.894775,0,0,0,0,0,0,0,0,0,180,forward,0,0,0,1.1533711684715882,103.89484687978813
9:42:56,1.153461,103.894775,0,0,0,0,0,0,0,0,0,180,forward,0,0,0,1.1533711684715882,103.89484687978813
9:42:58,1.153461,103.894775,0,0,0,0,0,0,0,0,0,180,forward,0,0,0,1.1533711684715882,103.89484687978813
9:43:0,1.153461,103.894775,0,0,0,0,0,0,0,0,0,180,forward,0,0,0,1.1533711684715882,103.89484687978813
9:43:2,1.153461,103.894775,0,0,0,0,0,0,0,0,0,180,forward,0,0,0,1.1533711684715882,103.89484687978813
9:43:5,1.153461,103.894775,0,0,0,0,0,0,0,0,0,180,forward,0,0,0,1.1533711684715882,103.89484687978813
9:43:7,1.153461,103.894775,0,0,0,0,0,0,0,0,0,180,forward,0,0,0,1.1533711684715882,103.89484687978813
9:43:9,1.153461,103.894775,0,0,0,0,0,0,0,0,0,180,forward,0,0,0,1.1533711684715882,103.89484687978813
9:43:11,1.153461,103.894775,0,0,0,0,0,0,0,0,0,180,forward,0,0,0,1.1533711684715882,103.89484687978813
9:43:13,1.153461,103.894775,0,0,0,0,0,0,0,0,0,180,forward,0,0,0,1.1533711684715882,103.89484687978813
9:43:15,1.153461,103.894775,0,0,0,0,0,0,0,0,0,180,forward,0,0,0,1.1533711684715882,103.89484687978813
9:43:17,1.153461,103.894775,0,0,0,0,0,0,0,0,0,180,forward,0,0,0,1.1533711684715882,103.89484687978813
9:43:19,1.153461,103.894775,0,0,0,0,0,0,0,0,0,180,forward,0,0,0,1.1533711684715882,103.89484687978813
9:43:21,1.153461,103.894775,0,0,0,0,0,0,0,0,0,180,forward,0,0,0,1.1533711684715882,103.89484687978813
9:43:23,1.153461,103.894775,0,0,0,0,0,0,0,0,0,180,forward,0,0,0,1.1533711684715882,103.89484687978813
9:43:25,1.153461,103.894775,0,0,0,0,0,0,0,0,0,180,forward,0,0,0,1.1533711684715882,103.89484687978813
9:43:27,1.153461,103.894775,0,0,0,0,0,0,0,0,0,180,forward,0,0,0,1.1533711684715882,103.89484687978813
9:43:29,1.153461,103.894775,0,0,0,0,0,0,0,0,0,180,forward,0,0,0,1.1533711684715882,103.89484687978813
9:43:31,1.153461,103.894775,0,0,0,0,0,0,0,0,0,180,forward,0,0,0,1.1533711684715882,103.89484687978813
9:43:33,1.153461,103.894775,0,0,0,0,0,0,0,0,0,180,forward,0,0,0,1.1533711684715882,103.89484687978813
9:43:35,1.153461,103.894775,0,0,0,0,0,0,0,0,0,180,forward,0,0,0,1.1533711684715882,103.89484687978813
9:43:38,1.153461,103.894775,0,0,0,0,0,0,0,0,0,180,forward,0,0,0,1.1533711684715882,103.89484687978813
9:43:40,1.153461,103.894775,0,0,0,0,0,0,0,0,0,180,forward,0,0,0,1.1533711684715882,103.89484687978813
9:43:42,1.153461,103.894775,0,0,0,0,0,0,0,0,0,180,forward,0,0,0,1.1533711684715882,103.89484687978813
9:43:44,1.153461,103.894775,0,0,0,0,0,0,0,0,0,180,forward,0,0,0,1.1533711684715882,103.89484687978813
9:43:46,1.153461,103.894775,0,0,0,0,0,0,0,0,0,180,forward,0,0,0,1.1533711684715882,103.89484687978813
9:43:48,1.153461,103.894775,0,0,0,0,0,0,0,0,0,180,forward,0,0,0,1.1533711684715882,103.89484687978813
9:43:50,1.153461,103.894775,0,0,0,0,0,0,0,0,0,180,forward,0,0,0,1.1533711684715882,103.89484687978813
9:43:52,1.153461,103.894775,0,0,0,0,0,0,0,0,0,180,forward,0,0,0,1.1533711684715882,103.89484687978813
9:43:54,1.153461,103.894775,0,0,0,0,0,0,0,0,0,180,forward,0,0,0,1.1533711684715882,103.89484687978813
9:43:56,1.153461,103.894775,0,0,0,0,0,0,0,0,0,180,forward,0,0,0,1.1533711684715882,103.89484687978813
9:43:58,1.153461,103.894775,0,0,0,0,0,0,0,0,0,180,forward,0,0,0,1.1533711684715882,103.89484687978813
9:44:0,1.153461,103.894775,0,0,0,0,0,0,0,0,0,180,forward,0,0,0,1.1533711684715882,103.89484687978813
9:44:2,1.153461,103.894775,0,0,0,0,0,0,0,0,0,180,forward,0,0,0,1.1533711684715882,103.89484687978813
9:44:4,1.153461,103.894775,0,0,0,0,0,0,0,0,0,180,forward,0,0,0,1.1533711684715882,103.89484687978813
9:44:6,1.153461,103.894775,0,0,0,0,0,0,0,0,0,180,forward,0,0,0,1.1533711684715882,103.89484687978813
9:44:9,1.153461,103.894775,0,0,0,0,0,0,0,0,0,180,forward,0,0,0,1.1533711684715882,103.89484687978813
9:44:11,1.153461,103.894775,0,0,0,0,0,0,0,0,0,180,forward,0,0,0,1.1533711684715882,103.89484687978813
9:44:13,1.153461,103.894775,0,0,0,0,0,0,0,0,0,180,forward,0,0,0,1.1533711684715882,103.89484687978813
9:44:15,1.153461,103.894775,0,0,0,0,0,0,0,0,0,180,forward,0,0,0,1.1533711684715882,103.89484687978813
9:44:17,1.153461,103.894775,0,0,0,0,0,0,0,0,0,180,forward,0,0,0,1.1533711684715882,103.89484687978813
9:44:19,1.153461,103.894775,0,0,0,0,0,0,0,0,0,180,forward,0,0,0,1.1533711684715882,103.89484687978813
9:44:21,1.153461,103.894775,0,0,0,0,0,0,0,0,0,180,forward,0,0,0,1.1533711684715882,103.89484687978813
9:44:23,1.153461,103.894775,0,0,0,0,0,0,0,0,0,180,forward,0,0,0,1.1533711684715882,103.89484687978813
9:44:25,1.153461,103.894775,0,0,0,0,0,0,0,0,0,180,forward,0,0,0,1.1533711684715882,103.89484687978813
9:44:27,1.153461,103.894775,0,0,0,0,0,0,0,0,0,180,forward,0,0,0,1.1533711684715882,103.89484687978813
9:44:29,1.153461,103.894775,0,0,0,0,0,0,0,0,0,180,forward,0,0,0,1.1533711684715882,103.89484687978813
9:44:31,1.153461,103.894775,0,0,0,0,0,0,0,0,0,180,forward,0,0,0,1.1533711684715882,103.89484687978813
9:44:33,1.153461,103.894775,0,0,0,0,0,0,0,0,0,180,forward,0,0,0,1.1533711684715882,103.89484687978813
9:44:35,1.153461,103.894775,0,0,0,0,0,0,0,0,0,180,forward,0,0,0,1.1533711684715882,103.89484687978813
9:44:37,1.153461,103.894775,0,0,0,0,0,0,0,0,0,180,forward,0,0,0,1.1533711684715882,103.89484687978813
9:44:40,1.153461,103.894775,0,0,0,0,0,0,0,0,0,180,forward,0,0,0,1.1533711684715882,103.89484687978813
9:44:42,1.153461,103.894775,0,0,0,0,0,0,0,0,0,180,forward,0,0,0,1.1533711684715882,103.89484687978813
9:44:44,1.153461,103.894775,0,0,0,0,0,0,0,0,0,180,forward,0,0,0,1.1533711684715882,103.89484687978813
9:44:46,1.153461,103.894775,0,0,0,0,0,0,0,0,0,180,forward,0,0,0,1.1533711684715882,103.89484687978813
9:44:48,1.153461,103.894775,0,0,0,0,0,0,0,0,0,180,forward,0,0,0,1.1533711684715882,103.89484687978813
9:44:50,1.153461,103.894775,0,0,0,0,0,0,0,0,0,180,forward,0,0,0,1.1533711684715882,103.89484687978813
9:44:52,1.153461,103.894775,0,0,0,0,0,0,0,0,0,180,forward,0,0,0,1.1533711684715882,103.89484687978813
9:44:54,1.153461,103.894775,0,0,0,0,0,0,0,0,0,180,forward,0,0,0,1.1533711684715882,103.89484687978813
9:44:56,1.153461,103.894775,0,0,0,0,0,0,0,0,0,180,forward,0,0,0,1.1533711684715882,103.89484687978813
9:44:58,1.153461,103.894775,0,0,0,0,0,0,0,0,0,180,forward,0,0,0,1.1533711684715882,103.89484687978813
9:45:0,1.153461,103.894775,0,0,0,0,0,0,0,0,0,180,forward,0,0,0,1.1533711684715882,103.89484687978813
9:45:3,1.153461,103.894775,0,0,0,0,0,0,0,0,0,180,forward,0,0,0,1.1533711684715882,103.89484687978813
9:45:5,1.153461,103.894775,0,0,0,0,0,0,0,0,0,180,forward,0,0,0,1.1533711684715882,103.89484687978813
9:45:7,1.153461,103.894775,0,0,0,0,0,0,0,0,0,180,forward,0,0,0,1.1533711684715882,103.89484687978813
9:45:9,1.153461,103.894775,0,0,0,0,0,0,0,0,0,180,forward,0,0,0,1.1533711684715882,103.89484687978813
9:45:11,1.153461,103.894775,0,0,0,0,0,0,0,0,0,180,forward,0,0,0,1.1533711684715882,103.89484687978813
9:45:13,1.153461,103.894775,0,0,0,0,0,0,0,0,0,180,forward,0,0,0,1.1533711684715882,103.89484687978813
9:45:15,1.153461,103.894775,0,0,0,0,0,0,0,0,0,180,forward,0,0,0,1.1533711684715882,103.89484687978813
9:45:17,1.153461,103.894775,0,0,0,0,0,0,0,0,0,180,forward,0,0,0,1.1533711684715882,103.89484687978813
9:45:19,1.153461,103.894775,0,0,0,0,0,0,0,0,0,180,forward,0,0,0,1.1533711684715882,103.89484687978813
9:45:21,1.153461,103.894775,0,0,0,0,0,0,0,0,0,180,forward,0,0,0,1.1533711684715882,103.89484687978813
9:45:23,1.153461,103.894775,0,0,0,0,0,0,0,0,0,180,forward,0,0,0,1.1533711684715882,103.89484687978813
9:45:25,1.153461,103.894775,0,0,0,0,0,0,0,0,0,180,forward,0,0,0,1.1533711684715882,103.89484687978813
9:45:27,1.153461,103.894775,0,0,0,0,0,0,0,0,0,180,forward,0,0,0,1.1533711684715882,103.89484687978813
9:45:29,1.153461,103.894775,0,0,0,0,0,0,0,0,0,180,forward,0,0,0,1.1533711684715882,103.89484687978813
9:45:31,1.153461,103.894775,0,0,0,0,0,0,0,0,0,180,forward,0,0,0,1.1533711684715882,103.89484687978813
9:45:33,1.153461,103.894775,0,0,0,0,0,0,0,0,0,180,forward,0,0,0,1.1533711684715882,103.89484687978813
9:45:36,1.153461,103.894775,0,0,0,0,0,0,0,0,0,180,forward,0,0,0,1.1533711684715882,103.89484687978813
9:45:38,1.153461,103.894775,0,0,0,0,0,0,0,0,0,180,forward,0,0,0,1.1533711684715882,103.89484687978813
9:45:40,1.153461,103.894775,0,0,0,0,0,0,0,0,0,180,forward,0,0,0,1.1533711684715882,103.89484687978813
9:45:42,1.153461,103.894775,0,0,0,0,0,0,0,0,0,180,forward,0,0,0,1.1533711684715882,103.89484687978813
9:45:44,1.153461,103.894775,0,0,0,0,0,0,0,0,0,180,forward,0,0,0,1.1533711684715882,103.89484687978813
9:45:46,1.153461,103.894775,0,0,0,0,0,0,0,0,0,180,forward,0,0,0,1.1533711684715882,103.89484687978813
9:45:48,1.153461,103.894775,0,0,0,0,0,0,0,0,0,180,forward,0,0,0,1.1533711684715882,103.89484687978813
9:45:50,1.153461,103.894775,0,0,0,0,0,0,0,0,0,180,forward,0,0,0,1.1533711684715882,103.89484687978813
9:45:52,1.153461,103.894775,0,0,0,0,0,0,0,0,0,180,forward,0,0,0,1.1533711684715882,103.89484687978813
9:45:54,1.153461,103.894775,0,0,0,0,0,0,0,0,0,180,forward,0,0,0,1.1533711684715882,103.89484687978813
9:45:56,1.153461,103.894775,0,0,0,0,0,0,0,0,0,180,forward,0,0,0,1.1533711684715882,103.89484687978813
9:45:58,1.153461,103.894775,0,0,0,0,0,0,0,0,0,180,forward,0,0,0,1.1533711684715882,103.89484687978813
9:46:0,1.153461,103.894775,0,0,0,0,0,0,0,0,0,180,forward,0,0,0,1.1533711684715882,103.89484687978813
9:46:2,1.153461,103.894775,0,0,0,0,0,0,0,0,0,180,forward,0,0,0,1.1533711684715882,103.89484687978813
9:46:5,1.153461,103.894775,0,0,0,0,0,0,0,0,0,180,forward,0,0,0,1.1533711684715882,103.89484687978813
9:46:7,1.153461,103.894775,0,0,0,0,0,0,0,0,0,180,forward,0,0,0,1.1533711684715882,103.89484687978813
9:46:9,1.153461,103.894775,0,0,0,0,0,0,0,0,0,180,forward,0,0,0,1.1533711684715882,103.89484687978813
9:46:11,1.153461,103.894775,0,0,0,0,0,0,0,0,0,180,forward,0,0,0,1.1533711684715882,103.89484687978813
9:46:13,1.153461,103.894775,0,0,0,0,0,0,0,0,0,180,forward,0,0,0,1.1533711684715882,103.89484687978813
9:46:15,1.153461,103.894775,0,0,0,0,0,0,0,0,0,180,forward,0,0,0,1.1533711684715882,103.89484687978813
9:46:17,1.153461,103.894775,0,0,0,0,0,0,0,0,0,180,forward,0,0,0,1.1533711684715882,103.89484687978813
9:46:19,1.153461,103.894775,0,0,0,0,0,0,0,0,0,180,forward,0,0,0,1.1533711684715882,103.89484687978813
9:46:21,1.153461,103.894775,0,0,0,0,0,0,0,0,0,180,forward,0,0,0,1.1533711684715882,103.89484687978813
9:46:23,1.153461,103.894775,0,0,0,0,0,0,0,0,0,180,forward,0,0,0,1.1533711684715882,103.89484687978813
9:46:25,1.153461,103.894775,0,0,0,0,0,0,0,0,0,180,forward,0,0,0,1.1533711684715882,103.89484687978813
9:46:27,1.153461,103.894775,0,0,0,0,0,0,0,0,0,180,forward,0,0,0,1.1533711684715882,103.89484687978813
9:46:29,1.153461,103.894775,0,0,0,0,0,0,0,0,0,180,forward,0,0,0,1.1533711684715882,103.89484687978813
9:46:31,1.153461,103.894775,0,0,0,0,0,0,0,0,0,180,forward,0,0,0,1.1533711684715882,103.89484687978813
9:46:33,1.153461,103.894775,0,0,0,0,0,0,0,0,0,180,forward,0,0,0,1.1533711684715882,103.89484687978813
9:46:36,1.153461,103.894775,0,0,0,0,0,0,0,0,0,180,forward,0,0,0,1.1533711684715882,103.89484687978813
9:46:38,1.153461,103.894775,0,0,0,0,0,0,0,0,0,180,forward,0,0,0,1.1533711684715882,103.89484687978813
9:46:40,1.153461,103.894775,0,0,0,0,0,0,0,0,0,180,forward,0,0,0,1.1533711684715882,103.89484687978813
9:46:42,1.153461,103.894775,0,0,0,0,0,0,0,0,0,180,forward,0,0,0,1.1533711684715882,103.89484687978813
9:46:44,1.153461,103.894775,0,0,0,0,0,0,0,0,0,180,forward,0,0,0,1.1533711684715882,103.89484687978813
9:46:46,1.153461,103.894775,0,0,0,0,0,0,0,0,0,180,forward,0,0,0,1.1533711684715882,103.89484687978813
9:46:48,1.153461,103.894775,0,0,0,0,0,0,0,0,0,180,forward,0,0,0,1.1533711684715882,103.89484687978813
9:46:50,1.153461,103.894775,0,0,0,0,0,0,0,0,0,180,forward,0,0,0,1.1533711684715882,103.89484687978813
9:46:52,1.153461,103.894775,0,0,0,0,0,0,0,0,0,180,forward,0,0,0,1.1533711684715882,103.89484687978813
9:46:54,1.153461,103.894775,0,0,0,0,0,0,0,0,0,180,forward,0,0,0,1.1533711684715882,103.89484687978813
9:46:56,1.153461,103.894775,0,0,0,0,0,0,0,0,0,180,forward,0,0,0,1.1533711684715882,103.89484687978813
9:46:58,1.153461,103.894775,0,0,0,0,0,0,0,0,0,180,forward,0,0,0,1.1533711684715882,103.89484687978813
9:47:0,1.153461,103.894775,0,0,0,0,0,0,0,0,0,180,forward,0,0,0,1.1533711684715882,103.89484687978813
9:47:3,1.153461,103.894775,0,0,0,0,0,0,0,0,0,180,forward,0,0,0,1.1533711684715882,103.89484687978813
9:47:5,1.153461,103.894775,0,0,0,0,0,0,0,0,0,180,forward,0,0,0,1.1533711684715882,103.89484687978813
9:47:7,1.153461,103.894775,0,0,0,0,0,0,0,0,0,180,forward,0,0,0,1.1533711684715882,103.89484687978813
9:47:9,1.153461,103.894775,0,0,0,0,0,0,0,0,0,180,forward,0,0,0,1.1533711684715882,103.89484687978813
9:47:11,1.153461,103.894775,0,0,0,0,0,0,0,0,0,180,forward,0,0,0,1.1533711684715882,103.89484687978813
9:47:13,1.153461,103.894775,0,0,0,0,0,0,0,0,0,180,forward,0,0,0,1.1533711684715882,103.89484687978813
9:47:15,1.153461,103.894775,0,0,0,0,0,0,0,0,0,180,forward,0,0,0,1.1533711684715882,103.89484687978813
9:47:17,1.153461,103.894775,0,0,0,0,0,0,0,0,0,180,forward,0,0,0,1.1533711684715882,103.89484687978813
9:47:19,1.153461,103.894775,0,0,0,0,0,0,0,0,0,180,forward,0,0,0,1.1533711684715882,103.89484687978813
9:47:21,1.153461,103.894775,0,0,0,0,0,0,0,0,0,180,forward,0,0,0,1.1533711684715882,103.89484687978813
9:47:23,1.153461,103.894775,0,0,0,0,0,0,0,0,0,180,forward,0,0,0,1.1533711684715882,103.89484687978813
9:47:25,1.153461,103.894775,0,0,0,0,0,0,0,0,0,180,forward,0,0,0,1.1533711684715882,103.89484687978813
9:47:27,1.153461,103.894775,0,0,0,0,0,0,0,0,0,180,forward,0,0,0,1.1533711684715882,103.89484687978813
9:47:29,1.153461,103.894775,0,0,0,0,0,0,0,0,0,180,forward,0,0,0,1.1533711684715882,103.89484687978813
9:47:31,1.153461,103.894775,0,0,0,0,0,0,0,0,0,180,forward,0,0,0,1.1533711684715882,103.89484687978813
9:47:34,1.153461,103.894775,0,0,0,0,0,0,0,0,0,180,forward,0,0,0,1.1533711684715882,103.89484687978813
9:47:36,1.153461,103.894775,0,0,0,0,0,0,0,0,0,180,forward,0,0,0,1.1533711684715882,103.89484687978813
9:47:38,1.153461,103.894775,0,0,0,0,0,0,0,0,0,180,forward,0,0,0,1.1533711684715882,103.89484687978813
9:47:40,1.153461,103.894775,0,0,0,0,0,0,0,0,0,180,forward,0,0,0,1.1533711684715882,103.89484687978813
9:47:42,1.153461,103.894775,0,0,0,0,0,0,0,0,0,180,forward,0,0,0,1.1533711684715882,103.89484687978813
9:47:44,1.153461,103.894775,0,0,0,0,0,0,0,0,0,180,forward,0,0,0,1.1533711684715882,103.89484687978813
9:47:46,1.153461,103.894775,0,0,0,0,0,0,0,0,0,180,forward,0,0,0,1.1533711684715882,103.89484687978813
9:47:48,1.153461,103.894775,0,0,0,0,0,0,0,0,0,180,forward,0,0,0,1.1533711684715882,103.89484687978813
9:47:50,1.153461,103.894775,0,0,0,0,0,0,0,0,0,180,forward,0,0,0,1.1533711684715882,103.89484687978813
9:47:52,1.153461,103.894775,0,0,0,0,0,0,0,0,0,180,forward,0,0,0,1.1533711684715882,103.89484687978813
9:47:54,1.153461,103.894775,0,0,0,0,0,0,0,0,0,180,forward,0,0,0,1.1533711684715882,103.89484687978813
9:47:56,1.153461,103.894775,0,0,0,0,0,0,0,0,0,180,forward,0,0,0,1.1533711684715882,103.89484687978813
9:47:58,1.153461,103.894775,0,0,0,0,0,0,0,0,0,180,forward,0,0,0,1.1533711684715882,103.89484687978813
9:48:1,1.153461,103.894775,0,0,0,0,0,0,0,0,0,180,forward,0,0,0,1.1533711684715882,103.89484687978813
9:48:3,1.153461,103.894775,0,0,0,0,0,0,0,0,0,180,forward,0,0,0,1.1533711684715882,103.89484687978813
9:48:5,1.153461,103.894775,0,0,0,0,0,0,0,0,0,180,forward,0,0,0,1.1533711684715882,103.89484687978813
9:48:7,1.153461,103.894775,0,0,0,0,0,0,0,0,0,180,forward,0,0,0,1.1533711684715882,103.89484687978813
9:48:9,1.153461,103.894775,0,0,0,0,0,0,0,0,0,180,forward,0,0,0,1.1533711684715882,103.89484687978813
9:48:11,1.153461,103.894775,0,0,0,0,0,0,0,0,0,180,forward,0,0,0,1.1533711684715882,103.89484687978813
9:48:13,1.153461,103.894775,0,0,0,0,0,0,0,0,0,180,forward,0,0,0,1.1533711684715882,103.89484687978813
9:48:15,1.153461,103.894775,0,0,0,0,0,0,0,0,0,180,forward,0,0,0,1.1533711684715882,103.89484687978813
9:48:17,1.153461,103.894775,0,0,0,0,0,0,0,0,0,180,forward,0,0,0,1.1533711684715882,103.89484687978813
9:48:19,1.153461,103.894775,0,0,0,0,0,0,0,0,0,180,forward,0,0,0,1.1533711684715882,103.89484687978813
9:48:21,1.153461,103.894775,0,0,0,0,0,0,0,0,0,180,forward,0,0,0,1.1533711684715882,103.89484687978813
9:48:23,1.153461,103.894775,0,0,0,0,0,0,0,0,0,180,forward,0,0,0,1.1533711684715882,103.89484687978813
9:48:26,1.153461,103.894775,0,0,0,0,0,0,0,0,0,180,forward,0,0,0,1.1533711684715882,103.89484687978813
9:48:28,1.153461,103.894775,0,0,0,0,0,0,0,0,0,180,forward,0,0,0,1.1533711684715882,103.89484687978813
9:48:30,1.153461,103.894775,0,0,0,0,0,0,0,0,0,180,forward,0,0,0,1.1533711684715882,103.89484687978813
9:48:32,1.153461,103.894775,0,0,0,0,0,0,0,0,0,180,forward,0,0,0,1.1533711684715882,103.89484687978813
9:48:34,1.153461,103.894775,0,0,0,0,0,0,0,0,0,180,forward,0,0,0,1.1533711684715882,103.89484687978813
9:48:36,1.153461,103.894775,0,0,0,0,0,0,0,0,0,180,forward,0,0,0,1.1533711684715882,103.89484687978813
9:48:38,1.153461,103.894775,0,0,0,0,0,0,0,0,0,180,forward,0,0,0,1.1533711684715882,103.89484687978813
9:48:40,1.153461,103.894775,0,0,0,0,0,0,0,0,0,180,forward,0,0,0,1.1533711684715882,103.89484687978813
9:48:42,1.153461,103.894775,0,0,0,0,0,0,0,0,0,180,forward,0,0,0,1.1533711684715882,103.89484687978813
9:48:44,1.153461,103.894775,0,0,0,0,0,0,0,0,0,180,forward,0,0,0,1.1533711684715882,103.89484687978813
9:48:46,1.153461,103.894775,0,0,0,0,0,0,0,0,0,180,forward,0,0,0,1.1533711684715882,103.89484687978813
9:48:48,1.153461,103.894775,0,0,0,0,0,0,0,0,0,180,forward,0,0,0,1.1533711684715882,103.89484687978813
9:48:50,1.153461,103.894775,0,0,0,0,0,0,0,0,0,180,forward,0,0,0,1.1533711684715882,103.89484687978813
9:48:52,1.153461,103.894775,0,0,0,0,0,0,0,0,0,180,forward,0,0,0,1.1533711684715882,103.89484687978813
9:48:55,1.153461,103.894775,0,0,0,0,0,0,0,0,0,180,forward,0,0,0,1.1533711684715882,103.89484687978813
9:48:57,1.153461,103.894775,0,0,0,0,0,0,0,0,0,180,forward,0,0,0,1.1533711684715882,103.89484687978813
9:48:59,1.153461,103.894775,0,0,0,0,0,0,0,0,0,180,forward,0,0,0,1.1533711684715882,103.89484687978813
9:49:1,1.153461,103.894775,0,0,0,0,0,0,0,0,0,180,forward,0,0,0,1.1533711684715882,103.89484687978813
9:49:3,1.153461,103.894775,0,0,0,0,0,0,0,0,0,180,forward,0,0,0,1.1533711684715882,103.89484687978813
9:49:5,1.153461,103.894775,0,0,0,0,0,0,0,0,0,180,forward,0,0,0,1.1533711684715882,103.89484687978813
9:49:7,1.153461,103.894775,0,0,0,0,0,0,0,0,0,180,forward,0,0,0,1.1533711684715882,103.89484687978813
9:49:9,1.153461,103.894775,0,0,0,0,0,0,0,0,0,180,forward,0,0,0,1.1533711684715882,103.89484687978813
9:49:11,1.153461,103.894775,0,0,0,0,0,0,0,0,0,180,forward,0,0,0,1.1533711684715882,103.89484687978813
9:49:13,1.153461,103.894775,0,0,0,0,0,0,0,0,0,180,forward,0,0,0,1.1533711684715882,103.89484687978813
9:49:15,1.153461,103.894775,0,0,0,0,0,0,0,0,0,180,forward,0,0,0,1.1533711684715882,103.89484687978813
9:49:17,1.153461,103.894775,0,0,0,0,0,0,0,0,0,180,forward,0,0,0,1.1533711684715882,103.89484687978813
9:49:19,1.153461,103.894775,0,0,0,0,0,0,0,0,0,180,forward,0,0,0,1.1533711684715882,103.89484687978813
9:49:22,1.153461,103.894775,0,0,0,0,0,0,0,0,0,180,forward,0,0,0,1.1533711684715882,103.89484687978813
9:49:24,1.153461,103.894775,0,0,0,0,0,0,0,0,0,180,forward,0,0,0,1.1533711684715882,103.89484687978813
9:49:26,1.153461,103.894775,0,0,0,0,0,0,0,0,0,180,forward,0,0,0,1.1533711684715882,103.89484687978813
9:49:28,1.153461,103.894775,0,0,0,0,0,0,0,0,0,180,forward,0,0,0,1.1533711684715882,103.89484687978813
9:49:30,1.153461,103.894775,0,0,0,0,0,0,0,0,0,180,forward,0,0,0,1.1533711684715882,103.89484687978813
9:49:32,1.153461,103.894775,0,0,0,0,0,0,0,0,0,180,forward,0,0,0,1.1533711684715882,103.89484687978813
9:49:34,1.153461,103.894775,0,0,0,0,0,0,0,0,0,180,forward,0,0,0,1.1533711684715882,103.89484687978813
9:49:36,1.153461,103.894775,0,0,0,0,0,0,0,0,0,180,forward,0,0,0,1.1533711684715882,103.89484687978813
9:49:38,1.153461,103.894775,0,0,0,0,0,0,0,0,0,180,forward,0,0,0,1.1533711684715882,103.89484687978813
9:49:40,1.153461,103.894775,0,0,0,0,0,0,0,0,0,180,forward,0,0,0,1.1533711684715882,103.89484687978813
9:49:42,1.153461,103.894775,0,0,0,0,0,0,0,0,0,180,forward,0,0,0,1.1533711684715882,103.89484687978813
9:49:44,1.153461,103.894775,0,0,0,0,0,0,0,0,0,180,forward,0,0,0,1.1533711684715882,103.89484687978813
9:49:47,1.153461,103.894775,0,0,0,0,0,0,0,0,0,180,forward,0,0,0,1.1533711684715882,103.89484687978813
9:49:49,1.153461,103.894775,0,0,0,0,0,0,0,0,0,180,forward,0,0,0,1.1533711684715882,103.89484687978813
9:49:51,1.153461,103.894775,0,0,0,0,0,0,0,0,0,180,forward,0,0,0,1.1533711684715882,103.89484687978813
9:49:53,1.153461,103.894775,0,0,0,0,0,0,0,0,0,180,forward,0,0,0,1.1533711684715882,103.89484687978813
9:49:55,1.153461,103.894775,0,0,0,0,0,0,0,0,0,180,forward,0,0,0,1.1533711684715882,103.89484687978813
9:49:57,1.153461,103.894775,0,0,0,0,0,0,0,0,0,180,forward,0,0,0,1.1533711684715882,103.89484687978813
9:49:59,1.153461,103.894775,0,0,0,0,0,0,0,0,0,180,forward,0,0,0,1.1533711684715882,103.89484687978813
9:50:1,1.153461,103.894775,0,0,0,0,0,0,0,0,0,180,forward,0,0,0,1.1533711684715882,103.89484687978813
9:50:3,1.153461,103.894775,0,0,0,0,0,0,0,0,0,180,forward,0,0,0,1.1533711684715882,103.89484687978813
9:50:5,1.153461,103.894775,0,0,0,0,0,0,0,0,0,180,forward,0,0,0,1.1533711684715882,103.89484687978813
9:50:7,1.153461,103.894775,0,0,0,0,0,0,0,0,0,180,forward,0,0,0,1.1533711684715882,103.89484687978813
9:50:9,1.153461,103.894775,0,0,0,0,0,0,0,0,0,180,forward,0,0,0,1.1533711684715882,103.89484687978813
9:50:11,1.153461,103.894775,0,0,0,0,0,0,0,0,0,180,forward,0,0,0,1.1533711684715882,103.89484687978813
9:50:14,1.153461,103.894775,0,0,0,0,0,0,0,0,0,180,forward,0,0,0,1.1533711684715882,103.89484687978813
9:50:16,1.153461,103.894775,0,0,0,0,0,0,0,0,0,180,forward,0,0,0,1.1533711684715882,103.89484687978813
9:50:18,1.153461,103.894775,0,0,0,0,0,0,0,0,0,180,forward,0,0,0,1.1533711684715882,103.89484687978813
9:50:20,1.153461,103.894775,0,0,0,0,0,0,0,0,0,180,forward,0,0,0,1.1533711684715882,103.89484687978813
9:50:22,1.153461,103.894775,0,0,0,0,0,0,0,0,0,180,forward,0,0,0,1.1533711684715882,103.89484687978813
9:50:24,1.153461,103.894775,0,0,0,0,0,0,0,0,0,180,forward,0,0,0,1.1533711684715882,103.89484687978813
9:50:26,1.153461,103.894775,0,0,0,0,0,0,0,0,0,180,forward,0,0,0,1.1533711684715882,103.89484687978813
9:50:28,1.153461,103.894775,0,0,0,0,0,0,0,0,0,180,forward,0,0,0,1.1533711684715882,103.89484687978813
9:50:30,1.153461,103.894775,0,0,0,0,0,0,0,0,0,180,forward,0,0,0,1.1533711684715882,103.89484687978813
9:50:32,1.153461,103.894775,0,0,0,0,0,0,0,0,0,180,forward,0,0,0,1.1533711684715882,103.89484687978813
9:50:34,1.153461,103.894775,0,0,0,0,0,0,0,0,0,180,forward,0,0,0,1.1533711684715882,103.89484687978813
9:50:36,1.153461,103.894775,0,0,0,0,0,0,0,0,0,180,forward,0,0,0,1.1533711684715882,103.89484687978813
9:50:38,1.153461,103.894775,0,0,0,0,0,0,0,0,0,180,forward,0,0,0,1.1533711684715882,103.89484687978813
9:50:40,1.153461,103.894775,0,0,0,0,0,0,0,0,0,180,forward,0,0,0,1.1533711684715882,103.89484687978813
9:50:42,1.153461,103.894775,0,0,0,0,0,0,0,0,0,180,forward,0,0,0,1.1533711684715882,103.89484687978813
9:50:44,1.153461,103.894775,0,0,0,0,0,0,0,0,0,180,forward,0,0,0,1.1533711684715882,103.89484687978813
9:50:47,1.153461,103.894775,0,0,0,0,0,0,0,0,0,180,forward,0,0,0,1.1533711684715882,103.89484687978813
9:50:49,1.153461,103.894775,0,0,0,0,0,0,0,0,0,180,forward,0,0,0,1.1533711684715882,103.89484687978813
9:50:51,1.153461,103.894775,0,0,0,0,0,0,0,0,0,180,forward,0,0,0,1.1533711684715882,103.89484687978813
9:50:53,1.153461,103.894775,0,0,0,0,0,0,0,0,0,180,forward,0,0,0,1.1533711684715882,103.89484687978813
9:50:55,1.153461,103.894775,0,0,0,0,0,0,0,0,0,180,forward,0,0,0,1.1533711684715882,103.89484687978813
9:50:57,1.153461,103.894775,0,0,0,0,0,0,0,0,0,180,forward,0,0,0,1.1533711684715882,103.89484687978813
9:50:59,1.153461,103.894775,0,0,0,0,0,0,0,0,0,180,forward,0,0,0,1.1533711684715882,103.89484687978813
9:51:1,1.153461,103.894775,0,0,0,0,0,0,0,0,0,180,forward,0,0,0,1.1533711684715882,103.89484687978813
9:51:3,1.153461,103.894775,0,0,0,0,0,0,0,0,0,180,forward,0,0,0,1.1533711684715882,103.89484687978813
9:51:5,1.153461,103.894775,0,0,0,0,0,0,0,0,0,180,forward,0,0,0,1.1533711684715882,103.89484687978813
9:51:7,1.153461,103.894775,0,0,0,0,0,0,0,0,0,180,forward,0,0,0,1.1533711684715882,103.89484687978813
9:51:10,1.153461,103.894775,0,0,0,0,0,0,0,0,0,180,forward,0,0,0,1.1533711684715882,103.89484687978813
9:51:12,1.153461,103.894775,0,0,0,0,0,0,0,0,0,180,forward,0,0,0,1.1533711684715882,103.89484687978813
9:51:14,1.153461,103.894775,0,0,0,0,0,0,0,0,0,180,forward,0,0,0,1.1533711684715882,103.89484687978813
9:51:16,1.153461,103.894775,0,0,0,0,0,0,0,0,0,180,forward,0,0,0,1.1533711684715882,103.89484687978813
9:51:18,1.153461,103.894775,0,0,0,0,0,0,0,0,0,180,forward,0,0,0,1.1533711684715882,103.89484687978813
9:51:20,1.153461,103.894775,0,0,0,0,0,0,0,0,0,180,forward,0,0,0,1.1533711684715882,103.89484687978813
9:51:22,1.153461,103.894775,0,0,0,0,0,0,0,0,0,180,forward,0,0,0,1.1533711684715882,103.89484687978813
9:51:24,1.153461,103.894775,0,0,0,0,0,0,0,0,0,180,forward,0,0,0,1.1533711684715882,103.89484687978813
9:51:26,1.153461,103.894775,0,0,0,0,0,0,0,0,0,180,forward,0,0,0,1.1533711684715882,103.89484687978813
9:51:28,1.153461,103.894775,0,0,0,0,0,0,0,0,0,180,forward,0,0,0,1.1533711684715882,103.89484687978813
9:51:30,1.153461,103.894775,0,0,0,0,0,0,0,0,0,180,forward,0,0,0,1.1533711684715882,103.89484687978813
9:51:32,1.153461,103.894775,0,0,0,0,0,0,0,0,0,180,forward,0,0,0,1.1533711684715882,103.89484687978813
9:51:34,1.153461,103.894775,0,0,0,0,0,0,0,0,0,180,forward,0,0,0,1.1533711684715882,103.89484687978813
9:51:37,1.153461,103.894775,0,0,0,0,0,0,0,0,0,180,forward,0,0,0,1.1533711684715882,103.89484687978813
9:51:39,1.153461,103.894775,0,0,0,0,0,0,0,0,0,180,forward,0,0,0,1.1533711684715882,103.89484687978813
9:51:41,1.153461,103.894775,0,0,0,0,0,0,0,0,0,180,forward,0,0,0,1.1533711684715882,103.89484687978813
9:51:43,1.153461,103.894775,0,0,0,0,0,0,0,0,0,180,forward,0,0,0,1.1533711684715882,103.89484687978813
9:51:45,1.153461,103.894775,0,0,0,0,0,0,0,0,0,180,forward,0,0,0,1.1533711684715882,103.89484687978813
9:51:47,1.153461,103.894775,0,0,0,0,0,0,0,0,0,180,forward,0,0,0,1.1533711684715882,103.89484687978813
9:51:49,1.153461,103.894775,0,0,0,0,0,0,0,0,0,180,forward,0,0,0,1.1533711684715882,103.89484687978813
9:51:51,1.153461,103.894775,0,0,0,0,0,0,0,0,0,180,forward,0,0,0,1.1533711684715882,103.89484687978813
9:51:53,1.153461,103.894775,0,0,0,0,0,0,0,0,0,180,forward,0,0,0,1.1533711684715882,103.89484687978813
9:51:55,1.153461,103.894775,0,0,0,0,0,0,0,0,0,180,forward,0,0,0,1.1533711684715882,103.89484687978813
9:51:58,1.153461,103.894775,0,0,0,0,0,0,0,0,0,180,forward,0,0,0,1.1533711684715882,103.89484687978813
9:52:0,1.153461,103.894775,0,0,0,0,0,0,0,0,0,180,forward,0,0,0,1.1533711684715882,103.89484687978813
9:52:2,1.153461,103.894775,0,0,0,0,0,0,0,0,0,180,forward,0,0,0,1.1533711684715882,103.89484687978813
9:52:4,1.153461,103.894775,0,0,0,0,0,0,0,0,0,180,forward,0,0,0,1.1533711684715882,103.89484687978813
9:52:6,1.153461,103.894775,0,0,0,0,0,0,0,0,0,180,forward,0,0,0,1.1533711684715882,103.89484687978813
9:52:8,1.153461,103.894775,0,0,0,0,0,0,0,0,0,180,forward,0,0,0,1.1533711684715882,103.89484687978813
9:52:10,1.153461,103.894775,0,0,0,0,0,0,0,0,0,180,forward,0,0,0,1.1533711684715882,103.89484687978813
9:52:12,1.153461,103.894775,0,0,0,0,0,0,0,0,0,180,forward,0,0,0,1.1533711684715882,103.89484687978813
9:52:14,1.153461,103.894775,0,0,0,0,0,0,0,0,0,180,forward,0,0,0,1.1533711684715882,103.89484687978813
9:52:16,1.153461,103.894775,0,0,0,0,0,0,0,0,0,180,forward,0,0,0,1.1533711684715882,103.89484687978813
9:52:18,1.153461,103.894775,0,0,0,0,0,0,0,0,0,180,forward,0,0,0,1.1533711684715882,103.89484687978813
9:52:20,1.153461,103.894775,0,0,0,0,0,0,0,0,0,180,forward,0,0,0,1.1533711684715882,103.89484687978813
9:52:23,1.153461,103.894775,0,0,0,0,0,0,0,0,0,180,forward,0,0,0,1.1533711684715882,103.89484687978813
9:52:25,1.153461,103.894775,0,0,0,0,0,0,0,0,0,180,forward,0,0,0,1.1533711684715882,103.89484687978813
9:52:27,1.153461,103.894775,0,0,0,0,0,0,0,0,0,180,forward,0,0,0,1.1533711684715882,103.89484687978813
9:52:29,1.153461,103.894775,0,0,0,0,0,0,0,0,0,180,forward,0,0,0,1.1533711684715882,103.89484687978813
9:52:31,1.153461,103.894775,0,0,0,0,0,0,0,0,0,180,forward,0,0,0,1.1533711684715882,103.89484687978813
9:52:33,1.153461,103.894775,0,0,0,0,0,0,0,0,0,180,forward,0,0,0,1.1533711684715882,103.89484687978813
9:52:35,1.153461,103.894775,0,0,0,0,0,0,0,0,0,180,forward,0,0,0,1.1533711684715882,103.89484687978813
9:52:37,1.153461,103.894775,0,0,0,0,0,0,0,0,0,180,forward,0,0,0,1.1533711684715882,103.89484687978813
9:52:39,1.153461,103.894775,0,0,0,0,0,0,0,0,0,180,forward,0,0,0,1.1533711684715882,103.89484687978813
9:52:41,1.153461,103.894775,0,0,0,0,0,0,0,0,0,180,forward,0,0,0,1.1533711684715882,103.89484687978813
9:52:43,1.153461,103.894775,0,0,0,0,0,0,0,0,0,180,forward,0,0,0,1.1533711684715882,103.89484687978813
9:52:45,1.153461,103.894775,0,0,0,0,0,0,0,0,0,180,forward,0,0,0,1.1533711684715882,103.89484687978813
9:52:48,1.153461,103.894775,0,0,0,0,0,0,0,0,0,180,forward,0,0,0,1.1533711684715882,103.89484687978813
9:52:50,1.153461,103.894775,0,0,0,0,0,0,0,0,0,180,forward,0,0,0,1.1533711684715882,103.89484687978813
9:52:52,1.153461,103.894775,0,0,0,0,0,0,0,0,0,180,forward,0,0,0,1.1533711684715882,103.89484687978813
9:52:54,1.153461,103.894775,0,0,0,0,0,0,0,0,0,180,forward,0,0,0,1.1533711684715882,103.89484687978813
9:52:56,1.153461,103.894775,0,0,0,0,0,0,0,0,0,180,forward,0,0,0,1.1533711684715882,103.89484687978813
9:52:58,1.153461,103.894775,0,0,0,0,0,0,0,0,0,180,forward,0,0,0,1.1533711684715882,103.89484687978813
9:53:0,1.153461,103.894775,0,0,0,0,0,0,0,0,0,180,forward,0,0,0,1.1533711684715882,103.89484687978813
9:53:2,1.153461,103.894775,0,0,0,0,0,0,0,0,0,180,forward,0,0,0,1.1533711684715882,103.89484687978813
9:53:4,1.153461,103.894775,0,0,0,0,0,0,0,0,0,180,forward,0,0,0,1.1533711684715882,103.89484687978813
9:53:6,1.153461,103.894775,0,0,0,0,0,0,0,0,0,180,forward,0,0,0,1.1533711684715882,103.89484687978813
9:53:8,1.153461,103.894775,0,0,0,0,0,0,0,0,0,180,forward,0,0,0,1.1533711684715882,103.89484687978813
9:53:10,1.153461,103.894775,0,0,0,0,0,0,0,0,0,180,forward,0,0,0,1.1533711684715882,103.89484687978813
9:53:12,1.153461,103.894775,0,0,0,0,0,0,0,0,0,180,forward,0,0,0,1.1533711684715882,103.89484687978813
9:53:14,1.153461,103.894775,0,0,0,0,0,0,0,0,0,180,forward,0,0,0,1.1533711684715882,103.89484687978813
9:53:16,1.153461,103.894775,0,0,0,0,0,0,0,0,0,180,forward,0,0,0,1.1533711684715882,103.89484687978813
9:53:18,1.153461,103.894775,0,0,0,0,0,0,0,0,0,180,forward,0,0,0,1.1533711684715882,103.89484687978813
9:53:20,1.153461,103.894775,0,0,0,0,0,0,0,0,0,180,forward,0,0,0,1.1533711684715882,103.89484687978813
9:53:23,1.153461,103.894775,0,0,0,0,0,0,0,0,0,180,forward,0,0,0,1.1533711684715882,103.89484687978813
9:53:25,1.153461,103.894775,0,0,0,0,0,0,0,0,0,180,forward,0,0,0,1.1533711684715882,103.89484687978813
9:53:27,1.153461,103.894775,0,0,0,0,0,0,0,0,0,180,forward,0,0,0,1.1533711684715882,103.89484687978813
9:53:29,1.153461,103.894775,0,0,0,0,0,0,0,0,0,180,forward,0,0,0,1.1533711684715882,103.89484687978813
9:53:31,1.153461,103.894775,0,0,0,0,0,0,0,0,0,180,forward,0,0,0,1.1533711684715882,103.89484687978813
9:53:33,1.153461,103.894775,0,0,0,0,0,0,0,0,0,180,forward,0,0,0,1.1533711684715882,103.89484687978813
9:53:35,1.153461,103.894775,0,0,0,0,0,0,0,0,0,180,forward,0,0,0,1.1533711684715882,103.89484687978813
9:53:37,1.153461,103.894775,0,0,0,0,0,0,0,0,0,180,forward,0,0,0,1.1533711684715882,103.89484687978813
9:53:39,1.153461,103.894775,0,0,0,0,0,0,0,0,0,180,forward,0,0,0,1.1533711684715882,103.89484687978813
9:53:41,1.153461,103.894775,0,0,0,0,0,0,0,0,0,180,forward,0,0,0,1.1533711684715882,103.89484687978813
9:53:43,1.153461,103.894775,0,0,0,0,0,0,0,0,0,180,forward,0,0,0,1.1533711684715882,103.89484687978813
9:53:45,1.153461,103.894775,0,0,0,0,0,0,0,0,0,180,forward,0,0,0,1.1533711684715882,103.89484687978813
9:53:47,1.153461,103.894775,0,0,0,0,0,0,0,0,0,180,forward,0,0,0,1.1533711684715882,103.89484687978813
9:53:50,1.153461,103.894775,0,0,0,0,0,0,0,0,0,180,forward,0,0,0,1.1533711684715882,103.89484687978813
9:53:52,1.153461,103.894775,0,0,0,0,0,0,0,0,0,180,forward,0,0,0,1.1533711684715882,103.89484687978813
9:53:54,1.153461,103.894775,0,0,0,0,0,0,0,0,0,180,forward,0,0,0,1.1533711684715882,103.89484687978813
9:53:56,1.153461,103.894775,0,0,0,0,0,0,0,0,0,180,forward,0,0,0,1.1533711684715882,103.89484687978813
9:53:58,1.153461,103.894775,0,0,0,0,0,0,0,0,0,180,forward,0,0,0,1.1533711684715882,103.89484687978813
9:54:0,1.153461,103.894775,0,0,0,0,0,0,0,0,0,180,forward,0,0,0,1.1533711684715882,103.89484687978813
9:54:2,1.153461,103.894775,0,0,0,0,0,0,0,0,0,180,forward,0,0,0,1.1533711684715882,103.89484687978813
9:54:4,1.153461,103.894775,0,0,0,0,0,0,0,0,0,180,forward,0,0,0,1.1533711684715882,103.89484687978813
9:54:6,1.153461,103.894775,0,0,0,0,0,0,0,0,0,180,forward,0,0,0,1.1533711684715882,103.89484687978813
9:54:8,1.153461,103.894775,0,0,0,0,0,0,0,0,0,180,forward,0,0,0,1.1533711684715882,103.89484687978813
9:54:10,1.153461,103.894775,0,0,0,0,0,0,0,0,0,180,forward,0,0,0,1.1533711684715882,103.89484687978813
9:54:12,1.153461,103.894775,0,0,0,0,0,0,0,0,0,180,forward,0,0,0,1.1533711684715882,103.89484687978813
9:54:14,1.153461,103.894775,0,0,0,0,0,0,0,0,0,180,forward,0,0,0,1.1533711684715882,103.89484687978813
9:54:16,1.153461,103.894775,0,0,0,0,0,0,0,0,0,180,forward,0,0,0,1.1533711684715882,103.89484687978813
9:54:19,1.153461,103.894775,0,0,0,0,0,0,0,0,0,180,forward,0,0,0,1.1533711684715882,103.89484687978813
9:54:21,1.153461,103.894775,0,0,0,0,0,0,0,0,0,180,forward,0,0,0,1.1533711684715882,103.89484687978813
9:54:23,1.153461,103.894775,0,0,0,0,0,0,0,0,0,180,forward,0,0,0,1.1533711684715882,103.89484687978813
9:54:25,1.153461,103.894775,0,0,0,0,0,0,0,0,0,180,forward,0,0,0,1.1533711684715882,103.89484687978813
9:54:27,1.153461,103.894775,0,0,0,0,0,0,0,0,0,180,forward,0,0,0,1.1533711684715882,103.89484687978813
9:54:29,1.153461,103.894775,0,0,0,0,0,0,0,0,0,180,forward,0,0,0,1.1533711684715882,103.89484687978813
9:54:31,1.153461,103.894775,0,0,0,0,0,0,0,0,0,180,forward,0,0,0,1.1533711684715882,103.89484687978813
9:54:33,1.153461,103.894775,0,0,0,0,0,0,0,0,0,180,forward,0,0,0,1.1533711684715882,103.89484687978813
9:54:35,1.153461,103.894775,0,0,0,0,0,0,0,0,0,180,forward,0,0,0,1.1533711684715882,103.89484687978813
date,val latitude,val longitude,propeller speed1,propeller speed2,propeller speed3,propeller speed4,str1 target,str2 target,str3 target,str4 target,heading,heading target,mode,position_error,dir_error,payout,lat chute,long chute
9:54:48,1.153461,103.894775,0,0,0,0,0,0,0,0,0,180,forward,0,0,0,1.1533711684715882,103.89484687978813
9:54:50,1.153461,103.894775,0,0,0,0,0,0,0,0,0,180,forward,0,0,0,1.1533711684715882,103.89484687978813
9:54:52,1.153461,103.894775,0,0,0,0,0,0,0,0,0,180,forward,0,0,0,1.1533711684715882,103.89484687978813
9:54:54,1.153461,103.894775,0,0,0,0,0,0,0,0,0,180,forward,0,0,0,1.1533711684715882,103.89484687978813
9:54:56,1.153461,103.894775,0,0,0,0,0,0,0,0,0,180,forward,0,0,0,1.1533711684715882,103.89484687978813
9:54:58,1.153461,103.894775,0,0,0,0,0,0,0,0,0,180,forward,0,0,0,1.1533711684715882,103.89484687978813
9:55:0,1.153461,103.894775,0,0,0,0,0,0,0,0,0,180,forward,0,0,0,1.1533711684715882,103.89484687978813
9:55:2,1.153461,103.894775,0,0,0,0,0,0,0,0,0,180,forward,0,0,0,1.1533711684715882,103.89484687978813
9:55:4,1.153461,103.894775,0,0,0,0,0,0,0,0,0,180,forward,0,0,0,1.1533711684715882,103.89484687978813
9:55:6,1.153461,103.894775,0,0,0,0,0,0,0,0,0,180,forward,0,0,0,1.1533711684715882,103.89484687978813
9:55:8,1.153461,103.894775,0,0,0,0,0,0,0,0,0,180,forward,0,0,0,1.1533711684715882,103.89484687978813
9:55:10,1.153461,103.894775,0,0,0,0,0,0,0,0,0,180,forward,0,0,0,1.1533711684715882,103.89484687978813
9:55:12,1.153461,103.894775,0,0,0,0,0,0,0,0,0,180,forward,0,0,0,1.1533711684715882,103.89484687978813
9:55:14,1.153461,103.894775,0,0,0,0,0,0,0,0,0,180,forward,0,0,0,1.1533711684715882,103.89484687978813
9:55:16,1.153461,103.894775,0,0,0,0,0,0,0,0,0,180,forward,0,0,0,1.1533711684715882,103.89484687978813
9:55:18,1.153461,103.894775,0,0,0,0,0,0,0,0,0,180,forward,0,0,0,1.1533711684715882,103.89484687978813
9:55:21,1.153461,103.894775,0,0,0,0,0,0,0,0,0,180,forward,0,0,0,1.1533711684715882,103.89484687978813
9:55:23,1.153461,103.894775,0,0,0,0,0,0,0,0,0,180,forward,0,0,0,1.1533711684715882,103.89484687978813
9:55:25,1.153461,103.894775,0,0,0,0,0,0,0,0,0,180,forward,0,0,0,1.1533711684715882,103.89484687978813
9:55:27,1.153461,103.894775,0,0,0,0,0,0,0,0,0,180,forward,0,0,0,1.1533711684715882,103.89484687978813
9:55:29,1.153461,103.894775,0,0,0,0,0,0,0,0,0,180,forward,0,0,0,1.1533711684715882,103.89484687978813
9:55:31,1.153461,103.894775,0,0,0,0,0,0,0,0,0,180,forward,0,0,0,1.1533711684715882,103.89484687978813
9:55:33,1.153461,103.894775,0,0,0,0,0,0,0,0,0,180,forward,0,0,0,1.1533711684715882,103.89484687978813
9:55:35,1.153461,103.894775,0,0,0,0,0,0,0,0,0,180,forward,0,0,0,1.1533711684715882,103.89484687978813
9:55:37,1.153461,103.894775,0,0,0,0,0,0,0,0,0,180,forward,0,0,0,1.1533711684715882,103.89484687978813
9:55:39,1.153461,103.894775,0,0,0,0,0,0,0,0,0,180,forward,0,0,0,1.1533711684715882,103.89484687978813
9:55:41,1.153461,103.894775,0,0,0,0,0,0,0,0,0,180,forward,0,0,0,1.1533711684715882,103.89484687978813
9:55:43,1.153461,103.894775,0,0,0,0,0,0,0,0,0,180,forward,0,0,0,1.1533711684715882,103.89484687978813
9:55:45,1.153461,103.894775,0,0,0,0,0,0,0,0,0,180,forward,0,0,0,1.1533711684715882,103.89484687978813
9:55:47,1.153461,103.894775,0,0,0,0,0,0,0,0,0,180,forward,0,0,0,1.1533711684715882,103.89484687978813
9:55:49,1.153461,103.894775,0,0,0,0,0,0,0,0,0,180,forward,0,0,0,1.1533711684715882,103.89484687978813
9:55:51,1.153461,103.894775,0,0,0,0,0,0,0,0,0,180,forward,0,0,0,1.1533711684715882,103.89484687978813
9:55:53,1.153461,103.894775,0,0,0,0,0,0,0,0,0,180,forward,0,0,0,1.1533711684715882,103.89484687978813
9:55:56,1.153461,103.894775,0,0,0,0,0,0,0,0,0,180,forward,0,0,0,1.1533711684715882,103.89484687978813
9:55:58,1.153461,103.894775,0,0,0,0,0,0,0,0,0,180,forward,0,0,0,1.1533711684715882,103.89484687978813
9:56:0,1.153461,103.894775,0,0,0,0,0,0,0,0,0,180,forward,0,0,0,1.1533711684715882,103.89484687978813
9:56:2,1.153461,103.894775,0,0,0,0,0,0,0,0,0,180,forward,0,0,0,1.1533711684715882,103.89484687978813
9:56:4,1.153461,103.894775,0,0,0,0,0,0,0,0,0,180,forward,0,0,0,1.1533711684715882,103.89484687978813
9:56:6,1.153461,103.894775,0,0,0,0,0,0,0,0,0,180,forward,0,0,0,1.1533711684715882,103.89484687978813
9:56:8,1.153461,103.894775,0,0,0,0,0,0,0,0,0,180,forward,0,0,0,1.1533711684715882,103.89484687978813
9:56:10,1.153461,103.894775,0,0,0,0,0,0,0,0,0,180,forward,0,0,0,1.1533711684715882,103.89484687978813
9:56:12,1.153461,103.894775,0,0,0,0,0,0,0,0,0,180,forward,0,0,0,1.1533711684715882,103.89484687978813
9:56:14,1.153461,103.894775,0,0,0,0,0,0,0,0,0,180,forward,0,0,0,1.1533711684715882,103.89484687978813
9:56:16,1.153461,103.894775,0,0,0,0,0,0,0,0,0,180,forward,0,0,0,1.1533711684715882,103.89484687978813
9:56:18,1.153461,103.894775,0,0,0,0,0,0,0,0,0,180,forward,0,0,0,1.1533711684715882,103.89484687978813
9:56:20,1.153461,103.894775,0,0,0,0,0,0,0,0,0,180,forward,0,0,0,1.1533711684715882,103.89484687978813
9:56:22,1.153461,103.894775,0,0,0,0,0,0,0,0,0,180,forward,0,0,0,1.1533711684715882,103.89484687978813
9:56:24,1.153461,103.894775,0,0,0,0,0,0,0,0,0,180,forward,0,0,0,1.1533711684715882,103.89484687978813
9:56:26,1.153461,103.894775,0,0,0,0,0,0,0,0,0,180,forward,0,0,0,1.1533711684715882,103.89484687978813
9:56:28,1.153461,103.894775,0,0,0,0,0,0,0,0,0,180,forward,0,0,0,1.1533711684715882,103.89484687978813
9:56:30,1.153461,103.894775,0,0,0,0,0,0,0,0,0,180,forward,0,0,0,1.1533711684715882,103.89484687978813
9:56:32,1.153461,103.894775,0,0,0,0,0,0,0,0,0,180,forward,0,0,0,1.1533711684715882,103.89484687978813
9:56:34,1.153461,103.894775,0,0,0,0,0,0,0,0,0,180,forward,0,0,0,1.1533711684715882,103.89484687978813
9:56:36,1.153461,103.894775,0,0,0,0,0,0,0,0,0,180,forward,0,0,0,1.1533711684715882,103.89484687978813
9:56:38,1.153461,103.894775,0,0,0,0,0,0,0,0,0,180,forward,0,0,0,1.1533711684715882,103.89484687978813
9:56:41,1.153461,103.894775,0,0,0,0,0,0,0,0,0,180,forward,0,0,0,1.1533711684715882,103.89484687978813
9:56:43,1.153461,103.894775,0,0,0,0,0,0,0,0,0,180,forward,0,0,0,1.1533711684715882,103.89484687978813
9:56:45,1.153461,103.894775,0,0,0,0,0,0,0,0,0,180,forward,0,0,0,1.1533711684715882,103.89484687978813
9:56:47,1.153461,103.894775,0,0,0,0,0,0,0,0,0,180,forward,0,0,0,1.1533711684715882,103.89484687978813
9:56:49,1.153461,103.894775,0,0,0,0,0,0,0,0,0,180,forward,0,0,0,1.1533711684715882,103.89484687978813
9:56:51,1.153461,103.894775,0,0,0,0,0,0,0,0,0,180,forward,0,0,0,1.1533711684715882,103.89484687978813
9:56:53,1.153461,103.894775,0,0,0,0,0,0,0,0,0,180,forward,0,0,0,1.1533711684715882,103.89484687978813
9:56:55,1.153461,103.894775,0,0,0,0,0,0,0,0,0,180,forward,0,0,0,1.1533711684715882,103.89484687978813
9:56:57,1.153461,103.894775,0,0,0,0,0,0,0,0,0,180,forward,0,0,0,1.1533711684715882,103.89484687978813
9:56:59,1.153461,103.894775,0,0,0,0,0,0,0,0,0,180,forward,0,0,0,1.1533711684715882,103.89484687978813
9:57:1,1.153461,103.894775,0,0,0,0,0,0,0,0,0,180,forward,0,0,0,1.1533711684715882,103.89484687978813
9:57:3,1.153461,103.894775,0,0,0,0,0,0,0,0,0,180,forward,0,0,0,1.1533711684715882,103.89484687978813
9:57:5,1.153461,103.894775,0,0,0,0,0,0,0,0,0,180,forward,0,0,0,1.1533711684715882,103.89484687978813
9:57:7,1.153461,103.894775,0,0,0,0,0,0,0,0,0,180,forward,0,0,0,1.1533711684715882,103.89484687978813
9:57:9,1.153461,103.894775,0,0,0,0,0,0,0,0,0,180,forward,0,0,0,1.1533711684715882,103.89484687978813
9:57:11,1.153461,103.894775,0,0,0,0,0,0,0,0,0,180,forward,0,0,0,1.1533711684715882,103.89484687978813
9:57:13,1.153461,103.894775,0,0,0,0,0,0,0,0,0,180,forward,0,0,0,1.1533711684715882,103.89484687978813
9:57:16,1.153461,103.894775,0,0,0,0,0,0,0,0,0,180,forward,0,0,0,1.1533711684715882,103.89484687978813
9:57:18,1.153461,103.894775,0,0,0,0,0,0,0,0,0,180,forward,0,0,0,1.1533711684715882,103.89484687978813
9:57:20,1.153461,103.894775,0,0,0,0,0,0,0,0,0,180,forward,0,0,0,1.1533711684715882,103.89484687978813
9:57:22,1.153461,103.894775,0,0,0,0,0,0,0,0,0,180,forward,0,0,0,1.1533711684715882,103.89484687978813
9:57:24,1.153461,103.894775,0,0,0,0,0,0,0,0,0,180,forward,0,0,0,1.1533711684715882,103.89484687978813
9:57:26,1.153461,103.894775,0,0,0,0,0,0,0,0,0,180,forward,0,0,0,1.1533711684715882,103.89484687978813
9:57:28,1.153461,103.894775,0,0,0,0,0,0,0,0,0,180,forward,0,0,0,1.1533711684715882,103.89484687978813
9:57:30,1.153461,103.894775,0,0,0,0,0,0,0,0,0,180,forward,0,0,0,1.1533711684715882,103.89484687978813
9:57:32,1.153461,103.894775,0,0,0,0,0,0,0,0,0,180,forward,0,0,0,1.1533711684715882,103.89484687978813
9:57:34,1.153461,103.894775,0,0,0,0,0,0,0,0,0,180,forward,0,0,0,1.1533711684715882,103.89484687978813
9:57:36,1.153461,103.894775,0,0,0,0,0,0,0,0,0,180,forward,0,0,0,1.1533711684715882,103.89484687978813
9:57:38,1.153461,103.894775,0,0,0,0,0,0,0,0,0,180,forward,0,0,0,1.1533711684715882,103.89484687978813
9:57:40,1.153461,103.894775,0,0,0,0,0,0,0,0,0,180,forward,0,0,0,1.1533711684715882,103.89484687978813
9:57:42,1.153461,103.894775,0,0,0,0,0,0,0,0,0,180,forward,0,0,0,1.1533711684715882,103.89484687978813
9:57:44,1.153461,103.894775,0,0,0,0,0,0,0,0,0,180,forward,0,0,0,1.1533711684715882,103.89484687978813
9:57:46,1.153461,103.894775,0,0,0,0,0,0,0,0,0,180,forward,0,0,0,1.1533711684715882,103.89484687978813
9:57:48,1.153461,103.894775,0,0,0,0,0,0,0,0,0,180,forward,0,0,0,1.1533711684715882,103.89484687978813
9:57:50,1.153461,103.894775,0,0,0,0,0,0,0,0,0,180,forward,0,0,0,1.1533711684715882,103.89484687978813
9:57:53,1.153461,103.894775,0,0,0,0,0,0,0,0,0,180,forward,0,0,0,1.1533711684715882,103.89484687978813
9:57:55,1.153461,103.894775,0,0,0,0,0,0,0,0,0,180,forward,0,0,0,1.1533711684715882,103.89484687978813
9:57:57,1.153461,103.894775,0,0,0,0,0,0,0,0,0,180,forward,0,0,0,1.1533711684715882,103.89484687978813
9:57:59,1.153461,103.894775,0,0,0,0,0,0,0,0,0,180,forward,0,0,0,1.1533711684715882,103.89484687978813
9:58:1,1.153461,103.894775,0,0,0,0,0,0,0,0,0,180,forward,0,0,0,1.1533711684715882,103.89484687978813
9:58:3,1.153461,103.894775,0,0,0,0,0,0,0,0,0,180,forward,0,0,0,1.1533711684715882,103.89484687978813
9:58:5,1.153461,103.894775,0,0,0,0,0,0,0,0,0,180,forward,0,0,0,1.1533711684715882,103.89484687978813
9:58:7,1.153461,103.894775,0,0,0,0,0,0,0,0,0,180,forward,0,0,0,1.1533711684715882,103.89484687978813
9:58:9,1.153461,103.894775,0,0,0,0,0,0,0,0,0,180,forward,0,0,0,1.1533711684715882,103.89484687978813
9:58:11,1.153461,103.894775,0,0,0,0,0,0,0,0,0,180,forward,0,0,0,1.1533711684715882,103.89484687978813
9:58:13,1.153461,103.894775,0,0,0,0,0,0,0,0,0,180,forward,0,0,0,1.1533711684715882,103.89484687978813
9:58:15,1.153461,103.894775,0,0,0,0,0,0,0,0,0,180,forward,0,0,0,1.1533711684715882,103.89484687978813
9:58:18,1.153461,103.894775,0,0,0,0,0,0,0,0,0,180,forward,0,0,0,1.1533711684715882,103.89484687978813
9:58:20,1.153461,103.894775,0,0,0,0,0,0,0,0,0,180,forward,0,0,0,1.1533711684715882,103.89484687978813
9:58:22,1.153461,103.894775,0,0,0,0,0,0,0,0,0,180,forward,0,0,0,1.1533711684715882,103.89484687978813
9:58:24,1.153461,103.894775,0,0,0,0,0,0,0,0,0,180,forward,0,0,0,1.1533711684715882,103.89484687978813
9:58:26,1.153461,103.894775,0,0,0,0,0,0,0,0,0,180,forward,0,0,0,1.1533711684715882,103.89484687978813
9:58:28,1.153461,103.894775,0,0,0,0,0,0,0,0,0,180,forward,0,0,0,1.1533711684715882,103.89484687978813
9:58:30,1.153461,103.894775,0,0,0,0,0,0,0,0,0,180,forward,0,0,0,1.1533711684715882,103.89484687978813
9:58:32,1.153461,103.894775,0,0,0,0,0,0,0,0,0,180,forward,0,0,0,1.1533711684715882,103.89484687978813
9:58:34,1.153461,103.894775,0,0,0,0,0,0,0,0,0,180,forward,0,0,0,1.1533711684715882,103.89484687978813
9:58:36,1.153461,103.894775,0,0,0,0,0,0,0,0,0,180,forward,0,0,0,1.1533711684715882,103.89484687978813
9:58:38,1.153461,103.894775,0,0,0,0,0,0,0,0,0,180,forward,0,0,0,1.1533711684715882,103.89484687978813
9:58:40,1.153461,103.894775,0,0,0,0,0,0,0,0,0,180,forward,0,0,0,1.1533711684715882,103.89484687978813
9:58:42,1.153461,103.894775,0,0,0,0,0,0,0,0,0,180,forward,0,0,0,1.1533711684715882,103.89484687978813
9:58:44,1.153461,103.894775,0,0,0,0,0,0,0,0,0,180,forward,0,0,0,1.1533711684715882,103.89484687978813
9:58:46,1.153461,103.894775,0,0,0,0,0,0,0,0,0,180,forward,0,0,0,1.1533711684715882,103.89484687978813
9:58:48,1.153461,103.894775,0,0,0,0,0,0,0,0,0,180,forward,0,0,0,1.1533711684715882,103.89484687978813
9:58:51,1.153461,103.894775,0,0,0,0,0,0,0,0,0,180,forward,0,0,0,1.1533711684715882,103.89484687978813
9:58:53,1.153461,103.894775,0,0,0,0,0,0,0,0,0,180,forward,0,0,0,1.1533711684715882,103.89484687978813
9:58:55,1.153461,103.894775,0,0,0,0,0,0,0,0,0,180,forward,0,0,0,1.1533711684715882,103.89484687978813
9:58:57,1.153461,103.894775,0,0,0,0,0,0,0,0,0,180,forward,0,0,0,1.1533711684715882,103.89484687978813
9:58:59,1.153461,103.894775,0,0,0,0,0,0,0,0,0,180,forward,0,0,0,1.1533711684715882,103.89484687978813
9:59:1,1.153461,103.894775,0,0,0,0,0,0,0,0,0,180,forward,0,0,0,1.1533711684715882,103.89484687978813
9:59:3,1.153461,103.894775,0,0,0,0,0,0,0,0,0,180,forward,0,0,0,1.1533711684715882,103.89484687978813
9:59:5,1.153461,103.894775,0,0,0,0,0,0,0,0,0,180,forward,0,0,0,1.1533711684715882,103.89484687978813
9:59:7,1.153461,103.894775,0,0,0,0,0,0,0,0,0,180,forward,0,0,0,1.1533711684715882,103.89484687978813
9:59:9,1.153461,103.894775,0,0,0,0,0,0,0,0,0,180,forward,0,0,0,1.1533711684715882,103.89484687978813
9:59:11,1.153461,103.894775,0,0,0,0,0,0,0,0,0,180,forward,0,0,0,1.1533711684715882,103.89484687978813
9:59:13,1.153461,103.894775,0,0,0,0,0,0,0,0,0,180,forward,0,0,0,1.1533711684715882,103.89484687978813
9:59:16,1.153461,103.894775,0,0,0,0,0,0,0,0,0,180,forward,0,0,0,1.1533711684715882,103.89484687978813
9:59:18,1.153461,103.894775,0,0,0,0,0,0,0,0,0,180,forward,0,0,0,1.1533711684715882,103.89484687978813
9:59:20,1.153461,103.894775,0,0,0,0,0,0,0,0,0,180,forward,0,0,0,1.1533711684715882,103.89484687978813
9:59:22,1.153461,103.894775,0,0,0,0,0,0,0,0,0,180,forward,0,0,0,1.1533711684715882,103.89484687978813
9:59:24,1.153461,103.894775,0,0,0,0,0,0,0,0,0,180,forward,0,0,0,1.1533711684715882,103.89484687978813
9:59:26,1.153461,103.894775,0,0,0,0,0,0,0,0,0,180,forward,0,0,0,1.1533711684715882,103.89484687978813
9:59:28,1.153461,103.894775,0,0,0,0,0,0,0,0,0,180,forward,0,0,0,1.1533711684715882,103.89484687978813
9:59:30,1.153461,103.894775,0,0,0,0,0,0,0,0,0,180,forward,0,0,0,1.1533711684715882,103.89484687978813
9:59:32,1.153461,103.894775,0,0,0,0,0,0,0,0,0,180,forward,0,0,0,1.1533711684715882,103.89484687978813
9:59:34,1.153461,103.894775,0,0,0,0,0,0,0,0,0,180,forward,0,0,0,1.1533711684715882,103.89484687978813
9:59:36,1.153461,103.894775,0,0,0,0,0,0,0,0,0,180,forward,0,0,0,1.1533711684715882,103.89484687978813
9:59:38,1.153461,103.894775,0,0,0,0,0,0,0,0,0,180,forward,0,0,0,1.1533711684715882,103.89484687978813
9:59:40,1.153461,103.894775,0,0,0,0,0,0,0,0,0,180,forward,0,0,0,1.1533711684715882,103.89484687978813
9:59:42,1.153461,103.894775,0,0,0,0,0,0,0,0,0,180,forward,0,0,0,1.1533711684715882,103.89484687978813
9:59:44,1.153461,103.894775,0,0,0,0,0,0,0,0,0,180,forward,0,0,0,1.1533711684715882,103.89484687978813
9:59:47,1.153461,103.894775,0,0,0,0,0,0,0,0,0,180,forward,0,0,0,1.1533711684715882,103.89484687978813
9:59:49,1.153461,103.894775,0,0,0,0,0,0,0,0,0,180,forward,0,0,0,1.1533711684715882,103.89484687978813
9:59:51,1.153461,103.894775,0,0,0,0,0,0,0,0,0,180,forward,0,0,0,1.1533711684715882,103.89484687978813
9:59:53,1.153461,103.894775,0,0,0,0,0,0,0,0,0,180,forward,0,0,0,1.1533711684715882,103.89484687978813
9:59:55,1.153461,103.894775,0,0,0,0,0,0,0,0,0,180,forward,0,0,0,1.1533711684715882,103.89484687978813
9:59:57,1.153461,103.894775,0,0,0,0,0,0,0,0,0,180,forward,0,0,0,1.1533711684715882,103.89484687978813
9:59:59,1.153461,103.894775,0,0,0,0,0,0,0,0,0,180,forward,0,0,0,1.1533711684715882,103.89484687978813
10:0:1,1.153461,103.894775,0,0,0,0,0,0,0,0,0,180,forward,0,0,0,1.1533711684715882,103.89484687978813
10:0:3,1.153461,103.894775,0,0,0,0,0,0,0,0,0,180,forward,0,0,0,1.1533711684715882,103.89484687978813
10:0:5,1.153461,103.894775,0,0,0,0,0,0,0,0,0,180,forward,0,0,0,1.1533711684715882,103.89484687978813
10:0:7,1.153461,103.894775,0,0,0,0,0,0,0,0,0,180,forward,0,0,0,1.1533711684715882,103.89484687978813
10:0:9,1.153461,103.894775,0,0,0,0,0,0,0,0,0,180,forward,0,0,0,1.1533711684715882,103.89484687978813
10:0:11,1.153461,103.894775,0,0,0,0,0,0,0,0,0,180,forward,0,0,0,1.1533711684715882,103.89484687978813
10:0:13,1.153461,103.894775,0,0,0,0,0,0,0,0,0,180,forward,0,0,0,1.1533711684715882,103.89484687978813
10:0:15,1.153461,103.894775,0,0,0,0,0,0,0,0,0,180,forward,0,0,0,1.1533711684715882,103.89484687978813
10:0:17,1.153461,103.894775,0,0,0,0,0,0,0,0,0,180,forward,0,0,0,1.1533711684715882,103.89484687978813
10:0:19,1.153461,103.894775,0,0,0,0,0,0,0,0,0,180,forward,0,0,0,1.1533711684715882,103.89484687978813
10:0:21,1.153461,103.894775,0,0,0,0,0,0,0,0,0,180,forward,0,0,0,1.1533711684715882,103.89484687978813
10:0:23,1.153461,103.894775,0,0,0,0,0,0,0,0,0,180,forward,0,0,0,1.1533711684715882,103.89484687978813
10:0:25,1.153461,103.894775,0,0,0,0,0,0,0,0,0,180,forward,0,0,0,1.1533711684715882,103.89484687978813
10:0:28,1.153461,103.894775,0,0,0,0,0,0,0,0,0,180,forward,0,0,0,1.1533711684715882,103.89484687978813
10:0:30,1.153461,103.894775,0,0,0,0,0,0,0,0,0,180,forward,0,0,0,1.1533711684715882,103.89484687978813
10:0:32,1.153461,103.894775,0,0,0,0,0,0,0,0,0,180,forward,0,0,0,1.1533711684715882,103.89484687978813
10:0:34,1.153461,103.894775,0,0,0,0,0,0,0,0,0,180,forward,0,0,0,1.1533711684715882,103.89484687978813
10:0:36,1.153461,103.894775,0,0,0,0,0,0,0,0,0,180,forward,0,0,0,1.1533711684715882,103.89484687978813
10:0:38,1.153461,103.894775,0,0,0,0,0,0,0,0,0,180,forward,0,0,0,1.1533711684715882,103.89484687978813
10:0:40,1.153461,103.894775,0,0,0,0,0,0,0,0,0,180,forward,0,0,0,1.1533711684715882,103.89484687978813
10:0:42,1.153461,103.894775,0,0,0,0,0,0,0,0,0,180,forward,0,0,0,1.1533711684715882,103.89484687978813
10:0:44,1.153461,103.894775,0,0,0,0,0,0,0,0,0,180,forward,0,0,0,1.1533711684715882,103.89484687978813
10:0:46,1.153461,103.894775,0,0,0,0,0,0,0,0,0,180,forward,0,0,0,1.1533711684715882,103.89484687978813
10:0:48,1.153461,103.894775,0,0,0,0,0,0,0,0,0,180,forward,0,0,0,1.1533711684715882,103.89484687978813
10:0:50,1.153461,103.894775,0,0,0,0,0,0,0,0,0,180,forward,0,0,0,1.1533711684715882,103.89484687978813
10:0:52,1.153461,103.894775,0,0,0,0,0,0,0,0,0,180,forward,0,0,0,1.1533711684715882,103.89484687978813
10:0:54,1.153461,103.894775,0,0,0,0,0,0,0,0,0,180,forward,0,0,0,1.1533711684715882,103.89484687978813
10:0:56,1.153461,103.894775,0,0,0,0,0,0,0,0,0,180,forward,0,0,0,1.1533711684715882,103.89484687978813
10:0:59,1.153461,103.894775,0,0,0,0,0,0,0,0,0,180,forward,0,0,0,1.1533711684715882,103.89484687978813
10:1:1,1.153461,103.894775,0,0,0,0,0,0,0,0,0,180,forward,0,0,0,1.1533711684715882,103.89484687978813
10:1:3,1.153461,103.894775,0,0,0,0,0,0,0,0,0,180,forward,0,0,0,1.1533711684715882,103.89484687978813
10:1:5,1.153461,103.894775,0,0,0,0,0,0,0,0,0,180,forward,0,0,0,1.1533711684715882,103.89484687978813
10:1:7,1.153461,103.894775,0,0,0,0,0,0,0,0,0,180,forward,0,0,0,1.1533711684715882,103.89484687978813
10:1:9,1.153461,103.894775,0,0,0,0,0,0,0,0,0,180,forward,0,0,0,1.1533711684715882,103.89484687978813
10:1:11,1.153461,103.894775,0,0,0,0,0,0,0,0,0,180,forward,0,0,0,1.1533711684715882,103.89484687978813
10:1:13,1.153461,103.894775,0,0,0,0,0,0,0,0,0,180,forward,0,0,0,1.1533711684715882,103.89484687978813
10:1:15,1.153461,103.894775,0,0,0,0,0,0,0,0,0,180,forward,0,0,0,1.1533711684715882,103.89484687978813
10:1:17,1.153461,103.894775,0,0,0,0,0,0,0,0,0,180,forward,0,0,0,1.1533711684715882,103.89484687978813
10:1:19,1.153461,103.894775,0,0,0,0,0,0,0,0,0,180,forward,0,0,0,1.1533711684715882,103.89484687978813
10:1:21,1.153461,103.894775,0,0,0,0,0,0,0,0,0,180,forward,0,0,0,1.1533711684715882,103.89484687978813
10:1:23,1.153461,103.894775,0,0,0,0,0,0,0,0,0,180,forward,0,0,0,1.1533711684715882,103.89484687978813
10:1:25,1.153461,103.894775,0,0,0,0,0,0,0,0,0,180,forward,0,0,0,1.1533711684715882,103.89484687978813
10:1:27,1.153461,103.894775,0,0,0,0,0,0,0,0,0,180,forward,0,0,0,1.1533711684715882,103.89484687978813
10:1:29,1.153461,103.894775,0,0,0,0,0,0,0,0,0,180,forward,0,0,0,1.1533711684715882,103.89484687978813
10:1:31,1.153461,103.894775,0,0,0,0,0,0,0,0,0,180,forward,0,0,0,1.1533711684715882,103.89484687978813
10:1:33,1.153461,103.894775,0,0,0,0,0,0,0,0,0,180,forward,0,0,0,1.1533711684715882,103.89484687978813
10:1:36,1.153461,103.894775,0,0,0,0,0,0,0,0,0,180,forward,0,0,0,1.1533711684715882,103.89484687978813
10:1:38,1.153461,103.894775,0,0,0,0,0,0,0,0,0,180,forward,0,0,0,1.1533711684715882,103.89484687978813
10:1:40,1.153461,103.894775,0,0,0,0,0,0,0,0,0,180,forward,0,0,0,1.1533711684715882,103.89484687978813
10:1:42,1.153461,103.894775,0,0,0,0,0,0,0,0,0,180,forward,0,0,0,1.1533711684715882,103.89484687978813
10:1:44,1.153461,103.894775,0,0,0,0,0,0,0,0,0,180,forward,0,0,0,1.1533711684715882,103.89484687978813
10:1:46,1.153461,103.894775,0,0,0,0,0,0,0,0,0,180,forward,0,0,0,1.1533711684715882,103.89484687978813
10:1:48,1.153461,103.894775,0,0,0,0,0,0,0,0,0,180,forward,0,0,0,1.1533711684715882,103.89484687978813
10:1:50,1.153461,103.894775,0,0,0,0,0,0,0,0,0,180,forward,0,0,0,1.1533711684715882,103.89484687978813
10:1:52,1.153461,103.894775,0,0,0,0,0,0,0,0,0,180,forward,0,0,0,1.1533711684715882,103.89484687978813
10:1:54,1.153461,103.894775,0,0,0,0,0,0,0,0,0,180,forward,0,0,0,1.1533711684715882,103.89484687978813
10:1:56,1.153461,103.894775,0,0,0,0,0,0,0,0,0,180,forward,0,0,0,1.1533711684715882,103.89484687978813
10:1:58,1.153461,103.894775,0,0,0,0,0,0,0,0,0,180,forward,0,0,0,1.1533711684715882,103.89484687978813
10:2:0,1.153461,103.894775,0,0,0,0,0,0,0,0,0,180,forward,0,0,0,1.1533711684715882,103.89484687978813
10:2:2,1.153461,103.894775,0,0,0,0,0,0,0,0,0,180,forward,0,0,0,1.1533711684715882,103.89484687978813
10:2:4,1.153461,103.894775,0,0,0,0,0,0,0,0,0,180,forward,0,0,0,1.1533711684715882,103.89484687978813
10:2:7,1.153461,103.894775,0,0,0,0,0,0,0,0,0,180,forward,0,0,0,1.1533711684715882,103.89484687978813
10:2:9,1.153461,103.894775,0,0,0,0,0,0,0,0,0,180,forward,0,0,0,1.1533711684715882,103.89484687978813
10:2:11,1.153461,103.894775,0,0,0,0,0,0,0,0,0,180,forward,0,0,0,1.1533711684715882,103.89484687978813
10:2:13,1.153461,103.894775,0,0,0,0,0,0,0,0,0,180,forward,0,0,0,1.1533711684715882,103.89484687978813
10:2:15,1.153461,103.894775,0,0,0,0,0,0,0,0,0,180,forward,0,0,0,1.1533711684715882,103.89484687978813
10:2:17,1.153461,103.894775,0,0,0,0,0,0,0,0,0,180,forward,0,0,0,1.1533711684715882,103.89484687978813
10:2:19,1.153461,103.894775,0,0,0,0,0,0,0,0,0,180,forward,0,0,0,1.1533711684715882,103.89484687978813
10:2:21,1.153461,103.894775,0,0,0,0,0,0,0,0,0,180,forward,0,0,0,1.1533711684715882,103.89484687978813
10:2:23,1.153461,103.894775,0,0,0,0,0,0,0,0,0,180,forward,0,0,0,1.1533711684715882,103.89484687978813
10:2:25,1.153461,103.894775,0,0,0,0,0,0,0,0,0,180,forward,0,0,0,1.1533711684715882,103.89484687978813
10:2:27,1.153461,103.894775,0,0,0,0,0,0,0,0,0,180,forward,0,0,0,1.1533711684715882,103.89484687978813
10:2:29,1.153461,103.894775,0,0,0,0,0,0,0,0,0,180,forward,0,0,0,1.1533711684715882,103.89484687978813
10:2:31,1.153461,103.894775,0,0,0,0,0,0,0,0,0,180,forward,0,0,0,1.1533711684715882,103.89484687978813
10:2:33,1.153461,103.894775,0,0,0,0,0,0,0,0,0,180,forward,0,0,0,1.1533711684715882,103.89484687978813
10:2:35,1.153461,103.894775,0,0,0,0,0,0,0,0,0,180,forward,0,0,0,1.1533711684715882,103.89484687978813
10:2:37,1.153461,103.894775,0,0,0,0,0,0,0,0,0,180,forward,0,0,0,1.1533711684715882,103.89484687978813
10:2:39,1.153461,103.894775,0,0,0,0,0,0,0,0,0,180,forward,0,0,0,1.1533711684715882,103.89484687978813
10:2:42,1.153461,103.894775,0,0,0,0,0,0,0,0,0,180,forward,0,0,0,1.1533711684715882,103.89484687978813
10:2:44,1.153461,103.894775,0,0,0,0,0,0,0,0,0,180,forward,0,0,0,1.1533711684715882,103.89484687978813
10:2:46,1.153461,103.894775,0,0,0,0,0,0,0,0,0,180,forward,0,0,0,1.1533711684715882,103.89484687978813
10:2:48,1.153461,103.894775,0,0,0,0,0,0,0,0,0,180,forward,0,0,0,1.1533711684715882,103.89484687978813
10:2:50,1.153461,103.894775,0,0,0,0,0,0,0,0,0,180,forward,0,0,0,1.1533711684715882,103.89484687978813
10:2:52,1.153461,103.894775,0,0,0,0,0,0,0,0,0,180,forward,0,0,0,1.1533711684715882,103.89484687978813
10:2:54,1.153461,103.894775,0,0,0,0,0,0,0,0,0,180,forward,0,0,0,1.1533711684715882,103.89484687978813
10:2:56,1.153461,103.894775,0,0,0,0,0,0,0,0,0,180,forward,0,0,0,1.1533711684715882,103.89484687978813
10:8:21,1.153461,103.894775,0,0,0,0,0,0,0,0,0,180,forward,0,0,0,1.1533711684715882,103.89484687978813
10:8:23,1.153461,103.894775,0,0,0,0,0,0,0,0,0,180,forward,0,0,0,1.1533711684715882,103.89484687978813
10:8:25,1.153461,103.894775,0,0,0,0,0,0,0,0,0,180,forward,0,0,0,1.1533711684715882,103.89484687978813
10:8:27,1.153461,103.894775,0,0,0,0,0,0,0,0,0,180,forward,0,0,0,1.1533711684715882,103.89484687978813
10:8:29,1.153461,103.894775,0,0,0,0,0,0,0,0,0,180,forward,0,0,0,1.1533711684715882,103.89484687978813
10:8:31,1.153461,103.894775,0,0,0,0,0,0,0,0,0,180,forward,0,0,0,1.1533711684715882,103.89484687978813
10:8:33,1.153461,103.894775,0,0,0,0,0,0,0,0,0,180,forward,0,0,0,1.1533711684715882,103.89484687978813
10:8:36,1.153461,103.894775,0,0,0,0,0,0,0,0,0,180,forward,0,0,0,1.1533711684715882,103.89484687978813
10:8:38,1.153461,103.894775,0,0,0,0,0,0,0,0,0,180,forward,0,0,0,1.1533711684715882,103.89484687978813
10:8:40,1.153461,103.894775,0,0,0,0,0,0,0,0,0,180,forward,0,0,0,1.1533711684715882,103.89484687978813
10:8:42,1.153461,103.894775,0,0,0,0,0,0,0,0,0,180,forward,0,0,0,1.1533711684715882,103.89484687978813
10:8:44,1.153461,103.894775,0,0,0,0,0,0,0,0,0,180,forward,0,0,0,1.1533711684715882,103.89484687978813
10:8:46,1.153461,103.894775,0,0,0,0,0,0,0,0,0,180,forward,0,0,0,1.1533711684715882,103.89484687978813
10:8:48,1.153461,103.894775,0,0,0,0,0,0,0,0,0,180,forward,0,0,0,1.1533711684715882,103.89484687978813
10:8:50,1.153461,103.894775,0,0,0,0,0,0,0,0,0,180,forward,0,0,0,1.1533711684715882,103.89484687978813
10:8:52,1.153461,103.894775,0,0,0,0,0,0,0,0,0,180,forward,0,0,0,1.1533711684715882,103.89484687978813
10:8:54,1.153461,103.894775,0,0,0,0,0,0,0,0,0,180,forward,0,0,0,1.1533711684715882,103.89484687978813
10:8:56,1.153461,103.894775,0,0,0,0,0,0,0,0,0,180,forward,0,0,0,1.1533711684715882,103.89484687978813
10:8:58,1.153461,103.894775,0,0,0,0,0,0,0,0,0,180,forward,0,0,0,1.1533711684715882,103.89484687978813
10:9:0,1.153461,103.894775,0,0,0,0,0,0,0,0,0,180,forward,0,0,0,1.1533711684715882,103.89484687978813
10:9:2,1.153461,103.894775,0,0,0,0,0,0,0,0,0,180,forward,0,0,0,1.1533711684715882,103.89484687978813
10:9:5,1.153461,103.894775,0,0,0,0,0,0,0,0,0,180,forward,0,0,0,1.1533711684715882,103.89484687978813
10:9:7,1.153461,103.894775,0,0,0,0,0,0,0,0,0,180,forward,0,0,0,1.1533711684715882,103.89484687978813
10:9:9,1.153461,103.894775,0,0,0,0,0,0,0,0,0,180,forward,0,0,0,1.1533711684715882,103.89484687978813
10:9:11,1.153461,103.894775,0,0,0,0,0,0,0,0,0,180,forward,0,0,0,1.1533711684715882,103.89484687978813
10:9:13,1.153461,103.894775,0,0,0,0,0,0,0,0,0,180,forward,0,0,0,1.1533711684715882,103.89484687978813
10:9:15,1.153461,103.894775,0,0,0,0,0,0,0,0,0,180,forward,0,0,0,1.1533711684715882,103.89484687978813
10:9:17,1.153461,103.894775,0,0,0,0,0,0,0,0,0,180,forward,0,0,0,1.1533711684715882,103.89484687978813
10:9:19,1.153461,103.894775,0,0,0,0,0,0,0,0,0,180,forward,0,0,0,1.1533711684715882,103.89484687978813
10:9:21,1.153461,103.894775,0,0,0,0,0,0,0,0,0,180,forward,0,0,0,1.1533711684715882,103.89484687978813
10:9:23,1.153461,103.894775,0,0,0,0,0,0,0,0,0,180,forward,0,0,0,1.1533711684715882,103.89484687978813
10:9:25,1.153461,103.894775,0,0,0,0,0,0,0,0,0,180,forward,0,0,0,1.1533711684715882,103.89484687978813
10:9:27,1.153461,103.894775,0,0,0,0,0,0,0,0,0,180,forward,0,0,0,1.1533711684715882,103.89484687978813
10:9:29,1.153461,103.894775,0,0,0,0,0,0,0,0,0,180,forward,0,0,0,1.1533711684715882,103.89484687978813
10:9:31,1.153461,103.894775,0,0,0,0,0,0,0,0,0,180,forward,0,0,0,1.1533711684715882,103.89484687978813
10:9:33,1.153461,103.894775,0,0,0,0,0,0,0,0,0,180,forward,0,0,0,1.1533711684715882,103.89484687978813
10:9:35,1.153461,103.894775,0,0,0,0,0,0,0,0,0,180,forward,0,0,0,1.1533711684715882,103.89484687978813
10:9:37,1.153461,103.894775,0,0,0,0,0,0,0,0,0,180,forward,0,0,0,1.1533711684715882,103.89484687978813
10:9:39,1.153461,103.894775,0,0,0,0,0,0,0,0,0,180,forward,0,0,0,1.1533711684715882,103.89484687978813
10:9:42,1.153461,103.894775,0,0,0,0,0,0,0,0,0,180,forward,0,0,0,1.1533711684715882,103.89484687978813
10:9:44,1.153461,103.894775,0,0,0,0,0,0,0,0,0,180,forward,0,0,0,1.1533711684715882,103.89484687978813
10:9:46,1.153461,103.894775,0,0,0,0,0,0,0,0,0,180,forward,0,0,0,1.1533711684715882,103.89484687978813
10:9:48,1.153461,103.894775,0,0,0,0,0,0,0,0,0,180,forward,0,0,0,1.1533711684715882,103.89484687978813
10:9:50,1.153461,103.894775,0,0,0,0,0,0,0,0,0,180,forward,0,0,0,1.1533711684715882,103.89484687978813
10:9:52,1.153461,103.894775,0,0,0,0,0,0,0,0,0,180,forward,0,0,0,1.1533711684715882,103.89484687978813
10:9:54,1.153461,103.894775,0,0,0,0,0,0,0,0,0,180,forward,0,0,0,1.1533711684715882,103.89484687978813
10:9:56,1.153461,103.894775,0,0,0,0,0,0,0,0,0,180,forward,0,0,0,1.1533711684715882,103.89484687978813
10:9:58,1.153461,103.894775,0,0,0,0,0,0,0,0,0,180,forward,0,0,0,1.1533711684715882,103.89484687978813
10:10:0,1.153461,103.894775,0,0,0,0,0,0,0,0,0,180,forward,0,0,0,1.1533711684715882,103.89484687978813
10:10:2,1.153461,103.894775,0,0,0,0,0,0,0,0,0,180,forward,0,0,0,1.1533711684715882,103.89484687978813
10:10:4,1.153461,103.894775,0,0,0,0,0,0,0,0,0,180,forward,0,0,0,1.1533711684715882,103.89484687978813
10:10:6,1.153461,103.894775,0,0,0,0,0,0,0,0,0,180,forward,0,0,0,1.1533711684715882,103.89484687978813
10:10:8,1.153461,103.894775,0,0,0,0,0,0,0,0,0,180,forward,0,0,0,1.1533711684715882,103.89484687978813
10:10:11,1.153461,103.894775,0,0,0,0,0,0,0,0,0,180,forward,0,0,0,1.1533711684715882,103.89484687978813
10:10:13,1.153461,103.894775,0,0,0,0,0,0,0,0,0,180,forward,0,0,0,1.1533711684715882,103.89484687978813
10:10:15,1.153461,103.894775,0,0,0,0,0,0,0,0,0,180,forward,0,0,0,1.1533711684715882,103.89484687978813
10:10:17,1.153461,103.894775,0,0,0,0,0,0,0,0,0,180,forward,0,0,0,1.1533711684715882,103.89484687978813
10:10:19,1.153461,103.894775,0,0,0,0,0,0,0,0,0,180,forward,0,0,0,1.1533711684715882,103.89484687978813
10:10:21,1.153461,103.894775,0,0,0,0,0,0,0,0,0,180,forward,0,0,0,1.1533711684715882,103.89484687978813
10:10:23,1.153461,103.894775,0,0,0,0,0,0,0,0,0,180,forward,0,0,0,1.1533711684715882,103.89484687978813
10:10:25,1.153461,103.894775,0,0,0,0,0,0,0,0,0,180,forward,0,0,0,1.1533711684715882,103.89484687978813
10:10:27,1.153461,103.894775,0,0,0,0,0,0,0,0,0,180,forward,0,0,0,1.1533711684715882,103.89484687978813
10:10:29,1.153461,103.894775,0,0,0,0,0,0,0,0,0,180,forward,0,0,0,1.1533711684715882,103.89484687978813
10:10:31,1.153461,103.894775,0,0,0,0,0,0,0,0,0,180,forward,0,0,0,1.1533711684715882,103.89484687978813
10:10:33,1.153461,103.894775,0,0,0,0,0,0,0,0,0,180,forward,0,0,0,1.1533711684715882,103.89484687978813
10:10:35,1.153461,103.894775,0,0,0,0,0,0,0,0,0,180,forward,0,0,0,1.1533711684715882,103.89484687978813
10:10:37,1.153461,103.894775,0,0,0,0,0,0,0,0,0,180,forward,0,0,0,1.1533711684715882,103.89484687978813
10:10:39,1.153461,103.894775,0,0,0,0,0,0,0,0,0,180,forward,0,0,0,1.1533711684715882,103.89484687978813
10:10:42,1.153461,103.894775,0,0,0,0,0,0,0,0,0,180,forward,0,0,0,1.1533711684715882,103.89484687978813
10:10:44,1.153461,103.894775,0,0,0,0,0,0,0,0,0,180,forward,0,0,0,1.1533711684715882,103.89484687978813
10:10:46,1.153461,103.894775,0,0,0,0,0,0,0,0,0,180,forward,0,0,0,1.1533711684715882,103.89484687978813
10:10:48,1.153461,103.894775,0,0,0,0,0,0,0,0,0,180,forward,0,0,0,1.1533711684715882,103.89484687978813
10:10:50,1.153461,103.894775,0,0,0,0,0,0,0,0,0,180,forward,0,0,0,1.1533711684715882,103.89484687978813
10:10:52,1.153461,103.894775,0,0,0,0,0,0,0,0,0,180,forward,0,0,0,1.1533711684715882,103.89484687978813
10:10:54,1.153461,103.894775,0,0,0,0,0,0,0,0,0,180,forward,0,0,0,1.1533711684715882,103.89484687978813
10:10:56,1.153461,103.894775,0,0,0,0,0,0,0,0,0,180,forward,0,0,0,1.1533711684715882,103.89484687978813
10:10:58,1.153461,103.894775,0,0,0,0,0,0,0,0,0,180,forward,0,0,0,1.1533711684715882,103.89484687978813
10:11:0,1.153461,103.894775,0,0,0,0,0,0,0,0,0,180,forward,0,0,0,1.1533711684715882,103.89484687978813
10:11:2,1.153461,103.894775,0,0,0,0,0,0,0,0,0,180,forward,0,0,0,1.1533711684715882,103.89484687978813
10:11:4,1.153461,103.894775,0,0,0,0,0,0,0,0,0,180,forward,0,0,0,1.1533711684715882,103.89484687978813
10:11:6,1.153461,103.894775,0,0,0,0,0,0,0,0,0,180,forward,0,0,0,1.1533711684715882,103.89484687978813
10:11:9,1.153461,103.894775,0,0,0,0,0,0,0,0,0,180,forward,0,0,0,1.1533711684715882,103.89484687978813
10:11:11,1.153461,103.894775,0,0,0,0,0,0,0,0,0,180,forward,0,0,0,1.1533711684715882,103.89484687978813
10:11:13,1.153461,103.894775,0,0,0,0,0,0,0,0,0,180,forward,0,0,0,1.1533711684715882,103.89484687978813
10:11:15,1.153461,103.894775,0,0,0,0,0,0,0,0,0,180,forward,0,0,0,1.1533711684715882,103.89484687978813
10:11:17,1.153461,103.894775,0,0,0,0,0,0,0,0,0,180,forward,0,0,0,1.1533711684715882,103.89484687978813
10:11:19,1.153461,103.894775,0,0,0,0,0,0,0,0,0,180,forward,0,0,0,1.1533711684715882,103.89484687978813
10:11:21,1.153461,103.894775,0,0,0,0,0,0,0,0,0,180,forward,0,0,0,1.1533711684715882,103.89484687978813
10:11:23,1.153461,103.894775,0,0,0,0,0,0,0,0,0,180,forward,0,0,0,1.1533711684715882,103.89484687978813
10:11:25,1.153461,103.894775,0,0,0,0,0,0,0,0,0,180,forward,0,0,0,1.1533711684715882,103.89484687978813
10:11:27,1.153461,103.894775,0,0,0,0,0,0,0,0,0,180,forward,0,0,0,1.1533711684715882,103.89484687978813
10:11:29,1.153461,103.894775,0,0,0,0,0,0,0,0,0,180,forward,0,0,0,1.1533711684715882,103.89484687978813
10:11:31,1.153461,103.894775,0,0,0,0,0,0,0,0,0,180,forward,0,0,0,1.1533711684715882,103.89484687978813
10:11:33,1.153461,103.894775,0,0,0,0,0,0,0,0,0,180,forward,0,0,0,1.1533711684715882,103.89484687978813
10:11:35,1.153461,103.894775,0,0,0,0,0,0,0,0,0,180,forward,0,0,0,1.1533711684715882,103.89484687978813
10:11:37,1.153461,103.894775,0,0,0,0,0,0,0,0,0,180,forward,0,0,0,1.1533711684715882,103.89484687978813
10:11:39,1.153461,103.894775,0,0,0,0,0,0,0,0,0,180,forward,0,0,0,1.1533711684715882,103.89484687978813
10:11:42,1.153461,103.894775,0,0,0,0,0,0,0,0,0,180,forward,0,0,0,1.1533711684715882,103.89484687978813
10:11:44,1.153461,103.894775,0,0,0,0,0,0,0,0,0,180,forward,0,0,0,1.1533711684715882,103.89484687978813
10:11:46,1.153461,103.894775,0,0,0,0,0,0,0,0,0,180,forward,0,0,0,1.1533711684715882,103.89484687978813
10:11:48,1.153461,103.894775,0,0,0,0,0,0,0,0,0,180,forward,0,0,0,1.1533711684715882,103.89484687978813
10:11:50,1.153461,103.894775,0,0,0,0,0,0,0,0,0,180,forward,0,0,0,1.1533711684715882,103.89484687978813
10:11:52,1.153461,103.894775,0,0,0,0,0,0,0,0,0,180,forward,0,0,0,1.1533711684715882,103.89484687978813
10:11:54,1.153461,103.894775,0,0,0,0,0,0,0,0,0,180,forward,0,0,0,1.1533711684715882,103.89484687978813
10:11:56,1.153461,103.894775,0,0,0,0,0,0,0,0,0,180,forward,0,0,0,1.1533711684715882,103.89484687978813
10:11:58,1.153461,103.894775,0,0,0,0,0,0,0,0,0,180,forward,0,0,0,1.1533711684715882,103.89484687978813
10:12:0,1.153461,103.894775,0,0,0,0,0,0,0,0,0,180,forward,0,0,0,1.1533711684715882,103.89484687978813
10:12:2,1.153461,103.894775,0,0,0,0,0,0,0,0,0,180,forward,0,0,0,1.1533711684715882,103.89484687978813
10:12:4,1.153461,103.894775,0,0,0,0,0,0,0,0,0,180,forward,0,0,0,1.1533711684715882,103.89484687978813
10:12:6,1.153461,103.894775,0,0,0,0,0,0,0,0,0,180,forward,0,0,0,1.1533711684715882,103.89484687978813
10:12:8,1.153461,103.894775,0,0,0,0,0,0,0,0,0,180,forward,0,0,0,1.1533711684715882,103.89484687978813
10:12:10,1.153461,103.894775,0,0,0,0,0,0,0,0,0,180,forward,0,0,0,1.1533711684715882,103.89484687978813
10:12:12,1.153461,103.894775,0,0,0,0,0,0,0,0,0,180,forward,0,0,0,1.1533711684715882,103.89484687978813
10:12:14,1.153461,103.894775,0,0,0,0,0,0,0,0,0,180,forward,0,0,0,1.1533711684715882,103.89484687978813
10:12:17,1.153461,103.894775,0,0,0,0,0,0,0,0,0,180,forward,0,0,0,1.1533711684715882,103.89484687978813
10:12:19,1.153461,103.894775,0,0,0,0,0,0,0,0,0,180,forward,0,0,0,1.1533711684715882,103.89484687978813
10:12:21,1.153461,103.894775,0,0,0,0,0,0,0,0,0,180,forward,0,0,0,1.1533711684715882,103.89484687978813
10:12:23,1.153461,103.894775,0,0,0,0,0,0,0,0,0,180,forward,0,0,0,1.1533711684715882,103.89484687978813
10:12:25,1.153461,103.894775,0,0,0,0,0,0,0,0,0,180,forward,0,0,0,1.1533711684715882,103.89484687978813
10:12:27,1.153461,103.894775,0,0,0,0,0,0,0,0,0,180,forward,0,0,0,1.1533711684715882,103.89484687978813
10:12:29,1.153461,103.894775,0,0,0,0,0,0,0,0,0,180,forward,0,0,0,1.1533711684715882,103.89484687978813
10:12:31,1.153461,103.894775,0,0,0,0,0,0,0,0,0,180,forward,0,0,0,1.1533711684715882,103.89484687978813
10:12:33,1.153461,103.894775,0,0,0,0,0,0,0,0,0,180,forward,0,0,0,1.1533711684715882,103.89484687978813
10:12:35,1.153461,103.894775,0,0,0,0,0,0,0,0,0,180,forward,0,0,0,1.1533711684715882,103.89484687978813
10:12:37,1.153461,103.894775,0,0,0,0,0,0,0,0,0,180,forward,0,0,0,1.1533711684715882,103.89484687978813
10:12:39,1.153461,103.894775,0,0,0,0,0,0,0,0,0,180,forward,0,0,0,1.1533711684715882,103.89484687978813
10:12:41,1.153461,103.894775,0,0,0,0,0,0,0,0,0,180,forward,0,0,0,1.1533711684715882,103.89484687978813
10:12:43,1.153461,103.894775,0,0,0,0,0,0,0,0,0,180,forward,0,0,0,1.1533711684715882,103.89484687978813
10:12:45,1.153461,103.894775,0,0,0,0,0,0,0,0,0,180,forward,0,0,0,1.1533711684715882,103.89484687978813
10:12:47,1.153461,103.894775,0,0,0,0,0,0,0,0,0,180,forward,0,0,0,1.1533711684715882,103.89484687978813
10:12:49,1.153461,103.894775,0,0,0,0,0,0,0,0,0,180,forward,0,0,0,1.1533711684715882,103.89484687978813
10:12:51,1.153461,103.894775,0,0,0,0,0,0,0,0,0,180,forward,0,0,0,1.1533711684715882,103.89484687978813
10:12:54,1.153461,103.894775,0,0,0,0,0,0,0,0,0,180,forward,0,0,0,1.1533711684715882,103.89484687978813
10:12:56,1.153461,103.894775,0,0,0,0,0,0,0,0,0,180,forward,0,0,0,1.1533711684715882,103.89484687978813
10:12:58,1.153461,103.894775,0,0,0,0,0,0,0,0,0,180,forward,0,0,0,1.1533711684715882,103.89484687978813
10:13:0,1.153461,103.894775,0,0,0,0,0,0,0,0,0,180,forward,0,0,0,1.1533711684715882,103.89484687978813
10:13:2,1.153461,103.894775,0,0,0,0,0,0,0,0,0,180,forward,0,0,0,1.1533711684715882,103.89484687978813
10:13:4,1.153461,103.894775,0,0,0,0,0,0,0,0,0,180,forward,0,0,0,1.1533711684715882,103.89484687978813
10:13:6,1.153461,103.894775,0,0,0,0,0,0,0,0,0,180,forward,0,0,0,1.1533711684715882,103.89484687978813
10:13:8,1.153461,103.894775,0,0,0,0,0,0,0,0,0,180,forward,0,0,0,1.1533711684715882,103.89484687978813
10:13:10,1.153461,103.894775,0,0,0,0,0,0,0,0,0,180,forward,0,0,0,1.1533711684715882,103.89484687978813
10:13:12,1.153461,103.894775,0,0,0,0,0,0,0,0,0,180,forward,0,0,0,1.1533711684715882,103.89484687978813
10:13:14,1.153461,103.894775,0,0,0,0,0,0,0,0,0,180,forward,0,0,0,1.1533711684715882,103.89484687978813
10:13:16,1.153461,103.894775,0,0,0,0,0,0,0,0,0,180,forward,0,0,0,1.1533711684715882,103.89484687978813
10:13:18,1.153461,103.894775,0,0,0,0,0,0,0,0,0,180,forward,0,0,0,1.1533711684715882,103.89484687978813
10:13:20,1.153461,103.894775,0,0,0,0,0,0,0,0,0,180,forward,0,0,0,1.1533711684715882,103.89484687978813
10:13:23,1.153461,103.894775,0,0,0,0,0,0,0,0,0,180,forward,0,0,0,1.1533711684715882,103.89484687978813
10:13:25,1.153461,103.894775,0,0,0,0,0,0,0,0,0,180,forward,0,0,0,1.1533711684715882,103.89484687978813
10:13:27,1.153461,103.894775,0,0,0,0,0,0,0,0,0,180,forward,0,0,0,1.1533711684715882,103.89484687978813
10:13:29,1.153461,103.894775,0,0,0,0,0,0,0,0,0,180,forward,0,0,0,1.1533711684715882,103.89484687978813
10:13:31,1.153461,103.894775,0,0,0,0,0,0,0,0,0,180,forward,0,0,0,1.1533711684715882,103.89484687978813
10:13:33,1.153461,103.894775,0,0,0,0,0,0,0,0,0,180,forward,0,0,0,1.1533711684715882,103.89484687978813
10:13:35,1.153461,103.894775,0,0,0,0,0,0,0,0,0,180,forward,0,0,0,1.1533711684715882,103.89484687978813
10:13:37,1.153461,103.894775,0,0,0,0,0,0,0,0,0,180,forward,0,0,0,1.1533711684715882,103.89484687978813
10:13:39,1.153461,103.894775,0,0,0,0,0,0,0,0,0,180,forward,0,0,0,1.1533711684715882,103.89484687978813
10:27:3,1.153461,103.894775,0,0,0,0,0,0,0,0,0,180,forward,0,0,0,1.1533711684715882,103.89484687978813
10:27:5,1.153461,103.894775,0,0,0,0,0,0,0,0,0,180,forward,0,0,0,1.1533711684715882,103.89484687978813
10:27:7,1.153461,103.894775,0,0,0,0,0,0,0,0,0,180,forward,0,0,0,1.1533711684715882,103.89484687978813
10:27:9,1.153461,103.894775,0,0,0,0,0,0,0,0,0,180,forward,0,0,0,1.1533711684715882,103.89484687978813
10:27:12,1.153461,103.894775,0,0,0,0,0,0,0,0,0,180,forward,0,0,0,1.1533711684715882,103.89484687978813
10:27:14,1.153461,103.894775,0,0,0,0,0,0,0,0,0,180,forward,0,0,0,1.1533711684715882,103.89484687978813
10:27:16,1.153461,103.894775,0,0,0,0,0,0,0,0,0,180,forward,0,0,0,1.1533711684715882,103.89484687978813
10:27:18,1.153461,103.894775,0,0,0,0,0,0,0,0,0,180,forward,0,0,0,1.1533711684715882,103.89484687978813
10:27:20,1.153461,103.894775,0,0,0,0,0,0,0,0,0,180,forward,0,0,0,1.1533711684715882,103.89484687978813
10:27:22,1.153461,103.894775,0,0,0,0,0,0,0,0,0,180,forward,0,0,0,1.1533711684715882,103.89484687978813
10:27:24,1.153461,103.894775,0,0,0,0,0,0,0,0,0,180,forward,0,0,0,1.1533711684715882,103.89484687978813
10:27:26,1.153461,103.894775,0,0,0,0,0,0,0,0,0,180,forward,0,0,0,1.1533711684715882,103.89484687978813
10:27:28,1.153461,103.894775,0,0,0,0,0,0,0,0,0,180,forward,0,0,0,1.1533711684715882,103.89484687978813
10:27:30,1.153461,103.894775,0,0,0,0,0,0,0,0,0,180,forward,0,0,0,1.1533711684715882,103.89484687978813
10:27:32,1.153461,103.894775,0,0,0,0,0,0,0,0,0,180,forward,0,0,0,1.1533711684715882,103.89484687978813
10:27:34,1.153461,103.894775,0,0,0,0,0,0,0,0,0,180,forward,0,0,0,1.1533711684715882,103.89484687978813
10:27:36,1.153461,103.894775,0,0,0,0,0,0,0,0,0,180,forward,0,0,0,1.1533711684715882,103.89484687978813
10:27:38,1.153461,103.894775,0,0,0,0,0,0,0,0,0,180,forward,0,0,0,1.1533711684715882,103.89484687978813
10:27:41,1.153461,103.894775,0,0,0,0,0,0,0,0,0,180,forward,0,0,0,1.1533711684715882,103.89484687978813
10:27:43,1.153461,103.894775,0,0,0,0,0,0,0,0,0,180,forward,0,0,0,1.1533711684715882,103.89484687978813
10:27:45,1.153461,103.894775,0,0,0,0,0,0,0,0,0,180,forward,0,0,0,1.1533711684715882,103.89484687978813
10:27:47,1.153461,103.894775,0,0,0,0,0,0,0,0,0,180,forward,0,0,0,1.1533711684715882,103.89484687978813
10:27:49,1.153461,103.894775,0,0,0,0,0,0,0,0,0,180,forward,0,0,0,1.1533711684715882,103.89484687978813
10:27:51,1.153461,103.894775,0,0,0,0,0,0,0,0,0,180,forward,0,0,0,1.1533711684715882,103.89484687978813
10:27:53,1.153461,103.894775,0,0,0,0,0,0,0,0,0,180,forward,0,0,0,1.1533711684715882,103.89484687978813
10:27:55,1.153461,103.894775,0,0,0,0,0,0,0,0,0,180,forward,0,0,0,1.1533711684715882,103.89484687978813
10:27:57,1.153461,103.894775,0,0,0,0,0,0,0,0,0,180,forward,0,0,0,1.1533711684715882,103.89484687978813
10:27:59,1.153461,103.894775,0,0,0,0,0,0,0,0,0,180,forward,0,0,0,1.1533711684715882,103.89484687978813
10:28:1,1.153461,103.894775,0,0,0,0,0,0,0,0,0,180,forward,0,0,0,1.1533711684715882,103.89484687978813
10:28:3,1.153461,103.894775,0,0,0,0,0,0,0,0,0,180,forward,0,0,0,1.1533711684715882,103.89484687978813
10:28:5,1.153461,103.894775,0,0,0,0,0,0,0,0,0,180,forward,0,0,0,1.1533711684715882,103.89484687978813
10:28:7,1.153461,103.894775,0,0,0,0,0,0,0,0,0,180,forward,0,0,0,1.1533711684715882,103.89484687978813
10:28:9,1.153461,103.894775,0,0,0,0,0,0,0,0,0,180,forward,0,0,0,1.1533711684715882,103.89484687978813
10:28:11,1.153461,103.894775,0,0,0,0,0,0,0,0,0,180,forward,0,0,0,1.1533711684715882,103.89484687978813
10:28:14,1.153461,103.894775,0,0,0,0,0,0,0,0,0,180,forward,0,0,0,1.1533711684715882,103.89484687978813
10:28:16,1.153461,103.894775,0,0,0,0,0,0,0,0,0,180,forward,0,0,0,1.1533711684715882,103.89484687978813
10:28:18,1.153461,103.894775,0,0,0,0,0,0,0,0,0,180,forward,0,0,0,1.1533711684715882,103.89484687978813
10:28:20,1.153461,103.894775,0,0,0,0,0,0,0,0,0,180,forward,0,0,0,1.1533711684715882,103.89484687978813
10:28:22,1.153461,103.894775,0,0,0,0,0,0,0,0,0,180,forward,0,0,0,1.1533711684715882,103.89484687978813
10:28:24,1.153461,103.894775,0,0,0,0,0,0,0,0,0,180,forward,0,0,0,1.1533711684715882,103.89484687978813
10:28:26,1.153461,103.894775,0,0,0,0,0,0,0,0,0,180,forward,0,0,0,1.1533711684715882,103.89484687978813
10:28:28,1.153461,103.894775,0,0,0,0,0,0,0,0,0,180,forward,0,0,0,1.1533711684715882,103.89484687978813
10:28:30,1.153461,103.894775,0,0,0,0,0,0,0,0,0,180,forward,0,0,0,1.1533711684715882,103.89484687978813
10:28:32,1.153461,103.894775,0,0,0,0,0,0,0,0,0,180,forward,0,0,0,1.1533711684715882,103.89484687978813
10:28:34,1.153461,103.894775,0,0,0,0,0,0,0,0,0,180,forward,0,0,0,1.1533711684715882,103.89484687978813
10:28:36,1.153461,103.894775,0,0,0,0,0,0,0,0,0,180,forward,0,0,0,1.1533711684715882,103.89484687978813
10:28:38,1.153461,103.894775,0,0,0,0,0,0,0,0,0,180,forward,0,0,0,1.1533711684715882,103.89484687978813
10:28:40,1.153461,103.894775,0,0,0,0,0,0,0,0,0,180,forward,0,0,0,1.1533711684715882,103.89484687978813
10:28:42,1.153461,103.894775,0,0,0,0,0,0,0,0,0,180,forward,0,0,0,1.1533711684715882,103.89484687978813
10:28:44,1.153461,103.894775,0,0,0,0,0,0,0,0,0,180,forward,0,0,0,1.1533711684715882,103.89484687978813
10:28:46,1.153461,103.894775,0,0,0,0,0,0,0,0,0,180,forward,0,0,0,1.1533711684715882,103.89484687978813
10:28:49,1.153461,103.894775,0,0,0,0,0,0,0,0,0,180,forward,0,0,0,1.1533711684715882,103.89484687978813
10:28:51,1.153461,103.894775,0,0,0,0,0,0,0,0,0,180,forward,0,0,0,1.1533711684715882,103.89484687978813
10:28:53,1.153461,103.894775,0,0,0,0,0,0,0,0,0,180,forward,0,0,0,1.1533711684715882,103.89484687978813
10:28:55,1.153461,103.894775,0,0,0,0,0,0,0,0,0,180,forward,0,0,0,1.1533711684715882,103.89484687978813
10:28:57,1.153461,103.894775,0,0,0,0,0,0,0,0,0,180,forward,0,0,0,1.1533711684715882,103.89484687978813
10:28:59,1.153461,103.894775,0,0,0,0,0,0,0,0,0,180,forward,0,0,0,1.1533711684715882,103.89484687978813
10:29:1,1.153461,103.894775,0,0,0,0,0,0,0,0,0,180,forward,0,0,0,1.1533711684715882,103.89484687978813
10:29:3,1.153461,103.894775,0,0,0,0,0,0,0,0,0,180,forward,0,0,0,1.1533711684715882,103.89484687978813
10:29:5,1.153461,103.894775,0,0,0,0,0,0,0,0,0,180,forward,0,0,0,1.1533711684715882,103.89484687978813
10:29:7,1.153461,103.894775,0,0,0,0,0,0,0,0,0,180,forward,0,0,0,1.1533711684715882,103.89484687978813
10:29:9,1.153461,103.894775,0,0,0,0,0,0,0,0,0,180,forward,0,0,0,1.1533711684715882,103.89484687978813
10:29:11,1.153461,103.894775,0,0,0,0,0,0,0,0,0,180,forward,0,0,0,1.1533711684715882,103.89484687978813
10:29:13,1.153461,103.894775,0,0,0,0,0,0,0,0,0,180,forward,0,0,0,1.1533711684715882,103.89484687978813
10:29:15,1.153461,103.894775,0,0,0,0,0,0,0,0,0,180,forward,0,0,0,1.1533711684715882,103.89484687978813
10:29:17,1.153461,103.894775,0,0,0,0,0,0,0,0,0,180,forward,0,0,0,1.1533711684715882,103.89484687978813
10:29:19,1.153461,103.894775,0,0,0,0,0,0,0,0,0,180,forward,0,0,0,1.1533711684715882,103.89484687978813
10:29:22,1.153461,103.894775,0,0,0,0,0,0,0,0,0,180,forward,0,0,0,1.1533711684715882,103.89484687978813
10:29:24,1.153461,103.894775,0,0,0,0,0,0,0,0,0,180,forward,0,0,0,1.1533711684715882,103.89484687978813
10:29:26,1.153461,103.894775,0,0,0,0,0,0,0,0,0,180,forward,0,0,0,1.1533711684715882,103.89484687978813
10:29:28,1.153461,103.894775,0,0,0,0,0,0,0,0,0,180,forward,0,0,0,1.1533711684715882,103.89484687978813
10:29:30,1.153461,103.894775,0,0,0,0,0,0,0,0,0,180,forward,0,0,0,1.1533711684715882,103.89484687978813
10:29:32,1.153461,103.894775,0,0,0,0,0,0,0,0,0,180,forward,0,0,0,1.1533711684715882,103.89484687978813
10:29:34,1.153461,103.894775,0,0,0,0,0,0,0,0,0,180,forward,0,0,0,1.1533711684715882,103.89484687978813
10:29:36,1.153461,103.894775,0,0,0,0,0,0,0,0,0,180,forward,0,0,0,1.1533711684715882,103.89484687978813
10:29:38,1.153461,103.894775,0,0,0,0,0,0,0,0,0,180,forward,0,0,0,1.1533711684715882,103.89484687978813
10:29:40,1.153461,103.894775,0,0,0,0,0,0,0,0,0,180,forward,0,0,0,1.1533711684715882,103.89484687978813
10:29:42,1.153461,103.894775,0,0,0,0,0,0,0,0,0,180,forward,0,0,0,1.1533711684715882,103.89484687978813
10:29:44,1.153461,103.894775,0,0,0,0,0,0,0,0,0,180,forward,0,0,0,1.1533711684715882,103.89484687978813
10:29:46,1.153461,103.894775,0,0,0,0,0,0,0,0,0,180,forward,0,0,0,1.1533711684715882,103.89484687978813
10:29:49,1.153461,103.894775,0,0,0,0,0,0,0,0,0,180,forward,0,0,0,1.1533711684715882,103.89484687978813
10:29:51,1.153461,103.894775,0,0,0,0,0,0,0,0,0,180,forward,0,0,0,1.1533711684715882,103.89484687978813
10:29:53,1.153461,103.894775,0,0,0,0,0,0,0,0,0,180,forward,0,0,0,1.1533711684715882,103.89484687978813
10:29:55,1.153461,103.894775,0,0,0,0,0,0,0,0,0,180,forward,0,0,0,1.1533711684715882,103.89484687978813
10:29:57,1.153461,103.894775,0,0,0,0,0,0,0,0,0,180,forward,0,0,0,1.1533711684715882,103.89484687978813
10:29:59,1.153461,103.894775,0,0,0,0,0,0,0,0,0,180,forward,0,0,0,1.1533711684715882,103.89484687978813
10:30:1,1.153461,103.894775,0,0,0,0,0,0,0,0,0,180,forward,0,0,0,1.1533711684715882,103.89484687978813
10:30:3,1.153461,103.894775,0,0,0,0,0,0,0,0,0,180,forward,0,0,0,1.1533711684715882,103.89484687978813
10:30:5,1.153461,103.894775,0,0,0,0,0,0,0,0,0,180,forward,0,0,0,1.1533711684715882,103.89484687978813
10:30:7,1.153461,103.894775,0,0,0,0,0,0,0,0,0,180,forward,0,0,0,1.1533711684715882,103.89484687978813
10:30:9,1.153461,103.894775,0,0,0,0,0,0,0,0,0,180,forward,0,0,0,1.1533711684715882,103.89484687978813
10:30:11,1.153461,103.894775,0,0,0,0,0,0,0,0,0,180,forward,0,0,0,1.1533711684715882,103.89484687978813
10:30:13,1.153461,103.894775,0,0,0,0,0,0,0,0,0,180,forward,0,0,0,1.1533711684715882,103.89484687978813
10:30:15,1.153461,103.894775,0,0,0,0,0,0,0,0,0,180,forward,0,0,0,1.1533711684715882,103.89484687978813
10:30:17,1.153461,103.894775,0,0,0,0,0,0,0,0,0,180,forward,0,0,0,1.1533711684715882,103.89484687978813
10:30:19,1.153461,103.894775,0,0,0,0,0,0,0,0,0,180,forward,0,0,0,1.1533711684715882,103.89484687978813
10:30:21,1.153461,103.894775,0,0,0,0,0,0,0,0,0,180,forward,0,0,0,1.1533711684715882,103.89484687978813
10:30:23,1.153461,103.894775,0,0,0,0,0,0,0,0,0,180,forward,0,0,0,1.1533711684715882,103.89484687978813
10:30:25,1.153461,103.894775,0,0,0,0,0,0,0,0,0,180,forward,0,0,0,1.1533711684715882,103.89484687978813
10:30:27,1.153461,103.894775,0,0,0,0,0,0,0,0,0,180,forward,0,0,0,1.1533711684715882,103.89484687978813
10:30:29,1.153461,103.894775,0,0,0,0,0,0,0,0,0,180,forward,0,0,0,1.1533711684715882,103.89484687978813
10:30:31,1.153461,103.894775,0,0,0,0,0,0,0,0,0,180,forward,0,0,0,1.1533711684715882,103.89484687978813
10:30:34,1.153461,103.894775,0,0,0,0,0,0,0,0,0,180,forward,0,0,0,1.1533711684715882,103.89484687978813
10:30:36,1.153461,103.894775,0,0,0,0,0,0,0,0,0,180,forward,0,0,0,1.1533711684715882,103.89484687978813
10:30:38,1.153461,103.894775,0,0,0,0,0,0,0,0,0,180,forward,0,0,0,1.1533711684715882,103.89484687978813
10:30:40,1.153461,103.894775,0,0,0,0,0,0,0,0,0,180,forward,0,0,0,1.1533711684715882,103.89484687978813
10:30:42,1.153461,103.894775,0,0,0,0,0,0,0,0,0,180,forward,0,0,0,1.1533711684715882,103.89484687978813
10:30:44,1.153461,103.894775,0,0,0,0,0,0,0,0,0,180,forward,0,0,0,1.1533711684715882,103.89484687978813
10:30:46,1.153461,103.894775,0,0,0,0,0,0,0,0,0,180,forward,0,0,0,1.1533711684715882,103.89484687978813
10:30:48,1.153461,103.894775,0,0,0,0,0,0,0,0,0,180,forward,0,0,0,1.1533711684715882,103.89484687978813
10:30:50,1.153461,103.894775,0,0,0,0,0,0,0,0,0,180,forward,0,0,0,1.1533711684715882,103.89484687978813
10:30:52,1.153461,103.894775,0,0,0,0,0,0,0,0,0,180,forward,0,0,0,1.1533711684715882,103.89484687978813
10:30:54,1.153461,103.894775,0,0,0,0,0,0,0,0,0,180,forward,0,0,0,1.1533711684715882,103.89484687978813
10:30:56,1.153461,103.894775,0,0,0,0,0,0,0,0,0,180,forward,0,0,0,1.1533711684715882,103.89484687978813
10:30:58,1.153461,103.894775,0,0,0,0,0,0,0,0,0,180,forward,0,0,0,1.1533711684715882,103.89484687978813
10:31:0,1.153461,103.894775,0,0,0,0,0,0,0,0,0,180,forward,0,0,0,1.1533711684715882,103.89484687978813
10:31:2,1.153461,103.894775,0,0,0,0,0,0,0,0,0,180,forward,0,0,0,1.1533711684715882,103.89484687978813
10:31:4,1.153461,103.894775,0,0,0,0,0,0,0,0,0,180,forward,0,0,0,1.1533711684715882,103.89484687978813
10:31:6,1.153461,103.894775,0,0,0,0,0,0,0,0,0,180,forward,0,0,0,1.1533711684715882,103.89484687978813
10:31:8,1.153461,103.894775,0,0,0,0,0,0,0,0,0,180,forward,0,0,0,1.1533711684715882,103.89484687978813
10:31:11,1.153461,103.894775,0,0,0,0,0,0,0,0,0,180,forward,0,0,0,1.1533711684715882,103.89484687978813
10:31:13,1.153461,103.894775,0,0,0,0,0,0,0,0,0,180,forward,0,0,0,1.1533711684715882,103.89484687978813
10:31:15,1.153461,103.894775,0,0,0,0,0,0,0,0,0,180,forward,0,0,0,1.1533711684715882,103.89484687978813
10:31:17,1.153461,103.894775,0,0,0,0,0,0,0,0,0,180,forward,0,0,0,1.1533711684715882,103.89484687978813
10:31:19,1.153461,103.894775,0,0,0,0,0,0,0,0,0,180,forward,0,0,0,1.1533711684715882,103.89484687978813
10:31:21,1.153461,103.894775,0,0,0,0,0,0,0,0,0,180,forward,0,0,0,1.1533711684715882,103.89484687978813
10:31:23,1.153461,103.894775,0,0,0,0,0,0,0,0,0,180,forward,0,0,0,1.1533711684715882,103.89484687978813
date,val latitude,val longitude,propeller speed1,propeller speed2,propeller speed3,propeller speed4,str1 target,str2 target,str3 target,str4 target,heading,heading target,mode,position_error,dir_error,payout,lat chute,long chute
10:31:53,1.153461,103.894775,0,0,0,0,0,0,0,0,0,180,forward,0,0,0,1.1533711684715882,103.89484687978813
10:31:55,1.153461,103.894775,0,0,0,0,0,0,0,0,0,180,forward,0,0,0,1.1533711684715882,103.89484687978813
10:31:57,1.153461,103.894775,0,0,0,0,0,0,0,0,0,180,forward,0,0,0,1.1533711684715882,103.89484687978813
10:32:0,1.153461,103.894775,0,0,0,0,0,0,0,0,0,180,forward,0,0,0,1.1533711684715882,103.89484687978813
10:32:2,1.153461,103.894775,0,0,0,0,0,0,0,0,0,180,forward,0,0,0,1.1533711684715882,103.89484687978813
10:32:4,1.153461,103.894775,0,0,0,0,0,0,0,0,0,180,forward,0,0,0,1.1533711684715882,103.89484687978813
10:32:6,1.153461,103.894775,0,0,0,0,0,0,0,0,0,180,forward,0,0,0,1.1533711684715882,103.89484687978813
10:32:8,1.153461,103.894775,0,0,0,0,0,0,0,0,0,180,forward,0,0,0,1.1533711684715882,103.89484687978813
10:32:10,1.153461,103.894775,0,0,0,0,0,0,0,0,0,180,forward,0,0,0,1.1533711684715882,103.89484687978813
10:32:12,1.153461,103.894775,0,0,0,0,0,0,0,0,0,180,forward,0,0,0,1.1533711684715882,103.89484687978813
10:32:14,1.153461,103.894775,0,0,0,0,0,0,0,0,0,180,forward,0,0,0,1.1533711684715882,103.89484687978813
10:32:16,1.153461,103.894775,0,0,0,0,0,0,0,0,0,180,forward,0,0,0,1.1533711684715882,103.89484687978813
10:32:18,1.153461,103.894775,0,0,0,0,0,0,0,0,0,180,forward,0,0,0,1.1533711684715882,103.89484687978813
10:32:20,1.153461,103.894775,0,0,0,0,0,0,0,0,0,180,forward,0,0,0,1.1533711684715882,103.89484687978813
10:32:22,1.153461,103.894775,0,0,0,0,0,0,0,0,0,180,forward,0,0,0,1.1533711684715882,103.89484687978813
10:32:24,1.153461,103.894775,0,0,0,0,0,0,0,0,0,180,forward,0,0,0,1.1533711684715882,103.89484687978813
10:32:27,1.153461,103.894775,0,0,0,0,0,0,0,0,0,180,forward,0,0,0,1.1533711684715882,103.89484687978813
10:32:29,1.153461,103.894775,0,0,0,0,0,0,0,0,0,180,forward,0,0,0,1.1533711684715882,103.89484687978813
10:32:31,1.153461,103.894775,0,0,0,0,0,0,0,0,0,180,forward,0,0,0,1.1533711684715882,103.89484687978813
10:32:33,1.153461,103.894775,0,0,0,0,0,0,0,0,0,180,forward,0,0,0,1.1533711684715882,103.89484687978813
date,val latitude,val longitude,propeller speed1,propeller speed2,propeller speed3,propeller speed4,str1 target,str2 target,str3 target,str4 target,heading,heading target,mode,position_error,dir_error,payout,lat chute,long chute
10:32:45,1.153461,103.894775,0,0,0,0,0,0,0,0,0,180,forward,0,0,0,1.1533711684715882,103.89484687978813
10:32:47,1.153461,103.894775,0,0,0,0,0,0,0,0,0,180,forward,0,0,0,1.1533711684715882,103.89484687978813
10:32:49,1.153461,103.894775,0,0,0,0,0,0,0,0,0,180,forward,0,0,0,1.1533711684715882,103.89484687978813
10:32:51,1.153461,103.894775,0,0,0,0,0,0,0,0,0,180,forward,0,0,0,1.1533711684715882,103.89484687978813
10:32:54,1.153461,103.894775,0,0,0,0,0,0,0,0,0,180,forward,0,0,0,1.1533711684715882,103.89484687978813
10:32:56,1.153461,103.894775,0,0,0,0,0,0,0,0,0,180,forward,0,0,0,1.1533711684715882,103.89484687978813
10:32:58,1.153461,103.894775,0,0,0,0,0,0,0,0,0,180,forward,0,0,0,1.1533711684715882,103.89484687978813
10:33:0,1.153461,103.894775,0,0,0,0,0,0,0,0,0,180,forward,0,0,0,1.1533711684715882,103.89484687978813
10:33:2,1.153461,103.894775,0,0,0,0,0,0,0,0,0,180,forward,0,0,0,1.1533711684715882,103.89484687978813
10:33:4,1.153461,103.894775,0,0,0,0,0,0,0,0,0,180,forward,0,0,0,1.1533711684715882,103.89484687978813
10:33:6,1.153461,103.894775,0,0,0,0,0,0,0,0,0,180,forward,0,0,0,1.1533711684715882,103.89484687978813
10:33:8,1.153461,103.894775,0,0,0,0,0,0,0,0,0,180,forward,0,0,0,1.1533711684715882,103.89484687978813
10:33:10,1.153461,103.894775,0,0,0,0,0,0,0,0,0,180,forward,0,0,0,1.1533711684715882,103.89484687978813
10:33:12,1.153461,103.894775,0,0,0,0,0,0,0,0,0,180,forward,0,0,0,1.1533711684715882,103.89484687978813
10:33:14,1.153461,103.894775,0,0,0,0,0,0,0,0,0,180,forward,0,0,0,1.1533711684715882,103.89484687978813
10:33:16,1.153461,103.894775,0,0,0,0,0,0,0,0,0,180,forward,0,0,0,1.1533711684715882,103.89484687978813
10:33:18,1.153461,103.894775,0,0,0,0,0,0,0,0,0,180,forward,0,0,0,1.1533711684715882,103.89484687978813
10:33:20,1.153461,103.894775,0,0,0,0,0,0,0,0,0,180,forward,0,0,0,1.1533711684715882,103.89484687978813
10:33:22,1.153461,103.894775,0,0,0,0,0,0,0,0,0,180,forward,0,0,0,1.1533711684715882,103.89484687978813
10:33:25,1.153461,103.894775,0,0,0,0,0,0,0,0,0,180,forward,0,0,0,1.1533711684715882,103.89484687978813
10:33:27,1.153461,103.894775,0,0,0,0,0,0,0,0,0,180,forward,0,0,0,1.1533711684715882,103.89484687978813
10:33:29,1.153461,103.894775,0,0,0,0,0,0,0,0,0,180,forward,0,0,0,1.1533711684715882,103.89484687978813
10:33:31,1.153461,103.894775,0,0,0,0,0,0,0,0,0,180,forward,0,0,0,1.1533711684715882,103.89484687978813
10:33:33,1.153461,103.894775,0,0,0,0,0,0,0,0,0,180,forward,0,0,0,1.1533711684715882,103.89484687978813
10:33:35,1.153461,103.894775,0,0,0,0,0,0,0,0,0,180,forward,0,0,0,1.1533711684715882,103.89484687978813
10:33:37,1.153461,103.894775,0,0,0,0,0,0,0,0,0,180,forward,0,0,0,1.1533711684715882,103.89484687978813
10:33:39,1.153461,103.894775,0,0,0,0,0,0,0,0,0,180,forward,0,0,0,1.1533711684715882,103.89484687978813
10:33:41,1.153461,103.894775,0,0,0,0,0,0,0,0,0,180,forward,0,0,0,1.1533711684715882,103.89484687978813
10:33:43,1.153461,103.894775,0,0,0,0,0,0,0,0,0,180,forward,0,0,0,1.1533711684715882,103.89484687978813
10:33:45,1.153461,103.894775,0,0,0,0,0,0,0,0,0,180,forward,0,0,0,1.1533711684715882,103.89484687978813
10:33:48,1.153461,103.894775,0,0,0,0,0,0,0,0,0,180,forward,0,0,0,1.1533711684715882,103.89484687978813
10:33:50,1.153461,103.894775,0,0,0,0,0,0,0,0,0,180,forward,0,0,0,1.1533711684715882,103.89484687978813
10:33:52,1.153461,103.894775,0,0,0,0,0,0,0,0,0,180,forward,0,0,0,1.1533711684715882,103.89484687978813
10:33:54,1.153461,103.894775,0,0,0,0,0,0,0,0,0,180,forward,0,0,0,1.1533711684715882,103.89484687978813
10:33:56,1.153461,103.894775,0,0,0,0,0,0,0,0,0,180,forward,0,0,0,1.1533711684715882,103.89484687978813
10:33:58,1.153461,103.894775,0,0,0,0,0,0,0,0,0,180,forward,0,0,0,1.1533711684715882,103.89484687978813
10:34:0,1.153461,103.894775,0,0,0,0,0,0,0,0,0,180,forward,0,0,0,1.1533711684715882,103.89484687978813
10:34:2,1.153461,103.894775,0,0,0,0,0,0,0,0,0,180,forward,0,0,0,1.1533711684715882,103.89484687978813
10:34:4,1.153461,103.894775,0,0,0,0,0,0,0,0,0,180,forward,0,0,0,1.1533711684715882,103.89484687978813
10:34:6,1.153461,103.894775,0,0,0,0,0,0,0,0,0,180,forward,0,0,0,1.1533711684715882,103.89484687978813
10:34:8,1.153461,103.894775,0,0,0,0,0,0,0,0,0,180,forward,0,0,0,1.1533711684715882,103.89484687978813
10:34:10,1.153461,103.894775,0,0,0,0,0,0,0,0,0,180,forward,0,0,0,1.1533711684715882,103.89484687978813
10:34:12,1.153461,103.894775,0,0,0,0,0,0,0,0,0,180,forward,0,0,0,1.1533711684715882,103.89484687978813
10:34:14,1.153461,103.894775,0,0,0,0,0,0,0,0,0,180,forward,0,0,0,1.1533711684715882,103.89484687978813
10:34:16,1.153461,103.894775,0,0,0,0,0,0,0,0,0,180,forward,0,0,0,1.1533711684715882,103.89484687978813
10:34:18,1.153461,103.894775,0,0,0,0,0,0,0,0,0,180,forward,0,0,0,1.1533711684715882,103.89484687978813
10:34:20,1.153461,103.894775,0,0,0,0,0,0,0,0,0,180,forward,0,0,0,1.1533711684715882,103.89484687978813
10:34:22,1.153461,103.894775,0,0,0,0,0,0,0,0,0,180,forward,0,0,0,1.1533711684715882,103.89484687978813
10:34:25,1.153461,103.894775,0,0,0,0,0,0,0,0,0,180,forward,0,0,0,1.1533711684715882,103.89484687978813
10:34:27,1.153461,103.894775,0,0,0,0,0,0,0,0,0,180,forward,0,0,0,1.1533711684715882,103.89484687978813
10:34:29,1.153461,103.894775,0,0,0,0,0,0,0,0,0,180,forward,0,0,0,1.1533711684715882,103.89484687978813
10:34:31,1.153461,103.894775,0,0,0,0,0,0,0,0,0,180,forward,0,0,0,1.1533711684715882,103.89484687978813
10:34:33,1.153461,103.894775,0,0,0,0,0,0,0,0,0,180,forward,0,0,0,1.1533711684715882,103.89484687978813
10:34:35,1.153461,103.894775,0,0,0,0,0,0,0,0,0,180,forward,0,0,0,1.1533711684715882,103.89484687978813
10:34:37,1.153461,103.894775,0,0,0,0,0,0,0,0,0,180,forward,0,0,0,1.1533711684715882,103.89484687978813
10:34:39,1.153461,103.894775,0,0,0,0,0,0,0,0,0,180,forward,0,0,0,1.1533711684715882,103.89484687978813
10:34:41,1.153461,103.894775,0,0,0,0,0,0,0,0,0,180,forward,0,0,0,1.1533711684715882,103.89484687978813
10:34:43,1.153461,103.894775,0,0,0,0,0,0,0,0,0,180,forward,0,0,0,1.1533711684715882,103.89484687978813
10:34:45,1.153461,103.894775,0,0,0,0,0,0,0,0,0,180,forward,0,0,0,1.1533711684715882,103.89484687978813
10:34:47,1.153461,103.894775,0,0,0,0,0,0,0,0,0,180,forward,0,0,0,1.1533711684715882,103.89484687978813
10:34:49,1.153461,103.894775,0,0,0,0,0,0,0,0,0,180,forward,0,0,0,1.1533711684715882,103.89484687978813
10:34:51,1.153461,103.894775,0,0,0,0,0,0,0,0,0,180,forward,0,0,0,1.1533711684715882,103.89484687978813
10:34:53,1.153461,103.894775,0,0,0,0,0,0,0,0,0,180,forward,0,0,0,1.1533711684715882,103.89484687978813
10:34:55,1.153461,103.894775,0,0,0,0,0,0,0,0,0,180,forward,0,0,0,1.1533711684715882,103.89484687978813
10:34:57,1.153461,103.894775,0,0,0,0,0,0,0,0,0,180,forward,0,0,0,1.1533711684715882,103.89484687978813
10:34:59,1.153461,103.894775,0,0,0,0,0,0,0,0,0,180,forward,0,0,0,1.1533711684715882,103.89484687978813
10:35:2,1.153461,103.894775,0,0,0,0,0,0,0,0,0,180,forward,0,0,0,1.1533711684715882,103.89484687978813
10:35:4,1.153461,103.894775,0,0,0,0,0,0,0,0,0,180,forward,0,0,0,1.1533711684715882,103.89484687978813
10:35:6,1.153461,103.894775,0,0,0,0,0,0,0,0,0,180,forward,0,0,0,1.1533711684715882,103.89484687978813
10:35:8,1.153461,103.894775,0,0,0,0,0,0,0,0,0,180,forward,0,0,0,1.1533711684715882,103.89484687978813
10:35:10,1.153461,103.894775,0,0,0,0,0,0,0,0,0,180,forward,0,0,0,1.1533711684715882,103.89484687978813
10:35:12,1.153461,103.894775,0,0,0,0,0,0,0,0,0,180,forward,0,0,0,1.1533711684715882,103.89484687978813
10:35:14,1.153461,103.894775,0,0,0,0,0,0,0,0,0,180,forward,0,0,0,1.1533711684715882,103.89484687978813
date,val latitude,val longitude,propeller speed1,propeller speed2,propeller speed3,propeller speed4,str1 target,str2 target,str3 target,str4 target,heading,heading target,mode,position_error,dir_error,payout,lat chute,long chute
date,val latitude,val longitude,propeller speed1,propeller speed2,propeller speed3,propeller speed4,str1 target,str2 target,str3 target,str4 target,heading,heading target,mode,position_error,dir_error,payout,lat chute,long chute
11:1:25,1.153461,103.894775,0,0,0,0,0,0,0,0,0,180,forward,0,0,0,1.1533711684715882,103.89484687978813
11:1:27,1.153461,103.894775,0,0,0,0,0,0,0,0,0,180,forward,0,0,0,1.1533711684715882,103.89484687978813
11:1:29,1.153461,103.894775,0,0,0,0,0,0,0,0,0,180,forward,0,0,0,1.1533711684715882,103.89484687978813
11:1:31,1.153461,103.894775,0,0,0,0,0,0,0,0,0,180,forward,0,0,0,1.1533711684715882,103.89484687978813
11:1:34,1.153461,103.894775,0,0,0,0,0,0,0,0,0,180,forward,0,0,0,1.1533711684715882,103.89484687978813
11:1:36,1.153461,103.894775,0,0,0,0,0,0,0,0,0,180,forward,0,0,0,1.1533711684715882,103.89484687978813
11:1:38,1.153461,103.894775,0,0,0,0,0,0,0,0,0,180,forward,0,0,0,1.1533711684715882,103.89484687978813
11:1:40,1.153461,103.894775,0,0,0,0,0,0,0,0,0,180,forward,0,0,0,1.1533711684715882,103.89484687978813
11:1:42,1.153461,103.894775,0,0,0,0,0,0,0,0,0,180,forward,0,0,0,1.1533711684715882,103.89484687978813
11:1:44,1.153461,103.894775,0,0,0,0,0,0,0,0,0,180,forward,0,0,0,1.1533711684715882,103.89484687978813
11:1:46,1.153461,103.894775,0,0,0,0,0,0,0,0,0,180,forward,0,0,0,1.1533711684715882,103.89484687978813
11:1:48,1.153461,103.894775,0,0,0,0,0,0,0,0,0,180,forward,0,0,0,1.1533711684715882,103.89484687978813
11:1:50,1.153461,103.894775,0,0,0,0,0,0,0,0,0,180,forward,0,0,0,1.1533711684715882,103.89484687978813
11:1:52,1.153461,103.894775,0,0,0,0,0,0,0,0,0,180,forward,0,0,0,1.1533711684715882,103.89484687978813
11:1:54,1.153461,103.894775,0,0,0,0,0,0,0,0,0,180,forward,0,0,0,1.1533711684715882,103.89484687978813
date,val latitude,val longitude,propeller speed1,propeller speed2,propeller speed3,propeller speed4,str1 target,str2 target,str3 target,str4 target,heading,heading target,mode,position_error,dir_error,payout,lat chute,long chute
date,val latitude,val longitude,propeller speed1,propeller speed2,propeller speed3,propeller speed4,str1 target,str2 target,str3 target,str4 target,heading,heading target,mode,position_error,dir_error,payout,lat chute,long chute
11:2:20,1.153461,103.894775,0,0,0,0,0,0,0,0,0,180,forward,0,0,0,1.1533711684715882,103.89484687978813
11:2:22,1.153461,103.894775,0,0,0,0,0,0,0,0,0,180,forward,0,0,0,1.1533711684715882,103.89484687978813
11:2:24,1.153461,103.894775,0,0,0,0,0,0,0,0,0,180,forward,0,0,0,1.1533711684715882,103.89484687978813
11:2:26,1.153461,103.894775,0,0,0,0,0,0,0,0,0,180,forward,0,0,0,1.1533711684715882,103.89484687978813
11:2:28,1.153461,103.894775,0,0,0,0,0,0,0,0,0,180,forward,0,0,0,1.1533711684715882,103.89484687978813
11:2:30,1.153461,103.894775,0,0,0,0,0,0,0,0,0,180,forward,0,0,0,1.1533711684715882,103.89484687978813
11:2:32,1.153461,103.894775,0,0,0,0,0,0,0,0,0,180,forward,0,0,0,1.1533711684715882,103.89484687978813
11:2:34,1.153461,103.894775,0,0,0,0,0,0,0,0,0,180,forward,0,0,0,1.1533711684715882,103.89484687978813
11:2:36,1.153461,103.894775,0,0,0,0,0,0,0,0,0,180,forward,0,0,0,1.1533711684715882,103.89484687978813
11:2:38,1.153461,103.894775,0,0,0,0,0,0,0,0,0,180,forward,0,0,0,1.1533711684715882,103.89484687978813
11:2:40,1.153461,103.894775,0,0,0,0,0,0,0,0,0,180,forward,0,0,0,1.1533711684715882,103.89484687978813
11:2:42,1.153461,103.894775,0,0,0,0,0,0,0,0,0,180,forward,0,0,0,1.1533711684715882,103.89484687978813
11:2:44,1.153461,103.894775,0,0,0,0,0,0,0,0,0,180,forward,0,0,0,1.1533711684715882,103.89484687978813
11:2:46,1.153461,103.894775,0,0,0,0,0,0,0,0,0,180,forward,0,0,0,1.1533711684715882,103.89484687978813
11:2:48,1.153461,103.894775,0,0,0,0,0,0,0,0,0,180,forward,0,0,0,1.1533711684715882,103.89484687978813
11:2:50,1.153461,103.894775,0,0,0,0,0,0,0,0,0,180,forward,0,0,0,1.1533711684715882,103.89484687978813
11:2:52,1.153461,103.894775,0,0,0,0,0,0,0,0,0,180,forward,0,0,0,1.1533711684715882,103.89484687978813
11:2:55,1.153461,103.894775,0,0,0,0,0,0,0,0,0,180,forward,0,0,0,1.1533711684715882,103.89484687978813
11:2:57,1.153461,103.894775,0,0,0,0,0,0,0,0,0,180,forward,0,0,0,1.1533711684715882,103.89484687978813
11:2:59,1.153461,103.894775,0,0,0,0,0,0,0,0,0,180,forward,0,0,0,1.1533711684715882,103.89484687978813
11:3:1,1.153461,103.894775,0,0,0,0,0,0,0,0,0,180,forward,0,0,0,1.1533711684715882,103.89484687978813
11:3:3,1.153461,103.894775,0,0,0,0,0,0,0,0,0,180,forward,0,0,0,1.1533711684715882,103.89484687978813
date,val latitude,val longitude,propeller speed1,propeller speed2,propeller speed3,propeller speed4,str1 target,str2 target,str3 target,str4 target,heading,heading target,mode,position_error,dir_error,payout,lat chute,long chute
date,val latitude,val longitude,propeller speed1,propeller speed2,propeller speed3,propeller speed4,str1 target,str2 target,str3 target,str4 target,heading,heading target,mode,position_error,dir_error,payout,lat chute,long chute
date,val latitude,val longitude,propeller speed1,propeller speed2,propeller speed3,propeller speed4,str1 target,str2 target,str3 target,str4 target,heading,heading target,mode,position_error,dir_error,payout,lat chute,long chute
date,val latitude,val longitude,propeller speed1,propeller speed2,propeller speed3,propeller speed4,str1 target,str2 target,str3 target,str4 target,heading,heading target,mode,position_error,dir_error,payout,lat chute,long chute
date,val latitude,val longitude,propeller speed1,propeller speed2,propeller speed3,propeller speed4,str1 target,str2 target,str3 target,str4 target,heading,heading target,mode,position_error,dir_error,payout,lat chute,long chute
11:5:8,1.153461,103.894775,0,0,0,0,0,0,0,0,0,180,forward,0,0,0,1.1533711684715882,103.89484687978813
11:5:10,1.153461,103.894775,0,0,0,0,0,0,0,0,0,180,forward,0,0,0,1.1533711684715882,103.89484687978813
11:5:12,1.153461,103.894775,0,0,0,0,0,0,0,0,0,180,forward,0,0,0,1.1533711684715882,103.89484687978813
11:5:14,1.153461,103.894775,0,0,0,0,0,0,0,0,0,180,forward,0,0,0,1.1533711684715882,103.89484687978813
11:5:16,1.153461,103.894775,0,0,0,0,0,0,0,0,0,180,forward,0,0,0,1.1533711684715882,103.89484687978813
11:5:18,1.153461,103.894775,0,0,0,0,0,0,0,0,0,180,forward,0,0,0,1.1533711684715882,103.89484687978813
11:5:20,1.153461,103.894775,0,0,0,0,0,0,0,0,0,180,forward,0,0,0,1.1533711684715882,103.89484687978813
11:5:22,1.153461,103.894775,0,0,0,0,0,0,0,0,0,180,forward,0,0,0,1.1533711684715882,103.89484687978813
11:5:24,1.153461,103.894775,0,0,0,0,0,0,0,0,0,180,forward,0,0,0,1.1533711684715882,103.89484687978813
11:5:27,1.153461,103.894775,0,0,0,0,0,0,0,0,0,180,forward,0,0,0,1.1533711684715882,103.89484687978813
11:5:29,1.153461,103.894775,0,0,0,0,0,0,0,0,0,180,forward,0,0,0,1.1533711684715882,103.89484687978813
11:5:31,1.153461,103.894775,0,0,0,0,0,0,0,0,0,180,forward,0,0,0,1.1533711684715882,103.89484687978813
11:5:33,1.153461,103.894775,0,0,0,0,0,0,0,0,0,180,forward,0,0,0,1.1533711684715882,103.89484687978813
11:5:35,1.153461,103.894775,0,0,0,0,0,0,0,0,0,180,forward,0,0,0,1.1533711684715882,103.89484687978813
11:5:37,1.153461,103.894775,0,0,0,0,0,0,0,0,0,180,forward,0,0,0,1.1533711684715882,103.89484687978813
date,val latitude,val longitude,propeller speed1,propeller speed2,propeller speed3,propeller speed4,str1 target,str2 target,str3 target,str4 target,heading,heading target,mode,position_error,dir_error,payout,lat chute,long chute
11:5:49,1.153461,103.894775,0,0,0,0,0,0,0,0,0,180,forward,0,0,0,1.1533711684715882,103.89484687978813
11:5:51,1.153461,103.894775,0,0,0,0,0,0,0,0,0,180,forward,0,0,0,1.1533711684715882,103.89484687978813
11:5:53,1.153461,103.894775,0,0,0,0,0,0,0,0,0,180,forward,0,0,0,1.1533711684715882,103.89484687978813
11:5:55,1.153461,103.894775,0,0,0,0,0,0,0,0,0,180,forward,0,0,0,1.1533711684715882,103.89484687978813
11:5:57,1.153461,103.894775,0,0,0,0,0,0,0,0,0,180,forward,0,0,0,1.1533711684715882,103.89484687978813
11:5:59,1.153461,103.894775,0,0,0,0,0,0,0,0,0,180,forward,0,0,0,1.1533711684715882,103.89484687978813
11:6:1,1.153461,103.894775,0,0,0,0,0,0,0,0,0,180,forward,0,0,0,1.1533711684715882,103.89484687978813
11:6:3,1.153461,103.894775,0,0,0,0,0,0,0,0,0,180,forward,0,0,0,1.1533711684715882,103.89484687978813
11:6:5,1.153461,103.894775,0,0,0,0,0,0,0,0,0,180,forward,0,0,0,1.1533711684715882,103.89484687978813
11:6:7,1.153461,103.894775,0,0,0,0,0,0,0,0,0,180,forward,0,0,0,1.1533711684715882,103.89484687978813
11:6:10,1.153461,103.894775,0,0,0,0,0,0,0,0,0,180,forward,0,0,0,1.1533711684715882,103.89484687978813
11:6:12,1.153461,103.894775,0,0,0,0,0,0,0,0,0,180,forward,0,0,0,1.1533711684715882,103.89484687978813
11:6:14,1.153461,103.894775,0,0,0,0,0,0,0,0,0,180,forward,0,0,0,1.1533711684715882,103.89484687978813
11:6:16,1.153461,103.894775,0,0,0,0,0,0,0,0,0,180,forward,0,0,0,1.1533711684715882,103.89484687978813
11:6:18,1.153461,103.894775,0,0,0,0,0,0,0,0,0,180,forward,0,0,0,1.1533711684715882,103.89484687978813
11:6:20,1.153461,103.894775,0,0,0,0,0,0,0,0,0,180,forward,0,0,0,1.1533711684715882,103.89484687978813
11:6:22,1.153461,103.894775,0,0,0,0,0,0,0,0,0,180,forward,0,0,0,1.1533711684715882,103.89484687978813
11:6:24,1.153461,103.894775,0,0,0,0,0,0,0,0,0,180,forward,0,0,0,1.1533711684715882,103.89484687978813
11:6:26,1.153461,103.894775,0,0,0,0,0,0,0,0,0,180,forward,0,0,0,1.1533711684715882,103.89484687978813
11:6:28,1.153461,103.894775,0,0,0,0,0,0,0,0,0,180,forward,0,0,0,1.1533711684715882,103.89484687978813
11:6:30,1.153461,103.894775,0,0,0,0,0,0,0,0,0,180,forward,0,0,0,1.1533711684715882,103.89484687978813
11:6:32,1.153461,103.894775,0,0,0,0,0,0,0,0,0,180,forward,0,0,0,1.1533711684715882,103.89484687978813
11:6:34,1.153461,103.894775,0,0,0,0,0,0,0,0,0,180,forward,0,0,0,1.1533711684715882,103.89484687978813
11:6:36,1.153461,103.894775,0,0,0,0,0,0,0,0,0,180,forward,0,0,0,1.1533711684715882,103.89484687978813
11:6:38,1.153461,103.894775,0,0,0,0,0,0,0,0,0,180,forward,0,0,0,1.1533711684715882,103.89484687978813
11:6:40,1.153461,103.894775,0,0,0,0,0,0,0,0,0,180,forward,0,0,0,1.1533711684715882,103.89484687978813
11:6:43,1.153461,103.894775,0,0,0,0,0,0,0,0,0,180,forward,0,0,0,1.1533711684715882,103.89484687978813
11:6:45,1.153461,103.894775,0,0,0,0,0,0,0,0,0,180,forward,0,0,0,1.1533711684715882,103.89484687978813
date,val latitude,val longitude,propeller speed1,propeller speed2,propeller speed3,propeller speed4,str1 target,str2 target,str3 target,str4 target,heading,heading target,mode,position_error,dir_error,payout,lat chute,long chute
11:6:58,1.153461,103.894775,0,0,0,0,0,0,0,0,0,180,forward,0,0,0,1.1533711684715882,103.89484687978813
11:7:0,1.153461,103.894775,0,0,0,0,0,0,0,0,0,180,forward,0,0,0,1.1533711684715882,103.89484687978813
11:7:2,1.153461,103.894775,0,0,0,0,0,0,0,0,0,180,forward,0,0,0,1.1533711684715882,103.89484687978813
11:7:4,1.153461,103.894775,0,0,0,0,0,0,0,0,0,180,forward,0,0,0,1.1533711684715882,103.89484687978813
11:7:6,1.153461,103.894775,0,0,0,0,0,0,0,0,0,180,forward,0,0,0,1.1533711684715882,103.89484687978813
11:7:8,1.153461,103.894775,0,0,0,0,0,0,0,0,0,180,forward,0,0,0,1.1533711684715882,103.89484687978813
11:7:10,1.153461,103.894775,0,0,0,0,0,0,0,0,0,180,forward,0,0,0,1.1533711684715882,103.89484687978813
11:7:12,1.153461,103.894775,0,0,0,0,0,0,0,0,0,180,forward,0,0,0,1.1533711684715882,103.89484687978813
11:7:14,1.153461,103.894775,0,0,0,0,0,0,0,0,0,180,forward,0,0,0,1.1533711684715882,103.89484687978813
11:7:16,1.153461,103.894775,0,0,0,0,0,0,0,0,0,180,forward,0,0,0,1.1533711684715882,103.89484687978813
11:7:18,1.153461,103.894775,0,0,0,0,0,0,0,0,0,180,forward,0,0,0,1.1533711684715882,103.89484687978813
11:7:20,1.153461,103.894775,0,0,0,0,0,0,0,0,0,180,forward,0,0,0,1.1533711684715882,103.89484687978813
11:7:22,1.153461,103.894775,0,0,0,0,0,0,0,0,0,180,forward,0,0,0,1.1533711684715882,103.89484687978813
11:7:24,1.153461,103.894775,0,0,0,0,0,0,0,0,0,180,forward,0,0,0,1.1533711684715882,103.89484687978813
11:7:26,1.153461,103.894775,0,0,0,0,0,0,0,0,0,180,forward,0,0,0,1.1533711684715882,103.89484687978813
11:7:28,1.153461,103.894775,0,0,0,0,0,0,0,0,0,180,forward,0,0,0,1.1533711684715882,103.89484687978813
11:7:30,1.153461,103.894775,0,0,0,0,0,0,0,0,0,180,forward,0,0,0,1.1533711684715882,103.89484687978813
11:7:32,1.153461,103.894775,0,0,0,0,0,0,0,0,0,180,forward,0,0,0,1.1533711684715882,103.89484687978813
11:7:34,1.153461,103.894775,0,0,0,0,0,0,0,0,0,180,forward,0,0,0,1.1533711684715882,103.89484687978813
11:7:37,1.153461,103.894775,0,0,0,0,0,0,0,0,0,180,forward,0,0,0,1.1533711684715882,103.89484687978813
11:7:39,1.153461,103.894775,0,0,0,0,0,0,0,0,0,180,forward,0,0,0,1.1533711684715882,103.89484687978813
11:7:41,1.153461,103.894775,0,0,0,0,0,0,0,0,0,180,forward,0,0,0,1.1533711684715882,103.89484687978813
11:7:43,1.153461,103.894775,0,0,0,0,0,0,0,0,0,180,forward,0,0,0,1.1533711684715882,103.89484687978813
11:7:45,1.153461,103.894775,0,0,0,0,0,0,0,0,0,180,forward,0,0,0,1.1533711684715882,103.89484687978813
11:7:47,1.153461,103.894775,0,0,0,0,0,0,0,0,0,180,forward,0,0,0,1.1533711684715882,103.89484687978813
11:7:49,1.153461,103.894775,0,0,0,0,0,0,0,0,0,180,forward,0,0,0,1.1533711684715882,103.89484687978813
11:7:51,1.153461,103.894775,0,0,0,0,0,0,0,0,0,180,forward,0,0,0,1.1533711684715882,103.89484687978813
11:7:53,1.153461,103.894775,0,0,0,0,0,0,0,0,0,180,forward,0,0,0,1.1533711684715882,103.89484687978813
11:7:55,1.153461,103.894775,0,0,0,0,0,0,0,0,0,180,forward,0,0,0,1.1533711684715882,103.89484687978813
11:7:57,1.153461,103.894775,0,0,0,0,0,0,0,0,0,180,forward,0,0,0,1.1533711684715882,103.89484687978813
11:7:59,1.153461,103.894775,0,0,0,0,0,0,0,0,0,180,forward,0,0,0,1.1533711684715882,103.89484687978813
11:8:1,1.153461,103.894775,0,0,0,0,0,0,0,0,0,180,forward,0,0,0,1.1533711684715882,103.89484687978813
11:8:3,1.153461,103.894775,0,0,0,0,0,0,0,0,0,180,forward,0,0,0,1.1533711684715882,103.89484687978813
11:8:5,1.153461,103.894775,0,0,0,0,0,0,0,0,0,180,forward,0,0,0,1.1533711684715882,103.89484687978813
11:8:7,1.153461,103.894775,0,0,0,0,0,0,0,0,0,180,forward,0,0,0,1.1533711684715882,103.89484687978813
11:8:9,1.153461,103.894775,0,0,0,0,0,0,0,0,0,180,forward,0,0,0,1.1533711684715882,103.89484687978813
11:8:12,1.153461,103.894775,0,0,0,0,0,0,0,0,0,180,forward,0,0,0,1.1533711684715882,103.89484687978813
11:8:14,1.153461,103.894775,0,0,0,0,0,0,0,0,0,180,forward,0,0,0,1.1533711684715882,103.89484687978813
11:8:16,1.153461,103.894775,0,0,0,0,0,0,0,0,0,180,forward,0,0,0,1.1533711684715882,103.89484687978813
11:8:18,1.153461,103.894775,0,0,0,0,0,0,0,0,0,180,forward,0,0,0,1.1533711684715882,103.89484687978813
11:8:20,1.153461,103.894775,0,0,0,0,0,0,0,0,0,180,forward,0,0,0,1.1533711684715882,103.89484687978813
11:8:22,1.153461,103.894775,0,0,0,0,0,0,0,0,0,180,forward,0,0,0,1.1533711684715882,103.89484687978813
11:8:24,1.153461,103.894775,0,0,0,0,0,0,0,0,0,180,forward,0,0,0,1.1533711684715882,103.89484687978813
11:8:26,1.153461,103.894775,0,0,0,0,0,0,0,0,0,180,forward,0,0,0,1.1533711684715882,103.89484687978813
11:8:28,1.153461,103.894775,0,0,0,0,0,0,0,0,0,180,forward,0,0,0,1.1533711684715882,103.89484687978813
11:8:30,1.153461,103.894775,0,0,0,0,0,0,0,0,0,180,forward,0,0,0,1.1533711684715882,103.89484687978813
11:8:32,1.153461,103.894775,0,0,0,0,0,0,0,0,0,180,forward,0,0,0,1.1533711684715882,103.89484687978813
11:8:34,1.153461,103.894775,0,0,0,0,0,0,0,0,0,180,forward,0,0,0,1.1533711684715882,103.89484687978813
11:8:36,1.153461,103.894775,0,0,0,0,0,0,0,0,0,180,forward,0,0,0,1.1533711684715882,103.89484687978813
11:8:38,1.153461,103.894775,0,0,0,0,0,0,0,0,0,180,forward,0,0,0,1.1533711684715882,103.89484687978813
11:8:40,1.153461,103.894775,0,0,0,0,0,0,0,0,0,180,forward,0,0,0,1.1533711684715882,103.89484687978813
11:8:42,1.153461,103.894775,0,0,0,0,0,0,0,0,0,180,forward,0,0,0,1.1533711684715882,103.89484687978813
11:8:44,1.153461,103.894775,0,0,0,0,0,0,0,0,0,180,forward,0,0,0,1.1533711684715882,103.89484687978813
11:8:46,1.153461,103.894775,0,0,0,0,0,0,0,0,0,180,forward,0,0,0,1.1533711684715882,103.89484687978813
11:8:49,1.153461,103.894775,0,0,0,0,0,0,0,0,0,180,forward,0,0,0,1.1533711684715882,103.89484687978813
11:8:51,1.153461,103.894775,0,0,0,0,0,0,0,0,0,180,forward,0,0,0,1.1533711684715882,103.89484687978813
11:8:53,1.153461,103.894775,0,0,0,0,0,0,0,0,0,180,forward,0,0,0,1.1533711684715882,103.89484687978813
11:8:55,1.153461,103.894775,0,0,0,0,0,0,0,0,0,180,forward,0,0,0,1.1533711684715882,103.89484687978813
11:8:57,1.153461,103.894775,0,0,0,0,0,0,0,0,0,180,forward,0,0,0,1.1533711684715882,103.89484687978813
11:8:59,1.153461,103.894775,0,0,0,0,0,0,0,0,0,180,forward,0,0,0,1.1533711684715882,103.89484687978813
11:9:1,1.153461,103.894775,0,0,0,0,0,0,0,0,0,180,forward,0,0,0,1.1533711684715882,103.89484687978813
11:9:3,1.153461,103.894775,0,0,0,0,0,0,0,0,0,180,forward,0,0,0,1.1533711684715882,103.89484687978813
11:9:5,1.153461,103.894775,0,0,0,0,0,0,0,0,0,180,forward,0,0,0,1.1533711684715882,103.89484687978813
11:9:7,1.153461,103.894775,0,0,0,0,0,0,0,0,0,180,forward,0,0,0,1.1533711684715882,103.89484687978813
11:9:9,1.153461,103.894775,0,0,0,0,0,0,0,0,0,180,forward,0,0,0,1.1533711684715882,103.89484687978813
11:9:11,1.153461,103.894775,0,0,0,0,0,0,0,0,0,180,forward,0,0,0,1.1533711684715882,103.89484687978813
11:9:13,1.153461,103.894775,0,0,0,0,0,0,0,0,0,180,forward,0,0,0,1.1533711684715882,103.89484687978813
11:9:15,1.153461,103.894775,0,0,0,0,0,0,0,0,0,180,forward,0,0,0,1.1533711684715882,103.89484687978813
11:9:17,1.153461,103.894775,0,0,0,0,0,0,0,0,0,180,forward,0,0,0,1.1533711684715882,103.89484687978813
11:9:20,1.153461,103.894775,0,0,0,0,0,0,0,0,0,180,forward,0,0,0,1.1533711684715882,103.89484687978813
11:9:22,1.153461,103.894775,0,0,0,0,0,0,0,0,0,180,forward,0,0,0,1.1533711684715882,103.89484687978813
11:9:24,1.153461,103.894775,0,0,0,0,0,0,0,0,0,180,forward,0,0,0,1.1533711684715882,103.89484687978813
11:9:26,1.153461,103.894775,0,0,0,0,0,0,0,0,0,180,forward,0,0,0,1.1533711684715882,103.89484687978813
11:9:28,1.153461,103.894775,0,0,0,0,0,0,0,0,0,180,forward,0,0,0,1.1533711684715882,103.89484687978813
11:9:30,1.153461,103.894775,0,0,0,0,0,0,0,0,0,180,forward,0,0,0,1.1533711684715882,103.89484687978813
11:9:32,1.153461,103.894775,0,0,0,0,0,0,0,0,0,180,forward,0,0,0,1.1533711684715882,103.89484687978813
11:9:34,1.153461,103.894775,0,0,0,0,0,0,0,0,0,180,forward,0,0,0,1.1533711684715882,103.89484687978813
11:9:36,1.153461,103.894775,0,0,0,0,0,0,0,0,0,180,forward,0,0,0,1.1533711684715882,103.89484687978813
11:9:38,1.153461,103.894775,0,0,0,0,0,0,0,0,0,180,forward,0,0,0,1.1533711684715882,103.89484687978813
11:9:40,1.153461,103.894775,0,0,0,0,0,0,0,0,0,180,forward,0,0,0,1.1533711684715882,103.89484687978813
11:9:42,1.153461,103.894775,0,0,0,0,0,0,0,0,0,180,forward,0,0,0,1.1533711684715882,103.89484687978813
11:9:44,1.153461,103.894775,0,0,0,0,0,0,0,0,0,180,forward,0,0,0,1.1533711684715882,103.89484687978813
11:9:46,1.153461,103.894775,0,0,0,0,0,0,0,0,0,180,forward,0,0,0,1.1533711684715882,103.89484687978813
11:9:48,1.153461,103.894775,0,0,0,0,0,0,0,0,0,180,forward,0,0,0,1.1533711684715882,103.89484687978813
11:9:50,1.153461,103.894775,0,0,0,0,0,0,0,0,0,180,forward,0,0,0,1.1533711684715882,103.89484687978813
11:9:52,1.153461,103.894775,0,0,0,0,0,0,0,0,0,180,forward,0,0,0,1.1533711684715882,103.89484687978813
11:9:54,1.153461,103.894775,0,0,0,0,0,0,0,0,0,180,forward,0,0,0,1.1533711684715882,103.89484687978813
11:9:56,1.153461,103.894775,0,0,0,0,0,0,0,0,0,180,forward,0,0,0,1.1533711684715882,103.89484687978813
11:9:59,1.153461,103.894775,0,0,0,0,0,0,0,0,0,180,forward,0,0,0,1.1533711684715882,103.89484687978813
11:10:1,1.153461,103.894775,0,0,0,0,0,0,0,0,0,180,forward,0,0,0,1.1533711684715882,103.89484687978813
11:10:3,1.153461,103.894775,0,0,0,0,0,0,0,0,0,180,forward,0,0,0,1.1533711684715882,103.89484687978813
11:10:5,1.153461,103.894775,0,0,0,0,0,0,0,0,0,180,forward,0,0,0,1.1533711684715882,103.89484687978813
11:10:7,1.153461,103.894775,0,0,0,0,0,0,0,0,0,180,forward,0,0,0,1.1533711684715882,103.89484687978813
11:10:9,1.153461,103.894775,0,0,0,0,0,0,0,0,0,180,forward,0,0,0,1.1533711684715882,103.89484687978813
11:10:11,1.153461,103.894775,0,0,0,0,0,0,0,0,0,180,forward,0,0,0,1.1533711684715882,103.89484687978813
11:10:13,1.153461,103.894775,0,0,0,0,0,0,0,0,0,180,forward,0,0,0,1.1533711684715882,103.89484687978813
11:10:15,1.153461,103.894775,0,0,0,0,0,0,0,0,0,180,forward,0,0,0,1.1533711684715882,103.89484687978813
11:10:17,1.153461,103.894775,0,0,0,0,0,0,0,0,0,180,forward,0,0,0,1.1533711684715882,103.89484687978813
11:10:19,1.153461,103.894775,0,0,0,0,0,0,0,0,0,180,forward,0,0,0,1.1533711684715882,103.89484687978813
11:10:21,1.153461,103.894775,0,0,0,0,0,0,0,0,0,180,forward,0,0,0,1.1533711684715882,103.89484687978813
11:10:23,1.153461,103.894775,0,0,0,0,0,0,0,0,0,180,forward,0,0,0,1.1533711684715882,103.89484687978813
11:10:25,1.153461,103.894775,0,0,0,0,0,0,0,0,0,180,forward,0,0,0,1.1533711684715882,103.89484687978813
11:10:27,1.153461,103.894775,0,0,0,0,0,0,0,0,0,180,forward,0,0,0,1.1533711684715882,103.89484687978813
11:10:30,1.153461,103.894775,0,0,0,0,0,0,0,0,0,180,forward,0,0,0,1.1533711684715882,103.89484687978813
11:10:32,1.153461,103.894775,0,0,0,0,0,0,0,0,0,180,forward,0,0,0,1.1533711684715882,103.89484687978813
11:10:34,1.153461,103.894775,0,0,0,0,0,0,0,0,0,180,forward,0,0,0,1.1533711684715882,103.89484687978813
11:10:36,1.153461,103.894775,0,0,0,0,0,0,0,0,0,180,forward,0,0,0,1.1533711684715882,103.89484687978813
11:10:38,1.153461,103.894775,0,0,0,0,0,0,0,0,0,180,forward,0,0,0,1.1533711684715882,103.89484687978813
11:10:40,1.153461,103.894775,0,0,0,0,0,0,0,0,0,180,forward,0,0,0,1.1533711684715882,103.89484687978813
11:10:42,1.153461,103.894775,0,0,0,0,0,0,0,0,0,180,forward,0,0,0,1.1533711684715882,103.89484687978813
11:10:44,1.153461,103.894775,0,0,0,0,0,0,0,0,0,180,forward,0,0,0,1.1533711684715882,103.89484687978813
11:10:46,1.153461,103.894775,0,0,0,0,0,0,0,0,0,180,forward,0,0,0,1.1533711684715882,103.89484687978813
11:10:48,1.153461,103.894775,0,0,0,0,0,0,0,0,0,180,forward,0,0,0,1.1533711684715882,103.89484687978813
11:10:51,1.153461,103.894775,0,0,0,0,0,0,0,0,0,180,forward,0,0,0,1.1533711684715882,103.89484687978813
11:10:53,1.153461,103.894775,0,0,0,0,0,0,0,0,0,180,forward,0,0,0,1.1533711684715882,103.89484687978813
11:10:55,1.153461,103.894775,0,0,0,0,0,0,0,0,0,180,forward,0,0,0,1.1533711684715882,103.89484687978813
11:10:57,1.153461,103.894775,0,0,0,0,0,0,0,0,0,180,forward,0,0,0,1.1533711684715882,103.89484687978813
11:10:59,1.153461,103.894775,0,0,0,0,0,0,0,0,0,180,forward,0,0,0,1.1533711684715882,103.89484687978813
11:11:1,1.153461,103.894775,0,0,0,0,0,0,0,0,0,180,forward,0,0,0,1.1533711684715882,103.89484687978813
11:11:3,1.153461,103.894775,0,0,0,0,0,0,0,0,0,180,forward,0,0,0,1.1533711684715882,103.89484687978813
11:11:5,1.153461,103.894775,0,0,0,0,0,0,0,0,0,180,forward,0,0,0,1.1533711684715882,103.89484687978813
11:11:7,1.153461,103.894775,0,0,0,0,0,0,0,0,0,180,forward,0,0,0,1.1533711684715882,103.89484687978813
11:11:9,1.153461,103.894775,0,0,0,0,0,0,0,0,0,180,forward,0,0,0,1.1533711684715882,103.89484687978813
11:11:11,1.153461,103.894775,0,0,0,0,0,0,0,0,0,180,forward,0,0,0,1.1533711684715882,103.89484687978813
11:11:13,1.153461,103.894775,0,0,0,0,0,0,0,0,0,180,forward,0,0,0,1.1533711684715882,103.89484687978813
11:11:15,1.153461,103.894775,0,0,0,0,0,0,0,0,0,180,forward,0,0,0,1.1533711684715882,103.89484687978813
11:11:17,1.153461,103.894775,0,0,0,0,0,0,0,0,0,180,forward,0,0,0,1.1533711684715882,103.89484687978813
11:11:19,1.153461,103.894775,0,0,0,0,0,0,0,0,0,180,forward,0,0,0,1.1533711684715882,103.89484687978813
11:11:21,1.153461,103.894775,0,0,0,0,0,0,0,0,0,180,forward,0,0,0,1.1533711684715882,103.89484687978813
11:11:23,1.153461,103.894775,0,0,0,0,0,0,0,0,0,180,forward,0,0,0,1.1533711684715882,103.89484687978813
11:11:26,1.153461,103.894775,0,0,0,0,0,0,0,0,0,180,forward,0,0,0,1.1533711684715882,103.89484687978813
11:11:28,1.153461,103.894775,0,0,0,0,0,0,0,0,0,180,forward,0,0,0,1.1533711684715882,103.89484687978813
11:11:30,1.153461,103.894775,0,0,0,0,0,0,0,0,0,180,forward,0,0,0,1.1533711684715882,103.89484687978813
11:11:32,1.153461,103.894775,0,0,0,0,0,0,0,0,0,180,forward,0,0,0,1.1533711684715882,103.89484687978813
11:11:34,1.153461,103.894775,0,0,0,0,0,0,0,0,0,180,forward,0,0,0,1.1533711684715882,103.89484687978813
11:11:36,1.153461,103.894775,0,0,0,0,0,0,0,0,0,180,forward,0,0,0,1.1533711684715882,103.89484687978813
11:11:38,1.153461,103.894775,0,0,0,0,0,0,0,0,0,180,forward,0,0,0,1.1533711684715882,103.89484687978813
11:11:40,1.153461,103.894775,0,0,0,0,0,0,0,0,0,180,forward,0,0,0,1.1533711684715882,103.89484687978813
11:11:42,1.153461,103.894775,0,0,0,0,0,0,0,0,0,180,forward,0,0,0,1.1533711684715882,103.89484687978813
11:11:44,1.153461,103.894775,0,0,0,0,0,0,0,0,0,180,forward,0,0,0,1.1533711684715882,103.89484687978813
11:11:46,1.153461,103.894775,0,0,0,0,0,0,0,0,0,180,forward,0,0,0,1.1533711684715882,103.89484687978813
11:11:48,1.153461,103.894775,0,0,0,0,0,0,0,0,0,180,forward,0,0,0,1.1533711684715882,103.89484687978813
11:11:50,1.153461,103.894775,0,0,0,0,0,0,0,0,0,180,forward,0,0,0,1.1533711684715882,103.89484687978813
11:11:52,1.153461,103.894775,0,0,0,0,0,0,0,0,0,180,forward,0,0,0,1.1533711684715882,103.89484687978813
11:11:54,1.153461,103.894775,0,0,0,0,0,0,0,0,0,180,forward,0,0,0,1.1533711684715882,103.89484687978813
11:11:57,1.153461,103.894775,0,0,0,0,0,0,0,0,0,180,forward,0,0,0,1.1533711684715882,103.89484687978813
11:11:59,1.153461,103.894775,0,0,0,0,0,0,0,0,0,180,forward,0,0,0,1.1533711684715882,103.89484687978813
11:12:1,1.153461,103.894775,0,0,0,0,0,0,0,0,0,180,forward,0,0,0,1.1533711684715882,103.89484687978813
11:12:3,1.153461,103.894775,0,0,0,0,0,0,0,0,0,180,forward,0,0,0,1.1533711684715882,103.89484687978813
11:12:5,1.153461,103.894775,0,0,0,0,0,0,0,0,0,180,forward,0,0,0,1.1533711684715882,103.89484687978813
11:12:7,1.153461,103.894775,0,0,0,0,0,0,0,0,0,180,forward,0,0,0,1.1533711684715882,103.89484687978813
11:12:9,1.153461,103.894775,0,0,0,0,0,0,0,0,0,180,forward,0,0,0,1.1533711684715882,103.89484687978813
11:12:11,1.153461,103.894775,0,0,0,0,0,0,0,0,0,180,forward,0,0,0,1.1533711684715882,103.89484687978813
11:12:13,1.153461,103.894775,0,0,0,0,0,0,0,0,0,180,forward,0,0,0,1.1533711684715882,103.89484687978813
11:12:15,1.153461,103.894775,0,0,0,0,0,0,0,0,0,180,forward,0,0,0,1.1533711684715882,103.89484687978813
11:12:17,1.153461,103.894775,0,0,0,0,0,0,0,0,0,180,forward,0,0,0,1.1533711684715882,103.89484687978813
11:12:19,1.153461,103.894775,0,0,0,0,0,0,0,0,0,180,forward,0,0,0,1.1533711684715882,103.89484687978813
11:12:21,1.153461,103.894775,0,0,0,0,0,0,0,0,0,180,forward,0,0,0,1.1533711684715882,103.89484687978813
11:12:23,1.153461,103.894775,0,0,0,0,0,0,0,0,0,180,forward,0,0,0,1.1533711684715882,103.89484687978813
11:12:25,1.153461,103.894775,0,0,0,0,0,0,0,0,0,180,forward,0,0,0,1.1533711684715882,103.89484687978813
11:12:27,1.153461,103.894775,0,0,0,0,0,0,0,0,0,180,forward,0,0,0,1.1533711684715882,103.89484687978813
11:12:30,1.153461,103.894775,0,0,0,0,0,0,0,0,0,180,forward,0,0,0,1.1533711684715882,103.89484687978813
11:12:32,1.153461,103.894775,0,0,0,0,0,0,0,0,0,180,forward,0,0,0,1.1533711684715882,103.89484687978813
11:12:34,1.153461,103.894775,0,0,0,0,0,0,0,0,0,180,forward,0,0,0,1.1533711684715882,103.89484687978813
11:12:36,1.153461,103.894775,0,0,0,0,0,0,0,0,0,180,forward,0,0,0,1.1533711684715882,103.89484687978813
11:12:38,1.153461,103.894775,0,0,0,0,0,0,0,0,0,180,forward,0,0,0,1.1533711684715882,103.89484687978813
11:12:40,1.153461,103.894775,0,0,0,0,0,0,0,0,0,180,forward,0,0,0,1.1533711684715882,103.89484687978813
11:12:42,1.153461,103.894775,0,0,0,0,0,0,0,0,0,180,forward,0,0,0,1.1533711684715882,103.89484687978813
11:12:44,1.153461,103.894775,0,0,0,0,0,0,0,0,0,180,forward,0,0,0,1.1533711684715882,103.89484687978813
11:12:46,1.153461,103.894775,0,0,0,0,0,0,0,0,0,180,forward,0,0,0,1.1533711684715882,103.89484687978813
11:12:48,1.153461,103.894775,0,0,0,0,0,0,0,0,0,180,forward,0,0,0,1.1533711684715882,103.89484687978813
11:12:50,1.153461,103.894775,0,0,0,0,0,0,0,0,0,180,forward,0,0,0,1.1533711684715882,103.89484687978813
11:12:52,1.153461,103.894775,0,0,0,0,0,0,0,0,0,180,forward,0,0,0,1.1533711684715882,103.89484687978813
11:12:54,1.153461,103.894775,0,0,0,0,0,0,0,0,0,180,forward,0,0,0,1.1533711684715882,103.89484687978813
11:12:56,1.153461,103.894775,0,0,0,0,0,0,0,0,0,180,forward,0,0,0,1.1533711684715882,103.89484687978813
11:12:58,1.153461,103.894775,0,0,0,0,0,0,0,0,0,180,forward,0,0,0,1.1533711684715882,103.89484687978813
11:13:0,1.153461,103.894775,0,0,0,0,0,0,0,0,0,180,forward,0,0,0,1.1533711684715882,103.89484687978813
11:13:2,1.153461,103.894775,0,0,0,0,0,0,0,0,0,180,forward,0,0,0,1.1533711684715882,103.89484687978813
11:13:4,1.153461,103.894775,0,0,0,0,0,0,0,0,0,180,forward,0,0,0,1.1533711684715882,103.89484687978813
11:13:6,1.153461,103.894775,0,0,0,0,0,0,0,0,0,180,forward,0,0,0,1.1533711684715882,103.89484687978813
11:13:8,1.153461,103.894775,0,0,0,0,0,0,0,0,0,180,forward,0,0,0,1.1533711684715882,103.89484687978813
11:13:11,1.153461,103.894775,0,0,0,0,0,0,0,0,0,180,forward,0,0,0,1.1533711684715882,103.89484687978813
11:13:13,1.153461,103.894775,0,0,0,0,0,0,0,0,0,180,forward,0,0,0,1.1533711684715882,103.89484687978813
11:13:15,1.153461,103.894775,0,0,0,0,0,0,0,0,0,180,forward,0,0,0,1.1533711684715882,103.89484687978813
11:13:17,1.153461,103.894775,0,0,0,0,0,0,0,0,0,180,forward,0,0,0,1.1533711684715882,103.89484687978813
11:13:19,1.153461,103.894775,0,0,0,0,0,0,0,0,0,180,forward,0,0,0,1.1533711684715882,103.89484687978813
11:13:21,1.153461,103.894775,0,0,0,0,0,0,0,0,0,180,forward,0,0,0,1.1533711684715882,103.89484687978813
11:13:23,1.153461,103.894775,0,0,0,0,0,0,0,0,0,180,forward,0,0,0,1.1533711684715882,103.89484687978813
11:13:25,1.153461,103.894775,0,0,0,0,0,0,0,0,0,180,forward,0,0,0,1.1533711684715882,103.89484687978813
11:13:27,1.153461,103.894775,0,0,0,0,0,0,0,0,0,180,forward,0,0,0,1.1533711684715882,103.89484687978813
11:13:29,1.153461,103.894775,0,0,0,0,0,0,0,0,0,180,forward,0,0,0,1.1533711684715882,103.89484687978813
11:13:31,1.153461,103.894775,0,0,0,0,0,0,0,0,0,180,forward,0,0,0,1.1533711684715882,103.89484687978813
11:13:33,1.153461,103.894775,0,0,0,0,0,0,0,0,0,180,forward,0,0,0,1.1533711684715882,103.89484687978813
11:13:35,1.153461,103.894775,0,0,0,0,0,0,0,0,0,180,forward,0,0,0,1.1533711684715882,103.89484687978813
11:13:37,1.153461,103.894775,0,0,0,0,0,0,0,0,0,180,forward,0,0,0,1.1533711684715882,103.89484687978813
11:13:39,1.153461,103.894775,0,0,0,0,0,0,0,0,0,180,forward,0,0,0,1.1533711684715882,103.89484687978813
11:13:42,1.153461,103.894775,0,0,0,0,0,0,0,0,0,180,forward,0,0,0,1.1533711684715882,103.89484687978813
11:13:44,1.153461,103.894775,0,0,0,0,0,0,0,0,0,180,forward,0,0,0,1.1533711684715882,103.89484687978813
11:13:46,1.153461,103.894775,0,0,0,0,0,0,0,0,0,180,forward,0,0,0,1.1533711684715882,103.89484687978813
11:13:48,1.153461,103.894775,0,0,0,0,0,0,0,0,0,180,forward,0,0,0,1.1533711684715882,103.89484687978813
11:13:50,1.153461,103.894775,0,0,0,0,0,0,0,0,0,180,forward,0,0,0,1.1533711684715882,103.89484687978813
11:13:52,1.153461,103.894775,0,0,0,0,0,0,0,0,0,180,forward,0,0,0,1.1533711684715882,103.89484687978813
11:13:54,1.153461,103.894775,0,0,0,0,0,0,0,0,0,180,forward,0,0,0,1.1533711684715882,103.89484687978813
11:13:56,1.153461,103.894775,0,0,0,0,0,0,0,0,0,180,forward,0,0,0,1.1533711684715882,103.89484687978813
11:13:58,1.153461,103.894775,0,0,0,0,0,0,0,0,0,180,forward,0,0,0,1.1533711684715882,103.89484687978813
11:14:0,1.153461,103.894775,0,0,0,0,0,0,0,0,0,180,forward,0,0,0,1.1533711684715882,103.89484687978813
11:14:2,1.153461,103.894775,0,0,0,0,0,0,0,0,0,180,forward,0,0,0,1.1533711684715882,103.89484687978813
11:14:4,1.153461,103.894775,0,0,0,0,0,0,0,0,0,180,forward,0,0,0,1.1533711684715882,103.89484687978813
11:14:6,1.153461,103.894775,0,0,0,0,0,0,0,0,0,180,forward,0,0,0,1.1533711684715882,103.89484687978813
11:14:8,1.153461,103.894775,0,0,0,0,0,0,0,0,0,180,forward,0,0,0,1.1533711684715882,103.89484687978813
11:14:11,1.153461,103.894775,0,0,0,0,0,0,0,0,0,180,forward,0,0,0,1.1533711684715882,103.89484687978813
11:14:13,1.153461,103.894775,0,0,0,0,0,0,0,0,0,180,forward,0,0,0,1.1533711684715882,103.89484687978813
11:14:15,1.153461,103.894775,0,0,0,0,0,0,0,0,0,180,forward,0,0,0,1.1533711684715882,103.89484687978813
11:14:17,1.153461,103.894775,0,0,0,0,0,0,0,0,0,180,forward,0,0,0,1.1533711684715882,103.89484687978813
11:14:19,1.153461,103.894775,0,0,0,0,0,0,0,0,0,180,forward,0,0,0,1.1533711684715882,103.89484687978813
11:14:21,1.153461,103.894775,0,0,0,0,0,0,0,0,0,180,forward,0,0,0,1.1533711684715882,103.89484687978813
11:14:23,1.153461,103.894775,0,0,0,0,0,0,0,0,0,180,forward,0,0,0,1.1533711684715882,103.89484687978813
11:14:25,1.153461,103.894775,0,0,0,0,0,0,0,0,0,180,forward,0,0,0,1.1533711684715882,103.89484687978813
11:14:27,1.153461,103.894775,0,0,0,0,0,0,0,0,0,180,forward,0,0,0,1.1533711684715882,103.89484687978813
11:14:29,1.153461,103.894775,0,0,0,0,0,0,0,0,0,180,forward,0,0,0,1.1533711684715882,103.89484687978813
11:14:31,1.153461,103.894775,0,0,0,0,0,0,0,0,0,180,forward,0,0,0,1.1533711684715882,103.89484687978813
11:14:33,1.153461,103.894775,0,0,0,0,0,0,0,0,0,180,forward,0,0,0,1.1533711684715882,103.89484687978813
11:14:35,1.153461,103.894775,0,0,0,0,0,0,0,0,0,180,forward,0,0,0,1.1533711684715882,103.89484687978813
11:14:37,1.153461,103.894775,0,0,0,0,0,0,0,0,0,180,forward,0,0,0,1.1533711684715882,103.89484687978813
11:14:39,1.153461,103.894775,0,0,0,0,0,0,0,0,0,180,forward,0,0,0,1.1533711684715882,103.89484687978813
11:14:41,1.153461,103.894775,0,0,0,0,0,0,0,0,0,180,forward,0,0,0,1.1533711684715882,103.89484687978813
11:14:43,1.153461,103.894775,0,0,0,0,0,0,0,0,0,180,forward,0,0,0,1.1533711684715882,103.89484687978813
11:14:45,1.153461,103.894775,0,0,0,0,0,0,0,0,0,180,forward,0,0,0,1.1533711684715882,103.89484687978813
11:14:47,1.153461,103.894775,0,0,0,0,0,0,0,0,0,180,forward,0,0,0,1.1533711684715882,103.89484687978813
11:14:50,1.153461,103.894775,0,0,0,0,0,0,0,0,0,180,forward,0,0,0,1.1533711684715882,103.89484687978813
11:14:52,1.153461,103.894775,0,0,0,0,0,0,0,0,0,180,forward,0,0,0,1.1533711684715882,103.89484687978813
11:14:54,1.153461,103.894775,0,0,0,0,0,0,0,0,0,180,forward,0,0,0,1.1533711684715882,103.89484687978813
11:14:56,1.153461,103.894775,0,0,0,0,0,0,0,0,0,180,forward,0,0,0,1.1533711684715882,103.89484687978813
11:14:58,1.153461,103.894775,0,0,0,0,0,0,0,0,0,180,forward,0,0,0,1.1533711684715882,103.89484687978813
11:15:0,1.153461,103.894775,0,0,0,0,0,0,0,0,0,180,forward,0,0,0,1.1533711684715882,103.89484687978813
11:15:2,1.153461,103.894775,0,0,0,0,0,0,0,0,0,180,forward,0,0,0,1.1533711684715882,103.89484687978813
11:15:4,1.153461,103.894775,0,0,0,0,0,0,0,0,0,180,forward,0,0,0,1.1533711684715882,103.89484687978813
11:15:6,1.153461,103.894775,0,0,0,0,0,0,0,0,0,180,forward,0,0,0,1.1533711684715882,103.89484687978813
11:15:8,1.153461,103.894775,0,0,0,0,0,0,0,0,0,180,forward,0,0,0,1.1533711684715882,103.89484687978813
11:15:10,1.153461,103.894775,0,0,0,0,0,0,0,0,0,180,forward,0,0,0,1.1533711684715882,103.89484687978813
11:15:12,1.153461,103.894775,0,0,0,0,0,0,0,0,0,180,forward,0,0,0,1.1533711684715882,103.89484687978813
11:15:15,1.153461,103.894775,0,0,0,0,0,0,0,0,0,180,forward,0,0,0,1.1533711684715882,103.89484687978813
11:15:17,1.153461,103.894775,0,0,0,0,0,0,0,0,0,180,forward,0,0,0,1.1533711684715882,103.89484687978813
11:15:19,1.153461,103.894775,0,0,0,0,0,0,0,0,0,180,forward,0,0,0,1.1533711684715882,103.89484687978813
11:15:21,1.153461,103.894775,0,0,0,0,0,0,0,0,0,180,forward,0,0,0,1.1533711684715882,103.89484687978813
11:15:23,1.153461,103.894775,0,0,0,0,0,0,0,0,0,180,forward,0,0,0,1.1533711684715882,103.89484687978813
11:15:25,1.153461,103.894775,0,0,0,0,0,0,0,0,0,180,forward,0,0,0,1.1533711684715882,103.89484687978813
11:15:27,1.153461,103.894775,0,0,0,0,0,0,0,0,0,180,forward,0,0,0,1.1533711684715882,103.89484687978813
11:15:29,1.153461,103.894775,0,0,0,0,0,0,0,0,0,180,forward,0,0,0,1.1533711684715882,103.89484687978813
11:15:31,1.153461,103.894775,0,0,0,0,0,0,0,0,0,180,forward,0,0,0,1.1533711684715882,103.89484687978813
11:15:33,1.153461,103.894775,0,0,0,0,0,0,0,0,0,180,forward,0,0,0,1.1533711684715882,103.89484687978813
11:15:35,1.153461,103.894775,0,0,0,0,0,0,0,0,0,180,forward,0,0,0,1.1533711684715882,103.89484687978813
11:15:37,1.153461,103.894775,0,0,0,0,0,0,0,0,0,180,forward,0,0,0,1.1533711684715882,103.89484687978813
11:15:39,1.153461,103.894775,0,0,0,0,0,0,0,0,0,180,forward,0,0,0,1.1533711684715882,103.89484687978813
11:15:41,1.153461,103.894775,0,0,0,0,0,0,0,0,0,180,forward,0,0,0,1.1533711684715882,103.89484687978813
11:15:43,1.153461,103.894775,0,0,0,0,0,0,0,0,0,180,forward,0,0,0,1.1533711684715882,103.89484687978813
11:15:46,1.153461,103.894775,0,0,0,0,0,0,0,0,0,180,forward,0,0,0,1.1533711684715882,103.89484687978813
11:15:48,1.153461,103.894775,0,0,0,0,0,0,0,0,0,180,forward,0,0,0,1.1533711684715882,103.89484687978813
11:15:50,1.153461,103.894775,0,0,0,0,0,0,0,0,0,180,forward,0,0,0,1.1533711684715882,103.89484687978813
11:15:52,1.153461,103.894775,0,0,0,0,0,0,0,0,0,180,forward,0,0,0,1.1533711684715882,103.89484687978813
11:15:54,1.153461,103.894775,0,0,0,0,0,0,0,0,0,180,forward,0,0,0,1.1533711684715882,103.89484687978813
11:15:56,1.153461,103.894775,0,0,0,0,0,0,0,0,0,180,forward,0,0,0,1.1533711684715882,103.89484687978813
11:15:58,1.153461,103.894775,0,0,0,0,0,0,0,0,0,180,forward,0,0,0,1.1533711684715882,103.89484687978813
11:16:0,1.153461,103.894775,0,0,0,0,0,0,0,0,0,180,forward,0,0,0,1.1533711684715882,103.89484687978813
11:16:2,1.153461,103.894775,0,0,0,0,0,0,0,0,0,180,forward,0,0,0,1.1533711684715882,103.89484687978813
11:16:4,1.153461,103.894775,0,0,0,0,0,0,0,0,0,180,forward,0,0,0,1.1533711684715882,103.89484687978813
11:16:6,1.153461,103.894775,0,0,0,0,0,0,0,0,0,180,forward,0,0,0,1.1533711684715882,103.89484687978813
11:16:8,1.153461,103.894775,0,0,0,0,0,0,0,0,0,180,forward,0,0,0,1.1533711684715882,103.89484687978813
11:16:10,1.153461,103.894775,0,0,0,0,0,0,0,0,0,180,forward,0,0,0,1.1533711684715882,103.89484687978813
11:16:12,1.153461,103.894775,0,0,0,0,0,0,0,0,0,180,forward,0,0,0,1.1533711684715882,103.89484687978813
11:16:14,1.153461,103.894775,0,0,0,0,0,0,0,0,0,180,forward,0,0,0,1.1533711684715882,103.89484687978813
11:16:16,1.153461,103.894775,0,0,0,0,0,0,0,0,0,180,forward,0,0,0,1.1533711684715882,103.89484687978813
11:16:18,1.153461,103.894775,0,0,0,0,0,0,0,0,0,180,forward,0,0,0,1.1533711684715882,103.89484687978813
11:16:21,1.153461,103.894775,0,0,0,0,0,0,0,0,0,180,forward,0,0,0,1.1533711684715882,103.89484687978813
11:16:23,1.153461,103.894775,0,0,0,0,0,0,0,0,0,180,forward,0,0,0,1.1533711684715882,103.89484687978813
11:16:25,1.153461,103.894775,0,0,0,0,0,0,0,0,0,180,forward,0,0,0,1.1533711684715882,103.89484687978813
11:16:27,1.153461,103.894775,0,0,0,0,0,0,0,0,0,180,forward,0,0,0,1.1533711684715882,103.89484687978813
11:16:29,1.153461,103.894775,0,0,0,0,0,0,0,0,0,180,forward,0,0,0,1.1533711684715882,103.89484687978813
11:16:31,1.153461,103.894775,0,0,0,0,0,0,0,0,0,180,forward,0,0,0,1.1533711684715882,103.89484687978813
11:16:33,1.153461,103.894775,0,0,0,0,0,0,0,0,0,180,forward,0,0,0,1.1533711684715882,103.89484687978813
11:16:35,1.153461,103.894775,0,0,0,0,0,0,0,0,0,180,forward,0,0,0,1.1533711684715882,103.89484687978813
11:16:37,1.153461,103.894775,0,0,0,0,0,0,0,0,0,180,forward,0,0,0,1.1533711684715882,103.89484687978813
11:16:39,1.153461,103.894775,0,0,0,0,0,0,0,0,0,180,forward,0,0,0,1.1533711684715882,103.89484687978813
11:16:41,1.153461,103.894775,0,0,0,0,0,0,0,0,0,180,forward,0,0,0,1.1533711684715882,103.89484687978813
date,val latitude,val longitude,propeller speed1,propeller speed2,propeller speed3,propeller speed4,str1 target,str2 target,str3 target,str4 target,heading,heading target,mode,position_error,dir_error,payout,lat chute,long chute
date,val latitude,val longitude,propeller speed1,propeller speed2,propeller speed3,propeller speed4,str1 target,str2 target,str3 target,str4 target,heading,heading target,mode,position_error,dir_error,payout,lat chute,long chute
11:17:34,1.153461,103.894775,0,0,0,0,0,0,0,0,0,180,forward,0,0,0,1.1533711684715882,103.89484687978813
11:17:36,1.153461,103.894775,0,0,0,0,0,0,0,0,0,180,forward,0,0,0,1.1533711684715882,103.89484687978813
11:17:38,1.153461,103.894775,0,0,0,0,0,0,0,0,0,180,forward,0,0,0,1.1533711684715882,103.89484687978813
11:17:40,1.153461,103.894775,0,0,0,0,0,0,0,0,0,180,forward,0,0,0,1.1533711684715882,103.89484687978813
11:17:42,1.153461,103.894775,0,0,0,0,0,0,0,0,0,180,forward,0,0,0,1.1533711684715882,103.89484687978813
11:17:45,1.153461,103.894775,0,0,0,0,0,0,0,0,0,180,forward,0,0,0,1.1533711684715882,103.89484687978813
11:17:47,1.153461,103.894775,0,0,0,0,0,0,0,0,0,180,forward,0,0,0,1.1533711684715882,103.89484687978813
11:17:49,1.153461,103.894775,0,0,0,0,0,0,0,0,0,180,forward,0,0,0,1.1533711684715882,103.89484687978813
11:17:51,1.153461,103.894775,0,0,0,0,0,0,0,0,0,180,forward,0,0,0,1.1533711684715882,103.89484687978813
11:17:53,1.153461,103.894775,0,0,0,0,0,0,0,0,0,180,forward,0,0,0,1.1533711684715882,103.89484687978813
11:17:55,1.153461,103.894775,0,0,0,0,0,0,0,0,0,180,forward,0,0,0,1.1533711684715882,103.89484687978813
11:17:57,1.153461,103.894775,0,0,0,0,0,0,0,0,0,180,forward,0,0,0,1.1533711684715882,103.89484687978813
11:17:59,1.153461,103.894775,0,0,0,0,0,0,0,0,0,180,forward,0,0,0,1.1533711684715882,103.89484687978813
11:18:1,1.153461,103.894775,0,0,0,0,0,0,0,0,0,180,forward,0,0,0,1.1533711684715882,103.89484687978813
11:18:3,1.153461,103.894775,0,0,0,0,0,0,0,0,0,180,forward,0,0,0,1.1533711684715882,103.89484687978813
11:18:5,1.153461,103.894775,0,0,0,0,0,0,0,0,0,180,forward,0,0,0,1.1533711684715882,103.89484687978813
11:18:7,1.153461,103.894775,0,0,0,0,0,0,0,0,0,180,forward,0,0,0,1.1533711684715882,103.89484687978813
11:18:10,1.153461,103.894775,0,0,0,0,0,0,0,0,0,180,forward,0,0,0,1.1533711684715882,103.89484687978813
11:18:12,1.153461,103.894775,0,0,0,0,0,0,0,0,0,180,forward,0,0,0,1.1533711684715882,103.89484687978813
11:18:14,1.153461,103.894775,0,0,0,0,0,0,0,0,0,180,forward,0,0,0,1.1533711684715882,103.89484687978813
11:18:16,1.153461,103.894775,0,0,0,0,0,0,0,0,0,180,forward,0,0,0,1.1533711684715882,103.89484687978813
11:18:18,1.153461,103.894775,0,0,0,0,0,0,0,0,0,180,forward,0,0,0,1.1533711684715882,103.89484687978813
11:18:20,1.153461,103.894775,0,0,0,0,0,0,0,0,0,180,forward,0,0,0,1.1533711684715882,103.89484687978813
11:18:22,1.153461,103.894775,0,0,0,0,0,0,0,0,0,180,forward,0,0,0,1.1533711684715882,103.89484687978813
11:18:24,1.153461,103.894775,0,0,0,0,0,0,0,0,0,180,forward,0,0,0,1.1533711684715882,103.89484687978813
11:18:26,1.153461,103.894775,0,0,0,0,0,0,0,0,0,180,forward,0,0,0,1.1533711684715882,103.89484687978813
11:18:28,1.153461,103.894775,0,0,0,0,0,0,0,0,0,180,forward,0,0,0,1.1533711684715882,103.89484687978813
11:18:30,1.153461,103.894775,0,0,0,0,0,0,0,0,0,180,forward,0,0,0,1.1533711684715882,103.89484687978813
11:18:32,1.153461,103.894775,0,0,0,0,0,0,0,0,0,180,forward,0,0,0,1.1533711684715882,103.89484687978813
11:18:34,1.153461,103.894775,0,0,0,0,0,0,0,0,0,180,forward,0,0,0,1.1533711684715882,103.89484687978813
11:18:36,1.153461,103.894775,0,0,0,0,0,0,0,0,0,180,forward,0,0,0,1.1533711684715882,103.89484687978813
11:18:38,1.153461,103.894775,0,0,0,0,0,0,0,0,0,180,forward,0,0,0,1.1533711684715882,103.89484687978813
11:18:40,1.153461,103.894775,0,0,0,0,0,0,0,0,0,180,forward,0,0,0,1.1533711684715882,103.89484687978813
11:18:42,1.153461,103.894775,0,0,0,0,0,0,0,0,0,180,forward,0,0,0,1.1533711684715882,103.89484687978813
11:18:44,1.153461,103.894775,0,0,0,0,0,0,0,0,0,180,forward,0,0,0,1.1533711684715882,103.89484687978813
11:18:46,1.153461,103.894775,0,0,0,0,0,0,0,0,0,180,forward,0,0,0,1.1533711684715882,103.89484687978813
11:18:48,1.153461,103.894775,0,0,0,0,0,0,0,0,0,180,forward,0,0,0,1.1533711684715882,103.89484687978813
11:18:50,1.153461,103.894775,0,0,0,0,0,0,0,0,0,180,forward,0,0,0,1.1533711684715882,103.89484687978813
11:18:52,1.153461,103.894775,0,0,0,0,0,0,0,0,0,180,forward,0,0,0,1.1533711684715882,103.89484687978813
11:18:54,1.153461,103.894775,0,0,0,0,0,0,0,0,0,180,forward,0,0,0,1.1533711684715882,103.89484687978813
11:18:56,1.153461,103.894775,0,0,0,0,0,0,0,0,0,180,forward,0,0,0,1.1533711684715882,103.89484687978813
11:18:59,1.153461,103.894775,0,0,0,0,0,0,0,0,0,180,forward,0,0,0,1.1533711684715882,103.89484687978813
11:19:1,1.153461,103.894775,0,0,0,0,0,0,0,0,0,180,forward,0,0,0,1.1533711684715882,103.89484687978813
11:19:3,1.153461,103.894775,0,0,0,0,0,0,0,0,0,180,forward,0,0,0,1.1533711684715882,103.89484687978813
11:19:5,1.153461,103.894775,0,0,0,0,0,0,0,0,0,180,forward,0,0,0,1.1533711684715882,103.89484687978813
11:19:7,1.153461,103.894775,0,0,0,0,0,0,0,0,0,180,forward,0,0,0,1.1533711684715882,103.89484687978813
11:19:9,1.153461,103.894775,0,0,0,0,0,0,0,0,0,180,forward,0,0,0,1.1533711684715882,103.89484687978813
11:19:11,1.153461,103.894775,0,0,0,0,0,0,0,0,0,180,forward,0,0,0,1.1533711684715882,103.89484687978813
11:19:13,1.153461,103.894775,0,0,0,0,0,0,0,0,0,180,forward,0,0,0,1.1533711684715882,103.89484687978813
11:19:15,1.153461,103.894775,0,0,0,0,0,0,0,0,0,180,forward,0,0,0,1.1533711684715882,103.89484687978813
11:19:17,1.153461,103.894775,0,0,0,0,0,0,0,0,0,180,forward,0,0,0,1.1533711684715882,103.89484687978813
11:19:19,1.153461,103.894775,0,0,0,0,0,0,0,0,0,180,forward,0,0,0,1.1533711684715882,103.89484687978813
11:19:21,1.153461,103.894775,0,0,0,0,0,0,0,0,0,180,forward,0,0,0,1.1533711684715882,103.89484687978813
11:19:23,1.153461,103.894775,0,0,0,0,0,0,0,0,0,180,forward,0,0,0,1.1533711684715882,103.89484687978813
11:19:25,1.153461,103.894775,0,0,0,0,0,0,0,0,0,180,forward,0,0,0,1.1533711684715882,103.89484687978813
11:19:27,1.153461,103.894775,0,0,0,0,0,0,0,0,0,180,forward,0,0,0,1.1533711684715882,103.89484687978813
11:19:29,1.153461,103.894775,0,0,0,0,0,0,0,0,0,180,forward,0,0,0,1.1533711684715882,103.89484687978813
11:19:31,1.153461,103.894775,0,0,0,0,0,0,0,0,0,180,forward,0,0,0,1.1533711684715882,103.89484687978813
11:19:33,1.153461,103.894775,0,0,0,0,0,0,0,0,0,180,forward,0,0,0,1.1533711684715882,103.89484687978813
11:19:36,1.153461,103.894775,0,0,0,0,0,0,0,0,0,180,forward,0,0,0,1.1533711684715882,103.89484687978813
11:19:38,1.153461,103.894775,0,0,0,0,0,0,0,0,0,180,forward,0,0,0,1.1533711684715882,103.89484687978813
11:19:40,1.153461,103.894775,0,0,0,0,0,0,0,0,0,180,forward,0,0,0,1.1533711684715882,103.89484687978813
11:19:42,1.153461,103.894775,0,0,0,0,0,0,0,0,0,180,forward,0,0,0,1.1533711684715882,103.89484687978813
11:19:44,1.153461,103.894775,0,0,0,0,0,0,0,0,0,180,forward,0,0,0,1.1533711684715882,103.89484687978813
date,val latitude,val longitude,propeller speed1,propeller speed2,propeller speed3,propeller speed4,str1 target,str2 target,str3 target,str4 target,heading,heading target,mode,position_error,dir_error,payout,lat chute,long chute
11:19:57,1.153461,103.894775,0,0,0,0,0,0,0,0,0,180,forward,0,0,0,1.1533711684715882,103.89484687978813
11:19:59,1.153461,103.894775,0,0,0,0,0,0,0,0,0,180,forward,0,0,0,1.1533711684715882,103.89484687978813
11:20:2,1.153461,103.894775,0,0,0,0,0,0,0,0,0,180,forward,0,0,0,1.1533711684715882,103.89484687978813
11:20:4,1.153461,103.894775,0,0,0,0,0,0,0,0,0,180,forward,0,0,0,1.1533711684715882,103.89484687978813
11:20:6,1.153461,103.894775,0,0,0,0,0,0,0,0,0,180,forward,0,0,0,1.1533711684715882,103.89484687978813
11:20:8,1.153461,103.894775,0,0,0,0,0,0,0,0,0,180,forward,0,0,0,1.1533711684715882,103.89484687978813
11:20:10,1.153461,103.894775,0,0,0,0,0,0,0,0,0,180,forward,0,0,0,1.1533711684715882,103.89484687978813
11:20:12,1.153461,103.894775,0,0,0,0,0,0,0,0,0,180,forward,0,0,0,1.1533711684715882,103.89484687978813
11:20:14,1.153461,103.894775,0,0,0,0,0,0,0,0,0,180,forward,0,0,0,1.1533711684715882,103.89484687978813
11:20:16,1.153461,103.894775,0,0,0,0,0,0,0,0,0,180,forward,0,0,0,1.1533711684715882,103.89484687978813
11:20:18,1.153461,103.894775,0,0,0,0,0,0,0,0,0,180,forward,0,0,0,1.1533711684715882,103.89484687978813
11:20:20,1.153461,103.894775,0,0,0,0,0,0,0,0,0,180,forward,0,0,0,1.1533711684715882,103.89484687978813
11:20:22,1.153461,103.894775,0,0,0,0,0,0,0,0,0,180,forward,0,0,0,1.1533711684715882,103.89484687978813
11:20:24,1.153461,103.894775,0,0,0,0,0,0,0,0,0,180,forward,0,0,0,1.1533711684715882,103.89484687978813
11:20:26,1.153461,103.894775,0,0,0,0,0,0,0,0,0,180,forward,0,0,0,1.1533711684715882,103.89484687978813
11:20:28,1.153461,103.894775,0,0,0,0,0,0,0,0,0,180,forward,0,0,0,1.1533711684715882,103.89484687978813
11:20:30,1.153461,103.894775,0,0,0,0,0,0,0,0,0,180,forward,0,0,0,1.1533711684715882,103.89484687978813
11:20:32,1.153461,103.894775,0,0,0,0,0,0,0,0,0,180,forward,0,0,0,1.1533711684715882,103.89484687978813
11:20:35,1.153461,103.894775,0,0,0,0,0,0,0,0,0,180,forward,0,0,0,1.1533711684715882,103.89484687978813
11:20:37,1.153461,103.894775,0,0,0,0,0,0,0,0,0,180,forward,0,0,0,1.1533711684715882,103.89484687978813
11:20:39,1.153461,103.894775,0,0,0,0,0,0,0,0,0,180,forward,0,0,0,1.1533711684715882,103.89484687978813
11:20:41,1.153461,103.894775,0,0,0,0,0,0,0,0,0,180,forward,0,0,0,1.1533711684715882,103.89484687978813
11:20:43,1.153461,103.894775,0,0,0,0,0,0,0,0,0,180,forward,0,0,0,1.1533711684715882,103.89484687978813
11:20:45,1.153461,103.894775,0,0,0,0,0,0,0,0,0,180,forward,0,0,0,1.1533711684715882,103.89484687978813
11:20:47,1.153461,103.894775,0,0,0,0,0,0,0,0,0,180,forward,0,0,0,1.1533711684715882,103.89484687978813
11:20:49,1.153461,103.894775,0,0,0,0,0,0,0,0,0,180,forward,0,0,0,1.1533711684715882,103.89484687978813
11:20:51,1.153461,103.894775,0,0,0,0,0,0,0,0,0,180,forward,0,0,0,1.1533711684715882,103.89484687978813
11:20:53,1.153461,103.894775,0,0,0,0,0,0,0,0,0,180,forward,0,0,0,1.1533711684715882,103.89484687978813
11:20:55,1.153461,103.894775,0,0,0,0,0,0,0,0,0,180,forward,0,0,0,1.1533711684715882,103.89484687978813
11:20:57,1.153461,103.894775,0,0,0,0,0,0,0,0,0,180,forward,0,0,0,1.1533711684715882,103.89484687978813
11:20:59,1.153461,103.894775,0,0,0,0,0,0,0,0,0,180,forward,0,0,0,1.1533711684715882,103.89484687978813
11:21:1,1.153461,103.894775,0,0,0,0,0,0,0,0,0,180,forward,0,0,0,1.1533711684715882,103.89484687978813
11:21:4,1.153461,103.894775,0,0,0,0,0,0,0,0,0,180,forward,0,0,0,1.1533711684715882,103.89484687978813
11:21:6,1.153461,103.894775,0,0,0,0,0,0,0,0,0,180,forward,0,0,0,1.1533711684715882,103.89484687978813
11:21:8,1.153461,103.894775,0,0,0,0,0,0,0,0,0,180,forward,0,0,0,1.1533711684715882,103.89484687978813
11:21:10,1.153461,103.894775,0,0,0,0,0,0,0,0,0,180,forward,0,0,0,1.1533711684715882,103.89484687978813
11:21:12,1.153461,103.894775,0,0,0,0,0,0,0,0,0,180,forward,0,0,0,1.1533711684715882,103.89484687978813
11:21:14,1.153461,103.894775,0,0,0,0,0,0,0,0,0,180,forward,0,0,0,1.1533711684715882,103.89484687978813
11:21:16,1.153461,103.894775,0,0,0,0,0,0,0,0,0,180,forward,0,0,0,1.1533711684715882,103.89484687978813
11:21:18,1.153461,103.894775,0,0,0,0,0,0,0,0,0,180,forward,0,0,0,1.1533711684715882,103.89484687978813
11:21:20,1.153461,103.894775,0,0,0,0,0,0,0,0,0,180,forward,0,0,0,1.1533711684715882,103.89484687978813
11:21:22,1.153461,103.894775,0,0,0,0,0,0,0,0,0,180,forward,0,0,0,1.1533711684715882,103.89484687978813
11:21:24,1.153461,103.894775,0,0,0,0,0,0,0,0,0,180,forward,0,0,0,1.1533711684715882,103.89484687978813
11:21:26,1.153461,103.894775,0,0,0,0,0,0,0,0,0,180,forward,0,0,0,1.1533711684715882,103.89484687978813
11:21:28,1.153461,103.894775,0,0,0,0,0,0,0,0,0,180,forward,0,0,0,1.1533711684715882,103.89484687978813
11:21:30,1.153461,103.894775,0,0,0,0,0,0,0,0,0,180,forward,0,0,0,1.1533711684715882,103.89484687978813
11:21:32,1.153461,103.894775,0,0,0,0,0,0,0,0,0,180,forward,0,0,0,1.1533711684715882,103.89484687978813
11:21:34,1.153461,103.894775,0,0,0,0,0,0,0,0,0,180,forward,0,0,0,1.1533711684715882,103.89484687978813
11:21:36,1.153461,103.894775,0,0,0,0,0,0,0,0,0,180,forward,0,0,0,1.1533711684715882,103.89484687978813
11:21:38,1.153461,103.894775,0,0,0,0,0,0,0,0,0,180,forward,0,0,0,1.1533711684715882,103.89484687978813
11:21:40,1.153461,103.894775,0,0,0,0,0,0,0,0,0,180,forward,0,0,0,1.1533711684715882,103.89484687978813
11:21:42,1.153461,103.894775,0,0,0,0,0,0,0,0,0,180,forward,0,0,0,1.1533711684715882,103.89484687978813
11:21:45,1.153461,103.894775,0,0,0,0,0,0,0,0,0,180,forward,0,0,0,1.1533711684715882,103.89484687978813
11:21:47,1.153461,103.894775,0,0,0,0,0,0,0,0,0,180,forward,0,0,0,1.1533711684715882,103.89484687978813
11:21:49,1.153461,103.894775,0,0,0,0,0,0,0,0,0,180,forward,0,0,0,1.1533711684715882,103.89484687978813
11:21:51,1.153461,103.894775,0,0,0,0,0,0,0,0,0,180,forward,0,0,0,1.1533711684715882,103.89484687978813
11:21:53,1.153461,103.894775,0,0,0,0,0,0,0,0,0,180,forward,0,0,0,1.1533711684715882,103.89484687978813
11:21:55,1.153461,103.894775,0,0,0,0,0,0,0,0,0,180,forward,0,0,0,1.1533711684715882,103.89484687978813
11:21:57,1.153461,103.894775,0,0,0,0,0,0,0,0,0,180,forward,0,0,0,1.1533711684715882,103.89484687978813
11:21:59,1.153461,103.894775,0,0,0,0,0,0,0,0,0,180,forward,0,0,0,1.1533711684715882,103.89484687978813
11:22:1,1.153461,103.894775,0,0,0,0,0,0,0,0,0,180,forward,0,0,0,1.1533711684715882,103.89484687978813
11:22:3,1.153461,103.894775,0,0,0,0,0,0,0,0,0,180,forward,0,0,0,1.1533711684715882,103.89484687978813
11:22:5,1.153461,103.894775,0,0,0,0,0,0,0,0,0,180,forward,0,0,0,1.1533711684715882,103.89484687978813
11:22:7,1.153461,103.894775,0,0,0,0,0,0,0,0,0,180,forward,0,0,0,1.1533711684715882,103.89484687978813
11:22:9,1.153461,103.894775,0,0,0,0,0,0,0,0,0,180,forward,0,0,0,1.1533711684715882,103.89484687978813
11:22:11,1.153461,103.894775,0,0,0,0,0,0,0,0,0,180,forward,0,0,0,1.1533711684715882,103.89484687978813
11:22:13,1.153461,103.894775,0,0,0,0,0,0,0,0,0,180,forward,0,0,0,1.1533711684715882,103.89484687978813
11:22:15,1.153461,103.894775,0,0,0,0,0,0,0,0,0,180,forward,0,0,0,1.1533711684715882,103.89484687978813
11:22:17,1.153461,103.894775,0,0,0,0,0,0,0,0,0,180,forward,0,0,0,1.1533711684715882,103.89484687978813
11:22:19,1.153461,103.894775,0,0,0,0,0,0,0,0,0,180,forward,0,0,0,1.1533711684715882,103.89484687978813
11:22:21,1.153461,103.894775,0,0,0,0,0,0,0,0,0,180,forward,0,0,0,1.1533711684715882,103.89484687978813
11:22:24,1.153461,103.894775,0,0,0,0,0,0,0,0,0,180,forward,0,0,0,1.1533711684715882,103.89484687978813
11:22:26,1.153461,103.894775,0,0,0,0,0,0,0,0,0,180,forward,0,0,0,1.1533711684715882,103.89484687978813
11:22:28,1.153461,103.894775,0,0,0,0,0,0,0,0,0,180,forward,0,0,0,1.1533711684715882,103.89484687978813
11:22:30,1.153461,103.894775,0,0,0,0,0,0,0,0,0,180,forward,0,0,0,1.1533711684715882,103.89484687978813
11:22:32,1.153461,103.894775,0,0,0,0,0,0,0,0,0,180,forward,0,0,0,1.1533711684715882,103.89484687978813
11:22:34,1.153461,103.894775,0,0,0,0,0,0,0,0,0,180,forward,0,0,0,1.1533711684715882,103.89484687978813
11:22:36,1.153461,103.894775,0,0,0,0,0,0,0,0,0,180,forward,0,0,0,1.1533711684715882,103.89484687978813
11:22:38,1.153461,103.894775,0,0,0,0,0,0,0,0,0,180,forward,0,0,0,1.1533711684715882,103.89484687978813
11:22:40,1.153461,103.894775,0,0,0,0,0,0,0,0,0,180,forward,0,0,0,1.1533711684715882,103.89484687978813
11:22:42,1.153461,103.894775,0,0,0,0,0,0,0,0,0,180,forward,0,0,0,1.1533711684715882,103.89484687978813
11:22:44,1.153461,103.894775,0,0,0,0,0,0,0,0,0,180,forward,0,0,0,1.1533711684715882,103.89484687978813
11:22:46,1.153461,103.894775,0,0,0,0,0,0,0,0,0,180,forward,0,0,0,1.1533711684715882,103.89484687978813
11:22:48,1.153461,103.894775,0,0,0,0,0,0,0,0,0,180,forward,0,0,0,1.1533711684715882,103.89484687978813
11:22:50,1.153461,103.894775,0,0,0,0,0,0,0,0,0,180,forward,0,0,0,1.1533711684715882,103.89484687978813
11:22:52,1.153461,103.894775,0,0,0,0,0,0,0,0,0,180,forward,0,0,0,1.1533711684715882,103.89484687978813
11:22:54,1.153461,103.894775,0,0,0,0,0,0,0,0,0,180,forward,0,0,0,1.1533711684715882,103.89484687978813
11:22:56,1.153461,103.894775,0,0,0,0,0,0,0,0,0,180,forward,0,0,0,1.1533711684715882,103.89484687978813
11:22:59,1.153461,103.894775,0,0,0,0,0,0,0,0,0,180,forward,0,0,0,1.1533711684715882,103.89484687978813
11:23:1,1.153461,103.894775,0,0,0,0,0,0,0,0,0,180,forward,0,0,0,1.1533711684715882,103.89484687978813
11:23:3,1.153461,103.894775,0,0,0,0,0,0,0,0,0,180,forward,0,0,0,1.1533711684715882,103.89484687978813
11:23:5,1.153461,103.894775,0,0,0,0,0,0,0,0,0,180,forward,0,0,0,1.1533711684715882,103.89484687978813
11:23:7,1.153461,103.894775,0,0,0,0,0,0,0,0,0,180,forward,0,0,0,1.1533711684715882,103.89484687978813
11:23:9,1.153461,103.894775,0,0,0,0,0,0,0,0,0,180,forward,0,0,0,1.1533711684715882,103.89484687978813
11:23:11,1.153461,103.894775,0,0,0,0,0,0,0,0,0,180,forward,0,0,0,1.1533711684715882,103.89484687978813
11:23:13,1.153461,103.894775,0,0,0,0,0,0,0,0,0,180,forward,0,0,0,1.1533711684715882,103.89484687978813
11:23:15,1.153461,103.894775,0,0,0,0,0,0,0,0,0,180,forward,0,0,0,1.1533711684715882,103.89484687978813
11:23:17,1.153461,103.894775,0,0,0,0,0,0,0,0,0,180,forward,0,0,0,1.1533711684715882,103.89484687978813
11:23:19,1.153461,103.894775,0,0,0,0,0,0,0,0,0,180,forward,0,0,0,1.1533711684715882,103.89484687978813
11:23:21,1.153461,103.894775,0,0,0,0,0,0,0,0,0,180,forward,0,0,0,1.1533711684715882,103.89484687978813
11:23:23,1.153461,103.894775,0,0,0,0,0,0,0,0,0,180,forward,0,0,0,1.1533711684715882,103.89484687978813
11:23:25,1.153461,103.894775,0,0,0,0,0,0,0,0,0,180,forward,0,0,0,1.1533711684715882,103.89484687978813
date,val latitude,val longitude,propeller speed1,propeller speed2,propeller speed3,propeller speed4,str1 target,str2 target,str3 target,str4 target,heading,heading target,mode,position_error,dir_error,payout,lat chute,long chute
11:23:37,1.153461,103.894775,0,0,0,0,0,0,0,0,0,180,forward,0,0,0,1.1533711684715882,103.89484687978813
11:23:39,1.153461,103.894775,0,0,0,0,0,0,0,0,0,180,forward,0,0,0,1.1533711684715882,103.89484687978813
11:23:41,1.153461,103.894775,0,0,0,0,0,0,0,0,0,180,forward,0,0,0,1.1533711684715882,103.89484687978813
11:23:43,1.153461,103.894775,0,0,0,0,0,0,0,0,0,180,forward,0,0,0,1.1533711684715882,103.89484687978813
11:23:45,1.153461,103.894775,0,0,0,0,0,0,0,0,0,180,forward,0,0,0,1.1533711684715882,103.89484687978813
11:23:47,1.153461,103.894775,0,0,0,0,0,0,0,0,0,180,forward,0,0,0,1.1533711684715882,103.89484687978813
11:23:49,1.153461,103.894775,0,0,0,0,0,0,0,0,0,180,forward,0,0,0,1.1533711684715882,103.89484687978813
11:23:51,1.153461,103.894775,0,0,0,0,0,0,0,0,0,180,forward,0,0,0,1.1533711684715882,103.89484687978813
11:23:54,1.153461,103.894775,0,0,0,0,0,0,0,0,0,180,forward,0,0,0,1.1533711684715882,103.89484687978813
11:23:56,1.153461,103.894775,0,0,0,0,0,0,0,0,0,180,forward,0,0,0,1.1533711684715882,103.89484687978813
11:23:58,1.153461,103.894775,0,0,0,0,0,0,0,0,0,180,forward,0,0,0,1.1533711684715882,103.89484687978813
11:24:0,1.153461,103.894775,0,0,0,0,0,0,0,0,0,180,forward,0,0,0,1.1533711684715882,103.89484687978813
11:24:2,1.153461,103.894775,0,0,0,0,0,0,0,0,0,180,forward,0,0,0,1.1533711684715882,103.89484687978813
11:24:4,1.153461,103.894775,0,0,0,0,0,0,0,0,0,180,forward,0,0,0,1.1533711684715882,103.89484687978813
11:24:6,1.153461,103.894775,0,0,0,0,0,0,0,0,0,180,forward,0,0,0,1.1533711684715882,103.89484687978813
11:24:8,1.153461,103.894775,0,0,0,0,0,0,0,0,0,180,forward,0,0,0,1.1533711684715882,103.89484687978813
11:24:10,1.153461,103.894775,0,0,0,0,0,0,0,0,0,180,forward,0,0,0,1.1533711684715882,103.89484687978813
11:24:12,1.153461,103.894775,0,0,0,0,0,0,0,0,0,180,forward,0,0,0,1.1533711684715882,103.89484687978813
11:24:14,1.153461,103.894775,0,0,0,0,0,0,0,0,0,180,forward,0,0,0,1.1533711684715882,103.89484687978813
11:24:16,1.153461,103.894775,0,0,0,0,0,0,0,0,0,180,forward,0,0,0,1.1533711684715882,103.89484687978813
11:24:18,1.153461,103.894775,0,0,0,0,0,0,0,0,0,180,forward,0,0,0,1.1533711684715882,103.89484687978813
11:24:21,1.153461,103.894775,0,0,0,0,0,0,0,0,0,180,forward,0,0,0,1.1533711684715882,103.89484687978813
11:24:23,1.153461,103.894775,0,0,0,0,0,0,0,0,0,180,forward,0,0,0,1.1533711684715882,103.89484687978813
date,val latitude,val longitude,propeller speed1,propeller speed2,propeller speed3,propeller speed4,str1 target,str2 target,str3 target,str4 target,heading,heading target,mode,position_error,dir_error,payout,lat chute,long chute
11:24:35,1.153461,103.894775,0,0,0,0,0,0,0,0,0,180,forward,0,0,0,1.1533711684715882,103.89484687978813
11:24:37,1.153461,103.894775,0,0,0,0,0,0,0,0,0,180,forward,0,0,0,1.1533711684715882,103.89484687978813
11:24:39,1.153461,103.894775,0,0,0,0,0,0,0,0,0,180,forward,0,0,0,1.1533711684715882,103.89484687978813
11:24:41,1.153461,103.894775,0,0,0,0,0,0,0,0,0,180,forward,0,0,0,1.1533711684715882,103.89484687978813
11:24:43,1.153461,103.894775,0,0,0,0,0,0,0,0,0,180,forward,0,0,0,1.1533711684715882,103.89484687978813
11:24:45,1.153461,103.894775,0,0,0,0,0,0,0,0,0,180,forward,0,0,0,1.1533711684715882,103.89484687978813
11:24:47,1.153461,103.894775,0,0,0,0,0,0,0,0,0,180,forward,0,0,0,1.1533711684715882,103.89484687978813
11:24:49,1.153461,103.894775,0,0,0,0,0,0,0,0,0,180,forward,0,0,0,1.1533711684715882,103.89484687978813
11:24:51,1.153461,103.894775,0,0,0,0,0,0,0,0,0,180,forward,0,0,0,1.1533711684715882,103.89484687978813
11:24:53,1.153461,103.894775,0,0,0,0,0,0,0,0,0,180,forward,0,0,0,1.1533711684715882,103.89484687978813
11:24:55,1.153461,103.894775,0,0,0,0,0,0,0,0,0,180,forward,0,0,0,1.1533711684715882,103.89484687978813
11:24:57,1.153461,103.894775,0,0,0,0,0,0,0,0,0,180,forward,0,0,0,1.1533711684715882,103.89484687978813
11:24:59,1.153461,103.894775,0,0,0,0,0,0,0,0,0,180,forward,0,0,0,1.1533711684715882,103.89484687978813
11:25:2,1.153461,103.894775,0,0,0,0,0,0,0,0,0,180,forward,0,0,0,1.1533711684715882,103.89484687978813
11:25:4,1.153461,103.894775,0,0,0,0,0,0,0,0,0,180,forward,0,0,0,1.1533711684715882,103.89484687978813
11:25:6,1.153461,103.894775,0,0,0,0,0,0,0,0,0,180,forward,0,0,0,1.1533711684715882,103.89484687978813
11:25:8,1.153461,103.894775,0,0,0,0,0,0,0,0,0,180,forward,0,0,0,1.1533711684715882,103.89484687978813
11:25:10,1.153461,103.894775,0,0,0,0,0,0,0,0,0,180,forward,0,0,0,1.1533711684715882,103.89484687978813
11:25:12,1.153461,103.894775,0,0,0,0,0,0,0,0,0,180,forward,0,0,0,1.1533711684715882,103.89484687978813
11:25:14,1.153461,103.894775,0,0,0,0,0,0,0,0,0,180,forward,0,0,0,1.1533711684715882,103.89484687978813
11:25:16,1.153461,103.894775,0,0,0,0,0,0,0,0,0,180,forward,0,0,0,1.1533711684715882,103.89484687978813
11:25:18,1.153461,103.894775,0,0,0,0,0,0,0,0,0,180,forward,0,0,0,1.1533711684715882,103.89484687978813
11:25:20,1.153461,103.894775,0,0,0,0,0,0,0,0,0,180,forward,0,0,0,1.1533711684715882,103.89484687978813
11:25:22,1.153461,103.894775,0,0,0,0,0,0,0,0,0,180,forward,0,0,0,1.1533711684715882,103.89484687978813
11:25:25,1.153461,103.894775,0,0,0,0,0,0,0,0,0,180,forward,0,0,0,1.1533711684715882,103.89484687978813
11:25:27,1.153461,103.894775,0,0,0,0,0,0,0,0,0,180,forward,0,0,0,1.1533711684715882,103.89484687978813
11:25:29,1.153461,103.894775,0,0,0,0,0,0,0,0,0,180,forward,0,0,0,1.1533711684715882,103.89484687978813
11:25:31,1.153461,103.894775,0,0,0,0,0,0,0,0,0,180,forward,0,0,0,1.1533711684715882,103.89484687978813
11:25:33,1.153461,103.894775,0,0,0,0,0,0,0,0,0,180,forward,0,0,0,1.1533711684715882,103.89484687978813
11:25:35,1.153461,103.894775,0,0,0,0,0,0,0,0,0,180,forward,0,0,0,1.1533711684715882,103.89484687978813
11:25:37,1.153461,103.894775,0,0,0,0,0,0,0,0,0,180,forward,0,0,0,1.1533711684715882,103.89484687978813
11:25:39,1.153461,103.894775,0,0,0,0,0,0,0,0,0,180,forward,0,0,0,1.1533711684715882,103.89484687978813
11:25:41,1.153461,103.894775,0,0,0,0,0,0,0,0,0,180,forward,0,0,0,1.1533711684715882,103.89484687978813
11:25:43,1.153461,103.894775,0,0,0,0,0,0,0,0,0,180,forward,0,0,0,1.1533711684715882,103.89484687978813
11:25:45,1.153461,103.894775,0,0,0,0,0,0,0,0,0,180,forward,0,0,0,1.1533711684715882,103.89484687978813
11:25:48,1.153461,103.894775,0,0,0,0,0,0,0,0,0,180,forward,0,0,0,1.1533711684715882,103.89484687978813
11:25:50,1.153461,103.894775,0,0,0,0,0,0,0,0,0,180,forward,0,0,0,1.1533711684715882,103.89484687978813
11:25:52,1.153461,103.894775,0,0,0,0,0,0,0,0,0,180,forward,0,0,0,1.1533711684715882,103.89484687978813
11:25:54,1.153461,103.894775,0,0,0,0,0,0,0,0,0,180,forward,0,0,0,1.1533711684715882,103.89484687978813
11:25:56,1.153461,103.894775,0,0,0,0,0,0,0,0,0,180,forward,0,0,0,1.1533711684715882,103.89484687978813
11:25:58,1.153461,103.894775,0,0,0,0,0,0,0,0,0,180,forward,0,0,0,1.1533711684715882,103.89484687978813
date,val latitude,val longitude,propeller speed1,propeller speed2,propeller speed3,propeller speed4,str1 target,str2 target,str3 target,str4 target,heading,heading target,mode,position_error,dir_error,payout,lat chute,long chute
11:26:9,1.153461,103.894775,0,0,0,0,0,0,0,0,0,180,forward,0,0,0,1.1533711684715882,103.89484687978813
11:26:11,1.153461,103.894775,0,0,0,0,0,0,0,0,0,180,forward,0,0,0,1.1533711684715882,103.89484687978813
11:26:13,1.153461,103.894775,0,0,0,0,0,0,0,0,0,180,forward,0,0,0,1.1533711684715882,103.89484687978813
11:26:15,1.153461,103.894775,0,0,0,0,0,0,0,0,0,180,forward,0,0,0,1.1533711684715882,103.89484687978813
11:26:17,1.153461,103.894775,0,0,0,0,0,0,0,0,0,180,forward,0,0,0,1.1533711684715882,103.89484687978813
11:26:20,1.153461,103.894775,0,0,0,0,0,0,0,0,0,180,forward,0,0,0,1.1533711684715882,103.89484687978813
11:26:22,1.153461,103.894775,0,0,0,0,0,0,0,0,0,180,forward,0,0,0,1.1533711684715882,103.89484687978813
11:26:24,1.153461,103.894775,0,0,0,0,0,0,0,0,0,180,forward,0,0,0,1.1533711684715882,103.89484687978813
11:26:26,1.153461,103.894775,0,0,0,0,0,0,0,0,0,180,forward,0,0,0,1.1533711684715882,103.89484687978813
11:26:28,1.153461,103.894775,0,0,0,0,0,0,0,0,0,180,forward,0,0,0,1.1533711684715882,103.89484687978813
11:26:30,1.153461,103.894775,0,0,0,0,0,0,0,0,0,180,forward,0,0,0,1.1533711684715882,103.89484687978813
11:26:32,1.153461,103.894775,0,0,0,0,0,0,0,0,0,180,forward,0,0,0,1.1533711684715882,103.89484687978813
date,val latitude,val longitude,propeller speed1,propeller speed2,propeller speed3,propeller speed4,str1 target,str2 target,str3 target,str4 target,heading,heading target,mode,position_error,dir_error,payout,lat chute,long chute
11:26:42,1.153461,103.894775,0,0,0,0,0,0,0,0,0,180,forward,0,0,0,1.1533711684715882,103.89484687978813
11:26:44,1.153461,103.894775,0,0,0,0,0,0,0,0,0,180,forward,0,0,0,1.1533711684715882,103.89484687978813
11:26:47,1.153461,103.894775,0,0,0,0,0,0,0,0,0,180,forward,0,0,0,1.1533711684715882,103.89484687978813
11:26:49,1.153461,103.894775,0,0,0,0,0,0,0,0,0,180,forward,0,0,0,1.1533711684715882,103.89484687978813
11:26:51,1.153461,103.894775,0,0,0,0,0,0,0,0,0,180,forward,0,0,0,1.1533711684715882,103.89484687978813
11:26:53,1.153461,103.894775,0,0,0,0,0,0,0,0,0,180,forward,0,0,0,1.1533711684715882,103.89484687978813
11:26:55,1.153461,103.894775,0,0,0,0,0,0,0,0,0,180,forward,0,0,0,1.1533711684715882,103.89484687978813
11:26:57,1.153461,103.894775,0,0,0,0,0,0,0,0,0,180,forward,0,0,0,1.1533711684715882,103.89484687978813
11:26:59,1.153461,103.894775,0,0,0,0,0,0,0,0,0,180,forward,0,0,0,1.1533711684715882,103.89484687978813
11:27:1,1.153461,103.894775,0,0,0,0,0,0,0,0,0,180,forward,0,0,0,1.1533711684715882,103.89484687978813
11:27:3,1.153461,103.894775,0,0,0,0,0,0,0,0,0,180,forward,0,0,0,1.1533711684715882,103.89484687978813
11:27:5,1.153461,103.894775,0,0,0,0,0,0,0,0,0,180,forward,0,0,0,1.1533711684715882,103.89484687978813
11:27:7,1.153461,103.894775,0,0,0,0,0,0,0,0,0,180,forward,0,0,0,1.1533711684715882,103.89484687978813
11:27:9,1.153461,103.894775,0,0,0,0,0,0,0,0,0,180,forward,0,0,0,1.1533711684715882,103.89484687978813
11:27:12,1.153461,103.894775,0,0,0,0,0,0,0,0,0,180,forward,0,0,0,1.1533711684715882,103.89484687978813
11:27:14,1.153461,103.894775,0,0,0,0,0,0,0,0,0,180,forward,0,0,0,1.1533711684715882,103.89484687978813
11:27:16,1.153461,103.894775,0,0,0,0,0,0,0,0,0,180,forward,0,0,0,1.1533711684715882,103.89484687978813
11:27:18,1.153461,103.894775,0,0,0,0,0,0,0,0,0,180,forward,0,0,0,1.1533711684715882,103.89484687978813
11:27:20,1.153461,103.894775,0,0,0,0,0,0,0,0,0,180,forward,0,0,0,1.1533711684715882,103.89484687978813
11:27:22,1.153461,103.894775,0,0,0,0,0,0,0,0,0,180,forward,0,0,0,1.1533711684715882,103.89484687978813
11:27:24,1.153461,103.894775,0,0,0,0,0,0,0,0,0,180,forward,0,0,0,1.1533711684715882,103.89484687978813
11:27:26,1.153461,103.894775,0,0,0,0,0,0,0,0,0,180,forward,0,0,0,1.1533711684715882,103.89484687978813
11:27:28,1.153461,103.894775,0,0,0,0,0,0,0,0,0,180,forward,0,0,0,1.1533711684715882,103.89484687978813
11:27:30,1.153461,103.894775,0,0,0,0,0,0,0,0,0,180,forward,0,0,0,1.1533711684715882,103.89484687978813
11:27:32,1.153461,103.894775,0,0,0,0,0,0,0,0,0,180,forward,0,0,0,1.1533711684715882,103.89484687978813
11:27:34,1.153461,103.894775,0,0,0,0,0,0,0,0,0,180,forward,0,0,0,1.1533711684715882,103.89484687978813
11:27:36,1.153461,103.894775,0,0,0,0,0,0,0,0,0,180,forward,0,0,0,1.1533711684715882,103.89484687978813
11:27:38,1.153461,103.894775,0,0,0,0,0,0,0,0,0,180,forward,0,0,0,1.1533711684715882,103.89484687978813
11:27:40,1.153461,103.894775,0,0,0,0,0,0,0,0,0,180,forward,0,0,0,1.1533711684715882,103.89484687978813
11:27:42,1.153461,103.894775,0,0,0,0,0,0,0,0,0,180,forward,0,0,0,1.1533711684715882,103.89484687978813
11:27:44,1.153461,103.894775,0,0,0,0,0,0,0,0,0,180,forward,0,0,0,1.1533711684715882,103.89484687978813
11:27:47,1.153461,103.894775,0,0,0,0,0,0,0,0,0,180,forward,0,0,0,1.1533711684715882,103.89484687978813
11:27:49,1.153461,103.894775,0,0,0,0,0,0,0,0,0,180,forward,0,0,0,1.1533711684715882,103.89484687978813
11:27:51,1.153461,103.894775,0,0,0,0,0,0,0,0,0,180,forward,0,0,0,1.1533711684715882,103.89484687978813
11:27:53,1.153461,103.894775,0,0,0,0,0,0,0,0,0,180,forward,0,0,0,1.1533711684715882,103.89484687978813
11:27:55,1.153461,103.894775,0,0,0,0,0,0,0,0,0,180,forward,0,0,0,1.1533711684715882,103.89484687978813
11:27:57,1.153461,103.894775,0,0,0,0,0,0,0,0,0,180,forward,0,0,0,1.1533711684715882,103.89484687978813
11:27:59,1.153461,103.894775,0,0,0,0,0,0,0,0,0,180,forward,0,0,0,1.1533711684715882,103.89484687978813
11:28:1,1.153461,103.894775,0,0,0,0,0,0,0,0,0,180,forward,0,0,0,1.1533711684715882,103.89484687978813
11:28:3,1.153461,103.894775,0,0,0,0,0,0,0,0,0,180,forward,0,0,0,1.1533711684715882,103.89484687978813
11:28:5,1.153461,103.894775,0,0,0,0,0,0,0,0,0,180,forward,0,0,0,1.1533711684715882,103.89484687978813
11:28:7,1.153461,103.894775,0,0,0,0,0,0,0,0,0,180,forward,0,0,0,1.1533711684715882,103.89484687978813
date,val latitude,val longitude,propeller speed1,propeller speed2,propeller speed3,propeller speed4,str1 target,str2 target,str3 target,str4 target,heading,heading target,mode,position_error,dir_error,payout,lat chute,long chute
11:28:16,1.153461,103.894775,0,0,0,0,0,0,0,0,0,180,forward,0,0,0,1.1533711684715882,103.89484687978813
11:28:18,1.153461,103.894775,0,0,0,0,0,0,0,0,0,180,forward,0,0,0,1.1533711684715882,103.89484687978813
11:28:20,1.153461,103.894775,0,0,0,0,0,0,0,0,0,180,forward,0,0,0,1.1533711684715882,103.89484687978813
11:28:22,1.153461,103.894775,0,0,0,0,0,0,0,0,0,180,forward,0,0,0,1.1533711684715882,103.89484687978813
11:28:24,1.153461,103.894775,0,0,0,0,0,0,0,0,0,180,forward,0,0,0,1.1533711684715882,103.89484687978813
11:28:26,1.153461,103.894775,0,0,0,0,0,0,0,0,0,180,forward,0,0,0,1.1533711684715882,103.89484687978813
11:28:28,1.153461,103.894775,0,0,0,0,0,0,0,0,0,180,forward,0,0,0,1.1533711684715882,103.89484687978813
11:28:30,1.153461,103.894775,0,0,0,0,0,0,0,0,0,180,forward,0,0,0,1.1533711684715882,103.89484687978813
11:28:33,1.153461,103.894775,0,0,0,0,0,0,0,0,0,180,forward,0,0,0,1.1533711684715882,103.89484687978813
11:28:35,1.153461,103.894775,0,0,0,0,0,0,0,0,0,180,forward,0,0,0,1.1533711684715882,103.89484687978813
11:28:37,1.153461,103.894775,0,0,0,0,0,0,0,0,0,180,forward,0,0,0,1.1533711684715882,103.89484687978813
11:28:39,1.153461,103.894775,0,0,0,0,0,0,0,0,0,180,forward,0,0,0,1.1533711684715882,103.89484687978813
