waktu,latitude,longitude,propeller_speed1,propeller_speed2,propeller_speed3,propeller_speed4,str1_target,str2_target,str3_target,str4_target,heading,heading_target,navigation_mode_text,position_error,dir_error,payout,lat_chute,long_chute
09:03:28,1.698873,101.436883,0,0,0,0,0,0,0,0,152,180,forward,0,0,0,1.6988392613215753,101.43681951887103
09:03:30,1.698874,101.436886,0,0,0,0,0,0,0,0,153,180,forward,0,0,0,1.698841373871619,101.43682193945942
09:03:32,1.698875,101.436888,0,0,0,0,0,0,0,0,153,180,forward,0,0,0,1.698842373871619,101.43682393945939
09:03:34,1.698876,101.43689,0,0,0,0,0,0,0,0,153,180,forward,0,0,0,1.698843373871619,101.43682593945937
09:03:37,1.698878,101.436891,0,0,0,0,0,0,0,0,153,180,forward,0,0,0,1.6988453738716192,101.4368269394593
09:03:39,1.698878,101.436893,0,0,0,0,0,0,0,0,153,180,forward,0,0,0,1.6988453738716192,101.43682893945929
09:03:41,1.698878,101.436894,0,0,0,0,0,0,0,0,154,180,forward,0,0,0,1.698846496359898,101.43682937956116
09:03:43,1.698879,101.436896,0,0,0,0,0,0,0,0,154,180,forward,0,0,0,1.6988474963598978,101.43683137956114
09:03:45,1.698879,101.436897,0,0,0,0,0,0,0,0,154,180,forward,0,0,0,1.6988474963598978,101.43683237956114
09:03:48,1.69888,101.436898,0,0,0,0,0,0,0,0,154,180,forward,0,0,0,1.6988484963598978,101.43683337956111
09:03:50,1.698881,101.436898,0,0,0,0,0,0,0,0,154,180,forward,0,0,0,1.698849496359898,101.43683337956107
09:03:52,1.698881,101.436898,0,0,0,0,0,0,0,0,155,180,forward,0,0,0,1.6988506284444904,101.43683283934696
09:03:54,1.698882,101.436899,0,0,0,0,0,0,0,0,155,180,forward,0,0,0,1.6988516284444903,101.43683383934693
09:03:56,1.698883,101.4369,0,0,0,0,0,0,0,0,155,180,forward,0,0,0,1.6988526284444903,101.43683483934689
09:03:58,1.698883,101.436901,0,0,0,0,0,0,0,0,155,180,forward,0,0,0,1.6988526284444903,101.4368358393469
09:04:00,1.698883,101.436902,0,0,0,0,0,0,0,0,155,180,forward,0,0,0,1.6988526284444903,101.4368368393469
09:04:03,1.698883,101.436904,0,0,0,0,0,0,0,0,156,180,forward,0,0,0,1.698853769780553,101.43683831898134
09:04:05,1.698885,101.436905,0,0,0,0,0,0,0,0,156,180,forward,0,0,0,1.698855769780553,101.43683931898128
09:04:07,1.698886,101.436906,0,0,0,0,0,0,0,0,156,180,forward,0,0,0,1.698856769780553,101.43684031898124
09:04:09,1.698887,101.436907,0,0,0,0,0,0,0,0,156,180,forward,0,0,0,1.6988577697805531,101.43684131898122
09:04:11,1.698888,101.436907,0,0,0,0,0,0,0,0,156,180,forward,0,0,0,1.698858769780553,101.43684131898118
09:04:14,1.698889,101.436907,0,0,0,0,0,0,0,0,157,180,forward,0,0,0,1.6988609200204239,101.43684081862268
09:04:16,1.698889,101.436908,0,0,0,0,0,0,0,0,156,180,forward,0,0,0,1.6988597697805532,101.43684231898115
09:04:18,1.698889,101.436909,0,0,0,0,0,0,0,0,156,180,forward,0,0,0,1.6988597697805532,101.43684331898115
09:04:20,1.69889,101.43691,0,0,0,0,0,0,0,0,157,180,forward,0,0,0,1.6988619200204238,101.43684381862263
09:04:22,1.698891,101.43691,0,0,0,0,0,0,0,0,157,180,forward,0,0,0,1.6988629200204237,101.4368438186226
09:04:24,1.698892,101.436911,0,0,0,0,0,0,0,0,157,180,forward,0,0,0,1.6988639200204239,101.43684481862257
09:04:26,1.698892,101.436912,0,0,0,0,0,0,0,0,158,180,forward,0,0,0,1.6988650788137283,101.4368453384236
09:04:37,1.698894,101.436912,0,0,0,0,0,0,0,0,157,180,forward,0,0,0,1.6988659200204237,101.43684581862252
09:04:39,1.698894,101.436912,0,0,0,0,0,0,0,0,158,180,forward,0,0,0,1.6988670788137281,101.43684533842352
09:04:41,1.698894,101.436911,0,0,0,0,0,0,0,0,158,180,forward,0,0,0,1.6988670788137281,101.43684433842351
09:04:43,1.698893,101.43691,0,0,0,0,0,0,0,0,158,180,forward,0,0,0,1.6988660788137282,101.43684333842356
09:04:46,1.698892,101.43691,0,0,0,0,0,0,0,0,158,180,forward,0,0,0,1.6988650788137283,101.43684333842359
09:04:48,1.698892,101.436909,0,0,0,0,0,0,0,0,158,180,forward,0,0,0,1.6988650788137283,101.43684233842359
09:04:50,1.698891,101.436909,0,0,0,0,0,0,0,0,158,180,forward,0,0,0,1.6988640788137281,101.43684233842363
09:04:52,1.698891,101.436909,0,0,0,0,0,0,0,0,158,180,forward,0,0,0,1.6988640788137281,101.43684233842363
09:04:54,1.69889,101.436909,0,0,0,0,0,0,0,0,158,180,forward,0,0,0,1.6988630788137282,101.43684233842366
09:04:56,1.698889,101.43691,0,0,0,0,0,0,0,0,158,180,forward,0,0,0,1.6988620788137283,101.4368433384237
09:04:58,1.698889,101.43691,0,0,0,0,0,0,0,0,158,180,forward,0,0,0,1.6988620788137283,101.4368433384237
09:05:01,1.698889,101.436911,0,0,0,0,0,0,0,0,158,180,forward,0,0,0,1.6988620788137283,101.4368443384237
09:05:03,1.698889,101.436912,0,0,0,0,0,0,0,0,158,180,forward,0,0,0,1.6988620788137283,101.43684533842371
09:05:05,1.698888,101.436912,0,0,0,0,0,0,0,0,158,180,forward,0,0,0,1.6988610788137282,101.43684533842374
09:05:07,1.698888,101.436912,0,0,0,0,0,0,0,0,158,180,forward,0,0,0,1.6988610788137282,101.43684533842374
09:05:09,1.698888,101.436911,0,0,0,0,0,0,0,0,158,180,forward,0,0,0,1.6988610788137282,101.43684433842373
09:05:11,1.698888,101.436911,0,0,0,0,0,0,0,0,158,180,forward,0,0,0,1.6988610788137282,101.43684433842373
09:05:13,1.698889,101.43691,0,0,0,0,0,0,0,0,158,180,forward,0,0,0,1.6988620788137283,101.4368433384237
09:05:24,1.698885,101.436909,0,0,0,0,0,0,0,0,157,180,forward,0,0,0,1.6988569200204238,101.43684281862282
09:05:26,1.698884,101.436909,0,0,0,0,0,0,0,0,157,180,forward,0,0,0,1.6988559200204238,101.43684281862285
09:05:29,1.698884,101.436909,0,0,0,0,0,0,0,0,157,180,forward,0,0,0,1.6988559200204238,101.43684281862285
09:05:31,1.698883,101.43691,0,0,0,0,0,0,0,0,157,180,forward,0,0,0,1.6988549200204237,101.43684381862288
09:05:33,1.698882,101.43691,0,0,0,0,0,0,0,0,157,180,forward,0,0,0,1.6988539200204238,101.43684381862292
09:05:35,1.698882,101.43691,0,0,0,0,0,0,0,0,157,180,forward,0,0,0,1.6988539200204238,101.43684381862292
09:05:37,1.698882,101.436909,0,0,0,0,0,0,0,0,157,180,forward,0,0,0,1.6988539200204238,101.43684281862292
09:05:39,1.698881,101.436909,0,0,0,0,0,0,0,0,157,180,forward,0,0,0,1.6988529200204239,101.43684281862295
09:05:41,1.698881,101.436909,0,0,0,0,0,0,0,0,157,180,forward,0,0,0,1.6988529200204239,101.43684281862295
09:05:43,1.698881,101.43691,0,0,0,0,0,0,0,0,156,180,forward,0,0,0,1.6988517697805532,101.43684431898141
09:05:46,1.698882,101.43691,0,0,0,0,0,0,0,0,157,180,forward,0,0,0,1.6988539200204238,101.43684381862292
09:05:48,1.698882,101.43691,0,0,0,0,0,0,0,0,156,180,forward,0,0,0,1.698852769780553,101.43684431898139
09:05:50,1.698882,101.436909,0,0,0,0,0,0,0,0,157,180,forward,0,0,0,1.6988539200204238,101.43684281862292
09:05:52,1.698881,101.436909,0,0,0,0,0,0,0,0,156,180,forward,0,0,0,1.6988517697805532,101.43684331898142
09:05:54,1.698881,101.436909,0,0,0,0,0,0,0,0,156,180,forward,0,0,0,1.6988517697805532,101.43684331898142
09:05:57,1.698879,101.436909,0,0,0,0,0,0,0,0,156,180,forward,0,0,0,1.6988497697805531,101.43684331898149
09:05:59,1.698878,101.43691,0,0,0,0,0,0,0,0,156,180,forward,0,0,0,1.6988487697805532,101.43684431898151
09:06:01,1.698877,101.43691,0,0,0,0,0,0,0,0,156,180,forward,0,0,0,1.698847769780553,101.43684431898156
09:06:03,1.698876,101.43691,0,0,0,0,0,0,0,0,156,180,forward,0,0,0,1.6988467697805532,101.43684431898158
09:06:05,1.698875,101.43691,0,0,0,0,0,0,0,0,156,180,forward,0,0,0,1.698845769780553,101.43684431898163
09:06:08,1.698875,101.43691,0,0,0,0,0,0,0,0,156,180,forward,0,0,0,1.698845769780553,101.43684431898163
09:06:10,1.698875,101.43691,0,0,0,0,0,0,0,0,156,180,forward,0,0,0,1.698845769780553,101.43684431898163
09:06:12,1.698875,101.43691,0,0,0,0,0,0,0,0,155,180,forward,0,0,0,1.6988446284444902,101.43684483934716
09:06:14,1.698876,101.43691,0,0,0,0,0,0,0,0,155,180,forward,0,0,0,1.6988456284444904,101.43684483934713
09:06:16,1.698875,101.43691,0,0,0,0,0,0,0,0,155,180,forward,0,0,0,1.6988446284444902,101.43684483934716
09:06:18,1.698875,101.43691,0,0,0,0,0,0,0,0,155,180,forward,0,0,0,1.6988446284444902,101.43684483934716
09:06:20,1.698875,101.436909,0,0,0,0,0,0,0,0,155,180,forward,0,0,0,1.6988446284444902,101.43684383934716
09:06:23,1.698875,101.436909,0,0,0,0,0,0,0,0,155,180,forward,0,0,0,1.6988446284444902,101.43684383934716
09:06:25,1.698875,101.436908,0,0,0,0,0,0,0,0,156,180,forward,0,0,0,1.698845769780553,101.43684231898163
09:06:27,1.698875,101.436908,0,0,0,0,0,0,0,0,155,180,forward,0,0,0,1.6988446284444902,101.43684283934716
09:06:29,1.698875,101.436907,0,0,0,0,0,0,0,0,155,180,forward,0,0,0,1.6988446284444902,101.43684183934717
09:06:31,1.698875,101.436907,0,0,0,0,0,0,0,0,155,180,forward,0,0,0,1.6988446284444902,101.43684183934717
09:06:33,1.698875,101.436906,0,0,0,0,0,0,0,0,155,180,forward,0,0,0,1.6988446284444902,101.43684083934716
09:06:35,1.698875,101.436906,0,0,0,0,0,0,0,0,155,180,forward,0,0,0,1.6988446284444902,101.43684083934716
09:06:38,1.698875,101.436905,0,0,0,0,0,0,0,0,155,180,forward,0,0,0,1.6988446284444902,101.43683983934716
09:06:40,1.698874,101.436905,0,0,0,0,0,0,0,0,155,180,forward,0,0,0,1.6988436284444903,101.4368398393472
09:06:42,1.698874,101.436904,0,0,0,0,0,0,0,0,155,180,forward,0,0,0,1.6988436284444903,101.4368388393472
09:06:44,1.698874,101.436904,0,0,0,0,0,0,0,0,155,180,forward,0,0,0,1.6988436284444903,101.4368388393472
09:06:46,1.698874,101.436903,0,0,0,0,0,0,0,0,155,180,forward,0,0,0,1.6988436284444903,101.4368378393472
09:06:48,1.698874,101.436903,0,0,0,0,0,0,0,0,155,180,forward,0,0,0,1.6988436284444903,101.4368378393472
09:06:51,1.698874,101.436903,0,0,0,0,0,0,0,0,155,180,forward,0,0,0,1.6988436284444903,101.4368378393472
09:06:53,1.698875,101.436902,0,0,0,0,0,0,0,0,155,180,forward,0,0,0,1.6988446284444902,101.43683683934717
09:06:55,1.698875,101.436901,0,0,0,0,0,0,0,0,155,180,forward,0,0,0,1.6988446284444902,101.43683583934717
09:06:57,1.698875,101.4369,0,0,0,0,0,0,0,0,155,180,forward,0,0,0,1.6988446284444902,101.43683483934716
09:06:59,1.698875,101.4369,0,0,0,0,0,0,0,0,155,180,forward,0,0,0,1.6988446284444902,101.43683483934716
09:07:01,1.698876,101.436899,0,0,0,0,0,0,0,0,154,180,forward,0,0,0,1.6988444963598979,101.43683437956123
09:07:04,1.698876,101.436898,0,0,0,0,0,0,0,0,155,180,forward,0,0,0,1.6988456284444904,101.43683283934713
09:07:06,1.698876,101.436898,0,0,0,0,0,0,0,0,155,180,forward,0,0,0,1.6988456284444904,101.43683283934713
09:07:08,1.698876,101.436897,0,0,0,0,0,0,0,0,155,180,forward,0,0,0,1.6988456284444904,101.43683183934714
09:07:10,1.698876,101.436897,0,0,0,0,0,0,0,0,154,180,forward,0,0,0,1.6988444963598979,101.43683237956124
09:07:12,1.698876,101.436897,0,0,0,0,0,0,0,0,155,180,forward,0,0,0,1.6988456284444904,101.43683183934714
09:07:14,1.698876,101.436897,0,0,0,0,0,0,0,0,154,180,forward,0,0,0,1.6988444963598979,101.43683237956124
09:07:17,1.698876,101.436897,0,0,0,0,0,0,0,0,155,180,forward,0,0,0,1.6988456284444904,101.43683183934714
09:07:19,1.698876,101.436897,0,0,0,0,0,0,0,0,155,180,forward,0,0,0,1.6988456284444904,101.43683183934714
09:07:21,1.698876,101.436897,0,0,0,0,0,0,0,0,155,180,forward,0,0,0,1.6988456284444904,101.43683183934714
09:07:23,1.698876,101.436897,0,0,0,0,0,0,0,0,155,180,forward,0,0,0,1.6988456284444904,101.43683183934714
09:07:25,1.698876,101.436897,0,0,0,0,0,0,0,0,155,180,forward,0,0,0,1.6988456284444904,101.43683183934714
09:07:27,1.698876,101.436897,0,0,0,0,0,0,0,0,155,180,forward,0,0,0,1.6988456284444904,101.43683183934714
09:07:29,1.698876,101.436897,0,0,0,0,0,0,0,0,155,180,forward,0,0,0,1.6988456284444904,101.43683183934714
09:07:32,1.698876,101.436897,0,0,0,0,0,0,0,0,155,180,forward,0,0,0,1.6988456284444904,101.43683183934714
09:07:34,1.698876,101.436897,0,0,0,0,0,0,0,0,155,180,forward,0,0,0,1.6988456284444904,101.43683183934714
09:07:36,1.698876,101.436897,0,0,0,0,0,0,0,0,155,180,forward,0,0,0,1.6988456284444904,101.43683183934714
09:07:38,1.698875,101.436897,0,0,0,0,0,0,0,0,155,180,forward,0,0,0,1.6988446284444902,101.43683183934716
09:07:40,1.698875,101.436897,0,0,0,0,0,0,0,0,155,180,forward,0,0,0,1.6988446284444902,101.43683183934716
09:07:42,1.698875,101.436897,0,0,0,0,0,0,0,0,155,180,forward,0,0,0,1.6988446284444902,101.43683183934716
09:07:44,1.698875,101.436898,0,0,0,0,0,0,0,0,155,180,forward,0,0,0,1.6988446284444902,101.43683283934716
09:07:47,1.698875,101.436898,0,0,0,0,0,0,0,0,155,180,forward,0,0,0,1.6988446284444902,101.43683283934716
09:07:49,1.698875,101.436898,0,0,0,0,0,0,0,0,155,180,forward,0,0,0,1.6988446284444902,101.43683283934716
09:07:51,1.698875,101.436899,0,0,0,0,0,0,0,0,155,180,forward,0,0,0,1.6988446284444902,101.43683383934716
09:07:53,1.698875,101.436899,0,0,0,0,0,0,0,0,155,180,forward,0,0,0,1.6988446284444902,101.43683383934716
09:07:55,1.698875,101.436899,0,0,0,0,0,0,0,0,156,180,forward,0,0,0,1.698845769780553,101.43683331898163
09:07:57,1.698875,101.436899,0,0,0,0,0,0,0,0,156,180,forward,0,0,0,1.698845769780553,101.43683331898163
09:07:59,1.698875,101.436898,0,0,0,0,0,0,0,0,156,180,forward,0,0,0,1.698845769780553,101.43683231898163
09:08:01,1.698875,101.436898,0,0,0,0,0,0,0,0,156,180,forward,0,0,0,1.698845769780553,101.43683231898163
09:08:03,1.698875,101.436898,0,0,0,0,0,0,0,0,155,180,forward,0,0,0,1.6988446284444902,101.43683283934716
09:08:06,1.698875,101.436897,0,0,0,0,0,0,0,0,156,180,forward,0,0,0,1.698845769780553,101.43683131898163
09:08:08,1.698875,101.436896,0,0,0,0,0,0,0,0,156,180,forward,0,0,0,1.698845769780553,101.43683031898163
09:08:10,1.698875,101.436895,0,0,0,0,0,0,0,0,156,180,forward,0,0,0,1.698845769780553,101.43682931898164
09:08:12,1.698875,101.436894,0,0,0,0,0,0,0,0,156,180,forward,0,0,0,1.698845769780553,101.43682831898163
09:08:14,1.698875,101.436894,0,0,0,0,0,0,0,0,156,180,forward,0,0,0,1.698845769780553,101.43682831898163
09:08:16,1.698875,101.436894,0,0,0,0,0,0,0,0,156,180,forward,0,0,0,1.698845769780553,101.43682831898163
09:08:18,1.698874,101.436894,0,0,0,0,0,0,0,0,156,180,forward,0,0,0,1.698844769780553,101.43682831898165
09:08:21,1.698874,101.436894,0,0,0,0,0,0,0,0,156,180,forward,0,0,0,1.698844769780553,101.43682831898165
09:08:23,1.698874,101.436894,0,0,0,0,0,0,0,0,156,180,forward,0,0,0,1.698844769780553,101.43682831898165
09:08:25,1.698875,101.436894,0,0,0,0,0,0,0,0,156,180,forward,0,0,0,1.698845769780553,101.43682831898163
09:08:27,1.698875,101.436893,0,0,0,0,0,0,0,0,157,180,forward,0,0,0,1.6988469200204237,101.43682681862316
09:08:29,1.698876,101.436892,0,0,0,0,0,0,0,0,157,180,forward,0,0,0,1.6988479200204238,101.43682581862312
09:08:32,1.698877,101.436891,0,0,0,0,0,0,0,0,157,180,forward,0,0,0,1.6988489200204238,101.4368248186231
09:08:34,1.698877,101.43689,0,0,0,0,0,0,0,0,157,180,forward,0,0,0,1.6988489200204238,101.4368238186231
09:08:36,1.698877,101.436889,0,0,0,0,0,0,0,0,157,180,forward,0,0,0,1.6988489200204238,101.43682281862309
09:08:38,1.698877,101.436888,0,0,0,0,0,0,0,0,157,180,forward,0,0,0,1.6988489200204238,101.43682181862309
09:08:40,1.698877,101.436887,0,0,0,0,0,0,0,0,157,180,forward,0,0,0,1.6988489200204238,101.43682081862309
09:08:42,1.698878,101.436886,0,0,0,0,0,0,0,0,157,180,forward,0,0,0,1.698849920020424,101.43681981862305
09:08:44,1.698877,101.436885,0,0,0,0,0,0,0,0,157,180,forward,0,0,0,1.6988489200204238,101.4368188186231
09:08:46,1.698877,101.436884,0,0,0,0,0,0,0,0,157,180,forward,0,0,0,1.6988489200204238,101.4368178186231
09:08:48,1.698876,101.436883,0,0,0,0,0,0,0,0,157,180,forward,0,0,0,1.6988479200204238,101.43681681862311
09:08:51,1.698876,101.436883,0,0,0,0,0,0,0,0,157,180,forward,0,0,0,1.6988479200204238,101.43681681862311
09:08:53,1.698876,101.436882,0,0,0,0,0,0,0,0,158,180,forward,0,0,0,1.6988490788137283,101.43681533842414
09:08:55,1.698876,101.436882,0,0,0,0,0,0,0,0,158,180,forward,0,0,0,1.6988490788137283,101.43681533842414
09:08:57,1.698875,101.436881,0,0,0,0,0,0,0,0,158,180,forward,0,0,0,1.6988480788137281,101.43681433842418
09:08:59,1.698875,101.436881,0,0,0,0,0,0,0,0,158,180,forward,0,0,0,1.6988480788137281,101.43681433842418
09:09:01,1.698874,101.436881,0,0,0,0,0,0,0,0,158,180,forward,0,0,0,1.6988470788137282,101.43681433842421
09:09:03,1.698874,101.436881,0,0,0,0,0,0,0,0,158,180,forward,0,0,0,1.6988470788137282,101.43681433842421
09:09:05,1.698874,101.436881,0,0,0,0,0,0,0,0,158,180,forward,0,0,0,1.6988470788137282,101.43681433842421
09:09:08,1.698873,101.43688,0,0,0,0,0,0,0,0,158,180,forward,0,0,0,1.6988460788137283,101.43681333842424
09:09:10,1.698873,101.43688,0,0,0,0,0,0,0,0,158,180,forward,0,0,0,1.6988460788137283,101.43681333842424
09:09:12,1.698873,101.436878,0,0,0,0,0,0,0,0,158,180,forward,0,0,0,1.6988460788137283,101.43681133842423
09:09:14,1.698873,101.436877,0,0,0,0,0,0,0,0,158,180,forward,0,0,0,1.6988460788137283,101.43681033842424
09:09:16,1.698873,101.436875,0,0,0,0,0,0,0,0,158,180,forward,0,0,0,1.6988460788137283,101.43680833842424
09:09:18,1.698873,101.436874,0,0,0,0,0,0,0,0,158,180,forward,0,0,0,1.6988460788137283,101.43680733842425
09:09:20,1.698873,101.436873,0,0,0,0,0,0,0,0,159,180,forward,0,0,0,1.6988472458074868,101.43680587853103
09:09:23,1.698874,101.436871,0,0,0,0,0,0,0,0,158,180,forward,0,0,0,1.6988470788137282,101.43680433842421
09:09:25,1.698875,101.43687,0,0,0,0,0,0,0,0,158,180,forward,0,0,0,1.6988480788137281,101.43680333842418
09:09:27,1.698875,101.436869,0,0,0,0,0,0,0,0,158,180,forward,0,0,0,1.6988480788137281,101.43680233842419
09:09:29,1.698876,101.436867,0,0,0,0,0,0,0,0,158,180,forward,0,0,0,1.6988490788137283,101.43680033842415
09:09:31,1.698876,101.436865,0,0,0,0,0,0,0,0,158,180,forward,0,0,0,1.6988490788137283,101.43679833842414
09:09:33,1.698876,101.436864,0,0,0,0,0,0,0,0,158,180,forward,0,0,0,1.6988490788137283,101.43679733842414
09:09:35,1.698875,101.436863,0,0,0,0,0,0,0,0,158,180,forward,0,0,0,1.6988480788137281,101.43679633842419
09:09:37,1.698875,101.436862,0,0,0,0,0,0,0,0,158,180,forward,0,0,0,1.6988480788137281,101.43679533842419
09:09:39,1.698874,101.43686,0,0,0,0,0,0,0,0,158,180,forward,0,0,0,1.6988470788137282,101.43679333842421
09:09:41,1.698873,101.436858,0,0,0,0,0,0,0,0,158,180,forward,0,0,0,1.6988460788137283,101.43679133842424
09:09:44,1.698872,101.436856,0,0,0,0,0,0,0,0,158,180,forward,0,0,0,1.6988450788137281,101.43678933842429
09:09:46,1.698871,101.436854,0,0,0,0,0,0,0,0,157,180,forward,0,0,0,1.6988429200204238,101.43678781862329
09:09:48,1.69887,101.436851,0,0,0,0,0,0,0,0,158,180,forward,0,0,0,1.6988430788137283,101.43678433842436
09:09:50,1.698869,101.436849,0,0,0,0,0,0,0,0,158,180,forward,0,0,0,1.6988420788137282,101.43678233842438
09:09:52,1.698868,101.436847,0,0,0,0,0,0,0,0,157,180,forward,0,0,0,1.6988399200204238,101.4367808186234
09:09:54,1.698866,101.436844,0,0,0,0,0,0,0,0,157,180,forward,0,0,0,1.6988379200204238,101.43677781862345
09:09:56,1.698864,101.436843,0,0,0,0,0,0,0,0,157,180,forward,0,0,0,1.6988359200204237,101.43677681862353
09:09:59,1.698863,101.436841,0,0,0,0,0,0,0,0,156,180,forward,0,0,0,1.6988337697805531,101.43677531898203
09:10:01,1.698862,101.436838,0,0,0,0,0,0,0,0,156,180,forward,0,0,0,1.6988327697805532,101.43677231898207
09:10:03,1.69886,101.436836,0,0,0,0,0,0,0,0,156,180,forward,0,0,0,1.6988307697805531,101.43677031898213
09:10:05,1.698859,101.436834,0,0,0,0,0,0,0,0,156,180,forward,0,0,0,1.698829769780553,101.43676831898217
09:10:07,1.698858,101.436831,0,0,0,0,0,0,0,0,155,180,forward,0,0,0,1.6988276284444903,101.43676583934774
09:10:09,1.698857,101.43683,0,0,0,0,0,0,0,0,155,180,forward,0,0,0,1.6988266284444904,101.43676483934777
09:10:11,1.698856,101.436828,0,0,0,0,0,0,0,0,155,180,forward,0,0,0,1.6988256284444903,101.43676283934781
09:10:13,1.698856,101.436826,0,0,0,0,0,0,0,0,154,180,forward,0,0,0,1.6988244963598977,101.4367613795619
09:10:15,1.698856,101.436823,0,0,0,0,0,0,0,0,154,180,forward,0,0,0,1.6988244963598977,101.43675837956191
09:10:17,1.698855,101.436821,0,0,0,0,0,0,0,0,154,180,forward,0,0,0,1.6988234963598978,101.43675637956194
09:10:20,1.698853,101.436818,0,0,0,0,0,0,0,0,154,180,forward,0,0,0,1.6988214963598978,101.436753379562
09:10:22,1.698852,101.436816,0,0,0,0,0,0,0,0,153,180,forward,0,0,0,1.698819373871619,101.43675193946015
09:10:24,1.698851,101.436813,0,0,0,0,0,0,0,0,153,180,forward,0,0,0,1.6988183738716192,101.43674893946019
09:10:26,1.69885,101.436809,0,0,0,0,0,0,0,0,153,180,forward,0,0,0,1.698817373871619,101.43674493946021
09:10:28,1.698848,101.436806,0,0,0,0,0,0,0,0,152,180,forward,0,0,0,1.698814261321575,101.43674251887187
09:10:30,1.698846,101.436804,0,0,0,0,0,0,0,0,152,180,forward,0,0,0,1.6988122613215753,101.43674051887191
09:10:32,1.698844,101.436802,0,0,0,0,0,0,0,0,152,180,forward,0,0,0,1.6988102613215752,101.43673851887199
09:10:34,1.698843,101.4368,0,0,0,0,0,0,0,0,152,180,forward,0,0,0,1.6988092613215753,101.43673651887202
09:10:37,1.698842,101.436799,0,0,0,0,0,0,0,0,152,180,forward,0,0,0,1.6988082613215751,101.43673551887204
09:10:39,1.698841,101.436798,0,0,0,0,0,0,0,0,151,180,forward,0,0,0,1.6988061590486596,101.43673511762061
09:10:41,1.69884,101.436796,0,0,0,0,0,0,0,0,151,180,forward,0,0,0,1.6988051590486595,101.43673311762066
09:10:43,1.69884,101.436794,0,0,0,0,0,0,0,0,151,180,forward,0,0,0,1.6988051590486595,101.43673111762067
09:10:45,1.69884,101.436792,0,0,0,0,0,0,0,0,150,180,forward,0,0,0,1.698804067388635,101.43672973552377
09:10:47,1.698839,101.436791,0,0,0,0,0,0,0,0,150,180,forward,0,0,0,1.6988030673886352,101.4367287355238
09:10:49,1.698838,101.436789,0,0,0,0,0,0,0,0,150,180,forward,0,0,0,1.6988020673886353,101.43672673552385
09:10:52,1.698838,101.436788,0,0,0,0,0,0,0,0,149,180,forward,0,0,0,1.6988009866740326,101.43672637239332
09:10:54,1.698837,101.436786,0,0,0,0,0,0,0,0,149,180,forward,0,0,0,1.6987999866740324,101.43672437239334
09:10:56,1.698837,101.436784,0,0,0,0,0,0,0,0,149,180,forward,0,0,0,1.6987999866740324,101.43672237239335
09:10:58,1.698837,101.436782,0,0,0,0,0,0,0,0,149,180,forward,0,0,0,1.6987999866740324,101.43672037239334
09:11:00,1.698836,101.43678,0,0,0,0,0,0,0,0,149,180,forward,0,0,0,1.6987989866740325,101.43671837239339
09:11:03,1.698835,101.436779,0,0,0,0,0,0,0,0,149,180,forward,0,0,0,1.6987979866740326,101.43671737239342
09:11:05,1.698835,101.436777,0,0,0,0,0,0,0,0,148,180,forward,0,0,0,1.6987969172340474,101.43671602803526
09:11:07,1.698834,101.436776,0,0,0,0,0,0,0,0,148,180,forward,0,0,0,1.6987959172340472,101.43671502803528
09:11:09,1.698834,101.436774,0,0,0,0,0,0,0,0,147,180,forward,0,0,0,1.6987948593944413,101.43671370224979
09:11:11,1.698833,101.436773,0,0,0,0,0,0,0,0,148,180,forward,0,0,0,1.6987949172340473,101.43671202803532
09:11:13,1.698832,101.436773,0,0,0,0,0,0,0,0,147,180,forward,0,0,0,1.6987928593944412,101.43671270224985
09:11:15,1.698832,101.436772,0,0,0,0,0,0,0,0,147,180,forward,0,0,0,1.6987928593944412,101.43671170224985
09:11:18,1.698832,101.436771,0,0,0,0,0,0,0,0,147,180,forward,0,0,0,1.6987928593944412,101.43671070224984
09:11:20,1.698831,101.436771,0,0,0,0,0,0,0,0,147,180,forward,0,0,0,1.6987918593944413,101.43671070224987
09:11:22,1.698831,101.43677,0,0,0,0,0,0,0,0,146,180,forward,0,0,0,1.6987908134774432,101.43671039483165
09:11:24,1.69883,101.436769,0,0,0,0,0,0,0,0,147,180,forward,0,0,0,1.6987908593944414,101.4367087022499
09:11:26,1.698829,101.436769,0,0,0,0,0,0,0,0,146,180,forward,0,0,0,1.6987888134774431,101.43670939483171
09:11:28,1.698828,101.436768,0,0,0,0,0,0,0,0,146,180,forward,0,0,0,1.6987878134774432,101.43670839483174
09:11:31,1.698827,101.436767,0,0,0,0,0,0,0,0,146,180,forward,0,0,0,1.6987868134774433,101.43670739483177
09:11:33,1.698826,101.436765,0,0,0,0,0,0,0,0,146,180,forward,0,0,0,1.6987858134774432,101.4367053948318
09:11:35,1.698825,101.436764,0,0,0,0,0,0,0,0,145,180,forward,0,0,0,1.6987837798016492,101.43670510556991
09:11:37,1.698825,101.436763,0,0,0,0,0,0,0,0,145,180,forward,0,0,0,1.6987837798016492,101.43670410556992
09:11:39,1.698824,101.436762,0,0,0,0,0,0,0,0,145,180,forward,0,0,0,1.698782779801649,101.43670310556995
09:11:41,1.698824,101.43676,0,0,0,0,0,0,0,0,146,180,forward,0,0,0,1.6987838134774431,101.43670039483187
09:11:44,1.698823,101.436759,0,0,0,0,0,0,0,0,145,180,forward,0,0,0,1.6987817798016491,101.43670010556997
09:11:46,1.698822,101.436758,0,0,0,0,0,0,0,0,145,180,forward,0,0,0,1.6987807798016492,101.43669910557001
09:11:48,1.698821,101.436757,0,0,0,0,0,0,0,0,145,180,forward,0,0,0,1.698779779801649,101.43669810557004
09:11:50,1.698821,101.436756,0,0,0,0,0,0,0,0,145,180,forward,0,0,0,1.698779779801649,101.43669710557005
09:11:52,1.69882,101.436754,0,0,0,0,0,0,0,0,144,180,forward,0,0,0,1.6987777586819268,101.43669583424796
09:11:55,1.698819,101.436753,0,0,0,0,0,0,0,0,144,180,forward,0,0,0,1.698776758681927,101.43669483424799
09:11:57,1.698819,101.436751,0,0,0,0,0,0,0,0,144,180,forward,0,0,0,1.698776758681927,101.43669283424799
09:11:59,1.698819,101.43675,0,0,0,0,0,0,0,0,144,180,forward,0,0,0,1.698776758681927,101.436691834248
09:12:01,1.698819,101.436747,0,0,0,0,0,0,0,0,144,180,forward,0,0,0,1.698776758681927,101.43668883424799
09:12:03,1.698818,101.436745,0,0,0,0,0,0,0,0,144,180,forward,0,0,0,1.6987757586819268,101.43668683424802
09:12:05,1.698818,101.436743,0,0,0,0,0,0,0,0,144,180,forward,0,0,0,1.6987757586819268,101.43668483424803
09:12:07,1.698817,101.436742,0,0,0,0,0,0,0,0,144,180,forward,0,0,0,1.6987747586819268,101.43668383424806
09:12:10,1.698817,101.43674,0,0,0,0,0,0,0,0,144,180,forward,0,0,0,1.6987747586819268,101.43668183424806
09:12:12,1.698816,101.436739,0,0,0,0,0,0,0,0,144,180,forward,0,0,0,1.698773758681927,101.4366808342481
09:12:14,1.698816,101.436738,0,0,0,0,0,0,0,0,144,180,forward,0,0,0,1.698773758681927,101.4366798342481
09:12:16,1.698816,101.436736,0,0,0,0,0,0,0,0,144,180,forward,0,0,0,1.698773758681927,101.43667783424809
09:12:18,1.698816,101.436735,0,0,0,0,0,0,0,0,143,180,forward,0,0,0,1.6987727504293193,101.43667758064383
09:12:20,1.698816,101.436734,0,0,0,0,0,0,0,0,144,180,forward,0,0,0,1.698773758681927,101.43667583424809
09:12:22,1.698816,101.436732,0,0,0,0,0,0,0,0,144,180,forward,0,0,0,1.698773758681927,101.4366738342481
09:12:24,1.698816,101.436731,0,0,0,0,0,0,0,0,143,180,forward,0,0,0,1.6987727504293193,101.43667358064383
09:12:26,1.698817,101.43673,0,0,0,0,0,0,0,0,143,180,forward,0,0,0,1.6987737504293192,101.4366725806438
09:12:29,1.698818,101.436728,0,0,0,0,0,0,0,0,143,180,forward,0,0,0,1.6987747504293191,101.43667058064378
09:12:31,1.698818,101.436726,0,0,0,0,0,0,0,0,143,180,forward,0,0,0,1.6987747504293191,101.43666858064377
09:12:33,1.698817,101.436724,0,0,0,0,0,0,0,0,143,180,forward,0,0,0,1.6987737504293192,101.4366665806438
09:12:35,1.698817,101.436723,0,0,0,0,0,0,0,0,143,180,forward,0,0,0,1.6987737504293192,101.4366655806438
09:12:37,1.698816,101.436721,0,0,0,0,0,0,0,0,143,180,forward,0,0,0,1.6987727504293193,101.43666358064384
09:12:39,1.698815,101.436719,0,0,0,0,0,0,0,0,143,180,forward,0,0,0,1.6987717504293192,101.43666158064386
09:12:41,1.698815,101.436717,0,0,0,0,0,0,0,0,143,180,forward,0,0,0,1.6987717504293192,101.43665958064386
09:12:43,1.698814,101.436716,0,0,0,0,0,0,0,0,143,180,forward,0,0,0,1.6987707504293192,101.4366585806439
09:12:45,1.698813,101.436714,0,0,0,0,0,0,0,0,142,180,forward,0,0,0,1.6987687553509496,101.43665734453015
09:12:48,1.698812,101.436712,0,0,0,0,0,0,0,0,142,180,forward,0,0,0,1.6987677553509497,101.43665534453018
09:12:50,1.698811,101.436711,0,0,0,0,0,0,0,0,142,180,forward,0,0,0,1.6987667553509498,101.43665434453021
09:12:52,1.69881,101.43671,0,0,0,0,0,0,0,0,143,180,forward,0,0,0,1.6987667504293191,101.43665258064401
09:12:54,1.698809,101.436708,0,0,0,0,0,0,0,0,142,180,forward,0,0,0,1.6987647553509497,101.43665134453026
09:12:56,1.698808,101.436707,0,0,0,0,0,0,0,0,142,180,forward,0,0,0,1.6987637553509498,101.4366503445303
09:12:58,1.698808,101.436706,0,0,0,0,0,0,0,0,142,180,forward,0,0,0,1.6987637553509498,101.43664934453031
09:13:00,1.698807,101.436703,0,0,0,0,0,0,0,0,142,180,forward,0,0,0,1.6987627553509497,101.43664634453033
09:13:03,1.698806,101.436701,0,0,0,0,0,0,0,0,142,180,forward,0,0,0,1.6987617553509498,101.43664434453036
09:13:05,1.698806,101.436699,0,0,0,0,0,0,0,0,142,180,forward,0,0,0,1.6987617553509498,101.43664234453037
09:13:07,1.698806,101.436697,0,0,0,0,0,0,0,0,141,180,forward,0,0,0,1.698760773749929,101.4366411256744
09:13:09,1.698806,101.436695,0,0,0,0,0,0,0,0,141,180,forward,0,0,0,1.698760773749929,101.4366391256744
09:13:11,1.698806,101.436694,0,0,0,0,0,0,0,0,142,180,forward,0,0,0,1.6987617553509498,101.43663734453037
09:13:13,1.698806,101.436692,0,0,0,0,0,0,0,0,141,180,forward,0,0,0,1.698760773749929,101.4366361256744
09:13:15,1.698805,101.43669,0,0,0,0,0,0,0,0,141,180,forward,0,0,0,1.698759773749929,101.43663412567443
09:13:17,1.698805,101.436689,0,0,0,0,0,0,0,0,141,180,forward,0,0,0,1.698759773749929,101.43663312567443
09:13:20,1.698805,101.436688,0,0,0,0,0,0,0,0,140,180,forward,0,0,0,1.698758805925262,101.43663292383833
09:13:22,1.698804,101.436687,0,0,0,0,0,0,0,0,140,180,forward,0,0,0,1.6987578059252622,101.43663192383836
09:13:24,1.698804,101.436686,0,0,0,0,0,0,0,0,140,180,forward,0,0,0,1.6987578059252622,101.43663092383835
09:13:26,1.698804,101.436684,0,0,0,0,0,0,0,0,140,180,forward,0,0,0,1.6987578059252622,101.43662892383836
09:13:28,1.698804,101.436682,0,0,0,0,0,0,0,0,140,180,forward,0,0,0,1.6987578059252622,101.43662692383836
09:13:31,1.698803,101.43668,0,0,0,0,0,0,0,0,139,180,forward,0,0,0,1.6987558521717578,101.43662573877901
09:13:33,1.698803,101.436678,0,0,0,0,0,0,0,0,139,180,forward,0,0,0,1.6987558521717578,101.43662373877902
09:13:35,1.698802,101.436676,0,0,0,0,0,0,0,0,139,180,forward,0,0,0,1.6987548521717577,101.43662173877904
09:13:37,1.698802,101.436674,0,0,0,0,0,0,0,0,139,180,forward,0,0,0,1.6987548521717577,101.43661973877903
09:13:39,1.698801,101.436672,0,0,0,0,0,0,0,0,139,180,forward,0,0,0,1.6987538521717578,101.43661773877906
09:13:41,1.698801,101.436669,0,0,0,0,0,0,0,0,139,180,forward,0,0,0,1.6987538521717578,101.43661473877906
09:13:43,1.6988,101.436667,0,0,0,0,0,0,0,0,139,180,forward,0,0,0,1.6987528521717579,101.43661273877909
09:13:45,1.6988,101.436666,0,0,0,0,0,0,0,0,138,180,forward,0,0,0,1.6987519127799389,101.43661257024822
09:13:47,1.698799,101.436665,0,0,0,0,0,0,0,0,138,180,forward,0,0,0,1.6987509127799387,101.43661157024825
09:13:50,1.698797,101.436665,0,0,0,0,0,0,0,0,138,180,forward,0,0,0,1.6987489127799387,101.4366115702483
09:13:52,1.698795,101.436664,0,0,0,0,0,0,0,0,138,180,forward,0,0,0,1.6987469127799388,101.43661057024835
09:13:54,1.698794,101.436663,0,0,0,0,0,0,0,0,138,180,forward,0,0,0,1.6987459127799387,101.43660957024838
09:13:56,1.698793,101.436662,0,0,0,0,0,0,0,0,138,180,forward,0,0,0,1.6987449127799388,101.43660857024841
09:13:58,1.698792,101.436661,0,0,0,0,0,0,0,0,137,180,forward,0,0,0,1.698742988035953,101.43660841799277
09:14:00,1.698792,101.43666,0,0,0,0,0,0,0,0,137,180,forward,0,0,0,1.698742988035953,101.43660741799278
09:14:02,1.698791,101.436658,0,0,0,0,0,0,0,0,137,180,forward,0,0,0,1.6987419880359529,101.4366054179928
09:14:04,1.69879,101.436657,0,0,0,0,0,0,0,0,137,180,forward,0,0,0,1.698740988035953,101.43660441799283
09:14:06,1.69879,101.436656,0,0,0,0,0,0,0,0,137,180,forward,0,0,0,1.698740988035953,101.43660341799283
09:14:09,1.698789,101.436655,0,0,0,0,0,0,0,0,137,180,forward,0,0,0,1.698739988035953,101.43660241799286
09:14:11,1.698787,101.436654,0,0,0,0,0,0,0,0,136,180,forward,0,0,0,1.6987370782214861,101.43660228175425
09:14:13,1.698787,101.436653,0,0,0,0,0,0,0,0,136,180,forward,0,0,0,1.6987370782214861,101.43660128175425
09:14:15,1.698787,101.436652,0,0,0,0,0,0,0,0,136,180,forward,0,0,0,1.6987370782214861,101.43660028175424
09:14:17,1.698786,101.43665,0,0,0,0,0,0,0,0,136,180,forward,0,0,0,1.698736078221486,101.43659828175427
09:14:19,1.698786,101.436649,0,0,0,0,0,0,0,0,135,180,forward,0,0,0,1.6987351836136764,101.43659816126947
09:14:22,1.698786,101.436647,0,0,0,0,0,0,0,0,135,180,forward,0,0,0,1.6987351836136764,101.43659616126946
09:14:24,1.698785,101.436646,0,0,0,0,0,0,0,0,135,180,forward,0,0,0,1.6987341836136765,101.4365951612695
09:14:26,1.698784,101.436645,0,0,0,0,0,0,0,0,135,180,forward,0,0,0,1.6987331836136765,101.43659416126953
09:14:28,1.698783,101.436644,0,0,0,0,0,0,0,0,134,180,forward,0,0,0,1.6987313044850303,101.43659405627072
09:14:30,1.698782,101.436642,0,0,0,0,0,0,0,0,134,180,forward,0,0,0,1.6987303044850304,101.43659205627075
09:14:32,1.698781,101.43664,0,0,0,0,0,0,0,0,134,180,forward,0,0,0,1.6987293044850305,101.43659005627077
09:14:34,1.698781,101.436639,0,0,0,0,0,0,0,0,134,180,forward,0,0,0,1.6987293044850305,101.43658905627078
09:14:36,1.69878,101.436637,0,0,0,0,0,0,0,0,134,180,forward,0,0,0,1.6987283044850303,101.4365870562708
09:14:39,1.698778,101.436636,0,0,0,0,0,0,0,0,133,180,forward,0,0,0,1.698725441103339,101.43658696648535
09:14:41,1.698776,101.436635,0,0,0,0,0,0,0,0,133,180,forward,0,0,0,1.6987234411033392,101.43658596648541
09:14:43,1.698774,101.436634,0,0,0,0,0,0,0,0,133,180,forward,0,0,0,1.6987214411033391,101.43658496648546
09:14:45,1.698773,101.436634,0,0,0,0,0,0,0,0,133,180,forward,0,0,0,1.6987204411033392,101.43658496648548
09:14:47,1.698771,101.436633,0,0,0,0,0,0,0,0,133,180,forward,0,0,0,1.6987184411033391,101.43658396648554
09:14:49,1.69877,101.436632,0,0,0,0,0,0,0,0,132,180,forward,0,0,0,1.6987165937315967,101.43658389163616
09:14:51,1.698768,101.436632,0,0,0,0,0,0,0,0,132,180,forward,0,0,0,1.6987145937315968,101.4365838916362
09:14:54,1.698767,101.436631,0,0,0,0,0,0,0,0,132,180,forward,0,0,0,1.6987135937315967,101.43658289163623
09:14:56,1.698767,101.43663,0,0,0,0,0,0,0,0,132,180,forward,0,0,0,1.6987135937315967,101.43658189163622
09:14:58,1.698766,101.436628,0,0,0,0,0,0,0,0,132,180,forward,0,0,0,1.6987125937315968,101.43657989163626
09:15:00,1.698766,101.436627,0,0,0,0,0,0,0,0,131,180,forward,0,0,0,1.6987117626279211,101.43657983144112
09:15:02,1.698766,101.436626,0,0,0,0,0,0,0,0,131,180,forward,0,0,0,1.6987117626279211,101.43657883144112
09:15:04,1.698765,101.436624,0,0,0,0,0,0,0,0,131,180,forward,0,0,0,1.6987107626279212,101.43657683144114
09:15:06,1.698765,101.436623,0,0,0,0,0,0,0,0,131,180,forward,0,0,0,1.6987107626279212,101.43657583144115
09:15:09,1.698764,101.436622,0,0,0,0,0,0,0,0,131,180,forward,0,0,0,1.698709762627921,101.43657483144116
09:15:11,1.698763,101.436621,0,0,0,0,0,0,0,0,131,180,forward,0,0,0,1.6987087626279211,101.4365738314412
09:15:13,1.698763,101.436621,0,0,0,0,0,0,0,0,130,180,forward,0,0,0,1.6987079480454745,101.43657478561406
09:15:15,1.698762,101.43662,0,0,0,0,0,0,0,0,130,180,forward,0,0,0,1.6987069480454746,101.43657378561409
09:15:17,1.698762,101.436619,0,0,0,0,0,0,0,0,130,180,forward,0,0,0,1.6987069480454746,101.43657278561408
09:15:19,1.698762,101.436618,0,0,0,0,0,0,0,0,130,180,forward,0,0,0,1.6987069480454746,101.43657178561408
09:15:21,1.698762,101.436617,0,0,0,0,0,0,0,0,130,180,forward,0,0,0,1.6987069480454746,101.43657078561408
09:15:24,1.698761,101.436616,0,0,0,0,0,0,0,0,129,180,forward,0,0,0,1.6987051502323864,101.43657075386432
09:15:26,1.698761,101.436616,0,0,0,0,0,0,0,0,129,180,forward,0,0,0,1.6987051502323864,101.43657075386432
09:15:28,1.69876,101.436615,0,0,0,0,0,0,0,0,129,180,forward,0,0,0,1.6987041502323865,101.43656975386435
09:15:30,1.69876,101.436614,0,0,0,0,0,0,0,0,129,180,forward,0,0,0,1.6987041502323865,101.43656875386435
09:15:32,1.69876,101.436614,0,0,0,0,0,0,0,0,129,180,forward,0,0,0,1.6987041502323865,101.43656875386435
09:15:34,1.698759,101.436613,0,0,0,0,0,0,0,0,129,180,forward,0,0,0,1.6987031502323864,101.43656775386435
09:15:37,1.698759,101.436612,0,0,0,0,0,0,0,0,128,180,forward,0,0,0,1.6987023694316787,101.43656773589699
09:15:39,1.698759,101.436611,0,0,0,0,0,0,0,0,128,180,forward,0,0,0,1.6987023694316787,101.43656673589699
09:15:41,1.698759,101.436611,0,0,0,0,0,0,0,0,128,180,forward,0,0,0,1.6987023694316787,101.43656673589699
09:15:43,1.698759,101.43661,0,0,0,0,0,0,0,0,127,180,forward,0,0,0,1.6987016058811906,101.43656673141288
09:15:45,1.698759,101.436609,0,0,0,0,0,0,0,0,127,180,forward,0,0,0,1.6987016058811906,101.43656573141288
09:15:47,1.698759,101.436609,0,0,0,0,0,0,0,0,127,180,forward,0,0,0,1.6987016058811906,101.43656573141288
09:15:49,1.698759,101.436609,0,0,0,0,0,0,0,0,127,180,forward,0,0,0,1.6987016058811906,101.43656573141288
09:15:52,1.698759,101.436607,0,0,0,0,0,0,0,0,127,180,forward,0,0,0,1.6987016058811906,101.43656373141287
09:15:54,1.69876,101.436606,0,0,0,0,0,0,0,0,127,180,forward,0,0,0,1.6987026058811907,101.43656273141286
09:15:56,1.698761,101.436605,0,0,0,0,0,0,0,0,127,180,forward,0,0,0,1.6987036058811906,101.43656173141284
09:15:58,1.698762,101.436604,0,0,0,0,0,0,0,0,126,180,forward,0,0,0,1.6987038598135074,101.43656174010874
09:16:00,1.698764,101.436603,0,0,0,0,0,0,0,0,126,180,forward,0,0,0,1.6987058598135072,101.4365607401087
09:16:02,1.698765,101.436601,0,0,0,0,0,0,0,0,126,180,forward,0,0,0,1.6987068598135073,101.43655874010867
09:16:04,1.698767,101.436599,0,0,0,0,0,0,0,0,126,180,forward,0,0,0,1.6987088598135072,101.43655674010863
09:16:07,1.698769,101.436598,0,0,0,0,0,0,0,0,126,180,forward,0,0,0,1.6987108598135072,101.43655574010859
09:16:09,1.69877,101.436598,0,0,0,0,0,0,0,0,125,180,forward,0,0,0,1.6987111314558876,101.43655676167728
09:16:11,1.698771,101.436597,0,0,0,0,0,0,0,0,126,180,forward,0,0,0,1.6987128598135073,101.43655474010855
09:16:13,1.698771,101.436597,0,0,0,0,0,0,0,0,125,180,forward,0,0,0,1.6987121314558877,101.43655576167725
09:16:15,1.698772,101.436597,0,0,0,0,0,0,0,0,125,180,forward,0,0,0,1.6987131314558876,101.43655576167724
09:16:17,1.698772,101.436597,0,0,0,0,0,0,0,0,125,180,forward,0,0,0,1.6987131314558876,101.43655576167724
09:16:19,1.698772,101.436597,0,0,0,0,0,0,0,0,125,180,forward,0,0,0,1.6987131314558876,101.43655576167724
09:16:22,1.698772,101.436597,0,0,0,0,0,0,0,0,125,180,forward,0,0,0,1.6987131314558876,101.43655576167724
09:16:24,1.698772,101.436598,0,0,0,0,0,0,0,0,124,180,forward,0,0,0,1.6987124210301972,101.43655779580753
09:16:26,1.698772,101.436598,0,0,0,0,0,0,0,0,125,180,forward,0,0,0,1.6987131314558876,101.43655676167724
09:16:28,1.698772,101.436598,0,0,0,0,0,0,0,0,125,180,forward,0,0,0,1.6987131314558876,101.43655676167724
09:16:30,1.698772,101.436598,0,0,0,0,0,0,0,0,125,180,forward,0,0,0,1.6987131314558876,101.43655676167724
09:16:33,1.698772,101.436598,0,0,0,0,0,0,0,0,125,180,forward,0,0,0,1.6987131314558876,101.43655676167724
09:16:35,1.698772,101.436598,0,0,0,0,0,0,0,0,125,180,forward,0,0,0,1.6987131314558876,101.43655676167724
09:16:37,1.698772,101.436598,0,0,0,0,0,0,0,0,125,180,forward,0,0,0,1.6987131314558876,101.43655676167724
09:16:39,1.698772,101.436598,0,0,0,0,0,0,0,0,125,180,forward,0,0,0,1.6987131314558876,101.43655676167724
09:16:41,1.698772,101.436598,0,0,0,0,0,0,0,0,125,180,forward,0,0,0,1.6987131314558876,101.43655676167724
09:16:44,1.698772,101.436598,0,0,0,0,0,0,0,0,125,180,forward,0,0,0,1.6987131314558876,101.43655676167724
09:16:46,1.698772,101.436598,0,0,0,0,0,0,0,0,125,180,forward,0,0,0,1.6987131314558876,101.43655676167724
09:16:48,1.698772,101.436598,0,0,0,0,0,0,0,0,125,180,forward,0,0,0,1.6987131314558876,101.43655676167724
09:16:50,1.698772,101.436598,0,0,0,0,0,0,0,0,125,180,forward,0,0,0,1.6987131314558876,101.43655676167724
09:16:52,1.698772,101.436598,0,0,0,0,0,0,0,0,125,180,forward,0,0,0,1.6987131314558876,101.43655676167724
09:16:54,1.698772,101.436598,0,0,0,0,0,0,0,0,125,180,forward,0,0,0,1.6987131314558876,101.43655676167724
09:16:56,1.698772,101.436598,0,0,0,0,0,0,0,0,125,180,forward,0,0,0,1.6987131314558876,101.43655676167724
09:16:58,1.698772,101.436598,0,0,0,0,0,0,0,0,125,180,forward,0,0,0,1.6987131314558876,101.43655676167724
09:17:01,1.698772,101.436598,0,0,0,0,0,0,0,0,125,180,forward,0,0,0,1.6987131314558876,101.43655676167724
09:17:03,1.698772,101.436598,0,0,0,0,0,0,0,0,125,180,forward,0,0,0,1.6987131314558876,101.43655676167724
09:17:05,1.698772,101.436598,0,0,0,0,0,0,0,0,125,180,forward,0,0,0,1.6987131314558876,101.43655676167724
09:17:07,1.698772,101.436598,0,0,0,0,0,0,0,0,125,180,forward,0,0,0,1.6987131314558876,101.43655676167724
09:17:09,1.698772,101.436598,0,0,0,0,0,0,0,0,125,180,forward,0,0,0,1.6987131314558876,101.43655676167724
09:17:11,1.698772,101.436598,0,0,0,0,0,0,0,0,125,180,forward,0,0,0,1.6987131314558876,101.43655676167724
09:17:14,1.698772,101.436598,0,0,0,0,0,0,0,0,125,180,forward,0,0,0,1.6987131314558876,101.43655676167724
09:17:16,1.698772,101.436598,0,0,0,0,0,0,0,0,125,180,forward,0,0,0,1.6987131314558876,101.43655676167724
09:17:18,1.698772,101.436598,0,0,0,0,0,0,0,0,125,180,forward,0,0,0,1.6987131314558876,101.43655676167724
09:17:20,1.698772,101.436598,0,0,0,0,0,0,0,0,125,180,forward,0,0,0,1.6987131314558876,101.43655676167724
09:17:22,1.698797,101.436618,0,0,0,0,0,0,0,0,127,180,forward,0,0,0,1.6987396058811906,101.43657473141202
09:17:24,1.698798,101.43662,0,0,0,0,0,0,0,0,128,180,forward,0,0,0,1.6987413694316789,101.4365757358961
09:17:26,1.698799,101.436622,0,0,0,0,0,0,0,0,128,180,forward,0,0,0,1.6987423694316788,101.43657773589607
09:17:29,1.6988,101.436624,0,0,0,0,0,0,0,0,128,180,forward,0,0,0,1.698743369431679,101.43657973589605
09:17:31,1.6988,101.436625,0,0,0,0,0,0,0,0,128,180,forward,0,0,0,1.698743369431679,101.43658073589606
09:17:33,1.698801,101.436627,0,0,0,0,0,0,0,0,129,180,forward,0,0,0,1.6987451502323865,101.43658175386338
09:17:35,1.698803,101.436628,0,0,0,0,0,0,0,0,129,180,forward,0,0,0,1.6987471502323865,101.43658275386333
09:17:37,1.698804,101.43663,0,0,0,0,0,0,0,0,129,180,forward,0,0,0,1.6987481502323865,101.4365847538633
09:17:39,1.698805,101.436631,0,0,0,0,0,0,0,0,129,180,forward,0,0,0,1.6987491502323864,101.4365857538633
09:17:41,1.698806,101.436633,0,0,0,0,0,0,0,0,130,180,forward,0,0,0,1.6987509480454746,101.43658678561303
09:17:44,1.698807,101.436635,0,0,0,0,0,0,0,0,130,180,forward,0,0,0,1.6987519480454745,101.436588785613
09:17:46,1.698808,101.436638,0,0,0,0,0,0,0,0,131,180,forward,0,0,0,1.6987537626279212,101.4365908314401
09:17:48,1.698808,101.43664,0,0,0,0,0,0,0,0,131,180,forward,0,0,0,1.6987537626279212,101.4365928314401
09:17:50,1.698809,101.436643,0,0,0,0,0,0,0,0,131,180,forward,0,0,0,1.6987547626279211,101.43659583144007
09:17:52,1.698809,101.436645,0,0,0,0,0,0,0,0,132,180,forward,0,0,0,1.6987555937315968,101.43659689163519
09:17:55,1.69881,101.436647,0,0,0,0,0,0,0,0,132,180,forward,0,0,0,1.6987565937315967,101.43659889163516
09:17:57,1.698811,101.43665,0,0,0,0,0,0,0,0,132,180,forward,0,0,0,1.6987575937315968,101.43660189163514
09:17:59,1.698812,101.436652,0,0,0,0,0,0,0,0,133,180,forward,0,0,0,1.698759441103339,101.4366029664845
09:18:01,1.698812,101.436654,0,0,0,0,0,0,0,0,133,180,forward,0,0,0,1.698759441103339,101.43660496648451
09:18:03,1.698812,101.436656,0,0,0,0,0,0,0,0,134,180,forward,0,0,0,1.6987603044850303,101.43660605626997
09:18:06,1.698812,101.436657,0,0,0,0,0,0,0,0,134,180,forward,0,0,0,1.6987603044850303,101.43660705626996
09:18:08,1.698812,101.43666,0,0,0,0,0,0,0,0,135,180,forward,0,0,0,1.6987611836136765,101.43660916126879
09:18:10,1.698813,101.436662,0,0,0,0,0,0,0,0,135,180,forward,0,0,0,1.6987621836136764,101.43661116126876
09:18:12,1.698813,101.436664,0,0,0,0,0,0,0,0,135,180,forward,0,0,0,1.6987621836136764,101.43661316126875
09:18:14,1.698813,101.436666,0,0,0,0,0,0,0,0,135,180,forward,0,0,0,1.6987621836136764,101.43661516126876
09:18:16,1.698813,101.436669,0,0,0,0,0,0,0,0,135,180,forward,0,0,0,1.6987621836136764,101.43661816126875
09:18:19,1.698813,101.436671,0,0,0,0,0,0,0,0,136,180,forward,0,0,0,1.698763078221486,101.43661928175355
09:18:21,1.698813,101.436674,0,0,0,0,0,0,0,0,136,180,forward,0,0,0,1.698763078221486,101.43662228175354
09:18:23,1.698813,101.436676,0,0,0,0,0,0,0,0,136,180,forward,0,0,0,1.698763078221486,101.43662428175355
09:18:25,1.698812,101.436678,0,0,0,0,0,0,0,0,137,180,forward,0,0,0,1.698762988035953,101.43662541799223
09:18:27,1.698812,101.436679,0,0,0,0,0,0,0,0,137,180,forward,0,0,0,1.698762988035953,101.43662641799223
09:18:29,1.698811,101.436681,0,0,0,0,0,0,0,0,137,180,forward,0,0,0,1.698761988035953,101.43662841799225
09:18:32,1.698811,101.436683,0,0,0,0,0,0,0,0,138,180,forward,0,0,0,1.6987629127799388,101.43662957024792
09:18:34,1.698812,101.436684,0,0,0,0,0,0,0,0,138,180,forward,0,0,0,1.6987639127799388,101.43663057024789
09:18:36,1.698812,101.436686,0,0,0,0,0,0,0,0,138,180,forward,0,0,0,1.6987639127799388,101.43663257024788
09:18:38,1.698812,101.436688,0,0,0,0,0,0,0,0,138,180,forward,0,0,0,1.6987639127799388,101.43663457024789
09:18:40,1.698812,101.43669,0,0,0,0,0,0,0,0,139,180,forward,0,0,0,1.6987648521717578,101.43663573877876
09:18:43,1.698812,101.436693,0,0,0,0,0,0,0,0,139,180,forward,0,0,0,1.6987648521717578,101.43663873877877
09:18:45,1.698812,101.436693,0,0,0,0,0,0,0,0,139,180,forward,0,0,0,1.6987648521717578,101.43663873877877
09:18:47,1.698812,101.436693,0,0,0,0,0,0,0,0,139,180,forward,0,0,0,1.6987648521717578,101.43663873877877
09:18:49,1.698812,101.436693,0,0,0,0,0,0,0,0,139,180,forward,0,0,0,1.6987648521717578,101.43663873877877
09:18:51,1.698812,101.436693,0,0,0,0,0,0,0,0,139,180,forward,0,0,0,1.6987648521717578,101.43663873877877
09:18:54,1.698812,101.436693,0,0,0,0,0,0,0,0,139,180,forward,0,0,0,1.6987648521717578,101.43663873877877
09:18:56,1.698812,101.436693,0,0,0,0,0,0,0,0,139,180,forward,0,0,0,1.6987648521717578,101.43663873877877
09:18:58,1.698812,101.436693,0,0,0,0,0,0,0,0,139,180,forward,0,0,0,1.6987648521717578,101.43663873877877
09:19:00,1.698812,101.436693,0,0,0,0,0,0,0,0,139,180,forward,0,0,0,1.6987648521717578,101.43663873877877
09:19:02,1.698812,101.436693,0,0,0,0,0,0,0,0,139,180,forward,0,0,0,1.6987648521717578,101.43663873877877
09:19:05,1.698812,101.436693,0,0,0,0,0,0,0,0,139,180,forward,0,0,0,1.6987648521717578,101.43663873877877
09:19:07,1.698812,101.436693,0,0,0,0,0,0,0,0,139,180,forward,0,0,0,1.6987648521717578,101.43663873877877
09:19:09,1.698812,101.436693,0,0,0,0,0,0,0,0,139,180,forward,0,0,0,1.6987648521717578,101.43663873877877
09:19:11,1.698812,101.436693,0,0,0,0,0,0,0,0,139,180,forward,0,0,0,1.6987648521717578,101.43663873877877
09:19:13,1.698812,101.436693,0,0,0,0,0,0,0,0,139,180,forward,0,0,0,1.6987648521717578,101.43663873877877
09:19:16,1.698812,101.436693,0,0,0,0,0,0,0,0,139,180,forward,0,0,0,1.6987648521717578,101.43663873877877
09:19:18,1.698812,101.436693,0,0,0,0,0,0,0,0,139,180,forward,0,0,0,1.6987648521717578,101.43663873877877
09:19:20,1.698812,101.436693,0,0,0,0,0,0,0,0,139,180,forward,0,0,0,1.6987648521717578,101.43663873877877
09:19:22,1.698812,101.436693,0,0,0,0,0,0,0,0,139,180,forward,0,0,0,1.6987648521717578,101.43663873877877
09:19:24,1.698812,101.436693,0,0,0,0,0,0,0,0,139,180,forward,0,0,0,1.6987648521717578,101.43663873877877
09:19:27,1.698812,101.436693,0,0,0,0,0,0,0,0,139,180,forward,0,0,0,1.6987648521717578,101.43663873877877
09:19:29,1.698812,101.436693,0,0,0,0,0,0,0,0,139,180,forward,0,0,0,1.6987648521717578,101.43663873877877
09:19:31,1.698812,101.436693,0,0,0,0,0,0,0,0,139,180,forward,0,0,0,1.6987648521717578,101.43663873877877
09:19:33,1.698812,101.436693,0,0,0,0,0,0,0,0,139,180,forward,0,0,0,1.6987648521717578,101.43663873877877
09:19:35,1.698812,101.436693,0,0,0,0,0,0,0,0,139,180,forward,0,0,0,1.6987648521717578,101.43663873877877
09:19:38,1.698812,101.436693,0,0,0,0,0,0,0,0,139,180,forward,0,0,0,1.6987648521717578,101.43663873877877
09:19:40,1.698812,101.436693,0,0,0,0,0,0,0,0,139,180,forward,0,0,0,1.6987648521717578,101.43663873877877
09:19:42,1.698812,101.436693,0,0,0,0,0,0,0,0,139,180,forward,0,0,0,1.6987648521717578,101.43663873877877
09:19:44,1.698812,101.436693,0,0,0,0,0,0,0,0,139,180,forward,0,0,0,1.6987648521717578,101.43663873877877
09:19:46,1.698812,101.436693,0,0,0,0,0,0,0,0,139,180,forward,0,0,0,1.6987648521717578,101.43663873877877
09:19:49,1.698812,101.436693,0,0,0,0,0,0,0,0,139,180,forward,0,0,0,1.6987648521717578,101.43663873877877
09:19:51,1.698812,101.436693,0,0,0,0,0,0,0,0,139,180,forward,0,0,0,1.6987648521717578,101.43663873877877
09:19:53,1.698812,101.436693,0,0,0,0,0,0,0,0,139,180,forward,0,0,0,1.6987648521717578,101.43663873877877
09:19:55,1.698812,101.436693,0,0,0,0,0,0,0,0,139,180,forward,0,0,0,1.6987648521717578,101.43663873877877
09:19:57,1.698812,101.436693,0,0,0,0,0,0,0,0,139,180,forward,0,0,0,1.6987648521717578,101.43663873877877
09:19:59,1.698812,101.436693,0,0,0,0,0,0,0,0,139,180,forward,0,0,0,1.6987648521717578,101.43663873877877
09:20:02,1.698812,101.436693,0,0,0,0,0,0,0,0,139,180,forward,0,0,0,1.6987648521717578,101.43663873877877
09:20:04,1.698812,101.436693,0,0,0,0,0,0,0,0,139,180,forward,0,0,0,1.6987648521717578,101.43663873877877
09:20:06,1.698812,101.436693,0,0,0,0,0,0,0,0,139,180,forward,0,0,0,1.6987648521717578,101.43663873877877
09:20:08,1.698812,101.436693,0,0,0,0,0,0,0,0,139,180,forward,0,0,0,1.6987648521717578,101.43663873877877
09:20:10,1.698812,101.436693,0,0,0,0,0,0,0,0,139,180,forward,0,0,0,1.6987648521717578,101.43663873877877
09:20:12,1.698812,101.436693,0,0,0,0,0,0,0,0,139,180,forward,0,0,0,1.6987648521717578,101.43663873877877
09:20:14,1.698812,101.436693,0,0,0,0,0,0,0,0,139,180,forward,0,0,0,1.6987648521717578,101.43663873877877
09:20:17,1.698812,101.436693,0,0,0,0,0,0,0,0,139,180,forward,0,0,0,1.6987648521717578,101.43663873877877
09:20:19,1.698812,101.436693,0,0,0,0,0,0,0,0,139,180,forward,0,0,0,1.6987648521717578,101.43663873877877
09:20:21,1.698812,101.436693,0,0,0,0,0,0,0,0,139,180,forward,0,0,0,1.6987648521717578,101.43663873877877
09:20:23,1.698812,101.436693,0,0,0,0,0,0,0,0,139,180,forward,0,0,0,1.6987648521717578,101.43663873877877
09:20:25,1.698812,101.436693,0,0,0,0,0,0,0,0,139,180,forward,0,0,0,1.6987648521717578,101.43663873877877
09:20:27,1.698812,101.436693,0,0,0,0,0,0,0,0,139,180,forward,0,0,0,1.6987648521717578,101.43663873877877
09:20:29,1.698812,101.436693,0,0,0,0,0,0,0,0,139,180,forward,0,0,0,1.6987648521717578,101.43663873877877
09:20:59,1.6533388071438695,101.51929189617022,0,0,0,0,0,0,0,0,0,180,forward,0,0,0,1.6533388071438695,101.51936379132371
09:21:02,1.6533388071438695,101.51929189617022,0,0,0,0,0,0,0,0,0,180,forward,0,0,0,1.6533388071438695,101.51936379132371
09:21:04,1.6533388071438695,101.51929189617022,0,0,0,0,0,0,0,0,0,180,forward,0,0,0,1.6533388071438695,101.51936379132371
09:21:06,1.6533388071438695,101.51929189617022,0,0,0,0,0,0,0,0,0,180,forward,0,0,0,1.6533388071438695,101.51936379132371
09:21:08,1.6533388071438695,101.51929189617022,0,0,0,0,0,0,0,0,0,180,forward,0,0,0,1.6533388071438695,101.51936379132371
09:21:10,1.6533388071438695,101.51929189617022,0,0,0,0,0,0,0,0,0,180,forward,0,0,0,1.6533388071438695,101.51936379132371
09:21:12,1.6533388071438695,101.51929189617022,0,0,0,0,0,0,0,0,0,180,forward,0,0,0,1.6533388071438695,101.51936379132371
09:21:14,1.6533388071438695,101.51929189617022,0,0,0,0,0,0,0,0,0,180,forward,0,0,0,1.6533388071438695,101.51936379132371
09:21:17,1.6533388071438695,101.51929189617022,0,0,0,0,0,0,0,0,0,180,forward,0,0,0,1.6533388071438695,101.51936379132371
09:21:19,1.6533388071438695,101.51929189617022,0,0,0,0,0,0,0,0,0,180,forward,0,0,0,1.6533388071438695,101.51936379132371
09:21:21,1.6533388071438695,101.51929189617022,0,0,0,0,0,0,0,0,0,180,forward,0,0,0,1.6533388071438695,101.51936379132371
09:21:23,1.6533388071438695,101.51929189617022,0,0,0,0,0,0,0,0,0,180,forward,0,0,0,1.6533388071438695,101.51936379132371
09:21:25,1.6533388071438695,101.51929189617022,0,0,0,0,0,0,0,0,0,180,forward,0,0,0,1.6533388071438695,101.51936379132371
09:21:27,1.6533388071438695,101.51929189617022,0,0,0,0,0,0,0,0,0,180,forward,0,0,0,1.6533388071438695,101.51936379132371
09:21:29,1.6533388071438695,101.51929189617022,0,0,0,0,0,0,0,0,0,180,forward,0,0,0,1.6533388071438695,101.51936379132371
09:21:32,1.6533388071438695,101.51929189617022,0,0,0,0,0,0,0,0,0,180,forward,0,0,0,1.6533388071438695,101.51936379132371
09:21:34,1.6533388071438695,101.51929189617022,0,0,0,0,0,0,0,0,0,180,forward,0,0,0,1.6533388071438695,101.51936379132371
09:21:36,1.6533388071438695,101.51929189617022,0,0,0,0,0,0,0,0,0,180,forward,0,0,0,1.6533388071438695,101.51936379132371
09:21:38,1.6533388071438695,101.51929189617022,0,0,0,0,0,0,0,0,0,180,forward,0,0,0,1.6533388071438695,101.51936379132371
09:21:40,1.6533388071438695,101.51929189617022,0,0,0,0,0,0,0,0,0,180,forward,0,0,0,1.6533388071438695,101.51936379132371
09:21:42,1.6533388071438695,101.51929189617022,0,0,0,0,0,0,0,0,0,180,forward,0,0,0,1.6533388071438695,101.51936379132371
09:21:44,1.6533388071438695,101.51929189617022,0,0,0,0,0,0,0,0,0,180,forward,0,0,0,1.6533388071438695,101.51936379132371
09:21:46,1.6533388071438695,101.51929189617022,0,0,0,0,0,0,0,0,0,180,forward,0,0,0,1.6533388071438695,101.51936379132371
09:21:48,1.6533388071438695,101.51929189617022,0,0,0,0,0,0,0,0,0,180,forward,0,0,0,1.6533388071438695,101.51936379132371
09:21:51,1.6533388071438695,101.51929189617022,0,0,0,0,0,0,0,0,0,180,forward,0,0,0,1.6533388071438695,101.51936379132371
09:21:53,1.6533388071438695,101.51929189617022,0,0,0,0,0,0,0,0,0,180,forward,0,0,0,1.6533388071438695,101.51936379132371
09:21:55,1.6533388071438695,101.51929189617022,0,0,0,0,0,0,0,0,0,180,forward,0,0,0,1.6533388071438695,101.51936379132371
09:21:57,1.6533388071438695,101.51929189617022,0,0,0,0,0,0,0,0,0,180,forward,0,0,0,1.6533388071438695,101.51936379132371
09:21:59,1.6533388071438695,101.51929189617022,0,0,0,0,0,0,0,0,0,180,forward,0,0,0,1.6533388071438695,101.51936379132371
09:22:01,1.6533388071438695,101.51929189617022,0,0,0,0,0,0,0,0,0,180,forward,0,0,0,1.6533388071438695,101.51936379132371
09:22:03,1.6533388071438695,101.51929189617022,0,0,0,0,0,0,0,0,0,180,forward,0,0,0,1.6533388071438695,101.51936379132371
09:22:05,1.6533388071438695,101.51929189617022,0,0,0,0,0,0,0,0,0,180,forward,0,0,0,1.6533388071438695,101.51936379132371
09:22:07,1.6533388071438695,101.51929189617022,0,0,0,0,0,0,0,0,0,180,forward,0,0,0,1.6533388071438695,101.51936379132371
09:22:09,1.6533388071438695,101.51929189617022,0,0,0,0,0,0,0,0,0,180,forward,0,0,0,1.6533388071438695,101.51936379132371
09:22:12,1.6533388071438695,101.51929189617022,0,0,0,0,0,0,0,0,0,180,forward,0,0,0,1.6533388071438695,101.51936379132371
09:22:14,1.6533388071438695,101.51929189617022,0,0,0,0,0,0,0,0,0,180,forward,0,0,0,1.6533388071438695,101.51936379132371
09:22:16,1.6533388071438695,101.51929189617022,0,0,0,0,0,0,0,0,0,180,forward,0,0,0,1.6533388071438695,101.51936379132371
09:22:18,1.6533388071438695,101.51929189617022,0,0,0,0,0,0,0,0,0,180,forward,0,0,0,1.6533388071438695,101.51936379132371
09:22:20,1.6533388071438695,101.51929189617022,0,0,0,0,0,0,0,0,0,180,forward,0,0,0,1.6533388071438695,101.51936379132371
09:22:22,1.6533388071438695,101.51929189617022,0,0,0,0,0,0,0,0,0,180,forward,0,0,0,1.6533388071438695,101.51936379132371
09:22:25,1.6533388071438695,101.51929189617022,0,0,0,0,0,0,0,0,0,180,forward,0,0,0,1.6533388071438695,101.51936379132371
09:22:27,1.6533388071438695,101.51929189617022,0,0,0,0,0,0,0,0,0,180,forward,0,0,0,1.6533388071438695,101.51936379132371
09:22:29,1.6533388071438695,101.51929189617022,0,0,0,0,0,0,0,0,0,180,forward,0,0,0,1.6533388071438695,101.51936379132371
09:22:31,1.6533388071438695,101.51929189617022,0,0,0,0,0,0,0,0,0,180,forward,0,0,0,1.6533388071438695,101.51936379132371
09:22:33,1.6533388071438695,101.51929189617022,0,0,0,0,0,0,0,0,0,180,forward,0,0,0,1.6533388071438695,101.51936379132371
09:22:36,1.6533388071438695,101.51929189617022,0,0,0,0,0,0,0,0,0,180,forward,0,0,0,1.6533388071438695,101.51936379132371
09:22:38,1.6533388071438695,101.51929189617022,0,0,0,0,0,0,0,0,0,180,forward,0,0,0,1.6533388071438695,101.51936379132371
09:22:40,1.6533388071438695,101.51929189617022,0,0,0,0,0,0,0,0,0,180,forward,0,0,0,1.6533388071438695,101.51936379132371
09:22:42,1.6533388071438695,101.51929189617022,0,0,0,0,0,0,0,0,0,180,forward,0,0,0,1.6533388071438695,101.51936379132371
09:22:44,1.6533388071438695,101.51929189617022,0,0,0,0,0,0,0,0,0,180,forward,0,0,0,1.6533388071438695,101.51936379132371
09:22:46,1.6533388071438695,101.51929189617022,0,0,0,0,0,0,0,0,0,180,forward,0,0,0,1.6533388071438695,101.51936379132371
09:22:49,1.6533388071438695,101.51929189617022,0,0,0,0,0,0,0,0,0,180,forward,0,0,0,1.6533388071438695,101.51936379132371
09:22:51,1.6533388071438695,101.51929189617022,0,0,0,0,0,0,0,0,0,180,forward,0,0,0,1.6533388071438695,101.51936379132371
09:22:53,1.6533388071438695,101.51929189617022,0,0,0,0,0,0,0,0,0,180,forward,0,0,0,1.6533388071438695,101.51936379132371
09:22:55,1.6533388071438695,101.51929189617022,0,0,0,0,0,0,0,0,0,180,forward,0,0,0,1.6533388071438695,101.51936379132371
09:22:57,1.6533388071438695,101.51929189617022,0,0,0,0,0,0,0,0,0,180,forward,0,0,0,1.6533388071438695,101.51936379132371
09:22:59,1.6533388071438695,101.51929189617022,0,0,0,0,0,0,0,0,0,180,forward,0,0,0,1.6533388071438695,101.51936379132371
09:23:02,1.6533388071438695,101.51929189617022,0,0,0,0,0,0,0,0,0,180,forward,0,0,0,1.6533388071438695,101.51936379132371
09:23:04,1.6533388071438695,101.51929189617022,0,0,0,0,0,0,0,0,0,180,forward,0,0,0,1.6533388071438695,101.51936379132371
09:23:06,1.6533388071438695,101.51929189617022,0,0,0,0,0,0,0,0,0,180,forward,0,0,0,1.6533388071438695,101.51936379132371
09:23:08,1.6533388071438695,101.51929189617022,0,0,0,0,0,0,0,0,0,180,forward,0,0,0,1.6533388071438695,101.51936379132371
09:23:10,1.6533388071438695,101.51929189617022,0,0,0,0,0,0,0,0,0,180,forward,0,0,0,1.6533388071438695,101.51936379132371
09:23:13,1.6533388071438695,101.51929189617022,0,0,0,0,0,0,0,0,0,180,forward,0,0,0,1.6533388071438695,101.51936379132371
09:23:15,1.6533388071438695,101.51929189617022,0,0,0,0,0,0,0,0,0,180,forward,0,0,0,1.6533388071438695,101.51936379132371
09:23:17,1.6533388071438695,101.51929189617022,0,0,0,0,0,0,0,0,0,180,forward,0,0,0,1.6533388071438695,101.51936379132371
09:23:19,1.6533388071438695,101.51929189617022,0,0,0,0,0,0,0,0,0,180,forward,0,0,0,1.6533388071438695,101.51936379132371
09:23:21,1.6533388071438695,101.51929189617022,0,0,0,0,0,0,0,0,0,180,forward,0,0,0,1.6533388071438695,101.51936379132371
09:23:23,1.6533388071438695,101.51929189617022,0,0,0,0,0,0,0,0,0,180,forward,0,0,0,1.6533388071438695,101.51936379132371
09:23:26,1.6533388071438695,101.51929189617022,0,0,0,0,0,0,0,0,0,180,forward,0,0,0,1.6533388071438695,101.51936379132371
09:23:28,1.6533388071438695,101.51929189617022,0,0,0,0,0,0,0,0,0,180,forward,0,0,0,1.6533388071438695,101.51936379132371
09:23:30,1.6533388071438695,101.51929189617022,0,0,0,0,0,0,0,0,0,180,forward,0,0,0,1.6533388071438695,101.51936379132371
09:23:32,1.6533388071438695,101.51929189617022,0,0,0,0,0,0,0,0,0,180,forward,0,0,0,1.6533388071438695,101.51936379132371
09:23:34,1.6533388071438695,101.51929189617022,0,0,0,0,0,0,0,0,0,180,forward,0,0,0,1.6533388071438695,101.51936379132371
09:23:37,1.6533388071438695,101.51929189617022,0,0,0,0,0,0,0,0,0,180,forward,0,0,0,1.6533388071438695,101.51936379132371
09:23:39,1.6533388071438695,101.51929189617022,0,0,0,0,0,0,0,0,0,180,forward,0,0,0,1.6533388071438695,101.51936379132371
09:23:41,1.6533388071438695,101.51929189617022,0,0,0,0,0,0,0,0,0,180,forward,0,0,0,1.6533388071438695,101.51936379132371
09:23:43,1.6533388071438695,101.51929189617022,0,0,0,0,0,0,0,0,0,180,forward,0,0,0,1.6533388071438695,101.51936379132371
09:23:45,1.6533388071438695,101.51929189617022,0,0,0,0,0,0,0,0,0,180,forward,0,0,0,1.6533388071438695,101.51936379132371
09:23:48,1.6533388071438695,101.51929189617022,0,0,0,0,0,0,0,0,0,180,forward,0,0,0,1.6533388071438695,101.51936379132371
09:23:50,1.6533388071438695,101.51929189617022,0,0,0,0,0,0,0,0,0,180,forward,0,0,0,1.6533388071438695,101.51936379132371
09:23:52,1.6533388071438695,101.51929189617022,0,0,0,0,0,0,0,0,0,180,forward,0,0,0,1.6533388071438695,101.51936379132371
09:23:54,1.6533388071438695,101.51929189617022,0,0,0,0,0,0,0,0,0,180,forward,0,0,0,1.6533388071438695,101.51936379132371
09:23:56,1.6533388071438695,101.51929189617022,0,0,0,0,0,0,0,0,0,180,forward,0,0,0,1.6533388071438695,101.51936379132371
09:23:58,1.6533388071438695,101.51929189617022,0,0,0,0,0,0,0,0,0,180,forward,0,0,0,1.6533388071438695,101.51936379132371
09:24:01,1.6533388071438695,101.51929189617022,0,0,0,0,0,0,0,0,0,180,forward,0,0,0,1.6533388071438695,101.51936379132371
09:24:03,1.6533388071438695,101.51929189617022,0,0,0,0,0,0,0,0,0,180,forward,0,0,0,1.6533388071438695,101.51936379132371
09:24:05,1.6533388071438695,101.51929189617022,0,0,0,0,0,0,0,0,0,180,forward,0,0,0,1.6533388071438695,101.51936379132371
09:24:07,1.6533388071438695,101.51929189617022,0,0,0,0,0,0,0,0,0,180,forward,0,0,0,1.6533388071438695,101.51936379132371
09:24:09,1.6533388071438695,101.51929189617022,0,0,0,0,0,0,0,0,0,180,forward,0,0,0,1.6533388071438695,101.51936379132371
09:24:11,1.6533388071438695,101.51929189617022,0,0,0,0,0,0,0,0,0,180,forward,0,0,0,1.6533388071438695,101.51936379132371
09:24:13,1.6533388071438695,101.51929189617022,0,0,0,0,0,0,0,0,0,180,forward,0,0,0,1.6533388071438695,101.51936379132371
09:24:16,1.6533388071438695,101.51929189617022,0,0,0,0,0,0,0,0,0,180,forward,0,0,0,1.6533388071438695,101.51936379132371
09:24:18,1.6533388071438695,101.51929189617022,0,0,0,0,0,0,0,0,0,180,forward,0,0,0,1.6533388071438695,101.51936379132371
09:24:20,1.6533388071438695,101.51929189617022,0,0,0,0,0,0,0,0,0,180,forward,0,0,0,1.6533388071438695,101.51936379132371
09:24:22,1.6533388071438695,101.51929189617022,0,0,0,0,0,0,0,0,0,180,forward,0,0,0,1.6533388071438695,101.51936379132371
09:24:24,1.6533388071438695,101.51929189617022,0,0,0,0,0,0,0,0,0,180,forward,0,0,0,1.6533388071438695,101.51936379132371
09:24:27,1.6533388071438695,101.51929189617022,0,0,0,0,0,0,0,0,0,180,forward,0,0,0,1.6533388071438695,101.51936379132371
09:24:29,1.6533388071438695,101.51929189617022,0,0,0,0,0,0,0,0,0,180,forward,0,0,0,1.6533388071438695,101.51936379132371
09:24:31,1.6533388071438695,101.51929189617022,0,0,0,0,0,0,0,0,0,180,forward,0,0,0,1.6533388071438695,101.51936379132371
09:24:33,1.6533388071438695,101.51929189617022,0,0,0,0,0,0,0,0,0,180,forward,0,0,0,1.6533388071438695,101.51936379132371
09:24:35,1.6533388071438695,101.51929189617022,0,0,0,0,0,0,0,0,0,180,forward,0,0,0,1.6533388071438695,101.51936379132371
09:24:37,1.6533388071438695,101.51929189617022,0,0,0,0,0,0,0,0,0,180,forward,0,0,0,1.6533388071438695,101.51936379132371
09:24:40,1.6533388071438695,101.51929189617022,0,0,0,0,0,0,0,0,0,180,forward,0,0,0,1.6533388071438695,101.51936379132371
09:24:42,1.6533388071438695,101.51929189617022,0,0,0,0,0,0,0,0,0,180,forward,0,0,0,1.6533388071438695,101.51936379132371
09:24:44,1.6533388071438695,101.51929189617022,0,0,0,0,0,0,0,0,0,180,forward,0,0,0,1.6533388071438695,101.51936379132371
09:24:46,1.6533388071438695,101.51929189617022,0,0,0,0,0,0,0,0,0,180,forward,0,0,0,1.6533388071438695,101.51936379132371
09:24:48,1.6533388071438695,101.51929189617022,0,0,0,0,0,0,0,0,0,180,forward,0,0,0,1.6533388071438695,101.51936379132371
09:24:50,1.6533388071438695,101.51929189617022,0,0,0,0,0,0,0,0,0,180,forward,0,0,0,1.6533388071438695,101.51936379132371
09:24:53,1.6533388071438695,101.51929189617022,0,0,0,0,0,0,0,0,0,180,forward,0,0,0,1.6533388071438695,101.51936379132371
09:24:55,1.6533388071438695,101.51929189617022,0,0,0,0,0,0,0,0,0,180,forward,0,0,0,1.6533388071438695,101.51936379132371
09:24:57,1.6533388071438695,101.51929189617022,0,0,0,0,0,0,0,0,0,180,forward,0,0,0,1.6533388071438695,101.51936379132371
09:24:59,1.6533388071438695,101.51929189617022,0,0,0,0,0,0,0,0,0,180,forward,0,0,0,1.6533388071438695,101.51936379132371
09:25:01,1.6533388071438695,101.51929189617022,0,0,0,0,0,0,0,0,0,180,forward,0,0,0,1.6533388071438695,101.51936379132371
09:25:03,1.6533388071438695,101.51929189617022,0,0,0,0,0,0,0,0,0,180,forward,0,0,0,1.6533388071438695,101.51936379132371
09:25:06,1.6533388071438695,101.51929189617022,0,0,0,0,0,0,0,0,0,180,forward,0,0,0,1.6533388071438695,101.51936379132371
09:25:08,1.6533388071438695,101.51929189617022,0,0,0,0,0,0,0,0,0,180,forward,0,0,0,1.6533388071438695,101.51936379132371
09:25:10,1.6533388071438695,101.51929189617022,0,0,0,0,0,0,0,0,0,180,forward,0,0,0,1.6533388071438695,101.51936379132371
09:25:12,1.6533388071438695,101.51929189617022,0,0,0,0,0,0,0,0,0,180,forward,0,0,0,1.6533388071438695,101.51936379132371
09:25:14,1.6533388071438695,101.51929189617022,0,0,0,0,0,0,0,0,0,180,forward,0,0,0,1.6533388071438695,101.51936379132371
09:25:17,1.6533388071438695,101.51929189617022,0,0,0,0,0,0,0,0,0,180,forward,0,0,0,1.6533388071438695,101.51936379132371
09:25:19,1.6533388071438695,101.51929189617022,0,0,0,0,0,0,0,0,0,180,forward,0,0,0,1.6533388071438695,101.51936379132371
09:25:21,1.6533388071438695,101.51929189617022,0,0,0,0,0,0,0,0,0,180,forward,0,0,0,1.6533388071438695,101.51936379132371
09:25:23,1.6533388071438695,101.51929189617022,0,0,0,0,0,0,0,0,0,180,forward,0,0,0,1.6533388071438695,101.51936379132371
09:25:25,1.6533388071438695,101.51929189617022,0,0,0,0,0,0,0,0,0,180,forward,0,0,0,1.6533388071438695,101.51936379132371
09:25:27,1.6533388071438695,101.51929189617022,0,0,0,0,0,0,0,0,0,180,forward,0,0,0,1.6533388071438695,101.51936379132371
09:25:30,1.6533388071438695,101.51929189617022,0,0,0,0,0,0,0,0,0,180,forward,0,0,0,1.6533388071438695,101.51936379132371
09:25:32,1.6533388071438695,101.51929189617022,0,0,0,0,0,0,0,0,0,180,forward,0,0,0,1.6533388071438695,101.51936379132371
09:25:34,1.6533388071438695,101.51929189617022,0,0,0,0,0,0,0,0,0,180,forward,0,0,0,1.6533388071438695,101.51936379132371
09:25:36,1.6533388071438695,101.51929189617022,0,0,0,0,0,0,0,0,0,180,forward,0,0,0,1.6533388071438695,101.51936379132371
09:25:38,1.6533388071438695,101.51929189617022,0,0,0,0,0,0,0,0,0,180,forward,0,0,0,1.6533388071438695,101.51936379132371
09:25:40,1.6533388071438695,101.51929189617022,0,0,0,0,0,0,0,0,0,180,forward,0,0,0,1.6533388071438695,101.51936379132371
09:25:42,1.6533388071438695,101.51929189617022,0,0,0,0,0,0,0,0,0,180,forward,0,0,0,1.6533388071438695,101.51936379132371
09:25:45,1.6533388071438695,101.51929189617022,0,0,0,0,0,0,0,0,0,180,forward,0,0,0,1.6533388071438695,101.51936379132371
09:25:47,1.6533388071438695,101.51929189617022,0,0,0,0,0,0,0,0,0,180,forward,0,0,0,1.6533388071438695,101.51936379132371
09:25:49,1.6533388071438695,101.51929189617022,0,0,0,0,0,0,0,0,0,180,forward,0,0,0,1.6533388071438695,101.51936379132371
09:25:51,1.6533388071438695,101.51929189617022,0,0,0,0,0,0,0,0,0,180,forward,0,0,0,1.6533388071438695,101.51936379132371
09:25:53,1.6533388071438695,101.51929189617022,0,0,0,0,0,0,0,0,0,180,forward,0,0,0,1.6533388071438695,101.51936379132371
09:25:55,1.6533388071438695,101.51929189617022,0,0,0,0,0,0,0,0,0,180,forward,0,0,0,1.6533388071438695,101.51936379132371
09:25:58,1.6533388071438695,101.51929189617022,0,0,0,0,0,0,0,0,0,180,forward,0,0,0,1.6533388071438695,101.51936379132371
09:26:00,1.6533388071438695,101.51929189617022,0,0,0,0,0,0,0,0,0,180,forward,0,0,0,1.6533388071438695,101.51936379132371
09:26:02,1.6533388071438695,101.51929189617022,0,0,0,0,0,0,0,0,0,180,forward,0,0,0,1.6533388071438695,101.51936379132371
09:26:04,1.6533388071438695,101.51929189617022,0,0,0,0,0,0,0,0,0,180,forward,0,0,0,1.6533388071438695,101.51936379132371
09:26:06,1.6533388071438695,101.51929189617022,0,0,0,0,0,0,0,0,0,180,forward,0,0,0,1.6533388071438695,101.51936379132371
09:26:08,1.6533388071438695,101.51929189617022,0,0,0,0,0,0,0,0,0,180,forward,0,0,0,1.6533388071438695,101.51936379132371
09:26:11,1.6533388071438695,101.51929189617022,0,0,0,0,0,0,0,0,0,180,forward,0,0,0,1.6533388071438695,101.51936379132371
09:26:13,1.6533388071438695,101.51929189617022,0,0,0,0,0,0,0,0,0,180,forward,0,0,0,1.6533388071438695,101.51936379132371
09:26:15,1.6533388071438695,101.51929189617022,0,0,0,0,0,0,0,0,0,180,forward,0,0,0,1.6533388071438695,101.51936379132371
09:26:17,1.6533388071438695,101.51929189617022,0,0,0,0,0,0,0,0,0,180,forward,0,0,0,1.6533388071438695,101.51936379132371
09:26:19,1.6533388071438695,101.51929189617022,0,0,0,0,0,0,0,0,0,180,forward,0,0,0,1.6533388071438695,101.51936379132371
09:26:22,1.6533388071438695,101.51929189617022,0,0,0,0,0,0,0,0,0,180,forward,0,0,0,1.6533388071438695,101.51936379132371
09:26:24,1.6533388071438695,101.51929189617022,0,0,0,0,0,0,0,0,0,180,forward,0,0,0,1.6533388071438695,101.51936379132371
09:26:26,1.6533388071438695,101.51929189617022,0,0,0,0,0,0,0,0,0,180,forward,0,0,0,1.6533388071438695,101.51936379132371
09:26:28,1.6533388071438695,101.51929189617022,0,0,0,0,0,0,0,0,0,180,forward,0,0,0,1.6533388071438695,101.51936379132371
09:26:30,1.6533388071438695,101.51929189617022,0,0,0,0,0,0,0,0,0,180,forward,0,0,0,1.6533388071438695,101.51936379132371
09:26:33,1.6533388071438695,101.51929189617022,0,0,0,0,0,0,0,0,0,180,forward,0,0,0,1.6533388071438695,101.51936379132371
09:26:35,1.6533388071438695,101.51929189617022,0,0,0,0,0,0,0,0,0,180,forward,0,0,0,1.6533388071438695,101.51936379132371
09:26:37,1.6533388071438695,101.51929189617022,0,0,0,0,0,0,0,0,0,180,forward,0,0,0,1.6533388071438695,101.51936379132371
09:26:39,1.6533388071438695,101.51929189617022,0,0,0,0,0,0,0,0,0,180,forward,0,0,0,1.6533388071438695,101.51936379132371
09:26:41,1.6533388071438695,101.51929189617022,0,0,0,0,0,0,0,0,0,180,forward,0,0,0,1.6533388071438695,101.51936379132371
09:26:43,1.6533388071438695,101.51929189617022,0,0,0,0,0,0,0,0,0,180,forward,0,0,0,1.6533388071438695,101.51936379132371
09:26:45,1.6533388071438695,101.51929189617022,0,0,0,0,0,0,0,0,0,180,forward,0,0,0,1.6533388071438695,101.51936379132371
09:26:47,1.6533388071438695,101.51929189617022,0,0,0,0,0,0,0,0,0,180,forward,0,0,0,1.6533388071438695,101.51936379132371
09:26:50,1.6533388071438695,101.51929189617022,0,0,0,0,0,0,0,0,0,180,forward,0,0,0,1.6533388071438695,101.51936379132371
09:26:52,1.6533388071438695,101.51929189617022,0,0,0,0,0,0,0,0,0,180,forward,0,0,0,1.6533388071438695,101.51936379132371
09:26:54,1.6533388071438695,101.51929189617022,0,0,0,0,0,0,0,0,0,180,forward,0,0,0,1.6533388071438695,101.51936379132371
09:26:56,1.6533388071438695,101.51929189617022,0,0,0,0,0,0,0,0,0,180,forward,0,0,0,1.6533388071438695,101.51936379132371
09:26:58,1.6533388071438695,101.51929189617022,0,0,0,0,0,0,0,0,0,180,forward,0,0,0,1.6533388071438695,101.51936379132371
09:27:00,1.6533388071438695,101.51929189617022,0,0,0,0,0,0,0,0,0,180,forward,0,0,0,1.6533388071438695,101.51936379132371
09:27:02,1.6533388071438695,101.51929189617022,0,0,0,0,0,0,0,0,0,180,forward,0,0,0,1.6533388071438695,101.51936379132371
09:27:05,1.6533388071438695,101.51929189617022,0,0,0,0,0,0,0,0,0,180,forward,0,0,0,1.6533388071438695,101.51936379132371
09:27:07,1.6533388071438695,101.51929189617022,0,0,0,0,0,0,0,0,0,180,forward,0,0,0,1.6533388071438695,101.51936379132371
09:27:09,1.6533388071438695,101.51929189617022,0,0,0,0,0,0,0,0,0,180,forward,0,0,0,1.6533388071438695,101.51936379132371
09:27:11,1.6533388071438695,101.51929189617022,0,0,0,0,0,0,0,0,0,180,forward,0,0,0,1.6533388071438695,101.51936379132371
09:27:13,1.6533388071438695,101.51929189617022,0,0,0,0,0,0,0,0,0,180,forward,0,0,0,1.6533388071438695,101.51936379132371
09:27:15,1.6533388071438695,101.51929189617022,0,0,0,0,0,0,0,0,0,180,forward,0,0,0,1.6533388071438695,101.51936379132371
09:27:17,1.6533388071438695,101.51929189617022,0,0,0,0,0,0,0,0,0,180,forward,0,0,0,1.6533388071438695,101.51936379132371
09:27:20,1.6533388071438695,101.51929189617022,0,0,0,0,0,0,0,0,0,180,forward,0,0,0,1.6533388071438695,101.51936379132371
09:27:22,1.6533388071438695,101.51929189617022,0,0,0,0,0,0,0,0,0,180,forward,0,0,0,1.6533388071438695,101.51936379132371
09:27:24,1.6533388071438695,101.51929189617022,0,0,0,0,0,0,0,0,0,180,forward,0,0,0,1.6533388071438695,101.51936379132371
09:27:26,1.6533388071438695,101.51929189617022,0,0,0,0,0,0,0,0,0,180,forward,0,0,0,1.6533388071438695,101.51936379132371
09:27:28,1.6533388071438695,101.51929189617022,0,0,0,0,0,0,0,0,0,180,forward,0,0,0,1.6533388071438695,101.51936379132371
09:27:30,1.6533388071438695,101.51929189617022,0,0,0,0,0,0,0,0,0,180,forward,0,0,0,1.6533388071438695,101.51936379132371
09:27:33,1.6533388071438695,101.51929189617022,0,0,0,0,0,0,0,0,0,180,forward,0,0,0,1.6533388071438695,101.51936379132371
09:27:35,1.6533388071438695,101.51929189617022,0,0,0,0,0,0,0,0,0,180,forward,0,0,0,1.6533388071438695,101.51936379132371
09:27:37,1.6533388071438695,101.51929189617022,0,0,0,0,0,0,0,0,0,180,forward,0,0,0,1.6533388071438695,101.51936379132371
09:27:39,1.6533388071438695,101.51929189617022,0,0,0,0,0,0,0,0,0,180,forward,0,0,0,1.6533388071438695,101.51936379132371
09:27:41,1.6533388071438695,101.51929189617022,0,0,0,0,0,0,0,0,0,180,forward,0,0,0,1.6533388071438695,101.51936379132371
09:27:43,1.6533388071438695,101.51929189617022,0,0,0,0,0,0,0,0,0,180,forward,0,0,0,1.6533388071438695,101.51936379132371
09:27:45,1.6533388071438695,101.51929189617022,0,0,0,0,0,0,0,0,0,180,forward,0,0,0,1.6533388071438695,101.51936379132371
09:27:48,1.6533388071438695,101.51929189617022,0,0,0,0,0,0,0,0,0,180,forward,0,0,0,1.6533388071438695,101.51936379132371
09:27:50,1.6533388071438695,101.51929189617022,0,0,0,0,0,0,0,0,0,180,forward,0,0,0,1.6533388071438695,101.51936379132371
09:27:52,1.6533388071438695,101.51929189617022,0,0,0,0,0,0,0,0,0,180,forward,0,0,0,1.6533388071438695,101.51936379132371
09:27:54,1.6533388071438695,101.51929189617022,0,0,0,0,0,0,0,0,0,180,forward,0,0,0,1.6533388071438695,101.51936379132371
09:27:56,1.6533388071438695,101.51929189617022,0,0,0,0,0,0,0,0,0,180,forward,0,0,0,1.6533388071438695,101.51936379132371
09:27:58,1.6533388071438695,101.51929189617022,0,0,0,0,0,0,0,0,0,180,forward,0,0,0,1.6533388071438695,101.51936379132371
09:28:01,1.6533388071438695,101.51929189617022,0,0,0,0,0,0,0,0,0,180,forward,0,0,0,1.6533388071438695,101.51936379132371
09:28:03,1.6533388071438695,101.51929189617022,0,0,0,0,0,0,0,0,0,180,forward,0,0,0,1.6533388071438695,101.51936379132371
09:28:05,1.6533388071438695,101.51929189617022,0,0,0,0,0,0,0,0,0,180,forward,0,0,0,1.6533388071438695,101.51936379132371
09:28:07,1.6533388071438695,101.51929189617022,0,0,0,0,0,0,0,0,0,180,forward,0,0,0,1.6533388071438695,101.51936379132371
09:28:09,1.6533388071438695,101.51929189617022,0,0,0,0,0,0,0,0,0,180,forward,0,0,0,1.6533388071438695,101.51936379132371
09:28:12,1.6533388071438695,101.51929189617022,0,0,0,0,0,0,0,0,0,180,forward,0,0,0,1.6533388071438695,101.51936379132371
09:28:14,1.6533388071438695,101.51929189617022,0,0,0,0,0,0,0,0,0,180,forward,0,0,0,1.6533388071438695,101.51936379132371
09:28:16,1.6533388071438695,101.51929189617022,0,0,0,0,0,0,0,0,0,180,forward,0,0,0,1.6533388071438695,101.51936379132371
09:28:18,1.6533388071438695,101.51929189617022,0,0,0,0,0,0,0,0,0,180,forward,0,0,0,1.6533388071438695,101.51936379132371
09:28:20,1.6533388071438695,101.51929189617022,0,0,0,0,0,0,0,0,0,180,forward,0,0,0,1.6533388071438695,101.51936379132371
09:28:22,1.6533388071438695,101.51929189617022,0,0,0,0,0,0,0,0,0,180,forward,0,0,0,1.6533388071438695,101.51936379132371
09:28:24,1.6533388071438695,101.51929189617022,0,0,0,0,0,0,0,0,0,180,forward,0,0,0,1.6533388071438695,101.51936379132371
09:28:27,1.6533388071438695,101.51929189617022,0,0,0,0,0,0,0,0,0,180,forward,0,0,0,1.6533388071438695,101.51936379132371
09:28:29,1.6533388071438695,101.51929189617022,0,0,0,0,0,0,0,0,0,180,forward,0,0,0,1.6533388071438695,101.51936379132371
09:28:31,1.6533388071438695,101.51929189617022,0,0,0,0,0,0,0,0,0,180,forward,0,0,0,1.6533388071438695,101.51936379132371
09:28:33,1.6533388071438695,101.51929189617022,0,0,0,0,0,0,0,0,0,180,forward,0,0,0,1.6533388071438695,101.51936379132371
09:28:35,1.6533388071438695,101.51929189617022,0,0,0,0,0,0,0,0,0,180,forward,0,0,0,1.6533388071438695,101.51936379132371
09:28:37,1.6533388071438695,101.51929189617022,0,0,0,0,0,0,0,0,0,180,forward,0,0,0,1.6533388071438695,101.51936379132371
09:28:39,1.6533388071438695,101.51929189617022,0,0,0,0,0,0,0,0,0,180,forward,0,0,0,1.6533388071438695,101.51936379132371
09:28:41,1.6533388071438695,101.51929189617022,0,0,0,0,0,0,0,0,0,180,forward,0,0,0,1.6533388071438695,101.51936379132371
09:28:43,1.6533388071438695,101.51929189617022,0,0,0,0,0,0,0,0,0,180,forward,0,0,0,1.6533388071438695,101.51936379132371
09:28:45,1.6533388071438695,101.51929189617022,0,0,0,0,0,0,0,0,0,180,forward,0,0,0,1.6533388071438695,101.51936379132371
09:28:47,1.6533388071438695,101.51929189617022,0,0,0,0,0,0,0,0,0,180,forward,0,0,0,1.6533388071438695,101.51936379132371
09:28:50,1.6533388071438695,101.51929189617022,0,0,0,0,0,0,0,0,0,180,forward,0,0,0,1.6533388071438695,101.51936379132371
09:28:52,1.6533388071438695,101.51929189617022,0,0,0,0,0,0,0,0,0,180,forward,0,0,0,1.6533388071438695,101.51936379132371
09:28:54,1.6533388071438695,101.51929189617022,0,0,0,0,0,0,0,0,0,180,forward,0,0,0,1.6533388071438695,101.51936379132371
09:28:56,1.6533388071438695,101.51929189617022,0,0,0,0,0,0,0,0,0,180,forward,0,0,0,1.6533388071438695,101.51936379132371
09:28:58,1.6533388071438695,101.51929189617022,0,0,0,0,0,0,0,0,0,180,forward,0,0,0,1.6533388071438695,101.51936379132371
09:29:00,1.6533388071438695,101.51929189617022,0,0,0,0,0,0,0,0,0,180,forward,0,0,0,1.6533388071438695,101.51936379132371
09:29:02,1.6533388071438695,101.51929189617022,0,0,0,0,0,0,0,0,0,180,forward,0,0,0,1.6533388071438695,101.51936379132371
09:29:05,1.6533388071438695,101.51929189617022,0,0,0,0,0,0,0,0,0,180,forward,0,0,0,1.6533388071438695,101.51936379132371
09:29:07,1.6533388071438695,101.51929189617022,0,0,0,0,0,0,0,0,0,180,forward,0,0,0,1.6533388071438695,101.51936379132371
09:29:09,1.6533388071438695,101.51929189617022,0,0,0,0,0,0,0,0,0,180,forward,0,0,0,1.6533388071438695,101.51936379132371
09:29:11,1.6533388071438695,101.51929189617022,0,0,0,0,0,0,0,0,0,180,forward,0,0,0,1.6533388071438695,101.51936379132371
09:29:13,1.6533388071438695,101.51929189617022,0,0,0,0,0,0,0,0,0,180,forward,0,0,0,1.6533388071438695,101.51936379132371
09:29:15,1.6533388071438695,101.51929189617022,0,0,0,0,0,0,0,0,0,180,forward,0,0,0,1.6533388071438695,101.51936379132371
09:29:17,1.6533388071438695,101.51929189617022,0,0,0,0,0,0,0,0,0,180,forward,0,0,0,1.6533388071438695,101.51936379132371
09:29:19,1.6533388071438695,101.51929189617022,0,0,0,0,0,0,0,0,0,180,forward,0,0,0,1.6533388071438695,101.51936379132371
09:29:21,1.6533388071438695,101.51929189617022,0,0,0,0,0,0,0,0,0,180,forward,0,0,0,1.6533388071438695,101.51936379132371
09:29:23,1.6533388071438695,101.51929189617022,0,0,0,0,0,0,0,0,0,180,forward,0,0,0,1.6533388071438695,101.51936379132371
09:29:26,1.6533388071438695,101.51929189617022,0,0,0,0,0,0,0,0,0,180,forward,0,0,0,1.6533388071438695,101.51936379132371
09:29:28,1.6533388071438695,101.51929189617022,0,0,0,0,0,0,0,0,0,180,forward,0,0,0,1.6533388071438695,101.51936379132371
09:29:30,1.6533388071438695,101.51929189617022,0,0,0,0,0,0,0,0,0,180,forward,0,0,0,1.6533388071438695,101.51936379132371
09:29:32,1.6533388071438695,101.51929189617022,0,0,0,0,0,0,0,0,0,180,forward,0,0,0,1.6533388071438695,101.51936379132371
09:29:34,1.6533388071438695,101.51929189617022,0,0,0,0,0,0,0,0,0,180,forward,0,0,0,1.6533388071438695,101.51936379132371
09:29:36,1.6533388071438695,101.51929189617022,0,0,0,0,0,0,0,0,0,180,forward,0,0,0,1.6533388071438695,101.51936379132371
09:29:39,1.6533388071438695,101.51929189617022,0,0,0,0,0,0,0,0,0,180,forward,0,0,0,1.6533388071438695,101.51936379132371
09:29:41,1.6533388071438695,101.51929189617022,0,0,0,0,0,0,0,0,0,180,forward,0,0,0,1.6533388071438695,101.51936379132371
09:29:43,1.6533388071438695,101.51929189617022,0,0,0,0,0,0,0,0,0,180,forward,0,0,0,1.6533388071438695,101.51936379132371
09:29:45,1.6533388071438695,101.51929189617022,0,0,0,0,0,0,0,0,0,180,forward,0,0,0,1.6533388071438695,101.51936379132371
09:29:47,1.6533388071438695,101.51929189617022,0,0,0,0,0,0,0,0,0,180,forward,0,0,0,1.6533388071438695,101.51936379132371
09:29:49,1.6533388071438695,101.51929189617022,0,0,0,0,0,0,0,0,0,180,forward,0,0,0,1.6533388071438695,101.51936379132371
09:29:51,1.6533388071438695,101.51929189617022,0,0,0,0,0,0,0,0,0,180,forward,0,0,0,1.6533388071438695,101.51936379132371
09:29:54,1.6533388071438695,101.51929189617022,0,0,0,0,0,0,0,0,0,180,forward,0,0,0,1.6533388071438695,101.51936379132371
09:29:56,1.6533388071438695,101.51929189617022,0,0,0,0,0,0,0,0,0,180,forward,0,0,0,1.6533388071438695,101.51936379132371
09:29:58,1.6533388071438695,101.51929189617022,0,0,0,0,0,0,0,0,0,180,forward,0,0,0,1.6533388071438695,101.51936379132371
09:30:00,1.6533388071438695,101.51929189617022,0,0,0,0,0,0,0,0,0,180,forward,0,0,0,1.6533388071438695,101.51936379132371
09:30:02,1.6533388071438695,101.51929189617022,0,0,0,0,0,0,0,0,0,180,forward,0,0,0,1.6533388071438695,101.51936379132371
09:30:05,1.6533388071438695,101.51929189617022,0,0,0,0,0,0,0,0,0,180,forward,0,0,0,1.6533388071438695,101.51936379132371
09:30:07,1.6533388071438695,101.51929189617022,0,0,0,0,0,0,0,0,0,180,forward,0,0,0,1.6533388071438695,101.51936379132371
09:30:09,1.6533388071438695,101.51929189617022,0,0,0,0,0,0,0,0,0,180,forward,0,0,0,1.6533388071438695,101.51936379132371
09:30:11,1.6533388071438695,101.51929189617022,0,0,0,0,0,0,0,0,0,180,forward,0,0,0,1.6533388071438695,101.51936379132371
09:30:13,1.6533388071438695,101.51929189617022,0,0,0,0,0,0,0,0,0,180,forward,0,0,0,1.6533388071438695,101.51936379132371
09:30:15,1.6533388071438695,101.51929189617022,0,0,0,0,0,0,0,0,0,180,forward,0,0,0,1.6533388071438695,101.51936379132371
09:30:18,1.6533388071438695,101.51929189617022,0,0,0,0,0,0,0,0,0,180,forward,0,0,0,1.6533388071438695,101.51936379132371
09:30:20,1.6533388071438695,101.51929189617022,0,0,0,0,0,0,0,0,0,180,forward,0,0,0,1.6533388071438695,101.51936379132371
09:30:22,1.6533388071438695,101.51929189617022,0,0,0,0,0,0,0,0,0,180,forward,0,0,0,1.6533388071438695,101.51936379132371
09:30:24,1.6533388071438695,101.51929189617022,0,0,0,0,0,0,0,0,0,180,forward,0,0,0,1.6533388071438695,101.51936379132371
09:30:26,1.6533388071438695,101.51929189617022,0,0,0,0,0,0,0,0,0,180,forward,0,0,0,1.6533388071438695,101.51936379132371
09:30:28,1.6533388071438695,101.51929189617022,0,0,0,0,0,0,0,0,0,180,forward,0,0,0,1.6533388071438695,101.51936379132371
09:30:30,1.6533388071438695,101.51929189617022,0,0,0,0,0,0,0,0,0,180,forward,0,0,0,1.6533388071438695,101.51936379132371
09:30:32,1.6533388071438695,101.51929189617022,0,0,0,0,0,0,0,0,0,180,forward,0,0,0,1.6533388071438695,101.51936379132371
09:30:35,1.6533388071438695,101.51929189617022,0,0,0,0,0,0,0,0,0,180,forward,0,0,0,1.6533388071438695,101.51936379132371
09:30:37,1.6533388071438695,101.51929189617022,0,0,0,0,0,0,0,0,0,180,forward,0,0,0,1.6533388071438695,101.51936379132371
09:30:39,1.6533388071438695,101.51929189617022,0,0,0,0,0,0,0,0,0,180,forward,0,0,0,1.6533388071438695,101.51936379132371
09:30:41,1.6533388071438695,101.51929189617022,0,0,0,0,0,0,0,0,0,180,forward,0,0,0,1.6533388071438695,101.51936379132371
09:30:43,1.6533388071438695,101.51929189617022,0,0,0,0,0,0,0,0,0,180,forward,0,0,0,1.6533388071438695,101.51936379132371
09:30:45,1.6533388071438695,101.51929189617022,0,0,0,0,0,0,0,0,0,180,forward,0,0,0,1.6533388071438695,101.51936379132371
09:30:47,1.6533388071438695,101.51929189617022,0,0,0,0,0,0,0,0,0,180,forward,0,0,0,1.6533388071438695,101.51936379132371
09:30:50,1.6533388071438695,101.51929189617022,0,0,0,0,0,0,0,0,0,180,forward,0,0,0,1.6533388071438695,101.51936379132371
09:30:52,1.6533388071438695,101.51929189617022,0,0,0,0,0,0,0,0,0,180,forward,0,0,0,1.6533388071438695,101.51936379132371
09:30:54,1.6533388071438695,101.51929189617022,0,0,0,0,0,0,0,0,0,180,forward,0,0,0,1.6533388071438695,101.51936379132371
09:30:56,1.6533388071438695,101.51929189617022,0,0,0,0,0,0,0,0,0,180,forward,0,0,0,1.6533388071438695,101.51936379132371
09:30:58,1.6533388071438695,101.51929189617022,0,0,0,0,0,0,0,0,0,180,forward,0,0,0,1.6533388071438695,101.51936379132371
09:31:00,1.6533388071438695,101.51929189617022,0,0,0,0,0,0,0,0,0,180,forward,0,0,0,1.6533388071438695,101.51936379132371
09:31:03,1.6533388071438695,101.51929189617022,0,0,0,0,0,0,0,0,0,180,forward,0,0,0,1.6533388071438695,101.51936379132371
09:31:05,1.6533388071438695,101.51929189617022,0,0,0,0,0,0,0,0,0,180,forward,0,0,0,1.6533388071438695,101.51936379132371
09:31:07,1.6533388071438695,101.51929189617022,0,0,0,0,0,0,0,0,0,180,forward,0,0,0,1.6533388071438695,101.51936379132371
09:31:09,1.6533388071438695,101.51929189617022,0,0,0,0,0,0,0,0,0,180,forward,0,0,0,1.6533388071438695,101.51936379132371
09:31:11,1.6533388071438695,101.51929189617022,0,0,0,0,0,0,0,0,0,180,forward,0,0,0,1.6533388071438695,101.51936379132371
09:31:13,1.6533388071438695,101.51929189617022,0,0,0,0,0,0,0,0,0,180,forward,0,0,0,1.6533388071438695,101.51936379132371
09:31:15,1.6533388071438695,101.51929189617022,0,0,0,0,0,0,0,0,0,180,forward,0,0,0,1.6533388071438695,101.51936379132371
09:31:18,1.6533388071438695,101.51929189617022,0,0,0,0,0,0,0,0,0,180,forward,0,0,0,1.6533388071438695,101.51936379132371
09:31:20,1.6533388071438695,101.51929189617022,0,0,0,0,0,0,0,0,0,180,forward,0,0,0,1.6533388071438695,101.51936379132371
09:31:22,1.6533388071438695,101.51929189617022,0,0,0,0,0,0,0,0,0,180,forward,0,0,0,1.6533388071438695,101.51936379132371
09:31:24,1.6533388071438695,101.51929189617022,0,0,0,0,0,0,0,0,0,180,forward,0,0,0,1.6533388071438695,101.51936379132371
09:31:26,1.6533388071438695,101.51929189617022,0,0,0,0,0,0,0,0,0,180,forward,0,0,0,1.6533388071438695,101.51936379132371
09:31:28,1.6533388071438695,101.51929189617022,0,0,0,0,0,0,0,0,0,180,forward,0,0,0,1.6533388071438695,101.51936379132371
09:31:30,1.6533388071438695,101.51929189617022,0,0,0,0,0,0,0,0,0,180,forward,0,0,0,1.6533388071438695,101.51936379132371
09:31:33,1.6533388071438695,101.51929189617022,0,0,0,0,0,0,0,0,0,180,forward,0,0,0,1.6533388071438695,101.51936379132371
09:31:35,1.6533388071438695,101.51929189617022,0,0,0,0,0,0,0,0,0,180,forward,0,0,0,1.6533388071438695,101.51936379132371
09:31:37,1.6533388071438695,101.51929189617022,0,0,0,0,0,0,0,0,0,180,forward,0,0,0,1.6533388071438695,101.51936379132371
09:31:39,1.6533388071438695,101.51929189617022,0,0,0,0,0,0,0,0,0,180,forward,0,0,0,1.6533388071438695,101.51936379132371
09:31:41,1.6533388071438695,101.51929189617022,0,0,0,0,0,0,0,0,0,180,forward,0,0,0,1.6533388071438695,101.51936379132371
09:31:43,1.6533388071438695,101.51929189617022,0,0,0,0,0,0,0,0,0,180,forward,0,0,0,1.6533388071438695,101.51936379132371
09:31:45,1.6533388071438695,101.51929189617022,0,0,0,0,0,0,0,0,0,180,forward,0,0,0,1.6533388071438695,101.51936379132371
09:31:48,1.6533388071438695,101.51929189617022,0,0,0,0,0,0,0,0,0,180,forward,0,0,0,1.6533388071438695,101.51936379132371
09:31:50,1.6533388071438695,101.51929189617022,0,0,0,0,0,0,0,0,0,180,forward,0,0,0,1.6533388071438695,101.51936379132371
09:31:52,1.6533388071438695,101.51929189617022,0,0,0,0,0,0,0,0,0,180,forward,0,0,0,1.6533388071438695,101.51936379132371
09:31:54,1.6533388071438695,101.51929189617022,0,0,0,0,0,0,0,0,0,180,forward,0,0,0,1.6533388071438695,101.51936379132371
09:31:56,1.6533388071438695,101.51929189617022,0,0,0,0,0,0,0,0,0,180,forward,0,0,0,1.6533388071438695,101.51936379132371
09:31:58,1.6533388071438695,101.51929189617022,0,0,0,0,0,0,0,0,0,180,forward,0,0,0,1.6533388071438695,101.51936379132371
09:32:00,1.6533388071438695,101.51929189617022,0,0,0,0,0,0,0,0,0,180,forward,0,0,0,1.6533388071438695,101.51936379132371
09:32:03,1.6533388071438695,101.51929189617022,0,0,0,0,0,0,0,0,0,180,forward,0,0,0,1.6533388071438695,101.51936379132371
09:32:05,1.6533388071438695,101.51929189617022,0,0,0,0,0,0,0,0,0,180,forward,0,0,0,1.6533388071438695,101.51936379132371
09:32:07,1.6533388071438695,101.51929189617022,0,0,0,0,0,0,0,0,0,180,forward,0,0,0,1.6533388071438695,101.51936379132371
09:32:09,1.6533388071438695,101.51929189617022,0,0,0,0,0,0,0,0,0,180,forward,0,0,0,1.6533388071438695,101.51936379132371
09:32:11,1.6533388071438695,101.51929189617022,0,0,0,0,0,0,0,0,0,180,forward,0,0,0,1.6533388071438695,101.51936379132371
09:32:13,1.6533388071438695,101.51929189617022,0,0,0,0,0,0,0,0,0,180,forward,0,0,0,1.6533388071438695,101.51936379132371
09:32:15,1.6533388071438695,101.51929189617022,0,0,0,0,0,0,0,0,0,180,forward,0,0,0,1.6533388071438695,101.51936379132371
09:32:18,1.6533388071438695,101.51929189617022,0,0,0,0,0,0,0,0,0,180,forward,0,0,0,1.6533388071438695,101.51936379132371
09:32:20,1.6533388071438695,101.51929189617022,0,0,0,0,0,0,0,0,0,180,forward,0,0,0,1.6533388071438695,101.51936379132371
09:32:22,1.6533388071438695,101.51929189617022,0,0,0,0,0,0,0,0,0,180,forward,0,0,0,1.6533388071438695,101.51936379132371
09:32:24,1.6533388071438695,101.51929189617022,0,0,0,0,0,0,0,0,0,180,forward,0,0,0,1.6533388071438695,101.51936379132371
09:32:26,1.6533388071438695,101.51929189617022,0,0,0,0,0,0,0,0,0,180,forward,0,0,0,1.6533388071438695,101.51936379132371
09:32:28,1.6533388071438695,101.51929189617022,0,0,0,0,0,0,0,0,0,180,forward,0,0,0,1.6533388071438695,101.51936379132371
09:32:31,1.6533388071438695,101.51929189617022,0,0,0,0,0,0,0,0,0,180,forward,0,0,0,1.6533388071438695,101.51936379132371
09:32:33,1.6533388071438695,101.51929189617022,0,0,0,0,0,0,0,0,0,180,forward,0,0,0,1.6533388071438695,101.51936379132371
09:32:35,1.6533388071438695,101.51929189617022,0,0,0,0,0,0,0,0,0,180,forward,0,0,0,1.6533388071438695,101.51936379132371
09:32:37,1.6533388071438695,101.51929189617022,0,0,0,0,0,0,0,0,0,180,forward,0,0,0,1.6533388071438695,101.51936379132371
09:32:39,1.6533388071438695,101.51929189617022,0,0,0,0,0,0,0,0,0,180,forward,0,0,0,1.6533388071438695,101.51936379132371
09:32:41,1.6533388071438695,101.51929189617022,0,0,0,0,0,0,0,0,0,180,forward,0,0,0,1.6533388071438695,101.51936379132371
09:32:43,1.6533388071438695,101.51929189617022,0,0,0,0,0,0,0,0,0,180,forward,0,0,0,1.6533388071438695,101.51936379132371
09:32:46,1.6533388071438695,101.51929189617022,0,0,0,0,0,0,0,0,0,180,forward,0,0,0,1.6533388071438695,101.51936379132371
09:32:48,1.6533388071438695,101.51929189617022,0,0,0,0,0,0,0,0,0,180,forward,0,0,0,1.6533388071438695,101.51936379132371
09:32:50,1.6533388071438695,101.51929189617022,0,0,0,0,0,0,0,0,0,180,forward,0,0,0,1.6533388071438695,101.51936379132371
09:32:52,1.6533388071438695,101.51929189617022,0,0,0,0,0,0,0,0,0,180,forward,0,0,0,1.6533388071438695,101.51936379132371
09:32:54,1.6533388071438695,101.51929189617022,0,0,0,0,0,0,0,0,0,180,forward,0,0,0,1.6533388071438695,101.51936379132371
09:32:56,1.6533388071438695,101.51929189617022,0,0,0,0,0,0,0,0,0,180,forward,0,0,0,1.6533388071438695,101.51936379132371
09:32:58,1.6533388071438695,101.51929189617022,0,0,0,0,0,0,0,0,0,180,forward,0,0,0,1.6533388071438695,101.51936379132371
09:33:00,1.6533388071438695,101.51929189617022,0,0,0,0,0,0,0,0,0,180,forward,0,0,0,1.6533388071438695,101.51936379132371
09:33:02,1.6533388071438695,101.51929189617022,0,0,0,0,0,0,0,0,0,180,forward,0,0,0,1.6533388071438695,101.51936379132371
09:33:05,1.6533388071438695,101.51929189617022,0,0,0,0,0,0,0,0,0,180,forward,0,0,0,1.6533388071438695,101.51936379132371
09:33:07,1.6533388071438695,101.51929189617022,0,0,0,0,0,0,0,0,0,180,forward,0,0,0,1.6533388071438695,101.51936379132371
09:33:09,1.6533388071438695,101.51929189617022,0,0,0,0,0,0,0,0,0,180,forward,0,0,0,1.6533388071438695,101.51936379132371
09:33:11,1.6533388071438695,101.51929189617022,0,0,0,0,0,0,0,0,0,180,forward,0,0,0,1.6533388071438695,101.51936379132371
09:33:13,1.6533388071438695,101.51929189617022,0,0,0,0,0,0,0,0,0,180,forward,0,0,0,1.6533388071438695,101.51936379132371
09:33:15,1.6533388071438695,101.51929189617022,0,0,0,0,0,0,0,0,0,180,forward,0,0,0,1.6533388071438695,101.51936379132371
09:33:17,1.6533388071438695,101.51929189617022,0,0,0,0,0,0,0,0,0,180,forward,0,0,0,1.6533388071438695,101.51936379132371
09:33:19,1.6533388071438695,101.51929189617022,0,0,0,0,0,0,0,0,0,180,forward,0,0,0,1.6533388071438695,101.51936379132371
09:33:22,1.6533388071438695,101.51929189617022,0,0,0,0,0,0,0,0,0,180,forward,0,0,0,1.6533388071438695,101.51936379132371
09:33:24,1.6533388071438695,101.51929189617022,0,0,0,0,0,0,0,0,0,180,forward,0,0,0,1.6533388071438695,101.51936379132371
09:33:26,1.6533388071438695,101.51929189617022,0,0,0,0,0,0,0,0,0,180,forward,0,0,0,1.6533388071438695,101.51936379132371
09:33:28,1.6533388071438695,101.51929189617022,0,0,0,0,0,0,0,0,0,180,forward,0,0,0,1.6533388071438695,101.51936379132371
09:33:30,1.6533388071438695,101.51929189617022,0,0,0,0,0,0,0,0,0,180,forward,0,0,0,1.6533388071438695,101.51936379132371
09:33:32,1.6533388071438695,101.51929189617022,0,0,0,0,0,0,0,0,0,180,forward,0,0,0,1.6533388071438695,101.51936379132371
09:33:34,1.6533388071438695,101.51929189617022,0,0,0,0,0,0,0,0,0,180,forward,0,0,0,1.6533388071438695,101.51936379132371
09:33:37,1.6533388071438695,101.51929189617022,0,0,0,0,0,0,0,0,0,180,forward,0,0,0,1.6533388071438695,101.51936379132371
09:33:39,1.6533388071438695,101.51929189617022,0,0,0,0,0,0,0,0,0,180,forward,0,0,0,1.6533388071438695,101.51936379132371
09:33:41,1.6533388071438695,101.51929189617022,0,0,0,0,0,0,0,0,0,180,forward,0,0,0,1.6533388071438695,101.51936379132371
09:33:43,1.6533388071438695,101.51929189617022,0,0,0,0,0,0,0,0,0,180,forward,0,0,0,1.6533388071438695,101.51936379132371
09:33:45,1.6533388071438695,101.51929189617022,0,0,0,0,0,0,0,0,0,180,forward,0,0,0,1.6533388071438695,101.51936379132371
09:33:48,1.6533388071438695,101.51929189617022,0,0,0,0,0,0,0,0,0,180,forward,0,0,0,1.6533388071438695,101.51936379132371
09:33:50,1.6533388071438695,101.51929189617022,0,0,0,0,0,0,0,0,0,180,forward,0,0,0,1.6533388071438695,101.51936379132371
09:33:52,1.6533388071438695,101.51929189617022,0,0,0,0,0,0,0,0,0,180,forward,0,0,0,1.6533388071438695,101.51936379132371
09:33:54,1.6533388071438695,101.51929189617022,0,0,0,0,0,0,0,0,0,180,forward,0,0,0,1.6533388071438695,101.51936379132371
09:33:56,1.6533388071438695,101.51929189617022,0,0,0,0,0,0,0,0,0,180,forward,0,0,0,1.6533388071438695,101.51936379132371
09:33:58,1.6533388071438695,101.51929189617022,0,0,0,0,0,0,0,0,0,180,forward,0,0,0,1.6533388071438695,101.51936379132371
09:34:00,1.6533388071438695,101.51929189617022,0,0,0,0,0,0,0,0,0,180,forward,0,0,0,1.6533388071438695,101.51936379132371
09:34:03,1.6533388071438695,101.51929189617022,0,0,0,0,0,0,0,0,0,180,forward,18.61,-90,0,1.6533388071438695,101.51936379132371
09:34:05,1.6533388071438695,101.51929189617022,0,0,0,0,0,0,0,0,0,180,forward,18.61,-90,0,1.6533388071438695,101.51936379132371
09:34:07,1.6533388071438695,101.51929189617022,0,0,0,0,0,0,0,0,0,180,forward,18.61,-90,0,1.6533388071438695,101.51936379132371
09:34:09,1.6533388071438695,101.51929189617022,0,0,0,0,0,0,0,0,0,180,forward,18.61,-90,0,1.6533388071438695,101.51936379132371
09:34:11,1.6533388071438695,101.51929189617022,0,0,0,0,0,0,0,0,0,180,forward,18.61,-90,0,1.6533388071438695,101.51936379132371
09:34:14,1.6533388071438695,101.51929189617022,0,0,0,0,0,0,0,0,0,180,forward,18.61,-90,0,1.6533388071438695,101.51936379132371
09:34:16,1.6533388071438695,101.51929189617022,0,0,0,0,0,0,0,0,0,180,forward,18.61,-90,0,1.6533388071438695,101.51936379132371
09:34:18,1.6533388071438695,101.51929189617022,0,0,0,0,0,0,0,0,0,180,forward,18.61,-90,0,1.6533388071438695,101.51936379132371
09:34:20,1.6533388071438695,101.51929189617022,0,0,0,0,0,0,0,0,0,180,forward,18.61,-90,0,1.6533388071438695,101.51936379132371
09:34:22,1.6533388071438695,101.51929189617022,0,0,0,0,0,0,0,0,0,180,forward,18.61,-90,0,1.6533388071438695,101.51936379132371
09:34:24,1.6533388071438695,101.51929189617022,0,0,0,0,0,0,0,0,0,180,forward,18.61,-90,0,1.6533388071438695,101.51936379132371
09:34:27,1.6533388071438695,101.51929189617022,0,0,0,0,0,0,0,0,0,180,forward,18.61,-90,0,1.6533388071438695,101.51936379132371
09:34:29,1.6533388071438695,101.51929189617022,0,0,0,0,0,0,0,0,0,180,forward,18.61,-90,0,1.6533388071438695,101.51936379132371
09:34:31,1.6533388071438695,101.51929189617022,0,0,0,0,0,0,0,0,0,180,forward,18.61,-90,0,1.6533388071438695,101.51936379132371
09:34:33,1.6533388071438695,101.51929189617022,0,0,0,0,0,0,0,0,0,180,forward,18.61,-90,0,1.6533388071438695,101.51936379132371
09:34:35,1.6533388071438695,101.51929189617022,0,0,0,0,0,0,0,0,0,180,forward,18.61,-90,0,1.6533388071438695,101.51936379132371
09:34:38,1.6533388071438695,101.51929189617022,0,0,0,0,0,0,0,0,0,180,forward,18.61,-90,0,1.6533388071438695,101.51936379132371
09:34:40,1.6533388071438695,101.51929189617022,0,0,0,0,0,0,0,0,0,180,forward,18.61,-90,0,1.6533388071438695,101.51936379132371
09:34:42,1.6533388071438695,101.51929189617022,0,0,0,0,0,0,0,0,0,180,forward,18.61,-90,0,1.6533388071438695,101.51936379132371
09:34:44,1.6533388071438695,101.51929189617022,0,0,0,0,0,0,0,0,0,180,forward,18.61,-90,0,1.6533388071438695,101.51936379132371
09:34:46,1.6533388071438695,101.51929189617022,0,0,0,0,0,0,0,0,0,180,forward,18.61,-90,0,1.6533388071438695,101.51936379132371
09:34:49,1.6533388071438695,101.51929189617022,0,0,0,0,0,0,0,0,0,180,forward,18.61,-90,0,1.6533388071438695,101.51936379132371
09:34:51,1.6533388071438695,101.51929189617022,0,0,0,0,0,0,0,0,0,180,forward,18.61,-90,0,1.6533388071438695,101.51936379132371
09:34:53,1.6533388071438695,101.51929189617022,0,0,0,0,0,0,0,0,0,180,forward,18.61,-90,0,1.6533388071438695,101.51936379132371
09:34:55,1.6533388071438695,101.51929189617022,0,0,0,0,0,0,0,0,0,180,forward,18.61,-90,0,1.6533388071438695,101.51936379132371
09:34:57,1.6533388071438695,101.51929189617022,0,0,0,0,0,0,0,0,0,180,forward,18.61,-90,0,1.6533388071438695,101.51936379132371
09:35:00,1.6533388071438695,101.51929189617022,0,0,0,0,0,0,0,0,0,180,forward,18.61,-90,0,1.6533388071438695,101.51936379132371
09:35:02,1.6533388071438695,101.51929189617022,0,0,0,0,0,0,0,0,0,180,forward,18.61,-90,0,1.6533388071438695,101.51936379132371
09:35:04,1.6533388071438695,101.51929189617022,0,0,0,0,0,0,0,0,45,180,forward,27.09,-89,0,1.653287990757546,101.51934273372079
09:35:06,1.6533388071438695,101.51929189617022,0,0,0,0,0,0,0,0,45,180,forward,27.09,-89,0,1.653287990757546,101.51934273372079
09:35:08,1.6533388071438695,101.51929189617022,0,0,0,0,0,0,0,0,45,180,forward,27.09,-89,0,1.653287990757546,101.51934273372079
09:35:11,1.6533388071438695,101.51929189617022,0,0,0,0,0,0,0,0,45,180,forward,27.09,-89,0,1.653287990757546,101.51934273372079
09:35:13,1.6533388071438695,101.51929189617022,0,0,0,0,0,0,0,0,45,180,forward,27.09,-89,0,1.653287990757546,101.51934273372079
09:35:15,1.6533388071438695,101.51929189617022,0,0,0,0,0,0,0,0,-45,180,forward,27.09,0,0,1.653389623530193,101.51934273372079
09:35:17,1.6533388071438695,101.51929189617022,0,0,0,0,0,0,0,0,-45,180,forward,25.59,-90,0,1.653389623530193,101.51934273372079
09:35:19,1.6533388071438695,101.51929189617022,0,0,0,0,0,0,0,0,-45,180,forward,25.59,-90,0,1.653389623530193,101.51934273372079
09:35:22,1.6533388071438695,101.51929189617022,0,0,0,0,0,0,0,0,0,180,forward,18.61,-90,0,1.6533388071438695,101.51936379132371
09:35:24,1.6533388071438695,101.51929189617022,0,0,0,0,0,0,0,0,0,180,forward,18.61,-90,0,1.6533388071438695,101.51936379132371
09:35:26,1.6533388071438695,101.51929189617022,0,0,0,0,0,0,0,0,0,180,forward,18.61,-90,0,1.6533388071438695,101.51936379132371
09:35:28,1.6533388071438695,101.51929189617022,0,0,0,0,0,0,0,0,0,180,forward,18.61,-90,0,1.6533388071438695,101.51936379132371
09:35:30,1.6533388071438695,101.51929189617022,0,0,0,0,0,0,0,0,0,180,forward,0,0,0,1.6533388071438695,101.51936379132371
09:35:33,1.6533388071438695,101.51929189617022,0,0,0,0,0,0,0,0,0,180,forward,18.61,-90,0,1.6533388071438695,101.51936379132371
09:35:35,1.6533388071438695,101.51929189617022,0,0,0,0,0,0,0,0,0,180,forward,18.61,-90,0,1.6533388071438695,101.51936379132371
09:35:37,1.6533388071438695,101.51929189617022,0,0,0,0,0,0,0,0,0,180,forward,18.61,-90,0,1.6533388071438695,101.51936379132371
09:35:39,1.6533388071438695,101.51929189617022,0,0,0,0,0,0,0,0,45,180,forward,18.61,-135,0,1.653287990757546,101.51934273372079
09:35:41,1.6533388071438695,101.51929189617022,0,0,0,0,0,0,0,0,45,180,forward,27.09,-89,0,1.653287990757546,101.51934273372079
09:35:43,1.6533388071438695,101.51929189617022,0,0,0,0,0,0,0,0,45,180,forward,27.09,-89,0,1.653287990757546,101.51934273372079
09:35:45,1.6533388071438695,101.51929189617022,0,0,0,0,0,0,0,0,45,180,forward,27.09,-89,0,1.653287990757546,101.51934273372079
09:35:48,1.6533388071438695,101.51929189617022,0,0,0,0,0,0,0,0,45,180,forward,27.09,-89,0,1.653287990757546,101.51934273372079
09:35:50,1.6533388071438695,101.51929189617022,0,0,0,0,0,0,0,0,45,180,forward,27.09,-89,0,1.653287990757546,101.51934273372079
09:35:52,1.6533388071438695,101.51929189617022,0,0,0,0,0,0,0,0,45,180,forward,27.09,-89,0,1.653287990757546,101.51934273372079
09:35:54,1.6533388071438695,101.51929189617022,0,0,0,0,0,0,0,0,45,180,forward,27.09,-89,0,1.653287990757546,101.51934273372079
09:35:56,1.6533388071438695,101.51929189617022,0,0,0,0,0,0,0,0,45,180,forward,27.09,-89,0,1.653287990757546,101.51934273372079
09:35:58,1.6533388071438695,101.51929189617022,0,0,0,0,0,0,0,0,45,180,forward,27.09,-89,0,1.653287990757546,101.51934273372079
09:36:01,1.6533388071438695,101.51929189617022,0,0,0,0,0,0,0,0,45,180,forward,27.09,-89,0,1.653287990757546,101.51934273372079
09:36:03,1.6533388071438695,101.51929189617022,0,0,0,0,0,0,0,0,45,180,forward,27.09,-89,0,1.653287990757546,101.51934273372079
09:36:05,1.6533388071438695,101.51929189617022,0,0,0,0,0,0,0,0,45,180,forward,27.09,-89,0,1.653287990757546,101.51934273372079
09:36:07,1.6533388071438695,101.51929189617022,0,0,0,0,0,0,0,0,45,180,forward,27.09,-89,0,1.653287990757546,101.51934273372079
09:36:09,1.6533388071438695,101.51929189617022,0,0,0,0,0,0,0,0,45,180,forward,27.09,-89,0,1.653287990757546,101.51934273372079
09:36:11,1.6533388071438695,101.51929189617022,0,0,0,0,0,0,0,0,45,180,forward,27.09,-89,0,1.653287990757546,101.51934273372079
09:36:14,1.6533388071438695,101.51929189617022,0,0,0,0,0,0,0,0,45,180,forward,27.09,-89,0,1.653287990757546,101.51934273372079
09:36:16,1.6533388071438695,101.51929189617022,0,0,0,0,0,0,0,0,45,180,forward,27.09,-89,0,1.653287990757546,101.51934273372079
09:36:18,1.6533388071438695,101.51929189617022,0,0,0,0,0,0,0,0,45,180,forward,27.09,-89,0,1.653287990757546,101.51934273372079
09:36:20,1.6533388071438695,101.51929189617022,0,0,0,0,0,0,0,0,45,180,forward,27.09,-89,0,1.653287990757546,101.51934273372079
09:36:22,1.6533388071438695,101.51929189617022,0,0,0,0,0,0,0,0,45,180,forward,27.09,-89,0,1.653287990757546,101.51934273372079
09:36:25,1.6533388071438695,101.51929189617022,0,0,0,0,0,0,0,0,45,180,forward,27.09,-89,0,1.653287990757546,101.51934273372079
09:36:27,1.6533388071438695,101.51929189617022,0,0,0,0,0,0,0,0,45,180,forward,27.09,-89,0,1.653287990757546,101.51934273372079
09:36:29,1.6533388071438695,101.51929189617022,0,0,0,0,0,0,0,0,45,180,forward,27.09,-89,0,1.653287990757546,101.51934273372079
09:36:31,1.6533388071438695,101.51929189617022,0,0,0,0,0,0,0,0,45,180,forward,27.09,-89,0,1.653287990757546,101.51934273372079
09:36:33,1.6533388071438695,101.51929189617022,0,0,0,0,0,0,0,0,45,180,forward,27.09,-89,0,1.653287990757546,101.51934273372079
09:36:35,1.6533388071438695,101.51929189617022,0,0,0,0,0,0,0,0,45,180,forward,27.09,-89,0,1.653287990757546,101.51934273372079
09:36:38,1.6533388071438695,101.51929189617022,0,0,0,0,0,0,0,0,45,180,forward,27.09,-89,0,1.653287990757546,101.51934273372079
09:36:40,1.6533388071438695,101.51929189617022,0,0,0,0,0,0,0,0,45,180,forward,27.09,-89,0,1.653287990757546,101.51934273372079
09:36:42,1.6533388071438695,101.51929189617022,0,0,0,0,0,0,0,0,45,180,forward,27.09,-89,0,1.653287990757546,101.51934273372079
09:36:44,1.6533388071438695,101.51929189617022,0,0,0,0,0,0,0,0,45,180,forward,27.09,-89,0,1.653287990757546,101.51934273372079
09:36:46,1.6533388071438695,101.51929189617022,0,0,0,0,0,0,0,0,45,180,forward,27.09,-89,0,1.653287990757546,101.51934273372079
09:36:48,1.6533388071438695,101.51929189617022,0,0,0,0,0,0,0,0,45,180,forward,27.09,-89,0,1.653287990757546,101.51934273372079
09:36:51,1.6533388071438695,101.51929189617022,0,0,0,0,0,0,0,0,45,180,forward,27.09,-89,0,1.653287990757546,101.51934273372079
09:36:53,1.6533388071438695,101.51929189617022,0,0,0,0,0,0,0,0,45,180,forward,27.09,-89,0,1.653287990757546,101.51934273372079
09:36:55,1.6533388071438695,101.51929189617022,0,0,0,0,0,0,0,0,45,180,forward,27.09,-89,0,1.653287990757546,101.51934273372079
09:36:57,1.698785,101.436621,0,0,0,0,0,0,0,0,129,180,forward,10445.61,-9,0,1.6987291502323865,101.43657575386375
09:36:59,1.698785,101.436622,0,0,0,0,0,0,0,0,129,180,forward,10445.51,-10,0,1.6987291502323865,101.43657675386375
09:37:01,1.698785,101.436623,0,0,0,0,0,0,0,0,129,180,forward,10445.41,-10,0,1.6987291502323865,101.43657775386374
09:37:04,1.698785,101.436625,0,0,0,0,0,0,0,0,129,180,forward,10445.22,-10,0,1.6987291502323865,101.43657975386375
09:37:06,1.698785,101.436626,0,0,0,0,0,0,0,0,129,180,forward,10445.12,-10,0,1.6987291502323865,101.43658075386375
09:37:08,1.698784,101.436628,0,0,0,0,0,0,0,0,129,180,forward,10444.87,-10,0,1.6987281502323865,101.43658275386377
09:37:10,1.698784,101.436629,0,0,0,0,0,0,0,0,129,180,forward,10444.78,-10,0,1.6987281502323865,101.43658375386377
09:37:12,1.698784,101.43663,0,0,0,0,0,0,0,0,129,180,forward,10444.68,-10,0,1.6987281502323865,101.43658475386377
09:37:14,1.698784,101.436631,0,0,0,0,0,0,0,0,130,180,forward,10444.58,-10,0,1.6987289480454746,101.43658478561356
09:37:16,1.698785,101.436631,0,0,0,0,0,0,0,0,130,180,forward,10444.64,-11,0,1.6987299480454745,101.43658478561353
09:37:19,1.698785,101.436631,0,0,0,0,0,0,0,0,130,180,forward,10444.64,-11,0,1.6987299480454745,101.43658478561353
09:37:21,1.698786,101.436632,0,0,0,0,0,0,0,0,130,180,forward,10444.59,-11,0,1.6987309480454744,101.43658578561352
09:37:23,1.698786,101.436632,0,0,0,0,0,0,0,0,130,180,forward,10444.59,-11,0,1.6987309480454744,101.43658578561352
09:37:25,1.698787,101.436632,0,0,0,0,0,0,0,0,130,180,forward,10444.65,-11,0,1.6987319480454746,101.43658578561349
09:37:27,1.698787,101.436632,0,0,0,0,0,0,0,0,130,180,forward,10444.65,-11,0,1.6987319480454746,101.43658578561349
09:37:29,1.698787,101.436632,0,0,0,0,0,0,0,0,131,180,forward,10444.65,-11,0,1.6987327626279212,101.43658483144061
09:37:32,1.698787,101.436631,0,0,0,0,0,0,0,0,131,180,forward,10444.74,-12,0,1.6987327626279212,101.43658383144061
09:37:34,1.698787,101.436631,0,0,0,0,0,0,0,0,131,180,forward,10444.74,-12,0,1.6987327626279212,101.43658383144061
09:37:36,1.698787,101.43663,0,0,0,0,0,0,0,0,130,180,forward,10444.84,-12,0,1.6987319480454746,101.43658378561348
09:37:38,1.698786,101.43663,0,0,0,0,0,0,0,0,131,180,forward,10444.79,-12,0,1.698731762627921,101.43658283144063
09:37:40,1.698785,101.43663,0,0,0,0,0,0,0,0,131,180,forward,10444.73,-12,0,1.698730762627921,101.43658283144065
09:37:42,1.698785,101.43663,0,0,0,0,0,0,0,0,131,180,forward,10444.73,-12,0,1.698730762627921,101.43658283144065
09:37:45,1.698784,101.436631,0,0,0,0,0,0,0,0,132,180,forward,10444.58,-13,0,1.6987305937315968,101.43658289163581
09:37:47,1.698784,101.436631,0,0,0,0,0,0,0,0,131,180,forward,10444.58,-12,0,1.6987297626279212,101.43658383144069
09:37:49,1.698784,101.436631,0,0,0,0,0,0,0,0,132,180,forward,10444.58,-13,0,1.6987305937315968,101.43658289163581
09:37:51,1.698784,101.43663,0,0,0,0,0,0,0,0,132,180,forward,10444.68,-13,0,1.6987305937315968,101.4365818916358
09:37:53,1.698785,101.43663,0,0,0,0,0,0,0,0,132,180,forward,10444.73,-13,0,1.6987315937315968,101.43658189163578
09:37:56,1.698785,101.43663,0,0,0,0,0,0,0,0,132,180,forward,10444.73,-13,0,1.6987315937315968,101.43658189163578
09:37:58,1.698786,101.43663,0,0,0,0,0,0,0,0,132,180,forward,10444.79,-13,0,1.6987325937315967,101.43658189163575
09:38:00,1.698785,101.436631,0,0,0,0,0,0,0,0,132,180,forward,10444.64,-13,0,1.6987315937315968,101.4365828916358
09:38:02,1.698784,101.436631,0,0,0,0,0,0,0,0,132,180,forward,10444.58,-13,0,1.6987305937315968,101.43658289163581
09:38:04,1.698784,101.436631,0,0,0,0,0,0,0,0,132,180,forward,10444.58,-13,0,1.6987305937315968,101.43658289163581
09:38:07,1.698783,101.436631,0,0,0,0,0,0,0,0,132,180,forward,10444.53,-13,0,1.6987295937315967,101.43658289163584
09:38:09,1.698782,101.436632,0,0,0,0,0,0,0,0,132,180,forward,10444.38,-13,0,1.6987285937315968,101.43658389163586
09:38:11,1.698782,101.436633,0,0,0,0,0,0,0,0,132,180,forward,10444.28,-13,0,1.6987285937315968,101.43658489163586
09:38:13,1.698782,101.436633,0,0,0,0,0,0,0,0,133,180,forward,10444.28,-14,0,1.6987294411033391,101.43658396648526
09:38:15,1.698783,101.436633,0,0,0,0,0,0,0,0,132,180,forward,10444.33,-13,0,1.6987295937315967,101.43658489163583
09:38:17,1.698783,101.436634,0,0,0,0,0,0,0,0,132,180,forward,10444.24,-13,0,1.6987295937315967,101.43658589163583
09:38:20,1.698783,101.436633,0,0,0,0,0,0,0,0,132,180,forward,10444.33,-13,0,1.6987295937315967,101.43658489163583
09:38:22,1.698783,101.436633,0,0,0,0,0,0,0,0,132,180,forward,10444.33,-13,0,1.6987295937315967,101.43658489163583
09:38:24,1.698784,101.436633,0,0,0,0,0,0,0,0,132,180,forward,10444.39,-14,0,1.6987305937315968,101.4365848916358
09:38:26,1.698784,101.436633,0,0,0,0,0,0,0,0,132,180,forward,10444.39,-14,0,1.6987305937315968,101.4365848916358
09:38:28,1.698785,101.436633,0,0,0,0,0,0,0,0,133,180,forward,10444.44,-14,0,1.698732441103339,101.43658396648519
09:38:30,1.698786,101.436633,0,0,0,0,0,0,0,0,132,180,forward,10444.49,-14,0,1.6987325937315967,101.43658489163576
09:38:32,1.698787,101.436633,0,0,0,0,0,0,0,0,132,180,forward,10444.55,-14,0,1.6987335937315968,101.43658489163573
09:38:35,1.698788,101.436633,0,0,0,0,0,0,0,0,133,180,forward,10444.6,-14,0,1.698735441103339,101.4365839664851
09:38:37,1.698789,101.436632,0,0,0,0,0,0,0,0,132,180,forward,10444.75,-13,0,1.6987355937315969,101.43658389163569
09:38:39,1.69879,101.436631,0,0,0,0,0,0,0,0,133,180,forward,10444.9,-14,0,1.6987374411033391,101.43658196648506
09:38:41,1.69879,101.436631,0,0,0,0,0,0,0,0,133,180,forward,10444.9,-14,0,1.6987374411033391,101.43658196648506
09:38:43,1.698791,101.43663,0,0,0,0,0,0,0,0,133,180,forward,10445.05,-14,0,1.698738441103339,101.43658096648502
09:38:45,1.698792,101.43663,0,0,0,0,0,0,0,0,133,180,forward,10445.11,-14,0,1.6987394411033392,101.436580966485
09:38:48,1.698792,101.436629,0,0,0,0,0,0,0,0,133,180,forward,10445.2,-14,0,1.6987394411033392,101.436579966485
09:38:50,1.698792,101.436629,0,0,0,0,0,0,0,0,133,180,forward,10445.2,-14,0,1.6987394411033392,101.436579966485
09:38:52,1.698792,101.436629,0,0,0,0,0,0,0,0,133,180,forward,10445.2,-14,0,1.6987394411033392,101.436579966485
09:38:54,1.698793,101.436628,0,0,0,0,0,0,0,0,133,180,forward,10445.36,-14,0,1.698740441103339,101.43657896648497
09:38:56,1.698793,101.436628,0,0,0,0,0,0,0,0,133,180,forward,10445.36,-14,0,1.698740441103339,101.43657896648497
09:38:58,1.698793,101.436628,0,0,0,0,0,0,0,0,133,180,forward,10445.36,-14,0,1.698740441103339,101.43657896648497
09:39:01,1.698792,101.436629,0,0,0,0,0,0,0,0,133,180,forward,10445.2,-14,0,1.6987394411033392,101.436579966485
09:39:03,1.698792,101.436629,0,0,0,0,0,0,0,0,133,180,forward,10445.2,-14,0,1.6987394411033392,101.436579966485
09:39:05,1.698791,101.436629,0,0,0,0,0,0,0,0,133,180,forward,10445.15,-14,0,1.698738441103339,101.43657996648503
09:39:07,1.69879,101.43663,0,0,0,0,0,0,0,0,133,180,forward,10445.0,-14,0,1.6987374411033391,101.43658096648505
09:39:09,1.69879,101.436631,0,0,0,0,0,0,0,0,133,180,forward,10444.9,-14,0,1.6987374411033391,101.43658196648506
09:39:12,1.698789,101.436631,0,0,0,0,0,0,0,0,133,180,forward,10444.85,-14,0,1.6987364411033392,101.4365819664851
09:39:14,1.698789,101.436632,0,0,0,0,0,0,0,0,133,180,forward,10444.75,-14,0,1.6987364411033392,101.43658296648509
09:39:16,1.69879,101.436634,0,0,0,0,0,0,0,0,133,180,forward,10444.61,-14,0,1.6987374411033391,101.43658496648506
09:39:18,1.69879,101.436635,0,0,0,0,0,0,0,0,133,180,forward,10444.51,-14,0,1.6987374411033391,101.43658596648505
09:39:20,1.69879,101.436636,0,0,0,0,0,0,0,0,133,180,forward,10444.42,-14,0,1.6987374411033391,101.43658696648505
09:39:22,1.698791,101.436636,0,0,0,0,0,0,0,0,133,180,forward,10444.47,-14,0,1.698738441103339,101.43658696648502
09:39:24,1.698791,101.436637,0,0,0,0,0,0,0,0,133,180,forward,10444.37,-14,0,1.698738441103339,101.43658796648504
09:39:27,1.698791,101.436637,0,0,0,0,0,0,0,0,133,180,forward,10444.37,-14,0,1.698738441103339,101.43658796648504
09:39:29,1.698792,101.436637,0,0,0,0,0,0,0,0,133,180,forward,10444.43,-14,0,1.6987394411033392,101.436587966485
09:39:31,1.698792,101.436637,0,0,0,0,0,0,0,0,134,180,forward,10444.43,-15,0,1.6987403044850304,101.4365870562705
09:39:33,1.698793,101.436637,0,0,0,0,0,0,0,0,133,180,forward,10444.48,-14,0,1.698740441103339,101.43658796648498
09:39:35,1.698794,101.436637,0,0,0,0,0,0,0,0,133,180,forward,10444.53,-14,0,1.698741441103339,101.43658796648496
09:39:37,1.698795,101.436637,0,0,0,0,0,0,0,0,134,180,forward,10444.59,-15,0,1.6987433044850304,101.43658705627041
09:39:40,1.698795,101.436637,0,0,0,0,0,0,0,0,133,180,forward,10444.59,-14,0,1.6987424411033392,101.43658796648494
09:39:42,1.698796,101.436637,0,0,0,0,0,0,0,0,134,180,forward,10444.64,-15,0,1.6987443044850303,101.43658705627038
09:39:44,1.698796,101.436637,0,0,0,0,0,0,0,0,134,180,forward,10444.64,-15,0,1.6987443044850303,101.43658705627038
09:39:46,1.698797,101.436637,0,0,0,0,0,0,0,0,134,180,forward,10444.69,-15,0,1.6987453044850302,101.43658705627035
09:39:48,1.698797,101.436637,0,0,0,0,0,0,0,0,134,180,forward,10444.69,-15,0,1.6987453044850302,101.43658705627035
09:39:50,1.698797,101.436637,0,0,0,0,0,0,0,0,134,180,forward,10444.69,-15,0,1.6987453044850302,101.43658705627035
09:39:52,1.698797,101.436638,0,0,0,0,0,0,0,0,134,180,forward,10444.6,-15,0,1.6987453044850302,101.43658805627035
09:39:54,1.698797,101.436638,0,0,0,0,0,0,0,0,134,180,forward,10444.6,-15,0,1.6987453044850302,101.43658805627035
09:39:57,1.698797,101.436639,0,0,0,0,0,0,0,0,134,180,forward,10444.5,-15,0,1.6987453044850302,101.43658905627035
09:39:59,1.698797,101.436639,0,0,0,0,0,0,0,0,134,180,forward,10444.5,-15,0,1.6987453044850302,101.43658905627035
09:40:01,1.698797,101.43664,0,0,0,0,0,0,0,0,134,180,forward,10444.4,-15,0,1.6987453044850302,101.43659005627035
09:40:03,1.698797,101.43664,0,0,0,0,0,0,0,0,134,180,forward,10444.4,-15,0,1.6987453044850302,101.43659005627035
09:40:05,1.698797,101.43664,0,0,0,0,0,0,0,0,134,180,forward,10444.4,-15,0,1.6987453044850302,101.43659005627035
09:40:08,1.698796,101.43664,0,0,0,0,0,0,0,0,134,180,forward,10444.35,-15,0,1.6987443044850303,101.43659005627038
09:40:10,1.698796,101.43664,0,0,0,0,0,0,0,0,134,180,forward,10444.35,-15,0,1.6987443044850303,101.43659005627038
09:40:12,1.698796,101.436639,0,0,0,0,0,0,0,0,134,180,forward,10444.45,-15,0,1.6987443044850303,101.43658905627038
09:40:14,1.698796,101.436639,0,0,0,0,0,0,0,0,134,180,forward,10444.45,-15,0,1.6987443044850303,101.43658905627038
09:40:16,1.698796,101.436639,0,0,0,0,0,0,0,0,134,180,forward,10444.45,-15,0,1.6987443044850303,101.43658905627038
09:40:18,1.698795,101.436639,0,0,0,0,0,0,0,0,134,180,forward,10444.39,-15,0,1.6987433044850304,101.4365890562704
09:40:21,1.698795,101.436638,0,0,0,0,0,0,0,0,134,180,forward,10444.49,-15,0,1.6987433044850304,101.43658805627041
09:40:23,1.698795,101.436638,0,0,0,0,0,0,0,0,134,180,forward,10444.49,-15,0,1.6987433044850304,101.43658805627041
09:40:25,1.698794,101.436637,0,0,0,0,0,0,0,0,134,180,forward,10444.53,-15,0,1.6987423044850303,101.43658705627044
09:40:27,1.698794,101.436636,0,0,0,0,0,0,0,0,134,180,forward,10444.63,-15,0,1.6987423044850303,101.43658605627043
09:40:29,1.698794,101.436635,0,0,0,0,0,0,0,0,134,180,forward,10444.73,-15,0,1.6987423044850303,101.43658505627043
09:40:31,1.698794,101.436633,0,0,0,0,0,0,0,0,134,180,forward,10444.92,-15,0,1.6987423044850303,101.43658305627044
09:40:34,1.698794,101.436632,0,0,0,0,0,0,0,0,134,180,forward,10445.02,-15,0,1.6987423044850303,101.43658205627044
09:40:36,1.698794,101.43663,0,0,0,0,0,0,0,0,134,180,forward,10445.21,-15,0,1.6987423044850303,101.43658005627043
09:40:38,1.698794,101.436629,0,0,0,0,0,0,0,0,134,180,forward,10445.31,-15,0,1.6987423044850303,101.43657905627043
09:40:40,1.698794,101.436627,0,0,0,0,0,0,0,0,134,180,forward,10445.51,-15,0,1.6987423044850303,101.43657705627044
09:40:42,1.698793,101.436626,0,0,0,0,0,0,0,0,133,180,forward,10445.55,-14,0,1.698740441103339,101.43657696648498
09:40:44,1.698793,101.436624,0,0,0,0,0,0,0,0,134,180,forward,10445.74,-15,0,1.6987413044850304,101.43657405627046
09:40:46,1.698793,101.436622,0,0,0,0,0,0,0,0,133,180,forward,10445.94,-15,0,1.698740441103339,101.43657296648497
09:40:49,1.698792,101.436622,0,0,0,0,0,0,0,0,133,180,forward,10445.89,-14,0,1.6987394411033392,101.436572966485
09:40:51,1.698792,101.43662,0,0,0,0,0,0,0,0,133,180,forward,10446.08,-14,0,1.6987394411033392,101.43657096648501
09:40:53,1.698792,101.43662,0,0,0,0,0,0,0,0,133,180,forward,10446.08,-14,0,1.6987394411033392,101.43657096648501
09:40:55,1.698791,101.436619,0,0,0,0,0,0,0,0,133,180,forward,10446.12,-14,0,1.698738441103339,101.43656996648502
09:40:57,1.698791,101.436618,0,0,0,0,0,0,0,0,132,180,forward,10446.22,-14,0,1.6987375937315967,101.43656989163563
09:41:00,1.69879,101.436618,0,0,0,0,0,0,0,0,133,180,forward,10446.17,-14,0,1.6987374411033391,101.43656896648505
09:41:02,1.69879,101.436617,0,0,0,0,0,0,0,0,132,180,forward,10446.27,-13,0,1.6987365937315968,101.43656889163566
09:41:04,1.698789,101.436616,0,0,0,0,0,0,0,0,132,180,forward,10446.31,-13,0,1.6987355937315969,101.43656789163569
09:41:06,1.698789,101.436615,0,0,0,0,0,0,0,0,132,180,forward,10446.41,-13,0,1.6987355937315969,101.43656689163569
09:41:08,1.698789,101.436614,0,0,0,0,0,0,0,0,132,180,forward,10446.5,-13,0,1.6987355937315969,101.4365658916357
09:41:10,1.698789,101.436614,0,0,0,0,0,0,0,0,131,180,forward,10446.5,-13,0,1.6987347626279212,101.43656683144056
09:41:13,1.698789,101.436614,0,0,0,0,0,0,0,0,132,180,forward,10446.5,-13,0,1.6987355937315969,101.4365658916357
09:41:15,1.698788,101.436614,0,0,0,0,0,0,0,0,132,180,forward,10446.45,-13,0,1.6987345937315967,101.43656589163571
09:41:17,1.698787,101.436614,0,0,0,0,0,0,0,0,131,180,forward,10446.4,-12,0,1.6987327626279212,101.43656683144062
09:41:19,1.698786,101.436614,0,0,0,0,0,0,0,0,131,180,forward,10446.34,-12,0,1.698731762627921,101.43656683144064
09:41:21,1.698786,101.436615,0,0,0,0,0,0,0,0,131,180,forward,10446.25,-12,0,1.698731762627921,101.43656783144064
09:41:23,1.698784,101.436615,0,0,0,0,0,0,0,0,130,180,forward,10446.14,-11,0,1.6987289480454746,101.43656878561356
09:41:25,1.698784,101.436615,0,0,0,0,0,0,0,0,131,180,forward,10446.14,-12,0,1.6987297626279212,101.43656783144068
09:41:27,1.698784,101.436616,0,0,0,0,0,0,0,0,131,180,forward,10446.04,-11,0,1.6987297626279212,101.43656883144068
09:41:30,1.698783,101.436616,0,0,0,0,0,0,0,0,130,180,forward,10445.99,-11,0,1.6987279480454744,101.43656978561359
09:41:32,1.698783,101.436615,0,0,0,0,0,0,0,0,130,180,forward,10446.09,-11,0,1.6987279480454744,101.43656878561359
09:41:34,1.698783,101.436615,0,0,0,0,0,0,0,0,130,180,forward,10446.09,-11,0,1.6987279480454744,101.43656878561359
09:41:36,1.698784,101.436614,0,0,0,0,0,0,0,0,130,180,forward,10446.24,-11,0,1.6987289480454746,101.43656778561356
09:41:38,1.698784,101.436614,0,0,0,0,0,0,0,0,129,180,forward,10446.24,-10,0,1.6987281502323865,101.43656875386378
09:41:41,1.698785,101.436613,0,0,0,0,0,0,0,0,129,180,forward,10446.39,-10,0,1.6987291502323865,101.43656775386374
09:41:43,1.698785,101.436613,0,0,0,0,0,0,0,0,130,180,forward,10446.39,-11,0,1.6987299480454745,101.43656678561352
09:41:45,1.698785,101.436613,0,0,0,0,0,0,0,0,129,180,forward,10446.39,-11,0,1.6987291502323865,101.43656775386374
09:41:47,1.698785,101.436613,0,0,0,0,0,0,0,0,129,180,forward,10446.39,-10,0,1.6987291502323865,101.43656775386374
09:41:49,1.698785,101.436613,0,0,0,0,0,0,0,0,129,180,forward,10446.39,-10,0,1.6987291502323865,101.43656775386374
09:41:51,1.698785,101.436612,0,0,0,0,0,0,0,0,129,180,forward,10446.48,-10,0,1.6987291502323865,101.43656675386374
09:41:54,1.698785,101.43661,0,0,0,0,0,0,0,0,129,180,forward,10446.68,-10,0,1.6987291502323865,101.43656475386375
09:41:56,1.698785,101.436608,0,0,0,0,0,0,0,0,128,180,forward,10446.87,-9,0,1.6987283694316788,101.4365637358964
09:41:58,1.698786,101.436606,0,0,0,0,0,0,0,0,129,180,forward,10447.12,-10,0,1.6987301502323864,101.43656075386373
09:42:00,1.698786,101.436605,0,0,0,0,0,0,0,0,128,180,forward,10447.22,-9,0,1.6987293694316787,101.43656073589636
09:42:02,1.698785,101.436604,0,0,0,0,0,0,0,0,128,180,forward,10447.26,-9,0,1.6987283694316788,101.4365597358964
09:42:04,1.698785,101.436603,0,0,0,0,0,0,0,0,128,180,forward,10447.36,-9,0,1.6987283694316788,101.4365587358964
09:42:07,1.698786,101.436604,0,0,0,0,0,0,0,0,128,180,forward,10447.32,-9,0,1.6987293694316787,101.43655973589637
09:42:09,1.698786,101.436604,0,0,0,0,0,0,0,0,128,180,forward,10447.32,-9,0,1.6987293694316787,101.43655973589637
09:42:11,1.698786,101.436604,0,0,0,0,0,0,0,0,128,180,forward,10447.32,-9,0,1.6987293694316787,101.43655973589637
09:42:13,1.698786,101.436604,0,0,0,0,0,0,0,0,128,180,forward,10447.32,-9,0,1.6987293694316787,101.43655973589637
09:42:15,1.698785,101.436603,0,0,0,0,0,0,0,0,127,180,forward,10447.36,-9,0,1.6987276058811906,101.4365597314123
09:42:18,1.698785,101.436602,0,0,0,0,0,0,0,0,127,180,forward,10447.46,-8,0,1.6987276058811906,101.43655873141229
09:42:20,1.698785,101.436601,0,0,0,0,0,0,0,0,127,180,forward,10447.56,-8,0,1.6987276058811906,101.4365577314123
09:42:22,1.698785,101.4366,0,0,0,0,0,0,0,0,127,180,forward,10447.65,-8,0,1.6987276058811906,101.4365567314123
09:42:24,1.698786,101.436599,0,0,0,0,0,0,0,0,127,180,forward,10447.8,-8,0,1.6987286058811906,101.43655573141228
09:42:26,1.698786,101.436598,0,0,0,0,0,0,0,0,127,180,forward,10447.9,-8,0,1.6987286058811906,101.43655473141229
09:42:28,1.698787,101.436598,0,0,0,0,0,0,0,0,127,180,forward,10447.95,-8,0,1.6987296058811907,101.43655473141226
09:42:31,1.698787,101.436598,0,0,0,0,0,0,0,0,128,180,forward,10447.95,-9,0,1.6987303694316789,101.43655373589635
09:42:33,1.698787,101.436599,0,0,0,0,0,0,0,0,127,180,forward,10447.86,-8,0,1.6987296058811907,101.43655573141226
09:42:35,1.698787,101.436599,0,0,0,0,0,0,0,0,127,180,forward,10447.86,-9,0,1.6987296058811907,101.43655573141226
09:42:37,1.698787,101.4366,0,0,0,0,0,0,0,0,127,180,forward,10447.76,-8,0,1.6987296058811907,101.43655673141225
09:42:39,1.698787,101.436601,0,0,0,0,0,0,0,0,127,180,forward,10447.66,-8,0,1.6987296058811907,101.43655773141225
09:42:42,1.698787,101.436602,0,0,0,0,0,0,0,0,127,180,forward,10447.56,-8,0,1.6987296058811907,101.43655873141225
09:42:44,1.698787,101.436603,0,0,0,0,0,0,0,0,127,180,forward,10447.47,-8,0,1.6987296058811907,101.43655973141226
09:42:46,1.698787,101.436603,0,0,0,0,0,0,0,0,127,180,forward,10447.47,-8,0,1.6987296058811907,101.43655973141226
09:42:48,1.698787,101.436604,0,0,0,0,0,0,0,0,127,180,forward,10447.37,-9,0,1.6987296058811907,101.43656073141226
09:42:50,1.698787,101.436605,0,0,0,0,0,0,0,0,127,180,forward,10447.27,-8,0,1.6987296058811907,101.43656173141225
09:42:52,1.698787,101.436605,0,0,0,0,0,0,0,0,128,180,forward,10447.27,-9,0,1.6987303694316789,101.43656073589635
09:42:54,1.698787,101.436605,0,0,0,0,0,0,0,0,128,180,forward,10447.27,-8,0,1.6987303694316789,101.43656073589635
09:42:57,1.698787,101.436605,0,0,0,0,0,0,0,0,127,180,forward,10447.27,-8,0,1.6987296058811907,101.43656173141225
09:42:59,1.698787,101.436606,0,0,0,0,0,0,0,0,128,180,forward,10447.18,-9,0,1.6987303694316789,101.43656173589635
09:43:01,1.698787,101.436606,0,0,0,0,0,0,0,0,128,180,forward,10447.18,-9,0,1.6987303694316789,101.43656173589635
09:43:03,1.698787,101.436606,0,0,0,0,0,0,0,0,128,180,forward,10447.18,-9,0,1.6987303694316789,101.43656173589635
09:43:05,1.698789,101.436606,0,0,0,0,0,0,0,0,128,180,forward,10447.28,-9,0,1.698732369431679,101.43656173589629
09:43:07,1.698789,101.436606,0,0,0,0,0,0,0,0,128,180,forward,10447.28,-9,0,1.698732369431679,101.43656173589629
09:43:10,1.69879,101.436605,0,0,0,0,0,0,0,0,128,180,forward,10447.43,-9,0,1.6987333694316789,101.43656073589628
09:43:12,1.698791,101.436605,0,0,0,0,0,0,0,0,128,180,forward,10447.49,-9,0,1.6987343694316788,101.43656073589625
09:43:14,1.698791,101.436605,0,0,0,0,0,0,0,0,128,180,forward,10447.49,-9,0,1.6987343694316788,101.43656073589625
09:43:16,1.698792,101.436606,0,0,0,0,0,0,0,0,128,180,forward,10447.44,-9,0,1.698735369431679,101.43656173589622
09:43:18,1.698792,101.436607,0,0,0,0,0,0,0,0,128,180,forward,10447.35,-9,0,1.698735369431679,101.43656273589622
09:43:20,1.698793,101.436609,0,0,0,0,0,0,0,0,128,180,forward,10447.2,-10,0,1.6987363694316788,101.43656473589621
09:43:23,1.698793,101.436611,0,0,0,0,0,0,0,0,129,180,forward,10447.01,-10,0,1.6987371502323865,101.43656575386356
09:43:25,1.698794,101.436613,0,0,0,0,0,0,0,0,129,180,forward,10446.87,-10,0,1.6987381502323864,101.43656775386354
09:43:27,1.698794,101.436615,0,0,0,0,0,0,0,0,129,180,forward,10446.67,-10,0,1.6987381502323864,101.43656975386355
09:43:29,1.698794,101.436616,0,0,0,0,0,0,0,0,129,180,forward,10446.58,-10,0,1.6987381502323864,101.43657075386355
09:43:31,1.698795,101.436618,0,0,0,0,0,0,0,0,129,180,forward,10446.43,-10,0,1.6987391502323865,101.43657275386352
09:43:33,1.698795,101.436619,0,0,0,0,0,0,0,0,129,180,forward,10446.34,-10,0,1.6987391502323865,101.43657375386351
09:43:35,1.698797,101.43662,0,0,0,0,0,0,0,0,129,180,forward,10446.35,-10,0,1.6987411502323864,101.43657475386348
09:43:38,1.698798,101.43662,0,0,0,0,0,0,0,0,129,180,forward,10446.4,-10,0,1.6987421502323865,101.43657475386345
09:43:40,1.698799,101.436621,0,0,0,0,0,0,0,0,129,180,forward,10446.36,-10,0,1.6987431502323864,101.43657575386342
09:43:42,1.6988,101.436621,0,0,0,0,0,0,0,0,129,180,forward,10446.41,-10,0,1.6987441502323866,101.43657575386341
09:43:44,1.6988,101.436621,0,0,0,0,0,0,0,0,130,180,forward,10446.41,-11,0,1.6987449480454746,101.43657478561317
09:43:46,1.6988,101.436621,0,0,0,0,0,0,0,0,130,180,forward,10446.41,-11,0,1.6987449480454746,101.43657478561317
09:43:48,1.6988,101.436621,0,0,0,0,0,0,0,0,130,180,forward,10446.41,-11,0,1.6987449480454746,101.43657478561317
09:43:51,1.6988,101.436621,0,0,0,0,0,0,0,0,130,180,forward,10446.41,-11,0,1.6987449480454746,101.43657478561317
09:43:53,1.6988,101.436622,0,0,0,0,0,0,0,0,130,180,forward,10446.31,-11,0,1.6987449480454746,101.43657578561317
09:43:55,1.698799,101.436623,0,0,0,0,0,0,0,0,130,180,forward,10446.16,-11,0,1.6987439480454745,101.4365767856132
09:43:57,1.698799,101.436624,0,0,0,0,0,0,0,0,130,180,forward,10446.06,-11,0,1.6987439480454745,101.4365777856132
09:43:59,1.698798,101.436625,0,0,0,0,0,0,0,0,130,180,forward,10445.91,-11,0,1.6987429480454745,101.43657878561322
09:44:01,1.698797,101.436627,0,0,0,0,0,0,0,0,131,180,forward,10445.67,-11,0,1.698742762627921,101.43657983144037
09:44:03,1.698797,101.436628,0,0,0,0,0,0,0,0,131,180,forward,10445.57,-12,0,1.698742762627921,101.43658083144037
09:44:06,1.698796,101.436629,0,0,0,0,0,0,0,0,131,180,forward,10445.42,-12,0,1.698741762627921,101.43658183144038
09:44:08,1.698795,101.436631,0,0,0,0,0,0,0,0,131,180,forward,10445.17,-12,0,1.6987407626279212,101.43658383144042
09:44:10,1.698795,101.436632,0,0,0,0,0,0,0,0,131,180,forward,10445.07,-12,0,1.6987407626279212,101.43658483144041
09:44:12,1.698795,101.436633,0,0,0,0,0,0,0,0,131,180,forward,10444.98,-12,0,1.6987407626279212,101.43658583144041
09:44:14,1.698795,101.436634,0,0,0,0,0,0,0,0,131,180,forward,10444.88,-12,0,1.6987407626279212,101.43658683144041
09:44:16,1.698795,101.436635,0,0,0,0,0,0,0,0,131,180,forward,10444.78,-12,0,1.6987407626279212,101.4365878314404
09:44:19,1.698795,101.436635,0,0,0,0,0,0,0,0,131,180,forward,10444.78,-12,0,1.6987407626279212,101.4365878314404
09:44:21,1.698795,101.436635,0,0,0,0,0,0,0,0,132,180,forward,10444.78,-13,0,1.6987415937315968,101.43658689163553
09:44:23,1.698795,101.436635,0,0,0,0,0,0,0,0,132,180,forward,10444.78,-12,0,1.6987415937315968,101.43658689163553
09:44:25,1.698796,101.436635,0,0,0,0,0,0,0,0,132,180,forward,10444.83,-13,0,1.6987425937315968,101.4365868916355
09:44:27,1.698796,101.436635,0,0,0,0,0,0,0,0,132,180,forward,10444.83,-13,0,1.6987425937315968,101.4365868916355
09:44:29,1.698796,101.436635,0,0,0,0,0,0,0,0,132,180,forward,10444.83,-13,0,1.6987425937315968,101.4365868916355
09:44:32,1.698797,101.436635,0,0,0,0,0,0,0,0,132,180,forward,10444.89,-13,0,1.6987435937315967,101.43658689163549
09:44:34,1.698797,101.436635,0,0,0,0,0,0,0,0,132,180,forward,10444.89,-13,0,1.6987435937315967,101.43658689163549
09:44:36,1.698797,101.436635,0,0,0,0,0,0,0,0,132,180,forward,10444.89,-13,0,1.6987435937315967,101.43658689163549
09:44:38,1.698797,101.436635,0,0,0,0,0,0,0,0,132,180,forward,10444.89,-13,0,1.6987435937315967,101.43658689163549
09:44:40,1.698798,101.436635,0,0,0,0,0,0,0,0,132,180,forward,10444.94,-13,0,1.6987445937315968,101.43658689163546
09:44:42,1.698798,101.436636,0,0,0,0,0,0,0,0,132,180,forward,10444.84,-14,0,1.6987445937315968,101.43658789163545
09:44:45,1.698798,101.436637,0,0,0,0,0,0,0,0,133,180,forward,10444.75,-14,0,1.6987454411033391,101.43658796648486
09:44:47,1.698798,101.436638,0,0,0,0,0,0,0,0,133,180,forward,10444.65,-14,0,1.6987454411033391,101.43658896648486
09:44:49,1.698798,101.436639,0,0,0,0,0,0,0,0,133,180,forward,10444.55,-14,0,1.6987454411033391,101.43658996648486
09:44:51,1.698797,101.436639,0,0,0,0,0,0,0,0,133,180,forward,10444.5,-14,0,1.698744441103339,101.43658996648487
09:44:53,1.698797,101.436639,0,0,0,0,0,0,0,0,133,180,forward,10444.5,-14,0,1.698744441103339,101.43658996648487
09:44:55,1.698797,101.436638,0,0,0,0,0,0,0,0,133,180,forward,10444.6,-14,0,1.698744441103339,101.43658896648488
09:44:58,1.698797,101.436638,0,0,0,0,0,0,0,0,133,180,forward,10444.6,-14,0,1.698744441103339,101.43658896648488
09:45:00,1.698797,101.436637,0,0,0,0,0,0,0,0,133,180,forward,10444.69,-14,0,1.698744441103339,101.43658796648488
09:45:02,1.698798,101.436637,0,0,0,0,0,0,0,0,133,180,forward,10444.75,-14,0,1.6987454411033391,101.43658796648486
09:45:04,1.698798,101.436636,0,0,0,0,0,0,0,0,134,180,forward,10444.84,-14,0,1.6987463044850304,101.43658605627033
09:45:06,1.698799,101.436636,0,0,0,0,0,0,0,0,133,180,forward,10444.9,-14,0,1.698746441103339,101.43658696648482
09:45:08,1.698799,101.436636,0,0,0,0,0,0,0,0,134,180,forward,10444.9,-15,0,1.6987473044850303,101.4365860562703
09:45:11,1.698799,101.436635,0,0,0,0,0,0,0,0,133,180,forward,10444.99,-14,0,1.698746441103339,101.43658596648483
09:45:13,1.698799,101.436635,0,0,0,0,0,0,0,0,134,180,forward,10444.99,-15,0,1.6987473044850303,101.4365850562703
09:45:15,1.698799,101.436635,0,0,0,0,0,0,0,0,134,180,forward,10444.99,-15,0,1.6987473044850303,101.4365850562703
09:45:17,1.698799,101.436635,0,0,0,0,0,0,0,0,134,180,forward,10444.99,-15,0,1.6987473044850303,101.4365850562703
09:45:19,1.698799,101.436635,0,0,0,0,0,0,0,0,134,180,forward,10444.99,-15,0,1.6987473044850303,101.4365850562703
09:45:22,1.698799,101.436634,0,0,0,0,0,0,0,0,134,180,forward,10445.09,-15,0,1.6987473044850303,101.4365840562703
09:45:24,1.698799,101.436634,0,0,0,0,0,0,0,0,134,180,forward,10445.09,-15,0,1.6987473044850303,101.4365840562703
09:45:26,1.698799,101.436634,0,0,0,0,0,0,0,0,134,180,forward,10445.09,-15,0,1.6987473044850303,101.4365840562703
09:45:28,1.6988,101.436634,0,0,0,0,0,0,0,0,134,180,forward,10445.15,-15,0,1.6987483044850304,101.43658405627028
09:45:30,1.6988,101.436633,0,0,0,0,0,0,0,0,134,180,forward,10445.24,-15,0,1.6987483044850304,101.43658305627028
09:45:33,1.6988,101.436633,0,0,0,0,0,0,0,0,134,180,forward,10445.24,-15,0,1.6987483044850304,101.43658305627028
09:45:35,1.6988,101.436633,0,0,0,0,0,0,0,0,134,180,forward,10445.24,-15,0,1.6987483044850304,101.43658305627028
09:45:37,1.6988,101.436632,0,0,0,0,0,0,0,0,134,180,forward,10445.34,-15,0,1.6987483044850304,101.43658205627028
09:45:39,1.6988,101.436632,0,0,0,0,0,0,0,0,134,180,forward,10445.34,-15,0,1.6987483044850304,101.43658205627028
09:45:41,1.6988,101.436632,0,0,0,0,0,0,0,0,134,180,forward,10445.34,-15,0,1.6987483044850304,101.43658205627028
09:45:43,1.6988,101.436631,0,0,0,0,0,0,0,0,134,180,forward,10445.44,-15,0,1.6987483044850304,101.43658105627028
09:45:46,1.6988,101.436631,0,0,0,0,0,0,0,0,134,180,forward,10445.44,-15,0,1.6987483044850304,101.43658105627028
09:45:48,1.6988,101.43663,0,0,0,0,0,0,0,0,134,180,forward,10445.53,-15,0,1.6987483044850304,101.43658005627027
09:45:50,1.6988,101.436629,0,0,0,0,0,0,0,0,134,180,forward,10445.63,-15,0,1.6987483044850304,101.43657905627028
09:45:52,1.698799,101.436629,0,0,0,0,0,0,0,0,134,180,forward,10445.58,-15,0,1.6987473044850303,101.4365790562703
09:45:54,1.698799,101.436628,0,0,0,0,0,0,0,0,133,180,forward,10445.68,-14,0,1.698746441103339,101.43657896648483
09:45:56,1.698799,101.436628,0,0,0,0,0,0,0,0,134,180,forward,10445.68,-15,0,1.6987473044850303,101.4365780562703
09:45:59,1.698798,101.436627,0,0,0,0,0,0,0,0,134,180,forward,10445.72,-15,0,1.6987463044850304,101.43657705627034
09:46:01,1.698798,101.436626,0,0,0,0,0,0,0,0,133,180,forward,10445.82,-14,0,1.6987454411033391,101.43657696648486
09:46:03,1.698797,101.436626,0,0,0,0,0,0,0,0,133,180,forward,10445.76,-14,0,1.698744441103339,101.43657696648488
09:46:05,1.698796,101.436626,0,0,0,0,0,0,0,0,133,180,forward,10445.71,-14,0,1.698743441103339,101.4365769664849
09:46:07,1.698795,101.436626,0,0,0,0,0,0,0,0,133,180,forward,10445.66,-14,0,1.6987424411033392,101.43657696648494
09:46:10,1.698794,101.436624,0,0,0,0,0,0,0,0,133,180,forward,10445.8,-14,0,1.698741441103339,101.43657496648495
09:46:12,1.698793,101.436623,0,0,0,0,0,0,0,0,133,180,forward,10445.84,-14,0,1.698740441103339,101.43657396648497
09:46:14,1.698792,101.436623,0,0,0,0,0,0,0,0,133,180,forward,10445.79,-14,0,1.6987394411033392,101.436573966485
09:46:16,1.698792,101.436622,0,0,0,0,0,0,0,0,132,180,forward,10445.89,-14,0,1.6987385937315969,101.4365738916356
09:46:18,1.69879,101.436621,0,0,0,0,0,0,0,0,132,180,forward,10445.88,-13,0,1.6987365937315968,101.43657289163566
09:46:20,1.698789,101.43662,0,0,0,0,0,0,0,0,133,180,forward,10445.92,-13,0,1.6987364411033392,101.43657096648509
09:46:23,1.698788,101.436619,0,0,0,0,0,0,0,0,133,180,forward,10445.96,-14,0,1.698735441103339,101.4365699664851
09:46:25,1.698787,101.436619,0,0,0,0,0,0,0,0,132,180,forward,10445.91,-13,0,1.6987335937315968,101.43657089163572
09:46:27,1.698787,101.436618,0,0,0,0,0,0,0,0,132,180,forward,10446.01,-13,0,1.6987335937315968,101.43656989163573
09:46:29,1.698786,101.436619,0,0,0,0,0,0,0,0,132,180,forward,10445.86,-13,0,1.6987325937315967,101.43657089163575
09:46:31,1.698785,101.436619,0,0,0,0,0,0,0,0,132,180,forward,10445.8,-13,0,1.6987315937315968,101.43657089163578
09:46:34,1.698784,101.436619,0,0,0,0,0,0,0,0,132,180,forward,10445.75,-13,0,1.6987305937315968,101.4365708916358
09:46:36,1.698784,101.436618,0,0,0,0,0,0,0,0,132,180,forward,10445.85,-13,0,1.6987305937315968,101.4365698916358
09:46:38,1.698783,101.436618,0,0,0,0,0,0,0,0,132,180,forward,10445.79,-13,0,1.6987295937315967,101.43656989163583
09:46:40,1.698783,101.436617,0,0,0,0,0,0,0,0,132,180,forward,10445.89,-13,0,1.6987295937315967,101.43656889163583
09:46:42,1.698783,101.436616,0,0,0,0,0,0,0,0,131,180,forward,10445.99,-12,0,1.698728762627921,101.43656883144071
09:46:44,1.698782,101.436615,0,0,0,0,0,0,0,0,131,180,forward,10446.03,-12,0,1.6987277626279211,101.43656783144073
09:46:47,1.698781,101.436613,0,0,0,0,0,0,0,0,131,180,forward,10446.17,-12,0,1.6987267626279212,101.43656583144075
09:46:49,1.698781,101.436612,0,0,0,0,0,0,0,0,131,180,forward,10446.27,-12,0,1.6987267626279212,101.43656483144075
09:46:51,1.698781,101.436611,0,0,0,0,0,0,0,0,131,180,forward,10446.37,-12,0,1.6987267626279212,101.43656383144075
09:46:53,1.698781,101.43661,0,0,0,0,0,0,0,0,131,180,forward,10446.47,-12,0,1.6987267626279212,101.43656283144075
09:46:55,1.69878,101.43661,0,0,0,0,0,0,0,0,131,180,forward,10446.41,-12,0,1.698725762627921,101.43656283144078
09:46:57,1.69878,101.43661,0,0,0,0,0,0,0,0,130,180,forward,10446.41,-11,0,1.6987249480454745,101.43656378561366
09:47:00,1.698779,101.43661,0,0,0,0,0,0,0,0,130,180,forward,10446.36,-11,0,1.6987239480454746,101.43656378561367
09:47:02,1.698779,101.436609,0,0,0,0,0,0,0,0,130,180,forward,10446.46,-11,0,1.6987239480454746,101.43656278561367
09:47:04,1.698778,101.436607,0,0,0,0,0,0,0,0,130,180,forward,10446.6,-11,0,1.6987229480454744,101.4365607856137
09:47:06,1.698778,101.436606,0,0,0,0,0,0,0,0,130,180,forward,10446.69,-11,0,1.6987229480454744,101.4365597856137
09:47:08,1.698777,101.436605,0,0,0,0,0,0,0,0,130,180,forward,10446.74,-11,0,1.6987219480454745,101.43655878561373
09:47:11,1.698777,101.436605,0,0,0,0,0,0,0,0,129,180,forward,10446.74,-10,0,1.6987211502323865,101.43655975386395
09:47:13,1.698776,101.436605,0,0,0,0,0,0,0,0,129,180,forward,10446.69,-10,0,1.6987201502323865,101.43655975386396
09:47:15,1.698775,101.436605,0,0,0,0,0,0,0,0,129,180,forward,10446.63,-10,0,1.6987191502323864,101.43655975386399
09:47:17,1.698775,101.436605,0,0,0,0,0,0,0,0,129,180,forward,10446.63,-10,0,1.6987191502323864,101.43655975386399
09:47:19,1.698775,101.436604,0,0,0,0,0,0,0,0,129,180,forward,10446.73,-10,0,1.6987191502323864,101.43655875386399
09:47:21,1.698775,101.436604,0,0,0,0,0,0,0,0,129,180,forward,10446.73,-10,0,1.6987191502323864,101.43655875386399
09:47:24,1.698776,101.436603,0,0,0,0,0,0,0,0,128,180,forward,10446.88,-9,0,1.698719369431679,101.4365587358966
09:47:26,1.698776,101.436601,0,0,0,0,0,0,0,0,129,180,forward,10447.07,-10,0,1.6987201502323865,101.43655575386396
09:47:28,1.698776,101.436601,0,0,0,0,0,0,0,0,128,180,forward,10447.07,-9,0,1.698719369431679,101.43655673589659
09:47:30,1.698776,101.436601,0,0,0,0,0,0,0,0,128,180,forward,10447.07,-9,0,1.698719369431679,101.43655673589659
09:47:32,1.698775,101.4366,0,0,0,0,0,0,0,0,128,180,forward,10447.12,-9,0,1.6987183694316788,101.43655573589662
09:47:34,1.698776,101.4366,0,0,0,0,0,0,0,0,128,180,forward,10447.17,-9,0,1.698719369431679,101.43655573589659
09:47:36,1.698776,101.4366,0,0,0,0,0,0,0,0,128,180,forward,10447.17,-9,0,1.698719369431679,101.43655573589659
09:47:39,1.698776,101.436599,0,0,0,0,0,0,0,0,128,180,forward,10447.27,-9,0,1.698719369431679,101.43655473589659
09:47:41,1.698776,101.436598,0,0,0,0,0,0,0,0,127,180,forward,10447.37,-8,0,1.6987186058811907,101.4365547314125
09:47:43,1.698776,101.436597,0,0,0,0,0,0,0,0,127,180,forward,10447.46,-8,0,1.6987186058811907,101.4365537314125
09:47:45,1.698776,101.436595,0,0,0,0,0,0,0,0,127,180,forward,10447.66,-8,0,1.6987186058811907,101.4365517314125
09:47:47,1.698776,101.436594,0,0,0,0,0,0,0,0,127,180,forward,10447.76,-8,0,1.6987186058811907,101.4365507314125
09:47:49,1.698776,101.436594,0,0,0,0,0,0,0,0,127,180,forward,10447.76,-8,0,1.6987186058811907,101.4365507314125
09:47:52,1.698775,101.436593,0,0,0,0,0,0,0,0,127,180,forward,10447.8,-8,0,1.6987176058811906,101.43654973141253
09:47:54,1.698776,101.436593,0,0,0,0,0,0,0,0,127,180,forward,10447.85,-8,0,1.6987186058811907,101.4365497314125
09:47:56,1.698775,101.436593,0,0,0,0,0,0,0,0,127,180,forward,10447.8,-8,0,1.6987176058811906,101.43654973141253
09:47:58,1.698775,101.436593,0,0,0,0,0,0,0,0,127,180,forward,10447.8,-8,0,1.6987176058811906,101.43654973141253
09:48:00,1.698775,101.436593,0,0,0,0,0,0,0,0,127,180,forward,10447.8,-8,0,1.6987176058811906,101.43654973141253
09:48:02,1.698775,101.436593,0,0,0,0,0,0,0,0,127,180,forward,10447.8,-7,0,1.6987176058811906,101.43654973141253
09:48:05,1.698775,101.436592,0,0,0,0,0,0,0,0,127,180,forward,10447.9,-8,0,1.6987176058811906,101.43654873141253
09:48:07,1.698774,101.436592,0,0,0,0,0,0,0,0,127,180,forward,10447.84,-8,0,1.6987166058811907,101.43654873141254
09:48:09,1.698774,101.436591,0,0,0,0,0,0,0,0,127,180,forward,10447.94,-8,0,1.6987166058811907,101.43654773141255
09:48:11,1.698774,101.43659,0,0,0,0,0,0,0,0,127,180,forward,10448.04,-8,0,1.6987166058811907,101.43654673141253
09:48:13,1.698774,101.43659,0,0,0,0,0,0,0,0,126,180,forward,10448.04,-8,0,1.6987158598135073,101.43654774010848
09:48:15,1.698774,101.436589,0,0,0,0,0,0,0,0,126,180,forward,10448.14,-7,0,1.6987158598135073,101.43654674010848
09:48:17,1.698774,101.436588,0,0,0,0,0,0,0,0,126,180,forward,10448.23,-7,0,1.6987158598135073,101.43654574010849
09:48:19,1.698774,101.436588,0,0,0,0,0,0,0,0,126,180,forward,10448.23,-7,0,1.6987158598135073,101.43654574010849
09:48:21,1.698774,101.436587,0,0,0,0,0,0,0,0,126,180,forward,10448.33,-7,0,1.6987158598135073,101.43654474010849
09:48:24,1.698774,101.436587,0,0,0,0,0,0,0,0,126,180,forward,10448.33,-7,0,1.6987158598135073,101.43654474010849
09:48:26,1.698775,101.436587,0,0,0,0,0,0,0,0,126,180,forward,10448.38,-7,0,1.6987168598135072,101.43654474010846
09:48:28,1.698775,101.436587,0,0,0,0,0,0,0,0,126,180,forward,10448.38,-7,0,1.6987168598135072,101.43654474010846
09:48:30,1.698775,101.436588,0,0,0,0,0,0,0,0,126,180,forward,10448.29,-7,0,1.6987168598135072,101.43654574010846
09:48:32,1.698775,101.436588,0,0,0,0,0,0,0,0,126,180,forward,10448.29,-7,0,1.6987168598135072,101.43654574010846
09:48:34,1.698775,101.436589,0,0,0,0,0,0,0,0,126,180,forward,10448.19,-7,0,1.6987168598135072,101.43654674010845
09:48:37,1.698775,101.43659,0,0,0,0,0,0,0,0,126,180,forward,10448.09,-7,0,1.6987168598135072,101.43654774010845
09:48:39,1.698775,101.436591,0,0,0,0,0,0,0,0,126,180,forward,10447.99,-7,0,1.6987168598135072,101.43654874010846
09:48:41,1.698774,101.436592,0,0,0,0,0,0,0,0,126,180,forward,10447.84,-7,0,1.6987158598135073,101.43654974010849
09:48:43,1.698774,101.436593,0,0,0,0,0,0,0,0,126,180,forward,10447.75,-7,0,1.6987158598135073,101.43655074010849
09:48:45,1.698773,101.436594,0,0,0,0,0,0,0,0,126,180,forward,10447.6,-7,0,1.6987148598135073,101.4365517401085
09:48:48,1.698773,101.436594,0,0,0,0,0,0,0,0,126,180,forward,10447.6,-7,0,1.6987148598135073,101.4365517401085
09:48:50,1.698773,101.436595,0,0,0,0,0,0,0,0,126,180,forward,10447.5,-7,0,1.6987148598135073,101.4365527401085
09:48:52,1.698772,101.436595,0,0,0,0,0,0,0,0,126,180,forward,10447.45,-7,0,1.6987138598135072,101.43655274010852
09:48:54,1.698772,101.436596,0,0,0,0,0,0,0,0,126,180,forward,10447.35,-7,0,1.6987138598135072,101.43655374010852
09:48:56,1.698772,101.436597,0,0,0,0,0,0,0,0,126,180,forward,10447.25,-7,0,1.6987138598135072,101.43655474010853
09:48:58,1.698771,101.436598,0,0,0,0,0,0,0,0,126,180,forward,10447.1,-7,0,1.6987128598135073,101.43655574010855
09:49:01,1.698771,101.436599,0,0,0,0,0,0,0,0,126,180,forward,10447.0,-7,0,1.6987128598135073,101.43655674010854
09:49:03,1.698771,101.436599,0,0,0,0,0,0,0,0,126,180,forward,10447.0,-7,0,1.6987128598135073,101.43655674010854
09:49:05,1.698771,101.4366,0,0,0,0,0,0,0,0,126,180,forward,10446.91,-7,0,1.6987128598135073,101.43655774010854
09:49:07,1.698771,101.436601,0,0,0,0,0,0,0,0,126,180,forward,10446.81,-7,0,1.6987128598135073,101.43655874010854
09:49:09,1.698771,101.436602,0,0,0,0,0,0,0,0,126,180,forward,10446.71,-7,0,1.6987128598135073,101.43655974010854
09:49:11,1.698771,101.436603,0,0,0,0,0,0,0,0,126,180,forward,10446.61,-7,0,1.6987128598135073,101.43656074010855
09:49:14,1.698771,101.436603,0,0,0,0,0,0,0,0,126,180,forward,10446.61,-7,0,1.6987128598135073,101.43656074010855
09:49:16,1.69877,101.436604,0,0,0,0,0,0,0,0,126,180,forward,10446.46,-7,0,1.6987118598135071,101.43656174010857
09:49:18,1.69877,101.436605,0,0,0,0,0,0,0,0,126,180,forward,10446.37,-7,0,1.6987118598135071,101.43656274010857
09:49:20,1.69877,101.436606,0,0,0,0,0,0,0,0,126,180,forward,10446.27,-7,0,1.6987118598135071,101.43656374010857
09:49:22,1.69877,101.436608,0,0,0,0,0,0,0,0,126,180,forward,10446.07,-7,0,1.6987118598135071,101.43656574010858
09:49:25,1.69877,101.436609,0,0,0,0,0,0,0,0,126,180,forward,10445.98,-7,0,1.6987118598135071,101.43656674010857
09:49:27,1.69877,101.43661,0,0,0,0,0,0,0,0,127,180,forward,10445.88,-8,0,1.6987126058811906,101.43656673141264
09:49:29,1.69877,101.436611,0,0,0,0,0,0,0,0,126,180,forward,10445.78,-7,0,1.6987118598135071,101.43656874010857
09:49:31,1.698769,101.436612,0,0,0,0,0,0,0,0,126,180,forward,10445.63,-7,0,1.6987108598135072,101.43656974010858
09:49:33,1.698769,101.436613,0,0,0,0,0,0,0,0,126,180,forward,10445.53,-7,0,1.6987108598135072,101.43657074010858
09:49:35,1.698769,101.436614,0,0,0,0,0,0,0,0,126,180,forward,10445.44,-7,0,1.6987108598135072,101.43657174010859
09:49:38,1.698768,101.436615,0,0,0,0,0,0,0,0,126,180,forward,10445.29,-7,0,1.6987098598135073,101.43657274010862
09:49:40,1.698768,101.436616,0,0,0,0,0,0,0,0,126,180,forward,10445.19,-7,0,1.6987098598135073,101.43657374010861
09:49:42,1.698768,101.436617,0,0,0,0,0,0,0,0,126,180,forward,10445.09,-7,0,1.6987098598135073,101.43657474010861
09:49:44,1.698768,101.436618,0,0,0,0,0,0,0,0,126,180,forward,10444.99,-7,0,1.6987098598135073,101.43657574010861
09:49:46,1.698768,101.436619,0,0,0,0,0,0,0,0,126,180,forward,10444.9,-8,0,1.6987098598135073,101.4365767401086
09:49:48,1.698769,101.436619,0,0,0,0,0,0,0,0,127,180,forward,10444.95,-8,0,1.6987116058811906,101.43657573141265
09:49:50,1.698769,101.43662,0,0,0,0,0,0,0,0,126,180,forward,10444.85,-7,0,1.6987108598135072,101.43657774010859
09:49:53,1.698769,101.436621,0,0,0,0,0,0,0,0,126,180,forward,10444.75,-7,0,1.6987108598135072,101.43657874010859
09:49:55,1.698769,101.436621,0,0,0,0,0,0,0,0,127,180,forward,10444.75,-8,0,1.6987116058811906,101.43657773141265
09:49:57,1.69877,101.436621,0,0,0,0,0,0,0,0,127,180,forward,10444.81,-8,0,1.6987126058811906,101.43657773141264
09:49:59,1.69877,101.436622,0,0,0,0,0,0,0,0,127,180,forward,10444.71,-7,0,1.6987126058811906,101.43657873141264
09:50:01,1.698771,101.436622,0,0,0,0,0,0,0,0,126,180,forward,10444.76,-7,0,1.6987128598135073,101.43657974010854
09:50:03,1.698772,101.436623,0,0,0,0,0,0,0,0,127,180,forward,10444.72,-7,0,1.6987146058811906,101.43657973141259
09:50:06,1.698773,101.436624,0,0,0,0,0,0,0,0,126,180,forward,10444.68,-7,0,1.6987148598135073,101.4365817401085
09:50:08,1.698773,101.436624,0,0,0,0,0,0,0,0,126,180,forward,10444.68,-7,0,1.6987148598135073,101.4365817401085
09:50:10,1.698774,101.436625,0,0,0,0,0,0,0,0,127,180,forward,10444.63,-8,0,1.6987166058811907,101.43658173141255
09:50:12,1.698775,101.436626,0,0,0,0,0,0,0,0,126,180,forward,10444.59,-7,0,1.6987168598135072,101.43658374010846
09:50:14,1.698776,101.436626,0,0,0,0,0,0,0,0,127,180,forward,10444.64,-8,0,1.6987186058811907,101.4365827314125
09:50:17,1.698776,101.436626,0,0,0,0,0,0,0,0,126,180,forward,10444.64,-7,0,1.6987178598135073,101.43658374010845
09:50:19,1.698777,101.436626,0,0,0,0,0,0,0,0,127,180,forward,10444.7,-8,0,1.6987196058811906,101.43658273141249
09:50:21,1.698778,101.436626,0,0,0,0,0,0,0,0,127,180,forward,10444.75,-8,0,1.6987206058811906,101.43658273141246
09:50:23,1.698778,101.436627,0,0,0,0,0,0,0,0,127,180,forward,10444.65,-8,0,1.6987206058811906,101.43658373141245
09:50:25,1.698779,101.436627,0,0,0,0,0,0,0,0,127,180,forward,10444.7,-8,0,1.6987216058811907,101.43658373141244
09:50:27,1.698779,101.436627,0,0,0,0,0,0,0,0,127,180,forward,10444.7,-8,0,1.6987216058811907,101.43658373141244
09:50:29,1.69878,101.436627,0,0,0,0,0,0,0,0,127,180,forward,10444.76,-8,0,1.6987226058811906,101.43658373141241
09:50:31,1.69878,101.436628,0,0,0,0,0,0,0,0,127,180,forward,10444.66,-8,0,1.6987226058811906,101.43658473141241
09:50:34,1.698781,101.436628,0,0,0,0,0,0,0,0,127,180,forward,10444.71,-8,0,1.6987236058811908,101.43658473141238
09:50:36,1.698781,101.436628,0,0,0,0,0,0,0,0,127,180,forward,10444.71,-8,0,1.6987236058811908,101.43658473141238
09:50:38,1.698782,101.436628,0,0,0,0,0,0,0,0,127,180,forward,10444.77,-8,0,1.6987246058811907,101.43658473141237
09:50:40,1.698783,101.436629,0,0,0,0,0,0,0,0,127,180,forward,10444.72,-8,0,1.6987256058811906,101.43658573141234
09:50:42,1.698783,101.436629,0,0,0,0,0,0,0,0,127,180,forward,10444.72,-8,0,1.6987256058811906,101.43658573141234
09:50:44,1.698784,101.43663,0,0,0,0,0,0,0,0,127,180,forward,10444.68,-8,0,1.6987266058811907,101.43658673141232
09:50:47,1.698785,101.43663,0,0,0,0,0,0,0,0,128,180,forward,0,0,0,1.6987283694316788,101.43658573589639
09:50:49,1.698786,101.43663,0,0,0,0,0,0,0,0,127,180,forward,0,0,0,1.6987286058811906,101.43658673141228
09:50:51,1.698786,101.436631,0,0,0,0,0,0,0,0,128,180,forward,0,0,0,1.6987293694316787,101.43658673589637
09:50:53,1.698787,101.436631,0,0,0,0,0,0,0,0,128,180,forward,0,0,0,1.6987303694316789,101.43658673589636
09:50:55,1.698787,101.436631,0,0,0,0,0,0,0,0,128,180,forward,0,0,0,1.6987303694316789,101.43658673589636
09:50:57,1.698788,101.436632,0,0,0,0,0,0,0,0,128,180,forward,0,0,0,1.6987313694316788,101.43658773589632
09:50:59,1.698789,101.436633,0,0,0,0,0,0,0,0,128,180,forward,0,0,0,1.698732369431679,101.4365887358963
09:51:02,1.69879,101.436633,0,0,0,0,0,0,0,0,128,180,forward,0,0,0,1.6987333694316789,101.43658873589628
09:51:04,1.69879,101.436632,0,0,0,0,0,0,0,0,128,180,forward,0,0,0,1.6987333694316789,101.43658773589628
09:51:06,1.698791,101.436633,0,0,0,0,0,0,0,0,128,180,forward,0,0,0,1.6987343694316788,101.43658873589625
09:51:08,1.698792,101.436633,0,0,0,0,0,0,0,0,128,180,forward,0,0,0,1.698735369431679,101.43658873589622
09:51:10,1.698792,101.436634,0,0,0,0,0,0,0,0,128,180,forward,0,0,0,1.698735369431679,101.43658973589622
09:51:12,1.698793,101.436634,0,0,0,0,0,0,0,0,129,180,forward,0,0,0,1.6987371502323865,101.43658875386356
09:51:15,1.698794,101.436635,0,0,0,0,0,0,0,0,129,180,forward,0,0,0,1.6987381502323864,101.43658975386354
09:51:17,1.698794,101.436635,0,0,0,0,0,0,0,0,129,180,forward,0,0,0,1.6987381502323864,101.43658975386354
09:51:19,1.698795,101.436637,0,0,0,0,0,0,0,0,129,180,forward,0,0,0,1.6987391502323865,101.43659175386352
09:51:21,1.698797,101.436638,0,0,0,0,0,0,0,0,129,180,forward,0,0,0,1.6987411502323864,101.43659275386348
09:51:23,1.698798,101.436639,0,0,0,0,0,0,0,0,129,180,forward,0,0,0,1.6987421502323865,101.43659375386345
09:51:25,1.698799,101.436639,0,0,0,0,0,0,0,0,130,180,forward,0,0,0,1.6987439480454745,101.4365927856132
09:51:28,1.6988,101.43664,0,0,0,0,0,0,0,0,130,180,forward,0,0,0,1.6987449480454746,101.43659378561317
09:51:30,1.698802,101.436641,0,0,0,0,0,0,0,0,130,180,forward,0,0,0,1.6987469480454744,101.43659478561312
09:51:32,1.698803,101.436643,0,0,0,0,0,0,0,0,130,180,forward,0,0,0,1.6987479480454746,101.4365967856131
09:51:34,1.698804,101.436644,0,0,0,0,0,0,0,0,130,180,forward,0,0,0,1.6987489480454745,101.43659778561307
09:51:36,1.698805,101.436645,0,0,0,0,0,0,0,0,131,180,forward,0,0,0,1.698750762627921,101.43659783144017
09:51:39,1.698805,101.436646,0,0,0,0,0,0,0,0,131,180,forward,0,0,0,1.698750762627921,101.43659883144016
09:51:41,1.698806,101.436648,0,0,0,0,0,0,0,0,131,180,forward,0,0,0,1.6987517626279212,101.43660083144015
09:51:43,1.698807,101.43665,0,0,0,0,0,0,0,0,131,180,forward,0,0,0,1.698752762627921,101.43660283144013
09:51:45,1.698808,101.436651,0,0,0,0,0,0,0,0,132,180,forward,0,0,0,1.6987545937315969,101.4366028916352
09:51:47,1.698808,101.436653,0,0,0,0,0,0,0,0,132,180,forward,0,0,0,1.6987545937315969,101.43660489163521
09:51:49,1.698809,101.436655,0,0,0,0,0,0,0,0,132,180,forward,0,0,0,1.6987555937315968,101.4366068916352
09:51:51,1.698809,101.436656,0,0,0,0,0,0,0,0,132,180,forward,0,0,0,1.6987555937315968,101.43660789163519
09:51:54,1.698809,101.436658,0,0,0,0,0,0,0,0,133,180,forward,0,0,0,1.6987564411033391,101.43660896648457
09:51:56,1.698809,101.436659,0,0,0,0,0,0,0,0,133,180,forward,0,0,0,1.6987564411033391,101.43660996648458
09:51:58,1.698809,101.436661,0,0,0,0,0,0,0,0,133,180,forward,0,0,0,1.6987564411033391,101.43661196648458
09:52:00,1.698809,101.436663,0,0,0,0,0,0,0,0,134,180,forward,0,0,0,1.6987573044850304,101.43661305627005
09:52:02,1.698809,101.436664,0,0,0,0,0,0,0,0,134,180,forward,0,0,0,1.6987573044850304,101.43661405627005
09:52:04,1.698809,101.436666,0,0,0,0,0,0,0,0,134,180,forward,0,0,0,1.6987573044850304,101.43661605627005
09:52:06,1.69881,101.436667,0,0,0,0,0,0,0,0,134,180,forward,0,0,0,1.6987583044850303,101.43661705627002
09:52:09,1.698811,101.436668,0,0,0,0,0,0,0,0,135,180,forward,0,0,0,1.6987601836136765,101.43661716126881
09:52:11,1.698811,101.436669,0,0,0,0,0,0,0,0,135,180,forward,0,0,0,1.6987601836136765,101.43661816126881
09:52:13,1.698812,101.436671,0,0,0,0,0,0,0,0,135,180,forward,0,0,0,1.6987611836136765,101.43662016126879
09:52:15,1.698813,101.436673,0,0,0,0,0,0,0,0,135,180,forward,0,0,0,1.6987621836136764,101.43662216126876
09:52:17,1.698813,101.436675,0,0,0,0,0,0,0,0,136,180,forward,0,0,0,1.698763078221486,101.43662328175354
09:52:20,1.698813,101.436677,0,0,0,0,0,0,0,0,136,180,forward,0,0,0,1.698763078221486,101.43662528175355
09:52:22,1.698813,101.436678,0,0,0,0,0,0,0,0,136,180,forward,0,0,0,1.698763078221486,101.43662628175355
09:52:24,1.698814,101.436679,0,0,0,0,0,0,0,0,137,180,forward,0,0,0,1.698764988035953,101.43662641799217
09:52:26,1.698814,101.43668,0,0,0,0,0,0,0,0,137,180,forward,0,0,0,1.698764988035953,101.43662741799217
09:52:28,1.698814,101.436681,0,0,0,0,0,0,0,0,137,180,forward,0,0,0,1.698764988035953,101.43662841799217
09:52:30,1.698814,101.436682,0,0,0,0,0,0,0,0,137,180,forward,0,0,0,1.698764988035953,101.43662941799218
09:52:33,1.698814,101.436682,0,0,0,0,0,0,0,0,138,180,forward,0,0,0,1.6987659127799388,101.43662857024783
09:52:35,1.698814,101.436683,0,0,0,0,0,0,0,0,138,180,forward,0,0,0,1.6987659127799388,101.43662957024783
09:52:37,1.698814,101.436684,0,0,0,0,0,0,0,0,138,180,forward,0,0,0,1.6987659127799388,101.43663057024783
09:52:39,1.698815,101.436685,0,0,0,0,0,0,0,0,138,180,forward,0,0,0,1.6987669127799387,101.4366315702478
09:52:41,1.698815,101.436685,0,0,0,0,0,0,0,0,139,180,forward,0,0,0,1.6987678521717577,101.43663073877867
09:52:44,1.698816,101.436685,0,0,0,0,0,0,0,0,139,180,forward,0,0,0,1.6987688521717579,101.43663073877865
09:52:46,1.698816,101.436685,0,0,0,0,0,0,0,0,139,180,forward,0,0,0,1.6987688521717579,101.43663073877865
09:52:48,1.698817,101.436685,0,0,0,0,0,0,0,0,139,180,forward,0,0,0,1.6987698521717578,101.43663073877862
09:52:50,1.698817,101.436684,0,0,0,0,0,0,0,0,139,180,forward,0,0,0,1.6987698521717578,101.43662973877862
09:52:52,1.698818,101.436683,0,0,0,0,0,0,0,0,140,180,forward,0,0,0,1.6987718059252621,101.43662792383796
09:52:54,1.698818,101.436683,0,0,0,0,0,0,0,0,140,180,forward,0,0,0,1.6987718059252621,101.43662792383796
09:52:56,1.698817,101.436682,0,0,0,0,0,0,0,0,140,180,forward,0,0,0,1.6987708059252622,101.43662692383799
09:52:58,1.698817,101.436681,0,0,0,0,0,0,0,0,140,180,forward,0,0,0,1.6987708059252622,101.43662592383798
09:53:01,1.698816,101.436681,0,0,0,0,0,0,0,0,140,180,forward,0,0,0,1.6987698059252623,101.43662592383801
09:53:03,1.698816,101.43668,0,0,0,0,0,0,0,0,140,180,forward,0,0,0,1.6987698059252623,101.43662492383801
09:53:05,1.698815,101.43668,0,0,0,0,0,0,0,0,140,180,forward,0,0,0,1.6987688059252621,101.43662492383804
09:53:07,1.698815,101.43668,0,0,0,0,0,0,0,0,140,180,forward,0,0,0,1.6987688059252621,101.43662492383804
09:53:09,1.698815,101.436679,0,0,0,0,0,0,0,0,140,180,forward,0,0,0,1.6987688059252621,101.43662392383804
09:53:11,1.698814,101.436679,0,0,0,0,0,0,0,0,140,180,forward,0,0,0,1.6987678059252622,101.43662392383807
09:53:13,1.698814,101.436679,0,0,0,0,0,0,0,0,141,180,forward,0,0,0,1.698768773749929,101.43662312567416
09:53:15,1.698814,101.436678,0,0,0,0,0,0,0,0,141,180,forward,0,0,0,1.698768773749929,101.43662212567416
09:53:18,1.698813,101.436678,0,0,0,0,0,0,0,0,141,180,forward,0,0,0,1.698767773749929,101.43662212567419
09:53:20,1.698813,101.436678,0,0,0,0,0,0,0,0,141,180,forward,0,0,0,1.698767773749929,101.43662212567419
09:53:22,1.698813,101.436679,0,0,0,0,0,0,0,0,140,180,forward,0,0,0,1.698766805925262,101.4366239238381
09:53:24,1.698813,101.436679,0,0,0,0,0,0,0,0,141,180,forward,0,0,0,1.698767773749929,101.43662312567419
09:53:26,1.698812,101.436679,0,0,0,0,0,0,0,0,141,180,forward,0,0,0,1.698766773749929,101.43662312567422
09:53:28,1.698811,101.436679,0,0,0,0,0,0,0,0,141,180,forward,0,0,0,1.698765773749929,101.43662312567425
09:53:30,1.69881,101.436679,0,0,0,0,0,0,0,0,141,180,forward,0,0,0,1.698764773749929,101.43662312567427
09:53:33,1.698809,101.436678,0,0,0,0,0,0,0,0,141,180,forward,0,0,0,1.698763773749929,101.43662212567432
09:53:35,1.698809,101.436678,0,0,0,0,0,0,0,0,141,180,forward,0,0,0,1.698763773749929,101.43662212567432
09:53:37,1.698808,101.436677,0,0,0,0,0,0,0,0,141,180,forward,0,0,0,1.6987627737499291,101.43662112567435
09:53:39,1.698807,101.436677,0,0,0,0,0,0,0,0,141,180,forward,0,0,0,1.698761773749929,101.43662112567438
09:53:41,1.698806,101.436676,0,0,0,0,0,0,0,0,141,180,forward,0,0,0,1.698760773749929,101.43662012567441
09:53:44,1.698805,101.436675,0,0,0,0,0,0,0,0,140,180,forward,0,0,0,1.698758805925262,101.43661992383832
09:53:46,1.698804,101.436674,0,0,0,0,0,0,0,0,140,180,forward,0,0,0,1.6987578059252622,101.43661892383835
09:53:48,1.698803,101.436673,0,0,0,0,0,0,0,0,141,180,forward,0,0,0,1.698757773749929,101.43661712567449
09:53:50,1.698802,101.436672,0,0,0,0,0,0,0,0,141,180,forward,0,0,0,1.698756773749929,101.43661612567452
09:53:52,1.698802,101.436672,0,0,0,0,0,0,0,0,140,180,forward,0,0,0,1.698755805925262,101.43661692383841
09:53:54,1.6988,101.436671,0,0,0,0,0,0,0,0,140,180,forward,0,0,0,1.6987538059252623,101.43661592383847
09:53:57,1.6988,101.436669,0,0,0,0,0,0,0,0,140,180,forward,0,0,0,1.6987538059252623,101.43661392383846
09:53:59,1.698799,101.436668,0,0,0,0,0,0,0,0,140,180,forward,0,0,0,1.6987528059252621,101.4366129238385
09:54:01,1.698798,101.436667,0,0,0,0,0,0,0,0,140,180,forward,0,0,0,1.6987518059252622,101.43661192383853
09:54:03,1.698797,101.436666,0,0,0,0,0,0,0,0,140,180,forward,0,0,0,1.698750805925262,101.43661092383856
09:54:05,1.698796,101.436664,0,0,0,0,0,0,0,0,140,180,forward,0,0,0,1.6987498059252621,101.43660892383858
09:54:07,1.698795,101.436662,0,0,0,0,0,0,0,0,139,180,forward,0,0,0,1.6987478521717578,101.43660773877923
09:54:09,1.698794,101.436661,0,0,0,0,0,0,0,0,140,180,forward,0,0,0,1.698747805925262,101.43660592383864
09:54:12,1.698794,101.43666,0,0,0,0,0,0,0,0,140,180,forward,0,0,0,1.698747805925262,101.43660492383864
09:54:14,1.698793,101.436658,0,0,0,0,0,0,0,0,139,180,forward,0,0,0,1.6987458521717578,101.43660373877928
09:54:16,1.698792,101.436657,0,0,0,0,0,0,0,0,139,180,forward,0,0,0,1.6987448521717579,101.43660273877931
09:54:18,1.698792,101.436656,0,0,0,0,0,0,0,0,139,180,forward,0,0,0,1.6987448521717579,101.43660173877932
09:54:20,1.698791,101.436654,0,0,0,0,0,0,0,0,139,180,forward,0,0,0,1.6987438521717577,101.43659973877935
09:54:22,1.698791,101.436653,0,0,0,0,0,0,0,0,139,180,forward,0,0,0,1.6987438521717577,101.43659873877935
09:54:24,1.698791,101.436652,0,0,0,0,0,0,0,0,138,180,forward,0,0,0,1.6987429127799387,101.43659857024846
09:54:27,1.698791,101.43665,0,0,0,0,0,0,0,0,138,180,forward,0,0,0,1.6987429127799387,101.43659657024847
09:54:29,1.698791,101.43665,0,0,0,0,0,0,0,0,138,180,forward,0,0,0,1.6987429127799387,101.43659657024847
09:54:31,1.698791,101.436649,0,0,0,0,0,0,0,0,138,180,forward,0,0,0,1.6987429127799387,101.43659557024847
09:54:33,1.698791,101.436647,0,0,0,0,0,0,0,0,138,180,forward,0,0,0,1.6987429127799387,101.43659357024846
09:54:35,1.69879,101.436646,0,0,0,0,0,0,0,0,138,180,forward,0,0,0,1.6987419127799388,101.4365925702485
09:54:37,1.69879,101.436645,0,0,0,0,0,0,0,0,137,180,forward,0,0,0,1.698740988035953,101.43659241799283
09:54:39,1.698789,101.436644,0,0,0,0,0,0,0,0,137,180,forward,0,0,0,1.698739988035953,101.43659141799286
09:54:42,1.698787,101.436643,0,0,0,0,0,0,0,0,137,180,forward,0,0,0,1.698737988035953,101.43659041799292
09:54:44,1.698786,101.436642,0,0,0,0,0,0,0,0,137,180,forward,0,0,0,1.6987369880359529,101.43658941799295
09:54:46,1.698785,101.436641,0,0,0,0,0,0,0,0,137,180,forward,0,0,0,1.698735988035953,101.43658841799297
09:54:48,1.698784,101.436641,0,0,0,0,0,0,0,0,137,180,forward,0,0,0,1.698734988035953,101.436588417993
09:54:50,1.698783,101.43664,0,0,0,0,0,0,0,0,136,180,forward,0,0,0,1.698733078221486,101.43658828175434
09:54:52,1.698782,101.436639,0,0,0,0,0,0,0,0,136,180,forward,0,0,0,1.698732078221486,101.43658728175437
09:54:54,1.698781,101.436638,0,0,0,0,0,0,0,0,136,180,forward,0,0,0,1.6987310782214862,101.4365862817544
09:54:57,1.69878,101.436637,0,0,0,0,0,0,0,0,136,180,forward,0,0,0,1.698730078221486,101.43658528175443
09:54:59,1.698779,101.436636,0,0,0,0,0,0,0,0,136,180,forward,0,0,0,1.698729078221486,101.43658428175445
09:55:01,1.698778,101.436634,0,0,0,0,0,0,0,0,135,180,forward,0,0,0,1.6987271836136764,101.43658316126968
09:55:03,1.698776,101.436633,0,0,0,0,0,0,0,0,135,180,forward,0,0,0,1.6987251836136765,101.43658216126973
09:55:05,1.698775,101.436632,0,0,0,0,0,0,0,0,135,180,forward,0,0,0,1.6987241836136764,101.43658116126976
09:55:08,1.698775,101.43663,0,0,0,0,0,0,0,0,135,180,forward,0,0,0,1.6987241836136764,101.43657916126975
09:55:10,1.698774,101.436628,0,0,0,0,0,0,0,0,135,180,forward,0,0,0,1.6987231836136765,101.43657716126978
09:55:12,1.698774,101.436626,0,0,0,0,0,0,0,0,134,180,forward,0,0,0,1.6987223044850304,101.43657605627095
09:55:14,1.698773,101.436624,0,0,0,0,0,0,0,0,134,180,forward,0,0,0,1.6987213044850304,101.43657405627097
09:55:16,1.698773,101.436622,0,0,0,0,0,0,0,0,134,180,forward,0,0,0,1.6987213044850304,101.43657205627098
09:55:19,1.698772,101.436621,0,0,0,0,0,0,0,0,134,180,forward,0,0,0,1.6987203044850303,101.436571056271
09:55:21,1.69877,101.436619,0,0,0,0,0,0,0,0,134,180,forward,0,0,0,1.6987183044850303,101.43656905627105
09:55:23,1.69877,101.436617,0,0,0,0,0,0,0,0,134,180,forward,0,0,0,1.6987183044850303,101.43656705627106
09:55:25,1.698768,101.436616,0,0,0,0,0,0,0,0,134,180,forward,0,0,0,1.6987163044850304,101.4365660562711
09:55:27,1.698767,101.436614,0,0,0,0,0,0,0,0,133,180,forward,0,0,0,1.698714441103339,101.43656496648565
09:55:29,1.698766,101.436613,0,0,0,0,0,0,0,0,133,180,forward,0,0,0,1.698713441103339,101.43656396648566
09:55:31,1.698764,101.436612,0,0,0,0,0,0,0,0,133,180,forward,0,0,0,1.698711441103339,101.43656296648571
09:55:34,1.698763,101.43661,0,0,0,0,0,0,0,0,132,180,forward,0,0,0,1.6987095937315968,101.43656189163633
09:55:36,1.698762,101.436608,0,0,0,0,0,0,0,0,133,180,forward,0,0,0,1.6987094411033392,101.43655896648578
09:55:38,1.698762,101.436606,0,0,0,0,0,0,0,0,132,180,forward,0,0,0,1.6987085937315969,101.43655789163635
09:55:40,1.698761,101.436603,0,0,0,0,0,0,0,0,132,180,forward,0,0,0,1.6987075937315967,101.43655489163639
09:55:42,1.698761,101.436601,0,0,0,0,0,0,0,0,132,180,forward,0,0,0,1.6987075937315967,101.43655289163638
09:55:44,1.69876,101.436599,0,0,0,0,0,0,0,0,131,180,forward,0,0,0,1.6987057626279212,101.43655183144126
09:55:46,1.69876,101.436597,0,0,0,0,0,0,0,0,131,180,forward,0,0,0,1.6987057626279212,101.43654983144127
09:55:49,1.698759,101.436594,0,0,0,0,0,0,0,0,131,180,forward,0,0,0,1.698704762627921,101.43654683144129
09:55:51,1.698758,101.436592,0,0,0,0,0,0,0,0,131,180,forward,0,0,0,1.698703762627921,101.43654483144132
09:55:53,1.698757,101.436589,0,0,0,0,0,0,0,0,131,180,forward,0,0,0,1.6987027626279212,101.43654183144133
09:55:55,1.698756,101.436586,0,0,0,0,0,0,0,0,131,180,forward,0,0,0,1.698701762627921,101.43653883144137
09:55:57,1.698754,101.436584,0,0,0,0,0,0,0,0,130,180,forward,0,0,0,1.6986989480454746,101.43653778561426
09:55:59,1.698753,101.436583,0,0,0,0,0,0,0,0,130,180,forward,0,0,0,1.6986979480454745,101.4365367856143
09:56:02,1.698752,101.436581,0,0,0,0,0,0,0,0,129,180,forward,0,0,0,1.6986961502323865,101.43653575386453
09:56:04,1.698752,101.436579,0,0,0,0,0,0,0,0,129,180,forward,0,0,0,1.6986961502323865,101.43653375386452
09:56:06,1.698751,101.436577,0,0,0,0,0,0,0,0,129,180,forward,0,0,0,1.6986951502323864,101.43653175386456
09:56:08,1.698751,101.436574,0,0,0,0,0,0,0,0,129,180,forward,0,0,0,1.6986951502323864,101.43652875386455
09:56:10,1.69875,101.436571,0,0,0,0,0,0,0,0,128,180,forward,0,0,0,1.6986933694316788,101.43652673589719
09:56:13,1.69875,101.436568,0,0,0,0,0,0,0,0,128,180,forward,0,0,0,1.6986933694316788,101.43652373589718
09:56:15,1.698749,101.436566,0,0,0,0,0,0,0,0,128,180,forward,0,0,0,1.698692369431679,101.43652173589722
09:56:17,1.698747,101.436563,0,0,0,0,0,0,0,0,127,180,forward,0,0,0,1.6986896058811907,101.43651973141316
09:56:19,1.698745,101.436561,0,0,0,0,0,0,0,0,127,180,forward,0,0,0,1.6986876058811906,101.43651773141319
09:56:21,1.698743,101.436559,0,0,0,0,0,0,0,0,127,180,forward,0,0,0,1.6986856058811906,101.43651573141324
09:56:23,1.698742,101.436558,0,0,0,0,0,0,0,0,127,180,forward,0,0,0,1.6986846058811906,101.43651473141327
09:56:26,1.69874,101.436556,0,0,0,0,0,0,0,0,126,180,forward,0,0,0,1.6986818598135072,101.43651374010922
09:56:28,1.698738,101.436553,0,0,0,0,0,0,0,0,126,180,forward,0,0,0,1.6986798598135073,101.43651074010927
09:56:30,1.698736,101.436551,0,0,0,0,0,0,0,0,126,180,forward,0,0,0,1.6986778598135073,101.4365087401093
09:56:32,1.698734,101.436549,0,0,0,0,0,0,0,0,125,180,forward,0,0,0,1.6986751314558877,101.43650776167804
09:56:34,1.698733,101.436548,0,0,0,0,0,0,0,0,125,180,forward,0,0,0,1.6986741314558877,101.43650676167806
09:56:36,1.698731,101.436547,0,0,0,0,0,0,0,0,124,180,forward,0,0,0,1.6986714210301972,101.43650679580838
09:56:38,1.69873,101.436545,0,0,0,0,0,0,0,0,124,180,forward,0,0,0,1.6986704210301973,101.4365047958084
09:56:41,1.698729,101.436544,0,0,0,0,0,0,0,0,124,180,forward,0,0,0,1.6986694210301971,101.43650379580842
09:56:43,1.698728,101.436542,0,0,0,0,0,0,0,0,124,180,forward,0,0,0,1.6986684210301972,101.43650179580845
09:56:45,1.698727,101.436541,0,0,0,0,0,0,0,0,123,180,forward,0,0,0,1.6986667287528379,101.43650184218534
09:56:47,1.698726,101.436539,0,0,0,0,0,0,0,0,123,180,forward,0,0,0,1.6986657287528377,101.43649984218534
09:56:49,1.698725,101.436537,0,0,0,0,0,0,0,0,123,180,forward,0,0,0,1.6986647287528378,101.43649784218536
09:56:51,1.698723,101.436535,0,0,0,0,0,0,0,0,123,180,forward,0,0,0,1.6986627287528377,101.43649584218541
09:56:53,1.698723,101.436533,0,0,0,0,0,0,0,0,122,180,forward,0,0,0,1.6986620548346842,101.43649490049012
09:56:56,1.698722,101.436531,0,0,0,0,0,0,0,0,122,180,forward,0,0,0,1.6986610548346843,101.43649290049014
09:56:58,1.698721,101.43653,0,0,0,0,0,0,0,0,121,180,forward,0,0,0,1.6986593994810184,101.43649297040035
09:57:00,1.69872,101.436528,0,0,0,0,0,0,0,0,121,180,forward,0,0,0,1.6986583994810185,101.43649097040036
09:57:02,1.698718,101.436526,0,0,0,0,0,0,0,0,121,180,forward,0,0,0,1.6986563994810184,101.4364889704004
09:57:04,1.698717,101.436525,0,0,0,0,0,0,0,0,121,180,forward,0,0,0,1.6986553994810185,101.43648797040042
09:57:06,1.698716,101.436523,0,0,0,0,0,0,0,0,120,180,forward,0,0,0,1.6986537628914675,101.43648705159019
09:57:09,1.698715,101.436521,0,0,0,0,0,0,0,0,120,180,forward,0,0,0,1.6986527628914676,101.43648505159021
09:57:11,1.698714,101.436519,0,0,0,0,0,0,0,0,119,180,forward,0,0,0,1.6986511452599429,101.43648414373023
09:57:13,1.698713,101.436518,0,0,0,0,0,0,0,0,119,180,forward,0,0,0,1.6986501452599427,101.43648314373026
09:57:15,1.698712,101.436516,0,0,0,0,0,0,0,0,119,180,forward,0,0,0,1.6986491452599428,101.43648114373026
09:57:17,1.698711,101.436515,0,0,0,0,0,0,0,0,118,180,forward,0,0,0,1.6986475467745807,101.43648124648783
09:57:19,1.69871,101.436514,0,0,0,0,0,0,0,0,119,180,forward,0,0,0,1.6986471452599428,101.4364791437303
09:57:22,1.69871,101.436512,0,0,0,0,0,0,0,0,118,180,forward,0,0,0,1.6986465467745806,101.43647824648784
09:57:24,1.698709,101.43651,0,0,0,0,0,0,0,0,118,180,forward,0,0,0,1.6986455467745807,101.43647624648786
09:57:26,1.698707,101.436509,0,0,0,0,0,0,0,0,118,180,forward,0,0,0,1.6986435467745806,101.4364752464879
09:57:28,1.698706,101.436509,0,0,0,0,0,0,0,0,117,180,forward,0,0,0,1.6986419676176858,101.4364763595271
09:57:30,1.698705,101.436508,0,0,0,0,0,0,0,0,117,180,forward,0,0,0,1.6986409676176857,101.43647535952712
09:57:33,1.698705,101.436508,0,0,0,0,0,0,0,0,117,180,forward,0,0,0,1.6986409676176857,101.43647535952712
09:57:35,1.698704,101.436506,0,0,0,0,0,0,0,0,117,180,forward,0,0,0,1.6986399676176858,101.43647335952713
09:57:37,1.698703,101.436505,0,0,0,0,0,0,0,0,116,180,forward,0,0,0,1.698638407965675,101.43647348250894
09:57:39,1.698702,101.436504,0,0,0,0,0,0,0,0,116,180,forward,0,0,0,1.6986374079656748,101.43647248250896
09:57:41,1.698701,101.436503,0,0,0,0,0,0,0,0,116,180,forward,0,0,0,1.6986364079656748,101.43647148250899
09:57:43,1.6987,101.436502,0,0,0,0,0,0,0,0,116,180,forward,0,0,0,1.698635407965675,101.43647048250901
09:57:46,1.6987,101.436502,0,0,0,0,0,0,0,0,115,180,forward,0,0,0,1.698634867989023,101.43647161509134
09:57:48,1.6987,101.436501,0,0,0,0,0,0,0,0,116,180,forward,0,0,0,1.698635407965675,101.43646948250901
09:57:50,1.6987,101.4365,0,0,0,0,0,0,0,0,115,180,forward,0,0,0,1.698634867989023,101.43646961509133
09:57:52,1.6987,101.436499,0,0,0,0,0,0,0,0,115,180,forward,0,0,0,1.698634867989023,101.43646861509133
09:57:54,1.6987,101.436499,0,0,0,0,0,0,0,0,114,180,forward,0,0,0,1.698634347852213,101.43646975692918
09:57:56,1.698699,101.436498,0,0,0,0,0,0,0,0,115,180,forward,0,0,0,1.698633867989023,101.43646761509135
09:57:59,1.698698,101.436498,0,0,0,0,0,0,0,0,114,180,forward,0,0,0,1.698632347852213,101.43646875692922
09:58:01,1.698697,101.436498,0,0,0,0,0,0,0,0,114,180,forward,0,0,0,1.6986313478522128,101.43646875692923
09:58:03,1.698697,101.436497,0,0,0,0,0,0,0,0,114,180,forward,0,0,0,1.6986313478522128,101.43646775692923
09:58:05,1.698696,101.436497,0,0,0,0,0,0,0,0,114,180,forward,0,0,0,1.698630347852213,101.43646775692925
09:58:07,1.698695,101.436497,0,0,0,0,0,0,0,0,114,180,forward,0,0,0,1.698629347852213,101.43646775692926
09:58:09,1.698695,101.436497,0,0,0,0,0,0,0,0,114,180,forward,0,0,0,1.698629347852213,101.43646775692926
09:58:11,1.698694,101.436496,0,0,0,0,0,0,0,0,114,180,forward,0,0,0,1.6986283478522128,101.43646675692928
09:58:14,1.698694,101.436496,0,0,0,0,0,0,0,0,114,180,forward,0,0,0,1.6986283478522128,101.43646675692928
09:58:16,1.698694,101.436496,0,0,0,0,0,0,0,0,113,180,forward,0,0,0,1.698627847713683,101.43646790767487
09:58:18,1.698693,101.436495,0,0,0,0,0,0,0,0,114,180,forward,0,0,0,1.698627347852213,101.43646575692928
09:58:20,1.698693,101.436496,0,0,0,0,0,0,0,0,114,180,forward,0,0,0,1.698627347852213,101.43646675692929
09:58:22,1.698693,101.436496,0,0,0,0,0,0,0,0,113,180,forward,0,0,0,1.698626847713683,101.43646790767488
09:58:25,1.698692,101.436496,0,0,0,0,0,0,0,0,113,180,forward,0,0,0,1.698625847713683,101.4364679076749
09:58:27,1.698692,101.436496,0,0,0,0,0,0,0,0,113,180,forward,0,0,0,1.698625847713683,101.4364679076749
09:58:37,1.6533388071438695,101.51929189617022,0,0,0,0,0,0,0,0,0,180,forward,0,0,0,1.6533388071438695,101.51936379132371
09:58:39,1.6533388071438695,101.51929189617022,0,0,0,0,0,0,0,0,0,180,forward,0,0,0,1.6533388071438695,101.51936379132371
09:58:41,1.6533388071438695,101.51929189617022,0,0,0,0,0,0,0,0,0,180,forward,0,0,0,1.6533388071438695,101.51936379132371
09:58:43,1.6533388071438695,101.51929189617022,0,0,0,0,0,0,0,0,0,180,forward,0,0,0,1.6533388071438695,101.51936379132371
09:58:45,1.6533388071438695,101.51929189617022,0,0,0,0,0,0,0,0,0,180,forward,0,0,0,1.6533388071438695,101.51936379132371
09:58:48,1.6533388071438695,101.51929189617022,0,0,0,0,0,0,0,0,0,180,forward,18.61,-90,0,1.6533388071438695,101.51936379132371
09:58:50,1.6533388071438695,101.51929189617022,0,0,0,0,0,0,0,0,0,180,forward,18.61,-90,0,1.6533388071438695,101.51936379132371
09:58:52,1.6533388071438695,101.51929189617022,0,0,0,0,0,0,0,0,45,180,forward,27.09,-89,0,1.653287990757546,101.51934273372079
09:58:54,1.6533388071438695,101.51929189617022,0,0,0,0,0,0,0,0,45,180,forward,27.09,-89,0,1.653287990757546,101.51934273372079
09:58:56,1.6533388071438695,101.51929189617022,0,0,0,0,0,0,0,0,45,180,forward,27.09,-89,0,1.653287990757546,101.51934273372079
09:58:59,1.6533388071438695,101.51929189617022,0,0,0,0,0,0,0,0,45,180,forward,27.09,-89,0,1.653287990757546,101.51934273372079
09:59:01,1.6533388071438695,101.51929189617022,0,0,0,0,0,0,0,0,45,180,forward,27.09,-89,0,1.653287990757546,101.51934273372079
09:59:03,1.6533388071438695,101.51929189617022,0,0,0,0,0,0,0,0,45,180,forward,27.09,-89,0,1.653287990757546,101.51934273372079
09:59:05,1.6533388071438695,101.51929189617022,0,0,0,0,0,0,0,0,90,180,forward,829.63,-90,0,1.6532669419211399,101.51929189617022
09:59:07,1.6533388071438695,101.51929189617022,0,0,0,0,0,0,0,0,90,180,forward,829.63,-90,0,1.6532669419211399,101.51929189617022
09:59:09,1.6533388071438695,101.51929189617022,0,0,0,0,0,0,0,0,90,180,forward,829.63,-90,0,1.6532669419211399,101.51929189617022
09:59:12,1.6533388071438695,101.51929189617022,0,0,0,0,0,0,0,0,90,180,forward,829.63,-90,0,1.6532669419211399,101.51929189617022
09:59:14,1.6533388071438695,101.51929189617022,0,0,0,0,0,0,0,0,90,180,forward,829.63,-90,0,1.6532669419211399,101.51929189617022
09:59:16,1.6533388071438695,101.51929189617022,0,0,0,0,0,0,0,0,90,180,forward,829.63,-90,0,1.6532669419211399,101.51929189617022
09:59:18,1.6533388071438695,101.51929189617022,0,0,0,0,0,0,0,0,135,180,forward,25.59,90,0,1.653287990757546,101.51924105861964
09:59:20,1.6533388071438695,101.51929189617022,0,0,0,0,0,0,0,0,135,180,forward,25.59,90,0,1.653287990757546,101.51924105861964
09:59:22,1.6533388071438695,101.51929189617022,0,0,0,0,0,0,0,0,135,180,forward,25.59,90,0,1.653287990757546,101.51924105861964
09:59:25,1.6533388071438695,101.51929189617022,0,0,0,0,0,0,0,0,135,180,forward,25.59,90,0,1.653287990757546,101.51924105861964
09:59:27,1.6533388071438695,101.51929189617022,0,0,0,0,0,0,0,0,135,180,forward,25.59,90,0,1.653287990757546,101.51924105861964
09:59:29,1.6533388071438695,101.51929189617022,0,0,0,0,0,0,0,0,135,180,forward,25.59,90,0,1.653287990757546,101.51924105861964
09:59:31,1.6533388071438695,101.51929189617022,0,0,0,0,0,0,0,0,180,180,forward,18.61,90,0,1.6533388071438695,101.51922000101672
09:59:33,1.6533388071438695,101.51929189617022,0,0,0,0,0,0,0,0,180,180,forward,18.61,90,0,1.6533388071438695,101.51922000101672
09:59:36,1.6533388071438695,101.51929189617022,0,0,0,0,0,0,0,0,180,180,forward,18.61,90,0,1.6533388071438695,101.51922000101672
09:59:38,1.6533388071438695,101.51929189617022,0,0,0,0,0,0,0,0,180,180,forward,18.61,90,0,1.6533388071438695,101.51922000101672
09:59:40,1.6533388071438695,101.51929189617022,0,0,0,0,0,0,0,0,40,180,forward,24.89,-89,0,1.6532926130691317,101.51934697105304
09:59:42,1.6533388071438695,101.51929189617022,0,0,0,0,0,0,0,0,40,180,forward,24.89,-89,0,1.6532926130691317,101.51934697105304
09:59:44,1.6533388071438695,101.51929189617022,0,0,0,0,0,0,0,0,40,180,forward,24.89,-89,0,1.6532926130691317,101.51934697105304
09:59:47,1.6533388071438695,101.51929189617022,0,0,0,0,0,0,0,0,0,180,forward,24.89,-89,0,1.6533388071438695,101.51936379132371
09:59:49,1.6533388071438695,101.51929189617022,0,0,0,0,0,0,0,0,0,180,forward,18.61,-90,0,1.6533388071438695,101.51936379132371
09:59:51,1.6533388071438695,101.51929189617022,0,0,0,0,0,0,0,0,0,180,forward,18.61,-90,0,1.6533388071438695,101.51936379132371
09:59:53,1.6533388071438695,101.51929189617022,0,0,0,0,0,0,0,0,0,180,forward,18.61,-90,0,1.6533388071438695,101.51936379132371
09:59:55,1.6533388071438695,101.51929189617022,0,0,0,0,0,0,0,0,0,180,forward,18.61,-90,0,1.6533388071438695,101.51936379132371
09:59:58,1.6533388071438695,101.51929189617022,0,0,0,0,0,0,0,0,0,180,forward,18.61,-90,0,1.6533388071438695,101.51936379132371
10:00:00,1.6533388071438695,101.51929189617022,0,0,0,0,0,0,0,0,0,180,forward,18.61,-90,0,1.6533388071438695,101.51936379132371
10:00:02,1.6533388071438695,101.51929189617022,0,0,0,0,0,0,0,0,0,180,forward,18.61,-90,0,1.6533388071438695,101.51936379132371
10:00:04,1.6533388071438695,101.51929189617022,0,0,0,0,0,0,0,0,0,180,forward,18.61,-90,0,1.6533388071438695,101.51936379132371
10:00:06,1.6533388071438695,101.51929189617022,0,0,0,0,0,0,0,0,0,180,forward,18.61,-90,0,1.6533388071438695,101.51936379132371
10:00:09,1.6533388071438695,101.51929189617022,0,0,0,0,0,0,0,0,0,180,forward,18.61,-90,0,1.6533388071438695,101.51936379132371
10:00:11,1.698737,101.436559,0,0,0,0,0,0,0,0,120,180,forward,10458.78,-1,0,1.6986747628914676,101.4365230515898
10:00:13,1.698739,101.436561,0,0,0,0,0,0,0,0,120,180,forward,10458.69,-1,0,1.6986767628914676,101.43652505158977
10:00:15,1.69874,101.436563,0,0,0,0,0,0,0,0,120,180,forward,10458.55,-2,0,1.6986777628914675,101.43652705158976
10:00:17,1.698742,101.436565,0,0,0,0,0,0,0,0,121,180,forward,10458.46,-2,0,1.6986803994810185,101.43652797039994
10:00:19,1.698743,101.436567,0,0,0,0,0,0,0,0,121,180,forward,10458.32,-2,0,1.6986813994810184,101.43652997039992
10:00:21,1.698744,101.436569,0,0,0,0,0,0,0,0,121,180,forward,10458.18,-2,0,1.6986823994810185,101.43653197039991
10:00:24,1.698744,101.43657,0,0,0,0,0,0,0,0,121,180,forward,10458.08,-2,0,1.6986823994810185,101.43653297039991
10:00:26,1.698745,101.436572,0,0,0,0,0,0,0,0,122,180,forward,10457.94,-3,0,1.6986840548346842,101.43653390048968
10:00:28,1.698746,101.436574,0,0,0,0,0,0,0,0,122,180,forward,10457.8,-3,0,1.6986850548346843,101.43653590048966
10:00:30,1.698748,101.436576,0,0,0,0,0,0,0,0,122,180,forward,10457.71,-3,0,1.6986870548346842,101.43653790048963
10:00:32,1.698749,101.436578,0,0,0,0,0,0,0,0,122,180,forward,10457.57,-3,0,1.6986880548346843,101.4365399004896
10:00:34,1.69875,101.43658,0,0,0,0,0,0,0,0,122,180,forward,10457.43,-4,0,1.6986890548346842,101.43654190048959
10:00:37,1.698752,101.436582,0,0,0,0,0,0,0,0,123,180,forward,10457.34,-4,0,1.6986917287528378,101.43654284218482
10:00:39,1.698754,101.436584,0,0,0,0,0,0,0,0,123,180,forward,10457.26,-4,0,1.6986937287528379,101.43654484218477
10:00:41,1.698756,101.436586,0,0,0,0,0,0,0,0,123,180,forward,10457.17,-4,0,1.6986957287528377,101.43654684218474
10:00:43,1.698757,101.436588,0,0,0,0,0,0,0,0,123,180,forward,10457.03,-4,0,1.6986967287528378,101.43654884218472
10:00:45,1.698759,101.43659,0,0,0,0,0,0,0,0,124,180,forward,10456.94,-5,0,1.698699421030197,101.43654979580779
10:00:48,1.69876,101.436592,0,0,0,0,0,0,0,0,124,180,forward,10456.8,-5,0,1.6987004210301972,101.43655179580779
10:00:50,1.698762,101.436593,0,0,0,0,0,0,0,0,124,180,forward,10456.81,-5,0,1.6987024210301973,101.43655279580774
10:00:52,1.698763,101.436594,0,0,0,0,0,0,0,0,124,180,forward,10456.76,-5,0,1.6987034210301972,101.43655379580771
10:00:54,1.698765,101.436596,0,0,0,0,0,0,0,0,125,180,forward,10456.77,-6,0,1.6987061314558878,101.43655376167737
10:00:56,1.698766,101.436597,0,0,0,0,0,0,0,0,125,180,forward,10456.63,-6,0,1.6987071314558877,101.43655576167737
10:00:58,1.698767,101.436598,0,0,0,0,0,0,0,0,125,180,forward,10456.59,-6,0,1.6987081314558876,101.43655676167734
10:01:00,1.698769,101.4366,0,0,0,0,0,0,0,0,126,180,forward,10456.5,-6,0,1.6987108598135072,101.43655774010858
10:01:02,1.69877,101.436602,0,0,0,0,0,0,0,0,126,180,forward,10456.36,-7,0,1.6987118598135071,101.43655974010856
10:01:05,1.698771,101.436603,0,0,0,0,0,0,0,0,126,180,forward,10456.32,-7,0,1.6987128598135073,101.43656074010855
10:01:07,1.698772,101.436604,0,0,0,0,0,0,0,0,126,180,forward,10456.27,-7,0,1.6987138598135072,101.43656174010853
10:01:09,1.698773,101.436605,0,0,0,0,0,0,0,0,127,180,forward,10456.23,-7,0,1.6987156058811907,101.43656173141257
10:01:11,1.698775,101.436605,0,0,0,0,0,0,0,0,127,180,forward,10456.34,-8,0,1.6987176058811906,101.43656173141252
10:01:13,1.698776,101.436606,0,0,0,0,0,0,0,0,127,180,forward,10456.29,-8,0,1.6987186058811907,101.4365627314125
10:01:15,1.698777,101.436607,0,0,0,0,0,0,0,0,127,180,forward,10456.25,-8,0,1.6987196058811906,101.43656373141248
10:01:17,1.698778,101.436609,0,0,0,0,0,0,0,0,127,180,forward,10456.11,-8,0,1.6987206058811906,101.43656573141246
10:01:19,1.698779,101.436611,0,0,0,0,0,0,0,0,128,180,forward,10455.97,-9,0,1.6987223694316789,101.43656673589652
10:01:22,1.698781,101.436613,0,0,0,0,0,0,0,0,128,180,forward,10455.88,-9,0,1.698724369431679,101.43656873589647
10:01:24,1.698783,101.436615,0,0,0,0,0,0,0,0,128,180,forward,10455.79,-9,0,1.6987263694316788,101.43657073589644
10:01:26,1.698784,101.436617,0,0,0,0,0,0,0,0,129,180,forward,10455.65,-10,0,1.6987281502323865,101.43657175386377
10:01:28,1.698786,101.436619,0,0,0,0,0,0,0,0,129,180,forward,10455.56,-10,0,1.6987301502323864,101.43657375386373
10:01:30,1.698787,101.43662,0,0,0,0,0,0,0,0,129,180,forward,10455.52,-10,0,1.6987311502323865,101.43657475386371
10:01:32,1.698789,101.436622,0,0,0,0,0,0,0,0,129,180,forward,10455.43,-10,0,1.6987331502323866,101.43657675386366
10:01:34,1.69879,101.436623,0,0,0,0,0,0,0,0,130,180,forward,10455.39,-11,0,1.6987349480454745,101.43657678561341
10:01:37,1.69879,101.436625,0,0,0,0,0,0,0,0,130,180,forward,10455.2,-11,0,1.6987349480454745,101.43657878561342
10:01:39,1.698791,101.436627,0,0,0,0,0,0,0,0,130,180,forward,10455.05,-11,0,1.6987359480454745,101.43658078561339
10:01:41,1.698792,101.436628,0,0,0,0,0,0,0,0,130,180,forward,10455.01,-11,0,1.6987369480454746,101.43658178561336
10:01:43,1.698793,101.43663,0,0,0,0,0,0,0,0,131,180,forward,10454.87,-12,0,1.6987387626279211,101.43658283144046
10:01:45,1.698794,101.436632,0,0,0,0,0,0,0,0,131,180,forward,10454.73,-12,0,1.698739762627921,101.43658483144044
10:01:47,1.698795,101.436633,0,0,0,0,0,0,0,0,131,180,forward,10454.69,-12,0,1.6987407626279212,101.43658583144041
10:01:49,1.698796,101.436635,0,0,0,0,0,0,0,0,131,180,forward,10454.54,-12,0,1.698741762627921,101.43658783144038
10:01:52,1.698797,101.436636,0,0,0,0,0,0,0,0,132,180,forward,10454.5,-13,0,1.6987435937315967,101.43658789163548
10:01:54,1.698798,101.436637,0,0,0,0,0,0,0,0,132,180,forward,10454.46,-13,0,1.6987445937315968,101.43658889163547
10:01:56,1.698798,101.436637,0,0,0,0,0,0,0,0,132,180,forward,10454.46,-13,0,1.6987445937315968,101.43658889163547
10:01:58,1.698798,101.436637,0,0,0,0,0,0,0,0,132,180,forward,10454.46,-13,0,1.6987445937315968,101.43658889163547
10:02:00,1.698798,101.436637,0,0,0,0,0,0,0,0,132,180,forward,10454.46,-13,0,1.6987445937315968,101.43658889163547
10:02:03,1.698798,101.436637,0,0,0,0,0,0,0,0,132,180,forward,10454.46,-13,0,1.6987445937315968,101.43658889163547
10:02:05,1.698798,101.436637,0,0,0,0,0,0,0,0,132,180,forward,10454.46,-13,0,1.6987445937315968,101.43658889163547
10:02:07,1.698798,101.436637,0,0,0,0,0,0,0,0,132,180,forward,10454.46,-13,0,1.6987445937315968,101.43658889163547
10:02:09,1.698798,101.436637,0,0,0,0,0,0,0,0,132,180,forward,10454.46,-13,0,1.6987445937315968,101.43658889163547
10:02:11,1.698798,101.436637,0,0,0,0,0,0,0,0,132,180,forward,10454.46,-13,0,1.6987445937315968,101.43658889163547
10:02:13,1.698798,101.436637,0,0,0,0,0,0,0,0,132,180,forward,10454.46,-13,0,1.6987445937315968,101.43658889163547
10:02:16,1.698798,101.436637,0,0,0,0,0,0,0,0,132,180,forward,10454.46,-13,0,1.6987445937315968,101.43658889163547
10:02:18,1.698798,101.436637,0,0,0,0,0,0,0,0,132,180,forward,10454.46,-13,0,1.6987445937315968,101.43658889163547
10:02:20,1.698798,101.436637,0,0,0,0,0,0,0,0,132,180,forward,10454.46,-13,0,1.6987445937315968,101.43658889163547
10:02:22,1.698798,101.436637,0,0,0,0,0,0,0,0,132,180,forward,10454.46,-13,0,1.6987445937315968,101.43658889163547
10:02:24,1.698798,101.436637,0,0,0,0,0,0,0,0,132,180,forward,10454.46,-13,0,1.6987445937315968,101.43658889163547
10:02:26,1.698798,101.436637,0,0,0,0,0,0,0,0,132,180,forward,10454.46,-13,0,1.6987445937315968,101.43658889163547
10:02:28,1.698798,101.436637,0,0,0,0,0,0,0,0,132,180,forward,10454.46,-13,0,1.6987445937315968,101.43658889163547
10:02:30,1.698798,101.436637,0,0,0,0,0,0,0,0,132,180,forward,10454.46,-13,0,1.6987445937315968,101.43658889163547
10:02:33,1.698798,101.436637,0,0,0,0,0,0,0,0,132,180,forward,10454.46,-13,0,1.6987445937315968,101.43658889163547
10:02:35,1.698798,101.436637,0,0,0,0,0,0,0,0,132,180,forward,10454.46,-13,0,1.6987445937315968,101.43658889163547
10:02:37,1.698798,101.436637,0,0,0,0,0,0,0,0,132,180,forward,10454.46,-13,0,1.6987445937315968,101.43658889163547
10:02:39,1.698798,101.436637,0,0,0,0,0,0,0,0,132,180,forward,10454.46,-13,0,1.6987445937315968,101.43658889163547
10:02:41,1.698798,101.436637,0,0,0,0,0,0,0,0,132,180,forward,10454.46,-13,0,1.6987445937315968,101.43658889163547
10:02:43,1.698798,101.436637,0,0,0,0,0,0,0,0,132,180,forward,10454.46,-13,0,1.6987445937315968,101.43658889163547
10:02:45,1.698798,101.436637,0,0,0,0,0,0,0,0,132,180,forward,10454.46,-13,0,1.6987445937315968,101.43658889163547
10:02:47,1.698798,101.436637,0,0,0,0,0,0,0,0,132,180,forward,10454.46,-13,0,1.6987445937315968,101.43658889163547
10:02:50,1.698798,101.436637,0,0,0,0,0,0,0,0,132,180,forward,10454.46,-13,0,1.6987445937315968,101.43658889163547
10:02:52,1.698798,101.436637,0,0,0,0,0,0,0,0,132,180,forward,10454.46,-13,0,1.6987445937315968,101.43658889163547
10:02:54,1.698798,101.436637,0,0,0,0,0,0,0,0,132,180,forward,10454.46,-13,0,1.6987445937315968,101.43658889163547
10:02:56,1.698798,101.436637,0,0,0,0,0,0,0,0,132,180,forward,10454.46,-13,0,1.6987445937315968,101.43658889163547
10:02:58,1.698798,101.436637,0,0,0,0,0,0,0,0,132,180,forward,10454.46,-13,0,1.6987445937315968,101.43658889163547
10:03:01,1.698798,101.436637,0,0,0,0,0,0,0,0,132,180,forward,10454.46,-13,0,1.6987445937315968,101.43658889163547
10:03:03,1.698798,101.436637,0,0,0,0,0,0,0,0,132,180,forward,10454.46,-13,0,1.6987445937315968,101.43658889163547
10:03:05,1.698798,101.436637,0,0,0,0,0,0,0,0,132,180,forward,10454.46,-13,0,1.6987445937315968,101.43658889163547
10:03:07,1.698798,101.436637,0,0,0,0,0,0,0,0,132,180,forward,10454.46,-13,0,1.6987445937315968,101.43658889163547
10:03:09,1.698798,101.436637,0,0,0,0,0,0,0,0,132,180,forward,10454.46,-13,0,1.6987445937315968,101.43658889163547
10:03:11,1.698798,101.436637,0,0,0,0,0,0,0,0,132,180,forward,10454.46,-13,0,1.6987445937315968,101.43658889163547
10:03:14,1.698798,101.436637,0,0,0,0,0,0,0,0,132,180,forward,10454.46,-13,0,1.6987445937315968,101.43658889163547
10:03:16,1.698798,101.436637,0,0,0,0,0,0,0,0,132,180,forward,10454.46,-13,0,1.6987445937315968,101.43658889163547
10:03:18,1.698798,101.436637,0,0,0,0,0,0,0,0,132,180,forward,10454.46,-13,0,1.6987445937315968,101.43658889163547
10:03:20,1.698798,101.436637,0,0,0,0,0,0,0,0,132,180,forward,10454.46,-13,0,1.6987445937315968,101.43658889163547
10:03:22,1.698798,101.436637,0,0,0,0,0,0,0,0,132,180,forward,10454.46,-13,0,1.6987445937315968,101.43658889163547
10:03:24,1.698798,101.436637,0,0,0,0,0,0,0,0,132,180,forward,10454.46,-13,0,1.6987445937315968,101.43658889163547
10:03:26,1.698798,101.436637,0,0,0,0,0,0,0,0,132,180,forward,10454.46,-13,0,1.6987445937315968,101.43658889163547
10:03:28,1.698798,101.436637,0,0,0,0,0,0,0,0,132,180,forward,10454.46,-13,0,1.6987445937315968,101.43658889163547
10:03:31,1.698798,101.436637,0,0,0,0,0,0,0,0,132,180,forward,10454.46,-13,0,1.6987445937315968,101.43658889163547
10:03:33,1.698798,101.436637,0,0,0,0,0,0,0,0,132,180,forward,10454.46,-13,0,1.6987445937315968,101.43658889163547
10:03:35,1.698798,101.436637,0,0,0,0,0,0,0,0,132,180,forward,10454.46,-13,0,1.6987445937315968,101.43658889163547
10:03:37,1.698798,101.436637,0,0,0,0,0,0,0,0,132,180,forward,10454.46,-13,0,1.6987445937315968,101.43658889163547
10:03:39,1.698798,101.436637,0,0,0,0,0,0,0,0,132,180,forward,10454.46,-13,0,1.6987445937315968,101.43658889163547
10:03:42,1.698798,101.436637,0,0,0,0,0,0,0,0,132,180,forward,10454.46,-13,0,1.6987445937315968,101.43658889163547
10:03:44,1.698798,101.436637,0,0,0,0,0,0,0,0,132,180,forward,10454.46,-13,0,1.6987445937315968,101.43658889163547
10:03:46,1.698798,101.436637,0,0,0,0,0,0,0,0,132,180,forward,10454.46,-13,0,1.6987445937315968,101.43658889163547
10:03:48,1.698798,101.436637,0,0,0,0,0,0,0,0,132,180,forward,10454.46,-13,0,1.6987445937315968,101.43658889163547
10:03:50,1.698798,101.436637,0,0,0,0,0,0,0,0,132,180,forward,10454.46,-13,0,1.6987445937315968,101.43658889163547
10:03:52,1.698798,101.436637,0,0,0,0,0,0,0,0,132,180,forward,10454.46,-13,0,1.6987445937315968,101.43658889163547
10:03:55,1.698798,101.436637,0,0,0,0,0,0,0,0,132,180,forward,10454.46,-13,0,1.6987445937315968,101.43658889163547
10:03:57,1.698798,101.436637,0,0,0,0,0,0,0,0,132,180,forward,10454.46,-13,0,1.6987445937315968,101.43658889163547
10:03:59,1.698798,101.436637,0,0,0,0,0,0,0,0,132,180,forward,10454.46,-13,0,1.6987445937315968,101.43658889163547
10:04:01,1.698798,101.436637,0,0,0,0,0,0,0,0,132,180,forward,10454.46,-13,0,1.6987445937315968,101.43658889163547
10:04:03,1.698798,101.436637,0,0,0,0,0,0,0,0,132,180,forward,10454.46,-13,0,1.6987445937315968,101.43658889163547
10:04:06,1.698798,101.436637,0,0,0,0,0,0,0,0,132,180,forward,10454.46,-13,0,1.6987445937315968,101.43658889163547
10:04:08,1.698798,101.436637,0,0,0,0,0,0,0,0,132,180,forward,10454.46,-13,0,1.6987445937315968,101.43658889163547
10:04:10,1.698798,101.436637,0,0,0,0,0,0,0,0,132,180,forward,10454.46,-13,0,1.6987445937315968,101.43658889163547
10:04:12,1.698798,101.436637,0,0,0,0,0,0,0,0,132,180,forward,10454.46,-13,0,1.6987445937315968,101.43658889163547
10:04:14,1.698798,101.436637,0,0,0,0,0,0,0,0,132,180,forward,10454.46,-13,0,1.6987445937315968,101.43658889163547
10:04:17,1.698798,101.436637,0,0,0,0,0,0,0,0,132,180,forward,10454.46,-13,0,1.6987445937315968,101.43658889163547
10:04:19,1.698798,101.436637,0,0,0,0,0,0,0,0,132,180,forward,10454.46,-13,0,1.6987445937315968,101.43658889163547
10:04:21,1.698798,101.436637,0,0,0,0,0,0,0,0,132,180,forward,10454.46,-13,0,1.6987445937315968,101.43658889163547
10:04:23,1.698798,101.436637,0,0,0,0,0,0,0,0,132,180,forward,10454.46,-13,0,1.6987445937315968,101.43658889163547
10:04:25,1.698798,101.436637,0,0,0,0,0,0,0,0,132,180,forward,10454.46,-13,0,1.6987445937315968,101.43658889163547
10:04:27,1.698798,101.436637,0,0,0,0,0,0,0,0,132,180,forward,10454.46,-13,0,1.6987445937315968,101.43658889163547
10:04:30,1.698798,101.436637,0,0,0,0,0,0,0,0,132,180,forward,10454.46,-13,0,1.6987445937315968,101.43658889163547
10:04:32,1.698798,101.436637,0,0,0,0,0,0,0,0,132,180,forward,10454.46,-13,0,1.6987445937315968,101.43658889163547
10:04:34,1.698798,101.436637,0,0,0,0,0,0,0,0,132,180,forward,10454.46,-13,0,1.6987445937315968,101.43658889163547
10:04:36,1.698798,101.436637,0,0,0,0,0,0,0,0,132,180,forward,10454.46,-13,0,1.6987445937315968,101.43658889163547
10:04:38,1.698798,101.436637,0,0,0,0,0,0,0,0,132,180,forward,10454.46,-13,0,1.6987445937315968,101.43658889163547
10:04:40,1.698798,101.436637,0,0,0,0,0,0,0,0,132,180,forward,10454.46,-13,0,1.6987445937315968,101.43658889163547
10:04:43,1.698798,101.436637,0,0,0,0,0,0,0,0,132,180,forward,10454.46,-13,0,1.6987445937315968,101.43658889163547
10:04:45,1.698798,101.436637,0,0,0,0,0,0,0,0,132,180,forward,10454.46,-13,0,1.6987445937315968,101.43658889163547
10:04:47,1.698798,101.436637,0,0,0,0,0,0,0,0,132,180,forward,10454.46,-13,0,1.6987445937315968,101.43658889163547
10:04:49,1.698798,101.436637,0,0,0,0,0,0,0,0,132,180,forward,10454.46,-13,0,1.6987445937315968,101.43658889163547
10:04:51,1.698798,101.436637,0,0,0,0,0,0,0,0,132,180,forward,10454.46,-13,0,1.6987445937315968,101.43658889163547
10:04:54,1.698798,101.436637,0,0,0,0,0,0,0,0,132,180,forward,10454.46,-13,0,1.6987445937315968,101.43658889163547
10:04:56,1.698798,101.436637,0,0,0,0,0,0,0,0,132,180,forward,10454.46,-13,0,1.6987445937315968,101.43658889163547
10:04:58,1.698798,101.436637,0,0,0,0,0,0,0,0,132,180,forward,10454.46,-13,0,1.6987445937315968,101.43658889163547
10:05:00,1.698798,101.436637,0,0,0,0,0,0,0,0,132,180,forward,10454.46,-13,0,1.6987445937315968,101.43658889163547
10:05:02,1.698798,101.436637,0,0,0,0,0,0,0,0,132,180,forward,10454.46,-13,0,1.6987445937315968,101.43658889163547
10:05:04,1.698798,101.436637,0,0,0,0,0,0,0,0,132,180,forward,10454.46,-13,0,1.6987445937315968,101.43658889163547
10:05:07,1.698798,101.436637,0,0,0,0,0,0,0,0,132,180,forward,10454.46,-13,0,1.6987445937315968,101.43658889163547
10:05:09,1.698798,101.436637,0,0,0,0,0,0,0,0,132,180,forward,10454.46,-13,0,1.6987445937315968,101.43658889163547
10:05:11,1.698798,101.436637,0,0,0,0,0,0,0,0,132,180,forward,10454.46,-13,0,1.6987445937315968,101.43658889163547
10:05:13,1.698798,101.436637,0,0,0,0,0,0,0,0,132,180,forward,10454.46,-13,0,1.6987445937315968,101.43658889163547
10:05:15,1.698798,101.436637,0,0,0,0,0,0,0,0,132,180,forward,10454.46,-13,0,1.6987445937315968,101.43658889163547
10:05:17,1.698798,101.436637,0,0,0,0,0,0,0,0,132,180,forward,10454.46,-13,0,1.6987445937315968,101.43658889163547
10:05:20,1.698798,101.436637,0,0,0,0,0,0,0,0,132,180,forward,10454.46,-13,0,1.6987445937315968,101.43658889163547
10:05:22,1.698798,101.436637,0,0,0,0,0,0,0,0,132,180,forward,10454.46,-13,0,1.6987445937315968,101.43658889163547
10:05:24,1.698798,101.436637,0,0,0,0,0,0,0,0,132,180,forward,10454.46,-13,0,1.6987445937315968,101.43658889163547
10:05:26,1.698798,101.436637,0,0,0,0,0,0,0,0,132,180,forward,10454.46,-13,0,1.6987445937315968,101.43658889163547
10:05:28,1.698798,101.436637,0,0,0,0,0,0,0,0,132,180,forward,10454.46,-13,0,1.6987445937315968,101.43658889163547
10:05:30,1.698798,101.436637,0,0,0,0,0,0,0,0,132,180,forward,10454.46,-13,0,1.6987445937315968,101.43658889163547
10:05:33,1.698798,101.436637,0,0,0,0,0,0,0,0,132,180,forward,10454.46,-13,0,1.6987445937315968,101.43658889163547
10:05:35,1.698798,101.436637,0,0,0,0,0,0,0,0,132,180,forward,10454.46,-13,0,1.6987445937315968,101.43658889163547
10:05:37,1.698798,101.436637,0,0,0,0,0,0,0,0,132,180,forward,10454.46,-13,0,1.6987445937315968,101.43658889163547
10:05:39,1.698798,101.436637,0,0,0,0,0,0,0,0,132,180,forward,10454.46,-13,0,1.6987445937315968,101.43658889163547
10:05:41,1.698798,101.436637,0,0,0,0,0,0,0,0,132,180,forward,10454.46,-13,0,1.6987445937315968,101.43658889163547
10:05:43,1.698798,101.436637,0,0,0,0,0,0,0,0,132,180,forward,10454.46,-13,0,1.6987445937315968,101.43658889163547
10:05:45,1.698798,101.436637,0,0,0,0,0,0,0,0,132,180,forward,10454.46,-13,0,1.6987445937315968,101.43658889163547
10:05:47,1.698798,101.436637,0,0,0,0,0,0,0,0,132,180,forward,10454.46,-13,0,1.6987445937315968,101.43658889163547
10:05:50,1.698798,101.436637,0,0,0,0,0,0,0,0,132,180,forward,10454.46,-13,0,1.6987445937315968,101.43658889163547
10:05:52,1.698798,101.436637,0,0,0,0,0,0,0,0,132,180,forward,10454.46,-13,0,1.6987445937315968,101.43658889163547
10:05:54,1.698798,101.436637,0,0,0,0,0,0,0,0,132,180,forward,10454.46,-13,0,1.6987445937315968,101.43658889163547
10:05:56,1.698798,101.436637,0,0,0,0,0,0,0,0,132,180,forward,10454.46,-13,0,1.6987445937315968,101.43658889163547
10:05:58,1.698798,101.436637,0,0,0,0,0,0,0,0,132,180,forward,10454.46,-13,0,1.6987445937315968,101.43658889163547
10:06:00,1.698798,101.436637,0,0,0,0,0,0,0,0,132,180,forward,10454.46,-13,0,1.6987445937315968,101.43658889163547
10:06:03,1.698798,101.436637,0,0,0,0,0,0,0,0,132,180,forward,10454.46,-13,0,1.6987445937315968,101.43658889163547
10:06:05,1.698798,101.436637,0,0,0,0,0,0,0,0,132,180,forward,10454.46,-13,0,1.6987445937315968,101.43658889163547
10:06:07,1.698798,101.436637,0,0,0,0,0,0,0,0,132,180,forward,10454.46,-13,0,1.6987445937315968,101.43658889163547
10:06:09,1.698798,101.436637,0,0,0,0,0,0,0,0,132,180,forward,10454.46,-13,0,1.6987445937315968,101.43658889163547
10:06:11,1.698798,101.436637,0,0,0,0,0,0,0,0,132,180,forward,10454.46,-13,0,1.6987445937315968,101.43658889163547
10:06:13,1.698798,101.436637,0,0,0,0,0,0,0,0,132,180,forward,10454.46,-13,0,1.6987445937315968,101.43658889163547
10:06:15,1.698798,101.436637,0,0,0,0,0,0,0,0,132,180,forward,10454.46,-13,0,1.6987445937315968,101.43658889163547
10:06:18,1.698798,101.436637,0,0,0,0,0,0,0,0,132,180,forward,10454.46,-13,0,1.6987445937315968,101.43658889163547
10:06:20,1.698798,101.436637,0,0,0,0,0,0,0,0,132,180,forward,10454.46,-13,0,1.6987445937315968,101.43658889163547
10:06:22,1.698798,101.436637,0,0,0,0,0,0,0,0,132,180,forward,10454.46,-13,0,1.6987445937315968,101.43658889163547
10:06:24,1.698798,101.436637,0,0,0,0,0,0,0,0,132,180,forward,10454.46,-13,0,1.6987445937315968,101.43658889163547
10:06:26,1.698798,101.436637,0,0,0,0,0,0,0,0,132,180,forward,10454.46,-13,0,1.6987445937315968,101.43658889163547
10:06:28,1.698798,101.436637,0,0,0,0,0,0,0,0,132,180,forward,10454.46,-13,0,1.6987445937315968,101.43658889163547
10:06:30,1.698798,101.436637,0,0,0,0,0,0,0,0,132,180,forward,10454.46,-13,0,1.6987445937315968,101.43658889163547
10:06:33,1.698798,101.436637,0,0,0,0,0,0,0,0,132,180,forward,10454.46,-13,0,1.6987445937315968,101.43658889163547
10:06:35,1.698798,101.436637,0,0,0,0,0,0,0,0,132,180,forward,10454.46,-13,0,1.6987445937315968,101.43658889163547
10:06:37,1.698798,101.436637,0,0,0,0,0,0,0,0,132,180,forward,10454.46,-13,0,1.6987445937315968,101.43658889163547
10:06:39,1.698798,101.436637,0,0,0,0,0,0,0,0,132,180,forward,10454.46,-13,0,1.6987445937315968,101.43658889163547
10:06:41,1.698798,101.436637,0,0,0,0,0,0,0,0,132,180,forward,10454.46,-13,0,1.6987445937315968,101.43658889163547
10:06:43,1.698798,101.436637,0,0,0,0,0,0,0,0,132,180,forward,10454.46,-13,0,1.6987445937315968,101.43658889163547
10:06:45,1.698798,101.436637,0,0,0,0,0,0,0,0,132,180,forward,10454.46,-13,0,1.6987445937315968,101.43658889163547
10:06:47,1.698798,101.436637,0,0,0,0,0,0,0,0,132,180,forward,10454.46,-13,0,1.6987445937315968,101.43658889163547
10:06:50,1.698798,101.436637,0,0,0,0,0,0,0,0,132,180,forward,10454.46,-13,0,1.6987445937315968,101.43658889163547
10:06:52,1.698798,101.436637,0,0,0,0,0,0,0,0,132,180,forward,10454.46,-13,0,1.6987445937315968,101.43658889163547
10:06:54,1.698798,101.436637,0,0,0,0,0,0,0,0,132,180,forward,10454.46,-13,0,1.6987445937315968,101.43658889163547
10:06:56,1.698798,101.436637,0,0,0,0,0,0,0,0,132,180,forward,10454.46,-13,0,1.6987445937315968,101.43658889163547
10:06:58,1.698798,101.436637,0,0,0,0,0,0,0,0,132,180,forward,10454.46,-13,0,1.6987445937315968,101.43658889163547
10:07:00,1.698798,101.436637,0,0,0,0,0,0,0,0,132,180,forward,10454.46,-13,0,1.6987445937315968,101.43658889163547
10:07:02,1.698798,101.436637,0,0,0,0,0,0,0,0,132,180,forward,10454.46,-13,0,1.6987445937315968,101.43658889163547
10:07:05,1.698798,101.436637,0,0,0,0,0,0,0,0,132,180,forward,10454.46,-13,0,1.6987445937315968,101.43658889163547
10:07:07,1.698798,101.436637,0,0,0,0,0,0,0,0,132,180,forward,10454.46,-13,0,1.6987445937315968,101.43658889163547
10:07:09,1.698798,101.436637,0,0,0,0,0,0,0,0,132,180,forward,10454.46,-13,0,1.6987445937315968,101.43658889163547
10:07:11,1.698798,101.436637,0,0,0,0,0,0,0,0,132,180,forward,10454.46,-13,0,1.6987445937315968,101.43658889163547
10:07:13,1.698798,101.436637,0,0,0,0,0,0,0,0,132,180,forward,10454.46,-13,0,1.6987445937315968,101.43658889163547
10:07:15,1.698798,101.436637,0,0,0,0,0,0,0,0,132,180,forward,10454.46,-13,0,1.6987445937315968,101.43658889163547
10:07:18,1.698798,101.436637,0,0,0,0,0,0,0,0,132,180,forward,10454.46,-13,0,1.6987445937315968,101.43658889163547
10:07:20,1.698798,101.436637,0,0,0,0,0,0,0,0,132,180,forward,10454.46,-13,0,1.6987445937315968,101.43658889163547
10:07:22,1.698798,101.436637,0,0,0,0,0,0,0,0,132,180,forward,10454.46,-13,0,1.6987445937315968,101.43658889163547
10:07:24,1.698798,101.436637,0,0,0,0,0,0,0,0,132,180,forward,10454.46,-13,0,1.6987445937315968,101.43658889163547
10:07:26,1.698798,101.436637,0,0,0,0,0,0,0,0,132,180,forward,10454.46,-13,0,1.6987445937315968,101.43658889163547
10:07:29,1.698798,101.436637,0,0,0,0,0,0,0,0,132,180,forward,10454.46,-13,0,1.6987445937315968,101.43658889163547
10:07:31,1.698798,101.436637,0,0,0,0,0,0,0,0,132,180,forward,10454.46,-13,0,1.6987445937315968,101.43658889163547
10:07:33,1.698798,101.436637,0,0,0,0,0,0,0,0,132,180,forward,10454.46,-13,0,1.6987445937315968,101.43658889163547
10:07:35,1.698798,101.436637,0,0,0,0,0,0,0,0,132,180,forward,10454.46,-13,0,1.6987445937315968,101.43658889163547
10:07:37,1.698798,101.436637,0,0,0,0,0,0,0,0,132,180,forward,10454.46,-13,0,1.6987445937315968,101.43658889163547
10:07:39,1.698798,101.436637,0,0,0,0,0,0,0,0,132,180,forward,10454.46,-13,0,1.6987445937315968,101.43658889163547
10:07:42,1.698798,101.436637,0,0,0,0,0,0,0,0,132,180,forward,10454.46,-13,0,1.6987445937315968,101.43658889163547
10:07:44,1.698798,101.436637,0,0,0,0,0,0,0,0,132,180,forward,10454.46,-13,0,1.6987445937315968,101.43658889163547
10:07:46,1.698798,101.436637,0,0,0,0,0,0,0,0,132,180,forward,10454.46,-13,0,1.6987445937315968,101.43658889163547
10:07:48,1.698798,101.436637,0,0,0,0,0,0,0,0,132,180,forward,10454.46,-13,0,1.6987445937315968,101.43658889163547
10:07:50,1.698798,101.436637,0,0,0,0,0,0,0,0,132,180,forward,10454.46,-13,0,1.6987445937315968,101.43658889163547
10:07:52,1.698798,101.436637,0,0,0,0,0,0,0,0,132,180,forward,10454.46,-13,0,1.6987445937315968,101.43658889163547
10:07:54,1.698798,101.436637,0,0,0,0,0,0,0,0,132,180,forward,10454.46,-13,0,1.6987445937315968,101.43658889163547
10:07:56,1.698798,101.436637,0,0,0,0,0,0,0,0,132,180,forward,10454.46,-13,0,1.6987445937315968,101.43658889163547
10:07:58,1.698798,101.436637,0,0,0,0,0,0,0,0,132,180,forward,10454.46,-13,0,1.6987445937315968,101.43658889163547
10:08:01,1.698798,101.436637,0,0,0,0,0,0,0,0,132,180,forward,10454.46,-13,0,1.6987445937315968,101.43658889163547
10:08:03,1.698798,101.436637,0,0,0,0,0,0,0,0,132,180,forward,10454.46,-13,0,1.6987445937315968,101.43658889163547
10:08:05,1.698798,101.436637,0,0,0,0,0,0,0,0,132,180,forward,10454.46,-13,0,1.6987445937315968,101.43658889163547
10:08:07,1.698798,101.436637,0,0,0,0,0,0,0,0,132,180,forward,10454.46,-13,0,1.6987445937315968,101.43658889163547
10:08:09,1.698798,101.436637,0,0,0,0,0,0,0,0,132,180,forward,10454.46,-13,0,1.6987445937315968,101.43658889163547
10:08:11,1.698798,101.436637,0,0,0,0,0,0,0,0,132,180,forward,10454.46,-13,0,1.6987445937315968,101.43658889163547
10:08:13,1.698798,101.436637,0,0,0,0,0,0,0,0,132,180,forward,10454.46,-13,0,1.6987445937315968,101.43658889163547
10:08:15,1.698798,101.436637,0,0,0,0,0,0,0,0,132,180,forward,10454.46,-13,0,1.6987445937315968,101.43658889163547
10:08:18,1.698798,101.436637,0,0,0,0,0,0,0,0,132,180,forward,10454.46,-13,0,1.6987445937315968,101.43658889163547
10:08:20,1.698798,101.436637,0,0,0,0,0,0,0,0,132,180,forward,10454.46,-13,0,1.6987445937315968,101.43658889163547
10:08:22,1.698798,101.436637,0,0,0,0,0,0,0,0,132,180,forward,10454.46,-13,0,1.6987445937315968,101.43658889163547
10:08:24,1.698798,101.436637,0,0,0,0,0,0,0,0,132,180,forward,10454.46,-13,0,1.6987445937315968,101.43658889163547
10:08:26,1.698798,101.436637,0,0,0,0,0,0,0,0,132,180,forward,10454.46,-13,0,1.6987445937315968,101.43658889163547
10:08:29,1.698798,101.436637,0,0,0,0,0,0,0,0,132,180,forward,10454.46,-13,0,1.6987445937315968,101.43658889163547
10:08:31,1.698798,101.436637,0,0,0,0,0,0,0,0,132,180,forward,10454.46,-13,0,1.6987445937315968,101.43658889163547
10:08:33,1.698798,101.436637,0,0,0,0,0,0,0,0,132,180,forward,10454.46,-13,0,1.6987445937315968,101.43658889163547
10:08:35,1.698798,101.436637,0,0,0,0,0,0,0,0,132,180,forward,10454.46,-13,0,1.6987445937315968,101.43658889163547
10:08:37,1.698798,101.436637,0,0,0,0,0,0,0,0,132,180,forward,10454.46,-13,0,1.6987445937315968,101.43658889163547
10:08:39,1.698798,101.436637,0,0,0,0,0,0,0,0,132,180,forward,10454.46,-13,0,1.6987445937315968,101.43658889163547
10:08:42,1.698798,101.436637,0,0,0,0,0,0,0,0,132,180,forward,10454.46,-13,0,1.6987445937315968,101.43658889163547
10:08:44,1.698798,101.436637,0,0,0,0,0,0,0,0,132,180,forward,10454.46,-13,0,1.6987445937315968,101.43658889163547
10:08:46,1.698798,101.436637,0,0,0,0,0,0,0,0,132,180,forward,10454.46,-13,0,1.6987445937315968,101.43658889163547
10:08:48,1.698798,101.436637,0,0,0,0,0,0,0,0,132,180,forward,10454.46,-13,0,1.6987445937315968,101.43658889163547
10:08:50,1.698798,101.436637,0,0,0,0,0,0,0,0,132,180,forward,10454.46,-13,0,1.6987445937315968,101.43658889163547
10:08:53,1.698798,101.436637,0,0,0,0,0,0,0,0,132,180,forward,10454.46,-13,0,1.6987445937315968,101.43658889163547
10:08:55,1.698798,101.436637,0,0,0,0,0,0,0,0,132,180,forward,10454.46,-13,0,1.6987445937315968,101.43658889163547
10:08:57,1.698798,101.436637,0,0,0,0,0,0,0,0,132,180,forward,10454.46,-13,0,1.6987445937315968,101.43658889163547
10:08:59,1.698798,101.436637,0,0,0,0,0,0,0,0,132,180,forward,10454.46,-13,0,1.6987445937315968,101.43658889163547
10:09:01,1.698798,101.436637,0,0,0,0,0,0,0,0,132,180,forward,10454.46,-13,0,1.6987445937315968,101.43658889163547
10:09:03,1.698798,101.436637,0,0,0,0,0,0,0,0,132,180,forward,10454.46,-13,0,1.6987445937315968,101.43658889163547
10:09:06,1.698798,101.436637,0,0,0,0,0,0,0,0,132,180,forward,10454.46,-13,0,1.6987445937315968,101.43658889163547
10:09:08,1.698798,101.436637,0,0,0,0,0,0,0,0,132,180,forward,10454.46,-13,0,1.6987445937315968,101.43658889163547
10:09:10,1.698798,101.436637,0,0,0,0,0,0,0,0,132,180,forward,10454.46,-13,0,1.6987445937315968,101.43658889163547
10:09:12,1.698798,101.436637,0,0,0,0,0,0,0,0,132,180,forward,10454.46,-13,0,1.6987445937315968,101.43658889163547
10:09:14,1.698798,101.436637,0,0,0,0,0,0,0,0,132,180,forward,10454.46,-13,0,1.6987445937315968,101.43658889163547
10:09:16,1.698798,101.436637,0,0,0,0,0,0,0,0,132,180,forward,10454.46,-13,0,1.6987445937315968,101.43658889163547
10:09:19,1.698798,101.436637,0,0,0,0,0,0,0,0,132,180,forward,10454.46,-13,0,1.6987445937315968,101.43658889163547
10:09:21,1.698798,101.436637,0,0,0,0,0,0,0,0,132,180,forward,10454.46,-13,0,1.6987445937315968,101.43658889163547
10:09:23,1.698798,101.436637,0,0,0,0,0,0,0,0,132,180,forward,10454.46,-13,0,1.6987445937315968,101.43658889163547
10:09:25,1.698798,101.436637,0,0,0,0,0,0,0,0,132,180,forward,10454.46,-13,0,1.6987445937315968,101.43658889163547
10:09:27,1.698798,101.436637,0,0,0,0,0,0,0,0,132,180,forward,10454.46,-13,0,1.6987445937315968,101.43658889163547
10:09:29,1.698798,101.436637,0,0,0,0,0,0,0,0,132,180,forward,10454.46,-13,0,1.6987445937315968,101.43658889163547
10:09:31,1.698798,101.436637,0,0,0,0,0,0,0,0,132,180,forward,10454.46,-13,0,1.6987445937315968,101.43658889163547
10:09:33,1.698798,101.436637,0,0,0,0,0,0,0,0,132,180,forward,10454.46,-13,0,1.6987445937315968,101.43658889163547
10:09:36,1.698798,101.436637,0,0,0,0,0,0,0,0,132,180,forward,10454.46,-13,0,1.6987445937315968,101.43658889163547
10:09:38,1.698798,101.436637,0,0,0,0,0,0,0,0,132,180,forward,10454.46,-13,0,1.6987445937315968,101.43658889163547
10:09:40,1.698798,101.436637,0,0,0,0,0,0,0,0,132,180,forward,10454.46,-13,0,1.6987445937315968,101.43658889163547
10:09:42,1.698798,101.436637,0,0,0,0,0,0,0,0,132,180,forward,10454.46,-13,0,1.6987445937315968,101.43658889163547
10:09:44,1.698798,101.436637,0,0,0,0,0,0,0,0,132,180,forward,10454.46,-13,0,1.6987445937315968,101.43658889163547
10:09:47,1.698798,101.436637,0,0,0,0,0,0,0,0,132,180,forward,10454.46,-13,0,1.6987445937315968,101.43658889163547
10:09:49,1.698798,101.436637,0,0,0,0,0,0,0,0,132,180,forward,10454.46,-13,0,1.6987445937315968,101.43658889163547
10:09:51,1.698798,101.436637,0,0,0,0,0,0,0,0,132,180,forward,10454.46,-13,0,1.6987445937315968,101.43658889163547
10:09:53,1.698798,101.436637,0,0,0,0,0,0,0,0,132,180,forward,10454.46,-13,0,1.6987445937315968,101.43658889163547
10:09:55,1.698798,101.436637,0,0,0,0,0,0,0,0,132,180,forward,10454.46,-13,0,1.6987445937315968,101.43658889163547
10:09:58,1.698798,101.436637,0,0,0,0,0,0,0,0,132,180,forward,10454.46,-13,0,1.6987445937315968,101.43658889163547
10:10:00,1.698798,101.436637,0,0,0,0,0,0,0,0,132,180,forward,10454.46,-13,0,1.6987445937315968,101.43658889163547
10:10:02,1.698798,101.436637,0,0,0,0,0,0,0,0,132,180,forward,10454.46,-13,0,1.6987445937315968,101.43658889163547
10:10:04,1.698798,101.436637,0,0,0,0,0,0,0,0,132,180,forward,10454.46,-13,0,1.6987445937315968,101.43658889163547
10:10:06,1.698798,101.436637,0,0,0,0,0,0,0,0,132,180,forward,10454.46,-13,0,1.6987445937315968,101.43658889163547
10:10:08,1.698798,101.436637,0,0,0,0,0,0,0,0,132,180,forward,10454.46,-13,0,1.6987445937315968,101.43658889163547
10:10:11,1.698798,101.436637,0,0,0,0,0,0,0,0,132,180,forward,10454.46,-13,0,1.6987445937315968,101.43658889163547
10:10:13,1.698798,101.436637,0,0,0,0,0,0,0,0,132,180,forward,10454.46,-13,0,1.6987445937315968,101.43658889163547
10:10:15,1.698798,101.436637,0,0,0,0,0,0,0,0,132,180,forward,10454.46,-13,0,1.6987445937315968,101.43658889163547
10:10:17,1.698798,101.436637,0,0,0,0,0,0,0,0,132,180,forward,10454.46,-13,0,1.6987445937315968,101.43658889163547
10:10:19,1.698798,101.436637,0,0,0,0,0,0,0,0,132,180,forward,10454.46,-13,0,1.6987445937315968,101.43658889163547
10:10:21,1.698798,101.436637,0,0,0,0,0,0,0,0,132,180,forward,10454.46,-13,0,1.6987445937315968,101.43658889163547
10:10:23,1.698798,101.436637,0,0,0,0,0,0,0,0,132,180,forward,10454.46,-13,0,1.6987445937315968,101.43658889163547
10:10:26,1.698798,101.436637,0,0,0,0,0,0,0,0,132,180,forward,10454.46,-13,0,1.6987445937315968,101.43658889163547
10:10:28,1.698798,101.436637,0,0,0,0,0,0,0,0,132,180,forward,10454.46,-13,0,1.6987445937315968,101.43658889163547
10:10:30,1.698798,101.436637,0,0,0,0,0,0,0,0,132,180,forward,10454.46,-13,0,1.6987445937315968,101.43658889163547
10:10:32,1.698798,101.436637,0,0,0,0,0,0,0,0,132,180,forward,10454.46,-13,0,1.6987445937315968,101.43658889163547
10:10:34,1.698798,101.436637,0,0,0,0,0,0,0,0,132,180,forward,10454.46,-13,0,1.6987445937315968,101.43658889163547
10:10:36,1.698798,101.436637,0,0,0,0,0,0,0,0,132,180,forward,10454.46,-13,0,1.6987445937315968,101.43658889163547
10:10:38,1.698798,101.436637,0,0,0,0,0,0,0,0,132,180,forward,10454.46,-13,0,1.6987445937315968,101.43658889163547
10:10:41,1.698798,101.436637,0,0,0,0,0,0,0,0,132,180,forward,10454.46,-13,0,1.6987445937315968,101.43658889163547
10:10:43,1.698798,101.436637,0,0,0,0,0,0,0,0,132,180,forward,10454.46,-13,0,1.6987445937315968,101.43658889163547
10:10:45,1.698798,101.436637,0,0,0,0,0,0,0,0,132,180,forward,10454.46,-13,0,1.6987445937315968,101.43658889163547
10:10:47,1.698798,101.436637,0,0,0,0,0,0,0,0,132,180,forward,10454.46,-13,0,1.6987445937315968,101.43658889163547
10:10:49,1.698798,101.436637,0,0,0,0,0,0,0,0,132,180,forward,10454.46,-13,0,1.6987445937315968,101.43658889163547
10:10:51,1.698798,101.436637,0,0,0,0,0,0,0,0,132,180,forward,10454.46,-13,0,1.6987445937315968,101.43658889163547
10:10:53,1.698798,101.436637,0,0,0,0,0,0,0,0,132,180,forward,10454.46,-13,0,1.6987445937315968,101.43658889163547
10:10:55,1.698798,101.436637,0,0,0,0,0,0,0,0,132,180,forward,10454.46,-13,0,1.6987445937315968,101.43658889163547
10:10:57,1.698798,101.436637,0,0,0,0,0,0,0,0,132,180,forward,10454.46,-13,0,1.6987445937315968,101.43658889163547
10:11:00,1.698798,101.436637,0,0,0,0,0,0,0,0,132,180,forward,10454.46,-13,0,1.6987445937315968,101.43658889163547
10:11:02,1.698798,101.436637,0,0,0,0,0,0,0,0,132,180,forward,10454.46,-13,0,1.6987445937315968,101.43658889163547
10:11:04,1.698798,101.436637,0,0,0,0,0,0,0,0,132,180,forward,10454.46,-13,0,1.6987445937315968,101.43658889163547
10:11:06,1.698798,101.436637,0,0,0,0,0,0,0,0,132,180,forward,10454.46,-13,0,1.6987445937315968,101.43658889163547
10:11:08,1.698798,101.436637,0,0,0,0,0,0,0,0,132,180,forward,10454.46,-13,0,1.6987445937315968,101.43658889163547
10:11:10,1.698798,101.436637,0,0,0,0,0,0,0,0,132,180,forward,10454.46,-13,0,1.6987445937315968,101.43658889163547
10:11:12,1.698798,101.436637,0,0,0,0,0,0,0,0,132,180,forward,10454.46,-13,0,1.6987445937315968,101.43658889163547
10:11:14,1.698798,101.436637,0,0,0,0,0,0,0,0,132,180,forward,10454.46,-13,0,1.6987445937315968,101.43658889163547
10:11:17,1.698798,101.436637,0,0,0,0,0,0,0,0,132,180,forward,10454.46,-13,0,1.6987445937315968,101.43658889163547
10:11:19,1.698798,101.436637,0,0,0,0,0,0,0,0,132,180,forward,10454.46,-13,0,1.6987445937315968,101.43658889163547
10:11:21,1.698798,101.436637,0,0,0,0,0,0,0,0,132,180,forward,10454.46,-13,0,1.6987445937315968,101.43658889163547
10:11:23,1.698798,101.436637,0,0,0,0,0,0,0,0,132,180,forward,10454.46,-13,0,1.6987445937315968,101.43658889163547
10:11:25,1.698798,101.436637,0,0,0,0,0,0,0,0,132,180,forward,10454.46,-13,0,1.6987445937315968,101.43658889163547
10:11:28,1.698798,101.436637,0,0,0,0,0,0,0,0,132,180,forward,10454.46,-13,0,1.6987445937315968,101.43658889163547
10:11:30,1.698798,101.436637,0,0,0,0,0,0,0,0,132,180,forward,10454.46,-13,0,1.6987445937315968,101.43658889163547
10:11:32,1.698798,101.436637,0,0,0,0,0,0,0,0,132,180,forward,10454.46,-13,0,1.6987445937315968,101.43658889163547
10:11:34,1.698798,101.436637,0,0,0,0,0,0,0,0,132,180,forward,10454.46,-13,0,1.6987445937315968,101.43658889163547
10:11:36,1.698798,101.436637,0,0,0,0,0,0,0,0,132,180,forward,10454.46,-13,0,1.6987445937315968,101.43658889163547
10:11:38,1.698798,101.436637,0,0,0,0,0,0,0,0,132,180,forward,10454.46,-13,0,1.6987445937315968,101.43658889163547
10:11:40,1.698798,101.436637,0,0,0,0,0,0,0,0,132,180,forward,10454.46,-13,0,1.6987445937315968,101.43658889163547
10:11:43,1.698798,101.436637,0,0,0,0,0,0,0,0,132,180,forward,10454.46,-13,0,1.6987445937315968,101.43658889163547
10:11:45,1.698798,101.436637,0,0,0,0,0,0,0,0,132,180,forward,10454.46,-13,0,1.6987445937315968,101.43658889163547
10:11:47,1.698798,101.436637,0,0,0,0,0,0,0,0,132,180,forward,10454.46,-13,0,1.6987445937315968,101.43658889163547
10:11:49,1.698798,101.436637,0,0,0,0,0,0,0,0,132,180,forward,10454.46,-13,0,1.6987445937315968,101.43658889163547
10:11:51,1.698798,101.436637,0,0,0,0,0,0,0,0,132,180,forward,10454.46,-13,0,1.6987445937315968,101.43658889163547
10:11:53,1.698798,101.436637,0,0,0,0,0,0,0,0,132,180,forward,10454.46,-13,0,1.6987445937315968,101.43658889163547
10:11:56,1.698798,101.436637,0,0,0,0,0,0,0,0,132,180,forward,10454.46,-13,0,1.6987445937315968,101.43658889163547
10:11:58,1.698798,101.436637,0,0,0,0,0,0,0,0,132,180,forward,10454.46,-13,0,1.6987445937315968,101.43658889163547
10:12:00,1.698798,101.436637,0,0,0,0,0,0,0,0,132,180,forward,10454.46,-13,0,1.6987445937315968,101.43658889163547
10:12:02,1.698798,101.436637,0,0,0,0,0,0,0,0,132,180,forward,10454.46,-13,0,1.6987445937315968,101.43658889163547
10:12:04,1.698798,101.436637,0,0,0,0,0,0,0,0,132,180,forward,10454.46,-13,0,1.6987445937315968,101.43658889163547
10:12:06,1.698798,101.436637,0,0,0,0,0,0,0,0,132,180,forward,10454.46,-13,0,1.6987445937315968,101.43658889163547
10:12:08,1.698798,101.436637,0,0,0,0,0,0,0,0,132,180,forward,10454.46,-13,0,1.6987445937315968,101.43658889163547
10:12:11,1.698798,101.436637,0,0,0,0,0,0,0,0,132,180,forward,10454.46,-13,0,1.6987445937315968,101.43658889163547
10:12:13,1.698798,101.436637,0,0,0,0,0,0,0,0,132,180,forward,10454.46,-13,0,1.6987445937315968,101.43658889163547
10:12:15,1.698798,101.436637,0,0,0,0,0,0,0,0,132,180,forward,10454.46,-13,0,1.6987445937315968,101.43658889163547
10:12:17,1.698798,101.436637,0,0,0,0,0,0,0,0,132,180,forward,10454.46,-13,0,1.6987445937315968,101.43658889163547
10:12:19,1.698798,101.436637,0,0,0,0,0,0,0,0,132,180,forward,10454.46,-13,0,1.6987445937315968,101.43658889163547
10:12:21,1.698798,101.436637,0,0,0,0,0,0,0,0,132,180,forward,10454.46,-13,0,1.6987445937315968,101.43658889163547
10:12:23,1.698798,101.436637,0,0,0,0,0,0,0,0,132,180,forward,10454.46,-13,0,1.6987445937315968,101.43658889163547
10:12:25,1.698798,101.436637,0,0,0,0,0,0,0,0,132,180,forward,10454.46,-13,0,1.6987445937315968,101.43658889163547
10:12:28,1.698798,101.436637,0,0,0,0,0,0,0,0,132,180,forward,10454.46,-13,0,1.6987445937315968,101.43658889163547
10:12:30,1.698798,101.436637,0,0,0,0,0,0,0,0,132,180,forward,10454.46,-13,0,1.6987445937315968,101.43658889163547
10:12:32,1.698798,101.436637,0,0,0,0,0,0,0,0,132,180,forward,10454.46,-13,0,1.6987445937315968,101.43658889163547
10:12:34,1.698798,101.436637,0,0,0,0,0,0,0,0,132,180,forward,10454.46,-13,0,1.6987445937315968,101.43658889163547
10:12:36,1.698798,101.436637,0,0,0,0,0,0,0,0,132,180,forward,10454.46,-13,0,1.6987445937315968,101.43658889163547
10:12:38,1.698798,101.436637,0,0,0,0,0,0,0,0,132,180,forward,10454.46,-13,0,1.6987445937315968,101.43658889163547
10:12:41,1.698798,101.436637,0,0,0,0,0,0,0,0,132,180,forward,10454.46,-13,0,1.6987445937315968,101.43658889163547
10:12:43,1.698798,101.436637,0,0,0,0,0,0,0,0,132,180,forward,10454.46,-13,0,1.6987445937315968,101.43658889163547
10:12:45,1.698798,101.436637,0,0,0,0,0,0,0,0,132,180,forward,10454.46,-13,0,1.6987445937315968,101.43658889163547
10:12:47,1.698798,101.436637,0,0,0,0,0,0,0,0,132,180,forward,10454.46,-13,0,1.6987445937315968,101.43658889163547
10:12:49,1.698798,101.436637,0,0,0,0,0,0,0,0,132,180,forward,10454.46,-13,0,1.6987445937315968,101.43658889163547
10:12:52,1.698798,101.436637,0,0,0,0,0,0,0,0,132,180,forward,10454.46,-13,0,1.6987445937315968,101.43658889163547
10:12:54,1.698798,101.436637,0,0,0,0,0,0,0,0,132,180,forward,10454.46,-13,0,1.6987445937315968,101.43658889163547
10:12:56,1.698798,101.436637,0,0,0,0,0,0,0,0,132,180,forward,10454.46,-13,0,1.6987445937315968,101.43658889163547
10:12:58,1.698798,101.436637,0,0,0,0,0,0,0,0,132,180,forward,10454.46,-13,0,1.6987445937315968,101.43658889163547
10:13:00,1.698798,101.436637,0,0,0,0,0,0,0,0,132,180,forward,10454.46,-13,0,1.6987445937315968,101.43658889163547
10:13:02,1.698798,101.436637,0,0,0,0,0,0,0,0,132,180,forward,10454.46,-13,0,1.6987445937315968,101.43658889163547
10:13:04,1.698798,101.436637,0,0,0,0,0,0,0,0,132,180,forward,10454.46,-13,0,1.6987445937315968,101.43658889163547
10:13:07,1.698798,101.436637,0,0,0,0,0,0,0,0,132,180,forward,10454.46,-13,0,1.6987445937315968,101.43658889163547
10:13:09,1.698798,101.436637,0,0,0,0,0,0,0,0,132,180,forward,10454.46,-13,0,1.6987445937315968,101.43658889163547
10:13:11,1.698798,101.436637,0,0,0,0,0,0,0,0,132,180,forward,10454.46,-13,0,1.6987445937315968,101.43658889163547
10:13:13,1.698798,101.436637,0,0,0,0,0,0,0,0,132,180,forward,10454.46,-13,0,1.6987445937315968,101.43658889163547
10:13:15,1.698798,101.436637,0,0,0,0,0,0,0,0,132,180,forward,10454.46,-13,0,1.6987445937315968,101.43658889163547
10:13:17,1.698798,101.436637,0,0,0,0,0,0,0,0,132,180,forward,10454.46,-13,0,1.6987445937315968,101.43658889163547
10:13:20,1.698798,101.436637,0,0,0,0,0,0,0,0,132,180,forward,10454.46,-13,0,1.6987445937315968,101.43658889163547
10:13:22,1.698798,101.436637,0,0,0,0,0,0,0,0,132,180,forward,10454.46,-13,0,1.6987445937315968,101.43658889163547
10:13:24,1.698798,101.436637,0,0,0,0,0,0,0,0,132,180,forward,10454.46,-13,0,1.6987445937315968,101.43658889163547
10:13:26,1.698798,101.436637,0,0,0,0,0,0,0,0,132,180,forward,10454.46,-13,0,1.6987445937315968,101.43658889163547
10:13:28,1.698798,101.436637,0,0,0,0,0,0,0,0,132,180,forward,10454.46,-13,0,1.6987445937315968,101.43658889163547
10:13:31,1.698798,101.436637,0,0,0,0,0,0,0,0,132,180,forward,10454.46,-13,0,1.6987445937315968,101.43658889163547
10:13:33,1.698798,101.436637,0,0,0,0,0,0,0,0,132,180,forward,10454.46,-13,0,1.6987445937315968,101.43658889163547
10:13:35,1.698798,101.436637,0,0,0,0,0,0,0,0,132,180,forward,10454.46,-13,0,1.6987445937315968,101.43658889163547
10:13:37,1.698798,101.436637,0,0,0,0,0,0,0,0,132,180,forward,10454.46,-13,0,1.6987445937315968,101.43658889163547
10:13:39,1.698798,101.436637,0,0,0,0,0,0,0,0,132,180,forward,10454.46,-13,0,1.6987445937315968,101.43658889163547
10:13:41,1.698798,101.436637,0,0,0,0,0,0,0,0,132,180,forward,10454.46,-13,0,1.6987445937315968,101.43658889163547
10:13:43,1.698798,101.436637,0,0,0,0,0,0,0,0,132,180,forward,10454.46,-13,0,1.6987445937315968,101.43658889163547
10:13:45,1.698798,101.436637,0,0,0,0,0,0,0,0,132,180,forward,10454.46,-13,0,1.6987445937315968,101.43658889163547
10:13:47,1.698798,101.436637,0,0,0,0,0,0,0,0,132,180,forward,10454.46,-13,0,1.6987445937315968,101.43658889163547
10:13:50,1.698798,101.436637,0,0,0,0,0,0,0,0,132,180,forward,10454.46,-13,0,1.6987445937315968,101.43658889163547
10:13:52,1.698798,101.436637,0,0,0,0,0,0,0,0,132,180,forward,10454.46,-13,0,1.6987445937315968,101.43658889163547
10:13:54,1.698798,101.436637,0,0,0,0,0,0,0,0,132,180,forward,10454.46,-13,0,1.6987445937315968,101.43658889163547
10:13:56,1.698798,101.436637,0,0,0,0,0,0,0,0,132,180,forward,10454.46,-13,0,1.6987445937315968,101.43658889163547
10:13:58,1.698798,101.436637,0,0,0,0,0,0,0,0,132,180,forward,10454.46,-13,0,1.6987445937315968,101.43658889163547
10:14:00,1.698798,101.436637,0,0,0,0,0,0,0,0,132,180,forward,10454.46,-13,0,1.6987445937315968,101.43658889163547
10:14:02,1.698798,101.436637,0,0,0,0,0,0,0,0,132,180,forward,10454.46,-13,0,1.6987445937315968,101.43658889163547
10:14:05,1.698798,101.436637,0,0,0,0,0,0,0,0,132,180,forward,10454.46,-13,0,1.6987445937315968,101.43658889163547
10:14:07,1.698798,101.436637,0,0,0,0,0,0,0,0,132,180,forward,10454.46,-13,0,1.6987445937315968,101.43658889163547
10:14:09,1.698798,101.436637,0,0,0,0,0,0,0,0,132,180,forward,10454.46,-13,0,1.6987445937315968,101.43658889163547
10:14:11,1.698798,101.436637,0,0,0,0,0,0,0,0,132,180,forward,10454.46,-13,0,1.6987445937315968,101.43658889163547
10:14:13,1.698798,101.436637,0,0,0,0,0,0,0,0,132,180,forward,10454.46,-13,0,1.6987445937315968,101.43658889163547
10:14:15,1.698798,101.436637,0,0,0,0,0,0,0,0,132,180,forward,10454.46,-13,0,1.6987445937315968,101.43658889163547
10:14:18,1.698798,101.436637,0,0,0,0,0,0,0,0,132,180,forward,10454.46,-13,0,1.6987445937315968,101.43658889163547
10:14:20,1.698798,101.436637,0,0,0,0,0,0,0,0,132,180,forward,10454.46,-13,0,1.6987445937315968,101.43658889163547
10:14:22,1.698798,101.436637,0,0,0,0,0,0,0,0,132,180,forward,10454.46,-13,0,1.6987445937315968,101.43658889163547
10:14:24,1.698798,101.436637,0,0,0,0,0,0,0,0,132,180,forward,10454.46,-13,0,1.6987445937315968,101.43658889163547
10:14:26,1.698798,101.436637,0,0,0,0,0,0,0,0,132,180,forward,10454.46,-13,0,1.6987445937315968,101.43658889163547
10:14:28,1.698798,101.436637,0,0,0,0,0,0,0,0,132,180,forward,10454.46,-13,0,1.6987445937315968,101.43658889163547
10:14:31,1.698798,101.436637,0,0,0,0,0,0,0,0,132,180,forward,10454.46,-13,0,1.6987445937315968,101.43658889163547
10:14:33,1.698798,101.436637,0,0,0,0,0,0,0,0,132,180,forward,10454.46,-13,0,1.6987445937315968,101.43658889163547
10:14:35,1.698798,101.436637,0,0,0,0,0,0,0,0,132,180,forward,10454.46,-13,0,1.6987445937315968,101.43658889163547
10:14:37,1.698798,101.436637,0,0,0,0,0,0,0,0,132,180,forward,10454.46,-13,0,1.6987445937315968,101.43658889163547
10:14:39,1.698798,101.436637,0,0,0,0,0,0,0,0,132,180,forward,10454.46,-13,0,1.6987445937315968,101.43658889163547
10:14:41,1.698798,101.436637,0,0,0,0,0,0,0,0,132,180,forward,10454.46,-13,0,1.6987445937315968,101.43658889163547
10:14:44,1.698798,101.436637,0,0,0,0,0,0,0,0,132,180,forward,10454.46,-13,0,1.6987445937315968,101.43658889163547
10:14:46,1.698798,101.436637,0,0,0,0,0,0,0,0,132,180,forward,10454.46,-13,0,1.6987445937315968,101.43658889163547
10:14:48,1.698798,101.436637,0,0,0,0,0,0,0,0,132,180,forward,10454.46,-13,0,1.6987445937315968,101.43658889163547
10:14:50,1.698798,101.436637,0,0,0,0,0,0,0,0,132,180,forward,10454.46,-13,0,1.6987445937315968,101.43658889163547
10:14:52,1.698798,101.436637,0,0,0,0,0,0,0,0,132,180,forward,10454.46,-13,0,1.6987445937315968,101.43658889163547
10:14:54,1.698798,101.436637,0,0,0,0,0,0,0,0,132,180,forward,10454.46,-13,0,1.6987445937315968,101.43658889163547
10:14:56,1.698798,101.436637,0,0,0,0,0,0,0,0,132,180,forward,10454.46,-13,0,1.6987445937315968,101.43658889163547
10:14:59,1.698798,101.436637,0,0,0,0,0,0,0,0,132,180,forward,10454.46,-13,0,1.6987445937315968,101.43658889163547
10:15:01,1.698798,101.436637,0,0,0,0,0,0,0,0,132,180,forward,10454.46,-13,0,1.6987445937315968,101.43658889163547
10:15:03,1.698798,101.436637,0,0,0,0,0,0,0,0,132,180,forward,10454.46,-13,0,1.6987445937315968,101.43658889163547
10:15:05,1.698798,101.436637,0,0,0,0,0,0,0,0,132,180,forward,10454.46,-13,0,1.6987445937315968,101.43658889163547
10:15:07,1.698798,101.436637,0,0,0,0,0,0,0,0,132,180,forward,10454.46,-13,0,1.6987445937315968,101.43658889163547
10:15:09,1.698798,101.436637,0,0,0,0,0,0,0,0,132,180,forward,10454.46,-13,0,1.6987445937315968,101.43658889163547
10:15:12,1.698798,101.436637,0,0,0,0,0,0,0,0,132,180,forward,10454.46,-13,0,1.6987445937315968,101.43658889163547
10:15:14,1.698798,101.436637,0,0,0,0,0,0,0,0,132,180,forward,10454.46,-13,0,1.6987445937315968,101.43658889163547
10:15:16,1.698798,101.436637,0,0,0,0,0,0,0,0,132,180,forward,10454.46,-13,0,1.6987445937315968,101.43658889163547
10:15:18,1.698798,101.436637,0,0,0,0,0,0,0,0,132,180,forward,10454.46,-13,0,1.6987445937315968,101.43658889163547
10:15:20,1.698798,101.436637,0,0,0,0,0,0,0,0,132,180,forward,10454.46,-13,0,1.6987445937315968,101.43658889163547
10:15:22,1.698798,101.436637,0,0,0,0,0,0,0,0,132,180,forward,10454.46,-13,0,1.6987445937315968,101.43658889163547
10:15:24,1.698798,101.436637,0,0,0,0,0,0,0,0,132,180,forward,10454.46,-13,0,1.6987445937315968,101.43658889163547
10:15:27,1.698798,101.436637,0,0,0,0,0,0,0,0,132,180,forward,10454.46,-13,0,1.6987445937315968,101.43658889163547
10:15:29,1.698798,101.436637,0,0,0,0,0,0,0,0,132,180,forward,10454.46,-13,0,1.6987445937315968,101.43658889163547
10:15:31,1.698798,101.436637,0,0,0,0,0,0,0,0,132,180,forward,10454.46,-13,0,1.6987445937315968,101.43658889163547
10:15:33,1.698798,101.436637,0,0,0,0,0,0,0,0,132,180,forward,10454.46,-13,0,1.6987445937315968,101.43658889163547
10:15:35,1.698798,101.436637,0,0,0,0,0,0,0,0,132,180,forward,10454.46,-13,0,1.6987445937315968,101.43658889163547
10:15:37,1.698798,101.436637,0,0,0,0,0,0,0,0,132,180,forward,10454.46,-13,0,1.6987445937315968,101.43658889163547
10:15:40,1.698798,101.436637,0,0,0,0,0,0,0,0,132,180,forward,10454.46,-13,0,1.6987445937315968,101.43658889163547
10:15:42,1.698798,101.436637,0,0,0,0,0,0,0,0,132,180,forward,10454.46,-13,0,1.6987445937315968,101.43658889163547
10:15:44,1.698798,101.436637,0,0,0,0,0,0,0,0,132,180,forward,10454.46,-13,0,1.6987445937315968,101.43658889163547
10:15:46,1.698798,101.436637,0,0,0,0,0,0,0,0,132,180,forward,10454.46,-13,0,1.6987445937315968,101.43658889163547
10:15:48,1.698798,101.436637,0,0,0,0,0,0,0,0,132,180,forward,10454.46,-13,0,1.6987445937315968,101.43658889163547
10:15:50,1.698798,101.436637,0,0,0,0,0,0,0,0,132,180,forward,10454.46,-13,0,1.6987445937315968,101.43658889163547
10:15:53,1.698798,101.436637,0,0,0,0,0,0,0,0,132,180,forward,10454.46,-13,0,1.6987445937315968,101.43658889163547
10:15:55,1.698798,101.436637,0,0,0,0,0,0,0,0,132,180,forward,10454.46,-13,0,1.6987445937315968,101.43658889163547
10:15:57,1.698798,101.436637,0,0,0,0,0,0,0,0,132,180,forward,10454.46,-13,0,1.6987445937315968,101.43658889163547
10:15:59,1.698798,101.436637,0,0,0,0,0,0,0,0,132,180,forward,10454.46,-13,0,1.6987445937315968,101.43658889163547
10:16:01,1.698798,101.436637,0,0,0,0,0,0,0,0,132,180,forward,10454.46,-13,0,1.6987445937315968,101.43658889163547
10:16:04,1.698798,101.436637,0,0,0,0,0,0,0,0,132,180,forward,10454.46,-13,0,1.6987445937315968,101.43658889163547
10:16:06,1.698798,101.436637,0,0,0,0,0,0,0,0,132,180,forward,10454.46,-13,0,1.6987445937315968,101.43658889163547
10:16:08,1.698798,101.436637,0,0,0,0,0,0,0,0,132,180,forward,10454.46,-13,0,1.6987445937315968,101.43658889163547
10:16:10,1.698798,101.436637,0,0,0,0,0,0,0,0,132,180,forward,10454.46,-13,0,1.6987445937315968,101.43658889163547
10:16:12,1.698798,101.436637,0,0,0,0,0,0,0,0,132,180,forward,10454.46,-13,0,1.6987445937315968,101.43658889163547
10:16:15,1.698798,101.436637,0,0,0,0,0,0,0,0,132,180,forward,10454.46,-13,0,1.6987445937315968,101.43658889163547
10:16:17,1.698798,101.436637,0,0,0,0,0,0,0,0,132,180,forward,10454.46,-13,0,1.6987445937315968,101.43658889163547
10:16:19,1.698798,101.436637,0,0,0,0,0,0,0,0,132,180,forward,10454.46,-13,0,1.6987445937315968,101.43658889163547
10:16:21,1.698798,101.436637,0,0,0,0,0,0,0,0,132,180,forward,10454.46,-13,0,1.6987445937315968,101.43658889163547
10:16:23,1.698798,101.436637,0,0,0,0,0,0,0,0,132,180,forward,10454.46,-13,0,1.6987445937315968,101.43658889163547
10:16:25,1.698798,101.436637,0,0,0,0,0,0,0,0,132,180,forward,10454.46,-13,0,1.6987445937315968,101.43658889163547
10:16:27,1.698798,101.436637,0,0,0,0,0,0,0,0,132,180,forward,10454.46,-13,0,1.6987445937315968,101.43658889163547
10:16:29,1.698798,101.436637,0,0,0,0,0,0,0,0,132,180,forward,10454.46,-13,0,1.6987445937315968,101.43658889163547
10:16:31,1.698798,101.436637,0,0,0,0,0,0,0,0,132,180,forward,10454.46,-13,0,1.6987445937315968,101.43658889163547
10:16:34,1.698798,101.436637,0,0,0,0,0,0,0,0,132,180,forward,10454.46,-13,0,1.6987445937315968,101.43658889163547
10:16:36,1.698798,101.436637,0,0,0,0,0,0,0,0,132,180,forward,10454.46,-13,0,1.6987445937315968,101.43658889163547
10:16:38,1.698798,101.436637,0,0,0,0,0,0,0,0,132,180,forward,10454.46,-13,0,1.6987445937315968,101.43658889163547
10:16:40,1.698798,101.436637,0,0,0,0,0,0,0,0,132,180,forward,10454.46,-13,0,1.6987445937315968,101.43658889163547
10:16:42,1.698798,101.436637,0,0,0,0,0,0,0,0,132,180,forward,10454.46,-13,0,1.6987445937315968,101.43658889163547
10:16:45,1.698798,101.436637,0,0,0,0,0,0,0,0,132,180,forward,10454.46,-13,0,1.6987445937315968,101.43658889163547
10:16:47,1.698798,101.436637,0,0,0,0,0,0,0,0,132,180,forward,10454.46,-13,0,1.6987445937315968,101.43658889163547
10:16:49,1.698798,101.436637,0,0,0,0,0,0,0,0,132,180,forward,10454.46,-13,0,1.6987445937315968,101.43658889163547
10:16:51,1.698798,101.436637,0,0,0,0,0,0,0,0,132,180,forward,10454.46,-13,0,1.6987445937315968,101.43658889163547
10:16:53,1.698798,101.436637,0,0,0,0,0,0,0,0,132,180,forward,10454.46,-13,0,1.6987445937315968,101.43658889163547
10:16:55,1.698798,101.436637,0,0,0,0,0,0,0,0,132,180,forward,10454.46,-13,0,1.6987445937315968,101.43658889163547
10:16:57,1.698798,101.436637,0,0,0,0,0,0,0,0,132,180,forward,10454.46,-13,0,1.6987445937315968,101.43658889163547
10:17:00,1.698798,101.436637,0,0,0,0,0,0,0,0,132,180,forward,10454.46,-13,0,1.6987445937315968,101.43658889163547
10:17:02,1.698798,101.436637,0,0,0,0,0,0,0,0,132,180,forward,10454.46,-13,0,1.6987445937315968,101.43658889163547
10:17:04,1.698798,101.436637,0,0,0,0,0,0,0,0,132,180,forward,10454.46,-13,0,1.6987445937315968,101.43658889163547
10:17:06,1.698798,101.436637,0,0,0,0,0,0,0,0,132,180,forward,10454.46,-13,0,1.6987445937315968,101.43658889163547
10:17:08,1.698798,101.436637,0,0,0,0,0,0,0,0,132,180,forward,10454.46,-13,0,1.6987445937315968,101.43658889163547
10:17:11,1.698798,101.436637,0,0,0,0,0,0,0,0,132,180,forward,10454.46,-13,0,1.6987445937315968,101.43658889163547
10:17:13,1.698798,101.436637,0,0,0,0,0,0,0,0,132,180,forward,10454.46,-13,0,1.6987445937315968,101.43658889163547
10:17:15,1.698798,101.436637,0,0,0,0,0,0,0,0,132,180,forward,10454.46,-13,0,1.6987445937315968,101.43658889163547
10:17:17,1.698798,101.436637,0,0,0,0,0,0,0,0,132,180,forward,10454.46,-13,0,1.6987445937315968,101.43658889163547
10:17:19,1.698798,101.436637,0,0,0,0,0,0,0,0,132,180,forward,10454.46,-13,0,1.6987445937315968,101.43658889163547
10:17:21,1.698798,101.436637,0,0,0,0,0,0,0,0,132,180,forward,10454.46,-13,0,1.6987445937315968,101.43658889163547
10:17:23,1.698798,101.436637,0,0,0,0,0,0,0,0,132,180,forward,10454.46,-13,0,1.6987445937315968,101.43658889163547
10:17:26,1.698798,101.436637,0,0,0,0,0,0,0,0,132,180,forward,10454.46,-13,0,1.6987445937315968,101.43658889163547
10:17:28,1.698798,101.436637,0,0,0,0,0,0,0,0,132,180,forward,10454.46,-13,0,1.6987445937315968,101.43658889163547
10:17:30,1.698798,101.436637,0,0,0,0,0,0,0,0,132,180,forward,10454.46,-13,0,1.6987445937315968,101.43658889163547
10:17:32,1.698798,101.436637,0,0,0,0,0,0,0,0,132,180,forward,10454.46,-13,0,1.6987445937315968,101.43658889163547
10:17:34,1.698798,101.436637,0,0,0,0,0,0,0,0,132,180,forward,10454.46,-13,0,1.6987445937315968,101.43658889163547
10:17:37,1.698798,101.436637,0,0,0,0,0,0,0,0,132,180,forward,10454.46,-13,0,1.6987445937315968,101.43658889163547
10:17:39,1.698798,101.436637,0,0,0,0,0,0,0,0,132,180,forward,10454.46,-13,0,1.6987445937315968,101.43658889163547
10:17:41,1.698798,101.436637,0,0,0,0,0,0,0,0,132,180,forward,10454.46,-13,0,1.6987445937315968,101.43658889163547
10:17:43,1.698798,101.436637,0,0,0,0,0,0,0,0,132,180,forward,10454.46,-13,0,1.6987445937315968,101.43658889163547
10:17:45,1.698798,101.436637,0,0,0,0,0,0,0,0,132,180,forward,10454.46,-13,0,1.6987445937315968,101.43658889163547
10:17:47,1.698798,101.436637,0,0,0,0,0,0,0,0,132,180,forward,10454.46,-13,0,1.6987445937315968,101.43658889163547
10:17:49,1.698798,101.436637,0,0,0,0,0,0,0,0,132,180,forward,10454.46,-13,0,1.6987445937315968,101.43658889163547
10:17:52,1.698798,101.436637,0,0,0,0,0,0,0,0,132,180,forward,10454.46,-13,0,1.6987445937315968,101.43658889163547
10:17:54,1.698798,101.436637,0,0,0,0,0,0,0,0,132,180,forward,10454.46,-13,0,1.6987445937315968,101.43658889163547
10:17:56,1.698798,101.436637,0,0,0,0,0,0,0,0,132,180,forward,10454.46,-13,0,1.6987445937315968,101.43658889163547
10:17:58,1.698798,101.436637,0,0,0,0,0,0,0,0,132,180,forward,10454.46,-13,0,1.6987445937315968,101.43658889163547
10:18:00,1.698798,101.436637,0,0,0,0,0,0,0,0,132,180,forward,10454.46,-13,0,1.6987445937315968,101.43658889163547
10:18:02,1.698798,101.436637,0,0,0,0,0,0,0,0,132,180,forward,10454.46,-13,0,1.6987445937315968,101.43658889163547
10:18:04,1.698798,101.436637,0,0,0,0,0,0,0,0,132,180,forward,10454.46,-13,0,1.6987445937315968,101.43658889163547
10:18:07,1.698798,101.436637,0,0,0,0,0,0,0,0,132,180,forward,10454.46,-13,0,1.6987445937315968,101.43658889163547
10:18:09,1.698798,101.436637,0,0,0,0,0,0,0,0,132,180,forward,10454.46,-13,0,1.6987445937315968,101.43658889163547
10:18:11,1.698798,101.436637,0,0,0,0,0,0,0,0,132,180,forward,10454.46,-13,0,1.6987445937315968,101.43658889163547
10:18:13,1.698798,101.436637,0,0,0,0,0,0,0,0,132,180,forward,10454.46,-13,0,1.6987445937315968,101.43658889163547
10:18:15,1.698798,101.436637,0,0,0,0,0,0,0,0,132,180,forward,10454.46,-13,0,1.6987445937315968,101.43658889163547
10:18:18,1.698798,101.436637,0,0,0,0,0,0,0,0,132,180,forward,10454.46,-13,0,1.6987445937315968,101.43658889163547
10:18:20,1.698798,101.436637,0,0,0,0,0,0,0,0,132,180,forward,10454.46,-13,0,1.6987445937315968,101.43658889163547
10:18:22,1.698798,101.436637,0,0,0,0,0,0,0,0,132,180,forward,10454.46,-13,0,1.6987445937315968,101.43658889163547
10:18:24,1.698798,101.436637,0,0,0,0,0,0,0,0,132,180,forward,10454.46,-13,0,1.6987445937315968,101.43658889163547
10:18:26,1.698798,101.436637,0,0,0,0,0,0,0,0,132,180,forward,10454.46,-13,0,1.6987445937315968,101.43658889163547
10:18:28,1.698798,101.436637,0,0,0,0,0,0,0,0,132,180,forward,10454.46,-13,0,1.6987445937315968,101.43658889163547
10:18:30,1.698798,101.436637,0,0,0,0,0,0,0,0,132,180,forward,10454.46,-13,0,1.6987445937315968,101.43658889163547
10:18:33,1.698798,101.436637,0,0,0,0,0,0,0,0,132,180,forward,10454.46,-13,0,1.6987445937315968,101.43658889163547
10:18:35,1.698798,101.436637,0,0,0,0,0,0,0,0,132,180,forward,10454.46,-13,0,1.6987445937315968,101.43658889163547
10:18:37,1.698798,101.436637,0,0,0,0,0,0,0,0,132,180,forward,10454.46,-13,0,1.6987445937315968,101.43658889163547
10:18:39,1.698798,101.436637,0,0,0,0,0,0,0,0,132,180,forward,10454.46,-13,0,1.6987445937315968,101.43658889163547
10:18:41,1.698798,101.436637,0,0,0,0,0,0,0,0,132,180,forward,10454.46,-13,0,1.6987445937315968,101.43658889163547
10:18:43,1.698798,101.436637,0,0,0,0,0,0,0,0,132,180,forward,10454.46,-13,0,1.6987445937315968,101.43658889163547
10:18:45,1.698798,101.436637,0,0,0,0,0,0,0,0,132,180,forward,10454.46,-13,0,1.6987445937315968,101.43658889163547
10:18:47,1.698798,101.436637,0,0,0,0,0,0,0,0,132,180,forward,10454.46,-13,0,1.6987445937315968,101.43658889163547
10:18:50,1.698798,101.436637,0,0,0,0,0,0,0,0,132,180,forward,10454.46,-13,0,1.6987445937315968,101.43658889163547
10:18:52,1.698798,101.436637,0,0,0,0,0,0,0,0,132,180,forward,10454.46,-13,0,1.6987445937315968,101.43658889163547
10:18:54,1.698798,101.436637,0,0,0,0,0,0,0,0,132,180,forward,10454.46,-13,0,1.6987445937315968,101.43658889163547
10:18:56,1.698798,101.436637,0,0,0,0,0,0,0,0,132,180,forward,10454.46,-13,0,1.6987445937315968,101.43658889163547
10:18:58,1.698798,101.436637,0,0,0,0,0,0,0,0,132,180,forward,10454.46,-13,0,1.6987445937315968,101.43658889163547
10:19:00,1.698798,101.436637,0,0,0,0,0,0,0,0,132,180,forward,10454.46,-13,0,1.6987445937315968,101.43658889163547
10:19:03,1.698798,101.436637,0,0,0,0,0,0,0,0,132,180,forward,10454.46,-13,0,1.6987445937315968,101.43658889163547
10:19:05,1.698798,101.436637,0,0,0,0,0,0,0,0,132,180,forward,10454.46,-13,0,1.6987445937315968,101.43658889163547
10:19:07,1.698798,101.436637,0,0,0,0,0,0,0,0,132,180,forward,10454.46,-13,0,1.6987445937315968,101.43658889163547
10:19:09,1.698798,101.436637,0,0,0,0,0,0,0,0,132,180,forward,10454.46,-13,0,1.6987445937315968,101.43658889163547
10:19:11,1.698798,101.436637,0,0,0,0,0,0,0,0,132,180,forward,10454.46,-13,0,1.6987445937315968,101.43658889163547
10:19:13,1.698798,101.436637,0,0,0,0,0,0,0,0,132,180,forward,10454.46,-13,0,1.6987445937315968,101.43658889163547
10:19:15,1.698798,101.436637,0,0,0,0,0,0,0,0,132,180,forward,10454.46,-13,0,1.6987445937315968,101.43658889163547
10:19:17,1.698798,101.436637,0,0,0,0,0,0,0,0,132,180,forward,10454.46,-13,0,1.6987445937315968,101.43658889163547
10:19:20,1.698798,101.436637,0,0,0,0,0,0,0,0,132,180,forward,10454.46,-13,0,1.6987445937315968,101.43658889163547
10:19:22,1.698798,101.436637,0,0,0,0,0,0,0,0,132,180,forward,10454.46,-13,0,1.6987445937315968,101.43658889163547
10:19:24,1.698798,101.436637,0,0,0,0,0,0,0,0,132,180,forward,10454.46,-13,0,1.6987445937315968,101.43658889163547
10:19:26,1.698798,101.436637,0,0,0,0,0,0,0,0,132,180,forward,10454.46,-13,0,1.6987445937315968,101.43658889163547
10:19:28,1.698798,101.436637,0,0,0,0,0,0,0,0,132,180,forward,10454.46,-13,0,1.6987445937315968,101.43658889163547
10:19:30,1.698798,101.436637,0,0,0,0,0,0,0,0,132,180,forward,10454.46,-13,0,1.6987445937315968,101.43658889163547
10:19:32,1.698798,101.436637,0,0,0,0,0,0,0,0,132,180,forward,10454.46,-13,0,1.6987445937315968,101.43658889163547
10:19:35,1.698798,101.436637,0,0,0,0,0,0,0,0,132,180,forward,10454.46,-13,0,1.6987445937315968,101.43658889163547
10:19:37,1.698798,101.436637,0,0,0,0,0,0,0,0,132,180,forward,10454.46,-13,0,1.6987445937315968,101.43658889163547
10:19:39,1.698798,101.436637,0,0,0,0,0,0,0,0,132,180,forward,10454.46,-13,0,1.6987445937315968,101.43658889163547
10:19:41,1.698798,101.436637,0,0,0,0,0,0,0,0,132,180,forward,10454.46,-13,0,1.6987445937315968,101.43658889163547
10:19:43,1.698798,101.436637,0,0,0,0,0,0,0,0,132,180,forward,10454.46,-13,0,1.6987445937315968,101.43658889163547
10:19:45,1.698798,101.436637,0,0,0,0,0,0,0,0,132,180,forward,10454.46,-13,0,1.6987445937315968,101.43658889163547
10:19:48,1.698798,101.436637,0,0,0,0,0,0,0,0,132,180,forward,10454.46,-13,0,1.6987445937315968,101.43658889163547
10:19:50,1.698798,101.436637,0,0,0,0,0,0,0,0,132,180,forward,10454.46,-13,0,1.6987445937315968,101.43658889163547
10:19:52,1.698798,101.436637,0,0,0,0,0,0,0,0,132,180,forward,10454.46,-13,0,1.6987445937315968,101.43658889163547
10:19:54,1.698798,101.436637,0,0,0,0,0,0,0,0,132,180,forward,10454.46,-13,0,1.6987445937315968,101.43658889163547
10:19:56,1.698798,101.436637,0,0,0,0,0,0,0,0,132,180,forward,10454.46,-13,0,1.6987445937315968,101.43658889163547
10:19:58,1.698798,101.436637,0,0,0,0,0,0,0,0,132,180,forward,10454.46,-13,0,1.6987445937315968,101.43658889163547
10:20:00,1.698798,101.436637,0,0,0,0,0,0,0,0,132,180,forward,10454.46,-13,0,1.6987445937315968,101.43658889163547
10:20:03,1.698798,101.436637,0,0,0,0,0,0,0,0,132,180,forward,10454.46,-13,0,1.6987445937315968,101.43658889163547
10:20:05,1.698798,101.436637,0,0,0,0,0,0,0,0,132,180,forward,10454.46,-13,0,1.6987445937315968,101.43658889163547
10:20:07,1.698798,101.436637,0,0,0,0,0,0,0,0,132,180,forward,10454.46,-13,0,1.6987445937315968,101.43658889163547
10:20:09,1.698798,101.436637,0,0,0,0,0,0,0,0,132,180,forward,10454.46,-13,0,1.6987445937315968,101.43658889163547
10:20:11,1.698798,101.436637,0,0,0,0,0,0,0,0,132,180,forward,10454.46,-13,0,1.6987445937315968,101.43658889163547
10:20:13,1.698798,101.436637,0,0,0,0,0,0,0,0,132,180,forward,10454.46,-13,0,1.6987445937315968,101.43658889163547
10:20:15,1.698798,101.436637,0,0,0,0,0,0,0,0,132,180,forward,10454.46,-13,0,1.6987445937315968,101.43658889163547
10:20:18,1.698798,101.436637,0,0,0,0,0,0,0,0,132,180,forward,10454.46,-13,0,1.6987445937315968,101.43658889163547
10:20:20,1.698798,101.436637,0,0,0,0,0,0,0,0,132,180,forward,10454.46,-13,0,1.6987445937315968,101.43658889163547
10:20:22,1.698798,101.436637,0,0,0,0,0,0,0,0,132,180,forward,10454.46,-13,0,1.6987445937315968,101.43658889163547
10:20:24,1.698798,101.436637,0,0,0,0,0,0,0,0,132,180,forward,10454.46,-13,0,1.6987445937315968,101.43658889163547
10:20:26,1.698798,101.436637,0,0,0,0,0,0,0,0,132,180,forward,10454.46,-13,0,1.6987445937315968,101.43658889163547
10:20:28,1.698798,101.436637,0,0,0,0,0,0,0,0,132,180,forward,10454.46,-13,0,1.6987445937315968,101.43658889163547
10:20:31,1.698798,101.436637,0,0,0,0,0,0,0,0,132,180,forward,10454.46,-13,0,1.6987445937315968,101.43658889163547
10:20:33,1.698798,101.436637,0,0,0,0,0,0,0,0,132,180,forward,10454.46,-13,0,1.6987445937315968,101.43658889163547
10:20:35,1.698798,101.436637,0,0,0,0,0,0,0,0,132,180,forward,10454.46,-13,0,1.6987445937315968,101.43658889163547
10:20:37,1.698798,101.436637,0,0,0,0,0,0,0,0,132,180,forward,10454.46,-13,0,1.6987445937315968,101.43658889163547
10:20:39,1.698798,101.436637,0,0,0,0,0,0,0,0,132,180,forward,10454.46,-13,0,1.6987445937315968,101.43658889163547
10:20:41,1.698798,101.436637,0,0,0,0,0,0,0,0,132,180,forward,10454.46,-13,0,1.6987445937315968,101.43658889163547
10:20:43,1.698798,101.436637,0,0,0,0,0,0,0,0,132,180,forward,10454.46,-13,0,1.6987445937315968,101.43658889163547
10:20:46,1.698798,101.436637,0,0,0,0,0,0,0,0,132,180,forward,10454.46,-13,0,1.6987445937315968,101.43658889163547
10:20:48,1.698798,101.436637,0,0,0,0,0,0,0,0,132,180,forward,10454.46,-13,0,1.6987445937315968,101.43658889163547
10:20:50,1.698798,101.436637,0,0,0,0,0,0,0,0,132,180,forward,10454.46,-13,0,1.6987445937315968,101.43658889163547
10:20:52,1.698798,101.436637,0,0,0,0,0,0,0,0,132,180,forward,10454.46,-13,0,1.6987445937315968,101.43658889163547
10:20:54,1.698798,101.436637,0,0,0,0,0,0,0,0,132,180,forward,10454.46,-13,0,1.6987445937315968,101.43658889163547
10:20:56,1.698798,101.436637,0,0,0,0,0,0,0,0,132,180,forward,10454.46,-13,0,1.6987445937315968,101.43658889163547
10:20:58,1.698798,101.436637,0,0,0,0,0,0,0,0,132,180,forward,10454.46,-13,0,1.6987445937315968,101.43658889163547
10:21:00,1.698798,101.436637,0,0,0,0,0,0,0,0,132,180,forward,10454.46,-13,0,1.6987445937315968,101.43658889163547
10:21:02,1.698798,101.436637,0,0,0,0,0,0,0,0,132,180,forward,10454.46,-13,0,1.6987445937315968,101.43658889163547
10:21:05,1.698798,101.436637,0,0,0,0,0,0,0,0,132,180,forward,10454.46,-13,0,1.6987445937315968,101.43658889163547
10:21:07,1.698798,101.436637,0,0,0,0,0,0,0,0,132,180,forward,10454.46,-13,0,1.6987445937315968,101.43658889163547
10:21:09,1.698798,101.436637,0,0,0,0,0,0,0,0,132,180,forward,10454.46,-13,0,1.6987445937315968,101.43658889163547
10:21:11,1.698798,101.436637,0,0,0,0,0,0,0,0,132,180,forward,10454.46,-13,0,1.6987445937315968,101.43658889163547
10:21:13,1.698798,101.436637,0,0,0,0,0,0,0,0,132,180,forward,10454.46,-13,0,1.6987445937315968,101.43658889163547
10:21:15,1.698798,101.436637,0,0,0,0,0,0,0,0,132,180,forward,10454.46,-13,0,1.6987445937315968,101.43658889163547
10:21:17,1.698798,101.436637,0,0,0,0,0,0,0,0,132,180,forward,10454.46,-13,0,1.6987445937315968,101.43658889163547
10:21:19,1.698798,101.436637,0,0,0,0,0,0,0,0,132,180,forward,10454.46,-13,0,1.6987445937315968,101.43658889163547
10:21:22,1.698798,101.436637,0,0,0,0,0,0,0,0,132,180,forward,10454.46,-13,0,1.6987445937315968,101.43658889163547
10:21:24,1.698798,101.436637,0,0,0,0,0,0,0,0,132,180,forward,10454.46,-13,0,1.6987445937315968,101.43658889163547
10:21:26,1.698798,101.436637,0,0,0,0,0,0,0,0,132,180,forward,10454.46,-13,0,1.6987445937315968,101.43658889163547
10:21:28,1.698798,101.436637,0,0,0,0,0,0,0,0,132,180,forward,10454.46,-13,0,1.6987445937315968,101.43658889163547
10:21:30,1.698798,101.436637,0,0,0,0,0,0,0,0,132,180,forward,10454.46,-13,0,1.6987445937315968,101.43658889163547
10:21:32,1.698798,101.436637,0,0,0,0,0,0,0,0,132,180,forward,10454.46,-13,0,1.6987445937315968,101.43658889163547
10:21:34,1.698798,101.436637,0,0,0,0,0,0,0,0,132,180,forward,10454.46,-13,0,1.6987445937315968,101.43658889163547
10:21:36,1.698798,101.436637,0,0,0,0,0,0,0,0,132,180,forward,10454.46,-13,0,1.6987445937315968,101.43658889163547
10:21:38,1.698798,101.436637,0,0,0,0,0,0,0,0,132,180,forward,10454.46,-13,0,1.6987445937315968,101.43658889163547
10:21:40,1.698798,101.436637,0,0,0,0,0,0,0,0,132,180,forward,10454.46,-13,0,1.6987445937315968,101.43658889163547
10:21:42,1.698798,101.436637,0,0,0,0,0,0,0,0,132,180,forward,10454.46,-13,0,1.6987445937315968,101.43658889163547
10:21:45,1.698798,101.436637,0,0,0,0,0,0,0,0,132,180,forward,10454.46,-13,0,1.6987445937315968,101.43658889163547
10:21:47,1.698798,101.436637,0,0,0,0,0,0,0,0,132,180,forward,10454.46,-13,0,1.6987445937315968,101.43658889163547
10:21:49,1.698798,101.436637,0,0,0,0,0,0,0,0,132,180,forward,10454.46,-13,0,1.6987445937315968,101.43658889163547
10:21:51,1.698798,101.436637,0,0,0,0,0,0,0,0,132,180,forward,10454.46,-13,0,1.6987445937315968,101.43658889163547
10:21:53,1.698798,101.436637,0,0,0,0,0,0,0,0,132,180,forward,10454.46,-13,0,1.6987445937315968,101.43658889163547
10:21:55,1.698798,101.436637,0,0,0,0,0,0,0,0,132,180,forward,10454.46,-13,0,1.6987445937315968,101.43658889163547
10:21:57,1.698798,101.436637,0,0,0,0,0,0,0,0,132,180,forward,10454.46,-13,0,1.6987445937315968,101.43658889163547
10:22:00,1.698798,101.436637,0,0,0,0,0,0,0,0,132,180,forward,10454.46,-13,0,1.6987445937315968,101.43658889163547
10:22:02,1.698798,101.436637,0,0,0,0,0,0,0,0,132,180,forward,10454.46,-13,0,1.6987445937315968,101.43658889163547
10:22:04,1.698798,101.436637,0,0,0,0,0,0,0,0,132,180,forward,10454.46,-13,0,1.6987445937315968,101.43658889163547
10:22:06,1.698798,101.436637,0,0,0,0,0,0,0,0,132,180,forward,10454.46,-13,0,1.6987445937315968,101.43658889163547
10:22:08,1.698798,101.436637,0,0,0,0,0,0,0,0,132,180,forward,10454.46,-13,0,1.6987445937315968,101.43658889163547
10:22:10,1.698798,101.436637,0,0,0,0,0,0,0,0,132,180,forward,10454.46,-13,0,1.6987445937315968,101.43658889163547
10:22:12,1.698798,101.436637,0,0,0,0,0,0,0,0,132,180,forward,10454.46,-13,0,1.6987445937315968,101.43658889163547
10:22:14,1.698798,101.436637,0,0,0,0,0,0,0,0,132,180,forward,10454.46,-13,0,1.6987445937315968,101.43658889163547
10:22:17,1.698798,101.436637,0,0,0,0,0,0,0,0,132,180,forward,10454.46,-13,0,1.6987445937315968,101.43658889163547
10:22:19,1.698798,101.436637,0,0,0,0,0,0,0,0,132,180,forward,10454.46,-13,0,1.6987445937315968,101.43658889163547
10:22:21,1.698798,101.436637,0,0,0,0,0,0,0,0,132,180,forward,10454.46,-13,0,1.6987445937315968,101.43658889163547
10:22:23,1.698798,101.436637,0,0,0,0,0,0,0,0,132,180,forward,10454.46,-13,0,1.6987445937315968,101.43658889163547
10:22:25,1.698798,101.436637,0,0,0,0,0,0,0,0,132,180,forward,10454.46,-13,0,1.6987445937315968,101.43658889163547
10:22:27,1.698798,101.436637,0,0,0,0,0,0,0,0,132,180,forward,10454.46,-13,0,1.6987445937315968,101.43658889163547
10:22:30,1.698798,101.436637,0,0,0,0,0,0,0,0,132,180,forward,10454.46,-13,0,1.6987445937315968,101.43658889163547
10:22:32,1.698798,101.436637,0,0,0,0,0,0,0,0,132,180,forward,10454.46,-13,0,1.6987445937315968,101.43658889163547
10:22:34,1.698798,101.436637,0,0,0,0,0,0,0,0,132,180,forward,10454.46,-13,0,1.6987445937315968,101.43658889163547
10:22:36,1.698798,101.436637,0,0,0,0,0,0,0,0,132,180,forward,10454.46,-13,0,1.6987445937315968,101.43658889163547
10:22:38,1.698798,101.436637,0,0,0,0,0,0,0,0,132,180,forward,10454.46,-13,0,1.6987445937315968,101.43658889163547
10:22:40,1.698798,101.436637,0,0,0,0,0,0,0,0,132,180,forward,10454.46,-13,0,1.6987445937315968,101.43658889163547
10:22:42,1.698798,101.436637,0,0,0,0,0,0,0,0,132,180,forward,10454.46,-13,0,1.6987445937315968,101.43658889163547
10:22:45,1.698798,101.436637,0,0,0,0,0,0,0,0,132,180,forward,10454.46,-13,0,1.6987445937315968,101.43658889163547
10:22:47,1.698798,101.436637,0,0,0,0,0,0,0,0,132,180,forward,10454.46,-13,0,1.6987445937315968,101.43658889163547
10:22:49,1.698798,101.436637,0,0,0,0,0,0,0,0,132,180,forward,10454.46,-13,0,1.6987445937315968,101.43658889163547
10:22:51,1.698798,101.436637,0,0,0,0,0,0,0,0,132,180,forward,10454.46,-13,0,1.6987445937315968,101.43658889163547
10:22:53,1.698798,101.436637,0,0,0,0,0,0,0,0,132,180,forward,10454.46,-13,0,1.6987445937315968,101.43658889163547
10:22:55,1.698798,101.436637,0,0,0,0,0,0,0,0,132,180,forward,10454.46,-13,0,1.6987445937315968,101.43658889163547
10:22:57,1.698798,101.436637,0,0,0,0,0,0,0,0,132,180,forward,10454.46,-13,0,1.6987445937315968,101.43658889163547
10:23:00,1.698798,101.436637,0,0,0,0,0,0,0,0,132,180,forward,10454.46,-13,0,1.6987445937315968,101.43658889163547
10:23:02,1.698798,101.436637,0,0,0,0,0,0,0,0,132,180,forward,10454.46,-13,0,1.6987445937315968,101.43658889163547
10:23:04,1.698798,101.436637,0,0,0,0,0,0,0,0,132,180,forward,10454.46,-13,0,1.6987445937315968,101.43658889163547
10:23:06,1.698798,101.436637,0,0,0,0,0,0,0,0,132,180,forward,10454.46,-13,0,1.6987445937315968,101.43658889163547
10:23:08,1.698798,101.436637,0,0,0,0,0,0,0,0,132,180,forward,10454.46,-13,0,1.6987445937315968,101.43658889163547
10:23:10,1.698798,101.436637,0,0,0,0,0,0,0,0,132,180,forward,10454.46,-13,0,1.6987445937315968,101.43658889163547
10:23:12,1.698798,101.436637,0,0,0,0,0,0,0,0,132,180,forward,10454.46,-13,0,1.6987445937315968,101.43658889163547
10:23:14,1.698798,101.436637,0,0,0,0,0,0,0,0,132,180,forward,10454.46,-13,0,1.6987445937315968,101.43658889163547
10:23:16,1.698798,101.436637,0,0,0,0,0,0,0,0,132,180,forward,10454.46,-13,0,1.6987445937315968,101.43658889163547
10:23:18,1.698798,101.436637,0,0,0,0,0,0,0,0,132,180,forward,10454.46,-13,0,1.6987445937315968,101.43658889163547
10:23:21,1.698798,101.436637,0,0,0,0,0,0,0,0,132,180,forward,10454.46,-13,0,1.6987445937315968,101.43658889163547
10:23:23,1.698798,101.436637,0,0,0,0,0,0,0,0,132,180,forward,10454.46,-13,0,1.6987445937315968,101.43658889163547
10:23:25,1.698798,101.436637,0,0,0,0,0,0,0,0,132,180,forward,10454.46,-13,0,1.6987445937315968,101.43658889163547
10:23:27,1.698798,101.436637,0,0,0,0,0,0,0,0,132,180,forward,10454.46,-13,0,1.6987445937315968,101.43658889163547
10:23:29,1.698798,101.436637,0,0,0,0,0,0,0,0,132,180,forward,10454.46,-13,0,1.6987445937315968,101.43658889163547
10:23:31,1.698798,101.436637,0,0,0,0,0,0,0,0,132,180,forward,10454.46,-13,0,1.6987445937315968,101.43658889163547
10:23:33,1.698798,101.436637,0,0,0,0,0,0,0,0,132,180,forward,10454.46,-13,0,1.6987445937315968,101.43658889163547
10:23:35,1.698798,101.436637,0,0,0,0,0,0,0,0,132,180,forward,10454.46,-13,0,1.6987445937315968,101.43658889163547
10:23:37,1.698798,101.436637,0,0,0,0,0,0,0,0,132,180,forward,10454.46,-13,0,1.6987445937315968,101.43658889163547
10:23:40,1.698798,101.436637,0,0,0,0,0,0,0,0,132,180,forward,10454.46,-13,0,1.6987445937315968,101.43658889163547
10:23:42,1.698798,101.436637,0,0,0,0,0,0,0,0,132,180,forward,10454.46,-13,0,1.6987445937315968,101.43658889163547
10:23:44,1.698798,101.436637,0,0,0,0,0,0,0,0,132,180,forward,10454.46,-13,0,1.6987445937315968,101.43658889163547
10:23:46,1.698798,101.436637,0,0,0,0,0,0,0,0,132,180,forward,10454.46,-13,0,1.6987445937315968,101.43658889163547
10:23:48,1.698798,101.436637,0,0,0,0,0,0,0,0,132,180,forward,10454.46,-13,0,1.6987445937315968,101.43658889163547
10:23:51,1.698798,101.436637,0,0,0,0,0,0,0,0,132,180,forward,10454.46,-13,0,1.6987445937315968,101.43658889163547
10:23:53,1.698798,101.436637,0,0,0,0,0,0,0,0,132,180,forward,10454.46,-13,0,1.6987445937315968,101.43658889163547
10:23:55,1.698798,101.436637,0,0,0,0,0,0,0,0,132,180,forward,10454.46,-13,0,1.6987445937315968,101.43658889163547
10:23:57,1.698798,101.436637,0,0,0,0,0,0,0,0,132,180,forward,10454.46,-13,0,1.6987445937315968,101.43658889163547
10:23:59,1.698798,101.436637,0,0,0,0,0,0,0,0,132,180,forward,10454.46,-13,0,1.6987445937315968,101.43658889163547
10:24:01,1.698798,101.436637,0,0,0,0,0,0,0,0,132,180,forward,10454.46,-13,0,1.6987445937315968,101.43658889163547
10:24:04,1.698798,101.436637,0,0,0,0,0,0,0,0,132,180,forward,10454.46,-13,0,1.6987445937315968,101.43658889163547
10:24:06,1.698798,101.436637,0,0,0,0,0,0,0,0,132,180,forward,10454.46,-13,0,1.6987445937315968,101.43658889163547
10:24:08,1.698798,101.436637,0,0,0,0,0,0,0,0,132,180,forward,10454.46,-13,0,1.6987445937315968,101.43658889163547
10:24:10,1.698798,101.436637,0,0,0,0,0,0,0,0,132,180,forward,10454.46,-13,0,1.6987445937315968,101.43658889163547
10:24:12,1.698798,101.436637,0,0,0,0,0,0,0,0,132,180,forward,10454.46,-13,0,1.6987445937315968,101.43658889163547
10:24:14,1.698798,101.436637,0,0,0,0,0,0,0,0,132,180,forward,10454.46,-13,0,1.6987445937315968,101.43658889163547
10:24:17,1.698798,101.436637,0,0,0,0,0,0,0,0,132,180,forward,10454.46,-13,0,1.6987445937315968,101.43658889163547
10:24:19,1.698798,101.436637,0,0,0,0,0,0,0,0,132,180,forward,10454.46,-13,0,1.6987445937315968,101.43658889163547
10:24:21,1.698798,101.436637,0,0,0,0,0,0,0,0,132,180,forward,10454.46,-13,0,1.6987445937315968,101.43658889163547
10:24:23,1.698798,101.436637,0,0,0,0,0,0,0,0,132,180,forward,10454.46,-13,0,1.6987445937315968,101.43658889163547
10:24:25,1.698798,101.436637,0,0,0,0,0,0,0,0,132,180,forward,10454.46,-13,0,1.6987445937315968,101.43658889163547
10:24:27,1.698798,101.436637,0,0,0,0,0,0,0,0,132,180,forward,10454.46,-13,0,1.6987445937315968,101.43658889163547
10:24:30,1.698798,101.436637,0,0,0,0,0,0,0,0,132,180,forward,10454.46,-13,0,1.6987445937315968,101.43658889163547
10:24:32,1.698798,101.436637,0,0,0,0,0,0,0,0,132,180,forward,10454.46,-13,0,1.6987445937315968,101.43658889163547
10:24:34,1.698798,101.436637,0,0,0,0,0,0,0,0,132,180,forward,10454.46,-13,0,1.6987445937315968,101.43658889163547
10:24:36,1.698798,101.436637,0,0,0,0,0,0,0,0,132,180,forward,10454.46,-13,0,1.6987445937315968,101.43658889163547
10:24:38,1.698798,101.436637,0,0,0,0,0,0,0,0,132,180,forward,10454.46,-13,0,1.6987445937315968,101.43658889163547
10:24:41,1.698798,101.436637,0,0,0,0,0,0,0,0,132,180,forward,10454.46,-13,0,1.6987445937315968,101.43658889163547
10:24:43,1.698798,101.436637,0,0,0,0,0,0,0,0,132,180,forward,10454.46,-13,0,1.6987445937315968,101.43658889163547
10:24:45,1.698798,101.436637,0,0,0,0,0,0,0,0,132,180,forward,10454.46,-13,0,1.6987445937315968,101.43658889163547
10:24:47,1.698798,101.436637,0,0,0,0,0,0,0,0,132,180,forward,10454.46,-13,0,1.6987445937315968,101.43658889163547
10:24:49,1.698798,101.436637,0,0,0,0,0,0,0,0,132,180,forward,10454.46,-13,0,1.6987445937315968,101.43658889163547
10:24:51,1.698798,101.436637,0,0,0,0,0,0,0,0,132,180,forward,10454.46,-13,0,1.6987445937315968,101.43658889163547
10:24:54,1.698798,101.436637,0,0,0,0,0,0,0,0,132,180,forward,10454.46,-13,0,1.6987445937315968,101.43658889163547
10:24:56,1.698798,101.436637,0,0,0,0,0,0,0,0,132,180,forward,10454.46,-13,0,1.6987445937315968,101.43658889163547
10:24:58,1.698798,101.436637,0,0,0,0,0,0,0,0,132,180,forward,10454.46,-13,0,1.6987445937315968,101.43658889163547
10:25:00,1.698798,101.436637,0,0,0,0,0,0,0,0,132,180,forward,10454.46,-13,0,1.6987445937315968,101.43658889163547
10:25:02,1.698798,101.436637,0,0,0,0,0,0,0,0,132,180,forward,10454.46,-13,0,1.6987445937315968,101.43658889163547
10:25:05,1.698798,101.436637,0,0,0,0,0,0,0,0,132,180,forward,10454.46,-13,0,1.6987445937315968,101.43658889163547
10:25:07,1.698798,101.436637,0,0,0,0,0,0,0,0,132,180,forward,10454.46,-13,0,1.6987445937315968,101.43658889163547
10:25:09,1.698798,101.436637,0,0,0,0,0,0,0,0,132,180,forward,10454.46,-13,0,1.6987445937315968,101.43658889163547
10:25:11,1.698798,101.436637,0,0,0,0,0,0,0,0,132,180,forward,10454.46,-13,0,1.6987445937315968,101.43658889163547
10:25:13,1.698798,101.436637,0,0,0,0,0,0,0,0,132,180,forward,10454.46,-13,0,1.6987445937315968,101.43658889163547
10:25:15,1.698798,101.436637,0,0,0,0,0,0,0,0,132,180,forward,10454.46,-13,0,1.6987445937315968,101.43658889163547
10:25:17,1.698798,101.436637,0,0,0,0,0,0,0,0,132,180,forward,10454.46,-13,0,1.6987445937315968,101.43658889163547
10:25:20,1.698798,101.436637,0,0,0,0,0,0,0,0,132,180,forward,10454.46,-13,0,1.6987445937315968,101.43658889163547
10:25:22,1.698798,101.436637,0,0,0,0,0,0,0,0,132,180,forward,10454.46,-13,0,1.6987445937315968,101.43658889163547
10:25:24,1.698798,101.436637,0,0,0,0,0,0,0,0,132,180,forward,10454.46,-13,0,1.6987445937315968,101.43658889163547
10:25:26,1.698798,101.436637,0,0,0,0,0,0,0,0,132,180,forward,10454.46,-13,0,1.6987445937315968,101.43658889163547
10:25:28,1.698798,101.436637,0,0,0,0,0,0,0,0,132,180,forward,10454.46,-13,0,1.6987445937315968,101.43658889163547
10:25:30,1.698798,101.436637,0,0,0,0,0,0,0,0,132,180,forward,10454.46,-13,0,1.6987445937315968,101.43658889163547
10:25:33,1.698798,101.436637,0,0,0,0,0,0,0,0,132,180,forward,10454.46,-13,0,1.6987445937315968,101.43658889163547
10:25:35,1.698798,101.436637,0,0,0,0,0,0,0,0,132,180,forward,10454.46,-13,0,1.6987445937315968,101.43658889163547
10:25:37,1.698798,101.436637,0,0,0,0,0,0,0,0,132,180,forward,10454.46,-13,0,1.6987445937315968,101.43658889163547
10:25:39,1.698798,101.436637,0,0,0,0,0,0,0,0,132,180,forward,10454.46,-13,0,1.6987445937315968,101.43658889163547
10:25:41,1.698798,101.436637,0,0,0,0,0,0,0,0,132,180,forward,10454.46,-13,0,1.6987445937315968,101.43658889163547
10:25:43,1.698798,101.436637,0,0,0,0,0,0,0,0,132,180,forward,10454.46,-13,0,1.6987445937315968,101.43658889163547
10:25:46,1.698798,101.436637,0,0,0,0,0,0,0,0,132,180,forward,10454.46,-13,0,1.6987445937315968,101.43658889163547
10:25:48,1.698798,101.436637,0,0,0,0,0,0,0,0,132,180,forward,10454.46,-13,0,1.6987445937315968,101.43658889163547
10:25:50,1.698798,101.436637,0,0,0,0,0,0,0,0,132,180,forward,10454.46,-13,0,1.6987445937315968,101.43658889163547
10:25:52,1.698798,101.436637,0,0,0,0,0,0,0,0,132,180,forward,10454.46,-13,0,1.6987445937315968,101.43658889163547
10:25:54,1.698798,101.436637,0,0,0,0,0,0,0,0,132,180,forward,10454.46,-13,0,1.6987445937315968,101.43658889163547
10:25:56,1.698798,101.436637,0,0,0,0,0,0,0,0,132,180,forward,10454.46,-13,0,1.6987445937315968,101.43658889163547
10:25:59,1.698798,101.436637,0,0,0,0,0,0,0,0,132,180,forward,10454.46,-13,0,1.6987445937315968,101.43658889163547
10:26:01,1.698798,101.436637,0,0,0,0,0,0,0,0,132,180,forward,10454.46,-13,0,1.6987445937315968,101.43658889163547
10:26:03,1.698798,101.436637,0,0,0,0,0,0,0,0,132,180,forward,10454.46,-13,0,1.6987445937315968,101.43658889163547
10:26:05,1.698798,101.436637,0,0,0,0,0,0,0,0,132,180,forward,10454.46,-13,0,1.6987445937315968,101.43658889163547
10:26:07,1.698798,101.436637,0,0,0,0,0,0,0,0,132,180,forward,10454.46,-13,0,1.6987445937315968,101.43658889163547
10:26:09,1.698798,101.436637,0,0,0,0,0,0,0,0,132,180,forward,10454.46,-13,0,1.6987445937315968,101.43658889163547
10:26:12,1.698798,101.436637,0,0,0,0,0,0,0,0,132,180,forward,10454.46,-13,0,1.6987445937315968,101.43658889163547
10:26:14,1.698798,101.436637,0,0,0,0,0,0,0,0,132,180,forward,10454.46,-13,0,1.6987445937315968,101.43658889163547
10:26:16,1.698798,101.436637,0,0,0,0,0,0,0,0,132,180,forward,10454.46,-13,0,1.6987445937315968,101.43658889163547
10:26:18,1.698798,101.436637,0,0,0,0,0,0,0,0,132,180,forward,10454.46,-13,0,1.6987445937315968,101.43658889163547
10:26:20,1.698798,101.436637,0,0,0,0,0,0,0,0,132,180,forward,10454.46,-13,0,1.6987445937315968,101.43658889163547
10:26:22,1.698798,101.436637,0,0,0,0,0,0,0,0,132,180,forward,10454.46,-13,0,1.6987445937315968,101.43658889163547
10:26:24,1.698798,101.436637,0,0,0,0,0,0,0,0,132,180,forward,10454.46,-13,0,1.6987445937315968,101.43658889163547
10:26:26,1.698798,101.436637,0,0,0,0,0,0,0,0,132,180,forward,10454.46,-13,0,1.6987445937315968,101.43658889163547
10:26:29,1.698798,101.436637,0,0,0,0,0,0,0,0,132,180,forward,10454.46,-13,0,1.6987445937315968,101.43658889163547
10:26:31,1.698798,101.436637,0,0,0,0,0,0,0,0,132,180,forward,10454.46,-13,0,1.6987445937315968,101.43658889163547
10:26:33,1.698798,101.436637,0,0,0,0,0,0,0,0,132,180,forward,10454.46,-13,0,1.6987445937315968,101.43658889163547
10:26:35,1.698798,101.436637,0,0,0,0,0,0,0,0,132,180,forward,10454.46,-13,0,1.6987445937315968,101.43658889163547
10:26:37,1.698798,101.436637,0,0,0,0,0,0,0,0,132,180,forward,10454.46,-13,0,1.6987445937315968,101.43658889163547
10:26:39,1.698798,101.436637,0,0,0,0,0,0,0,0,132,180,forward,10454.46,-13,0,1.6987445937315968,101.43658889163547
10:26:42,1.698798,101.436637,0,0,0,0,0,0,0,0,132,180,forward,10454.46,-13,0,1.6987445937315968,101.43658889163547
10:26:44,1.698798,101.436637,0,0,0,0,0,0,0,0,132,180,forward,10454.46,-13,0,1.6987445937315968,101.43658889163547
10:26:46,1.698798,101.436637,0,0,0,0,0,0,0,0,132,180,forward,10454.46,-13,0,1.6987445937315968,101.43658889163547
10:26:48,1.698798,101.436637,0,0,0,0,0,0,0,0,132,180,forward,10454.46,-13,0,1.6987445937315968,101.43658889163547
10:26:50,1.698798,101.436637,0,0,0,0,0,0,0,0,132,180,forward,10454.46,-13,0,1.6987445937315968,101.43658889163547
10:26:52,1.698798,101.436637,0,0,0,0,0,0,0,0,132,180,forward,10454.46,-13,0,1.6987445937315968,101.43658889163547
10:26:54,1.698798,101.436637,0,0,0,0,0,0,0,0,132,180,forward,10454.46,-13,0,1.6987445937315968,101.43658889163547
10:26:56,1.698798,101.436637,0,0,0,0,0,0,0,0,132,180,forward,10454.46,-13,0,1.6987445937315968,101.43658889163547
10:26:59,1.698798,101.436637,0,0,0,0,0,0,0,0,132,180,forward,10454.46,-13,0,1.6987445937315968,101.43658889163547
10:27:01,1.698798,101.436637,0,0,0,0,0,0,0,0,132,180,forward,10454.46,-13,0,1.6987445937315968,101.43658889163547
10:27:03,1.698798,101.436637,0,0,0,0,0,0,0,0,132,180,forward,10454.46,-13,0,1.6987445937315968,101.43658889163547
10:27:05,1.698798,101.436637,0,0,0,0,0,0,0,0,132,180,forward,10454.46,-13,0,1.6987445937315968,101.43658889163547
10:27:07,1.698798,101.436637,0,0,0,0,0,0,0,0,132,180,forward,10454.46,-13,0,1.6987445937315968,101.43658889163547
10:27:09,1.698798,101.436637,0,0,0,0,0,0,0,0,132,180,forward,10454.46,-13,0,1.6987445937315968,101.43658889163547
10:27:11,1.698798,101.436637,0,0,0,0,0,0,0,0,132,180,forward,10454.46,-13,0,1.6987445937315968,101.43658889163547
10:27:14,1.698798,101.436637,0,0,0,0,0,0,0,0,132,180,forward,10454.46,-13,0,1.6987445937315968,101.43658889163547
10:27:16,1.698798,101.436637,0,0,0,0,0,0,0,0,132,180,forward,10454.46,-13,0,1.6987445937315968,101.43658889163547
10:27:18,1.698798,101.436637,0,0,0,0,0,0,0,0,132,180,forward,10454.46,-13,0,1.6987445937315968,101.43658889163547
10:27:20,1.698798,101.436637,0,0,0,0,0,0,0,0,132,180,forward,10454.46,-13,0,1.6987445937315968,101.43658889163547
10:27:22,1.698798,101.436637,0,0,0,0,0,0,0,0,132,180,forward,10454.46,-13,0,1.6987445937315968,101.43658889163547
10:27:24,1.698798,101.436637,0,0,0,0,0,0,0,0,132,180,forward,10454.46,-13,0,1.6987445937315968,101.43658889163547
10:27:26,1.698798,101.436637,0,0,0,0,0,0,0,0,132,180,forward,10454.46,-13,0,1.6987445937315968,101.43658889163547
10:27:28,1.698798,101.436637,0,0,0,0,0,0,0,0,132,180,forward,10454.46,-13,0,1.6987445937315968,101.43658889163547
10:27:30,1.698798,101.436637,0,0,0,0,0,0,0,0,132,180,forward,10454.46,-13,0,1.6987445937315968,101.43658889163547
10:27:32,1.698798,101.436637,0,0,0,0,0,0,0,0,132,180,forward,10454.46,-13,0,1.6987445937315968,101.43658889163547
10:27:35,1.698798,101.436637,0,0,0,0,0,0,0,0,132,180,forward,10454.46,-13,0,1.6987445937315968,101.43658889163547
10:27:37,1.698798,101.436637,0,0,0,0,0,0,0,0,132,180,forward,10454.46,-13,0,1.6987445937315968,101.43658889163547
10:27:39,1.698798,101.436637,0,0,0,0,0,0,0,0,132,180,forward,10454.46,-13,0,1.6987445937315968,101.43658889163547
10:27:41,1.698798,101.436637,0,0,0,0,0,0,0,0,132,180,forward,10454.46,-13,0,1.6987445937315968,101.43658889163547
10:27:43,1.698798,101.436637,0,0,0,0,0,0,0,0,132,180,forward,10454.46,-13,0,1.6987445937315968,101.43658889163547
10:27:45,1.698798,101.436637,0,0,0,0,0,0,0,0,132,180,forward,10454.46,-13,0,1.6987445937315968,101.43658889163547
10:27:47,1.698798,101.436637,0,0,0,0,0,0,0,0,132,180,forward,10454.46,-13,0,1.6987445937315968,101.43658889163547
10:27:49,1.698798,101.436637,0,0,0,0,0,0,0,0,132,180,forward,10454.46,-13,0,1.6987445937315968,101.43658889163547
10:27:51,1.698798,101.436637,0,0,0,0,0,0,0,0,132,180,forward,10454.46,-13,0,1.6987445937315968,101.43658889163547
10:27:54,1.698798,101.436637,0,0,0,0,0,0,0,0,132,180,forward,10454.46,-13,0,1.6987445937315968,101.43658889163547
10:27:56,1.698798,101.436637,0,0,0,0,0,0,0,0,132,180,forward,10454.46,-13,0,1.6987445937315968,101.43658889163547
10:27:58,1.698798,101.436637,0,0,0,0,0,0,0,0,132,180,forward,10454.46,-13,0,1.6987445937315968,101.43658889163547
10:28:00,1.698798,101.436637,0,0,0,0,0,0,0,0,132,180,forward,10454.46,-13,0,1.6987445937315968,101.43658889163547
10:28:02,1.698798,101.436637,0,0,0,0,0,0,0,0,132,180,forward,10454.46,-13,0,1.6987445937315968,101.43658889163547
10:28:04,1.698798,101.436637,0,0,0,0,0,0,0,0,132,180,forward,10454.46,-13,0,1.6987445937315968,101.43658889163547
10:28:07,1.698798,101.436637,0,0,0,0,0,0,0,0,132,180,forward,10454.46,-13,0,1.6987445937315968,101.43658889163547
10:28:09,1.698798,101.436637,0,0,0,0,0,0,0,0,132,180,forward,10454.46,-13,0,1.6987445937315968,101.43658889163547
10:28:11,1.698798,101.436637,0,0,0,0,0,0,0,0,132,180,forward,10454.46,-13,0,1.6987445937315968,101.43658889163547
10:28:13,1.698798,101.436637,0,0,0,0,0,0,0,0,132,180,forward,10454.46,-13,0,1.6987445937315968,101.43658889163547
10:28:15,1.698798,101.436637,0,0,0,0,0,0,0,0,132,180,forward,10454.46,-13,0,1.6987445937315968,101.43658889163547
10:28:17,1.698798,101.436637,0,0,0,0,0,0,0,0,132,180,forward,10454.46,-13,0,1.6987445937315968,101.43658889163547
10:28:20,1.698798,101.436637,0,0,0,0,0,0,0,0,132,180,forward,10454.46,-13,0,1.6987445937315968,101.43658889163547
10:28:22,1.698798,101.436637,0,0,0,0,0,0,0,0,132,180,forward,10454.46,-13,0,1.6987445937315968,101.43658889163547
10:28:24,1.698798,101.436637,0,0,0,0,0,0,0,0,132,180,forward,10454.46,-13,0,1.6987445937315968,101.43658889163547
10:28:26,1.698798,101.436637,0,0,0,0,0,0,0,0,132,180,forward,10454.46,-13,0,1.6987445937315968,101.43658889163547
10:28:28,1.698798,101.436637,0,0,0,0,0,0,0,0,132,180,forward,10454.46,-13,0,1.6987445937315968,101.43658889163547
10:28:30,1.698798,101.436637,0,0,0,0,0,0,0,0,132,180,forward,10454.46,-13,0,1.6987445937315968,101.43658889163547
10:28:33,1.698798,101.436637,0,0,0,0,0,0,0,0,132,180,forward,10454.46,-13,0,1.6987445937315968,101.43658889163547
10:28:35,1.698798,101.436637,0,0,0,0,0,0,0,0,132,180,forward,10454.46,-13,0,1.6987445937315968,101.43658889163547
10:28:37,1.698798,101.436637,0,0,0,0,0,0,0,0,132,180,forward,10454.46,-13,0,1.6987445937315968,101.43658889163547
10:28:39,1.698798,101.436637,0,0,0,0,0,0,0,0,132,180,forward,10454.46,-13,0,1.6987445937315968,101.43658889163547
10:28:41,1.698798,101.436637,0,0,0,0,0,0,0,0,132,180,forward,10454.46,-13,0,1.6987445937315968,101.43658889163547
10:28:43,1.698798,101.436637,0,0,0,0,0,0,0,0,132,180,forward,10454.46,-13,0,1.6987445937315968,101.43658889163547
10:28:46,1.698798,101.436637,0,0,0,0,0,0,0,0,132,180,forward,10454.46,-13,0,1.6987445937315968,101.43658889163547
10:28:48,1.698798,101.436637,0,0,0,0,0,0,0,0,132,180,forward,10454.46,-13,0,1.6987445937315968,101.43658889163547
10:28:50,1.698798,101.436637,0,0,0,0,0,0,0,0,132,180,forward,10454.46,-13,0,1.6987445937315968,101.43658889163547
10:28:52,1.698798,101.436637,0,0,0,0,0,0,0,0,132,180,forward,10454.46,-13,0,1.6987445937315968,101.43658889163547
10:28:54,1.698798,101.436637,0,0,0,0,0,0,0,0,132,180,forward,10454.46,-13,0,1.6987445937315968,101.43658889163547
10:28:56,1.698798,101.436637,0,0,0,0,0,0,0,0,132,180,forward,10454.46,-13,0,1.6987445937315968,101.43658889163547
10:28:59,1.698798,101.436637,0,0,0,0,0,0,0,0,132,180,forward,10454.46,-13,0,1.6987445937315968,101.43658889163547
10:29:01,1.698798,101.436637,0,0,0,0,0,0,0,0,132,180,forward,10454.46,-13,0,1.6987445937315968,101.43658889163547
10:29:03,1.698798,101.436637,0,0,0,0,0,0,0,0,132,180,forward,10454.46,-13,0,1.6987445937315968,101.43658889163547
10:29:05,1.698798,101.436637,0,0,0,0,0,0,0,0,132,180,forward,10454.46,-13,0,1.6987445937315968,101.43658889163547
10:29:07,1.698798,101.436637,0,0,0,0,0,0,0,0,132,180,forward,10454.46,-13,0,1.6987445937315968,101.43658889163547
10:29:09,1.698798,101.436637,0,0,0,0,0,0,0,0,132,180,forward,10454.46,-13,0,1.6987445937315968,101.43658889163547
10:29:12,1.698798,101.436637,0,0,0,0,0,0,0,0,132,180,forward,10454.46,-13,0,1.6987445937315968,101.43658889163547
10:29:14,1.698798,101.436637,0,0,0,0,0,0,0,0,132,180,forward,10454.46,-13,0,1.6987445937315968,101.43658889163547
10:29:16,1.698798,101.436637,0,0,0,0,0,0,0,0,132,180,forward,10454.46,-13,0,1.6987445937315968,101.43658889163547
10:29:18,1.698798,101.436637,0,0,0,0,0,0,0,0,132,180,forward,10454.46,-13,0,1.6987445937315968,101.43658889163547
10:29:20,1.698798,101.436637,0,0,0,0,0,0,0,0,132,180,forward,10454.46,-13,0,1.6987445937315968,101.43658889163547
10:29:22,1.698798,101.436637,0,0,0,0,0,0,0,0,132,180,forward,10454.46,-13,0,1.6987445937315968,101.43658889163547
10:29:24,1.698798,101.436637,0,0,0,0,0,0,0,0,132,180,forward,10454.46,-13,0,1.6987445937315968,101.43658889163547
10:29:26,1.698798,101.436637,0,0,0,0,0,0,0,0,132,180,forward,10454.46,-13,0,1.6987445937315968,101.43658889163547
10:29:29,1.698798,101.436637,0,0,0,0,0,0,0,0,132,180,forward,10454.46,-13,0,1.6987445937315968,101.43658889163547
10:29:31,1.698798,101.436637,0,0,0,0,0,0,0,0,132,180,forward,10454.46,-13,0,1.6987445937315968,101.43658889163547
10:29:33,1.698798,101.436637,0,0,0,0,0,0,0,0,132,180,forward,10454.46,-13,0,1.6987445937315968,101.43658889163547
10:29:35,1.698798,101.436637,0,0,0,0,0,0,0,0,132,180,forward,10454.46,-13,0,1.6987445937315968,101.43658889163547
10:29:37,1.698798,101.436637,0,0,0,0,0,0,0,0,132,180,forward,10454.46,-13,0,1.6987445937315968,101.43658889163547
10:29:39,1.698798,101.436637,0,0,0,0,0,0,0,0,132,180,forward,10454.46,-13,0,1.6987445937315968,101.43658889163547
10:29:41,1.698798,101.436637,0,0,0,0,0,0,0,0,132,180,forward,10454.46,-13,0,1.6987445937315968,101.43658889163547
10:29:44,1.698798,101.436637,0,0,0,0,0,0,0,0,132,180,forward,10454.46,-13,0,1.6987445937315968,101.43658889163547
10:29:46,1.698798,101.436637,0,0,0,0,0,0,0,0,132,180,forward,10454.46,-13,0,1.6987445937315968,101.43658889163547
10:29:48,1.698798,101.436637,0,0,0,0,0,0,0,0,132,180,forward,10454.46,-13,0,1.6987445937315968,101.43658889163547
10:29:50,1.698798,101.436637,0,0,0,0,0,0,0,0,132,180,forward,10454.46,-13,0,1.6987445937315968,101.43658889163547
10:29:52,1.698798,101.436637,0,0,0,0,0,0,0,0,132,180,forward,10454.46,-13,0,1.6987445937315968,101.43658889163547
10:29:54,1.698798,101.436637,0,0,0,0,0,0,0,0,132,180,forward,10454.46,-13,0,1.6987445937315968,101.43658889163547
10:29:57,1.698798,101.436637,0,0,0,0,0,0,0,0,132,180,forward,10454.46,-13,0,1.6987445937315968,101.43658889163547
10:29:59,1.698798,101.436637,0,0,0,0,0,0,0,0,132,180,forward,10454.46,-13,0,1.6987445937315968,101.43658889163547
10:30:01,1.698798,101.436637,0,0,0,0,0,0,0,0,132,180,forward,10454.46,-13,0,1.6987445937315968,101.43658889163547
10:30:03,1.698798,101.436637,0,0,0,0,0,0,0,0,132,180,forward,10454.46,-13,0,1.6987445937315968,101.43658889163547
10:30:05,1.698798,101.436637,0,0,0,0,0,0,0,0,132,180,forward,10454.46,-13,0,1.6987445937315968,101.43658889163547
10:30:07,1.698798,101.436637,0,0,0,0,0,0,0,0,132,180,forward,10454.46,-13,0,1.6987445937315968,101.43658889163547
10:30:10,1.698798,101.436637,0,0,0,0,0,0,0,0,132,180,forward,10454.46,-13,0,1.6987445937315968,101.43658889163547
10:30:12,1.698798,101.436637,0,0,0,0,0,0,0,0,132,180,forward,10454.46,-13,0,1.6987445937315968,101.43658889163547
10:30:14,1.698798,101.436637,0,0,0,0,0,0,0,0,132,180,forward,10454.46,-13,0,1.6987445937315968,101.43658889163547
10:30:16,1.698798,101.436637,0,0,0,0,0,0,0,0,132,180,forward,10454.46,-13,0,1.6987445937315968,101.43658889163547
10:30:18,1.698798,101.436637,0,0,0,0,0,0,0,0,132,180,forward,10454.46,-13,0,1.6987445937315968,101.43658889163547
10:30:20,1.698798,101.436637,0,0,0,0,0,0,0,0,132,180,forward,10454.46,-13,0,1.6987445937315968,101.43658889163547
10:30:23,1.698798,101.436637,0,0,0,0,0,0,0,0,132,180,forward,10454.46,-13,0,1.6987445937315968,101.43658889163547
10:30:25,1.698798,101.436637,0,0,0,0,0,0,0,0,132,180,forward,10454.46,-13,0,1.6987445937315968,101.43658889163547
10:30:27,1.698798,101.436637,0,0,0,0,0,0,0,0,132,180,forward,10454.46,-13,0,1.6987445937315968,101.43658889163547
10:30:29,1.698798,101.436637,0,0,0,0,0,0,0,0,132,180,forward,10454.46,-13,0,1.6987445937315968,101.43658889163547
10:30:31,1.698798,101.436637,0,0,0,0,0,0,0,0,132,180,forward,10454.46,-13,0,1.6987445937315968,101.43658889163547
10:30:33,1.698798,101.436637,0,0,0,0,0,0,0,0,132,180,forward,10454.46,-13,0,1.6987445937315968,101.43658889163547
10:30:35,1.698798,101.436637,0,0,0,0,0,0,0,0,132,180,forward,10454.46,-13,0,1.6987445937315968,101.43658889163547
10:30:37,1.698798,101.436637,0,0,0,0,0,0,0,0,132,180,forward,10454.46,-13,0,1.6987445937315968,101.43658889163547
10:30:39,1.698798,101.436637,0,0,0,0,0,0,0,0,132,180,forward,10454.46,-13,0,1.6987445937315968,101.43658889163547
10:30:42,1.698798,101.436637,0,0,0,0,0,0,0,0,132,180,forward,10454.46,-13,0,1.6987445937315968,101.43658889163547
10:30:44,1.698798,101.436637,0,0,0,0,0,0,0,0,132,180,forward,10454.46,-13,0,1.6987445937315968,101.43658889163547
10:30:46,1.698798,101.436637,0,0,0,0,0,0,0,0,132,180,forward,10454.46,-13,0,1.6987445937315968,101.43658889163547
10:30:48,1.698798,101.436637,0,0,0,0,0,0,0,0,132,180,forward,10454.46,-13,0,1.6987445937315968,101.43658889163547
10:30:50,1.698798,101.436637,0,0,0,0,0,0,0,0,132,180,forward,10454.46,-13,0,1.6987445937315968,101.43658889163547
10:30:52,1.698798,101.436637,0,0,0,0,0,0,0,0,132,180,forward,10454.46,-13,0,1.6987445937315968,101.43658889163547
10:30:54,1.698798,101.436637,0,0,0,0,0,0,0,0,132,180,forward,10454.46,-13,0,1.6987445937315968,101.43658889163547
10:30:56,1.698798,101.436637,0,0,0,0,0,0,0,0,132,180,forward,10454.46,-13,0,1.6987445937315968,101.43658889163547
10:30:59,1.698798,101.436637,0,0,0,0,0,0,0,0,132,180,forward,10454.46,-13,0,1.6987445937315968,101.43658889163547
10:31:01,1.698798,101.436637,0,0,0,0,0,0,0,0,132,180,forward,10454.46,-13,0,1.6987445937315968,101.43658889163547
10:31:03,1.698798,101.436637,0,0,0,0,0,0,0,0,132,180,forward,10454.46,-13,0,1.6987445937315968,101.43658889163547
10:31:05,1.698798,101.436637,0,0,0,0,0,0,0,0,132,180,forward,10454.46,-13,0,1.6987445937315968,101.43658889163547
10:31:07,1.698798,101.436637,0,0,0,0,0,0,0,0,132,180,forward,10454.46,-13,0,1.6987445937315968,101.43658889163547
10:31:09,1.698798,101.436637,0,0,0,0,0,0,0,0,132,180,forward,10454.46,-13,0,1.6987445937315968,101.43658889163547
10:31:11,1.698798,101.436637,0,0,0,0,0,0,0,0,132,180,forward,10454.46,-13,0,1.6987445937315968,101.43658889163547
10:31:13,1.698798,101.436637,0,0,0,0,0,0,0,0,132,180,forward,10454.46,-13,0,1.6987445937315968,101.43658889163547
10:31:15,1.698798,101.436637,0,0,0,0,0,0,0,0,132,180,forward,10454.46,-13,0,1.6987445937315968,101.43658889163547
10:31:18,1.698798,101.436637,0,0,0,0,0,0,0,0,132,180,forward,10454.46,-13,0,1.6987445937315968,101.43658889163547
10:31:20,1.698798,101.436637,0,0,0,0,0,0,0,0,132,180,forward,10454.46,-13,0,1.6987445937315968,101.43658889163547
10:31:22,1.698798,101.436637,0,0,0,0,0,0,0,0,132,180,forward,10454.46,-13,0,1.6987445937315968,101.43658889163547
10:31:24,1.698798,101.436637,0,0,0,0,0,0,0,0,132,180,forward,10454.46,-13,0,1.6987445937315968,101.43658889163547
10:31:26,1.698798,101.436637,0,0,0,0,0,0,0,0,132,180,forward,10454.46,-13,0,1.6987445937315968,101.43658889163547
10:31:28,1.698798,101.436637,0,0,0,0,0,0,0,0,132,180,forward,10454.46,-13,0,1.6987445937315968,101.43658889163547
10:31:31,1.698798,101.436637,0,0,0,0,0,0,0,0,132,180,forward,10454.46,-13,0,1.6987445937315968,101.43658889163547
10:31:33,1.698798,101.436637,0,0,0,0,0,0,0,0,132,180,forward,10454.46,-13,0,1.6987445937315968,101.43658889163547
10:31:35,1.698798,101.436637,0,0,0,0,0,0,0,0,132,180,forward,10454.46,-13,0,1.6987445937315968,101.43658889163547
10:31:37,1.698798,101.436637,0,0,0,0,0,0,0,0,132,180,forward,10454.46,-13,0,1.6987445937315968,101.43658889163547
10:31:39,1.698798,101.436637,0,0,0,0,0,0,0,0,132,180,forward,10454.46,-13,0,1.6987445937315968,101.43658889163547
10:31:41,1.698798,101.436637,0,0,0,0,0,0,0,0,132,180,forward,10454.46,-13,0,1.6987445937315968,101.43658889163547
10:31:43,1.698798,101.436637,0,0,0,0,0,0,0,0,132,180,forward,10454.46,-13,0,1.6987445937315968,101.43658889163547
10:31:45,1.698798,101.436637,0,0,0,0,0,0,0,0,132,180,forward,10454.46,-13,0,1.6987445937315968,101.43658889163547
10:31:48,1.698798,101.436637,0,0,0,0,0,0,0,0,132,180,forward,10454.46,-13,0,1.6987445937315968,101.43658889163547
10:31:50,1.698798,101.436637,0,0,0,0,0,0,0,0,132,180,forward,10454.46,-13,0,1.6987445937315968,101.43658889163547
10:31:52,1.698798,101.436637,0,0,0,0,0,0,0,0,132,180,forward,10454.46,-13,0,1.6987445937315968,101.43658889163547
10:31:54,1.698798,101.436637,0,0,0,0,0,0,0,0,132,180,forward,10454.46,-13,0,1.6987445937315968,101.43658889163547
10:31:56,1.698798,101.436637,0,0,0,0,0,0,0,0,132,180,forward,10454.46,-13,0,1.6987445937315968,101.43658889163547
10:31:58,1.698798,101.436637,0,0,0,0,0,0,0,0,132,180,forward,10454.46,-13,0,1.6987445937315968,101.43658889163547
10:32:01,1.698798,101.436637,0,0,0,0,0,0,0,0,132,180,forward,10454.46,-13,0,1.6987445937315968,101.43658889163547
10:32:03,1.698798,101.436637,0,0,0,0,0,0,0,0,132,180,forward,10454.46,-13,0,1.6987445937315968,101.43658889163547
10:32:05,1.698798,101.436637,0,0,0,0,0,0,0,0,132,180,forward,10454.46,-13,0,1.6987445937315968,101.43658889163547
10:32:07,1.698798,101.436637,0,0,0,0,0,0,0,0,132,180,forward,10454.46,-13,0,1.6987445937315968,101.43658889163547
10:32:09,1.698798,101.436637,0,0,0,0,0,0,0,0,132,180,forward,10454.46,-13,0,1.6987445937315968,101.43658889163547
10:32:11,1.698798,101.436637,0,0,0,0,0,0,0,0,132,180,forward,10454.46,-13,0,1.6987445937315968,101.43658889163547
10:32:13,1.698798,101.436637,0,0,0,0,0,0,0,0,132,180,forward,10454.46,-13,0,1.6987445937315968,101.43658889163547
10:32:15,1.698798,101.436637,0,0,0,0,0,0,0,0,132,180,forward,10454.46,-13,0,1.6987445937315968,101.43658889163547
10:32:17,1.698798,101.436637,0,0,0,0,0,0,0,0,132,180,forward,10454.46,-13,0,1.6987445937315968,101.43658889163547
10:32:19,1.698798,101.436637,0,0,0,0,0,0,0,0,132,180,forward,10454.46,-13,0,1.6987445937315968,101.43658889163547
10:32:22,1.698798,101.436637,0,0,0,0,0,0,0,0,132,180,forward,10454.46,-13,0,1.6987445937315968,101.43658889163547
10:32:24,1.698798,101.436637,0,0,0,0,0,0,0,0,132,180,forward,10454.46,-13,0,1.6987445937315968,101.43658889163547
10:32:26,1.698798,101.436637,0,0,0,0,0,0,0,0,132,180,forward,10454.46,-13,0,1.6987445937315968,101.43658889163547
10:32:28,1.698798,101.436637,0,0,0,0,0,0,0,0,132,180,forward,10454.46,-13,0,1.6987445937315968,101.43658889163547
10:32:30,1.698798,101.436637,0,0,0,0,0,0,0,0,132,180,forward,10454.46,-13,0,1.6987445937315968,101.43658889163547
10:32:32,1.698798,101.436637,0,0,0,0,0,0,0,0,132,180,forward,10454.46,-13,0,1.6987445937315968,101.43658889163547
10:32:34,1.698798,101.436637,0,0,0,0,0,0,0,0,132,180,forward,10454.46,-13,0,1.6987445937315968,101.43658889163547
10:32:37,1.698798,101.436637,0,0,0,0,0,0,0,0,132,180,forward,10454.46,-13,0,1.6987445937315968,101.43658889163547
10:32:39,1.698798,101.436637,0,0,0,0,0,0,0,0,132,180,forward,10454.46,-13,0,1.6987445937315968,101.43658889163547
10:32:41,1.698798,101.436637,0,0,0,0,0,0,0,0,132,180,forward,10454.46,-13,0,1.6987445937315968,101.43658889163547
10:32:43,1.698798,101.436637,0,0,0,0,0,0,0,0,132,180,forward,10454.46,-13,0,1.6987445937315968,101.43658889163547
10:32:45,1.698798,101.436637,0,0,0,0,0,0,0,0,132,180,forward,10454.46,-13,0,1.6987445937315968,101.43658889163547
10:32:47,1.698798,101.436637,0,0,0,0,0,0,0,0,132,180,forward,10454.46,-13,0,1.6987445937315968,101.43658889163547
10:32:49,1.698798,101.436637,0,0,0,0,0,0,0,0,132,180,forward,10454.46,-13,0,1.6987445937315968,101.43658889163547
10:32:51,1.698798,101.436637,0,0,0,0,0,0,0,0,132,180,forward,10454.46,-13,0,1.6987445937315968,101.43658889163547
10:32:53,1.698798,101.436637,0,0,0,0,0,0,0,0,132,180,forward,10454.46,-13,0,1.6987445937315968,101.43658889163547
10:32:56,1.698798,101.436637,0,0,0,0,0,0,0,0,132,180,forward,10454.46,-13,0,1.6987445937315968,101.43658889163547
10:32:58,1.698798,101.436637,0,0,0,0,0,0,0,0,132,180,forward,10454.46,-13,0,1.6987445937315968,101.43658889163547
10:33:00,1.698798,101.436637,0,0,0,0,0,0,0,0,132,180,forward,10454.46,-13,0,1.6987445937315968,101.43658889163547
10:33:02,1.698798,101.436637,0,0,0,0,0,0,0,0,132,180,forward,10454.46,-13,0,1.6987445937315968,101.43658889163547
10:33:04,1.698798,101.436637,0,0,0,0,0,0,0,0,132,180,forward,10454.46,-13,0,1.6987445937315968,101.43658889163547
10:33:06,1.698798,101.436637,0,0,0,0,0,0,0,0,132,180,forward,10454.46,-13,0,1.6987445937315968,101.43658889163547
10:33:08,1.698798,101.436637,0,0,0,0,0,0,0,0,132,180,forward,10454.46,-13,0,1.6987445937315968,101.43658889163547
10:33:10,1.698798,101.436637,0,0,0,0,0,0,0,0,132,180,forward,10454.46,-13,0,1.6987445937315968,101.43658889163547
10:33:13,1.698798,101.436637,0,0,0,0,0,0,0,0,132,180,forward,10454.46,-13,0,1.6987445937315968,101.43658889163547
10:33:15,1.698798,101.436637,0,0,0,0,0,0,0,0,132,180,forward,10454.46,-13,0,1.6987445937315968,101.43658889163547
10:33:17,1.698798,101.436637,0,0,0,0,0,0,0,0,132,180,forward,10454.46,-13,0,1.6987445937315968,101.43658889163547
10:33:19,1.698798,101.436637,0,0,0,0,0,0,0,0,132,180,forward,10454.46,-13,0,1.6987445937315968,101.43658889163547
10:33:21,1.698798,101.436637,0,0,0,0,0,0,0,0,132,180,forward,10454.46,-13,0,1.6987445937315968,101.43658889163547
10:33:23,1.698798,101.436637,0,0,0,0,0,0,0,0,132,180,forward,10454.46,-13,0,1.6987445937315968,101.43658889163547
10:33:25,1.698798,101.436637,0,0,0,0,0,0,0,0,132,180,forward,10454.46,-13,0,1.6987445937315968,101.43658889163547
10:33:27,1.698798,101.436637,0,0,0,0,0,0,0,0,132,180,forward,10454.46,-13,0,1.6987445937315968,101.43658889163547
10:33:30,1.698798,101.436637,0,0,0,0,0,0,0,0,132,180,forward,10454.46,-13,0,1.6987445937315968,101.43658889163547
10:33:32,1.698798,101.436637,0,0,0,0,0,0,0,0,132,180,forward,10454.46,-13,0,1.6987445937315968,101.43658889163547
10:33:34,1.698798,101.436637,0,0,0,0,0,0,0,0,132,180,forward,10454.46,-13,0,1.6987445937315968,101.43658889163547
10:33:36,1.698798,101.436637,0,0,0,0,0,0,0,0,132,180,forward,10454.46,-13,0,1.6987445937315968,101.43658889163547
10:33:38,1.698798,101.436637,0,0,0,0,0,0,0,0,132,180,forward,10454.46,-13,0,1.6987445937315968,101.43658889163547
10:33:40,1.698798,101.436637,0,0,0,0,0,0,0,0,132,180,forward,10454.46,-13,0,1.6987445937315968,101.43658889163547
10:33:42,1.698798,101.436637,0,0,0,0,0,0,0,0,132,180,forward,10454.46,-13,0,1.6987445937315968,101.43658889163547
10:33:44,1.698798,101.436637,0,0,0,0,0,0,0,0,132,180,forward,10454.46,-13,0,1.6987445937315968,101.43658889163547
10:33:47,1.698798,101.436637,0,0,0,0,0,0,0,0,132,180,forward,10454.46,-13,0,1.6987445937315968,101.43658889163547
10:33:49,1.698798,101.436637,0,0,0,0,0,0,0,0,132,180,forward,10454.46,-13,0,1.6987445937315968,101.43658889163547
10:33:51,1.698798,101.436637,0,0,0,0,0,0,0,0,132,180,forward,10454.46,-13,0,1.6987445937315968,101.43658889163547
10:33:53,1.698798,101.436637,0,0,0,0,0,0,0,0,132,180,forward,10454.46,-13,0,1.6987445937315968,101.43658889163547
10:33:55,1.698798,101.436637,0,0,0,0,0,0,0,0,132,180,forward,10454.46,-13,0,1.6987445937315968,101.43658889163547
10:33:58,1.698798,101.436637,0,0,0,0,0,0,0,0,132,180,forward,10454.46,-13,0,1.6987445937315968,101.43658889163547
10:34:00,1.698798,101.436637,0,0,0,0,0,0,0,0,132,180,forward,10454.46,-13,0,1.6987445937315968,101.43658889163547
10:34:02,1.698798,101.436637,0,0,0,0,0,0,0,0,132,180,forward,10454.46,-13,0,1.6987445937315968,101.43658889163547
10:34:04,1.698798,101.436637,0,0,0,0,0,0,0,0,132,180,forward,10454.46,-13,0,1.6987445937315968,101.43658889163547
10:34:06,1.698798,101.436637,0,0,0,0,0,0,0,0,132,180,forward,10454.46,-13,0,1.6987445937315968,101.43658889163547
10:34:08,1.698798,101.436637,0,0,0,0,0,0,0,0,132,180,forward,10454.46,-13,0,1.6987445937315968,101.43658889163547
10:34:10,1.698798,101.436637,0,0,0,0,0,0,0,0,132,180,forward,10454.46,-13,0,1.6987445937315968,101.43658889163547
10:34:12,1.698798,101.436637,0,0,0,0,0,0,0,0,132,180,forward,10454.46,-13,0,1.6987445937315968,101.43658889163547
10:34:15,1.698798,101.436637,0,0,0,0,0,0,0,0,132,180,forward,10454.46,-13,0,1.6987445937315968,101.43658889163547
10:34:17,1.698798,101.436637,0,0,0,0,0,0,0,0,132,180,forward,10454.46,-13,0,1.6987445937315968,101.43658889163547
10:34:19,1.698798,101.436637,0,0,0,0,0,0,0,0,132,180,forward,10454.46,-13,0,1.6987445937315968,101.43658889163547
10:34:21,1.698798,101.436637,0,0,0,0,0,0,0,0,132,180,forward,10454.46,-13,0,1.6987445937315968,101.43658889163547
10:34:23,1.698798,101.436637,0,0,0,0,0,0,0,0,132,180,forward,10454.46,-13,0,1.6987445937315968,101.43658889163547
10:34:25,1.698798,101.436637,0,0,0,0,0,0,0,0,132,180,forward,10454.46,-13,0,1.6987445937315968,101.43658889163547
10:34:28,1.698798,101.436637,0,0,0,0,0,0,0,0,132,180,forward,10454.46,-13,0,1.6987445937315968,101.43658889163547
10:34:30,1.698798,101.436637,0,0,0,0,0,0,0,0,132,180,forward,10454.46,-13,0,1.6987445937315968,101.43658889163547
10:34:32,1.698798,101.436637,0,0,0,0,0,0,0,0,132,180,forward,10454.46,-13,0,1.6987445937315968,101.43658889163547
10:34:34,1.698798,101.436637,0,0,0,0,0,0,0,0,132,180,forward,10454.46,-13,0,1.6987445937315968,101.43658889163547
10:34:36,1.698798,101.436637,0,0,0,0,0,0,0,0,132,180,forward,10454.46,-13,0,1.6987445937315968,101.43658889163547
10:34:38,1.698798,101.436637,0,0,0,0,0,0,0,0,132,180,forward,10454.46,-13,0,1.6987445937315968,101.43658889163547
10:34:41,1.698798,101.436637,0,0,0,0,0,0,0,0,132,180,forward,10454.46,-13,0,1.6987445937315968,101.43658889163547
10:34:43,1.698798,101.436637,0,0,0,0,0,0,0,0,132,180,forward,10454.46,-13,0,1.6987445937315968,101.43658889163547
10:34:45,1.698798,101.436637,0,0,0,0,0,0,0,0,132,180,forward,10454.46,-13,0,1.6987445937315968,101.43658889163547
10:34:47,1.698798,101.436637,0,0,0,0,0,0,0,0,132,180,forward,10454.46,-13,0,1.6987445937315968,101.43658889163547
10:34:49,1.698798,101.436637,0,0,0,0,0,0,0,0,132,180,forward,10454.46,-13,0,1.6987445937315968,101.43658889163547
10:34:51,1.698798,101.436637,0,0,0,0,0,0,0,0,132,180,forward,10454.46,-13,0,1.6987445937315968,101.43658889163547
10:34:54,1.698798,101.436637,0,0,0,0,0,0,0,0,132,180,forward,10454.46,-13,0,1.6987445937315968,101.43658889163547
10:34:56,1.698798,101.436637,0,0,0,0,0,0,0,0,132,180,forward,10454.46,-13,0,1.6987445937315968,101.43658889163547
10:34:58,1.698798,101.436637,0,0,0,0,0,0,0,0,132,180,forward,10454.46,-13,0,1.6987445937315968,101.43658889163547
10:35:00,1.698798,101.436637,0,0,0,0,0,0,0,0,132,180,forward,10454.46,-13,0,1.6987445937315968,101.43658889163547
10:35:02,1.698798,101.436637,0,0,0,0,0,0,0,0,132,180,forward,10454.46,-13,0,1.6987445937315968,101.43658889163547
10:35:04,1.698798,101.436637,0,0,0,0,0,0,0,0,132,180,forward,10454.46,-13,0,1.6987445937315968,101.43658889163547
10:35:07,1.698798,101.436637,0,0,0,0,0,0,0,0,132,180,forward,10454.46,-13,0,1.6987445937315968,101.43658889163547
10:35:09,1.698798,101.436637,0,0,0,0,0,0,0,0,132,180,forward,10454.46,-13,0,1.6987445937315968,101.43658889163547
10:35:11,1.698798,101.436637,0,0,0,0,0,0,0,0,132,180,forward,10454.46,-13,0,1.6987445937315968,101.43658889163547
10:35:13,1.698798,101.436637,0,0,0,0,0,0,0,0,132,180,forward,10454.46,-13,0,1.6987445937315968,101.43658889163547
10:35:15,1.698798,101.436637,0,0,0,0,0,0,0,0,132,180,forward,10454.46,-13,0,1.6987445937315968,101.43658889163547
10:35:17,1.698798,101.436637,0,0,0,0,0,0,0,0,132,180,forward,10454.46,-13,0,1.6987445937315968,101.43658889163547
10:35:20,1.698798,101.436637,0,0,0,0,0,0,0,0,132,180,forward,10454.46,-13,0,1.6987445937315968,101.43658889163547
10:35:22,1.698798,101.436637,0,0,0,0,0,0,0,0,132,180,forward,10454.46,-13,0,1.6987445937315968,101.43658889163547
10:35:24,1.698798,101.436637,0,0,0,0,0,0,0,0,132,180,forward,10454.46,-13,0,1.6987445937315968,101.43658889163547
10:35:26,1.698798,101.436637,0,0,0,0,0,0,0,0,132,180,forward,10454.46,-13,0,1.6987445937315968,101.43658889163547
10:35:28,1.698798,101.436637,0,0,0,0,0,0,0,0,132,180,forward,10454.46,-13,0,1.6987445937315968,101.43658889163547
10:35:30,1.698798,101.436637,0,0,0,0,0,0,0,0,132,180,forward,10454.46,-13,0,1.6987445937315968,101.43658889163547
10:35:32,1.698798,101.436637,0,0,0,0,0,0,0,0,132,180,forward,10454.46,-13,0,1.6987445937315968,101.43658889163547
10:35:34,1.698798,101.436637,0,0,0,0,0,0,0,0,132,180,forward,10454.46,-13,0,1.6987445937315968,101.43658889163547
10:35:36,1.698798,101.436637,0,0,0,0,0,0,0,0,132,180,forward,10454.46,-13,0,1.6987445937315968,101.43658889163547
10:35:39,1.698798,101.436637,0,0,0,0,0,0,0,0,132,180,forward,10454.46,-13,0,1.6987445937315968,101.43658889163547
10:35:41,1.698798,101.436637,0,0,0,0,0,0,0,0,132,180,forward,10454.46,-13,0,1.6987445937315968,101.43658889163547
10:35:43,1.698798,101.436637,0,0,0,0,0,0,0,0,132,180,forward,10454.46,-13,0,1.6987445937315968,101.43658889163547
10:35:45,1.698798,101.436637,0,0,0,0,0,0,0,0,132,180,forward,10454.46,-13,0,1.6987445937315968,101.43658889163547
10:35:47,1.698798,101.436637,0,0,0,0,0,0,0,0,132,180,forward,10454.46,-13,0,1.6987445937315968,101.43658889163547
10:35:49,1.698798,101.436637,0,0,0,0,0,0,0,0,132,180,forward,10454.46,-13,0,1.6987445937315968,101.43658889163547
10:35:52,1.698798,101.436637,0,0,0,0,0,0,0,0,132,180,forward,10454.46,-13,0,1.6987445937315968,101.43658889163547
10:35:54,1.698798,101.436637,0,0,0,0,0,0,0,0,132,180,forward,10454.46,-13,0,1.6987445937315968,101.43658889163547
10:35:56,1.698798,101.436637,0,0,0,0,0,0,0,0,132,180,forward,10454.46,-13,0,1.6987445937315968,101.43658889163547
10:35:58,1.698798,101.436637,0,0,0,0,0,0,0,0,132,180,forward,10454.46,-13,0,1.6987445937315968,101.43658889163547
10:36:00,1.698798,101.436637,0,0,0,0,0,0,0,0,132,180,forward,10454.46,-13,0,1.6987445937315968,101.43658889163547
10:36:02,1.698798,101.436637,0,0,0,0,0,0,0,0,132,180,forward,10454.46,-13,0,1.6987445937315968,101.43658889163547
10:36:04,1.698798,101.436637,0,0,0,0,0,0,0,0,132,180,forward,10454.46,-13,0,1.6987445937315968,101.43658889163547
10:36:07,1.698798,101.436637,0,0,0,0,0,0,0,0,132,180,forward,10454.46,-13,0,1.6987445937315968,101.43658889163547
10:36:09,1.698798,101.436637,0,0,0,0,0,0,0,0,132,180,forward,10454.46,-13,0,1.6987445937315968,101.43658889163547
10:36:11,1.698798,101.436637,0,0,0,0,0,0,0,0,132,180,forward,10454.46,-13,0,1.6987445937315968,101.43658889163547
10:36:13,1.698798,101.436637,0,0,0,0,0,0,0,0,132,180,forward,10454.46,-13,0,1.6987445937315968,101.43658889163547
10:36:15,1.698798,101.436637,0,0,0,0,0,0,0,0,132,180,forward,10454.46,-13,0,1.6987445937315968,101.43658889163547
10:36:17,1.698798,101.436637,0,0,0,0,0,0,0,0,132,180,forward,10454.46,-13,0,1.6987445937315968,101.43658889163547
10:36:19,1.698798,101.436637,0,0,0,0,0,0,0,0,132,180,forward,10454.46,-13,0,1.6987445937315968,101.43658889163547
10:36:21,1.698798,101.436637,0,0,0,0,0,0,0,0,132,180,forward,10454.46,-13,0,1.6987445937315968,101.43658889163547
10:36:24,1.698798,101.436637,0,0,0,0,0,0,0,0,132,180,forward,10454.46,-13,0,1.6987445937315968,101.43658889163547
10:36:26,1.698798,101.436637,0,0,0,0,0,0,0,0,132,180,forward,10454.46,-13,0,1.6987445937315968,101.43658889163547
10:36:28,1.698798,101.436637,0,0,0,0,0,0,0,0,132,180,forward,10454.46,-13,0,1.6987445937315968,101.43658889163547
10:36:30,1.698798,101.436637,0,0,0,0,0,0,0,0,132,180,forward,10454.46,-13,0,1.6987445937315968,101.43658889163547
10:36:32,1.698798,101.436637,0,0,0,0,0,0,0,0,132,180,forward,10454.46,-13,0,1.6987445937315968,101.43658889163547
10:36:34,1.698798,101.436637,0,0,0,0,0,0,0,0,132,180,forward,10454.46,-13,0,1.6987445937315968,101.43658889163547
10:36:36,1.698798,101.436637,0,0,0,0,0,0,0,0,132,180,forward,10454.46,-13,0,1.6987445937315968,101.43658889163547
10:36:38,1.698798,101.436637,0,0,0,0,0,0,0,0,132,180,forward,10454.46,-13,0,1.6987445937315968,101.43658889163547
10:36:41,1.698798,101.436637,0,0,0,0,0,0,0,0,132,180,forward,10454.46,-13,0,1.6987445937315968,101.43658889163547
10:36:43,1.698798,101.436637,0,0,0,0,0,0,0,0,132,180,forward,10454.46,-13,0,1.6987445937315968,101.43658889163547
10:36:45,1.698798,101.436637,0,0,0,0,0,0,0,0,132,180,forward,10454.46,-13,0,1.6987445937315968,101.43658889163547
10:36:47,1.698798,101.436637,0,0,0,0,0,0,0,0,132,180,forward,10454.46,-13,0,1.6987445937315968,101.43658889163547
10:36:49,1.698798,101.436637,0,0,0,0,0,0,0,0,132,180,forward,10454.46,-13,0,1.6987445937315968,101.43658889163547
10:36:52,1.698798,101.436637,0,0,0,0,0,0,0,0,132,180,forward,10454.46,-13,0,1.6987445937315968,101.43658889163547
10:36:54,1.698798,101.436637,0,0,0,0,0,0,0,0,132,180,forward,10454.46,-13,0,1.6987445937315968,101.43658889163547
10:36:56,1.698798,101.436637,0,0,0,0,0,0,0,0,132,180,forward,10454.46,-13,0,1.6987445937315968,101.43658889163547
10:36:58,1.698798,101.436637,0,0,0,0,0,0,0,0,132,180,forward,10454.46,-13,0,1.6987445937315968,101.43658889163547
10:37:00,1.698798,101.436637,0,0,0,0,0,0,0,0,132,180,forward,10454.46,-13,0,1.6987445937315968,101.43658889163547
10:37:02,1.698798,101.436637,0,0,0,0,0,0,0,0,132,180,forward,10454.46,-13,0,1.6987445937315968,101.43658889163547
10:37:05,1.698798,101.436637,0,0,0,0,0,0,0,0,132,180,forward,10454.46,-13,0,1.6987445937315968,101.43658889163547
10:37:07,1.698798,101.436637,0,0,0,0,0,0,0,0,132,180,forward,10454.46,-13,0,1.6987445937315968,101.43658889163547
10:37:09,1.698798,101.436637,0,0,0,0,0,0,0,0,132,180,forward,10454.46,-13,0,1.6987445937315968,101.43658889163547
10:37:11,1.698798,101.436637,0,0,0,0,0,0,0,0,132,180,forward,10454.46,-13,0,1.6987445937315968,101.43658889163547
10:37:13,1.698798,101.436637,0,0,0,0,0,0,0,0,132,180,forward,10454.46,-13,0,1.6987445937315968,101.43658889163547
10:37:15,1.698798,101.436637,0,0,0,0,0,0,0,0,132,180,forward,10454.46,-13,0,1.6987445937315968,101.43658889163547
10:37:17,1.698798,101.436637,0,0,0,0,0,0,0,0,132,180,forward,10454.46,-13,0,1.6987445937315968,101.43658889163547
10:37:19,1.698798,101.436637,0,0,0,0,0,0,0,0,132,180,forward,10454.46,-13,0,1.6987445937315968,101.43658889163547
10:37:22,1.698798,101.436637,0,0,0,0,0,0,0,0,132,180,forward,10454.46,-13,0,1.6987445937315968,101.43658889163547
10:37:24,1.698798,101.436637,0,0,0,0,0,0,0,0,132,180,forward,10454.46,-13,0,1.6987445937315968,101.43658889163547
10:37:26,1.698798,101.436637,0,0,0,0,0,0,0,0,132,180,forward,10454.46,-13,0,1.6987445937315968,101.43658889163547
10:37:28,1.698798,101.436637,0,0,0,0,0,0,0,0,132,180,forward,10454.46,-13,0,1.6987445937315968,101.43658889163547
10:37:30,1.698798,101.436637,0,0,0,0,0,0,0,0,132,180,forward,10454.46,-13,0,1.6987445937315968,101.43658889163547
10:37:33,1.698798,101.436637,0,0,0,0,0,0,0,0,132,180,forward,10454.46,-13,0,1.6987445937315968,101.43658889163547
10:37:35,1.698798,101.436637,0,0,0,0,0,0,0,0,132,180,forward,10454.46,-13,0,1.6987445937315968,101.43658889163547
10:37:37,1.698798,101.436637,0,0,0,0,0,0,0,0,132,180,forward,10454.46,-13,0,1.6987445937315968,101.43658889163547
10:37:39,1.698798,101.436637,0,0,0,0,0,0,0,0,132,180,forward,10454.46,-13,0,1.6987445937315968,101.43658889163547
10:37:41,1.698798,101.436637,0,0,0,0,0,0,0,0,132,180,forward,10454.46,-13,0,1.6987445937315968,101.43658889163547
10:37:44,1.698798,101.436637,0,0,0,0,0,0,0,0,132,180,forward,10454.46,-13,0,1.6987445937315968,101.43658889163547
10:37:46,1.698798,101.436637,0,0,0,0,0,0,0,0,132,180,forward,10454.46,-13,0,1.6987445937315968,101.43658889163547
10:37:48,1.698798,101.436637,0,0,0,0,0,0,0,0,132,180,forward,10454.46,-13,0,1.6987445937315968,101.43658889163547
10:37:50,1.698798,101.436637,0,0,0,0,0,0,0,0,132,180,forward,10454.46,-13,0,1.6987445937315968,101.43658889163547
10:37:52,1.698798,101.436637,0,0,0,0,0,0,0,0,132,180,forward,10454.46,-13,0,1.6987445937315968,101.43658889163547
10:37:54,1.698798,101.436637,0,0,0,0,0,0,0,0,132,180,forward,10454.46,-13,0,1.6987445937315968,101.43658889163547
10:37:57,1.698798,101.436637,0,0,0,0,0,0,0,0,132,180,forward,10454.46,-13,0,1.6987445937315968,101.43658889163547
10:37:59,1.698798,101.436637,0,0,0,0,0,0,0,0,132,180,forward,10454.46,-13,0,1.6987445937315968,101.43658889163547
10:38:01,1.698798,101.436637,0,0,0,0,0,0,0,0,132,180,forward,10454.46,-13,0,1.6987445937315968,101.43658889163547
10:38:03,1.698798,101.436637,0,0,0,0,0,0,0,0,132,180,forward,10454.46,-13,0,1.6987445937315968,101.43658889163547
10:38:05,1.698798,101.436637,0,0,0,0,0,0,0,0,132,180,forward,10454.46,-13,0,1.6987445937315968,101.43658889163547
10:38:07,1.698798,101.436637,0,0,0,0,0,0,0,0,132,180,forward,10454.46,-13,0,1.6987445937315968,101.43658889163547
10:38:10,1.698798,101.436637,0,0,0,0,0,0,0,0,132,180,forward,10454.46,-13,0,1.6987445937315968,101.43658889163547
10:38:12,1.698798,101.436637,0,0,0,0,0,0,0,0,132,180,forward,10454.46,-13,0,1.6987445937315968,101.43658889163547
10:38:14,1.698798,101.436637,0,0,0,0,0,0,0,0,132,180,forward,10454.46,-13,0,1.6987445937315968,101.43658889163547
10:38:16,1.698798,101.436637,0,0,0,0,0,0,0,0,132,180,forward,10454.46,-13,0,1.6987445937315968,101.43658889163547
10:38:18,1.698798,101.436637,0,0,0,0,0,0,0,0,132,180,forward,10454.46,-13,0,1.6987445937315968,101.43658889163547
10:38:20,1.698798,101.436637,0,0,0,0,0,0,0,0,132,180,forward,10454.46,-13,0,1.6987445937315968,101.43658889163547
10:38:23,1.698798,101.436637,0,0,0,0,0,0,0,0,132,180,forward,10454.46,-13,0,1.6987445937315968,101.43658889163547
10:38:25,1.698798,101.436637,0,0,0,0,0,0,0,0,132,180,forward,10454.46,-13,0,1.6987445937315968,101.43658889163547
10:38:27,1.698798,101.436637,0,0,0,0,0,0,0,0,132,180,forward,10454.46,-13,0,1.6987445937315968,101.43658889163547
10:38:29,1.698798,101.436637,0,0,0,0,0,0,0,0,132,180,forward,10454.46,-13,0,1.6987445937315968,101.43658889163547
10:38:31,1.698798,101.436637,0,0,0,0,0,0,0,0,132,180,forward,10454.46,-13,0,1.6987445937315968,101.43658889163547
10:38:33,1.698798,101.436637,0,0,0,0,0,0,0,0,132,180,forward,10454.46,-13,0,1.6987445937315968,101.43658889163547
10:38:36,1.698798,101.436637,0,0,0,0,0,0,0,0,132,180,forward,10454.46,-13,0,1.6987445937315968,101.43658889163547
10:38:38,1.698798,101.436637,0,0,0,0,0,0,0,0,132,180,forward,10454.46,-13,0,1.6987445937315968,101.43658889163547
10:38:40,1.698798,101.436637,0,0,0,0,0,0,0,0,132,180,forward,10454.46,-13,0,1.6987445937315968,101.43658889163547
10:38:42,1.698798,101.436637,0,0,0,0,0,0,0,0,132,180,forward,10454.46,-13,0,1.6987445937315968,101.43658889163547
10:38:44,1.698798,101.436637,0,0,0,0,0,0,0,0,132,180,forward,10454.46,-13,0,1.6987445937315968,101.43658889163547
10:38:47,1.698798,101.436637,0,0,0,0,0,0,0,0,132,180,forward,10454.46,-13,0,1.6987445937315968,101.43658889163547
10:38:49,1.698798,101.436637,0,0,0,0,0,0,0,0,132,180,forward,10454.46,-13,0,1.6987445937315968,101.43658889163547
10:38:51,1.698798,101.436637,0,0,0,0,0,0,0,0,132,180,forward,10454.46,-13,0,1.6987445937315968,101.43658889163547
10:38:53,1.698798,101.436637,0,0,0,0,0,0,0,0,132,180,forward,10454.46,-13,0,1.6987445937315968,101.43658889163547
10:38:55,1.698798,101.436637,0,0,0,0,0,0,0,0,132,180,forward,10454.46,-13,0,1.6987445937315968,101.43658889163547
10:38:58,1.698798,101.436637,0,0,0,0,0,0,0,0,132,180,forward,10454.46,-13,0,1.6987445937315968,101.43658889163547
10:39:00,1.698798,101.436637,0,0,0,0,0,0,0,0,132,180,forward,10454.46,-13,0,1.6987445937315968,101.43658889163547
10:39:02,1.698798,101.436637,0,0,0,0,0,0,0,0,132,180,forward,10454.46,-13,0,1.6987445937315968,101.43658889163547
10:39:04,1.698798,101.436637,0,0,0,0,0,0,0,0,132,180,forward,10454.46,-13,0,1.6987445937315968,101.43658889163547
10:39:06,1.698798,101.436637,0,0,0,0,0,0,0,0,132,180,forward,10454.46,-13,0,1.6987445937315968,101.43658889163547
10:39:09,1.698798,101.436637,0,0,0,0,0,0,0,0,132,180,forward,10454.46,-13,0,1.6987445937315968,101.43658889163547
10:39:11,1.698798,101.436637,0,0,0,0,0,0,0,0,132,180,forward,10454.46,-13,0,1.6987445937315968,101.43658889163547
10:39:13,1.698798,101.436637,0,0,0,0,0,0,0,0,132,180,forward,10454.46,-13,0,1.6987445937315968,101.43658889163547
10:39:15,1.698798,101.436637,0,0,0,0,0,0,0,0,132,180,forward,10454.46,-13,0,1.6987445937315968,101.43658889163547
10:39:17,1.698798,101.436637,0,0,0,0,0,0,0,0,132,180,forward,10454.46,-13,0,1.6987445937315968,101.43658889163547
10:39:20,1.698798,101.436637,0,0,0,0,0,0,0,0,132,180,forward,10454.46,-13,0,1.6987445937315968,101.43658889163547
10:39:22,1.698798,101.436637,0,0,0,0,0,0,0,0,132,180,forward,10454.46,-13,0,1.6987445937315968,101.43658889163547
10:39:24,1.698798,101.436637,0,0,0,0,0,0,0,0,132,180,forward,10454.46,-13,0,1.6987445937315968,101.43658889163547
10:39:26,1.698798,101.436637,0,0,0,0,0,0,0,0,132,180,forward,10454.46,-13,0,1.6987445937315968,101.43658889163547
10:39:28,1.698798,101.436637,0,0,0,0,0,0,0,0,132,180,forward,10454.46,-13,0,1.6987445937315968,101.43658889163547
10:39:30,1.698798,101.436637,0,0,0,0,0,0,0,0,132,180,forward,10454.46,-13,0,1.6987445937315968,101.43658889163547
10:39:33,1.698798,101.436637,0,0,0,0,0,0,0,0,132,180,forward,10454.46,-13,0,1.6987445937315968,101.43658889163547
10:39:35,1.698798,101.436637,0,0,0,0,0,0,0,0,132,180,forward,10454.46,-13,0,1.6987445937315968,101.43658889163547
10:39:37,1.698798,101.436637,0,0,0,0,0,0,0,0,132,180,forward,10454.46,-13,0,1.6987445937315968,101.43658889163547
10:39:39,1.698798,101.436637,0,0,0,0,0,0,0,0,132,180,forward,10454.46,-13,0,1.6987445937315968,101.43658889163547
10:39:41,1.698798,101.436637,0,0,0,0,0,0,0,0,132,180,forward,10454.46,-13,0,1.6987445937315968,101.43658889163547
10:39:43,1.698798,101.436637,0,0,0,0,0,0,0,0,132,180,forward,10454.46,-13,0,1.6987445937315968,101.43658889163547
10:39:46,1.698798,101.436637,0,0,0,0,0,0,0,0,132,180,forward,10454.46,-13,0,1.6987445937315968,101.43658889163547
10:39:48,1.698798,101.436637,0,0,0,0,0,0,0,0,132,180,forward,10454.46,-13,0,1.6987445937315968,101.43658889163547
10:39:50,1.698798,101.436637,0,0,0,0,0,0,0,0,132,180,forward,10454.46,-13,0,1.6987445937315968,101.43658889163547
10:39:52,1.698798,101.436637,0,0,0,0,0,0,0,0,132,180,forward,10454.46,-13,0,1.6987445937315968,101.43658889163547
10:39:54,1.698798,101.436637,0,0,0,0,0,0,0,0,132,180,forward,10454.46,-13,0,1.6987445937315968,101.43658889163547
10:39:56,1.698798,101.436637,0,0,0,0,0,0,0,0,132,180,forward,10454.46,-13,0,1.6987445937315968,101.43658889163547
10:39:59,1.698798,101.436637,0,0,0,0,0,0,0,0,132,180,forward,10454.46,-13,0,1.6987445937315968,101.43658889163547
10:40:01,1.698798,101.436637,0,0,0,0,0,0,0,0,132,180,forward,10454.46,-13,0,1.6987445937315968,101.43658889163547
10:40:03,1.698798,101.436637,0,0,0,0,0,0,0,0,132,180,forward,10454.46,-13,0,1.6987445937315968,101.43658889163547
10:40:05,1.698798,101.436637,0,0,0,0,0,0,0,0,132,180,forward,10454.46,-13,0,1.6987445937315968,101.43658889163547
10:40:07,1.698798,101.436637,0,0,0,0,0,0,0,0,132,180,forward,10454.46,-13,0,1.6987445937315968,101.43658889163547
10:40:10,1.698798,101.436637,0,0,0,0,0,0,0,0,132,180,forward,10454.46,-13,0,1.6987445937315968,101.43658889163547
10:40:12,1.698798,101.436637,0,0,0,0,0,0,0,0,132,180,forward,10454.46,-13,0,1.6987445937315968,101.43658889163547
10:40:14,1.698798,101.436637,0,0,0,0,0,0,0,0,132,180,forward,10454.46,-13,0,1.6987445937315968,101.43658889163547
10:40:16,1.698798,101.436637,0,0,0,0,0,0,0,0,132,180,forward,10454.46,-13,0,1.6987445937315968,101.43658889163547
10:40:18,1.698798,101.436637,0,0,0,0,0,0,0,0,132,180,forward,10454.46,-13,0,1.6987445937315968,101.43658889163547
10:40:21,1.698798,101.436637,0,0,0,0,0,0,0,0,132,180,forward,10454.46,-13,0,1.6987445937315968,101.43658889163547
10:40:23,1.698798,101.436637,0,0,0,0,0,0,0,0,132,180,forward,10454.46,-13,0,1.6987445937315968,101.43658889163547
10:40:25,1.698798,101.436637,0,0,0,0,0,0,0,0,132,180,forward,10454.46,-13,0,1.6987445937315968,101.43658889163547
10:40:27,1.698798,101.436637,0,0,0,0,0,0,0,0,132,180,forward,10454.46,-13,0,1.6987445937315968,101.43658889163547
10:40:29,1.698798,101.436637,0,0,0,0,0,0,0,0,132,180,forward,10454.46,-13,0,1.6987445937315968,101.43658889163547
10:40:31,1.698798,101.436637,0,0,0,0,0,0,0,0,132,180,forward,10454.46,-13,0,1.6987445937315968,101.43658889163547
10:40:34,1.698798,101.436637,0,0,0,0,0,0,0,0,132,180,forward,10454.46,-13,0,1.6987445937315968,101.43658889163547
10:40:36,1.698798,101.436637,0,0,0,0,0,0,0,0,132,180,forward,10454.46,-13,0,1.6987445937315968,101.43658889163547
10:40:38,1.698798,101.436637,0,0,0,0,0,0,0,0,132,180,forward,10454.46,-13,0,1.6987445937315968,101.43658889163547
10:40:40,1.698798,101.436637,0,0,0,0,0,0,0,0,132,180,forward,10454.46,-13,0,1.6987445937315968,101.43658889163547
10:40:42,1.698798,101.436637,0,0,0,0,0,0,0,0,132,180,forward,10454.46,-13,0,1.6987445937315968,101.43658889163547
10:40:44,1.698798,101.436637,0,0,0,0,0,0,0,0,132,180,forward,10454.46,-13,0,1.6987445937315968,101.43658889163547
10:40:46,1.698798,101.436637,0,0,0,0,0,0,0,0,132,180,forward,10454.46,-13,0,1.6987445937315968,101.43658889163547
10:40:49,1.698798,101.436637,0,0,0,0,0,0,0,0,132,180,forward,10454.46,-13,0,1.6987445937315968,101.43658889163547
10:40:51,1.698798,101.436637,0,0,0,0,0,0,0,0,132,180,forward,10454.46,-13,0,1.6987445937315968,101.43658889163547
10:40:53,1.698798,101.436637,0,0,0,0,0,0,0,0,132,180,forward,10454.46,-13,0,1.6987445937315968,101.43658889163547
10:40:55,1.698798,101.436637,0,0,0,0,0,0,0,0,132,180,forward,10454.46,-13,0,1.6987445937315968,101.43658889163547
10:40:57,1.698798,101.436637,0,0,0,0,0,0,0,0,132,180,forward,10454.46,-13,0,1.6987445937315968,101.43658889163547
10:40:59,1.698798,101.436637,0,0,0,0,0,0,0,0,132,180,forward,10454.46,-13,0,1.6987445937315968,101.43658889163547
10:41:01,1.698798,101.436637,0,0,0,0,0,0,0,0,132,180,forward,10454.46,-13,0,1.6987445937315968,101.43658889163547
10:41:04,1.698798,101.436637,0,0,0,0,0,0,0,0,132,180,forward,10454.46,-13,0,1.6987445937315968,101.43658889163547
10:41:06,1.698798,101.436637,0,0,0,0,0,0,0,0,132,180,forward,10454.46,-13,0,1.6987445937315968,101.43658889163547
10:41:08,1.698798,101.436637,0,0,0,0,0,0,0,0,132,180,forward,10454.46,-13,0,1.6987445937315968,101.43658889163547
10:41:10,1.698798,101.436637,0,0,0,0,0,0,0,0,132,180,forward,10454.46,-13,0,1.6987445937315968,101.43658889163547
10:41:12,1.698798,101.436637,0,0,0,0,0,0,0,0,132,180,forward,10454.46,-13,0,1.6987445937315968,101.43658889163547
10:41:14,1.698798,101.436637,0,0,0,0,0,0,0,0,132,180,forward,10454.46,-13,0,1.6987445937315968,101.43658889163547
10:41:17,1.698798,101.436637,0,0,0,0,0,0,0,0,132,180,forward,10454.46,-13,0,1.6987445937315968,101.43658889163547
10:41:19,1.698798,101.436637,0,0,0,0,0,0,0,0,132,180,forward,10454.46,-13,0,1.6987445937315968,101.43658889163547
10:41:21,1.698798,101.436637,0,0,0,0,0,0,0,0,132,180,forward,10454.46,-13,0,1.6987445937315968,101.43658889163547
10:41:23,1.698798,101.436637,0,0,0,0,0,0,0,0,132,180,forward,10454.46,-13,0,1.6987445937315968,101.43658889163547
10:41:25,1.698798,101.436637,0,0,0,0,0,0,0,0,132,180,forward,10454.46,-13,0,1.6987445937315968,101.43658889163547
10:41:27,1.698798,101.436637,0,0,0,0,0,0,0,0,132,180,forward,10454.46,-13,0,1.6987445937315968,101.43658889163547
10:41:29,1.698798,101.436637,0,0,0,0,0,0,0,0,132,180,forward,10454.46,-13,0,1.6987445937315968,101.43658889163547
10:41:31,1.698798,101.436637,0,0,0,0,0,0,0,0,132,180,forward,10454.46,-13,0,1.6987445937315968,101.43658889163547
10:41:34,1.698798,101.436637,0,0,0,0,0,0,0,0,132,180,forward,10454.46,-13,0,1.6987445937315968,101.43658889163547
10:41:36,1.698798,101.436637,0,0,0,0,0,0,0,0,132,180,forward,10454.46,-13,0,1.6987445937315968,101.43658889163547
10:41:38,1.698798,101.436637,0,0,0,0,0,0,0,0,132,180,forward,10454.46,-13,0,1.6987445937315968,101.43658889163547
10:41:40,1.698798,101.436637,0,0,0,0,0,0,0,0,132,180,forward,10454.46,-13,0,1.6987445937315968,101.43658889163547
10:41:42,1.698798,101.436637,0,0,0,0,0,0,0,0,132,180,forward,10454.46,-13,0,1.6987445937315968,101.43658889163547
10:41:44,1.698798,101.436637,0,0,0,0,0,0,0,0,132,180,forward,10454.46,-13,0,1.6987445937315968,101.43658889163547
10:41:46,1.698798,101.436637,0,0,0,0,0,0,0,0,132,180,forward,10454.46,-13,0,1.6987445937315968,101.43658889163547
10:41:49,1.698798,101.436637,0,0,0,0,0,0,0,0,132,180,forward,10454.46,-13,0,1.6987445937315968,101.43658889163547
10:41:51,1.698798,101.436637,0,0,0,0,0,0,0,0,132,180,forward,10454.46,-13,0,1.6987445937315968,101.43658889163547
10:41:53,1.698798,101.436637,0,0,0,0,0,0,0,0,132,180,forward,10454.46,-13,0,1.6987445937315968,101.43658889163547
10:41:55,1.698798,101.436637,0,0,0,0,0,0,0,0,132,180,forward,10454.46,-13,0,1.6987445937315968,101.43658889163547
10:41:57,1.698798,101.436637,0,0,0,0,0,0,0,0,132,180,forward,10454.46,-13,0,1.6987445937315968,101.43658889163547
10:42:00,1.698798,101.436637,0,0,0,0,0,0,0,0,132,180,forward,10454.46,-13,0,1.6987445937315968,101.43658889163547
10:42:02,1.698798,101.436637,0,0,0,0,0,0,0,0,132,180,forward,10454.46,-13,0,1.6987445937315968,101.43658889163547
10:42:04,1.698798,101.436637,0,0,0,0,0,0,0,0,132,180,forward,10454.46,-13,0,1.6987445937315968,101.43658889163547
10:42:06,1.698798,101.436637,0,0,0,0,0,0,0,0,132,180,forward,10454.46,-13,0,1.6987445937315968,101.43658889163547
10:42:08,1.698798,101.436637,0,0,0,0,0,0,0,0,132,180,forward,10454.46,-13,0,1.6987445937315968,101.43658889163547
10:42:10,1.698798,101.436637,0,0,0,0,0,0,0,0,132,180,forward,10454.46,-13,0,1.6987445937315968,101.43658889163547
10:42:12,1.698798,101.436637,0,0,0,0,0,0,0,0,132,180,forward,10454.46,-13,0,1.6987445937315968,101.43658889163547
10:42:15,1.698798,101.436637,0,0,0,0,0,0,0,0,132,180,forward,10454.46,-13,0,1.6987445937315968,101.43658889163547
10:42:17,1.698798,101.436637,0,0,0,0,0,0,0,0,132,180,forward,10454.46,-13,0,1.6987445937315968,101.43658889163547
10:42:19,1.698798,101.436637,0,0,0,0,0,0,0,0,132,180,forward,10454.46,-13,0,1.6987445937315968,101.43658889163547
10:42:21,1.698798,101.436637,0,0,0,0,0,0,0,0,132,180,forward,10454.46,-13,0,1.6987445937315968,101.43658889163547
10:42:23,1.698798,101.436637,0,0,0,0,0,0,0,0,132,180,forward,10454.46,-13,0,1.6987445937315968,101.43658889163547
10:42:25,1.698798,101.436637,0,0,0,0,0,0,0,0,132,180,forward,10454.46,-13,0,1.6987445937315968,101.43658889163547
10:42:27,1.698798,101.436637,0,0,0,0,0,0,0,0,132,180,forward,10454.46,-13,0,1.6987445937315968,101.43658889163547
10:42:30,1.698798,101.436637,0,0,0,0,0,0,0,0,132,180,forward,10454.46,-13,0,1.6987445937315968,101.43658889163547
10:42:32,1.698798,101.436637,0,0,0,0,0,0,0,0,132,180,forward,10454.46,-13,0,1.6987445937315968,101.43658889163547
10:42:34,1.698798,101.436637,0,0,0,0,0,0,0,0,132,180,forward,10454.46,-13,0,1.6987445937315968,101.43658889163547
10:42:36,1.698798,101.436637,0,0,0,0,0,0,0,0,132,180,forward,10454.46,-13,0,1.6987445937315968,101.43658889163547
10:42:38,1.698798,101.436637,0,0,0,0,0,0,0,0,132,180,forward,10454.46,-13,0,1.6987445937315968,101.43658889163547
10:42:40,1.698798,101.436637,0,0,0,0,0,0,0,0,132,180,forward,10454.46,-13,0,1.6987445937315968,101.43658889163547
10:42:42,1.698798,101.436637,0,0,0,0,0,0,0,0,132,180,forward,10454.46,-13,0,1.6987445937315968,101.43658889163547
10:42:45,1.698798,101.436637,0,0,0,0,0,0,0,0,132,180,forward,10454.46,-13,0,1.6987445937315968,101.43658889163547
10:42:47,1.698798,101.436637,0,0,0,0,0,0,0,0,132,180,forward,10454.46,-13,0,1.6987445937315968,101.43658889163547
10:42:49,1.698798,101.436637,0,0,0,0,0,0,0,0,132,180,forward,10454.46,-13,0,1.6987445937315968,101.43658889163547
10:42:51,1.698798,101.436637,0,0,0,0,0,0,0,0,132,180,forward,10454.46,-13,0,1.6987445937315968,101.43658889163547
10:42:53,1.698798,101.436637,0,0,0,0,0,0,0,0,132,180,forward,10454.46,-13,0,1.6987445937315968,101.43658889163547
10:42:56,1.698798,101.436637,0,0,0,0,0,0,0,0,132,180,forward,10454.46,-13,0,1.6987445937315968,101.43658889163547
10:42:58,1.698798,101.436637,0,0,0,0,0,0,0,0,132,180,forward,10454.46,-13,0,1.6987445937315968,101.43658889163547
10:43:00,1.698798,101.436637,0,0,0,0,0,0,0,0,132,180,forward,10454.46,-13,0,1.6987445937315968,101.43658889163547
10:43:02,1.698798,101.436637,0,0,0,0,0,0,0,0,132,180,forward,10454.46,-13,0,1.6987445937315968,101.43658889163547
10:43:04,1.698798,101.436637,0,0,0,0,0,0,0,0,132,180,forward,10454.46,-13,0,1.6987445937315968,101.43658889163547
10:43:06,1.698798,101.436637,0,0,0,0,0,0,0,0,132,180,forward,10454.46,-13,0,1.6987445937315968,101.43658889163547
10:43:09,1.698798,101.436637,0,0,0,0,0,0,0,0,132,180,forward,10454.46,-13,0,1.6987445937315968,101.43658889163547
10:43:11,1.698798,101.436637,0,0,0,0,0,0,0,0,132,180,forward,10454.46,-13,0,1.6987445937315968,101.43658889163547
10:43:13,1.698798,101.436637,0,0,0,0,0,0,0,0,132,180,forward,10454.46,-13,0,1.6987445937315968,101.43658889163547
10:43:15,1.698798,101.436637,0,0,0,0,0,0,0,0,132,180,forward,10454.46,-13,0,1.6987445937315968,101.43658889163547
10:43:17,1.698798,101.436637,0,0,0,0,0,0,0,0,132,180,forward,10454.46,-13,0,1.6987445937315968,101.43658889163547
10:43:19,1.698798,101.436637,0,0,0,0,0,0,0,0,132,180,forward,10454.46,-13,0,1.6987445937315968,101.43658889163547
10:43:22,1.698798,101.436637,0,0,0,0,0,0,0,0,132,180,forward,10454.46,-13,0,1.6987445937315968,101.43658889163547
10:43:24,1.698798,101.436637,0,0,0,0,0,0,0,0,132,180,forward,10454.46,-13,0,1.6987445937315968,101.43658889163547
10:43:26,1.698798,101.436637,0,0,0,0,0,0,0,0,132,180,forward,10454.46,-13,0,1.6987445937315968,101.43658889163547
10:43:28,1.698798,101.436637,0,0,0,0,0,0,0,0,132,180,forward,10454.46,-13,0,1.6987445937315968,101.43658889163547
10:43:30,1.698798,101.436637,0,0,0,0,0,0,0,0,132,180,forward,10454.46,-13,0,1.6987445937315968,101.43658889163547
10:43:32,1.698798,101.436637,0,0,0,0,0,0,0,0,132,180,forward,10454.46,-13,0,1.6987445937315968,101.43658889163547
10:43:35,1.698798,101.436637,0,0,0,0,0,0,0,0,132,180,forward,10454.46,-13,0,1.6987445937315968,101.43658889163547
10:43:37,1.698798,101.436637,0,0,0,0,0,0,0,0,132,180,forward,10454.46,-13,0,1.6987445937315968,101.43658889163547
10:43:39,1.698798,101.436637,0,0,0,0,0,0,0,0,132,180,forward,10454.46,-13,0,1.6987445937315968,101.43658889163547
10:43:41,1.698798,101.436637,0,0,0,0,0,0,0,0,132,180,forward,10454.46,-13,0,1.6987445937315968,101.43658889163547
10:43:43,1.698798,101.436637,0,0,0,0,0,0,0,0,132,180,forward,10454.46,-13,0,1.6987445937315968,101.43658889163547
10:43:45,1.698798,101.436637,0,0,0,0,0,0,0,0,132,180,forward,10454.46,-13,0,1.6987445937315968,101.43658889163547
10:43:47,1.698798,101.436637,0,0,0,0,0,0,0,0,132,180,forward,10454.46,-13,0,1.6987445937315968,101.43658889163547
10:43:50,1.698798,101.436637,0,0,0,0,0,0,0,0,132,180,forward,10454.46,-13,0,1.6987445937315968,101.43658889163547
10:43:52,1.698798,101.436637,0,0,0,0,0,0,0,0,132,180,forward,10454.46,-13,0,1.6987445937315968,101.43658889163547
10:43:54,1.698798,101.436637,0,0,0,0,0,0,0,0,132,180,forward,10454.46,-13,0,1.6987445937315968,101.43658889163547
10:43:56,1.698798,101.436637,0,0,0,0,0,0,0,0,132,180,forward,10454.46,-13,0,1.6987445937315968,101.43658889163547
10:43:58,1.698798,101.436637,0,0,0,0,0,0,0,0,132,180,forward,10454.46,-13,0,1.6987445937315968,101.43658889163547
10:44:00,1.698798,101.436637,0,0,0,0,0,0,0,0,132,180,forward,10454.46,-13,0,1.6987445937315968,101.43658889163547
10:44:02,1.698798,101.436637,0,0,0,0,0,0,0,0,132,180,forward,10454.46,-13,0,1.6987445937315968,101.43658889163547
10:44:05,1.698798,101.436637,0,0,0,0,0,0,0,0,132,180,forward,10454.46,-13,0,1.6987445937315968,101.43658889163547
10:44:07,1.698798,101.436637,0,0,0,0,0,0,0,0,132,180,forward,10454.46,-13,0,1.6987445937315968,101.43658889163547
10:44:09,1.698798,101.436637,0,0,0,0,0,0,0,0,132,180,forward,10454.46,-13,0,1.6987445937315968,101.43658889163547
10:44:11,1.698798,101.436637,0,0,0,0,0,0,0,0,132,180,forward,10454.46,-13,0,1.6987445937315968,101.43658889163547
10:44:13,1.698798,101.436637,0,0,0,0,0,0,0,0,132,180,forward,10454.46,-13,0,1.6987445937315968,101.43658889163547
10:44:16,1.698798,101.436637,0,0,0,0,0,0,0,0,132,180,forward,10454.46,-13,0,1.6987445937315968,101.43658889163547
10:44:18,1.698798,101.436637,0,0,0,0,0,0,0,0,132,180,forward,10454.46,-13,0,1.6987445937315968,101.43658889163547
10:44:20,1.698798,101.436637,0,0,0,0,0,0,0,0,132,180,forward,10454.46,-13,0,1.6987445937315968,101.43658889163547
10:44:22,1.698798,101.436637,0,0,0,0,0,0,0,0,132,180,forward,10454.46,-13,0,1.6987445937315968,101.43658889163547
10:44:24,1.698798,101.436637,0,0,0,0,0,0,0,0,132,180,forward,10454.46,-13,0,1.6987445937315968,101.43658889163547
10:44:26,1.698798,101.436637,0,0,0,0,0,0,0,0,132,180,forward,10454.46,-13,0,1.6987445937315968,101.43658889163547
10:44:29,1.698798,101.436637,0,0,0,0,0,0,0,0,132,180,forward,10454.46,-13,0,1.6987445937315968,101.43658889163547
10:44:31,1.698798,101.436637,0,0,0,0,0,0,0,0,132,180,forward,10454.46,-13,0,1.6987445937315968,101.43658889163547
10:44:33,1.698798,101.436637,0,0,0,0,0,0,0,0,132,180,forward,10454.46,-13,0,1.6987445937315968,101.43658889163547
10:44:35,1.698798,101.436637,0,0,0,0,0,0,0,0,132,180,forward,10454.46,-13,0,1.6987445937315968,101.43658889163547
10:44:37,1.698798,101.436637,0,0,0,0,0,0,0,0,132,180,forward,10454.46,-13,0,1.6987445937315968,101.43658889163547
10:44:39,1.698798,101.436637,0,0,0,0,0,0,0,0,132,180,forward,10454.46,-13,0,1.6987445937315968,101.43658889163547
10:44:41,1.698798,101.436637,0,0,0,0,0,0,0,0,132,180,forward,10454.46,-13,0,1.6987445937315968,101.43658889163547
10:44:44,1.698798,101.436637,0,0,0,0,0,0,0,0,132,180,forward,10454.46,-13,0,1.6987445937315968,101.43658889163547
10:44:46,1.698798,101.436637,0,0,0,0,0,0,0,0,132,180,forward,10454.46,-13,0,1.6987445937315968,101.43658889163547
10:44:48,1.698798,101.436637,0,0,0,0,0,0,0,0,132,180,forward,10454.46,-13,0,1.6987445937315968,101.43658889163547
10:44:50,1.698798,101.436637,0,0,0,0,0,0,0,0,132,180,forward,10454.46,-13,0,1.6987445937315968,101.43658889163547
10:44:52,1.698798,101.436637,0,0,0,0,0,0,0,0,132,180,forward,10454.46,-13,0,1.6987445937315968,101.43658889163547
10:44:54,1.698798,101.436637,0,0,0,0,0,0,0,0,132,180,forward,10454.46,-13,0,1.6987445937315968,101.43658889163547
10:44:57,1.698798,101.436637,0,0,0,0,0,0,0,0,132,180,forward,10454.46,-13,0,1.6987445937315968,101.43658889163547
10:44:59,1.698798,101.436637,0,0,0,0,0,0,0,0,132,180,forward,10454.46,-13,0,1.6987445937315968,101.43658889163547
10:45:01,1.698798,101.436637,0,0,0,0,0,0,0,0,132,180,forward,10454.46,-13,0,1.6987445937315968,101.43658889163547
10:45:03,1.698798,101.436637,0,0,0,0,0,0,0,0,132,180,forward,10454.46,-13,0,1.6987445937315968,101.43658889163547
10:45:05,1.698798,101.436637,0,0,0,0,0,0,0,0,132,180,forward,10454.46,-13,0,1.6987445937315968,101.43658889163547
10:45:07,1.698798,101.436637,0,0,0,0,0,0,0,0,132,180,forward,10454.46,-13,0,1.6987445937315968,101.43658889163547
10:45:09,1.698798,101.436637,0,0,0,0,0,0,0,0,132,180,forward,10454.46,-13,0,1.6987445937315968,101.43658889163547
10:45:12,1.698798,101.436637,0,0,0,0,0,0,0,0,132,180,forward,10454.46,-13,0,1.6987445937315968,101.43658889163547
10:45:14,1.698798,101.436637,0,0,0,0,0,0,0,0,132,180,forward,10454.46,-13,0,1.6987445937315968,101.43658889163547
10:45:16,1.698798,101.436637,0,0,0,0,0,0,0,0,132,180,forward,10454.46,-13,0,1.6987445937315968,101.43658889163547
10:45:18,1.698798,101.436637,0,0,0,0,0,0,0,0,132,180,forward,10454.46,-13,0,1.6987445937315968,101.43658889163547
10:45:20,1.698798,101.436637,0,0,0,0,0,0,0,0,132,180,forward,10454.46,-13,0,1.6987445937315968,101.43658889163547
10:45:22,1.698798,101.436637,0,0,0,0,0,0,0,0,132,180,forward,10454.46,-13,0,1.6987445937315968,101.43658889163547
10:45:24,1.698798,101.436637,0,0,0,0,0,0,0,0,132,180,forward,10454.46,-13,0,1.6987445937315968,101.43658889163547
10:45:27,1.698798,101.436637,0,0,0,0,0,0,0,0,132,180,forward,10454.46,-13,0,1.6987445937315968,101.43658889163547
10:45:29,1.698798,101.436637,0,0,0,0,0,0,0,0,132,180,forward,10454.46,-13,0,1.6987445937315968,101.43658889163547
10:45:31,1.698798,101.436637,0,0,0,0,0,0,0,0,132,180,forward,10454.46,-13,0,1.6987445937315968,101.43658889163547
10:45:33,1.698798,101.436637,0,0,0,0,0,0,0,0,132,180,forward,10454.46,-13,0,1.6987445937315968,101.43658889163547
10:45:35,1.698798,101.436637,0,0,0,0,0,0,0,0,132,180,forward,10454.46,-13,0,1.6987445937315968,101.43658889163547
10:45:37,1.698798,101.436637,0,0,0,0,0,0,0,0,132,180,forward,10454.46,-13,0,1.6987445937315968,101.43658889163547
10:45:39,1.698798,101.436637,0,0,0,0,0,0,0,0,132,180,forward,10454.46,-13,0,1.6987445937315968,101.43658889163547
10:45:42,1.698798,101.436637,0,0,0,0,0,0,0,0,132,180,forward,10454.46,-13,0,1.6987445937315968,101.43658889163547
10:45:44,1.698798,101.436637,0,0,0,0,0,0,0,0,132,180,forward,10454.46,-13,0,1.6987445937315968,101.43658889163547
10:45:46,1.698798,101.436637,0,0,0,0,0,0,0,0,132,180,forward,10454.46,-13,0,1.6987445937315968,101.43658889163547
10:45:48,1.698798,101.436637,0,0,0,0,0,0,0,0,132,180,forward,10454.46,-13,0,1.6987445937315968,101.43658889163547
10:45:50,1.698798,101.436637,0,0,0,0,0,0,0,0,132,180,forward,10454.46,-13,0,1.6987445937315968,101.43658889163547
10:45:53,1.698798,101.436637,0,0,0,0,0,0,0,0,132,180,forward,10454.46,-13,0,1.6987445937315968,101.43658889163547
10:45:55,1.698798,101.436637,0,0,0,0,0,0,0,0,132,180,forward,10454.46,-13,0,1.6987445937315968,101.43658889163547
10:45:57,1.698798,101.436637,0,0,0,0,0,0,0,0,132,180,forward,10454.46,-13,0,1.6987445937315968,101.43658889163547
10:45:59,1.698798,101.436637,0,0,0,0,0,0,0,0,132,180,forward,10454.46,-13,0,1.6987445937315968,101.43658889163547
10:46:01,1.698798,101.436637,0,0,0,0,0,0,0,0,132,180,forward,10454.46,-13,0,1.6987445937315968,101.43658889163547
10:46:04,1.698798,101.436637,0,0,0,0,0,0,0,0,132,180,forward,10454.46,-13,0,1.6987445937315968,101.43658889163547
10:46:06,1.698798,101.436637,0,0,0,0,0,0,0,0,132,180,forward,10454.46,-13,0,1.6987445937315968,101.43658889163547
10:46:08,1.698798,101.436637,0,0,0,0,0,0,0,0,132,180,forward,10454.46,-13,0,1.6987445937315968,101.43658889163547
10:46:10,1.698798,101.436637,0,0,0,0,0,0,0,0,132,180,forward,10454.46,-13,0,1.6987445937315968,101.43658889163547
10:46:12,1.698798,101.436637,0,0,0,0,0,0,0,0,132,180,forward,10454.46,-13,0,1.6987445937315968,101.43658889163547
10:46:14,1.698798,101.436637,0,0,0,0,0,0,0,0,132,180,forward,10454.46,-13,0,1.6987445937315968,101.43658889163547
10:46:16,1.698798,101.436637,0,0,0,0,0,0,0,0,132,180,forward,10454.46,-13,0,1.6987445937315968,101.43658889163547
10:46:19,1.698798,101.436637,0,0,0,0,0,0,0,0,132,180,forward,10454.46,-13,0,1.6987445937315968,101.43658889163547
10:46:21,1.698798,101.436637,0,0,0,0,0,0,0,0,132,180,forward,10454.46,-13,0,1.6987445937315968,101.43658889163547
10:46:23,1.698798,101.436637,0,0,0,0,0,0,0,0,132,180,forward,10454.46,-13,0,1.6987445937315968,101.43658889163547
10:46:25,1.698798,101.436637,0,0,0,0,0,0,0,0,132,180,forward,10454.46,-13,0,1.6987445937315968,101.43658889163547
10:46:27,1.698798,101.436637,0,0,0,0,0,0,0,0,132,180,forward,10454.46,-13,0,1.6987445937315968,101.43658889163547
10:46:29,1.698798,101.436637,0,0,0,0,0,0,0,0,132,180,forward,10454.46,-13,0,1.6987445937315968,101.43658889163547
10:46:31,1.698798,101.436637,0,0,0,0,0,0,0,0,132,180,forward,10454.46,-13,0,1.6987445937315968,101.43658889163547
10:46:33,1.698798,101.436637,0,0,0,0,0,0,0,0,132,180,forward,10454.46,-13,0,1.6987445937315968,101.43658889163547
10:46:35,1.698798,101.436637,0,0,0,0,0,0,0,0,132,180,forward,10454.46,-13,0,1.6987445937315968,101.43658889163547
10:46:38,1.698798,101.436637,0,0,0,0,0,0,0,0,132,180,forward,10454.46,-13,0,1.6987445937315968,101.43658889163547
10:46:40,1.698798,101.436637,0,0,0,0,0,0,0,0,132,180,forward,10454.46,-13,0,1.6987445937315968,101.43658889163547
10:46:42,1.698798,101.436637,0,0,0,0,0,0,0,0,132,180,forward,10454.46,-13,0,1.6987445937315968,101.43658889163547
10:46:44,1.698798,101.436637,0,0,0,0,0,0,0,0,132,180,forward,10454.46,-13,0,1.6987445937315968,101.43658889163547
10:46:46,1.698798,101.436637,0,0,0,0,0,0,0,0,132,180,forward,10454.46,-13,0,1.6987445937315968,101.43658889163547
10:46:49,1.698798,101.436637,0,0,0,0,0,0,0,0,132,180,forward,10454.46,-13,0,1.6987445937315968,101.43658889163547
10:46:51,1.698798,101.436637,0,0,0,0,0,0,0,0,132,180,forward,10454.46,-13,0,1.6987445937315968,101.43658889163547
10:46:53,1.698798,101.436637,0,0,0,0,0,0,0,0,132,180,forward,10454.46,-13,0,1.6987445937315968,101.43658889163547
10:46:55,1.698798,101.436637,0,0,0,0,0,0,0,0,132,180,forward,10454.46,-13,0,1.6987445937315968,101.43658889163547
10:46:57,1.698798,101.436637,0,0,0,0,0,0,0,0,132,180,forward,10454.46,-13,0,1.6987445937315968,101.43658889163547
10:46:59,1.698798,101.436637,0,0,0,0,0,0,0,0,132,180,forward,10454.46,-13,0,1.6987445937315968,101.43658889163547
10:47:01,1.698798,101.436637,0,0,0,0,0,0,0,0,132,180,forward,10454.46,-13,0,1.6987445937315968,101.43658889163547
10:47:03,1.698798,101.436637,0,0,0,0,0,0,0,0,132,180,forward,10454.46,-13,0,1.6987445937315968,101.43658889163547
10:47:05,1.698798,101.436637,0,0,0,0,0,0,0,0,132,180,forward,10454.46,-13,0,1.6987445937315968,101.43658889163547
10:47:08,1.698798,101.436637,0,0,0,0,0,0,0,0,132,180,forward,10454.46,-13,0,1.6987445937315968,101.43658889163547
10:47:10,1.698798,101.436637,0,0,0,0,0,0,0,0,132,180,forward,10454.46,-13,0,1.6987445937315968,101.43658889163547
10:47:12,1.698798,101.436637,0,0,0,0,0,0,0,0,132,180,forward,10454.46,-13,0,1.6987445937315968,101.43658889163547
10:47:14,1.698798,101.436637,0,0,0,0,0,0,0,0,132,180,forward,10454.46,-13,0,1.6987445937315968,101.43658889163547
10:47:16,1.698798,101.436637,0,0,0,0,0,0,0,0,132,180,forward,10454.46,-13,0,1.6987445937315968,101.43658889163547
10:47:19,1.698798,101.436637,0,0,0,0,0,0,0,0,132,180,forward,10454.46,-13,0,1.6987445937315968,101.43658889163547
10:47:21,1.698798,101.436637,0,0,0,0,0,0,0,0,132,180,forward,10454.46,-13,0,1.6987445937315968,101.43658889163547
10:47:23,1.698798,101.436637,0,0,0,0,0,0,0,0,132,180,forward,10454.46,-13,0,1.6987445937315968,101.43658889163547
10:47:25,1.698798,101.436637,0,0,0,0,0,0,0,0,132,180,forward,10454.46,-13,0,1.6987445937315968,101.43658889163547
10:47:27,1.698798,101.436637,0,0,0,0,0,0,0,0,132,180,forward,10454.46,-13,0,1.6987445937315968,101.43658889163547
10:47:29,1.698798,101.436637,0,0,0,0,0,0,0,0,132,180,forward,10454.46,-13,0,1.6987445937315968,101.43658889163547
10:47:31,1.698798,101.436637,0,0,0,0,0,0,0,0,132,180,forward,10454.46,-13,0,1.6987445937315968,101.43658889163547
10:47:33,1.698798,101.436637,0,0,0,0,0,0,0,0,132,180,forward,10454.46,-13,0,1.6987445937315968,101.43658889163547
10:47:35,1.698798,101.436637,0,0,0,0,0,0,0,0,132,180,forward,10454.46,-13,0,1.6987445937315968,101.43658889163547
10:47:37,1.698798,101.436637,0,0,0,0,0,0,0,0,132,180,forward,10454.46,-13,0,1.6987445937315968,101.43658889163547
10:47:40,1.698798,101.436637,0,0,0,0,0,0,0,0,132,180,forward,10454.46,-13,0,1.6987445937315968,101.43658889163547
10:47:42,1.698798,101.436637,0,0,0,0,0,0,0,0,132,180,forward,10454.46,-13,0,1.6987445937315968,101.43658889163547
10:47:44,1.698798,101.436637,0,0,0,0,0,0,0,0,132,180,forward,10454.46,-13,0,1.6987445937315968,101.43658889163547
10:47:46,1.698798,101.436637,0,0,0,0,0,0,0,0,132,180,forward,10454.46,-13,0,1.6987445937315968,101.43658889163547
10:47:48,1.698798,101.436637,0,0,0,0,0,0,0,0,132,180,forward,10454.46,-13,0,1.6987445937315968,101.43658889163547
10:47:50,1.698798,101.436637,0,0,0,0,0,0,0,0,132,180,forward,10454.46,-13,0,1.6987445937315968,101.43658889163547
10:47:52,1.698798,101.436637,0,0,0,0,0,0,0,0,132,180,forward,10454.46,-13,0,1.6987445937315968,101.43658889163547
10:47:55,1.698798,101.436637,0,0,0,0,0,0,0,0,132,180,forward,10454.46,-13,0,1.6987445937315968,101.43658889163547
10:47:57,1.698798,101.436637,0,0,0,0,0,0,0,0,132,180,forward,10454.46,-13,0,1.6987445937315968,101.43658889163547
10:47:59,1.698798,101.436637,0,0,0,0,0,0,0,0,132,180,forward,10454.46,-13,0,1.6987445937315968,101.43658889163547
10:48:01,1.698798,101.436637,0,0,0,0,0,0,0,0,132,180,forward,10454.46,-13,0,1.6987445937315968,101.43658889163547
10:48:03,1.698798,101.436637,0,0,0,0,0,0,0,0,132,180,forward,10454.46,-13,0,1.6987445937315968,101.43658889163547
10:48:06,1.698798,101.436637,0,0,0,0,0,0,0,0,132,180,forward,10454.46,-13,0,1.6987445937315968,101.43658889163547
10:48:08,1.698798,101.436637,0,0,0,0,0,0,0,0,132,180,forward,10454.46,-13,0,1.6987445937315968,101.43658889163547
10:48:10,1.698798,101.436637,0,0,0,0,0,0,0,0,132,180,forward,10454.46,-13,0,1.6987445937315968,101.43658889163547
10:48:12,1.698798,101.436637,0,0,0,0,0,0,0,0,132,180,forward,10454.46,-13,0,1.6987445937315968,101.43658889163547
10:48:14,1.698798,101.436637,0,0,0,0,0,0,0,0,132,180,forward,10454.46,-13,0,1.6987445937315968,101.43658889163547
10:48:16,1.698798,101.436637,0,0,0,0,0,0,0,0,132,180,forward,10454.46,-13,0,1.6987445937315968,101.43658889163547
10:48:19,1.698798,101.436637,0,0,0,0,0,0,0,0,132,180,forward,10454.46,-13,0,1.6987445937315968,101.43658889163547
10:48:21,1.698798,101.436637,0,0,0,0,0,0,0,0,132,180,forward,10454.46,-13,0,1.6987445937315968,101.43658889163547
10:48:23,1.698798,101.436637,0,0,0,0,0,0,0,0,132,180,forward,10454.46,-13,0,1.6987445937315968,101.43658889163547
10:48:25,1.698798,101.436637,0,0,0,0,0,0,0,0,132,180,forward,10454.46,-13,0,1.6987445937315968,101.43658889163547
10:48:27,1.698798,101.436637,0,0,0,0,0,0,0,0,132,180,forward,10454.46,-13,0,1.6987445937315968,101.43658889163547
10:48:29,1.698798,101.436637,0,0,0,0,0,0,0,0,132,180,forward,10454.46,-13,0,1.6987445937315968,101.43658889163547
10:48:31,1.698798,101.436637,0,0,0,0,0,0,0,0,132,180,forward,10454.46,-13,0,1.6987445937315968,101.43658889163547
10:48:33,1.698798,101.436637,0,0,0,0,0,0,0,0,132,180,forward,10454.46,-13,0,1.6987445937315968,101.43658889163547
10:48:35,1.698798,101.436637,0,0,0,0,0,0,0,0,132,180,forward,10454.46,-13,0,1.6987445937315968,101.43658889163547
10:48:38,1.698798,101.436637,0,0,0,0,0,0,0,0,132,180,forward,10454.46,-13,0,1.6987445937315968,101.43658889163547
10:48:40,1.698798,101.436637,0,0,0,0,0,0,0,0,132,180,forward,10454.46,-13,0,1.6987445937315968,101.43658889163547
10:48:42,1.698798,101.436637,0,0,0,0,0,0,0,0,132,180,forward,10454.46,-13,0,1.6987445937315968,101.43658889163547
10:48:44,1.698798,101.436637,0,0,0,0,0,0,0,0,132,180,forward,10454.46,-13,0,1.6987445937315968,101.43658889163547
10:48:46,1.698798,101.436637,0,0,0,0,0,0,0,0,132,180,forward,10454.46,-13,0,1.6987445937315968,101.43658889163547
10:48:48,1.698798,101.436637,0,0,0,0,0,0,0,0,132,180,forward,10454.46,-13,0,1.6987445937315968,101.43658889163547
10:48:50,1.698798,101.436637,0,0,0,0,0,0,0,0,132,180,forward,10454.46,-13,0,1.6987445937315968,101.43658889163547
10:48:52,1.698798,101.436637,0,0,0,0,0,0,0,0,132,180,forward,10454.46,-13,0,1.6987445937315968,101.43658889163547
10:48:54,1.698798,101.436637,0,0,0,0,0,0,0,0,132,180,forward,10454.46,-13,0,1.6987445937315968,101.43658889163547
10:48:57,1.698798,101.436637,0,0,0,0,0,0,0,0,132,180,forward,10454.46,-13,0,1.6987445937315968,101.43658889163547
10:48:59,1.698798,101.436637,0,0,0,0,0,0,0,0,132,180,forward,10454.46,-13,0,1.6987445937315968,101.43658889163547
10:49:01,1.698798,101.436637,0,0,0,0,0,0,0,0,132,180,forward,10454.46,-13,0,1.6987445937315968,101.43658889163547
10:49:03,1.698798,101.436637,0,0,0,0,0,0,0,0,132,180,forward,10454.46,-13,0,1.6987445937315968,101.43658889163547
10:49:05,1.698798,101.436637,0,0,0,0,0,0,0,0,132,180,forward,10454.46,-13,0,1.6987445937315968,101.43658889163547
10:49:07,1.698798,101.436637,0,0,0,0,0,0,0,0,132,180,forward,10454.46,-13,0,1.6987445937315968,101.43658889163547
10:49:09,1.698798,101.436637,0,0,0,0,0,0,0,0,132,180,forward,10454.46,-13,0,1.6987445937315968,101.43658889163547
10:49:11,1.698798,101.436637,0,0,0,0,0,0,0,0,132,180,forward,10454.46,-13,0,1.6987445937315968,101.43658889163547
10:49:14,1.698798,101.436637,0,0,0,0,0,0,0,0,132,180,forward,10454.46,-13,0,1.6987445937315968,101.43658889163547
10:49:16,1.698798,101.436637,0,0,0,0,0,0,0,0,132,180,forward,10454.46,-13,0,1.6987445937315968,101.43658889163547
10:49:18,1.698798,101.436637,0,0,0,0,0,0,0,0,132,180,forward,10454.46,-13,0,1.6987445937315968,101.43658889163547
10:49:20,1.698798,101.436637,0,0,0,0,0,0,0,0,132,180,forward,10454.46,-13,0,1.6987445937315968,101.43658889163547
10:49:22,1.698798,101.436637,0,0,0,0,0,0,0,0,132,180,forward,10454.46,-13,0,1.6987445937315968,101.43658889163547
10:49:25,1.698798,101.436637,0,0,0,0,0,0,0,0,132,180,forward,10454.46,-13,0,1.6987445937315968,101.43658889163547
10:49:27,1.698798,101.436637,0,0,0,0,0,0,0,0,132,180,forward,10454.46,-13,0,1.6987445937315968,101.43658889163547
10:49:29,1.698798,101.436637,0,0,0,0,0,0,0,0,132,180,forward,10454.46,-13,0,1.6987445937315968,101.43658889163547
10:49:31,1.698798,101.436637,0,0,0,0,0,0,0,0,132,180,forward,10454.46,-13,0,1.6987445937315968,101.43658889163547
10:49:33,1.698798,101.436637,0,0,0,0,0,0,0,0,132,180,forward,10454.46,-13,0,1.6987445937315968,101.43658889163547
10:49:35,1.698798,101.436637,0,0,0,0,0,0,0,0,132,180,forward,10454.46,-13,0,1.6987445937315968,101.43658889163547
10:49:37,1.698798,101.436637,0,0,0,0,0,0,0,0,132,180,forward,10454.46,-13,0,1.6987445937315968,101.43658889163547
10:49:39,1.698798,101.436637,0,0,0,0,0,0,0,0,132,180,forward,10454.46,-13,0,1.6987445937315968,101.43658889163547
10:49:42,1.698798,101.436637,0,0,0,0,0,0,0,0,132,180,forward,10454.46,-13,0,1.6987445937315968,101.43658889163547
10:49:44,1.698798,101.436637,0,0,0,0,0,0,0,0,132,180,forward,10454.46,-13,0,1.6987445937315968,101.43658889163547
10:49:46,1.698798,101.436637,0,0,0,0,0,0,0,0,132,180,forward,10454.46,-13,0,1.6987445937315968,101.43658889163547
10:49:48,1.698798,101.436637,0,0,0,0,0,0,0,0,132,180,forward,10454.46,-13,0,1.6987445937315968,101.43658889163547
10:49:50,1.698798,101.436637,0,0,0,0,0,0,0,0,132,180,forward,10454.46,-13,0,1.6987445937315968,101.43658889163547
10:49:52,1.698798,101.436637,0,0,0,0,0,0,0,0,132,180,forward,10454.46,-13,0,1.6987445937315968,101.43658889163547
10:49:54,1.698798,101.436637,0,0,0,0,0,0,0,0,132,180,forward,10454.46,-13,0,1.6987445937315968,101.43658889163547
10:49:57,1.698798,101.436637,0,0,0,0,0,0,0,0,132,180,forward,10454.46,-13,0,1.6987445937315968,101.43658889163547
10:49:59,1.698798,101.436637,0,0,0,0,0,0,0,0,132,180,forward,10454.46,-13,0,1.6987445937315968,101.43658889163547
10:50:01,1.698798,101.436637,0,0,0,0,0,0,0,0,132,180,forward,10454.46,-13,0,1.6987445937315968,101.43658889163547
10:50:03,1.698798,101.436637,0,0,0,0,0,0,0,0,132,180,forward,10454.46,-13,0,1.6987445937315968,101.43658889163547
10:50:05,1.698798,101.436637,0,0,0,0,0,0,0,0,132,180,forward,10454.46,-13,0,1.6987445937315968,101.43658889163547
10:50:08,1.698798,101.436637,0,0,0,0,0,0,0,0,132,180,forward,10454.46,-13,0,1.6987445937315968,101.43658889163547
10:50:10,1.698798,101.436637,0,0,0,0,0,0,0,0,132,180,forward,10454.46,-13,0,1.6987445937315968,101.43658889163547
10:50:12,1.698798,101.436637,0,0,0,0,0,0,0,0,132,180,forward,10454.46,-13,0,1.6987445937315968,101.43658889163547
10:50:14,1.698798,101.436637,0,0,0,0,0,0,0,0,132,180,forward,10454.46,-13,0,1.6987445937315968,101.43658889163547
10:50:16,1.698798,101.436637,0,0,0,0,0,0,0,0,132,180,forward,10454.46,-13,0,1.6987445937315968,101.43658889163547
10:50:19,1.698798,101.436637,0,0,0,0,0,0,0,0,132,180,forward,10454.46,-13,0,1.6987445937315968,101.43658889163547
10:50:21,1.698798,101.436637,0,0,0,0,0,0,0,0,132,180,forward,10454.46,-13,0,1.6987445937315968,101.43658889163547
10:50:23,1.698798,101.436637,0,0,0,0,0,0,0,0,132,180,forward,10454.46,-13,0,1.6987445937315968,101.43658889163547
10:50:25,1.698798,101.436637,0,0,0,0,0,0,0,0,132,180,forward,10454.46,-13,0,1.6987445937315968,101.43658889163547
10:50:27,1.698798,101.436637,0,0,0,0,0,0,0,0,132,180,forward,10454.46,-13,0,1.6987445937315968,101.43658889163547
10:50:29,1.698798,101.436637,0,0,0,0,0,0,0,0,132,180,forward,10454.46,-13,0,1.6987445937315968,101.43658889163547
10:50:32,1.698798,101.436637,0,0,0,0,0,0,0,0,132,180,forward,10454.46,-13,0,1.6987445937315968,101.43658889163547
10:50:34,1.698798,101.436637,0,0,0,0,0,0,0,0,132,180,forward,10454.46,-13,0,1.6987445937315968,101.43658889163547
10:50:36,1.698798,101.436637,0,0,0,0,0,0,0,0,132,180,forward,10454.46,-13,0,1.6987445937315968,101.43658889163547
10:50:38,1.698798,101.436637,0,0,0,0,0,0,0,0,132,180,forward,10454.46,-13,0,1.6987445937315968,101.43658889163547
10:50:40,1.698798,101.436637,0,0,0,0,0,0,0,0,132,180,forward,10454.46,-13,0,1.6987445937315968,101.43658889163547
10:50:43,1.698798,101.436637,0,0,0,0,0,0,0,0,132,180,forward,10454.46,-13,0,1.6987445937315968,101.43658889163547
10:50:45,1.698798,101.436637,0,0,0,0,0,0,0,0,132,180,forward,10454.46,-13,0,1.6987445937315968,101.43658889163547
10:50:47,1.698798,101.436637,0,0,0,0,0,0,0,0,132,180,forward,10454.46,-13,0,1.6987445937315968,101.43658889163547
10:50:49,1.698798,101.436637,0,0,0,0,0,0,0,0,132,180,forward,10454.46,-13,0,1.6987445937315968,101.43658889163547
10:50:51,1.698798,101.436637,0,0,0,0,0,0,0,0,132,180,forward,10454.46,-13,0,1.6987445937315968,101.43658889163547
10:50:53,1.698798,101.436637,0,0,0,0,0,0,0,0,132,180,forward,10454.46,-13,0,1.6987445937315968,101.43658889163547
10:50:56,1.698798,101.436637,0,0,0,0,0,0,0,0,132,180,forward,10454.46,-13,0,1.6987445937315968,101.43658889163547
10:50:58,1.698798,101.436637,0,0,0,0,0,0,0,0,132,180,forward,10454.46,-13,0,1.6987445937315968,101.43658889163547
10:51:00,1.698798,101.436637,0,0,0,0,0,0,0,0,132,180,forward,10454.46,-13,0,1.6987445937315968,101.43658889163547
10:51:02,1.698798,101.436637,0,0,0,0,0,0,0,0,132,180,forward,10454.46,-13,0,1.6987445937315968,101.43658889163547
10:51:04,1.698798,101.436637,0,0,0,0,0,0,0,0,132,180,forward,10454.46,-13,0,1.6987445937315968,101.43658889163547
10:51:07,1.698798,101.436637,0,0,0,0,0,0,0,0,132,180,forward,10454.46,-13,0,1.6987445937315968,101.43658889163547
10:51:09,1.698798,101.436637,0,0,0,0,0,0,0,0,132,180,forward,10454.46,-13,0,1.6987445937315968,101.43658889163547
10:51:11,1.698798,101.436637,0,0,0,0,0,0,0,0,132,180,forward,10454.46,-13,0,1.6987445937315968,101.43658889163547
10:51:13,1.698798,101.436637,0,0,0,0,0,0,0,0,132,180,forward,10454.46,-13,0,1.6987445937315968,101.43658889163547
10:51:15,1.698798,101.436637,0,0,0,0,0,0,0,0,132,180,forward,10454.46,-13,0,1.6987445937315968,101.43658889163547
10:51:18,1.698798,101.436637,0,0,0,0,0,0,0,0,132,180,forward,10454.46,-13,0,1.6987445937315968,101.43658889163547
10:51:20,1.698798,101.436637,0,0,0,0,0,0,0,0,132,180,forward,10454.46,-13,0,1.6987445937315968,101.43658889163547
10:51:22,1.698798,101.436637,0,0,0,0,0,0,0,0,132,180,forward,10454.46,-13,0,1.6987445937315968,101.43658889163547
10:51:24,1.698798,101.436637,0,0,0,0,0,0,0,0,132,180,forward,10454.46,-13,0,1.6987445937315968,101.43658889163547
10:51:26,1.698798,101.436637,0,0,0,0,0,0,0,0,132,180,forward,10454.46,-13,0,1.6987445937315968,101.43658889163547
10:51:28,1.698798,101.436637,0,0,0,0,0,0,0,0,132,180,forward,10454.46,-13,0,1.6987445937315968,101.43658889163547
10:51:31,1.698798,101.436637,0,0,0,0,0,0,0,0,132,180,forward,10454.46,-13,0,1.6987445937315968,101.43658889163547
10:51:33,1.698798,101.436637,0,0,0,0,0,0,0,0,132,180,forward,10454.46,-13,0,1.6987445937315968,101.43658889163547
10:51:35,1.698798,101.436637,0,0,0,0,0,0,0,0,132,180,forward,10454.46,-13,0,1.6987445937315968,101.43658889163547
10:51:37,1.698798,101.436637,0,0,0,0,0,0,0,0,132,180,forward,10454.46,-13,0,1.6987445937315968,101.43658889163547
10:51:39,1.698798,101.436637,0,0,0,0,0,0,0,0,132,180,forward,10454.46,-13,0,1.6987445937315968,101.43658889163547
10:51:41,1.698798,101.436637,0,0,0,0,0,0,0,0,132,180,forward,10454.46,-13,0,1.6987445937315968,101.43658889163547
10:51:44,1.698798,101.436637,0,0,0,0,0,0,0,0,132,180,forward,10454.46,-13,0,1.6987445937315968,101.43658889163547
10:51:46,1.698798,101.436637,0,0,0,0,0,0,0,0,132,180,forward,10454.46,-13,0,1.6987445937315968,101.43658889163547
10:51:48,1.698798,101.436637,0,0,0,0,0,0,0,0,132,180,forward,10454.46,-13,0,1.6987445937315968,101.43658889163547
10:51:50,1.698798,101.436637,0,0,0,0,0,0,0,0,132,180,forward,10454.46,-13,0,1.6987445937315968,101.43658889163547
10:51:52,1.698798,101.436637,0,0,0,0,0,0,0,0,132,180,forward,10454.46,-13,0,1.6987445937315968,101.43658889163547
10:51:54,1.698798,101.436637,0,0,0,0,0,0,0,0,132,180,forward,10454.46,-13,0,1.6987445937315968,101.43658889163547
10:51:56,1.698798,101.436637,0,0,0,0,0,0,0,0,132,180,forward,10454.46,-13,0,1.6987445937315968,101.43658889163547
10:51:59,1.698798,101.436637,0,0,0,0,0,0,0,0,132,180,forward,10454.46,-13,0,1.6987445937315968,101.43658889163547
10:52:01,1.698798,101.436637,0,0,0,0,0,0,0,0,132,180,forward,10454.46,-13,0,1.6987445937315968,101.43658889163547
10:52:03,1.698798,101.436637,0,0,0,0,0,0,0,0,132,180,forward,10454.46,-13,0,1.6987445937315968,101.43658889163547
10:52:05,1.698798,101.436637,0,0,0,0,0,0,0,0,132,180,forward,10454.46,-13,0,1.6987445937315968,101.43658889163547
10:52:07,1.698798,101.436637,0,0,0,0,0,0,0,0,132,180,forward,10454.46,-13,0,1.6987445937315968,101.43658889163547
10:52:10,1.698798,101.436637,0,0,0,0,0,0,0,0,132,180,forward,10454.46,-13,0,1.6987445937315968,101.43658889163547
10:52:12,1.698798,101.436637,0,0,0,0,0,0,0,0,132,180,forward,10454.46,-13,0,1.6987445937315968,101.43658889163547
10:52:14,1.698798,101.436637,0,0,0,0,0,0,0,0,132,180,forward,10454.46,-13,0,1.6987445937315968,101.43658889163547
10:52:16,1.698798,101.436637,0,0,0,0,0,0,0,0,132,180,forward,10454.46,-13,0,1.6987445937315968,101.43658889163547
10:52:18,1.698798,101.436637,0,0,0,0,0,0,0,0,132,180,forward,10454.46,-13,0,1.6987445937315968,101.43658889163547
10:52:20,1.698798,101.436637,0,0,0,0,0,0,0,0,132,180,forward,10454.46,-13,0,1.6987445937315968,101.43658889163547
10:52:23,1.698798,101.436637,0,0,0,0,0,0,0,0,132,180,forward,10454.46,-13,0,1.6987445937315968,101.43658889163547
10:52:25,1.698798,101.436637,0,0,0,0,0,0,0,0,132,180,forward,10454.46,-13,0,1.6987445937315968,101.43658889163547
10:52:27,1.698798,101.436637,0,0,0,0,0,0,0,0,132,180,forward,10454.46,-13,0,1.6987445937315968,101.43658889163547
10:52:29,1.698798,101.436637,0,0,0,0,0,0,0,0,132,180,forward,10454.46,-13,0,1.6987445937315968,101.43658889163547
10:52:31,1.698798,101.436637,0,0,0,0,0,0,0,0,132,180,forward,10454.46,-13,0,1.6987445937315968,101.43658889163547
10:52:33,1.698798,101.436637,0,0,0,0,0,0,0,0,132,180,forward,10454.46,-13,0,1.6987445937315968,101.43658889163547
10:52:36,1.698798,101.436637,0,0,0,0,0,0,0,0,132,180,forward,10454.46,-13,0,1.6987445937315968,101.43658889163547
10:52:38,1.698798,101.436637,0,0,0,0,0,0,0,0,132,180,forward,10454.46,-13,0,1.6987445937315968,101.43658889163547
10:52:40,1.698798,101.436637,0,0,0,0,0,0,0,0,132,180,forward,10454.46,-13,0,1.6987445937315968,101.43658889163547
10:52:42,1.698798,101.436637,0,0,0,0,0,0,0,0,132,180,forward,10454.46,-13,0,1.6987445937315968,101.43658889163547
10:52:44,1.698798,101.436637,0,0,0,0,0,0,0,0,132,180,forward,10454.46,-13,0,1.6987445937315968,101.43658889163547
10:52:46,1.698798,101.436637,0,0,0,0,0,0,0,0,132,180,forward,10454.46,-13,0,1.6987445937315968,101.43658889163547
10:52:49,1.698798,101.436637,0,0,0,0,0,0,0,0,132,180,forward,10454.46,-13,0,1.6987445937315968,101.43658889163547
10:52:51,1.698798,101.436637,0,0,0,0,0,0,0,0,132,180,forward,10454.46,-13,0,1.6987445937315968,101.43658889163547
10:52:53,1.698798,101.436637,0,0,0,0,0,0,0,0,132,180,forward,10454.46,-13,0,1.6987445937315968,101.43658889163547
10:52:55,1.698798,101.436637,0,0,0,0,0,0,0,0,132,180,forward,10454.46,-13,0,1.6987445937315968,101.43658889163547
10:52:57,1.698798,101.436637,0,0,0,0,0,0,0,0,132,180,forward,10454.46,-13,0,1.6987445937315968,101.43658889163547
10:52:59,1.698798,101.436637,0,0,0,0,0,0,0,0,132,180,forward,10454.46,-13,0,1.6987445937315968,101.43658889163547
10:53:02,1.698798,101.436637,0,0,0,0,0,0,0,0,132,180,forward,10454.46,-13,0,1.6987445937315968,101.43658889163547
10:53:04,1.698798,101.436637,0,0,0,0,0,0,0,0,132,180,forward,10454.46,-13,0,1.6987445937315968,101.43658889163547
10:53:06,1.698798,101.436637,0,0,0,0,0,0,0,0,132,180,forward,10454.46,-13,0,1.6987445937315968,101.43658889163547
10:53:08,1.698798,101.436637,0,0,0,0,0,0,0,0,132,180,forward,10454.46,-13,0,1.6987445937315968,101.43658889163547
10:53:10,1.698798,101.436637,0,0,0,0,0,0,0,0,132,180,forward,10454.46,-13,0,1.6987445937315968,101.43658889163547
10:53:12,1.698798,101.436637,0,0,0,0,0,0,0,0,132,180,forward,10454.46,-13,0,1.6987445937315968,101.43658889163547
10:53:14,1.698798,101.436637,0,0,0,0,0,0,0,0,132,180,forward,10454.46,-13,0,1.6987445937315968,101.43658889163547
10:53:16,1.698798,101.436637,0,0,0,0,0,0,0,0,132,180,forward,10454.46,-13,0,1.6987445937315968,101.43658889163547
10:53:19,1.698798,101.436637,0,0,0,0,0,0,0,0,132,180,forward,10454.46,-13,0,1.6987445937315968,101.43658889163547
10:53:21,1.698798,101.436637,0,0,0,0,0,0,0,0,132,180,forward,10454.46,-13,0,1.6987445937315968,101.43658889163547
10:53:23,1.698798,101.436637,0,0,0,0,0,0,0,0,132,180,forward,10454.46,-13,0,1.6987445937315968,101.43658889163547
10:53:25,1.698798,101.436637,0,0,0,0,0,0,0,0,132,180,forward,10454.46,-13,0,1.6987445937315968,101.43658889163547
10:53:27,1.698798,101.436637,0,0,0,0,0,0,0,0,132,180,forward,10454.46,-13,0,1.6987445937315968,101.43658889163547
10:53:29,1.698798,101.436637,0,0,0,0,0,0,0,0,132,180,forward,10454.46,-13,0,1.6987445937315968,101.43658889163547
10:53:32,1.698798,101.436637,0,0,0,0,0,0,0,0,132,180,forward,10454.46,-13,0,1.6987445937315968,101.43658889163547
10:53:34,1.698798,101.436637,0,0,0,0,0,0,0,0,132,180,forward,10454.46,-13,0,1.6987445937315968,101.43658889163547
10:53:36,1.698798,101.436637,0,0,0,0,0,0,0,0,132,180,forward,10454.46,-13,0,1.6987445937315968,101.43658889163547
10:53:38,1.698798,101.436637,0,0,0,0,0,0,0,0,132,180,forward,10454.46,-13,0,1.6987445937315968,101.43658889163547
10:53:40,1.698798,101.436637,0,0,0,0,0,0,0,0,132,180,forward,10454.46,-13,0,1.6987445937315968,101.43658889163547
10:53:42,1.698798,101.436637,0,0,0,0,0,0,0,0,132,180,forward,10454.46,-13,0,1.6987445937315968,101.43658889163547
10:53:44,1.698798,101.436637,0,0,0,0,0,0,0,0,132,180,forward,10454.46,-13,0,1.6987445937315968,101.43658889163547
10:53:47,1.698798,101.436637,0,0,0,0,0,0,0,0,132,180,forward,10454.46,-13,0,1.6987445937315968,101.43658889163547
10:53:49,1.698798,101.436637,0,0,0,0,0,0,0,0,132,180,forward,10454.46,-13,0,1.6987445937315968,101.43658889163547
10:53:51,1.698798,101.436637,0,0,0,0,0,0,0,0,132,180,forward,10454.46,-13,0,1.6987445937315968,101.43658889163547
10:53:53,1.698798,101.436637,0,0,0,0,0,0,0,0,132,180,forward,10454.46,-13,0,1.6987445937315968,101.43658889163547
10:53:55,1.698798,101.436637,0,0,0,0,0,0,0,0,132,180,forward,10454.46,-13,0,1.6987445937315968,101.43658889163547
10:53:57,1.698798,101.436637,0,0,0,0,0,0,0,0,132,180,forward,10454.46,-13,0,1.6987445937315968,101.43658889163547
10:53:59,1.698798,101.436637,0,0,0,0,0,0,0,0,132,180,forward,10454.46,-13,0,1.6987445937315968,101.43658889163547
10:54:01,1.698798,101.436637,0,0,0,0,0,0,0,0,132,180,forward,10454.46,-13,0,1.6987445937315968,101.43658889163547
10:54:03,1.698798,101.436637,0,0,0,0,0,0,0,0,132,180,forward,10454.46,-13,0,1.6987445937315968,101.43658889163547
10:54:06,1.698798,101.436637,0,0,0,0,0,0,0,0,132,180,forward,10454.46,-13,0,1.6987445937315968,101.43658889163547
10:54:08,1.698798,101.436637,0,0,0,0,0,0,0,0,132,180,forward,10454.46,-13,0,1.6987445937315968,101.43658889163547
10:54:10,1.698798,101.436637,0,0,0,0,0,0,0,0,132,180,forward,10454.46,-13,0,1.6987445937315968,101.43658889163547
10:54:12,1.698798,101.436637,0,0,0,0,0,0,0,0,132,180,forward,10454.46,-13,0,1.6987445937315968,101.43658889163547
10:54:14,1.698798,101.436637,0,0,0,0,0,0,0,0,132,180,forward,10454.46,-13,0,1.6987445937315968,101.43658889163547
10:54:16,1.698798,101.436637,0,0,0,0,0,0,0,0,132,180,forward,10454.46,-13,0,1.6987445937315968,101.43658889163547
10:54:19,1.698798,101.436637,0,0,0,0,0,0,0,0,132,180,forward,10454.46,-13,0,1.6987445937315968,101.43658889163547
10:54:21,1.698798,101.436637,0,0,0,0,0,0,0,0,132,180,forward,10454.46,-13,0,1.6987445937315968,101.43658889163547
10:54:23,1.698798,101.436637,0,0,0,0,0,0,0,0,132,180,forward,10454.46,-13,0,1.6987445937315968,101.43658889163547
10:54:25,1.698798,101.436637,0,0,0,0,0,0,0,0,132,180,forward,10454.46,-13,0,1.6987445937315968,101.43658889163547
10:54:27,1.698798,101.436637,0,0,0,0,0,0,0,0,132,180,forward,10454.46,-13,0,1.6987445937315968,101.43658889163547
10:54:29,1.698798,101.436637,0,0,0,0,0,0,0,0,132,180,forward,10454.46,-13,0,1.6987445937315968,101.43658889163547
10:54:32,1.698798,101.436637,0,0,0,0,0,0,0,0,132,180,forward,10454.46,-13,0,1.6987445937315968,101.43658889163547
10:54:34,1.698798,101.436637,0,0,0,0,0,0,0,0,132,180,forward,10454.46,-13,0,1.6987445937315968,101.43658889163547
10:54:36,1.698798,101.436637,0,0,0,0,0,0,0,0,132,180,forward,10454.46,-13,0,1.6987445937315968,101.43658889163547
10:54:38,1.698798,101.436637,0,0,0,0,0,0,0,0,132,180,forward,10454.46,-13,0,1.6987445937315968,101.43658889163547
10:54:40,1.698798,101.436637,0,0,0,0,0,0,0,0,132,180,forward,10454.46,-13,0,1.6987445937315968,101.43658889163547
10:54:42,1.698798,101.436637,0,0,0,0,0,0,0,0,132,180,forward,10454.46,-13,0,1.6987445937315968,101.43658889163547
10:54:45,1.698798,101.436637,0,0,0,0,0,0,0,0,132,180,forward,10454.46,-13,0,1.6987445937315968,101.43658889163547
10:54:47,1.698798,101.436637,0,0,0,0,0,0,0,0,132,180,forward,10454.46,-13,0,1.6987445937315968,101.43658889163547
10:54:49,1.698798,101.436637,0,0,0,0,0,0,0,0,132,180,forward,10454.46,-13,0,1.6987445937315968,101.43658889163547
10:54:51,1.698798,101.436637,0,0,0,0,0,0,0,0,132,180,forward,10454.46,-13,0,1.6987445937315968,101.43658889163547
10:54:53,1.698798,101.436637,0,0,0,0,0,0,0,0,132,180,forward,10454.46,-13,0,1.6987445937315968,101.43658889163547
10:54:56,1.698798,101.436637,0,0,0,0,0,0,0,0,132,180,forward,10454.46,-13,0,1.6987445937315968,101.43658889163547
10:54:58,1.698798,101.436637,0,0,0,0,0,0,0,0,132,180,forward,10454.46,-13,0,1.6987445937315968,101.43658889163547
10:55:00,1.698798,101.436637,0,0,0,0,0,0,0,0,132,180,forward,10454.46,-13,0,1.6987445937315968,101.43658889163547
10:55:02,1.698798,101.436637,0,0,0,0,0,0,0,0,132,180,forward,10454.46,-13,0,1.6987445937315968,101.43658889163547
10:55:04,1.698798,101.436637,0,0,0,0,0,0,0,0,132,180,forward,10454.46,-13,0,1.6987445937315968,101.43658889163547
10:55:06,1.698798,101.436637,0,0,0,0,0,0,0,0,132,180,forward,10454.46,-13,0,1.6987445937315968,101.43658889163547
10:55:08,1.698798,101.436637,0,0,0,0,0,0,0,0,132,180,forward,10454.46,-13,0,1.6987445937315968,101.43658889163547
10:55:11,1.698798,101.436637,0,0,0,0,0,0,0,0,132,180,forward,10454.46,-13,0,1.6987445937315968,101.43658889163547
10:55:13,1.698798,101.436637,0,0,0,0,0,0,0,0,132,180,forward,10454.46,-13,0,1.6987445937315968,101.43658889163547
10:55:15,1.698798,101.436637,0,0,0,0,0,0,0,0,132,180,forward,10454.46,-13,0,1.6987445937315968,101.43658889163547
10:55:17,1.698798,101.436637,0,0,0,0,0,0,0,0,132,180,forward,10454.46,-13,0,1.6987445937315968,101.43658889163547
10:55:19,1.698798,101.436637,0,0,0,0,0,0,0,0,132,180,forward,10454.46,-13,0,1.6987445937315968,101.43658889163547
10:55:21,1.698798,101.436637,0,0,0,0,0,0,0,0,132,180,forward,10454.46,-13,0,1.6987445937315968,101.43658889163547
10:55:24,1.698798,101.436637,0,0,0,0,0,0,0,0,132,180,forward,10454.46,-13,0,1.6987445937315968,101.43658889163547
10:55:26,1.698798,101.436637,0,0,0,0,0,0,0,0,132,180,forward,10454.46,-13,0,1.6987445937315968,101.43658889163547
10:55:28,1.698798,101.436637,0,0,0,0,0,0,0,0,132,180,forward,10454.46,-13,0,1.6987445937315968,101.43658889163547
10:55:30,1.698798,101.436637,0,0,0,0,0,0,0,0,132,180,forward,10454.46,-13,0,1.6987445937315968,101.43658889163547
10:55:32,1.698798,101.436637,0,0,0,0,0,0,0,0,132,180,forward,10454.46,-13,0,1.6987445937315968,101.43658889163547
10:55:35,1.698798,101.436637,0,0,0,0,0,0,0,0,132,180,forward,10454.46,-13,0,1.6987445937315968,101.43658889163547
10:55:37,1.698798,101.436637,0,0,0,0,0,0,0,0,132,180,forward,10454.46,-13,0,1.6987445937315968,101.43658889163547
10:55:39,1.698798,101.436637,0,0,0,0,0,0,0,0,132,180,forward,10454.46,-13,0,1.6987445937315968,101.43658889163547
10:55:41,1.698798,101.436637,0,0,0,0,0,0,0,0,132,180,forward,10454.46,-13,0,1.6987445937315968,101.43658889163547
10:55:43,1.698798,101.436637,0,0,0,0,0,0,0,0,132,180,forward,10454.46,-13,0,1.6987445937315968,101.43658889163547
10:55:46,1.698798,101.436637,0,0,0,0,0,0,0,0,132,180,forward,10454.46,-13,0,1.6987445937315968,101.43658889163547
10:55:48,1.698798,101.436637,0,0,0,0,0,0,0,0,132,180,forward,10454.46,-13,0,1.6987445937315968,101.43658889163547
10:55:50,1.698798,101.436637,0,0,0,0,0,0,0,0,132,180,forward,10454.46,-13,0,1.6987445937315968,101.43658889163547
10:55:52,1.698798,101.436637,0,0,0,0,0,0,0,0,132,180,forward,10454.46,-13,0,1.6987445937315968,101.43658889163547
10:55:54,1.698798,101.436637,0,0,0,0,0,0,0,0,132,180,forward,10454.46,-13,0,1.6987445937315968,101.43658889163547
10:55:57,1.698798,101.436637,0,0,0,0,0,0,0,0,132,180,forward,10454.46,-13,0,1.6987445937315968,101.43658889163547
10:55:59,1.698798,101.436637,0,0,0,0,0,0,0,0,132,180,forward,10454.46,-13,0,1.6987445937315968,101.43658889163547
10:56:01,1.698798,101.436637,0,0,0,0,0,0,0,0,132,180,forward,10454.46,-13,0,1.6987445937315968,101.43658889163547
10:56:03,1.698798,101.436637,0,0,0,0,0,0,0,0,132,180,forward,10454.46,-13,0,1.6987445937315968,101.43658889163547
10:56:05,1.698798,101.436637,0,0,0,0,0,0,0,0,132,180,forward,10454.46,-13,0,1.6987445937315968,101.43658889163547
10:56:08,1.698798,101.436637,0,0,0,0,0,0,0,0,132,180,forward,10454.46,-13,0,1.6987445937315968,101.43658889163547
10:56:10,1.698798,101.436637,0,0,0,0,0,0,0,0,132,180,forward,10454.46,-13,0,1.6987445937315968,101.43658889163547
10:56:12,1.698798,101.436637,0,0,0,0,0,0,0,0,132,180,forward,10454.46,-13,0,1.6987445937315968,101.43658889163547
10:56:14,1.698798,101.436637,0,0,0,0,0,0,0,0,132,180,forward,10454.46,-13,0,1.6987445937315968,101.43658889163547
10:56:16,1.698798,101.436637,0,0,0,0,0,0,0,0,132,180,forward,10454.46,-13,0,1.6987445937315968,101.43658889163547
10:56:19,1.698798,101.436637,0,0,0,0,0,0,0,0,132,180,forward,10454.46,-13,0,1.6987445937315968,101.43658889163547
10:56:21,1.698798,101.436637,0,0,0,0,0,0,0,0,132,180,forward,10454.46,-13,0,1.6987445937315968,101.43658889163547
10:56:23,1.698798,101.436637,0,0,0,0,0,0,0,0,132,180,forward,10454.46,-13,0,1.6987445937315968,101.43658889163547
10:56:25,1.698798,101.436637,0,0,0,0,0,0,0,0,132,180,forward,10454.46,-13,0,1.6987445937315968,101.43658889163547
10:56:27,1.698798,101.436637,0,0,0,0,0,0,0,0,132,180,forward,10454.46,-13,0,1.6987445937315968,101.43658889163547
10:56:29,1.698798,101.436637,0,0,0,0,0,0,0,0,132,180,forward,10454.46,-13,0,1.6987445937315968,101.43658889163547
10:56:32,1.698798,101.436637,0,0,0,0,0,0,0,0,132,180,forward,10454.46,-13,0,1.6987445937315968,101.43658889163547
10:56:34,1.698798,101.436637,0,0,0,0,0,0,0,0,132,180,forward,10454.46,-13,0,1.6987445937315968,101.43658889163547
10:56:36,1.698798,101.436637,0,0,0,0,0,0,0,0,132,180,forward,10454.46,-13,0,1.6987445937315968,101.43658889163547
10:56:38,1.698798,101.436637,0,0,0,0,0,0,0,0,132,180,forward,10454.46,-13,0,1.6987445937315968,101.43658889163547
10:56:40,1.698798,101.436637,0,0,0,0,0,0,0,0,132,180,forward,10454.46,-13,0,1.6987445937315968,101.43658889163547
10:56:42,1.698798,101.436637,0,0,0,0,0,0,0,0,132,180,forward,10454.46,-13,0,1.6987445937315968,101.43658889163547
10:56:45,1.698798,101.436637,0,0,0,0,0,0,0,0,132,180,forward,10454.46,-13,0,1.6987445937315968,101.43658889163547
10:56:47,1.698798,101.436637,0,0,0,0,0,0,0,0,132,180,forward,10454.46,-13,0,1.6987445937315968,101.43658889163547
10:56:49,1.698798,101.436637,0,0,0,0,0,0,0,0,132,180,forward,10454.46,-13,0,1.6987445937315968,101.43658889163547
10:56:51,1.698798,101.436637,0,0,0,0,0,0,0,0,132,180,forward,10454.46,-13,0,1.6987445937315968,101.43658889163547
10:56:53,1.698798,101.436637,0,0,0,0,0,0,0,0,132,180,forward,10454.46,-13,0,1.6987445937315968,101.43658889163547
10:56:55,1.698798,101.436637,0,0,0,0,0,0,0,0,132,180,forward,10454.46,-13,0,1.6987445937315968,101.43658889163547
10:56:57,1.698798,101.436637,0,0,0,0,0,0,0,0,132,180,forward,10454.46,-13,0,1.6987445937315968,101.43658889163547
10:56:59,1.698798,101.436637,0,0,0,0,0,0,0,0,132,180,forward,10454.46,-13,0,1.6987445937315968,101.43658889163547
10:57:02,1.698798,101.436637,0,0,0,0,0,0,0,0,132,180,forward,10454.46,-13,0,1.6987445937315968,101.43658889163547
10:57:04,1.698798,101.436637,0,0,0,0,0,0,0,0,132,180,forward,10454.46,-13,0,1.6987445937315968,101.43658889163547
10:57:06,1.698798,101.436637,0,0,0,0,0,0,0,0,132,180,forward,10454.46,-13,0,1.6987445937315968,101.43658889163547
10:57:08,1.698798,101.436637,0,0,0,0,0,0,0,0,132,180,forward,10454.46,-13,0,1.6987445937315968,101.43658889163547
10:57:10,1.698798,101.436637,0,0,0,0,0,0,0,0,132,180,forward,10454.46,-13,0,1.6987445937315968,101.43658889163547
10:57:13,1.698798,101.436637,0,0,0,0,0,0,0,0,132,180,forward,10454.46,-13,0,1.6987445937315968,101.43658889163547
10:57:15,1.698798,101.436637,0,0,0,0,0,0,0,0,132,180,forward,10454.46,-13,0,1.6987445937315968,101.43658889163547
10:57:17,1.698798,101.436637,0,0,0,0,0,0,0,0,132,180,forward,10454.46,-13,0,1.6987445937315968,101.43658889163547
10:57:19,1.698798,101.436637,0,0,0,0,0,0,0,0,132,180,forward,10454.46,-13,0,1.6987445937315968,101.43658889163547
10:57:21,1.698798,101.436637,0,0,0,0,0,0,0,0,132,180,forward,10454.46,-13,0,1.6987445937315968,101.43658889163547
10:57:23,1.698798,101.436637,0,0,0,0,0,0,0,0,132,180,forward,10454.46,-13,0,1.6987445937315968,101.43658889163547
10:57:26,1.698798,101.436637,0,0,0,0,0,0,0,0,132,180,forward,10454.46,-13,0,1.6987445937315968,101.43658889163547
10:57:28,1.698798,101.436637,0,0,0,0,0,0,0,0,132,180,forward,10454.46,-13,0,1.6987445937315968,101.43658889163547
10:57:30,1.698798,101.436637,0,0,0,0,0,0,0,0,132,180,forward,10454.46,-13,0,1.6987445937315968,101.43658889163547
10:57:32,1.698798,101.436637,0,0,0,0,0,0,0,0,132,180,forward,10454.46,-13,0,1.6987445937315968,101.43658889163547
10:57:34,1.698798,101.436637,0,0,0,0,0,0,0,0,132,180,forward,10454.46,-13,0,1.6987445937315968,101.43658889163547
10:57:36,1.698798,101.436637,0,0,0,0,0,0,0,0,132,180,forward,10454.46,-13,0,1.6987445937315968,101.43658889163547
10:57:38,1.698798,101.436637,0,0,0,0,0,0,0,0,132,180,forward,10454.46,-13,0,1.6987445937315968,101.43658889163547
10:57:40,1.698798,101.436637,0,0,0,0,0,0,0,0,132,180,forward,10454.46,-13,0,1.6987445937315968,101.43658889163547
10:57:43,1.698798,101.436637,0,0,0,0,0,0,0,0,132,180,forward,10454.46,-13,0,1.6987445937315968,101.43658889163547
10:57:45,1.698798,101.436637,0,0,0,0,0,0,0,0,132,180,forward,10454.46,-13,0,1.6987445937315968,101.43658889163547
10:57:47,1.698798,101.436637,0,0,0,0,0,0,0,0,132,180,forward,10454.46,-13,0,1.6987445937315968,101.43658889163547
10:57:49,1.698798,101.436637,0,0,0,0,0,0,0,0,132,180,forward,10454.46,-13,0,1.6987445937315968,101.43658889163547
10:57:51,1.698798,101.436637,0,0,0,0,0,0,0,0,132,180,forward,10454.46,-13,0,1.6987445937315968,101.43658889163547
10:57:53,1.698798,101.436637,0,0,0,0,0,0,0,0,132,180,forward,10454.46,-13,0,1.6987445937315968,101.43658889163547
10:57:56,1.698798,101.436637,0,0,0,0,0,0,0,0,132,180,forward,10454.46,-13,0,1.6987445937315968,101.43658889163547
10:57:58,1.698798,101.436637,0,0,0,0,0,0,0,0,132,180,forward,10454.46,-13,0,1.6987445937315968,101.43658889163547
10:58:00,1.698798,101.436637,0,0,0,0,0,0,0,0,132,180,forward,10454.46,-13,0,1.6987445937315968,101.43658889163547
10:58:02,1.698798,101.436637,0,0,0,0,0,0,0,0,132,180,forward,10454.46,-13,0,1.6987445937315968,101.43658889163547
10:58:04,1.698798,101.436637,0,0,0,0,0,0,0,0,132,180,forward,10454.46,-13,0,1.6987445937315968,101.43658889163547
10:58:07,1.698798,101.436637,0,0,0,0,0,0,0,0,132,180,forward,10454.46,-13,0,1.6987445937315968,101.43658889163547
10:58:09,1.698798,101.436637,0,0,0,0,0,0,0,0,132,180,forward,10454.46,-13,0,1.6987445937315968,101.43658889163547
10:58:11,1.698798,101.436637,0,0,0,0,0,0,0,0,132,180,forward,10454.46,-13,0,1.6987445937315968,101.43658889163547
10:58:13,1.698798,101.436637,0,0,0,0,0,0,0,0,132,180,forward,10454.46,-13,0,1.6987445937315968,101.43658889163547
10:58:15,1.698798,101.436637,0,0,0,0,0,0,0,0,132,180,forward,10454.46,-13,0,1.6987445937315968,101.43658889163547
10:58:18,1.698798,101.436637,0,0,0,0,0,0,0,0,132,180,forward,10454.46,-13,0,1.6987445937315968,101.43658889163547
10:58:20,1.698798,101.436637,0,0,0,0,0,0,0,0,132,180,forward,10454.46,-13,0,1.6987445937315968,101.43658889163547
10:58:22,1.698798,101.436637,0,0,0,0,0,0,0,0,132,180,forward,10454.46,-13,0,1.6987445937315968,101.43658889163547
10:58:24,1.698798,101.436637,0,0,0,0,0,0,0,0,132,180,forward,10454.46,-13,0,1.6987445937315968,101.43658889163547
10:58:26,1.698798,101.436637,0,0,0,0,0,0,0,0,132,180,forward,10454.46,-13,0,1.6987445937315968,101.43658889163547
10:58:28,1.698798,101.436637,0,0,0,0,0,0,0,0,132,180,forward,10454.46,-13,0,1.6987445937315968,101.43658889163547
10:58:30,1.698798,101.436637,0,0,0,0,0,0,0,0,132,180,forward,10454.46,-13,0,1.6987445937315968,101.43658889163547
10:58:32,1.698798,101.436637,0,0,0,0,0,0,0,0,132,180,forward,10454.46,-13,0,1.6987445937315968,101.43658889163547
10:58:35,1.698798,101.436637,0,0,0,0,0,0,0,0,132,180,forward,10454.46,-13,0,1.6987445937315968,101.43658889163547
10:58:37,1.698798,101.436637,0,0,0,0,0,0,0,0,132,180,forward,10454.46,-13,0,1.6987445937315968,101.43658889163547
10:58:39,1.698798,101.436637,0,0,0,0,0,0,0,0,132,180,forward,10454.46,-13,0,1.6987445937315968,101.43658889163547
10:58:41,1.698798,101.436637,0,0,0,0,0,0,0,0,132,180,forward,10454.46,-13,0,1.6987445937315968,101.43658889163547
10:58:43,1.698798,101.436637,0,0,0,0,0,0,0,0,132,180,forward,10454.46,-13,0,1.6987445937315968,101.43658889163547
10:58:46,1.698798,101.436637,0,0,0,0,0,0,0,0,132,180,forward,10454.46,-13,0,1.6987445937315968,101.43658889163547
10:58:48,1.698798,101.436637,0,0,0,0,0,0,0,0,132,180,forward,10454.46,-13,0,1.6987445937315968,101.43658889163547
10:58:50,1.698798,101.436637,0,0,0,0,0,0,0,0,132,180,forward,10454.46,-13,0,1.6987445937315968,101.43658889163547
10:58:52,1.698798,101.436637,0,0,0,0,0,0,0,0,132,180,forward,10454.46,-13,0,1.6987445937315968,101.43658889163547
10:58:54,1.698798,101.436637,0,0,0,0,0,0,0,0,132,180,forward,10454.46,-13,0,1.6987445937315968,101.43658889163547
10:58:56,1.698798,101.436637,0,0,0,0,0,0,0,0,132,180,forward,10454.46,-13,0,1.6987445937315968,101.43658889163547
10:58:58,1.698798,101.436637,0,0,0,0,0,0,0,0,132,180,forward,10454.46,-13,0,1.6987445937315968,101.43658889163547
10:59:01,1.698798,101.436637,0,0,0,0,0,0,0,0,132,180,forward,10454.46,-13,0,1.6987445937315968,101.43658889163547
10:59:03,1.698798,101.436637,0,0,0,0,0,0,0,0,132,180,forward,10454.46,-13,0,1.6987445937315968,101.43658889163547
10:59:05,1.698798,101.436637,0,0,0,0,0,0,0,0,132,180,forward,10454.46,-13,0,1.6987445937315968,101.43658889163547
10:59:07,1.698798,101.436637,0,0,0,0,0,0,0,0,132,180,forward,10454.46,-13,0,1.6987445937315968,101.43658889163547
10:59:09,1.698798,101.436637,0,0,0,0,0,0,0,0,132,180,forward,10454.46,-13,0,1.6987445937315968,101.43658889163547
10:59:11,1.698798,101.436637,0,0,0,0,0,0,0,0,132,180,forward,10454.46,-13,0,1.6987445937315968,101.43658889163547
10:59:13,1.698798,101.436637,0,0,0,0,0,0,0,0,132,180,forward,10454.46,-13,0,1.6987445937315968,101.43658889163547
10:59:16,1.698798,101.436637,0,0,0,0,0,0,0,0,132,180,forward,10454.46,-13,0,1.6987445937315968,101.43658889163547
10:59:18,1.698798,101.436637,0,0,0,0,0,0,0,0,132,180,forward,10454.46,-13,0,1.6987445937315968,101.43658889163547
10:59:20,1.698798,101.436637,0,0,0,0,0,0,0,0,132,180,forward,10454.46,-13,0,1.6987445937315968,101.43658889163547
10:59:22,1.698798,101.436637,0,0,0,0,0,0,0,0,132,180,forward,10454.46,-13,0,1.6987445937315968,101.43658889163547
10:59:24,1.698798,101.436637,0,0,0,0,0,0,0,0,132,180,forward,10454.46,-13,0,1.6987445937315968,101.43658889163547
10:59:27,1.698798,101.436637,0,0,0,0,0,0,0,0,132,180,forward,10454.46,-13,0,1.6987445937315968,101.43658889163547
10:59:29,1.698798,101.436637,0,0,0,0,0,0,0,0,132,180,forward,10454.46,-13,0,1.6987445937315968,101.43658889163547
10:59:31,1.698798,101.436637,0,0,0,0,0,0,0,0,132,180,forward,10454.46,-13,0,1.6987445937315968,101.43658889163547
10:59:33,1.698798,101.436637,0,0,0,0,0,0,0,0,132,180,forward,10454.46,-13,0,1.6987445937315968,101.43658889163547
10:59:35,1.698798,101.436637,0,0,0,0,0,0,0,0,132,180,forward,10454.46,-13,0,1.6987445937315968,101.43658889163547
10:59:37,1.698798,101.436637,0,0,0,0,0,0,0,0,132,180,forward,10454.46,-13,0,1.6987445937315968,101.43658889163547
10:59:40,1.698798,101.436637,0,0,0,0,0,0,0,0,132,180,forward,10454.46,-13,0,1.6987445937315968,101.43658889163547
10:59:42,1.698798,101.436637,0,0,0,0,0,0,0,0,132,180,forward,10454.46,-13,0,1.6987445937315968,101.43658889163547
10:59:44,1.698798,101.436637,0,0,0,0,0,0,0,0,132,180,forward,10454.46,-13,0,1.6987445937315968,101.43658889163547
10:59:46,1.698798,101.436637,0,0,0,0,0,0,0,0,132,180,forward,10454.46,-13,0,1.6987445937315968,101.43658889163547
10:59:48,1.698798,101.436637,0,0,0,0,0,0,0,0,132,180,forward,10454.46,-13,0,1.6987445937315968,101.43658889163547
10:59:51,1.698798,101.436637,0,0,0,0,0,0,0,0,132,180,forward,10454.46,-13,0,1.6987445937315968,101.43658889163547
10:59:53,1.698798,101.436637,0,0,0,0,0,0,0,0,132,180,forward,10454.46,-13,0,1.6987445937315968,101.43658889163547
10:59:55,1.698798,101.436637,0,0,0,0,0,0,0,0,132,180,forward,10454.46,-13,0,1.6987445937315968,101.43658889163547
10:59:57,1.698798,101.436637,0,0,0,0,0,0,0,0,132,180,forward,10454.46,-13,0,1.6987445937315968,101.43658889163547
10:59:59,1.698798,101.436637,0,0,0,0,0,0,0,0,132,180,forward,10454.46,-13,0,1.6987445937315968,101.43658889163547
11:00:01,1.698798,101.436637,0,0,0,0,0,0,0,0,132,180,forward,10454.46,-13,0,1.6987445937315968,101.43658889163547
11:00:04,1.698798,101.436637,0,0,0,0,0,0,0,0,132,180,forward,10454.46,-13,0,1.6987445937315968,101.43658889163547
11:00:06,1.698798,101.436637,0,0,0,0,0,0,0,0,132,180,forward,10454.46,-13,0,1.6987445937315968,101.43658889163547
11:00:08,1.698798,101.436637,0,0,0,0,0,0,0,0,132,180,forward,10454.46,-13,0,1.6987445937315968,101.43658889163547
11:00:10,1.698798,101.436637,0,0,0,0,0,0,0,0,132,180,forward,10454.46,-13,0,1.6987445937315968,101.43658889163547
11:00:12,1.698798,101.436637,0,0,0,0,0,0,0,0,132,180,forward,10454.46,-13,0,1.6987445937315968,101.43658889163547
11:00:14,1.698798,101.436637,0,0,0,0,0,0,0,0,132,180,forward,10454.46,-13,0,1.6987445937315968,101.43658889163547
11:00:16,1.698798,101.436637,0,0,0,0,0,0,0,0,132,180,forward,10454.46,-13,0,1.6987445937315968,101.43658889163547
11:00:18,1.698798,101.436637,0,0,0,0,0,0,0,0,132,180,forward,10454.46,-13,0,1.6987445937315968,101.43658889163547
11:00:21,1.698798,101.436637,0,0,0,0,0,0,0,0,132,180,forward,10454.46,-13,0,1.6987445937315968,101.43658889163547
11:00:23,1.698798,101.436637,0,0,0,0,0,0,0,0,132,180,forward,10454.46,-13,0,1.6987445937315968,101.43658889163547
11:00:25,1.698798,101.436637,0,0,0,0,0,0,0,0,132,180,forward,10454.46,-13,0,1.6987445937315968,101.43658889163547
11:00:27,1.698798,101.436637,0,0,0,0,0,0,0,0,132,180,forward,10454.46,-13,0,1.6987445937315968,101.43658889163547
11:00:29,1.698798,101.436637,0,0,0,0,0,0,0,0,132,180,forward,10454.46,-13,0,1.6987445937315968,101.43658889163547
11:00:31,1.698798,101.436637,0,0,0,0,0,0,0,0,132,180,forward,10454.46,-13,0,1.6987445937315968,101.43658889163547
11:00:33,1.698798,101.436637,0,0,0,0,0,0,0,0,132,180,forward,10454.46,-13,0,1.6987445937315968,101.43658889163547
11:00:36,1.698798,101.436637,0,0,0,0,0,0,0,0,132,180,forward,10454.46,-13,0,1.6987445937315968,101.43658889163547
11:00:38,1.698798,101.436637,0,0,0,0,0,0,0,0,132,180,forward,10454.46,-13,0,1.6987445937315968,101.43658889163547
11:00:40,1.698798,101.436637,0,0,0,0,0,0,0,0,132,180,forward,10454.46,-13,0,1.6987445937315968,101.43658889163547
11:00:42,1.698798,101.436637,0,0,0,0,0,0,0,0,132,180,forward,10454.46,-13,0,1.6987445937315968,101.43658889163547
11:00:44,1.698798,101.436637,0,0,0,0,0,0,0,0,132,180,forward,10454.46,-13,0,1.6987445937315968,101.43658889163547
11:00:46,1.698798,101.436637,0,0,0,0,0,0,0,0,132,180,forward,10454.46,-13,0,1.6987445937315968,101.43658889163547
11:00:49,1.698798,101.436637,0,0,0,0,0,0,0,0,132,180,forward,10454.46,-13,0,1.6987445937315968,101.43658889163547
11:00:51,1.698798,101.436637,0,0,0,0,0,0,0,0,132,180,forward,10454.46,-13,0,1.6987445937315968,101.43658889163547
11:00:53,1.698798,101.436637,0,0,0,0,0,0,0,0,132,180,forward,10454.46,-13,0,1.6987445937315968,101.43658889163547
11:00:55,1.698798,101.436637,0,0,0,0,0,0,0,0,132,180,forward,10454.46,-13,0,1.6987445937315968,101.43658889163547
11:00:57,1.698798,101.436637,0,0,0,0,0,0,0,0,132,180,forward,10454.46,-13,0,1.6987445937315968,101.43658889163547
11:00:59,1.698798,101.436637,0,0,0,0,0,0,0,0,132,180,forward,10454.46,-13,0,1.6987445937315968,101.43658889163547
11:01:01,1.698798,101.436637,0,0,0,0,0,0,0,0,132,180,forward,10454.46,-13,0,1.6987445937315968,101.43658889163547
11:01:03,1.698798,101.436637,0,0,0,0,0,0,0,0,132,180,forward,10454.46,-13,0,1.6987445937315968,101.43658889163547
11:01:06,1.698798,101.436637,0,0,0,0,0,0,0,0,132,180,forward,10454.46,-13,0,1.6987445937315968,101.43658889163547
11:01:08,1.698798,101.436637,0,0,0,0,0,0,0,0,132,180,forward,10454.46,-13,0,1.6987445937315968,101.43658889163547
11:01:10,1.698798,101.436637,0,0,0,0,0,0,0,0,132,180,forward,10454.46,-13,0,1.6987445937315968,101.43658889163547
11:01:12,1.698798,101.436637,0,0,0,0,0,0,0,0,132,180,forward,10454.46,-13,0,1.6987445937315968,101.43658889163547
11:01:14,1.698798,101.436637,0,0,0,0,0,0,0,0,132,180,forward,10454.46,-13,0,1.6987445937315968,101.43658889163547
11:01:16,1.698798,101.436637,0,0,0,0,0,0,0,0,132,180,forward,10454.46,-13,0,1.6987445937315968,101.43658889163547
11:01:18,1.698798,101.436637,0,0,0,0,0,0,0,0,132,180,forward,10454.46,-13,0,1.6987445937315968,101.43658889163547
11:01:21,1.698798,101.436637,0,0,0,0,0,0,0,0,132,180,forward,10454.46,-13,0,1.6987445937315968,101.43658889163547
11:01:23,1.698798,101.436637,0,0,0,0,0,0,0,0,132,180,forward,10454.46,-13,0,1.6987445937315968,101.43658889163547
11:01:25,1.698798,101.436637,0,0,0,0,0,0,0,0,132,180,forward,10454.46,-13,0,1.6987445937315968,101.43658889163547
11:01:27,1.698798,101.436637,0,0,0,0,0,0,0,0,132,180,forward,10454.46,-13,0,1.6987445937315968,101.43658889163547
11:01:29,1.698798,101.436637,0,0,0,0,0,0,0,0,132,180,forward,10454.46,-13,0,1.6987445937315968,101.43658889163547
11:01:31,1.698798,101.436637,0,0,0,0,0,0,0,0,132,180,forward,10454.46,-13,0,1.6987445937315968,101.43658889163547
11:01:34,1.698798,101.436637,0,0,0,0,0,0,0,0,132,180,forward,10454.46,-13,0,1.6987445937315968,101.43658889163547
11:01:36,1.698798,101.436637,0,0,0,0,0,0,0,0,132,180,forward,10454.46,-13,0,1.6987445937315968,101.43658889163547
11:01:38,1.698798,101.436637,0,0,0,0,0,0,0,0,132,180,forward,10454.46,-13,0,1.6987445937315968,101.43658889163547
11:01:40,1.698798,101.436637,0,0,0,0,0,0,0,0,132,180,forward,10454.46,-13,0,1.6987445937315968,101.43658889163547
11:01:42,1.698798,101.436637,0,0,0,0,0,0,0,0,132,180,forward,10454.46,-13,0,1.6987445937315968,101.43658889163547
11:01:45,1.698798,101.436637,0,0,0,0,0,0,0,0,132,180,forward,10454.46,-13,0,1.6987445937315968,101.43658889163547
11:01:47,1.698798,101.436637,0,0,0,0,0,0,0,0,132,180,forward,10454.46,-13,0,1.6987445937315968,101.43658889163547
11:01:49,1.698798,101.436637,0,0,0,0,0,0,0,0,132,180,forward,10454.46,-13,0,1.6987445937315968,101.43658889163547
11:01:51,1.698798,101.436637,0,0,0,0,0,0,0,0,132,180,forward,10454.46,-13,0,1.6987445937315968,101.43658889163547
11:01:53,1.698798,101.436637,0,0,0,0,0,0,0,0,132,180,forward,10454.46,-13,0,1.6987445937315968,101.43658889163547
11:01:55,1.698798,101.436637,0,0,0,0,0,0,0,0,132,180,forward,10454.46,-13,0,1.6987445937315968,101.43658889163547
11:01:57,1.698798,101.436637,0,0,0,0,0,0,0,0,132,180,forward,10454.46,-13,0,1.6987445937315968,101.43658889163547
11:02:00,1.698798,101.436637,0,0,0,0,0,0,0,0,132,180,forward,10454.46,-13,0,1.6987445937315968,101.43658889163547
11:02:02,1.698798,101.436637,0,0,0,0,0,0,0,0,132,180,forward,10454.46,-13,0,1.6987445937315968,101.43658889163547
11:02:04,1.698798,101.436637,0,0,0,0,0,0,0,0,132,180,forward,10454.46,-13,0,1.6987445937315968,101.43658889163547
11:02:06,1.698798,101.436637,0,0,0,0,0,0,0,0,132,180,forward,10454.46,-13,0,1.6987445937315968,101.43658889163547
11:02:08,1.698798,101.436637,0,0,0,0,0,0,0,0,132,180,forward,10454.46,-13,0,1.6987445937315968,101.43658889163547
11:02:10,1.698798,101.436637,0,0,0,0,0,0,0,0,132,180,forward,10454.46,-13,0,1.6987445937315968,101.43658889163547
11:02:12,1.698798,101.436637,0,0,0,0,0,0,0,0,132,180,forward,10454.46,-13,0,1.6987445937315968,101.43658889163547
11:02:14,1.698798,101.436637,0,0,0,0,0,0,0,0,132,180,forward,10454.46,-13,0,1.6987445937315968,101.43658889163547
11:02:17,1.698798,101.436637,0,0,0,0,0,0,0,0,132,180,forward,10454.46,-13,0,1.6987445937315968,101.43658889163547
11:02:19,1.698798,101.436637,0,0,0,0,0,0,0,0,132,180,forward,10454.46,-13,0,1.6987445937315968,101.43658889163547
11:02:21,1.698798,101.436637,0,0,0,0,0,0,0,0,132,180,forward,10454.46,-13,0,1.6987445937315968,101.43658889163547
11:02:23,1.698798,101.436637,0,0,0,0,0,0,0,0,132,180,forward,10454.46,-13,0,1.6987445937315968,101.43658889163547
11:02:25,1.698798,101.436637,0,0,0,0,0,0,0,0,132,180,forward,10454.46,-13,0,1.6987445937315968,101.43658889163547
11:02:27,1.698798,101.436637,0,0,0,0,0,0,0,0,132,180,forward,10454.46,-13,0,1.6987445937315968,101.43658889163547
11:02:30,1.698798,101.436637,0,0,0,0,0,0,0,0,132,180,forward,10454.46,-13,0,1.6987445937315968,101.43658889163547
11:02:32,1.698798,101.436637,0,0,0,0,0,0,0,0,132,180,forward,10454.46,-13,0,1.6987445937315968,101.43658889163547
11:02:34,1.698798,101.436637,0,0,0,0,0,0,0,0,132,180,forward,10454.46,-13,0,1.6987445937315968,101.43658889163547
11:02:36,1.698798,101.436637,0,0,0,0,0,0,0,0,132,180,forward,10454.46,-13,0,1.6987445937315968,101.43658889163547
11:02:38,1.698798,101.436637,0,0,0,0,0,0,0,0,132,180,forward,10454.46,-13,0,1.6987445937315968,101.43658889163547
11:02:41,1.698798,101.436637,0,0,0,0,0,0,0,0,132,180,forward,10454.46,-13,0,1.6987445937315968,101.43658889163547
11:02:43,1.698798,101.436637,0,0,0,0,0,0,0,0,132,180,forward,10454.46,-13,0,1.6987445937315968,101.43658889163547
11:02:45,1.698665,101.436445,0,0,0,0,0,0,0,0,116,180,forward,10466.02,2,0,1.698600407965675,101.43641348250958
11:02:47,1.698665,101.436446,0,0,0,0,0,0,0,0,116,180,forward,10465.93,2,0,1.698600407965675,101.43641448250958
11:02:49,1.698665,101.436447,0,0,0,0,0,0,0,0,116,180,forward,10465.83,2,0,1.698600407965675,101.43641548250957
11:02:51,1.698665,101.436447,0,0,0,0,0,0,0,0,116,180,forward,10465.83,1,0,1.698600407965675,101.43641548250957
11:02:54,1.698666,101.436448,0,0,0,0,0,0,0,0,117,180,forward,10465.78,1,0,1.6986019676176858,101.43641535952779
11:02:56,1.698666,101.436448,0,0,0,0,0,0,0,0,117,180,forward,10465.78,1,0,1.6986019676176858,101.43641535952779
11:02:58,1.698666,101.436448,0,0,0,0,0,0,0,0,117,180,forward,10465.78,1,0,1.6986019676176858,101.43641535952779
11:03:00,1.698666,101.436449,0,0,0,0,0,0,0,0,117,180,forward,10465.69,1,0,1.6986019676176858,101.43641635952778
11:03:02,1.698665,101.436449,0,0,0,0,0,0,0,0,117,180,forward,10465.63,1,0,1.6986009676176859,101.4364163595278
11:03:04,1.698665,101.43645,0,0,0,0,0,0,0,0,117,180,forward,10465.54,1,0,1.6986009676176859,101.4364173595278
11:03:06,1.698665,101.43645,0,0,0,0,0,0,0,0,118,180,forward,10465.54,1,0,1.6986015467745808,101.43641624648862
11:03:09,1.698665,101.436451,0,0,0,0,0,0,0,0,118,180,forward,10465.44,0,0,1.6986015467745808,101.43641724648863
11:03:11,1.698665,101.436451,0,0,0,0,0,0,0,0,117,180,forward,10465.44,0,0,1.6986009676176859,101.4364183595278
11:03:13,1.698665,101.436452,0,0,0,0,0,0,0,0,117,180,forward,10465.34,1,0,1.6986009676176859,101.4364193595278
11:03:15,1.698665,101.436453,0,0,0,0,0,0,0,0,118,180,forward,10465.24,0,0,1.6986015467745808,101.43641924648863
11:03:17,1.698665,101.436453,0,0,0,0,0,0,0,0,118,180,forward,10465.24,0,0,1.6986015467745808,101.43641924648863
11:03:20,1.698665,101.436454,0,0,0,0,0,0,0,0,118,180,forward,10465.15,0,0,1.6986015467745808,101.43642024648862
11:03:22,1.698665,101.436454,0,0,0,0,0,0,0,0,118,180,forward,10465.15,0,0,1.6986015467745808,101.43642024648862
11:03:24,1.698666,101.436455,0,0,0,0,0,0,0,0,118,180,forward,10465.1,0,0,1.6986025467745807,101.4364212464886
11:03:26,1.698666,101.436455,0,0,0,0,0,0,0,0,118,180,forward,10465.1,0,0,1.6986025467745807,101.4364212464886
11:03:28,1.698666,101.436455,0,0,0,0,0,0,0,0,118,180,forward,10465.1,0,0,1.6986025467745807,101.4364212464886
11:03:30,1.698666,101.436456,0,0,0,0,0,0,0,0,118,180,forward,10465.01,0,0,1.6986025467745807,101.43642224648862
11:03:33,1.698665,101.436456,0,0,0,0,0,0,0,0,119,180,forward,10464.95,0,0,1.698602145259943,101.43642114373111
11:03:35,1.698665,101.436457,0,0,0,0,0,0,0,0,119,180,forward,10464.86,0,0,1.698602145259943,101.43642214373111
11:03:37,1.698665,101.436457,0,0,0,0,0,0,0,0,119,180,forward,10464.86,0,0,1.698602145259943,101.43642214373111
11:03:39,1.698665,101.436458,0,0,0,0,0,0,0,0,119,180,forward,10464.76,0,0,1.698602145259943,101.4364231437311
11:03:41,1.698664,101.436459,0,0,0,0,0,0,0,0,119,180,forward,10464.61,0,0,1.6986011452599428,101.43642414373113
11:03:43,1.698664,101.436459,0,0,0,0,0,0,0,0,119,180,forward,10464.61,0,0,1.6986011452599428,101.43642414373113
11:03:45,1.698664,101.436459,0,0,0,0,0,0,0,0,119,180,forward,10464.61,0,0,1.6986011452599428,101.43642414373113
11:03:47,1.698663,101.436459,0,0,0,0,0,0,0,0,119,180,forward,10464.55,0,0,1.6986001452599429,101.43642414373114
11:03:50,1.698663,101.43646,0,0,0,0,0,0,0,0,119,180,forward,10464.46,0,0,1.6986001452599429,101.43642514373114
11:03:52,1.698663,101.43646,0,0,0,0,0,0,0,0,119,180,forward,10464.46,0,0,1.6986001452599429,101.43642514373114
11:03:54,1.698663,101.436461,0,0,0,0,0,0,0,0,119,180,forward,10464.36,0,0,1.6986001452599429,101.43642614373114
11:03:56,1.698662,101.436461,0,0,0,0,0,0,0,0,119,180,forward,10464.31,0,0,1.6985991452599427,101.43642614373115
11:03:58,1.698662,101.436462,0,0,0,0,0,0,0,0,120,180,forward,10464.21,0,0,1.6985997628914675,101.43642605159121
11:04:01,1.698662,101.436463,0,0,0,0,0,0,0,0,119,180,forward,10464.11,0,0,1.6985991452599427,101.43642814373116
11:04:03,1.698662,101.436464,0,0,0,0,0,0,0,0,119,180,forward,10464.01,0,0,1.6985991452599427,101.43642914373116
11:04:05,1.698661,101.436464,0,0,0,0,0,0,0,0,120,180,forward,10463.96,-1,0,1.6985987628914676,101.43642805159122
11:04:07,1.698661,101.436466,0,0,0,0,0,0,0,0,119,180,forward,10463.77,0,0,1.6985981452599428,101.43643114373118
11:04:09,1.698661,101.436466,0,0,0,0,0,0,0,0,120,180,forward,10463.77,-1,0,1.6985987628914676,101.43643005159122
11:04:11,1.698661,101.436467,0,0,0,0,0,0,0,0,119,180,forward,10463.67,0,0,1.6985981452599428,101.43643214373118
11:04:14,1.698661,101.436468,0,0,0,0,0,0,0,0,120,180,forward,10463.57,-1,0,1.6985987628914676,101.43643205159123
11:04:16,1.698661,101.436468,0,0,0,0,0,0,0,0,120,180,forward,10463.57,-1,0,1.6985987628914676,101.43643205159123
11:04:18,1.698661,101.436469,0,0,0,0,0,0,0,0,120,180,forward,10463.47,-1,0,1.6985987628914676,101.43643305159122
11:04:20,1.698661,101.436469,0,0,0,0,0,0,0,0,120,180,forward,10463.47,-1,0,1.6985987628914676,101.43643305159122
11:04:22,1.698661,101.436469,0,0,0,0,0,0,0,0,120,180,forward,10463.47,-1,0,1.6985987628914676,101.43643305159122
11:04:24,1.698662,101.43647,0,0,0,0,0,0,0,0,120,180,forward,10463.43,-1,0,1.6985997628914675,101.4364340515912
11:04:26,1.698662,101.43647,0,0,0,0,0,0,0,0,120,180,forward,10463.43,-1,0,1.6985997628914675,101.4364340515912
11:04:29,1.698662,101.43647,0,0,0,0,0,0,0,0,120,180,forward,10463.43,-1,0,1.6985997628914675,101.4364340515912
11:04:31,1.698663,101.43647,0,0,0,0,0,0,0,0,120,180,forward,10463.48,-1,0,1.6986007628914677,101.43643405159118
11:04:33,1.698663,101.43647,0,0,0,0,0,0,0,0,120,180,forward,10463.48,-1,0,1.6986007628914677,101.43643405159118
11:04:35,1.698664,101.436469,0,0,0,0,0,0,0,0,119,180,forward,10463.63,0,0,1.6986011452599428,101.43643414373113
11:04:37,1.698664,101.436469,0,0,0,0,0,0,0,0,120,180,forward,10463.63,-1,0,1.6986017628914676,101.43643305159117
11:04:39,1.698665,101.436469,0,0,0,0,0,0,0,0,120,180,forward,10463.69,-1,0,1.6986027628914677,101.43643305159115
11:04:42,1.698665,101.436468,0,0,0,0,0,0,0,0,120,180,forward,10463.78,-1,0,1.6986027628914677,101.43643205159115
11:04:44,1.698666,101.436468,0,0,0,0,0,0,0,0,120,180,forward,10463.84,-1,0,1.6986037628914676,101.43643205159113
11:04:46,1.698667,101.436468,0,0,0,0,0,0,0,0,120,180,forward,10463.89,-1,0,1.6986047628914676,101.43643205159111
11:04:48,1.698667,101.436467,0,0,0,0,0,0,0,0,120,180,forward,10463.99,-1,0,1.6986047628914676,101.4364310515911
11:04:50,1.698668,101.436466,0,0,0,0,0,0,0,0,120,180,forward,10464.14,-1,0,1.6986057628914677,101.43643005159109
11:04:52,1.698669,101.436466,0,0,0,0,0,0,0,0,120,180,forward,10464.19,-1,0,1.6986067628914676,101.43643005159106
11:04:54,1.698669,101.436465,0,0,0,0,0,0,0,0,120,180,forward,10464.29,-1,0,1.6986067628914676,101.43642905159106
11:04:57,1.69867,101.436465,0,0,0,0,0,0,0,0,120,180,forward,10464.34,-1,0,1.6986077628914675,101.43642905159105
11:04:59,1.698671,101.436464,0,0,0,0,0,0,0,0,120,180,forward,10464.49,-1,0,1.6986087628914677,101.43642805159104
11:05:01,1.698671,101.436464,0,0,0,0,0,0,0,0,120,180,forward,10464.49,-1,0,1.6986087628914677,101.43642805159104
11:05:03,1.698672,101.436464,0,0,0,0,0,0,0,0,120,180,forward,10464.55,-1,0,1.6986097628914676,101.43642805159102
11:05:05,1.698672,101.436464,0,0,0,0,0,0,0,0,120,180,forward,10464.55,-1,0,1.6986097628914676,101.43642805159102
11:05:07,1.698673,101.436464,0,0,0,0,0,0,0,0,120,180,forward,10464.6,-1,0,1.6986107628914677,101.436428051591
11:05:10,1.698673,101.436464,0,0,0,0,0,0,0,0,120,180,forward,10464.6,-1,0,1.6986107628914677,101.436428051591
11:05:12,1.698673,101.436464,0,0,0,0,0,0,0,0,120,180,forward,10464.6,-1,0,1.6986107628914677,101.436428051591
11:05:14,1.698674,101.436464,0,0,0,0,0,0,0,0,120,180,forward,10464.65,-1,0,1.6986117628914676,101.43642805159098
11:05:16,1.698674,101.436464,0,0,0,0,0,0,0,0,120,180,forward,10464.65,-1,0,1.6986117628914676,101.43642805159098
11:05:18,1.698674,101.436465,0,0,0,0,0,0,0,0,120,180,forward,10464.56,-1,0,1.6986117628914676,101.43642905159098
11:05:20,1.698675,101.436465,0,0,0,0,0,0,0,0,119,180,forward,10464.61,0,0,1.6986121452599428,101.43643014373093
11:05:22,1.698675,101.436464,0,0,0,0,0,0,0,0,120,180,forward,10464.71,-1,0,1.6986127628914676,101.43642805159097
11:05:24,1.698675,101.436464,0,0,0,0,0,0,0,0,119,180,forward,10464.71,-1,0,1.6986121452599428,101.43642914373093
11:05:27,1.698675,101.436464,0,0,0,0,0,0,0,0,119,180,forward,10464.71,0,0,1.6986121452599428,101.43642914373093
11:05:29,1.698675,101.436464,0,0,0,0,0,0,0,0,120,180,forward,10464.71,-1,0,1.6986127628914676,101.43642805159097
11:05:31,1.698675,101.436464,0,0,0,0,0,0,0,0,120,180,forward,10464.71,-1,0,1.6986127628914676,101.43642805159097
11:05:33,1.698675,101.436463,0,0,0,0,0,0,0,0,119,180,forward,10464.8,-1,0,1.6986121452599428,101.43642814373094
11:05:35,1.698674,101.436463,0,0,0,0,0,0,0,0,119,180,forward,10464.75,0,0,1.6986111452599428,101.43642814373095
11:05:37,1.698674,101.436463,0,0,0,0,0,0,0,0,119,180,forward,10464.75,0,0,1.6986111452599428,101.43642814373095
11:05:39,1.698673,101.436463,0,0,0,0,0,0,0,0,119,180,forward,10464.7,-1,0,1.698610145259943,101.43642814373096
11:05:42,1.698673,101.436463,0,0,0,0,0,0,0,0,120,180,forward,10464.7,-1,0,1.6986107628914677,101.436427051591
11:05:44,1.698672,101.436463,0,0,0,0,0,0,0,0,119,180,forward,10464.64,0,0,1.6986091452599428,101.43642814373099
11:05:46,1.698672,101.436463,0,0,0,0,0,0,0,0,119,180,forward,10464.64,0,0,1.6986091452599428,101.43642814373099
11:05:48,1.698671,101.436463,0,0,0,0,0,0,0,0,119,180,forward,10464.59,0,0,1.6986081452599429,101.436428143731
11:05:50,1.698671,101.436463,0,0,0,0,0,0,0,0,119,180,forward,10464.59,0,0,1.6986081452599429,101.436428143731
11:05:52,1.69867,101.436462,0,0,0,0,0,0,0,0,119,180,forward,10464.64,0,0,1.6986071452599427,101.43642714373102
11:05:54,1.69867,101.436462,0,0,0,0,0,0,0,0,119,180,forward,10464.64,0,0,1.6986071452599427,101.43642714373102
11:05:57,1.698669,101.436461,0,0,0,0,0,0,0,0,119,180,forward,10464.68,0,0,1.6986061452599428,101.43642614373103
11:05:59,1.698669,101.436461,0,0,0,0,0,0,0,0,119,180,forward,10464.68,0,0,1.6986061452599428,101.43642614373103
11:06:01,1.698669,101.43646,0,0,0,0,0,0,0,0,119,180,forward,10464.78,0,0,1.6986061452599428,101.43642514373103
11:06:03,1.698668,101.436459,0,0,0,0,0,0,0,0,119,180,forward,10464.82,0,0,1.6986051452599429,101.43642414373106
11:06:05,1.698668,101.436459,0,0,0,0,0,0,0,0,119,180,forward,10464.82,0,0,1.6986051452599429,101.43642414373106
11:06:07,1.698668,101.436458,0,0,0,0,0,0,0,0,119,180,forward,10464.92,0,0,1.6986051452599429,101.43642314373106
11:06:10,1.698667,101.436457,0,0,0,0,0,0,0,0,119,180,forward,10464.96,0,0,1.6986041452599427,101.43642214373108
11:06:12,1.698667,101.436456,0,0,0,0,0,0,0,0,119,180,forward,10465.06,0,0,1.6986041452599427,101.43642114373108
11:06:14,1.698666,101.436455,0,0,0,0,0,0,0,0,119,180,forward,10465.1,0,0,1.6986031452599428,101.43642014373108
11:06:16,1.698666,101.436454,0,0,0,0,0,0,0,0,119,180,forward,10465.2,0,0,1.6986031452599428,101.43641914373109
11:06:18,1.698665,101.436453,0,0,0,0,0,0,0,0,119,180,forward,10465.24,0,0,1.698602145259943,101.4364181437311
11:06:20,1.698665,101.436453,0,0,0,0,0,0,0,0,119,180,forward,10465.24,0,0,1.698602145259943,101.4364181437311
11:06:23,1.698665,101.436452,0,0,0,0,0,0,0,0,119,180,forward,10465.34,0,0,1.698602145259943,101.4364171437311
11:06:25,1.698664,101.436452,0,0,0,0,0,0,0,0,119,180,forward,10465.29,0,0,1.6986011452599428,101.43641714373113
11:06:27,1.698664,101.436452,0,0,0,0,0,0,0,0,119,180,forward,10465.29,0,0,1.6986011452599428,101.43641714373113
11:06:29,1.698664,101.436452,0,0,0,0,0,0,0,0,119,180,forward,10465.29,0,0,1.6986011452599428,101.43641714373113
11:06:31,1.698663,101.436452,0,0,0,0,0,0,0,0,119,180,forward,10465.24,0,0,1.6986001452599429,101.43641714373115
11:06:33,1.698663,101.436451,0,0,0,0,0,0,0,0,119,180,forward,10465.33,0,0,1.6986001452599429,101.43641614373115
11:06:36,1.698663,101.436451,0,0,0,0,0,0,0,0,119,180,forward,10465.33,0,0,1.6986001452599429,101.43641614373115
11:06:38,1.698662,101.43645,0,0,0,0,0,0,0,0,119,180,forward,10465.38,0,0,1.6985991452599427,101.43641514373115
11:06:40,1.698662,101.436449,0,0,0,0,0,0,0,0,119,180,forward,10465.47,0,0,1.6985991452599427,101.43641414373116
11:06:42,1.698662,101.436448,0,0,0,0,0,0,0,0,119,180,forward,10465.57,0,0,1.6985991452599427,101.43641314373116
11:06:44,1.698661,101.436448,0,0,0,0,0,0,0,0,119,180,forward,10465.52,0,0,1.6985981452599428,101.43641314373119
11:06:47,1.698661,101.436447,0,0,0,0,0,0,0,0,118,180,forward,10465.61,0,0,1.6985975467745806,101.4364132464887
11:06:49,1.69866,101.436447,0,0,0,0,0,0,0,0,118,180,forward,10465.56,0,0,1.6985965467745807,101.43641324648873
11:06:51,1.69866,101.436447,0,0,0,0,0,0,0,0,119,180,forward,10465.56,0,0,1.6985971452599429,101.4364121437312
11:06:53,1.698659,101.436446,0,0,0,0,0,0,0,0,118,180,forward,10465.61,0,0,1.6985955467745806,101.43641224648874
11:06:55,1.698659,101.436445,0,0,0,0,0,0,0,0,118,180,forward,10465.7,0,0,1.6985955467745806,101.43641124648875
11:06:58,1.698659,101.436444,0,0,0,0,0,0,0,0,118,180,forward,10465.8,0,0,1.6985955467745806,101.43641024648873
11:07:00,1.698659,101.436442,0,0,0,0,0,0,0,0,118,180,forward,10465.99,0,0,1.6985955467745806,101.43640824648874
11:07:02,1.698658,101.436442,0,0,0,0,0,0,0,0,119,180,forward,10465.94,0,0,1.6985951452599428,101.43640714373123
11:07:04,1.698658,101.436441,0,0,0,0,0,0,0,0,118,180,forward,10466.04,0,0,1.6985945467745807,101.43640724648876
11:07:06,1.698657,101.436441,0,0,0,0,0,0,0,0,118,180,forward,10465.99,0,0,1.6985935467745807,101.43640724648877
11:07:08,1.698657,101.43644,0,0,0,0,0,0,0,0,118,180,forward,10466.08,0,0,1.6985935467745807,101.43640624648877
11:07:11,1.698655,101.43644,0,0,0,0,0,0,0,0,118,180,forward,10465.98,0,0,1.6985915467745807,101.43640624648881
11:07:13,1.698654,101.436439,0,0,0,0,0,0,0,0,118,180,forward,10466.02,0,0,1.6985905467745808,101.43640524648882
11:07:15,1.698652,101.436438,0,0,0,0,0,0,0,0,117,180,forward,10466.01,1,0,1.6985879676176858,101.43640535952801
11:07:17,1.69865,101.436437,0,0,0,0,0,0,0,0,118,180,forward,10466.0,0,0,1.6985865467745807,101.4364032464889
11:07:19,1.698648,101.436436,0,0,0,0,0,0,0,0,117,180,forward,10465.99,0,0,1.6985839676176857,101.43640335952809
11:07:22,1.698647,101.436436,0,0,0,0,0,0,0,0,117,180,forward,10465.94,1,0,1.6985829676176858,101.4364033595281
11:07:24,1.698645,101.436435,0,0,0,0,0,0,0,0,117,180,forward,10465.93,1,0,1.6985809676176857,101.43640235952815
11:07:26,1.698644,101.436435,0,0,0,0,0,0,0,0,117,180,forward,10465.88,1,0,1.6985799676176858,101.43640235952816
11:07:28,1.698643,101.436435,0,0,0,0,0,0,0,0,117,180,forward,10465.82,1,0,1.6985789676176857,101.43640235952817
11:07:30,1.698642,101.436435,0,0,0,0,0,0,0,0,117,180,forward,10465.77,1,0,1.6985779676176858,101.43640235952819
11:07:32,1.698641,101.436435,0,0,0,0,0,0,0,0,116,180,forward,10465.72,1,0,1.6985764079656749,101.43640348250996
11:07:34,1.69864,101.436435,0,0,0,0,0,0,0,0,117,180,forward,10465.66,1,0,1.6985759676176857,101.43640235952823
11:07:37,1.69864,101.436436,0,0,0,0,0,0,0,0,116,180,forward,10465.57,2,0,1.6985754079656747,101.43640448250999
11:07:39,1.698639,101.436436,0,0,0,0,0,0,0,0,116,180,forward,10465.51,2,0,1.6985744079656748,101.43640448251
11:07:41,1.698638,101.436436,0,0,0,0,0,0,0,0,116,180,forward,10465.46,2,0,1.698573407965675,101.43640448251001
11:07:43,1.698638,101.436437,0,0,0,0,0,0,0,0,116,180,forward,10465.36,2,0,1.698573407965675,101.43640548251001
11:07:45,1.698637,101.436437,0,0,0,0,0,0,0,0,116,180,forward,10465.31,2,0,1.6985724079656748,101.43640548251003
11:07:47,1.698637,101.436437,0,0,0,0,0,0,0,0,116,180,forward,10465.31,2,0,1.6985724079656748,101.43640548251003
11:07:50,1.698637,101.436436,0,0,0,0,0,0,0,0,116,180,forward,10465.41,2,0,1.6985724079656748,101.43640448251003
11:07:52,1.698637,101.436436,0,0,0,0,0,0,0,0,115,180,forward,10465.41,3,0,1.698571867989023,101.43640561509231
11:07:54,1.698637,101.436435,0,0,0,0,0,0,0,0,115,180,forward,10465.5,3,0,1.698571867989023,101.43640461509231
11:07:56,1.698637,101.436434,0,0,0,0,0,0,0,0,115,180,forward,10465.6,3,0,1.698571867989023,101.43640361509232
11:07:58,1.698638,101.436434,0,0,0,0,0,0,0,0,116,180,forward,10465.65,2,0,1.698573407965675,101.43640248251002
11:08:00,1.698637,101.436433,0,0,0,0,0,0,0,0,115,180,forward,10465.7,3,0,1.698571867989023,101.4364026150923
11:08:02,1.698637,101.436432,0,0,0,0,0,0,0,0,115,180,forward,10465.79,3,0,1.698571867989023,101.43640161509231
11:08:05,1.698636,101.436432,0,0,0,0,0,0,0,0,115,180,forward,10465.74,3,0,1.698570867989023,101.43640161509232
11:08:07,1.698636,101.436431,0,0,0,0,0,0,0,0,115,180,forward,10465.84,3,0,1.698570867989023,101.43640061509232
11:08:09,1.698635,101.436431,0,0,0,0,0,0,0,0,114,180,forward,10465.79,4,0,1.6985693478522128,101.43640175693017
11:08:11,1.698635,101.43643,0,0,0,0,0,0,0,0,115,180,forward,10465.88,3,0,1.6985698679890229,101.43639961509236
11:08:13,1.698634,101.43643,0,0,0,0,0,0,0,0,114,180,forward,10465.83,4,0,1.698568347852213,101.43640075693018
11:08:16,1.698634,101.436429,0,0,0,0,0,0,0,0,114,180,forward,10465.93,4,0,1.698568347852213,101.43639975693019
11:08:18,1.698634,101.436429,0,0,0,0,0,0,0,0,114,180,forward,10465.93,4,0,1.698568347852213,101.43639975693019
11:08:20,1.698634,101.436429,0,0,0,0,0,0,0,0,114,180,forward,10465.93,4,0,1.698568347852213,101.43639975693019
11:08:22,1.698634,101.436429,0,0,0,0,0,0,0,0,114,180,forward,10465.93,4,0,1.698568347852213,101.43639975693019
11:08:24,1.698633,101.436429,0,0,0,0,0,0,0,0,114,180,forward,10465.87,4,0,1.698567347852213,101.4363997569302
11:08:27,1.698633,101.43643,0,0,0,0,0,0,0,0,114,180,forward,10465.78,4,0,1.698567347852213,101.4364007569302
11:08:29,1.698633,101.43643,0,0,0,0,0,0,0,0,114,180,forward,10465.78,4,0,1.698567347852213,101.4364007569302
11:08:31,1.698632,101.436429,0,0,0,0,0,0,0,0,114,180,forward,10465.82,4,0,1.6985663478522128,101.43639975693021
11:08:33,1.698632,101.436429,0,0,0,0,0,0,0,0,114,180,forward,10465.82,4,0,1.6985663478522128,101.43639975693021
11:08:35,1.698631,101.436429,0,0,0,0,0,0,0,0,114,180,forward,10465.77,4,0,1.698565347852213,101.43639975693024
11:08:38,1.698631,101.436429,0,0,0,0,0,0,0,0,114,180,forward,10465.77,4,0,1.698565347852213,101.43639975693024
11:08:40,1.698631,101.436429,0,0,0,0,0,0,0,0,114,180,forward,10465.77,4,0,1.698565347852213,101.43639975693024
11:08:42,1.69863,101.436429,0,0,0,0,0,0,0,0,114,180,forward,10465.71,4,0,1.698564347852213,101.43639975693026
11:08:44,1.698629,101.436428,0,0,0,0,0,0,0,0,114,180,forward,10465.76,4,0,1.6985633478522129,101.43639875693027
11:08:46,1.698628,101.436428,0,0,0,0,0,0,0,0,114,180,forward,10465.7,5,0,1.698562347852213,101.43639875693029
11:08:49,1.698628,101.436428,0,0,0,0,0,0,0,0,113,180,forward,10465.7,5,0,1.698561847713683,101.43639990767582
11:08:51,1.698628,101.436427,0,0,0,0,0,0,0,0,113,180,forward,10465.8,4,0,1.698561847713683,101.43639890767581
11:08:53,1.698627,101.436427,0,0,0,0,0,0,0,0,113,180,forward,10465.75,5,0,1.698560847713683,101.43639890767582
11:08:55,1.698627,101.436427,0,0,0,0,0,0,0,0,113,180,forward,10465.75,5,0,1.698560847713683,101.43639890767582
11:08:57,1.698626,101.436427,0,0,0,0,0,0,0,0,113,180,forward,10465.7,5,0,1.698559847713683,101.43639890767584
11:09:00,1.698625,101.436428,0,0,0,0,0,0,0,0,113,180,forward,10465.54,5,0,1.698558847713683,101.43639990767586
11:09:02,1.698625,101.436428,0,0,0,0,0,0,0,0,113,180,forward,10465.54,5,0,1.698558847713683,101.43639990767586
11:09:04,1.698624,101.436428,0,0,0,0,0,0,0,0,113,180,forward,10465.49,5,0,1.698557847713683,101.43639990767589
11:09:06,1.698624,101.436428,0,0,0,0,0,0,0,0,113,180,forward,10465.49,5,0,1.698557847713683,101.43639990767589
11:09:08,1.698623,101.436427,0,0,0,0,0,0,0,0,113,180,forward,10465.54,5,0,1.698556847713683,101.4363989076759
11:09:11,1.698623,101.436427,0,0,0,0,0,0,0,0,113,180,forward,10465.54,5,0,1.698556847713683,101.4363989076759
11:09:13,1.698623,101.436427,0,0,0,0,0,0,0,0,113,180,forward,10465.54,5,0,1.698556847713683,101.4363989076759
11:09:15,1.698623,101.436427,0,0,0,0,0,0,0,0,113,180,forward,10465.54,5,0,1.698556847713683,101.4363989076759
11:09:17,1.698623,101.436427,0,0,0,0,0,0,0,0,113,180,forward,10465.54,5,0,1.698556847713683,101.4363989076759
11:09:19,1.698623,101.436427,0,0,0,0,0,0,0,0,113,180,forward,10465.54,5,0,1.698556847713683,101.4363989076759
11:09:22,1.698623,101.436427,0,0,0,0,0,0,0,0,113,180,forward,10465.54,5,0,1.698556847713683,101.4363989076759
11:09:24,1.698623,101.436427,0,0,0,0,0,0,0,0,113,180,forward,10465.54,5,0,1.698556847713683,101.4363989076759
11:09:26,1.698623,101.436427,0,0,0,0,0,0,0,0,113,180,forward,10465.54,5,0,1.698556847713683,101.4363989076759
11:09:28,1.698623,101.436427,0,0,0,0,0,0,0,0,113,180,forward,10465.54,5,0,1.698556847713683,101.4363989076759
11:09:30,1.698623,101.436427,0,0,0,0,0,0,0,0,113,180,forward,10465.54,5,0,1.698556847713683,101.4363989076759
11:09:33,1.69862,101.436419,0,0,0,0,0,0,0,0,113,180,forward,10466.15,5,0,1.698553847713683,101.43639090767594
11:09:35,1.698619,101.436418,0,0,0,0,0,0,0,0,113,180,forward,10466.2,5,0,1.698552847713683,101.43638990767596
11:09:37,1.698619,101.436417,0,0,0,0,0,0,0,0,113,180,forward,10466.3,5,0,1.698552847713683,101.43638890767596
11:09:39,1.698619,101.436416,0,0,0,0,0,0,0,0,113,180,forward,10466.39,5,0,1.698552847713683,101.43638790767595
11:09:41,1.698619,101.436415,0,0,0,0,0,0,0,0,113,180,forward,10466.49,5,0,1.698552847713683,101.43638690767595
11:09:44,1.698619,101.436414,0,0,0,0,0,0,0,0,113,180,forward,10466.59,5,0,1.698552847713683,101.43638590767596
11:09:46,1.698618,101.436414,0,0,0,0,0,0,0,0,113,180,forward,10466.53,5,0,1.698551847713683,101.43638590767597
11:09:48,1.698618,101.436413,0,0,0,0,0,0,0,0,113,180,forward,10466.63,5,0,1.698551847713683,101.43638490767597
11:09:50,1.698618,101.436413,0,0,0,0,0,0,0,0,113,180,forward,10466.63,5,0,1.698551847713683,101.43638490767597
11:09:52,1.698618,101.436412,0,0,0,0,0,0,0,0,113,180,forward,10466.73,5,0,1.698551847713683,101.43638390767597
11:09:55,1.698617,101.436411,0,0,0,0,0,0,0,0,113,180,forward,10466.77,5,0,1.698550847713683,101.43638290767599
11:09:57,1.698617,101.436411,0,0,0,0,0,0,0,0,113,180,forward,10466.77,5,0,1.698550847713683,101.43638290767599
11:09:59,1.698617,101.43641,0,0,0,0,0,0,0,0,113,180,forward,10466.87,5,0,1.698550847713683,101.43638190767598
11:10:01,1.698616,101.43641,0,0,0,0,0,0,0,0,113,180,forward,10466.82,5,0,1.698549847713683,101.436381907676
11:10:03,1.698616,101.43641,0,0,0,0,0,0,0,0,113,180,forward,10466.82,5,0,1.698549847713683,101.436381907676
11:10:06,1.698616,101.436409,0,0,0,0,0,0,0,0,113,180,forward,10466.91,5,0,1.698549847713683,101.436380907676
11:10:08,1.698616,101.436409,0,0,0,0,0,0,0,0,113,180,forward,10466.91,5,0,1.698549847713683,101.436380907676
11:10:10,1.698615,101.436408,0,0,0,0,0,0,0,0,113,180,forward,10466.96,5,0,1.698548847713683,101.43637990767601
11:10:12,1.698615,101.436408,0,0,0,0,0,0,0,0,113,180,forward,10466.96,5,0,1.698548847713683,101.43637990767601
11:10:14,1.698614,101.436408,0,0,0,0,0,0,0,0,113,180,forward,10466.91,5,0,1.698547847713683,101.43637990767603
11:10:16,1.698614,101.436407,0,0,0,0,0,0,0,0,113,180,forward,10467.0,5,0,1.698547847713683,101.43637890767603
11:10:19,1.698613,101.436406,0,0,0,0,0,0,0,0,113,180,forward,10467.05,5,0,1.698546847713683,101.43637790767605
11:10:21,1.698612,101.436405,0,0,0,0,0,0,0,0,113,180,forward,10467.09,5,0,1.698545847713683,101.43637690767605
11:10:23,1.698612,101.436404,0,0,0,0,0,0,0,0,114,180,forward,10467.19,4,0,1.698546347852213,101.43637475693052
11:10:25,1.698611,101.436404,0,0,0,0,0,0,0,0,113,180,forward,10467.13,5,0,1.698544847713683,101.43637590767607
11:10:27,1.698611,101.436403,0,0,0,0,0,0,0,0,113,180,forward,10467.23,5,0,1.698544847713683,101.43637490767607
11:10:29,1.69861,101.436402,0,0,0,0,0,0,0,0,113,180,forward,10467.28,5,0,1.698543847713683,101.43637390767609
11:10:32,1.69861,101.436401,0,0,0,0,0,0,0,0,113,180,forward,10467.37,5,0,1.698543847713683,101.43637290767609
11:10:34,1.698609,101.4364,0,0,0,0,0,0,0,0,113,180,forward,10467.42,5,0,1.698542847713683,101.4363719076761
11:10:36,1.698608,101.436399,0,0,0,0,0,0,0,0,113,180,forward,10467.46,5,0,1.6985418477136829,101.4363709076761
11:10:38,1.698608,101.436398,0,0,0,0,0,0,0,0,113,180,forward,10467.56,5,0,1.6985418477136829,101.43636990767611
11:10:40,1.698607,101.436397,0,0,0,0,0,0,0,0,113,180,forward,10467.6,5,0,1.698540847713683,101.43636890767613
11:10:42,1.698607,101.436396,0,0,0,0,0,0,0,0,113,180,forward,10467.7,5,0,1.698540847713683,101.43636790767613
11:10:44,1.698606,101.436395,0,0,0,0,0,0,0,0,113,180,forward,10467.74,5,0,1.698539847713683,101.43636690767615
11:10:47,1.698605,101.436394,0,0,0,0,0,0,0,0,113,180,forward,10467.79,5,0,1.698538847713683,101.43636590767616
11:10:49,1.698605,101.436393,0,0,0,0,0,0,0,0,113,180,forward,10467.89,5,0,1.698538847713683,101.43636490767615
11:10:51,1.698604,101.436392,0,0,0,0,0,0,0,0,113,180,forward,10467.93,5,0,1.698537847713683,101.43636390767617
11:10:53,1.698604,101.436391,0,0,0,0,0,0,0,0,113,180,forward,10468.03,5,0,1.698537847713683,101.43636290767617
11:10:55,1.698603,101.436391,0,0,0,0,0,0,0,0,113,180,forward,10467.97,5,0,1.698536847713683,101.43636290767618
11:10:57,1.698603,101.43639,0,0,0,0,0,0,0,0,113,180,forward,10468.07,5,0,1.698536847713683,101.43636190767619
11:10:59,1.698603,101.43639,0,0,0,0,0,0,0,0,113,180,forward,10468.07,5,0,1.698536847713683,101.43636190767619
11:11:02,1.698603,101.43639,0,0,0,0,0,0,0,0,113,180,forward,10468.07,5,0,1.698536847713683,101.43636190767619
11:11:04,1.698603,101.43639,0,0,0,0,0,0,0,0,113,180,forward,10468.07,5,0,1.698536847713683,101.43636190767619
11:11:06,1.698603,101.436389,0,0,0,0,0,0,0,0,113,180,forward,10468.17,5,0,1.698536847713683,101.43636090767619
11:11:08,1.698603,101.436389,0,0,0,0,0,0,0,0,113,180,forward,10468.17,5,0,1.698536847713683,101.43636090767619
11:11:10,1.698602,101.436388,0,0,0,0,0,0,0,0,113,180,forward,10468.21,5,0,1.698535847713683,101.43635990767619
11:11:12,1.698602,101.436387,0,0,0,0,0,0,0,0,113,180,forward,10468.31,5,0,1.698535847713683,101.4363589076762
11:11:14,1.698602,101.436387,0,0,0,0,0,0,0,0,113,180,forward,10468.31,5,0,1.698535847713683,101.4363589076762
11:11:16,1.698602,101.436387,0,0,0,0,0,0,0,0,113,180,forward,10468.31,6,0,1.698535847713683,101.4363589076762
11:11:19,1.698601,101.436387,0,0,0,0,0,0,0,0,113,180,forward,10468.26,5,0,1.698534847713683,101.43635890767621
11:11:21,1.698601,101.436387,0,0,0,0,0,0,0,0,112,180,forward,10468.26,6,0,1.6985343677257803,101.43636006697893
11:11:23,1.6986,101.436387,0,0,0,0,0,0,0,0,112,180,forward,10468.2,6,0,1.6985333677257803,101.43636006697895
11:11:25,1.6986,101.436387,0,0,0,0,0,0,0,0,112,180,forward,10468.2,6,0,1.6985333677257803,101.43636006697895
11:11:27,1.6986,101.436387,0,0,0,0,0,0,0,0,112,180,forward,10468.2,6,0,1.6985333677257803,101.43636006697895
11:11:29,1.6986,101.436386,0,0,0,0,0,0,0,0,112,180,forward,10468.3,6,0,1.6985333677257803,101.43635906697895
11:11:32,1.6986,101.436386,0,0,0,0,0,0,0,0,112,180,forward,10468.3,6,0,1.6985333677257803,101.43635906697895
11:11:34,1.6986,101.436385,0,0,0,0,0,0,0,0,112,180,forward,10468.4,6,0,1.6985333677257803,101.43635806697895
11:11:36,1.698599,101.436384,0,0,0,0,0,0,0,0,112,180,forward,10468.44,6,0,1.6985323677257802,101.43635706697897
11:11:38,1.698598,101.436383,0,0,0,0,0,0,0,0,111,180,forward,10468.49,7,0,1.698530908034714,101.43635723448575
11:11:40,1.698598,101.436382,0,0,0,0,0,0,0,0,111,180,forward,10468.58,6,0,1.698530908034714,101.43635623448574
11:11:43,1.698597,101.436382,0,0,0,0,0,0,0,0,111,180,forward,10468.53,7,0,1.6985299080347138,101.43635623448576
11:11:45,1.698597,101.436381,0,0,0,0,0,0,0,0,111,180,forward,10468.63,6,0,1.6985299080347138,101.43635523448576
11:11:47,1.698597,101.436381,0,0,0,0,0,0,0,0,111,180,forward,10468.63,7,0,1.6985299080347138,101.43635523448576
11:11:49,1.698596,101.43638,0,0,0,0,0,0,0,0,111,180,forward,10468.67,7,0,1.698528908034714,101.43635423448578
11:11:51,1.698596,101.43638,0,0,0,0,0,0,0,0,111,180,forward,10468.67,7,0,1.698528908034714,101.43635423448578
11:11:53,1.698596,101.436379,0,0,0,0,0,0,0,0,110,180,forward,10468.77,7,0,1.6985284687805098,101.43635440984099
11:11:56,1.698596,101.436379,0,0,0,0,0,0,0,0,111,180,forward,10468.77,7,0,1.698528908034714,101.43635323448578
11:11:58,1.698595,101.436379,0,0,0,0,0,0,0,0,111,180,forward,10468.72,8,0,1.698527908034714,101.4363532344858
11:12:00,1.698595,101.436379,0,0,0,0,0,0,0,0,110,180,forward,10468.72,8,0,1.6985274687805099,101.436354409841
11:12:02,1.698594,101.436378,0,0,0,0,0,0,0,0,110,180,forward,10468.76,8,0,1.6985264687805097,101.436353409841
11:12:04,1.698593,101.436378,0,0,0,0,0,0,0,0,110,180,forward,10468.71,8,0,1.6985254687805098,101.43635340984102
11:12:06,1.698592,101.436379,0,0,0,0,0,0,0,0,110,180,forward,10468.56,8,0,1.6985244687805099,101.43635440984103
11:12:09,1.698591,101.436379,0,0,0,0,0,0,0,0,110,180,forward,10468.5,8,0,1.6985234687805097,101.43635440984104
11:12:11,1.69859,101.436379,0,0,0,0,0,0,0,0,110,180,forward,10468.45,8,0,1.6985224687805098,101.43635440984106
11:12:13,1.698589,101.436379,0,0,0,0,0,0,0,0,110,180,forward,10468.4,8,0,1.6985214687805097,101.43635440984107
11:12:15,1.698588,101.436378,0,0,0,0,0,0,0,0,109,180,forward,10468.44,9,0,1.6985200500969697,101.43635459268668
11:12:17,1.698587,101.436379,0,0,0,0,0,0,0,0,109,180,forward,10468.29,9,0,1.6985190500969698,101.4363555926867
11:12:20,1.698587,101.436379,0,0,0,0,0,0,0,0,109,180,forward,10468.29,9,0,1.6985190500969698,101.4363555926867
11:12:22,1.698586,101.436379,0,0,0,0,0,0,0,0,109,180,forward,10468.24,9,0,1.6985180500969697,101.43635559268671
11:12:24,1.698586,101.43638,0,0,0,0,0,0,0,0,109,180,forward,10468.14,9,0,1.6985180500969697,101.4363565926867
11:12:26,1.698585,101.43638,0,0,0,0,0,0,0,0,109,180,forward,10468.09,9,0,1.6985170500969697,101.43635659268672
11:12:28,1.698585,101.43638,0,0,0,0,0,0,0,0,109,180,forward,10468.09,9,0,1.6985170500969697,101.43635659268672
11:12:30,1.698584,101.43638,0,0,0,0,0,0,0,0,108,180,forward,10468.03,10,0,1.6985156521116282,101.43635778266241
11:12:32,1.698584,101.436381,0,0,0,0,0,0,0,0,108,180,forward,10467.94,10,0,1.6985156521116282,101.43635878266241
11:12:35,1.698584,101.436381,0,0,0,0,0,0,0,0,108,180,forward,10467.94,10,0,1.6985156521116282,101.43635878266241
11:12:37,1.698584,101.436382,0,0,0,0,0,0,0,0,108,180,forward,10467.84,10,0,1.6985156521116282,101.43635978266241
11:12:39,1.698583,101.436383,0,0,0,0,0,0,0,0,108,180,forward,10467.69,10,0,1.698514652111628,101.43636078266243
11:12:41,1.698583,101.436384,0,0,0,0,0,0,0,0,108,180,forward,10467.59,10,0,1.698514652111628,101.43636178266243
11:12:43,1.698583,101.436385,0,0,0,0,0,0,0,0,108,180,forward,10467.49,10,0,1.698514652111628,101.43636278266243
11:12:46,1.698583,101.436386,0,0,0,0,0,0,0,0,108,180,forward,10467.4,10,0,1.698514652111628,101.43636378266243
11:12:48,1.698583,101.436387,0,0,0,0,0,0,0,0,108,180,forward,10467.3,10,0,1.698514652111628,101.43636478266242
11:12:50,1.698583,101.436387,0,0,0,0,0,0,0,0,107,180,forward,10467.3,10,0,1.6985142749457154,101.43636597940574
11:12:52,1.698583,101.436388,0,0,0,0,0,0,0,0,107,180,forward,10467.2,11,0,1.6985142749457154,101.43636697940573
11:12:54,1.698583,101.436388,0,0,0,0,0,0,0,0,107,180,forward,10467.2,11,0,1.6985142749457154,101.43636697940573
11:12:56,1.698584,101.436388,0,0,0,0,0,0,0,0,107,180,forward,10467.25,11,0,1.6985152749457155,101.43636697940572
11:12:58,1.698584,101.436387,0,0,0,0,0,0,0,0,107,180,forward,10467.35,11,0,1.6985152749457155,101.43636597940572
11:13:01,1.698585,101.436387,0,0,0,0,0,0,0,0,107,180,forward,10467.41,11,0,1.6985162749457154,101.4363659794057
11:13:03,1.698586,101.436386,0,0,0,0,0,0,0,0,107,180,forward,10467.56,11,0,1.6985172749457154,101.4363649794057
11:13:05,1.698586,101.436386,0,0,0,0,0,0,0,0,107,180,forward,10467.56,11,0,1.6985172749457154,101.4363649794057
11:13:07,1.698586,101.436385,0,0,0,0,0,0,0,0,107,180,forward,10467.65,11,0,1.6985172749457154,101.4363639794057
11:13:09,1.698587,101.436385,0,0,0,0,0,0,0,0,107,180,forward,10467.71,11,0,1.6985182749457155,101.4363639794057
11:13:11,1.698586,101.436385,0,0,0,0,0,0,0,0,107,180,forward,10467.65,11,0,1.6985172749457154,101.4363639794057
11:13:13,1.698586,101.436384,0,0,0,0,0,0,0,0,107,180,forward,10467.75,11,0,1.6985172749457154,101.4363629794057
11:13:16,1.698586,101.436384,0,0,0,0,0,0,0,0,107,180,forward,10467.75,11,0,1.6985172749457154,101.4363629794057
11:13:18,1.698585,101.436384,0,0,0,0,0,0,0,0,107,180,forward,10467.7,11,0,1.6985162749457154,101.43636297940571
11:13:20,1.698584,101.436384,0,0,0,0,0,0,0,0,107,180,forward,10467.64,11,0,1.6985152749457155,101.43636297940573
11:13:22,1.698584,101.436385,0,0,0,0,0,0,0,0,107,180,forward,10467.55,11,0,1.6985152749457155,101.43636397940573
11:13:24,1.698584,101.436385,0,0,0,0,0,0,0,0,107,180,forward,10467.55,11,0,1.6985152749457155,101.43636397940573
11:13:26,1.698584,101.436386,0,0,0,0,0,0,0,0,107,180,forward,10467.45,11,0,1.6985152749457155,101.43636497940572
11:13:29,1.698584,101.436386,0,0,0,0,0,0,0,0,107,180,forward,10467.45,11,0,1.6985152749457155,101.43636497940572
11:13:31,1.698584,101.436387,0,0,0,0,0,0,0,0,107,180,forward,10467.35,11,0,1.6985152749457155,101.43636597940572
11:13:33,1.698584,101.436388,0,0,0,0,0,0,0,0,107,180,forward,10467.25,11,0,1.6985152749457155,101.43636697940572
11:13:35,1.698584,101.436389,0,0,0,0,0,0,0,0,107,180,forward,10467.16,11,0,1.6985152749457155,101.43636797940573
11:13:37,1.698584,101.43639,0,0,0,0,0,0,0,0,107,180,forward,10467.06,11,0,1.6985152749457155,101.43636897940573
11:13:39,1.698584,101.436391,0,0,0,0,0,0,0,0,107,180,forward,10466.96,11,0,1.6985152749457155,101.43636997940573
11:13:42,1.698585,101.436392,0,0,0,0,0,0,0,0,107,180,forward,10466.92,11,0,1.6985162749457154,101.43637097940571
11:13:44,1.698586,101.436393,0,0,0,0,0,0,0,0,107,180,forward,10466.87,11,0,1.6985172749457154,101.43637197940569
11:13:46,1.698586,101.436395,0,0,0,0,0,0,0,0,107,180,forward,10466.68,11,0,1.6985172749457154,101.4363739794057
11:13:48,1.698588,101.436396,0,0,0,0,0,0,0,0,107,180,forward,10466.69,11,0,1.6985192749457154,101.43637497940568
11:13:50,1.698589,101.436396,0,0,0,0,0,0,0,0,107,180,forward,10466.74,11,0,1.6985202749457153,101.43637497940567
11:13:52,1.69859,101.436397,0,0,0,0,0,0,0,0,108,180,forward,10466.7,10,0,1.6985216521116282,101.43637478266236
11:13:55,1.698591,101.436398,0,0,0,0,0,0,0,0,108,180,forward,10466.65,10,0,1.6985226521116281,101.43637578266234
11:13:57,1.698592,101.436399,0,0,0,0,0,0,0,0,108,180,forward,10466.61,11,0,1.6985236521116283,101.43637678266232
11:13:59,1.698593,101.4364,0,0,0,0,0,0,0,0,108,180,forward,10466.57,10,0,1.6985246521116282,101.43637778266232
11:14:01,1.698594,101.436401,0,0,0,0,0,0,0,0,108,180,forward,10466.52,10,0,1.698525652111628,101.4363787826623
11:14:03,1.698595,101.436401,0,0,0,0,0,0,0,0,108,180,forward,10466.57,10,0,1.6985266521116282,101.43637878266229
11:14:06,1.698597,101.436402,0,0,0,0,0,0,0,0,108,180,forward,10466.58,10,0,1.698528652111628,101.43637978266227
11:14:08,1.698598,101.436402,0,0,0,0,0,0,0,0,108,180,forward,10466.64,10,0,1.6985296521116282,101.43637978266226
11:14:10,1.698599,101.436403,0,0,0,0,0,0,0,0,109,180,forward,10466.59,9,0,1.6985310500969697,101.43637959268655
11:14:12,1.6986,101.436404,0,0,0,0,0,0,0,0,109,180,forward,10466.55,9,0,1.6985320500969698,101.43638059268653
11:14:14,1.698601,101.436405,0,0,0,0,0,0,0,0,109,180,forward,10466.5,9,0,1.6985330500969698,101.43638159268652
11:14:16,1.698602,101.436407,0,0,0,0,0,0,0,0,109,180,forward,10466.36,9,0,1.6985340500969697,101.43638359268651
11:14:18,1.698604,101.436408,0,0,0,0,0,0,0,0,109,180,forward,10466.37,9,0,1.6985360500969697,101.43638459268648
11:14:21,1.698605,101.436408,0,0,0,0,0,0,0,0,109,180,forward,10466.43,9,0,1.6985370500969696,101.43638459268648
11:14:23,1.698606,101.436409,0,0,0,0,0,0,0,0,110,180,forward,10466.38,8,0,1.6985384687805098,101.43638440984085
11:14:25,1.698608,101.43641,0,0,0,0,0,0,0,0,110,180,forward,10466.39,8,0,1.6985404687805097,101.43638540984082
11:14:27,1.698609,101.436411,0,0,0,0,0,0,0,0,110,180,forward,10466.35,8,0,1.6985414687805098,101.43638640984082
11:14:29,1.698611,101.436412,0,0,0,0,0,0,0,0,110,180,forward,10466.36,8,0,1.6985434687805099,101.43638740984079
11:14:31,1.698613,101.436413,0,0,0,0,0,0,0,0,110,180,forward,10466.37,8,0,1.6985454687805097,101.43638840984076
11:14:34,1.698615,101.436414,0,0,0,0,0,0,0,0,110,180,forward,10466.37,8,0,1.6985474687805098,101.43638940984074
11:14:36,1.698616,101.436414,0,0,0,0,0,0,0,0,111,180,forward,10466.43,7,0,1.6985489080347138,101.4363882344855
11:14:38,1.698618,101.436414,0,0,0,0,0,0,0,0,111,180,forward,10466.53,7,0,1.6985509080347139,101.43638823448549
11:14:40,1.698619,101.436414,0,0,0,0,0,0,0,0,111,180,forward,10466.59,7,0,1.698551908034714,101.43638823448548
11:14:42,1.698621,101.436416,0,0,0,0,0,0,0,0,111,180,forward,10466.5,7,0,1.6985539080347138,101.43639023448544
11:14:44,1.698623,101.436417,0,0,0,0,0,0,0,0,112,180,forward,10466.51,6,0,1.6985563677257802,101.43639006697863
11:14:47,1.698624,101.436418,0,0,0,0,0,0,0,0,112,180,forward,10466.46,6,0,1.6985573677257801,101.43639106697862
11:14:49,1.698625,101.436419,0,0,0,0,0,0,0,0,112,180,forward,10466.42,6,0,1.6985583677257803,101.4363920669786
11:14:51,1.698627,101.43642,0,0,0,0,0,0,0,0,112,180,forward,10466.43,6,0,1.6985603677257803,101.43639306697857
11:14:53,1.698628,101.436421,0,0,0,0,0,0,0,0,113,180,forward,10466.39,6,0,1.698561847713683,101.43639290767581
11:14:55,1.698628,101.436423,0,0,0,0,0,0,0,0,113,180,forward,10466.19,5,0,1.698561847713683,101.43639490767582
11:14:57,1.69863,101.436424,0,0,0,0,0,0,0,0,113,180,forward,10466.2,5,0,1.698563847713683,101.43639590767579
11:14:59,1.698631,101.436424,0,0,0,0,0,0,0,0,113,180,forward,10466.25,5,0,1.698564847713683,101.43639590767577
11:15:02,1.698632,101.436425,0,0,0,0,0,0,0,0,113,180,forward,10466.21,5,0,1.698565847713683,101.43639690767576
11:15:04,1.698632,101.436425,0,0,0,0,0,0,0,0,114,180,forward,10466.21,4,0,1.6985663478522128,101.43639575693021
11:15:06,1.698634,101.436425,0,0,0,0,0,0,0,0,114,180,forward,10466.32,4,0,1.698568347852213,101.43639575693018
11:15:08,1.698634,101.436426,0,0,0,0,0,0,0,0,114,180,forward,10466.22,4,0,1.698568347852213,101.43639675693018
11:15:10,1.698635,101.436427,0,0,0,0,0,0,0,0,114,180,forward,10466.17,4,0,1.6985693478522128,101.43639775693016
11:15:12,1.698635,101.436427,0,0,0,0,0,0,0,0,115,180,forward,10466.17,3,0,1.6985698679890229,101.43639661509235
11:15:14,1.698636,101.436427,0,0,0,0,0,0,0,0,115,180,forward,10466.23,3,0,1.698570867989023,101.43639661509232
11:15:17,1.698636,101.436428,0,0,0,0,0,0,0,0,115,180,forward,10466.13,3,0,1.698570867989023,101.43639761509233
11:15:19,1.698636,101.436429,0,0,0,0,0,0,0,0,115,180,forward,10466.03,3,0,1.698570867989023,101.43639861509233
11:15:21,1.698636,101.43643,0,0,0,0,0,0,0,0,115,180,forward,10465.94,3,0,1.698570867989023,101.43639961509233
11:15:23,1.698637,101.436431,0,0,0,0,0,0,0,0,116,180,forward,10465.89,2,0,1.6985724079656748,101.43639948251003
11:15:25,1.698637,101.436432,0,0,0,0,0,0,0,0,116,180,forward,10465.79,3,0,1.6985724079656748,101.43640048251002
11:15:27,1.698638,101.436432,0,0,0,0,0,0,0,0,116,180,forward,10465.85,2,0,1.698573407965675,101.43640048251001
11:15:29,1.698638,101.436433,0,0,0,0,0,0,0,0,116,180,forward,10465.75,2,0,1.698573407965675,101.43640148251
11:15:32,1.698639,101.436434,0,0,0,0,0,0,0,0,116,180,forward,10465.71,2,0,1.6985744079656748,101.43640248251
11:15:34,1.69864,101.436434,0,0,0,0,0,0,0,0,116,180,forward,10465.76,2,0,1.6985754079656747,101.43640248250999
11:15:36,1.698641,101.436435,0,0,0,0,0,0,0,0,116,180,forward,10465.72,2,0,1.6985764079656749,101.43640348250996
11:15:38,1.698641,101.436435,0,0,0,0,0,0,0,0,117,180,forward,10465.72,1,0,1.6985769676176858,101.4364023595282
11:15:40,1.698642,101.436435,0,0,0,0,0,0,0,0,117,180,forward,10465.77,1,0,1.6985779676176858,101.43640235952819
11:15:42,1.698642,101.436435,0,0,0,0,0,0,0,0,117,180,forward,10465.77,1,0,1.6985779676176858,101.43640235952819
11:15:45,1.698643,101.436436,0,0,0,0,0,0,0,0,117,180,forward,10465.73,1,0,1.6985789676176857,101.43640335952817
11:15:47,1.698643,101.436436,0,0,0,0,0,0,0,0,117,180,forward,10465.73,1,0,1.6985789676176857,101.43640335952817
11:15:49,1.698644,101.436436,0,0,0,0,0,0,0,0,117,180,forward,10465.78,1,0,1.6985799676176858,101.43640335952816
11:15:51,1.698645,101.436437,0,0,0,0,0,0,0,0,118,180,forward,10465.73,0,0,1.6985815467745806,101.43640324648898
11:15:53,1.698646,101.436438,0,0,0,0,0,0,0,0,118,180,forward,10465.69,0,0,1.6985825467745808,101.43640424648896
11:15:55,1.698646,101.436438,0,0,0,0,0,0,0,0,118,180,forward,10465.69,0,0,1.6985825467745808,101.43640424648896
11:15:58,1.698647,101.436438,0,0,0,0,0,0,0,0,118,180,forward,10465.74,0,0,1.6985835467745807,101.43640424648895
11:16:00,1.698648,101.436438,0,0,0,0,0,0,0,0,118,180,forward,10465.8,0,0,1.6985845467745806,101.43640424648892
11:16:02,1.698648,101.436439,0,0,0,0,0,0,0,0,119,180,forward,10465.7,0,0,1.6985851452599428,101.43640414373141
11:16:04,1.698648,101.436439,0,0,0,0,0,0,0,0,119,180,forward,10465.7,0,0,1.6985851452599428,101.43640414373141
11:16:06,1.698648,101.436439,0,0,0,0,0,0,0,0,119,180,forward,10465.7,0,0,1.6985851452599428,101.43640414373141
11:16:08,1.698648,101.436439,0,0,0,0,0,0,0,0,119,180,forward,10465.7,0,0,1.6985851452599428,101.43640414373141
11:16:10,1.698649,101.436439,0,0,0,0,0,0,0,0,119,180,forward,10465.75,0,0,1.698586145259943,101.4364041437314
11:16:12,1.698649,101.43644,0,0,0,0,0,0,0,0,119,180,forward,10465.66,0,0,1.698586145259943,101.4364051437314
11:16:14,1.698649,101.43644,0,0,0,0,0,0,0,0,119,180,forward,10465.66,0,0,1.698586145259943,101.4364051437314
11:16:17,1.698649,101.43644,0,0,0,0,0,0,0,0,119,180,forward,10465.66,0,0,1.698586145259943,101.4364051437314
11:16:19,1.698649,101.43644,0,0,0,0,0,0,0,0,120,180,forward,10465.66,-1,0,1.6985867628914677,101.43640405159145
11:16:21,1.698649,101.43644,0,0,0,0,0,0,0,0,120,180,forward,10465.66,-1,0,1.6985867628914677,101.43640405159145
11:16:23,1.698649,101.43644,0,0,0,0,0,0,0,0,120,180,forward,10465.66,-1,0,1.6985867628914677,101.43640405159145
11:16:25,1.698649,101.43644,0,0,0,0,0,0,0,0,120,180,forward,10465.66,-1,0,1.6985867628914677,101.43640405159145
11:16:27,1.698649,101.43644,0,0,0,0,0,0,0,0,120,180,forward,10465.66,-1,0,1.6985867628914677,101.43640405159145
11:16:30,1.698649,101.43644,0,0,0,0,0,0,0,0,120,180,forward,10465.66,-1,0,1.6985867628914677,101.43640405159145
11:16:32,1.698649,101.436439,0,0,0,0,0,0,0,0,120,180,forward,10465.75,-1,0,1.6985867628914677,101.43640305159144
11:16:34,1.698649,101.436438,0,0,0,0,0,0,0,0,120,180,forward,10465.85,-1,0,1.6985867628914677,101.43640205159144
11:16:36,1.698649,101.436438,0,0,0,0,0,0,0,0,120,180,forward,10465.85,-1,0,1.6985867628914677,101.43640205159144
11:16:38,1.698649,101.436437,0,0,0,0,0,0,0,0,121,180,forward,10465.95,-2,0,1.6985873994810186,101.43639997040172
11:16:41,1.698649,101.436437,0,0,0,0,0,0,0,0,120,180,forward,10465.95,-1,0,1.6985867628914677,101.43640105159145
11:16:43,1.69865,101.436436,0,0,0,0,0,0,0,0,121,180,forward,10466.1,-2,0,1.6985883994810185,101.4363989704017
11:16:45,1.69865,101.436436,0,0,0,0,0,0,0,0,120,180,forward,10466.1,-1,0,1.6985877628914676,101.43640005159142
11:16:47,1.69865,101.436436,0,0,0,0,0,0,0,0,120,180,forward,10466.1,-1,0,1.6985877628914676,101.43640005159142
11:16:49,1.69865,101.436437,0,0,0,0,0,0,0,0,120,180,forward,10466.0,-1,0,1.6985877628914676,101.43640105159142
11:16:52,1.69865,101.436437,0,0,0,0,0,0,0,0,121,180,forward,10466.0,-2,0,1.6985883994810185,101.4363999704017
11:16:54,1.69865,101.436438,0,0,0,0,0,0,0,0,121,180,forward,10465.9,-1,0,1.6985883994810185,101.43640097040169
11:16:56,1.69865,101.436438,0,0,0,0,0,0,0,0,120,180,forward,10465.9,-1,0,1.6985877628914676,101.43640205159141
11:16:58,1.69865,101.436437,0,0,0,0,0,0,0,0,121,180,forward,10466.0,-2,0,1.6985883994810185,101.4363999704017
11:17:00,1.69865,101.436437,0,0,0,0,0,0,0,0,120,180,forward,10466.0,-2,0,1.6985877628914676,101.43640105159142
11:17:02,1.69865,101.436436,0,0,0,0,0,0,0,0,121,180,forward,10466.1,-2,0,1.6985883994810185,101.4363989704017
11:17:05,1.69865,101.436436,0,0,0,0,0,0,0,0,121,180,forward,10466.1,-2,0,1.6985883994810185,101.4363989704017
11:17:07,1.69865,101.436435,0,0,0,0,0,0,0,0,121,180,forward,10466.2,-2,0,1.6985883994810185,101.4363979704017
11:17:09,1.698649,101.436434,0,0,0,0,0,0,0,0,121,180,forward,10466.24,-2,0,1.6985873994810186,101.43639697040173
11:17:11,1.698649,101.436433,0,0,0,0,0,0,0,0,120,180,forward,10466.34,-1,0,1.6985867628914677,101.43639705159144
11:17:13,1.698649,101.436432,0,0,0,0,0,0,0,0,121,180,forward,10466.43,-2,0,1.6985873994810186,101.43639497040172
11:17:15,1.698648,101.436432,0,0,0,0,0,0,0,0,121,180,forward,10466.38,-2,0,1.6985863994810184,101.43639497040174
11:17:18,1.698648,101.436431,0,0,0,0,0,0,0,0,121,180,forward,10466.48,-2,0,1.6985863994810184,101.43639397040174
11:17:20,1.698648,101.436431,0,0,0,0,0,0,0,0,121,180,forward,10466.48,-1,0,1.6985863994810184,101.43639397040174
11:17:22,1.698647,101.43643,0,0,0,0,0,0,0,0,120,180,forward,10466.52,-1,0,1.6985847628914676,101.43639405159148
11:17:24,1.698647,101.436429,0,0,0,0,0,0,0,0,120,180,forward,10466.62,-1,0,1.6985847628914676,101.43639305159148
11:17:26,1.698647,101.436429,0,0,0,0,0,0,0,0,120,180,forward,10466.62,-1,0,1.6985847628914676,101.43639305159148
11:17:29,1.698647,101.436428,0,0,0,0,0,0,0,0,120,180,forward,10466.72,-1,0,1.6985847628914676,101.43639205159148
11:17:31,1.698647,101.436427,0,0,0,0,0,0,0,0,120,180,forward,10466.81,-1,0,1.6985847628914676,101.43639105159147
11:17:33,1.698647,101.436426,0,0,0,0,0,0,0,0,120,180,forward,10466.91,-1,0,1.6985847628914676,101.43639005159147
11:17:35,1.698647,101.436425,0,0,0,0,0,0,0,0,120,180,forward,10467.01,-1,0,1.6985847628914676,101.43638905159148
11:17:37,1.698647,101.436424,0,0,0,0,0,0,0,0,120,180,forward,10467.11,-1,0,1.6985847628914676,101.43638805159148
11:17:39,1.698647,101.436423,0,0,0,0,0,0,0,0,120,180,forward,10467.2,-1,0,1.6985847628914676,101.43638705159148
11:17:42,1.698647,101.436423,0,0,0,0,0,0,0,0,120,180,forward,10467.2,-1,0,1.6985847628914676,101.43638705159148
11:17:44,1.698647,101.436422,0,0,0,0,0,0,0,0,120,180,forward,10467.3,-1,0,1.6985847628914676,101.43638605159147
11:17:46,1.698647,101.436421,0,0,0,0,0,0,0,0,120,180,forward,10467.4,-1,0,1.6985847628914676,101.43638505159147
11:17:48,1.698647,101.43642,0,0,0,0,0,0,0,0,120,180,forward,10467.5,-1,0,1.6985847628914676,101.43638405159147
11:17:50,1.698646,101.43642,0,0,0,0,0,0,0,0,120,180,forward,10467.44,-1,0,1.6985837628914677,101.4363840515915
11:17:52,1.698646,101.436419,0,0,0,0,0,0,0,0,120,180,forward,10467.54,-1,0,1.6985837628914677,101.4363830515915
11:17:55,1.698646,101.436419,0,0,0,0,0,0,0,0,120,180,forward,10467.54,-1,0,1.6985837628914677,101.4363830515915
11:17:57,1.698645,101.436418,0,0,0,0,0,0,0,0,120,180,forward,10467.58,-1,0,1.6985827628914676,101.43638205159152
11:17:59,1.698645,101.436417,0,0,0,0,0,0,0,0,119,180,forward,10467.68,0,0,1.6985821452599428,101.43638214373148
11:18:01,1.698644,101.436415,0,0,0,0,0,0,0,0,119,180,forward,10467.82,0,0,1.6985811452599429,101.43638014373148
11:18:03,1.698644,101.436414,0,0,0,0,0,0,0,0,119,180,forward,10467.92,0,0,1.6985811452599429,101.43637914373149
11:18:05,1.698643,101.436413,0,0,0,0,0,0,0,0,119,180,forward,10467.96,0,0,1.6985801452599427,101.4363781437315
11:18:08,1.698643,101.436412,0,0,0,0,0,0,0,0,119,180,forward,10468.06,0,0,1.6985801452599427,101.4363771437315
11:18:10,1.698643,101.43641,0,0,0,0,0,0,0,0,118,180,forward,10468.26,0,0,1.6985795467745806,101.436376246489
11:18:12,1.698643,101.43641,0,0,0,0,0,0,0,0,118,180,forward,10468.26,0,0,1.6985795467745806,101.436376246489
11:18:14,1.698642,101.43641,0,0,0,0,0,0,0,0,118,180,forward,10468.2,0,0,1.6985785467745806,101.43637624648903
11:18:16,1.698642,101.43641,0,0,0,0,0,0,0,0,117,180,forward,10468.2,0,0,1.6985779676176858,101.43637735952818
11:18:18,1.698642,101.436409,0,0,0,0,0,0,0,0,117,180,forward,10468.3,1,0,1.6985779676176858,101.43637635952818
11:18:20,1.698641,101.436409,0,0,0,0,0,0,0,0,117,180,forward,10468.25,1,0,1.6985769676176858,101.4363763595282
11:18:23,1.698641,101.436408,0,0,0,0,0,0,0,0,117,180,forward,10468.34,1,0,1.6985769676176858,101.4363753595282
11:18:25,1.698642,101.436407,0,0,0,0,0,0,0,0,116,180,forward,10468.5,2,0,1.6985774079656748,101.43637548250994
11:18:27,1.698642,101.436407,0,0,0,0,0,0,0,0,116,180,forward,10468.5,2,0,1.6985774079656748,101.43637548250994
11:18:29,1.698642,101.436406,0,0,0,0,0,0,0,0,116,180,forward,10468.59,2,0,1.6985774079656748,101.43637448250995
11:18:31,1.698642,101.436406,0,0,0,0,0,0,0,0,115,180,forward,10468.59,3,0,1.698576867989023,101.43637561509225
11:18:34,1.698642,101.436406,0,0,0,0,0,0,0,0,115,180,forward,10468.59,3,0,1.698576867989023,101.43637561509225
11:18:36,1.698642,101.436405,0,0,0,0,0,0,0,0,115,180,forward,10468.69,3,0,1.698576867989023,101.43637461509223
11:18:38,1.698643,101.436406,0,0,0,0,0,0,0,0,115,180,forward,10468.65,3,0,1.6985778679890229,101.43637561509223
11:18:40,1.698644,101.436406,0,0,0,0,0,0,0,0,114,180,forward,10468.7,4,0,1.698578347852213,101.43637675693004
11:18:42,1.698644,101.436406,0,0,0,0,0,0,0,0,114,180,forward,10468.7,4,0,1.698578347852213,101.43637675693004
11:18:44,1.698644,101.436407,0,0,0,0,0,0,0,0,114,180,forward,10468.6,4,0,1.698578347852213,101.43637775693004
11:18:46,1.698645,101.436407,0,0,0,0,0,0,0,0,113,180,forward,10468.66,5,0,1.698578847713683,101.43637890767558
11:18:49,1.698645,101.436407,0,0,0,0,0,0,0,0,113,180,forward,10468.66,5,0,1.698578847713683,101.43637890767558
11:18:51,1.698645,101.436407,0,0,0,0,0,0,0,0,113,180,forward,10468.66,5,0,1.698578847713683,101.43637890767558
11:18:53,1.698646,101.436406,0,0,0,0,0,0,0,0,113,180,forward,10468.81,5,0,1.698579847713683,101.43637790767556
11:18:55,1.698646,101.436406,0,0,0,0,0,0,0,0,112,180,forward,10468.81,6,0,1.6985793677257803,101.4363790669783
11:18:57,1.698646,101.436406,0,0,0,0,0,0,0,0,112,180,forward,10468.81,6,0,1.6985793677257803,101.4363790669783
11:19:00,1.698647,101.436406,0,0,0,0,0,0,0,0,112,180,forward,10468.86,6,0,1.6985803677257802,101.43637906697829
11:19:02,1.698647,101.436406,0,0,0,0,0,0,0,0,111,180,forward,10468.86,6,0,1.698579908034714,101.4363802344851
11:19:04,1.698648,101.436407,0,0,0,0,0,0,0,0,111,180,forward,10468.82,7,0,1.6985809080347138,101.43638123448508
11:19:06,1.698648,101.436408,0,0,0,0,0,0,0,0,111,180,forward,10468.72,7,0,1.6985809080347138,101.43638223448508
11:19:08,1.698649,101.436409,0,0,0,0,0,0,0,0,111,180,forward,10468.67,7,0,1.698581908034714,101.43638323448506
11:19:11,1.69865,101.43641,0,0,0,0,0,0,0,0,110,180,forward,10468.63,8,0,1.6985824687805098,101.43638540984028
11:19:13,1.69865,101.436411,0,0,0,0,0,0,0,0,110,180,forward,10468.53,7,0,1.6985824687805098,101.4363864098403
11:19:15,1.698651,101.436413,0,0,0,0,0,0,0,0,110,180,forward,10468.39,8,0,1.6985834687805097,101.43638840984028
11:19:17,1.698651,101.436414,0,0,0,0,0,0,0,0,110,180,forward,10468.29,8,0,1.6985834687805097,101.43638940984027
11:19:19,1.698652,101.436414,0,0,0,0,0,0,0,0,110,180,forward,10468.35,8,0,1.6985844687805098,101.43638940984027
11:19:21,1.698652,101.436416,0,0,0,0,0,0,0,0,110,180,forward,10468.15,8,0,1.6985844687805098,101.43639140984027
11:19:23,1.698653,101.436417,0,0,0,0,0,0,0,0,110,180,forward,10468.11,8,0,1.6985854687805098,101.43639240984027
11:19:26,1.698653,101.436418,0,0,0,0,0,0,0,0,110,180,forward,10468.01,8,0,1.6985854687805098,101.43639340984026
11:19:28,1.698654,101.436419,0,0,0,0,0,0,0,0,110,180,forward,10467.97,8,0,1.69858646878051,101.43639440984025
11:19:30,1.698654,101.436421,0,0,0,0,0,0,0,0,110,180,forward,10467.77,8,0,1.69858646878051,101.43639640984024
11:19:32,1.698654,101.436423,0,0,0,0,0,0,0,0,110,180,forward,10467.58,8,0,1.69858646878051,101.43639840984025
11:19:34,1.698655,101.436424,0,0,0,0,0,0,0,0,110,180,forward,10467.53,8,0,1.6985874687805098,101.43639940984023
11:19:36,1.698655,101.436426,0,0,0,0,0,0,0,0,110,180,forward,10467.34,8,0,1.6985874687805098,101.43640140984023
11:19:39,1.698655,101.436428,0,0,0,0,0,0,0,0,110,180,forward,10467.14,8,0,1.6985874687805098,101.43640340984024
11:19:41,1.698656,101.43643,0,0,0,0,0,0,0,0,110,180,forward,10467.0,8,0,1.6985884687805097,101.43640540984022
11:19:43,1.698657,101.436432,0,0,0,0,0,0,0,0,110,180,forward,10466.86,8,0,1.6985894687805099,101.4364074098402
11:19:45,1.698657,101.436434,0,0,0,0,0,0,0,0,110,180,forward,10466.67,8,0,1.6985894687805099,101.43640940984021
11:19:47,1.698658,101.436436,0,0,0,0,0,0,0,0,110,180,forward,10466.53,8,0,1.6985904687805098,101.43641140984019
11:19:49,1.698659,101.436439,0,0,0,0,0,0,0,0,110,180,forward,10466.29,8,0,1.6985914687805097,101.43641440984017
11:19:52,1.698659,101.436441,0,0,0,0,0,0,0,0,110,180,forward,10466.09,8,0,1.6985914687805097,101.43641640984018
11:19:54,1.69866,101.436443,0,0,0,0,0,0,0,0,111,180,forward,10465.95,7,0,1.698592908034714,101.43641723448492
11:19:56,1.69866,101.436445,0,0,0,0,0,0,0,0,110,180,forward,10465.76,8,0,1.6985924687805098,101.43642040984017
11:19:58,1.698661,101.436447,0,0,0,0,0,0,0,0,111,180,forward,10465.61,7,0,1.6985939080347139,101.43642123448491
11:20:00,1.698661,101.436449,0,0,0,0,0,0,0,0,111,180,forward,10465.42,7,0,1.6985939080347139,101.4364232344849
11:20:02,1.698661,101.436451,0,0,0,0,0,0,0,0,111,180,forward,10465.23,7,0,1.6985939080347139,101.43642523448491
11:20:04,1.698662,101.436453,0,0,0,0,0,0,0,0,111,180,forward,10465.08,7,0,1.6985949080347138,101.4364272344849
11:20:07,1.698662,101.436454,0,0,0,0,0,0,0,0,111,180,forward,10464.99,7,0,1.6985949080347138,101.4364282344849
11:20:09,1.698662,101.436456,0,0,0,0,0,0,0,0,112,180,forward,10464.79,6,0,1.6985953677257801,101.43642906697809
11:20:11,1.698663,101.436458,0,0,0,0,0,0,0,0,112,180,forward,10464.65,6,0,1.6985963677257803,101.43643106697807
11:20:13,1.698664,101.436459,0,0,0,0,0,0,0,0,112,180,forward,10464.61,6,0,1.6985973677257802,101.43643206697806
11:20:15,1.698665,101.43646,0,0,0,0,0,0,0,0,113,180,forward,10464.56,6,0,1.698598847713683,101.43643190767528
11:20:17,1.698665,101.436462,0,0,0,0,0,0,0,0,112,180,forward,10464.37,6,0,1.6985983677257803,101.43643506697805
11:20:19,1.698666,101.436464,0,0,0,0,0,0,0,0,113,180,forward,10464.23,5,0,1.698599847713683,101.43643590767527
11:20:22,1.698666,101.436466,0,0,0,0,0,0,0,0,113,180,forward,10464.03,5,0,1.698599847713683,101.43643790767527
11:20:24,1.698667,101.436469,0,0,0,0,0,0,0,0,113,180,forward,10463.79,5,0,1.698600847713683,101.43644090767526
11:20:26,1.698668,101.436471,0,0,0,0,0,0,0,0,114,180,forward,10463.65,5,0,1.698602347852213,101.43644175692967
11:20:28,1.698669,101.436474,0,0,0,0,0,0,0,0,114,180,forward,10463.41,4,0,1.698603347852213,101.43644475692966
11:20:30,1.69867,101.436476,0,0,0,0,0,0,0,0,114,180,forward,10463.27,4,0,1.6986043478522128,101.43644675692964
11:20:32,1.698671,101.436477,0,0,0,0,0,0,0,0,114,180,forward,10463.23,4,0,1.698605347852213,101.43644775692962
11:20:35,1.698672,101.43648,0,0,0,0,0,0,0,0,114,180,forward,10462.99,4,0,1.6986063478522129,101.43645075692962
11:20:37,1.698673,101.436482,0,0,0,0,0,0,0,0,115,180,forward,10462.85,3,0,1.698607867989023,101.43645161509174
11:20:39,1.698675,101.436484,0,0,0,0,0,0,0,0,115,180,forward,10462.76,3,0,1.698609867989023,101.43645361509171
11:20:41,1.698676,101.436486,0,0,0,0,0,0,0,0,115,180,forward,10462.62,3,0,1.698610867989023,101.4364556150917
11:20:43,1.698677,101.436488,0,0,0,0,0,0,0,0,115,180,forward,10462.48,3,0,1.698611867989023,101.43645761509168
11:20:45,1.698677,101.436491,0,0,0,0,0,0,0,0,116,180,forward,10462.19,2,0,1.6986124079656748,101.43645948250938
11:20:48,1.698678,101.436492,0,0,0,0,0,0,0,0,116,180,forward,10462.14,2,0,1.6986134079656747,101.43646048250936
11:20:50,1.698678,101.436494,0,0,0,0,0,0,0,0,116,180,forward,10461.95,2,0,1.6986134079656747,101.43646248250936
11:20:52,1.698679,101.436496,0,0,0,0,0,0,0,0,117,180,forward,10461.81,1,0,1.6986149676176858,101.43646335952756
11:20:54,1.69868,101.436497,0,0,0,0,0,0,0,0,117,180,forward,10461.76,1,0,1.6986159676176857,101.43646435952755
11:20:56,1.698681,101.436498,0,0,0,0,0,0,0,0,117,180,forward,10461.72,1,0,1.6986169676176859,101.43646535952753
11:20:58,1.698681,101.436499,0,0,0,0,0,0,0,0,118,180,forward,10461.62,0,0,1.6986175467745808,101.43646524648835
11:21:01,1.698682,101.4365,0,0,0,0,0,0,0,0,118,180,forward,10461.58,0,0,1.6986185467745807,101.43646624648832
11:21:03,1.698683,101.436502,0,0,0,0,0,0,0,0,118,180,forward,10461.44,0,0,1.6986195467745806,101.43646824648832
11:21:05,1.698684,101.436504,0,0,0,0,0,0,0,0,118,180,forward,10461.3,0,0,1.6986205467745807,101.4364702464883
11:21:07,1.698685,101.436505,0,0,0,0,0,0,0,0,119,180,forward,10461.25,0,0,1.6986221452599428,101.43647014373074
11:21:09,1.698686,101.436507,0,0,0,0,0,0,0,0,119,180,forward,10461.11,0,0,1.6986231452599427,101.43647214373074
11:21:11,1.698687,101.436508,0,0,0,0,0,0,0,0,119,180,forward,10461.07,0,0,1.6986241452599429,101.43647314373072
11:21:14,1.698688,101.43651,0,0,0,0,0,0,0,0,119,180,forward,10460.93,0,0,1.6986251452599428,101.43647514373069
11:21:16,1.698689,101.436513,0,0,0,0,0,0,0,0,120,180,forward,10460.69,-1,0,1.6986267628914675,101.4364770515907
11:21:18,1.69869,101.436515,0,0,0,0,0,0,0,0,120,180,forward,10460.55,-1,0,1.6986277628914677,101.43647905159068
11:21:20,1.698691,101.436516,0,0,0,0,0,0,0,0,120,180,forward,10460.5,-1,0,1.6986287628914676,101.43648005159066
11:21:22,1.698692,101.436517,0,0,0,0,0,0,0,0,120,180,forward,10460.46,-1,0,1.6986297628914677,101.43648105159063
11:21:24,1.698692,101.436519,0,0,0,0,0,0,0,0,121,180,forward,10460.26,-2,0,1.6986303994810186,101.4364819704009
11:21:27,1.698693,101.43652,0,0,0,0,0,0,0,0,121,180,forward,10460.22,-2,0,1.6986313994810185,101.43648297040087
11:21:29,1.698694,101.436521,0,0,0,0,0,0,0,0,122,180,forward,10460.18,-2,0,1.6986330548346842,101.43648290049069
11:21:31,1.698695,101.436522,0,0,0,0,0,0,0,0,121,180,forward,10460.13,-2,0,1.6986333994810185,101.43648497040084
11:21:33,1.698696,101.436523,0,0,0,0,0,0,0,0,122,180,forward,10460.09,-3,0,1.6986350548346842,101.43648490049064
11:21:35,1.698697,101.436525,0,0,0,0,0,0,0,0,122,180,forward,10459.95,-3,0,1.6986360548346842,101.43648690049064
11:21:38,1.698697,101.436526,0,0,0,0,0,0,0,0,122,180,forward,10459.85,-3,0,1.6986360548346842,101.43648790049063
11:21:40,1.698698,101.436528,0,0,0,0,0,0,0,0,123,180,forward,10459.71,-4,0,1.6986377287528378,101.43648884218591
11:21:42,1.698699,101.436529,0,0,0,0,0,0,0,0,123,180,forward,10459.66,-4,0,1.6986387287528377,101.43648984218589
11:21:44,1.6987,101.43653,0,0,0,0,0,0,0,0,123,180,forward,10459.62,-4,0,1.6986397287528379,101.43649084218588
11:21:46,1.698701,101.436531,0,0,0,0,0,0,0,0,124,180,forward,10459.58,-5,0,1.6986414210301972,101.43649079580901
11:21:48,1.698703,101.436532,0,0,0,0,0,0,0,0,124,180,forward,10459.59,-5,0,1.6986434210301973,101.43649179580896
11:21:51,1.698704,101.436533,0,0,0,0,0,0,0,0,124,180,forward,10459.54,-5,0,1.6986444210301972,101.43649279580895
11:21:53,1.698704,101.436534,0,0,0,0,0,0,0,0,124,180,forward,10459.44,-5,0,1.6986444210301972,101.43649379580894
11:21:55,1.698705,101.436535,0,0,0,0,0,0,0,0,125,180,forward,10459.4,-6,0,1.6986461314558876,101.43649376167866
11:21:57,1.698705,101.436536,0,0,0,0,0,0,0,0,125,180,forward,10459.3,-6,0,1.6986461314558876,101.43649476167866
11:21:59,1.698706,101.436536,0,0,0,0,0,0,0,0,125,180,forward,10459.36,-6,0,1.6986471314558877,101.43649476167865
11:22:01,1.698706,101.436537,0,0,0,0,0,0,0,0,125,180,forward,10459.26,-6,0,1.6986471314558877,101.43649576167864
11:22:03,1.698707,101.436538,0,0,0,0,0,0,0,0,126,180,forward,10459.22,-7,0,1.6986488598135072,101.43649574010995
11:22:06,1.698707,101.43654,0,0,0,0,0,0,0,0,126,180,forward,10459.02,-7,0,1.6986488598135072,101.43649774010994
11:22:08,1.698708,101.436541,0,0,0,0,0,0,0,0,126,180,forward,10458.98,-7,0,1.6986498598135074,101.43649874010993
11:22:10,1.698709,101.436543,0,0,0,0,0,0,0,0,126,180,forward,10458.84,-7,0,1.6986508598135073,101.4365007401099
11:22:12,1.69871,101.436544,0,0,0,0,0,0,0,0,127,180,forward,10458.79,-8,0,1.6986526058811906,101.43650073141397
11:22:14,1.698711,101.436545,0,0,0,0,0,0,0,0,127,180,forward,10458.75,-8,0,1.6986536058811907,101.43650173141395
11:22:16,1.698712,101.436547,0,0,0,0,0,0,0,0,127,180,forward,10458.61,-8,0,1.6986546058811907,101.43650373141394
11:22:19,1.698713,101.436548,0,0,0,0,0,0,0,0,127,180,forward,10458.56,-8,0,1.6986556058811906,101.43650473141392
11:22:21,1.698714,101.436549,0,0,0,0,0,0,0,0,128,180,forward,10458.52,-9,0,1.6986573694316789,101.43650473589801
11:22:23,1.698715,101.43655,0,0,0,0,0,0,0,0,128,180,forward,10458.48,-9,0,1.6986583694316788,101.436505735898
11:22:25,1.698715,101.436551,0,0,0,0,0,0,0,0,128,180,forward,10458.38,-9,0,1.6986583694316788,101.43650673589799
11:22:27,1.698716,101.436552,0,0,0,0,0,0,0,0,129,180,forward,10458.34,-10,0,1.6986601502323864,101.43650675386537
11:22:29,1.698717,101.436553,0,0,0,0,0,0,0,0,129,180,forward,10458.29,-10,0,1.6986611502323865,101.43650775386536
11:22:31,1.698718,101.436553,0,0,0,0,0,0,0,0,129,180,forward,10458.34,-10,0,1.6986621502323864,101.43650775386533
11:22:34,1.698719,101.436553,0,0,0,0,0,0,0,0,129,180,forward,10458.4,-10,0,1.6986631502323866,101.4365077538653
11:22:36,1.69872,101.436554,0,0,0,0,0,0,0,0,129,180,forward,10458.35,-10,0,1.6986641502323865,101.43650875386528
11:22:38,1.69872,101.436553,0,0,0,0,0,0,0,0,130,180,forward,10458.45,-11,0,1.6986649480454745,101.4365067856151
11:22:40,1.698721,101.436553,0,0,0,0,0,0,0,0,130,180,forward,10458.51,-11,0,1.6986659480454744,101.43650678561507
11:22:42,1.698721,101.436552,0,0,0,0,0,0,0,0,130,180,forward,10458.6,-11,0,1.6986659480454744,101.43650578561507
11:22:44,1.698722,101.436552,0,0,0,0,0,0,0,0,130,180,forward,10458.66,-12,0,1.6986669480454746,101.43650578561504
11:22:46,1.698723,101.436551,0,0,0,0,0,0,0,0,131,180,forward,10458.81,-12,0,1.698668762627921,101.43650383144217
11:22:49,1.698723,101.43655,0,0,0,0,0,0,0,0,131,180,forward,10458.9,-12,0,1.698668762627921,101.43650283144217
11:22:51,1.698724,101.436549,0,0,0,0,0,0,0,0,131,180,forward,10459.05,-12,0,1.698669762627921,101.43650183144214
11:22:53,1.698725,101.436549,0,0,0,0,0,0,0,0,132,180,forward,10459.11,-13,0,1.6986715937315968,101.43650089163728
11:22:55,1.698725,101.436548,0,0,0,0,0,0,0,0,132,180,forward,10459.21,-13,0,1.6986715937315968,101.43649989163728
11:22:57,1.698725,101.436548,0,0,0,0,0,0,0,0,132,180,forward,10459.21,-13,0,1.6986715937315968,101.43649989163728
11:23:00,1.698725,101.436548,0,0,0,0,0,0,0,0,132,180,forward,10459.21,-13,0,1.6986715937315968,101.43649989163728
11:23:02,1.698726,101.436547,0,0,0,0,0,0,0,0,132,180,forward,10459.36,-13,0,1.6986725937315967,101.43649889163726
11:23:04,1.698726,101.436546,0,0,0,0,0,0,0,0,133,180,forward,10459.45,-14,0,1.698673441103339,101.43649696648669
11:23:06,1.698726,101.436545,0,0,0,0,0,0,0,0,133,180,forward,10459.55,-13,0,1.698673441103339,101.43649596648667
11:23:08,1.698726,101.436544,0,0,0,0,0,0,0,0,133,180,forward,10459.65,-14,0,1.698673441103339,101.43649496648668
11:23:10,1.698726,101.436544,0,0,0,0,0,0,0,0,133,180,forward,10459.65,-14,0,1.698673441103339,101.43649496648668
11:23:12,1.698726,101.436543,0,0,0,0,0,0,0,0,132,180,forward,10459.75,-13,0,1.6986725937315967,101.43649489163725
11:23:15,1.698725,101.436543,0,0,0,0,0,0,0,0,133,180,forward,10459.69,-14,0,1.6986724411033391,101.43649396648671
11:23:17,1.698724,101.436542,0,0,0,0,0,0,0,0,132,180,forward,10459.74,-14,0,1.6986705937315967,101.43649389163731
11:23:19,1.698724,101.436542,0,0,0,0,0,0,0,0,133,180,forward,10459.74,-14,0,1.698671441103339,101.43649296648674
11:23:21,1.698724,101.436541,0,0,0,0,0,0,0,0,132,180,forward,10459.83,-13,0,1.6986705937315967,101.43649289163731
11:23:23,1.698723,101.43654,0,0,0,0,0,0,0,0,132,180,forward,10459.88,-14,0,1.6986695937315968,101.43649189163732
11:23:25,1.698723,101.436539,0,0,0,0,0,0,0,0,132,180,forward,10459.97,-13,0,1.6986695937315968,101.43649089163732
11:23:27,1.698723,101.436538,0,0,0,0,0,0,0,0,132,180,forward,10460.07,-13,0,1.6986695937315968,101.43648989163732
11:23:30,1.698723,101.436538,0,0,0,0,0,0,0,0,132,180,forward,10460.07,-13,0,1.6986695937315968,101.43648989163732
11:23:32,1.698724,101.436538,0,0,0,0,0,0,0,0,132,180,forward,10460.12,-13,0,1.6986705937315967,101.43648989163731
11:23:34,1.698724,101.436537,0,0,0,0,0,0,0,0,132,180,forward,10460.22,-13,0,1.6986705937315967,101.43648889163731
11:23:36,1.698724,101.436536,0,0,0,0,0,0,0,0,132,180,forward,10460.32,-13,0,1.6986705937315967,101.43648789163731
11:23:38,1.698725,101.436535,0,0,0,0,0,0,0,0,131,180,forward,10460.47,-12,0,1.6986707626279212,101.43648783144212
11:23:40,1.698725,101.436534,0,0,0,0,0,0,0,0,131,180,forward,10460.57,-12,0,1.6986707626279212,101.43648683144211
11:23:43,1.698725,101.436533,0,0,0,0,0,0,0,0,131,180,forward,10460.66,-12,0,1.6986707626279212,101.43648583144211
11:23:45,1.698726,101.436532,0,0,0,0,0,0,0,0,131,180,forward,10460.82,-12,0,1.698671762627921,101.4364848314421
11:23:47,1.698726,101.436532,0,0,0,0,0,0,0,0,130,180,forward,10460.82,-11,0,1.6986709480454745,101.43648578561495
11:23:49,1.698726,101.436532,0,0,0,0,0,0,0,0,131,180,forward,10460.82,-11,0,1.698671762627921,101.4364848314421
11:23:51,1.698727,101.436532,0,0,0,0,0,0,0,0,130,180,forward,10460.87,-11,0,1.6986719480454746,101.43648578561492
11:23:53,1.698727,101.43653,0,0,0,0,0,0,0,0,130,180,forward,10461.06,-11,0,1.6986719480454746,101.43648378561493
11:23:56,1.698728,101.436528,0,0,0,0,0,0,0,0,129,180,forward,10461.31,-10,0,1.6986721502323865,101.43648275386508
11:23:58,1.698729,101.436527,0,0,0,0,0,0,0,0,130,180,forward,10461.46,-10,0,1.6986739480454744,101.43648078561486
11:24:00,1.698729,101.436526,0,0,0,0,0,0,0,0,129,180,forward,10461.56,-10,0,1.6986731502323864,101.43648075386507
11:24:02,1.698729,101.436524,0,0,0,0,0,0,0,0,129,180,forward,10461.75,-10,0,1.6986731502323864,101.43647875386507
11:24:04,1.698729,101.436523,0,0,0,0,0,0,0,0,128,180,forward,10461.85,-9,0,1.6986723694316788,101.43647873589767
11:24:07,1.698728,101.436522,0,0,0,0,0,0,0,0,128,180,forward,10461.9,-9,0,1.6986713694316788,101.4364777358977
11:24:09,1.698728,101.436521,0,0,0,0,0,0,0,0,128,180,forward,10461.99,-9,0,1.6986713694316788,101.4364767358977
11:24:11,1.698727,101.43652,0,0,0,0,0,0,0,0,128,180,forward,10462.04,-9,0,1.698670369431679,101.43647573589772
11:24:13,1.698727,101.436519,0,0,0,0,0,0,0,0,127,180,forward,10462.13,-8,0,1.6986696058811908,101.43647573141361
11:24:15,1.698727,101.436519,0,0,0,0,0,0,0,0,127,180,forward,10462.13,-8,0,1.6986696058811908,101.43647573141361
11:24:17,1.698727,101.436518,0,0,0,0,0,0,0,0,126,180,forward,10462.23,-7,0,1.6986688598135073,101.43647574010951
11:24:20,1.698726,101.436517,0,0,0,0,0,0,0,0,126,180,forward,10462.27,-7,0,1.6986678598135072,101.43647474010953
11:24:22,1.698726,101.436516,0,0,0,0,0,0,0,0,126,180,forward,10462.37,-7,0,1.6986678598135072,101.43647374010953
11:24:24,1.698726,101.436516,0,0,0,0,0,0,0,0,125,180,forward,10462.37,-6,0,1.6986671314558877,101.43647476167821
11:24:26,1.698726,101.436516,0,0,0,0,0,0,0,0,125,180,forward,10462.37,-6,0,1.6986671314558877,101.43647476167821
11:24:28,1.698726,101.436516,0,0,0,0,0,0,0,0,125,180,forward,10462.37,-6,0,1.6986671314558877,101.43647476167821
11:24:30,1.698726,101.436515,0,0,0,0,0,0,0,0,125,180,forward,10462.47,-6,0,1.6986671314558877,101.43647376167822
11:24:33,1.698726,101.436514,0,0,0,0,0,0,0,0,124,180,forward,10462.57,-5,0,1.6986664210301972,101.43647379580848
11:24:35,1.698725,101.436514,0,0,0,0,0,0,0,0,124,180,forward,10462.51,-5,0,1.6986654210301972,101.43647379580851
11:24:37,1.698724,101.436513,0,0,0,0,0,0,0,0,124,180,forward,10462.56,-5,0,1.698664421030197,101.43647279580853
11:24:39,1.698723,101.436512,0,0,0,0,0,0,0,0,123,180,forward,10462.6,-4,0,1.6986627287528377,101.4364728421854
11:24:41,1.698722,101.436511,0,0,0,0,0,0,0,0,123,180,forward,10462.64,-4,0,1.6986617287528378,101.43647184218543
11:24:43,1.698722,101.436511,0,0,0,0,0,0,0,0,123,180,forward,10462.64,-4,0,1.6986617287528378,101.43647184218543
11:24:46,1.698721,101.43651,0,0,0,0,0,0,0,0,122,180,forward,10462.69,-3,0,1.6986600548346842,101.43647190049015
11:24:48,1.698721,101.436509,0,0,0,0,0,0,0,0,122,180,forward,10462.79,-3,0,1.6986600548346842,101.43647090049015
11:24:50,1.69872,101.436508,0,0,0,0,0,0,0,0,122,180,forward,10462.83,-3,0,1.6986590548346843,101.43646990049018
11:24:52,1.69872,101.436508,0,0,0,0,0,0,0,0,122,180,forward,10462.83,-2,0,1.6986590548346843,101.43646990049018
11:24:54,1.69872,101.436507,0,0,0,0,0,0,0,0,121,180,forward,10462.93,-2,0,1.6986583994810185,101.43646997040037
11:24:56,1.698719,101.436506,0,0,0,0,0,0,0,0,121,180,forward,10462.97,-2,0,1.6986573994810186,101.43646897040037
11:24:59,1.698718,101.436506,0,0,0,0,0,0,0,0,121,180,forward,10462.92,-2,0,1.6986563994810184,101.4364689704004
11:25:01,1.698718,101.436505,0,0,0,0,0,0,0,0,120,180,forward,10463.01,-1,0,1.6986557628914676,101.43646905159015
11:25:03,1.698717,101.436506,0,0,0,0,0,0,0,0,120,180,forward,10462.86,-1,0,1.6986547628914677,101.43647005159018
11:25:05,1.698717,101.436505,0,0,0,0,0,0,0,0,120,180,forward,10462.96,-1,0,1.6986547628914677,101.43646905159018
11:25:07,1.698716,101.436505,0,0,0,0,0,0,0,0,120,180,forward,10462.91,-1,0,1.6986537628914675,101.4364690515902
11:25:09,1.698716,101.436504,0,0,0,0,0,0,0,0,120,180,forward,10463.0,-1,0,1.6986537628914675,101.4364680515902
11:25:12,1.698715,101.436504,0,0,0,0,0,0,0,0,119,180,forward,10462.95,0,0,1.6986521452599428,101.4364691437302
11:25:14,1.698715,101.436503,0,0,0,0,0,0,0,0,120,180,forward,10463.05,0,0,1.6986527628914676,101.43646705159021
11:25:16,1.698714,101.436503,0,0,0,0,0,0,0,0,119,180,forward,10463.0,0,0,1.6986511452599429,101.43646814373022
11:25:18,1.698714,101.436502,0,0,0,0,0,0,0,0,119,180,forward,10463.09,0,0,1.6986511452599429,101.43646714373023
11:25:20,1.698713,101.436502,0,0,0,0,0,0,0,0,119,180,forward,10463.04,0,0,1.6986501452599427,101.43646714373025
11:25:23,1.698713,101.436501,0,0,0,0,0,0,0,0,119,180,forward,10463.14,0,0,1.6986501452599427,101.43646614373026
11:25:25,1.698713,101.436501,0,0,0,0,0,0,0,0,118,180,forward,10463.14,0,0,1.6986495467745806,101.4364672464878
11:25:27,1.698713,101.4365,0,0,0,0,0,0,0,0,118,180,forward,10463.23,0,0,1.6986495467745806,101.43646624648778
11:25:29,1.698713,101.4365,0,0,0,0,0,0,0,0,118,180,forward,10463.23,0,0,1.6986495467745806,101.43646624648778
11:25:31,1.698714,101.436501,0,0,0,0,0,0,0,0,118,180,forward,10463.19,0,0,1.6986505467745807,101.43646724648778
11:25:33,1.698714,101.436501,0,0,0,0,0,0,0,0,118,180,forward,10463.19,0,0,1.6986505467745807,101.43646724648778
11:25:35,1.698714,101.436502,0,0,0,0,0,0,0,0,118,180,forward,10463.09,0,0,1.6986505467745807,101.43646824648778
11:25:38,1.698713,101.436502,0,0,0,0,0,0,0,0,118,180,forward,10463.04,0,0,1.6986495467745806,101.43646824648779
11:25:40,1.698712,101.436503,0,0,0,0,0,0,0,0,117,180,forward,10462.89,1,0,1.6986479676176858,101.43647035952701
11:25:42,1.698712,101.436503,0,0,0,0,0,0,0,0,117,180,forward,10462.89,1,0,1.6986479676176858,101.43647035952701
11:25:44,1.698711,101.436504,0,0,0,0,0,0,0,0,117,180,forward,10462.74,1,0,1.6986469676176859,101.43647135952702
11:25:46,1.698711,101.436504,0,0,0,0,0,0,0,0,117,180,forward,10462.74,1,0,1.6986469676176859,101.43647135952702
11:25:49,1.698711,101.436504,0,0,0,0,0,0,0,0,117,180,forward,10462.74,1,0,1.6986469676176859,101.43647135952702
11:25:51,1.698711,101.436505,0,0,0,0,0,0,0,0,117,180,forward,10462.64,1,0,1.6986469676176859,101.43647235952702
11:25:53,1.698711,101.436505,0,0,0,0,0,0,0,0,117,180,forward,10462.64,1,0,1.6986469676176859,101.43647235952702
11:25:55,1.698711,101.436506,0,0,0,0,0,0,0,0,117,180,forward,10462.54,1,0,1.6986469676176859,101.43647335952701
11:25:57,1.698711,101.436507,0,0,0,0,0,0,0,0,117,180,forward,10462.45,1,0,1.6986469676176859,101.43647435952703
11:25:59,1.698711,101.436508,0,0,0,0,0,0,0,0,117,180,forward,10462.35,1,0,1.6986469676176859,101.43647535952702
11:26:02,1.698711,101.436508,0,0,0,0,0,0,0,0,117,180,forward,10462.35,1,0,1.6986469676176859,101.43647535952702
11:26:04,1.698711,101.436509,0,0,0,0,0,0,0,0,117,180,forward,10462.25,1,0,1.6986469676176859,101.43647635952702
11:26:06,1.698711,101.436509,0,0,0,0,0,0,0,0,117,180,forward,10462.25,1,0,1.6986469676176859,101.43647635952702
11:26:08,1.698711,101.43651,0,0,0,0,0,0,0,0,117,180,forward,10462.15,1,0,1.6986469676176859,101.43647735952702
11:26:10,1.698711,101.43651,0,0,0,0,0,0,0,0,117,180,forward,10462.15,1,0,1.6986469676176859,101.43647735952702
11:26:13,1.698712,101.436511,0,0,0,0,0,0,0,0,117,180,forward,10462.11,1,0,1.6986479676176858,101.436478359527
11:26:15,1.698712,101.436511,0,0,0,0,0,0,0,0,117,180,forward,10462.11,1,0,1.6986479676176858,101.436478359527
11:26:17,1.698712,101.436511,0,0,0,0,0,0,0,0,117,180,forward,10462.11,1,0,1.6986479676176858,101.436478359527
11:26:19,1.698712,101.436511,0,0,0,0,0,0,0,0,118,180,forward,10462.11,1,0,1.6986485467745807,101.43647724648781
11:26:21,1.698712,101.43651,0,0,0,0,0,0,0,0,117,180,forward,10462.21,1,0,1.6986479676176858,101.436477359527
11:26:23,1.698712,101.436509,0,0,0,0,0,0,0,0,118,180,forward,10462.3,0,0,1.6986485467745807,101.43647524648782
11:26:26,1.698713,101.43651,0,0,0,0,0,0,0,0,118,180,forward,10462.26,0,0,1.6986495467745806,101.43647624648779
11:26:28,1.698713,101.43651,0,0,0,0,0,0,0,0,118,180,forward,10462.26,0,0,1.6986495467745806,101.43647624648779
11:26:30,1.698713,101.436511,0,0,0,0,0,0,0,0,118,180,forward,10462.16,0,0,1.6986495467745806,101.43647724648778
11:26:32,1.698714,101.436513,0,0,0,0,0,0,0,0,118,180,forward,10462.02,0,0,1.6986505467745807,101.43647924648778
11:26:34,1.698714,101.436513,0,0,0,0,0,0,0,0,118,180,forward,10462.02,0,0,1.6986505467745807,101.43647924648778
11:26:36,1.698715,101.436514,0,0,0,0,0,0,0,0,118,180,forward,10461.98,0,0,1.6986515467745806,101.43648024648776
11:26:38,1.698716,101.436515,0,0,0,0,0,0,0,0,118,180,forward,10461.93,0,0,1.6986525467745806,101.43648124648774
11:26:41,1.698717,101.436515,0,0,0,0,0,0,0,0,119,180,forward,10461.99,0,0,1.6986541452599428,101.43648014373017
11:26:43,1.698718,101.436516,0,0,0,0,0,0,0,0,119,180,forward,10461.94,0,0,1.6986551452599428,101.43648114373015
11:26:45,1.698719,101.436516,0,0,0,0,0,0,0,0,119,180,forward,10462.0,0,0,1.698656145259943,101.43648114373013
11:26:47,1.698719,101.436516,0,0,0,0,0,0,0,0,119,180,forward,10462.0,0,0,1.698656145259943,101.43648114373013
11:26:49,1.69872,101.436517,0,0,0,0,0,0,0,0,119,180,forward,10461.95,0,0,1.6986571452599428,101.43648214373012
11:26:52,1.698722,101.436518,0,0,0,0,0,0,0,0,120,180,forward,10461.96,-1,0,1.6986597628914677,101.43648205159009
11:26:54,1.698723,101.436519,0,0,0,0,0,0,0,0,120,180,forward,10461.92,-1,0,1.6986607628914676,101.43648305159007
11:26:56,1.698724,101.43652,0,0,0,0,0,0,0,0,120,180,forward,10461.88,-1,0,1.6986617628914675,101.43648405159004
11:26:58,1.698725,101.43652,0,0,0,0,0,0,0,0,120,180,forward,10461.93,-1,0,1.6986627628914677,101.43648405159003
11:27:00,1.698726,101.436521,0,0,0,0,0,0,0,0,120,180,forward,10461.89,-1,0,1.6986637628914676,101.43648505159001
11:27:03,1.698727,101.436522,0,0,0,0,0,0,0,0,120,180,forward,10461.84,-1,0,1.6986647628914677,101.43648605159
11:27:05,1.698728,101.436523,0,0,0,0,0,0,0,0,121,180,forward,10461.8,-1,0,1.6986663994810185,101.4364859704002
11:27:07,1.698729,101.436523,0,0,0,0,0,0,0,0,121,180,forward,10461.85,-2,0,1.6986673994810184,101.43648597040018
11:27:09,1.698729,101.436524,0,0,0,0,0,0,0,0,121,180,forward,10461.75,-2,0,1.6986673994810184,101.4364869704002
11:27:11,1.69873,101.436525,0,0,0,0,0,0,0,0,121,180,forward,10461.71,-2,0,1.6986683994810186,101.43648797040018
11:27:14,1.698731,101.436526,0,0,0,0,0,0,0,0,122,180,forward,10461.67,-3,0,1.6986700548346843,101.43648790048996
11:27:16,1.698732,101.436526,0,0,0,0,0,0,0,0,122,180,forward,10461.72,-3,0,1.6986710548346842,101.43648790048994
11:27:18,1.698732,101.436528,0,0,0,0,0,0,0,0,122,180,forward,10461.53,-3,0,1.6986710548346842,101.43648990048993
11:27:20,1.698733,101.436529,0,0,0,0,0,0,0,0,122,180,forward,10461.48,-3,0,1.6986720548346843,101.43649090048991
11:27:22,1.698735,101.43653,0,0,0,0,0,0,0,0,122,180,forward,10461.49,-3,0,1.6986740548346844,101.43649190048988
11:27:24,1.698735,101.436531,0,0,0,0,0,0,0,0,123,180,forward,10461.39,-4,0,1.6986747287528379,101.43649184218516
11:27:26,1.698737,101.436531,0,0,0,0,0,0,0,0,123,180,forward,10461.5,-4,0,1.6986767287528377,101.43649184218512
11:27:28,1.698738,101.436532,0,0,0,0,0,0,0,0,123,180,forward,10461.46,-4,0,1.6986777287528378,101.4364928421851
11:27:31,1.69874,101.436532,0,0,0,0,0,0,0,0,123,180,forward,10461.56,-4,0,1.6986797287528377,101.43649284218506
11:27:33,1.698741,101.436531,0,0,0,0,0,0,0,0,124,180,forward,10461.71,-4,0,1.6986814210301973,101.43649079580817
11:27:35,1.698743,101.436532,0,0,0,0,0,0,0,0,124,180,forward,10461.72,-5,0,1.698683421030197,101.43649179580814
11:27:37,1.698744,101.436532,0,0,0,0,0,0,0,0,124,180,forward,10461.78,-5,0,1.6986844210301972,101.43649179580811
11:27:39,1.698745,101.436532,0,0,0,0,0,0,0,0,124,180,forward,10461.83,-5,0,1.6986854210301972,101.4364917958081
11:27:41,1.698745,101.436532,0,0,0,0,0,0,0,0,124,180,forward,10461.83,-5,0,1.6986854210301972,101.4364917958081
11:27:43,1.698746,101.436532,0,0,0,0,0,0,0,0,125,180,forward,10461.88,-6,0,1.6986871314558878,101.43649076167779
11:27:46,1.698747,101.436532,0,0,0,0,0,0,0,0,124,180,forward,10461.94,-5,0,1.6986874210301972,101.43649179580805
11:27:48,1.698748,101.436533,0,0,0,0,0,0,0,0,125,180,forward,10461.89,-6,0,1.6986891314558876,101.43649176167774
11:27:50,1.698749,101.436533,0,0,0,0,0,0,0,0,125,180,forward,10461.95,-6,0,1.6986901314558878,101.43649176167771
11:27:52,1.698749,101.436532,0,0,0,0,0,0,0,0,125,180,forward,10462.05,-6,0,1.6986901314558878,101.43649076167772
11:27:54,1.69875,101.436532,0,0,0,0,0,0,0,0,126,180,forward,10462.1,-7,0,1.6986918598135072,101.43648974010901
11:27:56,1.698751,101.436532,0,0,0,0,0,0,0,0,126,180,forward,10462.15,-7,0,1.6986928598135071,101.43648974010898
11:27:59,1.698752,101.436532,0,0,0,0,0,0,0,0,126,180,forward,10462.21,-7,0,1.6986938598135073,101.43648974010897
11:28:01,1.698752,101.436532,0,0,0,0,0,0,0,0,126,180,forward,10462.21,-7,0,1.6986938598135073,101.43648974010897
11:28:03,1.698753,101.436532,0,0,0,0,0,0,0,0,126,180,forward,10462.26,-7,0,1.6986948598135072,101.43648974010894
11:28:05,1.698754,101.436532,0,0,0,0,0,0,0,0,126,180,forward,10462.31,-8,0,1.6986958598135073,101.43648974010891
11:28:07,1.698755,101.436532,0,0,0,0,0,0,0,0,127,180,forward,10462.37,-8,0,1.6986976058811907,101.43648873141296
11:28:09,1.698755,101.436532,0,0,0,0,0,0,0,0,127,180,forward,10462.37,-8,0,1.6986976058811907,101.43648873141296
11:28:11,1.698756,101.436532,0,0,0,0,0,0,0,0,127,180,forward,10462.42,-8,0,1.6986986058811906,101.43648873141295
11:28:14,1.698757,101.436532,0,0,0,0,0,0,0,0,127,180,forward,10462.47,-8,0,1.6986996058811907,101.43648873141292
11:28:16,1.698758,101.436531,0,0,0,0,0,0,0,0,127,180,forward,10462.62,-8,0,1.6987006058811907,101.43648773141291
11:28:18,1.698758,101.436532,0,0,0,0,0,0,0,0,128,180,forward,10462.53,-9,0,1.6987013694316788,101.436487735897
11:28:20,1.698759,101.436532,0,0,0,0,0,0,0,0,128,180,forward,10462.58,-9,0,1.6987023694316787,101.43648773589699
11:28:22,1.698759,101.436532,0,0,0,0,0,0,0,0,128,180,forward,10462.58,-9,0,1.6987023694316787,101.43648773589699
11:28:25,1.698759,101.436532,0,0,0,0,0,0,0,0,128,180,forward,10462.58,-9,0,1.6987023694316787,101.43648773589699
11:28:27,1.698759,101.436533,0,0,0,0,0,0,0,0,128,180,forward,10462.48,-9,0,1.6987023694316787,101.43648873589699
11:28:29,1.698759,101.436533,0,0,0,0,0,0,0,0,128,180,forward,10462.48,-9,0,1.6987023694316787,101.43648873589699
11:28:31,1.698759,101.436534,0,0,0,0,0,0,0,0,128,180,forward,10462.39,-9,0,1.6987023694316787,101.43648973589698
11:28:33,1.698758,101.436535,0,0,0,0,0,0,0,0,128,180,forward,10462.23,-9,0,1.6987013694316788,101.43649073589701
11:28:35,1.698758,101.436535,0,0,0,0,0,0,0,0,128,180,forward,10462.23,-9,0,1.6987013694316788,101.43649073589701
11:28:38,1.698757,101.436535,0,0,0,0,0,0,0,0,129,180,forward,10462.18,-10,0,1.6987011502323865,101.43648975386442
11:28:40,1.698756,101.436535,0,0,0,0,0,0,0,0,128,180,forward,10462.13,-9,0,1.6986993694316788,101.43649073589705
11:28:42,1.698754,101.436535,0,0,0,0,0,0,0,0,129,180,forward,10462.02,-10,0,1.6986981502323866,101.43648975386449
11:28:44,1.698753,101.436536,0,0,0,0,0,0,0,0,129,180,forward,10461.87,-10,0,1.6986971502323864,101.4364907538645
11:28:46,1.698752,101.436537,0,0,0,0,0,0,0,0,129,180,forward,10461.72,-9,0,1.6986961502323865,101.43649175386453
11:28:48,1.698751,101.436538,0,0,0,0,0,0,0,0,129,180,forward,10461.57,-10,0,1.6986951502323864,101.43649275386456
11:28:51,1.69875,101.436539,0,0,0,0,0,0,0,0,129,180,forward,10461.42,-10,0,1.6986941502323865,101.43649375386457
11:28:53,1.698749,101.43654,0,0,0,0,0,0,0,0,129,180,forward,10461.27,-10,0,1.6986931502323865,101.4364947538646
11:28:55,1.698748,101.436541,0,0,0,0,0,0,0,0,129,180,forward,10461.12,-10,0,1.6986921502323864,101.43649575386462
11:28:57,1.698748,101.436542,0,0,0,0,0,0,0,0,129,180,forward,10461.02,-10,0,1.6986921502323864,101.43649675386462
11:28:59,1.698747,101.436543,0,0,0,0,0,0,0,0,129,180,forward,10460.87,-10,0,1.6986911502323865,101.43649775386464
11:29:01,1.698746,101.436543,0,0,0,0,0,0,0,0,129,180,forward,10460.81,-10,0,1.6986901502323866,101.43649775386467
11:29:03,1.698745,101.436543,0,0,0,0,0,0,0,0,129,180,forward,10460.76,-10,0,1.6986891502323864,101.43649775386469
11:29:06,1.698745,101.436543,0,0,0,0,0,0,0,0,129,180,forward,10460.76,-10,0,1.6986891502323864,101.43649775386469
11:29:08,1.698744,101.436543,0,0,0,0,0,0,0,0,129,180,forward,10460.71,-10,0,1.6986881502323865,101.43649775386471
11:29:10,1.698743,101.436543,0,0,0,0,0,0,0,0,129,180,forward,10460.65,-10,0,1.6986871502323864,101.43649775386474
11:29:12,1.698742,101.436542,0,0,0,0,0,0,0,0,128,180,forward,10460.7,-10,0,1.6986853694316788,101.43649773589738
11:29:14,1.698741,101.436542,0,0,0,0,0,0,0,0,129,180,forward,10460.64,-10,0,1.6986851502323865,101.43649675386479
11:29:16,1.69874,101.436542,0,0,0,0,0,0,0,0,129,180,forward,10460.59,-10,0,1.6986841502323864,101.43649675386482
11:29:19,1.698738,101.436542,0,0,0,0,0,0,0,0,128,180,forward,10460.48,-9,0,1.698681369431679,101.43649773589748
11:29:21,1.698737,101.436542,0,0,0,0,0,0,0,0,128,180,forward,10460.43,-9,0,1.6986803694316788,101.43649773589749
11:29:23,1.698736,101.436542,0,0,0,0,0,0,0,0,128,180,forward,10460.38,-9,0,1.6986793694316789,101.43649773589752
11:29:25,1.698735,101.436542,0,0,0,0,0,0,0,0,128,180,forward,10460.32,-9,0,1.698678369431679,101.43649773589753
11:29:27,1.698734,101.436542,0,0,0,0,0,0,0,0,128,180,forward,10460.27,-9,0,1.6986773694316788,101.43649773589756
11:29:29,1.698733,101.436541,0,0,0,0,0,0,0,0,128,180,forward,10460.31,-9,0,1.6986763694316789,101.43649673589759
11:29:31,1.698732,101.436541,0,0,0,0,0,0,0,0,128,180,forward,10460.26,-9,0,1.6986753694316787,101.4364967358976
11:29:34,1.698732,101.436541,0,0,0,0,0,0,0,0,128,180,forward,10460.26,-9,0,1.6986753694316787,101.4364967358976
11:29:36,1.698731,101.436541,0,0,0,0,0,0,0,0,128,180,forward,10460.21,-9,0,1.6986743694316788,101.43649673589763
11:29:38,1.69873,101.436541,0,0,0,0,0,0,0,0,128,180,forward,10460.15,-9,0,1.698673369431679,101.43649673589765
11:29:40,1.698729,101.436541,0,0,0,0,0,0,0,0,128,180,forward,10460.1,-9,0,1.6986723694316788,101.43649673589768
11:29:42,1.698728,101.436541,0,0,0,0,0,0,0,0,128,180,forward,10460.05,-9,0,1.6986713694316788,101.4364967358977
11:29:45,1.698727,101.436541,0,0,0,0,0,0,0,0,128,180,forward,10459.99,-9,0,1.698670369431679,101.43649673589772
11:29:47,1.698726,101.436541,0,0,0,0,0,0,0,0,128,180,forward,10459.94,-8,0,1.6986693694316788,101.43649673589775
11:29:49,1.698725,101.43654,0,0,0,0,0,0,0,0,127,180,forward,10459.98,-8,0,1.6986676058811907,101.43649673141364
11:29:51,1.698725,101.43654,0,0,0,0,0,0,0,0,127,180,forward,10459.98,-8,0,1.6986676058811907,101.43649673141364
11:29:53,1.698724,101.436539,0,0,0,0,0,0,0,0,127,180,forward,10460.03,-8,0,1.6986666058811906,101.43649573141366
11:29:55,1.698724,101.436539,0,0,0,0,0,0,0,0,127,180,forward,10460.03,-8,0,1.6986666058811906,101.43649573141366
11:29:58,1.698723,101.436539,0,0,0,0,0,0,0,0,127,180,forward,10459.97,-8,0,1.6986656058811906,101.43649573141369
11:30:00,1.698723,101.436539,0,0,0,0,0,0,0,0,127,180,forward,10459.97,-8,0,1.6986656058811906,101.43649573141369
11:30:02,1.698723,101.436538,0,0,0,0,0,0,0,0,127,180,forward,10460.07,-8,0,1.6986656058811906,101.43649473141369
11:30:04,1.698722,101.436538,0,0,0,0,0,0,0,0,126,180,forward,10460.02,-7,0,1.6986638598135073,101.43649574010962
11:30:06,1.698722,101.436538,0,0,0,0,0,0,0,0,127,180,forward,10460.02,-8,0,1.6986646058811907,101.4364947314137
11:30:08,1.698722,101.436537,0,0,0,0,0,0,0,0,126,180,forward,10460.12,-8,0,1.6986638598135073,101.43649474010962
11:30:10,1.698721,101.436536,0,0,0,0,0,0,0,0,126,180,forward,10460.16,-7,0,1.6986628598135072,101.43649374010964
11:30:13,1.69872,101.436535,0,0,0,0,0,0,0,0,127,180,forward,10460.2,-8,0,1.6986626058811907,101.43649173141377
11:30:15,1.69872,101.436534,0,0,0,0,0,0,0,0,126,180,forward,10460.3,-7,0,1.6986618598135073,101.43649174010966
11:30:17,1.698719,101.436533,0,0,0,0,0,0,0,0,126,180,forward,10460.34,-7,0,1.6986608598135073,101.43649074010968
11:30:19,1.698719,101.436533,0,0,0,0,0,0,0,0,126,180,forward,10460.34,-7,0,1.6986608598135073,101.43649074010968
11:30:21,1.698718,101.436533,0,0,0,0,0,0,0,0,126,180,forward,10460.29,-7,0,1.6986598598135072,101.4364907401097
11:30:24,1.698717,101.436533,0,0,0,0,0,0,0,0,126,180,forward,10460.24,-7,0,1.6986588598135073,101.43649074010972
11:30:26,1.698716,101.436532,0,0,0,0,0,0,0,0,126,180,forward,10460.28,-7,0,1.6986578598135071,101.43648974010975
11:30:28,1.698714,101.436532,0,0,0,0,0,0,0,0,126,180,forward,10460.17,-7,0,1.6986558598135073,101.43648974010979
11:30:30,1.698713,101.436531,0,0,0,0,0,0,0,0,125,180,forward,10460.22,-6,0,1.6986541314558876,101.43648976167849
11:30:32,1.698712,101.43653,0,0,0,0,0,0,0,0,125,180,forward,10460.26,-6,0,1.6986531314558877,101.43648876167852
11:30:35,1.698711,101.436529,0,0,0,0,0,0,0,0,125,180,forward,10460.31,-6,0,1.6986521314558878,101.43648776167852
11:30:37,1.69871,101.436528,0,0,0,0,0,0,0,0,125,180,forward,10460.35,-6,0,1.6986511314558876,101.43648676167855
11:30:39,1.698708,101.436527,0,0,0,0,0,0,0,0,125,180,forward,10460.34,-6,0,1.6986491314558878,101.4364857616786
11:30:41,1.698707,101.436526,0,0,0,0,0,0,0,0,124,180,forward,10460.38,-6,0,1.6986474210301972,101.43648579580888
11:30:43,1.698705,101.436525,0,0,0,0,0,0,0,0,125,180,forward,10460.37,-6,0,1.6986461314558876,101.43648376167866
11:30:46,1.698704,101.436524,0,0,0,0,0,0,0,0,125,180,forward,10460.42,-6,0,1.6986451314558877,101.43648276167869
11:30:48,1.698703,101.436522,0,0,0,0,0,0,0,0,124,180,forward,10460.56,-5,0,1.6986434210301973,101.43648179580896
11:30:50,1.698702,101.436521,0,0,0,0,0,0,0,0,124,180,forward,10460.6,-5,0,1.6986424210301971,101.43648079580899
11:30:52,1.698701,101.43652,0,0,0,0,0,0,0,0,124,180,forward,10460.65,-5,0,1.6986414210301972,101.436479795809
11:30:54,1.6987,101.436519,0,0,0,0,0,0,0,0,124,180,forward,10460.69,-5,0,1.6986404210301973,101.43647879580904
11:30:56,1.698699,101.436518,0,0,0,0,0,0,0,0,124,180,forward,10460.73,-5,0,1.6986394210301972,101.43647779580905
11:30:59,1.698698,101.436517,0,0,0,0,0,0,0,0,124,180,forward,10460.78,-5,0,1.6986384210301972,101.43647679580906
11:31:01,1.698697,101.436516,0,0,0,0,0,0,0,0,123,180,forward,10460.82,-5,0,1.6986367287528377,101.43647684218593
11:31:03,1.698696,101.436515,0,0,0,0,0,0,0,0,124,180,forward,10460.87,-5,0,1.6986364210301972,101.4364747958091
11:31:05,1.698695,101.436514,0,0,0,0,0,0,0,0,123,180,forward,10460.91,-4,0,1.6986347287528378,101.43647484218597
11:31:07,1.698695,101.436513,0,0,0,0,0,0,0,0,123,180,forward,10461.01,-4,0,1.6986347287528378,101.43647384218598
11:31:10,1.698694,101.436513,0,0,0,0,0,0,0,0,123,180,forward,10460.95,-4,0,1.6986337287528377,101.436473842186
11:31:12,1.698694,101.436512,0,0,0,0,0,0,0,0,123,180,forward,10461.05,-4,0,1.6986337287528377,101.43647284218599
11:31:14,1.698693,101.436511,0,0,0,0,0,0,0,0,123,180,forward,10461.1,-4,0,1.6986327287528378,101.43647184218601
11:31:16,1.698693,101.43651,0,0,0,0,0,0,0,0,123,180,forward,10461.19,-4,0,1.6986327287528378,101.43647084218601
11:31:18,1.698693,101.436509,0,0,0,0,0,0,0,0,122,180,forward,10461.29,-3,0,1.6986320548346843,101.4364709004907
11:31:21,1.698693,101.436509,0,0,0,0,0,0,0,0,123,180,forward,10461.29,-4,0,1.6986327287528378,101.43646984218601
11:31:23,1.698693,101.436508,0,0,0,0,0,0,0,0,123,180,forward,10461.39,-4,0,1.6986327287528378,101.43646884218602
11:31:25,1.698692,101.436507,0,0,0,0,0,0,0,0,122,180,forward,10461.43,-3,0,1.6986310548346844,101.43646890049074
11:31:27,1.698692,101.436506,0,0,0,0,0,0,0,0,122,180,forward,10461.53,-3,0,1.6986310548346844,101.43646790049073
11:31:29,1.698692,101.436506,0,0,0,0,0,0,0,0,122,180,forward,10461.53,-3,0,1.6986310548346844,101.43646790049073
11:31:31,1.698692,101.436505,0,0,0,0,0,0,0,0,122,180,forward,10461.63,-3,0,1.6986310548346844,101.43646690049073
11:31:34,1.698692,101.436504,0,0,0,0,0,0,0,0,122,180,forward,10461.72,-3,0,1.6986310548346844,101.43646590049073
11:31:36,1.698691,101.436503,0,0,0,0,0,0,0,0,122,180,forward,10461.77,-3,0,1.6986300548346842,101.43646490049075
11:31:38,1.698691,101.436502,0,0,0,0,0,0,0,0,122,180,forward,10461.86,-3,0,1.6986300548346842,101.43646390049075
11:31:40,1.69869,101.4365,0,0,0,0,0,0,0,0,122,180,forward,10462.01,-3,0,1.6986290548346843,101.43646190049076
11:31:42,1.69869,101.436499,0,0,0,0,0,0,0,0,122,180,forward,10462.1,-3,0,1.6986290548346843,101.43646090049076
11:31:45,1.69869,101.436498,0,0,0,0,0,0,0,0,122,180,forward,10462.2,-3,0,1.6986290548346843,101.43645990049076
11:31:47,1.698689,101.436498,0,0,0,0,0,0,0,0,122,180,forward,10462.15,-3,0,1.6986280548346842,101.43645990049079
11:31:49,1.698689,101.436497,0,0,0,0,0,0,0,0,121,180,forward,10462.24,-3,0,1.6986273994810184,101.43645997040096
11:31:51,1.698688,101.436496,0,0,0,0,0,0,0,0,121,180,forward,10462.29,-2,0,1.6986263994810185,101.43645897040098
11:31:53,1.698688,101.436495,0,0,0,0,0,0,0,0,121,180,forward,10462.38,-2,0,1.6986263994810185,101.43645797040097
11:31:55,1.698687,101.436494,0,0,0,0,0,0,0,0,121,180,forward,10462.43,-2,0,1.6986253994810185,101.436456970401
11:31:57,1.698687,101.436493,0,0,0,0,0,0,0,0,121,180,forward,10462.53,-2,0,1.6986253994810185,101.436455970401
11:32:00,1.698686,101.436492,0,0,0,0,0,0,0,0,121,180,forward,10462.57,-2,0,1.6986243994810184,101.43645497040102
11:32:02,1.698686,101.436491,0,0,0,0,0,0,0,0,121,180,forward,10462.67,-2,0,1.6986243994810184,101.43645397040102
11:32:04,1.698686,101.436489,0,0,0,0,0,0,0,0,121,180,forward,10462.86,-2,0,1.6986243994810184,101.43645197040101
11:32:06,1.698685,101.436488,0,0,0,0,0,0,0,0,121,180,forward,10462.91,-2,0,1.6986233994810185,101.43645097040103
11:32:08,1.698685,101.436487,0,0,0,0,0,0,0,0,121,180,forward,10463.0,-2,0,1.6986233994810185,101.43644997040103
11:32:10,1.698684,101.436485,0,0,0,0,0,0,0,0,121,180,forward,10463.14,-2,0,1.6986223994810186,101.43644797040106
11:32:13,1.698684,101.436484,0,0,0,0,0,0,0,0,120,180,forward,10463.24,-1,0,1.6986217628914677,101.43644805159079
11:32:15,1.698683,101.436483,0,0,0,0,0,0,0,0,121,180,forward,10463.29,-2,0,1.6986213994810184,101.43644597040107
11:32:17,1.698683,101.436482,0,0,0,0,0,0,0,0,120,180,forward,10463.38,-1,0,1.6986207628914676,101.4364460515908
11:32:19,1.698682,101.436482,0,0,0,0,0,0,0,0,120,180,forward,10463.33,-1,0,1.6986197628914677,101.43644605159082
11:32:21,1.698682,101.436482,0,0,0,0,0,0,0,0,120,180,forward,10463.33,-1,0,1.6986197628914677,101.43644605159082
11:32:23,1.698682,101.436481,0,0,0,0,0,0,0,0,120,180,forward,10463.43,-1,0,1.6986197628914677,101.43644505159082
11:32:26,1.698681,101.436481,0,0,0,0,0,0,0,0,120,180,forward,10463.37,-1,0,1.6986187628914677,101.43644505159085
11:32:28,1.698681,101.436481,0,0,0,0,0,0,0,0,120,180,forward,10463.37,-1,0,1.6986187628914677,101.43644505159085
11:32:30,1.69868,101.43648,0,0,0,0,0,0,0,0,120,180,forward,10463.42,-1,0,1.6986177628914676,101.43644405159087
11:32:32,1.69868,101.43648,0,0,0,0,0,0,0,0,120,180,forward,10463.42,-1,0,1.6986177628914676,101.43644405159087
11:32:34,1.698679,101.436479,0,0,0,0,0,0,0,0,120,180,forward,10463.46,-1,0,1.6986167628914677,101.43644305159089
11:32:36,1.698678,101.436479,0,0,0,0,0,0,0,0,120,180,forward,10463.41,-1,0,1.6986157628914675,101.43644305159091
11:32:39,1.698677,101.436478,0,0,0,0,0,0,0,0,119,180,forward,10463.45,0,0,1.6986141452599428,101.43644314373088
11:32:41,1.698676,101.436477,0,0,0,0,0,0,0,0,120,180,forward,10463.5,-1,0,1.6986137628914677,101.43644105159093
11:32:43,1.698676,101.436477,0,0,0,0,0,0,0,0,119,180,forward,10463.5,0,0,1.698613145259943,101.43644214373091
11:32:45,1.698676,101.436476,0,0,0,0,0,0,0,0,119,180,forward,10463.59,0,0,1.698613145259943,101.43644114373092
11:32:47,1.698675,101.436476,0,0,0,0,0,0,0,0,119,180,forward,10463.54,0,0,1.6986121452599428,101.43644114373093
11:32:49,1.698675,101.436476,0,0,0,0,0,0,0,0,119,180,forward,10463.54,0,0,1.6986121452599428,101.43644114373093
11:32:51,1.698674,101.436475,0,0,0,0,0,0,0,0,119,180,forward,10463.58,0,0,1.6986111452599428,101.43644014373095
11:32:54,1.698674,101.436474,0,0,0,0,0,0,0,0,119,180,forward,10463.68,0,0,1.6986111452599428,101.43643914373095
11:32:56,1.698673,101.436474,0,0,0,0,0,0,0,0,119,180,forward,10463.63,0,0,1.698610145259943,101.43643914373096
11:32:58,1.698673,101.436474,0,0,0,0,0,0,0,0,119,180,forward,10463.63,0,0,1.698610145259943,101.43643914373096
11:33:00,1.698672,101.436473,0,0,0,0,0,0,0,0,118,180,forward,10463.67,0,0,1.6986085467745806,101.43643924648852
11:33:02,1.698672,101.436473,0,0,0,0,0,0,0,0,118,180,forward,10463.67,0,0,1.6986085467745806,101.43643924648852
11:33:04,1.698671,101.436472,0,0,0,0,0,0,0,0,118,180,forward,10463.72,0,0,1.6986075467745807,101.43643824648852
11:33:06,1.698671,101.436472,0,0,0,0,0,0,0,0,118,180,forward,10463.72,0,0,1.6986075467745807,101.43643824648852
11:33:09,1.69867,101.436471,0,0,0,0,0,0,0,0,119,180,forward,10463.76,0,0,1.6986071452599427,101.43643614373102
11:33:11,1.698671,101.43647,0,0,0,0,0,0,0,0,118,180,forward,10463.91,0,0,1.6986075467745807,101.43643624648853
11:33:13,1.698671,101.43647,0,0,0,0,0,0,0,0,118,180,forward,10463.91,0,0,1.6986075467745807,101.43643624648853
11:33:15,1.698671,101.436469,0,0,0,0,0,0,0,0,118,180,forward,10464.01,0,0,1.6986075467745807,101.43643524648853
11:33:17,1.698671,101.436467,0,0,0,0,0,0,0,0,118,180,forward,10464.2,0,0,1.6986075467745807,101.43643324648852
11:33:19,1.698671,101.436466,0,0,0,0,0,0,0,0,118,180,forward,10464.3,0,0,1.6986075467745807,101.43643224648852
11:33:22,1.698672,101.436464,0,0,0,0,0,0,0,0,118,180,forward,10464.55,0,0,1.6986085467745806,101.43643024648851
11:33:24,1.698672,101.436464,0,0,0,0,0,0,0,0,117,180,forward,10464.55,1,0,1.6986079676176857,101.43643135952769
11:33:26,1.698672,101.436463,0,0,0,0,0,0,0,0,117,180,forward,10464.64,1,0,1.6986079676176857,101.43643035952769
11:33:28,1.698673,101.436462,0,0,0,0,0,0,0,0,117,180,forward,10464.8,1,0,1.6986089676176859,101.43642935952766
11:33:30,1.698673,101.436461,0,0,0,0,0,0,0,0,117,180,forward,10464.89,1,0,1.6986089676176859,101.43642835952765
11:33:32,1.698673,101.43646,0,0,0,0,0,0,0,0,117,180,forward,10464.99,1,0,1.6986089676176859,101.43642735952766
11:33:34,1.698672,101.436459,0,0,0,0,0,0,0,0,117,180,forward,10465.03,1,0,1.6986079676176857,101.43642635952769
11:33:36,1.698672,101.436458,0,0,0,0,0,0,0,0,117,180,forward,10465.13,1,0,1.6986079676176857,101.43642535952769
11:33:38,1.698673,101.436457,0,0,0,0,0,0,0,0,117,180,forward,10465.28,1,0,1.6986089676176859,101.43642435952766
11:33:41,1.698673,101.436456,0,0,0,0,0,0,0,0,117,180,forward,10465.38,1,0,1.6986089676176859,101.43642335952767
11:33:43,1.698673,101.436456,0,0,0,0,0,0,0,0,117,180,forward,10465.38,1,0,1.6986089676176859,101.43642335952767
11:33:45,1.698674,101.436456,0,0,0,0,0,0,0,0,117,180,forward,10465.43,2,0,1.6986099676176858,101.43642335952765
11:33:47,1.698674,101.436456,0,0,0,0,0,0,0,0,117,180,forward,10465.43,1,0,1.6986099676176858,101.43642335952765
11:33:49,1.698675,101.436455,0,0,0,0,0,0,0,0,117,180,forward,10465.58,2,0,1.6986109676176857,101.43642235952763
11:33:51,1.698676,101.436455,0,0,0,0,0,0,0,0,116,180,forward,10465.64,2,0,1.698611407965675,101.43642348250938
11:33:53,1.698677,101.436454,0,0,0,0,0,0,0,0,116,180,forward,10465.79,2,0,1.6986124079656748,101.43642248250937
11:33:56,1.698678,101.436454,0,0,0,0,0,0,0,0,116,180,forward,10465.84,2,0,1.6986134079656747,101.43642248250936
11:33:58,1.698679,101.436453,0,0,0,0,0,0,0,0,116,180,forward,10465.99,2,0,1.6986144079656749,101.43642148250935
11:34:00,1.69868,101.436453,0,0,0,0,0,0,0,0,116,180,forward,10466.04,2,0,1.6986154079656748,101.43642148250933
11:34:02,1.69868,101.436452,0,0,0,0,0,0,0,0,116,180,forward,10466.14,2,0,1.6986154079656748,101.43642048250933
11:34:04,1.698681,101.436452,0,0,0,0,0,0,0,0,116,180,forward,10466.2,2,0,1.698616407965675,101.4364204825093
11:34:07,1.698681,101.436451,0,0,0,0,0,0,0,0,116,180,forward,10466.29,2,0,1.698616407965675,101.43641948250931
11:34:09,1.698682,101.436451,0,0,0,0,0,0,0,0,115,180,forward,10466.35,2,0,1.698616867989023,101.4364206150916
11:34:11,1.698683,101.436451,0,0,0,0,0,0,0,0,115,180,forward,10466.4,3,0,1.698617867989023,101.43642061509159
11:34:13,1.698685,101.43645,0,0,0,0,0,0,0,0,115,180,forward,10466.6,3,0,1.698619867989023,101.43641961509155
11:34:15,1.698686,101.43645,0,0,0,0,0,0,0,0,115,180,forward,10466.66,3,0,1.698620867989023,101.43641961509154
11:34:18,1.698687,101.436449,0,0,0,0,0,0,0,0,115,180,forward,10466.81,3,0,1.698621867989023,101.43641861509153
11:34:20,1.698688,101.436449,0,0,0,0,0,0,0,0,115,180,forward,10466.86,3,0,1.698622867989023,101.43641861509151
11:34:22,1.698689,101.436448,0,0,0,0,0,0,0,0,115,180,forward,10467.01,3,0,1.6986238679890229,101.4364176150915
11:34:24,1.69869,101.436448,0,0,0,0,0,0,0,0,115,180,forward,10467.07,3,0,1.698624867989023,101.43641761509149
11:34:26,1.69869,101.436448,0,0,0,0,0,0,0,0,115,180,forward,10467.07,3,0,1.698624867989023,101.43641761509149
11:34:28,1.698691,101.436448,0,0,0,0,0,0,0,0,115,180,forward,10467.12,3,0,1.698625867989023,101.43641761509147
11:34:30,1.698691,101.436448,0,0,0,0,0,0,0,0,115,180,forward,10467.12,3,0,1.698625867989023,101.43641761509147
11:34:33,1.698691,101.436448,0,0,0,0,0,0,0,0,115,180,forward,10467.12,3,0,1.698625867989023,101.43641761509147
11:34:35,1.698691,101.436448,0,0,0,0,0,0,0,0,115,180,forward,10467.12,3,0,1.698625867989023,101.43641761509147
11:34:37,1.698691,101.436448,0,0,0,0,0,0,0,0,115,180,forward,10467.12,3,0,1.698625867989023,101.43641761509147
11:34:39,1.698692,101.436448,0,0,0,0,0,0,0,0,115,180,forward,10467.17,3,0,1.698626867989023,101.43641761509144
11:34:41,1.698692,101.436448,0,0,0,0,0,0,0,0,115,180,forward,10467.17,3,0,1.698626867989023,101.43641761509144
11:34:43,1.698692,101.436449,0,0,0,0,0,0,0,0,115,180,forward,10467.07,3,0,1.698626867989023,101.43641861509144
11:34:45,1.698693,101.436449,0,0,0,0,0,0,0,0,115,180,forward,10467.13,3,0,1.698627867989023,101.43641861509143
11:34:48,1.698693,101.436451,0,0,0,0,0,0,0,0,115,180,forward,10466.93,3,0,1.698627867989023,101.43642061509144
11:34:50,1.698694,101.436452,0,0,0,0,0,0,0,0,115,180,forward,10466.89,3,0,1.698628867989023,101.43642161509142
11:34:52,1.698694,101.436453,0,0,0,0,0,0,0,0,115,180,forward,10466.79,3,0,1.698628867989023,101.43642261509142
11:34:54,1.698695,101.436454,0,0,0,0,0,0,0,0,115,180,forward,10466.75,4,0,1.698629867989023,101.4364236150914
11:34:56,1.698695,101.436455,0,0,0,0,0,0,0,0,115,180,forward,10466.65,3,0,1.698629867989023,101.4364246150914
11:34:59,1.698696,101.436457,0,0,0,0,0,0,0,0,115,180,forward,10466.51,3,0,1.698630867989023,101.43642661509139
11:35:01,1.698697,101.436458,0,0,0,0,0,0,0,0,115,180,forward,10466.47,3,0,1.6986318679890229,101.43642761509138
11:35:03,1.698697,101.43646,0,0,0,0,0,0,0,0,115,180,forward,10466.27,3,0,1.6986318679890229,101.43642961509137
11:35:05,1.698698,101.436462,0,0,0,0,0,0,0,0,115,180,forward,10466.13,3,0,1.698632867989023,101.43643161509137
11:35:07,1.698699,101.436464,0,0,0,0,0,0,0,0,115,180,forward,10465.99,3,0,1.698633867989023,101.43643361509135
11:35:09,1.698699,101.436465,0,0,0,0,0,0,0,0,115,180,forward,10465.89,3,0,1.698633867989023,101.43643461509134
11:35:12,1.698699,101.436466,0,0,0,0,0,0,0,0,115,180,forward,10465.79,3,0,1.698633867989023,101.43643561509134
11:35:14,1.698699,101.436468,0,0,0,0,0,0,0,0,115,180,forward,10465.6,3,0,1.698633867989023,101.43643761509135
11:35:16,1.698698,101.436469,0,0,0,0,0,0,0,0,115,180,forward,10465.45,3,0,1.698632867989023,101.43643861509136
11:35:18,1.698698,101.43647,0,0,0,0,0,0,0,0,116,180,forward,10465.35,2,0,1.6986334079656749,101.43643848250903
11:35:20,1.698698,101.436471,0,0,0,0,0,0,0,0,116,180,forward,10465.25,3,0,1.6986334079656749,101.43643948250903
11:35:22,1.698699,101.436472,0,0,0,0,0,0,0,0,115,180,forward,10465.21,3,0,1.698633867989023,101.43644161509134
11:35:25,1.698699,101.436474,0,0,0,0,0,0,0,0,116,180,forward,10465.02,2,0,1.6986344079656748,101.43644248250902
11:35:27,1.698699,101.436475,0,0,0,0,0,0,0,0,116,180,forward,10464.92,2,0,1.6986344079656748,101.43644348250902
11:35:29,1.6987,101.436476,0,0,0,0,0,0,0,0,116,180,forward,10464.87,2,0,1.698635407965675,101.436444482509
11:35:31,1.6987,101.436477,0,0,0,0,0,0,0,0,116,180,forward,10464.78,2,0,1.698635407965675,101.436445482509
11:35:33,1.698701,101.436479,0,0,0,0,0,0,0,0,116,180,forward,10464.64,2,0,1.6986364079656748,101.436447482509
11:35:35,1.698702,101.43648,0,0,0,0,0,0,0,0,116,180,forward,10464.59,2,0,1.6986374079656748,101.43644848250896
11:35:38,1.698703,101.436481,0,0,0,0,0,0,0,0,117,180,forward,10464.55,1,0,1.6986389676176858,101.43644835952716
11:35:40,1.698704,101.436483,0,0,0,0,0,0,0,0,117,180,forward,10464.41,2,0,1.6986399676176858,101.43645035952713
11:35:42,1.698704,101.436485,0,0,0,0,0,0,0,0,117,180,forward,10464.21,1,0,1.6986399676176858,101.43645235952714
11:35:44,1.698704,101.436486,0,0,0,0,0,0,0,0,117,180,forward,10464.12,1,0,1.6986399676176858,101.43645335952714
11:35:46,1.698704,101.436488,0,0,0,0,0,0,0,0,117,180,forward,10463.92,1,0,1.6986399676176858,101.43645535952713
11:35:48,1.698704,101.43649,0,0,0,0,0,0,0,0,117,180,forward,10463.73,1,0,1.6986399676176858,101.43645735952714
11:35:51,1.698704,101.436491,0,0,0,0,0,0,0,0,117,180,forward,10463.63,1,0,1.6986399676176858,101.43645835952714
11:35:53,1.698703,101.436492,0,0,0,0,0,0,0,0,118,180,forward,10463.48,0,0,1.6986395467745807,101.43645824648797
11:35:55,1.698703,101.436493,0,0,0,0,0,0,0,0,117,180,forward,10463.38,0,0,1.6986389676176858,101.43646035952716
11:35:57,1.698703,101.436494,0,0,0,0,0,0,0,0,118,180,forward,10463.28,0,0,1.6986395467745807,101.43646024648797
11:35:59,1.698703,101.436495,0,0,0,0,0,0,0,0,118,180,forward,10463.19,0,0,1.6986395467745807,101.43646124648797
11:36:01,1.698703,101.436497,0,0,0,0,0,0,0,0,118,180,forward,10462.99,0,0,1.6986395467745807,101.43646324648797
11:36:03,1.698703,101.436498,0,0,0,0,0,0,0,0,118,180,forward,10462.89,0,0,1.6986395467745807,101.43646424648797
11:36:05,1.698703,101.4365,0,0,0,0,0,0,0,0,118,180,forward,10462.7,0,0,1.6986395467745807,101.43646624648797
11:36:08,1.698703,101.436503,0,0,0,0,0,0,0,0,118,180,forward,10462.41,0,0,1.6986395467745807,101.43646924648797
11:36:10,1.698702,101.436505,0,0,0,0,0,0,0,0,119,180,forward,10462.16,0,0,1.6986391452599428,101.43647014373043
11:36:12,1.698702,101.436507,0,0,0,0,0,0,0,0,119,180,forward,10461.96,0,0,1.6986391452599428,101.43647214373044
11:36:14,1.698702,101.436509,0,0,0,0,0,0,0,0,119,180,forward,10461.77,0,0,1.6986391452599428,101.43647414373044
11:36:16,1.698702,101.436511,0,0,0,0,0,0,0,0,119,180,forward,10461.58,0,0,1.6986391452599428,101.43647614373043
11:36:18,1.698702,101.436513,0,0,0,0,0,0,0,0,119,180,forward,10461.38,0,0,1.6986391452599428,101.43647814373044
11:36:20,1.698703,101.436515,0,0,0,0,0,0,0,0,119,180,forward,10461.24,0,0,1.698640145259943,101.43648014373042
11:36:23,1.698703,101.436517,0,0,0,0,0,0,0,0,120,180,forward,10461.05,-1,0,1.6986407628914677,101.43648105159043
11:36:25,1.698702,101.436518,0,0,0,0,0,0,0,0,120,180,forward,10460.89,-1,0,1.6986397628914676,101.43648205159046
11:36:27,1.698702,101.436519,0,0,0,0,0,0,0,0,120,180,forward,10460.8,-1,0,1.6986397628914676,101.43648305159046
11:36:29,1.698702,101.43652,0,0,0,0,0,0,0,0,120,180,forward,10460.7,-1,0,1.6986397628914676,101.43648405159045
11:36:31,1.698701,101.436521,0,0,0,0,0,0,0,0,120,180,forward,10460.55,-1,0,1.6986387628914676,101.43648505159048
11:36:33,1.698701,101.436522,0,0,0,0,0,0,0,0,120,180,forward,10460.45,-1,0,1.6986387628914676,101.43648605159048
11:36:36,1.6987,101.436524,0,0,0,0,0,0,0,0,121,180,forward,10460.2,-2,0,1.6986383994810186,101.43648697040075
11:36:38,1.6987,101.436526,0,0,0,0,0,0,0,0,121,180,forward,10460.01,-2,0,1.6986383994810186,101.43648897040075
11:36:40,1.698701,101.436527,0,0,0,0,0,0,0,0,121,180,forward,10459.97,-2,0,1.6986393994810185,101.43648997040073
11:36:42,1.698701,101.436529,0,0,0,0,0,0,0,0,121,180,forward,10459.77,-2,0,1.6986393994810185,101.43649197040072
11:36:44,1.698701,101.436531,0,0,0,0,0,0,0,0,121,180,forward,10459.58,-2,0,1.6986393994810185,101.43649397040073
11:36:46,1.698701,101.436532,0,0,0,0,0,0,0,0,121,180,forward,10459.48,-3,0,1.6986393994810185,101.43649497040073
11:36:48,1.698701,101.436533,0,0,0,0,0,0,0,0,122,180,forward,10459.38,-3,0,1.6986400548346843,101.43649490049054
11:36:51,1.698701,101.436534,0,0,0,0,0,0,0,0,122,180,forward,10459.28,-3,0,1.6986400548346843,101.43649590049054
11:36:53,1.698701,101.436534,0,0,0,0,0,0,0,0,122,180,forward,10459.28,-3,0,1.6986400548346843,101.43649590049054
11:36:55,1.6987,101.436535,0,0,0,0,0,0,0,0,122,180,forward,10459.13,-3,0,1.6986390548346844,101.43649690049058
11:36:57,1.6987,101.436536,0,0,0,0,0,0,0,0,122,180,forward,10459.04,-3,0,1.6986390548346844,101.43649790049058
11:36:59,1.6987,101.436538,0,0,0,0,0,0,0,0,122,180,forward,10458.84,-3,0,1.6986390548346844,101.43649990049057
11:37:01,1.698699,101.436538,0,0,0,0,0,0,0,0,123,180,forward,10458.79,-4,0,1.6986387287528377,101.4364988421859
11:37:03,1.698698,101.436539,0,0,0,0,0,0,0,0,123,180,forward,10458.64,-4,0,1.6986377287528378,101.43649984218591
11:37:05,1.698697,101.436539,0,0,0,0,0,0,0,0,123,180,forward,10458.58,-4,0,1.6986367287528377,101.43649984218592
11:37:08,1.698697,101.43654,0,0,0,0,0,0,0,0,123,180,forward,10458.49,-4,0,1.6986367287528377,101.43650084218592
11:37:10,1.698697,101.436541,0,0,0,0,0,0,0,0,123,180,forward,10458.39,-4,0,1.6986367287528377,101.43650184218593
11:37:12,1.698697,101.436542,0,0,0,0,0,0,0,0,123,180,forward,10458.29,-4,0,1.6986367287528377,101.43650284218593
11:37:14,1.698697,101.436543,0,0,0,0,0,0,0,0,124,180,forward,10458.2,-4,0,1.698637421030197,101.43650279580909
11:37:16,1.698697,101.436543,0,0,0,0,0,0,0,0,124,180,forward,10458.2,-5,0,1.698637421030197,101.43650279580909
11:37:18,1.698698,101.436544,0,0,0,0,0,0,0,0,124,180,forward,10458.15,-5,0,1.6986384210301972,101.43650379580906
11:37:21,1.698698,101.436544,0,0,0,0,0,0,0,0,124,180,forward,10458.15,-5,0,1.6986384210301972,101.43650379580906
11:37:23,1.698699,101.436544,0,0,0,0,0,0,0,0,124,180,forward,10458.2,-5,0,1.6986394210301972,101.43650379580905
11:37:25,1.698699,101.436544,0,0,0,0,0,0,0,0,124,180,forward,10458.2,-5,0,1.6986394210301972,101.43650379580905
11:37:27,1.698699,101.436544,0,0,0,0,0,0,0,0,124,180,forward,10458.2,-5,0,1.6986394210301972,101.43650379580905
11:37:29,1.698699,101.436545,0,0,0,0,0,0,0,0,124,180,forward,10458.11,-5,0,1.6986394210301972,101.43650479580904
11:37:32,1.698698,101.436545,0,0,0,0,0,0,0,0,125,180,forward,10458.05,-6,0,1.6986391314558877,101.43650376167881
11:37:34,1.698698,101.436545,0,0,0,0,0,0,0,0,125,180,forward,10458.05,-6,0,1.6986391314558877,101.43650376167881
11:37:36,1.698697,101.436546,0,0,0,0,0,0,0,0,125,180,forward,10457.9,-6,0,1.6986381314558876,101.43650476167883
11:37:38,1.698697,101.436546,0,0,0,0,0,0,0,0,125,180,forward,10457.9,-6,0,1.6986381314558876,101.43650476167883
11:37:40,1.698697,101.436545,0,0,0,0,0,0,0,0,125,180,forward,10458.0,-6,0,1.6986381314558876,101.43650376167882
11:37:42,1.698697,101.436545,0,0,0,0,0,0,0,0,125,180,forward,10458.0,-6,0,1.6986381314558876,101.43650376167882
11:37:44,1.698696,101.436545,0,0,0,0,0,0,0,0,126,180,forward,10457.95,-7,0,1.6986378598135072,101.43650274011019
11:37:46,1.698696,101.436545,0,0,0,0,0,0,0,0,125,180,forward,10457.95,-6,0,1.6986371314558877,101.43650376167885
11:37:49,1.698696,101.436545,0,0,0,0,0,0,0,0,126,180,forward,10457.95,-7,0,1.6986378598135072,101.43650274011019
11:37:51,1.698695,101.436545,0,0,0,0,0,0,0,0,126,180,forward,10457.89,-7,0,1.6986368598135073,101.4365027401102
11:37:53,1.698695,101.436545,0,0,0,0,0,0,0,0,126,180,forward,10457.89,-7,0,1.6986368598135073,101.4365027401102
11:37:55,1.698695,101.436546,0,0,0,0,0,0,0,0,126,180,forward,10457.8,-7,0,1.6986368598135073,101.43650374011021
11:37:57,1.698695,101.436546,0,0,0,0,0,0,0,0,126,180,forward,10457.8,-7,0,1.6986368598135073,101.43650374011021
11:38:00,1.698694,101.436546,0,0,0,0,0,0,0,0,126,180,forward,10457.74,-7,0,1.6986358598135072,101.43650374011024
11:38:02,1.698694,101.436546,0,0,0,0,0,0,0,0,126,180,forward,10457.74,-7,0,1.6986358598135072,101.43650374011024
11:38:04,1.698693,101.436546,0,0,0,0,0,0,0,0,126,180,forward,10457.69,-7,0,1.6986348598135073,101.43650374011025
11:38:06,1.698693,101.436546,0,0,0,0,0,0,0,0,126,180,forward,10457.69,-7,0,1.6986348598135073,101.43650374011025
11:38:08,1.698693,101.436546,0,0,0,0,0,0,0,0,126,180,forward,10457.69,-7,0,1.6986348598135073,101.43650374011025
11:38:10,1.698693,101.436545,0,0,0,0,0,0,0,0,127,180,forward,10457.79,-8,0,1.6986356058811907,101.43650173141435
11:38:13,1.698693,101.436545,0,0,0,0,0,0,0,0,127,180,forward,10457.79,-8,0,1.6986356058811907,101.43650173141435
11:38:15,1.698693,101.436545,0,0,0,0,0,0,0,0,126,180,forward,10457.79,-7,0,1.6986348598135073,101.43650274011024
11:38:17,1.698693,101.436545,0,0,0,0,0,0,0,0,127,180,forward,10457.79,-8,0,1.6986356058811907,101.43650173141435
11:38:19,1.698693,101.436545,0,0,0,0,0,0,0,0,127,180,forward,10457.79,-8,0,1.6986356058811907,101.43650173141435
11:38:21,1.698693,101.436545,0,0,0,0,0,0,0,0,127,180,forward,10457.79,-8,0,1.6986356058811907,101.43650173141435
11:38:23,1.698693,101.436546,0,0,0,0,0,0,0,0,127,180,forward,10457.69,-8,0,1.6986356058811907,101.43650273141436
11:38:25,1.698693,101.436546,0,0,0,0,0,0,0,0,127,180,forward,10457.69,-8,0,1.6986356058811907,101.43650273141436
11:38:27,1.698692,101.436546,0,0,0,0,0,0,0,0,127,180,forward,10457.64,-8,0,1.6986346058811908,101.4365027314144
11:38:29,1.698692,101.436547,0,0,0,0,0,0,0,0,127,180,forward,10457.54,-8,0,1.6986346058811908,101.43650373141439
11:38:32,1.698692,101.436547,0,0,0,0,0,0,0,0,127,180,forward,10457.54,-8,0,1.6986346058811908,101.43650373141439
11:38:34,1.698691,101.436546,0,0,0,0,0,0,0,0,127,180,forward,10457.58,-8,0,1.6986336058811906,101.43650273141441
11:38:36,1.698691,101.436546,0,0,0,0,0,0,0,0,127,180,forward,10457.58,-8,0,1.6986336058811906,101.43650273141441
11:38:38,1.69869,101.436545,0,0,0,0,0,0,0,0,127,180,forward,10457.63,-8,0,1.6986326058811907,101.43650173141442
11:38:40,1.69869,101.436544,0,0,0,0,0,0,0,0,127,180,forward,10457.72,-8,0,1.6986326058811907,101.43650073141443
11:38:43,1.69869,101.436543,0,0,0,0,0,0,0,0,127,180,forward,10457.82,-8,0,1.6986326058811907,101.43649973141443
11:38:45,1.698689,101.436542,0,0,0,0,0,0,0,0,127,180,forward,10457.87,-8,0,1.6986316058811906,101.43649873141445
11:38:47,1.698689,101.43654,0,0,0,0,0,0,0,0,127,180,forward,10458.06,-8,0,1.6986316058811906,101.43649673141444
11:38:49,1.698689,101.436539,0,0,0,0,0,0,0,0,127,180,forward,10458.16,-8,0,1.6986316058811906,101.43649573141444
11:38:51,1.698689,101.436537,0,0,0,0,0,0,0,0,127,180,forward,10458.35,-8,0,1.6986316058811906,101.43649373141444
11:38:54,1.698689,101.436536,0,0,0,0,0,0,0,0,127,180,forward,10458.45,-8,0,1.6986316058811906,101.43649273141445
11:38:56,1.698689,101.436535,0,0,0,0,0,0,0,0,127,180,forward,10458.55,-8,0,1.6986316058811906,101.43649173141445
11:38:58,1.698689,101.436534,0,0,0,0,0,0,0,0,127,180,forward,10458.64,-7,0,1.6986316058811906,101.43649073141444
11:39:00,1.69869,101.436533,0,0,0,0,0,0,0,0,126,180,forward,10458.79,-7,0,1.6986318598135073,101.43649074011032
11:39:02,1.69869,101.436532,0,0,0,0,0,0,0,0,126,180,forward,10458.89,-8,0,1.6986318598135073,101.43648974011032
11:39:04,1.69869,101.436531,0,0,0,0,0,0,0,0,126,180,forward,10458.99,-7,0,1.6986318598135073,101.43648874011032
11:39:07,1.69869,101.43653,0,0,0,0,0,0,0,0,127,180,forward,10459.09,-8,0,1.6986326058811907,101.43648673141443
11:39:09,1.698689,101.436529,0,0,0,0,0,0,0,0,126,180,forward,10459.13,-7,0,1.6986308598135071,101.43648674011033
11:39:11,1.698689,101.436528,0,0,0,0,0,0,0,0,126,180,forward,10459.23,-7,0,1.6986308598135071,101.43648574011033
11:39:13,1.698689,101.436527,0,0,0,0,0,0,0,0,126,180,forward,10459.32,-7,0,1.6986308598135071,101.43648474011033
11:39:15,1.698689,101.436527,0,0,0,0,0,0,0,0,126,180,forward,10459.32,-7,0,1.6986308598135071,101.43648474011033
11:39:17,1.698689,101.436526,0,0,0,0,0,0,0,0,126,180,forward,10459.42,-7,0,1.6986308598135071,101.43648374011033
11:39:20,1.698689,101.436526,0,0,0,0,0,0,0,0,125,180,forward,10459.42,-6,0,1.6986301314558876,101.436484761679
11:39:22,1.698689,101.436525,0,0,0,0,0,0,0,0,126,180,forward,10459.52,-7,0,1.6986308598135071,101.43648274011034
11:39:24,1.698689,101.436525,0,0,0,0,0,0,0,0,126,180,forward,10459.52,-7,0,1.6986308598135071,101.43648274011034
11:39:26,1.698689,101.436524,0,0,0,0,0,0,0,0,125,180,forward,10459.62,-6,0,1.6986301314558876,101.436482761679
11:39:28,1.698688,101.436523,0,0,0,0,0,0,0,0,125,180,forward,10459.66,-6,0,1.6986291314558877,101.43648176167902
11:39:30,1.698688,101.436522,0,0,0,0,0,0,0,0,125,180,forward,10459.76,-6,0,1.6986291314558877,101.43648076167902
11:39:32,1.698688,101.436521,0,0,0,0,0,0,0,0,125,180,forward,10459.85,-6,0,1.6986291314558877,101.43647976167902
11:39:34,1.698688,101.436521,0,0,0,0,0,0,0,0,125,180,forward,10459.85,-6,0,1.6986291314558877,101.43647976167902
11:39:37,1.698689,101.43652,0,0,0,0,0,0,0,0,125,180,forward,10460.01,-6,0,1.6986301314558876,101.436478761679
11:39:39,1.698689,101.436519,0,0,0,0,0,0,0,0,125,180,forward,10460.1,-5,0,1.6986301314558876,101.436477761679
11:39:41,1.698689,101.436518,0,0,0,0,0,0,0,0,124,180,forward,10460.2,-6,0,1.698629421030197,101.43647779580927
11:39:43,1.698689,101.436517,0,0,0,0,0,0,0,0,125,180,forward,10460.3,-6,0,1.6986301314558876,101.43647576167899
11:39:45,1.698689,101.436516,0,0,0,0,0,0,0,0,124,180,forward,10460.39,-5,0,1.698629421030197,101.43647579580926
11:39:47,1.69869,101.436515,0,0,0,0,0,0,0,0,124,180,forward,10460.55,-5,0,1.6986304210301972,101.43647479580923
11:39:50,1.69869,101.436515,0,0,0,0,0,0,0,0,124,180,forward,10460.55,-5,0,1.6986304210301972,101.43647479580923
11:39:52,1.69869,101.436514,0,0,0,0,0,0,0,0,124,180,forward,10460.64,-5,0,1.6986304210301972,101.43647379580923
11:39:54,1.698691,101.436514,0,0,0,0,0,0,0,0,124,180,forward,10460.7,-5,0,1.6986314210301972,101.43647379580922
11:39:56,1.698691,101.436514,0,0,0,0,0,0,0,0,124,180,forward,10460.7,-5,0,1.6986314210301972,101.43647379580922
11:39:58,1.698692,101.436514,0,0,0,0,0,0,0,0,123,180,forward,10460.75,-4,0,1.6986317287528379,101.43647484218604
11:40:00,1.698692,101.436513,0,0,0,0,0,0,0,0,123,180,forward,10460.85,-4,0,1.6986317287528379,101.43647384218605
11:40:03,1.698692,101.436512,0,0,0,0,0,0,0,0,123,180,forward,10460.94,-4,0,1.6986317287528379,101.43647284218603
11:40:05,1.698692,101.436511,0,0,0,0,0,0,0,0,123,180,forward,10461.04,-4,0,1.6986317287528379,101.43647184218604
11:40:07,1.698692,101.43651,0,0,0,0,0,0,0,0,123,180,forward,10461.14,-4,0,1.6986317287528379,101.43647084218604
11:40:09,1.698693,101.436509,0,0,0,0,0,0,0,0,123,180,forward,10461.29,-4,0,1.6986327287528378,101.43646984218601
11:40:11,1.698693,101.436508,0,0,0,0,0,0,0,0,123,180,forward,10461.39,-3,0,1.6986327287528378,101.43646884218602
11:40:13,1.698694,101.436506,0,0,0,0,0,0,0,0,122,180,forward,10461.63,-3,0,1.6986330548346842,101.43646790049068
11:40:15,1.698694,101.436505,0,0,0,0,0,0,0,0,122,180,forward,10461.73,-3,0,1.6986330548346842,101.43646690049069
11:40:18,1.698694,101.436503,0,0,0,0,0,0,0,0,122,180,forward,10461.93,-3,0,1.6986330548346842,101.43646490049069
11:40:20,1.698694,101.436502,0,0,0,0,0,0,0,0,122,180,forward,10462.02,-3,0,1.6986330548346842,101.4364639004907
11:40:22,1.698694,101.4365,0,0,0,0,0,0,0,0,122,180,forward,10462.22,-3,0,1.6986330548346842,101.43646190049068
11:40:24,1.698695,101.436499,0,0,0,0,0,0,0,0,121,180,forward,10462.37,-2,0,1.6986333994810185,101.43646197040084
11:40:26,1.698695,101.436498,0,0,0,0,0,0,0,0,121,180,forward,10462.47,-2,0,1.6986333994810185,101.43646097040084
11:40:28,1.698695,101.436497,0,0,0,0,0,0,0,0,121,180,forward,10462.56,-2,0,1.6986333994810185,101.43645997040085
11:40:30,1.698695,101.436495,0,0,0,0,0,0,0,0,121,180,forward,10462.76,-2,0,1.6986333994810185,101.43645797040084
11:40:32,1.698695,101.436493,0,0,0,0,0,0,0,0,120,180,forward,10462.95,-1,0,1.6986327628914677,101.43645705159058
11:40:35,1.698695,101.436492,0,0,0,0,0,0,0,0,121,180,forward,10463.05,-2,0,1.6986333994810185,101.43645497040085
11:40:37,1.698696,101.436492,0,0,0,0,0,0,0,0,120,180,forward,10463.1,-1,0,1.6986337628914676,101.43645605159057
11:40:39,1.698696,101.436491,0,0,0,0,0,0,0,0,120,180,forward,10463.2,-1,0,1.6986337628914676,101.43645505159057
11:40:41,1.698696,101.43649,0,0,0,0,0,0,0,0,120,180,forward,10463.3,-1,0,1.6986337628914676,101.43645405159057
11:40:43,1.698696,101.436489,0,0,0,0,0,0,0,0,120,180,forward,10463.4,-1,0,1.6986337628914676,101.43645305159056
11:40:45,1.698696,101.436488,0,0,0,0,0,0,0,0,119,180,forward,10463.49,0,0,1.6986331452599428,101.43645314373055
11:40:47,1.698696,101.436487,0,0,0,0,0,0,0,0,119,180,forward,10463.59,0,0,1.6986331452599428,101.43645214373055
11:40:50,1.698696,101.436487,0,0,0,0,0,0,0,0,119,180,forward,10463.59,0,0,1.6986331452599428,101.43645214373055
11:40:52,1.698696,101.436486,0,0,0,0,0,0,0,0,119,180,forward,10463.69,0,0,1.6986331452599428,101.43645114373055
11:40:54,1.698696,101.436485,0,0,0,0,0,0,0,0,119,180,forward,10463.79,0,0,1.6986331452599428,101.43645014373055
11:40:56,1.698696,101.436484,0,0,0,0,0,0,0,0,119,180,forward,10463.88,0,0,1.6986331452599428,101.43644914373054
11:40:58,1.698695,101.436483,0,0,0,0,0,0,0,0,118,180,forward,10463.93,0,0,1.6986315467745807,101.4364492464881
11:41:01,1.698695,101.436482,0,0,0,0,0,0,0,0,118,180,forward,10464.02,0,0,1.6986315467745807,101.4364482464881
11:41:03,1.698696,101.436481,0,0,0,0,0,0,0,0,118,180,forward,10464.17,0,0,1.6986325467745806,101.43644724648809
11:41:05,1.698696,101.436481,0,0,0,0,0,0,0,0,118,180,forward,10464.17,0,0,1.6986325467745806,101.43644724648809
11:41:07,1.698696,101.43648,0,0,0,0,0,0,0,0,118,180,forward,10464.27,0,0,1.6986325467745806,101.43644624648809
11:41:09,1.698696,101.436479,0,0,0,0,0,0,0,0,118,180,forward,10464.37,0,0,1.6986325467745806,101.43644524648809
11:41:12,1.698696,101.436478,0,0,0,0,0,0,0,0,117,180,forward,10464.47,1,0,1.6986319676176858,101.43644535952727
11:41:14,1.698696,101.436477,0,0,0,0,0,0,0,0,117,180,forward,10464.56,1,0,1.6986319676176858,101.43644435952727
11:41:16,1.698696,101.436476,0,0,0,0,0,0,0,0,117,180,forward,10464.66,1,0,1.6986319676176858,101.43644335952727
11:41:18,1.698696,101.436475,0,0,0,0,0,0,0,0,117,180,forward,10464.76,1,0,1.6986319676176858,101.43644235952728
11:41:20,1.698696,101.436475,0,0,0,0,0,0,0,0,117,180,forward,10464.76,1,0,1.6986319676176858,101.43644235952728
11:41:22,1.698696,101.436474,0,0,0,0,0,0,0,0,116,180,forward,10464.86,2,0,1.6986314079656748,101.43644248250907
11:41:25,1.698696,101.436472,0,0,0,0,0,0,0,0,116,180,forward,10465.05,2,0,1.6986314079656748,101.43644048250906
11:41:27,1.698695,101.436471,0,0,0,0,0,0,0,0,116,180,forward,10465.09,2,0,1.6986304079656749,101.43643948250907
11:41:29,1.698694,101.436471,0,0,0,0,0,0,0,0,116,180,forward,10465.04,2,0,1.6986294079656747,101.4364394825091
11:41:31,1.698694,101.43647,0,0,0,0,0,0,0,0,116,180,forward,10465.14,2,0,1.6986294079656747,101.4364384825091
11:41:33,1.698694,101.43647,0,0,0,0,0,0,0,0,116,180,forward,10465.14,2,0,1.6986294079656747,101.4364384825091
11:41:35,1.698693,101.436471,0,0,0,0,0,0,0,0,116,180,forward,10464.99,2,0,1.6986284079656748,101.43643948250912
11:41:38,1.698693,101.436471,0,0,0,0,0,0,0,0,116,180,forward,10464.99,2,0,1.6986284079656748,101.43643948250912
11:41:40,1.698693,101.436472,0,0,0,0,0,0,0,0,115,180,forward,10464.89,3,0,1.698627867989023,101.43644161509143
11:41:42,1.698693,101.436472,0,0,0,0,0,0,0,0,115,180,forward,10464.89,3,0,1.698627867989023,101.43644161509143
11:41:44,1.698693,101.436472,0,0,0,0,0,0,0,0,115,180,forward,10464.89,3,0,1.698627867989023,101.43644161509143
11:41:46,1.698693,101.436472,0,0,0,0,0,0,0,0,115,180,forward,10464.89,3,0,1.698627867989023,101.43644161509143
11:41:49,1.698693,101.436471,0,0,0,0,0,0,0,0,115,180,forward,10464.99,3,0,1.698627867989023,101.43644061509143
11:41:51,1.698693,101.436471,0,0,0,0,0,0,0,0,115,180,forward,10464.99,4,0,1.698627867989023,101.43644061509143
11:41:53,1.698693,101.43647,0,0,0,0,0,0,0,0,115,180,forward,10465.08,3,0,1.698627867989023,101.43643961509143
11:41:55,1.698692,101.43647,0,0,0,0,0,0,0,0,115,180,forward,10465.03,3,0,1.698626867989023,101.43643961509144
11:41:57,1.698692,101.43647,0,0,0,0,0,0,0,0,115,180,forward,10465.03,3,0,1.698626867989023,101.43643961509144
11:41:59,1.698692,101.43647,0,0,0,0,0,0,0,0,115,180,forward,10465.03,3,0,1.698626867989023,101.43643961509144
11:42:02,1.698692,101.436469,0,0,0,0,0,0,0,0,114,180,forward,10465.13,4,0,1.698626347852213,101.43643975692932
11:42:04,1.698692,101.436469,0,0,0,0,0,0,0,0,114,180,forward,10465.13,4,0,1.698626347852213,101.43643975692932
11:42:06,1.698692,101.436469,0,0,0,0,0,0,0,0,114,180,forward,10465.13,4,0,1.698626347852213,101.43643975692932
11:42:08,1.698693,101.43647,0,0,0,0,0,0,0,0,114,180,forward,10465.08,4,0,1.698627347852213,101.43644075692929
11:42:10,1.698693,101.43647,0,0,0,0,0,0,0,0,115,180,forward,10465.08,4,0,1.698627867989023,101.43643961509143
11:42:12,1.698693,101.43647,0,0,0,0,0,0,0,0,114,180,forward,10465.08,4,0,1.698627347852213,101.43644075692929
11:42:15,1.698694,101.43647,0,0,0,0,0,0,0,0,115,180,forward,10465.14,3,0,1.698628867989023,101.43643961509142
11:42:17,1.698694,101.43647,0,0,0,0,0,0,0,0,114,180,forward,10465.14,4,0,1.6986283478522128,101.43644075692927
11:42:19,1.698694,101.43647,0,0,0,0,0,0,0,0,115,180,forward,10465.14,3,0,1.698628867989023,101.43643961509142
11:42:21,1.698694,101.43647,0,0,0,0,0,0,0,0,114,180,forward,10465.14,4,0,1.6986283478522128,101.43644075692927
11:42:23,1.698694,101.43647,0,0,0,0,0,0,0,0,114,180,forward,10465.14,4,0,1.6986283478522128,101.43644075692927
11:42:25,1.698694,101.43647,0,0,0,0,0,0,0,0,114,180,forward,10465.14,4,0,1.6986283478522128,101.43644075692927
11:42:28,1.698694,101.436471,0,0,0,0,0,0,0,0,115,180,forward,10465.04,3,0,1.698628867989023,101.43644061509141
11:42:30,1.698694,101.436472,0,0,0,0,0,0,0,0,115,180,forward,10464.94,3,0,1.698628867989023,101.43644161509141
11:42:32,1.698694,101.436474,0,0,0,0,0,0,0,0,115,180,forward,10464.75,3,0,1.698628867989023,101.43644361509142
11:42:34,1.698694,101.436475,0,0,0,0,0,0,0,0,115,180,forward,10464.65,3,0,1.698628867989023,101.43644461509142
11:42:36,1.698694,101.436476,0,0,0,0,0,0,0,0,115,180,forward,10464.55,3,0,1.698628867989023,101.43644561509142
11:42:39,1.698694,101.436478,0,0,0,0,0,0,0,0,115,180,forward,10464.36,3,0,1.698628867989023,101.43644761509141
11:42:41,1.698694,101.436479,0,0,0,0,0,0,0,0,115,180,forward,10464.26,3,0,1.698628867989023,101.43644861509142
11:42:43,1.698694,101.43648,0,0,0,0,0,0,0,0,115,180,forward,10464.16,3,0,1.698628867989023,101.43644961509142
11:42:45,1.698694,101.43648,0,0,0,0,0,0,0,0,115,180,forward,10464.16,3,0,1.698628867989023,101.43644961509142
11:42:47,1.698694,101.436481,0,0,0,0,0,0,0,0,115,180,forward,10464.07,3,0,1.698628867989023,101.43645061509142
11:42:49,1.698695,101.436481,0,0,0,0,0,0,0,0,115,180,forward,10464.12,3,0,1.698629867989023,101.4364506150914
11:42:52,1.698695,101.436483,0,0,0,0,0,0,0,0,115,180,forward,10463.93,3,0,1.698629867989023,101.4364526150914
11:42:54,1.698695,101.436484,0,0,0,0,0,0,0,0,115,180,forward,10463.83,3,0,1.698629867989023,101.4364536150914
11:42:56,1.698695,101.436486,0,0,0,0,0,0,0,0,115,180,forward,10463.63,3,0,1.698629867989023,101.4364556150914
11:42:58,1.698695,101.436487,0,0,0,0,0,0,0,0,115,180,forward,10463.54,2,0,1.698629867989023,101.4364566150914
11:43:00,1.698696,101.436488,0,0,0,0,0,0,0,0,116,180,forward,10463.49,2,0,1.6986314079656748,101.43645648250906
11:43:03,1.698696,101.436489,0,0,0,0,0,0,0,0,116,180,forward,10463.4,2,0,1.6986314079656748,101.43645748250906
11:43:05,1.698696,101.436491,0,0,0,0,0,0,0,0,116,180,forward,10463.2,2,0,1.6986314079656748,101.43645948250906
11:43:07,1.698697,101.436492,0,0,0,0,0,0,0,0,116,180,forward,10463.16,2,0,1.6986324079656747,101.43646048250905
11:43:09,1.698697,101.436494,0,0,0,0,0,0,0,0,116,180,forward,10462.96,2,0,1.6986324079656747,101.43646248250904
11:43:11,1.698697,101.436495,0,0,0,0,0,0,0,0,116,180,forward,10462.87,2,0,1.6986324079656747,101.43646348250904
11:43:13,1.698698,101.436496,0,0,0,0,0,0,0,0,116,180,forward,10462.82,2,0,1.6986334079656749,101.43646448250904
11:43:16,1.698699,101.436497,0,0,0,0,0,0,0,0,117,180,forward,10462.78,1,0,1.6986349676176857,101.43646435952722
11:43:18,1.6987,101.436499,0,0,0,0,0,0,0,0,117,180,forward,10462.64,1,0,1.6986359676176859,101.4364663595272
11:43:20,1.6987,101.4365,0,0,0,0,0,0,0,0,117,180,forward,10462.54,1,0,1.6986359676176859,101.4364673595272
11:43:22,1.698701,101.436502,0,0,0,0,0,0,0,0,118,180,forward,10462.4,1,0,1.6986375467745807,101.436468246488
11:43:24,1.698702,101.436503,0,0,0,0,0,0,0,0,117,180,forward,10462.35,1,0,1.6986379676176857,101.43647035952718
11:43:27,1.698703,101.436504,0,0,0,0,0,0,0,0,118,180,forward,10462.31,0,0,1.6986395467745807,101.43647024648797
11:43:29,1.698704,101.436505,0,0,0,0,0,0,0,0,118,180,forward,10462.27,1,0,1.6986405467745807,101.43647124648794
11:43:31,1.698705,101.436506,0,0,0,0,0,0,0,0,118,180,forward,10462.22,0,0,1.6986415467745806,101.43647224648792
11:43:33,1.698706,101.436506,0,0,0,0,0,0,0,0,118,180,forward,10462.28,0,0,1.6986425467745807,101.43647224648791
11:43:35,1.698707,101.436508,0,0,0,0,0,0,0,0,119,180,forward,10462.13,0,0,1.6986441452599428,101.43647314373035
11:43:37,1.698708,101.436509,0,0,0,0,0,0,0,0,118,180,forward,10462.09,0,0,1.6986445467745808,101.43647524648789
11:43:39,1.698708,101.43651,0,0,0,0,0,0,0,0,119,180,forward,10461.99,0,0,1.698645145259943,101.43647514373033
11:43:42,1.69871,101.436511,0,0,0,0,0,0,0,0,119,180,forward,10462.0,0,0,1.6986471452599428,101.43647614373029
11:43:44,1.698711,101.436513,0,0,0,0,0,0,0,0,119,180,forward,10461.86,0,0,1.698648145259943,101.43647814373028
11:43:46,1.698711,101.436514,0,0,0,0,0,0,0,0,120,180,forward,10461.76,-1,0,1.6986487628914677,101.4364780515903
11:43:48,1.698713,101.436516,0,0,0,0,0,0,0,0,119,180,forward,10461.68,-1,0,1.6986501452599427,101.43648114373025
11:43:50,1.698713,101.436518,0,0,0,0,0,0,0,0,120,180,forward,10461.48,-1,0,1.6986507628914675,101.43648205159026
11:43:53,1.698715,101.436519,0,0,0,0,0,0,0,0,120,180,forward,10461.49,-1,0,1.6986527628914676,101.43648305159022
11:43:55,1.698716,101.43652,0,0,0,0,0,0,0,0,120,180,forward,10461.45,-1,0,1.6986537628914675,101.4364840515902
11:43:57,1.698717,101.436521,0,0,0,0,0,0,0,0,121,180,forward,10461.4,-2,0,1.6986553994810185,101.43648397040042
11:43:59,1.698718,101.436522,0,0,0,0,0,0,0,0,121,180,forward,10461.36,-2,0,1.6986563994810184,101.4364849704004
11:44:01,1.698719,101.436524,0,0,0,0,0,0,0,0,121,180,forward,10461.22,-2,0,1.6986573994810186,101.43648697040038
11:44:03,1.69872,101.436525,0,0,0,0,0,0,0,0,122,180,forward,10461.18,-3,0,1.6986590548346843,101.43648690049018
11:44:06,1.698721,101.436527,0,0,0,0,0,0,0,0,122,180,forward,10461.03,-3,0,1.6986600548346842,101.43648890049015
11:44:08,1.698722,101.436528,0,0,0,0,0,0,0,0,122,180,forward,10460.99,-3,0,1.6986610548346843,101.43648990049013
11:44:10,1.698723,101.43653,0,0,0,0,0,0,0,0,122,180,forward,10460.85,-3,0,1.6986620548346842,101.43649190049013
11:44:12,1.698725,101.436531,0,0,0,0,0,0,0,0,122,180,forward,10460.86,-3,0,1.6986640548346843,101.43649290049008
11:44:14,1.698726,101.436533,0,0,0,0,0,0,0,0,122,180,forward,10460.72,-3,0,1.6986650548346842,101.43649490049005
11:44:17,1.698727,101.436534,0,0,0,0,0,0,0,0,122,180,forward,10460.67,-3,0,1.6986660548346844,101.43649590049003
11:44:19,1.698727,101.436534,0,0,0,0,0,0,0,0,123,180,forward,10460.67,-4,0,1.6986667287528379,101.43649484218533
11:44:21,1.698728,101.436535,0,0,0,0,0,0,0,0,123,180,forward,10460.63,-4,0,1.6986677287528378,101.43649584218531
11:44:23,1.698729,101.436536,0,0,0,0,0,0,0,0,123,180,forward,10460.59,-5,0,1.6986687287528377,101.43649684218529
11:44:25,1.69873,101.436537,0,0,0,0,0,0,0,0,123,180,forward,10460.54,-4,0,1.6986697287528378,101.43649784218526
11:44:27,1.69873,101.436537,0,0,0,0,0,0,0,0,123,180,forward,10460.54,-4,0,1.6986697287528378,101.43649784218526
11:44:29,1.69873,101.436538,0,0,0,0,0,0,0,0,124,180,forward,10460.45,-5,0,1.6986704210301973,101.4364977958084
11:44:32,1.698731,101.436538,0,0,0,0,0,0,0,0,123,180,forward,10460.5,-4,0,1.6986707287528378,101.43649884218524
11:44:34,1.698732,101.436538,0,0,0,0,0,0,0,0,124,180,forward,10460.55,-5,0,1.698672421030197,101.43649779580836
11:44:36,1.698733,101.436539,0,0,0,0,0,0,0,0,124,180,forward,10460.51,-5,0,1.6986734210301973,101.43649879580833
11:44:38,1.698734,101.436539,0,0,0,0,0,0,0,0,124,180,forward,10460.56,-5,0,1.6986744210301972,101.43649879580832
11:44:40,1.698735,101.43654,0,0,0,0,0,0,0,0,124,180,forward,10460.52,-5,0,1.6986754210301973,101.43649979580829
11:44:43,1.698736,101.436541,0,0,0,0,0,0,0,0,124,180,forward,10460.47,-5,0,1.6986764210301972,101.43650079580829
11:44:45,1.698738,101.436542,0,0,0,0,0,0,0,0,125,180,forward,10460.48,-5,0,1.6986791314558878,101.43650076167796
11:44:47,1.698739,101.436543,0,0,0,0,0,0,0,0,125,180,forward,10460.44,-6,0,1.6986801314558877,101.43650176167793
11:44:49,1.69874,101.436544,0,0,0,0,0,0,0,0,124,180,forward,10460.4,-5,0,1.6986804210301971,101.43650379580819
11:44:51,1.698742,101.436545,0,0,0,0,0,0,0,0,125,180,forward,10460.41,-6,0,1.6986831314558877,101.43650376167787
11:44:53,1.698743,101.436546,0,0,0,0,0,0,0,0,125,180,forward,10460.36,-6,0,1.6986841314558876,101.43650476167785
11:44:56,1.698745,101.436547,0,0,0,0,0,0,0,0,125,180,forward,10460.37,-6,0,1.6986861314558876,101.43650576167781
11:44:58,1.698747,101.436549,0,0,0,0,0,0,0,0,125,180,forward,10460.28,-6,0,1.6986881314558877,101.43650776167776
11:45:00,1.698749,101.436551,0,0,0,0,0,0,0,0,125,180,forward,10460.2,-6,0,1.6986901314558878,101.43650976167771
11:45:02,1.698751,101.436553,0,0,0,0,0,0,0,0,125,180,forward,10460.11,-6,0,1.6986921314558876,101.43651176167768
11:45:04,1.698752,101.436554,0,0,0,0,0,0,0,0,125,180,forward,10460.07,-7,0,1.6986931314558877,101.43651276167766
11:45:06,1.698753,101.436555,0,0,0,0,0,0,0,0,125,180,forward,10460.02,-6,0,1.6986941314558877,101.43651376167763
11:45:08,1.698754,101.436556,0,0,0,0,0,0,0,0,126,180,forward,10459.98,-7,0,1.6986958598135073,101.43651374010891
11:45:11,1.698754,101.436557,0,0,0,0,0,0,0,0,126,180,forward,10459.88,-7,0,1.6986958598135073,101.4365147401089
11:45:13,1.698756,101.436558,0,0,0,0,0,0,0,0,126,180,forward,10459.89,-7,0,1.6986978598135072,101.43651574010887
11:45:15,1.698757,101.436559,0,0,0,0,0,0,0,0,126,180,forward,10459.85,-7,0,1.6986988598135073,101.43651674010886
11:45:17,1.698758,101.43656,0,0,0,0,0,0,0,0,126,180,forward,10459.8,-7,0,1.6986998598135072,101.43651774010883
11:45:19,1.698758,101.43656,0,0,0,0,0,0,0,0,126,180,forward,10459.8,-7,0,1.6986998598135072,101.43651774010883
11:45:21,1.698759,101.43656,0,0,0,0,0,0,0,0,126,180,forward,10459.86,-7,0,1.6987008598135072,101.43651774010881
11:45:23,1.69876,101.436561,0,0,0,0,0,0,0,0,126,180,forward,10459.81,-7,0,1.6987018598135073,101.43651874010878
11:45:26,1.698762,101.436562,0,0,0,0,0,0,0,0,126,180,forward,10459.82,-7,0,1.6987038598135074,101.43651974010874
11:45:28,1.698763,101.436563,0,0,0,0,0,0,0,0,126,180,forward,10459.78,-7,0,1.6987048598135073,101.43652074010873
11:45:30,1.698764,101.436564,0,0,0,0,0,0,0,0,126,180,forward,10459.74,-7,0,1.6987058598135072,101.4365217401087
11:45:32,1.698765,101.436565,0,0,0,0,0,0,0,0,127,180,forward,10459.69,-7,0,1.6987076058811907,101.43652173141275
11:45:34,1.698765,101.436565,0,0,0,0,0,0,0,0,127,180,forward,10459.69,-7,0,1.6987076058811907,101.43652173141275
11:45:36,1.698766,101.436566,0,0,0,0,0,0,0,0,126,180,forward,10459.65,-7,0,1.6987078598135072,101.43652374010865
11:45:39,1.698767,101.436567,0,0,0,0,0,0,0,0,127,180,forward,10459.6,-8,0,1.6987096058811906,101.43652373141269
11:45:41,1.698768,101.436568,0,0,0,0,0,0,0,0,127,180,forward,10459.56,-8,0,1.6987106058811907,101.43652473141267
11:45:43,1.698769,101.436569,0,0,0,0,0,0,0,0,127,180,forward,10459.52,-8,0,1.6987116058811906,101.43652573141266
11:45:45,1.69877,101.436571,0,0,0,0,0,0,0,0,127,180,forward,10459.38,-8,0,1.6987126058811906,101.43652773141264
11:45:47,1.69877,101.436572,0,0,0,0,0,0,0,0,127,180,forward,10459.28,-8,0,1.6987126058811906,101.43652873141264
11:45:49,1.698771,101.436574,0,0,0,0,0,0,0,0,127,180,forward,10459.14,-8,0,1.6987136058811907,101.4365307314126
11:45:52,1.698772,101.436575,0,0,0,0,0,0,0,0,127,180,forward,10459.09,-8,0,1.6987146058811906,101.4365317314126
11:45:54,1.698772,101.436577,0,0,0,0,0,0,0,0,127,180,forward,10458.9,-8,0,1.6987146058811906,101.4365337314126
11:45:56,1.698773,101.436578,0,0,0,0,0,0,0,0,127,180,forward,10458.86,-8,0,1.6987156058811907,101.43653473141256
11:45:58,1.698773,101.43658,0,0,0,0,0,0,0,0,127,180,forward,10458.66,-8,0,1.6987156058811907,101.43653673141257
11:46:00,1.698774,101.436581,0,0,0,0,0,0,0,0,127,180,forward,10458.62,-8,0,1.6987166058811907,101.43653773141254
11:46:02,1.698775,101.436582,0,0,0,0,0,0,0,0,127,180,forward,10458.57,-8,0,1.6987176058811906,101.43653873141253
11:46:05,1.698776,101.436583,0,0,0,0,0,0,0,0,127,180,forward,10458.53,-8,0,1.6987186058811907,101.4365397314125
11:46:07,1.698776,101.436584,0,0,0,0,0,0,0,0,127,180,forward,10458.43,-8,0,1.6987186058811907,101.43654073141249
11:46:09,1.698777,101.436585,0,0,0,0,0,0,0,0,127,180,forward,10458.39,-8,0,1.6987196058811906,101.43654173141248
11:46:11,1.698779,101.436586,0,0,0,0,0,0,0,0,127,180,forward,10458.4,-8,0,1.6987216058811907,101.43654273141244
11:46:13,1.69878,101.436587,0,0,0,0,0,0,0,0,127,180,forward,10458.35,-8,0,1.6987226058811906,101.43654373141241
11:46:15,1.698781,101.436588,0,0,0,0,0,0,0,0,128,180,forward,10458.31,-9,0,1.698724369431679,101.43654373589648
11:46:18,1.698783,101.436589,0,0,0,0,0,0,0,0,128,180,forward,10458.32,-9,0,1.6987263694316788,101.43654473589643
11:46:20,1.698784,101.43659,0,0,0,0,0,0,0,0,127,180,forward,10458.28,-9,0,1.6987266058811907,101.43654673141232
11:46:22,1.698785,101.436592,0,0,0,0,0,0,0,0,127,180,forward,10458.14,-9,0,1.6987276058811906,101.4365487314123
11:46:24,1.698786,101.436593,0,0,0,0,0,0,0,0,128,180,forward,10458.09,-9,0,1.6987293694316787,101.43654873589637
11:46:26,1.698787,101.436595,0,0,0,0,0,0,0,0,128,180,forward,10457.95,-9,0,1.6987303694316789,101.43655073589635
11:46:28,1.698788,101.436597,0,0,0,0,0,0,0,0,128,180,forward,10457.81,-9,0,1.6987313694316788,101.43655273589633
11:46:30,1.69879,101.436599,0,0,0,0,0,0,0,0,128,180,forward,10457.72,-9,0,1.6987333694316789,101.43655473589628
11:46:33,1.698791,101.436601,0,0,0,0,0,0,0,0,128,180,forward,10457.58,-9,0,1.6987343694316788,101.43655673589625
11:46:35,1.698792,101.436603,0,0,0,0,0,0,0,0,128,180,forward,10457.44,-9,0,1.698735369431679,101.43655873589623
11:46:37,1.698792,101.436604,0,0,0,0,0,0,0,0,128,180,forward,10457.34,-9,0,1.698735369431679,101.43655973589622
11:46:39,1.698793,101.436605,0,0,0,0,0,0,0,0,128,180,forward,10457.3,-9,0,1.6987363694316788,101.43656073589621
11:46:41,1.698794,101.436605,0,0,0,0,0,0,0,0,128,180,forward,10457.35,-9,0,1.6987373694316787,101.43656073589618
11:46:43,1.698794,101.436606,0,0,0,0,0,0,0,0,128,180,forward,10457.26,-9,0,1.6987373694316787,101.43656173589618
11:46:45,1.698795,101.436607,0,0,0,0,0,0,0,0,128,180,forward,10457.21,-9,0,1.6987383694316789,101.43656273589616
11:46:48,1.698795,101.436609,0,0,0,0,0,0,0,0,128,180,forward,10457.02,-9,0,1.6987383694316789,101.43656473589617
11:46:50,1.698796,101.43661,0,0,0,0,0,0,0,0,129,180,forward,10456.98,-10,0,1.6987401502323864,101.4365647538635
11:46:52,1.698796,101.436612,0,0,0,0,0,0,0,0,128,180,forward,10456.78,-9,0,1.6987393694316788,101.43656773589613
11:46:54,1.698797,101.436613,0,0,0,0,0,0,0,0,129,180,forward,10456.74,-10,0,1.6987411502323864,101.43656775386347
11:46:56,1.698797,101.436614,0,0,0,0,0,0,0,0,129,180,forward,10456.64,-10,0,1.6987411502323864,101.43656875386348
11:46:58,1.698798,101.436615,0,0,0,0,0,0,0,0,129,180,forward,10456.6,-10,0,1.6987421502323865,101.43656975386345
11:47:00,1.698799,101.436616,0,0,0,0,0,0,0,0,129,180,forward,10456.55,-10,0,1.6987431502323864,101.43657075386342
11:47:02,1.6988,101.436617,0,0,0,0,0,0,0,0,129,180,forward,10456.51,-10,0,1.6987441502323866,101.4365717538634
11:47:05,1.6988,101.436618,0,0,0,0,0,0,0,0,130,180,forward,10456.41,-11,0,1.6987449480454746,101.43657178561317
11:47:07,1.6988,101.436618,0,0,0,0,0,0,0,0,129,180,forward,10456.41,-11,0,1.6987441502323866,101.4365727538634
11:47:09,1.698801,101.436619,0,0,0,0,0,0,0,0,130,180,forward,10456.37,-11,0,1.6987459480454745,101.43657278561314
11:47:11,1.698801,101.43662,0,0,0,0,0,0,0,0,130,180,forward,10456.27,-11,0,1.6987459480454745,101.43657378561315
11:47:13,1.698802,101.43662,0,0,0,0,0,0,0,0,130,180,forward,10456.32,-11,0,1.6987469480454744,101.43657378561313
11:47:15,1.698802,101.436621,0,0,0,0,0,0,0,0,130,180,forward,10456.23,-11,0,1.6987469480454744,101.43657478561313
11:47:18,1.698802,101.436621,0,0,0,0,0,0,0,0,130,180,forward,10456.23,-11,0,1.6987469480454744,101.43657478561313
11:47:20,1.698803,101.436621,0,0,0,0,0,0,0,0,131,180,forward,10456.28,-11,0,1.6987487626279212,101.43657383144021
11:47:22,1.698803,101.436622,0,0,0,0,0,0,0,0,131,180,forward,10456.18,-12,0,1.6987487626279212,101.43657483144021
11:47:24,1.698803,101.436622,0,0,0,0,0,0,0,0,131,180,forward,10456.18,-12,0,1.6987487626279212,101.43657483144021
11:47:26,1.698803,101.436623,0,0,0,0,0,0,0,0,131,180,forward,10456.09,-12,0,1.6987487626279212,101.43657583144021
11:47:29,1.698804,101.436623,0,0,0,0,0,0,0,0,131,180,forward,10456.14,-12,0,1.698749762627921,101.4365758314402
11:47:31,1.698804,101.436624,0,0,0,0,0,0,0,0,132,180,forward,10456.04,-12,0,1.6987505937315968,101.4365758916353
11:47:33,1.698804,101.436625,0,0,0,0,0,0,0,0,131,180,forward,10455.95,-12,0,1.698749762627921,101.4365778314402
11:47:35,1.698804,101.436625,0,0,0,0,0,0,0,0,132,180,forward,10455.95,-13,0,1.6987505937315968,101.43657689163531
11:47:37,1.698804,101.436626,0,0,0,0,0,0,0,0,132,180,forward,10455.85,-13,0,1.6987505937315968,101.43657789163531
11:47:39,1.698803,101.436627,0,0,0,0,0,0,0,0,132,180,forward,10455.7,-13,0,1.6987495937315968,101.43657889163534
11:47:42,1.698803,101.436627,0,0,0,0,0,0,0,0,132,180,forward,10455.7,-13,0,1.6987495937315968,101.43657889163534
11:47:44,1.698802,101.436627,0,0,0,0,0,0,0,0,132,180,forward,10455.64,-13,0,1.6987485937315967,101.43657889163536
11:47:46,1.698802,101.436628,0,0,0,0,0,0,0,0,132,180,forward,10455.55,-13,0,1.6987485937315967,101.43657989163536
11:47:48,1.698802,101.436629,0,0,0,0,0,0,0,0,133,180,forward,10455.45,-13,0,1.698749441103339,101.43657996648474
11:47:50,1.698801,101.436629,0,0,0,0,0,0,0,0,133,180,forward,10455.4,-14,0,1.6987484411033391,101.43657996648477
11:47:52,1.6988,101.43663,0,0,0,0,0,0,0,0,133,180,forward,10455.25,-14,0,1.6987474411033392,101.4365809664848
11:47:55,1.6988,101.43663,0,0,0,0,0,0,0,0,133,180,forward,10455.25,-14,0,1.6987474411033392,101.4365809664848
11:47:57,1.698799,101.43663,0,0,0,0,0,0,0,0,133,180,forward,10455.19,-14,0,1.698746441103339,101.43658096648483
11:47:59,1.698799,101.436631,0,0,0,0,0,0,0,0,133,180,forward,10455.09,-14,0,1.698746441103339,101.43658196648484
11:48:01,1.698798,101.436631,0,0,0,0,0,0,0,0,133,180,forward,10455.04,-15,0,1.6987454411033391,101.43658196648487
11:48:03,1.698798,101.436631,0,0,0,0,0,0,0,0,133,180,forward,10455.04,-14,0,1.6987454411033391,101.43658196648487
11:48:06,1.698798,101.436632,0,0,0,0,0,0,0,0,134,180,forward,10454.94,-15,0,1.6987463044850304,101.43658205627034
11:48:08,1.698797,101.436633,0,0,0,0,0,0,0,0,134,180,forward,10454.79,-15,0,1.6987453044850302,101.43658305627035
11:48:10,1.698796,101.436633,0,0,0,0,0,0,0,0,134,180,forward,10454.74,-15,0,1.6987443044850303,101.43658305627038
11:48:12,1.698795,101.436634,0,0,0,0,0,0,0,0,134,180,forward,10454.59,-15,0,1.6987433044850304,101.4365840562704
11:48:14,1.698795,101.436634,0,0,0,0,0,0,0,0,134,180,forward,10454.59,-15,0,1.6987433044850304,101.4365840562704
11:48:16,1.698794,101.436635,0,0,0,0,0,0,0,0,135,180,forward,10454.44,-16,0,1.6987431836136764,101.43658416126925
11:48:18,1.698793,101.436635,0,0,0,0,0,0,0,0,135,180,forward,10454.38,-16,0,1.6987421836136765,101.43658416126928
11:48:21,1.698792,101.436636,0,0,0,0,0,0,0,0,135,180,forward,10454.23,-16,0,1.6987411836136765,101.4365851612693
11:48:23,1.698791,101.436637,0,0,0,0,0,0,0,0,135,180,forward,10454.08,-16,0,1.6987401836136764,101.43658616126935
11:48:25,1.69879,101.436637,0,0,0,0,0,0,0,0,135,180,forward,10454.03,-16,0,1.6987391836136765,101.43658616126936
11:48:27,1.698789,101.436638,0,0,0,0,0,0,0,0,135,180,forward,10453.88,-16,0,1.6987381836136766,101.43658716126939
11:48:29,1.698787,101.436639,0,0,0,0,0,0,0,0,135,180,forward,10453.67,-16,0,1.6987361836136765,101.43658816126944
11:48:32,1.698787,101.436639,0,0,0,0,0,0,0,0,135,180,forward,10453.67,-16,0,1.6987361836136765,101.43658816126944
11:48:34,1.698786,101.43664,0,0,0,0,0,0,0,0,136,180,forward,10453.52,-17,0,1.698736078221486,101.43658828175427
11:48:36,1.698785,101.43664,0,0,0,0,0,0,0,0,136,180,forward,10453.47,-17,0,1.698735078221486,101.43658828175428
11:48:38,1.698784,101.43664,0,0,0,0,0,0,0,0,136,180,forward,10453.42,-17,0,1.6987340782214861,101.43658828175431
11:48:40,1.698784,101.43664,0,0,0,0,0,0,0,0,136,180,forward,10453.42,-17,0,1.6987340782214861,101.43658828175431
11:48:42,1.698783,101.436641,0,0,0,0,0,0,0,0,136,180,forward,10453.27,-17,0,1.698733078221486,101.43658928175434
11:48:45,1.698783,101.436641,0,0,0,0,0,0,0,0,136,180,forward,10453.27,-17,0,1.698733078221486,101.43658928175434
11:48:47,1.698782,101.436641,0,0,0,0,0,0,0,0,136,180,forward,10453.21,-17,0,1.698732078221486,101.43658928175437
11:48:49,1.698782,101.436641,0,0,0,0,0,0,0,0,136,180,forward,10453.21,-17,0,1.698732078221486,101.43658928175437
11:48:51,1.698781,101.43664,0,0,0,0,0,0,0,0,136,180,forward,10453.26,-17,0,1.6987310782214862,101.4365882817544
11:48:53,1.698781,101.43664,0,0,0,0,0,0,0,0,136,180,forward,10453.26,-17,0,1.6987310782214862,101.4365882817544
11:48:55,1.69878,101.43664,0,0,0,0,0,0,0,0,137,180,forward,10453.2,-18,0,1.698730988035953,101.4365874179931
11:48:58,1.698779,101.43664,0,0,0,0,0,0,0,0,137,180,forward,10453.15,-18,0,1.698729988035953,101.43658741799312
11:49:00,1.698779,101.436639,0,0,0,0,0,0,0,0,136,180,forward,10453.25,-18,0,1.698729078221486,101.43658728175446
11:49:02,1.698778,101.436639,0,0,0,0,0,0,0,0,136,180,forward,10453.19,-17,0,1.698728078221486,101.43658728175448
11:49:04,1.698778,101.436639,0,0,0,0,0,0,0,0,136,180,forward,10453.19,-17,0,1.698728078221486,101.43658728175448
11:49:06,1.698777,101.436638,0,0,0,0,0,0,0,0,137,180,forward,10453.24,-18,0,1.698727988035953,101.43658541799319
11:49:08,1.698777,101.436638,0,0,0,0,0,0,0,0,136,180,forward,10453.24,-17,0,1.698727078221486,101.43658628175451
11:49:11,1.698776,101.436638,0,0,0,0,0,0,0,0,136,180,forward,10453.18,-17,0,1.6987260782214861,101.43658628175453
11:49:13,1.698776,101.436638,0,0,0,0,0,0,0,0,137,180,forward,10453.18,-18,0,1.698726988035953,101.43658541799321
11:49:15,1.698775,101.436638,0,0,0,0,0,0,0,0,137,180,forward,10453.13,-18,0,1.6987259880359529,101.43658541799324
11:49:17,1.698775,101.436637,0,0,0,0,0,0,0,0,137,180,forward,10453.23,-17,0,1.6987259880359529,101.43658441799325
11:49:19,1.698774,101.436637,0,0,0,0,0,0,0,0,137,180,forward,10453.17,-18,0,1.698724988035953,101.43658441799327
11:49:22,1.698773,101.436637,0,0,0,0,0,0,0,0,137,180,forward,10453.12,-18,0,1.698723988035953,101.4365844179933
11:49:24,1.698773,101.436637,0,0,0,0,0,0,0,0,137,180,forward,10453.12,-18,0,1.698723988035953,101.4365844179933
11:49:26,1.698772,101.436637,0,0,0,0,0,0,0,0,137,180,forward,10453.06,-18,0,1.698722988035953,101.43658441799333
11:49:28,1.698771,101.436637,0,0,0,0,0,0,0,0,137,180,forward,10453.01,-17,0,1.698721988035953,101.43658441799336
11:49:30,1.69877,101.436636,0,0,0,0,0,0,0,0,136,180,forward,10453.06,-17,0,1.698720078221486,101.43658428175469
11:49:32,1.69877,101.436636,0,0,0,0,0,0,0,0,136,180,forward,10453.06,-17,0,1.698720078221486,101.43658428175469
11:49:34,1.698769,101.436636,0,0,0,0,0,0,0,0,137,180,forward,10453.0,-17,0,1.698719988035953,101.43658341799339
11:49:36,1.698768,101.436635,0,0,0,0,0,0,0,0,137,180,forward,10453.05,-18,0,1.698718988035953,101.43658241799342
11:49:38,1.698767,101.436635,0,0,0,0,0,0,0,0,137,180,forward,10452.99,-18,0,1.6987179880359529,101.43658241799345
11:49:40,1.698767,101.436634,0,0,0,0,0,0,0,0,136,180,forward,10453.09,-17,0,1.698717078221486,101.43658228175477
11:49:43,1.698766,101.436634,0,0,0,0,0,0,0,0,136,180,forward,10453.04,-17,0,1.698716078221486,101.4365822817548
11:49:45,1.698765,101.436634,0,0,0,0,0,0,0,0,136,180,forward,10452.98,-17,0,1.6987150782214862,101.43658228175482
11:49:47,1.698765,101.436634,0,0,0,0,0,0,0,0,136,180,forward,10452.98,-17,0,1.6987150782214862,101.43658228175482
11:49:49,1.698764,101.436633,0,0,0,0,0,0,0,0,136,180,forward,10453.03,-17,0,1.698714078221486,101.43658128175485
11:49:51,1.698764,101.436633,0,0,0,0,0,0,0,0,136,180,forward,10453.03,-17,0,1.698714078221486,101.43658128175485
11:49:53,1.698764,101.436633,0,0,0,0,0,0,0,0,136,180,forward,10453.03,-17,0,1.698714078221486,101.43658128175485
11:49:56,1.698764,101.436632,0,0,0,0,0,0,0,0,135,180,forward,10453.12,-16,0,1.6987131836136764,101.43658116127006
11:49:58,1.698764,101.436631,0,0,0,0,0,0,0,0,135,180,forward,10453.22,-17,0,1.6987131836136764,101.43658016127006
11:50:00,1.698765,101.436629,0,0,0,0,0,0,0,0,135,180,forward,10453.47,-16,0,1.6987141836136765,101.43657816127002
11:50:02,1.698766,101.436628,0,0,0,0,0,0,0,0,135,180,forward,10453.62,-16,0,1.6987151836136765,101.43657716127
11:50:04,1.698767,101.436627,0,0,0,0,0,0,0,0,135,180,forward,10453.77,-16,0,1.6987161836136764,101.43657616126997
11:50:07,1.698767,101.436626,0,0,0,0,0,0,0,0,135,180,forward,10453.87,-16,0,1.6987161836136764,101.43657516126997
11:50:09,1.698767,101.436626,0,0,0,0,0,0,0,0,134,180,forward,10453.87,-16,0,1.6987153044850303,101.43657605627114
11:50:11,1.698768,101.436625,0,0,0,0,0,0,0,0,135,180,forward,10454.02,-16,0,1.6987171836136765,101.43657416126995
11:50:13,1.698769,101.436625,0,0,0,0,0,0,0,0,135,180,forward,10454.07,-15,0,1.6987181836136764,101.43657416126992
11:50:15,1.698769,101.436625,0,0,0,0,0,0,0,0,134,180,forward,10454.07,-15,0,1.6987173044850303,101.43657505627108
11:50:18,1.698769,101.436625,0,0,0,0,0,0,0,0,134,180,forward,10454.07,-15,0,1.6987173044850303,101.43657505627108
11:50:20,1.69877,101.436624,0,0,0,0,0,0,0,0,134,180,forward,10454.22,-15,0,1.6987183044850303,101.43657405627106
11:50:22,1.69877,101.436624,0,0,0,0,0,0,0,0,134,180,forward,10454.22,-15,0,1.6987183044850303,101.43657405627106
11:50:24,1.69877,101.436623,0,0,0,0,0,0,0,0,134,180,forward,10454.32,-14,0,1.6987183044850303,101.43657305627106
11:50:26,1.69877,101.436623,0,0,0,0,0,0,0,0,133,180,forward,10454.32,-14,0,1.698717441103339,101.43657396648557
11:50:29,1.69877,101.436623,0,0,0,0,0,0,0,0,133,180,forward,10454.32,-14,0,1.698717441103339,101.43657396648557
11:50:31,1.69877,101.436622,0,0,0,0,0,0,0,0,133,180,forward,10454.42,-14,0,1.698717441103339,101.43657296648557
11:50:33,1.698771,101.436621,0,0,0,0,0,0,0,0,133,180,forward,10454.57,-14,0,1.6987184411033391,101.43657196648554
11:50:35,1.698771,101.436621,0,0,0,0,0,0,0,0,133,180,forward,10454.57,-14,0,1.6987184411033391,101.43657196648554
11:50:37,1.698772,101.43662,0,0,0,0,0,0,0,0,133,180,forward,10454.72,-14,0,1.698719441103339,101.43657096648552
11:50:40,1.698772,101.436619,0,0,0,0,0,0,0,0,133,180,forward,10454.82,-14,0,1.698719441103339,101.43656996648551
11:50:42,1.698773,101.436618,0,0,0,0,0,0,0,0,133,180,forward,10454.97,-14,0,1.6987204411033392,101.43656896648548
11:50:44,1.698773,101.436617,0,0,0,0,0,0,0,0,133,180,forward,10455.06,-14,0,1.6987204411033392,101.43656796648548
11:50:46,1.698774,101.436617,0,0,0,0,0,0,0,0,132,180,forward,10455.12,-14,0,1.6987205937315968,101.43656889163606
11:50:48,1.698775,101.436616,0,0,0,0,0,0,0,0,132,180,forward,10455.27,-13,0,1.6987215937315967,101.43656789163603
11:50:51,1.698775,101.436615,0,0,0,0,0,0,0,0,132,180,forward,10455.36,-13,0,1.6987215937315967,101.43656689163603
11:50:53,1.698776,101.436614,0,0,0,0,0,0,0,0,132,180,forward,10455.52,-13,0,1.6987225937315968,101.43656589163601
11:50:55,1.698776,101.436613,0,0,0,0,0,0,0,0,132,180,forward,10455.61,-13,0,1.6987225937315968,101.436564891636
11:50:57,1.698777,101.436612,0,0,0,0,0,0,0,0,131,180,forward,10455.76,-13,0,1.698722762627921,101.43656483144085
11:50:59,1.698778,101.436611,0,0,0,0,0,0,0,0,132,180,forward,10455.91,-13,0,1.6987245937315967,101.43656289163596
11:51:02,1.698778,101.43661,0,0,0,0,0,0,0,0,131,180,forward,10456.01,-12,0,1.698723762627921,101.43656283144082
11:51:04,1.698779,101.436609,0,0,0,0,0,0,0,0,131,180,forward,10456.16,-12,0,1.6987247626279212,101.43656183144081
11:51:06,1.69878,101.436608,0,0,0,0,0,0,0,0,131,180,forward,10456.31,-12,0,1.698725762627921,101.43656083144079
11:51:08,1.698781,101.436607,0,0,0,0,0,0,0,0,131,180,forward,10456.46,-12,0,1.6987267626279212,101.43655983144075
11:51:10,1.698781,101.436605,0,0,0,0,0,0,0,0,131,180,forward,10456.66,-12,0,1.6987267626279212,101.43655783144075
11:51:12,1.698783,101.436604,0,0,0,0,0,0,0,0,131,180,forward,10456.86,-12,0,1.698728762627921,101.43655683144071
11:51:15,1.698784,101.436603,0,0,0,0,0,0,0,0,130,180,forward,10457.01,-11,0,1.6987289480454746,101.43655678561356
11:51:17,1.698784,101.436602,0,0,0,0,0,0,0,0,130,180,forward,10457.11,-11,0,1.6987289480454746,101.43655578561355
11:51:19,1.698785,101.436601,0,0,0,0,0,0,0,0,130,180,forward,10457.26,-11,0,1.6987299480454745,101.43655478561352
11:51:21,1.698786,101.4366,0,0,0,0,0,0,0,0,130,180,forward,10457.41,-11,0,1.6987309480454744,101.43655378561351
11:51:23,1.698787,101.436599,0,0,0,0,0,0,0,0,130,180,forward,10457.56,-11,0,1.6987319480454746,101.43655278561349
11:51:26,1.698787,101.436598,0,0,0,0,0,0,0,0,129,180,forward,10457.66,-10,0,1.6987311502323865,101.43655275386371
11:51:28,1.698788,101.436598,0,0,0,0,0,0,0,0,130,180,forward,10457.71,-11,0,1.6987329480454745,101.43655178561346
11:51:30,1.698788,101.436597,0,0,0,0,0,0,0,0,130,180,forward,10457.81,-11,0,1.6987329480454745,101.43655078561346
11:51:32,1.698789,101.436597,0,0,0,0,0,0,0,0,129,180,forward,10457.86,-11,0,1.6987331502323866,101.43655175386367
11:51:34,1.69879,101.436596,0,0,0,0,0,0,0,0,129,180,forward,10458.02,-10,0,1.6987341502323865,101.43655075386363
11:51:36,1.698791,101.436595,0,0,0,0,0,0,0,0,130,180,forward,10458.17,-11,0,1.6987359480454745,101.43654878561338
11:51:39,1.698792,101.436595,0,0,0,0,0,0,0,0,129,180,forward,10458.22,-10,0,1.6987361502323866,101.43654975386359
11:51:41,1.698792,101.436595,0,0,0,0,0,0,0,0,129,180,forward,10458.22,-10,0,1.6987361502323866,101.43654975386359
11:51:43,1.698792,101.436594,0,0,0,0,0,0,0,0,129,180,forward,10458.32,-10,0,1.6987361502323866,101.43654875386359
11:51:45,1.698792,101.436594,0,0,0,0,0,0,0,0,129,180,forward,10458.32,-10,0,1.6987361502323866,101.43654875386359
11:51:47,1.698792,101.436594,0,0,0,0,0,0,0,0,129,180,forward,10458.32,-10,0,1.6987361502323866,101.43654875386359
11:51:50,1.698792,101.436594,0,0,0,0,0,0,0,0,129,180,forward,10458.32,-10,0,1.6987361502323866,101.43654875386359
11:51:52,1.698792,101.436594,0,0,0,0,0,0,0,0,129,180,forward,10458.32,-10,0,1.6987361502323866,101.43654875386359
11:51:54,1.698792,101.436594,0,0,0,0,0,0,0,0,129,180,forward,10458.32,-10,0,1.6987361502323866,101.43654875386359
11:51:56,1.698792,101.436594,0,0,0,0,0,0,0,0,129,180,forward,10458.32,-10,0,1.6987361502323866,101.43654875386359
11:51:58,1.698792,101.436594,0,0,0,0,0,0,0,0,129,180,forward,10458.32,-10,0,1.6987361502323866,101.43654875386359
11:52:00,1.698792,101.436594,0,0,0,0,0,0,0,0,129,180,forward,10458.32,-10,0,1.6987361502323866,101.43654875386359
11:52:02,1.698792,101.436594,0,0,0,0,0,0,0,0,129,180,forward,10458.32,-10,0,1.6987361502323866,101.43654875386359
11:52:04,1.698792,101.436594,0,0,0,0,0,0,0,0,129,180,forward,10458.32,-10,0,1.6987361502323866,101.43654875386359
11:52:06,1.698792,101.436594,0,0,0,0,0,0,0,0,129,180,forward,10458.32,-10,0,1.6987361502323866,101.43654875386359
11:52:09,1.698792,101.436594,0,0,0,0,0,0,0,0,129,180,forward,10458.32,-10,0,1.6987361502323866,101.43654875386359
11:52:11,1.698792,101.436594,0,0,0,0,0,0,0,0,129,180,forward,10458.32,-10,0,1.6987361502323866,101.43654875386359
11:52:13,1.698792,101.436594,0,0,0,0,0,0,0,0,129,180,forward,10458.32,-10,0,1.6987361502323866,101.43654875386359
11:52:15,1.698792,101.436594,0,0,0,0,0,0,0,0,129,180,forward,10458.32,-10,0,1.6987361502323866,101.43654875386359
11:52:17,1.698792,101.436594,0,0,0,0,0,0,0,0,129,180,forward,10458.32,-10,0,1.6987361502323866,101.43654875386359
11:52:19,1.698792,101.436594,0,0,0,0,0,0,0,0,129,180,forward,10458.32,-10,0,1.6987361502323866,101.43654875386359
11:52:22,1.698792,101.436594,0,0,0,0,0,0,0,0,129,180,forward,10458.32,-10,0,1.6987361502323866,101.43654875386359
11:52:24,1.698792,101.436594,0,0,0,0,0,0,0,0,129,180,forward,10458.32,-10,0,1.6987361502323866,101.43654875386359
11:52:26,1.698792,101.436594,0,0,0,0,0,0,0,0,129,180,forward,10458.32,-10,0,1.6987361502323866,101.43654875386359
11:52:28,1.698792,101.436594,0,0,0,0,0,0,0,0,129,180,forward,10458.32,-10,0,1.6987361502323866,101.43654875386359
11:52:30,1.698792,101.436594,0,0,0,0,0,0,0,0,129,180,forward,10458.32,-10,0,1.6987361502323866,101.43654875386359
11:52:32,1.698792,101.436594,0,0,0,0,0,0,0,0,129,180,forward,10458.32,-10,0,1.6987361502323866,101.43654875386359
11:52:34,1.698792,101.436594,0,0,0,0,0,0,0,0,129,180,forward,10458.32,-10,0,1.6987361502323866,101.43654875386359
11:52:36,1.698792,101.436594,0,0,0,0,0,0,0,0,129,180,forward,10458.32,-10,0,1.6987361502323866,101.43654875386359
11:52:39,1.698792,101.436594,0,0,0,0,0,0,0,0,129,180,forward,10458.32,-10,0,1.6987361502323866,101.43654875386359
11:52:41,1.698792,101.436594,0,0,0,0,0,0,0,0,129,180,forward,10458.32,-10,0,1.6987361502323866,101.43654875386359
11:52:43,1.698792,101.436594,0,0,0,0,0,0,0,0,129,180,forward,10458.32,-10,0,1.6987361502323866,101.43654875386359
11:52:45,1.698792,101.436594,0,0,0,0,0,0,0,0,129,180,forward,10458.32,-10,0,1.6987361502323866,101.43654875386359
11:52:47,1.698792,101.436594,0,0,0,0,0,0,0,0,129,180,forward,10458.32,-10,0,1.6987361502323866,101.43654875386359
11:52:49,1.698792,101.436594,0,0,0,0,0,0,0,0,129,180,forward,10458.32,-10,0,1.6987361502323866,101.43654875386359
11:52:51,1.698792,101.436594,0,0,0,0,0,0,0,0,129,180,forward,10458.32,-10,0,1.6987361502323866,101.43654875386359
11:52:53,1.698792,101.436594,0,0,0,0,0,0,0,0,129,180,forward,10458.32,-10,0,1.6987361502323866,101.43654875386359
11:52:56,1.698792,101.436594,0,0,0,0,0,0,0,0,129,180,forward,10458.32,-10,0,1.6987361502323866,101.43654875386359
11:52:58,1.698792,101.436594,0,0,0,0,0,0,0,0,129,180,forward,10458.32,-10,0,1.6987361502323866,101.43654875386359
11:53:00,1.698792,101.436594,0,0,0,0,0,0,0,0,129,180,forward,10458.32,-10,0,1.6987361502323866,101.43654875386359
11:53:02,1.698792,101.436594,0,0,0,0,0,0,0,0,129,180,forward,10458.32,-10,0,1.6987361502323866,101.43654875386359
11:53:04,1.698792,101.436594,0,0,0,0,0,0,0,0,129,180,forward,10458.32,-10,0,1.6987361502323866,101.43654875386359
11:53:07,1.698792,101.436594,0,0,0,0,0,0,0,0,129,180,forward,10458.32,-10,0,1.6987361502323866,101.43654875386359
11:53:09,1.698792,101.436594,0,0,0,0,0,0,0,0,129,180,forward,10458.32,-10,0,1.6987361502323866,101.43654875386359
11:53:11,1.698792,101.436594,0,0,0,0,0,0,0,0,129,180,forward,10458.32,-10,0,1.6987361502323866,101.43654875386359
11:53:13,1.698792,101.436594,0,0,0,0,0,0,0,0,129,180,forward,10458.32,-10,0,1.6987361502323866,101.43654875386359
11:53:15,1.698792,101.436594,0,0,0,0,0,0,0,0,129,180,forward,10458.32,-10,0,1.6987361502323866,101.43654875386359
11:53:17,1.698792,101.436594,0,0,0,0,0,0,0,0,129,180,forward,10458.32,-10,0,1.6987361502323866,101.43654875386359
11:53:19,1.698792,101.436594,0,0,0,0,0,0,0,0,129,180,forward,10458.32,-10,0,1.6987361502323866,101.43654875386359
11:53:21,1.698792,101.436594,0,0,0,0,0,0,0,0,129,180,forward,10458.32,-10,0,1.6987361502323866,101.43654875386359
11:53:24,1.698792,101.436594,0,0,0,0,0,0,0,0,129,180,forward,10458.32,-10,0,1.6987361502323866,101.43654875386359
11:53:26,1.698792,101.436594,0,0,0,0,0,0,0,0,129,180,forward,10458.32,-10,0,1.6987361502323866,101.43654875386359
11:53:28,1.698792,101.436594,0,0,0,0,0,0,0,0,129,180,forward,10458.32,-10,0,1.6987361502323866,101.43654875386359
11:53:30,1.698792,101.436594,0,0,0,0,0,0,0,0,129,180,forward,10458.32,-10,0,1.6987361502323866,101.43654875386359
11:53:32,1.698792,101.436594,0,0,0,0,0,0,0,0,129,180,forward,10458.32,-10,0,1.6987361502323866,101.43654875386359
11:53:34,1.698792,101.436594,0,0,0,0,0,0,0,0,129,180,forward,10458.32,-10,0,1.6987361502323866,101.43654875386359
11:53:37,1.698792,101.436594,0,0,0,0,0,0,0,0,129,180,forward,10458.32,-10,0,1.6987361502323866,101.43654875386359
11:53:39,1.698792,101.436594,0,0,0,0,0,0,0,0,129,180,forward,10458.32,-10,0,1.6987361502323866,101.43654875386359
11:53:41,1.698792,101.436594,0,0,0,0,0,0,0,0,129,180,forward,10458.32,-10,0,1.6987361502323866,101.43654875386359
11:53:43,1.698792,101.436594,0,0,0,0,0,0,0,0,129,180,forward,10458.32,-10,0,1.6987361502323866,101.43654875386359
11:53:45,1.698792,101.436594,0,0,0,0,0,0,0,0,129,180,forward,10458.32,-10,0,1.6987361502323866,101.43654875386359
11:53:47,1.698792,101.436594,0,0,0,0,0,0,0,0,129,180,forward,10458.32,-10,0,1.6987361502323866,101.43654875386359
11:53:49,1.698792,101.436594,0,0,0,0,0,0,0,0,129,180,forward,10458.32,-10,0,1.6987361502323866,101.43654875386359
11:53:52,1.698792,101.436594,0,0,0,0,0,0,0,0,129,180,forward,10458.32,-10,0,1.6987361502323866,101.43654875386359
11:53:54,1.698792,101.436594,0,0,0,0,0,0,0,0,129,180,forward,10458.32,-10,0,1.6987361502323866,101.43654875386359
11:53:56,1.698792,101.436594,0,0,0,0,0,0,0,0,129,180,forward,10458.32,-10,0,1.6987361502323866,101.43654875386359
11:53:58,1.698792,101.436594,0,0,0,0,0,0,0,0,129,180,forward,10458.32,-10,0,1.6987361502323866,101.43654875386359
11:54:00,1.698792,101.436594,0,0,0,0,0,0,0,0,129,180,forward,10458.32,-10,0,1.6987361502323866,101.43654875386359
11:54:02,1.698792,101.436594,0,0,0,0,0,0,0,0,129,180,forward,10458.32,-10,0,1.6987361502323866,101.43654875386359
11:54:05,1.698792,101.436594,0,0,0,0,0,0,0,0,129,180,forward,10458.32,-10,0,1.6987361502323866,101.43654875386359
11:54:07,1.698792,101.436594,0,0,0,0,0,0,0,0,129,180,forward,10458.32,-10,0,1.6987361502323866,101.43654875386359
11:54:09,1.698792,101.436594,0,0,0,0,0,0,0,0,129,180,forward,10458.32,-10,0,1.6987361502323866,101.43654875386359
11:54:11,1.698792,101.436594,0,0,0,0,0,0,0,0,129,180,forward,10458.32,-10,0,1.6987361502323866,101.43654875386359
11:54:13,1.698792,101.436594,0,0,0,0,0,0,0,0,129,180,forward,10458.32,-10,0,1.6987361502323866,101.43654875386359
11:54:16,1.698792,101.436594,0,0,0,0,0,0,0,0,129,180,forward,10458.32,-10,0,1.6987361502323866,101.43654875386359
11:54:18,1.698792,101.436594,0,0,0,0,0,0,0,0,129,180,forward,10458.32,-10,0,1.6987361502323866,101.43654875386359
11:54:20,1.698792,101.436594,0,0,0,0,0,0,0,0,129,180,forward,10458.32,-10,0,1.6987361502323866,101.43654875386359
11:54:22,1.698792,101.436594,0,0,0,0,0,0,0,0,129,180,forward,10458.32,-10,0,1.6987361502323866,101.43654875386359
11:54:24,1.698792,101.436594,0,0,0,0,0,0,0,0,129,180,forward,10458.32,-10,0,1.6987361502323866,101.43654875386359
11:54:26,1.698792,101.436594,0,0,0,0,0,0,0,0,129,180,forward,10458.32,-10,0,1.6987361502323866,101.43654875386359
11:54:28,1.698792,101.436594,0,0,0,0,0,0,0,0,129,180,forward,10458.32,-10,0,1.6987361502323866,101.43654875386359
11:54:31,1.698792,101.436594,0,0,0,0,0,0,0,0,129,180,forward,10458.32,-10,0,1.6987361502323866,101.43654875386359
11:54:33,1.698792,101.436594,0,0,0,0,0,0,0,0,129,180,forward,10458.32,-10,0,1.6987361502323866,101.43654875386359
11:54:35,1.698792,101.436594,0,0,0,0,0,0,0,0,129,180,forward,10458.32,-10,0,1.6987361502323866,101.43654875386359
11:54:37,1.698792,101.436594,0,0,0,0,0,0,0,0,129,180,forward,10458.32,-10,0,1.6987361502323866,101.43654875386359
11:54:39,1.698792,101.436594,0,0,0,0,0,0,0,0,129,180,forward,10458.32,-10,0,1.6987361502323866,101.43654875386359
11:54:42,1.698792,101.436594,0,0,0,0,0,0,0,0,129,180,forward,10458.32,-10,0,1.6987361502323866,101.43654875386359
11:54:44,1.698792,101.436594,0,0,0,0,0,0,0,0,129,180,forward,10458.32,-10,0,1.6987361502323866,101.43654875386359
11:54:46,1.698792,101.436594,0,0,0,0,0,0,0,0,129,180,forward,10458.32,-10,0,1.6987361502323866,101.43654875386359
11:54:48,1.698792,101.436594,0,0,0,0,0,0,0,0,129,180,forward,10458.32,-10,0,1.6987361502323866,101.43654875386359
11:54:50,1.698792,101.436594,0,0,0,0,0,0,0,0,129,180,forward,10458.32,-10,0,1.6987361502323866,101.43654875386359
11:54:53,1.698792,101.436594,0,0,0,0,0,0,0,0,129,180,forward,10458.32,-10,0,1.6987361502323866,101.43654875386359
11:54:55,1.698792,101.436594,0,0,0,0,0,0,0,0,129,180,forward,10458.32,-10,0,1.6987361502323866,101.43654875386359
11:54:57,1.698792,101.436594,0,0,0,0,0,0,0,0,129,180,forward,10458.32,-10,0,1.6987361502323866,101.43654875386359
11:54:59,1.698792,101.436594,0,0,0,0,0,0,0,0,129,180,forward,10458.32,-10,0,1.6987361502323866,101.43654875386359
11:55:01,1.698792,101.436594,0,0,0,0,0,0,0,0,129,180,forward,10458.32,-10,0,1.6987361502323866,101.43654875386359
11:55:03,1.698792,101.436594,0,0,0,0,0,0,0,0,129,180,forward,10458.32,-10,0,1.6987361502323866,101.43654875386359
11:55:05,1.698792,101.436594,0,0,0,0,0,0,0,0,129,180,forward,10458.32,-10,0,1.6987361502323866,101.43654875386359
11:55:08,1.698792,101.436594,0,0,0,0,0,0,0,0,129,180,forward,10458.32,-10,0,1.6987361502323866,101.43654875386359
11:55:10,1.698792,101.436594,0,0,0,0,0,0,0,0,129,180,forward,10458.32,-10,0,1.6987361502323866,101.43654875386359
11:55:12,1.698792,101.436594,0,0,0,0,0,0,0,0,129,180,forward,10458.32,-10,0,1.6987361502323866,101.43654875386359
11:55:14,1.698792,101.436594,0,0,0,0,0,0,0,0,129,180,forward,10458.32,-10,0,1.6987361502323866,101.43654875386359
11:55:16,1.698792,101.436594,0,0,0,0,0,0,0,0,129,180,forward,10458.32,-10,0,1.6987361502323866,101.43654875386359
11:55:18,1.698792,101.436594,0,0,0,0,0,0,0,0,129,180,forward,10458.32,-10,0,1.6987361502323866,101.43654875386359
11:55:20,1.698792,101.436594,0,0,0,0,0,0,0,0,129,180,forward,10458.32,-10,0,1.6987361502323866,101.43654875386359
11:55:23,1.698792,101.436594,0,0,0,0,0,0,0,0,129,180,forward,10458.32,-10,0,1.6987361502323866,101.43654875386359
11:55:25,1.698792,101.436594,0,0,0,0,0,0,0,0,129,180,forward,10458.32,-10,0,1.6987361502323866,101.43654875386359
11:55:27,1.698792,101.436594,0,0,0,0,0,0,0,0,129,180,forward,10458.32,-10,0,1.6987361502323866,101.43654875386359
11:55:29,1.698792,101.436594,0,0,0,0,0,0,0,0,129,180,forward,10458.32,-10,0,1.6987361502323866,101.43654875386359
11:55:31,1.698792,101.436594,0,0,0,0,0,0,0,0,129,180,forward,10458.32,-10,0,1.6987361502323866,101.43654875386359
11:55:34,1.698792,101.436594,0,0,0,0,0,0,0,0,129,180,forward,10458.32,-10,0,1.6987361502323866,101.43654875386359
11:55:36,1.698792,101.436594,0,0,0,0,0,0,0,0,129,180,forward,10458.32,-10,0,1.6987361502323866,101.43654875386359
11:55:38,1.698792,101.436594,0,0,0,0,0,0,0,0,129,180,forward,10458.32,-10,0,1.6987361502323866,101.43654875386359
11:55:40,1.698792,101.436594,0,0,0,0,0,0,0,0,129,180,forward,10458.32,-10,0,1.6987361502323866,101.43654875386359
11:55:42,1.698792,101.436594,0,0,0,0,0,0,0,0,129,180,forward,10458.32,-10,0,1.6987361502323866,101.43654875386359
11:55:45,1.698792,101.436594,0,0,0,0,0,0,0,0,129,180,forward,10458.32,-10,0,1.6987361502323866,101.43654875386359
11:55:47,1.698792,101.436594,0,0,0,0,0,0,0,0,129,180,forward,10458.32,-10,0,1.6987361502323866,101.43654875386359
11:55:49,1.698792,101.436594,0,0,0,0,0,0,0,0,129,180,forward,10458.32,-10,0,1.6987361502323866,101.43654875386359
11:55:51,1.698792,101.436594,0,0,0,0,0,0,0,0,129,180,forward,10458.32,-10,0,1.6987361502323866,101.43654875386359
11:55:53,1.698792,101.436594,0,0,0,0,0,0,0,0,129,180,forward,10458.32,-10,0,1.6987361502323866,101.43654875386359
11:55:55,1.698792,101.436594,0,0,0,0,0,0,0,0,129,180,forward,10458.32,-10,0,1.6987361502323866,101.43654875386359
11:55:57,1.698792,101.436594,0,0,0,0,0,0,0,0,129,180,forward,10458.32,-10,0,1.6987361502323866,101.43654875386359
11:55:59,1.698792,101.436594,0,0,0,0,0,0,0,0,129,180,forward,10458.32,-10,0,1.6987361502323866,101.43654875386359
11:56:01,1.698792,101.436594,0,0,0,0,0,0,0,0,129,180,forward,10458.32,-10,0,1.6987361502323866,101.43654875386359
11:56:03,1.698792,101.436594,0,0,0,0,0,0,0,0,129,180,forward,10458.32,-10,0,1.6987361502323866,101.43654875386359
11:56:06,1.698792,101.436594,0,0,0,0,0,0,0,0,129,180,forward,10458.32,-10,0,1.6987361502323866,101.43654875386359
11:56:08,1.698792,101.436594,0,0,0,0,0,0,0,0,129,180,forward,10458.32,-10,0,1.6987361502323866,101.43654875386359
11:56:10,1.698792,101.436594,0,0,0,0,0,0,0,0,129,180,forward,10458.32,-10,0,1.6987361502323866,101.43654875386359
11:56:12,1.698792,101.436594,0,0,0,0,0,0,0,0,129,180,forward,10458.32,-10,0,1.6987361502323866,101.43654875386359
11:56:14,1.698792,101.436594,0,0,0,0,0,0,0,0,129,180,forward,10458.32,-10,0,1.6987361502323866,101.43654875386359
11:56:16,1.698792,101.436594,0,0,0,0,0,0,0,0,129,180,forward,10458.32,-10,0,1.6987361502323866,101.43654875386359
11:56:18,1.698792,101.436594,0,0,0,0,0,0,0,0,129,180,forward,10458.32,-10,0,1.6987361502323866,101.43654875386359
11:56:21,1.698792,101.436594,0,0,0,0,0,0,0,0,129,180,forward,10458.32,-10,0,1.6987361502323866,101.43654875386359
11:56:23,1.698792,101.436594,0,0,0,0,0,0,0,0,129,180,forward,10458.32,-10,0,1.6987361502323866,101.43654875386359
11:56:25,1.698792,101.436594,0,0,0,0,0,0,0,0,129,180,forward,10458.32,-10,0,1.6987361502323866,101.43654875386359
11:56:27,1.698792,101.436594,0,0,0,0,0,0,0,0,129,180,forward,10458.32,-10,0,1.6987361502323866,101.43654875386359
11:56:29,1.698792,101.436594,0,0,0,0,0,0,0,0,129,180,forward,10458.32,-10,0,1.6987361502323866,101.43654875386359
11:56:31,1.698792,101.436594,0,0,0,0,0,0,0,0,129,180,forward,10458.32,-10,0,1.6987361502323866,101.43654875386359
11:56:33,1.698792,101.436594,0,0,0,0,0,0,0,0,129,180,forward,10458.32,-10,0,1.6987361502323866,101.43654875386359
11:56:35,1.698792,101.436594,0,0,0,0,0,0,0,0,129,180,forward,10458.32,-10,0,1.6987361502323866,101.43654875386359
11:56:37,1.698792,101.436594,0,0,0,0,0,0,0,0,129,180,forward,10458.32,-10,0,1.6987361502323866,101.43654875386359
11:56:40,1.698792,101.436594,0,0,0,0,0,0,0,0,129,180,forward,10458.32,-10,0,1.6987361502323866,101.43654875386359
11:56:42,1.698792,101.436594,0,0,0,0,0,0,0,0,129,180,forward,10458.32,-10,0,1.6987361502323866,101.43654875386359
11:56:44,1.698792,101.436594,0,0,0,0,0,0,0,0,129,180,forward,10458.32,-10,0,1.6987361502323866,101.43654875386359
11:56:46,1.698792,101.436594,0,0,0,0,0,0,0,0,129,180,forward,10458.32,-10,0,1.6987361502323866,101.43654875386359
11:56:48,1.698792,101.436594,0,0,0,0,0,0,0,0,129,180,forward,10458.32,-10,0,1.6987361502323866,101.43654875386359
11:56:51,1.698792,101.436594,0,0,0,0,0,0,0,0,129,180,forward,10458.32,-10,0,1.6987361502323866,101.43654875386359
11:56:53,1.698792,101.436594,0,0,0,0,0,0,0,0,129,180,forward,10458.32,-10,0,1.6987361502323866,101.43654875386359
11:56:55,1.698792,101.436594,0,0,0,0,0,0,0,0,129,180,forward,10458.32,-10,0,1.6987361502323866,101.43654875386359
11:56:57,1.698792,101.436594,0,0,0,0,0,0,0,0,129,180,forward,10458.32,-10,0,1.6987361502323866,101.43654875386359
11:56:59,1.698792,101.436594,0,0,0,0,0,0,0,0,129,180,forward,10458.32,-10,0,1.6987361502323866,101.43654875386359
11:57:01,1.698792,101.436594,0,0,0,0,0,0,0,0,129,180,forward,10458.32,-10,0,1.6987361502323866,101.43654875386359
11:57:04,1.698792,101.436594,0,0,0,0,0,0,0,0,129,180,forward,10458.32,-10,0,1.6987361502323866,101.43654875386359
11:57:06,1.698792,101.436594,0,0,0,0,0,0,0,0,129,180,forward,10458.32,-10,0,1.6987361502323866,101.43654875386359
11:57:08,1.698792,101.436594,0,0,0,0,0,0,0,0,129,180,forward,10458.32,-10,0,1.6987361502323866,101.43654875386359
11:57:10,1.698792,101.436594,0,0,0,0,0,0,0,0,129,180,forward,10458.32,-10,0,1.6987361502323866,101.43654875386359
11:57:12,1.698792,101.436594,0,0,0,0,0,0,0,0,129,180,forward,10458.32,-10,0,1.6987361502323866,101.43654875386359
11:57:14,1.698792,101.436594,0,0,0,0,0,0,0,0,129,180,forward,10458.32,-10,0,1.6987361502323866,101.43654875386359
11:57:17,1.698792,101.436594,0,0,0,0,0,0,0,0,129,180,forward,10458.32,-10,0,1.6987361502323866,101.43654875386359
11:57:19,1.698792,101.436594,0,0,0,0,0,0,0,0,129,180,forward,10458.32,-10,0,1.6987361502323866,101.43654875386359
11:57:21,1.698792,101.436594,0,0,0,0,0,0,0,0,129,180,forward,10458.32,-10,0,1.6987361502323866,101.43654875386359
11:57:23,1.698792,101.436594,0,0,0,0,0,0,0,0,129,180,forward,10458.32,-10,0,1.6987361502323866,101.43654875386359
11:57:25,1.698792,101.436594,0,0,0,0,0,0,0,0,129,180,forward,10458.32,-10,0,1.6987361502323866,101.43654875386359
11:57:28,1.698792,101.436594,0,0,0,0,0,0,0,0,129,180,forward,10458.32,-10,0,1.6987361502323866,101.43654875386359
11:57:30,1.698792,101.436594,0,0,0,0,0,0,0,0,129,180,forward,10458.32,-10,0,1.6987361502323866,101.43654875386359
11:57:32,1.698792,101.436594,0,0,0,0,0,0,0,0,129,180,forward,10458.32,-10,0,1.6987361502323866,101.43654875386359
11:57:34,1.698792,101.436594,0,0,0,0,0,0,0,0,129,180,forward,10458.32,-10,0,1.6987361502323866,101.43654875386359
11:57:36,1.698792,101.436594,0,0,0,0,0,0,0,0,129,180,forward,10458.32,-10,0,1.6987361502323866,101.43654875386359
11:57:38,1.698792,101.436594,0,0,0,0,0,0,0,0,129,180,forward,10458.32,-10,0,1.6987361502323866,101.43654875386359
11:57:40,1.698792,101.436594,0,0,0,0,0,0,0,0,129,180,forward,10458.32,-10,0,1.6987361502323866,101.43654875386359
11:57:43,1.698792,101.436594,0,0,0,0,0,0,0,0,129,180,forward,10458.32,-10,0,1.6987361502323866,101.43654875386359
11:57:45,1.698792,101.436594,0,0,0,0,0,0,0,0,129,180,forward,10458.32,-10,0,1.6987361502323866,101.43654875386359
11:57:47,1.698792,101.436594,0,0,0,0,0,0,0,0,129,180,forward,10458.32,-10,0,1.6987361502323866,101.43654875386359
11:57:49,1.698792,101.436594,0,0,0,0,0,0,0,0,129,180,forward,10458.32,-10,0,1.6987361502323866,101.43654875386359
11:57:51,1.698792,101.436594,0,0,0,0,0,0,0,0,129,180,forward,10458.32,-10,0,1.6987361502323866,101.43654875386359
11:57:53,1.698792,101.436594,0,0,0,0,0,0,0,0,129,180,forward,10458.32,-10,0,1.6987361502323866,101.43654875386359
11:57:55,1.698792,101.436594,0,0,0,0,0,0,0,0,129,180,forward,10458.32,-10,0,1.6987361502323866,101.43654875386359
11:57:58,1.698792,101.436594,0,0,0,0,0,0,0,0,129,180,forward,10458.32,-10,0,1.6987361502323866,101.43654875386359
11:58:00,1.698792,101.436594,0,0,0,0,0,0,0,0,129,180,forward,10458.32,-10,0,1.6987361502323866,101.43654875386359
11:58:02,1.698792,101.436594,0,0,0,0,0,0,0,0,129,180,forward,10458.32,-10,0,1.6987361502323866,101.43654875386359
11:58:04,1.698792,101.436594,0,0,0,0,0,0,0,0,129,180,forward,10458.32,-10,0,1.6987361502323866,101.43654875386359
11:58:06,1.698792,101.436594,0,0,0,0,0,0,0,0,129,180,forward,10458.32,-10,0,1.6987361502323866,101.43654875386359
11:58:08,1.698792,101.436594,0,0,0,0,0,0,0,0,129,180,forward,10458.32,-10,0,1.6987361502323866,101.43654875386359
11:58:11,1.698792,101.436594,0,0,0,0,0,0,0,0,129,180,forward,10458.32,-10,0,1.6987361502323866,101.43654875386359
11:58:13,1.698792,101.436594,0,0,0,0,0,0,0,0,129,180,forward,10458.32,-10,0,1.6987361502323866,101.43654875386359
11:58:15,1.698792,101.436594,0,0,0,0,0,0,0,0,129,180,forward,10458.32,-10,0,1.6987361502323866,101.43654875386359
11:58:17,1.698792,101.436594,0,0,0,0,0,0,0,0,129,180,forward,10458.32,-10,0,1.6987361502323866,101.43654875386359
11:58:19,1.698792,101.436594,0,0,0,0,0,0,0,0,129,180,forward,10458.32,-10,0,1.6987361502323866,101.43654875386359
11:58:21,1.698792,101.436594,0,0,0,0,0,0,0,0,129,180,forward,10458.32,-10,0,1.6987361502323866,101.43654875386359
11:58:24,1.698792,101.436594,0,0,0,0,0,0,0,0,129,180,forward,10458.32,-10,0,1.6987361502323866,101.43654875386359
11:58:26,1.698792,101.436594,0,0,0,0,0,0,0,0,129,180,forward,10458.32,-10,0,1.6987361502323866,101.43654875386359
11:58:28,1.698792,101.436594,0,0,0,0,0,0,0,0,129,180,forward,10458.32,-10,0,1.6987361502323866,101.43654875386359
11:58:30,1.698792,101.436594,0,0,0,0,0,0,0,0,129,180,forward,10458.32,-10,0,1.6987361502323866,101.43654875386359
11:58:32,1.698792,101.436594,0,0,0,0,0,0,0,0,129,180,forward,10458.32,-10,0,1.6987361502323866,101.43654875386359
11:58:35,1.698792,101.436594,0,0,0,0,0,0,0,0,129,180,forward,10458.32,-10,0,1.6987361502323866,101.43654875386359
11:58:37,1.698792,101.436594,0,0,0,0,0,0,0,0,129,180,forward,10458.32,-10,0,1.6987361502323866,101.43654875386359
11:58:39,1.698792,101.436594,0,0,0,0,0,0,0,0,129,180,forward,10458.32,-10,0,1.6987361502323866,101.43654875386359
11:58:41,1.698792,101.436594,0,0,0,0,0,0,0,0,129,180,forward,10458.32,-10,0,1.6987361502323866,101.43654875386359
11:58:43,1.698792,101.436594,0,0,0,0,0,0,0,0,129,180,forward,10458.32,-10,0,1.6987361502323866,101.43654875386359
11:58:46,1.698792,101.436594,0,0,0,0,0,0,0,0,129,180,forward,10458.32,-10,0,1.6987361502323866,101.43654875386359
11:58:48,1.698792,101.436594,0,0,0,0,0,0,0,0,129,180,forward,10458.32,-10,0,1.6987361502323866,101.43654875386359
11:58:50,1.698792,101.436594,0,0,0,0,0,0,0,0,129,180,forward,10458.32,-10,0,1.6987361502323866,101.43654875386359
11:58:52,1.698792,101.436594,0,0,0,0,0,0,0,0,129,180,forward,10458.32,-10,0,1.6987361502323866,101.43654875386359
11:58:54,1.698792,101.436594,0,0,0,0,0,0,0,0,129,180,forward,10458.32,-10,0,1.6987361502323866,101.43654875386359
11:58:56,1.698792,101.436594,0,0,0,0,0,0,0,0,129,180,forward,10458.32,-10,0,1.6987361502323866,101.43654875386359
11:58:59,1.698792,101.436594,0,0,0,0,0,0,0,0,129,180,forward,10458.32,-10,0,1.6987361502323866,101.43654875386359
11:59:01,1.698792,101.436594,0,0,0,0,0,0,0,0,129,180,forward,10458.32,-10,0,1.6987361502323866,101.43654875386359
11:59:03,1.698792,101.436594,0,0,0,0,0,0,0,0,129,180,forward,10458.32,-10,0,1.6987361502323866,101.43654875386359
11:59:05,1.698792,101.436594,0,0,0,0,0,0,0,0,129,180,forward,10458.32,-10,0,1.6987361502323866,101.43654875386359
11:59:07,1.698792,101.436594,0,0,0,0,0,0,0,0,129,180,forward,10458.32,-10,0,1.6987361502323866,101.43654875386359
11:59:09,1.698792,101.436594,0,0,0,0,0,0,0,0,129,180,forward,10458.32,-10,0,1.6987361502323866,101.43654875386359
11:59:12,1.698792,101.436594,0,0,0,0,0,0,0,0,129,180,forward,10458.32,-10,0,1.6987361502323866,101.43654875386359
11:59:14,1.698792,101.436594,0,0,0,0,0,0,0,0,129,180,forward,10458.32,-10,0,1.6987361502323866,101.43654875386359
11:59:16,1.698792,101.436594,0,0,0,0,0,0,0,0,129,180,forward,10458.32,-10,0,1.6987361502323866,101.43654875386359
11:59:18,1.698792,101.436594,0,0,0,0,0,0,0,0,129,180,forward,10458.32,-10,0,1.6987361502323866,101.43654875386359
11:59:20,1.698792,101.436594,0,0,0,0,0,0,0,0,129,180,forward,10458.32,-10,0,1.6987361502323866,101.43654875386359
11:59:22,1.698792,101.436594,0,0,0,0,0,0,0,0,129,180,forward,10458.32,-10,0,1.6987361502323866,101.43654875386359
11:59:24,1.698792,101.436594,0,0,0,0,0,0,0,0,129,180,forward,10458.32,-10,0,1.6987361502323866,101.43654875386359
11:59:27,1.698792,101.436594,0,0,0,0,0,0,0,0,129,180,forward,10458.32,-10,0,1.6987361502323866,101.43654875386359
11:59:29,1.698792,101.436594,0,0,0,0,0,0,0,0,129,180,forward,10458.32,-10,0,1.6987361502323866,101.43654875386359
11:59:31,1.698792,101.436594,0,0,0,0,0,0,0,0,129,180,forward,10458.32,-10,0,1.6987361502323866,101.43654875386359
11:59:33,1.698792,101.436594,0,0,0,0,0,0,0,0,129,180,forward,10458.32,-10,0,1.6987361502323866,101.43654875386359
11:59:35,1.698792,101.436594,0,0,0,0,0,0,0,0,129,180,forward,10458.32,-10,0,1.6987361502323866,101.43654875386359
11:59:38,1.698792,101.436594,0,0,0,0,0,0,0,0,129,180,forward,10458.32,-10,0,1.6987361502323866,101.43654875386359
11:59:40,1.698792,101.436594,0,0,0,0,0,0,0,0,129,180,forward,10458.32,-10,0,1.6987361502323866,101.43654875386359
11:59:42,1.698792,101.436594,0,0,0,0,0,0,0,0,129,180,forward,10458.32,-10,0,1.6987361502323866,101.43654875386359
11:59:44,1.698792,101.436594,0,0,0,0,0,0,0,0,129,180,forward,10458.32,-10,0,1.6987361502323866,101.43654875386359
11:59:46,1.698792,101.436594,0,0,0,0,0,0,0,0,129,180,forward,10458.32,-10,0,1.6987361502323866,101.43654875386359
11:59:48,1.698792,101.436594,0,0,0,0,0,0,0,0,129,180,forward,10458.32,-10,0,1.6987361502323866,101.43654875386359
11:59:50,1.698792,101.436594,0,0,0,0,0,0,0,0,129,180,forward,10458.32,-10,0,1.6987361502323866,101.43654875386359
11:59:53,1.698792,101.436594,0,0,0,0,0,0,0,0,129,180,forward,10458.32,-10,0,1.6987361502323866,101.43654875386359
11:59:55,1.698792,101.436594,0,0,0,0,0,0,0,0,129,180,forward,10458.32,-10,0,1.6987361502323866,101.43654875386359
11:59:57,1.698792,101.436594,0,0,0,0,0,0,0,0,129,180,forward,10458.32,-10,0,1.6987361502323866,101.43654875386359
11:59:59,1.698792,101.436594,0,0,0,0,0,0,0,0,129,180,forward,10458.32,-10,0,1.6987361502323866,101.43654875386359
12:00:01,1.698792,101.436594,0,0,0,0,0,0,0,0,129,180,forward,10458.32,-10,0,1.6987361502323866,101.43654875386359
12:00:03,1.698792,101.436594,0,0,0,0,0,0,0,0,129,180,forward,10458.32,-10,0,1.6987361502323866,101.43654875386359
12:00:06,1.698792,101.436594,0,0,0,0,0,0,0,0,129,180,forward,10458.32,-10,0,1.6987361502323866,101.43654875386359
12:00:08,1.698792,101.436594,0,0,0,0,0,0,0,0,129,180,forward,10458.32,-10,0,1.6987361502323866,101.43654875386359
12:00:10,1.698792,101.436594,0,0,0,0,0,0,0,0,129,180,forward,10458.32,-10,0,1.6987361502323866,101.43654875386359
12:00:12,1.698792,101.436594,0,0,0,0,0,0,0,0,129,180,forward,10458.32,-10,0,1.6987361502323866,101.43654875386359
12:00:14,1.698792,101.436594,0,0,0,0,0,0,0,0,129,180,forward,10458.32,-10,0,1.6987361502323866,101.43654875386359
13:40:12,1.698898,101.436927,0,0,0,0,0,0,0,0,146,180,forward,0,0,0,1.6988578134774432,101.43686739482958
13:40:14,1.6989,101.436926,0,0,0,0,0,0,0,0,146,180,forward,0,0,0,1.6988598134774433,101.43686639482952
13:40:16,1.698903,101.436925,0,0,0,0,0,0,0,0,146,180,forward,0,0,0,1.6988628134774433,101.43686539482943
13:40:18,1.698905,101.436925,0,0,0,0,0,0,0,0,146,180,forward,0,0,0,1.6988648134774433,101.43686539482937
13:40:21,1.698907,101.436924,0,0,0,0,0,0,0,0,146,180,forward,0,0,0,1.6988668134774432,101.43686439482931
13:40:23,1.698908,101.436924,0,0,0,0,0,0,0,0,146,180,forward,0,0,0,1.6988678134774433,101.43686439482929
13:40:25,1.69891,101.436924,0,0,0,0,0,0,0,0,147,180,forward,0,0,0,1.6988708593944413,101.43686370224742
13:40:27,1.698911,101.436924,0,0,0,0,0,0,0,0,147,180,forward,0,0,0,1.6988718593944414,101.43686370224738
13:40:29,1.698912,101.436924,0,0,0,0,0,0,0,0,146,180,forward,0,0,0,1.6988718134774432,101.43686439482916
13:40:31,1.698913,101.436925,0,0,0,0,0,0,0,0,147,180,forward,0,0,0,1.6988738593944412,101.43686470224732
13:40:33,1.698913,101.436926,0,0,0,0,0,0,0,0,147,180,forward,0,0,0,1.6988738593944412,101.43686570224732
13:40:36,1.698914,101.436927,0,0,0,0,0,0,0,0,147,180,forward,0,0,0,1.6988748593944414,101.43686670224729
13:40:38,1.698914,101.436929,0,0,0,0,0,0,0,0,147,180,forward,0,0,0,1.6988748593944414,101.4368687022473
13:40:40,1.698914,101.43693,0,0,0,0,0,0,0,0,147,180,forward,0,0,0,1.6988748593944414,101.4368697022473
13:40:42,1.698915,101.436932,0,0,0,0,0,0,0,0,147,180,forward,0,0,0,1.6988758593944413,101.43687170224726
13:40:44,1.698915,101.436934,0,0,0,0,0,0,0,0,147,180,forward,0,0,0,1.6988758593944413,101.43687370224725
13:40:46,1.698915,101.436936,0,0,0,0,0,0,0,0,147,180,forward,0,0,0,1.6988758593944413,101.43687570224726
13:40:48,1.698915,101.436937,0,0,0,0,0,0,0,0,147,180,forward,0,0,0,1.6988758593944413,101.43687670224726
13:40:51,1.698915,101.436939,0,0,0,0,0,0,0,0,148,180,forward,0,0,0,1.6988769172340472,101.43687802803272
13:40:53,1.698915,101.436942,0,0,0,0,0,0,0,0,148,180,forward,0,0,0,1.6988769172340472,101.43688102803273
13:40:55,1.698915,101.436944,0,0,0,0,0,0,0,0,148,180,forward,0,0,0,1.6988769172340472,101.43688302803272
13:40:57,1.698914,101.436946,0,0,0,0,0,0,0,0,148,180,forward,0,0,0,1.6988759172340473,101.43688502803278
13:40:59,1.698914,101.436948,0,0,0,0,0,0,0,0,149,180,forward,0,0,0,1.6988769866740325,101.43688637239089
13:41:02,1.698914,101.436951,0,0,0,0,0,0,0,0,149,180,forward,0,0,0,1.6988769866740325,101.43688937239088
13:41:04,1.698914,101.436953,0,0,0,0,0,0,0,0,149,180,forward,0,0,0,1.6988769866740325,101.43689137239089
13:41:06,1.698914,101.436954,0,0,0,0,0,0,0,0,149,180,forward,0,0,0,1.6988769866740325,101.43689237239089
13:41:08,1.698914,101.436956,0,0,0,0,0,0,0,0,149,180,forward,0,0,0,1.6988769866740325,101.43689437239088
13:41:10,1.698913,101.436958,0,0,0,0,0,0,0,0,149,180,forward,0,0,0,1.6988759866740324,101.43689637239093
13:41:12,1.698913,101.436961,0,0,0,0,0,0,0,0,149,180,forward,0,0,0,1.6988759866740324,101.43689937239093
13:41:14,1.698913,101.436963,0,0,0,0,0,0,0,0,150,180,forward,0,0,0,1.698877067388635,101.43690073552142
13:41:16,1.698913,101.436966,0,0,0,0,0,0,0,0,150,180,forward,0,0,0,1.698877067388635,101.43690373552141
13:41:19,1.698913,101.436969,0,0,0,0,0,0,0,0,150,180,forward,0,0,0,1.698877067388635,101.43690673552142
13:41:21,1.698913,101.436972,0,0,0,0,0,0,0,0,150,180,forward,0,0,0,1.698877067388635,101.43690973552141
13:41:23,1.698913,101.436974,0,0,0,0,0,0,0,0,151,180,forward,0,0,0,1.6988781590486595,101.43691111761828
13:41:25,1.698913,101.436977,0,0,0,0,0,0,0,0,151,180,forward,0,0,0,1.6988781590486595,101.43691411761827
13:41:27,1.698914,101.43698,0,0,0,0,0,0,0,0,151,180,forward,0,0,0,1.6988791590486596,101.43691711761825
13:41:29,1.698914,101.436983,0,0,0,0,0,0,0,0,151,180,forward,0,0,0,1.6988791590486596,101.43692011761824
13:41:31,1.698914,101.436985,0,0,0,0,0,0,0,0,151,180,forward,0,0,0,1.6988791590486596,101.43692211761825
13:41:34,1.698914,101.436988,0,0,0,0,0,0,0,0,151,180,forward,0,0,0,1.6988791590486596,101.43692511761824
13:41:36,1.698914,101.43699,0,0,0,0,0,0,0,0,152,180,forward,0,0,0,1.6988802613215752,101.43692651886968
13:41:38,1.698913,101.436992,0,0,0,0,0,0,0,0,152,180,forward,0,0,0,1.698879261321575,101.43692851886972
13:41:40,1.698913,101.436994,0,0,0,0,0,0,0,0,152,180,forward,0,0,0,1.698879261321575,101.43693051886972
13:41:42,1.698913,101.436998,0,0,0,0,0,0,0,0,152,180,forward,0,0,0,1.698879261321575,101.43693451886972
13:41:44,1.698913,101.437,0,0,0,0,0,0,0,0,152,180,forward,0,0,0,1.698879261321575,101.43693651886971
13:41:47,1.698912,101.437004,0,0,0,0,0,0,0,0,152,180,forward,0,0,0,1.6988782613215752,101.43694051886976
13:41:49,1.698912,101.437007,0,0,0,0,0,0,0,0,153,180,forward,0,0,0,1.698879373871619,101.43694293945816
13:41:51,1.698912,101.43701,0,0,0,0,0,0,0,0,153,180,forward,0,0,0,1.698879373871619,101.43694593945817
13:41:53,1.698912,101.437014,0,0,0,0,0,0,0,0,153,180,forward,0,0,0,1.698879373871619,101.43694993945817
13:41:55,1.698912,101.437016,0,0,0,0,0,0,0,0,153,180,forward,0,0,0,1.698879373871619,101.43695193945817
13:41:58,1.698911,101.437019,0,0,0,0,0,0,0,0,153,180,forward,0,0,0,1.698878373871619,101.4369549394582
13:42:00,1.698911,101.437022,0,0,0,0,0,0,0,0,154,180,forward,0,0,0,1.6988794963598979,101.43695737956007
13:42:02,1.698911,101.437024,0,0,0,0,0,0,0,0,154,180,forward,0,0,0,1.6988794963598979,101.43695937956007
13:42:04,1.69891,101.437026,0,0,0,0,0,0,0,0,154,180,forward,0,0,0,1.6988784963598977,101.4369613795601
13:42:06,1.69891,101.437028,0,0,0,0,0,0,0,0,154,180,forward,0,0,0,1.6988784963598977,101.4369633795601
13:42:09,1.69891,101.437031,0,0,0,0,0,0,0,0,155,180,forward,0,0,0,1.6988796284444903,101.43696583934599
13:42:11,1.698909,101.437034,0,0,0,0,0,0,0,0,155,180,forward,0,0,0,1.6988786284444903,101.43696883934601
13:42:13,1.698908,101.437038,0,0,0,0,0,0,0,0,155,180,forward,0,0,0,1.6988776284444904,101.43697283934605
13:42:15,1.698908,101.437041,0,0,0,0,0,0,0,0,155,180,forward,0,0,0,1.6988776284444904,101.43697583934605
13:42:17,1.698907,101.437044,0,0,0,0,0,0,0,0,155,180,forward,0,0,0,1.6988766284444903,101.43697883934608
13:42:20,1.698907,101.437046,0,0,0,0,0,0,0,0,156,180,forward,0,0,0,1.698877769780553,101.43698031898053
13:42:22,1.698906,101.437048,0,0,0,0,0,0,0,0,156,180,forward,0,0,0,1.6988767697805531,101.43698231898057
13:42:24,1.698905,101.43705,0,0,0,0,0,0,0,0,156,180,forward,0,0,0,1.6988757697805532,101.4369843189806
13:42:26,1.698904,101.437052,0,0,0,0,0,0,0,0,156,180,forward,0,0,0,1.698874769780553,101.43698631898063
13:42:28,1.698904,101.437054,0,0,0,0,0,0,0,0,156,180,forward,0,0,0,1.698874769780553,101.43698831898064
13:42:31,1.698903,101.437057,0,0,0,0,0,0,0,0,156,180,forward,0,0,0,1.6988737697805532,101.43699131898067
13:42:33,1.698902,101.437059,0,0,0,0,0,0,0,0,156,180,forward,0,0,0,1.698872769780553,101.43699331898071
13:42:35,1.698901,101.437061,0,0,0,0,0,0,0,0,157,180,forward,0,0,0,1.6988729200204238,101.43699481862227
13:42:37,1.698901,101.437063,0,0,0,0,0,0,0,0,157,180,forward,0,0,0,1.6988729200204238,101.43699681862226
13:42:39,1.698901,101.437066,0,0,0,0,0,0,0,0,157,180,forward,0,0,0,1.6988729200204238,101.43699981862227
13:42:42,1.698901,101.437067,0,0,0,0,0,0,0,0,157,180,forward,0,0,0,1.6988729200204238,101.43700081862227
13:42:44,1.698902,101.43707,0,0,0,0,0,0,0,0,157,180,forward,0,0,0,1.6988739200204237,101.43700381862224
13:42:46,1.698902,101.437072,0,0,0,0,0,0,0,0,158,180,forward,0,0,0,1.6988750788137281,101.43700533842325
13:42:48,1.698903,101.437074,0,0,0,0,0,0,0,0,158,180,forward,0,0,0,1.6988760788137283,101.43700733842321
13:42:50,1.698904,101.437077,0,0,0,0,0,0,0,0,158,180,forward,0,0,0,1.6988770788137282,101.43701033842318
13:42:53,1.698904,101.43708,0,0,0,0,0,0,0,0,158,180,forward,0,0,0,1.6988770788137282,101.43701333842317
13:42:55,1.698905,101.437083,0,0,0,0,0,0,0,0,158,180,forward,0,0,0,1.6988780788137283,101.43701633842315
13:42:57,1.698905,101.437085,0,0,0,0,0,0,0,0,159,180,forward,0,0,0,1.6988792458074868,101.43701787852991
13:42:59,1.698906,101.437088,0,0,0,0,0,0,0,0,159,180,forward,0,0,0,1.6988802458074868,101.43702087852989
13:43:01,1.698906,101.437091,0,0,0,0,0,0,0,0,159,180,forward,0,0,0,1.6988802458074868,101.43702387852989
13:43:04,1.698905,101.437093,0,0,0,0,0,0,0,0,160,180,forward,0,0,0,1.698880420646222,101.43702543908255
13:43:06,1.698905,101.437096,0,0,0,0,0,0,0,0,160,180,forward,0,0,0,1.698880420646222,101.43702843908254
13:43:08,1.698905,101.437099,0,0,0,0,0,0,0,0,160,180,forward,0,0,0,1.698880420646222,101.43703143908255
13:43:10,1.698905,101.437102,0,0,0,0,0,0,0,0,161,180,forward,0,0,0,1.6988816029720664,101.43703402021488
13:43:12,1.698906,101.437105,0,0,0,0,0,0,0,0,161,180,forward,0,0,0,1.6988826029720663,101.43703702021485
13:43:15,1.698907,101.437107,0,0,0,0,0,0,0,0,161,180,forward,0,0,0,1.6988836029720662,101.43703902021481
13:43:17,1.698908,101.43711,0,0,0,0,0,0,0,0,161,180,forward,0,0,0,1.6988846029720663,101.43704202021479
13:43:19,1.698908,101.437114,0,0,0,0,0,0,0,0,162,180,forward,0,0,0,1.6988857924248721,101.43704562205441
13:43:21,1.698909,101.437117,0,0,0,0,0,0,0,0,162,180,forward,0,0,0,1.698886792424872,101.43704862205438
13:43:23,1.698909,101.43712,0,0,0,0,0,0,0,0,162,180,forward,0,0,0,1.698886792424872,101.43705162205437
13:43:26,1.698909,101.437123,0,0,0,0,0,0,0,0,163,180,forward,0,0,0,1.6988879886423203,101.4370542447226
13:43:28,1.698909,101.437126,0,0,0,0,0,0,0,0,163,180,forward,0,0,0,1.6988879886423203,101.43705724472261
13:43:30,1.698909,101.437129,0,0,0,0,0,0,0,0,163,180,forward,0,0,0,1.6988879886423203,101.4370602447226
13:43:32,1.698909,101.437133,0,0,0,0,0,0,0,0,163,180,forward,0,0,0,1.6988879886423203,101.4370642447226
13:43:34,1.698908,101.437135,0,0,0,0,0,0,0,0,164,180,forward,0,0,0,1.6988881912600318,101.43706588833439
13:43:37,1.698908,101.437138,0,0,0,0,0,0,0,0,164,180,forward,0,0,0,1.6988881912600318,101.4370688883344
13:43:39,1.698908,101.43714,0,0,0,0,0,0,0,0,165,180,forward,0,0,0,1.6988893999116772,101.43707055299821
13:43:41,1.698908,101.437143,0,0,0,0,0,0,0,0,165,180,forward,0,0,0,1.6988893999116772,101.43707355299821
13:43:43,1.698908,101.437146,0,0,0,0,0,0,0,0,165,180,forward,0,0,0,1.6988893999116772,101.4370765529982
13:43:45,1.698909,101.437149,0,0,0,0,0,0,0,0,166,180,forward,0,0,0,1.6988916142290895,101.43707923881624
13:43:48,1.698909,101.437151,0,0,0,0,0,0,0,0,166,180,forward,0,0,0,1.6988916142290895,101.43708123881623
13:43:50,1.698909,101.437154,0,0,0,0,0,0,0,0,166,180,forward,0,0,0,1.6988916142290895,101.43708423881624
13:43:52,1.69891,101.437157,0,0,0,0,0,0,0,0,166,180,forward,0,0,0,1.6988926142290894,101.43708723881619
13:43:54,1.69891,101.437159,0,0,0,0,0,0,0,0,167,180,forward,0,0,0,1.6988938338423762,101.43708894588418
13:43:56,1.69891,101.437161,0,0,0,0,0,0,0,0,167,180,forward,0,0,0,1.6988938338423762,101.4370909458842
13:43:59,1.69891,101.437164,0,0,0,0,0,0,0,0,168,180,forward,0,0,0,1.6988950583800313,101.43709367429133
13:44:01,1.69891,101.437166,0,0,0,0,0,0,0,0,168,180,forward,0,0,0,1.6988950583800313,101.43709567429134
13:44:03,1.69891,101.437168,0,0,0,0,0,0,0,0,168,180,forward,0,0,0,1.6988950583800313,101.43709767429134
13:44:05,1.69891,101.43717,0,0,0,0,0,0,0,0,169,180,forward,0,0,0,1.6988962874690483,101.43709942412038
13:44:07,1.69891,101.437173,0,0,0,0,0,0,0,0,169,180,forward,0,0,0,1.6988962874690483,101.43710242412038
13:44:09,1.698911,101.437175,0,0,0,0,0,0,0,0,170,180,forward,0,0,0,1.6988985207350353,101.43710419544749
13:44:11,1.698911,101.437178,0,0,0,0,0,0,0,0,170,180,forward,0,0,0,1.6988985207350353,101.4371071954475
13:44:13,1.69891,101.43718,0,0,0,0,0,0,0,0,170,180,forward,0,0,0,1.6988975207350352,101.43710919544752
13:44:16,1.69891,101.437183,0,0,0,0,0,0,0,0,171,180,forward,0,0,0,1.6988987578023271,101.43711198834242
13:44:18,1.698911,101.437186,0,0,0,0,0,0,0,0,171,180,forward,0,0,0,1.6988997578023273,101.43711498834237
13:44:20,1.698911,101.437189,0,0,0,0,0,0,0,0,171,180,forward,0,0,0,1.6988997578023273,101.43711798834238
13:44:22,1.698911,101.437191,0,0,0,0,0,0,0,0,171,180,forward,0,0,0,1.6988997578023273,101.43711998834237
13:44:24,1.698911,101.437193,0,0,0,0,0,0,0,0,172,180,forward,0,0,0,1.6989009982941017,101.4371218028681
13:44:26,1.698911,101.437196,0,0,0,0,0,0,0,0,172,180,forward,0,0,0,1.6989009982941017,101.43712480286811
13:44:28,1.698911,101.437198,0,0,0,0,0,0,0,0,173,180,forward,0,0,0,1.6989022418324924,101.43712663908117
13:44:31,1.698911,101.4372,0,0,0,0,0,0,0,0,173,180,forward,0,0,0,1.6989022418324924,101.43712863908118
13:44:33,1.69891,101.437202,0,0,0,0,0,0,0,0,173,180,forward,0,0,0,1.6989012418324922,101.43713063908122
13:44:35,1.698911,101.437204,0,0,0,0,0,0,0,0,174,180,forward,0,0,0,1.6989034880387057,101.43713249703147
13:44:37,1.698911,101.437207,0,0,0,0,0,0,0,0,175,180,forward,0,0,0,1.6989047365331353,101.43713537676227
13:44:39,1.698911,101.437209,0,0,0,0,0,0,0,0,175,180,forward,0,0,0,1.6989047365331353,101.43713737676227
13:44:41,1.698911,101.437212,0,0,0,0,0,0,0,0,175,180,forward,0,0,0,1.6989047365331353,101.43714037676227
13:44:43,1.698911,101.437214,0,0,0,0,0,0,0,0,175,180,forward,0,0,0,1.6989047365331353,101.43714237676227
13:44:46,1.698911,101.437216,0,0,0,0,0,0,0,0,176,180,forward,0,0,0,1.6989059869354777,101.4371442783102
13:44:48,1.698911,101.437218,0,0,0,0,0,0,0,0,176,180,forward,0,0,0,1.6989059869354777,101.4371462783102
13:44:50,1.698911,101.43722,0,0,0,0,0,0,0,0,176,180,forward,0,0,0,1.6989059869354777,101.43714827831019
13:44:52,1.698911,101.437222,0,0,0,0,0,0,0,0,177,180,forward,0,0,0,1.6989072388648478,101.43715020170525
13:44:54,1.698911,101.437224,0,0,0,0,0,0,0,0,178,180,forward,0,0,0,1.6989084919398965,101.43715214697075
13:44:56,1.698911,101.437225,0,0,0,0,0,0,0,0,178,180,forward,0,0,0,1.6989084919398965,101.43715314697074
13:44:58,1.698911,101.437226,0,0,0,0,0,0,0,0,179,180,forward,0,0,0,1.6989097457789242,101.43715411412337
13:45:01,1.69891,101.437228,0,0,0,0,0,0,0,0,179,180,forward,0,0,0,1.698908745778924,101.43715611412341
13:45:03,1.69891,101.437229,0,0,0,0,0,0,0,0,179,180,forward,11198.3,-90,0,1.698908745778924,101.43715711412341
13:45:05,1.698909,101.43723,0,0,0,0,0,0,0,0,179,180,forward,11198.18,-90,0,1.6989077457789241,101.43715811412345
13:45:07,1.698909,101.437232,0,0,0,0,0,0,0,0,180,180,forward,11030.79,-90,0,1.698909,101.4371601031732
13:45:09,1.698909,101.437234,0,0,0,0,0,0,0,0,180,180,forward,11030.57,-90,0,1.698909,101.43716210317321
13:45:11,1.698908,101.437236,0,0,0,0,0,0,0,0,181,180,forward,11030.35,-91,0,1.698909254221076,101.43716411412348
13:45:14,1.698908,101.437238,0,0,0,0,0,0,0,0,181,180,forward,10791.59,-89,0,1.698909254221076,101.43716611412347
13:45:16,1.698908,101.43724,0,0,0,0,0,0,0,0,181,180,forward,10791.37,-89,0,1.698909254221076,101.43716811412348
13:45:18,1.698908,101.437241,0,0,0,0,0,0,0,0,181,180,forward,10791.27,-89,0,1.698909254221076,101.43716911412348
13:45:20,1.698908,101.437242,0,0,0,0,0,0,0,0,182,180,forward,10565.74,-89,0,1.6989105080601037,101.43717014697084
13:45:22,1.698908,101.437244,0,0,0,0,0,0,0,0,182,180,forward,10565.53,-89,0,1.6989105080601037,101.43717214697085
13:45:24,1.698908,101.437245,0,0,0,0,0,0,0,0,182,180,forward,10565.42,-90,0,1.6989105080601037,101.43717314697085
13:45:26,1.698907,101.437247,0,0,0,0,0,0,0,0,183,180,forward,10565.08,-90,0,1.6989107611351522,101.43717520170539
13:45:28,1.698907,101.437249,0,0,0,0,0,0,0,0,183,180,forward,10351.77,-89,0,1.6989107611351522,101.43717720170538
13:45:31,1.698906,101.437251,0,0,0,0,0,0,0,0,183,180,forward,10351.43,-89,0,1.6989097611351522,101.43717920170543
13:45:33,1.698905,101.437252,0,0,0,0,0,0,0,0,183,180,forward,10351.32,-91,0,1.6989087611351523,101.43718020170546
13:45:35,1.698905,101.437253,0,0,0,0,0,0,0,0,184,180,forward,10105.48,-89,0,1.6989100130645225,101.43718127831042
13:45:37,1.698904,101.437255,0,0,0,0,0,0,0,0,184,180,forward,10105.11,-89,0,1.6989090130645224,101.43718327831044
13:45:39,1.698905,101.437256,0,0,0,0,0,0,0,0,184,180,forward,10105.02,-89,0,1.6989100130645225,101.43718427831043
13:45:42,1.698905,101.437258,0,0,0,0,0,0,0,0,184,180,forward,10104.98,-89,0,1.6989100130645225,101.43718627831042
13:45:44,1.698905,101.437258,0,0,0,0,0,0,0,0,185,180,forward,10105.0,-90,0,1.6989112634668648,101.4371863767625
13:45:46,1.698905,101.437259,0,0,0,0,0,0,0,0,185,180,forward,9718.92,-89,0,1.6989112634668648,101.4371873767625
13:45:48,1.698905,101.43726,0,0,0,0,0,0,0,0,185,180,forward,9718.81,-89,0,1.6989112634668648,101.43718837676249
13:45:50,1.698904,101.437261,0,0,0,0,0,0,0,0,185,180,forward,9718.66,-89,0,1.6989102634668647,101.43718937676253
13:45:52,1.698904,101.437262,0,0,0,0,0,0,0,0,186,180,forward,9603.57,-89,0,1.6989115119612943,101.43719049703174
13:45:55,1.698903,101.437263,0,0,0,0,0,0,0,0,185,180,forward,9718.44,-90,0,1.6989092634668648,101.43719137676257
13:45:57,1.698902,101.437264,0,0,0,0,0,0,0,0,186,180,forward,9603.33,-90,0,1.6989095119612942,101.4371924970318
13:45:59,1.698901,101.437264,0,0,0,0,0,0,0,0,186,180,forward,9603.32,-90,0,1.6989085119612943,101.43719249703184
13:46:01,1.698901,101.437264,0,0,0,0,0,0,0,0,186,180,forward,9603.32,-89,0,1.6989085119612943,101.43719249703184
13:46:03,1.6989,101.437264,0,0,0,0,0,0,0,0,186,180,forward,9603.32,-89,0,1.6989075119612944,101.43719249703189
13:46:05,1.698899,101.437264,0,0,0,0,0,0,0,0,186,180,forward,9603.3,-90,0,1.6989065119612943,101.43719249703192
13:46:08,1.698898,101.437264,0,0,0,0,0,0,0,0,187,180,forward,9603.3,-91,0,1.6989067581675077,101.43719263908166
13:46:10,1.698898,101.437264,0,0,0,0,0,0,0,0,187,180,forward,9610.55,-89,0,1.6989067581675077,101.43719263908166
13:46:12,1.698897,101.437264,0,0,0,0,0,0,0,0,187,180,forward,9603.29,-89,0,1.6989057581675078,101.4371926390817
13:46:14,1.698896,101.437264,0,0,0,0,0,0,0,0,187,180,forward,9610.53,-89,0,1.6989047581675076,101.43719263908173
13:46:16,1.698895,101.437264,0,0,0,0,0,0,0,0,187,180,forward,9610.52,-88,0,1.6989037581675077,101.43719263908177
13:46:18,1.698894,101.437264,0,0,0,0,0,0,0,0,187,180,forward,9610.51,-90,0,1.6989027581675076,101.43719263908181
13:46:21,1.698893,101.437264,0,0,0,0,0,0,0,0,187,180,forward,9610.5,-90,0,1.6989017581675077,101.43719263908184
13:46:23,1.698892,101.437264,0,0,0,0,0,0,0,0,187,180,forward,9610.5,-90,0,1.6989007581675077,101.43719263908189
13:46:25,1.698891,101.437265,0,0,0,0,0,0,0,0,187,180,forward,9610.38,-90,0,1.6988997581675076,101.43719363908191
13:46:27,1.69889,101.437265,0,0,0,0,0,0,0,0,188,180,forward,9610.37,-91,0,1.6989000017058984,101.43719380286889
13:46:29,1.698889,101.437265,0,0,0,0,0,0,0,0,187,180,forward,9610.36,-90,0,1.6988977581675078,101.437193639082
13:46:31,1.698888,101.437265,0,0,0,0,0,0,0,0,187,180,forward,9610.35,-90,0,1.6988967581675076,101.43719363908203
13:46:34,1.698888,101.437265,0,0,0,0,0,0,0,0,187,180,forward,9610.36,-89,0,1.6988967581675076,101.43719363908203
13:46:36,1.698887,101.437265,0,0,0,0,0,0,0,0,187,180,forward,9610.35,-89,0,1.6988957581675077,101.43719363908207
13:46:38,1.698886,101.437265,0,0,0,0,0,0,0,0,187,180,forward,9610.34,-89,0,1.6988947581675076,101.4371936390821
13:46:40,1.698885,101.437265,0,0,0,0,0,0,0,0,187,180,forward,9610.34,-89,0,1.6988937581675077,101.43719363908214
13:46:42,1.698884,101.437265,0,0,0,0,0,0,0,0,186,180,forward,9610.32,-89,0,1.6988915119612944,101.43719349703247
13:46:45,1.698883,101.437265,0,0,0,0,0,0,0,0,187,180,forward,9610.31,-90,0,1.6988917581675076,101.43719363908221
13:46:47,1.698883,101.437265,0,0,0,0,0,0,0,0,187,180,forward,9610.32,-89,0,1.6988917581675076,101.43719363908221
13:46:49,1.698882,101.437264,0,0,0,0,0,0,0,0,187,180,forward,9610.42,-90,0,1.6988907581675077,101.43719263908226
13:46:51,1.698882,101.437264,0,0,0,0,0,0,0,0,187,180,forward,9610.42,-89,0,1.6988907581675077,101.43719263908226
13:46:53,1.698881,101.437263,0,0,0,0,0,0,0,0,187,180,forward,9610.53,-90,0,1.6988897581675078,101.43719163908229
13:46:55,1.69888,101.437262,0,0,0,0,0,0,0,0,187,180,forward,9610.62,-89,0,1.6988887581675076,101.43719063908233
13:46:57,1.69888,101.437261,0,0,0,0,0,0,0,0,187,180,forward,9610.74,-90,0,1.6988887581675076,101.43718963908233
13:47:00,1.698879,101.43726,0,0,0,0,0,0,0,0,187,180,forward,9610.84,-90,0,1.6988877581675077,101.43718863908236
13:47:02,1.698879,101.43726,0,0,0,0,0,0,0,0,187,180,forward,9610.84,-89,0,1.6988877581675077,101.43718863908236
13:47:04,1.698878,101.437259,0,0,0,0,0,0,0,0,186,180,forward,9610.95,-89,0,1.6988855119612944,101.4371874970327
13:47:06,1.698877,101.437258,0,0,0,0,0,0,0,0,187,180,forward,9611.05,-89,0,1.6988857581675076,101.43718663908244
13:47:08,1.698876,101.437257,0,0,0,0,0,0,0,0,186,180,forward,9611.15,-89,0,1.6988835119612944,101.43718549703277
13:47:10,1.698876,101.437257,0,0,0,0,0,0,0,0,186,180,forward,9611.15,-88,0,1.6988835119612944,101.43718549703277
13:47:13,1.698875,101.437256,0,0,0,0,0,0,0,0,186,180,forward,9604.01,-90,0,1.6988825119612943,101.43718449703282
13:47:15,1.698874,101.437256,0,0,0,0,0,0,0,0,186,180,forward,9604.0,-89,0,1.6988815119612943,101.43718449703285
13:47:17,1.698873,101.437255,0,0,0,0,0,0,0,0,186,180,forward,9604.1,-89,0,1.6988805119612944,101.43718349703288
13:47:19,1.698872,101.437254,0,0,0,0,0,0,0,0,186,180,forward,9604.2,-90,0,1.6988795119612943,101.43718249703292
13:47:21,1.698872,101.437254,0,0,0,0,0,0,0,0,186,180,forward,9604.21,-89,0,1.6988795119612943,101.43718249703292
13:47:23,1.698872,101.437253,0,0,0,0,0,0,0,0,186,180,forward,9604.32,-89,0,1.6988795119612943,101.43718149703292
13:47:26,1.698872,101.437252,0,0,0,0,0,0,0,0,186,180,forward,9604.43,-90,0,1.6988795119612943,101.43718049703293
13:47:28,1.698872,101.43725,0,0,0,0,0,0,0,0,185,180,forward,9604.65,-89,0,1.6988782634668647,101.43717837676373
13:47:30,1.698872,101.437249,0,0,0,0,0,0,0,0,185,180,forward,9604.76,-89,0,1.6988782634668647,101.43717737676371
13:47:32,1.698872,101.437247,0,0,0,0,0,0,0,0,185,180,forward,9718.63,-90,0,1.6988782634668647,101.43717537676372
13:47:34,1.698872,101.437246,0,0,0,0,0,0,0,0,185,180,forward,9718.73,-89,0,1.6988782634668647,101.43717437676372
13:47:36,1.698871,101.437244,0,0,0,0,0,0,0,0,185,180,forward,9718.94,-90,0,1.6988772634668647,101.43717237676375
13:47:39,1.698871,101.437243,0,0,0,0,0,0,0,0,185,180,forward,9719.0,-89,0,1.6988772634668647,101.43717137676374
13:47:41,1.69887,101.437242,0,0,0,0,0,0,0,0,185,180,forward,9719.06,-88,0,1.6988762634668648,101.43717037676379
13:47:43,1.698869,101.437241,0,0,0,0,0,0,0,0,185,180,forward,10101.13,-91,0,1.6988752634668647,101.43716937676382
13:47:45,1.698868,101.437241,0,0,0,0,0,0,0,0,184,180,forward,10100.98,-90,0,1.6988730130645224,101.43716927831179
13:47:47,1.698867,101.43724,0,0,0,0,0,0,0,0,184,180,forward,10100.94,-90,0,1.6988720130645223,101.43716827831183
13:47:49,1.698866,101.43724,0,0,0,0,0,0,0,0,184,180,forward,10100.66,-89,0,1.6988710130645224,101.43716827831187
13:47:52,1.698864,101.437239,0,0,0,0,0,0,0,0,184,180,forward,10100.64,-90,0,1.6988690130645223,101.43716727831195
13:47:54,1.698863,101.437238,0,0,0,0,0,0,0,0,184,180,forward,10100.61,-90,0,1.6988680130645224,101.43716627831196
13:47:56,1.698863,101.437238,0,0,0,0,0,0,0,0,184,180,forward,10100.48,-89,0,1.6988680130645224,101.43716627831196
13:47:58,1.698862,101.437237,0,0,0,0,0,0,0,0,184,180,forward,10100.57,-90,0,1.6988670130645225,101.43716527831201
13:48:00,1.698862,101.437236,0,0,0,0,0,0,0,0,184,180,forward,10347.15,-89,0,1.6988670130645225,101.43716427831201
13:48:02,1.698862,101.437235,0,0,0,0,0,0,0,0,183,180,forward,10100.65,-88,0,1.6988657611351523,101.43716320170707
13:48:05,1.698862,101.437234,0,0,0,0,0,0,0,0,183,180,forward,10347.36,-89,0,1.6988657611351523,101.43716220170707
13:48:07,1.698861,101.437232,0,0,0,0,0,0,0,0,183,180,forward,10347.44,-90,0,1.6988647611351522,101.43716020170709
13:48:09,1.698861,101.437231,0,0,0,0,0,0,0,0,183,180,forward,10347.54,-90,0,1.6988647611351522,101.43715920170709
13:48:11,1.698861,101.43723,0,0,0,0,0,0,0,0,183,180,forward,10347.65,-89,0,1.6988647611351522,101.43715820170709
13:48:13,1.698862,101.437229,0,0,0,0,0,0,0,0,183,180,forward,10347.88,-90,0,1.6988657611351523,101.43715720170707
13:48:15,1.698862,101.437227,0,0,0,0,0,0,0,0,183,180,forward,10348.09,-90,0,1.6988657611351523,101.43715520170706
13:48:18,1.698863,101.437226,0,0,0,0,0,0,0,0,182,180,forward,10348.2,-88,0,1.6988655080601036,101.43715414697252
13:48:20,1.698863,101.437225,0,0,0,0,0,0,0,0,183,180,forward,10561.44,-89,0,1.6988667611351522,101.43715320170702
13:48:22,1.698864,101.437224,0,0,0,0,0,0,0,0,182,180,forward,10561.56,-89,0,1.6988665080601035,101.4371521469725
13:48:24,1.698864,101.437223,0,0,0,0,0,0,0,0,182,180,forward,10561.79,-89,0,1.6988665080601035,101.4371511469725
13:48:26,1.698864,101.437222,0,0,0,0,0,0,0,0,182,180,forward,10561.9,-89,0,1.6988665080601035,101.4371501469725
13:48:28,1.698865,101.43722,0,0,0,0,0,0,0,0,182,180,forward,10562.25,-90,0,1.6988675080601037,101.43714814697245
13:48:31,1.698865,101.437219,0,0,0,0,0,0,0,0,182,180,forward,10562.36,-90,0,1.6988675080601037,101.43714714697245
13:48:33,1.698866,101.437218,0,0,0,0,0,0,0,0,182,180,forward,10562.6,-89,0,1.6988685080601036,101.43714614697241
13:48:35,1.698866,101.437217,0,0,0,0,0,0,0,0,182,180,forward,10562.7,-89,0,1.6988685080601036,101.43714514697241
13:48:37,1.698866,101.437216,0,0,0,0,0,0,0,0,182,180,forward,10562.81,-89,0,1.6988685080601036,101.43714414697241
13:48:39,1.698867,101.437215,0,0,0,0,0,0,0,0,182,180,forward,10563.05,-89,0,1.6988695080601035,101.43714314697237
13:48:42,1.698868,101.437213,0,0,0,0,0,0,0,0,182,180,forward,10563.27,-89,0,1.6988705080601036,101.43714114697234
13:48:44,1.698868,101.437213,0,0,0,0,0,0,0,0,182,180,forward,10563.4,-89,0,1.6988705080601036,101.43714114697234
13:48:46,1.698869,101.437211,0,0,0,0,0,0,0,0,181,180,forward,10789.13,-90,0,1.6988702542210758,101.43713911412493
13:48:48,1.698869,101.43721,0,0,0,0,0,0,0,0,181,180,forward,10789.23,-90,0,1.6988702542210758,101.43713811412492
13:48:50,1.698869,101.437209,0,0,0,0,0,0,0,0,181,180,forward,10789.34,-89,0,1.6988702542210758,101.43713711412492
13:48:53,1.698869,101.437208,0,0,0,0,0,0,0,0,181,180,forward,10789.45,-89,0,1.6988702542210758,101.43713611412493
13:48:55,1.698869,101.437207,0,0,0,0,0,0,0,0,181,180,forward,10789.56,-89,0,1.6988702542210758,101.43713511412493
13:48:57,1.69887,101.437206,0,0,0,0,0,0,0,0,181,180,forward,10789.67,-89,0,1.698871254221076,101.4371341141249
13:48:59,1.69887,101.437205,0,0,0,0,0,0,0,0,181,180,forward,10789.91,-89,0,1.698871254221076,101.4371331141249
13:49:01,1.69887,101.437203,0,0,0,0,0,0,0,0,181,180,forward,11028.64,-91,0,1.698871254221076,101.4371311141249
13:49:03,1.69887,101.437202,0,0,0,0,0,0,0,0,181,180,forward,10790.24,-90,0,1.698871254221076,101.4371301141249
13:49:05,1.69887,101.437201,0,0,0,0,0,0,0,0,180,180,forward,10790.35,-89,0,1.69887,101.43712910317467
13:49:08,1.69887,101.4372,0,0,0,0,0,0,0,0,180,180,forward,11028.97,-90,0,1.69887,101.43712810317467
13:49:10,1.698871,101.437199,0,0,0,0,0,0,0,0,180,180,forward,11029.22,-90,0,1.698871,101.43712710317463
13:49:12,1.698871,101.437198,0,0,0,0,0,0,0,0,181,180,forward,11029.33,-91,0,1.698872254221076,101.43712611412485
13:49:14,1.698871,101.437197,0,0,0,0,0,0,0,0,180,180,forward,10790.92,-88,0,1.698871,101.43712510317462
13:49:16,1.698871,101.437196,0,0,0,0,0,0,0,0,180,180,forward,10791.03,-88,0,1.698871,101.43712410317463
13:49:19,1.698871,101.437195,0,0,0,0,0,0,0,0,180,180,forward,11029.66,-90,0,1.698871,101.43712310317463
13:49:21,1.698871,101.437194,0,0,0,0,0,0,0,0,180,180,forward,10791.25,-88,0,1.698871,101.43712210317463
13:49:23,1.698871,101.437192,0,0,0,0,0,0,0,0,180,180,forward,11029.99,-90,0,1.698871,101.43712010317462
13:49:25,1.698871,101.437191,0,0,0,0,0,0,0,0,180,180,forward,11030.11,-90,0,1.698871,101.43711910317462
13:49:27,1.698871,101.43719,0,0,0,0,0,0,0,0,180,180,forward,11030.22,-90,0,1.698871,101.43711810317463
13:49:29,1.698872,101.437189,0,0,0,0,0,0,0,0,180,180,forward,11030.33,-89,0,1.698872,101.43711710317459
13:49:31,1.698872,101.437189,0,0,0,0,0,0,0,0,179,180,forward,11030.47,-89,0,1.698870745778924,101.43711711412483
13:49:34,1.698872,101.437188,0,0,0,0,0,0,0,0,180,180,forward,11199.37,-90,0,1.698872,101.43711610317459
13:49:36,1.698873,101.437187,0,0,0,0,0,0,0,0,179,180,forward,11030.82,-90,0,1.6988717457789242,101.43711511412478
13:49:38,1.698873,101.437187,0,0,0,0,0,0,0,0,179,180,forward,11199.58,-90,0,1.6988717457789242,101.43711511412478
13:49:40,1.698874,101.437186,0,0,0,0,0,0,0,0,179,180,forward,11199.69,-89,0,1.698872745778924,101.43711411412474
13:49:42,1.698874,101.437186,0,0,0,0,0,0,0,0,179,180,forward,11199.79,-90,0,1.698872745778924,101.43711411412474
13:49:45,1.698875,101.437185,0,0,0,0,0,0,0,0,179,180,forward,11199.89,-89,0,1.698873745778924,101.43711311412471
13:49:47,1.698875,101.437185,0,0,0,0,0,0,0,0,179,180,forward,11199.99,-90,0,1.698873745778924,101.43711311412471
13:49:49,1.698875,101.437184,0,0,0,0,0,0,0,0,179,180,forward,11200.1,-89,0,1.698873745778924,101.43711211412472
13:49:51,1.698876,101.437184,0,0,0,0,0,0,0,0,179,180,forward,11200.1,-89,0,1.6988747457789242,101.43711211412467
13:49:53,1.698876,101.437183,0,0,0,0,0,0,0,0,179,180,forward,11200.31,-89,0,1.6988747457789242,101.43711111412468
13:49:55,1.698877,101.437182,0,0,0,0,0,0,0,0,179,180,forward,11200.51,-89,0,1.698875745778924,101.43711011412465
13:49:58,1.698878,101.437181,0,0,0,0,0,0,0,0,179,180,forward,11200.62,-89,0,1.6988767457789242,101.4371091141246
13:50:00,1.698878,101.43718,0,0,0,0,0,0,0,0,178,180,forward,11200.83,-88,0,1.6988754919398965,101.43710814697197
13:50:02,1.698879,101.437179,0,0,0,0,0,0,0,0,178,180,forward,11200.94,-88,0,1.6988764919398964,101.43710714697193
13:50:04,1.698879,101.437178,0,0,0,0,0,0,0,0,178,180,forward,11201.05,-88,0,1.6988764919398964,101.43710614697193
13:50:06,1.69888,101.437177,0,0,0,0,0,0,0,0,178,180,forward,11201.16,-88,0,1.6988774919398963,101.4371051469719
13:50:08,1.698881,101.437176,0,0,0,0,0,0,0,0,178,180,forward,11201.27,-88,0,1.6988784919398965,101.43710414697185
13:50:11,1.698882,101.437175,0,0,0,0,0,0,0,0,178,180,forward,11201.38,-88,0,1.6988794919398964,101.43710314697182
13:50:13,1.698882,101.437174,0,0,0,0,0,0,0,0,178,180,forward,11201.49,-88,0,1.6988794919398964,101.43710214697182
13:50:15,1.698883,101.437173,0,0,0,0,0,0,0,0,178,180,forward,11201.6,-88,0,1.6988804919398963,101.43710114697178
13:50:17,1.698884,101.437172,0,0,0,0,0,0,0,0,177,180,forward,11201.71,-87,0,1.6988802388648478,101.43710020170624
13:50:19,1.698885,101.437171,0,0,0,0,0,0,0,0,177,180,forward,11201.82,-87,0,1.6988812388648478,101.43709920170622
13:50:21,1.698886,101.43717,0,0,0,0,0,0,0,0,177,180,forward,11201.93,-87,0,1.6988822388648477,101.43709820170616
13:50:23,1.698887,101.437169,0,0,0,0,0,0,0,0,177,180,forward,11202.04,-87,0,1.6988832388648478,101.43709720170612
13:50:26,1.698888,101.437168,0,0,0,0,0,0,0,0,177,180,forward,11202.15,-87,0,1.6988842388648477,101.4370962017061
13:50:28,1.698889,101.437167,0,0,0,0,0,0,0,0,177,180,forward,11202.25,-87,0,1.6988852388648479,101.43709520170606
13:50:30,1.698889,101.437166,0,0,0,0,0,0,0,0,176,180,forward,11202.37,-87,0,1.6988839869354777,101.43709427831101
13:50:32,1.698891,101.437165,0,0,0,0,0,0,0,0,177,180,forward,11202.47,-87,0,1.6988872388648477,101.43709320170598
13:50:34,1.698892,101.437163,0,0,0,0,0,0,0,0,176,180,forward,11202.69,-86,0,1.6988869869354777,101.4370912783109
13:50:36,1.698893,101.437162,0,0,0,0,0,0,0,0,176,180,forward,11202.8,-87,0,1.6988879869354776,101.43709027831086
13:50:38,1.698895,101.437159,0,0,0,0,0,0,0,0,176,180,forward,11203.13,-86,0,1.6988899869354777,101.43708727831078
13:50:41,1.698896,101.437157,0,0,0,0,0,0,0,0,176,180,forward,11203.35,-86,0,1.6988909869354776,101.43708527831075
13:50:43,1.698897,101.437156,0,0,0,0,0,0,0,0,176,180,forward,11203.46,-86,0,1.6988919869354777,101.43708427831072
13:50:45,1.698897,101.437154,0,0,0,0,0,0,0,0,176,180,forward,11203.68,-86,0,1.6988919869354777,101.43708227831073
13:50:47,1.698898,101.437153,0,0,0,0,0,0,0,0,175,180,forward,11203.79,-85,0,1.6988917365331353,101.43708137676275
13:50:49,1.698899,101.437151,0,0,0,0,0,0,0,0,176,180,forward,11204.01,-86,0,1.6988939869354776,101.43707927831063
13:50:51,1.6989,101.43715,0,0,0,0,0,0,0,0,175,180,forward,11204.12,-85,0,1.6988937365331354,101.43707837676268
13:50:53,1.698901,101.437148,0,0,0,0,0,0,0,0,175,180,forward,11204.34,-85,0,1.6988947365331353,101.43707637676263
13:50:55,1.698902,101.437146,0,0,0,0,0,0,0,0,175,180,forward,11204.56,-85,0,1.6988957365331352,101.4370743767626
13:50:58,1.698903,101.437144,0,0,0,0,0,0,0,0,175,180,forward,11204.78,-85,0,1.6988967365331353,101.43707237676257
13:51:00,1.698904,101.437142,0,0,0,0,0,0,0,0,175,180,forward,11205.0,-85,0,1.6988977365331352,101.43707037676252
13:51:02,1.698904,101.437141,0,0,0,0,0,0,0,0,174,180,forward,11205.11,-85,0,1.6988964880387056,101.43706949703173
13:51:04,1.698905,101.43714,0,0,0,0,0,0,0,0,174,180,forward,11205.22,-84,0,1.6988974880387058,101.4370684970317
13:51:06,1.698906,101.43714,0,0,0,0,0,0,0,0,174,180,forward,11205.22,-84,0,1.6988984880387057,101.43706849703166
13:51:08,1.698907,101.437139,0,0,0,0,0,0,0,0,174,180,forward,11205.33,-84,0,1.6988994880387056,101.43706749703162
13:51:10,1.698908,101.437138,0,0,0,0,0,0,0,0,174,180,forward,11205.44,-84,0,1.6989004880387057,101.4370664970316
13:51:13,1.698909,101.437137,0,0,0,0,0,0,0,0,174,180,forward,11205.55,-84,0,1.6989014880387057,101.43706549703155
13:51:15,1.69891,101.437136,0,0,0,0,0,0,0,0,173,180,forward,11205.65,-83,0,1.6989012418324922,101.43706463908121
13:51:17,1.698911,101.437134,0,0,0,0,0,0,0,0,173,180,forward,11205.87,-83,0,1.6989022418324924,101.43706263908118
13:51:19,1.698912,101.437133,0,0,0,0,0,0,0,0,173,180,forward,11205.98,-83,0,1.6989032418324923,101.43706163908115
13:51:21,1.698912,101.437132,0,0,0,0,0,0,0,0,173,180,forward,11206.09,-83,0,1.6989032418324923,101.43706063908115
13:51:23,1.698913,101.43713,0,0,0,0,0,0,0,0,173,180,forward,11206.31,-83,0,1.6989042418324922,101.4370586390811
13:51:25,1.698914,101.437129,0,0,0,0,0,0,0,0,173,180,forward,11206.42,-82,0,1.6989052418324924,101.43705763908108
13:51:27,1.698914,101.437127,0,0,0,0,0,0,0,0,172,180,forward,11206.65,-82,0,1.6989039982941017,101.437055802868
13:51:30,1.698916,101.437126,0,0,0,0,0,0,0,0,173,180,forward,11206.75,-83,0,1.6989072418324924,101.437054639081
13:51:32,1.698916,101.437124,0,0,0,0,0,0,0,0,172,180,forward,11206.97,-82,0,1.6989059982941017,101.43705280286792
13:51:34,1.698917,101.437123,0,0,0,0,0,0,0,0,172,180,forward,11207.08,-82,0,1.6989069982941016,101.43705180286788
13:51:36,1.698919,101.437122,0,0,0,0,0,0,0,0,172,180,forward,11207.19,-82,0,1.6989089982941017,101.43705080286782
13:51:38,1.69892,101.43712,0,0,0,0,0,0,0,0,172,180,forward,11207.41,-82,0,1.6989099982941016,101.43704880286778
13:51:40,1.698921,101.437119,0,0,0,0,0,0,0,0,171,180,forward,11207.52,-81,0,1.6989097578023271,101.437047988342
13:51:42,1.698923,101.437118,0,0,0,0,0,0,0,0,172,180,forward,11207.63,-82,0,1.6989129982941016,101.43704680286767
13:51:45,1.698924,101.437117,0,0,0,0,0,0,0,0,171,180,forward,11207.74,-81,0,1.6989127578023273,101.43704598834191
13:51:47,1.698925,101.437115,0,0,0,0,0,0,0,0,171,180,forward,11207.96,-81,0,1.6989137578023272,101.43704398834187
13:51:49,1.698926,101.437114,0,0,0,0,0,0,0,0,171,180,forward,11208.07,-81,0,1.6989147578023271,101.43704298834183
13:51:51,1.698927,101.437112,0,0,0,0,0,0,0,0,171,180,forward,11208.29,-80,0,1.6989157578023273,101.43704098834179
13:51:53,1.698927,101.437111,0,0,0,0,0,0,0,0,170,180,forward,11208.4,-80,0,1.6989145207350353,101.4370401954469
13:51:56,1.698928,101.437109,0,0,0,0,0,0,0,0,170,180,forward,11208.62,-80,0,1.6989155207350353,101.43703819544687
13:51:58,1.698929,101.437107,0,0,0,0,0,0,0,0,170,180,forward,11208.84,-80,0,1.6989165207350352,101.43703619544682
13:52:00,1.69893,101.437106,0,0,0,0,0,0,0,0,170,180,forward,11208.95,-80,0,1.6989175207350353,101.4370351954468
13:52:02,1.69893,101.437105,0,0,0,0,0,0,0,0,170,180,forward,11209.06,-80,0,1.6989175207350353,101.4370341954468
13:52:04,1.698931,101.437104,0,0,0,0,0,0,0,0,170,180,forward,11209.17,-80,0,1.6989185207350352,101.43703319544676
13:52:06,1.698931,101.437102,0,0,0,0,0,0,0,0,169,180,forward,11209.39,-79,0,1.6989172874690484,101.43703142411961
13:52:08,1.698932,101.437101,0,0,0,0,0,0,0,0,169,180,forward,11209.5,-79,0,1.6989182874690485,101.43703042411958
13:52:11,1.698932,101.4371,0,0,0,0,0,0,0,0,169,180,forward,11209.61,-79,0,1.6989182874690485,101.43702942411959
13:52:13,1.698932,101.437099,0,0,0,0,0,0,0,0,169,180,forward,11209.72,-79,0,1.6989182874690485,101.43702842411959
13:52:15,1.698933,101.437097,0,0,0,0,0,0,0,0,168,180,forward,11209.94,-79,0,1.6989180583800314,101.4370266742905
13:52:17,1.698934,101.437096,0,0,0,0,0,0,0,0,169,180,forward,11210.05,-79,0,1.6989202874690483,101.4370254241195
13:52:19,1.698934,101.437095,0,0,0,0,0,0,0,0,168,180,forward,11210.16,-78,0,1.6989190583800313,101.43702467429047
13:52:21,1.698934,101.437094,0,0,0,0,0,0,0,0,167,180,forward,11210.27,-77,0,1.6989178338423763,101.43702394588333
13:52:24,1.698935,101.437093,0,0,0,0,0,0,0,0,167,180,forward,11210.38,-77,0,1.6989188338423764,101.43702294588329
13:52:26,1.698936,101.437093,0,0,0,0,0,0,0,0,168,180,forward,11210.38,-78,0,1.6989210583800314,101.4370226742904
13:52:28,1.698937,101.437092,0,0,0,0,0,0,0,0,168,180,forward,11210.49,-78,0,1.6989220583800313,101.43702167429036
13:52:30,1.698937,101.437091,0,0,0,0,0,0,0,0,168,180,forward,11210.6,-78,0,1.6989220583800313,101.43702067429035
13:52:32,1.698937,101.437089,0,0,0,0,0,0,0,0,167,180,forward,11210.82,-77,0,1.6989208338423762,101.43701894588321
13:52:34,1.698937,101.437089,0,0,0,0,0,0,0,0,167,180,forward,11210.82,-77,0,1.6989208338423762,101.43701894588321
13:52:36,1.698937,101.437088,0,0,0,0,0,0,0,0,167,180,forward,11210.93,-77,0,1.6989208338423762,101.43701794588321
13:52:38,1.698937,101.437086,0,0,0,0,0,0,0,0,166,180,forward,11211.15,-76,0,1.6989196142290894,101.43701623881522
13:52:41,1.698937,101.437085,0,0,0,0,0,0,0,0,166,180,forward,11211.26,-76,0,1.6989196142290894,101.43701523881522
13:52:43,1.698937,101.437084,0,0,0,0,0,0,0,0,166,180,forward,11211.37,-76,0,1.6989196142290894,101.43701423881522
13:52:45,1.698937,101.437083,0,0,0,0,0,0,0,0,166,180,forward,11211.49,-76,0,1.6989196142290894,101.43701323881523
13:52:47,1.698937,101.437082,0,0,0,0,0,0,0,0,166,180,forward,11211.6,-76,0,1.6989196142290894,101.43701223881523
13:52:49,1.698937,101.437079,0,0,0,0,0,0,0,0,166,180,forward,11211.93,-75,0,1.6989196142290894,101.43700923881522
13:52:51,1.698937,101.437077,0,0,0,0,0,0,0,0,165,180,forward,11212.15,-75,0,1.698918399911677,101.43700755299717
13:52:54,1.698937,101.437075,0,0,0,0,0,0,0,0,165,180,forward,11212.37,-75,0,1.698918399911677,101.43700555299716
13:52:56,1.698937,101.437074,0,0,0,0,0,0,0,0,165,180,forward,11212.48,-75,0,1.698918399911677,101.43700455299717
13:52:58,1.698937,101.437073,0,0,0,0,0,0,0,0,165,180,forward,11212.6,-75,0,1.698918399911677,101.43700355299717
13:53:00,1.698936,101.437071,0,0,0,0,0,0,0,0,165,180,forward,11212.82,-75,0,1.6989173999116771,101.4370015529972
13:53:02,1.698936,101.43707,0,0,0,0,0,0,0,0,165,180,forward,11212.93,-75,0,1.6989173999116771,101.4370005529972
13:53:05,1.698936,101.437069,0,0,0,0,0,0,0,0,164,180,forward,11213.04,-74,0,1.6989161912600317,101.43699988833337
13:53:07,1.698935,101.437068,0,0,0,0,0,0,0,0,164,180,forward,11213.15,-75,0,1.6989151912600318,101.43699888833342
13:53:09,1.698935,101.437067,0,0,0,0,0,0,0,0,164,180,forward,11213.27,-74,0,1.6989151912600318,101.43699788833342
13:53:11,1.698934,101.437066,0,0,0,0,0,0,0,0,164,180,forward,11213.38,-74,0,1.6989141912600316,101.43699688833345
13:53:13,1.698933,101.437064,0,0,0,0,0,0,0,0,163,180,forward,11213.6,-73,0,1.6989119886423203,101.43699524472176
13:53:15,1.698932,101.437063,0,0,0,0,0,0,0,0,163,180,forward,11213.71,-73,0,1.6989109886423204,101.43699424472177
13:53:17,1.698932,101.437062,0,0,0,0,0,0,0,0,163,180,forward,11213.83,-73,0,1.6989109886423204,101.43699324472178
13:53:20,1.698931,101.437061,0,0,0,0,0,0,0,0,163,180,forward,11213.94,-73,0,1.6989099886423202,101.43699224472182
13:53:22,1.698931,101.437061,0,0,0,0,0,0,0,0,163,180,forward,11213.94,-73,0,1.6989099886423202,101.43699224472182
13:53:24,1.698932,101.43706,0,0,0,0,0,0,0,0,163,180,forward,11214.05,-73,0,1.6989109886423204,101.43699124472178
13:53:26,1.698932,101.437059,0,0,0,0,0,0,0,0,163,180,forward,11214.16,-72,0,1.6989109886423204,101.43699024472178
13:53:28,1.698931,101.437059,0,0,0,0,0,0,0,0,162,180,forward,11214.16,-72,0,1.698908792424872,101.43699062205361
13:53:31,1.698931,101.437058,0,0,0,0,0,0,0,0,162,180,forward,11214.27,-72,0,1.698908792424872,101.4369896220536
13:53:33,1.69893,101.437057,0,0,0,0,0,0,0,0,163,180,forward,11214.38,-72,0,1.6989089886423203,101.43698824472185
13:53:35,1.69893,101.437056,0,0,0,0,0,0,0,0,162,180,forward,11214.5,-72,0,1.698907792424872,101.43698762205364
13:53:37,1.698929,101.437055,0,0,0,0,0,0,0,0,162,180,forward,11214.61,-72,0,1.698906792424872,101.43698662205368
13:53:39,1.698928,101.437055,0,0,0,0,0,0,0,0,162,180,forward,11214.61,-72,0,1.698905792424872,101.43698662205371
13:53:42,1.698927,101.437054,0,0,0,0,0,0,0,0,162,180,forward,11214.72,-72,0,1.6989047924248721,101.43698562205375
13:53:44,1.698927,101.437054,0,0,0,0,0,0,0,0,161,180,forward,11214.72,-72,0,1.6989036029720663,101.4369860202141
13:53:46,1.698926,101.437054,0,0,0,0,0,0,0,0,161,180,forward,11214.72,-71,0,1.6989026029720662,101.43698602021415
13:53:48,1.698926,101.437053,0,0,0,0,0,0,0,0,162,180,forward,11214.84,-72,0,1.698903792424872,101.43698462205379
13:53:50,1.698925,101.437052,0,0,0,0,0,0,0,0,161,180,forward,11214.95,-71,0,1.6989016029720663,101.43698402021417
13:53:52,1.698925,101.437051,0,0,0,0,0,0,0,0,161,180,forward,11215.06,-71,0,1.6989016029720663,101.43698302021417
13:53:54,1.698924,101.43705,0,0,0,0,0,0,0,0,161,180,forward,11215.17,-71,0,1.6989006029720664,101.43698202021422
13:53:56,1.698923,101.437049,0,0,0,0,0,0,0,0,161,180,forward,11215.29,-71,0,1.6988996029720662,101.43698102021425
13:53:59,1.698922,101.437048,0,0,0,0,0,0,0,0,161,180,forward,11215.4,-71,0,1.6988986029720663,101.43698002021429
13:54:01,1.698921,101.437046,0,0,0,0,0,0,0,0,161,180,forward,11215.62,-71,0,1.6988976029720662,101.43697802021431
13:54:03,1.69892,101.437045,0,0,0,0,0,0,0,0,161,180,forward,11215.74,-71,0,1.6988966029720662,101.43697702021436
13:54:05,1.698919,101.437044,0,0,0,0,0,0,0,0,160,180,forward,11215.85,-70,0,1.698894420646222,101.43697643908206
13:54:07,1.698918,101.437043,0,0,0,0,0,0,0,0,160,180,forward,11215.96,-70,0,1.6988934206462218,101.43697543908209
13:54:10,1.698917,101.437042,0,0,0,0,0,0,0,0,160,180,forward,11216.07,-70,0,1.698892420646222,101.43697443908214
13:54:12,1.698916,101.437041,0,0,0,0,0,0,0,0,160,180,forward,11216.19,-70,0,1.698891420646222,101.43697343908215
13:54:14,1.698915,101.43704,0,0,0,0,0,0,0,0,160,180,forward,11216.3,-70,0,1.6988904206462219,101.4369724390822
13:54:16,1.698914,101.43704,0,0,0,0,0,0,0,0,160,180,forward,11216.3,-70,0,1.698889420646222,101.43697243908223
13:54:18,1.698913,101.43704,0,0,0,0,0,0,0,0,160,180,forward,11216.3,-70,0,1.6988884206462218,101.43697243908227
13:54:21,1.698912,101.437039,0,0,0,0,0,0,0,0,159,180,forward,11216.42,-69,0,1.6988862458074867,101.43697187852968
13:54:23,1.69891,101.437039,0,0,0,0,0,0,0,0,160,180,forward,11216.42,-69,0,1.6988854206462218,101.43697143908237
13:54:25,1.698909,101.437039,0,0,0,0,0,0,0,0,160,180,forward,11216.42,-70,0,1.698884420646222,101.43697143908241
13:54:27,1.698908,101.437038,0,0,0,0,0,0,0,0,160,180,forward,11216.53,-69,0,1.698883420646222,101.43697043908244
13:54:29,1.698907,101.437038,0,0,0,0,0,0,0,0,159,180,forward,11216.54,-69,0,1.6988812458074867,101.43697087852985
13:54:31,1.698906,101.437037,0,0,0,0,0,0,0,0,159,180,forward,11216.65,-69,0,1.6988802458074868,101.4369698785299
13:54:34,1.698905,101.437037,0,0,0,0,0,0,0,0,159,180,forward,11216.65,-69,0,1.6988792458074868,101.43696987852992
13:54:36,1.698904,101.437036,0,0,0,0,0,0,0,0,159,180,forward,11216.76,-69,0,1.6988782458074867,101.43696887852997
13:54:38,1.698903,101.437036,0,0,0,0,0,0,0,0,159,180,forward,11216.77,-69,0,1.6988772458074868,101.43696887853
13:54:40,1.698902,101.437036,0,0,0,0,0,0,0,0,159,180,forward,11216.77,-69,0,1.6988762458074866,101.43696887853004
13:54:42,1.698901,101.437036,0,0,0,0,0,0,0,0,159,180,forward,11216.77,-69,0,1.6988752458074867,101.43696887853007
13:54:44,1.6989,101.437036,0,0,0,0,0,0,0,0,159,180,forward,11216.77,-69,0,1.6988742458074868,101.4369688785301
13:54:46,1.698899,101.437035,0,0,0,0,0,0,0,0,159,180,forward,11216.88,-69,0,1.6988732458074867,101.43696787853013
13:54:48,1.698898,101.437035,0,0,0,0,0,0,0,0,159,180,forward,11216.89,-69,0,1.6988722458074867,101.43696787853015
13:54:51,1.698897,101.437034,0,0,0,0,0,0,0,0,159,180,forward,11217.0,-69,0,1.6988712458074868,101.4369668785302
13:54:53,1.698896,101.437034,0,0,0,0,0,0,0,0,159,180,forward,11217.0,-69,0,1.6988702458074867,101.43696687853023
13:54:55,1.698895,101.437034,0,0,0,0,0,0,0,0,159,180,forward,11217.0,-69,0,1.6988692458074868,101.43696687853027
13:54:57,1.698895,101.437034,0,0,0,0,0,0,0,0,158,180,forward,11217.0,-68,0,1.6988680788137283,101.43696733842349
13:54:59,1.698894,101.437033,0,0,0,0,0,0,0,0,158,180,forward,11217.12,-69,0,1.6988670788137281,101.43696633842352
13:55:01,1.698894,101.437034,0,0,0,0,0,0,0,0,159,180,forward,11217.01,-69,0,1.6988682458074866,101.4369668785303
13:55:04,1.698893,101.437034,0,0,0,0,0,0,0,0,159,180,forward,11217.01,-69,0,1.6988672458074867,101.43696687853034
13:55:06,1.698892,101.437034,0,0,0,0,0,0,0,0,158,180,forward,11217.01,-68,0,1.6988650788137283,101.43696733842359
13:55:08,1.698891,101.437035,0,0,0,0,0,0,0,0,158,180,forward,11216.9,-68,0,1.6988640788137281,101.43696833842363
13:55:10,1.698891,101.437035,0,0,0,0,0,0,0,0,158,180,forward,11216.9,-68,0,1.6988640788137281,101.43696833842363
13:55:12,1.69889,101.437036,0,0,0,0,0,0,0,0,158,180,forward,11216.79,-68,0,1.6988630788137282,101.43696933842367
13:55:14,1.698889,101.437036,0,0,0,0,0,0,0,0,158,180,forward,11216.79,-68,0,1.6988620788137283,101.43696933842371
13:55:17,1.698887,101.437036,0,0,0,0,0,0,0,0,158,180,forward,11216.8,-68,0,1.6988600788137282,101.43696933842376
13:55:19,1.698886,101.437037,0,0,0,0,0,0,0,0,158,180,forward,11216.69,-68,0,1.698859078813728,101.4369703384238
13:55:21,1.698885,101.437037,0,0,0,0,0,0,0,0,158,180,forward,11216.69,-68,0,1.6988580788137282,101.43697033842383
13:55:23,1.698884,101.437037,0,0,0,0,0,0,0,0,158,180,forward,11216.69,-68,0,1.6988570788137283,101.43697033842388
13:55:25,1.698883,101.437037,0,0,0,0,0,0,0,0,158,180,forward,11216.69,-68,0,1.6988560788137281,101.4369703384239
13:55:27,1.698882,101.437037,0,0,0,0,0,0,0,0,158,180,forward,11216.7,-68,0,1.6988550788137282,101.43697033842395
13:55:29,1.698882,101.437037,0,0,0,0,0,0,0,0,158,180,forward,11216.7,-67,0,1.6988550788137282,101.43697033842395
13:55:31,1.698881,101.437036,0,0,0,0,0,0,0,0,158,180,forward,11216.81,-68,0,1.6988540788137283,101.43696933842398
13:55:33,1.698881,101.437036,0,0,0,0,0,0,0,0,158,180,forward,11216.81,-68,0,1.6988540788137283,101.43696933842398
13:55:36,1.698881,101.437035,0,0,0,0,0,0,0,0,157,180,forward,11216.92,-67,0,1.6988529200204239,101.43696881862294
13:55:38,1.69888,101.437035,0,0,0,0,0,0,0,0,157,180,forward,11216.92,-68,0,1.6988519200204237,101.43696881862299
13:55:40,1.69888,101.437035,0,0,0,0,0,0,0,0,157,180,forward,11216.92,-68,0,1.6988519200204237,101.43696881862299
13:55:42,1.69888,101.437035,0,0,0,0,0,0,0,0,158,180,forward,11216.92,-68,0,1.6988530788137282,101.436968338424
13:55:44,1.69888,101.437034,0,0,0,0,0,0,0,0,157,180,forward,11217.03,-67,0,1.6988519200204237,101.43696781862299
13:55:46,1.698879,101.437034,0,0,0,0,0,0,0,0,158,180,forward,11217.03,-67,0,1.6988520788137282,101.43696733842404
13:55:49,1.698879,101.437033,0,0,0,0,0,0,0,0,157,180,forward,11217.15,-67,0,1.6988509200204238,101.43696681862302
13:55:51,1.698879,101.437033,0,0,0,0,0,0,0,0,157,180,forward,11217.15,-67,0,1.6988509200204238,101.43696681862302
13:55:53,1.698878,101.437033,0,0,0,0,0,0,0,0,157,180,forward,11217.15,-67,0,1.698849920020424,101.43696681862305
13:55:55,1.698878,101.437032,0,0,0,0,0,0,0,0,157,180,forward,11217.26,-67,0,1.698849920020424,101.43696581862305
13:55:57,1.698878,101.437032,0,0,0,0,0,0,0,0,157,180,forward,11217.26,-67,0,1.698849920020424,101.43696581862305
13:55:59,1.698877,101.437033,0,0,0,0,0,0,0,0,156,180,forward,11217.15,-66,0,1.698847769780553,101.43696731898156
13:56:01,1.698877,101.437033,0,0,0,0,0,0,0,0,157,180,forward,11217.15,-67,0,1.6988489200204238,101.43696681862309
13:56:03,1.698876,101.437033,0,0,0,0,0,0,0,0,157,180,forward,11217.15,-67,0,1.6988479200204238,101.43696681862312
13:56:06,1.698876,101.437033,0,0,0,0,0,0,0,0,157,180,forward,11217.15,-67,0,1.6988479200204238,101.43696681862312
13:56:08,1.698875,101.437033,0,0,0,0,0,0,0,0,157,180,forward,11217.15,-68,0,1.6988469200204237,101.43696681862316
13:56:10,1.698875,101.437033,0,0,0,0,0,0,0,0,157,180,forward,11217.15,-68,0,1.6988469200204237,101.43696681862316
13:56:12,1.698875,101.437032,0,0,0,0,0,0,0,0,157,180,forward,11217.26,-67,0,1.6988469200204237,101.43696581862316
13:56:14,1.698874,101.437032,0,0,0,0,0,0,0,0,156,180,forward,11217.27,-67,0,1.698844769780553,101.43696631898166
13:56:16,1.698874,101.437032,0,0,0,0,0,0,0,0,156,180,forward,11217.27,-67,0,1.698844769780553,101.43696631898166
13:56:18,1.698873,101.437032,0,0,0,0,0,0,0,0,157,180,forward,11217.27,-68,0,1.6988449200204239,101.43696581862322
13:56:21,1.698873,101.437032,0,0,0,0,0,0,0,0,156,180,forward,11217.27,-67,0,1.6988437697805532,101.43696631898169
13:56:23,1.698873,101.437032,0,0,0,0,0,0,0,0,156,180,forward,11217.27,-67,0,1.6988437697805532,101.43696631898169
13:56:25,1.698872,101.437031,0,0,0,0,0,0,0,0,156,180,forward,11217.38,-67,0,1.698842769780553,101.43696531898173
13:56:27,1.698872,101.437031,0,0,0,0,0,0,0,0,156,180,forward,11217.38,-67,0,1.698842769780553,101.43696531898173
13:56:29,1.698871,101.43703,0,0,0,0,0,0,0,0,156,180,forward,11217.49,-67,0,1.6988417697805531,101.43696431898175
13:56:31,1.69887,101.43703,0,0,0,0,0,0,0,0,156,180,forward,11217.5,-67,0,1.6988407697805532,101.4369643189818
13:56:33,1.69887,101.43703,0,0,0,0,0,0,0,0,156,180,forward,11217.5,-67,0,1.6988407697805532,101.4369643189818
13:56:36,1.69887,101.43703,0,0,0,0,0,0,0,0,156,180,forward,11217.5,-67,0,1.6988407697805532,101.4369643189818
13:56:38,1.698869,101.43703,0,0,0,0,0,0,0,0,156,180,forward,11217.5,-67,0,1.698839769780553,101.43696431898182
13:56:40,1.698869,101.43703,0,0,0,0,0,0,0,0,156,180,forward,11217.5,-67,0,1.698839769780553,101.43696431898182
13:56:42,1.698868,101.43703,0,0,0,0,0,0,0,0,156,180,forward,11217.5,-67,0,1.6988387697805531,101.43696431898185
13:56:44,1.698868,101.437031,0,0,0,0,0,0,0,0,156,180,forward,11217.39,-67,0,1.6988387697805531,101.43696531898186
13:56:46,1.698869,101.437031,0,0,0,0,0,0,0,0,156,180,forward,11217.39,-67,0,1.698839769780553,101.43696531898183
13:56:49,1.698869,101.437031,0,0,0,0,0,0,0,0,156,180,forward,11217.39,-67,0,1.698839769780553,101.43696531898183
13:56:51,1.698869,101.437031,0,0,0,0,0,0,0,0,156,180,forward,11217.39,-66,0,1.698839769780553,101.43696531898183
13:56:53,1.69887,101.437031,0,0,0,0,0,0,0,0,156,180,forward,11217.38,-67,0,1.6988407697805532,101.4369653189818
13:56:55,1.69887,101.437031,0,0,0,0,0,0,0,0,156,180,forward,11217.38,-67,0,1.6988407697805532,101.4369653189818
13:56:57,1.69887,101.437032,0,0,0,0,0,0,0,0,156,180,forward,11217.27,-67,0,1.6988407697805532,101.4369663189818
13:56:59,1.69887,101.437032,0,0,0,0,0,0,0,0,155,180,forward,11217.27,-67,0,1.6988396284444904,101.43696683934733
13:57:01,1.698871,101.437032,0,0,0,0,0,0,0,0,155,180,forward,11217.27,-66,0,1.6988406284444904,101.4369668393473
13:57:03,1.698871,101.437032,0,0,0,0,0,0,0,0,156,180,forward,11217.27,-67,0,1.6988417697805531,101.43696631898176
13:57:06,1.698871,101.437033,0,0,0,0,0,0,0,0,155,180,forward,11217.16,-66,0,1.6988406284444904,101.4369678393473
13:57:08,1.698871,101.437033,0,0,0,0,0,0,0,0,155,180,forward,11217.16,-66,0,1.6988406284444904,101.4369678393473
13:57:10,1.698871,101.437033,0,0,0,0,0,0,0,0,155,180,forward,11217.16,-66,0,1.6988406284444904,101.4369678393473
13:57:12,1.698871,101.437033,0,0,0,0,0,0,0,0,155,180,forward,11217.16,-66,0,1.6988406284444904,101.4369678393473
13:57:14,1.69887,101.437033,0,0,0,0,0,0,0,0,155,180,forward,11217.16,-66,0,1.6988396284444904,101.43696783934733
13:57:17,1.69887,101.437033,0,0,0,0,0,0,0,0,155,180,forward,11217.16,-66,0,1.6988396284444904,101.43696783934733
13:57:19,1.69887,101.437033,0,0,0,0,0,0,0,0,155,180,forward,11217.16,-66,0,1.6988396284444904,101.43696783934733
13:57:21,1.69887,101.437033,0,0,0,0,0,0,0,0,155,180,forward,11217.16,-66,0,1.6988396284444904,101.43696783934733
13:57:23,1.69887,101.437033,0,0,0,0,0,0,0,0,155,180,forward,11217.16,-66,0,1.6988396284444904,101.43696783934733
13:57:25,1.698869,101.437033,0,0,0,0,0,0,0,0,155,180,forward,11217.16,-66,0,1.6988386284444903,101.43696783934736
13:57:28,1.698869,101.437033,0,0,0,0,0,0,0,0,155,180,forward,11217.16,-66,0,1.6988386284444903,101.43696783934736
13:57:30,1.698869,101.437033,0,0,0,0,0,0,0,0,155,180,forward,11217.16,-66,0,1.6988386284444903,101.43696783934736
13:57:32,1.698869,101.437033,0,0,0,0,0,0,0,0,155,180,forward,11217.16,-66,0,1.6988386284444903,101.43696783934736
13:57:34,1.698869,101.437033,0,0,0,0,0,0,0,0,155,180,forward,11217.16,-66,0,1.6988386284444903,101.43696783934736
13:57:36,1.698869,101.437033,0,0,0,0,0,0,0,0,155,180,forward,11217.16,-66,0,1.6988386284444903,101.43696783934736
13:57:38,1.698869,101.437033,0,0,0,0,0,0,0,0,155,180,forward,11217.16,-66,0,1.6988386284444903,101.43696783934736
13:57:40,1.698869,101.437033,0,0,0,0,0,0,0,0,155,180,forward,11217.16,-66,0,1.6988386284444903,101.43696783934736
13:57:42,1.698869,101.437033,0,0,0,0,0,0,0,0,155,180,forward,11217.16,-66,0,1.6988386284444903,101.43696783934736
13:57:45,1.698869,101.437033,0,0,0,0,0,0,0,0,155,180,forward,11217.16,-66,0,1.6988386284444903,101.43696783934736
13:57:47,1.698869,101.437033,0,0,0,0,0,0,0,0,155,180,forward,11217.16,-66,0,1.6988386284444903,101.43696783934736
13:57:49,1.698869,101.437033,0,0,0,0,0,0,0,0,155,180,forward,11217.16,-66,0,1.6988386284444903,101.43696783934736
13:57:51,1.698869,101.437033,0,0,0,0,0,0,0,0,155,180,forward,11217.16,-66,0,1.6988386284444903,101.43696783934736
13:57:53,1.698869,101.437033,0,0,0,0,0,0,0,0,155,180,forward,11217.16,-66,0,1.6988386284444903,101.43696783934736
13:57:55,1.698869,101.437033,0,0,0,0,0,0,0,0,155,180,forward,11217.16,-66,0,1.6988386284444903,101.43696783934736
13:57:57,1.698869,101.437033,0,0,0,0,0,0,0,0,155,180,forward,11217.16,-66,0,1.6988386284444903,101.43696783934736
13:57:59,1.698869,101.437033,0,0,0,0,0,0,0,0,155,180,forward,11217.16,-66,0,1.6988386284444903,101.43696783934736
13:58:01,1.698869,101.437033,0,0,0,0,0,0,0,0,155,180,forward,11217.16,-66,0,1.6988386284444903,101.43696783934736
13:58:03,1.698869,101.437033,0,0,0,0,0,0,0,0,155,180,forward,11217.16,-66,0,1.6988386284444903,101.43696783934736
13:58:06,1.698869,101.437033,0,0,0,0,0,0,0,0,155,180,forward,11217.16,-66,0,1.6988386284444903,101.43696783934736
13:58:08,1.698869,101.437033,0,0,0,0,0,0,0,0,155,180,forward,11217.16,-66,0,1.6988386284444903,101.43696783934736
13:58:10,1.698869,101.437033,0,0,0,0,0,0,0,0,155,180,forward,11217.16,-66,0,1.6988386284444903,101.43696783934736
13:58:12,1.698869,101.437033,0,0,0,0,0,0,0,0,155,180,forward,11217.16,-66,0,1.6988386284444903,101.43696783934736
13:58:14,1.698869,101.437033,0,0,0,0,0,0,0,0,155,180,forward,11217.16,-66,0,1.6988386284444903,101.43696783934736
13:58:16,1.698869,101.437033,0,0,0,0,0,0,0,0,155,180,forward,11217.16,-66,0,1.6988386284444903,101.43696783934736
13:58:19,1.698869,101.437033,0,0,0,0,0,0,0,0,155,180,forward,11217.16,-66,0,1.6988386284444903,101.43696783934736
13:58:21,1.698869,101.437033,0,0,0,0,0,0,0,0,155,180,forward,11217.16,-66,0,1.6988386284444903,101.43696783934736
13:58:23,1.698869,101.437033,0,0,0,0,0,0,0,0,155,180,forward,11217.16,-66,0,1.6988386284444903,101.43696783934736
13:58:25,1.698869,101.437033,0,0,0,0,0,0,0,0,155,180,forward,11217.16,-66,0,1.6988386284444903,101.43696783934736
13:58:27,1.698869,101.437033,0,0,0,0,0,0,0,0,155,180,forward,11217.16,-66,0,1.6988386284444903,101.43696783934736
13:58:29,1.698869,101.437033,0,0,0,0,0,0,0,0,155,180,forward,11217.16,-66,0,1.6988386284444903,101.43696783934736
13:58:31,1.698869,101.437033,0,0,0,0,0,0,0,0,155,180,forward,11217.16,-66,0,1.6988386284444903,101.43696783934736
13:58:33,1.698869,101.437033,0,0,0,0,0,0,0,0,155,180,forward,11217.16,-66,0,1.6988386284444903,101.43696783934736
13:58:36,1.698869,101.437033,0,0,0,0,0,0,0,0,155,180,forward,11217.16,-66,0,1.6988386284444903,101.43696783934736
13:58:38,1.698869,101.437033,0,0,0,0,0,0,0,0,155,180,forward,11217.16,-66,0,1.6988386284444903,101.43696783934736
13:58:40,1.698869,101.437033,0,0,0,0,0,0,0,0,155,180,forward,11217.16,-66,0,1.6988386284444903,101.43696783934736
13:58:42,1.698869,101.437033,0,0,0,0,0,0,0,0,155,180,forward,11217.16,-66,0,1.6988386284444903,101.43696783934736
13:58:44,1.698869,101.437033,0,0,0,0,0,0,0,0,155,180,forward,11217.16,-66,0,1.6988386284444903,101.43696783934736
13:58:46,1.698869,101.437033,0,0,0,0,0,0,0,0,155,180,forward,11217.16,-66,0,1.6988386284444903,101.43696783934736
13:58:48,1.698869,101.437033,0,0,0,0,0,0,0,0,155,180,forward,11217.16,-66,0,1.6988386284444903,101.43696783934736
13:58:50,1.698869,101.437033,0,0,0,0,0,0,0,0,155,180,forward,11217.16,-66,0,1.6988386284444903,101.43696783934736
13:58:53,1.698869,101.437033,0,0,0,0,0,0,0,0,155,180,forward,11217.16,-66,0,1.6988386284444903,101.43696783934736
13:58:55,1.698869,101.437033,0,0,0,0,0,0,0,0,155,180,forward,11217.16,-66,0,1.6988386284444903,101.43696783934736
13:58:57,1.698869,101.437033,0,0,0,0,0,0,0,0,155,180,forward,11217.16,-66,0,1.6988386284444903,101.43696783934736
13:58:59,1.698869,101.437033,0,0,0,0,0,0,0,0,155,180,forward,11217.16,-66,0,1.6988386284444903,101.43696783934736
13:59:01,1.698869,101.437033,0,0,0,0,0,0,0,0,155,180,forward,11217.16,-66,0,1.6988386284444903,101.43696783934736
13:59:03,1.698869,101.437033,0,0,0,0,0,0,0,0,155,180,forward,11217.16,-66,0,1.6988386284444903,101.43696783934736
13:59:05,1.698869,101.437033,0,0,0,0,0,0,0,0,155,180,forward,11217.16,-66,0,1.6988386284444903,101.43696783934736
13:59:07,1.698869,101.437033,0,0,0,0,0,0,0,0,155,180,forward,11217.16,-66,0,1.6988386284444903,101.43696783934736
13:59:10,1.698869,101.437033,0,0,0,0,0,0,0,0,155,180,forward,11217.16,-66,0,1.6988386284444903,101.43696783934736
13:59:12,1.698869,101.437033,0,0,0,0,0,0,0,0,155,180,forward,11217.16,-66,0,1.6988386284444903,101.43696783934736
13:59:14,1.698869,101.437033,0,0,0,0,0,0,0,0,155,180,forward,11217.16,-66,0,1.6988386284444903,101.43696783934736
13:59:16,1.698869,101.437033,0,0,0,0,0,0,0,0,155,180,forward,11217.16,-66,0,1.6988386284444903,101.43696783934736
13:59:18,1.698869,101.437033,0,0,0,0,0,0,0,0,155,180,forward,11217.16,-66,0,1.6988386284444903,101.43696783934736
13:59:20,1.698869,101.437033,0,0,0,0,0,0,0,0,155,180,forward,11217.16,-66,0,1.6988386284444903,101.43696783934736
13:59:22,1.698869,101.437033,0,0,0,0,0,0,0,0,155,180,forward,11217.16,-66,0,1.6988386284444903,101.43696783934736
13:59:24,1.698869,101.437033,0,0,0,0,0,0,0,0,155,180,forward,11217.16,-66,0,1.6988386284444903,101.43696783934736
13:59:27,1.698869,101.437033,0,0,0,0,0,0,0,0,155,180,forward,11217.16,-66,0,1.6988386284444903,101.43696783934736
13:59:29,1.698869,101.437033,0,0,0,0,0,0,0,0,155,180,forward,11217.16,-66,0,1.6988386284444903,101.43696783934736
13:59:31,1.698869,101.437033,0,0,0,0,0,0,0,0,155,180,forward,11217.16,-66,0,1.6988386284444903,101.43696783934736
13:59:33,1.698869,101.437033,0,0,0,0,0,0,0,0,155,180,forward,11217.16,-66,0,1.6988386284444903,101.43696783934736
13:59:35,1.698869,101.437033,0,0,0,0,0,0,0,0,155,180,forward,11217.16,-66,0,1.6988386284444903,101.43696783934736
13:59:37,1.698869,101.437033,0,0,0,0,0,0,0,0,155,180,forward,11217.16,-66,0,1.6988386284444903,101.43696783934736
13:59:40,1.698869,101.437033,0,0,0,0,0,0,0,0,155,180,forward,11217.16,-66,0,1.6988386284444903,101.43696783934736
13:59:42,1.698869,101.437033,0,0,0,0,0,0,0,0,155,180,forward,11217.16,-66,0,1.6988386284444903,101.43696783934736
13:59:44,1.698869,101.437033,0,0,0,0,0,0,0,0,155,180,forward,11217.16,-66,0,1.6988386284444903,101.43696783934736
13:59:46,1.698869,101.437033,0,0,0,0,0,0,0,0,155,180,forward,11217.16,-66,0,1.6988386284444903,101.43696783934736
13:59:48,1.698869,101.437033,0,0,0,0,0,0,0,0,155,180,forward,11217.16,-66,0,1.6988386284444903,101.43696783934736
13:59:51,1.698869,101.437033,0,0,0,0,0,0,0,0,155,180,forward,11217.16,-66,0,1.6988386284444903,101.43696783934736
13:59:53,1.698869,101.437033,0,0,0,0,0,0,0,0,155,180,forward,11217.16,-66,0,1.6988386284444903,101.43696783934736
13:59:55,1.698869,101.437033,0,0,0,0,0,0,0,0,155,180,forward,11217.16,-66,0,1.6988386284444903,101.43696783934736
13:59:57,1.698869,101.437033,0,0,0,0,0,0,0,0,155,180,forward,11217.16,-66,0,1.6988386284444903,101.43696783934736
13:59:59,1.698869,101.437033,0,0,0,0,0,0,0,0,155,180,forward,11217.16,-66,0,1.6988386284444903,101.43696783934736
14:00:01,1.698869,101.437033,0,0,0,0,0,0,0,0,155,180,forward,11217.16,-66,0,1.6988386284444903,101.43696783934736
14:00:03,1.698869,101.437033,0,0,0,0,0,0,0,0,155,180,forward,11217.16,-66,0,1.6988386284444903,101.43696783934736
14:00:06,1.698869,101.437033,0,0,0,0,0,0,0,0,155,180,forward,11217.16,-66,0,1.6988386284444903,101.43696783934736
14:00:08,1.698869,101.437033,0,0,0,0,0,0,0,0,155,180,forward,11217.16,-66,0,1.6988386284444903,101.43696783934736
14:00:10,1.698869,101.437033,0,0,0,0,0,0,0,0,155,180,forward,11217.16,-66,0,1.6988386284444903,101.43696783934736
14:00:12,1.698869,101.437033,0,0,0,0,0,0,0,0,155,180,forward,11217.16,-66,0,1.6988386284444903,101.43696783934736
14:00:14,1.698869,101.437033,0,0,0,0,0,0,0,0,155,180,forward,11217.16,-66,0,1.6988386284444903,101.43696783934736
14:00:16,1.698869,101.437033,0,0,0,0,0,0,0,0,155,180,forward,11217.16,-66,0,1.6988386284444903,101.43696783934736
14:00:19,1.698869,101.437033,0,0,0,0,0,0,0,0,155,180,forward,11217.16,-66,0,1.6988386284444903,101.43696783934736
14:00:21,1.698869,101.437033,0,0,0,0,0,0,0,0,155,180,forward,11217.16,-66,0,1.6988386284444903,101.43696783934736
14:00:23,1.698869,101.437033,0,0,0,0,0,0,0,0,155,180,forward,11217.16,-66,0,1.6988386284444903,101.43696783934736
14:00:25,1.698869,101.437033,0,0,0,0,0,0,0,0,155,180,forward,11217.16,-66,0,1.6988386284444903,101.43696783934736
14:00:27,1.698869,101.437033,0,0,0,0,0,0,0,0,155,180,forward,11217.16,-66,0,1.6988386284444903,101.43696783934736
14:00:29,1.698869,101.437033,0,0,0,0,0,0,0,0,155,180,forward,11217.16,-66,0,1.6988386284444903,101.43696783934736
14:00:32,1.698869,101.437033,0,0,0,0,0,0,0,0,155,180,forward,11217.16,-66,0,1.6988386284444903,101.43696783934736
14:00:34,1.698869,101.437033,0,0,0,0,0,0,0,0,155,180,forward,11217.16,-66,0,1.6988386284444903,101.43696783934736
14:00:36,1.698869,101.437033,0,0,0,0,0,0,0,0,155,180,forward,11217.16,-66,0,1.6988386284444903,101.43696783934736
14:00:38,1.698869,101.437033,0,0,0,0,0,0,0,0,155,180,forward,11217.16,-66,0,1.6988386284444903,101.43696783934736
14:00:40,1.698869,101.437033,0,0,0,0,0,0,0,0,155,180,forward,11217.16,-66,0,1.6988386284444903,101.43696783934736
14:00:42,1.698869,101.437033,0,0,0,0,0,0,0,0,155,180,forward,11217.16,-66,0,1.6988386284444903,101.43696783934736
14:00:45,1.698869,101.437033,0,0,0,0,0,0,0,0,155,180,forward,11217.16,-66,0,1.6988386284444903,101.43696783934736
14:00:47,1.698869,101.437033,0,0,0,0,0,0,0,0,155,180,forward,11217.16,-66,0,1.6988386284444903,101.43696783934736
14:00:49,1.698869,101.437033,0,0,0,0,0,0,0,0,155,180,forward,11217.16,-66,0,1.6988386284444903,101.43696783934736
14:00:51,1.698869,101.437033,0,0,0,0,0,0,0,0,155,180,forward,11217.16,-66,0,1.6988386284444903,101.43696783934736
14:00:53,1.698869,101.437033,0,0,0,0,0,0,0,0,155,180,forward,11217.16,-66,0,1.6988386284444903,101.43696783934736
14:00:55,1.698869,101.437033,0,0,0,0,0,0,0,0,155,180,forward,11217.16,-66,0,1.6988386284444903,101.43696783934736
14:00:57,1.698869,101.437033,0,0,0,0,0,0,0,0,155,180,forward,11217.16,-66,0,1.6988386284444903,101.43696783934736
14:00:59,1.698869,101.437033,0,0,0,0,0,0,0,0,155,180,forward,11217.16,-66,0,1.6988386284444903,101.43696783934736
14:01:01,1.698869,101.437033,0,0,0,0,0,0,0,0,155,180,forward,11217.16,-66,0,1.6988386284444903,101.43696783934736
14:01:03,1.698869,101.437033,0,0,0,0,0,0,0,0,155,180,forward,11217.16,-66,0,1.6988386284444903,101.43696783934736
14:01:06,1.698869,101.437033,0,0,0,0,0,0,0,0,155,180,forward,11217.16,-66,0,1.6988386284444903,101.43696783934736
14:01:08,1.698869,101.437033,0,0,0,0,0,0,0,0,155,180,forward,11217.16,-66,0,1.6988386284444903,101.43696783934736
14:01:10,1.698869,101.437033,0,0,0,0,0,0,0,0,155,180,forward,11217.16,-66,0,1.6988386284444903,101.43696783934736
14:01:12,1.698869,101.437033,0,0,0,0,0,0,0,0,155,180,forward,11217.16,-66,0,1.6988386284444903,101.43696783934736
14:01:14,1.698869,101.437033,0,0,0,0,0,0,0,0,155,180,forward,11217.16,-66,0,1.6988386284444903,101.43696783934736
14:01:17,1.698869,101.437033,0,0,0,0,0,0,0,0,155,180,forward,11217.16,-66,0,1.6988386284444903,101.43696783934736
14:01:19,1.698869,101.437033,0,0,0,0,0,0,0,0,155,180,forward,11217.16,-66,0,1.6988386284444903,101.43696783934736
14:01:21,1.698869,101.437033,0,0,0,0,0,0,0,0,155,180,forward,11217.16,-66,0,1.6988386284444903,101.43696783934736
14:01:23,1.698869,101.437033,0,0,0,0,0,0,0,0,155,180,forward,11217.16,-66,0,1.6988386284444903,101.43696783934736
14:01:25,1.698869,101.437033,0,0,0,0,0,0,0,0,155,180,forward,11217.16,-66,0,1.6988386284444903,101.43696783934736
14:01:27,1.698869,101.437033,0,0,0,0,0,0,0,0,155,180,forward,11217.16,-66,0,1.6988386284444903,101.43696783934736
14:01:29,1.698869,101.437033,0,0,0,0,0,0,0,0,155,180,forward,11217.16,-66,0,1.6988386284444903,101.43696783934736
14:01:31,1.698869,101.437033,0,0,0,0,0,0,0,0,155,180,forward,11217.16,-66,0,1.6988386284444903,101.43696783934736
14:01:33,1.698869,101.437033,0,0,0,0,0,0,0,0,155,180,forward,11217.16,-66,0,1.6988386284444903,101.43696783934736
14:01:36,1.698869,101.437033,0,0,0,0,0,0,0,0,155,180,forward,11217.16,-66,0,1.6988386284444903,101.43696783934736
14:01:38,1.698869,101.437033,0,0,0,0,0,0,0,0,155,180,forward,11217.16,-66,0,1.6988386284444903,101.43696783934736
14:01:40,1.698869,101.437033,0,0,0,0,0,0,0,0,155,180,forward,11217.16,-66,0,1.6988386284444903,101.43696783934736
14:01:42,1.698869,101.437033,0,0,0,0,0,0,0,0,155,180,forward,11217.16,-66,0,1.6988386284444903,101.43696783934736
14:01:44,1.698869,101.437033,0,0,0,0,0,0,0,0,155,180,forward,11217.16,-66,0,1.6988386284444903,101.43696783934736
14:01:46,1.698869,101.437033,0,0,0,0,0,0,0,0,155,180,forward,11217.16,-66,0,1.6988386284444903,101.43696783934736
14:01:48,1.698869,101.437033,0,0,0,0,0,0,0,0,155,180,forward,11217.16,-66,0,1.6988386284444903,101.43696783934736
14:01:51,1.698869,101.437033,0,0,0,0,0,0,0,0,155,180,forward,11217.16,-66,0,1.6988386284444903,101.43696783934736
14:01:53,1.698869,101.437033,0,0,0,0,0,0,0,0,155,180,forward,11217.16,-66,0,1.6988386284444903,101.43696783934736
14:01:55,1.698869,101.437033,0,0,0,0,0,0,0,0,155,180,forward,11217.16,-66,0,1.6988386284444903,101.43696783934736
14:01:57,1.698869,101.437033,0,0,0,0,0,0,0,0,155,180,forward,11217.16,-66,0,1.6988386284444903,101.43696783934736
14:01:59,1.698869,101.437033,0,0,0,0,0,0,0,0,155,180,forward,11217.16,-66,0,1.6988386284444903,101.43696783934736
14:02:01,1.698869,101.437033,0,0,0,0,0,0,0,0,155,180,forward,11217.16,-66,0,1.6988386284444903,101.43696783934736
14:02:04,1.698869,101.437033,0,0,0,0,0,0,0,0,155,180,forward,11217.16,-66,0,1.6988386284444903,101.43696783934736
14:02:06,1.698869,101.437033,0,0,0,0,0,0,0,0,155,180,forward,11217.16,-66,0,1.6988386284444903,101.43696783934736
14:02:08,1.698869,101.437033,0,0,0,0,0,0,0,0,155,180,forward,11217.16,-66,0,1.6988386284444903,101.43696783934736
14:02:10,1.698869,101.437033,0,0,0,0,0,0,0,0,155,180,forward,11217.16,-66,0,1.6988386284444903,101.43696783934736
14:02:12,1.698869,101.437033,0,0,0,0,0,0,0,0,155,180,forward,11217.16,-66,0,1.6988386284444903,101.43696783934736
14:02:14,1.698869,101.437033,0,0,0,0,0,0,0,0,155,180,forward,11217.16,-66,0,1.6988386284444903,101.43696783934736
14:02:17,1.698869,101.437033,0,0,0,0,0,0,0,0,155,180,forward,11217.16,-66,0,1.6988386284444903,101.43696783934736
14:02:19,1.698869,101.437033,0,0,0,0,0,0,0,0,155,180,forward,11217.16,-66,0,1.6988386284444903,101.43696783934736
14:02:21,1.698869,101.437033,0,0,0,0,0,0,0,0,155,180,forward,11217.16,-66,0,1.6988386284444903,101.43696783934736
14:02:23,1.698869,101.437033,0,0,0,0,0,0,0,0,155,180,forward,11217.16,-66,0,1.6988386284444903,101.43696783934736
14:02:25,1.698869,101.437033,0,0,0,0,0,0,0,0,155,180,forward,11217.16,-66,0,1.6988386284444903,101.43696783934736
14:02:27,1.698869,101.437033,0,0,0,0,0,0,0,0,155,180,forward,11217.16,-66,0,1.6988386284444903,101.43696783934736
14:02:30,1.698869,101.437033,0,0,0,0,0,0,0,0,155,180,forward,11217.16,-66,0,1.6988386284444903,101.43696783934736
14:02:32,1.698869,101.437033,0,0,0,0,0,0,0,0,155,180,forward,11217.16,-66,0,1.6988386284444903,101.43696783934736
14:02:34,1.698869,101.437033,0,0,0,0,0,0,0,0,155,180,forward,11217.16,-66,0,1.6988386284444903,101.43696783934736
14:02:36,1.698869,101.437033,0,0,0,0,0,0,0,0,155,180,forward,11217.16,-66,0,1.6988386284444903,101.43696783934736
14:02:38,1.698869,101.437033,0,0,0,0,0,0,0,0,155,180,forward,11217.16,-66,0,1.6988386284444903,101.43696783934736
14:02:40,1.698869,101.437033,0,0,0,0,0,0,0,0,155,180,forward,11217.16,-66,0,1.6988386284444903,101.43696783934736
14:02:43,1.698869,101.437033,0,0,0,0,0,0,0,0,155,180,forward,11217.16,-66,0,1.6988386284444903,101.43696783934736
14:02:45,1.698869,101.437033,0,0,0,0,0,0,0,0,155,180,forward,11217.16,-66,0,1.6988386284444903,101.43696783934736
14:02:47,1.698869,101.437033,0,0,0,0,0,0,0,0,155,180,forward,11217.16,-66,0,1.6988386284444903,101.43696783934736
14:02:49,1.698869,101.437033,0,0,0,0,0,0,0,0,155,180,forward,11217.16,-66,0,1.6988386284444903,101.43696783934736
14:02:51,1.698869,101.437033,0,0,0,0,0,0,0,0,155,180,forward,11217.16,-66,0,1.6988386284444903,101.43696783934736
14:02:53,1.698869,101.437033,0,0,0,0,0,0,0,0,155,180,forward,11217.16,-66,0,1.6988386284444903,101.43696783934736
14:02:56,1.698869,101.437033,0,0,0,0,0,0,0,0,155,180,forward,11217.16,-66,0,1.6988386284444903,101.43696783934736
14:04:58,1.698869,101.437033,0,0,0,0,0,0,0,0,155,180,forward,11217.16,-66,0,1.6988386284444903,101.43696783934736
14:05:00,1.698869,101.437033,0,0,0,0,0,0,0,0,155,180,forward,11217.16,-66,0,1.6988386284444903,101.43696783934736
14:05:03,1.698869,101.437033,0,0,0,0,0,0,0,0,155,180,forward,11217.16,-66,0,1.6988386284444903,101.43696783934736
14:07:37,1.698869,101.437033,0,0,0,0,0,0,0,0,155,180,forward,11217.16,-66,0,1.6988386284444903,101.43696783934736
14:07:39,1.698869,101.437033,0,0,0,0,0,0,0,0,155,180,forward,11217.16,-66,0,1.6988386284444903,101.43696783934736
14:07:41,1.698869,101.437033,0,0,0,0,0,0,0,0,155,180,forward,11217.16,-66,0,1.6988386284444903,101.43696783934736
14:07:43,1.698869,101.437033,0,0,0,0,0,0,0,0,155,180,forward,11217.16,-66,0,1.6988386284444903,101.43696783934736
14:07:45,1.698869,101.437033,0,0,0,0,0,0,0,0,155,180,forward,11217.16,-66,0,1.6988386284444903,101.43696783934736
14:07:48,1.698869,101.437033,0,0,0,0,0,0,0,0,155,180,forward,11217.16,-66,0,1.6988386284444903,101.43696783934736
14:07:50,1.698869,101.437033,0,0,0,0,0,0,0,0,155,180,forward,11217.16,-66,0,1.6988386284444903,101.43696783934736
14:07:52,1.698869,101.437033,0,0,0,0,0,0,0,0,155,180,forward,11217.16,-66,0,1.6988386284444903,101.43696783934736
14:07:54,1.698869,101.437033,0,0,0,0,0,0,0,0,155,180,forward,11217.16,-66,0,1.6988386284444903,101.43696783934736
14:07:56,1.698869,101.437033,0,0,0,0,0,0,0,0,155,180,forward,11217.16,-66,0,1.6988386284444903,101.43696783934736
14:07:58,1.698869,101.437033,0,0,0,0,0,0,0,0,155,180,forward,11217.16,-66,0,1.6988386284444903,101.43696783934736
14:08:00,1.698869,101.437033,0,0,0,0,0,0,0,0,155,180,forward,11217.16,-66,0,1.6988386284444903,101.43696783934736
14:08:03,1.698869,101.437033,0,0,0,0,0,0,0,0,155,180,forward,11217.16,-66,0,1.6988386284444903,101.43696783934736
14:08:05,1.698869,101.437033,0,0,0,0,0,0,0,0,155,180,forward,11217.16,-66,0,1.6988386284444903,101.43696783934736
14:08:07,1.698869,101.437033,0,0,0,0,0,0,0,0,155,180,forward,11217.16,-66,0,1.6988386284444903,101.43696783934736
14:08:09,1.698869,101.437033,0,0,0,0,0,0,0,0,155,180,forward,11217.16,-66,0,1.6988386284444903,101.43696783934736
14:08:11,1.698869,101.437033,0,0,0,0,0,0,0,0,155,180,forward,11217.16,-66,0,1.6988386284444903,101.43696783934736
14:08:14,1.698869,101.437033,0,0,0,0,0,0,0,0,155,180,forward,11217.16,-66,0,1.6988386284444903,101.43696783934736
14:08:16,1.698869,101.437033,0,0,0,0,0,0,0,0,155,180,forward,11217.16,-66,0,1.6988386284444903,101.43696783934736
14:08:18,1.698869,101.437033,0,0,0,0,0,0,0,0,155,180,forward,11217.16,-66,0,1.6988386284444903,101.43696783934736
14:08:20,1.698869,101.437033,0,0,0,0,0,0,0,0,155,180,forward,11217.16,-66,0,1.6988386284444903,101.43696783934736
14:08:22,1.698869,101.437033,0,0,0,0,0,0,0,0,155,180,forward,11217.16,-66,0,1.6988386284444903,101.43696783934736
14:08:24,1.698869,101.437033,0,0,0,0,0,0,0,0,155,180,forward,11217.16,-66,0,1.6988386284444903,101.43696783934736
14:08:27,1.698869,101.437033,0,0,0,0,0,0,0,0,155,180,forward,11217.16,-66,0,1.6988386284444903,101.43696783934736
14:08:29,1.698869,101.437033,0,0,0,0,0,0,0,0,155,180,forward,11217.16,-66,0,1.6988386284444903,101.43696783934736
14:08:31,1.698869,101.437033,0,0,0,0,0,0,0,0,155,180,forward,11217.16,-66,0,1.6988386284444903,101.43696783934736
14:08:33,1.698869,101.437033,0,0,0,0,0,0,0,0,155,180,forward,11217.16,-66,0,1.6988386284444903,101.43696783934736
14:08:35,1.698869,101.437033,0,0,0,0,0,0,0,0,155,180,forward,11217.16,-66,0,1.6988386284444903,101.43696783934736
14:08:37,1.698869,101.437033,0,0,0,0,0,0,0,0,155,180,forward,11217.16,-66,0,1.6988386284444903,101.43696783934736
14:08:39,1.698869,101.437033,0,0,0,0,0,0,0,0,155,180,forward,11217.16,-66,0,1.6988386284444903,101.43696783934736
14:08:42,1.698869,101.437033,0,0,0,0,0,0,0,0,155,180,forward,11217.16,-66,0,1.6988386284444903,101.43696783934736
14:08:44,1.698869,101.437033,0,0,0,0,0,0,0,0,155,180,forward,11217.16,-66,0,1.6988386284444903,101.43696783934736
14:08:46,1.698869,101.437033,0,0,0,0,0,0,0,0,155,180,forward,11217.16,-66,0,1.6988386284444903,101.43696783934736
14:08:48,1.698869,101.437033,0,0,0,0,0,0,0,0,155,180,forward,11217.16,-66,0,1.6988386284444903,101.43696783934736
14:08:50,1.698869,101.437033,0,0,0,0,0,0,0,0,155,180,forward,11217.16,-66,0,1.6988386284444903,101.43696783934736
14:08:52,1.698869,101.437033,0,0,0,0,0,0,0,0,155,180,forward,11217.16,-66,0,1.6988386284444903,101.43696783934736
14:08:54,1.698869,101.437033,0,0,0,0,0,0,0,0,155,180,forward,11217.16,-66,0,1.6988386284444903,101.43696783934736
14:08:56,1.698869,101.437033,0,0,0,0,0,0,0,0,155,180,forward,11217.16,-66,0,1.6988386284444903,101.43696783934736
14:08:59,1.698869,101.437033,0,0,0,0,0,0,0,0,155,180,forward,11217.16,-66,0,1.6988386284444903,101.43696783934736
14:09:01,1.698869,101.437033,0,0,0,0,0,0,0,0,155,180,forward,11217.16,-66,0,1.6988386284444903,101.43696783934736
14:09:03,1.698869,101.437033,0,0,0,0,0,0,0,0,155,180,forward,11217.16,-66,0,1.6988386284444903,101.43696783934736
14:09:05,1.698869,101.437033,0,0,0,0,0,0,0,0,155,180,forward,11217.16,-66,0,1.6988386284444903,101.43696783934736
14:09:07,1.698869,101.437033,0,0,0,0,0,0,0,0,155,180,forward,11217.16,-66,0,1.6988386284444903,101.43696783934736
14:09:09,1.698869,101.437033,0,0,0,0,0,0,0,0,155,180,forward,11217.16,-66,0,1.6988386284444903,101.43696783934736
14:09:11,1.698869,101.437033,0,0,0,0,0,0,0,0,155,180,forward,11217.16,-66,0,1.6988386284444903,101.43696783934736
14:09:14,1.698869,101.437033,0,0,0,0,0,0,0,0,155,180,forward,11217.16,-66,0,1.6988386284444903,101.43696783934736
14:09:16,1.698869,101.437033,0,0,0,0,0,0,0,0,155,180,forward,11217.16,-66,0,1.6988386284444903,101.43696783934736
14:09:18,1.698869,101.437033,0,0,0,0,0,0,0,0,155,180,forward,11217.16,-66,0,1.6988386284444903,101.43696783934736
14:09:20,1.698869,101.437033,0,0,0,0,0,0,0,0,155,180,forward,11217.16,-66,0,1.6988386284444903,101.43696783934736
14:09:22,1.698869,101.437033,0,0,0,0,0,0,0,0,155,180,forward,11217.16,-66,0,1.6988386284444903,101.43696783934736
14:09:25,1.698869,101.437033,0,0,0,0,0,0,0,0,155,180,forward,11217.16,-66,0,1.6988386284444903,101.43696783934736
14:09:27,1.698869,101.437033,0,0,0,0,0,0,0,0,155,180,forward,11217.16,-66,0,1.6988386284444903,101.43696783934736
14:09:29,1.698869,101.437033,0,0,0,0,0,0,0,0,155,180,forward,11217.16,-66,0,1.6988386284444903,101.43696783934736
14:09:31,1.698869,101.437033,0,0,0,0,0,0,0,0,155,180,forward,11217.16,-66,0,1.6988386284444903,101.43696783934736
14:09:33,1.698869,101.437033,0,0,0,0,0,0,0,0,155,180,forward,11217.16,-66,0,1.6988386284444903,101.43696783934736
14:09:35,1.698869,101.437033,0,0,0,0,0,0,0,0,155,180,forward,11217.16,-66,0,1.6988386284444903,101.43696783934736
14:09:37,1.698869,101.437033,0,0,0,0,0,0,0,0,155,180,forward,11217.16,-66,0,1.6988386284444903,101.43696783934736
14:09:40,1.698869,101.437033,0,0,0,0,0,0,0,0,155,180,forward,11217.16,-66,0,1.6988386284444903,101.43696783934736
14:09:42,1.698869,101.437033,0,0,0,0,0,0,0,0,155,180,forward,11217.16,-66,0,1.6988386284444903,101.43696783934736
14:09:44,1.698869,101.437033,0,0,0,0,0,0,0,0,155,180,forward,11217.16,-66,0,1.6988386284444903,101.43696783934736
14:09:46,1.698869,101.437033,0,0,0,0,0,0,0,0,155,180,forward,11217.16,-66,0,1.6988386284444903,101.43696783934736
14:09:48,1.698869,101.437033,0,0,0,0,0,0,0,0,155,180,forward,11217.16,-66,0,1.6988386284444903,101.43696783934736
14:09:51,1.698869,101.437033,0,0,0,0,0,0,0,0,155,180,forward,11217.16,-66,0,1.6988386284444903,101.43696783934736
14:09:53,1.698869,101.437033,0,0,0,0,0,0,0,0,155,180,forward,11217.16,-66,0,1.6988386284444903,101.43696783934736
14:09:55,1.698869,101.437033,0,0,0,0,0,0,0,0,155,180,forward,11217.16,-66,0,1.6988386284444903,101.43696783934736
14:09:57,1.698869,101.437033,0,0,0,0,0,0,0,0,155,180,forward,11217.16,-66,0,1.6988386284444903,101.43696783934736
14:09:59,1.698869,101.437033,0,0,0,0,0,0,0,0,155,180,forward,11217.16,-66,0,1.6988386284444903,101.43696783934736
14:10:01,1.698869,101.437033,0,0,0,0,0,0,0,0,155,180,forward,11217.16,-66,0,1.6988386284444903,101.43696783934736
14:10:04,1.698869,101.437033,0,0,0,0,0,0,0,0,155,180,forward,11217.16,-66,0,1.6988386284444903,101.43696783934736
14:10:06,1.698869,101.437033,0,0,0,0,0,0,0,0,155,180,forward,11217.16,-66,0,1.6988386284444903,101.43696783934736
14:10:08,1.698869,101.437033,0,0,0,0,0,0,0,0,155,180,forward,11217.16,-66,0,1.6988386284444903,101.43696783934736
14:10:10,1.698869,101.437033,0,0,0,0,0,0,0,0,155,180,forward,11217.16,-66,0,1.6988386284444903,101.43696783934736
14:10:12,1.698869,101.437033,0,0,0,0,0,0,0,0,155,180,forward,11217.16,-66,0,1.6988386284444903,101.43696783934736
14:10:14,1.698869,101.437033,0,0,0,0,0,0,0,0,155,180,forward,11217.16,-66,0,1.6988386284444903,101.43696783934736
14:10:16,1.698869,101.437033,0,0,0,0,0,0,0,0,155,180,forward,11217.16,-66,0,1.6988386284444903,101.43696783934736
14:10:19,1.698869,101.437033,0,0,0,0,0,0,0,0,155,180,forward,11217.16,-66,0,1.6988386284444903,101.43696783934736
14:10:21,1.698869,101.437033,0,0,0,0,0,0,0,0,155,180,forward,11217.16,-66,0,1.6988386284444903,101.43696783934736
14:10:23,1.698869,101.437033,0,0,0,0,0,0,0,0,155,180,forward,11217.16,-66,0,1.6988386284444903,101.43696783934736
14:10:25,1.698869,101.437033,0,0,0,0,0,0,0,0,155,180,forward,11217.16,-66,0,1.6988386284444903,101.43696783934736
14:10:27,1.698869,101.437033,0,0,0,0,0,0,0,0,155,180,forward,11217.16,-66,0,1.6988386284444903,101.43696783934736
14:10:29,1.698869,101.437033,0,0,0,0,0,0,0,0,155,180,forward,11217.16,-66,0,1.6988386284444903,101.43696783934736
14:10:32,1.698869,101.437033,0,0,0,0,0,0,0,0,155,180,forward,11217.16,-66,0,1.6988386284444903,101.43696783934736
14:10:34,1.698869,101.437033,0,0,0,0,0,0,0,0,155,180,forward,11217.16,-66,0,1.6988386284444903,101.43696783934736
14:10:36,1.698869,101.437033,0,0,0,0,0,0,0,0,155,180,forward,11217.16,-66,0,1.6988386284444903,101.43696783934736
14:10:38,1.698869,101.437033,0,0,0,0,0,0,0,0,155,180,forward,11217.16,-66,0,1.6988386284444903,101.43696783934736
14:10:40,1.698869,101.437033,0,0,0,0,0,0,0,0,155,180,forward,11217.16,-66,0,1.6988386284444903,101.43696783934736
14:10:43,1.698869,101.437033,0,0,0,0,0,0,0,0,155,180,forward,11217.16,-66,0,1.6988386284444903,101.43696783934736
14:10:45,1.698869,101.437033,0,0,0,0,0,0,0,0,155,180,forward,11217.16,-66,0,1.6988386284444903,101.43696783934736
14:10:47,1.698869,101.437033,0,0,0,0,0,0,0,0,155,180,forward,11217.16,-66,0,1.6988386284444903,101.43696783934736
14:10:49,1.698869,101.437033,0,0,0,0,0,0,0,0,155,180,forward,11217.16,-66,0,1.6988386284444903,101.43696783934736
14:10:51,1.698869,101.437033,0,0,0,0,0,0,0,0,155,180,forward,11217.16,-66,0,1.6988386284444903,101.43696783934736
14:10:53,1.698869,101.437033,0,0,0,0,0,0,0,0,155,180,forward,11217.16,-66,0,1.6988386284444903,101.43696783934736
14:10:55,1.698869,101.437033,0,0,0,0,0,0,0,0,155,180,forward,11217.16,-66,0,1.6988386284444903,101.43696783934736
14:10:57,1.698869,101.437033,0,0,0,0,0,0,0,0,155,180,forward,11217.16,-66,0,1.6988386284444903,101.43696783934736
14:11:00,1.698869,101.437033,0,0,0,0,0,0,0,0,155,180,forward,11217.16,-66,0,1.6988386284444903,101.43696783934736
14:11:02,1.698869,101.437033,0,0,0,0,0,0,0,0,155,180,forward,11217.16,-66,0,1.6988386284444903,101.43696783934736
14:11:04,1.698869,101.437033,0,0,0,0,0,0,0,0,155,180,forward,11217.16,-66,0,1.6988386284444903,101.43696783934736
14:11:06,1.698869,101.437033,0,0,0,0,0,0,0,0,155,180,forward,11217.16,-66,0,1.6988386284444903,101.43696783934736
14:11:08,1.698869,101.437033,0,0,0,0,0,0,0,0,155,180,forward,11217.16,-66,0,1.6988386284444903,101.43696783934736
14:11:10,1.698869,101.437033,0,0,0,0,0,0,0,0,155,180,forward,11217.16,-66,0,1.6988386284444903,101.43696783934736
14:11:12,1.698869,101.437033,0,0,0,0,0,0,0,0,155,180,forward,11217.16,-66,0,1.6988386284444903,101.43696783934736
14:11:14,1.698869,101.437033,0,0,0,0,0,0,0,0,155,180,forward,11217.16,-66,0,1.6988386284444903,101.43696783934736
14:11:16,1.698869,101.437033,0,0,0,0,0,0,0,0,155,180,forward,11217.16,-66,0,1.6988386284444903,101.43696783934736
14:11:19,1.698869,101.437033,0,0,0,0,0,0,0,0,155,180,forward,11217.16,-66,0,1.6988386284444903,101.43696783934736
14:11:21,1.698869,101.437033,0,0,0,0,0,0,0,0,155,180,forward,11217.16,-66,0,1.6988386284444903,101.43696783934736
14:11:23,1.698869,101.437033,0,0,0,0,0,0,0,0,155,180,forward,11217.16,-66,0,1.6988386284444903,101.43696783934736
14:11:25,1.698869,101.437033,0,0,0,0,0,0,0,0,155,180,forward,11217.16,-66,0,1.6988386284444903,101.43696783934736
14:11:27,1.698869,101.437033,0,0,0,0,0,0,0,0,155,180,forward,11217.16,-66,0,1.6988386284444903,101.43696783934736
14:11:30,1.698869,101.437033,0,0,0,0,0,0,0,0,155,180,forward,11217.16,-66,0,1.6988386284444903,101.43696783934736
14:11:32,1.698869,101.437033,0,0,0,0,0,0,0,0,155,180,forward,11217.16,-66,0,1.6988386284444903,101.43696783934736
14:11:34,1.698869,101.437033,0,0,0,0,0,0,0,0,155,180,forward,11217.16,-66,0,1.6988386284444903,101.43696783934736
14:11:36,1.698869,101.437033,0,0,0,0,0,0,0,0,155,180,forward,11217.16,-66,0,1.6988386284444903,101.43696783934736
14:11:38,1.698869,101.437033,0,0,0,0,0,0,0,0,155,180,forward,11217.16,-66,0,1.6988386284444903,101.43696783934736
14:11:40,1.698869,101.437033,0,0,0,0,0,0,0,0,155,180,forward,11217.16,-66,0,1.6988386284444903,101.43696783934736
14:11:43,1.698869,101.437033,0,0,0,0,0,0,0,0,155,180,forward,11217.16,-66,0,1.6988386284444903,101.43696783934736
14:11:45,1.698869,101.437033,0,0,0,0,0,0,0,0,155,180,forward,11217.16,-66,0,1.6988386284444903,101.43696783934736
14:11:47,1.698869,101.437033,0,0,0,0,0,0,0,0,155,180,forward,11217.16,-66,0,1.6988386284444903,101.43696783934736
14:11:49,1.698869,101.437033,0,0,0,0,0,0,0,0,155,180,forward,11217.16,-66,0,1.6988386284444903,101.43696783934736
14:11:51,1.698869,101.437033,0,0,0,0,0,0,0,0,155,180,forward,11217.16,-66,0,1.6988386284444903,101.43696783934736
14:11:54,1.698869,101.437033,0,0,0,0,0,0,0,0,155,180,forward,11217.16,-66,0,1.6988386284444903,101.43696783934736
14:11:56,1.698869,101.437033,0,0,0,0,0,0,0,0,155,180,forward,11217.16,-66,0,1.6988386284444903,101.43696783934736
14:11:58,1.698869,101.437033,0,0,0,0,0,0,0,0,155,180,forward,11217.16,-66,0,1.6988386284444903,101.43696783934736
14:12:00,1.698869,101.437033,0,0,0,0,0,0,0,0,155,180,forward,11217.16,-66,0,1.6988386284444903,101.43696783934736
14:12:02,1.698869,101.437033,0,0,0,0,0,0,0,0,155,180,forward,11217.16,-66,0,1.6988386284444903,101.43696783934736
14:12:04,1.698869,101.437033,0,0,0,0,0,0,0,0,155,180,forward,11217.16,-66,0,1.6988386284444903,101.43696783934736
14:12:06,1.698869,101.437033,0,0,0,0,0,0,0,0,155,180,forward,11217.16,-66,0,1.6988386284444903,101.43696783934736
14:12:08,1.698869,101.437033,0,0,0,0,0,0,0,0,155,180,forward,11217.16,-66,0,1.6988386284444903,101.43696783934736
14:12:11,1.698869,101.437033,0,0,0,0,0,0,0,0,155,180,forward,11217.16,-66,0,1.6988386284444903,101.43696783934736
14:12:13,1.698869,101.437033,0,0,0,0,0,0,0,0,155,180,forward,11217.16,-66,0,1.6988386284444903,101.43696783934736
14:12:15,1.698869,101.437033,0,0,0,0,0,0,0,0,155,180,forward,11217.16,-66,0,1.6988386284444903,101.43696783934736
14:12:17,1.698869,101.437033,0,0,0,0,0,0,0,0,155,180,forward,11217.16,-66,0,1.6988386284444903,101.43696783934736
14:12:19,1.698869,101.437033,0,0,0,0,0,0,0,0,155,180,forward,11217.16,-66,0,1.6988386284444903,101.43696783934736
14:12:22,1.698869,101.437033,0,0,0,0,0,0,0,0,155,180,forward,11217.16,-66,0,1.6988386284444903,101.43696783934736
14:12:24,1.698869,101.437033,0,0,0,0,0,0,0,0,155,180,forward,11217.16,-66,0,1.6988386284444903,101.43696783934736
14:12:26,1.698869,101.437033,0,0,0,0,0,0,0,0,155,180,forward,11217.16,-66,0,1.6988386284444903,101.43696783934736
14:12:28,1.698869,101.437033,0,0,0,0,0,0,0,0,155,180,forward,11217.16,-66,0,1.6988386284444903,101.43696783934736
14:12:30,1.698869,101.437033,0,0,0,0,0,0,0,0,155,180,forward,11217.16,-66,0,1.6988386284444903,101.43696783934736
14:12:32,1.698869,101.437033,0,0,0,0,0,0,0,0,155,180,forward,11217.16,-66,0,1.6988386284444903,101.43696783934736
14:12:35,1.698869,101.437033,0,0,0,0,0,0,0,0,155,180,forward,11217.16,-66,0,1.6988386284444903,101.43696783934736
14:12:37,1.698869,101.437033,0,0,0,0,0,0,0,0,155,180,forward,11217.16,-66,0,1.6988386284444903,101.43696783934736
14:12:39,1.698869,101.437033,0,0,0,0,0,0,0,0,155,180,forward,11217.16,-66,0,1.6988386284444903,101.43696783934736
14:12:41,1.698869,101.437033,0,0,0,0,0,0,0,0,155,180,forward,11217.16,-66,0,1.6988386284444903,101.43696783934736
14:12:43,1.698869,101.437033,0,0,0,0,0,0,0,0,155,180,forward,11217.16,-66,0,1.6988386284444903,101.43696783934736
14:12:46,1.698869,101.437033,0,0,0,0,0,0,0,0,155,180,forward,11217.16,-66,0,1.6988386284444903,101.43696783934736
14:12:48,1.698869,101.437033,0,0,0,0,0,0,0,0,155,180,forward,11217.16,-66,0,1.6988386284444903,101.43696783934736
14:12:50,1.698869,101.437033,0,0,0,0,0,0,0,0,155,180,forward,11217.16,-66,0,1.6988386284444903,101.43696783934736
14:12:52,1.698869,101.437033,0,0,0,0,0,0,0,0,155,180,forward,11217.16,-66,0,1.6988386284444903,101.43696783934736
14:12:54,1.698869,101.437033,0,0,0,0,0,0,0,0,155,180,forward,11217.16,-66,0,1.6988386284444903,101.43696783934736
14:12:57,1.698869,101.437033,0,0,0,0,0,0,0,0,155,180,forward,11217.16,-66,0,1.6988386284444903,101.43696783934736
14:12:59,1.698869,101.437033,0,0,0,0,0,0,0,0,155,180,forward,11217.16,-66,0,1.6988386284444903,101.43696783934736
14:13:01,1.698869,101.437033,0,0,0,0,0,0,0,0,155,180,forward,11217.16,-66,0,1.6988386284444903,101.43696783934736
14:13:03,1.698869,101.437033,0,0,0,0,0,0,0,0,155,180,forward,11217.16,-66,0,1.6988386284444903,101.43696783934736
14:13:05,1.698869,101.437033,0,0,0,0,0,0,0,0,155,180,forward,11217.16,-66,0,1.6988386284444903,101.43696783934736
14:13:07,1.698869,101.437033,0,0,0,0,0,0,0,0,155,180,forward,11217.16,-66,0,1.6988386284444903,101.43696783934736
14:13:09,1.698869,101.437033,0,0,0,0,0,0,0,0,155,180,forward,11217.16,-66,0,1.6988386284444903,101.43696783934736
14:13:12,1.698869,101.437033,0,0,0,0,0,0,0,0,155,180,forward,11217.16,-66,0,1.6988386284444903,101.43696783934736
14:13:14,1.698869,101.437033,0,0,0,0,0,0,0,0,155,180,forward,11217.16,-66,0,1.6988386284444903,101.43696783934736
14:13:16,1.698869,101.437033,0,0,0,0,0,0,0,0,155,180,forward,11217.16,-66,0,1.6988386284444903,101.43696783934736
14:13:18,1.698869,101.437033,0,0,0,0,0,0,0,0,155,180,forward,11217.16,-66,0,1.6988386284444903,101.43696783934736
14:13:20,1.698869,101.437033,0,0,0,0,0,0,0,0,155,180,forward,11217.16,-66,0,1.6988386284444903,101.43696783934736
14:13:22,1.698869,101.437033,0,0,0,0,0,0,0,0,155,180,forward,11217.16,-66,0,1.6988386284444903,101.43696783934736
14:13:25,1.698869,101.437033,0,0,0,0,0,0,0,0,155,180,forward,11217.16,-66,0,1.6988386284444903,101.43696783934736
14:13:27,1.698869,101.437033,0,0,0,0,0,0,0,0,155,180,forward,11217.16,-66,0,1.6988386284444903,101.43696783934736
14:13:29,1.698869,101.437033,0,0,0,0,0,0,0,0,155,180,forward,11217.16,-66,0,1.6988386284444903,101.43696783934736
14:13:31,1.698869,101.437033,0,0,0,0,0,0,0,0,155,180,forward,11217.16,-66,0,1.6988386284444903,101.43696783934736
14:13:33,1.698869,101.437033,0,0,0,0,0,0,0,0,155,180,forward,11217.16,-66,0,1.6988386284444903,101.43696783934736
14:13:35,1.698869,101.437033,0,0,0,0,0,0,0,0,155,180,forward,11217.16,-66,0,1.6988386284444903,101.43696783934736
14:13:37,1.698869,101.437033,0,0,0,0,0,0,0,0,155,180,forward,11217.16,-66,0,1.6988386284444903,101.43696783934736
14:13:40,1.698869,101.437033,0,0,0,0,0,0,0,0,155,180,forward,11217.16,-66,0,1.6988386284444903,101.43696783934736
14:13:42,1.698869,101.437033,0,0,0,0,0,0,0,0,155,180,forward,11217.16,-66,0,1.6988386284444903,101.43696783934736
14:13:44,1.698869,101.437033,0,0,0,0,0,0,0,0,155,180,forward,11217.16,-66,0,1.6988386284444903,101.43696783934736
14:13:46,1.698869,101.437033,0,0,0,0,0,0,0,0,155,180,forward,11217.16,-66,0,1.6988386284444903,101.43696783934736
14:13:48,1.698869,101.437033,0,0,0,0,0,0,0,0,155,180,forward,11217.16,-66,0,1.6988386284444903,101.43696783934736
14:13:50,1.698869,101.437033,0,0,0,0,0,0,0,0,155,180,forward,11217.16,-66,0,1.6988386284444903,101.43696783934736
14:13:52,1.698869,101.437033,0,0,0,0,0,0,0,0,155,180,forward,11217.16,-66,0,1.6988386284444903,101.43696783934736
14:13:55,1.698869,101.437033,0,0,0,0,0,0,0,0,155,180,forward,11217.16,-66,0,1.6988386284444903,101.43696783934736
14:13:57,1.698869,101.437033,0,0,0,0,0,0,0,0,155,180,forward,11217.16,-66,0,1.6988386284444903,101.43696783934736
14:13:59,1.698869,101.437033,0,0,0,0,0,0,0,0,155,180,forward,11217.16,-66,0,1.6988386284444903,101.43696783934736
14:14:01,1.698869,101.437033,0,0,0,0,0,0,0,0,155,180,forward,11217.16,-66,0,1.6988386284444903,101.43696783934736
14:14:03,1.698869,101.437033,0,0,0,0,0,0,0,0,155,180,forward,11217.16,-66,0,1.6988386284444903,101.43696783934736
14:14:05,1.698869,101.437033,0,0,0,0,0,0,0,0,155,180,forward,11217.16,-66,0,1.6988386284444903,101.43696783934736
14:14:08,1.698869,101.437033,0,0,0,0,0,0,0,0,155,180,forward,11217.16,-66,0,1.6988386284444903,101.43696783934736
14:14:10,1.698869,101.437033,0,0,0,0,0,0,0,0,155,180,forward,11217.16,-66,0,1.6988386284444903,101.43696783934736
14:14:12,1.698869,101.437033,0,0,0,0,0,0,0,0,155,180,forward,11217.16,-66,0,1.6988386284444903,101.43696783934736
14:14:14,1.698869,101.437033,0,0,0,0,0,0,0,0,155,180,forward,11217.16,-66,0,1.6988386284444903,101.43696783934736
14:14:16,1.698869,101.437033,0,0,0,0,0,0,0,0,155,180,forward,11217.16,-66,0,1.6988386284444903,101.43696783934736
14:14:18,1.698869,101.437033,0,0,0,0,0,0,0,0,155,180,forward,11217.16,-66,0,1.6988386284444903,101.43696783934736
14:14:20,1.698869,101.437033,0,0,0,0,0,0,0,0,155,180,forward,11217.16,-66,0,1.6988386284444903,101.43696783934736
14:14:22,1.698869,101.437033,0,0,0,0,0,0,0,0,155,180,forward,11217.16,-66,0,1.6988386284444903,101.43696783934736
14:14:25,1.698869,101.437033,0,0,0,0,0,0,0,0,155,180,forward,11217.16,-66,0,1.6988386284444903,101.43696783934736
14:14:27,1.698869,101.437033,0,0,0,0,0,0,0,0,155,180,forward,11217.16,-66,0,1.6988386284444903,101.43696783934736
14:14:29,1.698869,101.437033,0,0,0,0,0,0,0,0,155,180,forward,11217.16,-66,0,1.6988386284444903,101.43696783934736
14:14:31,1.698869,101.437033,0,0,0,0,0,0,0,0,155,180,forward,11217.16,-66,0,1.6988386284444903,101.43696783934736
14:14:33,1.698869,101.437033,0,0,0,0,0,0,0,0,155,180,forward,11217.16,-66,0,1.6988386284444903,101.43696783934736
14:14:35,1.698869,101.437033,0,0,0,0,0,0,0,0,155,180,forward,11217.16,-66,0,1.6988386284444903,101.43696783934736
14:14:37,1.698869,101.437033,0,0,0,0,0,0,0,0,155,180,forward,11217.16,-66,0,1.6988386284444903,101.43696783934736
14:14:39,1.698869,101.437033,0,0,0,0,0,0,0,0,155,180,forward,11217.16,-66,0,1.6988386284444903,101.43696783934736
14:14:42,1.698869,101.437033,0,0,0,0,0,0,0,0,155,180,forward,11217.16,-66,0,1.6988386284444903,101.43696783934736
14:14:44,1.698869,101.437033,0,0,0,0,0,0,0,0,155,180,forward,11217.16,-66,0,1.6988386284444903,101.43696783934736
14:14:46,1.698869,101.437033,0,0,0,0,0,0,0,0,155,180,forward,11217.16,-66,0,1.6988386284444903,101.43696783934736
14:14:48,1.698869,101.437033,0,0,0,0,0,0,0,0,155,180,forward,11217.16,-66,0,1.6988386284444903,101.43696783934736
14:14:50,1.698869,101.437033,0,0,0,0,0,0,0,0,155,180,forward,11217.16,-66,0,1.6988386284444903,101.43696783934736
14:14:52,1.698869,101.437033,0,0,0,0,0,0,0,0,155,180,forward,11217.16,-66,0,1.6988386284444903,101.43696783934736
14:14:54,1.698869,101.437033,0,0,0,0,0,0,0,0,155,180,forward,11217.16,-66,0,1.6988386284444903,101.43696783934736
14:14:57,1.698869,101.437033,0,0,0,0,0,0,0,0,155,180,forward,11217.16,-66,0,1.6988386284444903,101.43696783934736
14:14:59,1.698869,101.437033,0,0,0,0,0,0,0,0,155,180,forward,11217.16,-66,0,1.6988386284444903,101.43696783934736
14:15:01,1.698869,101.437033,0,0,0,0,0,0,0,0,155,180,forward,11217.16,-66,0,1.6988386284444903,101.43696783934736
14:15:03,1.698869,101.437033,0,0,0,0,0,0,0,0,155,180,forward,11217.16,-66,0,1.6988386284444903,101.43696783934736
14:15:05,1.698869,101.437033,0,0,0,0,0,0,0,0,155,180,forward,11217.16,-66,0,1.6988386284444903,101.43696783934736
14:15:07,1.698869,101.437033,0,0,0,0,0,0,0,0,155,180,forward,11217.16,-66,0,1.6988386284444903,101.43696783934736
14:15:09,1.698869,101.437033,0,0,0,0,0,0,0,0,155,180,forward,11217.16,-66,0,1.6988386284444903,101.43696783934736
14:15:11,1.698869,101.437033,0,0,0,0,0,0,0,0,155,180,forward,11217.16,-66,0,1.6988386284444903,101.43696783934736
14:15:14,1.698869,101.437033,0,0,0,0,0,0,0,0,155,180,forward,11217.16,-66,0,1.6988386284444903,101.43696783934736
14:15:16,1.698869,101.437033,0,0,0,0,0,0,0,0,155,180,forward,11217.16,-66,0,1.6988386284444903,101.43696783934736
14:15:18,1.698869,101.437033,0,0,0,0,0,0,0,0,155,180,forward,11217.16,-66,0,1.6988386284444903,101.43696783934736
14:15:20,1.698869,101.437033,0,0,0,0,0,0,0,0,155,180,forward,11217.16,-66,0,1.6988386284444903,101.43696783934736
14:15:22,1.698869,101.437033,0,0,0,0,0,0,0,0,155,180,forward,11217.16,-66,0,1.6988386284444903,101.43696783934736
14:15:25,1.698869,101.437033,0,0,0,0,0,0,0,0,155,180,forward,11217.16,-66,0,1.6988386284444903,101.43696783934736
14:15:27,1.698869,101.437033,0,0,0,0,0,0,0,0,155,180,forward,11217.16,-66,0,1.6988386284444903,101.43696783934736
14:15:29,1.698869,101.437033,0,0,0,0,0,0,0,0,155,180,forward,11217.16,-66,0,1.6988386284444903,101.43696783934736
14:15:31,1.698869,101.437033,0,0,0,0,0,0,0,0,155,180,forward,11217.16,-66,0,1.6988386284444903,101.43696783934736
14:15:33,1.698869,101.437033,0,0,0,0,0,0,0,0,155,180,forward,11217.16,-66,0,1.6988386284444903,101.43696783934736
14:15:36,1.698869,101.437033,0,0,0,0,0,0,0,0,155,180,forward,11217.16,-66,0,1.6988386284444903,101.43696783934736
14:15:38,1.698869,101.437033,0,0,0,0,0,0,0,0,155,180,forward,11217.16,-66,0,1.6988386284444903,101.43696783934736
14:15:40,1.698869,101.437033,0,0,0,0,0,0,0,0,155,180,forward,11217.16,-66,0,1.6988386284444903,101.43696783934736
14:15:42,1.698869,101.437033,0,0,0,0,0,0,0,0,155,180,forward,11217.16,-66,0,1.6988386284444903,101.43696783934736
14:15:44,1.698869,101.437033,0,0,0,0,0,0,0,0,155,180,forward,11217.16,-66,0,1.6988386284444903,101.43696783934736
14:15:47,1.698869,101.437033,0,0,0,0,0,0,0,0,155,180,forward,11217.16,-66,0,1.6988386284444903,101.43696783934736
14:15:49,1.698869,101.437033,0,0,0,0,0,0,0,0,155,180,forward,11217.16,-66,0,1.6988386284444903,101.43696783934736
14:15:51,1.698869,101.437033,0,0,0,0,0,0,0,0,155,180,forward,11217.16,-66,0,1.6988386284444903,101.43696783934736
14:15:53,1.698869,101.437033,0,0,0,0,0,0,0,0,155,180,forward,11217.16,-66,0,1.6988386284444903,101.43696783934736
14:15:55,1.698869,101.437033,0,0,0,0,0,0,0,0,155,180,forward,11217.16,-66,0,1.6988386284444903,101.43696783934736
14:15:57,1.698869,101.437033,0,0,0,0,0,0,0,0,155,180,forward,11217.16,-66,0,1.6988386284444903,101.43696783934736
14:15:59,1.698869,101.437033,0,0,0,0,0,0,0,0,155,180,forward,11217.16,-66,0,1.6988386284444903,101.43696783934736
14:16:01,1.698869,101.437033,0,0,0,0,0,0,0,0,155,180,forward,11217.16,-66,0,1.6988386284444903,101.43696783934736
14:16:03,1.698869,101.437033,0,0,0,0,0,0,0,0,155,180,forward,11217.16,-66,0,1.6988386284444903,101.43696783934736
14:16:06,1.698869,101.437033,0,0,0,0,0,0,0,0,155,180,forward,11217.16,-66,0,1.6988386284444903,101.43696783934736
14:16:08,1.698869,101.437033,0,0,0,0,0,0,0,0,155,180,forward,11217.16,-66,0,1.6988386284444903,101.43696783934736
14:16:10,1.698869,101.437033,0,0,0,0,0,0,0,0,155,180,forward,11217.16,-66,0,1.6988386284444903,101.43696783934736
14:16:12,1.698869,101.437033,0,0,0,0,0,0,0,0,155,180,forward,11217.16,-66,0,1.6988386284444903,101.43696783934736
14:16:14,1.698869,101.437033,0,0,0,0,0,0,0,0,155,180,forward,11217.16,-66,0,1.6988386284444903,101.43696783934736
14:16:17,1.698869,101.437033,0,0,0,0,0,0,0,0,155,180,forward,11217.16,-66,0,1.6988386284444903,101.43696783934736
14:16:19,1.698869,101.437033,0,0,0,0,0,0,0,0,155,180,forward,11217.16,-66,0,1.6988386284444903,101.43696783934736
14:16:21,1.698869,101.437033,0,0,0,0,0,0,0,0,155,180,forward,11217.16,-66,0,1.6988386284444903,101.43696783934736
14:16:23,1.698869,101.437033,0,0,0,0,0,0,0,0,155,180,forward,11217.16,-66,0,1.6988386284444903,101.43696783934736
14:16:25,1.698869,101.437033,0,0,0,0,0,0,0,0,155,180,forward,11217.16,-66,0,1.6988386284444903,101.43696783934736
14:16:27,1.698869,101.437033,0,0,0,0,0,0,0,0,155,180,forward,11217.16,-66,0,1.6988386284444903,101.43696783934736
14:16:29,1.698869,101.437033,0,0,0,0,0,0,0,0,155,180,forward,11217.16,-66,0,1.6988386284444903,101.43696783934736
14:16:31,1.698869,101.437033,0,0,0,0,0,0,0,0,155,180,forward,11217.16,-66,0,1.6988386284444903,101.43696783934736
14:16:34,1.698869,101.437033,0,0,0,0,0,0,0,0,155,180,forward,11217.16,-66,0,1.6988386284444903,101.43696783934736
14:16:36,1.698869,101.437033,0,0,0,0,0,0,0,0,155,180,forward,11217.16,-66,0,1.6988386284444903,101.43696783934736
14:16:38,1.698869,101.437033,0,0,0,0,0,0,0,0,155,180,forward,11217.16,-66,0,1.6988386284444903,101.43696783934736
14:16:40,1.698869,101.437033,0,0,0,0,0,0,0,0,155,180,forward,11217.16,-66,0,1.6988386284444903,101.43696783934736
14:16:42,1.698869,101.437033,0,0,0,0,0,0,0,0,155,180,forward,11217.16,-66,0,1.6988386284444903,101.43696783934736
14:16:45,1.698869,101.437033,0,0,0,0,0,0,0,0,155,180,forward,11217.16,-66,0,1.6988386284444903,101.43696783934736
14:16:47,1.698869,101.437033,0,0,0,0,0,0,0,0,155,180,forward,11217.16,-66,0,1.6988386284444903,101.43696783934736
14:16:49,1.698869,101.437033,0,0,0,0,0,0,0,0,155,180,forward,11217.16,-66,0,1.6988386284444903,101.43696783934736
14:16:51,1.698869,101.437033,0,0,0,0,0,0,0,0,155,180,forward,11217.16,-66,0,1.6988386284444903,101.43696783934736
14:16:53,1.698869,101.437033,0,0,0,0,0,0,0,0,155,180,forward,11217.16,-66,0,1.6988386284444903,101.43696783934736
14:16:55,1.698869,101.437033,0,0,0,0,0,0,0,0,155,180,forward,11217.16,-66,0,1.6988386284444903,101.43696783934736
14:16:57,1.698869,101.437033,0,0,0,0,0,0,0,0,155,180,forward,11217.16,-66,0,1.6988386284444903,101.43696783934736
14:16:59,1.698869,101.437033,0,0,0,0,0,0,0,0,155,180,forward,11217.16,-66,0,1.6988386284444903,101.43696783934736
14:17:01,1.698869,101.437033,0,0,0,0,0,0,0,0,155,180,forward,11217.16,-66,0,1.6988386284444903,101.43696783934736
14:17:04,1.698869,101.437033,0,0,0,0,0,0,0,0,155,180,forward,11217.16,-66,0,1.6988386284444903,101.43696783934736
14:17:06,1.698869,101.437033,0,0,0,0,0,0,0,0,155,180,forward,11217.16,-66,0,1.6988386284444903,101.43696783934736
14:17:08,1.698869,101.437033,0,0,0,0,0,0,0,0,155,180,forward,11217.16,-66,0,1.6988386284444903,101.43696783934736
14:17:10,1.698869,101.437033,0,0,0,0,0,0,0,0,155,180,forward,11217.16,-66,0,1.6988386284444903,101.43696783934736
14:17:12,1.698869,101.437033,0,0,0,0,0,0,0,0,155,180,forward,11217.16,-66,0,1.6988386284444903,101.43696783934736
14:17:14,1.698869,101.437033,0,0,0,0,0,0,0,0,155,180,forward,11217.16,-66,0,1.6988386284444903,101.43696783934736
14:17:16,1.698869,101.437033,0,0,0,0,0,0,0,0,155,180,forward,11217.16,-66,0,1.6988386284444903,101.43696783934736
14:17:18,1.698869,101.437033,0,0,0,0,0,0,0,0,155,180,forward,11217.16,-66,0,1.6988386284444903,101.43696783934736
14:17:21,1.698869,101.437033,0,0,0,0,0,0,0,0,155,180,forward,11217.16,-66,0,1.6988386284444903,101.43696783934736
14:17:23,1.698869,101.437033,0,0,0,0,0,0,0,0,155,180,forward,11217.16,-66,0,1.6988386284444903,101.43696783934736
14:17:25,1.698869,101.437033,0,0,0,0,0,0,0,0,155,180,forward,11217.16,-66,0,1.6988386284444903,101.43696783934736
14:17:27,1.698869,101.437033,0,0,0,0,0,0,0,0,155,180,forward,11217.16,-66,0,1.6988386284444903,101.43696783934736
14:17:29,1.698869,101.437033,0,0,0,0,0,0,0,0,155,180,forward,11217.16,-66,0,1.6988386284444903,101.43696783934736
14:17:31,1.698869,101.437033,0,0,0,0,0,0,0,0,155,180,forward,11217.16,-66,0,1.6988386284444903,101.43696783934736
14:17:34,1.698869,101.437033,0,0,0,0,0,0,0,0,155,180,forward,11217.16,-66,0,1.6988386284444903,101.43696783934736
14:17:36,1.698869,101.437033,0,0,0,0,0,0,0,0,155,180,forward,11217.16,-66,0,1.6988386284444903,101.43696783934736
14:17:38,1.698869,101.437033,0,0,0,0,0,0,0,0,155,180,forward,11217.16,-66,0,1.6988386284444903,101.43696783934736
14:17:40,1.698869,101.437033,0,0,0,0,0,0,0,0,155,180,forward,11217.16,-66,0,1.6988386284444903,101.43696783934736
14:17:42,1.698869,101.437033,0,0,0,0,0,0,0,0,155,180,forward,11217.16,-66,0,1.6988386284444903,101.43696783934736
14:17:45,1.698869,101.437033,0,0,0,0,0,0,0,0,155,180,forward,11217.16,-66,0,1.6988386284444903,101.43696783934736
14:17:47,1.698869,101.437033,0,0,0,0,0,0,0,0,155,180,forward,11217.16,-66,0,1.6988386284444903,101.43696783934736
14:17:49,1.698869,101.437033,0,0,0,0,0,0,0,0,155,180,forward,11217.16,-66,0,1.6988386284444903,101.43696783934736
14:17:51,1.698869,101.437033,0,0,0,0,0,0,0,0,155,180,forward,11217.16,-66,0,1.6988386284444903,101.43696783934736
14:17:53,1.698869,101.437033,0,0,0,0,0,0,0,0,155,180,forward,11217.16,-66,0,1.6988386284444903,101.43696783934736
14:17:55,1.698869,101.437033,0,0,0,0,0,0,0,0,155,180,forward,11217.16,-66,0,1.6988386284444903,101.43696783934736
14:17:58,1.698869,101.437033,0,0,0,0,0,0,0,0,155,180,forward,11217.16,-66,0,1.6988386284444903,101.43696783934736
14:18:00,1.698869,101.437033,0,0,0,0,0,0,0,0,155,180,forward,11217.16,-66,0,1.6988386284444903,101.43696783934736
14:18:02,1.698869,101.437033,0,0,0,0,0,0,0,0,155,180,forward,11217.16,-66,0,1.6988386284444903,101.43696783934736
14:18:04,1.698869,101.437033,0,0,0,0,0,0,0,0,155,180,forward,11217.16,-66,0,1.6988386284444903,101.43696783934736
14:18:06,1.698869,101.437033,0,0,0,0,0,0,0,0,155,180,forward,11217.16,-66,0,1.6988386284444903,101.43696783934736
14:18:08,1.698869,101.437033,0,0,0,0,0,0,0,0,155,180,forward,11217.16,-66,0,1.6988386284444903,101.43696783934736
14:18:10,1.698869,101.437033,0,0,0,0,0,0,0,0,155,180,forward,11217.16,-66,0,1.6988386284444903,101.43696783934736
14:18:12,1.698869,101.437033,0,0,0,0,0,0,0,0,155,180,forward,11217.16,-66,0,1.6988386284444903,101.43696783934736
14:18:15,1.698869,101.437033,0,0,0,0,0,0,0,0,155,180,forward,11217.16,-66,0,1.6988386284444903,101.43696783934736
14:18:17,1.698869,101.437033,0,0,0,0,0,0,0,0,155,180,forward,11217.16,-66,0,1.6988386284444903,101.43696783934736
14:18:19,1.698869,101.437033,0,0,0,0,0,0,0,0,155,180,forward,11217.16,-66,0,1.6988386284444903,101.43696783934736
14:18:21,1.698869,101.437033,0,0,0,0,0,0,0,0,155,180,forward,11217.16,-66,0,1.6988386284444903,101.43696783934736
14:18:23,1.698869,101.437033,0,0,0,0,0,0,0,0,155,180,forward,11217.16,-66,0,1.6988386284444903,101.43696783934736
14:18:25,1.698869,101.437033,0,0,0,0,0,0,0,0,155,180,forward,11217.16,-66,0,1.6988386284444903,101.43696783934736
14:18:28,1.698869,101.437033,0,0,0,0,0,0,0,0,155,180,forward,11217.16,-66,0,1.6988386284444903,101.43696783934736
14:18:30,1.698869,101.437033,0,0,0,0,0,0,0,0,155,180,forward,11217.16,-66,0,1.6988386284444903,101.43696783934736
14:18:32,1.698869,101.437033,0,0,0,0,0,0,0,0,155,180,forward,11217.16,-66,0,1.6988386284444903,101.43696783934736
14:18:34,1.698869,101.437033,0,0,0,0,0,0,0,0,155,180,forward,11217.16,-66,0,1.6988386284444903,101.43696783934736
14:18:36,1.698869,101.437033,0,0,0,0,0,0,0,0,155,180,forward,11217.16,-66,0,1.6988386284444903,101.43696783934736
14:18:38,1.698869,101.437033,0,0,0,0,0,0,0,0,155,180,forward,11217.16,-66,0,1.6988386284444903,101.43696783934736
14:18:40,1.698869,101.437033,0,0,0,0,0,0,0,0,155,180,forward,11217.16,-66,0,1.6988386284444903,101.43696783934736
14:18:42,1.698869,101.437033,0,0,0,0,0,0,0,0,155,180,forward,11217.16,-66,0,1.6988386284444903,101.43696783934736
14:18:45,1.698869,101.437033,0,0,0,0,0,0,0,0,155,180,forward,11217.16,-66,0,1.6988386284444903,101.43696783934736
14:18:47,1.698869,101.437033,0,0,0,0,0,0,0,0,155,180,forward,11217.16,-66,0,1.6988386284444903,101.43696783934736
14:18:49,1.698869,101.437033,0,0,0,0,0,0,0,0,155,180,forward,11217.16,-66,0,1.6988386284444903,101.43696783934736
14:18:51,1.698869,101.437033,0,0,0,0,0,0,0,0,155,180,forward,11217.16,-66,0,1.6988386284444903,101.43696783934736
14:18:53,1.698869,101.437033,0,0,0,0,0,0,0,0,155,180,forward,11217.16,-66,0,1.6988386284444903,101.43696783934736
14:18:56,1.698869,101.437033,0,0,0,0,0,0,0,0,155,180,forward,11217.16,-66,0,1.6988386284444903,101.43696783934736
14:18:58,1.698869,101.437033,0,0,0,0,0,0,0,0,155,180,forward,11217.16,-66,0,1.6988386284444903,101.43696783934736
14:19:00,1.698869,101.437033,0,0,0,0,0,0,0,0,155,180,forward,11217.16,-66,0,1.6988386284444903,101.43696783934736
14:19:02,1.698869,101.437033,0,0,0,0,0,0,0,0,155,180,forward,11217.16,-66,0,1.6988386284444903,101.43696783934736
14:19:04,1.698869,101.437033,0,0,0,0,0,0,0,0,155,180,forward,11217.16,-66,0,1.6988386284444903,101.43696783934736
14:19:06,1.698869,101.437033,0,0,0,0,0,0,0,0,155,180,forward,11217.16,-66,0,1.6988386284444903,101.43696783934736
14:19:09,1.698869,101.437033,0,0,0,0,0,0,0,0,155,180,forward,11217.16,-66,0,1.6988386284444903,101.43696783934736
14:19:11,1.698869,101.437033,0,0,0,0,0,0,0,0,155,180,forward,11217.16,-66,0,1.6988386284444903,101.43696783934736
14:19:13,1.698869,101.437033,0,0,0,0,0,0,0,0,155,180,forward,11217.16,-66,0,1.6988386284444903,101.43696783934736
14:19:15,1.698869,101.437033,0,0,0,0,0,0,0,0,155,180,forward,11217.16,-66,0,1.6988386284444903,101.43696783934736
14:19:17,1.698869,101.437033,0,0,0,0,0,0,0,0,155,180,forward,11217.16,-66,0,1.6988386284444903,101.43696783934736
14:19:20,1.698869,101.437033,0,0,0,0,0,0,0,0,155,180,forward,11217.16,-66,0,1.6988386284444903,101.43696783934736
14:19:22,1.698869,101.437033,0,0,0,0,0,0,0,0,155,180,forward,11217.16,-66,0,1.6988386284444903,101.43696783934736
14:19:24,1.698869,101.437033,0,0,0,0,0,0,0,0,155,180,forward,11217.16,-66,0,1.6988386284444903,101.43696783934736
14:19:26,1.698869,101.437033,0,0,0,0,0,0,0,0,155,180,forward,11217.16,-66,0,1.6988386284444903,101.43696783934736
14:19:28,1.698869,101.437033,0,0,0,0,0,0,0,0,155,180,forward,11217.16,-66,0,1.6988386284444903,101.43696783934736
14:19:30,1.698869,101.437033,0,0,0,0,0,0,0,0,155,180,forward,11217.16,-66,0,1.6988386284444903,101.43696783934736
14:19:33,1.698869,101.437033,0,0,0,0,0,0,0,0,155,180,forward,11217.16,-66,0,1.6988386284444903,101.43696783934736
14:19:35,1.698869,101.437033,0,0,0,0,0,0,0,0,155,180,forward,11217.16,-66,0,1.6988386284444903,101.43696783934736
14:19:37,1.698869,101.437033,0,0,0,0,0,0,0,0,155,180,forward,11217.16,-66,0,1.6988386284444903,101.43696783934736
14:19:39,1.698869,101.437033,0,0,0,0,0,0,0,0,155,180,forward,11217.16,-66,0,1.6988386284444903,101.43696783934736
14:19:41,1.698869,101.437033,0,0,0,0,0,0,0,0,155,180,forward,11217.16,-66,0,1.6988386284444903,101.43696783934736
14:19:43,1.698869,101.437033,0,0,0,0,0,0,0,0,155,180,forward,11217.16,-66,0,1.6988386284444903,101.43696783934736
14:19:46,1.698869,101.437033,0,0,0,0,0,0,0,0,155,180,forward,11217.16,-66,0,1.6988386284444903,101.43696783934736
14:19:48,1.698869,101.437033,0,0,0,0,0,0,0,0,155,180,forward,11217.16,-66,0,1.6988386284444903,101.43696783934736
14:19:50,1.698869,101.437033,0,0,0,0,0,0,0,0,155,180,forward,11217.16,-66,0,1.6988386284444903,101.43696783934736
14:19:52,1.698869,101.437033,0,0,0,0,0,0,0,0,155,180,forward,11217.16,-66,0,1.6988386284444903,101.43696783934736
14:19:54,1.698869,101.437033,0,0,0,0,0,0,0,0,155,180,forward,11217.16,-66,0,1.6988386284444903,101.43696783934736
14:19:56,1.698869,101.437033,0,0,0,0,0,0,0,0,155,180,forward,11217.16,-66,0,1.6988386284444903,101.43696783934736
14:19:58,1.698869,101.437033,0,0,0,0,0,0,0,0,155,180,forward,11217.16,-66,0,1.6988386284444903,101.43696783934736
14:20:01,1.698869,101.437033,0,0,0,0,0,0,0,0,155,180,forward,11217.16,-66,0,1.6988386284444903,101.43696783934736
14:20:03,1.698869,101.437033,0,0,0,0,0,0,0,0,155,180,forward,11217.16,-66,0,1.6988386284444903,101.43696783934736
14:20:05,1.698869,101.437033,0,0,0,0,0,0,0,0,155,180,forward,11217.16,-66,0,1.6988386284444903,101.43696783934736
14:20:07,1.698869,101.437033,0,0,0,0,0,0,0,0,155,180,forward,11217.16,-66,0,1.6988386284444903,101.43696783934736
14:20:09,1.698869,101.437033,0,0,0,0,0,0,0,0,155,180,forward,11217.16,-66,0,1.6988386284444903,101.43696783934736
14:20:12,1.698869,101.437033,0,0,0,0,0,0,0,0,155,180,forward,11217.16,-66,0,1.6988386284444903,101.43696783934736
14:20:14,1.698869,101.437033,0,0,0,0,0,0,0,0,155,180,forward,11217.16,-66,0,1.6988386284444903,101.43696783934736
14:20:16,1.698869,101.437033,0,0,0,0,0,0,0,0,155,180,forward,11217.16,-66,0,1.6988386284444903,101.43696783934736
14:20:18,1.698869,101.437033,0,0,0,0,0,0,0,0,155,180,forward,11217.16,-66,0,1.6988386284444903,101.43696783934736
14:20:20,1.698869,101.437033,0,0,0,0,0,0,0,0,155,180,forward,11217.16,-66,0,1.6988386284444903,101.43696783934736
14:20:22,1.698869,101.437033,0,0,0,0,0,0,0,0,155,180,forward,11217.16,-66,0,1.6988386284444903,101.43696783934736
14:20:24,1.698869,101.437033,0,0,0,0,0,0,0,0,155,180,forward,11217.16,-66,0,1.6988386284444903,101.43696783934736
14:20:27,1.698869,101.437033,0,0,0,0,0,0,0,0,155,180,forward,11217.16,-66,0,1.6988386284444903,101.43696783934736
14:20:29,1.698869,101.437033,0,0,0,0,0,0,0,0,155,180,forward,11217.16,-66,0,1.6988386284444903,101.43696783934736
14:20:31,1.698869,101.437033,0,0,0,0,0,0,0,0,155,180,forward,11217.16,-66,0,1.6988386284444903,101.43696783934736
14:20:33,1.698869,101.437033,0,0,0,0,0,0,0,0,155,180,forward,11217.16,-66,0,1.6988386284444903,101.43696783934736
14:20:35,1.698869,101.437033,0,0,0,0,0,0,0,0,155,180,forward,11217.16,-66,0,1.6988386284444903,101.43696783934736
14:20:37,1.698869,101.437033,0,0,0,0,0,0,0,0,155,180,forward,11217.16,-66,0,1.6988386284444903,101.43696783934736
14:20:40,1.698869,101.437033,0,0,0,0,0,0,0,0,155,180,forward,11217.16,-66,0,1.6988386284444903,101.43696783934736
14:20:42,1.698869,101.437033,0,0,0,0,0,0,0,0,155,180,forward,11217.16,-66,0,1.6988386284444903,101.43696783934736
14:20:44,1.698869,101.437033,0,0,0,0,0,0,0,0,155,180,forward,11217.16,-66,0,1.6988386284444903,101.43696783934736
14:20:46,1.698869,101.437033,0,0,0,0,0,0,0,0,155,180,forward,11217.16,-66,0,1.6988386284444903,101.43696783934736
14:20:48,1.698869,101.437033,0,0,0,0,0,0,0,0,155,180,forward,11217.16,-66,0,1.6988386284444903,101.43696783934736
14:20:50,1.698869,101.437033,0,0,0,0,0,0,0,0,155,180,forward,11217.16,-66,0,1.6988386284444903,101.43696783934736
14:20:53,1.698869,101.437033,0,0,0,0,0,0,0,0,155,180,forward,11217.16,-66,0,1.6988386284444903,101.43696783934736
14:20:55,1.698869,101.437033,0,0,0,0,0,0,0,0,155,180,forward,11217.16,-66,0,1.6988386284444903,101.43696783934736
14:20:57,1.698869,101.437033,0,0,0,0,0,0,0,0,155,180,forward,11217.16,-66,0,1.6988386284444903,101.43696783934736
14:20:59,1.698869,101.437033,0,0,0,0,0,0,0,0,155,180,forward,11217.16,-66,0,1.6988386284444903,101.43696783934736
14:21:01,1.698869,101.437033,0,0,0,0,0,0,0,0,155,180,forward,11217.16,-66,0,1.6988386284444903,101.43696783934736
14:21:03,1.698869,101.437033,0,0,0,0,0,0,0,0,155,180,forward,11217.16,-66,0,1.6988386284444903,101.43696783934736
14:21:05,1.698869,101.437033,0,0,0,0,0,0,0,0,155,180,forward,11217.16,-66,0,1.6988386284444903,101.43696783934736
14:21:08,1.698869,101.437033,0,0,0,0,0,0,0,0,155,180,forward,11217.16,-66,0,1.6988386284444903,101.43696783934736
14:21:10,1.698869,101.437033,0,0,0,0,0,0,0,0,155,180,forward,11217.16,-66,0,1.6988386284444903,101.43696783934736
14:21:12,1.698869,101.437033,0,0,0,0,0,0,0,0,155,180,forward,11217.16,-66,0,1.6988386284444903,101.43696783934736
14:21:14,1.698869,101.437033,0,0,0,0,0,0,0,0,155,180,forward,11217.16,-66,0,1.6988386284444903,101.43696783934736
14:21:16,1.698869,101.437033,0,0,0,0,0,0,0,0,155,180,forward,11217.16,-66,0,1.6988386284444903,101.43696783934736
14:21:18,1.698869,101.437033,0,0,0,0,0,0,0,0,155,180,forward,11217.16,-66,0,1.6988386284444903,101.43696783934736
14:21:20,1.698869,101.437033,0,0,0,0,0,0,0,0,155,180,forward,11217.16,-66,0,1.6988386284444903,101.43696783934736
14:21:23,1.698869,101.437033,0,0,0,0,0,0,0,0,155,180,forward,11217.16,-66,0,1.6988386284444903,101.43696783934736
14:21:25,1.698869,101.437033,0,0,0,0,0,0,0,0,155,180,forward,11217.16,-66,0,1.6988386284444903,101.43696783934736
14:21:27,1.698869,101.437033,0,0,0,0,0,0,0,0,155,180,forward,11217.16,-66,0,1.6988386284444903,101.43696783934736
14:21:29,1.698869,101.437033,0,0,0,0,0,0,0,0,155,180,forward,11217.16,-66,0,1.6988386284444903,101.43696783934736
14:21:31,1.698869,101.437033,0,0,0,0,0,0,0,0,155,180,forward,11217.16,-66,0,1.6988386284444903,101.43696783934736
14:21:34,1.698869,101.437033,0,0,0,0,0,0,0,0,155,180,forward,11217.16,-66,0,1.6988386284444903,101.43696783934736
14:21:36,1.698869,101.437033,0,0,0,0,0,0,0,0,155,180,forward,11217.16,-66,0,1.6988386284444903,101.43696783934736
14:21:38,1.698869,101.437033,0,0,0,0,0,0,0,0,155,180,forward,11217.16,-66,0,1.6988386284444903,101.43696783934736
14:21:40,1.698869,101.437033,0,0,0,0,0,0,0,0,155,180,forward,11217.16,-66,0,1.6988386284444903,101.43696783934736
14:21:42,1.698869,101.437033,0,0,0,0,0,0,0,0,155,180,forward,11217.16,-66,0,1.6988386284444903,101.43696783934736
14:21:44,1.698869,101.437033,0,0,0,0,0,0,0,0,155,180,forward,11217.16,-66,0,1.6988386284444903,101.43696783934736
14:21:46,1.698869,101.437033,0,0,0,0,0,0,0,0,155,180,forward,11217.16,-66,0,1.6988386284444903,101.43696783934736
14:21:49,1.698869,101.437033,0,0,0,0,0,0,0,0,155,180,forward,11217.16,-66,0,1.6988386284444903,101.43696783934736
14:21:51,1.698869,101.437033,0,0,0,0,0,0,0,0,155,180,forward,11217.16,-66,0,1.6988386284444903,101.43696783934736
14:21:53,1.698869,101.437033,0,0,0,0,0,0,0,0,155,180,forward,11217.16,-66,0,1.6988386284444903,101.43696783934736
14:21:55,1.698869,101.437033,0,0,0,0,0,0,0,0,155,180,forward,11217.16,-66,0,1.6988386284444903,101.43696783934736
14:21:57,1.698869,101.437033,0,0,0,0,0,0,0,0,155,180,forward,11217.16,-66,0,1.6988386284444903,101.43696783934736
14:22:00,1.698869,101.437033,0,0,0,0,0,0,0,0,155,180,forward,11217.16,-66,0,1.6988386284444903,101.43696783934736
14:22:02,1.698869,101.437033,0,0,0,0,0,0,0,0,155,180,forward,11217.16,-66,0,1.6988386284444903,101.43696783934736
14:22:04,1.698869,101.437033,0,0,0,0,0,0,0,0,155,180,forward,11217.16,-66,0,1.6988386284444903,101.43696783934736
14:22:06,1.698869,101.437033,0,0,0,0,0,0,0,0,155,180,forward,11217.16,-66,0,1.6988386284444903,101.43696783934736
14:22:08,1.698869,101.437033,0,0,0,0,0,0,0,0,155,180,forward,11217.16,-66,0,1.6988386284444903,101.43696783934736
14:22:10,1.698869,101.437033,0,0,0,0,0,0,0,0,155,180,forward,11217.16,-66,0,1.6988386284444903,101.43696783934736
14:22:12,1.698869,101.437033,0,0,0,0,0,0,0,0,155,180,forward,11217.16,-66,0,1.6988386284444903,101.43696783934736
14:22:14,1.698869,101.437033,0,0,0,0,0,0,0,0,155,180,forward,11217.16,-66,0,1.6988386284444903,101.43696783934736
14:22:17,1.698869,101.437033,0,0,0,0,0,0,0,0,155,180,forward,11217.16,-66,0,1.6988386284444903,101.43696783934736
14:22:19,1.698869,101.437033,0,0,0,0,0,0,0,0,155,180,forward,11217.16,-66,0,1.6988386284444903,101.43696783934736
14:22:21,1.698869,101.437033,0,0,0,0,0,0,0,0,155,180,forward,11217.16,-66,0,1.6988386284444903,101.43696783934736
14:22:23,1.698869,101.437033,0,0,0,0,0,0,0,0,155,180,forward,11217.16,-66,0,1.6988386284444903,101.43696783934736
14:22:25,1.698869,101.437033,0,0,0,0,0,0,0,0,155,180,forward,11217.16,-66,0,1.6988386284444903,101.43696783934736
14:22:27,1.698869,101.437033,0,0,0,0,0,0,0,0,155,180,forward,11217.16,-66,0,1.6988386284444903,101.43696783934736
14:22:30,1.698869,101.437033,0,0,0,0,0,0,0,0,155,180,forward,11217.16,-66,0,1.6988386284444903,101.43696783934736
14:22:32,1.698869,101.437033,0,0,0,0,0,0,0,0,155,180,forward,11217.16,-66,0,1.6988386284444903,101.43696783934736
14:22:34,1.698869,101.437033,0,0,0,0,0,0,0,0,155,180,forward,11217.16,-66,0,1.6988386284444903,101.43696783934736
14:22:36,1.698869,101.437033,0,0,0,0,0,0,0,0,155,180,forward,11217.16,-66,0,1.6988386284444903,101.43696783934736
14:22:38,1.698869,101.437033,0,0,0,0,0,0,0,0,155,180,forward,11217.16,-66,0,1.6988386284444903,101.43696783934736
14:22:41,1.698869,101.437033,0,0,0,0,0,0,0,0,155,180,forward,11217.16,-66,0,1.6988386284444903,101.43696783934736
14:22:43,1.698869,101.437033,0,0,0,0,0,0,0,0,155,180,forward,11217.16,-66,0,1.6988386284444903,101.43696783934736
14:22:45,1.698869,101.437033,0,0,0,0,0,0,0,0,155,180,forward,11217.16,-66,0,1.6988386284444903,101.43696783934736
14:22:47,1.698869,101.437033,0,0,0,0,0,0,0,0,155,180,forward,11217.16,-66,0,1.6988386284444903,101.43696783934736
14:22:49,1.698869,101.437033,0,0,0,0,0,0,0,0,155,180,forward,11217.16,-66,0,1.6988386284444903,101.43696783934736
14:22:51,1.698869,101.437033,0,0,0,0,0,0,0,0,155,180,forward,11217.16,-66,0,1.6988386284444903,101.43696783934736
14:22:54,1.698869,101.437033,0,0,0,0,0,0,0,0,155,180,forward,11217.16,-66,0,1.6988386284444903,101.43696783934736
14:22:56,1.698869,101.437033,0,0,0,0,0,0,0,0,155,180,forward,11217.16,-66,0,1.6988386284444903,101.43696783934736
14:22:58,1.698869,101.437033,0,0,0,0,0,0,0,0,155,180,forward,11217.16,-66,0,1.6988386284444903,101.43696783934736
14:23:00,1.698869,101.437033,0,0,0,0,0,0,0,0,155,180,forward,11217.16,-66,0,1.6988386284444903,101.43696783934736
14:23:02,1.698869,101.437033,0,0,0,0,0,0,0,0,155,180,forward,11217.16,-66,0,1.6988386284444903,101.43696783934736
14:23:04,1.698869,101.437033,0,0,0,0,0,0,0,0,155,180,forward,11217.16,-66,0,1.6988386284444903,101.43696783934736
14:23:06,1.698869,101.437033,0,0,0,0,0,0,0,0,155,180,forward,11217.16,-66,0,1.6988386284444903,101.43696783934736
14:23:09,1.698869,101.437033,0,0,0,0,0,0,0,0,155,180,forward,11217.16,-66,0,1.6988386284444903,101.43696783934736
14:23:11,1.698869,101.437033,0,0,0,0,0,0,0,0,155,180,forward,11217.16,-66,0,1.6988386284444903,101.43696783934736
14:23:13,1.698869,101.437033,0,0,0,0,0,0,0,0,155,180,forward,11217.16,-66,0,1.6988386284444903,101.43696783934736
14:23:15,1.698869,101.437033,0,0,0,0,0,0,0,0,155,180,forward,11217.16,-66,0,1.6988386284444903,101.43696783934736
14:23:17,1.698869,101.437033,0,0,0,0,0,0,0,0,155,180,forward,11217.16,-66,0,1.6988386284444903,101.43696783934736
14:23:20,1.698869,101.437033,0,0,0,0,0,0,0,0,155,180,forward,11217.16,-66,0,1.6988386284444903,101.43696783934736
14:23:22,1.698869,101.437033,0,0,0,0,0,0,0,0,155,180,forward,11217.16,-66,0,1.6988386284444903,101.43696783934736
14:23:24,1.698869,101.437033,0,0,0,0,0,0,0,0,155,180,forward,11217.16,-66,0,1.6988386284444903,101.43696783934736
14:23:26,1.698869,101.437033,0,0,0,0,0,0,0,0,155,180,forward,11217.16,-66,0,1.6988386284444903,101.43696783934736
14:23:28,1.698869,101.437033,0,0,0,0,0,0,0,0,155,180,forward,11217.16,-66,0,1.6988386284444903,101.43696783934736
14:23:31,1.698869,101.437033,0,0,0,0,0,0,0,0,155,180,forward,11217.16,-66,0,1.6988386284444903,101.43696783934736
14:23:33,1.698869,101.437033,0,0,0,0,0,0,0,0,155,180,forward,11217.16,-66,0,1.6988386284444903,101.43696783934736
14:23:35,1.698869,101.437033,0,0,0,0,0,0,0,0,155,180,forward,11217.16,-66,0,1.6988386284444903,101.43696783934736
14:23:37,1.698869,101.437033,0,0,0,0,0,0,0,0,155,180,forward,11217.16,-66,0,1.6988386284444903,101.43696783934736
14:23:39,1.698869,101.437033,0,0,0,0,0,0,0,0,155,180,forward,11217.16,-66,0,1.6988386284444903,101.43696783934736
14:23:42,1.698869,101.437033,0,0,0,0,0,0,0,0,155,180,forward,11217.16,-66,0,1.6988386284444903,101.43696783934736
14:23:44,1.698869,101.437033,0,0,0,0,0,0,0,0,155,180,forward,11217.16,-66,0,1.6988386284444903,101.43696783934736
14:23:46,1.698869,101.437033,0,0,0,0,0,0,0,0,155,180,forward,11217.16,-66,0,1.6988386284444903,101.43696783934736
14:23:48,1.698869,101.437033,0,0,0,0,0,0,0,0,155,180,forward,11217.16,-66,0,1.6988386284444903,101.43696783934736
14:23:50,1.698869,101.437033,0,0,0,0,0,0,0,0,155,180,forward,11217.16,-66,0,1.6988386284444903,101.43696783934736
14:23:52,1.698869,101.437033,0,0,0,0,0,0,0,0,155,180,forward,11217.16,-66,0,1.6988386284444903,101.43696783934736
14:23:55,1.698869,101.437033,0,0,0,0,0,0,0,0,155,180,forward,11217.16,-66,0,1.6988386284444903,101.43696783934736
14:23:57,1.698869,101.437033,0,0,0,0,0,0,0,0,155,180,forward,11217.16,-66,0,1.6988386284444903,101.43696783934736
14:23:59,1.698869,101.437033,0,0,0,0,0,0,0,0,155,180,forward,11217.16,-66,0,1.6988386284444903,101.43696783934736
14:24:01,1.698869,101.437033,0,0,0,0,0,0,0,0,155,180,forward,11217.16,-66,0,1.6988386284444903,101.43696783934736
14:24:03,1.698869,101.437033,0,0,0,0,0,0,0,0,155,180,forward,11217.16,-66,0,1.6988386284444903,101.43696783934736
14:24:06,1.698869,101.437033,0,0,0,0,0,0,0,0,155,180,forward,11217.16,-66,0,1.6988386284444903,101.43696783934736
14:24:08,1.698869,101.437033,0,0,0,0,0,0,0,0,155,180,forward,11217.16,-66,0,1.6988386284444903,101.43696783934736
14:24:10,1.698869,101.437033,0,0,0,0,0,0,0,0,155,180,forward,11217.16,-66,0,1.6988386284444903,101.43696783934736
14:24:12,1.698869,101.437033,0,0,0,0,0,0,0,0,155,180,forward,11217.16,-66,0,1.6988386284444903,101.43696783934736
14:24:14,1.698869,101.437033,0,0,0,0,0,0,0,0,155,180,forward,11217.16,-66,0,1.6988386284444903,101.43696783934736
14:24:17,1.698869,101.437033,0,0,0,0,0,0,0,0,155,180,forward,11217.16,-66,0,1.6988386284444903,101.43696783934736
14:24:19,1.698869,101.437033,0,0,0,0,0,0,0,0,155,180,forward,11217.16,-66,0,1.6988386284444903,101.43696783934736
14:24:21,1.698869,101.437033,0,0,0,0,0,0,0,0,155,180,forward,11217.16,-66,0,1.6988386284444903,101.43696783934736
14:24:23,1.698869,101.437033,0,0,0,0,0,0,0,0,155,180,forward,11217.16,-66,0,1.6988386284444903,101.43696783934736
14:24:25,1.698869,101.437033,0,0,0,0,0,0,0,0,155,180,forward,11217.16,-66,0,1.6988386284444903,101.43696783934736
14:24:28,1.698869,101.437033,0,0,0,0,0,0,0,0,155,180,forward,11217.16,-66,0,1.6988386284444903,101.43696783934736
14:24:30,1.698869,101.437033,0,0,0,0,0,0,0,0,155,180,forward,11217.16,-66,0,1.6988386284444903,101.43696783934736
14:24:32,1.698869,101.437033,0,0,0,0,0,0,0,0,155,180,forward,11217.16,-66,0,1.6988386284444903,101.43696783934736
14:24:34,1.698869,101.437033,0,0,0,0,0,0,0,0,155,180,forward,11217.16,-66,0,1.6988386284444903,101.43696783934736
14:24:36,1.698869,101.437033,0,0,0,0,0,0,0,0,155,180,forward,11217.16,-66,0,1.6988386284444903,101.43696783934736
14:24:38,1.698869,101.437033,0,0,0,0,0,0,0,0,155,180,forward,11217.16,-66,0,1.6988386284444903,101.43696783934736
14:24:41,1.698869,101.437033,0,0,0,0,0,0,0,0,155,180,forward,11217.16,-66,0,1.6988386284444903,101.43696783934736
14:24:43,1.698869,101.437033,0,0,0,0,0,0,0,0,155,180,forward,11217.16,-66,0,1.6988386284444903,101.43696783934736
14:24:45,1.698869,101.437033,0,0,0,0,0,0,0,0,155,180,forward,11217.16,-66,0,1.6988386284444903,101.43696783934736
14:24:47,1.698869,101.437033,0,0,0,0,0,0,0,0,155,180,forward,11217.16,-66,0,1.6988386284444903,101.43696783934736
14:24:49,1.698869,101.437033,0,0,0,0,0,0,0,0,155,180,forward,11217.16,-66,0,1.6988386284444903,101.43696783934736
14:24:52,1.698869,101.437033,0,0,0,0,0,0,0,0,155,180,forward,11217.16,-66,0,1.6988386284444903,101.43696783934736
14:24:54,1.698869,101.437033,0,0,0,0,0,0,0,0,155,180,forward,11217.16,-66,0,1.6988386284444903,101.43696783934736
14:24:56,1.698869,101.437033,0,0,0,0,0,0,0,0,155,180,forward,11217.16,-66,0,1.6988386284444903,101.43696783934736
14:24:58,1.698869,101.437033,0,0,0,0,0,0,0,0,155,180,forward,11217.16,-66,0,1.6988386284444903,101.43696783934736
14:25:00,1.698869,101.437033,0,0,0,0,0,0,0,0,155,180,forward,11217.16,-66,0,1.6988386284444903,101.43696783934736
14:25:03,1.698869,101.437033,0,0,0,0,0,0,0,0,155,180,forward,11217.16,-66,0,1.6988386284444903,101.43696783934736
14:25:05,1.698869,101.437033,0,0,0,0,0,0,0,0,155,180,forward,11217.16,-66,0,1.6988386284444903,101.43696783934736
14:25:07,1.698869,101.437033,0,0,0,0,0,0,0,0,155,180,forward,11217.16,-66,0,1.6988386284444903,101.43696783934736
14:25:09,1.698869,101.437033,0,0,0,0,0,0,0,0,155,180,forward,11217.16,-66,0,1.6988386284444903,101.43696783934736
14:25:11,1.698869,101.437033,0,0,0,0,0,0,0,0,155,180,forward,11217.16,-66,0,1.6988386284444903,101.43696783934736
14:25:14,1.698869,101.437033,0,0,0,0,0,0,0,0,155,180,forward,11217.16,-66,0,1.6988386284444903,101.43696783934736
14:25:16,1.698869,101.437033,0,0,0,0,0,0,0,0,155,180,forward,11217.16,-66,0,1.6988386284444903,101.43696783934736
14:25:18,1.698869,101.437033,0,0,0,0,0,0,0,0,155,180,forward,11217.16,-66,0,1.6988386284444903,101.43696783934736
14:25:20,1.698869,101.437033,0,0,0,0,0,0,0,0,155,180,forward,11217.16,-66,0,1.6988386284444903,101.43696783934736
14:25:22,1.698869,101.437033,0,0,0,0,0,0,0,0,155,180,forward,11217.16,-66,0,1.6988386284444903,101.43696783934736
14:25:25,1.698869,101.437033,0,0,0,0,0,0,0,0,155,180,forward,11217.16,-66,0,1.6988386284444903,101.43696783934736
14:25:27,1.698869,101.437033,0,0,0,0,0,0,0,0,155,180,forward,11217.16,-66,0,1.6988386284444903,101.43696783934736
14:25:29,1.698869,101.437033,0,0,0,0,0,0,0,0,155,180,forward,11217.16,-66,0,1.6988386284444903,101.43696783934736
14:25:31,1.698869,101.437033,0,0,0,0,0,0,0,0,155,180,forward,11217.16,-66,0,1.6988386284444903,101.43696783934736
14:25:33,1.698869,101.437033,0,0,0,0,0,0,0,0,155,180,forward,11217.16,-66,0,1.6988386284444903,101.43696783934736
14:25:36,1.698869,101.437033,0,0,0,0,0,0,0,0,155,180,forward,11217.16,-66,0,1.6988386284444903,101.43696783934736
14:25:38,1.698869,101.437033,0,0,0,0,0,0,0,0,155,180,forward,11217.16,-66,0,1.6988386284444903,101.43696783934736
14:25:40,1.698869,101.437033,0,0,0,0,0,0,0,0,155,180,forward,11217.16,-66,0,1.6988386284444903,101.43696783934736
14:25:42,1.698869,101.437033,0,0,0,0,0,0,0,0,155,180,forward,11217.16,-66,0,1.6988386284444903,101.43696783934736
14:25:44,1.698869,101.437033,0,0,0,0,0,0,0,0,155,180,forward,11217.16,-66,0,1.6988386284444903,101.43696783934736
14:25:47,1.698869,101.437033,0,0,0,0,0,0,0,0,155,180,forward,11217.16,-66,0,1.6988386284444903,101.43696783934736
14:25:49,1.698869,101.437033,0,0,0,0,0,0,0,0,155,180,forward,11217.16,-66,0,1.6988386284444903,101.43696783934736
14:25:51,1.698869,101.437033,0,0,0,0,0,0,0,0,155,180,forward,11217.16,-66,0,1.6988386284444903,101.43696783934736
14:25:53,1.698869,101.437033,0,0,0,0,0,0,0,0,155,180,forward,11217.16,-66,0,1.6988386284444903,101.43696783934736
14:25:55,1.698869,101.437033,0,0,0,0,0,0,0,0,155,180,forward,11217.16,-66,0,1.6988386284444903,101.43696783934736
14:25:58,1.698869,101.437033,0,0,0,0,0,0,0,0,155,180,forward,11217.16,-66,0,1.6988386284444903,101.43696783934736
14:26:00,1.698869,101.437033,0,0,0,0,0,0,0,0,155,180,forward,11217.16,-66,0,1.6988386284444903,101.43696783934736
14:26:02,1.698869,101.437033,0,0,0,0,0,0,0,0,155,180,forward,11217.16,-66,0,1.6988386284444903,101.43696783934736
14:26:04,1.698869,101.437033,0,0,0,0,0,0,0,0,155,180,forward,11217.16,-66,0,1.6988386284444903,101.43696783934736
14:26:06,1.698869,101.437033,0,0,0,0,0,0,0,0,155,180,forward,11217.16,-66,0,1.6988386284444903,101.43696783934736
14:26:09,1.698869,101.437033,0,0,0,0,0,0,0,0,155,180,forward,11217.16,-66,0,1.6988386284444903,101.43696783934736
14:26:11,1.698869,101.437033,0,0,0,0,0,0,0,0,155,180,forward,11217.16,-66,0,1.6988386284444903,101.43696783934736
14:26:13,1.698869,101.437033,0,0,0,0,0,0,0,0,155,180,forward,11217.16,-66,0,1.6988386284444903,101.43696783934736
14:26:15,1.698869,101.437033,0,0,0,0,0,0,0,0,155,180,forward,11217.16,-66,0,1.6988386284444903,101.43696783934736
14:26:17,1.698869,101.437033,0,0,0,0,0,0,0,0,155,180,forward,11217.16,-66,0,1.6988386284444903,101.43696783934736
14:26:20,1.698869,101.437033,0,0,0,0,0,0,0,0,155,180,forward,11217.16,-66,0,1.6988386284444903,101.43696783934736
14:26:22,1.698869,101.437033,0,0,0,0,0,0,0,0,155,180,forward,11217.16,-66,0,1.6988386284444903,101.43696783934736
14:26:24,1.698869,101.437033,0,0,0,0,0,0,0,0,155,180,forward,11217.16,-66,0,1.6988386284444903,101.43696783934736
14:26:26,1.698869,101.437033,0,0,0,0,0,0,0,0,155,180,forward,11217.16,-66,0,1.6988386284444903,101.43696783934736
14:26:28,1.698869,101.437033,0,0,0,0,0,0,0,0,155,180,forward,11217.16,-66,0,1.6988386284444903,101.43696783934736
14:26:31,1.698869,101.437033,0,0,0,0,0,0,0,0,155,180,forward,11217.16,-66,0,1.6988386284444903,101.43696783934736
14:26:33,1.698869,101.437033,0,0,0,0,0,0,0,0,155,180,forward,11217.16,-66,0,1.6988386284444903,101.43696783934736
14:26:35,1.698869,101.437033,0,0,0,0,0,0,0,0,155,180,forward,11217.16,-66,0,1.6988386284444903,101.43696783934736
14:26:37,1.698869,101.437033,0,0,0,0,0,0,0,0,155,180,forward,11217.16,-66,0,1.6988386284444903,101.43696783934736
14:26:39,1.698869,101.437033,0,0,0,0,0,0,0,0,155,180,forward,11217.16,-66,0,1.6988386284444903,101.43696783934736
14:26:42,1.698869,101.437033,0,0,0,0,0,0,0,0,155,180,forward,11217.16,-66,0,1.6988386284444903,101.43696783934736
14:26:44,1.698869,101.437033,0,0,0,0,0,0,0,0,155,180,forward,11217.16,-66,0,1.6988386284444903,101.43696783934736
14:26:46,1.698869,101.437033,0,0,0,0,0,0,0,0,155,180,forward,11217.16,-66,0,1.6988386284444903,101.43696783934736
14:26:48,1.698869,101.437033,0,0,0,0,0,0,0,0,155,180,forward,11217.16,-66,0,1.6988386284444903,101.43696783934736
14:26:50,1.698869,101.437033,0,0,0,0,0,0,0,0,155,180,forward,11217.16,-66,0,1.6988386284444903,101.43696783934736
14:26:53,1.698869,101.437033,0,0,0,0,0,0,0,0,155,180,forward,11217.16,-66,0,1.6988386284444903,101.43696783934736
14:26:55,1.698869,101.437033,0,0,0,0,0,0,0,0,155,180,forward,11217.16,-66,0,1.6988386284444903,101.43696783934736
14:26:57,1.698869,101.437033,0,0,0,0,0,0,0,0,155,180,forward,11217.16,-66,0,1.6988386284444903,101.43696783934736
14:26:59,1.698869,101.437033,0,0,0,0,0,0,0,0,155,180,forward,11217.16,-66,0,1.6988386284444903,101.43696783934736
14:27:01,1.698869,101.437033,0,0,0,0,0,0,0,0,155,180,forward,11217.16,-66,0,1.6988386284444903,101.43696783934736
14:27:04,1.698869,101.437033,0,0,0,0,0,0,0,0,155,180,forward,11217.16,-66,0,1.6988386284444903,101.43696783934736
14:27:06,1.698869,101.437033,0,0,0,0,0,0,0,0,155,180,forward,11217.16,-66,0,1.6988386284444903,101.43696783934736
14:27:08,1.698869,101.437033,0,0,0,0,0,0,0,0,155,180,forward,11217.16,-66,0,1.6988386284444903,101.43696783934736
14:27:10,1.698869,101.437033,0,0,0,0,0,0,0,0,155,180,forward,11217.16,-66,0,1.6988386284444903,101.43696783934736
14:27:12,1.698869,101.437033,0,0,0,0,0,0,0,0,155,180,forward,11217.16,-66,0,1.6988386284444903,101.43696783934736
14:27:15,1.698869,101.437033,0,0,0,0,0,0,0,0,155,180,forward,11217.16,-66,0,1.6988386284444903,101.43696783934736
14:27:17,1.698869,101.437033,0,0,0,0,0,0,0,0,155,180,forward,11217.16,-66,0,1.6988386284444903,101.43696783934736
14:27:19,1.698869,101.437033,0,0,0,0,0,0,0,0,155,180,forward,11217.16,-66,0,1.6988386284444903,101.43696783934736
14:27:21,1.698869,101.437033,0,0,0,0,0,0,0,0,155,180,forward,11217.16,-66,0,1.6988386284444903,101.43696783934736
14:27:23,1.698869,101.437033,0,0,0,0,0,0,0,0,155,180,forward,11217.16,-66,0,1.6988386284444903,101.43696783934736
14:27:26,1.698869,101.437033,0,0,0,0,0,0,0,0,155,180,forward,11217.16,-66,0,1.6988386284444903,101.43696783934736
14:27:28,1.698869,101.437033,0,0,0,0,0,0,0,0,155,180,forward,11217.16,-66,0,1.6988386284444903,101.43696783934736
14:27:30,1.698869,101.437033,0,0,0,0,0,0,0,0,155,180,forward,11217.16,-66,0,1.6988386284444903,101.43696783934736
14:27:32,1.698869,101.437033,0,0,0,0,0,0,0,0,155,180,forward,11217.16,-66,0,1.6988386284444903,101.43696783934736
14:27:34,1.698869,101.437033,0,0,0,0,0,0,0,0,155,180,forward,11217.16,-66,0,1.6988386284444903,101.43696783934736
14:27:37,1.698869,101.437033,0,0,0,0,0,0,0,0,155,180,forward,11217.16,-66,0,1.6988386284444903,101.43696783934736
14:27:39,1.698869,101.437033,0,0,0,0,0,0,0,0,155,180,forward,11217.16,-66,0,1.6988386284444903,101.43696783934736
14:27:41,1.698869,101.437033,0,0,0,0,0,0,0,0,155,180,forward,11217.16,-66,0,1.6988386284444903,101.43696783934736
14:27:43,1.698869,101.437033,0,0,0,0,0,0,0,0,155,180,forward,11217.16,-66,0,1.6988386284444903,101.43696783934736
14:27:45,1.698869,101.437033,0,0,0,0,0,0,0,0,155,180,forward,11217.16,-66,0,1.6988386284444903,101.43696783934736
14:27:48,1.698869,101.437033,0,0,0,0,0,0,0,0,155,180,forward,11217.16,-66,0,1.6988386284444903,101.43696783934736
14:27:50,1.698869,101.437033,0,0,0,0,0,0,0,0,155,180,forward,11217.16,-66,0,1.6988386284444903,101.43696783934736
14:27:52,1.698869,101.437033,0,0,0,0,0,0,0,0,155,180,forward,11217.16,-66,0,1.6988386284444903,101.43696783934736
14:27:54,1.698869,101.437033,0,0,0,0,0,0,0,0,155,180,forward,11217.16,-66,0,1.6988386284444903,101.43696783934736
14:27:56,1.698869,101.437033,0,0,0,0,0,0,0,0,155,180,forward,11217.16,-66,0,1.6988386284444903,101.43696783934736
14:27:59,1.698869,101.437033,0,0,0,0,0,0,0,0,155,180,forward,11217.16,-66,0,1.6988386284444903,101.43696783934736
14:28:01,1.698869,101.437033,0,0,0,0,0,0,0,0,155,180,forward,11217.16,-66,0,1.6988386284444903,101.43696783934736
14:28:03,1.698869,101.437033,0,0,0,0,0,0,0,0,155,180,forward,11217.16,-66,0,1.6988386284444903,101.43696783934736
14:28:05,1.698869,101.437033,0,0,0,0,0,0,0,0,155,180,forward,11217.16,-66,0,1.6988386284444903,101.43696783934736
14:28:07,1.698869,101.437033,0,0,0,0,0,0,0,0,155,180,forward,11217.16,-66,0,1.6988386284444903,101.43696783934736
14:28:10,1.698869,101.437033,0,0,0,0,0,0,0,0,155,180,forward,11217.16,-66,0,1.6988386284444903,101.43696783934736
14:28:12,1.698869,101.437033,0,0,0,0,0,0,0,0,155,180,forward,11217.16,-66,0,1.6988386284444903,101.43696783934736
14:28:14,1.698869,101.437033,0,0,0,0,0,0,0,0,155,180,forward,11217.16,-66,0,1.6988386284444903,101.43696783934736
14:28:16,1.698869,101.437033,0,0,0,0,0,0,0,0,155,180,forward,11217.16,-66,0,1.6988386284444903,101.43696783934736
14:28:18,1.698869,101.437033,0,0,0,0,0,0,0,0,155,180,forward,11217.16,-66,0,1.6988386284444903,101.43696783934736
14:28:21,1.698869,101.437033,0,0,0,0,0,0,0,0,155,180,forward,11217.16,-66,0,1.6988386284444903,101.43696783934736
14:28:23,1.698869,101.437033,0,0,0,0,0,0,0,0,155,180,forward,11217.16,-66,0,1.6988386284444903,101.43696783934736
14:28:25,1.698869,101.437033,0,0,0,0,0,0,0,0,155,180,forward,11217.16,-66,0,1.6988386284444903,101.43696783934736
14:28:27,1.698869,101.437033,0,0,0,0,0,0,0,0,155,180,forward,11217.16,-66,0,1.6988386284444903,101.43696783934736
14:28:29,1.698869,101.437033,0,0,0,0,0,0,0,0,155,180,forward,11217.16,-66,0,1.6988386284444903,101.43696783934736
14:28:32,1.698869,101.437033,0,0,0,0,0,0,0,0,155,180,forward,11217.16,-66,0,1.6988386284444903,101.43696783934736
14:28:34,1.698869,101.437033,0,0,0,0,0,0,0,0,155,180,forward,11217.16,-66,0,1.6988386284444903,101.43696783934736
14:28:36,1.698869,101.437033,0,0,0,0,0,0,0,0,155,180,forward,11217.16,-66,0,1.6988386284444903,101.43696783934736
14:28:38,1.698869,101.437033,0,0,0,0,0,0,0,0,155,180,forward,11217.16,-66,0,1.6988386284444903,101.43696783934736
14:28:40,1.698869,101.437033,0,0,0,0,0,0,0,0,155,180,forward,11217.16,-66,0,1.6988386284444903,101.43696783934736
14:28:43,1.698869,101.437033,0,0,0,0,0,0,0,0,155,180,forward,11217.16,-66,0,1.6988386284444903,101.43696783934736
14:28:45,1.698869,101.437033,0,0,0,0,0,0,0,0,155,180,forward,11217.16,-66,0,1.6988386284444903,101.43696783934736
14:28:47,1.698869,101.437033,0,0,0,0,0,0,0,0,155,180,forward,11217.16,-66,0,1.6988386284444903,101.43696783934736
14:28:49,1.698869,101.437033,0,0,0,0,0,0,0,0,155,180,forward,11217.16,-66,0,1.6988386284444903,101.43696783934736
14:28:51,1.698869,101.437033,0,0,0,0,0,0,0,0,155,180,forward,11217.16,-66,0,1.6988386284444903,101.43696783934736
14:28:54,1.698869,101.437033,0,0,0,0,0,0,0,0,155,180,forward,11217.16,-66,0,1.6988386284444903,101.43696783934736
14:28:56,1.698869,101.437033,0,0,0,0,0,0,0,0,155,180,forward,11217.16,-66,0,1.6988386284444903,101.43696783934736
14:28:58,1.698869,101.437033,0,0,0,0,0,0,0,0,155,180,forward,11217.16,-66,0,1.6988386284444903,101.43696783934736
14:29:00,1.698869,101.437033,0,0,0,0,0,0,0,0,155,180,forward,11217.16,-66,0,1.6988386284444903,101.43696783934736
14:29:02,1.698869,101.437033,0,0,0,0,0,0,0,0,155,180,forward,11217.16,-66,0,1.6988386284444903,101.43696783934736
14:29:05,1.698869,101.437033,0,0,0,0,0,0,0,0,155,180,forward,11217.16,-66,0,1.6988386284444903,101.43696783934736
14:29:07,1.698869,101.437033,0,0,0,0,0,0,0,0,155,180,forward,11217.16,-66,0,1.6988386284444903,101.43696783934736
14:29:09,1.698869,101.437033,0,0,0,0,0,0,0,0,155,180,forward,11217.16,-66,0,1.6988386284444903,101.43696783934736
14:29:11,1.698869,101.437033,0,0,0,0,0,0,0,0,155,180,forward,11217.16,-66,0,1.6988386284444903,101.43696783934736
14:29:13,1.698869,101.437033,0,0,0,0,0,0,0,0,155,180,forward,11217.16,-66,0,1.6988386284444903,101.43696783934736
14:29:16,1.698869,101.437033,0,0,0,0,0,0,0,0,155,180,forward,11217.16,-66,0,1.6988386284444903,101.43696783934736
14:29:18,1.698869,101.437033,0,0,0,0,0,0,0,0,155,180,forward,11217.16,-66,0,1.6988386284444903,101.43696783934736
14:29:20,1.698869,101.437033,0,0,0,0,0,0,0,0,155,180,forward,11217.16,-66,0,1.6988386284444903,101.43696783934736
14:29:22,1.698869,101.437033,0,0,0,0,0,0,0,0,155,180,forward,11217.16,-66,0,1.6988386284444903,101.43696783934736
14:29:24,1.698869,101.437033,0,0,0,0,0,0,0,0,155,180,forward,11217.16,-66,0,1.6988386284444903,101.43696783934736
14:29:27,1.698869,101.437033,0,0,0,0,0,0,0,0,155,180,forward,11217.16,-66,0,1.6988386284444903,101.43696783934736
14:29:29,1.698869,101.437033,0,0,0,0,0,0,0,0,155,180,forward,11217.16,-66,0,1.6988386284444903,101.43696783934736
14:29:31,1.698869,101.437033,0,0,0,0,0,0,0,0,155,180,forward,11217.16,-66,0,1.6988386284444903,101.43696783934736
14:29:33,1.698869,101.437033,0,0,0,0,0,0,0,0,155,180,forward,11217.16,-66,0,1.6988386284444903,101.43696783934736
14:29:35,1.698869,101.437033,0,0,0,0,0,0,0,0,155,180,forward,11217.16,-66,0,1.6988386284444903,101.43696783934736
14:29:38,1.698869,101.437033,0,0,0,0,0,0,0,0,155,180,forward,11217.16,-66,0,1.6988386284444903,101.43696783934736
14:29:40,1.698869,101.437033,0,0,0,0,0,0,0,0,155,180,forward,11217.16,-66,0,1.6988386284444903,101.43696783934736
14:29:42,1.698869,101.437033,0,0,0,0,0,0,0,0,155,180,forward,11217.16,-66,0,1.6988386284444903,101.43696783934736
14:29:44,1.698869,101.437033,0,0,0,0,0,0,0,0,155,180,forward,11217.16,-66,0,1.6988386284444903,101.43696783934736
14:29:46,1.698869,101.437033,0,0,0,0,0,0,0,0,155,180,forward,11217.16,-66,0,1.6988386284444903,101.43696783934736
14:29:48,1.698869,101.437033,0,0,0,0,0,0,0,0,155,180,forward,11217.16,-66,0,1.6988386284444903,101.43696783934736
14:29:51,1.698869,101.437033,0,0,0,0,0,0,0,0,155,180,forward,11217.16,-66,0,1.6988386284444903,101.43696783934736
14:29:53,1.698869,101.437033,0,0,0,0,0,0,0,0,155,180,forward,11217.16,-66,0,1.6988386284444903,101.43696783934736
14:29:55,1.698869,101.437033,0,0,0,0,0,0,0,0,155,180,forward,11217.16,-66,0,1.6988386284444903,101.43696783934736
14:29:57,1.698869,101.437033,0,0,0,0,0,0,0,0,155,180,forward,11217.16,-66,0,1.6988386284444903,101.43696783934736
14:29:59,1.698869,101.437033,0,0,0,0,0,0,0,0,155,180,forward,11217.16,-66,0,1.6988386284444903,101.43696783934736
14:30:02,1.698869,101.437033,0,0,0,0,0,0,0,0,155,180,forward,11217.16,-66,0,1.6988386284444903,101.43696783934736
14:30:04,1.698869,101.437033,0,0,0,0,0,0,0,0,155,180,forward,11217.16,-66,0,1.6988386284444903,101.43696783934736
14:30:06,1.698869,101.437033,0,0,0,0,0,0,0,0,155,180,forward,11217.16,-66,0,1.6988386284444903,101.43696783934736
14:30:08,1.698869,101.437033,0,0,0,0,0,0,0,0,155,180,forward,11217.16,-66,0,1.6988386284444903,101.43696783934736
14:30:10,1.698869,101.437033,0,0,0,0,0,0,0,0,155,180,forward,11217.16,-66,0,1.6988386284444903,101.43696783934736
14:30:13,1.698869,101.437033,0,0,0,0,0,0,0,0,155,180,forward,11217.16,-66,0,1.6988386284444903,101.43696783934736
14:30:15,1.698869,101.437033,0,0,0,0,0,0,0,0,155,180,forward,11217.16,-66,0,1.6988386284444903,101.43696783934736
14:30:17,1.698869,101.437033,0,0,0,0,0,0,0,0,155,180,forward,11217.16,-66,0,1.6988386284444903,101.43696783934736
14:30:19,1.698869,101.437033,0,0,0,0,0,0,0,0,155,180,forward,11217.16,-66,0,1.6988386284444903,101.43696783934736
14:30:21,1.698869,101.437033,0,0,0,0,0,0,0,0,155,180,forward,11217.16,-66,0,1.6988386284444903,101.43696783934736
14:30:24,1.698869,101.437033,0,0,0,0,0,0,0,0,155,180,forward,11217.16,-66,0,1.6988386284444903,101.43696783934736
14:30:26,1.698869,101.437033,0,0,0,0,0,0,0,0,155,180,forward,11217.16,-66,0,1.6988386284444903,101.43696783934736
14:30:28,1.698869,101.437033,0,0,0,0,0,0,0,0,155,180,forward,11217.16,-66,0,1.6988386284444903,101.43696783934736
14:30:30,1.698869,101.437033,0,0,0,0,0,0,0,0,155,180,forward,11217.16,-66,0,1.6988386284444903,101.43696783934736
14:30:32,1.698869,101.437033,0,0,0,0,0,0,0,0,155,180,forward,11217.16,-66,0,1.6988386284444903,101.43696783934736
14:30:35,1.698869,101.437033,0,0,0,0,0,0,0,0,155,180,forward,11217.16,-66,0,1.6988386284444903,101.43696783934736
14:30:37,1.698869,101.437033,0,0,0,0,0,0,0,0,155,180,forward,11217.16,-66,0,1.6988386284444903,101.43696783934736
14:30:39,1.698869,101.437033,0,0,0,0,0,0,0,0,155,180,forward,11217.16,-66,0,1.6988386284444903,101.43696783934736
14:30:41,1.698869,101.437033,0,0,0,0,0,0,0,0,155,180,forward,11217.16,-66,0,1.6988386284444903,101.43696783934736
14:30:43,1.698869,101.437033,0,0,0,0,0,0,0,0,155,180,forward,11217.16,-66,0,1.6988386284444903,101.43696783934736
14:30:46,1.698869,101.437033,0,0,0,0,0,0,0,0,155,180,forward,11217.16,-66,0,1.6988386284444903,101.43696783934736
14:30:48,1.698869,101.437033,0,0,0,0,0,0,0,0,155,180,forward,11217.16,-66,0,1.6988386284444903,101.43696783934736
14:30:50,1.698869,101.437033,0,0,0,0,0,0,0,0,155,180,forward,11217.16,-66,0,1.6988386284444903,101.43696783934736
14:30:52,1.698869,101.437033,0,0,0,0,0,0,0,0,155,180,forward,11217.16,-66,0,1.6988386284444903,101.43696783934736
14:30:54,1.698869,101.437033,0,0,0,0,0,0,0,0,155,180,forward,11217.16,-66,0,1.6988386284444903,101.43696783934736
14:30:57,1.698869,101.437033,0,0,0,0,0,0,0,0,155,180,forward,11217.16,-66,0,1.6988386284444903,101.43696783934736
14:30:59,1.698869,101.437033,0,0,0,0,0,0,0,0,155,180,forward,11217.16,-66,0,1.6988386284444903,101.43696783934736
14:31:01,1.698869,101.437033,0,0,0,0,0,0,0,0,155,180,forward,11217.16,-66,0,1.6988386284444903,101.43696783934736
14:31:03,1.698869,101.437033,0,0,0,0,0,0,0,0,155,180,forward,11217.16,-66,0,1.6988386284444903,101.43696783934736
14:31:05,1.698869,101.437033,0,0,0,0,0,0,0,0,155,180,forward,11217.16,-66,0,1.6988386284444903,101.43696783934736
14:31:08,1.698869,101.437033,0,0,0,0,0,0,0,0,155,180,forward,11217.16,-66,0,1.6988386284444903,101.43696783934736
14:31:10,1.698869,101.437033,0,0,0,0,0,0,0,0,155,180,forward,11217.16,-66,0,1.6988386284444903,101.43696783934736
14:31:12,1.698869,101.437033,0,0,0,0,0,0,0,0,155,180,forward,11217.16,-66,0,1.6988386284444903,101.43696783934736
14:31:14,1.698869,101.437033,0,0,0,0,0,0,0,0,155,180,forward,11217.16,-66,0,1.6988386284444903,101.43696783934736
14:31:16,1.698869,101.437033,0,0,0,0,0,0,0,0,155,180,forward,11217.16,-66,0,1.6988386284444903,101.43696783934736
14:31:19,1.698869,101.437033,0,0,0,0,0,0,0,0,155,180,forward,11217.16,-66,0,1.6988386284444903,101.43696783934736
14:31:21,1.698869,101.437033,0,0,0,0,0,0,0,0,155,180,forward,11217.16,-66,0,1.6988386284444903,101.43696783934736
14:31:23,1.698869,101.437033,0,0,0,0,0,0,0,0,155,180,forward,11217.16,-66,0,1.6988386284444903,101.43696783934736
14:31:25,1.698869,101.437033,0,0,0,0,0,0,0,0,155,180,forward,11217.16,-66,0,1.6988386284444903,101.43696783934736
14:31:27,1.698869,101.437033,0,0,0,0,0,0,0,0,155,180,forward,11217.16,-66,0,1.6988386284444903,101.43696783934736
14:31:30,1.698869,101.437033,0,0,0,0,0,0,0,0,155,180,forward,11217.16,-66,0,1.6988386284444903,101.43696783934736
14:31:32,1.698869,101.437033,0,0,0,0,0,0,0,0,155,180,forward,11217.16,-66,0,1.6988386284444903,101.43696783934736
14:31:34,1.698869,101.437033,0,0,0,0,0,0,0,0,155,180,forward,11217.16,-66,0,1.6988386284444903,101.43696783934736
14:31:36,1.698869,101.437033,0,0,0,0,0,0,0,0,155,180,forward,11217.16,-66,0,1.6988386284444903,101.43696783934736
14:31:38,1.698869,101.437033,0,0,0,0,0,0,0,0,155,180,forward,11217.16,-66,0,1.6988386284444903,101.43696783934736
14:31:41,1.698869,101.437033,0,0,0,0,0,0,0,0,155,180,forward,11217.16,-66,0,1.6988386284444903,101.43696783934736
14:31:43,1.698869,101.437033,0,0,0,0,0,0,0,0,155,180,forward,11217.16,-66,0,1.6988386284444903,101.43696783934736
14:31:45,1.698869,101.437033,0,0,0,0,0,0,0,0,155,180,forward,11217.16,-66,0,1.6988386284444903,101.43696783934736
14:31:47,1.698869,101.437033,0,0,0,0,0,0,0,0,155,180,forward,11217.16,-66,0,1.6988386284444903,101.43696783934736
14:31:49,1.698869,101.437033,0,0,0,0,0,0,0,0,155,180,forward,11217.16,-66,0,1.6988386284444903,101.43696783934736
14:31:52,1.698869,101.437033,0,0,0,0,0,0,0,0,155,180,forward,11217.16,-66,0,1.6988386284444903,101.43696783934736
14:31:54,1.698869,101.437033,0,0,0,0,0,0,0,0,155,180,forward,11217.16,-66,0,1.6988386284444903,101.43696783934736
14:31:56,1.698869,101.437033,0,0,0,0,0,0,0,0,155,180,forward,11217.16,-66,0,1.6988386284444903,101.43696783934736
14:31:58,1.698869,101.437033,0,0,0,0,0,0,0,0,155,180,forward,11217.16,-66,0,1.6988386284444903,101.43696783934736
14:32:00,1.698869,101.437033,0,0,0,0,0,0,0,0,155,180,forward,11217.16,-66,0,1.6988386284444903,101.43696783934736
14:32:03,1.698869,101.437033,0,0,0,0,0,0,0,0,155,180,forward,11217.16,-66,0,1.6988386284444903,101.43696783934736
14:32:05,1.698869,101.437033,0,0,0,0,0,0,0,0,155,180,forward,11217.16,-66,0,1.6988386284444903,101.43696783934736
14:32:07,1.698869,101.437033,0,0,0,0,0,0,0,0,155,180,forward,11217.16,-66,0,1.6988386284444903,101.43696783934736
14:32:09,1.698869,101.437033,0,0,0,0,0,0,0,0,155,180,forward,11217.16,-66,0,1.6988386284444903,101.43696783934736
14:32:11,1.698869,101.437033,0,0,0,0,0,0,0,0,155,180,forward,11217.16,-66,0,1.6988386284444903,101.43696783934736
14:32:14,1.698869,101.437033,0,0,0,0,0,0,0,0,155,180,forward,11217.16,-66,0,1.6988386284444903,101.43696783934736
14:32:16,1.698869,101.437033,0,0,0,0,0,0,0,0,155,180,forward,11217.16,-66,0,1.6988386284444903,101.43696783934736
14:32:18,1.698869,101.437033,0,0,0,0,0,0,0,0,155,180,forward,11217.16,-66,0,1.6988386284444903,101.43696783934736
14:32:20,1.698869,101.437033,0,0,0,0,0,0,0,0,155,180,forward,11217.16,-66,0,1.6988386284444903,101.43696783934736
14:32:22,1.698869,101.437033,0,0,0,0,0,0,0,0,155,180,forward,11217.16,-66,0,1.6988386284444903,101.43696783934736
14:32:25,1.698869,101.437033,0,0,0,0,0,0,0,0,155,180,forward,11217.16,-66,0,1.6988386284444903,101.43696783934736
14:32:27,1.698869,101.437033,0,0,0,0,0,0,0,0,155,180,forward,11217.16,-66,0,1.6988386284444903,101.43696783934736
14:32:29,1.698869,101.437033,0,0,0,0,0,0,0,0,155,180,forward,11217.16,-66,0,1.6988386284444903,101.43696783934736
14:32:31,1.698869,101.437033,0,0,0,0,0,0,0,0,155,180,forward,11217.16,-66,0,1.6988386284444903,101.43696783934736
14:32:33,1.698869,101.437033,0,0,0,0,0,0,0,0,155,180,forward,11217.16,-66,0,1.6988386284444903,101.43696783934736
14:32:36,1.698869,101.437033,0,0,0,0,0,0,0,0,155,180,forward,11217.16,-66,0,1.6988386284444903,101.43696783934736
14:32:38,1.698869,101.437033,0,0,0,0,0,0,0,0,155,180,forward,11217.16,-66,0,1.6988386284444903,101.43696783934736
14:32:40,1.698869,101.437033,0,0,0,0,0,0,0,0,155,180,forward,11217.16,-66,0,1.6988386284444903,101.43696783934736
14:32:42,1.698869,101.437033,0,0,0,0,0,0,0,0,155,180,forward,11217.16,-66,0,1.6988386284444903,101.43696783934736
14:32:44,1.698869,101.437033,0,0,0,0,0,0,0,0,155,180,forward,11217.16,-66,0,1.6988386284444903,101.43696783934736
14:32:47,1.698869,101.437033,0,0,0,0,0,0,0,0,155,180,forward,11217.16,-66,0,1.6988386284444903,101.43696783934736
14:32:49,1.698869,101.437033,0,0,0,0,0,0,0,0,155,180,forward,11217.16,-66,0,1.6988386284444903,101.43696783934736
14:32:51,1.698869,101.437033,0,0,0,0,0,0,0,0,155,180,forward,11217.16,-66,0,1.6988386284444903,101.43696783934736
14:32:53,1.698869,101.437033,0,0,0,0,0,0,0,0,155,180,forward,11217.16,-66,0,1.6988386284444903,101.43696783934736
14:32:55,1.698869,101.437033,0,0,0,0,0,0,0,0,155,180,forward,11217.16,-66,0,1.6988386284444903,101.43696783934736
14:32:58,1.698869,101.437033,0,0,0,0,0,0,0,0,155,180,forward,11217.16,-66,0,1.6988386284444903,101.43696783934736
14:33:00,1.698869,101.437033,0,0,0,0,0,0,0,0,155,180,forward,11217.16,-66,0,1.6988386284444903,101.43696783934736
14:33:02,1.698869,101.437033,0,0,0,0,0,0,0,0,155,180,forward,11217.16,-66,0,1.6988386284444903,101.43696783934736
14:33:04,1.698869,101.437033,0,0,0,0,0,0,0,0,155,180,forward,11217.16,-66,0,1.6988386284444903,101.43696783934736
14:33:06,1.698869,101.437033,0,0,0,0,0,0,0,0,155,180,forward,11217.16,-66,0,1.6988386284444903,101.43696783934736
14:33:09,1.698869,101.437033,0,0,0,0,0,0,0,0,155,180,forward,11217.16,-66,0,1.6988386284444903,101.43696783934736
14:33:11,1.698869,101.437033,0,0,0,0,0,0,0,0,155,180,forward,11217.16,-66,0,1.6988386284444903,101.43696783934736
14:33:13,1.698869,101.437033,0,0,0,0,0,0,0,0,155,180,forward,11217.16,-66,0,1.6988386284444903,101.43696783934736
14:33:15,1.698869,101.437033,0,0,0,0,0,0,0,0,155,180,forward,11217.16,-66,0,1.6988386284444903,101.43696783934736
14:33:17,1.698869,101.437033,0,0,0,0,0,0,0,0,155,180,forward,11217.16,-66,0,1.6988386284444903,101.43696783934736
14:33:20,1.698869,101.437033,0,0,0,0,0,0,0,0,155,180,forward,11217.16,-66,0,1.6988386284444903,101.43696783934736
14:33:22,1.698869,101.437033,0,0,0,0,0,0,0,0,155,180,forward,11217.16,-66,0,1.6988386284444903,101.43696783934736
14:33:24,1.698869,101.437033,0,0,0,0,0,0,0,0,155,180,forward,11217.16,-66,0,1.6988386284444903,101.43696783934736
14:33:26,1.698869,101.437033,0,0,0,0,0,0,0,0,155,180,forward,11217.16,-66,0,1.6988386284444903,101.43696783934736
14:33:28,1.698869,101.437033,0,0,0,0,0,0,0,0,155,180,forward,11217.16,-66,0,1.6988386284444903,101.43696783934736
14:33:31,1.698869,101.437033,0,0,0,0,0,0,0,0,155,180,forward,11217.16,-66,0,1.6988386284444903,101.43696783934736
14:33:33,1.698869,101.437033,0,0,0,0,0,0,0,0,155,180,forward,11217.16,-66,0,1.6988386284444903,101.43696783934736
14:33:35,1.698869,101.437033,0,0,0,0,0,0,0,0,155,180,forward,11217.16,-66,0,1.6988386284444903,101.43696783934736
14:33:37,1.698869,101.437033,0,0,0,0,0,0,0,0,155,180,forward,11217.16,-66,0,1.6988386284444903,101.43696783934736
14:33:39,1.698869,101.437033,0,0,0,0,0,0,0,0,155,180,forward,11217.16,-66,0,1.6988386284444903,101.43696783934736
14:33:42,1.698869,101.437033,0,0,0,0,0,0,0,0,155,180,forward,11217.16,-66,0,1.6988386284444903,101.43696783934736
14:33:44,1.698869,101.437033,0,0,0,0,0,0,0,0,155,180,forward,11217.16,-66,0,1.6988386284444903,101.43696783934736
14:33:46,1.698869,101.437033,0,0,0,0,0,0,0,0,155,180,forward,11217.16,-66,0,1.6988386284444903,101.43696783934736
14:33:48,1.698869,101.437033,0,0,0,0,0,0,0,0,155,180,forward,11217.16,-66,0,1.6988386284444903,101.43696783934736
14:33:50,1.698869,101.437033,0,0,0,0,0,0,0,0,155,180,forward,11217.16,-66,0,1.6988386284444903,101.43696783934736
14:33:53,1.698869,101.437033,0,0,0,0,0,0,0,0,155,180,forward,11217.16,-66,0,1.6988386284444903,101.43696783934736
14:33:55,1.698869,101.437033,0,0,0,0,0,0,0,0,155,180,forward,11217.16,-66,0,1.6988386284444903,101.43696783934736
14:33:57,1.698869,101.437033,0,0,0,0,0,0,0,0,155,180,forward,11217.16,-66,0,1.6988386284444903,101.43696783934736
14:33:59,1.698869,101.437033,0,0,0,0,0,0,0,0,155,180,forward,11217.16,-66,0,1.6988386284444903,101.43696783934736
14:34:01,1.698869,101.437033,0,0,0,0,0,0,0,0,155,180,forward,11217.16,-66,0,1.6988386284444903,101.43696783934736
14:34:04,1.698869,101.437033,0,0,0,0,0,0,0,0,155,180,forward,11217.16,-66,0,1.6988386284444903,101.43696783934736
14:34:06,1.698869,101.437033,0,0,0,0,0,0,0,0,155,180,forward,11217.16,-66,0,1.6988386284444903,101.43696783934736
14:34:08,1.698869,101.437033,0,0,0,0,0,0,0,0,155,180,forward,11217.16,-66,0,1.6988386284444903,101.43696783934736
14:34:10,1.698869,101.437033,0,0,0,0,0,0,0,0,155,180,forward,11217.16,-66,0,1.6988386284444903,101.43696783934736
14:34:12,1.698869,101.437033,0,0,0,0,0,0,0,0,155,180,forward,11217.16,-66,0,1.6988386284444903,101.43696783934736
14:34:15,1.698869,101.437033,0,0,0,0,0,0,0,0,155,180,forward,11217.16,-66,0,1.6988386284444903,101.43696783934736
14:34:17,1.698869,101.437033,0,0,0,0,0,0,0,0,155,180,forward,11217.16,-66,0,1.6988386284444903,101.43696783934736
14:34:19,1.698869,101.437033,0,0,0,0,0,0,0,0,155,180,forward,11217.16,-66,0,1.6988386284444903,101.43696783934736
14:34:21,1.698869,101.437033,0,0,0,0,0,0,0,0,155,180,forward,11217.16,-66,0,1.6988386284444903,101.43696783934736
14:34:23,1.698869,101.437033,0,0,0,0,0,0,0,0,155,180,forward,11217.16,-66,0,1.6988386284444903,101.43696783934736
14:34:26,1.698869,101.437033,0,0,0,0,0,0,0,0,155,180,forward,11217.16,-66,0,1.6988386284444903,101.43696783934736
14:34:28,1.698869,101.437033,0,0,0,0,0,0,0,0,155,180,forward,11217.16,-66,0,1.6988386284444903,101.43696783934736
14:34:30,1.698869,101.437033,0,0,0,0,0,0,0,0,155,180,forward,11217.16,-66,0,1.6988386284444903,101.43696783934736
14:34:32,1.698869,101.437033,0,0,0,0,0,0,0,0,155,180,forward,11217.16,-66,0,1.6988386284444903,101.43696783934736
14:34:34,1.698869,101.437033,0,0,0,0,0,0,0,0,155,180,forward,11217.16,-66,0,1.6988386284444903,101.43696783934736
14:34:37,1.698869,101.437033,0,0,0,0,0,0,0,0,155,180,forward,11217.16,-66,0,1.6988386284444903,101.43696783934736
14:34:39,1.698869,101.437033,0,0,0,0,0,0,0,0,155,180,forward,11217.16,-66,0,1.6988386284444903,101.43696783934736
14:34:41,1.698869,101.437033,0,0,0,0,0,0,0,0,155,180,forward,11217.16,-66,0,1.6988386284444903,101.43696783934736
14:34:43,1.698869,101.437033,0,0,0,0,0,0,0,0,155,180,forward,11217.16,-66,0,1.6988386284444903,101.43696783934736
14:34:45,1.698869,101.437033,0,0,0,0,0,0,0,0,155,180,forward,11217.16,-66,0,1.6988386284444903,101.43696783934736
14:34:48,1.698869,101.437033,0,0,0,0,0,0,0,0,155,180,forward,11217.16,-66,0,1.6988386284444903,101.43696783934736
14:34:50,1.698869,101.437033,0,0,0,0,0,0,0,0,155,180,forward,11217.16,-66,0,1.6988386284444903,101.43696783934736
14:34:52,1.698869,101.437033,0,0,0,0,0,0,0,0,155,180,forward,11217.16,-66,0,1.6988386284444903,101.43696783934736
14:34:54,1.698869,101.437033,0,0,0,0,0,0,0,0,155,180,forward,11217.16,-66,0,1.6988386284444903,101.43696783934736
14:34:56,1.698869,101.437033,0,0,0,0,0,0,0,0,155,180,forward,11217.16,-66,0,1.6988386284444903,101.43696783934736
14:34:58,1.698869,101.437033,0,0,0,0,0,0,0,0,155,180,forward,11217.16,-66,0,1.6988386284444903,101.43696783934736
14:35:01,1.698869,101.437033,0,0,0,0,0,0,0,0,155,180,forward,11217.16,-66,0,1.6988386284444903,101.43696783934736
14:35:03,1.698869,101.437033,0,0,0,0,0,0,0,0,155,180,forward,11217.16,-66,0,1.6988386284444903,101.43696783934736
14:35:05,1.698869,101.437033,0,0,0,0,0,0,0,0,155,180,forward,11217.16,-66,0,1.6988386284444903,101.43696783934736
14:35:07,1.698869,101.437033,0,0,0,0,0,0,0,0,155,180,forward,11217.16,-66,0,1.6988386284444903,101.43696783934736
14:35:09,1.698869,101.437033,0,0,0,0,0,0,0,0,155,180,forward,11217.16,-66,0,1.6988386284444903,101.43696783934736
14:35:12,1.698869,101.437033,0,0,0,0,0,0,0,0,155,180,forward,11217.16,-66,0,1.6988386284444903,101.43696783934736
14:35:14,1.698869,101.437033,0,0,0,0,0,0,0,0,155,180,forward,11217.16,-66,0,1.6988386284444903,101.43696783934736
14:35:16,1.698869,101.437033,0,0,0,0,0,0,0,0,155,180,forward,11217.16,-66,0,1.6988386284444903,101.43696783934736
14:35:18,1.698869,101.437033,0,0,0,0,0,0,0,0,155,180,forward,11217.16,-66,0,1.6988386284444903,101.43696783934736
14:35:20,1.698869,101.437033,0,0,0,0,0,0,0,0,155,180,forward,11217.16,-66,0,1.6988386284444903,101.43696783934736
14:35:23,1.698869,101.437033,0,0,0,0,0,0,0,0,155,180,forward,11217.16,-66,0,1.6988386284444903,101.43696783934736
14:35:25,1.698869,101.437033,0,0,0,0,0,0,0,0,155,180,forward,11217.16,-66,0,1.6988386284444903,101.43696783934736
14:35:27,1.698869,101.437033,0,0,0,0,0,0,0,0,155,180,forward,11217.16,-66,0,1.6988386284444903,101.43696783934736
14:35:29,1.698869,101.437033,0,0,0,0,0,0,0,0,155,180,forward,11217.16,-66,0,1.6988386284444903,101.43696783934736
14:35:31,1.698869,101.437033,0,0,0,0,0,0,0,0,155,180,forward,11217.16,-66,0,1.6988386284444903,101.43696783934736
14:35:34,1.698869,101.437033,0,0,0,0,0,0,0,0,155,180,forward,11217.16,-66,0,1.6988386284444903,101.43696783934736
14:35:36,1.698869,101.437033,0,0,0,0,0,0,0,0,155,180,forward,11217.16,-66,0,1.6988386284444903,101.43696783934736
14:35:38,1.698869,101.437033,0,0,0,0,0,0,0,0,155,180,forward,11217.16,-66,0,1.6988386284444903,101.43696783934736
14:35:40,1.698869,101.437033,0,0,0,0,0,0,0,0,155,180,forward,11217.16,-66,0,1.6988386284444903,101.43696783934736
14:35:42,1.698869,101.437033,0,0,0,0,0,0,0,0,155,180,forward,11217.16,-66,0,1.6988386284444903,101.43696783934736
14:35:45,1.698869,101.437033,0,0,0,0,0,0,0,0,155,180,forward,11217.16,-66,0,1.6988386284444903,101.43696783934736
14:35:47,1.698869,101.437033,0,0,0,0,0,0,0,0,155,180,forward,11217.16,-66,0,1.6988386284444903,101.43696783934736
14:35:49,1.698869,101.437033,0,0,0,0,0,0,0,0,155,180,forward,11217.16,-66,0,1.6988386284444903,101.43696783934736
14:35:51,1.698869,101.437033,0,0,0,0,0,0,0,0,155,180,forward,11217.16,-66,0,1.6988386284444903,101.43696783934736
14:35:53,1.698869,101.437033,0,0,0,0,0,0,0,0,155,180,forward,11217.16,-66,0,1.6988386284444903,101.43696783934736
14:35:56,1.698869,101.437033,0,0,0,0,0,0,0,0,155,180,forward,11217.16,-66,0,1.6988386284444903,101.43696783934736
14:35:58,1.698869,101.437033,0,0,0,0,0,0,0,0,155,180,forward,11217.16,-66,0,1.6988386284444903,101.43696783934736
14:36:00,1.698869,101.437033,0,0,0,0,0,0,0,0,155,180,forward,11217.16,-66,0,1.6988386284444903,101.43696783934736
14:36:02,1.698869,101.437033,0,0,0,0,0,0,0,0,155,180,forward,11217.16,-66,0,1.6988386284444903,101.43696783934736
14:36:04,1.698869,101.437033,0,0,0,0,0,0,0,0,155,180,forward,11217.16,-66,0,1.6988386284444903,101.43696783934736
14:36:07,1.698869,101.437033,0,0,0,0,0,0,0,0,155,180,forward,11217.16,-66,0,1.6988386284444903,101.43696783934736
14:36:09,1.698869,101.437033,0,0,0,0,0,0,0,0,155,180,forward,11217.16,-66,0,1.6988386284444903,101.43696783934736
14:36:11,1.698869,101.437033,0,0,0,0,0,0,0,0,155,180,forward,11217.16,-66,0,1.6988386284444903,101.43696783934736
14:36:13,1.698869,101.437033,0,0,0,0,0,0,0,0,155,180,forward,11217.16,-66,0,1.6988386284444903,101.43696783934736
14:36:15,1.698869,101.437033,0,0,0,0,0,0,0,0,155,180,forward,11217.16,-66,0,1.6988386284444903,101.43696783934736
14:36:18,1.698869,101.437033,0,0,0,0,0,0,0,0,155,180,forward,11217.16,-66,0,1.6988386284444903,101.43696783934736
14:36:20,1.698869,101.437033,0,0,0,0,0,0,0,0,155,180,forward,11217.16,-66,0,1.6988386284444903,101.43696783934736
14:36:22,1.698869,101.437033,0,0,0,0,0,0,0,0,155,180,forward,11217.16,-66,0,1.6988386284444903,101.43696783934736
14:36:24,1.698869,101.437033,0,0,0,0,0,0,0,0,155,180,forward,11217.16,-66,0,1.6988386284444903,101.43696783934736
14:36:26,1.698869,101.437033,0,0,0,0,0,0,0,0,155,180,forward,11217.16,-66,0,1.6988386284444903,101.43696783934736
14:36:29,1.698869,101.437033,0,0,0,0,0,0,0,0,155,180,forward,11217.16,-66,0,1.6988386284444903,101.43696783934736
14:36:31,1.698869,101.437033,0,0,0,0,0,0,0,0,155,180,forward,11217.16,-66,0,1.6988386284444903,101.43696783934736
14:36:33,1.698869,101.437033,0,0,0,0,0,0,0,0,155,180,forward,11217.16,-66,0,1.6988386284444903,101.43696783934736
14:36:35,1.698869,101.437033,0,0,0,0,0,0,0,0,155,180,forward,11217.16,-66,0,1.6988386284444903,101.43696783934736
14:36:37,1.698869,101.437033,0,0,0,0,0,0,0,0,155,180,forward,11217.16,-66,0,1.6988386284444903,101.43696783934736
14:36:40,1.698869,101.437033,0,0,0,0,0,0,0,0,155,180,forward,11217.16,-66,0,1.6988386284444903,101.43696783934736
14:36:42,1.698869,101.437033,0,0,0,0,0,0,0,0,155,180,forward,11217.16,-66,0,1.6988386284444903,101.43696783934736
14:36:44,1.698869,101.437033,0,0,0,0,0,0,0,0,155,180,forward,11217.16,-66,0,1.6988386284444903,101.43696783934736
14:36:46,1.698869,101.437033,0,0,0,0,0,0,0,0,155,180,forward,11217.16,-66,0,1.6988386284444903,101.43696783934736
14:36:48,1.698869,101.437033,0,0,0,0,0,0,0,0,155,180,forward,11217.16,-66,0,1.6988386284444903,101.43696783934736
14:36:51,1.698869,101.437033,0,0,0,0,0,0,0,0,155,180,forward,11217.16,-66,0,1.6988386284444903,101.43696783934736
14:36:53,1.698869,101.437033,0,0,0,0,0,0,0,0,155,180,forward,11217.16,-66,0,1.6988386284444903,101.43696783934736
14:36:55,1.698869,101.437033,0,0,0,0,0,0,0,0,155,180,forward,11217.16,-66,0,1.6988386284444903,101.43696783934736
14:36:57,1.698869,101.437033,0,0,0,0,0,0,0,0,155,180,forward,11217.16,-66,0,1.6988386284444903,101.43696783934736
14:36:59,1.698869,101.437033,0,0,0,0,0,0,0,0,155,180,forward,11217.16,-66,0,1.6988386284444903,101.43696783934736
14:37:02,1.698869,101.437033,0,0,0,0,0,0,0,0,155,180,forward,11217.16,-66,0,1.6988386284444903,101.43696783934736
14:37:04,1.698869,101.437033,0,0,0,0,0,0,0,0,155,180,forward,11217.16,-66,0,1.6988386284444903,101.43696783934736
14:37:06,1.698869,101.437033,0,0,0,0,0,0,0,0,155,180,forward,11217.16,-66,0,1.6988386284444903,101.43696783934736
14:37:08,1.698869,101.437033,0,0,0,0,0,0,0,0,155,180,forward,11217.16,-66,0,1.6988386284444903,101.43696783934736
14:37:10,1.698869,101.437033,0,0,0,0,0,0,0,0,155,180,forward,11217.16,-66,0,1.6988386284444903,101.43696783934736
14:37:13,1.698869,101.437033,0,0,0,0,0,0,0,0,155,180,forward,11217.16,-66,0,1.6988386284444903,101.43696783934736
14:37:15,1.698869,101.437033,0,0,0,0,0,0,0,0,155,180,forward,11217.16,-66,0,1.6988386284444903,101.43696783934736
14:37:17,1.698869,101.437033,0,0,0,0,0,0,0,0,155,180,forward,11217.16,-66,0,1.6988386284444903,101.43696783934736
14:37:19,1.698869,101.437033,0,0,0,0,0,0,0,0,155,180,forward,11217.16,-66,0,1.6988386284444903,101.43696783934736
14:37:21,1.698869,101.437033,0,0,0,0,0,0,0,0,155,180,forward,11217.16,-66,0,1.6988386284444903,101.43696783934736
14:37:24,1.698869,101.437033,0,0,0,0,0,0,0,0,155,180,forward,11217.16,-66,0,1.6988386284444903,101.43696783934736
14:37:26,1.698869,101.437033,0,0,0,0,0,0,0,0,155,180,forward,11217.16,-66,0,1.6988386284444903,101.43696783934736
14:37:28,1.698869,101.437033,0,0,0,0,0,0,0,0,155,180,forward,11217.16,-66,0,1.6988386284444903,101.43696783934736
14:37:30,1.698869,101.437033,0,0,0,0,0,0,0,0,155,180,forward,11217.16,-66,0,1.6988386284444903,101.43696783934736
14:37:32,1.698869,101.437033,0,0,0,0,0,0,0,0,155,180,forward,11217.16,-66,0,1.6988386284444903,101.43696783934736
14:37:35,1.698869,101.437033,0,0,0,0,0,0,0,0,155,180,forward,11217.16,-66,0,1.6988386284444903,101.43696783934736
14:37:37,1.698869,101.437033,0,0,0,0,0,0,0,0,155,180,forward,11217.16,-66,0,1.6988386284444903,101.43696783934736
14:37:39,1.698869,101.437033,0,0,0,0,0,0,0,0,155,180,forward,11217.16,-66,0,1.6988386284444903,101.43696783934736
14:37:41,1.698869,101.437033,0,0,0,0,0,0,0,0,155,180,forward,11217.16,-66,0,1.6988386284444903,101.43696783934736
14:37:43,1.698869,101.437033,0,0,0,0,0,0,0,0,155,180,forward,11217.16,-66,0,1.6988386284444903,101.43696783934736
14:37:46,1.698869,101.437033,0,0,0,0,0,0,0,0,155,180,forward,11217.16,-66,0,1.6988386284444903,101.43696783934736
14:37:48,1.698869,101.437033,0,0,0,0,0,0,0,0,155,180,forward,11217.16,-66,0,1.6988386284444903,101.43696783934736
14:37:50,1.698869,101.437033,0,0,0,0,0,0,0,0,155,180,forward,11217.16,-66,0,1.6988386284444903,101.43696783934736
14:37:52,1.698869,101.437033,0,0,0,0,0,0,0,0,155,180,forward,11217.16,-66,0,1.6988386284444903,101.43696783934736
14:37:54,1.698869,101.437033,0,0,0,0,0,0,0,0,155,180,forward,11217.16,-66,0,1.6988386284444903,101.43696783934736
14:37:57,1.698869,101.437033,0,0,0,0,0,0,0,0,155,180,forward,11217.16,-66,0,1.6988386284444903,101.43696783934736
14:37:59,1.698869,101.437033,0,0,0,0,0,0,0,0,155,180,forward,11217.16,-66,0,1.6988386284444903,101.43696783934736
14:38:01,1.698869,101.437033,0,0,0,0,0,0,0,0,155,180,forward,11217.16,-66,0,1.6988386284444903,101.43696783934736
14:38:03,1.698869,101.437033,0,0,0,0,0,0,0,0,155,180,forward,11217.16,-66,0,1.6988386284444903,101.43696783934736
14:38:05,1.698869,101.437033,0,0,0,0,0,0,0,0,155,180,forward,11217.16,-66,0,1.6988386284444903,101.43696783934736
14:38:08,1.698869,101.437033,0,0,0,0,0,0,0,0,155,180,forward,11217.16,-66,0,1.6988386284444903,101.43696783934736
14:38:10,1.698869,101.437033,0,0,0,0,0,0,0,0,155,180,forward,11217.16,-66,0,1.6988386284444903,101.43696783934736
14:38:12,1.698869,101.437033,0,0,0,0,0,0,0,0,155,180,forward,11217.16,-66,0,1.6988386284444903,101.43696783934736
14:38:14,1.698869,101.437033,0,0,0,0,0,0,0,0,155,180,forward,11217.16,-66,0,1.6988386284444903,101.43696783934736
14:38:16,1.698869,101.437033,0,0,0,0,0,0,0,0,155,180,forward,11217.16,-66,0,1.6988386284444903,101.43696783934736
14:38:19,1.698869,101.437033,0,0,0,0,0,0,0,0,155,180,forward,11217.16,-66,0,1.6988386284444903,101.43696783934736
14:38:21,1.698869,101.437033,0,0,0,0,0,0,0,0,155,180,forward,11217.16,-66,0,1.6988386284444903,101.43696783934736
14:38:23,1.698869,101.437033,0,0,0,0,0,0,0,0,155,180,forward,11217.16,-66,0,1.6988386284444903,101.43696783934736
14:38:25,1.698869,101.437033,0,0,0,0,0,0,0,0,155,180,forward,11217.16,-66,0,1.6988386284444903,101.43696783934736
14:38:27,1.698869,101.437033,0,0,0,0,0,0,0,0,155,180,forward,11217.16,-66,0,1.6988386284444903,101.43696783934736
14:38:30,1.698869,101.437033,0,0,0,0,0,0,0,0,155,180,forward,11217.16,-66,0,1.6988386284444903,101.43696783934736
14:38:32,1.698869,101.437033,0,0,0,0,0,0,0,0,155,180,forward,11217.16,-66,0,1.6988386284444903,101.43696783934736
14:38:34,1.698869,101.437033,0,0,0,0,0,0,0,0,155,180,forward,11217.16,-66,0,1.6988386284444903,101.43696783934736
14:38:36,1.698869,101.437033,0,0,0,0,0,0,0,0,155,180,forward,11217.16,-66,0,1.6988386284444903,101.43696783934736
14:38:38,1.698869,101.437033,0,0,0,0,0,0,0,0,155,180,forward,11217.16,-66,0,1.6988386284444903,101.43696783934736
14:38:41,1.698869,101.437033,0,0,0,0,0,0,0,0,155,180,forward,11217.16,-66,0,1.6988386284444903,101.43696783934736
14:38:43,1.698869,101.437033,0,0,0,0,0,0,0,0,155,180,forward,11217.16,-66,0,1.6988386284444903,101.43696783934736
14:38:45,1.698869,101.437033,0,0,0,0,0,0,0,0,155,180,forward,11217.16,-66,0,1.6988386284444903,101.43696783934736
14:38:47,1.698869,101.437033,0,0,0,0,0,0,0,0,155,180,forward,11217.16,-66,0,1.6988386284444903,101.43696783934736
14:38:49,1.698869,101.437033,0,0,0,0,0,0,0,0,155,180,forward,11217.16,-66,0,1.6988386284444903,101.43696783934736
14:38:52,1.698869,101.437033,0,0,0,0,0,0,0,0,155,180,forward,11217.16,-66,0,1.6988386284444903,101.43696783934736
14:38:54,1.698869,101.437033,0,0,0,0,0,0,0,0,155,180,forward,11217.16,-66,0,1.6988386284444903,101.43696783934736
14:38:56,1.698869,101.437033,0,0,0,0,0,0,0,0,155,180,forward,11217.16,-66,0,1.6988386284444903,101.43696783934736
14:38:58,1.698869,101.437033,0,0,0,0,0,0,0,0,155,180,forward,11217.16,-66,0,1.6988386284444903,101.43696783934736
14:39:00,1.698869,101.437033,0,0,0,0,0,0,0,0,155,180,forward,11217.16,-66,0,1.6988386284444903,101.43696783934736
14:39:03,1.698869,101.437033,0,0,0,0,0,0,0,0,155,180,forward,11217.16,-66,0,1.6988386284444903,101.43696783934736
14:39:05,1.698869,101.437033,0,0,0,0,0,0,0,0,155,180,forward,11217.16,-66,0,1.6988386284444903,101.43696783934736
14:39:07,1.698869,101.437033,0,0,0,0,0,0,0,0,155,180,forward,11217.16,-66,0,1.6988386284444903,101.43696783934736
14:39:09,1.698869,101.437033,0,0,0,0,0,0,0,0,155,180,forward,11217.16,-66,0,1.6988386284444903,101.43696783934736
14:39:11,1.698869,101.437033,0,0,0,0,0,0,0,0,155,180,forward,11217.16,-66,0,1.6988386284444903,101.43696783934736
14:39:14,1.698869,101.437033,0,0,0,0,0,0,0,0,155,180,forward,11217.16,-66,0,1.6988386284444903,101.43696783934736
14:39:16,1.698869,101.437033,0,0,0,0,0,0,0,0,155,180,forward,11217.16,-66,0,1.6988386284444903,101.43696783934736
14:39:18,1.698869,101.437033,0,0,0,0,0,0,0,0,155,180,forward,11217.16,-66,0,1.6988386284444903,101.43696783934736
14:39:20,1.698869,101.437033,0,0,0,0,0,0,0,0,155,180,forward,11217.16,-66,0,1.6988386284444903,101.43696783934736
14:39:22,1.698869,101.437033,0,0,0,0,0,0,0,0,155,180,forward,11217.16,-66,0,1.6988386284444903,101.43696783934736
14:39:25,1.698869,101.437033,0,0,0,0,0,0,0,0,155,180,forward,11217.16,-66,0,1.6988386284444903,101.43696783934736
14:39:27,1.698869,101.437033,0,0,0,0,0,0,0,0,155,180,forward,11217.16,-66,0,1.6988386284444903,101.43696783934736
14:39:29,1.698869,101.437033,0,0,0,0,0,0,0,0,155,180,forward,11217.16,-66,0,1.6988386284444903,101.43696783934736
14:39:31,1.698869,101.437033,0,0,0,0,0,0,0,0,155,180,forward,11217.16,-66,0,1.6988386284444903,101.43696783934736
14:39:33,1.698869,101.437033,0,0,0,0,0,0,0,0,155,180,forward,11217.16,-66,0,1.6988386284444903,101.43696783934736
14:39:36,1.698869,101.437033,0,0,0,0,0,0,0,0,155,180,forward,11217.16,-66,0,1.6988386284444903,101.43696783934736
14:39:38,1.698869,101.437033,0,0,0,0,0,0,0,0,155,180,forward,11217.16,-66,0,1.6988386284444903,101.43696783934736
14:39:40,1.698869,101.437033,0,0,0,0,0,0,0,0,155,180,forward,11217.16,-66,0,1.6988386284444903,101.43696783934736
14:39:42,1.698869,101.437033,0,0,0,0,0,0,0,0,155,180,forward,11217.16,-66,0,1.6988386284444903,101.43696783934736
14:39:44,1.698869,101.437033,0,0,0,0,0,0,0,0,155,180,forward,11217.16,-66,0,1.6988386284444903,101.43696783934736
14:39:47,1.698869,101.437033,0,0,0,0,0,0,0,0,155,180,forward,11217.16,-66,0,1.6988386284444903,101.43696783934736
14:39:49,1.698869,101.437033,0,0,0,0,0,0,0,0,155,180,forward,11217.16,-66,0,1.6988386284444903,101.43696783934736
14:39:51,1.698869,101.437033,0,0,0,0,0,0,0,0,155,180,forward,11217.16,-66,0,1.6988386284444903,101.43696783934736
14:39:53,1.698869,101.437033,0,0,0,0,0,0,0,0,155,180,forward,11217.16,-66,0,1.6988386284444903,101.43696783934736
14:39:55,1.698869,101.437033,0,0,0,0,0,0,0,0,155,180,forward,11217.16,-66,0,1.6988386284444903,101.43696783934736
14:39:58,1.698869,101.437033,0,0,0,0,0,0,0,0,155,180,forward,11217.16,-66,0,1.6988386284444903,101.43696783934736
14:40:00,1.698869,101.437033,0,0,0,0,0,0,0,0,155,180,forward,11217.16,-66,0,1.6988386284444903,101.43696783934736
14:40:02,1.698869,101.437033,0,0,0,0,0,0,0,0,155,180,forward,11217.16,-66,0,1.6988386284444903,101.43696783934736
14:40:04,1.698869,101.437033,0,0,0,0,0,0,0,0,155,180,forward,11217.16,-66,0,1.6988386284444903,101.43696783934736
14:40:06,1.698869,101.437033,0,0,0,0,0,0,0,0,155,180,forward,11217.16,-66,0,1.6988386284444903,101.43696783934736
14:40:08,1.698869,101.437033,0,0,0,0,0,0,0,0,155,180,forward,11217.16,-66,0,1.6988386284444903,101.43696783934736
14:40:11,1.698869,101.437033,0,0,0,0,0,0,0,0,155,180,forward,11217.16,-66,0,1.6988386284444903,101.43696783934736
14:40:13,1.698869,101.437033,0,0,0,0,0,0,0,0,155,180,forward,11217.16,-66,0,1.6988386284444903,101.43696783934736
14:40:15,1.698869,101.437033,0,0,0,0,0,0,0,0,155,180,forward,11217.16,-66,0,1.6988386284444903,101.43696783934736
14:40:17,1.698869,101.437033,0,0,0,0,0,0,0,0,155,180,forward,11217.16,-66,0,1.6988386284444903,101.43696783934736
14:40:19,1.698869,101.437033,0,0,0,0,0,0,0,0,155,180,forward,11217.16,-66,0,1.6988386284444903,101.43696783934736
14:40:22,1.698869,101.437033,0,0,0,0,0,0,0,0,155,180,forward,11217.16,-66,0,1.6988386284444903,101.43696783934736
14:40:24,1.698869,101.437033,0,0,0,0,0,0,0,0,155,180,forward,11217.16,-66,0,1.6988386284444903,101.43696783934736
14:40:26,1.698869,101.437033,0,0,0,0,0,0,0,0,155,180,forward,11217.16,-66,0,1.6988386284444903,101.43696783934736
14:40:28,1.698869,101.437033,0,0,0,0,0,0,0,0,155,180,forward,11217.16,-66,0,1.6988386284444903,101.43696783934736
14:40:30,1.698869,101.437033,0,0,0,0,0,0,0,0,155,180,forward,11217.16,-66,0,1.6988386284444903,101.43696783934736
14:40:32,1.698869,101.437033,0,0,0,0,0,0,0,0,155,180,forward,11217.16,-66,0,1.6988386284444903,101.43696783934736
14:40:34,1.698869,101.437033,0,0,0,0,0,0,0,0,155,180,forward,11217.16,-66,0,1.6988386284444903,101.43696783934736
14:40:37,1.698869,101.437033,0,0,0,0,0,0,0,0,155,180,forward,11217.16,-66,0,1.6988386284444903,101.43696783934736
14:40:39,1.698869,101.437033,0,0,0,0,0,0,0,0,155,180,forward,11217.16,-66,0,1.6988386284444903,101.43696783934736
14:40:41,1.698869,101.437033,0,0,0,0,0,0,0,0,155,180,forward,11217.16,-66,0,1.6988386284444903,101.43696783934736
14:40:43,1.698869,101.437033,0,0,0,0,0,0,0,0,155,180,forward,11217.16,-66,0,1.6988386284444903,101.43696783934736
14:40:45,1.698869,101.437033,0,0,0,0,0,0,0,0,155,180,forward,11217.16,-66,0,1.6988386284444903,101.43696783934736
14:40:48,1.698869,101.437033,0,0,0,0,0,0,0,0,155,180,forward,11217.16,-66,0,1.6988386284444903,101.43696783934736
14:40:50,1.698869,101.437033,0,0,0,0,0,0,0,0,155,180,forward,11217.16,-66,0,1.6988386284444903,101.43696783934736
14:40:52,1.698869,101.437033,0,0,0,0,0,0,0,0,155,180,forward,11217.16,-66,0,1.6988386284444903,101.43696783934736
14:40:54,1.698869,101.437033,0,0,0,0,0,0,0,0,155,180,forward,11217.16,-66,0,1.6988386284444903,101.43696783934736
14:40:56,1.698869,101.437033,0,0,0,0,0,0,0,0,155,180,forward,11217.16,-66,0,1.6988386284444903,101.43696783934736
14:40:59,1.698869,101.437033,0,0,0,0,0,0,0,0,155,180,forward,11217.16,-66,0,1.6988386284444903,101.43696783934736
14:41:01,1.698869,101.437033,0,0,0,0,0,0,0,0,155,180,forward,11217.16,-66,0,1.6988386284444903,101.43696783934736
14:41:03,1.698869,101.437033,0,0,0,0,0,0,0,0,155,180,forward,11217.16,-66,0,1.6988386284444903,101.43696783934736
14:41:05,1.698869,101.437033,0,0,0,0,0,0,0,0,155,180,forward,11217.16,-66,0,1.6988386284444903,101.43696783934736
14:41:07,1.698869,101.437033,0,0,0,0,0,0,0,0,155,180,forward,11217.16,-66,0,1.6988386284444903,101.43696783934736
14:41:09,1.698869,101.437033,0,0,0,0,0,0,0,0,155,180,forward,11217.16,-66,0,1.6988386284444903,101.43696783934736
14:41:11,1.698869,101.437033,0,0,0,0,0,0,0,0,155,180,forward,11217.16,-66,0,1.6988386284444903,101.43696783934736
14:41:13,1.698869,101.437033,0,0,0,0,0,0,0,0,155,180,forward,11217.16,-66,0,1.6988386284444903,101.43696783934736
14:41:15,1.698869,101.437033,0,0,0,0,0,0,0,0,155,180,forward,11217.16,-66,0,1.6988386284444903,101.43696783934736
14:41:17,1.698869,101.437033,0,0,0,0,0,0,0,0,155,180,forward,11217.16,-66,0,1.6988386284444903,101.43696783934736
14:41:20,1.698869,101.437033,0,0,0,0,0,0,0,0,155,180,forward,11217.16,-66,0,1.6988386284444903,101.43696783934736
14:41:22,1.698869,101.437033,0,0,0,0,0,0,0,0,155,180,forward,11217.16,-66,0,1.6988386284444903,101.43696783934736
14:41:24,1.698869,101.437033,0,0,0,0,0,0,0,0,155,180,forward,11217.16,-66,0,1.6988386284444903,101.43696783934736
14:41:26,1.698869,101.437033,0,0,0,0,0,0,0,0,155,180,forward,11217.16,-66,0,1.6988386284444903,101.43696783934736
14:41:28,1.698869,101.437033,0,0,0,0,0,0,0,0,155,180,forward,11217.16,-66,0,1.6988386284444903,101.43696783934736
14:41:30,1.698869,101.437033,0,0,0,0,0,0,0,0,155,180,forward,11217.16,-66,0,1.6988386284444903,101.43696783934736
14:41:32,1.698869,101.437033,0,0,0,0,0,0,0,0,155,180,forward,11217.16,-66,0,1.6988386284444903,101.43696783934736
14:41:35,1.698869,101.437033,0,0,0,0,0,0,0,0,155,180,forward,11217.16,-66,0,1.6988386284444903,101.43696783934736
14:41:37,1.698869,101.437033,0,0,0,0,0,0,0,0,155,180,forward,11217.16,-66,0,1.6988386284444903,101.43696783934736
14:41:39,1.698869,101.437033,0,0,0,0,0,0,0,0,155,180,forward,11217.16,-66,0,1.6988386284444903,101.43696783934736
14:41:41,1.698869,101.437033,0,0,0,0,0,0,0,0,155,180,forward,11217.16,-66,0,1.6988386284444903,101.43696783934736
14:41:43,1.698869,101.437033,0,0,0,0,0,0,0,0,155,180,forward,11217.16,-66,0,1.6988386284444903,101.43696783934736
14:41:45,1.698869,101.437033,0,0,0,0,0,0,0,0,155,180,forward,11217.16,-66,0,1.6988386284444903,101.43696783934736
14:41:48,1.698869,101.437033,0,0,0,0,0,0,0,0,155,180,forward,11217.16,-66,0,1.6988386284444903,101.43696783934736
14:41:50,1.698869,101.437033,0,0,0,0,0,0,0,0,155,180,forward,11217.16,-66,0,1.6988386284444903,101.43696783934736
14:41:52,1.698869,101.437033,0,0,0,0,0,0,0,0,155,180,forward,11217.16,-66,0,1.6988386284444903,101.43696783934736
14:41:54,1.698869,101.437033,0,0,0,0,0,0,0,0,155,180,forward,11217.16,-66,0,1.6988386284444903,101.43696783934736
14:41:56,1.698869,101.437033,0,0,0,0,0,0,0,0,155,180,forward,11217.16,-66,0,1.6988386284444903,101.43696783934736
14:41:58,1.698869,101.437033,0,0,0,0,0,0,0,0,155,180,forward,11217.16,-66,0,1.6988386284444903,101.43696783934736
14:42:01,1.698869,101.437033,0,0,0,0,0,0,0,0,155,180,forward,11217.16,-66,0,1.6988386284444903,101.43696783934736
14:42:03,1.698869,101.437033,0,0,0,0,0,0,0,0,155,180,forward,11217.16,-66,0,1.6988386284444903,101.43696783934736
14:42:05,1.698869,101.437033,0,0,0,0,0,0,0,0,155,180,forward,11217.16,-66,0,1.6988386284444903,101.43696783934736
14:42:07,1.698869,101.437033,0,0,0,0,0,0,0,0,155,180,forward,11217.16,-66,0,1.6988386284444903,101.43696783934736
14:42:09,1.698869,101.437033,0,0,0,0,0,0,0,0,155,180,forward,11217.16,-66,0,1.6988386284444903,101.43696783934736
14:42:11,1.698869,101.437033,0,0,0,0,0,0,0,0,155,180,forward,11217.16,-66,0,1.6988386284444903,101.43696783934736
14:42:14,1.698869,101.437033,0,0,0,0,0,0,0,0,155,180,forward,11217.16,-66,0,1.6988386284444903,101.43696783934736
14:42:16,1.698869,101.437033,0,0,0,0,0,0,0,0,155,180,forward,11217.16,-66,0,1.6988386284444903,101.43696783934736
14:42:18,1.698869,101.437033,0,0,0,0,0,0,0,0,155,180,forward,11217.16,-66,0,1.6988386284444903,101.43696783934736
14:42:20,1.698869,101.437033,0,0,0,0,0,0,0,0,155,180,forward,11217.16,-66,0,1.6988386284444903,101.43696783934736
14:42:22,1.698869,101.437033,0,0,0,0,0,0,0,0,155,180,forward,11217.16,-66,0,1.6988386284444903,101.43696783934736
14:42:24,1.698869,101.437033,0,0,0,0,0,0,0,0,155,180,forward,11217.16,-66,0,1.6988386284444903,101.43696783934736
14:42:26,1.698869,101.437033,0,0,0,0,0,0,0,0,155,180,forward,11217.16,-66,0,1.6988386284444903,101.43696783934736
14:42:28,1.698869,101.437033,0,0,0,0,0,0,0,0,155,180,forward,11217.16,-66,0,1.6988386284444903,101.43696783934736
14:42:30,1.698869,101.437033,0,0,0,0,0,0,0,0,155,180,forward,11217.16,-66,0,1.6988386284444903,101.43696783934736
14:42:33,1.698869,101.437033,0,0,0,0,0,0,0,0,155,180,forward,11217.16,-66,0,1.6988386284444903,101.43696783934736
14:42:35,1.698869,101.437033,0,0,0,0,0,0,0,0,155,180,forward,11217.16,-66,0,1.6988386284444903,101.43696783934736
14:42:37,1.698869,101.437033,0,0,0,0,0,0,0,0,155,180,forward,11217.16,-66,0,1.6988386284444903,101.43696783934736
14:42:39,1.698869,101.437033,0,0,0,0,0,0,0,0,155,180,forward,11217.16,-66,0,1.6988386284444903,101.43696783934736
14:42:41,1.698869,101.437033,0,0,0,0,0,0,0,0,155,180,forward,11217.16,-66,0,1.6988386284444903,101.43696783934736
14:42:43,1.698869,101.437033,0,0,0,0,0,0,0,0,155,180,forward,11217.16,-66,0,1.6988386284444903,101.43696783934736
14:42:46,1.698869,101.437033,0,0,0,0,0,0,0,0,155,180,forward,11217.16,-66,0,1.6988386284444903,101.43696783934736
14:42:48,1.698869,101.437033,0,0,0,0,0,0,0,0,155,180,forward,11217.16,-66,0,1.6988386284444903,101.43696783934736
14:42:50,1.698869,101.437033,0,0,0,0,0,0,0,0,155,180,forward,11217.16,-66,0,1.6988386284444903,101.43696783934736
14:42:52,1.698869,101.437033,0,0,0,0,0,0,0,0,155,180,forward,11217.16,-66,0,1.6988386284444903,101.43696783934736
14:42:54,1.698869,101.437033,0,0,0,0,0,0,0,0,155,180,forward,11217.16,-66,0,1.6988386284444903,101.43696783934736
14:42:56,1.698869,101.437033,0,0,0,0,0,0,0,0,155,180,forward,11217.16,-66,0,1.6988386284444903,101.43696783934736
14:42:59,1.698869,101.437033,0,0,0,0,0,0,0,0,155,180,forward,11217.16,-66,0,1.6988386284444903,101.43696783934736
14:43:01,1.698869,101.437033,0,0,0,0,0,0,0,0,155,180,forward,11217.16,-66,0,1.6988386284444903,101.43696783934736
14:43:03,1.698869,101.437033,0,0,0,0,0,0,0,0,155,180,forward,11217.16,-66,0,1.6988386284444903,101.43696783934736
14:43:05,1.698869,101.437033,0,0,0,0,0,0,0,0,155,180,forward,11217.16,-66,0,1.6988386284444903,101.43696783934736
14:43:07,1.698869,101.437033,0,0,0,0,0,0,0,0,155,180,forward,11217.16,-66,0,1.6988386284444903,101.43696783934736
14:43:09,1.698869,101.437033,0,0,0,0,0,0,0,0,155,180,forward,11217.16,-66,0,1.6988386284444903,101.43696783934736
14:43:12,1.698869,101.437033,0,0,0,0,0,0,0,0,155,180,forward,11217.16,-66,0,1.6988386284444903,101.43696783934736
14:43:14,1.698869,101.437033,0,0,0,0,0,0,0,0,155,180,forward,11217.16,-66,0,1.6988386284444903,101.43696783934736
14:43:16,1.698869,101.437033,0,0,0,0,0,0,0,0,155,180,forward,11217.16,-66,0,1.6988386284444903,101.43696783934736
14:43:18,1.698869,101.437033,0,0,0,0,0,0,0,0,155,180,forward,11217.16,-66,0,1.6988386284444903,101.43696783934736
14:43:20,1.698869,101.437033,0,0,0,0,0,0,0,0,155,180,forward,11217.16,-66,0,1.6988386284444903,101.43696783934736
14:43:22,1.698869,101.437033,0,0,0,0,0,0,0,0,155,180,forward,11217.16,-66,0,1.6988386284444903,101.43696783934736
14:43:24,1.698869,101.437033,0,0,0,0,0,0,0,0,155,180,forward,11217.16,-66,0,1.6988386284444903,101.43696783934736
14:43:26,1.698869,101.437033,0,0,0,0,0,0,0,0,155,180,forward,11217.16,-66,0,1.6988386284444903,101.43696783934736
14:43:29,1.698869,101.437033,0,0,0,0,0,0,0,0,155,180,forward,11217.16,-66,0,1.6988386284444903,101.43696783934736
14:43:31,1.698869,101.437033,0,0,0,0,0,0,0,0,155,180,forward,11217.16,-66,0,1.6988386284444903,101.43696783934736
14:43:33,1.698869,101.437033,0,0,0,0,0,0,0,0,155,180,forward,11217.16,-66,0,1.6988386284444903,101.43696783934736
14:43:35,1.698869,101.437033,0,0,0,0,0,0,0,0,155,180,forward,11217.16,-66,0,1.6988386284444903,101.43696783934736
14:43:37,1.698869,101.437033,0,0,0,0,0,0,0,0,155,180,forward,11217.16,-66,0,1.6988386284444903,101.43696783934736
14:43:40,1.698869,101.437033,0,0,0,0,0,0,0,0,155,180,forward,11217.16,-66,0,1.6988386284444903,101.43696783934736
14:43:42,1.698869,101.437033,0,0,0,0,0,0,0,0,155,180,forward,11217.16,-66,0,1.6988386284444903,101.43696783934736
14:43:44,1.698869,101.437033,0,0,0,0,0,0,0,0,155,180,forward,11217.16,-66,0,1.6988386284444903,101.43696783934736
14:43:46,1.698869,101.437033,0,0,0,0,0,0,0,0,155,180,forward,11217.16,-66,0,1.6988386284444903,101.43696783934736
14:43:48,1.698869,101.437033,0,0,0,0,0,0,0,0,155,180,forward,11217.16,-66,0,1.6988386284444903,101.43696783934736
14:43:50,1.698869,101.437033,0,0,0,0,0,0,0,0,155,180,forward,11217.16,-66,0,1.6988386284444903,101.43696783934736
14:43:53,1.698869,101.437033,0,0,0,0,0,0,0,0,155,180,forward,11217.16,-66,0,1.6988386284444903,101.43696783934736
14:43:55,1.698869,101.437033,0,0,0,0,0,0,0,0,155,180,forward,11217.16,-66,0,1.6988386284444903,101.43696783934736
14:43:57,1.698869,101.437033,0,0,0,0,0,0,0,0,155,180,forward,11217.16,-66,0,1.6988386284444903,101.43696783934736
14:43:59,1.698869,101.437033,0,0,0,0,0,0,0,0,155,180,forward,11217.16,-66,0,1.6988386284444903,101.43696783934736
14:44:01,1.698869,101.437033,0,0,0,0,0,0,0,0,155,180,forward,11217.16,-66,0,1.6988386284444903,101.43696783934736
14:44:03,1.698869,101.437033,0,0,0,0,0,0,0,0,155,180,forward,11217.16,-66,0,1.6988386284444903,101.43696783934736
14:44:05,1.698869,101.437033,0,0,0,0,0,0,0,0,155,180,forward,11217.16,-66,0,1.6988386284444903,101.43696783934736
14:44:08,1.698869,101.437033,0,0,0,0,0,0,0,0,155,180,forward,11217.16,-66,0,1.6988386284444903,101.43696783934736
14:44:10,1.698869,101.437033,0,0,0,0,0,0,0,0,155,180,forward,11217.16,-66,0,1.6988386284444903,101.43696783934736
14:44:12,1.698869,101.437033,0,0,0,0,0,0,0,0,155,180,forward,11217.16,-66,0,1.6988386284444903,101.43696783934736
14:44:14,1.698869,101.437033,0,0,0,0,0,0,0,0,155,180,forward,11217.16,-66,0,1.6988386284444903,101.43696783934736
14:44:16,1.698869,101.437033,0,0,0,0,0,0,0,0,155,180,forward,11217.16,-66,0,1.6988386284444903,101.43696783934736
14:44:18,1.698869,101.437033,0,0,0,0,0,0,0,0,155,180,forward,11217.16,-66,0,1.6988386284444903,101.43696783934736
14:44:20,1.698869,101.437033,0,0,0,0,0,0,0,0,155,180,forward,11217.16,-66,0,1.6988386284444903,101.43696783934736
14:44:22,1.698869,101.437033,0,0,0,0,0,0,0,0,155,180,forward,11217.16,-66,0,1.6988386284444903,101.43696783934736
14:44:25,1.698869,101.437033,0,0,0,0,0,0,0,0,155,180,forward,11217.16,-66,0,1.6988386284444903,101.43696783934736
14:44:27,1.698869,101.437033,0,0,0,0,0,0,0,0,155,180,forward,11217.16,-66,0,1.6988386284444903,101.43696783934736
14:44:29,1.698869,101.437033,0,0,0,0,0,0,0,0,155,180,forward,11217.16,-66,0,1.6988386284444903,101.43696783934736
14:44:31,1.698869,101.437033,0,0,0,0,0,0,0,0,155,180,forward,11217.16,-66,0,1.6988386284444903,101.43696783934736
14:44:33,1.698869,101.437033,0,0,0,0,0,0,0,0,155,180,forward,11217.16,-66,0,1.6988386284444903,101.43696783934736
14:44:35,1.698869,101.437033,0,0,0,0,0,0,0,0,155,180,forward,11217.16,-66,0,1.6988386284444903,101.43696783934736
14:44:37,1.698869,101.437033,0,0,0,0,0,0,0,0,155,180,forward,11217.16,-66,0,1.6988386284444903,101.43696783934736
14:44:40,1.698869,101.437033,0,0,0,0,0,0,0,0,155,180,forward,11217.16,-66,0,1.6988386284444903,101.43696783934736
14:44:42,1.698869,101.437033,0,0,0,0,0,0,0,0,155,180,forward,11217.16,-66,0,1.6988386284444903,101.43696783934736
14:44:44,1.698869,101.437033,0,0,0,0,0,0,0,0,155,180,forward,11217.16,-66,0,1.6988386284444903,101.43696783934736
14:44:46,1.698869,101.437033,0,0,0,0,0,0,0,0,155,180,forward,11217.16,-66,0,1.6988386284444903,101.43696783934736
14:44:48,1.698869,101.437033,0,0,0,0,0,0,0,0,155,180,forward,11217.16,-66,0,1.6988386284444903,101.43696783934736
14:44:51,1.698869,101.437033,0,0,0,0,0,0,0,0,155,180,forward,11217.16,-66,0,1.6988386284444903,101.43696783934736
14:44:53,1.698869,101.437033,0,0,0,0,0,0,0,0,155,180,forward,11217.16,-66,0,1.6988386284444903,101.43696783934736
14:44:55,1.698869,101.437033,0,0,0,0,0,0,0,0,155,180,forward,11217.16,-66,0,1.6988386284444903,101.43696783934736
14:44:57,1.698869,101.437033,0,0,0,0,0,0,0,0,155,180,forward,11217.16,-66,0,1.6988386284444903,101.43696783934736
14:44:59,1.698869,101.437033,0,0,0,0,0,0,0,0,155,180,forward,11217.16,-66,0,1.6988386284444903,101.43696783934736
14:45:01,1.698869,101.437033,0,0,0,0,0,0,0,0,155,180,forward,11217.16,-66,0,1.6988386284444903,101.43696783934736
14:45:03,1.698869,101.437033,0,0,0,0,0,0,0,0,155,180,forward,11217.16,-66,0,1.6988386284444903,101.43696783934736
14:45:05,1.698869,101.437033,0,0,0,0,0,0,0,0,155,180,forward,11217.16,-66,0,1.6988386284444903,101.43696783934736
14:45:08,1.698869,101.437033,0,0,0,0,0,0,0,0,155,180,forward,11217.16,-66,0,1.6988386284444903,101.43696783934736
14:45:10,1.698869,101.437033,0,0,0,0,0,0,0,0,155,180,forward,11217.16,-66,0,1.6988386284444903,101.43696783934736
14:45:12,1.698869,101.437033,0,0,0,0,0,0,0,0,155,180,forward,11217.16,-66,0,1.6988386284444903,101.43696783934736
14:45:14,1.698869,101.437033,0,0,0,0,0,0,0,0,155,180,forward,11217.16,-66,0,1.6988386284444903,101.43696783934736
14:45:16,1.698869,101.437033,0,0,0,0,0,0,0,0,155,180,forward,11217.16,-66,0,1.6988386284444903,101.43696783934736
14:45:19,1.698869,101.437033,0,0,0,0,0,0,0,0,155,180,forward,11217.16,-66,0,1.6988386284444903,101.43696783934736
14:45:21,1.698869,101.437033,0,0,0,0,0,0,0,0,155,180,forward,11217.16,-66,0,1.6988386284444903,101.43696783934736
14:45:23,1.698869,101.437033,0,0,0,0,0,0,0,0,155,180,forward,11217.16,-66,0,1.6988386284444903,101.43696783934736
14:45:25,1.698869,101.437033,0,0,0,0,0,0,0,0,155,180,forward,11217.16,-66,0,1.6988386284444903,101.43696783934736
14:45:27,1.698869,101.437033,0,0,0,0,0,0,0,0,155,180,forward,11217.16,-66,0,1.6988386284444903,101.43696783934736
14:45:29,1.698869,101.437033,0,0,0,0,0,0,0,0,155,180,forward,11217.16,-66,0,1.6988386284444903,101.43696783934736
14:45:32,1.698869,101.437033,0,0,0,0,0,0,0,0,155,180,forward,11217.16,-66,0,1.6988386284444903,101.43696783934736
14:45:34,1.698869,101.437033,0,0,0,0,0,0,0,0,155,180,forward,11217.16,-66,0,1.6988386284444903,101.43696783934736
14:45:36,1.698869,101.437033,0,0,0,0,0,0,0,0,155,180,forward,11217.16,-66,0,1.6988386284444903,101.43696783934736
14:45:38,1.698869,101.437033,0,0,0,0,0,0,0,0,155,180,forward,11217.16,-66,0,1.6988386284444903,101.43696783934736
14:45:40,1.698869,101.437033,0,0,0,0,0,0,0,0,155,180,forward,11217.16,-66,0,1.6988386284444903,101.43696783934736
14:45:42,1.698869,101.437033,0,0,0,0,0,0,0,0,155,180,forward,11217.16,-66,0,1.6988386284444903,101.43696783934736
14:45:45,1.698869,101.437033,0,0,0,0,0,0,0,0,155,180,forward,11217.16,-66,0,1.6988386284444903,101.43696783934736
14:45:47,1.698869,101.437033,0,0,0,0,0,0,0,0,155,180,forward,11217.16,-66,0,1.6988386284444903,101.43696783934736
14:45:49,1.698869,101.437033,0,0,0,0,0,0,0,0,155,180,forward,11217.16,-66,0,1.6988386284444903,101.43696783934736
14:45:51,1.698869,101.437033,0,0,0,0,0,0,0,0,155,180,forward,11217.16,-66,0,1.6988386284444903,101.43696783934736
14:45:53,1.698869,101.437033,0,0,0,0,0,0,0,0,155,180,forward,11217.16,-66,0,1.6988386284444903,101.43696783934736
14:45:56,1.698869,101.437033,0,0,0,0,0,0,0,0,155,180,forward,11217.16,-66,0,1.6988386284444903,101.43696783934736
14:45:58,1.698869,101.437033,0,0,0,0,0,0,0,0,155,180,forward,11217.16,-66,0,1.6988386284444903,101.43696783934736
14:46:00,1.698869,101.437033,0,0,0,0,0,0,0,0,155,180,forward,11217.16,-66,0,1.6988386284444903,101.43696783934736
14:46:02,1.698869,101.437033,0,0,0,0,0,0,0,0,155,180,forward,11217.16,-66,0,1.6988386284444903,101.43696783934736
14:46:04,1.698869,101.437033,0,0,0,0,0,0,0,0,155,180,forward,11217.16,-66,0,1.6988386284444903,101.43696783934736
14:46:06,1.698869,101.437033,0,0,0,0,0,0,0,0,155,180,forward,11217.16,-66,0,1.6988386284444903,101.43696783934736
14:46:08,1.698869,101.437033,0,0,0,0,0,0,0,0,155,180,forward,11217.16,-66,0,1.6988386284444903,101.43696783934736
14:46:11,1.698869,101.437033,0,0,0,0,0,0,0,0,155,180,forward,11217.16,-66,0,1.6988386284444903,101.43696783934736
14:46:13,1.698869,101.437033,0,0,0,0,0,0,0,0,155,180,forward,11217.16,-66,0,1.6988386284444903,101.43696783934736
14:46:15,1.698869,101.437033,0,0,0,0,0,0,0,0,155,180,forward,11217.16,-66,0,1.6988386284444903,101.43696783934736
14:46:17,1.698869,101.437033,0,0,0,0,0,0,0,0,155,180,forward,11217.16,-66,0,1.6988386284444903,101.43696783934736
14:46:19,1.698869,101.437033,0,0,0,0,0,0,0,0,155,180,forward,11217.16,-66,0,1.6988386284444903,101.43696783934736
14:46:22,1.698869,101.437033,0,0,0,0,0,0,0,0,155,180,forward,11217.16,-66,0,1.6988386284444903,101.43696783934736
14:46:24,1.698869,101.437033,0,0,0,0,0,0,0,0,155,180,forward,11217.16,-66,0,1.6988386284444903,101.43696783934736
14:46:26,1.698869,101.437033,0,0,0,0,0,0,0,0,155,180,forward,11217.16,-66,0,1.6988386284444903,101.43696783934736
14:46:28,1.698869,101.437033,0,0,0,0,0,0,0,0,155,180,forward,11217.16,-66,0,1.6988386284444903,101.43696783934736
14:46:30,1.698869,101.437033,0,0,0,0,0,0,0,0,155,180,forward,11217.16,-66,0,1.6988386284444903,101.43696783934736
14:46:32,1.698869,101.437033,0,0,0,0,0,0,0,0,155,180,forward,11217.16,-66,0,1.6988386284444903,101.43696783934736
14:46:35,1.698869,101.437033,0,0,0,0,0,0,0,0,155,180,forward,11217.16,-66,0,1.6988386284444903,101.43696783934736
14:46:37,1.698869,101.437033,0,0,0,0,0,0,0,0,155,180,forward,11217.16,-66,0,1.6988386284444903,101.43696783934736
14:46:39,1.698869,101.437033,0,0,0,0,0,0,0,0,155,180,forward,11217.16,-66,0,1.6988386284444903,101.43696783934736
14:46:41,1.698869,101.437033,0,0,0,0,0,0,0,0,155,180,forward,11217.16,-66,0,1.6988386284444903,101.43696783934736
14:46:43,1.698869,101.437033,0,0,0,0,0,0,0,0,155,180,forward,11217.16,-66,0,1.6988386284444903,101.43696783934736
14:46:45,1.698869,101.437033,0,0,0,0,0,0,0,0,155,180,forward,11217.16,-66,0,1.6988386284444903,101.43696783934736
14:46:48,1.698869,101.437033,0,0,0,0,0,0,0,0,155,180,forward,11217.16,-66,0,1.6988386284444903,101.43696783934736
14:46:50,1.698869,101.437033,0,0,0,0,0,0,0,0,155,180,forward,11217.16,-66,0,1.6988386284444903,101.43696783934736
14:46:52,1.698869,101.437033,0,0,0,0,0,0,0,0,155,180,forward,11217.16,-66,0,1.6988386284444903,101.43696783934736
14:46:54,1.698869,101.437033,0,0,0,0,0,0,0,0,155,180,forward,11217.16,-66,0,1.6988386284444903,101.43696783934736
14:46:56,1.698869,101.437033,0,0,0,0,0,0,0,0,155,180,forward,11217.16,-66,0,1.6988386284444903,101.43696783934736
14:46:59,1.698869,101.437033,0,0,0,0,0,0,0,0,155,180,forward,11217.16,-66,0,1.6988386284444903,101.43696783934736
14:47:01,1.698869,101.437033,0,0,0,0,0,0,0,0,155,180,forward,11217.16,-66,0,1.6988386284444903,101.43696783934736
14:47:03,1.698869,101.437033,0,0,0,0,0,0,0,0,155,180,forward,11217.16,-66,0,1.6988386284444903,101.43696783934736
14:47:05,1.698869,101.437033,0,0,0,0,0,0,0,0,155,180,forward,11217.16,-66,0,1.6988386284444903,101.43696783934736
14:47:07,1.698869,101.437033,0,0,0,0,0,0,0,0,155,180,forward,11217.16,-66,0,1.6988386284444903,101.43696783934736
14:47:09,1.698869,101.437033,0,0,0,0,0,0,0,0,155,180,forward,11217.16,-66,0,1.6988386284444903,101.43696783934736
14:47:12,1.698869,101.437033,0,0,0,0,0,0,0,0,155,180,forward,11217.16,-66,0,1.6988386284444903,101.43696783934736
14:47:14,1.698869,101.437033,0,0,0,0,0,0,0,0,155,180,forward,11217.16,-66,0,1.6988386284444903,101.43696783934736
14:47:16,1.698869,101.437033,0,0,0,0,0,0,0,0,155,180,forward,11217.16,-66,0,1.6988386284444903,101.43696783934736
14:47:18,1.698869,101.437033,0,0,0,0,0,0,0,0,155,180,forward,11217.16,-66,0,1.6988386284444903,101.43696783934736
14:47:20,1.698869,101.437033,0,0,0,0,0,0,0,0,155,180,forward,11217.16,-66,0,1.6988386284444903,101.43696783934736
14:47:23,1.698869,101.437033,0,0,0,0,0,0,0,0,155,180,forward,11217.16,-66,0,1.6988386284444903,101.43696783934736
14:47:25,1.698869,101.437033,0,0,0,0,0,0,0,0,155,180,forward,11217.16,-66,0,1.6988386284444903,101.43696783934736
14:47:27,1.698869,101.437033,0,0,0,0,0,0,0,0,155,180,forward,11217.16,-66,0,1.6988386284444903,101.43696783934736
14:47:29,1.698869,101.437033,0,0,0,0,0,0,0,0,155,180,forward,11217.16,-66,0,1.6988386284444903,101.43696783934736
14:47:31,1.698869,101.437033,0,0,0,0,0,0,0,0,155,180,forward,11217.16,-66,0,1.6988386284444903,101.43696783934736
14:47:33,1.698869,101.437033,0,0,0,0,0,0,0,0,155,180,forward,11217.16,-66,0,1.6988386284444903,101.43696783934736
14:47:35,1.698869,101.437033,0,0,0,0,0,0,0,0,155,180,forward,11217.16,-66,0,1.6988386284444903,101.43696783934736
14:47:38,1.698869,101.437033,0,0,0,0,0,0,0,0,155,180,forward,11217.16,-66,0,1.6988386284444903,101.43696783934736
14:47:40,1.698869,101.437033,0,0,0,0,0,0,0,0,155,180,forward,11217.16,-66,0,1.6988386284444903,101.43696783934736
14:47:42,1.698869,101.437033,0,0,0,0,0,0,0,0,155,180,forward,11217.16,-66,0,1.6988386284444903,101.43696783934736
14:47:44,1.698869,101.437033,0,0,0,0,0,0,0,0,155,180,forward,11217.16,-66,0,1.6988386284444903,101.43696783934736
14:47:46,1.698869,101.437033,0,0,0,0,0,0,0,0,155,180,forward,11217.16,-66,0,1.6988386284444903,101.43696783934736
14:47:48,1.698869,101.437033,0,0,0,0,0,0,0,0,155,180,forward,11217.16,-66,0,1.6988386284444903,101.43696783934736
14:47:51,1.698869,101.437033,0,0,0,0,0,0,0,0,155,180,forward,11217.16,-66,0,1.6988386284444903,101.43696783934736
14:47:53,1.698869,101.437033,0,0,0,0,0,0,0,0,155,180,forward,11217.16,-66,0,1.6988386284444903,101.43696783934736
14:47:55,1.698869,101.437033,0,0,0,0,0,0,0,0,155,180,forward,11217.16,-66,0,1.6988386284444903,101.43696783934736
14:47:57,1.698869,101.437033,0,0,0,0,0,0,0,0,155,180,forward,11217.16,-66,0,1.6988386284444903,101.43696783934736
14:47:59,1.698869,101.437033,0,0,0,0,0,0,0,0,155,180,forward,11217.16,-66,0,1.6988386284444903,101.43696783934736
14:48:01,1.698869,101.437033,0,0,0,0,0,0,0,0,155,180,forward,11217.16,-66,0,1.6988386284444903,101.43696783934736
14:48:04,1.698869,101.437033,0,0,0,0,0,0,0,0,155,180,forward,11217.16,-66,0,1.6988386284444903,101.43696783934736
14:48:06,1.698869,101.437033,0,0,0,0,0,0,0,0,155,180,forward,11217.16,-66,0,1.6988386284444903,101.43696783934736
14:48:08,1.698869,101.437033,0,0,0,0,0,0,0,0,155,180,forward,11217.16,-66,0,1.6988386284444903,101.43696783934736
14:48:10,1.698869,101.437033,0,0,0,0,0,0,0,0,155,180,forward,11217.16,-66,0,1.6988386284444903,101.43696783934736
14:48:12,1.698869,101.437033,0,0,0,0,0,0,0,0,155,180,forward,11217.16,-66,0,1.6988386284444903,101.43696783934736
14:48:14,1.698869,101.437033,0,0,0,0,0,0,0,0,155,180,forward,11217.16,-66,0,1.6988386284444903,101.43696783934736
14:48:16,1.698869,101.437033,0,0,0,0,0,0,0,0,155,180,forward,11217.16,-66,0,1.6988386284444903,101.43696783934736
14:48:19,1.698869,101.437033,0,0,0,0,0,0,0,0,155,180,forward,11217.16,-66,0,1.6988386284444903,101.43696783934736
14:48:21,1.698869,101.437033,0,0,0,0,0,0,0,0,155,180,forward,11217.16,-66,0,1.6988386284444903,101.43696783934736
14:48:23,1.698869,101.437033,0,0,0,0,0,0,0,0,155,180,forward,11217.16,-66,0,1.6988386284444903,101.43696783934736
14:48:25,1.698869,101.437033,0,0,0,0,0,0,0,0,155,180,forward,11217.16,-66,0,1.6988386284444903,101.43696783934736
14:48:27,1.698869,101.437033,0,0,0,0,0,0,0,0,155,180,forward,11217.16,-66,0,1.6988386284444903,101.43696783934736
14:48:29,1.698869,101.437033,0,0,0,0,0,0,0,0,155,180,forward,11217.16,-66,0,1.6988386284444903,101.43696783934736
14:48:32,1.698869,101.437033,0,0,0,0,0,0,0,0,155,180,forward,11217.16,-66,0,1.6988386284444903,101.43696783934736
14:48:34,1.698869,101.437033,0,0,0,0,0,0,0,0,155,180,forward,11217.16,-66,0,1.6988386284444903,101.43696783934736
14:48:36,1.698869,101.437033,0,0,0,0,0,0,0,0,155,180,forward,11217.16,-66,0,1.6988386284444903,101.43696783934736
14:48:38,1.698869,101.437033,0,0,0,0,0,0,0,0,155,180,forward,11217.16,-66,0,1.6988386284444903,101.43696783934736
14:48:40,1.698869,101.437033,0,0,0,0,0,0,0,0,155,180,forward,11217.16,-66,0,1.6988386284444903,101.43696783934736
14:48:42,1.698869,101.437033,0,0,0,0,0,0,0,0,155,180,forward,11217.16,-66,0,1.6988386284444903,101.43696783934736
14:48:44,1.698869,101.437033,0,0,0,0,0,0,0,0,155,180,forward,11217.16,-66,0,1.6988386284444903,101.43696783934736
14:48:47,1.698869,101.437033,0,0,0,0,0,0,0,0,155,180,forward,11217.16,-66,0,1.6988386284444903,101.43696783934736
14:48:49,1.698869,101.437033,0,0,0,0,0,0,0,0,155,180,forward,11217.16,-66,0,1.6988386284444903,101.43696783934736
14:48:51,1.698869,101.437033,0,0,0,0,0,0,0,0,155,180,forward,11217.16,-66,0,1.6988386284444903,101.43696783934736
14:48:53,1.698869,101.437033,0,0,0,0,0,0,0,0,155,180,forward,11217.16,-66,0,1.6988386284444903,101.43696783934736
14:48:55,1.698869,101.437033,0,0,0,0,0,0,0,0,155,180,forward,11217.16,-66,0,1.6988386284444903,101.43696783934736
14:48:57,1.698869,101.437033,0,0,0,0,0,0,0,0,155,180,forward,11217.16,-66,0,1.6988386284444903,101.43696783934736
14:48:59,1.698869,101.437033,0,0,0,0,0,0,0,0,155,180,forward,11217.16,-66,0,1.6988386284444903,101.43696783934736
14:49:01,1.698869,101.437033,0,0,0,0,0,0,0,0,155,180,forward,11217.16,-66,0,1.6988386284444903,101.43696783934736
14:49:04,1.698869,101.437033,0,0,0,0,0,0,0,0,155,180,forward,11217.16,-66,0,1.6988386284444903,101.43696783934736
14:49:06,1.698869,101.437033,0,0,0,0,0,0,0,0,155,180,forward,11217.16,-66,0,1.6988386284444903,101.43696783934736
14:49:08,1.698869,101.437033,0,0,0,0,0,0,0,0,155,180,forward,11217.16,-66,0,1.6988386284444903,101.43696783934736
14:49:10,1.698869,101.437033,0,0,0,0,0,0,0,0,155,180,forward,11217.16,-66,0,1.6988386284444903,101.43696783934736
14:49:12,1.698869,101.437033,0,0,0,0,0,0,0,0,155,180,forward,11217.16,-66,0,1.6988386284444903,101.43696783934736
14:49:14,1.698869,101.437033,0,0,0,0,0,0,0,0,155,180,forward,11217.16,-66,0,1.6988386284444903,101.43696783934736
14:49:17,1.698869,101.437033,0,0,0,0,0,0,0,0,155,180,forward,11217.16,-66,0,1.6988386284444903,101.43696783934736
14:49:19,1.698869,101.437033,0,0,0,0,0,0,0,0,155,180,forward,11217.16,-66,0,1.6988386284444903,101.43696783934736
14:49:21,1.698869,101.437033,0,0,0,0,0,0,0,0,155,180,forward,11217.16,-66,0,1.6988386284444903,101.43696783934736
14:49:23,1.698869,101.437033,0,0,0,0,0,0,0,0,155,180,forward,11217.16,-66,0,1.6988386284444903,101.43696783934736
14:49:25,1.698869,101.437033,0,0,0,0,0,0,0,0,155,180,forward,11217.16,-66,0,1.6988386284444903,101.43696783934736
14:49:27,1.698869,101.437033,0,0,0,0,0,0,0,0,155,180,forward,11217.16,-66,0,1.6988386284444903,101.43696783934736
14:49:29,1.698869,101.437033,0,0,0,0,0,0,0,0,155,180,forward,11217.16,-66,0,1.6988386284444903,101.43696783934736
14:49:32,1.698869,101.437033,0,0,0,0,0,0,0,0,155,180,forward,11217.16,-66,0,1.6988386284444903,101.43696783934736
14:49:34,1.698869,101.437033,0,0,0,0,0,0,0,0,155,180,forward,11217.16,-66,0,1.6988386284444903,101.43696783934736
14:49:36,1.698869,101.437033,0,0,0,0,0,0,0,0,155,180,forward,11217.16,-66,0,1.6988386284444903,101.43696783934736
14:49:38,1.698869,101.437033,0,0,0,0,0,0,0,0,155,180,forward,11217.16,-66,0,1.6988386284444903,101.43696783934736
14:49:40,1.698869,101.437033,0,0,0,0,0,0,0,0,155,180,forward,11217.16,-66,0,1.6988386284444903,101.43696783934736
14:49:42,1.698869,101.437033,0,0,0,0,0,0,0,0,155,180,forward,11217.16,-66,0,1.6988386284444903,101.43696783934736
14:49:45,1.698869,101.437033,0,0,0,0,0,0,0,0,155,180,forward,11217.16,-66,0,1.6988386284444903,101.43696783934736
14:49:47,1.698869,101.437033,0,0,0,0,0,0,0,0,155,180,forward,11217.16,-66,0,1.6988386284444903,101.43696783934736
14:49:49,1.698869,101.437033,0,0,0,0,0,0,0,0,155,180,forward,11217.16,-66,0,1.6988386284444903,101.43696783934736
14:49:51,1.698869,101.437033,0,0,0,0,0,0,0,0,155,180,forward,11217.16,-66,0,1.6988386284444903,101.43696783934736
14:49:53,1.698869,101.437033,0,0,0,0,0,0,0,0,155,180,forward,11217.16,-66,0,1.6988386284444903,101.43696783934736
14:49:56,1.698869,101.437033,0,0,0,0,0,0,0,0,155,180,forward,11217.16,-66,0,1.6988386284444903,101.43696783934736
14:49:58,1.698869,101.437033,0,0,0,0,0,0,0,0,155,180,forward,11217.16,-66,0,1.6988386284444903,101.43696783934736
14:50:00,1.698869,101.437033,0,0,0,0,0,0,0,0,155,180,forward,11217.16,-66,0,1.6988386284444903,101.43696783934736
14:50:02,1.698869,101.437033,0,0,0,0,0,0,0,0,155,180,forward,11217.16,-66,0,1.6988386284444903,101.43696783934736
14:50:04,1.698869,101.437033,0,0,0,0,0,0,0,0,155,180,forward,11217.16,-66,0,1.6988386284444903,101.43696783934736
14:50:06,1.698869,101.437033,0,0,0,0,0,0,0,0,155,180,forward,11217.16,-66,0,1.6988386284444903,101.43696783934736
14:50:09,1.698869,101.437033,0,0,0,0,0,0,0,0,155,180,forward,11217.16,-66,0,1.6988386284444903,101.43696783934736
14:50:11,1.698869,101.437033,0,0,0,0,0,0,0,0,155,180,forward,11217.16,-66,0,1.6988386284444903,101.43696783934736
14:50:13,1.698869,101.437033,0,0,0,0,0,0,0,0,155,180,forward,11217.16,-66,0,1.6988386284444903,101.43696783934736
14:50:15,1.698869,101.437033,0,0,0,0,0,0,0,0,155,180,forward,11217.16,-66,0,1.6988386284444903,101.43696783934736
14:50:17,1.698869,101.437033,0,0,0,0,0,0,0,0,155,180,forward,11217.16,-66,0,1.6988386284444903,101.43696783934736
14:50:19,1.698869,101.437033,0,0,0,0,0,0,0,0,155,180,forward,11217.16,-66,0,1.6988386284444903,101.43696783934736
14:50:21,1.698869,101.437033,0,0,0,0,0,0,0,0,155,180,forward,11217.16,-66,0,1.6988386284444903,101.43696783934736
14:50:23,1.698869,101.437033,0,0,0,0,0,0,0,0,155,180,forward,11217.16,-66,0,1.6988386284444903,101.43696783934736
14:50:25,1.698869,101.437033,0,0,0,0,0,0,0,0,155,180,forward,11217.16,-66,0,1.6988386284444903,101.43696783934736
14:50:28,1.698869,101.437033,0,0,0,0,0,0,0,0,155,180,forward,11217.16,-66,0,1.6988386284444903,101.43696783934736
14:50:30,1.698869,101.437033,0,0,0,0,0,0,0,0,155,180,forward,11217.16,-66,0,1.6988386284444903,101.43696783934736
14:50:32,1.698869,101.437033,0,0,0,0,0,0,0,0,155,180,forward,11217.16,-66,0,1.6988386284444903,101.43696783934736
14:50:34,1.698869,101.437033,0,0,0,0,0,0,0,0,155,180,forward,11217.16,-66,0,1.6988386284444903,101.43696783934736
14:50:36,1.698869,101.437033,0,0,0,0,0,0,0,0,155,180,forward,11217.16,-66,0,1.6988386284444903,101.43696783934736
14:50:38,1.698869,101.437033,0,0,0,0,0,0,0,0,155,180,forward,11217.16,-66,0,1.6988386284444903,101.43696783934736
14:50:41,1.698869,101.437033,0,0,0,0,0,0,0,0,155,180,forward,11217.16,-66,0,1.6988386284444903,101.43696783934736
14:50:43,1.698869,101.437033,0,0,0,0,0,0,0,0,155,180,forward,11217.16,-66,0,1.6988386284444903,101.43696783934736
14:50:45,1.698869,101.437033,0,0,0,0,0,0,0,0,155,180,forward,11217.16,-66,0,1.6988386284444903,101.43696783934736
14:50:47,1.698869,101.437033,0,0,0,0,0,0,0,0,155,180,forward,11217.16,-66,0,1.6988386284444903,101.43696783934736
14:50:49,1.698869,101.437033,0,0,0,0,0,0,0,0,155,180,forward,11217.16,-66,0,1.6988386284444903,101.43696783934736
14:50:51,1.698869,101.437033,0,0,0,0,0,0,0,0,155,180,forward,11217.16,-66,0,1.6988386284444903,101.43696783934736
14:50:54,1.698869,101.437033,0,0,0,0,0,0,0,0,155,180,forward,11217.16,-66,0,1.6988386284444903,101.43696783934736
14:50:56,1.698869,101.437033,0,0,0,0,0,0,0,0,155,180,forward,11217.16,-66,0,1.6988386284444903,101.43696783934736
14:50:58,1.698869,101.437033,0,0,0,0,0,0,0,0,155,180,forward,11217.16,-66,0,1.6988386284444903,101.43696783934736
14:51:00,1.698869,101.437033,0,0,0,0,0,0,0,0,155,180,forward,11217.16,-66,0,1.6988386284444903,101.43696783934736
14:51:02,1.698869,101.437033,0,0,0,0,0,0,0,0,155,180,forward,11217.16,-66,0,1.6988386284444903,101.43696783934736
14:51:04,1.698869,101.437033,0,0,0,0,0,0,0,0,155,180,forward,11217.16,-66,0,1.6988386284444903,101.43696783934736
14:51:06,1.698869,101.437033,0,0,0,0,0,0,0,0,155,180,forward,11217.16,-66,0,1.6988386284444903,101.43696783934736
14:51:09,1.698869,101.437033,0,0,0,0,0,0,0,0,155,180,forward,11217.16,-66,0,1.6988386284444903,101.43696783934736
14:51:11,1.698869,101.437033,0,0,0,0,0,0,0,0,155,180,forward,11217.16,-66,0,1.6988386284444903,101.43696783934736
14:51:13,1.698869,101.437033,0,0,0,0,0,0,0,0,155,180,forward,11217.16,-66,0,1.6988386284444903,101.43696783934736
14:51:15,1.698869,101.437033,0,0,0,0,0,0,0,0,155,180,forward,11217.16,-66,0,1.6988386284444903,101.43696783934736
14:51:17,1.698869,101.437033,0,0,0,0,0,0,0,0,155,180,forward,11217.16,-66,0,1.6988386284444903,101.43696783934736
14:51:19,1.698869,101.437033,0,0,0,0,0,0,0,0,155,180,forward,11217.16,-66,0,1.6988386284444903,101.43696783934736
14:51:21,1.698869,101.437033,0,0,0,0,0,0,0,0,155,180,forward,11217.16,-66,0,1.6988386284444903,101.43696783934736
14:51:23,1.698869,101.437033,0,0,0,0,0,0,0,0,155,180,forward,11217.16,-66,0,1.6988386284444903,101.43696783934736
14:51:26,1.698869,101.437033,0,0,0,0,0,0,0,0,155,180,forward,11217.16,-66,0,1.6988386284444903,101.43696783934736
14:51:28,1.698869,101.437033,0,0,0,0,0,0,0,0,155,180,forward,11217.16,-66,0,1.6988386284444903,101.43696783934736
14:51:30,1.698869,101.437033,0,0,0,0,0,0,0,0,155,180,forward,11217.16,-66,0,1.6988386284444903,101.43696783934736
14:51:32,1.698869,101.437033,0,0,0,0,0,0,0,0,155,180,forward,11217.16,-66,0,1.6988386284444903,101.43696783934736
14:51:34,1.698869,101.437033,0,0,0,0,0,0,0,0,155,180,forward,11217.16,-66,0,1.6988386284444903,101.43696783934736
14:51:36,1.698869,101.437033,0,0,0,0,0,0,0,0,155,180,forward,11217.16,-66,0,1.6988386284444903,101.43696783934736
14:51:38,1.698869,101.437033,0,0,0,0,0,0,0,0,155,180,forward,11217.16,-66,0,1.6988386284444903,101.43696783934736
14:51:41,1.698869,101.437033,0,0,0,0,0,0,0,0,155,180,forward,11217.16,-66,0,1.6988386284444903,101.43696783934736
14:51:43,1.698869,101.437033,0,0,0,0,0,0,0,0,155,180,forward,11217.16,-66,0,1.6988386284444903,101.43696783934736
14:51:45,1.698869,101.437033,0,0,0,0,0,0,0,0,155,180,forward,11217.16,-66,0,1.6988386284444903,101.43696783934736
14:51:47,1.698869,101.437033,0,0,0,0,0,0,0,0,155,180,forward,11217.16,-66,0,1.6988386284444903,101.43696783934736
14:51:49,1.698869,101.437033,0,0,0,0,0,0,0,0,155,180,forward,11217.16,-66,0,1.6988386284444903,101.43696783934736
14:51:51,1.698869,101.437033,0,0,0,0,0,0,0,0,155,180,forward,11217.16,-66,0,1.6988386284444903,101.43696783934736
14:51:54,1.698869,101.437033,0,0,0,0,0,0,0,0,155,180,forward,11217.16,-66,0,1.6988386284444903,101.43696783934736
14:51:56,1.698869,101.437033,0,0,0,0,0,0,0,0,155,180,forward,11217.16,-66,0,1.6988386284444903,101.43696783934736
14:51:58,1.698869,101.437033,0,0,0,0,0,0,0,0,155,180,forward,11217.16,-66,0,1.6988386284444903,101.43696783934736
14:52:00,1.698869,101.437033,0,0,0,0,0,0,0,0,155,180,forward,11217.16,-66,0,1.6988386284444903,101.43696783934736
14:52:02,1.698869,101.437033,0,0,0,0,0,0,0,0,155,180,forward,11217.16,-66,0,1.6988386284444903,101.43696783934736
14:52:04,1.698869,101.437033,0,0,0,0,0,0,0,0,155,180,forward,11217.16,-66,0,1.6988386284444903,101.43696783934736
14:52:07,1.698869,101.437033,0,0,0,0,0,0,0,0,155,180,forward,11217.16,-66,0,1.6988386284444903,101.43696783934736
14:52:09,1.698869,101.437033,0,0,0,0,0,0,0,0,155,180,forward,11217.16,-66,0,1.6988386284444903,101.43696783934736
14:52:11,1.698869,101.437033,0,0,0,0,0,0,0,0,155,180,forward,11217.16,-66,0,1.6988386284444903,101.43696783934736
14:52:13,1.698869,101.437033,0,0,0,0,0,0,0,0,155,180,forward,11217.16,-66,0,1.6988386284444903,101.43696783934736
14:52:15,1.698869,101.437033,0,0,0,0,0,0,0,0,155,180,forward,11217.16,-66,0,1.6988386284444903,101.43696783934736
14:52:17,1.698869,101.437033,0,0,0,0,0,0,0,0,155,180,forward,11217.16,-66,0,1.6988386284444903,101.43696783934736
14:52:20,1.698869,101.437033,0,0,0,0,0,0,0,0,155,180,forward,11217.16,-66,0,1.6988386284444903,101.43696783934736
14:52:22,1.698869,101.437033,0,0,0,0,0,0,0,0,155,180,forward,11217.16,-66,0,1.6988386284444903,101.43696783934736
14:52:24,1.698869,101.437033,0,0,0,0,0,0,0,0,155,180,forward,11217.16,-66,0,1.6988386284444903,101.43696783934736
14:52:26,1.698869,101.437033,0,0,0,0,0,0,0,0,155,180,forward,11217.16,-66,0,1.6988386284444903,101.43696783934736
14:52:28,1.698869,101.437033,0,0,0,0,0,0,0,0,155,180,forward,11217.16,-66,0,1.6988386284444903,101.43696783934736
14:52:30,1.698869,101.437033,0,0,0,0,0,0,0,0,155,180,forward,11217.16,-66,0,1.6988386284444903,101.43696783934736
14:52:32,1.698869,101.437033,0,0,0,0,0,0,0,0,155,180,forward,11217.16,-66,0,1.6988386284444903,101.43696783934736
14:52:35,1.698869,101.437033,0,0,0,0,0,0,0,0,155,180,forward,11217.16,-66,0,1.6988386284444903,101.43696783934736
14:52:37,1.698869,101.437033,0,0,0,0,0,0,0,0,155,180,forward,11217.16,-66,0,1.6988386284444903,101.43696783934736
14:52:39,1.698869,101.437033,0,0,0,0,0,0,0,0,155,180,forward,11217.16,-66,0,1.6988386284444903,101.43696783934736
14:52:41,1.698869,101.437033,0,0,0,0,0,0,0,0,155,180,forward,11217.16,-66,0,1.6988386284444903,101.43696783934736
14:52:43,1.698869,101.437033,0,0,0,0,0,0,0,0,155,180,forward,11217.16,-66,0,1.6988386284444903,101.43696783934736
14:52:46,1.698869,101.437033,0,0,0,0,0,0,0,0,155,180,forward,11217.16,-66,0,1.6988386284444903,101.43696783934736
14:52:48,1.698869,101.437033,0,0,0,0,0,0,0,0,155,180,forward,11217.16,-66,0,1.6988386284444903,101.43696783934736
14:52:50,1.698869,101.437033,0,0,0,0,0,0,0,0,155,180,forward,11217.16,-66,0,1.6988386284444903,101.43696783934736
14:52:52,1.698869,101.437033,0,0,0,0,0,0,0,0,155,180,forward,11217.16,-66,0,1.6988386284444903,101.43696783934736
14:52:54,1.698869,101.437033,0,0,0,0,0,0,0,0,155,180,forward,11217.16,-66,0,1.6988386284444903,101.43696783934736
14:52:56,1.698869,101.437033,0,0,0,0,0,0,0,0,155,180,forward,11217.16,-66,0,1.6988386284444903,101.43696783934736
14:52:58,1.698869,101.437033,0,0,0,0,0,0,0,0,155,180,forward,11217.16,-66,0,1.6988386284444903,101.43696783934736
14:53:01,1.698869,101.437033,0,0,0,0,0,0,0,0,155,180,forward,11217.16,-66,0,1.6988386284444903,101.43696783934736
14:53:03,1.698869,101.437033,0,0,0,0,0,0,0,0,155,180,forward,11217.16,-66,0,1.6988386284444903,101.43696783934736
14:53:05,1.698869,101.437033,0,0,0,0,0,0,0,0,155,180,forward,11217.16,-66,0,1.6988386284444903,101.43696783934736
14:53:07,1.698869,101.437033,0,0,0,0,0,0,0,0,155,180,forward,11217.16,-66,0,1.6988386284444903,101.43696783934736
14:53:09,1.698869,101.437033,0,0,0,0,0,0,0,0,155,180,forward,11217.16,-66,0,1.6988386284444903,101.43696783934736
14:53:12,1.698869,101.437033,0,0,0,0,0,0,0,0,155,180,forward,11217.16,-66,0,1.6988386284444903,101.43696783934736
14:53:14,1.698869,101.437033,0,0,0,0,0,0,0,0,155,180,forward,11217.16,-66,0,1.6988386284444903,101.43696783934736
14:53:16,1.698869,101.437033,0,0,0,0,0,0,0,0,155,180,forward,11217.16,-66,0,1.6988386284444903,101.43696783934736
14:53:18,1.698869,101.437033,0,0,0,0,0,0,0,0,155,180,forward,11217.16,-66,0,1.6988386284444903,101.43696783934736
14:53:20,1.698869,101.437033,0,0,0,0,0,0,0,0,155,180,forward,11217.16,-66,0,1.6988386284444903,101.43696783934736
14:53:22,1.698869,101.437033,0,0,0,0,0,0,0,0,155,180,forward,11217.16,-66,0,1.6988386284444903,101.43696783934736
14:53:25,1.698869,101.437033,0,0,0,0,0,0,0,0,155,180,forward,11217.16,-66,0,1.6988386284444903,101.43696783934736
14:53:27,1.698869,101.437033,0,0,0,0,0,0,0,0,155,180,forward,11217.16,-66,0,1.6988386284444903,101.43696783934736
14:53:29,1.698869,101.437033,0,0,0,0,0,0,0,0,155,180,forward,11217.16,-66,0,1.6988386284444903,101.43696783934736
14:53:31,1.698869,101.437033,0,0,0,0,0,0,0,0,155,180,forward,11217.16,-66,0,1.6988386284444903,101.43696783934736
14:53:33,1.698869,101.437033,0,0,0,0,0,0,0,0,155,180,forward,11217.16,-66,0,1.6988386284444903,101.43696783934736
14:53:35,1.698869,101.437033,0,0,0,0,0,0,0,0,155,180,forward,11217.16,-66,0,1.6988386284444903,101.43696783934736
14:53:37,1.698869,101.437033,0,0,0,0,0,0,0,0,155,180,forward,11217.16,-66,0,1.6988386284444903,101.43696783934736
14:53:39,1.698869,101.437033,0,0,0,0,0,0,0,0,155,180,forward,11217.16,-66,0,1.6988386284444903,101.43696783934736
14:53:41,1.698869,101.437033,0,0,0,0,0,0,0,0,155,180,forward,11217.16,-66,0,1.6988386284444903,101.43696783934736
14:53:44,1.698869,101.437033,0,0,0,0,0,0,0,0,155,180,forward,11217.16,-66,0,1.6988386284444903,101.43696783934736
14:53:46,1.698869,101.437033,0,0,0,0,0,0,0,0,155,180,forward,11217.16,-66,0,1.6988386284444903,101.43696783934736
14:53:48,1.698869,101.437033,0,0,0,0,0,0,0,0,155,180,forward,11217.16,-66,0,1.6988386284444903,101.43696783934736
14:53:50,1.698869,101.437033,0,0,0,0,0,0,0,0,155,180,forward,11217.16,-66,0,1.6988386284444903,101.43696783934736
14:53:52,1.698869,101.437033,0,0,0,0,0,0,0,0,155,180,forward,11217.16,-66,0,1.6988386284444903,101.43696783934736
14:53:54,1.698869,101.437033,0,0,0,0,0,0,0,0,155,180,forward,11217.16,-66,0,1.6988386284444903,101.43696783934736
14:53:57,1.698869,101.437033,0,0,0,0,0,0,0,0,155,180,forward,11217.16,-66,0,1.6988386284444903,101.43696783934736
14:53:59,1.698869,101.437033,0,0,0,0,0,0,0,0,155,180,forward,11217.16,-66,0,1.6988386284444903,101.43696783934736
14:54:01,1.698869,101.437033,0,0,0,0,0,0,0,0,155,180,forward,11217.16,-66,0,1.6988386284444903,101.43696783934736
14:54:03,1.698869,101.437033,0,0,0,0,0,0,0,0,155,180,forward,11217.16,-66,0,1.6988386284444903,101.43696783934736
14:54:05,1.698869,101.437033,0,0,0,0,0,0,0,0,155,180,forward,11217.16,-66,0,1.6988386284444903,101.43696783934736
14:54:07,1.698869,101.437033,0,0,0,0,0,0,0,0,155,180,forward,11217.16,-66,0,1.6988386284444903,101.43696783934736
14:54:09,1.698869,101.437033,0,0,0,0,0,0,0,0,155,180,forward,11217.16,-66,0,1.6988386284444903,101.43696783934736
14:54:12,1.698869,101.437033,0,0,0,0,0,0,0,0,155,180,forward,11217.16,-66,0,1.6988386284444903,101.43696783934736
14:54:14,1.698869,101.437033,0,0,0,0,0,0,0,0,155,180,forward,11217.16,-66,0,1.6988386284444903,101.43696783934736
14:54:16,1.698869,101.437033,0,0,0,0,0,0,0,0,155,180,forward,11217.16,-66,0,1.6988386284444903,101.43696783934736
14:54:18,1.698869,101.437033,0,0,0,0,0,0,0,0,155,180,forward,11217.16,-66,0,1.6988386284444903,101.43696783934736
14:54:20,1.698869,101.437033,0,0,0,0,0,0,0,0,155,180,forward,11217.16,-66,0,1.6988386284444903,101.43696783934736
14:54:22,1.698869,101.437033,0,0,0,0,0,0,0,0,155,180,forward,11217.16,-66,0,1.6988386284444903,101.43696783934736
14:54:24,1.698869,101.437033,0,0,0,0,0,0,0,0,155,180,forward,11217.16,-66,0,1.6988386284444903,101.43696783934736
14:54:26,1.698869,101.437033,0,0,0,0,0,0,0,0,155,180,forward,11217.16,-66,0,1.6988386284444903,101.43696783934736
14:54:29,1.698869,101.437033,0,0,0,0,0,0,0,0,155,180,forward,11217.16,-66,0,1.6988386284444903,101.43696783934736
14:54:31,1.698869,101.437033,0,0,0,0,0,0,0,0,155,180,forward,11217.16,-66,0,1.6988386284444903,101.43696783934736
14:54:33,1.698869,101.437033,0,0,0,0,0,0,0,0,155,180,forward,11217.16,-66,0,1.6988386284444903,101.43696783934736
14:54:35,1.698869,101.437033,0,0,0,0,0,0,0,0,155,180,forward,11217.16,-66,0,1.6988386284444903,101.43696783934736
14:54:37,1.698869,101.437033,0,0,0,0,0,0,0,0,155,180,forward,11217.16,-66,0,1.6988386284444903,101.43696783934736
14:54:39,1.698869,101.437033,0,0,0,0,0,0,0,0,155,180,forward,11217.16,-66,0,1.6988386284444903,101.43696783934736
14:54:41,1.698869,101.437033,0,0,0,0,0,0,0,0,155,180,forward,11217.16,-66,0,1.6988386284444903,101.43696783934736
14:54:44,1.698869,101.437033,0,0,0,0,0,0,0,0,155,180,forward,11217.16,-66,0,1.6988386284444903,101.43696783934736
14:54:46,1.698869,101.437033,0,0,0,0,0,0,0,0,155,180,forward,11217.16,-66,0,1.6988386284444903,101.43696783934736
14:54:48,1.698869,101.437033,0,0,0,0,0,0,0,0,155,180,forward,11217.16,-66,0,1.6988386284444903,101.43696783934736
14:54:50,1.698869,101.437033,0,0,0,0,0,0,0,0,155,180,forward,11217.16,-66,0,1.6988386284444903,101.43696783934736
14:54:52,1.698869,101.437033,0,0,0,0,0,0,0,0,155,180,forward,11217.16,-66,0,1.6988386284444903,101.43696783934736
14:54:54,1.698869,101.437033,0,0,0,0,0,0,0,0,155,180,forward,11217.16,-66,0,1.6988386284444903,101.43696783934736
14:54:56,1.698869,101.437033,0,0,0,0,0,0,0,0,155,180,forward,11217.16,-66,0,1.6988386284444903,101.43696783934736
14:54:59,1.698869,101.437033,0,0,0,0,0,0,0,0,155,180,forward,11217.16,-66,0,1.6988386284444903,101.43696783934736
14:55:01,1.698869,101.437033,0,0,0,0,0,0,0,0,155,180,forward,11217.16,-66,0,1.6988386284444903,101.43696783934736
14:55:03,1.698869,101.437033,0,0,0,0,0,0,0,0,155,180,forward,11217.16,-66,0,1.6988386284444903,101.43696783934736
14:55:05,1.698869,101.437033,0,0,0,0,0,0,0,0,155,180,forward,11217.16,-66,0,1.6988386284444903,101.43696783934736
14:55:07,1.698869,101.437033,0,0,0,0,0,0,0,0,155,180,forward,11217.16,-66,0,1.6988386284444903,101.43696783934736
14:55:09,1.698869,101.437033,0,0,0,0,0,0,0,0,155,180,forward,11217.16,-66,0,1.6988386284444903,101.43696783934736
14:55:11,1.698869,101.437033,0,0,0,0,0,0,0,0,155,180,forward,11217.16,-66,0,1.6988386284444903,101.43696783934736
14:55:13,1.698869,101.437033,0,0,0,0,0,0,0,0,155,180,forward,11217.16,-66,0,1.6988386284444903,101.43696783934736
14:55:15,1.698869,101.437033,0,0,0,0,0,0,0,0,155,180,forward,11217.16,-66,0,1.6988386284444903,101.43696783934736
14:55:18,1.698869,101.437033,0,0,0,0,0,0,0,0,155,180,forward,11217.16,-66,0,1.6988386284444903,101.43696783934736
14:55:20,1.698869,101.437033,0,0,0,0,0,0,0,0,155,180,forward,11217.16,-66,0,1.6988386284444903,101.43696783934736
14:55:22,1.698869,101.437033,0,0,0,0,0,0,0,0,155,180,forward,11217.16,-66,0,1.6988386284444903,101.43696783934736
14:55:24,1.698869,101.437033,0,0,0,0,0,0,0,0,155,180,forward,11217.16,-66,0,1.6988386284444903,101.43696783934736
14:55:26,1.698869,101.437033,0,0,0,0,0,0,0,0,155,180,forward,11217.16,-66,0,1.6988386284444903,101.43696783934736
14:55:28,1.698869,101.437033,0,0,0,0,0,0,0,0,155,180,forward,11217.16,-66,0,1.6988386284444903,101.43696783934736
14:55:31,1.698869,101.437033,0,0,0,0,0,0,0,0,155,180,forward,11217.16,-66,0,1.6988386284444903,101.43696783934736
14:55:33,1.698869,101.437033,0,0,0,0,0,0,0,0,155,180,forward,11217.16,-66,0,1.6988386284444903,101.43696783934736
14:55:35,1.698869,101.437033,0,0,0,0,0,0,0,0,155,180,forward,11217.16,-66,0,1.6988386284444903,101.43696783934736
14:55:37,1.698869,101.437033,0,0,0,0,0,0,0,0,155,180,forward,11217.16,-66,0,1.6988386284444903,101.43696783934736
14:55:39,1.698869,101.437033,0,0,0,0,0,0,0,0,155,180,forward,11217.16,-66,0,1.6988386284444903,101.43696783934736
14:55:41,1.698869,101.437033,0,0,0,0,0,0,0,0,155,180,forward,11217.16,-66,0,1.6988386284444903,101.43696783934736
14:55:43,1.698869,101.437033,0,0,0,0,0,0,0,0,155,180,forward,11217.16,-66,0,1.6988386284444903,101.43696783934736
14:55:46,1.698869,101.437033,0,0,0,0,0,0,0,0,155,180,forward,11217.16,-66,0,1.6988386284444903,101.43696783934736
14:55:48,1.698869,101.437033,0,0,0,0,0,0,0,0,155,180,forward,11217.16,-66,0,1.6988386284444903,101.43696783934736
14:55:50,1.698869,101.437033,0,0,0,0,0,0,0,0,155,180,forward,11217.16,-66,0,1.6988386284444903,101.43696783934736
14:55:52,1.698869,101.437033,0,0,0,0,0,0,0,0,155,180,forward,11217.16,-66,0,1.6988386284444903,101.43696783934736
14:55:54,1.698869,101.437033,0,0,0,0,0,0,0,0,155,180,forward,11217.16,-66,0,1.6988386284444903,101.43696783934736
14:55:56,1.698869,101.437033,0,0,0,0,0,0,0,0,155,180,forward,11217.16,-66,0,1.6988386284444903,101.43696783934736
14:55:59,1.698869,101.437033,0,0,0,0,0,0,0,0,155,180,forward,11217.16,-66,0,1.6988386284444903,101.43696783934736
14:56:01,1.698869,101.437033,0,0,0,0,0,0,0,0,155,180,forward,11217.16,-66,0,1.6988386284444903,101.43696783934736
14:56:03,1.698869,101.437033,0,0,0,0,0,0,0,0,155,180,forward,11217.16,-66,0,1.6988386284444903,101.43696783934736
14:56:05,1.698869,101.437033,0,0,0,0,0,0,0,0,155,180,forward,11217.16,-66,0,1.6988386284444903,101.43696783934736
14:56:07,1.698869,101.437033,0,0,0,0,0,0,0,0,155,180,forward,11217.16,-66,0,1.6988386284444903,101.43696783934736
14:56:10,1.698869,101.437033,0,0,0,0,0,0,0,0,155,180,forward,11217.16,-66,0,1.6988386284444903,101.43696783934736
14:56:12,1.698869,101.437033,0,0,0,0,0,0,0,0,155,180,forward,11217.16,-66,0,1.6988386284444903,101.43696783934736
14:56:14,1.698869,101.437033,0,0,0,0,0,0,0,0,155,180,forward,11217.16,-66,0,1.6988386284444903,101.43696783934736
14:56:16,1.698869,101.437033,0,0,0,0,0,0,0,0,155,180,forward,11217.16,-66,0,1.6988386284444903,101.43696783934736
14:56:18,1.698869,101.437033,0,0,0,0,0,0,0,0,155,180,forward,11217.16,-66,0,1.6988386284444903,101.43696783934736
14:56:20,1.698869,101.437033,0,0,0,0,0,0,0,0,155,180,forward,11217.16,-66,0,1.6988386284444903,101.43696783934736
14:56:22,1.698869,101.437033,0,0,0,0,0,0,0,0,155,180,forward,11217.16,-66,0,1.6988386284444903,101.43696783934736
14:56:24,1.698869,101.437033,0,0,0,0,0,0,0,0,155,180,forward,11217.16,-66,0,1.6988386284444903,101.43696783934736
14:56:26,1.698869,101.437033,0,0,0,0,0,0,0,0,155,180,forward,11217.16,-66,0,1.6988386284444903,101.43696783934736
14:56:29,1.698869,101.437033,0,0,0,0,0,0,0,0,155,180,forward,11217.16,-66,0,1.6988386284444903,101.43696783934736
14:56:31,1.698869,101.437033,0,0,0,0,0,0,0,0,155,180,forward,11217.16,-66,0,1.6988386284444903,101.43696783934736
14:56:33,1.698869,101.437033,0,0,0,0,0,0,0,0,155,180,forward,11217.16,-66,0,1.6988386284444903,101.43696783934736
14:56:35,1.698869,101.437033,0,0,0,0,0,0,0,0,155,180,forward,11217.16,-66,0,1.6988386284444903,101.43696783934736
14:56:37,1.698869,101.437033,0,0,0,0,0,0,0,0,155,180,forward,11217.16,-66,0,1.6988386284444903,101.43696783934736
14:56:40,1.698869,101.437033,0,0,0,0,0,0,0,0,155,180,forward,11217.16,-66,0,1.6988386284444903,101.43696783934736
14:56:42,1.698869,101.437033,0,0,0,0,0,0,0,0,155,180,forward,11217.16,-66,0,1.6988386284444903,101.43696783934736
14:56:44,1.698869,101.437033,0,0,0,0,0,0,0,0,155,180,forward,11217.16,-66,0,1.6988386284444903,101.43696783934736
14:56:46,1.698869,101.437033,0,0,0,0,0,0,0,0,155,180,forward,11217.16,-66,0,1.6988386284444903,101.43696783934736
14:56:48,1.698869,101.437033,0,0,0,0,0,0,0,0,155,180,forward,11217.16,-66,0,1.6988386284444903,101.43696783934736
14:56:50,1.698869,101.437033,0,0,0,0,0,0,0,0,155,180,forward,11217.16,-66,0,1.6988386284444903,101.43696783934736
14:56:53,1.698869,101.437033,0,0,0,0,0,0,0,0,155,180,forward,11217.16,-66,0,1.6988386284444903,101.43696783934736
14:56:55,1.698869,101.437033,0,0,0,0,0,0,0,0,155,180,forward,11217.16,-66,0,1.6988386284444903,101.43696783934736
14:56:57,1.698869,101.437033,0,0,0,0,0,0,0,0,155,180,forward,11217.16,-66,0,1.6988386284444903,101.43696783934736
14:56:59,1.698869,101.437033,0,0,0,0,0,0,0,0,155,180,forward,11217.16,-66,0,1.6988386284444903,101.43696783934736
14:57:01,1.698869,101.437033,0,0,0,0,0,0,0,0,155,180,forward,11217.16,-66,0,1.6988386284444903,101.43696783934736
14:57:03,1.698869,101.437033,0,0,0,0,0,0,0,0,155,180,forward,11217.16,-66,0,1.6988386284444903,101.43696783934736
14:57:06,1.698869,101.437033,0,0,0,0,0,0,0,0,155,180,forward,11217.16,-66,0,1.6988386284444903,101.43696783934736
14:57:08,1.698869,101.437033,0,0,0,0,0,0,0,0,155,180,forward,11217.16,-66,0,1.6988386284444903,101.43696783934736
14:57:10,1.698869,101.437033,0,0,0,0,0,0,0,0,155,180,forward,11217.16,-66,0,1.6988386284444903,101.43696783934736
14:57:12,1.698869,101.437033,0,0,0,0,0,0,0,0,155,180,forward,11217.16,-66,0,1.6988386284444903,101.43696783934736
14:57:14,1.698869,101.437033,0,0,0,0,0,0,0,0,155,180,forward,11217.16,-66,0,1.6988386284444903,101.43696783934736
14:57:17,1.698869,101.437033,0,0,0,0,0,0,0,0,155,180,forward,11217.16,-66,0,1.6988386284444903,101.43696783934736
14:57:19,1.698869,101.437033,0,0,0,0,0,0,0,0,155,180,forward,11217.16,-66,0,1.6988386284444903,101.43696783934736
14:57:21,1.698869,101.437033,0,0,0,0,0,0,0,0,155,180,forward,11217.16,-66,0,1.6988386284444903,101.43696783934736
14:57:23,1.698869,101.437033,0,0,0,0,0,0,0,0,155,180,forward,11217.16,-66,0,1.6988386284444903,101.43696783934736
14:57:25,1.698869,101.437033,0,0,0,0,0,0,0,0,155,180,forward,11217.16,-66,0,1.6988386284444903,101.43696783934736
14:57:27,1.698869,101.437033,0,0,0,0,0,0,0,0,155,180,forward,11217.16,-66,0,1.6988386284444903,101.43696783934736
14:57:29,1.698869,101.437033,0,0,0,0,0,0,0,0,155,180,forward,11217.16,-66,0,1.6988386284444903,101.43696783934736
14:57:31,1.698869,101.437033,0,0,0,0,0,0,0,0,155,180,forward,11217.16,-66,0,1.6988386284444903,101.43696783934736
14:57:34,1.698869,101.437033,0,0,0,0,0,0,0,0,155,180,forward,11217.16,-66,0,1.6988386284444903,101.43696783934736
14:57:36,1.698869,101.437033,0,0,0,0,0,0,0,0,155,180,forward,11217.16,-66,0,1.6988386284444903,101.43696783934736
14:57:38,1.698869,101.437033,0,0,0,0,0,0,0,0,155,180,forward,11217.16,-66,0,1.6988386284444903,101.43696783934736
14:57:40,1.698869,101.437033,0,0,0,0,0,0,0,0,155,180,forward,11217.16,-66,0,1.6988386284444903,101.43696783934736
14:57:42,1.698869,101.437033,0,0,0,0,0,0,0,0,155,180,forward,11217.16,-66,0,1.6988386284444903,101.43696783934736
14:57:45,1.698869,101.437033,0,0,0,0,0,0,0,0,155,180,forward,11217.16,-66,0,1.6988386284444903,101.43696783934736
14:57:47,1.698869,101.437033,0,0,0,0,0,0,0,0,155,180,forward,11217.16,-66,0,1.6988386284444903,101.43696783934736
14:57:49,1.698869,101.437033,0,0,0,0,0,0,0,0,155,180,forward,11217.16,-66,0,1.6988386284444903,101.43696783934736
14:57:51,1.698869,101.437033,0,0,0,0,0,0,0,0,155,180,forward,11217.16,-66,0,1.6988386284444903,101.43696783934736
14:57:53,1.698869,101.437033,0,0,0,0,0,0,0,0,155,180,forward,11217.16,-66,0,1.6988386284444903,101.43696783934736
14:57:56,1.698869,101.437033,0,0,0,0,0,0,0,0,155,180,forward,11217.16,-66,0,1.6988386284444903,101.43696783934736
14:57:58,1.698869,101.437033,0,0,0,0,0,0,0,0,155,180,forward,11217.16,-66,0,1.6988386284444903,101.43696783934736
14:58:00,1.698869,101.437033,0,0,0,0,0,0,0,0,155,180,forward,11217.16,-66,0,1.6988386284444903,101.43696783934736
14:58:02,1.698869,101.437033,0,0,0,0,0,0,0,0,155,180,forward,11217.16,-66,0,1.6988386284444903,101.43696783934736
14:58:04,1.698869,101.437033,0,0,0,0,0,0,0,0,155,180,forward,11217.16,-66,0,1.6988386284444903,101.43696783934736
14:58:06,1.698869,101.437033,0,0,0,0,0,0,0,0,155,180,forward,11217.16,-66,0,1.6988386284444903,101.43696783934736
14:58:09,1.698869,101.437033,0,0,0,0,0,0,0,0,155,180,forward,11217.16,-66,0,1.6988386284444903,101.43696783934736
14:58:11,1.698869,101.437033,0,0,0,0,0,0,0,0,155,180,forward,11217.16,-66,0,1.6988386284444903,101.43696783934736
14:58:13,1.698869,101.437033,0,0,0,0,0,0,0,0,155,180,forward,11217.16,-66,0,1.6988386284444903,101.43696783934736
14:58:15,1.698869,101.437033,0,0,0,0,0,0,0,0,155,180,forward,11217.16,-66,0,1.6988386284444903,101.43696783934736
14:58:17,1.698869,101.437033,0,0,0,0,0,0,0,0,155,180,forward,11217.16,-66,0,1.6988386284444903,101.43696783934736
14:58:19,1.698869,101.437033,0,0,0,0,0,0,0,0,155,180,forward,11217.16,-66,0,1.6988386284444903,101.43696783934736
14:58:21,1.698869,101.437033,0,0,0,0,0,0,0,0,155,180,forward,11217.16,-66,0,1.6988386284444903,101.43696783934736
14:58:24,1.698869,101.437033,0,0,0,0,0,0,0,0,155,180,forward,11217.16,-66,0,1.6988386284444903,101.43696783934736
14:58:26,1.698869,101.437033,0,0,0,0,0,0,0,0,155,180,forward,11217.16,-66,0,1.6988386284444903,101.43696783934736
14:58:28,1.698869,101.437033,0,0,0,0,0,0,0,0,155,180,forward,11217.16,-66,0,1.6988386284444903,101.43696783934736
14:58:30,1.698869,101.437033,0,0,0,0,0,0,0,0,155,180,forward,11217.16,-66,0,1.6988386284444903,101.43696783934736
14:58:32,1.698869,101.437033,0,0,0,0,0,0,0,0,155,180,forward,11217.16,-66,0,1.6988386284444903,101.43696783934736
14:58:34,1.698869,101.437033,0,0,0,0,0,0,0,0,155,180,forward,11217.16,-66,0,1.6988386284444903,101.43696783934736
14:58:37,1.698869,101.437033,0,0,0,0,0,0,0,0,155,180,forward,11217.16,-66,0,1.6988386284444903,101.43696783934736
14:58:39,1.698869,101.437033,0,0,0,0,0,0,0,0,155,180,forward,11217.16,-66,0,1.6988386284444903,101.43696783934736
14:58:41,1.698869,101.437033,0,0,0,0,0,0,0,0,155,180,forward,11217.16,-66,0,1.6988386284444903,101.43696783934736
14:58:43,1.698869,101.437033,0,0,0,0,0,0,0,0,155,180,forward,11217.16,-66,0,1.6988386284444903,101.43696783934736
14:58:45,1.698869,101.437033,0,0,0,0,0,0,0,0,155,180,forward,11217.16,-66,0,1.6988386284444903,101.43696783934736
14:58:47,1.698869,101.437033,0,0,0,0,0,0,0,0,155,180,forward,11217.16,-66,0,1.6988386284444903,101.43696783934736
14:58:49,1.698869,101.437033,0,0,0,0,0,0,0,0,155,180,forward,11217.16,-66,0,1.6988386284444903,101.43696783934736
14:58:52,1.698869,101.437033,0,0,0,0,0,0,0,0,155,180,forward,11217.16,-66,0,1.6988386284444903,101.43696783934736
14:58:54,1.698869,101.437033,0,0,0,0,0,0,0,0,155,180,forward,11217.16,-66,0,1.6988386284444903,101.43696783934736
14:58:56,1.698869,101.437033,0,0,0,0,0,0,0,0,155,180,forward,11217.16,-66,0,1.6988386284444903,101.43696783934736
14:58:58,1.698869,101.437033,0,0,0,0,0,0,0,0,155,180,forward,11217.16,-66,0,1.6988386284444903,101.43696783934736
14:59:00,1.698869,101.437033,0,0,0,0,0,0,0,0,155,180,forward,11217.16,-66,0,1.6988386284444903,101.43696783934736
14:59:02,1.698869,101.437033,0,0,0,0,0,0,0,0,155,180,forward,11217.16,-66,0,1.6988386284444903,101.43696783934736
14:59:04,1.698869,101.437033,0,0,0,0,0,0,0,0,155,180,forward,11217.16,-66,0,1.6988386284444903,101.43696783934736
14:59:07,1.698869,101.437033,0,0,0,0,0,0,0,0,155,180,forward,11217.16,-66,0,1.6988386284444903,101.43696783934736
14:59:09,1.698869,101.437033,0,0,0,0,0,0,0,0,155,180,forward,11217.16,-66,0,1.6988386284444903,101.43696783934736
14:59:11,1.698869,101.437033,0,0,0,0,0,0,0,0,155,180,forward,11217.16,-66,0,1.6988386284444903,101.43696783934736
14:59:13,1.698869,101.437033,0,0,0,0,0,0,0,0,155,180,forward,11217.16,-66,0,1.6988386284444903,101.43696783934736
14:59:15,1.698869,101.437033,0,0,0,0,0,0,0,0,155,180,forward,11217.16,-66,0,1.6988386284444903,101.43696783934736
14:59:17,1.698869,101.437033,0,0,0,0,0,0,0,0,155,180,forward,11217.16,-66,0,1.6988386284444903,101.43696783934736
14:59:20,1.698869,101.437033,0,0,0,0,0,0,0,0,155,180,forward,11217.16,-66,0,1.6988386284444903,101.43696783934736
14:59:22,1.698869,101.437033,0,0,0,0,0,0,0,0,155,180,forward,11217.16,-66,0,1.6988386284444903,101.43696783934736
14:59:24,1.698869,101.437033,0,0,0,0,0,0,0,0,155,180,forward,11217.16,-66,0,1.6988386284444903,101.43696783934736
14:59:26,1.698869,101.437033,0,0,0,0,0,0,0,0,155,180,forward,11217.16,-66,0,1.6988386284444903,101.43696783934736
14:59:28,1.698869,101.437033,0,0,0,0,0,0,0,0,155,180,forward,11217.16,-66,0,1.6988386284444903,101.43696783934736
14:59:30,1.698869,101.437033,0,0,0,0,0,0,0,0,155,180,forward,11217.16,-66,0,1.6988386284444903,101.43696783934736
14:59:32,1.698869,101.437033,0,0,0,0,0,0,0,0,155,180,forward,11217.16,-66,0,1.6988386284444903,101.43696783934736
14:59:35,1.698869,101.437033,0,0,0,0,0,0,0,0,155,180,forward,11217.16,-66,0,1.6988386284444903,101.43696783934736
14:59:37,1.698869,101.437033,0,0,0,0,0,0,0,0,155,180,forward,11217.16,-66,0,1.6988386284444903,101.43696783934736
14:59:39,1.698869,101.437033,0,0,0,0,0,0,0,0,155,180,forward,11217.16,-66,0,1.6988386284444903,101.43696783934736
14:59:41,1.698869,101.437033,0,0,0,0,0,0,0,0,155,180,forward,11217.16,-66,0,1.6988386284444903,101.43696783934736
14:59:43,1.698869,101.437033,0,0,0,0,0,0,0,0,155,180,forward,11217.16,-66,0,1.6988386284444903,101.43696783934736
14:59:46,1.698869,101.437033,0,0,0,0,0,0,0,0,155,180,forward,11217.16,-66,0,1.6988386284444903,101.43696783934736
14:59:48,1.698869,101.437033,0,0,0,0,0,0,0,0,155,180,forward,11217.16,-66,0,1.6988386284444903,101.43696783934736
14:59:50,1.698869,101.437033,0,0,0,0,0,0,0,0,155,180,forward,11217.16,-66,0,1.6988386284444903,101.43696783934736
14:59:52,1.698869,101.437033,0,0,0,0,0,0,0,0,155,180,forward,11217.16,-66,0,1.6988386284444903,101.43696783934736
14:59:54,1.698869,101.437033,0,0,0,0,0,0,0,0,155,180,forward,11217.16,-66,0,1.6988386284444903,101.43696783934736
14:59:57,1.698869,101.437033,0,0,0,0,0,0,0,0,155,180,forward,11217.16,-66,0,1.6988386284444903,101.43696783934736
14:59:59,1.698869,101.437033,0,0,0,0,0,0,0,0,155,180,forward,11217.16,-66,0,1.6988386284444903,101.43696783934736
15:00:01,1.698869,101.437033,0,0,0,0,0,0,0,0,155,180,forward,11217.16,-66,0,1.6988386284444903,101.43696783934736
15:00:03,1.698869,101.437033,0,0,0,0,0,0,0,0,155,180,forward,11217.16,-66,0,1.6988386284444903,101.43696783934736
15:00:05,1.698869,101.437033,0,0,0,0,0,0,0,0,155,180,forward,11217.16,-66,0,1.6988386284444903,101.43696783934736
15:00:07,1.698869,101.437033,0,0,0,0,0,0,0,0,155,180,forward,11217.16,-66,0,1.6988386284444903,101.43696783934736
15:00:10,1.698869,101.437033,0,0,0,0,0,0,0,0,155,180,forward,11217.16,-66,0,1.6988386284444903,101.43696783934736
15:00:12,1.698869,101.437033,0,0,0,0,0,0,0,0,155,180,forward,11217.16,-66,0,1.6988386284444903,101.43696783934736
15:00:14,1.698869,101.437033,0,0,0,0,0,0,0,0,155,180,forward,11217.16,-66,0,1.6988386284444903,101.43696783934736
15:00:16,1.698869,101.437033,0,0,0,0,0,0,0,0,155,180,forward,11217.16,-66,0,1.6988386284444903,101.43696783934736
15:00:18,1.698869,101.437033,0,0,0,0,0,0,0,0,155,180,forward,11217.16,-66,0,1.6988386284444903,101.43696783934736
15:00:20,1.698869,101.437033,0,0,0,0,0,0,0,0,155,180,forward,11217.16,-66,0,1.6988386284444903,101.43696783934736
15:00:23,1.698869,101.437033,0,0,0,0,0,0,0,0,155,180,forward,11217.16,-66,0,1.6988386284444903,101.43696783934736
15:00:25,1.698869,101.437033,0,0,0,0,0,0,0,0,155,180,forward,11217.16,-66,0,1.6988386284444903,101.43696783934736
15:00:27,1.698869,101.437033,0,0,0,0,0,0,0,0,155,180,forward,11217.16,-66,0,1.6988386284444903,101.43696783934736
15:00:29,1.698869,101.437033,0,0,0,0,0,0,0,0,155,180,forward,11217.16,-66,0,1.6988386284444903,101.43696783934736
15:00:31,1.698869,101.437033,0,0,0,0,0,0,0,0,155,180,forward,11217.16,-66,0,1.6988386284444903,101.43696783934736
15:00:33,1.698869,101.437033,0,0,0,0,0,0,0,0,155,180,forward,11217.16,-66,0,1.6988386284444903,101.43696783934736
15:00:35,1.698869,101.437033,0,0,0,0,0,0,0,0,155,180,forward,11217.16,-66,0,1.6988386284444903,101.43696783934736
15:00:37,1.698869,101.437033,0,0,0,0,0,0,0,0,155,180,forward,11217.16,-66,0,1.6988386284444903,101.43696783934736
15:00:40,1.698869,101.437033,0,0,0,0,0,0,0,0,155,180,forward,11217.16,-66,0,1.6988386284444903,101.43696783934736
15:00:42,1.698869,101.437033,0,0,0,0,0,0,0,0,155,180,forward,11217.16,-66,0,1.6988386284444903,101.43696783934736
15:00:44,1.698869,101.437033,0,0,0,0,0,0,0,0,155,180,forward,11217.16,-66,0,1.6988386284444903,101.43696783934736
15:00:46,1.698869,101.437033,0,0,0,0,0,0,0,0,155,180,forward,11217.16,-66,0,1.6988386284444903,101.43696783934736
15:00:48,1.698869,101.437033,0,0,0,0,0,0,0,0,155,180,forward,11217.16,-66,0,1.6988386284444903,101.43696783934736
15:00:51,1.698869,101.437033,0,0,0,0,0,0,0,0,155,180,forward,11217.16,-66,0,1.6988386284444903,101.43696783934736
15:00:53,1.698869,101.437033,0,0,0,0,0,0,0,0,155,180,forward,11217.16,-66,0,1.6988386284444903,101.43696783934736
15:00:55,1.698869,101.437033,0,0,0,0,0,0,0,0,155,180,forward,11217.16,-66,0,1.6988386284444903,101.43696783934736
15:00:57,1.698869,101.437033,0,0,0,0,0,0,0,0,155,180,forward,11217.16,-66,0,1.6988386284444903,101.43696783934736
15:00:59,1.698869,101.437033,0,0,0,0,0,0,0,0,155,180,forward,11217.16,-66,0,1.6988386284444903,101.43696783934736
15:01:01,1.698869,101.437033,0,0,0,0,0,0,0,0,155,180,forward,11217.16,-66,0,1.6988386284444903,101.43696783934736
15:01:03,1.698869,101.437033,0,0,0,0,0,0,0,0,155,180,forward,11217.16,-66,0,1.6988386284444903,101.43696783934736
15:01:06,1.698869,101.437033,0,0,0,0,0,0,0,0,155,180,forward,11217.16,-66,0,1.6988386284444903,101.43696783934736
15:01:08,1.698869,101.437033,0,0,0,0,0,0,0,0,155,180,forward,11217.16,-66,0,1.6988386284444903,101.43696783934736
15:01:10,1.698869,101.437033,0,0,0,0,0,0,0,0,155,180,forward,11217.16,-66,0,1.6988386284444903,101.43696783934736
15:01:12,1.698869,101.437033,0,0,0,0,0,0,0,0,155,180,forward,11217.16,-66,0,1.6988386284444903,101.43696783934736
15:01:14,1.698869,101.437033,0,0,0,0,0,0,0,0,155,180,forward,11217.16,-66,0,1.6988386284444903,101.43696783934736
15:01:16,1.698869,101.437033,0,0,0,0,0,0,0,0,155,180,forward,11217.16,-66,0,1.6988386284444903,101.43696783934736
15:01:18,1.698869,101.437033,0,0,0,0,0,0,0,0,155,180,forward,11217.16,-66,0,1.6988386284444903,101.43696783934736
15:01:21,1.698869,101.437033,0,0,0,0,0,0,0,0,155,180,forward,11217.16,-66,0,1.6988386284444903,101.43696783934736
15:01:23,1.698869,101.437033,0,0,0,0,0,0,0,0,155,180,forward,11217.16,-66,0,1.6988386284444903,101.43696783934736
15:01:25,1.698869,101.437033,0,0,0,0,0,0,0,0,155,180,forward,11217.16,-66,0,1.6988386284444903,101.43696783934736
15:01:27,1.698869,101.437033,0,0,0,0,0,0,0,0,155,180,forward,11217.16,-66,0,1.6988386284444903,101.43696783934736
15:01:29,1.698869,101.437033,0,0,0,0,0,0,0,0,155,180,forward,11217.16,-66,0,1.6988386284444903,101.43696783934736
15:01:31,1.698869,101.437033,0,0,0,0,0,0,0,0,155,180,forward,11217.16,-66,0,1.6988386284444903,101.43696783934736
15:01:33,1.698869,101.437033,0,0,0,0,0,0,0,0,155,180,forward,11217.16,-66,0,1.6988386284444903,101.43696783934736
15:01:36,1.698869,101.437033,0,0,0,0,0,0,0,0,155,180,forward,11217.16,-66,0,1.6988386284444903,101.43696783934736
15:01:38,1.698869,101.437033,0,0,0,0,0,0,0,0,155,180,forward,11217.16,-66,0,1.6988386284444903,101.43696783934736
15:01:40,1.698869,101.437033,0,0,0,0,0,0,0,0,155,180,forward,11217.16,-66,0,1.6988386284444903,101.43696783934736
15:01:42,1.698869,101.437033,0,0,0,0,0,0,0,0,155,180,forward,11217.16,-66,0,1.6988386284444903,101.43696783934736
15:01:44,1.698869,101.437033,0,0,0,0,0,0,0,0,155,180,forward,11217.16,-66,0,1.6988386284444903,101.43696783934736
15:01:47,1.698869,101.437033,0,0,0,0,0,0,0,0,155,180,forward,11217.16,-66,0,1.6988386284444903,101.43696783934736
15:01:49,1.698869,101.437033,0,0,0,0,0,0,0,0,155,180,forward,11217.16,-66,0,1.6988386284444903,101.43696783934736
15:01:51,1.698869,101.437033,0,0,0,0,0,0,0,0,155,180,forward,11217.16,-66,0,1.6988386284444903,101.43696783934736
15:01:53,1.698869,101.437033,0,0,0,0,0,0,0,0,155,180,forward,11217.16,-66,0,1.6988386284444903,101.43696783934736
15:01:55,1.698869,101.437033,0,0,0,0,0,0,0,0,155,180,forward,11217.16,-66,0,1.6988386284444903,101.43696783934736
15:01:57,1.698869,101.437033,0,0,0,0,0,0,0,0,155,180,forward,11217.16,-66,0,1.6988386284444903,101.43696783934736
15:02:00,1.698869,101.437033,0,0,0,0,0,0,0,0,155,180,forward,11217.16,-66,0,1.6988386284444903,101.43696783934736
15:02:02,1.698869,101.437033,0,0,0,0,0,0,0,0,155,180,forward,11217.16,-66,0,1.6988386284444903,101.43696783934736
15:02:04,1.698869,101.437033,0,0,0,0,0,0,0,0,155,180,forward,11217.16,-66,0,1.6988386284444903,101.43696783934736
15:02:06,1.698869,101.437033,0,0,0,0,0,0,0,0,155,180,forward,11217.16,-66,0,1.6988386284444903,101.43696783934736
15:02:08,1.698869,101.437033,0,0,0,0,0,0,0,0,155,180,forward,11217.16,-66,0,1.6988386284444903,101.43696783934736
15:02:10,1.698869,101.437033,0,0,0,0,0,0,0,0,155,180,forward,11217.16,-66,0,1.6988386284444903,101.43696783934736
15:02:13,1.698869,101.437033,0,0,0,0,0,0,0,0,155,180,forward,11217.16,-66,0,1.6988386284444903,101.43696783934736
15:02:15,1.698869,101.437033,0,0,0,0,0,0,0,0,155,180,forward,11217.16,-66,0,1.6988386284444903,101.43696783934736
15:02:17,1.698869,101.437033,0,0,0,0,0,0,0,0,155,180,forward,11217.16,-66,0,1.6988386284444903,101.43696783934736
15:02:19,1.698869,101.437033,0,0,0,0,0,0,0,0,155,180,forward,11217.16,-66,0,1.6988386284444903,101.43696783934736
15:02:21,1.698869,101.437033,0,0,0,0,0,0,0,0,155,180,forward,11217.16,-66,0,1.6988386284444903,101.43696783934736
15:02:24,1.698869,101.437033,0,0,0,0,0,0,0,0,155,180,forward,11217.16,-66,0,1.6988386284444903,101.43696783934736
15:02:26,1.698869,101.437033,0,0,0,0,0,0,0,0,155,180,forward,11217.16,-66,0,1.6988386284444903,101.43696783934736
15:02:28,1.698869,101.437033,0,0,0,0,0,0,0,0,155,180,forward,11217.16,-66,0,1.6988386284444903,101.43696783934736
15:02:30,1.698869,101.437033,0,0,0,0,0,0,0,0,155,180,forward,11217.16,-66,0,1.6988386284444903,101.43696783934736
15:02:32,1.698869,101.437033,0,0,0,0,0,0,0,0,155,180,forward,11217.16,-66,0,1.6988386284444903,101.43696783934736
15:02:34,1.698869,101.437033,0,0,0,0,0,0,0,0,155,180,forward,11217.16,-66,0,1.6988386284444903,101.43696783934736
15:02:37,1.698869,101.437033,0,0,0,0,0,0,0,0,155,180,forward,11217.16,-66,0,1.6988386284444903,101.43696783934736
15:02:39,1.698869,101.437033,0,0,0,0,0,0,0,0,155,180,forward,11217.16,-66,0,1.6988386284444903,101.43696783934736
15:02:41,1.698869,101.437033,0,0,0,0,0,0,0,0,155,180,forward,11217.16,-66,0,1.6988386284444903,101.43696783934736
15:02:43,1.698869,101.437033,0,0,0,0,0,0,0,0,155,180,forward,11217.16,-66,0,1.6988386284444903,101.43696783934736
15:02:45,1.698869,101.437033,0,0,0,0,0,0,0,0,155,180,forward,11217.16,-66,0,1.6988386284444903,101.43696783934736
15:02:47,1.698869,101.437033,0,0,0,0,0,0,0,0,155,180,forward,11217.16,-66,0,1.6988386284444903,101.43696783934736
15:02:50,1.698869,101.437033,0,0,0,0,0,0,0,0,155,180,forward,11217.16,-66,0,1.6988386284444903,101.43696783934736
15:02:52,1.698869,101.437033,0,0,0,0,0,0,0,0,155,180,forward,11217.16,-66,0,1.6988386284444903,101.43696783934736
15:02:54,1.698869,101.437033,0,0,0,0,0,0,0,0,155,180,forward,11217.16,-66,0,1.6988386284444903,101.43696783934736
15:02:56,1.698869,101.437033,0,0,0,0,0,0,0,0,155,180,forward,11217.16,-66,0,1.6988386284444903,101.43696783934736
15:02:58,1.698869,101.437033,0,0,0,0,0,0,0,0,155,180,forward,11217.16,-66,0,1.6988386284444903,101.43696783934736
15:03:01,1.698869,101.437033,0,0,0,0,0,0,0,0,155,180,forward,11217.16,-66,0,1.6988386284444903,101.43696783934736
15:03:03,1.698869,101.437033,0,0,0,0,0,0,0,0,155,180,forward,11217.16,-66,0,1.6988386284444903,101.43696783934736
15:03:05,1.698869,101.437033,0,0,0,0,0,0,0,0,155,180,forward,11217.16,-66,0,1.6988386284444903,101.43696783934736
15:03:07,1.698869,101.437033,0,0,0,0,0,0,0,0,155,180,forward,11217.16,-66,0,1.6988386284444903,101.43696783934736
15:03:09,1.698869,101.437033,0,0,0,0,0,0,0,0,155,180,forward,11217.16,-66,0,1.6988386284444903,101.43696783934736
15:03:12,1.698869,101.437033,0,0,0,0,0,0,0,0,155,180,forward,11217.16,-66,0,1.6988386284444903,101.43696783934736
15:03:14,1.698869,101.437033,0,0,0,0,0,0,0,0,155,180,forward,11217.16,-66,0,1.6988386284444903,101.43696783934736
15:03:16,1.698869,101.437033,0,0,0,0,0,0,0,0,155,180,forward,11217.16,-66,0,1.6988386284444903,101.43696783934736
15:03:18,1.698869,101.437033,0,0,0,0,0,0,0,0,155,180,forward,11217.16,-66,0,1.6988386284444903,101.43696783934736
15:03:20,1.698869,101.437033,0,0,0,0,0,0,0,0,155,180,forward,11217.16,-66,0,1.6988386284444903,101.43696783934736
15:03:23,1.698869,101.437033,0,0,0,0,0,0,0,0,155,180,forward,11217.16,-66,0,1.6988386284444903,101.43696783934736
15:03:25,1.698869,101.437033,0,0,0,0,0,0,0,0,155,180,forward,11217.16,-66,0,1.6988386284444903,101.43696783934736
15:03:27,1.698869,101.437033,0,0,0,0,0,0,0,0,155,180,forward,11217.16,-66,0,1.6988386284444903,101.43696783934736
15:03:29,1.698869,101.437033,0,0,0,0,0,0,0,0,155,180,forward,11217.16,-66,0,1.6988386284444903,101.43696783934736
15:03:31,1.698869,101.437033,0,0,0,0,0,0,0,0,155,180,forward,11217.16,-66,0,1.6988386284444903,101.43696783934736
15:03:33,1.698869,101.437033,0,0,0,0,0,0,0,0,155,180,forward,11217.16,-66,0,1.6988386284444903,101.43696783934736
15:03:36,1.698869,101.437033,0,0,0,0,0,0,0,0,155,180,forward,11217.16,-66,0,1.6988386284444903,101.43696783934736
15:03:38,1.698869,101.437033,0,0,0,0,0,0,0,0,155,180,forward,11217.16,-66,0,1.6988386284444903,101.43696783934736
15:03:40,1.698869,101.437033,0,0,0,0,0,0,0,0,155,180,forward,11217.16,-66,0,1.6988386284444903,101.43696783934736
15:03:42,1.698869,101.437033,0,0,0,0,0,0,0,0,155,180,forward,11217.16,-66,0,1.6988386284444903,101.43696783934736
15:03:44,1.698869,101.437033,0,0,0,0,0,0,0,0,155,180,forward,11217.16,-66,0,1.6988386284444903,101.43696783934736
15:03:46,1.698869,101.437033,0,0,0,0,0,0,0,0,155,180,forward,11217.16,-66,0,1.6988386284444903,101.43696783934736
15:03:49,1.698869,101.437033,0,0,0,0,0,0,0,0,155,180,forward,11217.16,-66,0,1.6988386284444903,101.43696783934736
15:03:51,1.698869,101.437033,0,0,0,0,0,0,0,0,155,180,forward,11217.16,-66,0,1.6988386284444903,101.43696783934736
15:03:53,1.698869,101.437033,0,0,0,0,0,0,0,0,155,180,forward,11217.16,-66,0,1.6988386284444903,101.43696783934736
15:03:55,1.698869,101.437033,0,0,0,0,0,0,0,0,155,180,forward,11217.16,-66,0,1.6988386284444903,101.43696783934736
15:03:57,1.698869,101.437033,0,0,0,0,0,0,0,0,155,180,forward,11217.16,-66,0,1.6988386284444903,101.43696783934736
15:04:00,1.698869,101.437033,0,0,0,0,0,0,0,0,155,180,forward,11217.16,-66,0,1.6988386284444903,101.43696783934736
15:04:02,1.698869,101.437033,0,0,0,0,0,0,0,0,155,180,forward,11217.16,-66,0,1.6988386284444903,101.43696783934736
15:04:04,1.698869,101.437033,0,0,0,0,0,0,0,0,155,180,forward,11217.16,-66,0,1.6988386284444903,101.43696783934736
15:04:06,1.698869,101.437033,0,0,0,0,0,0,0,0,155,180,forward,11217.16,-66,0,1.6988386284444903,101.43696783934736
15:04:08,1.698869,101.437033,0,0,0,0,0,0,0,0,155,180,forward,11217.16,-66,0,1.6988386284444903,101.43696783934736
15:04:10,1.698869,101.437033,0,0,0,0,0,0,0,0,155,180,forward,11217.16,-66,0,1.6988386284444903,101.43696783934736
15:04:13,1.698869,101.437033,0,0,0,0,0,0,0,0,155,180,forward,11217.16,-66,0,1.6988386284444903,101.43696783934736
15:04:15,1.698869,101.437033,0,0,0,0,0,0,0,0,155,180,forward,11217.16,-66,0,1.6988386284444903,101.43696783934736
15:04:17,1.698869,101.437033,0,0,0,0,0,0,0,0,155,180,forward,11217.16,-66,0,1.6988386284444903,101.43696783934736
15:04:19,1.698869,101.437033,0,0,0,0,0,0,0,0,155,180,forward,11217.16,-66,0,1.6988386284444903,101.43696783934736
15:04:21,1.698869,101.437033,0,0,0,0,0,0,0,0,155,180,forward,11217.16,-66,0,1.6988386284444903,101.43696783934736
15:04:23,1.698869,101.437033,0,0,0,0,0,0,0,0,155,180,forward,11217.16,-66,0,1.6988386284444903,101.43696783934736
15:04:26,1.698869,101.437033,0,0,0,0,0,0,0,0,155,180,forward,11217.16,-66,0,1.6988386284444903,101.43696783934736
15:04:28,1.698869,101.437033,0,0,0,0,0,0,0,0,155,180,forward,11217.16,-66,0,1.6988386284444903,101.43696783934736
15:04:30,1.698869,101.437033,0,0,0,0,0,0,0,0,155,180,forward,11217.16,-66,0,1.6988386284444903,101.43696783934736
15:04:32,1.698869,101.437033,0,0,0,0,0,0,0,0,155,180,forward,11217.16,-66,0,1.6988386284444903,101.43696783934736
15:04:34,1.698869,101.437033,0,0,0,0,0,0,0,0,155,180,forward,11217.16,-66,0,1.6988386284444903,101.43696783934736
15:04:36,1.698869,101.437033,0,0,0,0,0,0,0,0,155,180,forward,11217.16,-66,0,1.6988386284444903,101.43696783934736
15:04:38,1.698869,101.437033,0,0,0,0,0,0,0,0,155,180,forward,11217.16,-66,0,1.6988386284444903,101.43696783934736
15:04:40,1.698869,101.437033,0,0,0,0,0,0,0,0,155,180,forward,11217.16,-66,0,1.6988386284444903,101.43696783934736
15:04:43,1.698869,101.437033,0,0,0,0,0,0,0,0,155,180,forward,11217.16,-66,0,1.6988386284444903,101.43696783934736
15:04:45,1.698869,101.437033,0,0,0,0,0,0,0,0,155,180,forward,11217.16,-66,0,1.6988386284444903,101.43696783934736
15:04:47,1.698869,101.437033,0,0,0,0,0,0,0,0,155,180,forward,11217.16,-66,0,1.6988386284444903,101.43696783934736
15:04:49,1.698869,101.437033,0,0,0,0,0,0,0,0,155,180,forward,11217.16,-66,0,1.6988386284444903,101.43696783934736
15:04:51,1.698869,101.437033,0,0,0,0,0,0,0,0,155,180,forward,11217.16,-66,0,1.6988386284444903,101.43696783934736
15:04:53,1.698869,101.437033,0,0,0,0,0,0,0,0,155,180,forward,11217.16,-66,0,1.6988386284444903,101.43696783934736
15:04:56,1.698869,101.437033,0,0,0,0,0,0,0,0,155,180,forward,11217.16,-66,0,1.6988386284444903,101.43696783934736
15:04:58,1.698869,101.437033,0,0,0,0,0,0,0,0,155,180,forward,11217.16,-66,0,1.6988386284444903,101.43696783934736
15:05:00,1.698869,101.437033,0,0,0,0,0,0,0,0,155,180,forward,11217.16,-66,0,1.6988386284444903,101.43696783934736
15:05:02,1.698869,101.437033,0,0,0,0,0,0,0,0,155,180,forward,11217.16,-66,0,1.6988386284444903,101.43696783934736
15:05:04,1.698869,101.437033,0,0,0,0,0,0,0,0,155,180,forward,11217.16,-66,0,1.6988386284444903,101.43696783934736
15:05:06,1.698869,101.437033,0,0,0,0,0,0,0,0,155,180,forward,11217.16,-66,0,1.6988386284444903,101.43696783934736
15:05:08,1.698869,101.437033,0,0,0,0,0,0,0,0,155,180,forward,11217.16,-66,0,1.6988386284444903,101.43696783934736
15:05:10,1.698869,101.437033,0,0,0,0,0,0,0,0,155,180,forward,11217.16,-66,0,1.6988386284444903,101.43696783934736
15:05:13,1.698869,101.437033,0,0,0,0,0,0,0,0,155,180,forward,11217.16,-66,0,1.6988386284444903,101.43696783934736
15:05:15,1.698869,101.437033,0,0,0,0,0,0,0,0,155,180,forward,11217.16,-66,0,1.6988386284444903,101.43696783934736
15:05:17,1.698869,101.437033,0,0,0,0,0,0,0,0,155,180,forward,11217.16,-66,0,1.6988386284444903,101.43696783934736
15:05:19,1.698869,101.437033,0,0,0,0,0,0,0,0,155,180,forward,11217.16,-66,0,1.6988386284444903,101.43696783934736
15:05:21,1.698869,101.437033,0,0,0,0,0,0,0,0,155,180,forward,11217.16,-66,0,1.6988386284444903,101.43696783934736
15:05:23,1.698869,101.437033,0,0,0,0,0,0,0,0,155,180,forward,11217.16,-66,0,1.6988386284444903,101.43696783934736
15:05:26,1.698869,101.437033,0,0,0,0,0,0,0,0,155,180,forward,11217.16,-66,0,1.6988386284444903,101.43696783934736
15:05:28,1.698869,101.437033,0,0,0,0,0,0,0,0,155,180,forward,11217.16,-66,0,1.6988386284444903,101.43696783934736
15:05:30,1.698869,101.437033,0,0,0,0,0,0,0,0,155,180,forward,11217.16,-66,0,1.6988386284444903,101.43696783934736
15:05:32,1.698869,101.437033,0,0,0,0,0,0,0,0,155,180,forward,11217.16,-66,0,1.6988386284444903,101.43696783934736
15:05:34,1.698869,101.437033,0,0,0,0,0,0,0,0,155,180,forward,11217.16,-66,0,1.6988386284444903,101.43696783934736
15:05:37,1.698869,101.437033,0,0,0,0,0,0,0,0,155,180,forward,11217.16,-66,0,1.6988386284444903,101.43696783934736
15:05:39,1.698869,101.437033,0,0,0,0,0,0,0,0,155,180,forward,11217.16,-66,0,1.6988386284444903,101.43696783934736
15:05:41,1.698869,101.437033,0,0,0,0,0,0,0,0,155,180,forward,11217.16,-66,0,1.6988386284444903,101.43696783934736
15:05:43,1.698869,101.437033,0,0,0,0,0,0,0,0,155,180,forward,11217.16,-66,0,1.6988386284444903,101.43696783934736
15:05:45,1.698869,101.437033,0,0,0,0,0,0,0,0,155,180,forward,11217.16,-66,0,1.6988386284444903,101.43696783934736
15:05:47,1.698869,101.437033,0,0,0,0,0,0,0,0,155,180,forward,11217.16,-66,0,1.6988386284444903,101.43696783934736
15:05:50,1.698869,101.437033,0,0,0,0,0,0,0,0,155,180,forward,11217.16,-66,0,1.6988386284444903,101.43696783934736
15:05:52,1.698869,101.437033,0,0,0,0,0,0,0,0,155,180,forward,11217.16,-66,0,1.6988386284444903,101.43696783934736
15:05:54,1.698869,101.437033,0,0,0,0,0,0,0,0,155,180,forward,11217.16,-66,0,1.6988386284444903,101.43696783934736
15:05:56,1.698869,101.437033,0,0,0,0,0,0,0,0,155,180,forward,11217.16,-66,0,1.6988386284444903,101.43696783934736
15:05:58,1.698869,101.437033,0,0,0,0,0,0,0,0,155,180,forward,11217.16,-66,0,1.6988386284444903,101.43696783934736
15:06:00,1.698869,101.437033,0,0,0,0,0,0,0,0,155,180,forward,11217.16,-66,0,1.6988386284444903,101.43696783934736
15:06:02,1.698869,101.437033,0,0,0,0,0,0,0,0,155,180,forward,11217.16,-66,0,1.6988386284444903,101.43696783934736
15:06:04,1.698869,101.437033,0,0,0,0,0,0,0,0,155,180,forward,11217.16,-66,0,1.6988386284444903,101.43696783934736
15:06:07,1.698869,101.437033,0,0,0,0,0,0,0,0,155,180,forward,11217.16,-66,0,1.6988386284444903,101.43696783934736
15:06:09,1.698869,101.437033,0,0,0,0,0,0,0,0,155,180,forward,11217.16,-66,0,1.6988386284444903,101.43696783934736
15:06:11,1.698869,101.437033,0,0,0,0,0,0,0,0,155,180,forward,11217.16,-66,0,1.6988386284444903,101.43696783934736
15:06:13,1.698869,101.437033,0,0,0,0,0,0,0,0,155,180,forward,11217.16,-66,0,1.6988386284444903,101.43696783934736
15:06:15,1.698869,101.437033,0,0,0,0,0,0,0,0,155,180,forward,11217.16,-66,0,1.6988386284444903,101.43696783934736
15:06:17,1.698869,101.437033,0,0,0,0,0,0,0,0,155,180,forward,11217.16,-66,0,1.6988386284444903,101.43696783934736
15:06:20,1.698869,101.437033,0,0,0,0,0,0,0,0,155,180,forward,11217.16,-66,0,1.6988386284444903,101.43696783934736
15:06:31,1.698442,101.437497,0,0,0,0,0,0,0,0,211,180,forward,0,0,0,1.6984790133259675,101.43743537240594
15:06:33,1.698443,101.437495,0,0,0,0,0,0,0,0,212,180,forward,0,0,0,1.6984810827659527,101.43743402804763
15:06:35,1.698443,101.437493,0,0,0,0,0,0,0,0,211,180,forward,0,0,0,1.6984800133259674,101.43743137240592
15:06:38,1.698444,101.437492,0,0,0,0,0,0,0,0,211,180,forward,0,0,0,1.6984810133259676,101.43743037240588
15:06:40,1.698444,101.43749,0,0,0,0,0,0,0,0,210,180,forward,0,0,0,1.6984799326113649,101.43742773553653
15:06:42,1.698445,101.437489,0,0,0,0,0,0,0,0,210,180,forward,0,0,0,1.6984809326113648,101.4374267355365
15:06:44,1.698445,101.437487,0,0,0,0,0,0,0,0,210,180,forward,0,0,0,1.6984809326113648,101.43742473553651
15:06:46,1.698445,101.437486,0,0,0,0,0,0,0,0,210,180,forward,0,0,0,1.6984809326113648,101.43742373553651
15:06:48,1.698445,101.437485,0,0,0,0,0,0,0,0,209,180,forward,0,0,0,1.6984798409513404,101.4374221176335
15:06:51,1.698445,101.437484,0,0,0,0,0,0,0,0,209,180,forward,0,0,0,1.6984798409513404,101.4374211176335
15:06:53,1.698445,101.437483,0,0,0,0,0,0,0,0,209,180,forward,10361.79,-90,0,1.6984798409513404,101.43742011763351
15:06:55,1.698446,101.437482,0,0,0,0,0,0,0,0,209,180,forward,10361.97,-89,0,1.6984808409513403,101.43741911763348
15:06:57,1.698446,101.437481,0,0,0,0,0,0,0,0,209,180,forward,10257.75,-89,0,1.6984808409513403,101.43741811763348
15:06:59,1.698447,101.437479,0,0,0,0,0,0,0,0,208,180,forward,10362.3,-89,0,1.6984807386784249,101.43741551888503
15:07:01,1.698447,101.437478,0,0,0,0,0,0,0,0,208,180,forward,10258.1,-90,0,1.6984807386784249,101.43741451888503
15:07:04,1.698448,101.437477,0,0,0,0,0,0,0,0,208,180,forward,0,0,0,1.6984817386784248,101.437413518885
15:07:06,1.698449,101.437477,0,0,0,0,0,0,0,0,207,180,forward,0,0,0,1.698481626128381,101.43741293947352
15:07:08,1.69845,101.437476,0,0,0,0,0,0,0,0,208,180,forward,0,0,0,1.6984837386784248,101.43741251888494
15:07:10,1.69845,101.437475,0,0,0,0,0,0,0,0,207,180,forward,0,0,0,1.698482626128381,101.4374109394735
15:07:12,1.698451,101.437474,0,0,0,0,0,0,0,0,207,180,forward,0,0,0,1.6984836261283809,101.43740993947344
15:07:14,1.698452,101.437473,0,0,0,0,0,0,0,0,207,180,forward,0,0,0,1.698484626128381,101.43740893947341
15:07:16,1.698453,101.437472,0,0,0,0,0,0,0,0,206,180,forward,0,0,0,1.6984845036401022,101.43740737957539
15:07:19,1.698453,101.437471,0,0,0,0,0,0,0,0,207,180,forward,0,0,0,1.698485626128381,101.43740693947339
15:07:21,1.698453,101.43747,0,0,0,0,0,0,0,0,207,180,forward,0,0,0,1.698485626128381,101.4374059394734
15:07:23,1.698454,101.437469,0,0,0,0,0,0,0,0,206,180,forward,0,0,0,1.698485503640102,101.43740437957534
15:07:25,1.698455,101.437467,0,0,0,0,0,0,0,0,206,180,forward,0,0,0,1.6984865036401022,101.43740237957532
15:07:27,1.698455,101.437466,0,0,0,0,0,0,0,0,205,180,forward,0,0,0,1.6984853715555097,101.43740083936133
15:07:29,1.698456,101.437465,0,0,0,0,0,0,0,0,205,180,forward,0,0,0,1.6984863715555096,101.4373998393613
15:07:32,1.698456,101.437463,0,0,0,0,0,0,0,0,205,180,forward,0,0,0,1.6984863715555096,101.4373978393613
15:07:34,1.698456,101.437461,0,0,0,0,0,0,0,0,204,180,forward,0,0,0,1.6984852302194469,101.43739531899587
15:07:36,1.698456,101.437458,0,0,0,0,0,0,0,0,204,180,forward,0,0,0,1.6984852302194469,101.43739231899588
15:07:38,1.698456,101.437456,0,0,0,0,0,0,0,0,204,180,forward,0,0,0,1.6984852302194469,101.43739031899587
15:07:40,1.698457,101.437454,0,0,0,0,0,0,0,0,204,180,forward,0,0,0,1.698486230219447,101.43738831899584
15:07:42,1.698457,101.437452,0,0,0,0,0,0,0,0,203,180,forward,0,0,0,1.6984850799795763,101.43738581863747
15:07:45,1.698458,101.437449,0,0,0,0,0,0,0,0,203,180,forward,0,0,0,1.6984860799795762,101.43738281863745
15:07:47,1.698459,101.437447,0,0,0,0,0,0,0,0,203,180,forward,0,0,0,1.6984870799795762,101.43738081863741
15:07:49,1.69846,101.437445,0,0,0,0,0,0,0,0,202,180,forward,0,0,0,1.6984869211862719,101.43737833843849
15:07:51,1.69846,101.437443,0,0,0,0,0,0,0,0,202,180,forward,0,0,0,1.6984869211862719,101.4373763384385
15:07:53,1.69846,101.437442,0,0,0,0,0,0,0,0,202,180,forward,0,0,0,1.6984869211862719,101.4373753384385
15:07:55,1.698461,101.43744,0,0,0,0,0,0,0,0,202,180,forward,0,0,0,1.6984879211862718,101.43737333843846
15:07:58,1.698462,101.437438,0,0,0,0,0,0,0,0,202,180,forward,0,0,0,1.6984889211862717,101.43737133843842
15:08:00,1.698463,101.437437,0,0,0,0,0,0,0,0,202,180,forward,0,0,0,1.6984899211862718,101.4373703384384
15:08:02,1.698463,101.437435,0,0,0,0,0,0,0,0,201,180,forward,0,0,0,1.6984887541925133,101.43736787854527
15:08:04,1.698464,101.437433,0,0,0,0,0,0,0,0,201,180,forward,0,0,0,1.6984897541925132,101.43736587854524
15:08:06,1.698464,101.437431,0,0,0,0,0,0,0,0,201,180,forward,0,0,0,1.6984897541925132,101.43736387854524
15:08:09,1.698464,101.43743,0,0,0,0,0,0,0,0,200,180,forward,0,0,0,1.698488579353778,101.43736243909798
15:08:11,1.698464,101.437428,0,0,0,0,0,0,0,0,200,180,forward,0,0,0,1.698488579353778,101.43736043909797
15:08:13,1.698463,101.437427,0,0,0,0,0,0,0,0,200,180,forward,0,0,0,1.6984875793537781,101.437359439098
15:08:15,1.698463,101.437425,0,0,0,0,0,0,0,0,199,180,forward,0,0,0,1.6984863970279338,101.43735702023044
15:08:17,1.698463,101.437423,0,0,0,0,0,0,0,0,199,180,forward,0,0,0,1.6984863970279338,101.43735502023043
15:08:19,1.698463,101.437422,0,0,0,0,0,0,0,0,199,180,forward,0,0,0,1.6984863970279338,101.43735402023043
15:08:21,1.698463,101.43742,0,0,0,0,0,0,0,0,198,180,forward,0,0,0,1.698485207575128,101.43735162207017
15:08:24,1.698463,101.437418,0,0,0,0,0,0,0,0,199,180,forward,0,0,0,1.6984863970279338,101.43735002023043
15:08:26,1.698464,101.437415,0,0,0,0,0,0,0,0,198,180,forward,0,0,0,1.698486207575128,101.43734662207014
15:08:28,1.698465,101.437412,0,0,0,0,0,0,0,0,198,180,forward,0,0,0,1.6984872075751278,101.43734362207009
15:08:30,1.698465,101.43741,0,0,0,0,0,0,0,0,198,180,forward,0,0,0,1.6984872075751278,101.4373416220701
15:08:32,1.698465,101.437408,0,0,0,0,0,0,0,0,197,180,forward,0,0,0,1.6984860113576796,101.43733924473841
15:08:35,1.698466,101.437405,0,0,0,0,0,0,0,0,197,180,forward,0,0,0,1.6984870113576798,101.43733624473836
15:08:37,1.698468,101.437403,0,0,0,0,0,0,0,0,197,180,forward,0,0,0,1.6984890113576798,101.4373342447383
15:08:39,1.698469,101.437402,0,0,0,0,0,0,0,0,197,180,forward,0,0,0,1.6984900113576797,101.43733324473827
15:08:41,1.698469,101.4374,0,0,0,0,0,0,0,0,197,180,forward,0,0,0,1.6984900113576797,101.43733124473826
15:08:43,1.698469,101.437398,0,0,0,0,0,0,0,0,196,180,forward,0,0,0,1.6984888087399683,101.4373288883501
15:08:45,1.698469,101.437396,0,0,0,0,0,0,0,0,196,180,forward,0,0,0,1.6984888087399683,101.4373268883501
15:08:47,1.69847,101.437394,0,0,0,0,0,0,0,0,195,180,forward,0,0,0,1.6984886000883228,101.43732455301395
15:08:49,1.69847,101.437392,0,0,0,0,0,0,0,0,196,180,forward,0,0,0,1.6984898087399682,101.43732288835005
15:08:52,1.698471,101.43739,0,0,0,0,0,0,0,0,195,180,forward,0,0,0,1.698489600088323,101.43732055301392
15:08:54,1.698472,101.437387,0,0,0,0,0,0,0,0,196,180,forward,0,0,0,1.6984918087399683,101.43731788834998
15:08:56,1.698473,101.437385,0,0,0,0,0,0,0,0,195,180,forward,9663.72,-89,0,1.6984916000883228,101.43731555301386
15:08:58,1.698474,101.437383,0,0,0,0,0,0,0,0,194,180,forward,9670.37,-90,0,1.6984913857709105,101.43731323883193
15:09:00,1.698474,101.437382,0,0,0,0,0,0,0,0,194,180,forward,9670.48,-90,0,1.6984913857709105,101.43731223883194
15:09:02,1.698475,101.437381,0,0,0,0,0,0,0,0,193,180,forward,9670.62,-89,0,1.6984911661576236,101.43731094589997
15:09:04,1.698475,101.43738,0,0,0,0,0,0,0,0,193,180,forward,9670.73,-88,0,1.6984911661576236,101.43730994589997
15:09:06,1.698476,101.437378,0,0,0,0,0,0,0,0,194,180,forward,9670.97,-89,0,1.6984933857709106,101.43730823883186
15:09:08,1.698476,101.437377,0,0,0,0,0,0,0,0,193,180,forward,9653.03,-90,0,1.6984921661576238,101.43730694589992
15:09:11,1.698476,101.437376,0,0,0,0,0,0,0,0,193,180,forward,9653.14,-89,0,1.6984921661576238,101.43730594589992
15:09:13,1.698477,101.437375,0,0,0,0,0,0,0,0,193,180,forward,9653.26,-88,0,1.6984931661576237,101.4373049458999
15:09:15,1.698478,101.437374,0,0,0,0,0,0,0,0,192,180,forward,9653.39,-88,0,1.6984929416199686,101.43730367430707
15:09:17,1.698479,101.437373,0,0,0,0,0,0,0,0,192,180,forward,9639.23,-89,0,1.6984939416199687,101.43730267430702
15:09:19,1.69848,101.437372,0,0,0,0,0,0,0,0,192,180,forward,9639.37,-89,0,1.6984949416199686,101.437301674307
15:09:21,1.698481,101.437371,0,0,0,0,0,0,0,0,191,180,forward,9632.47,-89,0,1.6984947125309515,101.43730042413605
15:09:23,1.698481,101.437369,0,0,0,0,0,0,0,0,191,180,forward,9632.66,-89,0,1.6984947125309515,101.43729842413606
15:09:25,1.698482,101.437367,0,0,0,0,0,0,0,0,192,180,forward,9639.97,-90,0,1.6984969416199687,101.43729667430691
15:09:27,1.698482,101.437366,0,0,0,0,0,0,0,0,191,180,forward,9633.0,-89,0,1.6984957125309517,101.43729542413601
15:09:30,1.698483,101.437365,0,0,0,0,0,0,0,0,191,180,forward,9633.09,-89,0,1.6984967125309516,101.43729442413598
15:09:32,1.698483,101.437364,0,0,0,0,0,0,0,0,190,180,forward,9610.95,-89,0,1.6984954792649647,101.43729319546317
15:09:34,1.698483,101.437363,0,0,0,0,0,0,0,0,190,180,forward,9611.05,-89,0,1.6984954792649647,101.43729219546317
15:09:36,1.698483,101.437361,0,0,0,0,0,0,0,0,190,180,forward,9611.26,-90,0,1.6984954792649647,101.43729019546316
15:09:38,1.698484,101.437361,0,0,0,0,0,0,0,0,189,180,forward,9633.58,-87,0,1.698495242197673,101.43728998835807
15:09:40,1.698484,101.437361,0,0,0,0,0,0,0,0,189,180,forward,9611.32,-88,0,1.698495242197673,101.43728998835807
15:09:43,1.698484,101.43736,0,0,0,0,0,0,0,0,189,180,forward,9611.43,-89,0,1.698495242197673,101.43728898835808
15:09:45,1.698484,101.437359,0,0,0,0,0,0,0,0,190,180,forward,9620.09,-91,0,1.6984964792649648,101.43728819546314
15:09:47,1.698485,101.437358,0,0,0,0,0,0,0,0,189,180,forward,9620.21,-90,0,1.6984962421976728,101.43728698835804
15:09:49,1.698485,101.437357,0,0,0,0,0,0,0,0,189,180,forward,9607.19,-91,0,1.6984962421976728,101.43728598835804
15:09:51,1.698486,101.437356,0,0,0,0,0,0,0,0,188,180,forward,9607.32,-89,0,1.6984960017058983,101.43728480288377
15:09:54,1.698487,101.437355,0,0,0,0,0,0,0,0,188,180,forward,9607.43,-90,0,1.6984970017058985,101.43728380288374
15:09:56,1.698487,101.437355,0,0,0,0,0,0,0,0,188,180,forward,9607.43,-89,0,1.6984970017058985,101.43728380288374
15:09:58,1.698487,101.437354,0,0,0,0,0,0,0,0,188,180,forward,9607.54,-89,0,1.6984970017058985,101.43728280288374
15:10:00,1.698488,101.437354,0,0,0,0,0,0,0,0,188,180,forward,9607.55,-89,0,1.6984980017058984,101.4372828028837
15:10:02,1.698488,101.437353,0,0,0,0,0,0,0,0,188,180,forward,9607.66,-89,0,1.6984980017058984,101.4372818028837
15:10:04,1.698489,101.437351,0,0,0,0,0,0,0,0,188,180,forward,9607.89,-89,0,1.6984990017058983,101.43727980288367
15:10:06,1.69849,101.437349,0,0,0,0,0,0,0,0,187,180,forward,9608.12,-88,0,1.6984987581675077,101.43727763909673
15:10:09,1.698491,101.437348,0,0,0,0,0,0,0,0,187,180,forward,9598.06,-90,0,1.6984997581675076,101.4372766390967
15:10:11,1.698493,101.437346,0,0,0,0,0,0,0,0,187,180,forward,9598.31,-89,0,1.6985017581675077,101.43727463909663
15:10:13,1.698494,101.437344,0,0,0,0,0,0,0,0,187,180,forward,9598.53,-89,0,1.6985027581675076,101.43727263909658
15:10:15,1.698495,101.437343,0,0,0,0,0,0,0,0,187,180,forward,9598.65,-89,0,1.6985037581675078,101.43727163909655
15:10:17,1.698495,101.437341,0,0,0,0,0,0,0,0,187,180,forward,9598.87,-90,0,1.6985037581675078,101.43726963909656
15:10:20,1.698496,101.43734,0,0,0,0,0,0,0,0,187,180,forward,9598.98,-88,0,1.6985047581675077,101.43726863909652
15:10:22,1.698497,101.437339,0,0,0,0,0,0,0,0,186,180,forward,9591.87,-89,0,1.6985045119612943,101.43726749704679
15:10:24,1.698497,101.437337,0,0,0,0,0,0,0,0,186,180,forward,9599.32,-89,0,1.6985045119612943,101.4372654970468
15:10:26,1.698498,101.437335,0,0,0,0,0,0,0,0,186,180,forward,9599.55,-89,0,1.6985055119612944,101.43726349704677
15:10:28,1.698499,101.437334,0,0,0,0,0,0,0,0,186,180,forward,9599.68,-88,0,1.6985065119612943,101.43726249704673
15:10:31,1.6985,101.437332,0,0,0,0,0,0,0,0,186,180,forward,9592.67,-89,0,1.6985075119612942,101.43726049704668
15:10:33,1.6985,101.437331,0,0,0,0,0,0,0,0,186,180,forward,9592.77,-90,0,1.6985075119612942,101.43725949704668
15:10:35,1.6985,101.437329,0,0,0,0,0,0,0,0,186,180,forward,9593.0,-89,0,1.6985075119612942,101.43725749704669
15:10:37,1.698501,101.437327,0,0,0,0,0,0,0,0,186,180,forward,9593.23,-89,0,1.6985085119612944,101.43725549704665
15:10:39,1.698502,101.437325,0,0,0,0,0,0,0,0,185,180,forward,9593.45,-89,0,1.6985082634668647,101.43725337677743
15:10:42,1.698503,101.437324,0,0,0,0,0,0,0,0,185,180,forward,9593.58,-89,0,1.6985092634668648,101.4372523767774
15:10:44,1.698503,101.437322,0,0,0,0,0,0,0,0,185,180,forward,9593.8,-89,0,1.6985092634668648,101.43725037677738
15:10:46,1.698504,101.437321,0,0,0,0,0,0,0,0,185,180,forward,9692.98,-89,0,1.6985102634668647,101.43724937677736
15:10:48,1.698504,101.43732,0,0,0,0,0,0,0,0,185,180,forward,9693.12,-89,0,1.6985102634668647,101.43724837677736
15:10:50,1.698504,101.437319,0,0,0,0,0,0,0,0,185,180,forward,9693.22,-89,0,1.6985102634668647,101.43724737677736
15:10:52,1.698505,101.437317,0,0,0,0,0,0,0,0,185,180,forward,9693.45,-89,0,1.6985112634668647,101.43724537677731
15:10:54,1.698506,101.437316,0,0,0,0,0,0,0,0,185,180,forward,9693.61,-89,0,1.6985122634668648,101.43724437677727
15:10:57,1.698506,101.437315,0,0,0,0,0,0,0,0,185,180,forward,9693.75,-90,0,1.6985122634668648,101.43724337677727
15:10:59,1.698507,101.437314,0,0,0,0,0,0,0,0,185,180,forward,9693.87,-88,0,1.6985132634668647,101.43724237677725
15:11:01,1.698507,101.437313,0,0,0,0,0,0,0,0,185,180,forward,9694.01,-89,0,1.6985132634668647,101.43724137677725
15:11:03,1.698507,101.437312,0,0,0,0,0,0,0,0,184,180,forward,9694.12,-89,0,1.6985120130645224,101.43724027832519
15:11:05,1.698507,101.437312,0,0,0,0,0,0,0,0,185,180,forward,10046.57,-90,0,1.6985132634668647,101.43724037677725
15:11:07,1.698507,101.437311,0,0,0,0,0,0,0,0,184,180,forward,10046.67,-89,0,1.6985120130645224,101.43723927832518
15:11:09,1.698508,101.437311,0,0,0,0,0,0,0,0,184,180,forward,10046.68,-89,0,1.6985130130645223,101.43723927832515
15:11:12,1.698508,101.43731,0,0,0,0,0,0,0,0,184,180,forward,10046.9,-89,0,1.6985130130645223,101.43723827832515
15:11:14,1.698508,101.437309,0,0,0,0,0,0,0,0,184,180,forward,10047.0,-89,0,1.6985130130645223,101.43723727832516
15:11:16,1.698509,101.437307,0,0,0,0,0,0,0,0,184,180,forward,10047.35,-90,0,1.6985140130645224,101.43723527832512
15:11:18,1.69851,101.437306,0,0,0,0,0,0,0,0,184,180,forward,10047.46,-89,0,1.6985150130645223,101.43723427832509
15:11:20,1.69851,101.437305,0,0,0,0,0,0,0,0,185,180,forward,10047.68,-91,0,1.6985162634668647,101.43723337677713
15:11:22,1.698511,101.437305,0,0,0,0,0,0,0,0,184,180,forward,10047.68,-89,0,1.6985160130645225,101.43723327832504
15:11:25,1.698511,101.437304,0,0,0,0,0,0,0,0,184,180,forward,10293.41,-91,0,1.6985160130645225,101.43723227832504
15:11:27,1.698512,101.437304,0,0,0,0,0,0,0,0,184,180,forward,10048.04,-88,0,1.6985170130645224,101.437232278325
15:11:29,1.698513,101.437303,0,0,0,0,0,0,0,0,183,180,forward,10048.15,-88,0,1.6985167611351522,101.43723120172002
15:11:31,1.698513,101.437302,0,0,0,0,0,0,0,0,183,180,forward,10293.87,-89,0,1.6985167611351522,101.43723020172003
15:11:33,1.698513,101.437301,0,0,0,0,0,0,0,0,183,180,forward,10293.98,-90,0,1.6985167611351522,101.43722920172003
15:11:35,1.698513,101.4373,0,0,0,0,0,0,0,0,183,180,forward,10294.08,-89,0,1.6985167611351522,101.43722820172002
15:11:37,1.698513,101.437299,0,0,0,0,0,0,0,0,183,180,forward,10294.19,-89,0,1.6985167611351522,101.43722720172002
15:11:39,1.698513,101.437297,0,0,0,0,0,0,0,0,183,180,forward,10294.4,-90,0,1.6985167611351522,101.43722520172003
15:11:42,1.698513,101.437297,0,0,0,0,0,0,0,0,183,180,forward,10294.39,-88,0,1.6985167611351522,101.43722520172003
15:11:44,1.698513,101.437296,0,0,0,0,0,0,0,0,182,180,forward,10294.5,-88,0,1.6985155080601035,101.43722414698554
15:11:46,1.698513,101.437295,0,0,0,0,0,0,0,0,183,180,forward,10506.51,-90,0,1.6985167611351522,101.43722320172003
15:11:48,1.698514,101.437294,0,0,0,0,0,0,0,0,183,180,forward,10506.75,-90,0,1.6985177611351523,101.43722220171999
15:11:50,1.698514,101.437293,0,0,0,0,0,0,0,0,182,180,forward,10506.86,-89,0,1.6985165080601037,101.43722114698551
15:11:52,1.698514,101.437292,0,0,0,0,0,0,0,0,182,180,forward,10506.97,-89,0,1.6985165080601037,101.43722014698551
15:11:54,1.698514,101.437292,0,0,0,0,0,0,0,0,182,180,forward,10506.97,-89,0,1.6985165080601037,101.43722014698551
15:11:57,1.698514,101.437291,0,0,0,0,0,0,0,0,182,180,forward,10507.08,-90,0,1.6985165080601037,101.43721914698551
15:11:59,1.698514,101.43729,0,0,0,0,0,0,0,0,181,180,forward,10507.18,-89,0,1.698515254221076,101.43721811413815
15:12:01,1.698515,101.437289,0,0,0,0,0,0,0,0,181,180,forward,10731.46,-89,0,1.6985162542210759,101.43721711413811
15:12:03,1.698516,101.437288,0,0,0,0,0,0,0,0,181,180,forward,10731.84,-89,0,1.6985172542210758,101.43721611413807
15:12:05,1.698517,101.437287,0,0,0,0,0,0,0,0,181,180,forward,10731.95,-89,0,1.698518254221076,101.43721511413803
15:12:07,1.698517,101.437286,0,0,0,0,0,0,0,0,181,180,forward,10732.2,-89,0,1.698518254221076,101.43721411413803
15:12:09,1.698517,101.437286,0,0,0,0,0,0,0,0,181,180,forward,0,0,0,1.698518254221076,101.43721411413803
15:12:12,1.698517,101.437286,0,0,0,0,0,0,0,0,181,180,forward,0,0,0,1.698518254221076,101.43721411413803
15:12:14,1.698517,101.437286,0,0,0,0,0,0,0,0,181,180,forward,0,0,0,1.698518254221076,101.43721411413803
15:12:16,1.698517,101.437287,0,0,0,0,0,0,0,0,181,180,forward,0,0,0,1.698518254221076,101.43721511413803
15:12:18,1.698517,101.437287,0,0,0,0,0,0,0,0,180,180,forward,0,0,0,1.698517,101.4372151031878
15:12:20,1.698517,101.437287,0,0,0,0,0,0,0,0,180,180,forward,0,0,0,1.698517,101.4372151031878
15:12:23,1.698517,101.437287,0,0,0,0,0,0,0,0,180,180,forward,0,0,0,1.698517,101.4372151031878
15:12:25,1.698517,101.437287,0,0,0,0,0,0,0,0,180,180,forward,0,0,0,1.698517,101.4372151031878
15:12:27,1.698518,101.437287,0,0,0,0,0,0,0,0,180,180,forward,0,0,0,1.698518,101.43721510318775
15:12:29,1.698518,101.437286,0,0,0,0,0,0,0,0,180,180,forward,0,0,0,1.698518,101.43721410318776
15:12:31,1.698519,101.437285,0,0,0,0,0,0,0,0,180,180,forward,0,0,0,1.698519,101.43721310318773
15:12:34,1.698519,101.437284,0,0,0,0,0,0,0,0,180,180,forward,0,0,0,1.698519,101.43721210318773
15:12:36,1.698519,101.437284,0,0,0,0,0,0,0,0,180,180,forward,0,0,0,1.698519,101.43721210318773
15:12:38,1.698519,101.437283,0,0,0,0,0,0,0,0,179,180,forward,0,0,0,1.698517745778924,101.43721111413795
15:12:40,1.698519,101.437282,0,0,0,0,0,0,0,0,179,180,forward,0,0,0,1.698517745778924,101.43721011413795
15:12:42,1.698519,101.437282,0,0,0,0,0,0,0,0,180,180,forward,0,0,0,1.698519,101.43721010318772
15:12:44,1.698519,101.437281,0,0,0,0,0,0,0,0,180,180,forward,0,0,0,1.698519,101.43720910318773
15:12:47,1.698519,101.43728,0,0,0,0,0,0,0,0,180,180,forward,0,0,0,1.698519,101.43720810318773
15:12:49,1.69852,101.437279,0,0,0,0,0,0,0,0,179,180,forward,0,0,0,1.6985187457789241,101.43720711413792
15:12:51,1.69852,101.437278,0,0,0,0,0,0,0,0,180,180,forward,0,0,0,1.69852,101.43720610318769
15:12:53,1.69852,101.437277,0,0,0,0,0,0,0,0,179,180,forward,0,0,0,1.6985187457789241,101.43720511413791
15:12:55,1.69852,101.437276,0,0,0,0,0,0,0,0,179,180,forward,0,0,0,1.6985187457789241,101.43720411413791
15:12:58,1.69852,101.437275,0,0,0,0,0,0,0,0,179,180,forward,0,0,0,1.6985187457789241,101.43720311413792
15:13:00,1.69852,101.437274,0,0,0,0,0,0,0,0,179,180,forward,0,0,0,1.6985187457789241,101.43720211413792
15:13:02,1.698521,101.437274,0,0,0,0,0,0,0,0,179,180,forward,0,0,0,1.698519745778924,101.43720211413789
15:13:04,1.698522,101.437273,0,0,0,0,0,0,0,0,179,180,forward,0,0,0,1.6985207457789242,101.43720111413785
15:13:06,1.698522,101.437272,0,0,0,0,0,0,0,0,179,180,forward,0,0,0,1.6985207457789242,101.43720011413784
15:13:09,1.698523,101.437271,0,0,0,0,0,0,0,0,179,180,forward,0,0,0,1.6985217457789241,101.4371991141378
15:13:11,1.698523,101.43727,0,0,0,0,0,0,0,0,179,180,forward,0,0,0,1.6985217457789241,101.4371981141378
15:13:13,1.698524,101.437269,0,0,0,0,0,0,0,0,179,180,forward,0,0,0,1.698522745778924,101.43719711413777
15:13:15,1.698526,101.437269,0,0,0,0,0,0,0,0,178,180,forward,0,0,0,1.6985234919398964,101.43719714698506
15:13:17,1.698527,101.437269,0,0,0,0,0,0,0,0,178,180,forward,0,0,0,1.6985244919398963,101.43719714698503
15:13:20,1.698528,101.437268,0,0,0,0,0,0,0,0,178,180,forward,0,0,0,1.6985254919398964,101.43719614698499
15:13:22,1.698529,101.437269,0,0,0,0,0,0,0,0,178,180,forward,0,0,0,1.6985264919398964,101.43719714698494
15:13:24,1.69853,101.437269,0,0,0,0,0,0,0,0,178,180,forward,0,0,0,1.6985274919398965,101.43719714698491
15:13:26,1.698531,101.437269,0,0,0,0,0,0,0,0,178,180,forward,0,0,0,1.6985284919398964,101.43719714698487
15:13:28,1.698532,101.437269,0,0,0,0,0,0,0,0,178,180,forward,0,0,0,1.6985294919398963,101.43719714698484
15:13:31,1.698533,101.437268,0,0,0,0,0,0,0,0,178,180,forward,0,0,0,1.6985304919398965,101.4371961469848
15:13:33,1.698534,101.437268,0,0,0,0,0,0,0,0,178,180,forward,0,0,0,1.6985314919398964,101.43719614698476
15:13:35,1.698534,101.437268,0,0,0,0,0,0,0,0,178,180,forward,0,0,0,1.6985314919398964,101.43719614698476
15:13:37,1.698535,101.437268,0,0,0,0,0,0,0,0,178,180,forward,0,0,0,1.6985324919398963,101.43719614698473
15:13:39,1.698535,101.437268,0,0,0,0,0,0,0,0,178,180,forward,0,0,0,1.6985324919398963,101.43719614698473
15:13:42,1.698535,101.437267,0,0,0,0,0,0,0,0,178,180,forward,0,0,0,1.6985324919398963,101.43719514698473
15:13:44,1.698535,101.437267,0,0,0,0,0,0,0,0,178,180,forward,0,0,0,1.6985324919398963,101.43719514698473
15:13:46,1.698535,101.437267,0,0,0,0,0,0,0,0,178,180,forward,0,0,0,1.6985324919398963,101.43719514698473
15:13:48,1.698536,101.437267,0,0,0,0,0,0,0,0,177,180,forward,0,0,0,1.6985322388648478,101.43719520171918
15:13:50,1.698536,101.437268,0,0,0,0,0,0,0,0,178,180,forward,0,0,0,1.6985334919398964,101.43719614698469
15:13:53,1.698536,101.437267,0,0,0,0,0,0,0,0,178,180,forward,0,0,0,1.6985334919398964,101.43719514698469
15:13:55,1.698536,101.437267,0,0,0,0,0,0,0,0,177,180,forward,0,0,0,1.6985322388648478,101.43719520171918
15:13:57,1.698536,101.437267,0,0,0,0,0,0,0,0,177,180,forward,0,0,0,1.6985322388648478,101.43719520171918
15:13:59,1.698536,101.437266,0,0,0,0,0,0,0,0,177,180,forward,0,0,0,1.6985322388648478,101.43719420171917
15:14:01,1.698536,101.437265,0,0,0,0,0,0,0,0,178,180,forward,0,0,0,1.6985334919398964,101.43719314698468
15:14:04,1.698536,101.437264,0,0,0,0,0,0,0,0,178,180,forward,0,0,0,1.6985334919398964,101.43719214698469
15:14:06,1.698536,101.437264,0,0,0,0,0,0,0,0,177,180,forward,0,0,0,1.6985322388648478,101.43719220171917
15:14:08,1.698536,101.437263,0,0,0,0,0,0,0,0,178,180,forward,0,0,0,1.6985334919398964,101.43719114698469
15:14:10,1.698536,101.437262,0,0,0,0,0,0,0,0,178,180,forward,0,0,0,1.6985334919398964,101.43719014698469
15:14:12,1.698536,101.437262,0,0,0,0,0,0,0,0,177,180,forward,0,0,0,1.6985322388648478,101.43719020171918
15:14:15,1.698536,101.437262,0,0,0,0,0,0,0,0,177,180,forward,0,0,0,1.6985322388648478,101.43719020171918
15:14:17,1.698536,101.437261,0,0,0,0,0,0,0,0,177,180,forward,0,0,0,1.6985322388648478,101.43718920171918
15:14:19,1.698537,101.437261,0,0,0,0,0,0,0,0,177,180,forward,0,0,0,1.6985332388648477,101.43718920171915
15:14:21,1.698537,101.437262,0,0,0,0,0,0,0,0,178,180,forward,0,0,0,1.6985344919398964,101.43719014698465
15:14:23,1.698537,101.437262,0,0,0,0,0,0,0,0,178,180,forward,0,0,0,1.6985344919398964,101.43719014698465
15:14:26,1.698537,101.437263,0,0,0,0,0,0,0,0,178,180,forward,0,0,0,1.6985344919398964,101.43719114698465
15:14:28,1.698537,101.437263,0,0,0,0,0,0,0,0,177,180,forward,0,0,0,1.6985332388648477,101.43719120171914
15:14:30,1.698538,101.437263,0,0,0,0,0,0,0,0,178,180,forward,0,0,0,1.6985354919398965,101.43719114698462
15:14:32,1.698538,101.437264,0,0,0,0,0,0,0,0,178,180,forward,0,0,0,1.6985354919398965,101.43719214698461
15:14:34,1.698538,101.437264,0,0,0,0,0,0,0,0,178,180,forward,0,0,0,1.6985354919398965,101.43719214698461
15:14:37,1.698538,101.437264,0,0,0,0,0,0,0,0,177,180,forward,0,0,0,1.698534238864848,101.4371922017191
15:14:39,1.698538,101.437264,0,0,0,0,0,0,0,0,177,180,forward,0,0,0,1.698534238864848,101.4371922017191
15:14:41,1.698538,101.437264,0,0,0,0,0,0,0,0,177,180,forward,0,0,0,1.698534238864848,101.4371922017191
15:14:43,1.698538,101.437264,0,0,0,0,0,0,0,0,177,180,forward,0,0,0,1.698534238864848,101.4371922017191
15:14:45,1.698538,101.437264,0,0,0,0,0,0,0,0,177,180,forward,0,0,0,1.698534238864848,101.4371922017191
15:14:48,1.698538,101.437264,0,0,0,0,0,0,0,0,177,180,forward,0,0,0,1.698534238864848,101.4371922017191
15:14:50,1.698538,101.437264,0,0,0,0,0,0,0,0,178,180,forward,0,0,0,1.6985354919398965,101.43719214698461
15:14:52,1.698538,101.437263,0,0,0,0,0,0,0,0,177,180,forward,0,0,0,1.698534238864848,101.4371912017191
15:14:54,1.698538,101.437263,0,0,0,0,0,0,0,0,177,180,forward,0,0,0,1.698534238864848,101.4371912017191
15:14:56,1.698537,101.437263,0,0,0,0,0,0,0,0,177,180,forward,0,0,0,1.6985332388648477,101.43719120171914
15:14:59,1.698537,101.437262,0,0,0,0,0,0,0,0,177,180,forward,0,0,0,1.6985332388648477,101.43719020171915
15:15:01,1.698537,101.437262,0,0,0,0,0,0,0,0,178,180,forward,0,0,0,1.6985344919398964,101.43719014698465
15:15:03,1.698537,101.437262,0,0,0,0,0,0,0,0,177,180,forward,0,0,0,1.6985332388648477,101.43719020171915
15:15:05,1.698536,101.437262,0,0,0,0,0,0,0,0,178,180,forward,0,0,0,1.6985334919398964,101.43719014698469
15:15:07,1.698536,101.437263,0,0,0,0,0,0,0,0,177,180,forward,0,0,0,1.6985322388648478,101.43719120171917
15:15:10,1.698536,101.437263,0,0,0,0,0,0,0,0,177,180,forward,0,0,0,1.6985322388648478,101.43719120171917
15:15:12,1.698536,101.437263,0,0,0,0,0,0,0,0,177,180,forward,0,0,0,1.6985322388648478,101.43719120171917
15:15:14,1.698536,101.437263,0,0,0,0,0,0,0,0,178,180,forward,0,0,0,1.6985334919398964,101.43719114698469
15:15:16,1.698535,101.437263,0,0,0,0,0,0,0,0,178,180,forward,0,0,0,1.6985324919398963,101.43719114698473
15:15:18,1.698535,101.437263,0,0,0,0,0,0,0,0,177,180,forward,0,0,0,1.6985312388648477,101.43719120171922
15:15:21,1.698535,101.437263,0,0,0,0,0,0,0,0,177,180,forward,0,0,0,1.6985312388648477,101.43719120171922
15:15:23,1.698535,101.437263,0,0,0,0,0,0,0,0,178,180,forward,0,0,0,1.6985324919398963,101.43719114698473
15:15:25,1.698535,101.437263,0,0,0,0,0,0,0,0,177,180,forward,0,0,0,1.6985312388648477,101.43719120171922
15:15:27,1.698535,101.437263,0,0,0,0,0,0,0,0,177,180,forward,0,0,0,1.6985312388648477,101.43719120171922
15:15:29,1.698534,101.437263,0,0,0,0,0,0,0,0,178,180,forward,0,0,0,1.6985314919398964,101.43719114698476
15:15:32,1.698534,101.437263,0,0,0,0,0,0,0,0,177,180,forward,0,0,0,1.6985302388648478,101.43719120171924
15:15:34,1.698534,101.437263,0,0,0,0,0,0,0,0,177,180,forward,0,0,0,1.6985302388648478,101.43719120171924
15:15:36,1.698534,101.437263,0,0,0,0,0,0,0,0,177,180,forward,0,0,0,1.6985302388648478,101.43719120171924
15:15:38,1.698534,101.437264,0,0,0,0,0,0,0,0,177,180,forward,0,0,0,1.6985302388648478,101.43719220171924
15:15:40,1.698534,101.437264,0,0,0,0,0,0,0,0,177,180,forward,0,0,0,1.6985302388648478,101.43719220171924
15:15:43,1.698534,101.437264,0,0,0,0,0,0,0,0,178,180,forward,0,0,0,1.6985314919398964,101.43719214698476
15:15:45,1.698534,101.437264,0,0,0,0,0,0,0,0,177,180,forward,0,0,0,1.6985302388648478,101.43719220171924
15:15:47,1.698534,101.437264,0,0,0,0,0,0,0,0,177,180,forward,0,0,0,1.6985302388648478,101.43719220171924
15:15:49,1.698534,101.437264,0,0,0,0,0,0,0,0,178,180,forward,0,0,0,1.6985314919398964,101.43719214698476
15:15:51,1.698535,101.437264,0,0,0,0,0,0,0,0,177,180,forward,0,0,0,1.6985312388648477,101.43719220171921
15:15:54,1.698535,101.437264,0,0,0,0,0,0,0,0,177,180,forward,0,0,0,1.6985312388648477,101.43719220171921
15:15:56,1.698535,101.437263,0,0,0,0,0,0,0,0,177,180,forward,0,0,0,1.6985312388648477,101.43719120171922
15:15:58,1.698535,101.437263,0,0,0,0,0,0,0,0,178,180,forward,0,0,0,1.6985324919398963,101.43719114698473
15:16:00,1.698536,101.437263,0,0,0,0,0,0,0,0,177,180,forward,0,0,0,1.6985322388648478,101.43719120171917
15:16:02,1.698536,101.437263,0,0,0,0,0,0,0,0,178,180,forward,0,0,0,1.6985334919398964,101.43719114698469
15:16:05,1.698536,101.437263,0,0,0,0,0,0,0,0,178,180,forward,0,0,0,1.6985334919398964,101.43719114698469
15:16:07,1.698536,101.437263,0,0,0,0,0,0,0,0,178,180,forward,0,0,0,1.6985334919398964,101.43719114698469
15:16:09,1.698537,101.437263,0,0,0,0,0,0,0,0,178,180,forward,0,0,0,1.6985344919398964,101.43719114698465
15:16:11,1.698537,101.437263,0,0,0,0,0,0,0,0,178,180,forward,0,0,0,1.6985344919398964,101.43719114698465
15:16:13,1.698537,101.437263,0,0,0,0,0,0,0,0,178,180,forward,0,0,0,1.6985344919398964,101.43719114698465
15:16:16,1.698537,101.437262,0,0,0,0,0,0,0,0,178,180,forward,0,0,0,1.6985344919398964,101.43719014698465
15:16:18,1.698538,101.437261,0,0,0,0,0,0,0,0,178,180,forward,0,0,0,1.6985354919398965,101.43718914698462
15:16:20,1.698538,101.43726,0,0,0,0,0,0,0,0,178,180,forward,0,0,0,1.6985354919398965,101.43718814698461
15:16:22,1.698538,101.437259,0,0,0,0,0,0,0,0,178,180,forward,0,0,0,1.6985354919398965,101.43718714698461
15:16:24,1.698538,101.437259,0,0,0,0,0,0,0,0,178,180,forward,0,0,0,1.6985354919398965,101.43718714698461
15:16:27,1.698539,101.437258,0,0,0,0,0,0,0,0,178,180,forward,0,0,0,1.6985364919398964,101.43718614698457
15:16:29,1.698539,101.437258,0,0,0,0,0,0,0,0,178,180,forward,0,0,0,1.6985364919398964,101.43718614698457
15:16:31,1.698539,101.437257,0,0,0,0,0,0,0,0,178,180,forward,0,0,0,1.6985364919398964,101.43718514698458
15:16:33,1.69854,101.437257,0,0,0,0,0,0,0,0,178,180,forward,0,0,0,1.6985374919398963,101.43718514698455
15:16:35,1.69854,101.437257,0,0,0,0,0,0,0,0,178,180,forward,0,0,0,1.6985374919398963,101.43718514698455
15:16:38,1.69854,101.437258,0,0,0,0,0,0,0,0,177,180,forward,0,0,0,1.6985362388648477,101.43718620171903
15:16:40,1.69854,101.437258,0,0,0,0,0,0,0,0,178,180,forward,0,0,0,1.6985374919398963,101.43718614698454
15:16:42,1.698541,101.437258,0,0,0,0,0,0,0,0,178,180,forward,0,0,0,1.6985384919398965,101.4371861469845
15:16:44,1.698541,101.437258,0,0,0,0,0,0,0,0,178,180,forward,0,0,0,1.6985384919398965,101.4371861469845
15:16:46,1.698541,101.437258,0,0,0,0,0,0,0,0,178,180,forward,0,0,0,1.6985384919398965,101.4371861469845
15:16:49,1.698541,101.437258,0,0,0,0,0,0,0,0,178,180,forward,0,0,0,1.6985384919398965,101.4371861469845
15:16:51,1.698542,101.437258,0,0,0,0,0,0,0,0,178,180,forward,0,0,0,1.6985394919398964,101.43718614698446
15:16:53,1.698542,101.437258,0,0,0,0,0,0,0,0,178,180,forward,0,0,0,1.6985394919398964,101.43718614698446
15:16:55,1.698542,101.437257,0,0,0,0,0,0,0,0,178,180,forward,0,0,0,1.6985394919398964,101.43718514698446
15:16:57,1.698543,101.437257,0,0,0,0,0,0,0,0,178,180,forward,0,0,0,1.6985404919398963,101.43718514698443
15:17:00,1.698543,101.437257,0,0,0,0,0,0,0,0,178,180,forward,0,0,0,1.6985404919398963,101.43718514698443
15:17:02,1.698543,101.437256,0,0,0,0,0,0,0,0,178,180,forward,0,0,0,1.6985404919398963,101.43718414698444
15:17:04,1.698543,101.437256,0,0,0,0,0,0,0,0,178,180,forward,0,0,0,1.6985404919398963,101.43718414698444
15:17:06,1.698543,101.437256,0,0,0,0,0,0,0,0,178,180,forward,0,0,0,1.6985404919398963,101.43718414698444
15:17:08,1.698543,101.437256,0,0,0,0,0,0,0,0,178,180,forward,0,0,0,1.6985404919398963,101.43718414698444
15:17:11,1.698543,101.437256,0,0,0,0,0,0,0,0,179,180,forward,0,0,0,1.698541745778924,101.43718411413707
15:17:13,1.698543,101.437256,0,0,0,0,0,0,0,0,179,180,forward,0,0,0,1.698541745778924,101.43718411413707
15:17:15,1.698543,101.437256,0,0,0,0,0,0,0,0,178,180,forward,0,0,0,1.6985404919398963,101.43718414698444
15:17:17,1.698543,101.437257,0,0,0,0,0,0,0,0,178,180,forward,0,0,0,1.6985404919398963,101.43718514698443
15:17:19,1.698542,101.437258,0,0,0,0,0,0,0,0,178,180,forward,0,0,0,1.6985394919398964,101.43718614698446
15:17:22,1.698542,101.437258,0,0,0,0,0,0,0,0,179,180,forward,0,0,0,1.698540745778924,101.4371861141371
15:17:24,1.698541,101.437258,0,0,0,0,0,0,0,0,179,180,forward,0,0,0,1.6985397457789242,101.43718611413713
15:17:26,1.698541,101.437259,0,0,0,0,0,0,0,0,179,180,forward,0,0,0,1.6985397457789242,101.43718711413713
15:17:28,1.69854,101.437259,0,0,0,0,0,0,0,0,178,180,forward,0,0,0,1.6985374919398963,101.43718714698454
15:17:30,1.69854,101.437259,0,0,0,0,0,0,0,0,179,180,forward,0,0,0,1.698538745778924,101.43718711413717
15:17:33,1.69854,101.43726,0,0,0,0,0,0,0,0,179,180,forward,0,0,0,1.698538745778924,101.43718811413717
15:17:35,1.69854,101.43726,0,0,0,0,0,0,0,0,179,180,forward,0,0,0,1.698538745778924,101.43718811413717
15:17:37,1.698539,101.43726,0,0,0,0,0,0,0,0,178,180,forward,0,0,0,1.6985364919398964,101.43718814698457
15:17:39,1.698538,101.43726,0,0,0,0,0,0,0,0,179,180,forward,0,0,0,1.6985367457789242,101.43718811413724
15:17:41,1.698538,101.437261,0,0,0,0,0,0,0,0,179,180,forward,0,0,0,1.6985367457789242,101.43718911413725
15:17:44,1.698537,101.437262,0,0,0,0,0,0,0,0,179,180,forward,0,0,0,1.698535745778924,101.4371901141373
15:17:46,1.698536,101.437263,0,0,0,0,0,0,0,0,179,180,forward,0,0,0,1.6985347457789242,101.43719111413732
15:17:48,1.698535,101.437263,0,0,0,0,0,0,0,0,179,180,forward,0,0,0,1.698533745778924,101.43719111413736
15:17:50,1.698535,101.437264,0,0,0,0,0,0,0,0,179,180,forward,0,0,0,1.698533745778924,101.43719211413736
15:17:52,1.698534,101.437265,0,0,0,0,0,0,0,0,179,180,forward,0,0,0,1.698532745778924,101.4371931141374
15:17:55,1.698534,101.437265,0,0,0,0,0,0,0,0,179,180,forward,0,0,0,1.698532745778924,101.4371931141374
15:17:57,1.698534,101.437266,0,0,0,0,0,0,0,0,179,180,forward,0,0,0,1.698532745778924,101.4371941141374
15:17:59,1.698533,101.437266,0,0,0,0,0,0,0,0,179,180,forward,0,0,0,1.6985317457789242,101.43719411413743
15:18:01,1.698533,101.437266,0,0,0,0,0,0,0,0,179,180,forward,0,0,0,1.6985317457789242,101.43719411413743
15:18:03,1.698533,101.437266,0,0,0,0,0,0,0,0,179,180,forward,0,0,0,1.6985317457789242,101.43719411413743
15:18:06,1.698533,101.437266,0,0,0,0,0,0,0,0,179,180,forward,0,0,0,1.6985317457789242,101.43719411413743
15:18:08,1.698533,101.437266,0,0,0,0,0,0,0,0,179,180,forward,0,0,0,1.6985317457789242,101.43719411413743
15:18:10,1.698533,101.437265,0,0,0,0,0,0,0,0,179,180,forward,0,0,0,1.6985317457789242,101.43719311413743
15:18:12,1.698533,101.437265,0,0,0,0,0,0,0,0,179,180,forward,0,0,0,1.6985317457789242,101.43719311413743
15:18:14,1.698533,101.437264,0,0,0,0,0,0,0,0,179,180,forward,0,0,0,1.6985317457789242,101.43719211413743
15:18:17,1.698533,101.437264,0,0,0,0,0,0,0,0,179,180,forward,0,0,0,1.6985317457789242,101.43719211413743
15:18:19,1.698533,101.437263,0,0,0,0,0,0,0,0,179,180,forward,0,0,0,1.6985317457789242,101.43719111413743
15:18:21,1.698533,101.437263,0,0,0,0,0,0,0,0,179,180,forward,0,0,0,1.6985317457789242,101.43719111413743
15:18:23,1.698533,101.437262,0,0,0,0,0,0,0,0,179,180,forward,0,0,0,1.6985317457789242,101.43719011413744
15:18:25,1.698533,101.437261,0,0,0,0,0,0,0,0,179,180,forward,0,0,0,1.6985317457789242,101.43718911413744
15:18:28,1.698533,101.43726,0,0,0,0,0,0,0,0,179,180,forward,0,0,0,1.6985317457789242,101.43718811413743
15:18:30,1.698533,101.437259,0,0,0,0,0,0,0,0,179,180,forward,0,0,0,1.6985317457789242,101.43718711413743
15:18:32,1.698533,101.437258,0,0,0,0,0,0,0,0,179,180,forward,0,0,0,1.6985317457789242,101.43718611413743
15:18:34,1.698533,101.437257,0,0,0,0,0,0,0,0,179,180,forward,0,0,0,1.6985317457789242,101.43718511413743
15:18:36,1.698534,101.437256,0,0,0,0,0,0,0,0,179,180,forward,0,0,0,1.698532745778924,101.43718411413741
15:18:39,1.698534,101.437256,0,0,0,0,0,0,0,0,179,180,forward,0,0,0,1.698532745778924,101.43718411413741
15:18:41,1.698535,101.437255,0,0,0,0,0,0,0,0,179,180,forward,0,0,0,1.698533745778924,101.43718311413735
15:18:43,1.698535,101.437255,0,0,0,0,0,0,0,0,179,180,forward,0,0,0,1.698533745778924,101.43718311413735
15:18:45,1.698535,101.437254,0,0,0,0,0,0,0,0,179,180,forward,0,0,0,1.698533745778924,101.43718211413736
15:18:47,1.698535,101.437254,0,0,0,0,0,0,0,0,179,180,forward,0,0,0,1.698533745778924,101.43718211413736
15:18:50,1.698536,101.437254,0,0,0,0,0,0,0,0,179,180,forward,0,0,0,1.6985347457789242,101.43718211413731
15:18:52,1.698536,101.437254,0,0,0,0,0,0,0,0,179,180,forward,0,0,0,1.6985347457789242,101.43718211413731
15:18:54,1.698536,101.437254,0,0,0,0,0,0,0,0,179,180,forward,0,0,0,1.6985347457789242,101.43718211413731
15:18:56,1.698536,101.437253,0,0,0,0,0,0,0,0,179,180,forward,0,0,0,1.6985347457789242,101.43718111413732
15:18:58,1.698536,101.437253,0,0,0,0,0,0,0,0,179,180,forward,0,0,0,1.6985347457789242,101.43718111413732
15:19:01,1.698536,101.437253,0,0,0,0,0,0,0,0,179,180,forward,0,0,0,1.6985347457789242,101.43718111413732
15:19:03,1.698537,101.437253,0,0,0,0,0,0,0,0,179,180,forward,0,0,0,1.698535745778924,101.43718111413729
15:19:05,1.698537,101.437253,0,0,0,0,0,0,0,0,179,180,forward,0,0,0,1.698535745778924,101.43718111413729
15:19:07,1.698537,101.437253,0,0,0,0,0,0,0,0,179,180,forward,0,0,0,1.698535745778924,101.43718111413729
15:19:09,1.698537,101.437253,0,0,0,0,0,0,0,0,179,180,forward,0,0,0,1.698535745778924,101.43718111413729
15:19:12,1.698537,101.437253,0,0,0,0,0,0,0,0,179,180,forward,0,0,0,1.698535745778924,101.43718111413729
15:19:14,1.698536,101.437254,0,0,0,0,0,0,0,0,179,180,forward,0,0,0,1.6985347457789242,101.43718211413731
15:19:16,1.698536,101.437254,0,0,0,0,0,0,0,0,179,180,forward,0,0,0,1.6985347457789242,101.43718211413731
15:19:18,1.698536,101.437255,0,0,0,0,0,0,0,0,179,180,forward,0,0,0,1.6985347457789242,101.43718311413731
15:19:20,1.698535,101.437256,0,0,0,0,0,0,0,0,180,180,forward,0,0,0,1.698535,101.43718410318714
15:19:23,1.698535,101.437257,0,0,0,0,0,0,0,0,179,180,forward,0,0,0,1.698533745778924,101.43718511413736
15:19:25,1.698534,101.437257,0,0,0,0,0,0,0,0,179,180,forward,0,0,0,1.698532745778924,101.4371851141374
15:19:27,1.698534,101.437258,0,0,0,0,0,0,0,0,180,180,forward,0,0,0,1.698534,101.43718610318716
15:19:29,1.698533,101.437259,0,0,0,0,0,0,0,0,180,180,forward,0,0,0,1.698533,101.4371871031872
15:19:31,1.698533,101.43726,0,0,0,0,0,0,0,0,179,180,forward,0,0,0,1.6985317457789242,101.43718811413743
15:19:34,1.698532,101.437261,0,0,0,0,0,0,0,0,180,180,forward,0,0,0,1.698532,101.43718910318725
15:19:36,1.698531,101.437263,0,0,0,0,0,0,0,0,180,180,forward,0,0,0,1.698531,101.43719110318727
15:19:38,1.69853,101.437264,0,0,0,0,0,0,0,0,180,180,forward,0,0,0,1.69853,101.43719210318731
15:19:40,1.698529,101.437265,0,0,0,0,0,0,0,0,180,180,forward,0,0,0,1.698529,101.43719310318735
15:19:42,1.698529,101.437267,0,0,0,0,0,0,0,0,180,180,forward,0,0,0,1.698529,101.43719510318736
15:19:45,1.698528,101.437268,0,0,0,0,0,0,0,0,180,180,forward,0,0,0,1.698528,101.43719610318739
15:19:47,1.698527,101.437268,0,0,0,0,0,0,0,0,180,180,forward,0,0,0,1.698527,101.43719610318743
15:19:49,1.698527,101.437269,0,0,0,0,0,0,0,0,180,180,forward,0,0,0,1.698527,101.43719710318743
15:19:51,1.698526,101.437269,0,0,0,0,0,0,0,0,181,180,forward,0,0,0,1.6985272542210759,101.4371971141377
15:19:53,1.698525,101.43727,0,0,0,0,0,0,0,0,181,180,forward,0,0,0,1.698526254221076,101.43719811413773
15:19:56,1.698524,101.43727,0,0,0,0,0,0,0,0,180,180,forward,0,0,0,1.698524,101.43719810318754
15:19:58,1.698524,101.437271,0,0,0,0,0,0,0,0,180,180,forward,0,0,0,1.698524,101.43719910318754
15:20:00,1.698523,101.437272,0,0,0,0,0,0,0,0,181,180,forward,0,0,0,1.698524254221076,101.4372001141378
15:20:02,1.698522,101.437273,0,0,0,0,0,0,0,0,181,180,forward,0,0,0,1.698523254221076,101.43720111413785
15:20:04,1.698522,101.437273,0,0,0,0,0,0,0,0,181,180,forward,0,0,0,1.698523254221076,101.43720111413785
15:20:07,1.698522,101.437273,0,0,0,0,0,0,0,0,181,180,forward,0,0,0,1.698523254221076,101.43720111413785
15:20:09,1.698522,101.437273,0,0,0,0,0,0,0,0,181,180,forward,0,0,0,1.698523254221076,101.43720111413785
15:20:11,1.698522,101.437272,0,0,0,0,0,0,0,0,181,180,forward,0,0,0,1.698523254221076,101.43720011413784
15:20:13,1.698522,101.437271,0,0,0,0,0,0,0,0,181,180,forward,0,0,0,1.698523254221076,101.43719911413784
15:20:15,1.698522,101.437271,0,0,0,0,0,0,0,0,181,180,forward,0,0,0,1.698523254221076,101.43719911413784
15:20:18,1.698522,101.437271,0,0,0,0,0,0,0,0,181,180,forward,0,0,0,1.698523254221076,101.43719911413784
15:20:20,1.698522,101.437271,0,0,0,0,0,0,0,0,181,180,forward,0,0,0,1.698523254221076,101.43719911413784
15:20:22,1.698522,101.43727,0,0,0,0,0,0,0,0,181,180,forward,0,0,0,1.698523254221076,101.43719811413784
15:20:24,1.698522,101.43727,0,0,0,0,0,0,0,0,181,180,forward,0,0,0,1.698523254221076,101.43719811413784
15:20:26,1.698522,101.43727,0,0,0,0,0,0,0,0,181,180,forward,0,0,0,1.698523254221076,101.43719811413784
15:20:29,1.698522,101.43727,0,0,0,0,0,0,0,0,181,180,forward,0,0,0,1.698523254221076,101.43719811413784
15:20:31,1.698522,101.43727,0,0,0,0,0,0,0,0,181,180,forward,0,0,0,1.698523254221076,101.43719811413784
15:20:33,1.698522,101.43727,0,0,0,0,0,0,0,0,181,180,forward,0,0,0,1.698523254221076,101.43719811413784
15:20:35,1.698522,101.437271,0,0,0,0,0,0,0,0,181,180,forward,0,0,0,1.698523254221076,101.43719911413784
15:20:37,1.698522,101.437271,0,0,0,0,0,0,0,0,181,180,forward,0,0,0,1.698523254221076,101.43719911413784
15:20:40,1.698522,101.437271,0,0,0,0,0,0,0,0,182,180,forward,0,0,0,1.6985245080601037,101.43719914698521
15:20:42,1.698522,101.437271,0,0,0,0,0,0,0,0,181,180,forward,0,0,0,1.698523254221076,101.43719911413784
15:20:44,1.698522,101.437271,0,0,0,0,0,0,0,0,181,180,forward,0,0,0,1.698523254221076,101.43719911413784
15:20:46,1.698522,101.437271,0,0,0,0,0,0,0,0,182,180,forward,0,0,0,1.6985245080601037,101.43719914698521
15:20:48,1.698522,101.437271,0,0,0,0,0,0,0,0,181,180,forward,0,0,0,1.698523254221076,101.43719911413784
15:20:51,1.698522,101.437272,0,0,0,0,0,0,0,0,181,180,forward,0,0,0,1.698523254221076,101.43720011413784
15:20:53,1.698522,101.437272,0,0,0,0,0,0,0,0,182,180,forward,0,0,0,1.6985245080601037,101.4372001469852
15:20:55,1.698521,101.437272,0,0,0,0,0,0,0,0,181,180,forward,0,0,0,1.6985222542210758,101.43720011413788
15:20:57,1.698521,101.437273,0,0,0,0,0,0,0,0,182,180,forward,0,0,0,1.6985235080601035,101.43720114698525
15:20:59,1.69852,101.437273,0,0,0,0,0,0,0,0,181,180,forward,0,0,0,1.698521254221076,101.43720111413792
15:21:02,1.69852,101.437273,0,0,0,0,0,0,0,0,182,180,forward,0,0,0,1.6985225080601036,101.43720114698529
15:21:04,1.698519,101.437274,0,0,0,0,0,0,0,0,182,180,forward,0,0,0,1.6985215080601035,101.43720214698533
15:21:06,1.698519,101.437274,0,0,0,0,0,0,0,0,181,180,forward,0,0,0,1.6985202542210758,101.43720211413796
15:21:08,1.698519,101.437274,0,0,0,0,0,0,0,0,181,180,forward,0,0,0,1.6985202542210758,101.43720211413796
15:21:10,1.698519,101.437275,0,0,0,0,0,0,0,0,182,180,forward,0,0,0,1.6985215080601035,101.43720314698533
15:21:13,1.698519,101.437275,0,0,0,0,0,0,0,0,182,180,forward,0,0,0,1.6985215080601035,101.43720314698533
15:21:15,1.698519,101.437276,0,0,0,0,0,0,0,0,182,180,forward,0,0,0,1.6985215080601035,101.43720414698532
15:21:17,1.698519,101.437276,0,0,0,0,0,0,0,0,181,180,forward,0,0,0,1.6985202542210758,101.43720411413796
15:21:19,1.698519,101.437276,0,0,0,0,0,0,0,0,181,180,forward,0,0,0,1.6985202542210758,101.43720411413796
15:21:21,1.698519,101.437277,0,0,0,0,0,0,0,0,182,180,forward,0,0,0,1.6985215080601035,101.43720514698532
15:21:24,1.698519,101.437278,0,0,0,0,0,0,0,0,181,180,forward,0,0,0,1.6985202542210758,101.43720611413796
15:21:26,1.698519,101.437279,0,0,0,0,0,0,0,0,182,180,forward,0,0,0,1.6985215080601035,101.43720714698533
15:21:28,1.698519,101.43728,0,0,0,0,0,0,0,0,181,180,forward,0,0,0,1.6985202542210758,101.43720811413796
15:21:30,1.698519,101.43728,0,0,0,0,0,0,0,0,182,180,forward,0,0,0,1.6985215080601035,101.43720814698533
15:21:32,1.698519,101.437282,0,0,0,0,0,0,0,0,181,180,forward,0,0,0,1.6985202542210758,101.43721011413795
15:21:35,1.698519,101.437283,0,0,0,0,0,0,0,0,182,180,forward,0,0,0,1.6985215080601035,101.43721114698532
15:21:37,1.698519,101.437284,0,0,0,0,0,0,0,0,181,180,forward,0,0,0,1.6985202542210758,101.43721211413796
15:21:39,1.698519,101.437284,0,0,0,0,0,0,0,0,181,180,forward,0,0,0,1.6985202542210758,101.43721211413796
15:21:41,1.698519,101.437285,0,0,0,0,0,0,0,0,182,180,forward,0,0,0,1.6985215080601035,101.43721314698533
15:21:43,1.698518,101.437286,0,0,0,0,0,0,0,0,182,180,forward,0,0,0,1.6985205080601036,101.43721414698535
15:21:46,1.698518,101.437286,0,0,0,0,0,0,0,0,181,180,forward,0,0,0,1.6985192542210759,101.437214114138
15:21:48,1.698518,101.437287,0,0,0,0,0,0,0,0,181,180,forward,0,0,0,1.6985192542210759,101.437215114138
15:21:50,1.698518,101.437287,0,0,0,0,0,0,0,0,181,180,forward,0,0,0,1.6985192542210759,101.437215114138
15:21:52,1.698518,101.437288,0,0,0,0,0,0,0,0,182,180,forward,0,0,0,1.6985205080601036,101.43721614698535
15:21:54,1.698519,101.437288,0,0,0,0,0,0,0,0,182,180,forward,0,0,0,1.6985215080601035,101.43721614698532
15:21:57,1.698519,101.437289,0,0,0,0,0,0,0,0,181,180,forward,0,0,0,1.6985202542210758,101.43721711413797
15:21:59,1.698519,101.43729,0,0,0,0,0,0,0,0,181,180,forward,0,0,0,1.6985202542210758,101.43721811413796
15:22:01,1.698519,101.43729,0,0,0,0,0,0,0,0,181,180,forward,0,0,0,1.6985202542210758,101.43721811413796
15:22:03,1.698519,101.437291,0,0,0,0,0,0,0,0,182,180,forward,0,0,0,1.6985215080601035,101.43721914698533
15:22:05,1.698519,101.437291,0,0,0,0,0,0,0,0,181,180,forward,0,0,0,1.6985202542210758,101.43721911413796
15:22:08,1.698519,101.437292,0,0,0,0,0,0,0,0,181,180,forward,0,0,0,1.6985202542210758,101.43722011413796
15:22:10,1.698518,101.437292,0,0,0,0,0,0,0,0,181,180,forward,0,0,0,1.6985192542210759,101.437220114138
15:22:12,1.698518,101.437292,0,0,0,0,0,0,0,0,181,180,forward,0,0,0,1.6985192542210759,101.437220114138
15:22:14,1.698517,101.437292,0,0,0,0,0,0,0,0,181,180,forward,0,0,0,1.698518254221076,101.43722011413803
15:22:16,1.698517,101.437292,0,0,0,0,0,0,0,0,181,180,forward,0,0,0,1.698518254221076,101.43722011413803
15:22:19,1.698516,101.437292,0,0,0,0,0,0,0,0,181,180,forward,0,0,0,1.6985172542210758,101.43722011413807
15:22:21,1.698516,101.437291,0,0,0,0,0,0,0,0,181,180,forward,0,0,0,1.6985172542210758,101.43721911413807
15:22:23,1.698516,101.437291,0,0,0,0,0,0,0,0,181,180,forward,0,0,0,1.6985172542210758,101.43721911413807
15:22:25,1.698515,101.437291,0,0,0,0,0,0,0,0,181,180,forward,0,0,0,1.6985162542210759,101.4372191141381
15:22:27,1.698515,101.437292,0,0,0,0,0,0,0,0,181,180,forward,0,0,0,1.6985162542210759,101.4372201141381
15:22:30,1.698515,101.437292,0,0,0,0,0,0,0,0,181,180,forward,0,0,0,1.6985162542210759,101.4372201141381
15:22:32,1.698514,101.437293,0,0,0,0,0,0,0,0,181,180,forward,0,0,0,1.698515254221076,101.43722111413814
15:22:34,1.698514,101.437293,0,0,0,0,0,0,0,0,181,180,forward,0,0,0,1.698515254221076,101.43722111413814
15:22:36,1.698514,101.437293,0,0,0,0,0,0,0,0,181,180,forward,0,0,0,1.698515254221076,101.43722111413814
15:22:38,1.698514,101.437294,0,0,0,0,0,0,0,0,181,180,forward,0,0,0,1.698515254221076,101.43722211413814
15:22:41,1.698514,101.437294,0,0,0,0,0,0,0,0,181,180,forward,0,0,0,1.698515254221076,101.43722211413814
15:22:43,1.698514,101.437296,0,0,0,0,0,0,0,0,181,180,forward,0,0,0,1.698515254221076,101.43722411413815
15:22:45,1.698514,101.437297,0,0,0,0,0,0,0,0,181,180,forward,0,0,0,1.698515254221076,101.43722511413814
15:22:47,1.698514,101.437297,0,0,0,0,0,0,0,0,181,180,forward,0,0,0,1.698515254221076,101.43722511413814
15:22:49,1.698514,101.437298,0,0,0,0,0,0,0,0,181,180,forward,0,0,0,1.698515254221076,101.43722611413814
15:22:52,1.698514,101.437299,0,0,0,0,0,0,0,0,181,180,forward,0,0,0,1.698515254221076,101.43722711413814
15:22:54,1.698515,101.4373,0,0,0,0,0,0,0,0,180,180,forward,0,0,0,1.698515,101.43722810318786
15:22:56,1.698515,101.437301,0,0,0,0,0,0,0,0,181,180,forward,0,0,0,1.6985162542210759,101.4372291141381
15:22:58,1.698515,101.437302,0,0,0,0,0,0,0,0,181,180,forward,0,0,0,1.6985162542210759,101.4372301141381
15:23:00,1.698515,101.437303,0,0,0,0,0,0,0,0,180,180,forward,0,0,0,1.698515,101.43723110318787
15:23:02,1.698516,101.437304,0,0,0,0,0,0,0,0,181,180,forward,0,0,0,1.6985172542210758,101.43723211413807
15:23:04,1.698516,101.437306,0,0,0,0,0,0,0,0,180,180,forward,0,0,0,1.698516,101.43723410318785
15:23:07,1.698516,101.437307,0,0,0,0,0,0,0,0,180,180,forward,0,0,0,1.698516,101.43723510318785
15:23:09,1.698516,101.437308,0,0,0,0,0,0,0,0,180,180,forward,0,0,0,1.698516,101.43723610318784
15:23:11,1.698517,101.437309,0,0,0,0,0,0,0,0,180,180,forward,0,0,0,1.698517,101.4372371031878
15:23:13,1.698517,101.43731,0,0,0,0,0,0,0,0,180,180,forward,0,0,0,1.698517,101.4372381031878
15:23:15,1.698518,101.43731,0,0,0,0,0,0,0,0,180,180,forward,0,0,0,1.698518,101.43723810318775
15:23:18,1.698519,101.437311,0,0,0,0,0,0,0,0,181,180,forward,0,0,0,1.6985202542210758,101.43723911413795
15:23:20,1.698519,101.437312,0,0,0,0,0,0,0,0,180,180,forward,0,0,0,1.698519,101.43724010318773
15:23:22,1.69852,101.437312,0,0,0,0,0,0,0,0,180,180,forward,0,0,0,1.69852,101.43724010318769
15:23:24,1.698521,101.437313,0,0,0,0,0,0,0,0,180,180,forward,0,0,0,1.698521,101.43724110318766
15:23:26,1.698522,101.437314,0,0,0,0,0,0,0,0,180,180,forward,0,0,0,1.698522,101.43724210318761
15:23:28,1.698523,101.437315,0,0,0,0,0,0,0,0,180,180,forward,0,0,0,1.698523,101.43724310318757
15:23:31,1.698523,101.437316,0,0,0,0,0,0,0,0,180,180,forward,0,0,0,1.698523,101.43724410318757
15:23:33,1.698524,101.437316,0,0,0,0,0,0,0,0,180,180,forward,0,0,0,1.698524,101.43724410318754
15:23:35,1.698524,101.437317,0,0,0,0,0,0,0,0,180,180,forward,0,0,0,1.698524,101.43724510318754
15:23:37,1.698524,101.437317,0,0,0,0,0,0,0,0,180,180,forward,0,0,0,1.698524,101.43724510318754
15:23:39,1.698524,101.437318,0,0,0,0,0,0,0,0,180,180,forward,0,0,0,1.698524,101.43724610318755
15:23:42,1.698524,101.437319,0,0,0,0,0,0,0,0,180,180,forward,0,0,0,1.698524,101.43724710318754
15:23:44,1.698524,101.437319,0,0,0,0,0,0,0,0,180,180,forward,0,0,0,1.698524,101.43724710318754
15:23:46,1.698524,101.43732,0,0,0,0,0,0,0,0,180,180,forward,0,0,0,1.698524,101.43724810318754
15:23:48,1.698524,101.43732,0,0,0,0,0,0,0,0,180,180,forward,0,0,0,1.698524,101.43724810318754
15:23:50,1.698524,101.437321,0,0,0,0,0,0,0,0,180,180,forward,0,0,0,1.698524,101.43724910318754
15:23:52,1.698523,101.437321,0,0,0,0,0,0,0,0,180,180,forward,0,0,0,1.698523,101.43724910318757
15:23:54,1.698523,101.437322,0,0,0,0,0,0,0,0,180,180,forward,0,0,0,1.698523,101.43725010318757
15:23:57,1.698523,101.437322,0,0,0,0,0,0,0,0,181,180,forward,0,0,0,1.698524254221076,101.4372501141378
15:23:59,1.698522,101.437323,0,0,0,0,0,0,0,0,180,180,forward,0,0,0,1.698522,101.43725110318762
15:24:01,1.698523,101.437322,0,0,0,0,0,0,0,0,182,180,forward,0,0,0,1.6985255080601036,101.43725014698516
15:24:03,1.698522,101.437325,0,0,0,0,0,0,0,0,179,180,forward,0,0,0,1.6985207457789242,101.43725311413785
15:24:05,1.698523,101.437324,0,0,0,0,0,0,0,0,182,180,forward,0,0,0,1.6985255080601036,101.43725214698517
15:24:07,1.698523,101.437327,0,0,0,0,0,0,0,0,178,180,forward,0,0,0,1.6985204919398964,101.43725514698517
15:24:10,1.698523,101.437327,0,0,0,0,0,0,0,0,183,180,forward,0,0,0,1.6985267611351522,101.43725520171965
15:24:12,1.698523,101.43733,0,0,0,0,0,0,0,0,178,180,forward,0,0,0,1.6985204919398964,101.43725814698517
15:24:14,1.698523,101.437331,0,0,0,0,0,0,0,0,182,180,forward,0,0,0,1.6985255080601036,101.43725914698517
15:24:16,1.698523,101.437334,0,0,0,0,0,0,0,0,181,180,forward,0,0,0,1.698524254221076,101.43726211413781
15:24:18,1.698523,101.437336,0,0,0,0,0,0,0,0,181,180,forward,0,0,0,1.698524254221076,101.4372641141378
15:24:20,1.698524,101.437338,0,0,0,0,0,0,0,0,181,180,forward,0,0,0,1.6985252542210758,101.43726611413777
15:24:22,1.698524,101.43734,0,0,0,0,0,0,0,0,181,180,forward,0,0,0,1.6985252542210758,101.43726811413778
15:24:24,1.698524,101.437342,0,0,0,0,0,0,0,0,181,180,forward,0,0,0,1.6985252542210758,101.43727011413777
15:24:26,1.698524,101.437344,0,0,0,0,0,0,0,0,181,180,forward,0,0,0,1.6985252542210758,101.43727211413777
15:24:28,1.698524,101.437347,0,0,0,0,0,0,0,0,181,180,forward,0,0,0,1.6985252542210758,101.43727511413778
15:24:30,1.698524,101.43735,0,0,0,0,0,0,0,0,181,180,forward,0,0,0,1.6985252542210758,101.43727811413777
15:24:33,1.698523,101.437354,0,0,0,0,0,0,0,0,181,180,forward,0,0,0,1.698524254221076,101.4372821141378
15:24:35,1.698522,101.437358,0,0,0,0,0,0,0,0,182,180,forward,0,0,0,1.6985245080601037,101.43728614698522
15:24:37,1.698522,101.437361,0,0,0,0,0,0,0,0,182,180,forward,0,0,0,1.6985245080601037,101.43728914698521
15:24:39,1.698521,101.437364,0,0,0,0,0,0,0,0,182,180,forward,0,0,0,1.6985235080601035,101.43729214698524
15:24:41,1.698521,101.437367,0,0,0,0,0,0,0,0,183,180,forward,0,0,0,1.6985247611351522,101.43729520171972
15:24:44,1.698521,101.43737,0,0,0,0,0,0,0,0,183,180,forward,0,0,0,1.6985247611351522,101.43729820171973
15:24:46,1.69852,101.437373,0,0,0,0,0,0,0,0,183,180,forward,0,0,0,1.6985237611351522,101.43730120171976
15:24:48,1.69852,101.437376,0,0,0,0,0,0,0,0,184,180,forward,0,0,0,1.6985250130645224,101.4373042783247
15:24:50,1.69852,101.437379,0,0,0,0,0,0,0,0,184,180,forward,0,0,0,1.6985250130645224,101.43730727832471
15:24:52,1.69852,101.437382,0,0,0,0,0,0,0,0,184,180,forward,0,0,0,1.6985250130645224,101.4373102783247
15:24:54,1.69852,101.437385,0,0,0,0,0,0,0,0,185,180,forward,0,0,0,1.6985262634668647,101.43731337677677
15:24:56,1.69852,101.437388,0,0,0,0,0,0,0,0,184,180,forward,0,0,0,1.6985250130645224,101.4373162783247
15:24:59,1.698519,101.43739,0,0,0,0,0,0,0,0,185,180,forward,0,0,0,1.6985252634668646,101.4373183767768
15:25:01,1.698519,101.437393,0,0,0,0,0,0,0,0,185,180,forward,0,0,0,1.6985252634668646,101.43732137677681
15:25:03,1.698519,101.437396,0,0,0,0,0,0,0,0,185,180,forward,0,0,0,1.6985252634668646,101.43732437677681
15:25:05,1.698519,101.437399,0,0,0,0,0,0,0,0,186,180,forward,0,0,0,1.6985265119612942,101.43732749704598
15:25:07,1.698519,101.437403,0,0,0,0,0,0,0,0,186,180,forward,0,0,0,1.6985265119612942,101.43733149704599
15:25:09,1.698519,101.437406,0,0,0,0,0,0,0,0,187,180,forward,0,0,0,1.6985277581675076,101.43733463909565
15:25:12,1.698519,101.437409,0,0,0,0,0,0,0,0,187,180,forward,0,0,0,1.6985277581675076,101.43733763909566
15:25:14,1.698519,101.437411,0,0,0,0,0,0,0,0,187,180,forward,0,0,0,1.6985277581675076,101.43733963909565
15:25:16,1.698519,101.437415,0,0,0,0,0,0,0,0,188,180,forward,0,0,0,1.6985290017058983,101.43734280288257
15:25:18,1.698518,101.437417,0,0,0,0,0,0,0,0,188,180,forward,0,0,0,1.6985280017058983,101.43734580288259
15:25:20,1.698518,101.437421,0,0,0,0,0,0,0,0,189,180,forward,0,0,0,1.6985292421976728,101.43734998835683
15:25:23,1.698518,101.437424,0,0,0,0,0,0,0,0,189,180,forward,0,0,0,1.6985292421976728,101.43735298835682
15:25:25,1.698517,101.437426,0,0,0,0,0,0,0,0,189,180,forward,0,0,0,1.6985282421976728,101.43735498835686
15:25:27,1.698517,101.437429,0,0,0,0,0,0,0,0,189,180,forward,0,0,0,1.6985282421976728,101.43735798835685
15:25:29,1.698516,101.437431,0,0,0,0,0,0,0,0,190,180,forward,0,0,0,1.6985284792649646,101.43735919546197
15:25:31,1.698516,101.437432,0,0,0,0,0,0,0,0,190,180,forward,0,0,0,1.6985284792649646,101.43736119546196
15:25:33,1.698515,101.437435,0,0,0,0,0,0,0,0,191,180,forward,0,0,0,1.6985287125309516,101.43736442413481
15:25:36,1.698514,101.437438,0,0,0,0,0,0,0,0,191,180,forward,0,0,0,1.6985277125309517,101.43736742413485
15:25:38,1.698513,101.437441,0,0,0,0,0,0,0,0,191,180,forward,0,0,0,1.6985267125309516,101.4373704241349
15:25:40,1.698513,101.437443,0,0,0,0,0,0,0,0,192,180,forward,0,0,0,1.6985279416199686,101.43737267430579
15:25:42,1.698512,101.437445,0,0,0,0,0,0,0,0,192,180,forward,0,0,0,1.6985269416199686,101.43737467430583
15:25:44,1.698511,101.437449,0,0,0,0,0,0,0,0,193,180,forward,0,0,0,1.6985271661576238,101.43737894589866
15:25:47,1.69851,101.437451,0,0,0,0,0,0,0,0,193,180,forward,0,0,0,1.6985261661576236,101.43738094589868
15:25:49,1.69851,101.437454,0,0,0,0,0,0,0,0,193,180,forward,0,0,0,1.6985261661576236,101.43738394589869
15:25:51,1.698509,101.437457,0,0,0,0,0,0,0,0,194,180,forward,0,0,0,1.6985263857709105,101.43738723883067
15:25:53,1.698509,101.43746,0,0,0,0,0,0,0,0,194,180,forward,0,0,0,1.6985263857709105,101.43739023883067
15:25:55,1.698508,101.437463,0,0,0,0,0,0,0,0,195,180,forward,0,0,0,1.6985266000883228,101.43739255301259
15:25:57,1.698507,101.437466,0,0,0,0,0,0,0,0,195,180,forward,0,0,0,1.6985256000883229,101.43739655301263
15:25:59,1.698507,101.437469,0,0,0,0,0,0,0,0,195,180,forward,0,0,0,1.6985256000883229,101.43739955301263
15:26:02,1.698506,101.437472,0,0,0,0,0,0,0,0,196,180,forward,0,0,0,1.6985258087399684,101.43740288834876
15:26:04,1.698506,101.437475,0,0,0,0,0,0,0,0,196,180,forward,0,0,0,1.6985258087399684,101.43740588834876
15:26:06,1.698505,101.437478,0,0,0,0,0,0,0,0,197,180,forward,0,0,0,1.6985260113576797,101.43740924473698
15:26:08,1.698504,101.437481,0,0,0,0,0,0,0,0,197,180,forward,0,0,0,1.6985250113576797,101.43741224473702
15:26:10,1.698503,101.437484,0,0,0,0,0,0,0,0,197,180,forward,0,0,0,1.6985240113576798,101.43741524473705
15:26:12,1.698503,101.437487,0,0,0,0,0,0,0,0,198,180,forward,0,0,0,1.698525207575128,101.43741862206876
15:26:15,1.698502,101.437489,0,0,0,0,0,0,0,0,198,180,forward,0,0,0,1.698524207575128,101.43742062206879
15:26:17,1.698501,101.437491,0,0,0,0,0,0,0,0,198,180,forward,0,0,0,1.698523207575128,101.43742262206881
15:26:19,1.698501,101.437493,0,0,0,0,0,0,0,0,199,180,forward,0,0,0,1.6985243970279338,101.4374250202291
15:26:21,1.6985,101.437495,0,0,0,0,0,0,0,0,199,180,forward,0,0,0,1.6985243970279338,101.4374270202291
15:26:23,1.6985,101.437497,0,0,0,0,0,0,0,0,200,180,forward,0,0,0,1.698524579353778,101.4374294390967
15:26:25,1.698499,101.437499,0,0,0,0,0,0,0,0,200,180,forward,0,0,0,1.698523579353778,101.43743143909674
15:26:28,1.698498,101.437501,0,0,0,0,0,0,0,0,200,180,forward,0,0,0,1.6985225793537782,101.43743343909678
15:26:30,1.698497,101.437504,0,0,0,0,0,0,0,0,200,180,forward,0,0,0,1.698521579353778,101.43743643909681
15:26:32,1.698496,101.437506,0,0,0,0,0,0,0,0,201,180,forward,0,0,0,1.6985217541925133,101.43743887854413
15:26:34,1.698495,101.437509,0,0,0,0,0,0,0,0,201,180,forward,0,0,0,1.6985207541925134,101.43744187854418
15:26:36,1.698494,101.437511,0,0,0,0,0,0,0,0,201,180,forward,0,0,0,1.6985197541925132,101.4374438785442
15:26:39,1.698494,101.437513,0,0,0,0,0,0,0,0,201,180,forward,0,0,0,1.6985197541925132,101.4374458785442
15:26:41,1.698494,101.437513,0,0,0,0,0,0,0,0,201,180,forward,0,0,0,1.6985197541925132,101.4374458785442
15:26:43,1.698494,101.437513,0,0,0,0,0,0,0,0,201,180,forward,0,0,0,1.6985197541925132,101.4374458785442
15:26:45,1.698494,101.437513,0,0,0,0,0,0,0,0,201,180,forward,0,0,0,1.6985197541925132,101.4374458785442
15:26:47,1.698494,101.437513,0,0,0,0,0,0,0,0,201,180,forward,0,0,0,1.6985197541925132,101.4374458785442
15:26:49,1.698494,101.437513,0,0,0,0,0,0,0,0,201,180,forward,0,0,0,1.6985197541925132,101.4374458785442
15:26:51,1.698494,101.437513,0,0,0,0,0,0,0,0,201,180,forward,0,0,0,1.6985197541925132,101.4374458785442
15:26:53,1.698494,101.437513,0,0,0,0,0,0,0,0,201,180,forward,0,0,0,1.6985197541925132,101.4374458785442
15:26:56,1.698494,101.437513,0,0,0,0,0,0,0,0,201,180,forward,0,0,0,1.6985197541925132,101.4374458785442
15:26:58,1.698494,101.437513,0,0,0,0,0,0,0,0,201,180,forward,0,0,0,1.6985197541925132,101.4374458785442
15:27:00,1.698494,101.437513,0,0,0,0,0,0,0,0,201,180,forward,0,0,0,1.6985197541925132,101.4374458785442
15:27:02,1.698494,101.437513,0,0,0,0,0,0,0,0,201,180,forward,0,0,0,1.6985197541925132,101.4374458785442
15:27:04,1.698494,101.437513,0,0,0,0,0,0,0,0,201,180,forward,0,0,0,1.6985197541925132,101.4374458785442
15:27:06,1.698494,101.437513,0,0,0,0,0,0,0,0,201,180,forward,0,0,0,1.6985197541925132,101.4374458785442
15:27:09,1.698494,101.437513,0,0,0,0,0,0,0,0,201,180,forward,0,0,0,1.6985197541925132,101.4374458785442
15:27:11,1.698494,101.437513,0,0,0,0,0,0,0,0,201,180,forward,0,0,0,1.6985197541925132,101.4374458785442
15:27:13,1.698494,101.437513,0,0,0,0,0,0,0,0,201,180,forward,0,0,0,1.6985197541925132,101.4374458785442
15:27:15,1.698494,101.437513,0,0,0,0,0,0,0,0,201,180,forward,0,0,0,1.6985197541925132,101.4374458785442
15:27:17,1.698494,101.437513,0,0,0,0,0,0,0,0,201,180,forward,0,0,0,1.6985197541925132,101.4374458785442
15:27:19,1.698494,101.437513,0,0,0,0,0,0,0,0,201,180,forward,0,0,0,1.6985197541925132,101.4374458785442
15:27:22,1.698494,101.437513,0,0,0,0,0,0,0,0,201,180,forward,0,0,0,1.6985197541925132,101.4374458785442
15:27:24,1.698494,101.437513,0,0,0,0,0,0,0,0,201,180,forward,0,0,0,1.6985197541925132,101.4374458785442
15:27:26,1.698494,101.437513,0,0,0,0,0,0,0,0,201,180,forward,0,0,0,1.6985197541925132,101.4374458785442
15:27:28,1.698494,101.437513,0,0,0,0,0,0,0,0,201,180,forward,0,0,0,1.6985197541925132,101.4374458785442
15:27:30,1.698494,101.437513,0,0,0,0,0,0,0,0,201,180,forward,0,0,0,1.6985197541925132,101.4374458785442
15:27:32,1.698494,101.437513,0,0,0,0,0,0,0,0,201,180,forward,0,0,0,1.6985197541925132,101.4374458785442
15:27:35,1.698494,101.437513,0,0,0,0,0,0,0,0,201,180,forward,0,0,0,1.6985197541925132,101.4374458785442
15:27:37,1.698494,101.437513,0,0,0,0,0,0,0,0,201,180,forward,0,0,0,1.6985197541925132,101.4374458785442
15:27:39,1.698494,101.437513,0,0,0,0,0,0,0,0,201,180,forward,0,0,0,1.6985197541925132,101.4374458785442
15:27:41,1.698494,101.437513,0,0,0,0,0,0,0,0,201,180,forward,0,0,0,1.6985197541925132,101.4374458785442
15:27:43,1.698494,101.437513,0,0,0,0,0,0,0,0,201,180,forward,0,0,0,1.6985197541925132,101.4374458785442
15:27:46,1.698494,101.437513,0,0,0,0,0,0,0,0,201,180,forward,0,0,0,1.6985197541925132,101.4374458785442
15:27:48,1.698494,101.437513,0,0,0,0,0,0,0,0,201,180,forward,0,0,0,1.6985197541925132,101.4374458785442
15:27:50,1.698494,101.437513,0,0,0,0,0,0,0,0,201,180,forward,0,0,0,1.6985197541925132,101.4374458785442
15:27:52,1.698494,101.437513,0,0,0,0,0,0,0,0,201,180,forward,0,0,0,1.6985197541925132,101.4374458785442
15:27:54,1.698494,101.437513,0,0,0,0,0,0,0,0,201,180,forward,0,0,0,1.6985197541925132,101.4374458785442
15:27:56,1.698494,101.437513,0,0,0,0,0,0,0,0,201,180,forward,0,0,0,1.6985197541925132,101.4374458785442
15:27:58,1.698494,101.437513,0,0,0,0,0,0,0,0,201,180,forward,0,0,0,1.6985197541925132,101.4374458785442
15:28:01,1.698494,101.437513,0,0,0,0,0,0,0,0,201,180,forward,0,0,0,1.6985197541925132,101.4374458785442
15:28:03,1.698494,101.437513,0,0,0,0,0,0,0,0,201,180,forward,0,0,0,1.6985197541925132,101.4374458785442
15:28:05,1.698494,101.437513,0,0,0,0,0,0,0,0,201,180,forward,0,0,0,1.6985197541925132,101.4374458785442
15:28:07,1.698494,101.437513,0,0,0,0,0,0,0,0,201,180,forward,0,0,0,1.6985197541925132,101.4374458785442
15:28:09,1.698494,101.437513,0,0,0,0,0,0,0,0,201,180,forward,0,0,0,1.6985197541925132,101.4374458785442
15:28:12,1.698494,101.437513,0,0,0,0,0,0,0,0,201,180,forward,0,0,0,1.6985197541925132,101.4374458785442
15:28:14,1.698494,101.437513,0,0,0,0,0,0,0,0,201,180,forward,0,0,0,1.6985197541925132,101.4374458785442
15:28:16,1.698494,101.437513,0,0,0,0,0,0,0,0,201,180,forward,0,0,0,1.6985197541925132,101.4374458785442
15:28:18,1.698494,101.437513,0,0,0,0,0,0,0,0,201,180,forward,0,0,0,1.6985197541925132,101.4374458785442
15:28:20,1.698494,101.437513,0,0,0,0,0,0,0,0,201,180,forward,0,0,0,1.6985197541925132,101.4374458785442
15:28:22,1.698494,101.437513,0,0,0,0,0,0,0,0,201,180,forward,0,0,0,1.6985197541925132,101.4374458785442
15:28:24,1.698494,101.437513,0,0,0,0,0,0,0,0,201,180,forward,0,0,0,1.6985197541925132,101.4374458785442
15:28:26,1.698494,101.437513,0,0,0,0,0,0,0,0,201,180,forward,0,0,0,1.6985197541925132,101.4374458785442
15:28:29,1.698494,101.437513,0,0,0,0,0,0,0,0,201,180,forward,0,0,0,1.6985197541925132,101.4374458785442
15:28:31,1.698494,101.437513,0,0,0,0,0,0,0,0,201,180,forward,0,0,0,1.6985197541925132,101.4374458785442
15:28:33,1.698494,101.437513,0,0,0,0,0,0,0,0,201,180,forward,0,0,0,1.6985197541925132,101.4374458785442
15:28:35,1.698494,101.437513,0,0,0,0,0,0,0,0,201,180,forward,0,0,0,1.6985197541925132,101.4374458785442
15:28:37,1.698494,101.437513,0,0,0,0,0,0,0,0,201,180,forward,0,0,0,1.6985197541925132,101.4374458785442
15:28:39,1.698494,101.437513,0,0,0,0,0,0,0,0,201,180,forward,0,0,0,1.6985197541925132,101.4374458785442
15:28:41,1.698494,101.437513,0,0,0,0,0,0,0,0,201,180,forward,0,0,0,1.6985197541925132,101.4374458785442
15:28:44,1.698494,101.437513,0,0,0,0,0,0,0,0,201,180,forward,0,0,0,1.6985197541925132,101.4374458785442
15:28:46,1.698494,101.437513,0,0,0,0,0,0,0,0,201,180,forward,0,0,0,1.6985197541925132,101.4374458785442
15:28:48,1.698494,101.437513,0,0,0,0,0,0,0,0,201,180,forward,0,0,0,1.6985197541925132,101.4374458785442
15:28:50,1.698494,101.437513,0,0,0,0,0,0,0,0,201,180,forward,0,0,0,1.6985197541925132,101.4374458785442
15:28:52,1.698494,101.437513,0,0,0,0,0,0,0,0,201,180,forward,0,0,0,1.6985197541925132,101.4374458785442
15:28:55,1.698494,101.437513,0,0,0,0,0,0,0,0,201,180,forward,0,0,0,1.6985197541925132,101.4374458785442
15:28:57,1.698494,101.437513,0,0,0,0,0,0,0,0,201,180,forward,0,0,0,1.6985197541925132,101.4374458785442
15:28:59,1.698494,101.437513,0,0,0,0,0,0,0,0,201,180,forward,0,0,0,1.6985197541925132,101.4374458785442
15:29:01,1.698494,101.437513,0,0,0,0,0,0,0,0,201,180,forward,0,0,0,1.6985197541925132,101.4374458785442
15:29:03,1.698494,101.437513,0,0,0,0,0,0,0,0,201,180,forward,0,0,0,1.6985197541925132,101.4374458785442
15:29:05,1.698494,101.437513,0,0,0,0,0,0,0,0,201,180,forward,0,0,0,1.6985197541925132,101.4374458785442
15:29:07,1.698494,101.437513,0,0,0,0,0,0,0,0,201,180,forward,0,0,0,1.6985197541925132,101.4374458785442
15:29:10,1.698494,101.437513,0,0,0,0,0,0,0,0,201,180,forward,0,0,0,1.6985197541925132,101.4374458785442
15:29:12,1.698494,101.437513,0,0,0,0,0,0,0,0,201,180,forward,0,0,0,1.6985197541925132,101.4374458785442
15:29:14,1.698494,101.437513,0,0,0,0,0,0,0,0,201,180,forward,0,0,0,1.6985197541925132,101.4374458785442
15:29:16,1.698494,101.437513,0,0,0,0,0,0,0,0,201,180,forward,0,0,0,1.6985197541925132,101.4374458785442
15:29:18,1.698494,101.437513,0,0,0,0,0,0,0,0,201,180,forward,0,0,0,1.6985197541925132,101.4374458785442
15:29:20,1.698494,101.437513,0,0,0,0,0,0,0,0,201,180,forward,0,0,0,1.6985197541925132,101.4374458785442
15:29:23,1.698494,101.437513,0,0,0,0,0,0,0,0,201,180,forward,0,0,0,1.6985197541925132,101.4374458785442
15:29:25,1.698494,101.437513,0,0,0,0,0,0,0,0,201,180,forward,0,0,0,1.6985197541925132,101.4374458785442
15:29:27,1.698494,101.437513,0,0,0,0,0,0,0,0,201,180,forward,0,0,0,1.6985197541925132,101.4374458785442
15:29:29,1.698494,101.437513,0,0,0,0,0,0,0,0,201,180,forward,0,0,0,1.6985197541925132,101.4374458785442
15:29:31,1.698494,101.437513,0,0,0,0,0,0,0,0,201,180,forward,0,0,0,1.6985197541925132,101.4374458785442
15:29:33,1.698494,101.437513,0,0,0,0,0,0,0,0,201,180,forward,0,0,0,1.6985197541925132,101.4374458785442
15:29:36,1.698494,101.437513,0,0,0,0,0,0,0,0,201,180,forward,0,0,0,1.6985197541925132,101.4374458785442
15:29:38,1.698494,101.437513,0,0,0,0,0,0,0,0,201,180,forward,0,0,0,1.6985197541925132,101.4374458785442
15:29:40,1.698494,101.437513,0,0,0,0,0,0,0,0,201,180,forward,0,0,0,1.6985197541925132,101.4374458785442
15:29:42,1.698494,101.437513,0,0,0,0,0,0,0,0,201,180,forward,0,0,0,1.6985197541925132,101.4374458785442
15:29:44,1.698494,101.437513,0,0,0,0,0,0,0,0,201,180,forward,0,0,0,1.6985197541925132,101.4374458785442
15:29:46,1.698494,101.437513,0,0,0,0,0,0,0,0,201,180,forward,0,0,0,1.6985197541925132,101.4374458785442
15:29:49,1.698494,101.437513,0,0,0,0,0,0,0,0,201,180,forward,0,0,0,1.6985197541925132,101.4374458785442
15:29:51,1.698494,101.437513,0,0,0,0,0,0,0,0,201,180,forward,0,0,0,1.6985197541925132,101.4374458785442
15:29:53,1.698494,101.437513,0,0,0,0,0,0,0,0,201,180,forward,0,0,0,1.6985197541925132,101.4374458785442
15:29:55,1.698494,101.437513,0,0,0,0,0,0,0,0,201,180,forward,0,0,0,1.6985197541925132,101.4374458785442
15:29:57,1.698494,101.437513,0,0,0,0,0,0,0,0,201,180,forward,0,0,0,1.6985197541925132,101.4374458785442
15:29:59,1.698494,101.437513,0,0,0,0,0,0,0,0,201,180,forward,0,0,0,1.6985197541925132,101.4374458785442
15:30:02,1.698494,101.437513,0,0,0,0,0,0,0,0,201,180,forward,0,0,0,1.6985197541925132,101.4374458785442
15:30:04,1.698494,101.437513,0,0,0,0,0,0,0,0,201,180,forward,0,0,0,1.6985197541925132,101.4374458785442
15:30:06,1.698494,101.437513,0,0,0,0,0,0,0,0,201,180,forward,0,0,0,1.6985197541925132,101.4374458785442
15:30:08,1.698494,101.437513,0,0,0,0,0,0,0,0,201,180,forward,0,0,0,1.6985197541925132,101.4374458785442
15:30:10,1.698494,101.437513,0,0,0,0,0,0,0,0,201,180,forward,0,0,0,1.6985197541925132,101.4374458785442
15:30:12,1.698494,101.437513,0,0,0,0,0,0,0,0,201,180,forward,0,0,0,1.6985197541925132,101.4374458785442
15:30:15,1.698494,101.437513,0,0,0,0,0,0,0,0,201,180,forward,0,0,0,1.6985197541925132,101.4374458785442
15:30:17,1.698494,101.437513,0,0,0,0,0,0,0,0,201,180,forward,0,0,0,1.6985197541925132,101.4374458785442
15:30:19,1.698494,101.437513,0,0,0,0,0,0,0,0,201,180,forward,0,0,0,1.6985197541925132,101.4374458785442
15:30:21,1.698494,101.437513,0,0,0,0,0,0,0,0,201,180,forward,0,0,0,1.6985197541925132,101.4374458785442
15:30:23,1.698494,101.437513,0,0,0,0,0,0,0,0,201,180,forward,0,0,0,1.6985197541925132,101.4374458785442
15:30:25,1.698494,101.437513,0,0,0,0,0,0,0,0,201,180,forward,0,0,0,1.6985197541925132,101.4374458785442
15:30:27,1.698494,101.437513,0,0,0,0,0,0,0,0,201,180,forward,0,0,0,1.6985197541925132,101.4374458785442
15:30:30,1.698494,101.437513,0,0,0,0,0,0,0,0,201,180,forward,0,0,0,1.6985197541925132,101.4374458785442
15:30:32,1.698494,101.437513,0,0,0,0,0,0,0,0,201,180,forward,0,0,0,1.6985197541925132,101.4374458785442
15:30:34,1.698494,101.437513,0,0,0,0,0,0,0,0,201,180,forward,0,0,0,1.6985197541925132,101.4374458785442
15:30:36,1.698494,101.437513,0,0,0,0,0,0,0,0,201,180,forward,0,0,0,1.6985197541925132,101.4374458785442
15:30:38,1.698494,101.437513,0,0,0,0,0,0,0,0,201,180,forward,0,0,0,1.6985197541925132,101.4374458785442
15:30:40,1.698494,101.437513,0,0,0,0,0,0,0,0,201,180,forward,0,0,0,1.6985197541925132,101.4374458785442
15:30:43,1.698494,101.437513,0,0,0,0,0,0,0,0,201,180,forward,0,0,0,1.6985197541925132,101.4374458785442
15:30:45,1.698494,101.437513,0,0,0,0,0,0,0,0,201,180,forward,0,0,0,1.6985197541925132,101.4374458785442
15:30:47,1.698494,101.437513,0,0,0,0,0,0,0,0,201,180,forward,0,0,0,1.6985197541925132,101.4374458785442
15:30:49,1.698494,101.437513,0,0,0,0,0,0,0,0,201,180,forward,0,0,0,1.6985197541925132,101.4374458785442
15:30:51,1.698494,101.437513,0,0,0,0,0,0,0,0,201,180,forward,0,0,0,1.6985197541925132,101.4374458785442
15:30:53,1.698494,101.437513,0,0,0,0,0,0,0,0,201,180,forward,0,0,0,1.6985197541925132,101.4374458785442
15:30:55,1.698494,101.437513,0,0,0,0,0,0,0,0,201,180,forward,0,0,0,1.6985197541925132,101.4374458785442
15:30:57,1.698494,101.437513,0,0,0,0,0,0,0,0,201,180,forward,0,0,0,1.6985197541925132,101.4374458785442
15:31:00,1.698494,101.437513,0,0,0,0,0,0,0,0,201,180,forward,0,0,0,1.6985197541925132,101.4374458785442
15:31:02,1.698494,101.437513,0,0,0,0,0,0,0,0,201,180,forward,0,0,0,1.6985197541925132,101.4374458785442
15:31:04,1.698494,101.437513,0,0,0,0,0,0,0,0,201,180,forward,0,0,0,1.6985197541925132,101.4374458785442
15:31:06,1.698494,101.437513,0,0,0,0,0,0,0,0,201,180,forward,0,0,0,1.6985197541925132,101.4374458785442
15:31:08,1.698494,101.437513,0,0,0,0,0,0,0,0,201,180,forward,0,0,0,1.6985197541925132,101.4374458785442
15:31:10,1.698494,101.437513,0,0,0,0,0,0,0,0,201,180,forward,0,0,0,1.6985197541925132,101.4374458785442
15:31:12,1.698494,101.437513,0,0,0,0,0,0,0,0,201,180,forward,0,0,0,1.6985197541925132,101.4374458785442
15:31:15,1.698494,101.437513,0,0,0,0,0,0,0,0,201,180,forward,0,0,0,1.6985197541925132,101.4374458785442
15:31:17,1.698494,101.437513,0,0,0,0,0,0,0,0,201,180,forward,0,0,0,1.6985197541925132,101.4374458785442
15:31:19,1.698494,101.437513,0,0,0,0,0,0,0,0,201,180,forward,0,0,0,1.6985197541925132,101.4374458785442
15:31:21,1.698494,101.437513,0,0,0,0,0,0,0,0,201,180,forward,0,0,0,1.6985197541925132,101.4374458785442
15:31:23,1.698494,101.437513,0,0,0,0,0,0,0,0,201,180,forward,0,0,0,1.6985197541925132,101.4374458785442
15:31:25,1.698494,101.437513,0,0,0,0,0,0,0,0,201,180,forward,0,0,0,1.6985197541925132,101.4374458785442
15:31:28,1.698494,101.437513,0,0,0,0,0,0,0,0,201,180,forward,0,0,0,1.6985197541925132,101.4374458785442
15:31:30,1.698494,101.437513,0,0,0,0,0,0,0,0,201,180,forward,0,0,0,1.6985197541925132,101.4374458785442
15:31:32,1.698494,101.437513,0,0,0,0,0,0,0,0,201,180,forward,0,0,0,1.6985197541925132,101.4374458785442
15:31:34,1.698494,101.437513,0,0,0,0,0,0,0,0,201,180,forward,0,0,0,1.6985197541925132,101.4374458785442
15:31:36,1.698494,101.437513,0,0,0,0,0,0,0,0,201,180,forward,0,0,0,1.6985197541925132,101.4374458785442
15:31:38,1.698494,101.437513,0,0,0,0,0,0,0,0,201,180,forward,0,0,0,1.6985197541925132,101.4374458785442
15:31:40,1.698494,101.437513,0,0,0,0,0,0,0,0,201,180,forward,0,0,0,1.6985197541925132,101.4374458785442
15:31:42,1.698494,101.437513,0,0,0,0,0,0,0,0,201,180,forward,0,0,0,1.6985197541925132,101.4374458785442
15:31:45,1.698494,101.437513,0,0,0,0,0,0,0,0,201,180,forward,0,0,0,1.6985197541925132,101.4374458785442
15:31:47,1.698494,101.437513,0,0,0,0,0,0,0,0,201,180,forward,0,0,0,1.6985197541925132,101.4374458785442
15:31:49,1.698494,101.437513,0,0,0,0,0,0,0,0,201,180,forward,0,0,0,1.6985197541925132,101.4374458785442
15:31:51,1.698494,101.437513,0,0,0,0,0,0,0,0,201,180,forward,0,0,0,1.6985197541925132,101.4374458785442
15:31:53,1.698494,101.437513,0,0,0,0,0,0,0,0,201,180,forward,0,0,0,1.6985197541925132,101.4374458785442
15:31:55,1.698494,101.437513,0,0,0,0,0,0,0,0,201,180,forward,0,0,0,1.6985197541925132,101.4374458785442
15:31:57,1.698494,101.437513,0,0,0,0,0,0,0,0,201,180,forward,0,0,0,1.6985197541925132,101.4374458785442
15:31:59,1.698494,101.437513,0,0,0,0,0,0,0,0,201,180,forward,0,0,0,1.6985197541925132,101.4374458785442
15:32:02,1.698494,101.437513,0,0,0,0,0,0,0,0,201,180,forward,0,0,0,1.6985197541925132,101.4374458785442
15:32:04,1.698494,101.437513,0,0,0,0,0,0,0,0,201,180,forward,0,0,0,1.6985197541925132,101.4374458785442
15:32:06,1.698494,101.437513,0,0,0,0,0,0,0,0,201,180,forward,0,0,0,1.6985197541925132,101.4374458785442
15:32:08,1.698494,101.437513,0,0,0,0,0,0,0,0,201,180,forward,0,0,0,1.6985197541925132,101.4374458785442
15:32:10,1.698494,101.437513,0,0,0,0,0,0,0,0,201,180,forward,0,0,0,1.6985197541925132,101.4374458785442
15:32:12,1.698494,101.437513,0,0,0,0,0,0,0,0,201,180,forward,0,0,0,1.6985197541925132,101.4374458785442
15:32:14,1.698494,101.437513,0,0,0,0,0,0,0,0,201,180,forward,0,0,0,1.6985197541925132,101.4374458785442
15:32:17,1.698494,101.437513,0,0,0,0,0,0,0,0,201,180,forward,0,0,0,1.6985197541925132,101.4374458785442
15:32:19,1.698494,101.437513,0,0,0,0,0,0,0,0,201,180,forward,0,0,0,1.6985197541925132,101.4374458785442
15:32:21,1.698494,101.437513,0,0,0,0,0,0,0,0,201,180,forward,0,0,0,1.6985197541925132,101.4374458785442
15:32:23,1.698494,101.437513,0,0,0,0,0,0,0,0,201,180,forward,0,0,0,1.6985197541925132,101.4374458785442
15:32:25,1.698494,101.437513,0,0,0,0,0,0,0,0,201,180,forward,0,0,0,1.6985197541925132,101.4374458785442
15:32:27,1.698494,101.437513,0,0,0,0,0,0,0,0,201,180,forward,0,0,0,1.6985197541925132,101.4374458785442
15:32:29,1.698494,101.437513,0,0,0,0,0,0,0,0,201,180,forward,0,0,0,1.6985197541925132,101.4374458785442
15:32:31,1.698494,101.437513,0,0,0,0,0,0,0,0,201,180,forward,0,0,0,1.6985197541925132,101.4374458785442
15:32:34,1.698494,101.437513,0,0,0,0,0,0,0,0,201,180,forward,0,0,0,1.6985197541925132,101.4374458785442
15:32:36,1.698494,101.437513,0,0,0,0,0,0,0,0,201,180,forward,0,0,0,1.6985197541925132,101.4374458785442
15:32:38,1.698494,101.437513,0,0,0,0,0,0,0,0,201,180,forward,0,0,0,1.6985197541925132,101.4374458785442
15:32:40,1.698494,101.437513,0,0,0,0,0,0,0,0,201,180,forward,0,0,0,1.6985197541925132,101.4374458785442
15:32:42,1.698494,101.437513,0,0,0,0,0,0,0,0,201,180,forward,0,0,0,1.6985197541925132,101.4374458785442
15:32:44,1.698494,101.437513,0,0,0,0,0,0,0,0,201,180,forward,0,0,0,1.6985197541925132,101.4374458785442
15:32:47,1.698494,101.437513,0,0,0,0,0,0,0,0,201,180,forward,0,0,0,1.6985197541925132,101.4374458785442
15:32:49,1.698494,101.437513,0,0,0,0,0,0,0,0,201,180,forward,0,0,0,1.6985197541925132,101.4374458785442
15:32:51,1.698494,101.437513,0,0,0,0,0,0,0,0,201,180,forward,0,0,0,1.6985197541925132,101.4374458785442
15:32:53,1.698494,101.437513,0,0,0,0,0,0,0,0,201,180,forward,0,0,0,1.6985197541925132,101.4374458785442
15:32:55,1.698494,101.437513,0,0,0,0,0,0,0,0,201,180,forward,0,0,0,1.6985197541925132,101.4374458785442
15:32:57,1.698494,101.437513,0,0,0,0,0,0,0,0,201,180,forward,0,0,0,1.6985197541925132,101.4374458785442
15:33:00,1.698494,101.437513,0,0,0,0,0,0,0,0,201,180,forward,0,0,0,1.6985197541925132,101.4374458785442
15:33:02,1.698494,101.437513,0,0,0,0,0,0,0,0,201,180,forward,0,0,0,1.6985197541925132,101.4374458785442
15:33:04,1.698494,101.437513,0,0,0,0,0,0,0,0,201,180,forward,0,0,0,1.6985197541925132,101.4374458785442
15:33:06,1.698494,101.437513,0,0,0,0,0,0,0,0,201,180,forward,0,0,0,1.6985197541925132,101.4374458785442
15:33:08,1.698494,101.437513,0,0,0,0,0,0,0,0,201,180,forward,0,0,0,1.6985197541925132,101.4374458785442
15:33:10,1.698494,101.437513,0,0,0,0,0,0,0,0,201,180,forward,0,0,0,1.6985197541925132,101.4374458785442
15:33:12,1.698494,101.437513,0,0,0,0,0,0,0,0,201,180,forward,0,0,0,1.6985197541925132,101.4374458785442
15:33:14,1.698494,101.437513,0,0,0,0,0,0,0,0,201,180,forward,0,0,0,1.6985197541925132,101.4374458785442
15:33:17,1.698494,101.437513,0,0,0,0,0,0,0,0,201,180,forward,0,0,0,1.6985197541925132,101.4374458785442
15:33:19,1.698494,101.437513,0,0,0,0,0,0,0,0,201,180,forward,0,0,0,1.6985197541925132,101.4374458785442
15:33:21,1.698494,101.437513,0,0,0,0,0,0,0,0,201,180,forward,0,0,0,1.6985197541925132,101.4374458785442
15:33:23,1.698494,101.437513,0,0,0,0,0,0,0,0,201,180,forward,0,0,0,1.6985197541925132,101.4374458785442
15:33:25,1.698494,101.437513,0,0,0,0,0,0,0,0,201,180,forward,0,0,0,1.6985197541925132,101.4374458785442
15:33:27,1.698494,101.437513,0,0,0,0,0,0,0,0,201,180,forward,0,0,0,1.6985197541925132,101.4374458785442
15:33:29,1.698494,101.437513,0,0,0,0,0,0,0,0,201,180,forward,0,0,0,1.6985197541925132,101.4374458785442
15:33:31,1.698494,101.437513,0,0,0,0,0,0,0,0,201,180,forward,0,0,0,1.6985197541925132,101.4374458785442
15:33:34,1.698494,101.437513,0,0,0,0,0,0,0,0,201,180,forward,0,0,0,1.6985197541925132,101.4374458785442
15:33:36,1.698494,101.437513,0,0,0,0,0,0,0,0,201,180,forward,0,0,0,1.6985197541925132,101.4374458785442
15:33:38,1.698494,101.437513,0,0,0,0,0,0,0,0,201,180,forward,0,0,0,1.6985197541925132,101.4374458785442
15:33:40,1.698494,101.437513,0,0,0,0,0,0,0,0,201,180,forward,0,0,0,1.6985197541925132,101.4374458785442
15:33:42,1.698494,101.437513,0,0,0,0,0,0,0,0,201,180,forward,0,0,0,1.6985197541925132,101.4374458785442
15:33:44,1.698494,101.437513,0,0,0,0,0,0,0,0,201,180,forward,0,0,0,1.6985197541925132,101.4374458785442
15:33:47,1.698494,101.437513,0,0,0,0,0,0,0,0,201,180,forward,0,0,0,1.6985197541925132,101.4374458785442
15:33:49,1.698494,101.437513,0,0,0,0,0,0,0,0,201,180,forward,0,0,0,1.6985197541925132,101.4374458785442
15:33:51,1.698494,101.437513,0,0,0,0,0,0,0,0,201,180,forward,0,0,0,1.6985197541925132,101.4374458785442
15:33:53,1.698494,101.437513,0,0,0,0,0,0,0,0,201,180,forward,0,0,0,1.6985197541925132,101.4374458785442
15:33:55,1.698494,101.437513,0,0,0,0,0,0,0,0,201,180,forward,0,0,0,1.6985197541925132,101.4374458785442
15:33:58,1.698494,101.437513,0,0,0,0,0,0,0,0,201,180,forward,0,0,0,1.6985197541925132,101.4374458785442
15:34:00,1.698494,101.437513,0,0,0,0,0,0,0,0,201,180,forward,0,0,0,1.6985197541925132,101.4374458785442
15:34:02,1.698494,101.437513,0,0,0,0,0,0,0,0,201,180,forward,0,0,0,1.6985197541925132,101.4374458785442
15:34:04,1.698494,101.437513,0,0,0,0,0,0,0,0,201,180,forward,0,0,0,1.6985197541925132,101.4374458785442
15:34:06,1.698494,101.437513,0,0,0,0,0,0,0,0,201,180,forward,0,0,0,1.6985197541925132,101.4374458785442
15:34:08,1.698494,101.437513,0,0,0,0,0,0,0,0,201,180,forward,0,0,0,1.6985197541925132,101.4374458785442
15:34:10,1.698494,101.437513,0,0,0,0,0,0,0,0,201,180,forward,0,0,0,1.6985197541925132,101.4374458785442
15:34:13,1.698494,101.437513,0,0,0,0,0,0,0,0,201,180,forward,0,0,0,1.6985197541925132,101.4374458785442
15:34:15,1.698494,101.437513,0,0,0,0,0,0,0,0,201,180,forward,0,0,0,1.6985197541925132,101.4374458785442
15:34:17,1.698494,101.437513,0,0,0,0,0,0,0,0,201,180,forward,0,0,0,1.6985197541925132,101.4374458785442
15:34:19,1.698494,101.437513,0,0,0,0,0,0,0,0,201,180,forward,0,0,0,1.6985197541925132,101.4374458785442
15:34:21,1.698494,101.437513,0,0,0,0,0,0,0,0,201,180,forward,0,0,0,1.6985197541925132,101.4374458785442
15:34:24,1.698494,101.437513,0,0,0,0,0,0,0,0,201,180,forward,0,0,0,1.6985197541925132,101.4374458785442
15:34:26,1.698494,101.437513,0,0,0,0,0,0,0,0,201,180,forward,0,0,0,1.6985197541925132,101.4374458785442
15:34:28,1.698494,101.437513,0,0,0,0,0,0,0,0,201,180,forward,0,0,0,1.6985197541925132,101.4374458785442
15:34:30,1.698494,101.437513,0,0,0,0,0,0,0,0,201,180,forward,0,0,0,1.6985197541925132,101.4374458785442
15:34:32,1.698494,101.437513,0,0,0,0,0,0,0,0,201,180,forward,0,0,0,1.6985197541925132,101.4374458785442
15:34:34,1.698494,101.437513,0,0,0,0,0,0,0,0,201,180,forward,0,0,0,1.6985197541925132,101.4374458785442
15:34:36,1.698494,101.437513,0,0,0,0,0,0,0,0,201,180,forward,0,0,0,1.6985197541925132,101.4374458785442
15:34:38,1.698494,101.437513,0,0,0,0,0,0,0,0,201,180,forward,0,0,0,1.6985197541925132,101.4374458785442
15:34:40,1.698494,101.437513,0,0,0,0,0,0,0,0,201,180,forward,0,0,0,1.6985197541925132,101.4374458785442
15:34:42,1.698494,101.437513,0,0,0,0,0,0,0,0,201,180,forward,0,0,0,1.6985197541925132,101.4374458785442
15:34:45,1.698494,101.437513,0,0,0,0,0,0,0,0,201,180,forward,0,0,0,1.6985197541925132,101.4374458785442
15:34:47,1.698494,101.437513,0,0,0,0,0,0,0,0,201,180,forward,0,0,0,1.6985197541925132,101.4374458785442
15:34:49,1.698494,101.437513,0,0,0,0,0,0,0,0,201,180,forward,0,0,0,1.6985197541925132,101.4374458785442
15:34:51,1.698494,101.437513,0,0,0,0,0,0,0,0,201,180,forward,0,0,0,1.6985197541925132,101.4374458785442
15:34:53,1.698494,101.437513,0,0,0,0,0,0,0,0,201,180,forward,0,0,0,1.6985197541925132,101.4374458785442
15:34:56,1.698494,101.437513,0,0,0,0,0,0,0,0,201,180,forward,0,0,0,1.6985197541925132,101.4374458785442
15:34:58,1.698494,101.437513,0,0,0,0,0,0,0,0,201,180,forward,0,0,0,1.6985197541925132,101.4374458785442
15:35:00,1.698494,101.437513,0,0,0,0,0,0,0,0,201,180,forward,0,0,0,1.6985197541925132,101.4374458785442
15:35:02,1.698494,101.437513,0,0,0,0,0,0,0,0,201,180,forward,0,0,0,1.6985197541925132,101.4374458785442
15:35:04,1.698494,101.437513,0,0,0,0,0,0,0,0,201,180,forward,0,0,0,1.6985197541925132,101.4374458785442
15:35:07,1.698494,101.437513,0,0,0,0,0,0,0,0,201,180,forward,0,0,0,1.6985197541925132,101.4374458785442
15:35:09,1.698494,101.437513,0,0,0,0,0,0,0,0,201,180,forward,0,0,0,1.6985197541925132,101.4374458785442
15:35:11,1.698494,101.437513,0,0,0,0,0,0,0,0,201,180,forward,0,0,0,1.6985197541925132,101.4374458785442
15:35:13,1.698494,101.437513,0,0,0,0,0,0,0,0,201,180,forward,0,0,0,1.6985197541925132,101.4374458785442
15:35:15,1.698494,101.437513,0,0,0,0,0,0,0,0,201,180,forward,0,0,0,1.6985197541925132,101.4374458785442
15:35:17,1.698494,101.437513,0,0,0,0,0,0,0,0,201,180,forward,0,0,0,1.6985197541925132,101.4374458785442
15:35:19,1.698494,101.437513,0,0,0,0,0,0,0,0,201,180,forward,0,0,0,1.6985197541925132,101.4374458785442
15:35:22,1.698494,101.437513,0,0,0,0,0,0,0,0,201,180,forward,0,0,0,1.6985197541925132,101.4374458785442
15:35:24,1.698494,101.437513,0,0,0,0,0,0,0,0,201,180,forward,0,0,0,1.6985197541925132,101.4374458785442
15:35:26,1.698494,101.437513,0,0,0,0,0,0,0,0,201,180,forward,0,0,0,1.6985197541925132,101.4374458785442
15:35:28,1.698494,101.437513,0,0,0,0,0,0,0,0,201,180,forward,0,0,0,1.6985197541925132,101.4374458785442
15:35:30,1.698494,101.437513,0,0,0,0,0,0,0,0,201,180,forward,0,0,0,1.6985197541925132,101.4374458785442
15:35:32,1.698494,101.437513,0,0,0,0,0,0,0,0,201,180,forward,0,0,0,1.6985197541925132,101.4374458785442
15:35:35,1.698494,101.437513,0,0,0,0,0,0,0,0,201,180,forward,0,0,0,1.6985197541925132,101.4374458785442
15:35:37,1.698494,101.437513,0,0,0,0,0,0,0,0,201,180,forward,0,0,0,1.6985197541925132,101.4374458785442
15:35:39,1.698494,101.437513,0,0,0,0,0,0,0,0,201,180,forward,0,0,0,1.6985197541925132,101.4374458785442
15:35:41,1.698494,101.437513,0,0,0,0,0,0,0,0,201,180,forward,0,0,0,1.6985197541925132,101.4374458785442
15:35:43,1.698494,101.437513,0,0,0,0,0,0,0,0,201,180,forward,0,0,0,1.6985197541925132,101.4374458785442
15:35:46,1.698494,101.437513,0,0,0,0,0,0,0,0,201,180,forward,0,0,0,1.6985197541925132,101.4374458785442
15:35:48,1.698494,101.437513,0,0,0,0,0,0,0,0,201,180,forward,0,0,0,1.6985197541925132,101.4374458785442
15:35:50,1.698494,101.437513,0,0,0,0,0,0,0,0,201,180,forward,0,0,0,1.6985197541925132,101.4374458785442
15:35:52,1.698494,101.437513,0,0,0,0,0,0,0,0,201,180,forward,0,0,0,1.6985197541925132,101.4374458785442
15:35:54,1.698494,101.437513,0,0,0,0,0,0,0,0,201,180,forward,0,0,0,1.6985197541925132,101.4374458785442
15:35:56,1.698494,101.437513,0,0,0,0,0,0,0,0,201,180,forward,0,0,0,1.6985197541925132,101.4374458785442
15:35:58,1.698494,101.437513,0,0,0,0,0,0,0,0,201,180,forward,0,0,0,1.6985197541925132,101.4374458785442
15:36:00,1.698494,101.437513,0,0,0,0,0,0,0,0,201,180,forward,0,0,0,1.6985197541925132,101.4374458785442
15:36:03,1.698494,101.437513,0,0,0,0,0,0,0,0,201,180,forward,0,0,0,1.6985197541925132,101.4374458785442
15:36:05,1.698494,101.437513,0,0,0,0,0,0,0,0,201,180,forward,0,0,0,1.6985197541925132,101.4374458785442
15:36:07,1.698494,101.437513,0,0,0,0,0,0,0,0,201,180,forward,0,0,0,1.6985197541925132,101.4374458785442
15:36:09,1.698494,101.437513,0,0,0,0,0,0,0,0,201,180,forward,0,0,0,1.6985197541925132,101.4374458785442
15:36:11,1.698494,101.437513,0,0,0,0,0,0,0,0,201,180,forward,0,0,0,1.6985197541925132,101.4374458785442
15:36:13,1.698494,101.437513,0,0,0,0,0,0,0,0,201,180,forward,0,0,0,1.6985197541925132,101.4374458785442
15:36:15,1.698494,101.437513,0,0,0,0,0,0,0,0,201,180,forward,0,0,0,1.6985197541925132,101.4374458785442
15:36:18,1.698494,101.437513,0,0,0,0,0,0,0,0,201,180,forward,0,0,0,1.6985197541925132,101.4374458785442
15:36:20,1.698494,101.437513,0,0,0,0,0,0,0,0,201,180,forward,0,0,0,1.6985197541925132,101.4374458785442
15:36:22,1.698494,101.437513,0,0,0,0,0,0,0,0,201,180,forward,0,0,0,1.6985197541925132,101.4374458785442
15:36:24,1.698494,101.437513,0,0,0,0,0,0,0,0,201,180,forward,0,0,0,1.6985197541925132,101.4374458785442
15:36:26,1.698494,101.437513,0,0,0,0,0,0,0,0,201,180,forward,0,0,0,1.6985197541925132,101.4374458785442
15:36:28,1.698494,101.437513,0,0,0,0,0,0,0,0,201,180,forward,0,0,0,1.6985197541925132,101.4374458785442
15:36:30,1.698494,101.437513,0,0,0,0,0,0,0,0,201,180,forward,0,0,0,1.6985197541925132,101.4374458785442
15:36:33,1.698494,101.437513,0,0,0,0,0,0,0,0,201,180,forward,0,0,0,1.6985197541925132,101.4374458785442
15:36:35,1.698494,101.437513,0,0,0,0,0,0,0,0,201,180,forward,0,0,0,1.6985197541925132,101.4374458785442
15:36:37,1.698494,101.437513,0,0,0,0,0,0,0,0,201,180,forward,0,0,0,1.6985197541925132,101.4374458785442
15:36:39,1.698494,101.437513,0,0,0,0,0,0,0,0,201,180,forward,0,0,0,1.6985197541925132,101.4374458785442
15:36:41,1.698494,101.437513,0,0,0,0,0,0,0,0,201,180,forward,0,0,0,1.6985197541925132,101.4374458785442
15:36:43,1.698494,101.437513,0,0,0,0,0,0,0,0,201,180,forward,0,0,0,1.6985197541925132,101.4374458785442
15:36:45,1.698494,101.437513,0,0,0,0,0,0,0,0,201,180,forward,0,0,0,1.6985197541925132,101.4374458785442
15:36:47,1.698494,101.437513,0,0,0,0,0,0,0,0,201,180,forward,0,0,0,1.6985197541925132,101.4374458785442
15:36:50,1.698494,101.437513,0,0,0,0,0,0,0,0,201,180,forward,0,0,0,1.6985197541925132,101.4374458785442
15:36:52,1.698494,101.437513,0,0,0,0,0,0,0,0,201,180,forward,0,0,0,1.6985197541925132,101.4374458785442
15:36:54,1.698494,101.437513,0,0,0,0,0,0,0,0,201,180,forward,0,0,0,1.6985197541925132,101.4374458785442
15:36:56,1.698494,101.437513,0,0,0,0,0,0,0,0,201,180,forward,0,0,0,1.6985197541925132,101.4374458785442
15:36:58,1.698494,101.437513,0,0,0,0,0,0,0,0,201,180,forward,0,0,0,1.6985197541925132,101.4374458785442
15:37:00,1.698494,101.437513,0,0,0,0,0,0,0,0,201,180,forward,0,0,0,1.6985197541925132,101.4374458785442
15:37:02,1.698494,101.437513,0,0,0,0,0,0,0,0,201,180,forward,0,0,0,1.6985197541925132,101.4374458785442
15:37:05,1.698494,101.437513,0,0,0,0,0,0,0,0,201,180,forward,0,0,0,1.6985197541925132,101.4374458785442
15:37:07,1.698494,101.437513,0,0,0,0,0,0,0,0,201,180,forward,0,0,0,1.6985197541925132,101.4374458785442
15:37:09,1.698494,101.437513,0,0,0,0,0,0,0,0,201,180,forward,0,0,0,1.6985197541925132,101.4374458785442
15:37:11,1.698494,101.437513,0,0,0,0,0,0,0,0,201,180,forward,0,0,0,1.6985197541925132,101.4374458785442
15:37:13,1.698494,101.437513,0,0,0,0,0,0,0,0,201,180,forward,0,0,0,1.6985197541925132,101.4374458785442
15:37:16,1.698494,101.437513,0,0,0,0,0,0,0,0,201,180,forward,0,0,0,1.6985197541925132,101.4374458785442
15:37:18,1.698494,101.437513,0,0,0,0,0,0,0,0,201,180,forward,0,0,0,1.6985197541925132,101.4374458785442
15:37:20,1.698494,101.437513,0,0,0,0,0,0,0,0,201,180,forward,0,0,0,1.6985197541925132,101.4374458785442
15:37:22,1.698494,101.437513,0,0,0,0,0,0,0,0,201,180,forward,0,0,0,1.6985197541925132,101.4374458785442
15:37:24,1.698494,101.437513,0,0,0,0,0,0,0,0,201,180,forward,0,0,0,1.6985197541925132,101.4374458785442
15:37:27,1.698494,101.437513,0,0,0,0,0,0,0,0,201,180,forward,0,0,0,1.6985197541925132,101.4374458785442
15:37:29,1.698494,101.437513,0,0,0,0,0,0,0,0,201,180,forward,0,0,0,1.6985197541925132,101.4374458785442
15:37:31,1.698494,101.437513,0,0,0,0,0,0,0,0,201,180,forward,0,0,0,1.6985197541925132,101.4374458785442
15:37:33,1.698494,101.437513,0,0,0,0,0,0,0,0,201,180,forward,0,0,0,1.6985197541925132,101.4374458785442
15:37:35,1.698494,101.437513,0,0,0,0,0,0,0,0,201,180,forward,0,0,0,1.6985197541925132,101.4374458785442
15:37:37,1.698494,101.437513,0,0,0,0,0,0,0,0,201,180,forward,0,0,0,1.6985197541925132,101.4374458785442
15:37:40,1.698494,101.437513,0,0,0,0,0,0,0,0,201,180,forward,0,0,0,1.6985197541925132,101.4374458785442
15:37:42,1.698494,101.437513,0,0,0,0,0,0,0,0,201,180,forward,0,0,0,1.6985197541925132,101.4374458785442
15:37:44,1.698494,101.437513,0,0,0,0,0,0,0,0,201,180,forward,0,0,0,1.6985197541925132,101.4374458785442
15:37:46,1.698494,101.437513,0,0,0,0,0,0,0,0,201,180,forward,0,0,0,1.6985197541925132,101.4374458785442
15:37:48,1.698494,101.437513,0,0,0,0,0,0,0,0,201,180,forward,0,0,0,1.6985197541925132,101.4374458785442
15:37:50,1.698494,101.437513,0,0,0,0,0,0,0,0,201,180,forward,0,0,0,1.6985197541925132,101.4374458785442
15:37:53,1.698494,101.437513,0,0,0,0,0,0,0,0,201,180,forward,0,0,0,1.6985197541925132,101.4374458785442
15:37:55,1.698494,101.437513,0,0,0,0,0,0,0,0,201,180,forward,0,0,0,1.6985197541925132,101.4374458785442
