date,val latitude,val longitude,propeller speed1,propeller speed2,propeller speed3,propeller speed4,str1 target,str2 target,str3 target,str4 target,heading,heading target,mode,position_error,dir_error,payout,lat chute,long chute
10:52:35,1.153461,103.894775,0,0,0,0,0,0,0,0,0,180,forward,0,0,0,1.1533711684715882,103.89484687978813
10:52:37,1.153461,103.894775,0,0,0,0,0,0,0,0,0,180,forward,0,0,0,1.1533711684715882,103.89484687978813
10:52:39,1.153461,103.894775,0,0,0,0,0,0,0,0,0,180,forward,0,0,0,1.1533711684715882,103.89484687978813
10:52:41,1.153461,103.894775,0,0,0,0,0,0,0,0,0,180,forward,0,0,0,1.1533711684715882,103.89484687978813
10:52:43,1.153461,103.894775,0,0,0,0,0,0,0,0,0,180,forward,0,0,0,1.1533711684715882,103.89484687978813
10:52:46,1.153461,103.894775,0,0,0,0,0,0,0,0,0,180,forward,0,0,0,1.1533711684715882,103.89484687978813
10:52:48,1.153461,103.894775,0,0,0,0,0,0,0,0,0,180,forward,0,0,0,1.1533711684715882,103.89484687978813
date,val latitude,val longitude,propeller speed1,propeller speed2,propeller speed3,propeller speed4,str1 target,str2 target,str3 target,str4 target,heading,heading target,mode,position_error,dir_error,payout,lat chute,long chute
10:53:35,1.153461,103.894775,0,0,0,0,0,0,0,0,0,180,forward,0,0,0,1.1533711684715882,103.89484687978813
10:53:37,1.153461,103.894775,0,0,0,0,0,0,0,0,0,180,forward,0,0,0,1.1533711684715882,103.89484687978813
10:53:39,1.153461,103.894775,0,0,0,0,0,0,0,0,0,180,forward,0,0,0,1.1533711684715882,103.89484687978813
10:53:41,1.153461,103.894775,0,0,0,0,0,0,0,0,0,180,forward,0,0,0,1.1533711684715882,103.89484687978813
date,val latitude,val longitude,propeller speed1,propeller speed2,propeller speed3,propeller speed4,str1 target,str2 target,str3 target,str4 target,heading,heading target,mode,position_error,dir_error,payout,lat chute,long chute
10:55:1,1.153461,103.894775,0,0,0,0,0,0,0,0,0,180,forward,0,0,0,1.1533711684715882,103.89484687978813
10:55:4,1.153461,103.894775,0,0,0,0,0,0,0,0,0,180,forward,0,0,0,1.1533711684715882,103.89484687978813
date,val latitude,val longitude,propeller speed1,propeller speed2,propeller speed3,propeller speed4,str1 target,str2 target,str3 target,str4 target,heading,heading target,mode,position_error,dir_error,payout,lat chute,long chute
11:0:44,1.153461,103.894775,0,0,0,0,0,0,0,0,0,180,forward,0,0,0,1.1533711684715882,103.89484687978813
11:0:46,1.153461,103.894775,0,0,0,0,0,0,0,0,0,180,forward,0,0,0,1.1533711684715882,103.89484687978813
11:0:48,1.153461,103.894775,0,0,0,0,0,0,0,0,0,180,forward,0,0,0,1.1533711684715882,103.89484687978813
11:0:50,1.153461,103.894775,0,0,0,0,0,0,0,0,0,180,forward,0,0,0,1.1533711684715882,103.89484687978813
11:0:52,1.153461,103.894775,0,0,0,0,0,0,0,0,0,180,forward,0,0,0,1.1533711684715882,103.89484687978813
11:0:54,1.153461,103.894775,0,0,0,0,0,0,0,0,0,180,forward,0,0,0,1.1533711684715882,103.89484687978813
11:0:56,1.153461,103.894775,0,0,0,0,0,0,0,0,0,180,forward,0,0,0,1.1533711684715882,103.89484687978813
11:0:58,1.153461,103.894775,0,0,0,0,0,0,0,0,0,180,forward,0,0,0,1.1533711684715882,103.89484687978813
11:1:0,1.153461,103.894775,0,0,0,0,0,0,0,0,0,180,forward,0,0,0,1.1533711684715882,103.89484687978813
11:1:2,1.153461,103.894775,0,0,0,0,0,0,0,0,0,180,forward,0,0,0,1.1533711684715882,103.89484687978813
11:1:4,1.153461,103.894775,0,0,0,0,0,0,0,0,0,180,forward,0,0,0,1.1533711684715882,103.89484687978813
11:1:6,1.153461,103.894775,0,0,0,0,0,0,0,0,0,180,forward,0,0,0,1.1533711684715882,103.89484687978813
11:1:8,1.153461,103.894775,0,0,0,0,0,0,0,0,0,180,forward,0,0,0,1.1533711684715882,103.89484687978813
date,val latitude,val longitude,propeller speed1,propeller speed2,propeller speed3,propeller speed4,str1 target,str2 target,str3 target,str4 target,heading,heading target,mode,position_error,dir_error,payout,lat chute,long chute
11:1:23,1.153461,103.894775,0,0,0,0,0,0,0,0,0,180,forward,0,0,0,1.1533711684715882,103.89484687978813
11:1:25,1.153461,103.894775,0,0,0,0,0,0,0,0,0,180,forward,0,0,0,1.1533711684715882,103.89484687978813
11:1:27,1.153461,103.894775,0,0,0,0,0,0,0,0,0,180,forward,0,0,0,1.1533711684715882,103.89484687978813
11:1:29,1.153461,103.894775,0,0,0,0,0,0,0,0,0,180,forward,0,0,0,1.1533711684715882,103.89484687978813
11:1:31,1.153461,103.894775,0,0,0,0,0,0,0,0,0,180,forward,0,0,0,1.1533711684715882,103.89484687978813
11:1:33,1.153461,103.894775,0,0,0,0,0,0,0,0,0,180,forward,0,0,0,1.1533711684715882,103.89484687978813
11:1:35,1.153461,103.894775,0,0,0,0,0,0,0,0,0,180,forward,0,0,0,1.1533711684715882,103.89484687978813
11:1:37,1.153461,103.894775,0,0,0,0,0,0,0,0,0,180,forward,0,0,0,1.1533711684715882,103.89484687978813
11:1:40,1.153461,103.894775,0,0,0,0,0,0,0,0,0,180,forward,0,0,0,1.1533711684715882,103.89484687978813
11:1:42,1.153461,103.894775,0,0,0,0,0,0,0,0,0,180,forward,0,0,0,1.1533711684715882,103.89484687978813
11:1:44,1.153461,103.894775,0,0,0,0,0,0,0,0,0,180,forward,0,0,0,1.1533711684715882,103.89484687978813
11:1:46,1.153461,103.894775,0,0,0,0,0,0,0,0,0,180,forward,0,0,0,1.1533711684715882,103.89484687978813
11:1:48,1.153461,103.894775,0,0,0,0,0,0,0,0,0,180,forward,0,0,0,1.1533711684715882,103.89484687978813
11:1:50,1.153461,103.894775,0,0,0,0,0,0,0,0,0,180,forward,0,0,0,1.1533711684715882,103.89484687978813
11:1:52,1.153461,103.894775,0,0,0,0,0,0,0,0,0,180,forward,0,0,0,1.1533711684715882,103.89484687978813
11:1:54,1.153461,103.894775,0,0,0,0,0,0,0,0,0,180,forward,0,0,0,1.1533711684715882,103.89484687978813
11:1:56,1.153461,103.894775,0,0,0,0,0,0,0,0,0,180,forward,0,0,0,1.1533711684715882,103.89484687978813
11:1:58,1.153461,103.894775,0,0,0,0,0,0,0,0,0,180,forward,0,0,0,1.1533711684715882,103.89484687978813
11:2:0,1.153461,103.894775,0,0,0,0,0,0,0,0,0,180,forward,0,0,0,1.1533711684715882,103.89484687978813
11:2:2,1.153461,103.894775,0,0,0,0,0,0,0,0,0,180,forward,0,0,0,1.1533711684715882,103.89484687978813
11:2:4,1.153461,103.894775,0,0,0,0,0,0,0,0,0,180,forward,0,0,0,1.1533711684715882,103.89484687978813
11:2:6,1.153461,103.894775,0,0,0,0,0,0,0,0,0,180,forward,0,0,0,1.1533711684715882,103.89484687978813
11:2:9,1.153461,103.894775,0,0,0,0,0,0,0,0,0,180,forward,0,0,0,1.1533711684715882,103.89484687978813
11:2:11,1.153461,103.894775,0,0,0,0,0,0,0,0,0,180,forward,0,0,0,1.1533711684715882,103.89484687978813
11:2:13,1.153461,103.894775,0,0,0,0,0,0,0,0,0,180,forward,0,0,0,1.1533711684715882,103.89484687978813
11:2:15,1.153461,103.894775,0,0,0,0,0,0,0,0,0,180,forward,0,0,0,1.1533711684715882,103.89484687978813
11:2:17,1.153461,103.894775,0,0,0,0,0,0,0,0,0,180,forward,0,0,0,1.1533711684715882,103.89484687978813
11:2:19,1.153461,103.894775,0,0,0,0,0,0,0,0,0,180,forward,0,0,0,1.1533711684715882,103.89484687978813
11:2:21,1.153461,103.894775,0,0,0,0,0,0,0,0,0,180,forward,0,0,0,1.1533711684715882,103.89484687978813
11:2:23,1.153461,103.894775,0,0,0,0,0,0,0,0,0,180,forward,0,0,0,1.1533711684715882,103.89484687978813
11:2:25,1.153461,103.894775,0,0,0,0,0,0,0,0,0,180,forward,0,0,0,1.1533711684715882,103.89484687978813
11:2:27,1.153461,103.894775,0,0,0,0,0,0,0,0,0,180,forward,0,0,0,1.1533711684715882,103.89484687978813
11:2:29,1.153461,103.894775,0,0,0,0,0,0,0,0,0,180,forward,0,0,0,1.1533711684715882,103.89484687978813
11:2:31,1.153461,103.894775,0,0,0,0,0,0,0,0,0,180,forward,0,0,0,1.1533711684715882,103.89484687978813
11:2:33,1.153461,103.894775,0,0,0,0,0,0,0,0,0,180,forward,0,0,0,1.1533711684715882,103.89484687978813
11:2:35,1.153461,103.894775,0,0,0,0,0,0,0,0,0,180,forward,0,0,0,1.1533711684715882,103.89484687978813
11:2:37,1.153461,103.894775,0,0,0,0,0,0,0,0,0,180,forward,0,0,0,1.1533711684715882,103.89484687978813
11:2:40,1.153461,103.894775,0,0,0,0,0,0,0,0,0,180,forward,0,0,0,1.1533711684715882,103.89484687978813
11:2:42,1.153461,103.894775,0,0,0,0,0,0,0,0,0,180,forward,0,0,0,1.1533711684715882,103.89484687978813
11:2:44,1.153461,103.894775,0,0,0,0,0,0,0,0,0,180,forward,0,0,0,1.1533711684715882,103.89484687978813
11:2:46,1.153461,103.894775,0,0,0,0,0,0,0,0,0,180,forward,0,0,0,1.1533711684715882,103.89484687978813
11:2:48,1.153461,103.894775,0,0,0,0,0,0,0,0,0,180,forward,0,0,0,1.1533711684715882,103.89484687978813
11:2:50,1.153461,103.894775,0,0,0,0,0,0,0,0,0,180,forward,0,0,0,1.1533711684715882,103.89484687978813
11:2:52,1.153461,103.894775,0,0,0,0,0,0,0,0,0,180,forward,0,0,0,1.1533711684715882,103.89484687978813
11:2:54,1.153461,103.894775,0,0,0,0,0,0,0,0,0,180,forward,0,0,0,1.1533711684715882,103.89484687978813
11:2:56,1.153461,103.894775,0,0,0,0,0,0,0,0,0,180,forward,0,0,0,1.1533711684715882,103.89484687978813
11:2:58,1.153461,103.894775,0,0,0,0,0,0,0,0,0,180,forward,0,0,0,1.1533711684715882,103.89484687978813
11:3:0,1.153461,103.894775,0,0,0,0,0,0,0,0,0,180,forward,0,0,0,1.1533711684715882,103.89484687978813
11:3:2,1.153461,103.894775,0,0,0,0,0,0,0,0,0,180,forward,0,0,0,1.1533711684715882,103.89484687978813
11:3:4,1.153461,103.894775,0,0,0,0,0,0,0,0,0,180,forward,0,0,0,1.1533711684715882,103.89484687978813
11:3:6,1.153461,103.894775,0,0,0,0,0,0,0,0,0,180,forward,0,0,0,1.1533711684715882,103.89484687978813
11:3:8,1.153461,103.894775,0,0,0,0,0,0,0,0,0,180,forward,0,0,0,1.1533711684715882,103.89484687978813
11:3:10,1.153461,103.894775,0,0,0,0,0,0,0,0,0,180,forward,0,0,0,1.1533711684715882,103.89484687978813
11:3:12,1.153461,103.894775,0,0,0,0,0,0,0,0,0,180,forward,0,0,0,1.1533711684715882,103.89484687978813
11:3:15,1.153461,103.894775,0,0,0,0,0,0,0,0,0,180,forward,0,0,0,1.1533711684715882,103.89484687978813
11:3:17,1.153461,103.894775,0,0,0,0,0,0,0,0,0,180,forward,0,0,0,1.1533711684715882,103.89484687978813
11:3:19,1.153461,103.894775,0,0,0,0,0,0,0,0,0,180,forward,0,0,0,1.1533711684715882,103.89484687978813
date,val latitude,val longitude,propeller speed1,propeller speed2,propeller speed3,propeller speed4,str1 target,str2 target,str3 target,str4 target,heading,heading target,mode,position_error,dir_error,payout,lat chute,long chute
11:27:32,1.153461,103.894775,0,0,0,0,0,0,0,0,0,180,forward,0,0,0,1.1533711684715882,103.89484687978813
11:27:34,1.153461,103.894775,0,0,0,0,0,0,0,0,0,180,forward,0,0,0,1.1533711684715882,103.89484687978813
11:27:36,1.153461,103.894775,0,0,0,0,0,0,0,0,0,180,forward,0,0,0,1.1533711684715882,103.89484687978813
11:27:38,1.153461,103.894775,0,0,0,0,0,0,0,0,0,180,forward,0,0,0,1.1533711684715882,103.89484687978813
11:27:40,1.153461,103.894775,0,0,0,0,0,0,0,0,0,180,forward,0,0,0,1.1533711684715882,103.89484687978813
11:27:42,1.153461,103.894775,0,0,0,0,0,0,0,0,0,180,forward,0,0,0,1.1533711684715882,103.89484687978813
11:27:44,1.153461,103.894775,0,0,0,0,0,0,0,0,0,180,forward,0,0,0,1.1533711684715882,103.89484687978813
11:27:46,1.153461,103.894775,0,0,0,0,0,0,0,0,0,180,forward,0,0,0,1.1533711684715882,103.89484687978813
11:27:48,1.153461,103.894775,0,0,0,0,0,0,0,0,0,180,forward,0,0,0,1.1533711684715882,103.89484687978813
11:27:50,1.153461,103.894775,0,0,0,0,0,0,0,0,0,180,forward,0,0,0,1.1533711684715882,103.89484687978813
11:27:53,1.153461,103.894775,0,0,0,0,0,0,0,0,0,180,forward,0,0,0,1.1533711684715882,103.89484687978813
11:27:55,1.153461,103.894775,0,0,0,0,0,0,0,0,0,180,forward,0,0,0,1.1533711684715882,103.89484687978813
11:27:57,1.153461,103.894775,0,0,0,0,0,0,0,0,0,180,forward,0,0,0,1.1533711684715882,103.89484687978813
11:27:59,1.153461,103.894775,0,0,0,0,0,0,0,0,0,180,forward,0,0,0,1.1533711684715882,103.89484687978813
11:28:1,1.153461,103.894775,0,0,0,0,0,0,0,0,0,180,forward,0,0,0,1.1533711684715882,103.89484687978813
11:28:3,1.153461,103.894775,0,0,0,0,0,0,0,0,0,180,forward,0,0,0,1.1533711684715882,103.89484687978813
11:28:5,1.153461,103.894775,0,0,0,0,0,0,0,0,0,180,forward,0,0,0,1.1533711684715882,103.89484687978813
11:28:7,1.153461,103.894775,0,0,0,0,0,0,0,0,0,180,forward,0,0,0,1.1533711684715882,103.89484687978813
11:28:9,1.153461,103.894775,0,0,0,0,0,0,0,0,0,180,forward,0,0,0,1.1533711684715882,103.89484687978813
11:28:11,1.153461,103.894775,0,0,0,0,0,0,0,0,0,180,forward,0,0,0,1.1533711684715882,103.89484687978813
11:28:13,1.153461,103.894775,0,0,0,0,0,0,0,0,0,180,forward,0,0,0,1.1533711684715882,103.89484687978813
11:28:15,1.153461,103.894775,0,0,0,0,0,0,0,0,0,180,forward,0,0,0,1.1533711684715882,103.89484687978813
11:28:17,1.153461,103.894775,0,0,0,0,0,0,0,0,0,180,forward,0,0,0,1.1533711684715882,103.89484687978813
11:28:19,1.153461,103.894775,0,0,0,0,0,0,0,0,0,180,forward,0,0,0,1.1533711684715882,103.89484687978813
11:28:22,1.153461,103.894775,0,0,0,0,0,0,0,0,0,180,forward,0,0,0,1.1533711684715882,103.89484687978813
11:28:24,1.153461,103.894775,0,0,0,0,0,0,0,0,0,180,forward,0,0,0,1.1533711684715882,103.89484687978813
11:28:26,1.153461,103.894775,0,0,0,0,0,0,0,0,0,180,forward,0,0,0,1.1533711684715882,103.89484687978813
11:28:28,1.153461,103.894775,0,0,0,0,0,0,0,0,0,180,forward,0,0,0,1.1533711684715882,103.89484687978813
11:28:30,1.153461,103.894775,0,0,0,0,0,0,0,0,0,180,forward,0,0,0,1.1533711684715882,103.89484687978813
11:28:32,1.153461,103.894775,0,0,0,0,0,0,0,0,0,180,forward,0,0,0,1.1533711684715882,103.89484687978813
11:28:34,1.153461,103.894775,0,0,0,0,0,0,0,0,0,180,forward,0,0,0,1.1533711684715882,103.89484687978813
11:28:36,1.153461,103.894775,0,0,0,0,0,0,0,0,0,180,forward,0,0,0,1.1533711684715882,103.89484687978813
11:28:38,1.153461,103.894775,0,0,0,0,0,0,0,0,0,180,forward,0,0,0,1.1533711684715882,103.89484687978813
11:28:40,1.153461,103.894775,0,0,0,0,0,0,0,0,0,180,forward,0,0,0,1.1533711684715882,103.89484687978813
11:28:42,1.153461,103.894775,0,0,0,0,0,0,0,0,0,180,forward,0,0,0,1.1533711684715882,103.89484687978813
11:28:44,1.153461,103.894775,0,0,0,0,0,0,0,0,0,180,forward,0,0,0,1.1533711684715882,103.89484687978813
11:28:46,1.153461,103.894775,0,0,0,0,0,0,0,0,0,180,forward,0,0,0,1.1533711684715882,103.89484687978813
11:28:48,1.153461,103.894775,0,0,0,0,0,0,0,0,0,180,forward,0,0,0,1.1533711684715882,103.89484687978813
11:28:51,1.153461,103.894775,0,0,0,0,0,0,0,0,0,180,forward,0,0,0,1.1533711684715882,103.89484687978813
11:28:53,1.153461,103.894775,0,0,0,0,0,0,0,0,0,180,forward,0,0,0,1.1533711684715882,103.89484687978813
11:28:55,1.153461,103.894775,0,0,0,0,0,0,0,0,0,180,forward,0,0,0,1.1533711684715882,103.89484687978813
11:28:57,1.153461,103.894775,0,0,0,0,0,0,0,0,0,180,forward,0,0,0,1.1533711684715882,103.89484687978813
11:28:59,1.153461,103.894775,0,0,0,0,0,0,0,0,0,180,forward,0,0,0,1.1533711684715882,103.89484687978813
11:29:1,1.153461,103.894775,0,0,0,0,0,0,0,0,0,180,forward,0,0,0,1.1533711684715882,103.89484687978813
11:29:3,1.153461,103.894775,0,0,0,0,0,0,0,0,0,180,forward,0,0,0,1.1533711684715882,103.89484687978813
11:29:5,1.153461,103.894775,0,0,0,0,0,0,0,0,0,180,forward,0,0,0,1.1533711684715882,103.89484687978813
11:29:7,1.153461,103.894775,0,0,0,0,0,0,0,0,0,180,forward,0,0,0,1.1533711684715882,103.89484687978813
11:29:9,1.153461,103.894775,0,0,0,0,0,0,0,0,0,180,forward,0,0,0,1.1533711684715882,103.89484687978813
11:29:11,1.153461,103.894775,0,0,0,0,0,0,0,0,0,180,forward,0,0,0,1.1533711684715882,103.89484687978813
11:29:13,1.153461,103.894775,0,0,0,0,0,0,0,0,0,180,forward,0,0,0,1.1533711684715882,103.89484687978813
11:29:15,1.153461,103.894775,0,0,0,0,0,0,0,0,0,180,forward,0,0,0,1.1533711684715882,103.89484687978813
11:29:17,1.153461,103.894775,0,0,0,0,0,0,0,0,0,180,forward,0,0,0,1.1533711684715882,103.89484687978813
11:29:19,1.153461,103.894775,0,0,0,0,0,0,0,0,0,180,forward,0,0,0,1.1533711684715882,103.89484687978813
11:29:22,1.153461,103.894775,0,0,0,0,0,0,0,0,0,180,forward,0,0,0,1.1533711684715882,103.89484687978813
11:29:24,1.153461,103.894775,0,0,0,0,0,0,0,0,0,180,forward,0,0,0,1.1533711684715882,103.89484687978813
11:29:26,1.153461,103.894775,0,0,0,0,0,0,0,0,0,180,forward,0,0,0,1.1533711684715882,103.89484687978813
11:29:28,1.153461,103.894775,0,0,0,0,0,0,0,0,0,180,forward,0,0,0,1.1533711684715882,103.89484687978813
11:29:30,1.153461,103.894775,0,0,0,0,0,0,0,0,0,180,forward,0,0,0,1.1533711684715882,103.89484687978813
11:29:32,1.153461,103.894775,0,0,0,0,0,0,0,0,0,180,forward,0,0,0,1.1533711684715882,103.89484687978813
11:29:34,1.153461,103.894775,0,0,0,0,0,0,0,0,0,180,forward,0,0,0,1.1533711684715882,103.89484687978813
11:29:36,1.153461,103.894775,0,0,0,0,0,0,0,0,0,180,forward,0,0,0,1.1533711684715882,103.89484687978813
11:29:38,1.153461,103.894775,0,0,0,0,0,0,0,0,0,180,forward,0,0,0,1.1533711684715882,103.89484687978813
11:29:40,1.153461,103.894775,0,0,0,0,0,0,0,0,0,180,forward,0,0,0,1.1533711684715882,103.89484687978813
11:29:42,1.153461,103.894775,0,0,0,0,0,0,0,0,0,180,forward,0,0,0,1.1533711684715882,103.89484687978813
11:29:44,1.153461,103.894775,0,0,0,0,0,0,0,0,0,180,forward,0,0,0,1.1533711684715882,103.89484687978813
11:29:46,1.153461,103.894775,0,0,0,0,0,0,0,0,0,180,forward,0,0,0,1.1533711684715882,103.89484687978813
11:29:48,1.153461,103.894775,0,0,0,0,0,0,0,0,0,180,forward,0,0,0,1.1533711684715882,103.89484687978813
11:29:50,1.153461,103.894775,0,0,0,0,0,0,0,0,0,180,forward,0,0,0,1.1533711684715882,103.89484687978813
11:29:53,1.153461,103.894775,0,0,0,0,0,0,0,0,0,180,forward,0,0,0,1.1533711684715882,103.89484687978813
11:29:55,1.153461,103.894775,0,0,0,0,0,0,0,0,0,180,forward,0,0,0,1.1533711684715882,103.89484687978813
11:29:57,1.153461,103.894775,0,0,0,0,0,0,0,0,0,180,forward,0,0,0,1.1533711684715882,103.89484687978813
11:29:59,1.153461,103.894775,0,0,0,0,0,0,0,0,0,180,forward,0,0,0,1.1533711684715882,103.89484687978813
11:30:1,1.153461,103.894775,0,0,0,0,0,0,0,0,0,180,forward,0,0,0,1.1533711684715882,103.89484687978813
11:30:3,1.153461,103.894775,0,0,0,0,0,0,0,0,0,180,forward,0,0,0,1.1533711684715882,103.89484687978813
11:30:5,1.153461,103.894775,0,0,0,0,0,0,0,0,0,180,forward,0,0,0,1.1533711684715882,103.89484687978813
11:30:7,1.153461,103.894775,0,0,0,0,0,0,0,0,0,180,forward,0,0,0,1.1533711684715882,103.89484687978813
11:30:9,1.153461,103.894775,0,0,0,0,0,0,0,0,0,180,forward,0,0,0,1.1533711684715882,103.89484687978813
11:30:11,1.153461,103.894775,0,0,0,0,0,0,0,0,0,180,forward,0,0,0,1.1533711684715882,103.89484687978813
11:30:13,1.153461,103.894775,0,0,0,0,0,0,0,0,0,180,forward,0,0,0,1.1533711684715882,103.89484687978813
11:30:15,1.153461,103.894775,0,0,0,0,0,0,0,0,0,180,forward,0,0,0,1.1533711684715882,103.89484687978813
11:30:17,1.153461,103.894775,0,0,0,0,0,0,0,0,0,180,forward,0,0,0,1.1533711684715882,103.89484687978813
11:30:19,1.153461,103.894775,0,0,0,0,0,0,0,0,0,180,forward,0,0,0,1.1533711684715882,103.89484687978813
11:30:22,1.153461,103.894775,0,0,0,0,0,0,0,0,0,180,forward,0,0,0,1.1533711684715882,103.89484687978813
11:30:24,1.153461,103.894775,0,0,0,0,0,0,0,0,0,180,forward,0,0,0,1.1533711684715882,103.89484687978813
11:30:26,1.153461,103.894775,0,0,0,0,0,0,0,0,0,180,forward,0,0,0,1.1533711684715882,103.89484687978813
11:30:28,1.153461,103.894775,0,0,0,0,0,0,0,0,0,180,forward,0,0,0,1.1533711684715882,103.89484687978813
11:30:30,1.153461,103.894775,0,0,0,0,0,0,0,0,0,180,forward,0,0,0,1.1533711684715882,103.89484687978813
11:30:32,1.153461,103.894775,0,0,0,0,0,0,0,0,0,180,forward,0,0,0,1.1533711684715882,103.89484687978813
11:30:34,1.153461,103.894775,0,0,0,0,0,0,0,0,0,180,forward,0,0,0,1.1533711684715882,103.89484687978813
11:30:36,1.153461,103.894775,0,0,0,0,0,0,0,0,0,180,forward,0,0,0,1.1533711684715882,103.89484687978813
11:30:38,1.153461,103.894775,0,0,0,0,0,0,0,0,0,180,forward,0,0,0,1.1533711684715882,103.89484687978813
11:30:40,1.153461,103.894775,0,0,0,0,0,0,0,0,0,180,forward,0,0,0,1.1533711684715882,103.89484687978813
11:30:42,1.153461,103.894775,0,0,0,0,0,0,0,0,0,180,forward,0,0,0,1.1533711684715882,103.89484687978813
11:30:44,1.153461,103.894775,0,0,0,0,0,0,0,0,0,180,forward,0,0,0,1.1533711684715882,103.89484687978813
11:30:46,1.153461,103.894775,0,0,0,0,0,0,0,0,0,180,forward,0,0,0,1.1533711684715882,103.89484687978813
11:30:48,1.153461,103.894775,0,0,0,0,0,0,0,0,0,180,forward,0,0,0,1.1533711684715882,103.89484687978813
11:30:51,1.153461,103.894775,0,0,0,0,0,0,0,0,0,180,forward,0,0,0,1.1533711684715882,103.89484687978813
11:30:53,1.153461,103.894775,0,0,0,0,0,0,0,0,0,180,forward,0,0,0,1.1533711684715882,103.89484687978813
11:30:55,1.153461,103.894775,0,0,0,0,0,0,0,0,0,180,forward,0,0,0,1.1533711684715882,103.89484687978813
11:30:57,1.153461,103.894775,0,0,0,0,0,0,0,0,0,180,forward,0,0,0,1.1533711684715882,103.89484687978813
11:30:59,1.153461,103.894775,0,0,0,0,0,0,0,0,0,180,forward,0,0,0,1.1533711684715882,103.89484687978813
11:31:1,1.153461,103.894775,0,0,0,0,0,0,0,0,0,180,forward,0,0,0,1.1533711684715882,103.89484687978813
11:31:3,1.153461,103.894775,0,0,0,0,0,0,0,0,0,180,forward,0,0,0,1.1533711684715882,103.89484687978813
11:31:5,1.153461,103.894775,0,0,0,0,0,0,0,0,0,180,forward,0,0,0,1.1533711684715882,103.89484687978813
11:31:7,1.153461,103.894775,0,0,0,0,0,0,0,0,0,180,forward,0,0,0,1.1533711684715882,103.89484687978813
11:31:9,1.153461,103.894775,0,0,0,0,0,0,0,0,0,180,forward,0,0,0,1.1533711684715882,103.89484687978813
11:31:11,1.153461,103.894775,0,0,0,0,0,0,0,0,0,180,forward,0,0,0,1.1533711684715882,103.89484687978813
11:31:13,1.153461,103.894775,0,0,0,0,0,0,0,0,0,180,forward,0,0,0,1.1533711684715882,103.89484687978813
11:31:15,1.153461,103.894775,0,0,0,0,0,0,0,0,0,180,forward,0,0,0,1.1533711684715882,103.89484687978813
11:31:17,1.153461,103.894775,0,0,0,0,0,0,0,0,0,180,forward,0,0,0,1.1533711684715882,103.89484687978813
11:31:19,1.153461,103.894775,0,0,0,0,0,0,0,0,0,180,forward,0,0,0,1.1533711684715882,103.89484687978813
11:31:22,1.153461,103.894775,0,0,0,0,0,0,0,0,0,180,forward,0,0,0,1.1533711684715882,103.89484687978813
11:31:24,1.153461,103.894775,0,0,0,0,0,0,0,0,0,180,forward,0,0,0,1.1533711684715882,103.89484687978813
11:31:26,1.153461,103.894775,0,0,0,0,0,0,0,0,0,180,forward,0,0,0,1.1533711684715882,103.89484687978813
11:31:28,1.153461,103.894775,0,0,0,0,0,0,0,0,0,180,forward,0,0,0,1.1533711684715882,103.89484687978813
11:31:30,1.153461,103.894775,0,0,0,0,0,0,0,0,0,180,forward,0,0,0,1.1533711684715882,103.89484687978813
11:31:32,1.153461,103.894775,0,0,0,0,0,0,0,0,0,180,forward,0,0,0,1.1533711684715882,103.89484687978813
11:31:34,1.153461,103.894775,0,0,0,0,0,0,0,0,0,180,forward,0,0,0,1.1533711684715882,103.89484687978813
11:31:36,1.153461,103.894775,0,0,0,0,0,0,0,0,0,180,forward,0,0,0,1.1533711684715882,103.89484687978813
11:31:38,1.153461,103.894775,0,0,0,0,0,0,0,0,0,180,forward,0,0,0,1.1533711684715882,103.89484687978813
11:31:40,1.153461,103.894775,0,0,0,0,0,0,0,0,0,180,forward,0,0,0,1.1533711684715882,103.89484687978813
11:31:42,1.153461,103.894775,0,0,0,0,0,0,0,0,0,180,forward,0,0,0,1.1533711684715882,103.89484687978813
11:31:44,1.153461,103.894775,0,0,0,0,0,0,0,0,0,180,forward,0,0,0,1.1533711684715882,103.89484687978813
11:31:46,1.153461,103.894775,0,0,0,0,0,0,0,0,0,180,forward,0,0,0,1.1533711684715882,103.89484687978813
11:31:48,1.153461,103.894775,0,0,0,0,0,0,0,0,0,180,forward,0,0,0,1.1533711684715882,103.89484687978813
11:31:51,1.153461,103.894775,0,0,0,0,0,0,0,0,0,180,forward,0,0,0,1.1533711684715882,103.89484687978813
11:31:53,1.153461,103.894775,0,0,0,0,0,0,0,0,0,180,forward,0,0,0,1.1533711684715882,103.89484687978813
11:31:55,1.153461,103.894775,0,0,0,0,0,0,0,0,0,180,forward,0,0,0,1.1533711684715882,103.89484687978813
11:31:57,1.153461,103.894775,0,0,0,0,0,0,0,0,0,180,forward,0,0,0,1.1533711684715882,103.89484687978813
11:31:59,1.153461,103.894775,0,0,0,0,0,0,0,0,0,180,forward,0,0,0,1.1533711684715882,103.89484687978813
11:32:1,1.153461,103.894775,0,0,0,0,0,0,0,0,0,180,forward,0,0,0,1.1533711684715882,103.89484687978813
11:32:3,1.153461,103.894775,0,0,0,0,0,0,0,0,0,180,forward,0,0,0,1.1533711684715882,103.89484687978813
11:32:5,1.153461,103.894775,0,0,0,0,0,0,0,0,0,180,forward,0,0,0,1.1533711684715882,103.89484687978813
11:32:7,1.153461,103.894775,0,0,0,0,0,0,0,0,0,180,forward,0,0,0,1.1533711684715882,103.89484687978813
11:32:9,1.153461,103.894775,0,0,0,0,0,0,0,0,0,180,forward,0,0,0,1.1533711684715882,103.89484687978813
11:32:11,1.153461,103.894775,0,0,0,0,0,0,0,0,0,180,forward,0,0,0,1.1533711684715882,103.89484687978813
date,val latitude,val longitude,propeller speed1,propeller speed2,propeller speed3,propeller speed4,str1 target,str2 target,str3 target,str4 target,heading,heading target,mode,position_error,dir_error,payout,lat chute,long chute
11:32:26,1.153461,103.894775,0,0,0,0,0,0,0,0,0,180,forward,0,0,0,1.1533711684715882,103.89484687978813
11:32:29,1.153461,103.894775,0,0,0,0,0,0,0,0,0,180,forward,0,0,0,1.1533711684715882,103.89484687978813
11:32:31,1.153461,103.894775,0,0,0,0,0,0,0,0,0,180,forward,0,0,0,1.1533711684715882,103.89484687978813
11:32:33,1.153461,103.894775,0,0,0,0,0,0,0,0,0,180,forward,0,0,0,1.1533711684715882,103.89484687978813
11:32:35,1.153461,103.894775,0,0,0,0,0,0,0,0,0,180,forward,0,0,0,1.1533711684715882,103.89484687978813
11:32:37,1.153461,103.894775,0,0,0,0,0,0,0,0,0,180,forward,0,0,0,1.1533711684715882,103.89484687978813
11:32:39,1.153461,103.894775,0,0,0,0,0,0,0,0,0,180,forward,0,0,0,1.1533711684715882,103.89484687978813
11:32:41,1.153461,103.894775,0,0,0,0,0,0,0,0,0,180,forward,0,0,0,1.1533711684715882,103.89484687978813
11:32:43,1.153461,103.894775,0,0,0,0,0,0,0,0,0,180,forward,0,0,0,1.1533711684715882,103.89484687978813
11:32:45,1.153461,103.894775,0,0,0,0,0,0,0,0,0,180,forward,0,0,0,1.1533711684715882,103.89484687978813
11:32:48,1.153461,103.894775,0,0,0,0,0,0,0,0,0,180,forward,0,0,0,1.1533711684715882,103.89484687978813
11:32:50,1.153461,103.894775,0,0,0,0,0,0,0,0,0,180,forward,0,0,0,1.1533711684715882,103.89484687978813
11:32:52,1.153461,103.894775,0,0,0,0,0,0,0,0,0,180,forward,0,0,0,1.1533711684715882,103.89484687978813
11:32:54,1.153461,103.894775,0,0,0,0,0,0,0,0,0,180,forward,0,0,0,1.1533711684715882,103.89484687978813
11:32:56,1.153461,103.894775,0,0,0,0,0,0,0,0,0,180,forward,0,0,0,1.1533711684715882,103.89484687978813
11:32:58,1.153461,103.894775,0,0,0,0,0,0,0,0,0,180,forward,0,0,0,1.1533711684715882,103.89484687978813
11:33:0,1.153461,103.894775,0,0,0,0,0,0,0,0,0,180,forward,0,0,0,1.1533711684715882,103.89484687978813
11:33:2,1.153461,103.894775,0,0,0,0,0,0,0,0,0,180,forward,0,0,0,1.1533711684715882,103.89484687978813
11:33:4,1.153461,103.894775,0,0,0,0,0,0,0,0,0,180,forward,0,0,0,1.1533711684715882,103.89484687978813
11:33:6,1.153461,103.894775,0,0,0,0,0,0,0,0,0,180,forward,0,0,0,1.1533711684715882,103.89484687978813
11:33:8,1.153461,103.894775,0,0,0,0,0,0,0,0,0,180,forward,0,0,0,1.1533711684715882,103.89484687978813
11:33:10,1.153461,103.894775,0,0,0,0,0,0,0,0,0,180,forward,0,0,0,1.1533711684715882,103.89484687978813
11:33:13,1.153461,103.894775,0,0,0,0,0,0,0,0,0,180,forward,0,0,0,1.1533711684715882,103.89484687978813
11:33:15,1.153461,103.894775,0,0,0,0,0,0,0,0,0,180,forward,0,0,0,1.1533711684715882,103.89484687978813
11:33:17,1.153461,103.894775,0,0,0,0,0,0,0,0,0,180,forward,0,0,0,1.1533711684715882,103.89484687978813
11:33:19,1.153461,103.894775,0,0,0,0,0,0,0,0,0,180,forward,0,0,0,1.1533711684715882,103.89484687978813
11:33:21,1.153461,103.894775,0,0,0,0,0,0,0,0,0,180,forward,0,0,0,1.1533711684715882,103.89484687978813
11:33:23,1.153461,103.894775,0,0,0,0,0,0,0,0,0,180,forward,0,0,0,1.1533711684715882,103.89484687978813
11:33:25,1.153461,103.894775,0,0,0,0,0,0,0,0,0,180,forward,0,0,0,1.1533711684715882,103.89484687978813
11:33:27,1.153461,103.894775,0,0,0,0,0,0,0,0,0,180,forward,0,0,0,1.1533711684715882,103.89484687978813
11:33:29,1.153461,103.894775,0,0,0,0,0,0,0,0,0,180,forward,0,0,0,1.1533711684715882,103.89484687978813
11:33:31,1.153461,103.894775,0,0,0,0,0,0,0,0,0,180,forward,0,0,0,1.1533711684715882,103.89484687978813
11:33:33,1.153461,103.894775,0,0,0,0,0,0,0,0,0,180,forward,0,0,0,1.1533711684715882,103.89484687978813
11:33:35,1.153461,103.894775,0,0,0,0,0,0,0,0,0,180,forward,0,0,0,1.1533711684715882,103.89484687978813
11:33:37,1.153461,103.894775,0,0,0,0,0,0,0,0,0,180,forward,0,0,0,1.1533711684715882,103.89484687978813
11:33:39,1.153461,103.894775,0,0,0,0,0,0,0,0,0,180,forward,0,0,0,1.1533711684715882,103.89484687978813
11:33:41,1.153461,103.894775,0,0,0,0,0,0,0,0,0,180,forward,0,0,0,1.1533711684715882,103.89484687978813
11:33:44,1.153461,103.894775,0,0,0,0,0,0,0,0,0,180,forward,0,0,0,1.1533711684715882,103.89484687978813
11:33:46,1.153461,103.894775,0,0,0,0,0,0,0,0,0,180,forward,0,0,0,1.1533711684715882,103.89484687978813
11:33:48,1.153461,103.894775,0,0,0,0,0,0,0,0,0,180,forward,0,0,0,1.1533711684715882,103.89484687978813
11:33:50,1.153461,103.894775,0,0,0,0,0,0,0,0,0,180,forward,0,0,0,1.1533711684715882,103.89484687978813
11:33:52,1.153461,103.894775,0,0,0,0,0,0,0,0,0,180,forward,0,0,0,1.1533711684715882,103.89484687978813
11:33:54,1.153461,103.894775,0,0,0,0,0,0,0,0,0,180,forward,0,0,0,1.1533711684715882,103.89484687978813
11:33:56,1.153461,103.894775,0,0,0,0,0,0,0,0,0,180,forward,0,0,0,1.1533711684715882,103.89484687978813
11:33:58,1.153461,103.894775,0,0,0,0,0,0,0,0,0,180,forward,0,0,0,1.1533711684715882,103.89484687978813
11:34:0,1.153461,103.894775,0,0,0,0,0,0,0,0,0,180,forward,0,0,0,1.1533711684715882,103.89484687978813
11:34:2,1.153461,103.894775,0,0,0,0,0,0,0,0,0,180,forward,0,0,0,1.1533711684715882,103.89484687978813
11:34:4,1.153461,103.894775,0,0,0,0,0,0,0,0,0,180,forward,0,0,0,1.1533711684715882,103.89484687978813
11:34:7,1.153461,103.894775,0,0,0,0,0,0,0,0,0,180,forward,0,0,0,1.1533711684715882,103.89484687978813
11:34:9,1.153461,103.894775,0,0,0,0,0,0,0,0,0,180,forward,0,0,0,1.1533711684715882,103.89484687978813
11:34:11,1.153461,103.894775,0,0,0,0,0,0,0,0,0,180,forward,0,0,0,1.1533711684715882,103.89484687978813
11:34:13,1.153461,103.894775,0,0,0,0,0,0,0,0,0,180,forward,0,0,0,1.1533711684715882,103.89484687978813
11:34:15,1.153461,103.894775,0,0,0,0,0,0,0,0,0,180,forward,0,0,0,1.1533711684715882,103.89484687978813
11:34:17,1.153461,103.894775,0,0,0,0,0,0,0,0,0,180,forward,0,0,0,1.1533711684715882,103.89484687978813
11:34:19,1.153461,103.894775,0,0,0,0,0,0,0,0,0,180,forward,0,0,0,1.1533711684715882,103.89484687978813
11:34:21,1.153461,103.894775,0,0,0,0,0,0,0,0,0,180,forward,0,0,0,1.1533711684715882,103.89484687978813
11:34:23,1.153461,103.894775,0,0,0,0,0,0,0,0,0,180,forward,0,0,0,1.1533711684715882,103.89484687978813
11:34:25,1.153461,103.894775,0,0,0,0,0,0,0,0,0,180,forward,0,0,0,1.1533711684715882,103.89484687978813
11:34:27,1.153461,103.894775,0,0,0,0,0,0,0,0,0,180,forward,0,0,0,1.1533711684715882,103.89484687978813
11:34:29,1.153461,103.894775,0,0,0,0,0,0,0,0,0,180,forward,0,0,0,1.1533711684715882,103.89484687978813
11:34:31,1.153461,103.894775,0,0,0,0,0,0,0,0,0,180,forward,0,0,0,1.1533711684715882,103.89484687978813
11:34:33,1.153461,103.894775,0,0,0,0,0,0,0,0,0,180,forward,0,0,0,1.1533711684715882,103.89484687978813
11:34:35,1.153461,103.894775,0,0,0,0,0,0,0,0,0,180,forward,0,0,0,1.1533711684715882,103.89484687978813
11:34:37,1.153461,103.894775,0,0,0,0,0,0,0,0,0,180,forward,0,0,0,1.1533711684715882,103.89484687978813
11:34:39,1.153461,103.894775,0,0,0,0,0,0,0,0,0,180,forward,0,0,0,1.1533711684715882,103.89484687978813
11:34:42,1.153461,103.894775,0,0,0,0,0,0,0,0,0,180,forward,0,0,0,1.1533711684715882,103.89484687978813
11:34:44,1.153461,103.894775,0,0,0,0,0,0,0,0,0,180,forward,0,0,0,1.1533711684715882,103.89484687978813
11:34:46,1.153461,103.894775,0,0,0,0,0,0,0,0,0,180,forward,0,0,0,1.1533711684715882,103.89484687978813
11:34:48,1.153461,103.894775,0,0,0,0,0,0,0,0,0,180,forward,0,0,0,1.1533711684715882,103.89484687978813
11:34:50,1.153461,103.894775,0,0,0,0,0,0,0,0,0,180,forward,0,0,0,1.1533711684715882,103.89484687978813
11:34:52,1.153461,103.894775,0,0,0,0,0,0,0,0,0,180,forward,0,0,0,1.1533711684715882,103.89484687978813
11:34:54,1.153461,103.894775,0,0,0,0,0,0,0,0,0,180,forward,0,0,0,1.1533711684715882,103.89484687978813
11:34:56,1.153461,103.894775,0,0,0,0,0,0,0,0,0,180,forward,0,0,0,1.1533711684715882,103.89484687978813
11:34:58,1.153461,103.894775,0,0,0,0,0,0,0,0,0,180,forward,0,0,0,1.1533711684715882,103.89484687978813
11:35:0,1.153461,103.894775,0,0,0,0,0,0,0,0,0,180,forward,0,0,0,1.1533711684715882,103.89484687978813
11:35:2,1.153461,103.894775,0,0,0,0,0,0,0,0,0,180,forward,0,0,0,1.1533711684715882,103.89484687978813
11:35:4,1.153461,103.894775,0,0,0,0,0,0,0,0,0,180,forward,0,0,0,1.1533711684715882,103.89484687978813
11:35:6,1.153461,103.894775,0,0,0,0,0,0,0,0,0,180,forward,0,0,0,1.1533711684715882,103.89484687978813
11:35:8,1.153461,103.894775,0,0,0,0,0,0,0,0,0,180,forward,0,0,0,1.1533711684715882,103.89484687978813
11:35:10,1.153461,103.894775,0,0,0,0,0,0,0,0,0,180,forward,0,0,0,1.1533711684715882,103.89484687978813
11:35:12,1.153461,103.894775,0,0,0,0,0,0,0,0,0,180,forward,0,0,0,1.1533711684715882,103.89484687978813
11:35:15,1.153461,103.894775,0,0,0,0,0,0,0,0,0,180,forward,0,0,0,1.1533711684715882,103.89484687978813
11:35:17,1.153461,103.894775,0,0,0,0,0,0,0,0,0,180,forward,0,0,0,1.1533711684715882,103.89484687978813
11:35:19,1.153461,103.894775,0,0,0,0,0,0,0,0,0,180,forward,0,0,0,1.1533711684715882,103.89484687978813
11:35:21,1.153461,103.894775,0,0,0,0,0,0,0,0,0,180,forward,0,0,0,1.1533711684715882,103.89484687978813
11:35:23,1.153461,103.894775,0,0,0,0,0,0,0,0,0,180,forward,0,0,0,1.1533711684715882,103.89484687978813
11:35:25,1.153461,103.894775,0,0,0,0,0,0,0,0,0,180,forward,0,0,0,1.1533711684715882,103.89484687978813
11:35:27,1.153461,103.894775,0,0,0,0,0,0,0,0,0,180,forward,0,0,0,1.1533711684715882,103.89484687978813
11:35:29,1.153461,103.894775,0,0,0,0,0,0,0,0,0,180,forward,0,0,0,1.1533711684715882,103.89484687978813
11:35:31,1.153461,103.894775,0,0,0,0,0,0,0,0,0,180,forward,0,0,0,1.1533711684715882,103.89484687978813
11:35:33,1.153461,103.894775,0,0,0,0,0,0,0,0,0,180,forward,0,0,0,1.1533711684715882,103.89484687978813
11:35:35,1.153461,103.894775,0,0,0,0,0,0,0,0,0,180,forward,0,0,0,1.1533711684715882,103.89484687978813
11:35:37,1.153461,103.894775,0,0,0,0,0,0,0,0,0,180,forward,0,0,0,1.1533711684715882,103.89484687978813
11:35:39,1.153461,103.894775,0,0,0,0,0,0,0,0,0,180,forward,0,0,0,1.1533711684715882,103.89484687978813
11:35:41,1.153461,103.894775,0,0,0,0,0,0,0,0,0,180,forward,0,0,0,1.1533711684715882,103.89484687978813
11:35:43,1.153461,103.894775,0,0,0,0,0,0,0,0,0,180,forward,0,0,0,1.1533711684715882,103.89484687978813
11:35:45,1.153461,103.894775,0,0,0,0,0,0,0,0,0,180,forward,0,0,0,1.1533711684715882,103.89484687978813
11:35:47,1.153461,103.894775,0,0,0,0,0,0,0,0,0,180,forward,0,0,0,1.1533711684715882,103.89484687978813
11:35:50,1.153461,103.894775,0,0,0,0,0,0,0,0,0,180,forward,0,0,0,1.1533711684715882,103.89484687978813
11:35:52,1.153461,103.894775,0,0,0,0,0,0,0,0,0,180,forward,0,0,0,1.1533711684715882,103.89484687978813
11:35:54,1.153461,103.894775,0,0,0,0,0,0,0,0,0,180,forward,0,0,0,1.1533711684715882,103.89484687978813
11:35:56,1.153461,103.894775,0,0,0,0,0,0,0,0,0,180,forward,0,0,0,1.1533711684715882,103.89484687978813
11:35:58,1.153461,103.894775,0,0,0,0,0,0,0,0,0,180,forward,0,0,0,1.1533711684715882,103.89484687978813
11:36:0,1.153461,103.894775,0,0,0,0,0,0,0,0,0,180,forward,0,0,0,1.1533711684715882,103.89484687978813
11:36:2,1.153461,103.894775,0,0,0,0,0,0,0,0,0,180,forward,0,0,0,1.1533711684715882,103.89484687978813
11:36:4,1.153461,103.894775,0,0,0,0,0,0,0,0,0,180,forward,0,0,0,1.1533711684715882,103.89484687978813
11:36:6,1.153461,103.894775,0,0,0,0,0,0,0,0,0,180,forward,0,0,0,1.1533711684715882,103.89484687978813
11:36:8,1.153461,103.894775,0,0,0,0,0,0,0,0,0,180,forward,0,0,0,1.1533711684715882,103.89484687978813
11:36:10,1.153461,103.894775,0,0,0,0,0,0,0,0,0,180,forward,0,0,0,1.1533711684715882,103.89484687978813
11:36:12,1.153461,103.894775,0,0,0,0,0,0,0,0,0,180,forward,0,0,0,1.1533711684715882,103.89484687978813
11:36:14,1.153461,103.894775,0,0,0,0,0,0,0,0,0,180,forward,0,0,0,1.1533711684715882,103.89484687978813
11:36:16,1.153461,103.894775,0,0,0,0,0,0,0,0,0,180,forward,0,0,0,1.1533711684715882,103.89484687978813
11:36:18,1.153461,103.894775,0,0,0,0,0,0,0,0,0,180,forward,0,0,0,1.1533711684715882,103.89484687978813
11:36:20,1.153461,103.894775,0,0,0,0,0,0,0,0,0,180,forward,0,0,0,1.1533711684715882,103.89484687978813
11:36:22,1.153461,103.894775,0,0,0,0,0,0,0,0,0,180,forward,0,0,0,1.1533711684715882,103.89484687978813
11:36:24,1.153461,103.894775,0,0,0,0,0,0,0,0,0,180,forward,0,0,0,1.1533711684715882,103.89484687978813
11:36:27,1.153461,103.894775,0,0,0,0,0,0,0,0,0,180,forward,0,0,0,1.1533711684715882,103.89484687978813
11:36:29,1.153461,103.894775,0,0,0,0,0,0,0,0,0,180,forward,0,0,0,1.1533711684715882,103.89484687978813
11:36:31,1.153461,103.894775,0,0,0,0,0,0,0,0,0,180,forward,0,0,0,1.1533711684715882,103.89484687978813
11:36:33,1.153461,103.894775,0,0,0,0,0,0,0,0,0,180,forward,0,0,0,1.1533711684715882,103.89484687978813
11:36:35,1.153461,103.894775,0,0,0,0,0,0,0,0,0,180,forward,0,0,0,1.1533711684715882,103.89484687978813
11:36:37,1.153461,103.894775,0,0,0,0,0,0,0,0,0,180,forward,0,0,0,1.1533711684715882,103.89484687978813
11:36:39,1.153461,103.894775,0,0,0,0,0,0,0,0,0,180,forward,0,0,0,1.1533711684715882,103.89484687978813
11:36:41,1.153461,103.894775,0,0,0,0,0,0,0,0,0,180,forward,0,0,0,1.1533711684715882,103.89484687978813
11:36:43,1.153461,103.894775,0,0,0,0,0,0,0,0,0,180,forward,0,0,0,1.1533711684715882,103.89484687978813
11:36:45,1.153461,103.894775,0,0,0,0,0,0,0,0,0,180,forward,0,0,0,1.1533711684715882,103.89484687978813
11:36:47,1.153461,103.894775,0,0,0,0,0,0,0,0,0,180,forward,0,0,0,1.1533711684715882,103.89484687978813
11:36:49,1.153461,103.894775,0,0,0,0,0,0,0,0,0,180,forward,0,0,0,1.1533711684715882,103.89484687978813
11:36:51,1.153461,103.894775,0,0,0,0,0,0,0,0,0,180,forward,0,0,0,1.1533711684715882,103.89484687978813
11:36:53,1.153461,103.894775,0,0,0,0,0,0,0,0,0,180,forward,0,0,0,1.1533711684715882,103.89484687978813
11:36:55,1.153461,103.894775,0,0,0,0,0,0,0,0,0,180,forward,0,0,0,1.1533711684715882,103.89484687978813
11:36:57,1.153461,103.894775,0,0,0,0,0,0,0,0,0,180,forward,0,0,0,1.1533711684715882,103.89484687978813
11:37:0,1.153461,103.894775,0,0,0,0,0,0,0,0,0,180,forward,0,0,0,1.1533711684715882,103.89484687978813
11:37:2,1.153461,103.894775,0,0,0,0,0,0,0,0,0,180,forward,0,0,0,1.1533711684715882,103.89484687978813
11:37:4,1.153461,103.894775,0,0,0,0,0,0,0,0,0,180,forward,0,0,0,1.1533711684715882,103.89484687978813
11:37:6,1.153461,103.894775,0,0,0,0,0,0,0,0,0,180,forward,0,0,0,1.1533711684715882,103.89484687978813
11:37:8,1.153461,103.894775,0,0,0,0,0,0,0,0,0,180,forward,0,0,0,1.1533711684715882,103.89484687978813
11:37:10,1.153461,103.894775,0,0,0,0,0,0,0,0,0,180,forward,0,0,0,1.1533711684715882,103.89484687978813
11:37:12,1.153461,103.894775,0,0,0,0,0,0,0,0,0,180,forward,0,0,0,1.1533711684715882,103.89484687978813
11:37:14,1.153461,103.894775,0,0,0,0,0,0,0,0,0,180,forward,0,0,0,1.1533711684715882,103.89484687978813
11:37:16,1.153461,103.894775,0,0,0,0,0,0,0,0,0,180,forward,0,0,0,1.1533711684715882,103.89484687978813
11:37:18,1.153461,103.894775,0,0,0,0,0,0,0,0,0,180,forward,0,0,0,1.1533711684715882,103.89484687978813
11:37:20,1.153461,103.894775,0,0,0,0,0,0,0,0,0,180,forward,0,0,0,1.1533711684715882,103.89484687978813
11:37:22,1.153461,103.894775,0,0,0,0,0,0,0,0,0,180,forward,0,0,0,1.1533711684715882,103.89484687978813
11:37:24,1.153461,103.894775,0,0,0,0,0,0,0,0,0,180,forward,0,0,0,1.1533711684715882,103.89484687978813
11:37:26,1.153461,103.894775,0,0,0,0,0,0,0,0,0,180,forward,0,0,0,1.1533711684715882,103.89484687978813
11:37:28,1.153461,103.894775,0,0,0,0,0,0,0,0,0,180,forward,0,0,0,1.1533711684715882,103.89484687978813
11:37:30,1.153461,103.894775,0,0,0,0,0,0,0,0,0,180,forward,0,0,0,1.1533711684715882,103.89484687978813
11:37:32,1.153461,103.894775,0,0,0,0,0,0,0,0,0,180,forward,0,0,0,1.1533711684715882,103.89484687978813
11:37:34,1.153461,103.894775,0,0,0,0,0,0,0,0,0,180,forward,0,0,0,1.1533711684715882,103.89484687978813
11:37:36,1.153461,103.894775,0,0,0,0,0,0,0,0,0,180,forward,0,0,0,1.1533711684715882,103.89484687978813
11:37:39,1.153461,103.894775,0,0,0,0,0,0,0,0,0,180,forward,0,0,0,1.1533711684715882,103.89484687978813
11:37:41,1.153461,103.894775,0,0,0,0,0,0,0,0,0,180,forward,0,0,0,1.1533711684715882,103.89484687978813
11:37:43,1.153461,103.894775,0,0,0,0,0,0,0,0,0,180,forward,0,0,0,1.1533711684715882,103.89484687978813
11:37:45,1.153461,103.894775,0,0,0,0,0,0,0,0,0,180,forward,0,0,0,1.1533711684715882,103.89484687978813
11:37:47,1.153461,103.894775,0,0,0,0,0,0,0,0,0,180,forward,0,0,0,1.1533711684715882,103.89484687978813
11:37:49,1.153461,103.894775,0,0,0,0,0,0,0,0,0,180,forward,0,0,0,1.1533711684715882,103.89484687978813
11:37:51,1.153461,103.894775,0,0,0,0,0,0,0,0,0,180,forward,0,0,0,1.1533711684715882,103.89484687978813
11:37:53,1.153461,103.894775,0,0,0,0,0,0,0,0,0,180,forward,0,0,0,1.1533711684715882,103.89484687978813
11:37:55,1.153461,103.894775,0,0,0,0,0,0,0,0,0,180,forward,0,0,0,1.1533711684715882,103.89484687978813
11:37:57,1.153461,103.894775,0,0,0,0,0,0,0,0,0,180,forward,0,0,0,1.1533711684715882,103.89484687978813
11:37:59,1.153461,103.894775,0,0,0,0,0,0,0,0,0,180,forward,0,0,0,1.1533711684715882,103.89484687978813
11:38:1,1.153461,103.894775,0,0,0,0,0,0,0,0,0,180,forward,0,0,0,1.1533711684715882,103.89484687978813
11:38:3,1.153461,103.894775,0,0,0,0,0,0,0,0,0,180,forward,0,0,0,1.1533711684715882,103.89484687978813
11:38:5,1.153461,103.894775,0,0,0,0,0,0,0,0,0,180,forward,0,0,0,1.1533711684715882,103.89484687978813
11:38:7,1.153461,103.894775,0,0,0,0,0,0,0,0,0,180,forward,0,0,0,1.1533711684715882,103.89484687978813
11:38:10,1.153461,103.894775,0,0,0,0,0,0,0,0,0,180,forward,0,0,0,1.1533711684715882,103.89484687978813
11:38:12,1.153461,103.894775,0,0,0,0,0,0,0,0,0,180,forward,0,0,0,1.1533711684715882,103.89484687978813
11:38:14,1.153461,103.894775,0,0,0,0,0,0,0,0,0,180,forward,0,0,0,1.1533711684715882,103.89484687978813
11:38:16,1.153461,103.894775,0,0,0,0,0,0,0,0,0,180,forward,0,0,0,1.1533711684715882,103.89484687978813
11:38:18,1.153461,103.894775,0,0,0,0,0,0,0,0,0,180,forward,0,0,0,1.1533711684715882,103.89484687978813
11:38:20,1.153461,103.894775,0,0,0,0,0,0,0,0,0,180,forward,0,0,0,1.1533711684715882,103.89484687978813
11:38:22,1.153461,103.894775,0,0,0,0,0,0,0,0,0,180,forward,0,0,0,1.1533711684715882,103.89484687978813
11:38:24,1.153461,103.894775,0,0,0,0,0,0,0,0,0,180,forward,0,0,0,1.1533711684715882,103.89484687978813
11:38:26,1.153461,103.894775,0,0,0,0,0,0,0,0,0,180,forward,0,0,0,1.1533711684715882,103.89484687978813
11:38:28,1.153461,103.894775,0,0,0,0,0,0,0,0,0,180,forward,0,0,0,1.1533711684715882,103.89484687978813
11:38:30,1.153461,103.894775,0,0,0,0,0,0,0,0,0,180,forward,0,0,0,1.1533711684715882,103.89484687978813
11:38:32,1.153461,103.894775,0,0,0,0,0,0,0,0,0,180,forward,0,0,0,1.1533711684715882,103.89484687978813
11:38:34,1.153461,103.894775,0,0,0,0,0,0,0,0,0,180,forward,0,0,0,1.1533711684715882,103.89484687978813
11:38:36,1.153461,103.894775,0,0,0,0,0,0,0,0,0,180,forward,0,0,0,1.1533711684715882,103.89484687978813
11:38:38,1.153461,103.894775,0,0,0,0,0,0,0,0,0,180,forward,0,0,0,1.1533711684715882,103.89484687978813
11:38:40,1.153461,103.894775,0,0,0,0,0,0,0,0,0,180,forward,0,0,0,1.1533711684715882,103.89484687978813
11:38:42,1.153461,103.894775,0,0,0,0,0,0,0,0,0,180,forward,0,0,0,1.1533711684715882,103.89484687978813
11:38:44,1.153461,103.894775,0,0,0,0,0,0,0,0,0,180,forward,0,0,0,1.1533711684715882,103.89484687978813
11:38:46,1.153461,103.894775,0,0,0,0,0,0,0,0,0,180,forward,0,0,0,1.1533711684715882,103.89484687978813
11:38:48,1.153461,103.894775,0,0,0,0,0,0,0,0,0,180,forward,0,0,0,1.1533711684715882,103.89484687978813
11:38:50,1.153461,103.894775,0,0,0,0,0,0,0,0,0,180,forward,0,0,0,1.1533711684715882,103.89484687978813
11:38:53,1.153461,103.894775,0,0,0,0,0,0,0,0,0,180,forward,0,0,0,1.1533711684715882,103.89484687978813
11:38:55,1.153461,103.894775,0,0,0,0,0,0,0,0,0,180,forward,0,0,0,1.1533711684715882,103.89484687978813
11:38:57,1.153461,103.894775,0,0,0,0,0,0,0,0,0,180,forward,0,0,0,1.1533711684715882,103.89484687978813
11:38:59,1.153461,103.894775,0,0,0,0,0,0,0,0,0,180,forward,0,0,0,1.1533711684715882,103.89484687978813
11:39:1,1.153461,103.894775,0,0,0,0,0,0,0,0,0,180,forward,0,0,0,1.1533711684715882,103.89484687978813
11:39:3,1.153461,103.894775,0,0,0,0,0,0,0,0,0,180,forward,0,0,0,1.1533711684715882,103.89484687978813
11:39:5,1.153461,103.894775,0,0,0,0,0,0,0,0,0,180,forward,0,0,0,1.1533711684715882,103.89484687978813
11:39:7,1.153461,103.894775,0,0,0,0,0,0,0,0,0,180,forward,0,0,0,1.1533711684715882,103.89484687978813
11:39:9,1.153461,103.894775,0,0,0,0,0,0,0,0,0,180,forward,0,0,0,1.1533711684715882,103.89484687978813
11:39:11,1.153461,103.894775,0,0,0,0,0,0,0,0,0,180,forward,0,0,0,1.1533711684715882,103.89484687978813
11:39:13,1.153461,103.894775,0,0,0,0,0,0,0,0,0,180,forward,0,0,0,1.1533711684715882,103.89484687978813
11:39:15,1.153461,103.894775,0,0,0,0,0,0,0,0,0,180,forward,0,0,0,1.1533711684715882,103.89484687978813
11:39:17,1.153461,103.894775,0,0,0,0,0,0,0,0,0,180,forward,0,0,0,1.1533711684715882,103.89484687978813
11:39:19,1.153461,103.894775,0,0,0,0,0,0,0,0,0,180,forward,0,0,0,1.1533711684715882,103.89484687978813
11:39:21,1.153461,103.894775,0,0,0,0,0,0,0,0,0,180,forward,0,0,0,1.1533711684715882,103.89484687978813
11:39:24,1.153461,103.894775,0,0,0,0,0,0,0,0,0,180,forward,0,0,0,1.1533711684715882,103.89484687978813
11:39:26,1.153461,103.894775,0,0,0,0,0,0,0,0,0,180,forward,0,0,0,1.1533711684715882,103.89484687978813
11:39:28,1.153461,103.894775,0,0,0,0,0,0,0,0,0,180,forward,0,0,0,1.1533711684715882,103.89484687978813
11:39:30,1.153461,103.894775,0,0,0,0,0,0,0,0,0,180,forward,0,0,0,1.1533711684715882,103.89484687978813
11:39:32,1.153461,103.894775,0,0,0,0,0,0,0,0,0,180,forward,0,0,0,1.1533711684715882,103.89484687978813
11:39:34,1.153461,103.894775,0,0,0,0,0,0,0,0,0,180,forward,0,0,0,1.1533711684715882,103.89484687978813
11:39:36,1.153461,103.894775,0,0,0,0,0,0,0,0,0,180,forward,0,0,0,1.1533711684715882,103.89484687978813
11:39:38,1.153461,103.894775,0,0,0,0,0,0,0,0,0,180,forward,0,0,0,1.1533711684715882,103.89484687978813
11:39:40,1.153461,103.894775,0,0,0,0,0,0,0,0,0,180,forward,0,0,0,1.1533711684715882,103.89484687978813
11:39:42,1.153461,103.894775,0,0,0,0,0,0,0,0,0,180,forward,0,0,0,1.1533711684715882,103.89484687978813
11:39:44,1.153461,103.894775,0,0,0,0,0,0,0,0,0,180,forward,0,0,0,1.1533711684715882,103.89484687978813
11:39:46,1.153461,103.894775,0,0,0,0,0,0,0,0,0,180,forward,0,0,0,1.1533711684715882,103.89484687978813
11:39:48,1.153461,103.894775,0,0,0,0,0,0,0,0,0,180,forward,0,0,0,1.1533711684715882,103.89484687978813
11:39:50,1.153461,103.894775,0,0,0,0,0,0,0,0,0,180,forward,0,0,0,1.1533711684715882,103.89484687978813
11:39:52,1.153461,103.894775,0,0,0,0,0,0,0,0,0,180,forward,0,0,0,1.1533711684715882,103.89484687978813
11:39:54,1.153461,103.894775,0,0,0,0,0,0,0,0,0,180,forward,0,0,0,1.1533711684715882,103.89484687978813
11:39:56,1.153461,103.894775,0,0,0,0,0,0,0,0,0,180,forward,0,0,0,1.1533711684715882,103.89484687978813
11:39:59,1.153461,103.894775,0,0,0,0,0,0,0,0,0,180,forward,0,0,0,1.1533711684715882,103.89484687978813
11:40:1,1.153461,103.894775,0,0,0,0,0,0,0,0,0,180,forward,0,0,0,1.1533711684715882,103.89484687978813
11:40:3,1.153461,103.894775,0,0,0,0,0,0,0,0,0,180,forward,0,0,0,1.1533711684715882,103.89484687978813
11:40:5,1.153461,103.894775,0,0,0,0,0,0,0,0,0,180,forward,0,0,0,1.1533711684715882,103.89484687978813
11:40:7,1.153461,103.894775,0,0,0,0,0,0,0,0,0,180,forward,0,0,0,1.1533711684715882,103.89484687978813
11:40:9,1.153461,103.894775,0,0,0,0,0,0,0,0,0,180,forward,0,0,0,1.1533711684715882,103.89484687978813
11:40:11,1.153461,103.894775,0,0,0,0,0,0,0,0,0,180,forward,0,0,0,1.1533711684715882,103.89484687978813
11:40:13,1.153461,103.894775,0,0,0,0,0,0,0,0,0,180,forward,0,0,0,1.1533711684715882,103.89484687978813
11:40:15,1.153461,103.894775,0,0,0,0,0,0,0,0,0,180,forward,0,0,0,1.1533711684715882,103.89484687978813
11:40:17,1.153461,103.894775,0,0,0,0,0,0,0,0,0,180,forward,0,0,0,1.1533711684715882,103.89484687978813
11:40:19,1.153461,103.894775,0,0,0,0,0,0,0,0,0,180,forward,0,0,0,1.1533711684715882,103.89484687978813
11:40:21,1.153461,103.894775,0,0,0,0,0,0,0,0,0,180,forward,0,0,0,1.1533711684715882,103.89484687978813
11:40:23,1.153461,103.894775,0,0,0,0,0,0,0,0,0,180,forward,0,0,0,1.1533711684715882,103.89484687978813
11:40:25,1.153461,103.894775,0,0,0,0,0,0,0,0,0,180,forward,0,0,0,1.1533711684715882,103.89484687978813
11:40:28,1.153461,103.894775,0,0,0,0,0,0,0,0,0,180,forward,0,0,0,1.1533711684715882,103.89484687978813
11:40:30,1.153461,103.894775,0,0,0,0,0,0,0,0,0,180,forward,0,0,0,1.1533711684715882,103.89484687978813
11:40:32,1.153461,103.894775,0,0,0,0,0,0,0,0,0,180,forward,0,0,0,1.1533711684715882,103.89484687978813
11:40:34,1.153461,103.894775,0,0,0,0,0,0,0,0,0,180,forward,0,0,0,1.1533711684715882,103.89484687978813
11:40:36,1.153461,103.894775,0,0,0,0,0,0,0,0,0,180,forward,0,0,0,1.1533711684715882,103.89484687978813
11:40:38,1.153461,103.894775,0,0,0,0,0,0,0,0,0,180,forward,0,0,0,1.1533711684715882,103.89484687978813
11:40:40,1.153461,103.894775,0,0,0,0,0,0,0,0,0,180,forward,0,0,0,1.1533711684715882,103.89484687978813
11:40:42,1.153461,103.894775,0,0,0,0,0,0,0,0,0,180,forward,0,0,0,1.1533711684715882,103.89484687978813
11:40:44,1.153461,103.894775,0,0,0,0,0,0,0,0,0,180,forward,0,0,0,1.1533711684715882,103.89484687978813
11:40:46,1.153461,103.894775,0,0,0,0,0,0,0,0,0,180,forward,0,0,0,1.1533711684715882,103.89484687978813
11:40:48,1.153461,103.894775,0,0,0,0,0,0,0,0,0,180,forward,0,0,0,1.1533711684715882,103.89484687978813
11:40:50,1.153461,103.894775,0,0,0,0,0,0,0,0,0,180,forward,0,0,0,1.1533711684715882,103.89484687978813
11:40:52,1.153461,103.894775,0,0,0,0,0,0,0,0,0,180,forward,0,0,0,1.1533711684715882,103.89484687978813
11:40:54,1.153461,103.894775,0,0,0,0,0,0,0,0,0,180,forward,0,0,0,1.1533711684715882,103.89484687978813
11:40:56,1.153461,103.894775,0,0,0,0,0,0,0,0,0,180,forward,0,0,0,1.1533711684715882,103.89484687978813
11:40:58,1.153461,103.894775,0,0,0,0,0,0,0,0,0,180,forward,0,0,0,1.1533711684715882,103.89484687978813
11:41:0,1.153461,103.894775,0,0,0,0,0,0,0,0,0,180,forward,0,0,0,1.1533711684715882,103.89484687978813
11:41:2,1.153461,103.894775,0,0,0,0,0,0,0,0,0,180,forward,0,0,0,1.1533711684715882,103.89484687978813
11:41:4,1.153461,103.894775,0,0,0,0,0,0,0,0,0,180,forward,0,0,0,1.1533711684715882,103.89484687978813
11:41:6,1.153461,103.894775,0,0,0,0,0,0,0,0,0,180,forward,0,0,0,1.1533711684715882,103.89484687978813
11:41:8,1.153461,103.894775,0,0,0,0,0,0,0,0,0,180,forward,0,0,0,1.1533711684715882,103.89484687978813
11:41:10,1.153461,103.894775,0,0,0,0,0,0,0,0,0,180,forward,0,0,0,1.1533711684715882,103.89484687978813
11:41:12,1.153461,103.894775,0,0,0,0,0,0,0,0,0,180,forward,0,0,0,1.1533711684715882,103.89484687978813
11:41:14,1.153461,103.894775,0,0,0,0,0,0,0,0,0,180,forward,0,0,0,1.1533711684715882,103.89484687978813
11:41:16,1.153461,103.894775,0,0,0,0,0,0,0,0,0,180,forward,0,0,0,1.1533711684715882,103.89484687978813
11:41:18,1.153461,103.894775,0,0,0,0,0,0,0,0,0,180,forward,0,0,0,1.1533711684715882,103.89484687978813
11:41:20,1.153461,103.894775,0,0,0,0,0,0,0,0,0,180,forward,0,0,0,1.1533711684715882,103.89484687978813
11:41:23,1.153461,103.894775,0,0,0,0,0,0,0,0,0,180,forward,0,0,0,1.1533711684715882,103.89484687978813
11:41:25,1.153461,103.894775,0,0,0,0,0,0,0,0,0,180,forward,0,0,0,1.1533711684715882,103.89484687978813
11:41:27,1.153461,103.894775,0,0,0,0,0,0,0,0,0,180,forward,0,0,0,1.1533711684715882,103.89484687978813
11:41:29,1.153461,103.894775,0,0,0,0,0,0,0,0,0,180,forward,0,0,0,1.1533711684715882,103.89484687978813
11:41:31,1.153461,103.894775,0,0,0,0,0,0,0,0,0,180,forward,0,0,0,1.1533711684715882,103.89484687978813
11:41:33,1.153461,103.894775,0,0,0,0,0,0,0,0,0,180,forward,0,0,0,1.1533711684715882,103.89484687978813
11:41:35,1.153461,103.894775,0,0,0,0,0,0,0,0,0,180,forward,0,0,0,1.1533711684715882,103.89484687978813
11:41:37,1.153461,103.894775,0,0,0,0,0,0,0,0,0,180,forward,0,0,0,1.1533711684715882,103.89484687978813
11:41:39,1.153461,103.894775,0,0,0,0,0,0,0,0,0,180,forward,0,0,0,1.1533711684715882,103.89484687978813
11:41:41,1.153461,103.894775,0,0,0,0,0,0,0,0,0,180,forward,0,0,0,1.1533711684715882,103.89484687978813
11:41:43,1.153461,103.894775,0,0,0,0,0,0,0,0,0,180,forward,0,0,0,1.1533711684715882,103.89484687978813
11:41:45,1.153461,103.894775,0,0,0,0,0,0,0,0,0,180,forward,0,0,0,1.1533711684715882,103.89484687978813
11:41:47,1.153461,103.894775,0,0,0,0,0,0,0,0,0,180,forward,0,0,0,1.1533711684715882,103.89484687978813
11:41:49,1.153461,103.894775,0,0,0,0,0,0,0,0,0,180,forward,0,0,0,1.1533711684715882,103.89484687978813
11:41:52,1.153461,103.894775,0,0,0,0,0,0,0,0,0,180,forward,0,0,0,1.1533711684715882,103.89484687978813
11:41:54,1.153461,103.894775,0,0,0,0,0,0,0,0,0,180,forward,0,0,0,1.1533711684715882,103.89484687978813
11:41:56,1.153461,103.894775,0,0,0,0,0,0,0,0,0,180,forward,0,0,0,1.1533711684715882,103.89484687978813
11:41:58,1.153461,103.894775,0,0,0,0,0,0,0,0,0,180,forward,0,0,0,1.1533711684715882,103.89484687978813
11:42:0,1.153461,103.894775,0,0,0,0,0,0,0,0,0,180,forward,0,0,0,1.1533711684715882,103.89484687978813
11:42:2,1.153461,103.894775,0,0,0,0,0,0,0,0,0,180,forward,0,0,0,1.1533711684715882,103.89484687978813
11:42:4,1.153461,103.894775,0,0,0,0,0,0,0,0,0,180,forward,0,0,0,1.1533711684715882,103.89484687978813
11:42:6,1.153461,103.894775,0,0,0,0,0,0,0,0,0,180,forward,0,0,0,1.1533711684715882,103.89484687978813
11:42:8,1.153461,103.894775,0,0,0,0,0,0,0,0,0,180,forward,0,0,0,1.1533711684715882,103.89484687978813
11:42:10,1.153461,103.894775,0,0,0,0,0,0,0,0,0,180,forward,0,0,0,1.1533711684715882,103.89484687978813
11:42:12,1.153461,103.894775,0,0,0,0,0,0,0,0,0,180,forward,0,0,0,1.1533711684715882,103.89484687978813
11:42:14,1.153461,103.894775,0,0,0,0,0,0,0,0,0,180,forward,0,0,0,1.1533711684715882,103.89484687978813
11:42:16,1.153461,103.894775,0,0,0,0,0,0,0,0,0,180,forward,0,0,0,1.1533711684715882,103.89484687978813
11:42:18,1.153461,103.894775,0,0,0,0,0,0,0,0,0,180,forward,0,0,0,1.1533711684715882,103.89484687978813
11:42:20,1.153461,103.894775,0,0,0,0,0,0,0,0,0,180,forward,0,0,0,1.1533711684715882,103.89484687978813
11:42:23,1.153461,103.894775,0,0,0,0,0,0,0,0,0,180,forward,0,0,0,1.1533711684715882,103.89484687978813
11:42:25,1.153461,103.894775,0,0,0,0,0,0,0,0,0,180,forward,0,0,0,1.1533711684715882,103.89484687978813
11:42:27,1.153461,103.894775,0,0,0,0,0,0,0,0,0,180,forward,0,0,0,1.1533711684715882,103.89484687978813
11:42:29,1.153461,103.894775,0,0,0,0,0,0,0,0,0,180,forward,0,0,0,1.1533711684715882,103.89484687978813
11:42:31,1.153461,103.894775,0,0,0,0,0,0,0,0,0,180,forward,0,0,0,1.1533711684715882,103.89484687978813
11:42:33,1.153461,103.894775,0,0,0,0,0,0,0,0,0,180,forward,0,0,0,1.1533711684715882,103.89484687978813
11:42:35,1.153461,103.894775,0,0,0,0,0,0,0,0,0,180,forward,0,0,0,1.1533711684715882,103.89484687978813
11:42:37,1.153461,103.894775,0,0,0,0,0,0,0,0,0,180,forward,0,0,0,1.1533711684715882,103.89484687978813
11:42:39,1.153461,103.894775,0,0,0,0,0,0,0,0,0,180,forward,0,0,0,1.1533711684715882,103.89484687978813
11:42:41,1.153461,103.894775,0,0,0,0,0,0,0,0,0,180,forward,0,0,0,1.1533711684715882,103.89484687978813
11:42:43,1.153461,103.894775,0,0,0,0,0,0,0,0,0,180,forward,0,0,0,1.1533711684715882,103.89484687978813
11:42:45,1.153461,103.894775,0,0,0,0,0,0,0,0,0,180,forward,0,0,0,1.1533711684715882,103.89484687978813
11:42:47,1.153461,103.894775,0,0,0,0,0,0,0,0,0,180,forward,0,0,0,1.1533711684715882,103.89484687978813
11:42:49,1.153461,103.894775,0,0,0,0,0,0,0,0,0,180,forward,0,0,0,1.1533711684715882,103.89484687978813
11:42:52,1.153461,103.894775,0,0,0,0,0,0,0,0,0,180,forward,0,0,0,1.1533711684715882,103.89484687978813
11:42:54,1.153461,103.894775,0,0,0,0,0,0,0,0,0,180,forward,0,0,0,1.1533711684715882,103.89484687978813
11:42:56,1.153461,103.894775,0,0,0,0,0,0,0,0,0,180,forward,0,0,0,1.1533711684715882,103.89484687978813
11:42:58,1.153461,103.894775,0,0,0,0,0,0,0,0,0,180,forward,0,0,0,1.1533711684715882,103.89484687978813
11:43:0,1.153461,103.894775,0,0,0,0,0,0,0,0,0,180,forward,0,0,0,1.1533711684715882,103.89484687978813
11:43:2,1.153461,103.894775,0,0,0,0,0,0,0,0,0,180,forward,0,0,0,1.1533711684715882,103.89484687978813
11:43:4,1.153461,103.894775,0,0,0,0,0,0,0,0,0,180,forward,0,0,0,1.1533711684715882,103.89484687978813
11:43:6,1.153461,103.894775,0,0,0,0,0,0,0,0,0,180,forward,0,0,0,1.1533711684715882,103.89484687978813
11:43:8,1.153461,103.894775,0,0,0,0,0,0,0,0,0,180,forward,0,0,0,1.1533711684715882,103.89484687978813
11:43:10,1.153461,103.894775,0,0,0,0,0,0,0,0,0,180,forward,0,0,0,1.1533711684715882,103.89484687978813
11:43:12,1.153461,103.894775,0,0,0,0,0,0,0,0,0,180,forward,0,0,0,1.1533711684715882,103.89484687978813
11:43:14,1.153461,103.894775,0,0,0,0,0,0,0,0,0,180,forward,0,0,0,1.1533711684715882,103.89484687978813
11:43:16,1.153461,103.894775,0,0,0,0,0,0,0,0,0,180,forward,0,0,0,1.1533711684715882,103.89484687978813
11:43:18,1.153461,103.894775,0,0,0,0,0,0,0,0,0,180,forward,0,0,0,1.1533711684715882,103.89484687978813
11:43:20,1.153461,103.894775,0,0,0,0,0,0,0,0,0,180,forward,0,0,0,1.1533711684715882,103.89484687978813
11:43:23,1.153461,103.894775,0,0,0,0,0,0,0,0,0,180,forward,0,0,0,1.1533711684715882,103.89484687978813
11:43:25,1.153461,103.894775,0,0,0,0,0,0,0,0,0,180,forward,0,0,0,1.1533711684715882,103.89484687978813
11:43:27,1.153461,103.894775,0,0,0,0,0,0,0,0,0,180,forward,0,0,0,1.1533711684715882,103.89484687978813
11:43:29,1.153461,103.894775,0,0,0,0,0,0,0,0,0,180,forward,0,0,0,1.1533711684715882,103.89484687978813
11:43:31,1.153461,103.894775,0,0,0,0,0,0,0,0,0,180,forward,0,0,0,1.1533711684715882,103.89484687978813
11:43:33,1.153461,103.894775,0,0,0,0,0,0,0,0,0,180,forward,0,0,0,1.1533711684715882,103.89484687978813
11:43:35,1.153461,103.894775,0,0,0,0,0,0,0,0,0,180,forward,0,0,0,1.1533711684715882,103.89484687978813
11:43:37,1.153461,103.894775,0,0,0,0,0,0,0,0,0,180,forward,0,0,0,1.1533711684715882,103.89484687978813
11:43:39,1.153461,103.894775,0,0,0,0,0,0,0,0,0,180,forward,0,0,0,1.1533711684715882,103.89484687978813
11:43:41,1.153461,103.894775,0,0,0,0,0,0,0,0,0,180,forward,0,0,0,1.1533711684715882,103.89484687978813
11:43:43,1.153461,103.894775,0,0,0,0,0,0,0,0,0,180,forward,0,0,0,1.1533711684715882,103.89484687978813
11:43:45,1.153461,103.894775,0,0,0,0,0,0,0,0,0,180,forward,0,0,0,1.1533711684715882,103.89484687978813
11:43:47,1.153461,103.894775,0,0,0,0,0,0,0,0,0,180,forward,0,0,0,1.1533711684715882,103.89484687978813
11:43:49,1.153461,103.894775,0,0,0,0,0,0,0,0,0,180,forward,0,0,0,1.1533711684715882,103.89484687978813
11:43:51,1.153461,103.894775,0,0,0,0,0,0,0,0,0,180,forward,0,0,0,1.1533711684715882,103.89484687978813
11:43:53,1.153461,103.894775,0,0,0,0,0,0,0,0,0,180,forward,0,0,0,1.1533711684715882,103.89484687978813
11:43:55,1.153461,103.894775,0,0,0,0,0,0,0,0,0,180,forward,0,0,0,1.1533711684715882,103.89484687978813
11:43:57,1.153461,103.894775,0,0,0,0,0,0,0,0,0,180,forward,0,0,0,1.1533711684715882,103.89484687978813
11:43:59,1.153461,103.894775,0,0,0,0,0,0,0,0,0,180,forward,0,0,0,1.1533711684715882,103.89484687978813
11:44:1,1.153461,103.894775,0,0,0,0,0,0,0,0,0,180,forward,0,0,0,1.1533711684715882,103.89484687978813
11:44:3,1.153461,103.894775,0,0,0,0,0,0,0,0,0,180,forward,0,0,0,1.1533711684715882,103.89484687978813
11:44:5,1.153461,103.894775,0,0,0,0,0,0,0,0,0,180,forward,0,0,0,1.1533711684715882,103.89484687978813
11:44:8,1.153461,103.894775,0,0,0,0,0,0,0,0,0,180,forward,0,0,0,1.1533711684715882,103.89484687978813
11:44:10,1.153461,103.894775,0,0,0,0,0,0,0,0,0,180,forward,0,0,0,1.1533711684715882,103.89484687978813
11:44:12,1.153461,103.894775,0,0,0,0,0,0,0,0,0,180,forward,0,0,0,1.1533711684715882,103.89484687978813
11:44:14,1.153461,103.894775,0,0,0,0,0,0,0,0,0,180,forward,0,0,0,1.1533711684715882,103.89484687978813
11:44:16,1.153461,103.894775,0,0,0,0,0,0,0,0,0,180,forward,0,0,0,1.1533711684715882,103.89484687978813
11:44:18,1.153461,103.894775,0,0,0,0,0,0,0,0,0,180,forward,0,0,0,1.1533711684715882,103.89484687978813
11:44:20,1.153461,103.894775,0,0,0,0,0,0,0,0,0,180,forward,0,0,0,1.1533711684715882,103.89484687978813
11:44:22,1.153461,103.894775,0,0,0,0,0,0,0,0,0,180,forward,0,0,0,1.1533711684715882,103.89484687978813
11:44:24,1.153461,103.894775,0,0,0,0,0,0,0,0,0,180,forward,0,0,0,1.1533711684715882,103.89484687978813
11:44:26,1.153461,103.894775,0,0,0,0,0,0,0,0,0,180,forward,0,0,0,1.1533711684715882,103.89484687978813
11:44:28,1.153461,103.894775,0,0,0,0,0,0,0,0,0,180,forward,0,0,0,1.1533711684715882,103.89484687978813
11:44:30,1.153461,103.894775,0,0,0,0,0,0,0,0,0,180,forward,0,0,0,1.1533711684715882,103.89484687978813
11:44:32,1.153461,103.894775,0,0,0,0,0,0,0,0,0,180,forward,0,0,0,1.1533711684715882,103.89484687978813
11:44:34,1.153461,103.894775,0,0,0,0,0,0,0,0,0,180,forward,0,0,0,1.1533711684715882,103.89484687978813
11:44:37,1.153461,103.894775,0,0,0,0,0,0,0,0,0,180,forward,0,0,0,1.1533711684715882,103.89484687978813
11:44:39,1.153461,103.894775,0,0,0,0,0,0,0,0,0,180,forward,0,0,0,1.1533711684715882,103.89484687978813
11:44:41,1.153461,103.894775,0,0,0,0,0,0,0,0,0,180,forward,0,0,0,1.1533711684715882,103.89484687978813
11:44:43,1.153461,103.894775,0,0,0,0,0,0,0,0,0,180,forward,0,0,0,1.1533711684715882,103.89484687978813
11:44:45,1.153461,103.894775,0,0,0,0,0,0,0,0,0,180,forward,0,0,0,1.1533711684715882,103.89484687978813
11:44:47,1.153461,103.894775,0,0,0,0,0,0,0,0,0,180,forward,0,0,0,1.1533711684715882,103.89484687978813
11:44:49,1.153461,103.894775,0,0,0,0,0,0,0,0,0,180,forward,0,0,0,1.1533711684715882,103.89484687978813
11:44:51,1.153461,103.894775,0,0,0,0,0,0,0,0,0,180,forward,0,0,0,1.1533711684715882,103.89484687978813
11:44:53,1.153461,103.894775,0,0,0,0,0,0,0,0,0,180,forward,0,0,0,1.1533711684715882,103.89484687978813
11:44:55,1.153461,103.894775,0,0,0,0,0,0,0,0,0,180,forward,0,0,0,1.1533711684715882,103.89484687978813
11:44:57,1.153461,103.894775,0,0,0,0,0,0,0,0,0,180,forward,0,0,0,1.1533711684715882,103.89484687978813
11:44:59,1.153461,103.894775,0,0,0,0,0,0,0,0,0,180,forward,0,0,0,1.1533711684715882,103.89484687978813
11:45:1,1.153461,103.894775,0,0,0,0,0,0,0,0,0,180,forward,0,0,0,1.1533711684715882,103.89484687978813
11:45:3,1.153461,103.894775,0,0,0,0,0,0,0,0,0,180,forward,0,0,0,1.1533711684715882,103.89484687978813
11:45:5,1.153461,103.894775,0,0,0,0,0,0,0,0,0,180,forward,0,0,0,1.1533711684715882,103.89484687978813
11:45:7,1.153461,103.894775,0,0,0,0,0,0,0,0,0,180,forward,0,0,0,1.1533711684715882,103.89484687978813
11:45:10,1.153461,103.894775,0,0,0,0,0,0,0,0,0,180,forward,0,0,0,1.1533711684715882,103.89484687978813
11:45:12,1.153461,103.894775,0,0,0,0,0,0,0,0,0,180,forward,0,0,0,1.1533711684715882,103.89484687978813
11:45:14,1.153461,103.894775,0,0,0,0,0,0,0,0,0,180,forward,0,0,0,1.1533711684715882,103.89484687978813
11:45:16,1.153461,103.894775,0,0,0,0,0,0,0,0,0,180,forward,0,0,0,1.1533711684715882,103.89484687978813
11:45:18,1.153461,103.894775,0,0,0,0,0,0,0,0,0,180,forward,0,0,0,1.1533711684715882,103.89484687978813
11:45:20,1.153461,103.894775,0,0,0,0,0,0,0,0,0,180,forward,0,0,0,1.1533711684715882,103.89484687978813
11:45:22,1.153461,103.894775,0,0,0,0,0,0,0,0,0,180,forward,0,0,0,1.1533711684715882,103.89484687978813
11:45:24,1.153461,103.894775,0,0,0,0,0,0,0,0,0,180,forward,0,0,0,1.1533711684715882,103.89484687978813
11:45:26,1.153461,103.894775,0,0,0,0,0,0,0,0,0,180,forward,0,0,0,1.1533711684715882,103.89484687978813
11:45:28,1.153461,103.894775,0,0,0,0,0,0,0,0,0,180,forward,0,0,0,1.1533711684715882,103.89484687978813
11:45:30,1.153461,103.894775,0,0,0,0,0,0,0,0,0,180,forward,0,0,0,1.1533711684715882,103.89484687978813
11:45:32,1.153461,103.894775,0,0,0,0,0,0,0,0,0,180,forward,0,0,0,1.1533711684715882,103.89484687978813
11:45:34,1.153461,103.894775,0,0,0,0,0,0,0,0,0,180,forward,0,0,0,1.1533711684715882,103.89484687978813
11:45:36,1.153461,103.894775,0,0,0,0,0,0,0,0,0,180,forward,0,0,0,1.1533711684715882,103.89484687978813
11:45:38,1.153461,103.894775,0,0,0,0,0,0,0,0,0,180,forward,0,0,0,1.1533711684715882,103.89484687978813
11:45:40,1.153461,103.894775,0,0,0,0,0,0,0,0,0,180,forward,0,0,0,1.1533711684715882,103.89484687978813
11:45:42,1.153461,103.894775,0,0,0,0,0,0,0,0,0,180,forward,0,0,0,1.1533711684715882,103.89484687978813
11:45:44,1.153461,103.894775,0,0,0,0,0,0,0,0,0,180,forward,0,0,0,1.1533711684715882,103.89484687978813
11:45:46,1.153461,103.894775,0,0,0,0,0,0,0,0,0,180,forward,0,0,0,1.1533711684715882,103.89484687978813
11:45:48,1.153461,103.894775,0,0,0,0,0,0,0,0,0,180,forward,0,0,0,1.1533711684715882,103.89484687978813
11:45:50,1.153461,103.894775,0,0,0,0,0,0,0,0,0,180,forward,0,0,0,1.1533711684715882,103.89484687978813
11:45:53,1.153461,103.894775,0,0,0,0,0,0,0,0,0,180,forward,0,0,0,1.1533711684715882,103.89484687978813
11:45:55,1.153461,103.894775,0,0,0,0,0,0,0,0,0,180,forward,0,0,0,1.1533711684715882,103.89484687978813
11:45:57,1.153461,103.894775,0,0,0,0,0,0,0,0,0,180,forward,0,0,0,1.1533711684715882,103.89484687978813
11:45:59,1.153461,103.894775,0,0,0,0,0,0,0,0,0,180,forward,0,0,0,1.1533711684715882,103.89484687978813
11:46:1,1.153461,103.894775,0,0,0,0,0,0,0,0,0,180,forward,0,0,0,1.1533711684715882,103.89484687978813
11:46:3,1.153461,103.894775,0,0,0,0,0,0,0,0,0,180,forward,0,0,0,1.1533711684715882,103.89484687978813
11:46:5,1.153461,103.894775,0,0,0,0,0,0,0,0,0,180,forward,0,0,0,1.1533711684715882,103.89484687978813
11:46:7,1.153461,103.894775,0,0,0,0,0,0,0,0,0,180,forward,0,0,0,1.1533711684715882,103.89484687978813
11:46:9,1.153461,103.894775,0,0,0,0,0,0,0,0,0,180,forward,0,0,0,1.1533711684715882,103.89484687978813
11:46:11,1.153461,103.894775,0,0,0,0,0,0,0,0,0,180,forward,0,0,0,1.1533711684715882,103.89484687978813
11:46:13,1.153461,103.894775,0,0,0,0,0,0,0,0,0,180,forward,0,0,0,1.1533711684715882,103.89484687978813
11:46:15,1.153461,103.894775,0,0,0,0,0,0,0,0,0,180,forward,0,0,0,1.1533711684715882,103.89484687978813
11:46:17,1.153461,103.894775,0,0,0,0,0,0,0,0,0,180,forward,0,0,0,1.1533711684715882,103.89484687978813
11:46:19,1.153461,103.894775,0,0,0,0,0,0,0,0,0,180,forward,0,0,0,1.1533711684715882,103.89484687978813
11:46:21,1.153461,103.894775,0,0,0,0,0,0,0,0,0,180,forward,0,0,0,1.1533711684715882,103.89484687978813
11:46:23,1.153461,103.894775,0,0,0,0,0,0,0,0,0,180,forward,0,0,0,1.1533711684715882,103.89484687978813
11:46:25,1.153461,103.894775,0,0,0,0,0,0,0,0,0,180,forward,0,0,0,1.1533711684715882,103.89484687978813
11:46:27,1.153461,103.894775,0,0,0,0,0,0,0,0,0,180,forward,0,0,0,1.1533711684715882,103.89484687978813
11:46:30,1.153461,103.894775,0,0,0,0,0,0,0,0,0,180,forward,0,0,0,1.1533711684715882,103.89484687978813
11:46:32,1.153461,103.894775,0,0,0,0,0,0,0,0,0,180,forward,0,0,0,1.1533711684715882,103.89484687978813
11:46:34,1.153461,103.894775,0,0,0,0,0,0,0,0,0,180,forward,0,0,0,1.1533711684715882,103.89484687978813
11:46:36,1.153461,103.894775,0,0,0,0,0,0,0,0,0,180,forward,0,0,0,1.1533711684715882,103.89484687978813
11:46:38,1.153461,103.894775,0,0,0,0,0,0,0,0,0,180,forward,0,0,0,1.1533711684715882,103.89484687978813
11:46:40,1.153461,103.894775,0,0,0,0,0,0,0,0,0,180,forward,0,0,0,1.1533711684715882,103.89484687978813
11:46:42,1.153461,103.894775,0,0,0,0,0,0,0,0,0,180,forward,0,0,0,1.1533711684715882,103.89484687978813
11:46:44,1.153461,103.894775,0,0,0,0,0,0,0,0,0,180,forward,0,0,0,1.1533711684715882,103.89484687978813
11:46:46,1.153461,103.894775,0,0,0,0,0,0,0,0,0,180,forward,0,0,0,1.1533711684715882,103.89484687978813
11:46:48,1.153461,103.894775,0,0,0,0,0,0,0,0,0,180,forward,0,0,0,1.1533711684715882,103.89484687978813
11:46:50,1.153461,103.894775,0,0,0,0,0,0,0,0,0,180,forward,0,0,0,1.1533711684715882,103.89484687978813
11:46:52,1.153461,103.894775,0,0,0,0,0,0,0,0,0,180,forward,0,0,0,1.1533711684715882,103.89484687978813
11:46:55,1.153461,103.894775,0,0,0,0,0,0,0,0,0,180,forward,0,0,0,1.1533711684715882,103.89484687978813
11:46:57,1.153461,103.894775,0,0,0,0,0,0,0,0,0,180,forward,0,0,0,1.1533711684715882,103.89484687978813
11:46:59,1.153461,103.894775,0,0,0,0,0,0,0,0,0,180,forward,0,0,0,1.1533711684715882,103.89484687978813
11:47:1,1.153461,103.894775,0,0,0,0,0,0,0,0,0,180,forward,0,0,0,1.1533711684715882,103.89484687978813
11:47:3,1.153461,103.894775,0,0,0,0,0,0,0,0,0,180,forward,0,0,0,1.1533711684715882,103.89484687978813
11:47:5,1.153461,103.894775,0,0,0,0,0,0,0,0,0,180,forward,0,0,0,1.1533711684715882,103.89484687978813
11:47:7,1.153461,103.894775,0,0,0,0,0,0,0,0,0,180,forward,0,0,0,1.1533711684715882,103.89484687978813
11:47:9,1.153461,103.894775,0,0,0,0,0,0,0,0,0,180,forward,0,0,0,1.1533711684715882,103.89484687978813
11:47:11,1.153461,103.894775,0,0,0,0,0,0,0,0,0,180,forward,0,0,0,1.1533711684715882,103.89484687978813
11:47:13,1.153461,103.894775,0,0,0,0,0,0,0,0,0,180,forward,0,0,0,1.1533711684715882,103.89484687978813
11:47:15,1.153461,103.894775,0,0,0,0,0,0,0,0,0,180,forward,0,0,0,1.1533711684715882,103.89484687978813
11:47:17,1.153461,103.894775,0,0,0,0,0,0,0,0,0,180,forward,0,0,0,1.1533711684715882,103.89484687978813
11:47:19,1.153461,103.894775,0,0,0,0,0,0,0,0,0,180,forward,0,0,0,1.1533711684715882,103.89484687978813
11:47:21,1.153461,103.894775,0,0,0,0,0,0,0,0,0,180,forward,0,0,0,1.1533711684715882,103.89484687978813
11:47:24,1.153461,103.894775,0,0,0,0,0,0,0,0,0,180,forward,0,0,0,1.1533711684715882,103.89484687978813
11:47:26,1.153461,103.894775,0,0,0,0,0,0,0,0,0,180,forward,0,0,0,1.1533711684715882,103.89484687978813
11:47:28,1.153461,103.894775,0,0,0,0,0,0,0,0,0,180,forward,0,0,0,1.1533711684715882,103.89484687978813
11:47:30,1.153461,103.894775,0,0,0,0,0,0,0,0,0,180,forward,0,0,0,1.1533711684715882,103.89484687978813
11:47:32,1.153461,103.894775,0,0,0,0,0,0,0,0,0,180,forward,0,0,0,1.1533711684715882,103.89484687978813
11:47:34,1.153461,103.894775,0,0,0,0,0,0,0,0,0,180,forward,0,0,0,1.1533711684715882,103.89484687978813
11:47:36,1.153461,103.894775,0,0,0,0,0,0,0,0,0,180,forward,0,0,0,1.1533711684715882,103.89484687978813
11:47:38,1.153461,103.894775,0,0,0,0,0,0,0,0,0,180,forward,0,0,0,1.1533711684715882,103.89484687978813
11:47:40,1.153461,103.894775,0,0,0,0,0,0,0,0,0,180,forward,0,0,0,1.1533711684715882,103.89484687978813
11:47:42,1.153461,103.894775,0,0,0,0,0,0,0,0,0,180,forward,0,0,0,1.1533711684715882,103.89484687978813
11:47:44,1.153461,103.894775,0,0,0,0,0,0,0,0,0,180,forward,0,0,0,1.1533711684715882,103.89484687978813
11:47:46,1.153461,103.894775,0,0,0,0,0,0,0,0,0,180,forward,0,0,0,1.1533711684715882,103.89484687978813
11:47:48,1.153461,103.894775,0,0,0,0,0,0,0,0,0,180,forward,0,0,0,1.1533711684715882,103.89484687978813
11:47:50,1.153461,103.894775,0,0,0,0,0,0,0,0,0,180,forward,0,0,0,1.1533711684715882,103.89484687978813
11:47:53,1.153461,103.894775,0,0,0,0,0,0,0,0,0,180,forward,0,0,0,1.1533711684715882,103.89484687978813
11:47:55,1.153461,103.894775,0,0,0,0,0,0,0,0,0,180,forward,0,0,0,1.1533711684715882,103.89484687978813
11:47:57,1.153461,103.894775,0,0,0,0,0,0,0,0,0,180,forward,0,0,0,1.1533711684715882,103.89484687978813
11:47:59,1.153461,103.894775,0,0,0,0,0,0,0,0,0,180,forward,0,0,0,1.1533711684715882,103.89484687978813
11:48:1,1.153461,103.894775,0,0,0,0,0,0,0,0,0,180,forward,0,0,0,1.1533711684715882,103.89484687978813
11:48:3,1.153461,103.894775,0,0,0,0,0,0,0,0,0,180,forward,0,0,0,1.1533711684715882,103.89484687978813
11:48:5,1.153461,103.894775,0,0,0,0,0,0,0,0,0,180,forward,0,0,0,1.1533711684715882,103.89484687978813
11:48:7,1.153461,103.894775,0,0,0,0,0,0,0,0,0,180,forward,0,0,0,1.1533711684715882,103.89484687978813
11:48:9,1.153461,103.894775,0,0,0,0,0,0,0,0,0,180,forward,0,0,0,1.1533711684715882,103.89484687978813
11:48:11,1.153461,103.894775,0,0,0,0,0,0,0,0,0,180,forward,0,0,0,1.1533711684715882,103.89484687978813
11:48:13,1.153461,103.894775,0,0,0,0,0,0,0,0,0,180,forward,0,0,0,1.1533711684715882,103.89484687978813
11:48:15,1.153461,103.894775,0,0,0,0,0,0,0,0,0,180,forward,0,0,0,1.1533711684715882,103.89484687978813
11:48:17,1.153461,103.894775,0,0,0,0,0,0,0,0,0,180,forward,0,0,0,1.1533711684715882,103.89484687978813
11:48:20,1.153461,103.894775,0,0,0,0,0,0,0,0,0,180,forward,0,0,0,1.1533711684715882,103.89484687978813
11:48:22,1.153461,103.894775,0,0,0,0,0,0,0,0,0,180,forward,0,0,0,1.1533711684715882,103.89484687978813
11:48:24,1.153461,103.894775,0,0,0,0,0,0,0,0,0,180,forward,0,0,0,1.1533711684715882,103.89484687978813
11:48:26,1.153461,103.894775,0,0,0,0,0,0,0,0,0,180,forward,0,0,0,1.1533711684715882,103.89484687978813
11:48:28,1.153461,103.894775,0,0,0,0,0,0,0,0,0,180,forward,0,0,0,1.1533711684715882,103.89484687978813
11:48:30,1.153461,103.894775,0,0,0,0,0,0,0,0,0,180,forward,0,0,0,1.1533711684715882,103.89484687978813
11:48:32,1.153461,103.894775,0,0,0,0,0,0,0,0,0,180,forward,0,0,0,1.1533711684715882,103.89484687978813
11:48:34,1.153461,103.894775,0,0,0,0,0,0,0,0,0,180,forward,0,0,0,1.1533711684715882,103.89484687978813
11:48:36,1.153461,103.894775,0,0,0,0,0,0,0,0,0,180,forward,0,0,0,1.1533711684715882,103.89484687978813
11:48:38,1.153461,103.894775,0,0,0,0,0,0,0,0,0,180,forward,0,0,0,1.1533711684715882,103.89484687978813
11:48:40,1.153461,103.894775,0,0,0,0,0,0,0,0,0,180,forward,0,0,0,1.1533711684715882,103.89484687978813
11:48:42,1.153461,103.894775,0,0,0,0,0,0,0,0,0,180,forward,0,0,0,1.1533711684715882,103.89484687978813
11:48:45,1.153461,103.894775,0,0,0,0,0,0,0,0,0,180,forward,0,0,0,1.1533711684715882,103.89484687978813
11:48:47,1.153461,103.894775,0,0,0,0,0,0,0,0,0,180,forward,0,0,0,1.1533711684715882,103.89484687978813
11:48:49,1.153461,103.894775,0,0,0,0,0,0,0,0,0,180,forward,0,0,0,1.1533711684715882,103.89484687978813
11:48:51,1.153461,103.894775,0,0,0,0,0,0,0,0,0,180,forward,0,0,0,1.1533711684715882,103.89484687978813
11:48:53,1.153461,103.894775,0,0,0,0,0,0,0,0,0,180,forward,0,0,0,1.1533711684715882,103.89484687978813
11:48:55,1.153461,103.894775,0,0,0,0,0,0,0,0,0,180,forward,0,0,0,1.1533711684715882,103.89484687978813
11:48:57,1.153461,103.894775,0,0,0,0,0,0,0,0,0,180,forward,0,0,0,1.1533711684715882,103.89484687978813
11:48:59,1.153461,103.894775,0,0,0,0,0,0,0,0,0,180,forward,0,0,0,1.1533711684715882,103.89484687978813
11:49:1,1.153461,103.894775,0,0,0,0,0,0,0,0,0,180,forward,0,0,0,1.1533711684715882,103.89484687978813
11:49:3,1.153461,103.894775,0,0,0,0,0,0,0,0,0,180,forward,0,0,0,1.1533711684715882,103.89484687978813
11:49:5,1.153461,103.894775,0,0,0,0,0,0,0,0,0,180,forward,0,0,0,1.1533711684715882,103.89484687978813
11:49:8,1.153461,103.894775,0,0,0,0,0,0,0,0,0,180,forward,0,0,0,1.1533711684715882,103.89484687978813
11:49:10,1.153461,103.894775,0,0,0,0,0,0,0,0,0,180,forward,0,0,0,1.1533711684715882,103.89484687978813
11:49:12,1.153461,103.894775,0,0,0,0,0,0,0,0,0,180,forward,0,0,0,1.1533711684715882,103.89484687978813
11:49:14,1.153461,103.894775,0,0,0,0,0,0,0,0,0,180,forward,0,0,0,1.1533711684715882,103.89484687978813
11:49:16,1.153461,103.894775,0,0,0,0,0,0,0,0,0,180,forward,0,0,0,1.1533711684715882,103.89484687978813
11:49:18,1.153461,103.894775,0,0,0,0,0,0,0,0,0,180,forward,0,0,0,1.1533711684715882,103.89484687978813
11:49:20,1.153461,103.894775,0,0,0,0,0,0,0,0,0,180,forward,0,0,0,1.1533711684715882,103.89484687978813
11:49:22,1.153461,103.894775,0,0,0,0,0,0,0,0,0,180,forward,0,0,0,1.1533711684715882,103.89484687978813
11:49:24,1.153461,103.894775,0,0,0,0,0,0,0,0,0,180,forward,0,0,0,1.1533711684715882,103.89484687978813
11:49:26,1.153461,103.894775,0,0,0,0,0,0,0,0,0,180,forward,0,0,0,1.1533711684715882,103.89484687978813
11:49:28,1.153461,103.894775,0,0,0,0,0,0,0,0,0,180,forward,0,0,0,1.1533711684715882,103.89484687978813
11:49:30,1.153461,103.894775,0,0,0,0,0,0,0,0,0,180,forward,0,0,0,1.1533711684715882,103.89484687978813
11:49:32,1.153461,103.894775,0,0,0,0,0,0,0,0,0,180,forward,0,0,0,1.1533711684715882,103.89484687978813
11:49:35,1.153461,103.894775,0,0,0,0,0,0,0,0,0,180,forward,0,0,0,1.1533711684715882,103.89484687978813
11:49:37,1.153461,103.894775,0,0,0,0,0,0,0,0,0,180,forward,0,0,0,1.1533711684715882,103.89484687978813
11:49:39,1.153461,103.894775,0,0,0,0,0,0,0,0,0,180,forward,0,0,0,1.1533711684715882,103.89484687978813
11:49:41,1.153461,103.894775,0,0,0,0,0,0,0,0,0,180,forward,0,0,0,1.1533711684715882,103.89484687978813
11:49:43,1.153461,103.894775,0,0,0,0,0,0,0,0,0,180,forward,0,0,0,1.1533711684715882,103.89484687978813
11:49:45,1.153461,103.894775,0,0,0,0,0,0,0,0,0,180,forward,0,0,0,1.1533711684715882,103.89484687978813
11:49:47,1.153461,103.894775,0,0,0,0,0,0,0,0,0,180,forward,0,0,0,1.1533711684715882,103.89484687978813
11:49:49,1.153461,103.894775,0,0,0,0,0,0,0,0,0,180,forward,0,0,0,1.1533711684715882,103.89484687978813
11:49:51,1.153461,103.894775,0,0,0,0,0,0,0,0,0,180,forward,0,0,0,1.1533711684715882,103.89484687978813
11:49:53,1.153461,103.894775,0,0,0,0,0,0,0,0,0,180,forward,0,0,0,1.1533711684715882,103.89484687978813
11:49:55,1.153461,103.894775,0,0,0,0,0,0,0,0,0,180,forward,0,0,0,1.1533711684715882,103.89484687978813
11:49:57,1.153461,103.894775,0,0,0,0,0,0,0,0,0,180,forward,0,0,0,1.1533711684715882,103.89484687978813
11:49:59,1.153461,103.894775,0,0,0,0,0,0,0,0,0,180,forward,0,0,0,1.1533711684715882,103.89484687978813
11:50:2,1.153461,103.894775,0,0,0,0,0,0,0,0,0,180,forward,0,0,0,1.1533711684715882,103.89484687978813
11:50:4,1.153461,103.894775,0,0,0,0,0,0,0,0,0,180,forward,0,0,0,1.1533711684715882,103.89484687978813
11:50:6,1.153461,103.894775,0,0,0,0,0,0,0,0,0,180,forward,0,0,0,1.1533711684715882,103.89484687978813
11:50:8,1.153461,103.894775,0,0,0,0,0,0,0,0,0,180,forward,0,0,0,1.1533711684715882,103.89484687978813
11:50:10,1.153461,103.894775,0,0,0,0,0,0,0,0,0,180,forward,0,0,0,1.1533711684715882,103.89484687978813
11:50:12,1.153461,103.894775,0,0,0,0,0,0,0,0,0,180,forward,0,0,0,1.1533711684715882,103.89484687978813
11:50:14,1.153461,103.894775,0,0,0,0,0,0,0,0,0,180,forward,0,0,0,1.1533711684715882,103.89484687978813
11:50:16,1.153461,103.894775,0,0,0,0,0,0,0,0,0,180,forward,0,0,0,1.1533711684715882,103.89484687978813
11:50:18,1.153461,103.894775,0,0,0,0,0,0,0,0,0,180,forward,0,0,0,1.1533711684715882,103.89484687978813
11:50:20,1.153461,103.894775,0,0,0,0,0,0,0,0,0,180,forward,0,0,0,1.1533711684715882,103.89484687978813
11:50:22,1.153461,103.894775,0,0,0,0,0,0,0,0,0,180,forward,0,0,0,1.1533711684715882,103.89484687978813
11:50:24,1.153461,103.894775,0,0,0,0,0,0,0,0,0,180,forward,0,0,0,1.1533711684715882,103.89484687978813
11:50:27,1.153461,103.894775,0,0,0,0,0,0,0,0,0,180,forward,0,0,0,1.1533711684715882,103.89484687978813
11:50:29,1.153461,103.894775,0,0,0,0,0,0,0,0,0,180,forward,0,0,0,1.1533711684715882,103.89484687978813
11:50:31,1.153461,103.894775,0,0,0,0,0,0,0,0,0,180,forward,0,0,0,1.1533711684715882,103.89484687978813
11:50:33,1.153461,103.894775,0,0,0,0,0,0,0,0,0,180,forward,0,0,0,1.1533711684715882,103.89484687978813
11:50:35,1.153461,103.894775,0,0,0,0,0,0,0,0,0,180,forward,0,0,0,1.1533711684715882,103.89484687978813
11:50:37,1.153461,103.894775,0,0,0,0,0,0,0,0,0,180,forward,0,0,0,1.1533711684715882,103.89484687978813
11:50:39,1.153461,103.894775,0,0,0,0,0,0,0,0,0,180,forward,0,0,0,1.1533711684715882,103.89484687978813
11:50:41,1.153461,103.894775,0,0,0,0,0,0,0,0,0,180,forward,0,0,0,1.1533711684715882,103.89484687978813
11:50:43,1.153461,103.894775,0,0,0,0,0,0,0,0,0,180,forward,0,0,0,1.1533711684715882,103.89484687978813
11:50:45,1.153461,103.894775,0,0,0,0,0,0,0,0,0,180,forward,0,0,0,1.1533711684715882,103.89484687978813
11:50:48,1.153461,103.894775,0,0,0,0,0,0,0,0,0,180,forward,0,0,0,1.1533711684715882,103.89484687978813
11:50:50,1.153461,103.894775,0,0,0,0,0,0,0,0,0,180,forward,0,0,0,1.1533711684715882,103.89484687978813
11:50:52,1.153461,103.894775,0,0,0,0,0,0,0,0,0,180,forward,0,0,0,1.1533711684715882,103.89484687978813
11:50:54,1.153461,103.894775,0,0,0,0,0,0,0,0,0,180,forward,0,0,0,1.1533711684715882,103.89484687978813
11:50:56,1.153461,103.894775,0,0,0,0,0,0,0,0,0,180,forward,0,0,0,1.1533711684715882,103.89484687978813
11:50:58,1.153461,103.894775,0,0,0,0,0,0,0,0,0,180,forward,0,0,0,1.1533711684715882,103.89484687978813
11:51:0,1.153461,103.894775,0,0,0,0,0,0,0,0,0,180,forward,0,0,0,1.1533711684715882,103.89484687978813
11:51:2,1.153461,103.894775,0,0,0,0,0,0,0,0,0,180,forward,0,0,0,1.1533711684715882,103.89484687978813
11:51:4,1.153461,103.894775,0,0,0,0,0,0,0,0,0,180,forward,0,0,0,1.1533711684715882,103.89484687978813
11:51:6,1.153461,103.894775,0,0,0,0,0,0,0,0,0,180,forward,0,0,0,1.1533711684715882,103.89484687978813
11:51:8,1.153461,103.894775,0,0,0,0,0,0,0,0,0,180,forward,0,0,0,1.1533711684715882,103.89484687978813
11:51:11,1.153461,103.894775,0,0,0,0,0,0,0,0,0,180,forward,0,0,0,1.1533711684715882,103.89484687978813
11:51:13,1.153461,103.894775,0,0,0,0,0,0,0,0,0,180,forward,0,0,0,1.1533711684715882,103.89484687978813
11:51:15,1.153461,103.894775,0,0,0,0,0,0,0,0,0,180,forward,0,0,0,1.1533711684715882,103.89484687978813
11:51:17,1.153461,103.894775,0,0,0,0,0,0,0,0,0,180,forward,0,0,0,1.1533711684715882,103.89484687978813
11:51:19,1.153461,103.894775,0,0,0,0,0,0,0,0,0,180,forward,0,0,0,1.1533711684715882,103.89484687978813
11:51:21,1.153461,103.894775,0,0,0,0,0,0,0,0,0,180,forward,0,0,0,1.1533711684715882,103.89484687978813
11:51:23,1.153461,103.894775,0,0,0,0,0,0,0,0,0,180,forward,0,0,0,1.1533711684715882,103.89484687978813
11:51:25,1.153461,103.894775,0,0,0,0,0,0,0,0,0,180,forward,0,0,0,1.1533711684715882,103.89484687978813
11:51:27,1.153461,103.894775,0,0,0,0,0,0,0,0,0,180,forward,0,0,0,1.1533711684715882,103.89484687978813
11:51:29,1.153461,103.894775,0,0,0,0,0,0,0,0,0,180,forward,0,0,0,1.1533711684715882,103.89484687978813
11:51:31,1.153461,103.894775,0,0,0,0,0,0,0,0,0,180,forward,0,0,0,1.1533711684715882,103.89484687978813
11:51:33,1.153461,103.894775,0,0,0,0,0,0,0,0,0,180,forward,0,0,0,1.1533711684715882,103.89484687978813
11:51:36,1.153461,103.894775,0,0,0,0,0,0,0,0,0,180,forward,0,0,0,1.1533711684715882,103.89484687978813
11:51:38,1.153461,103.894775,0,0,0,0,0,0,0,0,0,180,forward,0,0,0,1.1533711684715882,103.89484687978813
11:51:40,1.153461,103.894775,0,0,0,0,0,0,0,0,0,180,forward,0,0,0,1.1533711684715882,103.89484687978813
11:51:42,1.153461,103.894775,0,0,0,0,0,0,0,0,0,180,forward,0,0,0,1.1533711684715882,103.89484687978813
11:51:44,1.153461,103.894775,0,0,0,0,0,0,0,0,0,180,forward,0,0,0,1.1533711684715882,103.89484687978813
11:51:46,1.153461,103.894775,0,0,0,0,0,0,0,0,0,180,forward,0,0,0,1.1533711684715882,103.89484687978813
11:51:48,1.153461,103.894775,0,0,0,0,0,0,0,0,0,180,forward,0,0,0,1.1533711684715882,103.89484687978813
11:51:50,1.153461,103.894775,0,0,0,0,0,0,0,0,0,180,forward,0,0,0,1.1533711684715882,103.89484687978813
11:51:52,1.153461,103.894775,0,0,0,0,0,0,0,0,0,180,forward,0,0,0,1.1533711684715882,103.89484687978813
11:51:54,1.153461,103.894775,0,0,0,0,0,0,0,0,0,180,forward,0,0,0,1.1533711684715882,103.89484687978813
11:51:56,1.153461,103.894775,0,0,0,0,0,0,0,0,0,180,forward,0,0,0,1.1533711684715882,103.89484687978813
11:51:59,1.153461,103.894775,0,0,0,0,0,0,0,0,0,180,forward,0,0,0,1.1533711684715882,103.89484687978813
11:52:1,1.153461,103.894775,0,0,0,0,0,0,0,0,0,180,forward,0,0,0,1.1533711684715882,103.89484687978813
11:52:3,1.153461,103.894775,0,0,0,0,0,0,0,0,0,180,forward,0,0,0,1.1533711684715882,103.89484687978813
11:52:5,1.153461,103.894775,0,0,0,0,0,0,0,0,0,180,forward,0,0,0,1.1533711684715882,103.89484687978813
11:52:7,1.153461,103.894775,0,0,0,0,0,0,0,0,0,180,forward,0,0,0,1.1533711684715882,103.89484687978813
11:52:9,1.153461,103.894775,0,0,0,0,0,0,0,0,0,180,forward,0,0,0,1.1533711684715882,103.89484687978813
11:52:11,1.153461,103.894775,0,0,0,0,0,0,0,0,0,180,forward,0,0,0,1.1533711684715882,103.89484687978813
11:52:13,1.153461,103.894775,0,0,0,0,0,0,0,0,0,180,forward,0,0,0,1.1533711684715882,103.89484687978813
11:52:15,1.153461,103.894775,0,0,0,0,0,0,0,0,0,180,forward,0,0,0,1.1533711684715882,103.89484687978813
11:52:17,1.153461,103.894775,0,0,0,0,0,0,0,0,0,180,forward,0,0,0,1.1533711684715882,103.89484687978813
11:52:19,1.153461,103.894775,0,0,0,0,0,0,0,0,0,180,forward,0,0,0,1.1533711684715882,103.89484687978813
11:52:21,1.153461,103.894775,0,0,0,0,0,0,0,0,0,180,forward,0,0,0,1.1533711684715882,103.89484687978813
11:52:24,1.153461,103.894775,0,0,0,0,0,0,0,0,0,180,forward,0,0,0,1.1533711684715882,103.89484687978813
11:52:26,1.153461,103.894775,0,0,0,0,0,0,0,0,0,180,forward,0,0,0,1.1533711684715882,103.89484687978813
11:52:28,1.153461,103.894775,0,0,0,0,0,0,0,0,0,180,forward,0,0,0,1.1533711684715882,103.89484687978813
11:52:30,1.153461,103.894775,0,0,0,0,0,0,0,0,0,180,forward,0,0,0,1.1533711684715882,103.89484687978813
11:52:32,1.153461,103.894775,0,0,0,0,0,0,0,0,0,180,forward,0,0,0,1.1533711684715882,103.89484687978813
11:52:34,1.153461,103.894775,0,0,0,0,0,0,0,0,0,180,forward,0,0,0,1.1533711684715882,103.89484687978813
11:52:36,1.153461,103.894775,0,0,0,0,0,0,0,0,0,180,forward,0,0,0,1.1533711684715882,103.89484687978813
11:52:38,1.153461,103.894775,0,0,0,0,0,0,0,0,0,180,forward,0,0,0,1.1533711684715882,103.89484687978813
11:52:40,1.153461,103.894775,0,0,0,0,0,0,0,0,0,180,forward,0,0,0,1.1533711684715882,103.89484687978813
11:52:42,1.153461,103.894775,0,0,0,0,0,0,0,0,0,180,forward,0,0,0,1.1533711684715882,103.89484687978813
11:52:44,1.153461,103.894775,0,0,0,0,0,0,0,0,0,180,forward,0,0,0,1.1533711684715882,103.89484687978813
11:52:47,1.153461,103.894775,0,0,0,0,0,0,0,0,0,180,forward,0,0,0,1.1533711684715882,103.89484687978813
11:52:49,1.153461,103.894775,0,0,0,0,0,0,0,0,0,180,forward,0,0,0,1.1533711684715882,103.89484687978813
11:52:51,1.153461,103.894775,0,0,0,0,0,0,0,0,0,180,forward,0,0,0,1.1533711684715882,103.89484687978813
11:52:53,1.153461,103.894775,0,0,0,0,0,0,0,0,0,180,forward,0,0,0,1.1533711684715882,103.89484687978813
11:52:55,1.153461,103.894775,0,0,0,0,0,0,0,0,0,180,forward,0,0,0,1.1533711684715882,103.89484687978813
11:52:57,1.153461,103.894775,0,0,0,0,0,0,0,0,0,180,forward,0,0,0,1.1533711684715882,103.89484687978813
11:52:59,1.153461,103.894775,0,0,0,0,0,0,0,0,0,180,forward,0,0,0,1.1533711684715882,103.89484687978813
11:53:1,1.153461,103.894775,0,0,0,0,0,0,0,0,0,180,forward,0,0,0,1.1533711684715882,103.89484687978813
11:53:3,1.153461,103.894775,0,0,0,0,0,0,0,0,0,180,forward,0,0,0,1.1533711684715882,103.89484687978813
11:53:5,1.153461,103.894775,0,0,0,0,0,0,0,0,0,180,forward,0,0,0,1.1533711684715882,103.89484687978813
11:53:7,1.153461,103.894775,0,0,0,0,0,0,0,0,0,180,forward,0,0,0,1.1533711684715882,103.89484687978813
11:53:9,1.153461,103.894775,0,0,0,0,0,0,0,0,0,180,forward,0,0,0,1.1533711684715882,103.89484687978813
11:53:11,1.153461,103.894775,0,0,0,0,0,0,0,0,0,180,forward,0,0,0,1.1533711684715882,103.89484687978813
11:53:13,1.153461,103.894775,0,0,0,0,0,0,0,0,0,180,forward,0,0,0,1.1533711684715882,103.89484687978813
11:53:16,1.153461,103.894775,0,0,0,0,0,0,0,0,0,180,forward,0,0,0,1.1533711684715882,103.89484687978813
11:53:18,1.153461,103.894775,0,0,0,0,0,0,0,0,0,180,forward,0,0,0,1.1533711684715882,103.89484687978813
11:53:20,1.153461,103.894775,0,0,0,0,0,0,0,0,0,180,forward,0,0,0,1.1533711684715882,103.89484687978813
11:53:22,1.153461,103.894775,0,0,0,0,0,0,0,0,0,180,forward,0,0,0,1.1533711684715882,103.89484687978813
11:53:24,1.153461,103.894775,0,0,0,0,0,0,0,0,0,180,forward,0,0,0,1.1533711684715882,103.89484687978813
11:53:26,1.153461,103.894775,0,0,0,0,0,0,0,0,0,180,forward,0,0,0,1.1533711684715882,103.89484687978813
11:53:28,1.153461,103.894775,0,0,0,0,0,0,0,0,0,180,forward,0,0,0,1.1533711684715882,103.89484687978813
11:53:30,1.153461,103.894775,0,0,0,0,0,0,0,0,0,180,forward,0,0,0,1.1533711684715882,103.89484687978813
11:53:32,1.153461,103.894775,0,0,0,0,0,0,0,0,0,180,forward,0,0,0,1.1533711684715882,103.89484687978813
11:53:34,1.153461,103.894775,0,0,0,0,0,0,0,0,0,180,forward,0,0,0,1.1533711684715882,103.89484687978813
11:53:36,1.153461,103.894775,0,0,0,0,0,0,0,0,0,180,forward,0,0,0,1.1533711684715882,103.89484687978813
11:53:38,1.153461,103.894775,0,0,0,0,0,0,0,0,0,180,forward,0,0,0,1.1533711684715882,103.89484687978813
11:53:40,1.153461,103.894775,0,0,0,0,0,0,0,0,0,180,forward,0,0,0,1.1533711684715882,103.89484687978813
11:53:42,1.153461,103.894775,0,0,0,0,0,0,0,0,0,180,forward,0,0,0,1.1533711684715882,103.89484687978813
11:53:44,1.153461,103.894775,0,0,0,0,0,0,0,0,0,180,forward,0,0,0,1.1533711684715882,103.89484687978813
11:53:46,1.153461,103.894775,0,0,0,0,0,0,0,0,0,180,forward,0,0,0,1.1533711684715882,103.89484687978813
11:53:49,1.153461,103.894775,0,0,0,0,0,0,0,0,0,180,forward,0,0,0,1.1533711684715882,103.89484687978813
11:53:51,1.153461,103.894775,0,0,0,0,0,0,0,0,0,180,forward,0,0,0,1.1533711684715882,103.89484687978813
11:53:53,1.153461,103.894775,0,0,0,0,0,0,0,0,0,180,forward,0,0,0,1.1533711684715882,103.89484687978813
11:53:55,1.153461,103.894775,0,0,0,0,0,0,0,0,0,180,forward,0,0,0,1.1533711684715882,103.89484687978813
11:53:57,1.153461,103.894775,0,0,0,0,0,0,0,0,0,180,forward,0,0,0,1.1533711684715882,103.89484687978813
11:53:59,1.153461,103.894775,0,0,0,0,0,0,0,0,0,180,forward,0,0,0,1.1533711684715882,103.89484687978813
11:54:1,1.153461,103.894775,0,0,0,0,0,0,0,0,0,180,forward,0,0,0,1.1533711684715882,103.89484687978813
11:54:3,1.153461,103.894775,0,0,0,0,0,0,0,0,0,180,forward,0,0,0,1.1533711684715882,103.89484687978813
11:54:5,1.153461,103.894775,0,0,0,0,0,0,0,0,0,180,forward,0,0,0,1.1533711684715882,103.89484687978813
11:54:7,1.153461,103.894775,0,0,0,0,0,0,0,0,0,180,forward,0,0,0,1.1533711684715882,103.89484687978813
11:54:9,1.153461,103.894775,0,0,0,0,0,0,0,0,0,180,forward,0,0,0,1.1533711684715882,103.89484687978813
11:54:11,1.153461,103.894775,0,0,0,0,0,0,0,0,0,180,forward,0,0,0,1.1533711684715882,103.89484687978813
11:54:13,1.153461,103.894775,0,0,0,0,0,0,0,0,0,180,forward,0,0,0,1.1533711684715882,103.89484687978813
11:54:15,1.153461,103.894775,0,0,0,0,0,0,0,0,0,180,forward,0,0,0,1.1533711684715882,103.89484687978813
11:54:18,1.153461,103.894775,0,0,0,0,0,0,0,0,0,180,forward,0,0,0,1.1533711684715882,103.89484687978813
11:54:20,1.153461,103.894775,0,0,0,0,0,0,0,0,0,180,forward,0,0,0,1.1533711684715882,103.89484687978813
11:54:22,1.153461,103.894775,0,0,0,0,0,0,0,0,0,180,forward,0,0,0,1.1533711684715882,103.89484687978813
11:54:24,1.153461,103.894775,0,0,0,0,0,0,0,0,0,180,forward,0,0,0,1.1533711684715882,103.89484687978813
11:54:26,1.153461,103.894775,0,0,0,0,0,0,0,0,0,180,forward,0,0,0,1.1533711684715882,103.89484687978813
11:54:28,1.153461,103.894775,0,0,0,0,0,0,0,0,0,180,forward,0,0,0,1.1533711684715882,103.89484687978813
11:54:30,1.153461,103.894775,0,0,0,0,0,0,0,0,0,180,forward,0,0,0,1.1533711684715882,103.89484687978813
11:54:32,1.153461,103.894775,0,0,0,0,0,0,0,0,0,180,forward,0,0,0,1.1533711684715882,103.89484687978813
11:54:34,1.153461,103.894775,0,0,0,0,0,0,0,0,0,180,forward,0,0,0,1.1533711684715882,103.89484687978813
11:54:36,1.153461,103.894775,0,0,0,0,0,0,0,0,0,180,forward,0,0,0,1.1533711684715882,103.89484687978813
11:54:38,1.153461,103.894775,0,0,0,0,0,0,0,0,0,180,forward,0,0,0,1.1533711684715882,103.89484687978813
11:54:40,1.153461,103.894775,0,0,0,0,0,0,0,0,0,180,forward,0,0,0,1.1533711684715882,103.89484687978813
11:54:42,1.153461,103.894775,0,0,0,0,0,0,0,0,0,180,forward,0,0,0,1.1533711684715882,103.89484687978813
11:54:44,1.153461,103.894775,0,0,0,0,0,0,0,0,0,180,forward,0,0,0,1.1533711684715882,103.89484687978813
11:54:47,1.153461,103.894775,0,0,0,0,0,0,0,0,0,180,forward,0,0,0,1.1533711684715882,103.89484687978813
11:54:49,1.153461,103.894775,0,0,0,0,0,0,0,0,0,180,forward,0,0,0,1.1533711684715882,103.89484687978813
11:54:51,1.153461,103.894775,0,0,0,0,0,0,0,0,0,180,forward,0,0,0,1.1533711684715882,103.89484687978813
11:54:53,1.153461,103.894775,0,0,0,0,0,0,0,0,0,180,forward,0,0,0,1.1533711684715882,103.89484687978813
11:54:55,1.153461,103.894775,0,0,0,0,0,0,0,0,0,180,forward,0,0,0,1.1533711684715882,103.89484687978813
11:54:57,1.153461,103.894775,0,0,0,0,0,0,0,0,0,180,forward,0,0,0,1.1533711684715882,103.89484687978813
11:54:59,1.153461,103.894775,0,0,0,0,0,0,0,0,0,180,forward,0,0,0,1.1533711684715882,103.89484687978813
11:55:1,1.153461,103.894775,0,0,0,0,0,0,0,0,0,180,forward,0,0,0,1.1533711684715882,103.89484687978813
11:55:3,1.153461,103.894775,0,0,0,0,0,0,0,0,0,180,forward,0,0,0,1.1533711684715882,103.89484687978813
11:55:5,1.153461,103.894775,0,0,0,0,0,0,0,0,0,180,forward,0,0,0,1.1533711684715882,103.89484687978813
11:55:7,1.153461,103.894775,0,0,0,0,0,0,0,0,0,180,forward,0,0,0,1.1533711684715882,103.89484687978813
11:55:9,1.153461,103.894775,0,0,0,0,0,0,0,0,0,180,forward,0,0,0,1.1533711684715882,103.89484687978813
11:55:11,1.153461,103.894775,0,0,0,0,0,0,0,0,0,180,forward,0,0,0,1.1533711684715882,103.89484687978813
11:55:13,1.153461,103.894775,0,0,0,0,0,0,0,0,0,180,forward,0,0,0,1.1533711684715882,103.89484687978813
11:55:15,1.153461,103.894775,0,0,0,0,0,0,0,0,0,180,forward,0,0,0,1.1533711684715882,103.89484687978813
11:55:18,1.153461,103.894775,0,0,0,0,0,0,0,0,0,180,forward,0,0,0,1.1533711684715882,103.89484687978813
11:55:20,1.153461,103.894775,0,0,0,0,0,0,0,0,0,180,forward,0,0,0,1.1533711684715882,103.89484687978813
11:55:22,1.153461,103.894775,0,0,0,0,0,0,0,0,0,180,forward,0,0,0,1.1533711684715882,103.89484687978813
11:55:24,1.153461,103.894775,0,0,0,0,0,0,0,0,0,180,forward,0,0,0,1.1533711684715882,103.89484687978813
11:55:26,1.153461,103.894775,0,0,0,0,0,0,0,0,0,180,forward,0,0,0,1.1533711684715882,103.89484687978813
11:55:28,1.153461,103.894775,0,0,0,0,0,0,0,0,0,180,forward,0,0,0,1.1533711684715882,103.89484687978813
11:55:30,1.153461,103.894775,0,0,0,0,0,0,0,0,0,180,forward,0,0,0,1.1533711684715882,103.89484687978813
11:55:32,1.153461,103.894775,0,0,0,0,0,0,0,0,0,180,forward,0,0,0,1.1533711684715882,103.89484687978813
11:55:34,1.153461,103.894775,0,0,0,0,0,0,0,0,0,180,forward,0,0,0,1.1533711684715882,103.89484687978813
11:55:36,1.153461,103.894775,0,0,0,0,0,0,0,0,0,180,forward,0,0,0,1.1533711684715882,103.89484687978813
11:55:38,1.153461,103.894775,0,0,0,0,0,0,0,0,0,180,forward,0,0,0,1.1533711684715882,103.89484687978813
11:55:40,1.153461,103.894775,0,0,0,0,0,0,0,0,0,180,forward,0,0,0,1.1533711684715882,103.89484687978813
11:55:43,1.153461,103.894775,0,0,0,0,0,0,0,0,0,180,forward,0,0,0,1.1533711684715882,103.89484687978813
11:55:45,1.153461,103.894775,0,0,0,0,0,0,0,0,0,180,forward,0,0,0,1.1533711684715882,103.89484687978813
11:55:47,1.153461,103.894775,0,0,0,0,0,0,0,0,0,180,forward,0,0,0,1.1533711684715882,103.89484687978813
11:55:49,1.153461,103.894775,0,0,0,0,0,0,0,0,0,180,forward,0,0,0,1.1533711684715882,103.89484687978813
11:55:51,1.153461,103.894775,0,0,0,0,0,0,0,0,0,180,forward,0,0,0,1.1533711684715882,103.89484687978813
11:55:53,1.153461,103.894775,0,0,0,0,0,0,0,0,0,180,forward,0,0,0,1.1533711684715882,103.89484687978813
11:55:55,1.153461,103.894775,0,0,0,0,0,0,0,0,0,180,forward,0,0,0,1.1533711684715882,103.89484687978813
11:55:57,1.153461,103.894775,0,0,0,0,0,0,0,0,0,180,forward,0,0,0,1.1533711684715882,103.89484687978813
11:55:59,1.153461,103.894775,0,0,0,0,0,0,0,0,0,180,forward,0,0,0,1.1533711684715882,103.89484687978813
11:56:1,1.153461,103.894775,0,0,0,0,0,0,0,0,0,180,forward,0,0,0,1.1533711684715882,103.89484687978813
11:56:3,1.153461,103.894775,0,0,0,0,0,0,0,0,0,180,forward,0,0,0,1.1533711684715882,103.89484687978813
11:56:5,1.153461,103.894775,0,0,0,0,0,0,0,0,0,180,forward,0,0,0,1.1533711684715882,103.89484687978813
11:56:7,1.153461,103.894775,0,0,0,0,0,0,0,0,0,180,forward,0,0,0,1.1533711684715882,103.89484687978813
11:56:9,1.153461,103.894775,0,0,0,0,0,0,0,0,0,180,forward,0,0,0,1.1533711684715882,103.89484687978813
11:56:11,1.153461,103.894775,0,0,0,0,0,0,0,0,0,180,forward,0,0,0,1.1533711684715882,103.89484687978813
11:56:13,1.153461,103.894775,0,0,0,0,0,0,0,0,0,180,forward,0,0,0,1.1533711684715882,103.89484687978813
11:56:16,1.153461,103.894775,0,0,0,0,0,0,0,0,0,180,forward,0,0,0,1.1533711684715882,103.89484687978813
11:56:18,1.153461,103.894775,0,0,0,0,0,0,0,0,0,180,forward,0,0,0,1.1533711684715882,103.89484687978813
11:56:20,1.153461,103.894775,0,0,0,0,0,0,0,0,0,180,forward,0,0,0,1.1533711684715882,103.89484687978813
11:56:22,1.153461,103.894775,0,0,0,0,0,0,0,0,0,180,forward,0,0,0,1.1533711684715882,103.89484687978813
11:56:24,1.153461,103.894775,0,0,0,0,0,0,0,0,0,180,forward,0,0,0,1.1533711684715882,103.89484687978813
11:56:26,1.153461,103.894775,0,0,0,0,0,0,0,0,0,180,forward,0,0,0,1.1533711684715882,103.89484687978813
11:56:28,1.153461,103.894775,0,0,0,0,0,0,0,0,0,180,forward,0,0,0,1.1533711684715882,103.89484687978813
11:56:30,1.153461,103.894775,0,0,0,0,0,0,0,0,0,180,forward,0,0,0,1.1533711684715882,103.89484687978813
11:56:32,1.153461,103.894775,0,0,0,0,0,0,0,0,0,180,forward,0,0,0,1.1533711684715882,103.89484687978813
11:56:34,1.153461,103.894775,0,0,0,0,0,0,0,0,0,180,forward,0,0,0,1.1533711684715882,103.89484687978813
11:56:36,1.153461,103.894775,0,0,0,0,0,0,0,0,0,180,forward,0,0,0,1.1533711684715882,103.89484687978813
11:56:39,1.153461,103.894775,0,0,0,0,0,0,0,0,0,180,forward,0,0,0,1.1533711684715882,103.89484687978813
11:56:41,1.153461,103.894775,0,0,0,0,0,0,0,0,0,180,forward,0,0,0,1.1533711684715882,103.89484687978813
11:56:43,1.153461,103.894775,0,0,0,0,0,0,0,0,0,180,forward,0,0,0,1.1533711684715882,103.89484687978813
11:56:45,1.153461,103.894775,0,0,0,0,0,0,0,0,0,180,forward,0,0,0,1.1533711684715882,103.89484687978813
11:56:47,1.153461,103.894775,0,0,0,0,0,0,0,0,0,180,forward,0,0,0,1.1533711684715882,103.89484687978813
11:56:49,1.153461,103.894775,0,0,0,0,0,0,0,0,0,180,forward,0,0,0,1.1533711684715882,103.89484687978813
11:56:51,1.153461,103.894775,0,0,0,0,0,0,0,0,0,180,forward,0,0,0,1.1533711684715882,103.89484687978813
11:56:53,1.153461,103.894775,0,0,0,0,0,0,0,0,0,180,forward,0,0,0,1.1533711684715882,103.89484687978813
11:56:55,1.153461,103.894775,0,0,0,0,0,0,0,0,0,180,forward,0,0,0,1.1533711684715882,103.89484687978813
11:56:57,1.153461,103.894775,0,0,0,0,0,0,0,0,0,180,forward,0,0,0,1.1533711684715882,103.89484687978813
11:56:59,1.153461,103.894775,0,0,0,0,0,0,0,0,0,180,forward,0,0,0,1.1533711684715882,103.89484687978813
11:57:1,1.153461,103.894775,0,0,0,0,0,0,0,0,0,180,forward,0,0,0,1.1533711684715882,103.89484687978813
11:57:4,1.153461,103.894775,0,0,0,0,0,0,0,0,0,180,forward,0,0,0,1.1533711684715882,103.89484687978813
11:57:6,1.153461,103.894775,0,0,0,0,0,0,0,0,0,180,forward,0,0,0,1.1533711684715882,103.89484687978813
11:57:8,1.153461,103.894775,0,0,0,0,0,0,0,0,0,180,forward,0,0,0,1.1533711684715882,103.89484687978813
11:57:10,1.153461,103.894775,0,0,0,0,0,0,0,0,0,180,forward,0,0,0,1.1533711684715882,103.89484687978813
11:57:12,1.153461,103.894775,0,0,0,0,0,0,0,0,0,180,forward,0,0,0,1.1533711684715882,103.89484687978813
11:57:14,1.153461,103.894775,0,0,0,0,0,0,0,0,0,180,forward,0,0,0,1.1533711684715882,103.89484687978813
11:57:16,1.153461,103.894775,0,0,0,0,0,0,0,0,0,180,forward,0,0,0,1.1533711684715882,103.89484687978813
11:57:18,1.153461,103.894775,0,0,0,0,0,0,0,0,0,180,forward,0,0,0,1.1533711684715882,103.89484687978813
11:57:20,1.153461,103.894775,0,0,0,0,0,0,0,0,0,180,forward,0,0,0,1.1533711684715882,103.89484687978813
11:57:22,1.153461,103.894775,0,0,0,0,0,0,0,0,0,180,forward,0,0,0,1.1533711684715882,103.89484687978813
11:57:24,1.153461,103.894775,0,0,0,0,0,0,0,0,0,180,forward,0,0,0,1.1533711684715882,103.89484687978813
11:57:26,1.153461,103.894775,0,0,0,0,0,0,0,0,0,180,forward,0,0,0,1.1533711684715882,103.89484687978813
11:57:28,1.153461,103.894775,0,0,0,0,0,0,0,0,0,180,forward,0,0,0,1.1533711684715882,103.89484687978813
11:57:30,1.153461,103.894775,0,0,0,0,0,0,0,0,0,180,forward,0,0,0,1.1533711684715882,103.89484687978813
11:57:33,1.153461,103.894775,0,0,0,0,0,0,0,0,0,180,forward,0,0,0,1.1533711684715882,103.89484687978813
11:57:35,1.153461,103.894775,0,0,0,0,0,0,0,0,0,180,forward,0,0,0,1.1533711684715882,103.89484687978813
11:57:37,1.153461,103.894775,0,0,0,0,0,0,0,0,0,180,forward,0,0,0,1.1533711684715882,103.89484687978813
11:57:39,1.153461,103.894775,0,0,0,0,0,0,0,0,0,180,forward,0,0,0,1.1533711684715882,103.89484687978813
11:57:41,1.153461,103.894775,0,0,0,0,0,0,0,0,0,180,forward,0,0,0,1.1533711684715882,103.89484687978813
11:57:43,1.153461,103.894775,0,0,0,0,0,0,0,0,0,180,forward,0,0,0,1.1533711684715882,103.89484687978813
11:57:45,1.153461,103.894775,0,0,0,0,0,0,0,0,0,180,forward,0,0,0,1.1533711684715882,103.89484687978813
11:57:47,1.153461,103.894775,0,0,0,0,0,0,0,0,0,180,forward,0,0,0,1.1533711684715882,103.89484687978813
11:57:49,1.153461,103.894775,0,0,0,0,0,0,0,0,0,180,forward,0,0,0,1.1533711684715882,103.89484687978813
11:57:51,1.153461,103.894775,0,0,0,0,0,0,0,0,0,180,forward,0,0,0,1.1533711684715882,103.89484687978813
11:57:54,1.153461,103.894775,0,0,0,0,0,0,0,0,0,180,forward,0,0,0,1.1533711684715882,103.89484687978813
11:57:56,1.153461,103.894775,0,0,0,0,0,0,0,0,0,180,forward,0,0,0,1.1533711684715882,103.89484687978813
11:57:58,1.153461,103.894775,0,0,0,0,0,0,0,0,0,180,forward,0,0,0,1.1533711684715882,103.89484687978813
11:58:0,1.153461,103.894775,0,0,0,0,0,0,0,0,0,180,forward,0,0,0,1.1533711684715882,103.89484687978813
11:58:2,1.153461,103.894775,0,0,0,0,0,0,0,0,0,180,forward,0,0,0,1.1533711684715882,103.89484687978813
11:58:4,1.153461,103.894775,0,0,0,0,0,0,0,0,0,180,forward,0,0,0,1.1533711684715882,103.89484687978813
11:58:6,1.153461,103.894775,0,0,0,0,0,0,0,0,0,180,forward,0,0,0,1.1533711684715882,103.89484687978813
11:58:8,1.153461,103.894775,0,0,0,0,0,0,0,0,0,180,forward,0,0,0,1.1533711684715882,103.89484687978813
11:58:10,1.153461,103.894775,0,0,0,0,0,0,0,0,0,180,forward,0,0,0,1.1533711684715882,103.89484687978813
11:58:12,1.153461,103.894775,0,0,0,0,0,0,0,0,0,180,forward,0,0,0,1.1533711684715882,103.89484687978813
11:58:14,1.153461,103.894775,0,0,0,0,0,0,0,0,0,180,forward,0,0,0,1.1533711684715882,103.89484687978813
11:58:16,1.153461,103.894775,0,0,0,0,0,0,0,0,0,180,forward,0,0,0,1.1533711684715882,103.89484687978813
11:58:18,1.153461,103.894775,0,0,0,0,0,0,0,0,0,180,forward,0,0,0,1.1533711684715882,103.89484687978813
11:58:21,1.153461,103.894775,0,0,0,0,0,0,0,0,0,180,forward,0,0,0,1.1533711684715882,103.89484687978813
11:58:23,1.153461,103.894775,0,0,0,0,0,0,0,0,0,180,forward,0,0,0,1.1533711684715882,103.89484687978813
11:58:25,1.153461,103.894775,0,0,0,0,0,0,0,0,0,180,forward,0,0,0,1.1533711684715882,103.89484687978813
11:58:27,1.153461,103.894775,0,0,0,0,0,0,0,0,0,180,forward,0,0,0,1.1533711684715882,103.89484687978813
11:58:29,1.153461,103.894775,0,0,0,0,0,0,0,0,0,180,forward,0,0,0,1.1533711684715882,103.89484687978813
11:58:31,1.153461,103.894775,0,0,0,0,0,0,0,0,0,180,forward,0,0,0,1.1533711684715882,103.89484687978813
11:58:33,1.153461,103.894775,0,0,0,0,0,0,0,0,0,180,forward,0,0,0,1.1533711684715882,103.89484687978813
11:58:35,1.153461,103.894775,0,0,0,0,0,0,0,0,0,180,forward,0,0,0,1.1533711684715882,103.89484687978813
11:58:37,1.153461,103.894775,0,0,0,0,0,0,0,0,0,180,forward,0,0,0,1.1533711684715882,103.89484687978813
11:58:39,1.153461,103.894775,0,0,0,0,0,0,0,0,0,180,forward,0,0,0,1.1533711684715882,103.89484687978813
11:58:41,1.153461,103.894775,0,0,0,0,0,0,0,0,0,180,forward,0,0,0,1.1533711684715882,103.89484687978813
11:58:43,1.153461,103.894775,0,0,0,0,0,0,0,0,0,180,forward,0,0,0,1.1533711684715882,103.89484687978813
11:58:45,1.153461,103.894775,0,0,0,0,0,0,0,0,0,180,forward,0,0,0,1.1533711684715882,103.89484687978813
11:58:48,1.153461,103.894775,0,0,0,0,0,0,0,0,0,180,forward,0,0,0,1.1533711684715882,103.89484687978813
11:58:50,1.153461,103.894775,0,0,0,0,0,0,0,0,0,180,forward,0,0,0,1.1533711684715882,103.89484687978813
11:58:52,1.153461,103.894775,0,0,0,0,0,0,0,0,0,180,forward,0,0,0,1.1533711684715882,103.89484687978813
11:58:54,1.153461,103.894775,0,0,0,0,0,0,0,0,0,180,forward,0,0,0,1.1533711684715882,103.89484687978813
11:58:56,1.153461,103.894775,0,0,0,0,0,0,0,0,0,180,forward,0,0,0,1.1533711684715882,103.89484687978813
11:58:58,1.153461,103.894775,0,0,0,0,0,0,0,0,0,180,forward,0,0,0,1.1533711684715882,103.89484687978813
11:59:0,1.153461,103.894775,0,0,0,0,0,0,0,0,0,180,forward,0,0,0,1.1533711684715882,103.89484687978813
11:59:2,1.153461,103.894775,0,0,0,0,0,0,0,0,0,180,forward,0,0,0,1.1533711684715882,103.89484687978813
11:59:4,1.153461,103.894775,0,0,0,0,0,0,0,0,0,180,forward,0,0,0,1.1533711684715882,103.89484687978813
11:59:6,1.153461,103.894775,0,0,0,0,0,0,0,0,0,180,forward,0,0,0,1.1533711684715882,103.89484687978813
11:59:8,1.153461,103.894775,0,0,0,0,0,0,0,0,0,180,forward,0,0,0,1.1533711684715882,103.89484687978813
11:59:10,1.153461,103.894775,0,0,0,0,0,0,0,0,0,180,forward,0,0,0,1.1533711684715882,103.89484687978813
11:59:12,1.153461,103.894775,0,0,0,0,0,0,0,0,0,180,forward,0,0,0,1.1533711684715882,103.89484687978813
11:59:14,1.153461,103.894775,0,0,0,0,0,0,0,0,0,180,forward,0,0,0,1.1533711684715882,103.89484687978813
11:59:16,1.153461,103.894775,0,0,0,0,0,0,0,0,0,180,forward,0,0,0,1.1533711684715882,103.89484687978813
11:59:19,1.153461,103.894775,0,0,0,0,0,0,0,0,0,180,forward,0,0,0,1.1533711684715882,103.89484687978813
11:59:21,1.153461,103.894775,0,0,0,0,0,0,0,0,0,180,forward,0,0,0,1.1533711684715882,103.89484687978813
11:59:23,1.153461,103.894775,0,0,0,0,0,0,0,0,0,180,forward,0,0,0,1.1533711684715882,103.89484687978813
11:59:25,1.153461,103.894775,0,0,0,0,0,0,0,0,0,180,forward,0,0,0,1.1533711684715882,103.89484687978813
11:59:27,1.153461,103.894775,0,0,0,0,0,0,0,0,0,180,forward,0,0,0,1.1533711684715882,103.89484687978813
11:59:29,1.153461,103.894775,0,0,0,0,0,0,0,0,0,180,forward,0,0,0,1.1533711684715882,103.89484687978813
11:59:31,1.153461,103.894775,0,0,0,0,0,0,0,0,0,180,forward,0,0,0,1.1533711684715882,103.89484687978813
11:59:33,1.153461,103.894775,0,0,0,0,0,0,0,0,0,180,forward,0,0,0,1.1533711684715882,103.89484687978813
11:59:35,1.153461,103.894775,0,0,0,0,0,0,0,0,0,180,forward,0,0,0,1.1533711684715882,103.89484687978813
11:59:37,1.153461,103.894775,0,0,0,0,0,0,0,0,0,180,forward,0,0,0,1.1533711684715882,103.89484687978813
11:59:39,1.153461,103.894775,0,0,0,0,0,0,0,0,0,180,forward,0,0,0,1.1533711684715882,103.89484687978813
11:59:41,1.153461,103.894775,0,0,0,0,0,0,0,0,0,180,forward,0,0,0,1.1533711684715882,103.89484687978813
11:59:43,1.153461,103.894775,0,0,0,0,0,0,0,0,0,180,forward,0,0,0,1.1533711684715882,103.89484687978813
11:59:46,1.153461,103.894775,0,0,0,0,0,0,0,0,0,180,forward,0,0,0,1.1533711684715882,103.89484687978813
11:59:48,1.153461,103.894775,0,0,0,0,0,0,0,0,0,180,forward,0,0,0,1.1533711684715882,103.89484687978813
11:59:50,1.153461,103.894775,0,0,0,0,0,0,0,0,0,180,forward,0,0,0,1.1533711684715882,103.89484687978813
11:59:52,1.153461,103.894775,0,0,0,0,0,0,0,0,0,180,forward,0,0,0,1.1533711684715882,103.89484687978813
11:59:54,1.153461,103.894775,0,0,0,0,0,0,0,0,0,180,forward,0,0,0,1.1533711684715882,103.89484687978813
11:59:56,1.153461,103.894775,0,0,0,0,0,0,0,0,0,180,forward,0,0,0,1.1533711684715882,103.89484687978813
11:59:58,1.153461,103.894775,0,0,0,0,0,0,0,0,0,180,forward,0,0,0,1.1533711684715882,103.89484687978813
12:0:0,1.153461,103.894775,0,0,0,0,0,0,0,0,0,180,forward,0,0,0,1.1533711684715882,103.89484687978813
12:0:2,1.153461,103.894775,0,0,0,0,0,0,0,0,0,180,forward,0,0,0,1.1533711684715882,103.89484687978813
12:0:4,1.153461,103.894775,0,0,0,0,0,0,0,0,0,180,forward,0,0,0,1.1533711684715882,103.89484687978813
12:0:6,1.153461,103.894775,0,0,0,0,0,0,0,0,0,180,forward,0,0,0,1.1533711684715882,103.89484687978813
12:0:8,1.153461,103.894775,0,0,0,0,0,0,0,0,0,180,forward,0,0,0,1.1533711684715882,103.89484687978813
12:0:10,1.153461,103.894775,0,0,0,0,0,0,0,0,0,180,forward,0,0,0,1.1533711684715882,103.89484687978813
12:0:12,1.153461,103.894775,0,0,0,0,0,0,0,0,0,180,forward,0,0,0,1.1533711684715882,103.89484687978813
12:0:14,1.153461,103.894775,0,0,0,0,0,0,0,0,0,180,forward,0,0,0,1.1533711684715882,103.89484687978813
12:0:17,1.153461,103.894775,0,0,0,0,0,0,0,0,0,180,forward,0,0,0,1.1533711684715882,103.89484687978813
12:0:19,1.153461,103.894775,0,0,0,0,0,0,0,0,0,180,forward,0,0,0,1.1533711684715882,103.89484687978813
12:0:21,1.153461,103.894775,0,0,0,0,0,0,0,0,0,180,forward,0,0,0,1.1533711684715882,103.89484687978813
12:0:23,1.153461,103.894775,0,0,0,0,0,0,0,0,0,180,forward,0,0,0,1.1533711684715882,103.89484687978813
12:0:25,1.153461,103.894775,0,0,0,0,0,0,0,0,0,180,forward,0,0,0,1.1533711684715882,103.89484687978813
12:0:27,1.153461,103.894775,0,0,0,0,0,0,0,0,0,180,forward,0,0,0,1.1533711684715882,103.89484687978813
12:0:29,1.153461,103.894775,0,0,0,0,0,0,0,0,0,180,forward,0,0,0,1.1533711684715882,103.89484687978813
12:0:31,1.153461,103.894775,0,0,0,0,0,0,0,0,0,180,forward,0,0,0,1.1533711684715882,103.89484687978813
12:0:33,1.153461,103.894775,0,0,0,0,0,0,0,0,0,180,forward,0,0,0,1.1533711684715882,103.89484687978813
12:0:35,1.153461,103.894775,0,0,0,0,0,0,0,0,0,180,forward,0,0,0,1.1533711684715882,103.89484687978813
12:0:37,1.153461,103.894775,0,0,0,0,0,0,0,0,0,180,forward,0,0,0,1.1533711684715882,103.89484687978813
12:0:40,1.153461,103.894775,0,0,0,0,0,0,0,0,0,180,forward,0,0,0,1.1533711684715882,103.89484687978813
12:0:42,1.153461,103.894775,0,0,0,0,0,0,0,0,0,180,forward,0,0,0,1.1533711684715882,103.89484687978813
12:0:44,1.153461,103.894775,0,0,0,0,0,0,0,0,0,180,forward,0,0,0,1.1533711684715882,103.89484687978813
12:0:46,1.153461,103.894775,0,0,0,0,0,0,0,0,0,180,forward,0,0,0,1.1533711684715882,103.89484687978813
12:0:48,1.153461,103.894775,0,0,0,0,0,0,0,0,0,180,forward,0,0,0,1.1533711684715882,103.89484687978813
12:0:50,1.153461,103.894775,0,0,0,0,0,0,0,0,0,180,forward,0,0,0,1.1533711684715882,103.89484687978813
12:0:52,1.153461,103.894775,0,0,0,0,0,0,0,0,0,180,forward,0,0,0,1.1533711684715882,103.89484687978813
12:0:54,1.153461,103.894775,0,0,0,0,0,0,0,0,0,180,forward,0,0,0,1.1533711684715882,103.89484687978813
12:0:56,1.153461,103.894775,0,0,0,0,0,0,0,0,0,180,forward,0,0,0,1.1533711684715882,103.89484687978813
12:0:58,1.153461,103.894775,0,0,0,0,0,0,0,0,0,180,forward,0,0,0,1.1533711684715882,103.89484687978813
12:1:0,1.153461,103.894775,0,0,0,0,0,0,0,0,0,180,forward,0,0,0,1.1533711684715882,103.89484687978813
12:1:2,1.153461,103.894775,0,0,0,0,0,0,0,0,0,180,forward,0,0,0,1.1533711684715882,103.89484687978813
12:1:4,1.153461,103.894775,0,0,0,0,0,0,0,0,0,180,forward,0,0,0,1.1533711684715882,103.89484687978813
12:1:6,1.153461,103.894775,0,0,0,0,0,0,0,0,0,180,forward,0,0,0,1.1533711684715882,103.89484687978813
12:1:8,1.153461,103.894775,0,0,0,0,0,0,0,0,0,180,forward,0,0,0,1.1533711684715882,103.89484687978813
12:1:11,1.153461,103.894775,0,0,0,0,0,0,0,0,0,180,forward,0,0,0,1.1533711684715882,103.89484687978813
12:1:13,1.153461,103.894775,0,0,0,0,0,0,0,0,0,180,forward,0,0,0,1.1533711684715882,103.89484687978813
12:1:15,1.153461,103.894775,0,0,0,0,0,0,0,0,0,180,forward,0,0,0,1.1533711684715882,103.89484687978813
12:1:17,1.153461,103.894775,0,0,0,0,0,0,0,0,0,180,forward,0,0,0,1.1533711684715882,103.89484687978813
12:1:19,1.153461,103.894775,0,0,0,0,0,0,0,0,0,180,forward,0,0,0,1.1533711684715882,103.89484687978813
12:1:21,1.153461,103.894775,0,0,0,0,0,0,0,0,0,180,forward,0,0,0,1.1533711684715882,103.89484687978813
12:1:23,1.153461,103.894775,0,0,0,0,0,0,0,0,0,180,forward,0,0,0,1.1533711684715882,103.89484687978813
12:1:25,1.153461,103.894775,0,0,0,0,0,0,0,0,0,180,forward,0,0,0,1.1533711684715882,103.89484687978813
12:1:27,1.153461,103.894775,0,0,0,0,0,0,0,0,0,180,forward,0,0,0,1.1533711684715882,103.89484687978813
12:1:29,1.153461,103.894775,0,0,0,0,0,0,0,0,0,180,forward,0,0,0,1.1533711684715882,103.89484687978813
12:1:31,1.153461,103.894775,0,0,0,0,0,0,0,0,0,180,forward,0,0,0,1.1533711684715882,103.89484687978813
12:1:33,1.153461,103.894775,0,0,0,0,0,0,0,0,0,180,forward,0,0,0,1.1533711684715882,103.89484687978813
12:1:36,1.153461,103.894775,0,0,0,0,0,0,0,0,0,180,forward,0,0,0,1.1533711684715882,103.89484687978813
12:1:38,1.153461,103.894775,0,0,0,0,0,0,0,0,0,180,forward,0,0,0,1.1533711684715882,103.89484687978813
12:1:40,1.153461,103.894775,0,0,0,0,0,0,0,0,0,180,forward,0,0,0,1.1533711684715882,103.89484687978813
12:1:42,1.153461,103.894775,0,0,0,0,0,0,0,0,0,180,forward,0,0,0,1.1533711684715882,103.89484687978813
12:1:44,1.153461,103.894775,0,0,0,0,0,0,0,0,0,180,forward,0,0,0,1.1533711684715882,103.89484687978813
12:1:46,1.153461,103.894775,0,0,0,0,0,0,0,0,0,180,forward,0,0,0,1.1533711684715882,103.89484687978813
12:1:48,1.153461,103.894775,0,0,0,0,0,0,0,0,0,180,forward,0,0,0,1.1533711684715882,103.89484687978813
12:1:50,1.153461,103.894775,0,0,0,0,0,0,0,0,0,180,forward,0,0,0,1.1533711684715882,103.89484687978813
12:1:52,1.153461,103.894775,0,0,0,0,0,0,0,0,0,180,forward,0,0,0,1.1533711684715882,103.89484687978813
12:1:54,1.153461,103.894775,0,0,0,0,0,0,0,0,0,180,forward,0,0,0,1.1533711684715882,103.89484687978813
12:1:56,1.153461,103.894775,0,0,0,0,0,0,0,0,0,180,forward,0,0,0,1.1533711684715882,103.89484687978813
12:1:58,1.153461,103.894775,0,0,0,0,0,0,0,0,0,180,forward,0,0,0,1.1533711684715882,103.89484687978813
12:2:1,1.153461,103.894775,0,0,0,0,0,0,0,0,0,180,forward,0,0,0,1.1533711684715882,103.89484687978813
12:2:3,1.153461,103.894775,0,0,0,0,0,0,0,0,0,180,forward,0,0,0,1.1533711684715882,103.89484687978813
12:2:5,1.153461,103.894775,0,0,0,0,0,0,0,0,0,180,forward,0,0,0,1.1533711684715882,103.89484687978813
12:2:7,1.153461,103.894775,0,0,0,0,0,0,0,0,0,180,forward,0,0,0,1.1533711684715882,103.89484687978813
12:2:9,1.153461,103.894775,0,0,0,0,0,0,0,0,0,180,forward,0,0,0,1.1533711684715882,103.89484687978813
12:2:11,1.153461,103.894775,0,0,0,0,0,0,0,0,0,180,forward,0,0,0,1.1533711684715882,103.89484687978813
12:2:13,1.153461,103.894775,0,0,0,0,0,0,0,0,0,180,forward,0,0,0,1.1533711684715882,103.89484687978813
12:2:15,1.153461,103.894775,0,0,0,0,0,0,0,0,0,180,forward,0,0,0,1.1533711684715882,103.89484687978813
12:2:17,1.153461,103.894775,0,0,0,0,0,0,0,0,0,180,forward,0,0,0,1.1533711684715882,103.89484687978813
12:2:19,1.153461,103.894775,0,0,0,0,0,0,0,0,0,180,forward,0,0,0,1.1533711684715882,103.89484687978813
12:2:21,1.153461,103.894775,0,0,0,0,0,0,0,0,0,180,forward,0,0,0,1.1533711684715882,103.89484687978813
12:2:23,1.153461,103.894775,0,0,0,0,0,0,0,0,0,180,forward,0,0,0,1.1533711684715882,103.89484687978813
12:2:26,1.153461,103.894775,0,0,0,0,0,0,0,0,0,180,forward,0,0,0,1.1533711684715882,103.89484687978813
12:2:28,1.153461,103.894775,0,0,0,0,0,0,0,0,0,180,forward,0,0,0,1.1533711684715882,103.89484687978813
12:2:30,1.153461,103.894775,0,0,0,0,0,0,0,0,0,180,forward,0,0,0,1.1533711684715882,103.89484687978813
12:2:32,1.153461,103.894775,0,0,0,0,0,0,0,0,0,180,forward,0,0,0,1.1533711684715882,103.89484687978813
12:2:34,1.153461,103.894775,0,0,0,0,0,0,0,0,0,180,forward,0,0,0,1.1533711684715882,103.89484687978813
12:2:36,1.153461,103.894775,0,0,0,0,0,0,0,0,0,180,forward,0,0,0,1.1533711684715882,103.89484687978813
12:2:38,1.153461,103.894775,0,0,0,0,0,0,0,0,0,180,forward,0,0,0,1.1533711684715882,103.89484687978813
12:2:40,1.153461,103.894775,0,0,0,0,0,0,0,0,0,180,forward,0,0,0,1.1533711684715882,103.89484687978813
12:2:42,1.153461,103.894775,0,0,0,0,0,0,0,0,0,180,forward,0,0,0,1.1533711684715882,103.89484687978813
12:2:44,1.153461,103.894775,0,0,0,0,0,0,0,0,0,180,forward,0,0,0,1.1533711684715882,103.89484687978813
12:2:46,1.153461,103.894775,0,0,0,0,0,0,0,0,0,180,forward,0,0,0,1.1533711684715882,103.89484687978813
12:2:48,1.153461,103.894775,0,0,0,0,0,0,0,0,0,180,forward,0,0,0,1.1533711684715882,103.89484687978813
12:2:50,1.153461,103.894775,0,0,0,0,0,0,0,0,0,180,forward,0,0,0,1.1533711684715882,103.89484687978813
12:2:52,1.153461,103.894775,0,0,0,0,0,0,0,0,0,180,forward,0,0,0,1.1533711684715882,103.89484687978813
12:2:54,1.153461,103.894775,0,0,0,0,0,0,0,0,0,180,forward,0,0,0,1.1533711684715882,103.89484687978813
12:2:57,1.153461,103.894775,0,0,0,0,0,0,0,0,0,180,forward,0,0,0,1.1533711684715882,103.89484687978813
12:2:59,1.153461,103.894775,0,0,0,0,0,0,0,0,0,180,forward,0,0,0,1.1533711684715882,103.89484687978813
12:3:1,1.153461,103.894775,0,0,0,0,0,0,0,0,0,180,forward,0,0,0,1.1533711684715882,103.89484687978813
12:3:3,1.153461,103.894775,0,0,0,0,0,0,0,0,0,180,forward,0,0,0,1.1533711684715882,103.89484687978813
12:3:5,1.153461,103.894775,0,0,0,0,0,0,0,0,0,180,forward,0,0,0,1.1533711684715882,103.89484687978813
12:3:7,1.153461,103.894775,0,0,0,0,0,0,0,0,0,180,forward,0,0,0,1.1533711684715882,103.89484687978813
12:3:9,1.153461,103.894775,0,0,0,0,0,0,0,0,0,180,forward,0,0,0,1.1533711684715882,103.89484687978813
12:3:11,1.153461,103.894775,0,0,0,0,0,0,0,0,0,180,forward,0,0,0,1.1533711684715882,103.89484687978813
12:3:13,1.153461,103.894775,0,0,0,0,0,0,0,0,0,180,forward,0,0,0,1.1533711684715882,103.89484687978813
12:3:15,1.153461,103.894775,0,0,0,0,0,0,0,0,0,180,forward,0,0,0,1.1533711684715882,103.89484687978813
12:3:17,1.153461,103.894775,0,0,0,0,0,0,0,0,0,180,forward,0,0,0,1.1533711684715882,103.89484687978813
12:3:19,1.153461,103.894775,0,0,0,0,0,0,0,0,0,180,forward,0,0,0,1.1533711684715882,103.89484687978813
12:3:21,1.153461,103.894775,0,0,0,0,0,0,0,0,0,180,forward,0,0,0,1.1533711684715882,103.89484687978813
12:3:23,1.153461,103.894775,0,0,0,0,0,0,0,0,0,180,forward,0,0,0,1.1533711684715882,103.89484687978813
12:3:25,1.153461,103.894775,0,0,0,0,0,0,0,0,0,180,forward,0,0,0,1.1533711684715882,103.89484687978813
12:3:27,1.153461,103.894775,0,0,0,0,0,0,0,0,0,180,forward,0,0,0,1.1533711684715882,103.89484687978813
12:3:29,1.153461,103.894775,0,0,0,0,0,0,0,0,0,180,forward,0,0,0,1.1533711684715882,103.89484687978813
12:3:32,1.153461,103.894775,0,0,0,0,0,0,0,0,0,180,forward,0,0,0,1.1533711684715882,103.89484687978813
12:3:34,1.153461,103.894775,0,0,0,0,0,0,0,0,0,180,forward,0,0,0,1.1533711684715882,103.89484687978813
12:3:36,1.153461,103.894775,0,0,0,0,0,0,0,0,0,180,forward,0,0,0,1.1533711684715882,103.89484687978813
12:3:38,1.153461,103.894775,0,0,0,0,0,0,0,0,0,180,forward,0,0,0,1.1533711684715882,103.89484687978813
12:3:40,1.153461,103.894775,0,0,0,0,0,0,0,0,0,180,forward,0,0,0,1.1533711684715882,103.89484687978813
12:3:42,1.153461,103.894775,0,0,0,0,0,0,0,0,0,180,forward,0,0,0,1.1533711684715882,103.89484687978813
12:3:44,1.153461,103.894775,0,0,0,0,0,0,0,0,0,180,forward,0,0,0,1.1533711684715882,103.89484687978813
12:3:46,1.153461,103.894775,0,0,0,0,0,0,0,0,0,180,forward,0,0,0,1.1533711684715882,103.89484687978813
12:3:48,1.153461,103.894775,0,0,0,0,0,0,0,0,0,180,forward,0,0,0,1.1533711684715882,103.89484687978813
12:3:50,1.153461,103.894775,0,0,0,0,0,0,0,0,0,180,forward,0,0,0,1.1533711684715882,103.89484687978813
12:3:52,1.153461,103.894775,0,0,0,0,0,0,0,0,0,180,forward,0,0,0,1.1533711684715882,103.89484687978813
12:3:54,1.153461,103.894775,0,0,0,0,0,0,0,0,0,180,forward,0,0,0,1.1533711684715882,103.89484687978813
12:3:56,1.153461,103.894775,0,0,0,0,0,0,0,0,0,180,forward,0,0,0,1.1533711684715882,103.89484687978813
12:3:59,1.153461,103.894775,0,0,0,0,0,0,0,0,0,180,forward,0,0,0,1.1533711684715882,103.89484687978813
12:4:1,1.153461,103.894775,0,0,0,0,0,0,0,0,0,180,forward,0,0,0,1.1533711684715882,103.89484687978813
12:4:3,1.153461,103.894775,0,0,0,0,0,0,0,0,0,180,forward,0,0,0,1.1533711684715882,103.89484687978813
12:4:5,1.153461,103.894775,0,0,0,0,0,0,0,0,0,180,forward,0,0,0,1.1533711684715882,103.89484687978813
12:4:7,1.153461,103.894775,0,0,0,0,0,0,0,0,0,180,forward,0,0,0,1.1533711684715882,103.89484687978813
12:4:9,1.153461,103.894775,0,0,0,0,0,0,0,0,0,180,forward,0,0,0,1.1533711684715882,103.89484687978813
12:4:11,1.153461,103.894775,0,0,0,0,0,0,0,0,0,180,forward,0,0,0,1.1533711684715882,103.89484687978813
12:4:13,1.153461,103.894775,0,0,0,0,0,0,0,0,0,180,forward,0,0,0,1.1533711684715882,103.89484687978813
12:4:15,1.153461,103.894775,0,0,0,0,0,0,0,0,0,180,forward,0,0,0,1.1533711684715882,103.89484687978813
12:4:17,1.153461,103.894775,0,0,0,0,0,0,0,0,0,180,forward,0,0,0,1.1533711684715882,103.89484687978813
12:4:19,1.153461,103.894775,0,0,0,0,0,0,0,0,0,180,forward,0,0,0,1.1533711684715882,103.89484687978813
12:4:21,1.153461,103.894775,0,0,0,0,0,0,0,0,0,180,forward,0,0,0,1.1533711684715882,103.89484687978813
12:4:23,1.153461,103.894775,0,0,0,0,0,0,0,0,0,180,forward,0,0,0,1.1533711684715882,103.89484687978813
12:4:26,1.153461,103.894775,0,0,0,0,0,0,0,0,0,180,forward,0,0,0,1.1533711684715882,103.89484687978813
12:4:28,1.153461,103.894775,0,0,0,0,0,0,0,0,0,180,forward,0,0,0,1.1533711684715882,103.89484687978813
12:4:30,1.153461,103.894775,0,0,0,0,0,0,0,0,0,180,forward,0,0,0,1.1533711684715882,103.89484687978813
12:4:32,1.153461,103.894775,0,0,0,0,0,0,0,0,0,180,forward,0,0,0,1.1533711684715882,103.89484687978813
12:4:34,1.153461,103.894775,0,0,0,0,0,0,0,0,0,180,forward,0,0,0,1.1533711684715882,103.89484687978813
12:4:36,1.153461,103.894775,0,0,0,0,0,0,0,0,0,180,forward,0,0,0,1.1533711684715882,103.89484687978813
12:4:38,1.153461,103.894775,0,0,0,0,0,0,0,0,0,180,forward,0,0,0,1.1533711684715882,103.89484687978813
12:4:40,1.153461,103.894775,0,0,0,0,0,0,0,0,0,180,forward,0,0,0,1.1533711684715882,103.89484687978813
12:4:42,1.153461,103.894775,0,0,0,0,0,0,0,0,0,180,forward,0,0,0,1.1533711684715882,103.89484687978813
12:4:44,1.153461,103.894775,0,0,0,0,0,0,0,0,0,180,forward,0,0,0,1.1533711684715882,103.89484687978813
12:4:46,1.153461,103.894775,0,0,0,0,0,0,0,0,0,180,forward,0,0,0,1.1533711684715882,103.89484687978813
12:4:48,1.153461,103.894775,0,0,0,0,0,0,0,0,0,180,forward,0,0,0,1.1533711684715882,103.89484687978813
12:4:51,1.153461,103.894775,0,0,0,0,0,0,0,0,0,180,forward,0,0,0,1.1533711684715882,103.89484687978813
12:4:53,1.153461,103.894775,0,0,0,0,0,0,0,0,0,180,forward,0,0,0,1.1533711684715882,103.89484687978813
12:4:55,1.153461,103.894775,0,0,0,0,0,0,0,0,0,180,forward,0,0,0,1.1533711684715882,103.89484687978813
12:4:57,1.153461,103.894775,0,0,0,0,0,0,0,0,0,180,forward,0,0,0,1.1533711684715882,103.89484687978813
12:4:59,1.153461,103.894775,0,0,0,0,0,0,0,0,0,180,forward,0,0,0,1.1533711684715882,103.89484687978813
12:5:1,1.153461,103.894775,0,0,0,0,0,0,0,0,0,180,forward,0,0,0,1.1533711684715882,103.89484687978813
12:5:3,1.153461,103.894775,0,0,0,0,0,0,0,0,0,180,forward,0,0,0,1.1533711684715882,103.89484687978813
12:5:5,1.153461,103.894775,0,0,0,0,0,0,0,0,0,180,forward,0,0,0,1.1533711684715882,103.89484687978813
12:5:7,1.153461,103.894775,0,0,0,0,0,0,0,0,0,180,forward,0,0,0,1.1533711684715882,103.89484687978813
12:5:9,1.153461,103.894775,0,0,0,0,0,0,0,0,0,180,forward,0,0,0,1.1533711684715882,103.89484687978813
12:5:11,1.153461,103.894775,0,0,0,0,0,0,0,0,0,180,forward,0,0,0,1.1533711684715882,103.89484687978813
12:5:13,1.153461,103.894775,0,0,0,0,0,0,0,0,0,180,forward,0,0,0,1.1533711684715882,103.89484687978813
12:5:15,1.153461,103.894775,0,0,0,0,0,0,0,0,0,180,forward,0,0,0,1.1533711684715882,103.89484687978813
12:5:17,1.153461,103.894775,0,0,0,0,0,0,0,0,0,180,forward,0,0,0,1.1533711684715882,103.89484687978813
12:5:19,1.153461,103.894775,0,0,0,0,0,0,0,0,0,180,forward,0,0,0,1.1533711684715882,103.89484687978813
12:5:22,1.153461,103.894775,0,0,0,0,0,0,0,0,0,180,forward,0,0,0,1.1533711684715882,103.89484687978813
12:5:24,1.153461,103.894775,0,0,0,0,0,0,0,0,0,180,forward,0,0,0,1.1533711684715882,103.89484687978813
12:5:26,1.153461,103.894775,0,0,0,0,0,0,0,0,0,180,forward,0,0,0,1.1533711684715882,103.89484687978813
12:5:28,1.153461,103.894775,0,0,0,0,0,0,0,0,0,180,forward,0,0,0,1.1533711684715882,103.89484687978813
12:5:30,1.153461,103.894775,0,0,0,0,0,0,0,0,0,180,forward,0,0,0,1.1533711684715882,103.89484687978813
12:5:32,1.153461,103.894775,0,0,0,0,0,0,0,0,0,180,forward,0,0,0,1.1533711684715882,103.89484687978813
12:5:34,1.153461,103.894775,0,0,0,0,0,0,0,0,0,180,forward,0,0,0,1.1533711684715882,103.89484687978813
12:5:36,1.153461,103.894775,0,0,0,0,0,0,0,0,0,180,forward,0,0,0,1.1533711684715882,103.89484687978813
12:5:38,1.153461,103.894775,0,0,0,0,0,0,0,0,0,180,forward,0,0,0,1.1533711684715882,103.89484687978813
12:5:40,1.153461,103.894775,0,0,0,0,0,0,0,0,0,180,forward,0,0,0,1.1533711684715882,103.89484687978813
12:5:42,1.153461,103.894775,0,0,0,0,0,0,0,0,0,180,forward,0,0,0,1.1533711684715882,103.89484687978813
12:5:44,1.153461,103.894775,0,0,0,0,0,0,0,0,0,180,forward,0,0,0,1.1533711684715882,103.89484687978813
12:5:47,1.153461,103.894775,0,0,0,0,0,0,0,0,0,180,forward,0,0,0,1.1533711684715882,103.89484687978813
12:5:49,1.153461,103.894775,0,0,0,0,0,0,0,0,0,180,forward,0,0,0,1.1533711684715882,103.89484687978813
12:5:51,1.153461,103.894775,0,0,0,0,0,0,0,0,0,180,forward,0,0,0,1.1533711684715882,103.89484687978813
12:5:53,1.153461,103.894775,0,0,0,0,0,0,0,0,0,180,forward,0,0,0,1.1533711684715882,103.89484687978813
12:5:55,1.153461,103.894775,0,0,0,0,0,0,0,0,0,180,forward,0,0,0,1.1533711684715882,103.89484687978813
12:5:57,1.153461,103.894775,0,0,0,0,0,0,0,0,0,180,forward,0,0,0,1.1533711684715882,103.89484687978813
12:5:59,1.153461,103.894775,0,0,0,0,0,0,0,0,0,180,forward,0,0,0,1.1533711684715882,103.89484687978813
12:6:1,1.153461,103.894775,0,0,0,0,0,0,0,0,0,180,forward,0,0,0,1.1533711684715882,103.89484687978813
12:6:3,1.153461,103.894775,0,0,0,0,0,0,0,0,0,180,forward,0,0,0,1.1533711684715882,103.89484687978813
12:6:5,1.153461,103.894775,0,0,0,0,0,0,0,0,0,180,forward,0,0,0,1.1533711684715882,103.89484687978813
12:6:8,1.153461,103.894775,0,0,0,0,0,0,0,0,0,180,forward,0,0,0,1.1533711684715882,103.89484687978813
12:6:10,1.153461,103.894775,0,0,0,0,0,0,0,0,0,180,forward,0,0,0,1.1533711684715882,103.89484687978813
12:6:12,1.153461,103.894775,0,0,0,0,0,0,0,0,0,180,forward,0,0,0,1.1533711684715882,103.89484687978813
12:6:14,1.153461,103.894775,0,0,0,0,0,0,0,0,0,180,forward,0,0,0,1.1533711684715882,103.89484687978813
12:6:16,1.153461,103.894775,0,0,0,0,0,0,0,0,0,180,forward,0,0,0,1.1533711684715882,103.89484687978813
12:6:18,1.153461,103.894775,0,0,0,0,0,0,0,0,0,180,forward,0,0,0,1.1533711684715882,103.89484687978813
12:6:20,1.153461,103.894775,0,0,0,0,0,0,0,0,0,180,forward,0,0,0,1.1533711684715882,103.89484687978813
12:6:22,1.153461,103.894775,0,0,0,0,0,0,0,0,0,180,forward,0,0,0,1.1533711684715882,103.89484687978813
12:6:24,1.153461,103.894775,0,0,0,0,0,0,0,0,0,180,forward,0,0,0,1.1533711684715882,103.89484687978813
12:6:26,1.153461,103.894775,0,0,0,0,0,0,0,0,0,180,forward,0,0,0,1.1533711684715882,103.89484687978813
12:6:28,1.153461,103.894775,0,0,0,0,0,0,0,0,0,180,forward,0,0,0,1.1533711684715882,103.89484687978813
12:6:30,1.153461,103.894775,0,0,0,0,0,0,0,0,0,180,forward,0,0,0,1.1533711684715882,103.89484687978813
12:6:32,1.153461,103.894775,0,0,0,0,0,0,0,0,0,180,forward,0,0,0,1.1533711684715882,103.89484687978813
12:6:34,1.153461,103.894775,0,0,0,0,0,0,0,0,0,180,forward,0,0,0,1.1533711684715882,103.89484687978813
12:6:36,1.153461,103.894775,0,0,0,0,0,0,0,0,0,180,forward,0,0,0,1.1533711684715882,103.89484687978813
12:6:39,1.153461,103.894775,0,0,0,0,0,0,0,0,0,180,forward,0,0,0,1.1533711684715882,103.89484687978813
12:6:41,1.153461,103.894775,0,0,0,0,0,0,0,0,0,180,forward,0,0,0,1.1533711684715882,103.89484687978813
12:6:43,1.153461,103.894775,0,0,0,0,0,0,0,0,0,180,forward,0,0,0,1.1533711684715882,103.89484687978813
12:6:45,1.153461,103.894775,0,0,0,0,0,0,0,0,0,180,forward,0,0,0,1.1533711684715882,103.89484687978813
12:6:47,1.153461,103.894775,0,0,0,0,0,0,0,0,0,180,forward,0,0,0,1.1533711684715882,103.89484687978813
12:6:49,1.153461,103.894775,0,0,0,0,0,0,0,0,0,180,forward,0,0,0,1.1533711684715882,103.89484687978813
12:6:51,1.153461,103.894775,0,0,0,0,0,0,0,0,0,180,forward,0,0,0,1.1533711684715882,103.89484687978813
12:6:53,1.153461,103.894775,0,0,0,0,0,0,0,0,0,180,forward,0,0,0,1.1533711684715882,103.89484687978813
12:6:55,1.153461,103.894775,0,0,0,0,0,0,0,0,0,180,forward,0,0,0,1.1533711684715882,103.89484687978813
12:6:57,1.153461,103.894775,0,0,0,0,0,0,0,0,0,180,forward,0,0,0,1.1533711684715882,103.89484687978813
12:6:59,1.153461,103.894775,0,0,0,0,0,0,0,0,0,180,forward,0,0,0,1.1533711684715882,103.89484687978813
12:7:1,1.153461,103.894775,0,0,0,0,0,0,0,0,0,180,forward,0,0,0,1.1533711684715882,103.89484687978813
12:7:3,1.153461,103.894775,0,0,0,0,0,0,0,0,0,180,forward,0,0,0,1.1533711684715882,103.89484687978813
12:7:6,1.153461,103.894775,0,0,0,0,0,0,0,0,0,180,forward,0,0,0,1.1533711684715882,103.89484687978813
12:7:8,1.153461,103.894775,0,0,0,0,0,0,0,0,0,180,forward,0,0,0,1.1533711684715882,103.89484687978813
12:7:10,1.153461,103.894775,0,0,0,0,0,0,0,0,0,180,forward,0,0,0,1.1533711684715882,103.89484687978813
12:7:12,1.153461,103.894775,0,0,0,0,0,0,0,0,0,180,forward,0,0,0,1.1533711684715882,103.89484687978813
12:7:14,1.153461,103.894775,0,0,0,0,0,0,0,0,0,180,forward,0,0,0,1.1533711684715882,103.89484687978813
12:7:16,1.153461,103.894775,0,0,0,0,0,0,0,0,0,180,forward,0,0,0,1.1533711684715882,103.89484687978813
12:7:18,1.153461,103.894775,0,0,0,0,0,0,0,0,0,180,forward,0,0,0,1.1533711684715882,103.89484687978813
12:7:20,1.153461,103.894775,0,0,0,0,0,0,0,0,0,180,forward,0,0,0,1.1533711684715882,103.89484687978813
12:7:22,1.153461,103.894775,0,0,0,0,0,0,0,0,0,180,forward,0,0,0,1.1533711684715882,103.89484687978813
12:7:24,1.153461,103.894775,0,0,0,0,0,0,0,0,0,180,forward,0,0,0,1.1533711684715882,103.89484687978813
12:7:26,1.153461,103.894775,0,0,0,0,0,0,0,0,0,180,forward,0,0,0,1.1533711684715882,103.89484687978813
12:7:29,1.153461,103.894775,0,0,0,0,0,0,0,0,0,180,forward,0,0,0,1.1533711684715882,103.89484687978813
12:7:31,1.153461,103.894775,0,0,0,0,0,0,0,0,0,180,forward,0,0,0,1.1533711684715882,103.89484687978813
12:7:33,1.153461,103.894775,0,0,0,0,0,0,0,0,0,180,forward,0,0,0,1.1533711684715882,103.89484687978813
12:7:35,1.153461,103.894775,0,0,0,0,0,0,0,0,0,180,forward,0,0,0,1.1533711684715882,103.89484687978813
12:7:37,1.153461,103.894775,0,0,0,0,0,0,0,0,0,180,forward,0,0,0,1.1533711684715882,103.89484687978813
12:7:39,1.153461,103.894775,0,0,0,0,0,0,0,0,0,180,forward,0,0,0,1.1533711684715882,103.89484687978813
12:7:41,1.153461,103.894775,0,0,0,0,0,0,0,0,0,180,forward,0,0,0,1.1533711684715882,103.89484687978813
12:7:43,1.153461,103.894775,0,0,0,0,0,0,0,0,0,180,forward,0,0,0,1.1533711684715882,103.89484687978813
12:7:45,1.153461,103.894775,0,0,0,0,0,0,0,0,0,180,forward,0,0,0,1.1533711684715882,103.89484687978813
12:7:47,1.153461,103.894775,0,0,0,0,0,0,0,0,0,180,forward,0,0,0,1.1533711684715882,103.89484687978813
12:7:49,1.153461,103.894775,0,0,0,0,0,0,0,0,0,180,forward,0,0,0,1.1533711684715882,103.89484687978813
12:7:51,1.153461,103.894775,0,0,0,0,0,0,0,0,0,180,forward,0,0,0,1.1533711684715882,103.89484687978813
12:7:53,1.153461,103.894775,0,0,0,0,0,0,0,0,0,180,forward,0,0,0,1.1533711684715882,103.89484687978813
12:7:55,1.153461,103.894775,0,0,0,0,0,0,0,0,0,180,forward,0,0,0,1.1533711684715882,103.89484687978813
12:7:58,1.153461,103.894775,0,0,0,0,0,0,0,0,0,180,forward,0,0,0,1.1533711684715882,103.89484687978813
12:8:0,1.153461,103.894775,0,0,0,0,0,0,0,0,0,180,forward,0,0,0,1.1533711684715882,103.89484687978813
12:8:2,1.153461,103.894775,0,0,0,0,0,0,0,0,0,180,forward,0,0,0,1.1533711684715882,103.89484687978813
12:8:4,1.153461,103.894775,0,0,0,0,0,0,0,0,0,180,forward,0,0,0,1.1533711684715882,103.89484687978813
12:8:6,1.153461,103.894775,0,0,0,0,0,0,0,0,0,180,forward,0,0,0,1.1533711684715882,103.89484687978813
12:8:8,1.153461,103.894775,0,0,0,0,0,0,0,0,0,180,forward,0,0,0,1.1533711684715882,103.89484687978813
12:8:10,1.153461,103.894775,0,0,0,0,0,0,0,0,0,180,forward,0,0,0,1.1533711684715882,103.89484687978813
12:8:12,1.153461,103.894775,0,0,0,0,0,0,0,0,0,180,forward,0,0,0,1.1533711684715882,103.89484687978813
12:8:14,1.153461,103.894775,0,0,0,0,0,0,0,0,0,180,forward,0,0,0,1.1533711684715882,103.89484687978813
12:8:16,1.153461,103.894775,0,0,0,0,0,0,0,0,0,180,forward,0,0,0,1.1533711684715882,103.89484687978813
12:8:19,1.153461,103.894775,0,0,0,0,0,0,0,0,0,180,forward,0,0,0,1.1533711684715882,103.89484687978813
12:8:21,1.153461,103.894775,0,0,0,0,0,0,0,0,0,180,forward,0,0,0,1.1533711684715882,103.89484687978813
12:8:23,1.153461,103.894775,0,0,0,0,0,0,0,0,0,180,forward,0,0,0,1.1533711684715882,103.89484687978813
12:8:25,1.153461,103.894775,0,0,0,0,0,0,0,0,0,180,forward,0,0,0,1.1533711684715882,103.89484687978813
12:8:27,1.153461,103.894775,0,0,0,0,0,0,0,0,0,180,forward,0,0,0,1.1533711684715882,103.89484687978813
12:8:29,1.153461,103.894775,0,0,0,0,0,0,0,0,0,180,forward,0,0,0,1.1533711684715882,103.89484687978813
12:8:31,1.153461,103.894775,0,0,0,0,0,0,0,0,0,180,forward,0,0,0,1.1533711684715882,103.89484687978813
12:8:33,1.153461,103.894775,0,0,0,0,0,0,0,0,0,180,forward,0,0,0,1.1533711684715882,103.89484687978813
12:8:35,1.153461,103.894775,0,0,0,0,0,0,0,0,0,180,forward,0,0,0,1.1533711684715882,103.89484687978813
12:8:37,1.153461,103.894775,0,0,0,0,0,0,0,0,0,180,forward,0,0,0,1.1533711684715882,103.89484687978813
12:8:39,1.153461,103.894775,0,0,0,0,0,0,0,0,0,180,forward,0,0,0,1.1533711684715882,103.89484687978813
12:8:41,1.153461,103.894775,0,0,0,0,0,0,0,0,0,180,forward,0,0,0,1.1533711684715882,103.89484687978813
12:8:44,1.153461,103.894775,0,0,0,0,0,0,0,0,0,180,forward,0,0,0,1.1533711684715882,103.89484687978813
12:8:46,1.153461,103.894775,0,0,0,0,0,0,0,0,0,180,forward,0,0,0,1.1533711684715882,103.89484687978813
12:8:48,1.153461,103.894775,0,0,0,0,0,0,0,0,0,180,forward,0,0,0,1.1533711684715882,103.89484687978813
12:8:50,1.153461,103.894775,0,0,0,0,0,0,0,0,0,180,forward,0,0,0,1.1533711684715882,103.89484687978813
12:8:52,1.153461,103.894775,0,0,0,0,0,0,0,0,0,180,forward,0,0,0,1.1533711684715882,103.89484687978813
12:8:54,1.153461,103.894775,0,0,0,0,0,0,0,0,0,180,forward,0,0,0,1.1533711684715882,103.89484687978813
12:8:56,1.153461,103.894775,0,0,0,0,0,0,0,0,0,180,forward,0,0,0,1.1533711684715882,103.89484687978813
12:8:58,1.153461,103.894775,0,0,0,0,0,0,0,0,0,180,forward,0,0,0,1.1533711684715882,103.89484687978813
12:9:0,1.153461,103.894775,0,0,0,0,0,0,0,0,0,180,forward,0,0,0,1.1533711684715882,103.89484687978813
12:9:2,1.153461,103.894775,0,0,0,0,0,0,0,0,0,180,forward,0,0,0,1.1533711684715882,103.89484687978813
12:9:4,1.153461,103.894775,0,0,0,0,0,0,0,0,0,180,forward,0,0,0,1.1533711684715882,103.89484687978813
12:9:7,1.153461,103.894775,0,0,0,0,0,0,0,0,0,180,forward,0,0,0,1.1533711684715882,103.89484687978813
12:9:9,1.153461,103.894775,0,0,0,0,0,0,0,0,0,180,forward,0,0,0,1.1533711684715882,103.89484687978813
12:9:11,1.153461,103.894775,0,0,0,0,0,0,0,0,0,180,forward,0,0,0,1.1533711684715882,103.89484687978813
12:9:13,1.153461,103.894775,0,0,0,0,0,0,0,0,0,180,forward,0,0,0,1.1533711684715882,103.89484687978813
12:9:15,1.153461,103.894775,0,0,0,0,0,0,0,0,0,180,forward,0,0,0,1.1533711684715882,103.89484687978813
12:9:17,1.153461,103.894775,0,0,0,0,0,0,0,0,0,180,forward,0,0,0,1.1533711684715882,103.89484687978813
12:9:19,1.153461,103.894775,0,0,0,0,0,0,0,0,0,180,forward,0,0,0,1.1533711684715882,103.89484687978813
12:9:21,1.153461,103.894775,0,0,0,0,0,0,0,0,0,180,forward,0,0,0,1.1533711684715882,103.89484687978813
12:9:23,1.153461,103.894775,0,0,0,0,0,0,0,0,0,180,forward,0,0,0,1.1533711684715882,103.89484687978813
12:9:25,1.153461,103.894775,0,0,0,0,0,0,0,0,0,180,forward,0,0,0,1.1533711684715882,103.89484687978813
12:9:27,1.153461,103.894775,0,0,0,0,0,0,0,0,0,180,forward,0,0,0,1.1533711684715882,103.89484687978813
12:9:29,1.153461,103.894775,0,0,0,0,0,0,0,0,0,180,forward,0,0,0,1.1533711684715882,103.89484687978813
12:9:31,1.153461,103.894775,0,0,0,0,0,0,0,0,0,180,forward,0,0,0,1.1533711684715882,103.89484687978813
12:9:33,1.153461,103.894775,0,0,0,0,0,0,0,0,0,180,forward,0,0,0,1.1533711684715882,103.89484687978813
12:9:35,1.153461,103.894775,0,0,0,0,0,0,0,0,0,180,forward,0,0,0,1.1533711684715882,103.89484687978813
12:9:37,1.153461,103.894775,0,0,0,0,0,0,0,0,0,180,forward,0,0,0,1.1533711684715882,103.89484687978813
12:9:40,1.153461,103.894775,0,0,0,0,0,0,0,0,0,180,forward,0,0,0,1.1533711684715882,103.89484687978813
12:9:42,1.153461,103.894775,0,0,0,0,0,0,0,0,0,180,forward,0,0,0,1.1533711684715882,103.89484687978813
12:9:44,1.153461,103.894775,0,0,0,0,0,0,0,0,0,180,forward,0,0,0,1.1533711684715882,103.89484687978813
12:9:46,1.153461,103.894775,0,0,0,0,0,0,0,0,0,180,forward,0,0,0,1.1533711684715882,103.89484687978813
12:9:48,1.153461,103.894775,0,0,0,0,0,0,0,0,0,180,forward,0,0,0,1.1533711684715882,103.89484687978813
12:9:50,1.153461,103.894775,0,0,0,0,0,0,0,0,0,180,forward,0,0,0,1.1533711684715882,103.89484687978813
12:9:52,1.153461,103.894775,0,0,0,0,0,0,0,0,0,180,forward,0,0,0,1.1533711684715882,103.89484687978813
12:9:54,1.153461,103.894775,0,0,0,0,0,0,0,0,0,180,forward,0,0,0,1.1533711684715882,103.89484687978813
12:9:56,1.153461,103.894775,0,0,0,0,0,0,0,0,0,180,forward,0,0,0,1.1533711684715882,103.89484687978813
12:9:58,1.153461,103.894775,0,0,0,0,0,0,0,0,0,180,forward,0,0,0,1.1533711684715882,103.89484687978813
12:10:0,1.153461,103.894775,0,0,0,0,0,0,0,0,0,180,forward,0,0,0,1.1533711684715882,103.89484687978813
12:10:2,1.153461,103.894775,0,0,0,0,0,0,0,0,0,180,forward,0,0,0,1.1533711684715882,103.89484687978813
12:10:4,1.153461,103.894775,0,0,0,0,0,0,0,0,0,180,forward,0,0,0,1.1533711684715882,103.89484687978813
12:10:7,1.153461,103.894775,0,0,0,0,0,0,0,0,0,180,forward,0,0,0,1.1533711684715882,103.89484687978813
12:10:9,1.153461,103.894775,0,0,0,0,0,0,0,0,0,180,forward,0,0,0,1.1533711684715882,103.89484687978813
12:10:11,1.153461,103.894775,0,0,0,0,0,0,0,0,0,180,forward,0,0,0,1.1533711684715882,103.89484687978813
12:10:13,1.153461,103.894775,0,0,0,0,0,0,0,0,0,180,forward,0,0,0,1.1533711684715882,103.89484687978813
12:10:15,1.153461,103.894775,0,0,0,0,0,0,0,0,0,180,forward,0,0,0,1.1533711684715882,103.89484687978813
12:10:17,1.153461,103.894775,0,0,0,0,0,0,0,0,0,180,forward,0,0,0,1.1533711684715882,103.89484687978813
12:10:19,1.153461,103.894775,0,0,0,0,0,0,0,0,0,180,forward,0,0,0,1.1533711684715882,103.89484687978813
12:10:21,1.153461,103.894775,0,0,0,0,0,0,0,0,0,180,forward,0,0,0,1.1533711684715882,103.89484687978813
12:10:23,1.153461,103.894775,0,0,0,0,0,0,0,0,0,180,forward,0,0,0,1.1533711684715882,103.89484687978813
12:10:25,1.153461,103.894775,0,0,0,0,0,0,0,0,0,180,forward,0,0,0,1.1533711684715882,103.89484687978813
12:10:27,1.153461,103.894775,0,0,0,0,0,0,0,0,0,180,forward,0,0,0,1.1533711684715882,103.89484687978813
12:10:29,1.153461,103.894775,0,0,0,0,0,0,0,0,0,180,forward,0,0,0,1.1533711684715882,103.89484687978813
12:10:31,1.153461,103.894775,0,0,0,0,0,0,0,0,0,180,forward,0,0,0,1.1533711684715882,103.89484687978813
12:10:34,1.153461,103.894775,0,0,0,0,0,0,0,0,0,180,forward,0,0,0,1.1533711684715882,103.89484687978813
12:10:36,1.153461,103.894775,0,0,0,0,0,0,0,0,0,180,forward,0,0,0,1.1533711684715882,103.89484687978813
12:10:38,1.153461,103.894775,0,0,0,0,0,0,0,0,0,180,forward,0,0,0,1.1533711684715882,103.89484687978813
12:10:40,1.153461,103.894775,0,0,0,0,0,0,0,0,0,180,forward,0,0,0,1.1533711684715882,103.89484687978813
12:10:42,1.153461,103.894775,0,0,0,0,0,0,0,0,0,180,forward,0,0,0,1.1533711684715882,103.89484687978813
12:10:44,1.153461,103.894775,0,0,0,0,0,0,0,0,0,180,forward,0,0,0,1.1533711684715882,103.89484687978813
12:10:46,1.153461,103.894775,0,0,0,0,0,0,0,0,0,180,forward,0,0,0,1.1533711684715882,103.89484687978813
12:10:48,1.153461,103.894775,0,0,0,0,0,0,0,0,0,180,forward,0,0,0,1.1533711684715882,103.89484687978813
12:10:50,1.153461,103.894775,0,0,0,0,0,0,0,0,0,180,forward,0,0,0,1.1533711684715882,103.89484687978813
12:10:52,1.153461,103.894775,0,0,0,0,0,0,0,0,0,180,forward,0,0,0,1.1533711684715882,103.89484687978813
12:10:54,1.153461,103.894775,0,0,0,0,0,0,0,0,0,180,forward,0,0,0,1.1533711684715882,103.89484687978813
12:10:56,1.153461,103.894775,0,0,0,0,0,0,0,0,0,180,forward,0,0,0,1.1533711684715882,103.89484687978813
12:10:59,1.153461,103.894775,0,0,0,0,0,0,0,0,0,180,forward,0,0,0,1.1533711684715882,103.89484687978813
12:11:1,1.153461,103.894775,0,0,0,0,0,0,0,0,0,180,forward,0,0,0,1.1533711684715882,103.89484687978813
12:11:3,1.153461,103.894775,0,0,0,0,0,0,0,0,0,180,forward,0,0,0,1.1533711684715882,103.89484687978813
12:11:5,1.153461,103.894775,0,0,0,0,0,0,0,0,0,180,forward,0,0,0,1.1533711684715882,103.89484687978813
12:11:7,1.153461,103.894775,0,0,0,0,0,0,0,0,0,180,forward,0,0,0,1.1533711684715882,103.89484687978813
12:11:9,1.153461,103.894775,0,0,0,0,0,0,0,0,0,180,forward,0,0,0,1.1533711684715882,103.89484687978813
12:11:11,1.153461,103.894775,0,0,0,0,0,0,0,0,0,180,forward,0,0,0,1.1533711684715882,103.89484687978813
12:11:13,1.153461,103.894775,0,0,0,0,0,0,0,0,0,180,forward,0,0,0,1.1533711684715882,103.89484687978813
12:11:15,1.153461,103.894775,0,0,0,0,0,0,0,0,0,180,forward,0,0,0,1.1533711684715882,103.89484687978813
12:11:17,1.153461,103.894775,0,0,0,0,0,0,0,0,0,180,forward,0,0,0,1.1533711684715882,103.89484687978813
12:11:19,1.153461,103.894775,0,0,0,0,0,0,0,0,0,180,forward,0,0,0,1.1533711684715882,103.89484687978813
12:11:21,1.153461,103.894775,0,0,0,0,0,0,0,0,0,180,forward,0,0,0,1.1533711684715882,103.89484687978813
12:11:23,1.153461,103.894775,0,0,0,0,0,0,0,0,0,180,forward,0,0,0,1.1533711684715882,103.89484687978813
12:11:25,1.153461,103.894775,0,0,0,0,0,0,0,0,0,180,forward,0,0,0,1.1533711684715882,103.89484687978813
12:11:27,1.153461,103.894775,0,0,0,0,0,0,0,0,0,180,forward,0,0,0,1.1533711684715882,103.89484687978813
12:11:30,1.153461,103.894775,0,0,0,0,0,0,0,0,0,180,forward,0,0,0,1.1533711684715882,103.89484687978813
12:11:32,1.153461,103.894775,0,0,0,0,0,0,0,0,0,180,forward,0,0,0,1.1533711684715882,103.89484687978813
12:11:34,1.153461,103.894775,0,0,0,0,0,0,0,0,0,180,forward,0,0,0,1.1533711684715882,103.89484687978813
12:11:36,1.153461,103.894775,0,0,0,0,0,0,0,0,0,180,forward,0,0,0,1.1533711684715882,103.89484687978813
12:11:38,1.153461,103.894775,0,0,0,0,0,0,0,0,0,180,forward,0,0,0,1.1533711684715882,103.89484687978813
12:11:40,1.153461,103.894775,0,0,0,0,0,0,0,0,0,180,forward,0,0,0,1.1533711684715882,103.89484687978813
12:11:42,1.153461,103.894775,0,0,0,0,0,0,0,0,0,180,forward,0,0,0,1.1533711684715882,103.89484687978813
12:11:44,1.153461,103.894775,0,0,0,0,0,0,0,0,0,180,forward,0,0,0,1.1533711684715882,103.89484687978813
12:11:46,1.153461,103.894775,0,0,0,0,0,0,0,0,0,180,forward,0,0,0,1.1533711684715882,103.89484687978813
12:11:48,1.153461,103.894775,0,0,0,0,0,0,0,0,0,180,forward,0,0,0,1.1533711684715882,103.89484687978813
12:11:50,1.153461,103.894775,0,0,0,0,0,0,0,0,0,180,forward,0,0,0,1.1533711684715882,103.89484687978813
12:11:52,1.153461,103.894775,0,0,0,0,0,0,0,0,0,180,forward,0,0,0,1.1533711684715882,103.89484687978813
12:11:54,1.153461,103.894775,0,0,0,0,0,0,0,0,0,180,forward,0,0,0,1.1533711684715882,103.89484687978813
12:11:57,1.153461,103.894775,0,0,0,0,0,0,0,0,0,180,forward,0,0,0,1.1533711684715882,103.89484687978813
12:11:59,1.153461,103.894775,0,0,0,0,0,0,0,0,0,180,forward,0,0,0,1.1533711684715882,103.89484687978813
12:12:1,1.153461,103.894775,0,0,0,0,0,0,0,0,0,180,forward,0,0,0,1.1533711684715882,103.89484687978813
12:12:3,1.153461,103.894775,0,0,0,0,0,0,0,0,0,180,forward,0,0,0,1.1533711684715882,103.89484687978813
12:12:5,1.153461,103.894775,0,0,0,0,0,0,0,0,0,180,forward,0,0,0,1.1533711684715882,103.89484687978813
12:12:7,1.153461,103.894775,0,0,0,0,0,0,0,0,0,180,forward,0,0,0,1.1533711684715882,103.89484687978813
12:12:9,1.153461,103.894775,0,0,0,0,0,0,0,0,0,180,forward,0,0,0,1.1533711684715882,103.89484687978813
12:12:11,1.153461,103.894775,0,0,0,0,0,0,0,0,0,180,forward,0,0,0,1.1533711684715882,103.89484687978813
12:12:13,1.153461,103.894775,0,0,0,0,0,0,0,0,0,180,forward,0,0,0,1.1533711684715882,103.89484687978813
12:12:15,1.153461,103.894775,0,0,0,0,0,0,0,0,0,180,forward,0,0,0,1.1533711684715882,103.89484687978813
12:12:17,1.153461,103.894775,0,0,0,0,0,0,0,0,0,180,forward,0,0,0,1.1533711684715882,103.89484687978813
12:12:19,1.153461,103.894775,0,0,0,0,0,0,0,0,0,180,forward,0,0,0,1.1533711684715882,103.89484687978813
12:12:22,1.153461,103.894775,0,0,0,0,0,0,0,0,0,180,forward,0,0,0,1.1533711684715882,103.89484687978813
12:12:24,1.153461,103.894775,0,0,0,0,0,0,0,0,0,180,forward,0,0,0,1.1533711684715882,103.89484687978813
12:12:26,1.153461,103.894775,0,0,0,0,0,0,0,0,0,180,forward,0,0,0,1.1533711684715882,103.89484687978813
12:12:28,1.153461,103.894775,0,0,0,0,0,0,0,0,0,180,forward,0,0,0,1.1533711684715882,103.89484687978813
12:12:30,1.153461,103.894775,0,0,0,0,0,0,0,0,0,180,forward,0,0,0,1.1533711684715882,103.89484687978813
12:12:32,1.153461,103.894775,0,0,0,0,0,0,0,0,0,180,forward,0,0,0,1.1533711684715882,103.89484687978813
12:12:34,1.153461,103.894775,0,0,0,0,0,0,0,0,0,180,forward,0,0,0,1.1533711684715882,103.89484687978813
12:12:36,1.153461,103.894775,0,0,0,0,0,0,0,0,0,180,forward,0,0,0,1.1533711684715882,103.89484687978813
12:12:38,1.153461,103.894775,0,0,0,0,0,0,0,0,0,180,forward,0,0,0,1.1533711684715882,103.89484687978813
12:12:40,1.153461,103.894775,0,0,0,0,0,0,0,0,0,180,forward,0,0,0,1.1533711684715882,103.89484687978813
12:12:42,1.153461,103.894775,0,0,0,0,0,0,0,0,0,180,forward,0,0,0,1.1533711684715882,103.89484687978813
12:12:44,1.153461,103.894775,0,0,0,0,0,0,0,0,0,180,forward,0,0,0,1.1533711684715882,103.89484687978813
12:12:47,1.153461,103.894775,0,0,0,0,0,0,0,0,0,180,forward,0,0,0,1.1533711684715882,103.89484687978813
12:12:49,1.153461,103.894775,0,0,0,0,0,0,0,0,0,180,forward,0,0,0,1.1533711684715882,103.89484687978813
12:12:51,1.153461,103.894775,0,0,0,0,0,0,0,0,0,180,forward,0,0,0,1.1533711684715882,103.89484687978813
12:12:53,1.153461,103.894775,0,0,0,0,0,0,0,0,0,180,forward,0,0,0,1.1533711684715882,103.89484687978813
12:12:55,1.153461,103.894775,0,0,0,0,0,0,0,0,0,180,forward,0,0,0,1.1533711684715882,103.89484687978813
12:12:57,1.153461,103.894775,0,0,0,0,0,0,0,0,0,180,forward,0,0,0,1.1533711684715882,103.89484687978813
12:12:59,1.153461,103.894775,0,0,0,0,0,0,0,0,0,180,forward,0,0,0,1.1533711684715882,103.89484687978813
12:13:1,1.153461,103.894775,0,0,0,0,0,0,0,0,0,180,forward,0,0,0,1.1533711684715882,103.89484687978813
12:13:3,1.153461,103.894775,0,0,0,0,0,0,0,0,0,180,forward,0,0,0,1.1533711684715882,103.89484687978813
12:13:5,1.153461,103.894775,0,0,0,0,0,0,0,0,0,180,forward,0,0,0,1.1533711684715882,103.89484687978813
12:13:7,1.153461,103.894775,0,0,0,0,0,0,0,0,0,180,forward,0,0,0,1.1533711684715882,103.89484687978813
12:13:10,1.153461,103.894775,0,0,0,0,0,0,0,0,0,180,forward,0,0,0,1.1533711684715882,103.89484687978813
12:13:12,1.153461,103.894775,0,0,0,0,0,0,0,0,0,180,forward,0,0,0,1.1533711684715882,103.89484687978813
12:13:14,1.153461,103.894775,0,0,0,0,0,0,0,0,0,180,forward,0,0,0,1.1533711684715882,103.89484687978813
12:13:16,1.153461,103.894775,0,0,0,0,0,0,0,0,0,180,forward,0,0,0,1.1533711684715882,103.89484687978813
12:13:18,1.153461,103.894775,0,0,0,0,0,0,0,0,0,180,forward,0,0,0,1.1533711684715882,103.89484687978813
12:13:20,1.153461,103.894775,0,0,0,0,0,0,0,0,0,180,forward,0,0,0,1.1533711684715882,103.89484687978813
12:13:22,1.153461,103.894775,0,0,0,0,0,0,0,0,0,180,forward,0,0,0,1.1533711684715882,103.89484687978813
12:13:24,1.153461,103.894775,0,0,0,0,0,0,0,0,0,180,forward,0,0,0,1.1533711684715882,103.89484687978813
12:13:26,1.153461,103.894775,0,0,0,0,0,0,0,0,0,180,forward,0,0,0,1.1533711684715882,103.89484687978813
12:13:28,1.153461,103.894775,0,0,0,0,0,0,0,0,0,180,forward,0,0,0,1.1533711684715882,103.89484687978813
12:13:30,1.153461,103.894775,0,0,0,0,0,0,0,0,0,180,forward,0,0,0,1.1533711684715882,103.89484687978813
12:13:32,1.153461,103.894775,0,0,0,0,0,0,0,0,0,180,forward,0,0,0,1.1533711684715882,103.89484687978813
12:13:34,1.153461,103.894775,0,0,0,0,0,0,0,0,0,180,forward,0,0,0,1.1533711684715882,103.89484687978813
12:13:37,1.153461,103.894775,0,0,0,0,0,0,0,0,0,180,forward,0,0,0,1.1533711684715882,103.89484687978813
12:13:39,1.153461,103.894775,0,0,0,0,0,0,0,0,0,180,forward,0,0,0,1.1533711684715882,103.89484687978813
12:13:41,1.153461,103.894775,0,0,0,0,0,0,0,0,0,180,forward,0,0,0,1.1533711684715882,103.89484687978813
12:13:43,1.153461,103.894775,0,0,0,0,0,0,0,0,0,180,forward,0,0,0,1.1533711684715882,103.89484687978813
12:13:45,1.153461,103.894775,0,0,0,0,0,0,0,0,0,180,forward,0,0,0,1.1533711684715882,103.89484687978813
12:13:47,1.153461,103.894775,0,0,0,0,0,0,0,0,0,180,forward,0,0,0,1.1533711684715882,103.89484687978813
12:13:49,1.153461,103.894775,0,0,0,0,0,0,0,0,0,180,forward,0,0,0,1.1533711684715882,103.89484687978813
12:13:51,1.153461,103.894775,0,0,0,0,0,0,0,0,0,180,forward,0,0,0,1.1533711684715882,103.89484687978813
12:13:53,1.153461,103.894775,0,0,0,0,0,0,0,0,0,180,forward,0,0,0,1.1533711684715882,103.89484687978813
12:13:55,1.153461,103.894775,0,0,0,0,0,0,0,0,0,180,forward,0,0,0,1.1533711684715882,103.89484687978813
12:13:57,1.153461,103.894775,0,0,0,0,0,0,0,0,0,180,forward,0,0,0,1.1533711684715882,103.89484687978813
12:14:0,1.153461,103.894775,0,0,0,0,0,0,0,0,0,180,forward,0,0,0,1.1533711684715882,103.89484687978813
12:14:2,1.153461,103.894775,0,0,0,0,0,0,0,0,0,180,forward,0,0,0,1.1533711684715882,103.89484687978813
12:14:4,1.153461,103.894775,0,0,0,0,0,0,0,0,0,180,forward,0,0,0,1.1533711684715882,103.89484687978813
12:14:6,1.153461,103.894775,0,0,0,0,0,0,0,0,0,180,forward,0,0,0,1.1533711684715882,103.89484687978813
12:14:8,1.153461,103.894775,0,0,0,0,0,0,0,0,0,180,forward,0,0,0,1.1533711684715882,103.89484687978813
12:14:10,1.153461,103.894775,0,0,0,0,0,0,0,0,0,180,forward,0,0,0,1.1533711684715882,103.89484687978813
12:14:12,1.153461,103.894775,0,0,0,0,0,0,0,0,0,180,forward,0,0,0,1.1533711684715882,103.89484687978813
12:14:14,1.153461,103.894775,0,0,0,0,0,0,0,0,0,180,forward,0,0,0,1.1533711684715882,103.89484687978813
12:14:16,1.153461,103.894775,0,0,0,0,0,0,0,0,0,180,forward,0,0,0,1.1533711684715882,103.89484687978813
12:14:18,1.153461,103.894775,0,0,0,0,0,0,0,0,0,180,forward,0,0,0,1.1533711684715882,103.89484687978813
12:14:20,1.153461,103.894775,0,0,0,0,0,0,0,0,0,180,forward,0,0,0,1.1533711684715882,103.89484687978813
12:14:23,1.153461,103.894775,0,0,0,0,0,0,0,0,0,180,forward,0,0,0,1.1533711684715882,103.89484687978813
12:14:25,1.153461,103.894775,0,0,0,0,0,0,0,0,0,180,forward,0,0,0,1.1533711684715882,103.89484687978813
12:14:27,1.153461,103.894775,0,0,0,0,0,0,0,0,0,180,forward,0,0,0,1.1533711684715882,103.89484687978813
12:14:29,1.153461,103.894775,0,0,0,0,0,0,0,0,0,180,forward,0,0,0,1.1533711684715882,103.89484687978813
12:14:31,1.153461,103.894775,0,0,0,0,0,0,0,0,0,180,forward,0,0,0,1.1533711684715882,103.89484687978813
12:14:33,1.153461,103.894775,0,0,0,0,0,0,0,0,0,180,forward,0,0,0,1.1533711684715882,103.89484687978813
12:14:35,1.153461,103.894775,0,0,0,0,0,0,0,0,0,180,forward,0,0,0,1.1533711684715882,103.89484687978813
12:14:37,1.153461,103.894775,0,0,0,0,0,0,0,0,0,180,forward,0,0,0,1.1533711684715882,103.89484687978813
12:14:39,1.153461,103.894775,0,0,0,0,0,0,0,0,0,180,forward,0,0,0,1.1533711684715882,103.89484687978813
12:14:41,1.153461,103.894775,0,0,0,0,0,0,0,0,0,180,forward,0,0,0,1.1533711684715882,103.89484687978813
12:14:43,1.153461,103.894775,0,0,0,0,0,0,0,0,0,180,forward,0,0,0,1.1533711684715882,103.89484687978813
12:14:46,1.153461,103.894775,0,0,0,0,0,0,0,0,0,180,forward,0,0,0,1.1533711684715882,103.89484687978813
12:14:48,1.153461,103.894775,0,0,0,0,0,0,0,0,0,180,forward,0,0,0,1.1533711684715882,103.89484687978813
12:14:50,1.153461,103.894775,0,0,0,0,0,0,0,0,0,180,forward,0,0,0,1.1533711684715882,103.89484687978813
12:14:52,1.153461,103.894775,0,0,0,0,0,0,0,0,0,180,forward,0,0,0,1.1533711684715882,103.89484687978813
12:14:54,1.153461,103.894775,0,0,0,0,0,0,0,0,0,180,forward,0,0,0,1.1533711684715882,103.89484687978813
12:14:56,1.153461,103.894775,0,0,0,0,0,0,0,0,0,180,forward,0,0,0,1.1533711684715882,103.89484687978813
12:14:58,1.153461,103.894775,0,0,0,0,0,0,0,0,0,180,forward,0,0,0,1.1533711684715882,103.89484687978813
12:15:0,1.153461,103.894775,0,0,0,0,0,0,0,0,0,180,forward,0,0,0,1.1533711684715882,103.89484687978813
12:15:2,1.153461,103.894775,0,0,0,0,0,0,0,0,0,180,forward,0,0,0,1.1533711684715882,103.89484687978813
12:15:4,1.153461,103.894775,0,0,0,0,0,0,0,0,0,180,forward,0,0,0,1.1533711684715882,103.89484687978813
12:15:6,1.153461,103.894775,0,0,0,0,0,0,0,0,0,180,forward,0,0,0,1.1533711684715882,103.89484687978813
12:15:8,1.153461,103.894775,0,0,0,0,0,0,0,0,0,180,forward,0,0,0,1.1533711684715882,103.89484687978813
12:15:11,1.153461,103.894775,0,0,0,0,0,0,0,0,0,180,forward,0,0,0,1.1533711684715882,103.89484687978813
12:15:13,1.153461,103.894775,0,0,0,0,0,0,0,0,0,180,forward,0,0,0,1.1533711684715882,103.89484687978813
12:15:15,1.153461,103.894775,0,0,0,0,0,0,0,0,0,180,forward,0,0,0,1.1533711684715882,103.89484687978813
12:15:17,1.153461,103.894775,0,0,0,0,0,0,0,0,0,180,forward,0,0,0,1.1533711684715882,103.89484687978813
12:15:19,1.153461,103.894775,0,0,0,0,0,0,0,0,0,180,forward,0,0,0,1.1533711684715882,103.89484687978813
12:15:21,1.153461,103.894775,0,0,0,0,0,0,0,0,0,180,forward,0,0,0,1.1533711684715882,103.89484687978813
12:15:23,1.153461,103.894775,0,0,0,0,0,0,0,0,0,180,forward,0,0,0,1.1533711684715882,103.89484687978813
12:15:25,1.153461,103.894775,0,0,0,0,0,0,0,0,0,180,forward,0,0,0,1.1533711684715882,103.89484687978813
12:15:27,1.153461,103.894775,0,0,0,0,0,0,0,0,0,180,forward,0,0,0,1.1533711684715882,103.89484687978813
12:15:29,1.153461,103.894775,0,0,0,0,0,0,0,0,0,180,forward,0,0,0,1.1533711684715882,103.89484687978813
12:15:31,1.153461,103.894775,0,0,0,0,0,0,0,0,0,180,forward,0,0,0,1.1533711684715882,103.89484687978813
12:15:33,1.153461,103.894775,0,0,0,0,0,0,0,0,0,180,forward,0,0,0,1.1533711684715882,103.89484687978813
12:15:35,1.153461,103.894775,0,0,0,0,0,0,0,0,0,180,forward,0,0,0,1.1533711684715882,103.89484687978813
12:15:37,1.153461,103.894775,0,0,0,0,0,0,0,0,0,180,forward,0,0,0,1.1533711684715882,103.89484687978813
12:15:39,1.153461,103.894775,0,0,0,0,0,0,0,0,0,180,forward,0,0,0,1.1533711684715882,103.89484687978813
12:15:41,1.153461,103.894775,0,0,0,0,0,0,0,0,0,180,forward,0,0,0,1.1533711684715882,103.89484687978813
12:15:43,1.153461,103.894775,0,0,0,0,0,0,0,0,0,180,forward,0,0,0,1.1533711684715882,103.89484687978813
12:15:46,1.153461,103.894775,0,0,0,0,0,0,0,0,0,180,forward,0,0,0,1.1533711684715882,103.89484687978813
12:15:48,1.153461,103.894775,0,0,0,0,0,0,0,0,0,180,forward,0,0,0,1.1533711684715882,103.89484687978813
12:15:50,1.153461,103.894775,0,0,0,0,0,0,0,0,0,180,forward,0,0,0,1.1533711684715882,103.89484687978813
12:15:52,1.153461,103.894775,0,0,0,0,0,0,0,0,0,180,forward,0,0,0,1.1533711684715882,103.89484687978813
12:15:54,1.153461,103.894775,0,0,0,0,0,0,0,0,0,180,forward,0,0,0,1.1533711684715882,103.89484687978813
12:15:56,1.153461,103.894775,0,0,0,0,0,0,0,0,0,180,forward,0,0,0,1.1533711684715882,103.89484687978813
12:15:58,1.153461,103.894775,0,0,0,0,0,0,0,0,0,180,forward,0,0,0,1.1533711684715882,103.89484687978813
12:16:0,1.153461,103.894775,0,0,0,0,0,0,0,0,0,180,forward,0,0,0,1.1533711684715882,103.89484687978813
12:16:2,1.153461,103.894775,0,0,0,0,0,0,0,0,0,180,forward,0,0,0,1.1533711684715882,103.89484687978813
12:16:4,1.153461,103.894775,0,0,0,0,0,0,0,0,0,180,forward,0,0,0,1.1533711684715882,103.89484687978813
12:16:6,1.153461,103.894775,0,0,0,0,0,0,0,0,0,180,forward,0,0,0,1.1533711684715882,103.89484687978813
12:16:8,1.153461,103.894775,0,0,0,0,0,0,0,0,0,180,forward,0,0,0,1.1533711684715882,103.89484687978813
12:16:10,1.153461,103.894775,0,0,0,0,0,0,0,0,0,180,forward,0,0,0,1.1533711684715882,103.89484687978813
12:16:12,1.153461,103.894775,0,0,0,0,0,0,0,0,0,180,forward,0,0,0,1.1533711684715882,103.89484687978813
12:16:15,1.153461,103.894775,0,0,0,0,0,0,0,0,0,180,forward,0,0,0,1.1533711684715882,103.89484687978813
12:16:17,1.153461,103.894775,0,0,0,0,0,0,0,0,0,180,forward,0,0,0,1.1533711684715882,103.89484687978813
12:16:19,1.153461,103.894775,0,0,0,0,0,0,0,0,0,180,forward,0,0,0,1.1533711684715882,103.89484687978813
12:16:21,1.153461,103.894775,0,0,0,0,0,0,0,0,0,180,forward,0,0,0,1.1533711684715882,103.89484687978813
12:16:23,1.153461,103.894775,0,0,0,0,0,0,0,0,0,180,forward,0,0,0,1.1533711684715882,103.89484687978813
12:16:25,1.153461,103.894775,0,0,0,0,0,0,0,0,0,180,forward,0,0,0,1.1533711684715882,103.89484687978813
12:16:27,1.153461,103.894775,0,0,0,0,0,0,0,0,0,180,forward,0,0,0,1.1533711684715882,103.89484687978813
12:16:29,1.153461,103.894775,0,0,0,0,0,0,0,0,0,180,forward,0,0,0,1.1533711684715882,103.89484687978813
12:16:31,1.153461,103.894775,0,0,0,0,0,0,0,0,0,180,forward,0,0,0,1.1533711684715882,103.89484687978813
12:16:33,1.153461,103.894775,0,0,0,0,0,0,0,0,0,180,forward,0,0,0,1.1533711684715882,103.89484687978813
12:16:35,1.153461,103.894775,0,0,0,0,0,0,0,0,0,180,forward,0,0,0,1.1533711684715882,103.89484687978813
12:16:37,1.153461,103.894775,0,0,0,0,0,0,0,0,0,180,forward,0,0,0,1.1533711684715882,103.89484687978813
12:16:39,1.153461,103.894775,0,0,0,0,0,0,0,0,0,180,forward,0,0,0,1.1533711684715882,103.89484687978813
12:16:42,1.153461,103.894775,0,0,0,0,0,0,0,0,0,180,forward,0,0,0,1.1533711684715882,103.89484687978813
12:16:44,1.153461,103.894775,0,0,0,0,0,0,0,0,0,180,forward,0,0,0,1.1533711684715882,103.89484687978813
12:16:46,1.153461,103.894775,0,0,0,0,0,0,0,0,0,180,forward,0,0,0,1.1533711684715882,103.89484687978813
12:16:48,1.153461,103.894775,0,0,0,0,0,0,0,0,0,180,forward,0,0,0,1.1533711684715882,103.89484687978813
12:16:50,1.153461,103.894775,0,0,0,0,0,0,0,0,0,180,forward,0,0,0,1.1533711684715882,103.89484687978813
12:16:52,1.153461,103.894775,0,0,0,0,0,0,0,0,0,180,forward,0,0,0,1.1533711684715882,103.89484687978813
12:16:54,1.153461,103.894775,0,0,0,0,0,0,0,0,0,180,forward,0,0,0,1.1533711684715882,103.89484687978813
12:16:56,1.153461,103.894775,0,0,0,0,0,0,0,0,0,180,forward,0,0,0,1.1533711684715882,103.89484687978813
12:16:58,1.153461,103.894775,0,0,0,0,0,0,0,0,0,180,forward,0,0,0,1.1533711684715882,103.89484687978813
12:17:0,1.153461,103.894775,0,0,0,0,0,0,0,0,0,180,forward,0,0,0,1.1533711684715882,103.89484687978813
12:17:2,1.153461,103.894775,0,0,0,0,0,0,0,0,0,180,forward,0,0,0,1.1533711684715882,103.89484687978813
12:17:5,1.153461,103.894775,0,0,0,0,0,0,0,0,0,180,forward,0,0,0,1.1533711684715882,103.89484687978813
12:17:7,1.153461,103.894775,0,0,0,0,0,0,0,0,0,180,forward,0,0,0,1.1533711684715882,103.89484687978813
12:17:9,1.153461,103.894775,0,0,0,0,0,0,0,0,0,180,forward,0,0,0,1.1533711684715882,103.89484687978813
12:17:11,1.153461,103.894775,0,0,0,0,0,0,0,0,0,180,forward,0,0,0,1.1533711684715882,103.89484687978813
12:17:13,1.153461,103.894775,0,0,0,0,0,0,0,0,0,180,forward,0,0,0,1.1533711684715882,103.89484687978813
12:17:15,1.153461,103.894775,0,0,0,0,0,0,0,0,0,180,forward,0,0,0,1.1533711684715882,103.89484687978813
12:17:17,1.153461,103.894775,0,0,0,0,0,0,0,0,0,180,forward,0,0,0,1.1533711684715882,103.89484687978813
12:17:19,1.153461,103.894775,0,0,0,0,0,0,0,0,0,180,forward,0,0,0,1.1533711684715882,103.89484687978813
12:17:21,1.153461,103.894775,0,0,0,0,0,0,0,0,0,180,forward,0,0,0,1.1533711684715882,103.89484687978813
12:17:23,1.153461,103.894775,0,0,0,0,0,0,0,0,0,180,forward,0,0,0,1.1533711684715882,103.89484687978813
12:17:25,1.153461,103.894775,0,0,0,0,0,0,0,0,0,180,forward,0,0,0,1.1533711684715882,103.89484687978813
12:17:28,1.153461,103.894775,0,0,0,0,0,0,0,0,0,180,forward,0,0,0,1.1533711684715882,103.89484687978813
12:17:30,1.153461,103.894775,0,0,0,0,0,0,0,0,0,180,forward,0,0,0,1.1533711684715882,103.89484687978813
12:17:32,1.153461,103.894775,0,0,0,0,0,0,0,0,0,180,forward,0,0,0,1.1533711684715882,103.89484687978813
12:17:34,1.153461,103.894775,0,0,0,0,0,0,0,0,0,180,forward,0,0,0,1.1533711684715882,103.89484687978813
12:17:36,1.153461,103.894775,0,0,0,0,0,0,0,0,0,180,forward,0,0,0,1.1533711684715882,103.89484687978813
12:17:38,1.153461,103.894775,0,0,0,0,0,0,0,0,0,180,forward,0,0,0,1.1533711684715882,103.89484687978813
12:17:40,1.153461,103.894775,0,0,0,0,0,0,0,0,0,180,forward,0,0,0,1.1533711684715882,103.89484687978813
12:17:42,1.153461,103.894775,0,0,0,0,0,0,0,0,0,180,forward,0,0,0,1.1533711684715882,103.89484687978813
12:17:44,1.153461,103.894775,0,0,0,0,0,0,0,0,0,180,forward,0,0,0,1.1533711684715882,103.89484687978813
12:17:46,1.153461,103.894775,0,0,0,0,0,0,0,0,0,180,forward,0,0,0,1.1533711684715882,103.89484687978813
12:17:48,1.153461,103.894775,0,0,0,0,0,0,0,0,0,180,forward,0,0,0,1.1533711684715882,103.89484687978813
12:17:50,1.153461,103.894775,0,0,0,0,0,0,0,0,0,180,forward,0,0,0,1.1533711684715882,103.89484687978813
12:17:52,1.153461,103.894775,0,0,0,0,0,0,0,0,0,180,forward,0,0,0,1.1533711684715882,103.89484687978813
12:17:55,1.153461,103.894775,0,0,0,0,0,0,0,0,0,180,forward,0,0,0,1.1533711684715882,103.89484687978813
12:17:57,1.153461,103.894775,0,0,0,0,0,0,0,0,0,180,forward,0,0,0,1.1533711684715882,103.89484687978813
12:17:59,1.153461,103.894775,0,0,0,0,0,0,0,0,0,180,forward,0,0,0,1.1533711684715882,103.89484687978813
12:18:1,1.153461,103.894775,0,0,0,0,0,0,0,0,0,180,forward,0,0,0,1.1533711684715882,103.89484687978813
12:18:3,1.153461,103.894775,0,0,0,0,0,0,0,0,0,180,forward,0,0,0,1.1533711684715882,103.89484687978813
12:18:5,1.153461,103.894775,0,0,0,0,0,0,0,0,0,180,forward,0,0,0,1.1533711684715882,103.89484687978813
12:18:7,1.153461,103.894775,0,0,0,0,0,0,0,0,0,180,forward,0,0,0,1.1533711684715882,103.89484687978813
12:18:9,1.153461,103.894775,0,0,0,0,0,0,0,0,0,180,forward,0,0,0,1.1533711684715882,103.89484687978813
12:18:11,1.153461,103.894775,0,0,0,0,0,0,0,0,0,180,forward,0,0,0,1.1533711684715882,103.89484687978813
12:18:13,1.153461,103.894775,0,0,0,0,0,0,0,0,0,180,forward,0,0,0,1.1533711684715882,103.89484687978813
12:18:15,1.153461,103.894775,0,0,0,0,0,0,0,0,0,180,forward,0,0,0,1.1533711684715882,103.89484687978813
12:18:17,1.153461,103.894775,0,0,0,0,0,0,0,0,0,180,forward,0,0,0,1.1533711684715882,103.89484687978813
12:18:19,1.153461,103.894775,0,0,0,0,0,0,0,0,0,180,forward,0,0,0,1.1533711684715882,103.89484687978813
12:18:22,1.153461,103.894775,0,0,0,0,0,0,0,0,0,180,forward,0,0,0,1.1533711684715882,103.89484687978813
12:18:24,1.153461,103.894775,0,0,0,0,0,0,0,0,0,180,forward,0,0,0,1.1533711684715882,103.89484687978813
12:18:26,1.153461,103.894775,0,0,0,0,0,0,0,0,0,180,forward,0,0,0,1.1533711684715882,103.89484687978813
12:18:28,1.153461,103.894775,0,0,0,0,0,0,0,0,0,180,forward,0,0,0,1.1533711684715882,103.89484687978813
12:18:30,1.153461,103.894775,0,0,0,0,0,0,0,0,0,180,forward,0,0,0,1.1533711684715882,103.89484687978813
12:18:32,1.153461,103.894775,0,0,0,0,0,0,0,0,0,180,forward,0,0,0,1.1533711684715882,103.89484687978813
12:18:34,1.153461,103.894775,0,0,0,0,0,0,0,0,0,180,forward,0,0,0,1.1533711684715882,103.89484687978813
12:18:36,1.153461,103.894775,0,0,0,0,0,0,0,0,0,180,forward,0,0,0,1.1533711684715882,103.89484687978813
12:18:38,1.153461,103.894775,0,0,0,0,0,0,0,0,0,180,forward,0,0,0,1.1533711684715882,103.89484687978813
12:18:40,1.153461,103.894775,0,0,0,0,0,0,0,0,0,180,forward,0,0,0,1.1533711684715882,103.89484687978813
12:18:42,1.153461,103.894775,0,0,0,0,0,0,0,0,0,180,forward,0,0,0,1.1533711684715882,103.89484687978813
12:18:44,1.153461,103.894775,0,0,0,0,0,0,0,0,0,180,forward,0,0,0,1.1533711684715882,103.89484687978813
12:18:46,1.153461,103.894775,0,0,0,0,0,0,0,0,0,180,forward,0,0,0,1.1533711684715882,103.89484687978813
12:18:49,1.153461,103.894775,0,0,0,0,0,0,0,0,0,180,forward,0,0,0,1.1533711684715882,103.89484687978813
12:18:51,1.153461,103.894775,0,0,0,0,0,0,0,0,0,180,forward,0,0,0,1.1533711684715882,103.89484687978813
12:18:53,1.153461,103.894775,0,0,0,0,0,0,0,0,0,180,forward,0,0,0,1.1533711684715882,103.89484687978813
12:18:55,1.153461,103.894775,0,0,0,0,0,0,0,0,0,180,forward,0,0,0,1.1533711684715882,103.89484687978813
12:18:57,1.153461,103.894775,0,0,0,0,0,0,0,0,0,180,forward,0,0,0,1.1533711684715882,103.89484687978813
12:18:59,1.153461,103.894775,0,0,0,0,0,0,0,0,0,180,forward,0,0,0,1.1533711684715882,103.89484687978813
12:19:1,1.153461,103.894775,0,0,0,0,0,0,0,0,0,180,forward,0,0,0,1.1533711684715882,103.89484687978813
12:19:3,1.153461,103.894775,0,0,0,0,0,0,0,0,0,180,forward,0,0,0,1.1533711684715882,103.89484687978813
12:19:5,1.153461,103.894775,0,0,0,0,0,0,0,0,0,180,forward,0,0,0,1.1533711684715882,103.89484687978813
12:19:7,1.153461,103.894775,0,0,0,0,0,0,0,0,0,180,forward,0,0,0,1.1533711684715882,103.89484687978813
12:19:9,1.153461,103.894775,0,0,0,0,0,0,0,0,0,180,forward,0,0,0,1.1533711684715882,103.89484687978813
12:19:11,1.153461,103.894775,0,0,0,0,0,0,0,0,0,180,forward,0,0,0,1.1533711684715882,103.89484687978813
12:19:13,1.153461,103.894775,0,0,0,0,0,0,0,0,0,180,forward,0,0,0,1.1533711684715882,103.89484687978813
12:19:15,1.153461,103.894775,0,0,0,0,0,0,0,0,0,180,forward,0,0,0,1.1533711684715882,103.89484687978813
12:19:17,1.153461,103.894775,0,0,0,0,0,0,0,0,0,180,forward,0,0,0,1.1533711684715882,103.89484687978813
12:19:20,1.153461,103.894775,0,0,0,0,0,0,0,0,0,180,forward,0,0,0,1.1533711684715882,103.89484687978813
12:19:22,1.153461,103.894775,0,0,0,0,0,0,0,0,0,180,forward,0,0,0,1.1533711684715882,103.89484687978813
12:19:24,1.153461,103.894775,0,0,0,0,0,0,0,0,0,180,forward,0,0,0,1.1533711684715882,103.89484687978813
12:19:26,1.153461,103.894775,0,0,0,0,0,0,0,0,0,180,forward,0,0,0,1.1533711684715882,103.89484687978813
12:19:28,1.153461,103.894775,0,0,0,0,0,0,0,0,0,180,forward,0,0,0,1.1533711684715882,103.89484687978813
12:19:30,1.153461,103.894775,0,0,0,0,0,0,0,0,0,180,forward,0,0,0,1.1533711684715882,103.89484687978813
12:19:32,1.153461,103.894775,0,0,0,0,0,0,0,0,0,180,forward,0,0,0,1.1533711684715882,103.89484687978813
12:19:34,1.153461,103.894775,0,0,0,0,0,0,0,0,0,180,forward,0,0,0,1.1533711684715882,103.89484687978813
12:19:36,1.153461,103.894775,0,0,0,0,0,0,0,0,0,180,forward,0,0,0,1.1533711684715882,103.89484687978813
12:19:38,1.153461,103.894775,0,0,0,0,0,0,0,0,0,180,forward,0,0,0,1.1533711684715882,103.89484687978813
12:19:40,1.153461,103.894775,0,0,0,0,0,0,0,0,0,180,forward,0,0,0,1.1533711684715882,103.89484687978813
12:19:43,1.153461,103.894775,0,0,0,0,0,0,0,0,0,180,forward,0,0,0,1.1533711684715882,103.89484687978813
12:19:45,1.153461,103.894775,0,0,0,0,0,0,0,0,0,180,forward,0,0,0,1.1533711684715882,103.89484687978813
12:19:47,1.153461,103.894775,0,0,0,0,0,0,0,0,0,180,forward,0,0,0,1.1533711684715882,103.89484687978813
12:19:49,1.153461,103.894775,0,0,0,0,0,0,0,0,0,180,forward,0,0,0,1.1533711684715882,103.89484687978813
12:19:51,1.153461,103.894775,0,0,0,0,0,0,0,0,0,180,forward,0,0,0,1.1533711684715882,103.89484687978813
12:19:53,1.153461,103.894775,0,0,0,0,0,0,0,0,0,180,forward,0,0,0,1.1533711684715882,103.89484687978813
12:19:55,1.153461,103.894775,0,0,0,0,0,0,0,0,0,180,forward,0,0,0,1.1533711684715882,103.89484687978813
12:19:57,1.153461,103.894775,0,0,0,0,0,0,0,0,0,180,forward,0,0,0,1.1533711684715882,103.89484687978813
12:19:59,1.153461,103.894775,0,0,0,0,0,0,0,0,0,180,forward,0,0,0,1.1533711684715882,103.89484687978813
12:20:1,1.153461,103.894775,0,0,0,0,0,0,0,0,0,180,forward,0,0,0,1.1533711684715882,103.89484687978813
12:20:3,1.153461,103.894775,0,0,0,0,0,0,0,0,0,180,forward,0,0,0,1.1533711684715882,103.89484687978813
12:20:5,1.153461,103.894775,0,0,0,0,0,0,0,0,0,180,forward,0,0,0,1.1533711684715882,103.89484687978813
12:20:8,1.153461,103.894775,0,0,0,0,0,0,0,0,0,180,forward,0,0,0,1.1533711684715882,103.89484687978813
12:20:10,1.153461,103.894775,0,0,0,0,0,0,0,0,0,180,forward,0,0,0,1.1533711684715882,103.89484687978813
12:20:12,1.153461,103.894775,0,0,0,0,0,0,0,0,0,180,forward,0,0,0,1.1533711684715882,103.89484687978813
12:20:14,1.153461,103.894775,0,0,0,0,0,0,0,0,0,180,forward,0,0,0,1.1533711684715882,103.89484687978813
12:20:16,1.153461,103.894775,0,0,0,0,0,0,0,0,0,180,forward,0,0,0,1.1533711684715882,103.89484687978813
12:20:18,1.153461,103.894775,0,0,0,0,0,0,0,0,0,180,forward,0,0,0,1.1533711684715882,103.89484687978813
12:20:20,1.153461,103.894775,0,0,0,0,0,0,0,0,0,180,forward,0,0,0,1.1533711684715882,103.89484687978813
12:20:22,1.153461,103.894775,0,0,0,0,0,0,0,0,0,180,forward,0,0,0,1.1533711684715882,103.89484687978813
12:20:24,1.153461,103.894775,0,0,0,0,0,0,0,0,0,180,forward,0,0,0,1.1533711684715882,103.89484687978813
12:20:26,1.153461,103.894775,0,0,0,0,0,0,0,0,0,180,forward,0,0,0,1.1533711684715882,103.89484687978813
12:20:29,1.153461,103.894775,0,0,0,0,0,0,0,0,0,180,forward,0,0,0,1.1533711684715882,103.89484687978813
12:20:31,1.153461,103.894775,0,0,0,0,0,0,0,0,0,180,forward,0,0,0,1.1533711684715882,103.89484687978813
12:20:33,1.153461,103.894775,0,0,0,0,0,0,0,0,0,180,forward,0,0,0,1.1533711684715882,103.89484687978813
12:20:35,1.153461,103.894775,0,0,0,0,0,0,0,0,0,180,forward,0,0,0,1.1533711684715882,103.89484687978813
12:20:37,1.153461,103.894775,0,0,0,0,0,0,0,0,0,180,forward,0,0,0,1.1533711684715882,103.89484687978813
12:20:39,1.153461,103.894775,0,0,0,0,0,0,0,0,0,180,forward,0,0,0,1.1533711684715882,103.89484687978813
12:20:41,1.153461,103.894775,0,0,0,0,0,0,0,0,0,180,forward,0,0,0,1.1533711684715882,103.89484687978813
12:20:43,1.153461,103.894775,0,0,0,0,0,0,0,0,0,180,forward,0,0,0,1.1533711684715882,103.89484687978813
12:20:45,1.153461,103.894775,0,0,0,0,0,0,0,0,0,180,forward,0,0,0,1.1533711684715882,103.89484687978813
12:20:47,1.153461,103.894775,0,0,0,0,0,0,0,0,0,180,forward,0,0,0,1.1533711684715882,103.89484687978813
12:20:49,1.153461,103.894775,0,0,0,0,0,0,0,0,0,180,forward,0,0,0,1.1533711684715882,103.89484687978813
12:20:51,1.153461,103.894775,0,0,0,0,0,0,0,0,0,180,forward,0,0,0,1.1533711684715882,103.89484687978813
12:20:53,1.153461,103.894775,0,0,0,0,0,0,0,0,0,180,forward,0,0,0,1.1533711684715882,103.89484687978813
12:20:55,1.153461,103.894775,0,0,0,0,0,0,0,0,0,180,forward,0,0,0,1.1533711684715882,103.89484687978813
12:20:58,1.153461,103.894775,0,0,0,0,0,0,0,0,0,180,forward,0,0,0,1.1533711684715882,103.89484687978813
12:21:0,1.153461,103.894775,0,0,0,0,0,0,0,0,0,180,forward,0,0,0,1.1533711684715882,103.89484687978813
12:21:2,1.153461,103.894775,0,0,0,0,0,0,0,0,0,180,forward,0,0,0,1.1533711684715882,103.89484687978813
12:21:4,1.153461,103.894775,0,0,0,0,0,0,0,0,0,180,forward,0,0,0,1.1533711684715882,103.89484687978813
12:21:6,1.153461,103.894775,0,0,0,0,0,0,0,0,0,180,forward,0,0,0,1.1533711684715882,103.89484687978813
12:21:8,1.153461,103.894775,0,0,0,0,0,0,0,0,0,180,forward,0,0,0,1.1533711684715882,103.89484687978813
12:21:10,1.153461,103.894775,0,0,0,0,0,0,0,0,0,180,forward,0,0,0,1.1533711684715882,103.89484687978813
12:21:12,1.153461,103.894775,0,0,0,0,0,0,0,0,0,180,forward,0,0,0,1.1533711684715882,103.89484687978813
12:21:14,1.153461,103.894775,0,0,0,0,0,0,0,0,0,180,forward,0,0,0,1.1533711684715882,103.89484687978813
12:21:16,1.153461,103.894775,0,0,0,0,0,0,0,0,0,180,forward,0,0,0,1.1533711684715882,103.89484687978813
12:21:18,1.153461,103.894775,0,0,0,0,0,0,0,0,0,180,forward,0,0,0,1.1533711684715882,103.89484687978813
12:21:20,1.153461,103.894775,0,0,0,0,0,0,0,0,0,180,forward,0,0,0,1.1533711684715882,103.89484687978813
12:21:22,1.153461,103.894775,0,0,0,0,0,0,0,0,0,180,forward,0,0,0,1.1533711684715882,103.89484687978813
12:21:24,1.153461,103.894775,0,0,0,0,0,0,0,0,0,180,forward,0,0,0,1.1533711684715882,103.89484687978813
12:21:27,1.153461,103.894775,0,0,0,0,0,0,0,0,0,180,forward,0,0,0,1.1533711684715882,103.89484687978813
12:21:29,1.153461,103.894775,0,0,0,0,0,0,0,0,0,180,forward,0,0,0,1.1533711684715882,103.89484687978813
12:21:31,1.153461,103.894775,0,0,0,0,0,0,0,0,0,180,forward,0,0,0,1.1533711684715882,103.89484687978813
12:21:33,1.153461,103.894775,0,0,0,0,0,0,0,0,0,180,forward,0,0,0,1.1533711684715882,103.89484687978813
12:21:35,1.153461,103.894775,0,0,0,0,0,0,0,0,0,180,forward,0,0,0,1.1533711684715882,103.89484687978813
12:21:37,1.153461,103.894775,0,0,0,0,0,0,0,0,0,180,forward,0,0,0,1.1533711684715882,103.89484687978813
12:21:39,1.153461,103.894775,0,0,0,0,0,0,0,0,0,180,forward,0,0,0,1.1533711684715882,103.89484687978813
12:21:41,1.153461,103.894775,0,0,0,0,0,0,0,0,0,180,forward,0,0,0,1.1533711684715882,103.89484687978813
12:21:43,1.153461,103.894775,0,0,0,0,0,0,0,0,0,180,forward,0,0,0,1.1533711684715882,103.89484687978813
12:21:45,1.153461,103.894775,0,0,0,0,0,0,0,0,0,180,forward,0,0,0,1.1533711684715882,103.89484687978813
12:21:47,1.153461,103.894775,0,0,0,0,0,0,0,0,0,180,forward,0,0,0,1.1533711684715882,103.89484687978813
12:21:50,1.153461,103.894775,0,0,0,0,0,0,0,0,0,180,forward,0,0,0,1.1533711684715882,103.89484687978813
12:21:52,1.153461,103.894775,0,0,0,0,0,0,0,0,0,180,forward,0,0,0,1.1533711684715882,103.89484687978813
12:21:54,1.153461,103.894775,0,0,0,0,0,0,0,0,0,180,forward,0,0,0,1.1533711684715882,103.89484687978813
12:21:56,1.153461,103.894775,0,0,0,0,0,0,0,0,0,180,forward,0,0,0,1.1533711684715882,103.89484687978813
12:21:58,1.153461,103.894775,0,0,0,0,0,0,0,0,0,180,forward,0,0,0,1.1533711684715882,103.89484687978813
12:22:0,1.153461,103.894775,0,0,0,0,0,0,0,0,0,180,forward,0,0,0,1.1533711684715882,103.89484687978813
12:22:2,1.153461,103.894775,0,0,0,0,0,0,0,0,0,180,forward,0,0,0,1.1533711684715882,103.89484687978813
12:22:4,1.153461,103.894775,0,0,0,0,0,0,0,0,0,180,forward,0,0,0,1.1533711684715882,103.89484687978813
12:22:6,1.153461,103.894775,0,0,0,0,0,0,0,0,0,180,forward,0,0,0,1.1533711684715882,103.89484687978813
12:22:8,1.153461,103.894775,0,0,0,0,0,0,0,0,0,180,forward,0,0,0,1.1533711684715882,103.89484687978813
12:22:11,1.153461,103.894775,0,0,0,0,0,0,0,0,0,180,forward,0,0,0,1.1533711684715882,103.89484687978813
12:22:13,1.153461,103.894775,0,0,0,0,0,0,0,0,0,180,forward,0,0,0,1.1533711684715882,103.89484687978813
12:22:15,1.153461,103.894775,0,0,0,0,0,0,0,0,0,180,forward,0,0,0,1.1533711684715882,103.89484687978813
12:22:17,1.153461,103.894775,0,0,0,0,0,0,0,0,0,180,forward,0,0,0,1.1533711684715882,103.89484687978813
12:22:19,1.153461,103.894775,0,0,0,0,0,0,0,0,0,180,forward,0,0,0,1.1533711684715882,103.89484687978813
12:22:21,1.153461,103.894775,0,0,0,0,0,0,0,0,0,180,forward,0,0,0,1.1533711684715882,103.89484687978813
12:22:23,1.153461,103.894775,0,0,0,0,0,0,0,0,0,180,forward,0,0,0,1.1533711684715882,103.89484687978813
12:22:25,1.153461,103.894775,0,0,0,0,0,0,0,0,0,180,forward,0,0,0,1.1533711684715882,103.89484687978813
12:22:27,1.153461,103.894775,0,0,0,0,0,0,0,0,0,180,forward,0,0,0,1.1533711684715882,103.89484687978813
12:22:29,1.153461,103.894775,0,0,0,0,0,0,0,0,0,180,forward,0,0,0,1.1533711684715882,103.89484687978813
12:22:31,1.153461,103.894775,0,0,0,0,0,0,0,0,0,180,forward,0,0,0,1.1533711684715882,103.89484687978813
12:22:33,1.153461,103.894775,0,0,0,0,0,0,0,0,0,180,forward,0,0,0,1.1533711684715882,103.89484687978813
12:22:36,1.153461,103.894775,0,0,0,0,0,0,0,0,0,180,forward,0,0,0,1.1533711684715882,103.89484687978813
12:22:38,1.153461,103.894775,0,0,0,0,0,0,0,0,0,180,forward,0,0,0,1.1533711684715882,103.89484687978813
12:22:40,1.153461,103.894775,0,0,0,0,0,0,0,0,0,180,forward,0,0,0,1.1533711684715882,103.89484687978813
12:22:42,1.153461,103.894775,0,0,0,0,0,0,0,0,0,180,forward,0,0,0,1.1533711684715882,103.89484687978813
12:22:44,1.153461,103.894775,0,0,0,0,0,0,0,0,0,180,forward,0,0,0,1.1533711684715882,103.89484687978813
12:22:46,1.153461,103.894775,0,0,0,0,0,0,0,0,0,180,forward,0,0,0,1.1533711684715882,103.89484687978813
12:22:48,1.153461,103.894775,0,0,0,0,0,0,0,0,0,180,forward,0,0,0,1.1533711684715882,103.89484687978813
12:22:50,1.153461,103.894775,0,0,0,0,0,0,0,0,0,180,forward,0,0,0,1.1533711684715882,103.89484687978813
12:22:52,1.153461,103.894775,0,0,0,0,0,0,0,0,0,180,forward,0,0,0,1.1533711684715882,103.89484687978813
12:22:54,1.153461,103.894775,0,0,0,0,0,0,0,0,0,180,forward,0,0,0,1.1533711684715882,103.89484687978813
12:22:57,1.153461,103.894775,0,0,0,0,0,0,0,0,0,180,forward,0,0,0,1.1533711684715882,103.89484687978813
12:22:59,1.153461,103.894775,0,0,0,0,0,0,0,0,0,180,forward,0,0,0,1.1533711684715882,103.89484687978813
12:23:1,1.153461,103.894775,0,0,0,0,0,0,0,0,0,180,forward,0,0,0,1.1533711684715882,103.89484687978813
12:23:3,1.153461,103.894775,0,0,0,0,0,0,0,0,0,180,forward,0,0,0,1.1533711684715882,103.89484687978813
12:23:5,1.153461,103.894775,0,0,0,0,0,0,0,0,0,180,forward,0,0,0,1.1533711684715882,103.89484687978813
12:23:7,1.153461,103.894775,0,0,0,0,0,0,0,0,0,180,forward,0,0,0,1.1533711684715882,103.89484687978813
12:23:9,1.153461,103.894775,0,0,0,0,0,0,0,0,0,180,forward,0,0,0,1.1533711684715882,103.89484687978813
12:23:11,1.153461,103.894775,0,0,0,0,0,0,0,0,0,180,forward,0,0,0,1.1533711684715882,103.89484687978813
12:23:13,1.153461,103.894775,0,0,0,0,0,0,0,0,0,180,forward,0,0,0,1.1533711684715882,103.89484687978813
12:23:15,1.153461,103.894775,0,0,0,0,0,0,0,0,0,180,forward,0,0,0,1.1533711684715882,103.89484687978813
12:23:17,1.153461,103.894775,0,0,0,0,0,0,0,0,0,180,forward,0,0,0,1.1533711684715882,103.89484687978813
12:23:20,1.153461,103.894775,0,0,0,0,0,0,0,0,0,180,forward,0,0,0,1.1533711684715882,103.89484687978813
12:23:22,1.153461,103.894775,0,0,0,0,0,0,0,0,0,180,forward,0,0,0,1.1533711684715882,103.89484687978813
12:23:24,1.153461,103.894775,0,0,0,0,0,0,0,0,0,180,forward,0,0,0,1.1533711684715882,103.89484687978813
12:23:26,1.153461,103.894775,0,0,0,0,0,0,0,0,0,180,forward,0,0,0,1.1533711684715882,103.89484687978813
12:23:28,1.153461,103.894775,0,0,0,0,0,0,0,0,0,180,forward,0,0,0,1.1533711684715882,103.89484687978813
12:23:30,1.153461,103.894775,0,0,0,0,0,0,0,0,0,180,forward,0,0,0,1.1533711684715882,103.89484687978813
12:23:32,1.153461,103.894775,0,0,0,0,0,0,0,0,0,180,forward,0,0,0,1.1533711684715882,103.89484687978813
12:23:34,1.153461,103.894775,0,0,0,0,0,0,0,0,0,180,forward,0,0,0,1.1533711684715882,103.89484687978813
12:23:36,1.153461,103.894775,0,0,0,0,0,0,0,0,0,180,forward,0,0,0,1.1533711684715882,103.89484687978813
12:23:38,1.153461,103.894775,0,0,0,0,0,0,0,0,0,180,forward,0,0,0,1.1533711684715882,103.89484687978813
12:23:40,1.153461,103.894775,0,0,0,0,0,0,0,0,0,180,forward,0,0,0,1.1533711684715882,103.89484687978813
12:23:42,1.153461,103.894775,0,0,0,0,0,0,0,0,0,180,forward,0,0,0,1.1533711684715882,103.89484687978813
12:23:44,1.153461,103.894775,0,0,0,0,0,0,0,0,0,180,forward,0,0,0,1.1533711684715882,103.89484687978813
12:23:46,1.153461,103.894775,0,0,0,0,0,0,0,0,0,180,forward,0,0,0,1.1533711684715882,103.89484687978813
12:23:49,1.153461,103.894775,0,0,0,0,0,0,0,0,0,180,forward,0,0,0,1.1533711684715882,103.89484687978813
12:23:51,1.153461,103.894775,0,0,0,0,0,0,0,0,0,180,forward,0,0,0,1.1533711684715882,103.89484687978813
12:23:53,1.153461,103.894775,0,0,0,0,0,0,0,0,0,180,forward,0,0,0,1.1533711684715882,103.89484687978813
12:23:55,1.153461,103.894775,0,0,0,0,0,0,0,0,0,180,forward,0,0,0,1.1533711684715882,103.89484687978813
12:23:57,1.153461,103.894775,0,0,0,0,0,0,0,0,0,180,forward,0,0,0,1.1533711684715882,103.89484687978813
12:23:59,1.153461,103.894775,0,0,0,0,0,0,0,0,0,180,forward,0,0,0,1.1533711684715882,103.89484687978813
12:24:1,1.153461,103.894775,0,0,0,0,0,0,0,0,0,180,forward,0,0,0,1.1533711684715882,103.89484687978813
12:24:3,1.153461,103.894775,0,0,0,0,0,0,0,0,0,180,forward,0,0,0,1.1533711684715882,103.89484687978813
12:24:5,1.153461,103.894775,0,0,0,0,0,0,0,0,0,180,forward,0,0,0,1.1533711684715882,103.89484687978813
12:24:7,1.153461,103.894775,0,0,0,0,0,0,0,0,0,180,forward,0,0,0,1.1533711684715882,103.89484687978813
12:24:9,1.153461,103.894775,0,0,0,0,0,0,0,0,0,180,forward,0,0,0,1.1533711684715882,103.89484687978813
12:24:11,1.153461,103.894775,0,0,0,0,0,0,0,0,0,180,forward,0,0,0,1.1533711684715882,103.89484687978813
12:24:14,1.153461,103.894775,0,0,0,0,0,0,0,0,0,180,forward,0,0,0,1.1533711684715882,103.89484687978813
12:24:16,1.153461,103.894775,0,0,0,0,0,0,0,0,0,180,forward,0,0,0,1.1533711684715882,103.89484687978813
12:24:18,1.153461,103.894775,0,0,0,0,0,0,0,0,0,180,forward,0,0,0,1.1533711684715882,103.89484687978813
12:24:20,1.153461,103.894775,0,0,0,0,0,0,0,0,0,180,forward,0,0,0,1.1533711684715882,103.89484687978813
12:24:22,1.153461,103.894775,0,0,0,0,0,0,0,0,0,180,forward,0,0,0,1.1533711684715882,103.89484687978813
12:24:24,1.153461,103.894775,0,0,0,0,0,0,0,0,0,180,forward,0,0,0,1.1533711684715882,103.89484687978813
12:24:26,1.153461,103.894775,0,0,0,0,0,0,0,0,0,180,forward,0,0,0,1.1533711684715882,103.89484687978813
12:24:28,1.153461,103.894775,0,0,0,0,0,0,0,0,0,180,forward,0,0,0,1.1533711684715882,103.89484687978813
12:24:30,1.153461,103.894775,0,0,0,0,0,0,0,0,0,180,forward,0,0,0,1.1533711684715882,103.89484687978813
12:24:32,1.153461,103.894775,0,0,0,0,0,0,0,0,0,180,forward,0,0,0,1.1533711684715882,103.89484687978813
12:24:35,1.153461,103.894775,0,0,0,0,0,0,0,0,0,180,forward,0,0,0,1.1533711684715882,103.89484687978813
12:24:37,1.153461,103.894775,0,0,0,0,0,0,0,0,0,180,forward,0,0,0,1.1533711684715882,103.89484687978813
12:24:39,1.153461,103.894775,0,0,0,0,0,0,0,0,0,180,forward,0,0,0,1.1533711684715882,103.89484687978813
12:24:41,1.153461,103.894775,0,0,0,0,0,0,0,0,0,180,forward,0,0,0,1.1533711684715882,103.89484687978813
12:24:43,1.153461,103.894775,0,0,0,0,0,0,0,0,0,180,forward,0,0,0,1.1533711684715882,103.89484687978813
12:24:45,1.153461,103.894775,0,0,0,0,0,0,0,0,0,180,forward,0,0,0,1.1533711684715882,103.89484687978813
12:24:47,1.153461,103.894775,0,0,0,0,0,0,0,0,0,180,forward,0,0,0,1.1533711684715882,103.89484687978813
12:24:49,1.153461,103.894775,0,0,0,0,0,0,0,0,0,180,forward,0,0,0,1.1533711684715882,103.89484687978813
12:24:51,1.153461,103.894775,0,0,0,0,0,0,0,0,0,180,forward,0,0,0,1.1533711684715882,103.89484687978813
12:24:53,1.153461,103.894775,0,0,0,0,0,0,0,0,0,180,forward,0,0,0,1.1533711684715882,103.89484687978813
12:24:56,1.153461,103.894775,0,0,0,0,0,0,0,0,0,180,forward,0,0,0,1.1533711684715882,103.89484687978813
12:24:58,1.153461,103.894775,0,0,0,0,0,0,0,0,0,180,forward,0,0,0,1.1533711684715882,103.89484687978813
12:25:0,1.153461,103.894775,0,0,0,0,0,0,0,0,0,180,forward,0,0,0,1.1533711684715882,103.89484687978813
12:25:2,1.153461,103.894775,0,0,0,0,0,0,0,0,0,180,forward,0,0,0,1.1533711684715882,103.89484687978813
12:25:4,1.153461,103.894775,0,0,0,0,0,0,0,0,0,180,forward,0,0,0,1.1533711684715882,103.89484687978813
12:25:6,1.153461,103.894775,0,0,0,0,0,0,0,0,0,180,forward,0,0,0,1.1533711684715882,103.89484687978813
12:25:8,1.153461,103.894775,0,0,0,0,0,0,0,0,0,180,forward,0,0,0,1.1533711684715882,103.89484687978813
12:25:10,1.153461,103.894775,0,0,0,0,0,0,0,0,0,180,forward,0,0,0,1.1533711684715882,103.89484687978813
12:25:12,1.153461,103.894775,0,0,0,0,0,0,0,0,0,180,forward,0,0,0,1.1533711684715882,103.89484687978813
12:25:14,1.153461,103.894775,0,0,0,0,0,0,0,0,0,180,forward,0,0,0,1.1533711684715882,103.89484687978813
12:25:16,1.153461,103.894775,0,0,0,0,0,0,0,0,0,180,forward,0,0,0,1.1533711684715882,103.89484687978813
12:25:18,1.153461,103.894775,0,0,0,0,0,0,0,0,0,180,forward,0,0,0,1.1533711684715882,103.89484687978813
12:25:21,1.153461,103.894775,0,0,0,0,0,0,0,0,0,180,forward,0,0,0,1.1533711684715882,103.89484687978813
12:25:23,1.153461,103.894775,0,0,0,0,0,0,0,0,0,180,forward,0,0,0,1.1533711684715882,103.89484687978813
12:25:25,1.153461,103.894775,0,0,0,0,0,0,0,0,0,180,forward,0,0,0,1.1533711684715882,103.89484687978813
12:25:27,1.153461,103.894775,0,0,0,0,0,0,0,0,0,180,forward,0,0,0,1.1533711684715882,103.89484687978813
12:25:29,1.153461,103.894775,0,0,0,0,0,0,0,0,0,180,forward,0,0,0,1.1533711684715882,103.89484687978813
12:25:31,1.153461,103.894775,0,0,0,0,0,0,0,0,0,180,forward,0,0,0,1.1533711684715882,103.89484687978813
12:25:33,1.153461,103.894775,0,0,0,0,0,0,0,0,0,180,forward,0,0,0,1.1533711684715882,103.89484687978813
12:25:35,1.153461,103.894775,0,0,0,0,0,0,0,0,0,180,forward,0,0,0,1.1533711684715882,103.89484687978813
12:25:37,1.153461,103.894775,0,0,0,0,0,0,0,0,0,180,forward,0,0,0,1.1533711684715882,103.89484687978813
12:25:39,1.153461,103.894775,0,0,0,0,0,0,0,0,0,180,forward,0,0,0,1.1533711684715882,103.89484687978813
12:25:41,1.153461,103.894775,0,0,0,0,0,0,0,0,0,180,forward,0,0,0,1.1533711684715882,103.89484687978813
12:25:43,1.153461,103.894775,0,0,0,0,0,0,0,0,0,180,forward,0,0,0,1.1533711684715882,103.89484687978813
12:25:46,1.153461,103.894775,0,0,0,0,0,0,0,0,0,180,forward,0,0,0,1.1533711684715882,103.89484687978813
12:25:48,1.153461,103.894775,0,0,0,0,0,0,0,0,0,180,forward,0,0,0,1.1533711684715882,103.89484687978813
12:25:50,1.153461,103.894775,0,0,0,0,0,0,0,0,0,180,forward,0,0,0,1.1533711684715882,103.89484687978813
12:25:52,1.153461,103.894775,0,0,0,0,0,0,0,0,0,180,forward,0,0,0,1.1533711684715882,103.89484687978813
12:25:54,1.153461,103.894775,0,0,0,0,0,0,0,0,0,180,forward,0,0,0,1.1533711684715882,103.89484687978813
12:25:56,1.153461,103.894775,0,0,0,0,0,0,0,0,0,180,forward,0,0,0,1.1533711684715882,103.89484687978813
12:25:58,1.153461,103.894775,0,0,0,0,0,0,0,0,0,180,forward,0,0,0,1.1533711684715882,103.89484687978813
12:26:0,1.153461,103.894775,0,0,0,0,0,0,0,0,0,180,forward,0,0,0,1.1533711684715882,103.89484687978813
12:26:2,1.153461,103.894775,0,0,0,0,0,0,0,0,0,180,forward,0,0,0,1.1533711684715882,103.89484687978813
12:26:4,1.153461,103.894775,0,0,0,0,0,0,0,0,0,180,forward,0,0,0,1.1533711684715882,103.89484687978813
12:26:6,1.153461,103.894775,0,0,0,0,0,0,0,0,0,180,forward,0,0,0,1.1533711684715882,103.89484687978813
12:26:8,1.153461,103.894775,0,0,0,0,0,0,0,0,0,180,forward,0,0,0,1.1533711684715882,103.89484687978813
12:26:11,1.153461,103.894775,0,0,0,0,0,0,0,0,0,180,forward,0,0,0,1.1533711684715882,103.89484687978813
12:26:13,1.153461,103.894775,0,0,0,0,0,0,0,0,0,180,forward,0,0,0,1.1533711684715882,103.89484687978813
12:26:15,1.153461,103.894775,0,0,0,0,0,0,0,0,0,180,forward,0,0,0,1.1533711684715882,103.89484687978813
12:26:17,1.153461,103.894775,0,0,0,0,0,0,0,0,0,180,forward,0,0,0,1.1533711684715882,103.89484687978813
12:26:19,1.153461,103.894775,0,0,0,0,0,0,0,0,0,180,forward,0,0,0,1.1533711684715882,103.89484687978813
12:26:21,1.153461,103.894775,0,0,0,0,0,0,0,0,0,180,forward,0,0,0,1.1533711684715882,103.89484687978813
12:26:23,1.153461,103.894775,0,0,0,0,0,0,0,0,0,180,forward,0,0,0,1.1533711684715882,103.89484687978813
12:26:25,1.153461,103.894775,0,0,0,0,0,0,0,0,0,180,forward,0,0,0,1.1533711684715882,103.89484687978813
12:26:27,1.153461,103.894775,0,0,0,0,0,0,0,0,0,180,forward,0,0,0,1.1533711684715882,103.89484687978813
12:26:29,1.153461,103.894775,0,0,0,0,0,0,0,0,0,180,forward,0,0,0,1.1533711684715882,103.89484687978813
12:26:31,1.153461,103.894775,0,0,0,0,0,0,0,0,0,180,forward,0,0,0,1.1533711684715882,103.89484687978813
12:26:33,1.153461,103.894775,0,0,0,0,0,0,0,0,0,180,forward,0,0,0,1.1533711684715882,103.89484687978813
12:26:36,1.153461,103.894775,0,0,0,0,0,0,0,0,0,180,forward,0,0,0,1.1533711684715882,103.89484687978813
12:26:38,1.153461,103.894775,0,0,0,0,0,0,0,0,0,180,forward,0,0,0,1.1533711684715882,103.89484687978813
12:26:40,1.153461,103.894775,0,0,0,0,0,0,0,0,0,180,forward,0,0,0,1.1533711684715882,103.89484687978813
12:26:42,1.153461,103.894775,0,0,0,0,0,0,0,0,0,180,forward,0,0,0,1.1533711684715882,103.89484687978813
12:26:44,1.153461,103.894775,0,0,0,0,0,0,0,0,0,180,forward,0,0,0,1.1533711684715882,103.89484687978813
12:26:46,1.153461,103.894775,0,0,0,0,0,0,0,0,0,180,forward,0,0,0,1.1533711684715882,103.89484687978813
12:26:48,1.153461,103.894775,0,0,0,0,0,0,0,0,0,180,forward,0,0,0,1.1533711684715882,103.89484687978813
12:26:50,1.153461,103.894775,0,0,0,0,0,0,0,0,0,180,forward,0,0,0,1.1533711684715882,103.89484687978813
12:26:52,1.153461,103.894775,0,0,0,0,0,0,0,0,0,180,forward,0,0,0,1.1533711684715882,103.89484687978813
12:26:54,1.153461,103.894775,0,0,0,0,0,0,0,0,0,180,forward,0,0,0,1.1533711684715882,103.89484687978813
12:26:56,1.153461,103.894775,0,0,0,0,0,0,0,0,0,180,forward,0,0,0,1.1533711684715882,103.89484687978813
12:26:58,1.153461,103.894775,0,0,0,0,0,0,0,0,0,180,forward,0,0,0,1.1533711684715882,103.89484687978813
12:27:0,1.153461,103.894775,0,0,0,0,0,0,0,0,0,180,forward,0,0,0,1.1533711684715882,103.89484687978813
12:27:2,1.153461,103.894775,0,0,0,0,0,0,0,0,0,180,forward,0,0,0,1.1533711684715882,103.89484687978813
12:27:5,1.153461,103.894775,0,0,0,0,0,0,0,0,0,180,forward,0,0,0,1.1533711684715882,103.89484687978813
12:27:7,1.153461,103.894775,0,0,0,0,0,0,0,0,0,180,forward,0,0,0,1.1533711684715882,103.89484687978813
12:27:9,1.153461,103.894775,0,0,0,0,0,0,0,0,0,180,forward,0,0,0,1.1533711684715882,103.89484687978813
12:27:11,1.153461,103.894775,0,0,0,0,0,0,0,0,0,180,forward,0,0,0,1.1533711684715882,103.89484687978813
12:27:13,1.153461,103.894775,0,0,0,0,0,0,0,0,0,180,forward,0,0,0,1.1533711684715882,103.89484687978813
12:27:15,1.153461,103.894775,0,0,0,0,0,0,0,0,0,180,forward,0,0,0,1.1533711684715882,103.89484687978813
12:27:17,1.153461,103.894775,0,0,0,0,0,0,0,0,0,180,forward,0,0,0,1.1533711684715882,103.89484687978813
12:27:19,1.153461,103.894775,0,0,0,0,0,0,0,0,0,180,forward,0,0,0,1.1533711684715882,103.89484687978813
12:27:21,1.153461,103.894775,0,0,0,0,0,0,0,0,0,180,forward,0,0,0,1.1533711684715882,103.89484687978813
12:27:23,1.153461,103.894775,0,0,0,0,0,0,0,0,0,180,forward,0,0,0,1.1533711684715882,103.89484687978813
12:27:25,1.153461,103.894775,0,0,0,0,0,0,0,0,0,180,forward,0,0,0,1.1533711684715882,103.89484687978813
12:27:27,1.153461,103.894775,0,0,0,0,0,0,0,0,0,180,forward,0,0,0,1.1533711684715882,103.89484687978813
12:27:30,1.153461,103.894775,0,0,0,0,0,0,0,0,0,180,forward,0,0,0,1.1533711684715882,103.89484687978813
12:27:32,1.153461,103.894775,0,0,0,0,0,0,0,0,0,180,forward,0,0,0,1.1533711684715882,103.89484687978813
12:27:34,1.153461,103.894775,0,0,0,0,0,0,0,0,0,180,forward,0,0,0,1.1533711684715882,103.89484687978813
12:27:36,1.153461,103.894775,0,0,0,0,0,0,0,0,0,180,forward,0,0,0,1.1533711684715882,103.89484687978813
12:27:38,1.153461,103.894775,0,0,0,0,0,0,0,0,0,180,forward,0,0,0,1.1533711684715882,103.89484687978813
12:27:40,1.153461,103.894775,0,0,0,0,0,0,0,0,0,180,forward,0,0,0,1.1533711684715882,103.89484687978813
12:27:42,1.153461,103.894775,0,0,0,0,0,0,0,0,0,180,forward,0,0,0,1.1533711684715882,103.89484687978813
12:27:44,1.153461,103.894775,0,0,0,0,0,0,0,0,0,180,forward,0,0,0,1.1533711684715882,103.89484687978813
12:27:46,1.153461,103.894775,0,0,0,0,0,0,0,0,0,180,forward,0,0,0,1.1533711684715882,103.89484687978813
12:27:48,1.153461,103.894775,0,0,0,0,0,0,0,0,0,180,forward,0,0,0,1.1533711684715882,103.89484687978813
12:27:50,1.153461,103.894775,0,0,0,0,0,0,0,0,0,180,forward,0,0,0,1.1533711684715882,103.89484687978813
12:27:53,1.153461,103.894775,0,0,0,0,0,0,0,0,0,180,forward,0,0,0,1.1533711684715882,103.89484687978813
12:27:55,1.153461,103.894775,0,0,0,0,0,0,0,0,0,180,forward,0,0,0,1.1533711684715882,103.89484687978813
12:27:57,1.153461,103.894775,0,0,0,0,0,0,0,0,0,180,forward,0,0,0,1.1533711684715882,103.89484687978813
12:27:59,1.153461,103.894775,0,0,0,0,0,0,0,0,0,180,forward,0,0,0,1.1533711684715882,103.89484687978813
12:28:1,1.153461,103.894775,0,0,0,0,0,0,0,0,0,180,forward,0,0,0,1.1533711684715882,103.89484687978813
12:28:3,1.153461,103.894775,0,0,0,0,0,0,0,0,0,180,forward,0,0,0,1.1533711684715882,103.89484687978813
12:28:5,1.153461,103.894775,0,0,0,0,0,0,0,0,0,180,forward,0,0,0,1.1533711684715882,103.89484687978813
12:28:7,1.153461,103.894775,0,0,0,0,0,0,0,0,0,180,forward,0,0,0,1.1533711684715882,103.89484687978813
12:28:9,1.153461,103.894775,0,0,0,0,0,0,0,0,0,180,forward,0,0,0,1.1533711684715882,103.89484687978813
12:28:11,1.153461,103.894775,0,0,0,0,0,0,0,0,0,180,forward,0,0,0,1.1533711684715882,103.89484687978813
12:28:13,1.153461,103.894775,0,0,0,0,0,0,0,0,0,180,forward,0,0,0,1.1533711684715882,103.89484687978813
12:28:15,1.153461,103.894775,0,0,0,0,0,0,0,0,0,180,forward,0,0,0,1.1533711684715882,103.89484687978813
12:28:17,1.153461,103.894775,0,0,0,0,0,0,0,0,0,180,forward,0,0,0,1.1533711684715882,103.89484687978813
12:28:19,1.153461,103.894775,0,0,0,0,0,0,0,0,0,180,forward,0,0,0,1.1533711684715882,103.89484687978813
12:28:21,1.153461,103.894775,0,0,0,0,0,0,0,0,0,180,forward,0,0,0,1.1533711684715882,103.89484687978813
12:28:23,1.153461,103.894775,0,0,0,0,0,0,0,0,0,180,forward,0,0,0,1.1533711684715882,103.89484687978813
12:28:26,1.153461,103.894775,0,0,0,0,0,0,0,0,0,180,forward,0,0,0,1.1533711684715882,103.89484687978813
12:28:28,1.153461,103.894775,0,0,0,0,0,0,0,0,0,180,forward,0,0,0,1.1533711684715882,103.89484687978813
12:28:30,1.153461,103.894775,0,0,0,0,0,0,0,0,0,180,forward,0,0,0,1.1533711684715882,103.89484687978813
12:28:32,1.153461,103.894775,0,0,0,0,0,0,0,0,0,180,forward,0,0,0,1.1533711684715882,103.89484687978813
12:28:34,1.153461,103.894775,0,0,0,0,0,0,0,0,0,180,forward,0,0,0,1.1533711684715882,103.89484687978813
12:28:36,1.153461,103.894775,0,0,0,0,0,0,0,0,0,180,forward,0,0,0,1.1533711684715882,103.89484687978813
12:28:38,1.153461,103.894775,0,0,0,0,0,0,0,0,0,180,forward,0,0,0,1.1533711684715882,103.89484687978813
12:28:40,1.153461,103.894775,0,0,0,0,0,0,0,0,0,180,forward,0,0,0,1.1533711684715882,103.89484687978813
12:28:42,1.153461,103.894775,0,0,0,0,0,0,0,0,0,180,forward,0,0,0,1.1533711684715882,103.89484687978813
12:28:44,1.153461,103.894775,0,0,0,0,0,0,0,0,0,180,forward,0,0,0,1.1533711684715882,103.89484687978813
12:28:46,1.153461,103.894775,0,0,0,0,0,0,0,0,0,180,forward,0,0,0,1.1533711684715882,103.89484687978813
12:28:48,1.153461,103.894775,0,0,0,0,0,0,0,0,0,180,forward,0,0,0,1.1533711684715882,103.89484687978813
12:28:50,1.153461,103.894775,0,0,0,0,0,0,0,0,0,180,forward,0,0,0,1.1533711684715882,103.89484687978813
12:28:52,1.153461,103.894775,0,0,0,0,0,0,0,0,0,180,forward,0,0,0,1.1533711684715882,103.89484687978813
12:28:54,1.153461,103.894775,0,0,0,0,0,0,0,0,0,180,forward,0,0,0,1.1533711684715882,103.89484687978813
12:28:57,1.153461,103.894775,0,0,0,0,0,0,0,0,0,180,forward,0,0,0,1.1533711684715882,103.89484687978813
12:28:59,1.153461,103.894775,0,0,0,0,0,0,0,0,0,180,forward,0,0,0,1.1533711684715882,103.89484687978813
12:29:1,1.153461,103.894775,0,0,0,0,0,0,0,0,0,180,forward,0,0,0,1.1533711684715882,103.89484687978813
12:29:3,1.153461,103.894775,0,0,0,0,0,0,0,0,0,180,forward,0,0,0,1.1533711684715882,103.89484687978813
12:29:5,1.153461,103.894775,0,0,0,0,0,0,0,0,0,180,forward,0,0,0,1.1533711684715882,103.89484687978813
12:29:7,1.153461,103.894775,0,0,0,0,0,0,0,0,0,180,forward,0,0,0,1.1533711684715882,103.89484687978813
12:29:9,1.153461,103.894775,0,0,0,0,0,0,0,0,0,180,forward,0,0,0,1.1533711684715882,103.89484687978813
12:29:11,1.153461,103.894775,0,0,0,0,0,0,0,0,0,180,forward,0,0,0,1.1533711684715882,103.89484687978813
12:29:13,1.153461,103.894775,0,0,0,0,0,0,0,0,0,180,forward,0,0,0,1.1533711684715882,103.89484687978813
12:29:15,1.153461,103.894775,0,0,0,0,0,0,0,0,0,180,forward,0,0,0,1.1533711684715882,103.89484687978813
12:29:17,1.153461,103.894775,0,0,0,0,0,0,0,0,0,180,forward,0,0,0,1.1533711684715882,103.89484687978813
12:29:19,1.153461,103.894775,0,0,0,0,0,0,0,0,0,180,forward,0,0,0,1.1533711684715882,103.89484687978813
12:29:21,1.153461,103.894775,0,0,0,0,0,0,0,0,0,180,forward,0,0,0,1.1533711684715882,103.89484687978813
12:29:23,1.153461,103.894775,0,0,0,0,0,0,0,0,0,180,forward,0,0,0,1.1533711684715882,103.89484687978813
12:29:26,1.153461,103.894775,0,0,0,0,0,0,0,0,0,180,forward,0,0,0,1.1533711684715882,103.89484687978813
12:29:28,1.153461,103.894775,0,0,0,0,0,0,0,0,0,180,forward,0,0,0,1.1533711684715882,103.89484687978813
12:29:30,1.153461,103.894775,0,0,0,0,0,0,0,0,0,180,forward,0,0,0,1.1533711684715882,103.89484687978813
12:29:32,1.153461,103.894775,0,0,0,0,0,0,0,0,0,180,forward,0,0,0,1.1533711684715882,103.89484687978813
12:29:34,1.153461,103.894775,0,0,0,0,0,0,0,0,0,180,forward,0,0,0,1.1533711684715882,103.89484687978813
12:29:36,1.153461,103.894775,0,0,0,0,0,0,0,0,0,180,forward,0,0,0,1.1533711684715882,103.89484687978813
12:29:38,1.153461,103.894775,0,0,0,0,0,0,0,0,0,180,forward,0,0,0,1.1533711684715882,103.89484687978813
12:29:40,1.153461,103.894775,0,0,0,0,0,0,0,0,0,180,forward,0,0,0,1.1533711684715882,103.89484687978813
12:29:42,1.153461,103.894775,0,0,0,0,0,0,0,0,0,180,forward,0,0,0,1.1533711684715882,103.89484687978813
12:29:44,1.153461,103.894775,0,0,0,0,0,0,0,0,0,180,forward,0,0,0,1.1533711684715882,103.89484687978813
12:29:46,1.153461,103.894775,0,0,0,0,0,0,0,0,0,180,forward,0,0,0,1.1533711684715882,103.89484687978813
12:29:48,1.153461,103.894775,0,0,0,0,0,0,0,0,0,180,forward,0,0,0,1.1533711684715882,103.89484687978813
12:29:51,1.153461,103.894775,0,0,0,0,0,0,0,0,0,180,forward,0,0,0,1.1533711684715882,103.89484687978813
12:29:53,1.153461,103.894775,0,0,0,0,0,0,0,0,0,180,forward,0,0,0,1.1533711684715882,103.89484687978813
12:29:55,1.153461,103.894775,0,0,0,0,0,0,0,0,0,180,forward,0,0,0,1.1533711684715882,103.89484687978813
12:29:57,1.153461,103.894775,0,0,0,0,0,0,0,0,0,180,forward,0,0,0,1.1533711684715882,103.89484687978813
12:29:59,1.153461,103.894775,0,0,0,0,0,0,0,0,0,180,forward,0,0,0,1.1533711684715882,103.89484687978813
12:30:1,1.153461,103.894775,0,0,0,0,0,0,0,0,0,180,forward,0,0,0,1.1533711684715882,103.89484687978813
12:30:3,1.153461,103.894775,0,0,0,0,0,0,0,0,0,180,forward,0,0,0,1.1533711684715882,103.89484687978813
12:30:5,1.153461,103.894775,0,0,0,0,0,0,0,0,0,180,forward,0,0,0,1.1533711684715882,103.89484687978813
12:30:7,1.153461,103.894775,0,0,0,0,0,0,0,0,0,180,forward,0,0,0,1.1533711684715882,103.89484687978813
12:30:9,1.153461,103.894775,0,0,0,0,0,0,0,0,0,180,forward,0,0,0,1.1533711684715882,103.89484687978813
12:30:11,1.153461,103.894775,0,0,0,0,0,0,0,0,0,180,forward,0,0,0,1.1533711684715882,103.89484687978813
12:30:14,1.153461,103.894775,0,0,0,0,0,0,0,0,0,180,forward,0,0,0,1.1533711684715882,103.89484687978813
12:30:16,1.153461,103.894775,0,0,0,0,0,0,0,0,0,180,forward,0,0,0,1.1533711684715882,103.89484687978813
12:30:18,1.153461,103.894775,0,0,0,0,0,0,0,0,0,180,forward,0,0,0,1.1533711684715882,103.89484687978813
12:30:20,1.153461,103.894775,0,0,0,0,0,0,0,0,0,180,forward,0,0,0,1.1533711684715882,103.89484687978813
12:30:22,1.153461,103.894775,0,0,0,0,0,0,0,0,0,180,forward,0,0,0,1.1533711684715882,103.89484687978813
12:30:24,1.153461,103.894775,0,0,0,0,0,0,0,0,0,180,forward,0,0,0,1.1533711684715882,103.89484687978813
12:30:26,1.153461,103.894775,0,0,0,0,0,0,0,0,0,180,forward,0,0,0,1.1533711684715882,103.89484687978813
12:30:28,1.153461,103.894775,0,0,0,0,0,0,0,0,0,180,forward,0,0,0,1.1533711684715882,103.89484687978813
12:30:30,1.153461,103.894775,0,0,0,0,0,0,0,0,0,180,forward,0,0,0,1.1533711684715882,103.89484687978813
12:30:32,1.153461,103.894775,0,0,0,0,0,0,0,0,0,180,forward,0,0,0,1.1533711684715882,103.89484687978813
12:30:34,1.153461,103.894775,0,0,0,0,0,0,0,0,0,180,forward,0,0,0,1.1533711684715882,103.89484687978813
12:30:36,1.153461,103.894775,0,0,0,0,0,0,0,0,0,180,forward,0,0,0,1.1533711684715882,103.89484687978813
12:30:39,1.153461,103.894775,0,0,0,0,0,0,0,0,0,180,forward,0,0,0,1.1533711684715882,103.89484687978813
12:30:41,1.153461,103.894775,0,0,0,0,0,0,0,0,0,180,forward,0,0,0,1.1533711684715882,103.89484687978813
12:30:43,1.153461,103.894775,0,0,0,0,0,0,0,0,0,180,forward,0,0,0,1.1533711684715882,103.89484687978813
12:30:45,1.153461,103.894775,0,0,0,0,0,0,0,0,0,180,forward,0,0,0,1.1533711684715882,103.89484687978813
12:30:47,1.153461,103.894775,0,0,0,0,0,0,0,0,0,180,forward,0,0,0,1.1533711684715882,103.89484687978813
12:30:49,1.153461,103.894775,0,0,0,0,0,0,0,0,0,180,forward,0,0,0,1.1533711684715882,103.89484687978813
12:30:51,1.153461,103.894775,0,0,0,0,0,0,0,0,0,180,forward,0,0,0,1.1533711684715882,103.89484687978813
12:30:53,1.153461,103.894775,0,0,0,0,0,0,0,0,0,180,forward,0,0,0,1.1533711684715882,103.89484687978813
12:30:55,1.153461,103.894775,0,0,0,0,0,0,0,0,0,180,forward,0,0,0,1.1533711684715882,103.89484687978813
12:30:57,1.153461,103.894775,0,0,0,0,0,0,0,0,0,180,forward,0,0,0,1.1533711684715882,103.89484687978813
12:30:59,1.153461,103.894775,0,0,0,0,0,0,0,0,0,180,forward,0,0,0,1.1533711684715882,103.89484687978813
12:31:1,1.153461,103.894775,0,0,0,0,0,0,0,0,0,180,forward,0,0,0,1.1533711684715882,103.89484687978813
12:31:3,1.153461,103.894775,0,0,0,0,0,0,0,0,0,180,forward,0,0,0,1.1533711684715882,103.89484687978813
12:31:5,1.153461,103.894775,0,0,0,0,0,0,0,0,0,180,forward,0,0,0,1.1533711684715882,103.89484687978813
12:31:7,1.153461,103.894775,0,0,0,0,0,0,0,0,0,180,forward,0,0,0,1.1533711684715882,103.89484687978813
12:31:10,1.153461,103.894775,0,0,0,0,0,0,0,0,0,180,forward,0,0,0,1.1533711684715882,103.89484687978813
12:31:12,1.153461,103.894775,0,0,0,0,0,0,0,0,0,180,forward,0,0,0,1.1533711684715882,103.89484687978813
12:31:14,1.153461,103.894775,0,0,0,0,0,0,0,0,0,180,forward,0,0,0,1.1533711684715882,103.89484687978813
12:31:16,1.153461,103.894775,0,0,0,0,0,0,0,0,0,180,forward,0,0,0,1.1533711684715882,103.89484687978813
12:31:18,1.153461,103.894775,0,0,0,0,0,0,0,0,0,180,forward,0,0,0,1.1533711684715882,103.89484687978813
12:31:20,1.153461,103.894775,0,0,0,0,0,0,0,0,0,180,forward,0,0,0,1.1533711684715882,103.89484687978813
12:31:22,1.153461,103.894775,0,0,0,0,0,0,0,0,0,180,forward,0,0,0,1.1533711684715882,103.89484687978813
12:31:24,1.153461,103.894775,0,0,0,0,0,0,0,0,0,180,forward,0,0,0,1.1533711684715882,103.89484687978813
12:31:26,1.153461,103.894775,0,0,0,0,0,0,0,0,0,180,forward,0,0,0,1.1533711684715882,103.89484687978813
12:31:28,1.153461,103.894775,0,0,0,0,0,0,0,0,0,180,forward,0,0,0,1.1533711684715882,103.89484687978813
12:31:30,1.153461,103.894775,0,0,0,0,0,0,0,0,0,180,forward,0,0,0,1.1533711684715882,103.89484687978813
12:31:32,1.153461,103.894775,0,0,0,0,0,0,0,0,0,180,forward,0,0,0,1.1533711684715882,103.89484687978813
12:31:35,1.153461,103.894775,0,0,0,0,0,0,0,0,0,180,forward,0,0,0,1.1533711684715882,103.89484687978813
12:31:37,1.153461,103.894775,0,0,0,0,0,0,0,0,0,180,forward,0,0,0,1.1533711684715882,103.89484687978813
12:31:39,1.153461,103.894775,0,0,0,0,0,0,0,0,0,180,forward,0,0,0,1.1533711684715882,103.89484687978813
12:31:41,1.153461,103.894775,0,0,0,0,0,0,0,0,0,180,forward,0,0,0,1.1533711684715882,103.89484687978813
12:31:43,1.153461,103.894775,0,0,0,0,0,0,0,0,0,180,forward,0,0,0,1.1533711684715882,103.89484687978813
12:31:45,1.153461,103.894775,0,0,0,0,0,0,0,0,0,180,forward,0,0,0,1.1533711684715882,103.89484687978813
12:31:47,1.153461,103.894775,0,0,0,0,0,0,0,0,0,180,forward,0,0,0,1.1533711684715882,103.89484687978813
12:31:49,1.153461,103.894775,0,0,0,0,0,0,0,0,0,180,forward,0,0,0,1.1533711684715882,103.89484687978813
12:31:51,1.153461,103.894775,0,0,0,0,0,0,0,0,0,180,forward,0,0,0,1.1533711684715882,103.89484687978813
12:31:53,1.153461,103.894775,0,0,0,0,0,0,0,0,0,180,forward,0,0,0,1.1533711684715882,103.89484687978813
12:31:55,1.153461,103.894775,0,0,0,0,0,0,0,0,0,180,forward,0,0,0,1.1533711684715882,103.89484687978813
12:31:57,1.153461,103.894775,0,0,0,0,0,0,0,0,0,180,forward,0,0,0,1.1533711684715882,103.89484687978813
12:31:59,1.153461,103.894775,0,0,0,0,0,0,0,0,0,180,forward,0,0,0,1.1533711684715882,103.89484687978813
12:32:1,1.153461,103.894775,0,0,0,0,0,0,0,0,0,180,forward,0,0,0,1.1533711684715882,103.89484687978813
12:32:3,1.153461,103.894775,0,0,0,0,0,0,0,0,0,180,forward,0,0,0,1.1533711684715882,103.89484687978813
12:32:6,1.153461,103.894775,0,0,0,0,0,0,0,0,0,180,forward,0,0,0,1.1533711684715882,103.89484687978813
12:32:8,1.153461,103.894775,0,0,0,0,0,0,0,0,0,180,forward,0,0,0,1.1533711684715882,103.89484687978813
12:32:10,1.153461,103.894775,0,0,0,0,0,0,0,0,0,180,forward,0,0,0,1.1533711684715882,103.89484687978813
12:32:12,1.153461,103.894775,0,0,0,0,0,0,0,0,0,180,forward,0,0,0,1.1533711684715882,103.89484687978813
12:32:14,1.153461,103.894775,0,0,0,0,0,0,0,0,0,180,forward,0,0,0,1.1533711684715882,103.89484687978813
12:32:16,1.153461,103.894775,0,0,0,0,0,0,0,0,0,180,forward,0,0,0,1.1533711684715882,103.89484687978813
12:32:18,1.153461,103.894775,0,0,0,0,0,0,0,0,0,180,forward,0,0,0,1.1533711684715882,103.89484687978813
12:32:20,1.153461,103.894775,0,0,0,0,0,0,0,0,0,180,forward,0,0,0,1.1533711684715882,103.89484687978813
12:32:22,1.153461,103.894775,0,0,0,0,0,0,0,0,0,180,forward,0,0,0,1.1533711684715882,103.89484687978813
12:32:24,1.153461,103.894775,0,0,0,0,0,0,0,0,0,180,forward,0,0,0,1.1533711684715882,103.89484687978813
12:32:26,1.153461,103.894775,0,0,0,0,0,0,0,0,0,180,forward,0,0,0,1.1533711684715882,103.89484687978813
12:32:28,1.153461,103.894775,0,0,0,0,0,0,0,0,0,180,forward,0,0,0,1.1533711684715882,103.89484687978813
12:32:30,1.153461,103.894775,0,0,0,0,0,0,0,0,0,180,forward,0,0,0,1.1533711684715882,103.89484687978813
12:32:33,1.153461,103.894775,0,0,0,0,0,0,0,0,0,180,forward,0,0,0,1.1533711684715882,103.89484687978813
12:32:35,1.153461,103.894775,0,0,0,0,0,0,0,0,0,180,forward,0,0,0,1.1533711684715882,103.89484687978813
12:32:37,1.153461,103.894775,0,0,0,0,0,0,0,0,0,180,forward,0,0,0,1.1533711684715882,103.89484687978813
12:32:39,1.153461,103.894775,0,0,0,0,0,0,0,0,0,180,forward,0,0,0,1.1533711684715882,103.89484687978813
12:32:41,1.153461,103.894775,0,0,0,0,0,0,0,0,0,180,forward,0,0,0,1.1533711684715882,103.89484687978813
12:32:43,1.153461,103.894775,0,0,0,0,0,0,0,0,0,180,forward,0,0,0,1.1533711684715882,103.89484687978813
12:32:45,1.153461,103.894775,0,0,0,0,0,0,0,0,0,180,forward,0,0,0,1.1533711684715882,103.89484687978813
12:32:47,1.153461,103.894775,0,0,0,0,0,0,0,0,0,180,forward,0,0,0,1.1533711684715882,103.89484687978813
12:32:49,1.153461,103.894775,0,0,0,0,0,0,0,0,0,180,forward,0,0,0,1.1533711684715882,103.89484687978813
12:32:51,1.153461,103.894775,0,0,0,0,0,0,0,0,0,180,forward,0,0,0,1.1533711684715882,103.89484687978813
12:32:53,1.153461,103.894775,0,0,0,0,0,0,0,0,0,180,forward,0,0,0,1.1533711684715882,103.89484687978813
12:32:55,1.153461,103.894775,0,0,0,0,0,0,0,0,0,180,forward,0,0,0,1.1533711684715882,103.89484687978813
12:32:57,1.153461,103.894775,0,0,0,0,0,0,0,0,0,180,forward,0,0,0,1.1533711684715882,103.89484687978813
12:32:59,1.153461,103.894775,0,0,0,0,0,0,0,0,0,180,forward,0,0,0,1.1533711684715882,103.89484687978813
12:33:1,1.153461,103.894775,0,0,0,0,0,0,0,0,0,180,forward,0,0,0,1.1533711684715882,103.89484687978813
12:33:3,1.153461,103.894775,0,0,0,0,0,0,0,0,0,180,forward,0,0,0,1.1533711684715882,103.89484687978813
12:33:5,1.153461,103.894775,0,0,0,0,0,0,0,0,0,180,forward,0,0,0,1.1533711684715882,103.89484687978813
12:33:8,1.153461,103.894775,0,0,0,0,0,0,0,0,0,180,forward,0,0,0,1.1533711684715882,103.89484687978813
12:33:10,1.153461,103.894775,0,0,0,0,0,0,0,0,0,180,forward,0,0,0,1.1533711684715882,103.89484687978813
12:33:12,1.153461,103.894775,0,0,0,0,0,0,0,0,0,180,forward,0,0,0,1.1533711684715882,103.89484687978813
12:33:14,1.153461,103.894775,0,0,0,0,0,0,0,0,0,180,forward,0,0,0,1.1533711684715882,103.89484687978813
12:33:16,1.153461,103.894775,0,0,0,0,0,0,0,0,0,180,forward,0,0,0,1.1533711684715882,103.89484687978813
12:33:18,1.153461,103.894775,0,0,0,0,0,0,0,0,0,180,forward,0,0,0,1.1533711684715882,103.89484687978813
12:33:20,1.153461,103.894775,0,0,0,0,0,0,0,0,0,180,forward,0,0,0,1.1533711684715882,103.89484687978813
12:33:22,1.153461,103.894775,0,0,0,0,0,0,0,0,0,180,forward,0,0,0,1.1533711684715882,103.89484687978813
12:33:24,1.153461,103.894775,0,0,0,0,0,0,0,0,0,180,forward,0,0,0,1.1533711684715882,103.89484687978813
12:33:26,1.153461,103.894775,0,0,0,0,0,0,0,0,0,180,forward,0,0,0,1.1533711684715882,103.89484687978813
12:33:28,1.153461,103.894775,0,0,0,0,0,0,0,0,0,180,forward,0,0,0,1.1533711684715882,103.89484687978813
12:33:30,1.153461,103.894775,0,0,0,0,0,0,0,0,0,180,forward,0,0,0,1.1533711684715882,103.89484687978813
12:33:32,1.153461,103.894775,0,0,0,0,0,0,0,0,0,180,forward,0,0,0,1.1533711684715882,103.89484687978813
12:33:34,1.153461,103.894775,0,0,0,0,0,0,0,0,0,180,forward,0,0,0,1.1533711684715882,103.89484687978813
12:33:36,1.153461,103.894775,0,0,0,0,0,0,0,0,0,180,forward,0,0,0,1.1533711684715882,103.89484687978813
12:33:39,1.153461,103.894775,0,0,0,0,0,0,0,0,0,180,forward,0,0,0,1.1533711684715882,103.89484687978813
12:33:41,1.153461,103.894775,0,0,0,0,0,0,0,0,0,180,forward,0,0,0,1.1533711684715882,103.89484687978813
12:33:43,1.153461,103.894775,0,0,0,0,0,0,0,0,0,180,forward,0,0,0,1.1533711684715882,103.89484687978813
12:33:45,1.153461,103.894775,0,0,0,0,0,0,0,0,0,180,forward,0,0,0,1.1533711684715882,103.89484687978813
12:33:47,1.153461,103.894775,0,0,0,0,0,0,0,0,0,180,forward,0,0,0,1.1533711684715882,103.89484687978813
12:33:49,1.153461,103.894775,0,0,0,0,0,0,0,0,0,180,forward,0,0,0,1.1533711684715882,103.89484687978813
12:33:51,1.153461,103.894775,0,0,0,0,0,0,0,0,0,180,forward,0,0,0,1.1533711684715882,103.89484687978813
12:33:53,1.153461,103.894775,0,0,0,0,0,0,0,0,0,180,forward,0,0,0,1.1533711684715882,103.89484687978813
12:33:55,1.153461,103.894775,0,0,0,0,0,0,0,0,0,180,forward,0,0,0,1.1533711684715882,103.89484687978813
12:33:57,1.153461,103.894775,0,0,0,0,0,0,0,0,0,180,forward,0,0,0,1.1533711684715882,103.89484687978813
12:33:59,1.153461,103.894775,0,0,0,0,0,0,0,0,0,180,forward,0,0,0,1.1533711684715882,103.89484687978813
12:34:1,1.153461,103.894775,0,0,0,0,0,0,0,0,0,180,forward,0,0,0,1.1533711684715882,103.89484687978813
12:34:3,1.153461,103.894775,0,0,0,0,0,0,0,0,0,180,forward,0,0,0,1.1533711684715882,103.89484687978813
12:34:5,1.153461,103.894775,0,0,0,0,0,0,0,0,0,180,forward,0,0,0,1.1533711684715882,103.89484687978813
12:34:7,1.153461,103.894775,0,0,0,0,0,0,0,0,0,180,forward,0,0,0,1.1533711684715882,103.89484687978813
12:34:10,1.153461,103.894775,0,0,0,0,0,0,0,0,0,180,forward,0,0,0,1.1533711684715882,103.89484687978813
12:34:12,1.153461,103.894775,0,0,0,0,0,0,0,0,0,180,forward,0,0,0,1.1533711684715882,103.89484687978813
12:34:14,1.153461,103.894775,0,0,0,0,0,0,0,0,0,180,forward,0,0,0,1.1533711684715882,103.89484687978813
12:34:16,1.153461,103.894775,0,0,0,0,0,0,0,0,0,180,forward,0,0,0,1.1533711684715882,103.89484687978813
12:34:18,1.153461,103.894775,0,0,0,0,0,0,0,0,0,180,forward,0,0,0,1.1533711684715882,103.89484687978813
12:34:20,1.153461,103.894775,0,0,0,0,0,0,0,0,0,180,forward,0,0,0,1.1533711684715882,103.89484687978813
12:34:22,1.153461,103.894775,0,0,0,0,0,0,0,0,0,180,forward,0,0,0,1.1533711684715882,103.89484687978813
12:34:24,1.153461,103.894775,0,0,0,0,0,0,0,0,0,180,forward,0,0,0,1.1533711684715882,103.89484687978813
12:34:26,1.153461,103.894775,0,0,0,0,0,0,0,0,0,180,forward,0,0,0,1.1533711684715882,103.89484687978813
12:34:28,1.153461,103.894775,0,0,0,0,0,0,0,0,0,180,forward,0,0,0,1.1533711684715882,103.89484687978813
12:34:30,1.153461,103.894775,0,0,0,0,0,0,0,0,0,180,forward,0,0,0,1.1533711684715882,103.89484687978813
12:34:32,1.153461,103.894775,0,0,0,0,0,0,0,0,0,180,forward,0,0,0,1.1533711684715882,103.89484687978813
12:34:34,1.153461,103.894775,0,0,0,0,0,0,0,0,0,180,forward,0,0,0,1.1533711684715882,103.89484687978813
12:34:36,1.153461,103.894775,0,0,0,0,0,0,0,0,0,180,forward,0,0,0,1.1533711684715882,103.89484687978813
12:34:38,1.153461,103.894775,0,0,0,0,0,0,0,0,0,180,forward,0,0,0,1.1533711684715882,103.89484687978813
12:34:41,1.153461,103.894775,0,0,0,0,0,0,0,0,0,180,forward,0,0,0,1.1533711684715882,103.89484687978813
12:34:43,1.153461,103.894775,0,0,0,0,0,0,0,0,0,180,forward,0,0,0,1.1533711684715882,103.89484687978813
12:34:45,1.153461,103.894775,0,0,0,0,0,0,0,0,0,180,forward,0,0,0,1.1533711684715882,103.89484687978813
12:34:47,1.153461,103.894775,0,0,0,0,0,0,0,0,0,180,forward,0,0,0,1.1533711684715882,103.89484687978813
12:34:49,1.153461,103.894775,0,0,0,0,0,0,0,0,0,180,forward,0,0,0,1.1533711684715882,103.89484687978813
12:34:51,1.153461,103.894775,0,0,0,0,0,0,0,0,0,180,forward,0,0,0,1.1533711684715882,103.89484687978813
12:34:53,1.153461,103.894775,0,0,0,0,0,0,0,0,0,180,forward,0,0,0,1.1533711684715882,103.89484687978813
12:34:55,1.153461,103.894775,0,0,0,0,0,0,0,0,0,180,forward,0,0,0,1.1533711684715882,103.89484687978813
12:34:57,1.153461,103.894775,0,0,0,0,0,0,0,0,0,180,forward,0,0,0,1.1533711684715882,103.89484687978813
12:34:59,1.153461,103.894775,0,0,0,0,0,0,0,0,0,180,forward,0,0,0,1.1533711684715882,103.89484687978813
12:35:1,1.153461,103.894775,0,0,0,0,0,0,0,0,0,180,forward,0,0,0,1.1533711684715882,103.89484687978813
12:35:3,1.153461,103.894775,0,0,0,0,0,0,0,0,0,180,forward,0,0,0,1.1533711684715882,103.89484687978813
12:35:5,1.153461,103.894775,0,0,0,0,0,0,0,0,0,180,forward,0,0,0,1.1533711684715882,103.89484687978813
12:35:7,1.153461,103.894775,0,0,0,0,0,0,0,0,0,180,forward,0,0,0,1.1533711684715882,103.89484687978813
12:35:9,1.153461,103.894775,0,0,0,0,0,0,0,0,0,180,forward,0,0,0,1.1533711684715882,103.89484687978813
12:35:12,1.153461,103.894775,0,0,0,0,0,0,0,0,0,180,forward,0,0,0,1.1533711684715882,103.89484687978813
12:35:14,1.153461,103.894775,0,0,0,0,0,0,0,0,0,180,forward,0,0,0,1.1533711684715882,103.89484687978813
12:35:16,1.153461,103.894775,0,0,0,0,0,0,0,0,0,180,forward,0,0,0,1.1533711684715882,103.89484687978813
12:35:18,1.153461,103.894775,0,0,0,0,0,0,0,0,0,180,forward,0,0,0,1.1533711684715882,103.89484687978813
12:35:20,1.153461,103.894775,0,0,0,0,0,0,0,0,0,180,forward,0,0,0,1.1533711684715882,103.89484687978813
12:35:22,1.153461,103.894775,0,0,0,0,0,0,0,0,0,180,forward,0,0,0,1.1533711684715882,103.89484687978813
12:35:24,1.153461,103.894775,0,0,0,0,0,0,0,0,0,180,forward,0,0,0,1.1533711684715882,103.89484687978813
12:35:26,1.153461,103.894775,0,0,0,0,0,0,0,0,0,180,forward,0,0,0,1.1533711684715882,103.89484687978813
12:35:28,1.153461,103.894775,0,0,0,0,0,0,0,0,0,180,forward,0,0,0,1.1533711684715882,103.89484687978813
12:35:30,1.153461,103.894775,0,0,0,0,0,0,0,0,0,180,forward,0,0,0,1.1533711684715882,103.89484687978813
12:35:32,1.153461,103.894775,0,0,0,0,0,0,0,0,0,180,forward,0,0,0,1.1533711684715882,103.89484687978813
12:35:34,1.153461,103.894775,0,0,0,0,0,0,0,0,0,180,forward,0,0,0,1.1533711684715882,103.89484687978813
12:35:36,1.153461,103.894775,0,0,0,0,0,0,0,0,0,180,forward,0,0,0,1.1533711684715882,103.89484687978813
12:35:39,1.153461,103.894775,0,0,0,0,0,0,0,0,0,180,forward,0,0,0,1.1533711684715882,103.89484687978813
12:35:41,1.153461,103.894775,0,0,0,0,0,0,0,0,0,180,forward,0,0,0,1.1533711684715882,103.89484687978813
12:35:43,1.153461,103.894775,0,0,0,0,0,0,0,0,0,180,forward,0,0,0,1.1533711684715882,103.89484687978813
12:35:45,1.153461,103.894775,0,0,0,0,0,0,0,0,0,180,forward,0,0,0,1.1533711684715882,103.89484687978813
12:35:47,1.153461,103.894775,0,0,0,0,0,0,0,0,0,180,forward,0,0,0,1.1533711684715882,103.89484687978813
12:35:49,1.153461,103.894775,0,0,0,0,0,0,0,0,0,180,forward,0,0,0,1.1533711684715882,103.89484687978813
12:35:51,1.153461,103.894775,0,0,0,0,0,0,0,0,0,180,forward,0,0,0,1.1533711684715882,103.89484687978813
12:35:53,1.153461,103.894775,0,0,0,0,0,0,0,0,0,180,forward,0,0,0,1.1533711684715882,103.89484687978813
12:35:55,1.153461,103.894775,0,0,0,0,0,0,0,0,0,180,forward,0,0,0,1.1533711684715882,103.89484687978813
12:35:57,1.153461,103.894775,0,0,0,0,0,0,0,0,0,180,forward,0,0,0,1.1533711684715882,103.89484687978813
12:35:59,1.153461,103.894775,0,0,0,0,0,0,0,0,0,180,forward,0,0,0,1.1533711684715882,103.89484687978813
12:36:1,1.153461,103.894775,0,0,0,0,0,0,0,0,0,180,forward,0,0,0,1.1533711684715882,103.89484687978813
12:36:3,1.153461,103.894775,0,0,0,0,0,0,0,0,0,180,forward,0,0,0,1.1533711684715882,103.89484687978813
12:36:5,1.153461,103.894775,0,0,0,0,0,0,0,0,0,180,forward,0,0,0,1.1533711684715882,103.89484687978813
12:36:7,1.153461,103.894775,0,0,0,0,0,0,0,0,0,180,forward,0,0,0,1.1533711684715882,103.89484687978813
12:36:9,1.153461,103.894775,0,0,0,0,0,0,0,0,0,180,forward,0,0,0,1.1533711684715882,103.89484687978813
12:36:11,1.153461,103.894775,0,0,0,0,0,0,0,0,0,180,forward,0,0,0,1.1533711684715882,103.89484687978813
12:36:13,1.153461,103.894775,0,0,0,0,0,0,0,0,0,180,forward,0,0,0,1.1533711684715882,103.89484687978813
12:36:16,1.153461,103.894775,0,0,0,0,0,0,0,0,0,180,forward,0,0,0,1.1533711684715882,103.89484687978813
12:36:18,1.153461,103.894775,0,0,0,0,0,0,0,0,0,180,forward,0,0,0,1.1533711684715882,103.89484687978813
12:36:20,1.153461,103.894775,0,0,0,0,0,0,0,0,0,180,forward,0,0,0,1.1533711684715882,103.89484687978813
12:36:22,1.153461,103.894775,0,0,0,0,0,0,0,0,0,180,forward,0,0,0,1.1533711684715882,103.89484687978813
12:36:24,1.153461,103.894775,0,0,0,0,0,0,0,0,0,180,forward,0,0,0,1.1533711684715882,103.89484687978813
12:36:26,1.153461,103.894775,0,0,0,0,0,0,0,0,0,180,forward,0,0,0,1.1533711684715882,103.89484687978813
12:36:28,1.153461,103.894775,0,0,0,0,0,0,0,0,0,180,forward,0,0,0,1.1533711684715882,103.89484687978813
12:36:30,1.153461,103.894775,0,0,0,0,0,0,0,0,0,180,forward,0,0,0,1.1533711684715882,103.89484687978813
12:36:32,1.153461,103.894775,0,0,0,0,0,0,0,0,0,180,forward,0,0,0,1.1533711684715882,103.89484687978813
12:36:34,1.153461,103.894775,0,0,0,0,0,0,0,0,0,180,forward,0,0,0,1.1533711684715882,103.89484687978813
12:36:36,1.153461,103.894775,0,0,0,0,0,0,0,0,0,180,forward,0,0,0,1.1533711684715882,103.89484687978813
12:36:38,1.153461,103.894775,0,0,0,0,0,0,0,0,0,180,forward,0,0,0,1.1533711684715882,103.89484687978813
12:36:40,1.153461,103.894775,0,0,0,0,0,0,0,0,0,180,forward,0,0,0,1.1533711684715882,103.89484687978813
12:36:42,1.153461,103.894775,0,0,0,0,0,0,0,0,0,180,forward,0,0,0,1.1533711684715882,103.89484687978813
12:36:44,1.153461,103.894775,0,0,0,0,0,0,0,0,0,180,forward,0,0,0,1.1533711684715882,103.89484687978813
12:36:46,1.153461,103.894775,0,0,0,0,0,0,0,0,0,180,forward,0,0,0,1.1533711684715882,103.89484687978813
12:36:49,1.153461,103.894775,0,0,0,0,0,0,0,0,0,180,forward,0,0,0,1.1533711684715882,103.89484687978813
12:36:51,1.153461,103.894775,0,0,0,0,0,0,0,0,0,180,forward,0,0,0,1.1533711684715882,103.89484687978813
12:36:53,1.153461,103.894775,0,0,0,0,0,0,0,0,0,180,forward,0,0,0,1.1533711684715882,103.89484687978813
12:36:55,1.153461,103.894775,0,0,0,0,0,0,0,0,0,180,forward,0,0,0,1.1533711684715882,103.89484687978813
12:36:57,1.153461,103.894775,0,0,0,0,0,0,0,0,0,180,forward,0,0,0,1.1533711684715882,103.89484687978813
12:36:59,1.153461,103.894775,0,0,0,0,0,0,0,0,0,180,forward,0,0,0,1.1533711684715882,103.89484687978813
12:37:1,1.153461,103.894775,0,0,0,0,0,0,0,0,0,180,forward,0,0,0,1.1533711684715882,103.89484687978813
12:37:3,1.153461,103.894775,0,0,0,0,0,0,0,0,0,180,forward,0,0,0,1.1533711684715882,103.89484687978813
12:37:5,1.153461,103.894775,0,0,0,0,0,0,0,0,0,180,forward,0,0,0,1.1533711684715882,103.89484687978813
12:37:7,1.153461,103.894775,0,0,0,0,0,0,0,0,0,180,forward,0,0,0,1.1533711684715882,103.89484687978813
12:37:9,1.153461,103.894775,0,0,0,0,0,0,0,0,0,180,forward,0,0,0,1.1533711684715882,103.89484687978813
12:37:11,1.153461,103.894775,0,0,0,0,0,0,0,0,0,180,forward,0,0,0,1.1533711684715882,103.89484687978813
12:37:13,1.153461,103.894775,0,0,0,0,0,0,0,0,0,180,forward,0,0,0,1.1533711684715882,103.89484687978813
12:37:15,1.153461,103.894775,0,0,0,0,0,0,0,0,0,180,forward,0,0,0,1.1533711684715882,103.89484687978813
12:37:18,1.153461,103.894775,0,0,0,0,0,0,0,0,0,180,forward,0,0,0,1.1533711684715882,103.89484687978813
12:37:20,1.153461,103.894775,0,0,0,0,0,0,0,0,0,180,forward,0,0,0,1.1533711684715882,103.89484687978813
12:37:22,1.153461,103.894775,0,0,0,0,0,0,0,0,0,180,forward,0,0,0,1.1533711684715882,103.89484687978813
12:37:24,1.153461,103.894775,0,0,0,0,0,0,0,0,0,180,forward,0,0,0,1.1533711684715882,103.89484687978813
12:37:26,1.153461,103.894775,0,0,0,0,0,0,0,0,0,180,forward,0,0,0,1.1533711684715882,103.89484687978813
12:37:28,1.153461,103.894775,0,0,0,0,0,0,0,0,0,180,forward,0,0,0,1.1533711684715882,103.89484687978813
12:37:30,1.153461,103.894775,0,0,0,0,0,0,0,0,0,180,forward,0,0,0,1.1533711684715882,103.89484687978813
12:37:32,1.153461,103.894775,0,0,0,0,0,0,0,0,0,180,forward,0,0,0,1.1533711684715882,103.89484687978813
12:37:34,1.153461,103.894775,0,0,0,0,0,0,0,0,0,180,forward,0,0,0,1.1533711684715882,103.89484687978813
12:37:36,1.153461,103.894775,0,0,0,0,0,0,0,0,0,180,forward,0,0,0,1.1533711684715882,103.89484687978813
12:37:38,1.153461,103.894775,0,0,0,0,0,0,0,0,0,180,forward,0,0,0,1.1533711684715882,103.89484687978813
12:37:40,1.153461,103.894775,0,0,0,0,0,0,0,0,0,180,forward,0,0,0,1.1533711684715882,103.89484687978813
12:37:42,1.153461,103.894775,0,0,0,0,0,0,0,0,0,180,forward,0,0,0,1.1533711684715882,103.89484687978813
12:37:44,1.153461,103.894775,0,0,0,0,0,0,0,0,0,180,forward,0,0,0,1.1533711684715882,103.89484687978813
12:37:46,1.153461,103.894775,0,0,0,0,0,0,0,0,0,180,forward,0,0,0,1.1533711684715882,103.89484687978813
12:37:48,1.153461,103.894775,0,0,0,0,0,0,0,0,0,180,forward,0,0,0,1.1533711684715882,103.89484687978813
12:37:50,1.153461,103.894775,0,0,0,0,0,0,0,0,0,180,forward,0,0,0,1.1533711684715882,103.89484687978813
12:37:53,1.153461,103.894775,0,0,0,0,0,0,0,0,0,180,forward,0,0,0,1.1533711684715882,103.89484687978813
12:37:55,1.153461,103.894775,0,0,0,0,0,0,0,0,0,180,forward,0,0,0,1.1533711684715882,103.89484687978813
12:37:57,1.153461,103.894775,0,0,0,0,0,0,0,0,0,180,forward,0,0,0,1.1533711684715882,103.89484687978813
12:37:59,1.153461,103.894775,0,0,0,0,0,0,0,0,0,180,forward,0,0,0,1.1533711684715882,103.89484687978813
12:38:1,1.153461,103.894775,0,0,0,0,0,0,0,0,0,180,forward,0,0,0,1.1533711684715882,103.89484687978813
12:38:3,1.153461,103.894775,0,0,0,0,0,0,0,0,0,180,forward,0,0,0,1.1533711684715882,103.89484687978813
12:38:5,1.153461,103.894775,0,0,0,0,0,0,0,0,0,180,forward,0,0,0,1.1533711684715882,103.89484687978813
12:38:7,1.153461,103.894775,0,0,0,0,0,0,0,0,0,180,forward,0,0,0,1.1533711684715882,103.89484687978813
12:38:9,1.153461,103.894775,0,0,0,0,0,0,0,0,0,180,forward,0,0,0,1.1533711684715882,103.89484687978813
12:38:11,1.153461,103.894775,0,0,0,0,0,0,0,0,0,180,forward,0,0,0,1.1533711684715882,103.89484687978813
12:38:13,1.153461,103.894775,0,0,0,0,0,0,0,0,0,180,forward,0,0,0,1.1533711684715882,103.89484687978813
12:38:15,1.153461,103.894775,0,0,0,0,0,0,0,0,0,180,forward,0,0,0,1.1533711684715882,103.89484687978813
12:38:17,1.153461,103.894775,0,0,0,0,0,0,0,0,0,180,forward,0,0,0,1.1533711684715882,103.89484687978813
12:38:19,1.153461,103.894775,0,0,0,0,0,0,0,0,0,180,forward,0,0,0,1.1533711684715882,103.89484687978813
12:38:21,1.153461,103.894775,0,0,0,0,0,0,0,0,0,180,forward,0,0,0,1.1533711684715882,103.89484687978813
12:38:23,1.153461,103.894775,0,0,0,0,0,0,0,0,0,180,forward,0,0,0,1.1533711684715882,103.89484687978813
12:38:25,1.153461,103.894775,0,0,0,0,0,0,0,0,0,180,forward,0,0,0,1.1533711684715882,103.89484687978813
12:38:28,1.153461,103.894775,0,0,0,0,0,0,0,0,0,180,forward,0,0,0,1.1533711684715882,103.89484687978813
12:38:30,1.153461,103.894775,0,0,0,0,0,0,0,0,0,180,forward,0,0,0,1.1533711684715882,103.89484687978813
12:38:32,1.153461,103.894775,0,0,0,0,0,0,0,0,0,180,forward,0,0,0,1.1533711684715882,103.89484687978813
12:38:34,1.153461,103.894775,0,0,0,0,0,0,0,0,0,180,forward,0,0,0,1.1533711684715882,103.89484687978813
12:38:36,1.153461,103.894775,0,0,0,0,0,0,0,0,0,180,forward,0,0,0,1.1533711684715882,103.89484687978813
12:38:38,1.153461,103.894775,0,0,0,0,0,0,0,0,0,180,forward,0,0,0,1.1533711684715882,103.89484687978813
12:38:40,1.153461,103.894775,0,0,0,0,0,0,0,0,0,180,forward,0,0,0,1.1533711684715882,103.89484687978813
12:38:42,1.153461,103.894775,0,0,0,0,0,0,0,0,0,180,forward,0,0,0,1.1533711684715882,103.89484687978813
12:38:44,1.153461,103.894775,0,0,0,0,0,0,0,0,0,180,forward,0,0,0,1.1533711684715882,103.89484687978813
12:38:46,1.153461,103.894775,0,0,0,0,0,0,0,0,0,180,forward,0,0,0,1.1533711684715882,103.89484687978813
12:38:48,1.153461,103.894775,0,0,0,0,0,0,0,0,0,180,forward,0,0,0,1.1533711684715882,103.89484687978813
12:38:50,1.153461,103.894775,0,0,0,0,0,0,0,0,0,180,forward,0,0,0,1.1533711684715882,103.89484687978813
12:38:52,1.153461,103.894775,0,0,0,0,0,0,0,0,0,180,forward,0,0,0,1.1533711684715882,103.89484687978813
12:38:54,1.153461,103.894775,0,0,0,0,0,0,0,0,0,180,forward,0,0,0,1.1533711684715882,103.89484687978813
12:38:57,1.153461,103.894775,0,0,0,0,0,0,0,0,0,180,forward,0,0,0,1.1533711684715882,103.89484687978813
12:38:59,1.153461,103.894775,0,0,0,0,0,0,0,0,0,180,forward,0,0,0,1.1533711684715882,103.89484687978813
12:39:1,1.153461,103.894775,0,0,0,0,0,0,0,0,0,180,forward,0,0,0,1.1533711684715882,103.89484687978813
12:39:3,1.153461,103.894775,0,0,0,0,0,0,0,0,0,180,forward,0,0,0,1.1533711684715882,103.89484687978813
12:39:5,1.153461,103.894775,0,0,0,0,0,0,0,0,0,180,forward,0,0,0,1.1533711684715882,103.89484687978813
12:39:7,1.153461,103.894775,0,0,0,0,0,0,0,0,0,180,forward,0,0,0,1.1533711684715882,103.89484687978813
12:39:9,1.153461,103.894775,0,0,0,0,0,0,0,0,0,180,forward,0,0,0,1.1533711684715882,103.89484687978813
12:39:11,1.153461,103.894775,0,0,0,0,0,0,0,0,0,180,forward,0,0,0,1.1533711684715882,103.89484687978813
12:39:13,1.153461,103.894775,0,0,0,0,0,0,0,0,0,180,forward,0,0,0,1.1533711684715882,103.89484687978813
12:39:15,1.153461,103.894775,0,0,0,0,0,0,0,0,0,180,forward,0,0,0,1.1533711684715882,103.89484687978813
12:39:17,1.153461,103.894775,0,0,0,0,0,0,0,0,0,180,forward,0,0,0,1.1533711684715882,103.89484687978813
12:39:19,1.153461,103.894775,0,0,0,0,0,0,0,0,0,180,forward,0,0,0,1.1533711684715882,103.89484687978813
12:39:21,1.153461,103.894775,0,0,0,0,0,0,0,0,0,180,forward,0,0,0,1.1533711684715882,103.89484687978813
12:39:23,1.153461,103.894775,0,0,0,0,0,0,0,0,0,180,forward,0,0,0,1.1533711684715882,103.89484687978813
12:39:25,1.153461,103.894775,0,0,0,0,0,0,0,0,0,180,forward,0,0,0,1.1533711684715882,103.89484687978813
12:39:27,1.153461,103.894775,0,0,0,0,0,0,0,0,0,180,forward,0,0,0,1.1533711684715882,103.89484687978813
12:39:29,1.153461,103.894775,0,0,0,0,0,0,0,0,0,180,forward,0,0,0,1.1533711684715882,103.89484687978813
12:39:31,1.153461,103.894775,0,0,0,0,0,0,0,0,0,180,forward,0,0,0,1.1533711684715882,103.89484687978813
12:39:34,1.153461,103.894775,0,0,0,0,0,0,0,0,0,180,forward,0,0,0,1.1533711684715882,103.89484687978813
12:39:36,1.153461,103.894775,0,0,0,0,0,0,0,0,0,180,forward,0,0,0,1.1533711684715882,103.89484687978813
12:39:38,1.153461,103.894775,0,0,0,0,0,0,0,0,0,180,forward,0,0,0,1.1533711684715882,103.89484687978813
12:39:40,1.153461,103.894775,0,0,0,0,0,0,0,0,0,180,forward,0,0,0,1.1533711684715882,103.89484687978813
12:39:42,1.153461,103.894775,0,0,0,0,0,0,0,0,0,180,forward,0,0,0,1.1533711684715882,103.89484687978813
12:39:44,1.153461,103.894775,0,0,0,0,0,0,0,0,0,180,forward,0,0,0,1.1533711684715882,103.89484687978813
12:39:46,1.153461,103.894775,0,0,0,0,0,0,0,0,0,180,forward,0,0,0,1.1533711684715882,103.89484687978813
12:39:48,1.153461,103.894775,0,0,0,0,0,0,0,0,0,180,forward,0,0,0,1.1533711684715882,103.89484687978813
12:39:50,1.153461,103.894775,0,0,0,0,0,0,0,0,0,180,forward,0,0,0,1.1533711684715882,103.89484687978813
12:39:52,1.153461,103.894775,0,0,0,0,0,0,0,0,0,180,forward,0,0,0,1.1533711684715882,103.89484687978813
12:39:54,1.153461,103.894775,0,0,0,0,0,0,0,0,0,180,forward,0,0,0,1.1533711684715882,103.89484687978813
12:39:57,1.153461,103.894775,0,0,0,0,0,0,0,0,0,180,forward,0,0,0,1.1533711684715882,103.89484687978813
12:39:59,1.153461,103.894775,0,0,0,0,0,0,0,0,0,180,forward,0,0,0,1.1533711684715882,103.89484687978813
12:40:1,1.153461,103.894775,0,0,0,0,0,0,0,0,0,180,forward,0,0,0,1.1533711684715882,103.89484687978813
12:40:3,1.153461,103.894775,0,0,0,0,0,0,0,0,0,180,forward,0,0,0,1.1533711684715882,103.89484687978813
12:40:5,1.153461,103.894775,0,0,0,0,0,0,0,0,0,180,forward,0,0,0,1.1533711684715882,103.89484687978813
12:40:7,1.153461,103.894775,0,0,0,0,0,0,0,0,0,180,forward,0,0,0,1.1533711684715882,103.89484687978813
12:40:9,1.153461,103.894775,0,0,0,0,0,0,0,0,0,180,forward,0,0,0,1.1533711684715882,103.89484687978813
12:40:11,1.153461,103.894775,0,0,0,0,0,0,0,0,0,180,forward,0,0,0,1.1533711684715882,103.89484687978813
12:40:13,1.153461,103.894775,0,0,0,0,0,0,0,0,0,180,forward,0,0,0,1.1533711684715882,103.89484687978813
12:40:15,1.153461,103.894775,0,0,0,0,0,0,0,0,0,180,forward,0,0,0,1.1533711684715882,103.89484687978813
12:40:17,1.153461,103.894775,0,0,0,0,0,0,0,0,0,180,forward,0,0,0,1.1533711684715882,103.89484687978813
12:40:19,1.153461,103.894775,0,0,0,0,0,0,0,0,0,180,forward,0,0,0,1.1533711684715882,103.89484687978813
12:40:22,1.153461,103.894775,0,0,0,0,0,0,0,0,0,180,forward,0,0,0,1.1533711684715882,103.89484687978813
12:40:24,1.153461,103.894775,0,0,0,0,0,0,0,0,0,180,forward,0,0,0,1.1533711684715882,103.89484687978813
12:40:26,1.153461,103.894775,0,0,0,0,0,0,0,0,0,180,forward,0,0,0,1.1533711684715882,103.89484687978813
12:40:28,1.153461,103.894775,0,0,0,0,0,0,0,0,0,180,forward,0,0,0,1.1533711684715882,103.89484687978813
12:40:30,1.153461,103.894775,0,0,0,0,0,0,0,0,0,180,forward,0,0,0,1.1533711684715882,103.89484687978813
12:40:32,1.153461,103.894775,0,0,0,0,0,0,0,0,0,180,forward,0,0,0,1.1533711684715882,103.89484687978813
12:40:34,1.153461,103.894775,0,0,0,0,0,0,0,0,0,180,forward,0,0,0,1.1533711684715882,103.89484687978813
12:40:36,1.153461,103.894775,0,0,0,0,0,0,0,0,0,180,forward,0,0,0,1.1533711684715882,103.89484687978813
12:40:38,1.153461,103.894775,0,0,0,0,0,0,0,0,0,180,forward,0,0,0,1.1533711684715882,103.89484687978813
12:40:40,1.153461,103.894775,0,0,0,0,0,0,0,0,0,180,forward,0,0,0,1.1533711684715882,103.89484687978813
12:40:42,1.153461,103.894775,0,0,0,0,0,0,0,0,0,180,forward,0,0,0,1.1533711684715882,103.89484687978813
12:40:44,1.153461,103.894775,0,0,0,0,0,0,0,0,0,180,forward,0,0,0,1.1533711684715882,103.89484687978813
12:40:46,1.153461,103.894775,0,0,0,0,0,0,0,0,0,180,forward,0,0,0,1.1533711684715882,103.89484687978813
12:40:48,1.153461,103.894775,0,0,0,0,0,0,0,0,0,180,forward,0,0,0,1.1533711684715882,103.89484687978813
12:40:50,1.153461,103.894775,0,0,0,0,0,0,0,0,0,180,forward,0,0,0,1.1533711684715882,103.89484687978813
12:40:52,1.153461,103.894775,0,0,0,0,0,0,0,0,0,180,forward,0,0,0,1.1533711684715882,103.89484687978813
12:40:54,1.153461,103.894775,0,0,0,0,0,0,0,0,0,180,forward,0,0,0,1.1533711684715882,103.89484687978813
12:40:56,1.153461,103.894775,0,0,0,0,0,0,0,0,0,180,forward,0,0,0,1.1533711684715882,103.89484687978813
12:40:58,1.153461,103.894775,0,0,0,0,0,0,0,0,0,180,forward,0,0,0,1.1533711684715882,103.89484687978813
12:41:1,1.153461,103.894775,0,0,0,0,0,0,0,0,0,180,forward,0,0,0,1.1533711684715882,103.89484687978813
12:41:3,1.153461,103.894775,0,0,0,0,0,0,0,0,0,180,forward,0,0,0,1.1533711684715882,103.89484687978813
12:41:5,1.153461,103.894775,0,0,0,0,0,0,0,0,0,180,forward,0,0,0,1.1533711684715882,103.89484687978813
12:41:7,1.153461,103.894775,0,0,0,0,0,0,0,0,0,180,forward,0,0,0,1.1533711684715882,103.89484687978813
12:41:9,1.153461,103.894775,0,0,0,0,0,0,0,0,0,180,forward,0,0,0,1.1533711684715882,103.89484687978813
12:41:11,1.153461,103.894775,0,0,0,0,0,0,0,0,0,180,forward,0,0,0,1.1533711684715882,103.89484687978813
12:41:13,1.153461,103.894775,0,0,0,0,0,0,0,0,0,180,forward,0,0,0,1.1533711684715882,103.89484687978813
12:41:15,1.153461,103.894775,0,0,0,0,0,0,0,0,0,180,forward,0,0,0,1.1533711684715882,103.89484687978813
12:41:17,1.153461,103.894775,0,0,0,0,0,0,0,0,0,180,forward,0,0,0,1.1533711684715882,103.89484687978813
12:41:19,1.153461,103.894775,0,0,0,0,0,0,0,0,0,180,forward,0,0,0,1.1533711684715882,103.89484687978813
12:41:21,1.153461,103.894775,0,0,0,0,0,0,0,0,0,180,forward,0,0,0,1.1533711684715882,103.89484687978813
12:41:23,1.153461,103.894775,0,0,0,0,0,0,0,0,0,180,forward,0,0,0,1.1533711684715882,103.89484687978813
12:41:25,1.153461,103.894775,0,0,0,0,0,0,0,0,0,180,forward,0,0,0,1.1533711684715882,103.89484687978813
12:41:27,1.153461,103.894775,0,0,0,0,0,0,0,0,0,180,forward,0,0,0,1.1533711684715882,103.89484687978813
12:41:29,1.153461,103.894775,0,0,0,0,0,0,0,0,0,180,forward,0,0,0,1.1533711684715882,103.89484687978813
12:41:31,1.153461,103.894775,0,0,0,0,0,0,0,0,0,180,forward,0,0,0,1.1533711684715882,103.89484687978813
12:41:34,1.153461,103.894775,0,0,0,0,0,0,0,0,0,180,forward,0,0,0,1.1533711684715882,103.89484687978813
12:41:36,1.153461,103.894775,0,0,0,0,0,0,0,0,0,180,forward,0,0,0,1.1533711684715882,103.89484687978813
12:41:38,1.153461,103.894775,0,0,0,0,0,0,0,0,0,180,forward,0,0,0,1.1533711684715882,103.89484687978813
12:41:40,1.153461,103.894775,0,0,0,0,0,0,0,0,0,180,forward,0,0,0,1.1533711684715882,103.89484687978813
12:41:42,1.153461,103.894775,0,0,0,0,0,0,0,0,0,180,forward,0,0,0,1.1533711684715882,103.89484687978813
12:41:44,1.153461,103.894775,0,0,0,0,0,0,0,0,0,180,forward,0,0,0,1.1533711684715882,103.89484687978813
12:41:46,1.153461,103.894775,0,0,0,0,0,0,0,0,0,180,forward,0,0,0,1.1533711684715882,103.89484687978813
12:41:48,1.153461,103.894775,0,0,0,0,0,0,0,0,0,180,forward,0,0,0,1.1533711684715882,103.89484687978813
12:41:50,1.153461,103.894775,0,0,0,0,0,0,0,0,0,180,forward,0,0,0,1.1533711684715882,103.89484687978813
12:41:52,1.153461,103.894775,0,0,0,0,0,0,0,0,0,180,forward,0,0,0,1.1533711684715882,103.89484687978813
12:41:54,1.153461,103.894775,0,0,0,0,0,0,0,0,0,180,forward,0,0,0,1.1533711684715882,103.89484687978813
12:41:56,1.153461,103.894775,0,0,0,0,0,0,0,0,0,180,forward,0,0,0,1.1533711684715882,103.89484687978813
12:41:58,1.153461,103.894775,0,0,0,0,0,0,0,0,0,180,forward,0,0,0,1.1533711684715882,103.89484687978813
12:42:0,1.153461,103.894775,0,0,0,0,0,0,0,0,0,180,forward,0,0,0,1.1533711684715882,103.89484687978813
12:42:2,1.153461,103.894775,0,0,0,0,0,0,0,0,0,180,forward,0,0,0,1.1533711684715882,103.89484687978813
12:42:5,1.153461,103.894775,0,0,0,0,0,0,0,0,0,180,forward,0,0,0,1.1533711684715882,103.89484687978813
12:42:7,1.153461,103.894775,0,0,0,0,0,0,0,0,0,180,forward,0,0,0,1.1533711684715882,103.89484687978813
12:42:9,1.153461,103.894775,0,0,0,0,0,0,0,0,0,180,forward,0,0,0,1.1533711684715882,103.89484687978813
12:42:11,1.153461,103.894775,0,0,0,0,0,0,0,0,0,180,forward,0,0,0,1.1533711684715882,103.89484687978813
12:42:13,1.153461,103.894775,0,0,0,0,0,0,0,0,0,180,forward,0,0,0,1.1533711684715882,103.89484687978813
12:42:15,1.153461,103.894775,0,0,0,0,0,0,0,0,0,180,forward,0,0,0,1.1533711684715882,103.89484687978813
12:42:17,1.153461,103.894775,0,0,0,0,0,0,0,0,0,180,forward,0,0,0,1.1533711684715882,103.89484687978813
12:42:19,1.153461,103.894775,0,0,0,0,0,0,0,0,0,180,forward,0,0,0,1.1533711684715882,103.89484687978813
12:42:21,1.153461,103.894775,0,0,0,0,0,0,0,0,0,180,forward,0,0,0,1.1533711684715882,103.89484687978813
12:42:23,1.153461,103.894775,0,0,0,0,0,0,0,0,0,180,forward,0,0,0,1.1533711684715882,103.89484687978813
12:42:25,1.153461,103.894775,0,0,0,0,0,0,0,0,0,180,forward,0,0,0,1.1533711684715882,103.89484687978813
12:42:27,1.153461,103.894775,0,0,0,0,0,0,0,0,0,180,forward,0,0,0,1.1533711684715882,103.89484687978813
12:42:29,1.153461,103.894775,0,0,0,0,0,0,0,0,0,180,forward,0,0,0,1.1533711684715882,103.89484687978813
12:42:31,1.153461,103.894775,0,0,0,0,0,0,0,0,0,180,forward,0,0,0,1.1533711684715882,103.89484687978813
12:42:33,1.153461,103.894775,0,0,0,0,0,0,0,0,0,180,forward,0,0,0,1.1533711684715882,103.89484687978813
12:42:36,1.153461,103.894775,0,0,0,0,0,0,0,0,0,180,forward,0,0,0,1.1533711684715882,103.89484687978813
12:42:38,1.153461,103.894775,0,0,0,0,0,0,0,0,0,180,forward,0,0,0,1.1533711684715882,103.89484687978813
12:42:40,1.153461,103.894775,0,0,0,0,0,0,0,0,0,180,forward,0,0,0,1.1533711684715882,103.89484687978813
12:42:42,1.153461,103.894775,0,0,0,0,0,0,0,0,0,180,forward,0,0,0,1.1533711684715882,103.89484687978813
12:42:44,1.153461,103.894775,0,0,0,0,0,0,0,0,0,180,forward,0,0,0,1.1533711684715882,103.89484687978813
12:42:46,1.153461,103.894775,0,0,0,0,0,0,0,0,0,180,forward,0,0,0,1.1533711684715882,103.89484687978813
12:42:48,1.153461,103.894775,0,0,0,0,0,0,0,0,0,180,forward,0,0,0,1.1533711684715882,103.89484687978813
12:42:50,1.153461,103.894775,0,0,0,0,0,0,0,0,0,180,forward,0,0,0,1.1533711684715882,103.89484687978813
12:42:52,1.153461,103.894775,0,0,0,0,0,0,0,0,0,180,forward,0,0,0,1.1533711684715882,103.89484687978813
12:42:54,1.153461,103.894775,0,0,0,0,0,0,0,0,0,180,forward,0,0,0,1.1533711684715882,103.89484687978813
12:42:56,1.153461,103.894775,0,0,0,0,0,0,0,0,0,180,forward,0,0,0,1.1533711684715882,103.89484687978813
12:42:58,1.153461,103.894775,0,0,0,0,0,0,0,0,0,180,forward,0,0,0,1.1533711684715882,103.89484687978813
12:43:0,1.153461,103.894775,0,0,0,0,0,0,0,0,0,180,forward,0,0,0,1.1533711684715882,103.89484687978813
12:43:2,1.153461,103.894775,0,0,0,0,0,0,0,0,0,180,forward,0,0,0,1.1533711684715882,103.89484687978813
12:43:4,1.153461,103.894775,0,0,0,0,0,0,0,0,0,180,forward,0,0,0,1.1533711684715882,103.89484687978813
12:43:6,1.153461,103.894775,0,0,0,0,0,0,0,0,0,180,forward,0,0,0,1.1533711684715882,103.89484687978813
12:43:8,1.153461,103.894775,0,0,0,0,0,0,0,0,0,180,forward,0,0,0,1.1533711684715882,103.89484687978813
12:43:10,1.153461,103.894775,0,0,0,0,0,0,0,0,0,180,forward,0,0,0,1.1533711684715882,103.89484687978813
12:43:13,1.153461,103.894775,0,0,0,0,0,0,0,0,0,180,forward,0,0,0,1.1533711684715882,103.89484687978813
12:43:15,1.153461,103.894775,0,0,0,0,0,0,0,0,0,180,forward,0,0,0,1.1533711684715882,103.89484687978813
12:43:17,1.153461,103.894775,0,0,0,0,0,0,0,0,0,180,forward,0,0,0,1.1533711684715882,103.89484687978813
12:43:19,1.153461,103.894775,0,0,0,0,0,0,0,0,0,180,forward,0,0,0,1.1533711684715882,103.89484687978813
12:43:21,1.153461,103.894775,0,0,0,0,0,0,0,0,0,180,forward,0,0,0,1.1533711684715882,103.89484687978813
12:43:23,1.153461,103.894775,0,0,0,0,0,0,0,0,0,180,forward,0,0,0,1.1533711684715882,103.89484687978813
12:43:25,1.153461,103.894775,0,0,0,0,0,0,0,0,0,180,forward,0,0,0,1.1533711684715882,103.89484687978813
12:43:27,1.153461,103.894775,0,0,0,0,0,0,0,0,0,180,forward,0,0,0,1.1533711684715882,103.89484687978813
12:43:29,1.153461,103.894775,0,0,0,0,0,0,0,0,0,180,forward,0,0,0,1.1533711684715882,103.89484687978813
12:43:31,1.153461,103.894775,0,0,0,0,0,0,0,0,0,180,forward,0,0,0,1.1533711684715882,103.89484687978813
12:43:33,1.153461,103.894775,0,0,0,0,0,0,0,0,0,180,forward,0,0,0,1.1533711684715882,103.89484687978813
12:43:35,1.153461,103.894775,0,0,0,0,0,0,0,0,0,180,forward,0,0,0,1.1533711684715882,103.89484687978813
12:43:37,1.153461,103.894775,0,0,0,0,0,0,0,0,0,180,forward,0,0,0,1.1533711684715882,103.89484687978813
12:43:40,1.153461,103.894775,0,0,0,0,0,0,0,0,0,180,forward,0,0,0,1.1533711684715882,103.89484687978813
12:43:42,1.153461,103.894775,0,0,0,0,0,0,0,0,0,180,forward,0,0,0,1.1533711684715882,103.89484687978813
12:43:44,1.153461,103.894775,0,0,0,0,0,0,0,0,0,180,forward,0,0,0,1.1533711684715882,103.89484687978813
12:43:46,1.153461,103.894775,0,0,0,0,0,0,0,0,0,180,forward,0,0,0,1.1533711684715882,103.89484687978813
12:43:48,1.153461,103.894775,0,0,0,0,0,0,0,0,0,180,forward,0,0,0,1.1533711684715882,103.89484687978813
12:43:50,1.153461,103.894775,0,0,0,0,0,0,0,0,0,180,forward,0,0,0,1.1533711684715882,103.89484687978813
12:43:52,1.153461,103.894775,0,0,0,0,0,0,0,0,0,180,forward,0,0,0,1.1533711684715882,103.89484687978813
12:43:54,1.153461,103.894775,0,0,0,0,0,0,0,0,0,180,forward,0,0,0,1.1533711684715882,103.89484687978813
12:43:56,1.153461,103.894775,0,0,0,0,0,0,0,0,0,180,forward,0,0,0,1.1533711684715882,103.89484687978813
12:43:58,1.153461,103.894775,0,0,0,0,0,0,0,0,0,180,forward,0,0,0,1.1533711684715882,103.89484687978813
12:44:0,1.153461,103.894775,0,0,0,0,0,0,0,0,0,180,forward,0,0,0,1.1533711684715882,103.89484687978813
12:44:2,1.153461,103.894775,0,0,0,0,0,0,0,0,0,180,forward,0,0,0,1.1533711684715882,103.89484687978813
12:44:4,1.153461,103.894775,0,0,0,0,0,0,0,0,0,180,forward,0,0,0,1.1533711684715882,103.89484687978813
12:44:6,1.153461,103.894775,0,0,0,0,0,0,0,0,0,180,forward,0,0,0,1.1533711684715882,103.89484687978813
12:44:8,1.153461,103.894775,0,0,0,0,0,0,0,0,0,180,forward,0,0,0,1.1533711684715882,103.89484687978813
12:44:10,1.153461,103.894775,0,0,0,0,0,0,0,0,0,180,forward,0,0,0,1.1533711684715882,103.89484687978813
12:44:13,1.153461,103.894775,0,0,0,0,0,0,0,0,0,180,forward,0,0,0,1.1533711684715882,103.89484687978813
12:44:15,1.153461,103.894775,0,0,0,0,0,0,0,0,0,180,forward,0,0,0,1.1533711684715882,103.89484687978813
12:44:17,1.153461,103.894775,0,0,0,0,0,0,0,0,0,180,forward,0,0,0,1.1533711684715882,103.89484687978813
12:44:19,1.153461,103.894775,0,0,0,0,0,0,0,0,0,180,forward,0,0,0,1.1533711684715882,103.89484687978813
12:44:21,1.153461,103.894775,0,0,0,0,0,0,0,0,0,180,forward,0,0,0,1.1533711684715882,103.89484687978813
12:44:23,1.153461,103.894775,0,0,0,0,0,0,0,0,0,180,forward,0,0,0,1.1533711684715882,103.89484687978813
12:44:25,1.153461,103.894775,0,0,0,0,0,0,0,0,0,180,forward,0,0,0,1.1533711684715882,103.89484687978813
12:44:27,1.153461,103.894775,0,0,0,0,0,0,0,0,0,180,forward,0,0,0,1.1533711684715882,103.89484687978813
12:44:29,1.153461,103.894775,0,0,0,0,0,0,0,0,0,180,forward,0,0,0,1.1533711684715882,103.89484687978813
12:44:31,1.153461,103.894775,0,0,0,0,0,0,0,0,0,180,forward,0,0,0,1.1533711684715882,103.89484687978813
12:44:33,1.153461,103.894775,0,0,0,0,0,0,0,0,0,180,forward,0,0,0,1.1533711684715882,103.89484687978813
12:44:35,1.153461,103.894775,0,0,0,0,0,0,0,0,0,180,forward,0,0,0,1.1533711684715882,103.89484687978813
12:44:38,1.153461,103.894775,0,0,0,0,0,0,0,0,0,180,forward,0,0,0,1.1533711684715882,103.89484687978813
12:44:40,1.153461,103.894775,0,0,0,0,0,0,0,0,0,180,forward,0,0,0,1.1533711684715882,103.89484687978813
12:44:42,1.153461,103.894775,0,0,0,0,0,0,0,0,0,180,forward,0,0,0,1.1533711684715882,103.89484687978813
12:44:44,1.153461,103.894775,0,0,0,0,0,0,0,0,0,180,forward,0,0,0,1.1533711684715882,103.89484687978813
12:44:46,1.153461,103.894775,0,0,0,0,0,0,0,0,0,180,forward,0,0,0,1.1533711684715882,103.89484687978813
12:44:48,1.153461,103.894775,0,0,0,0,0,0,0,0,0,180,forward,0,0,0,1.1533711684715882,103.89484687978813
12:44:50,1.153461,103.894775,0,0,0,0,0,0,0,0,0,180,forward,0,0,0,1.1533711684715882,103.89484687978813
12:44:52,1.153461,103.894775,0,0,0,0,0,0,0,0,0,180,forward,0,0,0,1.1533711684715882,103.89484687978813
12:44:54,1.153461,103.894775,0,0,0,0,0,0,0,0,0,180,forward,0,0,0,1.1533711684715882,103.89484687978813
12:44:56,1.153461,103.894775,0,0,0,0,0,0,0,0,0,180,forward,0,0,0,1.1533711684715882,103.89484687978813
12:44:58,1.153461,103.894775,0,0,0,0,0,0,0,0,0,180,forward,0,0,0,1.1533711684715882,103.89484687978813
12:45:0,1.153461,103.894775,0,0,0,0,0,0,0,0,0,180,forward,0,0,0,1.1533711684715882,103.89484687978813
12:45:2,1.153461,103.894775,0,0,0,0,0,0,0,0,0,180,forward,0,0,0,1.1533711684715882,103.89484687978813
12:45:5,1.153461,103.894775,0,0,0,0,0,0,0,0,0,180,forward,0,0,0,1.1533711684715882,103.89484687978813
12:45:7,1.153461,103.894775,0,0,0,0,0,0,0,0,0,180,forward,0,0,0,1.1533711684715882,103.89484687978813
12:45:9,1.153461,103.894775,0,0,0,0,0,0,0,0,0,180,forward,0,0,0,1.1533711684715882,103.89484687978813
12:45:11,1.153461,103.894775,0,0,0,0,0,0,0,0,0,180,forward,0,0,0,1.1533711684715882,103.89484687978813
12:45:13,1.153461,103.894775,0,0,0,0,0,0,0,0,0,180,forward,0,0,0,1.1533711684715882,103.89484687978813
12:45:15,1.153461,103.894775,0,0,0,0,0,0,0,0,0,180,forward,0,0,0,1.1533711684715882,103.89484687978813
12:45:17,1.153461,103.894775,0,0,0,0,0,0,0,0,0,180,forward,0,0,0,1.1533711684715882,103.89484687978813
12:45:19,1.153461,103.894775,0,0,0,0,0,0,0,0,0,180,forward,0,0,0,1.1533711684715882,103.89484687978813
12:45:21,1.153461,103.894775,0,0,0,0,0,0,0,0,0,180,forward,0,0,0,1.1533711684715882,103.89484687978813
12:45:23,1.153461,103.894775,0,0,0,0,0,0,0,0,0,180,forward,0,0,0,1.1533711684715882,103.89484687978813
12:45:25,1.153461,103.894775,0,0,0,0,0,0,0,0,0,180,forward,0,0,0,1.1533711684715882,103.89484687978813
12:45:27,1.153461,103.894775,0,0,0,0,0,0,0,0,0,180,forward,0,0,0,1.1533711684715882,103.89484687978813
12:45:29,1.153461,103.894775,0,0,0,0,0,0,0,0,0,180,forward,0,0,0,1.1533711684715882,103.89484687978813
12:45:32,1.153461,103.894775,0,0,0,0,0,0,0,0,0,180,forward,0,0,0,1.1533711684715882,103.89484687978813
12:45:34,1.153461,103.894775,0,0,0,0,0,0,0,0,0,180,forward,0,0,0,1.1533711684715882,103.89484687978813
12:45:36,1.153461,103.894775,0,0,0,0,0,0,0,0,0,180,forward,0,0,0,1.1533711684715882,103.89484687978813
12:45:38,1.153461,103.894775,0,0,0,0,0,0,0,0,0,180,forward,0,0,0,1.1533711684715882,103.89484687978813
12:45:40,1.153461,103.894775,0,0,0,0,0,0,0,0,0,180,forward,0,0,0,1.1533711684715882,103.89484687978813
12:45:42,1.153461,103.894775,0,0,0,0,0,0,0,0,0,180,forward,0,0,0,1.1533711684715882,103.89484687978813
12:45:44,1.153461,103.894775,0,0,0,0,0,0,0,0,0,180,forward,0,0,0,1.1533711684715882,103.89484687978813
12:45:46,1.153461,103.894775,0,0,0,0,0,0,0,0,0,180,forward,0,0,0,1.1533711684715882,103.89484687978813
12:45:48,1.153461,103.894775,0,0,0,0,0,0,0,0,0,180,forward,0,0,0,1.1533711684715882,103.89484687978813
12:45:50,1.153461,103.894775,0,0,0,0,0,0,0,0,0,180,forward,0,0,0,1.1533711684715882,103.89484687978813
12:45:52,1.153461,103.894775,0,0,0,0,0,0,0,0,0,180,forward,0,0,0,1.1533711684715882,103.89484687978813
12:45:54,1.153461,103.894775,0,0,0,0,0,0,0,0,0,180,forward,0,0,0,1.1533711684715882,103.89484687978813
12:45:56,1.153461,103.894775,0,0,0,0,0,0,0,0,0,180,forward,0,0,0,1.1533711684715882,103.89484687978813
12:45:59,1.153461,103.894775,0,0,0,0,0,0,0,0,0,180,forward,0,0,0,1.1533711684715882,103.89484687978813
12:46:1,1.153461,103.894775,0,0,0,0,0,0,0,0,0,180,forward,0,0,0,1.1533711684715882,103.89484687978813
12:46:3,1.153461,103.894775,0,0,0,0,0,0,0,0,0,180,forward,0,0,0,1.1533711684715882,103.89484687978813
12:46:5,1.153461,103.894775,0,0,0,0,0,0,0,0,0,180,forward,0,0,0,1.1533711684715882,103.89484687978813
12:46:7,1.153461,103.894775,0,0,0,0,0,0,0,0,0,180,forward,0,0,0,1.1533711684715882,103.89484687978813
12:46:9,1.153461,103.894775,0,0,0,0,0,0,0,0,0,180,forward,0,0,0,1.1533711684715882,103.89484687978813
12:46:11,1.153461,103.894775,0,0,0,0,0,0,0,0,0,180,forward,0,0,0,1.1533711684715882,103.89484687978813
12:46:13,1.153461,103.894775,0,0,0,0,0,0,0,0,0,180,forward,0,0,0,1.1533711684715882,103.89484687978813
12:46:15,1.153461,103.894775,0,0,0,0,0,0,0,0,0,180,forward,0,0,0,1.1533711684715882,103.89484687978813
12:46:17,1.153461,103.894775,0,0,0,0,0,0,0,0,0,180,forward,0,0,0,1.1533711684715882,103.89484687978813
12:46:19,1.153461,103.894775,0,0,0,0,0,0,0,0,0,180,forward,0,0,0,1.1533711684715882,103.89484687978813
12:46:21,1.153461,103.894775,0,0,0,0,0,0,0,0,0,180,forward,0,0,0,1.1533711684715882,103.89484687978813
12:46:23,1.153461,103.894775,0,0,0,0,0,0,0,0,0,180,forward,0,0,0,1.1533711684715882,103.89484687978813
12:46:25,1.153461,103.894775,0,0,0,0,0,0,0,0,0,180,forward,0,0,0,1.1533711684715882,103.89484687978813
12:46:27,1.153461,103.894775,0,0,0,0,0,0,0,0,0,180,forward,0,0,0,1.1533711684715882,103.89484687978813
12:46:30,1.153461,103.894775,0,0,0,0,0,0,0,0,0,180,forward,0,0,0,1.1533711684715882,103.89484687978813
12:46:32,1.153461,103.894775,0,0,0,0,0,0,0,0,0,180,forward,0,0,0,1.1533711684715882,103.89484687978813
12:46:34,1.153461,103.894775,0,0,0,0,0,0,0,0,0,180,forward,0,0,0,1.1533711684715882,103.89484687978813
12:46:36,1.153461,103.894775,0,0,0,0,0,0,0,0,0,180,forward,0,0,0,1.1533711684715882,103.89484687978813
12:46:38,1.153461,103.894775,0,0,0,0,0,0,0,0,0,180,forward,0,0,0,1.1533711684715882,103.89484687978813
12:46:40,1.153461,103.894775,0,0,0,0,0,0,0,0,0,180,forward,0,0,0,1.1533711684715882,103.89484687978813
12:46:42,1.153461,103.894775,0,0,0,0,0,0,0,0,0,180,forward,0,0,0,1.1533711684715882,103.89484687978813
12:46:44,1.153461,103.894775,0,0,0,0,0,0,0,0,0,180,forward,0,0,0,1.1533711684715882,103.89484687978813
12:46:46,1.153461,103.894775,0,0,0,0,0,0,0,0,0,180,forward,0,0,0,1.1533711684715882,103.89484687978813
12:46:48,1.153461,103.894775,0,0,0,0,0,0,0,0,0,180,forward,0,0,0,1.1533711684715882,103.89484687978813
12:46:50,1.153461,103.894775,0,0,0,0,0,0,0,0,0,180,forward,0,0,0,1.1533711684715882,103.89484687978813
12:46:52,1.153461,103.894775,0,0,0,0,0,0,0,0,0,180,forward,0,0,0,1.1533711684715882,103.89484687978813
12:46:54,1.153461,103.894775,0,0,0,0,0,0,0,0,0,180,forward,0,0,0,1.1533711684715882,103.89484687978813
12:46:56,1.153461,103.894775,0,0,0,0,0,0,0,0,0,180,forward,0,0,0,1.1533711684715882,103.89484687978813
12:46:58,1.153461,103.894775,0,0,0,0,0,0,0,0,0,180,forward,0,0,0,1.1533711684715882,103.89484687978813
12:47:1,1.153461,103.894775,0,0,0,0,0,0,0,0,0,180,forward,0,0,0,1.1533711684715882,103.89484687978813
12:47:3,1.153461,103.894775,0,0,0,0,0,0,0,0,0,180,forward,0,0,0,1.1533711684715882,103.89484687978813
12:47:5,1.153461,103.894775,0,0,0,0,0,0,0,0,0,180,forward,0,0,0,1.1533711684715882,103.89484687978813
12:47:7,1.153461,103.894775,0,0,0,0,0,0,0,0,0,180,forward,0,0,0,1.1533711684715882,103.89484687978813
12:47:9,1.153461,103.894775,0,0,0,0,0,0,0,0,0,180,forward,0,0,0,1.1533711684715882,103.89484687978813
12:47:11,1.153461,103.894775,0,0,0,0,0,0,0,0,0,180,forward,0,0,0,1.1533711684715882,103.89484687978813
12:47:13,1.153461,103.894775,0,0,0,0,0,0,0,0,0,180,forward,0,0,0,1.1533711684715882,103.89484687978813
12:47:15,1.153461,103.894775,0,0,0,0,0,0,0,0,0,180,forward,0,0,0,1.1533711684715882,103.89484687978813
12:47:17,1.153461,103.894775,0,0,0,0,0,0,0,0,0,180,forward,0,0,0,1.1533711684715882,103.89484687978813
12:47:19,1.153461,103.894775,0,0,0,0,0,0,0,0,0,180,forward,0,0,0,1.1533711684715882,103.89484687978813
12:47:21,1.153461,103.894775,0,0,0,0,0,0,0,0,0,180,forward,0,0,0,1.1533711684715882,103.89484687978813
12:47:23,1.153461,103.894775,0,0,0,0,0,0,0,0,0,180,forward,0,0,0,1.1533711684715882,103.89484687978813
12:47:25,1.153461,103.894775,0,0,0,0,0,0,0,0,0,180,forward,0,0,0,1.1533711684715882,103.89484687978813
12:47:27,1.153461,103.894775,0,0,0,0,0,0,0,0,0,180,forward,0,0,0,1.1533711684715882,103.89484687978813
12:47:29,1.153461,103.894775,0,0,0,0,0,0,0,0,0,180,forward,0,0,0,1.1533711684715882,103.89484687978813
12:47:31,1.153461,103.894775,0,0,0,0,0,0,0,0,0,180,forward,0,0,0,1.1533711684715882,103.89484687978813
12:47:33,1.153461,103.894775,0,0,0,0,0,0,0,0,0,180,forward,0,0,0,1.1533711684715882,103.89484687978813
12:47:36,1.153461,103.894775,0,0,0,0,0,0,0,0,0,180,forward,0,0,0,1.1533711684715882,103.89484687978813
12:47:38,1.153461,103.894775,0,0,0,0,0,0,0,0,0,180,forward,0,0,0,1.1533711684715882,103.89484687978813
12:47:40,1.153461,103.894775,0,0,0,0,0,0,0,0,0,180,forward,0,0,0,1.1533711684715882,103.89484687978813
12:47:42,1.153461,103.894775,0,0,0,0,0,0,0,0,0,180,forward,0,0,0,1.1533711684715882,103.89484687978813
12:47:44,1.153461,103.894775,0,0,0,0,0,0,0,0,0,180,forward,0,0,0,1.1533711684715882,103.89484687978813
12:47:46,1.153461,103.894775,0,0,0,0,0,0,0,0,0,180,forward,0,0,0,1.1533711684715882,103.89484687978813
12:47:48,1.153461,103.894775,0,0,0,0,0,0,0,0,0,180,forward,0,0,0,1.1533711684715882,103.89484687978813
12:47:50,1.153461,103.894775,0,0,0,0,0,0,0,0,0,180,forward,0,0,0,1.1533711684715882,103.89484687978813
12:47:52,1.153461,103.894775,0,0,0,0,0,0,0,0,0,180,forward,0,0,0,1.1533711684715882,103.89484687978813
12:47:54,1.153461,103.894775,0,0,0,0,0,0,0,0,0,180,forward,0,0,0,1.1533711684715882,103.89484687978813
12:47:56,1.153461,103.894775,0,0,0,0,0,0,0,0,0,180,forward,0,0,0,1.1533711684715882,103.89484687978813
12:47:58,1.153461,103.894775,0,0,0,0,0,0,0,0,0,180,forward,0,0,0,1.1533711684715882,103.89484687978813
12:48:0,1.153461,103.894775,0,0,0,0,0,0,0,0,0,180,forward,0,0,0,1.1533711684715882,103.89484687978813
12:48:2,1.153461,103.894775,0,0,0,0,0,0,0,0,0,180,forward,0,0,0,1.1533711684715882,103.89484687978813
12:48:4,1.153461,103.894775,0,0,0,0,0,0,0,0,0,180,forward,0,0,0,1.1533711684715882,103.89484687978813
12:48:7,1.153461,103.894775,0,0,0,0,0,0,0,0,0,180,forward,0,0,0,1.1533711684715882,103.89484687978813
12:48:9,1.153461,103.894775,0,0,0,0,0,0,0,0,0,180,forward,0,0,0,1.1533711684715882,103.89484687978813
12:48:11,1.153461,103.894775,0,0,0,0,0,0,0,0,0,180,forward,0,0,0,1.1533711684715882,103.89484687978813
12:48:13,1.153461,103.894775,0,0,0,0,0,0,0,0,0,180,forward,0,0,0,1.1533711684715882,103.89484687978813
12:48:15,1.153461,103.894775,0,0,0,0,0,0,0,0,0,180,forward,0,0,0,1.1533711684715882,103.89484687978813
12:48:17,1.153461,103.894775,0,0,0,0,0,0,0,0,0,180,forward,0,0,0,1.1533711684715882,103.89484687978813
12:48:19,1.153461,103.894775,0,0,0,0,0,0,0,0,0,180,forward,0,0,0,1.1533711684715882,103.89484687978813
12:48:21,1.153461,103.894775,0,0,0,0,0,0,0,0,0,180,forward,0,0,0,1.1533711684715882,103.89484687978813
12:48:23,1.153461,103.894775,0,0,0,0,0,0,0,0,0,180,forward,0,0,0,1.1533711684715882,103.89484687978813
12:48:25,1.153461,103.894775,0,0,0,0,0,0,0,0,0,180,forward,0,0,0,1.1533711684715882,103.89484687978813
12:48:27,1.153461,103.894775,0,0,0,0,0,0,0,0,0,180,forward,0,0,0,1.1533711684715882,103.89484687978813
12:48:29,1.153461,103.894775,0,0,0,0,0,0,0,0,0,180,forward,0,0,0,1.1533711684715882,103.89484687978813
12:48:31,1.153461,103.894775,0,0,0,0,0,0,0,0,0,180,forward,0,0,0,1.1533711684715882,103.89484687978813
12:48:33,1.153461,103.894775,0,0,0,0,0,0,0,0,0,180,forward,0,0,0,1.1533711684715882,103.89484687978813
12:48:35,1.153461,103.894775,0,0,0,0,0,0,0,0,0,180,forward,0,0,0,1.1533711684715882,103.89484687978813
12:48:37,1.153461,103.894775,0,0,0,0,0,0,0,0,0,180,forward,0,0,0,1.1533711684715882,103.89484687978813
12:48:39,1.153461,103.894775,0,0,0,0,0,0,0,0,0,180,forward,0,0,0,1.1533711684715882,103.89484687978813
12:48:42,1.153461,103.894775,0,0,0,0,0,0,0,0,0,180,forward,0,0,0,1.1533711684715882,103.89484687978813
12:48:44,1.153461,103.894775,0,0,0,0,0,0,0,0,0,180,forward,0,0,0,1.1533711684715882,103.89484687978813
12:48:46,1.153461,103.894775,0,0,0,0,0,0,0,0,0,180,forward,0,0,0,1.1533711684715882,103.89484687978813
12:48:48,1.153461,103.894775,0,0,0,0,0,0,0,0,0,180,forward,0,0,0,1.1533711684715882,103.89484687978813
12:48:50,1.153461,103.894775,0,0,0,0,0,0,0,0,0,180,forward,0,0,0,1.1533711684715882,103.89484687978813
12:48:52,1.153461,103.894775,0,0,0,0,0,0,0,0,0,180,forward,0,0,0,1.1533711684715882,103.89484687978813
12:48:54,1.153461,103.894775,0,0,0,0,0,0,0,0,0,180,forward,0,0,0,1.1533711684715882,103.89484687978813
12:48:56,1.153461,103.894775,0,0,0,0,0,0,0,0,0,180,forward,0,0,0,1.1533711684715882,103.89484687978813
12:48:58,1.153461,103.894775,0,0,0,0,0,0,0,0,0,180,forward,0,0,0,1.1533711684715882,103.89484687978813
12:49:0,1.153461,103.894775,0,0,0,0,0,0,0,0,0,180,forward,0,0,0,1.1533711684715882,103.89484687978813
12:49:2,1.153461,103.894775,0,0,0,0,0,0,0,0,0,180,forward,0,0,0,1.1533711684715882,103.89484687978813
12:49:4,1.153461,103.894775,0,0,0,0,0,0,0,0,0,180,forward,0,0,0,1.1533711684715882,103.89484687978813
12:49:6,1.153461,103.894775,0,0,0,0,0,0,0,0,0,180,forward,0,0,0,1.1533711684715882,103.89484687978813
12:49:8,1.153461,103.894775,0,0,0,0,0,0,0,0,0,180,forward,0,0,0,1.1533711684715882,103.89484687978813
12:49:10,1.153461,103.894775,0,0,0,0,0,0,0,0,0,180,forward,0,0,0,1.1533711684715882,103.89484687978813
12:49:13,1.153461,103.894775,0,0,0,0,0,0,0,0,0,180,forward,0,0,0,1.1533711684715882,103.89484687978813
12:49:15,1.153461,103.894775,0,0,0,0,0,0,0,0,0,180,forward,0,0,0,1.1533711684715882,103.89484687978813
12:49:17,1.153461,103.894775,0,0,0,0,0,0,0,0,0,180,forward,0,0,0,1.1533711684715882,103.89484687978813
12:49:19,1.153461,103.894775,0,0,0,0,0,0,0,0,0,180,forward,0,0,0,1.1533711684715882,103.89484687978813
12:49:21,1.153461,103.894775,0,0,0,0,0,0,0,0,0,180,forward,0,0,0,1.1533711684715882,103.89484687978813
12:49:23,1.153461,103.894775,0,0,0,0,0,0,0,0,0,180,forward,0,0,0,1.1533711684715882,103.89484687978813
12:49:25,1.153461,103.894775,0,0,0,0,0,0,0,0,0,180,forward,0,0,0,1.1533711684715882,103.89484687978813
12:49:27,1.153461,103.894775,0,0,0,0,0,0,0,0,0,180,forward,0,0,0,1.1533711684715882,103.89484687978813
12:49:29,1.153461,103.894775,0,0,0,0,0,0,0,0,0,180,forward,0,0,0,1.1533711684715882,103.89484687978813
12:49:31,1.153461,103.894775,0,0,0,0,0,0,0,0,0,180,forward,0,0,0,1.1533711684715882,103.89484687978813
12:49:33,1.153461,103.894775,0,0,0,0,0,0,0,0,0,180,forward,0,0,0,1.1533711684715882,103.89484687978813
12:49:35,1.153461,103.894775,0,0,0,0,0,0,0,0,0,180,forward,0,0,0,1.1533711684715882,103.89484687978813
12:49:37,1.153461,103.894775,0,0,0,0,0,0,0,0,0,180,forward,0,0,0,1.1533711684715882,103.89484687978813
12:49:40,1.153461,103.894775,0,0,0,0,0,0,0,0,0,180,forward,0,0,0,1.1533711684715882,103.89484687978813
12:49:42,1.153461,103.894775,0,0,0,0,0,0,0,0,0,180,forward,0,0,0,1.1533711684715882,103.89484687978813
12:49:44,1.153461,103.894775,0,0,0,0,0,0,0,0,0,180,forward,0,0,0,1.1533711684715882,103.89484687978813
12:49:46,1.153461,103.894775,0,0,0,0,0,0,0,0,0,180,forward,0,0,0,1.1533711684715882,103.89484687978813
12:49:48,1.153461,103.894775,0,0,0,0,0,0,0,0,0,180,forward,0,0,0,1.1533711684715882,103.89484687978813
12:49:50,1.153461,103.894775,0,0,0,0,0,0,0,0,0,180,forward,0,0,0,1.1533711684715882,103.89484687978813
12:49:52,1.153461,103.894775,0,0,0,0,0,0,0,0,0,180,forward,0,0,0,1.1533711684715882,103.89484687978813
12:49:54,1.153461,103.894775,0,0,0,0,0,0,0,0,0,180,forward,0,0,0,1.1533711684715882,103.89484687978813
12:49:56,1.153461,103.894775,0,0,0,0,0,0,0,0,0,180,forward,0,0,0,1.1533711684715882,103.89484687978813
12:49:58,1.153461,103.894775,0,0,0,0,0,0,0,0,0,180,forward,0,0,0,1.1533711684715882,103.89484687978813
12:50:0,1.153461,103.894775,0,0,0,0,0,0,0,0,0,180,forward,0,0,0,1.1533711684715882,103.89484687978813
12:50:2,1.153461,103.894775,0,0,0,0,0,0,0,0,0,180,forward,0,0,0,1.1533711684715882,103.89484687978813
12:50:5,1.153461,103.894775,0,0,0,0,0,0,0,0,0,180,forward,0,0,0,1.1533711684715882,103.89484687978813
12:50:7,1.153461,103.894775,0,0,0,0,0,0,0,0,0,180,forward,0,0,0,1.1533711684715882,103.89484687978813
12:50:9,1.153461,103.894775,0,0,0,0,0,0,0,0,0,180,forward,0,0,0,1.1533711684715882,103.89484687978813
12:50:11,1.153461,103.894775,0,0,0,0,0,0,0,0,0,180,forward,0,0,0,1.1533711684715882,103.89484687978813
12:50:13,1.153461,103.894775,0,0,0,0,0,0,0,0,0,180,forward,0,0,0,1.1533711684715882,103.89484687978813
12:50:15,1.153461,103.894775,0,0,0,0,0,0,0,0,0,180,forward,0,0,0,1.1533711684715882,103.89484687978813
12:50:17,1.153461,103.894775,0,0,0,0,0,0,0,0,0,180,forward,0,0,0,1.1533711684715882,103.89484687978813
12:50:19,1.153461,103.894775,0,0,0,0,0,0,0,0,0,180,forward,0,0,0,1.1533711684715882,103.89484687978813
12:50:21,1.153461,103.894775,0,0,0,0,0,0,0,0,0,180,forward,0,0,0,1.1533711684715882,103.89484687978813
12:50:23,1.153461,103.894775,0,0,0,0,0,0,0,0,0,180,forward,0,0,0,1.1533711684715882,103.89484687978813
12:50:25,1.153461,103.894775,0,0,0,0,0,0,0,0,0,180,forward,0,0,0,1.1533711684715882,103.89484687978813
12:50:28,1.153461,103.894775,0,0,0,0,0,0,0,0,0,180,forward,0,0,0,1.1533711684715882,103.89484687978813
12:50:30,1.153461,103.894775,0,0,0,0,0,0,0,0,0,180,forward,0,0,0,1.1533711684715882,103.89484687978813
12:50:32,1.153461,103.894775,0,0,0,0,0,0,0,0,0,180,forward,0,0,0,1.1533711684715882,103.89484687978813
12:50:34,1.153461,103.894775,0,0,0,0,0,0,0,0,0,180,forward,0,0,0,1.1533711684715882,103.89484687978813
12:50:36,1.153461,103.894775,0,0,0,0,0,0,0,0,0,180,forward,0,0,0,1.1533711684715882,103.89484687978813
12:50:38,1.153461,103.894775,0,0,0,0,0,0,0,0,0,180,forward,0,0,0,1.1533711684715882,103.89484687978813
12:50:40,1.153461,103.894775,0,0,0,0,0,0,0,0,0,180,forward,0,0,0,1.1533711684715882,103.89484687978813
12:50:42,1.153461,103.894775,0,0,0,0,0,0,0,0,0,180,forward,0,0,0,1.1533711684715882,103.89484687978813
12:50:44,1.153461,103.894775,0,0,0,0,0,0,0,0,0,180,forward,0,0,0,1.1533711684715882,103.89484687978813
12:50:46,1.153461,103.894775,0,0,0,0,0,0,0,0,0,180,forward,0,0,0,1.1533711684715882,103.89484687978813
12:50:48,1.153461,103.894775,0,0,0,0,0,0,0,0,0,180,forward,0,0,0,1.1533711684715882,103.89484687978813
12:50:50,1.153461,103.894775,0,0,0,0,0,0,0,0,0,180,forward,0,0,0,1.1533711684715882,103.89484687978813
12:50:52,1.153461,103.894775,0,0,0,0,0,0,0,0,0,180,forward,0,0,0,1.1533711684715882,103.89484687978813
12:50:54,1.153461,103.894775,0,0,0,0,0,0,0,0,0,180,forward,0,0,0,1.1533711684715882,103.89484687978813
12:50:57,1.153461,103.894775,0,0,0,0,0,0,0,0,0,180,forward,0,0,0,1.1533711684715882,103.89484687978813
12:50:59,1.153461,103.894775,0,0,0,0,0,0,0,0,0,180,forward,0,0,0,1.1533711684715882,103.89484687978813
12:51:1,1.153461,103.894775,0,0,0,0,0,0,0,0,0,180,forward,0,0,0,1.1533711684715882,103.89484687978813
12:51:3,1.153461,103.894775,0,0,0,0,0,0,0,0,0,180,forward,0,0,0,1.1533711684715882,103.89484687978813
12:51:5,1.153461,103.894775,0,0,0,0,0,0,0,0,0,180,forward,0,0,0,1.1533711684715882,103.89484687978813
12:51:7,1.153461,103.894775,0,0,0,0,0,0,0,0,0,180,forward,0,0,0,1.1533711684715882,103.89484687978813
12:51:9,1.153461,103.894775,0,0,0,0,0,0,0,0,0,180,forward,0,0,0,1.1533711684715882,103.89484687978813
12:51:11,1.153461,103.894775,0,0,0,0,0,0,0,0,0,180,forward,0,0,0,1.1533711684715882,103.89484687978813
12:51:13,1.153461,103.894775,0,0,0,0,0,0,0,0,0,180,forward,0,0,0,1.1533711684715882,103.89484687978813
12:51:15,1.153461,103.894775,0,0,0,0,0,0,0,0,0,180,forward,0,0,0,1.1533711684715882,103.89484687978813
12:51:17,1.153461,103.894775,0,0,0,0,0,0,0,0,0,180,forward,0,0,0,1.1533711684715882,103.89484687978813
12:51:19,1.153461,103.894775,0,0,0,0,0,0,0,0,0,180,forward,0,0,0,1.1533711684715882,103.89484687978813
12:51:21,1.153461,103.894775,0,0,0,0,0,0,0,0,0,180,forward,0,0,0,1.1533711684715882,103.89484687978813
12:51:23,1.153461,103.894775,0,0,0,0,0,0,0,0,0,180,forward,0,0,0,1.1533711684715882,103.89484687978813
12:51:26,1.153461,103.894775,0,0,0,0,0,0,0,0,0,180,forward,0,0,0,1.1533711684715882,103.89484687978813
12:51:28,1.153461,103.894775,0,0,0,0,0,0,0,0,0,180,forward,0,0,0,1.1533711684715882,103.89484687978813
12:51:30,1.153461,103.894775,0,0,0,0,0,0,0,0,0,180,forward,0,0,0,1.1533711684715882,103.89484687978813
12:51:32,1.153461,103.894775,0,0,0,0,0,0,0,0,0,180,forward,0,0,0,1.1533711684715882,103.89484687978813
12:51:34,1.153461,103.894775,0,0,0,0,0,0,0,0,0,180,forward,0,0,0,1.1533711684715882,103.89484687978813
12:51:36,1.153461,103.894775,0,0,0,0,0,0,0,0,0,180,forward,0,0,0,1.1533711684715882,103.89484687978813
12:51:38,1.153461,103.894775,0,0,0,0,0,0,0,0,0,180,forward,0,0,0,1.1533711684715882,103.89484687978813
12:51:40,1.153461,103.894775,0,0,0,0,0,0,0,0,0,180,forward,0,0,0,1.1533711684715882,103.89484687978813
12:51:42,1.153461,103.894775,0,0,0,0,0,0,0,0,0,180,forward,0,0,0,1.1533711684715882,103.89484687978813
12:51:44,1.153461,103.894775,0,0,0,0,0,0,0,0,0,180,forward,0,0,0,1.1533711684715882,103.89484687978813
12:51:46,1.153461,103.894775,0,0,0,0,0,0,0,0,0,180,forward,0,0,0,1.1533711684715882,103.89484687978813
12:51:48,1.153461,103.894775,0,0,0,0,0,0,0,0,0,180,forward,0,0,0,1.1533711684715882,103.89484687978813
12:51:50,1.153461,103.894775,0,0,0,0,0,0,0,0,0,180,forward,0,0,0,1.1533711684715882,103.89484687978813
12:51:52,1.153461,103.894775,0,0,0,0,0,0,0,0,0,180,forward,0,0,0,1.1533711684715882,103.89484687978813
12:51:55,1.153461,103.894775,0,0,0,0,0,0,0,0,0,180,forward,0,0,0,1.1533711684715882,103.89484687978813
12:51:57,1.153461,103.894775,0,0,0,0,0,0,0,0,0,180,forward,0,0,0,1.1533711684715882,103.89484687978813
12:51:59,1.153461,103.894775,0,0,0,0,0,0,0,0,0,180,forward,0,0,0,1.1533711684715882,103.89484687978813
12:52:1,1.153461,103.894775,0,0,0,0,0,0,0,0,0,180,forward,0,0,0,1.1533711684715882,103.89484687978813
12:52:3,1.153461,103.894775,0,0,0,0,0,0,0,0,0,180,forward,0,0,0,1.1533711684715882,103.89484687978813
12:52:5,1.153461,103.894775,0,0,0,0,0,0,0,0,0,180,forward,0,0,0,1.1533711684715882,103.89484687978813
12:52:7,1.153461,103.894775,0,0,0,0,0,0,0,0,0,180,forward,0,0,0,1.1533711684715882,103.89484687978813
12:52:9,1.153461,103.894775,0,0,0,0,0,0,0,0,0,180,forward,0,0,0,1.1533711684715882,103.89484687978813
12:52:11,1.153461,103.894775,0,0,0,0,0,0,0,0,0,180,forward,0,0,0,1.1533711684715882,103.89484687978813
12:52:13,1.153461,103.894775,0,0,0,0,0,0,0,0,0,180,forward,0,0,0,1.1533711684715882,103.89484687978813
12:52:15,1.153461,103.894775,0,0,0,0,0,0,0,0,0,180,forward,0,0,0,1.1533711684715882,103.89484687978813
12:52:17,1.153461,103.894775,0,0,0,0,0,0,0,0,0,180,forward,0,0,0,1.1533711684715882,103.89484687978813
12:52:20,1.153461,103.894775,0,0,0,0,0,0,0,0,0,180,forward,0,0,0,1.1533711684715882,103.89484687978813
12:52:22,1.153461,103.894775,0,0,0,0,0,0,0,0,0,180,forward,0,0,0,1.1533711684715882,103.89484687978813
12:52:24,1.153461,103.894775,0,0,0,0,0,0,0,0,0,180,forward,0,0,0,1.1533711684715882,103.89484687978813
12:52:26,1.153461,103.894775,0,0,0,0,0,0,0,0,0,180,forward,0,0,0,1.1533711684715882,103.89484687978813
12:52:28,1.153461,103.894775,0,0,0,0,0,0,0,0,0,180,forward,0,0,0,1.1533711684715882,103.89484687978813
12:52:30,1.153461,103.894775,0,0,0,0,0,0,0,0,0,180,forward,0,0,0,1.1533711684715882,103.89484687978813
12:52:32,1.153461,103.894775,0,0,0,0,0,0,0,0,0,180,forward,0,0,0,1.1533711684715882,103.89484687978813
12:52:34,1.153461,103.894775,0,0,0,0,0,0,0,0,0,180,forward,0,0,0,1.1533711684715882,103.89484687978813
12:52:36,1.153461,103.894775,0,0,0,0,0,0,0,0,0,180,forward,0,0,0,1.1533711684715882,103.89484687978813
12:52:38,1.153461,103.894775,0,0,0,0,0,0,0,0,0,180,forward,0,0,0,1.1533711684715882,103.89484687978813
12:52:40,1.153461,103.894775,0,0,0,0,0,0,0,0,0,180,forward,0,0,0,1.1533711684715882,103.89484687978813
12:52:42,1.153461,103.894775,0,0,0,0,0,0,0,0,0,180,forward,0,0,0,1.1533711684715882,103.89484687978813
12:52:44,1.153461,103.894775,0,0,0,0,0,0,0,0,0,180,forward,0,0,0,1.1533711684715882,103.89484687978813
12:52:47,1.153461,103.894775,0,0,0,0,0,0,0,0,0,180,forward,0,0,0,1.1533711684715882,103.89484687978813
12:52:49,1.153461,103.894775,0,0,0,0,0,0,0,0,0,180,forward,0,0,0,1.1533711684715882,103.89484687978813
12:52:51,1.153461,103.894775,0,0,0,0,0,0,0,0,0,180,forward,0,0,0,1.1533711684715882,103.89484687978813
12:52:53,1.153461,103.894775,0,0,0,0,0,0,0,0,0,180,forward,0,0,0,1.1533711684715882,103.89484687978813
12:52:55,1.153461,103.894775,0,0,0,0,0,0,0,0,0,180,forward,0,0,0,1.1533711684715882,103.89484687978813
12:52:57,1.153461,103.894775,0,0,0,0,0,0,0,0,0,180,forward,0,0,0,1.1533711684715882,103.89484687978813
12:52:59,1.153461,103.894775,0,0,0,0,0,0,0,0,0,180,forward,0,0,0,1.1533711684715882,103.89484687978813
12:53:1,1.153461,103.894775,0,0,0,0,0,0,0,0,0,180,forward,0,0,0,1.1533711684715882,103.89484687978813
12:53:3,1.153461,103.894775,0,0,0,0,0,0,0,0,0,180,forward,0,0,0,1.1533711684715882,103.89484687978813
12:53:5,1.153461,103.894775,0,0,0,0,0,0,0,0,0,180,forward,0,0,0,1.1533711684715882,103.89484687978813
12:53:7,1.153461,103.894775,0,0,0,0,0,0,0,0,0,180,forward,0,0,0,1.1533711684715882,103.89484687978813
12:53:9,1.153461,103.894775,0,0,0,0,0,0,0,0,0,180,forward,0,0,0,1.1533711684715882,103.89484687978813
12:53:11,1.153461,103.894775,0,0,0,0,0,0,0,0,0,180,forward,0,0,0,1.1533711684715882,103.89484687978813
12:53:13,1.153461,103.894775,0,0,0,0,0,0,0,0,0,180,forward,0,0,0,1.1533711684715882,103.89484687978813
12:53:16,1.153461,103.894775,0,0,0,0,0,0,0,0,0,180,forward,0,0,0,1.1533711684715882,103.89484687978813
12:53:18,1.153461,103.894775,0,0,0,0,0,0,0,0,0,180,forward,0,0,0,1.1533711684715882,103.89484687978813
12:53:20,1.153461,103.894775,0,0,0,0,0,0,0,0,0,180,forward,0,0,0,1.1533711684715882,103.89484687978813
12:53:22,1.153461,103.894775,0,0,0,0,0,0,0,0,0,180,forward,0,0,0,1.1533711684715882,103.89484687978813
12:53:24,1.153461,103.894775,0,0,0,0,0,0,0,0,0,180,forward,0,0,0,1.1533711684715882,103.89484687978813
12:53:26,1.153461,103.894775,0,0,0,0,0,0,0,0,0,180,forward,0,0,0,1.1533711684715882,103.89484687978813
12:53:28,1.153461,103.894775,0,0,0,0,0,0,0,0,0,180,forward,0,0,0,1.1533711684715882,103.89484687978813
12:53:30,1.153461,103.894775,0,0,0,0,0,0,0,0,0,180,forward,0,0,0,1.1533711684715882,103.89484687978813
12:53:32,1.153461,103.894775,0,0,0,0,0,0,0,0,0,180,forward,0,0,0,1.1533711684715882,103.89484687978813
12:53:34,1.153461,103.894775,0,0,0,0,0,0,0,0,0,180,forward,0,0,0,1.1533711684715882,103.89484687978813
12:53:36,1.153461,103.894775,0,0,0,0,0,0,0,0,0,180,forward,0,0,0,1.1533711684715882,103.89484687978813
12:53:38,1.153461,103.894775,0,0,0,0,0,0,0,0,0,180,forward,0,0,0,1.1533711684715882,103.89484687978813
12:53:40,1.153461,103.894775,0,0,0,0,0,0,0,0,0,180,forward,0,0,0,1.1533711684715882,103.89484687978813
12:53:42,1.153461,103.894775,0,0,0,0,0,0,0,0,0,180,forward,0,0,0,1.1533711684715882,103.89484687978813
12:53:44,1.153461,103.894775,0,0,0,0,0,0,0,0,0,180,forward,0,0,0,1.1533711684715882,103.89484687978813
12:53:47,1.153461,103.894775,0,0,0,0,0,0,0,0,0,180,forward,0,0,0,1.1533711684715882,103.89484687978813
12:53:49,1.153461,103.894775,0,0,0,0,0,0,0,0,0,180,forward,0,0,0,1.1533711684715882,103.89484687978813
12:53:51,1.153461,103.894775,0,0,0,0,0,0,0,0,0,180,forward,0,0,0,1.1533711684715882,103.89484687978813
12:53:53,1.153461,103.894775,0,0,0,0,0,0,0,0,0,180,forward,0,0,0,1.1533711684715882,103.89484687978813
12:53:55,1.153461,103.894775,0,0,0,0,0,0,0,0,0,180,forward,0,0,0,1.1533711684715882,103.89484687978813
12:53:57,1.153461,103.894775,0,0,0,0,0,0,0,0,0,180,forward,0,0,0,1.1533711684715882,103.89484687978813
12:53:59,1.153461,103.894775,0,0,0,0,0,0,0,0,0,180,forward,0,0,0,1.1533711684715882,103.89484687978813
12:54:1,1.153461,103.894775,0,0,0,0,0,0,0,0,0,180,forward,0,0,0,1.1533711684715882,103.89484687978813
12:54:3,1.153461,103.894775,0,0,0,0,0,0,0,0,0,180,forward,0,0,0,1.1533711684715882,103.89484687978813
12:54:5,1.153461,103.894775,0,0,0,0,0,0,0,0,0,180,forward,0,0,0,1.1533711684715882,103.89484687978813
12:54:7,1.153461,103.894775,0,0,0,0,0,0,0,0,0,180,forward,0,0,0,1.1533711684715882,103.89484687978813
12:54:9,1.153461,103.894775,0,0,0,0,0,0,0,0,0,180,forward,0,0,0,1.1533711684715882,103.89484687978813
12:54:11,1.153461,103.894775,0,0,0,0,0,0,0,0,0,180,forward,0,0,0,1.1533711684715882,103.89484687978813
12:54:13,1.153461,103.894775,0,0,0,0,0,0,0,0,0,180,forward,0,0,0,1.1533711684715882,103.89484687978813
12:54:15,1.153461,103.894775,0,0,0,0,0,0,0,0,0,180,forward,0,0,0,1.1533711684715882,103.89484687978813
12:54:18,1.153461,103.894775,0,0,0,0,0,0,0,0,0,180,forward,0,0,0,1.1533711684715882,103.89484687978813
12:54:20,1.153461,103.894775,0,0,0,0,0,0,0,0,0,180,forward,0,0,0,1.1533711684715882,103.89484687978813
12:54:22,1.153461,103.894775,0,0,0,0,0,0,0,0,0,180,forward,0,0,0,1.1533711684715882,103.89484687978813
12:54:24,1.153461,103.894775,0,0,0,0,0,0,0,0,0,180,forward,0,0,0,1.1533711684715882,103.89484687978813
12:54:26,1.153461,103.894775,0,0,0,0,0,0,0,0,0,180,forward,0,0,0,1.1533711684715882,103.89484687978813
12:54:28,1.153461,103.894775,0,0,0,0,0,0,0,0,0,180,forward,0,0,0,1.1533711684715882,103.89484687978813
12:54:30,1.153461,103.894775,0,0,0,0,0,0,0,0,0,180,forward,0,0,0,1.1533711684715882,103.89484687978813
12:54:32,1.153461,103.894775,0,0,0,0,0,0,0,0,0,180,forward,0,0,0,1.1533711684715882,103.89484687978813
12:54:34,1.153461,103.894775,0,0,0,0,0,0,0,0,0,180,forward,0,0,0,1.1533711684715882,103.89484687978813
12:54:36,1.153461,103.894775,0,0,0,0,0,0,0,0,0,180,forward,0,0,0,1.1533711684715882,103.89484687978813
12:54:38,1.153461,103.894775,0,0,0,0,0,0,0,0,0,180,forward,0,0,0,1.1533711684715882,103.89484687978813
12:54:40,1.153461,103.894775,0,0,0,0,0,0,0,0,0,180,forward,0,0,0,1.1533711684715882,103.89484687978813
12:54:42,1.153461,103.894775,0,0,0,0,0,0,0,0,0,180,forward,0,0,0,1.1533711684715882,103.89484687978813
12:54:44,1.153461,103.894775,0,0,0,0,0,0,0,0,0,180,forward,0,0,0,1.1533711684715882,103.89484687978813
12:54:46,1.153461,103.894775,0,0,0,0,0,0,0,0,0,180,forward,0,0,0,1.1533711684715882,103.89484687978813
12:54:49,1.153461,103.894775,0,0,0,0,0,0,0,0,0,180,forward,0,0,0,1.1533711684715882,103.89484687978813
12:54:51,1.153461,103.894775,0,0,0,0,0,0,0,0,0,180,forward,0,0,0,1.1533711684715882,103.89484687978813
12:54:53,1.153461,103.894775,0,0,0,0,0,0,0,0,0,180,forward,0,0,0,1.1533711684715882,103.89484687978813
12:54:55,1.153461,103.894775,0,0,0,0,0,0,0,0,0,180,forward,0,0,0,1.1533711684715882,103.89484687978813
12:54:57,1.153461,103.894775,0,0,0,0,0,0,0,0,0,180,forward,0,0,0,1.1533711684715882,103.89484687978813
12:54:59,1.153461,103.894775,0,0,0,0,0,0,0,0,0,180,forward,0,0,0,1.1533711684715882,103.89484687978813
12:55:1,1.153461,103.894775,0,0,0,0,0,0,0,0,0,180,forward,0,0,0,1.1533711684715882,103.89484687978813
12:55:3,1.153461,103.894775,0,0,0,0,0,0,0,0,0,180,forward,0,0,0,1.1533711684715882,103.89484687978813
12:55:5,1.153461,103.894775,0,0,0,0,0,0,0,0,0,180,forward,0,0,0,1.1533711684715882,103.89484687978813
12:55:7,1.153461,103.894775,0,0,0,0,0,0,0,0,0,180,forward,0,0,0,1.1533711684715882,103.89484687978813
12:55:9,1.153461,103.894775,0,0,0,0,0,0,0,0,0,180,forward,0,0,0,1.1533711684715882,103.89484687978813
12:55:11,1.153461,103.894775,0,0,0,0,0,0,0,0,0,180,forward,0,0,0,1.1533711684715882,103.89484687978813
12:55:13,1.153461,103.894775,0,0,0,0,0,0,0,0,0,180,forward,0,0,0,1.1533711684715882,103.89484687978813
12:55:15,1.153461,103.894775,0,0,0,0,0,0,0,0,0,180,forward,0,0,0,1.1533711684715882,103.89484687978813
12:55:17,1.153461,103.894775,0,0,0,0,0,0,0,0,0,180,forward,0,0,0,1.1533711684715882,103.89484687978813
12:55:19,1.153461,103.894775,0,0,0,0,0,0,0,0,0,180,forward,0,0,0,1.1533711684715882,103.89484687978813
12:55:21,1.153461,103.894775,0,0,0,0,0,0,0,0,0,180,forward,0,0,0,1.1533711684715882,103.89484687978813
12:55:23,1.153461,103.894775,0,0,0,0,0,0,0,0,0,180,forward,0,0,0,1.1533711684715882,103.89484687978813
12:55:25,1.153461,103.894775,0,0,0,0,0,0,0,0,0,180,forward,0,0,0,1.1533711684715882,103.89484687978813
12:55:28,1.153461,103.894775,0,0,0,0,0,0,0,0,0,180,forward,0,0,0,1.1533711684715882,103.89484687978813
12:55:30,1.153461,103.894775,0,0,0,0,0,0,0,0,0,180,forward,0,0,0,1.1533711684715882,103.89484687978813
12:55:32,1.153461,103.894775,0,0,0,0,0,0,0,0,0,180,forward,0,0,0,1.1533711684715882,103.89484687978813
12:55:34,1.153461,103.894775,0,0,0,0,0,0,0,0,0,180,forward,0,0,0,1.1533711684715882,103.89484687978813
12:55:36,1.153461,103.894775,0,0,0,0,0,0,0,0,0,180,forward,0,0,0,1.1533711684715882,103.89484687978813
12:55:38,1.153461,103.894775,0,0,0,0,0,0,0,0,0,180,forward,0,0,0,1.1533711684715882,103.89484687978813
12:55:40,1.153461,103.894775,0,0,0,0,0,0,0,0,0,180,forward,0,0,0,1.1533711684715882,103.89484687978813
12:55:42,1.153461,103.894775,0,0,0,0,0,0,0,0,0,180,forward,0,0,0,1.1533711684715882,103.89484687978813
12:55:44,1.153461,103.894775,0,0,0,0,0,0,0,0,0,180,forward,0,0,0,1.1533711684715882,103.89484687978813
12:55:46,1.153461,103.894775,0,0,0,0,0,0,0,0,0,180,forward,0,0,0,1.1533711684715882,103.89484687978813
12:55:48,1.153461,103.894775,0,0,0,0,0,0,0,0,0,180,forward,0,0,0,1.1533711684715882,103.89484687978813
12:55:50,1.153461,103.894775,0,0,0,0,0,0,0,0,0,180,forward,0,0,0,1.1533711684715882,103.89484687978813
12:55:52,1.153461,103.894775,0,0,0,0,0,0,0,0,0,180,forward,0,0,0,1.1533711684715882,103.89484687978813
12:55:54,1.153461,103.894775,0,0,0,0,0,0,0,0,0,180,forward,0,0,0,1.1533711684715882,103.89484687978813
12:55:56,1.153461,103.894775,0,0,0,0,0,0,0,0,0,180,forward,0,0,0,1.1533711684715882,103.89484687978813
12:55:58,1.153461,103.894775,0,0,0,0,0,0,0,0,0,180,forward,0,0,0,1.1533711684715882,103.89484687978813
12:56:0,1.153461,103.894775,0,0,0,0,0,0,0,0,0,180,forward,0,0,0,1.1533711684715882,103.89484687978813
12:56:2,1.153461,103.894775,0,0,0,0,0,0,0,0,0,180,forward,0,0,0,1.1533711684715882,103.89484687978813
12:56:4,1.153461,103.894775,0,0,0,0,0,0,0,0,0,180,forward,0,0,0,1.1533711684715882,103.89484687978813
12:56:6,1.153461,103.894775,0,0,0,0,0,0,0,0,0,180,forward,0,0,0,1.1533711684715882,103.89484687978813
12:56:9,1.153461,103.894775,0,0,0,0,0,0,0,0,0,180,forward,0,0,0,1.1533711684715882,103.89484687978813
12:56:11,1.153461,103.894775,0,0,0,0,0,0,0,0,0,180,forward,0,0,0,1.1533711684715882,103.89484687978813
12:56:13,1.153461,103.894775,0,0,0,0,0,0,0,0,0,180,forward,0,0,0,1.1533711684715882,103.89484687978813
12:56:15,1.153461,103.894775,0,0,0,0,0,0,0,0,0,180,forward,0,0,0,1.1533711684715882,103.89484687978813
12:56:17,1.153461,103.894775,0,0,0,0,0,0,0,0,0,180,forward,0,0,0,1.1533711684715882,103.89484687978813
12:56:19,1.153461,103.894775,0,0,0,0,0,0,0,0,0,180,forward,0,0,0,1.1533711684715882,103.89484687978813
12:56:21,1.153461,103.894775,0,0,0,0,0,0,0,0,0,180,forward,0,0,0,1.1533711684715882,103.89484687978813
12:56:23,1.153461,103.894775,0,0,0,0,0,0,0,0,0,180,forward,0,0,0,1.1533711684715882,103.89484687978813
12:56:25,1.153461,103.894775,0,0,0,0,0,0,0,0,0,180,forward,0,0,0,1.1533711684715882,103.89484687978813
12:56:27,1.153461,103.894775,0,0,0,0,0,0,0,0,0,180,forward,0,0,0,1.1533711684715882,103.89484687978813
12:56:29,1.153461,103.894775,0,0,0,0,0,0,0,0,0,180,forward,0,0,0,1.1533711684715882,103.89484687978813
12:56:31,1.153461,103.894775,0,0,0,0,0,0,0,0,0,180,forward,0,0,0,1.1533711684715882,103.89484687978813
12:56:33,1.153461,103.894775,0,0,0,0,0,0,0,0,0,180,forward,0,0,0,1.1533711684715882,103.89484687978813
12:56:35,1.153461,103.894775,0,0,0,0,0,0,0,0,0,180,forward,0,0,0,1.1533711684715882,103.89484687978813
12:56:37,1.153461,103.894775,0,0,0,0,0,0,0,0,0,180,forward,0,0,0,1.1533711684715882,103.89484687978813
12:56:39,1.153461,103.894775,0,0,0,0,0,0,0,0,0,180,forward,0,0,0,1.1533711684715882,103.89484687978813
12:56:41,1.153461,103.894775,0,0,0,0,0,0,0,0,0,180,forward,0,0,0,1.1533711684715882,103.89484687978813
12:56:43,1.153461,103.894775,0,0,0,0,0,0,0,0,0,180,forward,0,0,0,1.1533711684715882,103.89484687978813
12:56:45,1.153461,103.894775,0,0,0,0,0,0,0,0,0,180,forward,0,0,0,1.1533711684715882,103.89484687978813
12:56:47,1.153461,103.894775,0,0,0,0,0,0,0,0,0,180,forward,0,0,0,1.1533711684715882,103.89484687978813
12:56:50,1.153461,103.894775,0,0,0,0,0,0,0,0,0,180,forward,0,0,0,1.1533711684715882,103.89484687978813
12:56:52,1.153461,103.894775,0,0,0,0,0,0,0,0,0,180,forward,0,0,0,1.1533711684715882,103.89484687978813
12:56:54,1.153461,103.894775,0,0,0,0,0,0,0,0,0,180,forward,0,0,0,1.1533711684715882,103.89484687978813
12:56:56,1.153461,103.894775,0,0,0,0,0,0,0,0,0,180,forward,0,0,0,1.1533711684715882,103.89484687978813
12:56:58,1.153461,103.894775,0,0,0,0,0,0,0,0,0,180,forward,0,0,0,1.1533711684715882,103.89484687978813
12:57:0,1.153461,103.894775,0,0,0,0,0,0,0,0,0,180,forward,0,0,0,1.1533711684715882,103.89484687978813
12:57:2,1.153461,103.894775,0,0,0,0,0,0,0,0,0,180,forward,0,0,0,1.1533711684715882,103.89484687978813
12:57:4,1.153461,103.894775,0,0,0,0,0,0,0,0,0,180,forward,0,0,0,1.1533711684715882,103.89484687978813
12:57:6,1.153461,103.894775,0,0,0,0,0,0,0,0,0,180,forward,0,0,0,1.1533711684715882,103.89484687978813
12:57:8,1.153461,103.894775,0,0,0,0,0,0,0,0,0,180,forward,0,0,0,1.1533711684715882,103.89484687978813
12:57:10,1.153461,103.894775,0,0,0,0,0,0,0,0,0,180,forward,0,0,0,1.1533711684715882,103.89484687978813
12:57:12,1.153461,103.894775,0,0,0,0,0,0,0,0,0,180,forward,0,0,0,1.1533711684715882,103.89484687978813
12:57:14,1.153461,103.894775,0,0,0,0,0,0,0,0,0,180,forward,0,0,0,1.1533711684715882,103.89484687978813
12:57:16,1.153461,103.894775,0,0,0,0,0,0,0,0,0,180,forward,0,0,0,1.1533711684715882,103.89484687978813
12:57:19,1.153461,103.894775,0,0,0,0,0,0,0,0,0,180,forward,0,0,0,1.1533711684715882,103.89484687978813
12:57:21,1.153461,103.894775,0,0,0,0,0,0,0,0,0,180,forward,0,0,0,1.1533711684715882,103.89484687978813
12:57:23,1.153461,103.894775,0,0,0,0,0,0,0,0,0,180,forward,0,0,0,1.1533711684715882,103.89484687978813
12:57:25,1.153461,103.894775,0,0,0,0,0,0,0,0,0,180,forward,0,0,0,1.1533711684715882,103.89484687978813
12:57:27,1.153461,103.894775,0,0,0,0,0,0,0,0,0,180,forward,0,0,0,1.1533711684715882,103.89484687978813
12:57:29,1.153461,103.894775,0,0,0,0,0,0,0,0,0,180,forward,0,0,0,1.1533711684715882,103.89484687978813
12:57:31,1.153461,103.894775,0,0,0,0,0,0,0,0,0,180,forward,0,0,0,1.1533711684715882,103.89484687978813
12:57:33,1.153461,103.894775,0,0,0,0,0,0,0,0,0,180,forward,0,0,0,1.1533711684715882,103.89484687978813
12:57:35,1.153461,103.894775,0,0,0,0,0,0,0,0,0,180,forward,0,0,0,1.1533711684715882,103.89484687978813
12:57:37,1.153461,103.894775,0,0,0,0,0,0,0,0,0,180,forward,0,0,0,1.1533711684715882,103.89484687978813
12:57:39,1.153461,103.894775,0,0,0,0,0,0,0,0,0,180,forward,0,0,0,1.1533711684715882,103.89484687978813
12:57:41,1.153461,103.894775,0,0,0,0,0,0,0,0,0,180,forward,0,0,0,1.1533711684715882,103.89484687978813
12:57:43,1.153461,103.894775,0,0,0,0,0,0,0,0,0,180,forward,0,0,0,1.1533711684715882,103.89484687978813
12:57:45,1.153461,103.894775,0,0,0,0,0,0,0,0,0,180,forward,0,0,0,1.1533711684715882,103.89484687978813
12:57:48,1.153461,103.894775,0,0,0,0,0,0,0,0,0,180,forward,0,0,0,1.1533711684715882,103.89484687978813
12:57:50,1.153461,103.894775,0,0,0,0,0,0,0,0,0,180,forward,0,0,0,1.1533711684715882,103.89484687978813
12:57:52,1.153461,103.894775,0,0,0,0,0,0,0,0,0,180,forward,0,0,0,1.1533711684715882,103.89484687978813
12:57:54,1.153461,103.894775,0,0,0,0,0,0,0,0,0,180,forward,0,0,0,1.1533711684715882,103.89484687978813
12:57:56,1.153461,103.894775,0,0,0,0,0,0,0,0,0,180,forward,0,0,0,1.1533711684715882,103.89484687978813
12:57:58,1.153461,103.894775,0,0,0,0,0,0,0,0,0,180,forward,0,0,0,1.1533711684715882,103.89484687978813
12:58:0,1.153461,103.894775,0,0,0,0,0,0,0,0,0,180,forward,0,0,0,1.1533711684715882,103.89484687978813
12:58:2,1.153461,103.894775,0,0,0,0,0,0,0,0,0,180,forward,0,0,0,1.1533711684715882,103.89484687978813
12:58:4,1.153461,103.894775,0,0,0,0,0,0,0,0,0,180,forward,0,0,0,1.1533711684715882,103.89484687978813
12:58:6,1.153461,103.894775,0,0,0,0,0,0,0,0,0,180,forward,0,0,0,1.1533711684715882,103.89484687978813
12:58:8,1.153461,103.894775,0,0,0,0,0,0,0,0,0,180,forward,0,0,0,1.1533711684715882,103.89484687978813
12:58:10,1.153461,103.894775,0,0,0,0,0,0,0,0,0,180,forward,0,0,0,1.1533711684715882,103.89484687978813
12:58:12,1.153461,103.894775,0,0,0,0,0,0,0,0,0,180,forward,0,0,0,1.1533711684715882,103.89484687978813
12:58:15,1.153461,103.894775,0,0,0,0,0,0,0,0,0,180,forward,0,0,0,1.1533711684715882,103.89484687978813
12:58:17,1.153461,103.894775,0,0,0,0,0,0,0,0,0,180,forward,0,0,0,1.1533711684715882,103.89484687978813
12:58:19,1.153461,103.894775,0,0,0,0,0,0,0,0,0,180,forward,0,0,0,1.1533711684715882,103.89484687978813
12:58:21,1.153461,103.894775,0,0,0,0,0,0,0,0,0,180,forward,0,0,0,1.1533711684715882,103.89484687978813
12:58:23,1.153461,103.894775,0,0,0,0,0,0,0,0,0,180,forward,0,0,0,1.1533711684715882,103.89484687978813
12:58:25,1.153461,103.894775,0,0,0,0,0,0,0,0,0,180,forward,0,0,0,1.1533711684715882,103.89484687978813
12:58:27,1.153461,103.894775,0,0,0,0,0,0,0,0,0,180,forward,0,0,0,1.1533711684715882,103.89484687978813
12:58:29,1.153461,103.894775,0,0,0,0,0,0,0,0,0,180,forward,0,0,0,1.1533711684715882,103.89484687978813
12:58:31,1.153461,103.894775,0,0,0,0,0,0,0,0,0,180,forward,0,0,0,1.1533711684715882,103.89484687978813
12:58:33,1.153461,103.894775,0,0,0,0,0,0,0,0,0,180,forward,0,0,0,1.1533711684715882,103.89484687978813
12:58:35,1.153461,103.894775,0,0,0,0,0,0,0,0,0,180,forward,0,0,0,1.1533711684715882,103.89484687978813
12:58:37,1.153461,103.894775,0,0,0,0,0,0,0,0,0,180,forward,0,0,0,1.1533711684715882,103.89484687978813
12:58:39,1.153461,103.894775,0,0,0,0,0,0,0,0,0,180,forward,0,0,0,1.1533711684715882,103.89484687978813
12:58:41,1.153461,103.894775,0,0,0,0,0,0,0,0,0,180,forward,0,0,0,1.1533711684715882,103.89484687978813
12:58:44,1.153461,103.894775,0,0,0,0,0,0,0,0,0,180,forward,0,0,0,1.1533711684715882,103.89484687978813
12:58:46,1.153461,103.894775,0,0,0,0,0,0,0,0,0,180,forward,0,0,0,1.1533711684715882,103.89484687978813
12:58:48,1.153461,103.894775,0,0,0,0,0,0,0,0,0,180,forward,0,0,0,1.1533711684715882,103.89484687978813
12:58:50,1.153461,103.894775,0,0,0,0,0,0,0,0,0,180,forward,0,0,0,1.1533711684715882,103.89484687978813
12:58:52,1.153461,103.894775,0,0,0,0,0,0,0,0,0,180,forward,0,0,0,1.1533711684715882,103.89484687978813
12:58:54,1.153461,103.894775,0,0,0,0,0,0,0,0,0,180,forward,0,0,0,1.1533711684715882,103.89484687978813
12:58:56,1.153461,103.894775,0,0,0,0,0,0,0,0,0,180,forward,0,0,0,1.1533711684715882,103.89484687978813
12:58:58,1.153461,103.894775,0,0,0,0,0,0,0,0,0,180,forward,0,0,0,1.1533711684715882,103.89484687978813
12:59:0,1.153461,103.894775,0,0,0,0,0,0,0,0,0,180,forward,0,0,0,1.1533711684715882,103.89484687978813
12:59:2,1.153461,103.894775,0,0,0,0,0,0,0,0,0,180,forward,0,0,0,1.1533711684715882,103.89484687978813
12:59:4,1.153461,103.894775,0,0,0,0,0,0,0,0,0,180,forward,0,0,0,1.1533711684715882,103.89484687978813
12:59:6,1.153461,103.894775,0,0,0,0,0,0,0,0,0,180,forward,0,0,0,1.1533711684715882,103.89484687978813
12:59:8,1.153461,103.894775,0,0,0,0,0,0,0,0,0,180,forward,0,0,0,1.1533711684715882,103.89484687978813
12:59:10,1.153461,103.894775,0,0,0,0,0,0,0,0,0,180,forward,0,0,0,1.1533711684715882,103.89484687978813
12:59:12,1.153461,103.894775,0,0,0,0,0,0,0,0,0,180,forward,0,0,0,1.1533711684715882,103.89484687978813
12:59:14,1.153461,103.894775,0,0,0,0,0,0,0,0,0,180,forward,0,0,0,1.1533711684715882,103.89484687978813
12:59:16,1.153461,103.894775,0,0,0,0,0,0,0,0,0,180,forward,0,0,0,1.1533711684715882,103.89484687978813
12:59:18,1.153461,103.894775,0,0,0,0,0,0,0,0,0,180,forward,0,0,0,1.1533711684715882,103.89484687978813
12:59:21,1.153461,103.894775,0,0,0,0,0,0,0,0,0,180,forward,0,0,0,1.1533711684715882,103.89484687978813
12:59:23,1.153461,103.894775,0,0,0,0,0,0,0,0,0,180,forward,0,0,0,1.1533711684715882,103.89484687978813
12:59:25,1.153461,103.894775,0,0,0,0,0,0,0,0,0,180,forward,0,0,0,1.1533711684715882,103.89484687978813
12:59:27,1.153461,103.894775,0,0,0,0,0,0,0,0,0,180,forward,0,0,0,1.1533711684715882,103.89484687978813
12:59:29,1.153461,103.894775,0,0,0,0,0,0,0,0,0,180,forward,0,0,0,1.1533711684715882,103.89484687978813
12:59:31,1.153461,103.894775,0,0,0,0,0,0,0,0,0,180,forward,0,0,0,1.1533711684715882,103.89484687978813
12:59:33,1.153461,103.894775,0,0,0,0,0,0,0,0,0,180,forward,0,0,0,1.1533711684715882,103.89484687978813
12:59:35,1.153461,103.894775,0,0,0,0,0,0,0,0,0,180,forward,0,0,0,1.1533711684715882,103.89484687978813
12:59:37,1.153461,103.894775,0,0,0,0,0,0,0,0,0,180,forward,0,0,0,1.1533711684715882,103.89484687978813
12:59:39,1.153461,103.894775,0,0,0,0,0,0,0,0,0,180,forward,0,0,0,1.1533711684715882,103.89484687978813
12:59:41,1.153461,103.894775,0,0,0,0,0,0,0,0,0,180,forward,0,0,0,1.1533711684715882,103.89484687978813
12:59:43,1.153461,103.894775,0,0,0,0,0,0,0,0,0,180,forward,0,0,0,1.1533711684715882,103.89484687978813
12:59:45,1.153461,103.894775,0,0,0,0,0,0,0,0,0,180,forward,0,0,0,1.1533711684715882,103.89484687978813
12:59:47,1.153461,103.894775,0,0,0,0,0,0,0,0,0,180,forward,0,0,0,1.1533711684715882,103.89484687978813
12:59:50,1.153461,103.894775,0,0,0,0,0,0,0,0,0,180,forward,0,0,0,1.1533711684715882,103.89484687978813
12:59:52,1.153461,103.894775,0,0,0,0,0,0,0,0,0,180,forward,0,0,0,1.1533711684715882,103.89484687978813
12:59:54,1.153461,103.894775,0,0,0,0,0,0,0,0,0,180,forward,0,0,0,1.1533711684715882,103.89484687978813
12:59:56,1.153461,103.894775,0,0,0,0,0,0,0,0,0,180,forward,0,0,0,1.1533711684715882,103.89484687978813
12:59:58,1.153461,103.894775,0,0,0,0,0,0,0,0,0,180,forward,0,0,0,1.1533711684715882,103.89484687978813
13:0:0,1.153461,103.894775,0,0,0,0,0,0,0,0,0,180,forward,0,0,0,1.1533711684715882,103.89484687978813
13:0:2,1.153461,103.894775,0,0,0,0,0,0,0,0,0,180,forward,0,0,0,1.1533711684715882,103.89484687978813
13:0:4,1.153461,103.894775,0,0,0,0,0,0,0,0,0,180,forward,0,0,0,1.1533711684715882,103.89484687978813
13:0:6,1.153461,103.894775,0,0,0,0,0,0,0,0,0,180,forward,0,0,0,1.1533711684715882,103.89484687978813
13:0:8,1.153461,103.894775,0,0,0,0,0,0,0,0,0,180,forward,0,0,0,1.1533711684715882,103.89484687978813
13:0:10,1.153461,103.894775,0,0,0,0,0,0,0,0,0,180,forward,0,0,0,1.1533711684715882,103.89484687978813
13:0:12,1.153461,103.894775,0,0,0,0,0,0,0,0,0,180,forward,0,0,0,1.1533711684715882,103.89484687978813
13:0:14,1.153461,103.894775,0,0,0,0,0,0,0,0,0,180,forward,0,0,0,1.1533711684715882,103.89484687978813
13:0:16,1.153461,103.894775,0,0,0,0,0,0,0,0,0,180,forward,0,0,0,1.1533711684715882,103.89484687978813
13:0:18,1.153461,103.894775,0,0,0,0,0,0,0,0,0,180,forward,0,0,0,1.1533711684715882,103.89484687978813
13:0:20,1.153461,103.894775,0,0,0,0,0,0,0,0,0,180,forward,0,0,0,1.1533711684715882,103.89484687978813
13:0:22,1.153461,103.894775,0,0,0,0,0,0,0,0,0,180,forward,0,0,0,1.1533711684715882,103.89484687978813
13:0:24,1.153461,103.894775,0,0,0,0,0,0,0,0,0,180,forward,0,0,0,1.1533711684715882,103.89484687978813
13:0:26,1.153461,103.894775,0,0,0,0,0,0,0,0,0,180,forward,0,0,0,1.1533711684715882,103.89484687978813
13:0:29,1.153461,103.894775,0,0,0,0,0,0,0,0,0,180,forward,0,0,0,1.1533711684715882,103.89484687978813
13:0:31,1.153461,103.894775,0,0,0,0,0,0,0,0,0,180,forward,0,0,0,1.1533711684715882,103.89484687978813
13:0:33,1.153461,103.894775,0,0,0,0,0,0,0,0,0,180,forward,0,0,0,1.1533711684715882,103.89484687978813
13:0:35,1.153461,103.894775,0,0,0,0,0,0,0,0,0,180,forward,0,0,0,1.1533711684715882,103.89484687978813
13:0:37,1.153461,103.894775,0,0,0,0,0,0,0,0,0,180,forward,0,0,0,1.1533711684715882,103.89484687978813
13:0:39,1.153461,103.894775,0,0,0,0,0,0,0,0,0,180,forward,0,0,0,1.1533711684715882,103.89484687978813
13:0:41,1.153461,103.894775,0,0,0,0,0,0,0,0,0,180,forward,0,0,0,1.1533711684715882,103.89484687978813
13:0:43,1.153461,103.894775,0,0,0,0,0,0,0,0,0,180,forward,0,0,0,1.1533711684715882,103.89484687978813
13:0:45,1.153461,103.894775,0,0,0,0,0,0,0,0,0,180,forward,0,0,0,1.1533711684715882,103.89484687978813
13:0:47,1.153461,103.894775,0,0,0,0,0,0,0,0,0,180,forward,0,0,0,1.1533711684715882,103.89484687978813
13:0:49,1.153461,103.894775,0,0,0,0,0,0,0,0,0,180,forward,0,0,0,1.1533711684715882,103.89484687978813
13:0:51,1.153461,103.894775,0,0,0,0,0,0,0,0,0,180,forward,0,0,0,1.1533711684715882,103.89484687978813
13:0:53,1.153461,103.894775,0,0,0,0,0,0,0,0,0,180,forward,0,0,0,1.1533711684715882,103.89484687978813
13:0:56,1.153461,103.894775,0,0,0,0,0,0,0,0,0,180,forward,0,0,0,1.1533711684715882,103.89484687978813
13:0:58,1.153461,103.894775,0,0,0,0,0,0,0,0,0,180,forward,0,0,0,1.1533711684715882,103.89484687978813
13:1:0,1.153461,103.894775,0,0,0,0,0,0,0,0,0,180,forward,0,0,0,1.1533711684715882,103.89484687978813
13:1:2,1.153461,103.894775,0,0,0,0,0,0,0,0,0,180,forward,0,0,0,1.1533711684715882,103.89484687978813
13:1:4,1.153461,103.894775,0,0,0,0,0,0,0,0,0,180,forward,0,0,0,1.1533711684715882,103.89484687978813
13:1:6,1.153461,103.894775,0,0,0,0,0,0,0,0,0,180,forward,0,0,0,1.1533711684715882,103.89484687978813
13:1:8,1.153461,103.894775,0,0,0,0,0,0,0,0,0,180,forward,0,0,0,1.1533711684715882,103.89484687978813
13:1:10,1.153461,103.894775,0,0,0,0,0,0,0,0,0,180,forward,0,0,0,1.1533711684715882,103.89484687978813
13:1:12,1.153461,103.894775,0,0,0,0,0,0,0,0,0,180,forward,0,0,0,1.1533711684715882,103.89484687978813
13:1:14,1.153461,103.894775,0,0,0,0,0,0,0,0,0,180,forward,0,0,0,1.1533711684715882,103.89484687978813
13:1:16,1.153461,103.894775,0,0,0,0,0,0,0,0,0,180,forward,0,0,0,1.1533711684715882,103.89484687978813
13:1:18,1.153461,103.894775,0,0,0,0,0,0,0,0,0,180,forward,0,0,0,1.1533711684715882,103.89484687978813
13:1:20,1.153461,103.894775,0,0,0,0,0,0,0,0,0,180,forward,0,0,0,1.1533711684715882,103.89484687978813
13:1:22,1.153461,103.894775,0,0,0,0,0,0,0,0,0,180,forward,0,0,0,1.1533711684715882,103.89484687978813
13:1:24,1.153461,103.894775,0,0,0,0,0,0,0,0,0,180,forward,0,0,0,1.1533711684715882,103.89484687978813
13:1:27,1.153461,103.894775,0,0,0,0,0,0,0,0,0,180,forward,0,0,0,1.1533711684715882,103.89484687978813
13:1:29,1.153461,103.894775,0,0,0,0,0,0,0,0,0,180,forward,0,0,0,1.1533711684715882,103.89484687978813
13:1:31,1.153461,103.894775,0,0,0,0,0,0,0,0,0,180,forward,0,0,0,1.1533711684715882,103.89484687978813
13:1:33,1.153461,103.894775,0,0,0,0,0,0,0,0,0,180,forward,0,0,0,1.1533711684715882,103.89484687978813
13:1:35,1.153461,103.894775,0,0,0,0,0,0,0,0,0,180,forward,0,0,0,1.1533711684715882,103.89484687978813
13:1:37,1.153461,103.894775,0,0,0,0,0,0,0,0,0,180,forward,0,0,0,1.1533711684715882,103.89484687978813
13:1:39,1.153461,103.894775,0,0,0,0,0,0,0,0,0,180,forward,0,0,0,1.1533711684715882,103.89484687978813
13:1:41,1.153461,103.894775,0,0,0,0,0,0,0,0,0,180,forward,0,0,0,1.1533711684715882,103.89484687978813
13:1:43,1.153461,103.894775,0,0,0,0,0,0,0,0,0,180,forward,0,0,0,1.1533711684715882,103.89484687978813
13:1:45,1.153461,103.894775,0,0,0,0,0,0,0,0,0,180,forward,0,0,0,1.1533711684715882,103.89484687978813
13:1:47,1.153461,103.894775,0,0,0,0,0,0,0,0,0,180,forward,0,0,0,1.1533711684715882,103.89484687978813
13:1:49,1.153461,103.894775,0,0,0,0,0,0,0,0,0,180,forward,0,0,0,1.1533711684715882,103.89484687978813
13:1:51,1.153461,103.894775,0,0,0,0,0,0,0,0,0,180,forward,0,0,0,1.1533711684715882,103.89484687978813
13:1:54,1.153461,103.894775,0,0,0,0,0,0,0,0,0,180,forward,0,0,0,1.1533711684715882,103.89484687978813
13:1:56,1.153461,103.894775,0,0,0,0,0,0,0,0,0,180,forward,0,0,0,1.1533711684715882,103.89484687978813
13:1:58,1.153461,103.894775,0,0,0,0,0,0,0,0,0,180,forward,0,0,0,1.1533711684715882,103.89484687978813
13:2:0,1.153461,103.894775,0,0,0,0,0,0,0,0,0,180,forward,0,0,0,1.1533711684715882,103.89484687978813
13:2:2,1.153461,103.894775,0,0,0,0,0,0,0,0,0,180,forward,0,0,0,1.1533711684715882,103.89484687978813
13:2:4,1.153461,103.894775,0,0,0,0,0,0,0,0,0,180,forward,0,0,0,1.1533711684715882,103.89484687978813
13:2:6,1.153461,103.894775,0,0,0,0,0,0,0,0,0,180,forward,0,0,0,1.1533711684715882,103.89484687978813
13:2:8,1.153461,103.894775,0,0,0,0,0,0,0,0,0,180,forward,0,0,0,1.1533711684715882,103.89484687978813
13:2:10,1.153461,103.894775,0,0,0,0,0,0,0,0,0,180,forward,0,0,0,1.1533711684715882,103.89484687978813
13:2:12,1.153461,103.894775,0,0,0,0,0,0,0,0,0,180,forward,0,0,0,1.1533711684715882,103.89484687978813
13:2:14,1.153461,103.894775,0,0,0,0,0,0,0,0,0,180,forward,0,0,0,1.1533711684715882,103.89484687978813
13:2:16,1.153461,103.894775,0,0,0,0,0,0,0,0,0,180,forward,0,0,0,1.1533711684715882,103.89484687978813
13:2:18,1.153461,103.894775,0,0,0,0,0,0,0,0,0,180,forward,0,0,0,1.1533711684715882,103.89484687978813
13:2:20,1.153461,103.894775,0,0,0,0,0,0,0,0,0,180,forward,0,0,0,1.1533711684715882,103.89484687978813
13:2:22,1.153461,103.894775,0,0,0,0,0,0,0,0,0,180,forward,0,0,0,1.1533711684715882,103.89484687978813
13:2:24,1.153461,103.894775,0,0,0,0,0,0,0,0,0,180,forward,0,0,0,1.1533711684715882,103.89484687978813
13:2:26,1.153461,103.894775,0,0,0,0,0,0,0,0,0,180,forward,0,0,0,1.1533711684715882,103.89484687978813
13:2:28,1.153461,103.894775,0,0,0,0,0,0,0,0,0,180,forward,0,0,0,1.1533711684715882,103.89484687978813
13:2:30,1.153461,103.894775,0,0,0,0,0,0,0,0,0,180,forward,0,0,0,1.1533711684715882,103.89484687978813
13:2:33,1.153461,103.894775,0,0,0,0,0,0,0,0,0,180,forward,0,0,0,1.1533711684715882,103.89484687978813
13:2:35,1.153461,103.894775,0,0,0,0,0,0,0,0,0,180,forward,0,0,0,1.1533711684715882,103.89484687978813
13:2:37,1.153461,103.894775,0,0,0,0,0,0,0,0,0,180,forward,0,0,0,1.1533711684715882,103.89484687978813
13:2:39,1.153461,103.894775,0,0,0,0,0,0,0,0,0,180,forward,0,0,0,1.1533711684715882,103.89484687978813
13:2:41,1.153461,103.894775,0,0,0,0,0,0,0,0,0,180,forward,0,0,0,1.1533711684715882,103.89484687978813
13:2:43,1.153461,103.894775,0,0,0,0,0,0,0,0,0,180,forward,0,0,0,1.1533711684715882,103.89484687978813
13:2:45,1.153461,103.894775,0,0,0,0,0,0,0,0,0,180,forward,0,0,0,1.1533711684715882,103.89484687978813
13:2:47,1.153461,103.894775,0,0,0,0,0,0,0,0,0,180,forward,0,0,0,1.1533711684715882,103.89484687978813
13:2:49,1.153461,103.894775,0,0,0,0,0,0,0,0,0,180,forward,0,0,0,1.1533711684715882,103.89484687978813
13:2:51,1.153461,103.894775,0,0,0,0,0,0,0,0,0,180,forward,0,0,0,1.1533711684715882,103.89484687978813
13:2:53,1.153461,103.894775,0,0,0,0,0,0,0,0,0,180,forward,0,0,0,1.1533711684715882,103.89484687978813
13:2:55,1.153461,103.894775,0,0,0,0,0,0,0,0,0,180,forward,0,0,0,1.1533711684715882,103.89484687978813
13:2:57,1.153461,103.894775,0,0,0,0,0,0,0,0,0,180,forward,0,0,0,1.1533711684715882,103.89484687978813
13:2:59,1.153461,103.894775,0,0,0,0,0,0,0,0,0,180,forward,0,0,0,1.1533711684715882,103.89484687978813
13:3:1,1.153461,103.894775,0,0,0,0,0,0,0,0,0,180,forward,0,0,0,1.1533711684715882,103.89484687978813
13:3:3,1.153461,103.894775,0,0,0,0,0,0,0,0,0,180,forward,0,0,0,1.1533711684715882,103.89484687978813
13:3:6,1.153461,103.894775,0,0,0,0,0,0,0,0,0,180,forward,0,0,0,1.1533711684715882,103.89484687978813
13:3:8,1.153461,103.894775,0,0,0,0,0,0,0,0,0,180,forward,0,0,0,1.1533711684715882,103.89484687978813
13:3:10,1.153461,103.894775,0,0,0,0,0,0,0,0,0,180,forward,0,0,0,1.1533711684715882,103.89484687978813
13:3:12,1.153461,103.894775,0,0,0,0,0,0,0,0,0,180,forward,0,0,0,1.1533711684715882,103.89484687978813
13:3:14,1.153461,103.894775,0,0,0,0,0,0,0,0,0,180,forward,0,0,0,1.1533711684715882,103.89484687978813
13:3:16,1.153461,103.894775,0,0,0,0,0,0,0,0,0,180,forward,0,0,0,1.1533711684715882,103.89484687978813
13:3:18,1.153461,103.894775,0,0,0,0,0,0,0,0,0,180,forward,0,0,0,1.1533711684715882,103.89484687978813
13:3:20,1.153461,103.894775,0,0,0,0,0,0,0,0,0,180,forward,0,0,0,1.1533711684715882,103.89484687978813
13:3:22,1.153461,103.894775,0,0,0,0,0,0,0,0,0,180,forward,0,0,0,1.1533711684715882,103.89484687978813
13:3:24,1.153461,103.894775,0,0,0,0,0,0,0,0,0,180,forward,0,0,0,1.1533711684715882,103.89484687978813
13:3:26,1.153461,103.894775,0,0,0,0,0,0,0,0,0,180,forward,0,0,0,1.1533711684715882,103.89484687978813
13:3:28,1.153461,103.894775,0,0,0,0,0,0,0,0,0,180,forward,0,0,0,1.1533711684715882,103.89484687978813
13:3:30,1.153461,103.894775,0,0,0,0,0,0,0,0,0,180,forward,0,0,0,1.1533711684715882,103.89484687978813
13:3:33,1.153461,103.894775,0,0,0,0,0,0,0,0,0,180,forward,0,0,0,1.1533711684715882,103.89484687978813
13:3:35,1.153461,103.894775,0,0,0,0,0,0,0,0,0,180,forward,0,0,0,1.1533711684715882,103.89484687978813
13:3:37,1.153461,103.894775,0,0,0,0,0,0,0,0,0,180,forward,0,0,0,1.1533711684715882,103.89484687978813
13:3:39,1.153461,103.894775,0,0,0,0,0,0,0,0,0,180,forward,0,0,0,1.1533711684715882,103.89484687978813
13:3:41,1.153461,103.894775,0,0,0,0,0,0,0,0,0,180,forward,0,0,0,1.1533711684715882,103.89484687978813
13:3:43,1.153461,103.894775,0,0,0,0,0,0,0,0,0,180,forward,0,0,0,1.1533711684715882,103.89484687978813
13:3:45,1.153461,103.894775,0,0,0,0,0,0,0,0,0,180,forward,0,0,0,1.1533711684715882,103.89484687978813
13:3:47,1.153461,103.894775,0,0,0,0,0,0,0,0,0,180,forward,0,0,0,1.1533711684715882,103.89484687978813
13:3:49,1.153461,103.894775,0,0,0,0,0,0,0,0,0,180,forward,0,0,0,1.1533711684715882,103.89484687978813
13:3:51,1.153461,103.894775,0,0,0,0,0,0,0,0,0,180,forward,0,0,0,1.1533711684715882,103.89484687978813
13:3:53,1.153461,103.894775,0,0,0,0,0,0,0,0,0,180,forward,0,0,0,1.1533711684715882,103.89484687978813
13:3:55,1.153461,103.894775,0,0,0,0,0,0,0,0,0,180,forward,0,0,0,1.1533711684715882,103.89484687978813
13:3:57,1.153461,103.894775,0,0,0,0,0,0,0,0,0,180,forward,0,0,0,1.1533711684715882,103.89484687978813
13:3:59,1.153461,103.894775,0,0,0,0,0,0,0,0,0,180,forward,0,0,0,1.1533711684715882,103.89484687978813
13:4:2,1.153461,103.894775,0,0,0,0,0,0,0,0,0,180,forward,0,0,0,1.1533711684715882,103.89484687978813
13:4:4,1.153461,103.894775,0,0,0,0,0,0,0,0,0,180,forward,0,0,0,1.1533711684715882,103.89484687978813
13:4:6,1.153461,103.894775,0,0,0,0,0,0,0,0,0,180,forward,0,0,0,1.1533711684715882,103.89484687978813
13:4:8,1.153461,103.894775,0,0,0,0,0,0,0,0,0,180,forward,0,0,0,1.1533711684715882,103.89484687978813
13:4:10,1.153461,103.894775,0,0,0,0,0,0,0,0,0,180,forward,0,0,0,1.1533711684715882,103.89484687978813
13:4:12,1.153461,103.894775,0,0,0,0,0,0,0,0,0,180,forward,0,0,0,1.1533711684715882,103.89484687978813
13:4:14,1.153461,103.894775,0,0,0,0,0,0,0,0,0,180,forward,0,0,0,1.1533711684715882,103.89484687978813
13:4:16,1.153461,103.894775,0,0,0,0,0,0,0,0,0,180,forward,0,0,0,1.1533711684715882,103.89484687978813
13:4:18,1.153461,103.894775,0,0,0,0,0,0,0,0,0,180,forward,0,0,0,1.1533711684715882,103.89484687978813
13:4:20,1.153461,103.894775,0,0,0,0,0,0,0,0,0,180,forward,0,0,0,1.1533711684715882,103.89484687978813
13:4:22,1.153461,103.894775,0,0,0,0,0,0,0,0,0,180,forward,0,0,0,1.1533711684715882,103.89484687978813
13:4:24,1.153461,103.894775,0,0,0,0,0,0,0,0,0,180,forward,0,0,0,1.1533711684715882,103.89484687978813
13:4:26,1.153461,103.894775,0,0,0,0,0,0,0,0,0,180,forward,0,0,0,1.1533711684715882,103.89484687978813
13:4:28,1.153461,103.894775,0,0,0,0,0,0,0,0,0,180,forward,0,0,0,1.1533711684715882,103.89484687978813
13:4:30,1.153461,103.894775,0,0,0,0,0,0,0,0,0,180,forward,0,0,0,1.1533711684715882,103.89484687978813
13:4:32,1.153461,103.894775,0,0,0,0,0,0,0,0,0,180,forward,0,0,0,1.1533711684715882,103.89484687978813
13:4:34,1.153461,103.894775,0,0,0,0,0,0,0,0,0,180,forward,0,0,0,1.1533711684715882,103.89484687978813
13:4:36,1.153461,103.894775,0,0,0,0,0,0,0,0,0,180,forward,0,0,0,1.1533711684715882,103.89484687978813
13:4:38,1.153461,103.894775,0,0,0,0,0,0,0,0,0,180,forward,0,0,0,1.1533711684715882,103.89484687978813
13:4:40,1.153461,103.894775,0,0,0,0,0,0,0,0,0,180,forward,0,0,0,1.1533711684715882,103.89484687978813
13:4:43,1.153461,103.894775,0,0,0,0,0,0,0,0,0,180,forward,0,0,0,1.1533711684715882,103.89484687978813
13:4:45,1.153461,103.894775,0,0,0,0,0,0,0,0,0,180,forward,0,0,0,1.1533711684715882,103.89484687978813
13:4:47,1.153461,103.894775,0,0,0,0,0,0,0,0,0,180,forward,0,0,0,1.1533711684715882,103.89484687978813
13:4:49,1.153461,103.894775,0,0,0,0,0,0,0,0,0,180,forward,0,0,0,1.1533711684715882,103.89484687978813
13:4:51,1.153461,103.894775,0,0,0,0,0,0,0,0,0,180,forward,0,0,0,1.1533711684715882,103.89484687978813
13:4:53,1.153461,103.894775,0,0,0,0,0,0,0,0,0,180,forward,0,0,0,1.1533711684715882,103.89484687978813
13:4:55,1.153461,103.894775,0,0,0,0,0,0,0,0,0,180,forward,0,0,0,1.1533711684715882,103.89484687978813
13:4:57,1.153461,103.894775,0,0,0,0,0,0,0,0,0,180,forward,0,0,0,1.1533711684715882,103.89484687978813
13:4:59,1.153461,103.894775,0,0,0,0,0,0,0,0,0,180,forward,0,0,0,1.1533711684715882,103.89484687978813
13:5:1,1.153461,103.894775,0,0,0,0,0,0,0,0,0,180,forward,0,0,0,1.1533711684715882,103.89484687978813
13:5:3,1.153461,103.894775,0,0,0,0,0,0,0,0,0,180,forward,0,0,0,1.1533711684715882,103.89484687978813
13:5:5,1.153461,103.894775,0,0,0,0,0,0,0,0,0,180,forward,0,0,0,1.1533711684715882,103.89484687978813
13:5:7,1.153461,103.894775,0,0,0,0,0,0,0,0,0,180,forward,0,0,0,1.1533711684715882,103.89484687978813
13:5:9,1.153461,103.894775,0,0,0,0,0,0,0,0,0,180,forward,0,0,0,1.1533711684715882,103.89484687978813
13:5:11,1.153461,103.894775,0,0,0,0,0,0,0,0,0,180,forward,0,0,0,1.1533711684715882,103.89484687978813
13:5:13,1.153461,103.894775,0,0,0,0,0,0,0,0,0,180,forward,0,0,0,1.1533711684715882,103.89484687978813
13:5:15,1.153461,103.894775,0,0,0,0,0,0,0,0,0,180,forward,0,0,0,1.1533711684715882,103.89484687978813
13:5:17,1.153461,103.894775,0,0,0,0,0,0,0,0,0,180,forward,0,0,0,1.1533711684715882,103.89484687978813
13:5:19,1.153461,103.894775,0,0,0,0,0,0,0,0,0,180,forward,0,0,0,1.1533711684715882,103.89484687978813
13:5:22,1.153461,103.894775,0,0,0,0,0,0,0,0,0,180,forward,0,0,0,1.1533711684715882,103.89484687978813
13:5:24,1.153461,103.894775,0,0,0,0,0,0,0,0,0,180,forward,0,0,0,1.1533711684715882,103.89484687978813
13:5:26,1.153461,103.894775,0,0,0,0,0,0,0,0,0,180,forward,0,0,0,1.1533711684715882,103.89484687978813
13:5:28,1.153461,103.894775,0,0,0,0,0,0,0,0,0,180,forward,0,0,0,1.1533711684715882,103.89484687978813
13:5:30,1.153461,103.894775,0,0,0,0,0,0,0,0,0,180,forward,0,0,0,1.1533711684715882,103.89484687978813
13:5:32,1.153461,103.894775,0,0,0,0,0,0,0,0,0,180,forward,0,0,0,1.1533711684715882,103.89484687978813
13:5:34,1.153461,103.894775,0,0,0,0,0,0,0,0,0,180,forward,0,0,0,1.1533711684715882,103.89484687978813
13:5:36,1.153461,103.894775,0,0,0,0,0,0,0,0,0,180,forward,0,0,0,1.1533711684715882,103.89484687978813
13:5:38,1.153461,103.894775,0,0,0,0,0,0,0,0,0,180,forward,0,0,0,1.1533711684715882,103.89484687978813
13:5:40,1.153461,103.894775,0,0,0,0,0,0,0,0,0,180,forward,0,0,0,1.1533711684715882,103.89484687978813
13:5:42,1.153461,103.894775,0,0,0,0,0,0,0,0,0,180,forward,0,0,0,1.1533711684715882,103.89484687978813
13:5:44,1.153461,103.894775,0,0,0,0,0,0,0,0,0,180,forward,0,0,0,1.1533711684715882,103.89484687978813
13:5:46,1.153461,103.894775,0,0,0,0,0,0,0,0,0,180,forward,0,0,0,1.1533711684715882,103.89484687978813
13:5:48,1.153461,103.894775,0,0,0,0,0,0,0,0,0,180,forward,0,0,0,1.1533711684715882,103.89484687978813
13:5:50,1.153461,103.894775,0,0,0,0,0,0,0,0,0,180,forward,0,0,0,1.1533711684715882,103.89484687978813
13:5:52,1.153461,103.894775,0,0,0,0,0,0,0,0,0,180,forward,0,0,0,1.1533711684715882,103.89484687978813
13:5:54,1.153461,103.894775,0,0,0,0,0,0,0,0,0,180,forward,0,0,0,1.1533711684715882,103.89484687978813
13:5:56,1.153461,103.894775,0,0,0,0,0,0,0,0,0,180,forward,0,0,0,1.1533711684715882,103.89484687978813
13:5:58,1.153461,103.894775,0,0,0,0,0,0,0,0,0,180,forward,0,0,0,1.1533711684715882,103.89484687978813
13:6:0,1.153461,103.894775,0,0,0,0,0,0,0,0,0,180,forward,0,0,0,1.1533711684715882,103.89484687978813
13:6:2,1.153461,103.894775,0,0,0,0,0,0,0,0,0,180,forward,0,0,0,1.1533711684715882,103.89484687978813
13:6:5,1.153461,103.894775,0,0,0,0,0,0,0,0,0,180,forward,0,0,0,1.1533711684715882,103.89484687978813
13:6:7,1.153461,103.894775,0,0,0,0,0,0,0,0,0,180,forward,0,0,0,1.1533711684715882,103.89484687978813
13:6:9,1.153461,103.894775,0,0,0,0,0,0,0,0,0,180,forward,0,0,0,1.1533711684715882,103.89484687978813
13:6:11,1.153461,103.894775,0,0,0,0,0,0,0,0,0,180,forward,0,0,0,1.1533711684715882,103.89484687978813
13:6:13,1.153461,103.894775,0,0,0,0,0,0,0,0,0,180,forward,0,0,0,1.1533711684715882,103.89484687978813
13:6:15,1.153461,103.894775,0,0,0,0,0,0,0,0,0,180,forward,0,0,0,1.1533711684715882,103.89484687978813
13:6:17,1.153461,103.894775,0,0,0,0,0,0,0,0,0,180,forward,0,0,0,1.1533711684715882,103.89484687978813
13:6:19,1.153461,103.894775,0,0,0,0,0,0,0,0,0,180,forward,0,0,0,1.1533711684715882,103.89484687978813
13:6:21,1.153461,103.894775,0,0,0,0,0,0,0,0,0,180,forward,0,0,0,1.1533711684715882,103.89484687978813
13:6:23,1.153461,103.894775,0,0,0,0,0,0,0,0,0,180,forward,0,0,0,1.1533711684715882,103.89484687978813
13:6:25,1.153461,103.894775,0,0,0,0,0,0,0,0,0,180,forward,0,0,0,1.1533711684715882,103.89484687978813
13:6:27,1.153461,103.894775,0,0,0,0,0,0,0,0,0,180,forward,0,0,0,1.1533711684715882,103.89484687978813
13:6:29,1.153461,103.894775,0,0,0,0,0,0,0,0,0,180,forward,0,0,0,1.1533711684715882,103.89484687978813
13:6:31,1.153461,103.894775,0,0,0,0,0,0,0,0,0,180,forward,0,0,0,1.1533711684715882,103.89484687978813
13:6:33,1.153461,103.894775,0,0,0,0,0,0,0,0,0,180,forward,0,0,0,1.1533711684715882,103.89484687978813
13:6:35,1.153461,103.894775,0,0,0,0,0,0,0,0,0,180,forward,0,0,0,1.1533711684715882,103.89484687978813
13:6:37,1.153461,103.894775,0,0,0,0,0,0,0,0,0,180,forward,0,0,0,1.1533711684715882,103.89484687978813
13:6:39,1.153461,103.894775,0,0,0,0,0,0,0,0,0,180,forward,0,0,0,1.1533711684715882,103.89484687978813
13:6:41,1.153461,103.894775,0,0,0,0,0,0,0,0,0,180,forward,0,0,0,1.1533711684715882,103.89484687978813
13:6:44,1.153461,103.894775,0,0,0,0,0,0,0,0,0,180,forward,0,0,0,1.1533711684715882,103.89484687978813
13:6:46,1.153461,103.894775,0,0,0,0,0,0,0,0,0,180,forward,0,0,0,1.1533711684715882,103.89484687978813
13:6:48,1.153461,103.894775,0,0,0,0,0,0,0,0,0,180,forward,0,0,0,1.1533711684715882,103.89484687978813
13:6:50,1.153461,103.894775,0,0,0,0,0,0,0,0,0,180,forward,0,0,0,1.1533711684715882,103.89484687978813
13:6:52,1.153461,103.894775,0,0,0,0,0,0,0,0,0,180,forward,0,0,0,1.1533711684715882,103.89484687978813
13:6:54,1.153461,103.894775,0,0,0,0,0,0,0,0,0,180,forward,0,0,0,1.1533711684715882,103.89484687978813
13:6:56,1.153461,103.894775,0,0,0,0,0,0,0,0,0,180,forward,0,0,0,1.1533711684715882,103.89484687978813
13:6:58,1.153461,103.894775,0,0,0,0,0,0,0,0,0,180,forward,0,0,0,1.1533711684715882,103.89484687978813
13:7:0,1.153461,103.894775,0,0,0,0,0,0,0,0,0,180,forward,0,0,0,1.1533711684715882,103.89484687978813
13:7:2,1.153461,103.894775,0,0,0,0,0,0,0,0,0,180,forward,0,0,0,1.1533711684715882,103.89484687978813
13:7:4,1.153461,103.894775,0,0,0,0,0,0,0,0,0,180,forward,0,0,0,1.1533711684715882,103.89484687978813
13:7:6,1.153461,103.894775,0,0,0,0,0,0,0,0,0,180,forward,0,0,0,1.1533711684715882,103.89484687978813
13:7:8,1.153461,103.894775,0,0,0,0,0,0,0,0,0,180,forward,0,0,0,1.1533711684715882,103.89484687978813
13:7:10,1.153461,103.894775,0,0,0,0,0,0,0,0,0,180,forward,0,0,0,1.1533711684715882,103.89484687978813
13:7:12,1.153461,103.894775,0,0,0,0,0,0,0,0,0,180,forward,0,0,0,1.1533711684715882,103.89484687978813
13:7:14,1.153461,103.894775,0,0,0,0,0,0,0,0,0,180,forward,0,0,0,1.1533711684715882,103.89484687978813
13:7:16,1.153461,103.894775,0,0,0,0,0,0,0,0,0,180,forward,0,0,0,1.1533711684715882,103.89484687978813
13:7:19,1.153461,103.894775,0,0,0,0,0,0,0,0,0,180,forward,0,0,0,1.1533711684715882,103.89484687978813
13:7:21,1.153461,103.894775,0,0,0,0,0,0,0,0,0,180,forward,0,0,0,1.1533711684715882,103.89484687978813
13:7:23,1.153461,103.894775,0,0,0,0,0,0,0,0,0,180,forward,0,0,0,1.1533711684715882,103.89484687978813
13:7:25,1.153461,103.894775,0,0,0,0,0,0,0,0,0,180,forward,0,0,0,1.1533711684715882,103.89484687978813
13:7:27,1.153461,103.894775,0,0,0,0,0,0,0,0,0,180,forward,0,0,0,1.1533711684715882,103.89484687978813
13:7:29,1.153461,103.894775,0,0,0,0,0,0,0,0,0,180,forward,0,0,0,1.1533711684715882,103.89484687978813
13:7:31,1.153461,103.894775,0,0,0,0,0,0,0,0,0,180,forward,0,0,0,1.1533711684715882,103.89484687978813
13:7:33,1.153461,103.894775,0,0,0,0,0,0,0,0,0,180,forward,0,0,0,1.1533711684715882,103.89484687978813
13:7:35,1.153461,103.894775,0,0,0,0,0,0,0,0,0,180,forward,0,0,0,1.1533711684715882,103.89484687978813
13:7:37,1.153461,103.894775,0,0,0,0,0,0,0,0,0,180,forward,0,0,0,1.1533711684715882,103.89484687978813
13:7:39,1.153461,103.894775,0,0,0,0,0,0,0,0,0,180,forward,0,0,0,1.1533711684715882,103.89484687978813
13:7:41,1.153461,103.894775,0,0,0,0,0,0,0,0,0,180,forward,0,0,0,1.1533711684715882,103.89484687978813
13:7:43,1.153461,103.894775,0,0,0,0,0,0,0,0,0,180,forward,0,0,0,1.1533711684715882,103.89484687978813
13:7:45,1.153461,103.894775,0,0,0,0,0,0,0,0,0,180,forward,0,0,0,1.1533711684715882,103.89484687978813
13:7:47,1.153461,103.894775,0,0,0,0,0,0,0,0,0,180,forward,0,0,0,1.1533711684715882,103.89484687978813
13:7:49,1.153461,103.894775,0,0,0,0,0,0,0,0,0,180,forward,0,0,0,1.1533711684715882,103.89484687978813
13:7:51,1.153461,103.894775,0,0,0,0,0,0,0,0,0,180,forward,0,0,0,1.1533711684715882,103.89484687978813
13:7:54,1.153461,103.894775,0,0,0,0,0,0,0,0,0,180,forward,0,0,0,1.1533711684715882,103.89484687978813
13:7:56,1.153461,103.894775,0,0,0,0,0,0,0,0,0,180,forward,0,0,0,1.1533711684715882,103.89484687978813
13:7:58,1.153461,103.894775,0,0,0,0,0,0,0,0,0,180,forward,0,0,0,1.1533711684715882,103.89484687978813
13:8:0,1.153461,103.894775,0,0,0,0,0,0,0,0,0,180,forward,0,0,0,1.1533711684715882,103.89484687978813
13:8:2,1.153461,103.894775,0,0,0,0,0,0,0,0,0,180,forward,0,0,0,1.1533711684715882,103.89484687978813
13:8:4,1.153461,103.894775,0,0,0,0,0,0,0,0,0,180,forward,0,0,0,1.1533711684715882,103.89484687978813
13:8:6,1.153461,103.894775,0,0,0,0,0,0,0,0,0,180,forward,0,0,0,1.1533711684715882,103.89484687978813
13:8:8,1.153461,103.894775,0,0,0,0,0,0,0,0,0,180,forward,0,0,0,1.1533711684715882,103.89484687978813
13:8:10,1.153461,103.894775,0,0,0,0,0,0,0,0,0,180,forward,0,0,0,1.1533711684715882,103.89484687978813
13:8:12,1.153461,103.894775,0,0,0,0,0,0,0,0,0,180,forward,0,0,0,1.1533711684715882,103.89484687978813
13:8:14,1.153461,103.894775,0,0,0,0,0,0,0,0,0,180,forward,0,0,0,1.1533711684715882,103.89484687978813
13:8:16,1.153461,103.894775,0,0,0,0,0,0,0,0,0,180,forward,0,0,0,1.1533711684715882,103.89484687978813
13:8:18,1.153461,103.894775,0,0,0,0,0,0,0,0,0,180,forward,0,0,0,1.1533711684715882,103.89484687978813
13:8:20,1.153461,103.894775,0,0,0,0,0,0,0,0,0,180,forward,0,0,0,1.1533711684715882,103.89484687978813
13:8:22,1.153461,103.894775,0,0,0,0,0,0,0,0,0,180,forward,0,0,0,1.1533711684715882,103.89484687978813
13:8:24,1.153461,103.894775,0,0,0,0,0,0,0,0,0,180,forward,0,0,0,1.1533711684715882,103.89484687978813
13:8:26,1.153461,103.894775,0,0,0,0,0,0,0,0,0,180,forward,0,0,0,1.1533711684715882,103.89484687978813
13:8:28,1.153461,103.894775,0,0,0,0,0,0,0,0,0,180,forward,0,0,0,1.1533711684715882,103.89484687978813
13:8:30,1.153461,103.894775,0,0,0,0,0,0,0,0,0,180,forward,0,0,0,1.1533711684715882,103.89484687978813
13:8:32,1.153461,103.894775,0,0,0,0,0,0,0,0,0,180,forward,0,0,0,1.1533711684715882,103.89484687978813
13:8:34,1.153461,103.894775,0,0,0,0,0,0,0,0,0,180,forward,0,0,0,1.1533711684715882,103.89484687978813
13:8:37,1.153461,103.894775,0,0,0,0,0,0,0,0,0,180,forward,0,0,0,1.1533711684715882,103.89484687978813
13:8:39,1.153461,103.894775,0,0,0,0,0,0,0,0,0,180,forward,0,0,0,1.1533711684715882,103.89484687978813
13:8:41,1.153461,103.894775,0,0,0,0,0,0,0,0,0,180,forward,0,0,0,1.1533711684715882,103.89484687978813
13:8:43,1.153461,103.894775,0,0,0,0,0,0,0,0,0,180,forward,0,0,0,1.1533711684715882,103.89484687978813
13:8:45,1.153461,103.894775,0,0,0,0,0,0,0,0,0,180,forward,0,0,0,1.1533711684715882,103.89484687978813
13:8:47,1.153461,103.894775,0,0,0,0,0,0,0,0,0,180,forward,0,0,0,1.1533711684715882,103.89484687978813
13:8:49,1.153461,103.894775,0,0,0,0,0,0,0,0,0,180,forward,0,0,0,1.1533711684715882,103.89484687978813
13:8:51,1.153461,103.894775,0,0,0,0,0,0,0,0,0,180,forward,0,0,0,1.1533711684715882,103.89484687978813
13:8:53,1.153461,103.894775,0,0,0,0,0,0,0,0,0,180,forward,0,0,0,1.1533711684715882,103.89484687978813
13:8:55,1.153461,103.894775,0,0,0,0,0,0,0,0,0,180,forward,0,0,0,1.1533711684715882,103.89484687978813
13:8:57,1.153461,103.894775,0,0,0,0,0,0,0,0,0,180,forward,0,0,0,1.1533711684715882,103.89484687978813
13:8:59,1.153461,103.894775,0,0,0,0,0,0,0,0,0,180,forward,0,0,0,1.1533711684715882,103.89484687978813
13:9:1,1.153461,103.894775,0,0,0,0,0,0,0,0,0,180,forward,0,0,0,1.1533711684715882,103.89484687978813
13:9:3,1.153461,103.894775,0,0,0,0,0,0,0,0,0,180,forward,0,0,0,1.1533711684715882,103.89484687978813
13:9:5,1.153461,103.894775,0,0,0,0,0,0,0,0,0,180,forward,0,0,0,1.1533711684715882,103.89484687978813
13:9:7,1.153461,103.894775,0,0,0,0,0,0,0,0,0,180,forward,0,0,0,1.1533711684715882,103.89484687978813
13:9:9,1.153461,103.894775,0,0,0,0,0,0,0,0,0,180,forward,0,0,0,1.1533711684715882,103.89484687978813
13:9:11,1.153461,103.894775,0,0,0,0,0,0,0,0,0,180,forward,0,0,0,1.1533711684715882,103.89484687978813
13:9:13,1.153461,103.894775,0,0,0,0,0,0,0,0,0,180,forward,0,0,0,1.1533711684715882,103.89484687978813
13:9:15,1.153461,103.894775,0,0,0,0,0,0,0,0,0,180,forward,0,0,0,1.1533711684715882,103.89484687978813
13:9:17,1.153461,103.894775,0,0,0,0,0,0,0,0,0,180,forward,0,0,0,1.1533711684715882,103.89484687978813
13:9:20,1.153461,103.894775,0,0,0,0,0,0,0,0,0,180,forward,0,0,0,1.1533711684715882,103.89484687978813
13:9:22,1.153461,103.894775,0,0,0,0,0,0,0,0,0,180,forward,0,0,0,1.1533711684715882,103.89484687978813
13:9:24,1.153461,103.894775,0,0,0,0,0,0,0,0,0,180,forward,0,0,0,1.1533711684715882,103.89484687978813
13:9:26,1.153461,103.894775,0,0,0,0,0,0,0,0,0,180,forward,0,0,0,1.1533711684715882,103.89484687978813
13:9:28,1.153461,103.894775,0,0,0,0,0,0,0,0,0,180,forward,0,0,0,1.1533711684715882,103.89484687978813
13:9:30,1.153461,103.894775,0,0,0,0,0,0,0,0,0,180,forward,0,0,0,1.1533711684715882,103.89484687978813
13:9:32,1.153461,103.894775,0,0,0,0,0,0,0,0,0,180,forward,0,0,0,1.1533711684715882,103.89484687978813
13:9:34,1.153461,103.894775,0,0,0,0,0,0,0,0,0,180,forward,0,0,0,1.1533711684715882,103.89484687978813
13:9:36,1.153461,103.894775,0,0,0,0,0,0,0,0,0,180,forward,0,0,0,1.1533711684715882,103.89484687978813
13:9:38,1.153461,103.894775,0,0,0,0,0,0,0,0,0,180,forward,0,0,0,1.1533711684715882,103.89484687978813
13:9:40,1.153461,103.894775,0,0,0,0,0,0,0,0,0,180,forward,0,0,0,1.1533711684715882,103.89484687978813
13:9:42,1.153461,103.894775,0,0,0,0,0,0,0,0,0,180,forward,0,0,0,1.1533711684715882,103.89484687978813
13:9:44,1.153461,103.894775,0,0,0,0,0,0,0,0,0,180,forward,0,0,0,1.1533711684715882,103.89484687978813
13:9:46,1.153461,103.894775,0,0,0,0,0,0,0,0,0,180,forward,0,0,0,1.1533711684715882,103.89484687978813
13:9:48,1.153461,103.894775,0,0,0,0,0,0,0,0,0,180,forward,0,0,0,1.1533711684715882,103.89484687978813
13:9:50,1.153461,103.894775,0,0,0,0,0,0,0,0,0,180,forward,0,0,0,1.1533711684715882,103.89484687978813
13:9:53,1.153461,103.894775,0,0,0,0,0,0,0,0,0,180,forward,0,0,0,1.1533711684715882,103.89484687978813
13:9:55,1.153461,103.894775,0,0,0,0,0,0,0,0,0,180,forward,0,0,0,1.1533711684715882,103.89484687978813
13:9:57,1.153461,103.894775,0,0,0,0,0,0,0,0,0,180,forward,0,0,0,1.1533711684715882,103.89484687978813
13:9:59,1.153461,103.894775,0,0,0,0,0,0,0,0,0,180,forward,0,0,0,1.1533711684715882,103.89484687978813
13:10:1,1.153461,103.894775,0,0,0,0,0,0,0,0,0,180,forward,0,0,0,1.1533711684715882,103.89484687978813
13:10:3,1.153461,103.894775,0,0,0,0,0,0,0,0,0,180,forward,0,0,0,1.1533711684715882,103.89484687978813
13:10:5,1.153461,103.894775,0,0,0,0,0,0,0,0,0,180,forward,0,0,0,1.1533711684715882,103.89484687978813
13:10:7,1.153461,103.894775,0,0,0,0,0,0,0,0,0,180,forward,0,0,0,1.1533711684715882,103.89484687978813
13:10:9,1.153461,103.894775,0,0,0,0,0,0,0,0,0,180,forward,0,0,0,1.1533711684715882,103.89484687978813
13:10:11,1.153461,103.894775,0,0,0,0,0,0,0,0,0,180,forward,0,0,0,1.1533711684715882,103.89484687978813
13:10:13,1.153461,103.894775,0,0,0,0,0,0,0,0,0,180,forward,0,0,0,1.1533711684715882,103.89484687978813
13:10:15,1.153461,103.894775,0,0,0,0,0,0,0,0,0,180,forward,0,0,0,1.1533711684715882,103.89484687978813
13:10:17,1.153461,103.894775,0,0,0,0,0,0,0,0,0,180,forward,0,0,0,1.1533711684715882,103.89484687978813
13:10:19,1.153461,103.894775,0,0,0,0,0,0,0,0,0,180,forward,0,0,0,1.1533711684715882,103.89484687978813
13:10:21,1.153461,103.894775,0,0,0,0,0,0,0,0,0,180,forward,0,0,0,1.1533711684715882,103.89484687978813
13:10:23,1.153461,103.894775,0,0,0,0,0,0,0,0,0,180,forward,0,0,0,1.1533711684715882,103.89484687978813
13:10:26,1.153461,103.894775,0,0,0,0,0,0,0,0,0,180,forward,0,0,0,1.1533711684715882,103.89484687978813
13:10:28,1.153461,103.894775,0,0,0,0,0,0,0,0,0,180,forward,0,0,0,1.1533711684715882,103.89484687978813
13:10:30,1.153461,103.894775,0,0,0,0,0,0,0,0,0,180,forward,0,0,0,1.1533711684715882,103.89484687978813
13:10:32,1.153461,103.894775,0,0,0,0,0,0,0,0,0,180,forward,0,0,0,1.1533711684715882,103.89484687978813
13:10:34,1.153461,103.894775,0,0,0,0,0,0,0,0,0,180,forward,0,0,0,1.1533711684715882,103.89484687978813
13:10:36,1.153461,103.894775,0,0,0,0,0,0,0,0,0,180,forward,0,0,0,1.1533711684715882,103.89484687978813
13:10:38,1.153461,103.894775,0,0,0,0,0,0,0,0,0,180,forward,0,0,0,1.1533711684715882,103.89484687978813
13:10:40,1.153461,103.894775,0,0,0,0,0,0,0,0,0,180,forward,0,0,0,1.1533711684715882,103.89484687978813
13:10:42,1.153461,103.894775,0,0,0,0,0,0,0,0,0,180,forward,0,0,0,1.1533711684715882,103.89484687978813
13:10:44,1.153461,103.894775,0,0,0,0,0,0,0,0,0,180,forward,0,0,0,1.1533711684715882,103.89484687978813
13:10:46,1.153461,103.894775,0,0,0,0,0,0,0,0,0,180,forward,0,0,0,1.1533711684715882,103.89484687978813
13:10:48,1.153461,103.894775,0,0,0,0,0,0,0,0,0,180,forward,0,0,0,1.1533711684715882,103.89484687978813
13:10:50,1.153461,103.894775,0,0,0,0,0,0,0,0,0,180,forward,0,0,0,1.1533711684715882,103.89484687978813
13:10:53,1.153461,103.894775,0,0,0,0,0,0,0,0,0,180,forward,0,0,0,1.1533711684715882,103.89484687978813
13:10:55,1.153461,103.894775,0,0,0,0,0,0,0,0,0,180,forward,0,0,0,1.1533711684715882,103.89484687978813
13:10:57,1.153461,103.894775,0,0,0,0,0,0,0,0,0,180,forward,0,0,0,1.1533711684715882,103.89484687978813
13:10:59,1.153461,103.894775,0,0,0,0,0,0,0,0,0,180,forward,0,0,0,1.1533711684715882,103.89484687978813
13:11:1,1.153461,103.894775,0,0,0,0,0,0,0,0,0,180,forward,0,0,0,1.1533711684715882,103.89484687978813
13:11:3,1.153461,103.894775,0,0,0,0,0,0,0,0,0,180,forward,0,0,0,1.1533711684715882,103.89484687978813
13:11:5,1.153461,103.894775,0,0,0,0,0,0,0,0,0,180,forward,0,0,0,1.1533711684715882,103.89484687978813
13:11:7,1.153461,103.894775,0,0,0,0,0,0,0,0,0,180,forward,0,0,0,1.1533711684715882,103.89484687978813
13:11:9,1.153461,103.894775,0,0,0,0,0,0,0,0,0,180,forward,0,0,0,1.1533711684715882,103.89484687978813
13:11:11,1.153461,103.894775,0,0,0,0,0,0,0,0,0,180,forward,0,0,0,1.1533711684715882,103.89484687978813
13:11:13,1.153461,103.894775,0,0,0,0,0,0,0,0,0,180,forward,0,0,0,1.1533711684715882,103.89484687978813
13:11:15,1.153461,103.894775,0,0,0,0,0,0,0,0,0,180,forward,0,0,0,1.1533711684715882,103.89484687978813
13:11:17,1.153461,103.894775,0,0,0,0,0,0,0,0,0,180,forward,0,0,0,1.1533711684715882,103.89484687978813
13:11:19,1.153461,103.894775,0,0,0,0,0,0,0,0,0,180,forward,0,0,0,1.1533711684715882,103.89484687978813
13:11:21,1.153461,103.894775,0,0,0,0,0,0,0,0,0,180,forward,0,0,0,1.1533711684715882,103.89484687978813
13:11:23,1.153461,103.894775,0,0,0,0,0,0,0,0,0,180,forward,0,0,0,1.1533711684715882,103.89484687978813
13:11:25,1.153461,103.894775,0,0,0,0,0,0,0,0,0,180,forward,0,0,0,1.1533711684715882,103.89484687978813
13:11:27,1.153461,103.894775,0,0,0,0,0,0,0,0,0,180,forward,0,0,0,1.1533711684715882,103.89484687978813
13:11:30,1.153461,103.894775,0,0,0,0,0,0,0,0,0,180,forward,0,0,0,1.1533711684715882,103.89484687978813
13:11:32,1.153461,103.894775,0,0,0,0,0,0,0,0,0,180,forward,0,0,0,1.1533711684715882,103.89484687978813
13:11:34,1.153461,103.894775,0,0,0,0,0,0,0,0,0,180,forward,0,0,0,1.1533711684715882,103.89484687978813
13:11:36,1.153461,103.894775,0,0,0,0,0,0,0,0,0,180,forward,0,0,0,1.1533711684715882,103.89484687978813
13:11:38,1.153461,103.894775,0,0,0,0,0,0,0,0,0,180,forward,0,0,0,1.1533711684715882,103.89484687978813
13:11:40,1.153461,103.894775,0,0,0,0,0,0,0,0,0,180,forward,0,0,0,1.1533711684715882,103.89484687978813
13:11:42,1.153461,103.894775,0,0,0,0,0,0,0,0,0,180,forward,0,0,0,1.1533711684715882,103.89484687978813
13:11:44,1.153461,103.894775,0,0,0,0,0,0,0,0,0,180,forward,0,0,0,1.1533711684715882,103.89484687978813
13:11:46,1.153461,103.894775,0,0,0,0,0,0,0,0,0,180,forward,0,0,0,1.1533711684715882,103.89484687978813
13:11:48,1.153461,103.894775,0,0,0,0,0,0,0,0,0,180,forward,0,0,0,1.1533711684715882,103.89484687978813
13:11:50,1.153461,103.894775,0,0,0,0,0,0,0,0,0,180,forward,0,0,0,1.1533711684715882,103.89484687978813
13:11:52,1.153461,103.894775,0,0,0,0,0,0,0,0,0,180,forward,0,0,0,1.1533711684715882,103.89484687978813
13:11:54,1.153461,103.894775,0,0,0,0,0,0,0,0,0,180,forward,0,0,0,1.1533711684715882,103.89484687978813
13:11:56,1.153461,103.894775,0,0,0,0,0,0,0,0,0,180,forward,0,0,0,1.1533711684715882,103.89484687978813
13:11:58,1.153461,103.894775,0,0,0,0,0,0,0,0,0,180,forward,0,0,0,1.1533711684715882,103.89484687978813
13:12:1,1.153461,103.894775,0,0,0,0,0,0,0,0,0,180,forward,0,0,0,1.1533711684715882,103.89484687978813
13:12:3,1.153461,103.894775,0,0,0,0,0,0,0,0,0,180,forward,0,0,0,1.1533711684715882,103.89484687978813
13:12:5,1.153461,103.894775,0,0,0,0,0,0,0,0,0,180,forward,0,0,0,1.1533711684715882,103.89484687978813
13:12:7,1.153461,103.894775,0,0,0,0,0,0,0,0,0,180,forward,0,0,0,1.1533711684715882,103.89484687978813
13:12:9,1.153461,103.894775,0,0,0,0,0,0,0,0,0,180,forward,0,0,0,1.1533711684715882,103.89484687978813
13:12:11,1.153461,103.894775,0,0,0,0,0,0,0,0,0,180,forward,0,0,0,1.1533711684715882,103.89484687978813
13:12:13,1.153461,103.894775,0,0,0,0,0,0,0,0,0,180,forward,0,0,0,1.1533711684715882,103.89484687978813
13:12:15,1.153461,103.894775,0,0,0,0,0,0,0,0,0,180,forward,0,0,0,1.1533711684715882,103.89484687978813
13:12:17,1.153461,103.894775,0,0,0,0,0,0,0,0,0,180,forward,0,0,0,1.1533711684715882,103.89484687978813
13:12:19,1.153461,103.894775,0,0,0,0,0,0,0,0,0,180,forward,0,0,0,1.1533711684715882,103.89484687978813
13:12:21,1.153461,103.894775,0,0,0,0,0,0,0,0,0,180,forward,0,0,0,1.1533711684715882,103.89484687978813
13:12:23,1.153461,103.894775,0,0,0,0,0,0,0,0,0,180,forward,0,0,0,1.1533711684715882,103.89484687978813
13:12:25,1.153461,103.894775,0,0,0,0,0,0,0,0,0,180,forward,0,0,0,1.1533711684715882,103.89484687978813
13:12:27,1.153461,103.894775,0,0,0,0,0,0,0,0,0,180,forward,0,0,0,1.1533711684715882,103.89484687978813
13:12:29,1.153461,103.894775,0,0,0,0,0,0,0,0,0,180,forward,0,0,0,1.1533711684715882,103.89484687978813
13:12:32,1.153461,103.894775,0,0,0,0,0,0,0,0,0,180,forward,0,0,0,1.1533711684715882,103.89484687978813
13:12:34,1.153461,103.894775,0,0,0,0,0,0,0,0,0,180,forward,0,0,0,1.1533711684715882,103.89484687978813
13:12:36,1.153461,103.894775,0,0,0,0,0,0,0,0,0,180,forward,0,0,0,1.1533711684715882,103.89484687978813
13:12:38,1.153461,103.894775,0,0,0,0,0,0,0,0,0,180,forward,0,0,0,1.1533711684715882,103.89484687978813
13:12:40,1.153461,103.894775,0,0,0,0,0,0,0,0,0,180,forward,0,0,0,1.1533711684715882,103.89484687978813
13:12:42,1.153461,103.894775,0,0,0,0,0,0,0,0,0,180,forward,0,0,0,1.1533711684715882,103.89484687978813
13:12:44,1.153461,103.894775,0,0,0,0,0,0,0,0,0,180,forward,0,0,0,1.1533711684715882,103.89484687978813
13:12:46,1.153461,103.894775,0,0,0,0,0,0,0,0,0,180,forward,0,0,0,1.1533711684715882,103.89484687978813
13:12:48,1.153461,103.894775,0,0,0,0,0,0,0,0,0,180,forward,0,0,0,1.1533711684715882,103.89484687978813
13:12:50,1.153461,103.894775,0,0,0,0,0,0,0,0,0,180,forward,0,0,0,1.1533711684715882,103.89484687978813
13:12:52,1.153461,103.894775,0,0,0,0,0,0,0,0,0,180,forward,0,0,0,1.1533711684715882,103.89484687978813
13:12:54,1.153461,103.894775,0,0,0,0,0,0,0,0,0,180,forward,0,0,0,1.1533711684715882,103.89484687978813
13:12:56,1.153461,103.894775,0,0,0,0,0,0,0,0,0,180,forward,0,0,0,1.1533711684715882,103.89484687978813
13:12:58,1.153461,103.894775,0,0,0,0,0,0,0,0,0,180,forward,0,0,0,1.1533711684715882,103.89484687978813
13:13:0,1.153461,103.894775,0,0,0,0,0,0,0,0,0,180,forward,0,0,0,1.1533711684715882,103.89484687978813
13:13:2,1.153461,103.894775,0,0,0,0,0,0,0,0,0,180,forward,0,0,0,1.1533711684715882,103.89484687978813
13:13:4,1.153461,103.894775,0,0,0,0,0,0,0,0,0,180,forward,0,0,0,1.1533711684715882,103.89484687978813
13:13:7,1.153461,103.894775,0,0,0,0,0,0,0,0,0,180,forward,0,0,0,1.1533711684715882,103.89484687978813
13:13:9,1.153461,103.894775,0,0,0,0,0,0,0,0,0,180,forward,0,0,0,1.1533711684715882,103.89484687978813
13:13:11,1.153461,103.894775,0,0,0,0,0,0,0,0,0,180,forward,0,0,0,1.1533711684715882,103.89484687978813
13:13:13,1.153461,103.894775,0,0,0,0,0,0,0,0,0,180,forward,0,0,0,1.1533711684715882,103.89484687978813
13:13:15,1.153461,103.894775,0,0,0,0,0,0,0,0,0,180,forward,0,0,0,1.1533711684715882,103.89484687978813
13:13:17,1.153461,103.894775,0,0,0,0,0,0,0,0,0,180,forward,0,0,0,1.1533711684715882,103.89484687978813
13:13:19,1.153461,103.894775,0,0,0,0,0,0,0,0,0,180,forward,0,0,0,1.1533711684715882,103.89484687978813
13:13:21,1.153461,103.894775,0,0,0,0,0,0,0,0,0,180,forward,0,0,0,1.1533711684715882,103.89484687978813
