waktu,latitude,longitude,propeller_speed1,propeller_speed2,propeller_speed3,propeller_speed4,str1_target,str2_target,str3_target,str4_target,heading,heading_target,navigation_mode_text,position_error,dir_error,payout,lat_chute,long_chute
10:51:17,1.6533388071438695,101.51929189617022,0,0,0,0,0,0,0,0,0,180,forward,0,0,0,1.6532489756154576,101.51936379132371
10:51:19,1.6533388071438695,101.51929189617022,0,0,0,0,0,0,0,0,0,180,forward,0,0,0,1.6532489756154576,101.51936379132371
10:51:22,1.6533388071438695,101.51929189617022,0,0,0,0,0,0,0,0,0,180,forward,0,0,0,1.6532489756154576,101.51936379132371
10:51:24,1.6533388071438695,101.51929189617022,0,0,0,0,0,0,0,0,0,180,forward,0,0,0,1.6532489756154576,101.51936379132371
10:51:26,1.6533388071438695,101.51929189617022,0,0,0,0,0,0,0,0,0,180,forward,0,0,0,1.6532489756154576,101.51936379132371
10:51:28,1.6533388071438695,101.51929189617022,0,0,0,0,0,0,0,0,0,180,forward,0,0,0,1.6532489756154576,101.51936379132371
10:51:30,1.6533388071438695,101.51929189617022,0,0,0,0,0,0,0,0,0,180,forward,0,0,100.0,1.6532489756154576,101.51936379132371
10:51:32,1.6533388071438695,101.51929189617022,0,0,0,0,0,0,0,0,0,180,forward,0,0,100.0,1.6532489756154576,101.51936379132371
10:51:34,1.6533388071438695,101.51929189617022,0,0,0,0,0,0,0,0,0,180,forward,0,0,100.0,1.6532489756154576,101.51936379132371
10:51:36,1.6533388071438695,101.51929189617022,0,0,0,0,0,0,0,0,0,180,forward,0,0,100.0,1.6532489756154576,101.51936379132371
10:51:39,1.6533388071438695,101.51929189617022,0,0,0,0,0,0,0,0,0,180,forward,0,0,100.0,1.6532489756154576,101.51936379132371
10:51:41,1.6533388071438695,101.51929189617022,0,0,0,0,0,0,0,0,0,180,forward,0,0,100.0,1.6532489756154576,101.51936379132371
10:51:43,1.6533388071438695,101.51929189617022,0,0,0,0,0,0,0,0,0,180,forward,0,0,100.0,1.6532489756154576,101.51936379132371
10:51:45,1.6533388071438695,101.51929189617022,0,0,0,0,0,0,0,0,0,180,forward,0,0,100.0,1.6532489756154576,101.51936379132371
10:51:47,1.6533388071438695,101.51929189617022,0,0,0,0,0,0,0,0,0,180,forward,0,0,100.0,1.6532489756154576,101.51936379132371
10:51:49,1.6533388071438695,101.51929189617022,0,0,0,0,0,0,0,0,0,180,forward,0,0,100.0,1.6532489756154576,101.51936379132371
10:51:52,1.6533388071438695,101.51929189617022,0,0,0,0,0,0,0,0,0,180,forward,0,0,100.0,1.6532489756154576,101.51936379132371
10:51:54,1.6533388071438695,101.51929189617022,0,0,0,0,0,0,0,0,0,180,forward,0,0,100.0,1.6532489756154576,101.51936379132371
10:51:56,1.6533388071438695,101.51929189617022,0,0,0,0,0,0,0,0,0,180,forward,0,0,100.0,1.6532489756154576,101.51936379132371
10:51:58,1.6533388071438695,101.51929189617022,0,0,0,0,0,0,0,0,0,180,forward,0,0,100.0,1.6532489756154576,101.51936379132371
10:52:00,1.6533388071438695,101.51929189617022,0,0,0,0,0,0,0,0,0,180,forward,0,0,100.0,1.6532489756154576,101.51936379132371
10:52:03,1.6533388071438695,101.51929189617022,0,0,0,0,0,0,0,0,0,180,forward,0,0,100.0,1.6532489756154576,101.51936379132371
10:52:05,1.6533388071438695,101.51929189617022,0,0,0,0,0,0,0,0,0,180,forward,0,0,100.0,1.6532489756154576,101.51936379132371
10:52:07,1.6533388071438695,101.51929189617022,0,0,0,0,0,0,0,0,0,180,forward,0,0,100.0,1.6532489756154576,101.51936379132371
10:52:09,1.6533388071438695,101.51929189617022,0,0,0,0,0,0,0,0,0,180,forward,0,0,100.0,1.6532489756154576,101.51936379132371
10:52:11,1.6533388071438695,101.51929189617022,0,0,0,0,0,0,0,0,0,180,forward,0,0,100.0,1.6532489756154576,101.51936379132371
10:52:13,1.6533388071438695,101.51929189617022,0,0,0,0,0,0,0,0,0,180,forward,0,0,100.0,1.6532489756154576,101.51936379132371
10:52:16,1.6533388071438695,101.51929189617022,0,0,0,0,0,0,0,0,0,180,forward,0,0,100.0,1.6532489756154576,101.51936379132371
10:52:18,1.6533388071438695,101.51929189617022,0,0,0,0,0,0,0,0,0,180,forward,0,0,100.0,1.6532489756154576,101.51936379132371
10:52:20,1.6533388071438695,101.51929189617022,0,0,0,0,0,0,0,0,0,180,forward,0,0,100.0,1.6532489756154576,101.51936379132371
10:52:22,1.6533388071438695,101.51929189617022,0,0,0,0,0,0,0,0,0,180,forward,0,0,100.0,1.6532489756154576,101.51936379132371
10:52:24,1.6533388071438695,101.51929189617022,0,0,0,0,0,0,0,0,0,180,forward,0,0,100.0,1.6532489756154576,101.51936379132371
10:52:27,1.6533388071438695,101.51929189617022,0,0,0,0,0,0,0,0,0,180,forward,0,0,110.0,1.6532489756154576,101.51936379132371
10:52:29,1.6533388071438695,101.51929189617022,0,0,0,0,0,0,0,0,0,180,forward,0,0,110.0,1.6532489756154576,101.51936379132371
10:52:31,1.6533388071438695,101.51929189617022,0,0,0,0,0,0,0,0,0,180,forward,0,0,110.0,1.6532489756154576,101.51936379132371
10:52:33,1.6533388071438695,101.51929189617022,0,0,0,0,0,0,0,0,0,180,forward,0,0,110.0,1.6532489756154576,101.51936379132371
10:52:35,1.6533388071438695,101.51929189617022,0,0,0,0,0,0,0,0,0,180,forward,0,0,110.0,1.6532489756154576,101.51936379132371
10:52:38,1.6533388071438695,101.51929189617022,0,0,0,0,0,0,0,0,0,180,forward,0,0,110.0,1.6532489756154576,101.51936379132371
10:52:40,1.6533388071438695,101.51929189617022,0,0,0,0,0,0,0,0,0,180,forward,0,0,110.0,1.6532489756154576,101.51936379132371
10:52:42,1.6533388071438695,101.51929189617022,0,0,0,0,0,0,0,0,0,180,forward,0,0,110.0,1.6532489756154576,101.51936379132371
10:52:44,1.6533388071438695,101.51929189617022,0,0,0,0,0,0,0,0,0,180,forward,0,0,110.0,1.6532489756154576,101.51936379132371
10:52:46,1.6533388071438695,101.51929189617022,0,0,0,0,0,0,0,0,0,180,forward,0,0,110.0,1.6532489756154576,101.51936379132371
10:52:49,1.6533388071438695,101.51929189617022,0,0,0,0,0,0,0,0,0,180,forward,0,0,110.0,1.6532489756154576,101.51936379132371
10:52:51,1.6533388071438695,101.51929189617022,0,0,0,0,0,0,0,0,0,180,forward,0,0,110.0,1.6532489756154576,101.51936379132371
10:52:53,1.6533388071438695,101.51929189617022,0,0,0,0,0,0,0,0,0,180,forward,0,0,110.0,1.6532489756154576,101.51936379132371
10:52:55,1.6533388071438695,101.51929189617022,0,0,0,0,0,0,0,0,0,180,forward,0,0,110.0,1.6532489756154576,101.51936379132371
10:52:57,1.6533388071438695,101.51929189617022,0,0,0,0,0,0,0,0,0,180,forward,0,0,110.0,1.6532489756154576,101.51936379132371
10:53:00,1.6533388071438695,101.51929189617022,0,0,0,0,0,0,0,0,0,180,forward,0,0,110.0,1.6532489756154576,101.51936379132371
10:53:02,1.6533388071438695,101.51929189617022,0,0,0,0,0,0,0,0,0,180,forward,0,0,110.0,1.6532489756154576,101.51936379132371
10:53:04,1.6533388071438695,101.51929189617022,0,0,0,0,0,0,0,0,0,180,forward,0,0,110.0,1.6532489756154576,101.51936379132371
10:53:06,1.6533388071438695,101.51929189617022,0,0,0,0,0,0,0,0,0,180,forward,0,0,110.0,1.6532489756154576,101.51936379132371
10:53:08,1.6533388071438695,101.51929189617022,0,0,0,0,0,0,0,0,0,180,forward,0,0,110.0,1.6532489756154576,101.51936379132371
10:53:10,1.6533388071438695,101.51929189617022,0,0,0,0,0,0,0,0,0,180,forward,0,0,110.0,1.6532489756154576,101.51936379132371
10:53:12,1.6533388071438695,101.51929189617022,0,0,0,0,0,0,0,0,0,180,forward,0,0,110.0,1.6532489756154576,101.51936379132371
10:53:15,1.6533388071438695,101.51929189617022,0,0,0,0,0,0,0,0,0,180,forward,0,0,110.0,1.6532489756154576,101.51936379132371
10:53:17,1.6533388071438695,101.51929189617022,0,0,0,0,0,0,0,0,0,180,forward,0,0,110.0,1.6532489756154576,101.51936379132371
10:53:19,1.6533388071438695,101.51929189617022,0,0,0,0,0,0,0,0,0,180,forward,0,0,110.0,1.6532489756154576,101.51936379132371
10:53:21,1.6533388071438695,101.51929189617022,0,0,0,0,0,0,0,0,0,180,forward,0,0,110.0,1.6532489756154576,101.51936379132371
10:53:23,1.6533388071438695,101.51929189617022,0,0,0,0,0,0,0,0,0,180,forward,0,0,110.0,1.6532489756154576,101.51936379132371
10:53:25,1.6533388071438695,101.51929189617022,0,0,0,0,0,0,0,0,0,180,forward,0,0,110.0,1.6532489756154576,101.51936379132371
10:53:28,1.6533388071438695,101.51929189617022,0,0,0,0,0,0,0,0,0,180,forward,0,0,110.0,1.6532489756154576,101.51936379132371
10:53:30,1.6533388071438695,101.51929189617022,0,0,0,0,0,0,0,0,0,180,forward,0,0,110.0,1.6532489756154576,101.51936379132371
10:53:32,1.6533388071438695,101.51929189617022,0,0,0,0,0,0,0,0,0,180,forward,0,0,110.0,1.6532489756154576,101.51936379132371
10:53:34,1.6533388071438695,101.51929189617022,0,0,0,0,0,0,0,0,0,180,forward,0,0,110.0,1.6532489756154576,101.51936379132371
10:53:36,1.6533388071438695,101.51929189617022,0,0,0,0,0,0,0,0,0,180,forward,0,0,110.0,1.6532489756154576,101.51936379132371
10:53:38,1.6533388071438695,101.51929189617022,0,0,0,0,0,0,0,0,0,180,forward,0,0,110.0,1.6532489756154576,101.51936379132371
10:53:41,1.6533388071438695,101.51929189617022,0,0,0,0,0,0,0,0,0,180,forward,0,0,110.0,1.6532489756154576,101.51936379132371
10:53:43,1.6533388071438695,101.51929189617022,0,0,0,0,0,0,0,0,0,180,forward,0,0,110.0,1.6532489756154576,101.51936379132371
10:53:45,1.6533388071438695,101.51929189617022,0,0,0,0,0,0,0,0,0,180,forward,0,0,110.0,1.6532489756154576,101.51936379132371
10:53:47,1.6533388071438695,101.51929189617022,0,0,0,0,0,0,0,0,0,180,forward,0,0,110.0,1.6532489756154576,101.51936379132371
10:53:49,1.6533388071438695,101.51929189617022,0,0,0,0,0,0,0,0,0,180,forward,0,0,110.0,1.6532489756154576,101.51936379132371
10:53:51,1.6533388071438695,101.51929189617022,0,0,0,0,0,0,0,0,0,180,forward,0,0,110.0,1.6532489756154576,101.51936379132371
10:53:54,1.6533388071438695,101.51929189617022,0,0,0,0,0,0,0,0,0,180,forward,0,0,110.0,1.6532489756154576,101.51936379132371
10:53:56,1.6533388071438695,101.51929189617022,0,0,0,0,0,0,0,0,0,180,forward,0,0,110.0,1.6532489756154576,101.51936379132371
10:53:58,1.6533388071438695,101.51929189617022,0,0,0,0,0,0,0,0,0,180,forward,0,0,110.0,1.6532489756154576,101.51936379132371
10:54:00,1.6533388071438695,101.51929189617022,0,0,0,0,0,0,0,0,0,180,forward,0,0,110.0,1.6532489756154576,101.51936379132371
10:54:02,1.6533388071438695,101.51929189617022,0,0,0,0,0,0,0,0,0,180,forward,0,0,110.0,1.6532489756154576,101.51936379132371
10:54:05,1.6533388071438695,101.51929189617022,0,0,0,0,0,0,0,0,0,180,forward,0,0,110.0,1.6532489756154576,101.51936379132371
10:54:07,1.6533388071438695,101.51929189617022,0,0,0,0,0,0,0,0,0,180,forward,0,0,110.0,1.6532489756154576,101.51936379132371
10:54:09,1.6533388071438695,101.51929189617022,0,0,0,0,0,0,0,0,0,180,forward,0,0,110.0,1.6532489756154576,101.51936379132371
10:54:11,1.6533388071438695,101.51929189617022,0,0,0,0,0,0,0,0,0,180,forward,0,0,110.0,1.6532489756154576,101.51936379132371
10:54:13,1.6533388071438695,101.51929189617022,0,0,0,0,0,0,0,0,0,180,forward,0,0,110.0,1.6532489756154576,101.51936379132371
10:54:15,1.6533388071438695,101.51929189617022,0,0,0,0,0,0,0,0,0,180,forward,0,0,110.0,1.6532489756154576,101.51936379132371
10:54:17,1.6533388071438695,101.51929189617022,0,0,0,0,0,0,0,0,0,180,forward,0,0,110.0,1.6532489756154576,101.51936379132371
10:54:19,1.6533388071438695,101.51929189617022,0,0,0,0,0,0,0,0,0,180,forward,0,0,110.0,1.6532489756154576,101.51936379132371
10:54:21,1.6533388071438695,101.51929189617022,0,0,0,0,0,0,0,0,0,180,forward,0,0,110.0,1.6532489756154576,101.51936379132371
10:54:23,1.6533388071438695,101.51929189617022,0,0,0,0,0,0,0,0,0,180,forward,0,0,110.0,1.6532489756154576,101.51936379132371
10:54:26,1.6533388071438695,101.51929189617022,0,0,0,0,0,0,0,0,0,180,forward,0,0,110.0,1.6532489756154576,101.51936379132371
10:54:28,1.6533388071438695,101.51929189617022,0,0,0,0,0,0,0,0,0,180,forward,0,0,110.0,1.6532489756154576,101.51936379132371
10:54:30,1.6533388071438695,101.51929189617022,0,0,0,0,0,0,0,0,0,180,forward,0,0,110.0,1.6532489756154576,101.51936379132371
10:54:32,1.6533388071438695,101.51929189617022,0,0,0,0,0,0,0,0,0,180,forward,0,0,110.0,1.6532489756154576,101.51936379132371
10:54:34,1.6533388071438695,101.51929189617022,0,0,0,0,0,0,0,0,0,180,forward,0,0,110.0,1.6532489756154576,101.51936379132371
10:54:36,1.6533388071438695,101.51929189617022,0,0,0,0,0,0,0,0,0,180,forward,0,0,110.0,1.6532489756154576,101.51936379132371
10:54:38,1.6533388071438695,101.51929189617022,0,0,0,0,0,0,0,0,0,180,forward,0,0,110.0,1.6532489756154576,101.51936379132371
10:54:41,1.6533388071438695,101.51929189617022,0,0,0,0,0,0,0,0,0,180,forward,0,0,110.0,1.6532489756154576,101.51936379132371
10:54:43,1.6533388071438695,101.51929189617022,0,0,0,0,0,0,0,0,0,180,forward,0,0,110.0,1.6532489756154576,101.51936379132371
10:54:45,1.6533388071438695,101.51929189617022,0,0,0,0,0,0,0,0,0,180,forward,0,0,110.0,1.6532489756154576,101.51936379132371
10:54:47,1.6533388071438695,101.51929189617022,0,0,0,0,0,0,0,0,0,180,forward,0,0,110.0,1.6532489756154576,101.51936379132371
10:54:49,1.6533388071438695,101.51929189617022,0,0,0,0,0,0,0,0,0,180,forward,0,0,110.0,1.6532489756154576,101.51936379132371
10:54:51,1.6533388071438695,101.51929189617022,0,0,0,0,0,0,0,0,0,180,forward,0,0,110.0,1.6532489756154576,101.51936379132371
10:54:54,1.6533388071438695,101.51929189617022,0,0,0,0,0,0,0,0,0,180,forward,0,0,110.0,1.6532489756154576,101.51936379132371
10:54:56,1.6533388071438695,101.51929189617022,0,0,0,0,0,0,0,0,0,180,forward,0,0,110.0,1.6532489756154576,101.51936379132371
10:54:58,1.6533388071438695,101.51929189617022,0,0,0,0,0,0,0,0,0,180,forward,0,0,110.0,1.6532489756154576,101.51936379132371
10:55:00,1.6533388071438695,101.51929189617022,0,0,0,0,0,0,0,0,0,180,forward,0,0,110.0,1.6532489756154576,101.51936379132371
10:55:02,1.6533388071438695,101.51929189617022,0,0,0,0,0,0,0,0,0,180,forward,0,0,110.0,1.6532489756154576,101.51936379132371
10:55:04,1.6533388071438695,101.51929189617022,0,0,0,0,0,0,0,0,0,180,forward,0,0,110.0,1.6532489756154576,101.51936379132371
10:55:07,1.6533388071438695,101.51929189617022,0,0,0,0,0,0,0,0,0,180,forward,0,0,110.0,1.6532489756154576,101.51936379132371
10:55:09,1.6533388071438695,101.51929189617022,0,0,0,0,0,0,0,0,0,180,forward,0,0,110.0,1.6532489756154576,101.51936379132371
10:55:11,1.6533388071438695,101.51929189617022,0,0,0,0,0,0,0,0,0,180,forward,0,0,110.0,1.6532489756154576,101.51936379132371
10:55:13,1.6533388071438695,101.51929189617022,0,0,0,0,0,0,0,0,0,180,forward,0,0,110.0,1.6532489756154576,101.51936379132371
10:55:15,1.6533388071438695,101.51929189617022,0,0,0,0,0,0,0,0,0,180,forward,0,0,110.0,1.6532489756154576,101.51936379132371
10:55:17,1.6533388071438695,101.51929189617022,0,0,0,0,0,0,0,0,0,180,forward,0,0,110.0,1.6532489756154576,101.51936379132371
10:55:20,1.6533388071438695,101.51929189617022,0,0,0,0,0,0,0,0,0,180,forward,0,0,110.0,1.6532489756154576,101.51936379132371
10:55:22,1.6533388071438695,101.51929189617022,0,0,0,0,0,0,0,0,0,180,forward,0,0,110.0,1.6532489756154576,101.51936379132371
10:55:24,1.6533388071438695,101.51929189617022,0,0,0,0,0,0,0,0,0,180,forward,0,0,110.0,1.6532489756154576,101.51936379132371
10:55:26,1.6533388071438695,101.51929189617022,0,0,0,0,0,0,0,0,0,180,forward,0,0,110.0,1.6532489756154576,101.51936379132371
10:55:28,1.6533388071438695,101.51929189617022,0,0,0,0,0,0,0,0,0,180,forward,0,0,110.0,1.6532489756154576,101.51936379132371
10:55:30,1.6533388071438695,101.51929189617022,0,0,0,0,0,0,0,0,0,180,forward,0,0,110.0,1.6532489756154576,101.51936379132371
10:55:32,1.6533388071438695,101.51929189617022,0,0,0,0,0,0,0,0,0,180,forward,0,0,110.0,1.6532489756154576,101.51936379132371
10:55:35,1.6533388071438695,101.51929189617022,0,0,0,0,0,0,0,0,0,180,forward,0,0,110.0,1.6532489756154576,101.51936379132371
10:55:37,1.6533388071438695,101.51929189617022,0,0,0,0,0,0,0,0,0,180,forward,0,0,110.0,1.6532489756154576,101.51936379132371
10:55:39,1.6533388071438695,101.51929189617022,0,0,0,0,0,0,0,0,0,180,forward,0,0,110.0,1.6532489756154576,101.51936379132371
10:55:41,1.6533388071438695,101.51929189617022,0,0,0,0,0,0,0,0,0,180,forward,0,0,110.0,1.6532489756154576,101.51936379132371
10:55:43,1.6533388071438695,101.51929189617022,0,0,0,0,0,0,0,0,0,180,forward,0,0,110.0,1.6532489756154576,101.51936379132371
10:55:45,1.6533388071438695,101.51929189617022,0,0,0,0,0,0,0,0,0,180,forward,0,0,110.0,1.6532489756154576,101.51936379132371
10:55:47,1.6533388071438695,101.51929189617022,0,0,0,0,0,0,0,0,0,180,forward,0,0,110.0,1.6532489756154576,101.51936379132371
10:55:49,1.6533388071438695,101.51929189617022,0,0,0,0,0,0,0,0,0,180,forward,0,0,110.0,1.6532489756154576,101.51936379132371
10:55:52,1.6533388071438695,101.51929189617022,0,0,0,0,0,0,0,0,0,180,forward,0,0,110.0,1.6532489756154576,101.51936379132371
10:55:54,1.6533388071438695,101.51929189617022,0,0,0,0,0,0,0,0,0,180,forward,0,0,110.0,1.6532489756154576,101.51936379132371
10:55:56,1.6533388071438695,101.51929189617022,0,0,0,0,0,0,0,0,0,180,forward,0,0,110.0,1.6532489756154576,101.51936379132371
10:55:58,1.6533388071438695,101.51929189617022,0,0,0,0,0,0,0,0,0,180,forward,0,0,110.0,1.6532489756154576,101.51936379132371
10:56:00,1.6533388071438695,101.51929189617022,0,0,0,0,0,0,0,0,0,180,forward,0,0,110.0,1.6532489756154576,101.51936379132371
10:56:03,1.6533388071438695,101.51929189617022,0,0,0,0,0,0,0,0,0,180,forward,0,0,110.0,1.6532489756154576,101.51936379132371
10:56:05,1.6533388071438695,101.51929189617022,0,0,0,0,0,0,0,0,0,180,forward,0,0,110.0,1.6532489756154576,101.51936379132371
10:56:07,1.6533388071438695,101.51929189617022,0,0,0,0,0,0,0,0,0,180,forward,0,0,110.0,1.6532489756154576,101.51936379132371
10:56:09,1.6533388071438695,101.51929189617022,0,0,0,0,0,0,0,0,0,180,forward,0,0,110.0,1.6532489756154576,101.51936379132371
10:56:11,1.6533388071438695,101.51929189617022,0,0,0,0,0,0,0,0,0,180,forward,0,0,110.0,1.6532489756154576,101.51936379132371
10:56:14,1.6533388071438695,101.51929189617022,0,0,0,0,0,0,0,0,0,180,forward,0,0,110.0,1.6532489756154576,101.51936379132371
10:56:16,1.6533388071438695,101.51929189617022,0,0,0,0,0,0,0,0,0,180,forward,0,0,110.0,1.6532489756154576,101.51936379132371
10:56:18,1.6533388071438695,101.51929189617022,0,0,0,0,0,0,0,0,0,180,forward,0,0,110.0,1.6532489756154576,101.51936379132371
10:56:20,1.6533388071438695,101.51929189617022,0,0,0,0,0,0,0,0,0,180,forward,0,0,110.0,1.6532489756154576,101.51936379132371
10:56:22,1.6533388071438695,101.51929189617022,0,0,0,0,0,0,0,0,0,180,forward,0,0,110.0,1.6532489756154576,101.51936379132371
10:56:25,1.6533388071438695,101.51929189617022,0,0,0,0,0,0,0,0,0,180,forward,0,0,110.0,1.6532489756154576,101.51936379132371
10:56:27,1.6533388071438695,101.51929189617022,0,0,0,0,0,0,0,0,0,180,forward,0,0,110.0,1.6532489756154576,101.51936379132371
10:56:29,1.6533388071438695,101.51929189617022,0,0,0,0,0,0,0,0,0,180,forward,0,0,110.0,1.6532489756154576,101.51936379132371
10:56:31,1.6533388071438695,101.51929189617022,0,0,0,0,0,0,0,0,0,180,forward,0,0,110.0,1.6532489756154576,101.51936379132371
10:56:33,1.6533388071438695,101.51929189617022,0,0,0,0,0,0,0,0,0,180,forward,0,0,110.0,1.6532489756154576,101.51936379132371
10:56:35,1.6533388071438695,101.51929189617022,0,0,0,0,0,0,0,0,0,180,forward,0,0,110.0,1.6532489756154576,101.51936379132371
10:56:38,1.6533388071438695,101.51929189617022,0,0,0,0,0,0,0,0,0,180,forward,0,0,110.0,1.6532489756154576,101.51936379132371
10:56:40,1.6533388071438695,101.51929189617022,0,0,0,0,0,0,0,0,0,180,forward,0,0,110.0,1.6532489756154576,101.51936379132371
10:56:42,1.6533388071438695,101.51929189617022,0,0,0,0,0,0,0,0,0,180,forward,0,0,110.0,1.6532489756154576,101.51936379132371
10:56:44,1.6533388071438695,101.51929189617022,0,0,0,0,0,0,0,0,0,180,forward,0,0,110.0,1.6532489756154576,101.51936379132371
10:56:46,1.6533388071438695,101.51929189617022,0,0,0,0,0,0,0,0,0,180,forward,0,0,110.0,1.6532489756154576,101.51936379132371
10:56:49,1.6533388071438695,101.51929189617022,0,0,0,0,0,0,0,0,0,180,forward,0,0,110.0,1.6532489756154576,101.51936379132371
10:56:51,1.6533388071438695,101.51929189617022,0,0,0,0,0,0,0,0,0,180,forward,0,0,110.0,1.6532489756154576,101.51936379132371
10:56:53,1.6533388071438695,101.51929189617022,0,0,0,0,0,0,0,0,0,180,forward,0,0,110.0,1.6532489756154576,101.51936379132371
10:56:55,1.6533388071438695,101.51929189617022,0,0,0,0,0,0,0,0,0,180,forward,0,0,110.0,1.6532489756154576,101.51936379132371
10:56:57,1.6533388071438695,101.51929189617022,0,0,0,0,0,0,0,0,0,180,forward,0,0,110.0,1.6532489756154576,101.51936379132371
10:56:59,1.6533388071438695,101.51929189617022,0,0,0,0,0,0,0,0,0,180,forward,0,0,110.0,1.6532489756154576,101.51936379132371
10:57:02,1.6533388071438695,101.51929189617022,0,0,0,0,0,0,0,0,0,180,forward,0,0,110.0,1.6532489756154576,101.51936379132371
10:57:04,1.6533388071438695,101.51929189617022,0,0,0,0,0,0,0,0,0,180,forward,0,0,110.0,1.6532489756154576,101.51936379132371
10:57:06,1.6533388071438695,101.51929189617022,0,0,0,0,0,0,0,0,0,180,forward,0,0,110.0,1.6532489756154576,101.51936379132371
10:57:08,1.6533388071438695,101.51929189617022,0,0,0,0,0,0,0,0,0,180,forward,0,0,110.0,1.6532489756154576,101.51936379132371
10:57:10,1.6533388071438695,101.51929189617022,0,0,0,0,0,0,0,0,0,180,forward,0,0,110.0,1.6532489756154576,101.51936379132371
10:57:12,1.6533388071438695,101.51929189617022,0,0,0,0,0,0,0,0,0,180,forward,0,0,110.0,1.6532489756154576,101.51936379132371
10:57:14,1.6533388071438695,101.51929189617022,0,0,0,0,0,0,0,0,0,180,forward,0,0,110.0,1.6532489756154576,101.51936379132371
10:57:17,1.6533388071438695,101.51929189617022,0,0,0,0,0,0,0,0,0,180,forward,0,0,110.0,1.6532489756154576,101.51936379132371
10:57:19,1.6533388071438695,101.51929189617022,0,0,0,0,0,0,0,0,0,180,forward,0,0,110.0,1.6532489756154576,101.51936379132371
10:57:21,1.6533388071438695,101.51929189617022,0,0,0,0,0,0,0,0,0,180,forward,0,0,110.0,1.6532489756154576,101.51936379132371
10:57:23,1.6533388071438695,101.51929189617022,0,0,0,0,0,0,0,0,0,180,forward,0,0,110.0,1.6532489756154576,101.51936379132371
10:57:25,1.6533388071438695,101.51929189617022,0,0,0,0,0,0,0,0,0,180,forward,0,0,110.0,1.6532489756154576,101.51936379132371
10:57:27,1.6533388071438695,101.51929189617022,0,0,0,0,0,0,0,0,0,180,forward,0,0,110.0,1.6532489756154576,101.51936379132371
10:57:30,1.6533388071438695,101.51929189617022,0,0,0,0,0,0,0,0,0,180,forward,0,0,110.0,1.6532489756154576,101.51936379132371
10:57:32,1.6533388071438695,101.51929189617022,0,0,0,0,0,0,0,0,0,180,forward,0,0,110.0,1.6532489756154576,101.51936379132371
10:57:34,1.6533388071438695,101.51929189617022,0,0,0,0,0,0,0,0,0,180,forward,0,0,110.0,1.6532489756154576,101.51936379132371
10:57:36,1.6533388071438695,101.51929189617022,0,0,0,0,0,0,0,0,0,180,forward,0,0,110.0,1.6532489756154576,101.51936379132371
10:57:38,1.6533388071438695,101.51929189617022,0,0,0,0,0,0,0,0,0,180,forward,0,0,110.0,1.6532489756154576,101.51936379132371
10:57:40,1.6533388071438695,101.51929189617022,0,0,0,0,0,0,0,0,0,180,forward,0,0,110.0,1.6532489756154576,101.51936379132371
10:57:43,1.6533388071438695,101.51929189617022,0,0,0,0,0,0,0,0,0,180,forward,0,0,110.0,1.6532489756154576,101.51936379132371
10:57:45,1.6533388071438695,101.51929189617022,0,0,0,0,0,0,0,0,0,180,forward,0,0,110.0,1.6532489756154576,101.51936379132371
10:57:47,1.6533388071438695,101.51929189617022,0,0,0,0,0,0,0,0,0,180,forward,0,0,110.0,1.6532489756154576,101.51936379132371
10:57:49,1.6533388071438695,101.51929189617022,0,0,0,0,0,0,0,0,0,180,forward,0,0,110.0,1.6532489756154576,101.51936379132371
10:57:51,1.6533388071438695,101.51929189617022,0,0,0,0,0,0,0,0,0,180,forward,0,0,110.0,1.6532489756154576,101.51936379132371
10:57:53,1.6533388071438695,101.51929189617022,0,0,0,0,0,0,0,0,0,180,forward,0,0,110.0,1.6532489756154576,101.51936379132371
10:57:55,1.6533388071438695,101.51929189617022,0,0,0,0,0,0,0,0,0,180,forward,0,0,110.0,1.6532489756154576,101.51936379132371
10:57:58,1.6533388071438695,101.51929189617022,0,0,0,0,0,0,0,0,0,180,forward,0,0,110.0,1.6532489756154576,101.51936379132371
10:58:00,1.6533388071438695,101.51929189617022,0,0,0,0,0,0,0,0,0,180,forward,0,0,110.0,1.6532489756154576,101.51936379132371
10:58:02,1.6533388071438695,101.51929189617022,0,0,0,0,0,0,0,0,0,180,forward,0,0,110.0,1.6532489756154576,101.51936379132371
10:58:04,1.6533388071438695,101.51929189617022,0,0,0,0,0,0,0,0,0,180,forward,0,0,110.0,1.6532489756154576,101.51936379132371
10:58:06,1.6533388071438695,101.51929189617022,0,0,0,0,0,0,0,0,0,180,forward,0,0,110.0,1.6532489756154576,101.51936379132371
10:58:08,1.6533388071438695,101.51929189617022,0,0,0,0,0,0,0,0,0,180,forward,0,0,110.0,1.6532489756154576,101.51936379132371
10:58:10,1.6533388071438695,101.51929189617022,0,0,0,0,0,0,0,0,0,180,forward,0,0,110.0,1.6532489756154576,101.51936379132371
10:58:12,1.6533388071438695,101.51929189617022,0,0,0,0,0,0,0,0,0,180,forward,0,0,110.0,1.6532489756154576,101.51936379132371
10:58:15,1.6533388071438695,101.51929189617022,0,0,0,0,0,0,0,0,0,180,forward,0,0,110.0,1.6532489756154576,101.51936379132371
10:58:17,1.6533388071438695,101.51929189617022,0,0,0,0,0,0,0,0,0,180,forward,0,0,110.0,1.6532489756154576,101.51936379132371
10:58:19,1.6533388071438695,101.51929189617022,0,0,0,0,0,0,0,0,0,180,forward,0,0,110.0,1.6532489756154576,101.51936379132371
10:58:21,1.6533388071438695,101.51929189617022,0,0,0,0,0,0,0,0,0,180,forward,0,0,110.0,1.6532489756154576,101.51936379132371
10:58:23,1.6533388071438695,101.51929189617022,0,0,0,0,0,0,0,0,0,180,forward,0,0,110.0,1.6532489756154576,101.51936379132371
10:58:25,1.6533388071438695,101.51929189617022,0,0,0,0,0,0,0,0,0,180,forward,0,0,110.0,1.6532489756154576,101.51936379132371
10:58:27,1.6533388071438695,101.51929189617022,0,0,0,0,0,0,0,0,0,180,forward,0,0,110.0,1.6532489756154576,101.51936379132371
10:58:29,1.6533388071438695,101.51929189617022,0,0,0,0,0,0,0,0,0,180,forward,0,0,110.0,1.6532489756154576,101.51936379132371
10:58:32,1.6533388071438695,101.51929189617022,0,0,0,0,0,0,0,0,0,180,forward,0,0,110.0,1.6532489756154576,101.51936379132371
10:58:34,1.6533388071438695,101.51929189617022,0,0,0,0,0,0,0,0,0,180,forward,0,0,110.0,1.6532489756154576,101.51936379132371
10:58:36,1.6533388071438695,101.51929189617022,0,0,0,0,0,0,0,0,0,180,forward,0,0,110.0,1.6532489756154576,101.51936379132371
10:58:38,1.6533388071438695,101.51929189617022,0,0,0,0,0,0,0,0,0,180,forward,0,0,110.0,1.6532489756154576,101.51936379132371
10:58:40,1.6533388071438695,101.51929189617022,0,0,0,0,0,0,0,0,0,180,forward,0,0,110.0,1.6532489756154576,101.51936379132371
10:58:42,1.6533388071438695,101.51929189617022,0,0,0,0,0,0,0,0,0,180,forward,0,0,110.0,1.6532489756154576,101.51936379132371
10:58:45,1.6533388071438695,101.51929189617022,0,0,0,0,0,0,0,0,0,180,forward,0,0,110.0,1.6532489756154576,101.51936379132371
10:58:47,1.6533388071438695,101.51929189617022,0,0,0,0,0,0,0,0,0,180,forward,0,0,110.0,1.6532489756154576,101.51936379132371
10:58:49,1.6533388071438695,101.51929189617022,0,0,0,0,0,0,0,0,0,180,forward,0,0,110.0,1.6532489756154576,101.51936379132371
10:58:51,1.6533388071438695,101.51929189617022,0,0,0,0,0,0,0,0,0,180,forward,0,0,110.0,1.6532489756154576,101.51936379132371
10:58:53,1.6533388071438695,101.51929189617022,0,0,0,0,0,0,0,0,0,180,forward,0,0,110.0,1.6532489756154576,101.51936379132371
10:58:55,1.6533388071438695,101.51929189617022,0,0,0,0,0,0,0,0,0,180,forward,0,0,110.0,1.6532489756154576,101.51936379132371
10:58:57,1.6533388071438695,101.51929189617022,0,0,0,0,0,0,0,0,0,180,forward,0,0,110.0,1.6532489756154576,101.51936379132371
10:59:00,1.6533388071438695,101.51929189617022,0,0,0,0,0,0,0,0,0,180,forward,0,0,110.0,1.6532489756154576,101.51936379132371
10:59:02,1.6533388071438695,101.51929189617022,0,0,0,0,0,0,0,0,0,180,forward,0,0,110.0,1.6532489756154576,101.51936379132371
10:59:04,1.6533388071438695,101.51929189617022,0,0,0,0,0,0,0,0,0,180,forward,0,0,110.0,1.6532489756154576,101.51936379132371
10:59:06,1.6533388071438695,101.51929189617022,0,0,0,0,0,0,0,0,0,180,forward,0,0,110.0,1.6532489756154576,101.51936379132371
10:59:08,1.6533388071438695,101.51929189617022,0,0,0,0,0,0,0,0,0,180,forward,0,0,110.0,1.6532489756154576,101.51936379132371
10:59:10,1.6533388071438695,101.51929189617022,0,0,0,0,0,0,0,0,0,180,forward,0,0,110.0,1.6532489756154576,101.51936379132371
10:59:12,1.6533388071438695,101.51929189617022,0,0,0,0,0,0,0,0,0,180,forward,0,0,110.0,1.6532489756154576,101.51936379132371
10:59:14,1.6533388071438695,101.51929189617022,0,0,0,0,0,0,0,0,0,180,forward,0,0,110.0,1.6532489756154576,101.51936379132371
10:59:17,1.6533388071438695,101.51929189617022,0,0,0,0,0,0,0,0,0,180,forward,0,0,110.0,1.6532489756154576,101.51936379132371
10:59:19,1.6533388071438695,101.51929189617022,0,0,0,0,0,0,0,0,0,180,forward,0,0,110.0,1.6532489756154576,101.51936379132371
10:59:21,1.6533388071438695,101.51929189617022,0,0,0,0,0,0,0,0,0,180,forward,0,0,110.0,1.6532489756154576,101.51936379132371
10:59:23,1.6533388071438695,101.51929189617022,0,0,0,0,0,0,0,0,0,180,forward,0,0,110.0,1.6532489756154576,101.51936379132371
10:59:25,1.6533388071438695,101.51929189617022,0,0,0,0,0,0,0,0,0,180,forward,0,0,110.0,1.6532489756154576,101.51936379132371
10:59:28,1.6533388071438695,101.51929189617022,0,0,0,0,0,0,0,0,0,180,forward,0,0,110.0,1.6532489756154576,101.51936379132371
10:59:30,1.6533388071438695,101.51929189617022,0,0,0,0,0,0,0,0,0,180,forward,0,0,110.0,1.6532489756154576,101.51936379132371
10:59:32,1.6533388071438695,101.51929189617022,0,0,0,0,0,0,0,0,0,180,forward,0,0,110.0,1.6532489756154576,101.51936379132371
10:59:34,1.6533388071438695,101.51929189617022,0,0,0,0,0,0,0,0,0,180,forward,0,0,110.0,1.6532489756154576,101.51936379132371
10:59:36,1.6533388071438695,101.51929189617022,0,0,0,0,0,0,0,0,0,180,forward,0,0,110.0,1.6532489756154576,101.51936379132371
10:59:38,1.6533388071438695,101.51929189617022,0,0,0,0,0,0,0,0,0,180,forward,0,0,110.0,1.6532489756154576,101.51936379132371
10:59:40,1.6533388071438695,101.51929189617022,0,0,0,0,0,0,0,0,0,180,forward,0,0,110.0,1.6532489756154576,101.51936379132371
10:59:43,1.6533388071438695,101.51929189617022,0,0,0,0,0,0,0,0,0,180,forward,0,0,110.0,1.6532489756154576,101.51936379132371
10:59:45,1.6533388071438695,101.51929189617022,0,0,0,0,0,0,0,0,0,180,forward,0,0,110.0,1.6532489756154576,101.51936379132371
10:59:47,1.6533388071438695,101.51929189617022,0,0,0,0,0,0,0,0,0,180,forward,0,0,110.0,1.6532489756154576,101.51936379132371
10:59:49,1.6533388071438695,101.51929189617022,0,0,0,0,0,0,0,0,0,180,forward,0,0,110.0,1.6532489756154576,101.51936379132371
10:59:51,1.6533388071438695,101.51929189617022,0,0,0,0,0,0,0,0,0,180,forward,0,0,110.0,1.6532489756154576,101.51936379132371
10:59:54,1.6533388071438695,101.51929189617022,0,0,0,0,0,0,0,0,0,180,forward,0,0,110.0,1.6532489756154576,101.51936379132371
10:59:56,1.6533388071438695,101.51929189617022,0,0,0,0,0,0,0,0,0,180,forward,0,0,110.0,1.6532489756154576,101.51936379132371
10:59:58,1.6533388071438695,101.51929189617022,0,0,0,0,0,0,0,0,0,180,forward,0,0,110.0,1.6532489756154576,101.51936379132371
11:00:00,1.6533388071438695,101.51929189617022,0,0,0,0,0,0,0,0,0,180,forward,0,0,110.0,1.6532489756154576,101.51936379132371
11:00:02,1.6533388071438695,101.51929189617022,0,0,0,0,0,0,0,0,0,180,forward,0,0,110.0,1.6532489756154576,101.51936379132371
11:00:04,1.6533388071438695,101.51929189617022,0,0,0,0,0,0,0,0,0,180,forward,0,0,110.0,1.6532489756154576,101.51936379132371
11:00:06,1.6533388071438695,101.51929189617022,0,0,0,0,0,0,0,0,0,180,forward,0,0,110.0,1.6532489756154576,101.51936379132371
11:00:08,1.6533388071438695,101.51929189617022,0,0,0,0,0,0,0,0,0,180,forward,0,0,110.0,1.6532489756154576,101.51936379132371
11:00:11,1.6533388071438695,101.51929189617022,0,0,0,0,0,0,0,0,0,180,forward,0,0,110.0,1.6532489756154576,101.51936379132371
11:00:13,1.6533388071438695,101.51929189617022,0,0,0,0,0,0,0,0,0,180,forward,0,0,110.0,1.6532489756154576,101.51936379132371
11:00:15,1.6533388071438695,101.51929189617022,0,0,0,0,0,0,0,0,0,180,forward,0,0,110.0,1.6532489756154576,101.51936379132371
11:00:17,1.6533388071438695,101.51929189617022,0,0,0,0,0,0,0,0,0,180,forward,0,0,110.0,1.6532489756154576,101.51936379132371
11:00:19,1.6533388071438695,101.51929189617022,0,0,0,0,0,0,0,0,0,180,forward,0,0,110.0,1.6532489756154576,101.51936379132371
11:00:21,1.6533388071438695,101.51929189617022,0,0,0,0,0,0,0,0,0,180,forward,0,0,110.0,1.6532489756154576,101.51936379132371
11:00:24,1.6533388071438695,101.51929189617022,0,0,0,0,0,0,0,0,0,180,forward,0,0,110.0,1.6532489756154576,101.51936379132371
11:00:26,1.6533388071438695,101.51929189617022,0,0,0,0,0,0,0,0,0,180,forward,0,0,110.0,1.6532489756154576,101.51936379132371
11:00:28,1.6533388071438695,101.51929189617022,0,0,0,0,0,0,0,0,0,180,forward,0,0,110.0,1.6532489756154576,101.51936379132371
11:00:30,1.6533388071438695,101.51929189617022,0,0,0,0,0,0,0,0,0,180,forward,0,0,110.0,1.6532489756154576,101.51936379132371
11:00:32,1.6533388071438695,101.51929189617022,0,0,0,0,0,0,0,0,0,180,forward,0,0,110.0,1.6532489756154576,101.51936379132371
11:00:34,1.6533388071438695,101.51929189617022,0,0,0,0,0,0,0,0,0,180,forward,0,0,110.0,1.6532489756154576,101.51936379132371
11:00:36,1.6533388071438695,101.51929189617022,0,0,0,0,0,0,0,0,0,180,forward,0,0,110.0,1.6532489756154576,101.51936379132371
11:00:39,1.6533388071438695,101.51929189617022,0,0,0,0,0,0,0,0,0,180,forward,0,0,110.0,1.6532489756154576,101.51936379132371
11:00:41,1.6533388071438695,101.51929189617022,0,0,0,0,0,0,0,0,0,180,forward,0,0,110.0,1.6532489756154576,101.51936379132371
11:00:43,1.6533388071438695,101.51929189617022,0,0,0,0,0,0,0,0,0,180,forward,0,0,110.0,1.6532489756154576,101.51936379132371
11:00:45,1.6533388071438695,101.51929189617022,0,0,0,0,0,0,0,0,0,180,forward,0,0,110.0,1.6532489756154576,101.51936379132371
11:00:47,1.6533388071438695,101.51929189617022,0,0,0,0,0,0,0,0,0,180,forward,0,0,110.0,1.6532489756154576,101.51936379132371
11:00:49,1.6533388071438695,101.51929189617022,0,0,0,0,0,0,0,0,0,180,forward,0,0,110.0,1.6532489756154576,101.51936379132371
11:00:52,1.6533388071438695,101.51929189617022,0,0,0,0,0,0,0,0,0,180,forward,0,0,110.0,1.6532489756154576,101.51936379132371
11:00:54,1.6533388071438695,101.51929189617022,0,0,0,0,0,0,0,0,0,180,forward,0,0,110.0,1.6532489756154576,101.51936379132371
11:00:56,1.6533388071438695,101.51929189617022,0,0,0,0,0,0,0,0,0,180,forward,0,0,110.0,1.6532489756154576,101.51936379132371
11:00:58,1.6533388071438695,101.51929189617022,0,0,0,0,0,0,0,0,0,180,forward,0,0,110.0,1.6532489756154576,101.51936379132371
11:01:00,1.6533388071438695,101.51929189617022,0,0,0,0,0,0,0,0,0,180,forward,0,0,110.0,1.6532489756154576,101.51936379132371
11:01:02,1.6533388071438695,101.51929189617022,0,0,0,0,0,0,0,0,0,180,forward,0,0,110.0,1.6532489756154576,101.51936379132371
11:01:05,1.6533388071438695,101.51929189617022,0,0,0,0,0,0,0,0,0,180,forward,0,0,110.0,1.6532489756154576,101.51936379132371
11:01:07,1.6533388071438695,101.51929189617022,0,0,0,0,0,0,0,0,0,180,forward,0,0,110.0,1.6532489756154576,101.51936379132371
11:01:09,1.6533388071438695,101.51929189617022,0,0,0,0,0,0,0,0,0,180,forward,0,0,110.0,1.6532489756154576,101.51936379132371
11:01:11,1.6533388071438695,101.51929189617022,0,0,0,0,0,0,0,0,0,180,forward,0,0,110.0,1.6532489756154576,101.51936379132371
11:01:13,1.6533388071438695,101.51929189617022,0,0,0,0,0,0,0,0,0,180,forward,0,0,110.0,1.6532489756154576,101.51936379132371
11:01:16,1.6533388071438695,101.51929189617022,0,0,0,0,0,0,0,0,0,180,forward,0,0,110.0,1.6532489756154576,101.51936379132371
11:01:18,1.6533388071438695,101.51929189617022,0,0,0,0,0,0,0,0,0,180,forward,0,0,110.0,1.6532489756154576,101.51936379132371
11:01:20,1.6533388071438695,101.51929189617022,0,0,0,0,0,0,0,0,0,180,forward,0,0,110.0,1.6532489756154576,101.51936379132371
11:01:22,1.6533388071438695,101.51929189617022,0,0,0,0,0,0,0,0,0,180,forward,0,0,110.0,1.6532489756154576,101.51936379132371
11:01:24,1.6533388071438695,101.51929189617022,0,0,0,0,0,0,0,0,0,180,forward,0,0,110.0,1.6532489756154576,101.51936379132371
11:01:26,1.6533388071438695,101.51929189617022,0,0,0,0,0,0,0,0,0,180,forward,0,0,110.0,1.6532489756154576,101.51936379132371
11:01:29,1.6533388071438695,101.51929189617022,0,0,0,0,0,0,0,0,0,180,forward,0,0,110.0,1.6532489756154576,101.51936379132371
11:01:31,1.6533388071438695,101.51929189617022,0,0,0,0,0,0,0,0,0,180,forward,0,0,110.0,1.6532489756154576,101.51936379132371
11:01:33,1.6533388071438695,101.51929189617022,0,0,0,0,0,0,0,0,0,180,forward,0,0,110.0,1.6532489756154576,101.51936379132371
11:01:35,1.6533388071438695,101.51929189617022,0,0,0,0,0,0,0,0,0,180,forward,0,0,110.0,1.6532489756154576,101.51936379132371
11:01:37,1.6533388071438695,101.51929189617022,0,0,0,0,0,0,0,0,0,180,forward,0,0,110.0,1.6532489756154576,101.51936379132371
11:01:40,1.6533388071438695,101.51929189617022,0,0,0,0,0,0,0,0,0,180,forward,0,0,110.0,1.6532489756154576,101.51936379132371
11:01:42,1.6533388071438695,101.51929189617022,0,0,0,0,0,0,0,0,0,180,forward,0,0,110.0,1.6532489756154576,101.51936379132371
11:01:44,1.6533388071438695,101.51929189617022,0,0,0,0,0,0,0,0,0,180,forward,0,0,110.0,1.6532489756154576,101.51936379132371
11:01:46,1.6533388071438695,101.51929189617022,0,0,0,0,0,0,0,0,0,180,forward,0,0,110.0,1.6532489756154576,101.51936379132371
11:01:48,1.6533388071438695,101.51929189617022,0,0,0,0,0,0,0,0,0,180,forward,0,0,110.0,1.6532489756154576,101.51936379132371
11:01:50,1.6533388071438695,101.51929189617022,0,0,0,0,0,0,0,0,0,180,forward,0,0,110.0,1.6532489756154576,101.51936379132371
11:01:53,1.6533388071438695,101.51929189617022,0,0,0,0,0,0,0,0,0,180,forward,0,0,110.0,1.6532489756154576,101.51936379132371
11:01:55,1.6533388071438695,101.51929189617022,0,0,0,0,0,0,0,0,0,180,forward,0,0,110.0,1.6532489756154576,101.51936379132371
11:01:57,1.6533388071438695,101.51929189617022,0,0,0,0,0,0,0,0,0,180,forward,0,0,110.0,1.6532489756154576,101.51936379132371
11:01:59,1.6533388071438695,101.51929189617022,0,0,0,0,0,0,0,0,0,180,forward,0,0,110.0,1.6532489756154576,101.51936379132371
11:02:01,1.6533388071438695,101.51929189617022,0,0,0,0,0,0,0,0,0,180,forward,0,0,110.0,1.6532489756154576,101.51936379132371
11:02:04,1.6533388071438695,101.51929189617022,0,0,0,0,0,0,0,0,0,180,forward,0,0,110.0,1.6532489756154576,101.51936379132371
11:02:06,1.6533388071438695,101.51929189617022,0,0,0,0,0,0,0,0,0,180,forward,0,0,110.0,1.6532489756154576,101.51936379132371
11:02:08,1.6533388071438695,101.51929189617022,0,0,0,0,0,0,0,0,0,180,forward,0,0,110.0,1.6532489756154576,101.51936379132371
11:02:10,1.6533388071438695,101.51929189617022,0,0,0,0,0,0,0,0,0,180,forward,0,0,110.0,1.6532489756154576,101.51936379132371
11:02:12,1.6533388071438695,101.51929189617022,0,0,0,0,0,0,0,0,0,180,forward,0,0,110.0,1.6532489756154576,101.51936379132371
11:02:14,1.6533388071438695,101.51929189617022,0,0,0,0,0,0,0,0,0,180,forward,0,0,110.0,1.6532489756154576,101.51936379132371
11:02:17,1.6533388071438695,101.51929189617022,0,0,0,0,0,0,0,0,0,180,forward,0,0,110.0,1.6532489756154576,101.51936379132371
11:02:19,1.6533388071438695,101.51929189617022,0,0,0,0,0,0,0,0,0,180,forward,0,0,110.0,1.6532489756154576,101.51936379132371
11:02:21,1.6533388071438695,101.51929189617022,0,0,0,0,0,0,0,0,0,180,forward,0,0,110.0,1.6532489756154576,101.51936379132371
11:02:23,1.6533388071438695,101.51929189617022,0,0,0,0,0,0,0,0,0,180,forward,0,0,110.0,1.6532489756154576,101.51936379132371
11:02:25,1.6533388071438695,101.51929189617022,0,0,0,0,0,0,0,0,0,180,forward,0,0,110.0,1.6532489756154576,101.51936379132371
11:02:27,1.6533388071438695,101.51929189617022,0,0,0,0,0,0,0,0,0,180,forward,0,0,110.0,1.6532489756154576,101.51936379132371
11:02:30,1.6533388071438695,101.51929189617022,0,0,0,0,0,0,0,0,0,180,forward,0,0,110.0,1.6532489756154576,101.51936379132371
11:02:32,1.6533388071438695,101.51929189617022,0,0,0,0,0,0,0,0,0,180,forward,0,0,110.0,1.6532489756154576,101.51936379132371
11:02:34,1.6533388071438695,101.51929189617022,0,0,0,0,0,0,0,0,0,180,forward,0,0,110.0,1.6532489756154576,101.51936379132371
11:02:36,1.6533388071438695,101.51929189617022,0,0,0,0,0,0,0,0,0,180,forward,0,0,110.0,1.6532489756154576,101.51936379132371
11:02:38,1.6533388071438695,101.51929189617022,0,0,0,0,0,0,0,0,0,180,forward,0,0,110.0,1.6532489756154576,101.51936379132371
11:02:41,1.6533388071438695,101.51929189617022,0,0,0,0,0,0,0,0,0,180,forward,0,0,110.0,1.6532489756154576,101.51936379132371
11:02:43,1.6533388071438695,101.51929189617022,0,0,0,0,0,0,0,0,0,180,forward,0,0,110.0,1.6532489756154576,101.51936379132371
11:02:45,1.6533388071438695,101.51929189617022,0,0,0,0,0,0,0,0,0,180,forward,0,0,110.0,1.6532489756154576,101.51936379132371
11:02:47,1.6533388071438695,101.51929189617022,0,0,0,0,0,0,0,0,0,180,forward,0,0,110.0,1.6532489756154576,101.51936379132371
11:02:49,1.6533388071438695,101.51929189617022,0,0,0,0,0,0,0,0,0,180,forward,0,0,110.0,1.6532489756154576,101.51936379132371
11:02:51,1.6533388071438695,101.51929189617022,0,0,0,0,0,0,0,0,0,180,forward,0,0,110.0,1.6532489756154576,101.51936379132371
11:02:53,1.6533388071438695,101.51929189617022,0,0,0,0,0,0,0,0,0,180,forward,0,0,110.0,1.6532489756154576,101.51936379132371
11:02:55,1.6533388071438695,101.51929189617022,0,0,0,0,0,0,0,0,0,180,forward,0,0,110.0,1.6532489756154576,101.51936379132371
11:02:58,1.6533388071438695,101.51929189617022,0,0,0,0,0,0,0,0,0,180,forward,0,0,110.0,1.6532489756154576,101.51936379132371
11:03:00,1.6533388071438695,101.51929189617022,0,0,0,0,0,0,0,0,0,180,forward,0,0,110.0,1.6532489756154576,101.51936379132371
11:03:02,1.6533388071438695,101.51929189617022,0,0,0,0,0,0,0,0,0,180,forward,0,0,110.0,1.6532489756154576,101.51936379132371
11:03:04,1.6533388071438695,101.51929189617022,0,0,0,0,0,0,0,0,0,180,forward,0,0,110.0,1.6532489756154576,101.51936379132371
11:03:06,1.6533388071438695,101.51929189617022,0,0,0,0,0,0,0,0,0,180,forward,0,0,110.0,1.6532489756154576,101.51936379132371
11:03:08,1.6533388071438695,101.51929189617022,0,0,0,0,0,0,0,0,0,180,forward,0,0,110.0,1.6532489756154576,101.51936379132371
11:03:10,1.6533388071438695,101.51929189617022,0,0,0,0,0,0,0,0,0,180,forward,0,0,110.0,1.6532489756154576,101.51936379132371
11:03:13,1.6533388071438695,101.51929189617022,0,0,0,0,0,0,0,0,0,180,forward,0,0,110.0,1.6532489756154576,101.51936379132371
11:03:15,1.6533388071438695,101.51929189617022,0,0,0,0,0,0,0,0,0,180,forward,0,0,110.0,1.6532489756154576,101.51936379132371
11:03:17,1.6533388071438695,101.51929189617022,0,0,0,0,0,0,0,0,0,180,forward,0,0,110.0,1.6532489756154576,101.51936379132371
11:03:19,1.6533388071438695,101.51929189617022,0,0,0,0,0,0,0,0,0,180,forward,0,0,110.0,1.6532489756154576,101.51936379132371
11:03:21,1.6533388071438695,101.51929189617022,0,0,0,0,0,0,0,0,0,180,forward,0,0,110.0,1.6532489756154576,101.51936379132371
11:03:23,1.6533388071438695,101.51929189617022,0,0,0,0,0,0,0,0,0,180,forward,0,0,110.0,1.6532489756154576,101.51936379132371
11:03:26,1.6533388071438695,101.51929189617022,0,0,0,0,0,0,0,0,0,180,forward,0,0,110.0,1.6532489756154576,101.51936379132371
11:03:28,1.6533388071438695,101.51929189617022,0,0,0,0,0,0,0,0,0,180,forward,0,0,110.0,1.6532489756154576,101.51936379132371
11:03:30,1.6533388071438695,101.51929189617022,0,0,0,0,0,0,0,0,0,180,forward,0,0,110.0,1.6532489756154576,101.51936379132371
11:03:32,1.6533388071438695,101.51929189617022,0,0,0,0,0,0,0,0,0,180,forward,0,0,110.0,1.6532489756154576,101.51936379132371
11:03:34,1.6533388071438695,101.51929189617022,0,0,0,0,0,0,0,0,0,180,forward,0,0,110.0,1.6532489756154576,101.51936379132371
11:03:36,1.6533388071438695,101.51929189617022,0,0,0,0,0,0,0,0,0,180,forward,0,0,110.0,1.6532489756154576,101.51936379132371
11:03:39,1.6533388071438695,101.51929189617022,0,0,0,0,0,0,0,0,0,180,forward,0,0,110.0,1.6532489756154576,101.51936379132371
11:03:41,1.6533388071438695,101.51929189617022,0,0,0,0,0,0,0,0,0,180,forward,0,0,110.0,1.6532489756154576,101.51936379132371
11:03:43,1.6533388071438695,101.51929189617022,0,0,0,0,0,0,0,0,0,180,forward,0,0,110.0,1.6532489756154576,101.51936379132371
11:03:45,1.6533388071438695,101.51929189617022,0,0,0,0,0,0,0,0,0,180,forward,0,0,110.0,1.6532489756154576,101.51936379132371
11:03:47,1.6533388071438695,101.51929189617022,0,0,0,0,0,0,0,0,0,180,forward,0,0,110.0,1.6532489756154576,101.51936379132371
11:03:49,1.6533388071438695,101.51929189617022,0,0,0,0,0,0,0,0,0,180,forward,0,0,110.0,1.6532489756154576,101.51936379132371
11:03:52,1.6533388071438695,101.51929189617022,0,0,0,0,0,0,0,0,0,180,forward,0,0,110.0,1.6532489756154576,101.51936379132371
11:03:54,1.6533388071438695,101.51929189617022,0,0,0,0,0,0,0,0,0,180,forward,0,0,110.0,1.6532489756154576,101.51936379132371
11:03:56,1.6533388071438695,101.51929189617022,0,0,0,0,0,0,0,0,0,180,forward,0,0,110.0,1.6532489756154576,101.51936379132371
11:03:58,1.6533388071438695,101.51929189617022,0,0,0,0,0,0,0,0,0,180,forward,0,0,110.0,1.6532489756154576,101.51936379132371
11:04:00,1.6533388071438695,101.51929189617022,0,0,0,0,0,0,0,0,0,180,forward,0,0,110.0,1.6532489756154576,101.51936379132371
11:04:02,1.6533388071438695,101.51929189617022,0,0,0,0,0,0,0,0,0,180,forward,0,0,110.0,1.6532489756154576,101.51936379132371
11:04:05,1.6533388071438695,101.51929189617022,0,0,0,0,0,0,0,0,0,180,forward,0,0,110.0,1.6532489756154576,101.51936379132371
11:04:07,1.6533388071438695,101.51929189617022,0,0,0,0,0,0,0,0,0,180,forward,0,0,110.0,1.6532489756154576,101.51936379132371
11:04:09,1.6533388071438695,101.51929189617022,0,0,0,0,0,0,0,0,0,180,forward,0,0,110.0,1.6532489756154576,101.51936379132371
11:04:11,1.6533388071438695,101.51929189617022,0,0,0,0,0,0,0,0,0,180,forward,0,0,110.0,1.6532489756154576,101.51936379132371
11:04:13,1.6533388071438695,101.51929189617022,0,0,0,0,0,0,0,0,0,180,forward,0,0,110.0,1.6532489756154576,101.51936379132371
11:04:15,1.6533388071438695,101.51929189617022,0,0,0,0,0,0,0,0,0,180,forward,0,0,110.0,1.6532489756154576,101.51936379132371
11:04:18,1.6533388071438695,101.51929189617022,0,0,0,0,0,0,0,0,0,180,forward,0,0,110.0,1.6532489756154576,101.51936379132371
11:04:20,1.6533388071438695,101.51929189617022,0,0,0,0,0,0,0,0,0,180,forward,0,0,110.0,1.6532489756154576,101.51936379132371
11:04:22,1.6533388071438695,101.51929189617022,0,0,0,0,0,0,0,0,0,180,forward,0,0,110.0,1.6532489756154576,101.51936379132371
11:04:24,1.6533388071438695,101.51929189617022,0,0,0,0,0,0,0,0,0,180,forward,0,0,110.0,1.6532489756154576,101.51936379132371
11:04:26,1.6533388071438695,101.51929189617022,0,0,0,0,0,0,0,0,0,180,forward,0,0,110.0,1.6532489756154576,101.51936379132371
11:04:29,1.6533388071438695,101.51929189617022,0,0,0,0,0,0,0,0,0,180,forward,0,0,110.0,1.6532489756154576,101.51936379132371
11:04:31,1.6533388071438695,101.51929189617022,0,0,0,0,0,0,0,0,0,180,forward,0,0,110.0,1.6532489756154576,101.51936379132371
11:04:33,1.6533388071438695,101.51929189617022,0,0,0,0,0,0,0,0,0,180,forward,0,0,110.0,1.6532489756154576,101.51936379132371
11:04:35,1.6533388071438695,101.51929189617022,0,0,0,0,0,0,0,0,0,180,forward,0,0,110.0,1.6532489756154576,101.51936379132371
11:04:37,1.6533388071438695,101.51929189617022,0,0,0,0,0,0,0,0,0,180,forward,0,0,110.0,1.6532489756154576,101.51936379132371
11:04:39,1.6533388071438695,101.51929189617022,0,0,0,0,0,0,0,0,0,180,forward,0,0,110.0,1.6532489756154576,101.51936379132371
11:04:41,1.6533388071438695,101.51929189617022,0,0,0,0,0,0,0,0,0,180,forward,0,0,110.0,1.6532489756154576,101.51936379132371
11:04:43,1.6533388071438695,101.51929189617022,0,0,0,0,0,0,0,0,0,180,forward,0,0,110.0,1.6532489756154576,101.51936379132371
11:04:45,1.6533388071438695,101.51929189617022,0,0,0,0,0,0,0,0,0,180,forward,0,0,110.0,1.6532489756154576,101.51936379132371
11:04:47,1.6533388071438695,101.51929189617022,0,0,0,0,0,0,0,0,0,180,forward,0,0,110.0,1.6532489756154576,101.51936379132371
11:04:50,1.6533388071438695,101.51929189617022,0,0,0,0,0,0,0,0,0,180,forward,0,0,110.0,1.6532489756154576,101.51936379132371
11:04:52,1.6533388071438695,101.51929189617022,0,0,0,0,0,0,0,0,0,180,forward,0,0,110.0,1.6532489756154576,101.51936379132371
11:04:54,1.6533388071438695,101.51929189617022,0,0,0,0,0,0,0,0,0,180,forward,0,0,110.0,1.6532489756154576,101.51936379132371
11:04:56,1.6533388071438695,101.51929189617022,0,0,0,0,0,0,0,0,0,180,forward,0,0,110.0,1.6532489756154576,101.51936379132371
11:04:58,1.6533388071438695,101.51929189617022,0,0,0,0,0,0,0,0,0,180,forward,0,0,110.0,1.6532489756154576,101.51936379132371
11:05:00,1.6533388071438695,101.51929189617022,0,0,0,0,0,0,0,0,0,180,forward,0,0,110.0,1.6532489756154576,101.51936379132371
11:05:02,1.6533388071438695,101.51929189617022,0,0,0,0,0,0,0,0,0,180,forward,0,0,110.0,1.6532489756154576,101.51936379132371
11:05:04,1.6533388071438695,101.51929189617022,0,0,0,0,0,0,0,0,0,180,forward,0,0,110.0,1.6532489756154576,101.51936379132371
11:05:06,1.6533388071438695,101.51929189617022,0,0,0,0,0,0,0,0,0,180,forward,0,0,110.0,1.6532489756154576,101.51936379132371
11:05:09,1.6533388071438695,101.51929189617022,0,0,0,0,0,0,0,0,0,180,forward,0,0,110.0,1.6532489756154576,101.51936379132371
11:05:11,1.6533388071438695,101.51929189617022,0,0,0,0,0,0,0,0,0,180,forward,0,0,110.0,1.6532489756154576,101.51936379132371
11:05:13,1.6533388071438695,101.51929189617022,0,0,0,0,0,0,0,0,0,180,forward,0,0,110.0,1.6532489756154576,101.51936379132371
11:05:15,1.6533388071438695,101.51929189617022,0,0,0,0,0,0,0,0,0,180,forward,0,0,110.0,1.6532489756154576,101.51936379132371
11:05:17,1.6533388071438695,101.51929189617022,0,0,0,0,0,0,0,0,0,180,forward,0,0,110.0,1.6532489756154576,101.51936379132371
11:05:19,1.6533388071438695,101.51929189617022,0,0,0,0,0,0,0,0,0,180,forward,0,0,110.0,1.6532489756154576,101.51936379132371
11:05:21,1.6533388071438695,101.51929189617022,0,0,0,0,0,0,0,0,0,180,forward,0,0,110.0,1.6532489756154576,101.51936379132371
11:05:24,1.6533388071438695,101.51929189617022,0,0,0,0,0,0,0,0,0,180,forward,0,0,110.0,1.6532489756154576,101.51936379132371
11:05:26,1.6533388071438695,101.51929189617022,0,0,0,0,0,0,0,0,0,180,forward,0,0,110.0,1.6532489756154576,101.51936379132371
11:05:28,1.6533388071438695,101.51929189617022,0,0,0,0,0,0,0,0,0,180,forward,0,0,110.0,1.6532489756154576,101.51936379132371
11:05:30,1.6533388071438695,101.51929189617022,0,0,0,0,0,0,0,0,0,180,forward,0,0,110.0,1.6532489756154576,101.51936379132371
11:05:32,1.6533388071438695,101.51929189617022,0,0,0,0,0,0,0,0,0,180,forward,0,0,110.0,1.6532489756154576,101.51936379132371
11:05:34,1.6533388071438695,101.51929189617022,0,0,0,0,0,0,0,0,0,180,forward,0,0,110.0,1.6532489756154576,101.51936379132371
11:05:37,1.6533388071438695,101.51929189617022,0,0,0,0,0,0,0,0,0,180,forward,0,0,110.0,1.6532489756154576,101.51936379132371
11:05:39,1.6533388071438695,101.51929189617022,0,0,0,0,0,0,0,0,0,180,forward,0,0,110.0,1.6532489756154576,101.51936379132371
11:05:41,1.6533388071438695,101.51929189617022,0,0,0,0,0,0,0,0,0,180,forward,0,0,110.0,1.6532489756154576,101.51936379132371
11:05:43,1.6533388071438695,101.51929189617022,0,0,0,0,0,0,0,0,0,180,forward,0,0,110.0,1.6532489756154576,101.51936379132371
11:05:45,1.6533388071438695,101.51929189617022,0,0,0,0,0,0,0,0,0,180,forward,0,0,110.0,1.6532489756154576,101.51936379132371
11:05:48,1.6533388071438695,101.51929189617022,0,0,0,0,0,0,0,0,0,180,forward,0,0,110.0,1.6532489756154576,101.51936379132371
11:05:50,1.6533388071438695,101.51929189617022,0,0,0,0,0,0,0,0,0,180,forward,0,0,110.0,1.6532489756154576,101.51936379132371
11:05:52,1.6533388071438695,101.51929189617022,0,0,0,0,0,0,0,0,0,180,forward,0,0,110.0,1.6532489756154576,101.51936379132371
11:05:54,1.6533388071438695,101.51929189617022,0,0,0,0,0,0,0,0,0,180,forward,0,0,110.0,1.6532489756154576,101.51936379132371
11:05:56,1.6533388071438695,101.51929189617022,0,0,0,0,0,0,0,0,0,180,forward,0,0,110.0,1.6532489756154576,101.51936379132371
11:05:58,1.6533388071438695,101.51929189617022,0,0,0,0,0,0,0,0,0,180,forward,0,0,110.0,1.6532489756154576,101.51936379132371
11:06:01,1.6533388071438695,101.51929189617022,0,0,0,0,0,0,0,0,0,180,forward,0,0,110.0,1.6532489756154576,101.51936379132371
11:06:03,1.6533388071438695,101.51929189617022,0,0,0,0,0,0,0,0,0,180,forward,0,0,110.0,1.6532489756154576,101.51936379132371
11:06:05,1.6533388071438695,101.51929189617022,0,0,0,0,0,0,0,0,0,180,forward,0,0,110.0,1.6532489756154576,101.51936379132371
11:06:07,1.6533388071438695,101.51929189617022,0,0,0,0,0,0,0,0,0,180,forward,0,0,110.0,1.6532489756154576,101.51936379132371
11:06:09,1.6533388071438695,101.51929189617022,0,0,0,0,0,0,0,0,0,180,forward,0,0,110.0,1.6532489756154576,101.51936379132371
11:06:11,1.6533388071438695,101.51929189617022,0,0,0,0,0,0,0,0,0,180,forward,0,0,110.0,1.6532489756154576,101.51936379132371
11:06:13,1.6533388071438695,101.51929189617022,0,0,0,0,0,0,0,0,0,180,forward,0,0,110.0,1.6532489756154576,101.51936379132371
11:06:15,1.6533388071438695,101.51929189617022,0,0,0,0,0,0,0,0,0,180,forward,0,0,110.0,1.6532489756154576,101.51936379132371
11:06:18,1.6533388071438695,101.51929189617022,0,0,0,0,0,0,0,0,0,180,forward,0,0,110.0,1.6532489756154576,101.51936379132371
11:06:20,1.6533388071438695,101.51929189617022,0,0,0,0,0,0,0,0,0,180,forward,0,0,110.0,1.6532489756154576,101.51936379132371
11:06:22,1.6533388071438695,101.51929189617022,0,0,0,0,0,0,0,0,0,180,forward,0,0,110.0,1.6532489756154576,101.51936379132371
11:06:24,1.6533388071438695,101.51929189617022,0,0,0,0,0,0,0,0,0,180,forward,0,0,110.0,1.6532489756154576,101.51936379132371
11:06:26,1.6533388071438695,101.51929189617022,0,0,0,0,0,0,0,0,0,180,forward,0,0,110.0,1.6532489756154576,101.51936379132371
11:06:28,1.6533388071438695,101.51929189617022,0,0,0,0,0,0,0,0,0,180,forward,0,0,110.0,1.6532489756154576,101.51936379132371
11:06:30,1.6533388071438695,101.51929189617022,0,0,0,0,0,0,0,0,0,180,forward,0,0,110.0,1.6532489756154576,101.51936379132371
11:06:33,1.6533388071438695,101.51929189617022,0,0,0,0,0,0,0,0,0,180,forward,0,0,110.0,1.6532489756154576,101.51936379132371
11:06:35,1.6533388071438695,101.51929189617022,0,0,0,0,0,0,0,0,0,180,forward,0,0,110.0,1.6532489756154576,101.51936379132371
11:06:37,1.6533388071438695,101.51929189617022,0,0,0,0,0,0,0,0,0,180,forward,0,0,110.0,1.6532489756154576,101.51936379132371
11:06:39,1.6533388071438695,101.51929189617022,0,0,0,0,0,0,0,0,0,180,forward,0,0,110.0,1.6532489756154576,101.51936379132371
11:06:41,1.6533388071438695,101.51929189617022,0,0,0,0,0,0,0,0,0,180,forward,0,0,110.0,1.6532489756154576,101.51936379132371
11:06:43,1.6533388071438695,101.51929189617022,0,0,0,0,0,0,0,0,0,180,forward,0,0,110.0,1.6532489756154576,101.51936379132371
11:06:46,1.6533388071438695,101.51929189617022,0,0,0,0,0,0,0,0,0,180,forward,0,0,110.0,1.6532489756154576,101.51936379132371
11:06:48,1.6533388071438695,101.51929189617022,0,0,0,0,0,0,0,0,0,180,forward,0,0,110.0,1.6532489756154576,101.51936379132371
11:06:50,1.6533388071438695,101.51929189617022,0,0,0,0,0,0,0,0,0,180,forward,0,0,110.0,1.6532489756154576,101.51936379132371
11:06:52,1.6533388071438695,101.51929189617022,0,0,0,0,0,0,0,0,0,180,forward,0,0,110.0,1.6532489756154576,101.51936379132371
11:06:54,1.6533388071438695,101.51929189617022,0,0,0,0,0,0,0,0,0,180,forward,0,0,110.0,1.6532489756154576,101.51936379132371
11:06:56,1.6533388071438695,101.51929189617022,0,0,0,0,0,0,0,0,0,180,forward,0,0,110.0,1.6532489756154576,101.51936379132371
11:06:58,1.6533388071438695,101.51929189617022,0,0,0,0,0,0,0,0,0,180,forward,0,0,110.0,1.6532489756154576,101.51936379132371
11:07:01,1.6533388071438695,101.51929189617022,0,0,0,0,0,0,0,0,0,180,forward,0,0,110.0,1.6532489756154576,101.51936379132371
11:07:03,1.6533388071438695,101.51929189617022,0,0,0,0,0,0,0,0,0,180,forward,0,0,110.0,1.6532489756154576,101.51936379132371
11:07:05,1.6533388071438695,101.51929189617022,0,0,0,0,0,0,0,0,0,180,forward,0,0,110.0,1.6532489756154576,101.51936379132371
11:07:07,1.6533388071438695,101.51929189617022,0,0,0,0,0,0,0,0,0,180,forward,0,0,110.0,1.6532489756154576,101.51936379132371
11:07:09,1.6533388071438695,101.51929189617022,0,0,0,0,0,0,0,0,0,180,forward,0,0,110.0,1.6532489756154576,101.51936379132371
11:07:11,1.6533388071438695,101.51929189617022,0,0,0,0,0,0,0,0,0,180,forward,0,0,110.0,1.6532489756154576,101.51936379132371
11:07:14,1.6533388071438695,101.51929189617022,0,0,0,0,0,0,0,0,0,180,forward,0,0,110.0,1.6532489756154576,101.51936379132371
11:07:16,1.6533388071438695,101.51929189617022,0,0,0,0,0,0,0,0,0,180,forward,0,0,110.0,1.6532489756154576,101.51936379132371
11:07:18,1.6533388071438695,101.51929189617022,0,0,0,0,0,0,0,0,0,180,forward,0,0,110.0,1.6532489756154576,101.51936379132371
11:07:20,1.6533388071438695,101.51929189617022,0,0,0,0,0,0,0,0,0,180,forward,0,0,110.0,1.6532489756154576,101.51936379132371
11:07:22,1.6533388071438695,101.51929189617022,0,0,0,0,0,0,0,0,0,180,forward,0,0,110.0,1.6532489756154576,101.51936379132371
11:07:24,1.6533388071438695,101.51929189617022,0,0,0,0,0,0,0,0,0,180,forward,0,0,110.0,1.6532489756154576,101.51936379132371
11:07:26,1.6533388071438695,101.51929189617022,0,0,0,0,0,0,0,0,0,180,forward,0,0,110.0,1.6532489756154576,101.51936379132371
11:07:29,1.6533388071438695,101.51929189617022,0,0,0,0,0,0,0,0,0,180,forward,0,0,110.0,1.6532489756154576,101.51936379132371
11:07:31,1.6533388071438695,101.51929189617022,0,0,0,0,0,0,0,0,0,180,forward,0,0,110.0,1.6532489756154576,101.51936379132371
11:07:33,1.6533388071438695,101.51929189617022,0,0,0,0,0,0,0,0,0,180,forward,0,0,110.0,1.6532489756154576,101.51936379132371
11:07:35,1.6533388071438695,101.51929189617022,0,0,0,0,0,0,0,0,0,180,forward,0,0,110.0,1.6532489756154576,101.51936379132371
11:07:37,1.6533388071438695,101.51929189617022,0,0,0,0,0,0,0,0,0,180,forward,0,0,110.0,1.6532489756154576,101.51936379132371
11:07:39,1.6533388071438695,101.51929189617022,0,0,0,0,0,0,0,0,0,180,forward,0,0,110.0,1.6532489756154576,101.51936379132371
11:07:41,1.6533388071438695,101.51929189617022,0,0,0,0,0,0,0,0,0,180,forward,0,0,110.0,1.6532489756154576,101.51936379132371
11:07:44,1.6533388071438695,101.51929189617022,0,0,0,0,0,0,0,0,0,180,forward,0,0,110.0,1.6532489756154576,101.51936379132371
11:07:46,1.6533388071438695,101.51929189617022,0,0,0,0,0,0,0,0,0,180,forward,0,0,110.0,1.6532489756154576,101.51936379132371
11:07:48,1.6533388071438695,101.51929189617022,0,0,0,0,0,0,0,0,0,180,forward,0,0,110.0,1.6532489756154576,101.51936379132371
11:07:50,1.6533388071438695,101.51929189617022,0,0,0,0,0,0,0,0,0,180,forward,0,0,110.0,1.6532489756154576,101.51936379132371
11:07:52,1.6533388071438695,101.51929189617022,0,0,0,0,0,0,0,0,0,180,forward,0,0,110.0,1.6532489756154576,101.51936379132371
11:07:55,1.6533388071438695,101.51929189617022,0,0,0,0,0,0,0,0,0,180,forward,0,0,110.0,1.6532489756154576,101.51936379132371
11:07:57,1.6533388071438695,101.51929189617022,0,0,0,0,0,0,0,0,0,180,forward,0,0,110.0,1.6532489756154576,101.51936379132371
11:07:59,1.6533388071438695,101.51929189617022,0,0,0,0,0,0,0,0,0,180,forward,0,0,110.0,1.6532489756154576,101.51936379132371
11:08:01,1.6533388071438695,101.51929189617022,0,0,0,0,0,0,0,0,0,180,forward,0,0,110.0,1.6532489756154576,101.51936379132371
11:08:03,1.6533388071438695,101.51929189617022,0,0,0,0,0,0,0,0,0,180,forward,0,0,110.0,1.6532489756154576,101.51936379132371
11:08:05,1.6533388071438695,101.51929189617022,0,0,0,0,0,0,0,0,0,180,forward,0,0,110.0,1.6532489756154576,101.51936379132371
11:08:07,1.6533388071438695,101.51929189617022,0,0,0,0,0,0,0,0,0,180,forward,0,0,110.0,1.6532489756154576,101.51936379132371
11:08:10,1.6533388071438695,101.51929189617022,0,0,0,0,0,0,0,0,0,180,forward,0,0,110.0,1.6532489756154576,101.51936379132371
11:08:12,1.6533388071438695,101.51929189617022,0,0,0,0,0,0,0,0,0,180,forward,0,0,110.0,1.6532489756154576,101.51936379132371
11:08:14,1.6533388071438695,101.51929189617022,0,0,0,0,0,0,0,0,0,180,forward,0,0,110.0,1.6532489756154576,101.51936379132371
11:08:16,1.6533388071438695,101.51929189617022,0,0,0,0,0,0,0,0,0,180,forward,0,0,110.0,1.6532489756154576,101.51936379132371
11:08:18,1.6533388071438695,101.51929189617022,0,0,0,0,0,0,0,0,0,180,forward,0,0,110.0,1.6532489756154576,101.51936379132371
11:08:20,1.6533388071438695,101.51929189617022,0,0,0,0,0,0,0,0,0,180,forward,0,0,110.0,1.6532489756154576,101.51936379132371
11:08:23,1.6533388071438695,101.51929189617022,0,0,0,0,0,0,0,0,0,180,forward,0,0,110.0,1.6532489756154576,101.51936379132371
11:08:25,1.6533388071438695,101.51929189617022,0,0,0,0,0,0,0,0,0,180,forward,0,0,110.0,1.6532489756154576,101.51936379132371
11:08:27,1.6533388071438695,101.51929189617022,0,0,0,0,0,0,0,0,0,180,forward,0,0,110.0,1.6532489756154576,101.51936379132371
11:08:29,1.6533388071438695,101.51929189617022,0,0,0,0,0,0,0,0,0,180,forward,0,0,110.0,1.6532489756154576,101.51936379132371
11:08:31,1.6533388071438695,101.51929189617022,0,0,0,0,0,0,0,0,0,180,forward,0,0,110.0,1.6532489756154576,101.51936379132371
11:08:33,1.6533388071438695,101.51929189617022,0,0,0,0,0,0,0,0,0,180,forward,0,0,110.0,1.6532489756154576,101.51936379132371
11:08:35,1.6533388071438695,101.51929189617022,0,0,0,0,0,0,0,0,0,180,forward,0,0,110.0,1.6532489756154576,101.51936379132371
11:08:37,1.6533388071438695,101.51929189617022,0,0,0,0,0,0,0,0,0,180,forward,0,0,110.0,1.6532489756154576,101.51936379132371
11:08:40,1.6533388071438695,101.51929189617022,0,0,0,0,0,0,0,0,0,180,forward,0,0,110.0,1.6532489756154576,101.51936379132371
11:08:42,1.6533388071438695,101.51929189617022,0,0,0,0,0,0,0,0,0,180,forward,0,0,110.0,1.6532489756154576,101.51936379132371
11:08:44,1.6533388071438695,101.51929189617022,0,0,0,0,0,0,0,0,0,180,forward,0,0,110.0,1.6532489756154576,101.51936379132371
11:08:46,1.6533388071438695,101.51929189617022,0,0,0,0,0,0,0,0,0,180,forward,0,0,110.0,1.6532489756154576,101.51936379132371
11:08:48,1.6533388071438695,101.51929189617022,0,0,0,0,0,0,0,0,0,180,forward,0,0,110.0,1.6532489756154576,101.51936379132371
11:08:50,1.6533388071438695,101.51929189617022,0,0,0,0,0,0,0,0,0,180,forward,0,0,110.0,1.6532489756154576,101.51936379132371
11:08:52,1.6533388071438695,101.51929189617022,0,0,0,0,0,0,0,0,0,180,forward,0,0,110.0,1.6532489756154576,101.51936379132371
11:08:54,1.6533388071438695,101.51929189617022,0,0,0,0,0,0,0,0,0,180,forward,0,0,110.0,1.6532489756154576,101.51936379132371
11:08:56,1.6533388071438695,101.51929189617022,0,0,0,0,0,0,0,0,0,180,forward,0,0,110.0,1.6532489756154576,101.51936379132371
11:08:59,1.6533388071438695,101.51929189617022,0,0,0,0,0,0,0,0,0,180,forward,0,0,110.0,1.6532489756154576,101.51936379132371
11:09:01,1.6533388071438695,101.51929189617022,0,0,0,0,0,0,0,0,0,180,forward,0,0,110.0,1.6532489756154576,101.51936379132371
11:09:03,1.6533388071438695,101.51929189617022,0,0,0,0,0,0,0,0,0,180,forward,0,0,110.0,1.6532489756154576,101.51936379132371
11:09:05,1.6533388071438695,101.51929189617022,0,0,0,0,0,0,0,0,0,180,forward,0,0,110.0,1.6532489756154576,101.51936379132371
11:09:07,1.6533388071438695,101.51929189617022,0,0,0,0,0,0,0,0,0,180,forward,0,0,110.0,1.6532489756154576,101.51936379132371
11:09:09,1.6533388071438695,101.51929189617022,0,0,0,0,0,0,0,0,0,180,forward,0,0,110.0,1.6532489756154576,101.51936379132371
11:09:11,1.6533388071438695,101.51929189617022,0,0,0,0,0,0,0,0,0,180,forward,0,0,110.0,1.6532489756154576,101.51936379132371
11:09:14,1.6533388071438695,101.51929189617022,0,0,0,0,0,0,0,0,0,180,forward,0,0,110.0,1.6532489756154576,101.51936379132371
11:09:16,1.6533388071438695,101.51929189617022,0,0,0,0,0,0,0,0,0,180,forward,0,0,110.0,1.6532489756154576,101.51936379132371
11:09:18,1.6533388071438695,101.51929189617022,0,0,0,0,0,0,0,0,0,180,forward,0,0,110.0,1.6532489756154576,101.51936379132371
11:09:20,1.6533388071438695,101.51929189617022,0,0,0,0,0,0,0,0,0,180,forward,0,0,110.0,1.6532489756154576,101.51936379132371
11:09:22,1.6533388071438695,101.51929189617022,0,0,0,0,0,0,0,0,0,180,forward,0,0,110.0,1.6532489756154576,101.51936379132371
11:09:24,1.6533388071438695,101.51929189617022,0,0,0,0,0,0,0,0,0,180,forward,0,0,110.0,1.6532489756154576,101.51936379132371
11:09:26,1.6533388071438695,101.51929189617022,0,0,0,0,0,0,0,0,0,180,forward,0,0,110.0,1.6532489756154576,101.51936379132371
11:09:29,1.6533388071438695,101.51929189617022,0,0,0,0,0,0,0,0,0,180,forward,0,0,110.0,1.6532489756154576,101.51936379132371
11:09:31,1.6533388071438695,101.51929189617022,0,0,0,0,0,0,0,0,0,180,forward,0,0,110.0,1.6532489756154576,101.51936379132371
11:09:33,1.6533388071438695,101.51929189617022,0,0,0,0,0,0,0,0,0,180,forward,0,0,110.0,1.6532489756154576,101.51936379132371
11:09:35,1.6533388071438695,101.51929189617022,0,0,0,0,0,0,0,0,0,180,forward,0,0,110.0,1.6532489756154576,101.51936379132371
11:09:37,1.6533388071438695,101.51929189617022,0,0,0,0,0,0,0,0,0,180,forward,0,0,110.0,1.6532489756154576,101.51936379132371
11:09:39,1.6533388071438695,101.51929189617022,0,0,0,0,0,0,0,0,0,180,forward,0,0,110.0,1.6532489756154576,101.51936379132371
11:09:41,1.6533388071438695,101.51929189617022,0,0,0,0,0,0,0,0,0,180,forward,0,0,110.0,1.6532489756154576,101.51936379132371
11:09:44,1.6533388071438695,101.51929189617022,0,0,0,0,0,0,0,0,0,180,forward,0,0,110.0,1.6532489756154576,101.51936379132371
11:09:46,1.6533388071438695,101.51929189617022,0,0,0,0,0,0,0,0,0,180,forward,0,0,110.0,1.6532489756154576,101.51936379132371
11:09:48,1.6533388071438695,101.51929189617022,0,0,0,0,0,0,0,0,0,180,forward,0,0,110.0,1.6532489756154576,101.51936379132371
11:09:50,1.6533388071438695,101.51929189617022,0,0,0,0,0,0,0,0,0,180,forward,0,0,110.0,1.6532489756154576,101.51936379132371
11:09:52,1.6533388071438695,101.51929189617022,0,0,0,0,0,0,0,0,0,180,forward,0,0,110.0,1.6532489756154576,101.51936379132371
11:09:54,1.6533388071438695,101.51929189617022,0,0,0,0,0,0,0,0,0,180,forward,0,0,110.0,1.6532489756154576,101.51936379132371
11:09:56,1.6533388071438695,101.51929189617022,0,0,0,0,0,0,0,0,0,180,forward,0,0,110.0,1.6532489756154576,101.51936379132371
11:09:59,1.6533388071438695,101.51929189617022,0,0,0,0,0,0,0,0,0,180,forward,0,0,110.0,1.6532489756154576,101.51936379132371
11:10:01,1.6533388071438695,101.51929189617022,0,0,0,0,0,0,0,0,0,180,forward,0,0,110.0,1.6532489756154576,101.51936379132371
11:10:03,1.6533388071438695,101.51929189617022,0,0,0,0,0,0,0,0,0,180,forward,0,0,110.0,1.6532489756154576,101.51936379132371
11:10:05,1.6533388071438695,101.51929189617022,0,0,0,0,0,0,0,0,0,180,forward,0,0,110.0,1.6532489756154576,101.51936379132371
11:10:07,1.6533388071438695,101.51929189617022,0,0,0,0,0,0,0,0,0,180,forward,0,0,110.0,1.6532489756154576,101.51936379132371
11:10:09,1.6533388071438695,101.51929189617022,0,0,0,0,0,0,0,0,0,180,forward,0,0,110.0,1.6532489756154576,101.51936379132371
11:10:11,1.6533388071438695,101.51929189617022,0,0,0,0,0,0,0,0,0,180,forward,0,0,110.0,1.6532489756154576,101.51936379132371
11:10:13,1.6533388071438695,101.51929189617022,0,0,0,0,0,0,0,0,0,180,forward,0,0,110.0,1.6532489756154576,101.51936379132371
11:10:16,1.6533388071438695,101.51929189617022,0,0,0,0,0,0,0,0,0,180,forward,0,0,110.0,1.6532489756154576,101.51936379132371
11:10:18,1.6533388071438695,101.51929189617022,0,0,0,0,0,0,0,0,0,180,forward,0,0,110.0,1.6532489756154576,101.51936379132371
11:10:20,1.6533388071438695,101.51929189617022,0,0,0,0,0,0,0,0,0,180,forward,0,0,110.0,1.6532489756154576,101.51936379132371
11:10:22,1.6533388071438695,101.51929189617022,0,0,0,0,0,0,0,0,0,180,forward,0,0,110.0,1.6532489756154576,101.51936379132371
11:10:24,1.6533388071438695,101.51929189617022,0,0,0,0,0,0,0,0,0,180,forward,0,0,110.0,1.6532489756154576,101.51936379132371
11:10:27,1.6533388071438695,101.51929189617022,0,0,0,0,0,0,0,0,0,180,forward,0,0,110.0,1.6532489756154576,101.51936379132371
11:10:29,1.6533388071438695,101.51929189617022,0,0,0,0,0,0,0,0,0,180,forward,0,0,110.0,1.6532489756154576,101.51936379132371
11:10:31,1.6533388071438695,101.51929189617022,0,0,0,0,0,0,0,0,0,180,forward,0,0,110.0,1.6532489756154576,101.51936379132371
11:10:33,1.6533388071438695,101.51929189617022,0,0,0,0,0,0,0,0,0,180,forward,0,0,110.0,1.6532489756154576,101.51936379132371
11:10:35,1.6533388071438695,101.51929189617022,0,0,0,0,0,0,0,0,0,180,forward,0,0,110.0,1.6532489756154576,101.51936379132371
11:10:38,1.6533388071438695,101.51929189617022,0,0,0,0,0,0,0,0,0,180,forward,0,0,110.0,1.6532489756154576,101.51936379132371
11:10:40,1.6533388071438695,101.51929189617022,0,0,0,0,0,0,0,0,0,180,forward,0,0,110.0,1.6532489756154576,101.51936379132371
11:10:42,1.6533388071438695,101.51929189617022,0,0,0,0,0,0,0,0,0,180,forward,0,0,110.0,1.6532489756154576,101.51936379132371
11:10:44,1.6533388071438695,101.51929189617022,0,0,0,0,0,0,0,0,0,180,forward,0,0,110.0,1.6532489756154576,101.51936379132371
11:10:46,1.6533388071438695,101.51929189617022,0,0,0,0,0,0,0,0,0,180,forward,0,0,110.0,1.6532489756154576,101.51936379132371
11:10:48,1.6533388071438695,101.51929189617022,0,0,0,0,0,0,0,0,0,180,forward,0,0,110.0,1.6532489756154576,101.51936379132371
11:10:51,1.6533388071438695,101.51929189617022,0,0,0,0,0,0,0,0,0,180,forward,0,0,110.0,1.6532489756154576,101.51936379132371
11:10:53,1.6533388071438695,101.51929189617022,0,0,0,0,0,0,0,0,0,180,forward,0,0,110.0,1.6532489756154576,101.51936379132371
11:10:55,1.6533388071438695,101.51929189617022,0,0,0,0,0,0,0,0,0,180,forward,0,0,110.0,1.6532489756154576,101.51936379132371
11:10:57,1.6533388071438695,101.51929189617022,0,0,0,0,0,0,0,0,0,180,forward,0,0,110.0,1.6532489756154576,101.51936379132371
11:10:59,1.6533388071438695,101.51929189617022,0,0,0,0,0,0,0,0,0,180,forward,0,0,110.0,1.6532489756154576,101.51936379132371
11:11:02,1.6533388071438695,101.51929189617022,0,0,0,0,0,0,0,0,0,180,forward,0,0,110.0,1.6532489756154576,101.51936379132371
11:11:04,1.6533388071438695,101.51929189617022,0,0,0,0,0,0,0,0,0,180,forward,0,0,110.0,1.6532489756154576,101.51936379132371
11:11:06,1.6533388071438695,101.51929189617022,0,0,0,0,0,0,0,0,0,180,forward,0,0,110.0,1.6532489756154576,101.51936379132371
11:11:08,1.6533388071438695,101.51929189617022,0,0,0,0,0,0,0,0,0,180,forward,0,0,110.0,1.6532489756154576,101.51936379132371
11:11:10,1.6533388071438695,101.51929189617022,0,0,0,0,0,0,0,0,0,180,forward,0,0,110.0,1.6532489756154576,101.51936379132371
11:11:13,1.6533388071438695,101.51929189617022,0,0,0,0,0,0,0,0,0,180,forward,0,0,110.0,1.6532489756154576,101.51936379132371
11:11:15,1.6533388071438695,101.51929189617022,0,0,0,0,0,0,0,0,0,180,forward,0,0,110.0,1.6532489756154576,101.51936379132371
11:11:17,1.6533388071438695,101.51929189617022,0,0,0,0,0,0,0,0,0,180,forward,0,0,110.0,1.6532489756154576,101.51936379132371
11:11:19,1.6533388071438695,101.51929189617022,0,0,0,0,0,0,0,0,0,180,forward,0,0,110.0,1.6532489756154576,101.51936379132371
11:11:21,1.6533388071438695,101.51929189617022,0,0,0,0,0,0,0,0,0,180,forward,0,0,110.0,1.6532489756154576,101.51936379132371
11:11:24,1.6533388071438695,101.51929189617022,0,0,0,0,0,0,0,0,0,180,forward,0,0,110.0,1.6532489756154576,101.51936379132371
11:11:26,1.6533388071438695,101.51929189617022,0,0,0,0,0,0,0,0,0,180,forward,0,0,110.0,1.6532489756154576,101.51936379132371
11:11:28,1.6533388071438695,101.51929189617022,0,0,0,0,0,0,0,0,0,180,forward,0,0,110.0,1.6532489756154576,101.51936379132371
11:11:30,1.6533388071438695,101.51929189617022,0,0,0,0,0,0,0,0,0,180,forward,0,0,110.0,1.6532489756154576,101.51936379132371
11:11:32,1.6533388071438695,101.51929189617022,0,0,0,0,0,0,0,0,0,180,forward,0,0,110.0,1.6532489756154576,101.51936379132371
11:11:34,1.6533388071438695,101.51929189617022,0,0,0,0,0,0,0,0,0,180,forward,0,0,110.0,1.6532489756154576,101.51936379132371
11:11:37,1.6533388071438695,101.51929189617022,0,0,0,0,0,0,0,0,0,180,forward,0,0,110.0,1.6532489756154576,101.51936379132371
11:11:39,1.6533388071438695,101.51929189617022,0,0,0,0,0,0,0,0,0,180,forward,0,0,110.0,1.6532489756154576,101.51936379132371
11:11:41,1.6533388071438695,101.51929189617022,0,0,0,0,0,0,0,0,0,180,forward,0,0,110.0,1.6532489756154576,101.51936379132371
11:11:43,1.6533388071438695,101.51929189617022,0,0,0,0,0,0,0,0,0,180,forward,0,0,110.0,1.6532489756154576,101.51936379132371
11:11:45,1.6533388071438695,101.51929189617022,0,0,0,0,0,0,0,0,0,180,forward,0,0,110.0,1.6532489756154576,101.51936379132371
11:11:47,1.6533388071438695,101.51929189617022,0,0,0,0,0,0,0,0,0,180,forward,0,0,110.0,1.6532489756154576,101.51936379132371
11:11:49,1.6533388071438695,101.51929189617022,0,0,0,0,0,0,0,0,0,180,forward,0,0,110.0,1.6532489756154576,101.51936379132371
11:11:52,1.6533388071438695,101.51929189617022,0,0,0,0,0,0,0,0,0,180,forward,0,0,110.0,1.6532489756154576,101.51936379132371
11:11:54,1.6533388071438695,101.51929189617022,0,0,0,0,0,0,0,0,0,180,forward,0,0,110.0,1.6532489756154576,101.51936379132371
11:11:56,1.6533388071438695,101.51929189617022,0,0,0,0,0,0,0,0,0,180,forward,0,0,110.0,1.6532489756154576,101.51936379132371
11:11:58,1.6533388071438695,101.51929189617022,0,0,0,0,0,0,0,0,0,180,forward,0,0,110.0,1.6532489756154576,101.51936379132371
11:12:00,1.6533388071438695,101.51929189617022,0,0,0,0,0,0,0,0,0,180,forward,0,0,110.0,1.6532489756154576,101.51936379132371
11:12:02,1.6533388071438695,101.51929189617022,0,0,0,0,0,0,0,0,0,180,forward,0,0,110.0,1.6532489756154576,101.51936379132371
11:12:05,1.6533388071438695,101.51929189617022,0,0,0,0,0,0,0,0,0,180,forward,0,0,110.0,1.6532489756154576,101.51936379132371
11:12:07,1.6533388071438695,101.51929189617022,0,0,0,0,0,0,0,0,0,180,forward,0,0,110.0,1.6532489756154576,101.51936379132371
11:12:09,1.6533388071438695,101.51929189617022,0,0,0,0,0,0,0,0,0,180,forward,0,0,110.0,1.6532489756154576,101.51936379132371
11:12:11,1.6533388071438695,101.51929189617022,0,0,0,0,0,0,0,0,0,180,forward,0,0,110.0,1.6532489756154576,101.51936379132371
11:12:13,1.6533388071438695,101.51929189617022,0,0,0,0,0,0,0,0,0,180,forward,0,0,110.0,1.6532489756154576,101.51936379132371
11:12:15,1.6533388071438695,101.51929189617022,0,0,0,0,0,0,0,0,0,180,forward,0,0,110.0,1.6532489756154576,101.51936379132371
11:12:18,1.6533388071438695,101.51929189617022,0,0,0,0,0,0,0,0,0,180,forward,0,0,110.0,1.6532489756154576,101.51936379132371
11:12:20,1.6533388071438695,101.51929189617022,0,0,0,0,0,0,0,0,0,180,forward,0,0,110.0,1.6532489756154576,101.51936379132371
11:12:22,1.6533388071438695,101.51929189617022,0,0,0,0,0,0,0,0,0,180,forward,0,0,110.0,1.6532489756154576,101.51936379132371
11:12:24,1.6533388071438695,101.51929189617022,0,0,0,0,0,0,0,0,0,180,forward,0,0,110.0,1.6532489756154576,101.51936379132371
11:12:26,1.6533388071438695,101.51929189617022,0,0,0,0,0,0,0,0,0,180,forward,0,0,110.0,1.6532489756154576,101.51936379132371
11:12:29,1.6533388071438695,101.51929189617022,0,0,0,0,0,0,0,0,0,180,forward,0,0,110.0,1.6532489756154576,101.51936379132371
11:12:31,1.6533388071438695,101.51929189617022,0,0,0,0,0,0,0,0,0,180,forward,0,0,110.0,1.6532489756154576,101.51936379132371
11:12:33,1.6533388071438695,101.51929189617022,0,0,0,0,0,0,0,0,0,180,forward,0,0,110.0,1.6532489756154576,101.51936379132371
11:12:35,1.6533388071438695,101.51929189617022,0,0,0,0,0,0,0,0,0,180,forward,0,0,110.0,1.6532489756154576,101.51936379132371
11:12:37,1.6533388071438695,101.51929189617022,0,0,0,0,0,0,0,0,0,180,forward,0,0,110.0,1.6532489756154576,101.51936379132371
11:12:39,1.6533388071438695,101.51929189617022,0,0,0,0,0,0,0,0,0,180,forward,0,0,110.0,1.6532489756154576,101.51936379132371
11:12:42,1.6533388071438695,101.51929189617022,0,0,0,0,0,0,0,0,0,180,forward,0,0,110.0,1.6532489756154576,101.51936379132371
11:12:44,1.6533388071438695,101.51929189617022,0,0,0,0,0,0,0,0,0,180,forward,0,0,110.0,1.6532489756154576,101.51936379132371
11:12:46,1.6533388071438695,101.51929189617022,0,0,0,0,0,0,0,0,0,180,forward,0,0,110.0,1.6532489756154576,101.51936379132371
11:12:48,1.6533388071438695,101.51929189617022,0,0,0,0,0,0,0,0,0,180,forward,0,0,110.0,1.6532489756154576,101.51936379132371
11:12:50,1.6533388071438695,101.51929189617022,0,0,0,0,0,0,0,0,0,180,forward,0,0,110.0,1.6532489756154576,101.51936379132371
11:12:52,1.6533388071438695,101.51929189617022,0,0,0,0,0,0,0,0,0,180,forward,0,0,110.0,1.6532489756154576,101.51936379132371
11:12:55,1.6533388071438695,101.51929189617022,0,0,0,0,0,0,0,0,0,180,forward,0,0,110.0,1.6532489756154576,101.51936379132371
11:12:57,1.6533388071438695,101.51929189617022,0,0,0,0,0,0,0,0,0,180,forward,0,0,110.0,1.6532489756154576,101.51936379132371
11:12:59,1.6533388071438695,101.51929189617022,0,0,0,0,0,0,0,0,0,180,forward,0,0,110.0,1.6532489756154576,101.51936379132371
11:13:01,1.6533388071438695,101.51929189617022,0,0,0,0,0,0,0,0,0,180,forward,0,0,110.0,1.6532489756154576,101.51936379132371
11:13:03,1.6533388071438695,101.51929189617022,0,0,0,0,0,0,0,0,0,180,forward,0,0,110.0,1.6532489756154576,101.51936379132371
11:13:05,1.6533388071438695,101.51929189617022,0,0,0,0,0,0,0,0,0,180,forward,0,0,110.0,1.6532489756154576,101.51936379132371
11:13:08,1.6533388071438695,101.51929189617022,0,0,0,0,0,0,0,0,0,180,forward,0,0,110.0,1.6532489756154576,101.51936379132371
11:13:10,1.6533388071438695,101.51929189617022,0,0,0,0,0,0,0,0,0,180,forward,0,0,110.0,1.6532489756154576,101.51936379132371
11:13:12,1.6533388071438695,101.51929189617022,0,0,0,0,0,0,0,0,0,180,forward,0,0,110.0,1.6532489756154576,101.51936379132371
11:13:14,1.6533388071438695,101.51929189617022,0,0,0,0,0,0,0,0,0,180,forward,0,0,110.0,1.6532489756154576,101.51936379132371
11:13:16,1.6533388071438695,101.51929189617022,0,0,0,0,0,0,0,0,0,180,forward,0,0,110.0,1.6532489756154576,101.51936379132371
11:13:18,1.6533388071438695,101.51929189617022,0,0,0,0,0,0,0,0,0,180,forward,0,0,110.0,1.6532489756154576,101.51936379132371
11:13:21,1.6533388071438695,101.51929189617022,0,0,0,0,0,0,0,0,0,180,forward,0,0,110.0,1.6532489756154576,101.51936379132371
11:13:23,1.6533388071438695,101.51929189617022,0,0,0,0,0,0,0,0,0,180,forward,0,0,110.0,1.6532489756154576,101.51936379132371
11:13:25,1.6533388071438695,101.51929189617022,0,0,0,0,0,0,0,0,0,180,forward,0,0,110.0,1.6532489756154576,101.51936379132371
11:13:27,1.6533388071438695,101.51929189617022,0,0,0,0,0,0,0,0,0,180,forward,0,0,110.0,1.6532489756154576,101.51936379132371
11:13:29,1.6533388071438695,101.51929189617022,0,0,0,0,0,0,0,0,0,180,forward,0,0,110.0,1.6532489756154576,101.51936379132371
11:13:31,1.6533388071438695,101.51929189617022,0,0,0,0,0,0,0,0,0,180,forward,0,0,110.0,1.6532489756154576,101.51936379132371
11:13:33,1.6533388071438695,101.51929189617022,0,0,0,0,0,0,0,0,0,180,forward,0,0,110.0,1.6532489756154576,101.51936379132371
11:13:36,1.6533388071438695,101.51929189617022,0,0,0,0,0,0,0,0,0,180,forward,0,0,110.0,1.6532489756154576,101.51936379132371
11:13:38,1.6533388071438695,101.51929189617022,0,0,0,0,0,0,0,0,0,180,forward,0,0,110.0,1.6532489756154576,101.51936379132371
11:13:40,1.6533388071438695,101.51929189617022,0,0,0,0,0,0,0,0,0,180,forward,0,0,110.0,1.6532489756154576,101.51936379132371
11:13:42,1.6533388071438695,101.51929189617022,0,0,0,0,0,0,0,0,0,180,forward,0,0,110.0,1.6532489756154576,101.51936379132371
11:13:44,1.6533388071438695,101.51929189617022,0,0,0,0,0,0,0,0,0,180,forward,0,0,110.0,1.6532489756154576,101.51936379132371
11:13:46,1.6533388071438695,101.51929189617022,0,0,0,0,0,0,0,0,0,180,forward,0,0,110.0,1.6532489756154576,101.51936379132371
11:13:49,1.6533388071438695,101.51929189617022,0,0,0,0,0,0,0,0,0,180,forward,0,0,110.0,1.6532489756154576,101.51936379132371
11:13:51,1.6533388071438695,101.51929189617022,0,0,0,0,0,0,0,0,0,180,forward,0,0,110.0,1.6532489756154576,101.51936379132371
11:13:53,1.6533388071438695,101.51929189617022,0,0,0,0,0,0,0,0,0,180,forward,0,0,110.0,1.6532489756154576,101.51936379132371
11:13:55,1.6533388071438695,101.51929189617022,0,0,0,0,0,0,0,0,0,180,forward,0,0,110.0,1.6532489756154576,101.51936379132371
11:13:57,1.6533388071438695,101.51929189617022,0,0,0,0,0,0,0,0,0,180,forward,0,0,110.0,1.6532489756154576,101.51936379132371
11:14:00,1.6533388071438695,101.51929189617022,0,0,0,0,0,0,0,0,0,180,forward,0,0,110.0,1.6532489756154576,101.51936379132371
11:14:02,1.6533388071438695,101.51929189617022,0,0,0,0,0,0,0,0,0,180,forward,0,0,110.0,1.6532489756154576,101.51936379132371
11:14:04,1.6533388071438695,101.51929189617022,0,0,0,0,0,0,0,0,0,180,forward,0,0,110.0,1.6532489756154576,101.51936379132371
11:14:06,1.6533388071438695,101.51929189617022,0,0,0,0,0,0,0,0,0,180,forward,0,0,110.0,1.6532489756154576,101.51936379132371
11:14:08,1.6533388071438695,101.51929189617022,0,0,0,0,0,0,0,0,0,180,forward,0,0,110.0,1.6532489756154576,101.51936379132371
11:14:10,1.6533388071438695,101.51929189617022,0,0,0,0,0,0,0,0,0,180,forward,0,0,110.0,1.6532489756154576,101.51936379132371
11:14:12,1.6533388071438695,101.51929189617022,0,0,0,0,0,0,0,0,0,180,forward,0,0,110.0,1.6532489756154576,101.51936379132371
11:14:15,1.6533388071438695,101.51929189617022,0,0,0,0,0,0,0,0,0,180,forward,0,0,110.0,1.6532489756154576,101.51936379132371
11:14:17,1.6533388071438695,101.51929189617022,0,0,0,0,0,0,0,0,0,180,forward,0,0,110.0,1.6532489756154576,101.51936379132371
11:14:19,1.6533388071438695,101.51929189617022,0,0,0,0,0,0,0,0,0,180,forward,0,0,110.0,1.6532489756154576,101.51936379132371
11:14:21,1.6533388071438695,101.51929189617022,0,0,0,0,0,0,0,0,0,180,forward,0,0,110.0,1.6532489756154576,101.51936379132371
11:14:23,1.6533388071438695,101.51929189617022,0,0,0,0,0,0,0,0,0,180,forward,0,0,110.0,1.6532489756154576,101.51936379132371
11:14:25,1.6533388071438695,101.51929189617022,0,0,0,0,0,0,0,0,0,180,forward,0,0,110.0,1.6532489756154576,101.51936379132371
11:14:28,1.6533388071438695,101.51929189617022,0,0,0,0,0,0,0,0,0,180,forward,0,0,110.0,1.6532489756154576,101.51936379132371
11:14:30,1.6533388071438695,101.51929189617022,0,0,0,0,0,0,0,0,0,180,forward,0,0,110.0,1.6532489756154576,101.51936379132371
11:14:32,1.6533388071438695,101.51929189617022,0,0,0,0,0,0,0,0,0,180,forward,0,0,110.0,1.6532489756154576,101.51936379132371
11:14:34,1.6533388071438695,101.51929189617022,0,0,0,0,0,0,0,0,0,180,forward,0,0,110.0,1.6532489756154576,101.51936379132371
11:14:36,1.6533388071438695,101.51929189617022,0,0,0,0,0,0,0,0,0,180,forward,0,0,110.0,1.6532489756154576,101.51936379132371
11:14:39,1.6533388071438695,101.51929189617022,0,0,0,0,0,0,0,0,0,180,forward,0,0,110.0,1.6532489756154576,101.51936379132371
11:14:41,1.6533388071438695,101.51929189617022,0,0,0,0,0,0,0,0,0,180,forward,0,0,110.0,1.6532489756154576,101.51936379132371
11:14:43,1.6533388071438695,101.51929189617022,0,0,0,0,0,0,0,0,0,180,forward,0,0,110.0,1.6532489756154576,101.51936379132371
11:14:45,1.6533388071438695,101.51929189617022,0,0,0,0,0,0,0,0,0,180,forward,0,0,110.0,1.6532489756154576,101.51936379132371
11:14:47,1.6533388071438695,101.51929189617022,0,0,0,0,0,0,0,0,0,180,forward,0,0,110.0,1.6532489756154576,101.51936379132371
11:14:49,1.6533388071438695,101.51929189617022,0,0,0,0,0,0,0,0,0,180,forward,0,0,110.0,1.6532489756154576,101.51936379132371
11:14:52,1.6533388071438695,101.51929189617022,0,0,0,0,0,0,0,0,0,180,forward,0,0,110.0,1.6532489756154576,101.51936379132371
11:14:54,1.6533388071438695,101.51929189617022,0,0,0,0,0,0,0,0,0,180,forward,0,0,110.0,1.6532489756154576,101.51936379132371
11:14:56,1.6533388071438695,101.51929189617022,0,0,0,0,0,0,0,0,0,180,forward,0,0,110.0,1.6532489756154576,101.51936379132371
11:14:58,1.6533388071438695,101.51929189617022,0,0,0,0,0,0,0,0,0,180,forward,0,0,110.0,1.6532489756154576,101.51936379132371
11:15:00,1.6533388071438695,101.51929189617022,0,0,0,0,0,0,0,0,0,180,forward,0,0,110.0,1.6532489756154576,101.51936379132371
11:15:03,1.6533388071438695,101.51929189617022,0,0,0,0,0,0,0,0,0,180,forward,0,0,110.0,1.6532489756154576,101.51936379132371
11:15:05,1.6533388071438695,101.51929189617022,0,0,0,0,0,0,0,0,0,180,forward,0,0,110.0,1.6532489756154576,101.51936379132371
11:15:07,1.6533388071438695,101.51929189617022,0,0,0,0,0,0,0,0,0,180,forward,0,0,110.0,1.6532489756154576,101.51936379132371
11:15:09,1.6533388071438695,101.51929189617022,0,0,0,0,0,0,0,0,0,180,forward,0,0,110.0,1.6532489756154576,101.51936379132371
11:15:11,1.6533388071438695,101.51929189617022,0,0,0,0,0,0,0,0,0,180,forward,0,0,110.0,1.6532489756154576,101.51936379132371
11:15:14,1.6533388071438695,101.51929189617022,0,0,0,0,0,0,0,0,0,180,forward,0,0,110.0,1.6532489756154576,101.51936379132371
11:15:16,1.6533388071438695,101.51929189617022,0,0,0,0,0,0,0,0,0,180,forward,0,0,110.0,1.6532489756154576,101.51936379132371
11:15:18,1.6533388071438695,101.51929189617022,0,0,0,0,0,0,0,0,0,180,forward,0,0,110.0,1.6532489756154576,101.51936379132371
11:15:20,1.6533388071438695,101.51929189617022,0,0,0,0,0,0,0,0,0,180,forward,0,0,110.0,1.6532489756154576,101.51936379132371
11:15:22,1.6533388071438695,101.51929189617022,0,0,0,0,0,0,0,0,0,180,forward,0,0,110.0,1.6532489756154576,101.51936379132371
11:15:24,1.6533388071438695,101.51929189617022,0,0,0,0,0,0,0,0,0,180,forward,0,0,110.0,1.6532489756154576,101.51936379132371
11:15:27,1.6533388071438695,101.51929189617022,0,0,0,0,0,0,0,0,0,180,forward,0,0,110.0,1.6532489756154576,101.51936379132371
11:15:29,1.6533388071438695,101.51929189617022,0,0,0,0,0,0,0,0,0,180,forward,0,0,110.0,1.6532489756154576,101.51936379132371
11:15:31,1.6533388071438695,101.51929189617022,0,0,0,0,0,0,0,0,0,180,forward,0,0,110.0,1.6532489756154576,101.51936379132371
11:15:33,1.6533388071438695,101.51929189617022,0,0,0,0,0,0,0,0,0,180,forward,0,0,110.0,1.6532489756154576,101.51936379132371
11:15:35,1.6533388071438695,101.51929189617022,0,0,0,0,0,0,0,0,0,180,forward,0,0,110.0,1.6532489756154576,101.51936379132371
11:15:37,1.6533388071438695,101.51929189617022,0,0,0,0,0,0,0,0,0,180,forward,0,0,110.0,1.6532489756154576,101.51936379132371
11:15:40,1.6533388071438695,101.51929189617022,0,0,0,0,0,0,0,0,0,180,forward,0,0,110.0,1.6532489756154576,101.51936379132371
11:15:42,1.6533388071438695,101.51929189617022,0,0,0,0,0,0,0,0,0,180,forward,0,0,110.0,1.6532489756154576,101.51936379132371
11:15:44,1.6533388071438695,101.51929189617022,0,0,0,0,0,0,0,0,0,180,forward,0,0,110.0,1.6532489756154576,101.51936379132371
11:15:46,1.6533388071438695,101.51929189617022,0,0,0,0,0,0,0,0,0,180,forward,0,0,110.0,1.6532489756154576,101.51936379132371
11:15:48,1.6533388071438695,101.51929189617022,0,0,0,0,0,0,0,0,0,180,forward,0,0,110.0,1.6532489756154576,101.51936379132371
11:15:50,1.6533388071438695,101.51929189617022,0,0,0,0,0,0,0,0,0,180,forward,0,0,110.0,1.6532489756154576,101.51936379132371
11:15:53,1.6533388071438695,101.51929189617022,0,0,0,0,0,0,0,0,0,180,forward,0,0,110.0,1.6532489756154576,101.51936379132371
11:15:55,1.6533388071438695,101.51929189617022,0,0,0,0,0,0,0,0,0,180,forward,0,0,110.0,1.6532489756154576,101.51936379132371
11:15:57,1.6533388071438695,101.51929189617022,0,0,0,0,0,0,0,0,0,180,forward,0,0,110.0,1.6532489756154576,101.51936379132371
11:15:59,1.6533388071438695,101.51929189617022,0,0,0,0,0,0,0,0,0,180,forward,0,0,110.0,1.6532489756154576,101.51936379132371
11:16:01,1.6533388071438695,101.51929189617022,0,0,0,0,0,0,0,0,0,180,forward,0,0,110.0,1.6532489756154576,101.51936379132371
11:16:04,1.6533388071438695,101.51929189617022,0,0,0,0,0,0,0,0,0,180,forward,0,0,110.0,1.6532489756154576,101.51936379132371
11:16:06,1.6533388071438695,101.51929189617022,0,0,0,0,0,0,0,0,0,180,forward,0,0,110.0,1.6532489756154576,101.51936379132371
11:16:08,1.6533388071438695,101.51929189617022,0,0,0,0,0,0,0,0,0,180,forward,0,0,110.0,1.6532489756154576,101.51936379132371
11:16:10,1.6533388071438695,101.51929189617022,0,0,0,0,0,0,0,0,0,180,forward,0,0,110.0,1.6532489756154576,101.51936379132371
11:16:12,1.6533388071438695,101.51929189617022,0,0,0,0,0,0,0,0,0,180,forward,0,0,110.0,1.6532489756154576,101.51936379132371
11:16:14,1.6533388071438695,101.51929189617022,0,0,0,0,0,0,0,0,0,180,forward,0,0,110.0,1.6532489756154576,101.51936379132371
11:16:16,1.6533388071438695,101.51929189617022,0,0,0,0,0,0,0,0,0,180,forward,0,0,110.0,1.6532489756154576,101.51936379132371
11:16:19,1.6533388071438695,101.51929189617022,0,0,0,0,0,0,0,0,0,180,forward,0,0,110.0,1.6532489756154576,101.51936379132371
11:16:21,1.6533388071438695,101.51929189617022,0,0,0,0,0,0,0,0,0,180,forward,0,0,110.0,1.6532489756154576,101.51936379132371
11:16:23,1.6533388071438695,101.51929189617022,0,0,0,0,0,0,0,0,0,180,forward,0,0,110.0,1.6532489756154576,101.51936379132371
11:16:25,1.6533388071438695,101.51929189617022,0,0,0,0,0,0,0,0,0,180,forward,0,0,110.0,1.6532489756154576,101.51936379132371
11:16:27,1.6533388071438695,101.51929189617022,0,0,0,0,0,0,0,0,0,180,forward,0,0,110.0,1.6532489756154576,101.51936379132371
11:16:30,1.6533388071438695,101.51929189617022,0,0,0,0,0,0,0,0,0,180,forward,0,0,110.0,1.6532489756154576,101.51936379132371
11:16:32,1.6533388071438695,101.51929189617022,0,0,0,0,0,0,0,0,0,180,forward,0,0,110.0,1.6532489756154576,101.51936379132371
11:16:34,1.6533388071438695,101.51929189617022,0,0,0,0,0,0,0,0,0,180,forward,0,0,110.0,1.6532489756154576,101.51936379132371
11:16:36,1.6533388071438695,101.51929189617022,0,0,0,0,0,0,0,0,0,180,forward,0,0,110.0,1.6532489756154576,101.51936379132371
11:16:38,1.6533388071438695,101.51929189617022,0,0,0,0,0,0,0,0,0,180,forward,0,0,110.0,1.6532489756154576,101.51936379132371
11:16:40,1.6533388071438695,101.51929189617022,0,0,0,0,0,0,0,0,0,180,forward,0,0,110.0,1.6532489756154576,101.51936379132371
11:16:43,1.6533388071438695,101.51929189617022,0,0,0,0,0,0,0,0,0,180,forward,0,0,110.0,1.6532489756154576,101.51936379132371
11:16:45,1.6533388071438695,101.51929189617022,0,0,0,0,0,0,0,0,0,180,forward,0,0,110.0,1.6532489756154576,101.51936379132371
11:16:47,1.6533388071438695,101.51929189617022,0,0,0,0,0,0,0,0,0,180,forward,0,0,110.0,1.6532489756154576,101.51936379132371
11:16:49,1.6533388071438695,101.51929189617022,0,0,0,0,0,0,0,0,0,180,forward,0,0,110.0,1.6532489756154576,101.51936379132371
11:16:51,1.6533388071438695,101.51929189617022,0,0,0,0,0,0,0,0,0,180,forward,0,0,110.0,1.6532489756154576,101.51936379132371
11:16:53,1.6533388071438695,101.51929189617022,0,0,0,0,0,0,0,0,0,180,forward,0,0,110.0,1.6532489756154576,101.51936379132371
11:16:56,1.6533388071438695,101.51929189617022,0,0,0,0,0,0,0,0,0,180,forward,0,0,110.0,1.6532489756154576,101.51936379132371
11:16:58,1.6533388071438695,101.51929189617022,0,0,0,0,0,0,0,0,0,180,forward,0,0,110.0,1.6532489756154576,101.51936379132371
11:17:00,1.6533388071438695,101.51929189617022,0,0,0,0,0,0,0,0,0,180,forward,0,0,110.0,1.6532489756154576,101.51936379132371
11:17:02,1.6533388071438695,101.51929189617022,0,0,0,0,0,0,0,0,0,180,forward,0,0,110.0,1.6532489756154576,101.51936379132371
11:17:04,1.6533388071438695,101.51929189617022,0,0,0,0,0,0,0,0,0,180,forward,0,0,110.0,1.6532489756154576,101.51936379132371
11:17:06,1.6533388071438695,101.51929189617022,0,0,0,0,0,0,0,0,0,180,forward,0,0,110.0,1.6532489756154576,101.51936379132371
11:17:08,1.6533388071438695,101.51929189617022,0,0,0,0,0,0,0,0,0,180,forward,0,0,110.0,1.6532489756154576,101.51936379132371
11:17:11,1.6533388071438695,101.51929189617022,0,0,0,0,0,0,0,0,0,180,forward,0,0,110.0,1.6532489756154576,101.51936379132371
11:17:13,1.6533388071438695,101.51929189617022,0,0,0,0,0,0,0,0,0,180,forward,0,0,110.0,1.6532489756154576,101.51936379132371
11:17:15,1.6533388071438695,101.51929189617022,0,0,0,0,0,0,0,0,0,180,forward,0,0,110.0,1.6532489756154576,101.51936379132371
11:17:17,1.6533388071438695,101.51929189617022,0,0,0,0,0,0,0,0,0,180,forward,0,0,110.0,1.6532489756154576,101.51936379132371
11:17:19,1.6533388071438695,101.51929189617022,0,0,0,0,0,0,0,0,0,180,forward,0,0,110.0,1.6532489756154576,101.51936379132371
11:17:21,1.6533388071438695,101.51929189617022,0,0,0,0,0,0,0,0,0,180,forward,0,0,110.0,1.6532489756154576,101.51936379132371
11:17:23,1.6533388071438695,101.51929189617022,0,0,0,0,0,0,0,0,0,180,forward,0,0,110.0,1.6532489756154576,101.51936379132371
11:17:26,1.6533388071438695,101.51929189617022,0,0,0,0,0,0,0,0,0,180,forward,0,0,110.0,1.6532489756154576,101.51936379132371
11:17:28,1.6533388071438695,101.51929189617022,0,0,0,0,0,0,0,0,0,180,forward,0,0,110.0,1.6532489756154576,101.51936379132371
11:17:30,1.6533388071438695,101.51929189617022,0,0,0,0,0,0,0,0,0,180,forward,0,0,110.0,1.6532489756154576,101.51936379132371
11:17:32,1.6533388071438695,101.51929189617022,0,0,0,0,0,0,0,0,0,180,forward,0,0,110.0,1.6532489756154576,101.51936379132371
11:17:34,1.6533388071438695,101.51929189617022,0,0,0,0,0,0,0,0,0,180,forward,0,0,110.0,1.6532489756154576,101.51936379132371
11:17:36,1.6533388071438695,101.51929189617022,0,0,0,0,0,0,0,0,0,180,forward,0,0,110.0,1.6532489756154576,101.51936379132371
11:17:39,1.6533388071438695,101.51929189617022,0,0,0,0,0,0,0,0,0,180,forward,0,0,110.0,1.6532489756154576,101.51936379132371
11:17:41,1.6533388071438695,101.51929189617022,0,0,0,0,0,0,0,0,0,180,forward,0,0,110.0,1.6532489756154576,101.51936379132371
11:17:43,1.6533388071438695,101.51929189617022,0,0,0,0,0,0,0,0,0,180,forward,0,0,110.0,1.6532489756154576,101.51936379132371
11:17:45,1.6533388071438695,101.51929189617022,0,0,0,0,0,0,0,0,0,180,forward,0,0,110.0,1.6532489756154576,101.51936379132371
11:17:47,1.6533388071438695,101.51929189617022,0,0,0,0,0,0,0,0,0,180,forward,0,0,110.0,1.6532489756154576,101.51936379132371
11:17:49,1.6533388071438695,101.51929189617022,0,0,0,0,0,0,0,0,0,180,forward,0,0,110.0,1.6532489756154576,101.51936379132371
11:17:51,1.6533388071438695,101.51929189617022,0,0,0,0,0,0,0,0,0,180,forward,0,0,110.0,1.6532489756154576,101.51936379132371
11:17:53,1.6533388071438695,101.51929189617022,0,0,0,0,0,0,0,0,0,180,forward,0,0,110.0,1.6532489756154576,101.51936379132371
11:17:56,1.6533388071438695,101.51929189617022,0,0,0,0,0,0,0,0,0,180,forward,0,0,110.0,1.6532489756154576,101.51936379132371
11:17:58,1.6533388071438695,101.51929189617022,0,0,0,0,0,0,0,0,0,180,forward,0,0,110.0,1.6532489756154576,101.51936379132371
11:18:00,1.6533388071438695,101.51929189617022,0,0,0,0,0,0,0,0,0,180,forward,0,0,110.0,1.6532489756154576,101.51936379132371
11:18:02,1.6533388071438695,101.51929189617022,0,0,0,0,0,0,0,0,0,180,forward,0,0,110.0,1.6532489756154576,101.51936379132371
11:18:04,1.6533388071438695,101.51929189617022,0,0,0,0,0,0,0,0,0,180,forward,0,0,110.0,1.6532489756154576,101.51936379132371
11:18:06,1.6533388071438695,101.51929189617022,0,0,0,0,0,0,0,0,0,180,forward,0,0,110.0,1.6532489756154576,101.51936379132371
11:18:09,1.6533388071438695,101.51929189617022,0,0,0,0,0,0,0,0,0,180,forward,0,0,110.0,1.6532489756154576,101.51936379132371
11:18:11,1.6533388071438695,101.51929189617022,0,0,0,0,0,0,0,0,0,180,forward,0,0,110.0,1.6532489756154576,101.51936379132371
11:18:13,1.6533388071438695,101.51929189617022,0,0,0,0,0,0,0,0,0,180,forward,0,0,110.0,1.6532489756154576,101.51936379132371
11:18:15,1.6533388071438695,101.51929189617022,0,0,0,0,0,0,0,0,0,180,forward,0,0,110.0,1.6532489756154576,101.51936379132371
11:18:17,1.6533388071438695,101.51929189617022,0,0,0,0,0,0,0,0,0,180,forward,0,0,110.0,1.6532489756154576,101.51936379132371
11:18:19,1.6533388071438695,101.51929189617022,0,0,0,0,0,0,0,0,0,180,forward,0,0,110.0,1.6532489756154576,101.51936379132371
11:18:21,1.6533388071438695,101.51929189617022,0,0,0,0,0,0,0,0,0,180,forward,0,0,110.0,1.6532489756154576,101.51936379132371
11:18:24,1.6533388071438695,101.51929189617022,0,0,0,0,0,0,0,0,0,180,forward,0,0,110.0,1.6532489756154576,101.51936379132371
11:18:26,1.6533388071438695,101.51929189617022,0,0,0,0,0,0,0,0,0,180,forward,0,0,110.0,1.6532489756154576,101.51936379132371
11:18:28,1.6533388071438695,101.51929189617022,0,0,0,0,0,0,0,0,0,180,forward,0,0,110.0,1.6532489756154576,101.51936379132371
11:18:30,1.6533388071438695,101.51929189617022,0,0,0,0,0,0,0,0,0,180,forward,0,0,110.0,1.6532489756154576,101.51936379132371
11:18:32,1.6533388071438695,101.51929189617022,0,0,0,0,0,0,0,0,0,180,forward,0,0,110.0,1.6532489756154576,101.51936379132371
11:18:34,1.6533388071438695,101.51929189617022,0,0,0,0,0,0,0,0,0,180,forward,0,0,110.0,1.6532489756154576,101.51936379132371
11:18:36,1.6533388071438695,101.51929189617022,0,0,0,0,0,0,0,0,0,180,forward,0,0,110.0,1.6532489756154576,101.51936379132371
11:18:39,1.6533388071438695,101.51929189617022,0,0,0,0,0,0,0,0,0,180,forward,0,0,110.0,1.6532489756154576,101.51936379132371
11:18:41,1.6533388071438695,101.51929189617022,0,0,0,0,0,0,0,0,0,180,forward,0,0,110.0,1.6532489756154576,101.51936379132371
11:18:43,1.6533388071438695,101.51929189617022,0,0,0,0,0,0,0,0,0,180,forward,0,0,110.0,1.6532489756154576,101.51936379132371
11:18:45,1.6533388071438695,101.51929189617022,0,0,0,0,0,0,0,0,0,180,forward,0,0,110.0,1.6532489756154576,101.51936379132371
11:18:47,1.6533388071438695,101.51929189617022,0,0,0,0,0,0,0,0,0,180,forward,0,0,110.0,1.6532489756154576,101.51936379132371
11:18:49,1.6533388071438695,101.51929189617022,0,0,0,0,0,0,0,0,0,180,forward,0,0,110.0,1.6532489756154576,101.51936379132371
11:18:51,1.6533388071438695,101.51929189617022,0,0,0,0,0,0,0,0,0,180,forward,0,0,110.0,1.6532489756154576,101.51936379132371
11:18:54,1.6533388071438695,101.51929189617022,0,0,0,0,0,0,0,0,0,180,forward,0,0,110.0,1.6532489756154576,101.51936379132371
11:18:56,1.6533388071438695,101.51929189617022,0,0,0,0,0,0,0,0,0,180,forward,0,0,110.0,1.6532489756154576,101.51936379132371
11:18:58,1.6533388071438695,101.51929189617022,0,0,0,0,0,0,0,0,0,180,forward,0,0,110.0,1.6532489756154576,101.51936379132371
11:19:00,1.6533388071438695,101.51929189617022,0,0,0,0,0,0,0,0,0,180,forward,0,0,110.0,1.6532489756154576,101.51936379132371
11:19:02,1.6533388071438695,101.51929189617022,0,0,0,0,0,0,0,0,0,180,forward,0,0,110.0,1.6532489756154576,101.51936379132371
11:19:04,1.6533388071438695,101.51929189617022,0,0,0,0,0,0,0,0,0,180,forward,0,0,110.0,1.6532489756154576,101.51936379132371
11:19:06,1.6533388071438695,101.51929189617022,0,0,0,0,0,0,0,0,0,180,forward,0,0,110.0,1.6532489756154576,101.51936379132371
11:19:09,1.6533388071438695,101.51929189617022,0,0,0,0,0,0,0,0,0,180,forward,0,0,110.0,1.6532489756154576,101.51936379132371
11:19:11,1.6533388071438695,101.51929189617022,0,0,0,0,0,0,0,0,0,180,forward,0,0,110.0,1.6532489756154576,101.51936379132371
11:19:13,1.6533388071438695,101.51929189617022,0,0,0,0,0,0,0,0,0,180,forward,0,0,110.0,1.6532489756154576,101.51936379132371
11:19:15,1.6533388071438695,101.51929189617022,0,0,0,0,0,0,0,0,0,180,forward,0,0,110.0,1.6532489756154576,101.51936379132371
11:19:17,1.6533388071438695,101.51929189617022,0,0,0,0,0,0,0,0,0,180,forward,0,0,110.0,1.6532489756154576,101.51936379132371
11:19:19,1.6533388071438695,101.51929189617022,0,0,0,0,0,0,0,0,0,180,forward,0,0,110.0,1.6532489756154576,101.51936379132371
11:19:22,1.6533388071438695,101.51929189617022,0,0,0,0,0,0,0,0,0,180,forward,0,0,110.0,1.6532489756154576,101.51936379132371
11:19:24,1.6533388071438695,101.51929189617022,0,0,0,0,0,0,0,0,0,180,forward,0,0,110.0,1.6532489756154576,101.51936379132371
11:19:26,1.6533388071438695,101.51929189617022,0,0,0,0,0,0,0,0,0,180,forward,0,0,110.0,1.6532489756154576,101.51936379132371
11:19:28,1.6533388071438695,101.51929189617022,0,0,0,0,0,0,0,0,0,180,forward,0,0,110.0,1.6532489756154576,101.51936379132371
11:19:30,1.6533388071438695,101.51929189617022,0,0,0,0,0,0,0,0,0,180,forward,0,0,110.0,1.6532489756154576,101.51936379132371
11:19:33,1.6533388071438695,101.51929189617022,0,0,0,0,0,0,0,0,0,180,forward,0,0,110.0,1.6532489756154576,101.51936379132371
11:19:35,1.6533388071438695,101.51929189617022,0,0,0,0,0,0,0,0,0,180,forward,0,0,110.0,1.6532489756154576,101.51936379132371
11:19:37,1.6533388071438695,101.51929189617022,0,0,0,0,0,0,0,0,0,180,forward,0,0,110.0,1.6532489756154576,101.51936379132371
11:19:39,1.6533388071438695,101.51929189617022,0,0,0,0,0,0,0,0,0,180,forward,0,0,110.0,1.6532489756154576,101.51936379132371
11:19:41,1.6533388071438695,101.51929189617022,0,0,0,0,0,0,0,0,0,180,forward,0,0,110.0,1.6532489756154576,101.51936379132371
11:19:43,1.6533388071438695,101.51929189617022,0,0,0,0,0,0,0,0,0,180,forward,0,0,110.0,1.6532489756154576,101.51936379132371
11:19:46,1.6533388071438695,101.51929189617022,0,0,0,0,0,0,0,0,0,180,forward,0,0,110.0,1.6532489756154576,101.51936379132371
11:19:48,1.6533388071438695,101.51929189617022,0,0,0,0,0,0,0,0,0,180,forward,0,0,110.0,1.6532489756154576,101.51936379132371
11:19:50,1.6533388071438695,101.51929189617022,0,0,0,0,0,0,0,0,0,180,forward,0,0,110.0,1.6532489756154576,101.51936379132371
11:19:52,1.6533388071438695,101.51929189617022,0,0,0,0,0,0,0,0,0,180,forward,0,0,110.0,1.6532489756154576,101.51936379132371
11:19:54,1.6533388071438695,101.51929189617022,0,0,0,0,0,0,0,0,0,180,forward,0,0,110.0,1.6532489756154576,101.51936379132371
11:19:57,1.6533388071438695,101.51929189617022,0,0,0,0,0,0,0,0,0,180,forward,0,0,110.0,1.6532489756154576,101.51936379132371
11:19:59,1.6533388071438695,101.51929189617022,0,0,0,0,0,0,0,0,0,180,forward,0,0,110.0,1.6532489756154576,101.51936379132371
11:20:01,1.6533388071438695,101.51929189617022,0,0,0,0,0,0,0,0,0,180,forward,0,0,110.0,1.6532489756154576,101.51936379132371
11:20:03,1.6533388071438695,101.51929189617022,0,0,0,0,0,0,0,0,0,180,forward,0,0,110.0,1.6532489756154576,101.51936379132371
11:20:05,1.6533388071438695,101.51929189617022,0,0,0,0,0,0,0,0,0,180,forward,0,0,110.0,1.6532489756154576,101.51936379132371
11:20:07,1.6533388071438695,101.51929189617022,0,0,0,0,0,0,0,0,0,180,forward,0,0,110.0,1.6532489756154576,101.51936379132371
11:20:10,1.6533388071438695,101.51929189617022,0,0,0,0,0,0,0,0,0,180,forward,0,0,110.0,1.6532489756154576,101.51936379132371
11:20:12,1.6533388071438695,101.51929189617022,0,0,0,0,0,0,0,0,0,180,forward,0,0,110.0,1.6532489756154576,101.51936379132371
11:20:14,1.6533388071438695,101.51929189617022,0,0,0,0,0,0,0,0,0,180,forward,0,0,110.0,1.6532489756154576,101.51936379132371
11:20:16,1.6533388071438695,101.51929189617022,0,0,0,0,0,0,0,0,0,180,forward,0,0,110.0,1.6532489756154576,101.51936379132371
11:20:18,1.6533388071438695,101.51929189617022,0,0,0,0,0,0,0,0,0,180,forward,0,0,110.0,1.6532489756154576,101.51936379132371
11:20:21,1.6533388071438695,101.51929189617022,0,0,0,0,0,0,0,0,0,180,forward,0,0,110.0,1.6532489756154576,101.51936379132371
11:20:23,1.6533388071438695,101.51929189617022,0,0,0,0,0,0,0,0,0,180,forward,0,0,110.0,1.6532489756154576,101.51936379132371
11:20:25,1.6533388071438695,101.51929189617022,0,0,0,0,0,0,0,0,0,180,forward,0,0,110.0,1.6532489756154576,101.51936379132371
11:20:27,1.6533388071438695,101.51929189617022,0,0,0,0,0,0,0,0,0,180,forward,0,0,110.0,1.6532489756154576,101.51936379132371
11:20:29,1.6533388071438695,101.51929189617022,0,0,0,0,0,0,0,0,0,180,forward,0,0,110.0,1.6532489756154576,101.51936379132371
11:20:32,1.6533388071438695,101.51929189617022,0,0,0,0,0,0,0,0,0,180,forward,0,0,110.0,1.6532489756154576,101.51936379132371
11:20:34,1.6533388071438695,101.51929189617022,0,0,0,0,0,0,0,0,0,180,forward,0,0,110.0,1.6532489756154576,101.51936379132371
11:20:36,1.6533388071438695,101.51929189617022,0,0,0,0,0,0,0,0,0,180,forward,0,0,110.0,1.6532489756154576,101.51936379132371
11:20:38,1.6533388071438695,101.51929189617022,0,0,0,0,0,0,0,0,0,180,forward,0,0,110.0,1.6532489756154576,101.51936379132371
11:20:40,1.6533388071438695,101.51929189617022,0,0,0,0,0,0,0,0,0,180,forward,0,0,110.0,1.6532489756154576,101.51936379132371
11:20:43,1.6533388071438695,101.51929189617022,0,0,0,0,0,0,0,0,0,180,forward,0,0,110.0,1.6532489756154576,101.51936379132371
11:20:45,1.6533388071438695,101.51929189617022,0,0,0,0,0,0,0,0,0,180,forward,0,0,110.0,1.6532489756154576,101.51936379132371
11:20:47,1.6533388071438695,101.51929189617022,0,0,0,0,0,0,0,0,0,180,forward,0,0,110.0,1.6532489756154576,101.51936379132371
11:20:49,1.6533388071438695,101.51929189617022,0,0,0,0,0,0,0,0,0,180,forward,0,0,110.0,1.6532489756154576,101.51936379132371
11:20:51,1.6533388071438695,101.51929189617022,0,0,0,0,0,0,0,0,0,180,forward,0,0,110.0,1.6532489756154576,101.51936379132371
11:20:54,1.6533388071438695,101.51929189617022,0,0,0,0,0,0,0,0,0,180,forward,0,0,110.0,1.6532489756154576,101.51936379132371
11:20:56,1.6533388071438695,101.51929189617022,0,0,0,0,0,0,0,0,0,180,forward,0,0,110.0,1.6532489756154576,101.51936379132371
11:20:58,1.6533388071438695,101.51929189617022,0,0,0,0,0,0,0,0,0,180,forward,0,0,110.0,1.6532489756154576,101.51936379132371
11:21:00,1.6533388071438695,101.51929189617022,0,0,0,0,0,0,0,0,0,180,forward,0,0,110.0,1.6532489756154576,101.51936379132371
11:21:02,1.6533388071438695,101.51929189617022,0,0,0,0,0,0,0,0,0,180,forward,0,0,110.0,1.6532489756154576,101.51936379132371
11:21:05,1.6533388071438695,101.51929189617022,0,0,0,0,0,0,0,0,0,180,forward,0,0,110.0,1.6532489756154576,101.51936379132371
11:21:07,1.6533388071438695,101.51929189617022,0,0,0,0,0,0,0,0,0,180,forward,0,0,110.0,1.6532489756154576,101.51936379132371
11:21:09,1.6533388071438695,101.51929189617022,0,0,0,0,0,0,0,0,0,180,forward,0,0,110.0,1.6532489756154576,101.51936379132371
11:21:11,1.6533388071438695,101.51929189617022,0,0,0,0,0,0,0,0,0,180,forward,0,0,110.0,1.6532489756154576,101.51936379132371
11:21:13,1.6533388071438695,101.51929189617022,0,0,0,0,0,0,0,0,0,180,forward,0,0,110.0,1.6532489756154576,101.51936379132371
11:21:16,1.6533388071438695,101.51929189617022,0,0,0,0,0,0,0,0,0,180,forward,0,0,110.0,1.6532489756154576,101.51936379132371
11:21:18,1.6533388071438695,101.51929189617022,0,0,0,0,0,0,0,0,0,180,forward,0,0,110.0,1.6532489756154576,101.51936379132371
11:21:20,1.6533388071438695,101.51929189617022,0,0,0,0,0,0,0,0,0,180,forward,0,0,110.0,1.6532489756154576,101.51936379132371
11:21:22,1.6533388071438695,101.51929189617022,0,0,0,0,0,0,0,0,0,180,forward,0,0,110.0,1.6532489756154576,101.51936379132371
11:21:24,1.6533388071438695,101.51929189617022,0,0,0,0,0,0,0,0,0,180,forward,0,0,110.0,1.6532489756154576,101.51936379132371
11:21:27,1.6533388071438695,101.51929189617022,0,0,0,0,0,0,0,0,0,180,forward,0,0,110.0,1.6532489756154576,101.51936379132371
11:21:29,1.6533388071438695,101.51929189617022,0,0,0,0,0,0,0,0,0,180,forward,0,0,110.0,1.6532489756154576,101.51936379132371
11:21:31,1.6533388071438695,101.51929189617022,0,0,0,0,0,0,0,0,0,180,forward,0,0,110.0,1.6532489756154576,101.51936379132371
11:21:33,1.6533388071438695,101.51929189617022,0,0,0,0,0,0,0,0,0,180,forward,0,0,110.0,1.6532489756154576,101.51936379132371
11:21:35,1.6533388071438695,101.51929189617022,0,0,0,0,0,0,0,0,0,180,forward,0,0,110.0,1.6532489756154576,101.51936379132371
11:21:38,1.6533388071438695,101.51929189617022,0,0,0,0,0,0,0,0,0,180,forward,0,0,110.0,1.6532489756154576,101.51936379132371
11:21:40,1.6533388071438695,101.51929189617022,0,0,0,0,0,0,0,0,0,180,forward,0,0,110.0,1.6532489756154576,101.51936379132371
11:21:42,1.6533388071438695,101.51929189617022,0,0,0,0,0,0,0,0,0,180,forward,0,0,110.0,1.6532489756154576,101.51936379132371
11:21:44,1.6533388071438695,101.51929189617022,0,0,0,0,0,0,0,0,0,180,forward,0,0,110.0,1.6532489756154576,101.51936379132371
11:21:46,1.6533388071438695,101.51929189617022,0,0,0,0,0,0,0,0,0,180,forward,0,0,110.0,1.6532489756154576,101.51936379132371
11:21:49,1.6533388071438695,101.51929189617022,0,0,0,0,0,0,0,0,0,180,forward,0,0,110.0,1.6532489756154576,101.51936379132371
11:21:51,1.6533388071438695,101.51929189617022,0,0,0,0,0,0,0,0,0,180,forward,0,0,110.0,1.6532489756154576,101.51936379132371
11:21:53,1.6533388071438695,101.51929189617022,0,0,0,0,0,0,0,0,0,180,forward,0,0,110.0,1.6532489756154576,101.51936379132371
11:21:55,1.6533388071438695,101.51929189617022,0,0,0,0,0,0,0,0,0,180,forward,0,0,110.0,1.6532489756154576,101.51936379132371
11:21:57,1.6533388071438695,101.51929189617022,0,0,0,0,0,0,0,0,0,180,forward,0,0,110.0,1.6532489756154576,101.51936379132371
11:22:00,1.6533388071438695,101.51929189617022,0,0,0,0,0,0,0,0,0,180,forward,0,0,110.0,1.6532489756154576,101.51936379132371
11:22:02,1.6533388071438695,101.51929189617022,0,0,0,0,0,0,0,0,0,180,forward,0,0,110.0,1.6532489756154576,101.51936379132371
11:22:04,1.6533388071438695,101.51929189617022,0,0,0,0,0,0,0,0,0,180,forward,0,0,110.0,1.6532489756154576,101.51936379132371
11:22:06,1.6533388071438695,101.51929189617022,0,0,0,0,0,0,0,0,0,180,forward,0,0,110.0,1.6532489756154576,101.51936379132371
11:22:08,1.6533388071438695,101.51929189617022,0,0,0,0,0,0,0,0,0,180,forward,0,0,110.0,1.6532489756154576,101.51936379132371
11:22:11,1.6533388071438695,101.51929189617022,0,0,0,0,0,0,0,0,0,180,forward,0,0,110.0,1.6532489756154576,101.51936379132371
11:22:13,1.6533388071438695,101.51929189617022,0,0,0,0,0,0,0,0,0,180,forward,0,0,110.0,1.6532489756154576,101.51936379132371
11:22:15,1.6533388071438695,101.51929189617022,0,0,0,0,0,0,0,0,0,180,forward,0,0,110.0,1.6532489756154576,101.51936379132371
11:22:17,1.6533388071438695,101.51929189617022,0,0,0,0,0,0,0,0,0,180,forward,0,0,110.0,1.6532489756154576,101.51936379132371
11:22:19,1.6533388071438695,101.51929189617022,0,0,0,0,0,0,0,0,0,180,forward,0,0,110.0,1.6532489756154576,101.51936379132371
11:22:22,1.6533388071438695,101.51929189617022,0,0,0,0,0,0,0,0,0,180,forward,0,0,110.0,1.6532489756154576,101.51936379132371
11:22:24,1.6533388071438695,101.51929189617022,0,0,0,0,0,0,0,0,0,180,forward,0,0,110.0,1.6532489756154576,101.51936379132371
11:22:26,1.6533388071438695,101.51929189617022,0,0,0,0,0,0,0,0,0,180,forward,0,0,110.0,1.6532489756154576,101.51936379132371
11:22:28,1.6533388071438695,101.51929189617022,0,0,0,0,0,0,0,0,0,180,forward,0,0,110.0,1.6532489756154576,101.51936379132371
11:22:30,1.6533388071438695,101.51929189617022,0,0,0,0,0,0,0,0,0,180,forward,0,0,110.0,1.6532489756154576,101.51936379132371
11:22:33,1.6533388071438695,101.51929189617022,0,0,0,0,0,0,0,0,0,180,forward,0,0,110.0,1.6532489756154576,101.51936379132371
11:22:35,1.6533388071438695,101.51929189617022,0,0,0,0,0,0,0,0,0,180,forward,0,0,110.0,1.6532489756154576,101.51936379132371
11:22:37,1.6533388071438695,101.51929189617022,0,0,0,0,0,0,0,0,0,180,forward,0,0,110.0,1.6532489756154576,101.51936379132371
11:22:39,1.6533388071438695,101.51929189617022,0,0,0,0,0,0,0,0,0,180,forward,0,0,110.0,1.6532489756154576,101.51936379132371
11:22:41,1.6533388071438695,101.51929189617022,0,0,0,0,0,0,0,0,0,180,forward,0,0,110.0,1.6532489756154576,101.51936379132371
11:22:44,1.6533388071438695,101.51929189617022,0,0,0,0,0,0,0,0,0,180,forward,0,0,110.0,1.6532489756154576,101.51936379132371
11:22:46,1.6533388071438695,101.51929189617022,0,0,0,0,0,0,0,0,0,180,forward,0,0,110.0,1.6532489756154576,101.51936379132371
11:22:48,1.6533388071438695,101.51929189617022,0,0,0,0,0,0,0,0,0,180,forward,0,0,110.0,1.6532489756154576,101.51936379132371
11:22:50,1.6533388071438695,101.51929189617022,0,0,0,0,0,0,0,0,0,180,forward,0,0,110.0,1.6532489756154576,101.51936379132371
11:22:52,1.6533388071438695,101.51929189617022,0,0,0,0,0,0,0,0,0,180,forward,0,0,110.0,1.6532489756154576,101.51936379132371
11:22:54,1.6533388071438695,101.51929189617022,0,0,0,0,0,0,0,0,0,180,forward,0,0,110.0,1.6532489756154576,101.51936379132371
11:22:57,1.6533388071438695,101.51929189617022,0,0,0,0,0,0,0,0,0,180,forward,0,0,110.0,1.6532489756154576,101.51936379132371
11:22:59,1.6533388071438695,101.51929189617022,0,0,0,0,0,0,0,0,0,180,forward,0,0,110.0,1.6532489756154576,101.51936379132371
11:23:01,1.6533388071438695,101.51929189617022,0,0,0,0,0,0,0,0,0,180,forward,0,0,110.0,1.6532489756154576,101.51936379132371
11:23:03,1.6533388071438695,101.51929189617022,0,0,0,0,0,0,0,0,0,180,forward,0,0,110.0,1.6532489756154576,101.51936379132371
11:23:05,1.6533388071438695,101.51929189617022,0,0,0,0,0,0,0,0,0,180,forward,0,0,110.0,1.6532489756154576,101.51936379132371
11:23:08,1.6533388071438695,101.51929189617022,0,0,0,0,0,0,0,0,0,180,forward,0,0,110.0,1.6532489756154576,101.51936379132371
11:23:10,1.6533388071438695,101.51929189617022,0,0,0,0,0,0,0,0,0,180,forward,0,0,110.0,1.6532489756154576,101.51936379132371
11:23:12,1.6533388071438695,101.51929189617022,0,0,0,0,0,0,0,0,0,180,forward,0,0,110.0,1.6532489756154576,101.51936379132371
11:23:14,1.6533388071438695,101.51929189617022,0,0,0,0,0,0,0,0,0,180,forward,0,0,110.0,1.6532489756154576,101.51936379132371
11:23:16,1.6533388071438695,101.51929189617022,0,0,0,0,0,0,0,0,0,180,forward,0,0,110.0,1.6532489756154576,101.51936379132371
11:23:19,1.6533388071438695,101.51929189617022,0,0,0,0,0,0,0,0,0,180,forward,0,0,110.0,1.6532489756154576,101.51936379132371
11:23:21,1.6533388071438695,101.51929189617022,0,0,0,0,0,0,0,0,0,180,forward,0,0,110.0,1.6532489756154576,101.51936379132371
11:23:23,1.6533388071438695,101.51929189617022,0,0,0,0,0,0,0,0,0,180,forward,0,0,110.0,1.6532489756154576,101.51936379132371
11:23:25,1.6533388071438695,101.51929189617022,0,0,0,0,0,0,0,0,0,180,forward,0,0,110.0,1.6532489756154576,101.51936379132371
11:23:27,1.6533388071438695,101.51929189617022,0,0,0,0,0,0,0,0,0,180,forward,0,0,110.0,1.6532489756154576,101.51936379132371
11:23:30,1.6533388071438695,101.51929189617022,0,0,0,0,0,0,0,0,0,180,forward,0,0,110.0,1.6532489756154576,101.51936379132371
11:23:32,1.6533388071438695,101.51929189617022,0,0,0,0,0,0,0,0,0,180,forward,0,0,110.0,1.6532489756154576,101.51936379132371
11:23:34,1.6533388071438695,101.51929189617022,0,0,0,0,0,0,0,0,0,180,forward,0,0,110.0,1.6532489756154576,101.51936379132371
11:23:36,1.6533388071438695,101.51929189617022,0,0,0,0,0,0,0,0,0,180,forward,0,0,110.0,1.6532489756154576,101.51936379132371
11:23:38,1.6533388071438695,101.51929189617022,0,0,0,0,0,0,0,0,0,180,forward,0,0,110.0,1.6532489756154576,101.51936379132371
11:23:41,1.6533388071438695,101.51929189617022,0,0,0,0,0,0,0,0,0,180,forward,0,0,110.0,1.6532489756154576,101.51936379132371
11:23:43,1.6533388071438695,101.51929189617022,0,0,0,0,0,0,0,0,0,180,forward,0,0,110.0,1.6532489756154576,101.51936379132371
11:23:45,1.6533388071438695,101.51929189617022,0,0,0,0,0,0,0,0,0,180,forward,0,0,110.0,1.6532489756154576,101.51936379132371
11:23:47,1.6533388071438695,101.51929189617022,0,0,0,0,0,0,0,0,0,180,forward,0,0,110.0,1.6532489756154576,101.51936379132371
11:23:49,1.6533388071438695,101.51929189617022,0,0,0,0,0,0,0,0,0,180,forward,0,0,110.0,1.6532489756154576,101.51936379132371
11:23:52,1.6533388071438695,101.51929189617022,0,0,0,0,0,0,0,0,0,180,forward,0,0,110.0,1.6532489756154576,101.51936379132371
11:23:54,1.6533388071438695,101.51929189617022,0,0,0,0,0,0,0,0,0,180,forward,0,0,110.0,1.6532489756154576,101.51936379132371
11:23:56,1.6533388071438695,101.51929189617022,0,0,0,0,0,0,0,0,0,180,forward,0,0,110.0,1.6532489756154576,101.51936379132371
11:23:58,1.6533388071438695,101.51929189617022,0,0,0,0,0,0,0,0,0,180,forward,0,0,110.0,1.6532489756154576,101.51936379132371
11:24:00,1.6533388071438695,101.51929189617022,0,0,0,0,0,0,0,0,0,180,forward,0,0,110.0,1.6532489756154576,101.51936379132371
11:24:02,1.6533388071438695,101.51929189617022,0,0,0,0,0,0,0,0,0,180,forward,0,0,110.0,1.6532489756154576,101.51936379132371
11:24:05,1.6533388071438695,101.51929189617022,0,0,0,0,0,0,0,0,0,180,forward,0,0,110.0,1.6532489756154576,101.51936379132371
11:24:07,1.6533388071438695,101.51929189617022,0,0,0,0,0,0,0,0,0,180,forward,0,0,110.0,1.6532489756154576,101.51936379132371
11:24:09,1.6533388071438695,101.51929189617022,0,0,0,0,0,0,0,0,0,180,forward,0,0,110.0,1.6532489756154576,101.51936379132371
11:24:11,1.6533388071438695,101.51929189617022,0,0,0,0,0,0,0,0,0,180,forward,0,0,110.0,1.6532489756154576,101.51936379132371
11:24:13,1.6533388071438695,101.51929189617022,0,0,0,0,0,0,0,0,0,180,forward,0,0,110.0,1.6532489756154576,101.51936379132371
11:24:15,1.6533388071438695,101.51929189617022,0,0,0,0,0,0,0,0,0,180,forward,0,0,110.0,1.6532489756154576,101.51936379132371
11:24:18,1.6533388071438695,101.51929189617022,0,0,0,0,0,0,0,0,0,180,forward,0,0,110.0,1.6532489756154576,101.51936379132371
11:24:20,1.6533388071438695,101.51929189617022,0,0,0,0,0,0,0,0,0,180,forward,0,0,110.0,1.6532489756154576,101.51936379132371
11:24:22,1.6533388071438695,101.51929189617022,0,0,0,0,0,0,0,0,0,180,forward,0,0,110.0,1.6532489756154576,101.51936379132371
11:24:24,1.6533388071438695,101.51929189617022,0,0,0,0,0,0,0,0,0,180,forward,0,0,110.0,1.6532489756154576,101.51936379132371
11:24:26,1.6533388071438695,101.51929189617022,0,0,0,0,0,0,0,0,0,180,forward,0,0,110.0,1.6532489756154576,101.51936379132371
11:24:29,1.6533388071438695,101.51929189617022,0,0,0,0,0,0,0,0,0,180,forward,0,0,110.0,1.6532489756154576,101.51936379132371
11:24:31,1.6533388071438695,101.51929189617022,0,0,0,0,0,0,0,0,0,180,forward,0,0,110.0,1.6532489756154576,101.51936379132371
11:24:33,1.6533388071438695,101.51929189617022,0,0,0,0,0,0,0,0,0,180,forward,0,0,110.0,1.6532489756154576,101.51936379132371
11:24:35,1.6533388071438695,101.51929189617022,0,0,0,0,0,0,0,0,0,180,forward,0,0,110.0,1.6532489756154576,101.51936379132371
11:24:37,1.6533388071438695,101.51929189617022,0,0,0,0,0,0,0,0,0,180,forward,0,0,110.0,1.6532489756154576,101.51936379132371
11:24:39,1.6533388071438695,101.51929189617022,0,0,0,0,0,0,0,0,0,180,forward,0,0,110.0,1.6532489756154576,101.51936379132371
11:24:41,1.6533388071438695,101.51929189617022,0,0,0,0,0,0,0,0,0,180,forward,0,0,110.0,1.6532489756154576,101.51936379132371
11:24:43,1.6533388071438695,101.51929189617022,0,0,0,0,0,0,0,0,0,180,forward,0,0,110.0,1.6532489756154576,101.51936379132371
11:24:46,1.6533388071438695,101.51929189617022,0,0,0,0,0,0,0,0,0,180,forward,0,0,110.0,1.6532489756154576,101.51936379132371
11:24:48,1.6533388071438695,101.51929189617022,0,0,0,0,0,0,0,0,0,180,forward,0,0,110.0,1.6532489756154576,101.51936379132371
11:24:50,1.6533388071438695,101.51929189617022,0,0,0,0,0,0,0,0,0,180,forward,0,0,110.0,1.6532489756154576,101.51936379132371
11:24:52,1.6533388071438695,101.51929189617022,0,0,0,0,0,0,0,0,0,180,forward,0,0,110.0,1.6532489756154576,101.51936379132371
11:24:54,1.6533388071438695,101.51929189617022,0,0,0,0,0,0,0,0,0,180,forward,0,0,110.0,1.6532489756154576,101.51936379132371
11:24:57,1.6533388071438695,101.51929189617022,0,0,0,0,0,0,0,0,0,180,forward,0,0,110.0,1.6532489756154576,101.51936379132371
11:24:59,1.6533388071438695,101.51929189617022,0,0,0,0,0,0,0,0,0,180,forward,0,0,110.0,1.6532489756154576,101.51936379132371
11:25:01,1.6533388071438695,101.51929189617022,0,0,0,0,0,0,0,0,0,180,forward,0,0,110.0,1.6532489756154576,101.51936379132371
11:25:03,1.6533388071438695,101.51929189617022,0,0,0,0,0,0,0,0,0,180,forward,0,0,110.0,1.6532489756154576,101.51936379132371
11:25:05,1.6533388071438695,101.51929189617022,0,0,0,0,0,0,0,0,0,180,forward,0,0,110.0,1.6532489756154576,101.51936379132371
11:25:07,1.6533388071438695,101.51929189617022,0,0,0,0,0,0,0,0,0,180,forward,0,0,110.0,1.6532489756154576,101.51936379132371
11:25:10,1.6533388071438695,101.51929189617022,0,0,0,0,0,0,0,0,0,180,forward,0,0,110.0,1.6532489756154576,101.51936379132371
11:25:12,1.6533388071438695,101.51929189617022,0,0,0,0,0,0,0,0,0,180,forward,0,0,110.0,1.6532489756154576,101.51936379132371
11:25:14,1.6533388071438695,101.51929189617022,0,0,0,0,0,0,0,0,0,180,forward,0,0,110.0,1.6532489756154576,101.51936379132371
11:25:16,1.6533388071438695,101.51929189617022,0,0,0,0,0,0,0,0,0,180,forward,0,0,110.0,1.6532489756154576,101.51936379132371
11:25:18,1.6533388071438695,101.51929189617022,0,0,0,0,0,0,0,0,0,180,forward,0,0,110.0,1.6532489756154576,101.51936379132371
11:25:20,1.6533388071438695,101.51929189617022,0,0,0,0,0,0,0,0,0,180,forward,0,0,110.0,1.6532489756154576,101.51936379132371
11:25:22,1.6533388071438695,101.51929189617022,0,0,0,0,0,0,0,0,0,180,forward,0,0,110.0,1.6532489756154576,101.51936379132371
11:25:25,1.6533388071438695,101.51929189617022,0,0,0,0,0,0,0,0,0,180,forward,0,0,110.0,1.6532489756154576,101.51936379132371
11:25:27,1.6533388071438695,101.51929189617022,0,0,0,0,0,0,0,0,0,180,forward,0,0,110.0,1.6532489756154576,101.51936379132371
11:25:29,1.6533388071438695,101.51929189617022,0,0,0,0,0,0,0,0,0,180,forward,0,0,110.0,1.6532489756154576,101.51936379132371
11:25:31,1.6533388071438695,101.51929189617022,0,0,0,0,0,0,0,0,0,180,forward,0,0,110.0,1.6532489756154576,101.51936379132371
11:25:33,1.6533388071438695,101.51929189617022,0,0,0,0,0,0,0,0,0,180,forward,0,0,110.0,1.6532489756154576,101.51936379132371
11:25:35,1.6533388071438695,101.51929189617022,0,0,0,0,0,0,0,0,0,180,forward,0,0,110.0,1.6532489756154576,101.51936379132371
11:25:38,1.6533388071438695,101.51929189617022,0,0,0,0,0,0,0,0,0,180,forward,0,0,110.0,1.6532489756154576,101.51936379132371
11:25:40,1.6533388071438695,101.51929189617022,0,0,0,0,0,0,0,0,0,180,forward,0,0,110.0,1.6532489756154576,101.51936379132371
11:25:42,1.6533388071438695,101.51929189617022,0,0,0,0,0,0,0,0,0,180,forward,0,0,110.0,1.6532489756154576,101.51936379132371
11:25:44,1.6533388071438695,101.51929189617022,0,0,0,0,0,0,0,0,0,180,forward,0,0,110.0,1.6532489756154576,101.51936379132371
11:25:46,1.6533388071438695,101.51929189617022,0,0,0,0,0,0,0,0,0,180,forward,0,0,110.0,1.6532489756154576,101.51936379132371
11:25:49,1.6533388071438695,101.51929189617022,0,0,0,0,0,0,0,0,0,180,forward,0,0,110.0,1.6532489756154576,101.51936379132371
11:25:51,1.6533388071438695,101.51929189617022,0,0,0,0,0,0,0,0,0,180,forward,0,0,110.0,1.6532489756154576,101.51936379132371
11:25:53,1.6533388071438695,101.51929189617022,0,0,0,0,0,0,0,0,0,180,forward,0,0,110.0,1.6532489756154576,101.51936379132371
11:25:55,1.6533388071438695,101.51929189617022,0,0,0,0,0,0,0,0,0,180,forward,0,0,110.0,1.6532489756154576,101.51936379132371
11:25:57,1.6533388071438695,101.51929189617022,0,0,0,0,0,0,0,0,0,180,forward,0,0,110.0,1.6532489756154576,101.51936379132371
11:25:59,1.6533388071438695,101.51929189617022,0,0,0,0,0,0,0,0,0,180,forward,0,0,110.0,1.6532489756154576,101.51936379132371
11:26:01,1.6533388071438695,101.51929189617022,0,0,0,0,0,0,0,0,0,180,forward,0,0,110.0,1.6532489756154576,101.51936379132371
11:26:04,1.6533388071438695,101.51929189617022,0,0,0,0,0,0,0,0,0,180,forward,0,0,110.0,1.6532489756154576,101.51936379132371
11:26:06,1.6533388071438695,101.51929189617022,0,0,0,0,0,0,0,0,0,180,forward,0,0,110.0,1.6532489756154576,101.51936379132371
11:26:08,1.6533388071438695,101.51929189617022,0,0,0,0,0,0,0,0,0,180,forward,0,0,110.0,1.6532489756154576,101.51936379132371
11:26:10,1.6533388071438695,101.51929189617022,0,0,0,0,0,0,0,0,0,180,forward,0,0,110.0,1.6532489756154576,101.51936379132371
11:26:12,1.6533388071438695,101.51929189617022,0,0,0,0,0,0,0,0,0,180,forward,0,0,110.0,1.6532489756154576,101.51936379132371
11:26:15,1.6533388071438695,101.51929189617022,0,0,0,0,0,0,0,0,0,180,forward,0,0,110.0,1.6532489756154576,101.51936379132371
11:26:17,1.6533388071438695,101.51929189617022,0,0,0,0,0,0,0,0,0,180,forward,0,0,110.0,1.6532489756154576,101.51936379132371
11:26:19,1.6533388071438695,101.51929189617022,0,0,0,0,0,0,0,0,0,180,forward,0,0,110.0,1.6532489756154576,101.51936379132371
11:26:21,1.6533388071438695,101.51929189617022,0,0,0,0,0,0,0,0,0,180,forward,0,0,110.0,1.6532489756154576,101.51936379132371
11:26:23,1.6533388071438695,101.51929189617022,0,0,0,0,0,0,0,0,0,180,forward,0,0,110.0,1.6532489756154576,101.51936379132371
11:26:25,1.6533388071438695,101.51929189617022,0,0,0,0,0,0,0,0,0,180,forward,0,0,110.0,1.6532489756154576,101.51936379132371
11:26:28,1.6533388071438695,101.51929189617022,0,0,0,0,0,0,0,0,0,180,forward,0,0,110.0,1.6532489756154576,101.51936379132371
11:26:30,1.6533388071438695,101.51929189617022,0,0,0,0,0,0,0,0,0,180,forward,0,0,110.0,1.6532489756154576,101.51936379132371
11:26:32,1.6533388071438695,101.51929189617022,0,0,0,0,0,0,0,0,0,180,forward,0,0,110.0,1.6532489756154576,101.51936379132371
11:26:34,1.6533388071438695,101.51929189617022,0,0,0,0,0,0,0,0,0,180,forward,0,0,110.0,1.6532489756154576,101.51936379132371
11:26:36,1.6533388071438695,101.51929189617022,0,0,0,0,0,0,0,0,0,180,forward,0,0,110.0,1.6532489756154576,101.51936379132371
11:26:39,1.6533388071438695,101.51929189617022,0,0,0,0,0,0,0,0,0,180,forward,0,0,110.0,1.6532489756154576,101.51936379132371
11:26:41,1.6533388071438695,101.51929189617022,0,0,0,0,0,0,0,0,0,180,forward,0,0,110.0,1.6532489756154576,101.51936379132371
11:26:43,1.6533388071438695,101.51929189617022,0,0,0,0,0,0,0,0,0,180,forward,0,0,110.0,1.6532489756154576,101.51936379132371
11:26:45,1.6533388071438695,101.51929189617022,0,0,0,0,0,0,0,0,0,180,forward,0,0,110.0,1.6532489756154576,101.51936379132371
11:26:47,1.6533388071438695,101.51929189617022,0,0,0,0,0,0,0,0,0,180,forward,0,0,110.0,1.6532489756154576,101.51936379132371
11:26:49,1.6533388071438695,101.51929189617022,0,0,0,0,0,0,0,0,0,180,forward,0,0,110.0,1.6532489756154576,101.51936379132371
11:26:52,1.6533388071438695,101.51929189617022,0,0,0,0,0,0,0,0,0,180,forward,0,0,110.0,1.6532489756154576,101.51936379132371
11:26:54,1.6533388071438695,101.51929189617022,0,0,0,0,0,0,0,0,0,180,forward,0,0,110.0,1.6532489756154576,101.51936379132371
11:26:56,1.6533388071438695,101.51929189617022,0,0,0,0,0,0,0,0,0,180,forward,0,0,110.0,1.6532489756154576,101.51936379132371
11:26:58,1.6533388071438695,101.51929189617022,0,0,0,0,0,0,0,0,0,180,forward,0,0,110.0,1.6532489756154576,101.51936379132371
11:27:00,1.6533388071438695,101.51929189617022,0,0,0,0,0,0,0,0,0,180,forward,0,0,110.0,1.6532489756154576,101.51936379132371
11:27:02,1.6533388071438695,101.51929189617022,0,0,0,0,0,0,0,0,0,180,forward,0,0,110.0,1.6532489756154576,101.51936379132371
11:27:05,1.6533388071438695,101.51929189617022,0,0,0,0,0,0,0,0,0,180,forward,0,0,110.0,1.6532489756154576,101.51936379132371
11:27:07,1.6533388071438695,101.51929189617022,0,0,0,0,0,0,0,0,0,180,forward,0,0,110.0,1.6532489756154576,101.51936379132371
11:27:09,1.6533388071438695,101.51929189617022,0,0,0,0,0,0,0,0,0,180,forward,0,0,110.0,1.6532489756154576,101.51936379132371
11:27:11,1.6533388071438695,101.51929189617022,0,0,0,0,0,0,0,0,0,180,forward,0,0,110.0,1.6532489756154576,101.51936379132371
11:27:13,1.6533388071438695,101.51929189617022,0,0,0,0,0,0,0,0,0,180,forward,0,0,110.0,1.6532489756154576,101.51936379132371
11:27:16,1.6533388071438695,101.51929189617022,0,0,0,0,0,0,0,0,0,180,forward,0,0,110.0,1.6532489756154576,101.51936379132371
11:27:18,1.6533388071438695,101.51929189617022,0,0,0,0,0,0,0,0,0,180,forward,0,0,110.0,1.6532489756154576,101.51936379132371
11:27:20,1.6533388071438695,101.51929189617022,0,0,0,0,0,0,0,0,0,180,forward,0,0,110.0,1.6532489756154576,101.51936379132371
11:27:22,1.6533388071438695,101.51929189617022,0,0,0,0,0,0,0,0,0,180,forward,0,0,110.0,1.6532489756154576,101.51936379132371
11:27:24,1.6533388071438695,101.51929189617022,0,0,0,0,0,0,0,0,0,180,forward,0,0,110.0,1.6532489756154576,101.51936379132371
11:27:26,1.6533388071438695,101.51929189617022,0,0,0,0,0,0,0,0,0,180,forward,0,0,110.0,1.6532489756154576,101.51936379132371
11:27:29,1.6533388071438695,101.51929189617022,0,0,0,0,0,0,0,0,0,180,forward,0,0,110.0,1.6532489756154576,101.51936379132371
11:27:31,1.6533388071438695,101.51929189617022,0,0,0,0,0,0,0,0,0,180,forward,0,0,110.0,1.6532489756154576,101.51936379132371
11:27:33,1.6533388071438695,101.51929189617022,0,0,0,0,0,0,0,0,0,180,forward,0,0,110.0,1.6532489756154576,101.51936379132371
11:27:35,1.6533388071438695,101.51929189617022,0,0,0,0,0,0,0,0,0,180,forward,0,0,110.0,1.6532489756154576,101.51936379132371
11:27:37,1.6533388071438695,101.51929189617022,0,0,0,0,0,0,0,0,0,180,forward,0,0,110.0,1.6532489756154576,101.51936379132371
11:27:40,1.6533388071438695,101.51929189617022,0,0,0,0,0,0,0,0,0,180,forward,0,0,110.0,1.6532489756154576,101.51936379132371
11:27:42,1.6533388071438695,101.51929189617022,0,0,0,0,0,0,0,0,0,180,forward,0,0,110.0,1.6532489756154576,101.51936379132371
11:27:44,1.6533388071438695,101.51929189617022,0,0,0,0,0,0,0,0,0,180,forward,0,0,110.0,1.6532489756154576,101.51936379132371
11:27:46,1.6533388071438695,101.51929189617022,0,0,0,0,0,0,0,0,0,180,forward,0,0,110.0,1.6532489756154576,101.51936379132371
11:27:48,1.6533388071438695,101.51929189617022,0,0,0,0,0,0,0,0,0,180,forward,0,0,110.0,1.6532489756154576,101.51936379132371
11:27:51,1.6533388071438695,101.51929189617022,0,0,0,0,0,0,0,0,0,180,forward,0,0,110.0,1.6532489756154576,101.51936379132371
11:27:53,1.6533388071438695,101.51929189617022,0,0,0,0,0,0,0,0,0,180,forward,0,0,110.0,1.6532489756154576,101.51936379132371
11:27:55,1.6533388071438695,101.51929189617022,0,0,0,0,0,0,0,0,0,180,forward,0,0,110.0,1.6532489756154576,101.51936379132371
11:27:57,1.6533388071438695,101.51929189617022,0,0,0,0,0,0,0,0,0,180,forward,0,0,110.0,1.6532489756154576,101.51936379132371
11:27:59,1.6533388071438695,101.51929189617022,0,0,0,0,0,0,0,0,0,180,forward,0,0,110.0,1.6532489756154576,101.51936379132371
11:28:02,1.6533388071438695,101.51929189617022,0,0,0,0,0,0,0,0,0,180,forward,0,0,110.0,1.6532489756154576,101.51936379132371
11:28:04,1.6533388071438695,101.51929189617022,0,0,0,0,0,0,0,0,0,180,forward,0,0,110.0,1.6532489756154576,101.51936379132371
11:28:06,1.6533388071438695,101.51929189617022,0,0,0,0,0,0,0,0,0,180,forward,0,0,110.0,1.6532489756154576,101.51936379132371
11:28:08,1.6533388071438695,101.51929189617022,0,0,0,0,0,0,0,0,0,180,forward,0,0,110.0,1.6532489756154576,101.51936379132371
11:28:10,1.6533388071438695,101.51929189617022,0,0,0,0,0,0,0,0,0,180,forward,0,0,110.0,1.6532489756154576,101.51936379132371
11:28:13,1.6533388071438695,101.51929189617022,0,0,0,0,0,0,0,0,0,180,forward,0,0,110.0,1.6532489756154576,101.51936379132371
11:28:15,1.6533388071438695,101.51929189617022,0,0,0,0,0,0,0,0,0,180,forward,0,0,110.0,1.6532489756154576,101.51936379132371
11:28:17,1.6533388071438695,101.51929189617022,0,0,0,0,0,0,0,0,0,180,forward,0,0,110.0,1.6532489756154576,101.51936379132371
11:28:19,1.6533388071438695,101.51929189617022,0,0,0,0,0,0,0,0,0,180,forward,0,0,110.0,1.6532489756154576,101.51936379132371
11:28:21,1.6533388071438695,101.51929189617022,0,0,0,0,0,0,0,0,0,180,forward,0,0,110.0,1.6532489756154576,101.51936379132371
11:28:24,1.6533388071438695,101.51929189617022,0,0,0,0,0,0,0,0,0,180,forward,0,0,110.0,1.6532489756154576,101.51936379132371
11:28:26,1.6533388071438695,101.51929189617022,0,0,0,0,0,0,0,0,0,180,forward,0,0,110.0,1.6532489756154576,101.51936379132371
11:28:28,1.6533388071438695,101.51929189617022,0,0,0,0,0,0,0,0,0,180,forward,0,0,110.0,1.6532489756154576,101.51936379132371
11:28:30,1.6533388071438695,101.51929189617022,0,0,0,0,0,0,0,0,0,180,forward,0,0,110.0,1.6532489756154576,101.51936379132371
11:28:32,1.6533388071438695,101.51929189617022,0,0,0,0,0,0,0,0,0,180,forward,0,0,110.0,1.6532489756154576,101.51936379132371
11:28:34,1.6533388071438695,101.51929189617022,0,0,0,0,0,0,0,0,0,180,forward,0,0,110.0,1.6532489756154576,101.51936379132371
11:28:37,1.6533388071438695,101.51929189617022,0,0,0,0,0,0,0,0,0,180,forward,0,0,110.0,1.6532489756154576,101.51936379132371
11:28:39,1.6533388071438695,101.51929189617022,0,0,0,0,0,0,0,0,0,180,forward,0,0,110.0,1.6532489756154576,101.51936379132371
11:28:41,1.6533388071438695,101.51929189617022,0,0,0,0,0,0,0,0,0,180,forward,0,0,110.0,1.6532489756154576,101.51936379132371
11:28:43,1.6533388071438695,101.51929189617022,0,0,0,0,0,0,0,0,0,180,forward,0,0,110.0,1.6532489756154576,101.51936379132371
11:28:45,1.6533388071438695,101.51929189617022,0,0,0,0,0,0,0,0,0,180,forward,0,0,110.0,1.6532489756154576,101.51936379132371
11:28:47,1.6533388071438695,101.51929189617022,0,0,0,0,0,0,0,0,0,180,forward,0,0,110.0,1.6532489756154576,101.51936379132371
11:28:49,1.6533388071438695,101.51929189617022,0,0,0,0,0,0,0,0,0,180,forward,0,0,110.0,1.6532489756154576,101.51936379132371
11:28:52,1.6533388071438695,101.51929189617022,0,0,0,0,0,0,0,0,0,180,forward,0,0,110.0,1.6532489756154576,101.51936379132371
11:28:54,1.6533388071438695,101.51929189617022,0,0,0,0,0,0,0,0,0,180,forward,0,0,110.0,1.6532489756154576,101.51936379132371
11:28:56,1.6533388071438695,101.51929189617022,0,0,0,0,0,0,0,0,0,180,forward,0,0,110.0,1.6532489756154576,101.51936379132371
11:28:58,1.6533388071438695,101.51929189617022,0,0,0,0,0,0,0,0,0,180,forward,0,0,110.0,1.6532489756154576,101.51936379132371
11:29:00,1.6533388071438695,101.51929189617022,0,0,0,0,0,0,0,0,0,180,forward,0,0,110.0,1.6532489756154576,101.51936379132371
11:29:03,1.6533388071438695,101.51929189617022,0,0,0,0,0,0,0,0,0,180,forward,0,0,110.0,1.6532489756154576,101.51936379132371
11:29:05,1.6533388071438695,101.51929189617022,0,0,0,0,0,0,0,0,0,180,forward,0,0,110.0,1.6532489756154576,101.51936379132371
11:29:07,1.6533388071438695,101.51929189617022,0,0,0,0,0,0,0,0,0,180,forward,0,0,110.0,1.6532489756154576,101.51936379132371
11:29:09,1.6533388071438695,101.51929189617022,0,0,0,0,0,0,0,0,0,180,forward,0,0,110.0,1.6532489756154576,101.51936379132371
11:29:11,1.6533388071438695,101.51929189617022,0,0,0,0,0,0,0,0,0,180,forward,0,0,110.0,1.6532489756154576,101.51936379132371
11:29:13,1.6533388071438695,101.51929189617022,0,0,0,0,0,0,0,0,0,180,forward,0,0,110.0,1.6532489756154576,101.51936379132371
11:29:16,1.6533388071438695,101.51929189617022,0,0,0,0,0,0,0,0,0,180,forward,0,0,110.0,1.6532489756154576,101.51936379132371
11:29:18,1.6533388071438695,101.51929189617022,0,0,0,0,0,0,0,0,0,180,forward,0,0,110.0,1.6532489756154576,101.51936379132371
11:29:20,1.6533388071438695,101.51929189617022,0,0,0,0,0,0,0,0,0,180,forward,0,0,110.0,1.6532489756154576,101.51936379132371
11:29:22,1.6533388071438695,101.51929189617022,0,0,0,0,0,0,0,0,0,180,forward,0,0,110.0,1.6532489756154576,101.51936379132371
11:29:24,1.6533388071438695,101.51929189617022,0,0,0,0,0,0,0,0,0,180,forward,0,0,110.0,1.6532489756154576,101.51936379132371
11:29:27,1.6533388071438695,101.51929189617022,0,0,0,0,0,0,0,0,0,180,forward,0,0,110.0,1.6532489756154576,101.51936379132371
11:29:29,1.6533388071438695,101.51929189617022,0,0,0,0,0,0,0,0,0,180,forward,0,0,110.0,1.6532489756154576,101.51936379132371
11:29:31,1.6533388071438695,101.51929189617022,0,0,0,0,0,0,0,0,0,180,forward,0,0,110.0,1.6532489756154576,101.51936379132371
11:29:33,1.6533388071438695,101.51929189617022,0,0,0,0,0,0,0,0,0,180,forward,0,0,110.0,1.6532489756154576,101.51936379132371
11:29:35,1.6533388071438695,101.51929189617022,0,0,0,0,0,0,0,0,0,180,forward,0,0,110.0,1.6532489756154576,101.51936379132371
11:29:38,1.6533388071438695,101.51929189617022,0,0,0,0,0,0,0,0,0,180,forward,0,0,110.0,1.6532489756154576,101.51936379132371
11:29:40,1.6533388071438695,101.51929189617022,0,0,0,0,0,0,0,0,0,180,forward,0,0,110.0,1.6532489756154576,101.51936379132371
11:29:42,1.6533388071438695,101.51929189617022,0,0,0,0,0,0,0,0,0,180,forward,0,0,110.0,1.6532489756154576,101.51936379132371
11:29:44,1.6533388071438695,101.51929189617022,0,0,0,0,0,0,0,0,0,180,forward,0,0,110.0,1.6532489756154576,101.51936379132371
11:29:46,1.6533388071438695,101.51929189617022,0,0,0,0,0,0,0,0,0,180,forward,0,0,110.0,1.6532489756154576,101.51936379132371
11:29:49,1.6533388071438695,101.51929189617022,0,0,0,0,0,0,0,0,0,180,forward,0,0,110.0,1.6532489756154576,101.51936379132371
11:29:51,1.6533388071438695,101.51929189617022,0,0,0,0,0,0,0,0,0,180,forward,0,0,110.0,1.6532489756154576,101.51936379132371
11:29:53,1.6533388071438695,101.51929189617022,0,0,0,0,0,0,0,0,0,180,forward,0,0,110.0,1.6532489756154576,101.51936379132371
11:29:55,1.6533388071438695,101.51929189617022,0,0,0,0,0,0,0,0,0,180,forward,0,0,110.0,1.6532489756154576,101.51936379132371
11:29:57,1.6533388071438695,101.51929189617022,0,0,0,0,0,0,0,0,0,180,forward,0,0,110.0,1.6532489756154576,101.51936379132371
11:30:00,1.6533388071438695,101.51929189617022,0,0,0,0,0,0,0,0,0,180,forward,0,0,110.0,1.6532489756154576,101.51936379132371
11:30:02,1.6533388071438695,101.51929189617022,0,0,0,0,0,0,0,0,0,180,forward,0,0,110.0,1.6532489756154576,101.51936379132371
11:30:04,1.6533388071438695,101.51929189617022,0,0,0,0,0,0,0,0,0,180,forward,0,0,110.0,1.6532489756154576,101.51936379132371
11:30:06,1.6533388071438695,101.51929189617022,0,0,0,0,0,0,0,0,0,180,forward,0,0,110.0,1.6532489756154576,101.51936379132371
11:30:08,1.6533388071438695,101.51929189617022,0,0,0,0,0,0,0,0,0,180,forward,0,0,110.0,1.6532489756154576,101.51936379132371
11:30:11,1.6533388071438695,101.51929189617022,0,0,0,0,0,0,0,0,0,180,forward,0,0,110.0,1.6532489756154576,101.51936379132371
11:30:13,1.6533388071438695,101.51929189617022,0,0,0,0,0,0,0,0,0,180,forward,0,0,110.0,1.6532489756154576,101.51936379132371
11:30:15,1.6533388071438695,101.51929189617022,0,0,0,0,0,0,0,0,0,180,forward,0,0,110.0,1.6532489756154576,101.51936379132371
11:30:17,1.6533388071438695,101.51929189617022,0,0,0,0,0,0,0,0,0,180,forward,0,0,110.0,1.6532489756154576,101.51936379132371
11:30:19,1.6533388071438695,101.51929189617022,0,0,0,0,0,0,0,0,0,180,forward,0,0,110.0,1.6532489756154576,101.51936379132371
11:30:22,1.6533388071438695,101.51929189617022,0,0,0,0,0,0,0,0,0,180,forward,0,0,110.0,1.6532489756154576,101.51936379132371
11:30:24,1.6533388071438695,101.51929189617022,0,0,0,0,0,0,0,0,0,180,forward,0,0,110.0,1.6532489756154576,101.51936379132371
11:30:26,1.6533388071438695,101.51929189617022,0,0,0,0,0,0,0,0,0,180,forward,0,0,110.0,1.6532489756154576,101.51936379132371
11:30:28,1.6533388071438695,101.51929189617022,0,0,0,0,0,0,0,0,0,180,forward,0,0,110.0,1.6532489756154576,101.51936379132371
11:30:30,1.6533388071438695,101.51929189617022,0,0,0,0,0,0,0,0,0,180,forward,0,0,110.0,1.6532489756154576,101.51936379132371
11:30:33,1.6533388071438695,101.51929189617022,0,0,0,0,0,0,0,0,0,180,forward,0,0,110.0,1.6532489756154576,101.51936379132371
11:30:35,1.6533388071438695,101.51929189617022,0,0,0,0,0,0,0,0,0,180,forward,0,0,110.0,1.6532489756154576,101.51936379132371
11:30:37,1.6533388071438695,101.51929189617022,0,0,0,0,0,0,0,0,0,180,forward,0,0,110.0,1.6532489756154576,101.51936379132371
11:30:39,1.6533388071438695,101.51929189617022,0,0,0,0,0,0,0,0,0,180,forward,0,0,110.0,1.6532489756154576,101.51936379132371
11:30:41,1.6533388071438695,101.51929189617022,0,0,0,0,0,0,0,0,0,180,forward,0,0,110.0,1.6532489756154576,101.51936379132371
11:30:44,1.6533388071438695,101.51929189617022,0,0,0,0,0,0,0,0,0,180,forward,0,0,110.0,1.6532489756154576,101.51936379132371
11:30:46,1.6533388071438695,101.51929189617022,0,0,0,0,0,0,0,0,0,180,forward,0,0,110.0,1.6532489756154576,101.51936379132371
11:30:48,1.6533388071438695,101.51929189617022,0,0,0,0,0,0,0,0,0,180,forward,0,0,110.0,1.6532489756154576,101.51936379132371
11:30:50,1.6533388071438695,101.51929189617022,0,0,0,0,0,0,0,0,0,180,forward,0,0,110.0,1.6532489756154576,101.51936379132371
11:30:52,1.6533388071438695,101.51929189617022,0,0,0,0,0,0,0,0,0,180,forward,0,0,110.0,1.6532489756154576,101.51936379132371
11:30:54,1.6533388071438695,101.51929189617022,0,0,0,0,0,0,0,0,0,180,forward,0,0,110.0,1.6532489756154576,101.51936379132371
11:30:56,1.6533388071438695,101.51929189617022,0,0,0,0,0,0,0,0,0,180,forward,0,0,110.0,1.6532489756154576,101.51936379132371
11:30:59,1.6533388071438695,101.51929189617022,0,0,0,0,0,0,0,0,0,180,forward,0,0,110.0,1.6532489756154576,101.51936379132371
11:31:01,1.6533388071438695,101.51929189617022,0,0,0,0,0,0,0,0,0,180,forward,0,0,110.0,1.6532489756154576,101.51936379132371
11:31:03,1.6533388071438695,101.51929189617022,0,0,0,0,0,0,0,0,0,180,forward,0,0,110.0,1.6532489756154576,101.51936379132371
11:31:05,1.6533388071438695,101.51929189617022,0,0,0,0,0,0,0,0,0,180,forward,0,0,110.0,1.6532489756154576,101.51936379132371
11:31:07,1.6533388071438695,101.51929189617022,0,0,0,0,0,0,0,0,0,180,forward,0,0,110.0,1.6532489756154576,101.51936379132371
11:31:09,1.6533388071438695,101.51929189617022,0,0,0,0,0,0,0,0,0,180,forward,0,0,110.0,1.6532489756154576,101.51936379132371
11:31:11,1.6533388071438695,101.51929189617022,0,0,0,0,0,0,0,0,0,180,forward,0,0,110.0,1.6532489756154576,101.51936379132371
11:31:14,1.6533388071438695,101.51929189617022,0,0,0,0,0,0,0,0,0,180,forward,0,0,110.0,1.6532489756154576,101.51936379132371
11:31:16,1.6533388071438695,101.51929189617022,0,0,0,0,0,0,0,0,0,180,forward,0,0,110.0,1.6532489756154576,101.51936379132371
11:31:18,1.6533388071438695,101.51929189617022,0,0,0,0,0,0,0,0,0,180,forward,0,0,110.0,1.6532489756154576,101.51936379132371
11:31:20,1.6533388071438695,101.51929189617022,0,0,0,0,0,0,0,0,0,180,forward,0,0,110.0,1.6532489756154576,101.51936379132371
11:31:22,1.6533388071438695,101.51929189617022,0,0,0,0,0,0,0,0,0,180,forward,0,0,110.0,1.6532489756154576,101.51936379132371
11:31:25,1.6533388071438695,101.51929189617022,0,0,0,0,0,0,0,0,0,180,forward,0,0,110.0,1.6532489756154576,101.51936379132371
11:31:27,1.6533388071438695,101.51929189617022,0,0,0,0,0,0,0,0,0,180,forward,0,0,110.0,1.6532489756154576,101.51936379132371
11:31:29,1.6533388071438695,101.51929189617022,0,0,0,0,0,0,0,0,0,180,forward,0,0,110.0,1.6532489756154576,101.51936379132371
11:31:31,1.6533388071438695,101.51929189617022,0,0,0,0,0,0,0,0,0,180,forward,0,0,110.0,1.6532489756154576,101.51936379132371
11:31:33,1.6533388071438695,101.51929189617022,0,0,0,0,0,0,0,0,0,180,forward,0,0,110.0,1.6532489756154576,101.51936379132371
11:31:35,1.6533388071438695,101.51929189617022,0,0,0,0,0,0,0,0,0,180,forward,0,0,110.0,1.6532489756154576,101.51936379132371
11:31:37,1.6533388071438695,101.51929189617022,0,0,0,0,0,0,0,0,0,180,forward,0,0,110.0,1.6532489756154576,101.51936379132371
11:31:39,1.6533388071438695,101.51929189617022,0,0,0,0,0,0,0,0,0,180,forward,0,0,110.0,1.6532489756154576,101.51936379132371
11:31:42,1.6533388071438695,101.51929189617022,0,0,0,0,0,0,0,0,0,180,forward,0,0,110.0,1.6532489756154576,101.51936379132371
11:31:44,1.6533388071438695,101.51929189617022,0,0,0,0,0,0,0,0,0,180,forward,0,0,110.0,1.6532489756154576,101.51936379132371
11:31:46,1.6533388071438695,101.51929189617022,0,0,0,0,0,0,0,0,0,180,forward,0,0,110.0,1.6532489756154576,101.51936379132371
11:31:48,1.6533388071438695,101.51929189617022,0,0,0,0,0,0,0,0,0,180,forward,0,0,110.0,1.6532489756154576,101.51936379132371
11:31:50,1.6533388071438695,101.51929189617022,0,0,0,0,0,0,0,0,0,180,forward,0,0,110.0,1.6532489756154576,101.51936379132371
11:31:53,1.6533388071438695,101.51929189617022,0,0,0,0,0,0,0,0,0,180,forward,0,0,110.0,1.6532489756154576,101.51936379132371
11:31:55,1.6533388071438695,101.51929189617022,0,0,0,0,0,0,0,0,0,180,forward,0,0,110.0,1.6532489756154576,101.51936379132371
11:31:57,1.6533388071438695,101.51929189617022,0,0,0,0,0,0,0,0,0,180,forward,0,0,110.0,1.6532489756154576,101.51936379132371
11:31:59,1.6533388071438695,101.51929189617022,0,0,0,0,0,0,0,0,0,180,forward,0,0,110.0,1.6532489756154576,101.51936379132371
11:32:01,1.6533388071438695,101.51929189617022,0,0,0,0,0,0,0,0,0,180,forward,0,0,110.0,1.6532489756154576,101.51936379132371
11:32:04,1.6533388071438695,101.51929189617022,0,0,0,0,0,0,0,0,0,180,forward,0,0,110.0,1.6532489756154576,101.51936379132371
11:32:06,1.6533388071438695,101.51929189617022,0,0,0,0,0,0,0,0,0,180,forward,0,0,110.0,1.6532489756154576,101.51936379132371
11:32:08,1.6533388071438695,101.51929189617022,0,0,0,0,0,0,0,0,0,180,forward,0,0,110.0,1.6532489756154576,101.51936379132371
11:32:10,1.6533388071438695,101.51929189617022,0,0,0,0,0,0,0,0,0,180,forward,0,0,110.0,1.6532489756154576,101.51936379132371
11:32:12,1.6533388071438695,101.51929189617022,0,0,0,0,0,0,0,0,0,180,forward,0,0,110.0,1.6532489756154576,101.51936379132371
11:32:14,1.6533388071438695,101.51929189617022,0,0,0,0,0,0,0,0,0,180,forward,0,0,110.0,1.6532489756154576,101.51936379132371
11:32:17,1.6533388071438695,101.51929189617022,0,0,0,0,0,0,0,0,0,180,forward,0,0,110.0,1.6532489756154576,101.51936379132371
11:32:19,1.6533388071438695,101.51929189617022,0,0,0,0,0,0,0,0,0,180,forward,0,0,110.0,1.6532489756154576,101.51936379132371
11:32:21,1.6533388071438695,101.51929189617022,0,0,0,0,0,0,0,0,0,180,forward,0,0,110.0,1.6532489756154576,101.51936379132371
11:32:23,1.6533388071438695,101.51929189617022,0,0,0,0,0,0,0,0,0,180,forward,0,0,110.0,1.6532489756154576,101.51936379132371
11:32:25,1.6533388071438695,101.51929189617022,0,0,0,0,0,0,0,0,0,180,forward,0,0,110.0,1.6532489756154576,101.51936379132371
11:32:28,1.6533388071438695,101.51929189617022,0,0,0,0,0,0,0,0,0,180,forward,0,0,110.0,1.6532489756154576,101.51936379132371
11:32:30,1.6533388071438695,101.51929189617022,0,0,0,0,0,0,0,0,0,180,forward,0,0,110.0,1.6532489756154576,101.51936379132371
11:32:32,1.6533388071438695,101.51929189617022,0,0,0,0,0,0,0,0,0,180,forward,0,0,110.0,1.6532489756154576,101.51936379132371
11:32:34,1.6533388071438695,101.51929189617022,0,0,0,0,0,0,0,0,0,180,forward,0,0,110.0,1.6532489756154576,101.51936379132371
11:32:36,1.6533388071438695,101.51929189617022,0,0,0,0,0,0,0,0,0,180,forward,0,0,110.0,1.6532489756154576,101.51936379132371
11:32:39,1.6533388071438695,101.51929189617022,0,0,0,0,0,0,0,0,0,180,forward,0,0,110.0,1.6532489756154576,101.51936379132371
11:32:41,1.6533388071438695,101.51929189617022,0,0,0,0,0,0,0,0,0,180,forward,0,0,110.0,1.6532489756154576,101.51936379132371
11:32:43,1.6533388071438695,101.51929189617022,0,0,0,0,0,0,0,0,0,180,forward,0,0,110.0,1.6532489756154576,101.51936379132371
11:32:45,1.6533388071438695,101.51929189617022,0,0,0,0,0,0,0,0,0,180,forward,0,0,110.0,1.6532489756154576,101.51936379132371
11:32:47,1.6533388071438695,101.51929189617022,0,0,0,0,0,0,0,0,0,180,forward,0,0,110.0,1.6532489756154576,101.51936379132371
11:32:49,1.6533388071438695,101.51929189617022,0,0,0,0,0,0,0,0,0,180,forward,0,0,110.0,1.6532489756154576,101.51936379132371
11:32:52,1.6533388071438695,101.51929189617022,0,0,0,0,0,0,0,0,0,180,forward,0,0,110.0,1.6532489756154576,101.51936379132371
11:32:54,1.6533388071438695,101.51929189617022,0,0,0,0,0,0,0,0,0,180,forward,0,0,110.0,1.6532489756154576,101.51936379132371
11:32:56,1.6533388071438695,101.51929189617022,0,0,0,0,0,0,0,0,0,180,forward,0,0,110.0,1.6532489756154576,101.51936379132371
11:32:58,1.6533388071438695,101.51929189617022,0,0,0,0,0,0,0,0,0,180,forward,0,0,110.0,1.6532489756154576,101.51936379132371
11:33:00,1.6533388071438695,101.51929189617022,0,0,0,0,0,0,0,0,0,180,forward,0,0,110.0,1.6532489756154576,101.51936379132371
11:33:03,1.6533388071438695,101.51929189617022,0,0,0,0,0,0,0,0,0,180,forward,0,0,110.0,1.6532489756154576,101.51936379132371
11:33:05,1.6533388071438695,101.51929189617022,0,0,0,0,0,0,0,0,0,180,forward,0,0,110.0,1.6532489756154576,101.51936379132371
11:33:07,1.6533388071438695,101.51929189617022,0,0,0,0,0,0,0,0,0,180,forward,0,0,110.0,1.6532489756154576,101.51936379132371
11:33:09,1.6533388071438695,101.51929189617022,0,0,0,0,0,0,0,0,0,180,forward,0,0,110.0,1.6532489756154576,101.51936379132371
11:33:11,1.6533388071438695,101.51929189617022,0,0,0,0,0,0,0,0,0,180,forward,0,0,110.0,1.6532489756154576,101.51936379132371
11:33:13,1.6533388071438695,101.51929189617022,0,0,0,0,0,0,0,0,0,180,forward,0,0,110.0,1.6532489756154576,101.51936379132371
11:33:15,1.6533388071438695,101.51929189617022,0,0,0,0,0,0,0,0,0,180,forward,0,0,110.0,1.6532489756154576,101.51936379132371
11:33:17,1.6533388071438695,101.51929189617022,0,0,0,0,0,0,0,0,0,180,forward,0,0,110.0,1.6532489756154576,101.51936379132371
11:33:20,1.6533388071438695,101.51929189617022,0,0,0,0,0,0,0,0,0,180,forward,0,0,110.0,1.6532489756154576,101.51936379132371
11:33:22,1.6533388071438695,101.51929189617022,0,0,0,0,0,0,0,0,0,180,forward,0,0,110.0,1.6532489756154576,101.51936379132371
11:33:24,1.6533388071438695,101.51929189617022,0,0,0,0,0,0,0,0,0,180,forward,0,0,110.0,1.6532489756154576,101.51936379132371
11:33:26,1.6533388071438695,101.51929189617022,0,0,0,0,0,0,0,0,0,180,forward,0,0,110.0,1.6532489756154576,101.51936379132371
11:33:28,1.6533388071438695,101.51929189617022,0,0,0,0,0,0,0,0,0,180,forward,0,0,110.0,1.6532489756154576,101.51936379132371
11:33:30,1.6533388071438695,101.51929189617022,0,0,0,0,0,0,0,0,0,180,forward,0,0,110.0,1.6532489756154576,101.51936379132371
11:33:32,1.6533388071438695,101.51929189617022,0,0,0,0,0,0,0,0,0,180,forward,0,0,110.0,1.6532489756154576,101.51936379132371
11:33:34,1.6533388071438695,101.51929189617022,0,0,0,0,0,0,0,0,0,180,forward,0,0,110.0,1.6532489756154576,101.51936379132371
11:33:37,1.6533388071438695,101.51929189617022,0,0,0,0,0,0,0,0,0,180,forward,0,0,110.0,1.6532489756154576,101.51936379132371
11:33:39,1.6533388071438695,101.51929189617022,0,0,0,0,0,0,0,0,0,180,forward,0,0,110.0,1.6532489756154576,101.51936379132371
11:33:41,1.6533388071438695,101.51929189617022,0,0,0,0,0,0,0,0,0,180,forward,0,0,110.0,1.6532489756154576,101.51936379132371
11:33:43,1.6533388071438695,101.51929189617022,0,0,0,0,0,0,0,0,0,180,forward,0,0,110.0,1.6532489756154576,101.51936379132371
11:33:45,1.6533388071438695,101.51929189617022,0,0,0,0,0,0,0,0,0,180,forward,0,0,110.0,1.6532489756154576,101.51936379132371
11:33:47,1.6533388071438695,101.51929189617022,0,0,0,0,0,0,0,0,0,180,forward,0,0,110.0,1.6532489756154576,101.51936379132371
11:33:50,1.6533388071438695,101.51929189617022,0,0,0,0,0,0,0,0,0,180,forward,0,0,110.0,1.6532489756154576,101.51936379132371
11:33:52,1.6533388071438695,101.51929189617022,0,0,0,0,0,0,0,0,0,180,forward,0,0,110.0,1.6532489756154576,101.51936379132371
11:33:54,1.6533388071438695,101.51929189617022,0,0,0,0,0,0,0,0,0,180,forward,0,0,110.0,1.6532489756154576,101.51936379132371
11:33:56,1.6533388071438695,101.51929189617022,0,0,0,0,0,0,0,0,0,180,forward,0,0,110.0,1.6532489756154576,101.51936379132371
11:33:58,1.6533388071438695,101.51929189617022,0,0,0,0,0,0,0,0,0,180,forward,0,0,110.0,1.6532489756154576,101.51936379132371
11:34:00,1.6533388071438695,101.51929189617022,0,0,0,0,0,0,0,0,0,180,forward,0,0,110.0,1.6532489756154576,101.51936379132371
11:34:03,1.6533388071438695,101.51929189617022,0,0,0,0,0,0,0,0,0,180,forward,0,0,110.0,1.6532489756154576,101.51936379132371
11:34:05,1.6533388071438695,101.51929189617022,0,0,0,0,0,0,0,0,0,180,forward,0,0,110.0,1.6532489756154576,101.51936379132371
11:34:07,1.6533388071438695,101.51929189617022,0,0,0,0,0,0,0,0,0,180,forward,0,0,110.0,1.6532489756154576,101.51936379132371
11:34:09,1.6533388071438695,101.51929189617022,0,0,0,0,0,0,0,0,0,180,forward,0,0,110.0,1.6532489756154576,101.51936379132371
11:34:11,1.6533388071438695,101.51929189617022,0,0,0,0,0,0,0,0,0,180,forward,0,0,110.0,1.6532489756154576,101.51936379132371
11:34:13,1.6533388071438695,101.51929189617022,0,0,0,0,0,0,0,0,0,180,forward,0,0,110.0,1.6532489756154576,101.51936379132371
11:34:16,1.6533388071438695,101.51929189617022,0,0,0,0,0,0,0,0,0,180,forward,0,0,110.0,1.6532489756154576,101.51936379132371
11:34:18,1.6533388071438695,101.51929189617022,0,0,0,0,0,0,0,0,0,180,forward,0,0,110.0,1.6532489756154576,101.51936379132371
11:34:20,1.6533388071438695,101.51929189617022,0,0,0,0,0,0,0,0,0,180,forward,0,0,110.0,1.6532489756154576,101.51936379132371
11:34:22,1.6533388071438695,101.51929189617022,0,0,0,0,0,0,0,0,0,180,forward,0,0,110.0,1.6532489756154576,101.51936379132371
11:34:24,1.6533388071438695,101.51929189617022,0,0,0,0,0,0,0,0,0,180,forward,0,0,110.0,1.6532489756154576,101.51936379132371
11:34:26,1.6533388071438695,101.51929189617022,0,0,0,0,0,0,0,0,0,180,forward,0,0,110.0,1.6532489756154576,101.51936379132371
11:34:28,1.6533388071438695,101.51929189617022,0,0,0,0,0,0,0,0,0,180,forward,0,0,110.0,1.6532489756154576,101.51936379132371
11:34:31,1.6533388071438695,101.51929189617022,0,0,0,0,0,0,0,0,0,180,forward,0,0,110.0,1.6532489756154576,101.51936379132371
11:34:33,1.6533388071438695,101.51929189617022,0,0,0,0,0,0,0,0,0,180,forward,0,0,110.0,1.6532489756154576,101.51936379132371
11:34:35,1.6533388071438695,101.51929189617022,0,0,0,0,0,0,0,0,0,180,forward,0,0,110.0,1.6532489756154576,101.51936379132371
11:34:37,1.6533388071438695,101.51929189617022,0,0,0,0,0,0,0,0,0,180,forward,0,0,110.0,1.6532489756154576,101.51936379132371
11:34:39,1.6533388071438695,101.51929189617022,0,0,0,0,0,0,0,0,0,180,forward,0,0,110.0,1.6532489756154576,101.51936379132371
11:34:42,1.6533388071438695,101.51929189617022,0,0,0,0,0,0,0,0,0,180,forward,0,0,110.0,1.6532489756154576,101.51936379132371
11:34:44,1.6533388071438695,101.51929189617022,0,0,0,0,0,0,0,0,0,180,forward,0,0,110.0,1.6532489756154576,101.51936379132371
11:34:46,1.6533388071438695,101.51929189617022,0,0,0,0,0,0,0,0,0,180,forward,0,0,110.0,1.6532489756154576,101.51936379132371
11:34:48,1.6533388071438695,101.51929189617022,0,0,0,0,0,0,0,0,0,180,forward,0,0,110.0,1.6532489756154576,101.51936379132371
11:34:50,1.6533388071438695,101.51929189617022,0,0,0,0,0,0,0,0,0,180,forward,0,0,110.0,1.6532489756154576,101.51936379132371
11:34:53,1.6533388071438695,101.51929189617022,0,0,0,0,0,0,0,0,0,180,forward,0,0,110.0,1.6532489756154576,101.51936379132371
11:34:55,1.6533388071438695,101.51929189617022,0,0,0,0,0,0,0,0,0,180,forward,0,0,110.0,1.6532489756154576,101.51936379132371
11:34:57,1.6533388071438695,101.51929189617022,0,0,0,0,0,0,0,0,0,180,forward,0,0,110.0,1.6532489756154576,101.51936379132371
11:34:59,1.6533388071438695,101.51929189617022,0,0,0,0,0,0,0,0,0,180,forward,0,0,110.0,1.6532489756154576,101.51936379132371
11:35:01,1.6533388071438695,101.51929189617022,0,0,0,0,0,0,0,0,0,180,forward,0,0,110.0,1.6532489756154576,101.51936379132371
11:35:03,1.6533388071438695,101.51929189617022,0,0,0,0,0,0,0,0,0,180,forward,0,0,110.0,1.6532489756154576,101.51936379132371
11:35:05,1.6533388071438695,101.51929189617022,0,0,0,0,0,0,0,0,0,180,forward,0,0,110.0,1.6532489756154576,101.51936379132371
11:35:07,1.6533388071438695,101.51929189617022,0,0,0,0,0,0,0,0,0,180,forward,0,0,110.0,1.6532489756154576,101.51936379132371
11:35:10,1.6533388071438695,101.51929189617022,0,0,0,0,0,0,0,0,0,180,forward,0,0,110.0,1.6532489756154576,101.51936379132371
11:35:12,1.6533388071438695,101.51929189617022,0,0,0,0,0,0,0,0,0,180,forward,0,0,110.0,1.6532489756154576,101.51936379132371
11:35:14,1.6533388071438695,101.51929189617022,0,0,0,0,0,0,0,0,0,180,forward,0,0,110.0,1.6532489756154576,101.51936379132371
11:35:16,1.6533388071438695,101.51929189617022,0,0,0,0,0,0,0,0,0,180,forward,0,0,110.0,1.6532489756154576,101.51936379132371
11:35:18,1.6533388071438695,101.51929189617022,0,0,0,0,0,0,0,0,0,180,forward,0,0,110.0,1.6532489756154576,101.51936379132371
11:35:20,1.6533388071438695,101.51929189617022,0,0,0,0,0,0,0,0,0,180,forward,0,0,110.0,1.6532489756154576,101.51936379132371
11:35:22,1.6533388071438695,101.51929189617022,0,0,0,0,0,0,0,0,0,180,forward,0,0,110.0,1.6532489756154576,101.51936379132371
11:35:24,1.6533388071438695,101.51929189617022,0,0,0,0,0,0,0,0,0,180,forward,0,0,110.0,1.6532489756154576,101.51936379132371
11:35:26,1.6533388071438695,101.51929189617022,0,0,0,0,0,0,0,0,0,180,forward,0,0,110.0,1.6532489756154576,101.51936379132371
11:35:29,1.6533388071438695,101.51929189617022,0,0,0,0,0,0,0,0,0,180,forward,0,0,110.0,1.6532489756154576,101.51936379132371
11:35:31,1.6533388071438695,101.51929189617022,0,0,0,0,0,0,0,0,0,180,forward,0,0,110.0,1.6532489756154576,101.51936379132371
11:35:33,1.6533388071438695,101.51929189617022,0,0,0,0,0,0,0,0,0,180,forward,0,0,110.0,1.6532489756154576,101.51936379132371
11:35:35,1.6533388071438695,101.51929189617022,0,0,0,0,0,0,0,0,0,180,forward,0,0,110.0,1.6532489756154576,101.51936379132371
11:35:37,1.6533388071438695,101.51929189617022,0,0,0,0,0,0,0,0,0,180,forward,0,0,110.0,1.6532489756154576,101.51936379132371
11:35:39,1.6533388071438695,101.51929189617022,0,0,0,0,0,0,0,0,0,180,forward,0,0,110.0,1.6532489756154576,101.51936379132371
11:35:41,1.6533388071438695,101.51929189617022,0,0,0,0,0,0,0,0,0,180,forward,0,0,110.0,1.6532489756154576,101.51936379132371
11:35:44,1.6533388071438695,101.51929189617022,0,0,0,0,0,0,0,0,0,180,forward,0,0,110.0,1.6532489756154576,101.51936379132371
11:35:46,1.6533388071438695,101.51929189617022,0,0,0,0,0,0,0,0,0,180,forward,0,0,110.0,1.6532489756154576,101.51936379132371
11:35:48,1.6533388071438695,101.51929189617022,0,0,0,0,0,0,0,0,0,180,forward,0,0,110.0,1.6532489756154576,101.51936379132371
11:35:50,1.6533388071438695,101.51929189617022,0,0,0,0,0,0,0,0,0,180,forward,0,0,110.0,1.6532489756154576,101.51936379132371
11:35:52,1.6533388071438695,101.51929189617022,0,0,0,0,0,0,0,0,0,180,forward,0,0,110.0,1.6532489756154576,101.51936379132371
11:35:55,1.6533388071438695,101.51929189617022,0,0,0,0,0,0,0,0,0,180,forward,0,0,110.0,1.6532489756154576,101.51936379132371
11:35:57,1.6533388071438695,101.51929189617022,0,0,0,0,0,0,0,0,0,180,forward,0,0,110.0,1.6532489756154576,101.51936379132371
11:35:59,1.6533388071438695,101.51929189617022,0,0,0,0,0,0,0,0,0,180,forward,0,0,110.0,1.6532489756154576,101.51936379132371
11:36:01,1.6533388071438695,101.51929189617022,0,0,0,0,0,0,0,0,0,180,forward,0,0,110.0,1.6532489756154576,101.51936379132371
11:36:03,1.6533388071438695,101.51929189617022,0,0,0,0,0,0,0,0,0,180,forward,0,0,110.0,1.6532489756154576,101.51936379132371
11:36:06,1.6533388071438695,101.51929189617022,0,0,0,0,0,0,0,0,0,180,forward,0,0,110.0,1.6532489756154576,101.51936379132371
11:36:08,1.6533388071438695,101.51929189617022,0,0,0,0,0,0,0,0,0,180,forward,0,0,110.0,1.6532489756154576,101.51936379132371
11:36:10,1.6533388071438695,101.51929189617022,0,0,0,0,0,0,0,0,0,180,forward,0,0,110.0,1.6532489756154576,101.51936379132371
11:36:12,1.6533388071438695,101.51929189617022,0,0,0,0,0,0,0,0,0,180,forward,0,0,110.0,1.6532489756154576,101.51936379132371
11:36:14,1.6533388071438695,101.51929189617022,0,0,0,0,0,0,0,0,0,180,forward,0,0,110.0,1.6532489756154576,101.51936379132371
11:36:16,1.6533388071438695,101.51929189617022,0,0,0,0,0,0,0,0,0,180,forward,0,0,110.0,1.6532489756154576,101.51936379132371
11:36:18,1.6533388071438695,101.51929189617022,0,0,0,0,0,0,0,0,0,180,forward,0,0,110.0,1.6532489756154576,101.51936379132371
11:36:21,1.6533388071438695,101.51929189617022,0,0,0,0,0,0,0,0,0,180,forward,0,0,110.0,1.6532489756154576,101.51936379132371
11:36:23,1.6533388071438695,101.51929189617022,0,0,0,0,0,0,0,0,0,180,forward,0,0,110.0,1.6532489756154576,101.51936379132371
11:36:25,1.6533388071438695,101.51929189617022,0,0,0,0,0,0,0,0,0,180,forward,0,0,110.0,1.6532489756154576,101.51936379132371
11:36:27,1.6533388071438695,101.51929189617022,0,0,0,0,0,0,0,0,0,180,forward,0,0,110.0,1.6532489756154576,101.51936379132371
11:36:29,1.6533388071438695,101.51929189617022,0,0,0,0,0,0,0,0,0,180,forward,0,0,110.0,1.6532489756154576,101.51936379132371
11:36:32,1.6533388071438695,101.51929189617022,0,0,0,0,0,0,0,0,0,180,forward,0,0,110.0,1.6532489756154576,101.51936379132371
11:36:34,1.6533388071438695,101.51929189617022,0,0,0,0,0,0,0,0,0,180,forward,0,0,110.0,1.6532489756154576,101.51936379132371
11:36:36,1.6533388071438695,101.51929189617022,0,0,0,0,0,0,0,0,0,180,forward,0,0,110.0,1.6532489756154576,101.51936379132371
11:36:38,1.6533388071438695,101.51929189617022,0,0,0,0,0,0,0,0,0,180,forward,0,0,110.0,1.6532489756154576,101.51936379132371
11:36:40,1.6533388071438695,101.51929189617022,0,0,0,0,0,0,0,0,0,180,forward,0,0,110.0,1.6532489756154576,101.51936379132371
11:36:43,1.6533388071438695,101.51929189617022,0,0,0,0,0,0,0,0,0,180,forward,0,0,110.0,1.6532489756154576,101.51936379132371
11:36:45,1.6533388071438695,101.51929189617022,0,0,0,0,0,0,0,0,0,180,forward,0,0,110.0,1.6532489756154576,101.51936379132371
11:36:47,1.6533388071438695,101.51929189617022,0,0,0,0,0,0,0,0,0,180,forward,0,0,110.0,1.6532489756154576,101.51936379132371
11:36:49,1.6533388071438695,101.51929189617022,0,0,0,0,0,0,0,0,0,180,forward,0,0,110.0,1.6532489756154576,101.51936379132371
11:36:51,1.6533388071438695,101.51929189617022,0,0,0,0,0,0,0,0,0,180,forward,0,0,110.0,1.6532489756154576,101.51936379132371
11:36:53,1.6533388071438695,101.51929189617022,0,0,0,0,0,0,0,0,0,180,forward,0,0,110.0,1.6532489756154576,101.51936379132371
11:36:56,1.6533388071438695,101.51929189617022,0,0,0,0,0,0,0,0,0,180,forward,0,0,110.0,1.6532489756154576,101.51936379132371
11:36:58,1.6533388071438695,101.51929189617022,0,0,0,0,0,0,0,0,0,180,forward,0,0,110.0,1.6532489756154576,101.51936379132371
11:37:00,1.6533388071438695,101.51929189617022,0,0,0,0,0,0,0,0,0,180,forward,0,0,110.0,1.6532489756154576,101.51936379132371
11:37:02,1.6533388071438695,101.51929189617022,0,0,0,0,0,0,0,0,0,180,forward,0,0,110.0,1.6532489756154576,101.51936379132371
11:37:04,1.6533388071438695,101.51929189617022,0,0,0,0,0,0,0,0,0,180,forward,0,0,110.0,1.6532489756154576,101.51936379132371
11:37:06,1.6533388071438695,101.51929189617022,0,0,0,0,0,0,0,0,0,180,forward,0,0,110.0,1.6532489756154576,101.51936379132371
11:37:08,1.6533388071438695,101.51929189617022,0,0,0,0,0,0,0,0,0,180,forward,0,0,110.0,1.6532489756154576,101.51936379132371
11:37:11,1.6533388071438695,101.51929189617022,0,0,0,0,0,0,0,0,0,180,forward,0,0,110.0,1.6532489756154576,101.51936379132371
11:37:13,1.6533388071438695,101.51929189617022,0,0,0,0,0,0,0,0,0,180,forward,0,0,110.0,1.6532489756154576,101.51936379132371
11:37:15,1.6533388071438695,101.51929189617022,0,0,0,0,0,0,0,0,0,180,forward,0,0,110.0,1.6532489756154576,101.51936379132371
11:37:17,1.6533388071438695,101.51929189617022,0,0,0,0,0,0,0,0,0,180,forward,0,0,110.0,1.6532489756154576,101.51936379132371
11:37:19,1.6533388071438695,101.51929189617022,0,0,0,0,0,0,0,0,0,180,forward,0,0,110.0,1.6532489756154576,101.51936379132371
11:37:21,1.6533388071438695,101.51929189617022,0,0,0,0,0,0,0,0,0,180,forward,0,0,110.0,1.6532489756154576,101.51936379132371
11:37:23,1.6533388071438695,101.51929189617022,0,0,0,0,0,0,0,0,0,180,forward,0,0,110.0,1.6532489756154576,101.51936379132371
11:37:26,1.6533388071438695,101.51929189617022,0,0,0,0,0,0,0,0,0,180,forward,0,0,110.0,1.6532489756154576,101.51936379132371
11:37:28,1.6533388071438695,101.51929189617022,0,0,0,0,0,0,0,0,0,180,forward,0,0,110.0,1.6532489756154576,101.51936379132371
11:37:30,1.6533388071438695,101.51929189617022,0,0,0,0,0,0,0,0,0,180,forward,0,0,110.0,1.6532489756154576,101.51936379132371
11:37:32,1.6533388071438695,101.51929189617022,0,0,0,0,0,0,0,0,0,180,forward,0,0,110.0,1.6532489756154576,101.51936379132371
11:37:34,1.6533388071438695,101.51929189617022,0,0,0,0,0,0,0,0,0,180,forward,0,0,110.0,1.6532489756154576,101.51936379132371
11:37:36,1.6533388071438695,101.51929189617022,0,0,0,0,0,0,0,0,0,180,forward,0,0,110.0,1.6532489756154576,101.51936379132371
11:37:39,1.6533388071438695,101.51929189617022,0,0,0,0,0,0,0,0,0,180,forward,0,0,110.0,1.6532489756154576,101.51936379132371
11:37:41,1.6533388071438695,101.51929189617022,0,0,0,0,0,0,0,0,0,180,forward,0,0,110.0,1.6532489756154576,101.51936379132371
11:37:43,1.6533388071438695,101.51929189617022,0,0,0,0,0,0,0,0,0,180,forward,0,0,110.0,1.6532489756154576,101.51936379132371
11:37:45,1.6533388071438695,101.51929189617022,0,0,0,0,0,0,0,0,0,180,forward,0,0,110.0,1.6532489756154576,101.51936379132371
11:37:47,1.6533388071438695,101.51929189617022,0,0,0,0,0,0,0,0,0,180,forward,0,0,110.0,1.6532489756154576,101.51936379132371
11:37:50,1.6533388071438695,101.51929189617022,0,0,0,0,0,0,0,0,0,180,forward,0,0,110.0,1.6532489756154576,101.51936379132371
11:37:52,1.6533388071438695,101.51929189617022,0,0,0,0,0,0,0,0,0,180,forward,0,0,110.0,1.6532489756154576,101.51936379132371
11:37:54,1.6533388071438695,101.51929189617022,0,0,0,0,0,0,0,0,0,180,forward,0,0,110.0,1.6532489756154576,101.51936379132371
11:37:56,1.6533388071438695,101.51929189617022,0,0,0,0,0,0,0,0,0,180,forward,0,0,110.0,1.6532489756154576,101.51936379132371
11:37:58,1.6533388071438695,101.51929189617022,0,0,0,0,0,0,0,0,0,180,forward,0,0,110.0,1.6532489756154576,101.51936379132371
11:38:01,1.6533388071438695,101.51929189617022,0,0,0,0,0,0,0,0,0,180,forward,0,0,110.0,1.6532489756154576,101.51936379132371
11:38:03,1.6533388071438695,101.51929189617022,0,0,0,0,0,0,0,0,0,180,forward,0,0,110.0,1.6532489756154576,101.51936379132371
11:38:05,1.6533388071438695,101.51929189617022,0,0,0,0,0,0,0,0,0,180,forward,0,0,110.0,1.6532489756154576,101.51936379132371
11:38:07,1.6533388071438695,101.51929189617022,0,0,0,0,0,0,0,0,0,180,forward,0,0,110.0,1.6532489756154576,101.51936379132371
11:38:09,1.6533388071438695,101.51929189617022,0,0,0,0,0,0,0,0,0,180,forward,0,0,110.0,1.6532489756154576,101.51936379132371
11:38:11,1.6533388071438695,101.51929189617022,0,0,0,0,0,0,0,0,0,180,forward,0,0,110.0,1.6532489756154576,101.51936379132371
11:38:14,1.6533388071438695,101.51929189617022,0,0,0,0,0,0,0,0,0,180,forward,0,0,110.0,1.6532489756154576,101.51936379132371
11:38:16,1.6533388071438695,101.51929189617022,0,0,0,0,0,0,0,0,0,180,forward,0,0,110.0,1.6532489756154576,101.51936379132371
11:38:18,1.6533388071438695,101.51929189617022,0,0,0,0,0,0,0,0,0,180,forward,0,0,110.0,1.6532489756154576,101.51936379132371
11:38:20,1.6533388071438695,101.51929189617022,0,0,0,0,0,0,0,0,0,180,forward,0,0,110.0,1.6532489756154576,101.51936379132371
11:38:22,1.6533388071438695,101.51929189617022,0,0,0,0,0,0,0,0,0,180,forward,0,0,110.0,1.6532489756154576,101.51936379132371
11:38:24,1.6533388071438695,101.51929189617022,0,0,0,0,0,0,0,0,0,180,forward,0,0,110.0,1.6532489756154576,101.51936379132371
11:38:27,1.6533388071438695,101.51929189617022,0,0,0,0,0,0,0,0,0,180,forward,0,0,110.0,1.6532489756154576,101.51936379132371
11:38:29,1.6533388071438695,101.51929189617022,0,0,0,0,0,0,0,0,0,180,forward,0,0,110.0,1.6532489756154576,101.51936379132371
11:38:31,1.6533388071438695,101.51929189617022,0,0,0,0,0,0,0,0,0,180,forward,0,0,110.0,1.6532489756154576,101.51936379132371
11:38:33,1.6533388071438695,101.51929189617022,0,0,0,0,0,0,0,0,0,180,forward,0,0,110.0,1.6532489756154576,101.51936379132371
11:38:35,1.6533388071438695,101.51929189617022,0,0,0,0,0,0,0,0,0,180,forward,0,0,110.0,1.6532489756154576,101.51936379132371
11:38:37,1.6533388071438695,101.51929189617022,0,0,0,0,0,0,0,0,0,180,forward,0,0,110.0,1.6532489756154576,101.51936379132371
11:38:40,1.6533388071438695,101.51929189617022,0,0,0,0,0,0,0,0,0,180,forward,0,0,110.0,1.6532489756154576,101.51936379132371
11:38:42,1.6533388071438695,101.51929189617022,0,0,0,0,0,0,0,0,0,180,forward,0,0,110.0,1.6532489756154576,101.51936379132371
11:38:44,1.6533388071438695,101.51929189617022,0,0,0,0,0,0,0,0,0,180,forward,0,0,110.0,1.6532489756154576,101.51936379132371
11:38:46,1.6533388071438695,101.51929189617022,0,0,0,0,0,0,0,0,0,180,forward,0,0,110.0,1.6532489756154576,101.51936379132371
11:38:48,1.6533388071438695,101.51929189617022,0,0,0,0,0,0,0,0,0,180,forward,0,0,110.0,1.6532489756154576,101.51936379132371
11:38:51,1.6533388071438695,101.51929189617022,0,0,0,0,0,0,0,0,0,180,forward,0,0,110.0,1.6532489756154576,101.51936379132371
11:38:53,1.6533388071438695,101.51929189617022,0,0,0,0,0,0,0,0,0,180,forward,0,0,110.0,1.6532489756154576,101.51936379132371
11:38:55,1.6533388071438695,101.51929189617022,0,0,0,0,0,0,0,0,0,180,forward,0,0,110.0,1.6532489756154576,101.51936379132371
11:38:57,1.6533388071438695,101.51929189617022,0,0,0,0,0,0,0,0,0,180,forward,0,0,110.0,1.6532489756154576,101.51936379132371
11:38:59,1.6533388071438695,101.51929189617022,0,0,0,0,0,0,0,0,0,180,forward,0,0,110.0,1.6532489756154576,101.51936379132371
11:39:02,1.6533388071438695,101.51929189617022,0,0,0,0,0,0,0,0,0,180,forward,0,0,110.0,1.6532489756154576,101.51936379132371
11:39:04,1.6533388071438695,101.51929189617022,0,0,0,0,0,0,0,0,0,180,forward,0,0,110.0,1.6532489756154576,101.51936379132371
11:39:06,1.6533388071438695,101.51929189617022,0,0,0,0,0,0,0,0,0,180,forward,0,0,110.0,1.6532489756154576,101.51936379132371
11:39:08,1.6533388071438695,101.51929189617022,0,0,0,0,0,0,0,0,0,180,forward,0,0,110.0,1.6532489756154576,101.51936379132371
11:39:10,1.6533388071438695,101.51929189617022,0,0,0,0,0,0,0,0,0,180,forward,0,0,110.0,1.6532489756154576,101.51936379132371
11:39:12,1.6533388071438695,101.51929189617022,0,0,0,0,0,0,0,0,0,180,forward,0,0,110.0,1.6532489756154576,101.51936379132371
11:39:15,1.6533388071438695,101.51929189617022,0,0,0,0,0,0,0,0,0,180,forward,0,0,110.0,1.6532489756154576,101.51936379132371
11:39:17,1.6533388071438695,101.51929189617022,0,0,0,0,0,0,0,0,0,180,forward,0,0,110.0,1.6532489756154576,101.51936379132371
11:39:19,1.6533388071438695,101.51929189617022,0,0,0,0,0,0,0,0,0,180,forward,0,0,110.0,1.6532489756154576,101.51936379132371
11:39:21,1.6533388071438695,101.51929189617022,0,0,0,0,0,0,0,0,0,180,forward,0,0,110.0,1.6532489756154576,101.51936379132371
11:39:23,1.6533388071438695,101.51929189617022,0,0,0,0,0,0,0,0,0,180,forward,0,0,110.0,1.6532489756154576,101.51936379132371
11:39:25,1.6533388071438695,101.51929189617022,0,0,0,0,0,0,0,0,0,180,forward,0,0,110.0,1.6532489756154576,101.51936379132371
11:39:27,1.6533388071438695,101.51929189617022,0,0,0,0,0,0,0,0,0,180,forward,0,0,110.0,1.6532489756154576,101.51936379132371
11:39:29,1.6533388071438695,101.51929189617022,0,0,0,0,0,0,0,0,0,180,forward,0,0,110.0,1.6532489756154576,101.51936379132371
11:39:31,1.6533388071438695,101.51929189617022,0,0,0,0,0,0,0,0,0,180,forward,0,0,110.0,1.6532489756154576,101.51936379132371
11:39:34,1.6533388071438695,101.51929189617022,0,0,0,0,0,0,0,0,0,180,forward,0,0,110.0,1.6532489756154576,101.51936379132371
11:39:36,1.6533388071438695,101.51929189617022,0,0,0,0,0,0,0,0,0,180,forward,0,0,110.0,1.6532489756154576,101.51936379132371
11:39:38,1.6533388071438695,101.51929189617022,0,0,0,0,0,0,0,0,0,180,forward,0,0,110.0,1.6532489756154576,101.51936379132371
11:39:40,1.6533388071438695,101.51929189617022,0,0,0,0,0,0,0,0,0,180,forward,0,0,110.0,1.6532489756154576,101.51936379132371
11:39:42,1.6533388071438695,101.51929189617022,0,0,0,0,0,0,0,0,0,180,forward,0,0,110.0,1.6532489756154576,101.51936379132371
11:39:44,1.6533388071438695,101.51929189617022,0,0,0,0,0,0,0,0,0,180,forward,0,0,110.0,1.6532489756154576,101.51936379132371
11:39:46,1.6533388071438695,101.51929189617022,0,0,0,0,0,0,0,0,0,180,forward,0,0,110.0,1.6532489756154576,101.51936379132371
11:39:49,1.6533388071438695,101.51929189617022,0,0,0,0,0,0,0,0,0,180,forward,0,0,110.0,1.6532489756154576,101.51936379132371
11:39:51,1.6533388071438695,101.51929189617022,0,0,0,0,0,0,0,0,0,180,forward,0,0,110.0,1.6532489756154576,101.51936379132371
11:39:53,1.6533388071438695,101.51929189617022,0,0,0,0,0,0,0,0,0,180,forward,0,0,110.0,1.6532489756154576,101.51936379132371
11:39:55,1.6533388071438695,101.51929189617022,0,0,0,0,0,0,0,0,0,180,forward,0,0,110.0,1.6532489756154576,101.51936379132371
11:39:57,1.6533388071438695,101.51929189617022,0,0,0,0,0,0,0,0,0,180,forward,0,0,110.0,1.6532489756154576,101.51936379132371
11:39:59,1.6533388071438695,101.51929189617022,0,0,0,0,0,0,0,0,0,180,forward,0,0,110.0,1.6532489756154576,101.51936379132371
11:40:01,1.6533388071438695,101.51929189617022,0,0,0,0,0,0,0,0,0,180,forward,0,0,110.0,1.6532489756154576,101.51936379132371
11:40:03,1.6533388071438695,101.51929189617022,0,0,0,0,0,0,0,0,0,180,forward,0,0,110.0,1.6532489756154576,101.51936379132371
11:40:06,1.6533388071438695,101.51929189617022,0,0,0,0,0,0,0,0,0,180,forward,0,0,110.0,1.6532489756154576,101.51936379132371
11:40:08,1.6533388071438695,101.51929189617022,0,0,0,0,0,0,0,0,0,180,forward,0,0,110.0,1.6532489756154576,101.51936379132371
11:40:10,1.6533388071438695,101.51929189617022,0,0,0,0,0,0,0,0,0,180,forward,0,0,110.0,1.6532489756154576,101.51936379132371
11:40:12,1.6533388071438695,101.51929189617022,0,0,0,0,0,0,0,0,0,180,forward,0,0,110.0,1.6532489756154576,101.51936379132371
11:40:14,1.6533388071438695,101.51929189617022,0,0,0,0,0,0,0,0,0,180,forward,0,0,110.0,1.6532489756154576,101.51936379132371
11:40:16,1.6533388071438695,101.51929189617022,0,0,0,0,0,0,0,0,0,180,forward,0,0,110.0,1.6532489756154576,101.51936379132371
11:40:18,1.6533388071438695,101.51929189617022,0,0,0,0,0,0,0,0,0,180,forward,0,0,110.0,1.6532489756154576,101.51936379132371
11:40:20,1.6533388071438695,101.51929189617022,0,0,0,0,0,0,0,0,0,180,forward,0,0,110.0,1.6532489756154576,101.51936379132371
11:40:22,1.6533388071438695,101.51929189617022,0,0,0,0,0,0,0,0,0,180,forward,0,0,110.0,1.6532489756154576,101.51936379132371
11:40:25,1.6533388071438695,101.51929189617022,0,0,0,0,0,0,0,0,0,180,forward,0,0,110.0,1.6532489756154576,101.51936379132371
11:40:27,1.6533388071438695,101.51929189617022,0,0,0,0,0,0,0,0,0,180,forward,0,0,110.0,1.6532489756154576,101.51936379132371
11:40:29,1.6533388071438695,101.51929189617022,0,0,0,0,0,0,0,0,0,180,forward,0,0,110.0,1.6532489756154576,101.51936379132371
11:40:31,1.6533388071438695,101.51929189617022,0,0,0,0,0,0,0,0,0,180,forward,0,0,110.0,1.6532489756154576,101.51936379132371
11:40:33,1.6533388071438695,101.51929189617022,0,0,0,0,0,0,0,0,0,180,forward,0,0,110.0,1.6532489756154576,101.51936379132371
11:40:36,1.6533388071438695,101.51929189617022,0,0,0,0,0,0,0,0,0,180,forward,0,0,110.0,1.6532489756154576,101.51936379132371
11:40:38,1.6533388071438695,101.51929189617022,0,0,0,0,0,0,0,0,0,180,forward,0,0,110.0,1.6532489756154576,101.51936379132371
11:40:40,1.6533388071438695,101.51929189617022,0,0,0,0,0,0,0,0,0,180,forward,0,0,110.0,1.6532489756154576,101.51936379132371
11:40:42,1.6533388071438695,101.51929189617022,0,0,0,0,0,0,0,0,0,180,forward,0,0,110.0,1.6532489756154576,101.51936379132371
11:40:44,1.6533388071438695,101.51929189617022,0,0,0,0,0,0,0,0,0,180,forward,0,0,110.0,1.6532489756154576,101.51936379132371
11:40:47,1.6533388071438695,101.51929189617022,0,0,0,0,0,0,0,0,0,180,forward,0,0,110.0,1.6532489756154576,101.51936379132371
11:40:49,1.6533388071438695,101.51929189617022,0,0,0,0,0,0,0,0,0,180,forward,0,0,110.0,1.6532489756154576,101.51936379132371
11:40:51,1.6533388071438695,101.51929189617022,0,0,0,0,0,0,0,0,0,180,forward,0,0,110.0,1.6532489756154576,101.51936379132371
11:40:53,1.6533388071438695,101.51929189617022,0,0,0,0,0,0,0,0,0,180,forward,0,0,110.0,1.6532489756154576,101.51936379132371
11:40:55,1.6533388071438695,101.51929189617022,0,0,0,0,0,0,0,0,0,180,forward,0,0,110.0,1.6532489756154576,101.51936379132371
11:40:58,1.6533388071438695,101.51929189617022,0,0,0,0,0,0,0,0,0,180,forward,0,0,110.0,1.6532489756154576,101.51936379132371
11:41:00,1.6533388071438695,101.51929189617022,0,0,0,0,0,0,0,0,0,180,forward,0,0,110.0,1.6532489756154576,101.51936379132371
11:41:02,1.6533388071438695,101.51929189617022,0,0,0,0,0,0,0,0,0,180,forward,0,0,110.0,1.6532489756154576,101.51936379132371
11:41:04,1.6533388071438695,101.51929189617022,0,0,0,0,0,0,0,0,0,180,forward,0,0,110.0,1.6532489756154576,101.51936379132371
11:41:06,1.6533388071438695,101.51929189617022,0,0,0,0,0,0,0,0,0,180,forward,0,0,110.0,1.6532489756154576,101.51936379132371
11:41:09,1.6533388071438695,101.51929189617022,0,0,0,0,0,0,0,0,0,180,forward,0,0,110.0,1.6532489756154576,101.51936379132371
11:41:11,1.6533388071438695,101.51929189617022,0,0,0,0,0,0,0,0,0,180,forward,0,0,110.0,1.6532489756154576,101.51936379132371
11:41:13,1.6533388071438695,101.51929189617022,0,0,0,0,0,0,0,0,0,180,forward,0,0,110.0,1.6532489756154576,101.51936379132371
11:41:15,1.6533388071438695,101.51929189617022,0,0,0,0,0,0,0,0,0,180,forward,0,0,110.0,1.6532489756154576,101.51936379132371
11:41:17,1.6533388071438695,101.51929189617022,0,0,0,0,0,0,0,0,0,180,forward,0,0,110.0,1.6532489756154576,101.51936379132371
11:41:19,1.6533388071438695,101.51929189617022,0,0,0,0,0,0,0,0,0,180,forward,0,0,110.0,1.6532489756154576,101.51936379132371
11:41:22,1.6533388071438695,101.51929189617022,0,0,0,0,0,0,0,0,0,180,forward,0,0,110.0,1.6532489756154576,101.51936379132371
11:41:24,1.6533388071438695,101.51929189617022,0,0,0,0,0,0,0,0,0,180,forward,0,0,110.0,1.6532489756154576,101.51936379132371
11:41:26,1.6533388071438695,101.51929189617022,0,0,0,0,0,0,0,0,0,180,forward,0,0,110.0,1.6532489756154576,101.51936379132371
11:41:28,1.6533388071438695,101.51929189617022,0,0,0,0,0,0,0,0,0,180,forward,0,0,110.0,1.6532489756154576,101.51936379132371
11:41:30,1.6533388071438695,101.51929189617022,0,0,0,0,0,0,0,0,0,180,forward,0,0,110.0,1.6532489756154576,101.51936379132371
11:41:32,1.6533388071438695,101.51929189617022,0,0,0,0,0,0,0,0,0,180,forward,0,0,110.0,1.6532489756154576,101.51936379132371
11:41:35,1.6533388071438695,101.51929189617022,0,0,0,0,0,0,0,0,0,180,forward,0,0,110.0,1.6532489756154576,101.51936379132371
11:41:37,1.6533388071438695,101.51929189617022,0,0,0,0,0,0,0,0,0,180,forward,0,0,110.0,1.6532489756154576,101.51936379132371
11:41:39,1.6533388071438695,101.51929189617022,0,0,0,0,0,0,0,0,0,180,forward,0,0,110.0,1.6532489756154576,101.51936379132371
11:41:41,1.6533388071438695,101.51929189617022,0,0,0,0,0,0,0,0,0,180,forward,0,0,110.0,1.6532489756154576,101.51936379132371
11:41:43,1.6533388071438695,101.51929189617022,0,0,0,0,0,0,0,0,0,180,forward,0,0,110.0,1.6532489756154576,101.51936379132371
11:41:45,1.6533388071438695,101.51929189617022,0,0,0,0,0,0,0,0,0,180,forward,0,0,110.0,1.6532489756154576,101.51936379132371
11:41:47,1.6533388071438695,101.51929189617022,0,0,0,0,0,0,0,0,0,180,forward,0,0,110.0,1.6532489756154576,101.51936379132371
11:41:49,1.6533388071438695,101.51929189617022,0,0,0,0,0,0,0,0,0,180,forward,0,0,110.0,1.6532489756154576,101.51936379132371
11:41:52,1.6533388071438695,101.51929189617022,0,0,0,0,0,0,0,0,0,180,forward,0,0,110.0,1.6532489756154576,101.51936379132371
11:41:54,1.6533388071438695,101.51929189617022,0,0,0,0,0,0,0,0,0,180,forward,0,0,110.0,1.6532489756154576,101.51936379132371
11:41:56,1.6533388071438695,101.51929189617022,0,0,0,0,0,0,0,0,0,180,forward,0,0,110.0,1.6532489756154576,101.51936379132371
11:41:58,1.6533388071438695,101.51929189617022,0,0,0,0,0,0,0,0,0,180,forward,0,0,110.0,1.6532489756154576,101.51936379132371
11:42:00,1.6533388071438695,101.51929189617022,0,0,0,0,0,0,0,0,0,180,forward,0,0,110.0,1.6532489756154576,101.51936379132371
11:42:03,1.6533388071438695,101.51929189617022,0,0,0,0,0,0,0,0,0,180,forward,0,0,110.0,1.6532489756154576,101.51936379132371
11:42:05,1.6533388071438695,101.51929189617022,0,0,0,0,0,0,0,0,0,180,forward,0,0,110.0,1.6532489756154576,101.51936379132371
11:42:07,1.6533388071438695,101.51929189617022,0,0,0,0,0,0,0,0,0,180,forward,0,0,110.0,1.6532489756154576,101.51936379132371
11:42:09,1.6533388071438695,101.51929189617022,0,0,0,0,0,0,0,0,0,180,forward,0,0,110.0,1.6532489756154576,101.51936379132371
11:42:11,1.6533388071438695,101.51929189617022,0,0,0,0,0,0,0,0,0,180,forward,0,0,110.0,1.6532489756154576,101.51936379132371
11:42:14,1.6533388071438695,101.51929189617022,0,0,0,0,0,0,0,0,0,180,forward,0,0,110.0,1.6532489756154576,101.51936379132371
11:42:16,1.6533388071438695,101.51929189617022,0,0,0,0,0,0,0,0,0,180,forward,0,0,110.0,1.6532489756154576,101.51936379132371
11:42:18,1.6533388071438695,101.51929189617022,0,0,0,0,0,0,0,0,0,180,forward,0,0,110.0,1.6532489756154576,101.51936379132371
11:42:20,1.6533388071438695,101.51929189617022,0,0,0,0,0,0,0,0,0,180,forward,0,0,110.0,1.6532489756154576,101.51936379132371
11:42:22,1.6533388071438695,101.51929189617022,0,0,0,0,0,0,0,0,0,180,forward,0,0,110.0,1.6532489756154576,101.51936379132371
11:42:25,1.6533388071438695,101.51929189617022,0,0,0,0,0,0,0,0,0,180,forward,0,0,110.0,1.6532489756154576,101.51936379132371
11:42:27,1.6533388071438695,101.51929189617022,0,0,0,0,0,0,0,0,0,180,forward,0,0,110.0,1.6532489756154576,101.51936379132371
11:42:29,1.6533388071438695,101.51929189617022,0,0,0,0,0,0,0,0,0,180,forward,0,0,110.0,1.6532489756154576,101.51936379132371
11:42:31,1.6533388071438695,101.51929189617022,0,0,0,0,0,0,0,0,0,180,forward,0,0,110.0,1.6532489756154576,101.51936379132371
11:42:33,1.6533388071438695,101.51929189617022,0,0,0,0,0,0,0,0,0,180,forward,0,0,110.0,1.6532489756154576,101.51936379132371
11:42:36,1.6533388071438695,101.51929189617022,0,0,0,0,0,0,0,0,0,180,forward,0,0,110.0,1.6532489756154576,101.51936379132371
11:42:38,1.6533388071438695,101.51929189617022,0,0,0,0,0,0,0,0,0,180,forward,0,0,110.0,1.6532489756154576,101.51936379132371
11:42:40,1.6533388071438695,101.51929189617022,0,0,0,0,0,0,0,0,0,180,forward,0,0,110.0,1.6532489756154576,101.51936379132371
11:42:42,1.6533388071438695,101.51929189617022,0,0,0,0,0,0,0,0,0,180,forward,0,0,110.0,1.6532489756154576,101.51936379132371
11:42:44,1.6533388071438695,101.51929189617022,0,0,0,0,0,0,0,0,0,180,forward,0,0,110.0,1.6532489756154576,101.51936379132371
11:42:46,1.6533388071438695,101.51929189617022,0,0,0,0,0,0,0,0,0,180,forward,0,0,110.0,1.6532489756154576,101.51936379132371
11:42:49,1.6533388071438695,101.51929189617022,0,0,0,0,0,0,0,0,0,180,forward,0,0,110.0,1.6532489756154576,101.51936379132371
11:42:51,1.6533388071438695,101.51929189617022,0,0,0,0,0,0,0,0,0,180,forward,0,0,110.0,1.6532489756154576,101.51936379132371
11:42:53,1.6533388071438695,101.51929189617022,0,0,0,0,0,0,0,0,0,180,forward,0,0,110.0,1.6532489756154576,101.51936379132371
11:42:55,1.6533388071438695,101.51929189617022,0,0,0,0,0,0,0,0,0,180,forward,0,0,110.0,1.6532489756154576,101.51936379132371
11:42:57,1.6533388071438695,101.51929189617022,0,0,0,0,0,0,0,0,0,180,forward,0,0,110.0,1.6532489756154576,101.51936379132371
11:42:59,1.6533388071438695,101.51929189617022,0,0,0,0,0,0,0,0,0,180,forward,0,0,110.0,1.6532489756154576,101.51936379132371
11:43:02,1.6533388071438695,101.51929189617022,0,0,0,0,0,0,0,0,0,180,forward,0,0,110.0,1.6532489756154576,101.51936379132371
11:43:04,1.6533388071438695,101.51929189617022,0,0,0,0,0,0,0,0,0,180,forward,0,0,110.0,1.6532489756154576,101.51936379132371
11:43:06,1.6533388071438695,101.51929189617022,0,0,0,0,0,0,0,0,0,180,forward,0,0,110.0,1.6532489756154576,101.51936379132371
11:43:08,1.6533388071438695,101.51929189617022,0,0,0,0,0,0,0,0,0,180,forward,0,0,110.0,1.6532489756154576,101.51936379132371
11:43:10,1.6533388071438695,101.51929189617022,0,0,0,0,0,0,0,0,0,180,forward,0,0,110.0,1.6532489756154576,101.51936379132371
11:43:12,1.6533388071438695,101.51929189617022,0,0,0,0,0,0,0,0,0,180,forward,0,0,110.0,1.6532489756154576,101.51936379132371
11:43:14,1.6533388071438695,101.51929189617022,0,0,0,0,0,0,0,0,0,180,forward,0,0,110.0,1.6532489756154576,101.51936379132371
11:43:16,1.6533388071438695,101.51929189617022,0,0,0,0,0,0,0,0,0,180,forward,0,0,110.0,1.6532489756154576,101.51936379132371
11:43:19,1.6533388071438695,101.51929189617022,0,0,0,0,0,0,0,0,0,180,forward,0,0,110.0,1.6532489756154576,101.51936379132371
11:43:21,1.6533388071438695,101.51929189617022,0,0,0,0,0,0,0,0,0,180,forward,0,0,110.0,1.6532489756154576,101.51936379132371
11:43:23,1.6533388071438695,101.51929189617022,0,0,0,0,0,0,0,0,0,180,forward,0,0,110.0,1.6532489756154576,101.51936379132371
11:43:25,1.6533388071438695,101.51929189617022,0,0,0,0,0,0,0,0,0,180,forward,0,0,110.0,1.6532489756154576,101.51936379132371
11:43:27,1.6533388071438695,101.51929189617022,0,0,0,0,0,0,0,0,0,180,forward,0,0,110.0,1.6532489756154576,101.51936379132371
11:43:29,1.6533388071438695,101.51929189617022,0,0,0,0,0,0,0,0,0,180,forward,0,0,110.0,1.6532489756154576,101.51936379132371
11:43:32,1.6533388071438695,101.51929189617022,0,0,0,0,0,0,0,0,0,180,forward,0,0,110.0,1.6532489756154576,101.51936379132371
11:43:34,1.6533388071438695,101.51929189617022,0,0,0,0,0,0,0,0,0,180,forward,0,0,110.0,1.6532489756154576,101.51936379132371
11:43:36,1.6533388071438695,101.51929189617022,0,0,0,0,0,0,0,0,0,180,forward,0,0,110.0,1.6532489756154576,101.51936379132371
11:43:38,1.6533388071438695,101.51929189617022,0,0,0,0,0,0,0,0,0,180,forward,0,0,110.0,1.6532489756154576,101.51936379132371
11:43:40,1.6533388071438695,101.51929189617022,0,0,0,0,0,0,0,0,0,180,forward,0,0,110.0,1.6532489756154576,101.51936379132371
11:43:42,1.6533388071438695,101.51929189617022,0,0,0,0,0,0,0,0,0,180,forward,0,0,110.0,1.6532489756154576,101.51936379132371
11:43:44,1.6533388071438695,101.51929189617022,0,0,0,0,0,0,0,0,0,180,forward,0,0,110.0,1.6532489756154576,101.51936379132371
11:43:47,1.6533388071438695,101.51929189617022,0,0,0,0,0,0,0,0,0,180,forward,0,0,110.0,1.6532489756154576,101.51936379132371
11:43:49,1.6533388071438695,101.51929189617022,0,0,0,0,0,0,0,0,0,180,forward,0,0,110.0,1.6532489756154576,101.51936379132371
11:43:51,1.6533388071438695,101.51929189617022,0,0,0,0,0,0,0,0,0,180,forward,0,0,110.0,1.6532489756154576,101.51936379132371
11:43:53,1.6533388071438695,101.51929189617022,0,0,0,0,0,0,0,0,0,180,forward,0,0,110.0,1.6532489756154576,101.51936379132371
11:43:55,1.6533388071438695,101.51929189617022,0,0,0,0,0,0,0,0,0,180,forward,0,0,110.0,1.6532489756154576,101.51936379132371
11:43:58,1.6533388071438695,101.51929189617022,0,0,0,0,0,0,0,0,0,180,forward,0,0,110.0,1.6532489756154576,101.51936379132371
11:44:00,1.6533388071438695,101.51929189617022,0,0,0,0,0,0,0,0,0,180,forward,0,0,110.0,1.6532489756154576,101.51936379132371
11:44:02,1.6533388071438695,101.51929189617022,0,0,0,0,0,0,0,0,0,180,forward,0,0,110.0,1.6532489756154576,101.51936379132371
11:44:04,1.6533388071438695,101.51929189617022,0,0,0,0,0,0,0,0,0,180,forward,0,0,110.0,1.6532489756154576,101.51936379132371
11:44:06,1.6533388071438695,101.51929189617022,0,0,0,0,0,0,0,0,0,180,forward,0,0,110.0,1.6532489756154576,101.51936379132371
11:44:08,1.6533388071438695,101.51929189617022,0,0,0,0,0,0,0,0,0,180,forward,0,0,110.0,1.6532489756154576,101.51936379132371
11:44:11,1.6533388071438695,101.51929189617022,0,0,0,0,0,0,0,0,0,180,forward,0,0,110.0,1.6532489756154576,101.51936379132371
11:44:13,1.6533388071438695,101.51929189617022,0,0,0,0,0,0,0,0,0,180,forward,0,0,110.0,1.6532489756154576,101.51936379132371
11:44:15,1.6533388071438695,101.51929189617022,0,0,0,0,0,0,0,0,0,180,forward,0,0,110.0,1.6532489756154576,101.51936379132371
11:44:17,1.6533388071438695,101.51929189617022,0,0,0,0,0,0,0,0,0,180,forward,0,0,110.0,1.6532489756154576,101.51936379132371
11:44:19,1.6533388071438695,101.51929189617022,0,0,0,0,0,0,0,0,0,180,forward,0,0,110.0,1.6532489756154576,101.51936379132371
11:44:21,1.6533388071438695,101.51929189617022,0,0,0,0,0,0,0,0,0,180,forward,0,0,110.0,1.6532489756154576,101.51936379132371
11:44:23,1.6533388071438695,101.51929189617022,0,0,0,0,0,0,0,0,0,180,forward,0,0,110.0,1.6532489756154576,101.51936379132371
11:44:26,1.6533388071438695,101.51929189617022,0,0,0,0,0,0,0,0,0,180,forward,0,0,110.0,1.6532489756154576,101.51936379132371
11:44:28,1.6533388071438695,101.51929189617022,0,0,0,0,0,0,0,0,0,180,forward,0,0,110.0,1.6532489756154576,101.51936379132371
11:44:30,1.6533388071438695,101.51929189617022,0,0,0,0,0,0,0,0,0,180,forward,0,0,110.0,1.6532489756154576,101.51936379132371
11:44:32,1.6533388071438695,101.51929189617022,0,0,0,0,0,0,0,0,0,180,forward,0,0,110.0,1.6532489756154576,101.51936379132371
11:44:34,1.6533388071438695,101.51929189617022,0,0,0,0,0,0,0,0,0,180,forward,0,0,110.0,1.6532489756154576,101.51936379132371
11:44:37,1.6533388071438695,101.51929189617022,0,0,0,0,0,0,0,0,0,180,forward,0,0,110.0,1.6532489756154576,101.51936379132371
11:44:39,1.6533388071438695,101.51929189617022,0,0,0,0,0,0,0,0,0,180,forward,0,0,110.0,1.6532489756154576,101.51936379132371
11:44:41,1.6533388071438695,101.51929189617022,0,0,0,0,0,0,0,0,0,180,forward,0,0,110.0,1.6532489756154576,101.51936379132371
11:44:43,1.6533388071438695,101.51929189617022,0,0,0,0,0,0,0,0,0,180,forward,0,0,110.0,1.6532489756154576,101.51936379132371
11:44:45,1.6533388071438695,101.51929189617022,0,0,0,0,0,0,0,0,0,180,forward,0,0,110.0,1.6532489756154576,101.51936379132371
11:44:47,1.6533388071438695,101.51929189617022,0,0,0,0,0,0,0,0,0,180,forward,0,0,110.0,1.6532489756154576,101.51936379132371
11:44:50,1.6533388071438695,101.51929189617022,0,0,0,0,0,0,0,0,0,180,forward,0,0,110.0,1.6532489756154576,101.51936379132371
11:44:52,1.6533388071438695,101.51929189617022,0,0,0,0,0,0,0,0,0,180,forward,0,0,110.0,1.6532489756154576,101.51936379132371
11:44:54,1.6533388071438695,101.51929189617022,0,0,0,0,0,0,0,0,0,180,forward,0,0,110.0,1.6532489756154576,101.51936379132371
11:44:56,1.6533388071438695,101.51929189617022,0,0,0,0,0,0,0,0,0,180,forward,0,0,110.0,1.6532489756154576,101.51936379132371
11:44:58,1.6533388071438695,101.51929189617022,0,0,0,0,0,0,0,0,0,180,forward,0,0,110.0,1.6532489756154576,101.51936379132371
11:45:01,1.6533388071438695,101.51929189617022,0,0,0,0,0,0,0,0,0,180,forward,0,0,110.0,1.6532489756154576,101.51936379132371
11:45:03,1.6533388071438695,101.51929189617022,0,0,0,0,0,0,0,0,0,180,forward,0,0,110.0,1.6532489756154576,101.51936379132371
11:45:05,1.6533388071438695,101.51929189617022,0,0,0,0,0,0,0,0,0,180,forward,0,0,110.0,1.6532489756154576,101.51936379132371
11:45:07,1.6533388071438695,101.51929189617022,0,0,0,0,0,0,0,0,0,180,forward,0,0,110.0,1.6532489756154576,101.51936379132371
11:45:09,1.6533388071438695,101.51929189617022,0,0,0,0,0,0,0,0,0,180,forward,0,0,110.0,1.6532489756154576,101.51936379132371
11:45:12,1.6533388071438695,101.51929189617022,0,0,0,0,0,0,0,0,0,180,forward,0,0,110.0,1.6532489756154576,101.51936379132371
11:45:14,1.6533388071438695,101.51929189617022,0,0,0,0,0,0,0,0,0,180,forward,0,0,110.0,1.6532489756154576,101.51936379132371
11:45:16,1.6533388071438695,101.51929189617022,0,0,0,0,0,0,0,0,0,180,forward,0,0,110.0,1.6532489756154576,101.51936379132371
11:45:18,1.6533388071438695,101.51929189617022,0,0,0,0,0,0,0,0,0,180,forward,0,0,110.0,1.6532489756154576,101.51936379132371
11:45:20,1.6533388071438695,101.51929189617022,0,0,0,0,0,0,0,0,0,180,forward,0,0,110.0,1.6532489756154576,101.51936379132371
11:45:22,1.6533388071438695,101.51929189617022,0,0,0,0,0,0,0,0,0,180,forward,0,0,110.0,1.6532489756154576,101.51936379132371
11:45:24,1.6533388071438695,101.51929189617022,0,0,0,0,0,0,0,0,0,180,forward,0,0,110.0,1.6532489756154576,101.51936379132371
11:45:26,1.6533388071438695,101.51929189617022,0,0,0,0,0,0,0,0,0,180,forward,0,0,110.0,1.6532489756154576,101.51936379132371
11:45:29,1.6533388071438695,101.51929189617022,0,0,0,0,0,0,0,0,0,180,forward,0,0,110.0,1.6532489756154576,101.51936379132371
11:45:31,1.6533388071438695,101.51929189617022,0,0,0,0,0,0,0,0,0,180,forward,0,0,110.0,1.6532489756154576,101.51936379132371
11:45:33,1.6533388071438695,101.51929189617022,0,0,0,0,0,0,0,0,0,180,forward,0,0,110.0,1.6532489756154576,101.51936379132371
11:45:35,1.6533388071438695,101.51929189617022,0,0,0,0,0,0,0,0,0,180,forward,0,0,110.0,1.6532489756154576,101.51936379132371
11:45:37,1.6533388071438695,101.51929189617022,0,0,0,0,0,0,0,0,0,180,forward,0,0,110.0,1.6532489756154576,101.51936379132371
11:45:39,1.6533388071438695,101.51929189617022,0,0,0,0,0,0,0,0,0,180,forward,0,0,110.0,1.6532489756154576,101.51936379132371
11:45:42,1.6533388071438695,101.51929189617022,0,0,0,0,0,0,0,0,0,180,forward,0,0,110.0,1.6532489756154576,101.51936379132371
11:45:44,1.6533388071438695,101.51929189617022,0,0,0,0,0,0,0,0,0,180,forward,0,0,110.0,1.6532489756154576,101.51936379132371
11:45:46,1.6533388071438695,101.51929189617022,0,0,0,0,0,0,0,0,0,180,forward,0,0,110.0,1.6532489756154576,101.51936379132371
11:45:48,1.6533388071438695,101.51929189617022,0,0,0,0,0,0,0,0,0,180,forward,0,0,110.0,1.6532489756154576,101.51936379132371
11:45:50,1.6533388071438695,101.51929189617022,0,0,0,0,0,0,0,0,0,180,forward,0,0,110.0,1.6532489756154576,101.51936379132371
11:45:53,1.6533388071438695,101.51929189617022,0,0,0,0,0,0,0,0,0,180,forward,0,0,110.0,1.6532489756154576,101.51936379132371
11:45:55,1.6533388071438695,101.51929189617022,0,0,0,0,0,0,0,0,0,180,forward,0,0,110.0,1.6532489756154576,101.51936379132371
11:45:57,1.6533388071438695,101.51929189617022,0,0,0,0,0,0,0,0,0,180,forward,0,0,110.0,1.6532489756154576,101.51936379132371
11:45:59,1.6533388071438695,101.51929189617022,0,0,0,0,0,0,0,0,0,180,forward,0,0,110.0,1.6532489756154576,101.51936379132371
11:46:01,1.6533388071438695,101.51929189617022,0,0,0,0,0,0,0,0,0,180,forward,0,0,110.0,1.6532489756154576,101.51936379132371
11:46:03,1.6533388071438695,101.51929189617022,0,0,0,0,0,0,0,0,0,180,forward,0,0,110.0,1.6532489756154576,101.51936379132371
11:46:05,1.6533388071438695,101.51929189617022,0,0,0,0,0,0,0,0,0,180,forward,0,0,110.0,1.6532489756154576,101.51936379132371
11:46:08,1.6533388071438695,101.51929189617022,0,0,0,0,0,0,0,0,0,180,forward,0,0,110.0,1.6532489756154576,101.51936379132371
11:46:10,1.6533388071438695,101.51929189617022,0,0,0,0,0,0,0,0,0,180,forward,0,0,110.0,1.6532489756154576,101.51936379132371
11:46:12,1.6533388071438695,101.51929189617022,0,0,0,0,0,0,0,0,0,180,forward,0,0,110.0,1.6532489756154576,101.51936379132371
11:46:14,1.6533388071438695,101.51929189617022,0,0,0,0,0,0,0,0,0,180,forward,0,0,110.0,1.6532489756154576,101.51936379132371
11:46:16,1.6533388071438695,101.51929189617022,0,0,0,0,0,0,0,0,0,180,forward,0,0,110.0,1.6532489756154576,101.51936379132371
11:46:19,1.6533388071438695,101.51929189617022,0,0,0,0,0,0,0,0,0,180,forward,0,0,110.0,1.6532489756154576,101.51936379132371
11:46:21,1.6533388071438695,101.51929189617022,0,0,0,0,0,0,0,0,0,180,forward,0,0,110.0,1.6532489756154576,101.51936379132371
11:46:23,1.6533388071438695,101.51929189617022,0,0,0,0,0,0,0,0,0,180,forward,0,0,110.0,1.6532489756154576,101.51936379132371
11:46:25,1.6533388071438695,101.51929189617022,0,0,0,0,0,0,0,0,0,180,forward,0,0,110.0,1.6532489756154576,101.51936379132371
11:46:27,1.6533388071438695,101.51929189617022,0,0,0,0,0,0,0,0,0,180,forward,0,0,110.0,1.6532489756154576,101.51936379132371
11:46:30,1.6533388071438695,101.51929189617022,0,0,0,0,0,0,0,0,0,180,forward,0,0,110.0,1.6532489756154576,101.51936379132371
11:46:32,1.6533388071438695,101.51929189617022,0,0,0,0,0,0,0,0,0,180,forward,0,0,110.0,1.6532489756154576,101.51936379132371
11:46:34,1.6533388071438695,101.51929189617022,0,0,0,0,0,0,0,0,0,180,forward,0,0,110.0,1.6532489756154576,101.51936379132371
11:46:36,1.6533388071438695,101.51929189617022,0,0,0,0,0,0,0,0,0,180,forward,0,0,110.0,1.6532489756154576,101.51936379132371
11:46:38,1.6533388071438695,101.51929189617022,0,0,0,0,0,0,0,0,0,180,forward,0,0,110.0,1.6532489756154576,101.51936379132371
11:46:40,1.6533388071438695,101.51929189617022,0,0,0,0,0,0,0,0,0,180,forward,0,0,110.0,1.6532489756154576,101.51936379132371
11:46:42,1.6533388071438695,101.51929189617022,0,0,0,0,0,0,0,0,0,180,forward,0,0,110.0,1.6532489756154576,101.51936379132371
11:46:45,1.6533388071438695,101.51929189617022,0,0,0,0,0,0,0,0,0,180,forward,0,0,110.0,1.6532489756154576,101.51936379132371
11:46:47,1.6533388071438695,101.51929189617022,0,0,0,0,0,0,0,0,0,180,forward,0,0,110.0,1.6532489756154576,101.51936379132371
11:46:49,1.6533388071438695,101.51929189617022,0,0,0,0,0,0,0,0,0,180,forward,0,0,110.0,1.6532489756154576,101.51936379132371
11:46:51,1.6533388071438695,101.51929189617022,0,0,0,0,0,0,0,0,0,180,forward,0,0,110.0,1.6532489756154576,101.51936379132371
11:46:53,1.6533388071438695,101.51929189617022,0,0,0,0,0,0,0,0,0,180,forward,0,0,110.0,1.6532489756154576,101.51936379132371
11:46:56,1.6533388071438695,101.51929189617022,0,0,0,0,0,0,0,0,0,180,forward,0,0,110.0,1.6532489756154576,101.51936379132371
11:46:58,1.6533388071438695,101.51929189617022,0,0,0,0,0,0,0,0,0,180,forward,0,0,110.0,1.6532489756154576,101.51936379132371
11:47:00,1.6533388071438695,101.51929189617022,0,0,0,0,0,0,0,0,0,180,forward,0,0,110.0,1.6532489756154576,101.51936379132371
11:47:02,1.6533388071438695,101.51929189617022,0,0,0,0,0,0,0,0,0,180,forward,0,0,110.0,1.6532489756154576,101.51936379132371
11:47:04,1.6533388071438695,101.51929189617022,0,0,0,0,0,0,0,0,0,180,forward,0,0,110.0,1.6532489756154576,101.51936379132371
11:47:06,1.6533388071438695,101.51929189617022,0,0,0,0,0,0,0,0,0,180,forward,0,0,110.0,1.6532489756154576,101.51936379132371
11:47:08,1.6533388071438695,101.51929189617022,0,0,0,0,0,0,0,0,0,180,forward,0,0,110.0,1.6532489756154576,101.51936379132371
11:47:11,1.6533388071438695,101.51929189617022,0,0,0,0,0,0,0,0,0,180,forward,0,0,110.0,1.6532489756154576,101.51936379132371
11:47:13,1.6533388071438695,101.51929189617022,0,0,0,0,0,0,0,0,0,180,forward,0,0,110.0,1.6532489756154576,101.51936379132371
11:47:15,1.6533388071438695,101.51929189617022,0,0,0,0,0,0,0,0,0,180,forward,0,0,110.0,1.6532489756154576,101.51936379132371
11:47:17,1.6533388071438695,101.51929189617022,0,0,0,0,0,0,0,0,0,180,forward,0,0,110.0,1.6532489756154576,101.51936379132371
11:47:19,1.6533388071438695,101.51929189617022,0,0,0,0,0,0,0,0,0,180,forward,0,0,110.0,1.6532489756154576,101.51936379132371
11:47:21,1.6533388071438695,101.51929189617022,0,0,0,0,0,0,0,0,0,180,forward,0,0,110.0,1.6532489756154576,101.51936379132371
11:47:24,1.6533388071438695,101.51929189617022,0,0,0,0,0,0,0,0,0,180,forward,0,0,110.0,1.6532489756154576,101.51936379132371
11:47:26,1.6533388071438695,101.51929189617022,0,0,0,0,0,0,0,0,0,180,forward,0,0,110.0,1.6532489756154576,101.51936379132371
11:47:28,1.6533388071438695,101.51929189617022,0,0,0,0,0,0,0,0,0,180,forward,0,0,110.0,1.6532489756154576,101.51936379132371
11:47:30,1.6533388071438695,101.51929189617022,0,0,0,0,0,0,0,0,0,180,forward,0,0,110.0,1.6532489756154576,101.51936379132371
11:47:32,1.6533388071438695,101.51929189617022,0,0,0,0,0,0,0,0,0,180,forward,0,0,110.0,1.6532489756154576,101.51936379132371
11:47:35,1.6533388071438695,101.51929189617022,0,0,0,0,0,0,0,0,0,180,forward,0,0,110.0,1.6532489756154576,101.51936379132371
11:47:37,1.6533388071438695,101.51929189617022,0,0,0,0,0,0,0,0,0,180,forward,0,0,110.0,1.6532489756154576,101.51936379132371
11:47:39,1.6533388071438695,101.51929189617022,0,0,0,0,0,0,0,0,0,180,forward,0,0,110.0,1.6532489756154576,101.51936379132371
11:47:41,1.6533388071438695,101.51929189617022,0,0,0,0,0,0,0,0,0,180,forward,0,0,110.0,1.6532489756154576,101.51936379132371
11:47:43,1.6533388071438695,101.51929189617022,0,0,0,0,0,0,0,0,0,180,forward,0,0,110.0,1.6532489756154576,101.51936379132371
11:47:45,1.6533388071438695,101.51929189617022,0,0,0,0,0,0,0,0,0,180,forward,0,0,110.0,1.6532489756154576,101.51936379132371
11:47:48,1.6533388071438695,101.51929189617022,0,0,0,0,0,0,0,0,0,180,forward,0,0,110.0,1.6532489756154576,101.51936379132371
11:47:50,1.6533388071438695,101.51929189617022,0,0,0,0,0,0,0,0,0,180,forward,0,0,110.0,1.6532489756154576,101.51936379132371
11:47:52,1.6533388071438695,101.51929189617022,0,0,0,0,0,0,0,0,0,180,forward,0,0,110.0,1.6532489756154576,101.51936379132371
11:47:54,1.6533388071438695,101.51929189617022,0,0,0,0,0,0,0,0,0,180,forward,0,0,110.0,1.6532489756154576,101.51936379132371
11:47:56,1.6533388071438695,101.51929189617022,0,0,0,0,0,0,0,0,0,180,forward,0,0,110.0,1.6532489756154576,101.51936379132371
11:47:58,1.6533388071438695,101.51929189617022,0,0,0,0,0,0,0,0,0,180,forward,0,0,110.0,1.6532489756154576,101.51936379132371
11:48:01,1.6533388071438695,101.51929189617022,0,0,0,0,0,0,0,0,0,180,forward,0,0,110.0,1.6532489756154576,101.51936379132371
11:48:03,1.6533388071438695,101.51929189617022,0,0,0,0,0,0,0,0,0,180,forward,0,0,110.0,1.6532489756154576,101.51936379132371
11:48:05,1.6533388071438695,101.51929189617022,0,0,0,0,0,0,0,0,0,180,forward,0,0,110.0,1.6532489756154576,101.51936379132371
11:48:07,1.6533388071438695,101.51929189617022,0,0,0,0,0,0,0,0,0,180,forward,0,0,110.0,1.6532489756154576,101.51936379132371
11:48:09,1.6533388071438695,101.51929189617022,0,0,0,0,0,0,0,0,0,180,forward,0,0,110.0,1.6532489756154576,101.51936379132371
11:48:11,1.6533388071438695,101.51929189617022,0,0,0,0,0,0,0,0,0,180,forward,0,0,110.0,1.6532489756154576,101.51936379132371
11:48:14,1.6533388071438695,101.51929189617022,0,0,0,0,0,0,0,0,0,180,forward,0,0,110.0,1.6532489756154576,101.51936379132371
11:48:16,1.6533388071438695,101.51929189617022,0,0,0,0,0,0,0,0,0,180,forward,0,0,110.0,1.6532489756154576,101.51936379132371
11:48:18,1.6533388071438695,101.51929189617022,0,0,0,0,0,0,0,0,0,180,forward,0,0,110.0,1.6532489756154576,101.51936379132371
11:48:20,1.6533388071438695,101.51929189617022,0,0,0,0,0,0,0,0,0,180,forward,0,0,110.0,1.6532489756154576,101.51936379132371
11:48:22,1.6533388071438695,101.51929189617022,0,0,0,0,0,0,0,0,0,180,forward,0,0,110.0,1.6532489756154576,101.51936379132371
11:48:24,1.6533388071438695,101.51929189617022,0,0,0,0,0,0,0,0,0,180,forward,0,0,110.0,1.6532489756154576,101.51936379132371
11:48:27,1.6533388071438695,101.51929189617022,0,0,0,0,0,0,0,0,0,180,forward,0,0,110.0,1.6532489756154576,101.51936379132371
11:48:29,1.6533388071438695,101.51929189617022,0,0,0,0,0,0,0,0,0,180,forward,0,0,110.0,1.6532489756154576,101.51936379132371
11:48:31,1.6533388071438695,101.51929189617022,0,0,0,0,0,0,0,0,0,180,forward,0,0,110.0,1.6532489756154576,101.51936379132371
11:48:33,1.6533388071438695,101.51929189617022,0,0,0,0,0,0,0,0,0,180,forward,0,0,110.0,1.6532489756154576,101.51936379132371
11:48:35,1.6533388071438695,101.51929189617022,0,0,0,0,0,0,0,0,0,180,forward,0,0,110.0,1.6532489756154576,101.51936379132371
11:48:37,1.6533388071438695,101.51929189617022,0,0,0,0,0,0,0,0,0,180,forward,0,0,110.0,1.6532489756154576,101.51936379132371
11:48:39,1.6533388071438695,101.51929189617022,0,0,0,0,0,0,0,0,0,180,forward,0,0,110.0,1.6532489756154576,101.51936379132371
11:48:42,1.6533388071438695,101.51929189617022,0,0,0,0,0,0,0,0,0,180,forward,0,0,110.0,1.6532489756154576,101.51936379132371
11:48:44,1.6533388071438695,101.51929189617022,0,0,0,0,0,0,0,0,0,180,forward,0,0,110.0,1.6532489756154576,101.51936379132371
11:48:46,1.6533388071438695,101.51929189617022,0,0,0,0,0,0,0,0,0,180,forward,0,0,110.0,1.6532489756154576,101.51936379132371
11:48:48,1.6533388071438695,101.51929189617022,0,0,0,0,0,0,0,0,0,180,forward,0,0,110.0,1.6532489756154576,101.51936379132371
11:48:50,1.6533388071438695,101.51929189617022,0,0,0,0,0,0,0,0,0,180,forward,0,0,110.0,1.6532489756154576,101.51936379132371
11:48:53,1.6533388071438695,101.51929189617022,0,0,0,0,0,0,0,0,0,180,forward,0,0,110.0,1.6532489756154576,101.51936379132371
11:48:55,1.6533388071438695,101.51929189617022,0,0,0,0,0,0,0,0,0,180,forward,0,0,110.0,1.6532489756154576,101.51936379132371
11:48:57,1.6533388071438695,101.51929189617022,0,0,0,0,0,0,0,0,0,180,forward,0,0,110.0,1.6532489756154576,101.51936379132371
11:48:59,1.6533388071438695,101.51929189617022,0,0,0,0,0,0,0,0,0,180,forward,0,0,110.0,1.6532489756154576,101.51936379132371
11:49:01,1.6533388071438695,101.51929189617022,0,0,0,0,0,0,0,0,0,180,forward,0,0,110.0,1.6532489756154576,101.51936379132371
11:49:04,1.6533388071438695,101.51929189617022,0,0,0,0,0,0,0,0,0,180,forward,0,0,110.0,1.6532489756154576,101.51936379132371
11:49:06,1.6533388071438695,101.51929189617022,0,0,0,0,0,0,0,0,0,180,forward,0,0,110.0,1.6532489756154576,101.51936379132371
11:49:08,1.6533388071438695,101.51929189617022,0,0,0,0,0,0,0,0,0,180,forward,0,0,110.0,1.6532489756154576,101.51936379132371
11:49:10,1.6533388071438695,101.51929189617022,0,0,0,0,0,0,0,0,0,180,forward,0,0,110.0,1.6532489756154576,101.51936379132371
11:49:12,1.6533388071438695,101.51929189617022,0,0,0,0,0,0,0,0,0,180,forward,0,0,110.0,1.6532489756154576,101.51936379132371
11:49:14,1.6533388071438695,101.51929189617022,0,0,0,0,0,0,0,0,0,180,forward,0,0,110.0,1.6532489756154576,101.51936379132371
11:49:16,1.6533388071438695,101.51929189617022,0,0,0,0,0,0,0,0,0,180,forward,0,0,110.0,1.6532489756154576,101.51936379132371
11:49:19,1.6533388071438695,101.51929189617022,0,0,0,0,0,0,0,0,0,180,forward,0,0,110.0,1.6532489756154576,101.51936379132371
11:49:21,1.6533388071438695,101.51929189617022,0,0,0,0,0,0,0,0,0,180,forward,0,0,110.0,1.6532489756154576,101.51936379132371
11:49:23,1.6533388071438695,101.51929189617022,0,0,0,0,0,0,0,0,0,180,forward,0,0,110.0,1.6532489756154576,101.51936379132371
11:49:25,1.6533388071438695,101.51929189617022,0,0,0,0,0,0,0,0,0,180,forward,0,0,110.0,1.6532489756154576,101.51936379132371
11:49:27,1.6533388071438695,101.51929189617022,0,0,0,0,0,0,0,0,0,180,forward,0,0,110.0,1.6532489756154576,101.51936379132371
11:49:29,1.6533388071438695,101.51929189617022,0,0,0,0,0,0,0,0,0,180,forward,0,0,110.0,1.6532489756154576,101.51936379132371
11:49:31,1.6533388071438695,101.51929189617022,0,0,0,0,0,0,0,0,0,180,forward,0,0,110.0,1.6532489756154576,101.51936379132371
11:49:34,1.6533388071438695,101.51929189617022,0,0,0,0,0,0,0,0,0,180,forward,0,0,110.0,1.6532489756154576,101.51936379132371
11:49:36,1.6533388071438695,101.51929189617022,0,0,0,0,0,0,0,0,0,180,forward,0,0,110.0,1.6532489756154576,101.51936379132371
11:49:38,1.6533388071438695,101.51929189617022,0,0,0,0,0,0,0,0,0,180,forward,0,0,110.0,1.6532489756154576,101.51936379132371
11:49:40,1.6533388071438695,101.51929189617022,0,0,0,0,0,0,0,0,0,180,forward,0,0,110.0,1.6532489756154576,101.51936379132371
11:49:42,1.6533388071438695,101.51929189617022,0,0,0,0,0,0,0,0,0,180,forward,0,0,110.0,1.6532489756154576,101.51936379132371
11:49:44,1.6533388071438695,101.51929189617022,0,0,0,0,0,0,0,0,0,180,forward,0,0,110.0,1.6532489756154576,101.51936379132371
11:49:46,1.6533388071438695,101.51929189617022,0,0,0,0,0,0,0,0,0,180,forward,0,0,110.0,1.6532489756154576,101.51936379132371
11:49:49,1.6533388071438695,101.51929189617022,0,0,0,0,0,0,0,0,0,180,forward,0,0,110.0,1.6532489756154576,101.51936379132371
11:49:51,1.6533388071438695,101.51929189617022,0,0,0,0,0,0,0,0,0,180,forward,0,0,110.0,1.6532489756154576,101.51936379132371
11:49:53,1.6533388071438695,101.51929189617022,0,0,0,0,0,0,0,0,0,180,forward,0,0,110.0,1.6532489756154576,101.51936379132371
11:49:55,1.6533388071438695,101.51929189617022,0,0,0,0,0,0,0,0,0,180,forward,0,0,110.0,1.6532489756154576,101.51936379132371
11:49:57,1.6533388071438695,101.51929189617022,0,0,0,0,0,0,0,0,0,180,forward,0,0,110.0,1.6532489756154576,101.51936379132371
11:49:59,1.6533388071438695,101.51929189617022,0,0,0,0,0,0,0,0,0,180,forward,0,0,110.0,1.6532489756154576,101.51936379132371
11:50:01,1.6533388071438695,101.51929189617022,0,0,0,0,0,0,0,0,0,180,forward,0,0,110.0,1.6532489756154576,101.51936379132371
11:50:04,1.6533388071438695,101.51929189617022,0,0,0,0,0,0,0,0,0,180,forward,0,0,110.0,1.6532489756154576,101.51936379132371
11:50:06,1.6533388071438695,101.51929189617022,0,0,0,0,0,0,0,0,0,180,forward,0,0,110.0,1.6532489756154576,101.51936379132371
11:50:08,1.6533388071438695,101.51929189617022,0,0,0,0,0,0,0,0,0,180,forward,0,0,110.0,1.6532489756154576,101.51936379132371
11:50:10,1.6533388071438695,101.51929189617022,0,0,0,0,0,0,0,0,0,180,forward,0,0,110.0,1.6532489756154576,101.51936379132371
11:50:12,1.6533388071438695,101.51929189617022,0,0,0,0,0,0,0,0,0,180,forward,0,0,110.0,1.6532489756154576,101.51936379132371
11:50:14,1.6533388071438695,101.51929189617022,0,0,0,0,0,0,0,0,0,180,forward,0,0,110.0,1.6532489756154576,101.51936379132371
11:50:16,1.6533388071438695,101.51929189617022,0,0,0,0,0,0,0,0,0,180,forward,0,0,110.0,1.6532489756154576,101.51936379132371
11:50:19,1.6533388071438695,101.51929189617022,0,0,0,0,0,0,0,0,0,180,forward,0,0,110.0,1.6532489756154576,101.51936379132371
11:50:21,1.6533388071438695,101.51929189617022,0,0,0,0,0,0,0,0,0,180,forward,0,0,110.0,1.6532489756154576,101.51936379132371
11:50:23,1.6533388071438695,101.51929189617022,0,0,0,0,0,0,0,0,0,180,forward,0,0,110.0,1.6532489756154576,101.51936379132371
11:50:25,1.6533388071438695,101.51929189617022,0,0,0,0,0,0,0,0,0,180,forward,0,0,110.0,1.6532489756154576,101.51936379132371
11:50:27,1.6533388071438695,101.51929189617022,0,0,0,0,0,0,0,0,0,180,forward,0,0,110.0,1.6532489756154576,101.51936379132371
11:50:30,1.6533388071438695,101.51929189617022,0,0,0,0,0,0,0,0,0,180,forward,0,0,110.0,1.6532489756154576,101.51936379132371
11:50:32,1.6533388071438695,101.51929189617022,0,0,0,0,0,0,0,0,0,180,forward,0,0,110.0,1.6532489756154576,101.51936379132371
11:50:34,1.6533388071438695,101.51929189617022,0,0,0,0,0,0,0,0,0,180,forward,0,0,110.0,1.6532489756154576,101.51936379132371
11:50:36,1.6533388071438695,101.51929189617022,0,0,0,0,0,0,0,0,0,180,forward,0,0,110.0,1.6532489756154576,101.51936379132371
11:50:38,1.6533388071438695,101.51929189617022,0,0,0,0,0,0,0,0,0,180,forward,0,0,110.0,1.6532489756154576,101.51936379132371
11:50:41,1.6533388071438695,101.51929189617022,0,0,0,0,0,0,0,0,0,180,forward,0,0,110.0,1.6532489756154576,101.51936379132371
11:50:43,1.6533388071438695,101.51929189617022,0,0,0,0,0,0,0,0,0,180,forward,0,0,110.0,1.6532489756154576,101.51936379132371
11:50:45,1.6533388071438695,101.51929189617022,0,0,0,0,0,0,0,0,0,180,forward,0,0,110.0,1.6532489756154576,101.51936379132371
11:50:47,1.6533388071438695,101.51929189617022,0,0,0,0,0,0,0,0,0,180,forward,0,0,110.0,1.6532489756154576,101.51936379132371
11:50:50,1.6533388071438695,101.51929189617022,0,0,0,0,0,0,0,0,0,180,forward,0,0,110.0,1.6532489756154576,101.51936379132371
11:50:52,1.6533388071438695,101.51929189617022,0,0,0,0,0,0,0,0,0,180,forward,0,0,110.0,1.6532489756154576,101.51936379132371
11:50:54,1.6533388071438695,101.51929189617022,0,0,0,0,0,0,0,0,0,180,forward,0,0,110.0,1.6532489756154576,101.51936379132371
11:50:56,1.6533388071438695,101.51929189617022,0,0,0,0,0,0,0,0,0,180,forward,0,0,110.0,1.6532489756154576,101.51936379132371
11:50:58,1.6533388071438695,101.51929189617022,0,0,0,0,0,0,0,0,0,180,forward,0,0,110.0,1.6532489756154576,101.51936379132371
11:51:00,1.6533388071438695,101.51929189617022,0,0,0,0,0,0,0,0,0,180,forward,0,0,110.0,1.6532489756154576,101.51936379132371
11:51:03,1.6533388071438695,101.51929189617022,0,0,0,0,0,0,0,0,0,180,forward,0,0,110.0,1.6532489756154576,101.51936379132371
11:51:05,1.6533388071438695,101.51929189617022,0,0,0,0,0,0,0,0,0,180,forward,0,0,110.0,1.6532489756154576,101.51936379132371
11:51:07,1.6533388071438695,101.51929189617022,0,0,0,0,0,0,0,0,0,180,forward,0,0,110.0,1.6532489756154576,101.51936379132371
11:51:09,1.6533388071438695,101.51929189617022,0,0,0,0,0,0,0,0,0,180,forward,0,0,110.0,1.6532489756154576,101.51936379132371
11:51:11,1.6533388071438695,101.51929189617022,0,0,0,0,0,0,0,0,0,180,forward,0,0,110.0,1.6532489756154576,101.51936379132371
11:51:13,1.6533388071438695,101.51929189617022,0,0,0,0,0,0,0,0,0,180,forward,0,0,110.0,1.6532489756154576,101.51936379132371
11:51:16,1.6533388071438695,101.51929189617022,0,0,0,0,0,0,0,0,0,180,forward,0,0,110.0,1.6532489756154576,101.51936379132371
11:51:18,1.6533388071438695,101.51929189617022,0,0,0,0,0,0,0,0,0,180,forward,0,0,110.0,1.6532489756154576,101.51936379132371
11:51:20,1.6533388071438695,101.51929189617022,0,0,0,0,0,0,0,0,0,180,forward,0,0,110.0,1.6532489756154576,101.51936379132371
11:51:22,1.6533388071438695,101.51929189617022,0,0,0,0,0,0,0,0,0,180,forward,0,0,110.0,1.6532489756154576,101.51936379132371
11:51:24,1.6533388071438695,101.51929189617022,0,0,0,0,0,0,0,0,0,180,forward,0,0,110.0,1.6532489756154576,101.51936379132371
11:51:26,1.6533388071438695,101.51929189617022,0,0,0,0,0,0,0,0,0,180,forward,0,0,110.0,1.6532489756154576,101.51936379132371
11:51:29,1.6533388071438695,101.51929189617022,0,0,0,0,0,0,0,0,0,180,forward,0,0,110.0,1.6532489756154576,101.51936379132371
11:51:31,1.6533388071438695,101.51929189617022,0,0,0,0,0,0,0,0,0,180,forward,0,0,110.0,1.6532489756154576,101.51936379132371
11:51:33,1.6533388071438695,101.51929189617022,0,0,0,0,0,0,0,0,0,180,forward,0,0,110.0,1.6532489756154576,101.51936379132371
11:51:35,1.6533388071438695,101.51929189617022,0,0,0,0,0,0,0,0,0,180,forward,0,0,110.0,1.6532489756154576,101.51936379132371
11:51:37,1.6533388071438695,101.51929189617022,0,0,0,0,0,0,0,0,0,180,forward,0,0,110.0,1.6532489756154576,101.51936379132371
11:51:40,1.6533388071438695,101.51929189617022,0,0,0,0,0,0,0,0,0,180,forward,0,0,110.0,1.6532489756154576,101.51936379132371
11:51:42,1.6533388071438695,101.51929189617022,0,0,0,0,0,0,0,0,0,180,forward,0,0,110.0,1.6532489756154576,101.51936379132371
11:51:44,1.6533388071438695,101.51929189617022,0,0,0,0,0,0,0,0,0,180,forward,0,0,110.0,1.6532489756154576,101.51936379132371
11:51:46,1.6533388071438695,101.51929189617022,0,0,0,0,0,0,0,0,0,180,forward,0,0,110.0,1.6532489756154576,101.51936379132371
11:51:48,1.6533388071438695,101.51929189617022,0,0,0,0,0,0,0,0,0,180,forward,0,0,110.0,1.6532489756154576,101.51936379132371
11:51:50,1.6533388071438695,101.51929189617022,0,0,0,0,0,0,0,0,0,180,forward,0,0,110.0,1.6532489756154576,101.51936379132371
11:51:53,1.6533388071438695,101.51929189617022,0,0,0,0,0,0,0,0,0,180,forward,0,0,110.0,1.6532489756154576,101.51936379132371
11:51:55,1.6533388071438695,101.51929189617022,0,0,0,0,0,0,0,0,0,180,forward,0,0,110.0,1.6532489756154576,101.51936379132371
11:51:57,1.6533388071438695,101.51929189617022,0,0,0,0,0,0,0,0,0,180,forward,0,0,110.0,1.6532489756154576,101.51936379132371
11:51:59,1.6533388071438695,101.51929189617022,0,0,0,0,0,0,0,0,0,180,forward,0,0,110.0,1.6532489756154576,101.51936379132371
11:52:01,1.6533388071438695,101.51929189617022,0,0,0,0,0,0,0,0,0,180,forward,0,0,110.0,1.6532489756154576,101.51936379132371
11:52:04,1.6533388071438695,101.51929189617022,0,0,0,0,0,0,0,0,0,180,forward,0,0,110.0,1.6532489756154576,101.51936379132371
11:52:06,1.6533388071438695,101.51929189617022,0,0,0,0,0,0,0,0,0,180,forward,0,0,110.0,1.6532489756154576,101.51936379132371
11:52:08,1.6533388071438695,101.51929189617022,0,0,0,0,0,0,0,0,0,180,forward,0,0,110.0,1.6532489756154576,101.51936379132371
11:52:10,1.6533388071438695,101.51929189617022,0,0,0,0,0,0,0,0,0,180,forward,0,0,110.0,1.6532489756154576,101.51936379132371
11:52:12,1.6533388071438695,101.51929189617022,0,0,0,0,0,0,0,0,0,180,forward,0,0,110.0,1.6532489756154576,101.51936379132371
11:52:14,1.6533388071438695,101.51929189617022,0,0,0,0,0,0,0,0,0,180,forward,0,0,110.0,1.6532489756154576,101.51936379132371
11:52:17,1.6533388071438695,101.51929189617022,0,0,0,0,0,0,0,0,0,180,forward,0,0,110.0,1.6532489756154576,101.51936379132371
11:52:19,1.6533388071438695,101.51929189617022,0,0,0,0,0,0,0,0,0,180,forward,0,0,110.0,1.6532489756154576,101.51936379132371
11:52:21,1.6533388071438695,101.51929189617022,0,0,0,0,0,0,0,0,0,180,forward,0,0,110.0,1.6532489756154576,101.51936379132371
11:52:23,1.6533388071438695,101.51929189617022,0,0,0,0,0,0,0,0,0,180,forward,0,0,110.0,1.6532489756154576,101.51936379132371
11:52:25,1.6533388071438695,101.51929189617022,0,0,0,0,0,0,0,0,0,180,forward,0,0,110.0,1.6532489756154576,101.51936379132371
11:52:28,1.6533388071438695,101.51929189617022,0,0,0,0,0,0,0,0,0,180,forward,0,0,110.0,1.6532489756154576,101.51936379132371
11:52:30,1.6533388071438695,101.51929189617022,0,0,0,0,0,0,0,0,0,180,forward,0,0,110.0,1.6532489756154576,101.51936379132371
11:52:32,1.6533388071438695,101.51929189617022,0,0,0,0,0,0,0,0,0,180,forward,0,0,110.0,1.6532489756154576,101.51936379132371
11:52:34,1.6533388071438695,101.51929189617022,0,0,0,0,0,0,0,0,0,180,forward,0,0,110.0,1.6532489756154576,101.51936379132371
11:52:36,1.6533388071438695,101.51929189617022,0,0,0,0,0,0,0,0,0,180,forward,0,0,110.0,1.6532489756154576,101.51936379132371
11:52:39,1.6533388071438695,101.51929189617022,0,0,0,0,0,0,0,0,0,180,forward,0,0,110.0,1.6532489756154576,101.51936379132371
11:52:41,1.6533388071438695,101.51929189617022,0,0,0,0,0,0,0,0,0,180,forward,0,0,110.0,1.6532489756154576,101.51936379132371
11:52:43,1.6533388071438695,101.51929189617022,0,0,0,0,0,0,0,0,0,180,forward,0,0,110.0,1.6532489756154576,101.51936379132371
11:52:45,1.6533388071438695,101.51929189617022,0,0,0,0,0,0,0,0,0,180,forward,0,0,110.0,1.6532489756154576,101.51936379132371
11:52:47,1.6533388071438695,101.51929189617022,0,0,0,0,0,0,0,0,0,180,forward,0,0,110.0,1.6532489756154576,101.51936379132371
11:52:50,1.6533388071438695,101.51929189617022,0,0,0,0,0,0,0,0,0,180,forward,0,0,110.0,1.6532489756154576,101.51936379132371
11:52:52,1.6533388071438695,101.51929189617022,0,0,0,0,0,0,0,0,0,180,forward,0,0,110.0,1.6532489756154576,101.51936379132371
11:52:54,1.6533388071438695,101.51929189617022,0,0,0,0,0,0,0,0,0,180,forward,0,0,110.0,1.6532489756154576,101.51936379132371
11:52:56,1.6533388071438695,101.51929189617022,0,0,0,0,0,0,0,0,0,180,forward,0,0,110.0,1.6532489756154576,101.51936379132371
11:52:58,1.6533388071438695,101.51929189617022,0,0,0,0,0,0,0,0,0,180,forward,0,0,110.0,1.6532489756154576,101.51936379132371
11:53:01,1.6533388071438695,101.51929189617022,0,0,0,0,0,0,0,0,0,180,forward,0,0,110.0,1.6532489756154576,101.51936379132371
11:53:03,1.6533388071438695,101.51929189617022,0,0,0,0,0,0,0,0,0,180,forward,0,0,110.0,1.6532489756154576,101.51936379132371
11:53:05,1.6533388071438695,101.51929189617022,0,0,0,0,0,0,0,0,0,180,forward,0,0,110.0,1.6532489756154576,101.51936379132371
11:53:07,1.6533388071438695,101.51929189617022,0,0,0,0,0,0,0,0,0,180,forward,0,0,110.0,1.6532489756154576,101.51936379132371
11:53:09,1.6533388071438695,101.51929189617022,0,0,0,0,0,0,0,0,0,180,forward,0,0,110.0,1.6532489756154576,101.51936379132371
11:53:11,1.6533388071438695,101.51929189617022,0,0,0,0,0,0,0,0,0,180,forward,0,0,110.0,1.6532489756154576,101.51936379132371
11:53:14,1.6533388071438695,101.51929189617022,0,0,0,0,0,0,0,0,0,180,forward,0,0,110.0,1.6532489756154576,101.51936379132371
11:53:16,1.6533388071438695,101.51929189617022,0,0,0,0,0,0,0,0,0,180,forward,0,0,110.0,1.6532489756154576,101.51936379132371
11:53:18,1.6533388071438695,101.51929189617022,0,0,0,0,0,0,0,0,0,180,forward,0,0,110.0,1.6532489756154576,101.51936379132371
11:53:20,1.6533388071438695,101.51929189617022,0,0,0,0,0,0,0,0,0,180,forward,0,0,110.0,1.6532489756154576,101.51936379132371
11:53:22,1.6533388071438695,101.51929189617022,0,0,0,0,0,0,0,0,0,180,forward,0,0,110.0,1.6532489756154576,101.51936379132371
11:53:24,1.6533388071438695,101.51929189617022,0,0,0,0,0,0,0,0,0,180,forward,0,0,110.0,1.6532489756154576,101.51936379132371
11:53:27,1.6533388071438695,101.51929189617022,0,0,0,0,0,0,0,0,0,180,forward,0,0,110.0,1.6532489756154576,101.51936379132371
11:53:29,1.6533388071438695,101.51929189617022,0,0,0,0,0,0,0,0,0,180,forward,0,0,110.0,1.6532489756154576,101.51936379132371
11:53:31,1.6533388071438695,101.51929189617022,0,0,0,0,0,0,0,0,0,180,forward,0,0,110.0,1.6532489756154576,101.51936379132371
11:53:33,1.6533388071438695,101.51929189617022,0,0,0,0,0,0,0,0,0,180,forward,0,0,110.0,1.6532489756154576,101.51936379132371
11:53:35,1.6533388071438695,101.51929189617022,0,0,0,0,0,0,0,0,0,180,forward,0,0,110.0,1.6532489756154576,101.51936379132371
11:53:37,1.6533388071438695,101.51929189617022,0,0,0,0,0,0,0,0,0,180,forward,0,0,110.0,1.6532489756154576,101.51936379132371
11:53:40,1.6533388071438695,101.51929189617022,0,0,0,0,0,0,0,0,0,180,forward,0,0,110.0,1.6532489756154576,101.51936379132371
11:53:42,1.6533388071438695,101.51929189617022,0,0,0,0,0,0,0,0,0,180,forward,0,0,110.0,1.6532489756154576,101.51936379132371
11:53:44,1.6533388071438695,101.51929189617022,0,0,0,0,0,0,0,0,0,180,forward,0,0,110.0,1.6532489756154576,101.51936379132371
11:53:46,1.6533388071438695,101.51929189617022,0,0,0,0,0,0,0,0,0,180,forward,0,0,110.0,1.6532489756154576,101.51936379132371
11:53:48,1.6533388071438695,101.51929189617022,0,0,0,0,0,0,0,0,0,180,forward,0,0,110.0,1.6532489756154576,101.51936379132371
11:53:50,1.6533388071438695,101.51929189617022,0,0,0,0,0,0,0,0,0,180,forward,0,0,110.0,1.6532489756154576,101.51936379132371
11:53:52,1.6533388071438695,101.51929189617022,0,0,0,0,0,0,0,0,0,180,forward,0,0,110.0,1.6532489756154576,101.51936379132371
11:53:55,1.6533388071438695,101.51929189617022,0,0,0,0,0,0,0,0,0,180,forward,0,0,110.0,1.6532489756154576,101.51936379132371
11:53:57,1.6533388071438695,101.51929189617022,0,0,0,0,0,0,0,0,0,180,forward,0,0,110.0,1.6532489756154576,101.51936379132371
11:53:59,1.6533388071438695,101.51929189617022,0,0,0,0,0,0,0,0,0,180,forward,0,0,110.0,1.6532489756154576,101.51936379132371
11:54:01,1.6533388071438695,101.51929189617022,0,0,0,0,0,0,0,0,0,180,forward,0,0,110.0,1.6532489756154576,101.51936379132371
11:54:03,1.6533388071438695,101.51929189617022,0,0,0,0,0,0,0,0,0,180,forward,0,0,110.0,1.6532489756154576,101.51936379132371
11:54:05,1.6533388071438695,101.51929189617022,0,0,0,0,0,0,0,0,0,180,forward,0,0,110.0,1.6532489756154576,101.51936379132371
11:54:07,1.6533388071438695,101.51929189617022,0,0,0,0,0,0,0,0,0,180,forward,0,0,110.0,1.6532489756154576,101.51936379132371
11:54:09,1.6533388071438695,101.51929189617022,0,0,0,0,0,0,0,0,0,180,forward,0,0,110.0,1.6532489756154576,101.51936379132371
11:54:12,1.6533388071438695,101.51929189617022,0,0,0,0,0,0,0,0,0,180,forward,0,0,110.0,1.6532489756154576,101.51936379132371
11:54:14,1.6533388071438695,101.51929189617022,0,0,0,0,0,0,0,0,0,180,forward,0,0,110.0,1.6532489756154576,101.51936379132371
11:54:16,1.6533388071438695,101.51929189617022,0,0,0,0,0,0,0,0,0,180,forward,0,0,110.0,1.6532489756154576,101.51936379132371
11:54:18,1.6533388071438695,101.51929189617022,0,0,0,0,0,0,0,0,0,180,forward,0,0,110.0,1.6532489756154576,101.51936379132371
11:54:20,1.6533388071438695,101.51929189617022,0,0,0,0,0,0,0,0,0,180,forward,0,0,110.0,1.6532489756154576,101.51936379132371
11:54:22,1.6533388071438695,101.51929189617022,0,0,0,0,0,0,0,0,0,180,forward,0,0,110.0,1.6532489756154576,101.51936379132371
11:54:25,1.6533388071438695,101.51929189617022,0,0,0,0,0,0,0,0,0,180,forward,0,0,110.0,1.6532489756154576,101.51936379132371
11:54:27,1.6533388071438695,101.51929189617022,0,0,0,0,0,0,0,0,0,180,forward,0,0,110.0,1.6532489756154576,101.51936379132371
11:54:29,1.6533388071438695,101.51929189617022,0,0,0,0,0,0,0,0,0,180,forward,0,0,110.0,1.6532489756154576,101.51936379132371
11:54:31,1.6533388071438695,101.51929189617022,0,0,0,0,0,0,0,0,0,180,forward,0,0,110.0,1.6532489756154576,101.51936379132371
11:54:33,1.6533388071438695,101.51929189617022,0,0,0,0,0,0,0,0,0,180,forward,0,0,110.0,1.6532489756154576,101.51936379132371
11:54:35,1.6533388071438695,101.51929189617022,0,0,0,0,0,0,0,0,0,180,forward,0,0,110.0,1.6532489756154576,101.51936379132371
11:54:38,1.6533388071438695,101.51929189617022,0,0,0,0,0,0,0,0,0,180,forward,0,0,110.0,1.6532489756154576,101.51936379132371
11:54:40,1.6533388071438695,101.51929189617022,0,0,0,0,0,0,0,0,0,180,forward,0,0,110.0,1.6532489756154576,101.51936379132371
11:54:42,1.6533388071438695,101.51929189617022,0,0,0,0,0,0,0,0,0,180,forward,0,0,110.0,1.6532489756154576,101.51936379132371
11:54:44,1.6533388071438695,101.51929189617022,0,0,0,0,0,0,0,0,0,180,forward,0,0,110.0,1.6532489756154576,101.51936379132371
11:54:46,1.6533388071438695,101.51929189617022,0,0,0,0,0,0,0,0,0,180,forward,0,0,110.0,1.6532489756154576,101.51936379132371
11:54:49,1.6533388071438695,101.51929189617022,0,0,0,0,0,0,0,0,0,180,forward,0,0,110.0,1.6532489756154576,101.51936379132371
11:54:51,1.6533388071438695,101.51929189617022,0,0,0,0,0,0,0,0,0,180,forward,0,0,110.0,1.6532489756154576,101.51936379132371
11:54:53,1.6533388071438695,101.51929189617022,0,0,0,0,0,0,0,0,0,180,forward,0,0,110.0,1.6532489756154576,101.51936379132371
11:54:55,1.6533388071438695,101.51929189617022,0,0,0,0,0,0,0,0,0,180,forward,0,0,110.0,1.6532489756154576,101.51936379132371
11:54:57,1.6533388071438695,101.51929189617022,0,0,0,0,0,0,0,0,0,180,forward,0,0,110.0,1.6532489756154576,101.51936379132371
11:54:59,1.6533388071438695,101.51929189617022,0,0,0,0,0,0,0,0,0,180,forward,0,0,110.0,1.6532489756154576,101.51936379132371
11:55:02,1.6533388071438695,101.51929189617022,0,0,0,0,0,0,0,0,0,180,forward,0,0,110.0,1.6532489756154576,101.51936379132371
11:55:04,1.6533388071438695,101.51929189617022,0,0,0,0,0,0,0,0,0,180,forward,0,0,110.0,1.6532489756154576,101.51936379132371
11:55:06,1.6533388071438695,101.51929189617022,0,0,0,0,0,0,0,0,0,180,forward,0,0,110.0,1.6532489756154576,101.51936379132371
11:55:08,1.6533388071438695,101.51929189617022,0,0,0,0,0,0,0,0,0,180,forward,0,0,110.0,1.6532489756154576,101.51936379132371
11:55:10,1.6533388071438695,101.51929189617022,0,0,0,0,0,0,0,0,0,180,forward,0,0,110.0,1.6532489756154576,101.51936379132371
11:55:13,1.6533388071438695,101.51929189617022,0,0,0,0,0,0,0,0,0,180,forward,0,0,110.0,1.6532489756154576,101.51936379132371
11:55:15,1.6533388071438695,101.51929189617022,0,0,0,0,0,0,0,0,0,180,forward,0,0,110.0,1.6532489756154576,101.51936379132371
11:55:17,1.6533388071438695,101.51929189617022,0,0,0,0,0,0,0,0,0,180,forward,0,0,110.0,1.6532489756154576,101.51936379132371
11:55:19,1.6533388071438695,101.51929189617022,0,0,0,0,0,0,0,0,0,180,forward,0,0,110.0,1.6532489756154576,101.51936379132371
11:55:21,1.6533388071438695,101.51929189617022,0,0,0,0,0,0,0,0,0,180,forward,0,0,110.0,1.6532489756154576,101.51936379132371
11:55:23,1.6533388071438695,101.51929189617022,0,0,0,0,0,0,0,0,0,180,forward,0,0,110.0,1.6532489756154576,101.51936379132371
11:55:26,1.6533388071438695,101.51929189617022,0,0,0,0,0,0,0,0,0,180,forward,0,0,110.0,1.6532489756154576,101.51936379132371
11:55:28,1.6533388071438695,101.51929189617022,0,0,0,0,0,0,0,0,0,180,forward,0,0,110.0,1.6532489756154576,101.51936379132371
11:55:30,1.6533388071438695,101.51929189617022,0,0,0,0,0,0,0,0,0,180,forward,0,0,110.0,1.6532489756154576,101.51936379132371
11:55:32,1.6533388071438695,101.51929189617022,0,0,0,0,0,0,0,0,0,180,forward,0,0,110.0,1.6532489756154576,101.51936379132371
11:55:34,1.6533388071438695,101.51929189617022,0,0,0,0,0,0,0,0,0,180,forward,0,0,110.0,1.6532489756154576,101.51936379132371
11:55:36,1.6533388071438695,101.51929189617022,0,0,0,0,0,0,0,0,0,180,forward,0,0,110.0,1.6532489756154576,101.51936379132371
11:55:39,1.6533388071438695,101.51929189617022,0,0,0,0,0,0,0,0,0,180,forward,0,0,110.0,1.6532489756154576,101.51936379132371
11:55:41,1.6533388071438695,101.51929189617022,0,0,0,0,0,0,0,0,0,180,forward,0,0,110.0,1.6532489756154576,101.51936379132371
11:55:43,1.6533388071438695,101.51929189617022,0,0,0,0,0,0,0,0,0,180,forward,0,0,110.0,1.6532489756154576,101.51936379132371
11:55:45,1.6533388071438695,101.51929189617022,0,0,0,0,0,0,0,0,0,180,forward,0,0,110.0,1.6532489756154576,101.51936379132371
11:55:47,1.6533388071438695,101.51929189617022,0,0,0,0,0,0,0,0,0,180,forward,0,0,110.0,1.6532489756154576,101.51936379132371
11:55:50,1.6533388071438695,101.51929189617022,0,0,0,0,0,0,0,0,0,180,forward,0,0,110.0,1.6532489756154576,101.51936379132371
11:55:52,1.6533388071438695,101.51929189617022,0,0,0,0,0,0,0,0,0,180,forward,0,0,110.0,1.6532489756154576,101.51936379132371
11:55:54,1.6533388071438695,101.51929189617022,0,0,0,0,0,0,0,0,0,180,forward,0,0,110.0,1.6532489756154576,101.51936379132371
11:55:56,1.6533388071438695,101.51929189617022,0,0,0,0,0,0,0,0,0,180,forward,0,0,110.0,1.6532489756154576,101.51936379132371
11:55:58,1.6533388071438695,101.51929189617022,0,0,0,0,0,0,0,0,0,180,forward,0,0,110.0,1.6532489756154576,101.51936379132371
11:56:00,1.6533388071438695,101.51929189617022,0,0,0,0,0,0,0,0,0,180,forward,0,0,110.0,1.6532489756154576,101.51936379132371
11:56:03,1.6533388071438695,101.51929189617022,0,0,0,0,0,0,0,0,0,180,forward,0,0,110.0,1.6532489756154576,101.51936379132371
11:56:05,1.6533388071438695,101.51929189617022,0,0,0,0,0,0,0,0,0,180,forward,0,0,110.0,1.6532489756154576,101.51936379132371
11:56:07,1.6533388071438695,101.51929189617022,0,0,0,0,0,0,0,0,0,180,forward,0,0,110.0,1.6532489756154576,101.51936379132371
11:56:09,1.6533388071438695,101.51929189617022,0,0,0,0,0,0,0,0,0,180,forward,0,0,110.0,1.6532489756154576,101.51936379132371
11:56:11,1.6533388071438695,101.51929189617022,0,0,0,0,0,0,0,0,0,180,forward,0,0,110.0,1.6532489756154576,101.51936379132371
11:56:14,1.6533388071438695,101.51929189617022,0,0,0,0,0,0,0,0,0,180,forward,0,0,110.0,1.6532489756154576,101.51936379132371
11:56:16,1.6533388071438695,101.51929189617022,0,0,0,0,0,0,0,0,0,180,forward,0,0,110.0,1.6532489756154576,101.51936379132371
11:56:18,1.6533388071438695,101.51929189617022,0,0,0,0,0,0,0,0,0,180,forward,0,0,110.0,1.6532489756154576,101.51936379132371
11:56:20,1.6533388071438695,101.51929189617022,0,0,0,0,0,0,0,0,0,180,forward,0,0,110.0,1.6532489756154576,101.51936379132371
11:56:22,1.6533388071438695,101.51929189617022,0,0,0,0,0,0,0,0,0,180,forward,0,0,110.0,1.6532489756154576,101.51936379132371
11:56:25,1.6533388071438695,101.51929189617022,0,0,0,0,0,0,0,0,0,180,forward,0,0,110.0,1.6532489756154576,101.51936379132371
11:56:27,1.6533388071438695,101.51929189617022,0,0,0,0,0,0,0,0,0,180,forward,0,0,110.0,1.6532489756154576,101.51936379132371
11:56:29,1.6533388071438695,101.51929189617022,0,0,0,0,0,0,0,0,0,180,forward,0,0,110.0,1.6532489756154576,101.51936379132371
11:56:31,1.6533388071438695,101.51929189617022,0,0,0,0,0,0,0,0,0,180,forward,0,0,110.0,1.6532489756154576,101.51936379132371
11:56:33,1.6533388071438695,101.51929189617022,0,0,0,0,0,0,0,0,0,180,forward,0,0,110.0,1.6532489756154576,101.51936379132371
11:56:35,1.6533388071438695,101.51929189617022,0,0,0,0,0,0,0,0,0,180,forward,0,0,110.0,1.6532489756154576,101.51936379132371
11:56:37,1.6533388071438695,101.51929189617022,0,0,0,0,0,0,0,0,0,180,forward,0,0,110.0,1.6532489756154576,101.51936379132371
11:56:39,1.6533388071438695,101.51929189617022,0,0,0,0,0,0,0,0,0,180,forward,0,0,110.0,1.6532489756154576,101.51936379132371
11:56:42,1.6533388071438695,101.51929189617022,0,0,0,0,0,0,0,0,0,180,forward,0,0,110.0,1.6532489756154576,101.51936379132371
11:56:44,1.6533388071438695,101.51929189617022,0,0,0,0,0,0,0,0,0,180,forward,0,0,110.0,1.6532489756154576,101.51936379132371
11:56:46,1.6533388071438695,101.51929189617022,0,0,0,0,0,0,0,0,0,180,forward,0,0,110.0,1.6532489756154576,101.51936379132371
11:56:48,1.6533388071438695,101.51929189617022,0,0,0,0,0,0,0,0,0,180,forward,0,0,110.0,1.6532489756154576,101.51936379132371
11:56:50,1.6533388071438695,101.51929189617022,0,0,0,0,0,0,0,0,0,180,forward,0,0,110.0,1.6532489756154576,101.51936379132371
11:56:53,1.6533388071438695,101.51929189617022,0,0,0,0,0,0,0,0,0,180,forward,0,0,110.0,1.6532489756154576,101.51936379132371
11:56:55,1.6533388071438695,101.51929189617022,0,0,0,0,0,0,0,0,0,180,forward,0,0,110.0,1.6532489756154576,101.51936379132371
11:56:57,1.6533388071438695,101.51929189617022,0,0,0,0,0,0,0,0,0,180,forward,0,0,110.0,1.6532489756154576,101.51936379132371
11:56:59,1.6533388071438695,101.51929189617022,0,0,0,0,0,0,0,0,0,180,forward,0,0,110.0,1.6532489756154576,101.51936379132371
11:57:01,1.6533388071438695,101.51929189617022,0,0,0,0,0,0,0,0,0,180,forward,0,0,110.0,1.6532489756154576,101.51936379132371
11:57:03,1.6533388071438695,101.51929189617022,0,0,0,0,0,0,0,0,0,180,forward,0,0,110.0,1.6532489756154576,101.51936379132371
11:57:06,1.6533388071438695,101.51929189617022,0,0,0,0,0,0,0,0,0,180,forward,0,0,110.0,1.6532489756154576,101.51936379132371
11:57:08,1.6533388071438695,101.51929189617022,0,0,0,0,0,0,0,0,0,180,forward,0,0,110.0,1.6532489756154576,101.51936379132371
11:57:10,1.6533388071438695,101.51929189617022,0,0,0,0,0,0,0,0,0,180,forward,0,0,110.0,1.6532489756154576,101.51936379132371
11:57:12,1.6533388071438695,101.51929189617022,0,0,0,0,0,0,0,0,0,180,forward,0,0,110.0,1.6532489756154576,101.51936379132371
11:57:14,1.6533388071438695,101.51929189617022,0,0,0,0,0,0,0,0,0,180,forward,0,0,110.0,1.6532489756154576,101.51936379132371
11:57:16,1.6533388071438695,101.51929189617022,0,0,0,0,0,0,0,0,0,180,forward,0,0,110.0,1.6532489756154576,101.51936379132371
11:57:19,1.6533388071438695,101.51929189617022,0,0,0,0,0,0,0,0,0,180,forward,0,0,110.0,1.6532489756154576,101.51936379132371
11:57:21,1.6533388071438695,101.51929189617022,0,0,0,0,0,0,0,0,0,180,forward,0,0,110.0,1.6532489756154576,101.51936379132371
11:57:23,1.6533388071438695,101.51929189617022,0,0,0,0,0,0,0,0,0,180,forward,0,0,110.0,1.6532489756154576,101.51936379132371
11:57:25,1.6533388071438695,101.51929189617022,0,0,0,0,0,0,0,0,0,180,forward,0,0,110.0,1.6532489756154576,101.51936379132371
11:57:27,1.6533388071438695,101.51929189617022,0,0,0,0,0,0,0,0,0,180,forward,0,0,110.0,1.6532489756154576,101.51936379132371
11:57:29,1.6533388071438695,101.51929189617022,0,0,0,0,0,0,0,0,0,180,forward,0,0,110.0,1.6532489756154576,101.51936379132371
11:57:31,1.6533388071438695,101.51929189617022,0,0,0,0,0,0,0,0,0,180,forward,0,0,110.0,1.6532489756154576,101.51936379132371
11:57:33,1.6533388071438695,101.51929189617022,0,0,0,0,0,0,0,0,0,180,forward,0,0,110.0,1.6532489756154576,101.51936379132371
11:57:36,1.6533388071438695,101.51929189617022,0,0,0,0,0,0,0,0,0,180,forward,0,0,110.0,1.6532489756154576,101.51936379132371
11:57:38,1.6533388071438695,101.51929189617022,0,0,0,0,0,0,0,0,0,180,forward,0,0,110.0,1.6532489756154576,101.51936379132371
11:57:40,1.6533388071438695,101.51929189617022,0,0,0,0,0,0,0,0,0,180,forward,0,0,110.0,1.6532489756154576,101.51936379132371
11:57:42,1.6533388071438695,101.51929189617022,0,0,0,0,0,0,0,0,0,180,forward,0,0,110.0,1.6532489756154576,101.51936379132371
11:57:44,1.6533388071438695,101.51929189617022,0,0,0,0,0,0,0,0,0,180,forward,0,0,110.0,1.6532489756154576,101.51936379132371
11:57:47,1.6533388071438695,101.51929189617022,0,0,0,0,0,0,0,0,0,180,forward,0,0,110.0,1.6532489756154576,101.51936379132371
11:57:49,1.6533388071438695,101.51929189617022,0,0,0,0,0,0,0,0,0,180,forward,0,0,110.0,1.6532489756154576,101.51936379132371
11:57:51,1.6533388071438695,101.51929189617022,0,0,0,0,0,0,0,0,0,180,forward,0,0,110.0,1.6532489756154576,101.51936379132371
11:57:53,1.6533388071438695,101.51929189617022,0,0,0,0,0,0,0,0,0,180,forward,0,0,110.0,1.6532489756154576,101.51936379132371
11:57:55,1.6533388071438695,101.51929189617022,0,0,0,0,0,0,0,0,0,180,forward,0,0,110.0,1.6532489756154576,101.51936379132371
11:57:57,1.6533388071438695,101.51929189617022,0,0,0,0,0,0,0,0,0,180,forward,0,0,110.0,1.6532489756154576,101.51936379132371
11:57:59,1.6533388071438695,101.51929189617022,0,0,0,0,0,0,0,0,0,180,forward,0,0,110.0,1.6532489756154576,101.51936379132371
11:58:01,1.6533388071438695,101.51929189617022,0,0,0,0,0,0,0,0,0,180,forward,0,0,110.0,1.6532489756154576,101.51936379132371
11:58:04,1.6533388071438695,101.51929189617022,0,0,0,0,0,0,0,0,0,180,forward,0,0,110.0,1.6532489756154576,101.51936379132371
11:58:06,1.6533388071438695,101.51929189617022,0,0,0,0,0,0,0,0,0,180,forward,0,0,110.0,1.6532489756154576,101.51936379132371
11:58:08,1.6533388071438695,101.51929189617022,0,0,0,0,0,0,0,0,0,180,forward,0,0,110.0,1.6532489756154576,101.51936379132371
