date,val latitude,val longitude,propeller speed1,propeller speed2,propeller speed3,propeller speed4,str1 target,str2 target,str3 target,str4 target,heading,heading target,mode,position_error,dir_error,payout,lat chute,long chute
10:6:6,1.153461,103.894775,0,0,0,0,0,0,0,0,0,180,forward,0,0,0,1.1533711684715882,103.89484687978813
10:6:8,1.153461,103.894775,0,0,0,0,0,0,0,0,0,180,forward,0,0,0,1.1533711684715882,103.89484687978813
10:6:11,1.153461,103.894775,0,0,0,0,0,0,0,0,0,180,forward,0,0,0,1.1533711684715882,103.89484687978813
10:6:13,1.153461,103.894775,0,0,0,0,0,0,0,0,0,180,forward,0,0,0,1.1533711684715882,103.89484687978813
10:6:15,1.153461,103.894775,0,0,0,0,0,0,0,0,0,180,forward,0,0,0,1.1533711684715882,103.89484687978813
10:6:17,1.153461,103.894775,0,0,0,0,0,0,0,0,0,180,forward,0,0,0,1.1533711684715882,103.89484687978813
10:6:19,1.153461,103.894775,0,0,0,0,0,0,0,0,0,180,forward,0,0,0,1.1533711684715882,103.89484687978813
10:6:21,1.153461,103.894775,0,0,0,0,0,0,0,0,0,180,forward,0,0,0,1.1533711684715882,103.89484687978813
10:6:23,1.153461,103.894775,0,0,0,0,0,0,0,0,0,180,forward,0,0,0,1.1533711684715882,103.89484687978813
10:6:25,1.153461,103.894775,0,0,0,0,0,0,0,0,0,180,forward,0,0,0,1.1533711684715882,103.89484687978813
10:6:27,1.153461,103.894775,0,0,0,0,0,0,0,0,0,180,forward,0,0,0,1.1533711684715882,103.89484687978813
10:6:29,1.153461,103.894775,0,0,0,0,0,0,0,0,0,180,forward,0,0,0,1.1533711684715882,103.89484687978813
10:6:31,1.153461,103.894775,0,0,0,0,0,0,0,0,0,180,forward,0,0,0,1.1533711684715882,103.89484687978813
10:6:33,1.153461,103.894775,0,0,0,0,0,0,0,0,0,180,forward,0,0,0,1.1533711684715882,103.89484687978813
10:6:35,1.153461,103.894775,0,0,0,0,0,0,0,0,0,180,forward,0,0,0,1.1533711684715882,103.89484687978813
10:6:37,1.153461,103.894775,0,0,0,0,0,0,0,0,0,180,forward,0,0,0,1.1533711684715882,103.89484687978813
10:6:39,1.153461,103.894775,0,0,0,0,0,0,0,0,0,180,forward,0,0,0,1.1533711684715882,103.89484687978813
10:6:42,1.153461,103.894775,0,0,0,0,0,0,0,0,0,180,forward,0,0,0,1.1533711684715882,103.89484687978813
10:6:44,1.153461,103.894775,0,0,0,0,0,0,0,0,0,180,forward,0,0,0,1.1533711684715882,103.89484687978813
10:6:46,1.153461,103.894775,0,0,0,0,0,0,0,0,0,180,forward,0,0,0,1.1533711684715882,103.89484687978813
10:6:48,1.153461,103.894775,0,0,0,0,0,0,0,0,0,180,forward,0,0,0,1.1533711684715882,103.89484687978813
10:6:50,1.153461,103.894775,0,0,0,0,0,0,0,0,0,180,forward,0,0,0,1.1533711684715882,103.89484687978813
10:6:52,1.153461,103.894775,0,0,0,0,0,0,0,0,0,180,forward,0,0,0,1.1533711684715882,103.89484687978813
10:6:54,1.153461,103.894775,0,0,0,0,0,0,0,0,0,180,forward,0,0,0,1.1533711684715882,103.89484687978813
10:6:56,1.153461,103.894775,0,0,0,0,0,0,0,0,0,180,forward,0,0,0,1.1533711684715882,103.89484687978813
10:6:58,1.153461,103.894775,0,0,0,0,0,0,0,0,0,180,forward,0,0,0,1.1533711684715882,103.89484687978813
10:7:0,1.153461,103.894775,0,0,0,0,0,0,0,0,0,180,forward,0,0,0,1.1533711684715882,103.89484687978813
10:7:2,1.153461,103.894775,0,0,0,0,0,0,0,0,0,180,forward,0,0,0,1.1533711684715882,103.89484687978813
10:7:4,1.153461,103.894775,0,0,0,0,0,0,0,0,0,180,forward,0,0,0,1.1533711684715882,103.89484687978813
10:7:6,1.153461,103.894775,0,0,0,0,0,0,0,0,0,180,forward,0,0,0,1.1533711684715882,103.89484687978813
10:7:8,1.153461,103.894775,0,0,0,0,0,0,0,0,0,180,forward,0,0,0,1.1533711684715882,103.89484687978813
10:7:10,1.153461,103.894775,0,0,0,0,0,0,0,0,0,180,forward,0,0,0,1.1533711684715882,103.89484687978813
10:7:12,1.153461,103.894775,0,0,0,0,0,0,0,0,0,180,forward,0,0,0,1.1533711684715882,103.89484687978813
10:7:14,1.153461,103.894775,0,0,0,0,0,0,0,0,0,180,forward,0,0,0,1.1533711684715882,103.89484687978813
10:7:17,1.153461,103.894775,0,0,0,0,0,0,0,0,0,180,forward,0,0,0,1.1533711684715882,103.89484687978813
10:7:19,1.153461,103.894775,0,0,0,0,0,0,0,0,0,180,forward,0,0,0,1.1533711684715882,103.89484687978813
10:7:21,1.153461,103.894775,0,0,0,0,0,0,0,0,0,180,forward,0,0,0,1.1533711684715882,103.89484687978813
10:7:23,1.153461,103.894775,0,0,0,0,0,0,0,0,0,180,forward,0,0,0,1.1533711684715882,103.89484687978813
10:7:25,1.153461,103.894775,0,0,0,0,0,0,0,0,0,180,forward,0,0,0,1.1533711684715882,103.89484687978813
10:7:27,1.153461,103.894775,0,0,0,0,0,0,0,0,0,180,forward,0,0,0,1.1533711684715882,103.89484687978813
10:7:29,1.153461,103.894775,0,0,0,0,0,0,0,0,0,180,forward,0,0,0,1.1533711684715882,103.89484687978813
date,val latitude,val longitude,propeller speed1,propeller speed2,propeller speed3,propeller speed4,str1 target,str2 target,str3 target,str4 target,heading,heading target,mode,position_error,dir_error,payout,lat chute,long chute
14:7:8,1.153461,103.894775,0,0,0,0,0,0,0,0,0,180,forward,0,0,0,1.1533711684715882,103.89484687978813
14:7:10,1.153461,103.894775,0,0,0,0,0,0,0,0,0,180,forward,0,0,0,1.1533711684715882,103.89484687978813
14:7:12,1.153461,103.894775,0,0,0,0,0,0,0,0,0,180,forward,0,0,0,1.1533711684715882,103.89484687978813
14:7:14,1.153461,103.894775,0,0,0,0,0,0,0,0,0,180,forward,0,0,0,1.1533711684715882,103.89484687978813
14:7:16,1.153461,103.894775,0,0,0,0,0,0,0,0,0,180,forward,0,0,0,1.1533711684715882,103.89484687978813
14:7:18,1.153461,103.894775,0,0,0,0,0,0,0,0,0,180,forward,0,0,0,1.1533711684715882,103.89484687978813
14:7:20,1.153461,103.894775,0,0,0,0,0,0,0,0,0,180,forward,0,0,0,1.1533711684715882,103.89484687978813
14:7:22,1.153461,103.894775,0,0,0,0,0,0,0,0,0,180,forward,0,0,0,1.1533711684715882,103.89484687978813
14:7:24,1.153461,103.894775,0,0,0,0,0,0,0,0,0,180,forward,0,0,0,1.1533711684715882,103.89484687978813
14:7:26,1.153461,103.894775,0,0,0,0,0,0,0,0,0,180,forward,0,0,0,1.1533711684715882,103.89484687978813
14:7:28,1.153461,103.894775,0,0,0,0,0,0,0,0,0,180,forward,0,0,0,1.1533711684715882,103.89484687978813
14:7:30,1.153461,103.894775,0,0,0,0,0,0,0,0,0,180,forward,0,0,0,1.1533711684715882,103.89484687978813
14:7:33,1.153461,103.894775,0,0,0,0,0,0,0,0,0,180,forward,0,0,0,1.1533711684715882,103.89484687978813
14:7:35,1.153461,103.894775,0,0,0,0,0,0,0,0,0,180,forward,0,0,0,1.1533711684715882,103.89484687978813
14:7:37,1.153461,103.894775,0,0,0,0,0,0,0,0,0,180,forward,0,0,0,1.1533711684715882,103.89484687978813
14:7:39,1.153461,103.894775,0,0,0,0,0,0,0,0,0,180,forward,0,0,0,1.1533711684715882,103.89484687978813
14:7:41,1.153461,103.894775,0,0,0,0,0,0,0,0,0,180,forward,0,0,0,1.1533711684715882,103.89484687978813
14:7:43,1.153461,103.894775,0,0,0,0,0,0,0,0,0,180,forward,0,0,0,1.1533711684715882,103.89484687978813
14:7:45,1.153461,103.894775,0,0,0,0,0,0,0,0,0,180,forward,0,0,0,1.1533711684715882,103.89484687978813
14:7:47,1.153461,103.894775,0,0,0,0,0,0,0,0,0,180,forward,0,0,0,1.1533711684715882,103.89484687978813
14:7:49,1.153461,103.894775,0,0,0,0,0,0,0,0,0,180,forward,0,0,0,1.1533711684715882,103.89484687978813
14:7:51,1.153461,103.894775,0,0,0,0,0,0,0,0,0,180,forward,0,0,0,1.1533711684715882,103.89484687978813
14:7:53,1.153461,103.894775,0,0,0,0,0,0,0,0,0,180,forward,0,0,0,1.1533711684715882,103.89484687978813
14:7:55,1.153461,103.894775,0,0,0,0,0,0,0,0,0,180,forward,0,0,0,1.1533711684715882,103.89484687978813
14:7:57,1.153461,103.894775,0,0,0,0,0,0,0,0,0,180,forward,0,0,0,1.1533711684715882,103.89484687978813
14:7:59,1.153461,103.894775,0,0,0,0,0,0,0,0,0,180,forward,0,0,0,1.1533711684715882,103.89484687978813
14:8:1,1.153461,103.894775,0,0,0,0,0,0,0,0,0,180,forward,0,0,0,1.1533711684715882,103.89484687978813
14:8:4,1.153461,103.894775,0,0,0,0,0,0,0,0,0,180,forward,0,0,0,1.1533711684715882,103.89484687978813
14:8:6,1.153461,103.894775,0,0,0,0,0,0,0,0,0,180,forward,0,0,0,1.1533711684715882,103.89484687978813
14:8:8,1.153461,103.894775,0,0,0,0,0,0,0,0,0,180,forward,0,0,0,1.1533711684715882,103.89484687978813
14:8:10,1.153461,103.894775,0,0,0,0,0,0,0,0,0,180,forward,0,0,0,1.1533711684715882,103.89484687978813
14:8:12,1.153461,103.894775,0,0,0,0,0,0,0,0,0,180,forward,0,0,0,1.1533711684715882,103.89484687978813
14:8:14,1.153461,103.894775,0,0,0,0,0,0,0,0,0,180,forward,0,0,0,1.1533711684715882,103.89484687978813
14:8:16,1.153461,103.894775,0,0,0,0,0,0,0,0,0,180,forward,0,0,0,1.1533711684715882,103.89484687978813
14:8:18,1.153461,103.894775,0,0,0,0,0,0,0,0,0,180,forward,0,0,0,1.1533711684715882,103.89484687978813
14:8:20,1.153461,103.894775,0,0,0,0,0,0,0,0,0,180,forward,0,0,0,1.1533711684715882,103.89484687978813
14:8:22,1.153461,103.894775,0,0,0,0,0,0,0,0,0,180,forward,0,0,0,1.1533711684715882,103.89484687978813
14:8:24,1.153461,103.894775,0,0,0,0,0,0,0,0,0,180,forward,0,0,0,1.1533711684715882,103.89484687978813
14:8:26,1.153461,103.894775,0,0,0,0,0,0,0,0,0,180,forward,0,0,0,1.1533711684715882,103.89484687978813
14:8:28,1.153461,103.894775,0,0,0,0,0,0,0,0,0,180,forward,0,0,0,1.1533711684715882,103.89484687978813
14:8:30,1.153461,103.894775,0,0,0,0,0,0,0,0,0,180,forward,0,0,0,1.1533711684715882,103.89484687978813
14:8:32,1.153461,103.894775,0,0,0,0,0,0,0,0,0,180,forward,0,0,0,1.1533711684715882,103.89484687978813
14:8:35,1.153461,103.894775,0,0,0,0,0,0,0,0,0,180,forward,0,0,0,1.1533711684715882,103.89484687978813
14:8:37,1.153461,103.894775,0,0,0,0,0,0,0,0,0,180,forward,0,0,0,1.1533711684715882,103.89484687978813
14:8:39,1.153461,103.894775,0,0,0,0,0,0,0,0,0,180,forward,0,0,0,1.1533711684715882,103.89484687978813
14:8:41,1.153461,103.894775,0,0,0,0,0,0,0,0,0,180,forward,0,0,0,1.1533711684715882,103.89484687978813
14:8:43,1.153461,103.894775,0,0,0,0,0,0,0,0,0,180,forward,0,0,0,1.1533711684715882,103.89484687978813
14:8:45,1.153461,103.894775,0,0,0,0,0,0,0,0,0,180,forward,0,0,0,1.1533711684715882,103.89484687978813
14:8:47,1.153461,103.894775,0,0,0,0,0,0,0,0,0,180,forward,0,0,0,1.1533711684715882,103.89484687978813
14:8:49,1.153461,103.894775,0,0,0,0,0,0,0,0,0,180,forward,0,0,0,1.1533711684715882,103.89484687978813
14:8:51,1.153461,103.894775,0,0,0,0,0,0,0,0,0,180,forward,0,0,0,1.1533711684715882,103.89484687978813
14:8:53,1.153461,103.894775,0,0,0,0,0,0,0,0,0,180,forward,0,0,0,1.1533711684715882,103.89484687978813
14:8:55,1.153461,103.894775,0,0,0,0,0,0,0,0,0,180,forward,0,0,0,1.1533711684715882,103.89484687978813
14:8:57,1.153461,103.894775,0,0,0,0,0,0,0,0,0,180,forward,0,0,0,1.1533711684715882,103.89484687978813
14:8:59,1.153461,103.894775,0,0,0,0,0,0,0,0,0,180,forward,0,0,0,1.1533711684715882,103.89484687978813
14:9:1,1.153461,103.894775,0,0,0,0,0,0,0,0,0,180,forward,0,0,0,1.1533711684715882,103.89484687978813
14:9:3,1.153461,103.894775,0,0,0,0,0,0,0,0,0,180,forward,0,0,0,1.1533711684715882,103.89484687978813
14:9:5,1.153461,103.894775,0,0,0,0,0,0,0,0,0,180,forward,0,0,0,1.1533711684715882,103.89484687978813
14:9:7,1.153461,103.894775,0,0,0,0,0,0,0,0,0,180,forward,0,0,0,1.1533711684715882,103.89484687978813
14:9:9,1.153461,103.894775,0,0,0,0,0,0,0,0,0,180,forward,0,0,0,1.1533711684715882,103.89484687978813
14:9:12,1.153461,103.894775,0,0,0,0,0,0,0,0,0,180,forward,0,0,0,1.1533711684715882,103.89484687978813
14:9:14,1.153461,103.894775,0,0,0,0,0,0,0,0,0,180,forward,0,0,0,1.1533711684715882,103.89484687978813
14:9:16,1.153461,103.894775,0,0,0,0,0,0,0,0,0,180,forward,0,0,0,1.1533711684715882,103.89484687978813
14:9:18,1.153461,103.894775,0,0,0,0,0,0,0,0,0,180,forward,0,0,0,1.1533711684715882,103.89484687978813
14:9:20,1.153461,103.894775,0,0,0,0,0,0,0,0,0,180,forward,0,0,0,1.1533711684715882,103.89484687978813
14:9:22,1.153461,103.894775,0,0,0,0,0,0,0,0,0,180,forward,0,0,0,1.1533711684715882,103.89484687978813
14:9:24,1.153461,103.894775,0,0,0,0,0,0,0,0,0,180,forward,0,0,0,1.1533711684715882,103.89484687978813
14:9:26,1.153461,103.894775,0,0,0,0,0,0,0,0,0,180,forward,0,0,0,1.1533711684715882,103.89484687978813
14:9:28,1.153461,103.894775,0,0,0,0,0,0,0,0,0,180,forward,0,0,0,1.1533711684715882,103.89484687978813
14:9:30,1.153461,103.894775,0,0,0,0,0,0,0,0,0,180,forward,0,0,0,1.1533711684715882,103.89484687978813
14:9:32,1.153461,103.894775,0,0,0,0,0,0,0,0,0,180,forward,0,0,0,1.1533711684715882,103.89484687978813
14:9:34,1.153461,103.894775,0,0,0,0,0,0,0,0,0,180,forward,0,0,0,1.1533711684715882,103.89484687978813
14:9:36,1.153461,103.894775,0,0,0,0,0,0,0,0,0,180,forward,0,0,0,1.1533711684715882,103.89484687978813
14:9:38,1.153461,103.894775,0,0,0,0,0,0,0,0,0,180,forward,0,0,0,1.1533711684715882,103.89484687978813
14:9:40,1.153461,103.894775,0,0,0,0,0,0,0,0,0,180,forward,0,0,0,1.1533711684715882,103.89484687978813
14:9:42,1.153461,103.894775,0,0,0,0,0,0,0,0,0,180,forward,0,0,0,1.1533711684715882,103.89484687978813
14:9:44,1.153461,103.894775,0,0,0,0,0,0,0,0,0,180,forward,0,0,0,1.1533711684715882,103.89484687978813
14:9:47,1.153461,103.894775,0,0,0,0,0,0,0,0,0,180,forward,0,0,0,1.1533711684715882,103.89484687978813
14:9:49,1.153461,103.894775,0,0,0,0,0,0,0,0,0,180,forward,0,0,0,1.1533711684715882,103.89484687978813
14:9:51,1.153461,103.894775,0,0,0,0,0,0,0,0,0,180,forward,0,0,0,1.1533711684715882,103.89484687978813
14:9:53,1.153461,103.894775,0,0,0,0,0,0,0,0,0,180,forward,0,0,0,1.1533711684715882,103.89484687978813
14:9:55,1.153461,103.894775,0,0,0,0,0,0,0,0,0,180,forward,0,0,0,1.1533711684715882,103.89484687978813
14:9:57,1.153461,103.894775,0,0,0,0,0,0,0,0,0,180,forward,0,0,0,1.1533711684715882,103.89484687978813
14:9:59,1.153461,103.894775,0,0,0,0,0,0,0,0,0,180,forward,0,0,0,1.1533711684715882,103.89484687978813
14:10:1,1.153461,103.894775,0,0,0,0,0,0,0,0,0,180,forward,0,0,0,1.1533711684715882,103.89484687978813
14:10:3,1.153461,103.894775,0,0,0,0,0,0,0,0,0,180,forward,0,0,0,1.1533711684715882,103.89484687978813
14:10:5,1.153461,103.894775,0,0,0,0,0,0,0,0,0,180,forward,0,0,0,1.1533711684715882,103.89484687978813
14:10:7,1.153461,103.894775,0,0,0,0,0,0,0,0,0,180,forward,0,0,0,1.1533711684715882,103.89484687978813
14:10:9,1.153461,103.894775,0,0,0,0,0,0,0,0,0,180,forward,0,0,0,1.1533711684715882,103.89484687978813
14:10:11,1.153461,103.894775,0,0,0,0,0,0,0,0,0,180,forward,0,0,0,1.1533711684715882,103.89484687978813
14:10:13,1.153461,103.894775,0,0,0,0,0,0,0,0,0,180,forward,0,0,0,1.1533711684715882,103.89484687978813
14:10:15,1.153461,103.894775,0,0,0,0,0,0,0,0,0,180,forward,0,0,0,1.1533711684715882,103.89484687978813
14:10:17,1.153461,103.894775,0,0,0,0,0,0,0,0,0,180,forward,0,0,0,1.1533711684715882,103.89484687978813
14:10:19,1.153461,103.894775,0,0,0,0,0,0,0,0,0,180,forward,0,0,0,1.1533711684715882,103.89484687978813
14:10:21,1.153461,103.894775,0,0,0,0,0,0,0,0,0,180,forward,0,0,0,1.1533711684715882,103.89484687978813
14:10:23,1.153461,103.894775,0,0,0,0,0,0,0,0,0,180,forward,0,0,0,1.1533711684715882,103.89484687978813
14:10:26,1.153461,103.894775,0,0,0,0,0,0,0,0,0,180,forward,0,0,0,1.1533711684715882,103.89484687978813
14:10:28,1.153461,103.894775,0,0,0,0,0,0,0,0,0,180,forward,0,0,0,1.1533711684715882,103.89484687978813
14:10:30,1.153461,103.894775,0,0,0,0,0,0,0,0,0,180,forward,0,0,0,1.1533711684715882,103.89484687978813
14:10:32,1.153461,103.894775,0,0,0,0,0,0,0,0,0,180,forward,0,0,0,1.1533711684715882,103.89484687978813
14:10:34,1.153461,103.894775,0,0,0,0,0,0,0,0,0,180,forward,0,0,0,1.1533711684715882,103.89484687978813
14:10:36,1.153461,103.894775,0,0,0,0,0,0,0,0,0,180,forward,0,0,0,1.1533711684715882,103.89484687978813
14:10:38,1.153461,103.894775,0,0,0,0,0,0,0,0,0,180,forward,0,0,0,1.1533711684715882,103.89484687978813
14:10:40,1.153461,103.894775,0,0,0,0,0,0,0,0,0,180,forward,0,0,0,1.1533711684715882,103.89484687978813
14:10:42,1.153461,103.894775,0,0,0,0,0,0,0,0,0,180,forward,0,0,0,1.1533711684715882,103.89484687978813
14:10:44,1.153461,103.894775,0,0,0,0,0,0,0,0,0,180,forward,0,0,0,1.1533711684715882,103.89484687978813
14:10:46,1.153461,103.894775,0,0,0,0,0,0,0,0,0,180,forward,0,0,0,1.1533711684715882,103.89484687978813
14:10:48,1.153461,103.894775,0,0,0,0,0,0,0,0,0,180,forward,0,0,0,1.1533711684715882,103.89484687978813
14:10:50,1.153461,103.894775,0,0,0,0,0,0,0,0,0,180,forward,0,0,0,1.1533711684715882,103.89484687978813
14:10:52,1.153461,103.894775,0,0,0,0,0,0,0,0,0,180,forward,0,0,0,1.1533711684715882,103.89484687978813
14:10:54,1.153461,103.894775,0,0,0,0,0,0,0,0,0,180,forward,0,0,0,1.1533711684715882,103.89484687978813
14:10:56,1.153461,103.894775,0,0,0,0,0,0,0,0,0,180,forward,0,0,0,1.1533711684715882,103.89484687978813
14:10:58,1.153461,103.894775,0,0,0,0,0,0,0,0,0,180,forward,0,0,0,1.1533711684715882,103.89484687978813
14:11:1,1.153461,103.894775,0,0,0,0,0,0,0,0,0,180,forward,0,0,0,1.1533711684715882,103.89484687978813
14:11:3,1.153461,103.894775,0,0,0,0,0,0,0,0,0,180,forward,0,0,0,1.1533711684715882,103.89484687978813
14:11:5,1.153461,103.894775,0,0,0,0,0,0,0,0,0,180,forward,0,0,0,1.1533711684715882,103.89484687978813
14:11:7,1.153461,103.894775,0,0,0,0,0,0,0,0,0,180,forward,0,0,0,1.1533711684715882,103.89484687978813
14:11:9,1.153461,103.894775,0,0,0,0,0,0,0,0,0,180,forward,0,0,0,1.1533711684715882,103.89484687978813
14:11:11,1.153461,103.894775,0,0,0,0,0,0,0,0,0,180,forward,0,0,0,1.1533711684715882,103.89484687978813
14:11:13,1.153461,103.894775,0,0,0,0,0,0,0,0,0,180,forward,0,0,0,1.1533711684715882,103.89484687978813
14:11:15,1.153461,103.894775,0,0,0,0,0,0,0,0,0,180,forward,0,0,0,1.1533711684715882,103.89484687978813
14:11:17,1.153461,103.894775,0,0,0,0,0,0,0,0,0,180,forward,0,0,0,1.1533711684715882,103.89484687978813
14:11:19,1.153461,103.894775,0,0,0,0,0,0,0,0,0,180,forward,0,0,0,1.1533711684715882,103.89484687978813
14:11:21,1.153461,103.894775,0,0,0,0,0,0,0,0,0,180,forward,0,0,0,1.1533711684715882,103.89484687978813
14:11:23,1.153461,103.894775,0,0,0,0,0,0,0,0,0,180,forward,0,0,0,1.1533711684715882,103.89484687978813
14:11:25,1.153461,103.894775,0,0,0,0,0,0,0,0,0,180,forward,0,0,0,1.1533711684715882,103.89484687978813
14:11:27,1.153461,103.894775,0,0,0,0,0,0,0,0,0,180,forward,0,0,0,1.1533711684715882,103.89484687978813
14:11:30,1.153461,103.894775,0,0,0,0,0,0,0,0,0,180,forward,0,0,0,1.1533711684715882,103.89484687978813
14:11:32,1.153461,103.894775,0,0,0,0,0,0,0,0,0,180,forward,0,0,0,1.1533711684715882,103.89484687978813
14:11:34,1.153461,103.894775,0,0,0,0,0,0,0,0,0,180,forward,0,0,0,1.1533711684715882,103.89484687978813
14:11:36,1.153461,103.894775,0,0,0,0,0,0,0,0,0,180,forward,0,0,0,1.1533711684715882,103.89484687978813
14:11:38,1.153461,103.894775,0,0,0,0,0,0,0,0,0,180,forward,0,0,0,1.1533711684715882,103.89484687978813
14:11:40,1.153461,103.894775,0,0,0,0,0,0,0,0,0,180,forward,0,0,0,1.1533711684715882,103.89484687978813
14:11:42,1.153461,103.894775,0,0,0,0,0,0,0,0,0,180,forward,0,0,0,1.1533711684715882,103.89484687978813
14:11:44,1.153461,103.894775,0,0,0,0,0,0,0,0,0,180,forward,0,0,0,1.1533711684715882,103.89484687978813
14:11:46,1.153461,103.894775,0,0,0,0,0,0,0,0,0,180,forward,0,0,0,1.1533711684715882,103.89484687978813
14:11:48,1.153461,103.894775,0,0,0,0,0,0,0,0,0,180,forward,0,0,0,1.1533711684715882,103.89484687978813
14:11:50,1.153461,103.894775,0,0,0,0,0,0,0,0,0,180,forward,0,0,0,1.1533711684715882,103.89484687978813
14:11:52,1.153461,103.894775,0,0,0,0,0,0,0,0,0,180,forward,0,0,0,1.1533711684715882,103.89484687978813
14:11:54,1.153461,103.894775,0,0,0,0,0,0,0,0,0,180,forward,0,0,0,1.1533711684715882,103.89484687978813
14:11:57,1.153461,103.894775,0,0,0,0,0,0,0,0,0,180,forward,0,0,0,1.1533711684715882,103.89484687978813
14:11:59,1.153461,103.894775,0,0,0,0,0,0,0,0,0,180,forward,0,0,0,1.1533711684715882,103.89484687978813
14:12:1,1.153461,103.894775,0,0,0,0,0,0,0,0,0,180,forward,0,0,0,1.1533711684715882,103.89484687978813
14:12:3,1.153461,103.894775,0,0,0,0,0,0,0,0,0,180,forward,0,0,0,1.1533711684715882,103.89484687978813
14:12:5,1.153461,103.894775,0,0,0,0,0,0,0,0,0,180,forward,0,0,0,1.1533711684715882,103.89484687978813
14:12:7,1.153461,103.894775,0,0,0,0,0,0,0,0,0,180,forward,0,0,0,1.1533711684715882,103.89484687978813
14:12:9,1.153461,103.894775,0,0,0,0,0,0,0,0,0,180,forward,0,0,0,1.1533711684715882,103.89484687978813
14:12:11,1.153461,103.894775,0,0,0,0,0,0,0,0,0,180,forward,0,0,0,1.1533711684715882,103.89484687978813
14:12:13,1.153461,103.894775,0,0,0,0,0,0,0,0,0,180,forward,0,0,0,1.1533711684715882,103.89484687978813
14:12:15,1.153461,103.894775,0,0,0,0,0,0,0,0,0,180,forward,0,0,0,1.1533711684715882,103.89484687978813
14:12:17,1.153461,103.894775,0,0,0,0,0,0,0,0,0,180,forward,0,0,0,1.1533711684715882,103.89484687978813
14:12:19,1.153461,103.894775,0,0,0,0,0,0,0,0,0,180,forward,0,0,0,1.1533711684715882,103.89484687978813
14:12:21,1.153461,103.894775,0,0,0,0,0,0,0,0,0,180,forward,0,0,0,1.1533711684715882,103.89484687978813
14:12:23,1.153461,103.894775,0,0,0,0,0,0,0,0,0,180,forward,0,0,0,1.1533711684715882,103.89484687978813
14:12:25,1.153461,103.894775,0,0,0,0,0,0,0,0,0,180,forward,0,0,0,1.1533711684715882,103.89484687978813
14:12:27,1.153461,103.894775,0,0,0,0,0,0,0,0,0,180,forward,0,0,0,1.1533711684715882,103.89484687978813
14:12:29,1.153461,103.894775,0,0,0,0,0,0,0,0,0,180,forward,0,0,0,1.1533711684715882,103.89484687978813
14:12:31,1.153461,103.894775,0,0,0,0,0,0,0,0,0,180,forward,0,0,0,1.1533711684715882,103.89484687978813
14:12:33,1.153461,103.894775,0,0,0,0,0,0,0,0,0,180,forward,0,0,0,1.1533711684715882,103.89484687978813
14:12:35,1.153461,103.894775,0,0,0,0,0,0,0,0,0,180,forward,0,0,0,1.1533711684715882,103.89484687978813
14:12:38,1.153461,103.894775,0,0,0,0,0,0,0,0,0,180,forward,0,0,0,1.1533711684715882,103.89484687978813
14:12:40,1.153461,103.894775,0,0,0,0,0,0,0,0,0,180,forward,0,0,0,1.1533711684715882,103.89484687978813
14:12:42,1.153461,103.894775,0,0,0,0,0,0,0,0,0,180,forward,0,0,0,1.1533711684715882,103.89484687978813
14:12:44,1.153461,103.894775,0,0,0,0,0,0,0,0,0,180,forward,0,0,0,1.1533711684715882,103.89484687978813
14:12:46,1.153461,103.894775,0,0,0,0,0,0,0,0,0,180,forward,0,0,0,1.1533711684715882,103.89484687978813
14:12:48,1.153461,103.894775,0,0,0,0,0,0,0,0,0,180,forward,0,0,0,1.1533711684715882,103.89484687978813
14:12:50,1.153461,103.894775,0,0,0,0,0,0,0,0,0,180,forward,0,0,0,1.1533711684715882,103.89484687978813
14:12:52,1.153461,103.894775,0,0,0,0,0,0,0,0,0,180,forward,0,0,0,1.1533711684715882,103.89484687978813
14:12:54,1.153461,103.894775,0,0,0,0,0,0,0,0,0,180,forward,0,0,0,1.1533711684715882,103.89484687978813
14:12:56,1.153461,103.894775,0,0,0,0,0,0,0,0,0,180,forward,0,0,0,1.1533711684715882,103.89484687978813
14:12:58,1.153461,103.894775,0,0,0,0,0,0,0,0,0,180,forward,0,0,0,1.1533711684715882,103.89484687978813
14:13:0,1.153461,103.894775,0,0,0,0,0,0,0,0,0,180,forward,0,0,0,1.1533711684715882,103.89484687978813
14:13:3,1.153461,103.894775,0,0,0,0,0,0,0,0,0,180,forward,0,0,0,1.1533711684715882,103.89484687978813
14:13:5,1.153461,103.894775,0,0,0,0,0,0,0,0,0,180,forward,0,0,0,1.1533711684715882,103.89484687978813
14:13:7,1.153461,103.894775,0,0,0,0,0,0,0,0,0,180,forward,0,0,0,1.1533711684715882,103.89484687978813
14:13:9,1.153461,103.894775,0,0,0,0,0,0,0,0,0,180,forward,0,0,0,1.1533711684715882,103.89484687978813
14:13:11,1.153461,103.894775,0,0,0,0,0,0,0,0,0,180,forward,0,0,0,1.1533711684715882,103.89484687978813
14:13:13,1.153461,103.894775,0,0,0,0,0,0,0,0,0,180,forward,0,0,0,1.1533711684715882,103.89484687978813
14:13:15,1.153461,103.894775,0,0,0,0,0,0,0,0,0,180,forward,0,0,0,1.1533711684715882,103.89484687978813
14:13:17,1.153461,103.894775,0,0,0,0,0,0,0,0,0,180,forward,0,0,0,1.1533711684715882,103.89484687978813
14:13:19,1.153461,103.894775,0,0,0,0,0,0,0,0,0,180,forward,0,0,0,1.1533711684715882,103.89484687978813
14:13:21,1.153461,103.894775,0,0,0,0,0,0,0,0,0,180,forward,0,0,0,1.1533711684715882,103.89484687978813
14:13:23,1.153461,103.894775,0,0,0,0,0,0,0,0,0,180,forward,0,0,0,1.1533711684715882,103.89484687978813
14:13:25,1.153461,103.894775,0,0,0,0,0,0,0,0,0,180,forward,0,0,0,1.1533711684715882,103.89484687978813
14:13:27,1.153461,103.894775,0,0,0,0,0,0,0,0,0,180,forward,0,0,0,1.1533711684715882,103.89484687978813
14:13:29,1.153461,103.894775,0,0,0,0,0,0,0,0,0,180,forward,0,0,0,1.1533711684715882,103.89484687978813
14:13:31,1.153461,103.894775,0,0,0,0,0,0,0,0,0,180,forward,0,0,0,1.1533711684715882,103.89484687978813
14:13:34,1.153461,103.894775,0,0,0,0,0,0,0,0,0,180,forward,0,0,0,1.1533711684715882,103.89484687978813
14:13:36,1.153461,103.894775,0,0,0,0,0,0,0,0,0,180,forward,0,0,0,1.1533711684715882,103.89484687978813
14:13:38,1.153461,103.894775,0,0,0,0,0,0,0,0,0,180,forward,0,0,0,1.1533711684715882,103.89484687978813
14:13:40,1.153461,103.894775,0,0,0,0,0,0,0,0,0,180,forward,0,0,0,1.1533711684715882,103.89484687978813
14:13:42,1.153461,103.894775,0,0,0,0,0,0,0,0,0,180,forward,0,0,0,1.1533711684715882,103.89484687978813
14:13:44,1.153461,103.894775,0,0,0,0,0,0,0,0,0,180,forward,0,0,0,1.1533711684715882,103.89484687978813
14:13:46,1.153461,103.894775,0,0,0,0,0,0,0,0,0,180,forward,0,0,0,1.1533711684715882,103.89484687978813
14:13:48,1.153461,103.894775,0,0,0,0,0,0,0,0,0,180,forward,0,0,0,1.1533711684715882,103.89484687978813
14:13:50,1.153461,103.894775,0,0,0,0,0,0,0,0,0,180,forward,0,0,0,1.1533711684715882,103.89484687978813
14:13:52,1.153461,103.894775,0,0,0,0,0,0,0,0,0,180,forward,0,0,0,1.1533711684715882,103.89484687978813
14:13:54,1.153461,103.894775,0,0,0,0,0,0,0,0,0,180,forward,0,0,0,1.1533711684715882,103.89484687978813
14:13:56,1.153461,103.894775,0,0,0,0,0,0,0,0,0,180,forward,0,0,0,1.1533711684715882,103.89484687978813
14:13:58,1.153461,103.894775,0,0,0,0,0,0,0,0,0,180,forward,0,0,0,1.1533711684715882,103.89484687978813
14:14:0,1.153461,103.894775,0,0,0,0,0,0,0,0,0,180,forward,0,0,0,1.1533711684715882,103.89484687978813
14:14:2,1.153461,103.894775,0,0,0,0,0,0,0,0,0,180,forward,0,0,0,1.1533711684715882,103.89484687978813
14:14:4,1.153461,103.894775,0,0,0,0,0,0,0,0,0,180,forward,0,0,0,1.1533711684715882,103.89484687978813
14:14:6,1.153461,103.894775,0,0,0,0,0,0,0,0,0,180,forward,0,0,0,1.1533711684715882,103.89484687978813
14:14:8,1.153461,103.894775,0,0,0,0,0,0,0,0,0,180,forward,0,0,0,1.1533711684715882,103.89484687978813
14:14:10,1.153461,103.894775,0,0,0,0,0,0,0,0,0,180,forward,0,0,0,1.1533711684715882,103.89484687978813
14:14:12,1.153461,103.894775,0,0,0,0,0,0,0,0,0,180,forward,0,0,0,1.1533711684715882,103.89484687978813
14:14:14,1.153461,103.894775,0,0,0,0,0,0,0,0,0,180,forward,0,0,0,1.1533711684715882,103.89484687978813
14:14:16,1.153461,103.894775,0,0,0,0,0,0,0,0,0,180,forward,0,0,0,1.1533711684715882,103.89484687978813
14:14:18,1.153461,103.894775,0,0,0,0,0,0,0,0,0,180,forward,0,0,0,1.1533711684715882,103.89484687978813
14:14:21,1.153461,103.894775,0,0,0,0,0,0,0,0,0,180,forward,0,0,0,1.1533711684715882,103.89484687978813
14:14:23,1.153461,103.894775,0,0,0,0,0,0,0,0,0,180,forward,0,0,0,1.1533711684715882,103.89484687978813
14:14:25,1.153461,103.894775,0,0,0,0,0,0,0,0,0,180,forward,0,0,0,1.1533711684715882,103.89484687978813
14:14:27,1.153461,103.894775,0,0,0,0,0,0,0,0,0,180,forward,0,0,0,1.1533711684715882,103.89484687978813
14:14:29,1.153461,103.894775,0,0,0,0,0,0,0,0,0,180,forward,0,0,0,1.1533711684715882,103.89484687978813
14:14:31,1.153461,103.894775,0,0,0,0,0,0,0,0,0,180,forward,0,0,0,1.1533711684715882,103.89484687978813
14:14:33,1.153461,103.894775,0,0,0,0,0,0,0,0,0,180,forward,0,0,0,1.1533711684715882,103.89484687978813
14:14:35,1.153461,103.894775,0,0,0,0,0,0,0,0,0,180,forward,0,0,0,1.1533711684715882,103.89484687978813
14:14:37,1.153461,103.894775,0,0,0,0,0,0,0,0,0,180,forward,0,0,0,1.1533711684715882,103.89484687978813
14:14:39,1.153461,103.894775,0,0,0,0,0,0,0,0,0,180,forward,0,0,0,1.1533711684715882,103.89484687978813
14:14:41,1.153461,103.894775,0,0,0,0,0,0,0,0,0,180,forward,0,0,0,1.1533711684715882,103.89484687978813
14:14:43,1.153461,103.894775,0,0,0,0,0,0,0,0,0,180,forward,0,0,0,1.1533711684715882,103.89484687978813
14:14:46,1.153461,103.894775,0,0,0,0,0,0,0,0,0,180,forward,0,0,0,1.1533711684715882,103.89484687978813
14:14:48,1.153461,103.894775,0,0,0,0,0,0,0,0,0,180,forward,0,0,0,1.1533711684715882,103.89484687978813
14:14:50,1.153461,103.894775,0,0,0,0,0,0,0,0,0,180,forward,0,0,0,1.1533711684715882,103.89484687978813
14:14:52,1.153461,103.894775,0,0,0,0,0,0,0,0,0,180,forward,0,0,0,1.1533711684715882,103.89484687978813
14:14:54,1.153461,103.894775,0,0,0,0,0,0,0,0,0,180,forward,0,0,0,1.1533711684715882,103.89484687978813
14:14:56,1.153461,103.894775,0,0,0,0,0,0,0,0,0,180,forward,0,0,0,1.1533711684715882,103.89484687978813
14:14:58,1.153461,103.894775,0,0,0,0,0,0,0,0,0,180,forward,0,0,0,1.1533711684715882,103.89484687978813
14:15:0,1.153461,103.894775,0,0,0,0,0,0,0,0,0,180,forward,0,0,0,1.1533711684715882,103.89484687978813
14:15:2,1.153461,103.894775,0,0,0,0,0,0,0,0,0,180,forward,0,0,0,1.1533711684715882,103.89484687978813
14:15:4,1.153461,103.894775,0,0,0,0,0,0,0,0,0,180,forward,0,0,0,1.1533711684715882,103.89484687978813
14:15:6,1.153461,103.894775,0,0,0,0,0,0,0,0,0,180,forward,0,0,0,1.1533711684715882,103.89484687978813
14:15:8,1.153461,103.894775,0,0,0,0,0,0,0,0,0,180,forward,0,0,0,1.1533711684715882,103.89484687978813
14:15:10,1.153461,103.894775,0,0,0,0,0,0,0,0,0,180,forward,0,0,0,1.1533711684715882,103.89484687978813
14:15:12,1.153461,103.894775,0,0,0,0,0,0,0,0,0,180,forward,0,0,0,1.1533711684715882,103.89484687978813
14:15:14,1.153461,103.894775,0,0,0,0,0,0,0,0,0,180,forward,0,0,0,1.1533711684715882,103.89484687978813
14:15:16,1.153461,103.894775,0,0,0,0,0,0,0,0,0,180,forward,0,0,0,1.1533711684715882,103.89484687978813
14:15:19,1.153461,103.894775,0,0,0,0,0,0,0,0,0,180,forward,0,0,0,1.1533711684715882,103.89484687978813
14:15:21,1.153461,103.894775,0,0,0,0,0,0,0,0,0,180,forward,0,0,0,1.1533711684715882,103.89484687978813
14:15:23,1.153461,103.894775,0,0,0,0,0,0,0,0,0,180,forward,0,0,0,1.1533711684715882,103.89484687978813
14:15:25,1.153461,103.894775,0,0,0,0,0,0,0,0,0,180,forward,0,0,0,1.1533711684715882,103.89484687978813
14:15:27,1.153461,103.894775,0,0,0,0,0,0,0,0,0,180,forward,0,0,0,1.1533711684715882,103.89484687978813
14:15:29,1.153461,103.894775,0,0,0,0,0,0,0,0,0,180,forward,0,0,0,1.1533711684715882,103.89484687978813
14:15:31,1.153461,103.894775,0,0,0,0,0,0,0,0,0,180,forward,0,0,0,1.1533711684715882,103.89484687978813
14:15:33,1.153461,103.894775,0,0,0,0,0,0,0,0,0,180,forward,0,0,0,1.1533711684715882,103.89484687978813
14:15:35,1.153461,103.894775,0,0,0,0,0,0,0,0,0,180,forward,0,0,0,1.1533711684715882,103.89484687978813
14:15:37,1.153461,103.894775,0,0,0,0,0,0,0,0,0,180,forward,0,0,0,1.1533711684715882,103.89484687978813
14:15:39,1.153461,103.894775,0,0,0,0,0,0,0,0,0,180,forward,0,0,0,1.1533711684715882,103.89484687978813
14:15:41,1.153461,103.894775,0,0,0,0,0,0,0,0,0,180,forward,0,0,0,1.1533711684715882,103.89484687978813
14:15:43,1.153461,103.894775,0,0,0,0,0,0,0,0,0,180,forward,0,0,0,1.1533711684715882,103.89484687978813
14:15:45,1.153461,103.894775,0,0,0,0,0,0,0,0,0,180,forward,0,0,0,1.1533711684715882,103.89484687978813
14:15:47,1.153461,103.894775,0,0,0,0,0,0,0,0,0,180,forward,0,0,0,1.1533711684715882,103.89484687978813
14:15:49,1.153461,103.894775,0,0,0,0,0,0,0,0,0,180,forward,0,0,0,1.1533711684715882,103.89484687978813
14:15:51,1.153461,103.894775,0,0,0,0,0,0,0,0,0,180,forward,0,0,0,1.1533711684715882,103.89484687978813
14:15:53,1.153461,103.894775,0,0,0,0,0,0,0,0,0,180,forward,0,0,0,1.1533711684715882,103.89484687978813
14:15:55,1.153461,103.894775,0,0,0,0,0,0,0,0,0,180,forward,0,0,0,1.1533711684715882,103.89484687978813
14:15:57,1.153461,103.894775,0,0,0,0,0,0,0,0,0,180,forward,0,0,0,1.1533711684715882,103.89484687978813
14:15:59,1.153461,103.894775,0,0,0,0,0,0,0,0,0,180,forward,0,0,0,1.1533711684715882,103.89484687978813
14:16:1,1.153461,103.894775,0,0,0,0,0,0,0,0,0,180,forward,0,0,0,1.1533711684715882,103.89484687978813
14:16:4,1.153461,103.894775,0,0,0,0,0,0,0,0,0,180,forward,0,0,0,1.1533711684715882,103.89484687978813
14:16:6,1.153461,103.894775,0,0,0,0,0,0,0,0,0,180,forward,0,0,0,1.1533711684715882,103.89484687978813
14:16:8,1.153461,103.894775,0,0,0,0,0,0,0,0,0,180,forward,0,0,0,1.1533711684715882,103.89484687978813
14:16:10,1.153461,103.894775,0,0,0,0,0,0,0,0,0,180,forward,0,0,0,1.1533711684715882,103.89484687978813
14:16:12,1.153461,103.894775,0,0,0,0,0,0,0,0,0,180,forward,0,0,0,1.1533711684715882,103.89484687978813
14:16:14,1.153461,103.894775,0,0,0,0,0,0,0,0,0,180,forward,0,0,0,1.1533711684715882,103.89484687978813
14:16:16,1.153461,103.894775,0,0,0,0,0,0,0,0,0,180,forward,0,0,0,1.1533711684715882,103.89484687978813
14:16:18,1.153461,103.894775,0,0,0,0,0,0,0,0,0,180,forward,0,0,0,1.1533711684715882,103.89484687978813
14:16:20,1.153461,103.894775,0,0,0,0,0,0,0,0,0,180,forward,0,0,0,1.1533711684715882,103.89484687978813
14:16:22,1.153461,103.894775,0,0,0,0,0,0,0,0,0,180,forward,0,0,0,1.1533711684715882,103.89484687978813
14:16:24,1.153461,103.894775,0,0,0,0,0,0,0,0,0,180,forward,0,0,0,1.1533711684715882,103.89484687978813
14:16:26,1.153461,103.894775,0,0,0,0,0,0,0,0,0,180,forward,0,0,0,1.1533711684715882,103.89484687978813
14:16:28,1.153461,103.894775,0,0,0,0,0,0,0,0,0,180,forward,0,0,0,1.1533711684715882,103.89484687978813
14:16:30,1.153461,103.894775,0,0,0,0,0,0,0,0,0,180,forward,0,0,0,1.1533711684715882,103.89484687978813
14:16:32,1.153461,103.894775,0,0,0,0,0,0,0,0,0,180,forward,0,0,0,1.1533711684715882,103.89484687978813
14:16:34,1.153461,103.894775,0,0,0,0,0,0,0,0,0,180,forward,0,0,0,1.1533711684715882,103.89484687978813
14:16:36,1.153461,103.894775,0,0,0,0,0,0,0,0,0,180,forward,0,0,0,1.1533711684715882,103.89484687978813
14:16:38,1.153461,103.894775,0,0,0,0,0,0,0,0,0,180,forward,0,0,0,1.1533711684715882,103.89484687978813
14:16:40,1.153461,103.894775,0,0,0,0,0,0,0,0,0,180,forward,0,0,0,1.1533711684715882,103.89484687978813
14:16:43,1.153461,103.894775,0,0,0,0,0,0,0,0,0,180,forward,0,0,0,1.1533711684715882,103.89484687978813
14:16:45,1.153461,103.894775,0,0,0,0,0,0,0,0,0,180,forward,0,0,0,1.1533711684715882,103.89484687978813
14:16:47,1.153461,103.894775,0,0,0,0,0,0,0,0,0,180,forward,0,0,0,1.1533711684715882,103.89484687978813
14:16:49,1.153461,103.894775,0,0,0,0,0,0,0,0,0,180,forward,0,0,0,1.1533711684715882,103.89484687978813
14:16:51,1.153461,103.894775,0,0,0,0,0,0,0,0,0,180,forward,0,0,0,1.1533711684715882,103.89484687978813
14:16:53,1.153461,103.894775,0,0,0,0,0,0,0,0,0,180,forward,0,0,0,1.1533711684715882,103.89484687978813
14:16:55,1.153461,103.894775,0,0,0,0,0,0,0,0,0,180,forward,0,0,0,1.1533711684715882,103.89484687978813
14:16:57,1.153461,103.894775,0,0,0,0,0,0,0,0,0,180,forward,0,0,0,1.1533711684715882,103.89484687978813
14:16:59,1.153461,103.894775,0,0,0,0,0,0,0,0,0,180,forward,0,0,0,1.1533711684715882,103.89484687978813
14:17:1,1.153461,103.894775,0,0,0,0,0,0,0,0,0,180,forward,0,0,0,1.1533711684715882,103.89484687978813
14:17:3,1.153461,103.894775,0,0,0,0,0,0,0,0,0,180,forward,0,0,0,1.1533711684715882,103.89484687978813
14:17:5,1.153461,103.894775,0,0,0,0,0,0,0,0,0,180,forward,0,0,0,1.1533711684715882,103.89484687978813
14:17:8,1.153461,103.894775,0,0,0,0,0,0,0,0,0,180,forward,0,0,0,1.1533711684715882,103.89484687978813
14:17:10,1.153461,103.894775,0,0,0,0,0,0,0,0,0,180,forward,0,0,0,1.1533711684715882,103.89484687978813
14:17:12,1.153461,103.894775,0,0,0,0,0,0,0,0,0,180,forward,0,0,0,1.1533711684715882,103.89484687978813
14:17:14,1.153461,103.894775,0,0,0,0,0,0,0,0,0,180,forward,0,0,0,1.1533711684715882,103.89484687978813
14:17:16,1.153461,103.894775,0,0,0,0,0,0,0,0,0,180,forward,0,0,0,1.1533711684715882,103.89484687978813
14:17:18,1.153461,103.894775,0,0,0,0,0,0,0,0,0,180,forward,0,0,0,1.1533711684715882,103.89484687978813
14:17:20,1.153461,103.894775,0,0,0,0,0,0,0,0,0,180,forward,0,0,0,1.1533711684715882,103.89484687978813
14:17:22,1.153461,103.894775,0,0,0,0,0,0,0,0,0,180,forward,0,0,0,1.1533711684715882,103.89484687978813
14:17:24,1.153461,103.894775,0,0,0,0,0,0,0,0,0,180,forward,0,0,0,1.1533711684715882,103.89484687978813
14:17:26,1.153461,103.894775,0,0,0,0,0,0,0,0,0,180,forward,0,0,0,1.1533711684715882,103.89484687978813
14:17:28,1.153461,103.894775,0,0,0,0,0,0,0,0,0,180,forward,0,0,0,1.1533711684715882,103.89484687978813
14:17:30,1.153461,103.894775,0,0,0,0,0,0,0,0,0,180,forward,0,0,0,1.1533711684715882,103.89484687978813
14:17:32,1.153461,103.894775,0,0,0,0,0,0,0,0,0,180,forward,0,0,0,1.1533711684715882,103.89484687978813
14:17:34,1.153461,103.894775,0,0,0,0,0,0,0,0,0,180,forward,0,0,0,1.1533711684715882,103.89484687978813
14:17:36,1.153461,103.894775,0,0,0,0,0,0,0,0,0,180,forward,0,0,0,1.1533711684715882,103.89484687978813
14:17:39,1.153461,103.894775,0,0,0,0,0,0,0,0,0,180,forward,0,0,0,1.1533711684715882,103.89484687978813
14:17:41,1.153461,103.894775,0,0,0,0,0,0,0,0,0,180,forward,0,0,0,1.1533711684715882,103.89484687978813
14:17:43,1.153461,103.894775,0,0,0,0,0,0,0,0,0,180,forward,0,0,0,1.1533711684715882,103.89484687978813
14:17:45,1.153461,103.894775,0,0,0,0,0,0,0,0,0,180,forward,0,0,0,1.1533711684715882,103.89484687978813
14:17:47,1.153461,103.894775,0,0,0,0,0,0,0,0,0,180,forward,0,0,0,1.1533711684715882,103.89484687978813
14:17:49,1.153461,103.894775,0,0,0,0,0,0,0,0,0,180,forward,0,0,0,1.1533711684715882,103.89484687978813
14:17:51,1.153461,103.894775,0,0,0,0,0,0,0,0,0,180,forward,0,0,0,1.1533711684715882,103.89484687978813
14:17:53,1.153461,103.894775,0,0,0,0,0,0,0,0,0,180,forward,0,0,0,1.1533711684715882,103.89484687978813
14:17:55,1.153461,103.894775,0,0,0,0,0,0,0,0,0,180,forward,0,0,0,1.1533711684715882,103.89484687978813
14:17:57,1.153461,103.894775,0,0,0,0,0,0,0,0,0,180,forward,0,0,0,1.1533711684715882,103.89484687978813
14:17:59,1.153461,103.894775,0,0,0,0,0,0,0,0,0,180,forward,0,0,0,1.1533711684715882,103.89484687978813
14:18:1,1.153461,103.894775,0,0,0,0,0,0,0,0,0,180,forward,0,0,0,1.1533711684715882,103.89484687978813
14:18:3,1.153461,103.894775,0,0,0,0,0,0,0,0,0,180,forward,0,0,0,1.1533711684715882,103.89484687978813
14:18:5,1.153461,103.894775,0,0,0,0,0,0,0,0,0,180,forward,0,0,0,1.1533711684715882,103.89484687978813
14:18:7,1.153461,103.894775,0,0,0,0,0,0,0,0,0,180,forward,0,0,0,1.1533711684715882,103.89484687978813
14:18:10,1.153461,103.894775,0,0,0,0,0,0,0,0,0,180,forward,0,0,0,1.1533711684715882,103.89484687978813
14:18:12,1.153461,103.894775,0,0,0,0,0,0,0,0,0,180,forward,0,0,0,1.1533711684715882,103.89484687978813
14:18:14,1.153461,103.894775,0,0,0,0,0,0,0,0,0,180,forward,0,0,0,1.1533711684715882,103.89484687978813
14:18:16,1.153461,103.894775,0,0,0,0,0,0,0,0,0,180,forward,0,0,0,1.1533711684715882,103.89484687978813
14:18:18,1.153461,103.894775,0,0,0,0,0,0,0,0,0,180,forward,0,0,0,1.1533711684715882,103.89484687978813
14:18:20,1.153461,103.894775,0,0,0,0,0,0,0,0,0,180,forward,0,0,0,1.1533711684715882,103.89484687978813
14:18:22,1.153461,103.894775,0,0,0,0,0,0,0,0,0,180,forward,0,0,0,1.1533711684715882,103.89484687978813
14:18:24,1.153461,103.894775,0,0,0,0,0,0,0,0,0,180,forward,0,0,0,1.1533711684715882,103.89484687978813
14:18:26,1.153461,103.894775,0,0,0,0,0,0,0,0,0,180,forward,0,0,0,1.1533711684715882,103.89484687978813
14:18:28,1.153461,103.894775,0,0,0,0,0,0,0,0,0,180,forward,0,0,0,1.1533711684715882,103.89484687978813
14:18:30,1.153461,103.894775,0,0,0,0,0,0,0,0,0,180,forward,0,0,0,1.1533711684715882,103.89484687978813
14:18:32,1.153461,103.894775,0,0,0,0,0,0,0,0,0,180,forward,0,0,0,1.1533711684715882,103.89484687978813
14:18:34,1.153461,103.894775,0,0,0,0,0,0,0,0,0,180,forward,0,0,0,1.1533711684715882,103.89484687978813
14:18:36,1.153461,103.894775,0,0,0,0,0,0,0,0,0,180,forward,0,0,0,1.1533711684715882,103.89484687978813
14:18:38,1.153461,103.894775,0,0,0,0,0,0,0,0,0,180,forward,0,0,0,1.1533711684715882,103.89484687978813
14:18:40,1.153461,103.894775,0,0,0,0,0,0,0,0,0,180,forward,0,0,0,1.1533711684715882,103.89484687978813
14:18:42,1.153461,103.894775,0,0,0,0,0,0,0,0,0,180,forward,0,0,0,1.1533711684715882,103.89484687978813
14:18:44,1.153461,103.894775,0,0,0,0,0,0,0,0,0,180,forward,0,0,0,1.1533711684715882,103.89484687978813
14:18:46,1.153461,103.894775,0,0,0,0,0,0,0,0,0,180,forward,0,0,0,1.1533711684715882,103.89484687978813
14:18:49,1.153461,103.894775,0,0,0,0,0,0,0,0,0,180,forward,0,0,0,1.1533711684715882,103.89484687978813
14:18:51,1.153461,103.894775,0,0,0,0,0,0,0,0,0,180,forward,0,0,0,1.1533711684715882,103.89484687978813
14:18:53,1.153461,103.894775,0,0,0,0,0,0,0,0,0,180,forward,0,0,0,1.1533711684715882,103.89484687978813
14:18:55,1.153461,103.894775,0,0,0,0,0,0,0,0,0,180,forward,0,0,0,1.1533711684715882,103.89484687978813
14:18:57,1.153461,103.894775,0,0,0,0,0,0,0,0,0,180,forward,0,0,0,1.1533711684715882,103.89484687978813
14:18:59,1.153461,103.894775,0,0,0,0,0,0,0,0,0,180,forward,0,0,0,1.1533711684715882,103.89484687978813
14:19:1,1.153461,103.894775,0,0,0,0,0,0,0,0,0,180,forward,0,0,0,1.1533711684715882,103.89484687978813
14:19:3,1.153461,103.894775,0,0,0,0,0,0,0,0,0,180,forward,0,0,0,1.1533711684715882,103.89484687978813
14:19:5,1.153461,103.894775,0,0,0,0,0,0,0,0,0,180,forward,0,0,0,1.1533711684715882,103.89484687978813
14:19:7,1.153461,103.894775,0,0,0,0,0,0,0,0,0,180,forward,0,0,0,1.1533711684715882,103.89484687978813
14:19:9,1.153461,103.894775,0,0,0,0,0,0,0,0,0,180,forward,0,0,0,1.1533711684715882,103.89484687978813
14:19:11,1.153461,103.894775,0,0,0,0,0,0,0,0,0,180,forward,0,0,0,1.1533711684715882,103.89484687978813
14:19:13,1.153461,103.894775,0,0,0,0,0,0,0,0,0,180,forward,0,0,0,1.1533711684715882,103.89484687978813
14:19:15,1.153461,103.894775,0,0,0,0,0,0,0,0,0,180,forward,0,0,0,1.1533711684715882,103.89484687978813
14:19:18,1.153461,103.894775,0,0,0,0,0,0,0,0,0,180,forward,0,0,0,1.1533711684715882,103.89484687978813
14:19:20,1.153461,103.894775,0,0,0,0,0,0,0,0,0,180,forward,0,0,0,1.1533711684715882,103.89484687978813
14:19:22,1.153461,103.894775,0,0,0,0,0,0,0,0,0,180,forward,0,0,0,1.1533711684715882,103.89484687978813
14:19:24,1.153461,103.894775,0,0,0,0,0,0,0,0,0,180,forward,0,0,0,1.1533711684715882,103.89484687978813
14:19:26,1.153461,103.894775,0,0,0,0,0,0,0,0,0,180,forward,0,0,0,1.1533711684715882,103.89484687978813
14:19:28,1.153461,103.894775,0,0,0,0,0,0,0,0,0,180,forward,0,0,0,1.1533711684715882,103.89484687978813
14:19:30,1.153461,103.894775,0,0,0,0,0,0,0,0,0,180,forward,0,0,0,1.1533711684715882,103.89484687978813
14:19:32,1.153461,103.894775,0,0,0,0,0,0,0,0,0,180,forward,0,0,0,1.1533711684715882,103.89484687978813
14:19:34,1.153461,103.894775,0,0,0,0,0,0,0,0,0,180,forward,0,0,0,1.1533711684715882,103.89484687978813
14:19:36,1.153461,103.894775,0,0,0,0,0,0,0,0,0,180,forward,0,0,0,1.1533711684715882,103.89484687978813
14:19:38,1.153461,103.894775,0,0,0,0,0,0,0,0,0,180,forward,0,0,0,1.1533711684715882,103.89484687978813
14:19:40,1.153461,103.894775,0,0,0,0,0,0,0,0,0,180,forward,0,0,0,1.1533711684715882,103.89484687978813
14:19:42,1.153461,103.894775,0,0,0,0,0,0,0,0,0,180,forward,0,0,0,1.1533711684715882,103.89484687978813
14:19:45,1.153461,103.894775,0,0,0,0,0,0,0,0,0,180,forward,0,0,0,1.1533711684715882,103.89484687978813
14:19:47,1.153461,103.894775,0,0,0,0,0,0,0,0,0,180,forward,0,0,0,1.1533711684715882,103.89484687978813
14:19:49,1.153461,103.894775,0,0,0,0,0,0,0,0,0,180,forward,0,0,0,1.1533711684715882,103.89484687978813
14:19:51,1.153461,103.894775,0,0,0,0,0,0,0,0,0,180,forward,0,0,0,1.1533711684715882,103.89484687978813
14:19:53,1.153461,103.894775,0,0,0,0,0,0,0,0,0,180,forward,0,0,0,1.1533711684715882,103.89484687978813
14:19:55,1.153461,103.894775,0,0,0,0,0,0,0,0,0,180,forward,0,0,0,1.1533711684715882,103.89484687978813
14:19:57,1.153461,103.894775,0,0,0,0,0,0,0,0,0,180,forward,0,0,0,1.1533711684715882,103.89484687978813
14:19:59,1.153461,103.894775,0,0,0,0,0,0,0,0,0,180,forward,0,0,0,1.1533711684715882,103.89484687978813
14:20:1,1.153461,103.894775,0,0,0,0,0,0,0,0,0,180,forward,0,0,0,1.1533711684715882,103.89484687978813
14:20:3,1.153461,103.894775,0,0,0,0,0,0,0,0,0,180,forward,0,0,0,1.1533711684715882,103.89484687978813
14:20:5,1.153461,103.894775,0,0,0,0,0,0,0,0,0,180,forward,0,0,0,1.1533711684715882,103.89484687978813
14:20:7,1.153461,103.894775,0,0,0,0,0,0,0,0,0,180,forward,0,0,0,1.1533711684715882,103.89484687978813
14:20:9,1.153461,103.894775,0,0,0,0,0,0,0,0,0,180,forward,0,0,0,1.1533711684715882,103.89484687978813
14:20:11,1.153461,103.894775,0,0,0,0,0,0,0,0,0,180,forward,0,0,0,1.1533711684715882,103.89484687978813
14:20:13,1.153461,103.894775,0,0,0,0,0,0,0,0,0,180,forward,0,0,0,1.1533711684715882,103.89484687978813
14:20:15,1.153461,103.894775,0,0,0,0,0,0,0,0,0,180,forward,0,0,0,1.1533711684715882,103.89484687978813
14:20:18,1.153461,103.894775,0,0,0,0,0,0,0,0,0,180,forward,0,0,0,1.1533711684715882,103.89484687978813
14:20:20,1.153461,103.894775,0,0,0,0,0,0,0,0,0,180,forward,0,0,0,1.1533711684715882,103.89484687978813
14:20:22,1.153461,103.894775,0,0,0,0,0,0,0,0,0,180,forward,0,0,0,1.1533711684715882,103.89484687978813
14:20:24,1.153461,103.894775,0,0,0,0,0,0,0,0,0,180,forward,0,0,0,1.1533711684715882,103.89484687978813
14:20:26,1.153461,103.894775,0,0,0,0,0,0,0,0,0,180,forward,0,0,0,1.1533711684715882,103.89484687978813
14:20:28,1.153461,103.894775,0,0,0,0,0,0,0,0,0,180,forward,0,0,0,1.1533711684715882,103.89484687978813
14:20:30,1.153461,103.894775,0,0,0,0,0,0,0,0,0,180,forward,0,0,0,1.1533711684715882,103.89484687978813
14:20:32,1.153461,103.894775,0,0,0,0,0,0,0,0,0,180,forward,0,0,0,1.1533711684715882,103.89484687978813
14:20:34,1.153461,103.894775,0,0,0,0,0,0,0,0,0,180,forward,0,0,0,1.1533711684715882,103.89484687978813
14:20:36,1.153461,103.894775,0,0,0,0,0,0,0,0,0,180,forward,0,0,0,1.1533711684715882,103.89484687978813
14:20:38,1.153461,103.894775,0,0,0,0,0,0,0,0,0,180,forward,0,0,0,1.1533711684715882,103.89484687978813
14:20:40,1.153461,103.894775,0,0,0,0,0,0,0,0,0,180,forward,0,0,0,1.1533711684715882,103.89484687978813
14:20:42,1.153461,103.894775,0,0,0,0,0,0,0,0,0,180,forward,0,0,0,1.1533711684715882,103.89484687978813
14:20:44,1.153461,103.894775,0,0,0,0,0,0,0,0,0,180,forward,0,0,0,1.1533711684715882,103.89484687978813
14:20:46,1.153461,103.894775,0,0,0,0,0,0,0,0,0,180,forward,0,0,0,1.1533711684715882,103.89484687978813
14:20:48,1.153461,103.894775,0,0,0,0,0,0,0,0,0,180,forward,0,0,0,1.1533711684715882,103.89484687978813
14:20:51,1.153461,103.894775,0,0,0,0,0,0,0,0,0,180,forward,0,0,0,1.1533711684715882,103.89484687978813
14:20:53,1.153461,103.894775,0,0,0,0,0,0,0,0,0,180,forward,0,0,0,1.1533711684715882,103.89484687978813
14:20:55,1.153461,103.894775,0,0,0,0,0,0,0,0,0,180,forward,0,0,0,1.1533711684715882,103.89484687978813
14:20:57,1.153461,103.894775,0,0,0,0,0,0,0,0,0,180,forward,0,0,0,1.1533711684715882,103.89484687978813
14:20:59,1.153461,103.894775,0,0,0,0,0,0,0,0,0,180,forward,0,0,0,1.1533711684715882,103.89484687978813
14:21:1,1.153461,103.894775,0,0,0,0,0,0,0,0,0,180,forward,0,0,0,1.1533711684715882,103.89484687978813
14:21:3,1.153461,103.894775,0,0,0,0,0,0,0,0,0,180,forward,0,0,0,1.1533711684715882,103.89484687978813
14:21:5,1.153461,103.894775,0,0,0,0,0,0,0,0,0,180,forward,0,0,0,1.1533711684715882,103.89484687978813
14:21:7,1.153461,103.894775,0,0,0,0,0,0,0,0,0,180,forward,0,0,0,1.1533711684715882,103.89484687978813
14:21:9,1.153461,103.894775,0,0,0,0,0,0,0,0,0,180,forward,0,0,0,1.1533711684715882,103.89484687978813
14:21:11,1.153461,103.894775,0,0,0,0,0,0,0,0,0,180,forward,0,0,0,1.1533711684715882,103.89484687978813
14:21:13,1.153461,103.894775,0,0,0,0,0,0,0,0,0,180,forward,0,0,0,1.1533711684715882,103.89484687978813
14:21:15,1.153461,103.894775,0,0,0,0,0,0,0,0,0,180,forward,0,0,0,1.1533711684715882,103.89484687978813
14:21:17,1.153461,103.894775,0,0,0,0,0,0,0,0,0,180,forward,0,0,0,1.1533711684715882,103.89484687978813
14:21:19,1.153461,103.894775,0,0,0,0,0,0,0,0,0,180,forward,0,0,0,1.1533711684715882,103.89484687978813
14:21:21,1.153461,103.894775,0,0,0,0,0,0,0,0,0,180,forward,0,0,0,1.1533711684715882,103.89484687978813
14:21:24,1.153461,103.894775,0,0,0,0,0,0,0,0,0,180,forward,0,0,0,1.1533711684715882,103.89484687978813
14:21:26,1.153461,103.894775,0,0,0,0,0,0,0,0,0,180,forward,0,0,0,1.1533711684715882,103.89484687978813
14:21:28,1.153461,103.894775,0,0,0,0,0,0,0,0,0,180,forward,0,0,0,1.1533711684715882,103.89484687978813
14:21:30,1.153461,103.894775,0,0,0,0,0,0,0,0,0,180,forward,0,0,0,1.1533711684715882,103.89484687978813
14:21:32,1.153461,103.894775,0,0,0,0,0,0,0,0,0,180,forward,0,0,0,1.1533711684715882,103.89484687978813
14:21:34,1.153461,103.894775,0,0,0,0,0,0,0,0,0,180,forward,0,0,0,1.1533711684715882,103.89484687978813
14:21:36,1.153461,103.894775,0,0,0,0,0,0,0,0,0,180,forward,0,0,0,1.1533711684715882,103.89484687978813
14:21:38,1.153461,103.894775,0,0,0,0,0,0,0,0,0,180,forward,0,0,0,1.1533711684715882,103.89484687978813
14:21:40,1.153461,103.894775,0,0,0,0,0,0,0,0,0,180,forward,0,0,0,1.1533711684715882,103.89484687978813
14:21:42,1.153461,103.894775,0,0,0,0,0,0,0,0,0,180,forward,0,0,0,1.1533711684715882,103.89484687978813
14:21:44,1.153461,103.894775,0,0,0,0,0,0,0,0,0,180,forward,0,0,0,1.1533711684715882,103.89484687978813
14:21:46,1.153461,103.894775,0,0,0,0,0,0,0,0,0,180,forward,0,0,0,1.1533711684715882,103.89484687978813
14:21:48,1.153461,103.894775,0,0,0,0,0,0,0,0,0,180,forward,0,0,0,1.1533711684715882,103.89484687978813
14:21:50,1.153461,103.894775,0,0,0,0,0,0,0,0,0,180,forward,0,0,0,1.1533711684715882,103.89484687978813
14:21:52,1.153461,103.894775,0,0,0,0,0,0,0,0,0,180,forward,0,0,0,1.1533711684715882,103.89484687978813
14:21:54,1.153461,103.894775,0,0,0,0,0,0,0,0,0,180,forward,0,0,0,1.1533711684715882,103.89484687978813
14:21:56,1.153461,103.894775,0,0,0,0,0,0,0,0,0,180,forward,0,0,0,1.1533711684715882,103.89484687978813
14:21:58,1.153461,103.894775,0,0,0,0,0,0,0,0,0,180,forward,0,0,0,1.1533711684715882,103.89484687978813
14:22:1,1.153461,103.894775,0,0,0,0,0,0,0,0,0,180,forward,0,0,0,1.1533711684715882,103.89484687978813
14:22:3,1.153461,103.894775,0,0,0,0,0,0,0,0,0,180,forward,0,0,0,1.1533711684715882,103.89484687978813
14:22:5,1.153461,103.894775,0,0,0,0,0,0,0,0,0,180,forward,0,0,0,1.1533711684715882,103.89484687978813
14:22:7,1.153461,103.894775,0,0,0,0,0,0,0,0,0,180,forward,0,0,0,1.1533711684715882,103.89484687978813
14:22:9,1.153461,103.894775,0,0,0,0,0,0,0,0,0,180,forward,0,0,0,1.1533711684715882,103.89484687978813
14:22:11,1.153461,103.894775,0,0,0,0,0,0,0,0,0,180,forward,0,0,0,1.1533711684715882,103.89484687978813
14:22:13,1.153461,103.894775,0,0,0,0,0,0,0,0,0,180,forward,0,0,0,1.1533711684715882,103.89484687978813
14:22:15,1.153461,103.894775,0,0,0,0,0,0,0,0,0,180,forward,0,0,0,1.1533711684715882,103.89484687978813
14:22:17,1.153461,103.894775,0,0,0,0,0,0,0,0,0,180,forward,0,0,0,1.1533711684715882,103.89484687978813
14:22:19,1.153461,103.894775,0,0,0,0,0,0,0,0,0,180,forward,0,0,0,1.1533711684715882,103.89484687978813
14:22:21,1.153461,103.894775,0,0,0,0,0,0,0,0,0,180,forward,0,0,0,1.1533711684715882,103.89484687978813
14:22:23,1.153461,103.894775,0,0,0,0,0,0,0,0,0,180,forward,0,0,0,1.1533711684715882,103.89484687978813
14:22:25,1.153461,103.894775,0,0,0,0,0,0,0,0,0,180,forward,0,0,0,1.1533711684715882,103.89484687978813
14:22:27,1.153461,103.894775,0,0,0,0,0,0,0,0,0,180,forward,0,0,0,1.1533711684715882,103.89484687978813
14:22:29,1.153461,103.894775,0,0,0,0,0,0,0,0,0,180,forward,0,0,0,1.1533711684715882,103.89484687978813
14:22:32,1.153461,103.894775,0,0,0,0,0,0,0,0,0,180,forward,0,0,0,1.1533711684715882,103.89484687978813
14:22:34,1.153461,103.894775,0,0,0,0,0,0,0,0,0,180,forward,0,0,0,1.1533711684715882,103.89484687978813
14:22:36,1.153461,103.894775,0,0,0,0,0,0,0,0,0,180,forward,0,0,0,1.1533711684715882,103.89484687978813
14:22:38,1.153461,103.894775,0,0,0,0,0,0,0,0,0,180,forward,0,0,0,1.1533711684715882,103.89484687978813
14:22:40,1.153461,103.894775,0,0,0,0,0,0,0,0,0,180,forward,0,0,0,1.1533711684715882,103.89484687978813
14:22:42,1.153461,103.894775,0,0,0,0,0,0,0,0,0,180,forward,0,0,0,1.1533711684715882,103.89484687978813
14:22:44,1.153461,103.894775,0,0,0,0,0,0,0,0,0,180,forward,0,0,0,1.1533711684715882,103.89484687978813
14:22:46,1.153461,103.894775,0,0,0,0,0,0,0,0,0,180,forward,0,0,0,1.1533711684715882,103.89484687978813
14:22:48,1.153461,103.894775,0,0,0,0,0,0,0,0,0,180,forward,0,0,0,1.1533711684715882,103.89484687978813
14:22:50,1.153461,103.894775,0,0,0,0,0,0,0,0,0,180,forward,0,0,0,1.1533711684715882,103.89484687978813
14:22:52,1.153461,103.894775,0,0,0,0,0,0,0,0,0,180,forward,0,0,0,1.1533711684715882,103.89484687978813
14:22:54,1.153461,103.894775,0,0,0,0,0,0,0,0,0,180,forward,0,0,0,1.1533711684715882,103.89484687978813
14:22:56,1.153461,103.894775,0,0,0,0,0,0,0,0,0,180,forward,0,0,0,1.1533711684715882,103.89484687978813
14:22:58,1.153461,103.894775,0,0,0,0,0,0,0,0,0,180,forward,0,0,0,1.1533711684715882,103.89484687978813
14:23:1,1.153461,103.894775,0,0,0,0,0,0,0,0,0,180,forward,0,0,0,1.1533711684715882,103.89484687978813
14:23:3,1.153461,103.894775,0,0,0,0,0,0,0,0,0,180,forward,0,0,0,1.1533711684715882,103.89484687978813
14:23:5,1.153461,103.894775,0,0,0,0,0,0,0,0,0,180,forward,0,0,0,1.1533711684715882,103.89484687978813
14:23:7,1.153461,103.894775,0,0,0,0,0,0,0,0,0,180,forward,0,0,0,1.1533711684715882,103.89484687978813
14:23:9,1.153461,103.894775,0,0,0,0,0,0,0,0,0,180,forward,0,0,0,1.1533711684715882,103.89484687978813
14:23:11,1.153461,103.894775,0,0,0,0,0,0,0,0,0,180,forward,0,0,0,1.1533711684715882,103.89484687978813
14:23:13,1.153461,103.894775,0,0,0,0,0,0,0,0,0,180,forward,0,0,0,1.1533711684715882,103.89484687978813
14:23:15,1.153461,103.894775,0,0,0,0,0,0,0,0,0,180,forward,0,0,0,1.1533711684715882,103.89484687978813
14:23:17,1.153461,103.894775,0,0,0,0,0,0,0,0,0,180,forward,0,0,0,1.1533711684715882,103.89484687978813
14:23:19,1.153461,103.894775,0,0,0,0,0,0,0,0,0,180,forward,0,0,0,1.1533711684715882,103.89484687978813
14:23:21,1.153461,103.894775,0,0,0,0,0,0,0,0,0,180,forward,0,0,0,1.1533711684715882,103.89484687978813
14:23:23,1.153461,103.894775,0,0,0,0,0,0,0,0,0,180,forward,0,0,0,1.1533711684715882,103.89484687978813
14:23:25,1.153461,103.894775,0,0,0,0,0,0,0,0,0,180,forward,0,0,0,1.1533711684715882,103.89484687978813
14:23:27,1.153461,103.894775,0,0,0,0,0,0,0,0,0,180,forward,0,0,0,1.1533711684715882,103.89484687978813
14:23:29,1.153461,103.894775,0,0,0,0,0,0,0,0,0,180,forward,0,0,0,1.1533711684715882,103.89484687978813
14:23:31,1.153461,103.894775,0,0,0,0,0,0,0,0,0,180,forward,0,0,0,1.1533711684715882,103.89484687978813
14:23:33,1.153461,103.894775,0,0,0,0,0,0,0,0,0,180,forward,0,0,0,1.1533711684715882,103.89484687978813
14:23:35,1.153461,103.894775,0,0,0,0,0,0,0,0,0,180,forward,0,0,0,1.1533711684715882,103.89484687978813
14:23:38,1.153461,103.894775,0,0,0,0,0,0,0,0,0,180,forward,0,0,0,1.1533711684715882,103.89484687978813
14:23:40,1.153461,103.894775,0,0,0,0,0,0,0,0,0,180,forward,0,0,0,1.1533711684715882,103.89484687978813
14:23:42,1.153461,103.894775,0,0,0,0,0,0,0,0,0,180,forward,0,0,0,1.1533711684715882,103.89484687978813
14:23:44,1.153461,103.894775,0,0,0,0,0,0,0,0,0,180,forward,0,0,0,1.1533711684715882,103.89484687978813
14:23:46,1.153461,103.894775,0,0,0,0,0,0,0,0,0,180,forward,0,0,0,1.1533711684715882,103.89484687978813
14:23:48,1.153461,103.894775,0,0,0,0,0,0,0,0,0,180,forward,0,0,0,1.1533711684715882,103.89484687978813
14:23:50,1.153461,103.894775,0,0,0,0,0,0,0,0,0,180,forward,0,0,0,1.1533711684715882,103.89484687978813
14:23:52,1.153461,103.894775,0,0,0,0,0,0,0,0,0,180,forward,0,0,0,1.1533711684715882,103.89484687978813
14:23:54,1.153461,103.894775,0,0,0,0,0,0,0,0,0,180,forward,0,0,0,1.1533711684715882,103.89484687978813
14:23:56,1.153461,103.894775,0,0,0,0,0,0,0,0,0,180,forward,0,0,0,1.1533711684715882,103.89484687978813
14:23:58,1.153461,103.894775,0,0,0,0,0,0,0,0,0,180,forward,0,0,0,1.1533711684715882,103.89484687978813
14:24:0,1.153461,103.894775,0,0,0,0,0,0,0,0,0,180,forward,0,0,0,1.1533711684715882,103.89484687978813
14:24:2,1.153461,103.894775,0,0,0,0,0,0,0,0,0,180,forward,0,0,0,1.1533711684715882,103.89484687978813
14:24:4,1.153461,103.894775,0,0,0,0,0,0,0,0,0,180,forward,0,0,0,1.1533711684715882,103.89484687978813
14:24:6,1.153461,103.894775,0,0,0,0,0,0,0,0,0,180,forward,0,0,0,1.1533711684715882,103.89484687978813
14:24:8,1.153461,103.894775,0,0,0,0,0,0,0,0,0,180,forward,0,0,0,1.1533711684715882,103.89484687978813
14:24:10,1.153461,103.894775,0,0,0,0,0,0,0,0,0,180,forward,0,0,0,1.1533711684715882,103.89484687978813
14:24:12,1.153461,103.894775,0,0,0,0,0,0,0,0,0,180,forward,0,0,0,1.1533711684715882,103.89484687978813
14:24:15,1.153461,103.894775,0,0,0,0,0,0,0,0,0,180,forward,0,0,0,1.1533711684715882,103.89484687978813
14:24:17,1.153461,103.894775,0,0,0,0,0,0,0,0,0,180,forward,0,0,0,1.1533711684715882,103.89484687978813
14:24:19,1.153461,103.894775,0,0,0,0,0,0,0,0,0,180,forward,0,0,0,1.1533711684715882,103.89484687978813
14:24:21,1.153461,103.894775,0,0,0,0,0,0,0,0,0,180,forward,0,0,0,1.1533711684715882,103.89484687978813
14:24:23,1.153461,103.894775,0,0,0,0,0,0,0,0,0,180,forward,0,0,0,1.1533711684715882,103.89484687978813
14:24:25,1.153461,103.894775,0,0,0,0,0,0,0,0,0,180,forward,0,0,0,1.1533711684715882,103.89484687978813
14:24:27,1.153461,103.894775,0,0,0,0,0,0,0,0,0,180,forward,0,0,0,1.1533711684715882,103.89484687978813
14:24:29,1.153461,103.894775,0,0,0,0,0,0,0,0,0,180,forward,0,0,0,1.1533711684715882,103.89484687978813
14:24:31,1.153461,103.894775,0,0,0,0,0,0,0,0,0,180,forward,0,0,0,1.1533711684715882,103.89484687978813
14:24:33,1.153461,103.894775,0,0,0,0,0,0,0,0,0,180,forward,0,0,0,1.1533711684715882,103.89484687978813
14:24:35,1.153461,103.894775,0,0,0,0,0,0,0,0,0,180,forward,0,0,0,1.1533711684715882,103.89484687978813
14:24:37,1.153461,103.894775,0,0,0,0,0,0,0,0,0,180,forward,0,0,0,1.1533711684715882,103.89484687978813
14:24:39,1.153461,103.894775,0,0,0,0,0,0,0,0,0,180,forward,0,0,0,1.1533711684715882,103.89484687978813
14:24:41,1.153461,103.894775,0,0,0,0,0,0,0,0,0,180,forward,0,0,0,1.1533711684715882,103.89484687978813
14:24:43,1.153461,103.894775,0,0,0,0,0,0,0,0,0,180,forward,0,0,0,1.1533711684715882,103.89484687978813
14:24:45,1.153461,103.894775,0,0,0,0,0,0,0,0,0,180,forward,0,0,0,1.1533711684715882,103.89484687978813
14:24:47,1.153461,103.894775,0,0,0,0,0,0,0,0,0,180,forward,0,0,0,1.1533711684715882,103.89484687978813
14:24:49,1.153461,103.894775,0,0,0,0,0,0,0,0,0,180,forward,0,0,0,1.1533711684715882,103.89484687978813
14:24:51,1.153461,103.894775,0,0,0,0,0,0,0,0,0,180,forward,0,0,0,1.1533711684715882,103.89484687978813
14:24:53,1.153461,103.894775,0,0,0,0,0,0,0,0,0,180,forward,0,0,0,1.1533711684715882,103.89484687978813
14:24:55,1.153461,103.894775,0,0,0,0,0,0,0,0,0,180,forward,0,0,0,1.1533711684715882,103.89484687978813
14:24:57,1.153461,103.894775,0,0,0,0,0,0,0,0,0,180,forward,0,0,0,1.1533711684715882,103.89484687978813
14:24:59,1.153461,103.894775,0,0,0,0,0,0,0,0,0,180,forward,0,0,0,1.1533711684715882,103.89484687978813
14:25:1,1.153461,103.894775,0,0,0,0,0,0,0,0,0,180,forward,0,0,0,1.1533711684715882,103.89484687978813
14:25:4,1.153461,103.894775,0,0,0,0,0,0,0,0,0,180,forward,0,0,0,1.1533711684715882,103.89484687978813
14:25:6,1.153461,103.894775,0,0,0,0,0,0,0,0,0,180,forward,0,0,0,1.1533711684715882,103.89484687978813
14:25:8,1.153461,103.894775,0,0,0,0,0,0,0,0,0,180,forward,0,0,0,1.1533711684715882,103.89484687978813
14:25:10,1.153461,103.894775,0,0,0,0,0,0,0,0,0,180,forward,0,0,0,1.1533711684715882,103.89484687978813
14:25:12,1.153461,103.894775,0,0,0,0,0,0,0,0,0,180,forward,0,0,0,1.1533711684715882,103.89484687978813
14:25:14,1.153461,103.894775,0,0,0,0,0,0,0,0,0,180,forward,0,0,0,1.1533711684715882,103.89484687978813
14:25:16,1.153461,103.894775,0,0,0,0,0,0,0,0,0,180,forward,0,0,0,1.1533711684715882,103.89484687978813
14:25:18,1.153461,103.894775,0,0,0,0,0,0,0,0,0,180,forward,0,0,0,1.1533711684715882,103.89484687978813
14:25:20,1.153461,103.894775,0,0,0,0,0,0,0,0,0,180,forward,0,0,0,1.1533711684715882,103.89484687978813
14:25:22,1.153461,103.894775,0,0,0,0,0,0,0,0,0,180,forward,0,0,0,1.1533711684715882,103.89484687978813
14:25:24,1.153461,103.894775,0,0,0,0,0,0,0,0,0,180,forward,0,0,0,1.1533711684715882,103.89484687978813
14:25:26,1.153461,103.894775,0,0,0,0,0,0,0,0,0,180,forward,0,0,0,1.1533711684715882,103.89484687978813
14:25:28,1.153461,103.894775,0,0,0,0,0,0,0,0,0,180,forward,0,0,0,1.1533711684715882,103.89484687978813
14:25:30,1.153461,103.894775,0,0,0,0,0,0,0,0,0,180,forward,0,0,0,1.1533711684715882,103.89484687978813
14:25:32,1.153461,103.894775,0,0,0,0,0,0,0,0,0,180,forward,0,0,0,1.1533711684715882,103.89484687978813
14:25:34,1.153461,103.894775,0,0,0,0,0,0,0,0,0,180,forward,0,0,0,1.1533711684715882,103.89484687978813
14:25:36,1.153461,103.894775,0,0,0,0,0,0,0,0,0,180,forward,0,0,0,1.1533711684715882,103.89484687978813
14:25:39,1.153461,103.894775,0,0,0,0,0,0,0,0,0,180,forward,0,0,0,1.1533711684715882,103.89484687978813
14:25:41,1.153461,103.894775,0,0,0,0,0,0,0,0,0,180,forward,0,0,0,1.1533711684715882,103.89484687978813
14:25:43,1.153461,103.894775,0,0,0,0,0,0,0,0,0,180,forward,0,0,0,1.1533711684715882,103.89484687978813
14:25:45,1.153461,103.894775,0,0,0,0,0,0,0,0,0,180,forward,0,0,0,1.1533711684715882,103.89484687978813
14:25:47,1.153461,103.894775,0,0,0,0,0,0,0,0,0,180,forward,0,0,0,1.1533711684715882,103.89484687978813
14:25:49,1.153461,103.894775,0,0,0,0,0,0,0,0,0,180,forward,0,0,0,1.1533711684715882,103.89484687978813
14:25:51,1.153461,103.894775,0,0,0,0,0,0,0,0,0,180,forward,0,0,0,1.1533711684715882,103.89484687978813
14:25:53,1.153461,103.894775,0,0,0,0,0,0,0,0,0,180,forward,0,0,0,1.1533711684715882,103.89484687978813
14:25:55,1.153461,103.894775,0,0,0,0,0,0,0,0,0,180,forward,0,0,0,1.1533711684715882,103.89484687978813
14:25:57,1.153461,103.894775,0,0,0,0,0,0,0,0,0,180,forward,0,0,0,1.1533711684715882,103.89484687978813
14:25:59,1.153461,103.894775,0,0,0,0,0,0,0,0,0,180,forward,0,0,0,1.1533711684715882,103.89484687978813
14:26:1,1.153461,103.894775,0,0,0,0,0,0,0,0,0,180,forward,0,0,0,1.1533711684715882,103.89484687978813
14:26:3,1.153461,103.894775,0,0,0,0,0,0,0,0,0,180,forward,0,0,0,1.1533711684715882,103.89484687978813
14:26:5,1.153461,103.894775,0,0,0,0,0,0,0,0,0,180,forward,0,0,0,1.1533711684715882,103.89484687978813
14:26:7,1.153461,103.894775,0,0,0,0,0,0,0,0,0,180,forward,0,0,0,1.1533711684715882,103.89484687978813
14:26:9,1.153461,103.894775,0,0,0,0,0,0,0,0,0,180,forward,0,0,0,1.1533711684715882,103.89484687978813
14:26:11,1.153461,103.894775,0,0,0,0,0,0,0,0,0,180,forward,0,0,0,1.1533711684715882,103.89484687978813
14:26:13,1.153461,103.894775,0,0,0,0,0,0,0,0,0,180,forward,0,0,0,1.1533711684715882,103.89484687978813
14:26:15,1.153461,103.894775,0,0,0,0,0,0,0,0,0,180,forward,0,0,0,1.1533711684715882,103.89484687978813
14:26:18,1.153461,103.894775,0,0,0,0,0,0,0,0,0,180,forward,0,0,0,1.1533711684715882,103.89484687978813
14:26:20,1.153461,103.894775,0,0,0,0,0,0,0,0,0,180,forward,0,0,0,1.1533711684715882,103.89484687978813
14:26:22,1.153461,103.894775,0,0,0,0,0,0,0,0,0,180,forward,0,0,0,1.1533711684715882,103.89484687978813
14:26:24,1.153461,103.894775,0,0,0,0,0,0,0,0,0,180,forward,0,0,0,1.1533711684715882,103.89484687978813
14:26:26,1.153461,103.894775,0,0,0,0,0,0,0,0,0,180,forward,0,0,0,1.1533711684715882,103.89484687978813
14:26:28,1.153461,103.894775,0,0,0,0,0,0,0,0,0,180,forward,0,0,0,1.1533711684715882,103.89484687978813
14:26:30,1.153461,103.894775,0,0,0,0,0,0,0,0,0,180,forward,0,0,0,1.1533711684715882,103.89484687978813
14:26:32,1.153461,103.894775,0,0,0,0,0,0,0,0,0,180,forward,0,0,0,1.1533711684715882,103.89484687978813
14:26:34,1.153461,103.894775,0,0,0,0,0,0,0,0,0,180,forward,0,0,0,1.1533711684715882,103.89484687978813
14:26:36,1.153461,103.894775,0,0,0,0,0,0,0,0,0,180,forward,0,0,0,1.1533711684715882,103.89484687978813
14:26:38,1.153461,103.894775,0,0,0,0,0,0,0,0,0,180,forward,0,0,0,1.1533711684715882,103.89484687978813
14:26:40,1.153461,103.894775,0,0,0,0,0,0,0,0,0,180,forward,0,0,0,1.1533711684715882,103.89484687978813
14:26:42,1.153461,103.894775,0,0,0,0,0,0,0,0,0,180,forward,0,0,0,1.1533711684715882,103.89484687978813
14:26:44,1.153461,103.894775,0,0,0,0,0,0,0,0,0,180,forward,0,0,0,1.1533711684715882,103.89484687978813
14:26:47,1.153461,103.894775,0,0,0,0,0,0,0,0,0,180,forward,0,0,0,1.1533711684715882,103.89484687978813
14:26:49,1.153461,103.894775,0,0,0,0,0,0,0,0,0,180,forward,0,0,0,1.1533711684715882,103.89484687978813
14:26:51,1.153461,103.894775,0,0,0,0,0,0,0,0,0,180,forward,0,0,0,1.1533711684715882,103.89484687978813
14:26:53,1.153461,103.894775,0,0,0,0,0,0,0,0,0,180,forward,0,0,0,1.1533711684715882,103.89484687978813
14:26:55,1.153461,103.894775,0,0,0,0,0,0,0,0,0,180,forward,0,0,0,1.1533711684715882,103.89484687978813
14:26:57,1.153461,103.894775,0,0,0,0,0,0,0,0,0,180,forward,0,0,0,1.1533711684715882,103.89484687978813
14:26:59,1.153461,103.894775,0,0,0,0,0,0,0,0,0,180,forward,0,0,0,1.1533711684715882,103.89484687978813
14:27:1,1.153461,103.894775,0,0,0,0,0,0,0,0,0,180,forward,0,0,0,1.1533711684715882,103.89484687978813
14:27:3,1.153461,103.894775,0,0,0,0,0,0,0,0,0,180,forward,0,0,0,1.1533711684715882,103.89484687978813
14:27:5,1.153461,103.894775,0,0,0,0,0,0,0,0,0,180,forward,0,0,0,1.1533711684715882,103.89484687978813
14:27:7,1.153461,103.894775,0,0,0,0,0,0,0,0,0,180,forward,0,0,0,1.1533711684715882,103.89484687978813
14:27:9,1.153461,103.894775,0,0,0,0,0,0,0,0,0,180,forward,0,0,0,1.1533711684715882,103.89484687978813
14:27:11,1.153461,103.894775,0,0,0,0,0,0,0,0,0,180,forward,0,0,0,1.1533711684715882,103.89484687978813
14:27:13,1.153461,103.894775,0,0,0,0,0,0,0,0,0,180,forward,0,0,0,1.1533711684715882,103.89484687978813
14:27:15,1.153461,103.894775,0,0,0,0,0,0,0,0,0,180,forward,0,0,0,1.1533711684715882,103.89484687978813
14:27:17,1.153461,103.894775,0,0,0,0,0,0,0,0,0,180,forward,0,0,0,1.1533711684715882,103.89484687978813
14:27:20,1.153461,103.894775,0,0,0,0,0,0,0,0,0,180,forward,0,0,0,1.1533711684715882,103.89484687978813
14:27:22,1.153461,103.894775,0,0,0,0,0,0,0,0,0,180,forward,0,0,0,1.1533711684715882,103.89484687978813
14:27:24,1.153461,103.894775,0,0,0,0,0,0,0,0,0,180,forward,0,0,0,1.1533711684715882,103.89484687978813
14:27:26,1.153461,103.894775,0,0,0,0,0,0,0,0,0,180,forward,0,0,0,1.1533711684715882,103.89484687978813
14:27:28,1.153461,103.894775,0,0,0,0,0,0,0,0,0,180,forward,0,0,0,1.1533711684715882,103.89484687978813
14:27:30,1.153461,103.894775,0,0,0,0,0,0,0,0,0,180,forward,0,0,0,1.1533711684715882,103.89484687978813
14:27:32,1.153461,103.894775,0,0,0,0,0,0,0,0,0,180,forward,0,0,0,1.1533711684715882,103.89484687978813
14:27:34,1.153461,103.894775,0,0,0,0,0,0,0,0,0,180,forward,0,0,0,1.1533711684715882,103.89484687978813
14:27:36,1.153461,103.894775,0,0,0,0,0,0,0,0,0,180,forward,0,0,0,1.1533711684715882,103.89484687978813
14:27:38,1.153461,103.894775,0,0,0,0,0,0,0,0,0,180,forward,0,0,0,1.1533711684715882,103.89484687978813
14:27:40,1.153461,103.894775,0,0,0,0,0,0,0,0,0,180,forward,0,0,0,1.1533711684715882,103.89484687978813
14:27:42,1.153461,103.894775,0,0,0,0,0,0,0,0,0,180,forward,0,0,0,1.1533711684715882,103.89484687978813
14:27:44,1.153461,103.894775,0,0,0,0,0,0,0,0,0,180,forward,0,0,0,1.1533711684715882,103.89484687978813
14:27:47,1.153461,103.894775,0,0,0,0,0,0,0,0,0,180,forward,0,0,0,1.1533711684715882,103.89484687978813
14:27:49,1.153461,103.894775,0,0,0,0,0,0,0,0,0,180,forward,0,0,0,1.1533711684715882,103.89484687978813
14:27:51,1.153461,103.894775,0,0,0,0,0,0,0,0,0,180,forward,0,0,0,1.1533711684715882,103.89484687978813
14:27:53,1.153461,103.894775,0,0,0,0,0,0,0,0,0,180,forward,0,0,0,1.1533711684715882,103.89484687978813
14:27:55,1.153461,103.894775,0,0,0,0,0,0,0,0,0,180,forward,0,0,0,1.1533711684715882,103.89484687978813
14:27:57,1.153461,103.894775,0,0,0,0,0,0,0,0,0,180,forward,0,0,0,1.1533711684715882,103.89484687978813
14:27:59,1.153461,103.894775,0,0,0,0,0,0,0,0,0,180,forward,0,0,0,1.1533711684715882,103.89484687978813
14:28:1,1.153461,103.894775,0,0,0,0,0,0,0,0,0,180,forward,0,0,0,1.1533711684715882,103.89484687978813
14:28:3,1.153461,103.894775,0,0,0,0,0,0,0,0,0,180,forward,0,0,0,1.1533711684715882,103.89484687978813
14:28:5,1.153461,103.894775,0,0,0,0,0,0,0,0,0,180,forward,0,0,0,1.1533711684715882,103.89484687978813
14:28:7,1.153461,103.894775,0,0,0,0,0,0,0,0,0,180,forward,0,0,0,1.1533711684715882,103.89484687978813
14:28:9,1.153461,103.894775,0,0,0,0,0,0,0,0,0,180,forward,0,0,0,1.1533711684715882,103.89484687978813
14:28:11,1.153461,103.894775,0,0,0,0,0,0,0,0,0,180,forward,0,0,0,1.1533711684715882,103.89484687978813
14:28:13,1.153461,103.894775,0,0,0,0,0,0,0,0,0,180,forward,0,0,0,1.1533711684715882,103.89484687978813
14:28:15,1.153461,103.894775,0,0,0,0,0,0,0,0,0,180,forward,0,0,0,1.1533711684715882,103.89484687978813
14:28:18,1.153461,103.894775,0,0,0,0,0,0,0,0,0,180,forward,0,0,0,1.1533711684715882,103.89484687978813
14:28:20,1.153461,103.894775,0,0,0,0,0,0,0,0,0,180,forward,0,0,0,1.1533711684715882,103.89484687978813
14:28:22,1.153461,103.894775,0,0,0,0,0,0,0,0,0,180,forward,0,0,0,1.1533711684715882,103.89484687978813
14:28:24,1.153461,103.894775,0,0,0,0,0,0,0,0,0,180,forward,0,0,0,1.1533711684715882,103.89484687978813
14:28:26,1.153461,103.894775,0,0,0,0,0,0,0,0,0,180,forward,0,0,0,1.1533711684715882,103.89484687978813
14:28:28,1.153461,103.894775,0,0,0,0,0,0,0,0,0,180,forward,0,0,0,1.1533711684715882,103.89484687978813
14:28:30,1.153461,103.894775,0,0,0,0,0,0,0,0,0,180,forward,0,0,0,1.1533711684715882,103.89484687978813
14:28:32,1.153461,103.894775,0,0,0,0,0,0,0,0,0,180,forward,0,0,0,1.1533711684715882,103.89484687978813
14:28:34,1.153461,103.894775,0,0,0,0,0,0,0,0,0,180,forward,0,0,0,1.1533711684715882,103.89484687978813
14:28:36,1.153461,103.894775,0,0,0,0,0,0,0,0,0,180,forward,0,0,0,1.1533711684715882,103.89484687978813
14:28:38,1.153461,103.894775,0,0,0,0,0,0,0,0,0,180,forward,0,0,0,1.1533711684715882,103.89484687978813
14:28:40,1.153461,103.894775,0,0,0,0,0,0,0,0,0,180,forward,0,0,0,1.1533711684715882,103.89484687978813
14:28:42,1.153461,103.894775,0,0,0,0,0,0,0,0,0,180,forward,0,0,0,1.1533711684715882,103.89484687978813
14:28:44,1.153461,103.894775,0,0,0,0,0,0,0,0,0,180,forward,0,0,0,1.1533711684715882,103.89484687978813
14:28:46,1.153461,103.894775,0,0,0,0,0,0,0,0,0,180,forward,0,0,0,1.1533711684715882,103.89484687978813
14:28:48,1.153461,103.894775,0,0,0,0,0,0,0,0,0,180,forward,0,0,0,1.1533711684715882,103.89484687978813
14:28:51,1.153461,103.894775,0,0,0,0,0,0,0,0,0,180,forward,0,0,0,1.1533711684715882,103.89484687978813
14:28:53,1.153461,103.894775,0,0,0,0,0,0,0,0,0,180,forward,0,0,0,1.1533711684715882,103.89484687978813
14:28:55,1.153461,103.894775,0,0,0,0,0,0,0,0,0,180,forward,0,0,0,1.1533711684715882,103.89484687978813
14:28:57,1.153461,103.894775,0,0,0,0,0,0,0,0,0,180,forward,0,0,0,1.1533711684715882,103.89484687978813
14:28:59,1.153461,103.894775,0,0,0,0,0,0,0,0,0,180,forward,0,0,0,1.1533711684715882,103.89484687978813
14:29:1,1.153461,103.894775,0,0,0,0,0,0,0,0,0,180,forward,0,0,0,1.1533711684715882,103.89484687978813
14:29:3,1.153461,103.894775,0,0,0,0,0,0,0,0,0,180,forward,0,0,0,1.1533711684715882,103.89484687978813
14:29:5,1.153461,103.894775,0,0,0,0,0,0,0,0,0,180,forward,0,0,0,1.1533711684715882,103.89484687978813
14:29:7,1.153461,103.894775,0,0,0,0,0,0,0,0,0,180,forward,0,0,0,1.1533711684715882,103.89484687978813
14:29:9,1.153461,103.894775,0,0,0,0,0,0,0,0,0,180,forward,0,0,0,1.1533711684715882,103.89484687978813
14:29:11,1.153461,103.894775,0,0,0,0,0,0,0,0,0,180,forward,0,0,0,1.1533711684715882,103.89484687978813
14:29:13,1.153461,103.894775,0,0,0,0,0,0,0,0,0,180,forward,0,0,0,1.1533711684715882,103.89484687978813
14:29:15,1.153461,103.894775,0,0,0,0,0,0,0,0,0,180,forward,0,0,0,1.1533711684715882,103.89484687978813
14:29:17,1.153461,103.894775,0,0,0,0,0,0,0,0,0,180,forward,0,0,0,1.1533711684715882,103.89484687978813
14:29:20,1.153461,103.894775,0,0,0,0,0,0,0,0,0,180,forward,0,0,0,1.1533711684715882,103.89484687978813
14:29:22,1.153461,103.894775,0,0,0,0,0,0,0,0,0,180,forward,0,0,0,1.1533711684715882,103.89484687978813
14:29:24,1.153461,103.894775,0,0,0,0,0,0,0,0,0,180,forward,0,0,0,1.1533711684715882,103.89484687978813
14:29:26,1.153461,103.894775,0,0,0,0,0,0,0,0,0,180,forward,0,0,0,1.1533711684715882,103.89484687978813
14:29:28,1.153461,103.894775,0,0,0,0,0,0,0,0,0,180,forward,0,0,0,1.1533711684715882,103.89484687978813
14:29:30,1.153461,103.894775,0,0,0,0,0,0,0,0,0,180,forward,0,0,0,1.1533711684715882,103.89484687978813
14:29:32,1.153461,103.894775,0,0,0,0,0,0,0,0,0,180,forward,0,0,0,1.1533711684715882,103.89484687978813
14:29:34,1.153461,103.894775,0,0,0,0,0,0,0,0,0,180,forward,0,0,0,1.1533711684715882,103.89484687978813
14:29:36,1.153461,103.894775,0,0,0,0,0,0,0,0,0,180,forward,0,0,0,1.1533711684715882,103.89484687978813
14:29:38,1.153461,103.894775,0,0,0,0,0,0,0,0,0,180,forward,0,0,0,1.1533711684715882,103.89484687978813
14:29:40,1.153461,103.894775,0,0,0,0,0,0,0,0,0,180,forward,0,0,0,1.1533711684715882,103.89484687978813
14:29:42,1.153461,103.894775,0,0,0,0,0,0,0,0,0,180,forward,0,0,0,1.1533711684715882,103.89484687978813
14:29:44,1.153461,103.894775,0,0,0,0,0,0,0,0,0,180,forward,0,0,0,1.1533711684715882,103.89484687978813
14:29:46,1.153461,103.894775,0,0,0,0,0,0,0,0,0,180,forward,0,0,0,1.1533711684715882,103.89484687978813
14:29:48,1.153461,103.894775,0,0,0,0,0,0,0,0,0,180,forward,0,0,0,1.1533711684715882,103.89484687978813
14:29:50,1.153461,103.894775,0,0,0,0,0,0,0,0,0,180,forward,0,0,0,1.1533711684715882,103.89484687978813
14:29:52,1.153461,103.894775,0,0,0,0,0,0,0,0,0,180,forward,0,0,0,1.1533711684715882,103.89484687978813
14:29:54,1.153461,103.894775,0,0,0,0,0,0,0,0,0,180,forward,0,0,0,1.1533711684715882,103.89484687978813
14:29:56,1.153461,103.894775,0,0,0,0,0,0,0,0,0,180,forward,0,0,0,1.1533711684715882,103.89484687978813
14:29:59,1.153461,103.894775,0,0,0,0,0,0,0,0,0,180,forward,0,0,0,1.1533711684715882,103.89484687978813
14:30:1,1.153461,103.894775,0,0,0,0,0,0,0,0,0,180,forward,0,0,0,1.1533711684715882,103.89484687978813
14:30:3,1.153461,103.894775,0,0,0,0,0,0,0,0,0,180,forward,0,0,0,1.1533711684715882,103.89484687978813
14:30:5,1.153461,103.894775,0,0,0,0,0,0,0,0,0,180,forward,0,0,0,1.1533711684715882,103.89484687978813
14:30:7,1.153461,103.894775,0,0,0,0,0,0,0,0,0,180,forward,0,0,0,1.1533711684715882,103.89484687978813
14:30:9,1.153461,103.894775,0,0,0,0,0,0,0,0,0,180,forward,0,0,0,1.1533711684715882,103.89484687978813
14:30:11,1.153461,103.894775,0,0,0,0,0,0,0,0,0,180,forward,0,0,0,1.1533711684715882,103.89484687978813
14:30:13,1.153461,103.894775,0,0,0,0,0,0,0,0,0,180,forward,0,0,0,1.1533711684715882,103.89484687978813
14:30:15,1.153461,103.894775,0,0,0,0,0,0,0,0,0,180,forward,0,0,0,1.1533711684715882,103.89484687978813
14:30:17,1.153461,103.894775,0,0,0,0,0,0,0,0,0,180,forward,0,0,0,1.1533711684715882,103.89484687978813
14:30:19,1.153461,103.894775,0,0,0,0,0,0,0,0,0,180,forward,0,0,0,1.1533711684715882,103.89484687978813
14:30:21,1.153461,103.894775,0,0,0,0,0,0,0,0,0,180,forward,0,0,0,1.1533711684715882,103.89484687978813
14:30:23,1.153461,103.894775,0,0,0,0,0,0,0,0,0,180,forward,0,0,0,1.1533711684715882,103.89484687978813
14:30:25,1.153461,103.894775,0,0,0,0,0,0,0,0,0,180,forward,0,0,0,1.1533711684715882,103.89484687978813
14:30:27,1.153461,103.894775,0,0,0,0,0,0,0,0,0,180,forward,0,0,0,1.1533711684715882,103.89484687978813
14:30:30,1.153461,103.894775,0,0,0,0,0,0,0,0,0,180,forward,0,0,0,1.1533711684715882,103.89484687978813
14:30:32,1.153461,103.894775,0,0,0,0,0,0,0,0,0,180,forward,0,0,0,1.1533711684715882,103.89484687978813
14:30:34,1.153461,103.894775,0,0,0,0,0,0,0,0,0,180,forward,0,0,0,1.1533711684715882,103.89484687978813
14:30:36,1.153461,103.894775,0,0,0,0,0,0,0,0,0,180,forward,0,0,0,1.1533711684715882,103.89484687978813
14:30:38,1.153461,103.894775,0,0,0,0,0,0,0,0,0,180,forward,0,0,0,1.1533711684715882,103.89484687978813
14:30:40,1.153461,103.894775,0,0,0,0,0,0,0,0,0,180,forward,0,0,0,1.1533711684715882,103.89484687978813
14:30:42,1.153461,103.894775,0,0,0,0,0,0,0,0,0,180,forward,0,0,0,1.1533711684715882,103.89484687978813
14:30:44,1.153461,103.894775,0,0,0,0,0,0,0,0,0,180,forward,0,0,0,1.1533711684715882,103.89484687978813
14:30:46,1.153461,103.894775,0,0,0,0,0,0,0,0,0,180,forward,0,0,0,1.1533711684715882,103.89484687978813
14:30:48,1.153461,103.894775,0,0,0,0,0,0,0,0,0,180,forward,0,0,0,1.1533711684715882,103.89484687978813
14:30:50,1.153461,103.894775,0,0,0,0,0,0,0,0,0,180,forward,0,0,0,1.1533711684715882,103.89484687978813
14:30:52,1.153461,103.894775,0,0,0,0,0,0,0,0,0,180,forward,0,0,0,1.1533711684715882,103.89484687978813
14:30:54,1.153461,103.894775,0,0,0,0,0,0,0,0,0,180,forward,0,0,0,1.1533711684715882,103.89484687978813
14:30:56,1.153461,103.894775,0,0,0,0,0,0,0,0,0,180,forward,0,0,0,1.1533711684715882,103.89484687978813
14:30:59,1.153461,103.894775,0,0,0,0,0,0,0,0,0,180,forward,0,0,0,1.1533711684715882,103.89484687978813
14:31:1,1.153461,103.894775,0,0,0,0,0,0,0,0,0,180,forward,0,0,0,1.1533711684715882,103.89484687978813
14:31:3,1.153461,103.894775,0,0,0,0,0,0,0,0,0,180,forward,0,0,0,1.1533711684715882,103.89484687978813
14:31:5,1.153461,103.894775,0,0,0,0,0,0,0,0,0,180,forward,0,0,0,1.1533711684715882,103.89484687978813
14:31:7,1.153461,103.894775,0,0,0,0,0,0,0,0,0,180,forward,0,0,0,1.1533711684715882,103.89484687978813
14:31:9,1.153461,103.894775,0,0,0,0,0,0,0,0,0,180,forward,0,0,0,1.1533711684715882,103.89484687978813
14:31:11,1.153461,103.894775,0,0,0,0,0,0,0,0,0,180,forward,0,0,0,1.1533711684715882,103.89484687978813
14:31:13,1.153461,103.894775,0,0,0,0,0,0,0,0,0,180,forward,0,0,0,1.1533711684715882,103.89484687978813
14:31:15,1.153461,103.894775,0,0,0,0,0,0,0,0,0,180,forward,0,0,0,1.1533711684715882,103.89484687978813
14:31:17,1.153461,103.894775,0,0,0,0,0,0,0,0,0,180,forward,0,0,0,1.1533711684715882,103.89484687978813
14:31:19,1.153461,103.894775,0,0,0,0,0,0,0,0,0,180,forward,0,0,0,1.1533711684715882,103.89484687978813
14:31:22,1.153461,103.894775,0,0,0,0,0,0,0,0,0,180,forward,0,0,0,1.1533711684715882,103.89484687978813
14:31:24,1.153461,103.894775,0,0,0,0,0,0,0,0,0,180,forward,0,0,0,1.1533711684715882,103.89484687978813
14:31:26,1.153461,103.894775,0,0,0,0,0,0,0,0,0,180,forward,0,0,0,1.1533711684715882,103.89484687978813
14:31:28,1.153461,103.894775,0,0,0,0,0,0,0,0,0,180,forward,0,0,0,1.1533711684715882,103.89484687978813
14:31:30,1.153461,103.894775,0,0,0,0,0,0,0,0,0,180,forward,0,0,0,1.1533711684715882,103.89484687978813
14:31:32,1.153461,103.894775,0,0,0,0,0,0,0,0,0,180,forward,0,0,0,1.1533711684715882,103.89484687978813
14:31:34,1.153461,103.894775,0,0,0,0,0,0,0,0,0,180,forward,0,0,0,1.1533711684715882,103.89484687978813
14:31:36,1.153461,103.894775,0,0,0,0,0,0,0,0,0,180,forward,0,0,0,1.1533711684715882,103.89484687978813
14:31:38,1.153461,103.894775,0,0,0,0,0,0,0,0,0,180,forward,0,0,0,1.1533711684715882,103.89484687978813
14:31:40,1.153461,103.894775,0,0,0,0,0,0,0,0,0,180,forward,0,0,0,1.1533711684715882,103.89484687978813
14:31:42,1.153461,103.894775,0,0,0,0,0,0,0,0,0,180,forward,0,0,0,1.1533711684715882,103.89484687978813
14:31:44,1.153461,103.894775,0,0,0,0,0,0,0,0,0,180,forward,0,0,0,1.1533711684715882,103.89484687978813
14:31:46,1.153461,103.894775,0,0,0,0,0,0,0,0,0,180,forward,0,0,0,1.1533711684715882,103.89484687978813
14:31:48,1.153461,103.894775,0,0,0,0,0,0,0,0,0,180,forward,0,0,0,1.1533711684715882,103.89484687978813
14:31:51,1.153461,103.894775,0,0,0,0,0,0,0,0,0,180,forward,0,0,0,1.1533711684715882,103.89484687978813
14:31:53,1.153461,103.894775,0,0,0,0,0,0,0,0,0,180,forward,0,0,0,1.1533711684715882,103.89484687978813
14:31:55,1.153461,103.894775,0,0,0,0,0,0,0,0,0,180,forward,0,0,0,1.1533711684715882,103.89484687978813
14:31:57,1.153461,103.894775,0,0,0,0,0,0,0,0,0,180,forward,0,0,0,1.1533711684715882,103.89484687978813
14:31:59,1.153461,103.894775,0,0,0,0,0,0,0,0,0,180,forward,0,0,0,1.1533711684715882,103.89484687978813
14:32:1,1.153461,103.894775,0,0,0,0,0,0,0,0,0,180,forward,0,0,0,1.1533711684715882,103.89484687978813
14:32:3,1.153461,103.894775,0,0,0,0,0,0,0,0,0,180,forward,0,0,0,1.1533711684715882,103.89484687978813
14:32:5,1.153461,103.894775,0,0,0,0,0,0,0,0,0,180,forward,0,0,0,1.1533711684715882,103.89484687978813
14:32:7,1.153461,103.894775,0,0,0,0,0,0,0,0,0,180,forward,0,0,0,1.1533711684715882,103.89484687978813
14:32:9,1.153461,103.894775,0,0,0,0,0,0,0,0,0,180,forward,0,0,0,1.1533711684715882,103.89484687978813
14:32:11,1.153461,103.894775,0,0,0,0,0,0,0,0,0,180,forward,0,0,0,1.1533711684715882,103.89484687978813
14:32:13,1.153461,103.894775,0,0,0,0,0,0,0,0,0,180,forward,0,0,0,1.1533711684715882,103.89484687978813
14:32:15,1.153461,103.894775,0,0,0,0,0,0,0,0,0,180,forward,0,0,0,1.1533711684715882,103.89484687978813
14:32:17,1.153461,103.894775,0,0,0,0,0,0,0,0,0,180,forward,0,0,0,1.1533711684715882,103.89484687978813
14:32:19,1.153461,103.894775,0,0,0,0,0,0,0,0,0,180,forward,0,0,0,1.1533711684715882,103.89484687978813
14:32:21,1.153461,103.894775,0,0,0,0,0,0,0,0,0,180,forward,0,0,0,1.1533711684715882,103.89484687978813
14:32:23,1.153461,103.894775,0,0,0,0,0,0,0,0,0,180,forward,0,0,0,1.1533711684715882,103.89484687978813
14:32:26,1.153461,103.894775,0,0,0,0,0,0,0,0,0,180,forward,0,0,0,1.1533711684715882,103.89484687978813
14:32:28,1.153461,103.894775,0,0,0,0,0,0,0,0,0,180,forward,0,0,0,1.1533711684715882,103.89484687978813
14:32:30,1.153461,103.894775,0,0,0,0,0,0,0,0,0,180,forward,0,0,0,1.1533711684715882,103.89484687978813
14:32:32,1.153461,103.894775,0,0,0,0,0,0,0,0,0,180,forward,0,0,0,1.1533711684715882,103.89484687978813
14:32:34,1.153461,103.894775,0,0,0,0,0,0,0,0,0,180,forward,0,0,0,1.1533711684715882,103.89484687978813
14:32:36,1.153461,103.894775,0,0,0,0,0,0,0,0,0,180,forward,0,0,0,1.1533711684715882,103.89484687978813
14:32:38,1.153461,103.894775,0,0,0,0,0,0,0,0,0,180,forward,0,0,0,1.1533711684715882,103.89484687978813
14:32:40,1.153461,103.894775,0,0,0,0,0,0,0,0,0,180,forward,0,0,0,1.1533711684715882,103.89484687978813
14:32:42,1.153461,103.894775,0,0,0,0,0,0,0,0,0,180,forward,0,0,0,1.1533711684715882,103.89484687978813
14:32:44,1.153461,103.894775,0,0,0,0,0,0,0,0,0,180,forward,0,0,0,1.1533711684715882,103.89484687978813
14:32:46,1.153461,103.894775,0,0,0,0,0,0,0,0,0,180,forward,0,0,0,1.1533711684715882,103.89484687978813
14:32:48,1.153461,103.894775,0,0,0,0,0,0,0,0,0,180,forward,0,0,0,1.1533711684715882,103.89484687978813
14:32:50,1.153461,103.894775,0,0,0,0,0,0,0,0,0,180,forward,0,0,0,1.1533711684715882,103.89484687978813
14:32:52,1.153461,103.894775,0,0,0,0,0,0,0,0,0,180,forward,0,0,0,1.1533711684715882,103.89484687978813
14:32:54,1.153461,103.894775,0,0,0,0,0,0,0,0,0,180,forward,0,0,0,1.1533711684715882,103.89484687978813
14:32:56,1.153461,103.894775,0,0,0,0,0,0,0,0,0,180,forward,0,0,0,1.1533711684715882,103.89484687978813
14:32:58,1.153461,103.894775,0,0,0,0,0,0,0,0,0,180,forward,0,0,0,1.1533711684715882,103.89484687978813
14:33:1,1.153461,103.894775,0,0,0,0,0,0,0,0,0,180,forward,0,0,0,1.1533711684715882,103.89484687978813
14:33:3,1.153461,103.894775,0,0,0,0,0,0,0,0,0,180,forward,0,0,0,1.1533711684715882,103.89484687978813
14:33:5,1.153461,103.894775,0,0,0,0,0,0,0,0,0,180,forward,0,0,0,1.1533711684715882,103.89484687978813
14:33:7,1.153461,103.894775,0,0,0,0,0,0,0,0,0,180,forward,0,0,0,1.1533711684715882,103.89484687978813
14:33:9,1.153461,103.894775,0,0,0,0,0,0,0,0,0,180,forward,0,0,0,1.1533711684715882,103.89484687978813
14:33:11,1.153461,103.894775,0,0,0,0,0,0,0,0,0,180,forward,0,0,0,1.1533711684715882,103.89484687978813
14:33:13,1.153461,103.894775,0,0,0,0,0,0,0,0,0,180,forward,0,0,0,1.1533711684715882,103.89484687978813
14:33:15,1.153461,103.894775,0,0,0,0,0,0,0,0,0,180,forward,0,0,0,1.1533711684715882,103.89484687978813
14:33:17,1.153461,103.894775,0,0,0,0,0,0,0,0,0,180,forward,0,0,0,1.1533711684715882,103.89484687978813
14:33:19,1.153461,103.894775,0,0,0,0,0,0,0,0,0,180,forward,0,0,0,1.1533711684715882,103.89484687978813
14:33:21,1.153461,103.894775,0,0,0,0,0,0,0,0,0,180,forward,0,0,0,1.1533711684715882,103.89484687978813
14:33:23,1.153461,103.894775,0,0,0,0,0,0,0,0,0,180,forward,0,0,0,1.1533711684715882,103.89484687978813
14:33:25,1.153461,103.894775,0,0,0,0,0,0,0,0,0,180,forward,0,0,0,1.1533711684715882,103.89484687978813
14:33:27,1.153461,103.894775,0,0,0,0,0,0,0,0,0,180,forward,0,0,0,1.1533711684715882,103.89484687978813
14:33:29,1.153461,103.894775,0,0,0,0,0,0,0,0,0,180,forward,0,0,0,1.1533711684715882,103.89484687978813
14:33:31,1.153461,103.894775,0,0,0,0,0,0,0,0,0,180,forward,0,0,0,1.1533711684715882,103.89484687978813
14:33:33,1.153461,103.894775,0,0,0,0,0,0,0,0,0,180,forward,0,0,0,1.1533711684715882,103.89484687978813
14:33:35,1.153461,103.894775,0,0,0,0,0,0,0,0,0,180,forward,0,0,0,1.1533711684715882,103.89484687978813
14:33:38,1.153461,103.894775,0,0,0,0,0,0,0,0,0,180,forward,0,0,0,1.1533711684715882,103.89484687978813
14:33:40,1.153461,103.894775,0,0,0,0,0,0,0,0,0,180,forward,0,0,0,1.1533711684715882,103.89484687978813
14:33:42,1.153461,103.894775,0,0,0,0,0,0,0,0,0,180,forward,0,0,0,1.1533711684715882,103.89484687978813
14:33:44,1.153461,103.894775,0,0,0,0,0,0,0,0,0,180,forward,0,0,0,1.1533711684715882,103.89484687978813
14:33:46,1.153461,103.894775,0,0,0,0,0,0,0,0,0,180,forward,0,0,0,1.1533711684715882,103.89484687978813
14:33:48,1.153461,103.894775,0,0,0,0,0,0,0,0,0,180,forward,0,0,0,1.1533711684715882,103.89484687978813
14:33:50,1.153461,103.894775,0,0,0,0,0,0,0,0,0,180,forward,0,0,0,1.1533711684715882,103.89484687978813
14:33:52,1.153461,103.894775,0,0,0,0,0,0,0,0,0,180,forward,0,0,0,1.1533711684715882,103.89484687978813
14:33:54,1.153461,103.894775,0,0,0,0,0,0,0,0,0,180,forward,0,0,0,1.1533711684715882,103.89484687978813
14:33:56,1.153461,103.894775,0,0,0,0,0,0,0,0,0,180,forward,0,0,0,1.1533711684715882,103.89484687978813
14:33:58,1.153461,103.894775,0,0,0,0,0,0,0,0,0,180,forward,0,0,0,1.1533711684715882,103.89484687978813
14:34:0,1.153461,103.894775,0,0,0,0,0,0,0,0,0,180,forward,0,0,0,1.1533711684715882,103.89484687978813
14:34:2,1.153461,103.894775,0,0,0,0,0,0,0,0,0,180,forward,0,0,0,1.1533711684715882,103.89484687978813
14:34:4,1.153461,103.894775,0,0,0,0,0,0,0,0,0,180,forward,0,0,0,1.1533711684715882,103.89484687978813
14:34:6,1.153461,103.894775,0,0,0,0,0,0,0,0,0,180,forward,0,0,0,1.1533711684715882,103.89484687978813
14:34:8,1.153461,103.894775,0,0,0,0,0,0,0,0,0,180,forward,0,0,0,1.1533711684715882,103.89484687978813
14:34:11,1.153461,103.894775,0,0,0,0,0,0,0,0,0,180,forward,0,0,0,1.1533711684715882,103.89484687978813
14:34:13,1.153461,103.894775,0,0,0,0,0,0,0,0,0,180,forward,0,0,0,1.1533711684715882,103.89484687978813
14:34:15,1.153461,103.894775,0,0,0,0,0,0,0,0,0,180,forward,0,0,0,1.1533711684715882,103.89484687978813
14:34:17,1.153461,103.894775,0,0,0,0,0,0,0,0,0,180,forward,0,0,0,1.1533711684715882,103.89484687978813
14:34:19,1.153461,103.894775,0,0,0,0,0,0,0,0,0,180,forward,0,0,0,1.1533711684715882,103.89484687978813
14:34:21,1.153461,103.894775,0,0,0,0,0,0,0,0,0,180,forward,0,0,0,1.1533711684715882,103.89484687978813
14:34:23,1.153461,103.894775,0,0,0,0,0,0,0,0,0,180,forward,0,0,0,1.1533711684715882,103.89484687978813
14:34:25,1.153461,103.894775,0,0,0,0,0,0,0,0,0,180,forward,0,0,0,1.1533711684715882,103.89484687978813
14:34:27,1.153461,103.894775,0,0,0,0,0,0,0,0,0,180,forward,0,0,0,1.1533711684715882,103.89484687978813
14:34:29,1.153461,103.894775,0,0,0,0,0,0,0,0,0,180,forward,0,0,0,1.1533711684715882,103.89484687978813
14:34:31,1.153461,103.894775,0,0,0,0,0,0,0,0,0,180,forward,0,0,0,1.1533711684715882,103.89484687978813
14:34:33,1.153461,103.894775,0,0,0,0,0,0,0,0,0,180,forward,0,0,0,1.1533711684715882,103.89484687978813
14:34:35,1.153461,103.894775,0,0,0,0,0,0,0,0,0,180,forward,0,0,0,1.1533711684715882,103.89484687978813
14:34:37,1.153461,103.894775,0,0,0,0,0,0,0,0,0,180,forward,0,0,0,1.1533711684715882,103.89484687978813
14:34:39,1.153461,103.894775,0,0,0,0,0,0,0,0,0,180,forward,0,0,0,1.1533711684715882,103.89484687978813
14:34:41,1.153461,103.894775,0,0,0,0,0,0,0,0,0,180,forward,0,0,0,1.1533711684715882,103.89484687978813
14:34:44,1.153461,103.894775,0,0,0,0,0,0,0,0,0,180,forward,0,0,0,1.1533711684715882,103.89484687978813
14:34:46,1.153461,103.894775,0,0,0,0,0,0,0,0,0,180,forward,0,0,0,1.1533711684715882,103.89484687978813
14:34:48,1.153461,103.894775,0,0,0,0,0,0,0,0,0,180,forward,0,0,0,1.1533711684715882,103.89484687978813
14:34:50,1.153461,103.894775,0,0,0,0,0,0,0,0,0,180,forward,0,0,0,1.1533711684715882,103.89484687978813
14:34:52,1.153461,103.894775,0,0,0,0,0,0,0,0,0,180,forward,0,0,0,1.1533711684715882,103.89484687978813
14:34:54,1.153461,103.894775,0,0,0,0,0,0,0,0,0,180,forward,0,0,0,1.1533711684715882,103.89484687978813
14:34:56,1.153461,103.894775,0,0,0,0,0,0,0,0,0,180,forward,0,0,0,1.1533711684715882,103.89484687978813
14:34:58,1.153461,103.894775,0,0,0,0,0,0,0,0,0,180,forward,0,0,0,1.1533711684715882,103.89484687978813
14:35:0,1.153461,103.894775,0,0,0,0,0,0,0,0,0,180,forward,0,0,0,1.1533711684715882,103.89484687978813
14:35:2,1.153461,103.894775,0,0,0,0,0,0,0,0,0,180,forward,0,0,0,1.1533711684715882,103.89484687978813
14:35:4,1.153461,103.894775,0,0,0,0,0,0,0,0,0,180,forward,0,0,0,1.1533711684715882,103.89484687978813
14:35:6,1.153461,103.894775,0,0,0,0,0,0,0,0,0,180,forward,0,0,0,1.1533711684715882,103.89484687978813
14:35:8,1.153461,103.894775,0,0,0,0,0,0,0,0,0,180,forward,0,0,0,1.1533711684715882,103.89484687978813
14:35:11,1.153461,103.894775,0,0,0,0,0,0,0,0,0,180,forward,0,0,0,1.1533711684715882,103.89484687978813
14:35:13,1.153461,103.894775,0,0,0,0,0,0,0,0,0,180,forward,0,0,0,1.1533711684715882,103.89484687978813
14:35:15,1.153461,103.894775,0,0,0,0,0,0,0,0,0,180,forward,0,0,0,1.1533711684715882,103.89484687978813
14:35:17,1.153461,103.894775,0,0,0,0,0,0,0,0,0,180,forward,0,0,0,1.1533711684715882,103.89484687978813
14:35:19,1.153461,103.894775,0,0,0,0,0,0,0,0,0,180,forward,0,0,0,1.1533711684715882,103.89484687978813
14:35:21,1.153461,103.894775,0,0,0,0,0,0,0,0,0,180,forward,0,0,0,1.1533711684715882,103.89484687978813
14:35:23,1.153461,103.894775,0,0,0,0,0,0,0,0,0,180,forward,0,0,0,1.1533711684715882,103.89484687978813
14:35:25,1.153461,103.894775,0,0,0,0,0,0,0,0,0,180,forward,0,0,0,1.1533711684715882,103.89484687978813
14:35:27,1.153461,103.894775,0,0,0,0,0,0,0,0,0,180,forward,0,0,0,1.1533711684715882,103.89484687978813
14:35:29,1.153461,103.894775,0,0,0,0,0,0,0,0,0,180,forward,0,0,0,1.1533711684715882,103.89484687978813
14:35:31,1.153461,103.894775,0,0,0,0,0,0,0,0,0,180,forward,0,0,0,1.1533711684715882,103.89484687978813
14:35:33,1.153461,103.894775,0,0,0,0,0,0,0,0,0,180,forward,0,0,0,1.1533711684715882,103.89484687978813
14:35:35,1.153461,103.894775,0,0,0,0,0,0,0,0,0,180,forward,0,0,0,1.1533711684715882,103.89484687978813
14:35:37,1.153461,103.894775,0,0,0,0,0,0,0,0,0,180,forward,0,0,0,1.1533711684715882,103.89484687978813
14:35:39,1.153461,103.894775,0,0,0,0,0,0,0,0,0,180,forward,0,0,0,1.1533711684715882,103.89484687978813
14:35:41,1.153461,103.894775,0,0,0,0,0,0,0,0,0,180,forward,0,0,0,1.1533711684715882,103.89484687978813
14:35:43,1.153461,103.894775,0,0,0,0,0,0,0,0,0,180,forward,0,0,0,1.1533711684715882,103.89484687978813
14:35:46,1.153461,103.894775,0,0,0,0,0,0,0,0,0,180,forward,0,0,0,1.1533711684715882,103.89484687978813
14:35:48,1.153461,103.894775,0,0,0,0,0,0,0,0,0,180,forward,0,0,0,1.1533711684715882,103.89484687978813
14:35:50,1.153461,103.894775,0,0,0,0,0,0,0,0,0,180,forward,0,0,0,1.1533711684715882,103.89484687978813
14:35:52,1.153461,103.894775,0,0,0,0,0,0,0,0,0,180,forward,0,0,0,1.1533711684715882,103.89484687978813
14:35:54,1.153461,103.894775,0,0,0,0,0,0,0,0,0,180,forward,0,0,0,1.1533711684715882,103.89484687978813
14:35:56,1.153461,103.894775,0,0,0,0,0,0,0,0,0,180,forward,0,0,0,1.1533711684715882,103.89484687978813
14:35:58,1.153461,103.894775,0,0,0,0,0,0,0,0,0,180,forward,0,0,0,1.1533711684715882,103.89484687978813
14:36:0,1.153461,103.894775,0,0,0,0,0,0,0,0,0,180,forward,0,0,0,1.1533711684715882,103.89484687978813
14:36:2,1.153461,103.894775,0,0,0,0,0,0,0,0,0,180,forward,0,0,0,1.1533711684715882,103.89484687978813
14:36:4,1.153461,103.894775,0,0,0,0,0,0,0,0,0,180,forward,0,0,0,1.1533711684715882,103.89484687978813
14:36:6,1.153461,103.894775,0,0,0,0,0,0,0,0,0,180,forward,0,0,0,1.1533711684715882,103.89484687978813
14:36:8,1.153461,103.894775,0,0,0,0,0,0,0,0,0,180,forward,0,0,0,1.1533711684715882,103.89484687978813
14:36:10,1.153461,103.894775,0,0,0,0,0,0,0,0,0,180,forward,0,0,0,1.1533711684715882,103.89484687978813
14:36:13,1.153461,103.894775,0,0,0,0,0,0,0,0,0,180,forward,0,0,0,1.1533711684715882,103.89484687978813
14:36:15,1.153461,103.894775,0,0,0,0,0,0,0,0,0,180,forward,0,0,0,1.1533711684715882,103.89484687978813
14:36:17,1.153461,103.894775,0,0,0,0,0,0,0,0,0,180,forward,0,0,0,1.1533711684715882,103.89484687978813
14:36:19,1.153461,103.894775,0,0,0,0,0,0,0,0,0,180,forward,0,0,0,1.1533711684715882,103.89484687978813
14:36:21,1.153461,103.894775,0,0,0,0,0,0,0,0,0,180,forward,0,0,0,1.1533711684715882,103.89484687978813
14:36:23,1.153461,103.894775,0,0,0,0,0,0,0,0,0,180,forward,0,0,0,1.1533711684715882,103.89484687978813
14:36:25,1.153461,103.894775,0,0,0,0,0,0,0,0,0,180,forward,0,0,0,1.1533711684715882,103.89484687978813
14:36:27,1.153461,103.894775,0,0,0,0,0,0,0,0,0,180,forward,0,0,0,1.1533711684715882,103.89484687978813
14:36:29,1.153461,103.894775,0,0,0,0,0,0,0,0,0,180,forward,0,0,0,1.1533711684715882,103.89484687978813
14:36:31,1.153461,103.894775,0,0,0,0,0,0,0,0,0,180,forward,0,0,0,1.1533711684715882,103.89484687978813
14:36:33,1.153461,103.894775,0,0,0,0,0,0,0,0,0,180,forward,0,0,0,1.1533711684715882,103.89484687978813
14:36:35,1.153461,103.894775,0,0,0,0,0,0,0,0,0,180,forward,0,0,0,1.1533711684715882,103.89484687978813
14:36:37,1.153461,103.894775,0,0,0,0,0,0,0,0,0,180,forward,0,0,0,1.1533711684715882,103.89484687978813
14:36:39,1.153461,103.894775,0,0,0,0,0,0,0,0,0,180,forward,0,0,0,1.1533711684715882,103.89484687978813
14:36:41,1.153461,103.894775,0,0,0,0,0,0,0,0,0,180,forward,0,0,0,1.1533711684715882,103.89484687978813
14:36:43,1.153461,103.894775,0,0,0,0,0,0,0,0,0,180,forward,0,0,0,1.1533711684715882,103.89484687978813
14:36:45,1.153461,103.894775,0,0,0,0,0,0,0,0,0,180,forward,0,0,0,1.1533711684715882,103.89484687978813
14:36:48,1.153461,103.894775,0,0,0,0,0,0,0,0,0,180,forward,0,0,0,1.1533711684715882,103.89484687978813
14:36:50,1.153461,103.894775,0,0,0,0,0,0,0,0,0,180,forward,0,0,0,1.1533711684715882,103.89484687978813
14:36:52,1.153461,103.894775,0,0,0,0,0,0,0,0,0,180,forward,0,0,0,1.1533711684715882,103.89484687978813
14:36:54,1.153461,103.894775,0,0,0,0,0,0,0,0,0,180,forward,0,0,0,1.1533711684715882,103.89484687978813
14:36:56,1.153461,103.894775,0,0,0,0,0,0,0,0,0,180,forward,0,0,0,1.1533711684715882,103.89484687978813
14:36:58,1.153461,103.894775,0,0,0,0,0,0,0,0,0,180,forward,0,0,0,1.1533711684715882,103.89484687978813
14:37:0,1.153461,103.894775,0,0,0,0,0,0,0,0,0,180,forward,0,0,0,1.1533711684715882,103.89484687978813
14:37:2,1.153461,103.894775,0,0,0,0,0,0,0,0,0,180,forward,0,0,0,1.1533711684715882,103.89484687978813
14:37:4,1.153461,103.894775,0,0,0,0,0,0,0,0,0,180,forward,0,0,0,1.1533711684715882,103.89484687978813
14:37:6,1.153461,103.894775,0,0,0,0,0,0,0,0,0,180,forward,0,0,0,1.1533711684715882,103.89484687978813
14:37:8,1.153461,103.894775,0,0,0,0,0,0,0,0,0,180,forward,0,0,0,1.1533711684715882,103.89484687978813
14:37:10,1.153461,103.894775,0,0,0,0,0,0,0,0,0,180,forward,0,0,0,1.1533711684715882,103.89484687978813
14:37:12,1.153461,103.894775,0,0,0,0,0,0,0,0,0,180,forward,0,0,0,1.1533711684715882,103.89484687978813
14:37:14,1.153461,103.894775,0,0,0,0,0,0,0,0,0,180,forward,0,0,0,1.1533711684715882,103.89484687978813
14:37:16,1.153461,103.894775,0,0,0,0,0,0,0,0,0,180,forward,0,0,0,1.1533711684715882,103.89484687978813
14:37:18,1.153461,103.894775,0,0,0,0,0,0,0,0,0,180,forward,0,0,0,1.1533711684715882,103.89484687978813
14:37:20,1.153461,103.894775,0,0,0,0,0,0,0,0,0,180,forward,0,0,0,1.1533711684715882,103.89484687978813
14:37:23,1.153461,103.894775,0,0,0,0,0,0,0,0,0,180,forward,0,0,0,1.1533711684715882,103.89484687978813
14:37:25,1.153461,103.894775,0,0,0,0,0,0,0,0,0,180,forward,0,0,0,1.1533711684715882,103.89484687978813
14:37:27,1.153461,103.894775,0,0,0,0,0,0,0,0,0,180,forward,0,0,0,1.1533711684715882,103.89484687978813
14:37:29,1.153461,103.894775,0,0,0,0,0,0,0,0,0,180,forward,0,0,0,1.1533711684715882,103.89484687978813
14:37:31,1.153461,103.894775,0,0,0,0,0,0,0,0,0,180,forward,0,0,0,1.1533711684715882,103.89484687978813
14:37:33,1.153461,103.894775,0,0,0,0,0,0,0,0,0,180,forward,0,0,0,1.1533711684715882,103.89484687978813
14:37:35,1.153461,103.894775,0,0,0,0,0,0,0,0,0,180,forward,0,0,0,1.1533711684715882,103.89484687978813
14:37:37,1.153461,103.894775,0,0,0,0,0,0,0,0,0,180,forward,0,0,0,1.1533711684715882,103.89484687978813
14:37:39,1.153461,103.894775,0,0,0,0,0,0,0,0,0,180,forward,0,0,0,1.1533711684715882,103.89484687978813
14:37:41,1.153461,103.894775,0,0,0,0,0,0,0,0,0,180,forward,0,0,0,1.1533711684715882,103.89484687978813
14:37:43,1.153461,103.894775,0,0,0,0,0,0,0,0,0,180,forward,0,0,0,1.1533711684715882,103.89484687978813
14:37:45,1.153461,103.894775,0,0,0,0,0,0,0,0,0,180,forward,0,0,0,1.1533711684715882,103.89484687978813
14:37:47,1.153461,103.894775,0,0,0,0,0,0,0,0,0,180,forward,0,0,0,1.1533711684715882,103.89484687978813
14:37:49,1.153461,103.894775,0,0,0,0,0,0,0,0,0,180,forward,0,0,0,1.1533711684715882,103.89484687978813
14:37:51,1.153461,103.894775,0,0,0,0,0,0,0,0,0,180,forward,0,0,0,1.1533711684715882,103.89484687978813
14:37:53,1.153461,103.894775,0,0,0,0,0,0,0,0,0,180,forward,0,0,0,1.1533711684715882,103.89484687978813
14:37:55,1.153461,103.894775,0,0,0,0,0,0,0,0,0,180,forward,0,0,0,1.1533711684715882,103.89484687978813
14:37:58,1.153461,103.894775,0,0,0,0,0,0,0,0,0,180,forward,0,0,0,1.1533711684715882,103.89484687978813
14:38:0,1.153461,103.894775,0,0,0,0,0,0,0,0,0,180,forward,0,0,0,1.1533711684715882,103.89484687978813
14:38:2,1.153461,103.894775,0,0,0,0,0,0,0,0,0,180,forward,0,0,0,1.1533711684715882,103.89484687978813
14:38:4,1.153461,103.894775,0,0,0,0,0,0,0,0,0,180,forward,0,0,0,1.1533711684715882,103.89484687978813
14:38:6,1.153461,103.894775,0,0,0,0,0,0,0,0,0,180,forward,0,0,0,1.1533711684715882,103.89484687978813
14:38:8,1.153461,103.894775,0,0,0,0,0,0,0,0,0,180,forward,0,0,0,1.1533711684715882,103.89484687978813
14:38:10,1.153461,103.894775,0,0,0,0,0,0,0,0,0,180,forward,0,0,0,1.1533711684715882,103.89484687978813
14:38:12,1.153461,103.894775,0,0,0,0,0,0,0,0,0,180,forward,0,0,0,1.1533711684715882,103.89484687978813
14:38:14,1.153461,103.894775,0,0,0,0,0,0,0,0,0,180,forward,0,0,0,1.1533711684715882,103.89484687978813
14:38:16,1.153461,103.894775,0,0,0,0,0,0,0,0,0,180,forward,0,0,0,1.1533711684715882,103.89484687978813
14:38:18,1.153461,103.894775,0,0,0,0,0,0,0,0,0,180,forward,0,0,0,1.1533711684715882,103.89484687978813
14:38:20,1.153461,103.894775,0,0,0,0,0,0,0,0,0,180,forward,0,0,0,1.1533711684715882,103.89484687978813
14:38:22,1.153461,103.894775,0,0,0,0,0,0,0,0,0,180,forward,0,0,0,1.1533711684715882,103.89484687978813
14:38:24,1.153461,103.894775,0,0,0,0,0,0,0,0,0,180,forward,0,0,0,1.1533711684715882,103.89484687978813
14:38:26,1.153461,103.894775,0,0,0,0,0,0,0,0,0,180,forward,0,0,0,1.1533711684715882,103.89484687978813
14:38:29,1.153461,103.894775,0,0,0,0,0,0,0,0,0,180,forward,0,0,0,1.1533711684715882,103.89484687978813
14:38:31,1.153461,103.894775,0,0,0,0,0,0,0,0,0,180,forward,0,0,0,1.1533711684715882,103.89484687978813
14:38:33,1.153461,103.894775,0,0,0,0,0,0,0,0,0,180,forward,0,0,0,1.1533711684715882,103.89484687978813
14:38:35,1.153461,103.894775,0,0,0,0,0,0,0,0,0,180,forward,0,0,0,1.1533711684715882,103.89484687978813
14:38:37,1.153461,103.894775,0,0,0,0,0,0,0,0,0,180,forward,0,0,0,1.1533711684715882,103.89484687978813
14:38:39,1.153461,103.894775,0,0,0,0,0,0,0,0,0,180,forward,0,0,0,1.1533711684715882,103.89484687978813
14:38:41,1.153461,103.894775,0,0,0,0,0,0,0,0,0,180,forward,0,0,0,1.1533711684715882,103.89484687978813
14:38:43,1.153461,103.894775,0,0,0,0,0,0,0,0,0,180,forward,0,0,0,1.1533711684715882,103.89484687978813
14:38:45,1.153461,103.894775,0,0,0,0,0,0,0,0,0,180,forward,0,0,0,1.1533711684715882,103.89484687978813
14:38:47,1.153461,103.894775,0,0,0,0,0,0,0,0,0,180,forward,0,0,0,1.1533711684715882,103.89484687978813
14:38:49,1.153461,103.894775,0,0,0,0,0,0,0,0,0,180,forward,0,0,0,1.1533711684715882,103.89484687978813
14:38:51,1.153461,103.894775,0,0,0,0,0,0,0,0,0,180,forward,0,0,0,1.1533711684715882,103.89484687978813
14:38:53,1.153461,103.894775,0,0,0,0,0,0,0,0,0,180,forward,0,0,0,1.1533711684715882,103.89484687978813
14:38:55,1.153461,103.894775,0,0,0,0,0,0,0,0,0,180,forward,0,0,0,1.1533711684715882,103.89484687978813
14:38:57,1.153461,103.894775,0,0,0,0,0,0,0,0,0,180,forward,0,0,0,1.1533711684715882,103.89484687978813
14:39:0,1.153461,103.894775,0,0,0,0,0,0,0,0,0,180,forward,0,0,0,1.1533711684715882,103.89484687978813
14:39:2,1.153461,103.894775,0,0,0,0,0,0,0,0,0,180,forward,0,0,0,1.1533711684715882,103.89484687978813
14:39:4,1.153461,103.894775,0,0,0,0,0,0,0,0,0,180,forward,0,0,0,1.1533711684715882,103.89484687978813
14:39:6,1.153461,103.894775,0,0,0,0,0,0,0,0,0,180,forward,0,0,0,1.1533711684715882,103.89484687978813
14:39:8,1.153461,103.894775,0,0,0,0,0,0,0,0,0,180,forward,0,0,0,1.1533711684715882,103.89484687978813
14:39:10,1.153461,103.894775,0,0,0,0,0,0,0,0,0,180,forward,0,0,0,1.1533711684715882,103.89484687978813
14:39:12,1.153461,103.894775,0,0,0,0,0,0,0,0,0,180,forward,0,0,0,1.1533711684715882,103.89484687978813
14:39:14,1.153461,103.894775,0,0,0,0,0,0,0,0,0,180,forward,0,0,0,1.1533711684715882,103.89484687978813
14:39:16,1.153461,103.894775,0,0,0,0,0,0,0,0,0,180,forward,0,0,0,1.1533711684715882,103.89484687978813
14:39:18,1.153461,103.894775,0,0,0,0,0,0,0,0,0,180,forward,0,0,0,1.1533711684715882,103.89484687978813
14:39:20,1.153461,103.894775,0,0,0,0,0,0,0,0,0,180,forward,0,0,0,1.1533711684715882,103.89484687978813
14:39:22,1.153461,103.894775,0,0,0,0,0,0,0,0,0,180,forward,0,0,0,1.1533711684715882,103.89484687978813
14:39:24,1.153461,103.894775,0,0,0,0,0,0,0,0,0,180,forward,0,0,0,1.1533711684715882,103.89484687978813
14:39:26,1.153461,103.894775,0,0,0,0,0,0,0,0,0,180,forward,0,0,0,1.1533711684715882,103.89484687978813
14:39:29,1.153461,103.894775,0,0,0,0,0,0,0,0,0,180,forward,0,0,0,1.1533711684715882,103.89484687978813
14:39:31,1.153461,103.894775,0,0,0,0,0,0,0,0,0,180,forward,0,0,0,1.1533711684715882,103.89484687978813
14:39:33,1.153461,103.894775,0,0,0,0,0,0,0,0,0,180,forward,0,0,0,1.1533711684715882,103.89484687978813
14:39:35,1.153461,103.894775,0,0,0,0,0,0,0,0,0,180,forward,0,0,0,1.1533711684715882,103.89484687978813
14:39:37,1.153461,103.894775,0,0,0,0,0,0,0,0,0,180,forward,0,0,0,1.1533711684715882,103.89484687978813
14:39:39,1.153461,103.894775,0,0,0,0,0,0,0,0,0,180,forward,0,0,0,1.1533711684715882,103.89484687978813
14:39:41,1.153461,103.894775,0,0,0,0,0,0,0,0,0,180,forward,0,0,0,1.1533711684715882,103.89484687978813
14:39:43,1.153461,103.894775,0,0,0,0,0,0,0,0,0,180,forward,0,0,0,1.1533711684715882,103.89484687978813
14:39:45,1.153461,103.894775,0,0,0,0,0,0,0,0,0,180,forward,0,0,0,1.1533711684715882,103.89484687978813
14:39:47,1.153461,103.894775,0,0,0,0,0,0,0,0,0,180,forward,0,0,0,1.1533711684715882,103.89484687978813
14:39:49,1.153461,103.894775,0,0,0,0,0,0,0,0,0,180,forward,0,0,0,1.1533711684715882,103.89484687978813
14:39:51,1.153461,103.894775,0,0,0,0,0,0,0,0,0,180,forward,0,0,0,1.1533711684715882,103.89484687978813
14:39:53,1.153461,103.894775,0,0,0,0,0,0,0,0,0,180,forward,0,0,0,1.1533711684715882,103.89484687978813
14:39:55,1.153461,103.894775,0,0,0,0,0,0,0,0,0,180,forward,0,0,0,1.1533711684715882,103.89484687978813
14:39:57,1.153461,103.894775,0,0,0,0,0,0,0,0,0,180,forward,0,0,0,1.1533711684715882,103.89484687978813
14:39:59,1.153461,103.894775,0,0,0,0,0,0,0,0,0,180,forward,0,0,0,1.1533711684715882,103.89484687978813
14:40:1,1.153461,103.894775,0,0,0,0,0,0,0,0,0,180,forward,0,0,0,1.1533711684715882,103.89484687978813
14:40:3,1.153461,103.894775,0,0,0,0,0,0,0,0,0,180,forward,0,0,0,1.1533711684715882,103.89484687978813
14:40:5,1.153461,103.894775,0,0,0,0,0,0,0,0,0,180,forward,0,0,0,1.1533711684715882,103.89484687978813
14:40:8,1.153461,103.894775,0,0,0,0,0,0,0,0,0,180,forward,0,0,0,1.1533711684715882,103.89484687978813
14:40:10,1.153461,103.894775,0,0,0,0,0,0,0,0,0,180,forward,0,0,0,1.1533711684715882,103.89484687978813
14:40:12,1.153461,103.894775,0,0,0,0,0,0,0,0,0,180,forward,0,0,0,1.1533711684715882,103.89484687978813
14:40:14,1.153461,103.894775,0,0,0,0,0,0,0,0,0,180,forward,0,0,0,1.1533711684715882,103.89484687978813
14:40:16,1.153461,103.894775,0,0,0,0,0,0,0,0,0,180,forward,0,0,0,1.1533711684715882,103.89484687978813
14:40:18,1.153461,103.894775,0,0,0,0,0,0,0,0,0,180,forward,0,0,0,1.1533711684715882,103.89484687978813
14:40:20,1.153461,103.894775,0,0,0,0,0,0,0,0,0,180,forward,0,0,0,1.1533711684715882,103.89484687978813
14:40:22,1.153461,103.894775,0,0,0,0,0,0,0,0,0,180,forward,0,0,0,1.1533711684715882,103.89484687978813
14:40:24,1.153461,103.894775,0,0,0,0,0,0,0,0,0,180,forward,0,0,0,1.1533711684715882,103.89484687978813
14:40:26,1.153461,103.894775,0,0,0,0,0,0,0,0,0,180,forward,0,0,0,1.1533711684715882,103.89484687978813
14:40:28,1.153461,103.894775,0,0,0,0,0,0,0,0,0,180,forward,0,0,0,1.1533711684715882,103.89484687978813
14:40:30,1.153461,103.894775,0,0,0,0,0,0,0,0,0,180,forward,0,0,0,1.1533711684715882,103.89484687978813
14:40:32,1.153461,103.894775,0,0,0,0,0,0,0,0,0,180,forward,0,0,0,1.1533711684715882,103.89484687978813
14:40:34,1.153461,103.894775,0,0,0,0,0,0,0,0,0,180,forward,0,0,0,1.1533711684715882,103.89484687978813
14:40:36,1.153461,103.894775,0,0,0,0,0,0,0,0,0,180,forward,0,0,0,1.1533711684715882,103.89484687978813
14:40:38,1.153461,103.894775,0,0,0,0,0,0,0,0,0,180,forward,0,0,0,1.1533711684715882,103.89484687978813
14:40:40,1.153461,103.894775,0,0,0,0,0,0,0,0,0,180,forward,0,0,0,1.1533711684715882,103.89484687978813
14:40:42,1.153461,103.894775,0,0,0,0,0,0,0,0,0,180,forward,0,0,0,1.1533711684715882,103.89484687978813
14:40:44,1.153461,103.894775,0,0,0,0,0,0,0,0,0,180,forward,0,0,0,1.1533711684715882,103.89484687978813
14:40:46,1.153461,103.894775,0,0,0,0,0,0,0,0,0,180,forward,0,0,0,1.1533711684715882,103.89484687978813
14:40:48,1.153461,103.894775,0,0,0,0,0,0,0,0,0,180,forward,0,0,0,1.1533711684715882,103.89484687978813
14:40:50,1.153461,103.894775,0,0,0,0,0,0,0,0,0,180,forward,0,0,0,1.1533711684715882,103.89484687978813
14:40:53,1.153461,103.894775,0,0,0,0,0,0,0,0,0,180,forward,0,0,0,1.1533711684715882,103.89484687978813
14:40:55,1.153461,103.894775,0,0,0,0,0,0,0,0,0,180,forward,0,0,0,1.1533711684715882,103.89484687978813
14:40:57,1.153461,103.894775,0,0,0,0,0,0,0,0,0,180,forward,0,0,0,1.1533711684715882,103.89484687978813
14:40:59,1.153461,103.894775,0,0,0,0,0,0,0,0,0,180,forward,0,0,0,1.1533711684715882,103.89484687978813
14:41:1,1.153461,103.894775,0,0,0,0,0,0,0,0,0,180,forward,0,0,0,1.1533711684715882,103.89484687978813
14:41:3,1.153461,103.894775,0,0,0,0,0,0,0,0,0,180,forward,0,0,0,1.1533711684715882,103.89484687978813
14:41:5,1.153461,103.894775,0,0,0,0,0,0,0,0,0,180,forward,0,0,0,1.1533711684715882,103.89484687978813
14:41:7,1.153461,103.894775,0,0,0,0,0,0,0,0,0,180,forward,0,0,0,1.1533711684715882,103.89484687978813
14:41:9,1.153461,103.894775,0,0,0,0,0,0,0,0,0,180,forward,0,0,0,1.1533711684715882,103.89484687978813
14:41:11,1.153461,103.894775,0,0,0,0,0,0,0,0,0,180,forward,0,0,0,1.1533711684715882,103.89484687978813
14:41:13,1.153461,103.894775,0,0,0,0,0,0,0,0,0,180,forward,0,0,0,1.1533711684715882,103.89484687978813
14:41:15,1.153461,103.894775,0,0,0,0,0,0,0,0,0,180,forward,0,0,0,1.1533711684715882,103.89484687978813
14:41:17,1.153461,103.894775,0,0,0,0,0,0,0,0,0,180,forward,0,0,0,1.1533711684715882,103.89484687978813
14:41:19,1.153461,103.894775,0,0,0,0,0,0,0,0,0,180,forward,0,0,0,1.1533711684715882,103.89484687978813
14:41:21,1.153461,103.894775,0,0,0,0,0,0,0,0,0,180,forward,0,0,0,1.1533711684715882,103.89484687978813
14:41:23,1.153461,103.894775,0,0,0,0,0,0,0,0,0,180,forward,0,0,0,1.1533711684715882,103.89484687978813
14:41:25,1.153461,103.894775,0,0,0,0,0,0,0,0,0,180,forward,0,0,0,1.1533711684715882,103.89484687978813
14:41:27,1.153461,103.894775,0,0,0,0,0,0,0,0,0,180,forward,0,0,0,1.1533711684715882,103.89484687978813
14:41:30,1.153461,103.894775,0,0,0,0,0,0,0,0,0,180,forward,0,0,0,1.1533711684715882,103.89484687978813
14:41:32,1.153461,103.894775,0,0,0,0,0,0,0,0,0,180,forward,0,0,0,1.1533711684715882,103.89484687978813
14:41:34,1.153461,103.894775,0,0,0,0,0,0,0,0,0,180,forward,0,0,0,1.1533711684715882,103.89484687978813
14:41:36,1.153461,103.894775,0,0,0,0,0,0,0,0,0,180,forward,0,0,0,1.1533711684715882,103.89484687978813
14:41:38,1.153461,103.894775,0,0,0,0,0,0,0,0,0,180,forward,0,0,0,1.1533711684715882,103.89484687978813
14:41:40,1.153461,103.894775,0,0,0,0,0,0,0,0,0,180,forward,0,0,0,1.1533711684715882,103.89484687978813
14:41:42,1.153461,103.894775,0,0,0,0,0,0,0,0,0,180,forward,0,0,0,1.1533711684715882,103.89484687978813
14:41:44,1.153461,103.894775,0,0,0,0,0,0,0,0,0,180,forward,0,0,0,1.1533711684715882,103.89484687978813
14:41:46,1.153461,103.894775,0,0,0,0,0,0,0,0,0,180,forward,0,0,0,1.1533711684715882,103.89484687978813
14:41:48,1.153461,103.894775,0,0,0,0,0,0,0,0,0,180,forward,0,0,0,1.1533711684715882,103.89484687978813
14:41:50,1.153461,103.894775,0,0,0,0,0,0,0,0,0,180,forward,0,0,0,1.1533711684715882,103.89484687978813
14:41:52,1.153461,103.894775,0,0,0,0,0,0,0,0,0,180,forward,0,0,0,1.1533711684715882,103.89484687978813
14:41:54,1.153461,103.894775,0,0,0,0,0,0,0,0,0,180,forward,0,0,0,1.1533711684715882,103.89484687978813
14:41:56,1.153461,103.894775,0,0,0,0,0,0,0,0,0,180,forward,0,0,0,1.1533711684715882,103.89484687978813
14:41:58,1.153461,103.894775,0,0,0,0,0,0,0,0,0,180,forward,0,0,0,1.1533711684715882,103.89484687978813
14:42:0,1.153461,103.894775,0,0,0,0,0,0,0,0,0,180,forward,0,0,0,1.1533711684715882,103.89484687978813
14:42:2,1.153461,103.894775,0,0,0,0,0,0,0,0,0,180,forward,0,0,0,1.1533711684715882,103.89484687978813
14:42:4,1.153461,103.894775,0,0,0,0,0,0,0,0,0,180,forward,0,0,0,1.1533711684715882,103.89484687978813
14:42:6,1.153461,103.894775,0,0,0,0,0,0,0,0,0,180,forward,0,0,0,1.1533711684715882,103.89484687978813
14:42:8,1.153461,103.894775,0,0,0,0,0,0,0,0,0,180,forward,0,0,0,1.1533711684715882,103.89484687978813
14:42:10,1.153461,103.894775,0,0,0,0,0,0,0,0,0,180,forward,0,0,0,1.1533711684715882,103.89484687978813
14:42:13,1.153461,103.894775,0,0,0,0,0,0,0,0,0,180,forward,0,0,0,1.1533711684715882,103.89484687978813
14:42:15,1.153461,103.894775,0,0,0,0,0,0,0,0,0,180,forward,0,0,0,1.1533711684715882,103.89484687978813
14:42:17,1.153461,103.894775,0,0,0,0,0,0,0,0,0,180,forward,0,0,0,1.1533711684715882,103.89484687978813
14:42:19,1.153461,103.894775,0,0,0,0,0,0,0,0,0,180,forward,0,0,0,1.1533711684715882,103.89484687978813
14:42:21,1.153461,103.894775,0,0,0,0,0,0,0,0,0,180,forward,0,0,0,1.1533711684715882,103.89484687978813
14:42:23,1.153461,103.894775,0,0,0,0,0,0,0,0,0,180,forward,0,0,0,1.1533711684715882,103.89484687978813
14:42:25,1.153461,103.894775,0,0,0,0,0,0,0,0,0,180,forward,0,0,0,1.1533711684715882,103.89484687978813
14:42:27,1.153461,103.894775,0,0,0,0,0,0,0,0,0,180,forward,0,0,0,1.1533711684715882,103.89484687978813
14:42:29,1.153461,103.894775,0,0,0,0,0,0,0,0,0,180,forward,0,0,0,1.1533711684715882,103.89484687978813
14:42:31,1.153461,103.894775,0,0,0,0,0,0,0,0,0,180,forward,0,0,0,1.1533711684715882,103.89484687978813
14:42:33,1.153461,103.894775,0,0,0,0,0,0,0,0,0,180,forward,0,0,0,1.1533711684715882,103.89484687978813
14:42:35,1.153461,103.894775,0,0,0,0,0,0,0,0,0,180,forward,0,0,0,1.1533711684715882,103.89484687978813
14:42:37,1.153461,103.894775,0,0,0,0,0,0,0,0,0,180,forward,0,0,0,1.1533711684715882,103.89484687978813
14:42:40,1.153461,103.894775,0,0,0,0,0,0,0,0,0,180,forward,0,0,0,1.1533711684715882,103.89484687978813
14:42:42,1.153461,103.894775,0,0,0,0,0,0,0,0,0,180,forward,0,0,0,1.1533711684715882,103.89484687978813
14:42:44,1.153461,103.894775,0,0,0,0,0,0,0,0,0,180,forward,0,0,0,1.1533711684715882,103.89484687978813
14:42:46,1.153461,103.894775,0,0,0,0,0,0,0,0,0,180,forward,0,0,0,1.1533711684715882,103.89484687978813
14:42:48,1.153461,103.894775,0,0,0,0,0,0,0,0,0,180,forward,0,0,0,1.1533711684715882,103.89484687978813
14:42:50,1.153461,103.894775,0,0,0,0,0,0,0,0,0,180,forward,0,0,0,1.1533711684715882,103.89484687978813
14:42:52,1.153461,103.894775,0,0,0,0,0,0,0,0,0,180,forward,0,0,0,1.1533711684715882,103.89484687978813
14:42:54,1.153461,103.894775,0,0,0,0,0,0,0,0,0,180,forward,0,0,0,1.1533711684715882,103.89484687978813
14:42:56,1.153461,103.894775,0,0,0,0,0,0,0,0,0,180,forward,0,0,0,1.1533711684715882,103.89484687978813
14:42:58,1.153461,103.894775,0,0,0,0,0,0,0,0,0,180,forward,0,0,0,1.1533711684715882,103.89484687978813
14:43:0,1.153461,103.894775,0,0,0,0,0,0,0,0,0,180,forward,0,0,0,1.1533711684715882,103.89484687978813
14:43:2,1.153461,103.894775,0,0,0,0,0,0,0,0,0,180,forward,0,0,0,1.1533711684715882,103.89484687978813
14:43:4,1.153461,103.894775,0,0,0,0,0,0,0,0,0,180,forward,0,0,0,1.1533711684715882,103.89484687978813
14:43:6,1.153461,103.894775,0,0,0,0,0,0,0,0,0,180,forward,0,0,0,1.1533711684715882,103.89484687978813
14:43:8,1.153461,103.894775,0,0,0,0,0,0,0,0,0,180,forward,0,0,0,1.1533711684715882,103.89484687978813
14:43:11,1.153461,103.894775,0,0,0,0,0,0,0,0,0,180,forward,0,0,0,1.1533711684715882,103.89484687978813
14:43:13,1.153461,103.894775,0,0,0,0,0,0,0,0,0,180,forward,0,0,0,1.1533711684715882,103.89484687978813
14:43:15,1.153461,103.894775,0,0,0,0,0,0,0,0,0,180,forward,0,0,0,1.1533711684715882,103.89484687978813
14:43:17,1.153461,103.894775,0,0,0,0,0,0,0,0,0,180,forward,0,0,0,1.1533711684715882,103.89484687978813
14:43:19,1.153461,103.894775,0,0,0,0,0,0,0,0,0,180,forward,0,0,0,1.1533711684715882,103.89484687978813
14:43:21,1.153461,103.894775,0,0,0,0,0,0,0,0,0,180,forward,0,0,0,1.1533711684715882,103.89484687978813
14:43:23,1.153461,103.894775,0,0,0,0,0,0,0,0,0,180,forward,0,0,0,1.1533711684715882,103.89484687978813
14:43:25,1.153461,103.894775,0,0,0,0,0,0,0,0,0,180,forward,0,0,0,1.1533711684715882,103.89484687978813
14:43:27,1.153461,103.894775,0,0,0,0,0,0,0,0,0,180,forward,0,0,0,1.1533711684715882,103.89484687978813
14:43:29,1.153461,103.894775,0,0,0,0,0,0,0,0,0,180,forward,0,0,0,1.1533711684715882,103.89484687978813
14:43:31,1.153461,103.894775,0,0,0,0,0,0,0,0,0,180,forward,0,0,0,1.1533711684715882,103.89484687978813
14:43:33,1.153461,103.894775,0,0,0,0,0,0,0,0,0,180,forward,0,0,0,1.1533711684715882,103.89484687978813
14:43:35,1.153461,103.894775,0,0,0,0,0,0,0,0,0,180,forward,0,0,0,1.1533711684715882,103.89484687978813
14:43:37,1.153461,103.894775,0,0,0,0,0,0,0,0,0,180,forward,0,0,0,1.1533711684715882,103.89484687978813
14:43:39,1.153461,103.894775,0,0,0,0,0,0,0,0,0,180,forward,0,0,0,1.1533711684715882,103.89484687978813
14:43:41,1.153461,103.894775,0,0,0,0,0,0,0,0,0,180,forward,0,0,0,1.1533711684715882,103.89484687978813
14:43:43,1.153461,103.894775,0,0,0,0,0,0,0,0,0,180,forward,0,0,0,1.1533711684715882,103.89484687978813
14:43:45,1.153461,103.894775,0,0,0,0,0,0,0,0,0,180,forward,0,0,0,1.1533711684715882,103.89484687978813
14:43:47,1.153461,103.894775,0,0,0,0,0,0,0,0,0,180,forward,0,0,0,1.1533711684715882,103.89484687978813
14:43:49,1.153461,103.894775,0,0,0,0,0,0,0,0,0,180,forward,0,0,0,1.1533711684715882,103.89484687978813
14:43:51,1.153461,103.894775,0,0,0,0,0,0,0,0,0,180,forward,0,0,0,1.1533711684715882,103.89484687978813
14:43:54,1.153461,103.894775,0,0,0,0,0,0,0,0,0,180,forward,0,0,0,1.1533711684715882,103.89484687978813
14:43:56,1.153461,103.894775,0,0,0,0,0,0,0,0,0,180,forward,0,0,0,1.1533711684715882,103.89484687978813
14:43:58,1.153461,103.894775,0,0,0,0,0,0,0,0,0,180,forward,0,0,0,1.1533711684715882,103.89484687978813
14:44:0,1.153461,103.894775,0,0,0,0,0,0,0,0,0,180,forward,0,0,0,1.1533711684715882,103.89484687978813
14:44:2,1.153461,103.894775,0,0,0,0,0,0,0,0,0,180,forward,0,0,0,1.1533711684715882,103.89484687978813
14:44:4,1.153461,103.894775,0,0,0,0,0,0,0,0,0,180,forward,0,0,0,1.1533711684715882,103.89484687978813
14:44:6,1.153461,103.894775,0,0,0,0,0,0,0,0,0,180,forward,0,0,0,1.1533711684715882,103.89484687978813
14:44:8,1.153461,103.894775,0,0,0,0,0,0,0,0,0,180,forward,0,0,0,1.1533711684715882,103.89484687978813
14:44:10,1.153461,103.894775,0,0,0,0,0,0,0,0,0,180,forward,0,0,0,1.1533711684715882,103.89484687978813
14:44:12,1.153461,103.894775,0,0,0,0,0,0,0,0,0,180,forward,0,0,0,1.1533711684715882,103.89484687978813
14:44:14,1.153461,103.894775,0,0,0,0,0,0,0,0,0,180,forward,0,0,0,1.1533711684715882,103.89484687978813
14:44:16,1.153461,103.894775,0,0,0,0,0,0,0,0,0,180,forward,0,0,0,1.1533711684715882,103.89484687978813
14:44:18,1.153461,103.894775,0,0,0,0,0,0,0,0,0,180,forward,0,0,0,1.1533711684715882,103.89484687978813
14:44:20,1.153461,103.894775,0,0,0,0,0,0,0,0,0,180,forward,0,0,0,1.1533711684715882,103.89484687978813
14:44:22,1.153461,103.894775,0,0,0,0,0,0,0,0,0,180,forward,0,0,0,1.1533711684715882,103.89484687978813
14:44:24,1.153461,103.894775,0,0,0,0,0,0,0,0,0,180,forward,0,0,0,1.1533711684715882,103.89484687978813
14:44:26,1.153461,103.894775,0,0,0,0,0,0,0,0,0,180,forward,0,0,0,1.1533711684715882,103.89484687978813
14:44:28,1.153461,103.894775,0,0,0,0,0,0,0,0,0,180,forward,0,0,0,1.1533711684715882,103.89484687978813
14:44:30,1.153461,103.894775,0,0,0,0,0,0,0,0,0,180,forward,0,0,0,1.1533711684715882,103.89484687978813
14:44:33,1.153461,103.894775,0,0,0,0,0,0,0,0,0,180,forward,0,0,0,1.1533711684715882,103.89484687978813
14:44:35,1.153461,103.894775,0,0,0,0,0,0,0,0,0,180,forward,0,0,0,1.1533711684715882,103.89484687978813
14:44:37,1.153461,103.894775,0,0,0,0,0,0,0,0,0,180,forward,0,0,0,1.1533711684715882,103.89484687978813
14:44:39,1.153461,103.894775,0,0,0,0,0,0,0,0,0,180,forward,0,0,0,1.1533711684715882,103.89484687978813
14:44:41,1.153461,103.894775,0,0,0,0,0,0,0,0,0,180,forward,0,0,0,1.1533711684715882,103.89484687978813
14:44:43,1.153461,103.894775,0,0,0,0,0,0,0,0,0,180,forward,0,0,0,1.1533711684715882,103.89484687978813
14:44:45,1.153461,103.894775,0,0,0,0,0,0,0,0,0,180,forward,0,0,0,1.1533711684715882,103.89484687978813
14:44:47,1.153461,103.894775,0,0,0,0,0,0,0,0,0,180,forward,0,0,0,1.1533711684715882,103.89484687978813
14:44:49,1.153461,103.894775,0,0,0,0,0,0,0,0,0,180,forward,0,0,0,1.1533711684715882,103.89484687978813
14:44:51,1.153461,103.894775,0,0,0,0,0,0,0,0,0,180,forward,0,0,0,1.1533711684715882,103.89484687978813
14:44:53,1.153461,103.894775,0,0,0,0,0,0,0,0,0,180,forward,0,0,0,1.1533711684715882,103.89484687978813
14:44:55,1.153461,103.894775,0,0,0,0,0,0,0,0,0,180,forward,0,0,0,1.1533711684715882,103.89484687978813
14:44:57,1.153461,103.894775,0,0,0,0,0,0,0,0,0,180,forward,0,0,0,1.1533711684715882,103.89484687978813
14:44:59,1.153461,103.894775,0,0,0,0,0,0,0,0,0,180,forward,0,0,0,1.1533711684715882,103.89484687978813
14:45:1,1.153461,103.894775,0,0,0,0,0,0,0,0,0,180,forward,0,0,0,1.1533711684715882,103.89484687978813
14:45:4,1.153461,103.894775,0,0,0,0,0,0,0,0,0,180,forward,0,0,0,1.1533711684715882,103.89484687978813
14:45:6,1.153461,103.894775,0,0,0,0,0,0,0,0,0,180,forward,0,0,0,1.1533711684715882,103.89484687978813
14:45:8,1.153461,103.894775,0,0,0,0,0,0,0,0,0,180,forward,0,0,0,1.1533711684715882,103.89484687978813
14:45:10,1.153461,103.894775,0,0,0,0,0,0,0,0,0,180,forward,0,0,0,1.1533711684715882,103.89484687978813
14:45:12,1.153461,103.894775,0,0,0,0,0,0,0,0,0,180,forward,0,0,0,1.1533711684715882,103.89484687978813
14:45:14,1.153461,103.894775,0,0,0,0,0,0,0,0,0,180,forward,0,0,0,1.1533711684715882,103.89484687978813
14:45:16,1.153461,103.894775,0,0,0,0,0,0,0,0,0,180,forward,0,0,0,1.1533711684715882,103.89484687978813
14:45:18,1.153461,103.894775,0,0,0,0,0,0,0,0,0,180,forward,0,0,0,1.1533711684715882,103.89484687978813
14:45:20,1.153461,103.894775,0,0,0,0,0,0,0,0,0,180,forward,0,0,0,1.1533711684715882,103.89484687978813
14:45:22,1.153461,103.894775,0,0,0,0,0,0,0,0,0,180,forward,0,0,0,1.1533711684715882,103.89484687978813
14:45:24,1.153461,103.894775,0,0,0,0,0,0,0,0,0,180,forward,0,0,0,1.1533711684715882,103.89484687978813
14:45:26,1.153461,103.894775,0,0,0,0,0,0,0,0,0,180,forward,0,0,0,1.1533711684715882,103.89484687978813
14:45:28,1.153461,103.894775,0,0,0,0,0,0,0,0,0,180,forward,0,0,0,1.1533711684715882,103.89484687978813
14:45:30,1.153461,103.894775,0,0,0,0,0,0,0,0,0,180,forward,0,0,0,1.1533711684715882,103.89484687978813
14:45:32,1.153461,103.894775,0,0,0,0,0,0,0,0,0,180,forward,0,0,0,1.1533711684715882,103.89484687978813
14:45:34,1.153461,103.894775,0,0,0,0,0,0,0,0,0,180,forward,0,0,0,1.1533711684715882,103.89484687978813
14:45:36,1.153461,103.894775,0,0,0,0,0,0,0,0,0,180,forward,0,0,0,1.1533711684715882,103.89484687978813
14:45:38,1.153461,103.894775,0,0,0,0,0,0,0,0,0,180,forward,0,0,0,1.1533711684715882,103.89484687978813
14:45:40,1.153461,103.894775,0,0,0,0,0,0,0,0,0,180,forward,0,0,0,1.1533711684715882,103.89484687978813
14:45:42,1.153461,103.894775,0,0,0,0,0,0,0,0,0,180,forward,0,0,0,1.1533711684715882,103.89484687978813
14:45:44,1.153461,103.894775,0,0,0,0,0,0,0,0,0,180,forward,0,0,0,1.1533711684715882,103.89484687978813
14:45:47,1.153461,103.894775,0,0,0,0,0,0,0,0,0,180,forward,0,0,0,1.1533711684715882,103.89484687978813
14:45:49,1.153461,103.894775,0,0,0,0,0,0,0,0,0,180,forward,0,0,0,1.1533711684715882,103.89484687978813
14:45:51,1.153461,103.894775,0,0,0,0,0,0,0,0,0,180,forward,0,0,0,1.1533711684715882,103.89484687978813
14:45:53,1.153461,103.894775,0,0,0,0,0,0,0,0,0,180,forward,0,0,0,1.1533711684715882,103.89484687978813
14:45:55,1.153461,103.894775,0,0,0,0,0,0,0,0,0,180,forward,0,0,0,1.1533711684715882,103.89484687978813
14:45:57,1.153461,103.894775,0,0,0,0,0,0,0,0,0,180,forward,0,0,0,1.1533711684715882,103.89484687978813
14:45:59,1.153461,103.894775,0,0,0,0,0,0,0,0,0,180,forward,0,0,0,1.1533711684715882,103.89484687978813
14:46:1,1.153461,103.894775,0,0,0,0,0,0,0,0,0,180,forward,0,0,0,1.1533711684715882,103.89484687978813
14:46:3,1.153461,103.894775,0,0,0,0,0,0,0,0,0,180,forward,0,0,0,1.1533711684715882,103.89484687978813
14:46:5,1.153461,103.894775,0,0,0,0,0,0,0,0,0,180,forward,0,0,0,1.1533711684715882,103.89484687978813
14:46:7,1.153461,103.894775,0,0,0,0,0,0,0,0,0,180,forward,0,0,0,1.1533711684715882,103.89484687978813
14:46:9,1.153461,103.894775,0,0,0,0,0,0,0,0,0,180,forward,0,0,0,1.1533711684715882,103.89484687978813
14:46:11,1.153461,103.894775,0,0,0,0,0,0,0,0,0,180,forward,0,0,0,1.1533711684715882,103.89484687978813
14:46:13,1.153461,103.894775,0,0,0,0,0,0,0,0,0,180,forward,0,0,0,1.1533711684715882,103.89484687978813
14:46:15,1.153461,103.894775,0,0,0,0,0,0,0,0,0,180,forward,0,0,0,1.1533711684715882,103.89484687978813
14:46:17,1.153461,103.894775,0,0,0,0,0,0,0,0,0,180,forward,0,0,0,1.1533711684715882,103.89484687978813
14:46:19,1.153461,103.894775,0,0,0,0,0,0,0,0,0,180,forward,0,0,0,1.1533711684715882,103.89484687978813
14:46:22,1.153461,103.894775,0,0,0,0,0,0,0,0,0,180,forward,0,0,0,1.1533711684715882,103.89484687978813
14:46:24,1.153461,103.894775,0,0,0,0,0,0,0,0,0,180,forward,0,0,0,1.1533711684715882,103.89484687978813
14:46:26,1.153461,103.894775,0,0,0,0,0,0,0,0,0,180,forward,0,0,0,1.1533711684715882,103.89484687978813
14:46:28,1.153461,103.894775,0,0,0,0,0,0,0,0,0,180,forward,0,0,0,1.1533711684715882,103.89484687978813
14:46:30,1.153461,103.894775,0,0,0,0,0,0,0,0,0,180,forward,0,0,0,1.1533711684715882,103.89484687978813
14:46:32,1.153461,103.894775,0,0,0,0,0,0,0,0,0,180,forward,0,0,0,1.1533711684715882,103.89484687978813
14:46:34,1.153461,103.894775,0,0,0,0,0,0,0,0,0,180,forward,0,0,0,1.1533711684715882,103.89484687978813
14:46:36,1.153461,103.894775,0,0,0,0,0,0,0,0,0,180,forward,0,0,0,1.1533711684715882,103.89484687978813
14:46:38,1.153461,103.894775,0,0,0,0,0,0,0,0,0,180,forward,0,0,0,1.1533711684715882,103.89484687978813
14:46:40,1.153461,103.894775,0,0,0,0,0,0,0,0,0,180,forward,0,0,0,1.1533711684715882,103.89484687978813
14:46:42,1.153461,103.894775,0,0,0,0,0,0,0,0,0,180,forward,0,0,0,1.1533711684715882,103.89484687978813
14:46:44,1.153461,103.894775,0,0,0,0,0,0,0,0,0,180,forward,0,0,0,1.1533711684715882,103.89484687978813
14:46:46,1.153461,103.894775,0,0,0,0,0,0,0,0,0,180,forward,0,0,0,1.1533711684715882,103.89484687978813
14:46:48,1.153461,103.894775,0,0,0,0,0,0,0,0,0,180,forward,0,0,0,1.1533711684715882,103.89484687978813
14:46:50,1.153461,103.894775,0,0,0,0,0,0,0,0,0,180,forward,0,0,0,1.1533711684715882,103.89484687978813
14:46:52,1.153461,103.894775,0,0,0,0,0,0,0,0,0,180,forward,0,0,0,1.1533711684715882,103.89484687978813
14:46:54,1.153461,103.894775,0,0,0,0,0,0,0,0,0,180,forward,0,0,0,1.1533711684715882,103.89484687978813
14:46:57,1.153461,103.894775,0,0,0,0,0,0,0,0,0,180,forward,0,0,0,1.1533711684715882,103.89484687978813
14:46:59,1.153461,103.894775,0,0,0,0,0,0,0,0,0,180,forward,0,0,0,1.1533711684715882,103.89484687978813
14:47:1,1.153461,103.894775,0,0,0,0,0,0,0,0,0,180,forward,0,0,0,1.1533711684715882,103.89484687978813
14:47:3,1.153461,103.894775,0,0,0,0,0,0,0,0,0,180,forward,0,0,0,1.1533711684715882,103.89484687978813
14:47:5,1.153461,103.894775,0,0,0,0,0,0,0,0,0,180,forward,0,0,0,1.1533711684715882,103.89484687978813
14:47:7,1.153461,103.894775,0,0,0,0,0,0,0,0,0,180,forward,0,0,0,1.1533711684715882,103.89484687978813
14:47:9,1.153461,103.894775,0,0,0,0,0,0,0,0,0,180,forward,0,0,0,1.1533711684715882,103.89484687978813
14:47:11,1.153461,103.894775,0,0,0,0,0,0,0,0,0,180,forward,0,0,0,1.1533711684715882,103.89484687978813
14:47:13,1.153461,103.894775,0,0,0,0,0,0,0,0,0,180,forward,0,0,0,1.1533711684715882,103.89484687978813
14:47:15,1.153461,103.894775,0,0,0,0,0,0,0,0,0,180,forward,0,0,0,1.1533711684715882,103.89484687978813
14:47:17,1.153461,103.894775,0,0,0,0,0,0,0,0,0,180,forward,0,0,0,1.1533711684715882,103.89484687978813
14:47:19,1.153461,103.894775,0,0,0,0,0,0,0,0,0,180,forward,0,0,0,1.1533711684715882,103.89484687978813
14:47:21,1.153461,103.894775,0,0,0,0,0,0,0,0,0,180,forward,0,0,0,1.1533711684715882,103.89484687978813
14:47:23,1.153461,103.894775,0,0,0,0,0,0,0,0,0,180,forward,0,0,0,1.1533711684715882,103.89484687978813
14:47:25,1.153461,103.894775,0,0,0,0,0,0,0,0,0,180,forward,0,0,0,1.1533711684715882,103.89484687978813
14:47:27,1.153461,103.894775,0,0,0,0,0,0,0,0,0,180,forward,0,0,0,1.1533711684715882,103.89484687978813
14:47:29,1.153461,103.894775,0,0,0,0,0,0,0,0,0,180,forward,0,0,0,1.1533711684715882,103.89484687978813
14:47:32,1.153461,103.894775,0,0,0,0,0,0,0,0,0,180,forward,0,0,0,1.1533711684715882,103.89484687978813
14:47:34,1.153461,103.894775,0,0,0,0,0,0,0,0,0,180,forward,0,0,0,1.1533711684715882,103.89484687978813
14:47:36,1.153461,103.894775,0,0,0,0,0,0,0,0,0,180,forward,0,0,0,1.1533711684715882,103.89484687978813
14:47:38,1.153461,103.894775,0,0,0,0,0,0,0,0,0,180,forward,0,0,0,1.1533711684715882,103.89484687978813
14:47:40,1.153461,103.894775,0,0,0,0,0,0,0,0,0,180,forward,0,0,0,1.1533711684715882,103.89484687978813
14:47:42,1.153461,103.894775,0,0,0,0,0,0,0,0,0,180,forward,0,0,0,1.1533711684715882,103.89484687978813
14:47:44,1.153461,103.894775,0,0,0,0,0,0,0,0,0,180,forward,0,0,0,1.1533711684715882,103.89484687978813
14:47:46,1.153461,103.894775,0,0,0,0,0,0,0,0,0,180,forward,0,0,0,1.1533711684715882,103.89484687978813
14:47:48,1.153461,103.894775,0,0,0,0,0,0,0,0,0,180,forward,0,0,0,1.1533711684715882,103.89484687978813
14:47:50,1.153461,103.894775,0,0,0,0,0,0,0,0,0,180,forward,0,0,0,1.1533711684715882,103.89484687978813
14:47:52,1.153461,103.894775,0,0,0,0,0,0,0,0,0,180,forward,0,0,0,1.1533711684715882,103.89484687978813
14:47:54,1.153461,103.894775,0,0,0,0,0,0,0,0,0,180,forward,0,0,0,1.1533711684715882,103.89484687978813
14:47:56,1.153461,103.894775,0,0,0,0,0,0,0,0,0,180,forward,0,0,0,1.1533711684715882,103.89484687978813
14:47:58,1.153461,103.894775,0,0,0,0,0,0,0,0,0,180,forward,0,0,0,1.1533711684715882,103.89484687978813
14:48:0,1.153461,103.894775,0,0,0,0,0,0,0,0,0,180,forward,0,0,0,1.1533711684715882,103.89484687978813
14:48:2,1.153461,103.894775,0,0,0,0,0,0,0,0,0,180,forward,0,0,0,1.1533711684715882,103.89484687978813
14:48:4,1.153461,103.894775,0,0,0,0,0,0,0,0,0,180,forward,0,0,0,1.1533711684715882,103.89484687978813
14:48:6,1.153461,103.894775,0,0,0,0,0,0,0,0,0,180,forward,0,0,0,1.1533711684715882,103.89484687978813
14:48:8,1.153461,103.894775,0,0,0,0,0,0,0,0,0,180,forward,0,0,0,1.1533711684715882,103.89484687978813
14:48:11,1.153461,103.894775,0,0,0,0,0,0,0,0,0,180,forward,0,0,0,1.1533711684715882,103.89484687978813
14:48:13,1.153461,103.894775,0,0,0,0,0,0,0,0,0,180,forward,0,0,0,1.1533711684715882,103.89484687978813
14:48:15,1.153461,103.894775,0,0,0,0,0,0,0,0,0,180,forward,0,0,0,1.1533711684715882,103.89484687978813
14:48:17,1.153461,103.894775,0,0,0,0,0,0,0,0,0,180,forward,0,0,0,1.1533711684715882,103.89484687978813
14:48:19,1.153461,103.894775,0,0,0,0,0,0,0,0,0,180,forward,0,0,0,1.1533711684715882,103.89484687978813
14:48:21,1.153461,103.894775,0,0,0,0,0,0,0,0,0,180,forward,0,0,0,1.1533711684715882,103.89484687978813
14:48:23,1.153461,103.894775,0,0,0,0,0,0,0,0,0,180,forward,0,0,0,1.1533711684715882,103.89484687978813
14:48:25,1.153461,103.894775,0,0,0,0,0,0,0,0,0,180,forward,0,0,0,1.1533711684715882,103.89484687978813
14:48:27,1.153461,103.894775,0,0,0,0,0,0,0,0,0,180,forward,0,0,0,1.1533711684715882,103.89484687978813
14:48:29,1.153461,103.894775,0,0,0,0,0,0,0,0,0,180,forward,0,0,0,1.1533711684715882,103.89484687978813
14:48:31,1.153461,103.894775,0,0,0,0,0,0,0,0,0,180,forward,0,0,0,1.1533711684715882,103.89484687978813
14:48:33,1.153461,103.894775,0,0,0,0,0,0,0,0,0,180,forward,0,0,0,1.1533711684715882,103.89484687978813
14:48:35,1.153461,103.894775,0,0,0,0,0,0,0,0,0,180,forward,0,0,0,1.1533711684715882,103.89484687978813
14:48:37,1.153461,103.894775,0,0,0,0,0,0,0,0,0,180,forward,0,0,0,1.1533711684715882,103.89484687978813
14:48:39,1.153461,103.894775,0,0,0,0,0,0,0,0,0,180,forward,0,0,0,1.1533711684715882,103.89484687978813
14:48:41,1.153461,103.894775,0,0,0,0,0,0,0,0,0,180,forward,0,0,0,1.1533711684715882,103.89484687978813
14:48:43,1.153461,103.894775,0,0,0,0,0,0,0,0,0,180,forward,0,0,0,1.1533711684715882,103.89484687978813
14:48:45,1.153461,103.894775,0,0,0,0,0,0,0,0,0,180,forward,0,0,0,1.1533711684715882,103.89484687978813
14:48:47,1.153461,103.894775,0,0,0,0,0,0,0,0,0,180,forward,0,0,0,1.1533711684715882,103.89484687978813
14:48:49,1.153461,103.894775,0,0,0,0,0,0,0,0,0,180,forward,0,0,0,1.1533711684715882,103.89484687978813
14:48:51,1.153461,103.894775,0,0,0,0,0,0,0,0,0,180,forward,0,0,0,1.1533711684715882,103.89484687978813
14:48:54,1.153461,103.894775,0,0,0,0,0,0,0,0,0,180,forward,0,0,0,1.1533711684715882,103.89484687978813
14:48:56,1.153461,103.894775,0,0,0,0,0,0,0,0,0,180,forward,0,0,0,1.1533711684715882,103.89484687978813
14:48:58,1.153461,103.894775,0,0,0,0,0,0,0,0,0,180,forward,0,0,0,1.1533711684715882,103.89484687978813
14:49:0,1.153461,103.894775,0,0,0,0,0,0,0,0,0,180,forward,0,0,0,1.1533711684715882,103.89484687978813
14:49:2,1.153461,103.894775,0,0,0,0,0,0,0,0,0,180,forward,0,0,0,1.1533711684715882,103.89484687978813
14:49:4,1.153461,103.894775,0,0,0,0,0,0,0,0,0,180,forward,0,0,0,1.1533711684715882,103.89484687978813
14:49:6,1.153461,103.894775,0,0,0,0,0,0,0,0,0,180,forward,0,0,0,1.1533711684715882,103.89484687978813
14:49:8,1.153461,103.894775,0,0,0,0,0,0,0,0,0,180,forward,0,0,0,1.1533711684715882,103.89484687978813
14:49:10,1.153461,103.894775,0,0,0,0,0,0,0,0,0,180,forward,0,0,0,1.1533711684715882,103.89484687978813
14:49:12,1.153461,103.894775,0,0,0,0,0,0,0,0,0,180,forward,0,0,0,1.1533711684715882,103.89484687978813
14:49:14,1.153461,103.894775,0,0,0,0,0,0,0,0,0,180,forward,0,0,0,1.1533711684715882,103.89484687978813
14:49:16,1.153461,103.894775,0,0,0,0,0,0,0,0,0,180,forward,0,0,0,1.1533711684715882,103.89484687978813
14:49:18,1.153461,103.894775,0,0,0,0,0,0,0,0,0,180,forward,0,0,0,1.1533711684715882,103.89484687978813
14:49:21,1.153461,103.894775,0,0,0,0,0,0,0,0,0,180,forward,0,0,0,1.1533711684715882,103.89484687978813
14:49:23,1.153461,103.894775,0,0,0,0,0,0,0,0,0,180,forward,0,0,0,1.1533711684715882,103.89484687978813
14:49:25,1.153461,103.894775,0,0,0,0,0,0,0,0,0,180,forward,0,0,0,1.1533711684715882,103.89484687978813
14:49:27,1.153461,103.894775,0,0,0,0,0,0,0,0,0,180,forward,0,0,0,1.1533711684715882,103.89484687978813
14:49:29,1.153461,103.894775,0,0,0,0,0,0,0,0,0,180,forward,0,0,0,1.1533711684715882,103.89484687978813
14:49:31,1.153461,103.894775,0,0,0,0,0,0,0,0,0,180,forward,0,0,0,1.1533711684715882,103.89484687978813
14:49:33,1.153461,103.894775,0,0,0,0,0,0,0,0,0,180,forward,0,0,0,1.1533711684715882,103.89484687978813
14:49:35,1.153461,103.894775,0,0,0,0,0,0,0,0,0,180,forward,0,0,0,1.1533711684715882,103.89484687978813
14:49:37,1.153461,103.894775,0,0,0,0,0,0,0,0,0,180,forward,0,0,0,1.1533711684715882,103.89484687978813
14:49:39,1.153461,103.894775,0,0,0,0,0,0,0,0,0,180,forward,0,0,0,1.1533711684715882,103.89484687978813
14:49:41,1.153461,103.894775,0,0,0,0,0,0,0,0,0,180,forward,0,0,0,1.1533711684715882,103.89484687978813
14:49:43,1.153461,103.894775,0,0,0,0,0,0,0,0,0,180,forward,0,0,0,1.1533711684715882,103.89484687978813
14:49:45,1.153461,103.894775,0,0,0,0,0,0,0,0,0,180,forward,0,0,0,1.1533711684715882,103.89484687978813
14:49:47,1.153461,103.894775,0,0,0,0,0,0,0,0,0,180,forward,0,0,0,1.1533711684715882,103.89484687978813
14:49:49,1.153461,103.894775,0,0,0,0,0,0,0,0,0,180,forward,0,0,0,1.1533711684715882,103.89484687978813
14:49:51,1.153461,103.894775,0,0,0,0,0,0,0,0,0,180,forward,0,0,0,1.1533711684715882,103.89484687978813
14:49:53,1.153461,103.894775,0,0,0,0,0,0,0,0,0,180,forward,0,0,0,1.1533711684715882,103.89484687978813
14:49:55,1.153461,103.894775,0,0,0,0,0,0,0,0,0,180,forward,0,0,0,1.1533711684715882,103.89484687978813
14:49:57,1.153461,103.894775,0,0,0,0,0,0,0,0,0,180,forward,0,0,0,1.1533711684715882,103.89484687978813
14:50:0,1.153461,103.894775,0,0,0,0,0,0,0,0,0,180,forward,0,0,0,1.1533711684715882,103.89484687978813
14:50:2,1.153461,103.894775,0,0,0,0,0,0,0,0,0,180,forward,0,0,0,1.1533711684715882,103.89484687978813
14:50:4,1.153461,103.894775,0,0,0,0,0,0,0,0,0,180,forward,0,0,0,1.1533711684715882,103.89484687978813
14:50:6,1.153461,103.894775,0,0,0,0,0,0,0,0,0,180,forward,0,0,0,1.1533711684715882,103.89484687978813
14:50:8,1.153461,103.894775,0,0,0,0,0,0,0,0,0,180,forward,0,0,0,1.1533711684715882,103.89484687978813
14:50:10,1.153461,103.894775,0,0,0,0,0,0,0,0,0,180,forward,0,0,0,1.1533711684715882,103.89484687978813
14:50:12,1.153461,103.894775,0,0,0,0,0,0,0,0,0,180,forward,0,0,0,1.1533711684715882,103.89484687978813
14:50:14,1.153461,103.894775,0,0,0,0,0,0,0,0,0,180,forward,0,0,0,1.1533711684715882,103.89484687978813
14:50:16,1.153461,103.894775,0,0,0,0,0,0,0,0,0,180,forward,0,0,0,1.1533711684715882,103.89484687978813
14:50:18,1.153461,103.894775,0,0,0,0,0,0,0,0,0,180,forward,0,0,0,1.1533711684715882,103.89484687978813
14:50:20,1.153461,103.894775,0,0,0,0,0,0,0,0,0,180,forward,0,0,0,1.1533711684715882,103.89484687978813
14:50:22,1.153461,103.894775,0,0,0,0,0,0,0,0,0,180,forward,0,0,0,1.1533711684715882,103.89484687978813
14:50:24,1.153461,103.894775,0,0,0,0,0,0,0,0,0,180,forward,0,0,0,1.1533711684715882,103.89484687978813
14:50:26,1.153461,103.894775,0,0,0,0,0,0,0,0,0,180,forward,0,0,0,1.1533711684715882,103.89484687978813
14:50:28,1.153461,103.894775,0,0,0,0,0,0,0,0,0,180,forward,0,0,0,1.1533711684715882,103.89484687978813
14:50:31,1.153461,103.894775,0,0,0,0,0,0,0,0,0,180,forward,0,0,0,1.1533711684715882,103.89484687978813
14:50:33,1.153461,103.894775,0,0,0,0,0,0,0,0,0,180,forward,0,0,0,1.1533711684715882,103.89484687978813
14:50:35,1.153461,103.894775,0,0,0,0,0,0,0,0,0,180,forward,0,0,0,1.1533711684715882,103.89484687978813
14:50:37,1.153461,103.894775,0,0,0,0,0,0,0,0,0,180,forward,0,0,0,1.1533711684715882,103.89484687978813
14:50:39,1.153461,103.894775,0,0,0,0,0,0,0,0,0,180,forward,0,0,0,1.1533711684715882,103.89484687978813
14:50:41,1.153461,103.894775,0,0,0,0,0,0,0,0,0,180,forward,0,0,0,1.1533711684715882,103.89484687978813
14:50:43,1.153461,103.894775,0,0,0,0,0,0,0,0,0,180,forward,0,0,0,1.1533711684715882,103.89484687978813
14:50:45,1.153461,103.894775,0,0,0,0,0,0,0,0,0,180,forward,0,0,0,1.1533711684715882,103.89484687978813
14:50:47,1.153461,103.894775,0,0,0,0,0,0,0,0,0,180,forward,0,0,0,1.1533711684715882,103.89484687978813
14:50:49,1.153461,103.894775,0,0,0,0,0,0,0,0,0,180,forward,0,0,0,1.1533711684715882,103.89484687978813
14:50:51,1.153461,103.894775,0,0,0,0,0,0,0,0,0,180,forward,0,0,0,1.1533711684715882,103.89484687978813
14:50:53,1.153461,103.894775,0,0,0,0,0,0,0,0,0,180,forward,0,0,0,1.1533711684715882,103.89484687978813
14:50:55,1.153461,103.894775,0,0,0,0,0,0,0,0,0,180,forward,0,0,0,1.1533711684715882,103.89484687978813
14:50:57,1.153461,103.894775,0,0,0,0,0,0,0,0,0,180,forward,0,0,0,1.1533711684715882,103.89484687978813
14:50:59,1.153461,103.894775,0,0,0,0,0,0,0,0,0,180,forward,0,0,0,1.1533711684715882,103.89484687978813
14:51:1,1.153461,103.894775,0,0,0,0,0,0,0,0,0,180,forward,0,0,0,1.1533711684715882,103.89484687978813
14:51:4,1.153461,103.894775,0,0,0,0,0,0,0,0,0,180,forward,0,0,0,1.1533711684715882,103.89484687978813
14:51:6,1.153461,103.894775,0,0,0,0,0,0,0,0,0,180,forward,0,0,0,1.1533711684715882,103.89484687978813
14:51:8,1.153461,103.894775,0,0,0,0,0,0,0,0,0,180,forward,0,0,0,1.1533711684715882,103.89484687978813
14:51:10,1.153461,103.894775,0,0,0,0,0,0,0,0,0,180,forward,0,0,0,1.1533711684715882,103.89484687978813
14:51:12,1.153461,103.894775,0,0,0,0,0,0,0,0,0,180,forward,0,0,0,1.1533711684715882,103.89484687978813
14:51:14,1.153461,103.894775,0,0,0,0,0,0,0,0,0,180,forward,0,0,0,1.1533711684715882,103.89484687978813
14:51:16,1.153461,103.894775,0,0,0,0,0,0,0,0,0,180,forward,0,0,0,1.1533711684715882,103.89484687978813
14:51:18,1.153461,103.894775,0,0,0,0,0,0,0,0,0,180,forward,0,0,0,1.1533711684715882,103.89484687978813
14:51:20,1.153461,103.894775,0,0,0,0,0,0,0,0,0,180,forward,0,0,0,1.1533711684715882,103.89484687978813
14:51:22,1.153461,103.894775,0,0,0,0,0,0,0,0,0,180,forward,0,0,0,1.1533711684715882,103.89484687978813
14:51:24,1.153461,103.894775,0,0,0,0,0,0,0,0,0,180,forward,0,0,0,1.1533711684715882,103.89484687978813
14:51:26,1.153461,103.894775,0,0,0,0,0,0,0,0,0,180,forward,0,0,0,1.1533711684715882,103.89484687978813
14:51:28,1.153461,103.894775,0,0,0,0,0,0,0,0,0,180,forward,0,0,0,1.1533711684715882,103.89484687978813
14:51:30,1.153461,103.894775,0,0,0,0,0,0,0,0,0,180,forward,0,0,0,1.1533711684715882,103.89484687978813
14:51:32,1.153461,103.894775,0,0,0,0,0,0,0,0,0,180,forward,0,0,0,1.1533711684715882,103.89484687978813
14:51:34,1.153461,103.894775,0,0,0,0,0,0,0,0,0,180,forward,0,0,0,1.1533711684715882,103.89484687978813
14:51:36,1.153461,103.894775,0,0,0,0,0,0,0,0,0,180,forward,0,0,0,1.1533711684715882,103.89484687978813
14:51:38,1.153461,103.894775,0,0,0,0,0,0,0,0,0,180,forward,0,0,0,1.1533711684715882,103.89484687978813
14:51:40,1.153461,103.894775,0,0,0,0,0,0,0,0,0,180,forward,0,0,0,1.1533711684715882,103.89484687978813
14:51:43,1.153461,103.894775,0,0,0,0,0,0,0,0,0,180,forward,0,0,0,1.1533711684715882,103.89484687978813
14:51:45,1.153461,103.894775,0,0,0,0,0,0,0,0,0,180,forward,0,0,0,1.1533711684715882,103.89484687978813
14:51:47,1.153461,103.894775,0,0,0,0,0,0,0,0,0,180,forward,0,0,0,1.1533711684715882,103.89484687978813
14:51:49,1.153461,103.894775,0,0,0,0,0,0,0,0,0,180,forward,0,0,0,1.1533711684715882,103.89484687978813
14:51:51,1.153461,103.894775,0,0,0,0,0,0,0,0,0,180,forward,0,0,0,1.1533711684715882,103.89484687978813
14:51:53,1.153461,103.894775,0,0,0,0,0,0,0,0,0,180,forward,0,0,0,1.1533711684715882,103.89484687978813
14:51:55,1.153461,103.894775,0,0,0,0,0,0,0,0,0,180,forward,0,0,0,1.1533711684715882,103.89484687978813
14:51:57,1.153461,103.894775,0,0,0,0,0,0,0,0,0,180,forward,0,0,0,1.1533711684715882,103.89484687978813
14:51:59,1.153461,103.894775,0,0,0,0,0,0,0,0,0,180,forward,0,0,0,1.1533711684715882,103.89484687978813
14:52:1,1.153461,103.894775,0,0,0,0,0,0,0,0,0,180,forward,0,0,0,1.1533711684715882,103.89484687978813
14:52:3,1.153461,103.894775,0,0,0,0,0,0,0,0,0,180,forward,0,0,0,1.1533711684715882,103.89484687978813
14:52:5,1.153461,103.894775,0,0,0,0,0,0,0,0,0,180,forward,0,0,0,1.1533711684715882,103.89484687978813
14:52:7,1.153461,103.894775,0,0,0,0,0,0,0,0,0,180,forward,0,0,0,1.1533711684715882,103.89484687978813
14:52:9,1.153461,103.894775,0,0,0,0,0,0,0,0,0,180,forward,0,0,0,1.1533711684715882,103.89484687978813
14:52:12,1.153461,103.894775,0,0,0,0,0,0,0,0,0,180,forward,0,0,0,1.1533711684715882,103.89484687978813
14:52:14,1.153461,103.894775,0,0,0,0,0,0,0,0,0,180,forward,0,0,0,1.1533711684715882,103.89484687978813
14:52:16,1.153461,103.894775,0,0,0,0,0,0,0,0,0,180,forward,0,0,0,1.1533711684715882,103.89484687978813
14:52:18,1.153461,103.894775,0,0,0,0,0,0,0,0,0,180,forward,0,0,0,1.1533711684715882,103.89484687978813
14:52:20,1.153461,103.894775,0,0,0,0,0,0,0,0,0,180,forward,0,0,0,1.1533711684715882,103.89484687978813
14:52:22,1.153461,103.894775,0,0,0,0,0,0,0,0,0,180,forward,0,0,0,1.1533711684715882,103.89484687978813
14:52:24,1.153461,103.894775,0,0,0,0,0,0,0,0,0,180,forward,0,0,0,1.1533711684715882,103.89484687978813
14:52:26,1.153461,103.894775,0,0,0,0,0,0,0,0,0,180,forward,0,0,0,1.1533711684715882,103.89484687978813
14:52:28,1.153461,103.894775,0,0,0,0,0,0,0,0,0,180,forward,0,0,0,1.1533711684715882,103.89484687978813
14:52:30,1.153461,103.894775,0,0,0,0,0,0,0,0,0,180,forward,0,0,0,1.1533711684715882,103.89484687978813
14:52:32,1.153461,103.894775,0,0,0,0,0,0,0,0,0,180,forward,0,0,0,1.1533711684715882,103.89484687978813
14:52:34,1.153461,103.894775,0,0,0,0,0,0,0,0,0,180,forward,0,0,0,1.1533711684715882,103.89484687978813
14:52:36,1.153461,103.894775,0,0,0,0,0,0,0,0,0,180,forward,0,0,0,1.1533711684715882,103.89484687978813
14:52:38,1.153461,103.894775,0,0,0,0,0,0,0,0,0,180,forward,0,0,0,1.1533711684715882,103.89484687978813
14:52:40,1.153461,103.894775,0,0,0,0,0,0,0,0,0,180,forward,0,0,0,1.1533711684715882,103.89484687978813
14:52:42,1.153461,103.894775,0,0,0,0,0,0,0,0,0,180,forward,0,0,0,1.1533711684715882,103.89484687978813
14:52:45,1.153461,103.894775,0,0,0,0,0,0,0,0,0,180,forward,0,0,0,1.1533711684715882,103.89484687978813
14:52:47,1.153461,103.894775,0,0,0,0,0,0,0,0,0,180,forward,0,0,0,1.1533711684715882,103.89484687978813
14:52:49,1.153461,103.894775,0,0,0,0,0,0,0,0,0,180,forward,0,0,0,1.1533711684715882,103.89484687978813
14:52:51,1.153461,103.894775,0,0,0,0,0,0,0,0,0,180,forward,0,0,0,1.1533711684715882,103.89484687978813
14:52:53,1.153461,103.894775,0,0,0,0,0,0,0,0,0,180,forward,0,0,0,1.1533711684715882,103.89484687978813
14:52:55,1.153461,103.894775,0,0,0,0,0,0,0,0,0,180,forward,0,0,0,1.1533711684715882,103.89484687978813
14:52:57,1.153461,103.894775,0,0,0,0,0,0,0,0,0,180,forward,0,0,0,1.1533711684715882,103.89484687978813
14:52:59,1.153461,103.894775,0,0,0,0,0,0,0,0,0,180,forward,0,0,0,1.1533711684715882,103.89484687978813
14:53:1,1.153461,103.894775,0,0,0,0,0,0,0,0,0,180,forward,0,0,0,1.1533711684715882,103.89484687978813
14:53:3,1.153461,103.894775,0,0,0,0,0,0,0,0,0,180,forward,0,0,0,1.1533711684715882,103.89484687978813
14:53:5,1.153461,103.894775,0,0,0,0,0,0,0,0,0,180,forward,0,0,0,1.1533711684715882,103.89484687978813
14:53:7,1.153461,103.894775,0,0,0,0,0,0,0,0,0,180,forward,0,0,0,1.1533711684715882,103.89484687978813
14:53:9,1.153461,103.894775,0,0,0,0,0,0,0,0,0,180,forward,0,0,0,1.1533711684715882,103.89484687978813
14:53:11,1.153461,103.894775,0,0,0,0,0,0,0,0,0,180,forward,0,0,0,1.1533711684715882,103.89484687978813
14:53:13,1.153461,103.894775,0,0,0,0,0,0,0,0,0,180,forward,0,0,0,1.1533711684715882,103.89484687978813
14:53:15,1.153461,103.894775,0,0,0,0,0,0,0,0,0,180,forward,0,0,0,1.1533711684715882,103.89484687978813
14:53:18,1.153461,103.894775,0,0,0,0,0,0,0,0,0,180,forward,0,0,0,1.1533711684715882,103.89484687978813
14:53:20,1.153461,103.894775,0,0,0,0,0,0,0,0,0,180,forward,0,0,0,1.1533711684715882,103.89484687978813
14:53:22,1.153461,103.894775,0,0,0,0,0,0,0,0,0,180,forward,0,0,0,1.1533711684715882,103.89484687978813
14:53:24,1.153461,103.894775,0,0,0,0,0,0,0,0,0,180,forward,0,0,0,1.1533711684715882,103.89484687978813
14:53:26,1.153461,103.894775,0,0,0,0,0,0,0,0,0,180,forward,0,0,0,1.1533711684715882,103.89484687978813
14:53:28,1.153461,103.894775,0,0,0,0,0,0,0,0,0,180,forward,0,0,0,1.1533711684715882,103.89484687978813
14:53:30,1.153461,103.894775,0,0,0,0,0,0,0,0,0,180,forward,0,0,0,1.1533711684715882,103.89484687978813
14:53:32,1.153461,103.894775,0,0,0,0,0,0,0,0,0,180,forward,0,0,0,1.1533711684715882,103.89484687978813
14:53:34,1.153461,103.894775,0,0,0,0,0,0,0,0,0,180,forward,0,0,0,1.1533711684715882,103.89484687978813
14:53:36,1.153461,103.894775,0,0,0,0,0,0,0,0,0,180,forward,0,0,0,1.1533711684715882,103.89484687978813
date,val latitude,val longitude,propeller speed1,propeller speed2,propeller speed3,propeller speed4,str1 target,str2 target,str3 target,str4 target,heading,heading target,mode,position_error,dir_error,payout,lat chute,long chute
14:53:45,1.153461,103.894775,0,0,0,0,0,0,0,0,0,180,forward,0,0,0,1.1533711684715882,103.89484687978813
14:53:47,1.153461,103.894775,0,0,0,0,0,0,0,0,0,180,forward,0,0,0,1.1533711684715882,103.89484687978813
14:53:49,1.153461,103.894775,0,0,0,0,0,0,0,0,0,180,forward,0,0,0,1.1533711684715882,103.89484687978813
14:53:51,1.153461,103.894775,0,0,0,0,0,0,0,0,0,180,forward,0,0,0,1.1533711684715882,103.89484687978813
14:53:53,1.153461,103.894775,0,0,0,0,0,0,0,0,0,180,forward,0,0,0,1.1533711684715882,103.89484687978813
14:53:55,1.153461,103.894775,0,0,0,0,0,0,0,0,0,180,forward,0,0,0,1.1533711684715882,103.89484687978813
14:53:58,1.153461,103.894775,0,0,0,0,0,0,0,0,0,180,forward,0,0,0,1.1533711684715882,103.89484687978813
14:54:0,1.153461,103.894775,0,0,0,0,0,0,0,0,0,180,forward,0,0,0,1.1533711684715882,103.89484687978813
14:54:2,1.153461,103.894775,0,0,0,0,0,0,0,0,0,180,forward,0,0,0,1.1533711684715882,103.89484687978813
14:54:4,1.153461,103.894775,0,0,0,0,0,0,0,0,0,180,forward,0,0,0,1.1533711684715882,103.89484687978813
14:54:6,1.153461,103.894775,0,0,0,0,0,0,0,0,0,180,forward,0,0,0,1.1533711684715882,103.89484687978813
14:54:8,1.153461,103.894775,0,0,0,0,0,0,0,0,0,180,forward,0,0,0,1.1533711684715882,103.89484687978813
14:54:10,1.153461,103.894775,0,0,0,0,0,0,0,0,0,180,forward,0,0,0,1.1533711684715882,103.89484687978813
14:54:12,1.153461,103.894775,0,0,0,0,0,0,0,0,0,180,forward,0,0,0,1.1533711684715882,103.89484687978813
14:54:14,1.153461,103.894775,0,0,0,0,0,0,0,0,0,180,forward,0,0,0,1.1533711684715882,103.89484687978813
14:54:16,1.153461,103.894775,0,0,0,0,0,0,0,0,0,180,forward,0,0,0,1.1533711684715882,103.89484687978813
14:54:18,1.153461,103.894775,0,0,0,0,0,0,0,0,0,180,forward,0,0,0,1.1533711684715882,103.89484687978813
14:54:21,1.153461,103.894775,0,0,0,0,0,0,0,0,0,180,forward,0,0,0,1.1533711684715882,103.89484687978813
14:54:23,1.153461,103.894775,0,0,0,0,0,0,0,0,0,180,forward,0,0,0,1.1533711684715882,103.89484687978813
