waktu,latitude,longitude,propeller_speed1,propeller_speed2,propeller_speed3,propeller_speed4,str1_target,str2_target,str3_target,str4_target,heading,heading_target,navigation_mode_text,position_error,dir_error,payout,lat_chute,long_chute,wind speed,wind direction
10:22:51,1.699965,101.53755,0,0,0,0,0,0,0,0,290,180,forward,0,0,263.0,1.7000325312194902,101.53757459017645,0.8,207.0
10:22:53,1.699965,101.537549,0,0,0,0,0,0,0,0,290,180,forward,0,0,263.0,1.7000325312194902,101.53757359017645,0.8,193.0
10:22:55,1.699965,101.537548,0,0,0,0,0,0,0,0,290,180,forward,0,0,263.0,1.7000325312194902,101.53757259017645,0.8,194.0
10:22:57,1.699965,101.537548,0,0,0,0,0,0,0,0,290,180,forward,0,0,263.0,1.7000325312194902,101.53757259017645,0.9,41.0
10:22:59,1.699965,101.537548,0,0,0,0,0,0,0,0,290,180,forward,0,0,263.0,1.7000325312194902,101.53757259017645,0.8,308.0
10:23:01,1.699965,101.537547,0,0,0,0,0,0,0,0,290,180,forward,0,0,263.0,1.7000325312194902,101.53757159017646,1.3,119.0
10:23:04,1.699965,101.537547,0,0,0,0,0,0,0,0,290,180,forward,0,0,263.0,1.7000325312194902,101.53757159017646,1.1,86.0
10:23:06,1.699965,101.537546,0,0,0,0,0,0,0,0,290,180,forward,0,0,263.0,1.7000325312194902,101.53757059017646,1.2,322.0
10:23:08,1.699965,101.537546,0,0,0,0,0,0,0,0,290,180,forward,0,0,263.0,1.7000325312194902,101.53757059017646,1.1,1.0
10:23:10,1.699965,101.537545,0,0,0,0,0,0,0,0,290,180,forward,0,0,263.0,1.7000325312194902,101.53756959017645,0.9,334.0
10:23:12,1.699964,101.537545,0,0,0,0,0,0,0,0,290,180,forward,0,0,263.0,1.7000315312194902,101.53756959017643,1.2,110.0
10:23:14,1.699964,101.537545,0,0,0,0,0,0,0,0,290,180,forward,0,0,263.0,1.7000315312194902,101.53756959017643,1.5,355.0
10:23:17,1.699964,101.537544,0,0,0,0,0,0,0,0,290,180,forward,0,0,263.0,1.7000315312194902,101.53756859017643,1.3,43.0
10:23:19,1.699963,101.537544,0,0,0,0,0,0,0,0,290,180,forward,0,0,263.0,1.70003053121949,101.53756859017642,0.9,350.0
10:23:21,1.699963,101.537544,0,0,0,0,0,0,0,0,290,180,forward,0,0,263.0,1.70003053121949,101.53756859017642,0.8,25.0
10:23:23,1.699962,101.537544,0,0,0,0,0,0,0,0,290,180,forward,0,0,263.0,1.7000295312194902,101.5375685901764,1.2,28.0
10:23:25,1.699962,101.537544,0,0,0,0,0,0,0,0,290,180,forward,0,0,263.0,1.7000295312194902,101.5375685901764,1.2,16.0
10:23:27,1.699962,101.537544,0,0,0,0,0,0,0,0,290,180,forward,0,0,263.0,1.7000295312194902,101.5375685901764,1.2,27.0
10:23:30,1.699962,101.537544,0,0,0,0,0,0,0,0,290,180,forward,0,0,263.0,1.7000295312194902,101.5375685901764,1.2,327.0
10:23:32,1.699962,101.537544,0,0,0,0,0,0,0,0,290,180,forward,0,0,263.0,1.7000295312194902,101.5375685901764,1.1,2.0
10:23:34,1.699961,101.537544,0,0,0,0,0,0,0,0,290,180,forward,0,0,263.0,1.7000285312194903,101.53756859017639,1.1,6.0
10:23:36,1.699961,101.537544,0,0,0,0,0,0,0,0,290,180,forward,0,0,263.0,1.7000285312194903,101.53756859017639,1.1,19.0
10:23:38,1.699961,101.537545,0,0,0,0,0,0,0,0,290,180,forward,0,0,263.0,1.7000285312194903,101.53756959017639,1.0,36.0
10:23:40,1.699961,101.537545,0,0,0,0,0,0,0,0,290,180,forward,0,0,263.0,1.7000285312194903,101.53756959017639,1.2,29.0
10:23:43,1.699961,101.537546,0,0,0,0,0,0,0,0,290,180,forward,0,0,263.0,1.7000285312194903,101.5375705901764,1.4,35.0
10:23:45,1.699961,101.537546,0,0,0,0,0,0,0,0,290,180,forward,0,0,263.0,1.7000285312194903,101.5375705901764,0.6,1.0
10:23:47,1.699961,101.537545,0,0,0,0,0,0,0,0,290,180,forward,0,0,263.0,1.7000285312194903,101.53756959017639,0.6,343.0
10:23:49,1.699962,101.537545,0,0,0,0,0,0,0,0,290,180,forward,0,0,263.0,1.7000295312194902,101.5375695901764,0.6,317.0
10:23:51,1.699962,101.537545,0,0,0,0,0,0,0,0,290,180,forward,0,0,263.0,1.7000295312194902,101.5375695901764,0.6,209.0
10:23:53,1.699962,101.537546,0,0,0,0,0,0,0,0,290,180,forward,0,0,263.0,1.7000295312194902,101.53757059017641,0.3,330.0
10:23:55,1.699963,101.537546,0,0,0,0,0,0,0,0,290,180,forward,0,0,263.0,1.70003053121949,101.53757059017643,0.7,315.0
10:23:58,1.699963,101.537545,0,0,0,0,0,0,0,0,290,180,forward,0,0,263.0,1.70003053121949,101.53756959017642,0.6,329.0
10:24:00,1.699964,101.537545,0,0,0,0,0,0,0,0,290,180,forward,0,0,263.0,1.7000315312194902,101.53756959017643,0.8,52.0
10:24:02,1.699965,101.537545,0,0,0,0,0,0,0,0,290,180,forward,0,0,263.0,1.7000325312194902,101.53756959017645,0.9,23.0
10:24:04,1.699965,101.537544,0,0,0,0,0,0,0,0,290,180,forward,0,0,263.0,1.7000325312194902,101.53756859017645,1.2,143.0
10:24:06,1.699966,101.537544,0,0,0,0,0,0,0,0,290,180,forward,0,0,263.0,1.7000335312194903,101.53756859017646,1.2,133.0
10:24:09,1.699966,101.537544,0,0,0,0,0,0,0,0,290,180,forward,0,0,263.0,1.7000335312194903,101.53756859017646,1.2,250.0
10:24:11,1.699967,101.537544,0,0,0,0,0,0,0,0,290,180,forward,0,0,263.0,1.7000345312194902,101.53756859017648,2.0,329.0
10:24:13,1.699967,101.537544,0,0,0,0,0,0,0,0,290,180,forward,0,0,263.0,1.7000345312194902,101.53756859017648,1.6,41.0
10:24:15,1.699968,101.537544,0,0,0,0,0,0,0,0,290,180,forward,0,0,263.0,1.7000355312194901,101.53756859017649,1.4,18.0
10:24:17,1.699968,101.537544,0,0,0,0,0,0,0,0,290,180,forward,0,0,263.0,1.7000355312194901,101.53756859017649,1.2,24.0
10:24:19,1.699967,101.537544,0,0,0,0,0,0,0,0,290,180,forward,0,0,263.0,1.7000345312194902,101.53756859017648,1.1,27.0
10:24:21,1.699967,101.537545,0,0,0,0,0,0,0,0,290,180,forward,0,0,263.0,1.7000345312194902,101.53756959017647,1.1,306.0
10:24:24,1.699967,101.537545,0,0,0,0,0,0,0,0,290,180,forward,0,0,263.0,1.7000345312194902,101.53756959017647,0.8,106.0
10:24:26,1.699967,101.537545,0,0,0,0,0,0,0,0,290,180,forward,0,0,263.0,1.7000345312194902,101.53756959017647,1.0,83.0
10:24:28,1.699967,101.537545,0,0,0,0,0,0,0,0,290,180,forward,0,0,263.0,1.7000345312194902,101.53756959017647,1.1,0.0
10:24:30,1.699967,101.537545,0,0,0,0,0,0,0,0,290,180,forward,0,0,263.0,1.7000345312194902,101.53756959017647,1.2,358.0
10:24:32,1.699967,101.537545,0,0,0,0,0,0,0,0,290,180,forward,0,0,263.0,1.7000345312194902,101.53756959017647,1.1,6.0
10:24:34,1.699966,101.537546,0,0,0,0,0,0,0,0,290,180,forward,0,0,263.0,1.7000335312194903,101.53757059017647,1.0,323.0
10:24:36,1.699966,101.537546,0,0,0,0,0,0,0,0,290,180,forward,0,0,263.0,1.7000335312194903,101.53757059017647,1.0,25.0
10:24:39,1.699966,101.537546,0,0,0,0,0,0,0,0,290,180,forward,0,0,263.0,1.7000335312194903,101.53757059017647,1.0,67.0
10:24:41,1.699966,101.537547,0,0,0,0,0,0,0,0,290,180,forward,0,0,263.0,1.7000335312194903,101.53757159017647,1.1,94.0
10:24:43,1.699966,101.537547,0,0,0,0,0,0,0,0,290,180,forward,0,0,263.0,1.7000335312194903,101.53757159017647,0.9,55.0
10:24:45,1.699966,101.537547,0,0,0,0,0,0,0,0,290,180,forward,0,0,263.0,1.7000335312194903,101.53757159017647,0.9,58.0
10:24:47,1.699965,101.537547,0,0,0,0,0,0,0,0,290,180,forward,0,0,263.0,1.7000325312194902,101.53757159017646,0.9,114.0
10:24:50,1.699965,101.537547,0,0,0,0,0,0,0,0,290,180,forward,0,0,263.0,1.7000325312194902,101.53757159017646,1.1,129.0
10:24:52,1.699965,101.537547,0,0,0,0,0,0,0,0,290,180,forward,0,0,263.0,1.7000325312194902,101.53757159017646,1.1,102.0
10:24:54,1.699964,101.537546,0,0,0,0,0,0,0,0,290,180,forward,0,0,263.0,1.7000315312194902,101.53757059017644,0.9,110.0
10:24:56,1.699964,101.537546,0,0,0,0,0,0,0,0,290,180,forward,0,0,263.0,1.7000315312194902,101.53757059017644,0.8,68.0
10:24:58,1.699964,101.537546,0,0,0,0,0,0,0,0,290,180,forward,0,0,263.0,1.7000315312194902,101.53757059017644,1.2,70.0
10:25:00,1.699964,101.537546,0,0,0,0,0,0,0,0,290,180,forward,0,0,263.0,1.7000315312194902,101.53757059017644,1.0,101.0
10:25:03,1.699964,101.537546,0,0,0,0,0,0,0,0,290,180,forward,0,0,263.0,1.7000315312194902,101.53757059017644,0.7,61.0
10:25:05,1.699964,101.537546,0,0,0,0,0,0,0,0,290,180,forward,0,0,263.0,1.7000315312194902,101.53757059017644,0.7,64.0
10:25:07,1.699963,101.537546,0,0,0,0,0,0,0,0,290,180,forward,0,0,263.0,1.70003053121949,101.53757059017643,1.1,110.0
10:25:09,1.699963,101.537546,0,0,0,0,0,0,0,0,290,180,forward,0,0,263.0,1.70003053121949,101.53757059017643,1.1,123.0
10:25:11,1.699963,101.537546,0,0,0,0,0,0,0,0,290,180,forward,0,0,263.0,1.70003053121949,101.53757059017643,1.1,198.0
10:25:13,1.699963,101.537546,0,0,0,0,0,0,0,0,290,180,forward,0,0,263.0,1.70003053121949,101.53757059017643,1.1,138.0
10:25:15,1.699963,101.537546,0,0,0,0,0,0,0,0,290,180,forward,0,0,263.0,1.70003053121949,101.53757059017643,1.2,215.0
10:25:17,1.699963,101.537546,0,0,0,0,0,0,0,0,290,180,forward,0,0,263.0,1.70003053121949,101.53757059017643,1.1,215.0
10:25:20,1.699963,101.537546,0,0,0,0,0,0,0,0,290,180,forward,0,0,263.0,1.70003053121949,101.53757059017643,0.9,203.0
10:25:22,1.699963,101.537546,0,0,0,0,0,0,0,0,290,180,forward,0,0,263.0,1.70003053121949,101.53757059017643,0.8,216.0
10:25:24,1.699962,101.537546,0,0,0,0,0,0,0,0,290,180,forward,0,0,263.0,1.7000295312194902,101.53757059017641,0.8,207.0
10:25:26,1.699962,101.537546,0,0,0,0,0,0,0,0,290,180,forward,0,0,263.0,1.7000295312194902,101.53757059017641,1.2,92.0
10:25:28,1.699962,101.537547,0,0,0,0,0,0,0,0,290,180,forward,0,0,263.0,1.7000295312194902,101.53757159017641,1.2,102.0
10:25:30,1.699961,101.537547,0,0,0,0,0,0,0,0,290,180,forward,0,0,263.0,1.7000285312194903,101.5375715901764,1.2,233.0
10:25:32,1.699961,101.537547,0,0,0,0,0,0,0,0,290,180,forward,0,0,263.0,1.7000285312194903,101.5375715901764,1.4,205.0
10:25:35,1.699961,101.537547,0,0,0,0,0,0,0,0,290,180,forward,0,0,263.0,1.7000285312194903,101.5375715901764,1.8,188.0
10:25:37,1.699961,101.537548,0,0,0,0,0,0,0,0,290,180,forward,0,0,263.0,1.7000285312194903,101.5375725901764,1.3,165.0
10:25:39,1.69996,101.537548,0,0,0,0,0,0,0,0,290,180,forward,0,0,263.0,1.7000275312194901,101.53757259017638,1.2,227.0
10:25:41,1.69996,101.537549,0,0,0,0,0,0,0,0,290,180,forward,0,0,263.0,1.7000275312194901,101.53757359017638,1.1,340.0
10:25:43,1.69996,101.53755,0,0,0,0,0,0,0,0,290,180,forward,0,0,263.0,1.7000275312194901,101.53757459017638,1.0,350.0
10:25:45,1.69996,101.53755,0,0,0,0,0,0,0,0,290,180,forward,0,0,263.0,1.7000275312194901,101.53757459017638,0.7,344.0
10:25:48,1.69996,101.53755,0,0,0,0,0,0,0,0,290,180,forward,0,0,263.0,1.7000275312194901,101.53757459017638,0.7,212.0
10:25:50,1.69996,101.537551,0,0,0,0,0,0,0,0,290,180,forward,0,0,263.0,1.7000275312194901,101.53757559017637,0.7,195.0
10:25:52,1.699959,101.537551,0,0,0,0,0,0,0,0,290,180,forward,0,0,263.0,1.7000265312194902,101.53757559017637,0.6,195.0
10:25:54,1.699959,101.537552,0,0,0,0,0,0,0,0,290,180,forward,0,0,263.0,1.7000265312194902,101.53757659017639,0.9,202.0
10:25:56,1.69996,101.537552,0,0,0,0,0,0,0,0,290,180,forward,0,0,263.0,1.7000275312194901,101.53757659017639,0.8,303.0
10:25:58,1.69996,101.537553,0,0,0,0,0,0,0,0,290,180,forward,0,0,263.0,1.7000275312194901,101.53757759017638,0.8,311.0
10:26:00,1.69996,101.537553,0,0,0,0,0,0,0,0,290,180,forward,0,0,263.0,1.7000275312194901,101.53757759017638,1.2,312.0
10:26:03,1.69996,101.537553,0,0,0,0,0,0,0,0,290,180,forward,0,0,263.0,1.7000275312194901,101.53757759017638,1.1,306.0
10:26:05,1.69996,101.537553,0,0,0,0,0,0,0,0,290,180,forward,0,0,263.0,1.7000275312194901,101.53757759017638,1.2,33.0
10:26:07,1.69996,101.537553,0,0,0,0,0,0,0,0,290,180,forward,0,0,263.0,1.7000275312194901,101.53757759017638,1.2,81.0
10:26:09,1.69996,101.537553,0,0,0,0,0,0,0,0,290,180,forward,0,0,263.0,1.7000275312194901,101.53757759017638,1.1,185.0
10:26:11,1.69996,101.537554,0,0,0,0,0,0,0,0,290,180,forward,0,0,263.0,1.7000275312194901,101.53757859017638,1.3,191.0
10:26:13,1.699961,101.537554,0,0,0,0,0,0,0,0,290,180,forward,0,0,263.0,1.7000285312194903,101.5375785901764,1.2,227.0
10:26:15,1.699961,101.537554,0,0,0,0,0,0,0,0,290,180,forward,0,0,263.0,1.7000285312194903,101.5375785901764,1.2,186.0
10:26:18,1.699962,101.537553,0,0,0,0,0,0,0,0,290,180,forward,0,0,263.0,1.7000295312194902,101.53757759017641,1.1,282.0
10:26:20,1.699962,101.537553,0,0,0,0,0,0,0,0,290,180,forward,0,0,263.0,1.7000295312194902,101.53757759017641,0.9,7.0
10:26:22,1.699962,101.537553,0,0,0,0,0,0,0,0,290,180,forward,0,0,263.0,1.7000295312194902,101.53757759017641,0.8,31.0
10:26:24,1.699963,101.537553,0,0,0,0,0,0,0,0,290,180,forward,0,0,263.0,1.70003053121949,101.53757759017643,0.9,42.0
10:26:26,1.699963,101.537554,0,0,0,0,0,0,0,0,290,180,forward,0,0,263.0,1.70003053121949,101.53757859017642,1.3,110.0
10:26:28,1.699963,101.537554,0,0,0,0,0,0,0,0,290,180,forward,0,0,263.0,1.70003053121949,101.53757859017642,1.6,212.0
10:26:31,1.699963,101.537554,0,0,0,0,0,0,0,0,290,180,forward,0,0,263.0,1.70003053121949,101.53757859017642,1.3,113.0
10:26:33,1.699963,101.537553,0,0,0,0,0,0,0,0,290,180,forward,0,0,263.0,1.70003053121949,101.53757759017643,1.0,164.0
10:26:35,1.699963,101.537553,0,0,0,0,0,0,0,0,290,180,forward,0,0,263.0,1.70003053121949,101.53757759017643,0.9,165.0
10:26:37,1.699963,101.537553,0,0,0,0,0,0,0,0,290,180,forward,0,0,263.0,1.70003053121949,101.53757759017643,1.0,147.0
10:26:39,1.699964,101.537553,0,0,0,0,0,0,0,0,290,180,forward,0,0,263.0,1.7000315312194902,101.53757759017644,1.0,107.0
10:26:41,1.699964,101.537553,0,0,0,0,0,0,0,0,291,180,forward,0,0,263.0,1.7000310919652861,101.53757876553247,0.8,104.0
10:26:44,1.699964,101.537553,0,0,0,0,0,0,0,0,290,180,forward,0,0,263.0,1.7000315312194902,101.53757759017644,0.6,196.0
10:26:46,1.699964,101.537552,0,0,0,0,0,0,0,0,290,180,forward,0,0,263.0,1.7000315312194902,101.53757659017644,0.6,131.0
10:26:48,1.699965,101.537552,0,0,0,0,0,0,0,0,290,180,forward,0,0,263.0,1.7000325312194902,101.53757659017646,1.0,230.0
10:26:50,1.699965,101.537552,0,0,0,0,0,0,0,0,290,180,forward,0,0,263.0,1.7000325312194902,101.53757659017646,1.0,157.0
10:26:52,1.699966,101.537551,0,0,0,0,0,0,0,0,290,180,forward,0,0,263.0,1.7000335312194903,101.53757559017646,1.2,73.0
10:26:54,1.699966,101.537552,0,0,0,0,0,0,0,0,290,180,forward,0,0,263.0,1.7000335312194903,101.53757659017647,1.2,94.0
10:26:56,1.699966,101.537552,0,0,0,0,0,0,0,0,290,180,forward,0,0,263.0,1.7000335312194903,101.53757659017647,0.9,100.0
10:26:59,1.699967,101.537552,0,0,0,0,0,0,0,0,290,180,forward,0,0,263.0,1.7000345312194902,101.53757659017649,1.0,48.0
10:27:01,1.699967,101.537552,0,0,0,0,0,0,0,0,290,180,forward,0,0,263.0,1.7000345312194902,101.53757659017649,0.6,142.0
10:27:03,1.699967,101.537552,0,0,0,0,0,0,0,0,290,180,forward,0,0,263.0,1.7000345312194902,101.53757659017649,0.7,108.0
10:27:05,1.699967,101.537553,0,0,0,0,0,0,0,0,290,180,forward,0,0,263.0,1.7000345312194902,101.53757759017648,0.7,90.0
10:27:07,1.699968,101.537553,0,0,0,0,0,0,0,0,290,180,forward,0,0,263.0,1.7000355312194901,101.5375775901765,0.9,51.0
10:27:10,1.699968,101.537553,0,0,0,0,0,0,0,0,290,180,forward,0,0,263.0,1.7000355312194901,101.5375775901765,0.8,56.0
10:27:12,1.699968,101.537553,0,0,0,0,0,0,0,0,291,180,forward,0,0,263.0,1.700035091965286,101.53757876553253,0.7,54.0
10:27:14,1.699968,101.537553,0,0,0,0,0,0,0,0,290,180,forward,0,0,263.0,1.7000355312194901,101.5375775901765,0.7,216.0
10:27:16,1.699968,101.537553,0,0,0,0,0,0,0,0,290,180,forward,0,0,263.0,1.7000355312194901,101.5375775901765,0.6,76.0
10:27:18,1.699968,101.537553,0,0,0,0,0,0,0,0,290,180,forward,0,0,263.0,1.7000355312194901,101.5375775901765,0.6,55.0
10:27:20,1.699968,101.537553,0,0,0,0,0,0,0,0,290,180,forward,0,0,263.0,1.7000355312194901,101.5375775901765,0.6,152.0
10:27:23,1.699968,101.537553,0,0,0,0,0,0,0,0,290,180,forward,0,0,263.0,1.7000355312194901,101.5375775901765,0.8,179.0
10:27:25,1.699968,101.537554,0,0,0,0,0,0,0,0,290,180,forward,0,0,263.0,1.7000355312194901,101.5375785901765,1.2,175.0
10:27:27,1.699968,101.537554,0,0,0,0,0,0,0,0,290,180,forward,0,0,263.0,1.7000355312194901,101.5375785901765,1.1,157.0
10:27:29,1.699968,101.537555,0,0,0,0,0,0,0,0,290,180,forward,0,0,263.0,1.7000355312194901,101.53757959017649,1.0,137.0
10:27:31,1.699968,101.537555,0,0,0,0,0,0,0,0,290,180,forward,0,0,263.0,1.7000355312194901,101.53757959017649,1.0,143.0
10:27:33,1.699968,101.537555,0,0,0,0,0,0,0,0,291,180,forward,0,0,263.0,1.700035091965286,101.53758076553252,1.0,97.0
10:27:35,1.699968,101.537555,0,0,0,0,0,0,0,0,290,180,forward,0,0,263.0,1.7000355312194901,101.53757959017649,1.4,110.0
10:27:37,1.699968,101.537556,0,0,0,0,0,0,0,0,290,180,forward,0,0,263.0,1.7000355312194901,101.53758059017649,1.1,74.0
10:27:40,1.699967,101.537556,0,0,0,0,0,0,0,0,290,180,forward,0,0,263.0,1.7000345312194902,101.53758059017647,1.1,38.0
10:27:42,1.699968,101.537556,0,0,0,0,0,0,0,0,290,180,forward,0,0,263.0,1.7000355312194901,101.53758059017649,0.9,353.0
10:27:44,1.699968,101.537556,0,0,0,0,0,0,0,0,290,180,forward,0,0,263.0,1.7000355312194901,101.53758059017649,1.5,77.0
10:27:46,1.699968,101.537556,0,0,0,0,0,0,0,0,290,180,forward,0,0,263.0,1.7000355312194901,101.53758059017649,1.0,61.0
10:27:48,1.699968,101.537556,0,0,0,0,0,0,0,0,291,180,forward,0,0,263.0,1.700035091965286,101.53758176553252,1.4,61.0
10:27:50,1.699968,101.537556,0,0,0,0,0,0,0,0,290,180,forward,0,0,263.0,1.7000355312194901,101.53758059017649,1.4,275.0
10:27:53,1.699968,101.537556,0,0,0,0,0,0,0,0,290,180,forward,0,0,263.0,1.7000355312194901,101.53758059017649,1.2,316.0
10:27:55,1.699968,101.537556,0,0,0,0,0,0,0,0,290,180,forward,0,0,263.0,1.7000355312194901,101.53758059017649,1.2,197.0
10:27:57,1.699968,101.537555,0,0,0,0,0,0,0,0,290,180,forward,0,0,263.0,1.7000355312194901,101.53757959017649,1.2,314.0
10:27:59,1.699968,101.537555,0,0,0,0,0,0,0,0,291,180,forward,0,0,263.0,1.700035091965286,101.53758076553252,1.2,253.0
10:28:01,1.699969,101.537555,0,0,0,0,0,0,0,0,290,180,forward,0,0,263.0,1.7000365312194903,101.53757959017649,1.2,272.0
10:28:03,1.699969,101.537555,0,0,0,0,0,0,0,0,290,180,forward,0,0,263.0,1.7000365312194903,101.53757959017649,1.1,242.0
10:28:05,1.699969,101.537555,0,0,0,0,0,0,0,0,290,180,forward,0,0,263.0,1.7000365312194903,101.53757959017649,1.0,110.0
10:28:07,1.699969,101.537555,0,0,0,0,0,0,0,0,290,180,forward,0,0,263.0,1.7000365312194903,101.53757959017649,0.9,132.0
10:28:10,1.699969,101.537555,0,0,0,0,0,0,0,0,290,180,forward,0,0,263.0,1.7000365312194903,101.53757959017649,0.7,110.0
10:28:12,1.699969,101.537555,0,0,0,0,0,0,0,0,290,180,forward,0,0,263.0,1.7000365312194903,101.53757959017649,0.9,110.0
10:28:14,1.69997,101.537555,0,0,0,0,0,0,0,0,290,180,forward,0,0,263.0,1.7000375312194902,101.5375795901765,1.0,149.0
10:28:16,1.69997,101.537555,0,0,0,0,0,0,0,0,290,180,forward,0,0,263.0,1.7000375312194902,101.5375795901765,1.2,157.0
10:28:18,1.69997,101.537555,0,0,0,0,0,0,0,0,290,180,forward,0,0,263.0,1.7000375312194902,101.5375795901765,1.2,183.0
10:28:21,1.69997,101.537555,0,0,0,0,0,0,0,0,290,180,forward,0,0,263.0,1.7000375312194902,101.5375795901765,1.1,175.0
10:28:23,1.69997,101.537554,0,0,0,0,0,0,0,0,290,180,forward,0,0,263.0,1.7000375312194902,101.53757859017651,1.5,167.0
10:28:25,1.69997,101.537554,0,0,0,0,0,0,0,0,290,180,forward,0,0,263.0,1.7000375312194902,101.53757859017651,1.2,112.0
10:28:27,1.69997,101.537553,0,0,0,0,0,0,0,0,290,180,forward,0,0,263.0,1.7000375312194902,101.53757759017651,1.2,161.0
10:28:29,1.69997,101.537553,0,0,0,0,0,0,0,0,290,180,forward,0,0,263.0,1.7000375312194902,101.53757759017651,1.2,158.0
10:28:32,1.69997,101.537553,0,0,0,0,0,0,0,0,290,180,forward,0,0,263.0,1.7000375312194902,101.53757759017651,1.1,185.0
10:28:34,1.69997,101.537553,0,0,0,0,0,0,0,0,290,180,forward,0,0,263.0,1.7000375312194902,101.53757759017651,1.1,164.0
10:28:36,1.69997,101.537552,0,0,0,0,0,0,0,0,290,180,forward,0,0,263.0,1.7000375312194902,101.53757659017651,0.9,190.0
10:28:38,1.69997,101.537552,0,0,0,0,0,0,0,0,290,180,forward,0,0,263.0,1.7000375312194902,101.53757659017651,1.1,130.0
10:28:40,1.69997,101.537552,0,0,0,0,0,0,0,0,290,180,forward,0,0,263.0,1.7000375312194902,101.53757659017651,1.0,74.0
10:28:42,1.69997,101.537551,0,0,0,0,0,0,0,0,290,180,forward,0,0,263.0,1.7000375312194902,101.5375755901765,0.7,98.0
10:28:44,1.69997,101.537551,0,0,0,0,0,0,0,0,290,180,forward,0,0,263.0,1.7000375312194902,101.5375755901765,1.1,82.0
10:28:46,1.69997,101.537551,0,0,0,0,0,0,0,0,290,180,forward,0,0,263.0,1.7000375312194902,101.5375755901765,1.3,101.0
10:28:48,1.69997,101.537551,0,0,0,0,0,0,0,0,290,180,forward,0,0,263.0,1.7000375312194902,101.5375755901765,1.3,105.0
10:28:51,1.69997,101.537551,0,0,0,0,0,0,0,0,290,180,forward,0,0,263.0,1.7000375312194902,101.5375755901765,0.9,106.0
10:28:53,1.69997,101.537551,0,0,0,0,0,0,0,0,290,180,forward,0,0,263.0,1.7000375312194902,101.5375755901765,0.9,100.0
10:28:55,1.69997,101.537551,0,0,0,0,0,0,0,0,290,180,forward,0,0,263.0,1.7000375312194902,101.5375755901765,1.0,278.0
10:28:57,1.69997,101.537551,0,0,0,0,0,0,0,0,290,180,forward,0,0,263.0,1.7000375312194902,101.5375755901765,0.9,185.0
10:28:59,1.69997,101.537551,0,0,0,0,0,0,0,0,290,180,forward,0,0,263.0,1.7000375312194902,101.5375755901765,1.2,171.0
10:29:02,1.699971,101.537552,0,0,0,0,0,0,0,0,290,180,forward,0,0,263.0,1.7000385312194901,101.53757659017653,1.3,170.0
10:29:04,1.699971,101.537552,0,0,0,0,0,0,0,0,291,180,forward,0,0,263.0,1.700038091965286,101.53757776553257,1.2,168.0
10:29:06,1.699971,101.537552,0,0,0,0,0,0,0,0,290,180,forward,0,0,263.0,1.7000385312194901,101.53757659017653,1.2,159.0
10:29:08,1.699971,101.537553,0,0,0,0,0,0,0,0,290,180,forward,0,0,263.0,1.7000385312194901,101.53757759017653,1.2,128.0
10:29:10,1.699971,101.537553,0,0,0,0,0,0,0,0,290,180,forward,0,0,263.0,1.7000385312194901,101.53757759017653,1.1,150.0
10:29:13,1.699972,101.537554,0,0,0,0,0,0,0,0,290,180,forward,0,0,263.0,1.7000395312194903,101.53757859017654,1.1,119.0
10:29:15,1.699972,101.537555,0,0,0,0,0,0,0,0,290,180,forward,0,0,263.0,1.7000395312194903,101.53757959017653,1.4,230.0
10:29:17,1.699972,101.537555,0,0,0,0,0,0,0,0,290,180,forward,0,0,263.0,1.7000395312194903,101.53757959017653,1.2,220.0
10:29:19,1.699972,101.537556,0,0,0,0,0,0,0,0,290,180,forward,0,0,263.0,1.7000395312194903,101.53758059017653,0.6,126.0
10:29:21,1.699972,101.537557,0,0,0,0,0,0,0,0,290,180,forward,0,0,263.0,1.7000395312194903,101.53758159017654,0.9,215.0
10:29:23,1.699972,101.537558,0,0,0,0,0,0,0,0,290,180,forward,0,0,263.0,1.7000395312194903,101.53758259017654,1.0,113.0
10:29:25,1.699972,101.537558,0,0,0,0,0,0,0,0,290,180,forward,0,0,263.0,1.7000395312194903,101.53758259017654,1.0,66.0
10:29:28,1.699972,101.537559,0,0,0,0,0,0,0,0,291,180,forward,0,0,263.0,1.7000390919652861,101.53758476553259,1.0,68.0
10:29:30,1.699973,101.537559,0,0,0,0,0,0,0,0,291,180,forward,0,0,263.0,1.700040091965286,101.5375847655326,0.7,202.0
10:29:32,1.699973,101.537559,0,0,0,0,0,0,0,0,290,180,forward,0,0,263.0,1.7000405312194902,101.53758359017655,1.1,314.0
10:29:34,1.699973,101.537559,0,0,0,0,0,0,0,0,290,180,forward,0,0,263.0,1.7000405312194902,101.53758359017655,1.2,284.0
10:29:36,1.699973,101.537559,0,0,0,0,0,0,0,0,290,180,forward,0,0,263.0,1.7000405312194902,101.53758359017655,1.2,25.0
10:29:38,1.699973,101.537558,0,0,0,0,0,0,0,0,290,180,forward,0,0,263.0,1.7000405312194902,101.53758259017656,1.2,341.0
10:29:40,1.699973,101.537558,0,0,0,0,0,0,0,0,290,180,forward,0,0,263.0,1.7000405312194902,101.53758259017656,1.0,336.0
10:29:42,1.699973,101.537557,0,0,0,0,0,0,0,0,290,180,forward,0,0,263.0,1.7000405312194902,101.53758159017656,1.3,51.0
10:29:45,1.699973,101.537556,0,0,0,0,0,0,0,0,290,180,forward,0,0,263.0,1.7000405312194902,101.53758059017655,1.1,346.0
10:29:47,1.699972,101.537555,0,0,0,0,0,0,0,0,290,180,forward,0,0,263.0,1.7000395312194903,101.53757959017653,1.2,327.0
10:29:49,1.699972,101.537554,0,0,0,0,0,0,0,0,290,180,forward,0,0,263.0,1.7000395312194903,101.53757859017654,1.2,336.0
10:29:51,1.699972,101.537553,0,0,0,0,0,0,0,0,290,180,forward,0,0,263.0,1.7000395312194903,101.53757759017654,1.1,284.0
10:29:53,1.699972,101.537553,0,0,0,0,0,0,0,0,290,180,forward,0,0,263.0,1.7000395312194903,101.53757759017654,1.0,283.0
10:29:55,1.699972,101.537552,0,0,0,0,0,0,0,0,290,180,forward,0,0,263.0,1.7000395312194903,101.53757659017654,0.9,208.0
10:29:58,1.699972,101.537551,0,0,0,0,0,0,0,0,290,180,forward,0,0,263.0,1.7000395312194903,101.53757559017653,0.7,349.0
10:30:00,1.699971,101.53755,0,0,0,0,0,0,0,0,290,180,forward,0,0,263.0,1.7000385312194901,101.53757459017652,0.8,356.0
10:30:02,1.699971,101.537548,0,0,0,0,0,0,0,0,290,180,forward,0,0,263.0,1.7000385312194901,101.53757259017652,0.6,246.0
10:30:04,1.699971,101.537547,0,0,0,0,0,0,0,0,290,180,forward,0,0,263.0,1.7000385312194901,101.53757159017653,1.2,7.0
10:30:06,1.699971,101.537546,0,0,0,0,0,0,0,0,290,180,forward,0,0,263.0,1.7000385312194901,101.53757059017653,1.3,25.0
10:30:08,1.69997,101.537545,0,0,0,0,0,0,0,0,290,180,forward,0,0,263.0,1.7000375312194902,101.5375695901765,1.0,88.0
10:30:11,1.69997,101.537544,0,0,0,0,0,0,0,0,290,180,forward,0,0,263.0,1.7000375312194902,101.5375685901765,1.1,59.0
10:30:13,1.699969,101.537543,0,0,0,0,0,0,0,0,290,180,forward,0,0,263.0,1.7000365312194903,101.5375675901765,1.3,19.0
10:30:15,1.699969,101.537543,0,0,0,0,0,0,0,0,290,180,forward,0,0,263.0,1.7000365312194903,101.5375675901765,1.1,33.0
10:30:17,1.699969,101.537543,0,0,0,0,0,0,0,0,290,180,forward,0,0,263.0,1.7000365312194903,101.5375675901765,1.3,88.0
10:30:19,1.699969,101.537542,0,0,0,0,0,0,0,0,290,180,forward,0,0,263.0,1.7000365312194903,101.5375665901765,1.3,150.0
10:30:22,1.699968,101.537542,0,0,0,0,0,0,0,0,290,180,forward,0,0,263.0,1.7000355312194901,101.5375665901765,1.4,95.0
10:30:24,1.699968,101.537542,0,0,0,0,0,0,0,0,290,180,forward,0,0,263.0,1.7000355312194901,101.5375665901765,1.2,108.0
10:30:26,1.699968,101.537541,0,0,0,0,0,0,0,0,290,180,forward,0,0,263.0,1.7000355312194901,101.5375655901765,1.2,72.0
10:30:28,1.699968,101.537541,0,0,0,0,0,0,0,0,290,180,forward,0,0,263.0,1.7000355312194901,101.5375655901765,1.0,281.0
10:30:30,1.699967,101.53754,0,0,0,0,0,0,0,0,290,180,forward,0,0,263.0,1.7000345312194902,101.53756459017649,1.1,92.0
10:30:32,1.699967,101.53754,0,0,0,0,0,0,0,0,291,180,forward,0,0,263.0,1.700034091965286,101.53756576553252,1.3,117.0
10:30:34,1.699966,101.537539,0,0,0,0,0,0,0,0,290,180,forward,0,0,263.0,1.7000335312194903,101.53756359017646,1.3,155.0
10:30:36,1.699966,101.537539,0,0,0,0,0,0,0,0,290,180,forward,0,0,263.0,1.7000335312194903,101.53756359017646,1.5,141.0
10:30:39,1.699965,101.53754,0,0,0,0,0,0,0,0,290,180,forward,0,0,263.0,1.7000325312194902,101.53756459017646,1.4,46.0
10:30:41,1.699965,101.53754,0,0,0,0,0,0,0,0,290,180,forward,0,0,263.0,1.7000325312194902,101.53756459017646,1.9,279.0
10:30:43,1.699965,101.53754,0,0,0,0,0,0,0,0,290,180,forward,0,0,263.0,1.7000325312194902,101.53756459017646,1.4,199.0
10:30:45,1.699964,101.537541,0,0,0,0,0,0,0,0,290,180,forward,0,0,263.0,1.7000315312194902,101.53756559017644,1.3,2.0
10:30:47,1.699964,101.537541,0,0,0,0,0,0,0,0,290,180,forward,0,0,263.0,1.7000315312194902,101.53756559017644,1.2,4.0
10:30:49,1.699964,101.537542,0,0,0,0,0,0,0,0,290,180,forward,0,0,263.0,1.7000315312194902,101.53756659017644,1.2,36.0
10:30:52,1.699964,101.537542,0,0,0,0,0,0,0,0,290,180,forward,0,0,263.0,1.7000315312194902,101.53756659017644,0.6,87.0
10:30:54,1.699963,101.537543,0,0,0,0,0,0,0,0,290,180,forward,0,0,263.0,1.70003053121949,101.53756759017642,0.6,38.0
10:30:56,1.699963,101.537543,0,0,0,0,0,0,0,0,290,180,forward,0,0,263.0,1.70003053121949,101.53756759017642,0.8,201.0
10:30:58,1.699963,101.537544,0,0,0,0,0,0,0,0,290,180,forward,0,0,263.0,1.70003053121949,101.53756859017642,0.9,271.0
10:31:00,1.699962,101.537544,0,0,0,0,0,0,0,0,290,180,forward,0,0,263.0,1.7000295312194902,101.5375685901764,0.9,287.0
10:31:02,1.699962,101.537545,0,0,0,0,0,0,0,0,290,180,forward,0,0,263.0,1.7000295312194902,101.5375695901764,0.8,304.0
10:31:05,1.699961,101.537545,0,0,0,0,0,0,0,0,290,180,forward,0,0,263.0,1.7000285312194903,101.53756959017639,0.6,6.0
10:31:07,1.699961,101.537546,0,0,0,0,0,0,0,0,290,180,forward,0,0,263.0,1.7000285312194903,101.5375705901764,1.1,76.0
10:31:09,1.69996,101.537547,0,0,0,0,0,0,0,0,290,180,forward,0,0,263.0,1.7000275312194901,101.53757159017638,1.3,110.0
10:31:11,1.69996,101.537547,0,0,0,0,0,0,0,0,290,180,forward,0,0,263.0,1.7000275312194901,101.53757159017638,1.3,123.0
10:31:13,1.69996,101.537548,0,0,0,0,0,0,0,0,290,180,forward,0,0,263.0,1.7000275312194901,101.53757259017638,1.8,64.0
10:31:16,1.69996,101.537549,0,0,0,0,0,0,0,0,290,180,forward,0,0,263.0,1.7000275312194901,101.53757359017638,1.9,7.0
10:31:18,1.69996,101.53755,0,0,0,0,0,0,0,0,290,180,forward,0,0,263.0,1.7000275312194901,101.53757459017638,1.9,95.0
10:31:20,1.69996,101.53755,0,0,0,0,0,0,0,0,290,180,forward,0,0,263.0,1.7000275312194901,101.53757459017638,1.3,12.0
10:31:22,1.69996,101.537552,0,0,0,0,0,0,0,0,290,180,forward,0,0,263.0,1.7000275312194901,101.53757659017639,1.4,55.0
10:31:24,1.69996,101.537553,0,0,0,0,0,0,0,0,290,180,forward,0,0,263.0,1.7000275312194901,101.53757759017638,2.5,69.0
10:31:26,1.69996,101.537554,0,0,0,0,0,0,0,0,290,180,forward,0,0,263.0,1.7000275312194901,101.53757859017638,2.1,46.0
10:31:28,1.69996,101.537555,0,0,0,0,0,0,0,0,290,180,forward,0,0,263.0,1.7000275312194901,101.53757959017638,1.6,28.0
10:31:31,1.699961,101.537557,0,0,0,0,0,0,0,0,290,180,forward,0,0,263.0,1.7000285312194903,101.5375815901764,1.4,64.0
10:31:33,1.699961,101.537558,0,0,0,0,0,0,0,0,290,180,forward,0,0,263.0,1.7000285312194903,101.5375825901764,2.3,135.0
10:31:35,1.699961,101.537559,0,0,0,0,0,0,0,0,290,180,forward,0,0,263.0,1.7000285312194903,101.5375835901764,1.7,15.0
10:31:37,1.699961,101.537559,0,0,0,0,0,0,0,0,290,180,forward,0,0,263.0,1.7000285312194903,101.5375835901764,1.7,140.0
10:31:39,1.699961,101.53756,0,0,0,0,0,0,0,0,290,180,forward,0,0,263.0,1.7000285312194903,101.5375845901764,1.4,11.0
10:31:42,1.699961,101.537561,0,0,0,0,0,0,0,0,290,180,forward,0,0,263.0,1.7000285312194903,101.53758559017639,1.2,60.0
10:31:44,1.699961,101.537562,0,0,0,0,0,0,0,0,290,180,forward,0,0,263.0,1.7000285312194903,101.53758659017639,1.1,64.0
10:31:46,1.699961,101.537563,0,0,0,0,0,0,0,0,290,180,forward,0,0,263.0,1.7000285312194903,101.5375875901764,1.0,328.0
10:31:48,1.699961,101.537564,0,0,0,0,0,0,0,0,290,180,forward,0,0,263.0,1.7000285312194903,101.5375885901764,1.1,50.0
10:31:50,1.699961,101.537565,0,0,0,0,0,0,0,0,290,180,forward,0,0,263.0,1.7000285312194903,101.5375895901764,1.4,4.0
10:31:52,1.699961,101.537565,0,0,0,0,0,0,0,0,290,180,forward,0,0,263.0,1.7000285312194903,101.5375895901764,1.4,217.0
10:31:55,1.699961,101.537566,0,0,0,0,0,0,0,0,290,180,forward,0,0,263.0,1.7000285312194903,101.53759059017639,1.4,205.0
10:31:57,1.699961,101.537566,0,0,0,0,0,0,0,0,290,180,forward,0,0,263.0,1.7000285312194903,101.53759059017639,1.8,216.0
10:31:59,1.699961,101.537566,0,0,0,0,0,0,0,0,290,180,forward,0,0,263.0,1.7000285312194903,101.53759059017639,1.7,88.0
10:32:01,1.699961,101.537566,0,0,0,0,0,0,0,0,290,180,forward,0,0,263.0,1.7000285312194903,101.53759059017639,1.5,73.0
10:32:03,1.699961,101.537566,0,0,0,0,0,0,0,0,290,180,forward,0,0,263.0,1.7000285312194903,101.53759059017639,1.5,53.0
10:32:05,1.699961,101.537566,0,0,0,0,0,0,0,0,290,180,forward,0,0,263.0,1.7000285312194903,101.53759059017639,1.2,28.0
10:32:07,1.699961,101.537566,0,0,0,0,0,0,0,0,290,180,forward,0,0,263.0,1.7000285312194903,101.53759059017639,1.4,336.0
10:32:10,1.699962,101.537565,0,0,0,0,0,0,0,0,290,180,forward,0,0,263.0,1.7000295312194902,101.53758959017641,1.5,97.0
10:32:12,1.699962,101.537565,0,0,0,0,0,0,0,0,290,180,forward,0,0,263.0,1.7000295312194902,101.53758959017641,1.9,353.0
10:32:14,1.699962,101.537565,0,0,0,0,0,0,0,0,290,180,forward,0,0,263.0,1.7000295312194902,101.53758959017641,1.7,110.0
10:32:16,1.699962,101.537565,0,0,0,0,0,0,0,0,290,180,forward,0,0,263.0,1.7000295312194902,101.53758959017641,1.6,37.0
10:32:18,1.699963,101.537565,0,0,0,0,0,0,0,0,290,180,forward,0,0,263.0,1.70003053121949,101.53758959017642,1.6,278.0
10:32:20,1.699963,101.537564,0,0,0,0,0,0,0,0,290,180,forward,0,0,263.0,1.70003053121949,101.53758859017643,1.7,199.0
10:32:23,1.699963,101.537564,0,0,0,0,0,0,0,0,291,180,forward,0,0,263.0,1.700030091965286,101.53758976553246,1.5,36.0
10:32:25,1.699963,101.537563,0,0,0,0,0,0,0,0,290,180,forward,0,0,263.0,1.70003053121949,101.53758759017643,1.2,140.0
10:32:27,1.699963,101.537562,0,0,0,0,0,0,0,0,290,180,forward,0,0,263.0,1.70003053121949,101.53758659017642,1.2,146.0
10:32:29,1.699963,101.537561,0,0,0,0,0,0,0,0,290,180,forward,0,0,263.0,1.70003053121949,101.53758559017642,1.4,196.0
10:32:31,1.699964,101.53756,0,0,0,0,0,0,0,0,290,180,forward,0,0,263.0,1.7000315312194902,101.53758459017644,1.2,96.0
10:32:33,1.699964,101.53756,0,0,0,0,0,0,0,0,290,180,forward,0,0,263.0,1.7000315312194902,101.53758459017644,1.4,342.0
10:32:36,1.699964,101.537559,0,0,0,0,0,0,0,0,290,180,forward,0,0,263.0,1.7000315312194902,101.53758359017644,1.2,42.0
10:32:38,1.699964,101.537559,0,0,0,0,0,0,0,0,290,180,forward,0,0,263.0,1.7000315312194902,101.53758359017644,1.2,167.0
10:32:40,1.699964,101.537558,0,0,0,0,0,0,0,0,290,180,forward,0,0,263.0,1.7000315312194902,101.53758259017644,1.2,148.0
10:32:42,1.699963,101.537558,0,0,0,0,0,0,0,0,290,180,forward,0,0,263.0,1.70003053121949,101.53758259017643,1.2,177.0
10:32:44,1.699963,101.537557,0,0,0,0,0,0,0,0,290,180,forward,0,0,263.0,1.70003053121949,101.53758159017643,1.0,112.0
10:32:46,1.699963,101.537556,0,0,0,0,0,0,0,0,290,180,forward,0,0,263.0,1.70003053121949,101.53758059017642,0.8,137.0
10:32:48,1.699964,101.537555,0,0,0,0,0,0,0,0,290,180,forward,0,0,263.0,1.7000315312194902,101.53757959017643,1.0,252.0
10:32:51,1.699964,101.537554,0,0,0,0,0,0,0,0,290,180,forward,0,0,263.0,1.7000315312194902,101.53757859017644,1.0,347.0
10:32:53,1.699964,101.537554,0,0,0,0,0,0,0,0,290,180,forward,0,0,263.0,1.7000315312194902,101.53757859017644,1.1,112.0
10:32:55,1.699965,101.537554,0,0,0,0,0,0,0,0,290,180,forward,0,0,263.0,1.7000325312194902,101.53757859017645,1.1,142.0
10:32:57,1.699965,101.537553,0,0,0,0,0,0,0,0,290,180,forward,0,0,263.0,1.7000325312194902,101.53757759017645,1.2,161.0
10:32:59,1.699965,101.537553,0,0,0,0,0,0,0,0,290,180,forward,0,0,263.0,1.7000325312194902,101.53757759017645,0.9,209.0
10:33:01,1.699964,101.537552,0,0,0,0,0,0,0,0,290,180,forward,0,0,263.0,1.7000315312194902,101.53757659017644,0.7,100.0
10:33:03,1.699964,101.537551,0,0,0,0,0,0,0,0,290,180,forward,0,0,263.0,1.7000315312194902,101.53757559017643,1.1,134.0
10:33:06,1.699964,101.537551,0,0,0,0,0,0,0,0,290,180,forward,0,0,263.0,1.7000315312194902,101.53757559017643,1.0,126.0
10:33:08,1.699964,101.53755,0,0,0,0,0,0,0,0,290,180,forward,0,0,263.0,1.7000315312194902,101.53757459017643,0.7,152.0
10:33:10,1.699964,101.53755,0,0,0,0,0,0,0,0,290,180,forward,0,0,263.0,1.7000315312194902,101.53757459017643,1.2,187.0
10:33:12,1.699964,101.53755,0,0,0,0,0,0,0,0,290,180,forward,0,0,263.0,1.7000315312194902,101.53757459017643,1.2,159.0
10:33:14,1.699964,101.53755,0,0,0,0,0,0,0,0,290,180,forward,0,0,263.0,1.7000315312194902,101.53757459017643,1.0,124.0
10:33:16,1.699964,101.53755,0,0,0,0,0,0,0,0,290,180,forward,0,0,263.0,1.7000315312194902,101.53757459017643,1.2,157.0
10:33:19,1.699964,101.537549,0,0,0,0,0,0,0,0,290,180,forward,0,0,263.0,1.7000315312194902,101.53757359017644,1.2,88.0
10:33:21,1.699964,101.53755,0,0,0,0,0,0,0,0,290,180,forward,0,0,263.0,1.7000315312194902,101.53757459017643,1.1,124.0
10:33:23,1.699964,101.53755,0,0,0,0,0,0,0,0,290,180,forward,0,0,263.0,1.7000315312194902,101.53757459017643,1.2,182.0
10:33:25,1.699965,101.53755,0,0,0,0,0,0,0,0,290,180,forward,0,0,263.0,1.7000325312194902,101.53757459017645,1.1,21.0
10:33:27,1.699965,101.537549,0,0,0,0,0,0,0,0,290,180,forward,0,0,263.0,1.7000325312194902,101.53757359017645,1.0,57.0
10:33:29,1.699965,101.537549,0,0,0,0,0,0,0,0,290,180,forward,0,0,263.0,1.7000325312194902,101.53757359017645,1.2,144.0
10:33:31,1.699965,101.53755,0,0,0,0,0,0,0,0,290,180,forward,0,0,263.0,1.7000325312194902,101.53757459017645,1.5,116.0
10:33:34,1.699965,101.53755,0,0,0,0,0,0,0,0,290,180,forward,0,0,263.0,1.7000325312194902,101.53757459017645,1.2,116.0
10:33:36,1.699966,101.537549,0,0,0,0,0,0,0,0,290,180,forward,0,0,263.0,1.7000335312194903,101.53757359017646,1.0,110.0
10:33:38,1.699966,101.537549,0,0,0,0,0,0,0,0,290,180,forward,0,0,263.0,1.7000335312194903,101.53757359017646,0.7,106.0
10:33:40,1.699966,101.537549,0,0,0,0,0,0,0,0,290,180,forward,0,0,263.0,1.7000335312194903,101.53757359017646,0.9,95.0
10:33:42,1.699967,101.537548,0,0,0,0,0,0,0,0,290,180,forward,0,0,263.0,1.7000345312194902,101.53757259017648,1.2,183.0
10:33:45,1.699967,101.537548,0,0,0,0,0,0,0,0,290,180,forward,0,0,263.0,1.7000345312194902,101.53757259017648,1.1,187.0
10:33:47,1.699967,101.537547,0,0,0,0,0,0,0,0,290,180,forward,0,0,263.0,1.7000345312194902,101.53757159017648,1.3,99.0
10:33:49,1.699967,101.537547,0,0,0,0,0,0,0,0,290,180,forward,0,0,263.0,1.7000345312194902,101.53757159017648,1.3,331.0
10:33:51,1.699968,101.537547,0,0,0,0,0,0,0,0,290,180,forward,0,0,263.0,1.7000355312194901,101.5375715901765,1.2,18.0
10:33:53,1.699968,101.537546,0,0,0,0,0,0,0,0,290,180,forward,0,0,263.0,1.7000355312194901,101.5375705901765,1.3,206.0
10:33:55,1.699968,101.537546,0,0,0,0,0,0,0,0,290,180,forward,0,0,263.0,1.7000355312194901,101.5375705901765,1.2,110.0
10:33:58,1.699968,101.537546,0,0,0,0,0,0,0,0,290,180,forward,0,0,263.0,1.7000355312194901,101.5375705901765,1.2,93.0
10:34:00,1.699968,101.537545,0,0,0,0,0,0,0,0,290,180,forward,0,0,263.0,1.7000355312194901,101.53756959017649,1.2,80.0
10:34:02,1.699968,101.537545,0,0,0,0,0,0,0,0,290,180,forward,0,0,263.0,1.7000355312194901,101.53756959017649,1.2,198.0
10:34:04,1.699968,101.537545,0,0,0,0,0,0,0,0,290,180,forward,0,0,263.0,1.7000355312194901,101.53756959017649,1.2,128.0
10:34:06,1.699968,101.537545,0,0,0,0,0,0,0,0,290,180,forward,0,0,263.0,1.7000355312194901,101.53756959017649,1.5,127.0
10:34:08,1.699969,101.537545,0,0,0,0,0,0,0,0,290,180,forward,0,0,263.0,1.7000365312194903,101.53756959017649,1.4,144.0
10:34:10,1.699969,101.537546,0,0,0,0,0,0,0,0,290,180,forward,0,0,263.0,1.7000365312194903,101.5375705901765,1.4,74.0
10:34:12,1.699969,101.537546,0,0,0,0,0,0,0,0,290,180,forward,0,0,263.0,1.7000365312194903,101.5375705901765,1.2,146.0
10:34:15,1.699969,101.537546,0,0,0,0,0,0,0,0,290,180,forward,0,0,263.0,1.7000365312194903,101.5375705901765,1.7,304.0
10:34:17,1.699969,101.537546,0,0,0,0,0,0,0,0,290,180,forward,0,0,263.0,1.7000365312194903,101.5375705901765,1.3,66.0
10:34:19,1.699969,101.537546,0,0,0,0,0,0,0,0,290,180,forward,0,0,263.0,1.7000365312194903,101.5375705901765,1.9,268.0
10:34:21,1.699968,101.537546,0,0,0,0,0,0,0,0,290,180,forward,0,0,263.0,1.7000355312194901,101.5375705901765,2.1,330.0
10:34:23,1.699968,101.537547,0,0,0,0,0,0,0,0,290,180,forward,0,0,263.0,1.7000355312194901,101.5375715901765,1.9,335.0
10:34:26,1.699968,101.537547,0,0,0,0,0,0,0,0,290,180,forward,0,0,263.0,1.7000355312194901,101.5375715901765,1.2,30.0
10:34:28,1.699968,101.537547,0,0,0,0,0,0,0,0,290,180,forward,0,0,263.0,1.7000355312194901,101.5375715901765,1.6,38.0
10:34:30,1.699968,101.537547,0,0,0,0,0,0,0,0,290,180,forward,0,0,263.0,1.7000355312194901,101.5375715901765,1.8,19.0
10:34:32,1.699968,101.537547,0,0,0,0,0,0,0,0,290,180,forward,0,0,263.0,1.7000355312194901,101.5375715901765,1.5,18.0
10:34:34,1.699968,101.537546,0,0,0,0,0,0,0,0,290,180,forward,0,0,263.0,1.7000355312194901,101.5375705901765,1.6,80.0
10:34:37,1.699967,101.537546,0,0,0,0,0,0,0,0,290,180,forward,0,0,263.0,1.7000345312194902,101.53757059017649,1.7,22.0
10:34:39,1.699967,101.537546,0,0,0,0,0,0,0,0,290,180,forward,0,0,263.0,1.7000345312194902,101.53757059017649,1.6,66.0
10:34:41,1.699967,101.537546,0,0,0,0,0,0,0,0,290,180,forward,0,0,263.0,1.7000345312194902,101.53757059017649,1.7,351.0
10:34:43,1.699966,101.537546,0,0,0,0,0,0,0,0,290,180,forward,0,0,263.0,1.7000335312194903,101.53757059017647,1.7,80.0
10:34:45,1.699966,101.537546,0,0,0,0,0,0,0,0,290,180,forward,0,0,263.0,1.7000335312194903,101.53757059017647,1.9,355.0
10:34:48,1.699966,101.537546,0,0,0,0,0,0,0,0,290,180,forward,0,0,263.0,1.7000335312194903,101.53757059017647,1.7,61.0
10:34:50,1.699966,101.537546,0,0,0,0,0,0,0,0,290,180,forward,0,0,263.0,1.7000335312194903,101.53757059017647,1.5,51.0
10:34:52,1.699966,101.537546,0,0,0,0,0,0,0,0,290,180,forward,0,0,263.0,1.7000335312194903,101.53757059017647,1.9,58.0
10:34:54,1.699966,101.537545,0,0,0,0,0,0,0,0,290,180,forward,0,0,263.0,1.7000335312194903,101.53756959017646,2.0,317.0
10:34:56,1.699967,101.537545,0,0,0,0,0,0,0,0,290,180,forward,0,0,263.0,1.7000345312194902,101.53756959017647,1.9,279.0
10:34:58,1.699967,101.537544,0,0,0,0,0,0,0,0,290,180,forward,0,0,263.0,1.7000345312194902,101.53756859017648,1.7,329.0
10:35:01,1.699967,101.537543,0,0,0,0,0,0,0,0,290,180,forward,0,0,263.0,1.7000345312194902,101.53756759017648,1.3,353.0
10:35:03,1.699967,101.537543,0,0,0,0,0,0,0,0,290,180,forward,0,0,263.0,1.7000345312194902,101.53756759017648,1.5,162.0
10:35:05,1.699967,101.537543,0,0,0,0,0,0,0,0,290,180,forward,0,0,263.0,1.7000345312194902,101.53756759017648,1.5,136.0
10:35:07,1.699967,101.537543,0,0,0,0,0,0,0,0,290,180,forward,0,0,263.0,1.7000345312194902,101.53756759017648,1.2,137.0
10:35:09,1.699967,101.537542,0,0,0,0,0,0,0,0,290,180,forward,0,0,263.0,1.7000345312194902,101.53756659017648,1.4,57.0
10:35:11,1.699967,101.537542,0,0,0,0,0,0,0,0,290,180,forward,0,0,263.0,1.7000345312194902,101.53756659017648,1.9,98.0
10:35:14,1.699967,101.537541,0,0,0,0,0,0,0,0,290,180,forward,0,0,263.0,1.7000345312194902,101.53756559017648,1.5,228.0
10:35:16,1.699967,101.537541,0,0,0,0,0,0,0,0,290,180,forward,0,0,263.0,1.7000345312194902,101.53756559017648,1.2,16.0
10:35:18,1.699967,101.537541,0,0,0,0,0,0,0,0,290,180,forward,0,0,263.0,1.7000345312194902,101.53756559017648,1.9,1.0
10:35:20,1.699967,101.537541,0,0,0,0,0,0,0,0,290,180,forward,0,0,263.0,1.7000345312194902,101.53756559017648,2.0,13.0
10:35:22,1.699967,101.537541,0,0,0,0,0,0,0,0,290,180,forward,0,0,263.0,1.7000345312194902,101.53756559017648,1.8,167.0
10:35:24,1.699967,101.53754,0,0,0,0,0,0,0,0,290,180,forward,0,0,263.0,1.7000345312194902,101.53756459017649,1.5,205.0
10:35:26,1.699967,101.537541,0,0,0,0,0,0,0,0,290,180,forward,0,0,263.0,1.7000345312194902,101.53756559017648,1.9,162.0
10:35:29,1.699967,101.537541,0,0,0,0,0,0,0,0,290,180,forward,0,0,263.0,1.7000345312194902,101.53756559017648,1.9,96.0
10:35:31,1.699967,101.537541,0,0,0,0,0,0,0,0,290,180,forward,0,0,263.0,1.7000345312194902,101.53756559017648,1.0,10.0
10:35:33,1.699967,101.537541,0,0,0,0,0,0,0,0,290,180,forward,0,0,263.0,1.7000345312194902,101.53756559017648,0.7,46.0
10:35:35,1.699967,101.537541,0,0,0,0,0,0,0,0,290,180,forward,0,0,263.0,1.7000345312194902,101.53756559017648,0.9,231.0
10:35:37,1.699967,101.53754,0,0,0,0,0,0,0,0,290,180,forward,0,0,263.0,1.7000345312194902,101.53756459017649,1.7,305.0
10:35:39,1.699967,101.53754,0,0,0,0,0,0,0,0,290,180,forward,0,0,263.0,1.7000345312194902,101.53756459017649,1.2,89.0
10:35:42,1.699967,101.53754,0,0,0,0,0,0,0,0,290,180,forward,0,0,263.0,1.7000345312194902,101.53756459017649,1.1,318.0
10:35:44,1.699968,101.53754,0,0,0,0,0,0,0,0,290,180,forward,0,0,263.0,1.7000355312194901,101.5375645901765,1.4,157.0
10:35:46,1.699968,101.537541,0,0,0,0,0,0,0,0,290,180,forward,0,0,263.0,1.7000355312194901,101.5375655901765,1.1,87.0
10:35:48,1.699968,101.537541,0,0,0,0,0,0,0,0,290,180,forward,0,0,263.0,1.7000355312194901,101.5375655901765,1.1,81.0
10:35:50,1.699968,101.537542,0,0,0,0,0,0,0,0,290,180,forward,0,0,263.0,1.7000355312194901,101.5375665901765,0.6,55.0
10:35:52,1.699967,101.537543,0,0,0,0,0,0,0,0,290,180,forward,0,0,263.0,1.7000345312194902,101.53756759017648,1.2,57.0
10:35:55,1.699967,101.537543,0,0,0,0,0,0,0,0,290,180,forward,0,0,263.0,1.7000345312194902,101.53756759017648,0.9,46.0
10:35:57,1.699967,101.537543,0,0,0,0,0,0,0,0,290,180,forward,0,0,263.0,1.7000345312194902,101.53756759017648,1.1,135.0
10:35:59,1.699967,101.537544,0,0,0,0,0,0,0,0,290,180,forward,0,0,263.0,1.7000345312194902,101.53756859017648,1.4,114.0
10:36:01,1.699967,101.537544,0,0,0,0,0,0,0,0,290,180,forward,0,0,263.0,1.7000345312194902,101.53756859017648,0.9,99.0
10:36:03,1.699967,101.537544,0,0,0,0,0,0,0,0,290,180,forward,0,0,263.0,1.7000345312194902,101.53756859017648,0.7,110.0
10:36:05,1.699967,101.537545,0,0,0,0,0,0,0,0,290,180,forward,0,0,263.0,1.7000345312194902,101.53756959017647,1.4,110.0
10:36:08,1.699968,101.537547,0,0,0,0,0,0,0,0,290,180,forward,0,0,263.0,1.7000355312194901,101.5375715901765,1.2,235.0
10:36:10,1.699968,101.537547,0,0,0,0,0,0,0,0,290,180,forward,0,0,263.0,1.7000355312194901,101.5375715901765,1.2,313.0
10:36:12,1.699968,101.537548,0,0,0,0,0,0,0,0,290,180,forward,0,0,263.0,1.7000355312194901,101.5375725901765,1.4,232.0
10:36:14,1.699968,101.537548,0,0,0,0,0,0,0,0,290,180,forward,0,0,263.0,1.7000355312194901,101.5375725901765,1.2,328.0
10:36:16,1.699968,101.537549,0,0,0,0,0,0,0,0,290,180,forward,0,0,263.0,1.7000355312194901,101.53757359017649,1.0,48.0
10:36:19,1.699968,101.537549,0,0,0,0,0,0,0,0,290,180,forward,0,0,263.0,1.7000355312194901,101.53757359017649,1.2,23.0
10:36:21,1.699968,101.537549,0,0,0,0,0,0,0,0,290,180,forward,0,0,263.0,1.7000355312194901,101.53757359017649,0.9,304.0
10:36:23,1.699968,101.53755,0,0,0,0,0,0,0,0,290,180,forward,0,0,263.0,1.7000355312194901,101.53757459017649,1.7,36.0
10:36:25,1.699968,101.53755,0,0,0,0,0,0,0,0,290,180,forward,0,0,263.0,1.7000355312194901,101.53757459017649,1.6,49.0
10:36:27,1.699968,101.537551,0,0,0,0,0,0,0,0,290,180,forward,0,0,263.0,1.7000355312194901,101.53757559017649,1.6,49.0
10:36:29,1.699968,101.537551,0,0,0,0,0,0,0,0,290,180,forward,0,0,263.0,1.7000355312194901,101.53757559017649,1.9,340.0
10:36:31,1.699968,101.537551,0,0,0,0,0,0,0,0,290,180,forward,0,0,263.0,1.7000355312194901,101.53757559017649,1.5,320.0
10:36:34,1.699968,101.537551,0,0,0,0,0,0,0,0,290,180,forward,0,0,263.0,1.7000355312194901,101.53757559017649,1.5,43.0
10:36:36,1.699968,101.537551,0,0,0,0,0,0,0,0,290,180,forward,0,0,263.0,1.7000355312194901,101.53757559017649,1.5,98.0
10:36:38,1.699968,101.537551,0,0,0,0,0,0,0,0,290,180,forward,0,0,263.0,1.7000355312194901,101.53757559017649,1.5,141.0
10:36:40,1.699968,101.537551,0,0,0,0,0,0,0,0,290,180,forward,0,0,263.0,1.7000355312194901,101.53757559017649,1.8,342.0
10:36:42,1.699968,101.537552,0,0,0,0,0,0,0,0,290,180,forward,0,0,263.0,1.7000355312194901,101.5375765901765,1.9,57.0
10:36:44,1.699968,101.537552,0,0,0,0,0,0,0,0,290,180,forward,0,0,263.0,1.7000355312194901,101.5375765901765,1.9,159.0
10:36:46,1.699968,101.537553,0,0,0,0,0,0,0,0,290,180,forward,0,0,263.0,1.7000355312194901,101.5375775901765,2.0,183.0
10:36:48,1.699968,101.537554,0,0,0,0,0,0,0,0,290,180,forward,0,0,263.0,1.7000355312194901,101.5375785901765,2.1,326.0
10:36:50,1.699968,101.537554,0,0,0,0,0,0,0,0,290,180,forward,0,0,263.0,1.7000355312194901,101.5375785901765,1.6,48.0
10:36:53,1.699968,101.537554,0,0,0,0,0,0,0,0,290,180,forward,0,0,263.0,1.7000355312194901,101.5375785901765,1.6,330.0
10:36:55,1.699968,101.537555,0,0,0,0,0,0,0,0,290,180,forward,0,0,263.0,1.7000355312194901,101.53757959017649,1.3,25.0
10:36:57,1.699968,101.537555,0,0,0,0,0,0,0,0,290,180,forward,0,0,263.0,1.7000355312194901,101.53757959017649,1.2,33.0
10:36:59,1.699968,101.537556,0,0,0,0,0,0,0,0,290,180,forward,0,0,263.0,1.7000355312194901,101.53758059017649,1.2,34.0
10:37:01,1.699967,101.537556,0,0,0,0,0,0,0,0,290,180,forward,0,0,263.0,1.7000345312194902,101.53758059017647,1.3,355.0
10:37:03,1.699967,101.537557,0,0,0,0,0,0,0,0,290,180,forward,0,0,263.0,1.7000345312194902,101.53758159017649,1.7,318.0
10:37:06,1.699967,101.537557,0,0,0,0,0,0,0,0,290,180,forward,0,0,263.0,1.7000345312194902,101.53758159017649,1.2,338.0
10:37:08,1.699966,101.537558,0,0,0,0,0,0,0,0,290,180,forward,0,0,263.0,1.7000335312194903,101.53758259017647,0.9,249.0
10:37:10,1.699966,101.537558,0,0,0,0,0,0,0,0,290,180,forward,0,0,263.0,1.7000335312194903,101.53758259017647,1.5,328.0
10:37:12,1.699965,101.537559,0,0,0,0,0,0,0,0,290,180,forward,0,0,263.0,1.7000325312194902,101.53758359017645,1.3,175.0
10:37:14,1.699965,101.537559,0,0,0,0,0,0,0,0,290,180,forward,0,0,263.0,1.7000325312194902,101.53758359017645,2.0,286.0
10:37:16,1.699965,101.53756,0,0,0,0,0,0,0,0,290,180,forward,0,0,263.0,1.7000325312194902,101.53758459017645,1.6,275.0
10:37:19,1.699965,101.53756,0,0,0,0,0,0,0,0,290,180,forward,0,0,263.0,1.7000325312194902,101.53758459017645,1.5,251.0
10:37:21,1.699965,101.53756,0,0,0,0,0,0,0,0,290,180,forward,0,0,263.0,1.7000325312194902,101.53758459017645,1.9,209.0
10:37:23,1.699965,101.537561,0,0,0,0,0,0,0,0,290,180,forward,0,0,263.0,1.7000325312194902,101.53758559017645,1.3,204.0
10:37:25,1.699965,101.537561,0,0,0,0,0,0,0,0,290,180,forward,0,0,263.0,1.7000325312194902,101.53758559017645,2.2,315.0
10:37:27,1.699964,101.537561,0,0,0,0,0,0,0,0,290,180,forward,0,0,263.0,1.7000315312194902,101.53758559017643,1.6,272.0
10:37:30,1.699964,101.537562,0,0,0,0,0,0,0,0,290,180,forward,0,0,263.0,1.7000315312194902,101.53758659017643,1.6,290.0
10:37:32,1.699964,101.537563,0,0,0,0,0,0,0,0,290,180,forward,0,0,263.0,1.7000315312194902,101.53758759017644,1.3,290.0
10:37:34,1.699963,101.537563,0,0,0,0,0,0,0,0,290,180,forward,0,0,263.0,1.70003053121949,101.53758759017643,1.6,327.0
10:37:36,1.699963,101.537563,0,0,0,0,0,0,0,0,290,180,forward,0,0,263.0,1.70003053121949,101.53758759017643,1.8,57.0
10:37:38,1.699963,101.537563,0,0,0,0,0,0,0,0,290,180,forward,0,0,263.0,1.70003053121949,101.53758759017643,1.4,88.0
10:37:40,1.699963,101.537563,0,0,0,0,0,0,0,0,290,180,forward,0,0,263.0,1.70003053121949,101.53758759017643,1.4,54.0
10:37:43,1.699963,101.537563,0,0,0,0,0,0,0,0,290,180,forward,0,0,263.0,1.70003053121949,101.53758759017643,1.8,91.0
10:37:45,1.699963,101.537563,0,0,0,0,0,0,0,0,290,180,forward,0,0,263.0,1.70003053121949,101.53758759017643,2.5,329.0
10:37:47,1.699963,101.537562,0,0,0,0,0,0,0,0,290,180,forward,0,0,263.0,1.70003053121949,101.53758659017642,2.3,313.0
10:37:49,1.699963,101.537562,0,0,0,0,0,0,0,0,290,180,forward,0,0,263.0,1.70003053121949,101.53758659017642,1.8,300.0
10:37:51,1.699963,101.537562,0,0,0,0,0,0,0,0,290,180,forward,0,0,263.0,1.70003053121949,101.53758659017642,1.2,316.0
10:37:54,1.699963,101.537562,0,0,0,0,0,0,0,0,290,180,forward,0,0,263.0,1.70003053121949,101.53758659017642,1.4,75.0
10:37:56,1.699963,101.537562,0,0,0,0,0,0,0,0,290,180,forward,0,0,263.0,1.70003053121949,101.53758659017642,1.2,49.0
10:37:58,1.699963,101.537562,0,0,0,0,0,0,0,0,290,180,forward,0,0,263.0,1.70003053121949,101.53758659017642,1.3,50.0
10:38:00,1.699963,101.537563,0,0,0,0,0,0,0,0,290,180,forward,0,0,263.0,1.70003053121949,101.53758759017643,1.4,110.0
10:38:02,1.699963,101.537563,0,0,0,0,0,0,0,0,290,180,forward,0,0,263.0,1.70003053121949,101.53758759017643,1.3,63.0
10:38:04,1.699963,101.537563,0,0,0,0,0,0,0,0,290,180,forward,0,0,263.0,1.70003053121949,101.53758759017643,1.1,54.0
10:38:06,1.699963,101.537563,0,0,0,0,0,0,0,0,290,180,forward,0,0,263.0,1.70003053121949,101.53758759017643,1.2,69.0
10:38:09,1.699963,101.537563,0,0,0,0,0,0,0,0,290,180,forward,0,0,263.0,1.70003053121949,101.53758759017643,1.2,313.0
10:38:11,1.699963,101.537563,0,0,0,0,0,0,0,0,290,180,forward,0,0,263.0,1.70003053121949,101.53758759017643,1.3,180.0
10:38:13,1.699963,101.537564,0,0,0,0,0,0,0,0,290,180,forward,0,0,263.0,1.70003053121949,101.53758859017643,1.1,186.0
10:38:15,1.699963,101.537564,0,0,0,0,0,0,0,0,290,180,forward,0,0,263.0,1.70003053121949,101.53758859017643,1.0,213.0
10:38:17,1.699963,101.537564,0,0,0,0,0,0,0,0,290,180,forward,0,0,263.0,1.70003053121949,101.53758859017643,1.2,182.0
10:38:19,1.699964,101.537564,0,0,0,0,0,0,0,0,290,180,forward,0,0,263.0,1.7000315312194902,101.53758859017644,1.1,172.0
10:38:21,1.699964,101.537564,0,0,0,0,0,0,0,0,290,180,forward,0,0,263.0,1.7000315312194902,101.53758859017644,1.2,293.0
10:38:24,1.699964,101.537564,0,0,0,0,0,0,0,0,290,180,forward,0,0,263.0,1.7000315312194902,101.53758859017644,1.2,5.0
10:38:26,1.699964,101.537564,0,0,0,0,0,0,0,0,290,180,forward,0,0,263.0,1.7000315312194902,101.53758859017644,1.0,34.0
10:38:28,1.699965,101.537563,0,0,0,0,0,0,0,0,290,180,forward,0,0,263.0,1.7000325312194902,101.53758759017646,0.7,23.0
10:38:30,1.699965,101.537563,0,0,0,0,0,0,0,0,290,180,forward,0,0,263.0,1.7000325312194902,101.53758759017646,1.4,336.0
10:38:32,1.699965,101.537562,0,0,0,0,0,0,0,0,290,180,forward,0,0,263.0,1.7000325312194902,101.53758659017645,2.0,327.0
10:38:34,1.699966,101.537562,0,0,0,0,0,0,0,0,290,180,forward,0,0,263.0,1.7000335312194903,101.53758659017646,1.8,58.0
10:38:36,1.699966,101.537562,0,0,0,0,0,0,0,0,290,180,forward,0,0,263.0,1.7000335312194903,101.53758659017646,1.3,45.0
10:38:39,1.699966,101.537561,0,0,0,0,0,0,0,0,290,180,forward,0,0,263.0,1.7000335312194903,101.53758559017646,1.2,135.0
10:38:41,1.699966,101.537561,0,0,0,0,0,0,0,0,290,180,forward,0,0,263.0,1.7000335312194903,101.53758559017646,1.2,140.0
10:38:43,1.699966,101.53756,0,0,0,0,0,0,0,0,290,180,forward,0,0,263.0,1.7000335312194903,101.53758459017646,1.1,146.0
10:38:45,1.699966,101.53756,0,0,0,0,0,0,0,0,290,180,forward,0,0,263.0,1.7000335312194903,101.53758459017646,1.3,42.0
10:38:47,1.699966,101.537559,0,0,0,0,0,0,0,0,290,180,forward,0,0,263.0,1.7000335312194903,101.53758359017647,1.2,352.0
10:38:49,1.699966,101.537558,0,0,0,0,0,0,0,0,290,180,forward,0,0,263.0,1.7000335312194903,101.53758259017647,1.0,24.0
10:38:51,1.699966,101.537558,0,0,0,0,0,0,0,0,290,180,forward,0,0,263.0,1.7000335312194903,101.53758259017647,0.7,53.0
10:38:53,1.699966,101.537557,0,0,0,0,0,0,0,0,290,180,forward,0,0,263.0,1.7000335312194903,101.53758159017647,1.0,67.0
10:38:55,1.699966,101.537557,0,0,0,0,0,0,0,0,290,180,forward,0,0,263.0,1.7000335312194903,101.53758159017647,1.3,209.0
10:38:57,1.699965,101.537556,0,0,0,0,0,0,0,0,290,180,forward,0,0,263.0,1.7000325312194902,101.53758059017645,1.2,169.0
10:39:00,1.699965,101.537556,0,0,0,0,0,0,0,0,290,180,forward,0,0,263.0,1.7000325312194902,101.53758059017645,1.2,41.0
10:39:02,1.699965,101.537555,0,0,0,0,0,0,0,0,290,180,forward,0,0,263.0,1.7000325312194902,101.53757959017645,1.1,110.0
10:39:04,1.699965,101.537555,0,0,0,0,0,0,0,0,290,180,forward,0,0,263.0,1.7000325312194902,101.53757959017645,1.2,216.0
10:39:06,1.699965,101.537554,0,0,0,0,0,0,0,0,290,180,forward,0,0,263.0,1.7000325312194902,101.53757859017645,1.4,326.0
10:39:08,1.699965,101.537554,0,0,0,0,0,0,0,0,290,180,forward,0,0,263.0,1.7000325312194902,101.53757859017645,1.1,36.0
10:39:10,1.699964,101.537554,0,0,0,0,0,0,0,0,290,180,forward,0,0,263.0,1.7000315312194902,101.53757859017644,0.9,59.0
10:39:13,1.699964,101.537554,0,0,0,0,0,0,0,0,290,180,forward,0,0,263.0,1.7000315312194902,101.53757859017644,1.0,79.0
10:39:15,1.699964,101.537554,0,0,0,0,0,0,0,0,290,180,forward,0,0,263.0,1.7000315312194902,101.53757859017644,1.2,103.0
10:39:17,1.699964,101.537555,0,0,0,0,0,0,0,0,290,180,forward,0,0,263.0,1.7000315312194902,101.53757959017643,1.2,51.0
10:39:19,1.699963,101.537556,0,0,0,0,0,0,0,0,290,180,forward,0,0,263.0,1.70003053121949,101.53758059017642,1.0,12.0
10:39:21,1.699963,101.537556,0,0,0,0,0,0,0,0,290,180,forward,0,0,263.0,1.70003053121949,101.53758059017642,1.1,57.0
10:39:23,1.699963,101.537556,0,0,0,0,0,0,0,0,290,180,forward,0,0,263.0,1.70003053121949,101.53758059017642,1.2,56.0
10:39:25,1.699963,101.537557,0,0,0,0,0,0,0,0,290,180,forward,0,0,263.0,1.70003053121949,101.53758159017643,1.4,273.0
10:39:27,1.699963,101.537558,0,0,0,0,0,0,0,0,290,180,forward,0,0,263.0,1.70003053121949,101.53758259017643,1.4,93.0
10:39:30,1.699963,101.537559,0,0,0,0,0,0,0,0,290,180,forward,0,0,263.0,1.70003053121949,101.53758359017642,1.2,349.0
10:39:32,1.699963,101.53756,0,0,0,0,0,0,0,0,290,180,forward,0,0,263.0,1.70003053121949,101.53758459017642,1.9,330.0
10:39:34,1.699963,101.537561,0,0,0,0,0,0,0,0,290,180,forward,0,0,263.0,1.70003053121949,101.53758559017642,2.0,340.0
10:39:36,1.699963,101.537562,0,0,0,0,0,0,0,0,290,180,forward,0,0,263.0,1.70003053121949,101.53758659017642,1.7,53.0
10:39:38,1.699963,101.537563,0,0,0,0,0,0,0,0,290,180,forward,0,0,263.0,1.70003053121949,101.53758759017643,1.2,356.0
10:39:41,1.699963,101.537563,0,0,0,0,0,0,0,0,290,180,forward,0,0,263.0,1.70003053121949,101.53758759017643,1.2,33.0
10:39:43,1.699963,101.537564,0,0,0,0,0,0,0,0,290,180,forward,0,0,263.0,1.70003053121949,101.53758859017643,1.1,4.0
10:39:45,1.699963,101.537564,0,0,0,0,0,0,0,0,290,180,forward,0,0,263.0,1.70003053121949,101.53758859017643,0.8,133.0
10:39:47,1.699963,101.537565,0,0,0,0,0,0,0,0,290,180,forward,0,0,263.0,1.70003053121949,101.53758959017642,1.2,67.0
10:39:49,1.699963,101.537565,0,0,0,0,0,0,0,0,290,180,forward,0,0,263.0,1.70003053121949,101.53758959017642,1.0,17.0
10:39:52,1.699963,101.537566,0,0,0,0,0,0,0,0,290,180,forward,0,0,263.0,1.70003053121949,101.53759059017642,0.8,18.0
10:39:54,1.699963,101.537566,0,0,0,0,0,0,0,0,290,180,forward,0,0,263.0,1.70003053121949,101.53759059017642,0.9,115.0
10:39:56,1.699964,101.537566,0,0,0,0,0,0,0,0,290,180,forward,0,0,263.0,1.7000315312194902,101.53759059017644,1.1,178.0
10:39:58,1.699964,101.537566,0,0,0,0,0,0,0,0,290,180,forward,0,0,263.0,1.7000315312194902,101.53759059017644,0.9,82.0
10:40:00,1.699963,101.537566,0,0,0,0,0,0,0,0,290,180,forward,0,0,263.0,1.70003053121949,101.53759059017642,0.6,27.0
10:40:02,1.699963,101.537567,0,0,0,0,0,0,0,0,290,180,forward,0,0,263.0,1.70003053121949,101.53759159017642,0.6,68.0
10:40:04,1.699963,101.537567,0,0,0,0,0,0,0,0,290,180,forward,0,0,263.0,1.70003053121949,101.53759159017642,0.7,71.0
10:40:06,1.699963,101.537567,0,0,0,0,0,0,0,0,290,180,forward,0,0,263.0,1.70003053121949,101.53759159017642,1.4,6.0
10:40:08,1.699963,101.537568,0,0,0,0,0,0,0,0,290,180,forward,0,0,263.0,1.70003053121949,101.53759259017642,1.2,277.0
10:40:11,1.699964,101.537568,0,0,0,0,0,0,0,0,290,180,forward,0,0,263.0,1.7000315312194902,101.53759259017643,1.4,330.0
10:40:13,1.699964,101.537568,0,0,0,0,0,0,0,0,290,180,forward,0,0,263.0,1.7000315312194902,101.53759259017643,0.9,78.0
10:40:15,1.699964,101.537567,0,0,0,0,0,0,0,0,290,180,forward,0,0,263.0,1.7000315312194902,101.53759159017643,1.2,312.0
10:40:17,1.699965,101.537567,0,0,0,0,0,0,0,0,290,180,forward,0,0,263.0,1.7000325312194902,101.53759159017645,1.0,191.0
10:40:19,1.699965,101.537567,0,0,0,0,0,0,0,0,290,180,forward,0,0,263.0,1.7000325312194902,101.53759159017645,0.8,345.0
10:40:22,1.699965,101.537567,0,0,0,0,0,0,0,0,290,180,forward,0,0,263.0,1.7000325312194902,101.53759159017645,1.2,98.0
10:40:24,1.699965,101.537567,0,0,0,0,0,0,0,0,290,180,forward,0,0,263.0,1.7000325312194902,101.53759159017645,1.2,93.0
10:40:26,1.699965,101.537567,0,0,0,0,0,0,0,0,290,180,forward,0,0,263.0,1.7000325312194902,101.53759159017645,1.2,36.0
10:40:28,1.699965,101.537567,0,0,0,0,0,0,0,0,290,180,forward,0,0,263.0,1.7000325312194902,101.53759159017645,1.1,86.0
10:40:30,1.699966,101.537566,0,0,0,0,0,0,0,0,290,180,forward,0,0,263.0,1.7000335312194903,101.53759059017646,1.0,236.0
10:40:33,1.699966,101.537566,0,0,0,0,0,0,0,0,290,180,forward,0,0,263.0,1.7000335312194903,101.53759059017646,1.2,353.0
10:40:35,1.699966,101.537565,0,0,0,0,0,0,0,0,290,180,forward,0,0,263.0,1.7000335312194903,101.53758959017647,1.2,37.0
10:40:37,1.699966,101.537564,0,0,0,0,0,0,0,0,290,180,forward,0,0,263.0,1.7000335312194903,101.53758859017647,1.4,122.0
10:40:39,1.699967,101.537563,0,0,0,0,0,0,0,0,291,180,forward,0,0,263.0,1.700034091965286,101.53758876553252,1.3,70.0
10:40:41,1.699967,101.537562,0,0,0,0,0,0,0,0,290,180,forward,0,0,263.0,1.7000345312194902,101.53758659017647,1.1,12.0
10:40:43,1.699967,101.537562,0,0,0,0,0,0,0,0,290,180,forward,0,0,263.0,1.7000345312194902,101.53758659017647,1.0,26.0
10:40:46,1.699968,101.537561,0,0,0,0,0,0,0,0,290,180,forward,0,0,263.0,1.7000355312194901,101.53758559017649,1.2,311.0
10:40:48,1.699968,101.53756,0,0,0,0,0,0,0,0,291,180,forward,0,0,263.0,1.700035091965286,101.53758576553253,1.7,142.0
10:40:50,1.699968,101.53756,0,0,0,0,0,0,0,0,290,180,forward,0,0,263.0,1.7000355312194901,101.5375845901765,1.6,92.0
10:40:52,1.699968,101.537559,0,0,0,0,0,0,0,0,289,180,forward,0,0,263.0,1.7000359499030302,101.53758240733005,1.6,230.0
10:40:55,1.699969,101.537558,0,0,0,0,0,0,0,0,290,180,forward,0,0,263.0,1.7000365312194903,101.5375825901765,1.3,237.0
10:40:57,1.699969,101.537558,0,0,0,0,0,0,0,0,290,180,forward,0,0,263.0,1.7000365312194903,101.5375825901765,1.0,332.0
10:40:59,1.699969,101.537557,0,0,0,0,0,0,0,0,290,180,forward,0,0,263.0,1.7000365312194903,101.5375815901765,1.2,47.0
10:41:01,1.699969,101.537557,0,0,0,0,0,0,0,0,290,180,forward,0,0,263.0,1.7000365312194903,101.5375815901765,1.3,349.0
10:41:03,1.699969,101.537556,0,0,0,0,0,0,0,0,290,180,forward,0,0,263.0,1.7000365312194903,101.53758059017649,1.9,89.0
10:41:06,1.699969,101.537556,0,0,0,0,0,0,0,0,290,180,forward,0,0,263.0,1.7000365312194903,101.53758059017649,1.7,30.0
10:41:08,1.699969,101.537556,0,0,0,0,0,0,0,0,290,180,forward,0,0,263.0,1.7000365312194903,101.53758059017649,1.0,313.0
10:41:10,1.699969,101.537556,0,0,0,0,0,0,0,0,290,180,forward,0,0,263.0,1.7000365312194903,101.53758059017649,0.8,19.0
10:41:12,1.699969,101.537556,0,0,0,0,0,0,0,0,290,180,forward,0,0,263.0,1.7000365312194903,101.53758059017649,0.8,110.0
10:41:14,1.69997,101.537556,0,0,0,0,0,0,0,0,290,180,forward,0,0,263.0,1.7000375312194902,101.5375805901765,0.7,83.0
10:41:17,1.69997,101.537556,0,0,0,0,0,0,0,0,290,180,forward,0,0,263.0,1.7000375312194902,101.5375805901765,0.9,159.0
10:41:19,1.69997,101.537556,0,0,0,0,0,0,0,0,290,180,forward,0,0,263.0,1.7000375312194902,101.5375805901765,0.8,22.0
10:41:21,1.69997,101.537555,0,0,0,0,0,0,0,0,290,180,forward,0,0,263.0,1.7000375312194902,101.5375795901765,1.1,163.0
10:41:23,1.69997,101.537555,0,0,0,0,0,0,0,0,290,180,forward,0,0,263.0,1.7000375312194902,101.5375795901765,1.1,112.0
10:41:25,1.699971,101.537555,0,0,0,0,0,0,0,0,290,180,forward,0,0,263.0,1.7000385312194901,101.53757959017652,1.0,141.0
10:41:28,1.699971,101.537555,0,0,0,0,0,0,0,0,290,180,forward,0,0,263.0,1.7000385312194901,101.53757959017652,1.2,124.0
10:41:30,1.699971,101.537555,0,0,0,0,0,0,0,0,289,180,forward,0,0,263.0,1.7000389499030302,101.53757840733007,1.2,120.0
10:41:32,1.69997,101.537555,0,0,0,0,0,0,0,0,290,180,forward,0,0,263.0,1.7000375312194902,101.5375795901765,1.5,279.0
10:41:34,1.69997,101.537555,0,0,0,0,0,0,0,0,290,180,forward,0,0,263.0,1.7000375312194902,101.5375795901765,1.4,118.0
10:41:36,1.699971,101.537554,0,0,0,0,0,0,0,0,290,180,forward,0,0,263.0,1.7000385312194901,101.53757859017652,1.2,55.0
10:41:39,1.699971,101.537554,0,0,0,0,0,0,0,0,289,180,forward,0,0,263.0,1.7000389499030302,101.53757740733008,1.2,93.0
10:41:41,1.699971,101.537553,0,0,0,0,0,0,0,0,291,180,forward,0,0,263.0,1.700038091965286,101.53757876553257,1.6,326.0
10:41:43,1.699971,101.537552,0,0,0,0,0,0,0,0,289,180,forward,0,0,263.0,1.7000389499030302,101.53757540733008,1.3,336.0
10:41:45,1.699971,101.537551,0,0,0,0,0,0,0,0,291,180,forward,0,0,263.0,1.700038091965286,101.53757676553256,1.9,277.0
10:41:47,1.699971,101.537551,0,0,0,0,0,0,0,0,290,180,forward,0,0,263.0,1.7000385312194901,101.53757559017652,1.4,313.0
10:41:50,1.699971,101.53755,0,0,0,0,0,0,0,0,290,180,forward,0,0,263.0,1.7000385312194901,101.53757459017652,1.5,173.0
10:41:52,1.699972,101.537549,0,0,0,0,0,0,0,0,290,180,forward,0,0,263.0,1.7000395312194903,101.53757359017654,1.2,294.0
10:41:54,1.699972,101.537548,0,0,0,0,0,0,0,0,290,180,forward,0,0,263.0,1.7000395312194903,101.53757259017654,1.2,76.0
10:41:56,1.699972,101.537548,0,0,0,0,0,0,0,0,290,180,forward,0,0,263.0,1.7000395312194903,101.53757259017654,0.9,40.0
10:41:58,1.699972,101.537547,0,0,0,0,0,0,0,0,290,180,forward,0,0,263.0,1.7000395312194903,101.53757159017654,0.5,36.0
10:42:01,1.699972,101.537547,0,0,0,0,0,0,0,0,290,180,forward,0,0,263.0,1.7000395312194903,101.53757159017654,0.0,33.0
10:42:03,1.699972,101.537546,0,0,0,0,0,0,0,0,290,180,forward,0,0,263.0,1.7000395312194903,101.53757059017654,0.1,265.0
10:42:05,1.699972,101.537545,0,0,0,0,0,0,0,0,290,180,forward,0,0,263.0,1.7000395312194903,101.53756959017653,1.0,349.0
10:42:07,1.699972,101.537545,0,0,0,0,0,0,0,0,290,180,forward,0,0,263.0,1.7000395312194903,101.53756959017653,1.1,228.0
10:42:09,1.699973,101.537544,0,0,0,0,0,0,0,0,290,180,forward,0,0,263.0,1.7000405312194902,101.53756859017655,1.0,191.0
10:42:12,1.699973,101.537543,0,0,0,0,0,0,0,0,290,180,forward,0,0,263.0,1.7000405312194902,101.53756759017655,1.2,226.0
10:42:14,1.699973,101.537543,0,0,0,0,0,0,0,0,290,180,forward,0,0,263.0,1.7000405312194902,101.53756759017655,1.8,285.0
10:42:16,1.699973,101.537542,0,0,0,0,0,0,0,0,290,180,forward,0,0,263.0,1.7000405312194902,101.53756659017655,1.0,4.0
10:42:18,1.699973,101.537542,0,0,0,0,0,0,0,0,290,180,forward,0,0,263.0,1.7000405312194902,101.53756659017655,0.9,313.0
10:42:20,1.699974,101.537541,0,0,0,0,0,0,0,0,291,180,forward,0,0,263.0,1.7000410919652862,101.5375667655326,0.9,316.0
10:42:23,1.699974,101.537541,0,0,0,0,0,0,0,0,289,180,forward,0,0,263.0,1.7000419499030304,101.53756440733012,1.0,85.0
10:42:25,1.699974,101.537541,0,0,0,0,0,0,0,0,290,180,forward,0,0,263.0,1.7000415312194903,101.53756559017657,1.0,29.0
10:42:27,1.699974,101.537541,0,0,0,0,0,0,0,0,290,180,forward,0,0,263.0,1.7000415312194903,101.53756559017657,1.0,5.0
10:42:29,1.699974,101.537541,0,0,0,0,0,0,0,0,290,180,forward,0,0,263.0,1.7000415312194903,101.53756559017657,0.7,5.0
10:42:31,1.699975,101.53754,0,0,0,0,0,0,0,0,290,180,forward,0,0,263.0,1.7000425312194902,101.53756459017659,0.6,3.0
10:42:34,1.699975,101.53754,0,0,0,0,0,0,0,0,289,180,forward,0,0,263.0,1.7000429499030303,101.53756340733014,0.6,25.0
10:42:36,1.699975,101.53754,0,0,0,0,0,0,0,0,289,180,forward,0,0,263.0,1.7000429499030303,101.53756340733014,0.4,9.0
10:42:38,1.699975,101.53754,0,0,0,0,0,0,0,0,291,180,forward,0,0,263.0,1.700042091965286,101.53756576553262,1.0,295.0
10:42:40,1.699976,101.53754,0,0,0,0,0,0,0,0,290,180,forward,0,0,263.0,1.7000435312194901,101.5375645901766,0.8,298.0
10:42:42,1.699976,101.537541,0,0,0,0,0,0,0,0,290,180,forward,0,0,263.0,1.7000435312194901,101.5375655901766,1.0,44.0
10:42:45,1.699976,101.537542,0,0,0,0,0,0,0,0,291,180,forward,0,0,263.0,1.700043091965286,101.53756776553263,0.9,340.0
10:42:47,1.699977,101.537542,0,0,0,0,0,0,0,0,290,180,forward,0,0,263.0,1.7000445312194903,101.53756659017661,0.7,352.0
10:42:49,1.699977,101.537542,0,0,0,0,0,0,0,0,289,180,forward,0,0,263.0,1.7000449499030303,101.53756540733016,0.4,69.0
10:42:51,1.699977,101.537543,0,0,0,0,0,0,0,0,290,180,forward,0,0,263.0,1.7000445312194903,101.53756759017661,0.7,18.0
10:42:53,1.699978,101.537544,0,0,0,0,0,0,0,0,290,180,forward,0,0,263.0,1.7000455312194902,101.53756859017662,0.6,9.0
10:42:56,1.699978,101.537544,0,0,0,0,0,0,0,0,290,180,forward,0,0,263.0,1.7000455312194902,101.53756859017662,0.7,64.0
10:42:58,1.699979,101.537545,0,0,0,0,0,0,0,0,290,180,forward,0,0,263.0,1.7000465312194901,101.53756959017662,0.1,340.0
10:43:00,1.699979,101.537545,0,0,0,0,0,0,0,0,290,180,forward,0,0,263.0,1.7000465312194901,101.53756959017662,0.1,7.0
10:43:02,1.699979,101.537546,0,0,0,0,0,0,0,0,290,180,forward,0,0,263.0,1.7000465312194901,101.53757059017663,0.5,16.0
10:43:04,1.699979,101.537547,0,0,0,0,0,0,0,0,290,180,forward,0,0,263.0,1.7000465312194901,101.53757159017663,0.2,337.0
10:43:07,1.699979,101.537547,0,0,0,0,0,0,0,0,290,180,forward,0,0,263.0,1.7000465312194901,101.53757159017663,0.6,0.0
10:43:09,1.699979,101.537547,0,0,0,0,0,0,0,0,290,180,forward,0,0,263.0,1.7000465312194901,101.53757159017663,1.0,5.0
10:43:11,1.699979,101.537548,0,0,0,0,0,0,0,0,290,180,forward,0,0,263.0,1.7000465312194901,101.53757259017662,1.2,68.0
10:43:13,1.699979,101.537548,0,0,0,0,0,0,0,0,290,180,forward,0,0,263.0,1.7000465312194901,101.53757259017662,0.9,42.0
10:43:15,1.699979,101.537548,0,0,0,0,0,0,0,0,290,180,forward,0,0,263.0,1.7000465312194901,101.53757259017662,0.8,340.0
10:43:18,1.699979,101.537548,0,0,0,0,0,0,0,0,291,180,forward,0,0,263.0,1.700046091965286,101.53757376553267,0.5,342.0
10:43:20,1.699979,101.537549,0,0,0,0,0,0,0,0,290,180,forward,0,0,263.0,1.7000465312194901,101.53757359017662,0.7,100.0
10:43:22,1.699978,101.537549,0,0,0,0,0,0,0,0,290,180,forward,0,0,263.0,1.7000455312194902,101.53757359017662,1.1,3.0
10:43:24,1.699978,101.53755,0,0,0,0,0,0,0,0,289,180,forward,0,0,263.0,1.7000459499030303,101.53757340733016,0.7,347.0
10:43:26,1.699978,101.53755,0,0,0,0,0,0,0,0,290,180,forward,0,0,263.0,1.7000455312194902,101.53757459017662,0.7,25.0
10:43:29,1.699978,101.537551,0,0,0,0,0,0,0,0,290,180,forward,0,0,263.0,1.7000455312194902,101.53757559017662,1.4,73.0
10:43:31,1.699978,101.537551,0,0,0,0,0,0,0,0,290,180,forward,0,0,263.0,1.7000455312194902,101.53757559017662,2.2,110.0
10:43:33,1.699978,101.537551,0,0,0,0,0,0,0,0,290,180,forward,0,0,263.0,1.7000455312194902,101.53757559017662,2.1,14.0
10:43:35,1.699977,101.537552,0,0,0,0,0,0,0,0,290,180,forward,0,0,263.0,1.7000445312194903,101.53757659017661,1.9,86.0
10:43:37,1.699977,101.537552,0,0,0,0,0,0,0,0,290,180,forward,0,0,263.0,1.7000445312194903,101.53757659017661,1.9,110.0
10:43:40,1.699977,101.537552,0,0,0,0,0,0,0,0,290,180,forward,0,0,263.0,1.7000445312194903,101.53757659017661,1.7,174.0
10:43:42,1.699977,101.537552,0,0,0,0,0,0,0,0,290,180,forward,0,0,263.0,1.7000445312194903,101.53757659017661,1.6,339.0
10:43:44,1.699977,101.537552,0,0,0,0,0,0,0,0,290,180,forward,0,0,263.0,1.7000445312194903,101.53757659017661,1.6,50.0
10:43:46,1.699977,101.537551,0,0,0,0,0,0,0,0,290,180,forward,0,0,263.0,1.7000445312194903,101.5375755901766,1.5,6.0
10:43:48,1.699976,101.537551,0,0,0,0,0,0,0,0,290,180,forward,0,0,263.0,1.7000435312194901,101.53757559017659,1.5,118.0
10:43:51,1.699976,101.537552,0,0,0,0,0,0,0,0,290,180,forward,0,0,263.0,1.7000435312194901,101.5375765901766,1.1,169.0
10:43:53,1.699976,101.537552,0,0,0,0,0,0,0,0,290,180,forward,0,0,263.0,1.7000435312194901,101.5375765901766,1.0,69.0
10:43:55,1.699976,101.537552,0,0,0,0,0,0,0,0,289,180,forward,0,0,263.0,1.7000439499030302,101.53757540733015,1.6,49.0
10:43:57,1.699975,101.537552,0,0,0,0,0,0,0,0,291,180,forward,0,0,263.0,1.700042091965286,101.53757776553262,1.8,118.0
10:43:59,1.699975,101.537552,0,0,0,0,0,0,0,0,290,180,forward,0,0,263.0,1.7000425312194902,101.53757659017658,1.4,77.0
10:44:02,1.699974,101.537552,0,0,0,0,0,0,0,0,290,180,forward,0,0,263.0,1.7000415312194903,101.53757659017657,1.6,84.0
10:44:04,1.699974,101.537552,0,0,0,0,0,0,0,0,290,180,forward,0,0,263.0,1.7000415312194903,101.53757659017657,1.2,97.0
10:44:06,1.699974,101.537552,0,0,0,0,0,0,0,0,290,180,forward,0,0,263.0,1.7000415312194903,101.53757659017657,0.9,82.0
10:44:08,1.699974,101.537552,0,0,0,0,0,0,0,0,290,180,forward,0,0,263.0,1.7000415312194903,101.53757659017657,1.5,285.0
10:44:10,1.699974,101.537551,0,0,0,0,0,0,0,0,290,180,forward,0,0,263.0,1.7000415312194903,101.53757559017656,1.8,296.0
10:44:13,1.699974,101.537551,0,0,0,0,0,0,0,0,290,180,forward,0,0,263.0,1.7000415312194903,101.53757559017656,1.8,296.0
10:44:15,1.699974,101.537551,0,0,0,0,0,0,0,0,290,180,forward,0,0,263.0,1.7000415312194903,101.53757559017656,1.8,296.0
10:44:17,1.699974,101.537551,0,0,0,0,0,0,0,0,290,180,forward,0,0,263.0,1.7000415312194903,101.53757559017656,1.8,296.0
10:44:19,1.699974,101.537551,0,0,0,0,0,0,0,0,290,180,forward,0,0,263.0,1.7000415312194903,101.53757559017656,1.8,296.0
10:44:21,1.699974,101.537551,0,0,0,0,0,0,0,0,290,180,forward,0,0,263.0,1.7000415312194903,101.53757559017656,1.4,28.0
10:44:24,1.699974,101.537551,0,0,0,0,0,0,0,0,290,180,forward,0,0,263.0,1.7000415312194903,101.53757559017656,1.7,313.0
10:44:26,1.699974,101.537551,0,0,0,0,0,0,0,0,290,180,forward,0,0,263.0,1.7000415312194903,101.53757559017656,1.5,2.0
10:44:28,1.699974,101.537551,0,0,0,0,0,0,0,0,290,180,forward,0,0,263.0,1.7000415312194903,101.53757559017656,1.3,87.0
10:44:30,1.699974,101.537551,0,0,0,0,0,0,0,0,290,180,forward,0,0,263.0,1.7000415312194903,101.53757559017656,1.1,30.0
10:44:32,1.699974,101.537551,0,0,0,0,0,0,0,0,290,180,forward,0,0,263.0,1.7000415312194903,101.53757559017656,1.0,340.0
10:44:35,1.699974,101.537551,0,0,0,0,0,0,0,0,290,180,forward,0,0,263.0,1.7000415312194903,101.53757559017656,1.3,4.0
10:44:37,1.699974,101.537551,0,0,0,0,0,0,0,0,290,180,forward,0,0,263.0,1.7000415312194903,101.53757559017656,2.0,179.0
10:44:39,1.699974,101.537551,0,0,0,0,0,0,0,0,290,180,forward,0,0,263.0,1.7000415312194903,101.53757559017656,1.9,172.0
10:44:41,1.699974,101.537551,0,0,0,0,0,0,0,0,290,180,forward,0,0,263.0,1.7000415312194903,101.53757559017656,1.1,34.0
10:44:43,1.699974,101.537551,0,0,0,0,0,0,0,0,290,180,forward,0,0,263.0,1.7000415312194903,101.53757559017656,1.0,30.0
10:44:46,1.699974,101.537551,0,0,0,0,0,0,0,0,290,180,forward,0,0,263.0,1.7000415312194903,101.53757559017656,0.9,31.0
10:44:48,1.699974,101.537551,0,0,0,0,0,0,0,0,290,180,forward,0,0,263.0,1.7000415312194903,101.53757559017656,0.6,96.0
10:44:50,1.699974,101.537551,0,0,0,0,0,0,0,0,290,180,forward,0,0,263.0,1.7000415312194903,101.53757559017656,0.8,1.0
10:44:52,1.699974,101.537551,0,0,0,0,0,0,0,0,290,180,forward,0,0,263.0,1.7000415312194903,101.53757559017656,1.0,344.0
10:44:54,1.699974,101.537551,0,0,0,0,0,0,0,0,290,180,forward,0,0,263.0,1.7000415312194903,101.53757559017656,0.8,146.0
10:44:57,1.699974,101.537551,0,0,0,0,0,0,0,0,290,180,forward,0,0,263.0,1.7000415312194903,101.53757559017656,1.4,327.0
10:44:59,1.699974,101.537551,0,0,0,0,0,0,0,0,290,180,forward,0,0,263.0,1.7000415312194903,101.53757559017656,1.6,345.0
10:45:01,1.699974,101.537551,0,0,0,0,0,0,0,0,290,180,forward,0,0,263.0,1.7000415312194903,101.53757559017656,1.0,325.0
10:45:03,1.699974,101.537551,0,0,0,0,0,0,0,0,290,180,forward,0,0,263.0,1.7000415312194903,101.53757559017656,0.9,324.0
10:45:05,1.699974,101.537551,0,0,0,0,0,0,0,0,290,180,forward,0,0,263.0,1.7000415312194903,101.53757559017656,0.9,224.0
10:45:08,1.699974,101.537551,0,0,0,0,0,0,0,0,290,180,forward,0,0,263.0,1.7000415312194903,101.53757559017656,1.0,42.0
10:45:10,1.699974,101.537551,0,0,0,0,0,0,0,0,290,180,forward,0,0,263.0,1.7000415312194903,101.53757559017656,0.9,18.0
10:45:12,1.699974,101.537551,0,0,0,0,0,0,0,0,290,180,forward,0,0,263.0,1.7000415312194903,101.53757559017656,1.0,65.0
10:45:14,1.699974,101.537551,0,0,0,0,0,0,0,0,290,180,forward,0,0,263.0,1.7000415312194903,101.53757559017656,0.8,26.0
10:45:16,1.699974,101.537551,0,0,0,0,0,0,0,0,290,180,forward,0,0,263.0,1.7000415312194903,101.53757559017656,0.5,328.0
10:45:19,1.699974,101.537551,0,0,0,0,0,0,0,0,290,180,forward,0,0,263.0,1.7000415312194903,101.53757559017656,0.5,19.0
10:45:21,1.699974,101.537551,0,0,0,0,0,0,0,0,290,180,forward,0,0,263.0,1.7000415312194903,101.53757559017656,0.2,14.0
10:45:23,1.699974,101.537551,0,0,0,0,0,0,0,0,290,180,forward,0,0,263.0,1.7000415312194903,101.53757559017656,0.6,1.0
10:45:25,1.699974,101.537551,0,0,0,0,0,0,0,0,290,180,forward,0,0,263.0,1.7000415312194903,101.53757559017656,0.4,10.0
10:45:27,1.699974,101.537551,0,0,0,0,0,0,0,0,290,180,forward,0,0,263.0,1.7000415312194903,101.53757559017656,0.3,9.0
10:45:30,1.699974,101.537551,0,0,0,0,0,0,0,0,290,180,forward,0,0,263.0,1.7000415312194903,101.53757559017656,0.5,0.0
10:45:32,1.699974,101.537551,0,0,0,0,0,0,0,0,290,180,forward,0,0,263.0,1.7000415312194903,101.53757559017656,1.9,306.0
10:45:34,1.699974,101.537551,0,0,0,0,0,0,0,0,290,180,forward,0,0,263.0,1.7000415312194903,101.53757559017656,1.2,323.0
10:45:36,1.699974,101.537551,0,0,0,0,0,0,0,0,290,180,forward,0,0,263.0,1.7000415312194903,101.53757559017656,0.7,66.0
10:45:38,1.699974,101.537551,0,0,0,0,0,0,0,0,290,180,forward,0,0,263.0,1.7000415312194903,101.53757559017656,0.5,17.0
10:45:41,1.699974,101.537551,0,0,0,0,0,0,0,0,290,180,forward,0,0,263.0,1.7000415312194903,101.53757559017656,0.5,354.0
10:45:43,1.699974,101.537551,0,0,0,0,0,0,0,0,290,180,forward,0,0,263.0,1.7000415312194903,101.53757559017656,0.8,12.0
10:45:45,1.699974,101.537551,0,0,0,0,0,0,0,0,290,180,forward,0,0,263.0,1.7000415312194903,101.53757559017656,0.7,12.0
10:45:47,1.699974,101.537551,0,0,0,0,0,0,0,0,290,180,forward,0,0,263.0,1.7000415312194903,101.53757559017656,0.6,5.0
10:45:49,1.699972,101.537556,0,0,0,0,0,0,0,0,290,180,forward,0,0,263.0,1.7000395312194903,101.53758059017653,0.0,7.0
10:45:52,1.699972,101.537555,0,0,0,0,0,0,0,0,290,180,forward,0,0,263.0,1.7000395312194903,101.53757959017653,0.0,12.0
10:45:54,1.699973,101.537554,0,0,0,0,0,0,0,0,289,180,forward,0,0,263.0,1.7000409499030302,101.5375774073301,0.4,42.0
10:45:56,1.699973,101.537553,0,0,0,0,0,0,0,0,290,180,forward,0,0,263.0,1.7000405312194902,101.53757759017655,0.1,13.0
10:45:58,1.699973,101.537551,0,0,0,0,0,0,0,0,290,180,forward,0,0,263.0,1.7000405312194902,101.53757559017654,0.0,49.0
10:46:00,1.699974,101.537551,0,0,0,0,0,0,0,0,290,180,forward,0,0,263.0,1.7000415312194903,101.53757559017656,0.1,44.0
10:46:03,1.699974,101.53755,0,0,0,0,0,0,0,0,291,180,forward,0,0,263.0,1.7000410919652862,101.5375757655326,0.2,12.0
10:46:05,1.699974,101.53755,0,0,0,0,0,0,0,0,290,180,forward,0,0,263.0,1.7000415312194903,101.53757459017656,0.2,19.0
10:46:07,1.699974,101.53755,0,0,0,0,0,0,0,0,290,180,forward,0,0,263.0,1.7000415312194903,101.53757459017656,0.0,39.0
10:46:09,1.699974,101.53755,0,0,0,0,0,0,0,0,290,180,forward,0,0,263.0,1.7000415312194903,101.53757459017656,0.3,22.0
10:46:11,1.699975,101.537551,0,0,0,0,0,0,0,0,291,180,forward,0,0,263.0,1.700042091965286,101.5375767655326,0.6,53.0
10:46:14,1.699975,101.537552,0,0,0,0,0,0,0,0,290,180,forward,0,0,263.0,1.7000425312194902,101.53757659017658,0.2,1.0
10:46:16,1.699975,101.537553,0,0,0,0,0,0,0,0,290,180,forward,0,0,263.0,1.7000425312194902,101.53757759017658,0.6,43.0
10:46:18,1.699975,101.537553,0,0,0,0,0,0,0,0,290,180,forward,0,0,263.0,1.7000425312194902,101.53757759017658,0.7,8.0
10:46:20,1.699974,101.537554,0,0,0,0,0,0,0,0,289,180,forward,0,0,263.0,1.7000419499030304,101.53757740733012,0.7,52.0
10:46:22,1.699974,101.537554,0,0,0,0,0,0,0,0,290,180,forward,0,0,263.0,1.7000415312194903,101.53757859017657,0.7,44.0
10:46:25,1.699974,101.537555,0,0,0,0,0,0,0,0,290,180,forward,0,0,263.0,1.7000415312194903,101.53757959017656,0.3,48.0
10:46:27,1.699973,101.537556,0,0,0,0,0,0,0,0,290,180,forward,0,0,263.0,1.7000405312194902,101.53758059017655,0.4,12.0
10:46:29,1.699973,101.537556,0,0,0,0,0,0,0,0,290,180,forward,0,0,263.0,1.7000405312194902,101.53758059017655,0.6,36.0
10:46:31,1.699973,101.537556,0,0,0,0,0,0,0,0,290,180,forward,0,0,263.0,1.7000405312194902,101.53758059017655,0.3,63.0
10:46:33,1.699972,101.537556,0,0,0,0,0,0,0,0,290,180,forward,0,0,263.0,1.7000395312194903,101.53758059017653,0.4,28.0
10:46:36,1.699972,101.537556,0,0,0,0,0,0,0,0,290,180,forward,0,0,263.0,1.7000395312194903,101.53758059017653,0.1,60.0
10:46:38,1.699971,101.537555,0,0,0,0,0,0,0,0,290,180,forward,0,0,263.0,1.7000385312194901,101.53757959017652,0.2,52.0
10:46:40,1.699971,101.537555,0,0,0,0,0,0,0,0,290,180,forward,0,0,263.0,1.7000385312194901,101.53757959017652,0.1,75.0
10:46:42,1.699971,101.537555,0,0,0,0,0,0,0,0,290,180,forward,0,0,263.0,1.7000385312194901,101.53757959017652,0.5,51.0
10:46:44,1.699971,101.537555,0,0,0,0,0,0,0,0,290,180,forward,0,0,263.0,1.7000385312194901,101.53757959017652,1.6,306.0
10:46:47,1.699971,101.537555,0,0,0,0,0,0,0,0,290,180,forward,0,0,263.0,1.7000385312194901,101.53757959017652,1.2,213.0
10:46:49,1.699971,101.537554,0,0,0,0,0,0,0,0,290,180,forward,0,0,263.0,1.7000385312194901,101.53757859017652,1.9,216.0
10:46:51,1.699971,101.537554,0,0,0,0,0,0,0,0,290,180,forward,0,0,263.0,1.7000385312194901,101.53757859017652,2.1,184.0
10:46:53,1.699971,101.537555,0,0,0,0,0,0,0,0,290,180,forward,0,0,263.0,1.7000385312194901,101.53757959017652,1.4,262.0
10:46:55,1.699971,101.537555,0,0,0,0,0,0,0,0,290,180,forward,0,0,263.0,1.7000385312194901,101.53757959017652,1.2,236.0
10:46:58,1.699971,101.537556,0,0,0,0,0,0,0,0,290,180,forward,0,0,263.0,1.7000385312194901,101.53758059017652,1.8,23.0
10:47:00,1.699971,101.537556,0,0,0,0,0,0,0,0,290,180,forward,0,0,263.0,1.7000385312194901,101.53758059017652,1.2,331.0
10:47:02,1.699971,101.537556,0,0,0,0,0,0,0,0,290,180,forward,0,0,263.0,1.7000385312194901,101.53758059017652,0.8,86.0
10:47:04,1.699971,101.537557,0,0,0,0,0,0,0,0,290,180,forward,0,0,263.0,1.7000385312194901,101.53758159017653,0.6,303.0
10:47:06,1.699971,101.537558,0,0,0,0,0,0,0,0,290,180,forward,0,0,263.0,1.7000385312194901,101.53758259017653,0.6,110.0
10:47:09,1.699971,101.537558,0,0,0,0,0,0,0,0,290,180,forward,0,0,263.0,1.7000385312194901,101.53758259017653,1.3,228.0
10:47:11,1.699972,101.537559,0,0,0,0,0,0,0,0,290,180,forward,0,0,263.0,1.7000395312194903,101.53758359017654,1.5,256.0
10:47:13,1.699972,101.537559,0,0,0,0,0,0,0,0,290,180,forward,0,0,263.0,1.7000395312194903,101.53758359017654,2.1,159.0
10:47:15,1.699972,101.537559,0,0,0,0,0,0,0,0,290,180,forward,0,0,263.0,1.7000395312194903,101.53758359017654,1.9,89.0
10:47:17,1.699972,101.537559,0,0,0,0,0,0,0,0,290,180,forward,0,0,263.0,1.7000395312194903,101.53758359017654,1.9,323.0
10:47:20,1.699972,101.53756,0,0,0,0,0,0,0,0,290,180,forward,0,0,263.0,1.7000395312194903,101.53758459017654,1.2,294.0
10:47:22,1.699972,101.537561,0,0,0,0,0,0,0,0,290,180,forward,0,0,263.0,1.7000395312194903,101.53758559017653,1.4,171.0
10:47:24,1.699972,101.537561,0,0,0,0,0,0,0,0,290,180,forward,0,0,263.0,1.7000395312194903,101.53758559017653,2.4,141.0
10:47:26,1.699972,101.537561,0,0,0,0,0,0,0,0,290,180,forward,0,0,263.0,1.7000395312194903,101.53758559017653,2.8,232.0
10:47:28,1.699972,101.537562,0,0,0,0,0,0,0,0,290,180,forward,0,0,263.0,1.7000395312194903,101.53758659017653,2.5,250.0
10:47:31,1.699971,101.537562,0,0,0,0,0,0,0,0,290,180,forward,0,0,263.0,1.7000385312194901,101.53758659017652,1.8,42.0
10:47:33,1.699971,101.537563,0,0,0,0,0,0,0,0,290,180,forward,0,0,263.0,1.7000385312194901,101.53758759017653,1.8,3.0
10:47:35,1.699971,101.537564,0,0,0,0,0,0,0,0,290,180,forward,0,0,263.0,1.7000385312194901,101.53758859017653,1.0,358.0
10:47:37,1.699971,101.537564,0,0,0,0,0,0,0,0,290,180,forward,0,0,263.0,1.7000385312194901,101.53758859017653,0.9,275.0
10:47:39,1.699971,101.537565,0,0,0,0,0,0,0,0,290,180,forward,0,0,263.0,1.7000385312194901,101.53758959017652,1.0,318.0
10:47:42,1.699971,101.537566,0,0,0,0,0,0,0,0,290,180,forward,0,0,263.0,1.7000385312194901,101.53759059017652,1.2,244.0
10:47:44,1.699971,101.537566,0,0,0,0,0,0,0,0,290,180,forward,0,0,263.0,1.7000385312194901,101.53759059017652,1.0,268.0
10:47:46,1.699971,101.537567,0,0,0,0,0,0,0,0,290,180,forward,0,0,263.0,1.7000385312194901,101.53759159017652,0.6,303.0
10:47:48,1.699971,101.537567,0,0,0,0,0,0,0,0,290,180,forward,0,0,263.0,1.7000385312194901,101.53759159017652,0.9,325.0
10:47:50,1.699971,101.537568,0,0,0,0,0,0,0,0,290,180,forward,0,0,263.0,1.7000385312194901,101.53759259017652,1.4,110.0
10:47:53,1.699971,101.537568,0,0,0,0,0,0,0,0,290,180,forward,0,0,263.0,1.7000385312194901,101.53759259017652,2.4,127.0
10:47:55,1.699971,101.537569,0,0,0,0,0,0,0,0,290,180,forward,0,0,263.0,1.7000385312194901,101.53759359017653,1.9,170.0
10:47:57,1.699971,101.537569,0,0,0,0,0,0,0,0,290,180,forward,0,0,263.0,1.7000385312194901,101.53759359017653,1.7,175.0
10:47:59,1.699971,101.53757,0,0,0,0,0,0,0,0,290,180,forward,0,0,263.0,1.7000385312194901,101.53759459017652,1.6,168.0
10:48:01,1.699971,101.53757,0,0,0,0,0,0,0,0,290,180,forward,0,0,263.0,1.7000385312194901,101.53759459017652,1.2,183.0
10:48:04,1.699971,101.537571,0,0,0,0,0,0,0,0,290,180,forward,0,0,263.0,1.7000385312194901,101.53759559017652,0.7,205.0
10:48:06,1.699971,101.537572,0,0,0,0,0,0,0,0,290,180,forward,0,0,263.0,1.7000385312194901,101.53759659017652,0.9,281.0
10:48:08,1.69997,101.537572,0,0,0,0,0,0,0,0,290,180,forward,0,0,263.0,1.7000375312194902,101.5375965901765,0.6,261.0
10:48:10,1.69997,101.537572,0,0,0,0,0,0,0,0,290,180,forward,0,0,263.0,1.7000375312194902,101.5375965901765,0.7,177.0
10:48:12,1.699969,101.537572,0,0,0,0,0,0,0,0,290,180,forward,0,0,263.0,1.7000365312194903,101.53759659017649,1.0,269.0
10:48:15,1.699969,101.537573,0,0,0,0,0,0,0,0,290,180,forward,0,0,263.0,1.7000365312194903,101.53759759017649,1.2,269.0
10:48:17,1.699969,101.537572,0,0,0,0,0,0,0,0,290,180,forward,0,0,263.0,1.7000365312194903,101.53759659017649,0.7,79.0
10:48:19,1.699968,101.537572,0,0,0,0,0,0,0,0,290,180,forward,0,0,263.0,1.7000355312194901,101.53759659017649,0.7,251.0
10:48:21,1.699968,101.537572,0,0,0,0,0,0,0,0,290,180,forward,0,0,263.0,1.7000355312194901,101.53759659017649,0.3,305.0
10:48:23,1.699968,101.537571,0,0,0,0,0,0,0,0,290,180,forward,0,0,263.0,1.7000355312194901,101.5375955901765,0.8,5.0
10:48:26,1.699967,101.537571,0,0,0,0,0,0,0,0,290,180,forward,0,0,263.0,1.7000345312194902,101.53759559017648,0.6,267.0
10:48:28,1.699967,101.537571,0,0,0,0,0,0,0,0,290,180,forward,0,0,263.0,1.7000345312194902,101.53759559017648,0.5,270.0
10:48:30,1.699966,101.537571,0,0,0,0,0,0,0,0,290,180,forward,0,0,263.0,1.7000335312194903,101.53759559017647,0.6,272.0
10:48:32,1.699966,101.53757,0,0,0,0,0,0,0,0,290,180,forward,0,0,263.0,1.7000335312194903,101.53759459017647,0.6,321.0
10:48:34,1.699965,101.53757,0,0,0,0,0,0,0,0,290,180,forward,0,0,263.0,1.7000325312194902,101.53759459017645,0.3,323.0
10:48:37,1.699965,101.53757,0,0,0,0,0,0,0,0,290,180,forward,0,0,263.0,1.7000325312194902,101.53759459017645,0.6,101.0
10:48:39,1.699964,101.537569,0,0,0,0,0,0,0,0,290,180,forward,0,0,263.0,1.7000315312194902,101.53759359017644,0.6,16.0
10:48:41,1.699963,101.537569,0,0,0,0,0,0,0,0,290,180,forward,0,0,263.0,1.70003053121949,101.53759359017643,0.3,358.0
10:48:43,1.699963,101.537568,0,0,0,0,0,0,0,0,290,180,forward,0,0,263.0,1.70003053121949,101.53759259017642,0.4,48.0
10:48:45,1.699962,101.537567,0,0,0,0,0,0,0,0,290,180,forward,0,0,263.0,1.7000295312194902,101.5375915901764,0.4,45.0
10:48:48,1.699962,101.537566,0,0,0,0,0,0,0,0,290,180,forward,0,0,263.0,1.7000295312194902,101.5375905901764,0.3,42.0
10:48:50,1.699962,101.537565,0,0,0,0,0,0,0,0,290,180,forward,0,0,263.0,1.7000295312194902,101.53758959017641,0.8,50.0
10:48:52,1.699962,101.537565,0,0,0,0,0,0,0,0,290,180,forward,0,0,263.0,1.7000295312194902,101.53758959017641,1.0,43.0
10:48:54,1.699962,101.537564,0,0,0,0,0,0,0,0,290,180,forward,0,0,263.0,1.7000295312194902,101.53758859017641,0.9,52.0
10:48:56,1.699962,101.537564,0,0,0,0,0,0,0,0,290,180,forward,0,0,263.0,1.7000295312194902,101.53758859017641,0.9,42.0
10:48:59,1.699962,101.537563,0,0,0,0,0,0,0,0,290,180,forward,0,0,263.0,1.7000295312194902,101.53758759017641,0.9,73.0
10:49:01,1.699962,101.537563,0,0,0,0,0,0,0,0,290,180,forward,0,0,263.0,1.7000295312194902,101.53758759017641,0.6,44.0
10:49:03,1.699962,101.537563,0,0,0,0,0,0,0,0,290,180,forward,0,0,263.0,1.7000295312194902,101.53758759017641,1.7,293.0
10:49:05,1.699963,101.537563,0,0,0,0,0,0,0,0,290,180,forward,0,0,263.0,1.70003053121949,101.53758759017643,1.4,303.0
10:49:07,1.699963,101.537562,0,0,0,0,0,0,0,0,290,180,forward,0,0,263.0,1.70003053121949,101.53758659017642,1.9,287.0
10:49:10,1.699964,101.537562,0,0,0,0,0,0,0,0,290,180,forward,0,0,263.0,1.7000315312194902,101.53758659017643,1.4,257.0
10:49:12,1.699964,101.537562,0,0,0,0,0,0,0,0,290,180,forward,0,0,263.0,1.7000315312194902,101.53758659017643,1.6,315.0
10:49:14,1.699965,101.537562,0,0,0,0,0,0,0,0,290,180,forward,0,0,263.0,1.7000325312194902,101.53758659017645,1.8,329.0
10:49:16,1.699965,101.537562,0,0,0,0,0,0,0,0,290,180,forward,0,0,263.0,1.7000325312194902,101.53758659017645,1.2,60.0
10:49:18,1.699966,101.537562,0,0,0,0,0,0,0,0,290,180,forward,0,0,263.0,1.7000335312194903,101.53758659017646,0.6,48.0
10:49:21,1.699966,101.537562,0,0,0,0,0,0,0,0,290,180,forward,0,0,263.0,1.7000335312194903,101.53758659017646,0.4,13.0
10:49:23,1.699967,101.537562,0,0,0,0,0,0,0,0,290,180,forward,0,0,263.0,1.7000345312194902,101.53758659017647,0.2,98.0
10:49:25,1.699967,101.537562,0,0,0,0,0,0,0,0,290,180,forward,0,0,263.0,1.7000345312194902,101.53758659017647,0.5,80.0
10:49:27,1.699968,101.537562,0,0,0,0,0,0,0,0,290,180,forward,0,0,263.0,1.7000355312194901,101.53758659017649,0.2,43.0
10:49:29,1.699968,101.537562,0,0,0,0,0,0,0,0,290,180,forward,0,0,263.0,1.7000355312194901,101.53758659017649,0.7,42.0
10:49:32,1.699969,101.537563,0,0,0,0,0,0,0,0,290,180,forward,0,0,263.0,1.7000365312194903,101.5375875901765,0.8,110.0
10:49:34,1.699969,101.537562,0,0,0,0,0,0,0,0,290,180,forward,0,0,263.0,1.7000365312194903,101.53758659017649,0.6,57.0
10:49:36,1.699969,101.537563,0,0,0,0,0,0,0,0,290,180,forward,0,0,263.0,1.7000365312194903,101.5375875901765,0.5,71.0
10:49:38,1.69997,101.537562,0,0,0,0,0,0,0,0,290,180,forward,0,0,263.0,1.7000375312194902,101.5375865901765,0.6,25.0
10:49:40,1.69997,101.537562,0,0,0,0,0,0,0,0,290,180,forward,0,0,263.0,1.7000375312194902,101.5375865901765,0.6,43.0
10:49:43,1.69997,101.537562,0,0,0,0,0,0,0,0,290,180,forward,0,0,263.0,1.7000375312194902,101.5375865901765,0.0,48.0
10:49:45,1.69997,101.537562,0,0,0,0,0,0,0,0,290,180,forward,0,0,263.0,1.7000375312194902,101.5375865901765,0.6,23.0
10:49:47,1.69997,101.537561,0,0,0,0,0,0,0,0,290,180,forward,0,0,263.0,1.7000375312194902,101.5375855901765,0.6,54.0
10:49:49,1.69997,101.537561,0,0,0,0,0,0,0,0,290,180,forward,0,0,263.0,1.7000375312194902,101.5375855901765,0.6,4.0
10:49:51,1.699969,101.537561,0,0,0,0,0,0,0,0,290,180,forward,0,0,263.0,1.7000365312194903,101.53758559017649,0.8,254.0
10:49:54,1.699969,101.53756,0,0,0,0,0,0,0,0,290,180,forward,0,0,263.0,1.7000365312194903,101.5375845901765,1.7,302.0
10:49:56,1.699968,101.53756,0,0,0,0,0,0,0,0,290,180,forward,0,0,263.0,1.7000355312194901,101.5375845901765,1.2,68.0
10:49:58,1.699968,101.53756,0,0,0,0,0,0,0,0,290,180,forward,0,0,263.0,1.7000355312194901,101.5375845901765,1.1,47.0
10:50:00,1.699968,101.53756,0,0,0,0,0,0,0,0,290,180,forward,0,0,263.0,1.7000355312194901,101.5375845901765,0.6,43.0
10:50:02,1.699968,101.53756,0,0,0,0,0,0,0,0,290,180,forward,0,0,263.0,1.7000355312194901,101.5375845901765,0.6,44.0
10:50:05,1.699968,101.537559,0,0,0,0,0,0,0,0,290,180,forward,0,0,263.0,1.7000355312194901,101.5375835901765,0.4,0.0
10:50:07,1.699968,101.53756,0,0,0,0,0,0,0,0,290,180,forward,0,0,263.0,1.7000355312194901,101.5375845901765,0.8,6.0
10:50:09,1.699968,101.53756,0,0,0,0,0,0,0,0,290,180,forward,0,0,263.0,1.7000355312194901,101.5375845901765,0.8,335.0
10:50:11,1.699968,101.53756,0,0,0,0,0,0,0,0,290,180,forward,0,0,263.0,1.7000355312194901,101.5375845901765,0.7,16.0
10:50:13,1.699968,101.53756,0,0,0,0,0,0,0,0,290,180,forward,0,0,263.0,1.7000355312194901,101.5375845901765,0.4,302.0
10:50:16,1.699967,101.53756,0,0,0,0,0,0,0,0,290,180,forward,0,0,263.0,1.7000345312194902,101.53758459017648,1.9,228.0
10:50:18,1.699967,101.53756,0,0,0,0,0,0,0,0,290,180,forward,0,0,263.0,1.7000345312194902,101.53758459017648,1.9,321.0
10:50:20,1.699967,101.53756,0,0,0,0,0,0,0,0,290,180,forward,0,0,263.0,1.7000345312194902,101.53758459017648,1.7,2.0
10:50:22,1.699967,101.53756,0,0,0,0,0,0,0,0,290,180,forward,0,0,263.0,1.7000345312194902,101.53758459017648,1.1,92.0
10:50:24,1.699967,101.53756,0,0,0,0,0,0,0,0,290,180,forward,0,0,263.0,1.7000345312194902,101.53758459017648,0.9,318.0
10:50:27,1.699967,101.53756,0,0,0,0,0,0,0,0,290,180,forward,0,0,263.0,1.7000345312194902,101.53758459017648,0.9,344.0
10:50:29,1.699967,101.537559,0,0,0,0,0,0,0,0,290,180,forward,0,0,263.0,1.7000345312194902,101.53758359017648,0.6,356.0
10:50:31,1.699968,101.537559,0,0,0,0,0,0,0,0,290,180,forward,0,0,263.0,1.7000355312194901,101.5375835901765,0.2,172.0
10:50:33,1.699968,101.537559,0,0,0,0,0,0,0,0,290,180,forward,0,0,263.0,1.7000355312194901,101.5375835901765,0.7,39.0
10:50:35,1.699968,101.537559,0,0,0,0,0,0,0,0,290,180,forward,0,0,263.0,1.7000355312194901,101.5375835901765,0.7,342.0
10:50:38,1.699969,101.537559,0,0,0,0,0,0,0,0,290,180,forward,0,0,263.0,1.7000365312194903,101.5375835901765,0.7,23.0
10:50:40,1.699969,101.537558,0,0,0,0,0,0,0,0,290,180,forward,0,0,263.0,1.7000365312194903,101.5375825901765,0.5,83.0
10:50:42,1.69997,101.537558,0,0,0,0,0,0,0,0,290,180,forward,0,0,263.0,1.7000375312194902,101.53758259017651,1.2,113.0
10:50:44,1.69997,101.537558,0,0,0,0,0,0,0,0,289,180,forward,0,0,263.0,1.7000379499030303,101.53758140733008,1.6,333.0
10:50:46,1.699971,101.537558,0,0,0,0,0,0,0,0,290,180,forward,0,0,263.0,1.7000385312194901,101.53758259017653,1.2,330.0
10:50:49,1.699971,101.537558,0,0,0,0,0,0,0,0,290,180,forward,0,0,263.0,1.7000385312194901,101.53758259017653,1.0,11.0
10:50:51,1.699972,101.537558,0,0,0,0,0,0,0,0,290,180,forward,0,0,263.0,1.7000395312194903,101.53758259017654,0.8,11.0
10:50:53,1.699972,101.537559,0,0,0,0,0,0,0,0,290,180,forward,0,0,263.0,1.7000395312194903,101.53758359017654,0.6,350.0
10:50:55,1.699972,101.537559,0,0,0,0,0,0,0,0,290,180,forward,0,0,263.0,1.7000395312194903,101.53758359017654,0.9,149.0
10:50:57,1.699972,101.537559,0,0,0,0,0,0,0,0,290,180,forward,0,0,263.0,1.7000395312194903,101.53758359017654,0.9,26.0
10:51:00,1.699972,101.537559,0,0,0,0,0,0,0,0,290,180,forward,0,0,263.0,1.7000395312194903,101.53758359017654,0.3,34.0
10:51:02,1.699972,101.53756,0,0,0,0,0,0,0,0,290,180,forward,0,0,263.0,1.7000395312194903,101.53758459017654,0.5,82.0
10:51:04,1.699972,101.53756,0,0,0,0,0,0,0,0,290,180,forward,0,0,263.0,1.7000395312194903,101.53758459017654,0.6,55.0
10:51:06,1.699972,101.53756,0,0,0,0,0,0,0,0,290,180,forward,0,0,263.0,1.7000395312194903,101.53758459017654,0.1,42.0
10:51:08,1.699972,101.53756,0,0,0,0,0,0,0,0,290,180,forward,0,0,263.0,1.7000395312194903,101.53758459017654,0.3,97.0
10:51:11,1.699972,101.53756,0,0,0,0,0,0,0,0,290,180,forward,0,0,263.0,1.7000395312194903,101.53758459017654,1.0,131.0
10:51:13,1.699972,101.53756,0,0,0,0,0,0,0,0,290,180,forward,0,0,263.0,1.7000395312194903,101.53758459017654,0.9,100.0
10:51:15,1.699972,101.53756,0,0,0,0,0,0,0,0,290,180,forward,0,0,263.0,1.7000395312194903,101.53758459017654,0.8,24.0
10:51:17,1.699971,101.53756,0,0,0,0,0,0,0,0,290,180,forward,0,0,263.0,1.7000385312194901,101.53758459017652,0.6,51.0
10:51:19,1.699971,101.53756,0,0,0,0,0,0,0,0,290,180,forward,0,0,263.0,1.7000385312194901,101.53758459017652,1.1,107.0
10:51:21,1.699971,101.537559,0,0,0,0,0,0,0,0,290,180,forward,0,0,263.0,1.7000385312194901,101.53758359017652,1.0,66.0
10:51:24,1.699971,101.537559,0,0,0,0,0,0,0,0,290,180,forward,0,0,263.0,1.7000385312194901,101.53758359017652,0.5,60.0
10:51:26,1.699971,101.537558,0,0,0,0,0,0,0,0,290,180,forward,0,0,263.0,1.7000385312194901,101.53758259017653,0.5,73.0
10:51:28,1.69997,101.537557,0,0,0,0,0,0,0,0,290,180,forward,0,0,263.0,1.7000375312194902,101.53758159017652,0.5,209.0
10:51:30,1.69997,101.537557,0,0,0,0,0,0,0,0,290,180,forward,0,0,263.0,1.7000375312194902,101.53758159017652,0.7,299.0
10:51:32,1.699969,101.537556,0,0,0,0,0,0,0,0,290,180,forward,0,0,263.0,1.7000365312194903,101.53758059017649,0.6,234.0
10:51:35,1.699969,101.537556,0,0,0,0,0,0,0,0,290,180,forward,0,0,263.0,1.7000365312194903,101.53758059017649,0.6,46.0
10:51:37,1.699969,101.537555,0,0,0,0,0,0,0,0,290,180,forward,0,0,263.0,1.7000365312194903,101.53757959017649,0.7,98.0
10:51:39,1.699968,101.537555,0,0,0,0,0,0,0,0,290,180,forward,0,0,263.0,1.7000355312194901,101.53757959017649,0.6,111.0
10:51:41,1.699969,101.537554,0,0,0,0,0,0,0,0,290,180,forward,0,0,263.0,1.7000365312194903,101.5375785901765,0.4,99.0
10:51:43,1.699969,101.537553,0,0,0,0,0,0,0,0,290,180,forward,0,0,263.0,1.7000365312194903,101.5375775901765,0.3,277.0
10:51:46,1.699969,101.537553,0,0,0,0,0,0,0,0,290,180,forward,0,0,263.0,1.7000365312194903,101.5375775901765,0.6,314.0
10:51:48,1.699969,101.537552,0,0,0,0,0,0,0,0,290,180,forward,0,0,263.0,1.7000365312194903,101.5375765901765,0.1,313.0
10:51:50,1.699969,101.537552,0,0,0,0,0,0,0,0,290,180,forward,0,0,263.0,1.7000365312194903,101.5375765901765,0.5,309.0
10:51:52,1.699969,101.537551,0,0,0,0,0,0,0,0,290,180,forward,0,0,263.0,1.7000365312194903,101.53757559017649,0.2,326.0
10:51:54,1.699969,101.537551,0,0,0,0,0,0,0,0,289,180,forward,0,0,263.0,1.7000369499030303,101.53757440733006,0.5,319.0
10:51:57,1.699969,101.537551,0,0,0,0,0,0,0,0,290,180,forward,0,0,263.0,1.7000365312194903,101.53757559017649,0.9,119.0
10:51:59,1.699969,101.537551,0,0,0,0,0,0,0,0,290,180,forward,0,0,263.0,1.7000365312194903,101.53757559017649,1.8,346.0
10:52:01,1.699969,101.537551,0,0,0,0,0,0,0,0,290,180,forward,0,0,263.0,1.7000365312194903,101.53757559017649,1.5,322.0
10:52:03,1.699969,101.537551,0,0,0,0,0,0,0,0,290,180,forward,0,0,263.0,1.7000365312194903,101.53757559017649,1.1,339.0
10:52:05,1.699969,101.537551,0,0,0,0,0,0,0,0,290,180,forward,0,0,263.0,1.7000365312194903,101.53757559017649,0.7,41.0
10:52:08,1.699969,101.537552,0,0,0,0,0,0,0,0,290,180,forward,0,0,263.0,1.7000365312194903,101.5375765901765,1.0,59.0
10:52:10,1.699969,101.537552,0,0,0,0,0,0,0,0,290,180,forward,0,0,263.0,1.7000365312194903,101.5375765901765,0.8,51.0
10:52:12,1.699969,101.537552,0,0,0,0,0,0,0,0,290,180,forward,0,0,263.0,1.7000365312194903,101.5375765901765,0.6,51.0
10:52:14,1.699969,101.537552,0,0,0,0,0,0,0,0,290,180,forward,0,0,263.0,1.7000365312194903,101.5375765901765,0.4,48.0
10:52:16,1.699969,101.537552,0,0,0,0,0,0,0,0,290,180,forward,0,0,263.0,1.7000365312194903,101.5375765901765,0.0,36.0
10:52:19,1.699969,101.537551,0,0,0,0,0,0,0,0,290,180,forward,0,0,263.0,1.7000365312194903,101.53757559017649,0.1,36.0
10:52:21,1.699969,101.537551,0,0,0,0,0,0,0,0,290,180,forward,0,0,263.0,1.7000365312194903,101.53757559017649,0.2,37.0
10:52:23,1.69997,101.53755,0,0,0,0,0,0,0,0,290,180,forward,0,0,263.0,1.7000375312194902,101.5375745901765,0.0,17.0
10:52:25,1.69997,101.53755,0,0,0,0,0,0,0,0,291,180,forward,0,0,263.0,1.700037091965286,101.53757576553255,0.0,59.0
10:52:27,1.69997,101.53755,0,0,0,0,0,0,0,0,290,180,forward,0,0,263.0,1.7000375312194902,101.5375745901765,0.0,339.0
10:52:30,1.69997,101.537551,0,0,0,0,0,0,0,0,290,180,forward,0,0,263.0,1.7000375312194902,101.5375755901765,0.8,6.0
10:52:32,1.699969,101.537551,0,0,0,0,0,0,0,0,290,180,forward,0,0,263.0,1.7000365312194903,101.53757559017649,1.2,26.0
10:52:34,1.699969,101.53755,0,0,0,0,0,0,0,0,289,180,forward,0,0,263.0,1.7000369499030303,101.53757340733006,1.0,29.0
10:52:36,1.699969,101.53755,0,0,0,0,0,0,0,0,289,180,forward,0,0,263.0,1.7000369499030303,101.53757340733006,1.1,267.0
10:52:38,1.699969,101.53755,0,0,0,0,0,0,0,0,289,180,forward,0,0,263.0,1.7000369499030303,101.53757340733006,1.1,245.0
10:52:41,1.699968,101.53755,0,0,0,0,0,0,0,0,289,180,forward,0,0,263.0,1.7000359499030302,101.53757340733004,1.3,302.0
10:52:43,1.699968,101.53755,0,0,0,0,0,0,0,0,289,180,forward,0,0,263.0,1.7000359499030302,101.53757340733004,1.0,333.0
10:52:45,1.699967,101.53755,0,0,0,0,0,0,0,0,289,180,forward,0,0,263.0,1.7000349499030303,101.53757340733003,1.0,337.0
10:52:47,1.699967,101.53755,0,0,0,0,0,0,0,0,289,180,forward,0,0,263.0,1.7000349499030303,101.53757340733003,0.9,315.0
10:52:49,1.699966,101.53755,0,0,0,0,0,0,0,0,289,180,forward,0,0,263.0,1.7000339499030304,101.53757340733002,0.6,355.0
10:52:52,1.699966,101.53755,0,0,0,0,0,0,0,0,288,180,forward,0,0,263.0,1.700034347888372,101.53757221735347,1.0,15.0
10:52:54,1.699965,101.53755,0,0,0,0,0,0,0,0,289,180,forward,0,0,263.0,1.7000329499030302,101.53757340733,0.6,354.0
10:52:56,1.699965,101.53755,0,0,0,0,0,0,0,0,289,180,forward,0,0,263.0,1.7000329499030302,101.53757340733,0.7,14.0
10:52:58,1.699965,101.53755,0,0,0,0,0,0,0,0,289,180,forward,0,0,263.0,1.7000329499030302,101.53757340733,0.5,1.0
10:53:00,1.699964,101.537549,0,0,0,0,0,0,0,0,289,180,forward,0,0,263.0,1.7000319499030303,101.53757240732999,0.9,347.0
10:53:03,1.699964,101.537549,0,0,0,0,0,0,0,0,289,180,forward,0,0,263.0,1.7000319499030303,101.53757240732999,0.8,338.0
10:53:05,1.699964,101.537549,0,0,0,0,0,0,0,0,289,180,forward,0,0,263.0,1.7000319499030303,101.53757240732999,1.0,338.0
10:53:07,1.699964,101.537548,0,0,0,0,0,0,0,0,289,180,forward,0,0,263.0,1.7000319499030303,101.53757140732999,0.6,338.0
10:53:09,1.699963,101.537548,0,0,0,0,0,0,0,0,289,180,forward,0,0,263.0,1.7000309499030302,101.53757140732999,0.2,338.0
10:53:11,1.699963,101.537548,0,0,0,0,0,0,0,0,289,180,forward,0,0,263.0,1.7000309499030302,101.53757140732999,0.5,12.0
10:53:14,1.699964,101.537547,0,0,0,0,0,0,0,0,289,180,forward,0,0,263.0,1.7000319499030303,101.53757040733,0.5,7.0
10:53:16,1.699964,101.537547,0,0,0,0,0,0,0,0,289,180,forward,0,0,263.0,1.7000319499030303,101.53757040733,0.9,34.0
10:53:18,1.699964,101.537547,0,0,0,0,0,0,0,0,289,180,forward,0,0,263.0,1.7000319499030303,101.53757040733,0.8,336.0
10:53:20,1.699965,101.537547,0,0,0,0,0,0,0,0,289,180,forward,0,0,263.0,1.7000329499030302,101.53757040733001,0.9,307.0
10:53:22,1.699965,101.537547,0,0,0,0,0,0,0,0,289,180,forward,0,0,263.0,1.7000329499030302,101.53757040733001,0.7,97.0
10:53:25,1.699965,101.537548,0,0,0,0,0,0,0,0,289,180,forward,0,0,263.0,1.7000329499030302,101.53757140733,0.6,96.0
10:53:27,1.699966,101.537548,0,0,0,0,0,0,0,0,289,180,forward,0,0,263.0,1.7000339499030304,101.53757140733002,0.1,82.0
10:53:29,1.699966,101.537548,0,0,0,0,0,0,0,0,289,180,forward,0,0,263.0,1.7000339499030304,101.53757140733002,0.8,46.0
10:53:31,1.699966,101.537549,0,0,0,0,0,0,0,0,289,180,forward,0,0,263.0,1.7000339499030304,101.53757240733002,1.1,38.0
10:53:33,1.699967,101.537549,0,0,0,0,0,0,0,0,288,180,forward,0,0,263.0,1.7000353478883719,101.53757121735349,1.2,59.0
10:53:36,1.699968,101.537549,0,0,0,0,0,0,0,0,289,180,forward,0,0,263.0,1.7000359499030302,101.53757240733005,1.0,4.0
10:53:38,1.699968,101.537549,0,0,0,0,0,0,0,0,289,180,forward,0,0,263.0,1.7000359499030302,101.53757240733005,0.9,29.0
10:53:40,1.699969,101.537549,0,0,0,0,0,0,0,0,288,180,forward,0,0,263.0,1.700037347888372,101.53757121735352,0.2,333.0
10:53:42,1.699969,101.537549,0,0,0,0,0,0,0,0,289,180,forward,0,0,263.0,1.7000369499030303,101.53757240733006,0.6,336.0
10:53:44,1.69997,101.537549,0,0,0,0,0,0,0,0,289,180,forward,0,0,263.0,1.7000379499030303,101.53757240733007,0.7,16.0
10:53:47,1.69997,101.537549,0,0,0,0,0,0,0,0,289,180,forward,0,0,263.0,1.7000379499030303,101.53757240733007,0.8,47.0
10:53:49,1.69997,101.53755,0,0,0,0,0,0,0,0,289,180,forward,0,0,263.0,1.7000379499030303,101.53757340733007,0.7,30.0
10:53:51,1.69997,101.53755,0,0,0,0,0,0,0,0,288,180,forward,0,0,263.0,1.7000383478883718,101.53757221735353,0.9,57.0
10:53:53,1.69997,101.537551,0,0,0,0,0,0,0,0,289,180,forward,0,0,263.0,1.7000379499030303,101.53757440733007,0.6,49.0
10:53:55,1.69997,101.537551,0,0,0,0,0,0,0,0,289,180,forward,0,0,263.0,1.7000379499030303,101.53757440733007,0.5,46.0
10:53:58,1.69997,101.537552,0,0,0,0,0,0,0,0,289,180,forward,0,0,263.0,1.7000379499030303,101.53757540733008,0.6,349.0
10:54:00,1.69997,101.537552,0,0,0,0,0,0,0,0,289,180,forward,0,0,263.0,1.7000379499030303,101.53757540733008,0.6,35.0
10:54:02,1.69997,101.537552,0,0,0,0,0,0,0,0,289,180,forward,0,0,263.0,1.7000379499030303,101.53757540733008,0.2,19.0
10:54:04,1.69997,101.537552,0,0,0,0,0,0,0,0,289,180,forward,0,0,263.0,1.7000379499030303,101.53757540733008,0.3,46.0
10:54:06,1.69997,101.537552,0,0,0,0,0,0,0,0,289,180,forward,0,0,263.0,1.7000379499030303,101.53757540733008,0.0,359.0
10:54:09,1.69997,101.537552,0,0,0,0,0,0,0,0,288,180,forward,0,0,263.0,1.7000383478883718,101.53757421735354,0.0,16.0
10:54:11,1.69997,101.537552,0,0,0,0,0,0,0,0,289,180,forward,0,0,263.0,1.7000379499030303,101.53757540733008,0.0,30.0
10:54:13,1.69997,101.537552,0,0,0,0,0,0,0,0,289,180,forward,0,0,263.0,1.7000379499030303,101.53757540733008,0.0,269.0
10:54:15,1.699969,101.537552,0,0,0,0,0,0,0,0,289,180,forward,0,0,263.0,1.7000369499030303,101.53757540733007,0.1,199.0
10:54:17,1.699969,101.537552,0,0,0,0,0,0,0,0,288,180,forward,0,0,263.0,1.700037347888372,101.53757421735352,0.2,105.0
10:54:20,1.699969,101.537552,0,0,0,0,0,0,0,0,289,180,forward,0,0,263.0,1.7000369499030303,101.53757540733007,0.7,96.0
10:54:22,1.699969,101.537552,0,0,0,0,0,0,0,0,289,180,forward,0,0,263.0,1.7000369499030303,101.53757540733007,0.7,63.0
10:54:24,1.69997,101.537552,0,0,0,0,0,0,0,0,289,180,forward,0,0,263.0,1.7000379499030303,101.53757540733008,0.4,57.0
10:54:26,1.69997,101.537552,0,0,0,0,0,0,0,0,289,180,forward,0,0,263.0,1.7000379499030303,101.53757540733008,0.6,326.0
10:54:28,1.69997,101.537552,0,0,0,0,0,0,0,0,289,180,forward,0,0,263.0,1.7000379499030303,101.53757540733008,0.6,331.0
10:54:31,1.699971,101.537552,0,0,0,0,0,0,0,0,289,180,forward,0,0,263.0,1.7000389499030302,101.53757540733008,0.5,330.0
10:54:33,1.699971,101.537551,0,0,0,0,0,0,0,0,289,180,forward,0,0,263.0,1.7000389499030302,101.53757440733007,0.5,333.0
10:54:35,1.699971,101.537551,0,0,0,0,0,0,0,0,289,180,forward,0,0,263.0,1.7000389499030302,101.53757440733007,0.6,322.0
10:54:37,1.699971,101.53755,0,0,0,0,0,0,0,0,289,180,forward,0,0,263.0,1.7000389499030302,101.53757340733007,1.0,342.0
10:54:39,1.699971,101.53755,0,0,0,0,0,0,0,0,288,180,forward,0,0,263.0,1.7000393478883717,101.53757221735353,0.7,341.0
10:54:42,1.699971,101.537549,0,0,0,0,0,0,0,0,288,180,forward,0,0,263.0,1.7000393478883717,101.53757121735353,0.4,34.0
10:54:44,1.699971,101.537549,0,0,0,0,0,0,0,0,288,180,forward,0,0,263.0,1.7000393478883717,101.53757121735353,0.6,50.0
10:54:46,1.699971,101.537549,0,0,0,0,0,0,0,0,288,180,forward,0,0,263.0,1.7000393478883717,101.53757121735353,1.4,337.0
10:54:48,1.699971,101.537548,0,0,0,0,0,0,0,0,289,180,forward,0,0,263.0,1.7000389499030302,101.53757140733008,0.9,92.0
10:54:50,1.699971,101.537548,0,0,0,0,0,0,0,0,288,180,forward,0,0,263.0,1.7000393478883717,101.53757021735353,0.6,70.0
10:54:53,1.699971,101.537547,0,0,0,0,0,0,0,0,289,180,forward,0,0,263.0,1.7000389499030302,101.53757040733008,0.6,59.0
10:54:55,1.699971,101.537547,0,0,0,0,0,0,0,0,289,180,forward,0,0,263.0,1.7000389499030302,101.53757040733008,0.5,59.0
10:54:57,1.699971,101.537546,0,0,0,0,0,0,0,0,289,180,forward,0,0,263.0,1.7000389499030302,101.53756940733008,0.0,52.0
10:54:59,1.699971,101.537546,0,0,0,0,0,0,0,0,289,180,forward,0,0,263.0,1.7000389499030302,101.53756940733008,0.1,68.0
10:55:01,1.699971,101.537546,0,0,0,0,0,0,0,0,289,180,forward,0,0,263.0,1.7000389499030302,101.53756940733008,0.0,47.0
10:55:04,1.699971,101.537545,0,0,0,0,0,0,0,0,288,180,forward,0,0,263.0,1.7000393478883717,101.53756721735353,0.0,86.0
10:55:06,1.699971,101.537545,0,0,0,0,0,0,0,0,289,180,forward,0,0,263.0,1.7000389499030302,101.53756840733007,0.1,354.0
10:55:08,1.699971,101.537545,0,0,0,0,0,0,0,0,288,180,forward,0,0,263.0,1.7000393478883717,101.53756721735353,0.0,347.0
10:55:10,1.699971,101.537545,0,0,0,0,0,0,0,0,288,180,forward,0,0,263.0,1.7000393478883717,101.53756721735353,0.0,76.0
10:55:12,1.699971,101.537544,0,0,0,0,0,0,0,0,289,180,forward,0,0,263.0,1.7000389499030302,101.53756740733007,0.1,327.0
10:55:15,1.699971,101.537544,0,0,0,0,0,0,0,0,288,180,forward,0,0,263.0,1.7000393478883717,101.53756621735353,0.0,87.0
10:55:17,1.699971,101.537544,0,0,0,0,0,0,0,0,289,180,forward,0,0,263.0,1.7000389499030302,101.53756740733007,0.0,97.0
10:55:19,1.699971,101.537545,0,0,0,0,0,0,0,0,289,180,forward,0,0,263.0,1.7000389499030302,101.53756840733007,0.0,43.0
10:55:21,1.699971,101.537545,0,0,0,0,0,0,0,0,288,180,forward,0,0,263.0,1.7000393478883717,101.53756721735353,0.0,12.0
10:55:23,1.699971,101.537545,0,0,0,0,0,0,0,0,288,180,forward,0,0,263.0,1.7000393478883717,101.53756721735353,0.2,11.0
10:55:26,1.699971,101.537546,0,0,0,0,0,0,0,0,288,180,forward,0,0,263.0,1.7000393478883717,101.53756821735354,0.5,35.0
10:55:28,1.699972,101.537546,0,0,0,0,0,0,0,0,288,180,forward,0,0,263.0,1.7000403478883719,101.53756821735355,0.3,21.0
10:55:30,1.699972,101.537547,0,0,0,0,0,0,0,0,288,180,forward,0,0,263.0,1.7000403478883719,101.53756921735355,0.2,31.0
10:55:32,1.699972,101.537547,0,0,0,0,0,0,0,0,288,180,forward,0,0,263.0,1.7000403478883719,101.53756921735355,0.8,28.0
10:55:34,1.699972,101.537548,0,0,0,0,0,0,0,0,288,180,forward,0,0,263.0,1.7000403478883719,101.53757021735355,0.6,57.0
10:55:37,1.699973,101.537548,0,0,0,0,0,0,0,0,288,180,forward,0,0,263.0,1.7000413478883718,101.53757021735356,0.6,62.0
10:55:39,1.699973,101.537548,0,0,0,0,0,0,0,0,288,180,forward,0,0,263.0,1.7000413478883718,101.53757021735356,0.6,54.0
10:55:41,1.699973,101.537549,0,0,0,0,0,0,0,0,288,180,forward,0,0,263.0,1.7000413478883718,101.53757121735356,0.6,61.0
10:55:43,1.699973,101.537549,0,0,0,0,0,0,0,0,288,180,forward,0,0,263.0,1.7000413478883718,101.53757121735356,1.8,336.0
10:55:45,1.699973,101.53755,0,0,0,0,0,0,0,0,288,180,forward,0,0,263.0,1.7000413478883718,101.53757221735356,1.7,325.0
10:55:48,1.699973,101.53755,0,0,0,0,0,0,0,0,288,180,forward,0,0,263.0,1.7000413478883718,101.53757221735356,1.2,329.0
10:55:50,1.699973,101.53755,0,0,0,0,0,0,0,0,288,180,forward,0,0,263.0,1.7000413478883718,101.53757221735356,1.1,61.0
10:55:52,1.699973,101.537551,0,0,0,0,0,0,0,0,288,180,forward,0,0,263.0,1.7000413478883718,101.53757321735355,0.6,9.0
10:55:54,1.699973,101.537552,0,0,0,0,0,0,0,0,288,180,forward,0,0,263.0,1.7000413478883718,101.53757421735357,0.6,43.0
10:55:56,1.699973,101.537552,0,0,0,0,0,0,0,0,288,180,forward,0,0,263.0,1.7000413478883718,101.53757421735357,0.2,10.0
10:55:59,1.699972,101.537552,0,0,0,0,0,0,0,0,288,180,forward,0,0,263.0,1.7000403478883719,101.53757421735355,0.9,280.0
10:56:01,1.699972,101.537553,0,0,0,0,0,0,0,0,288,180,forward,0,0,263.0,1.7000403478883719,101.53757521735355,1.2,300.0
10:56:03,1.699972,101.537553,0,0,0,0,0,0,0,0,288,180,forward,0,0,263.0,1.7000403478883719,101.53757521735355,1.5,322.0
10:56:05,1.699972,101.537553,0,0,0,0,0,0,0,0,288,180,forward,0,0,263.0,1.7000403478883719,101.53757521735355,1.4,183.0
10:56:07,1.699972,101.537553,0,0,0,0,0,0,0,0,288,180,forward,0,0,263.0,1.7000403478883719,101.53757521735355,1.5,81.0
10:56:10,1.699972,101.537554,0,0,0,0,0,0,0,0,288,180,forward,0,0,263.0,1.7000403478883719,101.53757621735355,1.0,81.0
10:56:12,1.699972,101.537553,0,0,0,0,0,0,0,0,288,180,forward,0,0,263.0,1.7000403478883719,101.53757521735355,0.8,83.0
10:56:14,1.699972,101.537553,0,0,0,0,0,0,0,0,288,180,forward,0,0,263.0,1.7000403478883719,101.53757521735355,1.4,294.0
10:56:16,1.699972,101.537553,0,0,0,0,0,0,0,0,288,180,forward,0,0,263.0,1.7000403478883719,101.53757521735355,1.3,356.0
10:56:18,1.699972,101.537553,0,0,0,0,0,0,0,0,288,180,forward,0,0,263.0,1.7000403478883719,101.53757521735355,1.4,235.0
10:56:21,1.699972,101.537553,0,0,0,0,0,0,0,0,289,180,forward,0,0,263.0,1.7000399499030303,101.53757640733009,2.4,332.0
10:56:23,1.699972,101.537553,0,0,0,0,0,0,0,0,288,180,forward,0,0,263.0,1.7000403478883719,101.53757521735355,1.6,153.0
10:56:25,1.699972,101.537553,0,0,0,0,0,0,0,0,288,180,forward,0,0,263.0,1.7000403478883719,101.53757521735355,0.9,141.0
10:56:27,1.699972,101.537553,0,0,0,0,0,0,0,0,288,180,forward,0,0,263.0,1.7000403478883719,101.53757521735355,0.8,239.0
10:56:29,1.699972,101.537552,0,0,0,0,0,0,0,0,288,180,forward,0,0,263.0,1.7000403478883719,101.53757421735355,0.9,277.0
10:56:32,1.699972,101.537552,0,0,0,0,0,0,0,0,288,180,forward,0,0,263.0,1.7000403478883719,101.53757421735355,1.1,333.0
10:56:34,1.699972,101.537552,0,0,0,0,0,0,0,0,288,180,forward,0,0,263.0,1.7000403478883719,101.53757421735355,0.6,328.0
10:56:36,1.699972,101.537552,0,0,0,0,0,0,0,0,288,180,forward,0,0,263.0,1.7000403478883719,101.53757421735355,0.7,10.0
10:56:38,1.699972,101.537551,0,0,0,0,0,0,0,0,288,180,forward,0,0,263.0,1.7000403478883719,101.53757321735354,0.5,4.0
10:56:40,1.699972,101.537551,0,0,0,0,0,0,0,0,289,180,forward,0,0,263.0,1.7000399499030303,101.53757440733008,0.6,18.0
10:56:43,1.699971,101.53755,0,0,0,0,0,0,0,0,288,180,forward,0,0,263.0,1.7000393478883717,101.53757221735353,0.4,329.0
10:56:45,1.699971,101.53755,0,0,0,0,0,0,0,0,288,180,forward,0,0,263.0,1.7000393478883717,101.53757221735353,0.9,328.0
10:56:47,1.699971,101.53755,0,0,0,0,0,0,0,0,288,180,forward,0,0,263.0,1.7000393478883717,101.53757221735353,1.1,312.0
10:56:49,1.699971,101.53755,0,0,0,0,0,0,0,0,288,180,forward,0,0,263.0,1.7000393478883717,101.53757221735353,1.2,110.0
10:56:51,1.699971,101.53755,0,0,0,0,0,0,0,0,288,180,forward,0,0,263.0,1.7000393478883717,101.53757221735353,0.5,99.0
10:56:53,1.699971,101.53755,0,0,0,0,0,0,0,0,288,180,forward,0,0,263.0,1.7000393478883717,101.53757221735353,0.2,94.0
10:56:56,1.699971,101.537551,0,0,0,0,0,0,0,0,288,180,forward,0,0,263.0,1.7000393478883717,101.53757321735353,0.4,93.0
10:56:58,1.699971,101.537551,0,0,0,0,0,0,0,0,288,180,forward,0,0,263.0,1.7000393478883717,101.53757321735353,0.2,81.0
10:57:00,1.69997,101.537552,0,0,0,0,0,0,0,0,288,180,forward,0,0,263.0,1.7000383478883718,101.53757421735354,0.0,71.0
10:57:02,1.69997,101.537552,0,0,0,0,0,0,0,0,288,180,forward,0,0,263.0,1.7000383478883718,101.53757421735354,0.2,98.0
10:57:04,1.699969,101.537553,0,0,0,0,0,0,0,0,288,180,forward,0,0,263.0,1.700037347888372,101.53757521735352,0.0,89.0
10:57:06,1.699969,101.537554,0,0,0,0,0,0,0,0,288,180,forward,0,0,263.0,1.700037347888372,101.53757621735352,0.3,31.0
10:57:09,1.699969,101.537554,0,0,0,0,0,0,0,0,288,180,forward,0,0,263.0,1.700037347888372,101.53757621735352,0.1,19.0
10:57:11,1.699968,101.537555,0,0,0,0,0,0,0,0,288,180,forward,0,0,263.0,1.7000363478883718,101.5375772173535,0.6,80.0
10:57:13,1.699968,101.537556,0,0,0,0,0,0,0,0,288,180,forward,0,0,263.0,1.7000363478883718,101.5375782173535,0.9,89.0
10:57:15,1.699968,101.537556,0,0,0,0,0,0,0,0,288,180,forward,0,0,263.0,1.7000363478883718,101.5375782173535,1.0,62.0
10:57:17,1.699968,101.537557,0,0,0,0,0,0,0,0,288,180,forward,0,0,263.0,1.7000363478883718,101.53757921735351,1.1,107.0
10:57:20,1.699968,101.537558,0,0,0,0,0,0,0,0,288,180,forward,0,0,263.0,1.7000363478883718,101.53758021735351,0.9,93.0
10:57:22,1.699968,101.537558,0,0,0,0,0,0,0,0,288,180,forward,0,0,263.0,1.7000363478883718,101.53758021735351,0.9,48.0
10:57:24,1.699968,101.537558,0,0,0,0,0,0,0,0,288,180,forward,0,0,263.0,1.7000363478883718,101.53758021735351,1.2,91.0
10:57:26,1.699968,101.537559,0,0,0,0,0,0,0,0,288,180,forward,0,0,263.0,1.7000363478883718,101.5375812173535,0.9,62.0
10:57:28,1.699968,101.537559,0,0,0,0,0,0,0,0,288,180,forward,0,0,263.0,1.7000363478883718,101.5375812173535,0.8,27.0
10:57:31,1.699968,101.537559,0,0,0,0,0,0,0,0,288,180,forward,0,0,263.0,1.7000363478883718,101.5375812173535,0.8,350.0
10:57:33,1.699968,101.537559,0,0,0,0,0,0,0,0,288,180,forward,0,0,263.0,1.7000363478883718,101.5375812173535,0.5,345.0
10:57:35,1.699968,101.537559,0,0,0,0,0,0,0,0,288,180,forward,0,0,263.0,1.7000363478883718,101.5375812173535,0.6,350.0
10:57:37,1.699968,101.537559,0,0,0,0,0,0,0,0,288,180,forward,0,0,263.0,1.7000363478883718,101.5375812173535,0.7,3.0
10:57:39,1.699968,101.537558,0,0,0,0,0,0,0,0,288,180,forward,0,0,263.0,1.7000363478883718,101.53758021735351,0.7,123.0
10:57:42,1.699968,101.537558,0,0,0,0,0,0,0,0,288,180,forward,0,0,263.0,1.7000363478883718,101.53758021735351,0.8,33.0
10:57:44,1.699968,101.537557,0,0,0,0,0,0,0,0,288,180,forward,0,0,263.0,1.7000363478883718,101.53757921735351,0.8,110.0
10:57:46,1.699969,101.537556,0,0,0,0,0,0,0,0,288,180,forward,0,0,263.0,1.700037347888372,101.53757821735351,0.9,55.0
10:57:48,1.699969,101.537556,0,0,0,0,0,0,0,0,288,180,forward,0,0,263.0,1.700037347888372,101.53757821735351,1.0,127.0
10:57:50,1.699969,101.537556,0,0,0,0,0,0,0,0,288,180,forward,0,0,263.0,1.700037347888372,101.53757821735351,1.1,60.0
10:57:53,1.699969,101.537556,0,0,0,0,0,0,0,0,288,180,forward,0,0,263.0,1.700037347888372,101.53757821735351,1.2,73.0
10:57:55,1.699969,101.537555,0,0,0,0,0,0,0,0,288,180,forward,0,0,263.0,1.700037347888372,101.53757721735352,1.1,70.0
10:57:57,1.699969,101.537555,0,0,0,0,0,0,0,0,288,180,forward,0,0,263.0,1.700037347888372,101.53757721735352,1.0,79.0
10:57:59,1.699969,101.537555,0,0,0,0,0,0,0,0,288,180,forward,0,0,263.0,1.700037347888372,101.53757721735352,0.6,63.0
10:58:01,1.699969,101.537555,0,0,0,0,0,0,0,0,288,180,forward,0,0,263.0,1.700037347888372,101.53757721735352,0.1,65.0
10:58:04,1.69997,101.537555,0,0,0,0,0,0,0,0,288,180,forward,0,0,263.0,1.7000383478883718,101.53757721735353,0.0,65.0
10:58:06,1.69997,101.537555,0,0,0,0,0,0,0,0,288,180,forward,0,0,263.0,1.7000383478883718,101.53757721735353,0.0,1.0
10:58:08,1.69997,101.537555,0,0,0,0,0,0,0,0,288,180,forward,0,0,263.0,1.7000383478883718,101.53757721735353,0.1,64.0
10:58:10,1.699969,101.537556,0,0,0,0,0,0,0,0,288,180,forward,0,0,263.0,1.700037347888372,101.53757821735351,0.0,77.0
10:58:12,1.699969,101.537556,0,0,0,0,0,0,0,0,288,180,forward,0,0,263.0,1.700037347888372,101.53757821735351,0.1,81.0
10:58:15,1.699969,101.537556,0,0,0,0,0,0,0,0,288,180,forward,0,0,263.0,1.700037347888372,101.53757821735351,0.1,84.0
10:58:17,1.699969,101.537556,0,0,0,0,0,0,0,0,288,180,forward,0,0,263.0,1.700037347888372,101.53757821735351,0.4,117.0
10:58:19,1.699969,101.537556,0,0,0,0,0,0,0,0,288,180,forward,0,0,263.0,1.700037347888372,101.53757821735351,0.3,85.0
10:58:21,1.699969,101.537556,0,0,0,0,0,0,0,0,288,180,forward,0,0,263.0,1.700037347888372,101.53757821735351,0.6,45.0
10:58:23,1.699969,101.537556,0,0,0,0,0,0,0,0,288,180,forward,0,0,263.0,1.700037347888372,101.53757821735351,0.5,83.0
10:58:26,1.699969,101.537556,0,0,0,0,0,0,0,0,288,180,forward,0,0,263.0,1.700037347888372,101.53757821735351,0.3,77.0
10:58:28,1.699968,101.537556,0,0,0,0,0,0,0,0,288,180,forward,0,0,263.0,1.7000363478883718,101.5375782173535,0.5,78.0
10:58:30,1.699968,101.537555,0,0,0,0,0,0,0,0,288,180,forward,0,0,263.0,1.7000363478883718,101.5375772173535,0.3,95.0
10:58:32,1.699968,101.537555,0,0,0,0,0,0,0,0,288,180,forward,0,0,263.0,1.7000363478883718,101.5375772173535,0.4,96.0
10:58:34,1.699968,101.537554,0,0,0,0,0,0,0,0,288,180,forward,0,0,263.0,1.7000363478883718,101.5375762173535,0.2,93.0
10:58:37,1.699968,101.537554,0,0,0,0,0,0,0,0,288,180,forward,0,0,263.0,1.7000363478883718,101.5375762173535,0.0,110.0
10:58:39,1.699968,101.537553,0,0,0,0,0,0,0,0,287,180,forward,0,0,263.0,1.7000367250542845,101.53757402060934,0.0,137.0
10:58:41,1.699968,101.537552,0,0,0,0,0,0,0,0,288,180,forward,0,0,263.0,1.7000363478883718,101.53757421735351,0.0,98.0
10:58:43,1.699968,101.537552,0,0,0,0,0,0,0,0,288,180,forward,0,0,263.0,1.7000363478883718,101.53757421735351,0.0,83.0
10:58:45,1.699968,101.537551,0,0,0,0,0,0,0,0,288,180,forward,0,0,263.0,1.7000363478883718,101.5375732173535,0.0,118.0
10:58:48,1.699968,101.53755,0,0,0,0,0,0,0,0,288,180,forward,0,0,263.0,1.7000363478883718,101.5375722173535,0.0,179.0
10:58:50,1.699968,101.537549,0,0,0,0,0,0,0,0,287,180,forward,0,0,263.0,1.7000367250542845,101.53757002060934,0.0,169.0
10:58:52,1.699968,101.537548,0,0,0,0,0,0,0,0,288,180,forward,0,0,263.0,1.7000363478883718,101.5375702173535,0.1,181.0
10:58:54,1.699968,101.537548,0,0,0,0,0,0,0,0,288,180,forward,0,0,263.0,1.7000363478883718,101.5375702173535,0.0,172.0
10:58:56,1.699968,101.537547,0,0,0,0,0,0,0,0,288,180,forward,0,0,263.0,1.7000363478883718,101.53756921735351,0.1,93.0
10:58:59,1.699968,101.537546,0,0,0,0,0,0,0,0,288,180,forward,0,0,263.0,1.7000363478883718,101.53756821735351,0.0,48.0
10:59:01,1.699968,101.537546,0,0,0,0,0,0,0,0,288,180,forward,0,0,263.0,1.7000363478883718,101.53756821735351,0.0,58.0
10:59:03,1.699968,101.537545,0,0,0,0,0,0,0,0,288,180,forward,0,0,263.0,1.7000363478883718,101.5375672173535,0.0,265.0
10:59:05,1.699968,101.537545,0,0,0,0,0,0,0,0,288,180,forward,0,0,263.0,1.7000363478883718,101.5375672173535,0.0,114.0
10:59:07,1.699969,101.537544,0,0,0,0,0,0,0,0,288,180,forward,0,0,263.0,1.700037347888372,101.53756621735351,0.1,125.0
10:59:10,1.699969,101.537544,0,0,0,0,0,0,0,0,288,180,forward,0,0,263.0,1.700037347888372,101.53756621735351,0.1,100.0
10:59:12,1.699969,101.537544,0,0,0,0,0,0,0,0,288,180,forward,0,0,263.0,1.700037347888372,101.53756621735351,0.1,79.0
10:59:14,1.69997,101.537544,0,0,0,0,0,0,0,0,288,180,forward,0,0,263.0,1.7000383478883718,101.53756621735353,0.0,136.0
10:59:16,1.69997,101.537544,0,0,0,0,0,0,0,0,288,180,forward,0,0,263.0,1.7000383478883718,101.53756621735353,0.0,237.0
10:59:18,1.699971,101.537545,0,0,0,0,0,0,0,0,288,180,forward,0,0,263.0,1.7000393478883717,101.53756721735353,0.2,248.0
10:59:21,1.699971,101.537545,0,0,0,0,0,0,0,0,288,180,forward,0,0,263.0,1.7000393478883717,101.53756721735353,0.1,299.0
10:59:23,1.699971,101.537545,0,0,0,0,0,0,0,0,288,180,forward,0,0,263.0,1.7000393478883717,101.53756721735353,0.0,274.0
10:59:25,1.699971,101.537546,0,0,0,0,0,0,0,0,288,180,forward,0,0,263.0,1.7000393478883717,101.53756821735354,0.1,311.0
10:59:27,1.699972,101.537547,0,0,0,0,0,0,0,0,288,180,forward,0,0,263.0,1.7000403478883719,101.53756921735355,0.0,274.0
10:59:29,1.699972,101.537548,0,0,0,0,0,0,0,0,288,180,forward,0,0,263.0,1.7000403478883719,101.53757021735355,0.2,270.0
10:59:32,1.699972,101.537548,0,0,0,0,0,0,0,0,288,180,forward,0,0,263.0,1.7000403478883719,101.53757021735355,0.2,218.0
10:59:34,1.699973,101.537549,0,0,0,0,0,0,0,0,288,180,forward,0,0,263.0,1.7000413478883718,101.53757121735356,0.0,230.0
10:59:36,1.699973,101.537549,0,0,0,0,0,0,0,0,288,180,forward,0,0,263.0,1.7000413478883718,101.53757121735356,1.0,253.0
10:59:38,1.699973,101.537549,0,0,0,0,0,0,0,0,288,180,forward,0,0,263.0,1.7000413478883718,101.53757121735356,0.8,309.0
10:59:40,1.699973,101.53755,0,0,0,0,0,0,0,0,288,180,forward,0,0,263.0,1.7000413478883718,101.53757221735356,0.7,28.0
10:59:43,1.699974,101.53755,0,0,0,0,0,0,0,0,288,180,forward,0,0,263.0,1.700042347888372,101.53757221735357,0.3,110.0
10:59:45,1.699974,101.537551,0,0,0,0,0,0,0,0,288,180,forward,0,0,263.0,1.700042347888372,101.53757321735357,0.3,34.0
10:59:47,1.699974,101.537551,0,0,0,0,0,0,0,0,288,180,forward,0,0,263.0,1.700042347888372,101.53757321735357,1.0,100.0
10:59:49,1.699974,101.537551,0,0,0,0,0,0,0,0,288,180,forward,0,0,263.0,1.700042347888372,101.53757321735357,0.6,17.0
10:59:51,1.699975,101.537551,0,0,0,0,0,0,0,0,287,180,forward,0,0,263.0,1.7000437250542846,101.5375720206094,1.1,24.0
10:59:54,1.699975,101.537551,0,0,0,0,0,0,0,0,288,180,forward,0,0,263.0,1.7000433478883719,101.53757321735358,0.6,6.0
10:59:56,1.699975,101.537551,0,0,0,0,0,0,0,0,288,180,forward,0,0,263.0,1.7000433478883719,101.53757321735358,0.7,17.0
10:59:58,1.699975,101.537551,0,0,0,0,0,0,0,0,288,180,forward,0,0,263.0,1.7000433478883719,101.53757321735358,0.6,1.0
11:00:00,1.699975,101.537551,0,0,0,0,0,0,0,0,288,180,forward,0,0,263.0,1.7000433478883719,101.53757321735358,0.0,25.0
11:00:02,1.699975,101.537551,0,0,0,0,0,0,0,0,288,180,forward,0,0,263.0,1.7000433478883719,101.53757321735358,0.2,353.0
11:00:05,1.699976,101.537551,0,0,0,0,0,0,0,0,288,180,forward,0,0,263.0,1.7000443478883718,101.53757321735358,0.0,349.0
11:00:07,1.699976,101.537552,0,0,0,0,0,0,0,0,288,180,forward,0,0,263.0,1.7000443478883718,101.5375742173536,0.3,151.0
11:00:09,1.699976,101.537551,0,0,0,0,0,0,0,0,288,180,forward,0,0,263.0,1.7000443478883718,101.53757321735358,0.6,250.0
11:00:11,1.699976,101.537551,0,0,0,0,0,0,0,0,288,180,forward,0,0,263.0,1.7000443478883718,101.53757321735358,0.3,224.0
11:00:13,1.699976,101.537551,0,0,0,0,0,0,0,0,288,180,forward,0,0,263.0,1.7000443478883718,101.53757321735358,0.6,111.0
11:00:16,1.699976,101.537551,0,0,0,0,0,0,0,0,288,180,forward,0,0,263.0,1.7000443478883718,101.53757321735358,0.4,143.0
11:00:18,1.699976,101.537551,0,0,0,0,0,0,0,0,288,180,forward,0,0,263.0,1.7000443478883718,101.53757321735358,0.1,115.0
11:00:20,1.699976,101.537552,0,0,0,0,0,0,0,0,288,180,forward,0,0,263.0,1.7000443478883718,101.5375742173536,0.3,87.0
11:00:22,1.699976,101.537552,0,0,0,0,0,0,0,0,288,180,forward,0,0,263.0,1.7000443478883718,101.5375742173536,0.1,48.0
11:00:24,1.699976,101.537552,0,0,0,0,0,0,0,0,288,180,forward,0,0,263.0,1.7000443478883718,101.5375742173536,0.0,60.0
11:00:27,1.699976,101.537552,0,0,0,0,0,0,0,0,287,180,forward,0,0,263.0,1.7000447250542845,101.53757302060943,0.0,55.0
11:00:29,1.699977,101.537552,0,0,0,0,0,0,0,0,288,180,forward,0,0,263.0,1.700045347888372,101.53757421735361,0.0,340.0
11:00:31,1.699977,101.537552,0,0,0,0,0,0,0,0,288,180,forward,0,0,263.0,1.700045347888372,101.53757421735361,0.0,243.0
11:00:33,1.699977,101.537551,0,0,0,0,0,0,0,0,288,180,forward,0,0,263.0,1.700045347888372,101.5375732173536,0.2,213.0
11:00:35,1.699977,101.537551,0,0,0,0,0,0,0,0,288,180,forward,0,0,263.0,1.700045347888372,101.5375732173536,0.1,213.0
11:00:38,1.699977,101.537551,0,0,0,0,0,0,0,0,288,180,forward,0,0,263.0,1.700045347888372,101.5375732173536,0.6,222.0
11:00:40,1.699977,101.53755,0,0,0,0,0,0,0,0,288,180,forward,0,0,263.0,1.700045347888372,101.5375722173536,0.9,199.0
11:00:42,1.699977,101.53755,0,0,0,0,0,0,0,0,288,180,forward,0,0,263.0,1.700045347888372,101.5375722173536,1.0,215.0
11:00:44,1.699976,101.53755,0,0,0,0,0,0,0,0,288,180,forward,0,0,263.0,1.7000443478883718,101.53757221735358,0.6,314.0
11:00:46,1.699976,101.53755,0,0,0,0,0,0,0,0,288,180,forward,0,0,263.0,1.7000443478883718,101.53757221735358,0.5,290.0
11:00:49,1.699976,101.53755,0,0,0,0,0,0,0,0,288,180,forward,0,0,263.0,1.7000443478883718,101.53757221735358,0.5,337.0
11:00:51,1.699975,101.53755,0,0,0,0,0,0,0,0,288,180,forward,0,0,263.0,1.7000433478883719,101.53757221735358,0.1,334.0
11:00:53,1.699975,101.53755,0,0,0,0,0,0,0,0,288,180,forward,0,0,263.0,1.7000433478883719,101.53757221735358,0.0,328.0
11:00:55,1.699975,101.537551,0,0,0,0,0,0,0,0,288,180,forward,0,0,263.0,1.7000433478883719,101.53757321735358,0.2,328.0
11:00:57,1.699974,101.537552,0,0,0,0,0,0,0,0,288,180,forward,0,0,263.0,1.700042347888372,101.53757421735358,0.4,352.0
11:00:59,1.699974,101.537552,0,0,0,0,0,0,0,0,289,180,forward,0,0,263.0,1.7000419499030304,101.53757540733012,0.0,21.0
11:01:02,1.699974,101.537552,0,0,0,0,0,0,0,0,288,180,forward,0,0,263.0,1.700042347888372,101.53757421735358,0.1,18.0
11:01:04,1.699973,101.537553,0,0,0,0,0,0,0,0,288,180,forward,0,0,263.0,1.7000413478883718,101.53757521735356,0.0,17.0
11:01:06,1.699972,101.537553,0,0,0,0,0,0,0,0,288,180,forward,0,0,263.0,1.7000403478883719,101.53757521735355,0.0,22.0
11:01:08,1.699972,101.537553,0,0,0,0,0,0,0,0,288,180,forward,0,0,263.0,1.7000403478883719,101.53757521735355,0.0,41.0
11:01:10,1.699972,101.537553,0,0,0,0,0,0,0,0,288,180,forward,0,0,263.0,1.7000403478883719,101.53757521735355,0.1,31.0
11:01:13,1.699971,101.537553,0,0,0,0,0,0,0,0,287,180,forward,0,0,263.0,1.7000397250542845,101.53757402060937,0.0,31.0
11:01:15,1.699971,101.537553,0,0,0,0,0,0,0,0,288,180,forward,0,0,263.0,1.7000393478883717,101.53757521735353,0.0,38.0
11:01:17,1.699971,101.537553,0,0,0,0,0,0,0,0,288,180,forward,0,0,263.0,1.7000393478883717,101.53757521735353,0.0,16.0
11:01:19,1.69997,101.537553,0,0,0,0,0,0,0,0,288,180,forward,0,0,263.0,1.7000383478883718,101.53757521735353,0.4,356.0
11:01:21,1.69997,101.537553,0,0,0,0,0,0,0,0,288,180,forward,0,0,263.0,1.7000383478883718,101.53757521735353,0.6,9.0
11:01:24,1.69997,101.537552,0,0,0,0,0,0,0,0,288,180,forward,0,0,263.0,1.7000383478883718,101.53757421735354,0.4,9.0
11:01:26,1.699969,101.537552,0,0,0,0,0,0,0,0,288,180,forward,0,0,263.0,1.700037347888372,101.53757421735352,0.2,11.0
11:01:28,1.699969,101.537551,0,0,0,0,0,0,0,0,288,180,forward,0,0,263.0,1.700037347888372,101.53757321735351,0.2,110.0
11:01:30,1.699969,101.537551,0,0,0,0,0,0,0,0,288,180,forward,0,0,263.0,1.700037347888372,101.53757321735351,0.0,78.0
11:01:32,1.699969,101.53755,0,0,0,0,0,0,0,0,288,180,forward,0,0,263.0,1.700037347888372,101.53757221735351,0.1,66.0
11:01:34,1.699969,101.53755,0,0,0,0,0,0,0,0,288,180,forward,0,0,263.0,1.700037347888372,101.53757221735351,0.2,61.0
11:01:37,1.699969,101.537549,0,0,0,0,0,0,0,0,288,180,forward,0,0,263.0,1.700037347888372,101.53757121735352,0.0,62.0
11:01:39,1.699969,101.537549,0,0,0,0,0,0,0,0,288,180,forward,0,0,263.0,1.700037347888372,101.53757121735352,0.0,292.0
11:01:41,1.699969,101.537548,0,0,0,0,0,0,0,0,288,180,forward,0,0,263.0,1.700037347888372,101.53757021735352,0.0,359.0
11:01:43,1.699969,101.537548,0,0,0,0,0,0,0,0,288,180,forward,0,0,263.0,1.700037347888372,101.53757021735352,0.2,250.0
11:01:45,1.699969,101.537548,0,0,0,0,0,0,0,0,288,180,forward,0,0,263.0,1.700037347888372,101.53757021735352,0.0,178.0
11:01:48,1.699969,101.537548,0,0,0,0,0,0,0,0,288,180,forward,0,0,263.0,1.700037347888372,101.53757021735352,0.2,189.0
11:01:50,1.699969,101.537548,0,0,0,0,0,0,0,0,288,180,forward,0,0,263.0,1.700037347888372,101.53757021735352,0.0,189.0
11:01:52,1.699969,101.537548,0,0,0,0,0,0,0,0,288,180,forward,0,0,263.0,1.700037347888372,101.53757021735352,0.0,202.0
11:01:54,1.69997,101.537548,0,0,0,0,0,0,0,0,288,180,forward,0,0,263.0,1.7000383478883718,101.53757021735353,0.0,238.0
11:01:56,1.69997,101.537548,0,0,0,0,0,0,0,0,288,180,forward,0,0,263.0,1.7000383478883718,101.53757021735353,0.1,289.0
11:01:59,1.699971,101.537548,0,0,0,0,0,0,0,0,288,180,forward,0,0,263.0,1.7000393478883717,101.53757021735353,0.1,228.0
11:02:01,1.699971,101.537548,0,0,0,0,0,0,0,0,288,180,forward,0,0,263.0,1.7000393478883717,101.53757021735353,0.0,271.0
11:02:03,1.699972,101.537548,0,0,0,0,0,0,0,0,288,180,forward,0,0,263.0,1.7000403478883719,101.53757021735355,0.0,26.0
11:02:05,1.699972,101.537548,0,0,0,0,0,0,0,0,288,180,forward,0,0,263.0,1.7000403478883719,101.53757021735355,0.0,14.0
11:02:07,1.699972,101.537548,0,0,0,0,0,0,0,0,288,180,forward,0,0,263.0,1.7000403478883719,101.53757021735355,0.0,354.0
11:02:10,1.699972,101.537548,0,0,0,0,0,0,0,0,288,180,forward,0,0,263.0,1.7000403478883719,101.53757021735355,0.2,354.0
11:02:12,1.699973,101.537548,0,0,0,0,0,0,0,0,288,180,forward,0,0,263.0,1.7000413478883718,101.53757021735356,0.0,343.0
11:02:14,1.699973,101.537548,0,0,0,0,0,0,0,0,288,180,forward,0,0,263.0,1.7000413478883718,101.53757021735356,0.0,343.0
11:02:16,1.699973,101.537548,0,0,0,0,0,0,0,0,288,180,forward,0,0,263.0,1.7000413478883718,101.53757021735356,0.0,343.0
11:02:18,1.699973,101.537549,0,0,0,0,0,0,0,0,288,180,forward,0,0,263.0,1.7000413478883718,101.53757121735356,0.4,343.0
11:02:21,1.699973,101.537549,0,0,0,0,0,0,0,0,288,180,forward,0,0,263.0,1.7000413478883718,101.53757121735356,0.6,346.0
11:02:23,1.699973,101.537549,0,0,0,0,0,0,0,0,288,180,forward,0,0,263.0,1.7000413478883718,101.53757121735356,0.5,81.0
11:02:25,1.699973,101.537549,0,0,0,0,0,0,0,0,288,180,forward,0,0,263.0,1.7000413478883718,101.53757121735356,0.6,82.0
11:02:27,1.699973,101.537549,0,0,0,0,0,0,0,0,288,180,forward,0,0,263.0,1.7000413478883718,101.53757121735356,0.7,57.0
11:02:29,1.699973,101.537549,0,0,0,0,0,0,0,0,288,180,forward,0,0,263.0,1.7000413478883718,101.53757121735356,0.6,341.0
11:02:32,1.699973,101.53755,0,0,0,0,0,0,0,0,288,180,forward,0,0,263.0,1.7000413478883718,101.53757221735356,0.6,346.0
11:02:34,1.699973,101.53755,0,0,0,0,0,0,0,0,288,180,forward,0,0,263.0,1.7000413478883718,101.53757221735356,0.5,164.0
11:02:36,1.699973,101.53755,0,0,0,0,0,0,0,0,288,180,forward,0,0,263.0,1.7000413478883718,101.53757221735356,0.4,205.0
11:02:38,1.699973,101.53755,0,0,0,0,0,0,0,0,288,180,forward,0,0,263.0,1.7000413478883718,101.53757221735356,0.0,228.0
11:02:40,1.699973,101.53755,0,0,0,0,0,0,0,0,288,180,forward,0,0,263.0,1.7000413478883718,101.53757221735356,0.0,232.0
11:02:43,1.699973,101.537549,0,0,0,0,0,0,0,0,288,180,forward,0,0,263.0,1.7000413478883718,101.53757121735356,0.2,227.0
11:02:45,1.699973,101.537549,0,0,0,0,0,0,0,0,288,180,forward,0,0,263.0,1.7000413478883718,101.53757121735356,0.0,217.0
11:02:47,1.699973,101.537549,0,0,0,0,0,0,0,0,288,180,forward,0,0,263.0,1.7000413478883718,101.53757121735356,0.0,227.0
11:02:49,1.699974,101.537549,0,0,0,0,0,0,0,0,288,180,forward,0,0,263.0,1.700042347888372,101.53757121735357,0.5,234.0
11:02:51,1.699974,101.537549,0,0,0,0,0,0,0,0,288,180,forward,0,0,263.0,1.700042347888372,101.53757121735357,0.9,20.0
11:02:54,1.699974,101.537549,0,0,0,0,0,0,0,0,288,180,forward,0,0,263.0,1.700042347888372,101.53757121735357,0.5,10.0
11:02:56,1.699975,101.537549,0,0,0,0,0,0,0,0,288,180,forward,0,0,263.0,1.7000433478883719,101.53757121735359,0.2,76.0
11:02:58,1.699975,101.537548,0,0,0,0,0,0,0,0,288,180,forward,0,0,263.0,1.7000433478883719,101.53757021735359,0.4,216.0
11:03:00,1.699976,101.537548,0,0,0,0,0,0,0,0,288,180,forward,0,0,263.0,1.7000443478883718,101.53757021735359,0.0,239.0
11:03:02,1.699976,101.537547,0,0,0,0,0,0,0,0,288,180,forward,0,0,263.0,1.7000443478883718,101.53756921735359,0.0,178.0
11:03:05,1.699977,101.537547,0,0,0,0,0,0,0,0,288,180,forward,0,0,263.0,1.700045347888372,101.5375692173536,0.4,221.0
11:03:07,1.699977,101.537546,0,0,0,0,0,0,0,0,288,180,forward,0,0,263.0,1.700045347888372,101.53756821735361,0.2,209.0
11:03:09,1.699977,101.537546,0,0,0,0,0,0,0,0,288,180,forward,0,0,263.0,1.700045347888372,101.53756821735361,0.4,261.0
11:03:11,1.699978,101.537546,0,0,0,0,0,0,0,0,288,180,forward,0,0,263.0,1.7000463478883718,101.53756821735362,0.4,244.0
11:03:13,1.699978,101.537545,0,0,0,0,0,0,0,0,287,180,forward,0,0,263.0,1.7000467250542846,101.53756602060945,0.5,252.0
11:03:16,1.699978,101.537545,0,0,0,0,0,0,0,0,287,180,forward,0,0,263.0,1.7000467250542846,101.53756602060945,0.2,227.0
11:03:18,1.699978,101.537545,0,0,0,0,0,0,0,0,288,180,forward,0,0,263.0,1.7000463478883718,101.53756721735361,0.2,319.0
11:03:20,1.699979,101.537544,0,0,0,0,0,0,0,0,288,180,forward,0,0,263.0,1.7000473478883718,101.53756621735363,0.1,318.0
11:03:22,1.699979,101.537544,0,0,0,0,0,0,0,0,288,180,forward,0,0,263.0,1.7000473478883718,101.53756621735363,0.2,231.0
11:03:24,1.699979,101.537544,0,0,0,0,0,0,0,0,288,180,forward,0,0,263.0,1.7000473478883718,101.53756621735363,0.2,44.0
11:03:27,1.699979,101.537544,0,0,0,0,0,0,0,0,288,180,forward,0,0,263.0,1.7000473478883718,101.53756621735363,0.0,62.0
11:03:29,1.699979,101.537543,0,0,0,0,0,0,0,0,287,180,forward,0,0,263.0,1.7000477250542845,101.53756402060947,0.1,64.0
11:03:31,1.699979,101.537543,0,0,0,0,0,0,0,0,288,180,forward,0,0,263.0,1.7000473478883718,101.53756521735363,0.0,48.0
11:03:33,1.699979,101.537543,0,0,0,0,0,0,0,0,288,180,forward,0,0,263.0,1.7000473478883718,101.53756521735363,0.0,25.0
11:03:35,1.699978,101.537542,0,0,0,0,0,0,0,0,288,180,forward,0,0,263.0,1.7000463478883718,101.53756421735362,0.0,163.0
11:03:38,1.699978,101.537543,0,0,0,0,0,0,0,0,288,180,forward,0,0,263.0,1.7000463478883718,101.53756521735362,0.5,311.0
11:03:40,1.699978,101.537543,0,0,0,0,0,0,0,0,288,180,forward,0,0,263.0,1.7000463478883718,101.53756521735362,0.2,71.0
11:03:42,1.699978,101.537543,0,0,0,0,0,0,0,0,287,180,forward,0,0,263.0,1.7000467250542846,101.53756402060945,0.3,61.0
11:03:44,1.699979,101.537543,0,0,0,0,0,0,0,0,288,180,forward,0,0,263.0,1.7000473478883718,101.53756521735363,0.0,64.0
11:03:46,1.699979,101.537543,0,0,0,0,0,0,0,0,288,180,forward,0,0,263.0,1.7000473478883718,101.53756521735363,0.3,70.0
11:03:49,1.699978,101.537543,0,0,0,0,0,0,0,0,288,180,forward,0,0,263.0,1.7000463478883718,101.53756521735362,0.2,77.0
11:03:51,1.699978,101.537543,0,0,0,0,0,0,0,0,288,180,forward,0,0,263.0,1.7000463478883718,101.53756521735362,0.4,62.0
11:03:53,1.699978,101.537544,0,0,0,0,0,0,0,0,288,180,forward,0,0,263.0,1.7000463478883718,101.53756621735361,0.1,86.0
11:03:55,1.699978,101.537545,0,0,0,0,0,0,0,0,288,180,forward,0,0,263.0,1.7000463478883718,101.53756721735361,0.2,229.0
11:03:57,1.699977,101.537546,0,0,0,0,0,0,0,0,288,180,forward,0,0,263.0,1.700045347888372,101.53756821735361,0.8,288.0
11:04:00,1.699977,101.537547,0,0,0,0,0,0,0,0,287,180,forward,0,0,263.0,1.7000457250542846,101.53756802060944,0.6,284.0
11:04:02,1.699977,101.537548,0,0,0,0,0,0,0,0,288,180,forward,0,0,263.0,1.700045347888372,101.5375702173536,0.6,313.0
11:04:04,1.699977,101.537549,0,0,0,0,0,0,0,0,288,180,forward,0,0,263.0,1.700045347888372,101.5375712173536,0.6,323.0
11:04:06,1.699976,101.53755,0,0,0,0,0,0,0,0,288,180,forward,0,0,263.0,1.7000443478883718,101.53757221735358,0.6,336.0
11:04:08,1.699976,101.53755,0,0,0,0,0,0,0,0,288,180,forward,0,0,263.0,1.7000443478883718,101.53757221735358,0.6,336.0
11:04:11,1.699976,101.537551,0,0,0,0,0,0,0,0,288,180,forward,0,0,263.0,1.7000443478883718,101.53757321735358,0.0,341.0
11:04:13,1.699975,101.537552,0,0,0,0,0,0,0,0,288,180,forward,0,0,263.0,1.7000433478883719,101.5375742173536,0.1,341.0
11:04:15,1.699974,101.537553,0,0,0,0,0,0,0,0,288,180,forward,0,0,263.0,1.700042347888372,101.53757521735358,0.2,64.0
11:04:17,1.699974,101.537553,0,0,0,0,0,0,0,0,288,180,forward,0,0,263.0,1.700042347888372,101.53757521735358,0.2,74.0
11:04:19,1.699973,101.537554,0,0,0,0,0,0,0,0,288,180,forward,0,0,263.0,1.7000413478883718,101.53757621735356,0.3,69.0
11:04:22,1.699973,101.537555,0,0,0,0,0,0,0,0,288,180,forward,0,0,263.0,1.7000413478883718,101.53757721735356,0.0,70.0
11:04:24,1.699972,101.537555,0,0,0,0,0,0,0,0,288,180,forward,0,0,263.0,1.7000403478883719,101.53757721735354,0.0,80.0
11:04:26,1.699972,101.537556,0,0,0,0,0,0,0,0,288,180,forward,0,0,263.0,1.7000403478883719,101.53757821735354,1.2,110.0
11:04:28,1.699972,101.537556,0,0,0,0,0,0,0,0,288,180,forward,0,0,263.0,1.7000403478883719,101.53757821735354,1.1,108.0
11:04:30,1.699972,101.537557,0,0,0,0,0,0,0,0,288,180,forward,0,0,263.0,1.7000403478883719,101.53757921735355,0.8,137.0
11:04:33,1.699972,101.537557,0,0,0,0,0,0,0,0,287,180,forward,0,0,263.0,1.7000407250542846,101.53757802060939,0.7,25.0
11:04:35,1.699972,101.537558,0,0,0,0,0,0,0,0,288,180,forward,0,0,263.0,1.7000403478883719,101.53758021735355,0.9,19.0
11:04:37,1.699972,101.537558,0,0,0,0,0,0,0,0,288,180,forward,0,0,263.0,1.7000403478883719,101.53758021735355,0.5,5.0
11:04:39,1.699972,101.537558,0,0,0,0,0,0,0,0,288,180,forward,0,0,263.0,1.7000403478883719,101.53758021735355,0.4,5.0
11:04:41,1.699972,101.537558,0,0,0,0,0,0,0,0,288,180,forward,0,0,263.0,1.7000403478883719,101.53758021735355,0.0,13.0
11:04:44,1.699972,101.537558,0,0,0,0,0,0,0,0,288,180,forward,0,0,263.0,1.7000403478883719,101.53758021735355,0.0,30.0
11:04:46,1.699972,101.537558,0,0,0,0,0,0,0,0,288,180,forward,0,0,263.0,1.7000403478883719,101.53758021735355,0.3,22.0
11:04:48,1.699972,101.537559,0,0,0,0,0,0,0,0,288,180,forward,0,0,263.0,1.7000403478883719,101.53758121735355,0.5,38.0
11:04:50,1.699972,101.537559,0,0,0,0,0,0,0,0,288,180,forward,0,0,263.0,1.7000403478883719,101.53758121735355,0.6,22.0
11:04:52,1.699972,101.537559,0,0,0,0,0,0,0,0,288,180,forward,0,0,263.0,1.7000403478883719,101.53758121735355,0.6,12.0
11:04:55,1.699972,101.537559,0,0,0,0,0,0,0,0,288,180,forward,0,0,263.0,1.7000403478883719,101.53758121735355,0.6,13.0
11:04:57,1.699972,101.537559,0,0,0,0,0,0,0,0,288,180,forward,0,0,263.0,1.7000403478883719,101.53758121735355,0.5,69.0
11:04:59,1.699972,101.537559,0,0,0,0,0,0,0,0,288,180,forward,0,0,263.0,1.7000403478883719,101.53758121735355,0.5,60.0
11:05:01,1.699972,101.537558,0,0,0,0,0,0,0,0,287,180,forward,0,0,263.0,1.7000407250542846,101.53757902060939,0.5,151.0
11:05:03,1.699972,101.537557,0,0,0,0,0,0,0,0,288,180,forward,0,0,263.0,1.7000403478883719,101.53757921735355,0.5,256.0
11:05:06,1.699972,101.537556,0,0,0,0,0,0,0,0,288,180,forward,0,0,263.0,1.7000403478883719,101.53757821735354,0.4,226.0
11:05:08,1.699972,101.537556,0,0,0,0,0,0,0,0,288,180,forward,0,0,263.0,1.7000403478883719,101.53757821735354,0.0,227.0
11:05:10,1.699972,101.537555,0,0,0,0,0,0,0,0,288,180,forward,0,0,263.0,1.7000403478883719,101.53757721735354,0.6,223.0
11:05:12,1.699972,101.537554,0,0,0,0,0,0,0,0,288,180,forward,0,0,263.0,1.7000403478883719,101.53757621735355,0.6,209.0
11:05:14,1.699971,101.537554,0,0,0,0,0,0,0,0,288,180,forward,0,0,263.0,1.7000393478883717,101.53757621735353,0.0,219.0
11:05:17,1.699971,101.537553,0,0,0,0,0,0,0,0,288,180,forward,0,0,263.0,1.7000393478883717,101.53757521735353,0.2,222.0
11:05:19,1.699971,101.537552,0,0,0,0,0,0,0,0,288,180,forward,0,0,263.0,1.7000393478883717,101.53757421735354,0.3,264.0
11:05:21,1.699971,101.537552,0,0,0,0,0,0,0,0,288,180,forward,0,0,263.0,1.7000393478883717,101.53757421735354,0.3,278.0
11:05:23,1.699971,101.537552,0,0,0,0,0,0,0,0,288,180,forward,0,0,263.0,1.7000393478883717,101.53757421735354,0.3,283.0
11:05:25,1.699971,101.537551,0,0,0,0,0,0,0,0,287,180,forward,0,0,263.0,1.7000397250542845,101.53757202060936,0.4,271.0
11:05:28,1.699971,101.53755,0,0,0,0,0,0,0,0,288,180,forward,0,0,263.0,1.7000393478883717,101.53757221735353,0.4,263.0
11:05:30,1.69997,101.53755,0,0,0,0,0,0,0,0,288,180,forward,0,0,263.0,1.7000383478883718,101.53757221735353,0.0,306.0
11:05:32,1.69997,101.537549,0,0,0,0,0,0,0,0,288,180,forward,0,0,263.0,1.7000383478883718,101.53757121735353,0.2,306.0
11:05:34,1.69997,101.537549,0,0,0,0,0,0,0,0,288,180,forward,0,0,263.0,1.7000383478883718,101.53757121735353,0.0,297.0
11:05:36,1.69997,101.537548,0,0,0,0,0,0,0,0,287,180,forward,0,0,263.0,1.7000387250542845,101.53756902060937,0.1,296.0
11:05:38,1.69997,101.537548,0,0,0,0,0,0,0,0,288,180,forward,0,0,263.0,1.7000383478883718,101.53757021735353,0.1,302.0
11:05:41,1.699971,101.537548,0,0,0,0,0,0,0,0,288,180,forward,0,0,263.0,1.7000393478883717,101.53757021735353,0.2,302.0
11:05:43,1.699971,101.537548,0,0,0,0,0,0,0,0,288,180,forward,0,0,263.0,1.7000393478883717,101.53757021735353,0.3,320.0
11:05:45,1.699971,101.537548,0,0,0,0,0,0,0,0,288,180,forward,0,0,263.0,1.7000393478883717,101.53757021735353,0.1,321.0
11:05:47,1.699971,101.537548,0,0,0,0,0,0,0,0,288,180,forward,0,0,263.0,1.7000393478883717,101.53757021735353,0.1,323.0
11:05:49,1.699971,101.537548,0,0,0,0,0,0,0,0,288,180,forward,0,0,263.0,1.7000393478883717,101.53757021735353,0.0,333.0
11:05:52,1.699971,101.537548,0,0,0,0,0,0,0,0,288,180,forward,0,0,263.0,1.7000393478883717,101.53757021735353,0.1,333.0
11:05:54,1.699971,101.537548,0,0,0,0,0,0,0,0,288,180,forward,0,0,263.0,1.7000393478883717,101.53757021735353,0.0,333.0
11:05:56,1.699971,101.537549,0,0,0,0,0,0,0,0,288,180,forward,0,0,263.0,1.7000393478883717,101.53757121735353,0.0,347.0
11:05:58,1.699971,101.53755,0,0,0,0,0,0,0,0,288,180,forward,0,0,263.0,1.7000393478883717,101.53757221735353,0.0,356.0
11:06:00,1.699971,101.53755,0,0,0,0,0,0,0,0,288,180,forward,0,0,263.0,1.7000393478883717,101.53757221735353,0.0,44.0
11:06:03,1.699971,101.537551,0,0,0,0,0,0,0,0,288,180,forward,0,0,263.0,1.7000393478883717,101.53757321735353,0.0,18.0
11:06:05,1.699971,101.537552,0,0,0,0,0,0,0,0,288,180,forward,0,0,263.0,1.7000393478883717,101.53757421735354,0.0,30.0
11:06:07,1.699972,101.537553,0,0,0,0,0,0,0,0,288,180,forward,0,0,263.0,1.7000403478883719,101.53757521735355,0.0,352.0
11:06:09,1.699972,101.537554,0,0,0,0,0,0,0,0,288,180,forward,0,0,263.0,1.7000403478883719,101.53757621735355,0.0,356.0
11:06:11,1.699972,101.537555,0,0,0,0,0,0,0,0,288,180,forward,0,0,263.0,1.7000403478883719,101.53757721735354,0.1,355.0
11:06:14,1.699972,101.537556,0,0,0,0,0,0,0,0,288,180,forward,0,0,263.0,1.7000403478883719,101.53757821735354,0.3,355.0
11:06:16,1.699973,101.537556,0,0,0,0,0,0,0,0,287,180,forward,0,0,263.0,1.7000417250542845,101.53757702060939,0.1,355.0
11:06:18,1.699973,101.537558,0,0,0,0,0,0,0,0,287,180,forward,0,0,263.0,1.7000417250542845,101.5375790206094,0.1,1.0
11:06:20,1.699974,101.537558,0,0,0,0,0,0,0,0,288,180,forward,0,0,263.0,1.700042347888372,101.53758021735358,0.3,155.0
11:06:22,1.699974,101.537559,0,0,0,0,0,0,0,0,288,180,forward,0,0,263.0,1.700042347888372,101.53758121735358,0.4,47.0
11:06:25,1.699974,101.53756,0,0,0,0,0,0,0,0,288,180,forward,0,0,263.0,1.700042347888372,101.53758221735357,0.4,131.0
11:06:27,1.699975,101.537561,0,0,0,0,0,0,0,0,288,180,forward,0,0,263.0,1.7000433478883719,101.53758321735359,0.2,172.0
11:06:29,1.699975,101.537562,0,0,0,0,0,0,0,0,288,180,forward,0,0,263.0,1.7000433478883719,101.53758421735358,0.8,214.0
11:06:31,1.699976,101.537562,0,0,0,0,0,0,0,0,288,180,forward,0,0,263.0,1.7000443478883718,101.53758421735358,1.0,216.0
11:06:33,1.699976,101.537563,0,0,0,0,0,0,0,0,288,180,forward,0,0,263.0,1.7000443478883718,101.5375852173536,0.7,163.0
11:06:36,1.699977,101.537563,0,0,0,0,0,0,0,0,288,180,forward,0,0,263.0,1.700045347888372,101.53758521735361,0.5,239.0
11:06:38,1.699977,101.537564,0,0,0,0,0,0,0,0,288,180,forward,0,0,263.0,1.700045347888372,101.5375862173536,0.6,194.0
11:06:40,1.699978,101.537564,0,0,0,0,0,0,0,0,288,180,forward,0,0,263.0,1.7000463478883718,101.53758621735362,0.4,230.0
11:06:42,1.699978,101.537564,0,0,0,0,0,0,0,0,288,180,forward,0,0,263.0,1.7000463478883718,101.53758621735362,0.5,239.0
11:06:44,1.699978,101.537564,0,0,0,0,0,0,0,0,287,180,forward,0,0,263.0,1.7000467250542846,101.53758502060946,0.1,218.0
11:06:47,1.699979,101.537563,0,0,0,0,0,0,0,0,288,180,forward,0,0,263.0,1.7000473478883718,101.53758521735364,0.0,199.0
11:06:49,1.699979,101.537563,0,0,0,0,0,0,0,0,288,180,forward,0,0,263.0,1.7000473478883718,101.53758521735364,0.1,216.0
11:06:51,1.699979,101.537563,0,0,0,0,0,0,0,0,288,180,forward,0,0,263.0,1.7000473478883718,101.53758521735364,0.2,213.0
11:06:53,1.699979,101.537562,0,0,0,0,0,0,0,0,288,180,forward,0,0,263.0,1.7000473478883718,101.53758421735363,0.1,213.0
11:06:55,1.699979,101.537561,0,0,0,0,0,0,0,0,288,180,forward,0,0,263.0,1.7000473478883718,101.53758321735363,0.0,212.0
11:06:58,1.699979,101.537561,0,0,0,0,0,0,0,0,288,180,forward,0,0,263.0,1.7000473478883718,101.53758321735363,0.0,208.0
11:07:00,1.699979,101.537561,0,0,0,0,0,0,0,0,288,180,forward,0,0,263.0,1.7000473478883718,101.53758321735363,0.0,210.0
11:07:02,1.699979,101.53756,0,0,0,0,0,0,0,0,288,180,forward,0,0,263.0,1.7000473478883718,101.53758221735363,0.0,21.0
11:07:04,1.699979,101.53756,0,0,0,0,0,0,0,0,288,180,forward,0,0,263.0,1.7000473478883718,101.53758221735363,0.1,352.0
11:07:06,1.699979,101.53756,0,0,0,0,0,0,0,0,288,180,forward,0,0,263.0,1.7000473478883718,101.53758221735363,0.0,34.0
11:07:09,1.699979,101.53756,0,0,0,0,0,0,0,0,287,180,forward,0,0,263.0,1.7000477250542845,101.53758102060947,0.0,21.0
11:07:11,1.699979,101.537559,0,0,0,0,0,0,0,0,288,180,forward,0,0,263.0,1.7000473478883718,101.53758121735363,0.0,13.0
11:07:13,1.699979,101.537559,0,0,0,0,0,0,0,0,288,180,forward,0,0,263.0,1.7000473478883718,101.53758121735363,0.0,10.0
11:07:15,1.699979,101.537559,0,0,0,0,0,0,0,0,288,180,forward,0,0,263.0,1.7000473478883718,101.53758121735363,0.0,10.0
11:07:17,1.699979,101.537559,0,0,0,0,0,0,0,0,288,180,forward,0,0,263.0,1.7000473478883718,101.53758121735363,0.0,14.0
11:07:20,1.699979,101.537559,0,0,0,0,0,0,0,0,288,180,forward,0,0,263.0,1.7000473478883718,101.53758121735363,0.0,28.0
11:07:22,1.699979,101.537559,0,0,0,0,0,0,0,0,288,180,forward,0,0,263.0,1.7000473478883718,101.53758121735363,0.0,26.0
11:07:24,1.699979,101.537559,0,0,0,0,0,0,0,0,288,180,forward,0,0,263.0,1.7000473478883718,101.53758121735363,0.0,26.0
11:07:26,1.699979,101.537559,0,0,0,0,0,0,0,0,288,180,forward,0,0,263.0,1.7000473478883718,101.53758121735363,0.0,21.0
11:07:28,1.699979,101.53756,0,0,0,0,0,0,0,0,288,180,forward,0,0,263.0,1.7000473478883718,101.53758221735363,0.0,19.0
11:07:31,1.699979,101.53756,0,0,0,0,0,0,0,0,288,180,forward,0,0,263.0,1.7000473478883718,101.53758221735363,0.5,70.0
11:07:33,1.699979,101.53756,0,0,0,0,0,0,0,0,288,180,forward,0,0,263.0,1.7000473478883718,101.53758221735363,0.5,18.0
11:07:35,1.699979,101.53756,0,0,0,0,0,0,0,0,288,180,forward,0,0,263.0,1.7000473478883718,101.53758221735363,0.5,241.0
11:07:37,1.699979,101.537561,0,0,0,0,0,0,0,0,288,180,forward,0,0,263.0,1.7000473478883718,101.53758321735363,0.3,85.0
11:07:39,1.699979,101.537561,0,0,0,0,0,0,0,0,288,180,forward,0,0,263.0,1.7000473478883718,101.53758321735363,0.5,60.0
11:07:42,1.699979,101.537561,0,0,0,0,0,0,0,0,287,180,forward,0,0,263.0,1.7000477250542845,101.53758202060946,0.6,52.0
11:07:44,1.699979,101.537561,0,0,0,0,0,0,0,0,288,180,forward,0,0,263.0,1.7000473478883718,101.53758321735363,0.4,32.0
11:07:46,1.69998,101.537561,0,0,0,0,0,0,0,0,288,180,forward,0,0,263.0,1.700048347888372,101.53758321735364,0.6,350.0
11:07:48,1.69998,101.537561,0,0,0,0,0,0,0,0,288,180,forward,0,0,263.0,1.700048347888372,101.53758321735364,0.6,353.0
11:07:50,1.69998,101.537561,0,0,0,0,0,0,0,0,288,180,forward,0,0,263.0,1.700048347888372,101.53758321735364,0.5,4.0
11:07:53,1.69998,101.537561,0,0,0,0,0,0,0,0,288,180,forward,0,0,263.0,1.700048347888372,101.53758321735364,0.5,119.0
11:07:55,1.69998,101.537561,0,0,0,0,0,0,0,0,287,180,forward,0,0,263.0,1.7000487250542846,101.53758202060946,0.5,61.0
11:07:57,1.69998,101.537561,0,0,0,0,0,0,0,0,288,180,forward,0,0,263.0,1.700048347888372,101.53758321735364,0.5,69.0
11:07:59,1.69998,101.537561,0,0,0,0,0,0,0,0,288,180,forward,0,0,263.0,1.700048347888372,101.53758321735364,0.7,97.0
11:08:01,1.69998,101.53756,0,0,0,0,0,0,0,0,288,180,forward,0,0,263.0,1.700048347888372,101.53758221735364,0.6,110.0
11:08:04,1.699979,101.53756,0,0,0,0,0,0,0,0,288,180,forward,0,0,263.0,1.7000473478883718,101.53758221735363,0.9,93.0
11:08:06,1.699979,101.537559,0,0,0,0,0,0,0,0,287,180,forward,0,0,263.0,1.7000477250542845,101.53758002060947,0.7,93.0
11:08:08,1.699979,101.537559,0,0,0,0,0,0,0,0,288,180,forward,0,0,263.0,1.7000473478883718,101.53758121735363,0.6,92.0
11:08:10,1.699979,101.537558,0,0,0,0,0,0,0,0,288,180,forward,0,0,263.0,1.7000473478883718,101.53758021735364,0.3,96.0
11:08:12,1.699979,101.537558,0,0,0,0,0,0,0,0,288,180,forward,0,0,263.0,1.7000473478883718,101.53758021735364,0.4,18.0
11:08:14,1.699978,101.537557,0,0,0,0,0,0,0,0,288,180,forward,0,0,263.0,1.7000463478883718,101.53757921735362,0.4,94.0
11:08:17,1.699978,101.537557,0,0,0,0,0,0,0,0,288,180,forward,0,0,263.0,1.7000463478883718,101.53757921735362,0.6,92.0
11:08:19,1.699977,101.537556,0,0,0,0,0,0,0,0,288,180,forward,0,0,263.0,1.700045347888372,101.5375782173536,0.5,134.0
11:08:21,1.699977,101.537555,0,0,0,0,0,0,0,0,288,180,forward,0,0,263.0,1.700045347888372,101.5375772173536,0.7,325.0
11:08:23,1.699976,101.537554,0,0,0,0,0,0,0,0,288,180,forward,0,0,263.0,1.7000443478883718,101.53757621735359,0.8,331.0
11:08:25,1.699976,101.537554,0,0,0,0,0,0,0,0,288,180,forward,0,0,263.0,1.7000443478883718,101.53757621735359,1.2,332.0
11:08:28,1.699975,101.537553,0,0,0,0,0,0,0,0,288,180,forward,0,0,263.0,1.7000433478883719,101.53757521735359,1.0,332.0
11:08:30,1.699975,101.537553,0,0,0,0,0,0,0,0,288,180,forward,0,0,263.0,1.7000433478883719,101.53757521735359,1.2,336.0
11:08:32,1.699975,101.537552,0,0,0,0,0,0,0,0,288,180,forward,0,0,263.0,1.7000433478883719,101.5375742173536,1.3,2.0
11:08:34,1.699975,101.537552,0,0,0,0,0,0,0,0,288,180,forward,0,0,263.0,1.7000433478883719,101.5375742173536,1.3,34.0
11:08:36,1.699975,101.537551,0,0,0,0,0,0,0,0,288,180,forward,0,0,263.0,1.7000433478883719,101.53757321735358,0.9,350.0
11:08:39,1.699975,101.53755,0,0,0,0,0,0,0,0,288,180,forward,0,0,263.0,1.7000433478883719,101.53757221735358,0.7,335.0
11:08:41,1.699975,101.537549,0,0,0,0,0,0,0,0,288,180,forward,0,0,263.0,1.7000433478883719,101.53757121735359,0.8,233.0
11:08:43,1.699975,101.537549,0,0,0,0,0,0,0,0,288,180,forward,0,0,263.0,1.7000433478883719,101.53757121735359,0.6,122.0
11:08:45,1.699975,101.537548,0,0,0,0,0,0,0,0,288,180,forward,0,0,263.0,1.7000433478883719,101.53757021735359,0.6,64.0
11:08:47,1.699974,101.537548,0,0,0,0,0,0,0,0,288,180,forward,0,0,263.0,1.700042347888372,101.53757021735358,1.6,327.0
11:08:50,1.699974,101.537547,0,0,0,0,0,0,0,0,288,180,forward,0,0,263.0,1.700042347888372,101.53756921735358,1.6,86.0
11:08:52,1.699974,101.537547,0,0,0,0,0,0,0,0,288,180,forward,0,0,263.0,1.700042347888372,101.53756921735358,1.2,6.0
11:08:54,1.699974,101.537546,0,0,0,0,0,0,0,0,288,180,forward,0,0,263.0,1.700042347888372,101.53756821735358,0.9,32.0
11:08:56,1.699974,101.537546,0,0,0,0,0,0,0,0,288,180,forward,0,0,263.0,1.700042347888372,101.53756821735358,0.7,67.0
11:08:58,1.699973,101.537546,0,0,0,0,0,0,0,0,288,180,forward,0,0,263.0,1.7000413478883718,101.53756821735357,0.8,89.0
11:09:01,1.699973,101.537547,0,0,0,0,0,0,0,0,287,180,forward,0,0,263.0,1.7000417250542845,101.5375680206094,1.3,95.0
11:09:03,1.699973,101.537547,0,0,0,0,0,0,0,0,288,180,forward,0,0,263.0,1.7000413478883718,101.53756921735356,1.0,154.0
11:09:05,1.699973,101.537547,0,0,0,0,0,0,0,0,288,180,forward,0,0,263.0,1.7000413478883718,101.53756921735356,0.8,89.0
11:09:07,1.699972,101.537547,0,0,0,0,0,0,0,0,288,180,forward,0,0,263.0,1.7000403478883719,101.53756921735355,0.8,97.0
11:09:09,1.699972,101.537547,0,0,0,0,0,0,0,0,288,180,forward,0,0,263.0,1.7000403478883719,101.53756921735355,0.8,36.0
11:09:12,1.699972,101.537547,0,0,0,0,0,0,0,0,288,180,forward,0,0,263.0,1.7000403478883719,101.53756921735355,0.8,36.0
11:09:14,1.699972,101.537547,0,0,0,0,0,0,0,0,288,180,forward,0,0,263.0,1.7000403478883719,101.53756921735355,0.8,36.0
11:09:16,1.699972,101.537547,0,0,0,0,0,0,0,0,288,180,forward,0,0,263.0,1.7000403478883719,101.53756921735355,0.8,36.0
11:09:18,1.699972,101.537547,0,0,0,0,0,0,0,0,288,180,forward,0,0,263.0,1.7000403478883719,101.53756921735355,0.8,36.0
11:09:20,1.699972,101.537547,0,0,0,0,0,0,0,0,288,180,forward,0,0,263.0,1.7000403478883719,101.53756921735355,0.8,36.0
11:09:23,1.699972,101.537547,0,0,0,0,0,0,0,0,288,180,forward,0,0,263.0,1.7000403478883719,101.53756921735355,0.8,36.0
11:09:25,1.699972,101.537547,0,0,0,0,0,0,0,0,288,180,forward,0,0,263.0,1.7000403478883719,101.53756921735355,0.8,36.0
11:09:27,1.699972,101.537547,0,0,0,0,0,0,0,0,288,180,forward,0,0,263.0,1.7000403478883719,101.53756921735355,0.8,36.0
11:09:29,1.699972,101.537547,0,0,0,0,0,0,0,0,288,180,forward,0,0,263.0,1.7000403478883719,101.53756921735355,0.8,36.0
11:09:31,1.699972,101.537547,0,0,0,0,0,0,0,0,288,180,forward,0,0,263.0,1.7000403478883719,101.53756921735355,0.8,36.0
11:09:34,1.699972,101.537547,0,0,0,0,0,0,0,0,288,180,forward,0,0,263.0,1.7000403478883719,101.53756921735355,0.8,36.0
11:09:36,1.699972,101.537547,0,0,0,0,0,0,0,0,288,180,forward,0,0,263.0,1.7000403478883719,101.53756921735355,0.8,36.0
11:09:38,1.699972,101.537547,0,0,0,0,0,0,0,0,288,180,forward,0,0,263.0,1.7000403478883719,101.53756921735355,0.8,36.0
11:09:40,1.699972,101.537547,0,0,0,0,0,0,0,0,288,180,forward,0,0,263.0,1.7000403478883719,101.53756921735355,0.8,36.0
11:09:42,1.699972,101.537547,0,0,0,0,0,0,0,0,288,180,forward,0,0,263.0,1.7000403478883719,101.53756921735355,0.8,36.0
11:09:45,1.699972,101.537547,0,0,0,0,0,0,0,0,288,180,forward,0,0,263.0,1.7000403478883719,101.53756921735355,0.8,36.0
11:09:47,1.699972,101.537547,0,0,0,0,0,0,0,0,288,180,forward,0,0,263.0,1.7000403478883719,101.53756921735355,0.8,36.0
11:09:49,1.699972,101.537547,0,0,0,0,0,0,0,0,288,180,forward,0,0,263.0,1.7000403478883719,101.53756921735355,0.8,36.0
11:09:51,1.699972,101.537547,0,0,0,0,0,0,0,0,288,180,forward,0,0,263.0,1.7000403478883719,101.53756921735355,0.8,36.0
11:09:53,1.699972,101.537547,0,0,0,0,0,0,0,0,288,180,forward,0,0,263.0,1.7000403478883719,101.53756921735355,0.8,36.0
11:09:55,1.699972,101.537547,0,0,0,0,0,0,0,0,288,180,forward,0,0,263.0,1.7000403478883719,101.53756921735355,0.8,36.0
11:09:58,1.699972,101.537547,0,0,0,0,0,0,0,0,288,180,forward,0,0,263.0,1.7000403478883719,101.53756921735355,0.8,36.0
11:10:00,1.699972,101.537547,0,0,0,0,0,0,0,0,288,180,forward,0,0,263.0,1.7000403478883719,101.53756921735355,0.8,36.0
11:10:02,1.699972,101.537547,0,0,0,0,0,0,0,0,288,180,forward,0,0,263.0,1.7000403478883719,101.53756921735355,0.8,36.0
11:10:04,1.699972,101.537547,0,0,0,0,0,0,0,0,288,180,forward,0,0,263.0,1.7000403478883719,101.53756921735355,0.8,36.0
11:10:06,1.699972,101.537547,0,0,0,0,0,0,0,0,288,180,forward,0,0,263.0,1.7000403478883719,101.53756921735355,0.8,36.0
11:10:09,1.699972,101.537547,0,0,0,0,0,0,0,0,288,180,forward,0,0,263.0,1.7000403478883719,101.53756921735355,0.8,36.0
11:10:11,1.699972,101.537547,0,0,0,0,0,0,0,0,288,180,forward,0,0,263.0,1.7000403478883719,101.53756921735355,0.8,36.0
11:10:13,1.699972,101.537547,0,0,0,0,0,0,0,0,288,180,forward,0,0,263.0,1.7000403478883719,101.53756921735355,0.8,36.0
11:10:15,1.699972,101.537547,0,0,0,0,0,0,0,0,288,180,forward,0,0,263.0,1.7000403478883719,101.53756921735355,0.8,36.0
11:10:17,1.699972,101.537547,0,0,0,0,0,0,0,0,288,180,forward,0,0,263.0,1.7000403478883719,101.53756921735355,0.8,36.0
11:10:20,1.699972,101.537547,0,0,0,0,0,0,0,0,288,180,forward,0,0,263.0,1.7000403478883719,101.53756921735355,0.8,36.0
11:10:22,1.699972,101.537547,0,0,0,0,0,0,0,0,288,180,forward,0,0,263.0,1.7000403478883719,101.53756921735355,0.8,36.0
11:10:24,1.699972,101.537547,0,0,0,0,0,0,0,0,288,180,forward,0,0,263.0,1.7000403478883719,101.53756921735355,0.8,36.0
11:10:26,1.699972,101.537547,0,0,0,0,0,0,0,0,288,180,forward,0,0,263.0,1.7000403478883719,101.53756921735355,0.8,36.0
11:10:28,1.699972,101.537547,0,0,0,0,0,0,0,0,288,180,forward,0,0,263.0,1.7000403478883719,101.53756921735355,0.8,36.0
11:10:31,1.699972,101.537547,0,0,0,0,0,0,0,0,288,180,forward,0,0,263.0,1.7000403478883719,101.53756921735355,0.8,36.0
11:10:33,1.699972,101.537547,0,0,0,0,0,0,0,0,288,180,forward,0,0,263.0,1.7000403478883719,101.53756921735355,0.8,36.0
11:10:35,1.699972,101.537547,0,0,0,0,0,0,0,0,288,180,forward,0,0,263.0,1.7000403478883719,101.53756921735355,0.8,36.0
11:10:37,1.699972,101.537547,0,0,0,0,0,0,0,0,288,180,forward,0,0,263.0,1.7000403478883719,101.53756921735355,0.8,36.0
11:10:39,1.699972,101.537547,0,0,0,0,0,0,0,0,288,180,forward,0,0,263.0,1.7000403478883719,101.53756921735355,0.8,36.0
11:10:42,1.699972,101.537547,0,0,0,0,0,0,0,0,288,180,forward,0,0,263.0,1.7000403478883719,101.53756921735355,0.8,36.0
11:10:44,1.699972,101.537547,0,0,0,0,0,0,0,0,288,180,forward,0,0,263.0,1.7000403478883719,101.53756921735355,0.8,36.0
11:10:46,1.699972,101.537547,0,0,0,0,0,0,0,0,288,180,forward,0,0,263.0,1.7000403478883719,101.53756921735355,0.8,36.0
11:10:48,1.699972,101.537547,0,0,0,0,0,0,0,0,288,180,forward,0,0,263.0,1.7000403478883719,101.53756921735355,0.8,36.0
11:10:50,1.699972,101.537547,0,0,0,0,0,0,0,0,288,180,forward,0,0,263.0,1.7000403478883719,101.53756921735355,0.8,36.0
11:10:53,1.699972,101.537547,0,0,0,0,0,0,0,0,288,180,forward,0,0,263.0,1.7000403478883719,101.53756921735355,0.8,36.0
11:10:55,1.699972,101.537547,0,0,0,0,0,0,0,0,288,180,forward,0,0,263.0,1.7000403478883719,101.53756921735355,0.8,36.0
11:10:57,1.699972,101.537547,0,0,0,0,0,0,0,0,288,180,forward,0,0,263.0,1.7000403478883719,101.53756921735355,0.8,36.0
11:10:59,1.699972,101.537547,0,0,0,0,0,0,0,0,288,180,forward,0,0,263.0,1.7000403478883719,101.53756921735355,0.8,36.0
11:11:01,1.699972,101.537547,0,0,0,0,0,0,0,0,288,180,forward,0,0,263.0,1.7000403478883719,101.53756921735355,0.8,36.0
11:11:04,1.699972,101.537547,0,0,0,0,0,0,0,0,288,180,forward,0,0,263.0,1.7000403478883719,101.53756921735355,0.8,36.0
11:11:06,1.699972,101.537547,0,0,0,0,0,0,0,0,288,180,forward,0,0,263.0,1.7000403478883719,101.53756921735355,0.8,36.0
11:11:08,1.699972,101.537547,0,0,0,0,0,0,0,0,288,180,forward,0,0,263.0,1.7000403478883719,101.53756921735355,0.8,36.0
11:11:10,1.699972,101.537547,0,0,0,0,0,0,0,0,288,180,forward,0,0,263.0,1.7000403478883719,101.53756921735355,0.8,36.0
11:11:12,1.699972,101.537547,0,0,0,0,0,0,0,0,288,180,forward,0,0,263.0,1.7000403478883719,101.53756921735355,0.8,36.0
11:11:15,1.699972,101.537547,0,0,0,0,0,0,0,0,288,180,forward,0,0,263.0,1.7000403478883719,101.53756921735355,0.8,36.0
11:11:17,1.699972,101.537547,0,0,0,0,0,0,0,0,288,180,forward,0,0,263.0,1.7000403478883719,101.53756921735355,0.8,36.0
11:11:19,1.699972,101.537547,0,0,0,0,0,0,0,0,288,180,forward,0,0,263.0,1.7000403478883719,101.53756921735355,0.8,36.0
11:11:21,1.699972,101.537547,0,0,0,0,0,0,0,0,288,180,forward,0,0,263.0,1.7000403478883719,101.53756921735355,0.8,36.0
11:11:23,1.699972,101.537547,0,0,0,0,0,0,0,0,288,180,forward,0,0,263.0,1.7000403478883719,101.53756921735355,0.8,36.0
11:11:26,1.699972,101.537547,0,0,0,0,0,0,0,0,288,180,forward,0,0,263.0,1.7000403478883719,101.53756921735355,0.8,36.0
11:11:28,1.699972,101.537547,0,0,0,0,0,0,0,0,288,180,forward,0,0,263.0,1.7000403478883719,101.53756921735355,0.8,36.0
11:11:30,1.699972,101.537547,0,0,0,0,0,0,0,0,288,180,forward,0,0,263.0,1.7000403478883719,101.53756921735355,0.8,36.0
11:11:32,1.699972,101.537547,0,0,0,0,0,0,0,0,288,180,forward,0,0,263.0,1.7000403478883719,101.53756921735355,0.8,36.0
11:11:34,1.699972,101.537547,0,0,0,0,0,0,0,0,288,180,forward,0,0,263.0,1.7000403478883719,101.53756921735355,0.8,36.0
11:11:37,1.699972,101.537547,0,0,0,0,0,0,0,0,288,180,forward,0,0,263.0,1.7000403478883719,101.53756921735355,0.8,36.0
11:11:39,1.699972,101.537547,0,0,0,0,0,0,0,0,288,180,forward,0,0,263.0,1.7000403478883719,101.53756921735355,0.8,36.0
11:11:41,1.699972,101.537547,0,0,0,0,0,0,0,0,288,180,forward,0,0,263.0,1.7000403478883719,101.53756921735355,0.8,36.0
11:11:43,1.699972,101.537547,0,0,0,0,0,0,0,0,288,180,forward,0,0,263.0,1.7000403478883719,101.53756921735355,0.8,36.0
11:11:45,1.699972,101.537547,0,0,0,0,0,0,0,0,288,180,forward,0,0,263.0,1.7000403478883719,101.53756921735355,0.8,36.0
11:11:48,1.699972,101.537547,0,0,0,0,0,0,0,0,288,180,forward,0,0,263.0,1.7000403478883719,101.53756921735355,0.8,36.0
11:11:50,1.699972,101.537547,0,0,0,0,0,0,0,0,288,180,forward,0,0,263.0,1.7000403478883719,101.53756921735355,0.8,36.0
11:11:52,1.699972,101.537547,0,0,0,0,0,0,0,0,288,180,forward,0,0,263.0,1.7000403478883719,101.53756921735355,0.8,36.0
11:11:54,1.699972,101.537547,0,0,0,0,0,0,0,0,288,180,forward,0,0,263.0,1.7000403478883719,101.53756921735355,0.8,36.0
11:11:56,1.699972,101.537547,0,0,0,0,0,0,0,0,288,180,forward,0,0,263.0,1.7000403478883719,101.53756921735355,0.8,36.0
11:11:59,1.699972,101.537547,0,0,0,0,0,0,0,0,288,180,forward,0,0,263.0,1.7000403478883719,101.53756921735355,0.8,36.0
11:12:01,1.699972,101.537547,0,0,0,0,0,0,0,0,288,180,forward,0,0,263.0,1.7000403478883719,101.53756921735355,0.8,36.0
11:12:03,1.699972,101.537547,0,0,0,0,0,0,0,0,288,180,forward,0,0,263.0,1.7000403478883719,101.53756921735355,0.8,36.0
11:12:05,1.699972,101.537547,0,0,0,0,0,0,0,0,288,180,forward,0,0,263.0,1.7000403478883719,101.53756921735355,0.8,36.0
11:12:07,1.699972,101.537547,0,0,0,0,0,0,0,0,288,180,forward,0,0,263.0,1.7000403478883719,101.53756921735355,0.8,36.0
11:12:10,1.699972,101.537547,0,0,0,0,0,0,0,0,288,180,forward,0,0,263.0,1.7000403478883719,101.53756921735355,0.8,36.0
11:12:12,1.699972,101.537547,0,0,0,0,0,0,0,0,288,180,forward,0,0,263.0,1.7000403478883719,101.53756921735355,0.8,36.0
11:12:14,1.699972,101.537547,0,0,0,0,0,0,0,0,288,180,forward,0,0,263.0,1.7000403478883719,101.53756921735355,0.8,36.0
11:12:16,1.699972,101.537547,0,0,0,0,0,0,0,0,288,180,forward,0,0,263.0,1.7000403478883719,101.53756921735355,0.8,36.0
11:12:18,1.699972,101.537547,0,0,0,0,0,0,0,0,288,180,forward,0,0,263.0,1.7000403478883719,101.53756921735355,0.8,36.0
11:12:21,1.699972,101.537547,0,0,0,0,0,0,0,0,288,180,forward,0,0,263.0,1.7000403478883719,101.53756921735355,0.8,36.0
11:12:23,1.699972,101.537547,0,0,0,0,0,0,0,0,288,180,forward,0,0,263.0,1.7000403478883719,101.53756921735355,0.8,36.0
11:12:25,1.699972,101.537547,0,0,0,0,0,0,0,0,288,180,forward,0,0,263.0,1.7000403478883719,101.53756921735355,0.8,36.0
11:12:27,1.699972,101.537547,0,0,0,0,0,0,0,0,288,180,forward,0,0,263.0,1.7000403478883719,101.53756921735355,0.8,36.0
11:12:29,1.699972,101.537547,0,0,0,0,0,0,0,0,288,180,forward,0,0,263.0,1.7000403478883719,101.53756921735355,0.8,36.0
11:12:32,1.699972,101.537547,0,0,0,0,0,0,0,0,288,180,forward,0,0,263.0,1.7000403478883719,101.53756921735355,0.8,36.0
11:12:34,1.699972,101.537547,0,0,0,0,0,0,0,0,288,180,forward,0,0,263.0,1.7000403478883719,101.53756921735355,0.8,36.0
11:12:36,1.699972,101.537547,0,0,0,0,0,0,0,0,288,180,forward,0,0,263.0,1.7000403478883719,101.53756921735355,0.8,36.0
11:12:38,1.699972,101.537547,0,0,0,0,0,0,0,0,288,180,forward,0,0,263.0,1.7000403478883719,101.53756921735355,0.8,36.0
11:12:40,1.699972,101.537547,0,0,0,0,0,0,0,0,288,180,forward,0,0,263.0,1.7000403478883719,101.53756921735355,0.8,36.0
11:12:43,1.699972,101.537547,0,0,0,0,0,0,0,0,288,180,forward,0,0,263.0,1.7000403478883719,101.53756921735355,0.8,36.0
11:12:45,1.699972,101.537547,0,0,0,0,0,0,0,0,288,180,forward,0,0,263.0,1.7000403478883719,101.53756921735355,0.8,36.0
11:12:47,1.699972,101.537547,0,0,0,0,0,0,0,0,288,180,forward,0,0,263.0,1.7000403478883719,101.53756921735355,0.8,36.0
11:12:49,1.699972,101.537547,0,0,0,0,0,0,0,0,288,180,forward,0,0,263.0,1.7000403478883719,101.53756921735355,0.8,36.0
11:12:51,1.699972,101.537547,0,0,0,0,0,0,0,0,288,180,forward,0,0,263.0,1.7000403478883719,101.53756921735355,0.8,36.0
11:12:54,1.699972,101.537547,0,0,0,0,0,0,0,0,288,180,forward,0,0,263.0,1.7000403478883719,101.53756921735355,0.8,36.0
11:12:56,1.699972,101.537547,0,0,0,0,0,0,0,0,288,180,forward,0,0,263.0,1.7000403478883719,101.53756921735355,0.8,36.0
11:12:58,1.699972,101.537547,0,0,0,0,0,0,0,0,288,180,forward,0,0,263.0,1.7000403478883719,101.53756921735355,0.8,36.0
11:13:00,1.699972,101.537547,0,0,0,0,0,0,0,0,288,180,forward,0,0,263.0,1.7000403478883719,101.53756921735355,0.8,36.0
11:13:02,1.699972,101.537547,0,0,0,0,0,0,0,0,288,180,forward,0,0,263.0,1.7000403478883719,101.53756921735355,0.8,36.0
11:13:05,1.699972,101.537547,0,0,0,0,0,0,0,0,288,180,forward,0,0,263.0,1.7000403478883719,101.53756921735355,0.8,36.0
11:13:07,1.699972,101.537547,0,0,0,0,0,0,0,0,288,180,forward,0,0,263.0,1.7000403478883719,101.53756921735355,0.8,36.0
11:13:09,1.699972,101.537547,0,0,0,0,0,0,0,0,288,180,forward,0,0,263.0,1.7000403478883719,101.53756921735355,0.8,36.0
11:13:11,1.699972,101.537547,0,0,0,0,0,0,0,0,288,180,forward,0,0,263.0,1.7000403478883719,101.53756921735355,0.8,36.0
11:13:13,1.699972,101.537547,0,0,0,0,0,0,0,0,288,180,forward,0,0,263.0,1.7000403478883719,101.53756921735355,0.8,36.0
11:13:16,1.699972,101.537547,0,0,0,0,0,0,0,0,288,180,forward,0,0,263.0,1.7000403478883719,101.53756921735355,0.8,36.0
11:13:18,1.699972,101.537547,0,0,0,0,0,0,0,0,288,180,forward,0,0,263.0,1.7000403478883719,101.53756921735355,0.8,36.0
11:13:20,1.699972,101.537547,0,0,0,0,0,0,0,0,288,180,forward,0,0,263.0,1.7000403478883719,101.53756921735355,0.8,36.0
11:13:22,1.699972,101.537547,0,0,0,0,0,0,0,0,288,180,forward,0,0,263.0,1.7000403478883719,101.53756921735355,0.8,36.0
11:13:24,1.699972,101.537547,0,0,0,0,0,0,0,0,288,180,forward,0,0,263.0,1.7000403478883719,101.53756921735355,0.8,36.0
11:13:27,1.699972,101.537547,0,0,0,0,0,0,0,0,288,180,forward,0,0,263.0,1.7000403478883719,101.53756921735355,0.8,36.0
11:13:29,1.699972,101.537547,0,0,0,0,0,0,0,0,288,180,forward,0,0,263.0,1.7000403478883719,101.53756921735355,0.8,36.0
11:13:31,1.699972,101.537547,0,0,0,0,0,0,0,0,288,180,forward,0,0,263.0,1.7000403478883719,101.53756921735355,0.8,36.0
11:13:33,1.699972,101.537547,0,0,0,0,0,0,0,0,288,180,forward,0,0,263.0,1.7000403478883719,101.53756921735355,0.8,36.0
11:13:35,1.699972,101.537547,0,0,0,0,0,0,0,0,288,180,forward,0,0,263.0,1.7000403478883719,101.53756921735355,0.8,36.0
11:13:38,1.699972,101.537547,0,0,0,0,0,0,0,0,288,180,forward,0,0,263.0,1.7000403478883719,101.53756921735355,0.8,36.0
11:13:40,1.699972,101.537547,0,0,0,0,0,0,0,0,288,180,forward,0,0,263.0,1.7000403478883719,101.53756921735355,0.8,36.0
11:13:42,1.699972,101.537547,0,0,0,0,0,0,0,0,288,180,forward,0,0,263.0,1.7000403478883719,101.53756921735355,0.8,36.0
11:13:44,1.699972,101.537547,0,0,0,0,0,0,0,0,288,180,forward,0,0,263.0,1.7000403478883719,101.53756921735355,0.8,36.0
11:13:46,1.699972,101.537547,0,0,0,0,0,0,0,0,288,180,forward,0,0,263.0,1.7000403478883719,101.53756921735355,0.8,36.0
11:13:48,1.699972,101.537547,0,0,0,0,0,0,0,0,288,180,forward,0,0,263.0,1.7000403478883719,101.53756921735355,0.8,36.0
11:13:51,1.699972,101.537547,0,0,0,0,0,0,0,0,288,180,forward,0,0,263.0,1.7000403478883719,101.53756921735355,0.8,36.0
11:13:53,1.699972,101.537547,0,0,0,0,0,0,0,0,288,180,forward,0,0,263.0,1.7000403478883719,101.53756921735355,0.8,36.0
11:13:55,1.699972,101.537547,0,0,0,0,0,0,0,0,288,180,forward,0,0,263.0,1.7000403478883719,101.53756921735355,0.8,36.0
11:13:57,1.699972,101.537547,0,0,0,0,0,0,0,0,288,180,forward,0,0,263.0,1.7000403478883719,101.53756921735355,0.8,36.0
11:13:59,1.699972,101.537547,0,0,0,0,0,0,0,0,288,180,forward,0,0,263.0,1.7000403478883719,101.53756921735355,0.8,36.0
11:14:01,1.699972,101.537547,0,0,0,0,0,0,0,0,288,180,forward,0,0,263.0,1.7000403478883719,101.53756921735355,0.8,36.0
11:14:04,1.699972,101.537547,0,0,0,0,0,0,0,0,288,180,forward,0,0,263.0,1.7000403478883719,101.53756921735355,0.8,36.0
11:14:06,1.699972,101.537547,0,0,0,0,0,0,0,0,288,180,forward,0,0,263.0,1.7000403478883719,101.53756921735355,0.8,36.0
11:14:08,1.699972,101.537547,0,0,0,0,0,0,0,0,288,180,forward,0,0,263.0,1.7000403478883719,101.53756921735355,0.8,36.0
11:14:10,1.699972,101.537547,0,0,0,0,0,0,0,0,288,180,forward,0,0,263.0,1.7000403478883719,101.53756921735355,0.8,36.0
11:14:12,1.699972,101.537547,0,0,0,0,0,0,0,0,288,180,forward,0,0,263.0,1.7000403478883719,101.53756921735355,0.8,36.0
11:14:15,1.699972,101.537547,0,0,0,0,0,0,0,0,288,180,forward,0,0,263.0,1.7000403478883719,101.53756921735355,0.8,36.0
11:14:17,1.699972,101.537547,0,0,0,0,0,0,0,0,288,180,forward,0,0,263.0,1.7000403478883719,101.53756921735355,0.8,36.0
11:14:19,1.699972,101.537547,0,0,0,0,0,0,0,0,288,180,forward,0,0,263.0,1.7000403478883719,101.53756921735355,0.8,36.0
11:14:21,1.699972,101.537547,0,0,0,0,0,0,0,0,288,180,forward,0,0,263.0,1.7000403478883719,101.53756921735355,0.8,36.0
11:14:23,1.699972,101.537547,0,0,0,0,0,0,0,0,288,180,forward,0,0,263.0,1.7000403478883719,101.53756921735355,0.8,36.0
11:14:26,1.699972,101.537547,0,0,0,0,0,0,0,0,288,180,forward,0,0,263.0,1.7000403478883719,101.53756921735355,0.8,36.0
11:14:28,1.699972,101.537547,0,0,0,0,0,0,0,0,288,180,forward,0,0,263.0,1.7000403478883719,101.53756921735355,0.8,36.0
11:14:30,1.699972,101.537547,0,0,0,0,0,0,0,0,288,180,forward,0,0,263.0,1.7000403478883719,101.53756921735355,0.8,36.0
11:14:32,1.699972,101.537547,0,0,0,0,0,0,0,0,288,180,forward,0,0,263.0,1.7000403478883719,101.53756921735355,0.8,36.0
11:14:34,1.699972,101.537547,0,0,0,0,0,0,0,0,288,180,forward,0,0,263.0,1.7000403478883719,101.53756921735355,0.8,36.0
11:14:37,1.699972,101.537547,0,0,0,0,0,0,0,0,288,180,forward,0,0,263.0,1.7000403478883719,101.53756921735355,0.8,36.0
11:14:39,1.699972,101.537547,0,0,0,0,0,0,0,0,288,180,forward,0,0,263.0,1.7000403478883719,101.53756921735355,0.8,36.0
11:14:41,1.699972,101.537547,0,0,0,0,0,0,0,0,288,180,forward,0,0,263.0,1.7000403478883719,101.53756921735355,0.8,36.0
11:14:43,1.699972,101.537547,0,0,0,0,0,0,0,0,288,180,forward,0,0,263.0,1.7000403478883719,101.53756921735355,0.8,36.0
11:14:45,1.699972,101.537547,0,0,0,0,0,0,0,0,288,180,forward,0,0,263.0,1.7000403478883719,101.53756921735355,0.8,36.0
11:14:48,1.699972,101.537547,0,0,0,0,0,0,0,0,288,180,forward,0,0,263.0,1.7000403478883719,101.53756921735355,0.8,36.0
11:14:50,1.699972,101.537547,0,0,0,0,0,0,0,0,288,180,forward,0,0,263.0,1.7000403478883719,101.53756921735355,0.8,36.0
11:14:52,1.699972,101.537547,0,0,0,0,0,0,0,0,288,180,forward,0,0,263.0,1.7000403478883719,101.53756921735355,0.8,36.0
11:14:54,1.699972,101.537547,0,0,0,0,0,0,0,0,288,180,forward,0,0,263.0,1.7000403478883719,101.53756921735355,0.8,36.0
11:14:56,1.699972,101.537547,0,0,0,0,0,0,0,0,288,180,forward,0,0,263.0,1.7000403478883719,101.53756921735355,0.8,36.0
11:14:59,1.699972,101.537547,0,0,0,0,0,0,0,0,288,180,forward,0,0,263.0,1.7000403478883719,101.53756921735355,0.8,36.0
11:15:01,1.699972,101.537547,0,0,0,0,0,0,0,0,288,180,forward,0,0,263.0,1.7000403478883719,101.53756921735355,0.8,36.0
11:15:03,1.699972,101.537547,0,0,0,0,0,0,0,0,288,180,forward,0,0,263.0,1.7000403478883719,101.53756921735355,0.8,36.0
11:15:05,1.699972,101.537547,0,0,0,0,0,0,0,0,288,180,forward,0,0,263.0,1.7000403478883719,101.53756921735355,0.8,36.0
11:15:07,1.699972,101.537547,0,0,0,0,0,0,0,0,288,180,forward,0,0,263.0,1.7000403478883719,101.53756921735355,0.8,36.0
11:15:10,1.699972,101.537547,0,0,0,0,0,0,0,0,288,180,forward,0,0,263.0,1.7000403478883719,101.53756921735355,0.8,36.0
11:15:12,1.699972,101.537547,0,0,0,0,0,0,0,0,288,180,forward,0,0,263.0,1.7000403478883719,101.53756921735355,0.8,36.0
11:15:14,1.699972,101.537547,0,0,0,0,0,0,0,0,288,180,forward,0,0,263.0,1.7000403478883719,101.53756921735355,0.8,36.0
11:15:16,1.699972,101.537547,0,0,0,0,0,0,0,0,288,180,forward,0,0,263.0,1.7000403478883719,101.53756921735355,0.8,36.0
11:15:18,1.699972,101.537547,0,0,0,0,0,0,0,0,288,180,forward,0,0,263.0,1.7000403478883719,101.53756921735355,0.8,36.0
11:15:21,1.699972,101.537547,0,0,0,0,0,0,0,0,288,180,forward,0,0,263.0,1.7000403478883719,101.53756921735355,0.8,36.0
11:15:23,1.699972,101.537547,0,0,0,0,0,0,0,0,288,180,forward,0,0,263.0,1.7000403478883719,101.53756921735355,0.8,36.0
11:15:25,1.699972,101.537547,0,0,0,0,0,0,0,0,288,180,forward,0,0,263.0,1.7000403478883719,101.53756921735355,0.8,36.0
11:15:27,1.699972,101.537547,0,0,0,0,0,0,0,0,288,180,forward,0,0,263.0,1.7000403478883719,101.53756921735355,0.8,36.0
11:15:29,1.699972,101.537547,0,0,0,0,0,0,0,0,288,180,forward,0,0,263.0,1.7000403478883719,101.53756921735355,0.8,36.0
11:15:32,1.699972,101.537547,0,0,0,0,0,0,0,0,288,180,forward,0,0,263.0,1.7000403478883719,101.53756921735355,0.8,36.0
11:15:34,1.699972,101.537547,0,0,0,0,0,0,0,0,288,180,forward,0,0,263.0,1.7000403478883719,101.53756921735355,0.8,36.0
11:15:36,1.699972,101.537547,0,0,0,0,0,0,0,0,288,180,forward,0,0,263.0,1.7000403478883719,101.53756921735355,0.8,36.0
11:15:38,1.699972,101.537547,0,0,0,0,0,0,0,0,288,180,forward,0,0,263.0,1.7000403478883719,101.53756921735355,0.8,36.0
11:15:40,1.699972,101.537547,0,0,0,0,0,0,0,0,288,180,forward,0,0,263.0,1.7000403478883719,101.53756921735355,0.8,36.0
11:15:43,1.699972,101.537547,0,0,0,0,0,0,0,0,288,180,forward,0,0,263.0,1.7000403478883719,101.53756921735355,0.8,36.0
11:15:45,1.699972,101.537547,0,0,0,0,0,0,0,0,288,180,forward,0,0,263.0,1.7000403478883719,101.53756921735355,0.8,36.0
11:15:47,1.699972,101.537547,0,0,0,0,0,0,0,0,288,180,forward,0,0,263.0,1.7000403478883719,101.53756921735355,0.8,36.0
11:15:49,1.699972,101.537547,0,0,0,0,0,0,0,0,288,180,forward,0,0,263.0,1.7000403478883719,101.53756921735355,0.8,36.0
11:15:51,1.699972,101.537547,0,0,0,0,0,0,0,0,288,180,forward,0,0,263.0,1.7000403478883719,101.53756921735355,0.8,36.0
11:15:54,1.699972,101.537547,0,0,0,0,0,0,0,0,288,180,forward,0,0,263.0,1.7000403478883719,101.53756921735355,0.8,36.0
11:15:56,1.699972,101.537547,0,0,0,0,0,0,0,0,288,180,forward,0,0,263.0,1.7000403478883719,101.53756921735355,0.8,36.0
11:15:58,1.699972,101.537547,0,0,0,0,0,0,0,0,288,180,forward,0,0,263.0,1.7000403478883719,101.53756921735355,0.8,36.0
11:16:00,1.699972,101.537547,0,0,0,0,0,0,0,0,288,180,forward,0,0,263.0,1.7000403478883719,101.53756921735355,0.8,36.0
11:16:02,1.699972,101.537547,0,0,0,0,0,0,0,0,288,180,forward,0,0,263.0,1.7000403478883719,101.53756921735355,0.8,36.0
11:16:05,1.699972,101.537547,0,0,0,0,0,0,0,0,288,180,forward,0,0,263.0,1.7000403478883719,101.53756921735355,0.8,36.0
11:16:07,1.699972,101.537547,0,0,0,0,0,0,0,0,288,180,forward,0,0,263.0,1.7000403478883719,101.53756921735355,0.8,36.0
11:16:09,1.699972,101.537547,0,0,0,0,0,0,0,0,288,180,forward,0,0,263.0,1.7000403478883719,101.53756921735355,0.8,36.0
11:16:11,1.699972,101.537547,0,0,0,0,0,0,0,0,288,180,forward,0,0,263.0,1.7000403478883719,101.53756921735355,0.8,36.0
11:16:13,1.699972,101.537547,0,0,0,0,0,0,0,0,288,180,forward,0,0,263.0,1.7000403478883719,101.53756921735355,0.8,36.0
11:16:16,1.699972,101.537547,0,0,0,0,0,0,0,0,288,180,forward,0,0,263.0,1.7000403478883719,101.53756921735355,0.8,36.0
11:16:18,1.699972,101.537547,0,0,0,0,0,0,0,0,288,180,forward,0,0,263.0,1.7000403478883719,101.53756921735355,0.8,36.0
11:16:20,1.699972,101.537547,0,0,0,0,0,0,0,0,288,180,forward,0,0,263.0,1.7000403478883719,101.53756921735355,0.8,36.0
11:16:22,1.699972,101.537547,0,0,0,0,0,0,0,0,288,180,forward,0,0,263.0,1.7000403478883719,101.53756921735355,0.8,36.0
11:16:24,1.699972,101.537547,0,0,0,0,0,0,0,0,288,180,forward,0,0,263.0,1.7000403478883719,101.53756921735355,0.8,36.0
11:16:27,1.699972,101.537547,0,0,0,0,0,0,0,0,288,180,forward,0,0,263.0,1.7000403478883719,101.53756921735355,0.8,36.0
11:16:29,1.699972,101.537547,0,0,0,0,0,0,0,0,288,180,forward,0,0,263.0,1.7000403478883719,101.53756921735355,0.8,36.0
11:16:31,1.699972,101.537547,0,0,0,0,0,0,0,0,288,180,forward,0,0,263.0,1.7000403478883719,101.53756921735355,0.8,36.0
11:16:33,1.699972,101.537547,0,0,0,0,0,0,0,0,288,180,forward,0,0,263.0,1.7000403478883719,101.53756921735355,0.8,36.0
11:16:35,1.699972,101.537547,0,0,0,0,0,0,0,0,288,180,forward,0,0,263.0,1.7000403478883719,101.53756921735355,0.8,36.0
11:16:38,1.699972,101.537547,0,0,0,0,0,0,0,0,288,180,forward,0,0,263.0,1.7000403478883719,101.53756921735355,0.8,36.0
11:16:40,1.699972,101.537547,0,0,0,0,0,0,0,0,288,180,forward,0,0,263.0,1.7000403478883719,101.53756921735355,0.8,36.0
11:16:42,1.699972,101.537547,0,0,0,0,0,0,0,0,288,180,forward,0,0,263.0,1.7000403478883719,101.53756921735355,0.8,36.0
11:16:44,1.699972,101.537547,0,0,0,0,0,0,0,0,288,180,forward,0,0,263.0,1.7000403478883719,101.53756921735355,0.8,36.0
11:16:46,1.699972,101.537547,0,0,0,0,0,0,0,0,288,180,forward,0,0,263.0,1.7000403478883719,101.53756921735355,0.8,36.0
11:16:49,1.699972,101.537547,0,0,0,0,0,0,0,0,288,180,forward,0,0,263.0,1.7000403478883719,101.53756921735355,0.8,36.0
11:16:51,1.699972,101.537547,0,0,0,0,0,0,0,0,288,180,forward,0,0,263.0,1.7000403478883719,101.53756921735355,0.8,36.0
11:16:53,1.699972,101.537547,0,0,0,0,0,0,0,0,288,180,forward,0,0,263.0,1.7000403478883719,101.53756921735355,0.8,36.0
11:16:55,1.699972,101.537547,0,0,0,0,0,0,0,0,288,180,forward,0,0,263.0,1.7000403478883719,101.53756921735355,0.8,36.0
11:16:57,1.699972,101.537547,0,0,0,0,0,0,0,0,288,180,forward,0,0,263.0,1.7000403478883719,101.53756921735355,0.8,36.0
11:17:00,1.699972,101.537547,0,0,0,0,0,0,0,0,288,180,forward,0,0,263.0,1.7000403478883719,101.53756921735355,0.8,36.0
11:17:02,1.699972,101.537547,0,0,0,0,0,0,0,0,288,180,forward,0,0,263.0,1.7000403478883719,101.53756921735355,0.8,36.0
11:17:04,1.699972,101.537547,0,0,0,0,0,0,0,0,288,180,forward,0,0,263.0,1.7000403478883719,101.53756921735355,0.8,36.0
11:17:06,1.699972,101.537547,0,0,0,0,0,0,0,0,288,180,forward,0,0,263.0,1.7000403478883719,101.53756921735355,0.8,36.0
11:17:08,1.699972,101.537547,0,0,0,0,0,0,0,0,288,180,forward,0,0,263.0,1.7000403478883719,101.53756921735355,0.8,36.0
11:17:11,1.699972,101.537547,0,0,0,0,0,0,0,0,288,180,forward,0,0,263.0,1.7000403478883719,101.53756921735355,0.8,36.0
11:17:13,1.699972,101.537547,0,0,0,0,0,0,0,0,288,180,forward,0,0,263.0,1.7000403478883719,101.53756921735355,0.8,36.0
11:17:15,1.699972,101.537547,0,0,0,0,0,0,0,0,288,180,forward,0,0,263.0,1.7000403478883719,101.53756921735355,0.8,36.0
11:17:17,1.699972,101.537547,0,0,0,0,0,0,0,0,288,180,forward,0,0,263.0,1.7000403478883719,101.53756921735355,0.8,36.0
11:17:19,1.699972,101.537547,0,0,0,0,0,0,0,0,288,180,forward,0,0,263.0,1.7000403478883719,101.53756921735355,0.8,36.0
11:17:21,1.699972,101.537547,0,0,0,0,0,0,0,0,288,180,forward,0,0,263.0,1.7000403478883719,101.53756921735355,0.8,36.0
11:17:24,1.699972,101.537547,0,0,0,0,0,0,0,0,288,180,forward,0,0,263.0,1.7000403478883719,101.53756921735355,0.8,36.0
11:17:26,1.699972,101.537547,0,0,0,0,0,0,0,0,288,180,forward,0,0,263.0,1.7000403478883719,101.53756921735355,0.8,36.0
11:17:28,1.699972,101.537547,0,0,0,0,0,0,0,0,288,180,forward,0,0,263.0,1.7000403478883719,101.53756921735355,0.8,36.0
11:17:30,1.699972,101.537547,0,0,0,0,0,0,0,0,288,180,forward,0,0,263.0,1.7000403478883719,101.53756921735355,0.8,36.0
11:17:32,1.699972,101.537547,0,0,0,0,0,0,0,0,288,180,forward,0,0,263.0,1.7000403478883719,101.53756921735355,0.8,36.0
11:17:35,1.699972,101.537547,0,0,0,0,0,0,0,0,288,180,forward,0,0,263.0,1.7000403478883719,101.53756921735355,0.8,36.0
11:17:37,1.699972,101.537547,0,0,0,0,0,0,0,0,288,180,forward,0,0,263.0,1.7000403478883719,101.53756921735355,0.8,36.0
11:17:39,1.699972,101.537547,0,0,0,0,0,0,0,0,288,180,forward,0,0,263.0,1.7000403478883719,101.53756921735355,0.8,36.0
11:17:41,1.699972,101.537547,0,0,0,0,0,0,0,0,288,180,forward,0,0,263.0,1.7000403478883719,101.53756921735355,0.8,36.0
11:17:43,1.699972,101.537547,0,0,0,0,0,0,0,0,288,180,forward,0,0,263.0,1.7000403478883719,101.53756921735355,0.8,36.0
11:17:46,1.699972,101.537547,0,0,0,0,0,0,0,0,288,180,forward,0,0,263.0,1.7000403478883719,101.53756921735355,0.8,36.0
11:17:48,1.699972,101.537547,0,0,0,0,0,0,0,0,288,180,forward,0,0,263.0,1.7000403478883719,101.53756921735355,0.8,36.0
11:17:50,1.699972,101.537547,0,0,0,0,0,0,0,0,288,180,forward,0,0,263.0,1.7000403478883719,101.53756921735355,0.8,36.0
11:17:52,1.699972,101.537547,0,0,0,0,0,0,0,0,288,180,forward,0,0,263.0,1.7000403478883719,101.53756921735355,0.8,36.0
11:17:54,1.699972,101.537547,0,0,0,0,0,0,0,0,288,180,forward,0,0,263.0,1.7000403478883719,101.53756921735355,0.8,36.0
11:17:57,1.699972,101.537547,0,0,0,0,0,0,0,0,288,180,forward,0,0,263.0,1.7000403478883719,101.53756921735355,0.8,36.0
11:17:59,1.699972,101.537547,0,0,0,0,0,0,0,0,288,180,forward,0,0,263.0,1.7000403478883719,101.53756921735355,0.8,36.0
11:18:01,1.699972,101.537547,0,0,0,0,0,0,0,0,288,180,forward,0,0,263.0,1.7000403478883719,101.53756921735355,0.8,36.0
11:18:03,1.699972,101.537547,0,0,0,0,0,0,0,0,288,180,forward,0,0,263.0,1.7000403478883719,101.53756921735355,0.8,36.0
11:18:05,1.699972,101.537547,0,0,0,0,0,0,0,0,288,180,forward,0,0,263.0,1.7000403478883719,101.53756921735355,0.8,36.0
11:18:08,1.699972,101.537547,0,0,0,0,0,0,0,0,288,180,forward,0,0,263.0,1.7000403478883719,101.53756921735355,0.8,36.0
11:18:10,1.699972,101.537547,0,0,0,0,0,0,0,0,288,180,forward,0,0,263.0,1.7000403478883719,101.53756921735355,0.8,36.0
11:18:12,1.699972,101.537547,0,0,0,0,0,0,0,0,288,180,forward,0,0,263.0,1.7000403478883719,101.53756921735355,0.8,36.0
11:18:14,1.699972,101.537547,0,0,0,0,0,0,0,0,288,180,forward,0,0,263.0,1.7000403478883719,101.53756921735355,0.8,36.0
11:18:16,1.699972,101.537547,0,0,0,0,0,0,0,0,288,180,forward,0,0,263.0,1.7000403478883719,101.53756921735355,0.8,36.0
11:18:18,1.699972,101.537547,0,0,0,0,0,0,0,0,288,180,forward,0,0,263.0,1.7000403478883719,101.53756921735355,0.8,36.0
11:18:21,1.699972,101.537547,0,0,0,0,0,0,0,0,288,180,forward,0,0,263.0,1.7000403478883719,101.53756921735355,0.8,36.0
11:18:23,1.699972,101.537547,0,0,0,0,0,0,0,0,288,180,forward,0,0,263.0,1.7000403478883719,101.53756921735355,0.8,36.0
11:18:25,1.699972,101.537547,0,0,0,0,0,0,0,0,288,180,forward,0,0,263.0,1.7000403478883719,101.53756921735355,0.8,36.0
11:18:27,1.699972,101.537547,0,0,0,0,0,0,0,0,288,180,forward,0,0,263.0,1.7000403478883719,101.53756921735355,0.8,36.0
11:18:29,1.699972,101.537547,0,0,0,0,0,0,0,0,288,180,forward,0,0,263.0,1.7000403478883719,101.53756921735355,0.8,36.0
11:18:32,1.699972,101.537547,0,0,0,0,0,0,0,0,288,180,forward,0,0,263.0,1.7000403478883719,101.53756921735355,0.8,36.0
11:18:34,1.699972,101.537547,0,0,0,0,0,0,0,0,288,180,forward,0,0,263.0,1.7000403478883719,101.53756921735355,0.8,36.0
11:18:36,1.699972,101.537547,0,0,0,0,0,0,0,0,288,180,forward,0,0,263.0,1.7000403478883719,101.53756921735355,0.8,36.0
11:18:38,1.699972,101.537547,0,0,0,0,0,0,0,0,288,180,forward,0,0,263.0,1.7000403478883719,101.53756921735355,0.8,36.0
11:18:40,1.699972,101.537547,0,0,0,0,0,0,0,0,288,180,forward,0,0,263.0,1.7000403478883719,101.53756921735355,0.8,36.0
11:18:43,1.699972,101.537547,0,0,0,0,0,0,0,0,288,180,forward,0,0,263.0,1.7000403478883719,101.53756921735355,0.8,36.0
11:18:45,1.699972,101.537547,0,0,0,0,0,0,0,0,288,180,forward,0,0,263.0,1.7000403478883719,101.53756921735355,0.8,36.0
11:18:47,1.699972,101.537547,0,0,0,0,0,0,0,0,288,180,forward,0,0,263.0,1.7000403478883719,101.53756921735355,0.8,36.0
11:18:49,1.699972,101.537547,0,0,0,0,0,0,0,0,288,180,forward,0,0,263.0,1.7000403478883719,101.53756921735355,0.8,36.0
11:18:51,1.699972,101.537547,0,0,0,0,0,0,0,0,288,180,forward,0,0,263.0,1.7000403478883719,101.53756921735355,0.8,36.0
11:18:54,1.699972,101.537547,0,0,0,0,0,0,0,0,288,180,forward,0,0,263.0,1.7000403478883719,101.53756921735355,0.8,36.0
11:18:56,1.699972,101.537547,0,0,0,0,0,0,0,0,288,180,forward,0,0,263.0,1.7000403478883719,101.53756921735355,0.8,36.0
11:18:58,1.699972,101.537547,0,0,0,0,0,0,0,0,288,180,forward,0,0,263.0,1.7000403478883719,101.53756921735355,0.8,36.0
11:19:00,1.699972,101.537547,0,0,0,0,0,0,0,0,288,180,forward,0,0,263.0,1.7000403478883719,101.53756921735355,0.8,36.0
11:19:02,1.699972,101.537547,0,0,0,0,0,0,0,0,288,180,forward,0,0,263.0,1.7000403478883719,101.53756921735355,0.8,36.0
11:19:05,1.699972,101.537547,0,0,0,0,0,0,0,0,288,180,forward,0,0,263.0,1.7000403478883719,101.53756921735355,0.8,36.0
11:19:07,1.699972,101.537547,0,0,0,0,0,0,0,0,288,180,forward,0,0,263.0,1.7000403478883719,101.53756921735355,0.8,36.0
11:19:09,1.699972,101.537547,0,0,0,0,0,0,0,0,288,180,forward,0,0,263.0,1.7000403478883719,101.53756921735355,0.8,36.0
11:19:11,1.699972,101.537547,0,0,0,0,0,0,0,0,288,180,forward,0,0,263.0,1.7000403478883719,101.53756921735355,0.8,36.0
11:19:13,1.699972,101.537547,0,0,0,0,0,0,0,0,288,180,forward,0,0,263.0,1.7000403478883719,101.53756921735355,0.8,36.0
11:19:16,1.699972,101.537547,0,0,0,0,0,0,0,0,288,180,forward,0,0,263.0,1.7000403478883719,101.53756921735355,0.8,36.0
11:19:18,1.699972,101.537547,0,0,0,0,0,0,0,0,288,180,forward,0,0,263.0,1.7000403478883719,101.53756921735355,0.8,36.0
11:19:20,1.699972,101.537547,0,0,0,0,0,0,0,0,288,180,forward,0,0,263.0,1.7000403478883719,101.53756921735355,0.8,36.0
11:19:22,1.699972,101.537547,0,0,0,0,0,0,0,0,288,180,forward,0,0,263.0,1.7000403478883719,101.53756921735355,0.8,36.0
11:19:24,1.699972,101.537547,0,0,0,0,0,0,0,0,288,180,forward,0,0,263.0,1.7000403478883719,101.53756921735355,0.8,36.0
11:19:27,1.699972,101.537547,0,0,0,0,0,0,0,0,288,180,forward,0,0,263.0,1.7000403478883719,101.53756921735355,0.8,36.0
11:19:29,1.699972,101.537547,0,0,0,0,0,0,0,0,288,180,forward,0,0,263.0,1.7000403478883719,101.53756921735355,0.8,36.0
11:19:31,1.699972,101.537547,0,0,0,0,0,0,0,0,288,180,forward,0,0,263.0,1.7000403478883719,101.53756921735355,0.8,36.0
11:19:33,1.699972,101.537547,0,0,0,0,0,0,0,0,288,180,forward,0,0,263.0,1.7000403478883719,101.53756921735355,0.8,36.0
11:19:35,1.699972,101.537547,0,0,0,0,0,0,0,0,288,180,forward,0,0,263.0,1.7000403478883719,101.53756921735355,0.8,36.0
11:19:38,1.699972,101.537547,0,0,0,0,0,0,0,0,288,180,forward,0,0,263.0,1.7000403478883719,101.53756921735355,0.8,36.0
11:19:40,1.699972,101.537547,0,0,0,0,0,0,0,0,288,180,forward,0,0,263.0,1.7000403478883719,101.53756921735355,0.8,36.0
11:19:42,1.699972,101.537547,0,0,0,0,0,0,0,0,288,180,forward,0,0,263.0,1.7000403478883719,101.53756921735355,0.8,36.0
11:19:44,1.699972,101.537547,0,0,0,0,0,0,0,0,288,180,forward,0,0,263.0,1.7000403478883719,101.53756921735355,0.8,36.0
11:19:46,1.699972,101.537547,0,0,0,0,0,0,0,0,288,180,forward,0,0,263.0,1.7000403478883719,101.53756921735355,0.8,36.0
11:19:49,1.699972,101.537547,0,0,0,0,0,0,0,0,288,180,forward,0,0,263.0,1.7000403478883719,101.53756921735355,0.8,36.0
11:19:51,1.699972,101.537547,0,0,0,0,0,0,0,0,288,180,forward,0,0,263.0,1.7000403478883719,101.53756921735355,0.8,36.0
11:19:53,1.699972,101.537547,0,0,0,0,0,0,0,0,288,180,forward,0,0,263.0,1.7000403478883719,101.53756921735355,0.8,36.0
11:19:55,1.699972,101.537547,0,0,0,0,0,0,0,0,288,180,forward,0,0,263.0,1.7000403478883719,101.53756921735355,0.8,36.0
11:19:57,1.699972,101.537547,0,0,0,0,0,0,0,0,288,180,forward,0,0,263.0,1.7000403478883719,101.53756921735355,0.8,36.0
11:20:00,1.699972,101.537547,0,0,0,0,0,0,0,0,288,180,forward,0,0,263.0,1.7000403478883719,101.53756921735355,0.8,36.0
11:20:02,1.699972,101.537547,0,0,0,0,0,0,0,0,288,180,forward,0,0,263.0,1.7000403478883719,101.53756921735355,0.8,36.0
11:20:04,1.699972,101.537547,0,0,0,0,0,0,0,0,288,180,forward,0,0,263.0,1.7000403478883719,101.53756921735355,0.8,36.0
11:20:06,1.699972,101.537547,0,0,0,0,0,0,0,0,288,180,forward,0,0,263.0,1.7000403478883719,101.53756921735355,0.8,36.0
11:20:08,1.699972,101.537547,0,0,0,0,0,0,0,0,288,180,forward,0,0,263.0,1.7000403478883719,101.53756921735355,0.8,36.0
11:20:11,1.699972,101.537547,0,0,0,0,0,0,0,0,288,180,forward,0,0,263.0,1.7000403478883719,101.53756921735355,0.8,36.0
11:20:13,1.699972,101.537547,0,0,0,0,0,0,0,0,288,180,forward,0,0,263.0,1.7000403478883719,101.53756921735355,0.8,36.0
11:20:15,1.699972,101.537547,0,0,0,0,0,0,0,0,288,180,forward,0,0,263.0,1.7000403478883719,101.53756921735355,0.8,36.0
11:20:17,1.699972,101.537547,0,0,0,0,0,0,0,0,288,180,forward,0,0,263.0,1.7000403478883719,101.53756921735355,0.8,36.0
11:20:19,1.699972,101.537547,0,0,0,0,0,0,0,0,288,180,forward,0,0,263.0,1.7000403478883719,101.53756921735355,0.8,36.0
11:20:22,1.699972,101.537547,0,0,0,0,0,0,0,0,288,180,forward,0,0,263.0,1.7000403478883719,101.53756921735355,0.8,36.0
11:20:24,1.699972,101.537547,0,0,0,0,0,0,0,0,288,180,forward,0,0,263.0,1.7000403478883719,101.53756921735355,0.8,36.0
11:20:26,1.699972,101.537547,0,0,0,0,0,0,0,0,288,180,forward,0,0,263.0,1.7000403478883719,101.53756921735355,0.8,36.0
11:20:28,1.699972,101.537547,0,0,0,0,0,0,0,0,288,180,forward,0,0,263.0,1.7000403478883719,101.53756921735355,0.8,36.0
11:20:30,1.699972,101.537547,0,0,0,0,0,0,0,0,288,180,forward,0,0,263.0,1.7000403478883719,101.53756921735355,0.8,36.0
11:20:33,1.699972,101.537547,0,0,0,0,0,0,0,0,288,180,forward,0,0,263.0,1.7000403478883719,101.53756921735355,0.8,36.0
11:20:35,1.699972,101.537547,0,0,0,0,0,0,0,0,288,180,forward,0,0,263.0,1.7000403478883719,101.53756921735355,0.8,36.0
11:20:37,1.699972,101.537547,0,0,0,0,0,0,0,0,288,180,forward,0,0,263.0,1.7000403478883719,101.53756921735355,0.8,36.0
11:20:39,1.699972,101.537547,0,0,0,0,0,0,0,0,288,180,forward,0,0,263.0,1.7000403478883719,101.53756921735355,0.8,36.0
11:20:41,1.699972,101.537547,0,0,0,0,0,0,0,0,288,180,forward,0,0,263.0,1.7000403478883719,101.53756921735355,0.8,36.0
11:20:44,1.699972,101.537547,0,0,0,0,0,0,0,0,288,180,forward,0,0,263.0,1.7000403478883719,101.53756921735355,0.8,36.0
11:20:46,1.699972,101.537547,0,0,0,0,0,0,0,0,288,180,forward,0,0,263.0,1.7000403478883719,101.53756921735355,0.8,36.0
11:20:48,1.699972,101.537547,0,0,0,0,0,0,0,0,288,180,forward,0,0,263.0,1.7000403478883719,101.53756921735355,0.8,36.0
11:20:50,1.699972,101.537547,0,0,0,0,0,0,0,0,288,180,forward,0,0,263.0,1.7000403478883719,101.53756921735355,0.8,36.0
11:20:52,1.699972,101.537547,0,0,0,0,0,0,0,0,288,180,forward,0,0,263.0,1.7000403478883719,101.53756921735355,0.8,36.0
11:20:55,1.699972,101.537547,0,0,0,0,0,0,0,0,288,180,forward,0,0,263.0,1.7000403478883719,101.53756921735355,0.8,36.0
11:20:57,1.699972,101.537547,0,0,0,0,0,0,0,0,288,180,forward,0,0,263.0,1.7000403478883719,101.53756921735355,0.8,36.0
11:20:59,1.699972,101.537547,0,0,0,0,0,0,0,0,288,180,forward,0,0,263.0,1.7000403478883719,101.53756921735355,0.8,36.0
11:21:01,1.699972,101.537547,0,0,0,0,0,0,0,0,288,180,forward,0,0,263.0,1.7000403478883719,101.53756921735355,0.8,36.0
11:21:03,1.699972,101.537547,0,0,0,0,0,0,0,0,288,180,forward,0,0,263.0,1.7000403478883719,101.53756921735355,0.6,155.0
11:21:06,1.699972,101.537547,0,0,0,0,0,0,0,0,288,180,forward,0,0,263.0,1.7000403478883719,101.53756921735355,0.4,153.0
11:21:08,1.699972,101.537547,0,0,0,0,0,0,0,0,288,180,forward,0,0,263.0,1.7000403478883719,101.53756921735355,0.4,167.0
11:21:10,1.699972,101.537547,0,0,0,0,0,0,0,0,288,180,forward,0,0,263.0,1.7000403478883719,101.53756921735355,0.0,147.0
11:21:12,1.699972,101.537547,0,0,0,0,0,0,0,0,288,180,forward,0,0,263.0,1.7000403478883719,101.53756921735355,0.0,98.0
11:21:14,1.699972,101.537547,0,0,0,0,0,0,0,0,288,180,forward,0,0,263.0,1.7000403478883719,101.53756921735355,0.3,43.0
11:21:17,1.699972,101.537547,0,0,0,0,0,0,0,0,288,180,forward,0,0,263.0,1.7000403478883719,101.53756921735355,0.1,55.0
11:21:19,1.699972,101.537547,0,0,0,0,0,0,0,0,288,180,forward,0,0,263.0,1.7000403478883719,101.53756921735355,0.3,62.0
11:21:21,1.699972,101.537547,0,0,0,0,0,0,0,0,288,180,forward,0,0,263.0,1.7000403478883719,101.53756921735355,0.0,53.0
11:21:23,1.699972,101.537547,0,0,0,0,0,0,0,0,288,180,forward,0,0,263.0,1.7000403478883719,101.53756921735355,0.0,37.0
11:21:25,1.699972,101.537547,0,0,0,0,0,0,0,0,288,180,forward,0,0,263.0,1.7000403478883719,101.53756921735355,0.0,60.0
11:21:28,1.699972,101.537547,0,0,0,0,0,0,0,0,288,180,forward,0,0,263.0,1.7000403478883719,101.53756921735355,0.2,60.0
11:21:30,1.699972,101.537547,0,0,0,0,0,0,0,0,288,180,forward,0,0,263.0,1.7000403478883719,101.53756921735355,0.1,54.0
11:21:32,1.699972,101.537547,0,0,0,0,0,0,0,0,288,180,forward,0,0,263.0,1.7000403478883719,101.53756921735355,0.2,68.0
11:21:34,1.699972,101.537547,0,0,0,0,0,0,0,0,288,180,forward,0,0,263.0,1.7000403478883719,101.53756921735355,0.1,92.0
11:21:36,1.699972,101.537547,0,0,0,0,0,0,0,0,288,180,forward,0,0,263.0,1.7000403478883719,101.53756921735355,0.2,84.0
11:21:39,1.699972,101.537547,0,0,0,0,0,0,0,0,288,180,forward,0,0,263.0,1.7000403478883719,101.53756921735355,0.0,85.0
11:21:41,1.699972,101.537547,0,0,0,0,0,0,0,0,288,180,forward,0,0,263.0,1.7000403478883719,101.53756921735355,0.2,108.0
11:21:43,1.699972,101.537547,0,0,0,0,0,0,0,0,288,180,forward,0,0,263.0,1.7000403478883719,101.53756921735355,0.3,89.0
11:21:45,1.699972,101.537547,0,0,0,0,0,0,0,0,288,180,forward,0,0,263.0,1.7000403478883719,101.53756921735355,0.7,4.0
11:21:47,1.699972,101.537547,0,0,0,0,0,0,0,0,288,180,forward,0,0,263.0,1.7000403478883719,101.53756921735355,0.7,351.0
11:21:50,1.699972,101.537547,0,0,0,0,0,0,0,0,288,180,forward,0,0,263.0,1.7000403478883719,101.53756921735355,0.7,324.0
11:21:52,1.699972,101.537547,0,0,0,0,0,0,0,0,288,180,forward,0,0,263.0,1.7000403478883719,101.53756921735355,1.2,65.0
11:21:54,1.699972,101.537547,0,0,0,0,0,0,0,0,288,180,forward,0,0,263.0,1.7000403478883719,101.53756921735355,1.0,62.0
11:21:56,1.699972,101.537547,0,0,0,0,0,0,0,0,288,180,forward,0,0,263.0,1.7000403478883719,101.53756921735355,1.3,12.0
11:21:58,1.699972,101.537547,0,0,0,0,0,0,0,0,288,180,forward,0,0,263.0,1.7000403478883719,101.53756921735355,1.0,64.0
11:22:01,1.699972,101.537547,0,0,0,0,0,0,0,0,288,180,forward,0,0,263.0,1.7000403478883719,101.53756921735355,0.7,113.0
11:22:03,1.699972,101.537547,0,0,0,0,0,0,0,0,288,180,forward,0,0,263.0,1.7000403478883719,101.53756921735355,0.8,34.0
11:22:05,1.699972,101.537547,0,0,0,0,0,0,0,0,288,180,forward,0,0,263.0,1.7000403478883719,101.53756921735355,1.9,95.0
11:22:07,1.699972,101.537547,0,0,0,0,0,0,0,0,288,180,forward,0,0,263.0,1.7000403478883719,101.53756921735355,1.6,139.0
11:22:09,1.699972,101.537547,0,0,0,0,0,0,0,0,288,180,forward,0,0,263.0,1.7000403478883719,101.53756921735355,0.9,138.0
11:22:12,1.699972,101.537547,0,0,0,0,0,0,0,0,288,180,forward,0,0,263.0,1.7000403478883719,101.53756921735355,0.9,138.0
11:22:14,1.699972,101.537547,0,0,0,0,0,0,0,0,288,180,forward,0,0,263.0,1.7000403478883719,101.53756921735355,0.6,143.0
11:22:16,1.699972,101.537547,0,0,0,0,0,0,0,0,288,180,forward,0,0,263.0,1.7000403478883719,101.53756921735355,0.4,138.0
11:22:18,1.699962,101.53756,0,0,0,0,0,0,0,0,288,180,forward,0,0,263.0,1.7000303478883718,101.53758221735343,0.6,131.0
11:22:20,1.699962,101.537561,0,0,0,0,0,0,0,0,288,180,forward,0,0,263.0,1.7000303478883718,101.53758321735343,0.6,161.0
11:22:23,1.699962,101.537562,0,0,0,0,0,0,0,0,287,180,forward,0,0,263.0,1.7000307250542845,101.53758302060928,0.6,147.0
11:22:25,1.699962,101.537562,0,0,0,0,0,0,0,0,287,180,forward,0,0,263.0,1.7000307250542845,101.53758302060928,0.5,162.0
11:22:27,1.699962,101.537562,0,0,0,0,0,0,0,0,288,180,forward,0,0,263.0,1.7000303478883718,101.53758421735343,0.1,148.0
11:22:29,1.699962,101.537562,0,0,0,0,0,0,0,0,287,180,forward,0,0,263.0,1.7000307250542845,101.53758302060928,0.2,110.0
11:22:31,1.699963,101.537562,0,0,0,0,0,0,0,0,287,180,forward,0,0,263.0,1.7000317250542845,101.53758302060928,0.6,128.0
11:22:34,1.699963,101.537562,0,0,0,0,0,0,0,0,287,180,forward,0,0,263.0,1.7000317250542845,101.53758302060928,0.9,156.0
11:22:36,1.699964,101.537562,0,0,0,0,0,0,0,0,288,180,forward,0,0,263.0,1.7000323478883719,101.53758421735346,0.8,141.0
11:22:38,1.699965,101.537562,0,0,0,0,0,0,0,0,287,180,forward,0,0,263.0,1.7000337250542845,101.5375830206093,0.6,199.0
11:22:40,1.699965,101.537562,0,0,0,0,0,0,0,0,288,180,forward,0,0,263.0,1.7000333478883718,101.53758421735347,0.8,282.0
11:22:42,1.699965,101.537562,0,0,0,0,0,0,0,0,288,180,forward,0,0,263.0,1.7000333478883718,101.53758421735347,0.7,93.0
11:22:45,1.699966,101.537562,0,0,0,0,0,0,0,0,288,180,forward,0,0,263.0,1.700034347888372,101.53758421735347,0.5,23.0
11:22:47,1.699966,101.537562,0,0,0,0,0,0,0,0,288,180,forward,0,0,263.0,1.700034347888372,101.53758421735347,1.5,60.0
11:22:49,1.699966,101.537561,0,0,0,0,0,0,0,0,288,180,forward,0,0,263.0,1.700034347888372,101.53758321735347,1.1,105.0
11:22:51,1.699966,101.537561,0,0,0,0,0,0,0,0,288,180,forward,0,0,263.0,1.700034347888372,101.53758321735347,0.7,178.0
11:22:53,1.699966,101.537561,0,0,0,0,0,0,0,0,288,180,forward,0,0,263.0,1.700034347888372,101.53758321735347,0.8,172.0
11:22:55,1.699966,101.537561,0,0,0,0,0,0,0,0,288,180,forward,0,0,263.0,1.700034347888372,101.53758321735347,0.6,162.0
11:22:58,1.699966,101.537561,0,0,0,0,0,0,0,0,287,180,forward,0,0,263.0,1.7000347250542847,101.53758202060932,0.8,233.0
11:23:00,1.699966,101.537561,0,0,0,0,0,0,0,0,288,180,forward,0,0,263.0,1.700034347888372,101.53758321735347,0.6,134.0
11:23:02,1.699965,101.53756,0,0,0,0,0,0,0,0,288,180,forward,0,0,263.0,1.7000333478883718,101.53758221735347,0.2,164.0
11:23:04,1.699965,101.53756,0,0,0,0,0,0,0,0,287,180,forward,0,0,263.0,1.7000337250542845,101.53758102060931,0.1,170.0
11:23:06,1.699965,101.537559,0,0,0,0,0,0,0,0,288,180,forward,0,0,263.0,1.7000333478883718,101.53758121735348,0.2,167.0
11:23:09,1.699964,101.537559,0,0,0,0,0,0,0,0,287,180,forward,0,0,263.0,1.7000327250542846,101.5375800206093,0.0,170.0
11:23:11,1.699964,101.537558,0,0,0,0,0,0,0,0,287,180,forward,0,0,263.0,1.7000327250542846,101.5375790206093,0.0,137.0
11:23:13,1.699964,101.537558,0,0,0,0,0,0,0,0,287,180,forward,0,0,263.0,1.7000327250542846,101.5375790206093,0.1,133.0
11:23:15,1.699964,101.537558,0,0,0,0,0,0,0,0,288,180,forward,0,0,263.0,1.7000323478883719,101.53758021735347,0.2,166.0
11:23:17,1.699964,101.537557,0,0,0,0,0,0,0,0,287,180,forward,0,0,263.0,1.7000327250542846,101.5375780206093,0.0,173.0
11:23:20,1.699964,101.537557,0,0,0,0,0,0,0,0,288,180,forward,0,0,263.0,1.7000323478883719,101.53757921735347,0.1,309.0
11:23:22,1.699963,101.537556,0,0,0,0,0,0,0,0,288,180,forward,0,0,263.0,1.7000313478883717,101.53757821735344,0.0,185.0
11:23:24,1.699963,101.537555,0,0,0,0,0,0,0,0,287,180,forward,0,0,263.0,1.7000317250542845,101.53757602060928,0.0,190.0
11:23:26,1.699963,101.537555,0,0,0,0,0,0,0,0,287,180,forward,0,0,263.0,1.7000317250542845,101.53757602060928,0.0,213.0
11:23:28,1.699963,101.537554,0,0,0,0,0,0,0,0,288,180,forward,0,0,263.0,1.7000313478883717,101.53757621735345,0.0,193.0
11:23:31,1.699963,101.537554,0,0,0,0,0,0,0,0,287,180,forward,0,0,263.0,1.7000317250542845,101.53757502060928,0.2,164.0
11:23:33,1.699963,101.537553,0,0,0,0,0,0,0,0,288,180,forward,0,0,263.0,1.7000313478883717,101.53757521735345,0.6,221.0
11:23:35,1.699963,101.537553,0,0,0,0,0,0,0,0,288,180,forward,0,0,263.0,1.7000313478883717,101.53757521735345,0.9,158.0
11:23:37,1.699963,101.537553,0,0,0,0,0,0,0,0,288,180,forward,0,0,263.0,1.7000313478883717,101.53757521735345,1.0,180.0
11:23:39,1.699963,101.537552,0,0,0,0,0,0,0,0,287,180,forward,0,0,263.0,1.7000317250542845,101.53757302060929,1.2,0.0
11:23:42,1.699963,101.537551,0,0,0,0,0,0,0,0,288,180,forward,0,0,263.0,1.7000313478883717,101.53757321735344,1.2,64.0
11:23:44,1.699963,101.53755,0,0,0,0,0,0,0,0,288,180,forward,0,0,263.0,1.7000313478883717,101.53757221735344,1.0,202.0
11:23:46,1.699963,101.53755,0,0,0,0,0,0,0,0,288,180,forward,0,0,263.0,1.7000313478883717,101.53757221735344,0.9,165.0
11:23:48,1.699963,101.53755,0,0,0,0,0,0,0,0,287,180,forward,0,0,263.0,1.7000317250542845,101.53757102060928,0.8,167.0
11:23:50,1.699963,101.53755,0,0,0,0,0,0,0,0,288,180,forward,0,0,263.0,1.7000313478883717,101.53757221735344,0.5,158.0
11:23:53,1.699963,101.53755,0,0,0,0,0,0,0,0,287,180,forward,0,0,263.0,1.7000317250542845,101.53757102060928,0.2,275.0
11:23:55,1.699963,101.53755,0,0,0,0,0,0,0,0,288,180,forward,0,0,263.0,1.7000313478883717,101.53757221735344,0.0,272.0
11:23:57,1.699963,101.537549,0,0,0,0,0,0,0,0,287,180,forward,0,0,263.0,1.7000317250542845,101.53757002060928,0.1,275.0
11:23:59,1.699963,101.537549,0,0,0,0,0,0,0,0,288,180,forward,0,0,263.0,1.7000313478883717,101.53757121735345,0.0,213.0
11:24:01,1.699963,101.537549,0,0,0,0,0,0,0,0,288,180,forward,0,0,263.0,1.7000313478883717,101.53757121735345,0.0,194.0
11:24:04,1.699962,101.537549,0,0,0,0,0,0,0,0,288,180,forward,0,0,263.0,1.7000303478883718,101.53757121735343,0.0,188.0
11:24:06,1.699962,101.537549,0,0,0,0,0,0,0,0,287,180,forward,0,0,263.0,1.7000307250542845,101.53757002060928,0.1,181.0
11:24:08,1.699962,101.537549,0,0,0,0,0,0,0,0,288,180,forward,0,0,263.0,1.7000303478883718,101.53757121735343,0.0,231.0
11:24:10,1.699961,101.53755,0,0,0,0,0,0,0,0,288,180,forward,0,0,263.0,1.700029347888372,101.53757221735341,0.5,308.0
11:24:12,1.699961,101.53755,0,0,0,0,0,0,0,0,288,180,forward,0,0,263.0,1.700029347888372,101.53757221735341,1.3,95.0
11:24:15,1.699961,101.537551,0,0,0,0,0,0,0,0,287,180,forward,0,0,263.0,1.7000297250542846,101.53757202060926,1.2,232.0
11:24:17,1.699961,101.537551,0,0,0,0,0,0,0,0,288,180,forward,0,0,263.0,1.700029347888372,101.53757321735341,1.7,188.0
11:24:19,1.69996,101.537551,0,0,0,0,0,0,0,0,288,180,forward,0,0,263.0,1.7000283478883718,101.5375732173534,1.3,250.0
11:24:21,1.69996,101.537551,0,0,0,0,0,0,0,0,288,180,forward,0,0,263.0,1.7000283478883718,101.5375732173534,2.0,216.0
11:24:23,1.69996,101.537552,0,0,0,0,0,0,0,0,288,180,forward,0,0,263.0,1.7000283478883718,101.53757421735341,1.7,346.0
11:24:26,1.69996,101.537552,0,0,0,0,0,0,0,0,288,180,forward,0,0,263.0,1.7000283478883718,101.53757421735341,1.2,34.0
11:24:28,1.699959,101.537553,0,0,0,0,0,0,0,0,288,180,forward,0,0,263.0,1.7000273478883718,101.5375752173534,1.3,80.0
11:24:30,1.699959,101.537553,0,0,0,0,0,0,0,0,288,180,forward,0,0,263.0,1.7000273478883718,101.5375752173534,1.0,13.0
11:24:32,1.69996,101.537554,0,0,0,0,0,0,0,0,287,180,forward,0,0,263.0,1.7000287250542845,101.53757502060925,0.9,59.0
11:24:34,1.69996,101.537554,0,0,0,0,0,0,0,0,287,180,forward,0,0,263.0,1.7000287250542845,101.53757502060925,1.0,116.0
11:24:37,1.69996,101.537554,0,0,0,0,0,0,0,0,287,180,forward,0,0,263.0,1.7000287250542845,101.53757502060925,1.1,113.0
11:24:39,1.69996,101.537553,0,0,0,0,0,0,0,0,287,180,forward,0,0,263.0,1.7000287250542845,101.53757402060926,0.8,130.0
11:24:41,1.69996,101.537553,0,0,0,0,0,0,0,0,287,180,forward,0,0,263.0,1.7000287250542845,101.53757402060926,0.6,123.0
11:24:43,1.69996,101.537553,0,0,0,0,0,0,0,0,288,180,forward,0,0,263.0,1.7000283478883718,101.5375752173534,0.6,91.0
11:24:45,1.69996,101.537553,0,0,0,0,0,0,0,0,288,180,forward,0,0,263.0,1.7000283478883718,101.5375752173534,0.5,200.0
11:24:48,1.69996,101.537552,0,0,0,0,0,0,0,0,288,180,forward,0,0,263.0,1.7000283478883718,101.53757421735341,0.7,202.0
11:24:50,1.69996,101.537552,0,0,0,0,0,0,0,0,287,180,forward,0,0,263.0,1.7000287250542845,101.53757302060926,0.8,235.0
11:24:52,1.69996,101.537552,0,0,0,0,0,0,0,0,288,180,forward,0,0,263.0,1.7000283478883718,101.53757421735341,0.9,188.0
11:24:54,1.69996,101.537552,0,0,0,0,0,0,0,0,287,180,forward,0,0,263.0,1.7000287250542845,101.53757302060926,0.5,137.0
11:24:56,1.69996,101.537552,0,0,0,0,0,0,0,0,288,180,forward,0,0,263.0,1.7000283478883718,101.53757421735341,0.4,137.0
11:24:59,1.699961,101.537552,0,0,0,0,0,0,0,0,287,180,forward,0,0,263.0,1.7000297250542846,101.53757302060927,0.4,128.0
11:25:01,1.699961,101.537551,0,0,0,0,0,0,0,0,288,180,forward,0,0,263.0,1.700029347888372,101.53757321735341,0.1,151.0
11:25:03,1.699961,101.537551,0,0,0,0,0,0,0,0,288,180,forward,0,0,263.0,1.700029347888372,101.53757321735341,0.1,135.0
11:25:05,1.699961,101.537551,0,0,0,0,0,0,0,0,287,180,forward,0,0,263.0,1.7000297250542846,101.53757202060926,0.1,130.0
11:25:07,1.699961,101.537552,0,0,0,0,0,0,0,0,287,180,forward,0,0,263.0,1.7000297250542846,101.53757302060927,0.2,89.0
11:25:10,1.699961,101.537552,0,0,0,0,0,0,0,0,287,180,forward,0,0,263.0,1.7000297250542846,101.53757302060927,0.6,37.0
11:25:12,1.699962,101.537553,0,0,0,0,0,0,0,0,287,180,forward,0,0,263.0,1.7000307250542845,101.53757402060928,0.5,102.0
11:25:14,1.699963,101.537553,0,0,0,0,0,0,0,0,288,180,forward,0,0,263.0,1.7000313478883717,101.53757521735345,0.6,98.0
11:25:16,1.699963,101.537554,0,0,0,0,0,0,0,0,287,180,forward,0,0,263.0,1.7000317250542845,101.53757502060928,0.8,83.0
11:25:18,1.699964,101.537555,0,0,0,0,0,0,0,0,288,180,forward,0,0,263.0,1.7000323478883719,101.53757721735346,1.0,200.0
11:25:21,1.699965,101.537556,0,0,0,0,0,0,0,0,288,180,forward,0,0,263.0,1.7000333478883718,101.53757821735347,0.7,224.0
11:25:23,1.699965,101.537557,0,0,0,0,0,0,0,0,287,180,forward,0,0,263.0,1.7000337250542845,101.53757802060932,0.7,192.0
11:25:25,1.699966,101.537558,0,0,0,0,0,0,0,0,288,180,forward,0,0,263.0,1.700034347888372,101.53758021735348,0.6,244.0
11:25:27,1.699966,101.537559,0,0,0,0,0,0,0,0,288,180,forward,0,0,263.0,1.700034347888372,101.53758121735348,0.6,251.0
11:25:29,1.699967,101.537559,0,0,0,0,0,0,0,0,287,180,forward,0,0,263.0,1.7000357250542846,101.53758002060933,0.8,196.0
11:25:32,1.699967,101.53756,0,0,0,0,0,0,0,0,287,180,forward,0,0,263.0,1.7000357250542846,101.53758102060932,0.4,196.0
11:25:34,1.699968,101.537561,0,0,0,0,0,0,0,0,288,180,forward,0,0,263.0,1.7000363478883718,101.5375832173535,0.8,196.0
11:25:36,1.699968,101.537561,0,0,0,0,0,0,0,0,288,180,forward,0,0,263.0,1.7000363478883718,101.5375832173535,1.1,201.0
11:25:38,1.699968,101.537562,0,0,0,0,0,0,0,0,288,180,forward,0,0,263.0,1.7000363478883718,101.5375842173535,1.0,188.0
11:25:40,1.699968,101.537562,0,0,0,0,0,0,0,0,288,180,forward,0,0,263.0,1.7000363478883718,101.5375842173535,0.9,209.0
11:25:43,1.699968,101.537563,0,0,0,0,0,0,0,0,287,180,forward,0,0,263.0,1.7000367250542845,101.53758402060934,0.8,200.0
11:25:45,1.699968,101.537563,0,0,0,0,0,0,0,0,288,180,forward,0,0,263.0,1.7000363478883718,101.53758521735351,0.7,207.0
11:25:47,1.699968,101.537564,0,0,0,0,0,0,0,0,288,180,forward,0,0,263.0,1.7000363478883718,101.5375862173535,0.6,201.0
11:25:49,1.699967,101.537565,0,0,0,0,0,0,0,0,287,180,forward,0,0,263.0,1.7000357250542846,101.53758602060933,0.6,181.0
11:25:51,1.699967,101.537565,0,0,0,0,0,0,0,0,288,180,forward,0,0,263.0,1.7000353478883719,101.53758721735349,0.7,96.0
11:25:54,1.699967,101.537565,0,0,0,0,0,0,0,0,287,180,forward,0,0,263.0,1.7000357250542846,101.53758602060933,0.7,136.0
11:25:56,1.699966,101.537565,0,0,0,0,0,0,0,0,288,180,forward,0,0,263.0,1.700034347888372,101.53758721735348,0.6,113.0
11:25:58,1.699966,101.537566,0,0,0,0,0,0,0,0,287,180,forward,0,0,263.0,1.7000347250542847,101.53758702060932,0.9,130.0
11:26:00,1.699965,101.537566,0,0,0,0,0,0,0,0,287,180,forward,0,0,263.0,1.7000337250542845,101.53758702060931,1.0,113.0
11:26:02,1.699965,101.537566,0,0,0,0,0,0,0,0,288,180,forward,0,0,263.0,1.7000333478883718,101.53758821735347,0.8,114.0
11:26:05,1.699965,101.537566,0,0,0,0,0,0,0,0,288,180,forward,0,0,263.0,1.7000333478883718,101.53758821735347,0.6,124.0
11:26:07,1.699964,101.537566,0,0,0,0,0,0,0,0,287,180,forward,0,0,263.0,1.7000327250542846,101.5375870206093,0.6,146.0
11:26:09,1.699964,101.537566,0,0,0,0,0,0,0,0,287,180,forward,0,0,263.0,1.7000327250542846,101.5375870206093,0.6,113.0
11:26:11,1.699963,101.537566,0,0,0,0,0,0,0,0,288,180,forward,0,0,263.0,1.7000313478883717,101.53758821735344,0.7,184.0
11:26:13,1.699963,101.537566,0,0,0,0,0,0,0,0,288,180,forward,0,0,263.0,1.7000313478883717,101.53758821735344,0.6,183.0
11:26:16,1.699964,101.537567,0,0,0,0,0,0,0,0,288,180,forward,0,0,263.0,1.7000323478883719,101.53758921735346,0.7,161.0
11:26:18,1.699964,101.537567,0,0,0,0,0,0,0,0,287,180,forward,0,0,263.0,1.7000327250542846,101.53758802060929,0.5,110.0
11:26:20,1.699964,101.537567,0,0,0,0,0,0,0,0,287,180,forward,0,0,263.0,1.7000327250542846,101.53758802060929,0.6,44.0
11:26:22,1.699964,101.537567,0,0,0,0,0,0,0,0,287,180,forward,0,0,263.0,1.7000327250542846,101.53758802060929,0.6,307.0
11:26:24,1.699964,101.537567,0,0,0,0,0,0,0,0,287,180,forward,0,0,263.0,1.7000327250542846,101.53758802060929,0.7,283.0
11:26:27,1.699964,101.537568,0,0,0,0,0,0,0,0,287,180,forward,0,0,263.0,1.7000327250542846,101.53758902060929,0.6,284.0
11:26:29,1.699965,101.537568,0,0,0,0,0,0,0,0,287,180,forward,0,0,263.0,1.7000337250542845,101.5375890206093,0.4,283.0
11:26:31,1.699965,101.537568,0,0,0,0,0,0,0,0,288,180,forward,0,0,263.0,1.7000333478883718,101.53759021735347,0.2,194.0
11:26:33,1.699965,101.537568,0,0,0,0,0,0,0,0,287,180,forward,0,0,263.0,1.7000337250542845,101.5375890206093,0.0,125.0
11:26:35,1.699965,101.537568,0,0,0,0,0,0,0,0,288,180,forward,0,0,263.0,1.7000333478883718,101.53759021735347,0.0,159.0
11:26:38,1.699965,101.537568,0,0,0,0,0,0,0,0,288,180,forward,0,0,263.0,1.7000333478883718,101.53759021735347,0.0,167.0
11:26:40,1.699966,101.537568,0,0,0,0,0,0,0,0,287,180,forward,0,0,263.0,1.7000347250542847,101.53758902060932,0.0,152.0
11:26:42,1.699966,101.537568,0,0,0,0,0,0,0,0,287,180,forward,0,0,263.0,1.7000347250542847,101.53758902060932,0.0,165.0
11:26:44,1.699966,101.537568,0,0,0,0,0,0,0,0,288,180,forward,0,0,263.0,1.700034347888372,101.53759021735347,0.0,132.0
11:26:46,1.699966,101.537568,0,0,0,0,0,0,0,0,287,180,forward,0,0,263.0,1.7000347250542847,101.53758902060932,0.0,134.0
11:26:49,1.699966,101.537568,0,0,0,0,0,0,0,0,287,180,forward,0,0,263.0,1.7000347250542847,101.53758902060932,0.0,114.0
11:26:51,1.699966,101.537569,0,0,0,0,0,0,0,0,287,180,forward,0,0,263.0,1.7000347250542847,101.53759002060933,0.0,121.0
11:26:53,1.699967,101.537569,0,0,0,0,0,0,0,0,288,180,forward,0,0,263.0,1.7000353478883719,101.5375912173535,0.0,110.0
11:26:55,1.699967,101.537569,0,0,0,0,0,0,0,0,288,180,forward,0,0,263.0,1.7000353478883719,101.5375912173535,0.0,107.0
11:26:57,1.699967,101.537569,0,0,0,0,0,0,0,0,287,180,forward,0,0,263.0,1.7000357250542846,101.53759002060933,0.0,132.0
11:27:00,1.699967,101.537569,0,0,0,0,0,0,0,0,287,180,forward,0,0,263.0,1.7000357250542846,101.53759002060933,0.1,168.0
11:27:02,1.699967,101.537569,0,0,0,0,0,0,0,0,288,180,forward,0,0,263.0,1.7000353478883719,101.5375912173535,0.2,156.0
11:27:04,1.699968,101.537569,0,0,0,0,0,0,0,0,288,180,forward,0,0,263.0,1.7000363478883718,101.53759121735351,0.2,124.0
11:27:06,1.699968,101.53757,0,0,0,0,0,0,0,0,288,180,forward,0,0,263.0,1.7000363478883718,101.5375922173535,0.1,157.0
11:27:08,1.699968,101.53757,0,0,0,0,0,0,0,0,288,180,forward,0,0,263.0,1.7000363478883718,101.5375922173535,0.2,215.0
11:27:11,1.699968,101.53757,0,0,0,0,0,0,0,0,287,180,forward,0,0,263.0,1.7000367250542845,101.53759102060934,0.9,282.0
11:27:13,1.699968,101.53757,0,0,0,0,0,0,0,0,287,180,forward,0,0,263.0,1.7000367250542845,101.53759102060934,1.5,54.0
11:27:15,1.699968,101.53757,0,0,0,0,0,0,0,0,288,180,forward,0,0,263.0,1.7000363478883718,101.5375922173535,2.2,13.0
11:27:17,1.699969,101.53757,0,0,0,0,0,0,0,0,288,180,forward,0,0,263.0,1.700037347888372,101.53759221735352,1.5,89.0
11:27:19,1.699969,101.53757,0,0,0,0,0,0,0,0,287,180,forward,0,0,263.0,1.7000377250542846,101.53759102060936,1.5,124.0
11:27:22,1.699969,101.537571,0,0,0,0,0,0,0,0,288,180,forward,0,0,263.0,1.700037347888372,101.53759321735352,1.0,130.0
11:27:24,1.699969,101.537571,0,0,0,0,0,0,0,0,287,180,forward,0,0,263.0,1.7000377250542846,101.53759202060935,0.9,18.0
11:27:26,1.699969,101.537571,0,0,0,0,0,0,0,0,287,180,forward,0,0,263.0,1.7000377250542846,101.53759202060935,1.2,0.0
11:27:28,1.699969,101.537571,0,0,0,0,0,0,0,0,287,180,forward,0,0,263.0,1.7000377250542846,101.53759202060935,1.7,345.0
11:27:30,1.69997,101.537571,0,0,0,0,0,0,0,0,287,180,forward,0,0,263.0,1.7000387250542845,101.53759202060937,1.4,291.0
11:27:33,1.69997,101.537571,0,0,0,0,0,0,0,0,287,180,forward,0,0,263.0,1.7000387250542845,101.53759202060937,1.3,122.0
11:27:35,1.699969,101.53757,0,0,0,0,0,0,0,0,287,180,forward,0,0,263.0,1.7000377250542846,101.53759102060936,0.9,1.0
11:27:37,1.699969,101.53757,0,0,0,0,0,0,0,0,287,180,forward,0,0,263.0,1.7000377250542846,101.53759102060936,0.7,303.0
11:27:39,1.699969,101.53757,0,0,0,0,0,0,0,0,287,180,forward,0,0,263.0,1.7000377250542846,101.53759102060936,0.7,157.0
11:27:41,1.69997,101.537569,0,0,0,0,0,0,0,0,287,180,forward,0,0,263.0,1.7000387250542845,101.53759002060937,0.4,221.0
11:27:44,1.69997,101.537569,0,0,0,0,0,0,0,0,288,180,forward,0,0,263.0,1.7000383478883718,101.53759121735354,0.6,203.0
11:27:46,1.699969,101.537569,0,0,0,0,0,0,0,0,287,180,forward,0,0,263.0,1.7000377250542846,101.53759002060936,1.0,272.0
11:27:48,1.699969,101.537569,0,0,0,0,0,0,0,0,288,180,forward,0,0,263.0,1.700037347888372,101.53759121735352,0.9,328.0
11:27:50,1.699969,101.537568,0,0,0,0,0,0,0,0,288,180,forward,0,0,263.0,1.700037347888372,101.53759021735351,0.8,111.0
11:27:52,1.699969,101.537568,0,0,0,0,0,0,0,0,288,180,forward,0,0,263.0,1.700037347888372,101.53759021735351,0.6,128.0
11:27:55,1.699969,101.537567,0,0,0,0,0,0,0,0,288,180,forward,0,0,263.0,1.700037347888372,101.53758921735351,0.6,145.0
11:27:57,1.699969,101.537566,0,0,0,0,0,0,0,0,287,180,forward,0,0,263.0,1.7000377250542846,101.53758702060935,0.6,153.0
11:27:59,1.699969,101.537566,0,0,0,0,0,0,0,0,288,180,forward,0,0,263.0,1.700037347888372,101.53758821735352,0.5,189.0
11:28:01,1.699968,101.537565,0,0,0,0,0,0,0,0,287,180,forward,0,0,263.0,1.7000367250542845,101.53758602060934,0.3,181.0
11:28:03,1.699968,101.537565,0,0,0,0,0,0,0,0,288,180,forward,0,0,263.0,1.7000363478883718,101.5375872173535,0.4,157.0
11:28:06,1.699968,101.537564,0,0,0,0,0,0,0,0,287,180,forward,0,0,263.0,1.7000367250542845,101.53758502060934,0.0,195.0
11:28:08,1.699968,101.537564,0,0,0,0,0,0,0,0,288,180,forward,0,0,263.0,1.7000363478883718,101.5375862173535,0.0,202.0
11:28:10,1.699968,101.537564,0,0,0,0,0,0,0,0,288,180,forward,0,0,263.0,1.7000363478883718,101.5375862173535,0.2,209.0
11:28:12,1.699968,101.537564,0,0,0,0,0,0,0,0,288,180,forward,0,0,263.0,1.7000363478883718,101.5375862173535,0.6,196.0
11:28:14,1.699968,101.537563,0,0,0,0,0,0,0,0,288,180,forward,0,0,263.0,1.7000363478883718,101.53758521735351,0.3,178.0
11:28:17,1.699968,101.537563,0,0,0,0,0,0,0,0,288,180,forward,0,0,263.0,1.7000363478883718,101.53758521735351,0.6,176.0
11:28:19,1.699968,101.537563,0,0,0,0,0,0,0,0,288,180,forward,0,0,263.0,1.7000363478883718,101.53758521735351,0.1,245.0
11:28:21,1.699968,101.537562,0,0,0,0,0,0,0,0,288,180,forward,0,0,263.0,1.7000363478883718,101.5375842173535,0.3,252.0
11:28:23,1.699969,101.537561,0,0,0,0,0,0,0,0,288,180,forward,0,0,263.0,1.700037347888372,101.53758321735351,0.2,200.0
11:28:25,1.699969,101.537561,0,0,0,0,0,0,0,0,288,180,forward,0,0,263.0,1.700037347888372,101.53758321735351,0.0,162.0
11:28:28,1.699969,101.537561,0,0,0,0,0,0,0,0,287,180,forward,0,0,263.0,1.7000377250542846,101.53758202060935,0.1,216.0
11:28:30,1.69997,101.53756,0,0,0,0,0,0,0,0,288,180,forward,0,0,263.0,1.7000383478883718,101.53758221735353,0.0,181.0
11:28:32,1.69997,101.53756,0,0,0,0,0,0,0,0,287,180,forward,0,0,263.0,1.7000387250542845,101.53758102060937,0.0,183.0
11:28:34,1.69997,101.53756,0,0,0,0,0,0,0,0,287,180,forward,0,0,263.0,1.7000387250542845,101.53758102060937,0.1,181.0
11:28:36,1.699971,101.537559,0,0,0,0,0,0,0,0,288,180,forward,0,0,263.0,1.7000393478883717,101.53758121735353,0.0,215.0
11:28:39,1.699971,101.537559,0,0,0,0,0,0,0,0,287,180,forward,0,0,263.0,1.7000397250542845,101.53758002060937,0.1,261.0
11:28:41,1.699971,101.537559,0,0,0,0,0,0,0,0,287,180,forward,0,0,263.0,1.7000397250542845,101.53758002060937,0.6,41.0
11:28:43,1.699971,101.537559,0,0,0,0,0,0,0,0,287,180,forward,0,0,263.0,1.7000397250542845,101.53758002060937,0.3,344.0
11:28:45,1.699971,101.537559,0,0,0,0,0,0,0,0,288,180,forward,0,0,263.0,1.7000393478883717,101.53758121735353,0.6,316.0
11:28:47,1.699971,101.537559,0,0,0,0,0,0,0,0,288,180,forward,0,0,263.0,1.7000393478883717,101.53758121735353,0.7,236.0
11:28:50,1.69997,101.537559,0,0,0,0,0,0,0,0,287,180,forward,0,0,263.0,1.7000387250542845,101.53758002060937,0.6,285.0
11:28:52,1.69997,101.537558,0,0,0,0,0,0,0,0,287,180,forward,0,0,263.0,1.7000387250542845,101.53757902060937,0.3,351.0
11:28:54,1.69997,101.537558,0,0,0,0,0,0,0,0,287,180,forward,0,0,263.0,1.7000387250542845,101.53757902060937,0.8,327.0
11:28:56,1.699969,101.537558,0,0,0,0,0,0,0,0,287,180,forward,0,0,263.0,1.7000377250542846,101.53757902060936,0.5,20.0
11:28:58,1.699969,101.537559,0,0,0,0,0,0,0,0,288,180,forward,0,0,263.0,1.700037347888372,101.53758121735352,0.4,38.0
11:29:01,1.699969,101.537559,0,0,0,0,0,0,0,0,287,180,forward,0,0,263.0,1.7000377250542846,101.53758002060935,0.1,1.0
11:29:03,1.699968,101.53756,0,0,0,0,0,0,0,0,287,180,forward,0,0,263.0,1.7000367250542845,101.53758102060934,0.4,12.0
11:29:05,1.699968,101.53756,0,0,0,0,0,0,0,0,287,180,forward,0,0,263.0,1.7000367250542845,101.53758102060934,0.0,351.0
11:29:07,1.699967,101.53756,0,0,0,0,0,0,0,0,288,180,forward,0,0,263.0,1.7000353478883719,101.53758221735349,0.0,344.0
11:29:09,1.699966,101.537561,0,0,0,0,0,0,0,0,288,180,forward,0,0,263.0,1.700034347888372,101.53758321735347,0.0,314.0
11:29:12,1.699966,101.537561,0,0,0,0,0,0,0,0,287,180,forward,0,0,263.0,1.7000347250542847,101.53758202060932,0.1,45.0
11:29:14,1.699965,101.53756,0,0,0,0,0,0,0,0,287,180,forward,0,0,263.0,1.7000337250542845,101.53758102060931,0.3,215.0
11:29:16,1.699965,101.53756,0,0,0,0,0,0,0,0,287,180,forward,0,0,263.0,1.7000337250542845,101.53758102060931,0.9,110.0
11:29:18,1.699965,101.53756,0,0,0,0,0,0,0,0,287,180,forward,0,0,263.0,1.7000337250542845,101.53758102060931,1.2,117.0
11:29:20,1.699965,101.537561,0,0,0,0,0,0,0,0,288,180,forward,0,0,263.0,1.7000333478883718,101.53758321735347,0.8,130.0
11:29:23,1.699965,101.537561,0,0,0,0,0,0,0,0,287,180,forward,0,0,263.0,1.7000337250542845,101.5375820206093,0.4,139.0
11:29:25,1.699965,101.537561,0,0,0,0,0,0,0,0,287,180,forward,0,0,263.0,1.7000337250542845,101.5375820206093,0.4,142.0
11:29:27,1.699965,101.537561,0,0,0,0,0,0,0,0,287,180,forward,0,0,263.0,1.7000337250542845,101.5375820206093,0.5,98.0
11:29:29,1.699965,101.537561,0,0,0,0,0,0,0,0,287,180,forward,0,0,263.0,1.7000337250542845,101.5375820206093,0.6,132.0
11:29:31,1.699965,101.53756,0,0,0,0,0,0,0,0,288,180,forward,0,0,263.0,1.7000333478883718,101.53758221735347,0.7,144.0
11:29:34,1.699965,101.53756,0,0,0,0,0,0,0,0,287,180,forward,0,0,263.0,1.7000337250542845,101.53758102060931,0.4,144.0
11:29:36,1.699965,101.53756,0,0,0,0,0,0,0,0,287,180,forward,0,0,263.0,1.7000337250542845,101.53758102060931,0.7,310.0
11:29:38,1.699965,101.53756,0,0,0,0,0,0,0,0,287,180,forward,0,0,263.0,1.7000337250542845,101.53758102060931,1.2,267.0
11:29:40,1.699965,101.53756,0,0,0,0,0,0,0,0,287,180,forward,0,0,263.0,1.7000337250542845,101.53758102060931,1.0,268.0
11:29:42,1.699965,101.537559,0,0,0,0,0,0,0,0,287,180,forward,0,0,263.0,1.7000337250542845,101.53758002060931,0.8,280.0
11:29:45,1.699965,101.537558,0,0,0,0,0,0,0,0,287,180,forward,0,0,263.0,1.7000337250542845,101.53757902060931,0.7,303.0
11:29:47,1.699965,101.537558,0,0,0,0,0,0,0,0,287,180,forward,0,0,263.0,1.7000337250542845,101.53757902060931,0.7,302.0
11:29:49,1.699965,101.537557,0,0,0,0,0,0,0,0,287,180,forward,0,0,263.0,1.7000337250542845,101.53757802060932,0.7,308.0
11:29:51,1.699965,101.537556,0,0,0,0,0,0,0,0,288,180,forward,0,0,263.0,1.7000333478883718,101.53757821735347,0.6,311.0
11:29:53,1.699965,101.537556,0,0,0,0,0,0,0,0,287,180,forward,0,0,263.0,1.7000337250542845,101.5375770206093,0.4,309.0
11:29:56,1.699965,101.537555,0,0,0,0,0,0,0,0,287,180,forward,0,0,263.0,1.7000337250542845,101.53757602060931,0.6,311.0
11:29:58,1.699965,101.537555,0,0,0,0,0,0,0,0,287,180,forward,0,0,263.0,1.7000337250542845,101.53757602060931,0.6,307.0
11:30:00,1.699965,101.537555,0,0,0,0,0,0,0,0,288,180,forward,0,0,263.0,1.7000333478883718,101.53757721735347,0.4,307.0
11:30:02,1.699966,101.537554,0,0,0,0,0,0,0,0,287,180,forward,0,0,263.0,1.7000347250542847,101.53757502060932,0.6,307.0
11:30:04,1.699966,101.537554,0,0,0,0,0,0,0,0,288,180,forward,0,0,263.0,1.700034347888372,101.53757621735348,0.3,300.0
11:30:07,1.699967,101.537554,0,0,0,0,0,0,0,0,287,180,forward,0,0,263.0,1.7000357250542846,101.53757502060932,0.5,298.0
11:30:09,1.699967,101.537554,0,0,0,0,0,0,0,0,288,180,forward,0,0,263.0,1.7000353478883719,101.53757621735349,0.6,298.0
11:30:11,1.699968,101.537553,0,0,0,0,0,0,0,0,288,180,forward,0,0,263.0,1.7000363478883718,101.5375752173535,1.1,298.0
11:30:13,1.699968,101.537553,0,0,0,0,0,0,0,0,287,180,forward,0,0,263.0,1.7000367250542845,101.53757402060934,1.3,313.0
11:30:15,1.699969,101.537553,0,0,0,0,0,0,0,0,288,180,forward,0,0,263.0,1.700037347888372,101.53757521735352,1.2,317.0
11:30:18,1.699969,101.537552,0,0,0,0,0,0,0,0,288,180,forward,0,0,263.0,1.700037347888372,101.53757421735352,1.0,278.0
11:30:20,1.69997,101.537552,0,0,0,0,0,0,0,0,288,180,forward,0,0,263.0,1.7000383478883718,101.53757421735354,0.7,278.0
11:30:22,1.69997,101.537552,0,0,0,0,0,0,0,0,288,180,forward,0,0,263.0,1.7000383478883718,101.53757421735354,0.3,278.0
11:30:24,1.69997,101.537552,0,0,0,0,0,0,0,0,287,180,forward,0,0,263.0,1.7000387250542845,101.53757302060937,0.6,278.0
11:30:26,1.699971,101.537552,0,0,0,0,0,0,0,0,287,180,forward,0,0,263.0,1.7000397250542845,101.53757302060937,0.6,278.0
11:30:29,1.699971,101.537552,0,0,0,0,0,0,0,0,287,180,forward,0,0,263.0,1.7000397250542845,101.53757302060937,0.2,278.0
11:30:31,1.699971,101.537553,0,0,0,0,0,0,0,0,287,180,forward,0,0,263.0,1.7000397250542845,101.53757402060937,1.0,278.0
11:30:33,1.699971,101.537553,0,0,0,0,0,0,0,0,287,180,forward,0,0,263.0,1.7000397250542845,101.53757402060937,1.4,277.0
11:30:35,1.69997,101.537553,0,0,0,0,0,0,0,0,287,180,forward,0,0,263.0,1.7000387250542845,101.53757402060937,1.0,278.0
11:30:37,1.69997,101.537554,0,0,0,0,0,0,0,0,287,180,forward,0,0,263.0,1.7000387250542845,101.53757502060937,0.7,278.0
11:30:40,1.69997,101.537554,0,0,0,0,0,0,0,0,288,180,forward,0,0,263.0,1.7000383478883718,101.53757621735353,0.7,278.0
11:30:42,1.69997,101.537554,0,0,0,0,0,0,0,0,288,180,forward,0,0,263.0,1.7000383478883718,101.53757621735353,0.6,278.0
11:30:44,1.69997,101.537554,0,0,0,0,0,0,0,0,287,180,forward,0,0,263.0,1.7000387250542845,101.53757502060937,0.6,279.0
11:30:46,1.699969,101.537554,0,0,0,0,0,0,0,0,287,180,forward,0,0,263.0,1.7000377250542846,101.53757502060935,0.5,291.0
11:30:48,1.699969,101.537554,0,0,0,0,0,0,0,0,287,180,forward,0,0,263.0,1.7000377250542846,101.53757502060935,0.7,306.0
11:30:51,1.699969,101.537554,0,0,0,0,0,0,0,0,288,180,forward,0,0,263.0,1.700037347888372,101.53757621735352,1.2,119.0
11:30:53,1.699968,101.537554,0,0,0,0,0,0,0,0,288,180,forward,0,0,263.0,1.7000363478883718,101.5375762173535,2.2,188.0
11:30:55,1.699968,101.537554,0,0,0,0,0,0,0,0,287,180,forward,0,0,263.0,1.7000367250542845,101.53757502060934,1.7,319.0
11:30:57,1.699968,101.537554,0,0,0,0,0,0,0,0,287,180,forward,0,0,263.0,1.7000367250542845,101.53757502060934,1.8,259.0
11:30:59,1.699968,101.537554,0,0,0,0,0,0,0,0,287,180,forward,0,0,263.0,1.7000367250542845,101.53757502060934,1.7,260.0
11:31:02,1.699968,101.537554,0,0,0,0,0,0,0,0,288,180,forward,0,0,263.0,1.7000363478883718,101.5375762173535,1.3,269.0
11:31:04,1.699968,101.537554,0,0,0,0,0,0,0,0,288,180,forward,0,0,263.0,1.7000363478883718,101.5375762173535,1.9,269.0
11:31:06,1.699968,101.537554,0,0,0,0,0,0,0,0,287,180,forward,0,0,263.0,1.7000367250542845,101.53757502060934,1.7,274.0
11:31:08,1.699968,101.537554,0,0,0,0,0,0,0,0,288,180,forward,0,0,263.0,1.7000363478883718,101.5375762173535,1.7,247.0
11:31:10,1.699968,101.537553,0,0,0,0,0,0,0,0,287,180,forward,0,0,263.0,1.7000367250542845,101.53757402060934,1.9,272.0
11:31:13,1.699968,101.537552,0,0,0,0,0,0,0,0,288,180,forward,0,0,263.0,1.7000363478883718,101.53757421735351,1.5,241.0
11:31:15,1.699968,101.537552,0,0,0,0,0,0,0,0,287,180,forward,0,0,263.0,1.7000367250542845,101.53757302060934,1.2,315.0
11:31:17,1.699968,101.537551,0,0,0,0,0,0,0,0,287,180,forward,0,0,263.0,1.7000367250542845,101.53757202060933,1.2,296.0
11:31:19,1.699969,101.537551,0,0,0,0,0,0,0,0,287,180,forward,0,0,263.0,1.7000377250542846,101.53757202060935,1.1,302.0
11:31:21,1.699969,101.53755,0,0,0,0,0,0,0,0,287,180,forward,0,0,263.0,1.7000377250542846,101.53757102060935,0.8,258.0
11:31:24,1.699969,101.53755,0,0,0,0,0,0,0,0,287,180,forward,0,0,263.0,1.7000377250542846,101.53757102060935,1.0,295.0
11:31:26,1.699969,101.537549,0,0,0,0,0,0,0,0,287,180,forward,0,0,263.0,1.7000377250542846,101.53757002060935,0.6,335.0
11:31:28,1.699969,101.537549,0,0,0,0,0,0,0,0,287,180,forward,0,0,263.0,1.7000377250542846,101.53757002060935,0.6,180.0
11:31:30,1.69997,101.537549,0,0,0,0,0,0,0,0,287,180,forward,0,0,263.0,1.7000387250542845,101.53757002060937,0.7,198.0
11:31:32,1.69997,101.537548,0,0,0,0,0,0,0,0,288,180,forward,0,0,263.0,1.7000383478883718,101.53757021735353,0.4,289.0
11:31:35,1.69997,101.537548,0,0,0,0,0,0,0,0,287,180,forward,0,0,263.0,1.7000387250542845,101.53756902060937,1.1,269.0
11:31:37,1.69997,101.537548,0,0,0,0,0,0,0,0,288,180,forward,0,0,263.0,1.7000383478883718,101.53757021735353,1.2,183.0
11:31:39,1.69997,101.537547,0,0,0,0,0,0,0,0,287,180,forward,0,0,263.0,1.7000387250542845,101.53756802060937,1.0,80.0
11:31:41,1.69997,101.537546,0,0,0,0,0,0,0,0,288,180,forward,0,0,263.0,1.7000383478883718,101.53756821735354,0.8,49.0
11:31:43,1.69997,101.537547,0,0,0,0,0,0,0,0,288,180,forward,0,0,263.0,1.7000383478883718,101.53756921735354,0.0,135.0
11:31:46,1.69997,101.537548,0,0,0,0,0,0,0,0,288,180,forward,0,0,263.0,1.7000383478883718,101.53757021735353,0.5,225.0
11:31:48,1.699969,101.53755,0,0,0,0,0,0,0,0,288,180,forward,0,0,263.0,1.700037347888372,101.53757221735351,0.9,159.0
11:31:50,1.699969,101.53755,0,0,0,0,0,0,0,0,288,180,forward,0,0,263.0,1.700037347888372,101.53757221735351,1.9,114.0
11:31:52,1.699969,101.537551,0,0,0,0,0,0,0,0,288,180,forward,0,0,263.0,1.700037347888372,101.53757321735351,1.3,110.0
11:31:54,1.69997,101.537552,0,0,0,0,0,0,0,0,288,180,forward,0,0,263.0,1.7000383478883718,101.53757421735354,0.9,47.0
11:31:57,1.69997,101.537553,0,0,0,0,0,0,0,0,288,180,forward,0,0,263.0,1.7000383478883718,101.53757521735353,1.0,71.0
11:31:59,1.69997,101.537553,0,0,0,0,0,0,0,0,288,180,forward,0,0,263.0,1.7000383478883718,101.53757521735353,0.6,83.0
11:32:01,1.69997,101.537554,0,0,0,0,0,0,0,0,288,180,forward,0,0,263.0,1.7000383478883718,101.53757621735353,0.5,62.0
11:32:03,1.69997,101.537554,0,0,0,0,0,0,0,0,288,180,forward,0,0,263.0,1.7000383478883718,101.53757621735353,0.2,61.0
11:32:05,1.69997,101.537554,0,0,0,0,0,0,0,0,288,180,forward,0,0,263.0,1.7000383478883718,101.53757621735353,0.6,31.0
11:32:08,1.69997,101.537555,0,0,0,0,0,0,0,0,288,180,forward,0,0,263.0,1.7000383478883718,101.53757721735353,0.6,49.0
11:32:10,1.69997,101.537555,0,0,0,0,0,0,0,0,288,180,forward,0,0,263.0,1.7000383478883718,101.53757721735353,0.9,63.0
11:32:12,1.69997,101.537556,0,0,0,0,0,0,0,0,288,180,forward,0,0,263.0,1.7000383478883718,101.53757821735353,0.6,95.0
11:32:14,1.69997,101.537556,0,0,0,0,0,0,0,0,288,180,forward,0,0,263.0,1.7000383478883718,101.53757821735353,0.2,110.0
11:32:16,1.69997,101.537557,0,0,0,0,0,0,0,0,288,180,forward,0,0,263.0,1.7000383478883718,101.53757921735354,0.6,134.0
11:32:19,1.699971,101.537557,0,0,0,0,0,0,0,0,288,180,forward,0,0,263.0,1.7000393478883717,101.53757921735354,0.0,56.0
11:32:21,1.699971,101.537557,0,0,0,0,0,0,0,0,288,180,forward,0,0,263.0,1.7000393478883717,101.53757921735354,0.1,331.0
11:32:23,1.699971,101.537557,0,0,0,0,0,0,0,0,288,180,forward,0,0,263.0,1.7000393478883717,101.53757921735354,0.0,348.0
11:32:25,1.699971,101.537557,0,0,0,0,0,0,0,0,288,180,forward,0,0,263.0,1.7000393478883717,101.53757921735354,0.0,82.0
11:32:27,1.699971,101.537558,0,0,0,0,0,0,0,0,288,180,forward,0,0,263.0,1.7000393478883717,101.53758021735354,0.0,142.0
11:32:30,1.699971,101.537558,0,0,0,0,0,0,0,0,288,180,forward,0,0,263.0,1.7000393478883717,101.53758021735354,0.0,157.0
11:32:32,1.699972,101.537559,0,0,0,0,0,0,0,0,288,180,forward,0,0,263.0,1.7000403478883719,101.53758121735355,0.0,119.0
11:32:34,1.699972,101.537559,0,0,0,0,0,0,0,0,288,180,forward,0,0,263.0,1.7000403478883719,101.53758121735355,0.0,133.0
11:32:36,1.699973,101.53756,0,0,0,0,0,0,0,0,288,180,forward,0,0,263.0,1.7000413478883718,101.53758221735356,0.0,150.0
11:32:38,1.699973,101.53756,0,0,0,0,0,0,0,0,288,180,forward,0,0,263.0,1.7000413478883718,101.53758221735356,0.2,129.0
11:32:41,1.699973,101.53756,0,0,0,0,0,0,0,0,288,180,forward,0,0,263.0,1.7000413478883718,101.53758221735356,0.1,111.0
11:32:43,1.699974,101.53756,0,0,0,0,0,0,0,0,288,180,forward,0,0,263.0,1.700042347888372,101.53758221735357,0.0,6.0
11:32:45,1.699974,101.537561,0,0,0,0,0,0,0,0,288,180,forward,0,0,263.0,1.700042347888372,101.53758321735357,0.0,348.0
11:32:47,1.699974,101.537561,0,0,0,0,0,0,0,0,288,180,forward,0,0,263.0,1.700042347888372,101.53758321735357,0.0,348.0
11:32:49,1.699974,101.537561,0,0,0,0,0,0,0,0,288,180,forward,0,0,263.0,1.700042347888372,101.53758321735357,0.0,348.0
11:32:51,1.699974,101.537562,0,0,0,0,0,0,0,0,288,180,forward,0,0,263.0,1.700042347888372,101.53758421735357,0.0,348.0
11:32:54,1.699974,101.537562,0,0,0,0,0,0,0,0,288,180,forward,0,0,263.0,1.700042347888372,101.53758421735357,0.0,348.0
11:32:56,1.699974,101.537563,0,0,0,0,0,0,0,0,288,180,forward,0,0,263.0,1.700042347888372,101.53758521735358,0.0,348.0
11:32:58,1.699974,101.537563,0,0,0,0,0,0,0,0,288,180,forward,0,0,263.0,1.700042347888372,101.53758521735358,0.2,22.0
11:33:00,1.699974,101.537563,0,0,0,0,0,0,0,0,288,180,forward,0,0,263.0,1.700042347888372,101.53758521735358,0.1,353.0
11:33:02,1.699974,101.537563,0,0,0,0,0,0,0,0,288,180,forward,0,0,263.0,1.700042347888372,101.53758521735358,0.1,352.0
11:33:05,1.699974,101.537563,0,0,0,0,0,0,0,0,288,180,forward,0,0,263.0,1.700042347888372,101.53758521735358,0.1,354.0
11:33:07,1.699974,101.537563,0,0,0,0,0,0,0,0,288,180,forward,0,0,263.0,1.700042347888372,101.53758521735358,0.5,136.0
11:33:09,1.699974,101.537563,0,0,0,0,0,0,0,0,288,180,forward,0,0,263.0,1.700042347888372,101.53758521735358,0.7,226.0
11:33:11,1.699973,101.537562,0,0,0,0,0,0,0,0,288,180,forward,0,0,263.0,1.7000413478883718,101.53758421735355,1.1,140.0
11:33:13,1.699973,101.537562,0,0,0,0,0,0,0,0,288,180,forward,0,0,263.0,1.7000413478883718,101.53758421735355,0.6,91.0
11:33:16,1.699973,101.537561,0,0,0,0,0,0,0,0,288,180,forward,0,0,263.0,1.7000413478883718,101.53758321735356,0.8,239.0
11:33:18,1.699973,101.53756,0,0,0,0,0,0,0,0,288,180,forward,0,0,263.0,1.7000413478883718,101.53758221735356,0.5,290.0
11:33:20,1.699973,101.537559,0,0,0,0,0,0,0,0,288,180,forward,0,0,263.0,1.7000413478883718,101.53758121735356,0.6,286.0
11:33:22,1.699973,101.537559,0,0,0,0,0,0,0,0,288,180,forward,0,0,263.0,1.7000413478883718,101.53758121735356,0.6,278.0
11:33:24,1.699973,101.537558,0,0,0,0,0,0,0,0,288,180,forward,0,0,263.0,1.7000413478883718,101.53758021735356,0.6,29.0
11:33:27,1.699973,101.537558,0,0,0,0,0,0,0,0,288,180,forward,0,0,263.0,1.7000413478883718,101.53758021735356,0.6,75.0
11:33:29,1.699973,101.537558,0,0,0,0,0,0,0,0,288,180,forward,0,0,263.0,1.7000413478883718,101.53758021735356,1.0,27.0
11:33:31,1.699973,101.537558,0,0,0,0,0,0,0,0,288,180,forward,0,0,263.0,1.7000413478883718,101.53758021735356,1.0,191.0
11:33:33,1.699973,101.537557,0,0,0,0,0,0,0,0,288,180,forward,0,0,263.0,1.7000413478883718,101.53757921735357,0.6,263.0
11:33:35,1.699973,101.537557,0,0,0,0,0,0,0,0,288,180,forward,0,0,263.0,1.7000413478883718,101.53757921735357,0.6,151.0
11:33:38,1.699972,101.537556,0,0,0,0,0,0,0,0,287,180,forward,0,0,263.0,1.7000407250542846,101.53757702060938,0.5,205.0
11:33:40,1.699972,101.537556,0,0,0,0,0,0,0,0,288,180,forward,0,0,263.0,1.7000403478883719,101.53757821735354,0.5,245.0
11:33:42,1.699972,101.537556,0,0,0,0,0,0,0,0,288,180,forward,0,0,263.0,1.7000403478883719,101.53757821735354,0.4,277.0
11:33:44,1.699972,101.537556,0,0,0,0,0,0,0,0,288,180,forward,0,0,263.0,1.7000403478883719,101.53757821735354,0.3,225.0
11:33:46,1.699972,101.537556,0,0,0,0,0,0,0,0,288,180,forward,0,0,263.0,1.7000403478883719,101.53757821735354,0.4,222.0
11:33:49,1.699972,101.537556,0,0,0,0,0,0,0,0,288,180,forward,0,0,263.0,1.7000403478883719,101.53757821735354,0.5,234.0
11:33:51,1.699972,101.537555,0,0,0,0,0,0,0,0,287,180,forward,0,0,263.0,1.7000407250542846,101.53757602060938,0.3,222.0
11:33:53,1.699972,101.537555,0,0,0,0,0,0,0,0,288,180,forward,0,0,263.0,1.7000403478883719,101.53757721735354,0.4,215.0
11:33:55,1.699971,101.537554,0,0,0,0,0,0,0,0,288,180,forward,0,0,263.0,1.7000393478883717,101.53757621735353,0.0,212.0
11:33:57,1.699972,101.537554,0,0,0,0,0,0,0,0,288,180,forward,0,0,263.0,1.7000403478883719,101.53757621735355,0.0,218.0
11:34:00,1.699972,101.537554,0,0,0,0,0,0,0,0,288,180,forward,0,0,263.0,1.7000403478883719,101.53757621735355,0.3,216.0
11:34:02,1.699972,101.537553,0,0,0,0,0,0,0,0,288,180,forward,0,0,263.0,1.7000403478883719,101.53757521735355,0.3,217.0
11:34:04,1.699972,101.537553,0,0,0,0,0,0,0,0,288,180,forward,0,0,263.0,1.7000403478883719,101.53757521735355,0.1,169.0
11:34:06,1.699972,101.537553,0,0,0,0,0,0,0,0,288,180,forward,0,0,263.0,1.7000403478883719,101.53757521735355,1.0,215.0
11:34:08,1.699972,101.537553,0,0,0,0,0,0,0,0,288,180,forward,0,0,263.0,1.7000403478883719,101.53757521735355,0.7,223.0
11:34:11,1.699972,101.537552,0,0,0,0,0,0,0,0,287,180,forward,0,0,263.0,1.7000407250542846,101.53757302060939,1.0,312.0
11:34:13,1.699973,101.537551,0,0,0,0,0,0,0,0,288,180,forward,0,0,263.0,1.7000413478883718,101.53757321735355,0.6,245.0
11:34:15,1.699973,101.53755,0,0,0,0,0,0,0,0,288,180,forward,0,0,263.0,1.7000413478883718,101.53757221735356,0.6,284.0
11:34:17,1.699973,101.53755,0,0,0,0,0,0,0,0,288,180,forward,0,0,263.0,1.7000413478883718,101.53757221735356,0.3,268.0
11:34:19,1.699973,101.537549,0,0,0,0,0,0,0,0,288,180,forward,0,0,263.0,1.7000413478883718,101.53757121735356,0.6,206.0
11:34:22,1.699972,101.537549,0,0,0,0,0,0,0,0,288,180,forward,0,0,263.0,1.7000403478883719,101.53757121735354,0.9,355.0
11:34:24,1.699972,101.537548,0,0,0,0,0,0,0,0,288,180,forward,0,0,263.0,1.7000403478883719,101.53757021735355,0.8,150.0
11:34:26,1.699972,101.537548,0,0,0,0,0,0,0,0,288,180,forward,0,0,263.0,1.7000403478883719,101.53757021735355,1.2,98.0
11:34:28,1.699972,101.537548,0,0,0,0,0,0,0,0,288,180,forward,0,0,263.0,1.7000403478883719,101.53757021735355,1.3,113.0
11:34:30,1.699972,101.537548,0,0,0,0,0,0,0,0,288,180,forward,0,0,263.0,1.7000403478883719,101.53757021735355,0.4,110.0
11:34:33,1.699971,101.537547,0,0,0,0,0,0,0,0,288,180,forward,0,0,263.0,1.7000393478883717,101.53756921735354,0.5,160.0
11:34:35,1.699971,101.537547,0,0,0,0,0,0,0,0,288,180,forward,0,0,263.0,1.7000393478883717,101.53756921735354,0.0,200.0
11:34:37,1.699971,101.537547,0,0,0,0,0,0,0,0,288,180,forward,0,0,263.0,1.7000393478883717,101.53756921735354,0.4,194.0
11:34:39,1.699971,101.537547,0,0,0,0,0,0,0,0,288,180,forward,0,0,263.0,1.7000393478883717,101.53756921735354,0.3,197.0
11:34:41,1.69997,101.537547,0,0,0,0,0,0,0,0,288,180,forward,0,0,263.0,1.7000383478883718,101.53756921735354,0.0,197.0
11:34:44,1.69997,101.537548,0,0,0,0,0,0,0,0,288,180,forward,0,0,263.0,1.7000383478883718,101.53757021735353,0.0,202.0
11:34:46,1.69997,101.537548,0,0,0,0,0,0,0,0,288,180,forward,0,0,263.0,1.7000383478883718,101.53757021735353,0.2,213.0
11:34:48,1.699969,101.537548,0,0,0,0,0,0,0,0,288,180,forward,0,0,263.0,1.700037347888372,101.53757021735352,0.0,194.0
11:34:50,1.699969,101.537548,0,0,0,0,0,0,0,0,288,180,forward,0,0,263.0,1.700037347888372,101.53757021735352,0.0,206.0
11:34:52,1.699968,101.537548,0,0,0,0,0,0,0,0,288,180,forward,0,0,263.0,1.7000363478883718,101.5375702173535,0.0,211.0
11:34:55,1.699968,101.537549,0,0,0,0,0,0,0,0,288,180,forward,0,0,263.0,1.7000363478883718,101.5375712173535,0.0,206.0
11:34:57,1.699967,101.537549,0,0,0,0,0,0,0,0,288,180,forward,0,0,263.0,1.7000353478883719,101.53757121735349,0.1,215.0
11:34:59,1.699966,101.537549,0,0,0,0,0,0,0,0,288,180,forward,0,0,263.0,1.700034347888372,101.53757121735347,0.0,169.0
11:35:01,1.699966,101.537549,0,0,0,0,0,0,0,0,287,180,forward,0,0,263.0,1.7000347250542847,101.53757002060932,0.2,252.0
11:35:03,1.699966,101.537549,0,0,0,0,0,0,0,0,288,180,forward,0,0,263.0,1.700034347888372,101.53757121735347,0.1,246.0
11:35:06,1.699966,101.537549,0,0,0,0,0,0,0,0,288,180,forward,0,0,263.0,1.700034347888372,101.53757121735347,0.0,280.0
11:35:08,1.699966,101.537549,0,0,0,0,0,0,0,0,288,180,forward,0,0,263.0,1.700034347888372,101.53757121735347,0.0,258.0
11:35:10,1.699966,101.537549,0,0,0,0,0,0,0,0,288,180,forward,0,0,263.0,1.700034347888372,101.53757121735347,0.1,217.0
11:35:12,1.699966,101.537549,0,0,0,0,0,0,0,0,288,180,forward,0,0,263.0,1.700034347888372,101.53757121735347,0.0,203.0
11:35:14,1.699966,101.537549,0,0,0,0,0,0,0,0,288,180,forward,0,0,263.0,1.700034347888372,101.53757121735347,0.0,207.0
11:35:17,1.699966,101.537549,0,0,0,0,0,0,0,0,288,180,forward,0,0,263.0,1.700034347888372,101.53757121735347,0.1,208.0
11:35:19,1.699966,101.537549,0,0,0,0,0,0,0,0,288,180,forward,0,0,263.0,1.700034347888372,101.53757121735347,0.0,193.0
11:35:21,1.699966,101.537549,0,0,0,0,0,0,0,0,287,180,forward,0,0,263.0,1.7000347250542847,101.53757002060932,0.0,193.0
11:35:23,1.699966,101.537549,0,0,0,0,0,0,0,0,288,180,forward,0,0,263.0,1.700034347888372,101.53757121735347,0.0,269.0
11:35:25,1.699967,101.537549,0,0,0,0,0,0,0,0,288,180,forward,0,0,263.0,1.7000353478883719,101.53757121735349,0.0,216.0
11:35:28,1.699967,101.537549,0,0,0,0,0,0,0,0,288,180,forward,0,0,263.0,1.7000353478883719,101.53757121735349,0.1,17.0
11:35:30,1.699968,101.53755,0,0,0,0,0,0,0,0,288,180,forward,0,0,263.0,1.7000363478883718,101.5375722173535,0.0,256.0
11:35:32,1.699968,101.53755,0,0,0,0,0,0,0,0,288,180,forward,0,0,263.0,1.7000363478883718,101.5375722173535,0.0,272.0
11:35:34,1.699968,101.537549,0,0,0,0,0,0,0,0,288,180,forward,0,0,263.0,1.7000363478883718,101.5375712173535,0.1,261.0
11:35:36,1.699968,101.537549,0,0,0,0,0,0,0,0,288,180,forward,0,0,263.0,1.7000363478883718,101.5375712173535,0.0,232.0
11:35:39,1.699969,101.537549,0,0,0,0,0,0,0,0,288,180,forward,0,0,263.0,1.700037347888372,101.53757121735352,0.0,165.0
11:35:41,1.699969,101.537549,0,0,0,0,0,0,0,0,288,180,forward,0,0,263.0,1.700037347888372,101.53757121735352,0.1,214.0
11:35:43,1.699969,101.537549,0,0,0,0,0,0,0,0,288,180,forward,0,0,263.0,1.700037347888372,101.53757121735352,0.0,180.0
11:35:45,1.69997,101.537548,0,0,0,0,0,0,0,0,288,180,forward,0,0,263.0,1.7000383478883718,101.53757021735353,0.0,211.0
11:35:47,1.69997,101.537548,0,0,0,0,0,0,0,0,288,180,forward,0,0,263.0,1.7000383478883718,101.53757021735353,0.0,208.0
11:35:50,1.69997,101.537548,0,0,0,0,0,0,0,0,288,180,forward,0,0,263.0,1.7000383478883718,101.53757021735353,0.0,208.0
11:35:52,1.699971,101.537547,0,0,0,0,0,0,0,0,288,180,forward,0,0,263.0,1.7000393478883717,101.53756921735354,0.0,210.0
11:35:54,1.699971,101.537547,0,0,0,0,0,0,0,0,288,180,forward,0,0,263.0,1.7000393478883717,101.53756921735354,0.1,214.0
11:35:56,1.699971,101.537547,0,0,0,0,0,0,0,0,288,180,forward,0,0,263.0,1.7000393478883717,101.53756921735354,0.0,221.0
11:35:58,1.699971,101.537547,0,0,0,0,0,0,0,0,288,180,forward,0,0,263.0,1.7000393478883717,101.53756921735354,0.0,238.0
11:36:01,1.699972,101.537547,0,0,0,0,0,0,0,0,288,180,forward,0,0,263.0,1.7000403478883719,101.53756921735355,0.0,227.0
11:36:03,1.699972,101.537547,0,0,0,0,0,0,0,0,288,180,forward,0,0,263.0,1.7000403478883719,101.53756921735355,0.0,237.0
11:36:05,1.699973,101.537546,0,0,0,0,0,0,0,0,288,180,forward,0,0,263.0,1.7000413478883718,101.53756821735357,0.0,60.0
11:36:07,1.699974,101.537546,0,0,0,0,0,0,0,0,288,180,forward,0,0,263.0,1.700042347888372,101.53756821735358,0.0,31.0
11:36:09,1.699974,101.537546,0,0,0,0,0,0,0,0,288,180,forward,0,0,263.0,1.700042347888372,101.53756821735358,0.0,331.0
11:36:12,1.699974,101.537545,0,0,0,0,0,0,0,0,288,180,forward,0,0,263.0,1.700042347888372,101.53756721735357,0.1,256.0
11:36:14,1.699975,101.537545,0,0,0,0,0,0,0,0,288,180,forward,0,0,263.0,1.7000433478883719,101.53756721735358,0.1,235.0
11:36:16,1.699976,101.537545,0,0,0,0,0,0,0,0,288,180,forward,0,0,263.0,1.7000443478883718,101.53756721735358,0.1,236.0
11:36:18,1.699976,101.537545,0,0,0,0,0,0,0,0,288,180,forward,0,0,263.0,1.7000443478883718,101.53756721735358,0.0,240.0
11:36:20,1.699976,101.537545,0,0,0,0,0,0,0,0,288,180,forward,0,0,263.0,1.7000443478883718,101.53756721735358,0.1,249.0
11:36:23,1.699976,101.537545,0,0,0,0,0,0,0,0,288,180,forward,0,0,263.0,1.7000443478883718,101.53756721735358,0.2,250.0
11:36:25,1.699976,101.537545,0,0,0,0,0,0,0,0,288,180,forward,0,0,263.0,1.7000443478883718,101.53756721735358,0.1,248.0
11:36:27,1.699976,101.537545,0,0,0,0,0,0,0,0,288,180,forward,0,0,263.0,1.7000443478883718,101.53756721735358,0.4,225.0
11:36:29,1.699976,101.537546,0,0,0,0,0,0,0,0,288,180,forward,0,0,263.0,1.7000443478883718,101.5375682173536,0.1,221.0
11:36:31,1.699976,101.537546,0,0,0,0,0,0,0,0,288,180,forward,0,0,263.0,1.7000443478883718,101.5375682173536,0.2,230.0
11:36:34,1.699976,101.537545,0,0,0,0,0,0,0,0,288,180,forward,0,0,263.0,1.7000443478883718,101.53756721735358,0.3,196.0
11:36:36,1.699976,101.537545,0,0,0,0,0,0,0,0,289,180,forward,0,0,263.0,1.7000439499030302,101.53756840733014,0.7,272.0
11:36:38,1.699976,101.537545,0,0,0,0,0,0,0,0,288,180,forward,0,0,263.0,1.7000443478883718,101.53756721735358,0.6,44.0
11:36:40,1.699975,101.537545,0,0,0,0,0,0,0,0,288,180,forward,0,0,263.0,1.7000433478883719,101.53756721735358,0.8,266.0
11:36:42,1.699975,101.537545,0,0,0,0,0,0,0,0,288,180,forward,0,0,263.0,1.7000433478883719,101.53756721735358,0.7,207.0
11:36:45,1.699974,101.537546,0,0,0,0,0,0,0,0,288,180,forward,0,0,263.0,1.700042347888372,101.53756821735358,0.8,205.0
11:36:47,1.699974,101.537546,0,0,0,0,0,0,0,0,288,180,forward,0,0,263.0,1.700042347888372,101.53756821735358,0.6,205.0
11:36:49,1.699973,101.537546,0,0,0,0,0,0,0,0,288,180,forward,0,0,263.0,1.7000413478883718,101.53756821735357,0.5,206.0
11:36:51,1.699973,101.537546,0,0,0,0,0,0,0,0,288,180,forward,0,0,263.0,1.7000413478883718,101.53756821735357,0.1,292.0
11:36:53,1.699972,101.537546,0,0,0,0,0,0,0,0,288,180,forward,0,0,263.0,1.7000403478883719,101.53756821735355,0.2,259.0
11:36:56,1.699972,101.537546,0,0,0,0,0,0,0,0,288,180,forward,0,0,263.0,1.7000403478883719,101.53756821735355,0.4,295.0
11:36:58,1.699971,101.537546,0,0,0,0,0,0,0,0,288,180,forward,0,0,263.0,1.7000393478883717,101.53756821735354,0.6,270.0
11:37:00,1.699971,101.537546,0,0,0,0,0,0,0,0,289,180,forward,0,0,263.0,1.7000389499030302,101.53756940733008,0.3,295.0
11:37:02,1.699971,101.537546,0,0,0,0,0,0,0,0,288,180,forward,0,0,263.0,1.7000393478883717,101.53756821735354,0.7,276.0
11:37:04,1.699971,101.537546,0,0,0,0,0,0,0,0,288,180,forward,0,0,263.0,1.7000393478883717,101.53756821735354,0.6,235.0
11:37:07,1.699971,101.537546,0,0,0,0,0,0,0,0,288,180,forward,0,0,263.0,1.7000393478883717,101.53756821735354,0.3,290.0
11:37:09,1.699971,101.537545,0,0,0,0,0,0,0,0,288,180,forward,0,0,263.0,1.7000393478883717,101.53756721735353,0.0,219.0
11:37:11,1.699971,101.537545,0,0,0,0,0,0,0,0,288,180,forward,0,0,263.0,1.7000393478883717,101.53756721735353,0.1,271.0
11:37:13,1.699971,101.537544,0,0,0,0,0,0,0,0,288,180,forward,0,0,263.0,1.7000393478883717,101.53756621735353,0.0,310.0
11:37:15,1.699971,101.537544,0,0,0,0,0,0,0,0,288,180,forward,0,0,263.0,1.7000393478883717,101.53756621735353,0.1,258.0
11:37:18,1.699971,101.537543,0,0,0,0,0,0,0,0,288,180,forward,0,0,263.0,1.7000393478883717,101.53756521735353,0.0,248.0
11:37:20,1.699971,101.537543,0,0,0,0,0,0,0,0,288,180,forward,0,0,263.0,1.7000393478883717,101.53756521735353,0.0,237.0
11:37:22,1.699971,101.537543,0,0,0,0,0,0,0,0,288,180,forward,0,0,263.0,1.7000393478883717,101.53756521735353,0.0,243.0
11:37:24,1.699972,101.537543,0,0,0,0,0,0,0,0,288,180,forward,0,0,263.0,1.7000403478883719,101.53756521735355,0.0,232.0
11:37:26,1.699972,101.537542,0,0,0,0,0,0,0,0,288,180,forward,0,0,263.0,1.7000403478883719,101.53756421735355,0.0,234.0
11:37:29,1.699972,101.537542,0,0,0,0,0,0,0,0,288,180,forward,0,0,263.0,1.7000403478883719,101.53756421735355,0.0,232.0
11:37:31,1.699972,101.537543,0,0,0,0,0,0,0,0,288,180,forward,0,0,263.0,1.7000403478883719,101.53756521735355,0.0,239.0
11:37:33,1.699972,101.537543,0,0,0,0,0,0,0,0,288,180,forward,0,0,263.0,1.7000403478883719,101.53756521735355,0.1,313.0
11:37:35,1.699971,101.537543,0,0,0,0,0,0,0,0,288,180,forward,0,0,263.0,1.7000393478883717,101.53756521735353,0.1,314.0
11:37:37,1.699971,101.537544,0,0,0,0,0,0,0,0,288,180,forward,0,0,263.0,1.7000393478883717,101.53756621735353,0.1,273.0
11:37:40,1.699971,101.537544,0,0,0,0,0,0,0,0,288,180,forward,0,0,263.0,1.7000393478883717,101.53756621735353,0.0,229.0
11:37:42,1.699971,101.537545,0,0,0,0,0,0,0,0,288,180,forward,0,0,263.0,1.7000393478883717,101.53756721735353,0.0,269.0
11:37:44,1.699971,101.537545,0,0,0,0,0,0,0,0,288,180,forward,0,0,263.0,1.7000393478883717,101.53756721735353,0.0,269.0
11:37:46,1.699971,101.537545,0,0,0,0,0,0,0,0,288,180,forward,0,0,263.0,1.7000393478883717,101.53756721735353,0.0,269.0
11:37:48,1.699971,101.537545,0,0,0,0,0,0,0,0,288,180,forward,0,0,263.0,1.7000393478883717,101.53756721735353,0.0,269.0
11:37:51,1.699971,101.537545,0,0,0,0,0,0,0,0,288,180,forward,0,0,263.0,1.7000393478883717,101.53756721735353,0.0,269.0
11:37:53,1.699971,101.537545,0,0,0,0,0,0,0,0,288,180,forward,0,0,263.0,1.7000393478883717,101.53756721735353,0.0,269.0
11:37:55,1.699971,101.537545,0,0,0,0,0,0,0,0,288,180,forward,0,0,263.0,1.7000393478883717,101.53756721735353,0.0,269.0
11:37:57,1.699971,101.537545,0,0,0,0,0,0,0,0,288,180,forward,0,0,263.0,1.7000393478883717,101.53756721735353,0.0,269.0
11:37:59,1.699971,101.537545,0,0,0,0,0,0,0,0,288,180,forward,0,0,263.0,1.7000393478883717,101.53756721735353,0.0,269.0
11:38:02,1.699971,101.537545,0,0,0,0,0,0,0,0,288,180,forward,0,0,263.0,1.7000393478883717,101.53756721735353,0.0,269.0
11:38:04,1.699971,101.537545,0,0,0,0,0,0,0,0,288,180,forward,0,0,263.0,1.7000393478883717,101.53756721735353,0.0,269.0
11:38:06,1.699971,101.537545,0,0,0,0,0,0,0,0,288,180,forward,0,0,263.0,1.7000393478883717,101.53756721735353,0.0,269.0
11:38:08,1.699971,101.537545,0,0,0,0,0,0,0,0,288,180,forward,0,0,263.0,1.7000393478883717,101.53756721735353,0.0,269.0
11:38:10,1.699971,101.537545,0,0,0,0,0,0,0,0,288,180,forward,0,0,263.0,1.7000393478883717,101.53756721735353,0.0,269.0
11:38:13,1.699971,101.537545,0,0,0,0,0,0,0,0,288,180,forward,0,0,263.0,1.7000393478883717,101.53756721735353,0.0,269.0
11:38:15,1.699971,101.537545,0,0,0,0,0,0,0,0,288,180,forward,0,0,263.0,1.7000393478883717,101.53756721735353,0.0,269.0
11:38:17,1.699971,101.537545,0,0,0,0,0,0,0,0,288,180,forward,0,0,263.0,1.7000393478883717,101.53756721735353,0.0,269.0
11:38:19,1.699971,101.537545,0,0,0,0,0,0,0,0,288,180,forward,0,0,263.0,1.7000393478883717,101.53756721735353,0.0,269.0
11:38:21,1.699971,101.537545,0,0,0,0,0,0,0,0,288,180,forward,0,0,263.0,1.7000393478883717,101.53756721735353,0.0,269.0
11:38:24,1.699971,101.537545,0,0,0,0,0,0,0,0,288,180,forward,0,0,263.0,1.7000393478883717,101.53756721735353,0.0,269.0
11:38:26,1.699971,101.537545,0,0,0,0,0,0,0,0,288,180,forward,0,0,263.0,1.7000393478883717,101.53756721735353,0.0,269.0
11:38:28,1.699971,101.537545,0,0,0,0,0,0,0,0,288,180,forward,0,0,263.0,1.7000393478883717,101.53756721735353,0.0,269.0
11:38:30,1.699971,101.537545,0,0,0,0,0,0,0,0,288,180,forward,0,0,263.0,1.7000393478883717,101.53756721735353,0.0,269.0
11:38:32,1.699971,101.537545,0,0,0,0,0,0,0,0,288,180,forward,0,0,263.0,1.7000393478883717,101.53756721735353,0.0,269.0
11:38:35,1.699971,101.537545,0,0,0,0,0,0,0,0,288,180,forward,0,0,263.0,1.7000393478883717,101.53756721735353,0.0,269.0
11:38:37,1.699971,101.537545,0,0,0,0,0,0,0,0,288,180,forward,0,0,263.0,1.7000393478883717,101.53756721735353,0.0,269.0
11:38:39,1.699971,101.537545,0,0,0,0,0,0,0,0,288,180,forward,0,0,263.0,1.7000393478883717,101.53756721735353,0.0,269.0
11:38:41,1.699971,101.537545,0,0,0,0,0,0,0,0,288,180,forward,0,0,263.0,1.7000393478883717,101.53756721735353,0.0,269.0
11:38:43,1.699971,101.537545,0,0,0,0,0,0,0,0,288,180,forward,0,0,263.0,1.7000393478883717,101.53756721735353,0.0,269.0
11:38:46,1.699971,101.537545,0,0,0,0,0,0,0,0,288,180,forward,0,0,263.0,1.7000393478883717,101.53756721735353,0.0,269.0
11:38:48,1.699971,101.537545,0,0,0,0,0,0,0,0,288,180,forward,0,0,263.0,1.7000393478883717,101.53756721735353,0.0,269.0
11:38:50,1.699971,101.537545,0,0,0,0,0,0,0,0,288,180,forward,0,0,263.0,1.7000393478883717,101.53756721735353,0.0,269.0
11:38:52,1.699971,101.537545,0,0,0,0,0,0,0,0,288,180,forward,0,0,263.0,1.7000393478883717,101.53756721735353,0.0,269.0
11:38:54,1.699971,101.537545,0,0,0,0,0,0,0,0,288,180,forward,0,0,263.0,1.7000393478883717,101.53756721735353,0.0,269.0
11:38:57,1.699971,101.537545,0,0,0,0,0,0,0,0,288,180,forward,0,0,263.0,1.7000393478883717,101.53756721735353,0.0,269.0
11:38:59,1.699971,101.537545,0,0,0,0,0,0,0,0,288,180,forward,0,0,263.0,1.7000393478883717,101.53756721735353,0.0,269.0
11:39:01,1.699971,101.537545,0,0,0,0,0,0,0,0,288,180,forward,0,0,263.0,1.7000393478883717,101.53756721735353,0.0,269.0
11:39:03,1.699971,101.537545,0,0,0,0,0,0,0,0,288,180,forward,0,0,263.0,1.7000393478883717,101.53756721735353,0.0,269.0
11:39:05,1.699971,101.537545,0,0,0,0,0,0,0,0,288,180,forward,0,0,263.0,1.7000393478883717,101.53756721735353,0.0,269.0
11:39:08,1.699971,101.537545,0,0,0,0,0,0,0,0,288,180,forward,0,0,263.0,1.7000393478883717,101.53756721735353,0.0,269.0
11:39:10,1.699971,101.537545,0,0,0,0,0,0,0,0,288,180,forward,0,0,263.0,1.7000393478883717,101.53756721735353,0.0,269.0
11:39:12,1.699971,101.537545,0,0,0,0,0,0,0,0,288,180,forward,0,0,263.0,1.7000393478883717,101.53756721735353,0.0,269.0
11:39:14,1.699971,101.537545,0,0,0,0,0,0,0,0,288,180,forward,0,0,263.0,1.7000393478883717,101.53756721735353,0.0,269.0
11:39:16,1.699971,101.537545,0,0,0,0,0,0,0,0,288,180,forward,0,0,263.0,1.7000393478883717,101.53756721735353,0.0,269.0
11:39:19,1.699971,101.537545,0,0,0,0,0,0,0,0,288,180,forward,0,0,263.0,1.7000393478883717,101.53756721735353,0.0,269.0
11:39:21,1.699971,101.537545,0,0,0,0,0,0,0,0,288,180,forward,0,0,263.0,1.7000393478883717,101.53756721735353,0.0,269.0
11:39:23,1.699971,101.537545,0,0,0,0,0,0,0,0,288,180,forward,0,0,263.0,1.7000393478883717,101.53756721735353,0.0,269.0
11:39:25,1.699971,101.537545,0,0,0,0,0,0,0,0,288,180,forward,0,0,263.0,1.7000393478883717,101.53756721735353,0.0,269.0
11:39:27,1.699971,101.537545,0,0,0,0,0,0,0,0,288,180,forward,0,0,263.0,1.7000393478883717,101.53756721735353,0.0,269.0
11:39:30,1.699971,101.537545,0,0,0,0,0,0,0,0,288,180,forward,0,0,263.0,1.7000393478883717,101.53756721735353,0.0,269.0
11:39:32,1.699971,101.537545,0,0,0,0,0,0,0,0,288,180,forward,0,0,263.0,1.7000393478883717,101.53756721735353,0.0,269.0
11:39:34,1.699971,101.537545,0,0,0,0,0,0,0,0,288,180,forward,0,0,263.0,1.7000393478883717,101.53756721735353,0.0,269.0
11:39:36,1.699971,101.537545,0,0,0,0,0,0,0,0,288,180,forward,0,0,263.0,1.7000393478883717,101.53756721735353,0.0,269.0
11:39:38,1.699971,101.537545,0,0,0,0,0,0,0,0,288,180,forward,0,0,263.0,1.7000393478883717,101.53756721735353,0.0,269.0
11:39:41,1.699971,101.537545,0,0,0,0,0,0,0,0,288,180,forward,0,0,263.0,1.7000393478883717,101.53756721735353,0.0,269.0
11:39:43,1.699971,101.537545,0,0,0,0,0,0,0,0,288,180,forward,0,0,263.0,1.7000393478883717,101.53756721735353,0.0,269.0
11:39:45,1.699971,101.537545,0,0,0,0,0,0,0,0,288,180,forward,0,0,263.0,1.7000393478883717,101.53756721735353,0.0,269.0
11:39:47,1.699971,101.537545,0,0,0,0,0,0,0,0,288,180,forward,0,0,263.0,1.7000393478883717,101.53756721735353,0.0,269.0
11:39:49,1.699971,101.537545,0,0,0,0,0,0,0,0,288,180,forward,0,0,263.0,1.7000393478883717,101.53756721735353,0.0,269.0
11:39:52,1.699971,101.537545,0,0,0,0,0,0,0,0,288,180,forward,0,0,263.0,1.7000393478883717,101.53756721735353,0.0,269.0
11:39:54,1.699971,101.537545,0,0,0,0,0,0,0,0,288,180,forward,0,0,263.0,1.7000393478883717,101.53756721735353,0.0,269.0
11:39:56,1.699971,101.537545,0,0,0,0,0,0,0,0,288,180,forward,0,0,263.0,1.7000393478883717,101.53756721735353,0.0,269.0
11:39:58,1.699971,101.537545,0,0,0,0,0,0,0,0,288,180,forward,0,0,263.0,1.7000393478883717,101.53756721735353,0.0,269.0
11:40:00,1.699971,101.537545,0,0,0,0,0,0,0,0,288,180,forward,0,0,263.0,1.7000393478883717,101.53756721735353,0.0,269.0
11:40:03,1.699971,101.537545,0,0,0,0,0,0,0,0,288,180,forward,0,0,263.0,1.7000393478883717,101.53756721735353,0.0,269.0
11:40:05,1.699971,101.537545,0,0,0,0,0,0,0,0,288,180,forward,0,0,263.0,1.7000393478883717,101.53756721735353,0.0,269.0
11:40:07,1.699971,101.537545,0,0,0,0,0,0,0,0,288,180,forward,0,0,263.0,1.7000393478883717,101.53756721735353,0.0,269.0
11:40:09,1.699971,101.537545,0,0,0,0,0,0,0,0,288,180,forward,0,0,263.0,1.7000393478883717,101.53756721735353,0.0,269.0
11:40:11,1.699971,101.537545,0,0,0,0,0,0,0,0,288,180,forward,0,0,263.0,1.7000393478883717,101.53756721735353,0.0,269.0
11:40:14,1.699971,101.537545,0,0,0,0,0,0,0,0,288,180,forward,0,0,263.0,1.7000393478883717,101.53756721735353,0.0,269.0
11:40:16,1.699971,101.537545,0,0,0,0,0,0,0,0,288,180,forward,0,0,263.0,1.7000393478883717,101.53756721735353,0.0,269.0
11:40:18,1.699971,101.537545,0,0,0,0,0,0,0,0,288,180,forward,0,0,263.0,1.7000393478883717,101.53756721735353,0.0,269.0
11:40:20,1.699971,101.537545,0,0,0,0,0,0,0,0,288,180,forward,0,0,263.0,1.7000393478883717,101.53756721735353,0.0,269.0
11:40:22,1.699971,101.537545,0,0,0,0,0,0,0,0,288,180,forward,0,0,263.0,1.7000393478883717,101.53756721735353,0.0,269.0
11:40:25,1.699971,101.537545,0,0,0,0,0,0,0,0,288,180,forward,0,0,263.0,1.7000393478883717,101.53756721735353,0.0,269.0
11:40:27,1.699971,101.537545,0,0,0,0,0,0,0,0,288,180,forward,0,0,263.0,1.7000393478883717,101.53756721735353,0.0,269.0
11:40:29,1.699971,101.537545,0,0,0,0,0,0,0,0,288,180,forward,0,0,263.0,1.7000393478883717,101.53756721735353,0.0,269.0
11:40:31,1.699971,101.537545,0,0,0,0,0,0,0,0,288,180,forward,0,0,263.0,1.7000393478883717,101.53756721735353,0.0,269.0
11:40:33,1.699971,101.537545,0,0,0,0,0,0,0,0,288,180,forward,0,0,263.0,1.7000393478883717,101.53756721735353,0.0,269.0
11:40:36,1.699971,101.537545,0,0,0,0,0,0,0,0,288,180,forward,0,0,263.0,1.7000393478883717,101.53756721735353,0.0,269.0
11:40:38,1.699971,101.537545,0,0,0,0,0,0,0,0,288,180,forward,0,0,263.0,1.7000393478883717,101.53756721735353,0.0,269.0
11:40:40,1.699971,101.537545,0,0,0,0,0,0,0,0,288,180,forward,0,0,263.0,1.7000393478883717,101.53756721735353,0.0,269.0
11:40:42,1.699971,101.537545,0,0,0,0,0,0,0,0,288,180,forward,0,0,263.0,1.7000393478883717,101.53756721735353,0.0,181.0
11:40:44,1.699971,101.537545,0,0,0,0,0,0,0,0,288,180,forward,0,0,263.0,1.7000393478883717,101.53756721735353,0.1,197.0
11:40:47,1.699971,101.537545,0,0,0,0,0,0,0,0,288,180,forward,0,0,263.0,1.7000393478883717,101.53756721735353,0.1,209.0
11:40:49,1.699971,101.537545,0,0,0,0,0,0,0,0,288,180,forward,0,0,263.0,1.7000393478883717,101.53756721735353,0.1,184.0
11:40:51,1.699971,101.537545,0,0,0,0,0,0,0,0,288,180,forward,0,0,263.0,1.7000393478883717,101.53756721735353,0.0,138.0
11:40:53,1.699971,101.537545,0,0,0,0,0,0,0,0,288,180,forward,0,0,263.0,1.7000393478883717,101.53756721735353,0.0,162.0
11:40:55,1.699971,101.537545,0,0,0,0,0,0,0,0,288,180,forward,0,0,263.0,1.7000393478883717,101.53756721735353,0.0,170.0
11:40:58,1.699971,101.537545,0,0,0,0,0,0,0,0,288,180,forward,0,0,263.0,1.7000393478883717,101.53756721735353,0.0,158.0
11:41:00,1.699971,101.537545,0,0,0,0,0,0,0,0,288,180,forward,0,0,263.0,1.7000393478883717,101.53756721735353,0.1,148.0
11:41:02,1.699971,101.537545,0,0,0,0,0,0,0,0,288,180,forward,0,0,263.0,1.7000393478883717,101.53756721735353,0.0,152.0
11:41:04,1.699971,101.537545,0,0,0,0,0,0,0,0,288,180,forward,0,0,263.0,1.7000393478883717,101.53756721735353,0.1,167.0
11:41:06,1.699971,101.537545,0,0,0,0,0,0,0,0,288,180,forward,0,0,263.0,1.7000393478883717,101.53756721735353,0.2,161.0
11:41:09,1.699971,101.537545,0,0,0,0,0,0,0,0,288,180,forward,0,0,263.0,1.7000393478883717,101.53756721735353,1.2,80.0
11:41:11,1.699968,101.537554,0,0,0,0,0,0,0,0,288,180,forward,0,0,263.0,1.7000363478883718,101.5375762173535,1.5,318.0
11:41:13,1.699969,101.537554,0,0,0,0,0,0,0,0,288,180,forward,0,0,263.0,1.700037347888372,101.53757621735352,1.0,30.0
11:41:15,1.699969,101.537554,0,0,0,0,0,0,0,0,288,180,forward,0,0,263.0,1.700037347888372,101.53757621735352,1.1,36.0
11:41:17,1.699969,101.537554,0,0,0,0,0,0,0,0,288,180,forward,0,0,263.0,1.700037347888372,101.53757621735352,0.7,237.0
11:41:20,1.69997,101.537554,0,0,0,0,0,0,0,0,288,180,forward,0,0,263.0,1.7000383478883718,101.53757621735353,0.9,218.0
11:41:22,1.69997,101.537554,0,0,0,0,0,0,0,0,288,180,forward,0,0,263.0,1.7000383478883718,101.53757621735353,0.6,129.0
11:41:24,1.69997,101.537554,0,0,0,0,0,0,0,0,288,180,forward,0,0,263.0,1.7000383478883718,101.53757621735353,0.7,188.0
11:41:26,1.699971,101.537553,0,0,0,0,0,0,0,0,288,180,forward,0,0,263.0,1.7000393478883717,101.53757521735353,0.6,174.0
11:41:28,1.699971,101.537553,0,0,0,0,0,0,0,0,288,180,forward,0,0,263.0,1.7000393478883717,101.53757521735353,0.3,102.0
11:41:31,1.699972,101.537553,0,0,0,0,0,0,0,0,288,180,forward,0,0,263.0,1.7000403478883719,101.53757521735355,1.0,176.0
11:41:33,1.699972,101.537553,0,0,0,0,0,0,0,0,288,180,forward,0,0,263.0,1.7000403478883719,101.53757521735355,0.9,138.0
11:41:35,1.699972,101.537553,0,0,0,0,0,0,0,0,288,180,forward,0,0,263.0,1.7000403478883719,101.53757521735355,1.0,186.0
11:41:37,1.699973,101.537552,0,0,0,0,0,0,0,0,288,180,forward,0,0,263.0,1.7000413478883718,101.53757421735357,0.6,162.0
11:41:39,1.699973,101.537552,0,0,0,0,0,0,0,0,288,180,forward,0,0,263.0,1.7000413478883718,101.53757421735357,0.6,159.0
11:41:42,1.699973,101.537552,0,0,0,0,0,0,0,0,288,180,forward,0,0,263.0,1.7000413478883718,101.53757421735357,0.6,161.0
11:41:44,1.699972,101.537552,0,0,0,0,0,0,0,0,288,180,forward,0,0,263.0,1.7000403478883719,101.53757421735355,0.2,166.0
11:41:46,1.699972,101.537551,0,0,0,0,0,0,0,0,288,180,forward,0,0,263.0,1.7000403478883719,101.53757321735354,0.6,174.0
11:41:48,1.699972,101.537551,0,0,0,0,0,0,0,0,288,180,forward,0,0,263.0,1.7000403478883719,101.53757321735354,0.1,179.0
11:41:50,1.699972,101.53755,0,0,0,0,0,0,0,0,288,180,forward,0,0,263.0,1.7000403478883719,101.53757221735354,0.6,230.0
11:41:53,1.699971,101.53755,0,0,0,0,0,0,0,0,288,180,forward,0,0,263.0,1.7000393478883717,101.53757221735353,0.6,197.0
11:41:55,1.699971,101.53755,0,0,0,0,0,0,0,0,289,180,forward,0,0,263.0,1.7000389499030302,101.53757340733007,0.4,193.0
11:41:57,1.699971,101.537551,0,0,0,0,0,0,0,0,288,180,forward,0,0,263.0,1.7000393478883717,101.53757321735353,0.2,201.0
11:41:59,1.69997,101.537551,0,0,0,0,0,0,0,0,288,180,forward,0,0,263.0,1.7000383478883718,101.53757321735353,0.7,108.0
11:42:01,1.69997,101.537551,0,0,0,0,0,0,0,0,288,180,forward,0,0,263.0,1.7000383478883718,101.53757321735353,0.4,46.0
11:42:04,1.699969,101.537551,0,0,0,0,0,0,0,0,288,180,forward,0,0,263.0,1.700037347888372,101.53757321735351,1.0,324.0
11:42:06,1.699969,101.537551,0,0,0,0,0,0,0,0,288,180,forward,0,0,263.0,1.700037347888372,101.53757321735351,0.8,96.0
11:42:08,1.699969,101.537551,0,0,0,0,0,0,0,0,288,180,forward,0,0,263.0,1.700037347888372,101.53757321735351,0.7,98.0
11:42:10,1.699968,101.537552,0,0,0,0,0,0,0,0,288,180,forward,0,0,263.0,1.7000363478883718,101.53757421735351,0.6,41.0
11:42:12,1.699968,101.537552,0,0,0,0,0,0,0,0,288,180,forward,0,0,263.0,1.7000363478883718,101.53757421735351,0.3,292.0
11:42:15,1.699968,101.537553,0,0,0,0,0,0,0,0,288,180,forward,0,0,263.0,1.7000363478883718,101.5375752173535,0.8,273.0
11:42:17,1.699968,101.537553,0,0,0,0,0,0,0,0,288,180,forward,0,0,263.0,1.7000363478883718,101.5375752173535,0.8,272.0
11:42:19,1.699967,101.537554,0,0,0,0,0,0,0,0,288,180,forward,0,0,263.0,1.7000353478883719,101.53757621735349,0.7,218.0
11:42:21,1.699967,101.537555,0,0,0,0,0,0,0,0,288,180,forward,0,0,263.0,1.7000353478883719,101.53757721735349,0.7,270.0
11:42:23,1.699966,101.537556,0,0,0,0,0,0,0,0,288,180,forward,0,0,263.0,1.700034347888372,101.53757821735347,0.6,269.0
11:42:26,1.699966,101.537557,0,0,0,0,0,0,0,0,288,180,forward,0,0,263.0,1.700034347888372,101.53757921735348,0.6,242.0
11:42:28,1.699966,101.537558,0,0,0,0,0,0,0,0,289,180,forward,0,0,263.0,1.7000339499030304,101.53758140733002,0.3,213.0
11:42:30,1.699966,101.537559,0,0,0,0,0,0,0,0,288,180,forward,0,0,263.0,1.700034347888372,101.53758121735348,0.8,133.0
11:42:32,1.699965,101.53756,0,0,0,0,0,0,0,0,288,180,forward,0,0,263.0,1.7000333478883718,101.53758221735347,0.6,167.0
11:42:34,1.699965,101.537561,0,0,0,0,0,0,0,0,288,180,forward,0,0,263.0,1.7000333478883718,101.53758321735347,0.6,113.0
11:42:37,1.699965,101.537563,0,0,0,0,0,0,0,0,288,180,forward,0,0,263.0,1.7000333478883718,101.53758521735348,0.4,18.0
11:42:39,1.699965,101.537563,0,0,0,0,0,0,0,0,288,180,forward,0,0,263.0,1.7000333478883718,101.53758521735348,0.6,16.0
11:42:41,1.699964,101.537564,0,0,0,0,0,0,0,0,288,180,forward,0,0,263.0,1.7000323478883719,101.53758621735346,0.8,308.0
11:42:43,1.699964,101.537564,0,0,0,0,0,0,0,0,288,180,forward,0,0,263.0,1.7000323478883719,101.53758621735346,0.6,341.0
11:42:45,1.699964,101.537565,0,0,0,0,0,0,0,0,288,180,forward,0,0,263.0,1.7000323478883719,101.53758721735346,0.8,16.0
11:42:48,1.699964,101.537565,0,0,0,0,0,0,0,0,288,180,forward,0,0,263.0,1.7000323478883719,101.53758721735346,0.6,110.0
11:42:50,1.699964,101.537565,0,0,0,0,0,0,0,0,288,180,forward,0,0,263.0,1.7000323478883719,101.53758721735346,0.9,246.0
11:42:52,1.699964,101.537565,0,0,0,0,0,0,0,0,288,180,forward,0,0,263.0,1.7000323478883719,101.53758721735346,0.8,185.0
11:42:54,1.699963,101.537565,0,0,0,0,0,0,0,0,288,180,forward,0,0,263.0,1.7000313478883717,101.53758721735345,0.7,90.0
11:42:56,1.699963,101.537564,0,0,0,0,0,0,0,0,288,180,forward,0,0,263.0,1.7000313478883717,101.53758621735345,0.5,110.0
11:42:59,1.699963,101.537564,0,0,0,0,0,0,0,0,288,180,forward,0,0,263.0,1.7000313478883717,101.53758621735345,0.6,104.0
11:43:01,1.699963,101.537563,0,0,0,0,0,0,0,0,288,180,forward,0,0,263.0,1.7000313478883717,101.53758521735345,0.6,121.0
11:43:03,1.699963,101.537562,0,0,0,0,0,0,0,0,288,180,forward,0,0,263.0,1.7000313478883717,101.53758421735344,0.4,207.0
11:43:05,1.699963,101.537561,0,0,0,0,0,0,0,0,288,180,forward,0,0,263.0,1.7000313478883717,101.53758321735344,0.2,303.0
11:43:07,1.699963,101.53756,0,0,0,0,0,0,0,0,288,180,forward,0,0,263.0,1.7000313478883717,101.53758221735345,0.0,260.0
11:43:10,1.699963,101.537559,0,0,0,0,0,0,0,0,288,180,forward,0,0,263.0,1.7000313478883717,101.53758121735345,0.0,211.0
11:43:12,1.699963,101.537558,0,0,0,0,0,0,0,0,288,180,forward,0,0,263.0,1.7000313478883717,101.53758021735345,0.1,239.0
11:43:14,1.699964,101.537556,0,0,0,0,0,0,0,0,288,180,forward,0,0,263.0,1.7000323478883719,101.53757821735346,0.1,222.0
11:43:16,1.699964,101.537555,0,0,0,0,0,0,0,0,288,180,forward,0,0,263.0,1.7000323478883719,101.53757721735346,0.0,222.0
11:43:18,1.699964,101.537554,0,0,0,0,0,0,0,0,288,180,forward,0,0,263.0,1.7000323478883719,101.53757621735346,0.0,261.0
11:43:21,1.699964,101.537554,0,0,0,0,0,0,0,0,289,180,forward,0,0,263.0,1.7000319499030303,101.53757740732999,0.0,240.0
11:43:23,1.699964,101.537553,0,0,0,0,0,0,0,0,288,180,forward,0,0,263.0,1.7000323478883719,101.53757521735346,0.0,236.0
11:43:25,1.699963,101.537552,0,0,0,0,0,0,0,0,288,180,forward,0,0,263.0,1.7000313478883717,101.53757421735345,0.1,272.0
11:43:27,1.699963,101.537552,0,0,0,0,0,0,0,0,288,180,forward,0,0,263.0,1.7000313478883717,101.53757421735345,0.0,212.0
11:43:29,1.699963,101.537551,0,0,0,0,0,0,0,0,288,180,forward,0,0,263.0,1.7000313478883717,101.53757321735344,0.0,264.0
11:43:32,1.699964,101.537551,0,0,0,0,0,0,0,0,288,180,forward,0,0,263.0,1.7000323478883719,101.53757321735345,0.2,281.0
11:43:34,1.699964,101.53755,0,0,0,0,0,0,0,0,288,180,forward,0,0,263.0,1.7000323478883719,101.53757221735346,0.4,250.0
11:43:36,1.699964,101.53755,0,0,0,0,0,0,0,0,288,180,forward,0,0,263.0,1.7000323478883719,101.53757221735346,0.4,234.0
11:43:38,1.699964,101.53755,0,0,0,0,0,0,0,0,288,180,forward,0,0,263.0,1.7000323478883719,101.53757221735346,0.1,235.0
11:43:40,1.699965,101.53755,0,0,0,0,0,0,0,0,288,180,forward,0,0,263.0,1.7000333478883718,101.53757221735347,0.5,275.0
11:43:43,1.699965,101.537549,0,0,0,0,0,0,0,0,288,180,forward,0,0,263.0,1.7000333478883718,101.53757121735347,0.0,295.0
11:43:45,1.699965,101.537549,0,0,0,0,0,0,0,0,288,180,forward,0,0,263.0,1.7000333478883718,101.53757121735347,0.2,282.0
11:43:47,1.699965,101.537549,0,0,0,0,0,0,0,0,288,180,forward,0,0,263.0,1.7000333478883718,101.53757121735347,0.0,188.0
11:43:49,1.699965,101.537549,0,0,0,0,0,0,0,0,288,180,forward,0,0,263.0,1.7000333478883718,101.53757121735347,0.0,258.0
11:43:51,1.699966,101.53755,0,0,0,0,0,0,0,0,288,180,forward,0,0,263.0,1.700034347888372,101.53757221735347,0.0,231.0
11:43:54,1.699966,101.53755,0,0,0,0,0,0,0,0,288,180,forward,0,0,263.0,1.700034347888372,101.53757221735347,0.0,234.0
11:43:56,1.699966,101.53755,0,0,0,0,0,0,0,0,288,180,forward,0,0,263.0,1.700034347888372,101.53757221735347,0.1,200.0
11:43:58,1.699966,101.53755,0,0,0,0,0,0,0,0,288,180,forward,0,0,263.0,1.700034347888372,101.53757221735347,0.2,288.0
11:44:00,1.699967,101.53755,0,0,0,0,0,0,0,0,288,180,forward,0,0,263.0,1.7000353478883719,101.53757221735349,0.0,296.0
11:44:02,1.699967,101.537551,0,0,0,0,0,0,0,0,288,180,forward,0,0,263.0,1.7000353478883719,101.53757321735348,0.0,289.0
11:44:05,1.699967,101.537551,0,0,0,0,0,0,0,0,288,180,forward,0,0,263.0,1.7000353478883719,101.53757321735348,0.0,236.0
11:44:07,1.699967,101.537551,0,0,0,0,0,0,0,0,288,180,forward,0,0,263.0,1.7000353478883719,101.53757321735348,0.0,242.0
11:44:09,1.699967,101.53755,0,0,0,0,0,0,0,0,288,180,forward,0,0,263.0,1.7000353478883719,101.53757221735349,0.0,266.0
11:44:11,1.699967,101.53755,0,0,0,0,0,0,0,0,288,180,forward,0,0,263.0,1.7000353478883719,101.53757221735349,0.0,260.0
11:44:13,1.699967,101.53755,0,0,0,0,0,0,0,0,288,180,forward,0,0,263.0,1.7000353478883719,101.53757221735349,0.0,255.0
11:44:16,1.699967,101.53755,0,0,0,0,0,0,0,0,288,180,forward,0,0,263.0,1.7000353478883719,101.53757221735349,0.0,190.0
11:44:18,1.699967,101.53755,0,0,0,0,0,0,0,0,288,180,forward,0,0,263.0,1.7000353478883719,101.53757221735349,0.0,199.0
11:44:20,1.699967,101.537549,0,0,0,0,0,0,0,0,288,180,forward,0,0,263.0,1.7000353478883719,101.53757121735349,0.0,181.0
11:44:22,1.699967,101.537549,0,0,0,0,0,0,0,0,288,180,forward,0,0,263.0,1.7000353478883719,101.53757121735349,0.0,249.0
11:44:24,1.699966,101.537549,0,0,0,0,0,0,0,0,288,180,forward,0,0,263.0,1.700034347888372,101.53757121735347,0.0,246.0
11:44:27,1.699966,101.537548,0,0,0,0,0,0,0,0,288,180,forward,0,0,263.0,1.700034347888372,101.53757021735348,0.2,248.0
11:44:29,1.699966,101.537548,0,0,0,0,0,0,0,0,288,180,forward,0,0,263.0,1.700034347888372,101.53757021735348,0.3,221.0
11:44:31,1.699966,101.537548,0,0,0,0,0,0,0,0,288,180,forward,0,0,263.0,1.700034347888372,101.53757021735348,0.6,223.0
11:44:33,1.699966,101.537548,0,0,0,0,0,0,0,0,288,180,forward,0,0,263.0,1.700034347888372,101.53757021735348,0.6,213.0
11:44:35,1.699966,101.537548,0,0,0,0,0,0,0,0,288,180,forward,0,0,263.0,1.700034347888372,101.53757021735348,1.1,174.0
11:44:38,1.699966,101.537548,0,0,0,0,0,0,0,0,288,180,forward,0,0,263.0,1.700034347888372,101.53757021735348,1.2,53.0
11:44:40,1.699966,101.537548,0,0,0,0,0,0,0,0,288,180,forward,0,0,263.0,1.700034347888372,101.53757021735348,1.2,51.0
11:44:42,1.699966,101.537549,0,0,0,0,0,0,0,0,288,180,forward,0,0,263.0,1.700034347888372,101.53757121735347,0.8,62.0
11:44:44,1.699965,101.537549,0,0,0,0,0,0,0,0,288,180,forward,0,0,263.0,1.7000333478883718,101.53757121735347,0.5,87.0
11:44:46,1.699965,101.537549,0,0,0,0,0,0,0,0,288,180,forward,0,0,263.0,1.7000333478883718,101.53757121735347,0.2,292.0
11:44:49,1.699965,101.537549,0,0,0,0,0,0,0,0,288,180,forward,0,0,263.0,1.7000333478883718,101.53757121735347,0.5,216.0
11:44:51,1.699964,101.53755,0,0,0,0,0,0,0,0,288,180,forward,0,0,263.0,1.7000323478883719,101.53757221735346,0.7,239.0
11:44:53,1.699964,101.53755,0,0,0,0,0,0,0,0,288,180,forward,0,0,263.0,1.7000323478883719,101.53757221735346,0.8,233.0
11:44:55,1.699964,101.53755,0,0,0,0,0,0,0,0,288,180,forward,0,0,263.0,1.7000323478883719,101.53757221735346,0.7,247.0
11:44:57,1.699963,101.537551,0,0,0,0,0,0,0,0,288,180,forward,0,0,263.0,1.7000313478883717,101.53757321735344,0.6,174.0
11:45:00,1.699963,101.537551,0,0,0,0,0,0,0,0,288,180,forward,0,0,263.0,1.7000313478883717,101.53757321735344,0.7,206.0
11:45:02,1.699963,101.537552,0,0,0,0,0,0,0,0,288,180,forward,0,0,263.0,1.7000313478883717,101.53757421735345,0.6,213.0
11:45:04,1.699963,101.537552,0,0,0,0,0,0,0,0,288,180,forward,0,0,263.0,1.7000313478883717,101.53757421735345,0.5,124.0
11:45:06,1.699963,101.537552,0,0,0,0,0,0,0,0,288,180,forward,0,0,263.0,1.7000313478883717,101.53757421735345,0.4,190.0
11:45:08,1.699963,101.537553,0,0,0,0,0,0,0,0,288,180,forward,0,0,263.0,1.7000313478883717,101.53757521735345,0.4,245.0
11:45:11,1.699963,101.537553,0,0,0,0,0,0,0,0,288,180,forward,0,0,263.0,1.7000313478883717,101.53757521735345,0.6,163.0
11:45:13,1.699963,101.537553,0,0,0,0,0,0,0,0,288,180,forward,0,0,263.0,1.7000313478883717,101.53757521735345,0.7,235.0
11:45:15,1.699964,101.537553,0,0,0,0,0,0,0,0,288,180,forward,0,0,263.0,1.7000323478883719,101.53757521735346,0.9,121.0
11:45:17,1.699964,101.537553,0,0,0,0,0,0,0,0,288,180,forward,0,0,263.0,1.7000323478883719,101.53757521735346,1.0,214.0
11:45:19,1.699964,101.537553,0,0,0,0,0,0,0,0,288,180,forward,0,0,263.0,1.7000323478883719,101.53757521735346,1.0,186.0
11:45:22,1.699964,101.537553,0,0,0,0,0,0,0,0,288,180,forward,0,0,263.0,1.7000323478883719,101.53757521735346,0.8,213.0
11:45:24,1.699965,101.537553,0,0,0,0,0,0,0,0,288,180,forward,0,0,263.0,1.7000333478883718,101.53757521735348,0.5,219.0
11:45:26,1.699965,101.537553,0,0,0,0,0,0,0,0,288,180,forward,0,0,263.0,1.7000333478883718,101.53757521735348,0.1,212.0
11:45:28,1.699965,101.537552,0,0,0,0,0,0,0,0,288,180,forward,0,0,263.0,1.7000333478883718,101.53757421735348,0.1,187.0
11:45:30,1.699965,101.537552,0,0,0,0,0,0,0,0,288,180,forward,0,0,263.0,1.7000333478883718,101.53757421735348,0.6,221.0
11:45:33,1.699966,101.537552,0,0,0,0,0,0,0,0,288,180,forward,0,0,263.0,1.700034347888372,101.53757421735348,0.8,197.0
11:45:35,1.699966,101.537551,0,0,0,0,0,0,0,0,288,180,forward,0,0,263.0,1.700034347888372,101.53757321735347,0.5,151.0
11:45:37,1.699966,101.537551,0,0,0,0,0,0,0,0,288,180,forward,0,0,263.0,1.700034347888372,101.53757321735347,0.1,168.0
11:45:39,1.699965,101.537551,0,0,0,0,0,0,0,0,288,180,forward,0,0,263.0,1.7000333478883718,101.53757321735347,0.4,177.0
11:45:41,1.699965,101.537551,0,0,0,0,0,0,0,0,288,180,forward,0,0,263.0,1.7000333478883718,101.53757321735347,0.0,249.0
11:45:44,1.699965,101.537551,0,0,0,0,0,0,0,0,288,180,forward,0,0,263.0,1.7000333478883718,101.53757321735347,0.0,128.0
11:45:46,1.699965,101.537551,0,0,0,0,0,0,0,0,288,180,forward,0,0,263.0,1.7000333478883718,101.53757321735347,0.1,103.0
11:45:48,1.699965,101.537551,0,0,0,0,0,0,0,0,288,180,forward,0,0,263.0,1.7000333478883718,101.53757321735347,0.0,306.0
11:45:50,1.699965,101.537551,0,0,0,0,0,0,0,0,288,180,forward,0,0,263.0,1.7000333478883718,101.53757321735347,0.3,309.0
11:45:52,1.699965,101.53755,0,0,0,0,0,0,0,0,288,180,forward,0,0,263.0,1.7000333478883718,101.53757221735347,0.2,342.0
11:45:55,1.699965,101.53755,0,0,0,0,0,0,0,0,288,180,forward,0,0,263.0,1.7000333478883718,101.53757221735347,0.0,239.0
11:45:57,1.699965,101.53755,0,0,0,0,0,0,0,0,288,180,forward,0,0,263.0,1.7000333478883718,101.53757221735347,0.1,170.0
11:45:59,1.699965,101.53755,0,0,0,0,0,0,0,0,288,180,forward,0,0,263.0,1.7000333478883718,101.53757221735347,0.0,169.0
11:46:01,1.699965,101.53755,0,0,0,0,0,0,0,0,289,180,forward,0,0,263.0,1.7000329499030302,101.53757340733,0.0,207.0
11:46:03,1.699966,101.537549,0,0,0,0,0,0,0,0,288,180,forward,0,0,263.0,1.700034347888372,101.53757121735347,0.0,338.0
11:46:06,1.699966,101.537549,0,0,0,0,0,0,0,0,288,180,forward,0,0,263.0,1.700034347888372,101.53757121735347,0.3,13.0
11:46:08,1.699966,101.537549,0,0,0,0,0,0,0,0,288,180,forward,0,0,263.0,1.700034347888372,101.53757121735347,0.3,321.0
11:46:10,1.699966,101.537549,0,0,0,0,0,0,0,0,288,180,forward,0,0,263.0,1.700034347888372,101.53757121735347,0.0,301.0
11:46:12,1.699966,101.537549,0,0,0,0,0,0,0,0,288,180,forward,0,0,263.0,1.700034347888372,101.53757121735347,0.2,308.0
11:46:14,1.699966,101.537549,0,0,0,0,0,0,0,0,288,180,forward,0,0,263.0,1.700034347888372,101.53757121735347,0.1,347.0
11:46:17,1.699966,101.537549,0,0,0,0,0,0,0,0,288,180,forward,0,0,263.0,1.700034347888372,101.53757121735347,0.1,46.0
11:46:19,1.699966,101.537549,0,0,0,0,0,0,0,0,288,180,forward,0,0,263.0,1.700034347888372,101.53757121735347,0.1,85.0
11:46:21,1.699965,101.537549,0,0,0,0,0,0,0,0,288,180,forward,0,0,263.0,1.7000333478883718,101.53757121735347,0.2,78.0
11:46:23,1.699965,101.537549,0,0,0,0,0,0,0,0,288,180,forward,0,0,263.0,1.7000333478883718,101.53757121735347,0.1,167.0
11:46:25,1.699965,101.537549,0,0,0,0,0,0,0,0,288,180,forward,0,0,263.0,1.7000333478883718,101.53757121735347,0.2,130.0
11:46:28,1.699965,101.537549,0,0,0,0,0,0,0,0,288,180,forward,0,0,263.0,1.7000333478883718,101.53757121735347,0.6,98.0
11:46:30,1.699964,101.537549,0,0,0,0,0,0,0,0,288,180,forward,0,0,263.0,1.7000323478883719,101.53757121735346,0.3,117.0
11:46:32,1.699963,101.53755,0,0,0,0,0,0,0,0,288,180,forward,0,0,263.0,1.7000313478883717,101.53757221735344,0.5,46.0
11:46:34,1.699963,101.53755,0,0,0,0,0,0,0,0,289,180,forward,0,0,263.0,1.7000309499030302,101.53757340732999,0.2,31.0
11:46:36,1.699963,101.53755,0,0,0,0,0,0,0,0,288,180,forward,0,0,263.0,1.7000313478883717,101.53757221735344,0.6,139.0
11:46:39,1.699962,101.53755,0,0,0,0,0,0,0,0,288,180,forward,0,0,263.0,1.7000303478883718,101.53757221735343,0.5,233.0
11:46:41,1.699962,101.537551,0,0,0,0,0,0,0,0,288,180,forward,0,0,263.0,1.7000303478883718,101.53757321735343,0.5,229.0
11:46:43,1.699961,101.537551,0,0,0,0,0,0,0,0,288,180,forward,0,0,263.0,1.700029347888372,101.53757321735341,0.7,255.0
11:46:45,1.699961,101.537551,0,0,0,0,0,0,0,0,288,180,forward,0,0,263.0,1.700029347888372,101.53757321735341,0.6,219.0
11:46:47,1.69996,101.537552,0,0,0,0,0,0,0,0,288,180,forward,0,0,263.0,1.7000283478883718,101.53757421735341,0.6,358.0
11:46:50,1.69996,101.537552,0,0,0,0,0,0,0,0,288,180,forward,0,0,263.0,1.7000283478883718,101.53757421735341,0.8,354.0
11:46:52,1.699959,101.537553,0,0,0,0,0,0,0,0,288,180,forward,0,0,263.0,1.7000273478883718,101.5375752173534,0.7,301.0
11:46:54,1.699959,101.537553,0,0,0,0,0,0,0,0,288,180,forward,0,0,263.0,1.7000273478883718,101.5375752173534,0.7,284.0
11:46:56,1.699959,101.537553,0,0,0,0,0,0,0,0,288,180,forward,0,0,263.0,1.7000273478883718,101.5375752173534,0.5,2.0
11:46:58,1.699959,101.537553,0,0,0,0,0,0,0,0,288,180,forward,0,0,263.0,1.7000273478883718,101.5375752173534,0.5,96.0
11:47:01,1.69996,101.537553,0,0,0,0,0,0,0,0,288,180,forward,0,0,263.0,1.7000283478883718,101.5375752173534,0.1,225.0
11:47:03,1.69996,101.537553,0,0,0,0,0,0,0,0,288,180,forward,0,0,263.0,1.7000283478883718,101.5375752173534,0.6,192.0
11:47:05,1.69996,101.537553,0,0,0,0,0,0,0,0,288,180,forward,0,0,263.0,1.7000283478883718,101.5375752173534,0.1,137.0
11:47:07,1.69996,101.537553,0,0,0,0,0,0,0,0,288,180,forward,0,0,263.0,1.7000283478883718,101.5375752173534,0.3,107.0
11:47:09,1.699961,101.537553,0,0,0,0,0,0,0,0,288,180,forward,0,0,263.0,1.700029347888372,101.53757521735342,0.3,110.0
11:47:12,1.699961,101.537552,0,0,0,0,0,0,0,0,288,180,forward,0,0,263.0,1.700029347888372,101.53757421735342,0.2,141.0
11:47:14,1.699961,101.537552,0,0,0,0,0,0,0,0,288,180,forward,0,0,263.0,1.700029347888372,101.53757421735342,0.1,141.0
11:47:16,1.699961,101.537552,0,0,0,0,0,0,0,0,288,180,forward,0,0,263.0,1.700029347888372,101.53757421735342,0.0,122.0
11:47:18,1.699961,101.537552,0,0,0,0,0,0,0,0,288,180,forward,0,0,263.0,1.700029347888372,101.53757421735342,0.2,161.0
11:47:20,1.699962,101.537551,0,0,0,0,0,0,0,0,288,180,forward,0,0,263.0,1.7000303478883718,101.53757321735343,0.2,156.0
11:47:23,1.699962,101.537552,0,0,0,0,0,0,0,0,288,180,forward,0,0,263.0,1.7000303478883718,101.53757421735344,0.3,236.0
11:47:25,1.699962,101.537552,0,0,0,0,0,0,0,0,288,180,forward,0,0,263.0,1.7000303478883718,101.53757421735344,0.0,176.0
11:47:27,1.699962,101.537552,0,0,0,0,0,0,0,0,288,180,forward,0,0,263.0,1.7000303478883718,101.53757421735344,0.0,240.0
11:47:29,1.699962,101.537552,0,0,0,0,0,0,0,0,288,180,forward,0,0,263.0,1.7000303478883718,101.53757421735344,0.2,186.0
11:47:31,1.699961,101.537552,0,0,0,0,0,0,0,0,288,180,forward,0,0,263.0,1.700029347888372,101.53757421735342,0.5,299.0
11:47:34,1.699962,101.537552,0,0,0,0,0,0,0,0,288,180,forward,0,0,263.0,1.7000303478883718,101.53757421735344,0.2,255.0
11:47:36,1.699962,101.537552,0,0,0,0,0,0,0,0,288,180,forward,0,0,263.0,1.7000303478883718,101.53757421735344,0.8,232.0
11:47:38,1.699962,101.537552,0,0,0,0,0,0,0,0,288,180,forward,0,0,263.0,1.7000303478883718,101.53757421735344,0.8,213.0
11:47:40,1.699961,101.537553,0,0,0,0,0,0,0,0,288,180,forward,0,0,263.0,1.700029347888372,101.53757521735342,0.8,34.0
11:47:42,1.699961,101.537553,0,0,0,0,0,0,0,0,288,180,forward,0,0,263.0,1.700029347888372,101.53757521735342,0.7,103.0
11:47:45,1.699961,101.537553,0,0,0,0,0,0,0,0,288,180,forward,0,0,263.0,1.700029347888372,101.53757521735342,0.5,99.0
11:47:47,1.699961,101.537554,0,0,0,0,0,0,0,0,288,180,forward,0,0,263.0,1.700029347888372,101.53757621735342,0.6,124.0
11:47:49,1.69996,101.537554,0,0,0,0,0,0,0,0,288,180,forward,0,0,263.0,1.7000283478883718,101.5375762173534,0.6,118.0
11:47:51,1.69996,101.537554,0,0,0,0,0,0,0,0,288,180,forward,0,0,263.0,1.7000283478883718,101.5375762173534,0.2,205.0
11:47:53,1.69996,101.537555,0,0,0,0,0,0,0,0,288,180,forward,0,0,263.0,1.7000283478883718,101.5375772173534,0.3,234.0
11:47:56,1.69996,101.537555,0,0,0,0,0,0,0,0,289,180,forward,0,0,263.0,1.7000279499030302,101.53757840732995,0.3,226.0
11:47:58,1.69996,101.537556,0,0,0,0,0,0,0,0,288,180,forward,0,0,263.0,1.7000283478883718,101.5375782173534,0.6,244.0
11:48:00,1.69996,101.537556,0,0,0,0,0,0,0,0,288,180,forward,0,0,263.0,1.7000283478883718,101.5375782173534,0.6,236.0
11:48:02,1.69996,101.537556,0,0,0,0,0,0,0,0,289,180,forward,0,0,263.0,1.7000279499030302,101.53757940732994,0.1,234.0
11:48:04,1.699959,101.537557,0,0,0,0,0,0,0,0,288,180,forward,0,0,263.0,1.7000273478883718,101.53757921735341,0.3,160.0
11:48:07,1.699959,101.537557,0,0,0,0,0,0,0,0,288,180,forward,0,0,263.0,1.7000273478883718,101.53757921735341,0.0,186.0
11:48:09,1.699959,101.537557,0,0,0,0,0,0,0,0,288,180,forward,0,0,263.0,1.7000273478883718,101.53757921735341,0.3,235.0
11:48:11,1.699959,101.537557,0,0,0,0,0,0,0,0,288,180,forward,0,0,263.0,1.7000273478883718,101.53757921735341,0.0,241.0
11:48:13,1.699959,101.537557,0,0,0,0,0,0,0,0,288,180,forward,0,0,263.0,1.7000273478883718,101.53757921735341,0.0,224.0
11:48:15,1.699959,101.537557,0,0,0,0,0,0,0,0,288,180,forward,0,0,263.0,1.7000273478883718,101.53757921735341,0.1,161.0
11:48:18,1.69996,101.537557,0,0,0,0,0,0,0,0,288,180,forward,0,0,263.0,1.7000283478883718,101.53757921735341,0.2,198.0
11:48:20,1.69996,101.537556,0,0,0,0,0,0,0,0,288,180,forward,0,0,263.0,1.7000283478883718,101.5375782173534,0.5,195.0
11:48:22,1.69996,101.537556,0,0,0,0,0,0,0,0,288,180,forward,0,0,263.0,1.7000283478883718,101.5375782173534,0.3,142.0
11:48:24,1.69996,101.537556,0,0,0,0,0,0,0,0,288,180,forward,0,0,263.0,1.7000283478883718,101.5375782173534,0.5,198.0
11:48:26,1.69996,101.537555,0,0,0,0,0,0,0,0,288,180,forward,0,0,263.0,1.7000283478883718,101.5375772173534,0.0,186.0
11:48:29,1.69996,101.537555,0,0,0,0,0,0,0,0,288,180,forward,0,0,263.0,1.7000283478883718,101.5375772173534,0.2,121.0
11:48:31,1.69996,101.537555,0,0,0,0,0,0,0,0,288,180,forward,0,0,263.0,1.7000283478883718,101.5375772173534,0.5,329.0
11:48:33,1.69996,101.537555,0,0,0,0,0,0,0,0,288,180,forward,0,0,263.0,1.7000283478883718,101.5375772173534,0.6,358.0
11:48:35,1.69996,101.537554,0,0,0,0,0,0,0,0,288,180,forward,0,0,263.0,1.7000283478883718,101.5375762173534,0.6,3.0
11:48:37,1.69996,101.537554,0,0,0,0,0,0,0,0,288,180,forward,0,0,263.0,1.7000283478883718,101.5375762173534,0.5,300.0
11:48:40,1.69996,101.537553,0,0,0,0,0,0,0,0,288,180,forward,0,0,263.0,1.7000283478883718,101.5375752173534,0.6,314.0
11:48:42,1.69996,101.537553,0,0,0,0,0,0,0,0,288,180,forward,0,0,263.0,1.7000283478883718,101.5375752173534,0.6,339.0
11:48:44,1.69996,101.537552,0,0,0,0,0,0,0,0,288,180,forward,0,0,263.0,1.7000283478883718,101.53757421735341,0.7,355.0
11:48:46,1.69996,101.537552,0,0,0,0,0,0,0,0,288,180,forward,0,0,263.0,1.7000283478883718,101.53757421735341,1.3,3.0
11:48:48,1.69996,101.537551,0,0,0,0,0,0,0,0,288,180,forward,0,0,263.0,1.7000283478883718,101.5375732173534,0.6,18.0
11:48:51,1.69996,101.537551,0,0,0,0,0,0,0,0,288,180,forward,0,0,263.0,1.7000283478883718,101.5375732173534,1.1,337.0
11:48:53,1.69996,101.537551,0,0,0,0,0,0,0,0,288,180,forward,0,0,263.0,1.7000283478883718,101.5375732173534,0.5,3.0
11:48:55,1.69996,101.53755,0,0,0,0,0,0,0,0,288,180,forward,0,0,263.0,1.7000283478883718,101.5375722173534,0.5,9.0
11:48:57,1.69996,101.53755,0,0,0,0,0,0,0,0,288,180,forward,0,0,263.0,1.7000283478883718,101.5375722173534,0.6,4.0
11:48:59,1.69996,101.53755,0,0,0,0,0,0,0,0,288,180,forward,0,0,263.0,1.7000283478883718,101.5375722173534,0.4,15.0
11:49:02,1.69996,101.53755,0,0,0,0,0,0,0,0,288,180,forward,0,0,263.0,1.7000283478883718,101.5375722173534,0.6,358.0
11:49:04,1.69996,101.53755,0,0,0,0,0,0,0,0,288,180,forward,0,0,263.0,1.7000283478883718,101.5375722173534,0.0,3.0
11:49:06,1.699961,101.53755,0,0,0,0,0,0,0,0,288,180,forward,0,0,263.0,1.700029347888372,101.53757221735341,0.2,11.0
11:49:08,1.699961,101.537549,0,0,0,0,0,0,0,0,288,180,forward,0,0,263.0,1.700029347888372,101.53757121735342,0.4,58.0
11:49:10,1.699962,101.53755,0,0,0,0,0,0,0,0,288,180,forward,0,0,263.0,1.7000303478883718,101.53757221735343,0.3,50.0
11:49:13,1.699963,101.53755,0,0,0,0,0,0,0,0,288,180,forward,0,0,263.0,1.7000313478883717,101.53757221735344,0.0,56.0
11:49:15,1.699963,101.53755,0,0,0,0,0,0,0,0,288,180,forward,0,0,263.0,1.7000313478883717,101.53757221735344,0.4,358.0
11:49:17,1.699964,101.53755,0,0,0,0,0,0,0,0,288,180,forward,0,0,263.0,1.7000323478883719,101.53757221735346,0.5,63.0
11:49:19,1.699965,101.537551,0,0,0,0,0,0,0,0,288,180,forward,0,0,263.0,1.7000333478883718,101.53757321735347,0.5,149.0
11:49:21,1.699965,101.537551,0,0,0,0,0,0,0,0,288,180,forward,0,0,263.0,1.7000333478883718,101.53757321735347,0.6,164.0
11:49:24,1.699966,101.537552,0,0,0,0,0,0,0,0,288,180,forward,0,0,263.0,1.700034347888372,101.53757421735348,0.6,146.0
11:49:26,1.699966,101.537552,0,0,0,0,0,0,0,0,288,180,forward,0,0,263.0,1.700034347888372,101.53757421735348,0.6,145.0
11:49:28,1.699967,101.537553,0,0,0,0,0,0,0,0,288,180,forward,0,0,263.0,1.7000353478883719,101.53757521735349,0.4,165.0
11:49:30,1.699967,101.537554,0,0,0,0,0,0,0,0,288,180,forward,0,0,263.0,1.7000353478883719,101.53757621735349,0.3,170.0
11:49:32,1.699968,101.537555,0,0,0,0,0,0,0,0,288,180,forward,0,0,263.0,1.7000363478883718,101.5375772173535,0.0,179.0
11:49:35,1.699968,101.537556,0,0,0,0,0,0,0,0,288,180,forward,0,0,263.0,1.7000363478883718,101.5375782173535,0.3,184.0
11:49:37,1.699968,101.537556,0,0,0,0,0,0,0,0,288,180,forward,0,0,263.0,1.7000363478883718,101.5375782173535,0.2,188.0
11:49:39,1.699968,101.537557,0,0,0,0,0,0,0,0,288,180,forward,0,0,263.0,1.7000363478883718,101.53757921735351,0.1,177.0
11:49:41,1.699968,101.537558,0,0,0,0,0,0,0,0,288,180,forward,0,0,263.0,1.7000363478883718,101.53758021735351,0.0,224.0
11:49:43,1.699968,101.537558,0,0,0,0,0,0,0,0,288,180,forward,0,0,263.0,1.7000363478883718,101.53758021735351,0.1,208.0
11:49:46,1.699968,101.537559,0,0,0,0,0,0,0,0,288,180,forward,0,0,263.0,1.7000363478883718,101.5375812173535,0.1,237.0
11:49:48,1.699968,101.537559,0,0,0,0,0,0,0,0,288,180,forward,0,0,263.0,1.7000363478883718,101.5375812173535,0.3,283.0
11:49:50,1.699968,101.53756,0,0,0,0,0,0,0,0,288,180,forward,0,0,263.0,1.7000363478883718,101.5375822173535,0.0,167.0
11:49:52,1.699967,101.53756,0,0,0,0,0,0,0,0,288,180,forward,0,0,263.0,1.7000353478883719,101.53758221735349,0.2,269.0
11:49:54,1.699967,101.53756,0,0,0,0,0,0,0,0,288,180,forward,0,0,263.0,1.7000353478883719,101.53758221735349,0.4,229.0
11:49:57,1.699967,101.53756,0,0,0,0,0,0,0,0,288,180,forward,0,0,263.0,1.7000353478883719,101.53758221735349,0.2,207.0
11:49:59,1.699968,101.53756,0,0,0,0,0,0,0,0,288,180,forward,0,0,263.0,1.7000363478883718,101.5375822173535,0.0,214.0
11:50:01,1.699968,101.537561,0,0,0,0,0,0,0,0,288,180,forward,0,0,263.0,1.7000363478883718,101.5375832173535,0.0,202.0
11:50:03,1.699968,101.537561,0,0,0,0,0,0,0,0,288,180,forward,0,0,263.0,1.7000363478883718,101.5375832173535,0.0,190.0
11:50:05,1.699968,101.537561,0,0,0,0,0,0,0,0,288,180,forward,0,0,263.0,1.7000363478883718,101.5375832173535,0.3,190.0
11:50:08,1.699968,101.537561,0,0,0,0,0,0,0,0,288,180,forward,0,0,263.0,1.7000363478883718,101.5375832173535,0.4,208.0
11:50:10,1.699968,101.53756,0,0,0,0,0,0,0,0,288,180,forward,0,0,263.0,1.7000363478883718,101.5375822173535,0.4,128.0
11:50:12,1.699968,101.53756,0,0,0,0,0,0,0,0,289,180,forward,0,0,263.0,1.7000359499030302,101.53758340733005,0.3,85.0
11:50:14,1.699968,101.53756,0,0,0,0,0,0,0,0,288,180,forward,0,0,263.0,1.7000363478883718,101.5375822173535,0.0,331.0
11:50:16,1.699968,101.53756,0,0,0,0,0,0,0,0,288,180,forward,0,0,263.0,1.7000363478883718,101.5375822173535,0.1,354.0
11:50:19,1.699968,101.53756,0,0,0,0,0,0,0,0,288,180,forward,0,0,263.0,1.7000363478883718,101.5375822173535,0.2,105.0
11:50:21,1.699968,101.53756,0,0,0,0,0,0,0,0,288,180,forward,0,0,263.0,1.7000363478883718,101.5375822173535,0.4,50.0
11:50:23,1.699967,101.53756,0,0,0,0,0,0,0,0,288,180,forward,0,0,263.0,1.7000353478883719,101.53758221735349,0.5,89.0
11:50:25,1.699967,101.53756,0,0,0,0,0,0,0,0,288,180,forward,0,0,263.0,1.7000353478883719,101.53758221735349,0.3,88.0
11:50:27,1.699966,101.53756,0,0,0,0,0,0,0,0,288,180,forward,0,0,263.0,1.700034347888372,101.53758221735347,0.5,87.0
11:50:30,1.699966,101.53756,0,0,0,0,0,0,0,0,288,180,forward,0,0,263.0,1.700034347888372,101.53758221735347,0.2,88.0
11:50:32,1.699965,101.53756,0,0,0,0,0,0,0,0,288,180,forward,0,0,263.0,1.7000333478883718,101.53758221735347,0.5,93.0
11:50:34,1.699965,101.53756,0,0,0,0,0,0,0,0,288,180,forward,0,0,263.0,1.7000333478883718,101.53758221735347,0.1,110.0
11:50:36,1.699964,101.537561,0,0,0,0,0,0,0,0,288,180,forward,0,0,263.0,1.7000323478883719,101.53758321735346,0.1,93.0
11:50:38,1.699964,101.537561,0,0,0,0,0,0,0,0,288,180,forward,0,0,263.0,1.7000323478883719,101.53758321735346,0.4,41.0
11:50:41,1.699964,101.537561,0,0,0,0,0,0,0,0,288,180,forward,0,0,263.0,1.7000323478883719,101.53758321735346,0.2,323.0
11:50:43,1.699963,101.537561,0,0,0,0,0,0,0,0,288,180,forward,0,0,263.0,1.7000313478883717,101.53758321735344,0.2,345.0
11:50:45,1.699963,101.537561,0,0,0,0,0,0,0,0,288,180,forward,0,0,263.0,1.7000313478883717,101.53758321735344,0.2,345.0
11:50:47,1.699963,101.537561,0,0,0,0,0,0,0,0,288,180,forward,0,0,263.0,1.7000313478883717,101.53758321735344,0.0,54.0
11:50:49,1.699963,101.537562,0,0,0,0,0,0,0,0,288,180,forward,0,0,263.0,1.7000313478883717,101.53758421735344,0.0,3.0
11:50:52,1.699963,101.537562,0,0,0,0,0,0,0,0,288,180,forward,0,0,263.0,1.7000313478883717,101.53758421735344,0.1,5.0
11:50:54,1.699963,101.537563,0,0,0,0,0,0,0,0,288,180,forward,0,0,263.0,1.7000313478883717,101.53758521735345,0.0,27.0
11:50:56,1.699963,101.537563,0,0,0,0,0,0,0,0,288,180,forward,0,0,263.0,1.7000313478883717,101.53758521735345,0.3,10.0
11:50:58,1.699963,101.537563,0,0,0,0,0,0,0,0,288,180,forward,0,0,263.0,1.7000313478883717,101.53758521735345,0.0,208.0
11:51:00,1.699963,101.537563,0,0,0,0,0,0,0,0,288,180,forward,0,0,263.0,1.7000313478883717,101.53758521735345,0.3,100.0
11:51:03,1.699963,101.537563,0,0,0,0,0,0,0,0,288,180,forward,0,0,263.0,1.7000313478883717,101.53758521735345,0.0,13.0
11:51:05,1.699964,101.537563,0,0,0,0,0,0,0,0,288,180,forward,0,0,263.0,1.7000323478883719,101.53758521735347,0.0,12.0
11:51:07,1.699964,101.537563,0,0,0,0,0,0,0,0,288,180,forward,0,0,263.0,1.7000323478883719,101.53758521735347,0.0,14.0
11:51:09,1.699964,101.537563,0,0,0,0,0,0,0,0,288,180,forward,0,0,263.0,1.7000323478883719,101.53758521735347,0.0,26.0
11:51:11,1.699964,101.537563,0,0,0,0,0,0,0,0,288,180,forward,0,0,263.0,1.7000323478883719,101.53758521735347,0.0,80.0
11:51:14,1.699964,101.537563,0,0,0,0,0,0,0,0,288,180,forward,0,0,263.0,1.7000323478883719,101.53758521735347,0.0,112.0
11:51:16,1.699964,101.537563,0,0,0,0,0,0,0,0,288,180,forward,0,0,263.0,1.7000323478883719,101.53758521735347,0.0,121.0
11:51:18,1.699963,101.537562,0,0,0,0,0,0,0,0,288,180,forward,0,0,263.0,1.7000313478883717,101.53758421735344,0.0,123.0
11:51:20,1.699963,101.537562,0,0,0,0,0,0,0,0,288,180,forward,0,0,263.0,1.7000313478883717,101.53758421735344,0.0,165.0
11:51:22,1.699963,101.537562,0,0,0,0,0,0,0,0,288,180,forward,0,0,263.0,1.7000313478883717,101.53758421735344,0.0,150.0
11:51:25,1.699963,101.537562,0,0,0,0,0,0,0,0,288,180,forward,0,0,263.0,1.7000313478883717,101.53758421735344,0.0,140.0
11:51:27,1.699963,101.537562,0,0,0,0,0,0,0,0,288,180,forward,0,0,263.0,1.7000313478883717,101.53758421735344,0.0,142.0
11:51:29,1.699963,101.537563,0,0,0,0,0,0,0,0,288,180,forward,0,0,263.0,1.7000313478883717,101.53758521735345,0.0,112.0
11:51:31,1.699963,101.537563,0,0,0,0,0,0,0,0,288,180,forward,0,0,263.0,1.7000313478883717,101.53758521735345,0.0,127.0
11:51:33,1.699963,101.537563,0,0,0,0,0,0,0,0,288,180,forward,0,0,263.0,1.7000313478883717,101.53758521735345,0.2,216.0
11:51:36,1.699963,101.537563,0,0,0,0,0,0,0,0,288,180,forward,0,0,263.0,1.7000313478883717,101.53758521735345,0.2,194.0
11:51:38,1.699963,101.537563,0,0,0,0,0,0,0,0,288,180,forward,0,0,263.0,1.7000313478883717,101.53758521735345,0.0,172.0
11:51:40,1.699963,101.537563,0,0,0,0,0,0,0,0,288,180,forward,0,0,263.0,1.7000313478883717,101.53758521735345,0.0,144.0
11:51:42,1.699963,101.537563,0,0,0,0,0,0,0,0,288,180,forward,0,0,263.0,1.7000313478883717,101.53758521735345,0.0,165.0
11:51:44,1.699962,101.537563,0,0,0,0,0,0,0,0,288,180,forward,0,0,263.0,1.7000303478883718,101.53758521735344,0.0,198.0
11:51:47,1.699962,101.537563,0,0,0,0,0,0,0,0,288,180,forward,0,0,263.0,1.7000303478883718,101.53758521735344,0.1,184.0
11:51:49,1.699962,101.537563,0,0,0,0,0,0,0,0,288,180,forward,0,0,263.0,1.7000303478883718,101.53758521735344,0.1,243.0
11:51:51,1.699962,101.537563,0,0,0,0,0,0,0,0,288,180,forward,0,0,263.0,1.7000303478883718,101.53758521735344,0.0,258.0
11:51:53,1.699962,101.537563,0,0,0,0,0,0,0,0,288,180,forward,0,0,263.0,1.7000303478883718,101.53758521735344,0.0,238.0
11:51:55,1.699961,101.537563,0,0,0,0,0,0,0,0,288,180,forward,0,0,263.0,1.700029347888372,101.53758521735342,0.0,263.0
11:51:58,1.699961,101.537563,0,0,0,0,0,0,0,0,288,180,forward,0,0,263.0,1.700029347888372,101.53758521735342,0.0,263.0
11:52:00,1.699961,101.537564,0,0,0,0,0,0,0,0,288,180,forward,0,0,263.0,1.700029347888372,101.53758621735342,0.4,254.0
11:52:02,1.699961,101.537563,0,0,0,0,0,0,0,0,288,180,forward,0,0,263.0,1.700029347888372,101.53758521735342,0.6,276.0
11:52:04,1.699961,101.537563,0,0,0,0,0,0,0,0,288,180,forward,0,0,263.0,1.700029347888372,101.53758521735342,0.6,291.0
11:52:06,1.699961,101.537563,0,0,0,0,0,0,0,0,288,180,forward,0,0,263.0,1.700029347888372,101.53758521735342,0.3,288.0
11:52:09,1.699961,101.537563,0,0,0,0,0,0,0,0,288,180,forward,0,0,263.0,1.700029347888372,101.53758521735342,0.5,289.0
11:52:11,1.699961,101.537562,0,0,0,0,0,0,0,0,288,180,forward,0,0,263.0,1.700029347888372,101.53758421735341,0.7,275.0
11:52:13,1.699961,101.537562,0,0,0,0,0,0,0,0,288,180,forward,0,0,263.0,1.700029347888372,101.53758421735341,1.1,256.0
11:52:15,1.699961,101.537562,0,0,0,0,0,0,0,0,289,180,forward,0,0,263.0,1.7000289499030303,101.53758540732996,0.8,230.0
11:52:17,1.699961,101.537562,0,0,0,0,0,0,0,0,288,180,forward,0,0,263.0,1.700029347888372,101.53758421735341,0.7,293.0
11:52:20,1.699961,101.537562,0,0,0,0,0,0,0,0,288,180,forward,0,0,263.0,1.700029347888372,101.53758421735341,0.9,277.0
11:52:22,1.69996,101.537562,0,0,0,0,0,0,0,0,288,180,forward,0,0,263.0,1.7000283478883718,101.5375842173534,0.9,341.0
11:52:24,1.69996,101.537562,0,0,0,0,0,0,0,0,288,180,forward,0,0,263.0,1.7000283478883718,101.5375842173534,1.0,174.0
11:52:26,1.69996,101.537562,0,0,0,0,0,0,0,0,288,180,forward,0,0,263.0,1.7000283478883718,101.5375842173534,0.6,188.0
11:52:28,1.69996,101.537562,0,0,0,0,0,0,0,0,288,180,forward,0,0,263.0,1.7000283478883718,101.5375842173534,0.6,307.0
11:52:31,1.699959,101.537562,0,0,0,0,0,0,0,0,288,180,forward,0,0,263.0,1.7000273478883718,101.5375842173534,0.4,296.0
11:52:33,1.699959,101.537562,0,0,0,0,0,0,0,0,288,180,forward,0,0,263.0,1.7000273478883718,101.5375842173534,0.4,278.0
11:52:35,1.699959,101.537562,0,0,0,0,0,0,0,0,288,180,forward,0,0,263.0,1.7000273478883718,101.5375842173534,0.2,277.0
11:52:37,1.699959,101.537562,0,0,0,0,0,0,0,0,288,180,forward,0,0,263.0,1.7000273478883718,101.5375842173534,0.0,289.0
11:52:39,1.699958,101.537562,0,0,0,0,0,0,0,0,288,180,forward,0,0,263.0,1.700026347888372,101.53758421735338,0.3,302.0
11:52:42,1.699958,101.537562,0,0,0,0,0,0,0,0,288,180,forward,0,0,263.0,1.700026347888372,101.53758421735338,0.0,279.0
11:52:44,1.699958,101.537562,0,0,0,0,0,0,0,0,288,180,forward,0,0,263.0,1.700026347888372,101.53758421735338,0.0,283.0
11:52:46,1.699958,101.537562,0,0,0,0,0,0,0,0,288,180,forward,0,0,263.0,1.700026347888372,101.53758421735338,0.2,291.0
11:52:48,1.699958,101.537562,0,0,0,0,0,0,0,0,288,180,forward,0,0,263.0,1.700026347888372,101.53758421735338,0.0,291.0
11:52:50,1.699958,101.537562,0,0,0,0,0,0,0,0,288,180,forward,0,0,263.0,1.700026347888372,101.53758421735338,0.0,234.0
11:52:53,1.699958,101.537561,0,0,0,0,0,0,0,0,288,180,forward,0,0,263.0,1.700026347888372,101.53758321735339,0.0,260.0
11:52:55,1.699958,101.537561,0,0,0,0,0,0,0,0,288,180,forward,0,0,263.0,1.700026347888372,101.53758321735339,0.0,334.0
11:52:57,1.699958,101.537561,0,0,0,0,0,0,0,0,288,180,forward,0,0,263.0,1.700026347888372,101.53758321735339,0.0,35.0
11:52:59,1.699958,101.537561,0,0,0,0,0,0,0,0,288,180,forward,0,0,263.0,1.700026347888372,101.53758321735339,0.0,354.0
11:53:01,1.699958,101.537561,0,0,0,0,0,0,0,0,288,180,forward,0,0,263.0,1.700026347888372,101.53758321735339,0.0,328.0
11:53:04,1.699959,101.537561,0,0,0,0,0,0,0,0,288,180,forward,0,0,263.0,1.7000273478883718,101.5375832173534,0.0,342.0
11:53:06,1.69996,101.537561,0,0,0,0,0,0,0,0,288,180,forward,0,0,263.0,1.7000283478883718,101.5375832173534,0.2,2.0
11:53:08,1.69996,101.537561,0,0,0,0,0,0,0,0,288,180,forward,0,0,263.0,1.7000283478883718,101.5375832173534,0.1,294.0
11:53:10,1.69996,101.53756,0,0,0,0,0,0,0,0,288,180,forward,0,0,263.0,1.7000283478883718,101.5375822173534,0.0,272.0
11:53:12,1.699961,101.53756,0,0,0,0,0,0,0,0,288,180,forward,0,0,263.0,1.700029347888372,101.53758221735342,0.0,289.0
11:53:15,1.699961,101.53756,0,0,0,0,0,0,0,0,288,180,forward,0,0,263.0,1.700029347888372,101.53758221735342,0.1,329.0
11:53:17,1.699962,101.53756,0,0,0,0,0,0,0,0,288,180,forward,0,0,263.0,1.7000303478883718,101.53758221735343,0.1,278.0
11:53:19,1.699962,101.53756,0,0,0,0,0,0,0,0,288,180,forward,0,0,263.0,1.7000303478883718,101.53758221735343,0.0,146.0
11:53:21,1.699963,101.53756,0,0,0,0,0,0,0,0,288,180,forward,0,0,263.0,1.7000313478883717,101.53758221735345,0.2,159.0
11:53:23,1.699964,101.53756,0,0,0,0,0,0,0,0,288,180,forward,0,0,263.0,1.7000323478883719,101.53758221735346,0.1,167.0
11:53:26,1.699965,101.537559,0,0,0,0,0,0,0,0,288,180,forward,0,0,263.0,1.7000333478883718,101.53758121735348,0.1,239.0
11:53:28,1.699965,101.537559,0,0,0,0,0,0,0,0,288,180,forward,0,0,263.0,1.7000333478883718,101.53758121735348,0.0,152.0
11:53:30,1.699966,101.537558,0,0,0,0,0,0,0,0,288,180,forward,0,0,263.0,1.700034347888372,101.53758021735348,0.0,344.0
11:53:32,1.699967,101.537558,0,0,0,0,0,0,0,0,288,180,forward,0,0,263.0,1.7000353478883719,101.5375802173535,0.2,52.0
11:53:34,1.699968,101.537558,0,0,0,0,0,0,0,0,288,180,forward,0,0,263.0,1.7000363478883718,101.53758021735351,0.3,209.0
11:53:37,1.699968,101.537558,0,0,0,0,0,0,0,0,288,180,forward,0,0,263.0,1.7000363478883718,101.53758021735351,0.1,212.0
11:53:39,1.699969,101.537558,0,0,0,0,0,0,0,0,288,180,forward,0,0,263.0,1.700037347888372,101.53758021735352,0.3,47.0
11:53:41,1.699969,101.537558,0,0,0,0,0,0,0,0,288,180,forward,0,0,263.0,1.700037347888372,101.53758021735352,0.0,334.0
11:53:43,1.69997,101.537557,0,0,0,0,0,0,0,0,288,180,forward,0,0,263.0,1.7000383478883718,101.53757921735354,0.3,329.0
11:53:45,1.69997,101.537557,0,0,0,0,0,0,0,0,288,180,forward,0,0,263.0,1.7000383478883718,101.53757921735354,0.6,352.0
11:53:48,1.69997,101.537557,0,0,0,0,0,0,0,0,288,180,forward,0,0,263.0,1.7000383478883718,101.53757921735354,0.5,49.0
11:53:50,1.69997,101.537557,0,0,0,0,0,0,0,0,288,180,forward,0,0,263.0,1.7000383478883718,101.53757921735354,0.3,26.0
11:53:52,1.699971,101.537557,0,0,0,0,0,0,0,0,288,180,forward,0,0,263.0,1.7000393478883717,101.53757921735354,0.0,11.0
11:53:54,1.69997,101.537557,0,0,0,0,0,0,0,0,288,180,forward,0,0,263.0,1.7000383478883718,101.53757921735354,0.2,28.0
11:53:56,1.69997,101.537557,0,0,0,0,0,0,0,0,288,180,forward,0,0,263.0,1.7000383478883718,101.53757921735354,0.0,332.0
11:53:58,1.69997,101.537557,0,0,0,0,0,0,0,0,288,180,forward,0,0,263.0,1.7000383478883718,101.53757921735354,0.0,242.0
11:54:01,1.69997,101.537557,0,0,0,0,0,0,0,0,288,180,forward,0,0,263.0,1.7000383478883718,101.53757921735354,0.0,178.0
11:54:03,1.69997,101.537556,0,0,0,0,0,0,0,0,288,180,forward,0,0,263.0,1.7000383478883718,101.53757821735353,0.1,218.0
11:54:05,1.699969,101.537556,0,0,0,0,0,0,0,0,288,180,forward,0,0,263.0,1.700037347888372,101.53757821735351,0.1,218.0
11:54:07,1.699969,101.537556,0,0,0,0,0,0,0,0,288,180,forward,0,0,263.0,1.700037347888372,101.53757821735351,0.0,220.0
11:54:09,1.699969,101.537556,0,0,0,0,0,0,0,0,288,180,forward,0,0,263.0,1.700037347888372,101.53757821735351,0.1,233.0
11:54:12,1.699968,101.537556,0,0,0,0,0,0,0,0,288,180,forward,0,0,263.0,1.7000363478883718,101.5375782173535,0.1,233.0
11:54:14,1.699968,101.537556,0,0,0,0,0,0,0,0,288,180,forward,0,0,263.0,1.7000363478883718,101.5375782173535,0.0,233.0
11:54:16,1.699968,101.537555,0,0,0,0,0,0,0,0,288,180,forward,0,0,263.0,1.7000363478883718,101.5375772173535,0.0,220.0
11:54:18,1.699968,101.537555,0,0,0,0,0,0,0,0,288,180,forward,0,0,263.0,1.7000363478883718,101.5375772173535,0.0,229.0
11:54:20,1.699968,101.537555,0,0,0,0,0,0,0,0,288,180,forward,0,0,263.0,1.7000363478883718,101.5375772173535,0.0,223.0
11:54:22,1.699967,101.537555,0,0,0,0,0,0,0,0,288,180,forward,0,0,263.0,1.7000353478883719,101.53757721735349,0.0,217.0
11:54:25,1.699967,101.537555,0,0,0,0,0,0,0,0,288,180,forward,0,0,263.0,1.7000353478883719,101.53757721735349,0.0,131.0
11:54:27,1.699967,101.537555,0,0,0,0,0,0,0,0,288,180,forward,0,0,263.0,1.7000353478883719,101.53757721735349,0.1,140.0
11:54:29,1.699967,101.537555,0,0,0,0,0,0,0,0,288,180,forward,0,0,263.0,1.7000353478883719,101.53757721735349,0.2,264.0
11:54:31,1.699967,101.537555,0,0,0,0,0,0,0,0,288,180,forward,0,0,263.0,1.7000353478883719,101.53757721735349,0.0,266.0
11:54:33,1.699967,101.537555,0,0,0,0,0,0,0,0,288,180,forward,0,0,263.0,1.7000353478883719,101.53757721735349,0.5,220.0
11:54:36,1.699967,101.537555,0,0,0,0,0,0,0,0,288,180,forward,0,0,263.0,1.7000353478883719,101.53757721735349,0.6,228.0
11:54:38,1.699967,101.537556,0,0,0,0,0,0,0,0,288,180,forward,0,0,263.0,1.7000353478883719,101.53757821735348,0.6,230.0
11:54:40,1.699967,101.537556,0,0,0,0,0,0,0,0,288,180,forward,0,0,263.0,1.7000353478883719,101.53757821735348,1.0,252.0
11:54:42,1.699967,101.537557,0,0,0,0,0,0,0,0,288,180,forward,0,0,263.0,1.7000353478883719,101.5375792173535,0.9,353.0
11:54:44,1.699967,101.537557,0,0,0,0,0,0,0,0,288,180,forward,0,0,263.0,1.7000353478883719,101.5375792173535,0.6,270.0
11:54:47,1.699967,101.537558,0,0,0,0,0,0,0,0,288,180,forward,0,0,263.0,1.7000353478883719,101.5375802173535,0.4,265.0
11:54:49,1.699967,101.537558,0,0,0,0,0,0,0,0,288,180,forward,0,0,263.0,1.7000353478883719,101.5375802173535,0.7,279.0
11:54:51,1.699967,101.537558,0,0,0,0,0,0,0,0,288,180,forward,0,0,263.0,1.7000353478883719,101.5375802173535,0.7,258.0
11:54:53,1.699967,101.537559,0,0,0,0,0,0,0,0,288,180,forward,0,0,263.0,1.7000353478883719,101.53758121735349,0.5,242.0
11:54:55,1.699967,101.537559,0,0,0,0,0,0,0,0,288,180,forward,0,0,263.0,1.7000353478883719,101.53758121735349,0.3,238.0
11:54:58,1.699967,101.537559,0,0,0,0,0,0,0,0,288,180,forward,0,0,263.0,1.7000353478883719,101.53758121735349,0.2,243.0
11:55:00,1.699967,101.53756,0,0,0,0,0,0,0,0,288,180,forward,0,0,263.0,1.7000353478883719,101.53758221735349,0.2,242.0
11:55:02,1.699967,101.53756,0,0,0,0,0,0,0,0,288,180,forward,0,0,263.0,1.7000353478883719,101.53758221735349,0.2,243.0
11:55:04,1.699967,101.53756,0,0,0,0,0,0,0,0,288,180,forward,0,0,263.0,1.7000353478883719,101.53758221735349,0.1,273.0
11:55:06,1.699967,101.53756,0,0,0,0,0,0,0,0,288,180,forward,0,0,263.0,1.7000353478883719,101.53758221735349,0.1,258.0
11:55:08,1.699967,101.53756,0,0,0,0,0,0,0,0,288,180,forward,0,0,263.0,1.7000353478883719,101.53758221735349,0.0,229.0
11:55:11,1.699966,101.53756,0,0,0,0,0,0,0,0,288,180,forward,0,0,263.0,1.700034347888372,101.53758221735347,0.0,263.0
11:55:13,1.699966,101.53756,0,0,0,0,0,0,0,0,288,180,forward,0,0,263.0,1.700034347888372,101.53758221735347,0.0,210.0
11:55:15,1.699966,101.53756,0,0,0,0,0,0,0,0,288,180,forward,0,0,263.0,1.700034347888372,101.53758221735347,0.0,213.0
11:55:17,1.699966,101.53756,0,0,0,0,0,0,0,0,288,180,forward,0,0,263.0,1.700034347888372,101.53758221735347,0.0,209.0
11:55:19,1.699966,101.53756,0,0,0,0,0,0,0,0,288,180,forward,0,0,263.0,1.700034347888372,101.53758221735347,0.0,221.0
11:55:22,1.699966,101.53756,0,0,0,0,0,0,0,0,288,180,forward,0,0,263.0,1.700034347888372,101.53758221735347,0.0,214.0
11:55:24,1.699966,101.53756,0,0,0,0,0,0,0,0,288,180,forward,0,0,263.0,1.700034347888372,101.53758221735347,0.0,263.0
11:55:26,1.699966,101.53756,0,0,0,0,0,0,0,0,288,180,forward,0,0,263.0,1.700034347888372,101.53758221735347,0.0,270.0
11:55:28,1.699966,101.53756,0,0,0,0,0,0,0,0,287,180,forward,0,0,263.0,1.7000347250542847,101.53758102060932,0.1,54.0
11:55:30,1.699966,101.53756,0,0,0,0,0,0,0,0,288,180,forward,0,0,263.0,1.700034347888372,101.53758221735347,1.1,200.0
11:55:33,1.699966,101.53756,0,0,0,0,0,0,0,0,288,180,forward,0,0,263.0,1.700034347888372,101.53758221735347,1.7,155.0
11:55:35,1.699966,101.53756,0,0,0,0,0,0,0,0,288,180,forward,0,0,263.0,1.700034347888372,101.53758221735347,1.5,110.0
11:55:37,1.699967,101.53756,0,0,0,0,0,0,0,0,288,180,forward,0,0,263.0,1.7000353478883719,101.53758221735349,1.6,55.0
11:55:39,1.699967,101.537559,0,0,0,0,0,0,0,0,288,180,forward,0,0,263.0,1.7000353478883719,101.53758121735349,1.8,43.0
11:55:41,1.699968,101.537559,0,0,0,0,0,0,0,0,288,180,forward,0,0,263.0,1.7000363478883718,101.5375812173535,1.8,357.0
11:55:44,1.699968,101.537559,0,0,0,0,0,0,0,0,288,180,forward,0,0,263.0,1.7000363478883718,101.5375812173535,1.2,340.0
11:55:46,1.699969,101.537559,0,0,0,0,0,0,0,0,288,180,forward,0,0,263.0,1.700037347888372,101.53758121735352,1.2,155.0
11:55:48,1.699969,101.537559,0,0,0,0,0,0,0,0,288,180,forward,0,0,263.0,1.700037347888372,101.53758121735352,1.2,42.0
11:55:50,1.699969,101.537558,0,0,0,0,0,0,0,0,288,180,forward,0,0,263.0,1.700037347888372,101.53758021735352,1.2,249.0
11:55:52,1.699969,101.537558,0,0,0,0,0,0,0,0,288,180,forward,0,0,263.0,1.700037347888372,101.53758021735352,1.2,73.0
11:55:54,1.699969,101.537558,0,0,0,0,0,0,0,0,288,180,forward,0,0,263.0,1.700037347888372,101.53758021735352,1.2,93.0
11:55:57,1.69997,101.537558,0,0,0,0,0,0,0,0,288,180,forward,0,0,263.0,1.7000383478883718,101.53758021735354,1.1,90.0
11:55:59,1.69997,101.537558,0,0,0,0,0,0,0,0,288,180,forward,0,0,263.0,1.7000383478883718,101.53758021735354,1.2,51.0
11:56:01,1.69997,101.537557,0,0,0,0,0,0,0,0,288,180,forward,0,0,263.0,1.7000383478883718,101.53757921735354,1.0,77.0
11:56:03,1.69997,101.537556,0,0,0,0,0,0,0,0,288,180,forward,0,0,263.0,1.7000383478883718,101.53757821735353,1.0,73.0
11:56:05,1.69997,101.537556,0,0,0,0,0,0,0,0,288,180,forward,0,0,263.0,1.7000383478883718,101.53757821735353,0.9,130.0
11:56:08,1.699971,101.537556,0,0,0,0,0,0,0,0,288,180,forward,0,0,263.0,1.7000393478883717,101.53757821735353,0.6,180.0
11:56:10,1.699971,101.537556,0,0,0,0,0,0,0,0,288,180,forward,0,0,263.0,1.7000393478883717,101.53757821735353,0.6,58.0
11:56:12,1.699971,101.537556,0,0,0,0,0,0,0,0,288,180,forward,0,0,263.0,1.7000393478883717,101.53757821735353,0.9,333.0
11:56:14,1.699971,101.537555,0,0,0,0,0,0,0,0,288,180,forward,0,0,263.0,1.7000393478883717,101.53757721735353,1.0,221.0
11:56:16,1.699971,101.537555,0,0,0,0,0,0,0,0,288,180,forward,0,0,263.0,1.7000393478883717,101.53757721735353,1.1,283.0
11:56:18,1.699971,101.537555,0,0,0,0,0,0,0,0,288,180,forward,0,0,263.0,1.7000393478883717,101.53757721735353,1.1,170.0
11:56:21,1.699971,101.537555,0,0,0,0,0,0,0,0,288,180,forward,0,0,263.0,1.7000393478883717,101.53757721735353,1.3,227.0
11:56:23,1.699971,101.537555,0,0,0,0,0,0,0,0,288,180,forward,0,0,263.0,1.7000393478883717,101.53757721735353,0.9,236.0
11:56:25,1.699971,101.537554,0,0,0,0,0,0,0,0,288,180,forward,0,0,263.0,1.7000393478883717,101.53757621735353,0.8,239.0
11:56:27,1.69997,101.537554,0,0,0,0,0,0,0,0,288,180,forward,0,0,263.0,1.7000383478883718,101.53757621735353,0.6,324.0
11:56:29,1.69997,101.537554,0,0,0,0,0,0,0,0,288,180,forward,0,0,263.0,1.7000383478883718,101.53757621735353,0.8,257.0
11:56:32,1.69997,101.537553,0,0,0,0,0,0,0,0,288,180,forward,0,0,263.0,1.7000383478883718,101.53757521735353,0.6,295.0
11:56:34,1.69997,101.537553,0,0,0,0,0,0,0,0,288,180,forward,0,0,263.0,1.7000383478883718,101.53757521735353,0.3,295.0
11:56:36,1.69997,101.537553,0,0,0,0,0,0,0,0,288,180,forward,0,0,263.0,1.7000383478883718,101.53757521735353,0.6,295.0
11:56:38,1.69997,101.537553,0,0,0,0,0,0,0,0,288,180,forward,0,0,263.0,1.7000383478883718,101.53757521735353,0.1,292.0
11:56:40,1.699969,101.537553,0,0,0,0,0,0,0,0,288,180,forward,0,0,263.0,1.700037347888372,101.53757521735352,0.2,207.0
11:56:43,1.699969,101.537553,0,0,0,0,0,0,0,0,288,180,forward,0,0,263.0,1.700037347888372,101.53757521735352,0.1,174.0
11:56:45,1.699969,101.537553,0,0,0,0,0,0,0,0,288,180,forward,0,0,263.0,1.700037347888372,101.53757521735352,0.0,177.0
11:56:47,1.699969,101.537553,0,0,0,0,0,0,0,0,288,180,forward,0,0,263.0,1.700037347888372,101.53757521735352,0.0,247.0
11:56:49,1.699968,101.537553,0,0,0,0,0,0,0,0,288,180,forward,0,0,263.0,1.7000363478883718,101.5375752173535,0.0,252.0
11:56:51,1.699968,101.537554,0,0,0,0,0,0,0,0,288,180,forward,0,0,263.0,1.7000363478883718,101.5375762173535,0.1,225.0
11:56:53,1.699968,101.537554,0,0,0,0,0,0,0,0,288,180,forward,0,0,263.0,1.7000363478883718,101.5375762173535,0.2,268.0
11:56:56,1.699967,101.537554,0,0,0,0,0,0,0,0,288,180,forward,0,0,263.0,1.7000353478883719,101.53757621735349,0.0,262.0
11:56:58,1.699967,101.537555,0,0,0,0,0,0,0,0,288,180,forward,0,0,263.0,1.7000353478883719,101.53757721735349,0.1,262.0
11:57:00,1.699967,101.537555,0,0,0,0,0,0,0,0,288,180,forward,0,0,263.0,1.7000353478883719,101.53757721735349,0.1,262.0
11:57:02,1.699967,101.537555,0,0,0,0,0,0,0,0,288,180,forward,0,0,263.0,1.7000353478883719,101.53757721735349,0.0,262.0
11:57:04,1.699967,101.537555,0,0,0,0,0,0,0,0,288,180,forward,0,0,263.0,1.7000353478883719,101.53757721735349,0.1,236.0
11:57:07,1.699967,101.537555,0,0,0,0,0,0,0,0,288,180,forward,0,0,263.0,1.7000353478883719,101.53757721735349,0.1,231.0
11:57:09,1.699967,101.537554,0,0,0,0,0,0,0,0,288,180,forward,0,0,263.0,1.7000353478883719,101.53757621735349,0.0,231.0
11:57:11,1.699967,101.537554,0,0,0,0,0,0,0,0,288,180,forward,0,0,263.0,1.7000353478883719,101.53757621735349,0.0,231.0
11:57:13,1.699967,101.537553,0,0,0,0,0,0,0,0,288,180,forward,0,0,263.0,1.7000353478883719,101.53757521735349,0.0,228.0
11:57:15,1.699967,101.537553,0,0,0,0,0,0,0,0,288,180,forward,0,0,263.0,1.7000353478883719,101.53757521735349,0.1,228.0
11:57:18,1.699967,101.537553,0,0,0,0,0,0,0,0,288,180,forward,0,0,263.0,1.7000353478883719,101.53757521735349,0.0,227.0
11:57:20,1.699968,101.537552,0,0,0,0,0,0,0,0,288,180,forward,0,0,263.0,1.7000363478883718,101.53757421735351,0.1,233.0
11:57:22,1.699968,101.537552,0,0,0,0,0,0,0,0,288,180,forward,0,0,263.0,1.7000363478883718,101.53757421735351,0.0,240.0
11:57:24,1.699968,101.537552,0,0,0,0,0,0,0,0,288,180,forward,0,0,263.0,1.7000363478883718,101.53757421735351,0.0,216.0
11:57:26,1.699968,101.537552,0,0,0,0,0,0,0,0,288,180,forward,0,0,263.0,1.7000363478883718,101.53757421735351,0.2,227.0
11:57:29,1.699968,101.537552,0,0,0,0,0,0,0,0,288,180,forward,0,0,263.0,1.7000363478883718,101.53757421735351,0.2,231.0
11:57:31,1.699969,101.537551,0,0,0,0,0,0,0,0,288,180,forward,0,0,263.0,1.700037347888372,101.53757321735351,0.0,235.0
11:57:33,1.699969,101.537551,0,0,0,0,0,0,0,0,288,180,forward,0,0,263.0,1.700037347888372,101.53757321735351,0.1,243.0
11:57:35,1.699969,101.53755,0,0,0,0,0,0,0,0,288,180,forward,0,0,263.0,1.700037347888372,101.53757221735351,0.0,264.0
11:57:37,1.699969,101.53755,0,0,0,0,0,0,0,0,288,180,forward,0,0,263.0,1.700037347888372,101.53757221735351,0.0,259.0
11:57:40,1.699969,101.53755,0,0,0,0,0,0,0,0,288,180,forward,0,0,263.0,1.700037347888372,101.53757221735351,0.0,218.0
11:57:42,1.699969,101.537549,0,0,0,0,0,0,0,0,288,180,forward,0,0,263.0,1.700037347888372,101.53757121735352,0.0,234.0
11:57:44,1.699969,101.537549,0,0,0,0,0,0,0,0,288,180,forward,0,0,263.0,1.700037347888372,101.53757121735352,0.0,251.0
11:57:46,1.699969,101.537549,0,0,0,0,0,0,0,0,288,180,forward,0,0,263.0,1.700037347888372,101.53757121735352,0.0,258.0
11:57:48,1.699969,101.537549,0,0,0,0,0,0,0,0,288,180,forward,0,0,263.0,1.700037347888372,101.53757121735352,0.2,331.0
11:57:51,1.699969,101.537549,0,0,0,0,0,0,0,0,288,180,forward,0,0,263.0,1.700037347888372,101.53757121735352,0.7,279.0
11:57:53,1.699969,101.537549,0,0,0,0,0,0,0,0,288,180,forward,0,0,263.0,1.700037347888372,101.53757121735352,1.0,264.0
11:57:55,1.699969,101.537549,0,0,0,0,0,0,0,0,288,180,forward,0,0,263.0,1.700037347888372,101.53757121735352,0.8,275.0
11:57:57,1.699968,101.537549,0,0,0,0,0,0,0,0,288,180,forward,0,0,263.0,1.7000363478883718,101.5375712173535,0.9,257.0
11:57:59,1.699968,101.537549,0,0,0,0,0,0,0,0,288,180,forward,0,0,263.0,1.7000363478883718,101.5375712173535,0.6,253.0
11:58:02,1.699968,101.537549,0,0,0,0,0,0,0,0,288,180,forward,0,0,263.0,1.7000363478883718,101.5375712173535,0.6,246.0
11:58:04,1.699968,101.537549,0,0,0,0,0,0,0,0,288,180,forward,0,0,263.0,1.7000363478883718,101.5375712173535,0.6,239.0
11:58:06,1.699967,101.53755,0,0,0,0,0,0,0,0,288,180,forward,0,0,263.0,1.7000353478883719,101.53757221735349,0.6,246.0
11:58:08,1.699967,101.53755,0,0,0,0,0,0,0,0,288,180,forward,0,0,263.0,1.7000353478883719,101.53757221735349,0.6,246.0
11:58:10,1.699967,101.53755,0,0,0,0,0,0,0,0,288,180,forward,0,0,263.0,1.7000353478883719,101.53757221735349,0.2,227.0
11:58:13,1.699966,101.537551,0,0,0,0,0,0,0,0,288,180,forward,0,0,263.0,1.700034347888372,101.53757321735347,0.6,200.0
11:58:15,1.699966,101.537551,0,0,0,0,0,0,0,0,288,180,forward,0,0,263.0,1.700034347888372,101.53757321735347,0.6,289.0
11:58:17,1.699966,101.537551,0,0,0,0,0,0,0,0,288,180,forward,0,0,263.0,1.700034347888372,101.53757321735347,0.4,219.0
11:58:19,1.699965,101.537551,0,0,0,0,0,0,0,0,288,180,forward,0,0,263.0,1.7000333478883718,101.53757321735347,0.4,224.0
11:58:21,1.699965,101.537552,0,0,0,0,0,0,0,0,288,180,forward,0,0,263.0,1.7000333478883718,101.53757421735348,0.4,345.0
11:58:24,1.699965,101.537552,0,0,0,0,0,0,0,0,288,180,forward,0,0,263.0,1.7000333478883718,101.53757421735348,0.5,271.0
11:58:26,1.699964,101.537552,0,0,0,0,0,0,0,0,288,180,forward,0,0,263.0,1.7000323478883719,101.53757421735347,0.6,257.0
11:58:28,1.699964,101.537553,0,0,0,0,0,0,0,0,288,180,forward,0,0,263.0,1.7000323478883719,101.53757521735346,0.7,271.0
11:58:30,1.699963,101.537553,0,0,0,0,0,0,0,0,288,180,forward,0,0,263.0,1.7000313478883717,101.53757521735345,1.0,265.0
11:58:32,1.699963,101.537553,0,0,0,0,0,0,0,0,288,180,forward,0,0,263.0,1.7000313478883717,101.53757521735345,1.1,245.0
11:58:35,1.699963,101.537554,0,0,0,0,0,0,0,0,288,180,forward,0,0,263.0,1.7000313478883717,101.53757621735345,1.1,219.0
11:58:37,1.699963,101.537554,0,0,0,0,0,0,0,0,288,180,forward,0,0,263.0,1.7000313478883717,101.53757621735345,0.8,210.0
11:58:39,1.699962,101.537554,0,0,0,0,0,0,0,0,288,180,forward,0,0,263.0,1.7000303478883718,101.53757621735343,0.7,214.0
11:58:41,1.699962,101.537555,0,0,0,0,0,0,0,0,288,180,forward,0,0,263.0,1.7000303478883718,101.53757721735343,0.6,214.0
11:58:43,1.699961,101.537555,0,0,0,0,0,0,0,0,288,180,forward,0,0,263.0,1.700029347888372,101.53757721735342,0.6,216.0
11:58:46,1.699961,101.537556,0,0,0,0,0,0,0,0,288,180,forward,0,0,263.0,1.700029347888372,101.53757821735341,0.3,216.0
11:58:48,1.699961,101.537556,0,0,0,0,0,0,0,0,288,180,forward,0,0,263.0,1.700029347888372,101.53757821735341,0.5,214.0
11:58:50,1.69996,101.537557,0,0,0,0,0,0,0,0,288,180,forward,0,0,263.0,1.7000283478883718,101.53757921735341,0.0,162.0
11:58:52,1.69996,101.537557,0,0,0,0,0,0,0,0,288,180,forward,0,0,263.0,1.7000283478883718,101.53757921735341,0.2,246.0
11:58:54,1.69996,101.537557,0,0,0,0,0,0,0,0,288,180,forward,0,0,263.0,1.7000283478883718,101.53757921735341,0.3,59.0
11:58:57,1.69996,101.537558,0,0,0,0,0,0,0,0,287,180,forward,0,0,263.0,1.7000287250542845,101.53757902060926,0.0,14.0
11:58:59,1.699961,101.537558,0,0,0,0,0,0,0,0,288,180,forward,0,0,263.0,1.700029347888372,101.53758021735342,0.2,304.0
11:59:01,1.699961,101.537558,0,0,0,0,0,0,0,0,288,180,forward,0,0,263.0,1.700029347888372,101.53758021735342,0.4,123.0
11:59:03,1.699962,101.537558,0,0,0,0,0,0,0,0,288,180,forward,0,0,263.0,1.7000303478883718,101.53758021735344,0.2,86.0
11:59:05,1.699962,101.537558,0,0,0,0,0,0,0,0,288,180,forward,0,0,263.0,1.7000303478883718,101.53758021735344,0.5,21.0
11:59:08,1.699962,101.537558,0,0,0,0,0,0,0,0,288,180,forward,0,0,263.0,1.7000303478883718,101.53758021735344,0.2,352.0
11:59:10,1.699963,101.537558,0,0,0,0,0,0,0,0,288,180,forward,0,0,263.0,1.7000313478883717,101.53758021735345,0.0,68.0
11:59:12,1.699963,101.537558,0,0,0,0,0,0,0,0,288,180,forward,0,0,263.0,1.7000313478883717,101.53758021735345,0.1,348.0
11:59:14,1.699963,101.537558,0,0,0,0,0,0,0,0,288,180,forward,0,0,263.0,1.7000313478883717,101.53758021735345,0.1,59.0
11:59:16,1.699963,101.537558,0,0,0,0,0,0,0,0,288,180,forward,0,0,263.0,1.7000313478883717,101.53758021735345,0.3,23.0
11:59:19,1.699963,101.537559,0,0,0,0,0,0,0,0,288,180,forward,0,0,263.0,1.7000313478883717,101.53758121735345,0.0,326.0
11:59:21,1.699963,101.537559,0,0,0,0,0,0,0,0,288,180,forward,0,0,263.0,1.7000313478883717,101.53758121735345,0.2,322.0
11:59:23,1.699963,101.537559,0,0,0,0,0,0,0,0,288,180,forward,0,0,263.0,1.7000313478883717,101.53758121735345,0.1,312.0
11:59:25,1.699963,101.537559,0,0,0,0,0,0,0,0,288,180,forward,0,0,263.0,1.7000313478883717,101.53758121735345,0.0,314.0
11:59:27,1.699963,101.537559,0,0,0,0,0,0,0,0,288,180,forward,0,0,263.0,1.7000313478883717,101.53758121735345,0.0,314.0
11:59:30,1.699964,101.537559,0,0,0,0,0,0,0,0,288,180,forward,0,0,263.0,1.7000323478883719,101.53758121735346,0.0,315.0
11:59:32,1.699964,101.537559,0,0,0,0,0,0,0,0,288,180,forward,0,0,263.0,1.7000323478883719,101.53758121735346,0.0,356.0
11:59:34,1.699964,101.537559,0,0,0,0,0,0,0,0,288,180,forward,0,0,263.0,1.7000323478883719,101.53758121735346,0.2,336.0
11:59:36,1.699964,101.537558,0,0,0,0,0,0,0,0,288,180,forward,0,0,263.0,1.7000323478883719,101.53758021735347,0.3,315.0
11:59:38,1.699964,101.537558,0,0,0,0,0,0,0,0,288,180,forward,0,0,263.0,1.7000323478883719,101.53758021735347,0.6,330.0
11:59:41,1.699964,101.537558,0,0,0,0,0,0,0,0,288,180,forward,0,0,263.0,1.7000323478883719,101.53758021735347,0.3,28.0
11:59:43,1.699965,101.537558,0,0,0,0,0,0,0,0,288,180,forward,0,0,263.0,1.7000333478883718,101.53758021735348,0.6,19.0
11:59:45,1.699965,101.537558,0,0,0,0,0,0,0,0,288,180,forward,0,0,263.0,1.7000333478883718,101.53758021735348,0.6,334.0
11:59:47,1.699965,101.537557,0,0,0,0,0,0,0,0,288,180,forward,0,0,263.0,1.7000333478883718,101.53757921735348,0.4,342.0
11:59:49,1.699965,101.537557,0,0,0,0,0,0,0,0,288,180,forward,0,0,263.0,1.7000333478883718,101.53757921735348,0.0,272.0
11:59:52,1.699965,101.537557,0,0,0,0,0,0,0,0,288,180,forward,0,0,263.0,1.7000333478883718,101.53757921735348,0.2,350.0
11:59:54,1.699966,101.537556,0,0,0,0,0,0,0,0,288,180,forward,0,0,263.0,1.700034347888372,101.53757821735347,0.6,153.0
11:59:56,1.699966,101.537556,0,0,0,0,0,0,0,0,288,180,forward,0,0,263.0,1.700034347888372,101.53757821735347,0.6,36.0
11:59:58,1.699966,101.537556,0,0,0,0,0,0,0,0,288,180,forward,0,0,263.0,1.700034347888372,101.53757821735347,0.6,42.0
12:00:00,1.699966,101.537555,0,0,0,0,0,0,0,0,288,180,forward,0,0,263.0,1.700034347888372,101.53757721735347,0.8,52.0
12:00:03,1.699966,101.537555,0,0,0,0,0,0,0,0,288,180,forward,0,0,263.0,1.700034347888372,101.53757721735347,0.6,75.0
12:00:05,1.699966,101.537555,0,0,0,0,0,0,0,0,288,180,forward,0,0,263.0,1.700034347888372,101.53757721735347,0.7,75.0
12:00:07,1.699966,101.537554,0,0,0,0,0,0,0,0,288,180,forward,0,0,263.0,1.700034347888372,101.53757621735348,1.0,256.0
12:00:09,1.699966,101.537554,0,0,0,0,0,0,0,0,288,180,forward,0,0,263.0,1.700034347888372,101.53757621735348,1.2,66.0
12:00:11,1.699966,101.537554,0,0,0,0,0,0,0,0,288,180,forward,0,0,263.0,1.700034347888372,101.53757621735348,0.7,31.0
12:00:14,1.699966,101.537554,0,0,0,0,0,0,0,0,288,180,forward,0,0,263.0,1.700034347888372,101.53757621735348,0.8,47.0
12:00:16,1.699967,101.537554,0,0,0,0,0,0,0,0,288,180,forward,0,0,263.0,1.7000353478883719,101.53757621735349,0.6,86.0
12:00:18,1.699967,101.537553,0,0,0,0,0,0,0,0,288,180,forward,0,0,263.0,1.7000353478883719,101.53757521735349,0.4,97.0
12:00:20,1.699967,101.537553,0,0,0,0,0,0,0,0,288,180,forward,0,0,263.0,1.7000353478883719,101.53757521735349,0.3,88.0
12:00:22,1.699967,101.537552,0,0,0,0,0,0,0,0,288,180,forward,0,0,263.0,1.7000353478883719,101.5375742173535,0.4,96.0
12:00:25,1.699968,101.537552,0,0,0,0,0,0,0,0,288,180,forward,0,0,263.0,1.7000363478883718,101.53757421735351,0.5,81.0
12:00:27,1.699968,101.537552,0,0,0,0,0,0,0,0,288,180,forward,0,0,263.0,1.7000363478883718,101.53757421735351,0.2,48.0
12:00:29,1.699968,101.537551,0,0,0,0,0,0,0,0,288,180,forward,0,0,263.0,1.7000363478883718,101.5375732173535,0.6,61.0
12:00:31,1.699968,101.537551,0,0,0,0,0,0,0,0,288,180,forward,0,0,263.0,1.7000363478883718,101.5375732173535,0.2,346.0
12:00:33,1.699968,101.53755,0,0,0,0,0,0,0,0,288,180,forward,0,0,263.0,1.7000363478883718,101.5375722173535,0.2,45.0
12:00:36,1.699969,101.53755,0,0,0,0,0,0,0,0,288,180,forward,0,0,263.0,1.700037347888372,101.53757221735351,0.0,21.0
12:00:38,1.699969,101.53755,0,0,0,0,0,0,0,0,288,180,forward,0,0,263.0,1.700037347888372,101.53757221735351,0.1,345.0
12:00:40,1.69997,101.537549,0,0,0,0,0,0,0,0,288,180,forward,0,0,263.0,1.7000383478883718,101.53757121735353,0.1,134.0
12:00:42,1.69997,101.537549,0,0,0,0,0,0,0,0,288,180,forward,0,0,263.0,1.7000383478883718,101.53757121735353,0.0,110.0
12:00:44,1.69997,101.537549,0,0,0,0,0,0,0,0,288,180,forward,0,0,263.0,1.7000383478883718,101.53757121735353,0.0,317.0
12:00:47,1.699971,101.537549,0,0,0,0,0,0,0,0,288,180,forward,0,0,263.0,1.7000393478883717,101.53757121735353,0.0,327.0
12:00:49,1.699971,101.537549,0,0,0,0,0,0,0,0,288,180,forward,0,0,263.0,1.7000393478883717,101.53757121735353,0.1,18.0
12:00:51,1.699971,101.537548,0,0,0,0,0,0,0,0,288,180,forward,0,0,263.0,1.7000393478883717,101.53757021735353,0.3,60.0
12:00:53,1.699971,101.537548,0,0,0,0,0,0,0,0,288,180,forward,0,0,263.0,1.7000393478883717,101.53757021735353,0.0,64.0
12:00:55,1.699971,101.537548,0,0,0,0,0,0,0,0,288,180,forward,0,0,263.0,1.7000393478883717,101.53757021735353,0.0,62.0
12:00:58,1.699971,101.537549,0,0,0,0,0,0,0,0,288,180,forward,0,0,263.0,1.7000393478883717,101.53757121735353,0.0,59.0
12:01:00,1.699971,101.537549,0,0,0,0,0,0,0,0,288,180,forward,0,0,263.0,1.7000393478883717,101.53757121735353,0.0,33.0
12:01:02,1.699971,101.537549,0,0,0,0,0,0,0,0,288,180,forward,0,0,263.0,1.7000393478883717,101.53757121735353,0.2,256.0
12:01:04,1.699971,101.537549,0,0,0,0,0,0,0,0,288,180,forward,0,0,263.0,1.7000393478883717,101.53757121735353,0.0,245.0
12:01:06,1.699971,101.537549,0,0,0,0,0,0,0,0,288,180,forward,0,0,263.0,1.7000393478883717,101.53757121735353,0.0,241.0
12:01:09,1.69997,101.537549,0,0,0,0,0,0,0,0,288,180,forward,0,0,263.0,1.7000383478883718,101.53757121735353,0.0,205.0
12:01:11,1.69997,101.53755,0,0,0,0,0,0,0,0,288,180,forward,0,0,263.0,1.7000383478883718,101.53757221735353,1.0,41.0
12:01:13,1.699969,101.53755,0,0,0,0,0,0,0,0,288,180,forward,0,0,263.0,1.700037347888372,101.53757221735351,1.2,57.0
12:01:15,1.699969,101.53755,0,0,0,0,0,0,0,0,288,180,forward,0,0,263.0,1.700037347888372,101.53757221735351,1.1,110.0
12:01:17,1.699968,101.53755,0,0,0,0,0,0,0,0,288,180,forward,0,0,263.0,1.7000363478883718,101.5375722173535,1.0,110.0
12:01:20,1.699968,101.53755,0,0,0,0,0,0,0,0,288,180,forward,0,0,263.0,1.7000363478883718,101.5375722173535,1.0,79.0
12:01:22,1.699968,101.537551,0,0,0,0,0,0,0,0,288,180,forward,0,0,263.0,1.7000363478883718,101.5375732173535,0.8,78.0
12:01:24,1.699968,101.537552,0,0,0,0,0,0,0,0,288,180,forward,0,0,263.0,1.7000363478883718,101.53757421735351,1.5,58.0
12:01:26,1.699967,101.537552,0,0,0,0,0,0,0,0,288,180,forward,0,0,263.0,1.7000353478883719,101.5375742173535,1.3,50.0
12:01:28,1.699967,101.537553,0,0,0,0,0,0,0,0,288,180,forward,0,0,263.0,1.7000353478883719,101.53757521735349,1.2,141.0
12:01:31,1.699967,101.537553,0,0,0,0,0,0,0,0,288,180,forward,0,0,263.0,1.7000353478883719,101.53757521735349,1.0,100.0
12:01:33,1.699967,101.537553,0,0,0,0,0,0,0,0,288,180,forward,0,0,263.0,1.7000353478883719,101.53757521735349,0.9,88.0
12:01:35,1.699966,101.537553,0,0,0,0,0,0,0,0,288,180,forward,0,0,263.0,1.700034347888372,101.53757521735348,0.8,65.0
12:01:37,1.699966,101.537553,0,0,0,0,0,0,0,0,288,180,forward,0,0,263.0,1.700034347888372,101.53757521735348,0.8,102.0
12:01:39,1.699966,101.537553,0,0,0,0,0,0,0,0,288,180,forward,0,0,263.0,1.700034347888372,101.53757521735348,0.9,98.0
12:01:42,1.699966,101.537554,0,0,0,0,0,0,0,0,288,180,forward,0,0,263.0,1.700034347888372,101.53757621735348,0.8,105.0
12:01:44,1.699966,101.537554,0,0,0,0,0,0,0,0,288,180,forward,0,0,263.0,1.700034347888372,101.53757621735348,0.8,102.0
12:01:46,1.699966,101.537554,0,0,0,0,0,0,0,0,288,180,forward,0,0,263.0,1.700034347888372,101.53757621735348,0.5,89.0
12:01:48,1.699966,101.537554,0,0,0,0,0,0,0,0,288,180,forward,0,0,263.0,1.700034347888372,101.53757621735348,0.7,90.0
12:01:50,1.699966,101.537554,0,0,0,0,0,0,0,0,288,180,forward,0,0,263.0,1.700034347888372,101.53757621735348,0.8,94.0
12:01:53,1.699967,101.537554,0,0,0,0,0,0,0,0,288,180,forward,0,0,263.0,1.7000353478883719,101.53757621735349,0.6,91.0
12:01:55,1.699967,101.537554,0,0,0,0,0,0,0,0,288,180,forward,0,0,263.0,1.7000353478883719,101.53757621735349,0.6,88.0
12:01:57,1.699968,101.537554,0,0,0,0,0,0,0,0,288,180,forward,0,0,263.0,1.7000363478883718,101.5375762173535,0.6,98.0
12:01:59,1.699968,101.537554,0,0,0,0,0,0,0,0,288,180,forward,0,0,263.0,1.7000363478883718,101.5375762173535,0.6,89.0
12:02:01,1.699969,101.537553,0,0,0,0,0,0,0,0,288,180,forward,0,0,263.0,1.700037347888372,101.53757521735352,0.7,110.0
12:02:04,1.699969,101.537553,0,0,0,0,0,0,0,0,288,180,forward,0,0,263.0,1.700037347888372,101.53757521735352,0.6,110.0
12:02:06,1.69997,101.537553,0,0,0,0,0,0,0,0,288,180,forward,0,0,263.0,1.7000383478883718,101.53757521735353,0.5,105.0
12:02:08,1.69997,101.537552,0,0,0,0,0,0,0,0,288,180,forward,0,0,263.0,1.7000383478883718,101.53757421735354,0.7,107.0
12:02:10,1.699971,101.537552,0,0,0,0,0,0,0,0,288,180,forward,0,0,263.0,1.7000393478883717,101.53757421735354,0.6,98.0
12:02:12,1.699971,101.537552,0,0,0,0,0,0,0,0,288,180,forward,0,0,263.0,1.7000393478883717,101.53757421735354,0.9,13.0
12:02:15,1.699972,101.537552,0,0,0,0,0,0,0,0,288,180,forward,0,0,263.0,1.7000403478883719,101.53757421735355,0.6,350.0
12:02:17,1.699972,101.537552,0,0,0,0,0,0,0,0,288,180,forward,0,0,263.0,1.7000403478883719,101.53757421735355,0.6,351.0
12:02:19,1.699972,101.537552,0,0,0,0,0,0,0,0,288,180,forward,0,0,263.0,1.7000403478883719,101.53757421735355,0.6,355.0
12:02:21,1.699972,101.537551,0,0,0,0,0,0,0,0,288,180,forward,0,0,263.0,1.7000403478883719,101.53757321735354,0.4,330.0
12:02:23,1.699972,101.537551,0,0,0,0,0,0,0,0,288,180,forward,0,0,263.0,1.7000403478883719,101.53757321735354,0.6,334.0
12:02:26,1.699972,101.537551,0,0,0,0,0,0,0,0,288,180,forward,0,0,263.0,1.7000403478883719,101.53757321735354,0.7,349.0
12:02:28,1.699972,101.537551,0,0,0,0,0,0,0,0,288,180,forward,0,0,263.0,1.7000403478883719,101.53757321735354,0.5,335.0
12:02:30,1.699972,101.53755,0,0,0,0,0,0,0,0,288,180,forward,0,0,263.0,1.7000403478883719,101.53757221735354,0.6,285.0
12:02:32,1.699971,101.53755,0,0,0,0,0,0,0,0,287,180,forward,0,0,263.0,1.7000397250542845,101.53757102060936,0.7,217.0
12:02:34,1.699971,101.53755,0,0,0,0,0,0,0,0,288,180,forward,0,0,263.0,1.7000393478883717,101.53757221735353,0.7,273.0
12:02:37,1.699971,101.53755,0,0,0,0,0,0,0,0,288,180,forward,0,0,263.0,1.7000393478883717,101.53757221735353,0.8,345.0
12:02:39,1.69997,101.53755,0,0,0,0,0,0,0,0,288,180,forward,0,0,263.0,1.7000383478883718,101.53757221735353,0.7,23.0
12:02:41,1.699969,101.53755,0,0,0,0,0,0,0,0,288,180,forward,0,0,263.0,1.700037347888372,101.53757221735351,0.8,335.0
12:02:43,1.699969,101.53755,0,0,0,0,0,0,0,0,288,180,forward,0,0,263.0,1.700037347888372,101.53757221735351,0.8,353.0
12:02:45,1.699968,101.53755,0,0,0,0,0,0,0,0,288,180,forward,0,0,263.0,1.7000363478883718,101.5375722173535,0.8,343.0
12:02:48,1.699968,101.53755,0,0,0,0,0,0,0,0,288,180,forward,0,0,263.0,1.7000363478883718,101.5375722173535,0.7,326.0
12:02:50,1.699968,101.53755,0,0,0,0,0,0,0,0,288,180,forward,0,0,263.0,1.7000363478883718,101.5375722173535,0.8,83.0
12:02:52,1.699967,101.53755,0,0,0,0,0,0,0,0,288,180,forward,0,0,263.0,1.7000353478883719,101.53757221735349,0.6,169.0
12:02:54,1.699967,101.53755,0,0,0,0,0,0,0,0,288,180,forward,0,0,263.0,1.7000353478883719,101.53757221735349,0.6,144.0
12:02:56,1.699967,101.537551,0,0,0,0,0,0,0,0,288,180,forward,0,0,263.0,1.7000353478883719,101.53757321735348,0.8,145.0
12:02:59,1.699967,101.537551,0,0,0,0,0,0,0,0,288,180,forward,0,0,263.0,1.7000353478883719,101.53757321735348,0.8,146.0
12:03:01,1.699967,101.537552,0,0,0,0,0,0,0,0,288,180,forward,0,0,263.0,1.7000353478883719,101.5375742173535,0.7,159.0
12:03:03,1.699967,101.537552,0,0,0,0,0,0,0,0,288,180,forward,0,0,263.0,1.7000353478883719,101.5375742173535,0.4,159.0
12:03:05,1.699968,101.537553,0,0,0,0,0,0,0,0,288,180,forward,0,0,263.0,1.7000363478883718,101.5375752173535,0.6,162.0
12:03:07,1.699968,101.537553,0,0,0,0,0,0,0,0,288,180,forward,0,0,263.0,1.7000363478883718,101.5375752173535,0.6,163.0
12:03:10,1.699968,101.537554,0,0,0,0,0,0,0,0,288,180,forward,0,0,263.0,1.7000363478883718,101.5375762173535,0.4,230.0
12:03:12,1.699968,101.537554,0,0,0,0,0,0,0,0,288,180,forward,0,0,263.0,1.7000363478883718,101.5375762173535,0.5,55.0
12:03:14,1.699968,101.537554,0,0,0,0,0,0,0,0,288,180,forward,0,0,263.0,1.7000363478883718,101.5375762173535,0.6,37.0
12:03:16,1.699969,101.537554,0,0,0,0,0,0,0,0,288,180,forward,0,0,263.0,1.700037347888372,101.53757621735352,0.5,336.0
12:03:18,1.699969,101.537554,0,0,0,0,0,0,0,0,288,180,forward,0,0,263.0,1.700037347888372,101.53757621735352,0.4,40.0
12:03:21,1.699969,101.537554,0,0,0,0,0,0,0,0,288,180,forward,0,0,263.0,1.700037347888372,101.53757621735352,0.6,301.0
12:03:23,1.699969,101.537555,0,0,0,0,0,0,0,0,288,180,forward,0,0,263.0,1.700037347888372,101.53757721735352,0.6,209.0
12:03:25,1.699969,101.537555,0,0,0,0,0,0,0,0,288,180,forward,0,0,263.0,1.700037347888372,101.53757721735352,0.5,245.0
12:03:27,1.699969,101.537555,0,0,0,0,0,0,0,0,288,180,forward,0,0,263.0,1.700037347888372,101.53757721735352,0.4,247.0
12:03:29,1.699969,101.537555,0,0,0,0,0,0,0,0,288,180,forward,0,0,263.0,1.700037347888372,101.53757721735352,0.5,251.0
12:03:32,1.699969,101.537556,0,0,0,0,0,0,0,0,288,180,forward,0,0,263.0,1.700037347888372,101.53757821735351,0.4,256.0
12:03:34,1.69997,101.537556,0,0,0,0,0,0,0,0,288,180,forward,0,0,263.0,1.7000383478883718,101.53757821735353,0.6,256.0
12:03:36,1.69997,101.537556,0,0,0,0,0,0,0,0,288,180,forward,0,0,263.0,1.7000383478883718,101.53757821735353,0.4,259.0
12:03:38,1.69997,101.537557,0,0,0,0,0,0,0,0,288,180,forward,0,0,263.0,1.7000383478883718,101.53757921735354,0.7,252.0
12:03:40,1.69997,101.537557,0,0,0,0,0,0,0,0,288,180,forward,0,0,263.0,1.7000383478883718,101.53757921735354,0.8,284.0
12:03:43,1.69997,101.537557,0,0,0,0,0,0,0,0,288,180,forward,0,0,263.0,1.7000383478883718,101.53757921735354,0.7,295.0
12:03:45,1.699969,101.537557,0,0,0,0,0,0,0,0,288,180,forward,0,0,263.0,1.700037347888372,101.53757921735352,0.7,250.0
12:03:47,1.69997,101.537557,0,0,0,0,0,0,0,0,288,180,forward,0,0,263.0,1.7000383478883718,101.53757921735354,0.6,246.0
12:03:49,1.699969,101.537558,0,0,0,0,0,0,0,0,288,180,forward,0,0,263.0,1.700037347888372,101.53758021735352,0.6,246.0
12:03:51,1.699969,101.537558,0,0,0,0,0,0,0,0,288,180,forward,0,0,263.0,1.700037347888372,101.53758021735352,1.0,246.0
12:03:54,1.699969,101.537558,0,0,0,0,0,0,0,0,288,180,forward,0,0,263.0,1.700037347888372,101.53758021735352,0.6,247.0
12:03:56,1.699969,101.537559,0,0,0,0,0,0,0,0,288,180,forward,0,0,263.0,1.700037347888372,101.53758121735352,0.6,247.0
12:03:58,1.699969,101.537559,0,0,0,0,0,0,0,0,288,180,forward,0,0,263.0,1.700037347888372,101.53758121735352,0.6,224.0
12:04:00,1.699969,101.537559,0,0,0,0,0,0,0,0,288,180,forward,0,0,263.0,1.700037347888372,101.53758121735352,0.5,221.0
12:04:02,1.699969,101.537559,0,0,0,0,0,0,0,0,288,180,forward,0,0,263.0,1.700037347888372,101.53758121735352,0.5,226.0
12:04:05,1.699969,101.537559,0,0,0,0,0,0,0,0,288,180,forward,0,0,263.0,1.700037347888372,101.53758121735352,0.4,229.0
12:04:07,1.699969,101.537559,0,0,0,0,0,0,0,0,288,180,forward,0,0,263.0,1.700037347888372,101.53758121735352,0.2,243.0
12:04:09,1.699969,101.537559,0,0,0,0,0,0,0,0,288,180,forward,0,0,263.0,1.700037347888372,101.53758121735352,0.3,250.0
12:04:11,1.699969,101.53756,0,0,0,0,0,0,0,0,288,180,forward,0,0,263.0,1.700037347888372,101.53758221735352,0.4,253.0
12:04:13,1.699969,101.53756,0,0,0,0,0,0,0,0,288,180,forward,0,0,263.0,1.700037347888372,101.53758221735352,0.8,303.0
12:04:16,1.69997,101.53756,0,0,0,0,0,0,0,0,288,180,forward,0,0,263.0,1.7000383478883718,101.53758221735353,0.6,79.0
12:04:18,1.69997,101.53756,0,0,0,0,0,0,0,0,288,180,forward,0,0,263.0,1.7000383478883718,101.53758221735353,1.1,131.0
12:04:20,1.69997,101.53756,0,0,0,0,0,0,0,0,288,180,forward,0,0,263.0,1.7000383478883718,101.53758221735353,1.3,309.0
12:04:22,1.69997,101.53756,0,0,0,0,0,0,0,0,288,180,forward,0,0,263.0,1.7000383478883718,101.53758221735353,1.0,275.0
12:04:24,1.69997,101.53756,0,0,0,0,0,0,0,0,288,180,forward,0,0,263.0,1.7000383478883718,101.53758221735353,0.8,283.0
12:04:27,1.69997,101.53756,0,0,0,0,0,0,0,0,288,180,forward,0,0,263.0,1.7000383478883718,101.53758221735353,0.8,276.0
12:04:29,1.69997,101.53756,0,0,0,0,0,0,0,0,288,180,forward,0,0,263.0,1.7000383478883718,101.53758221735353,0.6,300.0
12:04:31,1.69997,101.53756,0,0,0,0,0,0,0,0,288,180,forward,0,0,263.0,1.7000383478883718,101.53758221735353,0.8,278.0
12:04:33,1.69997,101.53756,0,0,0,0,0,0,0,0,288,180,forward,0,0,263.0,1.7000383478883718,101.53758221735353,0.6,278.0
12:04:35,1.69997,101.537559,0,0,0,0,0,0,0,0,288,180,forward,0,0,263.0,1.7000383478883718,101.53758121735353,0.2,276.0
12:04:37,1.69997,101.537559,0,0,0,0,0,0,0,0,288,180,forward,0,0,263.0,1.7000383478883718,101.53758121735353,0.6,277.0
12:04:40,1.69997,101.537559,0,0,0,0,0,0,0,0,288,180,forward,0,0,263.0,1.7000383478883718,101.53758121735353,0.2,278.0
12:04:42,1.69997,101.537559,0,0,0,0,0,0,0,0,288,180,forward,0,0,263.0,1.7000383478883718,101.53758121735353,0.4,291.0
12:04:44,1.69997,101.537559,0,0,0,0,0,0,0,0,288,180,forward,0,0,263.0,1.7000383478883718,101.53758121735353,0.5,275.0
12:04:46,1.699969,101.537559,0,0,0,0,0,0,0,0,288,180,forward,0,0,263.0,1.700037347888372,101.53758121735352,0.5,274.0
12:04:48,1.699969,101.537558,0,0,0,0,0,0,0,0,288,180,forward,0,0,263.0,1.700037347888372,101.53758021735352,0.6,260.0
12:04:51,1.699969,101.537558,0,0,0,0,0,0,0,0,288,180,forward,0,0,263.0,1.700037347888372,101.53758021735352,0.5,258.0
12:04:53,1.69997,101.537558,0,0,0,0,0,0,0,0,288,180,forward,0,0,263.0,1.7000383478883718,101.53758021735354,0.3,258.0
12:04:55,1.69997,101.537558,0,0,0,0,0,0,0,0,288,180,forward,0,0,263.0,1.7000383478883718,101.53758021735354,0.2,279.0
12:04:57,1.69997,101.537557,0,0,0,0,0,0,0,0,288,180,forward,0,0,263.0,1.7000383478883718,101.53757921735354,0.4,278.0
12:04:59,1.69997,101.537557,0,0,0,0,0,0,0,0,288,180,forward,0,0,263.0,1.7000383478883718,101.53757921735354,0.4,279.0
12:05:01,1.69997,101.537556,0,0,0,0,0,0,0,0,288,180,forward,0,0,263.0,1.7000383478883718,101.53757821735353,0.5,279.0
12:05:04,1.69997,101.537556,0,0,0,0,0,0,0,0,288,180,forward,0,0,263.0,1.7000383478883718,101.53757821735353,0.1,275.0
12:05:06,1.69997,101.537556,0,0,0,0,0,0,0,0,288,180,forward,0,0,263.0,1.7000383478883718,101.53757821735353,0.0,288.0
12:05:08,1.69997,101.537555,0,0,0,0,0,0,0,0,288,180,forward,0,0,263.0,1.7000383478883718,101.53757721735353,0.0,287.0
12:05:10,1.69997,101.537555,0,0,0,0,0,0,0,0,288,180,forward,0,0,263.0,1.7000383478883718,101.53757721735353,0.1,288.0
12:05:12,1.69997,101.537555,0,0,0,0,0,0,0,0,288,180,forward,0,0,263.0,1.7000383478883718,101.53757721735353,0.3,296.0
12:05:15,1.69997,101.537555,0,0,0,0,0,0,0,0,288,180,forward,0,0,263.0,1.7000383478883718,101.53757721735353,0.5,292.0
12:05:17,1.69997,101.537554,0,0,0,0,0,0,0,0,288,180,forward,0,0,263.0,1.7000383478883718,101.53757621735353,0.6,292.0
12:05:19,1.69997,101.537554,0,0,0,0,0,0,0,0,288,180,forward,0,0,263.0,1.7000383478883718,101.53757621735353,0.6,291.0
12:05:21,1.699969,101.537554,0,0,0,0,0,0,0,0,288,180,forward,0,0,263.0,1.700037347888372,101.53757621735352,0.6,291.0
12:05:23,1.699969,101.537554,0,0,0,0,0,0,0,0,288,180,forward,0,0,263.0,1.700037347888372,101.53757621735352,0.6,292.0
12:05:26,1.699969,101.537554,0,0,0,0,0,0,0,0,288,180,forward,0,0,263.0,1.700037347888372,101.53757621735352,0.4,292.0
12:05:28,1.699968,101.537554,0,0,0,0,0,0,0,0,288,180,forward,0,0,263.0,1.7000363478883718,101.5375762173535,0.2,294.0
12:05:30,1.699968,101.537554,0,0,0,0,0,0,0,0,288,180,forward,0,0,263.0,1.7000363478883718,101.5375762173535,0.6,299.0
12:05:32,1.699968,101.537554,0,0,0,0,0,0,0,0,288,180,forward,0,0,263.0,1.7000363478883718,101.5375762173535,0.2,317.0
12:05:34,1.699968,101.537554,0,0,0,0,0,0,0,0,288,180,forward,0,0,263.0,1.7000363478883718,101.5375762173535,0.6,327.0
12:05:37,1.699968,101.537554,0,0,0,0,0,0,0,0,288,180,forward,0,0,263.0,1.7000363478883718,101.5375762173535,0.4,328.0
12:05:39,1.699968,101.537554,0,0,0,0,0,0,0,0,288,180,forward,0,0,263.0,1.7000363478883718,101.5375762173535,0.3,310.0
12:05:41,1.699968,101.537554,0,0,0,0,0,0,0,0,288,180,forward,0,0,263.0,1.7000363478883718,101.5375762173535,0.6,340.0
12:05:43,1.699968,101.537554,0,0,0,0,0,0,0,0,288,180,forward,0,0,263.0,1.7000363478883718,101.5375762173535,0.6,81.0
12:05:45,1.699968,101.537554,0,0,0,0,0,0,0,0,288,180,forward,0,0,263.0,1.7000363478883718,101.5375762173535,0.6,79.0
12:05:48,1.699968,101.537553,0,0,0,0,0,0,0,0,288,180,forward,0,0,263.0,1.7000363478883718,101.5375752173535,1.2,60.0
12:05:50,1.699968,101.537553,0,0,0,0,0,0,0,0,288,180,forward,0,0,263.0,1.7000363478883718,101.5375752173535,0.9,63.0
12:05:52,1.699968,101.537553,0,0,0,0,0,0,0,0,288,180,forward,0,0,263.0,1.7000363478883718,101.5375752173535,0.8,68.0
12:05:54,1.699969,101.537553,0,0,0,0,0,0,0,0,288,180,forward,0,0,263.0,1.700037347888372,101.53757521735352,0.7,9.0
12:05:56,1.699969,101.537552,0,0,0,0,0,0,0,0,288,180,forward,0,0,263.0,1.700037347888372,101.53757421735352,0.8,21.0
12:05:59,1.69997,101.537552,0,0,0,0,0,0,0,0,288,180,forward,0,0,263.0,1.7000383478883718,101.53757421735354,0.8,36.0
12:06:01,1.69997,101.537552,0,0,0,0,0,0,0,0,288,180,forward,0,0,263.0,1.7000383478883718,101.53757421735354,0.6,95.0
12:06:03,1.699971,101.537552,0,0,0,0,0,0,0,0,288,180,forward,0,0,263.0,1.7000393478883717,101.53757421735354,0.6,160.0
12:06:05,1.699971,101.537552,0,0,0,0,0,0,0,0,288,180,forward,0,0,263.0,1.7000393478883717,101.53757421735354,0.5,277.0
12:06:07,1.699971,101.537552,0,0,0,0,0,0,0,0,288,180,forward,0,0,263.0,1.7000393478883717,101.53757421735354,0.4,12.0
12:06:10,1.699971,101.537552,0,0,0,0,0,0,0,0,288,180,forward,0,0,263.0,1.7000393478883717,101.53757421735354,0.6,5.0
12:06:12,1.699971,101.537552,0,0,0,0,0,0,0,0,288,180,forward,0,0,263.0,1.7000393478883717,101.53757421735354,0.8,321.0
12:06:14,1.699971,101.537552,0,0,0,0,0,0,0,0,288,180,forward,0,0,263.0,1.7000393478883717,101.53757421735354,0.5,0.0
12:06:16,1.699971,101.537552,0,0,0,0,0,0,0,0,288,180,forward,0,0,263.0,1.7000393478883717,101.53757421735354,0.5,19.0
12:06:18,1.699971,101.537552,0,0,0,0,0,0,0,0,288,180,forward,0,0,263.0,1.7000393478883717,101.53757421735354,0.4,16.0
12:06:21,1.699971,101.537552,0,0,0,0,0,0,0,0,288,180,forward,0,0,263.0,1.7000393478883717,101.53757421735354,0.5,352.0
12:06:23,1.699971,101.537552,0,0,0,0,0,0,0,0,288,180,forward,0,0,263.0,1.7000393478883717,101.53757421735354,0.7,15.0
12:06:25,1.699972,101.537552,0,0,0,0,0,0,0,0,288,180,forward,0,0,263.0,1.7000403478883719,101.53757421735355,0.6,18.0
12:06:27,1.699972,101.537552,0,0,0,0,0,0,0,0,288,180,forward,0,0,263.0,1.7000403478883719,101.53757421735355,0.5,93.0
12:06:29,1.699972,101.537552,0,0,0,0,0,0,0,0,288,180,forward,0,0,263.0,1.7000403478883719,101.53757421735355,0.3,102.0
12:06:32,1.699972,101.537552,0,0,0,0,0,0,0,0,288,180,forward,0,0,263.0,1.7000403478883719,101.53757421735355,0.5,89.0
12:06:34,1.699972,101.537552,0,0,0,0,0,0,0,0,288,180,forward,0,0,263.0,1.7000403478883719,101.53757421735355,0.6,87.0
12:06:36,1.699972,101.537552,0,0,0,0,0,0,0,0,288,180,forward,0,0,263.0,1.7000403478883719,101.53757421735355,0.9,78.0
12:06:38,1.699972,101.537552,0,0,0,0,0,0,0,0,288,180,forward,0,0,263.0,1.7000403478883719,101.53757421735355,0.8,71.0
12:06:40,1.699973,101.537552,0,0,0,0,0,0,0,0,288,180,forward,0,0,263.0,1.7000413478883718,101.53757421735357,0.8,70.0
12:06:43,1.699973,101.537551,0,0,0,0,0,0,0,0,288,180,forward,0,0,263.0,1.7000413478883718,101.53757321735355,0.6,59.0
12:06:45,1.699973,101.537551,0,0,0,0,0,0,0,0,288,180,forward,0,0,263.0,1.7000413478883718,101.53757321735355,0.8,30.0
12:06:47,1.699973,101.537551,0,0,0,0,0,0,0,0,287,180,forward,0,0,263.0,1.7000417250542845,101.53757202060939,0.6,345.0
12:06:49,1.699973,101.537551,0,0,0,0,0,0,0,0,288,180,forward,0,0,263.0,1.7000413478883718,101.53757321735355,0.3,6.0
12:06:51,1.699973,101.537551,0,0,0,0,0,0,0,0,288,180,forward,0,0,263.0,1.7000413478883718,101.53757321735355,0.6,20.0
12:06:54,1.699973,101.537551,0,0,0,0,0,0,0,0,288,180,forward,0,0,263.0,1.7000413478883718,101.53757321735355,0.6,20.0
12:06:56,1.699972,101.537551,0,0,0,0,0,0,0,0,288,180,forward,0,0,263.0,1.7000403478883719,101.53757321735354,0.6,19.0
12:06:58,1.699972,101.537551,0,0,0,0,0,0,0,0,288,180,forward,0,0,263.0,1.7000403478883719,101.53757321735354,0.8,4.0
12:07:00,1.699972,101.537551,0,0,0,0,0,0,0,0,287,180,forward,0,0,263.0,1.7000407250542846,101.53757202060937,0.8,356.0
12:07:02,1.699971,101.537551,0,0,0,0,0,0,0,0,288,180,forward,0,0,263.0,1.7000393478883717,101.53757321735353,0.6,359.0
12:07:05,1.699971,101.537551,0,0,0,0,0,0,0,0,288,180,forward,0,0,263.0,1.7000393478883717,101.53757321735353,0.4,6.0
12:07:07,1.699971,101.537551,0,0,0,0,0,0,0,0,288,180,forward,0,0,263.0,1.7000393478883717,101.53757321735353,0.6,354.0
12:07:09,1.699971,101.537552,0,0,0,0,0,0,0,0,288,180,forward,0,0,263.0,1.7000393478883717,101.53757421735354,0.5,300.0
12:07:11,1.699971,101.537552,0,0,0,0,0,0,0,0,288,180,forward,0,0,263.0,1.7000393478883717,101.53757421735354,0.3,300.0
12:07:13,1.69997,101.537552,0,0,0,0,0,0,0,0,288,180,forward,0,0,263.0,1.7000383478883718,101.53757421735354,0.6,14.0
12:07:16,1.69997,101.537552,0,0,0,0,0,0,0,0,288,180,forward,0,0,263.0,1.7000383478883718,101.53757421735354,0.6,340.0
12:07:18,1.69997,101.537552,0,0,0,0,0,0,0,0,288,180,forward,0,0,263.0,1.7000383478883718,101.53757421735354,0.4,344.0
12:07:20,1.69997,101.537552,0,0,0,0,0,0,0,0,287,180,forward,0,0,263.0,1.7000387250542845,101.53757302060937,0.6,347.0
12:07:22,1.699971,101.537552,0,0,0,0,0,0,0,0,288,180,forward,0,0,263.0,1.7000393478883717,101.53757421735354,0.7,343.0
12:07:24,1.699971,101.537552,0,0,0,0,0,0,0,0,288,180,forward,0,0,263.0,1.7000393478883717,101.53757421735354,0.6,344.0
12:07:27,1.699971,101.537552,0,0,0,0,0,0,0,0,288,180,forward,0,0,263.0,1.7000393478883717,101.53757421735354,0.4,40.0
12:07:29,1.699971,101.537552,0,0,0,0,0,0,0,0,288,180,forward,0,0,263.0,1.7000393478883717,101.53757421735354,0.5,6.0
12:07:31,1.699971,101.537552,0,0,0,0,0,0,0,0,288,180,forward,0,0,263.0,1.7000393478883717,101.53757421735354,0.3,352.0
12:07:33,1.699972,101.537552,0,0,0,0,0,0,0,0,288,180,forward,0,0,263.0,1.7000403478883719,101.53757421735355,0.5,341.0
12:07:35,1.699972,101.537552,0,0,0,0,0,0,0,0,288,180,forward,0,0,263.0,1.7000403478883719,101.53757421735355,0.0,339.0
12:07:38,1.699972,101.537552,0,0,0,0,0,0,0,0,288,180,forward,0,0,263.0,1.7000403478883719,101.53757421735355,0.2,158.0
12:07:40,1.699972,101.537552,0,0,0,0,0,0,0,0,288,180,forward,0,0,263.0,1.7000403478883719,101.53757421735355,0.3,205.0
12:07:42,1.699971,101.537552,0,0,0,0,0,0,0,0,288,180,forward,0,0,263.0,1.7000393478883717,101.53757421735354,0.2,205.0
12:07:44,1.699971,101.537551,0,0,0,0,0,0,0,0,288,180,forward,0,0,263.0,1.7000393478883717,101.53757321735353,0.4,205.0
12:07:46,1.699971,101.537551,0,0,0,0,0,0,0,0,288,180,forward,0,0,263.0,1.7000393478883717,101.53757321735353,0.6,205.0
12:07:49,1.699971,101.537551,0,0,0,0,0,0,0,0,288,180,forward,0,0,263.0,1.7000393478883717,101.53757321735353,0.9,205.0
12:07:51,1.699971,101.537551,0,0,0,0,0,0,0,0,288,180,forward,0,0,263.0,1.7000393478883717,101.53757321735353,0.9,206.0
12:07:53,1.699971,101.537551,0,0,0,0,0,0,0,0,288,180,forward,0,0,263.0,1.7000393478883717,101.53757321735353,0.8,239.0
12:07:55,1.69997,101.537551,0,0,0,0,0,0,0,0,288,180,forward,0,0,263.0,1.7000383478883718,101.53757321735353,0.5,266.0
12:07:57,1.69997,101.537551,0,0,0,0,0,0,0,0,288,180,forward,0,0,263.0,1.7000383478883718,101.53757321735353,0.6,268.0
12:08:00,1.699969,101.537551,0,0,0,0,0,0,0,0,288,180,forward,0,0,263.0,1.700037347888372,101.53757321735351,1.0,257.0
12:08:02,1.699969,101.537552,0,0,0,0,0,0,0,0,288,180,forward,0,0,263.0,1.700037347888372,101.53757421735352,0.9,262.0
12:08:04,1.699968,101.537552,0,0,0,0,0,0,0,0,288,180,forward,0,0,263.0,1.7000363478883718,101.53757421735351,0.8,258.0
12:08:06,1.699968,101.537552,0,0,0,0,0,0,0,0,288,180,forward,0,0,263.0,1.7000363478883718,101.53757421735351,0.7,246.0
12:08:08,1.699968,101.537552,0,0,0,0,0,0,0,0,288,180,forward,0,0,263.0,1.7000363478883718,101.53757421735351,0.7,247.0
12:08:11,1.699968,101.537552,0,0,0,0,0,0,0,0,288,180,forward,0,0,263.0,1.7000363478883718,101.53757421735351,0.9,244.0
12:08:13,1.699967,101.537552,0,0,0,0,0,0,0,0,288,180,forward,0,0,263.0,1.7000353478883719,101.5375742173535,1.4,59.0
12:08:15,1.699967,101.537552,0,0,0,0,0,0,0,0,288,180,forward,0,0,263.0,1.7000353478883719,101.5375742173535,1.2,78.0
12:08:17,1.699967,101.537553,0,0,0,0,0,0,0,0,288,180,forward,0,0,263.0,1.7000353478883719,101.53757521735349,1.2,107.0
12:08:19,1.699967,101.537553,0,0,0,0,0,0,0,0,288,180,forward,0,0,263.0,1.7000353478883719,101.53757521735349,1.5,134.0
12:08:22,1.699966,101.537553,0,0,0,0,0,0,0,0,288,180,forward,0,0,263.0,1.700034347888372,101.53757521735348,1.7,118.0
12:08:24,1.699966,101.537553,0,0,0,0,0,0,0,0,288,180,forward,0,0,263.0,1.700034347888372,101.53757521735348,1.7,139.0
12:08:26,1.699966,101.537553,0,0,0,0,0,0,0,0,288,180,forward,0,0,263.0,1.700034347888372,101.53757521735348,2.3,128.0
12:08:28,1.699965,101.537553,0,0,0,0,0,0,0,0,288,180,forward,0,0,263.0,1.7000333478883718,101.53757521735348,1.9,140.0
12:08:30,1.699965,101.537553,0,0,0,0,0,0,0,0,288,180,forward,0,0,263.0,1.7000333478883718,101.53757521735348,1.6,115.0
12:08:33,1.699965,101.537553,0,0,0,0,0,0,0,0,288,180,forward,0,0,263.0,1.7000333478883718,101.53757521735348,1.2,113.0
12:08:35,1.699965,101.537552,0,0,0,0,0,0,0,0,288,180,forward,0,0,263.0,1.7000333478883718,101.53757421735348,1.2,162.0
12:08:37,1.699965,101.537553,0,0,0,0,0,0,0,0,288,180,forward,0,0,263.0,1.7000333478883718,101.53757521735348,0.9,126.0
12:08:39,1.699965,101.537553,0,0,0,0,0,0,0,0,288,180,forward,0,0,263.0,1.7000333478883718,101.53757521735348,1.0,116.0
12:08:41,1.699965,101.537553,0,0,0,0,0,0,0,0,288,180,forward,0,0,263.0,1.7000333478883718,101.53757521735348,0.9,133.0
12:08:44,1.699965,101.537553,0,0,0,0,0,0,0,0,288,180,forward,0,0,263.0,1.7000333478883718,101.53757521735348,0.9,146.0
12:08:46,1.699965,101.537553,0,0,0,0,0,0,0,0,288,180,forward,0,0,263.0,1.7000333478883718,101.53757521735348,1.2,110.0
12:08:48,1.699965,101.537553,0,0,0,0,0,0,0,0,288,180,forward,0,0,263.0,1.7000333478883718,101.53757521735348,1.2,142.0
12:08:50,1.699965,101.537553,0,0,0,0,0,0,0,0,288,180,forward,0,0,263.0,1.7000333478883718,101.53757521735348,0.6,153.0
12:08:52,1.699965,101.537553,0,0,0,0,0,0,0,0,288,180,forward,0,0,263.0,1.7000333478883718,101.53757521735348,0.7,144.0
12:08:55,1.699965,101.537553,0,0,0,0,0,0,0,0,288,180,forward,0,0,263.0,1.7000333478883718,101.53757521735348,0.6,132.0
12:08:57,1.699965,101.537553,0,0,0,0,0,0,0,0,288,180,forward,0,0,263.0,1.7000333478883718,101.53757521735348,0.8,120.0
12:08:59,1.699965,101.537554,0,0,0,0,0,0,0,0,288,180,forward,0,0,263.0,1.7000333478883718,101.53757621735348,0.9,140.0
12:09:01,1.699965,101.537554,0,0,0,0,0,0,0,0,288,180,forward,0,0,263.0,1.7000333478883718,101.53757621735348,0.9,143.0
12:09:03,1.699965,101.537554,0,0,0,0,0,0,0,0,288,180,forward,0,0,263.0,1.7000333478883718,101.53757621735348,0.9,102.0
12:09:06,1.699965,101.537554,0,0,0,0,0,0,0,0,288,180,forward,0,0,263.0,1.7000333478883718,101.53757621735348,0.6,96.0
12:09:08,1.699965,101.537554,0,0,0,0,0,0,0,0,288,180,forward,0,0,263.0,1.7000333478883718,101.53757621735348,0.6,86.0
12:09:10,1.699965,101.537555,0,0,0,0,0,0,0,0,288,180,forward,0,0,263.0,1.7000333478883718,101.53757721735347,0.9,77.0
12:09:12,1.699966,101.537555,0,0,0,0,0,0,0,0,288,180,forward,0,0,263.0,1.700034347888372,101.53757721735347,0.8,56.0
12:09:14,1.699966,101.537555,0,0,0,0,0,0,0,0,288,180,forward,0,0,263.0,1.700034347888372,101.53757721735347,0.9,68.0
12:09:17,1.699966,101.537556,0,0,0,0,0,0,0,0,288,180,forward,0,0,263.0,1.700034347888372,101.53757821735347,0.6,84.0
12:09:19,1.699966,101.537556,0,0,0,0,0,0,0,0,288,180,forward,0,0,263.0,1.700034347888372,101.53757821735347,0.6,52.0
12:09:21,1.699966,101.537556,0,0,0,0,0,0,0,0,288,180,forward,0,0,263.0,1.700034347888372,101.53757821735347,0.7,289.0
12:09:23,1.699966,101.537556,0,0,0,0,0,0,0,0,288,180,forward,0,0,263.0,1.700034347888372,101.53757821735347,0.8,351.0
12:09:25,1.699966,101.537556,0,0,0,0,0,0,0,0,288,180,forward,0,0,263.0,1.700034347888372,101.53757821735347,0.9,167.0
12:09:28,1.699966,101.537557,0,0,0,0,0,0,0,0,288,180,forward,0,0,263.0,1.700034347888372,101.53757921735348,1.1,132.0
12:09:30,1.699966,101.537557,0,0,0,0,0,0,0,0,288,180,forward,0,0,263.0,1.700034347888372,101.53757921735348,0.9,210.0
12:09:32,1.699966,101.537557,0,0,0,0,0,0,0,0,288,180,forward,0,0,263.0,1.700034347888372,101.53757921735348,1.4,79.0
12:09:34,1.699966,101.537557,0,0,0,0,0,0,0,0,288,180,forward,0,0,263.0,1.700034347888372,101.53757921735348,1.8,146.0
12:09:36,1.699967,101.537557,0,0,0,0,0,0,0,0,288,180,forward,0,0,263.0,1.7000353478883719,101.5375792173535,1.3,126.0
12:09:39,1.699967,101.537558,0,0,0,0,0,0,0,0,288,180,forward,0,0,263.0,1.7000353478883719,101.5375802173535,1.5,153.0
12:09:41,1.699968,101.537558,0,0,0,0,0,0,0,0,288,180,forward,0,0,263.0,1.7000363478883718,101.53758021735351,1.5,90.0
12:09:43,1.699968,101.537558,0,0,0,0,0,0,0,0,288,180,forward,0,0,263.0,1.7000363478883718,101.53758021735351,1.2,125.0
12:09:45,1.699968,101.537558,0,0,0,0,0,0,0,0,288,180,forward,0,0,263.0,1.7000363478883718,101.53758021735351,1.1,113.0
12:09:47,1.699968,101.537558,0,0,0,0,0,0,0,0,288,180,forward,0,0,263.0,1.7000363478883718,101.53758021735351,0.7,179.0
12:09:50,1.699968,101.537558,0,0,0,0,0,0,0,0,288,180,forward,0,0,263.0,1.7000363478883718,101.53758021735351,0.8,131.0
12:09:52,1.699968,101.537558,0,0,0,0,0,0,0,0,288,180,forward,0,0,263.0,1.7000363478883718,101.53758021735351,0.7,174.0
12:09:54,1.699968,101.537558,0,0,0,0,0,0,0,0,288,180,forward,0,0,263.0,1.7000363478883718,101.53758021735351,0.8,198.0
12:09:56,1.699968,101.537558,0,0,0,0,0,0,0,0,288,180,forward,0,0,263.0,1.7000363478883718,101.53758021735351,1.2,166.0
12:09:58,1.699969,101.537558,0,0,0,0,0,0,0,0,288,180,forward,0,0,263.0,1.700037347888372,101.53758021735352,1.3,115.0
12:10:01,1.699969,101.537558,0,0,0,0,0,0,0,0,288,180,forward,0,0,263.0,1.700037347888372,101.53758021735352,1.3,162.0
12:10:03,1.699969,101.537559,0,0,0,0,0,0,0,0,288,180,forward,0,0,263.0,1.700037347888372,101.53758121735352,1.2,171.0
12:10:05,1.699968,101.537559,0,0,0,0,0,0,0,0,288,180,forward,0,0,263.0,1.7000363478883718,101.5375812173535,1.3,147.0
12:10:07,1.699968,101.537559,0,0,0,0,0,0,0,0,288,180,forward,0,0,263.0,1.7000363478883718,101.5375812173535,1.2,162.0
12:10:09,1.699968,101.537559,0,0,0,0,0,0,0,0,288,180,forward,0,0,263.0,1.7000363478883718,101.5375812173535,1.2,172.0
12:10:12,1.699968,101.537559,0,0,0,0,0,0,0,0,288,180,forward,0,0,263.0,1.7000363478883718,101.5375812173535,1.1,150.0
12:10:14,1.699968,101.537559,0,0,0,0,0,0,0,0,288,180,forward,0,0,263.0,1.7000363478883718,101.5375812173535,0.9,149.0
12:10:16,1.699968,101.537559,0,0,0,0,0,0,0,0,288,180,forward,0,0,263.0,1.7000363478883718,101.5375812173535,0.7,115.0
12:10:18,1.699967,101.537559,0,0,0,0,0,0,0,0,288,180,forward,0,0,263.0,1.7000353478883719,101.53758121735349,0.9,142.0
12:10:20,1.699967,101.537559,0,0,0,0,0,0,0,0,288,180,forward,0,0,263.0,1.7000353478883719,101.53758121735349,1.0,133.0
12:10:23,1.699966,101.537559,0,0,0,0,0,0,0,0,288,180,forward,0,0,263.0,1.700034347888372,101.53758121735348,0.7,138.0
12:10:25,1.699966,101.537559,0,0,0,0,0,0,0,0,288,180,forward,0,0,263.0,1.700034347888372,101.53758121735348,0.8,151.0
12:10:27,1.699966,101.537559,0,0,0,0,0,0,0,0,288,180,forward,0,0,263.0,1.700034347888372,101.53758121735348,1.0,94.0
12:10:29,1.699965,101.53756,0,0,0,0,0,0,0,0,288,180,forward,0,0,263.0,1.7000333478883718,101.53758221735347,0.9,80.0
12:10:31,1.699965,101.53756,0,0,0,0,0,0,0,0,288,180,forward,0,0,263.0,1.7000333478883718,101.53758221735347,0.7,98.0
12:10:34,1.699965,101.53756,0,0,0,0,0,0,0,0,288,180,forward,0,0,263.0,1.7000333478883718,101.53758221735347,0.7,52.0
12:10:36,1.699965,101.53756,0,0,0,0,0,0,0,0,288,180,forward,0,0,263.0,1.7000333478883718,101.53758221735347,0.6,82.0
12:10:38,1.699965,101.53756,0,0,0,0,0,0,0,0,288,180,forward,0,0,263.0,1.7000333478883718,101.53758221735347,0.6,241.0
12:10:40,1.699965,101.53756,0,0,0,0,0,0,0,0,288,180,forward,0,0,263.0,1.7000333478883718,101.53758221735347,1.2,71.0
12:10:42,1.699965,101.53756,0,0,0,0,0,0,0,0,288,180,forward,0,0,263.0,1.7000333478883718,101.53758221735347,0.9,69.0
12:10:45,1.699965,101.53756,0,0,0,0,0,0,0,0,288,180,forward,0,0,263.0,1.7000333478883718,101.53758221735347,0.6,69.0
12:10:47,1.699965,101.53756,0,0,0,0,0,0,0,0,288,180,forward,0,0,263.0,1.7000333478883718,101.53758221735347,0.7,156.0
12:10:49,1.699965,101.53756,0,0,0,0,0,0,0,0,288,180,forward,0,0,263.0,1.7000333478883718,101.53758221735347,0.9,168.0
12:10:51,1.699965,101.53756,0,0,0,0,0,0,0,0,288,180,forward,0,0,263.0,1.7000333478883718,101.53758221735347,1.0,127.0
12:10:53,1.699965,101.537559,0,0,0,0,0,0,0,0,288,180,forward,0,0,263.0,1.7000333478883718,101.53758121735348,1.2,139.0
12:10:56,1.699965,101.537559,0,0,0,0,0,0,0,0,288,180,forward,0,0,263.0,1.7000333478883718,101.53758121735348,0.9,264.0
12:10:58,1.699965,101.537559,0,0,0,0,0,0,0,0,288,180,forward,0,0,263.0,1.7000333478883718,101.53758121735348,0.8,264.0
12:11:00,1.699965,101.537559,0,0,0,0,0,0,0,0,288,180,forward,0,0,263.0,1.7000333478883718,101.53758121735348,0.9,246.0
12:11:02,1.699965,101.537559,0,0,0,0,0,0,0,0,288,180,forward,0,0,263.0,1.7000333478883718,101.53758121735348,0.9,246.0
12:11:04,1.699965,101.537559,0,0,0,0,0,0,0,0,288,180,forward,0,0,263.0,1.7000333478883718,101.53758121735348,1.0,246.0
12:11:07,1.699965,101.537559,0,0,0,0,0,0,0,0,288,180,forward,0,0,263.0,1.7000333478883718,101.53758121735348,1.2,246.0
12:11:09,1.699965,101.537559,0,0,0,0,0,0,0,0,288,180,forward,0,0,263.0,1.7000333478883718,101.53758121735348,1.2,246.0
12:11:11,1.699965,101.537559,0,0,0,0,0,0,0,0,288,180,forward,0,0,263.0,1.7000333478883718,101.53758121735348,1.1,239.0
12:11:13,1.699965,101.537559,0,0,0,0,0,0,0,0,288,180,forward,0,0,263.0,1.7000333478883718,101.53758121735348,1.9,188.0
12:11:15,1.699965,101.537559,0,0,0,0,0,0,0,0,288,180,forward,0,0,263.0,1.7000333478883718,101.53758121735348,1.7,242.0
12:11:18,1.699964,101.537559,0,0,0,0,0,0,0,0,288,180,forward,0,0,263.0,1.7000323478883719,101.53758121735346,1.3,163.0
12:11:20,1.699964,101.537559,0,0,0,0,0,0,0,0,288,180,forward,0,0,263.0,1.7000323478883719,101.53758121735346,1.1,221.0
12:11:22,1.699964,101.537559,0,0,0,0,0,0,0,0,288,180,forward,0,0,263.0,1.7000323478883719,101.53758121735346,1.2,167.0
12:11:24,1.699963,101.537559,0,0,0,0,0,0,0,0,288,180,forward,0,0,263.0,1.7000313478883717,101.53758121735345,1.2,256.0
12:11:26,1.699963,101.537559,0,0,0,0,0,0,0,0,288,180,forward,0,0,263.0,1.7000313478883717,101.53758121735345,1.1,205.0
12:11:29,1.699963,101.537559,0,0,0,0,0,0,0,0,288,180,forward,0,0,263.0,1.7000313478883717,101.53758121735345,1.2,181.0
12:11:31,1.699962,101.537559,0,0,0,0,0,0,0,0,288,180,forward,0,0,263.0,1.7000303478883718,101.53758121735343,1.4,168.0
12:11:33,1.699962,101.537559,0,0,0,0,0,0,0,0,288,180,forward,0,0,263.0,1.7000303478883718,101.53758121735343,1.2,259.0
12:11:35,1.699962,101.537559,0,0,0,0,0,0,0,0,288,180,forward,0,0,263.0,1.7000303478883718,101.53758121735343,1.2,174.0
12:11:37,1.699962,101.537559,0,0,0,0,0,0,0,0,288,180,forward,0,0,263.0,1.7000303478883718,101.53758121735343,1.3,140.0
12:11:40,1.699962,101.537559,0,0,0,0,0,0,0,0,288,180,forward,0,0,263.0,1.7000303478883718,101.53758121735343,1.4,177.0
12:11:42,1.699962,101.537558,0,0,0,0,0,0,0,0,288,180,forward,0,0,263.0,1.7000303478883718,101.53758021735344,2.4,163.0
12:11:44,1.699962,101.537558,0,0,0,0,0,0,0,0,288,180,forward,0,0,263.0,1.7000303478883718,101.53758021735344,1.5,148.0
12:11:46,1.699962,101.537558,0,0,0,0,0,0,0,0,288,180,forward,0,0,263.0,1.7000303478883718,101.53758021735344,1.2,181.0
12:11:48,1.699962,101.537558,0,0,0,0,0,0,0,0,288,180,forward,0,0,263.0,1.7000303478883718,101.53758021735344,1.2,165.0
12:11:51,1.699962,101.537558,0,0,0,0,0,0,0,0,288,180,forward,0,0,263.0,1.7000303478883718,101.53758021735344,1.9,242.0
12:11:53,1.699962,101.537557,0,0,0,0,0,0,0,0,288,180,forward,0,0,263.0,1.7000303478883718,101.53757921735344,1.7,159.0
12:11:55,1.699963,101.537557,0,0,0,0,0,0,0,0,288,180,forward,0,0,263.0,1.7000313478883717,101.53757921735345,1.4,230.0
12:11:57,1.699963,101.537557,0,0,0,0,0,0,0,0,288,180,forward,0,0,263.0,1.7000313478883717,101.53757921735345,1.3,111.0
12:11:59,1.699963,101.537557,0,0,0,0,0,0,0,0,288,180,forward,0,0,263.0,1.7000313478883717,101.53757921735345,1.2,201.0
12:12:02,1.699963,101.537557,0,0,0,0,0,0,0,0,288,180,forward,0,0,263.0,1.7000313478883717,101.53757921735345,1.4,113.0
12:12:04,1.699963,101.537556,0,0,0,0,0,0,0,0,288,180,forward,0,0,263.0,1.7000313478883717,101.53757821735344,1.9,232.0
12:12:06,1.699963,101.537556,0,0,0,0,0,0,0,0,288,180,forward,0,0,263.0,1.7000313478883717,101.53757821735344,1.9,173.0
12:12:08,1.699963,101.537556,0,0,0,0,0,0,0,0,288,180,forward,0,0,263.0,1.7000313478883717,101.53757821735344,2.0,221.0
12:12:10,1.699963,101.537556,0,0,0,0,0,0,0,0,288,180,forward,0,0,263.0,1.7000313478883717,101.53757821735344,2.2,192.0
12:12:13,1.699963,101.537555,0,0,0,0,0,0,0,0,288,180,forward,0,0,263.0,1.7000313478883717,101.53757721735344,2.3,193.0
12:12:15,1.699963,101.537555,0,0,0,0,0,0,0,0,288,180,forward,0,0,263.0,1.7000313478883717,101.53757721735344,2.8,176.0
12:12:17,1.699963,101.537555,0,0,0,0,0,0,0,0,288,180,forward,0,0,263.0,1.7000313478883717,101.53757721735344,2.5,177.0
12:12:19,1.699963,101.537555,0,0,0,0,0,0,0,0,288,180,forward,0,0,263.0,1.7000313478883717,101.53757721735344,1.4,96.0
12:12:21,1.699963,101.537555,0,0,0,0,0,0,0,0,288,180,forward,0,0,263.0,1.7000313478883717,101.53757721735344,1.7,137.0
12:12:24,1.699963,101.537554,0,0,0,0,0,0,0,0,288,180,forward,0,0,263.0,1.7000313478883717,101.53757621735345,1.4,162.0
12:12:26,1.699963,101.537554,0,0,0,0,0,0,0,0,288,180,forward,0,0,263.0,1.7000313478883717,101.53757621735345,1.8,165.0
12:12:28,1.699964,101.537554,0,0,0,0,0,0,0,0,288,180,forward,0,0,263.0,1.7000323478883719,101.53757621735346,2.0,201.0
12:12:30,1.699964,101.537554,0,0,0,0,0,0,0,0,288,180,forward,0,0,263.0,1.7000323478883719,101.53757621735346,2.3,156.0
12:12:32,1.699964,101.537554,0,0,0,0,0,0,0,0,288,180,forward,0,0,263.0,1.7000323478883719,101.53757621735346,2.5,138.0
12:12:35,1.699964,101.537554,0,0,0,0,0,0,0,0,288,180,forward,0,0,263.0,1.7000323478883719,101.53757621735346,1.4,179.0
12:12:37,1.699964,101.537554,0,0,0,0,0,0,0,0,288,180,forward,0,0,263.0,1.7000323478883719,101.53757621735346,1.6,157.0
12:12:39,1.699964,101.537554,0,0,0,0,0,0,0,0,287,180,forward,0,0,263.0,1.7000327250542846,101.5375750206093,1.8,169.0
12:12:41,1.699964,101.537553,0,0,0,0,0,0,0,0,288,180,forward,0,0,263.0,1.7000323478883719,101.53757521735346,1.8,123.0
12:12:43,1.699965,101.537553,0,0,0,0,0,0,0,0,288,180,forward,0,0,263.0,1.7000333478883718,101.53757521735348,1.7,121.0
12:12:46,1.699965,101.537553,0,0,0,0,0,0,0,0,288,180,forward,0,0,263.0,1.7000333478883718,101.53757521735348,2.3,144.0
12:12:48,1.699965,101.537553,0,0,0,0,0,0,0,0,288,180,forward,0,0,263.0,1.7000333478883718,101.53757521735348,1.9,83.0
12:12:50,1.699965,101.537553,0,0,0,0,0,0,0,0,288,180,forward,0,0,263.0,1.7000333478883718,101.53757521735348,2.5,167.0
12:12:52,1.699965,101.537553,0,0,0,0,0,0,0,0,288,180,forward,0,0,263.0,1.7000333478883718,101.53757521735348,2.5,155.0
12:12:54,1.699965,101.537553,0,0,0,0,0,0,0,0,288,180,forward,0,0,263.0,1.7000333478883718,101.53757521735348,2.9,137.0
12:12:57,1.699965,101.537553,0,0,0,0,0,0,0,0,288,180,forward,0,0,263.0,1.7000333478883718,101.53757521735348,2.5,139.0
12:12:59,1.699965,101.537552,0,0,0,0,0,0,0,0,288,180,forward,0,0,263.0,1.7000333478883718,101.53757421735348,2.8,153.0
12:13:01,1.699964,101.537552,0,0,0,0,0,0,0,0,288,180,forward,0,0,263.0,1.7000323478883719,101.53757421735347,2.1,123.0
12:13:03,1.699964,101.537552,0,0,0,0,0,0,0,0,288,180,forward,0,0,263.0,1.7000323478883719,101.53757421735347,1.9,337.0
12:13:05,1.699964,101.537552,0,0,0,0,0,0,0,0,288,180,forward,0,0,263.0,1.7000323478883719,101.53757421735347,1.9,337.0
12:13:08,1.699964,101.537552,0,0,0,0,0,0,0,0,288,180,forward,0,0,263.0,1.7000323478883719,101.53757421735347,1.9,337.0
12:13:10,1.699964,101.537552,0,0,0,0,0,0,0,0,288,180,forward,0,0,263.0,1.7000323478883719,101.53757421735347,1.9,337.0
12:13:12,1.699964,101.537552,0,0,0,0,0,0,0,0,288,180,forward,0,0,263.0,1.7000323478883719,101.53757421735347,1.9,337.0
12:13:14,1.699964,101.537552,0,0,0,0,0,0,0,0,288,180,forward,0,0,263.0,1.7000323478883719,101.53757421735347,1.9,356.0
12:13:16,1.699964,101.537552,0,0,0,0,0,0,0,0,288,180,forward,0,0,263.0,1.7000323478883719,101.53757421735347,1.9,49.0
12:13:19,1.699964,101.537552,0,0,0,0,0,0,0,0,288,180,forward,0,0,263.0,1.7000323478883719,101.53757421735347,1.8,46.0
12:13:21,1.699964,101.537552,0,0,0,0,0,0,0,0,288,180,forward,0,0,263.0,1.7000323478883719,101.53757421735347,1.7,326.0
12:13:23,1.699964,101.537552,0,0,0,0,0,0,0,0,288,180,forward,0,0,263.0,1.7000323478883719,101.53757421735347,2.3,63.0
12:13:25,1.699966,101.537548,0,0,0,0,0,0,0,0,288,180,forward,0,0,263.0,1.700034347888372,101.53757021735348,2.3,6.0
12:13:27,1.699966,101.537548,0,0,0,0,0,0,0,0,288,180,forward,0,0,263.0,1.700034347888372,101.53757021735348,1.9,314.0
12:13:30,1.699966,101.537547,0,0,0,0,0,0,0,0,288,180,forward,0,0,263.0,1.700034347888372,101.53756921735348,2.3,21.0
12:13:32,1.699966,101.537547,0,0,0,0,0,0,0,0,288,180,forward,0,0,263.0,1.700034347888372,101.53756921735348,1.9,76.0
12:13:34,1.699966,101.537547,0,0,0,0,0,0,0,0,288,180,forward,0,0,263.0,1.700034347888372,101.53756921735348,1.8,285.0
12:13:36,1.699966,101.537546,0,0,0,0,0,0,0,0,288,180,forward,0,0,263.0,1.700034347888372,101.53756821735348,2.1,347.0
12:13:38,1.699966,101.537547,0,0,0,0,0,0,0,0,288,180,forward,0,0,263.0,1.700034347888372,101.53756921735348,1.9,79.0
12:13:41,1.699966,101.537547,0,0,0,0,0,0,0,0,288,180,forward,0,0,263.0,1.700034347888372,101.53756921735348,2.1,35.0
12:13:43,1.699966,101.537546,0,0,0,0,0,0,0,0,288,180,forward,0,0,263.0,1.700034347888372,101.53756821735348,2.6,44.0
12:13:45,1.699966,101.537546,0,0,0,0,0,0,0,0,288,180,forward,0,0,263.0,1.700034347888372,101.53756821735348,2.4,111.0
12:13:47,1.699966,101.537547,0,0,0,0,0,0,0,0,288,180,forward,0,0,263.0,1.700034347888372,101.53756921735348,2.1,124.0
12:13:49,1.699966,101.537547,0,0,0,0,0,0,0,0,288,180,forward,0,0,263.0,1.700034347888372,101.53756921735348,2.4,35.0
12:13:52,1.699966,101.537546,0,0,0,0,0,0,0,0,288,180,forward,0,0,263.0,1.700034347888372,101.53756821735348,2.2,19.0
12:13:54,1.699966,101.537546,0,0,0,0,0,0,0,0,288,180,forward,0,0,263.0,1.700034347888372,101.53756821735348,2.5,63.0
12:13:56,1.699966,101.537546,0,0,0,0,0,0,0,0,288,180,forward,0,0,263.0,1.700034347888372,101.53756821735348,2.9,64.0
12:13:58,1.699966,101.537546,0,0,0,0,0,0,0,0,288,180,forward,0,0,263.0,1.700034347888372,101.53756821735348,2.7,87.0
12:14:00,1.699966,101.537546,0,0,0,0,0,0,0,0,288,180,forward,0,0,263.0,1.700034347888372,101.53756821735348,2.3,22.0
12:14:03,1.699966,101.537546,0,0,0,0,0,0,0,0,288,180,forward,0,0,263.0,1.700034347888372,101.53756821735348,2.0,93.0
12:14:05,1.699966,101.537546,0,0,0,0,0,0,0,0,288,180,forward,0,0,263.0,1.700034347888372,101.53756821735348,1.8,97.0
12:14:07,1.699966,101.537546,0,0,0,0,0,0,0,0,288,180,forward,0,0,263.0,1.700034347888372,101.53756821735348,1.7,313.0
12:14:09,1.699966,101.537546,0,0,0,0,0,0,0,0,288,180,forward,0,0,263.0,1.700034347888372,101.53756821735348,2.0,285.0
12:14:11,1.699966,101.537546,0,0,0,0,0,0,0,0,288,180,forward,0,0,263.0,1.700034347888372,101.53756821735348,1.8,156.0
12:14:14,1.699966,101.537546,0,0,0,0,0,0,0,0,288,180,forward,0,0,263.0,1.700034347888372,101.53756821735348,1.5,125.0
12:14:16,1.699966,101.537547,0,0,0,0,0,0,0,0,288,180,forward,0,0,263.0,1.700034347888372,101.53756921735348,1.6,330.0
12:14:18,1.699965,101.537547,0,0,0,0,0,0,0,0,288,180,forward,0,0,263.0,1.7000333478883718,101.53756921735348,2.1,35.0
12:14:20,1.699965,101.537547,0,0,0,0,0,0,0,0,288,180,forward,0,0,263.0,1.7000333478883718,101.53756921735348,3.1,10.0
12:14:22,1.699965,101.537547,0,0,0,0,0,0,0,0,288,180,forward,0,0,263.0,1.7000333478883718,101.53756921735348,2.5,3.0
12:14:25,1.699964,101.537547,0,0,0,0,0,0,0,0,288,180,forward,0,0,263.0,1.7000323478883719,101.53756921735346,2.2,89.0
12:14:27,1.699964,101.537547,0,0,0,0,0,0,0,0,288,180,forward,0,0,263.0,1.7000323478883719,101.53756921735346,1.3,236.0
12:14:29,1.699964,101.537548,0,0,0,0,0,0,0,0,288,180,forward,0,0,263.0,1.7000323478883719,101.53757021735346,1.9,95.0
12:14:31,1.699963,101.537548,0,0,0,0,0,0,0,0,288,180,forward,0,0,263.0,1.7000313478883717,101.53757021735345,2.2,42.0
12:14:33,1.699963,101.537548,0,0,0,0,0,0,0,0,288,180,forward,0,0,263.0,1.7000313478883717,101.53757021735345,1.9,8.0
12:14:35,1.699963,101.537549,0,0,0,0,0,0,0,0,288,180,forward,0,0,263.0,1.7000313478883717,101.53757121735345,2.5,110.0
12:14:38,1.699962,101.537549,0,0,0,0,0,0,0,0,288,180,forward,0,0,263.0,1.7000303478883718,101.53757121735343,1.6,125.0
12:14:40,1.699962,101.537549,0,0,0,0,0,0,0,0,288,180,forward,0,0,263.0,1.7000303478883718,101.53757121735343,1.6,251.0
12:14:42,1.699961,101.53755,0,0,0,0,0,0,0,0,288,180,forward,0,0,263.0,1.700029347888372,101.53757221735341,1.3,7.0
12:14:44,1.69996,101.53755,0,0,0,0,0,0,0,0,288,180,forward,0,0,263.0,1.7000283478883718,101.5375722173534,1.8,263.0
12:14:46,1.69996,101.537551,0,0,0,0,0,0,0,0,288,180,forward,0,0,263.0,1.7000283478883718,101.5375732173534,1.7,98.0
12:14:49,1.699958,101.537551,0,0,0,0,0,0,0,0,288,180,forward,0,0,263.0,1.700026347888372,101.53757321735338,2.0,40.0
12:14:51,1.699958,101.537551,0,0,0,0,0,0,0,0,288,180,forward,0,0,263.0,1.700026347888372,101.53757321735338,1.9,140.0
12:14:53,1.699957,101.537552,0,0,0,0,0,0,0,0,288,180,forward,0,0,263.0,1.7000253478883718,101.53757421735338,1.5,326.0
12:14:55,1.699956,101.537552,0,0,0,0,0,0,0,0,288,180,forward,0,0,263.0,1.7000243478883719,101.53757421735337,1.2,330.0
12:14:57,1.699955,101.537552,0,0,0,0,0,0,0,0,288,180,forward,0,0,263.0,1.700023347888372,101.53757421735335,0.7,163.0
12:15:00,1.699955,101.537552,0,0,0,0,0,0,0,0,288,180,forward,0,0,263.0,1.700023347888372,101.53757421735335,2.3,79.0
12:15:02,1.699954,101.537552,0,0,0,0,0,0,0,0,288,180,forward,0,0,263.0,1.7000223478883718,101.53757421735335,2.3,67.0
12:15:04,1.699954,101.537552,0,0,0,0,0,0,0,0,288,180,forward,0,0,263.0,1.7000223478883718,101.53757421735335,1.7,60.0
12:15:06,1.699954,101.537552,0,0,0,0,0,0,0,0,288,180,forward,0,0,263.0,1.7000223478883718,101.53757421735335,2.3,33.0
12:15:08,1.699955,101.537552,0,0,0,0,0,0,0,0,288,180,forward,0,0,263.0,1.700023347888372,101.53757421735335,2.6,347.0
12:15:11,1.699955,101.537552,0,0,0,0,0,0,0,0,288,180,forward,0,0,263.0,1.700023347888372,101.53757421735335,2.5,35.0
12:15:13,1.699955,101.537552,0,0,0,0,0,0,0,0,288,180,forward,0,0,263.0,1.700023347888372,101.53757421735335,1.8,216.0
12:15:15,1.699956,101.537552,0,0,0,0,0,0,0,0,288,180,forward,0,0,263.0,1.7000243478883719,101.53757421735337,1.5,104.0
12:15:17,1.699957,101.537552,0,0,0,0,0,0,0,0,288,180,forward,0,0,263.0,1.7000253478883718,101.53757421735338,1.5,62.0
12:15:19,1.699957,101.537552,0,0,0,0,0,0,0,0,288,180,forward,0,0,263.0,1.7000253478883718,101.53757421735338,1.9,336.0
12:15:22,1.699957,101.537552,0,0,0,0,0,0,0,0,288,180,forward,0,0,263.0,1.7000253478883718,101.53757421735338,2.1,339.0
12:15:24,1.699958,101.537552,0,0,0,0,0,0,0,0,288,180,forward,0,0,263.0,1.700026347888372,101.5375742173534,2.5,139.0
12:15:26,1.699958,101.537551,0,0,0,0,0,0,0,0,288,180,forward,0,0,263.0,1.700026347888372,101.53757321735338,2.5,73.0
12:15:28,1.699958,101.537551,0,0,0,0,0,0,0,0,288,180,forward,0,0,263.0,1.700026347888372,101.53757321735338,2.5,275.0
12:15:30,1.699959,101.537551,0,0,0,0,0,0,0,0,288,180,forward,0,0,263.0,1.7000273478883718,101.5375732173534,2.1,69.0
12:15:33,1.69996,101.537551,0,0,0,0,0,0,0,0,288,180,forward,0,0,263.0,1.7000283478883718,101.5375732173534,3.2,83.0
12:15:35,1.699961,101.53755,0,0,0,0,0,0,0,0,288,180,forward,0,0,263.0,1.700029347888372,101.53757221735341,1.9,114.0
12:15:37,1.699962,101.53755,0,0,0,0,0,0,0,0,288,180,forward,0,0,263.0,1.7000303478883718,101.53757221735343,1.9,71.0
12:15:39,1.699962,101.53755,0,0,0,0,0,0,0,0,288,180,forward,0,0,263.0,1.7000303478883718,101.53757221735343,1.8,64.0
12:15:41,1.699963,101.53755,0,0,0,0,0,0,0,0,288,180,forward,0,0,263.0,1.7000313478883717,101.53757221735344,1.9,100.0
12:15:44,1.699963,101.53755,0,0,0,0,0,0,0,0,288,180,forward,0,0,263.0,1.7000313478883717,101.53757221735344,1.6,32.0
12:15:46,1.699964,101.537549,0,0,0,0,0,0,0,0,288,180,forward,0,0,263.0,1.7000323478883719,101.53757121735346,1.5,327.0
12:15:48,1.699964,101.537549,0,0,0,0,0,0,0,0,288,180,forward,0,0,263.0,1.7000323478883719,101.53757121735346,1.4,351.0
12:15:50,1.699964,101.537549,0,0,0,0,0,0,0,0,288,180,forward,0,0,263.0,1.7000323478883719,101.53757121735346,2.1,39.0
12:15:52,1.699964,101.53755,0,0,0,0,0,0,0,0,288,180,forward,0,0,263.0,1.7000323478883719,101.53757221735346,2.0,347.0
12:15:55,1.699964,101.53755,0,0,0,0,0,0,0,0,288,180,forward,0,0,263.0,1.7000323478883719,101.53757221735346,1.8,106.0
12:15:57,1.699965,101.53755,0,0,0,0,0,0,0,0,288,180,forward,0,0,263.0,1.7000333478883718,101.53757221735347,1.4,35.0
12:15:59,1.699965,101.53755,0,0,0,0,0,0,0,0,288,180,forward,0,0,263.0,1.7000333478883718,101.53757221735347,2.0,7.0
12:16:01,1.699965,101.53755,0,0,0,0,0,0,0,0,288,180,forward,0,0,263.0,1.7000333478883718,101.53757221735347,1.9,33.0
12:16:03,1.699965,101.53755,0,0,0,0,0,0,0,0,288,180,forward,0,0,263.0,1.7000333478883718,101.53757221735347,1.9,22.0
12:16:06,1.699965,101.53755,0,0,0,0,0,0,0,0,288,180,forward,0,0,263.0,1.7000333478883718,101.53757221735347,1.8,70.0
12:16:08,1.699965,101.53755,0,0,0,0,0,0,0,0,288,180,forward,0,0,263.0,1.7000333478883718,101.53757221735347,1.4,45.0
12:16:10,1.699965,101.53755,0,0,0,0,0,0,0,0,288,180,forward,0,0,263.0,1.7000333478883718,101.53757221735347,2.0,92.0
12:16:12,1.699965,101.53755,0,0,0,0,0,0,0,0,288,180,forward,0,0,263.0,1.7000333478883718,101.53757221735347,2.4,55.0
12:16:14,1.699965,101.53755,0,0,0,0,0,0,0,0,288,180,forward,0,0,263.0,1.7000333478883718,101.53757221735347,2.5,7.0
12:16:17,1.699965,101.53755,0,0,0,0,0,0,0,0,288,180,forward,0,0,263.0,1.7000333478883718,101.53757221735347,2.8,107.0
12:16:19,1.699965,101.53755,0,0,0,0,0,0,0,0,288,180,forward,0,0,263.0,1.7000333478883718,101.53757221735347,1.8,44.0
12:16:21,1.699965,101.53755,0,0,0,0,0,0,0,0,288,180,forward,0,0,263.0,1.7000333478883718,101.53757221735347,2.1,17.0
12:16:23,1.699966,101.53755,0,0,0,0,0,0,0,0,288,180,forward,0,0,263.0,1.700034347888372,101.53757221735347,1.9,34.0
12:16:25,1.699966,101.53755,0,0,0,0,0,0,0,0,288,180,forward,0,0,263.0,1.700034347888372,101.53757221735347,2.0,44.0
12:16:28,1.699966,101.53755,0,0,0,0,0,0,0,0,288,180,forward,0,0,263.0,1.700034347888372,101.53757221735347,2.5,220.0
12:16:30,1.699966,101.53755,0,0,0,0,0,0,0,0,288,180,forward,0,0,263.0,1.700034347888372,101.53757221735347,2.0,150.0
12:16:32,1.699967,101.53755,0,0,0,0,0,0,0,0,288,180,forward,0,0,263.0,1.7000353478883719,101.53757221735349,1.5,110.0
12:16:34,1.699967,101.53755,0,0,0,0,0,0,0,0,288,180,forward,0,0,263.0,1.7000353478883719,101.53757221735349,3.4,129.0
12:16:36,1.699967,101.53755,0,0,0,0,0,0,0,0,288,180,forward,0,0,263.0,1.7000353478883719,101.53757221735349,2.2,304.0
12:16:39,1.699968,101.53755,0,0,0,0,0,0,0,0,288,180,forward,0,0,263.0,1.7000363478883718,101.5375722173535,2.5,87.0
12:16:41,1.699968,101.53755,0,0,0,0,0,0,0,0,288,180,forward,0,0,263.0,1.7000363478883718,101.5375722173535,3.8,30.0
12:16:43,1.699968,101.53755,0,0,0,0,0,0,0,0,288,180,forward,0,0,263.0,1.7000363478883718,101.5375722173535,2.3,54.0
12:16:45,1.699968,101.537549,0,0,0,0,0,0,0,0,288,180,forward,0,0,263.0,1.7000363478883718,101.5375712173535,2.8,112.0
12:16:47,1.699968,101.537549,0,0,0,0,0,0,0,0,288,180,forward,0,0,263.0,1.7000363478883718,101.5375712173535,2.3,259.0
12:16:50,1.699968,101.537549,0,0,0,0,0,0,0,0,288,180,forward,0,0,263.0,1.7000363478883718,101.5375712173535,1.9,163.0
12:16:52,1.699967,101.537549,0,0,0,0,0,0,0,0,288,180,forward,0,0,263.0,1.7000353478883719,101.53757121735349,2.0,19.0
12:16:54,1.699967,101.537548,0,0,0,0,0,0,0,0,288,180,forward,0,0,263.0,1.7000353478883719,101.53757021735349,1.8,62.0
12:16:56,1.699967,101.537548,0,0,0,0,0,0,0,0,288,180,forward,0,0,263.0,1.7000353478883719,101.53757021735349,2.3,49.0
12:16:58,1.699966,101.537549,0,0,0,0,0,0,0,0,288,180,forward,0,0,263.0,1.700034347888372,101.53757121735347,2.1,72.0
12:17:01,1.699966,101.537549,0,0,0,0,0,0,0,0,288,180,forward,0,0,263.0,1.700034347888372,101.53757121735347,1.9,6.0
12:17:03,1.699966,101.537548,0,0,0,0,0,0,0,0,288,180,forward,0,0,263.0,1.700034347888372,101.53757021735348,1.2,103.0
12:17:05,1.699966,101.537549,0,0,0,0,0,0,0,0,288,180,forward,0,0,263.0,1.700034347888372,101.53757121735347,1.9,102.0
12:17:07,1.699966,101.537548,0,0,0,0,0,0,0,0,288,180,forward,0,0,263.0,1.700034347888372,101.53757021735348,2.3,110.0
12:17:09,1.699966,101.537548,0,0,0,0,0,0,0,0,288,180,forward,0,0,263.0,1.700034347888372,101.53757021735348,1.7,76.0
12:17:12,1.699966,101.537548,0,0,0,0,0,0,0,0,288,180,forward,0,0,263.0,1.700034347888372,101.53757021735348,2.2,71.0
12:17:14,1.699966,101.537548,0,0,0,0,0,0,0,0,288,180,forward,0,0,263.0,1.700034347888372,101.53757021735348,1.3,62.0
12:17:16,1.699967,101.537547,0,0,0,0,0,0,0,0,288,180,forward,0,0,263.0,1.7000353478883719,101.5375692173535,1.4,85.0
12:17:18,1.699967,101.537547,0,0,0,0,0,0,0,0,288,180,forward,0,0,263.0,1.7000353478883719,101.5375692173535,1.1,96.0
12:17:20,1.699966,101.537547,0,0,0,0,0,0,0,0,288,180,forward,0,0,263.0,1.700034347888372,101.53756921735348,1.2,70.0
12:17:23,1.699966,101.537546,0,0,0,0,0,0,0,0,288,180,forward,0,0,263.0,1.700034347888372,101.53756821735348,2.0,37.0
12:17:25,1.699966,101.537546,0,0,0,0,0,0,0,0,288,180,forward,0,0,263.0,1.700034347888372,101.53756821735348,1.5,86.0
12:17:27,1.699966,101.537545,0,0,0,0,0,0,0,0,288,180,forward,0,0,263.0,1.700034347888372,101.53756721735347,1.6,7.0
12:17:29,1.699966,101.537545,0,0,0,0,0,0,0,0,288,180,forward,0,0,263.0,1.700034347888372,101.53756721735347,2.4,8.0
12:17:31,1.699966,101.537545,0,0,0,0,0,0,0,0,288,180,forward,0,0,263.0,1.700034347888372,101.53756721735347,2.3,66.0
12:17:34,1.699966,101.537545,0,0,0,0,0,0,0,0,288,180,forward,0,0,263.0,1.700034347888372,101.53756721735347,1.9,67.0
12:17:36,1.699966,101.537544,0,0,0,0,0,0,0,0,288,180,forward,0,0,263.0,1.700034347888372,101.53756621735347,2.2,67.0
12:17:38,1.699966,101.537544,0,0,0,0,0,0,0,0,288,180,forward,0,0,263.0,1.700034347888372,101.53756621735347,2.0,126.0
12:17:40,1.699966,101.537544,0,0,0,0,0,0,0,0,288,180,forward,0,0,263.0,1.700034347888372,101.53756621735347,2.0,55.0
12:17:42,1.699966,101.537544,0,0,0,0,0,0,0,0,288,180,forward,0,0,263.0,1.700034347888372,101.53756621735347,2.1,192.0
12:17:45,1.699967,101.537544,0,0,0,0,0,0,0,0,288,180,forward,0,0,263.0,1.7000353478883719,101.53756621735349,1.9,61.0
12:17:47,1.699967,101.537543,0,0,0,0,0,0,0,0,288,180,forward,0,0,263.0,1.7000353478883719,101.53756521735349,1.9,66.0
12:17:49,1.699967,101.537543,0,0,0,0,0,0,0,0,288,180,forward,0,0,263.0,1.7000353478883719,101.53756521735349,1.6,121.0
12:17:51,1.699967,101.537543,0,0,0,0,0,0,0,0,288,180,forward,0,0,263.0,1.7000353478883719,101.53756521735349,1.4,175.0
12:17:53,1.699967,101.537543,0,0,0,0,0,0,0,0,288,180,forward,0,0,263.0,1.7000353478883719,101.53756521735349,1.1,49.0
12:17:56,1.699967,101.537543,0,0,0,0,0,0,0,0,288,180,forward,0,0,263.0,1.7000353478883719,101.53756521735349,1.3,45.0
12:17:58,1.699967,101.537543,0,0,0,0,0,0,0,0,288,180,forward,0,0,263.0,1.7000353478883719,101.53756521735349,1.4,41.0
12:18:00,1.699968,101.537543,0,0,0,0,0,0,0,0,287,180,forward,0,0,263.0,1.7000367250542845,101.53756402060934,2.4,61.0
12:18:02,1.699968,101.537542,0,0,0,0,0,0,0,0,288,180,forward,0,0,263.0,1.7000363478883718,101.5375642173535,1.9,57.0
12:18:04,1.699968,101.537542,0,0,0,0,0,0,0,0,288,180,forward,0,0,263.0,1.7000363478883718,101.5375642173535,1.5,189.0
12:18:07,1.699968,101.537542,0,0,0,0,0,0,0,0,288,180,forward,0,0,263.0,1.7000363478883718,101.5375642173535,2.4,117.0
12:18:09,1.699968,101.537542,0,0,0,0,0,0,0,0,288,180,forward,0,0,263.0,1.7000363478883718,101.5375642173535,2.2,317.0
12:18:11,1.699968,101.537543,0,0,0,0,0,0,0,0,288,180,forward,0,0,263.0,1.7000363478883718,101.5375652173535,1.6,323.0
12:18:13,1.699968,101.537543,0,0,0,0,0,0,0,0,288,180,forward,0,0,263.0,1.7000363478883718,101.5375652173535,1.7,296.0
12:18:15,1.699968,101.537543,0,0,0,0,0,0,0,0,288,180,forward,0,0,263.0,1.7000363478883718,101.5375652173535,2.9,64.0
12:18:18,1.699968,101.537543,0,0,0,0,0,0,0,0,288,180,forward,0,0,263.0,1.7000363478883718,101.5375652173535,2.4,113.0
12:18:20,1.699968,101.537543,0,0,0,0,0,0,0,0,288,180,forward,0,0,263.0,1.7000363478883718,101.5375652173535,2.2,55.0
12:18:22,1.699968,101.537543,0,0,0,0,0,0,0,0,288,180,forward,0,0,263.0,1.7000363478883718,101.5375652173535,1.9,39.0
12:18:24,1.699968,101.537543,0,0,0,0,0,0,0,0,288,180,forward,0,0,263.0,1.7000363478883718,101.5375652173535,1.8,328.0
12:18:26,1.699967,101.537544,0,0,0,0,0,0,0,0,288,180,forward,0,0,263.0,1.7000353478883719,101.53756621735349,1.4,355.0
12:18:29,1.699967,101.537544,0,0,0,0,0,0,0,0,288,180,forward,0,0,263.0,1.7000353478883719,101.53756621735349,1.6,188.0
12:18:31,1.699967,101.537545,0,0,0,0,0,0,0,0,288,180,forward,0,0,263.0,1.7000353478883719,101.53756721735348,2.3,99.0
12:18:33,1.699966,101.537545,0,0,0,0,0,0,0,0,288,180,forward,0,0,263.0,1.700034347888372,101.53756721735347,2.6,18.0
12:18:35,1.699966,101.537546,0,0,0,0,0,0,0,0,288,180,forward,0,0,263.0,1.700034347888372,101.53756821735348,1.9,64.0
12:18:37,1.699966,101.537547,0,0,0,0,0,0,0,0,288,180,forward,0,0,263.0,1.700034347888372,101.53756921735348,2.1,48.0
12:18:40,1.699966,101.537547,0,0,0,0,0,0,0,0,288,180,forward,0,0,263.0,1.700034347888372,101.53756921735348,1.8,76.0
12:18:42,1.699965,101.537547,0,0,0,0,0,0,0,0,288,180,forward,0,0,263.0,1.7000333478883718,101.53756921735348,2.1,350.0
12:18:44,1.699965,101.537547,0,0,0,0,0,0,0,0,288,180,forward,0,0,263.0,1.7000333478883718,101.53756921735348,1.6,144.0
12:18:46,1.699965,101.537548,0,0,0,0,0,0,0,0,288,180,forward,0,0,263.0,1.7000333478883718,101.53757021735348,1.3,104.0
12:18:48,1.699965,101.537548,0,0,0,0,0,0,0,0,288,180,forward,0,0,263.0,1.7000333478883718,101.53757021735348,2.0,94.0
12:18:51,1.699965,101.537549,0,0,0,0,0,0,0,0,288,180,forward,0,0,263.0,1.7000333478883718,101.53757121735347,2.2,308.0
12:18:53,1.699965,101.537549,0,0,0,0,0,0,0,0,288,180,forward,0,0,263.0,1.7000333478883718,101.53757121735347,1.4,273.0
12:18:55,1.699965,101.53755,0,0,0,0,0,0,0,0,287,180,forward,0,0,263.0,1.7000337250542845,101.5375710206093,1.6,322.0
12:18:57,1.699965,101.53755,0,0,0,0,0,0,0,0,288,180,forward,0,0,263.0,1.7000333478883718,101.53757221735347,1.4,45.0
12:18:59,1.699964,101.537551,0,0,0,0,0,0,0,0,288,180,forward,0,0,263.0,1.7000323478883719,101.53757321735345,1.7,122.0
12:19:02,1.699964,101.537551,0,0,0,0,0,0,0,0,288,180,forward,0,0,263.0,1.7000323478883719,101.53757321735345,1.8,160.0
12:19:04,1.699963,101.537552,0,0,0,0,0,0,0,0,288,180,forward,0,0,263.0,1.7000313478883717,101.53757421735345,1.6,31.0
12:19:06,1.699963,101.537552,0,0,0,0,0,0,0,0,288,180,forward,0,0,263.0,1.7000313478883717,101.53757421735345,2.1,79.0
12:19:08,1.699963,101.537552,0,0,0,0,0,0,0,0,288,180,forward,0,0,263.0,1.7000313478883717,101.53757421735345,1.4,19.0
12:19:10,1.699963,101.537553,0,0,0,0,0,0,0,0,288,180,forward,0,0,263.0,1.7000313478883717,101.53757521735345,0.9,19.0
12:19:13,1.699962,101.537553,0,0,0,0,0,0,0,0,288,180,forward,0,0,263.0,1.7000303478883718,101.53757521735344,1.5,88.0
12:19:15,1.699962,101.537553,0,0,0,0,0,0,0,0,288,180,forward,0,0,263.0,1.7000303478883718,101.53757521735344,1.3,14.0
12:19:17,1.699961,101.537553,0,0,0,0,0,0,0,0,288,180,forward,0,0,263.0,1.700029347888372,101.53757521735342,1.4,294.0
12:19:19,1.699961,101.537554,0,0,0,0,0,0,0,0,288,180,forward,0,0,263.0,1.700029347888372,101.53757621735342,1.2,90.0
12:19:21,1.69996,101.537554,0,0,0,0,0,0,0,0,288,180,forward,0,0,263.0,1.7000283478883718,101.5375762173534,1.2,181.0
12:19:24,1.69996,101.537554,0,0,0,0,0,0,0,0,288,180,forward,0,0,263.0,1.7000283478883718,101.5375762173534,1.2,291.0
12:19:26,1.699959,101.537554,0,0,0,0,0,0,0,0,288,180,forward,0,0,263.0,1.7000273478883718,101.5375762173534,1.3,300.0
12:19:28,1.699959,101.537554,0,0,0,0,0,0,0,0,288,180,forward,0,0,263.0,1.7000273478883718,101.5375762173534,0.9,41.0
12:19:30,1.699958,101.537554,0,0,0,0,0,0,0,0,288,180,forward,0,0,263.0,1.700026347888372,101.53757621735339,0.9,165.0
12:19:32,1.699958,101.537554,0,0,0,0,0,0,0,0,288,180,forward,0,0,263.0,1.700026347888372,101.53757621735339,1.2,173.0
12:19:35,1.699958,101.537554,0,0,0,0,0,0,0,0,288,180,forward,0,0,263.0,1.700026347888372,101.53757621735339,1.4,117.0
12:19:37,1.699958,101.537554,0,0,0,0,0,0,0,0,288,180,forward,0,0,263.0,1.700026347888372,101.53757621735339,1.2,110.0
12:19:39,1.699957,101.537554,0,0,0,0,0,0,0,0,288,180,forward,0,0,263.0,1.7000253478883718,101.53757621735338,1.2,137.0
12:19:41,1.699957,101.537554,0,0,0,0,0,0,0,0,288,180,forward,0,0,263.0,1.7000253478883718,101.53757621735338,1.2,300.0
12:19:43,1.699958,101.537554,0,0,0,0,0,0,0,0,288,180,forward,0,0,263.0,1.700026347888372,101.53757621735339,1.2,97.0
12:19:46,1.699958,101.537554,0,0,0,0,0,0,0,0,288,180,forward,0,0,263.0,1.700026347888372,101.53757621735339,1.3,82.0
12:19:48,1.699958,101.537554,0,0,0,0,0,0,0,0,288,180,forward,0,0,263.0,1.700026347888372,101.53757621735339,1.9,115.0
12:19:50,1.699958,101.537554,0,0,0,0,0,0,0,0,288,180,forward,0,0,263.0,1.700026347888372,101.53757621735339,1.8,25.0
12:19:52,1.699958,101.537554,0,0,0,0,0,0,0,0,288,180,forward,0,0,263.0,1.700026347888372,101.53757621735339,1.2,311.0
12:19:54,1.699958,101.537554,0,0,0,0,0,0,0,0,288,180,forward,0,0,263.0,1.700026347888372,101.53757621735339,1.7,241.0
12:19:57,1.699958,101.537553,0,0,0,0,0,0,0,0,288,180,forward,0,0,263.0,1.700026347888372,101.53757521735339,1.4,187.0
12:19:59,1.699959,101.537553,0,0,0,0,0,0,0,0,288,180,forward,0,0,263.0,1.7000273478883718,101.5375752173534,1.2,299.0
12:20:01,1.699959,101.537554,0,0,0,0,0,0,0,0,288,180,forward,0,0,263.0,1.7000273478883718,101.5375762173534,1.3,233.0
12:20:03,1.699959,101.537554,0,0,0,0,0,0,0,0,288,180,forward,0,0,263.0,1.7000273478883718,101.5375762173534,1.3,24.0
12:20:05,1.69996,101.537554,0,0,0,0,0,0,0,0,288,180,forward,0,0,263.0,1.7000283478883718,101.5375762173534,1.5,217.0
12:20:08,1.69996,101.537554,0,0,0,0,0,0,0,0,288,180,forward,0,0,263.0,1.7000283478883718,101.5375762173534,1.9,301.0
12:20:10,1.69996,101.537554,0,0,0,0,0,0,0,0,288,180,forward,0,0,263.0,1.7000283478883718,101.5375762173534,2.0,13.0
12:20:12,1.69996,101.537554,0,0,0,0,0,0,0,0,288,180,forward,0,0,263.0,1.7000283478883718,101.5375762173534,1.3,350.0
12:20:14,1.69996,101.537553,0,0,0,0,0,0,0,0,288,180,forward,0,0,263.0,1.7000283478883718,101.5375752173534,2.2,77.0
12:20:16,1.69996,101.537553,0,0,0,0,0,0,0,0,288,180,forward,0,0,263.0,1.7000283478883718,101.5375752173534,2.5,91.0
12:20:19,1.69996,101.537553,0,0,0,0,0,0,0,0,288,180,forward,0,0,263.0,1.7000283478883718,101.5375752173534,2.4,97.0
12:20:21,1.69996,101.537553,0,0,0,0,0,0,0,0,288,180,forward,0,0,263.0,1.7000283478883718,101.5375752173534,2.5,181.0
12:20:23,1.69996,101.537554,0,0,0,0,0,0,0,0,288,180,forward,0,0,263.0,1.7000283478883718,101.5375762173534,1.8,331.0
12:20:25,1.699959,101.537554,0,0,0,0,0,0,0,0,288,180,forward,0,0,263.0,1.7000273478883718,101.5375762173534,2.0,31.0
12:20:27,1.699959,101.537554,0,0,0,0,0,0,0,0,288,180,forward,0,0,263.0,1.7000273478883718,101.5375762173534,3.2,5.0
12:20:30,1.699959,101.537554,0,0,0,0,0,0,0,0,288,180,forward,0,0,263.0,1.7000273478883718,101.5375762173534,3.0,271.0
12:20:32,1.699959,101.537555,0,0,0,0,0,0,0,0,288,180,forward,0,0,263.0,1.7000273478883718,101.5375772173534,2.5,113.0
12:20:34,1.69996,101.537555,0,0,0,0,0,0,0,0,288,180,forward,0,0,263.0,1.7000283478883718,101.5375772173534,1.8,39.0
12:20:36,1.69996,101.537555,0,0,0,0,0,0,0,0,288,180,forward,0,0,263.0,1.7000283478883718,101.5375772173534,2.0,20.0
12:20:38,1.69996,101.537555,0,0,0,0,0,0,0,0,288,180,forward,0,0,263.0,1.7000283478883718,101.5375772173534,1.9,357.0
12:20:41,1.69996,101.537555,0,0,0,0,0,0,0,0,288,180,forward,0,0,263.0,1.7000283478883718,101.5375772173534,1.8,88.0
12:20:43,1.69996,101.537555,0,0,0,0,0,0,0,0,288,180,forward,0,0,263.0,1.7000283478883718,101.5375772173534,2.7,177.0
12:20:45,1.699961,101.537555,0,0,0,0,0,0,0,0,288,180,forward,0,0,263.0,1.700029347888372,101.53757721735342,1.9,233.0
12:20:47,1.699961,101.537555,0,0,0,0,0,0,0,0,288,180,forward,0,0,263.0,1.700029347888372,101.53757721735342,1.9,316.0
12:20:49,1.699962,101.537555,0,0,0,0,0,0,0,0,288,180,forward,0,0,263.0,1.7000303478883718,101.53757721735343,1.3,97.0
12:20:52,1.699962,101.537555,0,0,0,0,0,0,0,0,288,180,forward,0,0,263.0,1.7000303478883718,101.53757721735343,3.2,104.0
12:20:54,1.699963,101.537555,0,0,0,0,0,0,0,0,288,180,forward,0,0,263.0,1.7000313478883717,101.53757721735344,2.6,311.0
12:20:56,1.699963,101.537555,0,0,0,0,0,0,0,0,288,180,forward,0,0,263.0,1.7000313478883717,101.53757721735344,1.8,305.0
12:20:58,1.699964,101.537555,0,0,0,0,0,0,0,0,288,180,forward,0,0,263.0,1.7000323478883719,101.53757721735346,1.8,258.0
12:21:00,1.699964,101.537555,0,0,0,0,0,0,0,0,288,180,forward,0,0,263.0,1.7000323478883719,101.53757721735346,1.2,59.0
12:21:03,1.699965,101.537555,0,0,0,0,0,0,0,0,288,180,forward,0,0,263.0,1.7000333478883718,101.53757721735347,1.4,238.0
12:21:05,1.699964,101.537555,0,0,0,0,0,0,0,0,288,180,forward,0,0,263.0,1.7000323478883719,101.53757721735346,1.7,174.0
12:21:07,1.699964,101.537555,0,0,0,0,0,0,0,0,288,180,forward,0,0,263.0,1.7000323478883719,101.53757721735346,1.2,48.0
12:21:09,1.699964,101.537554,0,0,0,0,0,0,0,0,288,180,forward,0,0,263.0,1.7000323478883719,101.53757621735346,1.2,63.0
12:21:11,1.699964,101.537554,0,0,0,0,0,0,0,0,288,180,forward,0,0,263.0,1.7000323478883719,101.53757621735346,1.2,110.0
12:21:14,1.699964,101.537554,0,0,0,0,0,0,0,0,288,180,forward,0,0,263.0,1.7000323478883719,101.53757621735346,1.2,95.0
12:21:16,1.699964,101.537554,0,0,0,0,0,0,0,0,288,180,forward,0,0,263.0,1.7000323478883719,101.53757621735346,1.5,181.0
12:21:18,1.699963,101.537554,0,0,0,0,0,0,0,0,288,180,forward,0,0,263.0,1.7000313478883717,101.53757621735345,1.2,81.0
12:21:20,1.699963,101.537554,0,0,0,0,0,0,0,0,288,180,forward,0,0,263.0,1.7000313478883717,101.53757621735345,1.5,63.0
12:21:22,1.699963,101.537553,0,0,0,0,0,0,0,0,288,180,forward,0,0,263.0,1.7000313478883717,101.53757521735345,1.6,110.0
12:21:25,1.699963,101.537553,0,0,0,0,0,0,0,0,288,180,forward,0,0,263.0,1.7000313478883717,101.53757521735345,1.9,101.0
12:21:27,1.699963,101.537553,0,0,0,0,0,0,0,0,288,180,forward,0,0,263.0,1.7000313478883717,101.53757521735345,1.6,239.0
12:21:29,1.699962,101.537552,0,0,0,0,0,0,0,0,288,180,forward,0,0,263.0,1.7000303478883718,101.53757421735344,1.6,167.0
12:21:31,1.699962,101.537552,0,0,0,0,0,0,0,0,288,180,forward,0,0,263.0,1.7000303478883718,101.53757421735344,1.6,61.0
12:21:33,1.699962,101.537552,0,0,0,0,0,0,0,0,288,180,forward,0,0,263.0,1.7000303478883718,101.53757421735344,2.4,93.0
12:21:36,1.699962,101.537552,0,0,0,0,0,0,0,0,288,180,forward,0,0,263.0,1.7000303478883718,101.53757421735344,2.1,52.0
12:21:38,1.699962,101.537551,0,0,0,0,0,0,0,0,288,180,forward,0,0,263.0,1.7000303478883718,101.53757321735343,1.9,22.0
12:21:40,1.699962,101.53755,0,0,0,0,0,0,0,0,288,180,forward,0,0,263.0,1.7000303478883718,101.53757221735343,1.5,125.0
12:21:42,1.699962,101.53755,0,0,0,0,0,0,0,0,288,180,forward,0,0,263.0,1.7000303478883718,101.53757221735343,1.3,209.0
12:21:44,1.699962,101.537549,0,0,0,0,0,0,0,0,288,180,forward,0,0,263.0,1.7000303478883718,101.53757121735343,1.1,257.0
12:21:47,1.699962,101.537549,0,0,0,0,0,0,0,0,288,180,forward,0,0,263.0,1.7000303478883718,101.53757121735343,1.0,271.0
12:21:49,1.699962,101.537548,0,0,0,0,0,0,0,0,288,180,forward,0,0,263.0,1.7000303478883718,101.53757021735343,1.3,281.0
12:21:51,1.699961,101.537548,0,0,0,0,0,0,0,0,288,180,forward,0,0,263.0,1.700029347888372,101.53757021735342,1.3,42.0
12:21:53,1.699961,101.537548,0,0,0,0,0,0,0,0,288,180,forward,0,0,263.0,1.700029347888372,101.53757021735342,2.5,151.0
12:21:55,1.699961,101.537548,0,0,0,0,0,0,0,0,288,180,forward,0,0,263.0,1.700029347888372,101.53757021735342,2.8,110.0
12:21:58,1.699961,101.537547,0,0,0,0,0,0,0,0,288,180,forward,0,0,263.0,1.700029347888372,101.53756921735342,2.3,320.0
12:22:00,1.699961,101.537547,0,0,0,0,0,0,0,0,288,180,forward,0,0,263.0,1.700029347888372,101.53756921735342,2.3,221.0
12:22:02,1.699961,101.537547,0,0,0,0,0,0,0,0,288,180,forward,0,0,263.0,1.700029347888372,101.53756921735342,2.1,36.0
12:22:04,1.69996,101.537546,0,0,0,0,0,0,0,0,288,180,forward,0,0,263.0,1.7000283478883718,101.53756821735341,2.1,145.0
12:22:06,1.69996,101.537546,0,0,0,0,0,0,0,0,288,180,forward,0,0,263.0,1.7000283478883718,101.53756821735341,2.1,208.0
12:22:09,1.69996,101.537546,0,0,0,0,0,0,0,0,288,180,forward,0,0,263.0,1.7000283478883718,101.53756821735341,1.9,230.0
12:22:11,1.69996,101.537545,0,0,0,0,0,0,0,0,288,180,forward,0,0,263.0,1.7000283478883718,101.5375672173534,1.8,226.0
12:22:13,1.69996,101.537545,0,0,0,0,0,0,0,0,288,180,forward,0,0,263.0,1.7000283478883718,101.5375672173534,1.6,95.0
12:22:15,1.699959,101.537545,0,0,0,0,0,0,0,0,288,180,forward,0,0,263.0,1.7000273478883718,101.5375672173534,1.5,246.0
12:22:17,1.699959,101.537545,0,0,0,0,0,0,0,0,288,180,forward,0,0,263.0,1.7000273478883718,101.5375672173534,1.5,289.0
12:22:20,1.699959,101.537544,0,0,0,0,0,0,0,0,288,180,forward,0,0,263.0,1.7000273478883718,101.5375662173534,1.4,123.0
12:22:22,1.699959,101.537544,0,0,0,0,0,0,0,0,288,180,forward,0,0,263.0,1.7000273478883718,101.5375662173534,1.8,221.0
12:22:24,1.699959,101.537543,0,0,0,0,0,0,0,0,288,180,forward,0,0,263.0,1.7000273478883718,101.5375652173534,1.7,31.0
12:22:26,1.699958,101.537543,0,0,0,0,0,0,0,0,288,180,forward,0,0,263.0,1.700026347888372,101.53756521735339,1.9,94.0
12:22:28,1.699958,101.537542,0,0,0,0,0,0,0,0,288,180,forward,0,0,263.0,1.700026347888372,101.53756421735339,1.4,20.0
12:22:31,1.699958,101.537542,0,0,0,0,0,0,0,0,288,180,forward,0,0,263.0,1.700026347888372,101.53756421735339,2.1,183.0
12:22:33,1.699958,101.537542,0,0,0,0,0,0,0,0,288,180,forward,0,0,263.0,1.700026347888372,101.53756421735339,2.1,298.0
12:22:35,1.699958,101.537541,0,0,0,0,0,0,0,0,288,180,forward,0,0,263.0,1.700026347888372,101.5375632173534,1.9,246.0
12:22:37,1.699958,101.537541,0,0,0,0,0,0,0,0,288,180,forward,0,0,263.0,1.700026347888372,101.5375632173534,1.9,116.0
12:22:39,1.699959,101.53754,0,0,0,0,0,0,0,0,288,180,forward,0,0,263.0,1.7000273478883718,101.53756221735341,3.0,43.0
12:22:42,1.699959,101.53754,0,0,0,0,0,0,0,0,288,180,forward,0,0,263.0,1.7000273478883718,101.53756221735341,1.9,264.0
12:22:44,1.699958,101.537539,0,0,0,0,0,0,0,0,288,180,forward,0,0,263.0,1.700026347888372,101.53756121735339,1.5,222.0
12:22:46,1.699958,101.537539,0,0,0,0,0,0,0,0,288,180,forward,0,0,263.0,1.700026347888372,101.53756121735339,1.7,57.0
12:22:48,1.699958,101.537538,0,0,0,0,0,0,0,0,288,180,forward,0,0,263.0,1.700026347888372,101.53756021735339,1.8,201.0
12:22:50,1.699958,101.537537,0,0,0,0,0,0,0,0,288,180,forward,0,0,263.0,1.700026347888372,101.53755921735339,1.9,225.0
12:22:53,1.699958,101.537537,0,0,0,0,0,0,0,0,288,180,forward,0,0,263.0,1.700026347888372,101.53755921735339,1.4,316.0
12:22:55,1.699958,101.537537,0,0,0,0,0,0,0,0,288,180,forward,0,0,263.0,1.700026347888372,101.53755921735339,1.1,330.0
12:22:57,1.699958,101.537537,0,0,0,0,0,0,0,0,288,180,forward,0,0,263.0,1.700026347888372,101.53755921735339,1.1,296.0
12:22:59,1.699958,101.537536,0,0,0,0,0,0,0,0,288,180,forward,0,0,263.0,1.700026347888372,101.53755821735339,1.5,322.0
12:23:01,1.699958,101.537536,0,0,0,0,0,0,0,0,288,180,forward,0,0,263.0,1.700026347888372,101.53755821735339,1.3,338.0
12:23:04,1.699958,101.537535,0,0,0,0,0,0,0,0,288,180,forward,0,0,263.0,1.700026347888372,101.5375572173534,1.9,49.0
12:23:06,1.699958,101.537535,0,0,0,0,0,0,0,0,288,180,forward,0,0,263.0,1.700026347888372,101.5375572173534,2.1,81.0
12:23:08,1.699958,101.537535,0,0,0,0,0,0,0,0,288,180,forward,0,0,263.0,1.700026347888372,101.5375572173534,1.9,97.0
12:23:10,1.699958,101.537535,0,0,0,0,0,0,0,0,288,180,forward,0,0,263.0,1.700026347888372,101.5375572173534,1.2,262.0
12:23:12,1.699958,101.537535,0,0,0,0,0,0,0,0,288,180,forward,0,0,263.0,1.700026347888372,101.5375572173534,1.2,194.0
12:23:15,1.699958,101.537535,0,0,0,0,0,0,0,0,288,180,forward,0,0,263.0,1.700026347888372,101.5375572173534,1.1,258.0
12:23:17,1.699959,101.537535,0,0,0,0,0,0,0,0,288,180,forward,0,0,263.0,1.7000273478883718,101.53755721735341,1.4,285.0
12:23:19,1.699959,101.537535,0,0,0,0,0,0,0,0,288,180,forward,0,0,263.0,1.7000273478883718,101.53755721735341,1.9,249.0
12:23:21,1.699959,101.537535,0,0,0,0,0,0,0,0,288,180,forward,0,0,263.0,1.7000273478883718,101.53755721735341,1.5,76.0
12:23:23,1.699959,101.537535,0,0,0,0,0,0,0,0,288,180,forward,0,0,263.0,1.7000273478883718,101.53755721735341,1.6,195.0
12:23:26,1.699958,101.537536,0,0,0,0,0,0,0,0,288,180,forward,0,0,263.0,1.700026347888372,101.53755821735339,1.2,196.0
12:23:28,1.699958,101.537536,0,0,0,0,0,0,0,0,288,180,forward,0,0,263.0,1.700026347888372,101.53755821735339,1.4,280.0
12:23:30,1.699958,101.537536,0,0,0,0,0,0,0,0,288,180,forward,0,0,263.0,1.700026347888372,101.53755821735339,2.4,137.0
12:23:32,1.699958,101.537536,0,0,0,0,0,0,0,0,288,180,forward,0,0,263.0,1.700026347888372,101.53755821735339,1.6,222.0
12:23:34,1.699959,101.537536,0,0,0,0,0,0,0,0,288,180,forward,0,0,263.0,1.7000273478883718,101.5375582173534,1.2,238.0
12:23:37,1.699959,101.537536,0,0,0,0,0,0,0,0,288,180,forward,0,0,263.0,1.7000273478883718,101.5375582173534,1.7,170.0
12:23:39,1.699959,101.537536,0,0,0,0,0,0,0,0,288,180,forward,0,0,263.0,1.7000273478883718,101.5375582173534,1.5,190.0
12:23:41,1.699959,101.537536,0,0,0,0,0,0,0,0,288,180,forward,0,0,263.0,1.7000273478883718,101.5375582173534,1.4,235.0
12:23:43,1.69996,101.537536,0,0,0,0,0,0,0,0,288,180,forward,0,0,263.0,1.7000283478883718,101.5375582173534,2.2,23.0
12:23:45,1.69996,101.537536,0,0,0,0,0,0,0,0,288,180,forward,0,0,263.0,1.7000283478883718,101.5375582173534,2.5,62.0
12:23:48,1.69996,101.537536,0,0,0,0,0,0,0,0,288,180,forward,0,0,263.0,1.7000283478883718,101.5375582173534,2.6,52.0
12:23:50,1.69996,101.537536,0,0,0,0,0,0,0,0,288,180,forward,0,0,263.0,1.7000283478883718,101.5375582173534,1.7,342.0
12:23:52,1.69996,101.537536,0,0,0,0,0,0,0,0,288,180,forward,0,0,263.0,1.7000283478883718,101.5375582173534,1.9,186.0
12:23:54,1.69996,101.537536,0,0,0,0,0,0,0,0,288,180,forward,0,0,263.0,1.7000283478883718,101.5375582173534,1.7,201.0
12:23:56,1.69996,101.537536,0,0,0,0,0,0,0,0,288,180,forward,0,0,263.0,1.7000283478883718,101.5375582173534,2.0,117.0
12:23:59,1.69996,101.537536,0,0,0,0,0,0,0,0,288,180,forward,0,0,263.0,1.7000283478883718,101.5375582173534,2.5,163.0
12:24:01,1.69996,101.537536,0,0,0,0,0,0,0,0,288,180,forward,0,0,263.0,1.7000283478883718,101.5375582173534,2.1,187.0
12:24:03,1.69996,101.537536,0,0,0,0,0,0,0,0,288,180,forward,0,0,263.0,1.7000283478883718,101.5375582173534,1.4,303.0
12:24:05,1.69996,101.537536,0,0,0,0,0,0,0,0,288,180,forward,0,0,263.0,1.7000283478883718,101.5375582173534,1.1,222.0
12:24:07,1.69996,101.537536,0,0,0,0,0,0,0,0,288,180,forward,0,0,263.0,1.7000283478883718,101.5375582173534,1.2,226.0
12:24:10,1.699961,101.537536,0,0,0,0,0,0,0,0,288,180,forward,0,0,263.0,1.700029347888372,101.53755821735342,2.5,77.0
12:24:12,1.699961,101.537536,0,0,0,0,0,0,0,0,288,180,forward,0,0,263.0,1.700029347888372,101.53755821735342,2.3,184.0
12:24:14,1.699961,101.537537,0,0,0,0,0,0,0,0,288,180,forward,0,0,263.0,1.700029347888372,101.53755921735342,1.7,143.0
12:24:16,1.699961,101.537537,0,0,0,0,0,0,0,0,288,180,forward,0,0,263.0,1.700029347888372,101.53755921735342,1.3,257.0
12:24:18,1.699961,101.537537,0,0,0,0,0,0,0,0,288,180,forward,0,0,263.0,1.700029347888372,101.53755921735342,1.5,2.0
12:24:21,1.699961,101.537537,0,0,0,0,0,0,0,0,288,180,forward,0,0,263.0,1.700029347888372,101.53755921735342,1.7,179.0
12:24:23,1.699962,101.537537,0,0,0,0,0,0,0,0,288,180,forward,0,0,263.0,1.7000303478883718,101.53755921735343,1.3,63.0
12:24:25,1.699962,101.537537,0,0,0,0,0,0,0,0,288,180,forward,0,0,263.0,1.7000303478883718,101.53755921735343,2.3,26.0
12:24:27,1.699962,101.537537,0,0,0,0,0,0,0,0,288,180,forward,0,0,263.0,1.7000303478883718,101.53755921735343,1.9,183.0
12:24:29,1.699962,101.537537,0,0,0,0,0,0,0,0,288,180,forward,0,0,263.0,1.7000303478883718,101.53755921735343,1.9,213.0
12:24:31,1.699962,101.537538,0,0,0,0,0,0,0,0,288,180,forward,0,0,263.0,1.7000303478883718,101.53756021735343,1.8,29.0
12:24:34,1.699962,101.537538,0,0,0,0,0,0,0,0,288,180,forward,0,0,263.0,1.7000303478883718,101.53756021735343,1.8,252.0
12:24:36,1.699961,101.537539,0,0,0,0,0,0,0,0,288,180,forward,0,0,263.0,1.700029347888372,101.53756121735341,1.4,265.0
12:24:38,1.699961,101.537539,0,0,0,0,0,0,0,0,288,180,forward,0,0,263.0,1.700029347888372,101.53756121735341,1.5,320.0
12:24:40,1.699961,101.53754,0,0,0,0,0,0,0,0,288,180,forward,0,0,263.0,1.700029347888372,101.53756221735343,2.6,167.0
12:24:42,1.69996,101.53754,0,0,0,0,0,0,0,0,288,180,forward,0,0,263.0,1.7000283478883718,101.53756221735341,1.9,87.0
12:24:45,1.69996,101.537541,0,0,0,0,0,0,0,0,288,180,forward,0,0,263.0,1.7000283478883718,101.53756321735341,1.6,22.0
12:24:47,1.69996,101.537542,0,0,0,0,0,0,0,0,288,180,forward,0,0,263.0,1.7000283478883718,101.5375642173534,2.6,55.0
12:24:49,1.69996,101.537542,0,0,0,0,0,0,0,0,288,180,forward,0,0,263.0,1.7000283478883718,101.5375642173534,2.8,309.0
12:24:51,1.69996,101.537543,0,0,0,0,0,0,0,0,288,180,forward,0,0,263.0,1.7000283478883718,101.5375652173534,2.5,133.0
12:24:53,1.699959,101.537544,0,0,0,0,0,0,0,0,288,180,forward,0,0,263.0,1.7000273478883718,101.5375662173534,2.7,282.0
12:24:56,1.699959,101.537544,0,0,0,0,0,0,0,0,288,180,forward,0,0,263.0,1.7000273478883718,101.5375662173534,2.0,251.0
12:24:58,1.699959,101.537545,0,0,0,0,0,0,0,0,288,180,forward,0,0,263.0,1.7000273478883718,101.5375672173534,1.9,355.0
12:25:00,1.699959,101.537545,0,0,0,0,0,0,0,0,288,180,forward,0,0,263.0,1.7000273478883718,101.5375672173534,2.5,191.0
12:25:02,1.699959,101.537546,0,0,0,0,0,0,0,0,288,180,forward,0,0,263.0,1.7000273478883718,101.53756821735341,2.0,313.0
12:25:04,1.699958,101.537547,0,0,0,0,0,0,0,0,288,180,forward,0,0,263.0,1.700026347888372,101.5375692173534,1.4,7.0
12:25:07,1.699958,101.537547,0,0,0,0,0,0,0,0,288,180,forward,0,0,263.0,1.700026347888372,101.5375692173534,3.2,320.0
12:25:09,1.699959,101.537548,0,0,0,0,0,0,0,0,288,180,forward,0,0,263.0,1.7000273478883718,101.5375702173534,2.5,83.0
12:25:11,1.699959,101.537548,0,0,0,0,0,0,0,0,288,180,forward,0,0,263.0,1.7000273478883718,101.5375702173534,2.0,73.0
12:25:13,1.699959,101.537549,0,0,0,0,0,0,0,0,288,180,forward,0,0,263.0,1.7000273478883718,101.5375712173534,2.0,63.0
12:25:15,1.69996,101.537549,0,0,0,0,0,0,0,0,288,180,forward,0,0,263.0,1.7000283478883718,101.5375712173534,2.3,322.0
12:25:18,1.69996,101.53755,0,0,0,0,0,0,0,0,288,180,forward,0,0,263.0,1.7000283478883718,101.5375722173534,2.6,59.0
12:25:20,1.69996,101.53755,0,0,0,0,0,0,0,0,288,180,forward,0,0,263.0,1.7000283478883718,101.5375722173534,2.9,47.0
12:25:22,1.699961,101.537551,0,0,0,0,0,0,0,0,288,180,forward,0,0,263.0,1.700029347888372,101.53757321735341,2.6,143.0
12:25:24,1.699961,101.537551,0,0,0,0,0,0,0,0,288,180,forward,0,0,263.0,1.700029347888372,101.53757321735341,1.9,11.0
12:25:26,1.699962,101.537552,0,0,0,0,0,0,0,0,288,180,forward,0,0,263.0,1.7000303478883718,101.53757421735344,2.7,307.0
12:25:29,1.699962,101.537552,0,0,0,0,0,0,0,0,288,180,forward,0,0,263.0,1.7000303478883718,101.53757421735344,2.0,180.0
12:25:31,1.699963,101.537553,0,0,0,0,0,0,0,0,288,180,forward,0,0,263.0,1.7000313478883717,101.53757521735345,1.6,357.0
12:25:33,1.699963,101.537553,0,0,0,0,0,0,0,0,288,180,forward,0,0,263.0,1.7000313478883717,101.53757521735345,1.9,347.0
12:25:35,1.699963,101.537554,0,0,0,0,0,0,0,0,288,180,forward,0,0,263.0,1.7000313478883717,101.53757621735345,1.9,354.0
12:25:37,1.699963,101.537554,0,0,0,0,0,0,0,0,288,180,forward,0,0,263.0,1.7000313478883717,101.53757621735345,2.1,7.0
12:25:40,1.699963,101.537554,0,0,0,0,0,0,0,0,288,180,forward,0,0,263.0,1.7000313478883717,101.53757621735345,1.8,101.0
12:25:42,1.699963,101.537554,0,0,0,0,0,0,0,0,288,180,forward,0,0,263.0,1.7000313478883717,101.53757621735345,1.7,252.0
12:25:44,1.699963,101.537555,0,0,0,0,0,0,0,0,288,180,forward,0,0,263.0,1.7000313478883717,101.53757721735344,1.9,296.0
12:25:46,1.699964,101.537555,0,0,0,0,0,0,0,0,288,180,forward,0,0,263.0,1.7000323478883719,101.53757721735346,1.9,116.0
12:25:48,1.699963,101.537555,0,0,0,0,0,0,0,0,288,180,forward,0,0,263.0,1.7000313478883717,101.53757721735344,2.2,72.0
12:25:51,1.699963,101.537556,0,0,0,0,0,0,0,0,288,180,forward,0,0,263.0,1.7000313478883717,101.53757821735344,2.5,293.0
12:25:53,1.699963,101.537556,0,0,0,0,0,0,0,0,288,180,forward,0,0,263.0,1.7000313478883717,101.53757821735344,2.1,104.0
12:25:55,1.699963,101.537556,0,0,0,0,0,0,0,0,288,180,forward,0,0,263.0,1.7000313478883717,101.53757821735344,1.7,200.0
12:25:57,1.699963,101.537557,0,0,0,0,0,0,0,0,288,180,forward,0,0,263.0,1.7000313478883717,101.53757921735345,1.7,315.0
12:25:59,1.699963,101.537557,0,0,0,0,0,0,0,0,288,180,forward,0,0,263.0,1.7000313478883717,101.53757921735345,1.9,102.0
12:26:02,1.699963,101.537558,0,0,0,0,0,0,0,0,288,180,forward,0,0,263.0,1.7000313478883717,101.53758021735345,2.1,254.0
12:26:04,1.699963,101.537558,0,0,0,0,0,0,0,0,288,180,forward,0,0,263.0,1.7000313478883717,101.53758021735345,1.9,286.0
12:26:06,1.699963,101.537557,0,0,0,0,0,0,0,0,288,180,forward,0,0,263.0,1.7000313478883717,101.53757921735345,1.9,257.0
12:26:08,1.699963,101.537557,0,0,0,0,0,0,0,0,288,180,forward,0,0,263.0,1.7000313478883717,101.53757921735345,1.4,256.0
12:26:10,1.699963,101.537557,0,0,0,0,0,0,0,0,288,180,forward,0,0,263.0,1.7000313478883717,101.53757921735345,1.2,142.0
12:26:13,1.699963,101.537557,0,0,0,0,0,0,0,0,288,180,forward,0,0,263.0,1.7000313478883717,101.53757921735345,2.0,252.0
12:26:15,1.699963,101.537557,0,0,0,0,0,0,0,0,287,180,forward,0,0,263.0,1.7000317250542845,101.53757802060929,2.1,150.0
12:26:17,1.699963,101.537557,0,0,0,0,0,0,0,0,288,180,forward,0,0,263.0,1.7000313478883717,101.53757921735345,1.7,137.0
12:26:19,1.699963,101.537557,0,0,0,0,0,0,0,0,288,180,forward,0,0,263.0,1.7000313478883717,101.53757921735345,1.6,241.0
12:26:21,1.699963,101.537557,0,0,0,0,0,0,0,0,288,180,forward,0,0,263.0,1.7000313478883717,101.53757921735345,1.6,238.0
12:26:24,1.699963,101.537557,0,0,0,0,0,0,0,0,288,180,forward,0,0,263.0,1.7000313478883717,101.53757921735345,1.9,228.0
12:26:26,1.699963,101.537556,0,0,0,0,0,0,0,0,288,180,forward,0,0,263.0,1.7000313478883717,101.53757821735344,1.5,169.0
12:26:28,1.699962,101.537556,0,0,0,0,0,0,0,0,288,180,forward,0,0,263.0,1.7000303478883718,101.53757821735343,1.6,206.0
12:26:30,1.699962,101.537556,0,0,0,0,0,0,0,0,288,180,forward,0,0,263.0,1.7000303478883718,101.53757821735343,1.9,211.0
12:26:32,1.699961,101.537555,0,0,0,0,0,0,0,0,288,180,forward,0,0,263.0,1.700029347888372,101.53757721735342,2.8,243.0
12:26:35,1.699961,101.537555,0,0,0,0,0,0,0,0,288,180,forward,0,0,263.0,1.700029347888372,101.53757721735342,2.1,188.0
12:26:37,1.69996,101.537555,0,0,0,0,0,0,0,0,288,180,forward,0,0,263.0,1.7000283478883718,101.5375772173534,4.2,13.0
12:26:39,1.69996,101.537554,0,0,0,0,0,0,0,0,288,180,forward,0,0,263.0,1.7000283478883718,101.5375762173534,3.2,110.0
12:26:41,1.699959,101.537554,0,0,0,0,0,0,0,0,288,180,forward,0,0,263.0,1.7000273478883718,101.5375762173534,1.9,5.0
12:26:43,1.699958,101.537554,0,0,0,0,0,0,0,0,288,180,forward,0,0,263.0,1.700026347888372,101.53757621735339,2.7,143.0
12:26:46,1.699958,101.537553,0,0,0,0,0,0,0,0,288,180,forward,0,0,263.0,1.700026347888372,101.53757521735339,2.5,55.0
12:26:48,1.699958,101.537553,0,0,0,0,0,0,0,0,288,180,forward,0,0,263.0,1.700026347888372,101.53757521735339,2.6,215.0
12:26:50,1.699957,101.537553,0,0,0,0,0,0,0,0,288,180,forward,0,0,263.0,1.7000253478883718,101.53757521735338,2.5,110.0
12:26:52,1.699957,101.537552,0,0,0,0,0,0,0,0,288,180,forward,0,0,263.0,1.7000253478883718,101.53757421735338,2.3,280.0
12:26:54,1.699957,101.537552,0,0,0,0,0,0,0,0,288,180,forward,0,0,263.0,1.7000253478883718,101.53757421735338,1.9,203.0
12:26:57,1.699956,101.537551,0,0,0,0,0,0,0,0,288,180,forward,0,0,263.0,1.7000243478883719,101.53757321735335,1.5,209.0
12:26:59,1.699955,101.537551,0,0,0,0,0,0,0,0,288,180,forward,0,0,263.0,1.700023347888372,101.53757321735334,1.8,158.0
12:27:01,1.699955,101.53755,0,0,0,0,0,0,0,0,288,180,forward,0,0,263.0,1.700023347888372,101.53757221735334,1.9,224.0
12:27:03,1.699955,101.537549,0,0,0,0,0,0,0,0,288,180,forward,0,0,263.0,1.700023347888372,101.53757121735335,2.3,245.0
12:27:05,1.699955,101.537549,0,0,0,0,0,0,0,0,288,180,forward,0,0,263.0,1.700023347888372,101.53757121735335,1.8,205.0
12:27:08,1.699954,101.537548,0,0,0,0,0,0,0,0,288,180,forward,0,0,263.0,1.7000223478883718,101.53757021735335,2.2,159.0
12:27:10,1.699954,101.537547,0,0,0,0,0,0,0,0,288,180,forward,0,0,263.0,1.7000223478883718,101.53756921735335,2.5,136.0
12:27:12,1.699955,101.537547,0,0,0,0,0,0,0,0,288,180,forward,0,0,263.0,1.700023347888372,101.53756921735335,1.9,301.0
12:27:14,1.699955,101.537546,0,0,0,0,0,0,0,0,288,180,forward,0,0,263.0,1.700023347888372,101.53756821735335,1.9,248.0
12:27:16,1.699955,101.537546,0,0,0,0,0,0,0,0,288,180,forward,0,0,263.0,1.700023347888372,101.53756821735335,1.3,118.0
12:27:19,1.699955,101.537545,0,0,0,0,0,0,0,0,288,180,forward,0,0,263.0,1.700023347888372,101.53756721735334,1.7,182.0
12:27:21,1.699955,101.537545,0,0,0,0,0,0,0,0,288,180,forward,0,0,263.0,1.700023347888372,101.53756721735334,1.6,76.0
12:27:23,1.699955,101.537544,0,0,0,0,0,0,0,0,288,180,forward,0,0,263.0,1.700023347888372,101.53756621735334,1.9,124.0
12:27:25,1.699955,101.537543,0,0,0,0,0,0,0,0,288,180,forward,0,0,263.0,1.700023347888372,101.53756521735335,1.2,266.0
12:27:27,1.699955,101.537543,0,0,0,0,0,0,0,0,288,180,forward,0,0,263.0,1.700023347888372,101.53756521735335,1.7,4.0
12:27:30,1.699955,101.537542,0,0,0,0,0,0,0,0,288,180,forward,0,0,263.0,1.700023347888372,101.53756421735335,2.8,19.0
12:27:32,1.699955,101.537542,0,0,0,0,0,0,0,0,288,180,forward,0,0,263.0,1.700023347888372,101.53756421735335,2.3,166.0
12:27:34,1.699955,101.537542,0,0,0,0,0,0,0,0,288,180,forward,0,0,263.0,1.700023347888372,101.53756421735335,2.3,159.0
12:27:36,1.699955,101.537542,0,0,0,0,0,0,0,0,288,180,forward,0,0,263.0,1.700023347888372,101.53756421735335,1.4,67.0
12:27:38,1.699955,101.537541,0,0,0,0,0,0,0,0,288,180,forward,0,0,263.0,1.700023347888372,101.53756321735335,1.4,238.0
12:27:41,1.699956,101.537541,0,0,0,0,0,0,0,0,288,180,forward,0,0,263.0,1.7000243478883719,101.53756321735337,2.4,18.0
12:27:43,1.699956,101.537541,0,0,0,0,0,0,0,0,288,180,forward,0,0,263.0,1.7000243478883719,101.53756321735337,1.8,26.0
12:27:45,1.699957,101.537541,0,0,0,0,0,0,0,0,288,180,forward,0,0,263.0,1.7000253478883718,101.53756321735338,1.6,57.0
12:27:47,1.699957,101.537541,0,0,0,0,0,0,0,0,288,180,forward,0,0,263.0,1.7000253478883718,101.53756321735338,1.6,359.0
12:27:49,1.699958,101.537541,0,0,0,0,0,0,0,0,288,180,forward,0,0,263.0,1.700026347888372,101.5375632173534,1.7,186.0
12:27:52,1.699958,101.537541,0,0,0,0,0,0,0,0,288,180,forward,0,0,263.0,1.700026347888372,101.5375632173534,1.6,256.0
12:27:54,1.699959,101.537541,0,0,0,0,0,0,0,0,288,180,forward,0,0,263.0,1.7000273478883718,101.53756321735341,1.4,297.0
12:27:56,1.69996,101.537541,0,0,0,0,0,0,0,0,287,180,forward,0,0,263.0,1.7000287250542845,101.53756202060926,1.7,53.0
12:27:58,1.69996,101.537541,0,0,0,0,0,0,0,0,288,180,forward,0,0,263.0,1.7000283478883718,101.53756321735341,1.7,115.0
12:28:00,1.69996,101.537542,0,0,0,0,0,0,0,0,288,180,forward,0,0,263.0,1.7000283478883718,101.5375642173534,2.0,18.0
12:28:03,1.699961,101.537542,0,0,0,0,0,0,0,0,288,180,forward,0,0,263.0,1.700029347888372,101.53756421735342,2.0,19.0
12:28:05,1.699962,101.537542,0,0,0,0,0,0,0,0,288,180,forward,0,0,263.0,1.7000303478883718,101.53756421735343,1.9,73.0
12:28:07,1.699962,101.537543,0,0,0,0,0,0,0,0,288,180,forward,0,0,263.0,1.7000303478883718,101.53756521735343,2.1,186.0
12:28:09,1.699963,101.537543,0,0,0,0,0,0,0,0,288,180,forward,0,0,263.0,1.7000313478883717,101.53756521735345,2.0,178.0
12:28:11,1.699963,101.537543,0,0,0,0,0,0,0,0,288,180,forward,0,0,263.0,1.7000313478883717,101.53756521735345,1.9,106.0
12:28:14,1.699964,101.537543,0,0,0,0,0,0,0,0,288,180,forward,0,0,263.0,1.7000323478883719,101.53756521735346,2.1,323.0
12:28:16,1.699964,101.537543,0,0,0,0,0,0,0,0,288,180,forward,0,0,263.0,1.7000323478883719,101.53756521735346,2.0,79.0
12:28:18,1.699964,101.537544,0,0,0,0,0,0,0,0,288,180,forward,0,0,263.0,1.7000323478883719,101.53756621735346,1.7,92.0
12:28:20,1.699965,101.537544,0,0,0,0,0,0,0,0,288,180,forward,0,0,263.0,1.7000333478883718,101.53756621735347,1.3,5.0
12:28:22,1.699965,101.537544,0,0,0,0,0,0,0,0,288,180,forward,0,0,263.0,1.7000333478883718,101.53756621735347,2.3,48.0
12:28:25,1.699965,101.537544,0,0,0,0,0,0,0,0,288,180,forward,0,0,263.0,1.7000333478883718,101.53756621735347,2.0,75.0
12:28:27,1.699965,101.537544,0,0,0,0,0,0,0,0,288,180,forward,0,0,263.0,1.7000333478883718,101.53756621735347,1.9,33.0
12:28:29,1.699965,101.537544,0,0,0,0,0,0,0,0,288,180,forward,0,0,263.0,1.7000333478883718,101.53756621735347,1.7,46.0
12:28:31,1.699965,101.537544,0,0,0,0,0,0,0,0,288,180,forward,0,0,263.0,1.7000333478883718,101.53756621735347,1.2,85.0
12:28:33,1.699965,101.537544,0,0,0,0,0,0,0,0,288,180,forward,0,0,263.0,1.7000333478883718,101.53756621735347,1.2,355.0
12:28:36,1.699965,101.537544,0,0,0,0,0,0,0,0,288,180,forward,0,0,263.0,1.7000333478883718,101.53756621735347,1.9,1.0
12:28:38,1.699965,101.537544,0,0,0,0,0,0,0,0,288,180,forward,0,0,263.0,1.7000333478883718,101.53756621735347,2.1,15.0
12:28:40,1.699966,101.537544,0,0,0,0,0,0,0,0,288,180,forward,0,0,263.0,1.700034347888372,101.53756621735347,2.4,295.0
12:28:42,1.699966,101.537544,0,0,0,0,0,0,0,0,288,180,forward,0,0,263.0,1.700034347888372,101.53756621735347,1.6,47.0
12:28:44,1.699966,101.537544,0,0,0,0,0,0,0,0,288,180,forward,0,0,263.0,1.700034347888372,101.53756621735347,1.2,67.0
12:28:47,1.699966,101.537544,0,0,0,0,0,0,0,0,288,180,forward,0,0,263.0,1.700034347888372,101.53756621735347,1.5,181.0
12:28:49,1.699966,101.537544,0,0,0,0,0,0,0,0,288,180,forward,0,0,263.0,1.700034347888372,101.53756621735347,1.3,236.0
12:28:51,1.699967,101.537544,0,0,0,0,0,0,0,0,288,180,forward,0,0,263.0,1.7000353478883719,101.53756621735349,1.4,5.0
12:28:53,1.699967,101.537544,0,0,0,0,0,0,0,0,288,180,forward,0,0,263.0,1.7000353478883719,101.53756621735349,0.9,151.0
12:28:55,1.699968,101.537544,0,0,0,0,0,0,0,0,288,180,forward,0,0,263.0,1.7000363478883718,101.5375662173535,1.2,223.0
12:28:58,1.699968,101.537544,0,0,0,0,0,0,0,0,288,180,forward,0,0,263.0,1.7000363478883718,101.5375662173535,1.2,105.0
12:29:00,1.699968,101.537544,0,0,0,0,0,0,0,0,288,180,forward,0,0,263.0,1.7000363478883718,101.5375662173535,1.3,307.0
12:29:02,1.699968,101.537544,0,0,0,0,0,0,0,0,288,180,forward,0,0,263.0,1.7000363478883718,101.5375662173535,1.9,171.0
12:29:04,1.699968,101.537544,0,0,0,0,0,0,0,0,288,180,forward,0,0,263.0,1.7000363478883718,101.5375662173535,1.5,218.0
12:29:06,1.699969,101.537544,0,0,0,0,0,0,0,0,288,180,forward,0,0,263.0,1.700037347888372,101.53756621735351,1.1,72.0
12:29:09,1.699969,101.537543,0,0,0,0,0,0,0,0,288,180,forward,0,0,263.0,1.700037347888372,101.53756521735352,1.2,27.0
12:29:11,1.699969,101.537543,0,0,0,0,0,0,0,0,288,180,forward,0,0,263.0,1.700037347888372,101.53756521735352,1.1,64.0
12:29:13,1.699969,101.537543,0,0,0,0,0,0,0,0,288,180,forward,0,0,263.0,1.700037347888372,101.53756521735352,0.6,74.0
12:29:15,1.699968,101.537543,0,0,0,0,0,0,0,0,288,180,forward,0,0,263.0,1.7000363478883718,101.5375652173535,0.5,4.0
12:29:17,1.699968,101.537543,0,0,0,0,0,0,0,0,288,180,forward,0,0,263.0,1.7000363478883718,101.5375652173535,0.7,43.0
12:29:20,1.699968,101.537543,0,0,0,0,0,0,0,0,288,180,forward,0,0,263.0,1.7000363478883718,101.5375652173535,0.8,23.0
12:29:22,1.699968,101.537543,0,0,0,0,0,0,0,0,288,180,forward,0,0,263.0,1.7000363478883718,101.5375652173535,1.2,17.0
12:29:24,1.699968,101.537543,0,0,0,0,0,0,0,0,288,180,forward,0,0,263.0,1.7000363478883718,101.5375652173535,1.9,47.0
12:29:26,1.699968,101.537543,0,0,0,0,0,0,0,0,288,180,forward,0,0,263.0,1.7000363478883718,101.5375652173535,1.7,4.0
12:29:28,1.699968,101.537543,0,0,0,0,0,0,0,0,288,180,forward,0,0,263.0,1.7000363478883718,101.5375652173535,1.9,68.0
12:29:31,1.699969,101.537543,0,0,0,0,0,0,0,0,288,180,forward,0,0,263.0,1.700037347888372,101.53756521735352,1.6,16.0
12:29:33,1.699969,101.537543,0,0,0,0,0,0,0,0,288,180,forward,0,0,263.0,1.700037347888372,101.53756521735352,1.3,73.0
12:29:35,1.699969,101.537543,0,0,0,0,0,0,0,0,288,180,forward,0,0,263.0,1.700037347888372,101.53756521735352,1.7,250.0
12:29:37,1.699969,101.537543,0,0,0,0,0,0,0,0,288,180,forward,0,0,263.0,1.700037347888372,101.53756521735352,1.7,250.0
12:29:39,1.699969,101.537543,0,0,0,0,0,0,0,0,288,180,forward,0,0,263.0,1.700037347888372,101.53756521735352,1.7,250.0
12:29:42,1.699969,101.537543,0,0,0,0,0,0,0,0,288,180,forward,0,0,263.0,1.700037347888372,101.53756521735352,1.7,250.0
12:29:44,1.699969,101.537543,0,0,0,0,0,0,0,0,288,180,forward,0,0,263.0,1.700037347888372,101.53756521735352,1.7,250.0
12:29:46,1.699969,101.537543,0,0,0,0,0,0,0,0,288,180,forward,0,0,263.0,1.700037347888372,101.53756521735352,1.9,235.0
12:29:48,1.699969,101.537543,0,0,0,0,0,0,0,0,288,180,forward,0,0,263.0,1.700037347888372,101.53756521735352,2.0,0.0
12:29:50,1.69997,101.537542,0,0,0,0,0,0,0,0,288,180,forward,0,0,263.0,1.7000383478883718,101.53756421735353,1.9,161.0
12:29:53,1.69997,101.537542,0,0,0,0,0,0,0,0,288,180,forward,0,0,263.0,1.7000383478883718,101.53756421735353,1.2,218.0
12:29:55,1.69997,101.537542,0,0,0,0,0,0,0,0,288,180,forward,0,0,263.0,1.7000383478883718,101.53756421735353,1.4,206.0
12:29:57,1.69997,101.537542,0,0,0,0,0,0,0,0,288,180,forward,0,0,263.0,1.7000383478883718,101.53756421735353,1.8,189.0
12:29:59,1.69997,101.537542,0,0,0,0,0,0,0,0,288,180,forward,0,0,263.0,1.7000383478883718,101.53756421735353,2.8,228.0
12:30:01,1.69997,101.537542,0,0,0,0,0,0,0,0,288,180,forward,0,0,263.0,1.7000383478883718,101.53756421735353,2.3,230.0
12:30:04,1.69997,101.537542,0,0,0,0,0,0,0,0,288,180,forward,0,0,263.0,1.7000383478883718,101.53756421735353,1.8,280.0
12:30:06,1.69997,101.537542,0,0,0,0,0,0,0,0,288,180,forward,0,0,263.0,1.7000383478883718,101.53756421735353,2.8,183.0
12:30:08,1.69997,101.537542,0,0,0,0,0,0,0,0,288,180,forward,0,0,263.0,1.7000383478883718,101.53756421735353,2.1,351.0
12:30:10,1.69997,101.537542,0,0,0,0,0,0,0,0,288,180,forward,0,0,263.0,1.7000383478883718,101.53756421735353,1.9,304.0
12:30:12,1.69997,101.537542,0,0,0,0,0,0,0,0,288,180,forward,0,0,263.0,1.7000383478883718,101.53756421735353,2.5,149.0
12:30:15,1.69997,101.537542,0,0,0,0,0,0,0,0,288,180,forward,0,0,263.0,1.7000383478883718,101.53756421735353,2.4,62.0
12:30:17,1.69997,101.537542,0,0,0,0,0,0,0,0,288,180,forward,0,0,263.0,1.7000383478883718,101.53756421735353,2.4,46.0
12:30:19,1.69997,101.537542,0,0,0,0,0,0,0,0,288,180,forward,0,0,263.0,1.7000383478883718,101.53756421735353,1.8,244.0
12:30:21,1.69997,101.537542,0,0,0,0,0,0,0,0,288,180,forward,0,0,263.0,1.7000383478883718,101.53756421735353,2.4,251.0
12:30:23,1.69997,101.537542,0,0,0,0,0,0,0,0,288,180,forward,0,0,263.0,1.7000383478883718,101.53756421735353,2.3,199.0
12:30:26,1.69997,101.537542,0,0,0,0,0,0,0,0,288,180,forward,0,0,263.0,1.7000383478883718,101.53756421735353,2.2,195.0
12:30:28,1.69997,101.537542,0,0,0,0,0,0,0,0,288,180,forward,0,0,263.0,1.7000383478883718,101.53756421735353,1.5,153.0
12:30:30,1.69997,101.537542,0,0,0,0,0,0,0,0,288,180,forward,0,0,263.0,1.7000383478883718,101.53756421735353,1.5,227.0
12:30:32,1.69997,101.537542,0,0,0,0,0,0,0,0,288,180,forward,0,0,263.0,1.7000383478883718,101.53756421735353,2.2,277.0
12:30:34,1.69997,101.537542,0,0,0,0,0,0,0,0,288,180,forward,0,0,263.0,1.7000383478883718,101.53756421735353,2.5,286.0
12:30:37,1.69997,101.537542,0,0,0,0,0,0,0,0,288,180,forward,0,0,263.0,1.7000383478883718,101.53756421735353,2.5,163.0
12:30:39,1.69997,101.537542,0,0,0,0,0,0,0,0,288,180,forward,0,0,263.0,1.7000383478883718,101.53756421735353,1.8,103.0
12:30:41,1.69997,101.537542,0,0,0,0,0,0,0,0,288,180,forward,0,0,263.0,1.7000383478883718,101.53756421735353,1.6,110.0
12:30:43,1.69997,101.537542,0,0,0,0,0,0,0,0,288,180,forward,0,0,263.0,1.7000383478883718,101.53756421735353,1.6,238.0
12:30:45,1.69997,101.537542,0,0,0,0,0,0,0,0,288,180,forward,0,0,263.0,1.7000383478883718,101.53756421735353,1.5,27.0
12:30:48,1.69997,101.537542,0,0,0,0,0,0,0,0,288,180,forward,0,0,263.0,1.7000383478883718,101.53756421735353,1.9,319.0
12:30:50,1.69997,101.537542,0,0,0,0,0,0,0,0,288,180,forward,0,0,263.0,1.7000383478883718,101.53756421735353,2.6,308.0
12:30:52,1.69997,101.537542,0,0,0,0,0,0,0,0,288,180,forward,0,0,263.0,1.7000383478883718,101.53756421735353,2.2,186.0
12:30:54,1.69997,101.537542,0,0,0,0,0,0,0,0,288,180,forward,0,0,263.0,1.7000383478883718,101.53756421735353,1.6,18.0
12:30:56,1.69997,101.537542,0,0,0,0,0,0,0,0,288,180,forward,0,0,263.0,1.7000383478883718,101.53756421735353,1.3,285.0
12:30:59,1.69997,101.537542,0,0,0,0,0,0,0,0,288,180,forward,0,0,263.0,1.7000383478883718,101.53756421735353,1.5,72.0
12:31:01,1.69997,101.537542,0,0,0,0,0,0,0,0,288,180,forward,0,0,263.0,1.7000383478883718,101.53756421735353,1.7,240.0
12:31:03,1.69997,101.537542,0,0,0,0,0,0,0,0,288,180,forward,0,0,263.0,1.7000383478883718,101.53756421735353,1.7,226.0
12:31:05,1.69997,101.537542,0,0,0,0,0,0,0,0,288,180,forward,0,0,263.0,1.7000383478883718,101.53756421735353,1.5,210.0
12:31:07,1.69997,101.537542,0,0,0,0,0,0,0,0,288,180,forward,0,0,263.0,1.7000383478883718,101.53756421735353,1.5,110.0
12:31:10,1.69997,101.537542,0,0,0,0,0,0,0,0,288,180,forward,0,0,263.0,1.7000383478883718,101.53756421735353,2.3,207.0
12:31:12,1.69997,101.537542,0,0,0,0,0,0,0,0,288,180,forward,0,0,263.0,1.7000383478883718,101.53756421735353,1.7,163.0
12:31:14,1.69997,101.537542,0,0,0,0,0,0,0,0,288,180,forward,0,0,263.0,1.7000383478883718,101.53756421735353,1.3,17.0
12:31:16,1.69997,101.537542,0,0,0,0,0,0,0,0,288,180,forward,0,0,263.0,1.7000383478883718,101.53756421735353,1.4,258.0
12:31:18,1.69997,101.537542,0,0,0,0,0,0,0,0,288,180,forward,0,0,263.0,1.7000383478883718,101.53756421735353,1.1,340.0
12:31:21,1.69997,101.537542,0,0,0,0,0,0,0,0,288,180,forward,0,0,263.0,1.7000383478883718,101.53756421735353,1.0,159.0
12:31:23,1.69997,101.537542,0,0,0,0,0,0,0,0,288,180,forward,0,0,263.0,1.7000383478883718,101.53756421735353,1.2,126.0
12:31:25,1.69997,101.537542,0,0,0,0,0,0,0,0,288,180,forward,0,0,263.0,1.7000383478883718,101.53756421735353,1.3,135.0
12:31:27,1.69997,101.537542,0,0,0,0,0,0,0,0,288,180,forward,0,0,263.0,1.7000383478883718,101.53756421735353,1.0,239.0
12:31:29,1.69997,101.537542,0,0,0,0,0,0,0,0,288,180,forward,0,0,263.0,1.7000383478883718,101.53756421735353,0.8,175.0
12:31:32,1.69997,101.537542,0,0,0,0,0,0,0,0,288,180,forward,0,0,263.0,1.7000383478883718,101.53756421735353,0.6,202.0
12:31:34,1.69997,101.537542,0,0,0,0,0,0,0,0,288,180,forward,0,0,263.0,1.7000383478883718,101.53756421735353,0.7,218.0
12:31:36,1.69997,101.537542,0,0,0,0,0,0,0,0,288,180,forward,0,0,263.0,1.7000383478883718,101.53756421735353,1.2,164.0
12:31:38,1.69997,101.537542,0,0,0,0,0,0,0,0,288,180,forward,0,0,263.0,1.7000383478883718,101.53756421735353,1.5,108.0
12:31:40,1.69997,101.537542,0,0,0,0,0,0,0,0,288,180,forward,0,0,263.0,1.7000383478883718,101.53756421735353,1.8,210.0
12:31:43,1.69997,101.537542,0,0,0,0,0,0,0,0,288,180,forward,0,0,263.0,1.7000383478883718,101.53756421735353,1.7,212.0
12:31:45,1.69997,101.537542,0,0,0,0,0,0,0,0,288,180,forward,0,0,263.0,1.7000383478883718,101.53756421735353,1.5,200.0
12:31:47,1.69997,101.537542,0,0,0,0,0,0,0,0,288,180,forward,0,0,263.0,1.7000383478883718,101.53756421735353,1.6,180.0
12:31:49,1.69997,101.537542,0,0,0,0,0,0,0,0,288,180,forward,0,0,263.0,1.7000383478883718,101.53756421735353,1.8,229.0
12:31:51,1.69997,101.537542,0,0,0,0,0,0,0,0,288,180,forward,0,0,263.0,1.7000383478883718,101.53756421735353,1.9,136.0
12:31:54,1.69997,101.537542,0,0,0,0,0,0,0,0,288,180,forward,0,0,263.0,1.7000383478883718,101.53756421735353,1.5,232.0
12:31:56,1.69997,101.537542,0,0,0,0,0,0,0,0,288,180,forward,0,0,263.0,1.7000383478883718,101.53756421735353,1.3,260.0
12:31:58,1.69997,101.537542,0,0,0,0,0,0,0,0,288,180,forward,0,0,263.0,1.7000383478883718,101.53756421735353,1.3,224.0
12:32:00,1.69997,101.537542,0,0,0,0,0,0,0,0,288,180,forward,0,0,263.0,1.7000383478883718,101.53756421735353,1.2,176.0
12:32:02,1.69997,101.537542,0,0,0,0,0,0,0,0,288,180,forward,0,0,263.0,1.7000383478883718,101.53756421735353,1.4,198.0
12:32:05,1.69997,101.537542,0,0,0,0,0,0,0,0,288,180,forward,0,0,263.0,1.7000383478883718,101.53756421735353,1.2,226.0
12:32:07,1.69997,101.537542,0,0,0,0,0,0,0,0,288,180,forward,0,0,263.0,1.7000383478883718,101.53756421735353,2.1,68.0
12:32:09,1.69997,101.537542,0,0,0,0,0,0,0,0,288,180,forward,0,0,263.0,1.7000383478883718,101.53756421735353,1.9,12.0
12:32:11,1.69997,101.537542,0,0,0,0,0,0,0,0,288,180,forward,0,0,263.0,1.7000383478883718,101.53756421735353,1.7,307.0
12:32:13,1.69997,101.537542,0,0,0,0,0,0,0,0,288,180,forward,0,0,263.0,1.7000383478883718,101.53756421735353,2.5,110.0
12:32:16,1.69997,101.537542,0,0,0,0,0,0,0,0,288,180,forward,0,0,263.0,1.7000383478883718,101.53756421735353,2.3,254.0
12:32:18,1.69997,101.537542,0,0,0,0,0,0,0,0,288,180,forward,0,0,263.0,1.7000383478883718,101.53756421735353,1.2,37.0
12:32:20,1.69997,101.537542,0,0,0,0,0,0,0,0,288,180,forward,0,0,263.0,1.7000383478883718,101.53756421735353,1.9,201.0
12:32:22,1.69997,101.537542,0,0,0,0,0,0,0,0,288,180,forward,0,0,263.0,1.7000383478883718,101.53756421735353,1.7,350.0
12:32:24,1.69997,101.537542,0,0,0,0,0,0,0,0,288,180,forward,0,0,263.0,1.7000383478883718,101.53756421735353,1.9,165.0
12:32:27,1.69997,101.537542,0,0,0,0,0,0,0,0,288,180,forward,0,0,263.0,1.7000383478883718,101.53756421735353,1.4,190.0
12:32:29,1.69997,101.537542,0,0,0,0,0,0,0,0,288,180,forward,0,0,263.0,1.7000383478883718,101.53756421735353,1.2,176.0
12:32:31,1.69997,101.537542,0,0,0,0,0,0,0,0,288,180,forward,0,0,263.0,1.7000383478883718,101.53756421735353,2.2,60.0
12:32:33,1.69997,101.537542,0,0,0,0,0,0,0,0,288,180,forward,0,0,263.0,1.7000383478883718,101.53756421735353,2.4,273.0
12:32:35,1.69997,101.537542,0,0,0,0,0,0,0,0,288,180,forward,0,0,263.0,1.7000383478883718,101.53756421735353,2.7,108.0
12:32:38,1.69997,101.537542,0,0,0,0,0,0,0,0,288,180,forward,0,0,263.0,1.7000383478883718,101.53756421735353,2.5,192.0
12:32:40,1.69997,101.537542,0,0,0,0,0,0,0,0,288,180,forward,0,0,263.0,1.7000383478883718,101.53756421735353,2.8,151.0
12:32:42,1.69997,101.537542,0,0,0,0,0,0,0,0,288,180,forward,0,0,263.0,1.7000383478883718,101.53756421735353,3.2,357.0
12:32:44,1.69997,101.537542,0,0,0,0,0,0,0,0,288,180,forward,0,0,263.0,1.7000383478883718,101.53756421735353,2.9,133.0
12:32:46,1.69997,101.537542,0,0,0,0,0,0,0,0,288,180,forward,0,0,263.0,1.7000383478883718,101.53756421735353,1.9,341.0
12:32:49,1.69997,101.537542,0,0,0,0,0,0,0,0,288,180,forward,0,0,263.0,1.7000383478883718,101.53756421735353,2.0,281.0
12:32:51,1.69997,101.537542,0,0,0,0,0,0,0,0,288,180,forward,0,0,263.0,1.7000383478883718,101.53756421735353,1.9,110.0
12:32:53,1.69997,101.537542,0,0,0,0,0,0,0,0,288,180,forward,0,0,263.0,1.7000383478883718,101.53756421735353,1.5,150.0
12:32:55,1.69997,101.537542,0,0,0,0,0,0,0,0,288,180,forward,0,0,263.0,1.7000383478883718,101.53756421735353,1.1,161.0
12:32:57,1.69997,101.537542,0,0,0,0,0,0,0,0,288,180,forward,0,0,263.0,1.7000383478883718,101.53756421735353,1.7,192.0
12:33:00,1.69997,101.537542,0,0,0,0,0,0,0,0,288,180,forward,0,0,263.0,1.7000383478883718,101.53756421735353,2.0,190.0
12:33:02,1.69997,101.537542,0,0,0,0,0,0,0,0,288,180,forward,0,0,263.0,1.7000383478883718,101.53756421735353,1.5,269.0
12:33:04,1.69997,101.537542,0,0,0,0,0,0,0,0,288,180,forward,0,0,263.0,1.7000383478883718,101.53756421735353,1.2,349.0
12:33:06,1.69997,101.537542,0,0,0,0,0,0,0,0,288,180,forward,0,0,263.0,1.7000383478883718,101.53756421735353,2.4,357.0
12:33:08,1.69997,101.537542,0,0,0,0,0,0,0,0,288,180,forward,0,0,263.0,1.7000383478883718,101.53756421735353,2.1,259.0
12:33:11,1.69997,101.537542,0,0,0,0,0,0,0,0,288,180,forward,0,0,263.0,1.7000383478883718,101.53756421735353,2.3,123.0
12:33:13,1.69997,101.537542,0,0,0,0,0,0,0,0,288,180,forward,0,0,263.0,1.7000383478883718,101.53756421735353,1.7,202.0
12:33:15,1.69997,101.537542,0,0,0,0,0,0,0,0,288,180,forward,0,0,263.0,1.7000383478883718,101.53756421735353,1.2,48.0
12:33:17,1.69997,101.537542,0,0,0,0,0,0,0,0,288,180,forward,0,0,263.0,1.7000383478883718,101.53756421735353,1.9,43.0
12:33:19,1.69997,101.537542,0,0,0,0,0,0,0,0,288,180,forward,0,0,263.0,1.7000383478883718,101.53756421735353,1.9,355.0
12:33:22,1.69997,101.537542,0,0,0,0,0,0,0,0,288,180,forward,0,0,263.0,1.7000383478883718,101.53756421735353,2.0,144.0
12:33:24,1.69997,101.537542,0,0,0,0,0,0,0,0,288,180,forward,0,0,263.0,1.7000383478883718,101.53756421735353,1.3,278.0
12:33:26,1.69997,101.537542,0,0,0,0,0,0,0,0,288,180,forward,0,0,263.0,1.7000383478883718,101.53756421735353,1.6,358.0
12:33:28,1.69997,101.537542,0,0,0,0,0,0,0,0,288,180,forward,0,0,263.0,1.7000383478883718,101.53756421735353,2.3,351.0
12:33:30,1.69997,101.537542,0,0,0,0,0,0,0,0,288,180,forward,0,0,263.0,1.7000383478883718,101.53756421735353,2.0,161.0
12:33:33,1.69997,101.537542,0,0,0,0,0,0,0,0,288,180,forward,0,0,263.0,1.7000383478883718,101.53756421735353,1.9,269.0
12:33:35,1.69997,101.537542,0,0,0,0,0,0,0,0,288,180,forward,0,0,263.0,1.7000383478883718,101.53756421735353,1.6,48.0
12:33:37,1.69997,101.537542,0,0,0,0,0,0,0,0,288,180,forward,0,0,263.0,1.7000383478883718,101.53756421735353,2.3,125.0
12:33:39,1.69997,101.537542,0,0,0,0,0,0,0,0,288,180,forward,0,0,263.0,1.7000383478883718,101.53756421735353,2.5,124.0
12:33:41,1.69997,101.537542,0,0,0,0,0,0,0,0,288,180,forward,0,0,263.0,1.7000383478883718,101.53756421735353,2.6,177.0
12:33:44,1.69997,101.537542,0,0,0,0,0,0,0,0,288,180,forward,0,0,263.0,1.7000383478883718,101.53756421735353,2.5,224.0
12:33:46,1.69997,101.537542,0,0,0,0,0,0,0,0,288,180,forward,0,0,263.0,1.7000383478883718,101.53756421735353,1.9,197.0
12:33:48,1.69997,101.537542,0,0,0,0,0,0,0,0,288,180,forward,0,0,263.0,1.7000383478883718,101.53756421735353,1.7,338.0
12:33:50,1.69997,101.537542,0,0,0,0,0,0,0,0,288,180,forward,0,0,263.0,1.7000383478883718,101.53756421735353,1.9,236.0
12:33:52,1.69997,101.537542,0,0,0,0,0,0,0,0,288,180,forward,0,0,263.0,1.7000383478883718,101.53756421735353,1.9,110.0
12:33:55,1.69997,101.537542,0,0,0,0,0,0,0,0,288,180,forward,0,0,263.0,1.7000383478883718,101.53756421735353,1.9,329.0
12:33:57,1.69997,101.537542,0,0,0,0,0,0,0,0,288,180,forward,0,0,263.0,1.7000383478883718,101.53756421735353,1.9,11.0
12:33:59,1.69997,101.537542,0,0,0,0,0,0,0,0,288,180,forward,0,0,263.0,1.7000383478883718,101.53756421735353,2.4,107.0
12:34:01,1.69997,101.537542,0,0,0,0,0,0,0,0,288,180,forward,0,0,263.0,1.7000383478883718,101.53756421735353,1.4,170.0
12:34:03,1.69997,101.537542,0,0,0,0,0,0,0,0,288,180,forward,0,0,263.0,1.7000383478883718,101.53756421735353,1.2,187.0
12:34:06,1.69997,101.537542,0,0,0,0,0,0,0,0,288,180,forward,0,0,263.0,1.7000383478883718,101.53756421735353,2.4,103.0
12:34:08,1.69997,101.537542,0,0,0,0,0,0,0,0,288,180,forward,0,0,263.0,1.7000383478883718,101.53756421735353,1.9,175.0
12:34:10,1.69997,101.537542,0,0,0,0,0,0,0,0,288,180,forward,0,0,263.0,1.7000383478883718,101.53756421735353,1.2,329.0
12:34:12,1.69997,101.537542,0,0,0,0,0,0,0,0,288,180,forward,0,0,263.0,1.7000383478883718,101.53756421735353,1.4,284.0
12:34:14,1.69997,101.537542,0,0,0,0,0,0,0,0,288,180,forward,0,0,263.0,1.7000383478883718,101.53756421735353,1.5,209.0
12:34:17,1.69997,101.537542,0,0,0,0,0,0,0,0,288,180,forward,0,0,263.0,1.7000383478883718,101.53756421735353,1.6,193.0
12:34:19,1.69997,101.537542,0,0,0,0,0,0,0,0,288,180,forward,0,0,263.0,1.7000383478883718,101.53756421735353,1.2,191.0
12:34:21,1.69997,101.537542,0,0,0,0,0,0,0,0,288,180,forward,0,0,263.0,1.7000383478883718,101.53756421735353,1.4,169.0
12:34:23,1.69997,101.537542,0,0,0,0,0,0,0,0,288,180,forward,0,0,263.0,1.7000383478883718,101.53756421735353,1.4,212.0
12:34:25,1.69997,101.537542,0,0,0,0,0,0,0,0,288,180,forward,0,0,263.0,1.7000383478883718,101.53756421735353,1.6,190.0
12:34:28,1.69997,101.537542,0,0,0,0,0,0,0,0,288,180,forward,0,0,263.0,1.7000383478883718,101.53756421735353,1.2,182.0
12:34:30,1.69997,101.537542,0,0,0,0,0,0,0,0,288,180,forward,0,0,263.0,1.7000383478883718,101.53756421735353,1.2,281.0
12:34:32,1.69997,101.537542,0,0,0,0,0,0,0,0,288,180,forward,0,0,263.0,1.7000383478883718,101.53756421735353,2.5,187.0
12:34:34,1.69997,101.537542,0,0,0,0,0,0,0,0,288,180,forward,0,0,263.0,1.7000383478883718,101.53756421735353,1.5,241.0
12:34:36,1.69997,101.537542,0,0,0,0,0,0,0,0,288,180,forward,0,0,263.0,1.7000383478883718,101.53756421735353,1.4,144.0
12:34:39,1.69997,101.537542,0,0,0,0,0,0,0,0,288,180,forward,0,0,263.0,1.7000383478883718,101.53756421735353,1.6,234.0
12:34:41,1.69997,101.537542,0,0,0,0,0,0,0,0,288,180,forward,0,0,263.0,1.7000383478883718,101.53756421735353,1.3,132.0
12:34:43,1.69997,101.537542,0,0,0,0,0,0,0,0,288,180,forward,0,0,263.0,1.7000383478883718,101.53756421735353,1.6,180.0
12:34:45,1.69997,101.537542,0,0,0,0,0,0,0,0,288,180,forward,0,0,263.0,1.7000383478883718,101.53756421735353,1.3,224.0
12:34:47,1.69997,101.537542,0,0,0,0,0,0,0,0,288,180,forward,0,0,263.0,1.7000383478883718,101.53756421735353,1.5,287.0
12:34:49,1.69997,101.537542,0,0,0,0,0,0,0,0,288,180,forward,0,0,263.0,1.7000383478883718,101.53756421735353,1.2,139.0
12:34:52,1.69997,101.537542,0,0,0,0,0,0,0,0,288,180,forward,0,0,263.0,1.7000383478883718,101.53756421735353,2.2,205.0
12:34:54,1.69997,101.537542,0,0,0,0,0,0,0,0,288,180,forward,0,0,263.0,1.7000383478883718,101.53756421735353,1.9,96.0
12:34:56,1.69997,101.537542,0,0,0,0,0,0,0,0,288,180,forward,0,0,263.0,1.7000383478883718,101.53756421735353,1.9,244.0
12:34:58,1.69997,101.537542,0,0,0,0,0,0,0,0,288,180,forward,0,0,263.0,1.7000383478883718,101.53756421735353,1.5,199.0
12:35:00,1.69997,101.537542,0,0,0,0,0,0,0,0,288,180,forward,0,0,263.0,1.7000383478883718,101.53756421735353,1.5,175.0
12:35:03,1.69997,101.537542,0,0,0,0,0,0,0,0,288,180,forward,0,0,263.0,1.7000383478883718,101.53756421735353,1.4,24.0
12:35:05,1.69997,101.537542,0,0,0,0,0,0,0,0,288,180,forward,0,0,263.0,1.7000383478883718,101.53756421735353,1.4,141.0
12:35:07,1.69997,101.537542,0,0,0,0,0,0,0,0,288,180,forward,0,0,263.0,1.7000383478883718,101.53756421735353,1.6,159.0
12:35:09,1.69997,101.537542,0,0,0,0,0,0,0,0,288,180,forward,0,0,263.0,1.7000383478883718,101.53756421735353,1.6,159.0
12:35:11,1.69997,101.537542,0,0,0,0,0,0,0,0,288,180,forward,0,0,263.0,1.7000383478883718,101.53756421735353,1.6,159.0
12:35:13,1.69997,101.537542,0,0,0,0,0,0,0,0,288,180,forward,0,0,263.0,1.7000383478883718,101.53756421735353,1.6,159.0
12:35:16,1.69997,101.537542,0,0,0,0,0,0,0,0,288,180,forward,0,0,263.0,1.7000383478883718,101.53756421735353,1.6,159.0
12:35:18,1.69997,101.537542,0,0,0,0,0,0,0,0,288,180,forward,0,0,263.0,1.7000383478883718,101.53756421735353,1.6,159.0
12:35:20,1.69997,101.537542,0,0,0,0,0,0,0,0,288,180,forward,0,0,263.0,1.7000383478883718,101.53756421735353,1.6,159.0
12:35:22,1.69997,101.537542,0,0,0,0,0,0,0,0,288,180,forward,0,0,263.0,1.7000383478883718,101.53756421735353,2.0,245.0
12:35:24,1.69997,101.537542,0,0,0,0,0,0,0,0,288,180,forward,0,0,263.0,1.7000383478883718,101.53756421735353,2.2,225.0
12:35:27,1.69997,101.537542,0,0,0,0,0,0,0,0,288,180,forward,0,0,263.0,1.7000383478883718,101.53756421735353,1.8,100.0
12:35:29,1.69997,101.537542,0,0,0,0,0,0,0,0,288,180,forward,0,0,263.0,1.7000383478883718,101.53756421735353,1.6,80.0
12:35:31,1.69997,101.537542,0,0,0,0,0,0,0,0,288,180,forward,0,0,263.0,1.7000383478883718,101.53756421735353,1.3,122.0
12:35:33,1.69997,101.537542,0,0,0,0,0,0,0,0,288,180,forward,0,0,263.0,1.7000383478883718,101.53756421735353,1.7,172.0
12:35:35,1.69997,101.537542,0,0,0,0,0,0,0,0,288,180,forward,0,0,263.0,1.7000383478883718,101.53756421735353,1.5,139.0
12:35:38,1.69997,101.537542,0,0,0,0,0,0,0,0,288,180,forward,0,0,263.0,1.7000383478883718,101.53756421735353,1.9,334.0
12:35:40,1.69997,101.537542,0,0,0,0,0,0,0,0,288,180,forward,0,0,263.0,1.7000383478883718,101.53756421735353,1.6,281.0
12:35:42,1.69997,101.537542,0,0,0,0,0,0,0,0,288,180,forward,0,0,263.0,1.7000383478883718,101.53756421735353,1.7,19.0
12:35:44,1.69997,101.537542,0,0,0,0,0,0,0,0,288,180,forward,0,0,263.0,1.7000383478883718,101.53756421735353,1.6,219.0
12:35:46,1.69997,101.537542,0,0,0,0,0,0,0,0,288,180,forward,0,0,263.0,1.7000383478883718,101.53756421735353,1.6,186.0
12:35:49,1.69997,101.537542,0,0,0,0,0,0,0,0,288,180,forward,0,0,263.0,1.7000383478883718,101.53756421735353,1.4,131.0
12:35:51,1.69997,101.537542,0,0,0,0,0,0,0,0,288,180,forward,0,0,263.0,1.7000383478883718,101.53756421735353,1.6,1.0
12:35:53,1.69997,101.537542,0,0,0,0,0,0,0,0,288,180,forward,0,0,263.0,1.7000383478883718,101.53756421735353,1.9,99.0
12:35:55,1.69997,101.537542,0,0,0,0,0,0,0,0,288,180,forward,0,0,263.0,1.7000383478883718,101.53756421735353,1.9,244.0
12:35:57,1.69997,101.537542,0,0,0,0,0,0,0,0,288,180,forward,0,0,263.0,1.7000383478883718,101.53756421735353,1.6,22.0
12:36:00,1.69997,101.537542,0,0,0,0,0,0,0,0,288,180,forward,0,0,263.0,1.7000383478883718,101.53756421735353,1.5,257.0
12:36:02,1.69997,101.537542,0,0,0,0,0,0,0,0,288,180,forward,0,0,263.0,1.7000383478883718,101.53756421735353,1.9,45.0
12:36:04,1.69997,101.537542,0,0,0,0,0,0,0,0,288,180,forward,0,0,263.0,1.7000383478883718,101.53756421735353,2.3,29.0
12:36:06,1.69997,101.537542,0,0,0,0,0,0,0,0,288,180,forward,0,0,263.0,1.7000383478883718,101.53756421735353,1.7,183.0
12:36:08,1.69997,101.537542,0,0,0,0,0,0,0,0,288,180,forward,0,0,263.0,1.7000383478883718,101.53756421735353,1.6,176.0
12:36:11,1.69997,101.537542,0,0,0,0,0,0,0,0,288,180,forward,0,0,263.0,1.7000383478883718,101.53756421735353,1.8,346.0
12:36:13,1.69997,101.537542,0,0,0,0,0,0,0,0,288,180,forward,0,0,263.0,1.7000383478883718,101.53756421735353,1.8,224.0
12:36:15,1.69997,101.537542,0,0,0,0,0,0,0,0,288,180,forward,0,0,263.0,1.7000383478883718,101.53756421735353,1.5,226.0
12:36:17,1.69997,101.537542,0,0,0,0,0,0,0,0,288,180,forward,0,0,263.0,1.7000383478883718,101.53756421735353,1.7,208.0
12:36:19,1.69997,101.537542,0,0,0,0,0,0,0,0,288,180,forward,0,0,263.0,1.7000383478883718,101.53756421735353,1.3,56.0
12:36:22,1.69997,101.537542,0,0,0,0,0,0,0,0,288,180,forward,0,0,263.0,1.7000383478883718,101.53756421735353,1.6,308.0
12:36:24,1.69997,101.537542,0,0,0,0,0,0,0,0,288,180,forward,0,0,263.0,1.7000383478883718,101.53756421735353,1.9,49.0
12:36:26,1.69997,101.537542,0,0,0,0,0,0,0,0,288,180,forward,0,0,263.0,1.7000383478883718,101.53756421735353,1.8,22.0
12:36:28,1.69997,101.537542,0,0,0,0,0,0,0,0,288,180,forward,0,0,263.0,1.7000383478883718,101.53756421735353,1.7,356.0
12:36:30,1.69997,101.537542,0,0,0,0,0,0,0,0,288,180,forward,0,0,263.0,1.7000383478883718,101.53756421735353,1.1,189.0
12:36:33,1.69997,101.537542,0,0,0,0,0,0,0,0,288,180,forward,0,0,263.0,1.7000383478883718,101.53756421735353,1.2,303.0
12:36:35,1.69997,101.537542,0,0,0,0,0,0,0,0,288,180,forward,0,0,263.0,1.7000383478883718,101.53756421735353,1.1,32.0
12:36:37,1.69997,101.537542,0,0,0,0,0,0,0,0,288,180,forward,0,0,263.0,1.7000383478883718,101.53756421735353,0.7,38.0
12:36:39,1.69997,101.537542,0,0,0,0,0,0,0,0,288,180,forward,0,0,263.0,1.7000383478883718,101.53756421735353,1.1,138.0
12:36:41,1.69997,101.537542,0,0,0,0,0,0,0,0,288,180,forward,0,0,263.0,1.7000383478883718,101.53756421735353,1.5,301.0
12:36:44,1.69997,101.537542,0,0,0,0,0,0,0,0,288,180,forward,0,0,263.0,1.7000383478883718,101.53756421735353,1.2,309.0
12:36:46,1.69997,101.537542,0,0,0,0,0,0,0,0,288,180,forward,0,0,263.0,1.7000383478883718,101.53756421735353,1.2,56.0
12:36:48,1.69997,101.537542,0,0,0,0,0,0,0,0,288,180,forward,0,0,263.0,1.7000383478883718,101.53756421735353,1.3,272.0
12:36:50,1.69997,101.537542,0,0,0,0,0,0,0,0,288,180,forward,0,0,263.0,1.7000383478883718,101.53756421735353,1.5,344.0
12:36:52,1.69997,101.537542,0,0,0,0,0,0,0,0,288,180,forward,0,0,263.0,1.7000383478883718,101.53756421735353,0.8,37.0
12:36:55,1.699961,101.537549,0,0,0,0,0,0,0,0,288,180,forward,0,0,263.0,1.700029347888372,101.53757121735342,1.1,63.0
12:36:57,1.699962,101.537549,0,0,0,0,0,0,0,0,288,180,forward,0,0,263.0,1.7000303478883718,101.53757121735343,0.9,76.0
12:36:59,1.699962,101.537549,0,0,0,0,0,0,0,0,288,180,forward,0,0,263.0,1.7000303478883718,101.53757121735343,1.1,113.0
12:37:01,1.699963,101.537549,0,0,0,0,0,0,0,0,288,180,forward,0,0,263.0,1.7000313478883717,101.53757121735345,2.3,161.0
12:37:03,1.699963,101.537549,0,0,0,0,0,0,0,0,288,180,forward,0,0,263.0,1.7000313478883717,101.53757121735345,1.4,28.0
12:37:06,1.699963,101.537549,0,0,0,0,0,0,0,0,288,180,forward,0,0,263.0,1.7000313478883717,101.53757121735345,1.2,106.0
12:37:08,1.699964,101.537549,0,0,0,0,0,0,0,0,288,180,forward,0,0,263.0,1.7000323478883719,101.53757121735346,1.2,86.0
12:37:10,1.699964,101.537548,0,0,0,0,0,0,0,0,288,180,forward,0,0,263.0,1.7000323478883719,101.53757021735346,1.2,126.0
12:37:12,1.699963,101.537548,0,0,0,0,0,0,0,0,288,180,forward,0,0,263.0,1.7000313478883717,101.53757021735345,1.4,73.0
12:37:14,1.699963,101.537548,0,0,0,0,0,0,0,0,288,180,forward,0,0,263.0,1.7000313478883717,101.53757021735345,1.6,351.0
12:37:17,1.699963,101.537548,0,0,0,0,0,0,0,0,288,180,forward,0,0,263.0,1.7000313478883717,101.53757021735345,1.4,309.0
12:37:19,1.699963,101.537548,0,0,0,0,0,0,0,0,287,180,forward,0,0,263.0,1.7000317250542845,101.53756902060928,1.3,2.0
12:37:21,1.699962,101.537547,0,0,0,0,0,0,0,0,288,180,forward,0,0,263.0,1.7000303478883718,101.53756921735344,1.9,312.0
12:37:23,1.699961,101.537547,0,0,0,0,0,0,0,0,288,180,forward,0,0,263.0,1.700029347888372,101.53756921735342,1.4,321.0
12:37:25,1.69996,101.537547,0,0,0,0,0,0,0,0,288,180,forward,0,0,263.0,1.7000283478883718,101.53756921735341,1.2,12.0
12:37:28,1.69996,101.537546,0,0,0,0,0,0,0,0,288,180,forward,0,0,263.0,1.7000283478883718,101.53756821735341,2.0,316.0
12:37:30,1.699959,101.537546,0,0,0,0,0,0,0,0,288,180,forward,0,0,263.0,1.7000273478883718,101.53756821735341,1.6,110.0
12:37:32,1.699958,101.537546,0,0,0,0,0,0,0,0,288,180,forward,0,0,263.0,1.700026347888372,101.5375682173534,1.3,170.0
12:37:34,1.699958,101.537546,0,0,0,0,0,0,0,0,288,180,forward,0,0,263.0,1.700026347888372,101.5375682173534,1.2,180.0
12:37:36,1.699957,101.537546,0,0,0,0,0,0,0,0,288,180,forward,0,0,263.0,1.7000253478883718,101.53756821735338,1.0,176.0
12:37:39,1.699956,101.537546,0,0,0,0,0,0,0,0,288,180,forward,0,0,263.0,1.7000243478883719,101.53756821735337,1.0,214.0
12:37:41,1.699955,101.537545,0,0,0,0,0,0,0,0,288,180,forward,0,0,263.0,1.700023347888372,101.53756721735334,2.2,303.0
12:37:43,1.699955,101.537545,0,0,0,0,0,0,0,0,288,180,forward,0,0,263.0,1.700023347888372,101.53756721735334,1.5,336.0
12:37:45,1.699955,101.537545,0,0,0,0,0,0,0,0,288,180,forward,0,0,263.0,1.700023347888372,101.53756721735334,1.5,283.0
12:37:47,1.699955,101.537545,0,0,0,0,0,0,0,0,288,180,forward,0,0,263.0,1.700023347888372,101.53756721735334,1.5,64.0
12:37:50,1.699955,101.537545,0,0,0,0,0,0,0,0,288,180,forward,0,0,263.0,1.700023347888372,101.53756721735334,1.4,358.0
12:37:52,1.699955,101.537546,0,0,0,0,0,0,0,0,288,180,forward,0,0,263.0,1.700023347888372,101.53756821735335,1.2,9.0
12:37:54,1.699956,101.537546,0,0,0,0,0,0,0,0,288,180,forward,0,0,263.0,1.7000243478883719,101.53756821735337,1.9,69.0
12:37:56,1.699956,101.537545,0,0,0,0,0,0,0,0,288,180,forward,0,0,263.0,1.7000243478883719,101.53756721735336,2.0,336.0
12:37:58,1.699956,101.537545,0,0,0,0,0,0,0,0,288,180,forward,0,0,263.0,1.7000243478883719,101.53756721735336,1.8,341.0
12:38:01,1.699956,101.537545,0,0,0,0,0,0,0,0,288,180,forward,0,0,263.0,1.7000243478883719,101.53756721735336,1.2,311.0
12:38:03,1.699956,101.537545,0,0,0,0,0,0,0,0,288,180,forward,0,0,263.0,1.7000243478883719,101.53756721735336,1.5,15.0
12:38:05,1.699956,101.537545,0,0,0,0,0,0,0,0,288,180,forward,0,0,263.0,1.7000243478883719,101.53756721735336,1.3,329.0
12:38:07,1.699956,101.537544,0,0,0,0,0,0,0,0,288,180,forward,0,0,263.0,1.7000243478883719,101.53756621735336,1.4,344.0
12:38:09,1.699956,101.537544,0,0,0,0,0,0,0,0,288,180,forward,0,0,263.0,1.7000243478883719,101.53756621735336,1.3,64.0
12:38:12,1.699956,101.537544,0,0,0,0,0,0,0,0,288,180,forward,0,0,263.0,1.7000243478883719,101.53756621735336,1.1,347.0
12:38:14,1.699955,101.537543,0,0,0,0,0,0,0,0,288,180,forward,0,0,263.0,1.700023347888372,101.53756521735335,1.2,114.0
12:38:16,1.699955,101.537543,0,0,0,0,0,0,0,0,288,180,forward,0,0,263.0,1.700023347888372,101.53756521735335,1.2,95.0
12:38:18,1.699955,101.537543,0,0,0,0,0,0,0,0,288,180,forward,0,0,263.0,1.700023347888372,101.53756521735335,1.2,19.0
12:38:20,1.699955,101.537543,0,0,0,0,0,0,0,0,288,180,forward,0,0,263.0,1.700023347888372,101.53756521735335,1.9,346.0
12:38:23,1.699954,101.537543,0,0,0,0,0,0,0,0,288,180,forward,0,0,263.0,1.7000223478883718,101.53756521735335,1.6,88.0
12:38:25,1.699954,101.537543,0,0,0,0,0,0,0,0,288,180,forward,0,0,263.0,1.7000223478883718,101.53756521735335,1.6,88.0
12:38:27,1.699954,101.537543,0,0,0,0,0,0,0,0,288,180,forward,0,0,263.0,1.7000223478883718,101.53756521735335,1.6,88.0
12:38:29,1.699954,101.537543,0,0,0,0,0,0,0,0,288,180,forward,0,0,263.0,1.7000223478883718,101.53756521735335,1.6,88.0
12:38:31,1.699954,101.537543,0,0,0,0,0,0,0,0,288,180,forward,0,0,263.0,1.7000223478883718,101.53756521735335,1.7,202.0
12:38:34,1.699954,101.537543,0,0,0,0,0,0,0,0,288,180,forward,0,0,263.0,1.7000223478883718,101.53756521735335,1.3,342.0
12:38:36,1.699954,101.537543,0,0,0,0,0,0,0,0,288,180,forward,0,0,263.0,1.7000223478883718,101.53756521735335,1.4,36.0
12:38:38,1.699954,101.537543,0,0,0,0,0,0,0,0,288,180,forward,0,0,263.0,1.7000223478883718,101.53756521735335,1.0,192.0
12:38:40,1.699954,101.537543,0,0,0,0,0,0,0,0,288,180,forward,0,0,263.0,1.7000223478883718,101.53756521735335,0.9,193.0
12:38:42,1.699954,101.537543,0,0,0,0,0,0,0,0,288,180,forward,0,0,263.0,1.7000223478883718,101.53756521735335,0.7,308.0
12:38:45,1.699954,101.537543,0,0,0,0,0,0,0,0,288,180,forward,0,0,263.0,1.7000223478883718,101.53756521735335,0.9,330.0
12:38:47,1.699954,101.537543,0,0,0,0,0,0,0,0,288,180,forward,0,0,263.0,1.7000223478883718,101.53756521735335,1.2,35.0
12:38:49,1.699954,101.537543,0,0,0,0,0,0,0,0,288,180,forward,0,0,263.0,1.7000223478883718,101.53756521735335,1.1,1.0
12:38:51,1.699954,101.537543,0,0,0,0,0,0,0,0,288,180,forward,0,0,263.0,1.7000223478883718,101.53756521735335,1.2,328.0
12:38:53,1.699954,101.537543,0,0,0,0,0,0,0,0,288,180,forward,0,0,263.0,1.7000223478883718,101.53756521735335,1.7,50.0
12:38:56,1.699954,101.537543,0,0,0,0,0,0,0,0,288,180,forward,0,0,263.0,1.7000223478883718,101.53756521735335,1.2,7.0
12:38:58,1.699954,101.537543,0,0,0,0,0,0,0,0,288,180,forward,0,0,263.0,1.7000223478883718,101.53756521735335,1.2,309.0
12:39:00,1.699954,101.537543,0,0,0,0,0,0,0,0,288,180,forward,0,0,263.0,1.7000223478883718,101.53756521735335,0.9,110.0
12:39:02,1.699954,101.537543,0,0,0,0,0,0,0,0,288,180,forward,0,0,263.0,1.7000223478883718,101.53756521735335,0.8,75.0
12:39:04,1.699954,101.537543,0,0,0,0,0,0,0,0,288,180,forward,0,0,263.0,1.7000223478883718,101.53756521735335,1.2,64.0
12:39:06,1.699954,101.537543,0,0,0,0,0,0,0,0,288,180,forward,0,0,263.0,1.7000223478883718,101.53756521735335,1.6,356.0
12:39:09,1.699954,101.537543,0,0,0,0,0,0,0,0,288,180,forward,0,0,263.0,1.7000223478883718,101.53756521735335,1.3,338.0
12:39:11,1.699954,101.537543,0,0,0,0,0,0,0,0,288,180,forward,0,0,263.0,1.7000223478883718,101.53756521735335,1.8,333.0
12:39:13,1.699954,101.537543,0,0,0,0,0,0,0,0,288,180,forward,0,0,263.0,1.7000223478883718,101.53756521735335,1.6,337.0
12:39:15,1.699954,101.537543,0,0,0,0,0,0,0,0,288,180,forward,0,0,263.0,1.7000223478883718,101.53756521735335,1.9,343.0
12:39:17,1.699954,101.537543,0,0,0,0,0,0,0,0,288,180,forward,0,0,263.0,1.7000223478883718,101.53756521735335,2.1,301.0
12:39:20,1.699954,101.537543,0,0,0,0,0,0,0,0,288,180,forward,0,0,263.0,1.7000223478883718,101.53756521735335,2.3,118.0
12:39:22,1.699954,101.537543,0,0,0,0,0,0,0,0,288,180,forward,0,0,263.0,1.7000223478883718,101.53756521735335,1.9,3.0
12:39:24,1.699961,101.537548,0,0,0,0,0,0,0,0,288,180,forward,0,0,263.0,1.700029347888372,101.53757021735342,2.4,322.0
12:39:26,1.699962,101.537548,0,0,0,0,0,0,0,0,287,180,forward,0,0,263.0,1.7000307250542845,101.53756902060928,1.4,4.0
12:39:28,1.699962,101.537548,0,0,0,0,0,0,0,0,288,180,forward,0,0,263.0,1.7000303478883718,101.53757021735343,1.8,259.0
12:39:31,1.699962,101.537547,0,0,0,0,0,0,0,0,288,180,forward,0,0,263.0,1.7000303478883718,101.53756921735344,1.6,354.0
12:39:33,1.699962,101.537547,0,0,0,0,0,0,0,0,288,180,forward,0,0,263.0,1.7000303478883718,101.53756921735344,1.4,36.0
12:39:35,1.699962,101.537547,0,0,0,0,0,0,0,0,288,180,forward,0,0,263.0,1.7000303478883718,101.53756921735344,1.5,8.0
12:39:37,1.699962,101.537547,0,0,0,0,0,0,0,0,288,180,forward,0,0,263.0,1.7000303478883718,101.53756921735344,1.6,1.0
12:39:39,1.699962,101.537547,0,0,0,0,0,0,0,0,288,180,forward,0,0,263.0,1.7000303478883718,101.53756921735344,1.5,1.0
12:39:42,1.699962,101.537546,0,0,0,0,0,0,0,0,288,180,forward,0,0,263.0,1.7000303478883718,101.53756821735344,1.2,11.0
12:39:44,1.699962,101.537546,0,0,0,0,0,0,0,0,288,180,forward,0,0,263.0,1.7000303478883718,101.53756821735344,1.8,47.0
12:39:46,1.699963,101.537546,0,0,0,0,0,0,0,0,288,180,forward,0,0,263.0,1.7000313478883717,101.53756821735345,1.3,243.0
12:39:48,1.699963,101.537546,0,0,0,0,0,0,0,0,288,180,forward,0,0,263.0,1.7000313478883717,101.53756821735345,1.2,222.0
12:39:50,1.699963,101.537546,0,0,0,0,0,0,0,0,288,180,forward,0,0,263.0,1.7000313478883717,101.53756821735345,1.0,314.0
12:39:53,1.699963,101.537545,0,0,0,0,0,0,0,0,288,180,forward,0,0,263.0,1.7000313478883717,101.53756721735344,1.2,344.0
12:39:55,1.699963,101.537545,0,0,0,0,0,0,0,0,288,180,forward,0,0,263.0,1.7000313478883717,101.53756721735344,1.3,12.0
12:39:57,1.699963,101.537545,0,0,0,0,0,0,0,0,288,180,forward,0,0,263.0,1.7000313478883717,101.53756721735344,1.0,336.0
12:39:59,1.699963,101.537545,0,0,0,0,0,0,0,0,288,180,forward,0,0,263.0,1.7000313478883717,101.53756721735344,1.3,5.0
12:40:01,1.699964,101.537545,0,0,0,0,0,0,0,0,288,180,forward,0,0,263.0,1.7000323478883719,101.53756721735346,1.6,354.0
12:40:04,1.699964,101.537545,0,0,0,0,0,0,0,0,288,180,forward,0,0,263.0,1.7000323478883719,101.53756721735346,1.2,63.0
12:40:06,1.699964,101.537545,0,0,0,0,0,0,0,0,288,180,forward,0,0,263.0,1.7000323478883719,101.53756721735346,0.8,104.0
12:40:08,1.699964,101.537545,0,0,0,0,0,0,0,0,288,180,forward,0,0,263.0,1.7000323478883719,101.53756721735346,1.0,172.0
12:40:10,1.699964,101.537544,0,0,0,0,0,0,0,0,288,180,forward,0,0,263.0,1.7000323478883719,101.53756621735346,1.3,105.0
12:40:12,1.699964,101.537544,0,0,0,0,0,0,0,0,288,180,forward,0,0,263.0,1.7000323478883719,101.53756621735346,1.3,25.0
12:40:15,1.699964,101.537544,0,0,0,0,0,0,0,0,288,180,forward,0,0,263.0,1.7000323478883719,101.53756621735346,1.2,354.0
12:40:17,1.699964,101.537543,0,0,0,0,0,0,0,0,288,180,forward,0,0,263.0,1.7000323478883719,101.53756521735346,1.6,29.0
12:40:19,1.699964,101.537543,0,0,0,0,0,0,0,0,288,180,forward,0,0,263.0,1.7000323478883719,101.53756521735346,1.7,41.0
12:40:21,1.699964,101.537543,0,0,0,0,0,0,0,0,288,180,forward,0,0,263.0,1.7000323478883719,101.53756521735346,1.8,36.0
12:40:23,1.699964,101.537543,0,0,0,0,0,0,0,0,288,180,forward,0,0,263.0,1.7000323478883719,101.53756521735346,1.7,10.0
12:40:26,1.699964,101.537542,0,0,0,0,0,0,0,0,288,180,forward,0,0,263.0,1.7000323478883719,101.53756421735346,2.7,269.0
12:40:28,1.699963,101.537542,0,0,0,0,0,0,0,0,288,180,forward,0,0,263.0,1.7000313478883717,101.53756421735345,2.4,341.0
12:40:30,1.699963,101.537541,0,0,0,0,0,0,0,0,288,180,forward,0,0,263.0,1.7000313478883717,101.53756321735345,1.7,93.0
12:40:32,1.699963,101.537541,0,0,0,0,0,0,0,0,288,180,forward,0,0,263.0,1.7000313478883717,101.53756321735345,1.9,187.0
12:40:34,1.699962,101.537541,0,0,0,0,0,0,0,0,288,180,forward,0,0,263.0,1.7000303478883718,101.53756321735344,1.7,162.0
12:40:37,1.699961,101.53754,0,0,0,0,0,0,0,0,288,180,forward,0,0,263.0,1.700029347888372,101.53756221735343,1.8,131.0
12:40:39,1.699961,101.537539,0,0,0,0,0,0,0,0,288,180,forward,0,0,263.0,1.700029347888372,101.53756121735341,1.6,173.0
12:40:41,1.69996,101.537539,0,0,0,0,0,0,0,0,288,180,forward,0,0,263.0,1.7000283478883718,101.5375612173534,1.9,137.0
12:40:43,1.69996,101.537538,0,0,0,0,0,0,0,0,288,180,forward,0,0,263.0,1.7000283478883718,101.5375602173534,3.2,277.0
12:40:45,1.699959,101.537538,0,0,0,0,0,0,0,0,288,180,forward,0,0,263.0,1.7000273478883718,101.5375602173534,1.9,157.0
12:40:48,1.699959,101.537538,0,0,0,0,0,0,0,0,288,180,forward,0,0,263.0,1.7000273478883718,101.5375602173534,1.2,127.0
12:40:50,1.699958,101.537537,0,0,0,0,0,0,0,0,288,180,forward,0,0,263.0,1.700026347888372,101.53755921735339,1.0,174.0
12:40:52,1.699958,101.537537,0,0,0,0,0,0,0,0,288,180,forward,0,0,263.0,1.700026347888372,101.53755921735339,0.8,132.0
12:40:54,1.699958,101.537537,0,0,0,0,0,0,0,0,288,180,forward,0,0,263.0,1.700026347888372,101.53755921735339,0.8,145.0
12:40:56,1.699958,101.537537,0,0,0,0,0,0,0,0,288,180,forward,0,0,263.0,1.700026347888372,101.53755921735339,1.4,9.0
12:40:59,1.699958,101.537536,0,0,0,0,0,0,0,0,288,180,forward,0,0,263.0,1.700026347888372,101.53755821735339,1.3,191.0
12:41:01,1.699958,101.537536,0,0,0,0,0,0,0,0,288,180,forward,0,0,263.0,1.700026347888372,101.53755821735339,1.3,140.0
12:41:03,1.699958,101.537536,0,0,0,0,0,0,0,0,288,180,forward,0,0,263.0,1.700026347888372,101.53755821735339,1.1,221.0
12:41:05,1.699958,101.537536,0,0,0,0,0,0,0,0,288,180,forward,0,0,263.0,1.700026347888372,101.53755821735339,0.9,43.0
12:41:07,1.699958,101.537536,0,0,0,0,0,0,0,0,288,180,forward,0,0,263.0,1.700026347888372,101.53755821735339,0.6,90.0
12:41:10,1.699958,101.537535,0,0,0,0,0,0,0,0,288,180,forward,0,0,263.0,1.700026347888372,101.5375572173534,0.4,103.0
12:41:12,1.699958,101.537535,0,0,0,0,0,0,0,0,288,180,forward,0,0,263.0,1.700026347888372,101.5375572173534,0.7,152.0
12:41:14,1.699958,101.537536,0,0,0,0,0,0,0,0,288,180,forward,0,0,263.0,1.700026347888372,101.53755821735339,0.8,110.0
12:41:16,1.699958,101.537536,0,0,0,0,0,0,0,0,288,180,forward,0,0,263.0,1.700026347888372,101.53755821735339,0.8,117.0
12:41:18,1.699958,101.537536,0,0,0,0,0,0,0,0,288,180,forward,0,0,263.0,1.700026347888372,101.53755821735339,0.8,118.0
12:41:21,1.699958,101.537536,0,0,0,0,0,0,0,0,288,180,forward,0,0,263.0,1.700026347888372,101.53755821735339,0.4,159.0
12:41:23,1.699958,101.537536,0,0,0,0,0,0,0,0,288,180,forward,0,0,263.0,1.700026347888372,101.53755821735339,0.1,139.0
12:41:25,1.699959,101.537536,0,0,0,0,0,0,0,0,288,180,forward,0,0,263.0,1.7000273478883718,101.5375582173534,1.2,65.0
12:41:27,1.699959,101.537537,0,0,0,0,0,0,0,0,288,180,forward,0,0,263.0,1.7000273478883718,101.5375592173534,1.8,48.0
12:41:29,1.699959,101.537537,0,0,0,0,0,0,0,0,288,180,forward,0,0,263.0,1.7000273478883718,101.5375592173534,1.9,14.0
12:41:32,1.69996,101.537537,0,0,0,0,0,0,0,0,288,180,forward,0,0,263.0,1.7000283478883718,101.5375592173534,1.4,58.0
12:41:34,1.69996,101.537537,0,0,0,0,0,0,0,0,288,180,forward,0,0,263.0,1.7000283478883718,101.5375592173534,1.4,58.0
12:41:36,1.69996,101.537537,0,0,0,0,0,0,0,0,288,180,forward,0,0,263.0,1.7000283478883718,101.5375592173534,1.4,58.0
12:41:38,1.69996,101.537537,0,0,0,0,0,0,0,0,288,180,forward,0,0,263.0,1.7000283478883718,101.5375592173534,1.4,58.0
12:41:40,1.699962,101.537539,0,0,0,0,0,0,0,0,287,180,forward,0,0,263.0,1.7000307250542845,101.53756002060928,1.4,266.0
12:41:43,1.699963,101.53754,0,0,0,0,0,0,0,0,288,180,forward,0,0,263.0,1.7000313478883717,101.53756221735345,0.9,155.0
12:41:45,1.699963,101.537541,0,0,0,0,0,0,0,0,288,180,forward,0,0,263.0,1.7000313478883717,101.53756321735345,1.1,182.0
12:41:47,1.699964,101.537541,0,0,0,0,0,0,0,0,288,180,forward,0,0,263.0,1.7000323478883719,101.53756321735347,2.6,123.0
12:41:49,1.699964,101.537541,0,0,0,0,0,0,0,0,288,180,forward,0,0,263.0,1.7000323478883719,101.53756321735347,2.2,93.0
12:41:51,1.699964,101.537541,0,0,0,0,0,0,0,0,288,180,forward,0,0,263.0,1.7000323478883719,101.53756321735347,1.5,256.0
12:41:54,1.699964,101.537541,0,0,0,0,0,0,0,0,288,180,forward,0,0,263.0,1.7000323478883719,101.53756321735347,1.2,175.0
12:41:56,1.699964,101.537541,0,0,0,0,0,0,0,0,288,180,forward,0,0,263.0,1.7000323478883719,101.53756321735347,1.2,143.0
12:41:58,1.699964,101.537541,0,0,0,0,0,0,0,0,288,180,forward,0,0,263.0,1.7000323478883719,101.53756321735347,0.7,203.0
12:42:00,1.699964,101.537541,0,0,0,0,0,0,0,0,288,180,forward,0,0,263.0,1.7000323478883719,101.53756321735347,0.6,129.0
12:42:02,1.699964,101.537541,0,0,0,0,0,0,0,0,288,180,forward,0,0,263.0,1.7000323478883719,101.53756321735347,0.9,98.0
12:42:05,1.699964,101.537541,0,0,0,0,0,0,0,0,288,180,forward,0,0,263.0,1.7000323478883719,101.53756321735347,0.9,188.0
12:42:07,1.699964,101.537541,0,0,0,0,0,0,0,0,288,180,forward,0,0,263.0,1.7000323478883719,101.53756321735347,0.9,133.0
12:42:09,1.699964,101.537541,0,0,0,0,0,0,0,0,288,180,forward,0,0,263.0,1.7000323478883719,101.53756321735347,0.8,136.0
12:42:11,1.699964,101.537541,0,0,0,0,0,0,0,0,288,180,forward,0,0,263.0,1.7000323478883719,101.53756321735347,1.0,38.0
12:42:13,1.699964,101.537541,0,0,0,0,0,0,0,0,288,180,forward,0,0,263.0,1.7000323478883719,101.53756321735347,1.3,200.0
12:42:16,1.699964,101.537541,0,0,0,0,0,0,0,0,288,180,forward,0,0,263.0,1.7000323478883719,101.53756321735347,1.1,41.0
12:42:18,1.699964,101.537541,0,0,0,0,0,0,0,0,288,180,forward,0,0,263.0,1.7000323478883719,101.53756321735347,1.5,52.0
12:42:20,1.699964,101.537541,0,0,0,0,0,0,0,0,288,180,forward,0,0,263.0,1.7000323478883719,101.53756321735347,1.5,47.0
12:42:22,1.699964,101.537541,0,0,0,0,0,0,0,0,288,180,forward,0,0,263.0,1.7000323478883719,101.53756321735347,1.2,303.0
12:42:24,1.699964,101.537541,0,0,0,0,0,0,0,0,288,180,forward,0,0,263.0,1.7000323478883719,101.53756321735347,1.5,188.0
12:42:27,1.699964,101.537541,0,0,0,0,0,0,0,0,288,180,forward,0,0,263.0,1.7000323478883719,101.53756321735347,1.5,205.0
12:42:29,1.699964,101.537541,0,0,0,0,0,0,0,0,288,180,forward,0,0,263.0,1.7000323478883719,101.53756321735347,0.9,74.0
12:42:31,1.699964,101.537541,0,0,0,0,0,0,0,0,288,180,forward,0,0,263.0,1.7000323478883719,101.53756321735347,0.8,219.0
12:42:33,1.699964,101.537541,0,0,0,0,0,0,0,0,288,180,forward,0,0,263.0,1.7000323478883719,101.53756321735347,1.1,210.0
12:42:35,1.699964,101.537541,0,0,0,0,0,0,0,0,288,180,forward,0,0,263.0,1.7000323478883719,101.53756321735347,0.9,217.0
12:42:38,1.699964,101.537541,0,0,0,0,0,0,0,0,288,180,forward,0,0,263.0,1.7000323478883719,101.53756321735347,1.2,157.0
12:42:40,1.699964,101.537541,0,0,0,0,0,0,0,0,288,180,forward,0,0,263.0,1.7000323478883719,101.53756321735347,1.2,131.0
12:42:42,1.699964,101.537541,0,0,0,0,0,0,0,0,288,180,forward,0,0,263.0,1.7000323478883719,101.53756321735347,0.8,136.0
12:42:44,1.699964,101.537541,0,0,0,0,0,0,0,0,288,180,forward,0,0,263.0,1.7000323478883719,101.53756321735347,0.8,160.0
12:42:46,1.699964,101.537541,0,0,0,0,0,0,0,0,288,180,forward,0,0,263.0,1.7000323478883719,101.53756321735347,0.4,155.0
12:42:49,1.699964,101.537541,0,0,0,0,0,0,0,0,288,180,forward,0,0,263.0,1.7000323478883719,101.53756321735347,0.4,168.0
12:42:51,1.699964,101.537541,0,0,0,0,0,0,0,0,288,180,forward,0,0,263.0,1.7000323478883719,101.53756321735347,0.5,169.0
12:42:53,1.699971,101.537551,0,0,0,0,0,0,0,0,288,180,forward,0,0,263.0,1.7000393478883717,101.53757321735353,0.3,165.0
12:42:55,1.699971,101.537551,0,0,0,0,0,0,0,0,288,180,forward,0,0,263.0,1.7000393478883717,101.53757321735353,0.3,177.0
12:42:57,1.699971,101.537552,0,0,0,0,0,0,0,0,288,180,forward,0,0,263.0,1.7000393478883717,101.53757421735354,0.1,172.0
12:43:00,1.69997,101.537552,0,0,0,0,0,0,0,0,288,180,forward,0,0,263.0,1.7000383478883718,101.53757421735354,0.6,145.0
12:43:02,1.69997,101.537552,0,0,0,0,0,0,0,0,288,180,forward,0,0,263.0,1.7000383478883718,101.53757421735354,0.6,149.0
12:43:04,1.699969,101.537551,0,0,0,0,0,0,0,0,288,180,forward,0,0,263.0,1.700037347888372,101.53757321735351,0.6,120.0
12:43:06,1.699969,101.537551,0,0,0,0,0,0,0,0,288,180,forward,0,0,263.0,1.700037347888372,101.53757321735351,1.2,161.0
12:43:08,1.699969,101.537551,0,0,0,0,0,0,0,0,288,180,forward,0,0,263.0,1.700037347888372,101.53757321735351,0.7,85.0
12:43:11,1.699969,101.537551,0,0,0,0,0,0,0,0,288,180,forward,0,0,263.0,1.700037347888372,101.53757321735351,0.6,155.0
12:43:13,1.699969,101.537551,0,0,0,0,0,0,0,0,288,180,forward,0,0,263.0,1.700037347888372,101.53757321735351,0.6,121.0
12:43:15,1.699969,101.53755,0,0,0,0,0,0,0,0,288,180,forward,0,0,263.0,1.700037347888372,101.53757221735351,0.0,189.0
12:43:17,1.699969,101.53755,0,0,0,0,0,0,0,0,288,180,forward,0,0,263.0,1.700037347888372,101.53757221735351,0.0,157.0
12:43:19,1.699969,101.53755,0,0,0,0,0,0,0,0,288,180,forward,0,0,263.0,1.700037347888372,101.53757221735351,0.1,165.0
12:43:21,1.699969,101.53755,0,0,0,0,0,0,0,0,287,180,forward,0,0,263.0,1.7000377250542846,101.53757102060935,1.1,7.0
12:43:24,1.69997,101.53755,0,0,0,0,0,0,0,0,288,180,forward,0,0,263.0,1.7000383478883718,101.53757221735353,1.2,100.0
12:43:26,1.69997,101.537549,0,0,0,0,0,0,0,0,288,180,forward,0,0,263.0,1.7000383478883718,101.53757121735353,1.4,85.0
12:43:28,1.69997,101.537549,0,0,0,0,0,0,0,0,288,180,forward,0,0,263.0,1.7000383478883718,101.53757121735353,0.7,131.0
12:43:30,1.699971,101.537549,0,0,0,0,0,0,0,0,288,180,forward,0,0,263.0,1.7000393478883717,101.53757121735353,0.6,121.0
12:43:32,1.699971,101.537548,0,0,0,0,0,0,0,0,288,180,forward,0,0,263.0,1.7000393478883717,101.53757021735353,0.6,163.0
12:43:35,1.699971,101.537548,0,0,0,0,0,0,0,0,288,180,forward,0,0,263.0,1.7000393478883717,101.53757021735353,1.9,100.0
12:43:37,1.699971,101.537548,0,0,0,0,0,0,0,0,288,180,forward,0,0,263.0,1.7000393478883717,101.53757021735353,1.9,302.0
12:43:39,1.699971,101.537548,0,0,0,0,0,0,0,0,288,180,forward,0,0,263.0,1.7000393478883717,101.53757021735353,1.2,45.0
12:43:41,1.699971,101.537548,0,0,0,0,0,0,0,0,288,180,forward,0,0,263.0,1.7000393478883717,101.53757021735353,1.2,331.0
12:43:43,1.699971,101.537548,0,0,0,0,0,0,0,0,288,180,forward,0,0,263.0,1.7000393478883717,101.53757021735353,0.7,24.0
12:43:46,1.699971,101.537548,0,0,0,0,0,0,0,0,288,180,forward,0,0,263.0,1.7000393478883717,101.53757021735353,0.9,81.0
12:43:48,1.699972,101.537548,0,0,0,0,0,0,0,0,288,180,forward,0,0,263.0,1.7000403478883719,101.53757021735355,1.1,101.0
12:43:50,1.699972,101.537548,0,0,0,0,0,0,0,0,288,180,forward,0,0,263.0,1.7000403478883719,101.53757021735355,0.8,143.0
12:43:52,1.699972,101.537548,0,0,0,0,0,0,0,0,288,180,forward,0,0,263.0,1.7000403478883719,101.53757021735355,1.2,264.0
12:43:54,1.699971,101.537548,0,0,0,0,0,0,0,0,288,180,forward,0,0,263.0,1.7000393478883717,101.53757021735353,1.2,229.0
12:43:57,1.699971,101.537548,0,0,0,0,0,0,0,0,288,180,forward,0,0,263.0,1.7000393478883717,101.53757021735353,1.0,168.0
12:43:59,1.699971,101.537548,0,0,0,0,0,0,0,0,288,180,forward,0,0,263.0,1.7000393478883717,101.53757021735353,0.9,169.0
12:44:01,1.699971,101.537548,0,0,0,0,0,0,0,0,288,180,forward,0,0,263.0,1.7000393478883717,101.53757021735353,0.8,147.0
12:44:03,1.699971,101.537548,0,0,0,0,0,0,0,0,288,180,forward,0,0,263.0,1.7000393478883717,101.53757021735353,1.7,26.0
12:44:05,1.699971,101.537548,0,0,0,0,0,0,0,0,288,180,forward,0,0,263.0,1.7000393478883717,101.53757021735353,1.2,104.0
12:44:08,1.699971,101.537548,0,0,0,0,0,0,0,0,288,180,forward,0,0,263.0,1.7000393478883717,101.53757021735353,1.2,77.0
12:44:10,1.69997,101.537549,0,0,0,0,0,0,0,0,288,180,forward,0,0,263.0,1.7000383478883718,101.53757121735353,1.0,61.0
12:44:12,1.69997,101.537549,0,0,0,0,0,0,0,0,288,180,forward,0,0,263.0,1.7000383478883718,101.53757121735353,1.2,172.0
12:44:14,1.69997,101.537549,0,0,0,0,0,0,0,0,288,180,forward,0,0,263.0,1.7000383478883718,101.53757121735353,1.7,43.0
12:44:16,1.69997,101.537549,0,0,0,0,0,0,0,0,288,180,forward,0,0,263.0,1.7000383478883718,101.53757121735353,1.7,38.0
12:44:19,1.69997,101.537549,0,0,0,0,0,0,0,0,288,180,forward,0,0,263.0,1.7000383478883718,101.53757121735353,1.1,85.0
12:44:21,1.69997,101.53755,0,0,0,0,0,0,0,0,288,180,forward,0,0,263.0,1.7000383478883718,101.53757221735353,0.8,142.0
12:44:23,1.69997,101.53755,0,0,0,0,0,0,0,0,288,180,forward,0,0,263.0,1.7000383478883718,101.53757221735353,0.7,250.0
12:44:25,1.69997,101.53755,0,0,0,0,0,0,0,0,288,180,forward,0,0,263.0,1.7000383478883718,101.53757221735353,0.2,142.0
12:44:27,1.69997,101.53755,0,0,0,0,0,0,0,0,288,180,forward,0,0,263.0,1.7000383478883718,101.53757221735353,0.5,149.0
12:44:30,1.69997,101.537551,0,0,0,0,0,0,0,0,288,180,forward,0,0,263.0,1.7000383478883718,101.53757321735353,0.3,236.0
12:44:32,1.69997,101.537551,0,0,0,0,0,0,0,0,288,180,forward,0,0,263.0,1.7000383478883718,101.53757321735353,0.6,169.0
12:44:34,1.69997,101.537551,0,0,0,0,0,0,0,0,288,180,forward,0,0,263.0,1.7000383478883718,101.53757321735353,0.0,151.0
12:44:36,1.69997,101.537551,0,0,0,0,0,0,0,0,288,180,forward,0,0,263.0,1.7000383478883718,101.53757321735353,0.0,111.0
12:44:38,1.69997,101.537552,0,0,0,0,0,0,0,0,288,180,forward,0,0,263.0,1.7000383478883718,101.53757421735354,0.3,164.0
12:44:41,1.699971,101.537552,0,0,0,0,0,0,0,0,288,180,forward,0,0,263.0,1.7000393478883717,101.53757421735354,0.2,71.0
12:44:43,1.69997,101.537552,0,0,0,0,0,0,0,0,288,180,forward,0,0,263.0,1.7000383478883718,101.53757421735354,0.8,105.0
12:44:45,1.69997,101.537552,0,0,0,0,0,0,0,0,288,180,forward,0,0,263.0,1.7000383478883718,101.53757421735354,0.7,69.0
12:44:47,1.69997,101.537552,0,0,0,0,0,0,0,0,288,180,forward,0,0,263.0,1.7000383478883718,101.53757421735354,0.5,199.0
12:44:49,1.69997,101.537553,0,0,0,0,0,0,0,0,288,180,forward,0,0,263.0,1.7000383478883718,101.53757521735353,0.4,182.0
12:44:52,1.69997,101.537553,0,0,0,0,0,0,0,0,288,180,forward,0,0,263.0,1.7000383478883718,101.53757521735353,0.5,172.0
12:44:54,1.69997,101.537553,0,0,0,0,0,0,0,0,288,180,forward,0,0,263.0,1.7000383478883718,101.53757521735353,0.6,90.0
12:44:56,1.69997,101.537553,0,0,0,0,0,0,0,0,288,180,forward,0,0,263.0,1.7000383478883718,101.53757521735353,0.5,118.0
12:44:58,1.69997,101.537553,0,0,0,0,0,0,0,0,287,180,forward,0,0,263.0,1.7000387250542845,101.53757402060937,0.5,184.0
12:45:00,1.69997,101.537554,0,0,0,0,0,0,0,0,288,180,forward,0,0,263.0,1.7000383478883718,101.53757621735353,0.9,95.0
12:45:03,1.69997,101.537554,0,0,0,0,0,0,0,0,288,180,forward,0,0,263.0,1.7000383478883718,101.53757621735353,1.1,50.0
12:45:05,1.69997,101.537554,0,0,0,0,0,0,0,0,288,180,forward,0,0,263.0,1.7000383478883718,101.53757621735353,1.0,113.0
12:45:07,1.69997,101.537554,0,0,0,0,0,0,0,0,288,180,forward,0,0,263.0,1.7000383478883718,101.53757621735353,0.7,174.0
12:45:09,1.69997,101.537554,0,0,0,0,0,0,0,0,288,180,forward,0,0,263.0,1.7000383478883718,101.53757621735353,0.6,165.0
12:45:11,1.69997,101.537554,0,0,0,0,0,0,0,0,288,180,forward,0,0,263.0,1.7000383478883718,101.53757621735353,1.1,165.0
12:45:14,1.699971,101.537554,0,0,0,0,0,0,0,0,288,180,forward,0,0,263.0,1.7000393478883717,101.53757621735353,1.2,148.0
12:45:16,1.699971,101.537554,0,0,0,0,0,0,0,0,288,180,forward,0,0,263.0,1.7000393478883717,101.53757621735353,1.2,93.0
12:45:18,1.699971,101.537554,0,0,0,0,0,0,0,0,288,180,forward,0,0,263.0,1.7000393478883717,101.53757621735353,1.4,130.0
12:45:20,1.699971,101.537554,0,0,0,0,0,0,0,0,287,180,forward,0,0,263.0,1.7000397250542845,101.53757502060937,1.3,201.0
12:45:22,1.699971,101.537554,0,0,0,0,0,0,0,0,288,180,forward,0,0,263.0,1.7000393478883717,101.53757621735353,1.2,195.0
12:45:25,1.699971,101.537554,0,0,0,0,0,0,0,0,288,180,forward,0,0,263.0,1.7000393478883717,101.53757621735353,2.1,252.0
12:45:27,1.699972,101.537554,0,0,0,0,0,0,0,0,288,180,forward,0,0,263.0,1.7000403478883719,101.53757621735355,1.5,155.0
12:45:29,1.699971,101.537554,0,0,0,0,0,0,0,0,288,180,forward,0,0,263.0,1.7000393478883717,101.53757621735353,0.9,61.0
12:45:31,1.699971,101.537554,0,0,0,0,0,0,0,0,288,180,forward,0,0,263.0,1.7000393478883717,101.53757621735353,0.7,145.0
12:45:33,1.699972,101.537554,0,0,0,0,0,0,0,0,288,180,forward,0,0,263.0,1.7000403478883719,101.53757621735355,0.7,127.0
12:45:36,1.699972,101.537554,0,0,0,0,0,0,0,0,288,180,forward,0,0,263.0,1.7000403478883719,101.53757621735355,0.8,98.0
12:45:38,1.699972,101.537554,0,0,0,0,0,0,0,0,288,180,forward,0,0,263.0,1.7000403478883719,101.53757621735355,0.6,243.0
12:45:40,1.699973,101.537554,0,0,0,0,0,0,0,0,288,180,forward,0,0,263.0,1.7000413478883718,101.53757621735356,0.5,168.0
12:45:42,1.699974,101.537554,0,0,0,0,0,0,0,0,288,180,forward,0,0,263.0,1.700042347888372,101.53757621735357,0.6,226.0
12:45:44,1.699974,101.537554,0,0,0,0,0,0,0,0,288,180,forward,0,0,263.0,1.700042347888372,101.53757621735357,0.9,203.0
12:45:47,1.699974,101.537554,0,0,0,0,0,0,0,0,288,180,forward,0,0,263.0,1.700042347888372,101.53757621735357,1.2,87.0
12:45:49,1.699975,101.537555,0,0,0,0,0,0,0,0,288,180,forward,0,0,263.0,1.7000433478883719,101.53757721735359,1.1,81.0
12:45:51,1.699975,101.537555,0,0,0,0,0,0,0,0,288,180,forward,0,0,263.0,1.7000433478883719,101.53757721735359,0.9,90.0
12:45:53,1.699976,101.537555,0,0,0,0,0,0,0,0,288,180,forward,0,0,263.0,1.7000443478883718,101.53757721735359,0.6,159.0
12:45:55,1.699976,101.537555,0,0,0,0,0,0,0,0,288,180,forward,0,0,263.0,1.7000443478883718,101.53757721735359,0.6,110.0
12:45:58,1.699976,101.537555,0,0,0,0,0,0,0,0,288,180,forward,0,0,263.0,1.7000443478883718,101.53757721735359,1.2,106.0
12:46:00,1.699976,101.537556,0,0,0,0,0,0,0,0,288,180,forward,0,0,263.0,1.7000443478883718,101.53757821735358,1.4,226.0
12:46:02,1.699976,101.537556,0,0,0,0,0,0,0,0,288,180,forward,0,0,263.0,1.7000443478883718,101.53757821735358,1.8,104.0
12:46:04,1.699976,101.537556,0,0,0,0,0,0,0,0,288,180,forward,0,0,263.0,1.7000443478883718,101.53757821735358,2.0,83.0
12:46:06,1.699977,101.537556,0,0,0,0,0,0,0,0,288,180,forward,0,0,263.0,1.700045347888372,101.5375782173536,1.8,7.0
12:46:09,1.699977,101.537556,0,0,0,0,0,0,0,0,288,180,forward,0,0,263.0,1.700045347888372,101.5375782173536,1.9,30.0
12:46:11,1.699977,101.537556,0,0,0,0,0,0,0,0,288,180,forward,0,0,263.0,1.700045347888372,101.5375782173536,1.9,105.0
12:46:13,1.699977,101.537556,0,0,0,0,0,0,0,0,288,180,forward,0,0,263.0,1.700045347888372,101.5375782173536,1.6,209.0
12:46:15,1.699977,101.537557,0,0,0,0,0,0,0,0,288,180,forward,0,0,263.0,1.700045347888372,101.53757921735361,1.2,180.0
12:46:17,1.699977,101.537557,0,0,0,0,0,0,0,0,288,180,forward,0,0,263.0,1.700045347888372,101.53757921735361,1.6,161.0
12:46:20,1.699977,101.537558,0,0,0,0,0,0,0,0,287,180,forward,0,0,263.0,1.7000457250542846,101.53757902060944,1.6,297.0
12:46:22,1.699978,101.537558,0,0,0,0,0,0,0,0,288,180,forward,0,0,263.0,1.7000463478883718,101.53758021735362,1.3,270.0
12:46:24,1.699978,101.537558,0,0,0,0,0,0,0,0,288,180,forward,0,0,263.0,1.7000463478883718,101.53758021735362,1.3,222.0
12:46:26,1.699978,101.537559,0,0,0,0,0,0,0,0,288,180,forward,0,0,263.0,1.7000463478883718,101.53758121735362,1.2,193.0
12:46:28,1.699979,101.537559,0,0,0,0,0,0,0,0,288,180,forward,0,0,263.0,1.7000473478883718,101.53758121735363,1.1,217.0
12:46:31,1.699979,101.537559,0,0,0,0,0,0,0,0,288,180,forward,0,0,263.0,1.7000473478883718,101.53758121735363,1.3,219.0
12:46:33,1.699979,101.53756,0,0,0,0,0,0,0,0,288,180,forward,0,0,263.0,1.7000473478883718,101.53758221735363,1.3,102.0
12:46:35,1.699979,101.53756,0,0,0,0,0,0,0,0,288,180,forward,0,0,263.0,1.7000473478883718,101.53758221735363,1.2,194.0
12:46:37,1.699979,101.53756,0,0,0,0,0,0,0,0,288,180,forward,0,0,263.0,1.7000473478883718,101.53758221735363,1.0,163.0
12:46:39,1.699979,101.53756,0,0,0,0,0,0,0,0,288,180,forward,0,0,263.0,1.7000473478883718,101.53758221735363,1.9,176.0
12:46:42,1.699979,101.537561,0,0,0,0,0,0,0,0,288,180,forward,0,0,263.0,1.7000473478883718,101.53758321735363,1.5,205.0
12:46:44,1.699979,101.537561,0,0,0,0,0,0,0,0,288,180,forward,0,0,263.0,1.7000473478883718,101.53758321735363,1.9,117.0
12:46:46,1.699979,101.537561,0,0,0,0,0,0,0,0,288,180,forward,0,0,263.0,1.7000473478883718,101.53758321735363,1.5,76.0
12:46:48,1.699979,101.537562,0,0,0,0,0,0,0,0,288,180,forward,0,0,263.0,1.7000473478883718,101.53758421735363,1.3,131.0
12:46:50,1.699979,101.537562,0,0,0,0,0,0,0,0,288,180,forward,0,0,263.0,1.7000473478883718,101.53758421735363,1.0,99.0
12:46:53,1.699979,101.537563,0,0,0,0,0,0,0,0,288,180,forward,0,0,263.0,1.7000473478883718,101.53758521735364,0.7,85.0
12:46:55,1.699978,101.537563,0,0,0,0,0,0,0,0,288,180,forward,0,0,263.0,1.7000463478883718,101.53758521735362,0.8,176.0
12:46:57,1.699978,101.537563,0,0,0,0,0,0,0,0,288,180,forward,0,0,263.0,1.7000463478883718,101.53758521735362,0.9,235.0
12:46:59,1.699978,101.537563,0,0,0,0,0,0,0,0,288,180,forward,0,0,263.0,1.7000463478883718,101.53758521735362,1.3,42.0
12:47:01,1.699978,101.537564,0,0,0,0,0,0,0,0,288,180,forward,0,0,263.0,1.7000463478883718,101.53758621735362,1.7,215.0
12:47:04,1.699977,101.537564,0,0,0,0,0,0,0,0,288,180,forward,0,0,263.0,1.700045347888372,101.5375862173536,1.8,259.0
12:47:06,1.699977,101.537564,0,0,0,0,0,0,0,0,288,180,forward,0,0,263.0,1.700045347888372,101.5375862173536,1.5,224.0
12:47:08,1.699977,101.537563,0,0,0,0,0,0,0,0,288,180,forward,0,0,263.0,1.700045347888372,101.53758521735361,1.3,299.0
12:47:10,1.699977,101.537563,0,0,0,0,0,0,0,0,288,180,forward,0,0,263.0,1.700045347888372,101.53758521735361,1.2,287.0
12:47:12,1.699976,101.537563,0,0,0,0,0,0,0,0,288,180,forward,0,0,263.0,1.7000443478883718,101.5375852173536,1.1,40.0
12:47:15,1.699976,101.537563,0,0,0,0,0,0,0,0,288,180,forward,0,0,263.0,1.7000443478883718,101.5375852173536,1.5,35.0
12:47:17,1.699976,101.537563,0,0,0,0,0,0,0,0,288,180,forward,0,0,263.0,1.7000443478883718,101.5375852173536,1.4,66.0
12:47:19,1.699976,101.537563,0,0,0,0,0,0,0,0,288,180,forward,0,0,263.0,1.7000443478883718,101.5375852173536,1.4,27.0
12:47:21,1.699975,101.537563,0,0,0,0,0,0,0,0,288,180,forward,0,0,263.0,1.7000433478883719,101.5375852173536,1.3,140.0
12:47:23,1.699975,101.537562,0,0,0,0,0,0,0,0,288,180,forward,0,0,263.0,1.7000433478883719,101.53758421735358,1.3,243.0
12:47:26,1.699974,101.537562,0,0,0,0,0,0,0,0,288,180,forward,0,0,263.0,1.700042347888372,101.53758421735357,1.3,75.0
12:47:28,1.699974,101.537561,0,0,0,0,0,0,0,0,288,180,forward,0,0,263.0,1.700042347888372,101.53758321735357,1.2,82.0
12:47:30,1.699974,101.537561,0,0,0,0,0,0,0,0,288,180,forward,0,0,263.0,1.700042347888372,101.53758321735357,1.2,149.0
12:47:32,1.699973,101.537561,0,0,0,0,0,0,0,0,288,180,forward,0,0,263.0,1.7000413478883718,101.53758321735356,1.4,242.0
12:47:34,1.699973,101.53756,0,0,0,0,0,0,0,0,288,180,forward,0,0,263.0,1.7000413478883718,101.53758221735356,1.2,68.0
12:47:37,1.699972,101.53756,0,0,0,0,0,0,0,0,288,180,forward,0,0,263.0,1.7000403478883719,101.53758221735355,1.3,110.0
12:47:39,1.699972,101.537559,0,0,0,0,0,0,0,0,288,180,forward,0,0,263.0,1.7000403478883719,101.53758121735355,2.0,143.0
12:47:41,1.699971,101.537559,0,0,0,0,0,0,0,0,288,180,forward,0,0,263.0,1.7000393478883717,101.53758121735353,1.8,153.0
12:47:43,1.699971,101.537558,0,0,0,0,0,0,0,0,288,180,forward,0,0,263.0,1.7000393478883717,101.53758021735354,1.7,82.0
12:47:45,1.699971,101.537558,0,0,0,0,0,0,0,0,288,180,forward,0,0,263.0,1.7000393478883717,101.53758021735354,1.5,230.0
12:47:48,1.699971,101.537558,0,0,0,0,0,0,0,0,288,180,forward,0,0,263.0,1.7000393478883717,101.53758021735354,1.0,177.0
12:47:50,1.699971,101.537557,0,0,0,0,0,0,0,0,288,180,forward,0,0,263.0,1.7000393478883717,101.53757921735354,0.8,173.0
12:47:52,1.699971,101.537557,0,0,0,0,0,0,0,0,288,180,forward,0,0,263.0,1.7000393478883717,101.53757921735354,1.0,353.0
12:47:54,1.699972,101.537557,0,0,0,0,0,0,0,0,288,180,forward,0,0,263.0,1.7000403478883719,101.53757921735355,1.0,191.0
12:47:56,1.699972,101.537557,0,0,0,0,0,0,0,0,288,180,forward,0,0,263.0,1.7000403478883719,101.53757921735355,1.2,164.0
12:47:59,1.699973,101.537556,0,0,0,0,0,0,0,0,288,180,forward,0,0,263.0,1.7000413478883718,101.53757821735356,1.0,197.0
12:48:01,1.699973,101.537556,0,0,0,0,0,0,0,0,288,180,forward,0,0,263.0,1.7000413478883718,101.53757821735356,0.8,149.0
12:48:03,1.699974,101.537556,0,0,0,0,0,0,0,0,288,180,forward,0,0,263.0,1.700042347888372,101.53757821735357,1.1,220.0
12:48:05,1.699975,101.537556,0,0,0,0,0,0,0,0,288,180,forward,0,0,263.0,1.7000433478883719,101.53757821735358,0.5,175.0
12:48:07,1.699975,101.537556,0,0,0,0,0,0,0,0,288,180,forward,0,0,263.0,1.7000433478883719,101.53757821735358,0.7,37.0
12:48:10,1.699976,101.537556,0,0,0,0,0,0,0,0,288,180,forward,0,0,263.0,1.7000443478883718,101.53757821735358,0.7,212.0
12:48:12,1.699976,101.537555,0,0,0,0,0,0,0,0,288,180,forward,0,0,263.0,1.7000443478883718,101.53757721735359,0.7,154.0
12:48:14,1.699977,101.537555,0,0,0,0,0,0,0,0,288,180,forward,0,0,263.0,1.700045347888372,101.5375772173536,1.0,101.0
12:48:16,1.699977,101.537555,0,0,0,0,0,0,0,0,288,180,forward,0,0,263.0,1.700045347888372,101.5375772173536,1.9,329.0
12:48:18,1.699978,101.537555,0,0,0,0,0,0,0,0,288,180,forward,0,0,263.0,1.7000463478883718,101.53757721735361,2.3,236.0
12:48:21,1.699978,101.537555,0,0,0,0,0,0,0,0,288,180,forward,0,0,263.0,1.7000463478883718,101.53757721735361,2.1,197.0
12:48:23,1.699978,101.537555,0,0,0,0,0,0,0,0,288,180,forward,0,0,263.0,1.7000463478883718,101.53757721735361,2.1,70.0
12:48:25,1.699978,101.537555,0,0,0,0,0,0,0,0,288,180,forward,0,0,263.0,1.7000463478883718,101.53757721735361,1.5,135.0
12:48:27,1.699978,101.537554,0,0,0,0,0,0,0,0,288,180,forward,0,0,263.0,1.7000463478883718,101.53757621735362,1.7,152.0
12:48:29,1.699978,101.537554,0,0,0,0,0,0,0,0,288,180,forward,0,0,263.0,1.7000463478883718,101.53757621735362,1.6,215.0
12:48:32,1.699978,101.537554,0,0,0,0,0,0,0,0,288,180,forward,0,0,263.0,1.7000463478883718,101.53757621735362,1.4,130.0
12:48:34,1.699978,101.537554,0,0,0,0,0,0,0,0,288,180,forward,0,0,263.0,1.7000463478883718,101.53757621735362,1.3,237.0
12:48:36,1.699978,101.537554,0,0,0,0,0,0,0,0,287,180,forward,0,0,263.0,1.7000467250542846,101.53757502060945,1.3,305.0
12:48:38,1.699977,101.537554,0,0,0,0,0,0,0,0,288,180,forward,0,0,263.0,1.700045347888372,101.5375762173536,1.8,1.0
12:48:40,1.699977,101.537554,0,0,0,0,0,0,0,0,288,180,forward,0,0,263.0,1.700045347888372,101.5375762173536,1.5,99.0
12:48:43,1.699977,101.537553,0,0,0,0,0,0,0,0,287,180,forward,0,0,263.0,1.7000457250542846,101.53757402060944,1.4,297.0
12:48:45,1.699977,101.537553,0,0,0,0,0,0,0,0,288,180,forward,0,0,263.0,1.700045347888372,101.5375752173536,2.0,313.0
12:48:47,1.699976,101.537554,0,0,0,0,0,0,0,0,288,180,forward,0,0,263.0,1.7000443478883718,101.53757621735359,1.9,69.0
12:48:49,1.699976,101.537554,0,0,0,0,0,0,0,0,288,180,forward,0,0,263.0,1.7000443478883718,101.53757621735359,1.2,193.0
12:48:51,1.699976,101.537554,0,0,0,0,0,0,0,0,288,180,forward,0,0,263.0,1.7000443478883718,101.53757621735359,1.2,323.0
12:48:54,1.699976,101.537553,0,0,0,0,0,0,0,0,288,180,forward,0,0,263.0,1.7000443478883718,101.53757521735359,1.2,152.0
12:48:56,1.699976,101.537554,0,0,0,0,0,0,0,0,288,180,forward,0,0,263.0,1.7000443478883718,101.53757621735359,1.8,82.0
12:48:58,1.699975,101.537554,0,0,0,0,0,0,0,0,288,180,forward,0,0,263.0,1.7000433478883719,101.53757621735359,2.0,350.0
12:49:00,1.699975,101.537554,0,0,0,0,0,0,0,0,288,180,forward,0,0,263.0,1.7000433478883719,101.53757621735359,1.4,198.0
12:49:02,1.699975,101.537554,0,0,0,0,0,0,0,0,288,180,forward,0,0,263.0,1.7000433478883719,101.53757621735359,0.9,240.0
12:49:04,1.699974,101.537554,0,0,0,0,0,0,0,0,288,180,forward,0,0,263.0,1.700042347888372,101.53757621735357,1.5,355.0
12:49:07,1.699974,101.537554,0,0,0,0,0,0,0,0,288,180,forward,0,0,263.0,1.700042347888372,101.53757621735357,1.5,51.0
12:49:09,1.699974,101.537553,0,0,0,0,0,0,0,0,288,180,forward,0,0,263.0,1.700042347888372,101.53757521735358,1.3,155.0
12:49:11,1.699974,101.537554,0,0,0,0,0,0,0,0,289,180,forward,0,0,263.0,1.7000419499030304,101.53757740733012,1.9,169.0
12:49:13,1.699974,101.537554,0,0,0,0,0,0,0,0,287,180,forward,0,0,263.0,1.7000427250542847,101.53757502060941,1.3,95.0
12:49:15,1.699973,101.537554,0,0,0,0,0,0,0,0,288,180,forward,0,0,263.0,1.7000413478883718,101.53757621735356,1.4,48.0
12:49:18,1.699973,101.537554,0,0,0,0,0,0,0,0,288,180,forward,0,0,263.0,1.7000413478883718,101.53757621735356,1.4,140.0
12:49:20,1.699973,101.537554,0,0,0,0,0,0,0,0,288,180,forward,0,0,263.0,1.7000413478883718,101.53757621735356,2.3,256.0
12:49:22,1.699972,101.537554,0,0,0,0,0,0,0,0,288,180,forward,0,0,263.0,1.7000403478883719,101.53757621735355,1.8,335.0
12:49:24,1.699972,101.537554,0,0,0,0,0,0,0,0,288,180,forward,0,0,263.0,1.7000403478883719,101.53757621735355,2.3,168.0
12:49:26,1.699971,101.537554,0,0,0,0,0,0,0,0,288,180,forward,0,0,263.0,1.7000393478883717,101.53757621735353,2.0,194.0
12:49:29,1.699971,101.537554,0,0,0,0,0,0,0,0,288,180,forward,0,0,263.0,1.7000393478883717,101.53757621735353,1.9,74.0
12:49:31,1.699971,101.537554,0,0,0,0,0,0,0,0,288,180,forward,0,0,263.0,1.7000393478883717,101.53757621735353,1.9,0.0
12:49:33,1.699971,101.537554,0,0,0,0,0,0,0,0,288,180,forward,0,0,263.0,1.7000393478883717,101.53757621735353,2.1,203.0
12:49:35,1.699971,101.537554,0,0,0,0,0,0,0,0,288,180,forward,0,0,263.0,1.7000393478883717,101.53757621735353,1.9,236.0
12:49:37,1.699971,101.537555,0,0,0,0,0,0,0,0,288,180,forward,0,0,263.0,1.7000393478883717,101.53757721735353,1.3,206.0
12:49:40,1.699971,101.537555,0,0,0,0,0,0,0,0,288,180,forward,0,0,263.0,1.7000393478883717,101.53757721735353,1.1,14.0
12:49:42,1.699971,101.537555,0,0,0,0,0,0,0,0,288,180,forward,0,0,263.0,1.7000393478883717,101.53757721735353,1.5,37.0
12:49:44,1.699971,101.537555,0,0,0,0,0,0,0,0,288,180,forward,0,0,263.0,1.7000393478883717,101.53757721735353,1.7,33.0
12:49:46,1.699972,101.537555,0,0,0,0,0,0,0,0,288,180,forward,0,0,263.0,1.7000403478883719,101.53757721735354,2.0,36.0
12:49:48,1.699972,101.537555,0,0,0,0,0,0,0,0,288,180,forward,0,0,263.0,1.7000403478883719,101.53757721735354,1.8,302.0
12:49:51,1.699972,101.537555,0,0,0,0,0,0,0,0,288,180,forward,0,0,263.0,1.7000403478883719,101.53757721735354,1.4,103.0
12:49:53,1.699973,101.537555,0,0,0,0,0,0,0,0,288,180,forward,0,0,263.0,1.7000413478883718,101.53757721735356,1.2,195.0
12:49:55,1.699973,101.537555,0,0,0,0,0,0,0,0,288,180,forward,0,0,263.0,1.7000413478883718,101.53757721735356,1.2,165.0
12:49:57,1.699973,101.537555,0,0,0,0,0,0,0,0,288,180,forward,0,0,263.0,1.7000413478883718,101.53757721735356,1.1,199.0
12:49:59,1.699973,101.537555,0,0,0,0,0,0,0,0,288,180,forward,0,0,263.0,1.7000413478883718,101.53757721735356,1.6,172.0
12:50:02,1.699973,101.537554,0,0,0,0,0,0,0,0,288,180,forward,0,0,263.0,1.7000413478883718,101.53757621735356,1.5,204.0
12:50:04,1.699974,101.537554,0,0,0,0,0,0,0,0,288,180,forward,0,0,263.0,1.700042347888372,101.53757621735357,1.4,93.0
12:50:06,1.699974,101.537554,0,0,0,0,0,0,0,0,288,180,forward,0,0,263.0,1.700042347888372,101.53757621735357,1.2,62.0
12:50:08,1.699974,101.537554,0,0,0,0,0,0,0,0,288,180,forward,0,0,263.0,1.700042347888372,101.53757621735357,1.1,54.0
12:50:10,1.699974,101.537553,0,0,0,0,0,0,0,0,288,180,forward,0,0,263.0,1.700042347888372,101.53757521735358,1.4,232.0
12:50:13,1.699974,101.537553,0,0,0,0,0,0,0,0,288,180,forward,0,0,263.0,1.700042347888372,101.53757521735358,1.4,189.0
12:50:15,1.699974,101.537552,0,0,0,0,0,0,0,0,288,180,forward,0,0,263.0,1.700042347888372,101.53757421735358,1.4,169.0
12:50:17,1.699974,101.537552,0,0,0,0,0,0,0,0,288,180,forward,0,0,263.0,1.700042347888372,101.53757421735358,2.0,153.0
12:50:19,1.699974,101.537551,0,0,0,0,0,0,0,0,288,180,forward,0,0,263.0,1.700042347888372,101.53757321735357,1.4,100.0
12:50:21,1.699974,101.53755,0,0,0,0,0,0,0,0,288,180,forward,0,0,263.0,1.700042347888372,101.53757221735357,1.2,238.0
12:50:24,1.699974,101.53755,0,0,0,0,0,0,0,0,288,180,forward,0,0,263.0,1.700042347888372,101.53757221735357,1.0,219.0
12:50:26,1.699974,101.537549,0,0,0,0,0,0,0,0,288,180,forward,0,0,263.0,1.700042347888372,101.53757121735357,1.1,221.0
12:50:28,1.699973,101.537548,0,0,0,0,0,0,0,0,288,180,forward,0,0,263.0,1.7000413478883718,101.53757021735356,1.2,214.0
12:50:30,1.699973,101.537548,0,0,0,0,0,0,0,0,288,180,forward,0,0,263.0,1.7000413478883718,101.53757021735356,1.2,325.0
12:50:32,1.699972,101.537547,0,0,0,0,0,0,0,0,287,180,forward,0,0,263.0,1.7000407250542846,101.53756802060938,1.7,173.0
12:50:35,1.699972,101.537546,0,0,0,0,0,0,0,0,288,180,forward,0,0,263.0,1.7000403478883719,101.53756821735355,1.7,205.0
12:50:37,1.699972,101.537545,0,0,0,0,0,0,0,0,288,180,forward,0,0,263.0,1.7000403478883719,101.53756721735354,1.9,205.0
12:50:39,1.699971,101.537545,0,0,0,0,0,0,0,0,288,180,forward,0,0,263.0,1.7000393478883717,101.53756721735353,1.5,184.0
12:50:41,1.699971,101.537544,0,0,0,0,0,0,0,0,288,180,forward,0,0,263.0,1.7000393478883717,101.53756621735353,1.2,67.0
12:50:43,1.699971,101.537544,0,0,0,0,0,0,0,0,288,180,forward,0,0,263.0,1.7000393478883717,101.53756621735353,2.0,276.0
12:50:46,1.699971,101.537544,0,0,0,0,0,0,0,0,288,180,forward,0,0,263.0,1.7000393478883717,101.53756621735353,1.6,346.0
12:50:48,1.699971,101.537544,0,0,0,0,0,0,0,0,288,180,forward,0,0,263.0,1.7000393478883717,101.53756621735353,1.7,12.0
12:50:50,1.699971,101.537543,0,0,0,0,0,0,0,0,288,180,forward,0,0,263.0,1.7000393478883717,101.53756521735353,1.9,5.0
12:50:52,1.699971,101.537543,0,0,0,0,0,0,0,0,288,180,forward,0,0,263.0,1.7000393478883717,101.53756521735353,1.6,73.0
12:50:54,1.699971,101.537543,0,0,0,0,0,0,0,0,288,180,forward,0,0,263.0,1.7000393478883717,101.53756521735353,1.3,145.0
12:50:57,1.699972,101.537543,0,0,0,0,0,0,0,0,288,180,forward,0,0,263.0,1.7000403478883719,101.53756521735355,1.2,150.0
12:50:59,1.699972,101.537543,0,0,0,0,0,0,0,0,288,180,forward,0,0,263.0,1.7000403478883719,101.53756521735355,1.2,13.0
12:51:01,1.699972,101.537543,0,0,0,0,0,0,0,0,288,180,forward,0,0,263.0,1.7000403478883719,101.53756521735355,1.3,271.0
12:51:03,1.699972,101.537543,0,0,0,0,0,0,0,0,288,180,forward,0,0,263.0,1.7000403478883719,101.53756521735355,1.4,183.0
12:51:05,1.699973,101.537543,0,0,0,0,0,0,0,0,288,180,forward,0,0,263.0,1.7000413478883718,101.53756521735356,2.1,299.0
12:51:08,1.699973,101.537543,0,0,0,0,0,0,0,0,288,180,forward,0,0,263.0,1.7000413478883718,101.53756521735356,2.5,29.0
12:51:10,1.699973,101.537544,0,0,0,0,0,0,0,0,288,180,forward,0,0,263.0,1.7000413478883718,101.53756621735356,2.0,0.0
12:51:12,1.699973,101.537544,0,0,0,0,0,0,0,0,288,180,forward,0,0,263.0,1.7000413478883718,101.53756621735356,1.9,177.0
12:51:14,1.699973,101.537544,0,0,0,0,0,0,0,0,287,180,forward,0,0,263.0,1.7000417250542845,101.53756502060939,1.3,29.0
12:51:16,1.699973,101.537544,0,0,0,0,0,0,0,0,288,180,forward,0,0,263.0,1.7000413478883718,101.53756621735356,1.9,87.0
12:51:19,1.699973,101.537545,0,0,0,0,0,0,0,0,288,180,forward,0,0,263.0,1.7000413478883718,101.53756721735355,1.8,48.0
12:51:21,1.699973,101.537545,0,0,0,0,0,0,0,0,288,180,forward,0,0,263.0,1.7000413478883718,101.53756721735355,1.5,208.0
12:51:23,1.699973,101.537545,0,0,0,0,0,0,0,0,288,180,forward,0,0,263.0,1.7000413478883718,101.53756721735355,1.2,121.0
12:51:25,1.699973,101.537545,0,0,0,0,0,0,0,0,288,180,forward,0,0,263.0,1.7000413478883718,101.53756721735355,1.4,323.0
12:51:27,1.699972,101.537545,0,0,0,0,0,0,0,0,288,180,forward,0,0,263.0,1.7000403478883719,101.53756721735354,2.1,36.0
12:51:30,1.699972,101.537546,0,0,0,0,0,0,0,0,288,180,forward,0,0,263.0,1.7000403478883719,101.53756821735355,1.9,62.0
12:51:32,1.699972,101.537546,0,0,0,0,0,0,0,0,288,180,forward,0,0,263.0,1.7000403478883719,101.53756821735355,1.1,47.0
12:51:34,1.699971,101.537546,0,0,0,0,0,0,0,0,288,180,forward,0,0,263.0,1.7000393478883717,101.53756821735354,1.1,48.0
12:51:36,1.699971,101.537547,0,0,0,0,0,0,0,0,288,180,forward,0,0,263.0,1.7000393478883717,101.53756921735354,1.6,23.0
12:51:38,1.699971,101.537547,0,0,0,0,0,0,0,0,287,180,forward,0,0,263.0,1.7000397250542845,101.53756802060937,2.2,30.0
12:51:41,1.699971,101.537548,0,0,0,0,0,0,0,0,288,180,forward,0,0,263.0,1.7000393478883717,101.53757021735353,1.7,11.0
12:51:43,1.699971,101.537548,0,0,0,0,0,0,0,0,288,180,forward,0,0,263.0,1.7000393478883717,101.53757021735353,1.7,11.0
12:51:45,1.699971,101.537548,0,0,0,0,0,0,0,0,288,180,forward,0,0,263.0,1.7000393478883717,101.53757021735353,1.9,4.0
12:51:47,1.699971,101.537548,0,0,0,0,0,0,0,0,288,180,forward,0,0,263.0,1.7000393478883717,101.53757021735353,1.4,290.0
12:51:49,1.699971,101.537548,0,0,0,0,0,0,0,0,288,180,forward,0,0,263.0,1.7000393478883717,101.53757021735353,1.7,42.0
12:51:52,1.699971,101.537548,0,0,0,0,0,0,0,0,288,180,forward,0,0,263.0,1.7000393478883717,101.53757021735353,1.9,356.0
12:51:54,1.699971,101.537548,0,0,0,0,0,0,0,0,288,180,forward,0,0,263.0,1.7000393478883717,101.53757021735353,1.0,340.0
12:51:56,1.699971,101.537548,0,0,0,0,0,0,0,0,287,180,forward,0,0,263.0,1.7000397250542845,101.53756902060937,1.1,275.0
12:51:58,1.699971,101.537549,0,0,0,0,0,0,0,0,288,180,forward,0,0,263.0,1.7000393478883717,101.53757121735353,2.0,342.0
12:52:00,1.699971,101.537548,0,0,0,0,0,0,0,0,288,180,forward,0,0,263.0,1.7000393478883717,101.53757021735353,1.6,349.0
12:52:03,1.699971,101.537548,0,0,0,0,0,0,0,0,288,180,forward,0,0,263.0,1.7000393478883717,101.53757021735353,1.3,268.0
12:52:05,1.699971,101.537548,0,0,0,0,0,0,0,0,288,180,forward,0,0,263.0,1.7000393478883717,101.53757021735353,1.6,84.0
12:52:07,1.699971,101.537548,0,0,0,0,0,0,0,0,288,180,forward,0,0,263.0,1.7000393478883717,101.53757021735353,1.6,255.0
12:52:09,1.699971,101.537548,0,0,0,0,0,0,0,0,288,180,forward,0,0,263.0,1.7000393478883717,101.53757021735353,1.0,47.0
12:52:11,1.699971,101.537548,0,0,0,0,0,0,0,0,288,180,forward,0,0,263.0,1.7000393478883717,101.53757021735353,1.4,357.0
12:52:14,1.699971,101.537548,0,0,0,0,0,0,0,0,288,180,forward,0,0,263.0,1.7000393478883717,101.53757021735353,1.7,348.0
12:52:16,1.699971,101.537548,0,0,0,0,0,0,0,0,287,180,forward,0,0,263.0,1.7000397250542845,101.53756902060937,1.3,23.0
12:52:18,1.699971,101.537548,0,0,0,0,0,0,0,0,288,180,forward,0,0,263.0,1.7000393478883717,101.53757021735353,1.2,38.0
12:52:20,1.699971,101.537548,0,0,0,0,0,0,0,0,288,180,forward,0,0,263.0,1.7000393478883717,101.53757021735353,1.2,17.0
12:52:22,1.699971,101.537548,0,0,0,0,0,0,0,0,288,180,forward,0,0,263.0,1.7000393478883717,101.53757021735353,1.2,113.0
12:52:25,1.699971,101.537548,0,0,0,0,0,0,0,0,288,180,forward,0,0,263.0,1.7000393478883717,101.53757021735353,1.1,254.0
12:52:27,1.699971,101.537547,0,0,0,0,0,0,0,0,288,180,forward,0,0,263.0,1.7000393478883717,101.53756921735354,1.0,342.0
12:52:29,1.69997,101.537547,0,0,0,0,0,0,0,0,288,180,forward,0,0,263.0,1.7000383478883718,101.53756921735354,1.0,25.0
12:52:31,1.69997,101.537547,0,0,0,0,0,0,0,0,288,180,forward,0,0,263.0,1.7000383478883718,101.53756921735354,0.9,17.0
12:52:33,1.69997,101.537547,0,0,0,0,0,0,0,0,287,180,forward,0,0,263.0,1.7000387250542845,101.53756802060937,0.7,352.0
12:52:35,1.69997,101.537547,0,0,0,0,0,0,0,0,288,180,forward,0,0,263.0,1.7000383478883718,101.53756921735354,0.8,0.0
12:52:38,1.69997,101.537547,0,0,0,0,0,0,0,0,288,180,forward,0,0,263.0,1.7000383478883718,101.53756921735354,1.2,133.0
12:52:40,1.699969,101.537547,0,0,0,0,0,0,0,0,288,180,forward,0,0,263.0,1.700037347888372,101.53756921735352,1.2,127.0
12:52:42,1.699969,101.537547,0,0,0,0,0,0,0,0,288,180,forward,0,0,263.0,1.700037347888372,101.53756921735352,1.3,280.0
12:52:44,1.699969,101.537546,0,0,0,0,0,0,0,0,287,180,forward,0,0,263.0,1.7000377250542846,101.53756702060936,1.2,35.0
12:52:46,1.699968,101.537546,0,0,0,0,0,0,0,0,288,180,forward,0,0,263.0,1.7000363478883718,101.53756821735351,1.4,0.0
12:52:49,1.699968,101.537546,0,0,0,0,0,0,0,0,288,180,forward,0,0,263.0,1.7000363478883718,101.53756821735351,0.9,49.0
12:52:51,1.699968,101.537546,0,0,0,0,0,0,0,0,288,180,forward,0,0,263.0,1.7000363478883718,101.53756821735351,0.7,356.0
12:52:53,1.699968,101.537545,0,0,0,0,0,0,0,0,288,180,forward,0,0,263.0,1.7000363478883718,101.5375672173535,1.2,10.0
12:52:55,1.699967,101.537545,0,0,0,0,0,0,0,0,288,180,forward,0,0,263.0,1.7000353478883719,101.53756721735348,1.6,47.0
12:52:57,1.699967,101.537545,0,0,0,0,0,0,0,0,288,180,forward,0,0,263.0,1.7000353478883719,101.53756721735348,1.6,18.0
12:53:00,1.699967,101.537545,0,0,0,0,0,0,0,0,288,180,forward,0,0,263.0,1.7000353478883719,101.53756721735348,1.2,0.0
12:53:02,1.699967,101.537545,0,0,0,0,0,0,0,0,288,180,forward,0,0,263.0,1.7000353478883719,101.53756721735348,1.9,21.0
12:53:04,1.699967,101.537545,0,0,0,0,0,0,0,0,288,180,forward,0,0,263.0,1.7000353478883719,101.53756721735348,1.4,25.0
12:53:06,1.699967,101.537545,0,0,0,0,0,0,0,0,288,180,forward,0,0,263.0,1.7000353478883719,101.53756721735348,1.3,351.0
12:53:08,1.699967,101.537545,0,0,0,0,0,0,0,0,288,180,forward,0,0,263.0,1.7000353478883719,101.53756721735348,1.9,28.0
12:53:11,1.699968,101.537545,0,0,0,0,0,0,0,0,288,180,forward,0,0,263.0,1.7000363478883718,101.5375672173535,1.9,25.0
12:53:13,1.699968,101.537545,0,0,0,0,0,0,0,0,288,180,forward,0,0,263.0,1.7000363478883718,101.5375672173535,1.3,0.0
12:53:15,1.699968,101.537546,0,0,0,0,0,0,0,0,288,180,forward,0,0,263.0,1.7000363478883718,101.53756821735351,1.3,331.0
12:53:17,1.699968,101.537546,0,0,0,0,0,0,0,0,289,180,forward,0,0,263.0,1.7000359499030302,101.53756940733005,1.0,348.0
12:53:19,1.699968,101.537546,0,0,0,0,0,0,0,0,288,180,forward,0,0,263.0,1.7000363478883718,101.53756821735351,0.8,354.0
12:53:22,1.699968,101.537546,0,0,0,0,0,0,0,0,288,180,forward,0,0,263.0,1.7000363478883718,101.53756821735351,1.2,343.0
12:53:24,1.699969,101.537547,0,0,0,0,0,0,0,0,288,180,forward,0,0,263.0,1.700037347888372,101.53756921735352,1.4,130.0
12:53:26,1.699969,101.537547,0,0,0,0,0,0,0,0,288,180,forward,0,0,263.0,1.700037347888372,101.53756921735352,1.4,147.0
12:53:28,1.699969,101.537547,0,0,0,0,0,0,0,0,288,180,forward,0,0,263.0,1.700037347888372,101.53756921735352,1.3,84.0
12:53:30,1.699969,101.537547,0,0,0,0,0,0,0,0,288,180,forward,0,0,263.0,1.700037347888372,101.53756921735352,1.3,198.0
12:53:33,1.699969,101.537547,0,0,0,0,0,0,0,0,288,180,forward,0,0,263.0,1.700037347888372,101.53756921735352,1.2,249.0
12:53:35,1.699969,101.537547,0,0,0,0,0,0,0,0,288,180,forward,0,0,263.0,1.700037347888372,101.53756921735352,1.4,67.0
12:53:37,1.69997,101.537548,0,0,0,0,0,0,0,0,287,180,forward,0,0,263.0,1.7000387250542845,101.53756902060937,1.3,347.0
12:53:39,1.69997,101.537548,0,0,0,0,0,0,0,0,288,180,forward,0,0,263.0,1.7000383478883718,101.53757021735353,1.1,321.0
12:53:41,1.699971,101.537548,0,0,0,0,0,0,0,0,287,180,forward,0,0,263.0,1.7000397250542845,101.53756902060937,1.1,233.0
12:53:43,1.699971,101.537548,0,0,0,0,0,0,0,0,288,180,forward,0,0,263.0,1.7000393478883717,101.53757021735353,1.5,130.0
12:53:46,1.699971,101.537548,0,0,0,0,0,0,0,0,288,180,forward,0,0,263.0,1.7000393478883717,101.53757021735353,1.1,149.0
12:53:48,1.699972,101.537548,0,0,0,0,0,0,0,0,287,180,forward,0,0,263.0,1.7000407250542846,101.53756902060938,1.2,227.0
12:53:50,1.699972,101.537549,0,0,0,0,0,0,0,0,288,180,forward,0,0,263.0,1.7000403478883719,101.53757121735354,1.1,224.0
12:53:52,1.699972,101.537549,0,0,0,0,0,0,0,0,288,180,forward,0,0,263.0,1.7000403478883719,101.53757121735354,1.3,247.0
12:53:54,1.699973,101.537549,0,0,0,0,0,0,0,0,287,180,forward,0,0,263.0,1.7000417250542845,101.5375700206094,1.2,296.0
12:53:57,1.699973,101.537549,0,0,0,0,0,0,0,0,288,180,forward,0,0,263.0,1.7000413478883718,101.53757121735356,1.6,112.0
12:53:59,1.699974,101.537549,0,0,0,0,0,0,0,0,287,180,forward,0,0,263.0,1.7000427250542847,101.53757002060941,1.3,175.0
12:54:01,1.699974,101.537549,0,0,0,0,0,0,0,0,287,180,forward,0,0,263.0,1.7000427250542847,101.53757002060941,1.1,165.0
12:54:03,1.699974,101.537549,0,0,0,0,0,0,0,0,288,180,forward,0,0,263.0,1.700042347888372,101.53757121735357,1.0,141.0
12:54:05,1.699974,101.53755,0,0,0,0,0,0,0,0,287,180,forward,0,0,263.0,1.7000427250542847,101.5375710206094,1.1,186.0
12:54:08,1.699974,101.53755,0,0,0,0,0,0,0,0,288,180,forward,0,0,263.0,1.700042347888372,101.53757221735357,1.0,160.0
12:54:10,1.699974,101.53755,0,0,0,0,0,0,0,0,288,180,forward,0,0,263.0,1.700042347888372,101.53757221735357,1.0,11.0
12:54:12,1.699974,101.53755,0,0,0,0,0,0,0,0,288,180,forward,0,0,263.0,1.700042347888372,101.53757221735357,0.8,315.0
12:54:14,1.699974,101.53755,0,0,0,0,0,0,0,0,289,180,forward,0,0,263.0,1.7000419499030304,101.53757340733011,1.7,281.0
12:54:16,1.699973,101.537549,0,0,0,0,0,0,0,0,288,180,forward,0,0,263.0,1.7000413478883718,101.53757121735356,1.8,114.0
12:54:18,1.699973,101.537549,0,0,0,0,0,0,0,0,288,180,forward,0,0,263.0,1.7000413478883718,101.53757121735356,1.9,266.0
12:54:21,1.699972,101.537549,0,0,0,0,0,0,0,0,287,180,forward,0,0,263.0,1.7000407250542846,101.53757002060938,1.5,255.0
12:54:23,1.699972,101.537549,0,0,0,0,0,0,0,0,288,180,forward,0,0,263.0,1.7000403478883719,101.53757121735354,1.6,52.0
12:54:25,1.699972,101.537548,0,0,0,0,0,0,0,0,288,180,forward,0,0,263.0,1.7000403478883719,101.53757021735355,1.3,274.0
12:54:27,1.699971,101.537548,0,0,0,0,0,0,0,0,288,180,forward,0,0,263.0,1.7000393478883717,101.53757021735353,1.2,189.0
12:54:29,1.699971,101.537548,0,0,0,0,0,0,0,0,288,180,forward,0,0,263.0,1.7000393478883717,101.53757021735353,1.2,194.0
12:54:32,1.699971,101.537548,0,0,0,0,0,0,0,0,288,180,forward,0,0,263.0,1.7000393478883717,101.53757021735353,1.2,344.0
12:54:34,1.699971,101.537548,0,0,0,0,0,0,0,0,288,180,forward,0,0,263.0,1.7000393478883717,101.53757021735353,1.7,29.0
12:54:36,1.699971,101.537548,0,0,0,0,0,0,0,0,288,180,forward,0,0,263.0,1.7000393478883717,101.53757021735353,1.5,22.0
12:54:38,1.699971,101.537548,0,0,0,0,0,0,0,0,287,180,forward,0,0,263.0,1.7000397250542845,101.53756902060937,0.8,7.0
12:54:40,1.699971,101.537548,0,0,0,0,0,0,0,0,287,180,forward,0,0,263.0,1.7000397250542845,101.53756902060937,0.7,64.0
12:54:43,1.699971,101.537548,0,0,0,0,0,0,0,0,288,180,forward,0,0,263.0,1.7000393478883717,101.53757021735353,1.2,62.0
12:54:45,1.699971,101.537548,0,0,0,0,0,0,0,0,288,180,forward,0,0,263.0,1.7000393478883717,101.53757021735353,1.9,304.0
12:54:47,1.699971,101.537548,0,0,0,0,0,0,0,0,288,180,forward,0,0,263.0,1.7000393478883717,101.53757021735353,1.4,339.0
12:54:49,1.699971,101.537547,0,0,0,0,0,0,0,0,288,180,forward,0,0,263.0,1.7000393478883717,101.53756921735354,1.2,43.0
12:54:51,1.699971,101.537547,0,0,0,0,0,0,0,0,288,180,forward,0,0,263.0,1.7000393478883717,101.53756921735354,1.5,1.0
12:54:54,1.699972,101.537547,0,0,0,0,0,0,0,0,288,180,forward,0,0,263.0,1.7000403478883719,101.53756921735355,1.2,3.0
12:54:56,1.699972,101.537547,0,0,0,0,0,0,0,0,289,180,forward,0,0,263.0,1.7000399499030303,101.5375704073301,1.7,358.0
12:54:58,1.699972,101.537546,0,0,0,0,0,0,0,0,287,180,forward,0,0,263.0,1.7000407250542846,101.53756702060939,1.4,110.0
12:55:00,1.699972,101.537546,0,0,0,0,0,0,0,0,288,180,forward,0,0,263.0,1.7000403478883719,101.53756821735355,1.6,297.0
12:55:02,1.699972,101.537546,0,0,0,0,0,0,0,0,287,180,forward,0,0,263.0,1.7000407250542846,101.53756702060939,1.4,313.0
12:55:05,1.699972,101.537546,0,0,0,0,0,0,0,0,288,180,forward,0,0,263.0,1.7000403478883719,101.53756821735355,1.2,101.0
12:55:07,1.699972,101.537545,0,0,0,0,0,0,0,0,288,180,forward,0,0,263.0,1.7000403478883719,101.53756721735354,1.2,41.0
12:55:09,1.699972,101.537545,0,0,0,0,0,0,0,0,288,180,forward,0,0,263.0,1.7000403478883719,101.53756721735354,0.8,36.0
12:55:11,1.699971,101.537545,0,0,0,0,0,0,0,0,288,180,forward,0,0,263.0,1.7000393478883717,101.53756721735353,1.3,339.0
12:55:13,1.699971,101.537544,0,0,0,0,0,0,0,0,287,180,forward,0,0,263.0,1.7000397250542845,101.53756502060936,1.8,17.0
12:55:16,1.699971,101.537544,0,0,0,0,0,0,0,0,288,180,forward,0,0,263.0,1.7000393478883717,101.53756621735353,1.5,123.0
12:55:18,1.69997,101.537544,0,0,0,0,0,0,0,0,289,180,forward,0,0,263.0,1.7000379499030303,101.53756740733007,1.2,157.0
12:55:20,1.699969,101.537544,0,0,0,0,0,0,0,0,288,180,forward,0,0,263.0,1.700037347888372,101.53756621735351,1.3,200.0
12:55:22,1.699969,101.537544,0,0,0,0,0,0,0,0,287,180,forward,0,0,263.0,1.7000377250542846,101.53756502060935,2.0,102.0
12:55:24,1.699969,101.537544,0,0,0,0,0,0,0,0,289,180,forward,0,0,263.0,1.7000369499030303,101.53756740733006,2.0,283.0
12:55:27,1.699969,101.537544,0,0,0,0,0,0,0,0,288,180,forward,0,0,263.0,1.700037347888372,101.53756621735351,1.3,67.0
12:55:29,1.699969,101.537543,0,0,0,0,0,0,0,0,287,180,forward,0,0,263.0,1.7000377250542846,101.53756402060935,1.1,68.0
12:55:31,1.699969,101.537543,0,0,0,0,0,0,0,0,288,180,forward,0,0,263.0,1.700037347888372,101.53756521735352,1.8,2.0
12:55:33,1.699969,101.537543,0,0,0,0,0,0,0,0,288,180,forward,0,0,263.0,1.700037347888372,101.53756521735352,1.6,136.0
12:55:35,1.699969,101.537543,0,0,0,0,0,0,0,0,288,180,forward,0,0,263.0,1.700037347888372,101.53756521735352,1.6,132.0
12:55:38,1.699969,101.537543,0,0,0,0,0,0,0,0,288,180,forward,0,0,263.0,1.700037347888372,101.53756521735352,1.2,161.0
12:55:40,1.699969,101.537543,0,0,0,0,0,0,0,0,287,180,forward,0,0,263.0,1.7000377250542846,101.53756402060935,1.0,147.0
12:55:42,1.69997,101.537543,0,0,0,0,0,0,0,0,288,180,forward,0,0,263.0,1.7000383478883718,101.53756521735353,0.9,176.0
12:55:44,1.69997,101.537543,0,0,0,0,0,0,0,0,288,180,forward,0,0,263.0,1.7000383478883718,101.53756521735353,1.3,135.0
12:55:46,1.69997,101.537543,0,0,0,0,0,0,0,0,288,180,forward,0,0,263.0,1.7000383478883718,101.53756521735353,1.2,7.0
12:55:49,1.699971,101.537544,0,0,0,0,0,0,0,0,287,180,forward,0,0,263.0,1.7000397250542845,101.53756502060936,1.4,27.0
12:55:51,1.699971,101.537544,0,0,0,0,0,0,0,0,289,180,forward,0,0,263.0,1.7000389499030302,101.53756740733007,1.3,49.0
12:55:53,1.699971,101.537544,0,0,0,0,0,0,0,0,287,180,forward,0,0,263.0,1.7000397250542845,101.53756502060936,1.4,20.0
12:55:55,1.699971,101.537544,0,0,0,0,0,0,0,0,288,180,forward,0,0,263.0,1.7000393478883717,101.53756621735353,1.3,100.0
12:55:57,1.699971,101.537544,0,0,0,0,0,0,0,0,288,180,forward,0,0,263.0,1.7000393478883717,101.53756621735353,1.1,350.0
12:56:00,1.699971,101.537545,0,0,0,0,0,0,0,0,288,180,forward,0,0,263.0,1.7000393478883717,101.53756721735353,1.4,53.0
12:56:02,1.699971,101.537545,0,0,0,0,0,0,0,0,288,180,forward,0,0,263.0,1.7000393478883717,101.53756721735353,1.1,64.0
12:56:04,1.699971,101.537545,0,0,0,0,0,0,0,0,287,180,forward,0,0,263.0,1.7000397250542845,101.53756602060936,0.9,353.0
12:56:06,1.699971,101.537546,0,0,0,0,0,0,0,0,288,180,forward,0,0,263.0,1.7000393478883717,101.53756821735354,1.2,349.0
12:56:08,1.699972,101.537546,0,0,0,0,0,0,0,0,289,180,forward,0,0,263.0,1.7000399499030303,101.5375694073301,1.2,342.0
12:56:11,1.699972,101.537546,0,0,0,0,0,0,0,0,288,180,forward,0,0,263.0,1.7000403478883719,101.53756821735355,1.4,26.0
12:56:13,1.699972,101.537546,0,0,0,0,0,0,0,0,288,180,forward,0,0,263.0,1.7000403478883719,101.53756821735355,1.3,29.0
12:56:15,1.699972,101.537547,0,0,0,0,0,0,0,0,288,180,forward,0,0,263.0,1.7000403478883719,101.53756921735355,1.1,31.0
12:56:17,1.699972,101.537547,0,0,0,0,0,0,0,0,287,180,forward,0,0,263.0,1.7000407250542846,101.53756802060938,1.1,38.0
12:56:19,1.699973,101.537547,0,0,0,0,0,0,0,0,288,180,forward,0,0,263.0,1.7000413478883718,101.53756921735356,1.0,20.0
12:56:22,1.699973,101.537547,0,0,0,0,0,0,0,0,288,180,forward,0,0,263.0,1.7000413478883718,101.53756921735356,1.0,353.0
12:56:24,1.699974,101.537547,0,0,0,0,0,0,0,0,288,180,forward,0,0,263.0,1.700042347888372,101.53756921735358,1.2,17.0
12:56:26,1.699974,101.537547,0,0,0,0,0,0,0,0,288,180,forward,0,0,263.0,1.700042347888372,101.53756921735358,1.9,23.0
12:56:28,1.699974,101.537547,0,0,0,0,0,0,0,0,288,180,forward,0,0,263.0,1.700042347888372,101.53756921735358,1.9,99.0
12:56:30,1.699975,101.537547,0,0,0,0,0,0,0,0,287,180,forward,0,0,263.0,1.7000437250542846,101.53756802060941,1.9,103.0
12:56:33,1.699975,101.537547,0,0,0,0,0,0,0,0,289,180,forward,0,0,263.0,1.7000429499030303,101.53757040733014,2.7,249.0
12:56:35,1.699976,101.537547,0,0,0,0,0,0,0,0,288,180,forward,0,0,263.0,1.7000443478883718,101.53756921735359,3.1,324.0
12:56:37,1.699976,101.537547,0,0,0,0,0,0,0,0,288,180,forward,0,0,263.0,1.7000443478883718,101.53756921735359,2.4,110.0
12:56:39,1.699977,101.537547,0,0,0,0,0,0,0,0,288,180,forward,0,0,263.0,1.700045347888372,101.5375692173536,1.1,345.0
12:56:41,1.699977,101.537547,0,0,0,0,0,0,0,0,288,180,forward,0,0,263.0,1.700045347888372,101.5375692173536,0.3,12.0
12:56:44,1.699977,101.537547,0,0,0,0,0,0,0,0,289,180,forward,0,0,263.0,1.7000449499030303,101.53757040733016,0.1,44.0
12:56:46,1.699978,101.537547,0,0,0,0,0,0,0,0,288,180,forward,0,0,263.0,1.7000463478883718,101.53756921735362,0.8,51.0
12:56:48,1.699978,101.537547,0,0,0,0,0,0,0,0,288,180,forward,0,0,263.0,1.7000463478883718,101.53756921735362,0.9,51.0
12:56:50,1.699978,101.537547,0,0,0,0,0,0,0,0,288,180,forward,0,0,263.0,1.7000463478883718,101.53756921735362,1.9,13.0
12:56:52,1.699979,101.537547,0,0,0,0,0,0,0,0,289,180,forward,0,0,263.0,1.7000469499030302,101.53757040733018,2.1,30.0
12:56:55,1.699979,101.537547,0,0,0,0,0,0,0,0,287,180,forward,0,0,263.0,1.7000477250542845,101.53756802060947,2.0,19.0
12:56:57,1.699979,101.537547,0,0,0,0,0,0,0,0,289,180,forward,0,0,263.0,1.7000469499030302,101.53757040733018,2.0,346.0
12:56:59,1.699979,101.537547,0,0,0,0,0,0,0,0,289,180,forward,0,0,263.0,1.7000469499030302,101.53757040733018,1.9,14.0
12:57:01,1.699979,101.537547,0,0,0,0,0,0,0,0,288,180,forward,0,0,263.0,1.7000473478883718,101.53756921735364,2.5,21.0
12:57:03,1.699979,101.537547,0,0,0,0,0,0,0,0,289,180,forward,0,0,263.0,1.7000469499030302,101.53757040733018,2.5,17.0
12:57:06,1.699979,101.537547,0,0,0,0,0,0,0,0,288,180,forward,0,0,263.0,1.7000473478883718,101.53756921735364,3.3,333.0
12:57:08,1.699979,101.537547,0,0,0,0,0,0,0,0,287,180,forward,0,0,263.0,1.7000477250542845,101.53756802060947,2.5,37.0
12:57:10,1.699979,101.537547,0,0,0,0,0,0,0,0,288,180,forward,0,0,263.0,1.7000473478883718,101.53756921735364,1.9,343.0
12:57:12,1.699979,101.537547,0,0,0,0,0,0,0,0,287,180,forward,0,0,263.0,1.7000477250542845,101.53756802060947,1.6,32.0
12:57:14,1.699979,101.537546,0,0,0,0,0,0,0,0,287,180,forward,0,0,263.0,1.7000477250542845,101.53756702060947,2.4,353.0
12:57:17,1.699978,101.537546,0,0,0,0,0,0,0,0,288,180,forward,0,0,263.0,1.7000463478883718,101.53756821735362,1.9,272.0
12:57:19,1.699978,101.537546,0,0,0,0,0,0,0,0,289,180,forward,0,0,263.0,1.7000459499030303,101.53756940733017,2.0,2.0
12:57:21,1.699978,101.537546,0,0,0,0,0,0,0,0,287,180,forward,0,0,263.0,1.7000467250542846,101.53756702060946,1.7,6.0
12:57:23,1.699978,101.537546,0,0,0,0,0,0,0,0,288,180,forward,0,0,263.0,1.7000463478883718,101.53756821735362,1.8,24.0
12:57:25,1.699977,101.537546,0,0,0,0,0,0,0,0,288,180,forward,0,0,263.0,1.700045347888372,101.53756821735361,2.8,24.0
12:57:28,1.699977,101.537546,0,0,0,0,0,0,0,0,288,180,forward,0,0,263.0,1.700045347888372,101.53756821735361,2.7,271.0
12:57:30,1.699977,101.537545,0,0,0,0,0,0,0,0,288,180,forward,0,0,263.0,1.700045347888372,101.5375672173536,2.3,14.0
12:57:32,1.699977,101.537545,0,0,0,0,0,0,0,0,287,180,forward,0,0,263.0,1.7000457250542846,101.53756602060943,1.9,80.0
12:57:34,1.699977,101.537545,0,0,0,0,0,0,0,0,289,180,forward,0,0,263.0,1.7000449499030303,101.53756840733016,2.8,315.0
12:57:36,1.699978,101.537545,0,0,0,0,0,0,0,0,287,180,forward,0,0,263.0,1.7000467250542846,101.53756602060945,2.5,2.0
12:57:39,1.699978,101.537545,0,0,0,0,0,0,0,0,288,180,forward,0,0,263.0,1.7000463478883718,101.53756721735361,2.4,351.0
12:57:41,1.699978,101.537545,0,0,0,0,0,0,0,0,288,180,forward,0,0,263.0,1.7000463478883718,101.53756721735361,2.5,53.0
12:57:43,1.699978,101.537545,0,0,0,0,0,0,0,0,287,180,forward,0,0,263.0,1.7000467250542846,101.53756602060945,2.0,344.0
12:57:45,1.699977,101.537545,0,0,0,0,0,0,0,0,288,180,forward,0,0,263.0,1.700045347888372,101.5375672173536,2.3,356.0
12:57:47,1.699977,101.537545,0,0,0,0,0,0,0,0,288,180,forward,0,0,263.0,1.700045347888372,101.5375672173536,1.9,319.0
12:57:50,1.699977,101.537545,0,0,0,0,0,0,0,0,288,180,forward,0,0,263.0,1.700045347888372,101.5375672173536,2.2,319.0
12:57:52,1.699977,101.537545,0,0,0,0,0,0,0,0,289,180,forward,0,0,263.0,1.7000449499030303,101.53756840733016,1.5,44.0
12:57:54,1.699977,101.537546,0,0,0,0,0,0,0,0,289,180,forward,0,0,263.0,1.7000449499030303,101.53756940733017,1.6,358.0
12:57:56,1.699977,101.537546,0,0,0,0,0,0,0,0,287,180,forward,0,0,263.0,1.7000457250542846,101.53756702060944,1.8,320.0
12:57:58,1.699976,101.537546,0,0,0,0,0,0,0,0,289,180,forward,0,0,263.0,1.7000439499030302,101.53756940733015,1.9,21.0
12:58:01,1.699976,101.537546,0,0,0,0,0,0,0,0,287,180,forward,0,0,263.0,1.7000447250542845,101.53756702060943,3.2,16.0
12:58:03,1.699976,101.537547,0,0,0,0,0,0,0,0,289,180,forward,0,0,263.0,1.7000439499030302,101.53757040733015,2.0,332.0
12:58:05,1.699976,101.537547,0,0,0,0,0,0,0,0,288,180,forward,0,0,263.0,1.7000443478883718,101.53756921735359,1.2,110.0
12:58:07,1.699976,101.537547,0,0,0,0,0,0,0,0,287,180,forward,0,0,263.0,1.7000447250542845,101.53756802060943,1.3,87.0
12:58:09,1.699976,101.537547,0,0,0,0,0,0,0,0,288,180,forward,0,0,263.0,1.7000443478883718,101.53756921735359,2.5,238.0
12:58:12,1.699976,101.537547,0,0,0,0,0,0,0,0,288,180,forward,0,0,263.0,1.7000443478883718,101.53756921735359,1.9,187.0
12:58:14,1.699976,101.537547,0,0,0,0,0,0,0,0,288,180,forward,0,0,263.0,1.7000443478883718,101.53756921735359,1.3,102.0
12:58:16,1.699976,101.537547,0,0,0,0,0,0,0,0,288,180,forward,0,0,263.0,1.7000443478883718,101.53756921735359,1.4,51.0
12:58:18,1.699977,101.537547,0,0,0,0,0,0,0,0,288,180,forward,0,0,263.0,1.700045347888372,101.5375692173536,2.0,59.0
12:58:20,1.699977,101.537546,0,0,0,0,0,0,0,0,288,180,forward,0,0,263.0,1.700045347888372,101.53756821735361,2.5,10.0
12:58:23,1.699977,101.537546,0,0,0,0,0,0,0,0,288,180,forward,0,0,263.0,1.700045347888372,101.53756821735361,2.7,337.0
12:58:25,1.699978,101.537546,0,0,0,0,0,0,0,0,287,180,forward,0,0,263.0,1.7000467250542846,101.53756702060946,3.5,354.0
12:58:27,1.699978,101.537546,0,0,0,0,0,0,0,0,289,180,forward,0,0,263.0,1.7000459499030303,101.53756940733017,3.2,3.0
12:58:29,1.699978,101.537547,0,0,0,0,0,0,0,0,288,180,forward,0,0,263.0,1.7000463478883718,101.53756921735362,1.5,312.0
12:58:31,1.699978,101.537547,0,0,0,0,0,0,0,0,288,180,forward,0,0,263.0,1.7000463478883718,101.53756921735362,1.4,110.0
12:58:34,1.699978,101.537547,0,0,0,0,0,0,0,0,287,180,forward,0,0,263.0,1.7000467250542846,101.53756802060946,1.2,36.0
12:58:36,1.699978,101.537547,0,0,0,0,0,0,0,0,288,180,forward,0,0,263.0,1.7000463478883718,101.53756921735362,1.7,0.0
12:58:38,1.699979,101.537548,0,0,0,0,0,0,0,0,288,180,forward,0,0,263.0,1.7000473478883718,101.53757021735363,1.8,1.0
12:58:40,1.699979,101.537548,0,0,0,0,0,0,0,0,288,180,forward,0,0,263.0,1.7000473478883718,101.53757021735363,2.3,348.0
12:58:42,1.699978,101.537548,0,0,0,0,0,0,0,0,288,180,forward,0,0,263.0,1.7000463478883718,101.53757021735362,1.9,50.0
12:58:45,1.699979,101.537548,0,0,0,0,0,0,0,0,287,180,forward,0,0,263.0,1.7000477250542845,101.53756902060947,1.4,24.0
12:58:47,1.699979,101.537549,0,0,0,0,0,0,0,0,289,180,forward,0,0,263.0,1.7000469499030302,101.53757240733017,2.3,80.0
12:58:49,1.699979,101.537549,0,0,0,0,0,0,0,0,288,180,forward,0,0,263.0,1.7000473478883718,101.53757121735363,2.0,30.0
12:58:51,1.699979,101.537549,0,0,0,0,0,0,0,0,289,180,forward,0,0,263.0,1.7000469499030302,101.53757240733017,1.5,34.0
12:58:53,1.699979,101.537549,0,0,0,0,0,0,0,0,288,180,forward,0,0,263.0,1.7000473478883718,101.53757121735363,1.6,19.0
12:58:56,1.699979,101.537549,0,0,0,0,0,0,0,0,288,180,forward,0,0,263.0,1.7000473478883718,101.53757121735363,1.4,2.0
12:58:58,1.699978,101.537549,0,0,0,0,0,0,0,0,288,180,forward,0,0,263.0,1.7000463478883718,101.53757121735362,2.0,29.0
12:59:00,1.699978,101.537549,0,0,0,0,0,0,0,0,287,180,forward,0,0,263.0,1.7000467250542846,101.53757002060945,2.2,327.0
12:59:02,1.699978,101.537549,0,0,0,0,0,0,0,0,288,180,forward,0,0,263.0,1.7000463478883718,101.53757121735362,2.2,13.0
12:59:04,1.699978,101.537549,0,0,0,0,0,0,0,0,287,180,forward,0,0,263.0,1.7000467250542846,101.53757002060945,2.1,327.0
12:59:07,1.699978,101.537549,0,0,0,0,0,0,0,0,288,180,forward,0,0,263.0,1.7000463478883718,101.53757121735362,1.9,34.0
12:59:09,1.699978,101.537549,0,0,0,0,0,0,0,0,287,180,forward,0,0,263.0,1.7000467250542846,101.53757002060945,2.1,12.0
12:59:11,1.699978,101.537549,0,0,0,0,0,0,0,0,288,180,forward,0,0,263.0,1.7000463478883718,101.53757121735362,1.7,48.0
12:59:13,1.699979,101.537549,0,0,0,0,0,0,0,0,288,180,forward,0,0,263.0,1.7000473478883718,101.53757121735363,2.2,65.0
12:59:15,1.699979,101.537549,0,0,0,0,0,0,0,0,288,180,forward,0,0,263.0,1.7000473478883718,101.53757121735363,2.6,292.0
12:59:18,1.699979,101.537548,0,0,0,0,0,0,0,0,287,180,forward,0,0,263.0,1.7000477250542845,101.53756902060947,2.0,95.0
12:59:20,1.699979,101.537548,0,0,0,0,0,0,0,0,288,180,forward,0,0,263.0,1.7000473478883718,101.53757021735363,1.4,351.0
12:59:22,1.699979,101.537548,0,0,0,0,0,0,0,0,287,180,forward,0,0,263.0,1.7000477250542845,101.53756902060947,1.3,62.0
12:59:24,1.699979,101.537548,0,0,0,0,0,0,0,0,288,180,forward,0,0,263.0,1.7000473478883718,101.53757021735363,1.6,338.0
12:59:26,1.699978,101.537548,0,0,0,0,0,0,0,0,288,180,forward,0,0,263.0,1.7000463478883718,101.53757021735362,2.1,31.0
12:59:29,1.699978,101.537548,0,0,0,0,0,0,0,0,287,180,forward,0,0,263.0,1.7000467250542846,101.53756902060945,1.9,44.0
12:59:31,1.699978,101.537548,0,0,0,0,0,0,0,0,288,180,forward,0,0,263.0,1.7000463478883718,101.53757021735362,1.4,24.0
12:59:33,1.699978,101.537548,0,0,0,0,0,0,0,0,288,180,forward,0,0,263.0,1.7000463478883718,101.53757021735362,2.2,330.0
12:59:35,1.699978,101.537548,0,0,0,0,0,0,0,0,288,180,forward,0,0,263.0,1.7000463478883718,101.53757021735362,2.9,31.0
12:59:37,1.699978,101.537548,0,0,0,0,0,0,0,0,288,180,forward,0,0,263.0,1.7000463478883718,101.53757021735362,2.5,330.0
12:59:40,1.699978,101.537548,0,0,0,0,0,0,0,0,288,180,forward,0,0,263.0,1.7000463478883718,101.53757021735362,2.5,344.0
12:59:42,1.699977,101.537548,0,0,0,0,0,0,0,0,288,180,forward,0,0,263.0,1.700045347888372,101.5375702173536,2.2,354.0
12:59:44,1.699978,101.537548,0,0,0,0,0,0,0,0,288,180,forward,0,0,263.0,1.7000463478883718,101.53757021735362,2.4,33.0
12:59:46,1.699978,101.537548,0,0,0,0,0,0,0,0,288,180,forward,0,0,263.0,1.7000463478883718,101.53757021735362,2.2,338.0
12:59:48,1.699978,101.537548,0,0,0,0,0,0,0,0,287,180,forward,0,0,263.0,1.7000467250542846,101.53756902060945,1.7,34.0
12:59:51,1.699978,101.537548,0,0,0,0,0,0,0,0,288,180,forward,0,0,263.0,1.7000463478883718,101.53757021735362,1.2,319.0
12:59:53,1.699978,101.537548,0,0,0,0,0,0,0,0,288,180,forward,0,0,263.0,1.7000463478883718,101.53757021735362,0.9,18.0
12:59:55,1.699978,101.537547,0,0,0,0,0,0,0,0,288,180,forward,0,0,263.0,1.7000463478883718,101.53756921735362,1.4,31.0
12:59:57,1.699978,101.537547,0,0,0,0,0,0,0,0,288,180,forward,0,0,263.0,1.7000463478883718,101.53756921735362,1.1,12.0
12:59:59,1.699977,101.537547,0,0,0,0,0,0,0,0,288,180,forward,0,0,263.0,1.700045347888372,101.5375692173536,1.5,74.0
13:00:02,1.699977,101.537547,0,0,0,0,0,0,0,0,287,180,forward,0,0,263.0,1.7000457250542846,101.53756802060944,1.6,20.0
13:00:04,1.699977,101.537546,0,0,0,0,0,0,0,0,288,180,forward,0,0,263.0,1.700045347888372,101.53756821735361,1.8,17.0
13:00:06,1.699977,101.537546,0,0,0,0,0,0,0,0,288,180,forward,0,0,263.0,1.700045347888372,101.53756821735361,2.3,332.0
13:00:08,1.699977,101.537546,0,0,0,0,0,0,0,0,288,180,forward,0,0,263.0,1.700045347888372,101.53756821735361,2.3,312.0
13:00:10,1.699977,101.537546,0,0,0,0,0,0,0,0,289,180,forward,0,0,263.0,1.7000449499030303,101.53756940733017,2.3,329.0
13:00:13,1.699977,101.537545,0,0,0,0,0,0,0,0,288,180,forward,0,0,263.0,1.700045347888372,101.5375672173536,1.9,354.0
13:00:15,1.699977,101.537545,0,0,0,0,0,0,0,0,289,180,forward,0,0,263.0,1.7000449499030303,101.53756840733016,1.4,338.0
13:00:17,1.699977,101.537544,0,0,0,0,0,0,0,0,288,180,forward,0,0,263.0,1.700045347888372,101.5375662173536,1.7,102.0
13:00:19,1.699977,101.537544,0,0,0,0,0,0,0,0,288,180,forward,0,0,263.0,1.700045347888372,101.5375662173536,1.9,5.0
13:00:21,1.699977,101.537543,0,0,0,0,0,0,0,0,288,180,forward,0,0,263.0,1.700045347888372,101.5375652173536,2.9,40.0
13:00:24,1.699977,101.537543,0,0,0,0,0,0,0,0,288,180,forward,0,0,263.0,1.700045347888372,101.5375652173536,2.3,18.0
13:00:26,1.699977,101.537543,0,0,0,0,0,0,0,0,289,180,forward,0,0,263.0,1.7000449499030303,101.53756640733016,1.9,338.0
13:00:28,1.699977,101.537543,0,0,0,0,0,0,0,0,287,180,forward,0,0,263.0,1.7000457250542846,101.53756402060944,2.0,358.0
13:00:30,1.699977,101.537542,0,0,0,0,0,0,0,0,288,180,forward,0,0,263.0,1.700045347888372,101.5375642173536,1.3,14.0
13:00:32,1.699977,101.537542,0,0,0,0,0,0,0,0,288,180,forward,0,0,263.0,1.700045347888372,101.5375642173536,2.5,356.0
13:00:35,1.699977,101.537542,0,0,0,0,0,0,0,0,288,180,forward,0,0,263.0,1.700045347888372,101.5375642173536,2.0,348.0
13:00:37,1.699977,101.537542,0,0,0,0,0,0,0,0,287,180,forward,0,0,263.0,1.7000457250542846,101.53756302060944,1.5,37.0
13:00:39,1.699977,101.537541,0,0,0,0,0,0,0,0,288,180,forward,0,0,263.0,1.700045347888372,101.53756321735361,1.6,251.0
13:00:41,1.699978,101.537541,0,0,0,0,0,0,0,0,288,180,forward,0,0,263.0,1.7000463478883718,101.53756321735362,1.8,232.0
13:00:43,1.699978,101.537541,0,0,0,0,0,0,0,0,288,180,forward,0,0,263.0,1.7000463478883718,101.53756321735362,1.8,10.0
13:00:46,1.699978,101.537541,0,0,0,0,0,0,0,0,288,180,forward,0,0,263.0,1.7000463478883718,101.53756321735362,1.8,351.0
13:00:48,1.699978,101.537541,0,0,0,0,0,0,0,0,288,180,forward,0,0,263.0,1.7000463478883718,101.53756321735362,1.2,319.0
13:00:50,1.699979,101.53754,0,0,0,0,0,0,0,0,288,180,forward,0,0,263.0,1.7000473478883718,101.53756221735364,1.2,102.0
13:00:52,1.699979,101.53754,0,0,0,0,0,0,0,0,288,180,forward,0,0,263.0,1.7000473478883718,101.53756221735364,1.3,263.0
13:00:54,1.699979,101.53754,0,0,0,0,0,0,0,0,288,180,forward,0,0,263.0,1.7000473478883718,101.53756221735364,1.9,16.0
13:00:57,1.699979,101.53754,0,0,0,0,0,0,0,0,288,180,forward,0,0,263.0,1.7000473478883718,101.53756221735364,2.1,344.0
13:00:59,1.699979,101.53754,0,0,0,0,0,0,0,0,288,180,forward,0,0,263.0,1.7000473478883718,101.53756221735364,2.0,289.0
13:01:01,1.699979,101.537539,0,0,0,0,0,0,0,0,289,180,forward,0,0,263.0,1.7000469499030302,101.53756240733017,1.7,207.0
13:01:03,1.699979,101.537539,0,0,0,0,0,0,0,0,288,180,forward,0,0,263.0,1.7000473478883718,101.53756121735363,1.8,168.0
13:01:05,1.699979,101.537539,0,0,0,0,0,0,0,0,288,180,forward,0,0,263.0,1.7000473478883718,101.53756121735363,1.5,61.0
13:01:08,1.699979,101.537539,0,0,0,0,0,0,0,0,288,180,forward,0,0,263.0,1.7000473478883718,101.53756121735363,1.6,111.0
13:01:10,1.699979,101.537539,0,0,0,0,0,0,0,0,288,180,forward,0,0,263.0,1.7000473478883718,101.53756121735363,1.7,358.0
13:01:12,1.69998,101.537539,0,0,0,0,0,0,0,0,288,180,forward,0,0,263.0,1.700048347888372,101.53756121735364,1.9,47.0
13:01:14,1.69998,101.537538,0,0,0,0,0,0,0,0,287,180,forward,0,0,263.0,1.7000487250542846,101.53755902060946,1.4,1.0
13:01:16,1.699979,101.537538,0,0,0,0,0,0,0,0,288,180,forward,0,0,263.0,1.7000473478883718,101.53756021735363,1.4,34.0
13:01:19,1.699979,101.537538,0,0,0,0,0,0,0,0,288,180,forward,0,0,263.0,1.7000473478883718,101.53756021735363,1.4,344.0
13:01:21,1.699979,101.537538,0,0,0,0,0,0,0,0,288,180,forward,0,0,263.0,1.7000473478883718,101.53756021735363,1.4,338.0
13:01:23,1.699979,101.537538,0,0,0,0,0,0,0,0,288,180,forward,0,0,263.0,1.7000473478883718,101.53756021735363,1.6,5.0
13:01:25,1.699979,101.537538,0,0,0,0,0,0,0,0,289,180,forward,0,0,263.0,1.7000469499030302,101.53756140733017,1.6,41.0
13:01:27,1.699979,101.537538,0,0,0,0,0,0,0,0,288,180,forward,0,0,263.0,1.7000473478883718,101.53756021735363,1.8,10.0
13:01:30,1.699979,101.537538,0,0,0,0,0,0,0,0,288,180,forward,0,0,263.0,1.7000473478883718,101.53756021735363,1.2,29.0
13:01:32,1.699979,101.537539,0,0,0,0,0,0,0,0,288,180,forward,0,0,263.0,1.7000473478883718,101.53756121735363,1.6,357.0
13:01:34,1.699979,101.537539,0,0,0,0,0,0,0,0,288,180,forward,0,0,263.0,1.7000473478883718,101.53756121735363,1.4,357.0
13:01:36,1.699979,101.537539,0,0,0,0,0,0,0,0,288,180,forward,0,0,263.0,1.7000473478883718,101.53756121735363,1.2,346.0
13:01:38,1.699979,101.537539,0,0,0,0,0,0,0,0,288,180,forward,0,0,263.0,1.7000473478883718,101.53756121735363,1.3,337.0
13:01:41,1.699979,101.537539,0,0,0,0,0,0,0,0,288,180,forward,0,0,263.0,1.7000473478883718,101.53756121735363,1.5,30.0
13:01:43,1.699979,101.53754,0,0,0,0,0,0,0,0,288,180,forward,0,0,263.0,1.7000473478883718,101.53756221735364,1.8,29.0
13:01:45,1.699979,101.537541,0,0,0,0,0,0,0,0,288,180,forward,0,0,263.0,1.7000473478883718,101.53756321735364,1.5,335.0
13:01:47,1.699979,101.537541,0,0,0,0,0,0,0,0,288,180,forward,0,0,263.0,1.7000473478883718,101.53756321735364,1.3,7.0
13:01:49,1.699979,101.537541,0,0,0,0,0,0,0,0,288,180,forward,0,0,263.0,1.7000473478883718,101.53756321735364,1.1,335.0
13:01:52,1.69998,101.537541,0,0,0,0,0,0,0,0,288,180,forward,0,0,263.0,1.700048347888372,101.53756321735365,1.5,4.0
13:01:54,1.69998,101.537542,0,0,0,0,0,0,0,0,287,180,forward,0,0,263.0,1.7000487250542846,101.53756302060947,1.6,345.0
13:01:56,1.69998,101.537542,0,0,0,0,0,0,0,0,289,180,forward,0,0,263.0,1.7000479499030303,101.53756540733019,1.9,319.0
13:01:58,1.69998,101.537542,0,0,0,0,0,0,0,0,288,180,forward,0,0,263.0,1.700048347888372,101.53756421735365,1.6,323.0
13:02:00,1.69998,101.537543,0,0,0,0,0,0,0,0,288,180,forward,0,0,263.0,1.700048347888372,101.53756521735365,1.6,22.0
13:02:03,1.69998,101.537542,0,0,0,0,0,0,0,0,289,180,forward,0,0,263.0,1.7000479499030303,101.53756540733019,2.4,50.0
13:02:05,1.69998,101.537542,0,0,0,0,0,0,0,0,289,180,forward,0,0,263.0,1.7000479499030303,101.53756540733019,2.3,13.0
13:02:07,1.69998,101.537542,0,0,0,0,0,0,0,0,288,180,forward,0,0,263.0,1.700048347888372,101.53756421735365,1.2,12.0
13:02:09,1.699979,101.537543,0,0,0,0,0,0,0,0,288,180,forward,0,0,263.0,1.7000473478883718,101.53756521735363,0.8,12.0
13:02:11,1.699979,101.537543,0,0,0,0,0,0,0,0,288,180,forward,0,0,263.0,1.7000473478883718,101.53756521735363,1.2,305.0
13:02:14,1.699979,101.537543,0,0,0,0,0,0,0,0,288,180,forward,0,0,263.0,1.7000473478883718,101.53756521735363,1.3,91.0
13:02:16,1.699978,101.537542,0,0,0,0,0,0,0,0,288,180,forward,0,0,263.0,1.7000463478883718,101.53756421735362,1.2,119.0
13:02:18,1.699978,101.537542,0,0,0,0,0,0,0,0,288,180,forward,0,0,263.0,1.7000463478883718,101.53756421735362,1.0,58.0
13:02:20,1.699977,101.537542,0,0,0,0,0,0,0,0,288,180,forward,0,0,263.0,1.7000463478883718,101.53756421735362,1.2,3.0
13:02:22,1.699977,101.537542,0,0,0,0,0,0,0,0,289,180,forward,0,0,263.0,1.7000449499030303,101.53756540733016,1.7,358.0
13:02:25,1.699977,101.537542,0,0,0,0,0,0,0,0,289,180,forward,0,0,263.0,1.7000449499030303,101.53756540733016,1.2,131.0
13:02:27,1.699977,101.537542,0,0,0,0,0,0,0,0,288,180,forward,0,0,263.0,1.700045347888372,101.5375642173536,1.1,247.0
13:02:29,1.699977,101.537542,0,0,0,0,0,0,0,0,288,180,forward,0,0,263.0,1.700045347888372,101.5375642173536,1.0,111.0
13:02:31,1.699976,101.537542,0,0,0,0,0,0,0,0,289,180,forward,0,0,263.0,1.7000439499030302,101.53756540733015,0.8,115.0
13:02:33,1.699974,101.537542,0,0,0,0,0,0,0,0,289,180,forward,0,0,263.0,1.7000419499030304,101.53756540733012,0.9,106.0
13:02:36,1.699974,101.537543,0,0,0,0,0,0,0,0,289,180,forward,0,0,263.0,1.7000419499030304,101.53756640733012,2.3,252.0
13:02:38,1.699974,101.537543,0,0,0,0,0,0,0,0,288,180,forward,0,0,263.0,1.700042347888372,101.53756521735357,2.7,143.0
13:02:40,1.699974,101.537543,0,0,0,0,0,0,0,0,288,180,forward,0,0,263.0,1.700042347888372,101.53756521735357,2.0,179.0
13:02:42,1.699973,101.537543,0,0,0,0,0,0,0,0,289,180,forward,0,0,263.0,1.7000409499030302,101.5375664073301,1.4,171.0
13:02:44,1.699971,101.537542,0,0,0,0,0,0,0,0,289,180,forward,0,0,263.0,1.7000389499030302,101.53756540733008,1.1,266.0
13:02:47,1.699971,101.537543,0,0,0,0,0,0,0,0,289,180,forward,0,0,263.0,1.7000389499030302,101.53756640733008,1.5,153.0
13:02:49,1.699971,101.537543,0,0,0,0,0,0,0,0,289,180,forward,0,0,263.0,1.7000389499030302,101.53756640733008,1.4,196.0
13:02:51,1.699972,101.537543,0,0,0,0,0,0,0,0,288,180,forward,0,0,263.0,1.7000403478883719,101.53756521735355,1.3,3.0
13:02:53,1.699972,101.537543,0,0,0,0,0,0,0,0,289,180,forward,0,0,263.0,1.7000399499030303,101.53756640733009,2.2,359.0
13:02:55,1.699972,101.537543,0,0,0,0,0,0,0,0,289,180,forward,0,0,263.0,1.7000399499030303,101.53756640733009,1.8,107.0
13:02:58,1.699972,101.537543,0,0,0,0,0,0,0,0,289,180,forward,0,0,263.0,1.7000399499030303,101.53756640733009,2.9,353.0
13:03:00,1.699973,101.537543,0,0,0,0,0,0,0,0,289,180,forward,0,0,263.0,1.7000409499030302,101.5375664073301,2.3,124.0
13:03:02,1.699973,101.537543,0,0,0,0,0,0,0,0,289,180,forward,0,0,263.0,1.7000409499030302,101.5375664073301,2.0,32.0
13:03:04,1.699974,101.537543,0,0,0,0,0,0,0,0,289,180,forward,0,0,263.0,1.7000419499030304,101.53756640733012,2.2,231.0
13:03:06,1.699974,101.537543,0,0,0,0,0,0,0,0,289,180,forward,0,0,263.0,1.7000419499030304,101.53756640733012,1.7,135.0
13:03:09,1.699975,101.537543,0,0,0,0,0,0,0,0,289,180,forward,0,0,263.0,1.7000429499030303,101.53756640733013,1.8,183.0
13:03:11,1.699976,101.537543,0,0,0,0,0,0,0,0,290,180,forward,0,0,263.0,1.7000435312194901,101.5375675901766,2.3,101.0
13:03:13,1.699976,101.537543,0,0,0,0,0,0,0,0,289,180,forward,0,0,263.0,1.7000439499030302,101.53756640733015,1.4,135.0
13:03:15,1.699976,101.537543,0,0,0,0,0,0,0,0,289,180,forward,0,0,263.0,1.7000439499030302,101.53756640733015,1.3,104.0
13:03:17,1.699976,101.537544,0,0,0,0,0,0,0,0,290,180,forward,0,0,263.0,1.7000435312194901,101.53756859017659,1.9,158.0
13:03:20,1.699977,101.537544,0,0,0,0,0,0,0,0,289,180,forward,0,0,263.0,1.7000449499030303,101.53756740733016,1.5,172.0
13:03:22,1.699976,101.537543,0,0,0,0,0,0,0,0,289,180,forward,0,0,263.0,1.7000439499030302,101.53756640733015,0.6,145.0
13:03:24,1.699976,101.537543,0,0,0,0,0,0,0,0,289,180,forward,0,0,263.0,1.7000439499030302,101.53756640733015,1.2,121.0
13:03:26,1.699976,101.537543,0,0,0,0,0,0,0,0,290,180,forward,0,0,263.0,1.7000435312194901,101.5375675901766,1.2,289.0
13:03:28,1.699976,101.537543,0,0,0,0,0,0,0,0,290,180,forward,0,0,263.0,1.7000435312194901,101.5375675901766,1.5,205.0
13:03:31,1.699976,101.537542,0,0,0,0,0,0,0,0,290,180,forward,0,0,263.0,1.7000435312194901,101.5375665901766,1.0,143.0
13:03:33,1.699975,101.537542,0,0,0,0,0,0,0,0,290,180,forward,0,0,263.0,1.7000425312194902,101.53756659017658,1.6,130.0
13:03:35,1.699976,101.537542,0,0,0,0,0,0,0,0,290,180,forward,0,0,263.0,1.7000435312194901,101.5375665901766,1.5,133.0
13:03:37,1.699976,101.537541,0,0,0,0,0,0,0,0,290,180,forward,0,0,263.0,1.7000435312194901,101.5375655901766,1.3,138.0
13:03:39,1.699976,101.537541,0,0,0,0,0,0,0,0,291,180,forward,0,0,263.0,1.700043091965286,101.53756676553263,1.1,177.0
13:03:42,1.699976,101.537542,0,0,0,0,0,0,0,0,290,180,forward,0,0,263.0,1.7000435312194901,101.5375665901766,0.8,111.0
13:03:44,1.699976,101.537542,0,0,0,0,0,0,0,0,290,180,forward,0,0,263.0,1.7000435312194901,101.5375665901766,0.9,174.0
13:03:46,1.699976,101.537542,0,0,0,0,0,0,0,0,290,180,forward,0,0,263.0,1.7000435312194901,101.5375665901766,1.2,112.0
13:03:48,1.699976,101.537541,0,0,0,0,0,0,0,0,290,180,forward,0,0,263.0,1.7000435312194901,101.5375655901766,1.9,190.0
13:03:50,1.699976,101.537541,0,0,0,0,0,0,0,0,290,180,forward,0,0,263.0,1.7000435312194901,101.5375655901766,2.9,48.0
13:03:53,1.699976,101.537541,0,0,0,0,0,0,0,0,289,180,forward,0,0,263.0,1.7000439499030302,101.53756440733015,3.1,295.0
13:03:55,1.699976,101.537541,0,0,0,0,0,0,0,0,290,180,forward,0,0,263.0,1.7000435312194901,101.5375655901766,1.9,241.0
13:03:57,1.699976,101.537541,0,0,0,0,0,0,0,0,290,180,forward,0,0,263.0,1.7000435312194901,101.5375655901766,1.6,71.0
13:03:59,1.699976,101.537541,0,0,0,0,0,0,0,0,289,180,forward,0,0,263.0,1.7000439499030302,101.53756440733015,3.0,325.0
13:04:01,1.699976,101.537541,0,0,0,0,0,0,0,0,290,180,forward,0,0,263.0,1.7000435312194901,101.5375655901766,2.4,323.0
13:04:04,1.699976,101.537541,0,0,0,0,0,0,0,0,290,180,forward,0,0,263.0,1.7000435312194901,101.5375655901766,2.2,75.0
13:04:06,1.699977,101.537541,0,0,0,0,0,0,0,0,290,180,forward,0,0,263.0,1.7000445312194903,101.53756559017661,1.9,238.0
13:04:08,1.699977,101.537541,0,0,0,0,0,0,0,0,291,180,forward,0,0,263.0,1.7000440919652862,101.53756676553265,1.9,87.0
13:04:10,1.699977,101.537541,0,0,0,0,0,0,0,0,290,180,forward,0,0,263.0,1.7000445312194903,101.53756559017661,2.3,348.0
13:04:12,1.699977,101.537541,0,0,0,0,0,0,0,0,290,180,forward,0,0,263.0,1.7000445312194903,101.53756559017661,2.5,221.0
13:04:14,1.699978,101.537541,0,0,0,0,0,0,0,0,290,180,forward,0,0,263.0,1.7000445312194903,101.53756559017661,2.2,291.0
13:04:17,1.699978,101.537541,0,0,0,0,0,0,0,0,289,180,forward,0,0,263.0,1.7000459499030303,101.53756440733017,1.9,119.0
13:04:19,1.699978,101.537541,0,0,0,0,0,0,0,0,290,180,forward,0,0,263.0,1.7000455312194902,101.53756559017663,1.8,315.0
13:04:21,1.699979,101.537541,0,0,0,0,0,0,0,0,291,180,forward,0,0,263.0,1.700046091965286,101.53756676553267,1.7,8.0
13:04:23,1.699979,101.537541,0,0,0,0,0,0,0,0,290,180,forward,0,0,263.0,1.7000465312194901,101.53756559017663,2.1,26.0
13:04:25,1.699979,101.53754,0,0,0,0,0,0,0,0,290,180,forward,0,0,263.0,1.7000465312194901,101.53756459017663,1.8,26.0
13:04:28,1.69998,101.53754,0,0,0,0,0,0,0,0,290,180,forward,0,0,263.0,1.7000475312194903,101.53756459017664,1.6,344.0
13:04:30,1.69998,101.53754,0,0,0,0,0,0,0,0,290,180,forward,0,0,263.0,1.7000475312194903,101.53756459017664,2.5,41.0
13:04:32,1.69998,101.53754,0,0,0,0,0,0,0,0,290,180,forward,0,0,263.0,1.7000475312194903,101.53756459017664,1.9,345.0
13:04:34,1.699981,101.53754,0,0,0,0,0,0,0,0,290,180,forward,0,0,263.0,1.7000485312194902,101.53756459017666,2.1,120.0
13:04:36,1.699981,101.53754,0,0,0,0,0,0,0,0,290,180,forward,0,0,263.0,1.7000485312194902,101.53756459017666,1.4,0.0
13:04:39,1.69998,101.53754,0,0,0,0,0,0,0,0,290,180,forward,0,0,263.0,1.7000475312194903,101.53756459017664,2.0,202.0
13:04:41,1.699981,101.53754,0,0,0,0,0,0,0,0,290,180,forward,0,0,263.0,1.7000485312194902,101.53756459017666,1.7,206.0
13:04:43,1.699981,101.53754,0,0,0,0,0,0,0,0,290,180,forward,0,0,263.0,1.7000485312194902,101.53756459017666,1.7,137.0
13:04:45,1.699981,101.53754,0,0,0,0,0,0,0,0,290,180,forward,0,0,263.0,1.7000485312194902,101.53756459017666,1.7,161.0
13:04:47,1.699981,101.537539,0,0,0,0,0,0,0,0,290,180,forward,0,0,263.0,1.7000485312194902,101.53756359017665,2.3,169.0
13:04:50,1.699982,101.53754,0,0,0,0,0,0,0,0,289,180,forward,0,0,263.0,1.7000499499030304,101.53756340733023,1.2,177.0
13:04:52,1.699982,101.53754,0,0,0,0,0,0,0,0,290,180,forward,0,0,263.0,1.7000495312194903,101.53756459017667,1.2,140.0
13:04:54,1.699982,101.53754,0,0,0,0,0,0,0,0,290,180,forward,0,0,263.0,1.7000495312194903,101.53756459017667,0.6,179.0
13:04:56,1.699982,101.53754,0,0,0,0,0,0,0,0,290,180,forward,0,0,263.0,1.7000495312194903,101.53756459017667,0.6,150.0
13:04:58,1.699983,101.53754,0,0,0,0,0,0,0,0,290,180,forward,0,0,263.0,1.7000505312194902,101.53756459017669,0.7,188.0
13:05:01,1.699983,101.53754,0,0,0,0,0,0,0,0,290,180,forward,0,0,263.0,1.7000505312194902,101.53756459017669,0.6,151.0
13:05:03,1.699984,101.53754,0,0,0,0,0,0,0,0,290,180,forward,0,0,263.0,1.7000515312194902,101.5375645901767,0.5,179.0
13:05:05,1.699984,101.53754,0,0,0,0,0,0,0,0,290,180,forward,0,0,263.0,1.7000515312194902,101.5375645901767,1.2,228.0
13:05:07,1.699985,101.537541,0,0,0,0,0,0,0,0,290,180,forward,0,0,263.0,1.7000525312194903,101.53756559017671,0.9,182.0
13:05:09,1.699985,101.537541,0,0,0,0,0,0,0,0,290,180,forward,0,0,263.0,1.7000525312194903,101.53756559017671,0.9,184.0
13:05:12,1.699985,101.537542,0,0,0,0,0,0,0,0,291,180,forward,0,0,263.0,1.7000520919652862,101.53756776553276,1.3,156.0
13:05:14,1.699985,101.537542,0,0,0,0,0,0,0,0,290,180,forward,0,0,263.0,1.7000525312194903,101.53756659017671,1.5,163.0
13:05:16,1.699985,101.537543,0,0,0,0,0,0,0,0,290,180,forward,0,0,263.0,1.7000525312194903,101.5375675901767,1.3,110.0
13:05:18,1.699985,101.537543,0,0,0,0,0,0,0,0,290,180,forward,0,0,263.0,1.7000525312194903,101.5375675901767,1.7,101.0
13:05:20,1.699985,101.537544,0,0,0,0,0,0,0,0,290,180,forward,0,0,263.0,1.7000525312194903,101.5375685901767,1.2,91.0
13:05:23,1.699985,101.537544,0,0,0,0,0,0,0,0,289,180,forward,0,0,263.0,1.7000529499030304,101.53756740733024,1.3,251.0
13:05:25,1.699984,101.537545,0,0,0,0,0,0,0,0,290,180,forward,0,0,263.0,1.7000515312194902,101.53756959017669,1.4,90.0
13:05:27,1.699984,101.537546,0,0,0,0,0,0,0,0,290,180,forward,0,0,263.0,1.7000515312194902,101.5375705901767,1.7,96.0
13:05:29,1.699984,101.537547,0,0,0,0,0,0,0,0,290,180,forward,0,0,263.0,1.7000515312194902,101.5375715901767,1.2,83.0
13:05:31,1.699984,101.537548,0,0,0,0,0,0,0,0,290,180,forward,0,0,263.0,1.7000515312194902,101.5375725901767,0.9,144.0
13:05:34,1.699984,101.537548,0,0,0,0,0,0,0,0,290,180,forward,0,0,263.0,1.7000515312194902,101.5375725901767,0.6,159.0
13:05:36,1.699984,101.537548,0,0,0,0,0,0,0,0,290,180,forward,0,0,263.0,1.7000515312194902,101.5375725901767,0.5,172.0
13:05:38,1.699983,101.537549,0,0,0,0,0,0,0,0,290,180,forward,0,0,263.0,1.7000505312194902,101.53757359017668,0.8,174.0
13:05:40,1.699982,101.537549,0,0,0,0,0,0,0,0,290,180,forward,0,0,263.0,1.7000495312194903,101.53757359017666,1.2,99.0
13:05:42,1.699982,101.53755,0,0,0,0,0,0,0,0,290,180,forward,0,0,263.0,1.7000495312194903,101.53757459017666,2.4,244.0
13:05:45,1.699982,101.53755,0,0,0,0,0,0,0,0,290,180,forward,0,0,263.0,1.7000495312194903,101.53757459017666,1.9,172.0
13:05:47,1.699982,101.537551,0,0,0,0,0,0,0,0,290,180,forward,0,0,263.0,1.7000495312194903,101.53757559017666,1.6,80.0
13:05:49,1.699982,101.537552,0,0,0,0,0,0,0,0,290,180,forward,0,0,263.0,1.7000495312194903,101.53757659017667,1.5,187.0
13:05:51,1.699982,101.537552,0,0,0,0,0,0,0,0,290,180,forward,0,0,263.0,1.7000495312194903,101.53757659017667,1.9,161.0
13:05:53,1.699981,101.537552,0,0,0,0,0,0,0,0,289,180,forward,0,0,263.0,1.7000489499030302,101.53757540733021,2.0,95.0
13:05:56,1.699981,101.537553,0,0,0,0,0,0,0,0,290,180,forward,0,0,263.0,1.7000485312194902,101.53757759017665,2.1,71.0
13:05:58,1.69998,101.537553,0,0,0,0,0,0,0,0,291,180,forward,0,0,263.0,1.7000470919652861,101.53757876553269,1.5,85.0
13:06:00,1.69998,101.537553,0,0,0,0,0,0,0,0,290,180,forward,0,0,263.0,1.7000475312194903,101.53757759017664,1.2,75.0
13:06:02,1.69998,101.537554,0,0,0,0,0,0,0,0,290,180,forward,0,0,263.0,1.7000475312194903,101.53757859017664,1.7,186.0
13:06:04,1.69998,101.537554,0,0,0,0,0,0,0,0,290,180,forward,0,0,263.0,1.7000475312194903,101.53757859017664,1.4,353.0
13:06:07,1.699979,101.537554,0,0,0,0,0,0,0,0,290,180,forward,0,0,263.0,1.7000465312194901,101.53757859017662,1.5,356.0
13:06:09,1.699979,101.537554,0,0,0,0,0,0,0,0,290,180,forward,0,0,263.0,1.7000465312194901,101.53757859017662,1.2,341.0
13:06:11,1.699979,101.537554,0,0,0,0,0,0,0,0,290,180,forward,0,0,263.0,1.7000465312194901,101.53757859017662,1.1,5.0
13:06:13,1.699979,101.537553,0,0,0,0,0,0,0,0,290,180,forward,0,0,263.0,1.7000465312194901,101.53757759017662,1.0,49.0
13:06:15,1.699979,101.537553,0,0,0,0,0,0,0,0,290,180,forward,0,0,263.0,1.7000465312194901,101.53757759017662,1.0,132.0
13:06:17,1.699979,101.537553,0,0,0,0,0,0,0,0,290,180,forward,0,0,263.0,1.7000465312194901,101.53757759017662,0.6,85.0
13:06:20,1.699978,101.537554,0,0,0,0,0,0,0,0,290,180,forward,0,0,263.0,1.7000455312194902,101.53757859017662,1.1,187.0
13:06:22,1.699978,101.537554,0,0,0,0,0,0,0,0,290,180,forward,0,0,263.0,1.7000455312194902,101.53757859017662,1.0,162.0
13:06:24,1.699978,101.537554,0,0,0,0,0,0,0,0,290,180,forward,0,0,263.0,1.7000455312194902,101.53757859017662,0.9,136.0
13:06:26,1.699977,101.537554,0,0,0,0,0,0,0,0,290,180,forward,0,0,263.0,1.7000445312194903,101.53757859017661,0.6,137.0
13:06:28,1.699977,101.537554,0,0,0,0,0,0,0,0,290,180,forward,0,0,263.0,1.7000445312194903,101.53757859017661,0.8,130.0
13:06:31,1.699977,101.537554,0,0,0,0,0,0,0,0,290,180,forward,0,0,263.0,1.7000445312194903,101.53757859017661,0.6,145.0
13:06:33,1.699976,101.537554,0,0,0,0,0,0,0,0,290,180,forward,0,0,263.0,1.7000435312194901,101.5375785901766,0.4,169.0
13:06:35,1.699976,101.537554,0,0,0,0,0,0,0,0,291,180,forward,0,0,263.0,1.700043091965286,101.53757976553263,0.8,117.0
13:06:37,1.699976,101.537554,0,0,0,0,0,0,0,0,290,180,forward,0,0,263.0,1.7000435312194901,101.5375785901766,1.1,72.0
13:06:39,1.699975,101.537554,0,0,0,0,0,0,0,0,290,180,forward,0,0,263.0,1.7000425312194902,101.53757859017658,0.8,139.0
13:06:42,1.699975,101.537554,0,0,0,0,0,0,0,0,291,180,forward,0,0,263.0,1.700042091965286,101.53757976553261,0.3,115.0
13:06:44,1.699975,101.537554,0,0,0,0,0,0,0,0,290,180,forward,0,0,263.0,1.7000425312194902,101.53757859017658,0.6,98.0
13:06:46,1.699974,101.537554,0,0,0,0,0,0,0,0,291,180,forward,0,0,263.0,1.7000410919652862,101.5375797655326,0.5,174.0
13:06:48,1.699974,101.537554,0,0,0,0,0,0,0,0,290,180,forward,0,0,263.0,1.7000415312194903,101.53757859017657,0.6,113.0
13:06:50,1.699972,101.537554,0,0,0,0,0,0,0,0,291,180,forward,0,0,263.0,1.7000390919652861,101.53757976553258,0.6,122.0
13:06:53,1.699972,101.537554,0,0,0,0,0,0,0,0,290,180,forward,0,0,263.0,1.7000395312194903,101.53757859017654,0.1,79.0
13:06:55,1.699971,101.537554,0,0,0,0,0,0,0,0,290,180,forward,0,0,263.0,1.7000385312194901,101.53757859017652,1.0,49.0
13:06:57,1.699971,101.537554,0,0,0,0,0,0,0,0,291,180,forward,0,0,263.0,1.700038091965286,101.53757976553257,0.3,112.0
13:06:59,1.69997,101.537554,0,0,0,0,0,0,0,0,290,180,forward,0,0,263.0,1.7000375312194902,101.53757859017651,1.0,100.0
13:07:01,1.699969,101.537554,0,0,0,0,0,0,0,0,290,180,forward,0,0,263.0,1.7000365312194903,101.5375785901765,1.2,65.0
13:07:04,1.699968,101.537554,0,0,0,0,0,0,0,0,290,180,forward,0,0,263.0,1.7000355312194901,101.5375785901765,0.9,129.0
13:07:06,1.699968,101.537554,0,0,0,0,0,0,0,0,290,180,forward,0,0,263.0,1.7000355312194901,101.5375785901765,0.6,110.0
13:07:08,1.699968,101.537554,0,0,0,0,0,0,0,0,290,180,forward,0,0,263.0,1.7000355312194901,101.5375785901765,0.6,98.0
13:07:10,1.699966,101.537554,0,0,0,0,0,0,0,0,291,180,forward,0,0,263.0,1.7000330919652862,101.5375797655325,0.3,208.0
13:07:12,1.699967,101.537554,0,0,0,0,0,0,0,0,289,180,forward,0,0,263.0,1.7000349499030303,101.53757740733003,1.4,43.0
13:07:15,1.699966,101.537554,0,0,0,0,0,0,0,0,291,180,forward,0,0,263.0,1.7000330919652862,101.5375797655325,1.5,309.0
13:07:17,1.699966,101.537555,0,0,0,0,0,0,0,0,290,180,forward,0,0,263.0,1.7000335312194903,101.53757959017646,1.2,175.0
13:07:19,1.699965,101.537555,0,0,0,0,0,0,0,0,290,180,forward,0,0,263.0,1.7000325312194902,101.53757959017645,0.7,138.0
13:07:21,1.699965,101.537555,0,0,0,0,0,0,0,0,290,180,forward,0,0,263.0,1.7000325312194902,101.53757959017645,1.4,163.0
13:07:23,1.699965,101.537555,0,0,0,0,0,0,0,0,290,180,forward,0,0,263.0,1.7000325312194902,101.53757959017645,1.4,305.0
13:07:26,1.699965,101.537555,0,0,0,0,0,0,0,0,289,180,forward,0,0,263.0,1.7000329499030302,101.53757840733,2.1,295.0
13:07:28,1.699965,101.537555,0,0,0,0,0,0,0,0,290,180,forward,0,0,263.0,1.7000325312194902,101.53757959017645,1.5,2.0
13:07:30,1.699964,101.537556,0,0,0,0,0,0,0,0,290,180,forward,0,0,263.0,1.7000315312194902,101.53758059017643,1.2,297.0
13:07:32,1.699965,101.537556,0,0,0,0,0,0,0,0,290,180,forward,0,0,263.0,1.7000325312194902,101.53758059017645,1.2,196.0
13:07:34,1.699965,101.537556,0,0,0,0,0,0,0,0,291,180,forward,0,0,263.0,1.700032091965286,101.53758176553248,1.8,252.0
13:07:37,1.699965,101.537556,0,0,0,0,0,0,0,0,290,180,forward,0,0,263.0,1.7000325312194902,101.53758059017645,1.4,282.0
13:07:39,1.699964,101.537556,0,0,0,0,0,0,0,0,290,180,forward,0,0,263.0,1.7000315312194902,101.53758059017643,1.0,113.0
13:07:41,1.699965,101.537556,0,0,0,0,0,0,0,0,290,180,forward,0,0,263.0,1.7000325312194902,101.53758059017645,1.0,196.0
13:07:43,1.699964,101.537556,0,0,0,0,0,0,0,0,290,180,forward,0,0,263.0,1.7000315312194902,101.53758059017643,1.2,172.0
13:07:45,1.699965,101.537556,0,0,0,0,0,0,0,0,290,180,forward,0,0,263.0,1.7000325312194902,101.53758059017645,1.2,190.0
13:07:48,1.699965,101.537556,0,0,0,0,0,0,0,0,291,180,forward,0,0,263.0,1.700032091965286,101.53758176553248,1.2,88.0
13:07:50,1.699965,101.537556,0,0,0,0,0,0,0,0,290,180,forward,0,0,263.0,1.7000325312194902,101.53758059017645,0.7,205.0
13:07:52,1.699965,101.537556,0,0,0,0,0,0,0,0,290,180,forward,0,0,263.0,1.7000325312194902,101.53758059017645,0.9,131.0
13:07:54,1.699965,101.537556,0,0,0,0,0,0,0,0,290,180,forward,0,0,263.0,1.7000325312194902,101.53758059017645,1.1,50.0
13:07:56,1.699965,101.537556,0,0,0,0,0,0,0,0,290,180,forward,0,0,263.0,1.7000325312194902,101.53758059017645,0.9,64.0
13:07:59,1.699965,101.537556,0,0,0,0,0,0,0,0,291,180,forward,0,0,263.0,1.700032091965286,101.53758176553248,0.7,105.0
13:08:01,1.699965,101.537556,0,0,0,0,0,0,0,0,291,180,forward,0,0,263.0,1.700032091965286,101.53758176553248,1.1,310.0
13:08:03,1.699965,101.537556,0,0,0,0,0,0,0,0,290,180,forward,0,0,263.0,1.7000325312194902,101.53758059017645,1.1,286.0
13:08:05,1.699966,101.537556,0,0,0,0,0,0,0,0,290,180,forward,0,0,263.0,1.7000335312194903,101.53758059017646,0.7,46.0
13:08:07,1.699965,101.537556,0,0,0,0,0,0,0,0,291,180,forward,0,0,263.0,1.700032091965286,101.53758176553248,0.7,164.0
13:08:10,1.699966,101.537556,0,0,0,0,0,0,0,0,290,180,forward,0,0,263.0,1.7000335312194903,101.53758059017646,0.6,150.0
13:08:12,1.699966,101.537556,0,0,0,0,0,0,0,0,291,180,forward,0,0,263.0,1.7000330919652862,101.5375817655325,0.6,129.0
13:08:14,1.699967,101.537556,0,0,0,0,0,0,0,0,290,180,forward,0,0,263.0,1.7000345312194902,101.53758059017647,0.6,137.0
13:08:16,1.699966,101.537556,0,0,0,0,0,0,0,0,290,180,forward,0,0,263.0,1.7000335312194903,101.53758059017646,0.6,112.0
13:08:18,1.699967,101.537556,0,0,0,0,0,0,0,0,291,180,forward,0,0,263.0,1.700034091965286,101.53758176553251,0.5,112.0
13:08:21,1.699967,101.537556,0,0,0,0,0,0,0,0,290,180,forward,0,0,263.0,1.7000345312194902,101.53758059017647,0.5,110.0
13:08:23,1.699967,101.537556,0,0,0,0,0,0,0,0,291,180,forward,0,0,263.0,1.700034091965286,101.53758176553251,0.4,82.0
13:08:25,1.699967,101.537556,0,0,0,0,0,0,0,0,291,180,forward,0,0,263.0,1.700034091965286,101.53758176553251,0.5,81.0
13:08:27,1.699968,101.537555,0,0,0,0,0,0,0,0,291,180,forward,0,0,263.0,1.700035091965286,101.53758076553252,0.5,141.0
13:08:29,1.699967,101.537555,0,0,0,0,0,0,0,0,290,180,forward,0,0,263.0,1.7000345312194902,101.53757959017648,0.6,105.0
13:08:31,1.699968,101.537556,0,0,0,0,0,0,0,0,291,180,forward,0,0,263.0,1.700035091965286,101.53758176553252,0.1,128.0
13:08:34,1.699968,101.537555,0,0,0,0,0,0,0,0,291,180,forward,0,0,263.0,1.700035091965286,101.53758076553252,0.5,112.0
13:08:36,1.699968,101.537555,0,0,0,0,0,0,0,0,290,180,forward,0,0,263.0,1.7000355312194901,101.53757959017649,0.3,92.0
13:08:38,1.699968,101.537555,0,0,0,0,0,0,0,0,290,180,forward,0,0,263.0,1.7000355312194901,101.53757959017649,0.6,96.0
13:08:40,1.699968,101.537555,0,0,0,0,0,0,0,0,290,180,forward,0,0,263.0,1.7000355312194901,101.53757959017649,0.6,177.0
13:08:42,1.699967,101.537555,0,0,0,0,0,0,0,0,291,180,forward,0,0,263.0,1.700034091965286,101.53758076553251,1.0,110.0
13:08:45,1.699967,101.537556,0,0,0,0,0,0,0,0,290,180,forward,0,0,263.0,1.7000345312194902,101.53758059017647,1.0,304.0
13:08:47,1.699967,101.537556,0,0,0,0,0,0,0,0,291,180,forward,0,0,263.0,1.700034091965286,101.53758176553251,1.6,19.0
13:08:49,1.699967,101.537556,0,0,0,0,0,0,0,0,290,180,forward,0,0,263.0,1.7000345312194902,101.53758059017647,1.2,38.0
13:08:51,1.699966,101.537557,0,0,0,0,0,0,0,0,291,180,forward,0,0,263.0,1.7000330919652862,101.5375827655325,0.9,76.0
13:08:53,1.699966,101.537557,0,0,0,0,0,0,0,0,291,180,forward,0,0,263.0,1.7000330919652862,101.5375827655325,0.7,133.0
13:08:56,1.699966,101.537558,0,0,0,0,0,0,0,0,291,180,forward,0,0,263.0,1.7000330919652862,101.5375837655325,0.5,157.0
13:08:58,1.699966,101.537558,0,0,0,0,0,0,0,0,291,180,forward,0,0,263.0,1.7000330919652862,101.5375837655325,0.6,176.0
13:09:00,1.699967,101.537558,0,0,0,0,0,0,0,0,290,180,forward,0,0,263.0,1.7000345312194902,101.53758259017648,1.0,128.0
13:09:02,1.699966,101.537558,0,0,0,0,0,0,0,0,291,180,forward,0,0,263.0,1.7000330919652862,101.5375837655325,1.2,118.0
13:09:04,1.699966,101.537559,0,0,0,0,0,0,0,0,291,180,forward,0,0,263.0,1.7000330919652862,101.5375847655325,1.2,157.0
13:09:07,1.699966,101.537559,0,0,0,0,0,0,0,0,291,180,forward,0,0,263.0,1.7000330919652862,101.5375847655325,1.0,148.0
13:09:09,1.699967,101.537559,0,0,0,0,0,0,0,0,290,180,forward,0,0,263.0,1.7000345312194902,101.53758359017648,0.7,165.0
13:09:11,1.699966,101.537559,0,0,0,0,0,0,0,0,291,180,forward,0,0,263.0,1.7000330919652862,101.5375847655325,0.8,145.0
13:09:13,1.699967,101.53756,0,0,0,0,0,0,0,0,290,180,forward,0,0,263.0,1.7000345312194902,101.53758459017648,0.9,117.0
13:09:15,1.699967,101.53756,0,0,0,0,0,0,0,0,290,180,forward,0,0,263.0,1.7000345312194902,101.53758459017648,0.4,146.0
13:09:18,1.699967,101.537561,0,0,0,0,0,0,0,0,290,180,forward,0,0,263.0,1.7000345312194902,101.53758559017648,0.4,157.0
13:09:20,1.699968,101.537561,0,0,0,0,0,0,0,0,291,180,forward,0,0,263.0,1.700035091965286,101.53758676553252,0.3,119.0
13:09:22,1.699968,101.537561,0,0,0,0,0,0,0,0,291,180,forward,0,0,263.0,1.700035091965286,101.53758676553252,0.2,96.0
13:09:24,1.699968,101.537562,0,0,0,0,0,0,0,0,291,180,forward,0,0,263.0,1.700035091965286,101.53758776553252,0.3,127.0
13:09:26,1.699968,101.537562,0,0,0,0,0,0,0,0,290,180,forward,0,0,263.0,1.7000355312194901,101.53758659017649,0.0,110.0
13:09:29,1.699969,101.537562,0,0,0,0,0,0,0,0,291,180,forward,0,0,263.0,1.7000360919652862,101.53758776553254,0.2,151.0
13:09:31,1.699968,101.537562,0,0,0,0,0,0,0,0,291,180,forward,0,0,263.0,1.700035091965286,101.53758776553252,0.9,153.0
13:09:33,1.699969,101.537563,0,0,0,0,0,0,0,0,291,180,forward,0,0,263.0,1.7000360919652862,101.53758876553255,0.9,180.0
13:09:35,1.699969,101.537562,0,0,0,0,0,0,0,0,291,180,forward,0,0,263.0,1.7000360919652862,101.53758776553254,1.1,62.0
13:09:37,1.69997,101.537563,0,0,0,0,0,0,0,0,291,180,forward,0,0,263.0,1.700037091965286,101.53758876553256,1.0,153.0
13:09:40,1.69997,101.537562,0,0,0,0,0,0,0,0,291,180,forward,0,0,263.0,1.700037091965286,101.53758776553255,0.9,107.0
13:09:42,1.69997,101.537562,0,0,0,0,0,0,0,0,291,180,forward,0,0,263.0,1.700037091965286,101.53758776553255,0.7,137.0
13:09:44,1.69997,101.537562,0,0,0,0,0,0,0,0,291,180,forward,0,0,263.0,1.700037091965286,101.53758776553255,0.4,52.0
13:09:46,1.699969,101.537562,0,0,0,0,0,0,0,0,291,180,forward,0,0,263.0,1.7000360919652862,101.53758776553254,0.8,48.0
13:09:48,1.69997,101.537562,0,0,0,0,0,0,0,0,290,180,forward,0,0,263.0,1.7000375312194902,101.5375865901765,0.7,55.0
13:09:51,1.69997,101.537561,0,0,0,0,0,0,0,0,291,180,forward,0,0,263.0,1.7000360919652862,101.53758676553254,0.9,96.0
13:09:53,1.69997,101.537561,0,0,0,0,0,0,0,0,291,180,forward,0,0,263.0,1.700037091965286,101.53758676553255,1.3,61.0
13:09:55,1.69997,101.537561,0,0,0,0,0,0,0,0,291,180,forward,0,0,263.0,1.700037091965286,101.53758676553255,1.1,57.0
13:09:57,1.69997,101.53756,0,0,0,0,0,0,0,0,291,180,forward,0,0,263.0,1.700037091965286,101.53758576553255,0.7,297.0
13:09:59,1.699971,101.53756,0,0,0,0,0,0,0,0,291,180,forward,0,0,263.0,1.700038091965286,101.53758576553257,1.4,9.0
13:10:02,1.69997,101.537559,0,0,0,0,0,0,0,0,290,180,forward,0,0,263.0,1.7000375312194902,101.53758359017651,1.7,25.0
13:10:04,1.699971,101.537559,0,0,0,0,0,0,0,0,290,180,forward,0,0,263.0,1.7000385312194901,101.53758359017652,1.3,44.0
13:10:06,1.69997,101.537558,0,0,0,0,0,0,0,0,291,180,forward,0,0,263.0,1.700037091965286,101.53758376553256,1.0,124.0
13:10:08,1.69997,101.537558,0,0,0,0,0,0,0,0,291,180,forward,0,0,263.0,1.700037091965286,101.53758376553256,0.6,170.0
13:10:10,1.69997,101.537557,0,0,0,0,0,0,0,0,290,180,forward,0,0,263.0,1.7000375312194902,101.53758159017652,1.0,110.0
13:10:13,1.69997,101.537557,0,0,0,0,0,0,0,0,291,180,forward,0,0,263.0,1.700037091965286,101.53758276553256,0.8,63.0
13:10:15,1.699971,101.537557,0,0,0,0,0,0,0,0,290,180,forward,0,0,263.0,1.7000385312194901,101.53758159017653,0.5,133.0
13:10:17,1.699971,101.537557,0,0,0,0,0,0,0,0,291,180,forward,0,0,263.0,1.700038091965286,101.53758276553258,0.6,126.0
13:10:19,1.699971,101.537556,0,0,0,0,0,0,0,0,291,180,forward,0,0,263.0,1.700038091965286,101.53758176553256,1.2,74.0
13:10:21,1.699971,101.537556,0,0,0,0,0,0,0,0,291,180,forward,0,0,263.0,1.700038091965286,101.53758176553256,1.4,177.0
13:10:24,1.699971,101.537556,0,0,0,0,0,0,0,0,291,180,forward,0,0,263.0,1.700038091965286,101.53758176553256,1.0,154.0
13:10:26,1.699972,101.537556,0,0,0,0,0,0,0,0,291,180,forward,0,0,263.0,1.7000390919652861,101.53758176553258,0.8,212.0
13:10:28,1.699972,101.537556,0,0,0,0,0,0,0,0,290,180,forward,0,0,263.0,1.7000395312194903,101.53758059017653,0.8,159.0
13:10:30,1.699972,101.537556,0,0,0,0,0,0,0,0,291,180,forward,0,0,263.0,1.7000390919652861,101.53758176553258,0.8,184.0
13:10:32,1.699972,101.537556,0,0,0,0,0,0,0,0,291,180,forward,0,0,263.0,1.7000390919652861,101.53758176553258,0.7,192.0
13:10:35,1.699972,101.537556,0,0,0,0,0,0,0,0,291,180,forward,0,0,263.0,1.7000390919652861,101.53758176553258,0.9,110.0
13:10:37,1.699972,101.537557,0,0,0,0,0,0,0,0,290,180,forward,0,0,263.0,1.7000395312194903,101.53758159017654,0.6,128.0
13:10:39,1.699972,101.537557,0,0,0,0,0,0,0,0,292,180,forward,0,0,263.0,1.7000386322742198,101.5375839330402,0.5,114.0
13:10:41,1.699972,101.537557,0,0,0,0,0,0,0,0,291,180,forward,0,0,263.0,1.7000390919652861,101.53758276553259,0.6,148.0
13:10:43,1.699972,101.537558,0,0,0,0,0,0,0,0,291,180,forward,0,0,263.0,1.7000390919652861,101.53758376553259,0.7,176.0
13:10:46,1.699972,101.537558,0,0,0,0,0,0,0,0,291,180,forward,0,0,263.0,1.7000390919652861,101.53758376553259,0.7,174.0
13:10:48,1.699972,101.537559,0,0,0,0,0,0,0,0,290,180,forward,0,0,263.0,1.7000395312194903,101.53758359017654,0.9,191.0
13:10:50,1.699972,101.537559,0,0,0,0,0,0,0,0,291,180,forward,0,0,263.0,1.7000390919652861,101.53758476553259,0.7,359.0
13:10:52,1.699972,101.537559,0,0,0,0,0,0,0,0,291,180,forward,0,0,263.0,1.7000390919652861,101.53758476553259,1.1,43.0
13:10:54,1.699973,101.53756,0,0,0,0,0,0,0,0,290,180,forward,0,0,263.0,1.7000405312194902,101.53758459017655,1.0,150.0
13:10:57,1.699973,101.53756,0,0,0,0,0,0,0,0,291,180,forward,0,0,263.0,1.700040091965286,101.5375857655326,0.7,110.0
13:10:59,1.699973,101.53756,0,0,0,0,0,0,0,0,291,180,forward,0,0,263.0,1.700040091965286,101.5375857655326,0.8,99.0
13:11:01,1.699973,101.537561,0,0,0,0,0,0,0,0,291,180,forward,0,0,263.0,1.700040091965286,101.5375867655326,1.2,171.0
13:11:03,1.699973,101.537561,0,0,0,0,0,0,0,0,290,180,forward,0,0,263.0,1.7000405312194902,101.53758559017655,1.0,183.0
13:11:05,1.699973,101.537562,0,0,0,0,0,0,0,0,291,180,forward,0,0,263.0,1.700040091965286,101.53758776553259,2.0,315.0
13:11:08,1.699973,101.537562,0,0,0,0,0,0,0,0,291,180,forward,0,0,263.0,1.700040091965286,101.53758776553259,2.5,5.0
13:11:10,1.699972,101.537563,0,0,0,0,0,0,0,0,291,180,forward,0,0,263.0,1.7000390919652861,101.53758876553259,2.0,155.0
13:11:12,1.699973,101.537563,0,0,0,0,0,0,0,0,291,180,forward,0,0,263.0,1.700040091965286,101.5375887655326,1.3,154.0
13:11:14,1.699973,101.537564,0,0,0,0,0,0,0,0,291,180,forward,0,0,263.0,1.700040091965286,101.5375897655326,0.9,139.0
13:11:16,1.699972,101.537564,0,0,0,0,0,0,0,0,291,180,forward,0,0,263.0,1.7000390919652861,101.53758976553259,0.6,196.0
13:11:19,1.699972,101.537564,0,0,0,0,0,0,0,0,291,180,forward,0,0,263.0,1.7000390919652861,101.53758976553259,0.6,147.0
13:11:21,1.699972,101.537565,0,0,0,0,0,0,0,0,291,180,forward,0,0,263.0,1.7000390919652861,101.53759076553258,1.0,167.0
13:11:23,1.699971,101.537565,0,0,0,0,0,0,0,0,291,180,forward,0,0,263.0,1.700038091965286,101.53759076553257,0.6,149.0
13:11:25,1.699971,101.537565,0,0,0,0,0,0,0,0,291,180,forward,0,0,263.0,1.700038091965286,101.53759076553257,0.5,103.0
13:11:27,1.699971,101.537566,0,0,0,0,0,0,0,0,291,180,forward,0,0,263.0,1.700038091965286,101.53759176553257,1.0,118.0
13:11:30,1.699971,101.537566,0,0,0,0,0,0,0,0,291,180,forward,0,0,263.0,1.700038091965286,101.53759176553257,0.7,187.0
13:11:32,1.699971,101.537566,0,0,0,0,0,0,0,0,291,180,forward,0,0,263.0,1.700038091965286,101.53759176553257,0.4,166.0
13:11:34,1.699971,101.537566,0,0,0,0,0,0,0,0,291,180,forward,0,0,263.0,1.700038091965286,101.53759176553257,0.7,145.0
13:11:36,1.699971,101.537566,0,0,0,0,0,0,0,0,291,180,forward,0,0,263.0,1.700038091965286,101.53759176553257,0.7,140.0
13:11:38,1.699972,101.537566,0,0,0,0,0,0,0,0,291,180,forward,0,0,263.0,1.7000390919652861,101.53759176553258,0.2,205.0
13:11:41,1.699971,101.537566,0,0,0,0,0,0,0,0,291,180,forward,0,0,263.0,1.700038091965286,101.53759176553257,0.6,200.0
13:11:43,1.699971,101.537566,0,0,0,0,0,0,0,0,291,180,forward,0,0,263.0,1.700038091965286,101.53759176553257,0.6,127.0
13:11:45,1.699972,101.537565,0,0,0,0,0,0,0,0,291,180,forward,0,0,263.0,1.7000390919652861,101.53759076553258,0.6,180.0
13:11:47,1.699971,101.537565,0,0,0,0,0,0,0,0,291,180,forward,0,0,263.0,1.700038091965286,101.53759076553257,0.0,193.0
13:11:49,1.699971,101.537565,0,0,0,0,0,0,0,0,291,180,forward,0,0,263.0,1.700038091965286,101.53759076553257,0.0,115.0
13:11:52,1.699971,101.537565,0,0,0,0,0,0,0,0,291,180,forward,0,0,263.0,1.700038091965286,101.53759076553257,0.3,92.0
13:11:54,1.699971,101.537564,0,0,0,0,0,0,0,0,291,180,forward,0,0,263.0,1.700038091965286,101.53758976553257,0.3,52.0
13:11:56,1.699971,101.537564,0,0,0,0,0,0,0,0,291,180,forward,0,0,263.0,1.700038091965286,101.53758976553257,0.0,163.0
13:11:58,1.69997,101.537564,0,0,0,0,0,0,0,0,291,180,forward,0,0,263.0,1.700037091965286,101.53758976553256,0.1,163.0
13:12:00,1.69997,101.537563,0,0,0,0,0,0,0,0,291,180,forward,0,0,263.0,1.700037091965286,101.53758876553256,0.0,147.0
13:12:03,1.699969,101.537562,0,0,0,0,0,0,0,0,290,180,forward,0,0,263.0,1.7000365312194903,101.53758659017649,0.0,152.0
13:12:05,1.699969,101.537561,0,0,0,0,0,0,0,0,291,180,forward,0,0,263.0,1.7000360919652862,101.53758676553254,0.2,134.0
13:12:07,1.699968,101.537561,0,0,0,0,0,0,0,0,291,180,forward,0,0,263.0,1.700035091965286,101.53758676553252,0.5,157.0
13:12:09,1.699968,101.53756,0,0,0,0,0,0,0,0,291,180,forward,0,0,263.0,1.700035091965286,101.53758576553253,0.6,108.0
13:12:11,1.699968,101.53756,0,0,0,0,0,0,0,0,291,180,forward,0,0,263.0,1.700035091965286,101.53758576553253,0.0,146.0
13:12:14,1.699967,101.537559,0,0,0,0,0,0,0,0,291,180,forward,0,0,263.0,1.700034091965286,101.53758476553251,0.0,158.0
13:12:16,1.699967,101.537559,0,0,0,0,0,0,0,0,291,180,forward,0,0,263.0,1.700034091965286,101.53758476553251,1.3,133.0
13:12:18,1.699967,101.537559,0,0,0,0,0,0,0,0,291,180,forward,0,0,263.0,1.700034091965286,101.53758476553251,1.1,100.0
13:12:20,1.699967,101.537558,0,0,0,0,0,0,0,0,291,180,forward,0,0,263.0,1.700034091965286,101.53758376553252,0.8,152.0
13:12:22,1.699966,101.537558,0,0,0,0,0,0,0,0,291,180,forward,0,0,263.0,1.7000330919652862,101.5375837655325,1.1,162.0
13:12:25,1.699966,101.537557,0,0,0,0,0,0,0,0,291,180,forward,0,0,263.0,1.7000330919652862,101.5375827655325,1.0,110.0
13:12:27,1.699966,101.537557,0,0,0,0,0,0,0,0,291,180,forward,0,0,263.0,1.7000330919652862,101.5375827655325,0.8,133.0
13:12:29,1.699966,101.537556,0,0,0,0,0,0,0,0,290,180,forward,0,0,263.0,1.7000335312194903,101.53758059017646,1.0,145.0
13:12:31,1.699965,101.537555,0,0,0,0,0,0,0,0,291,180,forward,0,0,263.0,1.700032091965286,101.53758076553248,0.7,150.0
13:12:33,1.699965,101.537555,0,0,0,0,0,0,0,0,291,180,forward,0,0,263.0,1.700032091965286,101.53758076553248,0.5,152.0
13:12:36,1.699965,101.537555,0,0,0,0,0,0,0,0,291,180,forward,0,0,263.0,1.700032091965286,101.53758076553248,0.4,160.0
13:12:38,1.699965,101.537555,0,0,0,0,0,0,0,0,291,180,forward,0,0,263.0,1.700032091965286,101.53758076553248,0.5,134.0
13:12:40,1.699966,101.537554,0,0,0,0,0,0,0,0,291,180,forward,0,0,263.0,1.7000330919652862,101.5375797655325,0.6,136.0
13:12:42,1.699966,101.537554,0,0,0,0,0,0,0,0,291,180,forward,0,0,263.0,1.7000330919652862,101.5375797655325,0.4,155.0
13:12:44,1.699966,101.537554,0,0,0,0,0,0,0,0,290,180,forward,0,0,263.0,1.7000335312194903,101.53757859017647,0.0,154.0
13:12:47,1.699967,101.537554,0,0,0,0,0,0,0,0,290,180,forward,0,0,263.0,1.7000345312194902,101.53757859017648,0.2,99.0
13:12:49,1.699967,101.537554,0,0,0,0,0,0,0,0,291,180,forward,0,0,263.0,1.700034091965286,101.53757976553251,0.0,148.0
13:12:51,1.699967,101.537554,0,0,0,0,0,0,0,0,291,180,forward,0,0,263.0,1.700034091965286,101.53757976553251,0.4,89.0
13:12:53,1.699968,101.537554,0,0,0,0,0,0,0,0,291,180,forward,0,0,263.0,1.700035091965286,101.53757976553253,0.6,144.0
13:12:55,1.699968,101.537554,0,0,0,0,0,0,0,0,291,180,forward,0,0,263.0,1.700035091965286,101.53757976553253,0.3,158.0
13:12:58,1.699969,101.537554,0,0,0,0,0,0,0,0,291,180,forward,0,0,263.0,1.7000360919652862,101.53757976553254,0.9,132.0
13:13:00,1.699969,101.537554,0,0,0,0,0,0,0,0,290,180,forward,0,0,263.0,1.7000365312194903,101.5375785901765,0.9,143.0
13:13:02,1.699969,101.537554,0,0,0,0,0,0,0,0,291,180,forward,0,0,263.0,1.7000360919652862,101.53757976553254,0.9,119.0
13:13:04,1.69997,101.537554,0,0,0,0,0,0,0,0,291,180,forward,0,0,263.0,1.700037091965286,101.53757976553256,0.6,125.0
13:13:06,1.699971,101.537554,0,0,0,0,0,0,0,0,292,180,forward,0,0,263.0,1.7000376322742197,101.53758093304018,0.8,150.0
13:13:09,1.699971,101.537554,0,0,0,0,0,0,0,0,291,180,forward,0,0,263.0,1.700038091965286,101.53757976553257,0.8,152.0
13:13:11,1.699971,101.537554,0,0,0,0,0,0,0,0,291,180,forward,0,0,263.0,1.700038091965286,101.53757976553257,0.4,103.0
13:13:13,1.699971,101.537553,0,0,0,0,0,0,0,0,291,180,forward,0,0,263.0,1.700038091965286,101.53757876553257,0.1,128.0
13:13:15,1.699971,101.537553,0,0,0,0,0,0,0,0,291,180,forward,0,0,263.0,1.700038091965286,101.53757876553257,0.7,126.0
13:13:17,1.699971,101.537553,0,0,0,0,0,0,0,0,291,180,forward,0,0,263.0,1.700038091965286,101.53757876553257,0.7,121.0
13:13:20,1.699972,101.537553,0,0,0,0,0,0,0,0,291,180,forward,0,0,263.0,1.7000390919652861,101.53757876553259,0.6,107.0
13:13:22,1.699972,101.537553,0,0,0,0,0,0,0,0,291,180,forward,0,0,263.0,1.7000390919652861,101.53757876553259,0.3,311.0
13:13:24,1.699972,101.537552,0,0,0,0,0,0,0,0,291,180,forward,0,0,263.0,1.7000390919652861,101.53757776553259,0.6,283.0
13:13:26,1.699972,101.537552,0,0,0,0,0,0,0,0,291,180,forward,0,0,263.0,1.7000390919652861,101.53757776553259,0.0,0.0
13:13:28,1.699973,101.537551,0,0,0,0,0,0,0,0,291,180,forward,0,0,263.0,1.700040091965286,101.53757676553259,0.1,345.0
13:13:31,1.699973,101.537551,0,0,0,0,0,0,0,0,291,180,forward,0,0,263.0,1.700040091965286,101.53757676553259,0.6,256.0
13:13:33,1.699973,101.53755,0,0,0,0,0,0,0,0,291,180,forward,0,0,263.0,1.700040091965286,101.5375757655326,0.6,216.0
13:13:35,1.699973,101.53755,0,0,0,0,0,0,0,0,291,180,forward,0,0,263.0,1.700040091965286,101.5375757655326,0.3,329.0
13:13:37,1.699973,101.537549,0,0,0,0,0,0,0,0,291,180,forward,0,0,263.0,1.700040091965286,101.5375747655326,0.3,291.0
13:13:39,1.699974,101.537549,0,0,0,0,0,0,0,0,291,180,forward,0,0,263.0,1.7000410919652862,101.5375747655326,0.6,349.0
13:13:42,1.699974,101.537549,0,0,0,0,0,0,0,0,291,180,forward,0,0,263.0,1.7000410919652862,101.5375747655326,0.7,296.0
13:13:44,1.699974,101.537548,0,0,0,0,0,0,0,0,291,180,forward,0,0,263.0,1.7000410919652862,101.5375737655326,0.2,28.0
13:13:46,1.699974,101.537548,0,0,0,0,0,0,0,0,291,180,forward,0,0,263.0,1.7000410919652862,101.5375737655326,0.6,65.0
13:13:48,1.699975,101.537548,0,0,0,0,0,0,0,0,290,180,forward,0,0,263.0,1.7000425312194902,101.53757259017658,1.0,57.0
13:13:50,1.699975,101.537548,0,0,0,0,0,0,0,0,291,180,forward,0,0,263.0,1.700042091965286,101.53757376553261,0.9,97.0
13:13:53,1.699975,101.537548,0,0,0,0,0,0,0,0,291,180,forward,0,0,263.0,1.700042091965286,101.53757376553261,1.3,94.0
13:13:55,1.699976,101.537548,0,0,0,0,0,0,0,0,291,180,forward,0,0,263.0,1.700043091965286,101.53757376553263,1.1,123.0
13:13:57,1.699976,101.537547,0,0,0,0,0,0,0,0,291,180,forward,0,0,263.0,1.700043091965286,101.53757276553263,1.3,238.0
13:13:59,1.699976,101.537547,0,0,0,0,0,0,0,0,291,180,forward,0,0,263.0,1.700043091965286,101.53757276553263,0.8,308.0
13:14:01,1.699976,101.537547,0,0,0,0,0,0,0,0,291,180,forward,0,0,263.0,1.700043091965286,101.53757276553263,0.9,29.0
13:14:04,1.699976,101.537547,0,0,0,0,0,0,0,0,291,180,forward,0,0,263.0,1.700043091965286,101.53757276553263,0.8,317.0
13:14:06,1.699976,101.537547,0,0,0,0,0,0,0,0,291,180,forward,0,0,263.0,1.700043091965286,101.53757276553263,0.9,74.0
13:14:08,1.699976,101.537547,0,0,0,0,0,0,0,0,291,180,forward,0,0,263.0,1.700043091965286,101.53757276553263,0.7,48.0
13:14:10,1.699976,101.537547,0,0,0,0,0,0,0,0,291,180,forward,0,0,263.0,1.700043091965286,101.53757276553263,1.4,146.0
13:14:12,1.699975,101.537546,0,0,0,0,0,0,0,0,290,180,forward,0,0,263.0,1.7000425312194902,101.53757059017659,1.0,110.0
13:14:15,1.699975,101.537546,0,0,0,0,0,0,0,0,291,180,forward,0,0,263.0,1.700042091965286,101.53757176553262,0.9,127.0
13:14:17,1.699975,101.537547,0,0,0,0,0,0,0,0,291,180,forward,0,0,263.0,1.700042091965286,101.53757276553262,0.6,164.0
13:14:19,1.699975,101.537547,0,0,0,0,0,0,0,0,291,180,forward,0,0,263.0,1.700042091965286,101.53757276553262,0.6,37.0
13:14:21,1.699975,101.537547,0,0,0,0,0,0,0,0,291,180,forward,0,0,263.0,1.700042091965286,101.53757276553262,0.7,226.0
13:14:23,1.699975,101.537547,0,0,0,0,0,0,0,0,291,180,forward,0,0,263.0,1.700042091965286,101.53757276553262,0.8,298.0
13:14:26,1.699975,101.537547,0,0,0,0,0,0,0,0,291,180,forward,0,0,263.0,1.700042091965286,101.53757276553262,1.1,308.0
13:14:28,1.699975,101.537548,0,0,0,0,0,0,0,0,291,180,forward,0,0,263.0,1.700042091965286,101.53757376553261,0.8,28.0
13:14:30,1.699975,101.537548,0,0,0,0,0,0,0,0,291,180,forward,0,0,263.0,1.700042091965286,101.53757376553261,2.1,28.0
13:14:32,1.699976,101.537548,0,0,0,0,0,0,0,0,291,180,forward,0,0,263.0,1.700043091965286,101.53757376553263,1.8,60.0
13:14:34,1.699976,101.537549,0,0,0,0,0,0,0,0,291,180,forward,0,0,263.0,1.700043091965286,101.53757476553263,3.0,99.0
13:14:37,1.699976,101.537549,0,0,0,0,0,0,0,0,291,180,forward,0,0,263.0,1.700043091965286,101.53757476553263,1.4,100.0
13:14:39,1.699976,101.53755,0,0,0,0,0,0,0,0,291,180,forward,0,0,263.0,1.700043091965286,101.53757576553262,1.1,107.0
13:14:41,1.699976,101.53755,0,0,0,0,0,0,0,0,291,180,forward,0,0,263.0,1.700043091965286,101.53757576553262,0.8,102.0
13:14:43,1.699976,101.537551,0,0,0,0,0,0,0,0,291,180,forward,0,0,263.0,1.700043091965286,101.53757676553262,0.6,142.0
13:14:45,1.699977,101.537551,0,0,0,0,0,0,0,0,290,180,forward,0,0,263.0,1.7000445312194903,101.5375755901766,0.6,159.0
13:14:48,1.699976,101.537552,0,0,0,0,0,0,0,0,291,180,forward,0,0,263.0,1.700043091965286,101.53757776553263,1.2,159.0
13:14:50,1.699976,101.537552,0,0,0,0,0,0,0,0,291,180,forward,0,0,263.0,1.700043091965286,101.53757776553263,1.2,60.0
13:14:52,1.699976,101.537552,0,0,0,0,0,0,0,0,291,180,forward,0,0,263.0,1.700043091965286,101.53757776553263,1.0,114.0
13:14:54,1.699976,101.537553,0,0,0,0,0,0,0,0,291,180,forward,0,0,263.0,1.700043091965286,101.53757876553263,0.9,111.0
13:14:56,1.699976,101.537553,0,0,0,0,0,0,0,0,291,180,forward,0,0,263.0,1.700043091965286,101.53757876553263,1.0,102.0
13:14:59,1.699976,101.537553,0,0,0,0,0,0,0,0,291,180,forward,0,0,263.0,1.700043091965286,101.53757876553263,0.9,157.0
13:15:01,1.699976,101.537553,0,0,0,0,0,0,0,0,291,180,forward,0,0,263.0,1.700043091965286,101.53757876553263,0.9,8.0
13:15:03,1.699976,101.537554,0,0,0,0,0,0,0,0,291,180,forward,0,0,263.0,1.700043091965286,101.53757976553263,1.2,104.0
13:15:05,1.699976,101.537554,0,0,0,0,0,0,0,0,290,180,forward,0,0,263.0,1.7000435312194901,101.5375785901766,1.2,165.0
13:15:07,1.699975,101.537554,0,0,0,0,0,0,0,0,290,180,forward,0,0,263.0,1.7000425312194902,101.53757859017658,0.6,189.0
13:15:10,1.699975,101.537554,0,0,0,0,0,0,0,0,291,180,forward,0,0,263.0,1.700042091965286,101.53757976553261,0.7,199.0
13:15:12,1.699975,101.537555,0,0,0,0,0,0,0,0,291,180,forward,0,0,263.0,1.700042091965286,101.53758076553261,0.9,273.0
13:15:14,1.699975,101.537555,0,0,0,0,0,0,0,0,291,180,forward,0,0,263.0,1.700042091965286,101.53758076553261,0.7,140.0
13:15:16,1.699975,101.537555,0,0,0,0,0,0,0,0,290,180,forward,0,0,263.0,1.7000425312194902,101.53757959017658,0.6,170.0
13:15:18,1.699975,101.537556,0,0,0,0,0,0,0,0,292,180,forward,0,0,263.0,1.7000416322742198,101.53758293304023,0.9,174.0
13:15:21,1.699975,101.537556,0,0,0,0,0,0,0,0,291,180,forward,0,0,263.0,1.700042091965286,101.53758176553261,0.6,185.0
13:15:23,1.699975,101.537556,0,0,0,0,0,0,0,0,291,180,forward,0,0,263.0,1.700042091965286,101.53758176553261,0.3,156.0
13:15:25,1.699975,101.537556,0,0,0,0,0,0,0,0,291,180,forward,0,0,263.0,1.700042091965286,101.53758176553261,0.6,165.0
13:15:27,1.699974,101.537556,0,0,0,0,0,0,0,0,291,180,forward,0,0,263.0,1.7000410919652862,101.5375817655326,0.6,107.0
13:15:29,1.699974,101.537556,0,0,0,0,0,0,0,0,292,180,forward,0,0,263.0,1.7000406322742199,101.53758293304021,1.0,146.0
13:15:32,1.699974,101.537556,0,0,0,0,0,0,0,0,291,180,forward,0,0,263.0,1.7000410919652862,101.5375817655326,1.3,294.0
13:15:34,1.699974,101.537556,0,0,0,0,0,0,0,0,291,180,forward,0,0,263.0,1.7000410919652862,101.5375817655326,2.3,164.0
13:15:36,1.699974,101.537556,0,0,0,0,0,0,0,0,291,180,forward,0,0,263.0,1.7000410919652862,101.5375817655326,1.5,208.0
13:15:38,1.699974,101.537557,0,0,0,0,0,0,0,0,291,180,forward,0,0,263.0,1.7000410919652862,101.5375827655326,1.1,206.0
13:15:40,1.699974,101.537557,0,0,0,0,0,0,0,0,292,180,forward,0,0,263.0,1.7000406322742199,101.53758393304022,0.7,70.0
13:15:43,1.699974,101.537557,0,0,0,0,0,0,0,0,291,180,forward,0,0,263.0,1.7000410919652862,101.5375827655326,0.4,174.0
13:15:45,1.699973,101.537557,0,0,0,0,0,0,0,0,291,180,forward,0,0,263.0,1.700040091965286,101.5375827655326,0.4,155.0
13:15:47,1.699973,101.537557,0,0,0,0,0,0,0,0,291,180,forward,0,0,263.0,1.700040091965286,101.5375827655326,0.6,168.0
13:15:49,1.699972,101.537556,0,0,0,0,0,0,0,0,291,180,forward,0,0,263.0,1.7000390919652861,101.53758176553258,0.4,81.0
13:15:51,1.699972,101.537556,0,0,0,0,0,0,0,0,291,180,forward,0,0,263.0,1.7000390919652861,101.53758176553258,0.6,183.0
13:15:54,1.699972,101.537556,0,0,0,0,0,0,0,0,291,180,forward,0,0,263.0,1.7000390919652861,101.53758176553258,0.7,111.0
13:15:56,1.699972,101.537556,0,0,0,0,0,0,0,0,292,180,forward,0,0,263.0,1.7000386322742198,101.53758293304018,0.6,42.0
13:15:58,1.699971,101.537555,0,0,0,0,0,0,0,0,291,180,forward,0,0,263.0,1.700038091965286,101.53758076553257,0.7,171.0
13:16:00,1.699971,101.537555,0,0,0,0,0,0,0,0,291,180,forward,0,0,263.0,1.700038091965286,101.53758076553257,0.9,19.0
13:16:02,1.69997,101.537555,0,0,0,0,0,0,0,0,291,180,forward,0,0,263.0,1.700037091965286,101.53758076553255,0.7,179.0
13:16:05,1.69997,101.537555,0,0,0,0,0,0,0,0,291,180,forward,0,0,263.0,1.700037091965286,101.53758076553255,0.6,149.0
13:16:07,1.699969,101.537554,0,0,0,0,0,0,0,0,291,180,forward,0,0,263.0,1.7000360919652862,101.53757976553254,0.6,142.0
13:16:09,1.699969,101.537554,0,0,0,0,0,0,0,0,291,180,forward,0,0,263.0,1.7000360919652862,101.53757976553254,0.5,114.0
13:16:11,1.699968,101.537554,0,0,0,0,0,0,0,0,291,180,forward,0,0,263.0,1.700035091965286,101.53757976553253,0.6,123.0
13:16:13,1.699968,101.537554,0,0,0,0,0,0,0,0,291,180,forward,0,0,263.0,1.700035091965286,101.53757976553253,0.7,99.0
13:16:16,1.699967,101.537553,0,0,0,0,0,0,0,0,291,180,forward,0,0,263.0,1.700034091965286,101.53757876553252,0.5,107.0
13:16:18,1.699967,101.537553,0,0,0,0,0,0,0,0,291,180,forward,0,0,263.0,1.700034091965286,101.53757876553252,0.1,115.0
13:16:20,1.699966,101.537553,0,0,0,0,0,0,0,0,291,180,forward,0,0,263.0,1.7000330919652862,101.5375787655325,0.5,184.0
13:16:22,1.699966,101.537553,0,0,0,0,0,0,0,0,292,180,forward,0,0,263.0,1.7000326322742199,101.5375799330401,0.3,172.0
13:16:24,1.699965,101.537553,0,0,0,0,0,0,0,0,291,180,forward,0,0,263.0,1.700032091965286,101.53757876553249,0.6,158.0
13:16:27,1.699965,101.537554,0,0,0,0,0,0,0,0,291,180,forward,0,0,263.0,1.700032091965286,101.53757976553248,0.1,155.0
13:16:29,1.699965,101.537554,0,0,0,0,0,0,0,0,291,180,forward,0,0,263.0,1.700032091965286,101.53757976553248,0.7,92.0
13:16:31,1.699965,101.537554,0,0,0,0,0,0,0,0,291,180,forward,0,0,263.0,1.700032091965286,101.53757976553248,0.6,309.0
13:16:33,1.699965,101.537554,0,0,0,0,0,0,0,0,291,180,forward,0,0,263.0,1.700032091965286,101.53757976553248,0.6,55.0
13:16:35,1.699965,101.537555,0,0,0,0,0,0,0,0,291,180,forward,0,0,263.0,1.700032091965286,101.53758076553248,0.6,222.0
13:16:38,1.699966,101.537555,0,0,0,0,0,0,0,0,291,180,forward,0,0,263.0,1.7000330919652862,101.5375807655325,1.1,129.0
13:16:40,1.699966,101.537556,0,0,0,0,0,0,0,0,292,180,forward,0,0,263.0,1.7000326322742199,101.5375829330401,0.9,174.0
13:16:42,1.699966,101.537556,0,0,0,0,0,0,0,0,291,180,forward,0,0,263.0,1.7000330919652862,101.5375817655325,0.7,157.0
13:16:44,1.699967,101.537557,0,0,0,0,0,0,0,0,291,180,forward,0,0,263.0,1.700034091965286,101.53758276553252,0.8,150.0
13:16:46,1.699967,101.537557,0,0,0,0,0,0,0,0,291,180,forward,0,0,263.0,1.700034091965286,101.53758276553252,0.7,155.0
13:16:49,1.699967,101.537558,0,0,0,0,0,0,0,0,292,180,forward,0,0,263.0,1.7000336322742198,101.53758493304012,1.0,144.0
13:16:51,1.699968,101.537558,0,0,0,0,0,0,0,0,291,180,forward,0,0,263.0,1.700035091965286,101.53758376553253,0.6,224.0
13:16:53,1.699968,101.537558,0,0,0,0,0,0,0,0,292,180,forward,0,0,263.0,1.7000346322742197,101.53758493304014,0.7,7.0
13:16:55,1.699969,101.537558,0,0,0,0,0,0,0,0,291,180,forward,0,0,263.0,1.7000360919652862,101.53758376553255,1.1,23.0
13:16:57,1.699969,101.537558,0,0,0,0,0,0,0,0,291,180,forward,0,0,263.0,1.7000360919652862,101.53758376553255,1.1,82.0
13:17:00,1.699969,101.537558,0,0,0,0,0,0,0,0,291,180,forward,0,0,263.0,1.7000360919652862,101.53758376553255,0.9,112.0
13:17:02,1.69997,101.537558,0,0,0,0,0,0,0,0,291,180,forward,0,0,263.0,1.700037091965286,101.53758376553256,0.6,110.0
13:17:04,1.699971,101.537559,0,0,0,0,0,0,0,0,291,180,forward,0,0,263.0,1.700038091965286,101.53758476553257,0.8,30.0
13:17:06,1.699972,101.537559,0,0,0,0,0,0,0,0,291,180,forward,0,0,263.0,1.7000390919652861,101.53758476553259,1.0,301.0
13:17:08,1.699972,101.53756,0,0,0,0,0,0,0,0,291,180,forward,0,0,263.0,1.7000390919652861,101.53758576553258,1.2,260.0
13:17:11,1.699973,101.53756,0,0,0,0,0,0,0,0,291,180,forward,0,0,263.0,1.700040091965286,101.5375857655326,0.9,232.0
13:17:13,1.699973,101.53756,0,0,0,0,0,0,0,0,291,180,forward,0,0,263.0,1.700040091965286,101.5375857655326,0.6,195.0
13:17:15,1.699974,101.53756,0,0,0,0,0,0,0,0,291,180,forward,0,0,263.0,1.7000410919652862,101.5375857655326,0.4,187.0
13:17:17,1.699974,101.53756,0,0,0,0,0,0,0,0,291,180,forward,0,0,263.0,1.7000410919652862,101.5375857655326,0.6,271.0
13:17:19,1.699975,101.53756,0,0,0,0,0,0,0,0,291,180,forward,0,0,263.0,1.700042091965286,101.53758576553261,0.6,24.0
13:17:22,1.699976,101.53756,0,0,0,0,0,0,0,0,291,180,forward,0,0,263.0,1.700043091965286,101.53758576553263,1.0,26.0
13:17:24,1.699976,101.53756,0,0,0,0,0,0,0,0,291,180,forward,0,0,263.0,1.700043091965286,101.53758576553263,0.7,150.0
13:17:26,1.699977,101.53756,0,0,0,0,0,0,0,0,291,180,forward,0,0,263.0,1.7000440919652862,101.53758576553264,1.0,139.0
13:17:28,1.699978,101.53756,0,0,0,0,0,0,0,0,291,180,forward,0,0,263.0,1.700045091965286,101.53758576553265,0.8,114.0
13:17:30,1.699978,101.53756,0,0,0,0,0,0,0,0,291,180,forward,0,0,263.0,1.700045091965286,101.53758576553265,1.0,113.0
13:17:33,1.699979,101.53756,0,0,0,0,0,0,0,0,291,180,forward,0,0,263.0,1.700046091965286,101.53758576553267,1.1,161.0
13:17:35,1.69998,101.53756,0,0,0,0,0,0,0,0,291,180,forward,0,0,263.0,1.7000470919652861,101.53758576553268,0.9,111.0
13:17:37,1.69998,101.53756,0,0,0,0,0,0,0,0,290,180,forward,0,0,263.0,1.7000475312194903,101.53758459017664,0.8,39.0
13:17:39,1.69998,101.53756,0,0,0,0,0,0,0,0,291,180,forward,0,0,263.0,1.7000470919652861,101.53758576553268,0.6,359.0
13:17:41,1.69998,101.537561,0,0,0,0,0,0,0,0,290,180,forward,0,0,263.0,1.7000475312194903,101.53758559017663,0.3,334.0
13:17:43,1.69998,101.53756,0,0,0,0,0,0,0,0,291,180,forward,0,0,263.0,1.7000470919652861,101.53758576553268,1.2,25.0
13:17:46,1.69998,101.53756,0,0,0,0,0,0,0,0,291,180,forward,0,0,263.0,1.7000470919652861,101.53758576553268,1.1,70.0
13:17:48,1.69998,101.537559,0,0,0,0,0,0,0,0,290,180,forward,0,0,263.0,1.7000475312194903,101.53758359017664,1.2,115.0
13:17:50,1.699979,101.537559,0,0,0,0,0,0,0,0,290,180,forward,0,0,263.0,1.7000465312194901,101.53758359017662,1.1,137.0
13:17:52,1.699978,101.537558,0,0,0,0,0,0,0,0,290,180,forward,0,0,263.0,1.7000455312194902,101.53758259017663,0.7,117.0
13:17:54,1.699978,101.537557,0,0,0,0,0,0,0,0,291,180,forward,0,0,263.0,1.700045091965286,101.53758276553266,0.6,106.0
13:17:57,1.699977,101.537556,0,0,0,0,0,0,0,0,291,180,forward,0,0,263.0,1.7000440919652862,101.53758176553264,1.1,190.0
13:17:59,1.699977,101.537555,0,0,0,0,0,0,0,0,291,180,forward,0,0,263.0,1.7000440919652862,101.53758076553264,0.8,165.0
13:18:01,1.699976,101.537554,0,0,0,0,0,0,0,0,291,180,forward,0,0,263.0,1.700043091965286,101.53757976553263,0.7,143.0
13:18:03,1.699976,101.537553,0,0,0,0,0,0,0,0,291,180,forward,0,0,263.0,1.700043091965286,101.53757876553263,0.7,108.0
13:18:05,1.699976,101.537552,0,0,0,0,0,0,0,0,290,180,forward,0,0,263.0,1.7000435312194901,101.5375765901766,0.6,183.0
13:18:08,1.699976,101.537551,0,0,0,0,0,0,0,0,291,180,forward,0,0,263.0,1.700043091965286,101.53757676553262,0.6,196.0
13:18:10,1.699975,101.537551,0,0,0,0,0,0,0,0,290,180,forward,0,0,263.0,1.7000425312194902,101.53757559017657,0.8,110.0
13:18:12,1.699975,101.537551,0,0,0,0,0,0,0,0,290,180,forward,0,0,263.0,1.7000425312194902,101.53757559017657,0.5,0.0
13:18:14,1.699974,101.53755,0,0,0,0,0,0,0,0,290,180,forward,0,0,263.0,1.7000415312194903,101.53757459017656,1.4,225.0
13:18:16,1.699974,101.53755,0,0,0,0,0,0,0,0,290,180,forward,0,0,263.0,1.7000415312194903,101.53757459017656,1.5,110.0
13:18:19,1.699974,101.537549,0,0,0,0,0,0,0,0,291,180,forward,0,0,263.0,1.7000410919652862,101.5375747655326,1.1,148.0
13:18:21,1.699973,101.537549,0,0,0,0,0,0,0,0,291,180,forward,0,0,263.0,1.700040091965286,101.5375747655326,1.0,78.0
13:18:23,1.699973,101.537548,0,0,0,0,0,0,0,0,290,180,forward,0,0,263.0,1.7000405312194902,101.53757259017655,0.9,72.0
13:18:25,1.699973,101.537548,0,0,0,0,0,0,0,0,290,180,forward,0,0,263.0,1.7000405312194902,101.53757259017655,0.6,247.0
13:18:27,1.699973,101.537547,0,0,0,0,0,0,0,0,290,180,forward,0,0,263.0,1.7000405312194902,101.53757159017655,0.6,84.0
13:18:30,1.699972,101.537547,0,0,0,0,0,0,0,0,290,180,forward,0,0,263.0,1.7000395312194903,101.53757159017654,0.6,106.0
13:18:32,1.699972,101.537546,0,0,0,0,0,0,0,0,291,180,forward,0,0,263.0,1.7000390919652861,101.53757176553259,0.8,107.0
13:18:34,1.699972,101.537546,0,0,0,0,0,0,0,0,291,180,forward,0,0,263.0,1.7000390919652861,101.53757176553259,0.6,339.0
13:18:36,1.699971,101.537546,0,0,0,0,0,0,0,0,291,180,forward,0,0,263.0,1.700038091965286,101.53757176553258,0.7,127.0
13:18:38,1.699971,101.537545,0,0,0,0,0,0,0,0,290,180,forward,0,0,263.0,1.7000385312194901,101.53756959017652,1.0,189.0
13:18:41,1.699971,101.537545,0,0,0,0,0,0,0,0,291,180,forward,0,0,263.0,1.700038091965286,101.53757076553256,1.0,157.0
13:18:43,1.69997,101.537544,0,0,0,0,0,0,0,0,290,180,forward,0,0,263.0,1.7000375312194902,101.5375685901765,0.6,141.0
13:18:45,1.69997,101.537544,0,0,0,0,0,0,0,0,290,180,forward,0,0,263.0,1.7000375312194902,101.5375685901765,1.1,340.0
13:18:47,1.699969,101.537543,0,0,0,0,0,0,0,0,290,180,forward,0,0,263.0,1.7000365312194903,101.5375675901765,0.5,359.0
13:18:49,1.699969,101.537543,0,0,0,0,0,0,0,0,290,180,forward,0,0,263.0,1.7000365312194903,101.5375675901765,0.4,73.0
13:18:52,1.699969,101.537543,0,0,0,0,0,0,0,0,291,180,forward,0,0,263.0,1.7000360919652862,101.53756876553254,0.1,19.0
13:18:54,1.699969,101.537543,0,0,0,0,0,0,0,0,291,180,forward,0,0,263.0,1.7000360919652862,101.53756876553254,0.2,107.0
13:18:56,1.699969,101.537543,0,0,0,0,0,0,0,0,291,180,forward,0,0,263.0,1.7000360919652862,101.53756876553254,0.0,103.0
13:18:58,1.699969,101.537543,0,0,0,0,0,0,0,0,291,180,forward,0,0,263.0,1.7000360919652862,101.53756876553254,0.0,94.0
13:19:00,1.699969,101.537543,0,0,0,0,0,0,0,0,290,180,forward,0,0,263.0,1.7000365312194903,101.5375675901765,0.3,76.0
13:19:03,1.699969,101.537543,0,0,0,0,0,0,0,0,291,180,forward,0,0,263.0,1.7000360919652862,101.53756876553254,0.2,174.0
13:19:05,1.699969,101.537543,0,0,0,0,0,0,0,0,291,180,forward,0,0,263.0,1.7000360919652862,101.53756876553254,0.0,157.0
13:19:07,1.699969,101.537544,0,0,0,0,0,0,0,0,291,180,forward,0,0,263.0,1.7000360919652862,101.53756976553254,0.0,139.0
13:19:09,1.699969,101.537544,0,0,0,0,0,0,0,0,291,180,forward,0,0,263.0,1.7000360919652862,101.53756976553254,0.0,153.0
13:19:11,1.699969,101.537544,0,0,0,0,0,0,0,0,291,180,forward,0,0,263.0,1.7000360919652862,101.53756976553254,0.1,157.0
13:19:14,1.699969,101.537544,0,0,0,0,0,0,0,0,291,180,forward,0,0,263.0,1.7000360919652862,101.53756976553254,0.0,150.0
13:19:16,1.699969,101.537544,0,0,0,0,0,0,0,0,291,180,forward,0,0,263.0,1.7000360919652862,101.53756976553254,0.1,172.0
13:19:18,1.699969,101.537544,0,0,0,0,0,0,0,0,291,180,forward,0,0,263.0,1.7000360919652862,101.53756976553254,0.2,179.0
13:19:20,1.699969,101.537544,0,0,0,0,0,0,0,0,291,180,forward,0,0,263.0,1.7000360919652862,101.53756976553254,0.4,95.0
13:19:22,1.69997,101.537544,0,0,0,0,0,0,0,0,291,180,forward,0,0,263.0,1.700037091965286,101.53756976553255,0.6,146.0
13:19:25,1.69997,101.537544,0,0,0,0,0,0,0,0,291,180,forward,0,0,263.0,1.700037091965286,101.53756976553255,0.2,140.0
13:19:27,1.69997,101.537544,0,0,0,0,0,0,0,0,291,180,forward,0,0,263.0,1.700037091965286,101.53756976553255,0.5,172.0
13:19:29,1.69997,101.537544,0,0,0,0,0,0,0,0,291,180,forward,0,0,263.0,1.700037091965286,101.53756976553255,0.5,161.0
13:19:31,1.69997,101.537544,0,0,0,0,0,0,0,0,291,180,forward,0,0,263.0,1.700037091965286,101.53756976553255,0.9,359.0
13:19:33,1.69997,101.537543,0,0,0,0,0,0,0,0,291,180,forward,0,0,263.0,1.700037091965286,101.53756876553255,0.5,231.0
13:19:36,1.699971,101.537543,0,0,0,0,0,0,0,0,291,180,forward,0,0,263.0,1.700038091965286,101.53756876553257,0.8,161.0
13:19:38,1.699971,101.537543,0,0,0,0,0,0,0,0,291,180,forward,0,0,263.0,1.700038091965286,101.53756876553257,0.9,160.0
13:19:40,1.699971,101.537542,0,0,0,0,0,0,0,0,291,180,forward,0,0,263.0,1.700038091965286,101.53756776553257,0.6,157.0
13:19:42,1.699971,101.537542,0,0,0,0,0,0,0,0,291,180,forward,0,0,263.0,1.700038091965286,101.53756776553257,0.6,158.0
13:19:44,1.699971,101.537542,0,0,0,0,0,0,0,0,291,180,forward,0,0,263.0,1.700038091965286,101.53756776553257,0.0,160.0
13:19:47,1.699971,101.537542,0,0,0,0,0,0,0,0,291,180,forward,0,0,263.0,1.700038091965286,101.53756776553257,0.7,143.0
13:19:49,1.699971,101.537542,0,0,0,0,0,0,0,0,290,180,forward,0,0,263.0,1.7000385312194901,101.53756659017652,0.5,168.0
13:19:51,1.699971,101.537542,0,0,0,0,0,0,0,0,290,180,forward,0,0,263.0,1.7000385312194901,101.53756659017652,0.8,155.0
13:19:53,1.699971,101.537541,0,0,0,0,0,0,0,0,291,180,forward,0,0,263.0,1.700038091965286,101.53756676553257,0.9,213.0
13:19:55,1.699971,101.537541,0,0,0,0,0,0,0,0,291,180,forward,0,0,263.0,1.700038091965286,101.53756676553257,1.0,345.0
13:19:58,1.699971,101.537542,0,0,0,0,0,0,0,0,291,180,forward,0,0,263.0,1.700038091965286,101.53756776553257,1.4,48.0
13:20:00,1.699971,101.537542,0,0,0,0,0,0,0,0,291,180,forward,0,0,263.0,1.700038091965286,101.53756776553257,1.3,115.0
13:20:02,1.699971,101.537542,0,0,0,0,0,0,0,0,291,180,forward,0,0,263.0,1.700038091965286,101.53756776553257,0.9,120.0
13:20:04,1.699971,101.537541,0,0,0,0,0,0,0,0,292,180,forward,0,0,263.0,1.7000376322742197,101.53756793304018,0.9,88.0
13:20:06,1.699971,101.537541,0,0,0,0,0,0,0,0,291,180,forward,0,0,263.0,1.700038091965286,101.53756676553257,0.6,110.0
13:20:09,1.69997,101.537541,0,0,0,0,0,0,0,0,290,180,forward,0,0,263.0,1.7000375312194902,101.53756559017651,0.4,97.0
13:20:11,1.69997,101.537541,0,0,0,0,0,0,0,0,291,180,forward,0,0,263.0,1.700037091965286,101.53756676553256,0.6,110.0
13:20:13,1.69997,101.537541,0,0,0,0,0,0,0,0,291,180,forward,0,0,263.0,1.700037091965286,101.53756676553256,0.0,156.0
13:20:15,1.69997,101.537541,0,0,0,0,0,0,0,0,291,180,forward,0,0,263.0,1.700037091965286,101.53756676553256,0.3,207.0
13:20:17,1.69997,101.537541,0,0,0,0,0,0,0,0,291,180,forward,0,0,263.0,1.700037091965286,101.53756676553256,0.1,351.0
13:20:20,1.699969,101.537541,0,0,0,0,0,0,0,0,291,180,forward,0,0,263.0,1.7000360919652862,101.53756676553255,0.0,149.0
13:20:22,1.699969,101.537541,0,0,0,0,0,0,0,0,291,180,forward,0,0,263.0,1.7000360919652862,101.53756676553255,0.2,163.0
13:20:24,1.699969,101.537541,0,0,0,0,0,0,0,0,291,180,forward,0,0,263.0,1.7000360919652862,101.53756676553255,0.9,17.0
13:20:26,1.699969,101.537541,0,0,0,0,0,0,0,0,291,180,forward,0,0,263.0,1.7000360919652862,101.53756676553255,0.7,228.0
13:20:28,1.699969,101.537541,0,0,0,0,0,0,0,0,291,180,forward,0,0,263.0,1.7000360919652862,101.53756676553255,0.7,110.0
13:20:31,1.699969,101.537541,0,0,0,0,0,0,0,0,291,180,forward,0,0,263.0,1.7000360919652862,101.53756676553255,1.1,234.0
13:20:33,1.699969,101.537541,0,0,0,0,0,0,0,0,291,180,forward,0,0,263.0,1.7000360919652862,101.53756676553255,1.4,10.0
13:20:35,1.699969,101.537541,0,0,0,0,0,0,0,0,291,180,forward,0,0,263.0,1.7000360919652862,101.53756676553255,1.2,125.0
13:20:37,1.699969,101.537542,0,0,0,0,0,0,0,0,291,180,forward,0,0,263.0,1.7000360919652862,101.53756776553254,1.0,294.0
13:20:39,1.699968,101.537542,0,0,0,0,0,0,0,0,291,180,forward,0,0,263.0,1.700035091965286,101.53756776553253,0.9,85.0
13:20:42,1.699968,101.537542,0,0,0,0,0,0,0,0,291,180,forward,0,0,263.0,1.700035091965286,101.53756776553253,0.9,99.0
13:20:44,1.699968,101.537542,0,0,0,0,0,0,0,0,291,180,forward,0,0,263.0,1.700035091965286,101.53756776553253,0.7,115.0
13:20:46,1.699968,101.537543,0,0,0,0,0,0,0,0,291,180,forward,0,0,263.0,1.700035091965286,101.53756876553253,0.5,111.0
13:20:48,1.699968,101.537543,0,0,0,0,0,0,0,0,291,180,forward,0,0,263.0,1.700035091965286,101.53756876553253,0.7,199.0
13:20:50,1.699968,101.537543,0,0,0,0,0,0,0,0,291,180,forward,0,0,263.0,1.700035091965286,101.53756876553253,0.6,110.0
13:20:53,1.699968,101.537543,0,0,0,0,0,0,0,0,291,180,forward,0,0,263.0,1.700035091965286,101.53756876553253,0.8,144.0
13:20:55,1.699967,101.537543,0,0,0,0,0,0,0,0,291,180,forward,0,0,263.0,1.700034091965286,101.53756876553251,0.8,129.0
13:20:57,1.699966,101.537544,0,0,0,0,0,0,0,0,291,180,forward,0,0,263.0,1.7000330919652862,101.5375697655325,0.7,68.0
13:20:59,1.699966,101.537544,0,0,0,0,0,0,0,0,291,180,forward,0,0,263.0,1.7000330919652862,101.5375697655325,0.9,186.0
13:21:01,1.699966,101.537544,0,0,0,0,0,0,0,0,290,180,forward,0,0,263.0,1.7000335312194903,101.53756859017646,0.7,136.0
13:21:04,1.699966,101.537544,0,0,0,0,0,0,0,0,290,180,forward,0,0,263.0,1.7000335312194903,101.53756859017646,0.7,166.0
13:21:06,1.699967,101.537545,0,0,0,0,0,0,0,0,291,180,forward,0,0,263.0,1.700034091965286,101.53757076553251,0.8,188.0
13:21:08,1.699967,101.537545,0,0,0,0,0,0,0,0,291,180,forward,0,0,263.0,1.700034091965286,101.53757076553251,0.6,159.0
13:21:10,1.699967,101.537546,0,0,0,0,0,0,0,0,291,180,forward,0,0,263.0,1.700034091965286,101.53757176553252,0.6,144.0
13:21:12,1.699968,101.537546,0,0,0,0,0,0,0,0,291,180,forward,0,0,263.0,1.700035091965286,101.53757176553253,0.5,66.0
13:21:15,1.699968,101.537547,0,0,0,0,0,0,0,0,290,180,forward,0,0,263.0,1.7000355312194901,101.5375715901765,0.6,163.0
13:21:17,1.699968,101.537547,0,0,0,0,0,0,0,0,291,180,forward,0,0,263.0,1.700035091965286,101.53757276553253,0.0,69.0
13:21:19,1.699969,101.537548,0,0,0,0,0,0,0,0,291,180,forward,0,0,263.0,1.7000360919652862,101.53757376553254,0.1,164.0
13:21:21,1.699969,101.537548,0,0,0,0,0,0,0,0,291,180,forward,0,0,263.0,1.7000360919652862,101.53757376553254,0.1,148.0
13:21:23,1.699969,101.537548,0,0,0,0,0,0,0,0,291,180,forward,0,0,263.0,1.7000360919652862,101.53757376553254,0.2,89.0
13:21:25,1.69997,101.537549,0,0,0,0,0,0,0,0,291,180,forward,0,0,263.0,1.700037091965286,101.53757476553255,0.0,135.0
13:21:27,1.69997,101.537549,0,0,0,0,0,0,0,0,291,180,forward,0,0,263.0,1.700037091965286,101.53757476553255,0.1,73.0
13:21:29,1.699971,101.53755,0,0,0,0,0,0,0,0,291,180,forward,0,0,263.0,1.700038091965286,101.53757576553257,0.1,163.0
13:21:31,1.699971,101.53755,0,0,0,0,0,0,0,0,291,180,forward,0,0,263.0,1.700038091965286,101.53757576553257,0.6,342.0
13:21:34,1.699971,101.53755,0,0,0,0,0,0,0,0,291,180,forward,0,0,263.0,1.700038091965286,101.53757576553257,0.6,111.0
13:21:36,1.699971,101.53755,0,0,0,0,0,0,0,0,291,180,forward,0,0,263.0,1.700038091965286,101.53757576553257,0.8,205.0
13:21:38,1.699971,101.53755,0,0,0,0,0,0,0,0,291,180,forward,0,0,263.0,1.700038091965286,101.53757576553257,0.8,74.0
13:21:40,1.699972,101.537551,0,0,0,0,0,0,0,0,291,180,forward,0,0,263.0,1.7000390919652861,101.53757676553258,1.1,78.0
13:21:42,1.699972,101.53755,0,0,0,0,0,0,0,0,291,180,forward,0,0,263.0,1.7000390919652861,101.53757576553258,0.9,107.0
13:21:44,1.699972,101.53755,0,0,0,0,0,0,0,0,291,180,forward,0,0,263.0,1.7000390919652861,101.53757576553258,1.0,305.0
13:21:46,1.699972,101.53755,0,0,0,0,0,0,0,0,290,180,forward,0,0,263.0,1.7000395312194903,101.53757459017653,1.4,52.0
13:21:49,1.699972,101.53755,0,0,0,0,0,0,0,0,290,180,forward,0,0,263.0,1.7000395312194903,101.53757459017653,1.0,14.0
13:21:51,1.699972,101.53755,0,0,0,0,0,0,0,0,291,180,forward,0,0,263.0,1.7000390919652861,101.53757576553258,0.7,14.0
13:21:53,1.699972,101.53755,0,0,0,0,0,0,0,0,291,180,forward,0,0,263.0,1.7000390919652861,101.53757576553258,0.6,93.0
13:21:55,1.699973,101.537549,0,0,0,0,0,0,0,0,291,180,forward,0,0,263.0,1.700040091965286,101.5375747655326,0.6,145.0
13:21:57,1.699973,101.537549,0,0,0,0,0,0,0,0,290,180,forward,0,0,263.0,1.7000405312194902,101.53757359017655,0.6,142.0
13:22:00,1.699974,101.537549,0,0,0,0,0,0,0,0,291,180,forward,0,0,263.0,1.7000410919652862,101.5375747655326,0.6,147.0
13:22:02,1.699974,101.537549,0,0,0,0,0,0,0,0,290,180,forward,0,0,263.0,1.7000415312194903,101.53757359017656,0.2,144.0
13:22:04,1.699974,101.537549,0,0,0,0,0,0,0,0,291,180,forward,0,0,263.0,1.7000410919652862,101.5375747655326,0.2,144.0
13:22:06,1.699974,101.537549,0,0,0,0,0,0,0,0,291,180,forward,0,0,263.0,1.7000410919652862,101.5375747655326,0.3,166.0
13:22:08,1.699974,101.537549,0,0,0,0,0,0,0,0,290,180,forward,0,0,263.0,1.7000415312194903,101.53757359017656,0.3,166.0
13:22:11,1.699974,101.537549,0,0,0,0,0,0,0,0,291,180,forward,0,0,263.0,1.7000410919652862,101.5375747655326,0.5,174.0
13:22:13,1.699974,101.53755,0,0,0,0,0,0,0,0,291,180,forward,0,0,263.0,1.7000410919652862,101.5375757655326,0.0,161.0
13:22:15,1.699974,101.53755,0,0,0,0,0,0,0,0,290,180,forward,0,0,263.0,1.7000415312194903,101.53757459017656,0.2,170.0
13:22:17,1.699974,101.53755,0,0,0,0,0,0,0,0,291,180,forward,0,0,263.0,1.7000410919652862,101.5375757655326,0.0,170.0
13:22:19,1.699975,101.537551,0,0,0,0,0,0,0,0,291,180,forward,0,0,263.0,1.700042091965286,101.5375767655326,0.0,144.0
13:22:22,1.699975,101.537551,0,0,0,0,0,0,0,0,290,180,forward,0,0,263.0,1.7000425312194902,101.53757559017657,0.1,171.0
13:22:24,1.699976,101.537552,0,0,0,0,0,0,0,0,291,180,forward,0,0,263.0,1.700043091965286,101.53757776553263,0.1,128.0
13:22:26,1.699976,101.537552,0,0,0,0,0,0,0,0,291,180,forward,0,0,263.0,1.700043091965286,101.53757776553263,0.1,196.0
13:22:28,1.699976,101.537553,0,0,0,0,0,0,0,0,291,180,forward,0,0,263.0,1.700043091965286,101.53757876553263,0.1,110.0
13:22:30,1.699977,101.537554,0,0,0,0,0,0,0,0,291,180,forward,0,0,263.0,1.7000440919652862,101.53757976553264,0.1,168.0
13:22:33,1.699977,101.537554,0,0,0,0,0,0,0,0,291,180,forward,0,0,263.0,1.7000440919652862,101.53757976553264,0.0,330.0
13:22:35,1.699977,101.537555,0,0,0,0,0,0,0,0,291,180,forward,0,0,263.0,1.7000440919652862,101.53758076553264,0.0,4.0
13:22:37,1.699977,101.537555,0,0,0,0,0,0,0,0,291,180,forward,0,0,263.0,1.7000440919652862,101.53758076553264,0.1,135.0
13:22:39,1.699977,101.537556,0,0,0,0,0,0,0,0,291,180,forward,0,0,263.0,1.7000440919652862,101.53758176553264,0.1,172.0
13:22:41,1.699977,101.537556,0,0,0,0,0,0,0,0,291,180,forward,0,0,263.0,1.7000440919652862,101.53758176553264,0.0,111.0
13:22:44,1.699977,101.537556,0,0,0,0,0,0,0,0,291,180,forward,0,0,263.0,1.7000440919652862,101.53758176553264,0.0,87.0
13:22:46,1.699977,101.537557,0,0,0,0,0,0,0,0,291,180,forward,0,0,263.0,1.7000440919652862,101.53758276553265,0.0,303.0
13:22:48,1.699977,101.537557,0,0,0,0,0,0,0,0,291,180,forward,0,0,263.0,1.7000440919652862,101.53758276553265,0.3,232.0
13:22:50,1.699976,101.537557,0,0,0,0,0,0,0,0,291,180,forward,0,0,263.0,1.700043091965286,101.53758276553263,0.5,216.0
13:22:52,1.699976,101.537558,0,0,0,0,0,0,0,0,291,180,forward,0,0,263.0,1.700043091965286,101.53758376553263,0.7,262.0
13:22:55,1.699976,101.537558,0,0,0,0,0,0,0,0,291,180,forward,0,0,263.0,1.700043091965286,101.53758376553263,0.6,297.0
13:22:57,1.699976,101.537558,0,0,0,0,0,0,0,0,291,180,forward,0,0,263.0,1.700043091965286,101.53758376553263,0.7,308.0
13:22:59,1.699976,101.537558,0,0,0,0,0,0,0,0,291,180,forward,0,0,263.0,1.700043091965286,101.53758376553263,0.5,227.0
13:23:01,1.699976,101.537558,0,0,0,0,0,0,0,0,291,180,forward,0,0,263.0,1.700043091965286,101.53758376553263,0.6,215.0
13:23:03,1.699976,101.537558,0,0,0,0,0,0,0,0,291,180,forward,0,0,263.0,1.700043091965286,101.53758376553263,0.6,163.0
13:23:06,1.699977,101.537559,0,0,0,0,0,0,0,0,291,180,forward,0,0,263.0,1.7000440919652862,101.53758476553264,0.9,136.0
13:23:08,1.699977,101.537559,0,0,0,0,0,0,0,0,291,180,forward,0,0,263.0,1.7000440919652862,101.53758476553264,1.1,137.0
13:23:10,1.699978,101.537559,0,0,0,0,0,0,0,0,291,180,forward,0,0,263.0,1.700045091965286,101.53758476553266,1.1,113.0
13:23:12,1.699979,101.53756,0,0,0,0,0,0,0,0,291,180,forward,0,0,263.0,1.700046091965286,101.53758576553267,0.9,121.0
13:23:14,1.699979,101.53756,0,0,0,0,0,0,0,0,290,180,forward,0,0,263.0,1.7000465312194901,101.53758459017662,0.6,152.0
13:23:17,1.69998,101.537561,0,0,0,0,0,0,0,0,291,180,forward,0,0,263.0,1.7000470919652861,101.53758676553268,0.6,189.0
13:23:19,1.69998,101.537561,0,0,0,0,0,0,0,0,291,180,forward,0,0,263.0,1.7000470919652861,101.53758676553268,0.0,183.0
13:23:21,1.699981,101.537562,0,0,0,0,0,0,0,0,292,180,forward,0,0,263.0,1.7000476322742197,101.53758893304031,0.1,152.0
13:23:23,1.699981,101.537562,0,0,0,0,0,0,0,0,291,180,forward,0,0,263.0,1.700048091965286,101.53758776553269,0.5,147.0
13:23:25,1.699981,101.537562,0,0,0,0,0,0,0,0,291,180,forward,0,0,263.0,1.700048091965286,101.53758776553269,0.2,8.0
13:23:28,1.699982,101.537562,0,0,0,0,0,0,0,0,291,180,forward,0,0,263.0,1.7000490919652862,101.5375877655327,1.0,189.0
13:23:30,1.699982,101.537563,0,0,0,0,0,0,0,0,291,180,forward,0,0,263.0,1.7000490919652862,101.53758876553272,1.2,167.0
13:23:32,1.699982,101.537563,0,0,0,0,0,0,0,0,290,180,forward,0,0,263.0,1.7000495312194903,101.53758759017667,0.7,172.0
13:23:34,1.699982,101.537563,0,0,0,0,0,0,0,0,291,180,forward,0,0,263.0,1.7000490919652862,101.53758876553272,0.8,287.0
13:23:36,1.699981,101.537563,0,0,0,0,0,0,0,0,290,180,forward,0,0,263.0,1.7000485312194902,101.53758759017666,1.0,245.0
13:23:39,1.699981,101.537562,0,0,0,0,0,0,0,0,291,180,forward,0,0,263.0,1.700048091965286,101.53758776553269,0.9,62.0
13:23:41,1.699981,101.537562,0,0,0,0,0,0,0,0,291,180,forward,0,0,263.0,1.700048091965286,101.53758776553269,1.0,114.0
13:23:43,1.699981,101.537561,0,0,0,0,0,0,0,0,291,180,forward,0,0,263.0,1.700048091965286,101.5375867655327,0.8,86.0
13:23:45,1.699981,101.537561,0,0,0,0,0,0,0,0,290,180,forward,0,0,263.0,1.7000485312194902,101.53758559017665,0.6,52.0
13:23:47,1.699981,101.537561,0,0,0,0,0,0,0,0,290,180,forward,0,0,263.0,1.7000485312194902,101.53758559017665,0.3,352.0
13:23:50,1.69998,101.53756,0,0,0,0,0,0,0,0,291,180,forward,0,0,263.0,1.7000470919652861,101.53758576553268,0.5,38.0
13:23:52,1.69998,101.53756,0,0,0,0,0,0,0,0,291,180,forward,0,0,263.0,1.7000470919652861,101.53758576553268,0.4,173.0
13:23:54,1.69998,101.537559,0,0,0,0,0,0,0,0,290,180,forward,0,0,263.0,1.7000475312194903,101.53758359017664,0.6,184.0
13:23:56,1.69998,101.537559,0,0,0,0,0,0,0,0,291,180,forward,0,0,263.0,1.7000470919652861,101.53758476553269,0.8,93.0
13:23:58,1.69998,101.537557,0,0,0,0,0,0,0,0,291,180,forward,0,0,263.0,1.7000470919652861,101.53758276553269,0.9,278.0
13:24:01,1.69998,101.537556,0,0,0,0,0,0,0,0,291,180,forward,0,0,263.0,1.7000470919652861,101.53758176553268,1.2,286.0
13:24:03,1.69998,101.537555,0,0,0,0,0,0,0,0,290,180,forward,0,0,263.0,1.7000475312194903,101.53757959017663,1.0,110.0
13:24:05,1.69998,101.537554,0,0,0,0,0,0,0,0,290,180,forward,0,0,263.0,1.7000475312194903,101.53757859017664,1.0,121.0
13:24:07,1.699979,101.537554,0,0,0,0,0,0,0,0,290,180,forward,0,0,263.0,1.7000465312194901,101.53757859017662,0.8,102.0
13:24:09,1.699979,101.537553,0,0,0,0,0,0,0,0,290,180,forward,0,0,263.0,1.7000465312194901,101.53757759017662,0.8,110.0
13:24:12,1.699979,101.537552,0,0,0,0,0,0,0,0,290,180,forward,0,0,263.0,1.7000465312194901,101.53757659017663,0.6,270.0
13:24:14,1.699979,101.537551,0,0,0,0,0,0,0,0,291,180,forward,0,0,263.0,1.700046091965286,101.53757676553266,0.6,143.0
13:24:16,1.699979,101.53755,0,0,0,0,0,0,0,0,290,180,forward,0,0,263.0,1.7000465312194901,101.53757459017662,0.3,1.0
13:24:18,1.699979,101.537549,0,0,0,0,0,0,0,0,291,180,forward,0,0,263.0,1.700046091965286,101.53757476553267,0.2,85.0
13:24:20,1.699979,101.537549,0,0,0,0,0,0,0,0,291,180,forward,0,0,263.0,1.700046091965286,101.53757476553267,0.1,114.0
13:24:23,1.699979,101.537549,0,0,0,0,0,0,0,0,290,180,forward,0,0,263.0,1.7000465312194901,101.53757359017662,0.6,197.0
13:24:25,1.699979,101.537548,0,0,0,0,0,0,0,0,291,180,forward,0,0,263.0,1.700046091965286,101.53757376553267,0.8,256.0
13:24:27,1.699979,101.537548,0,0,0,0,0,0,0,0,290,180,forward,0,0,263.0,1.7000465312194901,101.53757259017662,0.4,241.0
13:24:29,1.699979,101.537549,0,0,0,0,0,0,0,0,290,180,forward,0,0,263.0,1.7000465312194901,101.53757359017662,0.2,189.0
13:24:31,1.699979,101.537549,0,0,0,0,0,0,0,0,291,180,forward,0,0,263.0,1.700046091965286,101.53757476553267,0.3,175.0
13:24:34,1.699979,101.537549,0,0,0,0,0,0,0,0,290,180,forward,0,0,263.0,1.7000465312194901,101.53757359017662,0.6,277.0
13:24:36,1.699979,101.537549,0,0,0,0,0,0,0,0,290,180,forward,0,0,263.0,1.7000465312194901,101.53757359017662,0.6,170.0
13:24:38,1.699979,101.537549,0,0,0,0,0,0,0,0,290,180,forward,0,0,263.0,1.7000465312194901,101.53757359017662,0.6,280.0
13:24:40,1.699979,101.537548,0,0,0,0,0,0,0,0,289,180,forward,0,0,263.0,1.7000469499030302,101.53757140733018,0.3,194.0
13:24:42,1.699979,101.537548,0,0,0,0,0,0,0,0,290,180,forward,0,0,263.0,1.7000465312194901,101.53757259017662,0.0,207.0
13:24:44,1.699979,101.537548,0,0,0,0,0,0,0,0,290,180,forward,0,0,263.0,1.7000465312194901,101.53757259017662,0.0,249.0
13:24:47,1.699979,101.537548,0,0,0,0,0,0,0,0,290,180,forward,0,0,263.0,1.7000465312194901,101.53757259017662,0.0,205.0
13:24:49,1.699979,101.537548,0,0,0,0,0,0,0,0,290,180,forward,0,0,263.0,1.7000465312194901,101.53757259017662,0.6,225.0
13:24:51,1.699979,101.537548,0,0,0,0,0,0,0,0,290,180,forward,0,0,263.0,1.7000465312194901,101.53757259017662,0.6,187.0
13:24:53,1.69998,101.537548,0,0,0,0,0,0,0,0,291,180,forward,0,0,263.0,1.7000470919652861,101.53757376553268,0.9,232.0
13:24:55,1.69998,101.537548,0,0,0,0,0,0,0,0,290,180,forward,0,0,263.0,1.7000475312194903,101.53757259017664,1.1,205.0
13:24:58,1.69998,101.537548,0,0,0,0,0,0,0,0,290,180,forward,0,0,263.0,1.7000475312194903,101.53757259017664,0.6,164.0
13:25:00,1.69998,101.537548,0,0,0,0,0,0,0,0,290,180,forward,0,0,263.0,1.7000475312194903,101.53757259017664,1.1,316.0
13:25:02,1.699981,101.537548,0,0,0,0,0,0,0,0,290,180,forward,0,0,263.0,1.7000485312194902,101.53757259017665,1.0,207.0
13:25:04,1.699981,101.537548,0,0,0,0,0,0,0,0,291,180,forward,0,0,263.0,1.700048091965286,101.5375737655327,0.6,215.0
13:25:06,1.699981,101.537548,0,0,0,0,0,0,0,0,290,180,forward,0,0,263.0,1.7000485312194902,101.53757259017665,0.5,253.0
13:25:08,1.69998,101.537548,0,0,0,0,0,0,0,0,290,180,forward,0,0,263.0,1.7000475312194903,101.53757259017664,0.6,141.0
13:25:10,1.69998,101.537548,0,0,0,0,0,0,0,0,290,180,forward,0,0,263.0,1.7000475312194903,101.53757259017664,0.3,271.0
13:25:13,1.69998,101.537548,0,0,0,0,0,0,0,0,290,180,forward,0,0,263.0,1.7000475312194903,101.53757259017664,0.6,359.0
13:25:15,1.699979,101.537548,0,0,0,0,0,0,0,0,290,180,forward,0,0,263.0,1.7000465312194901,101.53757259017662,0.6,1.0
13:25:17,1.699979,101.537548,0,0,0,0,0,0,0,0,290,180,forward,0,0,263.0,1.7000465312194901,101.53757259017662,0.4,336.0
13:25:19,1.699978,101.537548,0,0,0,0,0,0,0,0,290,180,forward,0,0,263.0,1.7000455312194902,101.53757259017662,0.2,337.0
13:25:21,1.699977,101.537549,0,0,0,0,0,0,0,0,290,180,forward,0,0,263.0,1.7000445312194903,101.5375735901766,0.1,246.0
13:25:23,1.699977,101.537549,0,0,0,0,0,0,0,0,290,180,forward,0,0,263.0,1.7000445312194903,101.5375735901766,0.3,167.0
13:25:26,1.699977,101.537549,0,0,0,0,0,0,0,0,290,180,forward,0,0,263.0,1.7000445312194903,101.5375735901766,0.0,283.0
13:25:28,1.699976,101.537549,0,0,0,0,0,0,0,0,290,180,forward,0,0,263.0,1.7000435312194901,101.53757359017659,0.0,349.0
13:25:30,1.699976,101.53755,0,0,0,0,0,0,0,0,290,180,forward,0,0,263.0,1.7000435312194901,101.53757459017659,0.2,290.0
13:25:32,1.699976,101.53755,0,0,0,0,0,0,0,0,290,180,forward,0,0,263.0,1.7000435312194901,101.53757459017659,0.0,311.0
13:25:34,1.699976,101.537551,0,0,0,0,0,0,0,0,290,180,forward,0,0,263.0,1.7000435312194901,101.53757559017659,0.1,320.0
13:25:36,1.699976,101.537551,0,0,0,0,0,0,0,0,290,180,forward,0,0,263.0,1.7000435312194901,101.53757559017659,0.1,180.0
13:25:39,1.699976,101.537551,0,0,0,0,0,0,0,0,290,180,forward,0,0,263.0,1.7000435312194901,101.53757559017659,0.0,158.0
13:25:41,1.699976,101.537552,0,0,0,0,0,0,0,0,290,180,forward,0,0,263.0,1.7000435312194901,101.5375765901766,0.0,208.0
13:25:43,1.699977,101.537552,0,0,0,0,0,0,0,0,290,180,forward,0,0,263.0,1.7000445312194903,101.53757659017661,0.0,199.0
13:25:45,1.699977,101.537552,0,0,0,0,0,0,0,0,290,180,forward,0,0,263.0,1.7000445312194903,101.53757659017661,0.0,197.0
13:25:47,1.699978,101.537552,0,0,0,0,0,0,0,0,291,180,forward,0,0,263.0,1.700045091965286,101.53757776553266,0.8,314.0
13:25:50,1.699979,101.537553,0,0,0,0,0,0,0,0,290,180,forward,0,0,263.0,1.7000465312194901,101.53757759017662,0.7,328.0
13:25:52,1.699979,101.537553,0,0,0,0,0,0,0,0,290,180,forward,0,0,263.0,1.7000465312194901,101.53757759017662,0.7,351.0
13:25:54,1.699979,101.537553,0,0,0,0,0,0,0,0,290,180,forward,0,0,263.0,1.7000465312194901,101.53757759017662,0.6,330.0
13:25:56,1.69998,101.537552,0,0,0,0,0,0,0,0,290,180,forward,0,0,263.0,1.7000475312194903,101.53757659017664,0.1,295.0
13:25:58,1.699979,101.537552,0,0,0,0,0,0,0,0,290,180,forward,0,0,263.0,1.7000465312194901,101.53757659017663,0.6,350.0
13:26:01,1.699979,101.537552,0,0,0,0,0,0,0,0,290,180,forward,0,0,263.0,1.7000465312194901,101.53757659017663,0.5,320.0
13:26:03,1.699979,101.537552,0,0,0,0,0,0,0,0,290,180,forward,0,0,263.0,1.7000465312194901,101.53757659017663,0.5,297.0
13:26:05,1.699979,101.537552,0,0,0,0,0,0,0,0,290,180,forward,0,0,263.0,1.7000465312194901,101.53757659017663,0.3,322.0
13:26:07,1.699979,101.537551,0,0,0,0,0,0,0,0,290,180,forward,0,0,263.0,1.7000465312194901,101.53757559017662,0.2,310.0
13:26:09,1.699979,101.537551,0,0,0,0,0,0,0,0,290,180,forward,0,0,263.0,1.7000465312194901,101.53757559017662,0.2,14.0
13:26:12,1.699979,101.53755,0,0,0,0,0,0,0,0,290,180,forward,0,0,263.0,1.7000465312194901,101.53757459017662,0.0,299.0
13:26:14,1.699979,101.53755,0,0,0,0,0,0,0,0,290,180,forward,0,0,263.0,1.7000465312194901,101.53757459017662,0.4,2.0
13:26:16,1.699979,101.537549,0,0,0,0,0,0,0,0,290,180,forward,0,0,263.0,1.7000465312194901,101.53757359017662,0.2,312.0
13:26:18,1.699979,101.537549,0,0,0,0,0,0,0,0,290,180,forward,0,0,263.0,1.7000465312194901,101.53757359017662,0.0,32.0
13:26:20,1.699978,101.537548,0,0,0,0,0,0,0,0,289,180,forward,0,0,263.0,1.7000459499030303,101.53757140733016,0.0,17.0
13:26:23,1.699978,101.537548,0,0,0,0,0,0,0,0,289,180,forward,0,0,263.0,1.7000459499030303,101.53757140733016,0.0,354.0
13:26:25,1.699978,101.537548,0,0,0,0,0,0,0,0,290,180,forward,0,0,263.0,1.7000455312194902,101.53757259017662,0.0,322.0
13:26:27,1.699977,101.537547,0,0,0,0,0,0,0,0,290,180,forward,0,0,263.0,1.7000445312194903,101.53757159017661,0.1,129.0
13:26:29,1.699977,101.537547,0,0,0,0,0,0,0,0,290,180,forward,0,0,263.0,1.7000445312194903,101.53757159017661,0.1,182.0
13:26:31,1.699977,101.537546,0,0,0,0,0,0,0,0,290,180,forward,0,0,263.0,1.7000445312194903,101.53757059017661,0.4,144.0
13:26:34,1.699977,101.537546,0,0,0,0,0,0,0,0,290,180,forward,0,0,263.0,1.7000445312194903,101.53757059017661,0.0,149.0
13:26:36,1.699976,101.537545,0,0,0,0,0,0,0,0,290,180,forward,0,0,263.0,1.7000435312194901,101.53756959017659,0.4,115.0
13:26:38,1.699976,101.537545,0,0,0,0,0,0,0,0,290,180,forward,0,0,263.0,1.7000435312194901,101.53756959017659,0.1,57.0
13:26:40,1.699976,101.537545,0,0,0,0,0,0,0,0,290,180,forward,0,0,263.0,1.7000435312194901,101.53756959017659,0.5,101.0
13:26:42,1.699975,101.537544,0,0,0,0,0,0,0,0,290,180,forward,0,0,263.0,1.7000425312194902,101.53756859017658,0.6,38.0
13:26:45,1.699975,101.537544,0,0,0,0,0,0,0,0,290,180,forward,0,0,263.0,1.7000425312194902,101.53756859017658,0.6,16.0
13:26:47,1.699975,101.537544,0,0,0,0,0,0,0,0,290,180,forward,0,0,263.0,1.7000425312194902,101.53756859017658,0.4,130.0
13:26:49,1.699974,101.537544,0,0,0,0,0,0,0,0,290,180,forward,0,0,263.0,1.7000415312194903,101.53756859017656,0.6,146.0
13:26:51,1.699974,101.537544,0,0,0,0,0,0,0,0,290,180,forward,0,0,263.0,1.7000415312194903,101.53756859017656,0.7,7.0
13:26:53,1.699974,101.537544,0,0,0,0,0,0,0,0,290,180,forward,0,0,263.0,1.7000415312194903,101.53756859017656,1.5,254.0
13:26:56,1.699973,101.537544,0,0,0,0,0,0,0,0,290,180,forward,0,0,263.0,1.7000405312194902,101.53756859017655,1.5,289.0
13:26:58,1.699972,101.537544,0,0,0,0,0,0,0,0,290,180,forward,0,0,263.0,1.7000395312194903,101.53756859017653,1.3,122.0
13:27:00,1.699972,101.537543,0,0,0,0,0,0,0,0,290,180,forward,0,0,263.0,1.7000395312194903,101.53756759017654,1.7,285.0
13:27:02,1.699971,101.537543,0,0,0,0,0,0,0,0,290,180,forward,0,0,263.0,1.7000385312194901,101.53756759017652,1.2,311.0
13:27:04,1.699971,101.537544,0,0,0,0,0,0,0,0,290,180,forward,0,0,263.0,1.7000385312194901,101.53756859017652,2.1,100.0
13:27:07,1.69997,101.537544,0,0,0,0,0,0,0,0,290,180,forward,0,0,263.0,1.7000375312194902,101.5375685901765,2.1,137.0
13:27:09,1.69997,101.537544,0,0,0,0,0,0,0,0,289,180,forward,0,0,263.0,1.7000379499030303,101.53756740733007,1.2,153.0
13:27:11,1.699969,101.537544,0,0,0,0,0,0,0,0,290,180,forward,0,0,263.0,1.7000365312194903,101.53756859017649,0.8,216.0
13:27:13,1.699969,101.537544,0,0,0,0,0,0,0,0,290,180,forward,0,0,263.0,1.7000365312194903,101.53756859017649,0.7,261.0
13:27:15,1.699968,101.537544,0,0,0,0,0,0,0,0,290,180,forward,0,0,263.0,1.7000355312194901,101.53756859017649,1.0,304.0
13:27:18,1.699968,101.537544,0,0,0,0,0,0,0,0,290,180,forward,0,0,263.0,1.7000355312194901,101.53756859017649,1.7,155.0
13:27:20,1.699967,101.537544,0,0,0,0,0,0,0,0,290,180,forward,0,0,263.0,1.7000345312194902,101.53756859017648,1.4,169.0
13:27:22,1.699967,101.537544,0,0,0,0,0,0,0,0,289,180,forward,0,0,263.0,1.7000349499030303,101.53756740733003,0.9,211.0
13:27:24,1.699967,101.537543,0,0,0,0,0,0,0,0,290,180,forward,0,0,263.0,1.7000345312194902,101.53756759017648,0.6,191.0
13:27:26,1.699966,101.537543,0,0,0,0,0,0,0,0,290,180,forward,0,0,263.0,1.7000335312194903,101.53756759017647,0.6,164.0
13:27:29,1.699966,101.537542,0,0,0,0,0,0,0,0,290,180,forward,0,0,263.0,1.7000335312194903,101.53756659017647,0.8,170.0
13:27:31,1.699965,101.537542,0,0,0,0,0,0,0,0,290,180,forward,0,0,263.0,1.7000325312194902,101.53756659017645,1.1,155.0
13:27:33,1.699965,101.537542,0,0,0,0,0,0,0,0,290,180,forward,0,0,263.0,1.7000325312194902,101.53756659017645,0.7,140.0
13:27:35,1.699965,101.537542,0,0,0,0,0,0,0,0,290,180,forward,0,0,263.0,1.7000325312194902,101.53756659017645,0.8,124.0
13:27:37,1.699964,101.537542,0,0,0,0,0,0,0,0,290,180,forward,0,0,263.0,1.7000315312194902,101.53756659017644,0.6,163.0
13:27:40,1.699964,101.537542,0,0,0,0,0,0,0,0,290,180,forward,0,0,263.0,1.7000315312194902,101.53756659017644,0.4,159.0
13:27:42,1.699964,101.537542,0,0,0,0,0,0,0,0,289,180,forward,0,0,263.0,1.7000319499030303,101.53756540732999,0.5,130.0
13:27:44,1.699963,101.537542,0,0,0,0,0,0,0,0,289,180,forward,0,0,263.0,1.7000309499030302,101.53756540732999,0.9,162.0
13:27:46,1.699963,101.537541,0,0,0,0,0,0,0,0,289,180,forward,0,0,263.0,1.7000309499030302,101.53756440733,0.6,201.0
13:27:48,1.699963,101.537541,0,0,0,0,0,0,0,0,290,180,forward,0,0,263.0,1.70003053121949,101.53756559017643,0.7,351.0
13:27:51,1.699963,101.537541,0,0,0,0,0,0,0,0,290,180,forward,0,0,263.0,1.70003053121949,101.53756559017643,0.7,356.0
13:27:53,1.699963,101.537542,0,0,0,0,0,0,0,0,290,180,forward,0,0,263.0,1.70003053121949,101.53756659017643,0.6,345.0
13:27:55,1.699964,101.537542,0,0,0,0,0,0,0,0,290,180,forward,0,0,263.0,1.7000315312194902,101.53756659017644,0.5,44.0
13:27:57,1.699964,101.537542,0,0,0,0,0,0,0,0,290,180,forward,0,0,263.0,1.7000315312194902,101.53756659017644,0.8,18.0
13:27:59,1.699964,101.537542,0,0,0,0,0,0,0,0,289,180,forward,0,0,263.0,1.7000319499030303,101.53756540732999,0.7,206.0
13:28:02,1.699964,101.537543,0,0,0,0,0,0,0,0,290,180,forward,0,0,263.0,1.7000315312194902,101.53756759017644,0.6,233.0
13:28:04,1.699964,101.537543,0,0,0,0,0,0,0,0,289,180,forward,0,0,263.0,1.7000319499030303,101.53756640732999,0.3,289.0
13:28:06,1.699964,101.537543,0,0,0,0,0,0,0,0,289,180,forward,0,0,263.0,1.7000319499030303,101.53756640732999,0.7,355.0
13:28:08,1.699964,101.537543,0,0,0,0,0,0,0,0,290,180,forward,0,0,263.0,1.7000315312194902,101.53756759017644,0.3,305.0
13:28:10,1.699964,101.537543,0,0,0,0,0,0,0,0,289,180,forward,0,0,263.0,1.7000319499030303,101.53756640732999,0.8,283.0
13:28:12,1.699963,101.537543,0,0,0,0,0,0,0,0,290,180,forward,0,0,263.0,1.70003053121949,101.53756759017642,0.5,247.0
13:28:15,1.699963,101.537543,0,0,0,0,0,0,0,0,290,180,forward,0,0,263.0,1.70003053121949,101.53756759017642,0.6,239.0
13:28:17,1.699963,101.537543,0,0,0,0,0,0,0,0,290,180,forward,0,0,263.0,1.70003053121949,101.53756759017642,0.2,182.0
13:28:19,1.699963,101.537543,0,0,0,0,0,0,0,0,290,180,forward,0,0,263.0,1.70003053121949,101.53756759017642,0.7,161.0
13:28:21,1.699963,101.537544,0,0,0,0,0,0,0,0,290,180,forward,0,0,263.0,1.70003053121949,101.53756859017642,1.0,232.0
13:28:23,1.699963,101.537544,0,0,0,0,0,0,0,0,290,180,forward,0,0,263.0,1.70003053121949,101.53756859017642,0.4,126.0
13:28:26,1.699963,101.537544,0,0,0,0,0,0,0,0,290,180,forward,0,0,263.0,1.70003053121949,101.53756859017642,0.7,145.0
13:28:28,1.699963,101.537544,0,0,0,0,0,0,0,0,290,180,forward,0,0,263.0,1.70003053121949,101.53756859017642,0.7,144.0
13:28:30,1.699963,101.537544,0,0,0,0,0,0,0,0,290,180,forward,0,0,263.0,1.70003053121949,101.53756859017642,0.6,155.0
13:28:32,1.699963,101.537545,0,0,0,0,0,0,0,0,290,180,forward,0,0,263.0,1.70003053121949,101.53756959017642,0.5,162.0
13:28:34,1.699963,101.537545,0,0,0,0,0,0,0,0,289,180,forward,0,0,263.0,1.7000309499030302,101.53756840732999,0.3,167.0
13:28:37,1.699962,101.537545,0,0,0,0,0,0,0,0,290,180,forward,0,0,263.0,1.7000295312194902,101.5375695901764,0.2,189.0
13:28:39,1.699962,101.537545,0,0,0,0,0,0,0,0,290,180,forward,0,0,263.0,1.7000295312194902,101.5375695901764,0.7,176.0
13:28:41,1.699962,101.537544,0,0,0,0,0,0,0,0,290,180,forward,0,0,263.0,1.7000295312194902,101.5375685901764,0.6,206.0
13:28:43,1.699962,101.537545,0,0,0,0,0,0,0,0,290,180,forward,0,0,263.0,1.7000295312194902,101.5375695901764,0.8,206.0
13:28:45,1.699962,101.537545,0,0,0,0,0,0,0,0,289,180,forward,0,0,263.0,1.7000299499030302,101.53756840732997,0.6,110.0
13:28:48,1.699962,101.537545,0,0,0,0,0,0,0,0,290,180,forward,0,0,263.0,1.7000295312194902,101.5375695901764,0.6,233.0
13:28:50,1.699962,101.537544,0,0,0,0,0,0,0,0,289,180,forward,0,0,263.0,1.7000299499030302,101.53756740732997,0.7,288.0
13:28:52,1.699963,101.537545,0,0,0,0,0,0,0,0,290,180,forward,0,0,263.0,1.70003053121949,101.53756959017642,0.6,126.0
13:28:54,1.699963,101.537545,0,0,0,0,0,0,0,0,290,180,forward,0,0,263.0,1.70003053121949,101.53756959017642,0.3,110.0
13:28:56,1.699963,101.537545,0,0,0,0,0,0,0,0,289,180,forward,0,0,263.0,1.7000309499030302,101.53756840732999,0.3,110.0
13:28:59,1.699964,101.537545,0,0,0,0,0,0,0,0,289,180,forward,0,0,263.0,1.7000319499030303,101.53756840732999,0.0,113.0
13:29:01,1.699964,101.537545,0,0,0,0,0,0,0,0,290,180,forward,0,0,263.0,1.7000315312194902,101.53756959017643,0.0,156.0
13:29:03,1.699965,101.537545,0,0,0,0,0,0,0,0,290,180,forward,0,0,263.0,1.7000325312194902,101.53756959017645,0.1,245.0
13:29:05,1.699965,101.537545,0,0,0,0,0,0,0,0,289,180,forward,0,0,263.0,1.7000329499030302,101.53756840733,0.1,133.0
13:29:07,1.699965,101.537545,0,0,0,0,0,0,0,0,290,180,forward,0,0,263.0,1.7000325312194902,101.53756959017645,0.1,195.0
13:29:10,1.699966,101.537545,0,0,0,0,0,0,0,0,290,180,forward,0,0,263.0,1.7000335312194903,101.53756959017646,0.1,146.0
13:29:12,1.699966,101.537546,0,0,0,0,0,0,0,0,289,180,forward,0,0,263.0,1.7000339499030304,101.53756940733003,0.0,164.0
13:29:14,1.699966,101.537546,0,0,0,0,0,0,0,0,290,180,forward,0,0,263.0,1.7000335312194903,101.53757059017647,0.1,182.0
13:29:16,1.699966,101.537546,0,0,0,0,0,0,0,0,290,180,forward,0,0,263.0,1.7000335312194903,101.53757059017647,0.1,178.0
13:29:18,1.699966,101.537546,0,0,0,0,0,0,0,0,290,180,forward,0,0,263.0,1.7000335312194903,101.53757059017647,0.2,70.0
13:29:21,1.699966,101.537545,0,0,0,0,0,0,0,0,290,180,forward,0,0,263.0,1.7000335312194903,101.53756959017646,0.3,166.0
13:29:23,1.699967,101.537545,0,0,0,0,0,0,0,0,290,180,forward,0,0,263.0,1.7000345312194902,101.53756959017647,1.0,259.0
13:29:25,1.699967,101.537546,0,0,0,0,0,0,0,0,290,180,forward,0,0,263.0,1.7000345312194902,101.53757059017649,1.2,24.0
13:29:27,1.699967,101.537546,0,0,0,0,0,0,0,0,290,180,forward,0,0,263.0,1.7000345312194902,101.53757059017649,1.1,30.0
13:29:29,1.699967,101.537546,0,0,0,0,0,0,0,0,290,180,forward,0,0,263.0,1.7000345312194902,101.53757059017649,1.1,180.0
13:29:32,1.699967,101.537546,0,0,0,0,0,0,0,0,290,180,forward,0,0,263.0,1.7000345312194902,101.53757059017649,0.8,334.0
13:29:34,1.699967,101.537546,0,0,0,0,0,0,0,0,289,180,forward,0,0,263.0,1.7000349499030303,101.53756940733004,1.1,110.0
13:29:36,1.699968,101.537547,0,0,0,0,0,0,0,0,290,180,forward,0,0,263.0,1.7000355312194901,101.5375715901765,1.1,242.0
13:29:38,1.699968,101.537547,0,0,0,0,0,0,0,0,290,180,forward,0,0,263.0,1.7000355312194901,101.5375715901765,0.8,176.0
13:29:40,1.699968,101.537547,0,0,0,0,0,0,0,0,290,180,forward,0,0,263.0,1.7000355312194901,101.5375715901765,0.6,47.0
13:29:43,1.699968,101.537547,0,0,0,0,0,0,0,0,290,180,forward,0,0,263.0,1.7000355312194901,101.5375715901765,0.5,235.0
13:29:45,1.699968,101.537547,0,0,0,0,0,0,0,0,289,180,forward,0,0,263.0,1.7000359499030302,101.53757040733005,0.6,176.0
13:29:47,1.699968,101.537547,0,0,0,0,0,0,0,0,289,180,forward,0,0,263.0,1.7000359499030302,101.53757040733005,0.6,203.0
13:29:49,1.699969,101.537547,0,0,0,0,0,0,0,0,290,180,forward,0,0,263.0,1.7000365312194903,101.5375715901765,0.6,218.0
13:29:51,1.699969,101.537547,0,0,0,0,0,0,0,0,289,180,forward,0,0,263.0,1.7000369499030303,101.53757040733007,0.4,177.0
13:29:54,1.699969,101.537547,0,0,0,0,0,0,0,0,290,180,forward,0,0,263.0,1.7000365312194903,101.5375715901765,0.6,163.0
13:29:56,1.69997,101.537547,0,0,0,0,0,0,0,0,290,180,forward,0,0,263.0,1.7000375312194902,101.53757159017651,0.7,165.0
13:29:58,1.69997,101.537548,0,0,0,0,0,0,0,0,290,180,forward,0,0,263.0,1.7000375312194902,101.53757259017651,0.6,179.0
13:30:00,1.69997,101.537548,0,0,0,0,0,0,0,0,290,180,forward,0,0,263.0,1.7000375312194902,101.53757259017651,0.7,207.0
13:30:02,1.699971,101.537548,0,0,0,0,0,0,0,0,290,180,forward,0,0,263.0,1.7000385312194901,101.53757259017652,0.5,147.0
13:30:05,1.699971,101.537548,0,0,0,0,0,0,0,0,290,180,forward,0,0,263.0,1.7000385312194901,101.53757259017652,1.1,170.0
13:30:07,1.699971,101.537549,0,0,0,0,0,0,0,0,290,180,forward,0,0,263.0,1.7000385312194901,101.53757359017652,0.7,176.0
13:30:09,1.699971,101.537549,0,0,0,0,0,0,0,0,290,180,forward,0,0,263.0,1.7000385312194901,101.53757359017652,0.6,208.0
13:30:11,1.699971,101.53755,0,0,0,0,0,0,0,0,290,180,forward,0,0,263.0,1.7000385312194901,101.53757459017652,0.6,209.0
13:30:13,1.699972,101.537551,0,0,0,0,0,0,0,0,290,180,forward,0,0,263.0,1.7000395312194903,101.53757559017653,0.7,202.0
13:30:16,1.699972,101.537552,0,0,0,0,0,0,0,0,290,180,forward,0,0,263.0,1.7000395312194903,101.53757659017654,0.9,179.0
13:30:18,1.699972,101.537553,0,0,0,0,0,0,0,0,291,180,forward,0,0,263.0,1.7000390919652861,101.53757876553259,0.6,173.0
13:30:20,1.699972,101.537553,0,0,0,0,0,0,0,0,290,180,forward,0,0,263.0,1.7000395312194903,101.53757759017654,0.6,174.0
13:30:22,1.699973,101.537554,0,0,0,0,0,0,0,0,290,180,forward,0,0,263.0,1.7000405312194902,101.53757859017655,1.1,72.0
13:30:24,1.699973,101.537555,0,0,0,0,0,0,0,0,290,180,forward,0,0,263.0,1.7000405312194902,101.53757959017655,1.2,204.0
13:30:27,1.699974,101.537556,0,0,0,0,0,0,0,0,290,180,forward,0,0,263.0,1.7000415312194903,101.53758059017656,0.9,186.0
13:30:29,1.699974,101.537556,0,0,0,0,0,0,0,0,289,180,forward,0,0,263.0,1.7000419499030304,101.53757940733011,0.6,164.0
13:30:31,1.699974,101.537557,0,0,0,0,0,0,0,0,290,180,forward,0,0,263.0,1.7000415312194903,101.53758159017657,0.5,233.0
13:30:33,1.699974,101.537558,0,0,0,0,0,0,0,0,290,180,forward,0,0,263.0,1.7000415312194903,101.53758259017657,0.6,37.0
13:30:35,1.699974,101.537559,0,0,0,0,0,0,0,0,290,180,forward,0,0,263.0,1.7000415312194903,101.53758359017657,1.2,41.0
13:30:38,1.699975,101.53756,0,0,0,0,0,0,0,0,290,180,forward,0,0,263.0,1.7000425312194902,101.53758459017658,2.7,359.0
13:30:40,1.699975,101.53756,0,0,0,0,0,0,0,0,290,180,forward,0,0,263.0,1.7000425312194902,101.53758459017658,2.2,257.0
13:30:42,1.699976,101.537561,0,0,0,0,0,0,0,0,290,180,forward,0,0,263.0,1.7000435312194901,101.53758559017659,1.3,104.0
13:30:44,1.699976,101.537561,0,0,0,0,0,0,0,0,290,180,forward,0,0,263.0,1.7000435312194901,101.53758559017659,0.9,233.0
13:30:46,1.699976,101.537561,0,0,0,0,0,0,0,0,290,180,forward,0,0,263.0,1.7000435312194901,101.53758559017659,0.6,179.0
13:30:49,1.699977,101.537562,0,0,0,0,0,0,0,0,290,180,forward,0,0,263.0,1.7000445312194903,101.5375865901766,0.5,168.0
13:30:51,1.699977,101.537562,0,0,0,0,0,0,0,0,290,180,forward,0,0,263.0,1.7000445312194903,101.5375865901766,0.0,162.0
13:30:53,1.699977,101.537563,0,0,0,0,0,0,0,0,290,180,forward,0,0,263.0,1.7000445312194903,101.53758759017661,0.0,138.0
13:30:55,1.699978,101.537563,0,0,0,0,0,0,0,0,290,180,forward,0,0,263.0,1.7000455312194902,101.53758759017663,0.6,192.0
13:30:57,1.699978,101.537563,0,0,0,0,0,0,0,0,290,180,forward,0,0,263.0,1.7000455312194902,101.53758759017663,0.8,197.0
13:31:00,1.699979,101.537564,0,0,0,0,0,0,0,0,290,180,forward,0,0,263.0,1.7000465312194901,101.53758859017663,1.0,206.0
13:31:02,1.699979,101.537565,0,0,0,0,0,0,0,0,290,180,forward,0,0,263.0,1.7000465312194901,101.53758959017662,0.8,197.0
13:31:04,1.69998,101.537565,0,0,0,0,0,0,0,0,290,180,forward,0,0,263.0,1.7000475312194903,101.53758959017664,0.6,208.0
13:31:06,1.699981,101.537566,0,0,0,0,0,0,0,0,290,180,forward,0,0,263.0,1.7000485312194902,101.53759059017665,0.6,247.0
13:31:08,1.699982,101.537567,0,0,0,0,0,0,0,0,290,180,forward,0,0,263.0,1.7000495312194903,101.53759159017666,0.7,216.0
13:31:11,1.699983,101.537568,0,0,0,0,0,0,0,0,290,180,forward,0,0,263.0,1.7000505312194902,101.53759259017667,0.9,218.0
13:31:13,1.699983,101.537569,0,0,0,0,0,0,0,0,290,180,forward,0,0,263.0,1.7000505312194902,101.53759359017668,0.8,162.0
13:31:15,1.699984,101.537569,0,0,0,0,0,0,0,0,290,180,forward,0,0,263.0,1.7000515312194902,101.5375935901767,0.7,116.0
13:31:17,1.699984,101.53757,0,0,0,0,0,0,0,0,290,180,forward,0,0,263.0,1.7000515312194902,101.5375945901767,0.5,123.0
13:31:19,1.699985,101.53757,0,0,0,0,0,0,0,0,290,180,forward,0,0,263.0,1.7000525312194903,101.53759459017671,0.6,128.0
13:31:22,1.699985,101.53757,0,0,0,0,0,0,0,0,290,180,forward,0,0,263.0,1.7000525312194903,101.53759459017671,0.6,234.0
13:31:24,1.699986,101.537571,0,0,0,0,0,0,0,0,290,180,forward,0,0,263.0,1.7000535312194902,101.53759559017672,0.4,174.0
13:31:26,1.699986,101.537571,0,0,0,0,0,0,0,0,289,180,forward,0,0,263.0,1.7000539499030303,101.53759440733026,0.6,128.0
13:31:28,1.699986,101.53757,0,0,0,0,0,0,0,0,289,180,forward,0,0,263.0,1.7000539499030303,101.53759340733026,1.2,316.0
13:31:30,1.699986,101.53757,0,0,0,0,0,0,0,0,290,180,forward,0,0,263.0,1.7000535312194902,101.53759459017672,1.8,317.0
13:31:33,1.699986,101.537569,0,0,0,0,0,0,0,0,290,180,forward,0,0,263.0,1.7000535312194902,101.53759359017673,1.3,221.0
13:31:35,1.699986,101.537569,0,0,0,0,0,0,0,0,290,180,forward,0,0,263.0,1.7000535312194902,101.53759359017673,1.4,175.0
13:31:37,1.699986,101.537569,0,0,0,0,0,0,0,0,290,180,forward,0,0,263.0,1.7000535312194902,101.53759359017673,0.8,231.0
13:31:39,1.699986,101.537568,0,0,0,0,0,0,0,0,289,180,forward,0,0,263.0,1.7000539499030303,101.53759140733025,0.6,219.0
13:31:41,1.699987,101.537568,0,0,0,0,0,0,0,0,290,180,forward,0,0,263.0,1.7000545312194901,101.53759259017673,0.2,232.0
13:31:44,1.699987,101.537568,0,0,0,0,0,0,0,0,290,180,forward,0,0,263.0,1.7000545312194901,101.53759259017673,0.2,215.0
13:31:46,1.699987,101.537568,0,0,0,0,0,0,0,0,290,180,forward,0,0,263.0,1.7000545312194901,101.53759259017673,0.6,214.0
13:31:48,1.699987,101.537568,0,0,0,0,0,0,0,0,289,180,forward,0,0,263.0,1.7000549499030302,101.53759140733027,0.6,54.0
13:31:50,1.699988,101.537568,0,0,0,0,0,0,0,0,289,180,forward,0,0,263.0,1.7000559499030303,101.53759140733028,2.0,126.0
13:31:52,1.699988,101.537568,0,0,0,0,0,0,0,0,289,180,forward,0,0,263.0,1.7000559499030303,101.53759140733028,1.6,195.0
13:31:55,1.699988,101.537568,0,0,0,0,0,0,0,0,289,180,forward,0,0,263.0,1.7000559499030303,101.53759140733028,1.9,316.0
13:31:57,1.699988,101.537568,0,0,0,0,0,0,0,0,290,180,forward,0,0,263.0,1.7000555312194903,101.53759259017673,1.3,328.0
13:31:59,1.699989,101.537568,0,0,0,0,0,0,0,0,290,180,forward,0,0,263.0,1.7000565312194902,101.53759259017674,1.3,98.0
13:32:01,1.699989,101.537568,0,0,0,0,0,0,0,0,289,180,forward,0,0,263.0,1.7000569499030302,101.5375914073303,1.8,178.0
13:32:03,1.69999,101.537568,0,0,0,0,0,0,0,0,289,180,forward,0,0,263.0,1.7000579499030302,101.53759140733031,1.9,68.0
13:32:06,1.69999,101.537569,0,0,0,0,0,0,0,0,289,180,forward,0,0,263.0,1.7000579499030302,101.53759240733032,2.0,178.0
13:32:08,1.699991,101.537569,0,0,0,0,0,0,0,0,289,180,forward,0,0,263.0,1.7000589499030303,101.53759240733032,2.3,207.0
13:32:10,1.699991,101.537569,0,0,0,0,0,0,0,0,289,180,forward,0,0,263.0,1.7000589499030303,101.53759240733032,2.3,275.0
13:32:12,1.699991,101.537568,0,0,0,0,0,0,0,0,289,180,forward,0,0,263.0,1.7000589499030303,101.53759140733031,2.2,218.0
13:32:14,1.699991,101.537568,0,0,0,0,0,0,0,0,289,180,forward,0,0,263.0,1.7000589499030303,101.53759140733031,1.7,222.0
13:32:17,1.699992,101.537568,0,0,0,0,0,0,0,0,289,180,forward,0,0,263.0,1.7000599499030302,101.53759140733032,1.0,165.0
13:32:19,1.699992,101.537568,0,0,0,0,0,0,0,0,289,180,forward,0,0,263.0,1.7000599499030302,101.53759140733032,1.2,216.0
13:32:21,1.699992,101.537568,0,0,0,0,0,0,0,0,289,180,forward,0,0,263.0,1.7000599499030302,101.53759140733032,1.3,139.0
13:32:23,1.699992,101.537567,0,0,0,0,0,0,0,0,290,180,forward,0,0,263.0,1.7000595312194902,101.53759159017679,1.9,85.0
13:32:25,1.699992,101.537567,0,0,0,0,0,0,0,0,288,180,forward,0,0,263.0,1.7000603478883718,101.53758921735377,1.2,133.0
13:32:28,1.699992,101.537567,0,0,0,0,0,0,0,0,289,180,forward,0,0,263.0,1.7000599499030302,101.53759040733033,0.8,146.0
13:32:30,1.699992,101.537567,0,0,0,0,0,0,0,0,289,180,forward,0,0,263.0,1.7000599499030302,101.53759040733033,0.7,62.0
13:32:32,1.699993,101.537567,0,0,0,0,0,0,0,0,289,180,forward,0,0,263.0,1.7000609499030304,101.53759040733034,1.1,131.0
13:32:34,1.699993,101.537567,0,0,0,0,0,0,0,0,289,180,forward,0,0,263.0,1.7000609499030304,101.53759040733034,0.9,123.0
13:32:36,1.699994,101.537566,0,0,0,0,0,0,0,0,289,180,forward,0,0,263.0,1.7000619499030303,101.53758940733036,0.8,161.0
13:32:39,1.699995,101.537566,0,0,0,0,0,0,0,0,289,180,forward,0,0,263.0,1.7000629499030302,101.53758940733037,0.6,46.0
13:32:41,1.699995,101.537566,0,0,0,0,0,0,0,0,289,180,forward,0,0,263.0,1.7000629499030302,101.53758940733037,0.9,127.0
13:32:43,1.699995,101.537565,0,0,0,0,0,0,0,0,289,180,forward,0,0,263.0,1.7000629499030302,101.53758840733038,1.0,71.0
13:32:45,1.699996,101.537565,0,0,0,0,0,0,0,0,289,180,forward,0,0,263.0,1.7000639499030303,101.53758840733039,1.0,198.0
13:32:47,1.699996,101.537565,0,0,0,0,0,0,0,0,289,180,forward,0,0,263.0,1.7000639499030303,101.53758840733039,0.8,110.0
13:32:50,1.699996,101.537564,0,0,0,0,0,0,0,0,288,180,forward,0,0,263.0,1.700064347888372,101.53758621735383,1.0,204.0
13:32:52,1.699996,101.537564,0,0,0,0,0,0,0,0,289,180,forward,0,0,263.0,1.7000639499030303,101.53758740733039,0.7,237.0
13:32:54,1.699996,101.537563,0,0,0,0,0,0,0,0,289,180,forward,0,0,263.0,1.7000639499030303,101.5375864073304,0.8,170.0
13:32:56,1.699996,101.537563,0,0,0,0,0,0,0,0,289,180,forward,0,0,263.0,1.7000639499030303,101.5375864073304,0.7,128.0
13:32:58,1.699996,101.537563,0,0,0,0,0,0,0,0,290,180,forward,0,0,263.0,1.7000635312194903,101.53758759017686,0.8,199.0
13:33:01,1.699997,101.537563,0,0,0,0,0,0,0,0,289,180,forward,0,0,263.0,1.7000649499030303,101.53758640733041,0.1,201.0
13:33:03,1.699997,101.537562,0,0,0,0,0,0,0,0,289,180,forward,0,0,263.0,1.7000649499030303,101.5375854073304,0.6,199.0
13:33:05,1.699997,101.537562,0,0,0,0,0,0,0,0,289,180,forward,0,0,263.0,1.7000649499030303,101.5375854073304,0.1,254.0
13:33:07,1.699997,101.537562,0,0,0,0,0,0,0,0,288,180,forward,0,0,263.0,1.7000653478883718,101.53758421735382,0.5,165.0
13:33:09,1.699998,101.537561,0,0,0,0,0,0,0,0,289,180,forward,0,0,263.0,1.7000659499030302,101.5375844073304,1.2,336.0
13:33:12,1.699998,101.53756,0,0,0,0,0,0,0,0,289,180,forward,0,0,263.0,1.7000659499030302,101.5375834073304,1.1,272.0
13:33:14,1.699998,101.53756,0,0,0,0,0,0,0,0,289,180,forward,0,0,263.0,1.7000659499030302,101.5375834073304,1.0,263.0
13:33:16,1.699999,101.53756,0,0,0,0,0,0,0,0,288,180,forward,0,0,263.0,1.7000673478883719,101.53758221735386,0.8,254.0
13:33:18,1.7,101.537559,0,0,0,0,0,0,0,0,289,180,forward,0,0,263.0,1.7000679499030302,101.53758240733043,0.6,257.0
13:33:20,1.7,101.537559,0,0,0,0,0,0,0,0,288,180,forward,0,0,263.0,1.7000683478883718,101.53758121735387,0.3,253.0
13:33:23,1.700001,101.537559,0,0,0,0,0,0,0,0,289,180,forward,0,0,263.0,1.7000689499030304,101.53758240733045,0.6,336.0
13:33:25,1.700001,101.537558,0,0,0,0,0,0,0,0,288,180,forward,0,0,263.0,1.700069347888372,101.53758021735389,0.9,336.0
13:33:27,1.700002,101.537558,0,0,0,0,0,0,0,0,288,180,forward,0,0,263.0,1.7000703478883719,101.5375802173539,1.6,94.0
13:33:29,1.700002,101.537558,0,0,0,0,0,0,0,0,288,180,forward,0,0,263.0,1.7000703478883719,101.5375802173539,1.4,126.0
13:33:31,1.700002,101.537557,0,0,0,0,0,0,0,0,288,180,forward,0,0,263.0,1.7000703478883719,101.53757921735391,1.1,167.0
13:33:34,1.700002,101.537556,0,0,0,0,0,0,0,0,288,180,forward,0,0,263.0,1.7000703478883719,101.5375782173539,1.0,233.0
13:33:36,1.700002,101.537556,0,0,0,0,0,0,0,0,289,180,forward,0,0,263.0,1.7000699499030303,101.53757940733045,0.7,195.0
13:33:38,1.700002,101.537555,0,0,0,0,0,0,0,0,288,180,forward,0,0,263.0,1.7000703478883719,101.5375772173539,0.8,180.0
13:33:40,1.700002,101.537555,0,0,0,0,0,0,0,0,289,180,forward,0,0,263.0,1.7000699499030303,101.53757840733046,0.8,195.0
13:33:42,1.700002,101.537554,0,0,0,0,0,0,0,0,288,180,forward,0,0,263.0,1.7000703478883719,101.5375762173539,0.6,259.0
13:33:45,1.700001,101.537554,0,0,0,0,0,0,0,0,289,180,forward,0,0,263.0,1.7000689499030304,101.53757740733045,0.1,214.0
13:33:47,1.700001,101.537554,0,0,0,0,0,0,0,0,289,180,forward,0,0,263.0,1.7000689499030304,101.53757740733045,0.0,235.0
13:33:49,1.700001,101.537553,0,0,0,0,0,0,0,0,289,180,forward,0,0,263.0,1.7000689499030304,101.53757640733045,1.0,121.0
13:33:51,1.700001,101.537553,0,0,0,0,0,0,0,0,289,180,forward,0,0,263.0,1.7000689499030304,101.53757640733045,1.0,124.0
13:33:53,1.700001,101.537553,0,0,0,0,0,0,0,0,288,180,forward,0,0,263.0,1.700069347888372,101.53757521735389,1.4,102.0
13:33:56,1.700001,101.537553,0,0,0,0,0,0,0,0,288,180,forward,0,0,263.0,1.700069347888372,101.53757521735389,1.3,156.0
13:33:58,1.700002,101.537552,0,0,0,0,0,0,0,0,289,180,forward,0,0,263.0,1.7000699499030303,101.53757540733046,1.2,260.0
13:34:00,1.700002,101.537552,0,0,0,0,0,0,0,0,289,180,forward,0,0,263.0,1.7000699499030303,101.53757540733046,0.7,200.0
13:34:02,1.700002,101.537551,0,0,0,0,0,0,0,0,289,180,forward,0,0,263.0,1.7000699499030303,101.53757440733045,0.6,182.0
13:34:04,1.700002,101.537551,0,0,0,0,0,0,0,0,289,180,forward,0,0,263.0,1.7000699499030303,101.53757440733045,1.4,293.0
13:34:07,1.700002,101.53755,0,0,0,0,0,0,0,0,289,180,forward,0,0,263.0,1.7000699499030303,101.53757340733046,2.0,58.0
13:34:09,1.700002,101.53755,0,0,0,0,0,0,0,0,289,180,forward,0,0,263.0,1.7000699499030303,101.53757340733046,1.4,178.0
13:34:11,1.700002,101.537549,0,0,0,0,0,0,0,0,289,180,forward,0,0,263.0,1.7000699499030303,101.53757240733046,1.1,57.0
13:34:13,1.700001,101.537549,0,0,0,0,0,0,0,0,289,180,forward,0,0,263.0,1.7000689499030304,101.53757240733044,0.8,136.0
13:34:15,1.700001,101.537549,0,0,0,0,0,0,0,0,289,180,forward,0,0,263.0,1.7000689499030304,101.53757240733044,0.8,134.0
13:34:18,1.700001,101.537548,0,0,0,0,0,0,0,0,289,180,forward,0,0,263.0,1.7000689499030304,101.53757140733045,1.4,236.0
13:34:20,1.700001,101.537548,0,0,0,0,0,0,0,0,289,180,forward,0,0,263.0,1.7000689499030304,101.53757140733045,2.3,314.0
13:34:22,1.700001,101.537547,0,0,0,0,0,0,0,0,289,180,forward,0,0,263.0,1.7000689499030304,101.53757040733045,1.9,285.0
13:34:24,1.700001,101.537547,0,0,0,0,0,0,0,0,289,180,forward,0,0,263.0,1.7000689499030304,101.53757040733045,1.8,11.0
13:34:26,1.700001,101.537547,0,0,0,0,0,0,0,0,289,180,forward,0,0,263.0,1.7000689499030304,101.53757040733045,1.6,303.0
13:34:29,1.700001,101.537547,0,0,0,0,0,0,0,0,289,180,forward,0,0,263.0,1.7000689499030304,101.53757040733045,1.4,217.0
13:34:31,1.7,101.537547,0,0,0,0,0,0,0,0,289,180,forward,0,0,263.0,1.7000679499030302,101.53757040733043,1.9,325.0
13:34:33,1.7,101.537548,0,0,0,0,0,0,0,0,289,180,forward,0,0,263.0,1.7000679499030302,101.53757140733043,1.5,329.0
13:34:35,1.7,101.537548,0,0,0,0,0,0,0,0,288,180,forward,0,0,263.0,1.7000683478883718,101.53757021735387,1.5,209.0
13:34:37,1.699999,101.537549,0,0,0,0,0,0,0,0,289,180,forward,0,0,263.0,1.7000669499030303,101.53757240733042,1.0,205.0
13:34:40,1.699999,101.537549,0,0,0,0,0,0,0,0,290,180,forward,0,0,263.0,1.7000665312194903,101.53757359017688,1.2,110.0
13:34:42,1.699998,101.53755,0,0,0,0,0,0,0,0,289,180,forward,0,0,263.0,1.7000659499030302,101.5375734073304,1.3,193.0
13:34:44,1.699998,101.53755,0,0,0,0,0,0,0,0,289,180,forward,0,0,263.0,1.7000659499030302,101.5375734073304,0.7,159.0
13:34:46,1.699997,101.53755,0,0,0,0,0,0,0,0,289,180,forward,0,0,263.0,1.7000649499030303,101.5375734073304,0.2,168.0
13:34:48,1.699996,101.53755,0,0,0,0,0,0,0,0,289,180,forward,0,0,263.0,1.7000639499030303,101.53757340733038,0.6,124.0
13:34:51,1.699995,101.53755,0,0,0,0,0,0,0,0,289,180,forward,0,0,263.0,1.7000629499030302,101.53757340733037,0.4,145.0
13:34:53,1.699995,101.53755,0,0,0,0,0,0,0,0,289,180,forward,0,0,263.0,1.7000629499030302,101.53757340733037,0.2,136.0
13:34:55,1.699995,101.53755,0,0,0,0,0,0,0,0,289,180,forward,0,0,263.0,1.7000629499030302,101.53757340733037,0.2,149.0
13:34:57,1.699994,101.53755,0,0,0,0,0,0,0,0,289,180,forward,0,0,263.0,1.7000619499030303,101.53757340733036,0.9,136.0
13:34:59,1.699994,101.53755,0,0,0,0,0,0,0,0,289,180,forward,0,0,263.0,1.7000619499030303,101.53757340733036,0.8,146.0
13:35:02,1.699994,101.53755,0,0,0,0,0,0,0,0,290,180,forward,0,0,263.0,1.7000615312194902,101.53757459017682,0.4,189.0
13:35:04,1.699994,101.53755,0,0,0,0,0,0,0,0,289,180,forward,0,0,263.0,1.7000619499030303,101.53757340733036,0.6,295.0
13:35:06,1.699994,101.53755,0,0,0,0,0,0,0,0,289,180,forward,0,0,263.0,1.7000619499030303,101.53757340733036,0.6,1.0
13:35:08,1.699994,101.53755,0,0,0,0,0,0,0,0,289,180,forward,0,0,263.0,1.7000619499030303,101.53757340733036,1.0,321.0
13:35:10,1.699994,101.53755,0,0,0,0,0,0,0,0,290,180,forward,0,0,263.0,1.7000615312194902,101.53757459017682,1.1,0.0
13:35:13,1.699994,101.53755,0,0,0,0,0,0,0,0,290,180,forward,0,0,263.0,1.7000615312194902,101.53757459017682,0.8,30.0
13:35:15,1.699994,101.537551,0,0,0,0,0,0,0,0,290,180,forward,0,0,263.0,1.7000615312194902,101.53757559017681,0.3,320.0
13:35:17,1.699994,101.537551,0,0,0,0,0,0,0,0,290,180,forward,0,0,263.0,1.7000615312194902,101.53757559017681,0.5,329.0
13:35:19,1.699994,101.537551,0,0,0,0,0,0,0,0,290,180,forward,0,0,263.0,1.7000615312194902,101.53757559017681,0.2,55.0
13:35:21,1.699994,101.537551,0,0,0,0,0,0,0,0,289,180,forward,0,0,263.0,1.7000619499030303,101.53757440733035,1.2,17.0
13:35:24,1.699993,101.537551,0,0,0,0,0,0,0,0,290,180,forward,0,0,263.0,1.7000605312194903,101.5375755901768,1.0,336.0
13:35:26,1.699993,101.53755,0,0,0,0,0,0,0,0,290,180,forward,0,0,263.0,1.7000605312194903,101.5375745901768,1.6,29.0
13:35:28,1.699993,101.53755,0,0,0,0,0,0,0,0,291,180,forward,0,0,263.0,1.7000600919652862,101.53757576553285,1.4,347.0
13:35:30,1.699992,101.53755,0,0,0,0,0,0,0,0,290,180,forward,0,0,263.0,1.7000595312194902,101.53757459017679,0.9,341.0
13:35:32,1.699992,101.53755,0,0,0,0,0,0,0,0,290,180,forward,0,0,263.0,1.7000595312194902,101.53757459017679,0.8,10.0
13:35:35,1.699991,101.53755,0,0,0,0,0,0,0,0,290,180,forward,0,0,263.0,1.7000585312194902,101.53757459017677,0.6,328.0
13:35:37,1.699991,101.53755,0,0,0,0,0,0,0,0,291,180,forward,0,0,263.0,1.7000580919652861,101.53757576553282,0.1,329.0
13:35:39,1.69999,101.53755,0,0,0,0,0,0,0,0,291,180,forward,0,0,263.0,1.700057091965286,101.53757576553281,0.4,31.0
13:35:41,1.69999,101.53755,0,0,0,0,0,0,0,0,291,180,forward,0,0,263.0,1.700057091965286,101.53757576553281,0.8,351.0
13:35:43,1.699989,101.537549,0,0,0,0,0,0,0,0,290,180,forward,0,0,263.0,1.7000565312194902,101.53757359017675,0.8,334.0
13:35:46,1.699988,101.537549,0,0,0,0,0,0,0,0,290,180,forward,0,0,263.0,1.7000555312194903,101.53757359017673,0.6,36.0
13:35:48,1.699987,101.537548,0,0,0,0,0,0,0,0,290,180,forward,0,0,263.0,1.7000545312194901,101.53757259017674,0.5,12.0
13:35:50,1.699986,101.537547,0,0,0,0,0,0,0,0,290,180,forward,0,0,263.0,1.7000535312194902,101.53757159017673,0.8,334.0
13:35:52,1.699984,101.537546,0,0,0,0,0,0,0,0,290,180,forward,0,0,263.0,1.7000515312194902,101.5375705901767,0.9,48.0
13:35:54,1.699983,101.537545,0,0,0,0,0,0,0,0,291,180,forward,0,0,263.0,1.7000500919652861,101.53757076553272,0.8,164.0
13:35:57,1.699981,101.537544,0,0,0,0,0,0,0,0,290,180,forward,0,0,263.0,1.7000485312194902,101.53756859017665,0.7,192.0
13:35:59,1.69998,101.537543,0,0,0,0,0,0,0,0,291,180,forward,0,0,263.0,1.7000470919652861,101.53756876553268,0.2,167.0
13:36:01,1.699979,101.537542,0,0,0,0,0,0,0,0,290,180,forward,0,0,263.0,1.7000465312194901,101.53756659017662,0.6,163.0
13:36:03,1.699978,101.537541,0,0,0,0,0,0,0,0,291,180,forward,0,0,263.0,1.700045091965286,101.53756676553266,1.0,202.0
13:36:05,1.699977,101.53754,0,0,0,0,0,0,0,0,291,180,forward,0,0,263.0,1.7000440919652862,101.53756576553265,0.9,168.0
13:36:08,1.699977,101.537539,0,0,0,0,0,0,0,0,291,180,forward,0,0,263.0,1.7000440919652862,101.53756476553264,0.8,151.0
13:36:10,1.699977,101.537539,0,0,0,0,0,0,0,0,291,180,forward,0,0,263.0,1.7000440919652862,101.53756476553264,0.7,236.0
13:36:12,1.699977,101.537538,0,0,0,0,0,0,0,0,291,180,forward,0,0,263.0,1.7000440919652862,101.53756376553264,1.2,49.0
13:36:14,1.699976,101.537538,0,0,0,0,0,0,0,0,291,180,forward,0,0,263.0,1.700043091965286,101.53756376553262,1.2,323.0
13:36:16,1.699976,101.537538,0,0,0,0,0,0,0,0,290,180,forward,0,0,263.0,1.7000435312194901,101.53756259017659,0.9,159.0
13:36:19,1.699976,101.537539,0,0,0,0,0,0,0,0,291,180,forward,0,0,263.0,1.700043091965286,101.53756476553262,1.0,171.0
13:36:21,1.699975,101.537539,0,0,0,0,0,0,0,0,291,180,forward,0,0,263.0,1.700042091965286,101.53756476553261,0.9,249.0
13:36:23,1.699974,101.537539,0,0,0,0,0,0,0,0,291,180,forward,0,0,263.0,1.7000410919652862,101.5375647655326,0.7,253.0
13:36:25,1.699974,101.53754,0,0,0,0,0,0,0,0,290,180,forward,0,0,263.0,1.7000415312194903,101.53756459017657,0.6,249.0
13:36:27,1.699974,101.53754,0,0,0,0,0,0,0,0,291,180,forward,0,0,263.0,1.7000410919652862,101.5375657655326,0.0,215.0
13:36:30,1.699973,101.537541,0,0,0,0,0,0,0,0,291,180,forward,0,0,263.0,1.700040091965286,101.5375667655326,0.6,281.0
13:36:32,1.699973,101.537541,0,0,0,0,0,0,0,0,291,180,forward,0,0,263.0,1.700040091965286,101.5375667655326,0.7,159.0
13:36:34,1.699973,101.537541,0,0,0,0,0,0,0,0,290,180,forward,0,0,263.0,1.7000405312194902,101.53756559017656,0.7,232.0
13:36:36,1.699973,101.537541,0,0,0,0,0,0,0,0,291,180,forward,0,0,263.0,1.700040091965286,101.5375667655326,0.5,102.0
13:36:38,1.699972,101.537541,0,0,0,0,0,0,0,0,291,180,forward,0,0,263.0,1.7000390919652861,101.53756676553259,1.1,115.0
13:36:41,1.699972,101.537541,0,0,0,0,0,0,0,0,291,180,forward,0,0,263.0,1.7000390919652861,101.53756676553259,1.4,207.0
13:36:43,1.699972,101.537541,0,0,0,0,0,0,0,0,291,180,forward,0,0,263.0,1.7000390919652861,101.53756676553259,1.0,194.0
13:36:45,1.699972,101.537541,0,0,0,0,0,0,0,0,290,180,forward,0,0,263.0,1.7000395312194903,101.53756559017654,0.5,237.0
13:36:47,1.699971,101.537541,0,0,0,0,0,0,0,0,291,180,forward,0,0,263.0,1.700038091965286,101.53756676553257,0.6,210.0
13:36:49,1.699971,101.53754,0,0,0,0,0,0,0,0,291,180,forward,0,0,263.0,1.700038091965286,101.53756576553258,0.6,32.0
13:36:52,1.699971,101.53754,0,0,0,0,0,0,0,0,290,180,forward,0,0,263.0,1.7000385312194901,101.53756459017653,0.6,40.0
13:36:54,1.699971,101.53754,0,0,0,0,0,0,0,0,291,180,forward,0,0,263.0,1.700038091965286,101.53756576553258,0.4,312.0
13:36:56,1.699971,101.53754,0,0,0,0,0,0,0,0,290,180,forward,0,0,263.0,1.7000385312194901,101.53756459017653,0.5,188.0
13:36:58,1.699971,101.53754,0,0,0,0,0,0,0,0,290,180,forward,0,0,263.0,1.7000385312194901,101.53756459017653,0.6,161.0
13:37:00,1.699971,101.53754,0,0,0,0,0,0,0,0,290,180,forward,0,0,263.0,1.7000385312194901,101.53756459017653,0.7,207.0
13:37:03,1.699972,101.53754,0,0,0,0,0,0,0,0,291,180,forward,0,0,263.0,1.7000390919652861,101.53756576553259,0.4,224.0
13:37:05,1.699972,101.53754,0,0,0,0,0,0,0,0,291,180,forward,0,0,263.0,1.7000390919652861,101.53756576553259,1.1,204.0
13:37:07,1.699972,101.537541,0,0,0,0,0,0,0,0,291,180,forward,0,0,263.0,1.7000390919652861,101.53756676553259,1.3,293.0
13:37:09,1.699972,101.537541,0,0,0,0,0,0,0,0,290,180,forward,0,0,263.0,1.7000395312194903,101.53756559017654,1.6,258.0
13:37:11,1.699972,101.537541,0,0,0,0,0,0,0,0,290,180,forward,0,0,263.0,1.7000395312194903,101.53756559017654,1.2,279.0
13:37:14,1.699972,101.537541,0,0,0,0,0,0,0,0,290,180,forward,0,0,263.0,1.7000395312194903,101.53756559017654,1.2,237.0
13:37:16,1.699973,101.537541,0,0,0,0,0,0,0,0,291,180,forward,0,0,263.0,1.700040091965286,101.5375667655326,1.3,208.0
13:37:18,1.699973,101.537542,0,0,0,0,0,0,0,0,289,180,forward,0,0,263.0,1.7000409499030302,101.5375654073301,1.5,249.0
13:37:20,1.699974,101.537543,0,0,0,0,0,0,0,0,290,180,forward,0,0,263.0,1.7000415312194903,101.53756759017656,1.4,290.0
13:37:22,1.699974,101.537544,0,0,0,0,0,0,0,0,290,180,forward,0,0,263.0,1.7000415312194903,101.53756859017656,1.7,275.0
13:37:25,1.699974,101.537546,0,0,0,0,0,0,0,0,290,180,forward,0,0,263.0,1.7000415312194903,101.53757059017657,1.7,246.0
13:37:27,1.699974,101.537548,0,0,0,0,0,0,0,0,290,180,forward,0,0,263.0,1.7000415312194903,101.53757259017657,1.3,275.0
13:37:29,1.699975,101.537549,0,0,0,0,0,0,0,0,290,180,forward,0,0,263.0,1.7000425312194902,101.53757359017658,1.5,310.0
13:37:31,1.699975,101.537549,0,0,0,0,0,0,0,0,290,180,forward,0,0,263.0,1.7000425312194902,101.53757359017658,1.7,287.0
13:37:33,1.699975,101.53755,0,0,0,0,0,0,0,0,290,180,forward,0,0,263.0,1.7000425312194902,101.53757459017658,1.7,223.0
13:37:36,1.699975,101.537551,0,0,0,0,0,0,0,0,290,180,forward,0,0,263.0,1.7000425312194902,101.53757559017657,1.0,237.0
13:37:38,1.699974,101.537552,0,0,0,0,0,0,0,0,290,180,forward,0,0,263.0,1.7000415312194903,101.53757659017657,0.9,216.0
13:37:40,1.699974,101.537554,0,0,0,0,0,0,0,0,290,180,forward,0,0,263.0,1.7000415312194903,101.53757859017657,0.9,275.0
13:37:42,1.699974,101.537554,0,0,0,0,0,0,0,0,289,180,forward,0,0,263.0,1.7000419499030304,101.53757740733012,0.8,295.0
13:37:44,1.699974,101.537555,0,0,0,0,0,0,0,0,289,180,forward,0,0,263.0,1.7000419499030304,101.53757840733012,1.2,196.0
13:37:47,1.699975,101.537557,0,0,0,0,0,0,0,0,289,180,forward,0,0,263.0,1.7000429499030303,101.53758040733014,1.2,15.0
13:37:49,1.699975,101.537557,0,0,0,0,0,0,0,0,289,180,forward,0,0,263.0,1.7000429499030303,101.53758040733014,1.5,252.0
13:37:51,1.699976,101.537558,0,0,0,0,0,0,0,0,289,180,forward,0,0,263.0,1.7000439499030302,101.53758140733015,1.5,315.0
13:37:53,1.699977,101.537559,0,0,0,0,0,0,0,0,289,180,forward,0,0,263.0,1.7000449499030303,101.53758240733016,1.2,160.0
13:37:55,1.699977,101.537559,0,0,0,0,0,0,0,0,289,180,forward,0,0,263.0,1.7000449499030303,101.53758240733016,1.5,251.0
13:37:58,1.699978,101.537559,0,0,0,0,0,0,0,0,289,180,forward,0,0,263.0,1.7000459499030303,101.53758240733016,1.1,242.0
13:38:00,1.699978,101.537559,0,0,0,0,0,0,0,0,289,180,forward,0,0,263.0,1.7000459499030303,101.53758240733016,0.8,221.0
13:38:02,1.699978,101.537559,0,0,0,0,0,0,0,0,288,180,forward,0,0,263.0,1.7000463478883718,101.53758121735362,0.6,225.0
13:38:04,1.699977,101.537558,0,0,0,0,0,0,0,0,289,180,forward,0,0,263.0,1.7000449499030303,101.53758140733017,0.5,226.0
13:38:06,1.699977,101.537558,0,0,0,0,0,0,0,0,289,180,forward,0,0,263.0,1.7000449499030303,101.53758140733017,0.4,223.0
13:38:09,1.699977,101.537557,0,0,0,0,0,0,0,0,290,180,forward,0,0,263.0,1.7000445312194903,101.53758159017661,0.6,238.0
13:38:11,1.699977,101.537557,0,0,0,0,0,0,0,0,288,180,forward,0,0,263.0,1.700045347888372,101.53757921735361,0.6,241.0
13:38:13,1.699977,101.537557,0,0,0,0,0,0,0,0,289,180,forward,0,0,263.0,1.7000449499030303,101.53758040733017,0.4,261.0
13:38:15,1.699977,101.537557,0,0,0,0,0,0,0,0,288,180,forward,0,0,263.0,1.700045347888372,101.53757921735361,0.0,210.0
13:38:17,1.699977,101.537557,0,0,0,0,0,0,0,0,289,180,forward,0,0,263.0,1.7000449499030303,101.53758040733017,0.1,251.0
13:38:20,1.699977,101.537557,0,0,0,0,0,0,0,0,289,180,forward,0,0,263.0,1.7000449499030303,101.53758040733017,0.9,357.0
13:38:22,1.699977,101.537558,0,0,0,0,0,0,0,0,289,180,forward,0,0,263.0,1.7000449499030303,101.53758140733017,0.8,307.0
13:38:24,1.699977,101.537558,0,0,0,0,0,0,0,0,288,180,forward,0,0,263.0,1.700045347888372,101.53758021735361,0.7,216.0
13:38:26,1.699977,101.537558,0,0,0,0,0,0,0,0,289,180,forward,0,0,263.0,1.7000449499030303,101.53758140733017,0.6,215.0
13:38:28,1.699977,101.537558,0,0,0,0,0,0,0,0,289,180,forward,0,0,263.0,1.7000449499030303,101.53758140733017,0.6,241.0
13:38:31,1.699976,101.537558,0,0,0,0,0,0,0,0,289,180,forward,0,0,263.0,1.7000439499030302,101.53758140733015,0.3,221.0
13:38:33,1.699976,101.537558,0,0,0,0,0,0,0,0,289,180,forward,0,0,263.0,1.7000439499030302,101.53758140733015,0.3,220.0
13:38:35,1.699976,101.537558,0,0,0,0,0,0,0,0,289,180,forward,0,0,263.0,1.7000439499030302,101.53758140733015,0.1,208.0
13:38:37,1.699976,101.537559,0,0,0,0,0,0,0,0,288,180,forward,0,0,263.0,1.7000443478883718,101.53758121735359,0.2,215.0
13:38:39,1.699977,101.537559,0,0,0,0,0,0,0,0,288,180,forward,0,0,263.0,1.700045347888372,101.5375812173536,0.1,228.0
13:38:42,1.699977,101.537559,0,0,0,0,0,0,0,0,289,180,forward,0,0,263.0,1.7000449499030303,101.53758240733016,0.1,199.0
13:38:44,1.699977,101.537558,0,0,0,0,0,0,0,0,288,180,forward,0,0,263.0,1.700045347888372,101.53758021735361,0.1,221.0
13:38:46,1.699978,101.537558,0,0,0,0,0,0,0,0,289,180,forward,0,0,263.0,1.7000459499030303,101.53758140733017,0.1,162.0
13:38:48,1.699978,101.537558,0,0,0,0,0,0,0,0,289,180,forward,0,0,263.0,1.7000459499030303,101.53758140733017,0.0,200.0
13:38:50,1.699978,101.537559,0,0,0,0,0,0,0,0,289,180,forward,0,0,263.0,1.7000459499030303,101.53758240733016,0.0,211.0
13:38:53,1.699979,101.537559,0,0,0,0,0,0,0,0,289,180,forward,0,0,263.0,1.7000469499030302,101.53758240733018,0.0,216.0
13:38:55,1.699979,101.537559,0,0,0,0,0,0,0,0,289,180,forward,0,0,263.0,1.7000469499030302,101.53758240733018,0.0,255.0
13:38:57,1.699979,101.537559,0,0,0,0,0,0,0,0,289,180,forward,0,0,263.0,1.7000469499030302,101.53758240733018,0.0,226.0
13:38:59,1.699979,101.537559,0,0,0,0,0,0,0,0,289,180,forward,0,0,263.0,1.7000469499030302,101.53758240733018,0.8,282.0
13:39:01,1.699979,101.537559,0,0,0,0,0,0,0,0,289,180,forward,0,0,263.0,1.7000469499030302,101.53758240733018,1.0,289.0
13:39:04,1.699979,101.537558,0,0,0,0,0,0,0,0,289,180,forward,0,0,263.0,1.7000469499030302,101.53758140733018,0.8,306.0
13:39:06,1.699979,101.537558,0,0,0,0,0,0,0,0,289,180,forward,0,0,263.0,1.7000469499030302,101.53758140733018,0.8,225.0
13:39:08,1.699979,101.537558,0,0,0,0,0,0,0,0,289,180,forward,0,0,263.0,1.7000469499030302,101.53758140733018,0.8,300.0
13:39:10,1.699979,101.537558,0,0,0,0,0,0,0,0,289,180,forward,0,0,263.0,1.7000469499030302,101.53758140733018,0.8,279.0
13:39:12,1.699978,101.537558,0,0,0,0,0,0,0,0,289,180,forward,0,0,263.0,1.7000459499030303,101.53758140733017,0.3,328.0
13:39:15,1.699978,101.537557,0,0,0,0,0,0,0,0,289,180,forward,0,0,263.0,1.7000459499030303,101.53758040733017,0.6,295.0
13:39:17,1.699978,101.537557,0,0,0,0,0,0,0,0,289,180,forward,0,0,263.0,1.7000459499030303,101.53758040733017,0.6,207.0
13:39:19,1.699978,101.537557,0,0,0,0,0,0,0,0,289,180,forward,0,0,263.0,1.7000459499030303,101.53758040733017,1.1,330.0
13:39:21,1.699978,101.537556,0,0,0,0,0,0,0,0,289,180,forward,0,0,263.0,1.7000459499030303,101.53757940733016,1.5,11.0
13:39:23,1.699978,101.537556,0,0,0,0,0,0,0,0,289,180,forward,0,0,263.0,1.7000459499030303,101.53757940733016,1.6,98.0
13:39:26,1.699978,101.537556,0,0,0,0,0,0,0,0,288,180,forward,0,0,263.0,1.7000463478883718,101.53757821735361,1.5,122.0
13:39:28,1.699979,101.537556,0,0,0,0,0,0,0,0,289,180,forward,0,0,263.0,1.7000469499030302,101.53757940733017,1.2,166.0
13:39:30,1.699979,101.537556,0,0,0,0,0,0,0,0,289,180,forward,0,0,263.0,1.7000469499030302,101.53757940733017,1.2,227.0
13:39:32,1.699979,101.537556,0,0,0,0,0,0,0,0,288,180,forward,0,0,263.0,1.7000473478883718,101.53757821735363,0.7,282.0
13:39:34,1.699979,101.537556,0,0,0,0,0,0,0,0,289,180,forward,0,0,263.0,1.7000469499030302,101.53757940733017,1.2,243.0
13:39:37,1.699979,101.537555,0,0,0,0,0,0,0,0,289,180,forward,0,0,263.0,1.7000469499030302,101.53757840733017,1.5,247.0
13:39:39,1.69998,101.537556,0,0,0,0,0,0,0,0,289,180,forward,0,0,263.0,1.7000479499030303,101.53757940733018,1.4,297.0
13:39:41,1.69998,101.537555,0,0,0,0,0,0,0,0,289,180,forward,0,0,263.0,1.7000479499030303,101.53757840733019,1.2,264.0
13:39:43,1.69998,101.537556,0,0,0,0,0,0,0,0,289,180,forward,0,0,263.0,1.7000479499030303,101.53757940733018,1.4,241.0
13:39:45,1.699981,101.537556,0,0,0,0,0,0,0,0,289,180,forward,0,0,263.0,1.7000489499030302,101.5375794073302,1.6,271.0
13:39:47,1.699981,101.537556,0,0,0,0,0,0,0,0,289,180,forward,0,0,263.0,1.7000489499030302,101.5375794073302,1.6,268.0
13:39:50,1.699981,101.537556,0,0,0,0,0,0,0,0,289,180,forward,0,0,263.0,1.7000489499030302,101.5375794073302,1.6,239.0
13:39:52,1.699981,101.537556,0,0,0,0,0,0,0,0,288,180,forward,0,0,263.0,1.7000493478883718,101.53757821735364,1.8,224.0
13:39:54,1.699982,101.537556,0,0,0,0,0,0,0,0,289,180,forward,0,0,263.0,1.7000499499030304,101.53757940733021,1.0,229.0
13:39:56,1.699982,101.537557,0,0,0,0,0,0,0,0,289,180,forward,0,0,263.0,1.7000499499030304,101.53758040733022,0.6,221.0
13:39:58,1.699982,101.537557,0,0,0,0,0,0,0,0,289,180,forward,0,0,263.0,1.7000499499030304,101.53758040733022,0.6,195.0
13:40:01,1.699982,101.537558,0,0,0,0,0,0,0,0,289,180,forward,0,0,263.0,1.7000499499030304,101.53758140733022,0.7,217.0
13:40:03,1.699982,101.537558,0,0,0,0,0,0,0,0,289,180,forward,0,0,263.0,1.7000499499030304,101.53758140733022,0.3,248.0
13:40:05,1.699983,101.537558,0,0,0,0,0,0,0,0,290,180,forward,0,0,263.0,1.7000505312194902,101.53758259017668,1.1,216.0
13:40:07,1.699983,101.537559,0,0,0,0,0,0,0,0,289,180,forward,0,0,263.0,1.7000509499030303,101.53758240733023,1.4,196.0
13:40:09,1.699983,101.537559,0,0,0,0,0,0,0,0,289,180,forward,0,0,263.0,1.7000509499030303,101.53758240733023,2.8,251.0
13:40:12,1.699984,101.537559,0,0,0,0,0,0,0,0,289,180,forward,0,0,263.0,1.7000519499030302,101.53758240733023,1.9,226.0
13:40:14,1.699984,101.537559,0,0,0,0,0,0,0,0,289,180,forward,0,0,263.0,1.7000519499030302,101.53758240733023,1.3,201.0
13:40:16,1.699984,101.53756,0,0,0,0,0,0,0,0,289,180,forward,0,0,263.0,1.7000519499030302,101.53758340733023,1.5,191.0
13:40:18,1.699984,101.53756,0,0,0,0,0,0,0,0,290,180,forward,0,0,263.0,1.7000515312194902,101.53758459017669,1.3,343.0
13:40:20,1.699984,101.53756,0,0,0,0,0,0,0,0,289,180,forward,0,0,263.0,1.7000519499030302,101.53758340733023,1.9,224.0
13:40:23,1.699984,101.53756,0,0,0,0,0,0,0,0,289,180,forward,0,0,263.0,1.7000519499030302,101.53758340733023,1.7,176.0
13:40:25,1.699984,101.537559,0,0,0,0,0,0,0,0,289,180,forward,0,0,263.0,1.7000519499030302,101.53758240733023,1.1,267.0
13:40:27,1.699984,101.537559,0,0,0,0,0,0,0,0,288,180,forward,0,0,263.0,1.7000523478883718,101.53758121735369,1.8,231.0
13:40:29,1.699984,101.537559,0,0,0,0,0,0,0,0,289,180,forward,0,0,263.0,1.7000519499030302,101.53758240733023,1.5,196.0
13:40:31,1.699983,101.537558,0,0,0,0,0,0,0,0,289,180,forward,0,0,263.0,1.7000509499030303,101.53758140733024,1.2,356.0
13:40:34,1.699984,101.537558,0,0,0,0,0,0,0,0,289,180,forward,0,0,263.0,1.7000519499030302,101.53758140733024,2.0,321.0
13:40:36,1.699984,101.537557,0,0,0,0,0,0,0,0,289,180,forward,0,0,263.0,1.7000519499030302,101.53758040733024,2.9,74.0
13:40:38,1.699984,101.537556,0,0,0,0,0,0,0,0,289,180,forward,0,0,263.0,1.7000519499030302,101.53757940733023,1.8,210.0
13:40:40,1.699984,101.537556,0,0,0,0,0,0,0,0,289,180,forward,0,0,263.0,1.7000519499030302,101.53757940733023,1.6,244.0
13:40:42,1.699984,101.537555,0,0,0,0,0,0,0,0,289,180,forward,0,0,263.0,1.7000519499030302,101.53757840733023,1.5,292.0
13:40:45,1.699984,101.537554,0,0,0,0,0,0,0,0,289,180,forward,0,0,263.0,1.7000519499030302,101.53757740733023,1.4,239.0
13:40:47,1.699984,101.537553,0,0,0,0,0,0,0,0,289,180,forward,0,0,263.0,1.7000519499030302,101.53757640733023,1.5,269.0
13:40:49,1.699985,101.537552,0,0,0,0,0,0,0,0,289,180,forward,0,0,263.0,1.7000529499030304,101.53757540733025,2.0,255.0
13:40:51,1.699985,101.537551,0,0,0,0,0,0,0,0,290,180,forward,0,0,263.0,1.7000525312194903,101.5375755901767,2.1,151.0
13:40:53,1.699985,101.537551,0,0,0,0,0,0,0,0,289,180,forward,0,0,263.0,1.7000529499030304,101.53757440733024,1.8,268.0
13:40:56,1.699985,101.53755,0,0,0,0,0,0,0,0,290,180,forward,0,0,263.0,1.7000525312194903,101.5375745901767,1.3,151.0
13:40:58,1.699985,101.53755,0,0,0,0,0,0,0,0,289,180,forward,0,0,263.0,1.7000529499030304,101.53757340733024,1.7,256.0
13:41:00,1.699985,101.537549,0,0,0,0,0,0,0,0,289,180,forward,0,0,263.0,1.7000529499030304,101.53757240733025,1.6,156.0
13:41:02,1.699985,101.537549,0,0,0,0,0,0,0,0,290,180,forward,0,0,263.0,1.7000525312194903,101.5375735901767,1.1,184.0
13:41:04,1.699986,101.537549,0,0,0,0,0,0,0,0,289,180,forward,0,0,263.0,1.7000539499030303,101.53757240733026,0.9,71.0
13:41:07,1.699986,101.537549,0,0,0,0,0,0,0,0,289,180,forward,0,0,263.0,1.7000539499030303,101.53757240733026,0.8,272.0
13:41:09,1.699986,101.537548,0,0,0,0,0,0,0,0,288,180,forward,0,0,263.0,1.7000543478883718,101.53757021735372,0.6,310.0
13:41:11,1.699987,101.537548,0,0,0,0,0,0,0,0,289,180,forward,0,0,263.0,1.7000549499030302,101.53757140733028,0.1,245.0
13:41:13,1.699987,101.537548,0,0,0,0,0,0,0,0,289,180,forward,0,0,263.0,1.7000549499030302,101.53757140733028,1.0,232.0
13:41:15,1.699987,101.537548,0,0,0,0,0,0,0,0,289,180,forward,0,0,263.0,1.7000549499030302,101.53757140733028,1.7,144.0
13:41:18,1.699987,101.537547,0,0,0,0,0,0,0,0,289,180,forward,0,0,263.0,1.7000549499030302,101.53757040733028,1.7,308.0
13:41:20,1.699987,101.537547,0,0,0,0,0,0,0,0,290,180,forward,0,0,263.0,1.7000545312194901,101.53757159017674,2.2,104.0
13:41:22,1.699987,101.537546,0,0,0,0,0,0,0,0,289,180,forward,0,0,263.0,1.7000549499030302,101.53756940733028,1.9,294.0
13:41:24,1.699987,101.537546,0,0,0,0,0,0,0,0,289,180,forward,0,0,263.0,1.7000549499030302,101.53756940733028,1.3,155.0
13:41:26,1.699988,101.537546,0,0,0,0,0,0,0,0,289,180,forward,0,0,263.0,1.7000559499030303,101.5375694073303,1.2,252.0
13:41:29,1.699988,101.537545,0,0,0,0,0,0,0,0,290,180,forward,0,0,263.0,1.7000555312194903,101.53756959017673,0.6,291.0
13:41:31,1.699988,101.537545,0,0,0,0,0,0,0,0,288,180,forward,0,0,263.0,1.700056347888372,101.53756721735373,0.8,212.0
13:41:33,1.699988,101.537545,0,0,0,0,0,0,0,0,289,180,forward,0,0,263.0,1.7000559499030303,101.53756840733028,0.7,213.0
13:41:35,1.699988,101.537545,0,0,0,0,0,0,0,0,289,180,forward,0,0,263.0,1.7000559499030303,101.53756840733028,1.3,230.0
13:41:37,1.699989,101.537545,0,0,0,0,0,0,0,0,289,180,forward,0,0,263.0,1.7000569499030302,101.5375684073303,0.9,209.0
13:41:40,1.699989,101.537544,0,0,0,0,0,0,0,0,288,180,forward,0,0,263.0,1.7000573478883718,101.53756621735374,0.9,231.0
13:41:42,1.69999,101.537544,0,0,0,0,0,0,0,0,289,180,forward,0,0,263.0,1.7000579499030302,101.53756740733031,1.1,221.0
13:41:44,1.69999,101.537544,0,0,0,0,0,0,0,0,289,180,forward,0,0,263.0,1.7000579499030302,101.53756740733031,1.1,204.0
13:41:46,1.699991,101.537544,0,0,0,0,0,0,0,0,289,180,forward,0,0,263.0,1.7000589499030303,101.53756740733031,1.2,201.0
13:41:48,1.699992,101.537544,0,0,0,0,0,0,0,0,289,180,forward,0,0,263.0,1.7000599499030302,101.53756740733033,1.3,241.0
13:41:51,1.699992,101.537544,0,0,0,0,0,0,0,0,289,180,forward,0,0,263.0,1.7000599499030302,101.53756740733033,1.2,273.0
13:41:53,1.699992,101.537545,0,0,0,0,0,0,0,0,289,180,forward,0,0,263.0,1.7000599499030302,101.53756840733033,1.4,244.0
13:41:55,1.699992,101.537545,0,0,0,0,0,0,0,0,290,180,forward,0,0,263.0,1.7000595312194902,101.53756959017679,1.2,240.0
13:41:57,1.699993,101.537545,0,0,0,0,0,0,0,0,289,180,forward,0,0,263.0,1.7000609499030304,101.53756840733034,1.0,225.0
13:41:59,1.699993,101.537546,0,0,0,0,0,0,0,0,288,180,forward,0,0,263.0,1.700061347888372,101.5375682173538,0.9,282.0
13:42:02,1.699993,101.537546,0,0,0,0,0,0,0,0,289,180,forward,0,0,263.0,1.7000609499030304,101.53756940733035,1.2,249.0
13:42:04,1.699993,101.537546,0,0,0,0,0,0,0,0,289,180,forward,0,0,263.0,1.7000609499030304,101.53756940733035,1.5,235.0
13:42:06,1.699993,101.537546,0,0,0,0,0,0,0,0,289,180,forward,0,0,263.0,1.7000609499030304,101.53756940733035,1.3,265.0
13:42:08,1.699993,101.537547,0,0,0,0,0,0,0,0,289,180,forward,0,0,263.0,1.7000609499030304,101.53757040733035,1.2,31.0
13:42:10,1.699992,101.537547,0,0,0,0,0,0,0,0,289,180,forward,0,0,263.0,1.7000599499030302,101.53757040733034,1.9,336.0
13:42:13,1.699992,101.537548,0,0,0,0,0,0,0,0,288,180,forward,0,0,263.0,1.7000603478883718,101.53757021735377,1.8,68.0
13:42:15,1.699992,101.537548,0,0,0,0,0,0,0,0,289,180,forward,0,0,263.0,1.7000599499030302,101.53757140733033,1.9,264.0
13:42:17,1.699991,101.537548,0,0,0,0,0,0,0,0,289,180,forward,0,0,263.0,1.7000589499030303,101.53757140733032,1.2,213.0
13:42:19,1.699991,101.537549,0,0,0,0,0,0,0,0,289,180,forward,0,0,263.0,1.7000589499030303,101.53757240733032,0.7,218.0
13:42:21,1.699991,101.537549,0,0,0,0,0,0,0,0,289,180,forward,0,0,263.0,1.7000589499030303,101.53757240733032,1.2,327.0
13:42:24,1.699991,101.537549,0,0,0,0,0,0,0,0,290,180,forward,0,0,263.0,1.7000585312194902,101.53757359017678,1.9,194.0
13:42:26,1.699991,101.537549,0,0,0,0,0,0,0,0,289,180,forward,0,0,263.0,1.7000589499030303,101.53757240733032,0.9,212.0
13:42:28,1.699991,101.53755,0,0,0,0,0,0,0,0,290,180,forward,0,0,263.0,1.7000585312194902,101.53757459017677,0.9,216.0
13:42:30,1.699992,101.537551,0,0,0,0,0,0,0,0,289,180,forward,0,0,263.0,1.7000599499030302,101.53757440733033,1.2,238.0
13:42:32,1.699992,101.537551,0,0,0,0,0,0,0,0,289,180,forward,0,0,263.0,1.7000599499030302,101.53757440733033,1.3,282.0
13:42:35,1.699992,101.537552,0,0,0,0,0,0,0,0,289,180,forward,0,0,263.0,1.7000599499030302,101.53757540733034,1.4,202.0
13:42:37,1.699993,101.537552,0,0,0,0,0,0,0,0,289,180,forward,0,0,263.0,1.7000609499030304,101.53757540733035,1.6,221.0
13:42:39,1.699993,101.537552,0,0,0,0,0,0,0,0,289,180,forward,0,0,263.0,1.7000609499030304,101.53757540733035,1.6,217.0
13:42:41,1.699993,101.537552,0,0,0,0,0,0,0,0,289,180,forward,0,0,263.0,1.7000609499030304,101.53757540733035,1.5,210.0
13:42:43,1.699993,101.537553,0,0,0,0,0,0,0,0,289,180,forward,0,0,263.0,1.7000609499030304,101.53757640733035,1.4,228.0
13:42:46,1.699994,101.537553,0,0,0,0,0,0,0,0,289,180,forward,0,0,263.0,1.7000619499030303,101.53757640733036,1.2,217.0
13:42:48,1.699994,101.537553,0,0,0,0,0,0,0,0,289,180,forward,0,0,263.0,1.7000619499030303,101.53757640733036,1.5,229.0
13:42:50,1.699994,101.537553,0,0,0,0,0,0,0,0,289,180,forward,0,0,263.0,1.7000619499030303,101.53757640733036,1.4,265.0
13:42:52,1.699994,101.537553,0,0,0,0,0,0,0,0,289,180,forward,0,0,263.0,1.7000619499030303,101.53757640733036,1.6,291.0
13:42:54,1.699994,101.537552,0,0,0,0,0,0,0,0,290,180,forward,0,0,263.0,1.7000615312194902,101.53757659017683,1.4,296.0
13:42:57,1.699994,101.537552,0,0,0,0,0,0,0,0,289,180,forward,0,0,263.0,1.7000619499030303,101.53757540733037,1.3,68.0
13:42:59,1.699994,101.537552,0,0,0,0,0,0,0,0,289,180,forward,0,0,263.0,1.7000619499030303,101.53757540733037,1.8,48.0
13:43:01,1.699994,101.537552,0,0,0,0,0,0,0,0,288,180,forward,0,0,263.0,1.7000623478883718,101.53757421735381,1.2,82.0
13:43:03,1.699994,101.537552,0,0,0,0,0,0,0,0,289,180,forward,0,0,263.0,1.7000619499030303,101.53757540733037,1.6,41.0
13:43:05,1.699995,101.537552,0,0,0,0,0,0,0,0,288,180,forward,0,0,263.0,1.7000633478883718,101.53757421735382,1.1,203.0
13:43:07,1.699995,101.537551,0,0,0,0,0,0,0,0,289,180,forward,0,0,263.0,1.7000629499030302,101.53757440733037,1.0,237.0
13:43:10,1.699995,101.537551,0,0,0,0,0,0,0,0,290,180,forward,0,0,263.0,1.7000625312194901,101.53757559017683,1.5,85.0
13:43:12,1.699995,101.537551,0,0,0,0,0,0,0,0,289,180,forward,0,0,263.0,1.7000629499030302,101.53757440733037,2.4,27.0
13:43:14,1.699995,101.53755,0,0,0,0,0,0,0,0,289,180,forward,0,0,263.0,1.7000629499030302,101.53757340733037,1.8,32.0
13:43:16,1.699995,101.53755,0,0,0,0,0,0,0,0,289,180,forward,0,0,263.0,1.7000629499030302,101.53757340733037,1.7,203.0
13:43:18,1.699995,101.53755,0,0,0,0,0,0,0,0,289,180,forward,0,0,263.0,1.7000629499030302,101.53757340733037,1.2,191.0
13:43:21,1.699995,101.53755,0,0,0,0,0,0,0,0,289,180,forward,0,0,263.0,1.7000629499030302,101.53757340733037,2.7,354.0
13:43:23,1.699995,101.53755,0,0,0,0,0,0,0,0,289,180,forward,0,0,263.0,1.7000629499030302,101.53757340733037,3.2,353.0
13:43:25,1.699995,101.53755,0,0,0,0,0,0,0,0,289,180,forward,0,0,263.0,1.7000629499030302,101.53757340733037,2.3,194.0
13:43:27,1.699995,101.53755,0,0,0,0,0,0,0,0,289,180,forward,0,0,263.0,1.7000629499030302,101.53757340733037,1.2,293.0
13:43:29,1.699995,101.53755,0,0,0,0,0,0,0,0,289,180,forward,0,0,263.0,1.7000629499030302,101.53757340733037,1.7,102.0
13:43:32,1.699996,101.537549,0,0,0,0,0,0,0,0,289,180,forward,0,0,263.0,1.7000639499030303,101.53757240733039,2.3,195.0
13:43:34,1.699996,101.537549,0,0,0,0,0,0,0,0,289,180,forward,0,0,263.0,1.7000639499030303,101.53757240733039,1.8,178.0
13:43:36,1.699996,101.537549,0,0,0,0,0,0,0,0,289,180,forward,0,0,263.0,1.7000639499030303,101.53757240733039,1.5,52.0
13:43:38,1.699997,101.537549,0,0,0,0,0,0,0,0,289,180,forward,0,0,263.0,1.7000649499030303,101.5375724073304,2.2,143.0
13:43:40,1.699997,101.537549,0,0,0,0,0,0,0,0,289,180,forward,0,0,263.0,1.7000649499030303,101.5375724073304,1.3,305.0
13:43:43,1.699997,101.537548,0,0,0,0,0,0,0,0,289,180,forward,0,0,263.0,1.7000649499030303,101.5375714073304,1.4,219.0
13:43:45,1.699998,101.537548,0,0,0,0,0,0,0,0,289,180,forward,0,0,263.0,1.7000659499030302,101.5375714073304,1.2,115.0
13:43:47,1.699998,101.537548,0,0,0,0,0,0,0,0,289,180,forward,0,0,263.0,1.7000659499030302,101.5375714073304,1.6,288.0
13:43:49,1.699998,101.537548,0,0,0,0,0,0,0,0,289,180,forward,0,0,263.0,1.7000659499030302,101.5375714073304,1.4,165.0
13:43:51,1.699998,101.537548,0,0,0,0,0,0,0,0,289,180,forward,0,0,263.0,1.7000659499030302,101.5375714073304,1.0,137.0
13:43:54,1.699999,101.537548,0,0,0,0,0,0,0,0,289,180,forward,0,0,263.0,1.7000669499030303,101.53757140733042,1.0,139.0
13:43:56,1.699999,101.537548,0,0,0,0,0,0,0,0,289,180,forward,0,0,263.0,1.7000669499030303,101.53757140733042,0.4,250.0
13:43:58,1.699999,101.537548,0,0,0,0,0,0,0,0,289,180,forward,0,0,263.0,1.7000669499030303,101.53757140733042,1.3,215.0
13:44:00,1.699999,101.537548,0,0,0,0,0,0,0,0,289,180,forward,0,0,263.0,1.7000669499030303,101.53757140733042,0.9,130.0
13:44:02,1.7,101.537548,0,0,0,0,0,0,0,0,289,180,forward,0,0,263.0,1.7000679499030302,101.53757140733043,0.9,233.0
13:44:05,1.7,101.537548,0,0,0,0,0,0,0,0,289,180,forward,0,0,263.0,1.7000679499030302,101.53757140733043,0.5,54.0
13:44:07,1.7,101.537549,0,0,0,0,0,0,0,0,289,180,forward,0,0,263.0,1.7000679499030302,101.53757240733043,0.4,209.0
13:44:09,1.7,101.537549,0,0,0,0,0,0,0,0,289,180,forward,0,0,263.0,1.7000679499030302,101.53757240733043,0.8,181.0
13:44:11,1.7,101.537549,0,0,0,0,0,0,0,0,288,180,forward,0,0,263.0,1.7000683478883718,101.53757121735387,0.7,143.0
13:44:13,1.7,101.537549,0,0,0,0,0,0,0,0,289,180,forward,0,0,263.0,1.7000679499030302,101.53757240733043,0.9,250.0
13:44:16,1.7,101.53755,0,0,0,0,0,0,0,0,288,180,forward,0,0,263.0,1.7000683478883718,101.53757221735387,0.8,210.0
13:44:18,1.7,101.53755,0,0,0,0,0,0,0,0,289,180,forward,0,0,263.0,1.7000679499030302,101.53757340733043,0.8,217.0
13:44:20,1.7,101.53755,0,0,0,0,0,0,0,0,289,180,forward,0,0,263.0,1.7000679499030302,101.53757340733043,0.6,136.0
13:44:22,1.699999,101.537551,0,0,0,0,0,0,0,0,289,180,forward,0,0,263.0,1.7000669499030303,101.53757440733041,0.6,245.0
13:44:24,1.699999,101.537551,0,0,0,0,0,0,0,0,289,180,forward,0,0,263.0,1.7000669499030303,101.53757440733041,0.8,204.0
13:44:27,1.699998,101.537551,0,0,0,0,0,0,0,0,289,180,forward,0,0,263.0,1.7000659499030302,101.5375744073304,0.6,171.0
13:44:29,1.699998,101.537552,0,0,0,0,0,0,0,0,289,180,forward,0,0,263.0,1.7000659499030302,101.53757540733041,0.6,240.0
13:44:31,1.699998,101.537552,0,0,0,0,0,0,0,0,289,180,forward,0,0,263.0,1.7000659499030302,101.53757540733041,0.5,249.0
13:44:33,1.699998,101.537553,0,0,0,0,0,0,0,0,289,180,forward,0,0,263.0,1.7000659499030302,101.5375764073304,0.6,206.0
13:44:35,1.699997,101.537553,0,0,0,0,0,0,0,0,289,180,forward,0,0,263.0,1.7000649499030303,101.5375764073304,0.5,203.0
13:44:38,1.699997,101.537553,0,0,0,0,0,0,0,0,289,180,forward,0,0,263.0,1.7000649499030303,101.5375764073304,0.6,137.0
13:44:40,1.699997,101.537554,0,0,0,0,0,0,0,0,288,180,forward,0,0,263.0,1.7000653478883718,101.53757621735383,0.6,189.0
13:44:42,1.699996,101.537554,0,0,0,0,0,0,0,0,289,180,forward,0,0,263.0,1.7000639499030303,101.53757740733039,0.3,167.0
13:44:44,1.699996,101.537554,0,0,0,0,0,0,0,0,289,180,forward,0,0,263.0,1.7000639499030303,101.53757740733039,0.6,184.0
13:44:46,1.699996,101.537554,0,0,0,0,0,0,0,0,289,180,forward,0,0,263.0,1.7000639499030303,101.53757740733039,0.0,187.0
13:44:49,1.699995,101.537555,0,0,0,0,0,0,0,0,289,180,forward,0,0,263.0,1.7000629499030302,101.53757840733037,0.3,162.0
13:44:51,1.699995,101.537555,0,0,0,0,0,0,0,0,289,180,forward,0,0,263.0,1.7000629499030302,101.53757840733037,0.5,162.0
13:44:53,1.699995,101.537555,0,0,0,0,0,0,0,0,289,180,forward,0,0,263.0,1.7000629499030302,101.53757840733037,0.6,164.0
13:44:55,1.699995,101.537555,0,0,0,0,0,0,0,0,289,180,forward,0,0,263.0,1.7000629499030302,101.53757840733037,0.0,144.0
13:44:57,1.699994,101.537554,0,0,0,0,0,0,0,0,288,180,forward,0,0,263.0,1.7000623478883718,101.5375762173538,0.1,148.0
13:45:00,1.699994,101.537554,0,0,0,0,0,0,0,0,289,180,forward,0,0,263.0,1.7000619499030303,101.53757740733036,0.6,105.0
13:45:02,1.699993,101.537553,0,0,0,0,0,0,0,0,289,180,forward,0,0,263.0,1.7000609499030304,101.53757640733035,0.7,139.0
13:45:04,1.699993,101.537553,0,0,0,0,0,0,0,0,289,180,forward,0,0,263.0,1.7000609499030304,101.53757640733035,0.8,231.0
13:45:06,1.699992,101.537553,0,0,0,0,0,0,0,0,289,180,forward,0,0,263.0,1.7000599499030302,101.53757640733033,0.6,245.0
13:45:08,1.699991,101.537553,0,0,0,0,0,0,0,0,290,180,forward,0,0,263.0,1.7000585312194902,101.53757759017678,0.6,214.0
13:45:11,1.699991,101.537553,0,0,0,0,0,0,0,0,289,180,forward,0,0,263.0,1.7000589499030303,101.53757640733032,0.6,191.0
13:45:13,1.69999,101.537553,0,0,0,0,0,0,0,0,289,180,forward,0,0,263.0,1.7000579499030302,101.53757640733032,0.3,186.0
13:45:15,1.69999,101.537553,0,0,0,0,0,0,0,0,289,180,forward,0,0,263.0,1.7000579499030302,101.53757640733032,0.6,219.0
13:45:17,1.699989,101.537553,0,0,0,0,0,0,0,0,289,180,forward,0,0,263.0,1.7000569499030302,101.5375764073303,0.5,225.0
13:45:19,1.699988,101.537553,0,0,0,0,0,0,0,0,289,180,forward,0,0,263.0,1.7000559499030303,101.53757640733029,0.2,216.0
13:45:22,1.699987,101.537553,0,0,0,0,0,0,0,0,289,180,forward,0,0,263.0,1.7000549499030302,101.53757640733028,0.4,230.0
13:45:24,1.699987,101.537553,0,0,0,0,0,0,0,0,289,180,forward,0,0,263.0,1.7000549499030302,101.53757640733028,0.3,212.0
13:45:26,1.699986,101.537554,0,0,0,0,0,0,0,0,289,180,forward,0,0,263.0,1.7000539499030303,101.53757740733026,0.6,208.0
13:45:28,1.699986,101.537554,0,0,0,0,0,0,0,0,289,180,forward,0,0,263.0,1.7000539499030303,101.53757740733026,1.0,168.0
13:45:30,1.699985,101.537554,0,0,0,0,0,0,0,0,289,180,forward,0,0,263.0,1.7000529499030304,101.53757740733025,1.1,144.0
13:45:33,1.699985,101.537555,0,0,0,0,0,0,0,0,289,180,forward,0,0,263.0,1.7000529499030304,101.53757840733024,1.1,105.0
13:45:35,1.699985,101.537555,0,0,0,0,0,0,0,0,289,180,forward,0,0,263.0,1.7000529499030304,101.53757840733024,1.0,258.0
13:45:37,1.699985,101.537555,0,0,0,0,0,0,0,0,289,180,forward,0,0,263.0,1.7000529499030304,101.53757840733024,1.4,214.0
13:45:39,1.699985,101.537556,0,0,0,0,0,0,0,0,289,180,forward,0,0,263.0,1.7000529499030304,101.53757940733024,1.1,188.0
13:45:41,1.699985,101.537556,0,0,0,0,0,0,0,0,288,180,forward,0,0,263.0,1.700053347888372,101.5375782173537,0.6,227.0
13:45:44,1.699985,101.537556,0,0,0,0,0,0,0,0,289,180,forward,0,0,263.0,1.7000529499030304,101.53757940733024,1.2,207.0
13:45:46,1.699985,101.537557,0,0,0,0,0,0,0,0,289,180,forward,0,0,263.0,1.7000529499030304,101.53758040733025,0.7,212.0
13:45:48,1.699985,101.537558,0,0,0,0,0,0,0,0,289,180,forward,0,0,263.0,1.7000529499030304,101.53758140733025,0.6,240.0
13:45:50,1.699985,101.537559,0,0,0,0,0,0,0,0,289,180,forward,0,0,263.0,1.7000529499030304,101.53758240733025,0.2,203.0
13:45:52,1.699985,101.537559,0,0,0,0,0,0,0,0,289,180,forward,0,0,263.0,1.7000529499030304,101.53758240733025,0.6,284.0
13:45:55,1.699985,101.53756,0,0,0,0,0,0,0,0,289,180,forward,0,0,263.0,1.7000529499030304,101.53758340733025,0.2,162.0
13:45:57,1.699984,101.53756,0,0,0,0,0,0,0,0,289,180,forward,0,0,263.0,1.7000519499030302,101.53758340733023,0.2,174.0
13:45:59,1.699984,101.537561,0,0,0,0,0,0,0,0,289,180,forward,0,0,263.0,1.7000519499030302,101.53758440733023,0.3,202.0
13:46:01,1.699983,101.537561,0,0,0,0,0,0,0,0,289,180,forward,0,0,263.0,1.7000509499030303,101.53758440733023,0.6,243.0
13:46:03,1.699983,101.537561,0,0,0,0,0,0,0,0,289,180,forward,0,0,263.0,1.7000509499030303,101.53758440733023,0.4,226.0
13:46:06,1.699982,101.537561,0,0,0,0,0,0,0,0,289,180,forward,0,0,263.0,1.7000499499030304,101.53758440733021,0.0,269.0
13:46:08,1.699982,101.537561,0,0,0,0,0,0,0,0,289,180,forward,0,0,263.0,1.7000499499030304,101.53758440733021,0.0,228.0
13:46:10,1.699981,101.537561,0,0,0,0,0,0,0,0,289,180,forward,0,0,263.0,1.7000489499030302,101.5375844073302,0.2,188.0
13:46:12,1.69998,101.537561,0,0,0,0,0,0,0,0,290,180,forward,0,0,263.0,1.7000475312194903,101.53758559017663,0.0,192.0
13:46:14,1.699979,101.537562,0,0,0,0,0,0,0,0,289,180,forward,0,0,263.0,1.7000469499030302,101.53758540733017,0.0,200.0
13:46:17,1.699978,101.537562,0,0,0,0,0,0,0,0,289,180,forward,0,0,263.0,1.7000459499030303,101.53758540733016,0.0,211.0
13:46:19,1.699977,101.537562,0,0,0,0,0,0,0,0,289,180,forward,0,0,263.0,1.7000449499030303,101.53758540733016,0.0,230.0
13:46:21,1.699977,101.537563,0,0,0,0,0,0,0,0,289,180,forward,0,0,263.0,1.7000449499030303,101.53758640733017,0.4,243.0
13:46:23,1.699976,101.537563,0,0,0,0,0,0,0,0,289,180,forward,0,0,263.0,1.7000439499030302,101.53758640733015,0.3,206.0
13:46:25,1.699976,101.537563,0,0,0,0,0,0,0,0,289,180,forward,0,0,263.0,1.7000439499030302,101.53758640733015,0.5,225.0
13:46:28,1.699975,101.537564,0,0,0,0,0,0,0,0,290,180,forward,0,0,263.0,1.7000425312194902,101.53758859017658,1.0,234.0
13:46:30,1.699974,101.537564,0,0,0,0,0,0,0,0,289,180,forward,0,0,263.0,1.7000419499030304,101.53758740733012,0.9,248.0
13:46:32,1.699974,101.537564,0,0,0,0,0,0,0,0,289,180,forward,0,0,263.0,1.7000419499030304,101.53758740733012,1.4,226.0
13:46:34,1.699973,101.537564,0,0,0,0,0,0,0,0,289,180,forward,0,0,263.0,1.7000409499030302,101.53758740733011,0.8,168.0
13:46:36,1.699973,101.537565,0,0,0,0,0,0,0,0,289,180,forward,0,0,263.0,1.7000409499030302,101.5375884073301,0.7,226.0
13:46:39,1.699972,101.537565,0,0,0,0,0,0,0,0,289,180,forward,0,0,263.0,1.7000399499030303,101.53758840733009,0.0,212.0
13:46:41,1.699972,101.537565,0,0,0,0,0,0,0,0,290,180,forward,0,0,263.0,1.7000395312194903,101.53758959017654,0.0,182.0
13:46:43,1.699972,101.537565,0,0,0,0,0,0,0,0,289,180,forward,0,0,263.0,1.7000399499030303,101.53758840733009,0.6,190.0
13:46:45,1.699971,101.537565,0,0,0,0,0,0,0,0,289,180,forward,0,0,263.0,1.7000389499030302,101.53758840733008,0.4,196.0
13:46:47,1.699971,101.537565,0,0,0,0,0,0,0,0,290,180,forward,0,0,263.0,1.7000385312194901,101.53758959017652,0.8,19.0
13:46:50,1.699971,101.537565,0,0,0,0,0,0,0,0,290,180,forward,0,0,263.0,1.7000385312194901,101.53758959017652,1.9,236.0
13:46:52,1.69997,101.537565,0,0,0,0,0,0,0,0,289,180,forward,0,0,263.0,1.7000379499030303,101.53758840733008,1.7,145.0
13:46:54,1.69997,101.537564,0,0,0,0,0,0,0,0,289,180,forward,0,0,263.0,1.7000379499030303,101.53758740733008,1.8,332.0
13:46:56,1.69997,101.537564,0,0,0,0,0,0,0,0,289,180,forward,0,0,263.0,1.7000379499030303,101.53758740733008,2.0,212.0
13:46:58,1.699969,101.537564,0,0,0,0,0,0,0,0,289,180,forward,0,0,263.0,1.7000369499030303,101.53758740733007,1.8,211.0
13:47:01,1.699969,101.537564,0,0,0,0,0,0,0,0,290,180,forward,0,0,263.0,1.7000365312194903,101.5375885901765,1.5,186.0
13:47:03,1.699968,101.537564,0,0,0,0,0,0,0,0,289,180,forward,0,0,263.0,1.7000359499030302,101.53758740733005,0.9,222.0
13:47:05,1.699968,101.537563,0,0,0,0,0,0,0,0,289,180,forward,0,0,263.0,1.7000359499030302,101.53758640733005,0.5,204.0
13:47:07,1.699968,101.537563,0,0,0,0,0,0,0,0,289,180,forward,0,0,263.0,1.7000359499030302,101.53758640733005,0.6,188.0
13:47:09,1.699969,101.537563,0,0,0,0,0,0,0,0,289,180,forward,0,0,263.0,1.7000369499030303,101.53758640733007,0.5,232.0
13:47:12,1.699969,101.537563,0,0,0,0,0,0,0,0,289,180,forward,0,0,263.0,1.7000369499030303,101.53758640733007,0.9,120.0
13:47:14,1.699968,101.537563,0,0,0,0,0,0,0,0,290,180,forward,0,0,263.0,1.7000355312194901,101.5375875901765,0.6,167.0
13:47:16,1.699968,101.537563,0,0,0,0,0,0,0,0,290,180,forward,0,0,263.0,1.7000355312194901,101.5375875901765,0.1,218.0
13:47:18,1.699968,101.537563,0,0,0,0,0,0,0,0,290,180,forward,0,0,263.0,1.7000355312194901,101.5375875901765,0.6,205.0
13:47:20,1.699968,101.537564,0,0,0,0,0,0,0,0,289,180,forward,0,0,263.0,1.7000359499030302,101.53758740733005,0.5,213.0
13:47:23,1.699968,101.537564,0,0,0,0,0,0,0,0,289,180,forward,0,0,263.0,1.7000359499030302,101.53758740733005,0.7,192.0
13:47:25,1.699967,101.537564,0,0,0,0,0,0,0,0,289,180,forward,0,0,263.0,1.7000349499030303,101.53758740733004,0.5,220.0
13:47:27,1.699967,101.537565,0,0,0,0,0,0,0,0,290,180,forward,0,0,263.0,1.7000345312194902,101.53758959017648,0.4,162.0
13:47:29,1.699967,101.537565,0,0,0,0,0,0,0,0,289,180,forward,0,0,263.0,1.7000349499030303,101.53758840733003,0.2,157.0
13:47:31,1.699966,101.537565,0,0,0,0,0,0,0,0,289,180,forward,0,0,263.0,1.7000339499030304,101.53758840733002,0.5,293.0
13:47:34,1.699966,101.537566,0,0,0,0,0,0,0,0,289,180,forward,0,0,263.0,1.7000339499030304,101.53758940733002,1.0,126.0
13:47:36,1.699966,101.537566,0,0,0,0,0,0,0,0,289,180,forward,0,0,263.0,1.7000339499030304,101.53758940733002,1.0,210.0
13:47:38,1.699966,101.537566,0,0,0,0,0,0,0,0,289,180,forward,0,0,263.0,1.7000339499030304,101.53758940733002,0.7,287.0
13:47:40,1.699966,101.537567,0,0,0,0,0,0,0,0,289,180,forward,0,0,263.0,1.7000339499030304,101.53759040733001,0.5,175.0
13:47:42,1.699966,101.537567,0,0,0,0,0,0,0,0,289,180,forward,0,0,263.0,1.7000339499030304,101.53759040733001,1.0,258.0
13:47:45,1.699966,101.537568,0,0,0,0,0,0,0,0,290,180,forward,0,0,263.0,1.7000335312194903,101.53759259017646,0.9,232.0
13:47:47,1.699966,101.537568,0,0,0,0,0,0,0,0,289,180,forward,0,0,263.0,1.7000339499030304,101.53759140733001,0.6,97.0
13:47:49,1.699966,101.537569,0,0,0,0,0,0,0,0,289,180,forward,0,0,263.0,1.7000339499030304,101.53759240733002,0.6,122.0
13:47:51,1.699966,101.537569,0,0,0,0,0,0,0,0,289,180,forward,0,0,263.0,1.7000339499030304,101.53759240733002,0.0,196.0
13:47:53,1.699966,101.53757,0,0,0,0,0,0,0,0,289,180,forward,0,0,263.0,1.7000339499030304,101.53759340733002,0.1,196.0
13:47:56,1.699966,101.53757,0,0,0,0,0,0,0,0,290,180,forward,0,0,263.0,1.7000335312194903,101.53759459017647,0.2,196.0
13:47:58,1.699965,101.537571,0,0,0,0,0,0,0,0,289,180,forward,0,0,263.0,1.7000329499030302,101.53759440733,0.1,156.0
13:48:00,1.699965,101.537571,0,0,0,0,0,0,0,0,289,180,forward,0,0,263.0,1.7000329499030302,101.53759440733,0.0,159.0
13:48:02,1.699965,101.537572,0,0,0,0,0,0,0,0,290,180,forward,0,0,263.0,1.7000325312194902,101.53759659017645,0.6,192.0
13:48:04,1.699965,101.537573,0,0,0,0,0,0,0,0,289,180,forward,0,0,263.0,1.7000329499030302,101.53759640733,0.4,194.0
13:48:07,1.699965,101.537573,0,0,0,0,0,0,0,0,289,180,forward,0,0,263.0,1.7000329499030302,101.53759640733,0.4,181.0
13:48:09,1.699965,101.537573,0,0,0,0,0,0,0,0,289,180,forward,0,0,263.0,1.7000329499030302,101.53759640733,0.6,167.0
13:48:11,1.699965,101.537573,0,0,0,0,0,0,0,0,290,180,forward,0,0,263.0,1.7000325312194902,101.53759759017645,0.6,188.0
13:48:13,1.699965,101.537573,0,0,0,0,0,0,0,0,289,180,forward,0,0,263.0,1.7000329499030302,101.53759640733,0.6,190.0
13:48:15,1.699964,101.537573,0,0,0,0,0,0,0,0,289,180,forward,0,0,263.0,1.7000319499030303,101.53759640732999,0.6,156.0
13:48:17,1.699964,101.537572,0,0,0,0,0,0,0,0,289,180,forward,0,0,263.0,1.7000319499030303,101.53759540732999,0.5,291.0
13:48:20,1.699964,101.537572,0,0,0,0,0,0,0,0,289,180,forward,0,0,263.0,1.7000319499030303,101.53759540732999,1.8,308.0
13:48:22,1.699963,101.537572,0,0,0,0,0,0,0,0,288,180,forward,0,0,263.0,1.7000313478883717,101.53759421735344,1.8,17.0
13:48:24,1.699963,101.537572,0,0,0,0,0,0,0,0,289,180,forward,0,0,263.0,1.7000309499030302,101.53759540732999,1.6,196.0
13:48:26,1.699963,101.537572,0,0,0,0,0,0,0,0,288,180,forward,0,0,263.0,1.7000313478883717,101.53759421735344,1.7,137.0
13:48:28,1.699963,101.537572,0,0,0,0,0,0,0,0,289,180,forward,0,0,263.0,1.7000309499030302,101.53759540732999,1.1,248.0
13:48:31,1.699963,101.537571,0,0,0,0,0,0,0,0,289,180,forward,0,0,263.0,1.7000309499030302,101.53759440732999,1.4,199.0
13:48:33,1.699963,101.537571,0,0,0,0,0,0,0,0,290,180,forward,0,0,263.0,1.70003053121949,101.53759559017642,2.0,246.0
13:48:35,1.699963,101.537571,0,0,0,0,0,0,0,0,289,180,forward,0,0,263.0,1.7000309499030302,101.53759440732999,1.2,205.0
13:48:37,1.699963,101.537571,0,0,0,0,0,0,0,0,289,180,forward,0,0,263.0,1.7000309499030302,101.53759440732999,0.8,211.0
13:48:39,1.699963,101.537571,0,0,0,0,0,0,0,0,289,180,forward,0,0,263.0,1.7000309499030302,101.53759440732999,1.8,210.0
13:48:42,1.699963,101.537571,0,0,0,0,0,0,0,0,289,180,forward,0,0,263.0,1.7000309499030302,101.53759440732999,1.3,289.0
13:48:44,1.699963,101.537571,0,0,0,0,0,0,0,0,289,180,forward,0,0,263.0,1.7000309499030302,101.53759440732999,1.2,74.0
13:48:46,1.699963,101.537571,0,0,0,0,0,0,0,0,289,180,forward,0,0,263.0,1.7000309499030302,101.53759440732999,1.0,281.0
13:48:48,1.699964,101.53757,0,0,0,0,0,0,0,0,289,180,forward,0,0,263.0,1.7000319499030303,101.53759340733,1.2,216.0
13:48:50,1.699964,101.53757,0,0,0,0,0,0,0,0,289,180,forward,0,0,263.0,1.7000319499030303,101.53759340733,1.6,170.0
13:48:53,1.699965,101.537569,0,0,0,0,0,0,0,0,289,180,forward,0,0,263.0,1.7000329499030302,101.53759240733001,1.4,131.0
13:48:55,1.699965,101.537569,0,0,0,0,0,0,0,0,289,180,forward,0,0,263.0,1.7000329499030302,101.53759240733001,1.6,317.0
13:48:57,1.699965,101.537569,0,0,0,0,0,0,0,0,289,180,forward,0,0,263.0,1.7000329499030302,101.53759240733001,1.9,234.0
13:48:59,1.699966,101.537568,0,0,0,0,0,0,0,0,289,180,forward,0,0,263.0,1.7000339499030304,101.53759140733001,1.8,236.0
13:49:01,1.699966,101.537567,0,0,0,0,0,0,0,0,289,180,forward,0,0,263.0,1.7000339499030304,101.53759040733001,1.4,261.0
13:49:04,1.699966,101.537567,0,0,0,0,0,0,0,0,289,180,forward,0,0,263.0,1.7000339499030304,101.53759040733001,2.0,86.0
13:49:06,1.699967,101.537567,0,0,0,0,0,0,0,0,289,180,forward,0,0,263.0,1.7000349499030303,101.53759040733003,3.3,281.0
13:49:08,1.699968,101.537567,0,0,0,0,0,0,0,0,289,180,forward,0,0,263.0,1.7000359499030302,101.53759040733004,1.8,195.0
13:49:10,1.699968,101.537566,0,0,0,0,0,0,0,0,289,180,forward,0,0,263.0,1.7000359499030302,101.53758940733005,1.2,125.0
13:49:12,1.699969,101.537566,0,0,0,0,0,0,0,0,289,180,forward,0,0,263.0,1.7000369499030303,101.53758940733006,1.2,131.0
13:49:15,1.699969,101.537566,0,0,0,0,0,0,0,0,289,180,forward,0,0,263.0,1.7000369499030303,101.53758940733006,1.2,160.0
13:49:17,1.69997,101.537566,0,0,0,0,0,0,0,0,289,180,forward,0,0,263.0,1.7000379499030303,101.53758940733007,0.8,154.0
13:49:19,1.699971,101.537566,0,0,0,0,0,0,0,0,288,180,forward,0,0,263.0,1.7000393478883717,101.53758821735353,0.5,163.0
13:49:21,1.699971,101.537566,0,0,0,0,0,0,0,0,289,180,forward,0,0,263.0,1.7000389499030302,101.53758940733007,0.6,139.0
13:49:23,1.699972,101.537565,0,0,0,0,0,0,0,0,289,180,forward,0,0,263.0,1.7000399499030303,101.53758840733009,0.9,196.0
13:49:26,1.699973,101.537565,0,0,0,0,0,0,0,0,290,180,forward,0,0,263.0,1.7000405312194902,101.53758959017655,1.2,178.0
13:49:28,1.699973,101.537565,0,0,0,0,0,0,0,0,288,180,forward,0,0,263.0,1.7000413478883718,101.53758721735356,0.9,124.0
13:49:30,1.699974,101.537565,0,0,0,0,0,0,0,0,290,180,forward,0,0,263.0,1.7000415312194903,101.53758959017657,0.7,215.0
13:49:32,1.699974,101.537565,0,0,0,0,0,0,0,0,289,180,forward,0,0,263.0,1.7000419499030304,101.53758840733012,0.9,138.0
13:49:34,1.699974,101.537565,0,0,0,0,0,0,0,0,289,180,forward,0,0,263.0,1.7000419499030304,101.53758840733012,0.7,284.0
13:49:37,1.699975,101.537565,0,0,0,0,0,0,0,0,289,180,forward,0,0,263.0,1.7000429499030303,101.53758840733013,1.2,136.0
13:49:39,1.699975,101.537566,0,0,0,0,0,0,0,0,289,180,forward,0,0,263.0,1.7000429499030303,101.53758940733013,1.1,270.0
13:49:41,1.699976,101.537566,0,0,0,0,0,0,0,0,289,180,forward,0,0,263.0,1.7000439499030302,101.53758940733015,1.2,260.0
13:49:43,1.699977,101.537566,0,0,0,0,0,0,0,0,289,180,forward,0,0,263.0,1.7000449499030303,101.53758940733016,1.0,42.0
13:49:45,1.699977,101.537566,0,0,0,0,0,0,0,0,289,180,forward,0,0,263.0,1.7000449499030303,101.53758940733016,1.2,121.0
13:49:48,1.699978,101.537566,0,0,0,0,0,0,0,0,288,180,forward,0,0,263.0,1.7000463478883718,101.53758821735362,1.3,257.0
13:49:50,1.699979,101.537566,0,0,0,0,0,0,0,0,289,180,forward,0,0,263.0,1.7000469499030302,101.53758940733017,1.0,145.0
13:49:52,1.69998,101.537567,0,0,0,0,0,0,0,0,289,180,forward,0,0,263.0,1.7000479499030303,101.53759040733019,1.8,312.0
13:49:54,1.699981,101.537567,0,0,0,0,0,0,0,0,289,180,forward,0,0,263.0,1.7000489499030302,101.5375904073302,1.3,214.0
13:49:56,1.699981,101.537568,0,0,0,0,0,0,0,0,289,180,forward,0,0,263.0,1.7000489499030302,101.5375914073302,1.8,248.0
13:49:59,1.699982,101.537568,0,0,0,0,0,0,0,0,290,180,forward,0,0,263.0,1.7000495312194903,101.53759259017666,1.2,183.0
13:50:01,1.699983,101.537568,0,0,0,0,0,0,0,0,289,180,forward,0,0,263.0,1.7000509499030303,101.53759140733023,1.0,204.0
13:50:03,1.699984,101.537568,0,0,0,0,0,0,0,0,289,180,forward,0,0,263.0,1.7000519499030302,101.53759140733023,0.7,196.0
13:50:05,1.699984,101.537568,0,0,0,0,0,0,0,0,289,180,forward,0,0,263.0,1.7000519499030302,101.53759140733023,0.6,149.0
13:50:07,1.699985,101.537568,0,0,0,0,0,0,0,0,290,180,forward,0,0,263.0,1.7000525312194903,101.5375925901767,0.9,167.0
13:50:10,1.699986,101.537568,0,0,0,0,0,0,0,0,289,180,forward,0,0,263.0,1.7000539499030303,101.53759140733025,1.2,94.0
13:50:12,1.699987,101.537568,0,0,0,0,0,0,0,0,290,180,forward,0,0,263.0,1.7000545312194901,101.53759259017673,1.1,62.0
13:50:14,1.699988,101.537567,0,0,0,0,0,0,0,0,289,180,forward,0,0,263.0,1.7000559499030303,101.53759040733028,0.9,189.0
13:50:16,1.699988,101.537567,0,0,0,0,0,0,0,0,290,180,forward,0,0,263.0,1.7000555312194903,101.53759159017673,1.0,200.0
13:50:18,1.699989,101.537566,0,0,0,0,0,0,0,0,289,180,forward,0,0,263.0,1.7000569499030302,101.5375894073303,1.0,204.0
13:50:21,1.699989,101.537566,0,0,0,0,0,0,0,0,288,180,forward,0,0,263.0,1.7000573478883718,101.53758821735374,0.7,155.0
13:50:23,1.699989,101.537566,0,0,0,0,0,0,0,0,289,180,forward,0,0,263.0,1.7000569499030302,101.5375894073303,1.7,143.0
13:50:25,1.69999,101.537565,0,0,0,0,0,0,0,0,289,180,forward,0,0,263.0,1.7000579499030302,101.53758840733032,1.3,218.0
13:50:27,1.69999,101.537565,0,0,0,0,0,0,0,0,289,180,forward,0,0,263.0,1.7000579499030302,101.53758840733032,0.6,150.0
13:50:29,1.69999,101.537565,0,0,0,0,0,0,0,0,289,180,forward,0,0,263.0,1.7000579499030302,101.53758840733032,0.6,208.0
13:50:32,1.699989,101.537565,0,0,0,0,0,0,0,0,289,180,forward,0,0,263.0,1.7000569499030302,101.5375884073303,1.2,115.0
13:50:34,1.699988,101.537565,0,0,0,0,0,0,0,0,290,180,forward,0,0,263.0,1.7000555312194903,101.53758959017674,0.9,103.0
13:50:36,1.699988,101.537565,0,0,0,0,0,0,0,0,289,180,forward,0,0,263.0,1.7000559499030303,101.53758840733029,0.4,192.0
13:50:38,1.699988,101.537565,0,0,0,0,0,0,0,0,289,180,forward,0,0,263.0,1.7000559499030303,101.53758840733029,0.5,116.0
13:50:40,1.699988,101.537564,0,0,0,0,0,0,0,0,290,180,forward,0,0,263.0,1.7000555312194903,101.53758859017674,0.6,189.0
13:50:43,1.699988,101.537564,0,0,0,0,0,0,0,0,289,180,forward,0,0,263.0,1.7000559499030303,101.53758740733029,0.7,178.0
13:50:45,1.699987,101.537564,0,0,0,0,0,0,0,0,289,180,forward,0,0,263.0,1.7000549499030302,101.53758740733028,0.7,174.0
13:50:47,1.699987,101.537563,0,0,0,0,0,0,0,0,289,180,forward,0,0,263.0,1.7000549499030302,101.53758640733028,1.4,129.0
13:50:49,1.699986,101.537563,0,0,0,0,0,0,0,0,290,180,forward,0,0,263.0,1.7000535312194902,101.53758759017673,1.4,338.0
13:50:51,1.699986,101.537563,0,0,0,0,0,0,0,0,289,180,forward,0,0,263.0,1.7000539499030303,101.53758640733027,1.5,292.0
13:50:54,1.699986,101.537562,0,0,0,0,0,0,0,0,290,180,forward,0,0,263.0,1.7000535312194902,101.53758659017672,1.2,233.0
13:50:56,1.699986,101.537561,0,0,0,0,0,0,0,0,289,180,forward,0,0,263.0,1.7000539499030303,101.53758440733026,1.0,190.0
13:50:58,1.699985,101.53756,0,0,0,0,0,0,0,0,289,180,forward,0,0,263.0,1.7000529499030304,101.53758340733025,1.1,195.0
13:51:00,1.699986,101.53756,0,0,0,0,0,0,0,0,289,180,forward,0,0,263.0,1.7000539499030303,101.53758340733026,0.6,144.0
13:51:02,1.699986,101.537559,0,0,0,0,0,0,0,0,289,180,forward,0,0,263.0,1.7000539499030303,101.53758240733026,1.9,105.0
13:51:05,1.699986,101.537559,0,0,0,0,0,0,0,0,289,180,forward,0,0,263.0,1.7000539499030303,101.53758240733026,1.6,192.0
13:51:07,1.699987,101.537559,0,0,0,0,0,0,0,0,289,180,forward,0,0,263.0,1.7000549499030302,101.53758240733028,0.8,111.0
13:51:09,1.699987,101.537558,0,0,0,0,0,0,0,0,290,180,forward,0,0,263.0,1.7000545312194901,101.53758259017674,0.7,222.0
13:51:11,1.699987,101.537558,0,0,0,0,0,0,0,0,289,180,forward,0,0,263.0,1.7000549499030302,101.53758140733028,1.0,226.0
13:51:13,1.699987,101.537558,0,0,0,0,0,0,0,0,289,180,forward,0,0,263.0,1.7000549499030302,101.53758140733028,1.3,256.0
13:51:16,1.699988,101.537557,0,0,0,0,0,0,0,0,289,180,forward,0,0,263.0,1.7000559499030303,101.5375804073303,1.5,219.0
13:51:18,1.699988,101.537557,0,0,0,0,0,0,0,0,289,180,forward,0,0,263.0,1.7000559499030303,101.5375804073303,1.5,84.0
13:51:20,1.699988,101.537556,0,0,0,0,0,0,0,0,289,180,forward,0,0,263.0,1.7000559499030303,101.53757940733028,1.9,62.0
13:51:22,1.699989,101.537556,0,0,0,0,0,0,0,0,290,180,forward,0,0,263.0,1.7000565312194902,101.53758059017674,1.4,254.0
13:51:24,1.69999,101.537555,0,0,0,0,0,0,0,0,289,180,forward,0,0,263.0,1.7000579499030302,101.53757840733032,0.6,215.0
13:51:27,1.69999,101.537555,0,0,0,0,0,0,0,0,290,180,forward,0,0,263.0,1.70005753121949,101.53757959017676,1.4,203.0
13:51:29,1.699991,101.537555,0,0,0,0,0,0,0,0,289,180,forward,0,0,263.0,1.7000589499030303,101.53757840733032,1.4,220.0
13:51:31,1.699992,101.537555,0,0,0,0,0,0,0,0,289,180,forward,0,0,263.0,1.7000599499030302,101.53757840733033,1.2,266.0
13:51:33,1.699993,101.537555,0,0,0,0,0,0,0,0,289,180,forward,0,0,263.0,1.7000609499030304,101.53757840733034,1.2,206.0
13:51:35,1.699993,101.537554,0,0,0,0,0,0,0,0,290,180,forward,0,0,263.0,1.7000605312194903,101.5375785901768,1.2,233.0
13:51:38,1.699994,101.537554,0,0,0,0,0,0,0,0,289,180,forward,0,0,263.0,1.7000619499030303,101.53757740733036,2.0,193.0
13:51:40,1.699994,101.537554,0,0,0,0,0,0,0,0,289,180,forward,0,0,263.0,1.7000619499030303,101.53757740733036,2.2,211.0
13:51:42,1.699994,101.537555,0,0,0,0,0,0,0,0,290,180,forward,0,0,263.0,1.7000615312194902,101.53757959017682,1.2,134.0
13:51:44,1.699994,101.537555,0,0,0,0,0,0,0,0,289,180,forward,0,0,263.0,1.7000619499030303,101.53757840733036,1.1,234.0
13:51:46,1.699994,101.537555,0,0,0,0,0,0,0,0,290,180,forward,0,0,263.0,1.7000615312194902,101.53757959017682,0.6,169.0
13:51:49,1.699995,101.537555,0,0,0,0,0,0,0,0,290,180,forward,0,0,263.0,1.7000625312194901,101.53757959017683,0.9,193.0
13:51:51,1.699995,101.537555,0,0,0,0,0,0,0,0,290,180,forward,0,0,263.0,1.7000625312194901,101.53757959017683,0.8,149.0
13:51:53,1.699995,101.537555,0,0,0,0,0,0,0,0,290,180,forward,0,0,263.0,1.7000625312194901,101.53757959017683,0.7,182.0
13:51:55,1.699995,101.537556,0,0,0,0,0,0,0,0,289,180,forward,0,0,263.0,1.7000629499030302,101.53757940733037,0.6,226.0
13:51:57,1.699995,101.537556,0,0,0,0,0,0,0,0,289,180,forward,0,0,263.0,1.7000629499030302,101.53757940733037,0.9,127.0
13:52:00,1.699995,101.537557,0,0,0,0,0,0,0,0,289,180,forward,0,0,263.0,1.7000629499030302,101.53758040733038,0.6,254.0
13:52:02,1.699995,101.537557,0,0,0,0,0,0,0,0,290,180,forward,0,0,263.0,1.7000625312194901,101.53758159017684,1.4,272.0
13:52:04,1.699995,101.537558,0,0,0,0,0,0,0,0,289,180,forward,0,0,263.0,1.7000629499030302,101.53758140733038,1.1,335.0
13:52:06,1.699994,101.537559,0,0,0,0,0,0,0,0,289,180,forward,0,0,263.0,1.7000619499030303,101.53758240733036,1.1,332.0
13:52:08,1.699993,101.537559,0,0,0,0,0,0,0,0,289,180,forward,0,0,263.0,1.7000609499030304,101.53758240733035,0.9,33.0
13:52:11,1.699993,101.537559,0,0,0,0,0,0,0,0,290,180,forward,0,0,263.0,1.7000605312194903,101.53758359017681,1.0,310.0
13:52:13,1.699993,101.53756,0,0,0,0,0,0,0,0,289,180,forward,0,0,263.0,1.7000609499030304,101.53758340733035,1.2,196.0
13:52:15,1.699992,101.53756,0,0,0,0,0,0,0,0,289,180,forward,0,0,263.0,1.7000599499030302,101.53758340733033,1.0,130.0
13:52:17,1.699992,101.53756,0,0,0,0,0,0,0,0,291,180,forward,0,0,263.0,1.700059091965286,101.53758576553284,1.2,211.0
13:52:19,1.699991,101.53756,0,0,0,0,0,0,0,0,290,180,forward,0,0,263.0,1.7000585312194902,101.53758459017678,1.2,206.0
13:52:22,1.699991,101.53756,0,0,0,0,0,0,0,0,289,180,forward,0,0,263.0,1.7000589499030303,101.53758340733032,0.9,200.0
13:52:24,1.69999,101.53756,0,0,0,0,0,0,0,0,290,180,forward,0,0,263.0,1.70005753121949,101.53758459017676,1.1,196.0
13:52:26,1.69999,101.53756,0,0,0,0,0,0,0,0,290,180,forward,0,0,263.0,1.70005753121949,101.53758459017676,1.0,188.0
13:52:28,1.69999,101.53756,0,0,0,0,0,0,0,0,290,180,forward,0,0,263.0,1.70005753121949,101.53758459017676,0.9,161.0
13:52:30,1.699989,101.53756,0,0,0,0,0,0,0,0,290,180,forward,0,0,263.0,1.7000565312194902,101.53758459017675,0.6,169.0
13:52:33,1.699989,101.537561,0,0,0,0,0,0,0,0,290,180,forward,0,0,263.0,1.7000565312194902,101.53758559017675,0.6,74.0
13:52:35,1.699988,101.537561,0,0,0,0,0,0,0,0,290,180,forward,0,0,263.0,1.7000555312194903,101.53758559017673,1.5,26.0
13:52:37,1.699988,101.537561,0,0,0,0,0,0,0,0,291,180,forward,0,0,263.0,1.7000550919652861,101.5375867655328,1.6,339.0
13:52:39,1.699988,101.537561,0,0,0,0,0,0,0,0,290,180,forward,0,0,263.0,1.7000555312194903,101.53758559017673,1.2,14.0
13:52:41,1.699988,101.537561,0,0,0,0,0,0,0,0,289,180,forward,0,0,263.0,1.7000559499030303,101.53758440733029,0.7,7.0
13:52:44,1.699988,101.537561,0,0,0,0,0,0,0,0,290,180,forward,0,0,263.0,1.7000555312194903,101.53758559017673,0.6,313.0
13:52:46,1.699988,101.537561,0,0,0,0,0,0,0,0,290,180,forward,0,0,263.0,1.7000555312194903,101.53758559017673,0.4,297.0
13:52:48,1.699988,101.537562,0,0,0,0,0,0,0,0,290,180,forward,0,0,263.0,1.7000555312194903,101.53758659017673,0.7,330.0
13:52:50,1.699987,101.537562,0,0,0,0,0,0,0,0,290,180,forward,0,0,263.0,1.7000545312194901,101.53758659017673,0.6,6.0
13:52:52,1.699987,101.537562,0,0,0,0,0,0,0,0,290,180,forward,0,0,263.0,1.7000545312194901,101.53758659017673,0.6,1.0
13:52:55,1.699987,101.537562,0,0,0,0,0,0,0,0,289,180,forward,0,0,263.0,1.7000549499030302,101.53758540733027,0.9,336.0
13:52:57,1.699986,101.537562,0,0,0,0,0,0,0,0,291,180,forward,0,0,263.0,1.700053091965286,101.53758776553276,0.8,341.0
13:52:59,1.699986,101.537562,0,0,0,0,0,0,0,0,290,180,forward,0,0,263.0,1.7000535312194902,101.53758659017672,0.7,275.0
13:53:01,1.699985,101.537562,0,0,0,0,0,0,0,0,290,180,forward,0,0,263.0,1.7000525312194903,101.5375865901767,0.5,300.0
13:53:03,1.699985,101.537562,0,0,0,0,0,0,0,0,290,180,forward,0,0,263.0,1.7000525312194903,101.5375865901767,0.0,192.0
13:53:06,1.699985,101.537562,0,0,0,0,0,0,0,0,290,180,forward,0,0,263.0,1.7000525312194903,101.5375865901767,0.0,322.0
13:53:08,1.699984,101.537561,0,0,0,0,0,0,0,0,290,180,forward,0,0,263.0,1.7000515312194902,101.53758559017669,0.0,351.0
13:53:10,1.699984,101.537561,0,0,0,0,0,0,0,0,291,180,forward,0,0,263.0,1.700051091965286,101.53758676553274,0.4,358.0
13:53:12,1.699983,101.537561,0,0,0,0,0,0,0,0,290,180,forward,0,0,263.0,1.7000505312194902,101.53758559017668,0.8,37.0
13:53:14,1.699983,101.537561,0,0,0,0,0,0,0,0,289,180,forward,0,0,263.0,1.7000509499030303,101.53758440733023,1.1,330.0
13:53:17,1.699983,101.537561,0,0,0,0,0,0,0,0,290,180,forward,0,0,263.0,1.7000505312194902,101.53758559017668,0.8,330.0
13:53:19,1.699982,101.537561,0,0,0,0,0,0,0,0,291,180,forward,0,0,263.0,1.7000490919652862,101.53758676553271,1.0,225.0
13:53:21,1.699981,101.537561,0,0,0,0,0,0,0,0,289,180,forward,0,0,263.0,1.7000489499030302,101.5375844073302,0.9,224.0
13:53:23,1.699981,101.537561,0,0,0,0,0,0,0,0,290,180,forward,0,0,263.0,1.7000485312194902,101.53758559017665,0.6,199.0
13:53:25,1.69998,101.537561,0,0,0,0,0,0,0,0,290,180,forward,0,0,263.0,1.7000475312194903,101.53758559017663,0.4,175.0
13:53:28,1.699979,101.537561,0,0,0,0,0,0,0,0,290,180,forward,0,0,263.0,1.7000465312194901,101.53758559017662,1.2,149.0
13:53:30,1.699979,101.537561,0,0,0,0,0,0,0,0,289,180,forward,0,0,263.0,1.7000469499030302,101.53758440733017,0.7,184.0
13:53:32,1.699978,101.537561,0,0,0,0,0,0,0,0,290,180,forward,0,0,263.0,1.7000455312194902,101.53758559017662,0.6,213.0
13:53:34,1.699978,101.537561,0,0,0,0,0,0,0,0,290,180,forward,0,0,263.0,1.7000455312194902,101.53758559017662,1.0,258.0
13:53:36,1.699978,101.537561,0,0,0,0,0,0,0,0,291,180,forward,0,0,263.0,1.700045091965286,101.53758676553265,1.1,149.0
13:53:39,1.699977,101.53756,0,0,0,0,0,0,0,0,290,180,forward,0,0,263.0,1.7000445312194903,101.5375845901766,0.7,200.0
13:53:41,1.699977,101.53756,0,0,0,0,0,0,0,0,291,180,forward,0,0,263.0,1.7000440919652862,101.53758576553264,1.1,218.0
13:53:43,1.699976,101.53756,0,0,0,0,0,0,0,0,289,180,forward,0,0,263.0,1.7000439499030302,101.53758340733015,1.7,290.0
13:53:45,1.699976,101.53756,0,0,0,0,0,0,0,0,290,180,forward,0,0,263.0,1.7000435312194901,101.53758459017659,1.2,145.0
13:53:47,1.699975,101.53756,0,0,0,0,0,0,0,0,291,180,forward,0,0,263.0,1.700042091965286,101.53758576553261,1.0,210.0
13:53:50,1.699975,101.537559,0,0,0,0,0,0,0,0,290,180,forward,0,0,263.0,1.7000425312194902,101.53758359017658,0.7,231.0
13:53:52,1.699974,101.537559,0,0,0,0,0,0,0,0,291,180,forward,0,0,263.0,1.7000410919652862,101.5375847655326,0.5,171.0
13:53:54,1.699973,101.537558,0,0,0,0,0,0,0,0,290,180,forward,0,0,263.0,1.7000405312194902,101.53758259017656,0.4,188.0
13:53:56,1.699972,101.537558,0,0,0,0,0,0,0,0,290,180,forward,0,0,263.0,1.7000395312194903,101.53758259017654,0.1,159.0
13:53:58,1.699971,101.537558,0,0,0,0,0,0,0,0,291,180,forward,0,0,263.0,1.700038091965286,101.53758376553257,0.1,216.0
13:54:01,1.699971,101.537558,0,0,0,0,0,0,0,0,290,180,forward,0,0,263.0,1.7000385312194901,101.53758259017653,0.7,143.0
13:54:03,1.69997,101.537558,0,0,0,0,0,0,0,0,290,180,forward,0,0,263.0,1.7000375312194902,101.53758259017651,1.1,226.0
13:54:05,1.699969,101.537557,0,0,0,0,0,0,0,0,289,180,forward,0,0,263.0,1.7000369499030303,101.53758040733007,1.1,241.0
13:54:07,1.699969,101.537556,0,0,0,0,0,0,0,0,290,180,forward,0,0,263.0,1.7000365312194903,101.53758059017649,0.9,113.0
13:54:09,1.699968,101.537556,0,0,0,0,0,0,0,0,290,180,forward,0,0,263.0,1.7000355312194901,101.53758059017649,0.9,93.0
13:54:12,1.699968,101.537555,0,0,0,0,0,0,0,0,291,180,forward,0,0,263.0,1.700035091965286,101.53758076553252,1.8,119.0
13:54:14,1.699968,101.537554,0,0,0,0,0,0,0,0,290,180,forward,0,0,263.0,1.7000355312194901,101.5375785901765,1.1,148.0
13:54:16,1.699968,101.537554,0,0,0,0,0,0,0,0,289,180,forward,0,0,263.0,1.7000359499030302,101.53757740733005,1.1,168.0
13:54:18,1.699968,101.537554,0,0,0,0,0,0,0,0,289,180,forward,0,0,263.0,1.7000359499030302,101.53757740733005,0.8,161.0
13:54:20,1.699969,101.537553,0,0,0,0,0,0,0,0,290,180,forward,0,0,263.0,1.7000365312194903,101.5375775901765,0.8,170.0
13:54:23,1.699969,101.537553,0,0,0,0,0,0,0,0,291,180,forward,0,0,263.0,1.7000360919652862,101.53757876553254,1.2,93.0
13:54:25,1.69997,101.537553,0,0,0,0,0,0,0,0,290,180,forward,0,0,263.0,1.7000375312194902,101.53757759017651,2.0,110.0
13:54:27,1.69997,101.537552,0,0,0,0,0,0,0,0,290,180,forward,0,0,263.0,1.7000375312194902,101.53757659017651,1.7,112.0
13:54:29,1.69997,101.537551,0,0,0,0,0,0,0,0,290,180,forward,0,0,263.0,1.7000375312194902,101.5375755901765,0.8,195.0
13:54:31,1.699971,101.537551,0,0,0,0,0,0,0,0,289,180,forward,0,0,263.0,1.7000389499030302,101.53757440733007,0.6,176.0
13:54:34,1.699971,101.53755,0,0,0,0,0,0,0,0,290,180,forward,0,0,263.0,1.7000385312194901,101.53757459017652,0.8,110.0
13:54:36,1.699971,101.53755,0,0,0,0,0,0,0,0,289,180,forward,0,0,263.0,1.7000389499030302,101.53757340733007,0.6,171.0
13:54:38,1.699971,101.537549,0,0,0,0,0,0,0,0,290,180,forward,0,0,263.0,1.7000385312194901,101.53757359017652,0.6,180.0
13:54:40,1.699972,101.537549,0,0,0,0,0,0,0,0,290,180,forward,0,0,263.0,1.7000395312194903,101.53757359017654,0.5,176.0
13:54:42,1.699972,101.537549,0,0,0,0,0,0,0,0,289,180,forward,0,0,263.0,1.7000399499030303,101.53757240733009,0.2,168.0
13:54:45,1.699972,101.537549,0,0,0,0,0,0,0,0,289,180,forward,0,0,263.0,1.7000399499030303,101.53757240733009,0.8,183.0
13:54:47,1.699972,101.537549,0,0,0,0,0,0,0,0,289,180,forward,0,0,263.0,1.7000399499030303,101.53757240733009,1.2,290.0
13:54:49,1.699973,101.53755,0,0,0,0,0,0,0,0,290,180,forward,0,0,263.0,1.7000405312194902,101.53757459017655,1.6,172.0
13:54:51,1.699974,101.53755,0,0,0,0,0,0,0,0,289,180,forward,0,0,263.0,1.7000419499030304,101.53757340733011,1.5,292.0
13:54:53,1.699974,101.53755,0,0,0,0,0,0,0,0,290,180,forward,0,0,263.0,1.7000415312194903,101.53757459017656,1.2,179.0
13:54:56,1.699974,101.53755,0,0,0,0,0,0,0,0,290,180,forward,0,0,263.0,1.7000415312194903,101.53757459017656,1.1,207.0
13:54:58,1.699974,101.53755,0,0,0,0,0,0,0,0,289,180,forward,0,0,263.0,1.7000419499030304,101.53757340733011,1.0,224.0
13:55:00,1.699974,101.53755,0,0,0,0,0,0,0,0,289,180,forward,0,0,263.0,1.7000419499030304,101.53757340733011,1.1,214.0
13:55:02,1.699973,101.53755,0,0,0,0,0,0,0,0,288,180,forward,0,0,263.0,1.7000413478883718,101.53757221735356,0.9,216.0
13:55:04,1.699972,101.537551,0,0,0,0,0,0,0,0,289,180,forward,0,0,263.0,1.7000399499030303,101.53757440733008,0.9,206.0
13:55:07,1.699971,101.537551,0,0,0,0,0,0,0,0,289,180,forward,0,0,263.0,1.7000389499030302,101.53757440733007,0.6,216.0
13:55:09,1.69997,101.537551,0,0,0,0,0,0,0,0,289,180,forward,0,0,263.0,1.7000379499030303,101.53757440733007,0.7,121.0
13:55:11,1.699969,101.537551,0,0,0,0,0,0,0,0,290,180,forward,0,0,263.0,1.7000365312194903,101.53757559017649,0.8,358.0
13:55:13,1.699969,101.537551,0,0,0,0,0,0,0,0,289,180,forward,0,0,263.0,1.7000369499030303,101.53757440733006,1.6,233.0
13:55:15,1.699968,101.537551,0,0,0,0,0,0,0,0,289,180,forward,0,0,263.0,1.7000359499030302,101.53757440733004,1.1,89.0
13:55:18,1.699968,101.537551,0,0,0,0,0,0,0,0,289,180,forward,0,0,263.0,1.7000359499030302,101.53757440733004,1.0,338.0
13:55:20,1.699968,101.537551,0,0,0,0,0,0,0,0,289,180,forward,0,0,263.0,1.7000359499030302,101.53757440733004,0.9,89.0
13:55:22,1.699967,101.53755,0,0,0,0,0,0,0,0,289,180,forward,0,0,263.0,1.7000349499030303,101.53757340733003,1.5,110.0
13:55:24,1.699967,101.53755,0,0,0,0,0,0,0,0,289,180,forward,0,0,263.0,1.7000349499030303,101.53757340733003,0.9,203.0
13:55:26,1.699967,101.53755,0,0,0,0,0,0,0,0,288,180,forward,0,0,263.0,1.7000353478883719,101.53757221735349,0.6,161.0
13:55:28,1.699966,101.537549,0,0,0,0,0,0,0,0,289,180,forward,0,0,263.0,1.7000339499030304,101.53757240733002,0.6,134.0
13:55:31,1.699966,101.537549,0,0,0,0,0,0,0,0,288,180,forward,0,0,263.0,1.700034347888372,101.53757121735347,0.7,128.0
13:55:33,1.699966,101.537549,0,0,0,0,0,0,0,0,288,180,forward,0,0,263.0,1.700034347888372,101.53757121735347,0.6,326.0
13:55:35,1.699965,101.537548,0,0,0,0,0,0,0,0,289,180,forward,0,0,263.0,1.7000329499030302,101.53757140733,0.9,170.0
13:55:37,1.699965,101.537548,0,0,0,0,0,0,0,0,289,180,forward,0,0,263.0,1.7000329499030302,101.53757140733,0.9,161.0
13:55:39,1.699965,101.537548,0,0,0,0,0,0,0,0,289,180,forward,0,0,263.0,1.7000329499030302,101.53757140733,1.0,191.0
13:55:42,1.699964,101.537548,0,0,0,0,0,0,0,0,289,180,forward,0,0,263.0,1.7000319499030303,101.53757140732999,0.9,140.0
13:55:44,1.699964,101.537548,0,0,0,0,0,0,0,0,288,180,forward,0,0,263.0,1.7000323478883719,101.53757021735346,1.0,205.0
13:55:46,1.699964,101.537548,0,0,0,0,0,0,0,0,289,180,forward,0,0,263.0,1.7000319499030303,101.53757140732999,0.9,183.0
13:55:48,1.699963,101.537548,0,0,0,0,0,0,0,0,289,180,forward,0,0,263.0,1.7000309499030302,101.53757140732999,0.8,200.0
13:55:50,1.699963,101.537548,0,0,0,0,0,0,0,0,289,180,forward,0,0,263.0,1.7000309499030302,101.53757140732999,0.8,191.0
13:55:53,1.699963,101.537548,0,0,0,0,0,0,0,0,289,180,forward,0,0,263.0,1.7000309499030302,101.53757140732999,0.9,225.0
13:55:55,1.699963,101.537548,0,0,0,0,0,0,0,0,290,180,forward,0,0,263.0,1.70003053121949,101.53757259017642,1.0,217.0
13:55:57,1.699963,101.537548,0,0,0,0,0,0,0,0,289,180,forward,0,0,263.0,1.7000309499030302,101.53757140732999,0.4,249.0
13:55:59,1.699963,101.537548,0,0,0,0,0,0,0,0,289,180,forward,0,0,263.0,1.7000309499030302,101.53757140732999,0.2,201.0
13:56:01,1.699963,101.537548,0,0,0,0,0,0,0,0,289,180,forward,0,0,263.0,1.7000309499030302,101.53757140732999,0.3,110.0
13:56:04,1.699962,101.537548,0,0,0,0,0,0,0,0,289,180,forward,0,0,263.0,1.7000299499030302,101.53757140732998,0.1,327.0
13:56:06,1.699962,101.537548,0,0,0,0,0,0,0,0,289,180,forward,0,0,263.0,1.7000299499030302,101.53757140732998,0.0,32.0
13:56:08,1.699962,101.537548,0,0,0,0,0,0,0,0,289,180,forward,0,0,263.0,1.7000299499030302,101.53757140732998,0.2,0.0
13:56:10,1.699962,101.537548,0,0,0,0,0,0,0,0,289,180,forward,0,0,263.0,1.7000299499030302,101.53757140732998,0.3,356.0
13:56:12,1.699962,101.537548,0,0,0,0,0,0,0,0,289,180,forward,0,0,263.0,1.7000299499030302,101.53757140732998,1.2,357.0
13:56:15,1.699962,101.537548,0,0,0,0,0,0,0,0,289,180,forward,0,0,263.0,1.7000299499030302,101.53757140732998,1.7,325.0
13:56:17,1.699962,101.537547,0,0,0,0,0,0,0,0,289,180,forward,0,0,263.0,1.7000299499030302,101.53757040732998,1.5,20.0
13:56:19,1.699962,101.537547,0,0,0,0,0,0,0,0,289,180,forward,0,0,263.0,1.7000299499030302,101.53757040732998,1.6,91.0
13:56:21,1.699961,101.537547,0,0,0,0,0,0,0,0,288,180,forward,0,0,263.0,1.700029347888372,101.53756921735342,1.4,63.0
13:56:23,1.699961,101.537547,0,0,0,0,0,0,0,0,289,180,forward,0,0,263.0,1.7000289499030303,101.53757040732997,1.6,107.0
13:56:26,1.69996,101.537547,0,0,0,0,0,0,0,0,290,180,forward,0,0,263.0,1.7000275312194901,101.53757159017638,1.2,127.0
13:56:28,1.69996,101.537547,0,0,0,0,0,0,0,0,289,180,forward,0,0,263.0,1.7000279499030302,101.53757040732995,1.1,141.0
13:56:30,1.699959,101.537547,0,0,0,0,0,0,0,0,289,180,forward,0,0,263.0,1.7000269499030303,101.53757040732994,0.8,183.0
13:56:32,1.699959,101.537546,0,0,0,0,0,0,0,0,289,180,forward,0,0,263.0,1.7000269499030303,101.53756940732994,0.7,161.0
13:56:34,1.699958,101.537546,0,0,0,0,0,0,0,0,289,180,forward,0,0,263.0,1.7000259499030304,101.53756940732993,0.3,198.0
13:56:37,1.699958,101.537546,0,0,0,0,0,0,0,0,289,180,forward,0,0,263.0,1.7000259499030304,101.53756940732993,0.2,188.0
13:56:39,1.699957,101.537546,0,0,0,0,0,0,0,0,289,180,forward,0,0,263.0,1.7000249499030302,101.53756940732991,0.7,172.0
13:56:41,1.699957,101.537547,0,0,0,0,0,0,0,0,288,180,forward,0,0,263.0,1.7000253478883718,101.53756921735338,0.4,163.0
13:56:43,1.699957,101.537548,0,0,0,0,0,0,0,0,289,180,forward,0,0,263.0,1.7000249499030302,101.5375714073299,0.5,202.0
13:56:45,1.699957,101.537549,0,0,0,0,0,0,0,0,289,180,forward,0,0,263.0,1.7000249499030302,101.5375724073299,0.5,204.0
13:56:48,1.699957,101.53755,0,0,0,0,0,0,0,0,288,180,forward,0,0,263.0,1.7000253478883718,101.53757221735337,0.9,195.0
13:56:50,1.699957,101.537551,0,0,0,0,0,0,0,0,288,180,forward,0,0,263.0,1.7000253478883718,101.53757321735337,0.8,339.0
13:56:52,1.699957,101.537552,0,0,0,0,0,0,0,0,288,180,forward,0,0,263.0,1.7000253478883718,101.53757421735338,0.4,32.0
13:56:54,1.699957,101.537553,0,0,0,0,0,0,0,0,289,180,forward,0,0,263.0,1.7000249499030302,101.53757640732991,1.4,68.0
13:56:56,1.699957,101.537554,0,0,0,0,0,0,0,0,289,180,forward,0,0,263.0,1.7000249499030302,101.5375774073299,1.3,196.0
13:56:59,1.699957,101.537555,0,0,0,0,0,0,0,0,289,180,forward,0,0,263.0,1.7000249499030302,101.5375784073299,0.8,150.0
13:57:01,1.699956,101.537555,0,0,0,0,0,0,0,0,288,180,forward,0,0,263.0,1.7000243478883719,101.53757721735336,0.6,160.0
13:57:03,1.699956,101.537556,0,0,0,0,0,0,0,0,288,180,forward,0,0,263.0,1.7000243478883719,101.53757821735336,0.0,181.0
13:57:05,1.699956,101.537556,0,0,0,0,0,0,0,0,288,180,forward,0,0,263.0,1.7000243478883719,101.53757821735336,0.3,187.0
13:57:07,1.699956,101.537557,0,0,0,0,0,0,0,0,288,180,forward,0,0,263.0,1.7000243478883719,101.53757921735337,0.1,163.0
13:57:10,1.699956,101.537557,0,0,0,0,0,0,0,0,288,180,forward,0,0,263.0,1.7000243478883719,101.53757921735337,0.1,165.0
13:57:12,1.699956,101.537558,0,0,0,0,0,0,0,0,288,180,forward,0,0,263.0,1.7000243478883719,101.53758021735337,0.0,163.0
13:57:14,1.699956,101.537558,0,0,0,0,0,0,0,0,288,180,forward,0,0,263.0,1.7000243478883719,101.53758021735337,0.0,169.0
13:57:16,1.699956,101.537559,0,0,0,0,0,0,0,0,288,180,forward,0,0,263.0,1.7000243478883719,101.53758121735336,0.1,177.0
13:57:18,1.699956,101.537559,0,0,0,0,0,0,0,0,288,180,forward,0,0,263.0,1.7000243478883719,101.53758121735336,0.0,177.0
13:57:21,1.699956,101.53756,0,0,0,0,0,0,0,0,288,180,forward,0,0,263.0,1.7000243478883719,101.53758221735336,0.0,180.0
13:57:23,1.699956,101.53756,0,0,0,0,0,0,0,0,288,180,forward,0,0,263.0,1.7000243478883719,101.53758221735336,0.0,205.0
13:57:25,1.699956,101.537561,0,0,0,0,0,0,0,0,289,180,forward,0,0,263.0,1.7000239499030303,101.5375844073299,0.1,181.0
13:57:27,1.699956,101.537561,0,0,0,0,0,0,0,0,288,180,forward,0,0,263.0,1.7000243478883719,101.53758321735336,0.0,185.0
13:57:29,1.699956,101.537561,0,0,0,0,0,0,0,0,288,180,forward,0,0,263.0,1.7000243478883719,101.53758321735336,0.0,174.0
13:57:32,1.699956,101.537561,0,0,0,0,0,0,0,0,287,180,forward,0,0,263.0,1.7000247250542846,101.53758202060921,0.1,184.0
13:57:34,1.699957,101.537562,0,0,0,0,0,0,0,0,288,180,forward,0,0,263.0,1.7000253478883718,101.53758421735337,0.1,182.0
13:57:36,1.699957,101.537562,0,0,0,0,0,0,0,0,289,180,forward,0,0,263.0,1.7000249499030302,101.5375854073299,0.2,193.0
13:57:38,1.699957,101.537563,0,0,0,0,0,0,0,0,289,180,forward,0,0,263.0,1.7000249499030302,101.53758640732991,0.0,192.0
13:57:40,1.699957,101.537564,0,0,0,0,0,0,0,0,288,180,forward,0,0,263.0,1.7000253478883718,101.53758621735338,0.0,187.0
13:57:43,1.699957,101.537564,0,0,0,0,0,0,0,0,289,180,forward,0,0,263.0,1.7000249499030302,101.53758740732991,0.1,215.0
13:57:45,1.699958,101.537565,0,0,0,0,0,0,0,0,287,180,forward,0,0,263.0,1.7000267250542846,101.53758602060923,0.0,203.0
13:57:47,1.699958,101.537565,0,0,0,0,0,0,0,0,288,180,forward,0,0,263.0,1.700026347888372,101.53758721735339,0.0,47.0
13:57:49,1.699957,101.537565,0,0,0,0,0,0,0,0,288,180,forward,0,0,263.0,1.7000253478883718,101.53758721735338,0.1,171.0
13:57:51,1.699957,101.537565,0,0,0,0,0,0,0,0,288,180,forward,0,0,263.0,1.7000253478883718,101.53758721735338,0.0,141.0
13:57:54,1.699957,101.537565,0,0,0,0,0,0,0,0,288,180,forward,0,0,263.0,1.7000253478883718,101.53758721735338,0.0,197.0
13:57:56,1.699957,101.537565,0,0,0,0,0,0,0,0,288,180,forward,0,0,263.0,1.7000253478883718,101.53758721735338,0.0,184.0
13:57:58,1.699957,101.537566,0,0,0,0,0,0,0,0,288,180,forward,0,0,263.0,1.7000253478883718,101.53758821735337,0.0,271.0
13:58:00,1.699957,101.537566,0,0,0,0,0,0,0,0,287,180,forward,0,0,263.0,1.7000257250542845,101.53758702060922,0.6,262.0
13:58:02,1.699957,101.537567,0,0,0,0,0,0,0,0,288,180,forward,0,0,263.0,1.7000253478883718,101.53758921735337,0.3,134.0
13:58:05,1.699957,101.537567,0,0,0,0,0,0,0,0,288,180,forward,0,0,263.0,1.7000253478883718,101.53758921735337,0.6,321.0
13:58:07,1.699957,101.537567,0,0,0,0,0,0,0,0,287,180,forward,0,0,263.0,1.7000257250542845,101.53758802060922,0.8,110.0
13:58:09,1.699957,101.537567,0,0,0,0,0,0,0,0,288,180,forward,0,0,263.0,1.7000253478883718,101.53758921735337,0.6,245.0
13:58:11,1.699956,101.537566,0,0,0,0,0,0,0,0,287,180,forward,0,0,263.0,1.7000247250542846,101.53758702060921,0.7,221.0
13:58:13,1.699955,101.537566,0,0,0,0,0,0,0,0,287,180,forward,0,0,263.0,1.7000237250542847,101.5375870206092,0.4,182.0
13:58:16,1.699955,101.537565,0,0,0,0,0,0,0,0,288,180,forward,0,0,263.0,1.700023347888372,101.53758721735335,0.6,194.0
13:58:18,1.699954,101.537565,0,0,0,0,0,0,0,0,287,180,forward,0,0,263.0,1.7000227250542845,101.53758602060918,0.6,174.0
13:58:20,1.699954,101.537565,0,0,0,0,0,0,0,0,287,180,forward,0,0,263.0,1.7000227250542845,101.53758602060918,0.7,159.0
13:58:22,1.699954,101.537565,0,0,0,0,0,0,0,0,287,180,forward,0,0,263.0,1.7000227250542845,101.53758602060918,0.6,135.0
13:58:24,1.699954,101.537565,0,0,0,0,0,0,0,0,287,180,forward,0,0,263.0,1.7000227250542845,101.53758602060918,0.6,131.0
13:58:27,1.699954,101.537565,0,0,0,0,0,0,0,0,287,180,forward,0,0,263.0,1.7000227250542845,101.53758602060918,0.5,164.0
13:58:29,1.699954,101.537564,0,0,0,0,0,0,0,0,288,180,forward,0,0,263.0,1.7000223478883718,101.53758621735335,0.6,172.0
13:58:31,1.699954,101.537564,0,0,0,0,0,0,0,0,287,180,forward,0,0,263.0,1.7000227250542845,101.53758502060919,0.6,174.0
13:58:33,1.699953,101.537563,0,0,0,0,0,0,0,0,287,180,forward,0,0,263.0,1.7000217250542846,101.53758402060919,0.5,181.0
13:58:35,1.699953,101.537563,0,0,0,0,0,0,0,0,287,180,forward,0,0,263.0,1.7000217250542846,101.53758402060919,0.6,185.0
13:58:38,1.699953,101.537562,0,0,0,0,0,0,0,0,287,180,forward,0,0,263.0,1.7000217250542846,101.53758302060918,0.3,194.0
13:58:40,1.699953,101.537562,0,0,0,0,0,0,0,0,287,180,forward,0,0,263.0,1.7000217250542846,101.53758302060918,0.2,160.0
13:58:42,1.699954,101.537563,0,0,0,0,0,0,0,0,287,180,forward,0,0,263.0,1.7000227250542845,101.53758402060919,0.1,183.0
13:58:44,1.699954,101.537562,0,0,0,0,0,0,0,0,287,180,forward,0,0,263.0,1.7000227250542845,101.53758302060918,0.1,193.0
13:58:46,1.699954,101.537562,0,0,0,0,0,0,0,0,286,180,forward,0,0,263.0,1.7000230812858799,101.53758181746194,0.4,208.0
13:58:49,1.699955,101.537562,0,0,0,0,0,0,0,0,286,180,forward,0,0,263.0,1.70002408128588,101.53758181746196,0.9,84.0
13:58:51,1.699955,101.537561,0,0,0,0,0,0,0,0,286,180,forward,0,0,263.0,1.70002408128588,101.53758081746196,0.8,120.0
13:58:53,1.699955,101.53756,0,0,0,0,0,0,0,0,286,180,forward,0,0,263.0,1.70002408128588,101.53757981746196,0.9,205.0
13:58:55,1.699955,101.53756,0,0,0,0,0,0,0,0,286,180,forward,0,0,263.0,1.70002408128588,101.53757981746196,0.7,198.0
13:58:57,1.699955,101.53756,0,0,0,0,0,0,0,0,286,180,forward,0,0,263.0,1.70002408128588,101.53757981746196,0.1,209.0
13:59:00,1.699955,101.53756,0,0,0,0,0,0,0,0,286,180,forward,0,0,263.0,1.70002408128588,101.53757981746196,0.6,97.0
13:59:02,1.699955,101.53756,0,0,0,0,0,0,0,0,286,180,forward,0,0,263.0,1.70002408128588,101.53757981746196,0.7,131.0
13:59:04,1.699955,101.53756,0,0,0,0,0,0,0,0,286,180,forward,0,0,263.0,1.70002408128588,101.53757981746196,0.6,124.0
13:59:06,1.699955,101.53756,0,0,0,0,0,0,0,0,286,180,forward,0,0,263.0,1.70002408128588,101.53757981746196,0.2,148.0
13:59:08,1.699955,101.53756,0,0,0,0,0,0,0,0,286,180,forward,0,0,263.0,1.70002408128588,101.53757981746196,0.9,96.0
13:59:11,1.699955,101.53756,0,0,0,0,0,0,0,0,286,180,forward,0,0,263.0,1.70002408128588,101.53757981746196,0.5,151.0
13:59:13,1.699955,101.53756,0,0,0,0,0,0,0,0,286,180,forward,0,0,263.0,1.70002408128588,101.53757981746196,0.7,57.0
13:59:15,1.699954,101.53756,0,0,0,0,0,0,0,0,286,180,forward,0,0,263.0,1.7000230812858799,101.53757981746195,0.6,236.0
13:59:17,1.699953,101.53756,0,0,0,0,0,0,0,0,286,180,forward,0,0,263.0,1.70002208128588,101.53757981746195,0.7,236.0
13:59:19,1.699953,101.537559,0,0,0,0,0,0,0,0,286,180,forward,0,0,263.0,1.70002208128588,101.53757881746195,0.6,87.0
13:59:22,1.699952,101.537559,0,0,0,0,0,0,0,0,286,180,forward,0,0,263.0,1.7000210812858798,101.53757881746193,0.4,116.0
13:59:24,1.699952,101.537559,0,0,0,0,0,0,0,0,285,180,forward,0,0,263.0,1.7000214164746463,101.53757760827811,0.8,113.0
13:59:26,1.699952,101.537559,0,0,0,0,0,0,0,0,285,180,forward,0,0,263.0,1.7000214164746463,101.53757760827811,0.6,181.0
13:59:28,1.699951,101.537559,0,0,0,0,0,0,0,0,286,180,forward,0,0,263.0,1.70002008128588,101.53757881746192,0.7,183.0
13:59:30,1.699951,101.537559,0,0,0,0,0,0,0,0,286,180,forward,0,0,263.0,1.70002008128588,101.53757881746192,1.0,21.0
13:59:33,1.699951,101.53756,0,0,0,0,0,0,0,0,285,180,forward,0,0,263.0,1.7000204164746464,101.5375786082781,1.0,230.0
13:59:35,1.699951,101.537561,0,0,0,0,0,0,0,0,285,180,forward,0,0,263.0,1.7000204164746464,101.5375796082781,0.9,239.0
13:59:37,1.699951,101.537561,0,0,0,0,0,0,0,0,286,180,forward,0,0,263.0,1.70002008128588,101.53758081746192,0.6,260.0
13:59:39,1.699952,101.537562,0,0,0,0,0,0,0,0,285,180,forward,0,0,263.0,1.7000214164746463,101.5375806082781,1.4,268.0
13:59:41,1.699952,101.537563,0,0,0,0,0,0,0,0,285,180,forward,0,0,263.0,1.7000214164746463,101.53758160827812,1.6,80.0
13:59:44,1.699952,101.537564,0,0,0,0,0,0,0,0,285,180,forward,0,0,263.0,1.7000214164746463,101.53758260827811,1.6,250.0
13:59:46,1.699952,101.537564,0,0,0,0,0,0,0,0,285,180,forward,0,0,263.0,1.7000214164746463,101.53758260827811,1.7,253.0
13:59:48,1.699952,101.537565,0,0,0,0,0,0,0,0,285,180,forward,0,0,263.0,1.7000214164746463,101.53758360827811,1.2,233.0
13:59:50,1.699952,101.537565,0,0,0,0,0,0,0,0,285,180,forward,0,0,263.0,1.7000214164746463,101.53758360827811,1.0,230.0
13:59:52,1.699951,101.537566,0,0,0,0,0,0,0,0,285,180,forward,0,0,263.0,1.7000204164746464,101.5375846082781,0.8,258.0
13:59:55,1.699951,101.537567,0,0,0,0,0,0,0,0,285,180,forward,0,0,263.0,1.7000204164746464,101.53758560827809,1.1,245.0
13:59:57,1.699951,101.537567,0,0,0,0,0,0,0,0,285,180,forward,0,0,263.0,1.7000204164746464,101.53758560827809,0.8,271.0
13:59:59,1.699951,101.537568,0,0,0,0,0,0,0,0,285,180,forward,0,0,263.0,1.7000204164746464,101.53758660827809,0.9,239.0
14:00:01,1.699952,101.537569,0,0,0,0,0,0,0,0,285,180,forward,0,0,263.0,1.7000214164746463,101.53758760827812,0.7,64.0
14:00:03,1.699952,101.537569,0,0,0,0,0,0,0,0,285,180,forward,0,0,263.0,1.7000214164746463,101.53758760827812,0.1,252.0
14:00:06,1.699952,101.53757,0,0,0,0,0,0,0,0,285,180,forward,0,0,263.0,1.7000214164746463,101.53758860827811,0.3,153.0
14:00:08,1.699952,101.537571,0,0,0,0,0,0,0,0,285,180,forward,0,0,263.0,1.7000214164746463,101.53758960827811,0.6,134.0
14:00:10,1.699952,101.537571,0,0,0,0,0,0,0,0,285,180,forward,0,0,263.0,1.7000214164746463,101.53758960827811,0.6,72.0
14:00:12,1.699952,101.537572,0,0,0,0,0,0,0,0,285,180,forward,0,0,263.0,1.7000214164746463,101.53759060827811,0.8,88.0
14:00:14,1.699952,101.537572,0,0,0,0,0,0,0,0,284,180,forward,0,0,263.0,1.7000217305184824,101.53758939342602,1.7,75.0
14:00:17,1.699952,101.537572,0,0,0,0,0,0,0,0,285,180,forward,0,0,263.0,1.7000214164746463,101.53759060827811,1.5,272.0
14:00:19,1.699952,101.537572,0,0,0,0,0,0,0,0,285,180,forward,0,0,263.0,1.7000214164746463,101.53759060827811,1.6,146.0
14:00:21,1.699953,101.537572,0,0,0,0,0,0,0,0,285,180,forward,0,0,263.0,1.7000224164746465,101.53759060827811,1.8,126.0
14:00:23,1.699953,101.537571,0,0,0,0,0,0,0,0,285,180,forward,0,0,263.0,1.7000224164746465,101.53758960827811,1.5,300.0
14:00:25,1.699952,101.537571,0,0,0,0,0,0,0,0,284,180,forward,0,0,263.0,1.7000217305184824,101.53758839342602,1.3,84.0
14:00:28,1.699952,101.537571,0,0,0,0,0,0,0,0,284,180,forward,0,0,263.0,1.7000217305184824,101.53758839342602,1.4,110.0
14:00:30,1.699952,101.537571,0,0,0,0,0,0,0,0,284,180,forward,0,0,263.0,1.7000217305184824,101.53758839342602,1.2,142.0
14:00:32,1.699953,101.537571,0,0,0,0,0,0,0,0,284,180,forward,0,0,263.0,1.7000227305184825,101.53758839342603,1.2,37.0
14:00:34,1.699952,101.537572,0,0,0,0,0,0,0,0,284,180,forward,0,0,263.0,1.7000217305184824,101.53758939342602,1.3,45.0
14:00:36,1.699952,101.537572,0,0,0,0,0,0,0,0,284,180,forward,0,0,263.0,1.7000217305184824,101.53758939342602,1.2,111.0
14:00:39,1.699952,101.537572,0,0,0,0,0,0,0,0,284,180,forward,0,0,263.0,1.7000217305184824,101.53758939342602,0.7,110.0
14:00:41,1.699953,101.537572,0,0,0,0,0,0,0,0,284,180,forward,0,0,263.0,1.7000227305184825,101.53758939342603,1.0,114.0
14:00:43,1.699953,101.537571,0,0,0,0,0,0,0,0,284,180,forward,0,0,263.0,1.7000227305184825,101.53758839342603,0.8,197.0
14:00:45,1.699952,101.537571,0,0,0,0,0,0,0,0,284,180,forward,0,0,263.0,1.7000217305184824,101.53758839342602,0.9,257.0
14:00:47,1.699952,101.537571,0,0,0,0,0,0,0,0,284,180,forward,0,0,263.0,1.7000217305184824,101.53758839342602,0.8,194.0
14:00:49,1.699952,101.537571,0,0,0,0,0,0,0,0,284,180,forward,0,0,263.0,1.7000217305184824,101.53758839342602,1.1,283.0
14:00:52,1.699952,101.537571,0,0,0,0,0,0,0,0,284,180,forward,0,0,263.0,1.7000217305184824,101.53758839342602,1.1,191.0
14:00:54,1.699952,101.537571,0,0,0,0,0,0,0,0,284,180,forward,0,0,263.0,1.7000217305184824,101.53758839342602,1.2,331.0
14:00:56,1.699953,101.537571,0,0,0,0,0,0,0,0,284,180,forward,0,0,263.0,1.7000227305184825,101.53758839342603,1.6,234.0
14:00:58,1.699953,101.537571,0,0,0,0,0,0,0,0,284,180,forward,0,0,263.0,1.7000227305184825,101.53758839342603,1.5,250.0
14:01:00,1.699953,101.537571,0,0,0,0,0,0,0,0,284,180,forward,0,0,263.0,1.7000227305184825,101.53758839342603,1.2,200.0
14:01:03,1.699953,101.537571,0,0,0,0,0,0,0,0,284,180,forward,0,0,263.0,1.7000227305184825,101.53758839342603,1.6,202.0
14:01:05,1.699954,101.537571,0,0,0,0,0,0,0,0,284,180,forward,0,0,263.0,1.7000237305184824,101.53758839342603,1.2,232.0
14:01:07,1.699954,101.537571,0,0,0,0,0,0,0,0,284,180,forward,0,0,263.0,1.7000237305184824,101.53758839342603,1.4,207.0
14:01:09,1.699954,101.537572,0,0,0,0,0,0,0,0,284,180,forward,0,0,263.0,1.7000237305184824,101.53758939342603,1.3,313.0
14:01:11,1.699955,101.537572,0,0,0,0,0,0,0,0,284,180,forward,0,0,263.0,1.7000247305184826,101.53758939342605,1.4,311.0
14:01:14,1.699955,101.537572,0,0,0,0,0,0,0,0,284,180,forward,0,0,263.0,1.7000247305184826,101.53758939342605,1.3,225.0
14:01:16,1.699955,101.537572,0,0,0,0,0,0,0,0,284,180,forward,0,0,263.0,1.7000247305184826,101.53758939342605,1.6,250.0
14:01:18,1.699955,101.537572,0,0,0,0,0,0,0,0,284,180,forward,0,0,263.0,1.7000247305184826,101.53758939342605,1.4,194.0
14:01:20,1.699955,101.537572,0,0,0,0,0,0,0,0,284,180,forward,0,0,263.0,1.7000247305184826,101.53758939342605,1.2,220.0
14:01:22,1.699956,101.537572,0,0,0,0,0,0,0,0,284,180,forward,0,0,263.0,1.7000257305184825,101.53758939342605,1.4,251.0
14:01:25,1.699956,101.537572,0,0,0,0,0,0,0,0,284,180,forward,0,0,263.0,1.7000257305184825,101.53758939342605,1.4,210.0
14:01:27,1.699956,101.537572,0,0,0,0,0,0,0,0,284,180,forward,0,0,263.0,1.7000257305184825,101.53758939342605,1.2,314.0
14:01:29,1.699957,101.537572,0,0,0,0,0,0,0,0,284,180,forward,0,0,263.0,1.7000267305184824,101.53758939342606,1.3,232.0
14:01:31,1.699957,101.537572,0,0,0,0,0,0,0,0,284,180,forward,0,0,263.0,1.7000267305184824,101.53758939342606,1.1,217.0
14:01:33,1.699957,101.537572,0,0,0,0,0,0,0,0,284,180,forward,0,0,263.0,1.7000267305184824,101.53758939342606,0.4,220.0
14:01:36,1.699957,101.537573,0,0,0,0,0,0,0,0,283,180,forward,0,0,263.0,1.7000270233217267,101.53758917327576,0.4,203.0
14:01:38,1.699957,101.537573,0,0,0,0,0,0,0,0,284,180,forward,0,0,263.0,1.7000267305184824,101.53759039342606,0.6,244.0
14:01:40,1.699957,101.537573,0,0,0,0,0,0,0,0,284,180,forward,0,0,263.0,1.7000267305184824,101.53759039342606,0.7,247.0
14:01:42,1.699958,101.537572,0,0,0,0,0,0,0,0,284,180,forward,0,0,263.0,1.7000277305184825,101.53758939342607,0.4,196.0
14:01:44,1.699958,101.537572,0,0,0,0,0,0,0,0,284,180,forward,0,0,263.0,1.7000277305184825,101.53758939342607,0.7,228.0
14:01:47,1.699958,101.537572,0,0,0,0,0,0,0,0,284,180,forward,0,0,263.0,1.7000277305184825,101.53758939342607,0.7,193.0
14:01:49,1.699958,101.537572,0,0,0,0,0,0,0,0,284,180,forward,0,0,263.0,1.7000277305184825,101.53758939342607,0.5,188.0
14:01:51,1.699958,101.537572,0,0,0,0,0,0,0,0,284,180,forward,0,0,263.0,1.7000277305184825,101.53758939342607,0.4,218.0
14:01:53,1.699958,101.537572,0,0,0,0,0,0,0,0,284,180,forward,0,0,263.0,1.7000277305184825,101.53758939342607,1.0,265.0
14:01:55,1.699958,101.537572,0,0,0,0,0,0,0,0,284,180,forward,0,0,263.0,1.7000277305184825,101.53758939342607,1.2,222.0
14:01:58,1.699959,101.537572,0,0,0,0,0,0,0,0,284,180,forward,0,0,263.0,1.7000287305184825,101.53758939342607,1.3,231.0
14:02:00,1.699959,101.537572,0,0,0,0,0,0,0,0,284,180,forward,0,0,263.0,1.7000287305184825,101.53758939342607,1.2,252.0
14:02:02,1.699959,101.537572,0,0,0,0,0,0,0,0,284,180,forward,0,0,263.0,1.7000287305184825,101.53758939342607,1.2,276.0
14:02:04,1.699959,101.537572,0,0,0,0,0,0,0,0,284,180,forward,0,0,263.0,1.7000287305184825,101.53758939342607,1.2,265.0
14:02:06,1.699959,101.537573,0,0,0,0,0,0,0,0,284,180,forward,0,0,263.0,1.7000287305184825,101.53759039342607,1.1,200.0
14:02:09,1.699959,101.537573,0,0,0,0,0,0,0,0,284,180,forward,0,0,263.0,1.7000287305184825,101.53759039342607,1.0,218.0
14:02:11,1.699958,101.537574,0,0,0,0,0,0,0,0,284,180,forward,0,0,263.0,1.7000277305184825,101.53759139342608,0.8,241.0
14:02:13,1.699958,101.537574,0,0,0,0,0,0,0,0,284,180,forward,0,0,263.0,1.7000277305184825,101.53759139342608,1.2,200.0
14:02:15,1.699958,101.537574,0,0,0,0,0,0,0,0,284,180,forward,0,0,263.0,1.7000277305184825,101.53759139342608,0.7,188.0
14:02:17,1.699958,101.537575,0,0,0,0,0,0,0,0,284,180,forward,0,0,263.0,1.7000277305184825,101.53759239342608,1.0,214.0
14:02:20,1.699958,101.537575,0,0,0,0,0,0,0,0,284,180,forward,0,0,263.0,1.7000277305184825,101.53759239342608,1.1,239.0
14:02:22,1.699957,101.537575,0,0,0,0,0,0,0,0,284,180,forward,0,0,263.0,1.7000267305184824,101.53759239342607,1.1,205.0
14:02:24,1.699957,101.537576,0,0,0,0,0,0,0,0,283,180,forward,0,0,263.0,1.7000270233217267,101.53759217327577,1.1,216.0
14:02:26,1.699956,101.537576,0,0,0,0,0,0,0,0,284,180,forward,0,0,263.0,1.7000257305184825,101.53759339342605,1.1,208.0
14:02:28,1.699956,101.537576,0,0,0,0,0,0,0,0,284,180,forward,0,0,263.0,1.7000257305184825,101.53759339342605,1.4,295.0
14:02:31,1.699955,101.537576,0,0,0,0,0,0,0,0,284,180,forward,0,0,263.0,1.7000247305184826,101.53759339342605,1.2,224.0
14:02:33,1.699955,101.537576,0,0,0,0,0,0,0,0,284,180,forward,0,0,263.0,1.7000247305184826,101.53759339342605,1.3,80.0
14:02:35,1.699955,101.537577,0,0,0,0,0,0,0,0,284,180,forward,0,0,263.0,1.7000247305184826,101.53759439342605,1.0,160.0
14:02:37,1.699955,101.537577,0,0,0,0,0,0,0,0,284,180,forward,0,0,263.0,1.7000247305184826,101.53759439342605,1.2,348.0
14:02:39,1.699955,101.537577,0,0,0,0,0,0,0,0,284,180,forward,0,0,263.0,1.7000247305184826,101.53759439342605,1.1,332.0
14:02:42,1.699954,101.537577,0,0,0,0,0,0,0,0,284,180,forward,0,0,263.0,1.7000237305184824,101.53759439342603,1.1,359.0
14:02:44,1.699954,101.537577,0,0,0,0,0,0,0,0,284,180,forward,0,0,263.0,1.7000237305184824,101.53759439342603,0.9,21.0
14:02:46,1.699954,101.537577,0,0,0,0,0,0,0,0,284,180,forward,0,0,263.0,1.7000237305184824,101.53759439342603,0.6,207.0
14:02:48,1.699954,101.537577,0,0,0,0,0,0,0,0,284,180,forward,0,0,263.0,1.7000237305184824,101.53759439342603,0.9,201.0
14:02:50,1.699954,101.537578,0,0,0,0,0,0,0,0,284,180,forward,0,0,263.0,1.7000237305184824,101.53759539342603,0.7,92.0
14:02:53,1.699955,101.537577,0,0,0,0,0,0,0,0,284,180,forward,0,0,263.0,1.7000247305184826,101.53759439342605,0.8,42.0
14:02:55,1.699955,101.537577,0,0,0,0,0,0,0,0,284,180,forward,0,0,263.0,1.7000247305184826,101.53759439342605,1.2,102.0
14:02:57,1.699954,101.537577,0,0,0,0,0,0,0,0,284,180,forward,0,0,263.0,1.7000237305184824,101.53759439342603,1.7,129.0
14:02:59,1.699955,101.537577,0,0,0,0,0,0,0,0,284,180,forward,0,0,263.0,1.7000247305184826,101.53759439342605,1.4,253.0
14:03:01,1.699955,101.537577,0,0,0,0,0,0,0,0,284,180,forward,0,0,263.0,1.7000247305184826,101.53759439342605,1.2,133.0
14:03:04,1.699955,101.537577,0,0,0,0,0,0,0,0,284,180,forward,0,0,263.0,1.7000247305184826,101.53759439342605,1.4,221.0
14:03:06,1.699955,101.537577,0,0,0,0,0,0,0,0,284,180,forward,0,0,263.0,1.7000247305184826,101.53759439342605,2.7,110.0
14:03:08,1.699955,101.537577,0,0,0,0,0,0,0,0,284,180,forward,0,0,263.0,1.7000247305184826,101.53759439342605,3.8,110.0
14:03:10,1.699954,101.537577,0,0,0,0,0,0,0,0,284,180,forward,0,0,263.0,1.7000237305184824,101.53759439342603,1.6,65.0
14:03:12,1.699954,101.537576,0,0,0,0,0,0,0,0,284,180,forward,0,0,263.0,1.7000237305184824,101.53759339342604,1.5,170.0
14:03:15,1.699954,101.537576,0,0,0,0,0,0,0,0,284,180,forward,0,0,263.0,1.7000237305184824,101.53759339342604,1.2,110.0
14:03:17,1.699954,101.537576,0,0,0,0,0,0,0,0,284,180,forward,0,0,263.0,1.7000237305184824,101.53759339342604,1.2,144.0
14:03:19,1.699954,101.537575,0,0,0,0,0,0,0,0,284,180,forward,0,0,263.0,1.7000237305184824,101.53759239342604,1.3,179.0
14:03:21,1.699953,101.537575,0,0,0,0,0,0,0,0,284,180,forward,0,0,263.0,1.7000227305184825,101.53759239342604,1.9,251.0
14:03:23,1.699954,101.537574,0,0,0,0,0,0,0,0,284,180,forward,0,0,263.0,1.7000237305184824,101.53759139342604,1.7,221.0
14:03:26,1.699954,101.537573,0,0,0,0,0,0,0,0,284,180,forward,0,0,263.0,1.7000237305184824,101.53759039342603,2.2,227.0
14:03:28,1.699954,101.537573,0,0,0,0,0,0,0,0,284,180,forward,0,0,263.0,1.7000237305184824,101.53759039342603,1.2,189.0
14:03:30,1.699954,101.537572,0,0,0,0,0,0,0,0,284,180,forward,0,0,263.0,1.7000237305184824,101.53758939342603,1.5,237.0
14:03:32,1.699955,101.537572,0,0,0,0,0,0,0,0,284,180,forward,0,0,263.0,1.7000247305184826,101.53758939342605,1.4,297.0
14:03:34,1.699955,101.537572,0,0,0,0,0,0,0,0,284,180,forward,0,0,263.0,1.7000247305184826,101.53758939342605,1.6,101.0
14:03:37,1.699955,101.537571,0,0,0,0,0,0,0,0,284,180,forward,0,0,263.0,1.7000247305184826,101.53758839342605,1.4,14.0
14:03:39,1.699955,101.537571,0,0,0,0,0,0,0,0,284,180,forward,0,0,263.0,1.7000247305184826,101.53758839342605,1.0,254.0
14:03:41,1.699956,101.537571,0,0,0,0,0,0,0,0,284,180,forward,0,0,263.0,1.7000257305184825,101.53758839342605,1.5,158.0
14:03:43,1.699956,101.537571,0,0,0,0,0,0,0,0,284,180,forward,0,0,263.0,1.7000257305184825,101.53758839342605,1.5,82.0
14:03:45,1.699957,101.537571,0,0,0,0,0,0,0,0,284,180,forward,0,0,263.0,1.7000267305184824,101.53758839342606,1.3,252.0
14:03:48,1.699956,101.53757,0,0,0,0,0,0,0,0,284,180,forward,0,0,263.0,1.7000257305184825,101.53758739342605,2.3,84.0
14:03:50,1.699956,101.53757,0,0,0,0,0,0,0,0,284,180,forward,0,0,263.0,1.7000257305184825,101.53758739342605,2.1,301.0
14:03:52,1.699957,101.53757,0,0,0,0,0,0,0,0,284,180,forward,0,0,263.0,1.7000267305184824,101.53758739342607,1.8,106.0
14:03:54,1.699957,101.537569,0,0,0,0,0,0,0,0,284,180,forward,0,0,263.0,1.7000267305184824,101.53758639342607,1.6,102.0
14:03:56,1.699958,101.537569,0,0,0,0,0,0,0,0,284,180,forward,0,0,263.0,1.7000277305184825,101.53758639342608,1.2,240.0
14:03:59,1.699958,101.537568,0,0,0,0,0,0,0,0,284,180,forward,0,0,263.0,1.7000277305184825,101.53758539342607,1.6,238.0
14:04:01,1.699958,101.537568,0,0,0,0,0,0,0,0,284,180,forward,0,0,263.0,1.7000277305184825,101.53758539342607,1.2,191.0
14:04:03,1.699958,101.537568,0,0,0,0,0,0,0,0,284,180,forward,0,0,263.0,1.7000277305184825,101.53758539342607,0.6,225.0
14:04:05,1.699958,101.537568,0,0,0,0,0,0,0,0,284,180,forward,0,0,263.0,1.7000277305184825,101.53758539342607,1.4,63.0
14:04:07,1.699958,101.537568,0,0,0,0,0,0,0,0,284,180,forward,0,0,263.0,1.7000277305184825,101.53758539342607,1.6,233.0
14:04:10,1.699958,101.537568,0,0,0,0,0,0,0,0,284,180,forward,0,0,263.0,1.7000277305184825,101.53758539342607,1.6,92.0
14:04:12,1.699959,101.537568,0,0,0,0,0,0,0,0,284,180,forward,0,0,263.0,1.7000287305184825,101.53758539342607,0.6,110.0
14:04:14,1.699958,101.537568,0,0,0,0,0,0,0,0,284,180,forward,0,0,263.0,1.7000277305184825,101.53758539342607,1.9,18.0
14:04:16,1.699958,101.537567,0,0,0,0,0,0,0,0,284,180,forward,0,0,263.0,1.7000277305184825,101.53758439342607,2.1,16.0
14:04:18,1.699958,101.537567,0,0,0,0,0,0,0,0,284,180,forward,0,0,263.0,1.7000277305184825,101.53758439342607,2.8,189.0
14:04:21,1.699959,101.537567,0,0,0,0,0,0,0,0,285,180,forward,0,0,263.0,1.7000284164746464,101.53758560827816,2.0,218.0
14:04:23,1.699959,101.537567,0,0,0,0,0,0,0,0,285,180,forward,0,0,263.0,1.7000284164746464,101.53758560827816,2.2,169.0
14:04:25,1.699959,101.537567,0,0,0,0,0,0,0,0,284,180,forward,0,0,263.0,1.7000287305184825,101.53758439342607,2.4,110.0
14:04:27,1.699958,101.537567,0,0,0,0,0,0,0,0,285,180,forward,0,0,263.0,1.7000274164746465,101.53758560827816,2.0,243.0
14:04:29,1.699958,101.537568,0,0,0,0,0,0,0,0,284,180,forward,0,0,263.0,1.7000277305184825,101.53758539342607,1.3,122.0
14:04:32,1.699959,101.537568,0,0,0,0,0,0,0,0,285,180,forward,0,0,263.0,1.7000284164746464,101.53758660827816,0.8,147.0
14:04:34,1.699959,101.537568,0,0,0,0,0,0,0,0,285,180,forward,0,0,263.0,1.7000284164746464,101.53758660827816,1.0,193.0
14:04:36,1.699959,101.537569,0,0,0,0,0,0,0,0,285,180,forward,0,0,263.0,1.7000284164746464,101.53758760827817,0.7,231.0
14:04:38,1.69996,101.537569,0,0,0,0,0,0,0,0,285,180,forward,0,0,263.0,1.7000294164746463,101.53758760827819,1.4,217.0
14:04:40,1.69996,101.537569,0,0,0,0,0,0,0,0,285,180,forward,0,0,263.0,1.7000294164746463,101.53758760827819,1.1,234.0
14:04:43,1.699961,101.537569,0,0,0,0,0,0,0,0,284,180,forward,0,0,263.0,1.7000307305184825,101.53758639342611,0.8,189.0
14:04:45,1.699961,101.53757,0,0,0,0,0,0,0,0,285,180,forward,0,0,263.0,1.7000304164746465,101.5375886082782,0.8,263.0
14:04:47,1.699962,101.53757,0,0,0,0,0,0,0,0,285,180,forward,0,0,263.0,1.7000314164746464,101.5375886082782,0.8,163.0
14:04:49,1.699963,101.53757,0,0,0,0,0,0,0,0,285,180,forward,0,0,263.0,1.7000324164746463,101.53758860827821,0.7,237.0
14:04:51,1.699963,101.537571,0,0,0,0,0,0,0,0,285,180,forward,0,0,263.0,1.7000324164746463,101.53758960827821,0.8,195.0
14:04:54,1.699964,101.537571,0,0,0,0,0,0,0,0,285,180,forward,0,0,263.0,1.7000334164746465,101.53758960827822,0.6,132.0
14:04:56,1.699964,101.537571,0,0,0,0,0,0,0,0,285,180,forward,0,0,263.0,1.7000334164746465,101.53758960827822,0.6,158.0
14:04:58,1.699965,101.537571,0,0,0,0,0,0,0,0,285,180,forward,0,0,263.0,1.7000344164746464,101.53758960827822,1.1,130.0
14:05:00,1.699965,101.537571,0,0,0,0,0,0,0,0,285,180,forward,0,0,263.0,1.7000344164746464,101.53758960827822,1.4,125.0
14:05:02,1.699965,101.537571,0,0,0,0,0,0,0,0,285,180,forward,0,0,263.0,1.7000344164746464,101.53758960827822,1.0,192.0
14:05:05,1.699966,101.537571,0,0,0,0,0,0,0,0,285,180,forward,0,0,263.0,1.7000354164746465,101.53758960827824,0.9,127.0
14:05:07,1.699966,101.537571,0,0,0,0,0,0,0,0,284,180,forward,0,0,263.0,1.7000357305184826,101.53758839342615,1.1,181.0
14:05:09,1.699966,101.537571,0,0,0,0,0,0,0,0,285,180,forward,0,0,263.0,1.7000354164746465,101.53758960827824,1.2,277.0
14:05:11,1.699967,101.537571,0,0,0,0,0,0,0,0,285,180,forward,0,0,263.0,1.7000364164746464,101.53758960827825,1.2,163.0
14:05:13,1.699967,101.537571,0,0,0,0,0,0,0,0,285,180,forward,0,0,263.0,1.7000364164746464,101.53758960827825,1.0,334.0
14:05:16,1.699967,101.537571,0,0,0,0,0,0,0,0,286,180,forward,0,0,263.0,1.70003608128588,101.53759081746209,1.0,65.0
14:05:18,1.699968,101.537571,0,0,0,0,0,0,0,0,285,180,forward,0,0,263.0,1.7000374164746463,101.53758960827825,0.9,352.0
14:05:20,1.699968,101.537571,0,0,0,0,0,0,0,0,285,180,forward,0,0,263.0,1.7000374164746463,101.53758960827825,0.9,159.0
14:05:22,1.699969,101.537571,0,0,0,0,0,0,0,0,285,180,forward,0,0,263.0,1.7000384164746465,101.53758960827827,0.6,114.0
14:05:24,1.69997,101.537571,0,0,0,0,0,0,0,0,285,180,forward,0,0,263.0,1.7000394164746464,101.53758960827828,1.4,40.0
14:05:26,1.69997,101.537571,0,0,0,0,0,0,0,0,285,180,forward,0,0,263.0,1.7000394164746464,101.53758960827828,1.1,171.0
14:05:29,1.699971,101.537571,0,0,0,0,0,0,0,0,285,180,forward,0,0,263.0,1.7000404164746463,101.53758960827828,1.2,310.0
14:05:31,1.699972,101.537571,0,0,0,0,0,0,0,0,285,180,forward,0,0,263.0,1.7000414164746465,101.5375896082783,1.1,163.0
14:05:33,1.699973,101.537571,0,0,0,0,0,0,0,0,285,180,forward,0,0,263.0,1.7000424164746464,101.53758960827831,1.1,111.0
14:05:35,1.699973,101.537572,0,0,0,0,0,0,0,0,285,180,forward,0,0,263.0,1.7000424164746464,101.53759060827831,1.9,273.0
14:05:37,1.699974,101.537571,0,0,0,0,0,0,0,0,285,180,forward,0,0,263.0,1.7000434164746465,101.53758960827832,1.7,184.0
14:05:40,1.699975,101.537571,0,0,0,0,0,0,0,0,285,180,forward,0,0,263.0,1.7000444164746464,101.53758960827832,1.4,122.0
14:05:42,1.699975,101.537571,0,0,0,0,0,0,0,0,285,180,forward,0,0,263.0,1.7000444164746464,101.53758960827832,1.7,237.0
14:05:44,1.699976,101.537572,0,0,0,0,0,0,0,0,285,180,forward,0,0,263.0,1.7000454164746464,101.53759060827834,1.0,190.0
14:05:46,1.699976,101.537571,0,0,0,0,0,0,0,0,285,180,forward,0,0,263.0,1.7000454164746464,101.53758960827834,1.9,196.0
14:05:48,1.699977,101.537572,0,0,0,0,0,0,0,0,285,180,forward,0,0,263.0,1.7000464164746465,101.53759060827835,2.2,265.0
14:05:51,1.699977,101.537571,0,0,0,0,0,0,0,0,285,180,forward,0,0,263.0,1.7000464164746465,101.53758960827835,1.8,257.0
14:05:53,1.699978,101.537571,0,0,0,0,0,0,0,0,285,180,forward,0,0,263.0,1.7000474164746464,101.53758960827835,1.7,241.0
14:05:55,1.699979,101.537571,0,0,0,0,0,0,0,0,285,180,forward,0,0,263.0,1.7000484164746463,101.53758960827837,1.4,178.0
14:05:57,1.69998,101.53757,0,0,0,0,0,0,0,0,285,180,forward,0,0,263.0,1.7000494164746465,101.53758860827838,1.3,115.0
14:05:59,1.69998,101.53757,0,0,0,0,0,0,0,0,285,180,forward,0,0,263.0,1.7000494164746465,101.53758860827838,2.7,107.0
14:06:02,1.699981,101.53757,0,0,0,0,0,0,0,0,285,180,forward,0,0,263.0,1.7000504164746464,101.53758860827838,2.3,36.0
14:06:04,1.699981,101.53757,0,0,0,0,0,0,0,0,286,180,forward,0,0,263.0,1.7000500812858799,101.53758981746223,2.1,325.0
14:06:06,1.699982,101.53757,0,0,0,0,0,0,0,0,285,180,forward,0,0,263.0,1.7000514164746465,101.5375886082784,2.8,247.0
14:06:08,1.699982,101.53757,0,0,0,0,0,0,0,0,285,180,forward,0,0,263.0,1.7000514164746465,101.5375886082784,1.4,207.0
14:06:10,1.699982,101.53757,0,0,0,0,0,0,0,0,286,180,forward,0,0,263.0,1.70005108128588,101.53758981746225,1.4,204.0
14:06:13,1.699983,101.53757,0,0,0,0,0,0,0,0,286,180,forward,0,0,263.0,1.70005208128588,101.53758981746225,1.9,186.0
14:06:15,1.699983,101.53757,0,0,0,0,0,0,0,0,285,180,forward,0,0,263.0,1.7000524164746464,101.53758860827841,2.1,132.0
14:06:17,1.699984,101.53757,0,0,0,0,0,0,0,0,286,180,forward,0,0,263.0,1.7000530812858798,101.53758981746226,1.5,146.0
14:06:19,1.699985,101.53757,0,0,0,0,0,0,0,0,285,180,forward,0,0,263.0,1.7000544164746465,101.53758860827843,2.1,125.0
14:06:21,1.699986,101.537569,0,0,0,0,0,0,0,0,285,180,forward,0,0,263.0,1.7000554164746464,101.53758760827844,1.8,236.0
14:06:24,1.699987,101.537569,0,0,0,0,0,0,0,0,285,180,forward,0,0,263.0,1.7000564164746463,101.53758760827844,3.2,27.0
14:06:26,1.699988,101.537569,0,0,0,0,0,0,0,0,285,180,forward,0,0,263.0,1.7000574164746465,101.53758760827846,2.8,107.0
14:06:28,1.699988,101.537568,0,0,0,0,0,0,0,0,286,180,forward,0,0,263.0,1.70005708128588,101.5375878174623,2.0,187.0
14:06:30,1.69999,101.537568,0,0,0,0,0,0,0,0,286,180,forward,0,0,263.0,1.7000590812858798,101.53758781746231,1.4,212.0
14:06:32,1.699991,101.537568,0,0,0,0,0,0,0,0,285,180,forward,0,0,263.0,1.7000604164746465,101.53758660827847,1.6,263.0
14:06:35,1.699992,101.537567,0,0,0,0,0,0,0,0,285,180,forward,0,0,263.0,1.7000614164746464,101.53758560827849,1.3,275.0
14:06:37,1.699993,101.537567,0,0,0,0,0,0,0,0,285,180,forward,0,0,263.0,1.7000624164746465,101.53758560827849,1.5,120.0
14:06:39,1.699994,101.537567,0,0,0,0,0,0,0,0,286,180,forward,0,0,263.0,1.70006308128588,101.53758681746235,1.1,201.0
14:06:41,1.699995,101.537566,0,0,0,0,0,0,0,0,285,180,forward,0,0,263.0,1.7000644164746463,101.53758460827852,1.2,254.0
14:06:43,1.699996,101.537566,0,0,0,0,0,0,0,0,285,180,forward,0,0,263.0,1.7000654164746465,101.53758460827852,1.4,3.0
14:06:46,1.699998,101.537565,0,0,0,0,0,0,0,0,286,180,forward,0,0,263.0,1.7000670812858798,101.5375848174624,1.1,57.0
14:06:48,1.699999,101.537565,0,0,0,0,0,0,0,0,285,180,forward,0,0,263.0,1.7000684164746465,101.53758360827855,1.2,46.0
14:06:50,1.700001,101.537565,0,0,0,0,0,0,0,0,285,180,forward,0,0,263.0,1.7000704164746465,101.53758360827858,1.5,134.0
14:06:52,1.700002,101.537564,0,0,0,0,0,0,0,0,285,180,forward,0,0,263.0,1.7000714164746464,101.5375826082786,1.4,308.0
14:06:54,1.700003,101.537564,0,0,0,0,0,0,0,0,285,180,forward,0,0,263.0,1.7000724164746464,101.5375826082786,2.2,296.0
14:06:57,1.700004,101.537564,0,0,0,0,0,0,0,0,285,180,forward,0,0,263.0,1.7000734164746465,101.53758260827861,1.8,282.0
14:06:59,1.700005,101.537564,0,0,0,0,0,0,0,0,285,180,forward,0,0,263.0,1.7000744164746464,101.53758260827863,1.6,271.0
14:07:01,1.700007,101.537563,0,0,0,0,0,0,0,0,285,180,forward,0,0,263.0,1.7000764164746465,101.53758160827864,1.5,178.0
14:07:03,1.700007,101.537563,0,0,0,0,0,0,0,0,285,180,forward,0,0,263.0,1.7000764164746465,101.53758160827864,1.9,278.0
14:07:05,1.700009,101.537562,0,0,0,0,0,0,0,0,286,180,forward,0,0,263.0,1.70007808128588,101.53758181746251,1.7,299.0
14:07:08,1.70001,101.537561,0,0,0,0,0,0,0,0,285,180,forward,0,0,263.0,1.7000794164746464,101.53757960827866,1.4,206.0
14:07:10,1.700011,101.537561,0,0,0,0,0,0,0,0,286,180,forward,0,0,263.0,1.7000800812858798,101.53758081746254,2.1,113.0
14:07:12,1.700012,101.537561,0,0,0,0,0,0,0,0,285,180,forward,0,0,263.0,1.7000814164746465,101.53757960827868,1.7,84.0
14:07:14,1.700013,101.537561,0,0,0,0,0,0,0,0,285,180,forward,0,0,263.0,1.7000824164746464,101.53757960827869,1.1,256.0
14:07:16,1.700014,101.537561,0,0,0,0,0,0,0,0,286,180,forward,0,0,263.0,1.7000830812858798,101.53758081746257,0.9,87.0
14:07:19,1.700015,101.537561,0,0,0,0,0,0,0,0,285,180,forward,0,0,263.0,1.7000844164746465,101.5375796082787,0.7,133.0
14:07:21,1.700015,101.537561,0,0,0,0,0,0,0,0,285,180,forward,0,0,263.0,1.7000844164746465,101.5375796082787,0.8,153.0
14:07:23,1.700017,101.537561,0,0,0,0,0,0,0,0,285,180,forward,0,0,263.0,1.7000864164746463,101.53757960827873,0.8,147.0
14:07:25,1.700017,101.537561,0,0,0,0,0,0,0,0,286,180,forward,0,0,263.0,1.7000860812858798,101.5375808174626,0.6,138.0
14:07:27,1.700017,101.537561,0,0,0,0,0,0,0,0,286,180,forward,0,0,263.0,1.7000860812858798,101.5375808174626,1.0,314.0
14:07:30,1.700018,101.537562,0,0,0,0,0,0,0,0,285,180,forward,0,0,263.0,1.7000874164746465,101.53758060827873,0.8,69.0
14:07:32,1.700017,101.537562,0,0,0,0,0,0,0,0,285,180,forward,0,0,263.0,1.7000864164746463,101.53758060827873,1.0,290.0
14:07:34,1.700017,101.537563,0,0,0,0,0,0,0,0,285,180,forward,0,0,263.0,1.7000864164746463,101.53758160827874,0.9,247.0
14:07:36,1.700017,101.537563,0,0,0,0,0,0,0,0,285,180,forward,0,0,263.0,1.7000864164746463,101.53758160827874,0.8,171.0
14:07:38,1.700016,101.537564,0,0,0,0,0,0,0,0,286,180,forward,0,0,263.0,1.7000850812858799,101.53758381746259,1.7,160.0
14:07:40,1.700016,101.537564,0,0,0,0,0,0,0,0,286,180,forward,0,0,263.0,1.7000850812858799,101.53758381746259,1.4,168.0
14:07:43,1.700016,101.537565,0,0,0,0,0,0,0,0,285,180,forward,0,0,263.0,1.7000854164746464,101.53758360827872,1.4,249.0
14:07:45,1.700015,101.537565,0,0,0,0,0,0,0,0,286,180,forward,0,0,263.0,1.70008408128588,101.53758481746257,1.2,190.0
14:07:47,1.700015,101.537565,0,0,0,0,0,0,0,0,286,180,forward,0,0,263.0,1.70008408128588,101.53758481746257,0.9,132.0
14:07:49,1.700014,101.537566,0,0,0,0,0,0,0,0,286,180,forward,0,0,263.0,1.7000830812858798,101.53758581746257,1.0,205.0
14:07:51,1.700014,101.537566,0,0,0,0,0,0,0,0,286,180,forward,0,0,263.0,1.7000830812858798,101.53758581746257,0.9,145.0
14:07:54,1.700014,101.537566,0,0,0,0,0,0,0,0,286,180,forward,0,0,263.0,1.7000830812858798,101.53758581746257,0.4,178.0
14:07:56,1.700014,101.537567,0,0,0,0,0,0,0,0,286,180,forward,0,0,263.0,1.7000830812858798,101.53758681746257,0.6,276.0
14:07:58,1.700014,101.537566,0,0,0,0,0,0,0,0,286,180,forward,0,0,263.0,1.7000830812858798,101.53758581746257,0.7,244.0
14:08:00,1.700014,101.537566,0,0,0,0,0,0,0,0,286,180,forward,0,0,263.0,1.7000830812858798,101.53758581746257,1.2,205.0
14:08:02,1.700014,101.537566,0,0,0,0,0,0,0,0,286,180,forward,0,0,263.0,1.7000830812858798,101.53758581746257,2.1,182.0
14:08:05,1.700014,101.537565,0,0,0,0,0,0,0,0,286,180,forward,0,0,263.0,1.7000830812858798,101.53758481746257,2.1,319.0
14:08:07,1.700014,101.537565,0,0,0,0,0,0,0,0,286,180,forward,0,0,263.0,1.7000830812858798,101.53758481746257,2.1,196.0
14:08:09,1.700014,101.537565,0,0,0,0,0,0,0,0,286,180,forward,0,0,263.0,1.7000830812858798,101.53758481746257,1.3,164.0
14:08:11,1.700013,101.537565,0,0,0,0,0,0,0,0,286,180,forward,0,0,263.0,1.70008208128588,101.53758481746256,1.3,110.0
14:08:13,1.700012,101.537565,0,0,0,0,0,0,0,0,286,180,forward,0,0,263.0,1.70008108128588,101.53758481746254,1.0,188.0
14:08:16,1.700012,101.537565,0,0,0,0,0,0,0,0,286,180,forward,0,0,263.0,1.70008108128588,101.53758481746254,2.2,240.0
14:08:18,1.700011,101.537566,0,0,0,0,0,0,0,0,286,180,forward,0,0,263.0,1.7000800812858798,101.53758581746254,1.7,341.0
14:08:20,1.700011,101.537566,0,0,0,0,0,0,0,0,286,180,forward,0,0,263.0,1.7000800812858798,101.53758581746254,1.9,77.0
14:08:22,1.70001,101.537566,0,0,0,0,0,0,0,0,286,180,forward,0,0,263.0,1.70007908128588,101.53758581746253,1.7,145.0
14:08:24,1.70001,101.537566,0,0,0,0,0,0,0,0,286,180,forward,0,0,263.0,1.70007908128588,101.53758581746253,1.8,208.0
14:08:27,1.70001,101.537567,0,0,0,0,0,0,0,0,286,180,forward,0,0,263.0,1.70007908128588,101.53758681746253,1.4,355.0
14:08:29,1.700009,101.537567,0,0,0,0,0,0,0,0,286,180,forward,0,0,263.0,1.70007808128588,101.53758681746251,1.6,274.0
14:08:31,1.700008,101.537568,0,0,0,0,0,0,0,0,286,180,forward,0,0,263.0,1.7000770812858799,101.5375878174625,1.3,297.0
14:08:33,1.700007,101.537568,0,0,0,0,0,0,0,0,287,180,forward,0,0,263.0,1.7000757250542846,101.53758902060976,2.2,53.0
14:08:35,1.700007,101.537568,0,0,0,0,0,0,0,0,287,180,forward,0,0,263.0,1.7000757250542846,101.53758902060976,2.5,220.0
14:08:38,1.700007,101.537568,0,0,0,0,0,0,0,0,287,180,forward,0,0,263.0,1.7000757250542846,101.53758902060976,1.5,300.0
14:08:40,1.700006,101.537567,0,0,0,0,0,0,0,0,287,180,forward,0,0,263.0,1.7000747250542845,101.53758802060975,1.2,308.0
14:08:42,1.700005,101.537567,0,0,0,0,0,0,0,0,286,180,forward,0,0,263.0,1.70007408128588,101.53758681746247,1.7,253.0
14:08:44,1.700005,101.537567,0,0,0,0,0,0,0,0,287,180,forward,0,0,263.0,1.7000737250542846,101.53758802060973,1.4,237.0
14:08:46,1.700004,101.537566,0,0,0,0,0,0,0,0,287,180,forward,0,0,263.0,1.7000727250542846,101.53758702060973,1.1,164.0
14:08:49,1.700004,101.537566,0,0,0,0,0,0,0,0,287,180,forward,0,0,263.0,1.7000727250542846,101.53758702060973,0.9,39.0
14:08:51,1.700003,101.537566,0,0,0,0,0,0,0,0,287,180,forward,0,0,263.0,1.7000717250542845,101.53758702060972,1.1,323.0
14:08:53,1.700003,101.537565,0,0,0,0,0,0,0,0,287,180,forward,0,0,263.0,1.7000717250542845,101.53758602060972,1.3,201.0
14:08:55,1.700002,101.537565,0,0,0,0,0,0,0,0,287,180,forward,0,0,263.0,1.7000707250542846,101.53758602060971,0.9,173.0
14:08:57,1.700002,101.537565,0,0,0,0,0,0,0,0,287,180,forward,0,0,263.0,1.7000707250542846,101.53758602060971,1.1,220.0
14:09:00,1.700001,101.537564,0,0,0,0,0,0,0,0,287,180,forward,0,0,263.0,1.7000697250542847,101.5375850206097,0.9,185.0
14:09:02,1.700001,101.537564,0,0,0,0,0,0,0,0,287,180,forward,0,0,263.0,1.7000697250542847,101.5375850206097,0.8,209.0
14:09:04,1.700001,101.537563,0,0,0,0,0,0,0,0,287,180,forward,0,0,263.0,1.7000697250542847,101.5375840206097,0.6,192.0
14:09:06,1.7,101.537563,0,0,0,0,0,0,0,0,288,180,forward,0,0,263.0,1.7000683478883718,101.53758521735388,0.3,139.0
14:09:08,1.699999,101.537563,0,0,0,0,0,0,0,0,287,180,forward,0,0,263.0,1.7000677250542846,101.53758402060969,0.7,127.0
14:09:11,1.699999,101.537562,0,0,0,0,0,0,0,0,287,180,forward,0,0,263.0,1.7000677250542846,101.53758302060967,1.0,70.0
14:09:13,1.699998,101.537562,0,0,0,0,0,0,0,0,287,180,forward,0,0,263.0,1.7000667250542845,101.53758302060966,1.1,122.0
14:09:15,1.699998,101.537562,0,0,0,0,0,0,0,0,287,180,forward,0,0,263.0,1.7000667250542845,101.53758302060966,0.8,140.0
14:09:17,1.699998,101.537561,0,0,0,0,0,0,0,0,287,180,forward,0,0,263.0,1.7000667250542845,101.53758202060966,0.7,105.0
14:09:19,1.699997,101.537561,0,0,0,0,0,0,0,0,287,180,forward,0,0,263.0,1.7000657250542845,101.53758202060965,0.6,176.0
14:09:22,1.699997,101.53756,0,0,0,0,0,0,0,0,287,180,forward,0,0,263.0,1.7000657250542845,101.53758102060965,0.6,68.0
14:09:24,1.699996,101.53756,0,0,0,0,0,0,0,0,288,180,forward,0,0,263.0,1.700064347888372,101.53758221735383,0.7,101.0
14:09:26,1.699996,101.53756,0,0,0,0,0,0,0,0,288,180,forward,0,0,263.0,1.700064347888372,101.53758221735383,0.9,128.0
14:09:28,1.699996,101.53756,0,0,0,0,0,0,0,0,288,180,forward,0,0,263.0,1.700064347888372,101.53758221735383,1.2,242.0
14:09:30,1.699995,101.53756,0,0,0,0,0,0,0,0,287,180,forward,0,0,263.0,1.7000637250542845,101.53758102060964,1.6,254.0
14:09:33,1.699995,101.53756,0,0,0,0,0,0,0,0,288,180,forward,0,0,263.0,1.7000633478883718,101.53758221735382,1.5,98.0
14:09:35,1.699994,101.53756,0,0,0,0,0,0,0,0,288,180,forward,0,0,263.0,1.7000623478883718,101.5375822173538,1.5,110.0
14:09:37,1.699995,101.537561,0,0,0,0,0,0,0,0,288,180,forward,0,0,263.0,1.7000633478883718,101.53758321735381,1.4,238.0
14:09:39,1.699994,101.537561,0,0,0,0,0,0,0,0,288,180,forward,0,0,263.0,1.7000623478883718,101.5375832173538,1.7,243.0
14:09:41,1.699994,101.537561,0,0,0,0,0,0,0,0,288,180,forward,0,0,263.0,1.7000623478883718,101.5375832173538,1.6,226.0
14:09:44,1.699993,101.537561,0,0,0,0,0,0,0,0,287,180,forward,0,0,263.0,1.7000617250542847,101.5375820206096,1.8,321.0
14:09:46,1.699993,101.537561,0,0,0,0,0,0,0,0,287,180,forward,0,0,263.0,1.7000617250542847,101.5375820206096,1.6,257.0
14:09:48,1.699993,101.537562,0,0,0,0,0,0,0,0,288,180,forward,0,0,263.0,1.700061347888372,101.53758421735378,1.8,165.0
14:09:50,1.699993,101.537563,0,0,0,0,0,0,0,0,288,180,forward,0,0,263.0,1.700061347888372,101.5375852173538,1.3,257.0
14:09:52,1.699992,101.537563,0,0,0,0,0,0,0,0,287,180,forward,0,0,263.0,1.7000607250542845,101.5375840206096,0.7,119.0
14:09:55,1.699992,101.537563,0,0,0,0,0,0,0,0,288,180,forward,0,0,263.0,1.7000603478883718,101.53758521735378,0.5,160.0
14:09:57,1.699992,101.537563,0,0,0,0,0,0,0,0,287,180,forward,0,0,263.0,1.7000607250542845,101.5375840206096,1.0,134.0
14:09:59,1.699992,101.537564,0,0,0,0,0,0,0,0,288,180,forward,0,0,263.0,1.7000603478883718,101.53758621735378,0.6,286.0
14:10:01,1.699992,101.537564,0,0,0,0,0,0,0,0,287,180,forward,0,0,263.0,1.7000607250542845,101.5375850206096,0.6,189.0
14:10:03,1.699992,101.537565,0,0,0,0,0,0,0,0,287,180,forward,0,0,263.0,1.7000607250542845,101.5375860206096,1.2,0.0
14:10:06,1.699992,101.537565,0,0,0,0,0,0,0,0,287,180,forward,0,0,263.0,1.7000607250542845,101.5375860206096,1.3,103.0
14:10:08,1.699991,101.537565,0,0,0,0,0,0,0,0,288,180,forward,0,0,263.0,1.7000593478883719,101.53758721735377,2.3,242.0
14:10:10,1.699991,101.537566,0,0,0,0,0,0,0,0,287,180,forward,0,0,263.0,1.7000597250542846,101.53758702060959,1.4,234.0
14:10:12,1.699991,101.537566,0,0,0,0,0,0,0,0,288,180,forward,0,0,263.0,1.7000593478883719,101.53758821735377,0.9,234.0
14:10:14,1.699991,101.537567,0,0,0,0,0,0,0,0,287,180,forward,0,0,263.0,1.7000597250542846,101.53758802060959,1.2,202.0
14:10:17,1.699991,101.537567,0,0,0,0,0,0,0,0,287,180,forward,0,0,263.0,1.7000597250542846,101.53758802060959,1.0,201.0
14:10:19,1.699991,101.537568,0,0,0,0,0,0,0,0,288,180,forward,0,0,263.0,1.7000593478883719,101.53759021735377,1.2,254.0
14:10:21,1.699991,101.537568,0,0,0,0,0,0,0,0,287,180,forward,0,0,263.0,1.7000597250542846,101.53758902060959,1.1,107.0
14:10:23,1.699991,101.537569,0,0,0,0,0,0,0,0,288,180,forward,0,0,263.0,1.7000593478883719,101.53759121735378,0.6,91.0
14:10:25,1.699991,101.537569,0,0,0,0,0,0,0,0,288,180,forward,0,0,263.0,1.7000593478883719,101.53759121735378,0.6,141.0
14:10:28,1.699991,101.537569,0,0,0,0,0,0,0,0,287,180,forward,0,0,263.0,1.7000597250542846,101.5375900206096,0.5,194.0
14:10:30,1.699991,101.537569,0,0,0,0,0,0,0,0,287,180,forward,0,0,263.0,1.7000597250542846,101.5375900206096,0.9,244.0
14:10:32,1.699992,101.537569,0,0,0,0,0,0,0,0,287,180,forward,0,0,263.0,1.7000607250542845,101.5375900206096,1.3,123.0
14:10:34,1.699992,101.537569,0,0,0,0,0,0,0,0,287,180,forward,0,0,263.0,1.7000607250542845,101.5375900206096,1.8,21.0
14:10:36,1.699992,101.537569,0,0,0,0,0,0,0,0,287,180,forward,0,0,263.0,1.7000607250542845,101.5375900206096,1.2,196.0
14:10:39,1.699991,101.537569,0,0,0,0,0,0,0,0,287,180,forward,0,0,263.0,1.7000597250542846,101.5375900206096,0.9,209.0
14:10:41,1.699991,101.537569,0,0,0,0,0,0,0,0,287,180,forward,0,0,263.0,1.7000597250542846,101.5375900206096,1.2,299.0
14:10:43,1.699991,101.537568,0,0,0,0,0,0,0,0,287,180,forward,0,0,263.0,1.7000597250542846,101.53758902060959,1.2,205.0
14:10:45,1.699992,101.537568,0,0,0,0,0,0,0,0,287,180,forward,0,0,263.0,1.7000607250542845,101.53758902060959,1.1,325.0
14:10:47,1.699992,101.537568,0,0,0,0,0,0,0,0,287,180,forward,0,0,263.0,1.7000607250542845,101.53758902060959,1.0,180.0
14:10:50,1.699993,101.537567,0,0,0,0,0,0,0,0,287,180,forward,0,0,263.0,1.7000617250542847,101.5375880206096,1.7,236.0
14:10:52,1.699993,101.537567,0,0,0,0,0,0,0,0,287,180,forward,0,0,263.0,1.7000617250542847,101.5375880206096,1.5,231.0
14:10:54,1.699994,101.537567,0,0,0,0,0,0,0,0,287,180,forward,0,0,263.0,1.7000627250542846,101.53758802060962,1.1,207.0
14:10:56,1.699993,101.537566,0,0,0,0,0,0,0,0,287,180,forward,0,0,263.0,1.7000617250542847,101.5375870206096,1.8,282.0
14:10:58,1.699993,101.537566,0,0,0,0,0,0,0,0,287,180,forward,0,0,263.0,1.7000617250542847,101.5375870206096,1.7,356.0
14:11:01,1.699993,101.537566,0,0,0,0,0,0,0,0,286,180,forward,0,0,263.0,1.70006208128588,101.53758581746236,1.3,67.0
14:11:03,1.699994,101.537566,0,0,0,0,0,0,0,0,287,180,forward,0,0,263.0,1.7000627250542846,101.53758702060962,1.4,208.0
14:11:05,1.699994,101.537566,0,0,0,0,0,0,0,0,287,180,forward,0,0,263.0,1.7000627250542846,101.53758702060962,0.9,195.0
14:11:07,1.699995,101.537566,0,0,0,0,0,0,0,0,286,180,forward,0,0,263.0,1.7000640812858798,101.53758581746237,1.0,129.0
14:11:09,1.699995,101.537566,0,0,0,0,0,0,0,0,286,180,forward,0,0,263.0,1.7000640812858798,101.53758581746237,1.2,283.0
14:11:12,1.699995,101.537566,0,0,0,0,0,0,0,0,286,180,forward,0,0,263.0,1.7000640812858798,101.53758581746237,1.7,130.0
14:11:14,1.699995,101.537566,0,0,0,0,0,0,0,0,286,180,forward,0,0,263.0,1.7000640812858798,101.53758581746237,1.3,290.0
14:11:16,1.699995,101.537566,0,0,0,0,0,0,0,0,286,180,forward,0,0,263.0,1.7000640812858798,101.53758581746237,0.8,261.0
14:11:18,1.699995,101.537565,0,0,0,0,0,0,0,0,286,180,forward,0,0,263.0,1.7000640812858798,101.53758481746237,0.7,180.0
14:11:20,1.699995,101.537565,0,0,0,0,0,0,0,0,286,180,forward,0,0,263.0,1.7000640812858798,101.53758481746237,0.8,242.0
14:11:23,1.699995,101.537565,0,0,0,0,0,0,0,0,286,180,forward,0,0,263.0,1.7000640812858798,101.53758481746237,0.8,217.0
14:11:25,1.699995,101.537565,0,0,0,0,0,0,0,0,286,180,forward,0,0,263.0,1.7000640812858798,101.53758481746237,0.6,205.0
14:11:27,1.699996,101.537566,0,0,0,0,0,0,0,0,286,180,forward,0,0,263.0,1.70006508128588,101.53758581746239,1.2,243.0
14:11:29,1.699996,101.537566,0,0,0,0,0,0,0,0,286,180,forward,0,0,263.0,1.70006508128588,101.53758581746239,0.9,268.0
14:11:31,1.699996,101.537566,0,0,0,0,0,0,0,0,286,180,forward,0,0,263.0,1.70006508128588,101.53758581746239,1.1,251.0
14:11:34,1.699996,101.537566,0,0,0,0,0,0,0,0,286,180,forward,0,0,263.0,1.70006508128588,101.53758581746239,0.9,248.0
14:11:36,1.699997,101.537566,0,0,0,0,0,0,0,0,286,180,forward,0,0,263.0,1.7000660812858799,101.53758581746239,1.0,212.0
14:11:38,1.699996,101.537566,0,0,0,0,0,0,0,0,286,180,forward,0,0,263.0,1.70006508128588,101.53758581746239,0.7,195.0
14:11:40,1.699996,101.537566,0,0,0,0,0,0,0,0,285,180,forward,0,0,263.0,1.7000654164746465,101.53758460827852,0.6,159.0
14:11:42,1.699996,101.537567,0,0,0,0,0,0,0,0,286,180,forward,0,0,263.0,1.70006508128588,101.53758681746238,0.5,171.0
14:11:45,1.699996,101.537567,0,0,0,0,0,0,0,0,286,180,forward,0,0,263.0,1.70006508128588,101.53758681746238,0.5,218.0
14:11:47,1.699995,101.537567,0,0,0,0,0,0,0,0,286,180,forward,0,0,263.0,1.7000640812858798,101.53758681746237,0.6,235.0
14:11:49,1.699995,101.537568,0,0,0,0,0,0,0,0,286,180,forward,0,0,263.0,1.7000640812858798,101.53758781746237,0.6,150.0
14:11:51,1.699995,101.537568,0,0,0,0,0,0,0,0,285,180,forward,0,0,263.0,1.7000644164746463,101.53758660827852,0.7,291.0
14:11:53,1.699995,101.537568,0,0,0,0,0,0,0,0,285,180,forward,0,0,263.0,1.7000644164746463,101.53758660827852,0.7,252.0
14:11:55,1.699994,101.537568,0,0,0,0,0,0,0,0,285,180,forward,0,0,263.0,1.7000634164746464,101.5375866082785,1.3,17.0
14:11:58,1.699994,101.537569,0,0,0,0,0,0,0,0,285,180,forward,0,0,263.0,1.7000634164746464,101.53758760827851,1.2,254.0
14:12:00,1.699994,101.537569,0,0,0,0,0,0,0,0,285,180,forward,0,0,263.0,1.7000634164746464,101.53758760827851,0.5,182.0
14:12:02,1.699994,101.537568,0,0,0,0,0,0,0,0,285,180,forward,0,0,263.0,1.7000634164746464,101.5375866082785,0.4,225.0
14:12:04,1.699994,101.537568,0,0,0,0,0,0,0,0,285,180,forward,0,0,263.0,1.7000634164746464,101.5375866082785,1.2,136.0
14:12:06,1.699994,101.537568,0,0,0,0,0,0,0,0,285,180,forward,0,0,263.0,1.7000634164746464,101.5375866082785,1.4,110.0
14:12:09,1.699995,101.537569,0,0,0,0,0,0,0,0,285,180,forward,0,0,263.0,1.7000644164746463,101.53758760827853,1.2,271.0
14:12:11,1.699995,101.537569,0,0,0,0,0,0,0,0,285,180,forward,0,0,263.0,1.7000644164746463,101.53758760827853,1.9,237.0
14:12:13,1.699996,101.537569,0,0,0,0,0,0,0,0,285,180,forward,0,0,263.0,1.7000654164746465,101.53758760827853,1.8,82.0
14:12:15,1.699996,101.537569,0,0,0,0,0,0,0,0,285,180,forward,0,0,263.0,1.7000654164746465,101.53758760827853,2.6,305.0
14:12:17,1.699996,101.537569,0,0,0,0,0,0,0,0,285,180,forward,0,0,263.0,1.7000654164746465,101.53758760827853,2.4,62.0
14:12:20,1.699997,101.53757,0,0,0,0,0,0,0,0,284,180,forward,0,0,263.0,1.7000667305184824,101.53758739342642,2.6,71.0
14:12:22,1.699996,101.53757,0,0,0,0,0,0,0,0,284,180,forward,0,0,263.0,1.7000657305184825,101.53758739342642,1.5,257.0
14:12:24,1.699997,101.53757,0,0,0,0,0,0,0,0,284,180,forward,0,0,263.0,1.7000667305184824,101.53758739342642,1.5,240.0
14:12:26,1.699997,101.53757,0,0,0,0,0,0,0,0,284,180,forward,0,0,263.0,1.7000667305184824,101.53758739342642,1.2,185.0
14:12:28,1.699997,101.53757,0,0,0,0,0,0,0,0,284,180,forward,0,0,263.0,1.7000667305184824,101.53758739342642,0.9,282.0
14:12:31,1.699996,101.53757,0,0,0,0,0,0,0,0,284,180,forward,0,0,263.0,1.7000657305184825,101.53758739342642,1.0,231.0
14:12:33,1.699996,101.53757,0,0,0,0,0,0,0,0,284,180,forward,0,0,263.0,1.7000657305184825,101.53758739342642,1.1,225.0
14:12:35,1.699996,101.537569,0,0,0,0,0,0,0,0,284,180,forward,0,0,263.0,1.7000657305184825,101.53758639342642,0.6,181.0
14:12:37,1.699995,101.537569,0,0,0,0,0,0,0,0,284,180,forward,0,0,263.0,1.7000647305184824,101.53758639342641,0.5,188.0
14:12:39,1.699996,101.537569,0,0,0,0,0,0,0,0,284,180,forward,0,0,263.0,1.7000657305184825,101.53758639342642,0.6,215.0
14:12:42,1.699995,101.537569,0,0,0,0,0,0,0,0,284,180,forward,0,0,263.0,1.7000647305184824,101.53758639342641,0.6,143.0
14:12:44,1.699995,101.537569,0,0,0,0,0,0,0,0,284,180,forward,0,0,263.0,1.7000647305184824,101.53758639342641,0.6,137.0
14:12:46,1.699995,101.537569,0,0,0,0,0,0,0,0,284,180,forward,0,0,263.0,1.7000647305184824,101.53758639342641,1.0,252.0
14:12:48,1.699994,101.537569,0,0,0,0,0,0,0,0,284,180,forward,0,0,263.0,1.7000637305184825,101.53758639342641,1.7,202.0
14:12:50,1.699993,101.537569,0,0,0,0,0,0,0,0,284,180,forward,0,0,263.0,1.7000627305184826,101.5375863934264,2.1,83.0
14:12:53,1.699992,101.537569,0,0,0,0,0,0,0,0,284,180,forward,0,0,263.0,1.7000617305184824,101.53758639342638,1.9,102.0
14:12:55,1.699991,101.537569,0,0,0,0,0,0,0,0,283,180,forward,0,0,263.0,1.7000610233217268,101.53758517327606,1.3,232.0
14:12:57,1.69999,101.537569,0,0,0,0,0,0,0,0,284,180,forward,0,0,263.0,1.7000597305184824,101.53758639342637,1.1,151.0
14:12:59,1.69999,101.537568,0,0,0,0,0,0,0,0,283,180,forward,0,0,263.0,1.7000600233217267,101.53758417327603,1.8,102.0
14:13:01,1.69999,101.537568,0,0,0,0,0,0,0,0,283,180,forward,0,0,263.0,1.7000600233217267,101.53758417327603,1.6,131.0
14:13:03,1.699989,101.537568,0,0,0,0,0,0,0,0,283,180,forward,0,0,263.0,1.7000590233217268,101.53758417327603,1.1,143.0
14:13:06,1.69999,101.537568,0,0,0,0,0,0,0,0,283,180,forward,0,0,263.0,1.7000600233217267,101.53758417327603,0.6,110.0
14:13:08,1.69999,101.537568,0,0,0,0,0,0,0,0,283,180,forward,0,0,263.0,1.7000600233217267,101.53758417327603,0.9,143.0
14:13:10,1.69999,101.537569,0,0,0,0,0,0,0,0,284,180,forward,0,0,263.0,1.7000597305184824,101.53758639342637,0.7,208.0
14:13:12,1.69999,101.537569,0,0,0,0,0,0,0,0,284,180,forward,0,0,263.0,1.7000597305184824,101.53758639342637,0.8,149.0
14:13:14,1.69999,101.53757,0,0,0,0,0,0,0,0,283,180,forward,0,0,263.0,1.7000600233217267,101.53758617327604,0.9,198.0
14:13:17,1.699991,101.53757,0,0,0,0,0,0,0,0,283,180,forward,0,0,263.0,1.7000610233217268,101.53758617327605,1.1,204.0
14:13:19,1.699991,101.53757,0,0,0,0,0,0,0,0,283,180,forward,0,0,263.0,1.7000610233217268,101.53758617327605,0.7,200.0
14:13:21,1.699991,101.537571,0,0,0,0,0,0,0,0,283,180,forward,0,0,263.0,1.7000610233217268,101.53758717327605,0.8,164.0
14:13:23,1.699992,101.537571,0,0,0,0,0,0,0,0,284,180,forward,0,0,263.0,1.7000617305184824,101.53758839342638,0.6,193.0
14:13:25,1.699992,101.537571,0,0,0,0,0,0,0,0,283,180,forward,0,0,263.0,1.7000620233217267,101.53758717327607,0.7,263.0
14:13:28,1.699992,101.537571,0,0,0,0,0,0,0,0,283,180,forward,0,0,263.0,1.7000620233217267,101.53758717327607,0.6,208.0
14:13:30,1.699992,101.537571,0,0,0,0,0,0,0,0,283,180,forward,0,0,263.0,1.7000620233217267,101.53758717327607,0.8,192.0
14:13:32,1.699992,101.537572,0,0,0,0,0,0,0,0,283,180,forward,0,0,263.0,1.7000620233217267,101.53758817327606,0.6,56.0
14:13:34,1.699993,101.537572,0,0,0,0,0,0,0,0,283,180,forward,0,0,263.0,1.7000630233217269,101.53758817327606,1.4,256.0
14:13:36,1.699993,101.537572,0,0,0,0,0,0,0,0,283,180,forward,0,0,263.0,1.7000630233217269,101.53758817327606,1.7,176.0
14:13:39,1.699993,101.537572,0,0,0,0,0,0,0,0,283,180,forward,0,0,263.0,1.7000630233217269,101.53758817327606,2.4,49.0
14:13:41,1.699993,101.537572,0,0,0,0,0,0,0,0,283,180,forward,0,0,263.0,1.7000630233217269,101.53758817327606,1.5,143.0
14:13:43,1.699994,101.537571,0,0,0,0,0,0,0,0,283,180,forward,0,0,263.0,1.7000640233217268,101.53758717327608,1.2,238.0
14:13:45,1.699994,101.537571,0,0,0,0,0,0,0,0,283,180,forward,0,0,263.0,1.7000640233217268,101.53758717327608,2.1,219.0
14:13:47,1.699994,101.537571,0,0,0,0,0,0,0,0,283,180,forward,0,0,263.0,1.7000640233217268,101.53758717327608,1.3,183.0
14:13:50,1.699994,101.537571,0,0,0,0,0,0,0,0,283,180,forward,0,0,263.0,1.7000640233217268,101.53758717327608,0.7,192.0
14:13:52,1.699994,101.537571,0,0,0,0,0,0,0,0,283,180,forward,0,0,263.0,1.7000640233217268,101.53758717327608,1.5,154.0
14:13:54,1.699993,101.537571,0,0,0,0,0,0,0,0,283,180,forward,0,0,263.0,1.7000630233217269,101.53758717327607,1.6,25.0
14:13:56,1.699993,101.537571,0,0,0,0,0,0,0,0,283,180,forward,0,0,263.0,1.7000630233217269,101.53758717327607,1.2,58.0
14:13:58,1.699993,101.53757,0,0,0,0,0,0,0,0,283,180,forward,0,0,263.0,1.7000630233217269,101.53758617327607,1.0,8.0
14:14:01,1.699993,101.53757,0,0,0,0,0,0,0,0,283,180,forward,0,0,263.0,1.7000630233217269,101.53758617327607,0.9,140.0
14:14:03,1.699993,101.537569,0,0,0,0,0,0,0,0,283,180,forward,0,0,263.0,1.7000630233217269,101.53758517327607,0.6,216.0
14:14:05,1.699993,101.537569,0,0,0,0,0,0,0,0,283,180,forward,0,0,263.0,1.7000630233217269,101.53758517327607,0.7,214.0
14:14:07,1.699993,101.537569,0,0,0,0,0,0,0,0,283,180,forward,0,0,263.0,1.7000630233217269,101.53758517327607,0.7,131.0
14:14:09,1.699993,101.53757,0,0,0,0,0,0,0,0,283,180,forward,0,0,263.0,1.7000630233217269,101.53758617327607,0.7,99.0
14:14:12,1.699993,101.537569,0,0,0,0,0,0,0,0,283,180,forward,0,0,263.0,1.7000630233217269,101.53758517327607,1.0,96.0
14:14:14,1.699992,101.537569,0,0,0,0,0,0,0,0,283,180,forward,0,0,263.0,1.7000620233217267,101.53758517327607,0.8,122.0
14:14:16,1.699992,101.537569,0,0,0,0,0,0,0,0,283,180,forward,0,0,263.0,1.7000620233217267,101.53758517327607,0.6,321.0
14:14:18,1.699991,101.537569,0,0,0,0,0,0,0,0,283,180,forward,0,0,263.0,1.7000610233217268,101.53758517327606,1.3,83.0
14:14:20,1.699992,101.537569,0,0,0,0,0,0,0,0,283,180,forward,0,0,263.0,1.7000620233217267,101.53758517327607,1.1,121.0
14:14:23,1.699991,101.537568,0,0,0,0,0,0,0,0,283,180,forward,0,0,263.0,1.7000610233217268,101.53758417327604,0.8,258.0
14:14:25,1.699991,101.537568,0,0,0,0,0,0,0,0,283,180,forward,0,0,263.0,1.7000610233217268,101.53758417327604,0.4,254.0
14:14:27,1.699991,101.537567,0,0,0,0,0,0,0,0,283,180,forward,0,0,263.0,1.7000610233217268,101.53758317327605,0.6,241.0
14:14:29,1.699991,101.537567,0,0,0,0,0,0,0,0,283,180,forward,0,0,263.0,1.7000610233217268,101.53758317327605,1.1,23.0
14:14:31,1.69999,101.537567,0,0,0,0,0,0,0,0,283,180,forward,0,0,263.0,1.7000600233217267,101.53758317327603,1.3,311.0
14:14:34,1.69999,101.537567,0,0,0,0,0,0,0,0,283,180,forward,0,0,263.0,1.7000600233217267,101.53758317327603,1.3,315.0
14:14:36,1.69999,101.537567,0,0,0,0,0,0,0,0,283,180,forward,0,0,263.0,1.7000600233217267,101.53758317327603,1.1,235.0
14:14:38,1.69999,101.537567,0,0,0,0,0,0,0,0,283,180,forward,0,0,263.0,1.7000600233217267,101.53758317327603,1.1,244.0
14:14:40,1.699989,101.537567,0,0,0,0,0,0,0,0,283,180,forward,0,0,263.0,1.7000590233217268,101.53758317327603,1.4,297.0
14:14:42,1.699989,101.537567,0,0,0,0,0,0,0,0,283,180,forward,0,0,263.0,1.7000590233217268,101.53758317327603,1.4,323.0
14:14:45,1.699988,101.537567,0,0,0,0,0,0,0,0,283,180,forward,0,0,263.0,1.7000580233217268,101.53758317327602,1.4,269.0
14:14:47,1.699988,101.537567,0,0,0,0,0,0,0,0,283,180,forward,0,0,263.0,1.7000580233217268,101.53758317327602,1.2,226.0
14:14:49,1.699988,101.537567,0,0,0,0,0,0,0,0,283,180,forward,0,0,263.0,1.7000580233217268,101.53758317327602,1.0,250.0
14:14:51,1.699987,101.537567,0,0,0,0,0,0,0,0,284,180,forward,0,0,263.0,1.7000567305184824,101.53758439342633,0.6,245.0
14:14:53,1.699987,101.537567,0,0,0,0,0,0,0,0,283,180,forward,0,0,263.0,1.7000570233217267,101.53758317327602,0.3,271.0
14:14:56,1.699987,101.537568,0,0,0,0,0,0,0,0,283,180,forward,0,0,263.0,1.7000570233217267,101.53758417327602,1.1,151.0
14:14:58,1.699987,101.537568,0,0,0,0,0,0,0,0,283,180,forward,0,0,263.0,1.7000570233217267,101.53758417327602,0.6,165.0
14:15:00,1.699987,101.537569,0,0,0,0,0,0,0,0,283,180,forward,0,0,263.0,1.7000570233217267,101.53758517327603,0.2,216.0
14:15:02,1.699987,101.53757,0,0,0,0,0,0,0,0,284,180,forward,0,0,263.0,1.7000567305184824,101.53758739342634,0.2,214.0
14:15:04,1.699987,101.537571,0,0,0,0,0,0,0,0,284,180,forward,0,0,263.0,1.7000567305184824,101.53758839342633,0.1,187.0
14:15:07,1.699986,101.537571,0,0,0,0,0,0,0,0,283,180,forward,0,0,263.0,1.7000560233217268,101.53758717327601,0.4,184.0
14:15:09,1.699986,101.537571,0,0,0,0,0,0,0,0,284,180,forward,0,0,263.0,1.7000557305184825,101.53758839342632,0.5,207.0
14:15:11,1.699986,101.537572,0,0,0,0,0,0,0,0,284,180,forward,0,0,263.0,1.7000557305184825,101.53758939342632,0.0,239.0
14:15:13,1.699986,101.537572,0,0,0,0,0,0,0,0,284,180,forward,0,0,263.0,1.7000557305184825,101.53758939342632,0.0,229.0
14:15:15,1.699986,101.537573,0,0,0,0,0,0,0,0,284,180,forward,0,0,263.0,1.7000557305184825,101.53759039342631,0.6,222.0
14:15:18,1.699986,101.537573,0,0,0,0,0,0,0,0,284,180,forward,0,0,263.0,1.7000557305184825,101.53759039342631,0.2,148.0
14:15:20,1.699986,101.537573,0,0,0,0,0,0,0,0,284,180,forward,0,0,263.0,1.7000557305184825,101.53759039342631,0.3,157.0
14:15:22,1.699986,101.537573,0,0,0,0,0,0,0,0,283,180,forward,0,0,263.0,1.7000560233217268,101.537589173276,0.0,186.0
14:15:24,1.699986,101.537573,0,0,0,0,0,0,0,0,284,180,forward,0,0,263.0,1.7000557305184825,101.53759039342631,0.2,174.0
14:15:26,1.699986,101.537573,0,0,0,0,0,0,0,0,283,180,forward,0,0,263.0,1.7000560233217268,101.537589173276,0.1,198.0
14:15:29,1.699987,101.537573,0,0,0,0,0,0,0,0,284,180,forward,0,0,263.0,1.7000567305184824,101.53759039342633,0.0,203.0
14:15:31,1.699987,101.537573,0,0,0,0,0,0,0,0,284,180,forward,0,0,263.0,1.7000567305184824,101.53759039342633,0.3,139.0
14:15:33,1.699987,101.537573,0,0,0,0,0,0,0,0,284,180,forward,0,0,263.0,1.7000567305184824,101.53759039342633,0.3,216.0
14:15:35,1.699987,101.537573,0,0,0,0,0,0,0,0,283,180,forward,0,0,263.0,1.7000570233217267,101.53758917327602,0.5,228.0
14:15:37,1.699988,101.537573,0,0,0,0,0,0,0,0,284,180,forward,0,0,263.0,1.7000577305184825,101.53759039342634,0.0,211.0
14:15:40,1.699988,101.537572,0,0,0,0,0,0,0,0,284,180,forward,0,0,263.0,1.7000577305184825,101.53758939342634,0.0,236.0
14:15:42,1.699988,101.537571,0,0,0,0,0,0,0,0,284,180,forward,0,0,263.0,1.7000577305184825,101.53758839342635,0.0,159.0
14:15:44,1.699989,101.537571,0,0,0,0,0,0,0,0,283,180,forward,0,0,263.0,1.7000590233217268,101.53758717327604,0.0,167.0
14:15:46,1.699989,101.53757,0,0,0,0,0,0,0,0,283,180,forward,0,0,263.0,1.7000590233217268,101.53758617327604,0.2,162.0
14:15:48,1.69999,101.537569,0,0,0,0,0,0,0,0,284,180,forward,0,0,263.0,1.7000597305184824,101.53758639342637,0.1,213.0
14:15:51,1.69999,101.537569,0,0,0,0,0,0,0,0,283,180,forward,0,0,263.0,1.7000600233217267,101.53758517327604,0.1,204.0
14:15:53,1.69999,101.537568,0,0,0,0,0,0,0,0,283,180,forward,0,0,263.0,1.7000600233217267,101.53758417327603,0.0,183.0
14:15:55,1.69999,101.537568,0,0,0,0,0,0,0,0,284,180,forward,0,0,263.0,1.7000597305184824,101.53758539342635,0.0,222.0
14:15:57,1.69999,101.537567,0,0,0,0,0,0,0,0,284,180,forward,0,0,263.0,1.7000597305184824,101.53758439342636,0.1,197.0
14:15:59,1.699991,101.537566,0,0,0,0,0,0,0,0,283,180,forward,0,0,263.0,1.7000610233217268,101.53758217327605,0.1,198.0
14:16:02,1.699991,101.537566,0,0,0,0,0,0,0,0,283,180,forward,0,0,263.0,1.7000610233217268,101.53758217327605,0.1,217.0
14:16:04,1.699991,101.537565,0,0,0,0,0,0,0,0,283,180,forward,0,0,263.0,1.7000610233217268,101.53758117327605,0.0,192.0
14:16:06,1.699991,101.537565,0,0,0,0,0,0,0,0,283,180,forward,0,0,263.0,1.7000610233217268,101.53758117327605,0.0,193.0
14:16:08,1.699992,101.537564,0,0,0,0,0,0,0,0,283,180,forward,0,0,263.0,1.7000620233217267,101.53758017327607,0.1,216.0
14:16:10,1.699993,101.537564,0,0,0,0,0,0,0,0,283,180,forward,0,0,263.0,1.7000630233217269,101.53758017327607,0.8,257.0
14:16:13,1.699993,101.537563,0,0,0,0,0,0,0,0,283,180,forward,0,0,263.0,1.7000630233217269,101.53757917327607,1.2,57.0
14:16:15,1.699993,101.537563,0,0,0,0,0,0,0,0,283,180,forward,0,0,263.0,1.7000630233217269,101.53757917327607,0.7,2.0
14:16:17,1.699993,101.537563,0,0,0,0,0,0,0,0,283,180,forward,0,0,263.0,1.7000630233217269,101.53757917327607,0.5,224.0
14:16:19,1.699993,101.537563,0,0,0,0,0,0,0,0,283,180,forward,0,0,263.0,1.7000630233217269,101.53757917327607,0.5,214.0
14:16:21,1.699993,101.537563,0,0,0,0,0,0,0,0,284,180,forward,0,0,263.0,1.7000627305184826,101.5375803934264,0.4,210.0
14:16:24,1.699993,101.537563,0,0,0,0,0,0,0,0,283,180,forward,0,0,263.0,1.7000630233217269,101.53757917327607,0.5,241.0
14:16:26,1.699993,101.537563,0,0,0,0,0,0,0,0,283,180,forward,0,0,263.0,1.7000630233217269,101.53757917327607,0.1,286.0
14:16:28,1.699993,101.537563,0,0,0,0,0,0,0,0,283,180,forward,0,0,263.0,1.7000630233217269,101.53757917327607,0.9,202.0
14:16:30,1.699993,101.537563,0,0,0,0,0,0,0,0,284,180,forward,0,0,263.0,1.7000627305184826,101.5375803934264,1.1,154.0
14:16:32,1.699993,101.537563,0,0,0,0,0,0,0,0,283,180,forward,0,0,263.0,1.7000630233217269,101.53757917327607,1.4,214.0
14:16:35,1.699993,101.537564,0,0,0,0,0,0,0,0,283,180,forward,0,0,263.0,1.7000630233217269,101.53758017327607,1.5,252.0
14:16:37,1.699992,101.537564,0,0,0,0,0,0,0,0,283,180,forward,0,0,263.0,1.7000620233217267,101.53758017327607,1.2,231.0
14:16:39,1.699992,101.537564,0,0,0,0,0,0,0,0,283,180,forward,0,0,263.0,1.7000620233217267,101.53758017327607,0.9,182.0
14:16:41,1.699992,101.537564,0,0,0,0,0,0,0,0,284,180,forward,0,0,263.0,1.7000617305184824,101.53758139342638,0.6,181.0
14:16:43,1.699991,101.537565,0,0,0,0,0,0,0,0,283,180,forward,0,0,263.0,1.7000610233217268,101.53758117327605,0.4,182.0
14:16:46,1.699991,101.537565,0,0,0,0,0,0,0,0,283,180,forward,0,0,263.0,1.7000610233217268,101.53758117327605,0.3,170.0
14:16:48,1.69999,101.537566,0,0,0,0,0,0,0,0,283,180,forward,0,0,263.0,1.7000600233217267,101.53758217327604,0.1,145.0
14:16:50,1.69999,101.537566,0,0,0,0,0,0,0,0,283,180,forward,0,0,263.0,1.7000600233217267,101.53758217327604,0.6,242.0
14:16:52,1.69999,101.537566,0,0,0,0,0,0,0,0,283,180,forward,0,0,263.0,1.7000600233217267,101.53758217327604,0.6,221.0
14:16:54,1.69999,101.537567,0,0,0,0,0,0,0,0,283,180,forward,0,0,263.0,1.7000600233217267,101.53758317327603,0.3,214.0
14:16:57,1.69999,101.537567,0,0,0,0,0,0,0,0,283,180,forward,0,0,263.0,1.7000600233217267,101.53758317327603,0.6,138.0
14:16:59,1.69999,101.537567,0,0,0,0,0,0,0,0,283,180,forward,0,0,263.0,1.7000600233217267,101.53758317327603,0.6,148.0
14:17:01,1.699989,101.537567,0,0,0,0,0,0,0,0,283,180,forward,0,0,263.0,1.7000590233217268,101.53758317327603,0.3,60.0
14:17:03,1.699989,101.537568,0,0,0,0,0,0,0,0,283,180,forward,0,0,263.0,1.7000590233217268,101.53758417327603,0.4,62.0
14:17:05,1.699988,101.537568,0,0,0,0,0,0,0,0,283,180,forward,0,0,263.0,1.7000580233217268,101.53758417327602,0.4,3.0
14:17:08,1.699988,101.537569,0,0,0,0,0,0,0,0,283,180,forward,0,0,263.0,1.7000580233217268,101.53758517327603,0.6,255.0
14:17:10,1.699987,101.537569,0,0,0,0,0,0,0,0,283,180,forward,0,0,263.0,1.7000570233217267,101.53758517327603,1.5,177.0
14:17:12,1.699986,101.537569,0,0,0,0,0,0,0,0,283,180,forward,0,0,263.0,1.7000560233217268,101.53758517327601,1.3,320.0
14:17:14,1.699985,101.53757,0,0,0,0,0,0,0,0,283,180,forward,0,0,263.0,1.7000550233217269,101.537586173276,1.5,245.0
14:17:16,1.699985,101.53757,0,0,0,0,0,0,0,0,283,180,forward,0,0,263.0,1.7000550233217269,101.537586173276,1.2,359.0
14:17:19,1.699984,101.53757,0,0,0,0,0,0,0,0,283,180,forward,0,0,263.0,1.7000540233217267,101.537586173276,1.0,4.0
14:17:21,1.699983,101.53757,0,0,0,0,0,0,0,0,283,180,forward,0,0,263.0,1.7000530233217268,101.53758617327598,1.2,287.0
14:17:23,1.699982,101.537571,0,0,0,0,0,0,0,0,283,180,forward,0,0,263.0,1.700052023321727,101.53758717327598,1.0,66.0
14:17:25,1.699981,101.537571,0,0,0,0,0,0,0,0,283,180,forward,0,0,263.0,1.7000510233217268,101.53758717327597,1.0,141.0
14:17:27,1.69998,101.537571,0,0,0,0,0,0,0,0,283,180,forward,0,0,263.0,1.7000500233217268,101.53758717327597,0.9,49.0
14:17:29,1.699979,101.537571,0,0,0,0,0,0,0,0,283,180,forward,0,0,263.0,1.7000490233217267,101.53758717327595,0.7,152.0
14:17:32,1.699978,101.537571,0,0,0,0,0,0,0,0,284,180,forward,0,0,263.0,1.7000477305184825,101.53758839342625,0.6,158.0
14:17:34,1.699977,101.537572,0,0,0,0,0,0,0,0,283,180,forward,0,0,263.0,1.7000470233217269,101.53758817327594,0.3,158.0
14:17:36,1.699976,101.537572,0,0,0,0,0,0,0,0,283,180,forward,0,0,263.0,1.7000460233217267,101.53758817327592,0.3,152.0
14:17:38,1.699976,101.537572,0,0,0,0,0,0,0,0,283,180,forward,0,0,263.0,1.7000460233217267,101.53758817327592,0.5,243.0
14:17:40,1.699976,101.537572,0,0,0,0,0,0,0,0,283,180,forward,0,0,263.0,1.7000460233217267,101.53758817327592,0.0,268.0
14:17:43,1.699975,101.537573,0,0,0,0,0,0,0,0,283,180,forward,0,0,263.0,1.7000450233217268,101.53758917327592,0.0,261.0
14:17:45,1.699974,101.537573,0,0,0,0,0,0,0,0,283,180,forward,0,0,263.0,1.7000440233217269,101.5375891732759,0.0,153.0
14:17:47,1.699974,101.537573,0,0,0,0,0,0,0,0,284,180,forward,0,0,263.0,1.7000437305184826,101.53759039342621,0.0,172.0
14:17:49,1.699974,101.537573,0,0,0,0,0,0,0,0,284,180,forward,0,0,263.0,1.7000437305184826,101.53759039342621,0.0,233.0
14:17:51,1.699974,101.537573,0,0,0,0,0,0,0,0,283,180,forward,0,0,263.0,1.7000440233217269,101.5375891732759,0.0,206.0
14:17:54,1.699974,101.537572,0,0,0,0,0,0,0,0,283,180,forward,0,0,263.0,1.7000440233217269,101.5375881732759,0.0,217.0
14:17:56,1.699974,101.537573,0,0,0,0,0,0,0,0,283,180,forward,0,0,263.0,1.7000440233217269,101.5375891732759,0.0,137.0
14:17:58,1.699974,101.537573,0,0,0,0,0,0,0,0,283,180,forward,0,0,263.0,1.7000440233217269,101.5375891732759,0.0,257.0
14:18:00,1.699974,101.537572,0,0,0,0,0,0,0,0,283,180,forward,0,0,263.0,1.7000440233217269,101.5375881732759,0.0,242.0
14:18:02,1.699974,101.537572,0,0,0,0,0,0,0,0,283,180,forward,0,0,263.0,1.7000440233217269,101.5375881732759,0.0,160.0
14:18:05,1.699974,101.537572,0,0,0,0,0,0,0,0,283,180,forward,0,0,263.0,1.7000440233217269,101.5375881732759,0.0,197.0
14:18:07,1.699974,101.537572,0,0,0,0,0,0,0,0,283,180,forward,0,0,263.0,1.7000440233217269,101.5375881732759,0.0,231.0
14:18:09,1.699973,101.537572,0,0,0,0,0,0,0,0,283,180,forward,0,0,263.0,1.7000430233217267,101.53758817327589,0.0,234.0
14:18:11,1.699972,101.537572,0,0,0,0,0,0,0,0,283,180,forward,0,0,263.0,1.7000420233217268,101.53758817327589,0.4,222.0
14:18:13,1.699972,101.537572,0,0,0,0,0,0,0,0,283,180,forward,0,0,263.0,1.7000420233217268,101.53758817327589,1.0,259.0
14:18:16,1.699971,101.537572,0,0,0,0,0,0,0,0,283,180,forward,0,0,263.0,1.7000410233217267,101.53758817327588,0.9,228.0
14:18:18,1.699971,101.537572,0,0,0,0,0,0,0,0,283,180,forward,0,0,263.0,1.7000410233217267,101.53758817327588,0.9,53.0
14:18:20,1.699971,101.537572,0,0,0,0,0,0,0,0,283,180,forward,0,0,263.0,1.7000410233217267,101.53758817327588,0.9,75.0
14:18:22,1.699971,101.537571,0,0,0,0,0,0,0,0,283,180,forward,0,0,263.0,1.7000410233217267,101.53758717327588,0.7,84.0
14:18:24,1.699971,101.537571,0,0,0,0,0,0,0,0,283,180,forward,0,0,263.0,1.7000410233217267,101.53758717327588,0.6,75.0
14:18:27,1.699971,101.537571,0,0,0,0,0,0,0,0,283,180,forward,0,0,263.0,1.7000410233217267,101.53758717327588,0.8,288.0
14:18:29,1.69997,101.537571,0,0,0,0,0,0,0,0,283,180,forward,0,0,263.0,1.7000400233217268,101.53758717327588,1.2,232.0
14:18:31,1.69997,101.537571,0,0,0,0,0,0,0,0,283,180,forward,0,0,263.0,1.7000400233217268,101.53758717327588,1.3,12.0
14:18:33,1.699969,101.537571,0,0,0,0,0,0,0,0,283,180,forward,0,0,263.0,1.7000390233217268,101.53758717327587,1.3,359.0
14:18:35,1.699969,101.537572,0,0,0,0,0,0,0,0,283,180,forward,0,0,263.0,1.7000390233217268,101.53758817327586,1.1,243.0
14:18:38,1.699968,101.537573,0,0,0,0,0,0,0,0,283,180,forward,0,0,263.0,1.7000380233217267,101.53758917327585,0.8,254.0
14:18:40,1.699967,101.537573,0,0,0,0,0,0,0,0,283,180,forward,0,0,263.0,1.7000370233217268,101.53758917327585,0.5,262.0
14:18:42,1.699967,101.537574,0,0,0,0,0,0,0,0,283,180,forward,0,0,263.0,1.7000370233217268,101.53759017327586,0.5,302.0
14:18:44,1.699966,101.537575,0,0,0,0,0,0,0,0,283,180,forward,0,0,263.0,1.7000360233217269,101.53759117327584,0.0,278.0
14:18:46,1.699966,101.537576,0,0,0,0,0,0,0,0,283,180,forward,0,0,263.0,1.7000360233217269,101.53759217327584,0.0,129.0
14:18:49,1.699966,101.537577,0,0,0,0,0,0,0,0,282,180,forward,0,0,263.0,1.7000362947951893,101.53759194819901,0.1,98.0
14:18:51,1.699965,101.537577,0,0,0,0,0,0,0,0,282,180,forward,0,0,263.0,1.7000352947951891,101.537591948199,0.0,170.0
14:18:53,1.699965,101.537578,0,0,0,0,0,0,0,0,282,180,forward,0,0,263.0,1.7000352947951891,101.53759294819899,0.0,151.0
14:18:55,1.699965,101.537578,0,0,0,0,0,0,0,0,282,180,forward,0,0,263.0,1.7000352947951891,101.53759294819899,0.1,171.0
14:18:57,1.699964,101.537578,0,0,0,0,0,0,0,0,282,180,forward,0,0,263.0,1.7000342947951892,101.53759294819899,0.3,129.0
14:19:00,1.699964,101.537579,0,0,0,0,0,0,0,0,282,180,forward,0,0,263.0,1.7000342947951892,101.53759394819899,0.6,212.0
14:19:02,1.699964,101.537579,0,0,0,0,0,0,0,0,282,180,forward,0,0,263.0,1.7000342947951892,101.53759394819899,0.6,275.0
14:19:04,1.699964,101.537579,0,0,0,0,0,0,0,0,283,180,forward,0,0,263.0,1.7000340233217268,101.53759517327582,0.7,278.0
14:19:06,1.699964,101.537579,0,0,0,0,0,0,0,0,282,180,forward,0,0,263.0,1.7000342947951892,101.53759394819899,0.8,215.0
14:19:08,1.699964,101.537579,0,0,0,0,0,0,0,0,282,180,forward,0,0,263.0,1.7000342947951892,101.53759394819899,0.6,175.0
14:19:11,1.699963,101.537578,0,0,0,0,0,0,0,0,282,180,forward,0,0,263.0,1.700033294795189,101.53759294819898,0.4,183.0
14:19:13,1.699962,101.537578,0,0,0,0,0,0,0,0,282,180,forward,0,0,263.0,1.7000322947951891,101.53759294819896,0.6,47.0
14:19:15,1.699962,101.537578,0,0,0,0,0,0,0,0,282,180,forward,0,0,263.0,1.7000322947951891,101.53759294819896,0.6,320.0
14:19:17,1.699961,101.537578,0,0,0,0,0,0,0,0,282,180,forward,0,0,263.0,1.7000312947951892,101.53759294819896,1.1,24.0
14:19:19,1.69996,101.537578,0,0,0,0,0,0,0,0,282,180,forward,0,0,263.0,1.700030294795189,101.53759294819895,0.8,23.0
14:19:22,1.69996,101.537578,0,0,0,0,0,0,0,0,282,180,forward,0,0,263.0,1.700030294795189,101.53759294819895,0.6,345.0
14:19:24,1.699959,101.537578,0,0,0,0,0,0,0,0,282,180,forward,0,0,263.0,1.7000292947951892,101.53759294819895,0.7,10.0
14:19:26,1.699958,101.537578,0,0,0,0,0,0,0,0,282,180,forward,0,0,263.0,1.7000282947951892,101.53759294819893,0.7,26.0
14:19:28,1.699958,101.537578,0,0,0,0,0,0,0,0,282,180,forward,0,0,263.0,1.7000282947951892,101.53759294819893,0.6,341.0
14:19:30,1.699958,101.537578,0,0,0,0,0,0,0,0,282,180,forward,0,0,263.0,1.7000282947951892,101.53759294819893,0.6,32.0
14:19:32,1.699957,101.537579,0,0,0,0,0,0,0,0,282,180,forward,0,0,263.0,1.700027294795189,101.53759394819893,0.6,10.0
14:19:35,1.699957,101.53758,0,0,0,0,0,0,0,0,282,180,forward,0,0,263.0,1.700027294795189,101.53759494819894,0.0,44.0
14:19:37,1.699956,101.53758,0,0,0,0,0,0,0,0,281,180,forward,0,0,263.0,1.700026544856176,101.53759371856873,0.1,281.0
14:19:39,1.699956,101.537581,0,0,0,0,0,0,0,0,281,180,forward,0,0,263.0,1.700026544856176,101.53759471856873,0.2,136.0
14:19:41,1.699955,101.537582,0,0,0,0,0,0,0,0,281,180,forward,0,0,263.0,1.700025544856176,101.53759571856872,0.2,353.0
14:19:43,1.699954,101.537582,0,0,0,0,0,0,0,0,281,180,forward,0,0,263.0,1.700024544856176,101.53759571856871,1.0,305.0
14:19:46,1.699954,101.537582,0,0,0,0,0,0,0,0,282,180,forward,0,0,263.0,1.7000242947951891,101.53759694819891,1.2,31.0
14:19:48,1.699953,101.537582,0,0,0,0,0,0,0,0,282,180,forward,0,0,263.0,1.7000232947951892,101.53759694819891,0.6,341.0
14:19:50,1.699953,101.537583,0,0,0,0,0,0,0,0,281,180,forward,0,0,263.0,1.700023544856176,101.53759671856871,1.3,20.0
14:19:52,1.699952,101.537583,0,0,0,0,0,0,0,0,281,180,forward,0,0,263.0,1.7000225448561759,101.5375967185687,1.0,30.0
14:19:54,1.699952,101.537583,0,0,0,0,0,0,0,0,281,180,forward,0,0,263.0,1.7000225448561759,101.5375967185687,0.7,314.0
14:19:57,1.699951,101.537583,0,0,0,0,0,0,0,0,281,180,forward,0,0,263.0,1.700021544856176,101.5375967185687,0.5,10.0
14:19:59,1.699951,101.537583,0,0,0,0,0,0,0,0,281,180,forward,0,0,263.0,1.700021544856176,101.5375967185687,0.6,4.0
14:20:01,1.69995,101.537583,0,0,0,0,0,0,0,0,281,180,forward,0,0,263.0,1.700020544856176,101.53759671856868,0.4,354.0
14:20:03,1.699949,101.537582,0,0,0,0,0,0,0,0,281,180,forward,0,0,263.0,1.700019544856176,101.53759571856868,0.5,4.0
14:20:05,1.699948,101.537582,0,0,0,0,0,0,0,0,281,180,forward,0,0,263.0,1.700018544856176,101.53759571856867,0.3,6.0
14:20:08,1.699948,101.537582,0,0,0,0,0,0,0,0,281,180,forward,0,0,263.0,1.700018544856176,101.53759571856867,0.1,353.0
14:20:10,1.699947,101.537581,0,0,0,0,0,0,0,0,281,180,forward,0,0,263.0,1.700017544856176,101.53759471856867,0.4,342.0
14:20:12,1.699946,101.537581,0,0,0,0,0,0,0,0,281,180,forward,0,0,263.0,1.700016544856176,101.53759471856866,0.5,194.0
14:20:14,1.699945,101.53758,0,0,0,0,0,0,0,0,281,180,forward,0,0,263.0,1.700015544856176,101.53759371856866,0.0,166.0
14:20:16,1.699944,101.53758,0,0,0,0,0,0,0,0,281,180,forward,0,0,263.0,1.7000145448561759,101.53759371856864,0.1,165.0
14:20:19,1.699943,101.53758,0,0,0,0,0,0,0,0,281,180,forward,0,0,263.0,1.700013544856176,101.53759371856864,0.1,176.0
14:20:21,1.699943,101.53758,0,0,0,0,0,0,0,0,281,180,forward,0,0,263.0,1.700013544856176,101.53759371856864,0.0,193.0
14:20:23,1.699942,101.53758,0,0,0,0,0,0,0,0,281,180,forward,0,0,263.0,1.700012544856176,101.53759371856863,0.0,216.0
14:20:25,1.699941,101.537579,0,0,0,0,0,0,0,0,281,180,forward,0,0,263.0,1.700011544856176,101.53759271856862,0.0,272.0
14:20:27,1.69994,101.537579,0,0,0,0,0,0,0,0,280,180,forward,0,0,263.0,1.700010773428516,101.53759148475962,0.0,316.0
14:20:30,1.699939,101.537579,0,0,0,0,0,0,0,0,281,180,forward,0,0,263.0,1.700009544856176,101.5375927185686,0.6,58.0
14:20:32,1.699939,101.537578,0,0,0,0,0,0,0,0,281,180,forward,0,0,263.0,1.700009544856176,101.5375917185686,0.9,274.0
14:20:34,1.699938,101.537578,0,0,0,0,0,0,0,0,281,180,forward,0,0,263.0,1.700008544856176,101.53759171856859,1.0,190.0
14:20:36,1.699938,101.537577,0,0,0,0,0,0,0,0,281,180,forward,0,0,263.0,1.700008544856176,101.5375907185686,1.6,55.0
14:20:38,1.699937,101.537577,0,0,0,0,0,0,0,0,281,180,forward,0,0,263.0,1.700007544856176,101.5375907185686,1.3,75.0
14:20:40,1.699936,101.537577,0,0,0,0,0,0,0,0,281,180,forward,0,0,263.0,1.7000065448561759,101.53759071856858,1.1,96.0
14:20:43,1.699936,101.537577,0,0,0,0,0,0,0,0,281,180,forward,0,0,263.0,1.7000065448561759,101.53759071856858,0.7,48.0
14:20:45,1.699935,101.537577,0,0,0,0,0,0,0,0,281,180,forward,0,0,263.0,1.700005544856176,101.53759071856858,1.0,182.0
14:20:47,1.699934,101.537577,0,0,0,0,0,0,0,0,281,180,forward,0,0,263.0,1.700004544856176,101.53759071856857,1.3,328.0
14:20:49,1.699933,101.537577,0,0,0,0,0,0,0,0,281,180,forward,0,0,263.0,1.7000035448561759,101.53759071856857,1.3,158.0
14:20:51,1.699932,101.537577,0,0,0,0,0,0,0,0,281,180,forward,0,0,263.0,1.700002544856176,101.53759071856855,1.2,78.0
14:20:54,1.699931,101.537577,0,0,0,0,0,0,0,0,282,180,forward,0,0,263.0,1.7000012947951892,101.53759194819874,0.7,165.0
14:20:56,1.69993,101.537576,0,0,0,0,0,0,0,0,282,180,forward,0,0,263.0,1.700000294795189,101.53759094819873,0.6,165.0
14:20:58,1.699929,101.537576,0,0,0,0,0,0,0,0,282,180,forward,0,0,263.0,1.6999992947951892,101.53759094819871,0.8,225.0
14:21:00,1.699928,101.537576,0,0,0,0,0,0,0,0,282,180,forward,0,0,263.0,1.6999982947951893,101.53759094819871,0.4,280.0
14:21:02,1.699928,101.537576,0,0,0,0,0,0,0,0,282,180,forward,0,0,263.0,1.6999982947951893,101.53759094819871,0.6,297.0
14:21:05,1.699927,101.537576,0,0,0,0,0,0,0,0,282,180,forward,0,0,263.0,1.6999972947951891,101.5375909481987,1.5,99.0
14:21:07,1.699927,101.537575,0,0,0,0,0,0,0,0,282,180,forward,0,0,263.0,1.6999972947951891,101.5375899481987,1.2,127.0
14:21:09,1.699927,101.537575,0,0,0,0,0,0,0,0,283,180,forward,0,0,263.0,1.6999970233217268,101.53759117327552,1.2,76.0
14:21:11,1.699927,101.537574,0,0,0,0,0,0,0,0,282,180,forward,0,0,263.0,1.6999972947951891,101.5375889481987,1.2,82.0
14:21:13,1.699928,101.537573,0,0,0,0,0,0,0,0,283,180,forward,0,0,263.0,1.699998023321727,101.53758917327552,1.5,321.0
14:21:16,1.699928,101.537573,0,0,0,0,0,0,0,0,283,180,forward,0,0,263.0,1.699998023321727,101.53758917327552,1.8,174.0
14:21:18,1.699929,101.537573,0,0,0,0,0,0,0,0,282,180,forward,0,0,263.0,1.6999992947951892,101.5375879481987,1.3,279.0
14:21:20,1.699929,101.537572,0,0,0,0,0,0,0,0,283,180,forward,0,0,263.0,1.6999990233217268,101.53758817327552,0.8,285.0
14:21:22,1.69993,101.537571,0,0,0,0,0,0,0,0,283,180,forward,0,0,263.0,1.7000000233217267,101.53758717327554,1.6,330.0
14:21:24,1.699931,101.537571,0,0,0,0,0,0,0,0,283,180,forward,0,0,263.0,1.7000010233217269,101.53758717327555,1.3,161.0
14:21:27,1.699931,101.537571,0,0,0,0,0,0,0,0,283,180,forward,0,0,263.0,1.7000010233217269,101.53758717327555,1.5,309.0
14:21:29,1.699931,101.537572,0,0,0,0,0,0,0,0,282,180,forward,0,0,263.0,1.7000012947951892,101.53758694819874,1.2,292.0
14:21:31,1.699932,101.537572,0,0,0,0,0,0,0,0,282,180,forward,0,0,263.0,1.7000022947951892,101.53758694819874,1.1,241.0
14:21:33,1.699933,101.537572,0,0,0,0,0,0,0,0,282,180,forward,0,0,263.0,1.700003294795189,101.53758694819875,1.0,42.0
14:21:35,1.699933,101.537572,0,0,0,0,0,0,0,0,282,180,forward,0,0,263.0,1.700003294795189,101.53758694819875,0.8,64.0
14:21:38,1.699934,101.537572,0,0,0,0,0,0,0,0,282,180,forward,0,0,263.0,1.7000042947951892,101.53758694819875,0.9,80.0
14:21:40,1.699934,101.537572,0,0,0,0,0,0,0,0,282,180,forward,0,0,263.0,1.7000042947951892,101.53758694819875,0.8,85.0
14:21:42,1.699934,101.537573,0,0,0,0,0,0,0,0,282,180,forward,0,0,263.0,1.7000042947951892,101.53758794819875,1.1,79.0
14:21:44,1.699936,101.537573,0,0,0,0,0,0,0,0,282,180,forward,0,0,263.0,1.700006294795189,101.53758794819876,1.3,307.0
14:21:46,1.699936,101.537573,0,0,0,0,0,0,0,0,282,180,forward,0,0,263.0,1.700006294795189,101.53758794819876,1.2,218.0
14:21:49,1.699937,101.537574,0,0,0,0,0,0,0,0,282,180,forward,0,0,263.0,1.7000072947951892,101.53758894819879,1.2,191.0
14:21:51,1.699938,101.537574,0,0,0,0,0,0,0,0,281,180,forward,0,0,263.0,1.700008544856176,101.5375877185686,0.8,256.0
14:21:53,1.699939,101.537574,0,0,0,0,0,0,0,0,282,180,forward,0,0,263.0,1.7000092947951893,101.5375889481988,0.6,329.0
14:21:55,1.699939,101.537574,0,0,0,0,0,0,0,0,282,180,forward,0,0,263.0,1.7000092947951893,101.5375889481988,0.7,252.0
14:21:57,1.699939,101.537574,0,0,0,0,0,0,0,0,281,180,forward,0,0,263.0,1.700009544856176,101.53758771856862,0.8,244.0
14:22:00,1.69994,101.537574,0,0,0,0,0,0,0,0,281,180,forward,0,0,263.0,1.700010544856176,101.53758771856862,0.7,209.0
14:22:02,1.69994,101.537574,0,0,0,0,0,0,0,0,281,180,forward,0,0,263.0,1.700010544856176,101.53758771856862,1.6,171.0
14:22:04,1.699941,101.537574,0,0,0,0,0,0,0,0,281,180,forward,0,0,263.0,1.700011544856176,101.53758771856863,1.2,135.0
14:22:06,1.699942,101.537574,0,0,0,0,0,0,0,0,281,180,forward,0,0,263.0,1.700012544856176,101.53758771856863,1.4,190.0
14:22:08,1.699943,101.537574,0,0,0,0,0,0,0,0,281,180,forward,0,0,263.0,1.700013544856176,101.53758771856864,1.9,143.0
14:22:11,1.699943,101.537574,0,0,0,0,0,0,0,0,280,180,forward,0,0,263.0,1.700013773428516,101.53758648475964,1.6,140.0
14:22:13,1.699944,101.537574,0,0,0,0,0,0,0,0,281,180,forward,0,0,263.0,1.7000145448561759,101.53758771856864,1.1,1.0
14:22:15,1.699945,101.537574,0,0,0,0,0,0,0,0,280,180,forward,0,0,263.0,1.700015773428516,101.53758648475966,0.7,205.0
14:22:17,1.699946,101.537574,0,0,0,0,0,0,0,0,280,180,forward,0,0,263.0,1.7000167734285159,101.53758648475966,0.7,264.0
14:22:19,1.699947,101.537574,0,0,0,0,0,0,0,0,280,180,forward,0,0,263.0,1.700017773428516,101.53758648475967,0.2,205.0
14:22:22,1.699948,101.537575,0,0,0,0,0,0,0,0,280,180,forward,0,0,263.0,1.700018773428516,101.53758748475967,0.6,249.0
14:22:24,1.69995,101.537575,0,0,0,0,0,0,0,0,280,180,forward,0,0,263.0,1.700020773428516,101.53758748475968,0.7,169.0
14:22:26,1.69995,101.537575,0,0,0,0,0,0,0,0,280,180,forward,0,0,263.0,1.700020773428516,101.53758748475968,0.6,220.0
14:22:28,1.699952,101.537575,0,0,0,0,0,0,0,0,280,180,forward,0,0,263.0,1.7000227734285158,101.5375874847597,1.3,253.0
14:22:30,1.699953,101.537576,0,0,0,0,0,0,0,0,279,180,forward,0,0,263.0,1.7000239804425843,101.53758724714771,1.6,148.0
14:22:33,1.699955,101.537577,0,0,0,0,0,0,0,0,279,180,forward,0,0,263.0,1.7000259804425844,101.53758824714772,1.9,258.0
14:22:35,1.699955,101.537577,0,0,0,0,0,0,0,0,279,180,forward,0,0,263.0,1.7000259804425844,101.53758824714772,2.2,200.0
14:22:37,1.699957,101.537577,0,0,0,0,0,0,0,0,279,180,forward,0,0,263.0,1.7000279804425842,101.53758824714774,1.9,250.0
14:22:39,1.699957,101.537578,0,0,0,0,0,0,0,0,279,180,forward,0,0,263.0,1.7000279804425842,101.53758924714774,2.0,116.0
14:22:41,1.699958,101.537578,0,0,0,0,0,0,0,0,279,180,forward,0,0,263.0,1.7000289804425843,101.53758924714774,1.9,250.0
14:22:44,1.699959,101.537577,0,0,0,0,0,0,0,0,279,180,forward,0,0,263.0,1.7000299804425842,101.53758824714775,1.5,164.0
14:22:46,1.69996,101.537577,0,0,0,0,0,0,0,0,279,180,forward,0,0,263.0,1.7000309804425842,101.53758824714775,2.2,218.0
14:22:48,1.699961,101.537577,0,0,0,0,0,0,0,0,278,180,forward,0,0,263.0,1.7000321658353221,101.53758700610979,1.8,238.0
14:22:50,1.699962,101.537578,0,0,0,0,0,0,0,0,278,180,forward,0,0,263.0,1.700033165835322,101.53758800610979,2.0,160.0
14:22:52,1.699963,101.537578,0,0,0,0,0,0,0,0,278,180,forward,0,0,263.0,1.700034165835322,101.53758800610979,1.2,290.0
14:22:55,1.699963,101.537578,0,0,0,0,0,0,0,0,278,180,forward,0,0,263.0,1.700034165835322,101.53758800610979,1.0,306.0
14:22:57,1.699965,101.537577,0,0,0,0,0,0,0,0,278,180,forward,0,0,263.0,1.700036165835322,101.5375870061098,0.8,333.0
14:22:59,1.699965,101.537577,0,0,0,0,0,0,0,0,278,180,forward,0,0,263.0,1.700036165835322,101.5375870061098,0.9,113.0
14:23:01,1.699967,101.537576,0,0,0,0,0,0,0,0,278,180,forward,0,0,263.0,1.700038165835322,101.53758600610982,2.5,160.0
14:23:03,1.699967,101.537576,0,0,0,0,0,0,0,0,278,180,forward,0,0,263.0,1.700038165835322,101.53758600610982,2.3,110.0
14:23:06,1.699968,101.537576,0,0,0,0,0,0,0,0,278,180,forward,0,0,263.0,1.700039165835322,101.53758600610982,2.2,110.0
14:23:08,1.699969,101.537576,0,0,0,0,0,0,0,0,278,180,forward,0,0,263.0,1.7000401658353221,101.53758600610983,1.3,144.0
14:23:10,1.699969,101.537575,0,0,0,0,0,0,0,0,277,180,forward,0,0,263.0,1.700040329550257,101.53758376202389,1.0,250.0
14:23:12,1.69997,101.537574,0,0,0,0,0,0,0,0,278,180,forward,0,0,263.0,1.700041165835322,101.53758400610984,0.8,174.0
14:23:14,1.699971,101.537573,0,0,0,0,0,0,0,0,277,180,forward,0,0,263.0,1.700042329550257,101.53758176202389,0.6,199.0
14:23:17,1.699972,101.537572,0,0,0,0,0,0,0,0,277,180,forward,0,0,263.0,1.700043329550257,101.5375807620239,1.3,111.0
14:23:19,1.699973,101.537572,0,0,0,0,0,0,0,0,277,180,forward,0,0,263.0,1.700044329550257,101.5375807620239,1.2,343.0
14:23:21,1.699973,101.537571,0,0,0,0,0,0,0,0,277,180,forward,0,0,263.0,1.700044329550257,101.5375797620239,1.2,205.0
14:23:23,1.699974,101.53757,0,0,0,0,0,0,0,0,277,180,forward,0,0,263.0,1.7000453295502571,101.53757876202391,1.4,320.0
14:23:25,1.699974,101.53757,0,0,0,0,0,0,0,0,278,180,forward,0,0,263.0,1.7000451658353222,101.53758000610985,1.2,265.0
14:23:28,1.699975,101.537569,0,0,0,0,0,0,0,0,277,180,forward,0,0,263.0,1.700046329550257,101.53757776202391,1.2,257.0
14:23:30,1.699976,101.537569,0,0,0,0,0,0,0,0,277,180,forward,0,0,263.0,1.700047329550257,101.53757776202391,1.0,258.0
14:23:32,1.699977,101.537568,0,0,0,0,0,0,0,0,277,180,forward,0,0,263.0,1.700048329550257,101.53757676202392,0.9,126.0
14:23:34,1.699977,101.537568,0,0,0,0,0,0,0,0,277,180,forward,0,0,263.0,1.700048329550257,101.53757676202392,0.6,264.0
14:23:36,1.699978,101.537567,0,0,0,0,0,0,0,0,277,180,forward,0,0,263.0,1.700049329550257,101.53757576202392,0.3,183.0
14:23:39,1.699978,101.537566,0,0,0,0,0,0,0,0,277,180,forward,0,0,263.0,1.700049329550257,101.53757476202392,1.0,228.0
14:23:41,1.699979,101.537566,0,0,0,0,0,0,0,0,277,180,forward,0,0,263.0,1.700050329550257,101.53757476202392,1.0,253.0
14:23:43,1.699979,101.537565,0,0,0,0,0,0,0,0,277,180,forward,0,0,263.0,1.700050329550257,101.53757376202392,0.8,228.0
14:23:45,1.69998,101.537564,0,0,0,0,0,0,0,0,277,180,forward,0,0,263.0,1.700051329550257,101.53757276202394,0.8,207.0
14:23:47,1.699981,101.537563,0,0,0,0,0,0,0,0,277,180,forward,0,0,263.0,1.700052329550257,101.53757176202394,1.3,50.0
14:23:50,1.699982,101.537562,0,0,0,0,0,0,0,0,277,180,forward,0,0,263.0,1.7000533295502571,101.53757076202393,1.2,147.0
14:23:52,1.699983,101.537561,0,0,0,0,0,0,0,0,277,180,forward,0,0,263.0,1.700054329550257,101.53756976202395,0.9,161.0
14:23:54,1.699984,101.53756,0,0,0,0,0,0,0,0,277,180,forward,0,0,263.0,1.700055329550257,101.53756876202395,0.8,195.0
14:23:56,1.699984,101.53756,0,0,0,0,0,0,0,0,278,180,forward,0,0,263.0,1.700055165835322,101.5375700061099,0.6,161.0
14:23:58,1.699985,101.537559,0,0,0,0,0,0,0,0,278,180,forward,0,0,263.0,1.7000561658353222,101.5375690061099,0.2,143.0
14:24:01,1.699985,101.537558,0,0,0,0,0,0,0,0,277,180,forward,0,0,263.0,1.700056329550257,101.53756676202396,1.5,72.0
14:24:03,1.699985,101.537557,0,0,0,0,0,0,0,0,277,180,forward,0,0,263.0,1.700056329550257,101.53756576202396,1.2,113.0
14:24:05,1.699984,101.537557,0,0,0,0,0,0,0,0,278,180,forward,0,0,263.0,1.700055165835322,101.53756700610991,0.8,207.0
14:24:07,1.699984,101.537557,0,0,0,0,0,0,0,0,278,180,forward,0,0,263.0,1.700055165835322,101.53756700610991,1.1,231.0
14:24:09,1.699983,101.537557,0,0,0,0,0,0,0,0,278,180,forward,0,0,263.0,1.700054165835322,101.53756700610991,1.1,283.0
14:24:12,1.699982,101.537558,0,0,0,0,0,0,0,0,278,180,forward,0,0,263.0,1.7000531658353222,101.5375680061099,1.2,266.0
14:24:14,1.699982,101.537559,0,0,0,0,0,0,0,0,278,180,forward,0,0,263.0,1.7000531658353222,101.53756900610989,1.2,195.0
14:24:16,1.699981,101.537561,0,0,0,0,0,0,0,0,278,180,forward,0,0,263.0,1.700052165835322,101.53757100610989,0.8,208.0
14:24:18,1.699981,101.537562,0,0,0,0,0,0,0,0,278,180,forward,0,0,263.0,1.700052165835322,101.53757200610988,0.6,207.0
14:24:20,1.699981,101.537563,0,0,0,0,0,0,0,0,278,180,forward,0,0,263.0,1.700052165835322,101.5375730061099,1.2,66.0
14:24:23,1.699981,101.537564,0,0,0,0,0,0,0,0,278,180,forward,0,0,263.0,1.700052165835322,101.53757400610989,1.7,273.0
14:24:25,1.69998,101.537564,0,0,0,0,0,0,0,0,278,180,forward,0,0,263.0,1.7000511658353221,101.53757400610989,1.5,13.0
14:24:27,1.69998,101.537565,0,0,0,0,0,0,0,0,278,180,forward,0,0,263.0,1.7000511658353221,101.53757500610989,2.4,280.0
14:24:29,1.699979,101.537566,0,0,0,0,0,0,0,0,278,180,forward,0,0,263.0,1.700050165835322,101.53757600610987,1.7,292.0
14:24:31,1.699979,101.537567,0,0,0,0,0,0,0,0,278,180,forward,0,0,263.0,1.700050165835322,101.53757700610987,2.3,351.0
14:24:34,1.699978,101.537567,0,0,0,0,0,0,0,0,278,180,forward,0,0,263.0,1.700049165835322,101.53757700610987,1.9,224.0
14:24:36,1.699977,101.537568,0,0,0,0,0,0,0,0,278,180,forward,0,0,263.0,1.7000481658353221,101.53757800610985,1.3,86.0
14:24:38,1.699977,101.537569,0,0,0,0,0,0,0,0,278,180,forward,0,0,263.0,1.7000481658353221,101.53757900610987,1.2,311.0
14:24:40,1.699977,101.537569,0,0,0,0,0,0,0,0,279,180,forward,0,0,263.0,1.7000479804425843,101.53758024714786,1.1,140.0
14:24:42,1.699977,101.53757,0,0,0,0,0,0,0,0,279,180,forward,0,0,263.0,1.7000479804425843,101.53758124714786,0.9,114.0
14:24:45,1.699975,101.53757,0,0,0,0,0,0,0,0,279,180,forward,0,0,263.0,1.7000459804425843,101.53758124714784,1.2,226.0
14:24:47,1.699975,101.537569,0,0,0,0,0,0,0,0,279,180,forward,0,0,263.0,1.7000459804425843,101.53758024714784,1.4,245.0
14:24:49,1.699973,101.537569,0,0,0,0,0,0,0,0,279,180,forward,0,0,263.0,1.7000439804425842,101.53758024714784,1.7,237.0
14:24:51,1.699972,101.537568,0,0,0,0,0,0,0,0,279,180,forward,0,0,263.0,1.7000429804425843,101.53757924714782,1.5,230.0
14:24:53,1.699971,101.537568,0,0,0,0,0,0,0,0,279,180,forward,0,0,263.0,1.7000419804425841,101.53757924714782,1.4,74.0
14:24:56,1.699971,101.537567,0,0,0,0,0,0,0,0,279,180,forward,0,0,263.0,1.7000419804425841,101.53757824714782,1.0,67.0
14:24:58,1.69997,101.537567,0,0,0,0,0,0,0,0,279,180,forward,0,0,263.0,1.7000409804425842,101.5375782471478,0.9,232.0
14:25:00,1.69997,101.537567,0,0,0,0,0,0,0,0,279,180,forward,0,0,263.0,1.7000409804425842,101.5375782471478,1.2,171.0
14:25:02,1.69997,101.537567,0,0,0,0,0,0,0,0,279,180,forward,0,0,263.0,1.7000409804425842,101.5375782471478,1.6,127.0
14:25:04,1.699969,101.537566,0,0,0,0,0,0,0,0,279,180,forward,0,0,263.0,1.7000399804425843,101.53757724714781,1.1,325.0
14:25:06,1.699969,101.537565,0,0,0,0,0,0,0,0,279,180,forward,0,0,263.0,1.7000399804425843,101.53757624714781,1.2,264.0
14:25:09,1.699969,101.537565,0,0,0,0,0,0,0,0,279,180,forward,0,0,263.0,1.7000399804425843,101.53757624714781,1.0,133.0
14:25:11,1.699969,101.537565,0,0,0,0,0,0,0,0,279,180,forward,0,0,263.0,1.7000399804425843,101.53757624714781,1.2,245.0
14:25:13,1.699969,101.537565,0,0,0,0,0,0,0,0,279,180,forward,0,0,263.0,1.7000399804425843,101.53757624714781,1.2,157.0
14:25:15,1.699969,101.537564,0,0,0,0,0,0,0,0,279,180,forward,0,0,263.0,1.7000399804425843,101.53757524714781,0.7,217.0
14:25:17,1.699969,101.537563,0,0,0,0,0,0,0,0,279,180,forward,0,0,263.0,1.7000399804425843,101.53757424714782,1.2,7.0
14:25:20,1.699969,101.537563,0,0,0,0,0,0,0,0,279,180,forward,0,0,263.0,1.7000399804425843,101.53757424714782,1.9,3.0
14:25:22,1.699969,101.537563,0,0,0,0,0,0,0,0,279,180,forward,0,0,263.0,1.7000399804425843,101.53757424714782,1.5,243.0
14:25:24,1.699968,101.537563,0,0,0,0,0,0,0,0,279,180,forward,0,0,263.0,1.7000389804425842,101.53757424714782,1.4,303.0
14:25:26,1.699969,101.537563,0,0,0,0,0,0,0,0,279,180,forward,0,0,263.0,1.7000399804425843,101.53757424714782,2.5,12.0
14:25:28,1.699968,101.537563,0,0,0,0,0,0,0,0,279,180,forward,0,0,263.0,1.7000389804425842,101.53757424714782,1.8,346.0
14:25:30,1.699968,101.537563,0,0,0,0,0,0,0,0,279,180,forward,0,0,263.0,1.7000389804425842,101.53757424714782,2.9,70.0
14:25:33,1.699968,101.537564,0,0,0,0,0,0,0,0,279,180,forward,0,0,263.0,1.7000389804425842,101.53757524714781,1.9,145.0
14:25:35,1.699968,101.537564,0,0,0,0,0,0,0,0,279,180,forward,0,0,263.0,1.7000389804425842,101.53757524714781,1.2,289.0
14:25:37,1.699968,101.537565,0,0,0,0,0,0,0,0,279,180,forward,0,0,263.0,1.7000389804425842,101.53757624714781,1.5,187.0
14:25:39,1.699967,101.537565,0,0,0,0,0,0,0,0,279,180,forward,0,0,263.0,1.7000379804425843,101.5375762471478,1.8,227.0
14:25:41,1.699968,101.537566,0,0,0,0,0,0,0,0,279,180,forward,0,0,263.0,1.7000389804425842,101.53757724714781,1.2,328.0
14:25:43,1.699967,101.537566,0,0,0,0,0,0,0,0,279,180,forward,0,0,263.0,1.7000379804425843,101.5375772471478,1.4,252.0
14:25:46,1.699967,101.537567,0,0,0,0,0,0,0,0,279,180,forward,0,0,263.0,1.7000379804425843,101.53757824714779,1.2,198.0
14:25:48,1.699968,101.537568,0,0,0,0,0,0,0,0,279,180,forward,0,0,263.0,1.7000389804425842,101.5375792471478,0.9,129.0
14:25:50,1.699968,101.537569,0,0,0,0,0,0,0,0,279,180,forward,0,0,263.0,1.7000389804425842,101.53758024714782,0.4,268.0
14:25:52,1.699968,101.537569,0,0,0,0,0,0,0,0,279,180,forward,0,0,263.0,1.7000389804425842,101.53758024714782,0.7,176.0
14:25:54,1.699968,101.53757,0,0,0,0,0,0,0,0,279,180,forward,0,0,263.0,1.7000389804425842,101.53758124714781,1.1,73.0
14:25:57,1.699968,101.53757,0,0,0,0,0,0,0,0,279,180,forward,0,0,263.0,1.7000389804425842,101.53758124714781,0.9,123.0
14:25:59,1.699969,101.53757,0,0,0,0,0,0,0,0,279,180,forward,0,0,263.0,1.7000399804425843,101.53758124714781,1.2,101.0
14:26:01,1.699969,101.53757,0,0,0,0,0,0,0,0,279,180,forward,0,0,263.0,1.7000399804425843,101.53758124714781,1.1,212.0
14:26:03,1.699971,101.537571,0,0,0,0,0,0,0,0,279,180,forward,0,0,263.0,1.7000419804425841,101.53758224714782,0.7,251.0
14:26:05,1.699972,101.53757,0,0,0,0,0,0,0,0,279,180,forward,0,0,263.0,1.7000429804425843,101.53758124714783,0.9,309.0
14:26:08,1.699972,101.53757,0,0,0,0,0,0,0,0,279,180,forward,0,0,263.0,1.7000429804425843,101.53758124714783,0.9,259.0
14:26:10,1.699973,101.53757,0,0,0,0,0,0,0,0,279,180,forward,0,0,263.0,1.7000439804425842,101.53758124714784,1.2,87.0
14:26:12,1.699974,101.537569,0,0,0,0,0,0,0,0,279,180,forward,0,0,263.0,1.7000449804425843,101.53758024714784,1.3,140.0
14:26:14,1.699975,101.537568,0,0,0,0,0,0,0,0,278,180,forward,0,0,263.0,1.700046165835322,101.53757800610985,1.2,210.0
14:26:16,1.699976,101.537568,0,0,0,0,0,0,0,0,278,180,forward,0,0,263.0,1.700047165835322,101.53757800610985,1.0,223.0
14:26:19,1.699976,101.537567,0,0,0,0,0,0,0,0,279,180,forward,0,0,263.0,1.7000469804425842,101.53757824714785,1.3,254.0
14:26:21,1.699977,101.537567,0,0,0,0,0,0,0,0,278,180,forward,0,0,263.0,1.7000481658353221,101.53757700610986,1.1,220.0
14:26:23,1.699977,101.537567,0,0,0,0,0,0,0,0,278,180,forward,0,0,263.0,1.7000481658353221,101.53757700610986,0.6,138.0
14:26:25,1.699977,101.537568,0,0,0,0,0,0,0,0,278,180,forward,0,0,263.0,1.7000481658353221,101.53757800610985,0.7,110.0
14:26:27,1.699978,101.537569,0,0,0,0,0,0,0,0,278,180,forward,0,0,263.0,1.700049165835322,101.53757900610988,1.0,249.0
14:26:30,1.699978,101.537569,0,0,0,0,0,0,0,0,278,180,forward,0,0,263.0,1.700049165835322,101.53757900610988,0.7,191.0
14:26:32,1.699979,101.53757,0,0,0,0,0,0,0,0,278,180,forward,0,0,263.0,1.700050165835322,101.53758000610988,1.0,213.0
14:26:34,1.69998,101.537571,0,0,0,0,0,0,0,0,278,180,forward,0,0,263.0,1.7000511658353221,101.53758100610989,0.9,270.0
14:26:36,1.699981,101.537571,0,0,0,0,0,0,0,0,278,180,forward,0,0,263.0,1.700052165835322,101.53758100610989,1.2,222.0
14:26:38,1.699982,101.537571,0,0,0,0,0,0,0,0,278,180,forward,0,0,263.0,1.7000531658353222,101.53758100610989,0.7,214.0
14:26:41,1.699983,101.537572,0,0,0,0,0,0,0,0,278,180,forward,0,0,263.0,1.700054165835322,101.5375820061099,0.6,212.0
14:26:43,1.699983,101.537572,0,0,0,0,0,0,0,0,278,180,forward,0,0,263.0,1.700054165835322,101.5375820061099,0.7,180.0
14:26:45,1.699984,101.537572,0,0,0,0,0,0,0,0,278,180,forward,0,0,263.0,1.700055165835322,101.5375820061099,1.6,45.0
14:26:47,1.699984,101.537572,0,0,0,0,0,0,0,0,278,180,forward,0,0,263.0,1.700055165835322,101.5375820061099,2.1,123.0
14:26:49,1.699984,101.537572,0,0,0,0,0,0,0,0,277,180,forward,0,0,263.0,1.700055329550257,101.53758076202395,1.8,26.0
14:26:52,1.699985,101.537571,0,0,0,0,0,0,0,0,277,180,forward,0,0,263.0,1.700056329550257,101.53757976202395,2.7,165.0
14:26:54,1.699985,101.537571,0,0,0,0,0,0,0,0,278,180,forward,0,0,263.0,1.7000561658353222,101.5375810061099,2.2,180.0
14:26:56,1.699985,101.537571,0,0,0,0,0,0,0,0,278,180,forward,0,0,263.0,1.7000561658353222,101.5375810061099,1.7,57.0
14:26:58,1.699986,101.537571,0,0,0,0,0,0,0,0,278,180,forward,0,0,263.0,1.700057165835322,101.53758100610992,2.1,53.0
14:27:00,1.699986,101.537571,0,0,0,0,0,0,0,0,278,180,forward,0,0,263.0,1.700057165835322,101.53758100610992,2.1,63.0
14:27:02,1.699986,101.537572,0,0,0,0,0,0,0,0,278,180,forward,0,0,263.0,1.700057165835322,101.53758200610991,1.6,61.0
14:27:05,1.699986,101.537572,0,0,0,0,0,0,0,0,278,180,forward,0,0,263.0,1.700057165835322,101.53758200610991,1.9,263.0
14:27:07,1.699985,101.537573,0,0,0,0,0,0,0,0,277,180,forward,0,0,263.0,1.700056329550257,101.53758176202395,1.7,226.0
14:27:09,1.699986,101.537573,0,0,0,0,0,0,0,0,278,180,forward,0,0,263.0,1.700057165835322,101.53758300610991,1.3,228.0
14:27:11,1.699986,101.537574,0,0,0,0,0,0,0,0,278,180,forward,0,0,263.0,1.700057165835322,101.53758400610992,1.6,246.0
14:27:13,1.699985,101.537575,0,0,0,0,0,0,0,0,278,180,forward,0,0,263.0,1.7000561658353222,101.53758500610991,1.2,272.0
14:27:16,1.699986,101.537575,0,0,0,0,0,0,0,0,277,180,forward,0,0,263.0,1.700057329550257,101.53758376202397,1.2,290.0
14:27:18,1.699986,101.537575,0,0,0,0,0,0,0,0,277,180,forward,0,0,263.0,1.700057329550257,101.53758376202397,1.8,90.0
14:27:20,1.699986,101.537575,0,0,0,0,0,0,0,0,278,180,forward,0,0,263.0,1.700057165835322,101.53758500610992,1.7,239.0
14:27:22,1.699986,101.537575,0,0,0,0,0,0,0,0,277,180,forward,0,0,263.0,1.700057329550257,101.53758376202397,1.2,259.0
14:27:24,1.699986,101.537576,0,0,0,0,0,0,0,0,277,180,forward,0,0,263.0,1.700057329550257,101.53758476202397,1.0,211.0
14:27:27,1.699986,101.537576,0,0,0,0,0,0,0,0,277,180,forward,0,0,263.0,1.700057329550257,101.53758476202397,1.0,262.0
14:27:29,1.699987,101.537576,0,0,0,0,0,0,0,0,278,180,forward,0,0,263.0,1.700058165835322,101.53758600610992,1.2,100.0
14:27:31,1.699987,101.537575,0,0,0,0,0,0,0,0,277,180,forward,0,0,263.0,1.700058329550257,101.53758376202397,1.5,267.0
14:27:33,1.699987,101.537576,0,0,0,0,0,0,0,0,278,180,forward,0,0,263.0,1.700058165835322,101.53758600610992,1.4,141.0
14:27:35,1.699987,101.537575,0,0,0,0,0,0,0,0,278,180,forward,0,0,263.0,1.700058165835322,101.53758500610992,1.2,292.0
14:27:38,1.699987,101.537575,0,0,0,0,0,0,0,0,278,180,forward,0,0,263.0,1.700058165835322,101.53758500610992,1.0,233.0
14:27:40,1.699987,101.537575,0,0,0,0,0,0,0,0,278,180,forward,0,0,263.0,1.700058165835322,101.53758500610992,1.3,76.0
14:27:42,1.699987,101.537575,0,0,0,0,0,0,0,0,277,180,forward,0,0,263.0,1.700058329550257,101.53758376202397,1.3,78.0
14:27:44,1.699988,101.537575,0,0,0,0,0,0,0,0,277,180,forward,0,0,263.0,1.700059329550257,101.53758376202397,1.1,126.0
14:27:46,1.699987,101.537574,0,0,0,0,0,0,0,0,278,180,forward,0,0,263.0,1.700058165835322,101.53758400610992,0.9,138.0
14:27:48,1.699987,101.537574,0,0,0,0,0,0,0,0,278,180,forward,0,0,263.0,1.700058165835322,101.53758400610992,0.9,69.0
14:27:50,1.699987,101.537574,0,0,0,0,0,0,0,0,278,180,forward,0,0,263.0,1.700058165835322,101.53758400610992,0.7,11.0
14:27:53,1.699987,101.537574,0,0,0,0,0,0,0,0,278,180,forward,0,0,263.0,1.700058165835322,101.53758400610992,1.0,144.0
14:27:55,1.699986,101.537575,0,0,0,0,0,0,0,0,277,180,forward,0,0,263.0,1.700057329550257,101.53758376202397,1.1,159.0
14:27:57,1.699986,101.537575,0,0,0,0,0,0,0,0,278,180,forward,0,0,263.0,1.700057165835322,101.53758500610992,1.0,163.0
14:27:59,1.699986,101.537575,0,0,0,0,0,0,0,0,278,180,forward,0,0,263.0,1.700057165835322,101.53758500610992,1.5,354.0
14:28:01,1.699985,101.537576,0,0,0,0,0,0,0,0,278,180,forward,0,0,263.0,1.7000561658353222,101.5375860061099,1.4,326.0
14:28:03,1.699985,101.537576,0,0,0,0,0,0,0,0,278,180,forward,0,0,263.0,1.7000561658353222,101.5375860061099,1.7,340.0
14:28:06,1.699984,101.537576,0,0,0,0,0,0,0,0,278,180,forward,0,0,263.0,1.700055165835322,101.5375860061099,1.2,96.0
14:28:08,1.699984,101.537576,0,0,0,0,0,0,0,0,278,180,forward,0,0,263.0,1.700055165835322,101.5375860061099,1.0,73.0
14:28:10,1.699984,101.537576,0,0,0,0,0,0,0,0,278,180,forward,0,0,263.0,1.700055165835322,101.5375860061099,1.6,48.0
14:28:12,1.699984,101.537576,0,0,0,0,0,0,0,0,278,180,forward,0,0,263.0,1.700055165835322,101.5375860061099,1.3,62.0
14:28:14,1.699983,101.537576,0,0,0,0,0,0,0,0,278,180,forward,0,0,263.0,1.700054165835322,101.5375860061099,1.6,72.0
14:28:17,1.699983,101.537576,0,0,0,0,0,0,0,0,278,180,forward,0,0,263.0,1.700054165835322,101.5375860061099,1.9,102.0
14:28:19,1.699982,101.537576,0,0,0,0,0,0,0,0,278,180,forward,0,0,263.0,1.7000531658353222,101.53758600610989,2.3,227.0
14:28:21,1.699982,101.537576,0,0,0,0,0,0,0,0,278,180,forward,0,0,263.0,1.7000531658353222,101.53758600610989,2.3,32.0
14:28:23,1.699982,101.537575,0,0,0,0,0,0,0,0,278,180,forward,0,0,263.0,1.7000531658353222,101.5375850061099,2.7,86.0
14:28:25,1.699982,101.537575,0,0,0,0,0,0,0,0,278,180,forward,0,0,263.0,1.7000531658353222,101.5375850061099,2.5,319.0
14:28:28,1.699982,101.537574,0,0,0,0,0,0,0,0,278,180,forward,0,0,263.0,1.7000531658353222,101.5375840061099,1.9,312.0
14:28:30,1.699983,101.537573,0,0,0,0,0,0,0,0,278,180,forward,0,0,263.0,1.700054165835322,101.5375830061099,1.3,225.0
14:28:32,1.699983,101.537573,0,0,0,0,0,0,0,0,279,180,forward,0,0,263.0,1.7000539804425843,101.53758424714789,1.6,144.0
14:28:34,1.699983,101.537572,0,0,0,0,0,0,0,0,278,180,forward,0,0,263.0,1.700054165835322,101.5375820061099,1.5,230.0
14:28:36,1.699983,101.537572,0,0,0,0,0,0,0,0,278,180,forward,0,0,263.0,1.700054165835322,101.5375820061099,1.9,188.0
14:28:39,1.699983,101.537571,0,0,0,0,0,0,0,0,278,180,forward,0,0,263.0,1.700054165835322,101.5375810061099,1.9,348.0
14:28:41,1.699983,101.53757,0,0,0,0,0,0,0,0,278,180,forward,0,0,263.0,1.700054165835322,101.5375800061099,1.9,110.0
14:28:43,1.699983,101.537569,0,0,0,0,0,0,0,0,278,180,forward,0,0,263.0,1.700054165835322,101.53757900610991,2.5,80.0
14:28:45,1.699983,101.537569,0,0,0,0,0,0,0,0,278,180,forward,0,0,263.0,1.700054165835322,101.53757900610991,2.1,114.0
14:28:47,1.699983,101.537568,0,0,0,0,0,0,0,0,278,180,forward,0,0,263.0,1.700054165835322,101.5375780061099,1.1,340.0
14:28:50,1.699984,101.537567,0,0,0,0,0,0,0,0,278,180,forward,0,0,263.0,1.700055165835322,101.5375770061099,1.2,110.0
14:28:52,1.699984,101.537566,0,0,0,0,0,0,0,0,278,180,forward,0,0,263.0,1.700055165835322,101.5375760061099,2.2,5.0
14:28:54,1.699984,101.537566,0,0,0,0,0,0,0,0,278,180,forward,0,0,263.0,1.700055165835322,101.5375760061099,3.1,339.0
14:28:56,1.699985,101.537566,0,0,0,0,0,0,0,0,278,180,forward,0,0,263.0,1.7000561658353222,101.5375760061099,2.7,340.0
14:28:58,1.699985,101.537565,0,0,0,0,0,0,0,0,278,180,forward,0,0,263.0,1.7000561658353222,101.5375750061099,1.9,352.0
14:29:01,1.699985,101.537565,0,0,0,0,0,0,0,0,278,180,forward,0,0,263.0,1.7000561658353222,101.5375750061099,1.7,67.0
14:29:03,1.699985,101.537566,0,0,0,0,0,0,0,0,278,180,forward,0,0,263.0,1.7000561658353222,101.5375760061099,2.8,19.0
14:29:05,1.699985,101.537566,0,0,0,0,0,0,0,0,278,180,forward,0,0,263.0,1.7000561658353222,101.5375760061099,2.7,35.0
14:29:07,1.699985,101.537566,0,0,0,0,0,0,0,0,278,180,forward,0,0,263.0,1.7000561658353222,101.5375760061099,2.9,120.0
14:29:09,1.699985,101.537566,0,0,0,0,0,0,0,0,278,180,forward,0,0,263.0,1.7000561658353222,101.5375760061099,1.9,92.0
14:29:12,1.699985,101.537566,0,0,0,0,0,0,0,0,278,180,forward,0,0,263.0,1.7000561658353222,101.5375760061099,1.5,129.0
14:29:14,1.699985,101.537566,0,0,0,0,0,0,0,0,278,180,forward,0,0,263.0,1.7000561658353222,101.5375760061099,1.3,124.0
14:29:16,1.699985,101.537567,0,0,0,0,0,0,0,0,278,180,forward,0,0,263.0,1.7000561658353222,101.5375770061099,1.2,171.0
14:29:18,1.699985,101.537567,0,0,0,0,0,0,0,0,278,180,forward,0,0,263.0,1.7000561658353222,101.5375770061099,1.2,187.0
14:29:20,1.699984,101.537567,0,0,0,0,0,0,0,0,277,180,forward,0,0,263.0,1.700055329550257,101.53757576202395,1.7,0.0
14:29:23,1.699984,101.537567,0,0,0,0,0,0,0,0,277,180,forward,0,0,263.0,1.700055329550257,101.53757576202395,1.4,5.0
14:29:25,1.699983,101.537567,0,0,0,0,0,0,0,0,278,180,forward,0,0,263.0,1.700054165835322,101.5375770061099,1.5,69.0
14:29:27,1.699983,101.537567,0,0,0,0,0,0,0,0,277,180,forward,0,0,263.0,1.700054329550257,101.53757576202395,1.8,52.0
14:29:29,1.699983,101.537568,0,0,0,0,0,0,0,0,278,180,forward,0,0,263.0,1.700054165835322,101.5375780061099,1.6,44.0
14:29:31,1.699983,101.537568,0,0,0,0,0,0,0,0,277,180,forward,0,0,263.0,1.700054329550257,101.53757676202395,1.2,4.0
14:29:34,1.699983,101.537569,0,0,0,0,0,0,0,0,277,180,forward,0,0,263.0,1.700054329550257,101.53757776202396,1.0,49.0
14:29:36,1.699983,101.537569,0,0,0,0,0,0,0,0,278,180,forward,0,0,263.0,1.700054165835322,101.53757900610991,0.7,63.0
14:29:38,1.699983,101.53757,0,0,0,0,0,0,0,0,277,180,forward,0,0,263.0,1.700054329550257,101.53757876202395,1.0,50.0
14:29:40,1.699983,101.53757,0,0,0,0,0,0,0,0,277,180,forward,0,0,263.0,1.700054329550257,101.53757876202395,1.5,23.0
14:29:42,1.699983,101.537571,0,0,0,0,0,0,0,0,277,180,forward,0,0,263.0,1.700054329550257,101.53757976202395,2.6,193.0
14:29:45,1.699983,101.537572,0,0,0,0,0,0,0,0,277,180,forward,0,0,263.0,1.700054329550257,101.53758076202395,2.3,342.0
14:29:47,1.699982,101.537573,0,0,0,0,0,0,0,0,277,180,forward,0,0,263.0,1.7000533295502571,101.53758176202393,2.0,175.0
14:29:49,1.699982,101.537574,0,0,0,0,0,0,0,0,277,180,forward,0,0,263.0,1.7000533295502571,101.53758276202394,2.3,317.0
14:29:51,1.699982,101.537574,0,0,0,0,0,0,0,0,277,180,forward,0,0,263.0,1.7000533295502571,101.53758276202394,1.7,12.0
14:29:53,1.699982,101.537575,0,0,0,0,0,0,0,0,277,180,forward,0,0,263.0,1.7000533295502571,101.53758376202394,1.8,48.0
14:29:56,1.699982,101.537575,0,0,0,0,0,0,0,0,277,180,forward,0,0,263.0,1.7000533295502571,101.53758376202394,1.8,77.0
14:29:58,1.699982,101.537576,0,0,0,0,0,0,0,0,277,180,forward,0,0,263.0,1.7000533295502571,101.53758476202394,1.9,55.0
14:30:00,1.699982,101.537576,0,0,0,0,0,0,0,0,277,180,forward,0,0,263.0,1.7000533295502571,101.53758476202394,1.7,285.0
14:30:02,1.699982,101.537576,0,0,0,0,0,0,0,0,277,180,forward,0,0,263.0,1.7000533295502571,101.53758476202394,1.6,110.0
14:30:04,1.699982,101.537576,0,0,0,0,0,0,0,0,277,180,forward,0,0,263.0,1.7000533295502571,101.53758476202394,1.6,56.0
14:30:07,1.699981,101.537577,0,0,0,0,0,0,0,0,277,180,forward,0,0,263.0,1.700052329550257,101.53758576202394,1.7,25.0
14:30:09,1.699979,101.537577,0,0,0,0,0,0,0,0,278,180,forward,0,0,263.0,1.700050165835322,101.53758700610987,1.2,154.0
14:30:11,1.699976,101.537578,0,0,0,0,0,0,0,0,278,180,forward,0,0,263.0,1.700047165835322,101.53758800610986,1.3,4.0
14:30:13,1.699973,101.537579,0,0,0,0,0,0,0,0,279,180,forward,0,0,263.0,1.7000439804425842,101.53759024714783,1.6,131.0
14:30:15,1.699971,101.537579,0,0,0,0,0,0,0,0,279,180,forward,0,0,263.0,1.7000419804425841,101.53759024714782,1.2,276.0
14:30:18,1.699968,101.537578,0,0,0,0,0,0,0,0,280,180,forward,0,0,263.0,1.7000387734285158,101.53759048475979,1.0,155.0
14:30:20,1.699966,101.537577,0,0,0,0,0,0,0,0,280,180,forward,0,0,263.0,1.700036773428516,101.53758948475978,1.2,287.0
14:30:22,1.699963,101.537577,0,0,0,0,0,0,0,0,281,180,forward,0,0,263.0,1.7000335448561759,101.53759071856878,1.2,219.0
14:30:24,1.69996,101.537576,0,0,0,0,0,0,0,0,281,180,forward,0,0,263.0,1.7000305448561759,101.53758971856875,1.6,117.0
14:30:26,1.699958,101.537575,0,0,0,0,0,0,0,0,282,180,forward,0,0,263.0,1.7000282947951892,101.53758994819894,1.4,137.0
14:30:29,1.699955,101.537574,0,0,0,0,0,0,0,0,282,180,forward,0,0,263.0,1.7000252947951893,101.53758894819893,1.2,94.0
14:30:31,1.699953,101.537572,0,0,0,0,0,0,0,0,283,180,forward,0,0,263.0,1.7000230233217268,101.53758817327574,2.0,303.0
14:30:33,1.699951,101.537571,0,0,0,0,0,0,0,0,283,180,forward,0,0,263.0,1.7000210233217268,101.53758717327571,2.0,176.0
14:30:35,1.699948,101.537569,0,0,0,0,0,0,0,0,284,180,forward,0,0,263.0,1.7000177305184825,101.53758639342598,1.3,154.0
14:30:37,1.699946,101.537568,0,0,0,0,0,0,0,0,284,180,forward,0,0,263.0,1.7000157305184824,101.53758539342596,1.4,268.0
14:30:40,1.699944,101.537566,0,0,0,0,0,0,0,0,285,180,forward,0,0,263.0,1.7000134164746463,101.53758460827802,0.9,244.0
14:30:42,1.699941,101.537564,0,0,0,0,0,0,0,0,285,180,forward,0,0,263.0,1.7000104164746463,101.537582608278,0.7,225.0
14:30:44,1.699939,101.537563,0,0,0,0,0,0,0,0,285,180,forward,0,0,263.0,1.7000084164746465,101.53758160827799,0.5,229.0
14:30:46,1.699936,101.537561,0,0,0,0,0,0,0,0,286,180,forward,0,0,263.0,1.7000050812858798,101.53758081746176,1.8,231.0
14:30:48,1.699934,101.53756,0,0,0,0,0,0,0,0,286,180,forward,0,0,263.0,1.70000308128588,101.53757981746175,1.7,228.0
14:30:51,1.699932,101.537559,0,0,0,0,0,0,0,0,287,180,forward,0,0,263.0,1.7000007250542846,101.53758002060896,1.2,157.0
14:30:53,1.699931,101.537558,0,0,0,0,0,0,0,0,287,180,forward,0,0,263.0,1.6999997250542846,101.53757902060894,0.8,176.0
14:30:55,1.699929,101.537557,0,0,0,0,0,0,0,0,287,180,forward,0,0,263.0,1.6999977250542846,101.53757802060892,0.6,253.0
14:30:57,1.699927,101.537555,0,0,0,0,0,0,0,0,287,180,forward,0,0,263.0,1.6999957250542845,101.5375760206089,0.3,207.0
14:30:59,1.699926,101.537554,0,0,0,0,0,0,0,0,288,180,forward,0,0,263.0,1.699994347888372,101.53757621735302,0.6,93.0
14:31:02,1.699925,101.537552,0,0,0,0,0,0,0,0,288,180,forward,0,0,263.0,1.6999933478883718,101.53757421735301,0.9,105.0
14:31:04,1.699923,101.537551,0,0,0,0,0,0,0,0,288,180,forward,0,0,263.0,1.699991347888372,101.53757321735299,2.0,77.0
14:31:06,1.699922,101.53755,0,0,0,0,0,0,0,0,288,180,forward,0,0,263.0,1.6999903478883718,101.53757221735297,2.5,194.0
14:31:08,1.699921,101.53755,0,0,0,0,0,0,0,0,288,180,forward,0,0,263.0,1.6999893478883719,101.53757221735296,2.1,123.0
14:31:10,1.69992,101.537551,0,0,0,0,0,0,0,0,288,180,forward,0,0,263.0,1.699988347888372,101.53757321735294,1.8,224.0
14:31:13,1.699919,101.537552,0,0,0,0,0,0,0,0,288,180,forward,0,0,263.0,1.6999873478883718,101.53757421735294,1.3,270.0
14:31:15,1.699918,101.537552,0,0,0,0,0,0,0,0,288,180,forward,0,0,263.0,1.6999863478883719,101.53757421735293,1.3,212.0
14:31:17,1.699917,101.537552,0,0,0,0,0,0,0,0,288,180,forward,0,0,263.0,1.6999853478883717,101.53757421735293,1.3,281.0
14:31:19,1.699917,101.537552,0,0,0,0,0,0,0,0,288,180,forward,0,0,263.0,1.6999853478883717,101.53757421735293,1.1,249.0
14:31:21,1.699917,101.537552,0,0,0,0,0,0,0,0,289,180,forward,0,0,263.0,1.6999849499030302,101.53757540732943,0.8,207.0
14:31:23,1.699917,101.537553,0,0,0,0,0,0,0,0,288,180,forward,0,0,263.0,1.6999853478883717,101.53757521735292,0.6,159.0
14:31:26,1.699917,101.537553,0,0,0,0,0,0,0,0,288,180,forward,0,0,263.0,1.6999853478883717,101.53757521735292,0.6,156.0
14:31:28,1.699917,101.537554,0,0,0,0,0,0,0,0,288,180,forward,0,0,263.0,1.6999853478883717,101.53757621735292,0.2,215.0
14:31:30,1.699917,101.537554,0,0,0,0,0,0,0,0,288,180,forward,0,0,263.0,1.6999853478883717,101.53757621735292,0.7,80.0
14:31:32,1.699917,101.537554,0,0,0,0,0,0,0,0,288,180,forward,0,0,263.0,1.6999853478883717,101.53757621735292,0.7,156.0
14:31:34,1.699918,101.537554,0,0,0,0,0,0,0,0,288,180,forward,0,0,263.0,1.6999863478883719,101.53757621735292,0.8,252.0
14:31:37,1.699918,101.537554,0,0,0,0,0,0,0,0,288,180,forward,0,0,263.0,1.6999863478883719,101.53757621735292,0.8,142.0
14:31:39,1.699918,101.537553,0,0,0,0,0,0,0,0,288,180,forward,0,0,263.0,1.6999863478883719,101.53757521735292,0.5,150.0
14:31:41,1.699919,101.537553,0,0,0,0,0,0,0,0,287,180,forward,0,0,263.0,1.6999877250542845,101.53757402060882,1.0,158.0
14:31:43,1.699919,101.537552,0,0,0,0,0,0,0,0,287,180,forward,0,0,263.0,1.6999877250542845,101.53757302060882,0.8,291.0
14:31:45,1.69992,101.537552,0,0,0,0,0,0,0,0,287,180,forward,0,0,263.0,1.6999887250542847,101.53757302060882,0.8,148.0
14:31:48,1.699921,101.537553,0,0,0,0,0,0,0,0,287,180,forward,0,0,263.0,1.6999897250542846,101.53757402060883,0.8,207.0
14:31:50,1.699922,101.537553,0,0,0,0,0,0,0,0,287,180,forward,0,0,263.0,1.6999907250542845,101.53757402060884,0.7,219.0
14:31:52,1.699923,101.537554,0,0,0,0,0,0,0,0,286,180,forward,0,0,263.0,1.69999208128588,101.53757381746163,0.8,283.0
14:31:54,1.699923,101.537554,0,0,0,0,0,0,0,0,286,180,forward,0,0,263.0,1.69999208128588,101.53757381746163,0.6,50.0
14:31:56,1.699924,101.537554,0,0,0,0,0,0,0,0,286,180,forward,0,0,263.0,1.69999308128588,101.53757381746165,0.5,46.0
14:31:59,1.699924,101.537555,0,0,0,0,0,0,0,0,286,180,forward,0,0,263.0,1.69999308128588,101.53757481746165,0.9,348.0
14:32:01,1.699925,101.537555,0,0,0,0,0,0,0,0,286,180,forward,0,0,263.0,1.6999940812858798,101.53757481746165,1.0,42.0
14:32:03,1.699926,101.537556,0,0,0,0,0,0,0,0,285,180,forward,0,0,263.0,1.6999954164746465,101.53757460827785,0.9,5.0
14:32:05,1.699927,101.537556,0,0,0,0,0,0,0,0,285,180,forward,0,0,263.0,1.6999964164746464,101.53757460827786,0.8,32.0
14:32:07,1.699927,101.537557,0,0,0,0,0,0,0,0,285,180,forward,0,0,263.0,1.6999964164746464,101.53757560827788,1.0,54.0
14:32:10,1.699928,101.537558,0,0,0,0,0,0,0,0,285,180,forward,0,0,263.0,1.6999974164746465,101.53757660827787,1.7,143.0
14:32:12,1.699929,101.537558,0,0,0,0,0,0,0,0,285,180,forward,0,0,263.0,1.6999984164746464,101.53757660827789,1.4,83.0
14:32:14,1.699931,101.537559,0,0,0,0,0,0,0,0,284,180,forward,0,0,263.0,1.7000007305184826,101.53757639342584,1.1,241.0
14:32:16,1.699932,101.53756,0,0,0,0,0,0,0,0,284,180,forward,0,0,263.0,1.7000017305184825,101.53757739342583,0.8,267.0
14:32:18,1.699932,101.537561,0,0,0,0,0,0,0,0,284,180,forward,0,0,263.0,1.7000017305184825,101.53757839342583,0.5,236.0
14:32:21,1.699933,101.537561,0,0,0,0,0,0,0,0,284,180,forward,0,0,263.0,1.7000027305184824,101.53757839342585,0.5,229.0
14:32:23,1.699935,101.537562,0,0,0,0,0,0,0,0,284,180,forward,0,0,263.0,1.7000047305184824,101.53757939342586,0.5,228.0
14:32:25,1.699936,101.537563,0,0,0,0,0,0,0,0,283,180,forward,0,0,263.0,1.7000060233217267,101.5375791732756,0.4,228.0
14:32:27,1.699937,101.537564,0,0,0,0,0,0,0,0,283,180,forward,0,0,263.0,1.7000070233217268,101.5375801732756,0.4,237.0
14:32:29,1.699938,101.537565,0,0,0,0,0,0,0,0,282,180,forward,0,0,263.0,1.7000082947951891,101.53757994819878,0.3,237.0
14:32:32,1.699938,101.537565,0,0,0,0,0,0,0,0,283,180,forward,0,0,263.0,1.7000080233217267,101.53758117327561,0.3,288.0
14:32:34,1.699939,101.537565,0,0,0,0,0,0,0,0,282,180,forward,0,0,263.0,1.7000092947951893,101.5375799481988,0.0,254.0
14:32:36,1.69994,101.537566,0,0,0,0,0,0,0,0,282,180,forward,0,0,263.0,1.7000102947951892,101.5375809481988,0.2,193.0
14:32:38,1.699941,101.537567,0,0,0,0,0,0,0,0,282,180,forward,0,0,263.0,1.700011294795189,101.5375819481988,0.4,194.0
14:32:40,1.699942,101.537569,0,0,0,0,0,0,0,0,282,180,forward,0,0,263.0,1.7000122947951892,101.53758394819883,0.2,208.0
14:32:43,1.699943,101.53757,0,0,0,0,0,0,0,0,281,180,forward,0,0,263.0,1.700013544856176,101.53758371856864,0.5,236.0
14:32:45,1.699943,101.537571,0,0,0,0,0,0,0,0,281,180,forward,0,0,263.0,1.700013544856176,101.53758471856864,0.1,230.0
14:32:47,1.699943,101.537571,0,0,0,0,0,0,0,0,281,180,forward,0,0,263.0,1.700013544856176,101.53758471856864,0.6,231.0
14:32:49,1.699944,101.53757,0,0,0,0,0,0,0,0,281,180,forward,0,0,263.0,1.7000145448561759,101.53758371856864,0.4,264.0
14:32:51,1.699946,101.537569,0,0,0,0,0,0,0,0,281,180,forward,0,0,263.0,1.700016544856176,101.53758271856866,0.7,251.0
14:32:54,1.699946,101.537569,0,0,0,0,0,0,0,0,281,180,forward,0,0,263.0,1.700016544856176,101.53758271856866,1.2,138.0
14:32:56,1.699946,101.537568,0,0,0,0,0,0,0,0,281,180,forward,0,0,263.0,1.700016544856176,101.53758171856865,0.9,100.0
14:32:58,1.699946,101.537568,0,0,0,0,0,0,0,0,281,180,forward,0,0,263.0,1.700016544856176,101.53758171856865,0.9,16.0
14:33:00,1.699946,101.537569,0,0,0,0,0,0,0,0,280,180,forward,0,0,263.0,1.7000167734285159,101.53758148475966,0.9,39.0
14:33:02,1.699946,101.537569,0,0,0,0,0,0,0,0,281,180,forward,0,0,263.0,1.700016544856176,101.53758271856866,1.0,214.0
14:33:04,1.699947,101.537569,0,0,0,0,0,0,0,0,281,180,forward,0,0,263.0,1.700017544856176,101.53758271856867,0.7,103.0
14:33:07,1.699947,101.53757,0,0,0,0,0,0,0,0,280,180,forward,0,0,263.0,1.700017773428516,101.53758248475967,0.7,138.0
14:33:09,1.699947,101.53757,0,0,0,0,0,0,0,0,280,180,forward,0,0,263.0,1.700017773428516,101.53758248475967,0.5,195.0
14:33:11,1.699947,101.537571,0,0,0,0,0,0,0,0,280,180,forward,0,0,263.0,1.700017773428516,101.53758348475966,0.0,206.0
14:33:13,1.699947,101.537571,0,0,0,0,0,0,0,0,280,180,forward,0,0,263.0,1.700017773428516,101.53758348475966,0.5,178.0
14:33:15,1.699947,101.537571,0,0,0,0,0,0,0,0,280,180,forward,0,0,263.0,1.700017773428516,101.53758348475966,0.8,175.0
14:33:18,1.699946,101.537571,0,0,0,0,0,0,0,0,281,180,forward,0,0,263.0,1.700016544856176,101.53758471856865,0.7,174.0
14:33:20,1.699946,101.537571,0,0,0,0,0,0,0,0,280,180,forward,0,0,263.0,1.7000167734285159,101.53758348475965,0.5,257.0
14:33:22,1.699945,101.537571,0,0,0,0,0,0,0,0,281,180,forward,0,0,263.0,1.700015544856176,101.53758471856865,0.2,297.0
14:33:24,1.699944,101.53757,0,0,0,0,0,0,0,0,281,180,forward,0,0,263.0,1.7000145448561759,101.53758371856864,0.0,327.0
14:33:26,1.699944,101.53757,0,0,0,0,0,0,0,0,281,180,forward,0,0,263.0,1.7000145448561759,101.53758371856864,0.1,237.0
14:33:29,1.699943,101.537569,0,0,0,0,0,0,0,0,281,180,forward,0,0,263.0,1.700013544856176,101.53758271856864,0.1,230.0
14:33:31,1.699942,101.537569,0,0,0,0,0,0,0,0,281,180,forward,0,0,263.0,1.700012544856176,101.53758271856863,0.1,250.0
14:33:33,1.69994,101.537569,0,0,0,0,0,0,0,0,281,180,forward,0,0,263.0,1.700010544856176,101.53758271856861,0.0,232.0
14:33:35,1.69994,101.537568,0,0,0,0,0,0,0,0,281,180,forward,0,0,263.0,1.700010544856176,101.5375817185686,0.0,244.0
14:33:37,1.699939,101.537568,0,0,0,0,0,0,0,0,281,180,forward,0,0,263.0,1.700009544856176,101.5375817185686,0.0,243.0
14:33:40,1.699938,101.537567,0,0,0,0,0,0,0,0,281,180,forward,0,0,263.0,1.700008544856176,101.53758071856859,0.0,243.0
14:33:42,1.699938,101.537566,0,0,0,0,0,0,0,0,282,180,forward,0,0,263.0,1.7000082947951891,101.53758094819878,0.0,212.0
14:33:44,1.699937,101.537565,0,0,0,0,0,0,0,0,282,180,forward,0,0,263.0,1.7000072947951892,101.53757994819878,0.0,248.0
14:33:46,1.699936,101.537564,0,0,0,0,0,0,0,0,282,180,forward,0,0,263.0,1.700006294795189,101.53757894819877,0.0,242.0
14:33:48,1.699934,101.537564,0,0,0,0,0,0,0,0,282,180,forward,0,0,263.0,1.7000042947951892,101.53757894819876,0.2,313.0
14:33:51,1.699933,101.537563,0,0,0,0,0,0,0,0,283,180,forward,0,0,263.0,1.7000030233217267,101.53757917327557,0.0,348.0
14:33:53,1.699932,101.537562,0,0,0,0,0,0,0,0,282,180,forward,0,0,263.0,1.7000022947951892,101.53757694819873,0.4,332.0
14:33:55,1.699931,101.537561,0,0,0,0,0,0,0,0,283,180,forward,0,0,263.0,1.7000010233217269,101.53757717327555,0.1,11.0
14:33:57,1.699929,101.537561,0,0,0,0,0,0,0,0,283,180,forward,0,0,263.0,1.6999990233217268,101.53757717327552,0.6,4.0
14:33:59,1.699928,101.537561,0,0,0,0,0,0,0,0,283,180,forward,0,0,263.0,1.699998023321727,101.53757717327552,0.7,19.0
14:34:02,1.699927,101.537561,0,0,0,0,0,0,0,0,283,180,forward,0,0,263.0,1.6999970233217268,101.53757717327551,0.6,0.0
14:34:04,1.699925,101.537562,0,0,0,0,0,0,0,0,283,180,forward,0,0,263.0,1.6999950233217267,101.53757817327549,0.4,349.0
14:34:06,1.699924,101.537563,0,0,0,0,0,0,0,0,284,180,forward,0,0,263.0,1.6999937305184825,101.53758039342577,0.6,5.0
14:34:08,1.699923,101.537563,0,0,0,0,0,0,0,0,284,180,forward,0,0,263.0,1.6999927305184825,101.53758039342576,0.9,0.0
14:34:10,1.699922,101.537563,0,0,0,0,0,0,0,0,283,180,forward,0,0,263.0,1.6999920233217267,101.53757917327547,0.5,357.0
14:34:13,1.699921,101.537563,0,0,0,0,0,0,0,0,284,180,forward,0,0,263.0,1.6999907305184825,101.53758039342574,0.1,2.0
14:34:15,1.69992,101.537562,0,0,0,0,0,0,0,0,284,180,forward,0,0,263.0,1.6999897305184826,101.53757939342573,0.1,347.0
14:34:17,1.69992,101.537562,0,0,0,0,0,0,0,0,284,180,forward,0,0,263.0,1.6999897305184826,101.53757939342573,0.5,12.0
14:34:19,1.699919,101.537562,0,0,0,0,0,0,0,0,284,180,forward,0,0,263.0,1.6999887305184824,101.53757939342572,0.1,355.0
14:34:21,1.699919,101.537563,0,0,0,0,0,0,0,0,284,180,forward,0,0,263.0,1.6999887305184824,101.53758039342573,0.1,7.0
14:34:24,1.699918,101.537563,0,0,0,0,0,0,0,0,284,180,forward,0,0,263.0,1.6999877305184825,101.53758039342571,0.5,22.0
14:34:26,1.699917,101.537563,0,0,0,0,0,0,0,0,284,180,forward,0,0,263.0,1.6999867305184824,101.53758039342571,0.7,6.0
14:34:28,1.699916,101.537564,0,0,0,0,0,0,0,0,284,180,forward,0,0,263.0,1.6999857305184825,101.5375813934257,0.9,36.0
14:34:30,1.699916,101.537564,0,0,0,0,0,0,0,0,284,180,forward,0,0,263.0,1.6999857305184825,101.5375813934257,1.1,54.0
14:34:32,1.699915,101.537565,0,0,0,0,0,0,0,0,284,180,forward,0,0,263.0,1.6999847305184825,101.53758239342568,1.0,51.0
14:34:35,1.699915,101.537565,0,0,0,0,0,0,0,0,285,180,forward,0,0,263.0,1.6999844164746465,101.53758360827776,0.4,351.0
14:34:37,1.699915,101.537565,0,0,0,0,0,0,0,0,285,180,forward,0,0,263.0,1.6999844164746465,101.53758360827776,0.5,23.0
14:34:39,1.699916,101.537565,0,0,0,0,0,0,0,0,284,180,forward,0,0,263.0,1.6999857305184825,101.5375823934257,0.2,21.0
14:34:41,1.699916,101.537566,0,0,0,0,0,0,0,0,284,180,forward,0,0,263.0,1.6999857305184825,101.53758339342569,0.2,110.0
14:34:43,1.699916,101.537566,0,0,0,0,0,0,0,0,284,180,forward,0,0,263.0,1.6999857305184825,101.53758339342569,0.2,110.0
14:34:46,1.699917,101.537566,0,0,0,0,0,0,0,0,285,180,forward,0,0,263.0,1.6999864164746463,101.53758460827777,0.0,79.0
14:34:48,1.699917,101.537566,0,0,0,0,0,0,0,0,284,180,forward,0,0,263.0,1.6999867305184824,101.5375833934257,0.0,98.0
14:34:50,1.699917,101.537567,0,0,0,0,0,0,0,0,285,180,forward,0,0,263.0,1.6999864164746463,101.53758560827777,0.0,100.0
14:34:52,1.699917,101.537568,0,0,0,0,0,0,0,0,284,180,forward,0,0,263.0,1.6999867305184824,101.5375853934257,0.0,126.0
14:34:54,1.699917,101.537568,0,0,0,0,0,0,0,0,284,180,forward,0,0,263.0,1.6999867305184824,101.5375853934257,0.1,110.0
14:34:57,1.699917,101.537568,0,0,0,0,0,0,0,0,284,180,forward,0,0,263.0,1.6999867305184824,101.5375853934257,0.2,168.0
14:34:59,1.699918,101.537568,0,0,0,0,0,0,0,0,284,180,forward,0,0,263.0,1.6999877305184825,101.5375853934257,0.0,162.0
14:35:01,1.699918,101.537568,0,0,0,0,0,0,0,0,284,180,forward,0,0,263.0,1.6999877305184825,101.5375853934257,0.0,181.0
14:35:03,1.699919,101.537568,0,0,0,0,0,0,0,0,284,180,forward,0,0,263.0,1.6999887305184824,101.53758539342572,0.0,171.0
14:35:05,1.699919,101.537567,0,0,0,0,0,0,0,0,284,180,forward,0,0,263.0,1.6999887305184824,101.53758439342572,0.0,102.0
14:35:08,1.699919,101.537567,0,0,0,0,0,0,0,0,284,180,forward,0,0,263.0,1.6999887305184824,101.53758439342572,0.0,90.0
14:35:10,1.699919,101.537567,0,0,0,0,0,0,0,0,284,180,forward,0,0,263.0,1.6999887305184824,101.53758439342572,0.2,171.0
14:35:12,1.699919,101.537567,0,0,0,0,0,0,0,0,284,180,forward,0,0,263.0,1.6999887305184824,101.53758439342572,0.0,152.0
14:35:14,1.699919,101.537567,0,0,0,0,0,0,0,0,284,180,forward,0,0,263.0,1.6999887305184824,101.53758439342572,0.0,153.0
14:35:16,1.69992,101.537567,0,0,0,0,0,0,0,0,284,180,forward,0,0,263.0,1.6999897305184826,101.53758439342573,0.0,165.0
14:35:19,1.69992,101.537567,0,0,0,0,0,0,0,0,284,180,forward,0,0,263.0,1.6999897305184826,101.53758439342573,0.0,130.0
14:35:21,1.699921,101.537567,0,0,0,0,0,0,0,0,283,180,forward,0,0,263.0,1.6999910233217268,101.53758317327546,0.0,135.0
14:35:23,1.699921,101.537567,0,0,0,0,0,0,0,0,284,180,forward,0,0,263.0,1.6999907305184825,101.53758439342573,0.1,93.0
14:35:25,1.699922,101.537567,0,0,0,0,0,0,0,0,284,180,forward,0,0,263.0,1.6999917305184824,101.53758439342575,0.1,163.0
14:35:27,1.699923,101.537568,0,0,0,0,0,0,0,0,284,180,forward,0,0,263.0,1.6999927305184825,101.53758539342574,0.0,196.0
14:35:30,1.699923,101.537568,0,0,0,0,0,0,0,0,283,180,forward,0,0,263.0,1.6999930233217269,101.53758417327548,0.3,218.0
14:35:32,1.699924,101.537568,0,0,0,0,0,0,0,0,283,180,forward,0,0,263.0,1.6999940233217268,101.53758417327549,0.0,259.0
14:35:34,1.699924,101.537568,0,0,0,0,0,0,0,0,283,180,forward,0,0,263.0,1.6999940233217268,101.53758417327549,0.7,110.0
14:35:36,1.699925,101.537569,0,0,0,0,0,0,0,0,283,180,forward,0,0,263.0,1.6999950233217267,101.5375851732755,0.8,270.0
14:35:38,1.699926,101.537569,0,0,0,0,0,0,0,0,283,180,forward,0,0,263.0,1.6999960233217268,101.53758517327552,0.5,247.0
14:35:41,1.699927,101.53757,0,0,0,0,0,0,0,0,283,180,forward,0,0,263.0,1.6999970233217268,101.53758617327551,0.7,203.0
14:35:43,1.699928,101.53757,0,0,0,0,0,0,0,0,283,180,forward,0,0,263.0,1.699998023321727,101.53758617327553,0.6,210.0
14:35:45,1.69993,101.53757,0,0,0,0,0,0,0,0,283,180,forward,0,0,263.0,1.7000000233217267,101.53758617327554,1.4,314.0
14:35:47,1.699931,101.537569,0,0,0,0,0,0,0,0,283,180,forward,0,0,263.0,1.7000010233217269,101.53758517327556,1.7,2.0
14:35:49,1.699931,101.537567,0,0,0,0,0,0,0,0,283,180,forward,0,0,263.0,1.7000010233217269,101.53758317327555,1.1,204.0
14:35:52,1.699933,101.537567,0,0,0,0,0,0,0,0,282,180,forward,0,0,263.0,1.700003294795189,101.53758194819875,1.3,309.0
14:35:54,1.699934,101.537566,0,0,0,0,0,0,0,0,282,180,forward,0,0,263.0,1.7000042947951892,101.53758094819875,1.6,193.0
14:35:56,1.699936,101.537566,0,0,0,0,0,0,0,0,283,180,forward,0,0,263.0,1.7000060233217267,101.5375821732756,1.2,332.0
14:35:58,1.699937,101.537566,0,0,0,0,0,0,0,0,283,180,forward,0,0,263.0,1.7000070233217268,101.5375821732756,0.9,159.0
14:36:00,1.699937,101.537567,0,0,0,0,0,0,0,0,282,180,forward,0,0,263.0,1.7000072947951892,101.53758194819878,0.8,151.0
14:36:03,1.699937,101.537568,0,0,0,0,0,0,0,0,282,180,forward,0,0,263.0,1.7000072947951892,101.53758294819878,0.6,169.0
14:36:05,1.699936,101.537569,0,0,0,0,0,0,0,0,282,180,forward,0,0,263.0,1.700006294795189,101.53758394819877,1.0,64.0
14:36:07,1.699936,101.537569,0,0,0,0,0,0,0,0,282,180,forward,0,0,263.0,1.700006294795189,101.53758394819877,2.0,75.0
14:36:09,1.699936,101.537569,0,0,0,0,0,0,0,0,282,180,forward,0,0,263.0,1.700006294795189,101.53758394819877,2.0,290.0
14:36:11,1.699936,101.537569,0,0,0,0,0,0,0,0,282,180,forward,0,0,263.0,1.700006294795189,101.53758394819877,1.7,31.0
14:36:14,1.699937,101.537569,0,0,0,0,0,0,0,0,282,180,forward,0,0,263.0,1.7000072947951892,101.53758394819879,1.9,175.0
14:36:16,1.699937,101.537569,0,0,0,0,0,0,0,0,281,180,forward,0,0,263.0,1.700007544856176,101.5375827185686,1.7,98.0
14:36:18,1.699936,101.537569,0,0,0,0,0,0,0,0,282,180,forward,0,0,263.0,1.700006294795189,101.53758394819877,2.3,117.0
14:36:20,1.699936,101.537569,0,0,0,0,0,0,0,0,282,180,forward,0,0,263.0,1.700006294795189,101.53758394819877,1.8,211.0
14:36:22,1.699936,101.537569,0,0,0,0,0,0,0,0,281,180,forward,0,0,263.0,1.7000065448561759,101.53758271856859,1.5,214.0
14:36:25,1.699936,101.537568,0,0,0,0,0,0,0,0,281,180,forward,0,0,263.0,1.7000065448561759,101.53758171856857,1.3,184.0
14:36:27,1.699935,101.537568,0,0,0,0,0,0,0,0,281,180,forward,0,0,263.0,1.700005544856176,101.53758171856857,0.7,231.0
14:36:29,1.699935,101.537568,0,0,0,0,0,0,0,0,281,180,forward,0,0,263.0,1.700005544856176,101.53758171856857,1.2,183.0
14:36:31,1.699935,101.537567,0,0,0,0,0,0,0,0,281,180,forward,0,0,263.0,1.700005544856176,101.53758071856858,1.8,53.0
14:36:33,1.699934,101.537567,0,0,0,0,0,0,0,0,281,180,forward,0,0,263.0,1.700004544856176,101.53758071856856,1.2,219.0
14:36:36,1.699934,101.537567,0,0,0,0,0,0,0,0,281,180,forward,0,0,263.0,1.700004544856176,101.53758071856856,1.1,125.0
14:36:38,1.699934,101.537566,0,0,0,0,0,0,0,0,282,180,forward,0,0,263.0,1.7000042947951892,101.53758094819875,0.7,74.0
14:36:40,1.699933,101.537565,0,0,0,0,0,0,0,0,281,180,forward,0,0,263.0,1.7000035448561759,101.53757871856857,0.8,98.0
14:36:42,1.699933,101.537564,0,0,0,0,0,0,0,0,281,180,forward,0,0,263.0,1.7000035448561759,101.53757771856857,0.6,128.0
14:36:44,1.699933,101.537564,0,0,0,0,0,0,0,0,281,180,forward,0,0,263.0,1.7000035448561759,101.53757771856857,0.5,212.0
14:36:47,1.699932,101.537564,0,0,0,0,0,0,0,0,281,180,forward,0,0,263.0,1.700002544856176,101.53757771856856,0.7,212.0
14:36:49,1.699932,101.537563,0,0,0,0,0,0,0,0,281,180,forward,0,0,263.0,1.700002544856176,101.53757671856856,0.9,93.0
14:36:51,1.699931,101.537563,0,0,0,0,0,0,0,0,281,180,forward,0,0,263.0,1.700001544856176,101.53757671856856,0.9,110.0
14:36:53,1.699931,101.537562,0,0,0,0,0,0,0,0,281,180,forward,0,0,263.0,1.700001544856176,101.53757571856855,0.8,134.0
14:36:55,1.699931,101.537562,0,0,0,0,0,0,0,0,281,180,forward,0,0,263.0,1.700001544856176,101.53757571856855,1.2,127.0
14:36:58,1.699931,101.537561,0,0,0,0,0,0,0,0,281,180,forward,0,0,263.0,1.700001544856176,101.53757471856855,1.3,145.0
14:37:00,1.699932,101.537561,0,0,0,0,0,0,0,0,281,180,forward,0,0,263.0,1.700002544856176,101.53757471856855,1.9,5.0
14:37:02,1.699933,101.537561,0,0,0,0,0,0,0,0,282,180,forward,0,0,263.0,1.700003294795189,101.53757594819875,1.5,28.0
14:37:04,1.699933,101.53756,0,0,0,0,0,0,0,0,282,180,forward,0,0,263.0,1.700003294795189,101.53757494819875,1.4,42.0
14:37:06,1.699934,101.53756,0,0,0,0,0,0,0,0,281,180,forward,0,0,263.0,1.700004544856176,101.53757371856857,1.1,220.0
14:37:09,1.699934,101.53756,0,0,0,0,0,0,0,0,281,180,forward,0,0,263.0,1.700004544856176,101.53757371856857,2.2,92.0
14:37:11,1.699934,101.53756,0,0,0,0,0,0,0,0,282,180,forward,0,0,263.0,1.7000042947951892,101.53757494819875,1.2,115.0
14:37:13,1.699934,101.53756,0,0,0,0,0,0,0,0,282,180,forward,0,0,263.0,1.7000042947951892,101.53757494819875,1.2,286.0
14:37:15,1.699934,101.537559,0,0,0,0,0,0,0,0,282,180,forward,0,0,263.0,1.7000042947951892,101.53757394819876,1.3,260.0
14:37:17,1.699934,101.537559,0,0,0,0,0,0,0,0,282,180,forward,0,0,263.0,1.7000042947951892,101.53757394819876,0.9,232.0
14:37:20,1.699934,101.537558,0,0,0,0,0,0,0,0,281,180,forward,0,0,263.0,1.700004544856176,101.53757171856857,0.7,193.0
14:37:22,1.699934,101.537557,0,0,0,0,0,0,0,0,281,180,forward,0,0,263.0,1.700004544856176,101.53757071856857,1.2,151.0
14:37:24,1.699935,101.537556,0,0,0,0,0,0,0,0,282,180,forward,0,0,263.0,1.7000052947951891,101.53757094819876,1.0,150.0
14:37:26,1.699936,101.537556,0,0,0,0,0,0,0,0,282,180,forward,0,0,263.0,1.700006294795189,101.53757094819876,1.0,218.0
14:37:28,1.699937,101.537556,0,0,0,0,0,0,0,0,281,180,forward,0,0,263.0,1.700007544856176,101.53756971856859,0.7,254.0
14:37:31,1.699937,101.537556,0,0,0,0,0,0,0,0,282,180,forward,0,0,263.0,1.7000072947951892,101.53757094819878,1.0,227.0
14:37:33,1.699938,101.537556,0,0,0,0,0,0,0,0,282,180,forward,0,0,263.0,1.7000082947951891,101.53757094819878,0.9,6.0
14:37:35,1.699938,101.537556,0,0,0,0,0,0,0,0,282,180,forward,0,0,263.0,1.7000082947951891,101.53757094819878,0.9,182.0
14:37:37,1.699938,101.537556,0,0,0,0,0,0,0,0,282,180,forward,0,0,263.0,1.7000082947951891,101.53757094819878,1.1,10.0
14:37:39,1.699938,101.537555,0,0,0,0,0,0,0,0,282,180,forward,0,0,263.0,1.7000082947951891,101.53756994819878,1.0,339.0
14:37:42,1.699938,101.537555,0,0,0,0,0,0,0,0,282,180,forward,0,0,263.0,1.7000082947951891,101.53756994819878,0.5,142.0
14:37:44,1.699939,101.537555,0,0,0,0,0,0,0,0,282,180,forward,0,0,263.0,1.7000092947951893,101.5375699481988,0.6,124.0
14:37:46,1.699939,101.537555,0,0,0,0,0,0,0,0,282,180,forward,0,0,263.0,1.7000092947951893,101.5375699481988,0.4,184.0
14:37:48,1.699939,101.537555,0,0,0,0,0,0,0,0,282,180,forward,0,0,263.0,1.7000092947951893,101.5375699481988,0.9,45.0
14:37:50,1.699939,101.537555,0,0,0,0,0,0,0,0,282,180,forward,0,0,263.0,1.7000092947951893,101.5375699481988,1.1,29.0
14:37:52,1.699939,101.537555,0,0,0,0,0,0,0,0,282,180,forward,0,0,263.0,1.7000092947951893,101.5375699481988,1.6,219.0
14:37:55,1.699939,101.537555,0,0,0,0,0,0,0,0,282,180,forward,0,0,263.0,1.7000092947951893,101.5375699481988,1.5,142.0
14:37:57,1.699939,101.537555,0,0,0,0,0,0,0,0,282,180,forward,0,0,263.0,1.7000092947951893,101.5375699481988,1.6,204.0
14:37:59,1.699939,101.537555,0,0,0,0,0,0,0,0,282,180,forward,0,0,263.0,1.7000092947951893,101.5375699481988,1.5,290.0
14:38:01,1.699939,101.537555,0,0,0,0,0,0,0,0,282,180,forward,0,0,263.0,1.7000092947951893,101.5375699481988,1.7,234.0
14:38:03,1.699939,101.537555,0,0,0,0,0,0,0,0,282,180,forward,0,0,263.0,1.7000092947951893,101.5375699481988,1.6,9.0
14:38:06,1.699938,101.537555,0,0,0,0,0,0,0,0,282,180,forward,0,0,263.0,1.7000082947951891,101.53756994819878,1.4,237.0
14:38:08,1.699938,101.537555,0,0,0,0,0,0,0,0,282,180,forward,0,0,263.0,1.7000082947951891,101.53756994819878,1.1,0.0
14:38:10,1.699938,101.537555,0,0,0,0,0,0,0,0,282,180,forward,0,0,263.0,1.7000082947951891,101.53756994819878,1.1,203.0
14:38:12,1.699937,101.537555,0,0,0,0,0,0,0,0,282,180,forward,0,0,263.0,1.7000072947951892,101.53756994819878,1.0,184.0
14:38:14,1.699937,101.537555,0,0,0,0,0,0,0,0,282,180,forward,0,0,263.0,1.7000072947951892,101.53756994819878,1.2,190.0
14:38:17,1.699937,101.537555,0,0,0,0,0,0,0,0,282,180,forward,0,0,263.0,1.7000072947951892,101.53756994819878,1.3,121.0
14:38:19,1.699936,101.537555,0,0,0,0,0,0,0,0,282,180,forward,0,0,263.0,1.700006294795189,101.53756994819877,1.2,202.0
14:38:21,1.699936,101.537556,0,0,0,0,0,0,0,0,282,180,forward,0,0,263.0,1.700006294795189,101.53757094819876,0.8,167.0
14:38:23,1.699936,101.537556,0,0,0,0,0,0,0,0,282,180,forward,0,0,263.0,1.700006294795189,101.53757094819876,0.7,73.0
14:38:25,1.699936,101.537556,0,0,0,0,0,0,0,0,282,180,forward,0,0,263.0,1.700006294795189,101.53757094819876,1.2,162.0
14:38:28,1.699936,101.537556,0,0,0,0,0,0,0,0,282,180,forward,0,0,263.0,1.700006294795189,101.53757094819876,1.3,281.0
14:38:30,1.699936,101.537556,0,0,0,0,0,0,0,0,282,180,forward,0,0,263.0,1.700006294795189,101.53757094819876,1.2,203.0
14:38:32,1.699936,101.537556,0,0,0,0,0,0,0,0,282,180,forward,0,0,263.0,1.700006294795189,101.53757094819876,0.8,182.0
14:38:34,1.699936,101.537555,0,0,0,0,0,0,0,0,282,180,forward,0,0,263.0,1.700006294795189,101.53756994819877,0.6,176.0
14:38:36,1.699935,101.537555,0,0,0,0,0,0,0,0,282,180,forward,0,0,263.0,1.7000052947951891,101.53756994819877,0.6,175.0
14:38:39,1.699935,101.537556,0,0,0,0,0,0,0,0,282,180,forward,0,0,263.0,1.7000052947951891,101.53757094819876,0.5,150.0
14:38:41,1.699935,101.537556,0,0,0,0,0,0,0,0,282,180,forward,0,0,263.0,1.7000052947951891,101.53757094819876,0.6,202.0
14:38:43,1.699935,101.537556,0,0,0,0,0,0,0,0,282,180,forward,0,0,263.0,1.7000052947951891,101.53757094819876,0.3,159.0
14:38:45,1.699935,101.537556,0,0,0,0,0,0,0,0,282,180,forward,0,0,263.0,1.7000052947951891,101.53757094819876,0.3,136.0
14:38:47,1.699935,101.537556,0,0,0,0,0,0,0,0,282,180,forward,0,0,263.0,1.7000052947951891,101.53757094819876,0.2,144.0
14:38:50,1.699935,101.537556,0,0,0,0,0,0,0,0,282,180,forward,0,0,263.0,1.7000052947951891,101.53757094819876,0.4,144.0
14:38:52,1.699934,101.537556,0,0,0,0,0,0,0,0,282,180,forward,0,0,263.0,1.7000042947951892,101.53757094819875,0.2,147.0
14:38:54,1.699934,101.537556,0,0,0,0,0,0,0,0,282,180,forward,0,0,263.0,1.7000042947951892,101.53757094819875,0.2,153.0
14:38:56,1.699934,101.537556,0,0,0,0,0,0,0,0,282,180,forward,0,0,263.0,1.7000042947951892,101.53757094819875,0.1,171.0
14:38:58,1.699933,101.537556,0,0,0,0,0,0,0,0,282,180,forward,0,0,263.0,1.700003294795189,101.53757094819875,0.1,200.0
14:39:01,1.699933,101.537556,0,0,0,0,0,0,0,0,282,180,forward,0,0,263.0,1.700003294795189,101.53757094819875,0.0,239.0
14:39:03,1.699933,101.537555,0,0,0,0,0,0,0,0,282,180,forward,0,0,263.0,1.700003294795189,101.53756994819875,0.2,323.0
14:39:05,1.699932,101.537555,0,0,0,0,0,0,0,0,282,180,forward,0,0,263.0,1.7000022947951892,101.53756994819874,0.4,103.0
14:39:07,1.699931,101.537556,0,0,0,0,0,0,0,0,282,180,forward,0,0,263.0,1.7000012947951892,101.53757094819873,0.3,39.0
14:39:09,1.699931,101.537555,0,0,0,0,0,0,0,0,282,180,forward,0,0,263.0,1.7000012947951892,101.53756994819874,0.6,100.0
14:39:12,1.699931,101.537555,0,0,0,0,0,0,0,0,282,180,forward,0,0,263.0,1.7000012947951892,101.53756994819874,0.5,114.0
14:39:14,1.699931,101.537555,0,0,0,0,0,0,0,0,282,180,forward,0,0,263.0,1.7000012947951892,101.53756994819874,0.6,149.0
14:39:16,1.69993,101.537555,0,0,0,0,0,0,0,0,282,180,forward,0,0,263.0,1.700000294795189,101.53756994819872,0.5,256.0
14:39:18,1.69993,101.537555,0,0,0,0,0,0,0,0,282,180,forward,0,0,263.0,1.700000294795189,101.53756994819872,0.6,224.0
14:39:20,1.69993,101.537555,0,0,0,0,0,0,0,0,282,180,forward,0,0,263.0,1.700000294795189,101.53756994819872,0.6,199.0
14:39:23,1.699929,101.537555,0,0,0,0,0,0,0,0,282,180,forward,0,0,263.0,1.6999992947951892,101.53756994819871,0.3,215.0
14:39:25,1.699929,101.537555,0,0,0,0,0,0,0,0,282,180,forward,0,0,263.0,1.6999992947951892,101.53756994819871,0.6,219.0
14:39:27,1.699929,101.537555,0,0,0,0,0,0,0,0,282,180,forward,0,0,263.0,1.6999992947951892,101.53756994819871,0.4,196.0
14:39:29,1.699929,101.537555,0,0,0,0,0,0,0,0,282,180,forward,0,0,263.0,1.6999992947951892,101.53756994819871,0.7,175.0
14:39:31,1.699928,101.537555,0,0,0,0,0,0,0,0,282,180,forward,0,0,263.0,1.6999982947951893,101.53756994819871,1.1,139.0
14:39:34,1.699928,101.537556,0,0,0,0,0,0,0,0,282,180,forward,0,0,263.0,1.6999982947951893,101.5375709481987,1.4,127.0
14:39:36,1.699928,101.537556,0,0,0,0,0,0,0,0,282,180,forward,0,0,263.0,1.6999982947951893,101.5375709481987,1.0,225.0
14:39:38,1.699928,101.537556,0,0,0,0,0,0,0,0,282,180,forward,0,0,263.0,1.6999982947951893,101.5375709481987,1.0,110.0
14:39:40,1.699927,101.537556,0,0,0,0,0,0,0,0,282,180,forward,0,0,263.0,1.6999972947951891,101.53757094819869,1.6,110.0
14:39:42,1.699927,101.537556,0,0,0,0,0,0,0,0,282,180,forward,0,0,263.0,1.6999972947951891,101.53757094819869,1.4,72.0
14:39:45,1.699926,101.537557,0,0,0,0,0,0,0,0,282,180,forward,0,0,263.0,1.6999962947951892,101.5375719481987,1.1,209.0
14:39:47,1.699925,101.537558,0,0,0,0,0,0,0,0,282,180,forward,0,0,263.0,1.699995294795189,101.53757294819869,0.8,307.0
14:39:49,1.699925,101.537558,0,0,0,0,0,0,0,0,282,180,forward,0,0,263.0,1.699995294795189,101.53757294819869,0.6,255.0
14:39:51,1.699925,101.537558,0,0,0,0,0,0,0,0,282,180,forward,0,0,263.0,1.699995294795189,101.53757294819869,0.6,234.0
14:39:53,1.699925,101.537558,0,0,0,0,0,0,0,0,283,180,forward,0,0,263.0,1.6999950233217267,101.5375741732755,0.6,270.0
14:39:56,1.699926,101.537559,0,0,0,0,0,0,0,0,282,180,forward,0,0,263.0,1.6999962947951892,101.5375739481987,0.3,259.0
14:39:58,1.699926,101.537559,0,0,0,0,0,0,0,0,282,180,forward,0,0,263.0,1.6999962947951892,101.5375739481987,0.3,258.0
14:40:00,1.699925,101.537559,0,0,0,0,0,0,0,0,282,180,forward,0,0,263.0,1.699995294795189,101.53757394819868,0.2,233.0
14:40:02,1.699925,101.537559,0,0,0,0,0,0,0,0,283,180,forward,0,0,263.0,1.6999950233217267,101.5375751732755,0.6,233.0
14:40:04,1.699925,101.537559,0,0,0,0,0,0,0,0,282,180,forward,0,0,263.0,1.699995294795189,101.53757394819868,0.0,264.0
14:40:07,1.699925,101.53756,0,0,0,0,0,0,0,0,283,180,forward,0,0,263.0,1.6999950233217267,101.5375761732755,0.0,227.0
14:40:09,1.699925,101.53756,0,0,0,0,0,0,0,0,283,180,forward,0,0,263.0,1.6999950233217267,101.5375761732755,0.0,225.0
14:40:11,1.699925,101.53756,0,0,0,0,0,0,0,0,283,180,forward,0,0,263.0,1.6999950233217267,101.5375761732755,0.0,180.0
14:40:13,1.699925,101.53756,0,0,0,0,0,0,0,0,283,180,forward,0,0,263.0,1.6999950233217267,101.5375761732755,0.0,229.0
14:40:15,1.699925,101.53756,0,0,0,0,0,0,0,0,282,180,forward,0,0,263.0,1.699995294795189,101.53757494819868,0.1,261.0
14:40:18,1.699926,101.53756,0,0,0,0,0,0,0,0,283,180,forward,0,0,263.0,1.6999960233217268,101.53757617327551,0.6,199.0
14:40:20,1.699926,101.537559,0,0,0,0,0,0,0,0,283,180,forward,0,0,263.0,1.6999960233217268,101.53757517327551,0.8,145.0
14:40:22,1.699927,101.53756,0,0,0,0,0,0,0,0,283,180,forward,0,0,263.0,1.6999970233217268,101.53757617327551,0.9,309.0
14:40:24,1.699927,101.53756,0,0,0,0,0,0,0,0,283,180,forward,0,0,263.0,1.6999970233217268,101.53757617327551,0.7,348.0
14:40:26,1.699927,101.537561,0,0,0,0,0,0,0,0,283,180,forward,0,0,263.0,1.6999970233217268,101.53757717327551,0.5,304.0
14:40:29,1.699928,101.537562,0,0,0,0,0,0,0,0,283,180,forward,0,0,263.0,1.699998023321727,101.53757817327552,0.8,293.0
14:40:31,1.699929,101.537562,0,0,0,0,0,0,0,0,283,180,forward,0,0,263.0,1.6999990233217268,101.53757817327552,0.8,284.0
14:40:33,1.699929,101.537563,0,0,0,0,0,0,0,0,283,180,forward,0,0,263.0,1.6999990233217268,101.53757917327553,0.5,277.0
14:40:35,1.69993,101.537563,0,0,0,0,0,0,0,0,283,180,forward,0,0,263.0,1.7000000233217267,101.53757917327555,0.5,254.0
14:40:37,1.69993,101.537564,0,0,0,0,0,0,0,0,282,180,forward,0,0,263.0,1.700000294795189,101.53757894819873,0.7,200.0
14:40:40,1.69993,101.537564,0,0,0,0,0,0,0,0,283,180,forward,0,0,263.0,1.7000000233217267,101.53758017327554,0.7,302.0
14:40:42,1.699931,101.537564,0,0,0,0,0,0,0,0,282,180,forward,0,0,263.0,1.7000012947951892,101.53757894819874,1.1,199.0
14:40:44,1.699931,101.537564,0,0,0,0,0,0,0,0,282,180,forward,0,0,263.0,1.7000012947951892,101.53757894819874,0.9,148.0
14:40:46,1.699932,101.537564,0,0,0,0,0,0,0,0,282,180,forward,0,0,263.0,1.7000022947951892,101.53757894819874,1.1,136.0
14:40:48,1.699932,101.537564,0,0,0,0,0,0,0,0,282,180,forward,0,0,263.0,1.7000022947951892,101.53757894819874,1.1,106.0
14:40:51,1.699933,101.537563,0,0,0,0,0,0,0,0,282,180,forward,0,0,263.0,1.700003294795189,101.53757794819876,0.7,69.0
14:40:53,1.699934,101.537563,0,0,0,0,0,0,0,0,282,180,forward,0,0,263.0,1.7000042947951892,101.53757794819876,1.4,118.0
14:40:55,1.699934,101.537563,0,0,0,0,0,0,0,0,282,180,forward,0,0,263.0,1.7000042947951892,101.53757794819876,1.1,88.0
14:40:57,1.699934,101.537563,0,0,0,0,0,0,0,0,282,180,forward,0,0,263.0,1.7000042947951892,101.53757794819876,1.1,68.0
14:40:59,1.699935,101.537563,0,0,0,0,0,0,0,0,282,180,forward,0,0,263.0,1.7000052947951891,101.53757794819877,0.9,30.0
14:41:01,1.699935,101.537563,0,0,0,0,0,0,0,0,282,180,forward,0,0,263.0,1.7000052947951891,101.53757794819877,0.6,67.0
14:41:04,1.699936,101.537563,0,0,0,0,0,0,0,0,282,180,forward,0,0,263.0,1.700006294795189,101.53757794819877,1.1,239.0
14:41:06,1.699937,101.537564,0,0,0,0,0,0,0,0,282,180,forward,0,0,263.0,1.7000072947951892,101.53757894819879,1.6,275.0
14:41:08,1.699938,101.537564,0,0,0,0,0,0,0,0,282,180,forward,0,0,263.0,1.7000082947951891,101.53757894819879,1.3,215.0
14:41:10,1.699939,101.537565,0,0,0,0,0,0,0,0,282,180,forward,0,0,263.0,1.7000092947951893,101.5375799481988,1.4,174.0
14:41:12,1.699939,101.537565,0,0,0,0,0,0,0,0,282,180,forward,0,0,263.0,1.7000092947951893,101.5375799481988,1.5,173.0
14:41:15,1.69994,101.537565,0,0,0,0,0,0,0,0,282,180,forward,0,0,263.0,1.7000102947951892,101.5375799481988,1.4,311.0
14:41:17,1.699941,101.537565,0,0,0,0,0,0,0,0,282,180,forward,0,0,263.0,1.700011294795189,101.53757994819881,0.9,220.0
14:41:19,1.699942,101.537565,0,0,0,0,0,0,0,0,282,180,forward,0,0,263.0,1.7000122947951892,101.53757994819883,0.9,244.0
14:41:21,1.699942,101.537565,0,0,0,0,0,0,0,0,282,180,forward,0,0,263.0,1.7000122947951892,101.53757994819883,1.4,110.0
14:41:23,1.699943,101.537565,0,0,0,0,0,0,0,0,282,180,forward,0,0,263.0,1.7000132947951891,101.53757994819883,1.2,307.0
14:41:26,1.699943,101.537565,0,0,0,0,0,0,0,0,282,180,forward,0,0,263.0,1.7000132947951891,101.53757994819883,1.2,36.0
14:41:28,1.699944,101.537565,0,0,0,0,0,0,0,0,281,180,forward,0,0,263.0,1.7000145448561759,101.53757871856864,1.4,110.0
14:41:30,1.699944,101.537565,0,0,0,0,0,0,0,0,282,180,forward,0,0,263.0,1.700014294795189,101.53757994819884,0.9,118.0
14:41:32,1.699945,101.537566,0,0,0,0,0,0,0,0,282,180,forward,0,0,263.0,1.7000152947951892,101.53758094819884,1.1,118.0
14:41:34,1.699946,101.537566,0,0,0,0,0,0,0,0,282,180,forward,0,0,263.0,1.7000162947951891,101.53758094819885,0.9,214.0
14:41:37,1.699946,101.537566,0,0,0,0,0,0,0,0,282,180,forward,0,0,263.0,1.7000162947951891,101.53758094819885,1.1,224.0
14:41:39,1.699946,101.537567,0,0,0,0,0,0,0,0,281,180,forward,0,0,263.0,1.700016544856176,101.53758071856865,1.0,220.0
14:41:41,1.699947,101.537567,0,0,0,0,0,0,0,0,282,180,forward,0,0,263.0,1.7000172947951893,101.53758194819885,0.8,266.0
14:41:43,1.699947,101.537567,0,0,0,0,0,0,0,0,282,180,forward,0,0,263.0,1.7000172947951893,101.53758194819885,0.9,210.0
14:41:45,1.699947,101.537568,0,0,0,0,0,0,0,0,282,180,forward,0,0,263.0,1.7000172947951893,101.53758294819885,1.0,262.0
14:41:48,1.699948,101.537568,0,0,0,0,0,0,0,0,282,180,forward,0,0,263.0,1.7000182947951892,101.53758294819886,0.9,258.0
14:41:50,1.699949,101.537569,0,0,0,0,0,0,0,0,281,180,forward,0,0,263.0,1.700019544856176,101.53758271856869,1.0,236.0
14:41:52,1.699949,101.537569,0,0,0,0,0,0,0,0,282,180,forward,0,0,263.0,1.700019294795189,101.53758394819887,0.6,134.0
14:41:54,1.69995,101.537569,0,0,0,0,0,0,0,0,282,180,forward,0,0,263.0,1.7000202947951892,101.53758394819889,0.8,186.0
14:41:56,1.69995,101.537569,0,0,0,0,0,0,0,0,282,180,forward,0,0,263.0,1.7000202947951892,101.53758394819889,0.7,216.0
14:41:59,1.69995,101.537569,0,0,0,0,0,0,0,0,282,180,forward,0,0,263.0,1.7000202947951892,101.53758394819889,0.6,215.0
14:42:01,1.699949,101.537569,0,0,0,0,0,0,0,0,282,180,forward,0,0,263.0,1.700019294795189,101.53758394819887,0.6,237.0
14:42:03,1.699949,101.53757,0,0,0,0,0,0,0,0,282,180,forward,0,0,263.0,1.700019294795189,101.53758494819887,1.1,245.0
14:42:05,1.699949,101.53757,0,0,0,0,0,0,0,0,282,180,forward,0,0,263.0,1.700019294795189,101.53758494819887,0.6,249.0
14:42:07,1.699949,101.537571,0,0,0,0,0,0,0,0,282,180,forward,0,0,263.0,1.700019294795189,101.53758594819887,0.8,237.0
14:42:10,1.699948,101.537571,0,0,0,0,0,0,0,0,282,180,forward,0,0,263.0,1.7000182947951892,101.53758594819887,1.5,192.0
14:42:12,1.699948,101.537571,0,0,0,0,0,0,0,0,281,180,forward,0,0,263.0,1.700018544856176,101.53758471856867,1.3,208.0
14:42:14,1.699948,101.537572,0,0,0,0,0,0,0,0,282,180,forward,0,0,263.0,1.7000182947951892,101.53758694819886,0.9,196.0
14:42:16,1.699947,101.537572,0,0,0,0,0,0,0,0,282,180,forward,0,0,263.0,1.7000172947951893,101.53758694819885,0.8,191.0
14:42:18,1.699947,101.537572,0,0,0,0,0,0,0,0,282,180,forward,0,0,263.0,1.7000172947951893,101.53758694819885,0.7,160.0
14:42:21,1.699946,101.537573,0,0,0,0,0,0,0,0,282,180,forward,0,0,263.0,1.7000162947951891,101.53758794819885,0.6,117.0
14:42:23,1.699946,101.537573,0,0,0,0,0,0,0,0,282,180,forward,0,0,263.0,1.7000162947951891,101.53758794819885,0.6,201.0
14:42:25,1.699945,101.537574,0,0,0,0,0,0,0,0,282,180,forward,0,0,263.0,1.7000152947951892,101.53758894819885,0.7,100.0
14:42:27,1.699945,101.537574,0,0,0,0,0,0,0,0,281,180,forward,0,0,263.0,1.700015544856176,101.53758771856866,0.6,138.0
14:42:29,1.699945,101.537574,0,0,0,0,0,0,0,0,282,180,forward,0,0,263.0,1.7000152947951892,101.53758894819885,0.8,200.0
14:42:32,1.699944,101.537575,0,0,0,0,0,0,0,0,282,180,forward,0,0,263.0,1.700014294795189,101.53758994819884,0.6,211.0
14:42:34,1.699944,101.537575,0,0,0,0,0,0,0,0,282,180,forward,0,0,263.0,1.700014294795189,101.53758994819884,0.5,266.0
14:42:36,1.699943,101.537575,0,0,0,0,0,0,0,0,282,180,forward,0,0,263.0,1.7000132947951891,101.53758994819883,0.6,239.0
14:42:38,1.699943,101.537575,0,0,0,0,0,0,0,0,282,180,forward,0,0,263.0,1.7000132947951891,101.53758994819883,0.6,239.0
14:42:40,1.699942,101.537575,0,0,0,0,0,0,0,0,282,180,forward,0,0,263.0,1.7000122947951892,101.53758994819883,1.0,207.0
14:42:43,1.699942,101.537575,0,0,0,0,0,0,0,0,282,180,forward,0,0,263.0,1.7000122947951892,101.53758994819883,0.8,215.0
14:42:45,1.699941,101.537575,0,0,0,0,0,0,0,0,282,180,forward,0,0,263.0,1.700011294795189,101.53758994819881,1.4,216.0
14:42:47,1.69994,101.537575,0,0,0,0,0,0,0,0,282,180,forward,0,0,263.0,1.7000102947951892,101.5375899481988,0.9,168.0
14:42:49,1.69994,101.537575,0,0,0,0,0,0,0,0,282,180,forward,0,0,263.0,1.7000102947951892,101.5375899481988,1.0,178.0
14:42:51,1.699939,101.537575,0,0,0,0,0,0,0,0,282,180,forward,0,0,263.0,1.7000092947951893,101.5375899481988,0.5,207.0
14:42:54,1.699939,101.537575,0,0,0,0,0,0,0,0,282,180,forward,0,0,263.0,1.7000092947951893,101.5375899481988,1.1,202.0
14:42:56,1.699938,101.537574,0,0,0,0,0,0,0,0,282,180,forward,0,0,263.0,1.7000082947951891,101.53758894819879,1.2,231.0
14:42:58,1.699938,101.537574,0,0,0,0,0,0,0,0,282,180,forward,0,0,263.0,1.7000082947951891,101.53758894819879,0.9,254.0
14:43:00,1.699937,101.537574,0,0,0,0,0,0,0,0,282,180,forward,0,0,263.0,1.7000072947951892,101.53758894819879,0.6,45.0
14:43:02,1.699937,101.537574,0,0,0,0,0,0,0,0,282,180,forward,0,0,263.0,1.7000072947951892,101.53758894819879,1.2,104.0
14:43:05,1.699937,101.537575,0,0,0,0,0,0,0,0,282,180,forward,0,0,263.0,1.7000072947951892,101.53758994819879,1.0,232.0
14:43:07,1.699937,101.537575,0,0,0,0,0,0,0,0,282,180,forward,0,0,263.0,1.7000072947951892,101.53758994819879,1.1,247.0
14:43:09,1.699936,101.537575,0,0,0,0,0,0,0,0,282,180,forward,0,0,263.0,1.700006294795189,101.53758994819877,1.0,241.0
14:43:11,1.699936,101.537575,0,0,0,0,0,0,0,0,282,180,forward,0,0,263.0,1.700006294795189,101.53758994819877,0.9,180.0
14:43:13,1.699935,101.537575,0,0,0,0,0,0,0,0,282,180,forward,0,0,263.0,1.7000052947951891,101.53758994819877,0.8,161.0
14:43:16,1.699935,101.537574,0,0,0,0,0,0,0,0,282,180,forward,0,0,263.0,1.7000052947951891,101.53758894819877,0.6,260.0
14:43:18,1.699934,101.537574,0,0,0,0,0,0,0,0,282,180,forward,0,0,263.0,1.7000042947951892,101.53758894819876,0.6,241.0
14:43:20,1.699934,101.537574,0,0,0,0,0,0,0,0,282,180,forward,0,0,263.0,1.7000042947951892,101.53758894819876,0.6,227.0
14:43:22,1.699934,101.537574,0,0,0,0,0,0,0,0,282,180,forward,0,0,263.0,1.7000042947951892,101.53758894819876,0.5,256.0
14:43:24,1.699933,101.537574,0,0,0,0,0,0,0,0,282,180,forward,0,0,263.0,1.700003294795189,101.53758894819876,0.8,225.0
14:43:27,1.699933,101.537574,0,0,0,0,0,0,0,0,282,180,forward,0,0,263.0,1.700003294795189,101.53758894819876,1.2,230.0
14:43:29,1.699933,101.537574,0,0,0,0,0,0,0,0,282,180,forward,0,0,263.0,1.700003294795189,101.53758894819876,0.8,227.0
14:43:31,1.699933,101.537574,0,0,0,0,0,0,0,0,282,180,forward,0,0,263.0,1.700003294795189,101.53758894819876,0.6,150.0
14:43:33,1.699933,101.537574,0,0,0,0,0,0,0,0,282,180,forward,0,0,263.0,1.700003294795189,101.53758894819876,0.1,271.0
14:43:35,1.699933,101.537574,0,0,0,0,0,0,0,0,282,180,forward,0,0,263.0,1.700003294795189,101.53758894819876,0.1,212.0
14:43:38,1.699933,101.537574,0,0,0,0,0,0,0,0,282,180,forward,0,0,263.0,1.700003294795189,101.53758894819876,0.0,233.0
14:43:40,1.699934,101.537573,0,0,0,0,0,0,0,0,282,180,forward,0,0,263.0,1.7000042947951892,101.53758794819875,0.0,225.0
14:43:42,1.699934,101.537573,0,0,0,0,0,0,0,0,282,180,forward,0,0,263.0,1.7000042947951892,101.53758794819875,0.3,252.0
14:43:44,1.699935,101.537573,0,0,0,0,0,0,0,0,282,180,forward,0,0,263.0,1.7000052947951891,101.53758794819876,0.3,234.0
14:43:46,1.699935,101.537573,0,0,0,0,0,0,0,0,282,180,forward,0,0,263.0,1.7000052947951891,101.53758794819876,0.6,230.0
14:43:49,1.699935,101.537572,0,0,0,0,0,0,0,0,282,180,forward,0,0,263.0,1.7000052947951891,101.53758694819876,0.7,196.0
14:43:51,1.699935,101.537572,0,0,0,0,0,0,0,0,282,180,forward,0,0,263.0,1.7000052947951891,101.53758694819876,0.7,217.0
14:43:53,1.699935,101.537573,0,0,0,0,0,0,0,0,282,180,forward,0,0,263.0,1.7000052947951891,101.53758794819876,0.9,128.0
14:43:55,1.699935,101.537573,0,0,0,0,0,0,0,0,282,180,forward,0,0,263.0,1.7000052947951891,101.53758794819876,1.7,3.0
14:43:57,1.699935,101.537573,0,0,0,0,0,0,0,0,282,180,forward,0,0,263.0,1.7000052947951891,101.53758794819876,1.6,11.0
14:44:00,1.699935,101.537574,0,0,0,0,0,0,0,0,281,180,forward,0,0,263.0,1.700005544856176,101.53758771856859,1.9,244.0
14:44:02,1.699935,101.537575,0,0,0,0,0,0,0,0,282,180,forward,0,0,263.0,1.7000052947951891,101.53758994819877,1.8,37.0
14:44:04,1.699935,101.537576,0,0,0,0,0,0,0,0,282,180,forward,0,0,263.0,1.7000052947951891,101.53759094819877,1.9,56.0
14:44:06,1.699935,101.537577,0,0,0,0,0,0,0,0,282,180,forward,0,0,263.0,1.7000052947951891,101.53759194819877,1.4,330.0
14:44:08,1.699936,101.537577,0,0,0,0,0,0,0,0,282,180,forward,0,0,263.0,1.700006294795189,101.53759194819877,1.6,308.0
14:44:11,1.699936,101.537578,0,0,0,0,0,0,0,0,282,180,forward,0,0,263.0,1.700006294795189,101.53759294819876,1.1,342.0
14:44:13,1.699936,101.537578,0,0,0,0,0,0,0,0,282,180,forward,0,0,263.0,1.700006294795189,101.53759294819876,0.9,146.0
14:44:15,1.699937,101.537578,0,0,0,0,0,0,0,0,282,180,forward,0,0,263.0,1.7000072947951892,101.53759294819878,0.7,216.0
14:44:17,1.699937,101.537579,0,0,0,0,0,0,0,0,282,180,forward,0,0,263.0,1.7000072947951892,101.53759394819878,0.9,276.0
14:44:19,1.699938,101.537579,0,0,0,0,0,0,0,0,282,180,forward,0,0,263.0,1.7000082947951891,101.53759394819878,0.9,266.0
14:44:21,1.699938,101.53758,0,0,0,0,0,0,0,0,282,180,forward,0,0,263.0,1.7000082947951891,101.53759494819879,1.2,101.0
14:44:24,1.699938,101.53758,0,0,0,0,0,0,0,0,281,180,forward,0,0,263.0,1.700008544856176,101.5375937185686,0.8,187.0
14:44:26,1.699938,101.53758,0,0,0,0,0,0,0,0,282,180,forward,0,0,263.0,1.7000082947951891,101.53759494819879,1.0,65.0
14:44:28,1.699939,101.53758,0,0,0,0,0,0,0,0,281,180,forward,0,0,263.0,1.700009544856176,101.53759371856862,1.4,94.0
14:44:30,1.699939,101.53758,0,0,0,0,0,0,0,0,282,180,forward,0,0,263.0,1.7000092947951893,101.5375949481988,1.6,110.0
14:44:32,1.699939,101.53758,0,0,0,0,0,0,0,0,281,180,forward,0,0,263.0,1.700009544856176,101.53759371856862,1.3,321.0
14:44:34,1.699939,101.537579,0,0,0,0,0,0,0,0,281,180,forward,0,0,263.0,1.700009544856176,101.5375927185686,1.4,291.0
14:44:36,1.699939,101.537579,0,0,0,0,0,0,0,0,281,180,forward,0,0,263.0,1.700009544856176,101.5375927185686,1.9,136.0
14:44:39,1.699938,101.537578,0,0,0,0,0,0,0,0,281,180,forward,0,0,263.0,1.700008544856176,101.53759171856859,3.2,354.0
14:44:41,1.699939,101.537578,0,0,0,0,0,0,0,0,281,180,forward,0,0,263.0,1.700009544856176,101.5375917185686,1.9,59.0
14:44:43,1.699939,101.537578,0,0,0,0,0,0,0,0,281,180,forward,0,0,263.0,1.700009544856176,101.5375917185686,1.9,56.0
14:44:45,1.699939,101.537577,0,0,0,0,0,0,0,0,281,180,forward,0,0,263.0,1.700009544856176,101.53759071856861,2.3,122.0
14:44:47,1.699939,101.537577,0,0,0,0,0,0,0,0,281,180,forward,0,0,263.0,1.700009544856176,101.53759071856861,1.9,122.0
14:44:50,1.699939,101.537577,0,0,0,0,0,0,0,0,281,180,forward,0,0,263.0,1.700009544856176,101.53759071856861,1.9,122.0
14:44:52,1.699939,101.537577,0,0,0,0,0,0,0,0,281,180,forward,0,0,263.0,1.700009544856176,101.53759071856861,1.9,122.0
14:44:54,1.699939,101.537577,0,0,0,0,0,0,0,0,281,180,forward,0,0,263.0,1.700009544856176,101.53759071856861,1.9,122.0
14:44:56,1.699939,101.537577,0,0,0,0,0,0,0,0,281,180,forward,0,0,263.0,1.700009544856176,101.53759071856861,1.9,122.0
