waktu,latitude,longitude,propeller_speed1,propeller_speed2,propeller_speed3,propeller_speed4,str1_target,str2_target,str3_target,str4_target,heading,heading_target,navigation_mode_text,position_error,dir_error,payout,lat_chute,long_chute,wind speed,wind direction
10:23:57,1.6533388071438695,101.51929189617022,0,0,0,0,0,0,0,0,0,180,forward,0,0,0,1.6533388071438695,101.51936379132371,0,0
10:24:00,1.6533388071438695,101.51929189617022,0,0,0,0,0,0,0,0,0,180,forward,0,0,0,1.6533388071438695,101.51936379132371,0,0
10:24:02,1.6533388071438695,101.51929189617022,0,0,0,0,0,0,0,0,0,180,forward,0,0,0,1.6533388071438695,101.51936379132371,0,0
10:24:04,1.6533388071438695,101.51929189617022,0,0,0,0,0,0,0,0,0,180,forward,0,0,0,1.6533388071438695,101.51936379132371,0,0
10:24:06,1.6533388071438695,101.51929189617022,0,0,0,0,0,0,0,0,0,180,forward,0,0,0,1.6533388071438695,101.51936379132371,0,0
10:24:08,1.6533388071438695,101.51929189617022,0,0,0,0,0,0,0,0,0,180,forward,0,0,0,1.6533388071438695,101.51936379132371,0,0
10:24:10,1.6533388071438695,101.51929189617022,0,0,0,0,0,0,0,0,0,180,forward,0,0,0,1.6533388071438695,101.51936379132371,0,0
10:24:12,1.6533388071438695,101.51929189617022,0,0,0,0,0,0,0,0,0,180,forward,0,0,0,1.6533388071438695,101.51936379132371,0,0
10:24:15,1.6533388071438695,101.51929189617022,0,0,0,0,0,0,0,0,0,180,forward,0,0,0,1.6533388071438695,101.51936379132371,0,0
10:24:17,1.6533388071438695,101.51929189617022,0,0,0,0,0,0,0,0,0,180,forward,0,0,0,1.6533388071438695,101.51936379132371,0,0
10:24:19,1.6533388071438695,101.51929189617022,0,0,0,0,0,0,0,0,0,180,forward,0,0,0,1.6533388071438695,101.51936379132371,0,0
10:24:21,1.6533388071438695,101.51929189617022,0,0,0,0,0,0,0,0,0,180,forward,0,0,0,1.6533388071438695,101.51936379132371,0,0
10:24:23,1.6533388071438695,101.51929189617022,0,0,0,0,0,0,0,0,0,180,forward,0,0,0,1.6533388071438695,101.51936379132371,0,0
10:24:25,1.6533388071438695,101.51929189617022,0,0,0,0,0,0,0,0,0,180,forward,0,0,0,1.6533388071438695,101.51936379132371,0,0
10:24:27,1.6533388071438695,101.51929189617022,0,0,0,0,0,0,0,0,0,180,forward,0,0,0,1.6533388071438695,101.51936379132371,0,0
10:24:29,1.6533388071438695,101.51929189617022,0,0,0,0,0,0,0,0,0,180,forward,0,0,0,1.6533388071438695,101.51936379132371,0,0
10:24:32,1.6533388071438695,101.51929189617022,0,0,0,0,0,0,0,0,0,180,forward,0,0,0,1.6533388071438695,101.51936379132371,0,0
10:24:34,1.6533388071438695,101.51929189617022,0,0,0,0,0,0,0,0,0,180,forward,0,0,0,1.6533388071438695,101.51936379132371,0,0
10:24:36,1.6533388071438695,101.51929189617022,0,0,0,0,0,0,0,0,0,180,forward,0,0,0,1.6533388071438695,101.51936379132371,0,0
10:24:38,1.6533388071438695,101.51929189617022,0,0,0,0,0,0,0,0,0,180,forward,0,0,0,1.6533388071438695,101.51936379132371,0,0
10:24:40,1.6533388071438695,101.51929189617022,0,0,0,0,0,0,0,0,0,180,forward,0,0,0,1.6533388071438695,101.51936379132371,0,0
10:24:42,1.6533388071438695,101.51929189617022,0,0,0,0,0,0,0,0,0,180,forward,0,0,0,1.6533388071438695,101.51936379132371,0,0
10:24:44,1.6533388071438695,101.51929189617022,0,0,0,0,0,0,0,0,0,180,forward,0,0,0,1.6533388071438695,101.51936379132371,0,0
10:24:47,1.6533388071438695,101.51929189617022,0,0,0,0,0,0,0,0,0,180,forward,0,0,0,1.6533388071438695,101.51936379132371,0,0
10:24:49,1.6533388071438695,101.51929189617022,0,0,0,0,0,0,0,0,0,180,forward,0,0,0,1.6533388071438695,101.51936379132371,0,0
10:24:51,1.6533388071438695,101.51929189617022,0,0,0,0,0,0,0,0,0,180,forward,0,0,0,1.6533388071438695,101.51936379132371,0,0
10:24:53,1.6533388071438695,101.51929189617022,0,0,0,0,0,0,0,0,0,180,forward,0,0,0,1.6533388071438695,101.51936379132371,0,0
10:24:55,1.6533388071438695,101.51929189617022,0,0,0,0,0,0,0,0,0,180,forward,0,0,0,1.6533388071438695,101.51936379132371,0,0
10:24:57,1.6533388071438695,101.51929189617022,0,0,0,0,0,0,0,0,0,180,forward,0,0,0,1.6533388071438695,101.51936379132371,0,0
10:24:59,1.6533388071438695,101.51929189617022,0,0,0,0,0,0,0,0,0,180,forward,0,0,0,1.6533388071438695,101.51936379132371,0,0
10:25:01,1.6533388071438695,101.51929189617022,0,0,0,0,0,0,0,0,0,180,forward,0,0,0,1.6533388071438695,101.51936379132371,0,0
10:25:03,1.6533388071438695,101.51929189617022,0,0,0,0,0,0,0,0,0,180,forward,0,0,0,1.6533388071438695,101.51936379132371,0,0
10:25:06,1.6533388071438695,101.51929189617022,0,0,0,0,0,0,0,0,0,180,forward,0,0,0,1.6533388071438695,101.51936379132371,0,0
10:25:08,1.6533388071438695,101.51929189617022,0,0,0,0,0,0,0,0,0,180,forward,0,0,0,1.6533388071438695,101.51936379132371,0,0
10:25:10,1.6533388071438695,101.51929189617022,0,0,0,0,0,0,0,0,0,180,forward,0,0,0,1.6533388071438695,101.51936379132371,0,0
10:25:12,1.6533388071438695,101.51929189617022,0,0,0,0,0,0,0,0,0,180,forward,0,0,0,1.6533388071438695,101.51936379132371,0,0
10:25:14,1.6533388071438695,101.51929189617022,0,0,0,0,0,0,0,0,0,180,forward,0,0,0,1.6533388071438695,101.51936379132371,0,0
10:25:17,1.6533388071438695,101.51929189617022,0,0,0,0,0,0,0,0,0,180,forward,0,0,0,1.6533388071438695,101.51936379132371,0,0
10:25:19,1.6533388071438695,101.51929189617022,0,0,0,0,0,0,0,0,0,180,forward,0,0,0,1.6533388071438695,101.51936379132371,0,0
10:25:21,1.6533388071438695,101.51929189617022,0,0,0,0,0,0,0,0,0,180,forward,0,0,0,1.6533388071438695,101.51936379132371,0,0
10:25:23,1.6533388071438695,101.51929189617022,0,0,0,0,0,0,0,0,0,180,forward,0,0,0,1.6533388071438695,101.51936379132371,0,0
10:25:25,1.6533388071438695,101.51929189617022,0,0,0,0,0,0,0,0,0,180,forward,0,0,0,1.6533388071438695,101.51936379132371,0,0
10:25:27,1.6533388071438695,101.51929189617022,0,0,0,0,0,0,0,0,0,180,forward,0,0,0,1.6533388071438695,101.51936379132371,0,0
10:25:29,1.6533388071438695,101.51929189617022,0,0,0,0,0,0,0,0,0,180,forward,0,0,0,1.6533388071438695,101.51936379132371,0,0
10:25:32,1.6533388071438695,101.51929189617022,0,0,0,0,0,0,0,0,0,180,forward,0,0,0,1.6533388071438695,101.51936379132371,0,0
10:25:34,1.6533388071438695,101.51929189617022,0,0,0,0,0,0,0,0,0,180,forward,0,0,0,1.6533388071438695,101.51936379132371,0,0
10:25:36,1.6533388071438695,101.51929189617022,0,0,0,0,0,0,0,0,0,180,forward,0,0,0,1.6533388071438695,101.51936379132371,0,0
10:25:38,1.6533388071438695,101.51929189617022,0,0,0,0,0,0,0,0,0,180,forward,0,0,0,1.6533388071438695,101.51936379132371,0,0
10:25:40,1.6533388071438695,101.51929189617022,0,0,0,0,0,0,0,0,0,180,forward,0,0,0,1.6533388071438695,101.51936379132371,0,0
10:25:42,1.6533388071438695,101.51929189617022,0,0,0,0,0,0,0,0,0,180,forward,0,0,0,1.6533388071438695,101.51936379132371,0,0
10:25:45,1.6533388071438695,101.51929189617022,0,0,0,0,0,0,0,0,0,180,forward,0,0,0,1.6533388071438695,101.51936379132371,0,0
10:25:47,1.6533388071438695,101.51929189617022,0,0,0,0,0,0,0,0,0,180,forward,0,0,0,1.6533388071438695,101.51936379132371,0,0
10:25:49,1.6533388071438695,101.51929189617022,0,0,0,0,0,0,0,0,0,180,forward,0,0,0,1.6533388071438695,101.51936379132371,0,0
10:25:51,1.6533388071438695,101.51929189617022,0,0,0,0,0,0,0,0,0,180,forward,0,0,0,1.6533388071438695,101.51936379132371,0,0
10:25:53,1.6533388071438695,101.51929189617022,0,0,0,0,0,0,0,0,0,180,forward,0,0,0,1.6533388071438695,101.51936379132371,0,0
10:25:55,1.6533388071438695,101.51929189617022,0,0,0,0,0,0,0,0,0,180,forward,0,0,0,1.6533388071438695,101.51936379132371,0,0
10:25:57,1.6533388071438695,101.51929189617022,0,0,0,0,0,0,0,0,0,180,forward,0,0,0,1.6533388071438695,101.51936379132371,0,0
10:26:00,1.6533388071438695,101.51929189617022,0,0,0,0,0,0,0,0,0,180,forward,0,0,0,1.6533388071438695,101.51936379132371,0,0
10:26:02,1.6533388071438695,101.51929189617022,0,0,0,0,0,0,0,0,0,180,forward,0,0,0,1.6533388071438695,101.51936379132371,0,0
10:26:04,1.6533388071438695,101.51929189617022,0,0,0,0,0,0,0,0,0,180,forward,0,0,0,1.6533388071438695,101.51936379132371,0,0
10:26:06,1.6533388071438695,101.51929189617022,0,0,0,0,0,0,0,0,0,180,forward,0,0,0,1.6533388071438695,101.51936379132371,0,0
10:26:08,1.6533388071438695,101.51929189617022,0,0,0,0,0,0,0,0,0,180,forward,0,0,0,1.6533388071438695,101.51936379132371,0,0
10:26:10,1.6533388071438695,101.51929189617022,0,0,0,0,0,0,0,0,0,180,forward,0,0,0,1.6533388071438695,101.51936379132371,0,0
10:26:12,1.6533388071438695,101.51929189617022,0,0,0,0,0,0,0,0,0,180,forward,0,0,0,1.6533388071438695,101.51936379132371,0,0
10:26:14,1.6533388071438695,101.51929189617022,0,0,0,0,0,0,0,0,0,180,forward,0,0,0,1.6533388071438695,101.51936379132371,0,0
10:26:17,1.6533388071438695,101.51929189617022,0,0,0,0,0,0,0,0,0,180,forward,0,0,0,1.6533388071438695,101.51936379132371,0,0
10:26:19,1.6533388071438695,101.51929189617022,0,0,0,0,0,0,0,0,0,180,forward,0,0,0,1.6533388071438695,101.51936379132371,0,0
10:26:21,1.6533388071438695,101.51929189617022,0,0,0,0,0,0,0,0,0,180,forward,0,0,0,1.6533388071438695,101.51936379132371,0,0
10:26:23,1.6533388071438695,101.51929189617022,0,0,0,0,0,0,0,0,0,180,forward,0,0,0,1.6533388071438695,101.51936379132371,0,0
10:26:25,1.6533388071438695,101.51929189617022,0,0,0,0,0,0,0,0,0,180,forward,0,0,0,1.6533388071438695,101.51936379132371,0,0
10:26:27,1.6533388071438695,101.51929189617022,0,0,0,0,0,0,0,0,0,180,forward,0,0,0,1.6533388071438695,101.51936379132371,0,0
10:26:29,1.6533388071438695,101.51929189617022,0,0,0,0,0,0,0,0,0,180,forward,0,0,0,1.6533388071438695,101.51936379132371,0,0
10:26:31,1.6533388071438695,101.51929189617022,0,0,0,0,0,0,0,0,0,180,forward,0,0,0,1.6533388071438695,101.51936379132371,0,0
10:26:34,1.6533388071438695,101.51929189617022,0,0,0,0,0,0,0,0,0,180,forward,0,0,0,1.6533388071438695,101.51936379132371,0,0
10:26:36,1.6533388071438695,101.51929189617022,0,0,0,0,0,0,0,0,0,180,forward,0,0,0,1.6533388071438695,101.51936379132371,0,0
10:26:38,1.6533388071438695,101.51929189617022,0,0,0,0,0,0,0,0,0,180,forward,0,0,0,1.6533388071438695,101.51936379132371,0,0
10:26:40,1.6533388071438695,101.51929189617022,0,0,0,0,0,0,0,0,0,180,forward,0,0,0,1.6533388071438695,101.51936379132371,0,0
10:26:42,1.6533388071438695,101.51929189617022,0,0,0,0,0,0,0,0,0,180,forward,0,0,0,1.6533388071438695,101.51936379132371,0,0
10:26:44,1.6533388071438695,101.51929189617022,0,0,0,0,0,0,0,0,0,180,forward,0,0,0,1.6533388071438695,101.51936379132371,0,0
10:26:47,1.6533388071438695,101.51929189617022,0,0,0,0,0,0,0,0,0,180,forward,0,0,0,1.6533388071438695,101.51936379132371,0,0
10:26:49,1.6533388071438695,101.51929189617022,0,0,0,0,0,0,0,0,0,180,forward,0,0,0,1.6533388071438695,101.51936379132371,0,0
10:26:51,1.6533388071438695,101.51929189617022,0,0,0,0,0,0,0,0,0,180,forward,0,0,0,1.6533388071438695,101.51936379132371,0,0
10:26:53,1.6533388071438695,101.51929189617022,0,0,0,0,0,0,0,0,0,180,forward,0,0,0,1.6533388071438695,101.51936379132371,0,0
10:26:55,1.6533388071438695,101.51929189617022,0,0,0,0,0,0,0,0,0,180,forward,0,0,0,1.6533388071438695,101.51936379132371,0,0
10:26:58,1.6533388071438695,101.51929189617022,0,0,0,0,0,0,0,0,0,180,forward,0,0,0,1.6533388071438695,101.51936379132371,0,0
10:27:00,1.6533388071438695,101.51929189617022,0,0,0,0,0,0,0,0,0,180,forward,0,0,0,1.6533388071438695,101.51936379132371,0,0
10:27:02,1.6533388071438695,101.51929189617022,0,0,0,0,0,0,0,0,0,180,forward,0,0,0,1.6533388071438695,101.51936379132371,0,0
10:27:04,1.6533388071438695,101.51929189617022,0,0,0,0,0,0,0,0,0,180,forward,0,0,0,1.6533388071438695,101.51936379132371,0,0
10:27:06,1.6533388071438695,101.51929189617022,0,0,0,0,0,0,0,0,0,180,forward,0,0,0,1.6533388071438695,101.51936379132371,0,0
10:27:09,1.6533388071438695,101.51929189617022,0,0,0,0,0,0,0,0,0,180,forward,0,0,0,1.6533388071438695,101.51936379132371,0,0
10:27:11,1.6533388071438695,101.51929189617022,0,0,0,0,0,0,0,0,0,180,forward,0,0,0,1.6533388071438695,101.51936379132371,0,0
10:27:13,1.6533388071438695,101.51929189617022,0,0,0,0,0,0,0,0,0,180,forward,0,0,0,1.6533388071438695,101.51936379132371,0,0
10:27:15,1.6533388071438695,101.51929189617022,0,0,0,0,0,0,0,0,0,180,forward,0,0,0,1.6533388071438695,101.51936379132371,0,0
10:27:17,1.6533388071438695,101.51929189617022,0,0,0,0,0,0,0,0,0,180,forward,0,0,0,1.6533388071438695,101.51936379132371,0,0
10:27:20,1.6533388071438695,101.51929189617022,0,0,0,0,0,0,0,0,0,180,forward,0,0,0,1.6533388071438695,101.51936379132371,0,0
10:27:22,1.6533388071438695,101.51929189617022,0,0,0,0,0,0,0,0,0,180,forward,0,0,0,1.6533388071438695,101.51936379132371,0,0
10:27:24,1.6533388071438695,101.51929189617022,0,0,0,0,0,0,0,0,0,180,forward,0,0,0,1.6533388071438695,101.51936379132371,0,0
10:27:26,1.6533388071438695,101.51929189617022,0,0,0,0,0,0,0,0,0,180,forward,0,0,0,1.6533388071438695,101.51936379132371,0,0
10:27:28,1.6533388071438695,101.51929189617022,0,0,0,0,0,0,0,0,0,180,forward,0,0,0,1.6533388071438695,101.51936379132371,0,0
10:27:31,1.6533388071438695,101.51929189617022,0,0,0,0,0,0,0,0,0,180,forward,0,0,0,1.6533388071438695,101.51936379132371,0,0
10:27:33,1.6533388071438695,101.51929189617022,0,0,0,0,0,0,0,0,0,180,forward,0,0,0,1.6533388071438695,101.51936379132371,0,0
10:27:35,1.6533388071438695,101.51929189617022,0,0,0,0,0,0,0,0,0,180,forward,0,0,0,1.6533388071438695,101.51936379132371,0,0
10:27:37,1.6533388071438695,101.51929189617022,0,0,0,0,0,0,0,0,0,180,forward,0,0,0,1.6533388071438695,101.51936379132371,0,0
10:27:39,1.6533388071438695,101.51929189617022,0,0,0,0,0,0,0,0,0,180,forward,0,0,0,1.6533388071438695,101.51936379132371,0,0
10:27:42,1.6533388071438695,101.51929189617022,0,0,0,0,0,0,0,0,0,180,forward,0,0,0,1.6533388071438695,101.51936379132371,0,0
10:27:44,1.6533388071438695,101.51929189617022,0,0,0,0,0,0,0,0,0,180,forward,0,0,0,1.6533388071438695,101.51936379132371,0,0
10:27:46,1.6533388071438695,101.51929189617022,0,0,0,0,0,0,0,0,0,180,forward,0,0,0,1.6533388071438695,101.51936379132371,0,0
10:27:48,1.6533388071438695,101.51929189617022,0,0,0,0,0,0,0,0,0,180,forward,0,0,0,1.6533388071438695,101.51936379132371,0,0
10:27:50,1.6533388071438695,101.51929189617022,0,0,0,0,0,0,0,0,0,180,forward,0,0,0,1.6533388071438695,101.51936379132371,0,0
10:27:53,1.6533388071438695,101.51929189617022,0,0,0,0,0,0,0,0,0,180,forward,0,0,0,1.6533388071438695,101.51936379132371,0,0
10:27:55,1.6533388071438695,101.51929189617022,0,0,0,0,0,0,0,0,0,180,forward,0,0,0,1.6533388071438695,101.51936379132371,0,0
10:27:57,1.6533388071438695,101.51929189617022,0,0,0,0,0,0,0,0,0,180,forward,0,0,0,1.6533388071438695,101.51936379132371,0,0
10:27:59,1.6533388071438695,101.51929189617022,0,0,0,0,0,0,0,0,0,180,forward,0,0,0,1.6533388071438695,101.51936379132371,0,0
10:28:01,1.6533388071438695,101.51929189617022,0,0,0,0,0,0,0,0,0,180,forward,0,0,0,1.6533388071438695,101.51936379132371,0,0
10:28:04,1.6533388071438695,101.51929189617022,0,0,0,0,0,0,0,0,0,180,forward,0,0,0,1.6533388071438695,101.51936379132371,0,0
10:28:06,1.6533388071438695,101.51929189617022,0,0,0,0,0,0,0,0,0,180,forward,0,0,0,1.6533388071438695,101.51936379132371,0,0
10:28:18,1.6533388071438695,101.51929189617022,0,0,0,0,0,0,0,0,0,180,forward,0,0,0,1.6533388071438695,101.51936379132371,0,0
10:28:20,1.6533388071438695,101.51929189617022,0,0,0,0,0,0,0,0,0,180,forward,0,0,0,1.6533388071438695,101.51936379132371,0,0
10:28:23,1.6533388071438695,101.51929189617022,0,0,0,0,0,0,0,0,0,180,forward,0,0,0,1.6533388071438695,101.51936379132371,0,0
10:28:25,1.6533388071438695,101.51929189617022,0,0,0,0,0,0,0,0,0,180,forward,0,0,0,1.6533388071438695,101.51936379132371,0,0
10:28:27,1.6533388071438695,101.51929189617022,0,0,0,0,0,0,0,0,0,180,forward,0,0,0,1.6533388071438695,101.51936379132371,0,0
10:28:29,1.6533388071438695,101.51929189617022,0,0,0,0,0,0,0,0,0,180,forward,0,0,0,1.6533388071438695,101.51936379132371,0,0
10:28:31,1.6533388071438695,101.51929189617022,0,0,0,0,0,0,0,0,0,180,forward,0,0,0,1.6533388071438695,101.51936379132371,0,0
10:28:33,1.6533388071438695,101.51929189617022,0,0,0,0,0,0,0,0,0,180,forward,0,0,0,1.6533388071438695,101.51936379132371,0,0
10:28:36,1.6533388071438695,101.51929189617022,0,0,0,0,0,0,0,0,0,180,forward,0,0,0,1.6533388071438695,101.51936379132371,0,0
10:28:38,1.6533388071438695,101.51929189617022,0,0,0,0,0,0,0,0,0,180,forward,0,0,0,1.6533388071438695,101.51936379132371,0,0
10:28:40,1.6533388071438695,101.51929189617022,0,0,0,0,0,0,0,0,0,180,forward,0,0,0,1.6533388071438695,101.51936379132371,0,0
10:28:42,1.6533388071438695,101.51929189617022,0,0,0,0,0,0,0,0,0,180,forward,0,0,0,1.6533388071438695,101.51936379132371,0,0
10:28:44,1.6533388071438695,101.51929189617022,0,0,0,0,0,0,0,0,0,180,forward,0,0,0,1.6533388071438695,101.51936379132371,0,0
10:28:47,1.6533388071438695,101.51929189617022,0,0,0,0,0,0,0,0,0,180,forward,0,0,0,1.6533388071438695,101.51936379132371,0,0
10:28:49,1.6533388071438695,101.51929189617022,0,0,0,0,0,0,0,0,0,180,forward,0,0,0,1.6533388071438695,101.51936379132371,0,0
10:28:51,1.6533388071438695,101.51929189617022,0,0,0,0,0,0,0,0,0,180,forward,0,0,0,1.6533388071438695,101.51936379132371,0,0
10:28:53,1.6533388071438695,101.51929189617022,0,0,0,0,0,0,0,0,0,180,forward,0,0,0,1.6533388071438695,101.51936379132371,0,0
10:28:55,1.6533388071438695,101.51929189617022,0,0,0,0,0,0,0,0,0,180,forward,0,0,0,1.6533388071438695,101.51936379132371,0,0
10:28:58,1.6533388071438695,101.51929189617022,0,0,0,0,0,0,0,0,0,180,forward,0,0,0,1.6533388071438695,101.51936379132371,0,0
10:29:00,1.6533388071438695,101.51929189617022,0,0,0,0,0,0,0,0,0,180,forward,0,0,0,1.6533388071438695,101.51936379132371,0,0
10:29:02,1.6533388071438695,101.51929189617022,0,0,0,0,0,0,0,0,0,180,forward,0,0,0,1.6533388071438695,101.51936379132371,0,0
10:29:04,1.6533388071438695,101.51929189617022,0,0,0,0,0,0,0,0,0,180,forward,0,0,0,1.6533388071438695,101.51936379132371,0,0
10:29:06,1.6533388071438695,101.51929189617022,0,0,0,0,0,0,0,0,0,180,forward,0,0,0,1.6533388071438695,101.51936379132371,0,0
10:29:09,1.6533388071438695,101.51929189617022,0,0,0,0,0,0,0,0,0,180,forward,0,0,0,1.6533388071438695,101.51936379132371,0,0
10:29:11,1.6533388071438695,101.51929189617022,0,0,0,0,0,0,0,0,0,180,forward,0,0,0,1.6533388071438695,101.51936379132371,0,0
10:29:13,1.6533388071438695,101.51929189617022,0,0,0,0,0,0,0,0,0,180,forward,0,0,0,1.6533388071438695,101.51936379132371,0,0
10:29:15,1.6533388071438695,101.51929189617022,0,0,0,0,0,0,0,0,0,180,forward,0,0,0,1.6533388071438695,101.51936379132371,0,0
10:29:17,1.6533388071438695,101.51929189617022,0,0,0,0,0,0,0,0,0,180,forward,0,0,0,1.6533388071438695,101.51936379132371,0,0
10:29:20,1.6533388071438695,101.51929189617022,0,0,0,0,0,0,0,0,0,180,forward,0,0,0,1.6533388071438695,101.51936379132371,0,0
10:29:22,1.6533388071438695,101.51929189617022,0,0,0,0,0,0,0,0,0,180,forward,0,0,0,1.6533388071438695,101.51936379132371,0,0
10:29:24,1.6533388071438695,101.51929189617022,0,0,0,0,0,0,0,0,0,180,forward,0,0,0,1.6533388071438695,101.51936379132371,0,0
10:29:26,1.6533388071438695,101.51929189617022,0,0,0,0,0,0,0,0,0,180,forward,0,0,0,1.6533388071438695,101.51936379132371,0,0
10:29:28,1.6533388071438695,101.51929189617022,0,0,0,0,0,0,0,0,0,180,forward,0,0,0,1.6533388071438695,101.51936379132371,0,0
10:29:31,1.6533388071438695,101.51929189617022,0,0,0,0,0,0,0,0,0,180,forward,0,0,0,1.6533388071438695,101.51936379132371,0,0
10:29:33,1.6533388071438695,101.51929189617022,0,0,0,0,0,0,0,0,0,180,forward,0,0,0,1.6533388071438695,101.51936379132371,0,0
10:29:35,1.6533388071438695,101.51929189617022,0,0,0,0,0,0,0,0,0,180,forward,0,0,0,1.6533388071438695,101.51936379132371,0,0
10:29:37,1.6533388071438695,101.51929189617022,0,0,0,0,0,0,0,0,0,180,forward,0,0,0,1.6533388071438695,101.51936379132371,0,0
10:29:39,1.6533388071438695,101.51929189617022,0,0,0,0,0,0,0,0,0,180,forward,0,0,0,1.6533388071438695,101.51936379132371,0,0
10:29:42,1.6533388071438695,101.51929189617022,0,0,0,0,0,0,0,0,0,180,forward,0,0,0,1.6533388071438695,101.51936379132371,0,0
10:29:44,1.6533388071438695,101.51929189617022,0,0,0,0,0,0,0,0,0,180,forward,0,0,0,1.6533388071438695,101.51936379132371,0,0
10:29:46,1.6533388071438695,101.51929189617022,0,0,0,0,0,0,0,0,0,180,forward,0,0,0,1.6533388071438695,101.51936379132371,0,0
10:29:48,1.6533388071438695,101.51929189617022,0,0,0,0,0,0,0,0,0,180,forward,0,0,0,1.6533388071438695,101.51936379132371,0,0
10:29:50,1.6533388071438695,101.51929189617022,0,0,0,0,0,0,0,0,0,180,forward,0,0,0,1.6533388071438695,101.51936379132371,0,0
10:29:53,1.6533388071438695,101.51929189617022,0,0,0,0,0,0,0,0,0,180,forward,0,0,0,1.6533388071438695,101.51936379132371,0,0
10:29:55,1.6533388071438695,101.51929189617022,0,0,0,0,0,0,0,0,0,180,forward,0,0,0,1.6533388071438695,101.51936379132371,0,0
10:29:57,1.6533388071438695,101.51929189617022,0,0,0,0,0,0,0,0,0,180,forward,0,0,0,1.6533388071438695,101.51936379132371,0,0
10:29:59,1.6533388071438695,101.51929189617022,0,0,0,0,0,0,0,0,0,180,forward,0,0,0,1.6533388071438695,101.51936379132371,0,0
10:30:01,1.6533388071438695,101.51929189617022,0,0,0,0,0,0,0,0,0,180,forward,0,0,0,1.6533388071438695,101.51936379132371,0,0
10:30:04,1.6533388071438695,101.51929189617022,0,0,0,0,0,0,0,0,0,180,forward,0,0,0,1.6533388071438695,101.51936379132371,0,0
10:30:06,1.6533388071438695,101.51929189617022,0,0,0,0,0,0,0,0,0,180,forward,0,0,0,1.6533388071438695,101.51936379132371,0,0
10:30:08,1.6533388071438695,101.51929189617022,0,0,0,0,0,0,0,0,0,180,forward,0,0,0,1.6533388071438695,101.51936379132371,0,0
10:30:10,1.6533388071438695,101.51929189617022,0,0,0,0,0,0,0,0,0,180,forward,0,0,0,1.6533388071438695,101.51936379132371,0,0
10:30:12,1.6533388071438695,101.51929189617022,0,0,0,0,0,0,0,0,0,180,forward,0,0,0,1.6533388071438695,101.51936379132371,0,0
10:30:15,1.6533388071438695,101.51929189617022,0,0,0,0,0,0,0,0,0,180,forward,0,0,0,1.6533388071438695,101.51936379132371,0,0
10:30:17,1.6533388071438695,101.51929189617022,0,0,0,0,0,0,0,0,0,180,forward,0,0,0,1.6533388071438695,101.51936379132371,0,0
10:30:19,1.6533388071438695,101.51929189617022,0,0,0,0,0,0,0,0,0,180,forward,0,0,0,1.6533388071438695,101.51936379132371,0,0
10:30:21,1.6533388071438695,101.51929189617022,0,0,0,0,0,0,0,0,0,180,forward,0,0,0,1.6533388071438695,101.51936379132371,0,0
10:30:23,1.6533388071438695,101.51929189617022,0,0,0,0,0,0,0,0,0,180,forward,0,0,0,1.6533388071438695,101.51936379132371,0,0
10:30:26,1.6533388071438695,101.51929189617022,0,0,0,0,0,0,0,0,0,180,forward,0,0,0,1.6533388071438695,101.51936379132371,0,0
10:30:28,1.6533388071438695,101.51929189617022,0,0,0,0,0,0,0,0,0,180,forward,0,0,0,1.6533388071438695,101.51936379132371,0,0
10:30:30,1.6533388071438695,101.51929189617022,0,0,0,0,0,0,0,0,0,180,forward,0,0,0,1.6533388071438695,101.51936379132371,0,0
10:30:32,1.6533388071438695,101.51929189617022,0,0,0,0,0,0,0,0,0,180,forward,0,0,0,1.6533388071438695,101.51936379132371,0,0
10:30:34,1.6533388071438695,101.51929189617022,0,0,0,0,0,0,0,0,0,180,forward,0,0,0,1.6533388071438695,101.51936379132371,0,0
10:30:37,1.6533388071438695,101.51929189617022,0,0,0,0,0,0,0,0,0,180,forward,0,0,0,1.6533388071438695,101.51936379132371,0,0
10:30:39,1.6533388071438695,101.51929189617022,0,0,0,0,0,0,0,0,0,180,forward,0,0,0,1.6533388071438695,101.51936379132371,0,0
10:30:41,1.6533388071438695,101.51929189617022,0,0,0,0,0,0,0,0,0,180,forward,0,0,0,1.6533388071438695,101.51936379132371,0,0
10:30:43,1.6533388071438695,101.51929189617022,0,0,0,0,0,0,0,0,0,180,forward,0,0,0,1.6533388071438695,101.51936379132371,0,0
10:30:45,1.6533388071438695,101.51929189617022,0,0,0,0,0,0,0,0,0,180,forward,0,0,0,1.6533388071438695,101.51936379132371,0,0
10:30:48,1.6533388071438695,101.51929189617022,0,0,0,0,0,0,0,0,0,180,forward,0,0,0,1.6533388071438695,101.51936379132371,0,0
10:30:50,1.6533388071438695,101.51929189617022,0,0,0,0,0,0,0,0,0,180,forward,0,0,0,1.6533388071438695,101.51936379132371,0,0
10:30:52,1.6533388071438695,101.51929189617022,0,0,0,0,0,0,0,0,0,180,forward,0,0,0,1.6533388071438695,101.51936379132371,0,0
10:30:54,1.6533388071438695,101.51929189617022,0,0,0,0,0,0,0,0,0,180,forward,0,0,0,1.6533388071438695,101.51936379132371,0,0
10:30:56,1.6533388071438695,101.51929189617022,0,0,0,0,0,0,0,0,0,180,forward,0,0,0,1.6533388071438695,101.51936379132371,0,0
10:30:59,1.6533388071438695,101.51929189617022,0,0,0,0,0,0,0,0,0,180,forward,0,0,0,1.6533388071438695,101.51936379132371,0,0
10:31:01,1.6533388071438695,101.51929189617022,0,0,0,0,0,0,0,0,0,180,forward,0,0,0,1.6533388071438695,101.51936379132371,0,0
10:31:03,1.6533388071438695,101.51929189617022,0,0,0,0,0,0,0,0,0,180,forward,0,0,0,1.6533388071438695,101.51936379132371,0,0
10:31:05,1.6533388071438695,101.51929189617022,0,0,0,0,0,0,0,0,0,180,forward,0,0,0,1.6533388071438695,101.51936379132371,0,0
10:31:07,1.6533388071438695,101.51929189617022,0,0,0,0,0,0,0,0,0,180,forward,0,0,0,1.6533388071438695,101.51936379132371,0,0
10:31:09,1.6533388071438695,101.51929189617022,0,0,0,0,0,0,0,0,0,180,forward,0,0,0,1.6533388071438695,101.51936379132371,0,0
10:31:12,1.6533388071438695,101.51929189617022,0,0,0,0,0,0,0,0,0,180,forward,0,0,0,1.6533388071438695,101.51936379132371,0,0
10:31:14,1.6533388071438695,101.51929189617022,0,0,0,0,0,0,0,0,0,180,forward,0,0,0,1.6533388071438695,101.51936379132371,0,0
10:31:16,1.6533388071438695,101.51929189617022,0,0,0,0,0,0,0,0,0,180,forward,0,0,0,1.6533388071438695,101.51936379132371,0,0
10:31:18,1.6533388071438695,101.51929189617022,0,0,0,0,0,0,0,0,0,180,forward,0,0,0,1.6533388071438695,101.51936379132371,0,0
10:31:20,1.6533388071438695,101.51929189617022,0,0,0,0,0,0,0,0,0,180,forward,0,0,0,1.6533388071438695,101.51936379132371,0,0
10:31:23,1.6533388071438695,101.51929189617022,0,0,0,0,0,0,0,0,0,180,forward,0,0,0,1.6533388071438695,101.51936379132371,0,0
10:31:25,1.6533388071438695,101.51929189617022,0,0,0,0,0,0,0,0,0,180,forward,0,0,0,1.6533388071438695,101.51936379132371,0,0
10:31:27,1.6533388071438695,101.51929189617022,0,0,0,0,0,0,0,0,0,180,forward,0,0,0,1.6533388071438695,101.51936379132371,0,0
10:31:29,1.6533388071438695,101.51929189617022,0,0,0,0,0,0,0,0,0,180,forward,0,0,0,1.6533388071438695,101.51936379132371,0,0
10:31:31,1.6533388071438695,101.51929189617022,0,0,0,0,0,0,0,0,0,180,forward,0,0,0,1.6533388071438695,101.51936379132371,0,0
10:31:34,1.6533388071438695,101.51929189617022,0,0,0,0,0,0,0,0,0,180,forward,0,0,0,1.6533388071438695,101.51936379132371,0,0
10:31:36,1.6533388071438695,101.51929189617022,0,0,0,0,0,0,0,0,0,180,forward,0,0,0,1.6533388071438695,101.51936379132371,0,0
10:31:38,1.6533388071438695,101.51929189617022,0,0,0,0,0,0,0,0,0,180,forward,0,0,0,1.6533388071438695,101.51936379132371,0,0
10:31:40,1.6533388071438695,101.51929189617022,0,0,0,0,0,0,0,0,0,180,forward,0,0,0,1.6533388071438695,101.51936379132371,0,0
10:31:42,1.6533388071438695,101.51929189617022,0,0,0,0,0,0,0,0,0,180,forward,0,0,0,1.6533388071438695,101.51936379132371,0,0
10:31:45,1.6533388071438695,101.51929189617022,0,0,0,0,0,0,0,0,0,180,forward,0,0,0,1.6533388071438695,101.51936379132371,0,0
10:31:47,1.6533388071438695,101.51929189617022,0,0,0,0,0,0,0,0,0,180,forward,0,0,0,1.6533388071438695,101.51936379132371,0,0
10:31:49,1.6533388071438695,101.51929189617022,0,0,0,0,0,0,0,0,0,180,forward,0,0,0,1.6533388071438695,101.51936379132371,0,0
10:31:51,1.6533388071438695,101.51929189617022,0,0,0,0,0,0,0,0,0,180,forward,0,0,0,1.6533388071438695,101.51936379132371,0,0
10:31:53,1.6533388071438695,101.51929189617022,0,0,0,0,0,0,0,0,0,180,forward,0,0,0,1.6533388071438695,101.51936379132371,0,0
10:31:56,1.6533388071438695,101.51929189617022,0,0,0,0,0,0,0,0,0,180,forward,0,0,0,1.6533388071438695,101.51936379132371,0,0
10:31:58,1.6533388071438695,101.51929189617022,0,0,0,0,0,0,0,0,0,180,forward,0,0,0,1.6533388071438695,101.51936379132371,0,0
10:32:00,1.6533388071438695,101.51929189617022,0,0,0,0,0,0,0,0,0,180,forward,0,0,0,1.6533388071438695,101.51936379132371,0,0
10:32:02,1.6533388071438695,101.51929189617022,0,0,0,0,0,0,0,0,0,180,forward,0,0,0,1.6533388071438695,101.51936379132371,0,0
10:32:04,1.6533388071438695,101.51929189617022,0,0,0,0,0,0,0,0,0,180,forward,0,0,0,1.6533388071438695,101.51936379132371,0,0
10:32:07,1.6533388071438695,101.51929189617022,0,0,0,0,0,0,0,0,0,180,forward,0,0,0,1.6533388071438695,101.51936379132371,0,0
10:32:09,1.6533388071438695,101.51929189617022,0,0,0,0,0,0,0,0,0,180,forward,0,0,0,1.6533388071438695,101.51936379132371,0,0
10:32:11,1.6533388071438695,101.51929189617022,0,0,0,0,0,0,0,0,0,180,forward,0,0,0,1.6533388071438695,101.51936379132371,0,0
10:32:13,1.6533388071438695,101.51929189617022,0,0,0,0,0,0,0,0,0,180,forward,0,0,0,1.6533388071438695,101.51936379132371,0,0
10:32:15,1.6533388071438695,101.51929189617022,0,0,0,0,0,0,0,0,0,180,forward,0,0,0,1.6533388071438695,101.51936379132371,0,0
10:32:18,1.6533388071438695,101.51929189617022,0,0,0,0,0,0,0,0,0,180,forward,0,0,0,1.6533388071438695,101.51936379132371,0,0
10:32:20,1.6533388071438695,101.51929189617022,0,0,0,0,0,0,0,0,0,180,forward,0,0,0,1.6533388071438695,101.51936379132371,0,0
10:32:22,1.6533388071438695,101.51929189617022,0,0,0,0,0,0,0,0,0,180,forward,0,0,0,1.6533388071438695,101.51936379132371,0,0
10:32:24,1.6533388071438695,101.51929189617022,0,0,0,0,0,0,0,0,0,180,forward,0,0,0,1.6533388071438695,101.51936379132371,0,0
10:32:26,1.6533388071438695,101.51929189617022,0,0,0,0,0,0,0,0,0,180,forward,0,0,0,1.6533388071438695,101.51936379132371,0,0
10:32:29,1.6533388071438695,101.51929189617022,0,0,0,0,0,0,0,0,0,180,forward,0,0,0,1.6533388071438695,101.51936379132371,0,0
10:32:31,1.6533388071438695,101.51929189617022,0,0,0,0,0,0,0,0,0,180,forward,0,0,0,1.6533388071438695,101.51936379132371,0,0
10:32:33,1.6533388071438695,101.51929189617022,0,0,0,0,0,0,0,0,0,180,forward,0,0,0,1.6533388071438695,101.51936379132371,0,0
10:32:35,1.6533388071438695,101.51929189617022,0,0,0,0,0,0,0,0,0,180,forward,0,0,0,1.6533388071438695,101.51936379132371,0,0
10:32:37,1.6533388071438695,101.51929189617022,0,0,0,0,0,0,0,0,0,180,forward,0,0,0,1.6533388071438695,101.51936379132371,0,0
10:32:40,1.6533388071438695,101.51929189617022,0,0,0,0,0,0,0,0,0,180,forward,0,0,0,1.6533388071438695,101.51936379132371,0,0
10:32:42,1.6533388071438695,101.51929189617022,0,0,0,0,0,0,0,0,0,180,forward,0,0,0,1.6533388071438695,101.51936379132371,0,0
10:32:44,1.6533388071438695,101.51929189617022,0,0,0,0,0,0,0,0,0,180,forward,0,0,0,1.6533388071438695,101.51936379132371,0,0
10:32:46,1.6533388071438695,101.51929189617022,0,0,0,0,0,0,0,0,0,180,forward,0,0,0,1.6533388071438695,101.51936379132371,0,0
10:32:48,1.6533388071438695,101.51929189617022,0,0,0,0,0,0,0,0,0,180,forward,0,0,0,1.6533388071438695,101.51936379132371,0,0
10:32:51,1.6533388071438695,101.51929189617022,0,0,0,0,0,0,0,0,0,180,forward,0,0,0,1.6533388071438695,101.51936379132371,0,0
10:32:53,1.6533388071438695,101.51929189617022,0,0,0,0,0,0,0,0,0,180,forward,0,0,0,1.6533388071438695,101.51936379132371,0,0
10:32:55,1.6533388071438695,101.51929189617022,0,0,0,0,0,0,0,0,0,180,forward,0,0,0,1.6533388071438695,101.51936379132371,0,0
10:32:57,1.6533388071438695,101.51929189617022,0,0,0,0,0,0,0,0,0,180,forward,0,0,0,1.6533388071438695,101.51936379132371,0,0
10:32:59,1.6533388071438695,101.51929189617022,0,0,0,0,0,0,0,0,0,180,forward,0,0,0,1.6533388071438695,101.51936379132371,0,0
10:33:02,1.6533388071438695,101.51929189617022,0,0,0,0,0,0,0,0,0,180,forward,0,0,0,1.6533388071438695,101.51936379132371,0,0
10:33:04,1.6533388071438695,101.51929189617022,0,0,0,0,0,0,0,0,0,180,forward,0,0,0,1.6533388071438695,101.51936379132371,0,0
10:33:06,1.6533388071438695,101.51929189617022,0,0,0,0,0,0,0,0,0,180,forward,0,0,0,1.6533388071438695,101.51936379132371,0,0
10:33:08,1.6533388071438695,101.51929189617022,0,0,0,0,0,0,0,0,0,180,forward,0,0,0,1.6533388071438695,101.51936379132371,0,0
10:33:10,1.6533388071438695,101.51929189617022,0,0,0,0,0,0,0,0,0,180,forward,0,0,0,1.6533388071438695,101.51936379132371,0,0
10:33:13,1.6533388071438695,101.51929189617022,0,0,0,0,0,0,0,0,0,180,forward,0,0,0,1.6533388071438695,101.51936379132371,0,0
10:33:15,1.6533388071438695,101.51929189617022,0,0,0,0,0,0,0,0,0,180,forward,0,0,0,1.6533388071438695,101.51936379132371,0,0
10:33:17,1.6533388071438695,101.51929189617022,0,0,0,0,0,0,0,0,0,180,forward,0,0,0,1.6533388071438695,101.51936379132371,0,0
10:33:19,1.6533388071438695,101.51929189617022,0,0,0,0,0,0,0,0,0,180,forward,0,0,0,1.6533388071438695,101.51936379132371,0,0
10:33:21,1.6533388071438695,101.51929189617022,0,0,0,0,0,0,0,0,0,180,forward,0,0,0,1.6533388071438695,101.51936379132371,0,0
10:33:24,1.6533388071438695,101.51929189617022,0,0,0,0,0,0,0,0,0,180,forward,0,0,0,1.6533388071438695,101.51936379132371,0,0
10:33:26,1.6533388071438695,101.51929189617022,0,0,0,0,0,0,0,0,0,180,forward,0,0,0,1.6533388071438695,101.51936379132371,0,0
10:33:28,1.6533388071438695,101.51929189617022,0,0,0,0,0,0,0,0,0,180,forward,0,0,0,1.6533388071438695,101.51936379132371,0,0
10:33:30,1.6533388071438695,101.51929189617022,0,0,0,0,0,0,0,0,0,180,forward,0,0,0,1.6533388071438695,101.51936379132371,0,0
10:33:32,1.6533388071438695,101.51929189617022,0,0,0,0,0,0,0,0,0,180,forward,0,0,0,1.6533388071438695,101.51936379132371,0,0
10:33:35,1.6533388071438695,101.51929189617022,0,0,0,0,0,0,0,0,0,180,forward,0,0,0,1.6533388071438695,101.51936379132371,0,0
10:33:37,1.6533388071438695,101.51929189617022,0,0,0,0,0,0,0,0,0,180,forward,0,0,0,1.6533388071438695,101.51936379132371,0,0
10:33:39,1.6533388071438695,101.51929189617022,0,0,0,0,0,0,0,0,0,180,forward,0,0,0,1.6533388071438695,101.51936379132371,0,0
10:33:41,1.6533388071438695,101.51929189617022,0,0,0,0,0,0,0,0,0,180,forward,0,0,0,1.6533388071438695,101.51936379132371,0,0
10:33:43,1.6533388071438695,101.51929189617022,0,0,0,0,0,0,0,0,0,180,forward,0,0,0,1.6533388071438695,101.51936379132371,0,0
10:33:46,1.6533388071438695,101.51929189617022,0,0,0,0,0,0,0,0,0,180,forward,0,0,0,1.6533388071438695,101.51936379132371,0,0
10:33:48,1.6533388071438695,101.51929189617022,0,0,0,0,0,0,0,0,0,180,forward,0,0,0,1.6533388071438695,101.51936379132371,0,0
10:33:50,1.6533388071438695,101.51929189617022,0,0,0,0,0,0,0,0,0,180,forward,0,0,0,1.6533388071438695,101.51936379132371,0,0
10:33:52,1.6533388071438695,101.51929189617022,0,0,0,0,0,0,0,0,0,180,forward,0,0,0,1.6533388071438695,101.51936379132371,0,0
10:33:54,1.6533388071438695,101.51929189617022,0,0,0,0,0,0,0,0,0,180,forward,0,0,0,1.6533388071438695,101.51936379132371,0,0
10:33:57,1.6533388071438695,101.51929189617022,0,0,0,0,0,0,0,0,0,180,forward,0,0,0,1.6533388071438695,101.51936379132371,0,0
10:33:59,1.6533388071438695,101.51929189617022,0,0,0,0,0,0,0,0,0,180,forward,0,0,0,1.6533388071438695,101.51936379132371,0,0
10:34:01,1.6533388071438695,101.51929189617022,0,0,0,0,0,0,0,0,0,180,forward,0,0,0,1.6533388071438695,101.51936379132371,0,0
10:34:03,1.6533388071438695,101.51929189617022,0,0,0,0,0,0,0,0,0,180,forward,0,0,0,1.6533388071438695,101.51936379132371,0,0
10:34:05,1.6533388071438695,101.51929189617022,0,0,0,0,0,0,0,0,0,180,forward,0,0,0,1.6533388071438695,101.51936379132371,0,0
10:34:08,1.6533388071438695,101.51929189617022,0,0,0,0,0,0,0,0,0,180,forward,0,0,0,1.6533388071438695,101.51936379132371,0,0
10:34:10,1.6533388071438695,101.51929189617022,0,0,0,0,0,0,0,0,0,180,forward,0,0,0,1.6533388071438695,101.51936379132371,0,0
10:34:12,1.6533388071438695,101.51929189617022,0,0,0,0,0,0,0,0,0,180,forward,0,0,0,1.6533388071438695,101.51936379132371,0,0
10:34:14,1.6533388071438695,101.51929189617022,0,0,0,0,0,0,0,0,0,180,forward,0,0,0,1.6533388071438695,101.51936379132371,0,0
10:34:16,1.6533388071438695,101.51929189617022,0,0,0,0,0,0,0,0,0,180,forward,0,0,0,1.6533388071438695,101.51936379132371,0,0
10:34:19,1.6533388071438695,101.51929189617022,0,0,0,0,0,0,0,0,0,180,forward,0,0,0,1.6533388071438695,101.51936379132371,0,0
10:34:21,1.6533388071438695,101.51929189617022,0,0,0,0,0,0,0,0,0,180,forward,0,0,0,1.6533388071438695,101.51936379132371,0,0
10:34:23,1.6533388071438695,101.51929189617022,0,0,0,0,0,0,0,0,0,180,forward,0,0,0,1.6533388071438695,101.51936379132371,0,0
10:34:25,1.6533388071438695,101.51929189617022,0,0,0,0,0,0,0,0,0,180,forward,0,0,0,1.6533388071438695,101.51936379132371,0,0
10:34:27,1.6533388071438695,101.51929189617022,0,0,0,0,0,0,0,0,0,180,forward,0,0,0,1.6533388071438695,101.51936379132371,0,0
10:34:30,1.6533388071438695,101.51929189617022,0,0,0,0,0,0,0,0,0,180,forward,0,0,0,1.6533388071438695,101.51936379132371,0,0
10:34:32,1.6533388071438695,101.51929189617022,0,0,0,0,0,0,0,0,0,180,forward,0,0,0,1.6533388071438695,101.51936379132371,0,0
10:34:34,1.6533388071438695,101.51929189617022,0,0,0,0,0,0,0,0,0,180,forward,0,0,0,1.6533388071438695,101.51936379132371,0,0
10:34:36,1.6533388071438695,101.51929189617022,0,0,0,0,0,0,0,0,0,180,forward,0,0,0,1.6533388071438695,101.51936379132371,0,0
10:34:38,1.6533388071438695,101.51929189617022,0,0,0,0,0,0,0,0,0,180,forward,0,0,0,1.6533388071438695,101.51936379132371,0,0
10:34:41,1.6533388071438695,101.51929189617022,0,0,0,0,0,0,0,0,0,180,forward,0,0,0,1.6533388071438695,101.51936379132371,0,0
10:34:43,1.6533388071438695,101.51929189617022,0,0,0,0,0,0,0,0,0,180,forward,0,0,0,1.6533388071438695,101.51936379132371,0,0
10:34:45,1.6533388071438695,101.51929189617022,0,0,0,0,0,0,0,0,0,180,forward,0,0,0,1.6533388071438695,101.51936379132371,0,0
10:34:47,1.6533388071438695,101.51929189617022,0,0,0,0,0,0,0,0,0,180,forward,0,0,0,1.6533388071438695,101.51936379132371,0,0
10:34:49,1.6533388071438695,101.51929189617022,0,0,0,0,0,0,0,0,0,180,forward,0,0,0,1.6533388071438695,101.51936379132371,0,0
10:34:51,1.6533388071438695,101.51929189617022,0,0,0,0,0,0,0,0,0,180,forward,0,0,0,1.6533388071438695,101.51936379132371,0,0
10:34:54,1.6533388071438695,101.51929189617022,0,0,0,0,0,0,0,0,0,180,forward,0,0,0,1.6533388071438695,101.51936379132371,0,0
10:34:56,1.6533388071438695,101.51929189617022,0,0,0,0,0,0,0,0,0,180,forward,0,0,0,1.6533388071438695,101.51936379132371,0,0
10:34:58,1.6533388071438695,101.51929189617022,0,0,0,0,0,0,0,0,0,180,forward,0,0,0,1.6533388071438695,101.51936379132371,0,0
10:35:00,1.6533388071438695,101.51929189617022,0,0,0,0,0,0,0,0,0,180,forward,0,0,0,1.6533388071438695,101.51936379132371,0,0
10:35:02,1.6533388071438695,101.51929189617022,0,0,0,0,0,0,0,0,0,180,forward,0,0,0,1.6533388071438695,101.51936379132371,0,0
10:35:04,1.6533388071438695,101.51929189617022,0,0,0,0,0,0,0,0,0,180,forward,0,0,0,1.6533388071438695,101.51936379132371,0,0
10:35:07,1.6533388071438695,101.51929189617022,0,0,0,0,0,0,0,0,0,180,forward,0,0,0,1.6533388071438695,101.51936379132371,0,0
10:35:09,1.6533388071438695,101.51929189617022,0,0,0,0,0,0,0,0,0,180,forward,0,0,0,1.6533388071438695,101.51936379132371,0,0
10:35:11,1.6533388071438695,101.51929189617022,0,0,0,0,0,0,0,0,0,180,forward,0,0,0,1.6533388071438695,101.51936379132371,0,0
10:35:13,1.6533388071438695,101.51929189617022,0,0,0,0,0,0,0,0,0,180,forward,0,0,0,1.6533388071438695,101.51936379132371,0,0
10:35:15,1.6533388071438695,101.51929189617022,0,0,0,0,0,0,0,0,0,180,forward,0,0,0,1.6533388071438695,101.51936379132371,0,0
10:35:18,1.6533388071438695,101.51929189617022,0,0,0,0,0,0,0,0,0,180,forward,0,0,0,1.6533388071438695,101.51936379132371,0,0
10:35:20,1.6533388071438695,101.51929189617022,0,0,0,0,0,0,0,0,0,180,forward,0,0,0,1.6533388071438695,101.51936379132371,0,0
10:35:22,1.6533388071438695,101.51929189617022,0,0,0,0,0,0,0,0,0,180,forward,0,0,0,1.6533388071438695,101.51936379132371,0,0
10:35:24,1.6533388071438695,101.51929189617022,0,0,0,0,0,0,0,0,0,180,forward,0,0,0,1.6533388071438695,101.51936379132371,0,0
10:35:26,1.6533388071438695,101.51929189617022,0,0,0,0,0,0,0,0,0,180,forward,0,0,0,1.6533388071438695,101.51936379132371,0,0
10:35:28,1.6533388071438695,101.51929189617022,0,0,0,0,0,0,0,0,0,180,forward,0,0,0,1.6533388071438695,101.51936379132371,0,0
10:35:31,1.6533388071438695,101.51929189617022,0,0,0,0,0,0,0,0,0,180,forward,0,0,0,1.6533388071438695,101.51936379132371,0,0
10:35:33,1.6533388071438695,101.51929189617022,0,0,0,0,0,0,0,0,0,180,forward,0,0,0,1.6533388071438695,101.51936379132371,0,0
10:35:35,1.6533388071438695,101.51929189617022,0,0,0,0,0,0,0,0,0,180,forward,0,0,0,1.6533388071438695,101.51936379132371,0,0
10:35:37,1.6533388071438695,101.51929189617022,0,0,0,0,0,0,0,0,0,180,forward,0,0,0,1.6533388071438695,101.51936379132371,0,0
10:35:39,1.6533388071438695,101.51929189617022,0,0,0,0,0,0,0,0,0,180,forward,0,0,0,1.6533388071438695,101.51936379132371,0,0
10:35:41,1.6533388071438695,101.51929189617022,0,0,0,0,0,0,0,0,0,180,forward,0,0,0,1.6533388071438695,101.51936379132371,0,0
10:35:43,1.6533388071438695,101.51929189617022,0,0,0,0,0,0,0,0,0,180,forward,0,0,0,1.6533388071438695,101.51936379132371,0,0
10:35:46,1.6533388071438695,101.51929189617022,0,0,0,0,0,0,0,0,0,180,forward,0,0,0,1.6533388071438695,101.51936379132371,0,0
10:35:48,1.6533388071438695,101.51929189617022,0,0,0,0,0,0,0,0,0,180,forward,0,0,0,1.6533388071438695,101.51936379132371,0,0
10:35:50,1.6533388071438695,101.51929189617022,0,0,0,0,0,0,0,0,0,180,forward,0,0,0,1.6533388071438695,101.51936379132371,0,0
10:35:52,1.6533388071438695,101.51929189617022,0,0,0,0,0,0,0,0,0,180,forward,0,0,0,1.6533388071438695,101.51936379132371,0,0
10:35:54,1.6533388071438695,101.51929189617022,0,0,0,0,0,0,0,0,0,180,forward,0,0,0,1.6533388071438695,101.51936379132371,0,0
10:35:57,1.6533388071438695,101.51929189617022,0,0,0,0,0,0,0,0,0,180,forward,0,0,0,1.6533388071438695,101.51936379132371,0,0
10:35:59,1.6533388071438695,101.51929189617022,0,0,0,0,0,0,0,0,0,180,forward,0,0,0,1.6533388071438695,101.51936379132371,0,0
10:36:01,1.6533388071438695,101.51929189617022,0,0,0,0,0,0,0,0,0,180,forward,0,0,0,1.6533388071438695,101.51936379132371,0,0
10:36:03,1.6533388071438695,101.51929189617022,0,0,0,0,0,0,0,0,0,180,forward,0,0,0,1.6533388071438695,101.51936379132371,0,0
10:36:05,1.6533388071438695,101.51929189617022,0,0,0,0,0,0,0,0,0,180,forward,0,0,0,1.6533388071438695,101.51936379132371,0,0
10:36:08,1.6533388071438695,101.51929189617022,0,0,0,0,0,0,0,0,0,180,forward,0,0,0,1.6533388071438695,101.51936379132371,0,0
10:36:10,1.6533388071438695,101.51929189617022,0,0,0,0,0,0,0,0,0,180,forward,0,0,0,1.6533388071438695,101.51936379132371,0,0
10:36:12,1.6533388071438695,101.51929189617022,0,0,0,0,0,0,0,0,0,180,forward,0,0,0,1.6533388071438695,101.51936379132371,0,0
10:36:14,1.6533388071438695,101.51929189617022,0,0,0,0,0,0,0,0,0,180,forward,0,0,0,1.6533388071438695,101.51936379132371,0,0
10:36:16,1.6533388071438695,101.51929189617022,0,0,0,0,0,0,0,0,0,180,forward,0,0,0,1.6533388071438695,101.51936379132371,0,0
10:36:18,1.6533388071438695,101.51929189617022,0,0,0,0,0,0,0,0,0,180,forward,0,0,0,1.6533388071438695,101.51936379132371,0,0
10:36:21,1.6533388071438695,101.51929189617022,0,0,0,0,0,0,0,0,0,180,forward,0,0,0,1.6533388071438695,101.51936379132371,0,0
10:36:23,1.6533388071438695,101.51929189617022,0,0,0,0,0,0,0,0,0,180,forward,0,0,0,1.6533388071438695,101.51936379132371,0,0
10:36:25,1.6533388071438695,101.51929189617022,0,0,0,0,0,0,0,0,0,180,forward,0,0,0,1.6533388071438695,101.51936379132371,0,0
10:36:27,1.6533388071438695,101.51929189617022,0,0,0,0,0,0,0,0,0,180,forward,0,0,0,1.6533388071438695,101.51936379132371,0,0
10:36:29,1.6533388071438695,101.51929189617022,0,0,0,0,0,0,0,0,0,180,forward,0,0,0,1.6533388071438695,101.51936379132371,0,0
10:36:32,1.6533388071438695,101.51929189617022,0,0,0,0,0,0,0,0,0,180,forward,0,0,0,1.6533388071438695,101.51936379132371,0,0
10:36:34,1.6533388071438695,101.51929189617022,0,0,0,0,0,0,0,0,0,180,forward,0,0,0,1.6533388071438695,101.51936379132371,0,0
10:36:36,1.6533388071438695,101.51929189617022,0,0,0,0,0,0,0,0,0,180,forward,0,0,0,1.6533388071438695,101.51936379132371,0,0
10:36:38,1.6533388071438695,101.51929189617022,0,0,0,0,0,0,0,0,0,180,forward,0,0,0,1.6533388071438695,101.51936379132371,0,0
10:36:40,1.6533388071438695,101.51929189617022,0,0,0,0,0,0,0,0,0,180,forward,0,0,0,1.6533388071438695,101.51936379132371,0,0
10:36:43,1.6533388071438695,101.51929189617022,0,0,0,0,0,0,0,0,0,180,forward,0,0,0,1.6533388071438695,101.51936379132371,0,0
10:36:45,1.6533388071438695,101.51929189617022,0,0,0,0,0,0,0,0,0,180,forward,0,0,0,1.6533388071438695,101.51936379132371,0,0
10:36:47,1.6533388071438695,101.51929189617022,0,0,0,0,0,0,0,0,0,180,forward,0,0,0,1.6533388071438695,101.51936379132371,0,0
10:36:49,1.6533388071438695,101.51929189617022,0,0,0,0,0,0,0,0,0,180,forward,0,0,0,1.6533388071438695,101.51936379132371,0,0
10:36:51,1.6533388071438695,101.51929189617022,0,0,0,0,0,0,0,0,0,180,forward,0,0,0,1.6533388071438695,101.51936379132371,0,0
10:36:54,1.6533388071438695,101.51929189617022,0,0,0,0,0,0,0,0,0,180,forward,0,0,0,1.6533388071438695,101.51936379132371,0,0
10:36:56,1.6533388071438695,101.51929189617022,0,0,0,0,0,0,0,0,0,180,forward,0,0,0,1.6533388071438695,101.51936379132371,0,0
10:37:26,1.6533388071438695,101.51929189617022,0,0,0,0,0,0,0,0,0,180,forward,0,0,0,1.6533388071438695,101.51936379132371,0,0
10:37:28,1.6533388071438695,101.51929189617022,0,0,0,0,0,0,0,0,0,180,forward,0,0,0,1.6533388071438695,101.51936379132371,0,0
10:37:30,1.6533388071438695,101.51929189617022,0,0,0,0,0,0,0,0,0,180,forward,0,0,0,1.6533388071438695,101.51936379132371,0,0
10:37:32,1.6533388071438695,101.51929189617022,0,0,0,0,0,0,0,0,0,180,forward,0,0,0,1.6533388071438695,101.51936379132371,0,0
10:37:34,1.6533388071438695,101.51929189617022,0,0,0,0,0,0,0,0,0,180,forward,0,0,0,1.6533388071438695,101.51936379132371,0,0
10:37:36,1.6533388071438695,101.51929189617022,0,0,0,0,0,0,0,0,0,180,forward,0,0,0,1.6533388071438695,101.51936379132371,0,0
10:37:38,1.6533388071438695,101.51929189617022,0,0,0,0,0,0,0,0,0,180,forward,0,0,0,1.6533388071438695,101.51936379132371,0,0
10:37:41,1.6533388071438695,101.51929189617022,0,0,0,0,0,0,0,0,0,180,forward,0,0,0,1.6533388071438695,101.51936379132371,0,0
10:37:43,1.6533388071438695,101.51929189617022,0,0,0,0,0,0,0,0,0,180,forward,0,0,0,1.6533388071438695,101.51936379132371,0,0
10:37:45,1.6533388071438695,101.51929189617022,0,0,0,0,0,0,0,0,0,180,forward,0,0,0,1.6533388071438695,101.51936379132371,0,0
10:37:47,1.6533388071438695,101.51929189617022,0,0,0,0,0,0,0,0,0,180,forward,0,0,0,1.6533388071438695,101.51936379132371,0,0
10:37:49,1.6533388071438695,101.51929189617022,0,0,0,0,0,0,0,0,0,180,forward,0,0,0,1.6533388071438695,101.51936379132371,0,0
10:37:51,1.6533388071438695,101.51929189617022,0,0,0,0,0,0,0,0,0,180,forward,0,0,0,1.6533388071438695,101.51936379132371,0,0
10:37:54,1.6533388071438695,101.51929189617022,0,0,0,0,0,0,0,0,0,180,forward,0,0,0,1.6533388071438695,101.51936379132371,0,0
10:37:56,1.6533388071438695,101.51929189617022,0,0,0,0,0,0,0,0,0,180,forward,0,0,0,1.6533388071438695,101.51936379132371,0,0
10:37:58,1.6533388071438695,101.51929189617022,0,0,0,0,0,0,0,0,0,180,forward,0,0,0,1.6533388071438695,101.51936379132371,0,0
10:38:00,1.6533388071438695,101.51929189617022,0,0,0,0,0,0,0,0,0,180,forward,0,0,0,1.6533388071438695,101.51936379132371,0,0
10:38:02,1.6533388071438695,101.51929189617022,0,0,0,0,0,0,0,0,0,180,forward,0,0,0,1.6533388071438695,101.51936379132371,0,0
10:38:04,1.6533388071438695,101.51929189617022,0,0,0,0,0,0,0,0,0,180,forward,0,0,0,1.6533388071438695,101.51936379132371,0,0
10:38:07,1.6533388071438695,101.51929189617022,0,0,0,0,0,0,0,0,0,180,forward,0,0,0,1.6533388071438695,101.51936379132371,0,0
10:38:09,1.6533388071438695,101.51929189617022,0,0,0,0,0,0,0,0,0,180,forward,0,0,0,1.6533388071438695,101.51936379132371,0,0
10:38:23,1.6533388071438695,101.51929189617022,0,0,0,0,0,0,0,0,0,180,forward,0,0,0,1.6533388071438695,101.51936379132371,0,0
10:38:25,1.6533388071438695,101.51929189617022,0,0,0,0,0,0,0,0,0,180,forward,0,0,0,1.6533388071438695,101.51936379132371,0,0
10:38:27,1.6533388071438695,101.51929189617022,0,0,0,0,0,0,0,0,0,180,forward,0,0,0,1.6533388071438695,101.51936379132371,0,0
10:38:29,1.6533388071438695,101.51929189617022,0,0,0,0,0,0,0,0,0,180,forward,0,0,0,1.6533388071438695,101.51936379132371,0,0
10:38:31,1.6533388071438695,101.51929189617022,0,0,0,0,0,0,0,0,0,180,forward,0,0,0,1.6533388071438695,101.51936379132371,0,0
10:38:33,1.6533388071438695,101.51929189617022,0,0,0,0,0,0,0,0,0,180,forward,0,0,0,1.6533388071438695,101.51936379132371,0,0
10:38:36,1.6533388071438695,101.51929189617022,0,0,0,0,0,0,0,0,0,180,forward,0,0,0,1.6533388071438695,101.51936379132371,0,0
10:38:38,1.6533388071438695,101.51929189617022,0,0,0,0,0,0,0,0,0,180,forward,0,0,0,1.6533388071438695,101.51936379132371,0,0
10:38:40,1.6533388071438695,101.51929189617022,0,0,0,0,0,0,0,0,0,180,forward,0,0,0,1.6533388071438695,101.51936379132371,0,0
10:38:42,1.6533388071438695,101.51929189617022,0,0,0,0,0,0,0,0,0,180,forward,0,0,0,1.6533388071438695,101.51936379132371,0,0
10:38:45,1.6533388071438695,101.51929189617022,0,0,0,0,0,0,0,0,0,180,forward,0,0,0,1.6533388071438695,101.51936379132371,0,0
10:38:47,1.6533388071438695,101.51929189617022,0,0,0,0,0,0,0,0,0,180,forward,0,0,0,1.6533388071438695,101.51936379132371,0,0
10:38:49,1.6533388071438695,101.51929189617022,0,0,0,0,0,0,0,0,0,180,forward,0,0,0,1.6533388071438695,101.51936379132371,0,0
10:38:51,1.6533388071438695,101.51929189617022,0,0,0,0,0,0,0,0,0,180,forward,0,0,0,1.6533388071438695,101.51936379132371,0,0
10:38:53,1.6533388071438695,101.51929189617022,0,0,0,0,0,0,0,0,0,180,forward,0,0,0,1.6533388071438695,101.51936379132371,0,0
10:38:56,1.6533388071438695,101.51929189617022,0,0,0,0,0,0,0,0,0,180,forward,0,0,0,1.6533388071438695,101.51936379132371,0,0
10:38:58,1.6533388071438695,101.51929189617022,0,0,0,0,0,0,0,0,0,180,forward,0,0,0,1.6533388071438695,101.51936379132371,0,0
10:39:00,1.6533388071438695,101.51929189617022,0,0,0,0,0,0,0,0,0,180,forward,0,0,0,1.6533388071438695,101.51936379132371,0,0
10:39:02,1.6533388071438695,101.51929189617022,0,0,0,0,0,0,0,0,0,180,forward,0,0,0,1.6533388071438695,101.51936379132371,0,0
10:39:04,1.6533388071438695,101.51929189617022,0,0,0,0,0,0,0,0,0,180,forward,0,0,0,1.6533388071438695,101.51936379132371,0,0
10:39:06,1.6533388071438695,101.51929189617022,0,0,0,0,0,0,0,0,0,180,forward,0,0,0,1.6533388071438695,101.51936379132371,0,0
10:39:09,1.6533388071438695,101.51929189617022,0,0,0,0,0,0,0,0,0,180,forward,0,0,0,1.6533388071438695,101.51936379132371,0,0
10:39:11,1.6533388071438695,101.51929189617022,0,0,0,0,0,0,0,0,0,180,forward,0,0,0,1.6533388071438695,101.51936379132371,0,0
10:39:13,1.6533388071438695,101.51929189617022,0,0,0,0,0,0,0,0,0,180,forward,0,0,0,1.6533388071438695,101.51936379132371,0,0
10:39:15,1.6533388071438695,101.51929189617022,0,0,0,0,0,0,0,0,0,180,forward,0,0,0,1.6533388071438695,101.51936379132371,0,0
10:39:17,1.6533388071438695,101.51929189617022,0,0,0,0,0,0,0,0,0,180,forward,0,0,0,1.6533388071438695,101.51936379132371,0,0
10:39:20,1.6533388071438695,101.51929189617022,0,0,0,0,0,0,0,0,0,180,forward,0,0,0,1.6533388071438695,101.51936379132371,0,0
10:39:22,1.6533388071438695,101.51929189617022,0,0,0,0,0,0,0,0,0,180,forward,0,0,0,1.6533388071438695,101.51936379132371,0,0
10:39:24,1.6533388071438695,101.51929189617022,0,0,0,0,0,0,0,0,0,180,forward,0,0,0,1.6533388071438695,101.51936379132371,0,0
10:39:26,1.6533388071438695,101.51929189617022,0,0,0,0,0,0,0,0,0,180,forward,0,0,0,1.6533388071438695,101.51936379132371,0,0
10:39:28,1.6533388071438695,101.51929189617022,0,0,0,0,0,0,0,0,0,180,forward,0,0,0,1.6533388071438695,101.51936379132371,0,0
10:39:31,1.6533388071438695,101.51929189617022,0,0,0,0,0,0,0,0,0,180,forward,0,0,0,1.6533388071438695,101.51936379132371,0,0
10:39:33,1.6533388071438695,101.51929189617022,0,0,0,0,0,0,0,0,0,180,forward,0,0,0,1.6533388071438695,101.51936379132371,0,0
10:39:35,1.6533388071438695,101.51929189617022,0,0,0,0,0,0,0,0,0,180,forward,0,0,0,1.6533388071438695,101.51936379132371,0,0
10:39:37,1.6533388071438695,101.51929189617022,0,0,0,0,0,0,0,0,0,180,forward,0,0,0,1.6533388071438695,101.51936379132371,0,0
10:39:39,1.6533388071438695,101.51929189617022,0,0,0,0,0,0,0,0,0,180,forward,0,0,0,1.6533388071438695,101.51936379132371,0,0
10:39:42,1.6533388071438695,101.51929189617022,0,0,0,0,0,0,0,0,0,180,forward,0,0,0,1.6533388071438695,101.51936379132371,0,0
10:39:44,1.6533388071438695,101.51929189617022,0,0,0,0,0,0,0,0,0,180,forward,0,0,0,1.6533388071438695,101.51936379132371,0,0
10:39:46,1.6533388071438695,101.51929189617022,0,0,0,0,0,0,0,0,0,180,forward,0,0,0,1.6533388071438695,101.51936379132371,0,0
10:39:48,1.6533388071438695,101.51929189617022,0,0,0,0,0,0,0,0,0,180,forward,0,0,0,1.6533388071438695,101.51936379132371,0,0
10:39:50,1.6533388071438695,101.51929189617022,0,0,0,0,0,0,0,0,0,180,forward,0,0,0,1.6533388071438695,101.51936379132371,0,0
10:39:53,1.6533388071438695,101.51929189617022,0,0,0,0,0,0,0,0,0,180,forward,0,0,0,1.6533388071438695,101.51936379132371,0,0
10:39:55,1.6533388071438695,101.51929189617022,0,0,0,0,0,0,0,0,0,180,forward,0,0,0,1.6533388071438695,101.51936379132371,0,0
10:39:57,1.6533388071438695,101.51929189617022,0,0,0,0,0,0,0,0,0,180,forward,0,0,0,1.6533388071438695,101.51936379132371,0,0
10:39:59,1.6533388071438695,101.51929189617022,0,0,0,0,0,0,0,0,0,180,forward,0,0,0,1.6533388071438695,101.51936379132371,0,0
10:40:01,1.6533388071438695,101.51929189617022,0,0,0,0,0,0,0,0,0,180,forward,0,0,0,1.6533388071438695,101.51936379132371,0,0
10:40:04,1.6533388071438695,101.51929189617022,0,0,0,0,0,0,0,0,0,180,forward,0,0,0,1.6533388071438695,101.51936379132371,0,0
10:40:06,1.6533388071438695,101.51929189617022,0,0,0,0,0,0,0,0,0,180,forward,0,0,0,1.6533388071438695,101.51936379132371,0,0
10:40:08,1.6533388071438695,101.51929189617022,0,0,0,0,0,0,0,0,0,180,forward,0,0,0,1.6533388071438695,101.51936379132371,0,0
10:40:10,1.6533388071438695,101.51929189617022,0,0,0,0,0,0,0,0,0,180,forward,0,0,0,1.6533388071438695,101.51936379132371,0,0
10:40:12,1.6533388071438695,101.51929189617022,0,0,0,0,0,0,0,0,0,180,forward,0,0,0,1.6533388071438695,101.51936379132371,0,0
10:40:15,1.6533388071438695,101.51929189617022,0,0,0,0,0,0,0,0,0,180,forward,0,0,0,1.6533388071438695,101.51936379132371,0,0
10:40:17,1.6533388071438695,101.51929189617022,0,0,0,0,0,0,0,0,0,180,forward,0,0,0,1.6533388071438695,101.51936379132371,0,0
10:40:19,1.6533388071438695,101.51929189617022,0,0,0,0,0,0,0,0,0,180,forward,0,0,0,1.6533388071438695,101.51936379132371,0,0
10:40:21,1.6533388071438695,101.51929189617022,0,0,0,0,0,0,0,0,0,180,forward,0,0,0,1.6533388071438695,101.51936379132371,0,0
10:40:23,1.6533388071438695,101.51929189617022,0,0,0,0,0,0,0,0,0,180,forward,0,0,0,1.6533388071438695,101.51936379132371,0,0
10:40:26,1.6533388071438695,101.51929189617022,0,0,0,0,0,0,0,0,0,180,forward,0,0,0,1.6533388071438695,101.51936379132371,0,0
10:40:28,1.6533388071438695,101.51929189617022,0,0,0,0,0,0,0,0,0,180,forward,0,0,0,1.6533388071438695,101.51936379132371,0,0
10:40:30,1.6533388071438695,101.51929189617022,0,0,0,0,0,0,0,0,0,180,forward,0,0,0,1.6533388071438695,101.51936379132371,0,0
10:40:32,1.6533388071438695,101.51929189617022,0,0,0,0,0,0,0,0,0,180,forward,0,0,0,1.6533388071438695,101.51936379132371,0,0
10:40:34,1.6533388071438695,101.51929189617022,0,0,0,0,0,0,0,0,0,180,forward,0,0,0,1.6533388071438695,101.51936379132371,0,0
10:40:37,1.6533388071438695,101.51929189617022,0,0,0,0,0,0,0,0,0,180,forward,0,0,0,1.6533388071438695,101.51936379132371,0,0
10:40:39,1.6533388071438695,101.51929189617022,0,0,0,0,0,0,0,0,0,180,forward,0,0,0,1.6533388071438695,101.51936379132371,0,0
10:40:41,1.6533388071438695,101.51929189617022,0,0,0,0,0,0,0,0,0,180,forward,0,0,0,1.6533388071438695,101.51936379132371,0,0
10:40:43,1.6533388071438695,101.51929189617022,0,0,0,0,0,0,0,0,0,180,forward,0,0,0,1.6533388071438695,101.51936379132371,0,0
10:40:45,1.6533388071438695,101.51929189617022,0,0,0,0,0,0,0,0,0,180,forward,0,0,0,1.6533388071438695,101.51936379132371,0,0
10:40:48,1.6533388071438695,101.51929189617022,0,0,0,0,0,0,0,0,0,180,forward,0,0,0,1.6533388071438695,101.51936379132371,0,0
10:40:50,1.6533388071438695,101.51929189617022,0,0,0,0,0,0,0,0,0,180,forward,0,0,0,1.6533388071438695,101.51936379132371,0,0
10:40:52,1.6533388071438695,101.51929189617022,0,0,0,0,0,0,0,0,0,180,forward,0,0,0,1.6533388071438695,101.51936379132371,0,0
10:40:54,1.6533388071438695,101.51929189617022,0,0,0,0,0,0,0,0,0,180,forward,0,0,0,1.6533388071438695,101.51936379132371,0,0
10:40:56,1.6533388071438695,101.51929189617022,0,0,0,0,0,0,0,0,0,180,forward,0,0,0,1.6533388071438695,101.51936379132371,0,0
10:40:59,1.6533388071438695,101.51929189617022,0,0,0,0,0,0,0,0,0,180,forward,0,0,0,1.6533388071438695,101.51936379132371,0,0
10:41:01,1.6533388071438695,101.51929189617022,0,0,0,0,0,0,0,0,0,180,forward,0,0,0,1.6533388071438695,101.51936379132371,0,0
10:41:03,1.6533388071438695,101.51929189617022,0,0,0,0,0,0,0,0,0,180,forward,0,0,0,1.6533388071438695,101.51936379132371,0,0
10:41:05,1.6533388071438695,101.51929189617022,0,0,0,0,0,0,0,0,0,180,forward,0,0,0,1.6533388071438695,101.51936379132371,0,0
10:41:07,1.6533388071438695,101.51929189617022,0,0,0,0,0,0,0,0,0,180,forward,0,0,0,1.6533388071438695,101.51936379132371,0,0
10:41:10,1.6533388071438695,101.51929189617022,0,0,0,0,0,0,0,0,0,180,forward,0,0,0,1.6533388071438695,101.51936379132371,0,0
10:41:12,1.6533388071438695,101.51929189617022,0,0,0,0,0,0,0,0,0,180,forward,0,0,0,1.6533388071438695,101.51936379132371,0,0
10:41:14,1.6533388071438695,101.51929189617022,0,0,0,0,0,0,0,0,0,180,forward,0,0,0,1.6533388071438695,101.51936379132371,0,0
10:41:16,1.6533388071438695,101.51929189617022,0,0,0,0,0,0,0,0,0,180,forward,0,0,0,1.6533388071438695,101.51936379132371,0,0
10:41:18,1.6533388071438695,101.51929189617022,0,0,0,0,0,0,0,0,0,180,forward,0,0,0,1.6533388071438695,101.51936379132371,0,0
10:41:21,1.6533388071438695,101.51929189617022,0,0,0,0,0,0,0,0,0,180,forward,0,0,0,1.6533388071438695,101.51936379132371,0,0
10:41:23,1.6533388071438695,101.51929189617022,0,0,0,0,0,0,0,0,0,180,forward,0,0,0,1.6533388071438695,101.51936379132371,0,0
10:41:25,1.6533388071438695,101.51929189617022,0,0,0,0,0,0,0,0,0,180,forward,0,0,0,1.6533388071438695,101.51936379132371,0,0
10:41:27,1.6533388071438695,101.51929189617022,0,0,0,0,0,0,0,0,0,180,forward,0,0,0,1.6533388071438695,101.51936379132371,0,0
10:41:29,1.6533388071438695,101.51929189617022,0,0,0,0,0,0,0,0,0,180,forward,0,0,0,1.6533388071438695,101.51936379132371,0,0
10:41:32,1.6533388071438695,101.51929189617022,0,0,0,0,0,0,0,0,0,180,forward,0,0,0,1.6533388071438695,101.51936379132371,0,0
10:41:34,1.6533388071438695,101.51929189617022,0,0,0,0,0,0,0,0,0,180,forward,0,0,0,1.6533388071438695,101.51936379132371,0,0
10:41:36,1.6533388071438695,101.51929189617022,0,0,0,0,0,0,0,0,0,180,forward,0,0,0,1.6533388071438695,101.51936379132371,0,0
10:41:38,1.6533388071438695,101.51929189617022,0,0,0,0,0,0,0,0,0,180,forward,0,0,0,1.6533388071438695,101.51936379132371,0,0
10:41:40,1.6533388071438695,101.51929189617022,0,0,0,0,0,0,0,0,0,180,forward,0,0,0,1.6533388071438695,101.51936379132371,0,0
10:41:42,1.6533388071438695,101.51929189617022,0,0,0,0,0,0,0,0,0,180,forward,0,0,0,1.6533388071438695,101.51936379132371,0,0
10:41:45,1.6533388071438695,101.51929189617022,0,0,0,0,0,0,0,0,0,180,forward,0,0,0,1.6533388071438695,101.51936379132371,0,0
10:41:47,1.6533388071438695,101.51929189617022,0,0,0,0,0,0,0,0,0,180,forward,0,0,0,1.6533388071438695,101.51936379132371,0,0
10:41:49,1.6533388071438695,101.51929189617022,0,0,0,0,0,0,0,0,0,180,forward,0,0,0,1.6533388071438695,101.51936379132371,0,0
10:41:51,1.6533388071438695,101.51929189617022,0,0,0,0,0,0,0,0,0,180,forward,0,0,0,1.6533388071438695,101.51936379132371,0,0
10:41:53,1.6533388071438695,101.51929189617022,0,0,0,0,0,0,0,0,0,180,forward,0,0,0,1.6533388071438695,101.51936379132371,0,0
10:41:56,1.6533388071438695,101.51929189617022,0,0,0,0,0,0,0,0,0,180,forward,0,0,0,1.6533388071438695,101.51936379132371,0,0
10:41:58,1.6533388071438695,101.51929189617022,0,0,0,0,0,0,0,0,0,180,forward,0,0,0,1.6533388071438695,101.51936379132371,0,0
10:42:00,1.6533388071438695,101.51929189617022,0,0,0,0,0,0,0,0,0,180,forward,0,0,0,1.6533388071438695,101.51936379132371,0,0
10:42:02,1.6533388071438695,101.51929189617022,0,0,0,0,0,0,0,0,0,180,forward,0,0,0,1.6533388071438695,101.51936379132371,0,0
10:42:04,1.6533388071438695,101.51929189617022,0,0,0,0,0,0,0,0,0,180,forward,0,0,0,1.6533388071438695,101.51936379132371,0,0
10:42:07,1.6533388071438695,101.51929189617022,0,0,0,0,0,0,0,0,0,180,forward,0,0,0,1.6533388071438695,101.51936379132371,0,0
10:42:09,1.6533388071438695,101.51929189617022,0,0,0,0,0,0,0,0,0,180,forward,0,0,0,1.6533388071438695,101.51936379132371,0,0
10:42:11,1.6533388071438695,101.51929189617022,0,0,0,0,0,0,0,0,0,180,forward,0,0,0,1.6533388071438695,101.51936379132371,0,0
10:42:13,1.6533388071438695,101.51929189617022,0,0,0,0,0,0,0,0,0,180,forward,0,0,0,1.6533388071438695,101.51936379132371,0,0
10:42:15,1.6533388071438695,101.51929189617022,0,0,0,0,0,0,0,0,0,180,forward,0,0,0,1.6533388071438695,101.51936379132371,0,0
10:42:18,1.6533388071438695,101.51929189617022,0,0,0,0,0,0,0,0,0,180,forward,0,0,0,1.6533388071438695,101.51936379132371,0,0
10:42:20,1.6533388071438695,101.51929189617022,0,0,0,0,0,0,0,0,0,180,forward,0,0,0,1.6533388071438695,101.51936379132371,0,0
10:42:33,1.6533388071438695,101.51929189617022,0,0,0,0,0,0,0,0,0,180,forward,0,0,0,1.6533388071438695,101.51936379132371,0,0
10:42:36,1.6533388071438695,101.51929189617022,0,0,0,0,0,0,0,0,0,180,forward,0,0,0,1.6533388071438695,101.51936379132371,0,0
10:42:38,1.6533388071438695,101.51929189617022,0,0,0,0,0,0,0,0,0,180,forward,0,0,0,1.6533388071438695,101.51936379132371,0,0
10:42:40,1.6533388071438695,101.51929189617022,0,0,0,0,0,0,0,0,0,180,forward,0,0,0,1.6533388071438695,101.51936379132371,0,0
10:42:42,1.6533388071438695,101.51929189617022,0,0,0,0,0,0,0,0,0,180,forward,0,0,0,1.6533388071438695,101.51936379132371,0,0
10:42:44,1.6533388071438695,101.51929189617022,0,0,0,0,0,0,0,0,0,180,forward,0,0,0,1.6533388071438695,101.51936379132371,0,0
10:42:46,1.6533388071438695,101.51929189617022,0,0,0,0,0,0,0,0,0,180,forward,0,0,0,1.6533388071438695,101.51936379132371,0,0
10:42:49,1.6533388071438695,101.51929189617022,0,0,0,0,0,0,0,0,0,180,forward,0,0,0,1.6533388071438695,101.51936379132371,0,0
10:43:03,1.6533388071438695,101.51929189617022,0,0,0,0,0,0,0,0,0,180,forward,0,0,0,1.6533388071438695,101.51936379132371,0,0
10:43:05,1.6533388071438695,101.51929189617022,0,0,0,0,0,0,0,0,0,180,forward,0,0,0,1.6533388071438695,101.51936379132371,0,0
10:43:07,1.6533388071438695,101.51929189617022,0,0,0,0,0,0,0,0,0,180,forward,0,0,0,1.6533388071438695,101.51936379132371,0,0
10:43:10,1.6533388071438695,101.51929189617022,0,0,0,0,0,0,0,0,0,180,forward,0,0,0,1.6533388071438695,101.51936379132371,0,0
10:43:12,1.6533388071438695,101.51929189617022,0,0,0,0,0,0,0,0,0,180,forward,0,0,0,1.6533388071438695,101.51936379132371,0,0
10:43:27,1.6533388071438695,101.51929189617022,0,0,0,0,0,0,0,0,0,180,forward,0,0,0,1.6533388071438695,101.51936379132371,0,0
10:43:29,1.6533388071438695,101.51929189617022,0,0,0,0,0,0,0,0,0,180,forward,0,0,0,1.6533388071438695,101.51936379132371,0,0
10:43:31,1.6533388071438695,101.51929189617022,0,0,0,0,0,0,0,0,0,180,forward,0,0,0,1.6533388071438695,101.51936379132371,0,0
10:43:33,1.6533388071438695,101.51929189617022,0,0,0,0,0,0,0,0,0,180,forward,0,0,0,1.6533388071438695,101.51936379132371,0,0
10:43:35,1.6533388071438695,101.51929189617022,0,0,0,0,0,0,0,0,0,180,forward,0,0,0,1.6533388071438695,101.51936379132371,0,0
10:43:38,1.6533388071438695,101.51929189617022,0,0,0,0,0,0,0,0,0,180,forward,0,0,0,1.6533388071438695,101.51936379132371,0,0
10:43:40,1.6533388071438695,101.51929189617022,0,0,0,0,0,0,0,0,0,180,forward,0,0,0,1.6533388071438695,101.51936379132371,0,0
10:43:42,1.6533388071438695,101.51929189617022,0,0,0,0,0,0,0,0,0,180,forward,0,0,0,1.6533388071438695,101.51936379132371,0,0
10:43:44,1.6533388071438695,101.51929189617022,0,0,0,0,0,0,0,0,0,180,forward,0,0,0,1.6533388071438695,101.51936379132371,0,0
10:43:46,1.6533388071438695,101.51929189617022,0,0,0,0,0,0,0,0,0,180,forward,0,0,0,1.6533388071438695,101.51936379132371,0,0
10:43:49,1.6533388071438695,101.51929189617022,0,0,0,0,0,0,0,0,0,180,forward,0,0,0,1.6533388071438695,101.51936379132371,0,0
10:43:51,1.6533388071438695,101.51929189617022,0,0,0,0,0,0,0,0,0,180,forward,0,0,0,1.6533388071438695,101.51936379132371,0,0
10:44:05,1.6533388071438695,101.51929189617022,0,0,0,0,0,0,0,0,0,180,forward,0,0,0,1.6533388071438695,101.51936379132371,0,0
10:44:07,1.6533388071438695,101.51929189617022,0,0,0,0,0,0,0,0,0,180,forward,0,0,0,1.6533388071438695,101.51936379132371,0,0
10:44:09,1.6533388071438695,101.51929189617022,0,0,0,0,0,0,0,0,0,180,forward,0,0,0,1.6533388071438695,101.51936379132371,0,0
10:44:11,1.6533388071438695,101.51929189617022,0,0,0,0,0,0,0,0,0,180,forward,0,0,0,1.6533388071438695,101.51936379132371,0,0
10:44:14,1.6533388071438695,101.51929189617022,0,0,0,0,0,0,0,0,0,180,forward,0,0,0,1.6533388071438695,101.51936379132371,0,0
10:44:16,1.6533388071438695,101.51929189617022,0,0,0,0,0,0,0,0,0,180,forward,0,0,0,1.6533388071438695,101.51936379132371,0,0
10:44:18,1.6533388071438695,101.51929189617022,0,0,0,0,0,0,0,0,0,180,forward,0,0,0,1.6533388071438695,101.51936379132371,0,0
10:44:20,1.6533388071438695,101.51929189617022,0,0,0,0,0,0,0,0,0,180,forward,0,0,0,1.6533388071438695,101.51936379132371,0,0
10:44:22,1.6533388071438695,101.51929189617022,0,0,0,0,0,0,0,0,0,180,forward,0,0,0,1.6533388071438695,101.51936379132371,0,0
10:44:24,1.6533388071438695,101.51929189617022,0,0,0,0,0,0,0,0,0,180,forward,0,0,0,1.6533388071438695,101.51936379132371,0,0
10:44:27,1.6533388071438695,101.51929189617022,0,0,0,0,0,0,0,0,0,180,forward,0,0,0,1.6533388071438695,101.51936379132371,0,0
10:44:29,1.6533388071438695,101.51929189617022,0,0,0,0,0,0,0,0,0,180,forward,0,0,0,1.6533388071438695,101.51936379132371,0,0
10:44:31,1.6533388071438695,101.51929189617022,0,0,0,0,0,0,0,0,0,180,forward,0,0,0,1.6533388071438695,101.51936379132371,0,0
10:44:33,1.6533388071438695,101.51929189617022,0,0,0,0,0,0,0,0,0,180,forward,0,0,0,1.6533388071438695,101.51936379132371,0,0
10:44:35,1.6533388071438695,101.51929189617022,0,0,0,0,0,0,0,0,0,180,forward,0,0,0,1.6533388071438695,101.51936379132371,0,0
10:44:38,1.6533388071438695,101.51929189617022,0,0,0,0,0,0,0,0,0,180,forward,0,0,0,1.6533388071438695,101.51936379132371,0,0
10:44:40,1.6533388071438695,101.51929189617022,0,0,0,0,0,0,0,0,0,180,forward,0,0,0,1.6533388071438695,101.51936379132371,0,0
10:44:42,1.6533388071438695,101.51929189617022,0,0,0,0,0,0,0,0,0,180,forward,0,0,0,1.6533388071438695,101.51936379132371,0,0
10:44:44,1.6533388071438695,101.51929189617022,0,0,0,0,0,0,0,0,0,180,forward,0,0,0,1.6533388071438695,101.51936379132371,0,0
10:44:46,1.6533388071438695,101.51929189617022,0,0,0,0,0,0,0,0,0,180,forward,0,0,0,1.6533388071438695,101.51936379132371,0,0
10:44:49,1.6533388071438695,101.51929189617022,0,0,0,0,0,0,0,0,0,180,forward,0,0,0,1.6533388071438695,101.51936379132371,0,0
10:44:51,1.6533388071438695,101.51929189617022,0,0,0,0,0,0,0,0,0,180,forward,0,0,0,1.6533388071438695,101.51936379132371,0,0
10:44:53,1.6533388071438695,101.51929189617022,0,0,0,0,0,0,0,0,0,180,forward,0,0,0,1.6533388071438695,101.51936379132371,0,0
10:44:55,1.6533388071438695,101.51929189617022,0,0,0,0,0,0,0,0,0,180,forward,0,0,0,1.6533388071438695,101.51936379132371,0,0
10:44:57,1.6533388071438695,101.51929189617022,0,0,0,0,0,0,0,0,0,180,forward,0,0,0,1.6533388071438695,101.51936379132371,0,0
10:45:00,1.6533388071438695,101.51929189617022,0,0,0,0,0,0,0,0,0,180,forward,0,0,0,1.6533388071438695,101.51936379132371,0,0
10:45:02,1.6533388071438695,101.51929189617022,0,0,0,0,0,0,0,0,0,180,forward,0,0,0,1.6533388071438695,101.51936379132371,0,0
10:45:04,1.6533388071438695,101.51929189617022,0,0,0,0,0,0,0,0,0,180,forward,0,0,0,1.6533388071438695,101.51936379132371,0,0
10:45:06,1.6533388071438695,101.51929189617022,0,0,0,0,0,0,0,0,0,180,forward,0,0,0,1.6533388071438695,101.51936379132371,0,0
10:45:08,1.6533388071438695,101.51929189617022,0,0,0,0,0,0,0,0,0,180,forward,0,0,0,1.6533388071438695,101.51936379132371,0,0
10:45:10,1.6533388071438695,101.51929189617022,0,0,0,0,0,0,0,0,0,180,forward,0,0,0,1.6533388071438695,101.51936379132371,0,0
10:45:12,1.6533388071438695,101.51929189617022,0,0,0,0,0,0,0,0,0,180,forward,0,0,0,1.6533388071438695,101.51936379132371,0,0
10:45:14,1.6533388071438695,101.51929189617022,0,0,0,0,0,0,0,0,0,180,forward,0,0,0,1.6533388071438695,101.51936379132371,0,0
10:45:16,1.6533388071438695,101.51929189617022,0,0,0,0,0,0,0,0,0,180,forward,0,0,0,1.6533388071438695,101.51936379132371,0,0
10:45:19,1.6533388071438695,101.51929189617022,0,0,0,0,0,0,0,0,0,180,forward,0,0,0,1.6533388071438695,101.51936379132371,0,0
10:45:21,1.6533388071438695,101.51929189617022,0,0,0,0,0,0,0,0,0,180,forward,0,0,0,1.6533388071438695,101.51936379132371,0,0
10:45:23,1.6533388071438695,101.51929189617022,0,0,0,0,0,0,0,0,0,180,forward,0,0,0,1.6533388071438695,101.51936379132371,0,0
10:45:25,1.6533388071438695,101.51929189617022,0,0,0,0,0,0,0,0,0,180,forward,0,0,0,1.6533388071438695,101.51936379132371,0,0
10:45:27,1.6533388071438695,101.51929189617022,0,0,0,0,0,0,0,0,0,180,forward,0,0,0,1.6533388071438695,101.51936379132371,0,0
10:45:29,1.6533388071438695,101.51929189617022,0,0,0,0,0,0,0,0,0,180,forward,0,0,0,1.6533388071438695,101.51936379132371,0,0
10:45:31,1.6533388071438695,101.51929189617022,0,0,0,0,0,0,0,0,0,180,forward,0,0,0,1.6533388071438695,101.51936379132371,0,0
10:45:34,1.6533388071438695,101.51929189617022,0,0,0,0,0,0,0,0,0,180,forward,0,0,0,1.6533388071438695,101.51936379132371,0,0
10:45:36,1.6533388071438695,101.51929189617022,0,0,0,0,0,0,0,0,0,180,forward,0,0,0,1.6533388071438695,101.51936379132371,0,0
10:45:38,1.6533388071438695,101.51929189617022,0,0,0,0,0,0,0,0,0,180,forward,0,0,0,1.6533388071438695,101.51936379132371,0,0
10:45:40,1.6533388071438695,101.51929189617022,0,0,0,0,0,0,0,0,0,180,forward,0,0,0,1.6533388071438695,101.51936379132371,0,0
10:45:42,1.6533388071438695,101.51929189617022,0,0,0,0,0,0,0,0,0,180,forward,0,0,0,1.6533388071438695,101.51936379132371,0,0
10:45:44,1.6533388071438695,101.51929189617022,0,0,0,0,0,0,0,0,0,180,forward,0,0,0,1.6533388071438695,101.51936379132371,0,0
10:45:47,1.6533388071438695,101.51929189617022,0,0,0,0,0,0,0,0,0,180,forward,0,0,0,1.6533388071438695,101.51936379132371,0,0
10:45:49,1.6533388071438695,101.51929189617022,0,0,0,0,0,0,0,0,0,180,forward,0,0,0,1.6533388071438695,101.51936379132371,0,0
10:45:51,1.6533388071438695,101.51929189617022,0,0,0,0,0,0,0,0,0,180,forward,0,0,0,1.6533388071438695,101.51936379132371,0,0
10:45:53,1.6533388071438695,101.51929189617022,0,0,0,0,0,0,0,0,0,180,forward,0,0,0,1.6533388071438695,101.51936379132371,0,0
10:45:55,1.6533388071438695,101.51929189617022,0,0,0,0,0,0,0,0,0,180,forward,0,0,0,1.6533388071438695,101.51936379132371,0,0
10:45:58,1.6533388071438695,101.51929189617022,0,0,0,0,0,0,0,0,0,180,forward,0,0,0,1.6533388071438695,101.51936379132371,0,0
10:46:48,1.6533388071438695,101.51929189617022,0,0,0,0,0,0,0,0,0,180,forward,0,0,0,1.6533388071438695,101.51936379132371,0,0
10:46:50,1.6533388071438695,101.51929189617022,0,0,0,0,0,0,0,0,0,180,forward,0,0,0,1.6533388071438695,101.51936379132371,0,0
10:46:52,1.6533388071438695,101.51929189617022,0,0,0,0,0,0,0,0,0,180,forward,0,0,0,1.6533388071438695,101.51936379132371,0,0
10:46:55,1.6533388071438695,101.51929189617022,0,0,0,0,0,0,0,0,0,180,forward,0,0,0,1.6533388071438695,101.51936379132371,0,0
10:46:57,1.6533388071438695,101.51929189617022,0,0,0,0,0,0,0,0,0,180,forward,0,0,0,1.6533388071438695,101.51936379132371,0,0
10:46:59,1.6533388071438695,101.51929189617022,0,0,0,0,0,0,0,0,0,180,forward,0,0,0,1.6533388071438695,101.51936379132371,0,0
10:47:01,1.6533388071438695,101.51929189617022,0,0,0,0,0,0,0,0,0,180,forward,0,0,0,1.6533388071438695,101.51936379132371,0,0
10:47:03,1.6533388071438695,101.51929189617022,0,0,0,0,0,0,0,0,0,180,forward,0,0,0,1.6533388071438695,101.51936379132371,0,0
10:47:05,1.6533388071438695,101.51929189617022,0,0,0,0,0,0,0,0,0,180,forward,0,0,0,1.6533388071438695,101.51936379132371,0,0
10:47:07,1.6533388071438695,101.51929189617022,0,0,0,0,0,0,0,0,0,180,forward,0,0,0,1.6533388071438695,101.51936379132371,0,0
10:47:09,1.6533388071438695,101.51929189617022,0,0,0,0,0,0,0,0,0,180,forward,0,0,0,1.6533388071438695,101.51936379132371,0,0
10:47:11,1.6533388071438695,101.51929189617022,0,0,0,0,0,0,0,0,0,180,forward,0,0,0,1.6533388071438695,101.51936379132371,0,0
10:47:13,1.6533388071438695,101.51929189617022,0,0,0,0,0,0,0,0,0,180,forward,0,0,0,1.6533388071438695,101.51936379132371,0,0
10:47:16,1.6533388071438695,101.51929189617022,0,0,0,0,0,0,0,0,0,180,forward,0,0,0,1.6533388071438695,101.51936379132371,0,0
10:47:18,1.6533388071438695,101.51929189617022,0,0,0,0,0,0,0,0,0,180,forward,0,0,0,1.6533388071438695,101.51936379132371,0,0
10:47:20,1.6533388071438695,101.51929189617022,0,0,0,0,0,0,0,0,0,180,forward,0,0,0,1.6533388071438695,101.51936379132371,0,0
10:47:22,1.6533388071438695,101.51929189617022,0,0,0,0,0,0,0,0,0,180,forward,0,0,0,1.6533388071438695,101.51936379132371,0,0
10:47:24,1.6533388071438695,101.51929189617022,0,0,0,0,0,0,0,0,0,180,forward,0,0,0,1.6533388071438695,101.51936379132371,0,0
10:47:27,1.6533388071438695,101.51929189617022,0,0,0,0,0,0,0,0,0,180,forward,0,0,0,1.6533388071438695,101.51936379132371,0,0
10:47:29,1.6533388071438695,101.51929189617022,0,0,0,0,0,0,0,0,0,180,forward,0,0,0,1.6533388071438695,101.51936379132371,0,0
10:47:31,1.6533388071438695,101.51929189617022,0,0,0,0,0,0,0,0,0,180,forward,0,0,0,1.6533388071438695,101.51936379132371,0,0
10:47:33,1.6533388071438695,101.51929189617022,0,0,0,0,0,0,0,0,0,180,forward,0,0,0,1.6533388071438695,101.51936379132371,0,0
10:47:35,1.6533388071438695,101.51929189617022,0,0,0,0,0,0,0,0,0,180,forward,0,0,0,1.6533388071438695,101.51936379132371,0,0
10:47:38,1.6533388071438695,101.51929189617022,0,0,0,0,0,0,0,0,0,180,forward,0,0,0,1.6533388071438695,101.51936379132371,0,0
10:47:40,1.6533388071438695,101.51929189617022,0,0,0,0,0,0,0,0,0,180,forward,0,0,0,1.6533388071438695,101.51936379132371,0,0
10:47:42,1.6533388071438695,101.51929189617022,0,0,0,0,0,0,0,0,0,180,forward,0,0,0,1.6533388071438695,101.51936379132371,0,0
10:47:44,1.6533388071438695,101.51929189617022,0,0,0,0,0,0,0,0,0,180,forward,0,0,0,1.6533388071438695,101.51936379132371,0,0
10:47:46,1.6533388071438695,101.51929189617022,0,0,0,0,0,0,0,0,0,180,forward,0,0,0,1.6533388071438695,101.51936379132371,0,0
10:47:49,1.6533388071438695,101.51929189617022,0,0,0,0,0,0,0,0,0,180,forward,0,0,0,1.6533388071438695,101.51936379132371,0,0
10:47:51,1.6533388071438695,101.51929189617022,0,0,0,0,0,0,0,0,0,180,forward,0,0,0,1.6533388071438695,101.51936379132371,0,0
10:47:53,1.6533388071438695,101.51929189617022,0,0,0,0,0,0,0,0,0,180,forward,0,0,0,1.6533388071438695,101.51936379132371,0,0
10:47:55,1.6533388071438695,101.51929189617022,0,0,0,0,0,0,0,0,0,180,forward,0,0,0,1.6533388071438695,101.51936379132371,0,0
10:47:57,1.6533388071438695,101.51929189617022,0,0,0,0,0,0,0,0,0,180,forward,0,0,0,1.6533388071438695,101.51936379132371,0,0
10:48:00,1.6533388071438695,101.51929189617022,0,0,0,0,0,0,0,0,0,180,forward,0,0,0,1.6533388071438695,101.51936379132371,0,0
10:48:02,1.6533388071438695,101.51929189617022,0,0,0,0,0,0,0,0,0,180,forward,0,0,0,1.6533388071438695,101.51936379132371,0,0
10:48:04,1.6533388071438695,101.51929189617022,0,0,0,0,0,0,0,0,0,180,forward,0,0,0,1.6533388071438695,101.51936379132371,0,0
10:48:06,1.6533388071438695,101.51929189617022,0,0,0,0,0,0,0,0,0,180,forward,0,0,0,1.6533388071438695,101.51936379132371,0,0
10:48:08,1.6533388071438695,101.51929189617022,0,0,0,0,0,0,0,0,0,180,forward,0,0,0,1.6533388071438695,101.51936379132371,0,0
10:48:11,1.6533388071438695,101.51929189617022,0,0,0,0,0,0,0,0,0,180,forward,0,0,0,1.6533388071438695,101.51936379132371,0,0
10:48:13,1.6533388071438695,101.51929189617022,0,0,0,0,0,0,0,0,0,180,forward,0,0,0,1.6533388071438695,101.51936379132371,0,0
10:48:15,1.6533388071438695,101.51929189617022,0,0,0,0,0,0,0,0,0,180,forward,0,0,0,1.6533388071438695,101.51936379132371,0,0
10:48:17,1.6533388071438695,101.51929189617022,0,0,0,0,0,0,0,0,0,180,forward,0,0,0,1.6533388071438695,101.51936379132371,0,0
10:48:19,1.6533388071438695,101.51929189617022,0,0,0,0,0,0,0,0,0,180,forward,0,0,0,1.6533388071438695,101.51936379132371,0,0
10:48:22,1.6533388071438695,101.51929189617022,0,0,0,0,0,0,0,0,0,180,forward,0,0,0,1.6533388071438695,101.51936379132371,0,0
10:48:24,1.6533388071438695,101.51929189617022,0,0,0,0,0,0,0,0,0,180,forward,0,0,0,1.6533388071438695,101.51936379132371,0,0
10:48:26,1.6533388071438695,101.51929189617022,0,0,0,0,0,0,0,0,0,180,forward,0,0,0,1.6533388071438695,101.51936379132371,0,0
10:48:28,1.6533388071438695,101.51929189617022,0,0,0,0,0,0,0,0,0,180,forward,0,0,0,1.6533388071438695,101.51936379132371,0,0
10:48:30,1.6533388071438695,101.51929189617022,0,0,0,0,0,0,0,0,0,180,forward,0,0,0,1.6533388071438695,101.51936379132371,0,0
10:48:33,1.6533388071438695,101.51929189617022,0,0,0,0,0,0,0,0,0,180,forward,0,0,0,1.6533388071438695,101.51936379132371,0,0
10:48:35,1.6533388071438695,101.51929189617022,0,0,0,0,0,0,0,0,0,180,forward,0,0,0,1.6533388071438695,101.51936379132371,0,0
10:48:37,1.6533388071438695,101.51929189617022,0,0,0,0,0,0,0,0,0,180,forward,0,0,0,1.6533388071438695,101.51936379132371,0,0
10:48:39,1.6533388071438695,101.51929189617022,0,0,0,0,0,0,0,0,0,180,forward,0,0,0,1.6533388071438695,101.51936379132371,0,0
10:48:41,1.6533388071438695,101.51929189617022,0,0,0,0,0,0,0,0,0,180,forward,0,0,0,1.6533388071438695,101.51936379132371,0,0
10:48:43,1.6533388071438695,101.51929189617022,0,0,0,0,0,0,0,0,0,180,forward,0,0,0,1.6533388071438695,101.51936379132371,0,0
10:48:45,1.6533388071438695,101.51929189617022,0,0,0,0,0,0,0,0,0,180,forward,0,0,0,1.6533388071438695,101.51936379132371,0,0
10:48:48,1.6533388071438695,101.51929189617022,0,0,0,0,0,0,0,0,0,180,forward,0,0,0,1.6533388071438695,101.51936379132371,0,0
10:48:50,1.6533388071438695,101.51929189617022,0,0,0,0,0,0,0,0,0,180,forward,0,0,0,1.6533388071438695,101.51936379132371,0,0
10:48:52,1.6533388071438695,101.51929189617022,0,0,0,0,0,0,0,0,0,180,forward,0,0,0,1.6533388071438695,101.51936379132371,0,0
10:48:54,1.6533388071438695,101.51929189617022,0,0,0,0,0,0,0,0,0,180,forward,0,0,0,1.6533388071438695,101.51936379132371,0,0
10:48:56,1.6533388071438695,101.51929189617022,0,0,0,0,0,0,0,0,0,180,forward,0,0,0,1.6533388071438695,101.51936379132371,0,0
10:48:58,1.6533388071438695,101.51929189617022,0,0,0,0,0,0,0,0,0,180,forward,0,0,0,1.6533388071438695,101.51936379132371,0,0
10:49:01,1.6533388071438695,101.51929189617022,0,0,0,0,0,0,0,0,0,180,forward,0,0,0,1.6533388071438695,101.51936379132371,0,0
10:49:03,1.6533388071438695,101.51929189617022,0,0,0,0,0,0,0,0,0,180,forward,0,0,0,1.6533388071438695,101.51936379132371,0,0
10:49:05,1.6533388071438695,101.51929189617022,0,0,0,0,0,0,0,0,0,180,forward,0,0,0,1.6533388071438695,101.51936379132371,0,0
10:49:07,1.6533388071438695,101.51929189617022,0,0,0,0,0,0,0,0,0,180,forward,0,0,0,1.6533388071438695,101.51936379132371,0,0
10:49:09,1.6533388071438695,101.51929189617022,0,0,0,0,0,0,0,0,0,180,forward,0,0,0,1.6533388071438695,101.51936379132371,0,0
10:49:11,1.6533388071438695,101.51929189617022,0,0,0,0,0,0,0,0,0,180,forward,0,0,0,1.6533388071438695,101.51936379132371,0,0
10:49:14,1.6533388071438695,101.51929189617022,0,0,0,0,0,0,0,0,0,180,forward,0,0,0,1.6533388071438695,101.51936379132371,0,0
10:49:16,1.6533388071438695,101.51929189617022,0,0,0,0,0,0,0,0,0,180,forward,0,0,0,1.6533388071438695,101.51936379132371,0,0
10:49:18,1.6533388071438695,101.51929189617022,0,0,0,0,0,0,0,0,0,180,forward,0,0,0,1.6533388071438695,101.51936379132371,0,0
10:49:20,1.6533388071438695,101.51929189617022,0,0,0,0,0,0,0,0,0,180,forward,0,0,0,1.6533388071438695,101.51936379132371,0,0
10:49:22,1.6533388071438695,101.51929189617022,0,0,0,0,0,0,0,0,0,180,forward,0,0,0,1.6533388071438695,101.51936379132371,0,0
10:49:25,1.6533388071438695,101.51929189617022,0,0,0,0,0,0,0,0,0,180,forward,0,0,0,1.6533388071438695,101.51936379132371,0,0
10:49:27,1.6533388071438695,101.51929189617022,0,0,0,0,0,0,0,0,0,180,forward,0,0,0,1.6533388071438695,101.51936379132371,0,0
10:49:29,1.6533388071438695,101.51929189617022,0,0,0,0,0,0,0,0,0,180,forward,0,0,0,1.6533388071438695,101.51936379132371,0,0
10:49:31,1.6533388071438695,101.51929189617022,0,0,0,0,0,0,0,0,0,180,forward,0,0,0,1.6533388071438695,101.51936379132371,0,0
10:49:33,1.6533388071438695,101.51929189617022,0,0,0,0,0,0,0,0,0,180,forward,0,0,0,1.6533388071438695,101.51936379132371,0,0
10:49:35,1.6533388071438695,101.51929189617022,0,0,0,0,0,0,0,0,0,180,forward,0,0,0,1.6533388071438695,101.51936379132371,0,0
10:49:37,1.6533388071438695,101.51929189617022,0,0,0,0,0,0,0,0,0,180,forward,0,0,0,1.6533388071438695,101.51936379132371,0,0
10:49:39,1.6533388071438695,101.51929189617022,0,0,0,0,0,0,0,0,0,180,forward,0,0,0,1.6533388071438695,101.51936379132371,0,0
10:49:42,1.6533388071438695,101.51929189617022,0,0,0,0,0,0,0,0,0,180,forward,0,0,0,1.6533388071438695,101.51936379132371,0,0
10:49:44,1.6533388071438695,101.51929189617022,0,0,0,0,0,0,0,0,0,180,forward,0,0,0,1.6533388071438695,101.51936379132371,0,0
10:49:46,1.6533388071438695,101.51929189617022,0,0,0,0,0,0,0,0,0,180,forward,0,0,0,1.6533388071438695,101.51936379132371,0,0
10:49:48,1.6533388071438695,101.51929189617022,0,0,0,0,0,0,0,0,0,180,forward,0,0,0,1.6533388071438695,101.51936379132371,0,0
10:49:50,1.6533388071438695,101.51929189617022,0,0,0,0,0,0,0,0,0,180,forward,0,0,0,1.6533388071438695,101.51936379132371,0,0
10:49:52,1.6533388071438695,101.51929189617022,0,0,0,0,0,0,0,0,0,180,forward,0,0,0,1.6533388071438695,101.51936379132371,0,0
10:49:54,1.6533388071438695,101.51929189617022,0,0,0,0,0,0,0,0,0,180,forward,0,0,0,1.6533388071438695,101.51936379132371,0,0
10:49:56,1.6533388071438695,101.51929189617022,0,0,0,0,0,0,0,0,0,180,forward,0,0,0,1.6533388071438695,101.51936379132371,0,0
10:49:58,1.6533388071438695,101.51929189617022,0,0,0,0,0,0,0,0,0,180,forward,0,0,0,1.6533388071438695,101.51936379132371,0,0
10:50:01,1.6533388071438695,101.51929189617022,0,0,0,0,0,0,0,0,0,180,forward,0,0,0,1.6533388071438695,101.51936379132371,0,0
10:50:03,1.6533388071438695,101.51929189617022,0,0,0,0,0,0,0,0,0,180,forward,0,0,0,1.6533388071438695,101.51936379132371,0,0
10:50:05,1.6533388071438695,101.51929189617022,0,0,0,0,0,0,0,0,0,180,forward,0,0,0,1.6533388071438695,101.51936379132371,0,0
10:50:07,1.6533388071438695,101.51929189617022,0,0,0,0,0,0,0,0,0,180,forward,0,0,0,1.6533388071438695,101.51936379132371,0,0
10:50:09,1.6533388071438695,101.51929189617022,0,0,0,0,0,0,0,0,0,180,forward,0,0,0,1.6533388071438695,101.51936379132371,0,0
10:50:11,1.6533388071438695,101.51929189617022,0,0,0,0,0,0,0,0,0,180,forward,0,0,0,1.6533388071438695,101.51936379132371,0,0
10:50:13,1.6533388071438695,101.51929189617022,0,0,0,0,0,0,0,0,0,180,forward,0,0,0,1.6533388071438695,101.51936379132371,0,0
10:50:15,1.6533388071438695,101.51929189617022,0,0,0,0,0,0,0,0,0,180,forward,0,0,0,1.6533388071438695,101.51936379132371,0,0
10:50:18,1.6533388071438695,101.51929189617022,0,0,0,0,0,0,0,0,0,180,forward,0,0,0,1.6533388071438695,101.51936379132371,0,0
10:50:20,1.6533388071438695,101.51929189617022,0,0,0,0,0,0,0,0,0,180,forward,0,0,0,1.6533388071438695,101.51936379132371,0,0
10:50:22,1.6533388071438695,101.51929189617022,0,0,0,0,0,0,0,0,0,180,forward,0,0,0,1.6533388071438695,101.51936379132371,0,0
10:50:24,1.6533388071438695,101.51929189617022,0,0,0,0,0,0,0,0,0,180,forward,0,0,0,1.6533388071438695,101.51936379132371,0,0
10:50:26,1.6533388071438695,101.51929189617022,0,0,0,0,0,0,0,0,0,180,forward,0,0,0,1.6533388071438695,101.51936379132371,0,0
10:50:28,1.6533388071438695,101.51929189617022,0,0,0,0,0,0,0,0,0,180,forward,0,0,0,1.6533388071438695,101.51936379132371,0,0
10:50:31,1.6533388071438695,101.51929189617022,0,0,0,0,0,0,0,0,0,180,forward,0,0,0,1.6533388071438695,101.51936379132371,0,0
10:50:33,1.6533388071438695,101.51929189617022,0,0,0,0,0,0,0,0,0,180,forward,0,0,0,1.6533388071438695,101.51936379132371,0,0
10:50:35,1.6533388071438695,101.51929189617022,0,0,0,0,0,0,0,0,0,180,forward,0,0,0,1.6533388071438695,101.51936379132371,0,0
10:50:37,1.6533388071438695,101.51929189617022,0,0,0,0,0,0,0,0,0,180,forward,0,0,0,1.6533388071438695,101.51936379132371,0,0
10:50:39,1.6533388071438695,101.51929189617022,0,0,0,0,0,0,0,0,0,180,forward,0,0,0,1.6533388071438695,101.51936379132371,0,0
10:50:41,1.6533388071438695,101.51929189617022,0,0,0,0,0,0,0,0,0,180,forward,0,0,0,1.6533388071438695,101.51936379132371,0,0
10:50:43,1.6533388071438695,101.51929189617022,0,0,0,0,0,0,0,0,0,180,forward,0,0,0,1.6533388071438695,101.51936379132371,0,0
10:50:45,1.6533388071438695,101.51929189617022,0,0,0,0,0,0,0,0,0,180,forward,0,0,0,1.6533388071438695,101.51936379132371,0,0
10:50:48,1.6533388071438695,101.51929189617022,0,0,0,0,0,0,0,0,0,180,forward,0,0,0,1.6533388071438695,101.51936379132371,0,0
10:50:50,1.6533388071438695,101.51929189617022,0,0,0,0,0,0,0,0,0,180,forward,0,0,0,1.6533388071438695,101.51936379132371,0,0
10:50:52,1.6533388071438695,101.51929189617022,0,0,0,0,0,0,0,0,0,180,forward,0,0,0,1.6533388071438695,101.51936379132371,0,0
10:50:54,1.6533388071438695,101.51929189617022,0,0,0,0,0,0,0,0,0,180,forward,0,0,0,1.6533388071438695,101.51936379132371,0,0
10:50:56,1.6533388071438695,101.51929189617022,0,0,0,0,0,0,0,0,0,180,forward,0,0,0,1.6533388071438695,101.51936379132371,0,0
10:50:58,1.6533388071438695,101.51929189617022,0,0,0,0,0,0,0,0,0,180,forward,0,0,0,1.6533388071438695,101.51936379132371,0,0
10:51:00,1.6533388071438695,101.51929189617022,0,0,0,0,0,0,0,0,0,180,forward,0,0,0,1.6533388071438695,101.51936379132371,0,0
10:51:03,1.6533388071438695,101.51929189617022,0,0,0,0,0,0,0,0,0,180,forward,0,0,0,1.6533388071438695,101.51936379132371,0,0
10:51:05,1.6533388071438695,101.51929189617022,0,0,0,0,0,0,0,0,0,180,forward,0,0,0,1.6533388071438695,101.51936379132371,0,0
10:51:07,1.6533388071438695,101.51929189617022,0,0,0,0,0,0,0,0,0,180,forward,0,0,0,1.6533388071438695,101.51936379132371,0,0
10:51:09,1.6533388071438695,101.51929189617022,0,0,0,0,0,0,0,0,0,180,forward,0,0,0,1.6533388071438695,101.51936379132371,0,0
10:51:11,1.6533388071438695,101.51929189617022,0,0,0,0,0,0,0,0,0,180,forward,0,0,0,1.6533388071438695,101.51936379132371,0,0
10:51:13,1.6533388071438695,101.51929189617022,0,0,0,0,0,0,0,0,0,180,forward,0,0,0,1.6533388071438695,101.51936379132371,0,0
10:51:15,1.6533388071438695,101.51929189617022,0,0,0,0,0,0,0,0,0,180,forward,0,0,0,1.6533388071438695,101.51936379132371,0,0
10:51:17,1.6533388071438695,101.51929189617022,0,0,0,0,0,0,0,0,0,180,forward,0,0,0,1.6533388071438695,101.51936379132371,0,0
10:51:20,1.6533388071438695,101.51929189617022,0,0,0,0,0,0,0,0,0,180,forward,0,0,0,1.6533388071438695,101.51936379132371,0,0
10:51:22,1.6533388071438695,101.51929189617022,0,0,0,0,0,0,0,0,0,180,forward,0,0,0,1.6533388071438695,101.51936379132371,0,0
10:51:24,1.6533388071438695,101.51929189617022,0,0,0,0,0,0,0,0,0,180,forward,0,0,0,1.6533388071438695,101.51936379132371,0,0
10:51:26,1.6533388071438695,101.51929189617022,0,0,0,0,0,0,0,0,0,180,forward,0,0,0,1.6533388071438695,101.51936379132371,0,0
10:51:28,1.6533388071438695,101.51929189617022,0,0,0,0,0,0,0,0,0,180,forward,0,0,0,1.6533388071438695,101.51936379132371,0,0
10:51:30,1.6533388071438695,101.51929189617022,0,0,0,0,0,0,0,0,0,180,forward,0,0,0,1.6533388071438695,101.51936379132371,0,0
10:51:32,1.6533388071438695,101.51929189617022,0,0,0,0,0,0,0,0,0,180,forward,0,0,0,1.6533388071438695,101.51936379132371,0,0
10:51:34,1.6533388071438695,101.51929189617022,0,0,0,0,0,0,0,0,0,180,forward,0,0,0,1.6533388071438695,101.51936379132371,0,0
10:51:37,1.6533388071438695,101.51929189617022,0,0,0,0,0,0,0,0,0,180,forward,0,0,0,1.6533388071438695,101.51936379132371,0,0
10:51:39,1.6533388071438695,101.51929189617022,0,0,0,0,0,0,0,0,0,180,forward,0,0,0,1.6533388071438695,101.51936379132371,0,0
10:51:41,1.6533388071438695,101.51929189617022,0,0,0,0,0,0,0,0,0,180,forward,0,0,0,1.6533388071438695,101.51936379132371,0,0
10:51:43,1.6533388071438695,101.51929189617022,0,0,0,0,0,0,0,0,0,180,forward,0,0,0,1.6533388071438695,101.51936379132371,0,0
10:51:45,1.6533388071438695,101.51929189617022,0,0,0,0,0,0,0,0,0,180,forward,0,0,0,1.6533388071438695,101.51936379132371,0,0
10:51:48,1.6533388071438695,101.51929189617022,0,0,0,0,0,0,0,0,0,180,forward,0,0,0,1.6533388071438695,101.51936379132371,0,0
10:51:50,1.6533388071438695,101.51929189617022,0,0,0,0,0,0,0,0,0,180,forward,0,0,0,1.6533388071438695,101.51936379132371,0,0
10:51:52,1.6533388071438695,101.51929189617022,0,0,0,0,0,0,0,0,0,180,forward,0,0,0,1.6533388071438695,101.51936379132371,0,0
10:51:54,1.6533388071438695,101.51929189617022,0,0,0,0,0,0,0,0,0,180,forward,0,0,0,1.6533388071438695,101.51936379132371,0,0
10:51:56,1.6533388071438695,101.51929189617022,0,0,0,0,0,0,0,0,0,180,forward,0,0,0,1.6533388071438695,101.51936379132371,0,0
10:51:58,1.6533388071438695,101.51929189617022,0,0,0,0,0,0,0,0,0,180,forward,0,0,0,1.6533388071438695,101.51936379132371,0,0
10:52:00,1.6533388071438695,101.51929189617022,0,0,0,0,0,0,0,0,0,180,forward,0,0,0,1.6533388071438695,101.51936379132371,0,0
10:52:02,1.6533388071438695,101.51929189617022,0,0,0,0,0,0,0,0,0,180,forward,0,0,0,1.6533388071438695,101.51936379132371,0,0
10:52:04,1.6533388071438695,101.51929189617022,0,0,0,0,0,0,0,0,0,180,forward,0,0,0,1.6533388071438695,101.51936379132371,0,0
10:52:07,1.6533388071438695,101.51929189617022,0,0,0,0,0,0,0,0,0,180,forward,0,0,0,1.6533388071438695,101.51936379132371,0,0
10:52:09,1.6533388071438695,101.51929189617022,0,0,0,0,0,0,0,0,0,180,forward,0,0,0,1.6533388071438695,101.51936379132371,0,0
10:52:11,1.6533388071438695,101.51929189617022,0,0,0,0,0,0,0,0,0,180,forward,0,0,0,1.6533388071438695,101.51936379132371,0,0
10:52:13,1.6533388071438695,101.51929189617022,0,0,0,0,0,0,0,0,0,180,forward,0,0,0,1.6533388071438695,101.51936379132371,0,0
10:52:15,1.6533388071438695,101.51929189617022,0,0,0,0,0,0,0,0,0,180,forward,0,0,0,1.6533388071438695,101.51936379132371,0,0
10:52:17,1.6533388071438695,101.51929189617022,0,0,0,0,0,0,0,0,0,180,forward,0,0,0,1.6533388071438695,101.51936379132371,0,0
10:52:20,1.6533388071438695,101.51929189617022,0,0,0,0,0,0,0,0,0,180,forward,0,0,0,1.6533388071438695,101.51936379132371,0,0
10:52:22,1.6533388071438695,101.51929189617022,0,0,0,0,0,0,0,0,0,180,forward,0,0,0,1.6533388071438695,101.51936379132371,0,0
10:52:24,1.6533388071438695,101.51929189617022,0,0,0,0,0,0,0,0,0,180,forward,0,0,0,1.6533388071438695,101.51936379132371,0,0
10:52:26,1.6533388071438695,101.51929189617022,0,0,0,0,0,0,0,0,0,180,forward,0,0,0,1.6533388071438695,101.51936379132371,0,0
10:52:28,1.6533388071438695,101.51929189617022,0,0,0,0,0,0,0,0,0,180,forward,0,0,0,1.6533388071438695,101.51936379132371,0,0
10:52:31,1.6533388071438695,101.51929189617022,0,0,0,0,0,0,0,0,0,180,forward,0,0,0,1.6533388071438695,101.51936379132371,0,0
10:52:33,1.6533388071438695,101.51929189617022,0,0,0,0,0,0,0,0,0,180,forward,0,0,0,1.6533388071438695,101.51936379132371,0,0
10:52:35,1.6533388071438695,101.51929189617022,0,0,0,0,0,0,0,0,0,180,forward,0,0,0,1.6533388071438695,101.51936379132371,0,0
10:52:37,1.6533388071438695,101.51929189617022,0,0,0,0,0,0,0,0,0,180,forward,0,0,0,1.6533388071438695,101.51936379132371,0,0
10:52:39,1.6533388071438695,101.51929189617022,0,0,0,0,0,0,0,0,0,180,forward,0,0,0,1.6533388071438695,101.51936379132371,0,0
10:52:42,1.6533388071438695,101.51929189617022,0,0,0,0,0,0,0,0,0,180,forward,0,0,0,1.6533388071438695,101.51936379132371,0,0
10:52:44,1.6533388071438695,101.51929189617022,0,0,0,0,0,0,0,0,0,180,forward,0,0,0,1.6533388071438695,101.51936379132371,0,0
10:52:46,1.6533388071438695,101.51929189617022,0,0,0,0,0,0,0,0,0,180,forward,0,0,0,1.6533388071438695,101.51936379132371,0,0
10:52:49,1.6533388071438695,101.51929189617022,0,0,0,0,0,0,0,0,0,180,forward,0,0,0,1.6533388071438695,101.51936379132371,0,0
10:52:51,1.6533388071438695,101.51929189617022,0,0,0,0,0,0,0,0,0,180,forward,0,0,0,1.6533388071438695,101.51936379132371,0,0
10:52:53,1.6533388071438695,101.51929189617022,0,0,0,0,0,0,0,0,0,180,forward,0,0,0,1.6533388071438695,101.51936379132371,0,0
10:52:55,1.6533388071438695,101.51929189617022,0,0,0,0,0,0,0,0,0,180,forward,0,0,0,1.6533388071438695,101.51936379132371,0,0
10:52:57,1.6533388071438695,101.51929189617022,0,0,0,0,0,0,0,0,0,180,forward,0,0,0,1.6533388071438695,101.51936379132371,0,0
10:52:59,1.6533388071438695,101.51929189617022,0,0,0,0,0,0,0,0,0,180,forward,0,0,0,1.6533388071438695,101.51936379132371,0,0
10:53:01,1.6533388071438695,101.51929189617022,0,0,0,0,0,0,0,0,0,180,forward,0,0,0,1.6533388071438695,101.51936379132371,0,0
10:53:03,1.6533388071438695,101.51929189617022,0,0,0,0,0,0,0,0,0,180,forward,0,0,0,1.6533388071438695,101.51936379132371,0,0
10:53:05,1.6533388071438695,101.51929189617022,0,0,0,0,0,0,0,0,0,180,forward,0,0,0,1.6533388071438695,101.51936379132371,0,0
10:53:08,1.6533388071438695,101.51929189617022,0,0,0,0,0,0,0,0,0,180,forward,0,0,0,1.6533388071438695,101.51936379132371,0,0
10:53:10,1.6533388071438695,101.51929189617022,0,0,0,0,0,0,0,0,0,180,forward,0,0,0,1.6533388071438695,101.51936379132371,0,0
10:53:12,1.6533388071438695,101.51929189617022,0,0,0,0,0,0,0,0,0,180,forward,0,0,0,1.6533388071438695,101.51936379132371,0,0
10:53:14,1.6533388071438695,101.51929189617022,0,0,0,0,0,0,0,0,0,180,forward,0,0,0,1.6533388071438695,101.51936379132371,0,0
10:53:16,1.6533388071438695,101.51929189617022,0,0,0,0,0,0,0,0,0,180,forward,0,0,0,1.6533388071438695,101.51936379132371,0,0
10:53:19,1.6533388071438695,101.51929189617022,0,0,0,0,0,0,0,0,0,180,forward,0,0,0,1.6533388071438695,101.51936379132371,0,0
10:53:21,1.6533388071438695,101.51929189617022,0,0,0,0,0,0,0,0,0,180,forward,0,0,0,1.6533388071438695,101.51936379132371,0,0
10:53:23,1.6533388071438695,101.51929189617022,0,0,0,0,0,0,0,0,0,180,forward,0,0,0,1.6533388071438695,101.51936379132371,0,0
10:53:25,1.6533388071438695,101.51929189617022,0,0,0,0,0,0,0,0,0,180,forward,0,0,0,1.6533388071438695,101.51936379132371,0,0
10:53:27,1.6533388071438695,101.51929189617022,0,0,0,0,0,0,0,0,0,180,forward,0,0,0,1.6533388071438695,101.51936379132371,0,0
10:53:29,1.6533388071438695,101.51929189617022,0,0,0,0,0,0,0,0,0,180,forward,0,0,0,1.6533388071438695,101.51936379132371,0,0
10:53:32,1.6533388071438695,101.51929189617022,0,0,0,0,0,0,0,0,0,180,forward,0,0,0,1.6533388071438695,101.51936379132371,0,0
10:53:34,1.6533388071438695,101.51929189617022,0,0,0,0,0,0,0,0,0,180,forward,0,0,0,1.6533388071438695,101.51936379132371,0,0
10:53:36,1.6533388071438695,101.51929189617022,0,0,0,0,0,0,0,0,0,180,forward,0,0,0,1.6533388071438695,101.51936379132371,0,0
10:53:38,1.6533388071438695,101.51929189617022,0,0,0,0,0,0,0,0,0,180,forward,0,0,0,1.6533388071438695,101.51936379132371,0,0
10:53:40,1.6533388071438695,101.51929189617022,0,0,0,0,0,0,0,0,0,180,forward,0,0,0,1.6533388071438695,101.51936379132371,0,0
10:53:42,1.6533388071438695,101.51929189617022,0,0,0,0,0,0,0,0,0,180,forward,0,0,0,1.6533388071438695,101.51936379132371,0,0
10:53:44,1.6533388071438695,101.51929189617022,0,0,0,0,0,0,0,0,0,180,forward,0,0,0,1.6533388071438695,101.51936379132371,0,0
10:53:47,1.6533388071438695,101.51929189617022,0,0,0,0,0,0,0,0,0,180,forward,0,0,0,1.6533388071438695,101.51936379132371,0,0
10:53:49,1.6533388071438695,101.51929189617022,0,0,0,0,0,0,0,0,0,180,forward,0,0,0,1.6533388071438695,101.51936379132371,0,0
10:53:51,1.6533388071438695,101.51929189617022,0,0,0,0,0,0,0,0,0,180,forward,0,0,0,1.6533388071438695,101.51936379132371,0,0
10:53:53,1.6533388071438695,101.51929189617022,0,0,0,0,0,0,0,0,0,180,forward,0,0,0,1.6533388071438695,101.51936379132371,0,0
10:53:55,1.6533388071438695,101.51929189617022,0,0,0,0,0,0,0,0,0,180,forward,0,0,0,1.6533388071438695,101.51936379132371,0,0
10:53:57,1.6533388071438695,101.51929189617022,0,0,0,0,0,0,0,0,0,180,forward,0,0,0,1.6533388071438695,101.51936379132371,0,0
10:54:00,1.6533388071438695,101.51929189617022,0,0,0,0,0,0,0,0,0,180,forward,0,0,0,1.6533388071438695,101.51936379132371,0,0
10:54:02,1.6533388071438695,101.51929189617022,0,0,0,0,0,0,0,0,0,180,forward,0,0,0,1.6533388071438695,101.51936379132371,0,0
10:54:04,1.6533388071438695,101.51929189617022,0,0,0,0,0,0,0,0,0,180,forward,0,0,0,1.6533388071438695,101.51936379132371,0,0
10:54:06,1.6533388071438695,101.51929189617022,0,0,0,0,0,0,0,0,0,180,forward,0,0,0,1.6533388071438695,101.51936379132371,0,0
10:54:08,1.6533388071438695,101.51929189617022,0,0,0,0,0,0,0,0,0,180,forward,0,0,0,1.6533388071438695,101.51936379132371,0,0
10:54:10,1.6533388071438695,101.51929189617022,0,0,0,0,0,0,0,0,0,180,forward,0,0,0,1.6533388071438695,101.51936379132371,0,0
10:54:12,1.6533388071438695,101.51929189617022,0,0,0,0,0,0,0,0,0,180,forward,0,0,0,1.6533388071438695,101.51936379132371,0,0
10:54:14,1.6533388071438695,101.51929189617022,0,0,0,0,0,0,0,0,0,180,forward,0,0,0,1.6533388071438695,101.51936379132371,0,0
10:54:17,1.6533388071438695,101.51929189617022,0,0,0,0,0,0,0,0,0,180,forward,0,0,0,1.6533388071438695,101.51936379132371,0,0
10:54:19,1.6533388071438695,101.51929189617022,0,0,0,0,0,0,0,0,0,180,forward,0,0,0,1.6533388071438695,101.51936379132371,0,0
10:54:21,1.6533388071438695,101.51929189617022,0,0,0,0,0,0,0,0,0,180,forward,0,0,0,1.6533388071438695,101.51936379132371,0,0
10:54:23,1.6533388071438695,101.51929189617022,0,0,0,0,0,0,0,0,0,180,forward,0,0,0,1.6533388071438695,101.51936379132371,0,0
10:54:25,1.6533388071438695,101.51929189617022,0,0,0,0,0,0,0,0,0,180,forward,0,0,0,1.6533388071438695,101.51936379132371,0,0
10:54:27,1.6533388071438695,101.51929189617022,0,0,0,0,0,0,0,0,0,180,forward,0,0,0,1.6533388071438695,101.51936379132371,0,0
10:54:29,1.6533388071438695,101.51929189617022,0,0,0,0,0,0,0,0,0,180,forward,0,0,0,1.6533388071438695,101.51936379132371,0,0
10:54:31,1.6533388071438695,101.51929189617022,0,0,0,0,0,0,0,0,0,180,forward,0,0,0,1.6533388071438695,101.51936379132371,0,0
10:54:33,1.6533388071438695,101.51929189617022,0,0,0,0,0,0,0,0,0,180,forward,0,0,0,1.6533388071438695,101.51936379132371,0,0
10:54:36,1.6533388071438695,101.51929189617022,0,0,0,0,0,0,0,0,0,180,forward,0,0,0,1.6533388071438695,101.51936379132371,0,0
10:54:38,1.6533388071438695,101.51929189617022,0,0,0,0,0,0,0,0,0,180,forward,0,0,0,1.6533388071438695,101.51936379132371,0,0
10:54:40,1.6533388071438695,101.51929189617022,0,0,0,0,0,0,0,0,0,180,forward,0,0,0,1.6533388071438695,101.51936379132371,0,0
10:54:42,1.6533388071438695,101.51929189617022,0,0,0,0,0,0,0,0,0,180,forward,0,0,0,1.6533388071438695,101.51936379132371,0,0
10:54:44,1.6533388071438695,101.51929189617022,0,0,0,0,0,0,0,0,0,180,forward,0,0,0,1.6533388071438695,101.51936379132371,0,0
10:54:46,1.6533388071438695,101.51929189617022,0,0,0,0,0,0,0,0,0,180,forward,0,0,0,1.6533388071438695,101.51936379132371,0,0
10:54:48,1.6533388071438695,101.51929189617022,0,0,0,0,0,0,0,0,0,180,forward,0,0,0,1.6533388071438695,101.51936379132371,0,0
10:54:50,1.6533388071438695,101.51929189617022,0,0,0,0,0,0,0,0,0,180,forward,0,0,0,1.6533388071438695,101.51936379132371,0,0
10:54:52,1.6533388071438695,101.51929189617022,0,0,0,0,0,0,0,0,0,180,forward,0,0,0,1.6533388071438695,101.51936379132371,0,0
10:54:55,1.6533388071438695,101.51929189617022,0,0,0,0,0,0,0,0,0,180,forward,0,0,0,1.6533388071438695,101.51936379132371,0,0
10:54:57,1.6533388071438695,101.51929189617022,0,0,0,0,0,0,0,0,0,180,forward,0,0,0,1.6533388071438695,101.51936379132371,0,0
10:54:59,1.6533388071438695,101.51929189617022,0,0,0,0,0,0,0,0,0,180,forward,0,0,0,1.6533388071438695,101.51936379132371,0,0
10:55:01,1.6533388071438695,101.51929189617022,0,0,0,0,0,0,0,0,0,180,forward,0,0,0,1.6533388071438695,101.51936379132371,0,0
10:55:03,1.6533388071438695,101.51929189617022,0,0,0,0,0,0,0,0,0,180,forward,0,0,0,1.6533388071438695,101.51936379132371,0,0
10:55:06,1.6533388071438695,101.51929189617022,0,0,0,0,0,0,0,0,0,180,forward,0,0,0,1.6533388071438695,101.51936379132371,0,0
10:55:08,1.6533388071438695,101.51929189617022,0,0,0,0,0,0,0,0,0,180,forward,0,0,0,1.6533388071438695,101.51936379132371,0,0
10:55:10,1.6533388071438695,101.51929189617022,0,0,0,0,0,0,0,0,0,180,forward,0,0,0,1.6533388071438695,101.51936379132371,0,0
10:55:12,1.6533388071438695,101.51929189617022,0,0,0,0,0,0,0,0,0,180,forward,0,0,0,1.6533388071438695,101.51936379132371,0,0
10:55:14,1.6533388071438695,101.51929189617022,0,0,0,0,0,0,0,0,0,180,forward,0,0,0,1.6533388071438695,101.51936379132371,0,0
10:55:16,1.6533388071438695,101.51929189617022,0,0,0,0,0,0,0,0,0,180,forward,0,0,0,1.6533388071438695,101.51936379132371,0,0
10:55:19,1.6533388071438695,101.51929189617022,0,0,0,0,0,0,0,0,0,180,forward,0,0,0,1.6533388071438695,101.51936379132371,0,0
10:55:21,1.6533388071438695,101.51929189617022,0,0,0,0,0,0,0,0,0,180,forward,0,0,0,1.6533388071438695,101.51936379132371,0,0
10:55:23,1.6533388071438695,101.51929189617022,0,0,0,0,0,0,0,0,0,180,forward,0,0,0,1.6533388071438695,101.51936379132371,0,0
10:55:25,1.6533388071438695,101.51929189617022,0,0,0,0,0,0,0,0,0,180,forward,0,0,0,1.6533388071438695,101.51936379132371,0,0
10:55:27,1.6533388071438695,101.51929189617022,0,0,0,0,0,0,0,0,0,180,forward,0,0,0,1.6533388071438695,101.51936379132371,0,0
10:55:29,1.6533388071438695,101.51929189617022,0,0,0,0,0,0,0,0,0,180,forward,0,0,0,1.6533388071438695,101.51936379132371,0,0
10:55:31,1.6533388071438695,101.51929189617022,0,0,0,0,0,0,0,0,0,180,forward,0,0,0,1.6533388071438695,101.51936379132371,0,0
10:55:33,1.6533388071438695,101.51929189617022,0,0,0,0,0,0,0,0,0,180,forward,0,0,0,1.6533388071438695,101.51936379132371,0,0
10:55:36,1.6533388071438695,101.51929189617022,0,0,0,0,0,0,0,0,0,180,forward,0,0,0,1.6533388071438695,101.51936379132371,0,0
10:55:38,1.6533388071438695,101.51929189617022,0,0,0,0,0,0,0,0,0,180,forward,0,0,0,1.6533388071438695,101.51936379132371,0,0
10:55:40,1.6533388071438695,101.51929189617022,0,0,0,0,0,0,0,0,0,180,forward,0,0,0,1.6533388071438695,101.51936379132371,0,0
10:55:42,1.6533388071438695,101.51929189617022,0,0,0,0,0,0,0,0,0,180,forward,0,0,0,1.6533388071438695,101.51936379132371,0,0
10:55:44,1.6533388071438695,101.51929189617022,0,0,0,0,0,0,0,0,0,180,forward,0,0,0,1.6533388071438695,101.51936379132371,0,0
10:55:46,1.6533388071438695,101.51929189617022,0,0,0,0,0,0,0,0,0,180,forward,0,0,0,1.6533388071438695,101.51936379132371,0,0
10:55:48,1.6533388071438695,101.51929189617022,0,0,0,0,0,0,0,0,0,180,forward,0,0,0,1.6533388071438695,101.51936379132371,0,0
10:55:50,1.6533388071438695,101.51929189617022,0,0,0,0,0,0,0,0,0,180,forward,0,0,0,1.6533388071438695,101.51936379132371,0,0
10:55:53,1.6533388071438695,101.51929189617022,0,0,0,0,0,0,0,0,0,180,forward,0,0,0,1.6533388071438695,101.51936379132371,0,0
10:55:55,1.6533388071438695,101.51929189617022,0,0,0,0,0,0,0,0,0,180,forward,0,0,0,1.6533388071438695,101.51936379132371,0,0
10:55:57,1.6533388071438695,101.51929189617022,0,0,0,0,0,0,0,0,0,180,forward,0,0,0,1.6533388071438695,101.51936379132371,0,0
10:55:59,1.6533388071438695,101.51929189617022,0,0,0,0,0,0,0,0,0,180,forward,0,0,0,1.6533388071438695,101.51936379132371,0,0
10:56:01,1.6533388071438695,101.51929189617022,0,0,0,0,0,0,0,0,0,180,forward,0,0,0,1.6533388071438695,101.51936379132371,0,0
10:56:03,1.6533388071438695,101.51929189617022,0,0,0,0,0,0,0,0,0,180,forward,0,0,0,1.6533388071438695,101.51936379132371,0,0
10:56:05,1.6533388071438695,101.51929189617022,0,0,0,0,0,0,0,0,0,180,forward,0,0,0,1.6533388071438695,101.51936379132371,0,0
10:56:07,1.6533388071438695,101.51929189617022,0,0,0,0,0,0,0,0,0,180,forward,0,0,0,1.6533388071438695,101.51936379132371,0,0
10:56:09,1.6533388071438695,101.51929189617022,0,0,0,0,0,0,0,0,0,180,forward,0,0,0,1.6533388071438695,101.51936379132371,0,0
10:56:12,1.6533388071438695,101.51929189617022,0,0,0,0,0,0,0,0,0,180,forward,0,0,0,1.6533388071438695,101.51936379132371,0,0
10:56:14,1.6533388071438695,101.51929189617022,0,0,0,0,0,0,0,0,0,180,forward,0,0,0,1.6533388071438695,101.51936379132371,0,0
10:56:16,1.6533388071438695,101.51929189617022,0,0,0,0,0,0,0,0,0,180,forward,0,0,0,1.6533388071438695,101.51936379132371,0,0
10:56:18,1.6533388071438695,101.51929189617022,0,0,0,0,0,0,0,0,0,180,forward,0,0,0,1.6533388071438695,101.51936379132371,0,0
10:56:20,1.6533388071438695,101.51929189617022,0,0,0,0,0,0,0,0,0,180,forward,0,0,0,1.6533388071438695,101.51936379132371,0,0
10:56:22,1.6533388071438695,101.51929189617022,0,0,0,0,0,0,0,0,0,180,forward,0,0,0,1.6533388071438695,101.51936379132371,0,0
10:56:25,1.6533388071438695,101.51929189617022,0,0,0,0,0,0,0,0,0,180,forward,0,0,0,1.6533388071438695,101.51936379132371,0,0
10:56:27,1.6533388071438695,101.51929189617022,0,0,0,0,0,0,0,0,0,180,forward,0,0,0,1.6533388071438695,101.51936379132371,0,0
10:56:29,1.6533388071438695,101.51929189617022,0,0,0,0,0,0,0,0,0,180,forward,0,0,0,1.6533388071438695,101.51936379132371,0,0
10:56:31,1.6533388071438695,101.51929189617022,0,0,0,0,0,0,0,0,0,180,forward,0,0,0,1.6533388071438695,101.51936379132371,0,0
10:56:33,1.6533388071438695,101.51929189617022,0,0,0,0,0,0,0,0,0,180,forward,0,0,0,1.6533388071438695,101.51936379132371,0,0
10:56:36,1.6533388071438695,101.51929189617022,0,0,0,0,0,0,0,0,0,180,forward,0,0,0,1.6533388071438695,101.51936379132371,0,0
10:56:38,1.6533388071438695,101.51929189617022,0,0,0,0,0,0,0,0,0,180,forward,0,0,0,1.6533388071438695,101.51936379132371,0,0
10:56:40,1.6533388071438695,101.51929189617022,0,0,0,0,0,0,0,0,0,180,forward,0,0,0,1.6533388071438695,101.51936379132371,0,0
10:56:42,1.6533388071438695,101.51929189617022,0,0,0,0,0,0,0,0,0,180,forward,0,0,0,1.6533388071438695,101.51936379132371,0,0
10:56:44,1.6533388071438695,101.51929189617022,0,0,0,0,0,0,0,0,0,180,forward,0,0,0,1.6533388071438695,101.51936379132371,0,0
10:56:46,1.6533388071438695,101.51929189617022,0,0,0,0,0,0,0,0,0,180,forward,0,0,0,1.6533388071438695,101.51936379132371,0,0
10:56:48,1.6533388071438695,101.51929189617022,0,0,0,0,0,0,0,0,0,180,forward,0,0,0,1.6533388071438695,101.51936379132371,0,0
10:56:50,1.6533388071438695,101.51929189617022,0,0,0,0,0,0,0,0,0,180,forward,0,0,0,1.6533388071438695,101.51936379132371,0,0
10:56:53,1.6533388071438695,101.51929189617022,0,0,0,0,0,0,0,0,0,180,forward,0,0,0,1.6533388071438695,101.51936379132371,0,0
10:56:55,1.6533388071438695,101.51929189617022,0,0,0,0,0,0,0,0,0,180,forward,0,0,0,1.6533388071438695,101.51936379132371,0,0
10:56:57,1.6533388071438695,101.51929189617022,0,0,0,0,0,0,0,0,0,180,forward,0,0,0,1.6533388071438695,101.51936379132371,0,0
10:56:59,1.6533388071438695,101.51929189617022,0,0,0,0,0,0,0,0,0,180,forward,0,0,0,1.6533388071438695,101.51936379132371,0,0
10:57:01,1.6533388071438695,101.51929189617022,0,0,0,0,0,0,0,0,0,180,forward,0,0,0,1.6533388071438695,101.51936379132371,0,0
10:57:03,1.6533388071438695,101.51929189617022,0,0,0,0,0,0,0,0,0,180,forward,0,0,0,1.6533388071438695,101.51936379132371,0,0
10:57:05,1.6533388071438695,101.51929189617022,0,0,0,0,0,0,0,0,0,180,forward,0,0,0,1.6533388071438695,101.51936379132371,0,0
10:57:08,1.6533388071438695,101.51929189617022,0,0,0,0,0,0,0,0,0,180,forward,0,0,0,1.6533388071438695,101.51936379132371,0,0
10:57:10,1.6533388071438695,101.51929189617022,0,0,0,0,0,0,0,0,0,180,forward,0,0,0,1.6533388071438695,101.51936379132371,0,0
10:57:12,1.6533388071438695,101.51929189617022,0,0,0,0,0,0,0,0,0,180,forward,0,0,0,1.6533388071438695,101.51936379132371,0,0
10:57:14,1.6533388071438695,101.51929189617022,0,0,0,0,0,0,0,0,0,180,forward,0,0,0,1.6533388071438695,101.51936379132371,0,0
10:57:16,1.6533388071438695,101.51929189617022,0,0,0,0,0,0,0,0,0,180,forward,0,0,0,1.6533388071438695,101.51936379132371,0,0
10:57:19,1.6533388071438695,101.51929189617022,0,0,0,0,0,0,0,0,0,180,forward,0,0,0,1.6533388071438695,101.51936379132371,0,0
10:57:21,1.6533388071438695,101.51929189617022,0,0,0,0,0,0,0,0,0,180,forward,0,0,0,1.6533388071438695,101.51936379132371,0,0
10:57:23,1.6533388071438695,101.51929189617022,0,0,0,0,0,0,0,0,0,180,forward,0,0,0,1.6533388071438695,101.51936379132371,0,0
10:57:25,1.6533388071438695,101.51929189617022,0,0,0,0,0,0,0,0,0,180,forward,0,0,0,1.6533388071438695,101.51936379132371,0,0
10:57:27,1.6533388071438695,101.51929189617022,0,0,0,0,0,0,0,0,0,180,forward,0,0,0,1.6533388071438695,101.51936379132371,0,0
10:57:29,1.6533388071438695,101.51929189617022,0,0,0,0,0,0,0,0,0,180,forward,0,0,0,1.6533388071438695,101.51936379132371,0,0
10:57:31,1.6533388071438695,101.51929189617022,0,0,0,0,0,0,0,0,0,180,forward,0,0,0,1.6533388071438695,101.51936379132371,0,0
10:57:34,1.6533388071438695,101.51929189617022,0,0,0,0,0,0,0,0,0,180,forward,0,0,0,1.6533388071438695,101.51936379132371,0,0
10:57:36,1.6533388071438695,101.51929189617022,0,0,0,0,0,0,0,0,0,180,forward,0,0,0,1.6533388071438695,101.51936379132371,0,0
10:57:38,1.6533388071438695,101.51929189617022,0,0,0,0,0,0,0,0,0,180,forward,0,0,0,1.6533388071438695,101.51936379132371,0,0
10:57:40,1.6533388071438695,101.51929189617022,0,0,0,0,0,0,0,0,0,180,forward,0,0,0,1.6533388071438695,101.51936379132371,0,0
10:57:42,1.6533388071438695,101.51929189617022,0,0,0,0,0,0,0,0,0,180,forward,0,0,0,1.6533388071438695,101.51936379132371,0,0
10:57:44,1.6533388071438695,101.51929189617022,0,0,0,0,0,0,0,0,0,180,forward,0,0,0,1.6533388071438695,101.51936379132371,0,0
10:57:46,1.6533388071438695,101.51929189617022,0,0,0,0,0,0,0,0,0,180,forward,0,0,0,1.6533388071438695,101.51936379132371,0,0
10:57:48,1.6533388071438695,101.51929189617022,0,0,0,0,0,0,0,0,0,180,forward,0,0,0,1.6533388071438695,101.51936379132371,0,0
10:57:50,1.6533388071438695,101.51929189617022,0,0,0,0,0,0,0,0,0,180,forward,0,0,0,1.6533388071438695,101.51936379132371,0,0
10:57:53,1.6533388071438695,101.51929189617022,0,0,0,0,0,0,0,0,0,180,forward,0,0,0,1.6533388071438695,101.51936379132371,0,0
10:57:55,1.6533388071438695,101.51929189617022,0,0,0,0,0,0,0,0,0,180,forward,0,0,0,1.6533388071438695,101.51936379132371,0,0
10:57:57,1.6533388071438695,101.51929189617022,0,0,0,0,0,0,0,0,0,180,forward,0,0,0,1.6533388071438695,101.51936379132371,0,0
10:57:59,1.6533388071438695,101.51929189617022,0,0,0,0,0,0,0,0,0,180,forward,0,0,0,1.6533388071438695,101.51936379132371,0,0
10:58:01,1.6533388071438695,101.51929189617022,0,0,0,0,0,0,0,0,0,180,forward,0,0,0,1.6533388071438695,101.51936379132371,0,0
10:58:03,1.6533388071438695,101.51929189617022,0,0,0,0,0,0,0,0,0,180,forward,0,0,0,1.6533388071438695,101.51936379132371,0,0
10:58:06,1.6533388071438695,101.51929189617022,0,0,0,0,0,0,0,0,0,180,forward,0,0,0,1.6533388071438695,101.51936379132371,0,0
10:58:08,1.6533388071438695,101.51929189617022,0,0,0,0,0,0,0,0,0,180,forward,0,0,0,1.6533388071438695,101.51936379132371,0,0
10:58:10,1.6533388071438695,101.51929189617022,0,0,0,0,0,0,0,0,0,180,forward,0,0,0,1.6533388071438695,101.51936379132371,0,0
10:58:12,1.6533388071438695,101.51929189617022,0,0,0,0,0,0,0,0,0,180,forward,0,0,0,1.6533388071438695,101.51936379132371,0,0
10:58:14,1.6533388071438695,101.51929189617022,0,0,0,0,0,0,0,0,0,180,forward,0,0,0,1.6533388071438695,101.51936379132371,0,0
11:51:38,1.6533388071438695,101.51929189617022,0,0,0,0,0,0,0,0,0,180,forward,0,0,0,1.6533388071438695,101.51936379132371,0,0
11:51:40,1.6533388071438695,101.51929189617022,0,0,0,0,0,0,0,0,0,180,forward,0,0,0,1.6533388071438695,101.51936379132371,0,0
11:51:43,1.6533388071438695,101.51929189617022,0,0,0,0,0,0,0,0,0,180,forward,0,0,0,1.6533388071438695,101.51936379132371,0,0
11:51:45,1.6533388071438695,101.51929189617022,0,0,0,0,0,0,0,0,0,180,forward,0,0,0,1.6533388071438695,101.51936379132371,0,0
11:51:47,1.6533388071438695,101.51929189617022,0,0,0,0,0,0,0,0,0,180,forward,0,0,0,1.6533388071438695,101.51936379132371,0,0
11:51:49,1.6533388071438695,101.51929189617022,0,0,0,0,0,0,0,0,0,180,forward,0,0,0,1.6533388071438695,101.51936379132371,0,0
11:51:52,1.6533388071438695,101.51929189617022,0,0,0,0,0,0,0,0,0,180,forward,0,0,0,1.6533388071438695,101.51936379132371,0,0
11:51:54,1.6533388071438695,101.51929189617022,0,0,0,0,0,0,0,0,0,180,forward,0,0,0,1.6533388071438695,101.51936379132371,0,0
11:51:56,1.6533388071438695,101.51929189617022,0,0,0,0,0,0,0,0,0,180,forward,0,0,0,1.6533388071438695,101.51936379132371,0,0
11:51:58,1.6533388071438695,101.51929189617022,0,0,0,0,0,0,0,0,0,180,forward,0,0,0,1.6533388071438695,101.51936379132371,0,0
11:52:00,1.6533388071438695,101.51929189617022,0,0,0,0,0,0,0,0,0,180,forward,0,0,0,1.6533388071438695,101.51936379132371,0,0
11:52:02,1.6533388071438695,101.51929189617022,0,0,0,0,0,0,0,0,0,180,forward,0,0,0,1.6533388071438695,101.51936379132371,0,0
11:52:04,1.6533388071438695,101.51929189617022,0,0,0,0,0,0,0,0,0,180,forward,0,0,0,1.6533388071438695,101.51936379132371,0,0
11:52:06,1.6533388071438695,101.51929189617022,0,0,0,0,0,0,0,0,0,180,forward,0,0,0,1.6533388071438695,101.51936379132371,0,0
11:52:08,1.6533388071438695,101.51929189617022,0,0,0,0,0,0,0,0,0,180,forward,0,0,0,1.6533388071438695,101.51936379132371,0,0
11:52:10,1.6533388071438695,101.51929189617022,0,0,0,0,0,0,0,0,0,180,forward,0,0,0,1.6533388071438695,101.51936379132371,0,0
11:52:12,1.6533388071438695,101.51929189617022,0,0,0,0,0,0,0,0,0,180,forward,0,0,0,1.6533388071438695,101.51936379132371,0,0
11:52:15,1.6533388071438695,101.51929189617022,0,0,0,0,0,0,0,0,0,180,forward,0,0,0,1.6533388071438695,101.51936379132371,0,0
11:52:17,1.6533388071438695,101.51929189617022,0,0,0,0,0,0,0,0,0,180,forward,0,0,0,1.6533388071438695,101.51936379132371,0,0
11:52:19,1.6533388071438695,101.51929189617022,0,0,0,0,0,0,0,0,0,180,forward,0,0,0,1.6533388071438695,101.51936379132371,0,0
11:52:21,1.6533388071438695,101.51929189617022,0,0,0,0,0,0,0,0,0,180,forward,0,0,0,1.6533388071438695,101.51936379132371,0,0
11:52:23,1.6533388071438695,101.51929189617022,0,0,0,0,0,0,0,0,0,180,forward,0,0,0,1.6533388071438695,101.51936379132371,0,0
11:52:25,1.6533388071438695,101.51929189617022,0,0,0,0,0,0,0,0,0,180,forward,0,0,0,1.6533388071438695,101.51936379132371,0,0
11:52:27,1.6533388071438695,101.51929189617022,0,0,0,0,0,0,0,0,0,180,forward,0,0,0,1.6533388071438695,101.51936379132371,0,0
11:52:29,1.6533388071438695,101.51929189617022,0,0,0,0,0,0,0,0,0,180,forward,0,0,0,1.6533388071438695,101.51936379132371,0,0
11:52:31,1.6533388071438695,101.51929189617022,0,0,0,0,0,0,0,0,0,180,forward,0,0,0,1.6533388071438695,101.51936379132371,0,0
11:52:33,1.6533388071438695,101.51929189617022,0,0,0,0,0,0,0,0,0,180,forward,0,0,0,1.6533388071438695,101.51936379132371,0,0
11:52:35,1.6533388071438695,101.51929189617022,0,0,0,0,0,0,0,0,0,180,forward,0,0,0,1.6533388071438695,101.51936379132371,0,0
11:52:38,1.6533388071438695,101.51929189617022,0,0,0,0,0,0,0,0,0,180,forward,0,0,0,1.6533388071438695,101.51936379132371,0,0
11:52:40,1.6533388071438695,101.51929189617022,0,0,0,0,0,0,0,0,0,180,forward,0,0,0,1.6533388071438695,101.51936379132371,0,0
11:52:42,1.6533388071438695,101.51929189617022,0,0,0,0,0,0,0,0,0,180,forward,0,0,0,1.6533388071438695,101.51936379132371,0,0
11:52:44,1.6533388071438695,101.51929189617022,0,0,0,0,0,0,0,0,0,180,forward,0,0,0,1.6533388071438695,101.51936379132371,0,0
11:52:46,1.6533388071438695,101.51929189617022,0,0,0,0,0,0,0,0,0,180,forward,0,0,0,1.6533388071438695,101.51936379132371,0,0
11:52:48,1.6533388071438695,101.51929189617022,0,0,0,0,0,0,0,0,0,180,forward,0,0,0,1.6533388071438695,101.51936379132371,0,0
11:52:50,1.6533388071438695,101.51929189617022,0,0,0,0,0,0,0,0,0,180,forward,0,0,0,1.6533388071438695,101.51936379132371,0,0
11:52:52,1.6533388071438695,101.51929189617022,0,0,0,0,0,0,0,0,0,180,forward,0,0,0,1.6533388071438695,101.51936379132371,0,0
11:52:54,1.6533388071438695,101.51929189617022,0,0,0,0,0,0,0,0,0,180,forward,0,0,0,1.6533388071438695,101.51936379132371,0,0
11:52:56,1.6533388071438695,101.51929189617022,0,0,0,0,0,0,0,0,0,180,forward,0,0,0,1.6533388071438695,101.51936379132371,0,0
11:52:58,1.6533388071438695,101.51929189617022,0,0,0,0,0,0,0,0,0,180,forward,0,0,0,1.6533388071438695,101.51936379132371,0,0
11:53:00,1.6533388071438695,101.51929189617022,0,0,0,0,0,0,0,0,0,180,forward,0,0,0,1.6533388071438695,101.51936379132371,0,0
11:53:03,1.6533388071438695,101.51929189617022,0,0,0,0,0,0,0,0,0,180,forward,0,0,0,1.6533388071438695,101.51936379132371,0,0
11:53:05,1.6533388071438695,101.51929189617022,0,0,0,0,0,0,0,0,0,180,forward,0,0,0,1.6533388071438695,101.51936379132371,0,0
11:53:07,1.6533388071438695,101.51929189617022,0,0,0,0,0,0,0,0,0,180,forward,0,0,0,1.6533388071438695,101.51936379132371,0,0
11:53:09,1.6533388071438695,101.51929189617022,0,0,0,0,0,0,0,0,0,180,forward,0,0,0,1.6533388071438695,101.51936379132371,0,0
11:53:11,1.6533388071438695,101.51929189617022,0,0,0,0,0,0,0,0,0,180,forward,0,0,0,1.6533388071438695,101.51936379132371,0,0
11:53:13,1.6533388071438695,101.51929189617022,0,0,0,0,0,0,0,0,0,180,forward,0,0,0,1.6533388071438695,101.51936379132371,0,0
11:53:15,1.6533388071438695,101.51929189617022,0,0,0,0,0,0,0,0,0,180,forward,0,0,0,1.6533388071438695,101.51936379132371,0,0
11:53:17,1.6533388071438695,101.51929189617022,0,0,0,0,0,0,0,0,0,180,forward,0,0,0,1.6533388071438695,101.51936379132371,0,0
11:53:19,1.6533388071438695,101.51929189617022,0,0,0,0,0,0,0,0,0,180,forward,0,0,0,1.6533388071438695,101.51936379132371,0,0
11:53:21,1.6533388071438695,101.51929189617022,0,0,0,0,0,0,0,0,0,180,forward,0,0,0,1.6533388071438695,101.51936379132371,0,0
11:53:23,1.6533388071438695,101.51929189617022,0,0,0,0,0,0,0,0,0,180,forward,0,0,0,1.6533388071438695,101.51936379132371,0,0
11:53:26,1.6533388071438695,101.51929189617022,0,0,0,0,0,0,0,0,0,180,forward,0,0,0,1.6533388071438695,101.51936379132371,0,0
11:53:28,1.6533388071438695,101.51929189617022,0,0,0,0,0,0,0,0,0,180,forward,0,0,0,1.6533388071438695,101.51936379132371,0,0
11:53:30,1.6533388071438695,101.51929189617022,0,0,0,0,0,0,0,0,0,180,forward,0,0,0,1.6533388071438695,101.51936379132371,0,0
11:53:32,1.6533388071438695,101.51929189617022,0,0,0,0,0,0,0,0,0,180,forward,0,0,0,1.6533388071438695,101.51936379132371,0,0
11:53:34,1.6533388071438695,101.51929189617022,0,0,0,0,0,0,0,0,0,180,forward,0,0,0,1.6533388071438695,101.51936379132371,0,0
11:53:36,1.6533388071438695,101.51929189617022,0,0,0,0,0,0,0,0,0,180,forward,0,0,0,1.6533388071438695,101.51936379132371,0,0
11:53:38,1.6533388071438695,101.51929189617022,0,0,0,0,0,0,0,0,0,180,forward,0,0,0,1.6533388071438695,101.51936379132371,0,0
11:53:40,1.6533388071438695,101.51929189617022,0,0,0,0,0,0,0,0,0,180,forward,0,0,0,1.6533388071438695,101.51936379132371,0,0
11:53:42,1.6533388071438695,101.51929189617022,0,0,0,0,0,0,0,0,0,180,forward,0,0,0,1.6533388071438695,101.51936379132371,0,0
11:53:45,1.6533388071438695,101.51929189617022,0,0,0,0,0,0,0,0,0,180,forward,0,0,0,1.6533388071438695,101.51936379132371,0,0
11:53:47,1.6533388071438695,101.51929189617022,0,0,0,0,0,0,0,0,0,180,forward,0,0,0,1.6533388071438695,101.51936379132371,0,0
11:53:49,1.6533388071438695,101.51929189617022,0,0,0,0,0,0,0,0,0,180,forward,0,0,0,1.6533388071438695,101.51936379132371,0,0
11:53:51,1.6533388071438695,101.51929189617022,0,0,0,0,0,0,0,0,0,180,forward,0,0,0,1.6533388071438695,101.51936379132371,0,0
11:53:53,1.6533388071438695,101.51929189617022,0,0,0,0,0,0,0,0,0,180,forward,0,0,0,1.6533388071438695,101.51936379132371,0,0
11:53:55,1.6533388071438695,101.51929189617022,0,0,0,0,0,0,0,0,0,180,forward,0,0,0,1.6533388071438695,101.51936379132371,0,0
11:53:57,1.6533388071438695,101.51929189617022,0,0,0,0,0,0,0,0,0,180,forward,0,0,0,1.6533388071438695,101.51936379132371,0,0
11:53:59,1.6533388071438695,101.51929189617022,0,0,0,0,0,0,0,0,0,180,forward,0,0,0,1.6533388071438695,101.51936379132371,0,0
11:54:01,1.6533388071438695,101.51929189617022,0,0,0,0,0,0,0,0,0,180,forward,0,0,0,1.6533388071438695,101.51936379132371,0,0
11:54:03,1.6533388071438695,101.51929189617022,0,0,0,0,0,0,0,0,0,180,forward,0,0,0,1.6533388071438695,101.51936379132371,0,0
11:54:05,1.6533388071438695,101.51929189617022,0,0,0,0,0,0,0,0,0,180,forward,0,0,0,1.6533388071438695,101.51936379132371,0,0
11:54:08,1.6533388071438695,101.51929189617022,0,0,0,0,0,0,0,0,0,180,forward,0,0,0,1.6533388071438695,101.51936379132371,0,0
11:54:17,1.6533388071438695,101.51929189617022,0,0,0,0,0,0,0,0,0,180,forward,0,0,0,1.6533388071438695,101.51936379132371,0,0
11:54:19,1.6533388071438695,101.51929189617022,0,0,0,0,0,0,0,0,0,180,forward,0,0,0,1.6533388071438695,101.51936379132371,0,0
11:54:21,1.6533388071438695,101.51929189617022,0,0,0,0,0,0,0,0,0,180,forward,0,0,0,1.6533388071438695,101.51936379132371,0,0
11:54:23,1.6533388071438695,101.51929189617022,0,0,0,0,0,0,0,0,0,180,forward,0,0,0,1.6533388071438695,101.51936379132371,0,0
11:54:26,1.6533388071438695,101.51929189617022,0,0,0,0,0,0,0,0,0,180,forward,0,0,0,1.6533388071438695,101.51936379132371,0,0
11:54:28,1.6533388071438695,101.51929189617022,0,0,0,0,0,0,0,0,0,180,forward,0,0,0,1.6533388071438695,101.51936379132371,0,0
11:54:30,1.6533388071438695,101.51929189617022,0,0,0,0,0,0,0,0,0,180,forward,0,0,0,1.6533388071438695,101.51936379132371,0,0
11:54:32,1.6533388071438695,101.51929189617022,0,0,0,0,0,0,0,0,0,180,forward,0,0,0,1.6533388071438695,101.51936379132371,0,0
11:54:34,1.6533388071438695,101.51929189617022,0,0,0,0,0,0,0,0,0,180,forward,0,0,0,1.6533388071438695,101.51936379132371,0,0
11:54:36,1.6533388071438695,101.51929189617022,0,0,0,0,0,0,0,0,0,180,forward,0,0,0,1.6533388071438695,101.51936379132371,0,0
11:54:38,1.6533388071438695,101.51929189617022,0,0,0,0,0,0,0,0,0,180,forward,0,0,0,1.6533388071438695,101.51936379132371,0,0
11:54:40,1.6533388071438695,101.51929189617022,0,0,0,0,0,0,0,0,0,180,forward,0,0,0,1.6533388071438695,101.51936379132371,0,0
11:54:42,1.6533388071438695,101.51929189617022,0,0,0,0,0,0,0,0,0,180,forward,0,0,0,1.6533388071438695,101.51936379132371,0,0
11:54:44,1.6533388071438695,101.51929189617022,0,0,0,0,0,0,0,0,0,180,forward,0,0,0,1.6533388071438695,101.51936379132371,0,0
11:54:55,1.6533388071438695,101.51929189617022,0,0,0,0,0,0,0,0,0,180,forward,0,0,0,1.6533388071438695,101.51936379132371,0,0
11:54:57,1.6533388071438695,101.51929189617022,0,0,0,0,0,0,0,0,0,180,forward,0,0,0,1.6533388071438695,101.51936379132371,0,0
11:54:59,1.6533388071438695,101.51929189617022,0,0,0,0,0,0,0,0,0,180,forward,0,0,0,1.6533388071438695,101.51936379132371,0,0
11:55:01,1.6533388071438695,101.51929189617022,0,0,0,0,0,0,0,0,0,180,forward,0,0,0,1.6533388071438695,101.51936379132371,0,0
11:55:03,1.6533388071438695,101.51929189617022,0,0,0,0,0,0,0,0,0,180,forward,0,0,0,1.6533388071438695,101.51936379132371,0,0
11:55:05,1.6533388071438695,101.51929189617022,0,0,0,0,0,0,0,0,0,180,forward,0,0,0,1.6533388071438695,101.51936379132371,0,0
11:55:07,1.6533388071438695,101.51929189617022,0,0,0,0,0,0,0,0,0,180,forward,0,0,0,1.6533388071438695,101.51936379132371,0,0
11:55:09,1.6533388071438695,101.51929189617022,0,0,0,0,0,0,0,0,0,180,forward,0,0,0,1.6533388071438695,101.51936379132371,0,0
11:55:11,1.6533388071438695,101.51929189617022,0,0,0,0,0,0,0,0,0,180,forward,0,0,0,1.6533388071438695,101.51936379132371,0,0
11:55:14,1.6533388071438695,101.51929189617022,0,0,0,0,0,0,0,0,0,180,forward,0,0,0,1.6533388071438695,101.51936379132371,0,0
11:55:16,1.6533388071438695,101.51929189617022,0,0,0,0,0,0,0,0,0,180,forward,0,0,0,1.6533388071438695,101.51936379132371,0,0
11:55:18,1.6533388071438695,101.51929189617022,0,0,0,0,0,0,0,0,0,180,forward,0,0,0,1.6533388071438695,101.51936379132371,0,0
11:55:20,1.6533388071438695,101.51929189617022,0,0,0,0,0,0,0,0,0,180,forward,0,0,0,1.6533388071438695,101.51936379132371,0,0
11:55:22,1.6533388071438695,101.51929189617022,0,0,0,0,0,0,0,0,0,180,forward,0,0,0,1.6533388071438695,101.51936379132371,0,0
11:55:24,1.6533388071438695,101.51929189617022,0,0,0,0,0,0,0,0,0,180,forward,0,0,0,1.6533388071438695,101.51936379132371,0,0
11:55:26,1.6533388071438695,101.51929189617022,0,0,0,0,0,0,0,0,0,180,forward,0,0,0,1.6533388071438695,101.51936379132371,0,0
11:55:29,1.6533388071438695,101.51929189617022,0,0,0,0,0,0,0,0,0,180,forward,0,0,0,1.6533388071438695,101.51936379132371,0,0
11:55:31,1.6533388071438695,101.51929189617022,0,0,0,0,0,0,0,0,0,180,forward,0,0,0,1.6533388071438695,101.51936379132371,0,0
11:55:33,1.6533388071438695,101.51929189617022,0,0,0,0,0,0,0,0,0,180,forward,0,0,0,1.6533388071438695,101.51936379132371,0,0
11:55:35,1.6533388071438695,101.51929189617022,0,0,0,0,0,0,0,0,0,180,forward,0,0,0,1.6533388071438695,101.51936379132371,0,0
11:55:37,1.6533388071438695,101.51929189617022,0,0,0,0,0,0,0,0,0,180,forward,0,0,0,1.6533388071438695,101.51936379132371,0,0
11:55:39,1.6533388071438695,101.51929189617022,0,0,0,0,0,0,0,0,0,180,forward,0,0,0,1.6533388071438695,101.51936379132371,0,0
11:55:41,1.6533388071438695,101.51929189617022,0,0,0,0,0,0,0,0,0,180,forward,0,0,0,1.6533388071438695,101.51936379132371,0,0
11:55:43,1.6533388071438695,101.51929189617022,0,0,0,0,0,0,0,0,0,180,forward,0,0,0,1.6533388071438695,101.51936379132371,0,0
11:55:46,1.6533388071438695,101.51929189617022,0,0,0,0,0,0,0,0,0,180,forward,0,0,0,1.6533388071438695,101.51936379132371,0,0
11:55:48,1.6533388071438695,101.51929189617022,0,0,0,0,0,0,0,0,0,180,forward,0,0,0,1.6533388071438695,101.51936379132371,0,0
11:55:50,1.6533388071438695,101.51929189617022,0,0,0,0,0,0,0,0,0,180,forward,0,0,0,1.6533388071438695,101.51936379132371,0,0
11:55:52,1.6533388071438695,101.51929189617022,0,0,0,0,0,0,0,0,0,180,forward,0,0,0,1.6533388071438695,101.51936379132371,0,0
11:55:54,1.6533388071438695,101.51929189617022,0,0,0,0,0,0,0,0,0,180,forward,0,0,0,1.6533388071438695,101.51936379132371,0,0
11:55:56,1.6533388071438695,101.51929189617022,0,0,0,0,0,0,0,0,0,180,forward,0,0,0,1.6533388071438695,101.51936379132371,0,0
11:55:58,1.6533388071438695,101.51929189617022,0,0,0,0,0,0,0,0,0,180,forward,0,0,0,1.6533388071438695,101.51936379132371,0,0
11:56:00,1.6533388071438695,101.51929189617022,0,0,0,0,0,0,0,0,0,180,forward,0,0,0,1.6533388071438695,101.51936379132371,0,0
11:56:02,1.6533388071438695,101.51929189617022,0,0,0,0,0,0,0,0,0,180,forward,0,0,0,1.6533388071438695,101.51936379132371,0,0
11:56:04,1.6533388071438695,101.51929189617022,0,0,0,0,0,0,0,0,0,180,forward,0,0,0,1.6533388071438695,101.51936379132371,0,0
11:56:06,1.6533388071438695,101.51929189617022,0,0,0,0,0,0,0,0,0,180,forward,0,0,0,1.6533388071438695,101.51936379132371,0,0
11:56:09,1.6533388071438695,101.51929189617022,0,0,0,0,0,0,0,0,0,180,forward,0,0,0,1.6533388071438695,101.51936379132371,0,0
11:56:11,1.6533388071438695,101.51929189617022,0,0,0,0,0,0,0,0,0,180,forward,0,0,0,1.6533388071438695,101.51936379132371,0,0
11:56:13,1.6533388071438695,101.51929189617022,0,0,0,0,0,0,0,0,0,180,forward,0,0,0,1.6533388071438695,101.51936379132371,0,0
11:56:15,1.6533388071438695,101.51929189617022,0,0,0,0,0,0,0,0,0,180,forward,0,0,0,1.6533388071438695,101.51936379132371,0,0
11:56:17,1.6533388071438695,101.51929189617022,0,0,0,0,0,0,0,0,0,180,forward,0,0,0,1.6533388071438695,101.51936379132371,0,0
11:56:19,1.6533388071438695,101.51929189617022,0,0,0,0,0,0,0,0,0,180,forward,0,0,0,1.6533388071438695,101.51936379132371,0,0
11:56:21,1.6533388071438695,101.51929189617022,0,0,0,0,0,0,0,0,0,180,forward,0,0,0,1.6533388071438695,101.51936379132371,0,0
11:56:23,1.6533388071438695,101.51929189617022,0,0,0,0,0,0,0,0,0,180,forward,0,0,0,1.6533388071438695,101.51936379132371,0,0
11:56:26,1.6533388071438695,101.51929189617022,0,0,0,0,0,0,0,0,0,180,forward,0,0,0,1.6533388071438695,101.51936379132371,0,0
11:56:28,1.6533388071438695,101.51929189617022,0,0,0,0,0,0,0,0,0,180,forward,0,0,0,1.6533388071438695,101.51936379132371,0,0
11:56:30,1.6533388071438695,101.51929189617022,0,0,0,0,0,0,0,0,0,180,forward,0,0,0,1.6533388071438695,101.51936379132371,0,0
11:56:32,1.6533388071438695,101.51929189617022,0,0,0,0,0,0,0,0,0,180,forward,0,0,0,1.6533388071438695,101.51936379132371,0,0
11:56:35,1.6533388071438695,101.51929189617022,0,0,0,0,0,0,0,0,0,180,forward,0,0,0,1.6533388071438695,101.51936379132371,0,0
11:56:37,1.6533388071438695,101.51929189617022,0,0,0,0,0,0,0,0,0,180,forward,0,0,0,1.6533388071438695,101.51936379132371,0,0
11:56:39,1.6533388071438695,101.51929189617022,0,0,0,0,0,0,0,0,0,180,forward,0,0,0,1.6533388071438695,101.51936379132371,0,0
11:56:41,1.6533388071438695,101.51929189617022,0,0,0,0,0,0,0,0,0,180,forward,0,0,0,1.6533388071438695,101.51936379132371,0,0
11:56:43,1.6533388071438695,101.51929189617022,0,0,0,0,0,0,0,0,0,180,forward,0,0,0,1.6533388071438695,101.51936379132371,0,0
