<?xml version="1.0" encoding="UTF-8"?>
<kml xmlns="http://www.opengis.net/kml/2.2" xmlns:gx="http://www.google.com/kml/ext/2.2" xmlns:kml="http://www.opengis.net/kml/2.2" xmlns:atom="http://www.w3.org/2005/Atom">
<Document id="dumai_kontur_baru_Major_Contours" xsi:schemaLocation="http://www.opengis.net/kml/2.2 http://schemas.opengis.net/kml/2.2.0/ogckml22.xsd http://www.google.com/kml/ext/2.2 http://code.google.com/apis/kml/schema/kml22gx.xsd">
	<name>dumai kontur baru_Major Contours</name>
	<open>1</open>
	<Snippet maxLines="0"></Snippet>
	<atom:link rel="app" href="https://www.google.com/earth/about/versions/#earth-pro" title="Google Earth Pro 7.3.7.1155"></atom:link>
	<Style id="LineStyle00">
		<LabelStyle>
			<color>00000000</color>
			<scale>0</scale>
		</LabelStyle>
		<LineStyle>
			<color>ff8fffb6</color>
		</LineStyle>
		<PolyStyle>
			<color>00000000</color>
			<outline>0</outline>
		</PolyStyle>
	</Style>
	<Style id="LineStyle026">
		<LabelStyle>
			<color>00000000</color>
			<scale>0</scale>
		</LabelStyle>
		<LineStyle>
			<color>ffffc233</color>
		</LineStyle>
		<PolyStyle>
			<color>00000000</color>
			<outline>0</outline>
		</PolyStyle>
	</Style>
	<Style id="LineStyle043">
		<LabelStyle>
			<color>00000000</color>
			<scale>0</scale>
		</LabelStyle>
		<LineStyle>
			<color>ffff0000</color>
		</LineStyle>
		<PolyStyle>
			<color>00000000</color>
			<outline>0</outline>
		</PolyStyle>
	</Style>
	<Style id="LineStyle079">
		<LabelStyle>
			<color>00000000</color>
			<scale>0</scale>
		</LabelStyle>
		<LineStyle>
			<color>ff00c8ff</color>
		</LineStyle>
		<PolyStyle>
			<color>00000000</color>
			<outline>0</outline>
		</PolyStyle>
	</Style>
	<Style id="LineStyle09">
		<LabelStyle>
			<color>00000000</color>
			<scale>0</scale>
		</LabelStyle>
		<LineStyle>
			<color>ff0000ff</color>
		</LineStyle>
		<PolyStyle>
			<color>00000000</color>
			<outline>0</outline>
		</PolyStyle>
	</Style>
	<Folder id="FeatureLayer0">
		<name>dumai kontur baru_Major Contours</name>
		<open>1</open>
		<Snippet maxLines="0"></Snippet>
		<Placemark id="ID_00000">
			<name>-18</name>
			<Snippet maxLines="0"></Snippet>
			<description><![CDATA[<html xmlns:fo="http://www.w3.org/1999/XSL/Format" xmlns:msxsl="urn:schemas-microsoft-com:xslt">

<head>

<META http-equiv="Content-Type" content="text/html">

<meta http-equiv="content-type" content="text/html; charset=UTF-8">

</head>

<body style="margin:0px 0px 0px 0px;overflow:auto;background:#FFFFFF;">

<table style="font-family:Arial,Verdana,Times;font-size:12px;text-align:left;width:100%;border-collapse:collapse;padding:3px 3px 3px 3px">

<tr style="text-align:center;font-weight:bold;background:#9CBCE2">

<td>Nautical</td>

</tr>

<tr>

<td>

<table style="font-family:Arial,Verdana,Times;font-size:12px;text-align:left;width:100%;border-spacing:0px; padding:3px 3px 3px 3px">

<tr>

<td>FID</td>

<td>0</td>

</tr>

<tr bgcolor="#D4E4F3">

<td>MAJ_CAT</td>

<td>Nautical</td>

</tr>

<tr>

<td>L_LIMIT</td>

<td>0</td>

</tr>

<tr bgcolor="#D4E4F3">

<td>U_LIMIT</td>

<td>0</td>

</tr>

<tr>

<td>ZORDER</td>

<td>9</td>

</tr>

<tr bgcolor="#D4E4F3">

<td>LAYER</td>

<td>0</td>

</tr>

<tr>

<td>MODE</td>

<td>2T</td>

</tr>

<tr bgcolor="#D4E4F3">

<td>COLOR</td>

<td>0</td>

</tr>

<tr>

<td>WIDTH</td>

<td>0</td>

</tr>

<tr bgcolor="#D4E4F3">

<td>MIN_CAT</td>

<td>1Depth Contours</td>

</tr>

<tr>

<td>RTP_LIMIT</td>

<td>0</td>

</tr>

<tr bgcolor="#D4E4F3">

<td>RTP_COLOR</td>

<td>19</td>

</tr>

<tr>

<td>FONT</td>

<td>020</td>

</tr>

<tr bgcolor="#D4E4F3">

<td>VALUE</td>

<td>18</td>

</tr>

<tr>

<td>TYPE</td>

<td>0</td>

</tr>

<tr bgcolor="#D4E4F3">

<td>Depth</td>

<td>-18</td>

</tr>

</table>

</td>

</tr>

</table>

</body>

</html>]]></description>
			<styleUrl>#LineStyle00</styleUrl>
			<MultiGeometry>
				<LineString>
					<tessellate>1</tessellate>
					<coordinates>
						101.521740697,1.674297991,0 101.521747354,1.674307035,0 101.521782636,1.674325122,0 101.521902464,1.674348286,0 101.521946927,1.674361297,0 101.522028283,1.674404344,0 101.522064232,1.67440931,0 101.522105758,1.674397471,0 101.522123685,1.674379384,0 101.522136128,1.674355267,0 101.522153798,1.674288948,0 101.522144958,1.674252773,0 101.522132933,1.674234686,0 101.52211456,1.674216599,0 101.522075862,1.674198511,0 101.522028283,1.674192788,0 101.521992335,1.674195572,0 101.521830567,1.674219948,0 101.521794619,1.674228322,0 101.521774848,1.674234686,0 101.521740697,1.674258199,0 101.521732019,1.67427086,0 101.521740697,1.674297991,0 
					</coordinates>
				</LineString>
			</MultiGeometry>
		</Placemark>
		<Placemark id="ID_00001">
			<name>-18</name>
			<Snippet maxLines="0"></Snippet>
			<description><![CDATA[<html xmlns:fo="http://www.w3.org/1999/XSL/Format" xmlns:msxsl="urn:schemas-microsoft-com:xslt">

<head>

<META http-equiv="Content-Type" content="text/html">

<meta http-equiv="content-type" content="text/html; charset=UTF-8">

</head>

<body style="margin:0px 0px 0px 0px;overflow:auto;background:#FFFFFF;">

<table style="font-family:Arial,Verdana,Times;font-size:12px;text-align:left;width:100%;border-collapse:collapse;padding:3px 3px 3px 3px">

<tr style="text-align:center;font-weight:bold;background:#9CBCE2">

<td>Nautical</td>

</tr>

<tr>

<td>

<table style="font-family:Arial,Verdana,Times;font-size:12px;text-align:left;width:100%;border-spacing:0px; padding:3px 3px 3px 3px">

<tr>

<td>FID</td>

<td>1</td>

</tr>

<tr bgcolor="#D4E4F3">

<td>MAJ_CAT</td>

<td>Nautical</td>

</tr>

<tr>

<td>L_LIMIT</td>

<td>0</td>

</tr>

<tr bgcolor="#D4E4F3">

<td>U_LIMIT</td>

<td>0</td>

</tr>

<tr>

<td>ZORDER</td>

<td>9</td>

</tr>

<tr bgcolor="#D4E4F3">

<td>LAYER</td>

<td>0</td>

</tr>

<tr>

<td>MODE</td>

<td>2T</td>

</tr>

<tr bgcolor="#D4E4F3">

<td>COLOR</td>

<td>0</td>

</tr>

<tr>

<td>WIDTH</td>

<td>0</td>

</tr>

<tr bgcolor="#D4E4F3">

<td>MIN_CAT</td>

<td>1Depth Contours</td>

</tr>

<tr>

<td>RTP_LIMIT</td>

<td>0</td>

</tr>

<tr bgcolor="#D4E4F3">

<td>RTP_COLOR</td>

<td>19</td>

</tr>

<tr>

<td>FONT</td>

<td>020</td>

</tr>

<tr bgcolor="#D4E4F3">

<td>VALUE</td>

<td>18</td>

</tr>

<tr>

<td>TYPE</td>

<td>0</td>

</tr>

<tr bgcolor="#D4E4F3">

<td>Depth</td>

<td>-18</td>

</tr>

</table>

</td>

</tr>

</table>

</body>

</html>]]></description>
			<styleUrl>#LineStyle00</styleUrl>
			<MultiGeometry>
				<LineString>
					<tessellate>1</tessellate>
					<coordinates>
						101.520464531,1.674274719,0 101.520482505,1.674274719,0 101.520500479,1.674315433,0 101.520522248,1.674343209,0 101.520554402,1.674364506,0 101.520626298,1.674395505,0 101.520708938,1.674451733,0 101.520751758,1.674487907,0 101.520812355,1.674560256,0 101.520859962,1.674595069,0 101.520913885,1.674616757,0 101.521039704,1.674644332,0 101.521093627,1.674646934,0 101.521134282,1.674632605,0 101.521155392,1.674614518,0 101.521176821,1.674578343,0 101.521177342,1.674524082,0 101.521159247,1.674487907,0 101.52108611,1.674397471,0 101.521064346,1.674361297,0 101.521010603,1.674198511,0 101.520975074,1.674126162,0 101.520965948,1.674071901,0 101.520980539,1.674053814,0 101.521003756,1.674040248,0 101.521093627,1.674000892,0 101.521157135,1.673963377,0 101.52123742,1.673885344,0 101.521309317,1.673856537,0 101.52145311,1.673814042,0 101.521614877,1.673744522,0 101.521650826,1.673725143,0 101.521686774,1.673697883,0 101.521704083,1.673673982,0 101.521707624,1.67361972,0 101.521721665,1.673565458,0 101.521650826,1.673529284,0 101.521630284,1.673511197,0 101.521622231,1.673493109,0 101.521632852,1.673466983,0 101.521644086,1.673456935,0 101.5216688,1.673449113,0 101.521704748,1.673447415,0 101.521812593,1.673460165,0 101.52188449,1.673456504,0 101.521938412,1.673448285,0 101.522154103,1.673401123,0 101.522190051,1.673396074,0 101.522261948,1.673392141,0 101.522333844,1.673393747,0 101.522441689,1.673404577,0 101.522693328,1.673418176,0 101.522783198,1.67343057,0 101.522837121,1.673444877,0 101.52286508,1.673456935,0 101.52288941,1.673475022,0 101.522903799,1.673511197,0 101.522900801,1.673529284,0 101.52285186,1.673601633,0 101.522823712,1.673692069,0 101.522826951,1.673836767,0 101.522845238,1.673872941,0 101.52286474,1.673891028,0 101.522891043,1.673899048,0 101.522926992,1.673901508,0 101.522998888,1.673893012,0 101.523052811,1.673876069,0 101.523128827,1.673836767,0 101.523176211,1.673800592,0 101.523230045,1.673728243,0 101.523324421,1.673637807,0 101.523345533,1.673601633,0 101.523331972,1.673493109,0 101.523337402,1.673456935,0 101.523356512,1.67342076,0 101.523502165,1.673312606,0 101.523538113,1.673293871,0 101.523601623,1.673276062,0 101.523681907,1.673267211,0 101.523735829,1.673266915,0 101.5238257,1.67327731,0 101.523897597,1.67330048,0 101.524023416,1.673388203,0 101.52404139,1.673397609,0 101.524077338,1.673408032,0 101.524113287,1.673408286,0 101.524203158,1.67338961,0 101.524275054,1.67336601,0 101.524373043,1.673312237,0 101.524414259,1.673239888,0 101.524464002,1.673185626,0 101.524508718,1.673113277,0 101.524525409,1.67309519,0 101.524580615,1.673068436,0 101.524608729,1.673040928,0 101.524629146,1.672968579,0 101.524646813,1.672932405,0 101.524710534,1.672860056,0 101.524742383,1.672808608,0 101.524760357,1.672800039,0 101.524778331,1.672781214,0 101.524837456,1.672679184,0 101.524855244,1.672606835,0 101.524857752,1.672552573,0 101.524821982,1.672462137,0 101.524827594,1.67244405,0 101.524850228,1.672407152,0 101.524922124,1.672407152,0 
					</coordinates>
				</LineString>
			</MultiGeometry>
		</Placemark>
		<Placemark id="ID_00002">
			<name>-18</name>
			<Snippet maxLines="0"></Snippet>
			<description><![CDATA[<html xmlns:fo="http://www.w3.org/1999/XSL/Format" xmlns:msxsl="urn:schemas-microsoft-com:xslt">

<head>

<META http-equiv="Content-Type" content="text/html">

<meta http-equiv="content-type" content="text/html; charset=UTF-8">

</head>

<body style="margin:0px 0px 0px 0px;overflow:auto;background:#FFFFFF;">

<table style="font-family:Arial,Verdana,Times;font-size:12px;text-align:left;width:100%;border-collapse:collapse;padding:3px 3px 3px 3px">

<tr style="text-align:center;font-weight:bold;background:#9CBCE2">

<td>Nautical</td>

</tr>

<tr>

<td>

<table style="font-family:Arial,Verdana,Times;font-size:12px;text-align:left;width:100%;border-spacing:0px; padding:3px 3px 3px 3px">

<tr>

<td>FID</td>

<td>2</td>

</tr>

<tr bgcolor="#D4E4F3">

<td>MAJ_CAT</td>

<td>Nautical</td>

</tr>

<tr>

<td>L_LIMIT</td>

<td>0</td>

</tr>

<tr bgcolor="#D4E4F3">

<td>U_LIMIT</td>

<td>0</td>

</tr>

<tr>

<td>ZORDER</td>

<td>9</td>

</tr>

<tr bgcolor="#D4E4F3">

<td>LAYER</td>

<td>0</td>

</tr>

<tr>

<td>MODE</td>

<td>2T</td>

</tr>

<tr bgcolor="#D4E4F3">

<td>COLOR</td>

<td>0</td>

</tr>

<tr>

<td>WIDTH</td>

<td>0</td>

</tr>

<tr bgcolor="#D4E4F3">

<td>MIN_CAT</td>

<td>1Depth Contours</td>

</tr>

<tr>

<td>RTP_LIMIT</td>

<td>0</td>

</tr>

<tr bgcolor="#D4E4F3">

<td>RTP_COLOR</td>

<td>19</td>

</tr>

<tr>

<td>FONT</td>

<td>020</td>

</tr>

<tr bgcolor="#D4E4F3">

<td>VALUE</td>

<td>18</td>

</tr>

<tr>

<td>TYPE</td>

<td>0</td>

</tr>

<tr bgcolor="#D4E4F3">

<td>Depth</td>

<td>-18</td>

</tr>

</table>

</td>

</tr>

</table>

</body>

</html>]]></description>
			<styleUrl>#LineStyle00</styleUrl>
			<MultiGeometry>
				<LineString>
					<tessellate>1</tessellate>
					<coordinates>
						101.525425401,1.685221757,0 101.525489594,1.685304073,0 101.525533246,1.685346435,0 101.525584293,1.685448771,0 101.525605143,1.685470429,0 101.525629824,1.685484945,0 101.525659065,1.685493157,0 101.525695013,1.685492114,0 101.525730962,1.685477081,0 101.52575522,1.685448771,0 101.525759807,1.685430683,0 101.525754466,1.685394509,0 101.525658816,1.685267898,0 101.525620971,1.685159375,0 101.525587168,1.685113554,0 101.525515272,1.685069391,0 101.525497298,1.685066527,0 101.525479323,1.685070949,0 101.525443375,1.685103258,0 101.525418999,1.685141288,0 101.525414137,1.685195549,0 101.525425401,1.685221757,0 
					</coordinates>
				</LineString>
			</MultiGeometry>
		</Placemark>
		<Placemark id="ID_00003">
			<name>-18</name>
			<Snippet maxLines="0"></Snippet>
			<description><![CDATA[<html xmlns:fo="http://www.w3.org/1999/XSL/Format" xmlns:msxsl="urn:schemas-microsoft-com:xslt">

<head>

<META http-equiv="Content-Type" content="text/html">

<meta http-equiv="content-type" content="text/html; charset=UTF-8">

</head>

<body style="margin:0px 0px 0px 0px;overflow:auto;background:#FFFFFF;">

<table style="font-family:Arial,Verdana,Times;font-size:12px;text-align:left;width:100%;border-collapse:collapse;padding:3px 3px 3px 3px">

<tr style="text-align:center;font-weight:bold;background:#9CBCE2">

<td>Nautical</td>

</tr>

<tr>

<td>

<table style="font-family:Arial,Verdana,Times;font-size:12px;text-align:left;width:100%;border-spacing:0px; padding:3px 3px 3px 3px">

<tr>

<td>FID</td>

<td>3</td>

</tr>

<tr bgcolor="#D4E4F3">

<td>MAJ_CAT</td>

<td>Nautical</td>

</tr>

<tr>

<td>L_LIMIT</td>

<td>0</td>

</tr>

<tr bgcolor="#D4E4F3">

<td>U_LIMIT</td>

<td>0</td>

</tr>

<tr>

<td>ZORDER</td>

<td>9</td>

</tr>

<tr bgcolor="#D4E4F3">

<td>LAYER</td>

<td>0</td>

</tr>

<tr>

<td>MODE</td>

<td>2T</td>

</tr>

<tr bgcolor="#D4E4F3">

<td>COLOR</td>

<td>0</td>

</tr>

<tr>

<td>WIDTH</td>

<td>0</td>

</tr>

<tr bgcolor="#D4E4F3">

<td>MIN_CAT</td>

<td>1Depth Contours</td>

</tr>

<tr>

<td>RTP_LIMIT</td>

<td>0</td>

</tr>

<tr bgcolor="#D4E4F3">

<td>RTP_COLOR</td>

<td>19</td>

</tr>

<tr>

<td>FONT</td>

<td>020</td>

</tr>

<tr bgcolor="#D4E4F3">

<td>VALUE</td>

<td>18</td>

</tr>

<tr>

<td>TYPE</td>

<td>0</td>

</tr>

<tr bgcolor="#D4E4F3">

<td>Depth</td>

<td>-18</td>

</tr>

</table>

</td>

</tr>

</table>

</body>

</html>]]></description>
			<styleUrl>#LineStyle00</styleUrl>
			<MultiGeometry>
				<LineString>
					<tessellate>1</tessellate>
					<coordinates>
						101.524221132,1.686168086,0 101.524239106,1.686174569,0 101.524275054,1.686174495,0 101.524293028,1.68616824,0 101.524306273,1.686154173,0 101.524293028,1.686133272,0 101.52425708,1.686111567,0 101.524239106,1.686108955,0 101.524217413,1.686117998,0 101.524206858,1.686136085,0 101.524206942,1.686154173,0 101.524221132,1.686168086,0 
					</coordinates>
				</LineString>
			</MultiGeometry>
		</Placemark>
		<Placemark id="ID_00004">
			<name>-18</name>
			<Snippet maxLines="0"></Snippet>
			<description><![CDATA[<html xmlns:fo="http://www.w3.org/1999/XSL/Format" xmlns:msxsl="urn:schemas-microsoft-com:xslt">

<head>

<META http-equiv="Content-Type" content="text/html">

<meta http-equiv="content-type" content="text/html; charset=UTF-8">

</head>

<body style="margin:0px 0px 0px 0px;overflow:auto;background:#FFFFFF;">

<table style="font-family:Arial,Verdana,Times;font-size:12px;text-align:left;width:100%;border-collapse:collapse;padding:3px 3px 3px 3px">

<tr style="text-align:center;font-weight:bold;background:#9CBCE2">

<td>Nautical</td>

</tr>

<tr>

<td>

<table style="font-family:Arial,Verdana,Times;font-size:12px;text-align:left;width:100%;border-spacing:0px; padding:3px 3px 3px 3px">

<tr>

<td>FID</td>

<td>4</td>

</tr>

<tr bgcolor="#D4E4F3">

<td>MAJ_CAT</td>

<td>Nautical</td>

</tr>

<tr>

<td>L_LIMIT</td>

<td>0</td>

</tr>

<tr bgcolor="#D4E4F3">

<td>U_LIMIT</td>

<td>0</td>

</tr>

<tr>

<td>ZORDER</td>

<td>9</td>

</tr>

<tr bgcolor="#D4E4F3">

<td>LAYER</td>

<td>0</td>

</tr>

<tr>

<td>MODE</td>

<td>2T</td>

</tr>

<tr bgcolor="#D4E4F3">

<td>COLOR</td>

<td>0</td>

</tr>

<tr>

<td>WIDTH</td>

<td>0</td>

</tr>

<tr bgcolor="#D4E4F3">

<td>MIN_CAT</td>

<td>1Depth Contours</td>

</tr>

<tr>

<td>RTP_LIMIT</td>

<td>0</td>

</tr>

<tr bgcolor="#D4E4F3">

<td>RTP_COLOR</td>

<td>19</td>

</tr>

<tr>

<td>FONT</td>

<td>020</td>

</tr>

<tr bgcolor="#D4E4F3">

<td>VALUE</td>

<td>18</td>

</tr>

<tr>

<td>TYPE</td>

<td>0</td>

</tr>

<tr bgcolor="#D4E4F3">

<td>Depth</td>

<td>-18</td>

</tr>

</table>

</td>

</tr>

</table>

</body>

</html>]]></description>
			<styleUrl>#LineStyle00</styleUrl>
			<MultiGeometry>
				<LineString>
					<tessellate>1</tessellate>
					<coordinates>
						101.525924306,1.68617226,0 101.525940116,1.686208434,0 101.525982715,1.686262696,0 101.526144368,1.686416292,0 101.526183154,1.686443568,0 101.526234239,1.686456229,0 101.526288161,1.686450663,0 101.526360058,1.686421565,0 101.526403954,1.686389307,0 101.526426638,1.686353132,0 101.526437012,1.686316958,0 101.526443166,1.686262696,0 101.5264349,1.686208434,0 101.526371018,1.686063737,0 101.526342084,1.686024729,0 101.526306135,1.685995721,0 101.526270187,1.685984445,0 101.52619829,1.685987345,0 101.526144368,1.686000262,0 101.526018549,1.686048938,0 101.525964626,1.686078809,0 101.525941121,1.686099911,0 101.525924148,1.686136085,0 101.525924306,1.68617226,0 
					</coordinates>
				</LineString>
			</MultiGeometry>
		</Placemark>
		<Placemark id="ID_00005">
			<name>-18</name>
			<Snippet maxLines="0"></Snippet>
			<description><![CDATA[<html xmlns:fo="http://www.w3.org/1999/XSL/Format" xmlns:msxsl="urn:schemas-microsoft-com:xslt">

<head>

<META http-equiv="Content-Type" content="text/html">

<meta http-equiv="content-type" content="text/html; charset=UTF-8">

</head>

<body style="margin:0px 0px 0px 0px;overflow:auto;background:#FFFFFF;">

<table style="font-family:Arial,Verdana,Times;font-size:12px;text-align:left;width:100%;border-collapse:collapse;padding:3px 3px 3px 3px">

<tr style="text-align:center;font-weight:bold;background:#9CBCE2">

<td>Nautical</td>

</tr>

<tr>

<td>

<table style="font-family:Arial,Verdana,Times;font-size:12px;text-align:left;width:100%;border-spacing:0px; padding:3px 3px 3px 3px">

<tr>

<td>FID</td>

<td>5</td>

</tr>

<tr bgcolor="#D4E4F3">

<td>MAJ_CAT</td>

<td>Nautical</td>

</tr>

<tr>

<td>L_LIMIT</td>

<td>0</td>

</tr>

<tr bgcolor="#D4E4F3">

<td>U_LIMIT</td>

<td>0</td>

</tr>

<tr>

<td>ZORDER</td>

<td>9</td>

</tr>

<tr bgcolor="#D4E4F3">

<td>LAYER</td>

<td>0</td>

</tr>

<tr>

<td>MODE</td>

<td>2T</td>

</tr>

<tr bgcolor="#D4E4F3">

<td>COLOR</td>

<td>0</td>

</tr>

<tr>

<td>WIDTH</td>

<td>0</td>

</tr>

<tr bgcolor="#D4E4F3">

<td>MIN_CAT</td>

<td>1Depth Contours</td>

</tr>

<tr>

<td>RTP_LIMIT</td>

<td>0</td>

</tr>

<tr bgcolor="#D4E4F3">

<td>RTP_COLOR</td>

<td>19</td>

</tr>

<tr>

<td>FONT</td>

<td>020</td>

</tr>

<tr bgcolor="#D4E4F3">

<td>VALUE</td>

<td>18</td>

</tr>

<tr>

<td>TYPE</td>

<td>0</td>

</tr>

<tr bgcolor="#D4E4F3">

<td>Depth</td>

<td>-18</td>

</tr>

</table>

</td>

</tr>

</table>

</body>

</html>]]></description>
			<styleUrl>#LineStyle00</styleUrl>
			<MultiGeometry>
				<LineString>
					<tessellate>1</tessellate>
					<coordinates>
						101.524418848,1.686371722,0 101.524434888,1.686443568,0 101.524454796,1.686483055,0 101.52447277,1.686502402,0 101.524507221,1.686515917,0 101.524544667,1.686514636,0 101.524594014,1.68649783,0 101.524656314,1.686461656,0 101.524677053,1.686443568,0 101.52468613,1.686425481,0 101.524684566,1.686389307,0 101.524640279,1.686316958,0 101.524562641,1.686266821,0 101.524526693,1.686253823,0 101.52447277,1.686253773,0 101.524454796,1.686262093,0 101.524437366,1.686280783,0 101.524418848,1.686328808,0 101.524418848,1.686371722,0 
					</coordinates>
				</LineString>
			</MultiGeometry>
		</Placemark>
		<Placemark id="ID_00006">
			<name>-18</name>
			<Snippet maxLines="0"></Snippet>
			<description><![CDATA[<html xmlns:fo="http://www.w3.org/1999/XSL/Format" xmlns:msxsl="urn:schemas-microsoft-com:xslt">

<head>

<META http-equiv="Content-Type" content="text/html">

<meta http-equiv="content-type" content="text/html; charset=UTF-8">

</head>

<body style="margin:0px 0px 0px 0px;overflow:auto;background:#FFFFFF;">

<table style="font-family:Arial,Verdana,Times;font-size:12px;text-align:left;width:100%;border-collapse:collapse;padding:3px 3px 3px 3px">

<tr style="text-align:center;font-weight:bold;background:#9CBCE2">

<td>Nautical</td>

</tr>

<tr>

<td>

<table style="font-family:Arial,Verdana,Times;font-size:12px;text-align:left;width:100%;border-spacing:0px; padding:3px 3px 3px 3px">

<tr>

<td>FID</td>

<td>6</td>

</tr>

<tr bgcolor="#D4E4F3">

<td>MAJ_CAT</td>

<td>Nautical</td>

</tr>

<tr>

<td>L_LIMIT</td>

<td>0</td>

</tr>

<tr bgcolor="#D4E4F3">

<td>U_LIMIT</td>

<td>0</td>

</tr>

<tr>

<td>ZORDER</td>

<td>9</td>

</tr>

<tr bgcolor="#D4E4F3">

<td>LAYER</td>

<td>0</td>

</tr>

<tr>

<td>MODE</td>

<td>2T</td>

</tr>

<tr bgcolor="#D4E4F3">

<td>COLOR</td>

<td>0</td>

</tr>

<tr>

<td>WIDTH</td>

<td>0</td>

</tr>

<tr bgcolor="#D4E4F3">

<td>MIN_CAT</td>

<td>1Depth Contours</td>

</tr>

<tr>

<td>RTP_LIMIT</td>

<td>0</td>

</tr>

<tr bgcolor="#D4E4F3">

<td>RTP_COLOR</td>

<td>19</td>

</tr>

<tr>

<td>FONT</td>

<td>020</td>

</tr>

<tr bgcolor="#D4E4F3">

<td>VALUE</td>

<td>18</td>

</tr>

<tr>

<td>TYPE</td>

<td>0</td>

</tr>

<tr bgcolor="#D4E4F3">

<td>Depth</td>

<td>-18</td>

</tr>

</table>

</td>

</tr>

</table>

</body>

</html>]]></description>
			<styleUrl>#LineStyle00</styleUrl>
			<MultiGeometry>
				<LineString>
					<tessellate>1</tessellate>
					<coordinates>
						101.522154103,1.687776627,0 101.522225999,1.687782024,0 101.522279922,1.687792504,0 101.522333844,1.687815937,0 101.522351818,1.687832343,0 101.52238756,1.68787246,0 101.52253156,1.68806662,0 101.522603457,1.68823963,0 101.522621431,1.688259691,0 101.522639405,1.688270764,0 101.522657379,1.6882748,0 101.522675353,1.688270809,0 101.522693328,1.688255483,0 101.522716888,1.688216117,0 101.522736016,1.688161855,0 101.522749015,1.688089507,0 101.522758503,1.687908634,0 101.522810051,1.687745849,0 101.522813498,1.687709675,0 101.522772231,1.687619239,0 101.52274725,1.687591591,0 101.522675353,1.687555058,0 101.522567508,1.687528133,0 101.52253156,1.687505247,0 101.522510934,1.687474541,0 101.522504289,1.687438366,0 101.522510748,1.687420279,0 101.52253156,1.687405048,0 101.522549534,1.687400684,0 101.522585483,1.687405431,0 101.522675353,1.687450424,0 101.522819147,1.687490395,0 101.522873069,1.687514708,0 101.523049332,1.687619239,0 101.523172394,1.687709675,0 101.523250527,1.687760668,0 101.523412294,1.687912125,0 101.523448243,1.687931481,0 101.523466217,1.687934912,0 101.523484191,1.687933264,0 101.523502165,1.687923788,0 101.523520139,1.687900287,0 101.523536039,1.687854373,0 101.523555149,1.687763936,0 101.523556523,1.687637326,0 101.52354343,1.687583064,0 101.523520139,1.687554865,0 101.523484191,1.687534229,0 101.523412294,1.687514143,0 101.523268501,1.687492628,0 101.523240077,1.687474541,0 101.523233183,1.687456453,0 101.523229,1.687420279,0 101.523261654,1.68734793,0 101.523285756,1.687221319,0 101.523275309,1.687112796,0 101.523286475,1.687050023,0 101.52329803,1.68702236,0 101.523322423,1.68700395,0 101.523358372,1.68700255,0 101.523412294,1.68701233,0 101.523466217,1.68703062,0 101.523517218,1.687058534,0 101.523627984,1.687151119,0 101.523699881,1.687194189,0 101.523879623,1.687265676,0 101.524005442,1.687326627,0 101.524059364,1.687341147,0 101.524077338,1.68733938,0 101.524095313,1.687330646,0 101.524113287,1.687308138,0 101.524149235,1.687221783,0 101.5241736,1.687130883,0 101.524163323,1.687058534,0 101.524154371,1.687040447,0 101.524133595,1.68702236,0 101.524095313,1.687005432,0 101.523987468,1.686988526,0 101.523933545,1.68697576,0 101.523879853,1.686950011,0 101.523810193,1.686841488,0 101.523794654,1.686805313,0 101.523771778,1.686779393,0 101.523717855,1.686745678,0 101.523603912,1.68669679,0 101.523578427,1.686678702,0 101.523556088,1.686650749,0 101.523543085,1.686624441,0 101.523537747,1.686588266,0 101.523576485,1.686479743,0 101.52361001,1.68642241,0 101.523645958,1.686393506,0 101.523663933,1.686389,0 101.523681907,1.686390142,0 101.523717855,1.686404062,0 101.523879043,1.686515917,0 101.524081383,1.686624441,0 101.524149235,1.686678881,0 101.524203158,1.686714877,0 101.524311003,1.686765047,0 101.524523333,1.686968098,0 101.524616563,1.687030266,0 101.524652512,1.687046796,0 101.524706434,1.687062841,0 101.524868202,1.687089794,0 101.524976047,1.687139927,0 101.525011995,1.687151509,0 101.525047943,1.687151279,0 101.525065918,1.687143235,0 101.525099674,1.687112796,0 101.52511886,1.687076622,0 101.525122951,1.687040447,0 101.525111799,1.687004273,0 101.525093696,1.686986185,0 101.525065918,1.686974359,0 101.524958073,1.686959657,0 101.52490415,1.68694353,0 101.524865206,1.686913836,0 101.524839388,1.686859575,0 101.524827721,1.686751051,0 101.524864389,1.686552092,0 101.52488368,1.686534005,0 101.52490415,1.686524687,0 101.524940098,1.686519937,0 101.524994021,1.686530244,0 101.525083892,1.686570628,0 101.52511984,1.686580366,0 101.525173763,1.686583041,0 101.525227685,1.68657059,0 101.525262677,1.686552092,0 101.525281608,1.686536092,0 101.525308986,1.68649783,0 101.525334114,1.686425481,0 101.52533553,1.686371219,0 101.525318716,1.686298871,0 101.525299582,1.686260869,0 101.525261412,1.686226522,0 101.525175418,1.686190347,0 101.525137814,1.686163063,0 101.525083892,1.686099398,0 101.525047943,1.686025666,0 101.524994021,1.685956967,0 101.524940098,1.68592356,0 101.524832253,1.685880868,0 101.524779641,1.68584669,0 101.524771692,1.685828603,0 101.524778331,1.68580051,0 101.524796305,1.68577019,0 101.524832253,1.685744841,0 101.524868202,1.685740117,0 101.52490415,1.685746089,0 101.525083892,1.685806949,0 101.525225865,1.685864777,0 101.525371478,1.685939656,0 101.525425401,1.685960265,0 101.525515272,1.685979481,0 101.525695013,1.686005943,0 101.525748936,1.686004953,0 101.525784884,1.685997796,0 101.525820833,1.685983366,0 101.525856781,1.685956532,0 101.525914108,1.685882864,0 101.525997162,1.685738166,0 101.526018549,1.685723214,0 101.526036523,1.685720294,0 101.526054497,1.685722773,0 101.526144368,1.68575822,0 101.526234239,1.685784539,0 101.526329887,1.685792428,0 101.526431954,1.685824393,0 101.526485877,1.685835619,0 101.526557774,1.685838292,0 
					</coordinates>
				</LineString>
			</MultiGeometry>
		</Placemark>
		<Placemark id="ID_00007">
			<name>-18</name>
			<Snippet maxLines="0"></Snippet>
			<description><![CDATA[<html xmlns:fo="http://www.w3.org/1999/XSL/Format" xmlns:msxsl="urn:schemas-microsoft-com:xslt">

<head>

<META http-equiv="Content-Type" content="text/html">

<meta http-equiv="content-type" content="text/html; charset=UTF-8">

</head>

<body style="margin:0px 0px 0px 0px;overflow:auto;background:#FFFFFF;">

<table style="font-family:Arial,Verdana,Times;font-size:12px;text-align:left;width:100%;border-collapse:collapse;padding:3px 3px 3px 3px">

<tr style="text-align:center;font-weight:bold;background:#9CBCE2">

<td>Nautical</td>

</tr>

<tr>

<td>

<table style="font-family:Arial,Verdana,Times;font-size:12px;text-align:left;width:100%;border-spacing:0px; padding:3px 3px 3px 3px">

<tr>

<td>FID</td>

<td>7</td>

</tr>

<tr bgcolor="#D4E4F3">

<td>MAJ_CAT</td>

<td>Nautical</td>

</tr>

<tr>

<td>L_LIMIT</td>

<td>0</td>

</tr>

<tr bgcolor="#D4E4F3">

<td>U_LIMIT</td>

<td>0</td>

</tr>

<tr>

<td>ZORDER</td>

<td>9</td>

</tr>

<tr bgcolor="#D4E4F3">

<td>LAYER</td>

<td>0</td>

</tr>

<tr>

<td>MODE</td>

<td>2T</td>

</tr>

<tr bgcolor="#D4E4F3">

<td>COLOR</td>

<td>0</td>

</tr>

<tr>

<td>WIDTH</td>

<td>0</td>

</tr>

<tr bgcolor="#D4E4F3">

<td>MIN_CAT</td>

<td>1Depth Contours</td>

</tr>

<tr>

<td>RTP_LIMIT</td>

<td>0</td>

</tr>

<tr bgcolor="#D4E4F3">

<td>RTP_COLOR</td>

<td>19</td>

</tr>

<tr>

<td>FONT</td>

<td>020</td>

</tr>

<tr bgcolor="#D4E4F3">

<td>VALUE</td>

<td>18</td>

</tr>

<tr>

<td>TYPE</td>

<td>0</td>

</tr>

<tr bgcolor="#D4E4F3">

<td>Depth</td>

<td>-18</td>

</tr>

</table>

</td>

</tr>

</table>

</body>

</html>]]></description>
			<styleUrl>#LineStyle00</styleUrl>
			<MultiGeometry>
				<LineString>
					<tessellate>1</tessellate>
					<coordinates>
						101.532399378,1.693020141,0 101.53236343,1.693020141,0 101.532335185,1.693027321,0 101.532280912,1.693063495,0 101.532093817,1.693143253,0 101.53193205,1.693233294,0 101.53180623,1.693297108,0 101.53156317,1.693407153,0 101.531464721,1.693441948,0 101.531213083,1.693519906,0 101.530961445,1.693581114,0 101.530907522,1.693596537,0 101.530835625,1.693622208,0 101.530654086,1.693696548,0 101.530548039,1.693733476,0 101.530476142,1.693752852,0 101.5302964,1.693786543,0 101.530242478,1.693799529,0 101.530062736,1.693862636,0 101.529900969,1.69390762,0 101.529685279,1.693977955,0 101.529361744,1.694057808,0 101.529271873,1.694089519,0 101.529146054,1.694141594,0 101.529030756,1.694184904,0 101.528750622,1.694268372,0 101.528624803,1.694294225,0 101.528283294,1.694343058,0 101.5281395,1.69437052,0 101.527690146,1.694475664,0 101.52749243,1.694541041,0 101.527204844,1.694627072,0 101.527114973,1.694644076,0 101.527079024,1.694648024,0 101.527007128,1.694651581,0 101.526986878,1.694673259,0 101.526974495,1.694709433,0 
					</coordinates>
				</LineString>
			</MultiGeometry>
		</Placemark>
		<Placemark id="ID_00008">
			<name>-18</name>
			<Snippet maxLines="0"></Snippet>
			<description><![CDATA[<html xmlns:fo="http://www.w3.org/1999/XSL/Format" xmlns:msxsl="urn:schemas-microsoft-com:xslt">

<head>

<META http-equiv="Content-Type" content="text/html">

<meta http-equiv="content-type" content="text/html; charset=UTF-8">

</head>

<body style="margin:0px 0px 0px 0px;overflow:auto;background:#FFFFFF;">

<table style="font-family:Arial,Verdana,Times;font-size:12px;text-align:left;width:100%;border-collapse:collapse;padding:3px 3px 3px 3px">

<tr style="text-align:center;font-weight:bold;background:#9CBCE2">

<td>Nautical</td>

</tr>

<tr>

<td>

<table style="font-family:Arial,Verdana,Times;font-size:12px;text-align:left;width:100%;border-spacing:0px; padding:3px 3px 3px 3px">

<tr>

<td>FID</td>

<td>8</td>

</tr>

<tr bgcolor="#D4E4F3">

<td>MAJ_CAT</td>

<td>Nautical</td>

</tr>

<tr>

<td>L_LIMIT</td>

<td>0</td>

</tr>

<tr bgcolor="#D4E4F3">

<td>U_LIMIT</td>

<td>0</td>

</tr>

<tr>

<td>ZORDER</td>

<td>9</td>

</tr>

<tr bgcolor="#D4E4F3">

<td>LAYER</td>

<td>0</td>

</tr>

<tr>

<td>MODE</td>

<td>2T</td>

</tr>

<tr bgcolor="#D4E4F3">

<td>COLOR</td>

<td>0</td>

</tr>

<tr>

<td>WIDTH</td>

<td>0</td>

</tr>

<tr bgcolor="#D4E4F3">

<td>MIN_CAT</td>

<td>1Depth Contours</td>

</tr>

<tr>

<td>RTP_LIMIT</td>

<td>0</td>

</tr>

<tr bgcolor="#D4E4F3">

<td>RTP_COLOR</td>

<td>19</td>

</tr>

<tr>

<td>FONT</td>

<td>020</td>

</tr>

<tr bgcolor="#D4E4F3">

<td>VALUE</td>

<td>18</td>

</tr>

<tr>

<td>TYPE</td>

<td>0</td>

</tr>

<tr bgcolor="#D4E4F3">

<td>Depth</td>

<td>-18</td>

</tr>

</table>

</td>

</tr>

</table>

</body>

</html>]]></description>
			<styleUrl>#LineStyle00</styleUrl>
			<MultiGeometry>
				<LineString>
					<tessellate>1</tessellate>
					<coordinates>
						101.539427277,1.699029127,0 101.539355381,1.699029127,0 101.539319432,1.699034136,0 101.539283484,1.699041747,0 101.539229562,1.699058531,0 101.539193613,1.699063861,0 101.539139691,1.699065814,0 101.539031846,1.699059813,0 101.538995897,1.699062227,0 101.538941975,1.699074783,0 101.538744259,1.699150996,0 101.538647199,1.699176979,0 101.538582492,1.699188975,0 101.538528569,1.69919605,0 101.538294905,1.699213785,0 101.538240982,1.699222027,0 101.53818706,1.699233459,0 101.538055449,1.699267415,0 101.537899473,1.699300984,0 101.537692079,1.699375939,0 101.537504041,1.699419298,0 101.537288351,1.699485876,0 101.536785075,1.699607967,0 101.536587359,1.699670329,0 101.536497488,1.699704971,0 101.536479514,1.699707444,0 101.536443566,1.699705165,0 101.536407617,1.699696528,0 101.536335721,1.699672155,0 101.536281798,1.69966036,0 101.53624585,1.699658567,0 101.536227876,1.699659556,0 101.536191927,1.699663756,0 101.536138005,1.699674067,0 101.535994211,1.699713675,0 101.535940289,1.699733459,0 101.535892827,1.69975577,0 101.53583996,1.699791945,0 101.535742573,1.699889569,0 101.535724599,1.699902096,0 101.535652702,1.699928404,0 101.535580806,1.69994951,0 101.53538309,1.699994859,0 101.535059555,1.700076437,0 101.534682097,1.70017548,0 101.534546474,1.700207951,0 101.53452033,1.700219968,0 101.534502356,1.700217695,0 101.534462378,1.700226038,0 101.534412485,1.70024703,0 101.534394511,1.700239685,0 101.534373698,1.700244126,0 101.53430464,1.700271515,0 101.534289934,1.700262213,0 101.53428153,1.700262213,0 101.534232743,1.700280862,0 101.534196795,1.700298494,0 101.53408895,1.700364067,0 
					</coordinates>
				</LineString>
			</MultiGeometry>
		</Placemark>
		<Placemark id="ID_00009">
			<name>-8</name>
			<Snippet maxLines="0"></Snippet>
			<description><![CDATA[<html xmlns:fo="http://www.w3.org/1999/XSL/Format" xmlns:msxsl="urn:schemas-microsoft-com:xslt">

<head>

<META http-equiv="Content-Type" content="text/html">

<meta http-equiv="content-type" content="text/html; charset=UTF-8">

</head>

<body style="margin:0px 0px 0px 0px;overflow:auto;background:#FFFFFF;">

<table style="font-family:Arial,Verdana,Times;font-size:12px;text-align:left;width:100%;border-collapse:collapse;padding:3px 3px 3px 3px">

<tr style="text-align:center;font-weight:bold;background:#9CBCE2">

<td>Nautical</td>

</tr>

<tr>

<td>

<table style="font-family:Arial,Verdana,Times;font-size:12px;text-align:left;width:100%;border-spacing:0px; padding:3px 3px 3px 3px">

<tr>

<td>FID</td>

<td>9</td>

</tr>

<tr bgcolor="#D4E4F3">

<td>MAJ_CAT</td>

<td>Nautical</td>

</tr>

<tr>

<td>L_LIMIT</td>

<td>0</td>

</tr>

<tr bgcolor="#D4E4F3">

<td>U_LIMIT</td>

<td>0</td>

</tr>

<tr>

<td>ZORDER</td>

<td>9</td>

</tr>

<tr bgcolor="#D4E4F3">

<td>LAYER</td>

<td>0</td>

</tr>

<tr>

<td>MODE</td>

<td>2T</td>

</tr>

<tr bgcolor="#D4E4F3">

<td>COLOR</td>

<td>0</td>

</tr>

<tr>

<td>WIDTH</td>

<td>0</td>

</tr>

<tr bgcolor="#D4E4F3">

<td>MIN_CAT</td>

<td>1Depth Contours</td>

</tr>

<tr>

<td>RTP_LIMIT</td>

<td>0</td>

</tr>

<tr bgcolor="#D4E4F3">

<td>RTP_COLOR</td>

<td>19</td>

</tr>

<tr>

<td>FONT</td>

<td>020</td>

</tr>

<tr bgcolor="#D4E4F3">

<td>VALUE</td>

<td>8</td>

</tr>

<tr>

<td>TYPE</td>

<td>0</td>

</tr>

<tr bgcolor="#D4E4F3">

<td>Depth</td>

<td>-8</td>

</tr>

</table>

</td>

</tr>

</table>

</body>

</html>]]></description>
			<styleUrl>#LineStyle09</styleUrl>
			<MultiGeometry>
				<LineString>
					<tessellate>1</tessellate>
					<coordinates>
						101.518020044,1.658367164,0 101.518038018,1.658358614,0 101.518127889,1.658227482,0 101.518163837,1.658096588,0 101.518199786,1.658045294,0 101.518253708,1.657998575,0 101.51843345,1.657863365,0 101.518513335,1.657811476,0 101.518595217,1.657766411,0 101.518739011,1.657700096,0 101.519234934,1.657503993,0 101.519440003,1.657427768,0 101.519655693,1.657332676,0 101.51972759,1.657314488,0 101.519853409,1.657301415,0 101.519907332,1.657283501,0 101.519961254,1.657250771,0 101.520127515,1.657124161,0 101.520266815,1.657040388,0 101.520875369,1.656780503,0 101.521219446,1.656652988,0 101.52132575,1.656599631,0 101.52145311,1.656524073,0 101.521525007,1.656490825,0 101.521812593,1.656391929,0 101.521992335,1.656314601,0 101.522172077,1.656249489,0 101.522225999,1.656225016,0 101.522279922,1.656194059,0 101.522351818,1.656140624,0 101.522570917,1.65594849,0 101.52274725,1.655845192,0 101.522765224,1.655839766,0 101.522783198,1.655847321,0 101.522855095,1.655840449,0 101.522944966,1.655840225,0 
					</coordinates>
				</LineString>
			</MultiGeometry>
		</Placemark>
		<Placemark id="ID_00010">
			<name>-8</name>
			<Snippet maxLines="0"></Snippet>
			<description><![CDATA[<html xmlns:fo="http://www.w3.org/1999/XSL/Format" xmlns:msxsl="urn:schemas-microsoft-com:xslt">

<head>

<META http-equiv="Content-Type" content="text/html">

<meta http-equiv="content-type" content="text/html; charset=UTF-8">

</head>

<body style="margin:0px 0px 0px 0px;overflow:auto;background:#FFFFFF;">

<table style="font-family:Arial,Verdana,Times;font-size:12px;text-align:left;width:100%;border-collapse:collapse;padding:3px 3px 3px 3px">

<tr style="text-align:center;font-weight:bold;background:#9CBCE2">

<td>Nautical</td>

</tr>

<tr>

<td>

<table style="font-family:Arial,Verdana,Times;font-size:12px;text-align:left;width:100%;border-spacing:0px; padding:3px 3px 3px 3px">

<tr>

<td>FID</td>

<td>10</td>

</tr>

<tr bgcolor="#D4E4F3">

<td>MAJ_CAT</td>

<td>Nautical</td>

</tr>

<tr>

<td>L_LIMIT</td>

<td>0</td>

</tr>

<tr bgcolor="#D4E4F3">

<td>U_LIMIT</td>

<td>0</td>

</tr>

<tr>

<td>ZORDER</td>

<td>9</td>

</tr>

<tr bgcolor="#D4E4F3">

<td>LAYER</td>

<td>0</td>

</tr>

<tr>

<td>MODE</td>

<td>2T</td>

</tr>

<tr bgcolor="#D4E4F3">

<td>COLOR</td>

<td>0</td>

</tr>

<tr>

<td>WIDTH</td>

<td>0</td>

</tr>

<tr bgcolor="#D4E4F3">

<td>MIN_CAT</td>

<td>1Depth Contours</td>

</tr>

<tr>

<td>RTP_LIMIT</td>

<td>0</td>

</tr>

<tr bgcolor="#D4E4F3">

<td>RTP_COLOR</td>

<td>19</td>

</tr>

<tr>

<td>FONT</td>

<td>020</td>

</tr>

<tr bgcolor="#D4E4F3">

<td>VALUE</td>

<td>8</td>

</tr>

<tr>

<td>TYPE</td>

<td>0</td>

</tr>

<tr bgcolor="#D4E4F3">

<td>Depth</td>

<td>-8</td>

</tr>

</table>

</td>

</tr>

</table>

</body>

</html>]]></description>
			<styleUrl>#LineStyle09</styleUrl>
			<MultiGeometry>
				<LineString>
					<tessellate>1</tessellate>
					<coordinates>
						101.520770092,1.665682712,0 101.520796926,1.665751773,0 101.52083548,1.665806034,0 101.520863558,1.665914558,0 101.520880932,1.665932645,0 101.520913885,1.665946043,0 101.520949833,1.665950256,0 101.521003756,1.665946378,0 101.521129575,1.665919345,0 101.521182258,1.66589647,0 101.521327291,1.665816949,0 101.521363239,1.665803321,0 101.521417162,1.665790907,0 101.521471084,1.665788324,0 101.521507032,1.665794407,0 101.521546832,1.665806034,0 101.521614877,1.665841423,0 101.521632852,1.665845223,0 101.521650826,1.665843031,0 101.5216688,1.665832633,0 101.52169988,1.665751773,0 101.521730089,1.665498551,0 101.521740392,1.665462377,0 101.521787612,1.665390028,0 101.521848542,1.665326574,0 101.521974361,1.665245043,0 101.522125692,1.665172981,0 101.522243973,1.665124078,0 101.522495612,1.665032258,0 101.522616701,1.664974021,0 101.522729276,1.664910133,0 101.522926992,1.664838466,0 101.522980914,1.664799449,0 101.5230342,1.664738887,0 101.523088364,1.664702713,0 101.52332467,1.664485666,0 101.523505847,1.664359055,0 101.523574062,1.664303332,0 101.523604068,1.664268619,0 101.523623283,1.664214357,0 101.523720356,1.664033485,0 101.523747063,1.663997311,0 101.523760515,1.663961136,0 101.523766012,1.663888787,0 101.523756443,1.663762177,0 101.523735829,1.663711154,0 101.523717855,1.663699546,0 101.523663933,1.663722597,0 101.523592036,1.663766035,0 101.523430268,1.663804656,0 101.523376346,1.663824728,0 101.523232553,1.663947746,0 101.523034837,1.664078703,0 101.523010015,1.664105834,0 101.522991213,1.664142009,0 101.522935352,1.664359055,0 101.52289794,1.664449492,0 101.522866211,1.664485666,0 101.522757212,1.664576102,0 101.522675353,1.664673217,0 101.522621431,1.6647208,0 101.522585483,1.664738596,0 101.52253156,1.664746953,0 101.522405741,1.664736054,0 101.522297896,1.664733203,0 101.521974361,1.664746297,0 101.521866516,1.6647633,0 101.521778417,1.664793149,0 101.521692017,1.664847411,0 101.521640253,1.66491976,0 101.521581625,1.664974021,0 101.521477189,1.665028283,0 101.521309317,1.665098864,0 101.521255394,1.665127248,0 101.521201472,1.665166463,0 101.521068022,1.665281504,0 101.520913885,1.665381816,0 101.52085559,1.665426202,0 101.520810106,1.665480464,0 101.520779139,1.665552813,0 101.520764206,1.665625162,0 101.520770092,1.665682712,0 
					</coordinates>
				</LineString>
			</MultiGeometry>
		</Placemark>
		<Placemark id="ID_00011">
			<name>-8</name>
			<Snippet maxLines="0"></Snippet>
			<description><![CDATA[<html xmlns:fo="http://www.w3.org/1999/XSL/Format" xmlns:msxsl="urn:schemas-microsoft-com:xslt">

<head>

<META http-equiv="Content-Type" content="text/html">

<meta http-equiv="content-type" content="text/html; charset=UTF-8">

</head>

<body style="margin:0px 0px 0px 0px;overflow:auto;background:#FFFFFF;">

<table style="font-family:Arial,Verdana,Times;font-size:12px;text-align:left;width:100%;border-collapse:collapse;padding:3px 3px 3px 3px">

<tr style="text-align:center;font-weight:bold;background:#9CBCE2">

<td>Nautical</td>

</tr>

<tr>

<td>

<table style="font-family:Arial,Verdana,Times;font-size:12px;text-align:left;width:100%;border-spacing:0px; padding:3px 3px 3px 3px">

<tr>

<td>FID</td>

<td>11</td>

</tr>

<tr bgcolor="#D4E4F3">

<td>MAJ_CAT</td>

<td>Nautical</td>

</tr>

<tr>

<td>L_LIMIT</td>

<td>0</td>

</tr>

<tr bgcolor="#D4E4F3">

<td>U_LIMIT</td>

<td>0</td>

</tr>

<tr>

<td>ZORDER</td>

<td>9</td>

</tr>

<tr bgcolor="#D4E4F3">

<td>LAYER</td>

<td>0</td>

</tr>

<tr>

<td>MODE</td>

<td>2T</td>

</tr>

<tr bgcolor="#D4E4F3">

<td>COLOR</td>

<td>0</td>

</tr>

<tr>

<td>WIDTH</td>

<td>0</td>

</tr>

<tr bgcolor="#D4E4F3">

<td>MIN_CAT</td>

<td>1Depth Contours</td>

</tr>

<tr>

<td>RTP_LIMIT</td>

<td>0</td>

</tr>

<tr bgcolor="#D4E4F3">

<td>RTP_COLOR</td>

<td>19</td>

</tr>

<tr>

<td>FONT</td>

<td>020</td>

</tr>

<tr bgcolor="#D4E4F3">

<td>VALUE</td>

<td>8</td>

</tr>

<tr>

<td>TYPE</td>

<td>0</td>

</tr>

<tr bgcolor="#D4E4F3">

<td>Depth</td>

<td>-8</td>

</tr>

</table>

</td>

</tr>

</table>

</body>

</html>]]></description>
			<styleUrl>#LineStyle09</styleUrl>
			<MultiGeometry>
				<LineString>
					<tessellate>1</tessellate>
					<coordinates>
						101.520608324,1.666077343,0 101.520635285,1.666077343,0 101.520675728,1.666059256,0 101.520680221,1.666041168,0 101.520626298,1.666059256,0 101.520608324,1.666077343,0 
					</coordinates>
				</LineString>
			</MultiGeometry>
		</Placemark>
		<Placemark id="ID_00012">
			<name>-8</name>
			<Snippet maxLines="0"></Snippet>
			<description><![CDATA[<html xmlns:fo="http://www.w3.org/1999/XSL/Format" xmlns:msxsl="urn:schemas-microsoft-com:xslt">

<head>

<META http-equiv="Content-Type" content="text/html">

<meta http-equiv="content-type" content="text/html; charset=UTF-8">

</head>

<body style="margin:0px 0px 0px 0px;overflow:auto;background:#FFFFFF;">

<table style="font-family:Arial,Verdana,Times;font-size:12px;text-align:left;width:100%;border-collapse:collapse;padding:3px 3px 3px 3px">

<tr style="text-align:center;font-weight:bold;background:#9CBCE2">

<td>Nautical</td>

</tr>

<tr>

<td>

<table style="font-family:Arial,Verdana,Times;font-size:12px;text-align:left;width:100%;border-spacing:0px; padding:3px 3px 3px 3px">

<tr>

<td>FID</td>

<td>12</td>

</tr>

<tr bgcolor="#D4E4F3">

<td>MAJ_CAT</td>

<td>Nautical</td>

</tr>

<tr>

<td>L_LIMIT</td>

<td>0</td>

</tr>

<tr bgcolor="#D4E4F3">

<td>U_LIMIT</td>

<td>0</td>

</tr>

<tr>

<td>ZORDER</td>

<td>9</td>

</tr>

<tr bgcolor="#D4E4F3">

<td>LAYER</td>

<td>0</td>

</tr>

<tr>

<td>MODE</td>

<td>2T</td>

</tr>

<tr bgcolor="#D4E4F3">

<td>COLOR</td>

<td>0</td>

</tr>

<tr>

<td>WIDTH</td>

<td>0</td>

</tr>

<tr bgcolor="#D4E4F3">

<td>MIN_CAT</td>

<td>1Depth Contours</td>

</tr>

<tr>

<td>RTP_LIMIT</td>

<td>0</td>

</tr>

<tr bgcolor="#D4E4F3">

<td>RTP_COLOR</td>

<td>19</td>

</tr>

<tr>

<td>FONT</td>

<td>020</td>

</tr>

<tr bgcolor="#D4E4F3">

<td>VALUE</td>

<td>8</td>

</tr>

<tr>

<td>TYPE</td>

<td>0</td>

</tr>

<tr bgcolor="#D4E4F3">

<td>Depth</td>

<td>-8</td>

</tr>

</table>

</td>

</tr>

</table>

</body>

</html>]]></description>
			<styleUrl>#LineStyle09</styleUrl>
			<MultiGeometry>
				<LineString>
					<tessellate>1</tessellate>
					<coordinates>
						101.522082206,1.668143809,0 101.522118154,1.668168713,0 101.522172077,1.66818709,0 101.522208025,1.66819018,0 101.522261948,1.668182697,0 101.52231587,1.66816082,0 101.522371141,1.6681212,0 101.522381464,1.668103113,0 101.522381209,1.668085026,0 101.522367296,1.668066939,0 101.522333844,1.668047207,0 101.522279922,1.668033405,0 101.522225999,1.668031434,0 101.522172077,1.668039146,0 101.52214172,1.668048851,0 101.522118154,1.668062608,0 101.52209471,1.668085026,0 101.522070972,1.6681212,0 101.522082206,1.668143809,0 
					</coordinates>
				</LineString>
			</MultiGeometry>
		</Placemark>
		<Placemark id="ID_00013">
			<name>-8</name>
			<Snippet maxLines="0"></Snippet>
			<description><![CDATA[<html xmlns:fo="http://www.w3.org/1999/XSL/Format" xmlns:msxsl="urn:schemas-microsoft-com:xslt">

<head>

<META http-equiv="Content-Type" content="text/html">

<meta http-equiv="content-type" content="text/html; charset=UTF-8">

</head>

<body style="margin:0px 0px 0px 0px;overflow:auto;background:#FFFFFF;">

<table style="font-family:Arial,Verdana,Times;font-size:12px;text-align:left;width:100%;border-collapse:collapse;padding:3px 3px 3px 3px">

<tr style="text-align:center;font-weight:bold;background:#9CBCE2">

<td>Nautical</td>

</tr>

<tr>

<td>

<table style="font-family:Arial,Verdana,Times;font-size:12px;text-align:left;width:100%;border-spacing:0px; padding:3px 3px 3px 3px">

<tr>

<td>FID</td>

<td>13</td>

</tr>

<tr bgcolor="#D4E4F3">

<td>MAJ_CAT</td>

<td>Nautical</td>

</tr>

<tr>

<td>L_LIMIT</td>

<td>0</td>

</tr>

<tr bgcolor="#D4E4F3">

<td>U_LIMIT</td>

<td>0</td>

</tr>

<tr>

<td>ZORDER</td>

<td>9</td>

</tr>

<tr bgcolor="#D4E4F3">

<td>LAYER</td>

<td>0</td>

</tr>

<tr>

<td>MODE</td>

<td>2T</td>

</tr>

<tr bgcolor="#D4E4F3">

<td>COLOR</td>

<td>0</td>

</tr>

<tr>

<td>WIDTH</td>

<td>0</td>

</tr>

<tr bgcolor="#D4E4F3">

<td>MIN_CAT</td>

<td>1Depth Contours</td>

</tr>

<tr>

<td>RTP_LIMIT</td>

<td>0</td>

</tr>

<tr bgcolor="#D4E4F3">

<td>RTP_COLOR</td>

<td>19</td>

</tr>

<tr>

<td>FONT</td>

<td>020</td>

</tr>

<tr bgcolor="#D4E4F3">

<td>VALUE</td>

<td>8</td>

</tr>

<tr>

<td>TYPE</td>

<td>0</td>

</tr>

<tr bgcolor="#D4E4F3">

<td>Depth</td>

<td>-8</td>

</tr>

</table>

</td>

</tr>

</table>

</body>

</html>]]></description>
			<styleUrl>#LineStyle09</styleUrl>
			<MultiGeometry>
				<LineString>
					<tessellate>1</tessellate>
					<coordinates>
						101.521650826,1.668191905,0 101.521686774,1.668209791,0 101.521704748,1.668211637,0 101.521740697,1.668202593,0 101.521787429,1.668175462,0 101.521793763,1.668157375,0 101.521769077,1.668139288,0 101.521740697,1.668131645,0 101.521722722,1.668130606,0 101.521679337,1.668139288,0 101.521650826,1.66816039,0 101.521643011,1.668175462,0 101.521650826,1.668191905,0 
					</coordinates>
				</LineString>
			</MultiGeometry>
		</Placemark>
		<Placemark id="ID_00014">
			<name>-8</name>
			<Snippet maxLines="0"></Snippet>
			<description><![CDATA[<html xmlns:fo="http://www.w3.org/1999/XSL/Format" xmlns:msxsl="urn:schemas-microsoft-com:xslt">

<head>

<META http-equiv="Content-Type" content="text/html">

<meta http-equiv="content-type" content="text/html; charset=UTF-8">

</head>

<body style="margin:0px 0px 0px 0px;overflow:auto;background:#FFFFFF;">

<table style="font-family:Arial,Verdana,Times;font-size:12px;text-align:left;width:100%;border-collapse:collapse;padding:3px 3px 3px 3px">

<tr style="text-align:center;font-weight:bold;background:#9CBCE2">

<td>Nautical</td>

</tr>

<tr>

<td>

<table style="font-family:Arial,Verdana,Times;font-size:12px;text-align:left;width:100%;border-spacing:0px; padding:3px 3px 3px 3px">

<tr>

<td>FID</td>

<td>14</td>

</tr>

<tr bgcolor="#D4E4F3">

<td>MAJ_CAT</td>

<td>Nautical</td>

</tr>

<tr>

<td>L_LIMIT</td>

<td>0</td>

</tr>

<tr bgcolor="#D4E4F3">

<td>U_LIMIT</td>

<td>0</td>

</tr>

<tr>

<td>ZORDER</td>

<td>9</td>

</tr>

<tr bgcolor="#D4E4F3">

<td>LAYER</td>

<td>0</td>

</tr>

<tr>

<td>MODE</td>

<td>2T</td>

</tr>

<tr bgcolor="#D4E4F3">

<td>COLOR</td>

<td>0</td>

</tr>

<tr>

<td>WIDTH</td>

<td>0</td>

</tr>

<tr bgcolor="#D4E4F3">

<td>MIN_CAT</td>

<td>1Depth Contours</td>

</tr>

<tr>

<td>RTP_LIMIT</td>

<td>0</td>

</tr>

<tr bgcolor="#D4E4F3">

<td>RTP_COLOR</td>

<td>19</td>

</tr>

<tr>

<td>FONT</td>

<td>020</td>

</tr>

<tr bgcolor="#D4E4F3">

<td>VALUE</td>

<td>8</td>

</tr>

<tr>

<td>TYPE</td>

<td>0</td>

</tr>

<tr bgcolor="#D4E4F3">

<td>Depth</td>

<td>-8</td>

</tr>

</table>

</td>

</tr>

</table>

</body>

</html>]]></description>
			<styleUrl>#LineStyle09</styleUrl>
			<MultiGeometry>
				<LineString>
					<tessellate>1</tessellate>
					<coordinates>
						101.521560955,1.668868806,0 101.521578929,1.66887922,0 101.521596903,1.668876343,0 101.521616075,1.668862777,0 101.521614877,1.66884356,0 101.521596903,1.668838026,0 101.521568944,1.66884469,0 101.521557103,1.668862777,0 101.521560955,1.668868806,0 
					</coordinates>
				</LineString>
			</MultiGeometry>
		</Placemark>
		<Placemark id="ID_00015">
			<name>-8</name>
			<Snippet maxLines="0"></Snippet>
			<description><![CDATA[<html xmlns:fo="http://www.w3.org/1999/XSL/Format" xmlns:msxsl="urn:schemas-microsoft-com:xslt">

<head>

<META http-equiv="Content-Type" content="text/html">

<meta http-equiv="content-type" content="text/html; charset=UTF-8">

</head>

<body style="margin:0px 0px 0px 0px;overflow:auto;background:#FFFFFF;">

<table style="font-family:Arial,Verdana,Times;font-size:12px;text-align:left;width:100%;border-collapse:collapse;padding:3px 3px 3px 3px">

<tr style="text-align:center;font-weight:bold;background:#9CBCE2">

<td>Nautical</td>

</tr>

<tr>

<td>

<table style="font-family:Arial,Verdana,Times;font-size:12px;text-align:left;width:100%;border-spacing:0px; padding:3px 3px 3px 3px">

<tr>

<td>FID</td>

<td>15</td>

</tr>

<tr bgcolor="#D4E4F3">

<td>MAJ_CAT</td>

<td>Nautical</td>

</tr>

<tr>

<td>L_LIMIT</td>

<td>0</td>

</tr>

<tr bgcolor="#D4E4F3">

<td>U_LIMIT</td>

<td>0</td>

</tr>

<tr>

<td>ZORDER</td>

<td>9</td>

</tr>

<tr bgcolor="#D4E4F3">

<td>LAYER</td>

<td>0</td>

</tr>

<tr>

<td>MODE</td>

<td>2T</td>

</tr>

<tr bgcolor="#D4E4F3">

<td>COLOR</td>

<td>0</td>

</tr>

<tr>

<td>WIDTH</td>

<td>0</td>

</tr>

<tr bgcolor="#D4E4F3">

<td>MIN_CAT</td>

<td>1Depth Contours</td>

</tr>

<tr>

<td>RTP_LIMIT</td>

<td>0</td>

</tr>

<tr bgcolor="#D4E4F3">

<td>RTP_COLOR</td>

<td>19</td>

</tr>

<tr>

<td>FONT</td>

<td>020</td>

</tr>

<tr bgcolor="#D4E4F3">

<td>VALUE</td>

<td>8</td>

</tr>

<tr>

<td>TYPE</td>

<td>0</td>

</tr>

<tr bgcolor="#D4E4F3">

<td>Depth</td>

<td>-8</td>

</tr>

</table>

</td>

</tr>

</table>

</body>

</html>]]></description>
			<styleUrl>#LineStyle09</styleUrl>
			<MultiGeometry>
				<LineString>
					<tessellate>1</tessellate>
					<coordinates>
						101.526018549,1.690962792,0 101.526036523,1.690983464,0 101.526072471,1.691000384,0 101.526112013,1.691001551,0 101.526152756,1.690983464,0 101.526162342,1.690965376,0 101.526155685,1.690929202,0 101.526126394,1.690884919,0 101.526090445,1.690862731,0 101.526054497,1.690859954,0 101.526036523,1.690868363,0 101.526018549,1.690889739,0 101.526009561,1.690929202,0 101.526018549,1.690962792,0 
					</coordinates>
				</LineString>
			</MultiGeometry>
		</Placemark>
		<Placemark id="ID_00016">
			<name>-8</name>
			<Snippet maxLines="0"></Snippet>
			<description><![CDATA[<html xmlns:fo="http://www.w3.org/1999/XSL/Format" xmlns:msxsl="urn:schemas-microsoft-com:xslt">

<head>

<META http-equiv="Content-Type" content="text/html">

<meta http-equiv="content-type" content="text/html; charset=UTF-8">

</head>

<body style="margin:0px 0px 0px 0px;overflow:auto;background:#FFFFFF;">

<table style="font-family:Arial,Verdana,Times;font-size:12px;text-align:left;width:100%;border-collapse:collapse;padding:3px 3px 3px 3px">

<tr style="text-align:center;font-weight:bold;background:#9CBCE2">

<td>Nautical</td>

</tr>

<tr>

<td>

<table style="font-family:Arial,Verdana,Times;font-size:12px;text-align:left;width:100%;border-spacing:0px; padding:3px 3px 3px 3px">

<tr>

<td>FID</td>

<td>16</td>

</tr>

<tr bgcolor="#D4E4F3">

<td>MAJ_CAT</td>

<td>Nautical</td>

</tr>

<tr>

<td>L_LIMIT</td>

<td>0</td>

</tr>

<tr bgcolor="#D4E4F3">

<td>U_LIMIT</td>

<td>0</td>

</tr>

<tr>

<td>ZORDER</td>

<td>9</td>

</tr>

<tr bgcolor="#D4E4F3">

<td>LAYER</td>

<td>0</td>

</tr>

<tr>

<td>MODE</td>

<td>2T</td>

</tr>

<tr bgcolor="#D4E4F3">

<td>COLOR</td>

<td>0</td>

</tr>

<tr>

<td>WIDTH</td>

<td>0</td>

</tr>

<tr bgcolor="#D4E4F3">

<td>MIN_CAT</td>

<td>1Depth Contours</td>

</tr>

<tr>

<td>RTP_LIMIT</td>

<td>0</td>

</tr>

<tr bgcolor="#D4E4F3">

<td>RTP_COLOR</td>

<td>19</td>

</tr>

<tr>

<td>FONT</td>

<td>020</td>

</tr>

<tr bgcolor="#D4E4F3">

<td>VALUE</td>

<td>8</td>

</tr>

<tr>

<td>TYPE</td>

<td>0</td>

</tr>

<tr bgcolor="#D4E4F3">

<td>Depth</td>

<td>-8</td>

</tr>

</table>

</td>

</tr>

</table>

</body>

</html>]]></description>
			<styleUrl>#LineStyle09</styleUrl>
			<MultiGeometry>
				<LineString>
					<tessellate>1</tessellate>
					<coordinates>
						101.528367174,1.691309034,0 101.528391139,1.691318077,0 101.528445061,1.691327121,0 101.528516958,1.691384397,0 101.528552906,1.691390959,0 101.528606829,1.691385904,0 101.528696699,1.691350376,0 101.528723062,1.691327121,0 101.52875389,1.691272859,0 101.528756298,1.691236685,0 101.528747856,1.691218598,0 101.528714674,1.691193276,0 101.528660751,1.691169504,0 101.528588854,1.691146249,0 101.528534932,1.691143466,0 101.528498984,1.691150423,0 101.528463035,1.691168212,0 101.528425803,1.69120051,0 101.528373164,1.691272859,0 101.528367174,1.691309034,0 
					</coordinates>
				</LineString>
			</MultiGeometry>
		</Placemark>
		<Placemark id="ID_00017">
			<name>-8</name>
			<Snippet maxLines="0"></Snippet>
			<description><![CDATA[<html xmlns:fo="http://www.w3.org/1999/XSL/Format" xmlns:msxsl="urn:schemas-microsoft-com:xslt">

<head>

<META http-equiv="Content-Type" content="text/html">

<meta http-equiv="content-type" content="text/html; charset=UTF-8">

</head>

<body style="margin:0px 0px 0px 0px;overflow:auto;background:#FFFFFF;">

<table style="font-family:Arial,Verdana,Times;font-size:12px;text-align:left;width:100%;border-collapse:collapse;padding:3px 3px 3px 3px">

<tr style="text-align:center;font-weight:bold;background:#9CBCE2">

<td>Nautical</td>

</tr>

<tr>

<td>

<table style="font-family:Arial,Verdana,Times;font-size:12px;text-align:left;width:100%;border-spacing:0px; padding:3px 3px 3px 3px">

<tr>

<td>FID</td>

<td>17</td>

</tr>

<tr bgcolor="#D4E4F3">

<td>MAJ_CAT</td>

<td>Nautical</td>

</tr>

<tr>

<td>L_LIMIT</td>

<td>0</td>

</tr>

<tr bgcolor="#D4E4F3">

<td>U_LIMIT</td>

<td>0</td>

</tr>

<tr>

<td>ZORDER</td>

<td>9</td>

</tr>

<tr bgcolor="#D4E4F3">

<td>LAYER</td>

<td>0</td>

</tr>

<tr>

<td>MODE</td>

<td>2T</td>

</tr>

<tr bgcolor="#D4E4F3">

<td>COLOR</td>

<td>0</td>

</tr>

<tr>

<td>WIDTH</td>

<td>0</td>

</tr>

<tr bgcolor="#D4E4F3">

<td>MIN_CAT</td>

<td>1Depth Contours</td>

</tr>

<tr>

<td>RTP_LIMIT</td>

<td>0</td>

</tr>

<tr bgcolor="#D4E4F3">

<td>RTP_COLOR</td>

<td>19</td>

</tr>

<tr>

<td>FONT</td>

<td>020</td>

</tr>

<tr bgcolor="#D4E4F3">

<td>VALUE</td>

<td>8</td>

</tr>

<tr>

<td>TYPE</td>

<td>0</td>

</tr>

<tr bgcolor="#D4E4F3">

<td>Depth</td>

<td>-8</td>

</tr>

</table>

</td>

</tr>

</table>

</body>

</html>]]></description>
			<styleUrl>#LineStyle09</styleUrl>
			<MultiGeometry>
				<LineString>
					<tessellate>1</tessellate>
					<coordinates>
						101.52964933,1.690781312,0 101.529685279,1.690781312,0 101.529577434,1.690735307,0 101.529523511,1.690714165,0 101.529469589,1.690701353,0 101.529451614,1.690699672,0 101.529415666,1.690701245,0 101.529379718,1.690708538,0 101.529343769,1.690721022,0 101.529253899,1.690764289,0 101.52921795,1.690776336,0 101.529146054,1.690787854,0 101.529110105,1.690796562,0 101.528966312,1.690844192,0 101.528930364,1.690846001,0 101.528822519,1.690821971,0 101.528732648,1.690820055,0 101.528696699,1.690811635,0 101.528653562,1.690784504,0 101.528597451,1.690712155,0 101.528574475,1.690694068,0 101.528539925,1.690675981,0 101.528498984,1.690660099,0 101.528463035,1.690651316,0 101.528427087,1.690649082,0 101.528391139,1.690652059,0 101.528373164,1.690656502,0 101.528337216,1.690672173,0 101.528319242,1.690687684,0 101.528283294,1.690736702,0 101.52820334,1.690911115,0 101.528042889,1.691182423,0 101.528013681,1.691221612,0 101.527977733,1.691250896,0 101.527959759,1.691260092,0 101.52792381,1.691268338,0 101.527887862,1.691262811,0 101.527835936,1.691236685,0 101.527780017,1.691175189,0 101.527726094,1.6911472,0 101.527654198,1.691128915,0 101.527546353,1.691116103,0 101.527510404,1.691108907,0 101.527402559,1.691066248,0 101.527330663,1.691031148,0 101.527293002,1.691001551,0 101.527247532,1.69087494,0 101.527222818,1.690831318,0 101.527186869,1.690800068,0 101.527168895,1.690793768,0 101.527150921,1.69079212,0 101.527132947,1.690795557,0 101.527079024,1.69082941,0 101.527025102,1.690903578,0 101.526991097,1.690983464,0 101.526962583,1.691110074,0 101.526932235,1.691182423,0 101.526899283,1.691226134,0 101.526881309,1.691241206,0 101.526821395,1.691272859,0 101.526796573,1.691290947,0 101.526781166,1.691309034,0 101.526771217,1.691345208,0 101.526792561,1.691435644,0 101.526802378,1.691562255,0 101.526825674,1.691634604,0 101.526839369,1.691652691,0 101.526899283,1.691705823,0 101.527043076,1.69185979,0 101.527096999,1.691887072,0 101.527132947,1.691894062,0 101.527150921,1.691892493,0 101.527168895,1.691886075,0 101.527260505,1.691833564,0 101.527333744,1.691797389,0 101.527558529,1.691706953,0 101.527690146,1.691645309,0 101.527726094,1.691632343,0 101.527762043,1.691624268,0 101.527780017,1.69162443,0 101.527797991,1.691628144,0 101.527815965,1.691637016,0 101.52792381,1.691721922,0 101.527959759,1.691739736,0 101.527995707,1.691746935,0 101.528031655,1.691739736,0 101.528058617,1.69172504,0 101.528112539,1.691688866,0 101.528168912,1.691634604,0 101.528211397,1.691608076,0 101.528247345,1.691595846,0 101.528265319,1.691594812,0 101.528283294,1.691597224,0 101.528301268,1.691605007,0 101.528319242,1.691621943,0 101.528335582,1.691652691,0 101.528365176,1.691688866,0 101.528409113,1.691720422,0 101.528445061,1.69173779,0 101.528481009,1.691748578,0 101.528498984,1.691750603,0 101.528534932,1.691747121,0 101.528588854,1.691728399,0 101.528624803,1.691705948,0 101.528699196,1.691634604,0 101.528768596,1.691550551,0 101.528804544,1.69152495,0 101.528822519,1.691522689,0 101.528840493,1.691527372,0 101.528858467,1.691538515,0 101.528959279,1.691634604,0 101.52900226,1.691656136,0 101.529056183,1.691664294,0 101.529110105,1.691668703,0 101.529199976,1.691660817,0 101.529271873,1.691662639,0 101.529307821,1.691658918,0 101.52943364,1.691628698,0 101.529451614,1.691622022,0 101.529487563,1.69159843,0 101.529501429,1.691580342,0 101.529510592,1.691562255,0 101.529512618,1.691526081,0 101.529506975,1.691453732,0 101.529476329,1.691363296,0 101.529487563,1.691342624,0 101.529505537,1.69134144,0 101.529541485,1.691344606,0 101.529667304,1.691285671,0 101.529775149,1.691253296,0 101.529793124,1.69125025,0 101.529847046,1.691248606,0 101.529936917,1.69125025,0 101.529954891,1.691256322,0 101.530008814,1.691285095,0 101.53008071,1.691300183,0 101.530134633,1.691301736,0 101.530188555,1.691299619,0 101.530260452,1.691311295,0 101.530278426,1.691300313,0 101.530314375,1.691300313,0 
					</coordinates>
				</LineString>
			</MultiGeometry>
		</Placemark>
		<Placemark id="ID_00018">
			<name>-8</name>
			<Snippet maxLines="0"></Snippet>
			<description><![CDATA[<html xmlns:fo="http://www.w3.org/1999/XSL/Format" xmlns:msxsl="urn:schemas-microsoft-com:xslt">

<head>

<META http-equiv="Content-Type" content="text/html">

<meta http-equiv="content-type" content="text/html; charset=UTF-8">

</head>

<body style="margin:0px 0px 0px 0px;overflow:auto;background:#FFFFFF;">

<table style="font-family:Arial,Verdana,Times;font-size:12px;text-align:left;width:100%;border-collapse:collapse;padding:3px 3px 3px 3px">

<tr style="text-align:center;font-weight:bold;background:#9CBCE2">

<td>Nautical</td>

</tr>

<tr>

<td>

<table style="font-family:Arial,Verdana,Times;font-size:12px;text-align:left;width:100%;border-spacing:0px; padding:3px 3px 3px 3px">

<tr>

<td>FID</td>

<td>18</td>

</tr>

<tr bgcolor="#D4E4F3">

<td>MAJ_CAT</td>

<td>Nautical</td>

</tr>

<tr>

<td>L_LIMIT</td>

<td>0</td>

</tr>

<tr bgcolor="#D4E4F3">

<td>U_LIMIT</td>

<td>0</td>

</tr>

<tr>

<td>ZORDER</td>

<td>9</td>

</tr>

<tr bgcolor="#D4E4F3">

<td>LAYER</td>

<td>0</td>

</tr>

<tr>

<td>MODE</td>

<td>2T</td>

</tr>

<tr bgcolor="#D4E4F3">

<td>COLOR</td>

<td>0</td>

</tr>

<tr>

<td>WIDTH</td>

<td>0</td>

</tr>

<tr bgcolor="#D4E4F3">

<td>MIN_CAT</td>

<td>1Depth Contours</td>

</tr>

<tr>

<td>RTP_LIMIT</td>

<td>0</td>

</tr>

<tr bgcolor="#D4E4F3">

<td>RTP_COLOR</td>

<td>19</td>

</tr>

<tr>

<td>FONT</td>

<td>020</td>

</tr>

<tr bgcolor="#D4E4F3">

<td>VALUE</td>

<td>8</td>

</tr>

<tr>

<td>TYPE</td>

<td>0</td>

</tr>

<tr bgcolor="#D4E4F3">

<td>Depth</td>

<td>-8</td>

</tr>

</table>

</td>

</tr>

</table>

</body>

</html>]]></description>
			<styleUrl>#LineStyle09</styleUrl>
			<MultiGeometry>
				<LineString>
					<tessellate>1</tessellate>
					<coordinates>
						101.539445252,1.699335768,0 101.539427277,1.69933712,0 
					</coordinates>
				</LineString>
			</MultiGeometry>
		</Placemark>
		<Placemark id="ID_00019">
			<name>-8</name>
			<Snippet maxLines="0"></Snippet>
			<description><![CDATA[<html xmlns:fo="http://www.w3.org/1999/XSL/Format" xmlns:msxsl="urn:schemas-microsoft-com:xslt">

<head>

<META http-equiv="Content-Type" content="text/html">

<meta http-equiv="content-type" content="text/html; charset=UTF-8">

</head>

<body style="margin:0px 0px 0px 0px;overflow:auto;background:#FFFFFF;">

<table style="font-family:Arial,Verdana,Times;font-size:12px;text-align:left;width:100%;border-collapse:collapse;padding:3px 3px 3px 3px">

<tr style="text-align:center;font-weight:bold;background:#9CBCE2">

<td>Nautical</td>

</tr>

<tr>

<td>

<table style="font-family:Arial,Verdana,Times;font-size:12px;text-align:left;width:100%;border-spacing:0px; padding:3px 3px 3px 3px">

<tr>

<td>FID</td>

<td>19</td>

</tr>

<tr bgcolor="#D4E4F3">

<td>MAJ_CAT</td>

<td>Nautical</td>

</tr>

<tr>

<td>L_LIMIT</td>

<td>0</td>

</tr>

<tr bgcolor="#D4E4F3">

<td>U_LIMIT</td>

<td>0</td>

</tr>

<tr>

<td>ZORDER</td>

<td>9</td>

</tr>

<tr bgcolor="#D4E4F3">

<td>LAYER</td>

<td>0</td>

</tr>

<tr>

<td>MODE</td>

<td>2T</td>

</tr>

<tr bgcolor="#D4E4F3">

<td>COLOR</td>

<td>0</td>

</tr>

<tr>

<td>WIDTH</td>

<td>0</td>

</tr>

<tr bgcolor="#D4E4F3">

<td>MIN_CAT</td>

<td>1Depth Contours</td>

</tr>

<tr>

<td>RTP_LIMIT</td>

<td>0</td>

</tr>

<tr bgcolor="#D4E4F3">

<td>RTP_COLOR</td>

<td>19</td>

</tr>

<tr>

<td>FONT</td>

<td>020</td>

</tr>

<tr bgcolor="#D4E4F3">

<td>VALUE</td>

<td>8</td>

</tr>

<tr>

<td>TYPE</td>

<td>0</td>

</tr>

<tr bgcolor="#D4E4F3">

<td>Depth</td>

<td>-8</td>

</tr>

</table>

</td>

</tr>

</table>

</body>

</html>]]></description>
			<styleUrl>#LineStyle09</styleUrl>
			<MultiGeometry>
				<LineString>
					<tessellate>1</tessellate>
					<coordinates>
						101.539427277,1.69933712,0 101.539337407,1.699350426,0 101.539283484,1.699370747,0 101.539229562,1.699406431,0 101.539139691,1.69948124,0 101.539096736,1.699502549,0 101.539013872,1.699524772,0 101.538825069,1.699556811,0 101.538726285,1.699580733,0 101.538645082,1.699611073,0 101.538528569,1.699674793,0 101.538492621,1.699690078,0 101.538456672,1.699699494,0 101.53840275,1.699706316,0 101.538258957,1.699707349,0 101.538169086,1.699714602,0 101.538097189,1.699728837,0 101.538007318,1.699756236,0 101.53792432,1.699791945,0 101.537894062,1.699810032,0 101.537796015,1.699918555,0 101.537796015,1.699936643,0 
					</coordinates>
				</LineString>
			</MultiGeometry>
		</Placemark>
		<Placemark id="ID_00020">
			<name>-15</name>
			<Snippet maxLines="0"></Snippet>
			<description><![CDATA[<html xmlns:fo="http://www.w3.org/1999/XSL/Format" xmlns:msxsl="urn:schemas-microsoft-com:xslt">

<head>

<META http-equiv="Content-Type" content="text/html">

<meta http-equiv="content-type" content="text/html; charset=UTF-8">

</head>

<body style="margin:0px 0px 0px 0px;overflow:auto;background:#FFFFFF;">

<table style="font-family:Arial,Verdana,Times;font-size:12px;text-align:left;width:100%;border-collapse:collapse;padding:3px 3px 3px 3px">

<tr style="text-align:center;font-weight:bold;background:#9CBCE2">

<td>Nautical</td>

</tr>

<tr>

<td>

<table style="font-family:Arial,Verdana,Times;font-size:12px;text-align:left;width:100%;border-spacing:0px; padding:3px 3px 3px 3px">

<tr>

<td>FID</td>

<td>20</td>

</tr>

<tr bgcolor="#D4E4F3">

<td>MAJ_CAT</td>

<td>Nautical</td>

</tr>

<tr>

<td>L_LIMIT</td>

<td>0</td>

</tr>

<tr bgcolor="#D4E4F3">

<td>U_LIMIT</td>

<td>0</td>

</tr>

<tr>

<td>ZORDER</td>

<td>9</td>

</tr>

<tr bgcolor="#D4E4F3">

<td>LAYER</td>

<td>0</td>

</tr>

<tr>

<td>MODE</td>

<td>2T</td>

</tr>

<tr bgcolor="#D4E4F3">

<td>COLOR</td>

<td>0</td>

</tr>

<tr>

<td>WIDTH</td>

<td>0</td>

</tr>

<tr bgcolor="#D4E4F3">

<td>MIN_CAT</td>

<td>1Depth Contours</td>

</tr>

<tr>

<td>RTP_LIMIT</td>

<td>0</td>

</tr>

<tr bgcolor="#D4E4F3">

<td>RTP_COLOR</td>

<td>19</td>

</tr>

<tr>

<td>FONT</td>

<td>020</td>

</tr>

<tr bgcolor="#D4E4F3">

<td>VALUE</td>

<td>15</td>

</tr>

<tr>

<td>TYPE</td>

<td>0</td>

</tr>

<tr bgcolor="#D4E4F3">

<td>Depth</td>

<td>-15</td>

</tr>

</table>

</td>

</tr>

</table>

</body>

</html>]]></description>
			<styleUrl>#LineStyle00</styleUrl>
			<MultiGeometry>
				<LineString>
					<tessellate>1</tessellate>
					<coordinates>
						101.520266815,1.672710836,0 101.520284789,1.672710836,0 101.520320737,1.672699463,0 101.52037466,1.672689787,0 101.520410608,1.672674194,0 101.520446557,1.672668331,0 101.520536427,1.672679184,0 101.52059035,1.672682375,0 101.520662247,1.672680247,0 101.520698195,1.672675895,0 101.520877937,1.672642493,0 101.521129575,1.672588748,0 101.52123742,1.672558864,0 101.521327291,1.67252448,0 101.521466771,1.67244405,0 101.521511934,1.672407875,0 101.521517817,1.672389788,0 101.521508031,1.672371701,0 101.521399187,1.672294592,0 101.521255394,1.672147254,0 101.521218884,1.672118479,0 101.521183497,1.672097321,0 101.521147549,1.672082305,0 101.521111601,1.672055174,0 101.521095624,1.672028043,0 101.521065167,1.67191952,0 101.521047228,1.671883345,0 101.52102173,1.671854923,0 101.520985782,1.67183291,0 101.520949833,1.671819897,0 101.520895911,1.671806845,0 101.520802773,1.671792909,0 101.520770092,1.671783435,0 101.520734143,1.671762952,0 101.520712469,1.671738648,0 101.520614615,1.671521601,0 101.52059035,1.671431165,0 101.520587627,1.67139499,0 101.520597673,1.671358816,0 101.520623953,1.671322641,0 101.520675228,1.671286467,0 101.52075106,1.671250292,0 101.520985782,1.671150451,0 101.521039704,1.671137247,0 101.521111601,1.671133073,0 101.521175327,1.671141769,0 101.521309317,1.67117671,0 101.521489058,1.671241982,0 101.521596903,1.671274409,0 101.521722722,1.671318003,0 101.521758671,1.671324324,0 101.521808999,1.671322641,0 101.521848542,1.671312241,0 101.52188449,1.67129667,0 101.521956387,1.671242313,0 101.522042405,1.67119603,0 101.522088197,1.671177943,0 101.5221492,1.671159856,0 101.522172077,1.671148228,0 101.522261948,1.671078939,0 101.522297896,1.671057087,0 101.522333844,1.671050085,0 101.522363801,1.671051333,0 101.522405741,1.671060908,0 101.522513586,1.671095905,0 101.522549534,1.671100635,0 101.522711302,1.671110681,0 101.522765224,1.671124284,0 101.52280783,1.671141769,0 101.522859467,1.671177943,0 101.522944966,1.671290275,0 101.522998888,1.671346886,0 101.523070785,1.671394642,0 101.523160656,1.671431165,0 101.523196604,1.671439014,0 101.523286475,1.671450074,0 101.523448243,1.671483046,0 101.523663933,1.671503513,0 101.523735829,1.671514307,0 101.523807726,1.671531519,0 101.523951519,1.67158331,0 101.523987468,1.671593163,0 101.52404139,1.671599979,0 101.524095313,1.671598349,0 101.524149235,1.671587134,0 101.524238325,1.671557775,0 101.524276794,1.671539688,0 101.524295525,1.671521601,0 101.524309545,1.671467339,0 101.524266458,1.671358816,0 101.524268802,1.671340728,0 101.524293028,1.67131679,0 101.524346951,1.67129551,0 101.524397702,1.671268379,0 101.524455129,1.671214118,0 101.524496632,1.671141769,0 101.524503126,1.671051333,0 101.524527673,1.670942809,0 101.524550658,1.670888547,0 101.524562641,1.670870924,0 101.524616563,1.670819487,0 101.524652512,1.670752893,0 101.524724408,1.670752893,0 
					</coordinates>
				</LineString>
			</MultiGeometry>
		</Placemark>
		<Placemark id="ID_00021">
			<name>-15</name>
			<Snippet maxLines="0"></Snippet>
			<description><![CDATA[<html xmlns:fo="http://www.w3.org/1999/XSL/Format" xmlns:msxsl="urn:schemas-microsoft-com:xslt">

<head>

<META http-equiv="Content-Type" content="text/html">

<meta http-equiv="content-type" content="text/html; charset=UTF-8">

</head>

<body style="margin:0px 0px 0px 0px;overflow:auto;background:#FFFFFF;">

<table style="font-family:Arial,Verdana,Times;font-size:12px;text-align:left;width:100%;border-collapse:collapse;padding:3px 3px 3px 3px">

<tr style="text-align:center;font-weight:bold;background:#9CBCE2">

<td>Nautical</td>

</tr>

<tr>

<td>

<table style="font-family:Arial,Verdana,Times;font-size:12px;text-align:left;width:100%;border-spacing:0px; padding:3px 3px 3px 3px">

<tr>

<td>FID</td>

<td>21</td>

</tr>

<tr bgcolor="#D4E4F3">

<td>MAJ_CAT</td>

<td>Nautical</td>

</tr>

<tr>

<td>L_LIMIT</td>

<td>0</td>

</tr>

<tr bgcolor="#D4E4F3">

<td>U_LIMIT</td>

<td>0</td>

</tr>

<tr>

<td>ZORDER</td>

<td>9</td>

</tr>

<tr bgcolor="#D4E4F3">

<td>LAYER</td>

<td>0</td>

</tr>

<tr>

<td>MODE</td>

<td>2T</td>

</tr>

<tr bgcolor="#D4E4F3">

<td>COLOR</td>

<td>0</td>

</tr>

<tr>

<td>WIDTH</td>

<td>0</td>

</tr>

<tr bgcolor="#D4E4F3">

<td>MIN_CAT</td>

<td>1Depth Contours</td>

</tr>

<tr>

<td>RTP_LIMIT</td>

<td>0</td>

</tr>

<tr bgcolor="#D4E4F3">

<td>RTP_COLOR</td>

<td>19</td>

</tr>

<tr>

<td>FONT</td>

<td>020</td>

</tr>

<tr bgcolor="#D4E4F3">

<td>VALUE</td>

<td>15</td>

</tr>

<tr>

<td>TYPE</td>

<td>0</td>

</tr>

<tr bgcolor="#D4E4F3">

<td>Depth</td>

<td>-15</td>

</tr>

</table>

</td>

</tr>

</table>

</body>

</html>]]></description>
			<styleUrl>#LineStyle00</styleUrl>
			<MultiGeometry>
				<LineString>
					<tessellate>1</tessellate>
					<coordinates>
						101.525802858,1.687026196,0 101.525856781,1.687048199,0 101.525867566,1.68702236,0 101.525856781,1.687017572,0 101.525820833,1.687013919,0 101.52579318,1.68702236,0 101.525802858,1.687026196,0 
					</coordinates>
				</LineString>
			</MultiGeometry>
		</Placemark>
		<Placemark id="ID_00022">
			<name>-15</name>
			<Snippet maxLines="0"></Snippet>
			<description><![CDATA[<html xmlns:fo="http://www.w3.org/1999/XSL/Format" xmlns:msxsl="urn:schemas-microsoft-com:xslt">

<head>

<META http-equiv="Content-Type" content="text/html">

<meta http-equiv="content-type" content="text/html; charset=UTF-8">

</head>

<body style="margin:0px 0px 0px 0px;overflow:auto;background:#FFFFFF;">

<table style="font-family:Arial,Verdana,Times;font-size:12px;text-align:left;width:100%;border-collapse:collapse;padding:3px 3px 3px 3px">

<tr style="text-align:center;font-weight:bold;background:#9CBCE2">

<td>Nautical</td>

</tr>

<tr>

<td>

<table style="font-family:Arial,Verdana,Times;font-size:12px;text-align:left;width:100%;border-spacing:0px; padding:3px 3px 3px 3px">

<tr>

<td>FID</td>

<td>22</td>

</tr>

<tr bgcolor="#D4E4F3">

<td>MAJ_CAT</td>

<td>Nautical</td>

</tr>

<tr>

<td>L_LIMIT</td>

<td>0</td>

</tr>

<tr bgcolor="#D4E4F3">

<td>U_LIMIT</td>

<td>0</td>

</tr>

<tr>

<td>ZORDER</td>

<td>9</td>

</tr>

<tr bgcolor="#D4E4F3">

<td>LAYER</td>

<td>0</td>

</tr>

<tr>

<td>MODE</td>

<td>2T</td>

</tr>

<tr bgcolor="#D4E4F3">

<td>COLOR</td>

<td>0</td>

</tr>

<tr>

<td>WIDTH</td>

<td>0</td>

</tr>

<tr bgcolor="#D4E4F3">

<td>MIN_CAT</td>

<td>1Depth Contours</td>

</tr>

<tr>

<td>RTP_LIMIT</td>

<td>0</td>

</tr>

<tr bgcolor="#D4E4F3">

<td>RTP_COLOR</td>

<td>19</td>

</tr>

<tr>

<td>FONT</td>

<td>020</td>

</tr>

<tr bgcolor="#D4E4F3">

<td>VALUE</td>

<td>15</td>

</tr>

<tr>

<td>TYPE</td>

<td>0</td>

</tr>

<tr bgcolor="#D4E4F3">

<td>Depth</td>

<td>-15</td>

</tr>

</table>

</td>

</tr>

</table>

</body>

</html>]]></description>
			<styleUrl>#LineStyle00</styleUrl>
			<MultiGeometry>
				<LineString>
					<tessellate>1</tessellate>
					<coordinates>
						101.522351818,1.689201871,0 101.522369793,1.689201871,0 101.522423715,1.689261369,0 101.522477638,1.689301351,0 101.522519427,1.689409875,0 101.52255715,1.689482223,0 101.522567508,1.68951928,0 101.522585483,1.689536485,0 101.522675353,1.689593499,0 101.522711302,1.689597735,0 101.522734178,1.689590747,0 101.522765224,1.689558746,0 101.522787478,1.689518398,0 101.522815806,1.689301351,0 101.522845036,1.689210915,0 101.522872524,1.689156653,0 101.52294104,1.688975781,0 101.523019282,1.688867258,0 101.523066146,1.688776821,0 101.523088759,1.688699306,0 101.523106733,1.688679602,0 101.523124708,1.688689167,0 101.523142682,1.688708647,0 101.523156163,1.688740647,0 101.523159158,1.688776821,0 101.523196604,1.688853305,0 101.523264906,1.688921519,0 101.523304449,1.688941616,0 101.523358372,1.688947645,0 101.523574062,1.688916868,0 101.52361001,1.688902701,0 101.523645958,1.688882039,0 101.523676533,1.68884917,0 101.523699881,1.68880874,0 101.523741265,1.688704472,0 101.523764257,1.688559775,0 101.523782115,1.688360815,0 101.523816772,1.688234204,0 101.523861648,1.688154664,0 101.523897597,1.688120678,0 101.523933545,1.688103215,0 101.523969493,1.688098776,0 101.523995556,1.688107594,0 101.524061643,1.688179943,0 101.524083248,1.688216117,0 101.524113287,1.688301027,0 101.524164213,1.688378902,0 101.52418743,1.688433164,0 101.524239106,1.688491948,0 101.524293028,1.688511224,0 101.524328977,1.688517786,0 101.524454796,1.688525159,0 101.524508718,1.688533511,0 101.524562641,1.688530478,0 101.524598589,1.688521591,0 101.524616563,1.688513021,0 101.524641315,1.688487426,0 101.52465508,1.688451251,0 101.524658377,1.688288466,0 101.524641253,1.688053332,0 101.524678189,1.687890547,0 101.52468846,1.687861607,0 101.524706434,1.687839386,0 101.524724408,1.687830513,0 101.524742383,1.687828814,0 101.524760357,1.687833874,0 101.524778331,1.68784638,0 101.52485605,1.687944809,0 101.525005635,1.688089507,0 101.525019307,1.688125681,0 101.525037018,1.688143768,0 101.525083892,1.688169141,0 101.52511984,1.688178392,0 101.525155788,1.688178484,0 101.525191737,1.688165334,0 101.525208148,1.688143768,0 101.525211473,1.688107594,0 101.52525441,1.688053332,0 101.525322611,1.687890547,0 101.525324746,1.687818198,0 101.52530155,1.687727762,0 101.525304106,1.687655413,0 101.525327962,1.687601151,0 101.525353504,1.687581009,0 101.525389453,1.687570458,0 101.525407427,1.687571099,0 101.525439952,1.687583064,0 101.525461162,1.687601151,0 101.525482965,1.687637326,0 101.525533246,1.687755269,0 101.525587168,1.687833197,0 101.525623117,1.687873999,0 101.525641091,1.687881503,0 101.525659065,1.687883235,0 101.525677039,1.687879293,0 101.525695013,1.687868325,0 101.525730962,1.687826319,0 101.525784884,1.687742326,0 101.525834086,1.687619239,0 101.525858615,1.687492628,0 101.525838976,1.687366017,0 101.525837901,1.687293668,0 101.525858363,1.687221319,0 101.525910703,1.687135907,0 101.525928678,1.687138368,0 101.525964626,1.687158445,0 101.526088061,1.687239407,0 101.526128241,1.687275581,0 101.526160765,1.68734793,0 101.526161367,1.687456453,0 101.526203922,1.687564977,0 101.52629847,1.687763936,0 101.526376748,1.68787246,0 101.52641398,1.687902982,0 101.526449929,1.687918055,0 101.526485877,1.687920914,0 101.526549603,1.687908634,0 101.526575748,1.687884054,0 101.526587758,1.687836285,0 101.526581985,1.687655413,0 101.526595414,1.687492628,0 101.526578601,1.687402192,0 101.526532328,1.687275581,0 101.526539799,1.687231899,0 101.526557774,1.68720517,0 101.526575748,1.687191043,0 101.52662967,1.687166064,0 101.526665619,1.687158466,0 101.526737515,1.687172225,0 101.526755489,1.6871728,0 101.526766062,1.687167058,0 101.52679806,1.687130883,0 101.526833123,1.68702236,0 101.526881309,1.686931924,0 101.526899283,1.686915532,0 101.526971179,1.686912706,0 
					</coordinates>
				</LineString>
			</MultiGeometry>
		</Placemark>
		<Placemark id="ID_00023">
			<name>-15</name>
			<Snippet maxLines="0"></Snippet>
			<description><![CDATA[<html xmlns:fo="http://www.w3.org/1999/XSL/Format" xmlns:msxsl="urn:schemas-microsoft-com:xslt">

<head>

<META http-equiv="Content-Type" content="text/html">

<meta http-equiv="content-type" content="text/html; charset=UTF-8">

</head>

<body style="margin:0px 0px 0px 0px;overflow:auto;background:#FFFFFF;">

<table style="font-family:Arial,Verdana,Times;font-size:12px;text-align:left;width:100%;border-collapse:collapse;padding:3px 3px 3px 3px">

<tr style="text-align:center;font-weight:bold;background:#9CBCE2">

<td>Nautical</td>

</tr>

<tr>

<td>

<table style="font-family:Arial,Verdana,Times;font-size:12px;text-align:left;width:100%;border-spacing:0px; padding:3px 3px 3px 3px">

<tr>

<td>FID</td>

<td>23</td>

</tr>

<tr bgcolor="#D4E4F3">

<td>MAJ_CAT</td>

<td>Nautical</td>

</tr>

<tr>

<td>L_LIMIT</td>

<td>0</td>

</tr>

<tr bgcolor="#D4E4F3">

<td>U_LIMIT</td>

<td>0</td>

</tr>

<tr>

<td>ZORDER</td>

<td>9</td>

</tr>

<tr bgcolor="#D4E4F3">

<td>LAYER</td>

<td>0</td>

</tr>

<tr>

<td>MODE</td>

<td>2T</td>

</tr>

<tr bgcolor="#D4E4F3">

<td>COLOR</td>

<td>0</td>

</tr>

<tr>

<td>WIDTH</td>

<td>0</td>

</tr>

<tr bgcolor="#D4E4F3">

<td>MIN_CAT</td>

<td>1Depth Contours</td>

</tr>

<tr>

<td>RTP_LIMIT</td>

<td>0</td>

</tr>

<tr bgcolor="#D4E4F3">

<td>RTP_COLOR</td>

<td>19</td>

</tr>

<tr>

<td>FONT</td>

<td>020</td>

</tr>

<tr bgcolor="#D4E4F3">

<td>VALUE</td>

<td>15</td>

</tr>

<tr>

<td>TYPE</td>

<td>0</td>

</tr>

<tr bgcolor="#D4E4F3">

<td>Depth</td>

<td>-15</td>

</tr>

</table>

</td>

</tr>

</table>

</body>

</html>]]></description>
			<styleUrl>#LineStyle00</styleUrl>
			<MultiGeometry>
				<LineString>
					<tessellate>1</tessellate>
					<coordinates>
						101.531914075,1.692607131,0 101.531896101,1.692607131,0 101.531883879,1.692611314,0 101.531824205,1.692663603,0 101.531752308,1.69270151,0 101.531536618,1.692777578,0 101.531464721,1.692808013,0 101.531392825,1.69284334,0 101.531302954,1.692897592,0 101.531177135,1.692981281,0 101.531123212,1.693011433,0 101.531015367,1.693054236,0 101.530871574,1.693101749,0 101.530781703,1.693123384,0 101.530601961,1.693156094,0 101.530404245,1.693202611,0 101.530278426,1.693240899,0 101.530044762,1.693327795,0 101.529936917,1.693361318,0 101.52986502,1.693375697,0 101.52964933,1.693408625,0 101.529559459,1.693428857,0 101.529235924,1.693540772,0 101.528750622,1.693679204,0 101.528498984,1.693761361,0 101.528409113,1.693786475,0 101.528315975,1.693805072,0 101.528175449,1.693820703,0 101.528103552,1.693831032,0 101.527905836,1.693870976,0 101.527815965,1.693885818,0 101.527636224,1.693903647,0 101.527348637,1.69393862,0 101.527079024,1.693994043,0 101.52684536,1.694050071,0 101.526683593,1.694083865,0 101.526611696,1.694103987,0 101.526485877,1.694146508,0 101.526400908,1.694166816,0 101.526385581,1.694184904,0 101.526379787,1.694221078,0 
					</coordinates>
				</LineString>
			</MultiGeometry>
		</Placemark>
		<Placemark id="ID_00024">
			<name>-15</name>
			<Snippet maxLines="0"></Snippet>
			<description><![CDATA[<html xmlns:fo="http://www.w3.org/1999/XSL/Format" xmlns:msxsl="urn:schemas-microsoft-com:xslt">

<head>

<META http-equiv="Content-Type" content="text/html">

<meta http-equiv="content-type" content="text/html; charset=UTF-8">

</head>

<body style="margin:0px 0px 0px 0px;overflow:auto;background:#FFFFFF;">

<table style="font-family:Arial,Verdana,Times;font-size:12px;text-align:left;width:100%;border-collapse:collapse;padding:3px 3px 3px 3px">

<tr style="text-align:center;font-weight:bold;background:#9CBCE2">

<td>Nautical</td>

</tr>

<tr>

<td>

<table style="font-family:Arial,Verdana,Times;font-size:12px;text-align:left;width:100%;border-spacing:0px; padding:3px 3px 3px 3px">

<tr>

<td>FID</td>

<td>24</td>

</tr>

<tr bgcolor="#D4E4F3">

<td>MAJ_CAT</td>

<td>Nautical</td>

</tr>

<tr>

<td>L_LIMIT</td>

<td>0</td>

</tr>

<tr bgcolor="#D4E4F3">

<td>U_LIMIT</td>

<td>0</td>

</tr>

<tr>

<td>ZORDER</td>

<td>9</td>

</tr>

<tr bgcolor="#D4E4F3">

<td>LAYER</td>

<td>0</td>

</tr>

<tr>

<td>MODE</td>

<td>2T</td>

</tr>

<tr bgcolor="#D4E4F3">

<td>COLOR</td>

<td>0</td>

</tr>

<tr>

<td>WIDTH</td>

<td>0</td>

</tr>

<tr bgcolor="#D4E4F3">

<td>MIN_CAT</td>

<td>1Depth Contours</td>

</tr>

<tr>

<td>RTP_LIMIT</td>

<td>0</td>

</tr>

<tr bgcolor="#D4E4F3">

<td>RTP_COLOR</td>

<td>19</td>

</tr>

<tr>

<td>FONT</td>

<td>020</td>

</tr>

<tr bgcolor="#D4E4F3">

<td>VALUE</td>

<td>15</td>

</tr>

<tr>

<td>TYPE</td>

<td>0</td>

</tr>

<tr bgcolor="#D4E4F3">

<td>Depth</td>

<td>-15</td>

</tr>

</table>

</td>

</tr>

</table>

</body>

</html>]]></description>
			<styleUrl>#LineStyle00</styleUrl>
			<MultiGeometry>
				<LineString>
					<tessellate>1</tessellate>
					<coordinates>
						101.539427277,1.69912766,0 101.539445252,1.69912766,0 
					</coordinates>
				</LineString>
			</MultiGeometry>
		</Placemark>
		<Placemark id="ID_00025">
			<name>-15</name>
			<Snippet maxLines="0"></Snippet>
			<description><![CDATA[<html xmlns:fo="http://www.w3.org/1999/XSL/Format" xmlns:msxsl="urn:schemas-microsoft-com:xslt">

<head>

<META http-equiv="Content-Type" content="text/html">

<meta http-equiv="content-type" content="text/html; charset=UTF-8">

</head>

<body style="margin:0px 0px 0px 0px;overflow:auto;background:#FFFFFF;">

<table style="font-family:Arial,Verdana,Times;font-size:12px;text-align:left;width:100%;border-collapse:collapse;padding:3px 3px 3px 3px">

<tr style="text-align:center;font-weight:bold;background:#9CBCE2">

<td>Nautical</td>

</tr>

<tr>

<td>

<table style="font-family:Arial,Verdana,Times;font-size:12px;text-align:left;width:100%;border-spacing:0px; padding:3px 3px 3px 3px">

<tr>

<td>FID</td>

<td>25</td>

</tr>

<tr bgcolor="#D4E4F3">

<td>MAJ_CAT</td>

<td>Nautical</td>

</tr>

<tr>

<td>L_LIMIT</td>

<td>0</td>

</tr>

<tr bgcolor="#D4E4F3">

<td>U_LIMIT</td>

<td>0</td>

</tr>

<tr>

<td>ZORDER</td>

<td>9</td>

</tr>

<tr bgcolor="#D4E4F3">

<td>LAYER</td>

<td>0</td>

</tr>

<tr>

<td>MODE</td>

<td>2T</td>

</tr>

<tr bgcolor="#D4E4F3">

<td>COLOR</td>

<td>0</td>

</tr>

<tr>

<td>WIDTH</td>

<td>0</td>

</tr>

<tr bgcolor="#D4E4F3">

<td>MIN_CAT</td>

<td>1Depth Contours</td>

</tr>

<tr>

<td>RTP_LIMIT</td>

<td>0</td>

</tr>

<tr bgcolor="#D4E4F3">

<td>RTP_COLOR</td>

<td>19</td>

</tr>

<tr>

<td>FONT</td>

<td>020</td>

</tr>

<tr bgcolor="#D4E4F3">

<td>VALUE</td>

<td>15</td>

</tr>

<tr>

<td>TYPE</td>

<td>0</td>

</tr>

<tr bgcolor="#D4E4F3">

<td>Depth</td>

<td>-15</td>

</tr>

</table>

</td>

</tr>

</table>

</body>

</html>]]></description>
			<styleUrl>#LineStyle00</styleUrl>
			<MultiGeometry>
				<LineString>
					<tessellate>1</tessellate>
					<coordinates>
						101.539427277,1.69912766,0 101.539391329,1.699128647,0 101.539319432,1.699143267,0 101.539193613,1.699183476,0 101.539013872,1.699226616,0 101.538852104,1.699276282,0 101.538762233,1.699298168,0 101.538672362,1.699313643,0 101.538582492,1.699324953,0 101.53840275,1.699332574,0 101.538348827,1.69933787,0 101.538025292,1.699406422,0 101.537935421,1.699436383,0 101.537809602,1.69949157,0 101.53775568,1.699511046,0 101.537701757,1.69952521,0 101.537538607,1.699556811,0 101.537504041,1.699567085,0 101.537342274,1.699626651,0 101.537144558,1.699672526,0 101.536874946,1.699750711,0 101.536551411,1.699864345,0 101.536515462,1.699874053,0 101.536479514,1.699876459,0 101.53646154,1.699874261,0 101.536425591,1.699861818,0 101.536406619,1.699846207,0 101.536359575,1.699773858,0 101.536335721,1.69975446,0 101.536281798,1.699726847,0 101.53624585,1.69971687,0 101.536191927,1.69971211,0 101.536138005,1.699715911,0 101.536084082,1.699726389,0 101.536012186,1.69975017,0 101.535963288,1.699773858,0 101.535935608,1.699791945,0 101.535895276,1.699828119,0 101.535866172,1.699864294,0 101.535834525,1.699918555,0 101.535768536,1.700081341,0 101.535760547,1.700093294,0 101.535742573,1.700100083,0 101.535718982,1.700117515,0 101.535718982,1.700135602,0 
					</coordinates>
				</LineString>
			</MultiGeometry>
		</Placemark>
		<Placemark id="ID_00026">
			<name>-21</name>
			<Snippet maxLines="0"></Snippet>
			<description><![CDATA[<html xmlns:fo="http://www.w3.org/1999/XSL/Format" xmlns:msxsl="urn:schemas-microsoft-com:xslt">

<head>

<META http-equiv="Content-Type" content="text/html">

<meta http-equiv="content-type" content="text/html; charset=UTF-8">

</head>

<body style="margin:0px 0px 0px 0px;overflow:auto;background:#FFFFFF;">

<table style="font-family:Arial,Verdana,Times;font-size:12px;text-align:left;width:100%;border-collapse:collapse;padding:3px 3px 3px 3px">

<tr style="text-align:center;font-weight:bold;background:#9CBCE2">

<td>Nautical</td>

</tr>

<tr>

<td>

<table style="font-family:Arial,Verdana,Times;font-size:12px;text-align:left;width:100%;border-spacing:0px; padding:3px 3px 3px 3px">

<tr>

<td>FID</td>

<td>26</td>

</tr>

<tr bgcolor="#D4E4F3">

<td>MAJ_CAT</td>

<td>Nautical</td>

</tr>

<tr>

<td>L_LIMIT</td>

<td>0</td>

</tr>

<tr bgcolor="#D4E4F3">

<td>U_LIMIT</td>

<td>0</td>

</tr>

<tr>

<td>ZORDER</td>

<td>9</td>

</tr>

<tr bgcolor="#D4E4F3">

<td>LAYER</td>

<td>0</td>

</tr>

<tr>

<td>MODE</td>

<td>2T</td>

</tr>

<tr bgcolor="#D4E4F3">

<td>COLOR</td>

<td>0</td>

</tr>

<tr>

<td>WIDTH</td>

<td>0</td>

</tr>

<tr bgcolor="#D4E4F3">

<td>MIN_CAT</td>

<td>1Depth Contours</td>

</tr>

<tr>

<td>RTP_LIMIT</td>

<td>0</td>

</tr>

<tr bgcolor="#D4E4F3">

<td>RTP_COLOR</td>

<td>19</td>

</tr>

<tr>

<td>FONT</td>

<td>020</td>

</tr>

<tr bgcolor="#D4E4F3">

<td>VALUE</td>

<td>21</td>

</tr>

<tr>

<td>TYPE</td>

<td>0</td>

</tr>

<tr bgcolor="#D4E4F3">

<td>Depth</td>

<td>-21</td>

</tr>

</table>

</td>

</tr>

</table>

</body>

</html>]]></description>
			<styleUrl>#LineStyle026</styleUrl>
			<MultiGeometry>
				<LineString>
					<tessellate>1</tessellate>
					<coordinates>
						101.520554402,1.67502555,0 101.520572376,1.67502555,0 101.520608324,1.675023163,0 101.520662247,1.675024626,0 101.520698195,1.675017809,0 101.520770092,1.675032384,0 101.520841988,1.675040762,0 101.520895911,1.675042864,0 101.520967807,1.675041512,0 101.521075652,1.675043776,0 101.52117451,1.675048611,0 101.521201472,1.675050646,0 101.521219446,1.675053481,0 101.521273368,1.675068127,0 101.521327291,1.675092402,0 101.521435136,1.675165963,0 101.521489058,1.675195628,0 101.521507032,1.675202591,0 101.521542981,1.675211397,0 101.521560955,1.675212904,0 101.521578929,1.67521201,0 101.521596903,1.67520857,0 101.521614877,1.675201908,0 101.521650826,1.675183261,0 101.521688828,1.675157135,0 101.521704748,1.675139613,0 101.521752095,1.675066699,0 101.521772006,1.67499435,0 101.521783968,1.674976263,0 101.521812593,1.674951393,0 101.521866516,1.674924334,0 101.521902464,1.674912392,0 101.521938412,1.67490561,0 101.521974361,1.674902622,0 101.521992335,1.674902622,0 101.522046258,1.674906106,0 101.52210018,1.674911826,0 101.522136128,1.674918609,0 101.522190051,1.674933054,0 101.522225999,1.674945954,0 101.52231587,1.674987686,0 101.522379379,1.675030524,0 101.522423715,1.675048147,0 101.522459663,1.675054769,0 101.522477638,1.675055771,0 101.522513586,1.675054038,0 101.522549534,1.675047842,0 101.522603457,1.675030879,0 101.522639405,1.675013913,0 101.522693328,1.67499435,0 101.52274725,1.674981657,0 101.522801173,1.67497355,0 101.522855095,1.674970697,0 101.522980914,1.674977907,0 101.523052811,1.674979309,0 101.523070785,1.674978928,0 101.523214578,1.674968425,0 101.523286475,1.674964559,0 101.523358372,1.674962587,0 101.523466217,1.67496158,0 101.523502165,1.674964064,0 101.523538113,1.674969194,0 101.52361001,1.674985699,0 101.523790911,1.675048611,0 101.523951519,1.675112761,0 101.523987468,1.675125301,0 101.524023416,1.675134752,0 101.524095313,1.675147709,0 101.524149235,1.675153059,0 101.52425708,1.675155584,0 101.524364925,1.675154551,0 101.524418848,1.67514583,0 101.524454796,1.675133919,0 101.524490744,1.675117192,0 101.524526693,1.675096504,0 101.524616563,1.67503079,0 101.524683242,1.67499435,0 101.524707557,1.674976263,0 101.524724408,1.674956048,0 101.524739013,1.674903914,0 101.52474275,1.674777303,0 101.524753004,1.674741128,0 101.524797939,1.674650692,0 101.524894084,1.674560256,0 101.524940098,1.674524082,0 101.524976047,1.674504581,0 101.524994021,1.674503451,0 101.525011995,1.674504215,0 101.525047943,1.674498102,0 101.525083892,1.674494864,0 101.525101866,1.674495142,0 101.52511984,1.674497528,0 101.525191737,1.674497528,0 
					</coordinates>
				</LineString>
			</MultiGeometry>
		</Placemark>
		<Placemark id="ID_00027">
			<name>-21</name>
			<Snippet maxLines="0"></Snippet>
			<description><![CDATA[<html xmlns:fo="http://www.w3.org/1999/XSL/Format" xmlns:msxsl="urn:schemas-microsoft-com:xslt">

<head>

<META http-equiv="Content-Type" content="text/html">

<meta http-equiv="content-type" content="text/html; charset=UTF-8">

</head>

<body style="margin:0px 0px 0px 0px;overflow:auto;background:#FFFFFF;">

<table style="font-family:Arial,Verdana,Times;font-size:12px;text-align:left;width:100%;border-collapse:collapse;padding:3px 3px 3px 3px">

<tr style="text-align:center;font-weight:bold;background:#9CBCE2">

<td>Nautical</td>

</tr>

<tr>

<td>

<table style="font-family:Arial,Verdana,Times;font-size:12px;text-align:left;width:100%;border-spacing:0px; padding:3px 3px 3px 3px">

<tr>

<td>FID</td>

<td>27</td>

</tr>

<tr bgcolor="#D4E4F3">

<td>MAJ_CAT</td>

<td>Nautical</td>

</tr>

<tr>

<td>L_LIMIT</td>

<td>0</td>

</tr>

<tr bgcolor="#D4E4F3">

<td>U_LIMIT</td>

<td>0</td>

</tr>

<tr>

<td>ZORDER</td>

<td>9</td>

</tr>

<tr bgcolor="#D4E4F3">

<td>LAYER</td>

<td>0</td>

</tr>

<tr>

<td>MODE</td>

<td>2T</td>

</tr>

<tr bgcolor="#D4E4F3">

<td>COLOR</td>

<td>0</td>

</tr>

<tr>

<td>WIDTH</td>

<td>0</td>

</tr>

<tr bgcolor="#D4E4F3">

<td>MIN_CAT</td>

<td>1Depth Contours</td>

</tr>

<tr>

<td>RTP_LIMIT</td>

<td>0</td>

</tr>

<tr bgcolor="#D4E4F3">

<td>RTP_COLOR</td>

<td>19</td>

</tr>

<tr>

<td>FONT</td>

<td>020</td>

</tr>

<tr bgcolor="#D4E4F3">

<td>VALUE</td>

<td>21</td>

</tr>

<tr>

<td>TYPE</td>

<td>0</td>

</tr>

<tr bgcolor="#D4E4F3">

<td>Depth</td>

<td>-21</td>

</tr>

</table>

</td>

</tr>

</table>

</body>

</html>]]></description>
			<styleUrl>#LineStyle026</styleUrl>
			<MultiGeometry>
				<LineString>
					<tessellate>1</tessellate>
					<coordinates>
						101.520949833,1.676203177,0 101.520965668,1.676242369,0 101.520987856,1.676260456,0 101.521039704,1.676277682,0 101.521093627,1.676281558,0 101.521165523,1.67627372,0 101.521327291,1.676245578,0 101.521381213,1.676230598,0 101.521435136,1.676205825,0 101.521481868,1.67617002,0 101.521531372,1.676115758,0 101.521584605,1.676043409,0 101.521608342,1.675989148,0 101.521609919,1.675952973,0 101.521596903,1.67592132,0 101.521520512,1.67584445,0 101.521489058,1.67583631,0 101.521435136,1.67583969,0 101.521291342,1.675880624,0 101.521158987,1.675934886,0 101.521039704,1.676016278,0 101.520994142,1.676061497,0 101.520954327,1.676133845,0 101.520949833,1.676203177,0 
					</coordinates>
				</LineString>
			</MultiGeometry>
		</Placemark>
		<Placemark id="ID_00028">
			<name>-21</name>
			<Snippet maxLines="0"></Snippet>
			<description><![CDATA[<html xmlns:fo="http://www.w3.org/1999/XSL/Format" xmlns:msxsl="urn:schemas-microsoft-com:xslt">

<head>

<META http-equiv="Content-Type" content="text/html">

<meta http-equiv="content-type" content="text/html; charset=UTF-8">

</head>

<body style="margin:0px 0px 0px 0px;overflow:auto;background:#FFFFFF;">

<table style="font-family:Arial,Verdana,Times;font-size:12px;text-align:left;width:100%;border-collapse:collapse;padding:3px 3px 3px 3px">

<tr style="text-align:center;font-weight:bold;background:#9CBCE2">

<td>Nautical</td>

</tr>

<tr>

<td>

<table style="font-family:Arial,Verdana,Times;font-size:12px;text-align:left;width:100%;border-spacing:0px; padding:3px 3px 3px 3px">

<tr>

<td>FID</td>

<td>28</td>

</tr>

<tr bgcolor="#D4E4F3">

<td>MAJ_CAT</td>

<td>Nautical</td>

</tr>

<tr>

<td>L_LIMIT</td>

<td>0</td>

</tr>

<tr bgcolor="#D4E4F3">

<td>U_LIMIT</td>

<td>0</td>

</tr>

<tr>

<td>ZORDER</td>

<td>9</td>

</tr>

<tr bgcolor="#D4E4F3">

<td>LAYER</td>

<td>0</td>

</tr>

<tr>

<td>MODE</td>

<td>2T</td>

</tr>

<tr bgcolor="#D4E4F3">

<td>COLOR</td>

<td>0</td>

</tr>

<tr>

<td>WIDTH</td>

<td>0</td>

</tr>

<tr bgcolor="#D4E4F3">

<td>MIN_CAT</td>

<td>1Depth Contours</td>

</tr>

<tr>

<td>RTP_LIMIT</td>

<td>0</td>

</tr>

<tr bgcolor="#D4E4F3">

<td>RTP_COLOR</td>

<td>19</td>

</tr>

<tr>

<td>FONT</td>

<td>020</td>

</tr>

<tr bgcolor="#D4E4F3">

<td>VALUE</td>

<td>21</td>

</tr>

<tr>

<td>TYPE</td>

<td>0</td>

</tr>

<tr bgcolor="#D4E4F3">

<td>Depth</td>

<td>-21</td>

</tr>

</table>

</td>

</tr>

</table>

</body>

</html>]]></description>
			<styleUrl>#LineStyle026</styleUrl>
			<MultiGeometry>
				<LineString>
					<tessellate>1</tessellate>
					<coordinates>
						101.523304449,1.676927933,0 101.523314685,1.676983945,0 101.523334316,1.677038207,0 101.523381199,1.677146731,0 101.523402766,1.677182905,0 101.523421445,1.677200992,0 101.523448243,1.677210978,0 101.523466217,1.677210493,0 101.523627984,1.677171977,0 101.523672777,1.677146731,0 101.523695591,1.677092469,0 101.523687377,1.677056294,0 101.523645958,1.677014822,0 101.523538113,1.676951321,0 101.523502622,1.676911597,0 101.523484429,1.676875422,0 101.523482367,1.676766899,0 101.523474793,1.676730724,0 101.523448243,1.6766935,0 101.523412294,1.676678077,0 101.523376346,1.676679335,0 101.523340398,1.676696272,0 101.523310967,1.676730724,0 101.523302998,1.676748811,0 101.523297562,1.67682116,0 101.523304449,1.676927933,0 
					</coordinates>
				</LineString>
			</MultiGeometry>
		</Placemark>
		<Placemark id="ID_00029">
			<name>-21</name>
			<Snippet maxLines="0"></Snippet>
			<description><![CDATA[<html xmlns:fo="http://www.w3.org/1999/XSL/Format" xmlns:msxsl="urn:schemas-microsoft-com:xslt">

<head>

<META http-equiv="Content-Type" content="text/html">

<meta http-equiv="content-type" content="text/html; charset=UTF-8">

</head>

<body style="margin:0px 0px 0px 0px;overflow:auto;background:#FFFFFF;">

<table style="font-family:Arial,Verdana,Times;font-size:12px;text-align:left;width:100%;border-collapse:collapse;padding:3px 3px 3px 3px">

<tr style="text-align:center;font-weight:bold;background:#9CBCE2">

<td>Nautical</td>

</tr>

<tr>

<td>

<table style="font-family:Arial,Verdana,Times;font-size:12px;text-align:left;width:100%;border-spacing:0px; padding:3px 3px 3px 3px">

<tr>

<td>FID</td>

<td>29</td>

</tr>

<tr bgcolor="#D4E4F3">

<td>MAJ_CAT</td>

<td>Nautical</td>

</tr>

<tr>

<td>L_LIMIT</td>

<td>0</td>

</tr>

<tr bgcolor="#D4E4F3">

<td>U_LIMIT</td>

<td>0</td>

</tr>

<tr>

<td>ZORDER</td>

<td>9</td>

</tr>

<tr bgcolor="#D4E4F3">

<td>LAYER</td>

<td>0</td>

</tr>

<tr>

<td>MODE</td>

<td>2T</td>

</tr>

<tr bgcolor="#D4E4F3">

<td>COLOR</td>

<td>0</td>

</tr>

<tr>

<td>WIDTH</td>

<td>0</td>

</tr>

<tr bgcolor="#D4E4F3">

<td>MIN_CAT</td>

<td>1Depth Contours</td>

</tr>

<tr>

<td>RTP_LIMIT</td>

<td>0</td>

</tr>

<tr bgcolor="#D4E4F3">

<td>RTP_COLOR</td>

<td>19</td>

</tr>

<tr>

<td>FONT</td>

<td>020</td>

</tr>

<tr bgcolor="#D4E4F3">

<td>VALUE</td>

<td>21</td>

</tr>

<tr>

<td>TYPE</td>

<td>0</td>

</tr>

<tr bgcolor="#D4E4F3">

<td>Depth</td>

<td>-21</td>

</tr>

</table>

</td>

</tr>

</table>

</body>

</html>]]></description>
			<styleUrl>#LineStyle026</styleUrl>
			<MultiGeometry>
				<LineString>
					<tessellate>1</tessellate>
					<coordinates>
						101.520824014,1.677529641,0 101.520841988,1.677529641,0 101.52090032,1.677490388,0 101.520922512,1.677454214,0 101.520919996,1.677418039,0 101.520895911,1.677367654,0 101.520867487,1.677327603,0 101.520837631,1.677309516,0 101.520770092,1.677299467,0 
					</coordinates>
				</LineString>
			</MultiGeometry>
		</Placemark>
		<Placemark id="ID_00030">
			<name>-21</name>
			<Snippet maxLines="0"></Snippet>
			<description><![CDATA[<html xmlns:fo="http://www.w3.org/1999/XSL/Format" xmlns:msxsl="urn:schemas-microsoft-com:xslt">

<head>

<META http-equiv="Content-Type" content="text/html">

<meta http-equiv="content-type" content="text/html; charset=UTF-8">

</head>

<body style="margin:0px 0px 0px 0px;overflow:auto;background:#FFFFFF;">

<table style="font-family:Arial,Verdana,Times;font-size:12px;text-align:left;width:100%;border-collapse:collapse;padding:3px 3px 3px 3px">

<tr style="text-align:center;font-weight:bold;background:#9CBCE2">

<td>Nautical</td>

</tr>

<tr>

<td>

<table style="font-family:Arial,Verdana,Times;font-size:12px;text-align:left;width:100%;border-spacing:0px; padding:3px 3px 3px 3px">

<tr>

<td>FID</td>

<td>30</td>

</tr>

<tr bgcolor="#D4E4F3">

<td>MAJ_CAT</td>

<td>Nautical</td>

</tr>

<tr>

<td>L_LIMIT</td>

<td>0</td>

</tr>

<tr bgcolor="#D4E4F3">

<td>U_LIMIT</td>

<td>0</td>

</tr>

<tr>

<td>ZORDER</td>

<td>9</td>

</tr>

<tr bgcolor="#D4E4F3">

<td>LAYER</td>

<td>0</td>

</tr>

<tr>

<td>MODE</td>

<td>2T</td>

</tr>

<tr bgcolor="#D4E4F3">

<td>COLOR</td>

<td>0</td>

</tr>

<tr>

<td>WIDTH</td>

<td>0</td>

</tr>

<tr bgcolor="#D4E4F3">

<td>MIN_CAT</td>

<td>1Depth Contours</td>

</tr>

<tr>

<td>RTP_LIMIT</td>

<td>0</td>

</tr>

<tr bgcolor="#D4E4F3">

<td>RTP_COLOR</td>

<td>19</td>

</tr>

<tr>

<td>FONT</td>

<td>020</td>

</tr>

<tr bgcolor="#D4E4F3">

<td>VALUE</td>

<td>21</td>

</tr>

<tr>

<td>TYPE</td>

<td>0</td>

</tr>

<tr bgcolor="#D4E4F3">

<td>Depth</td>

<td>-21</td>

</tr>

</table>

</td>

</tr>

</table>

</body>

</html>]]></description>
			<styleUrl>#LineStyle026</styleUrl>
			<MultiGeometry>
				<LineString>
					<tessellate>1</tessellate>
					<coordinates>
						101.521956387,1.68626955,0 101.521974361,1.68626955,0 101.522064232,1.686233341,0 101.522082206,1.686205528,0 101.522122005,1.68617226,0 101.522223753,1.686117998,0 101.522297896,1.686086276,0 101.522372039,1.686063737,0 101.522588853,1.686009475,0 101.52274725,1.685975767,0 101.522801173,1.685955531,0 101.522855095,1.685923134,0 101.522929917,1.685864777,0 101.523010471,1.685810515,0 101.523142682,1.685739218,0 101.523196604,1.685704791,0 101.52323937,1.685665817,0 101.523258967,1.685629643,0 101.523286687,1.685430683,0 101.52334909,1.685249811,0 101.52339432,1.685172161,0 101.523430268,1.685133976,0 101.523448243,1.685123569,0 101.523466217,1.685120122,0 101.523484191,1.685123712,0 101.523520139,1.68514581,0 101.523663933,1.685285864,0 101.523771778,1.685365747,0 101.523807726,1.685385918,0 101.523843674,1.685399745,0 101.523879623,1.685407784,0 101.523915571,1.685409466,0 101.523951519,1.685405137,0 101.524059364,1.685382384,0 101.524167209,1.685351604,0 101.524239106,1.685321278,0 101.524364925,1.685254947,0 101.524416956,1.685231724,0 101.524830755,1.685087026,0 101.524912446,1.685050852,0 101.524976047,1.685015209,0 101.525011995,1.684985166,0 101.525028685,1.684960415,0 101.525046998,1.684906154,0 101.525050072,1.684851892,0 101.525024122,1.684779543,0 101.524976047,1.684726825,0 101.524953215,1.684689107,0 101.524941742,1.684652932,0 101.524936266,1.684562496,0 101.524976047,1.684452303,0 101.525011995,1.68440395,0 101.525029969,1.684395416,0 101.525047943,1.684394974,0 101.525065918,1.684401881,0 101.525144258,1.684453973,0 101.525263633,1.684511481,0 101.525281608,1.684517742,0 101.525317556,1.684523704,0 101.525353504,1.6845207,0 101.525389453,1.684508235,0 101.525425401,1.684482683,0 101.52555122,1.684339636,0 101.525569194,1.684326942,0 101.525605143,1.684311285,0 101.525623117,1.684308404,0 101.525641091,1.684309275,0 101.525659065,1.684314944,0 101.525677039,1.68432706,0 101.525703219,1.684363537,0 101.525740448,1.684453973,0 101.5257572,1.684526322,0 101.525772559,1.684562496,0 101.525806054,1.684598671,0 101.525874755,1.684634149,0 101.525946652,1.684656148,0 101.526000574,1.684664388,0 101.526054497,1.684666067,0 101.526090445,1.684662208,0 101.526125611,1.684652932,0 101.52619829,1.684617381,0 101.526216264,1.684614017,0 101.526252213,1.684620677,0 101.526306135,1.684618317,0 101.526342084,1.684623874,0 101.52641398,1.684623874,0 
					</coordinates>
				</LineString>
			</MultiGeometry>
		</Placemark>
		<Placemark id="ID_00031">
			<name>-21</name>
			<Snippet maxLines="0"></Snippet>
			<description><![CDATA[<html xmlns:fo="http://www.w3.org/1999/XSL/Format" xmlns:msxsl="urn:schemas-microsoft-com:xslt">

<head>

<META http-equiv="Content-Type" content="text/html">

<meta http-equiv="content-type" content="text/html; charset=UTF-8">

</head>

<body style="margin:0px 0px 0px 0px;overflow:auto;background:#FFFFFF;">

<table style="font-family:Arial,Verdana,Times;font-size:12px;text-align:left;width:100%;border-collapse:collapse;padding:3px 3px 3px 3px">

<tr style="text-align:center;font-weight:bold;background:#9CBCE2">

<td>Nautical</td>

</tr>

<tr>

<td>

<table style="font-family:Arial,Verdana,Times;font-size:12px;text-align:left;width:100%;border-spacing:0px; padding:3px 3px 3px 3px">

<tr>

<td>FID</td>

<td>31</td>

</tr>

<tr bgcolor="#D4E4F3">

<td>MAJ_CAT</td>

<td>Nautical</td>

</tr>

<tr>

<td>L_LIMIT</td>

<td>0</td>

</tr>

<tr bgcolor="#D4E4F3">

<td>U_LIMIT</td>

<td>0</td>

</tr>

<tr>

<td>ZORDER</td>

<td>9</td>

</tr>

<tr bgcolor="#D4E4F3">

<td>LAYER</td>

<td>0</td>

</tr>

<tr>

<td>MODE</td>

<td>2T</td>

</tr>

<tr bgcolor="#D4E4F3">

<td>COLOR</td>

<td>0</td>

</tr>

<tr>

<td>WIDTH</td>

<td>0</td>

</tr>

<tr bgcolor="#D4E4F3">

<td>MIN_CAT</td>

<td>1Depth Contours</td>

</tr>

<tr>

<td>RTP_LIMIT</td>

<td>0</td>

</tr>

<tr bgcolor="#D4E4F3">

<td>RTP_COLOR</td>

<td>19</td>

</tr>

<tr>

<td>FONT</td>

<td>020</td>

</tr>

<tr bgcolor="#D4E4F3">

<td>VALUE</td>

<td>21</td>

</tr>

<tr>

<td>TYPE</td>

<td>0</td>

</tr>

<tr bgcolor="#D4E4F3">

<td>Depth</td>

<td>-21</td>

</tr>

</table>

</td>

</tr>

</table>

</body>

</html>]]></description>
			<styleUrl>#LineStyle026</styleUrl>
			<MultiGeometry>
				<LineString>
					<tessellate>1</tessellate>
					<coordinates>
						101.532902655,1.693496788,0 101.532938603,1.693496788,0 101.532776835,1.693457641,0 101.532686965,1.693437545,0 101.532651016,1.693433723,0 101.532633042,1.693434119,0 101.532597094,1.693437298,0 101.53257912,1.693441788,0 101.532525197,1.693466052,0 101.532376635,1.69355185,0 101.53230199,1.693606112,0 101.532165714,1.693724282,0 101.532122685,1.69375081,0 101.532075843,1.693769361,0 101.532039895,1.693779357,0 101.531842179,1.693819075,0 101.531482695,1.693909556,0 101.531231057,1.69396535,0 101.531141186,1.693996987,0 101.530998314,1.694058293,0 101.530889548,1.694093052,0 101.530781703,1.69411505,0 101.530583987,1.694145441,0 101.530494116,1.694166348,0 101.530224504,1.694250392,0 101.530026788,1.694317067,0 101.529775149,1.694388234,0 101.529613382,1.694440448,0 101.529469589,1.694477232,0 101.529253899,1.694542518,0 101.529074157,1.694588441,0 101.528966312,1.694613647,0 101.528912389,1.694623328,0 101.528840493,1.69463158,0 101.528714674,1.694641481,0 101.528642777,1.694652297,0 101.52835519,1.694717185,0 101.528283294,1.694739671,0 101.528171077,1.694781782,0 101.52792381,1.694849002,0 101.527672172,1.694913644,0 101.527456482,1.694985194,0 101.527425214,1.695016916,0 101.527421601,1.695053091,0 
					</coordinates>
				</LineString>
			</MultiGeometry>
		</Placemark>
		<Placemark id="ID_00032">
			<name>-21</name>
			<Snippet maxLines="0"></Snippet>
			<description><![CDATA[<html xmlns:fo="http://www.w3.org/1999/XSL/Format" xmlns:msxsl="urn:schemas-microsoft-com:xslt">

<head>

<META http-equiv="Content-Type" content="text/html">

<meta http-equiv="content-type" content="text/html; charset=UTF-8">

</head>

<body style="margin:0px 0px 0px 0px;overflow:auto;background:#FFFFFF;">

<table style="font-family:Arial,Verdana,Times;font-size:12px;text-align:left;width:100%;border-collapse:collapse;padding:3px 3px 3px 3px">

<tr style="text-align:center;font-weight:bold;background:#9CBCE2">

<td>Nautical</td>

</tr>

<tr>

<td>

<table style="font-family:Arial,Verdana,Times;font-size:12px;text-align:left;width:100%;border-spacing:0px; padding:3px 3px 3px 3px">

<tr>

<td>FID</td>

<td>32</td>

</tr>

<tr bgcolor="#D4E4F3">

<td>MAJ_CAT</td>

<td>Nautical</td>

</tr>

<tr>

<td>L_LIMIT</td>

<td>0</td>

</tr>

<tr bgcolor="#D4E4F3">

<td>U_LIMIT</td>

<td>0</td>

</tr>

<tr>

<td>ZORDER</td>

<td>9</td>

</tr>

<tr bgcolor="#D4E4F3">

<td>LAYER</td>

<td>0</td>

</tr>

<tr>

<td>MODE</td>

<td>2T</td>

</tr>

<tr bgcolor="#D4E4F3">

<td>COLOR</td>

<td>0</td>

</tr>

<tr>

<td>WIDTH</td>

<td>0</td>

</tr>

<tr bgcolor="#D4E4F3">

<td>MIN_CAT</td>

<td>1Depth Contours</td>

</tr>

<tr>

<td>RTP_LIMIT</td>

<td>0</td>

</tr>

<tr bgcolor="#D4E4F3">

<td>RTP_COLOR</td>

<td>19</td>

</tr>

<tr>

<td>FONT</td>

<td>020</td>

</tr>

<tr bgcolor="#D4E4F3">

<td>VALUE</td>

<td>21</td>

</tr>

<tr>

<td>TYPE</td>

<td>0</td>

</tr>

<tr bgcolor="#D4E4F3">

<td>Depth</td>

<td>-21</td>

</tr>

</table>

</td>

</tr>

</table>

</body>

</html>]]></description>
			<styleUrl>#LineStyle026</styleUrl>
			<MultiGeometry>
				<LineString>
					<tessellate>1</tessellate>
					<coordinates>
						101.533765415,1.700223965,0 101.533783389,1.700223965,0 101.533801363,1.700220517,0 101.533819337,1.700187726,0 101.534053001,1.700147447,0 101.53408895,1.700139309,0 101.534124898,1.700127752,0 101.534185618,1.700099428,0 101.53430464,1.700025996,0 101.534340588,1.700009096,0 101.534376536,1.69999697,0 101.534412485,1.699989556,0 101.534466407,1.699984726,0 101.534538304,1.699982991,0 101.534646149,1.699983184,0 101.534718046,1.699978975,0 101.534771968,1.699972035,0 101.534861839,1.699951608,0 101.534950527,1.699918555,0 101.535095503,1.699856186,0 101.535258371,1.699810032,0 101.535463614,1.699737683,0 101.535580806,1.69968603,0 101.535670676,1.699633438,0 101.535706625,1.699617165,0 101.535760547,1.699598338,0 101.53581447,1.69958771,0 101.535958263,1.699576345,0 101.536120031,1.699552547,0 101.536227876,1.699542065,0 101.536335721,1.699537808,0 101.536371669,1.699531243,0 101.536449472,1.699502549,0 101.536551411,1.699456474,0 101.536623307,1.699433047,0 101.536695204,1.699418673,0 101.536841494,1.699394026,0 101.536923733,1.699375939,0 101.536988095,1.699357851,0 101.537054687,1.699327214,0 101.537162532,1.699256702,0 101.537234429,1.699224475,0 101.537288351,1.699212133,0 101.5373243,1.699208854,0 101.537414171,1.69920568,0 101.53747941,1.699195066,0 101.537529907,1.699176979,0 101.537629861,1.699131241,0 101.537683783,1.699116851,0 101.53775568,1.699089522,0 101.537863525,1.699060395,0 101.53797137,1.699041811,0 101.538097189,1.699002865,0 101.538133137,1.698997554,0 101.538169086,1.698996777,0 101.53818706,1.698998062,0 101.538223008,1.699004215,0 101.538330853,1.69903334,0 101.538384776,1.699039607,0 101.53840275,1.699040389,0 101.538438698,1.699038368,0 101.538476689,1.699032281,0 101.538543372,1.699014194,0 101.538744259,1.698945969,0 101.538852104,1.698902374,0 101.538906027,1.698887069,0 101.538941975,1.698882506,0 101.538995897,1.69888178,0 101.539085768,1.698891983,0 101.539139691,1.698894609,0 101.539229562,1.698891727,0 101.539301458,1.698883798,0 101.539373355,1.698882923,0 
					</coordinates>
				</LineString>
			</MultiGeometry>
		</Placemark>
		<Placemark id="ID_00033">
			<name>-1</name>
			<Snippet maxLines="0"></Snippet>
			<description><![CDATA[<html xmlns:fo="http://www.w3.org/1999/XSL/Format" xmlns:msxsl="urn:schemas-microsoft-com:xslt">

<head>

<META http-equiv="Content-Type" content="text/html">

<meta http-equiv="content-type" content="text/html; charset=UTF-8">

</head>

<body style="margin:0px 0px 0px 0px;overflow:auto;background:#FFFFFF;">

<table style="font-family:Arial,Verdana,Times;font-size:12px;text-align:left;width:100%;border-collapse:collapse;padding:3px 3px 3px 3px">

<tr style="text-align:center;font-weight:bold;background:#9CBCE2">

<td>Nautical</td>

</tr>

<tr>

<td>

<table style="font-family:Arial,Verdana,Times;font-size:12px;text-align:left;width:100%;border-spacing:0px; padding:3px 3px 3px 3px">

<tr>

<td>FID</td>

<td>33</td>

</tr>

<tr bgcolor="#D4E4F3">

<td>MAJ_CAT</td>

<td>Nautical</td>

</tr>

<tr>

<td>L_LIMIT</td>

<td>0</td>

</tr>

<tr bgcolor="#D4E4F3">

<td>U_LIMIT</td>

<td>0</td>

</tr>

<tr>

<td>ZORDER</td>

<td>9</td>

</tr>

<tr bgcolor="#D4E4F3">

<td>LAYER</td>

<td>0</td>

</tr>

<tr>

<td>MODE</td>

<td>2T</td>

</tr>

<tr bgcolor="#D4E4F3">

<td>COLOR</td>

<td>0</td>

</tr>

<tr>

<td>WIDTH</td>

<td>0</td>

</tr>

<tr bgcolor="#D4E4F3">

<td>MIN_CAT</td>

<td>1Depth Contours</td>

</tr>

<tr>

<td>RTP_LIMIT</td>

<td>0</td>

</tr>

<tr bgcolor="#D4E4F3">

<td>RTP_COLOR</td>

<td>19</td>

</tr>

<tr>

<td>FONT</td>

<td>020</td>

</tr>

<tr bgcolor="#D4E4F3">

<td>VALUE</td>

<td>1</td>

</tr>

<tr>

<td>TYPE</td>

<td>0</td>

</tr>

<tr bgcolor="#D4E4F3">

<td>Depth</td>

<td>-1</td>

</tr>

</table>

</td>

</tr>

</table>

</body>

</html>]]></description>
			<styleUrl>#LineStyle09</styleUrl>
			<MultiGeometry>
				<LineString>
					<tessellate>1</tessellate>
					<coordinates>
						101.539409303,1.699724513,0 101.539337407,1.699724513,0 101.539231559,1.699737683,0 101.539157665,1.699760938,0 101.539067794,1.699778727,0 101.53904982,1.699789256,0 101.53903124,1.699810032,0 101.53899736,1.699882381,0 101.538981388,1.69995473,0 101.538958545,1.699990904,0 101.538958545,1.700008992,0 
					</coordinates>
				</LineString>
			</MultiGeometry>
		</Placemark>
		<Placemark id="ID_00034">
			<name>-17</name>
			<Snippet maxLines="0"></Snippet>
			<description><![CDATA[<html xmlns:fo="http://www.w3.org/1999/XSL/Format" xmlns:msxsl="urn:schemas-microsoft-com:xslt">

<head>

<META http-equiv="Content-Type" content="text/html">

<meta http-equiv="content-type" content="text/html; charset=UTF-8">

</head>

<body style="margin:0px 0px 0px 0px;overflow:auto;background:#FFFFFF;">

<table style="font-family:Arial,Verdana,Times;font-size:12px;text-align:left;width:100%;border-collapse:collapse;padding:3px 3px 3px 3px">

<tr style="text-align:center;font-weight:bold;background:#9CBCE2">

<td>Nautical</td>

</tr>

<tr>

<td>

<table style="font-family:Arial,Verdana,Times;font-size:12px;text-align:left;width:100%;border-spacing:0px; padding:3px 3px 3px 3px">

<tr>

<td>FID</td>

<td>34</td>

</tr>

<tr bgcolor="#D4E4F3">

<td>MAJ_CAT</td>

<td>Nautical</td>

</tr>

<tr>

<td>L_LIMIT</td>

<td>0</td>

</tr>

<tr bgcolor="#D4E4F3">

<td>U_LIMIT</td>

<td>0</td>

</tr>

<tr>

<td>ZORDER</td>

<td>9</td>

</tr>

<tr bgcolor="#D4E4F3">

<td>LAYER</td>

<td>0</td>

</tr>

<tr>

<td>MODE</td>

<td>2T</td>

</tr>

<tr bgcolor="#D4E4F3">

<td>COLOR</td>

<td>0</td>

</tr>

<tr>

<td>WIDTH</td>

<td>0</td>

</tr>

<tr bgcolor="#D4E4F3">

<td>MIN_CAT</td>

<td>1Depth Contours</td>

</tr>

<tr>

<td>RTP_LIMIT</td>

<td>0</td>

</tr>

<tr bgcolor="#D4E4F3">

<td>RTP_COLOR</td>

<td>19</td>

</tr>

<tr>

<td>FONT</td>

<td>020</td>

</tr>

<tr bgcolor="#D4E4F3">

<td>VALUE</td>

<td>17</td>

</tr>

<tr>

<td>TYPE</td>

<td>0</td>

</tr>

<tr bgcolor="#D4E4F3">

<td>Depth</td>

<td>-17</td>

</tr>

</table>

</td>

</tr>

</table>

</body>

</html>]]></description>
			<styleUrl>#LineStyle00</styleUrl>
			<MultiGeometry>
				<LineString>
					<tessellate>1</tessellate>
					<coordinates>
						101.520428582,1.67395871,0 101.520464531,1.673956079,0 101.520554402,1.673939476,0 101.520572376,1.673923914,0 101.52059035,1.673916907,0 101.520608324,1.673916232,0 101.520734143,1.67389025,0 101.520788066,1.673875607,0 101.520850745,1.673854854,0 101.520895911,1.673831364,0 101.520931565,1.673800592,0 101.520987231,1.673710156,0 101.521039704,1.673641337,0 101.521180621,1.673511197,0 101.521201472,1.673477804,0 101.521250435,1.673366499,0 101.521278694,1.673330324,0 101.521302403,1.673312237,0 101.521396311,1.673257975,0 101.521507032,1.673200819,0 101.521614877,1.673156342,0 101.521704748,1.67309519,0 101.521758671,1.673067793,0 101.521794619,1.673054494,0 101.521848542,1.673043423,0 101.521920438,1.673037586,0 101.522261948,1.673041624,0 101.522333844,1.673035254,0 101.522423715,1.673019295,0 101.522549534,1.672988591,0 101.522873069,1.6728851,0 101.522944966,1.672860056,0 101.523196604,1.67275846,0 101.523232553,1.672749121,0 101.523268501,1.672745242,0 101.523322423,1.672750378,0 101.523358372,1.672760747,0 101.523480259,1.672823882,0 101.523517225,1.672860056,0 101.523574062,1.672957004,0 101.52361001,1.672982447,0 101.523627984,1.672986667,0 101.523645958,1.672985327,0 101.523663933,1.672977623,0 101.523681907,1.672962288,0 101.523699881,1.672932405,0 101.523718354,1.672841969,0 101.52373474,1.672805794,0 101.523771778,1.672766837,0 101.523807726,1.672744803,0 101.523843674,1.672728924,0 101.523897597,1.672714066,0 101.523951519,1.67270917,0 101.524005442,1.672717425,0 101.524131261,1.672751909,0 101.524167209,1.672755434,0 101.524221132,1.672754763,0 101.52425708,1.672751148,0 101.524311003,1.672739233,0 101.524389436,1.672715358,0 101.52443083,1.672697271,0 101.524447606,1.672679184,0 101.524440089,1.672661096,0 101.52440741,1.672643009,0 101.524346951,1.672619496,0 101.52425708,1.67257066,0 101.524232045,1.672534486,0 101.524230119,1.672498311,0 101.524241614,1.67244405,0 101.524302972,1.672281265,0 101.524445528,1.671991869,0 101.524509191,1.671901433,0 101.524541752,1.671865258,0 101.524562641,1.67184985,0 101.524598589,1.671834736,0 101.524634538,1.671833103,0 101.524670486,1.671839793,0 101.52468846,1.671835899,0 101.524706434,1.671837329,0 101.524742383,1.671847171,0 101.524796305,1.671877209,0 101.524868202,1.671877209,0 
					</coordinates>
				</LineString>
			</MultiGeometry>
		</Placemark>
		<Placemark id="ID_00035">
			<name>-17</name>
			<Snippet maxLines="0"></Snippet>
			<description><![CDATA[<html xmlns:fo="http://www.w3.org/1999/XSL/Format" xmlns:msxsl="urn:schemas-microsoft-com:xslt">

<head>

<META http-equiv="Content-Type" content="text/html">

<meta http-equiv="content-type" content="text/html; charset=UTF-8">

</head>

<body style="margin:0px 0px 0px 0px;overflow:auto;background:#FFFFFF;">

<table style="font-family:Arial,Verdana,Times;font-size:12px;text-align:left;width:100%;border-collapse:collapse;padding:3px 3px 3px 3px">

<tr style="text-align:center;font-weight:bold;background:#9CBCE2">

<td>Nautical</td>

</tr>

<tr>

<td>

<table style="font-family:Arial,Verdana,Times;font-size:12px;text-align:left;width:100%;border-spacing:0px; padding:3px 3px 3px 3px">

<tr>

<td>FID</td>

<td>35</td>

</tr>

<tr bgcolor="#D4E4F3">

<td>MAJ_CAT</td>

<td>Nautical</td>

</tr>

<tr>

<td>L_LIMIT</td>

<td>0</td>

</tr>

<tr bgcolor="#D4E4F3">

<td>U_LIMIT</td>

<td>0</td>

</tr>

<tr>

<td>ZORDER</td>

<td>9</td>

</tr>

<tr bgcolor="#D4E4F3">

<td>LAYER</td>

<td>0</td>

</tr>

<tr>

<td>MODE</td>

<td>2T</td>

</tr>

<tr bgcolor="#D4E4F3">

<td>COLOR</td>

<td>0</td>

</tr>

<tr>

<td>WIDTH</td>

<td>0</td>

</tr>

<tr bgcolor="#D4E4F3">

<td>MIN_CAT</td>

<td>1Depth Contours</td>

</tr>

<tr>

<td>RTP_LIMIT</td>

<td>0</td>

</tr>

<tr bgcolor="#D4E4F3">

<td>RTP_COLOR</td>

<td>19</td>

</tr>

<tr>

<td>FONT</td>

<td>020</td>

</tr>

<tr bgcolor="#D4E4F3">

<td>VALUE</td>

<td>17</td>

</tr>

<tr>

<td>TYPE</td>

<td>0</td>

</tr>

<tr bgcolor="#D4E4F3">

<td>Depth</td>

<td>-17</td>

</tr>

</table>

</td>

</tr>

</table>

</body>

</html>]]></description>
			<styleUrl>#LineStyle00</styleUrl>
			<MultiGeometry>
				<LineString>
					<tessellate>1</tessellate>
					<coordinates>
						101.520698195,1.674298622,0 101.520683456,1.67427086,0 101.520698195,1.674248146,0 101.520740135,1.67427086,0 101.520732646,1.674288948,0 101.520698195,1.674298622,0 
					</coordinates>
				</LineString>
			</MultiGeometry>
		</Placemark>
		<Placemark id="ID_00036">
			<name>-17</name>
			<Snippet maxLines="0"></Snippet>
			<description><![CDATA[<html xmlns:fo="http://www.w3.org/1999/XSL/Format" xmlns:msxsl="urn:schemas-microsoft-com:xslt">

<head>

<META http-equiv="Content-Type" content="text/html">

<meta http-equiv="content-type" content="text/html; charset=UTF-8">

</head>

<body style="margin:0px 0px 0px 0px;overflow:auto;background:#FFFFFF;">

<table style="font-family:Arial,Verdana,Times;font-size:12px;text-align:left;width:100%;border-collapse:collapse;padding:3px 3px 3px 3px">

<tr style="text-align:center;font-weight:bold;background:#9CBCE2">

<td>Nautical</td>

</tr>

<tr>

<td>

<table style="font-family:Arial,Verdana,Times;font-size:12px;text-align:left;width:100%;border-spacing:0px; padding:3px 3px 3px 3px">

<tr>

<td>FID</td>

<td>36</td>

</tr>

<tr bgcolor="#D4E4F3">

<td>MAJ_CAT</td>

<td>Nautical</td>

</tr>

<tr>

<td>L_LIMIT</td>

<td>0</td>

</tr>

<tr bgcolor="#D4E4F3">

<td>U_LIMIT</td>

<td>0</td>

</tr>

<tr>

<td>ZORDER</td>

<td>9</td>

</tr>

<tr bgcolor="#D4E4F3">

<td>LAYER</td>

<td>0</td>

</tr>

<tr>

<td>MODE</td>

<td>2T</td>

</tr>

<tr bgcolor="#D4E4F3">

<td>COLOR</td>

<td>0</td>

</tr>

<tr>

<td>WIDTH</td>

<td>0</td>

</tr>

<tr bgcolor="#D4E4F3">

<td>MIN_CAT</td>

<td>1Depth Contours</td>

</tr>

<tr>

<td>RTP_LIMIT</td>

<td>0</td>

</tr>

<tr bgcolor="#D4E4F3">

<td>RTP_COLOR</td>

<td>19</td>

</tr>

<tr>

<td>FONT</td>

<td>020</td>

</tr>

<tr bgcolor="#D4E4F3">

<td>VALUE</td>

<td>17</td>

</tr>

<tr>

<td>TYPE</td>

<td>0</td>

</tr>

<tr bgcolor="#D4E4F3">

<td>Depth</td>

<td>-17</td>

</tr>

</table>

</td>

</tr>

</table>

</body>

</html>]]></description>
			<styleUrl>#LineStyle00</styleUrl>
			<MultiGeometry>
				<LineString>
					<tessellate>1</tessellate>
					<coordinates>
						101.524940098,1.686809255,0 101.524958073,1.686825709,0 101.524994021,1.686838757,0 101.525011995,1.686839021,0 101.525047943,1.686829271,0 101.525143514,1.686769139,0 101.525159283,1.686751051,0 101.525161075,1.686732964,0 101.525148708,1.686714877,0 101.525113525,1.68669679,0 101.525047943,1.686677562,0 101.525011995,1.686676825,0 101.524976047,1.686688845,0 101.524940098,1.686717821,0 101.524922429,1.686751051,0 101.524926577,1.686787226,0 101.524940098,1.686809255,0 
					</coordinates>
				</LineString>
			</MultiGeometry>
		</Placemark>
		<Placemark id="ID_00037">
			<name>-17</name>
			<Snippet maxLines="0"></Snippet>
			<description><![CDATA[<html xmlns:fo="http://www.w3.org/1999/XSL/Format" xmlns:msxsl="urn:schemas-microsoft-com:xslt">

<head>

<META http-equiv="Content-Type" content="text/html">

<meta http-equiv="content-type" content="text/html; charset=UTF-8">

</head>

<body style="margin:0px 0px 0px 0px;overflow:auto;background:#FFFFFF;">

<table style="font-family:Arial,Verdana,Times;font-size:12px;text-align:left;width:100%;border-collapse:collapse;padding:3px 3px 3px 3px">

<tr style="text-align:center;font-weight:bold;background:#9CBCE2">

<td>Nautical</td>

</tr>

<tr>

<td>

<table style="font-family:Arial,Verdana,Times;font-size:12px;text-align:left;width:100%;border-spacing:0px; padding:3px 3px 3px 3px">

<tr>

<td>FID</td>

<td>37</td>

</tr>

<tr bgcolor="#D4E4F3">

<td>MAJ_CAT</td>

<td>Nautical</td>

</tr>

<tr>

<td>L_LIMIT</td>

<td>0</td>

</tr>

<tr bgcolor="#D4E4F3">

<td>U_LIMIT</td>

<td>0</td>

</tr>

<tr>

<td>ZORDER</td>

<td>9</td>

</tr>

<tr bgcolor="#D4E4F3">

<td>LAYER</td>

<td>0</td>

</tr>

<tr>

<td>MODE</td>

<td>2T</td>

</tr>

<tr bgcolor="#D4E4F3">

<td>COLOR</td>

<td>0</td>

</tr>

<tr>

<td>WIDTH</td>

<td>0</td>

</tr>

<tr bgcolor="#D4E4F3">

<td>MIN_CAT</td>

<td>1Depth Contours</td>

</tr>

<tr>

<td>RTP_LIMIT</td>

<td>0</td>

</tr>

<tr bgcolor="#D4E4F3">

<td>RTP_COLOR</td>

<td>19</td>

</tr>

<tr>

<td>FONT</td>

<td>020</td>

</tr>

<tr bgcolor="#D4E4F3">

<td>VALUE</td>

<td>17</td>

</tr>

<tr>

<td>TYPE</td>

<td>0</td>

</tr>

<tr bgcolor="#D4E4F3">

<td>Depth</td>

<td>-17</td>

</tr>

</table>

</td>

</tr>

</table>

</body>

</html>]]></description>
			<styleUrl>#LineStyle00</styleUrl>
			<MultiGeometry>
				<LineString>
					<tessellate>1</tessellate>
					<coordinates>
						101.526250139,1.687040447,0 101.526271836,1.687094709,0 101.526288161,1.687113116,0 101.526324109,1.687131372,0 101.526360058,1.687132291,0 101.526396006,1.687121627,0 101.52641398,1.68711108,0 101.526442059,1.687076622,0 101.526457872,1.68702236,0 101.526452165,1.686968098,0 101.526405514,1.686877662,0 101.526360058,1.686846218,0 101.526324109,1.686843671,0 101.526306135,1.686848581,0 101.526270187,1.686874312,0 101.526254348,1.686895749,0 101.5262408,1.686950011,0 101.526250139,1.687040447,0 
					</coordinates>
				</LineString>
			</MultiGeometry>
		</Placemark>
		<Placemark id="ID_00038">
			<name>-17</name>
			<Snippet maxLines="0"></Snippet>
			<description><![CDATA[<html xmlns:fo="http://www.w3.org/1999/XSL/Format" xmlns:msxsl="urn:schemas-microsoft-com:xslt">

<head>

<META http-equiv="Content-Type" content="text/html">

<meta http-equiv="content-type" content="text/html; charset=UTF-8">

</head>

<body style="margin:0px 0px 0px 0px;overflow:auto;background:#FFFFFF;">

<table style="font-family:Arial,Verdana,Times;font-size:12px;text-align:left;width:100%;border-collapse:collapse;padding:3px 3px 3px 3px">

<tr style="text-align:center;font-weight:bold;background:#9CBCE2">

<td>Nautical</td>

</tr>

<tr>

<td>

<table style="font-family:Arial,Verdana,Times;font-size:12px;text-align:left;width:100%;border-spacing:0px; padding:3px 3px 3px 3px">

<tr>

<td>FID</td>

<td>38</td>

</tr>

<tr bgcolor="#D4E4F3">

<td>MAJ_CAT</td>

<td>Nautical</td>

</tr>

<tr>

<td>L_LIMIT</td>

<td>0</td>

</tr>

<tr bgcolor="#D4E4F3">

<td>U_LIMIT</td>

<td>0</td>

</tr>

<tr>

<td>ZORDER</td>

<td>9</td>

</tr>

<tr bgcolor="#D4E4F3">

<td>LAYER</td>

<td>0</td>

</tr>

<tr>

<td>MODE</td>

<td>2T</td>

</tr>

<tr bgcolor="#D4E4F3">

<td>COLOR</td>

<td>0</td>

</tr>

<tr>

<td>WIDTH</td>

<td>0</td>

</tr>

<tr bgcolor="#D4E4F3">

<td>MIN_CAT</td>

<td>1Depth Contours</td>

</tr>

<tr>

<td>RTP_LIMIT</td>

<td>0</td>

</tr>

<tr bgcolor="#D4E4F3">

<td>RTP_COLOR</td>

<td>19</td>

</tr>

<tr>

<td>FONT</td>

<td>020</td>

</tr>

<tr bgcolor="#D4E4F3">

<td>VALUE</td>

<td>17</td>

</tr>

<tr>

<td>TYPE</td>

<td>0</td>

</tr>

<tr bgcolor="#D4E4F3">

<td>Depth</td>

<td>-17</td>

</tr>

</table>

</td>

</tr>

</table>

</body>

</html>]]></description>
			<styleUrl>#LineStyle00</styleUrl>
			<MultiGeometry>
				<LineString>
					<tessellate>1</tessellate>
					<coordinates>
						101.525528081,1.687311756,0 101.525569194,1.687367973,0 101.525598109,1.687384104,0 101.525624703,1.687384104,0 101.525648334,1.687366017,0 101.525670608,1.687311756,0 101.525671547,1.687275581,0 101.525659065,1.687246868,0 101.525641091,1.687234699,0 101.525605143,1.687225296,0 101.525569194,1.687226172,0 101.52555122,1.6872318,0 101.525519516,1.687257494,0 101.525515733,1.687275581,0 101.525528081,1.687311756,0 
					</coordinates>
				</LineString>
			</MultiGeometry>
		</Placemark>
		<Placemark id="ID_00039">
			<name>-17</name>
			<Snippet maxLines="0"></Snippet>
			<description><![CDATA[<html xmlns:fo="http://www.w3.org/1999/XSL/Format" xmlns:msxsl="urn:schemas-microsoft-com:xslt">

<head>

<META http-equiv="Content-Type" content="text/html">

<meta http-equiv="content-type" content="text/html; charset=UTF-8">

</head>

<body style="margin:0px 0px 0px 0px;overflow:auto;background:#FFFFFF;">

<table style="font-family:Arial,Verdana,Times;font-size:12px;text-align:left;width:100%;border-collapse:collapse;padding:3px 3px 3px 3px">

<tr style="text-align:center;font-weight:bold;background:#9CBCE2">

<td>Nautical</td>

</tr>

<tr>

<td>

<table style="font-family:Arial,Verdana,Times;font-size:12px;text-align:left;width:100%;border-spacing:0px; padding:3px 3px 3px 3px">

<tr>

<td>FID</td>

<td>39</td>

</tr>

<tr bgcolor="#D4E4F3">

<td>MAJ_CAT</td>

<td>Nautical</td>

</tr>

<tr>

<td>L_LIMIT</td>

<td>0</td>

</tr>

<tr bgcolor="#D4E4F3">

<td>U_LIMIT</td>

<td>0</td>

</tr>

<tr>

<td>ZORDER</td>

<td>9</td>

</tr>

<tr bgcolor="#D4E4F3">

<td>LAYER</td>

<td>0</td>

</tr>

<tr>

<td>MODE</td>

<td>2T</td>

</tr>

<tr bgcolor="#D4E4F3">

<td>COLOR</td>

<td>0</td>

</tr>

<tr>

<td>WIDTH</td>

<td>0</td>

</tr>

<tr bgcolor="#D4E4F3">

<td>MIN_CAT</td>

<td>1Depth Contours</td>

</tr>

<tr>

<td>RTP_LIMIT</td>

<td>0</td>

</tr>

<tr bgcolor="#D4E4F3">

<td>RTP_COLOR</td>

<td>19</td>

</tr>

<tr>

<td>FONT</td>

<td>020</td>

</tr>

<tr bgcolor="#D4E4F3">

<td>VALUE</td>

<td>17</td>

</tr>

<tr>

<td>TYPE</td>

<td>0</td>

</tr>

<tr bgcolor="#D4E4F3">

<td>Depth</td>

<td>-17</td>

</tr>

</table>

</td>

</tr>

</table>

</body>

</html>]]></description>
			<styleUrl>#LineStyle00</styleUrl>
			<MultiGeometry>
				<LineString>
					<tessellate>1</tessellate>
					<coordinates>
						101.522190051,1.688024235,0 101.522208025,1.688024235,0 101.522285571,1.688071419,0 101.522333844,1.688110471,0 101.522376941,1.688179943,0 101.522399108,1.688270379,0 101.52248565,1.68839699,0 101.522533746,1.6885236,0 101.522576634,1.688614036,0 101.522590351,1.688632124,0 101.522621431,1.688652663,0 101.522639405,1.688657639,0 101.522657379,1.68865758,0 101.522675353,1.688651296,0 101.522698986,1.688632124,0 101.522729276,1.688589543,0 101.522822366,1.688415077,0 101.522851101,1.688306553,0 101.522850543,1.688234204,0 101.522872247,1.688125681,0 101.522893706,1.688071419,0 101.522944052,1.68799907,0 101.522960997,1.687944809,0 101.522980914,1.687919861,0 101.522998888,1.687912025,0 101.523016863,1.687910701,0 101.523034837,1.687913034,0 101.523061798,1.687926721,0 101.523196604,1.688022123,0 101.523304449,1.68812605,0 101.523340398,1.68815157,0 101.523402916,1.688179943,0 101.523466217,1.688197352,0 101.523520139,1.688217564,0 101.523538113,1.688220228,0 101.523556088,1.688214937,0 101.523574062,1.688200677,0 101.523627984,1.688139719,0 101.523655927,1.688089507,0 101.523699881,1.687980983,0 101.5237066,1.687944809,0 101.523674795,1.687782024,0 101.523661349,1.687583064,0 101.523647184,1.687528802,0 101.523592036,1.68740691,0 101.523556088,1.687369031,0 101.523515647,1.687366017,0 101.523556088,1.687364114,0 101.52361001,1.687349834,0 101.523663933,1.687346059,0 101.523717855,1.687350671,0 101.523786051,1.687366017,0 101.5238257,1.687382012,0 101.52386065,1.687402192,0 101.523987468,1.687506528,0 101.52404139,1.687538626,0 101.524113287,1.687564977,0 101.524239106,1.687598426,0 101.524275054,1.687601735,0 101.524293028,1.687598849,0 101.524328977,1.687579373,0 101.524360731,1.68754689,0 101.524381668,1.687510715,0 101.524385,1.687492628,0 101.524376126,1.687438366,0 101.524293028,1.687333762,0 101.524275054,1.687275581,0 101.524317499,1.687076622,0 101.524328977,1.687055404,0 101.524346951,1.687040734,0 101.524364925,1.687034246,0 101.524382899,1.687033438,0 101.524418848,1.687042186,0 101.524454796,1.687058387,0 101.524562641,1.687135405,0 101.524634538,1.687162717,0 101.524760357,1.687199858,0 101.524832253,1.687239052,0 101.524886176,1.687293942,0 101.524959425,1.687420279,0 101.525029969,1.687501789,0 101.525065918,1.68753242,0 101.525083892,1.687538277,0 101.525101866,1.687537711,0 101.52511984,1.687531314,0 101.525155788,1.687504765,0 101.525209711,1.6874351,0 101.52524411,1.687366017,0 101.525269205,1.687293668,0 101.525346764,1.687167058,0 101.525365637,1.687112796,0 101.525386979,1.686968098,0 101.52537251,1.686859575,0 101.525353688,1.6868234,0 101.525292245,1.686769139,0 101.525275616,1.686751051,0 101.525269164,1.686732964,0 101.525278612,1.68669679,0 101.525303029,1.686660615,0 101.525409481,1.686552092,0 101.525433336,1.686515917,0 101.525446657,1.686479743,0 101.525453848,1.686425481,0 101.525451239,1.686371219,0 101.525425896,1.686244609,0 101.525399974,1.68617226,0 101.525407427,1.686141612,0 101.525425401,1.686122018,0 101.525443375,1.686112649,0 101.525479323,1.686105162,0 101.52555122,1.686107395,0 101.525648378,1.686136085,0 101.525730962,1.686172762,0 101.525910703,1.68630533,0 101.525980657,1.686371219,0 101.526059671,1.686479743,0 101.526097415,1.686552092,0 101.526126394,1.686588823,0 101.526162342,1.68660968,0 101.526216264,1.686616121,0 101.526270187,1.686606536,0 101.526306135,1.686590768,0 101.526396006,1.686524043,0 101.52641398,1.686517048,0 101.526449929,1.686476085,0 101.526485877,1.6864172,0 101.526500116,1.686371219,0 101.526509162,1.686262696,0 101.526506581,1.686208434,0 101.526472592,1.686099911,0 101.526481729,1.686045649,0 101.526503851,1.686031657,0 101.526539799,1.686024941,0 101.526575748,1.68603722,0 101.526647644,1.68603722,0 
					</coordinates>
				</LineString>
			</MultiGeometry>
		</Placemark>
		<Placemark id="ID_00040">
			<name>-17</name>
			<Snippet maxLines="0"></Snippet>
			<description><![CDATA[<html xmlns:fo="http://www.w3.org/1999/XSL/Format" xmlns:msxsl="urn:schemas-microsoft-com:xslt">

<head>

<META http-equiv="Content-Type" content="text/html">

<meta http-equiv="content-type" content="text/html; charset=UTF-8">

</head>

<body style="margin:0px 0px 0px 0px;overflow:auto;background:#FFFFFF;">

<table style="font-family:Arial,Verdana,Times;font-size:12px;text-align:left;width:100%;border-collapse:collapse;padding:3px 3px 3px 3px">

<tr style="text-align:center;font-weight:bold;background:#9CBCE2">

<td>Nautical</td>

</tr>

<tr>

<td>

<table style="font-family:Arial,Verdana,Times;font-size:12px;text-align:left;width:100%;border-spacing:0px; padding:3px 3px 3px 3px">

<tr>

<td>FID</td>

<td>40</td>

</tr>

<tr bgcolor="#D4E4F3">

<td>MAJ_CAT</td>

<td>Nautical</td>

</tr>

<tr>

<td>L_LIMIT</td>

<td>0</td>

</tr>

<tr bgcolor="#D4E4F3">

<td>U_LIMIT</td>

<td>0</td>

</tr>

<tr>

<td>ZORDER</td>

<td>9</td>

</tr>

<tr bgcolor="#D4E4F3">

<td>LAYER</td>

<td>0</td>

</tr>

<tr>

<td>MODE</td>

<td>2T</td>

</tr>

<tr bgcolor="#D4E4F3">

<td>COLOR</td>

<td>0</td>

</tr>

<tr>

<td>WIDTH</td>

<td>0</td>

</tr>

<tr bgcolor="#D4E4F3">

<td>MIN_CAT</td>

<td>1Depth Contours</td>

</tr>

<tr>

<td>RTP_LIMIT</td>

<td>0</td>

</tr>

<tr bgcolor="#D4E4F3">

<td>RTP_COLOR</td>

<td>19</td>

</tr>

<tr>

<td>FONT</td>

<td>020</td>

</tr>

<tr bgcolor="#D4E4F3">

<td>VALUE</td>

<td>17</td>

</tr>

<tr>

<td>TYPE</td>

<td>0</td>

</tr>

<tr bgcolor="#D4E4F3">

<td>Depth</td>

<td>-17</td>

</tr>

</table>

</td>

</tr>

</table>

</body>

</html>]]></description>
			<styleUrl>#LineStyle00</styleUrl>
			<MultiGeometry>
				<LineString>
					<tessellate>1</tessellate>
					<coordinates>
						101.526773353,1.694546648,0 101.526827386,1.694544478,0 101.52684536,1.694523459,0 101.526928695,1.694510474,0 101.527114973,1.69446615,0 101.527222818,1.694434933,0 101.527348637,1.694391098,0 101.527690146,1.694302557,0 101.527851914,1.694271266,0 101.5281395,1.694210669,0 101.528283294,1.694191509,0 101.528445061,1.694174924,0 101.528552906,1.694158108,0 101.528606829,1.69414536,0 101.528732648,1.694109185,0 101.528894415,1.694070234,0 101.528984286,1.694038594,0 101.529182002,1.693954165,0 101.529271873,1.693923519,0 101.529522228,1.693859333,0 101.52964933,1.693823159,0 101.529954891,1.693722984,0 101.530152607,1.69367686,0 101.530368297,1.693619387,0 101.530476142,1.693585716,0 101.530660506,1.693515676,0 101.530763729,1.693480854,0 101.530871574,1.693452683,0 101.531069909,1.693407153,0 101.531177135,1.693377276,0 101.53137485,1.69331425,0 101.531446747,1.693286803,0 101.531518644,1.693254649,0 101.531788256,1.693123923,0 101.532003946,1.692977937,0 101.532075843,1.692941507,0 101.53214774,1.692910636,0 101.532189407,1.692882623,0 101.532201662,1.692878574,0 101.53223761,1.692878574,0 
					</coordinates>
				</LineString>
			</MultiGeometry>
		</Placemark>
		<Placemark id="ID_00041">
			<name>-17</name>
			<Snippet maxLines="0"></Snippet>
			<description><![CDATA[<html xmlns:fo="http://www.w3.org/1999/XSL/Format" xmlns:msxsl="urn:schemas-microsoft-com:xslt">

<head>

<META http-equiv="Content-Type" content="text/html">

<meta http-equiv="content-type" content="text/html; charset=UTF-8">

</head>

<body style="margin:0px 0px 0px 0px;overflow:auto;background:#FFFFFF;">

<table style="font-family:Arial,Verdana,Times;font-size:12px;text-align:left;width:100%;border-collapse:collapse;padding:3px 3px 3px 3px">

<tr style="text-align:center;font-weight:bold;background:#9CBCE2">

<td>Nautical</td>

</tr>

<tr>

<td>

<table style="font-family:Arial,Verdana,Times;font-size:12px;text-align:left;width:100%;border-spacing:0px; padding:3px 3px 3px 3px">

<tr>

<td>FID</td>

<td>41</td>

</tr>

<tr bgcolor="#D4E4F3">

<td>MAJ_CAT</td>

<td>Nautical</td>

</tr>

<tr>

<td>L_LIMIT</td>

<td>0</td>

</tr>

<tr bgcolor="#D4E4F3">

<td>U_LIMIT</td>

<td>0</td>

</tr>

<tr>

<td>ZORDER</td>

<td>9</td>

</tr>

<tr bgcolor="#D4E4F3">

<td>LAYER</td>

<td>0</td>

</tr>

<tr>

<td>MODE</td>

<td>2T</td>

</tr>

<tr bgcolor="#D4E4F3">

<td>COLOR</td>

<td>0</td>

</tr>

<tr>

<td>WIDTH</td>

<td>0</td>

</tr>

<tr bgcolor="#D4E4F3">

<td>MIN_CAT</td>

<td>1Depth Contours</td>

</tr>

<tr>

<td>RTP_LIMIT</td>

<td>0</td>

</tr>

<tr bgcolor="#D4E4F3">

<td>RTP_COLOR</td>

<td>19</td>

</tr>

<tr>

<td>FONT</td>

<td>020</td>

</tr>

<tr bgcolor="#D4E4F3">

<td>VALUE</td>

<td>17</td>

</tr>

<tr>

<td>TYPE</td>

<td>0</td>

</tr>

<tr bgcolor="#D4E4F3">

<td>Depth</td>

<td>-17</td>

</tr>

</table>

</td>

</tr>

</table>

</body>

</html>]]></description>
			<styleUrl>#LineStyle00</styleUrl>
			<MultiGeometry>
				<LineString>
					<tessellate>1</tessellate>
					<coordinates>
						101.539427277,1.699063129,0 101.539445252,1.699063129,0 
					</coordinates>
				</LineString>
			</MultiGeometry>
		</Placemark>
		<Placemark id="ID_00042">
			<name>-17</name>
			<Snippet maxLines="0"></Snippet>
			<description><![CDATA[<html xmlns:fo="http://www.w3.org/1999/XSL/Format" xmlns:msxsl="urn:schemas-microsoft-com:xslt">

<head>

<META http-equiv="Content-Type" content="text/html">

<meta http-equiv="content-type" content="text/html; charset=UTF-8">

</head>

<body style="margin:0px 0px 0px 0px;overflow:auto;background:#FFFFFF;">

<table style="font-family:Arial,Verdana,Times;font-size:12px;text-align:left;width:100%;border-collapse:collapse;padding:3px 3px 3px 3px">

<tr style="text-align:center;font-weight:bold;background:#9CBCE2">

<td>Nautical</td>

</tr>

<tr>

<td>

<table style="font-family:Arial,Verdana,Times;font-size:12px;text-align:left;width:100%;border-spacing:0px; padding:3px 3px 3px 3px">

<tr>

<td>FID</td>

<td>42</td>

</tr>

<tr bgcolor="#D4E4F3">

<td>MAJ_CAT</td>

<td>Nautical</td>

</tr>

<tr>

<td>L_LIMIT</td>

<td>0</td>

</tr>

<tr bgcolor="#D4E4F3">

<td>U_LIMIT</td>

<td>0</td>

</tr>

<tr>

<td>ZORDER</td>

<td>9</td>

</tr>

<tr bgcolor="#D4E4F3">

<td>LAYER</td>

<td>0</td>

</tr>

<tr>

<td>MODE</td>

<td>2T</td>

</tr>

<tr bgcolor="#D4E4F3">

<td>COLOR</td>

<td>0</td>

</tr>

<tr>

<td>WIDTH</td>

<td>0</td>

</tr>

<tr bgcolor="#D4E4F3">

<td>MIN_CAT</td>

<td>1Depth Contours</td>

</tr>

<tr>

<td>RTP_LIMIT</td>

<td>0</td>

</tr>

<tr bgcolor="#D4E4F3">

<td>RTP_COLOR</td>

<td>19</td>

</tr>

<tr>

<td>FONT</td>

<td>020</td>

</tr>

<tr bgcolor="#D4E4F3">

<td>VALUE</td>

<td>17</td>

</tr>

<tr>

<td>TYPE</td>

<td>0</td>

</tr>

<tr bgcolor="#D4E4F3">

<td>Depth</td>

<td>-17</td>

</tr>

</table>

</td>

</tr>

</table>

</body>

</html>]]></description>
			<styleUrl>#LineStyle00</styleUrl>
			<MultiGeometry>
				<LineString>
					<tessellate>1</tessellate>
					<coordinates>
						101.539427277,1.699063129,0 101.539373355,1.699063129,0 101.539319432,1.699072659,0 101.539229562,1.699101595,0 101.539193613,1.699108419,0 101.539121717,1.699114748,0 101.539031846,1.699117435,0 101.538995897,1.699122126,0 101.538941975,1.69913664,0 101.538780207,1.699194037,0 101.538690337,1.699217067,0 101.538636414,1.699226638,0 101.538564517,1.699235829,0 101.538366802,1.699249412,0 101.538294905,1.699258372,0 101.53797137,1.699329841,0 101.537899473,1.699350607,0 101.537773654,1.699399274,0 101.537701757,1.699422965,0 101.537504041,1.699467854,0 101.537360248,1.699519998,0 101.537297242,1.699538724,0 101.537144558,1.699570774,0 101.536838997,1.699650326,0 101.536515462,1.699758371,0 101.536497488,1.699760627,0 101.536479514,1.699759665,0 101.536443566,1.699750441,0 101.536317746,1.699694746,0 101.536281798,1.69968378,0 101.536263824,1.699680822,0 101.536227876,1.699678419,0 101.536191927,1.699680341,0 101.536138005,1.699688654,0 101.536084082,1.699700936,0 101.53603016,1.699716007,0 101.535976237,1.699735166,0 101.535931036,1.69975577,0 101.535900843,1.699773858,0 101.535850418,1.699815754,0 101.535760547,1.69992868,0 101.535724599,1.699960134,0 101.535652702,1.699985862,0 101.535580806,1.700006518,0 101.535437012,1.700038644,0 101.535203348,1.700095271,0 101.53511689,1.700117515,0 101.535095503,1.700127898,0 101.535077529,1.700128066,0 101.535047416,1.700135602,0 101.534969684,1.700173774,0 101.53495171,1.700166272,0 101.534861839,1.700210614,0 101.534843865,1.700203262,0 101.534753994,1.700246993,0 101.53473602,1.700240227,0 101.534652974,1.7002803,0 101.534646149,1.70028676,0 101.534628175,1.700292676,0 101.534610201,1.700286221,0 101.534585513,1.700298387,0 101.534585513,1.700316475,0 
					</coordinates>
				</LineString>
			</MultiGeometry>
		</Placemark>
		<Placemark id="ID_00043">
			<name>-29</name>
			<Snippet maxLines="0"></Snippet>
			<description><![CDATA[<html xmlns:fo="http://www.w3.org/1999/XSL/Format" xmlns:msxsl="urn:schemas-microsoft-com:xslt">

<head>

<META http-equiv="Content-Type" content="text/html">

<meta http-equiv="content-type" content="text/html; charset=UTF-8">

</head>

<body style="margin:0px 0px 0px 0px;overflow:auto;background:#FFFFFF;">

<table style="font-family:Arial,Verdana,Times;font-size:12px;text-align:left;width:100%;border-collapse:collapse;padding:3px 3px 3px 3px">

<tr style="text-align:center;font-weight:bold;background:#9CBCE2">

<td>Nautical</td>

</tr>

<tr>

<td>

<table style="font-family:Arial,Verdana,Times;font-size:12px;text-align:left;width:100%;border-spacing:0px; padding:3px 3px 3px 3px">

<tr>

<td>FID</td>

<td>43</td>

</tr>

<tr bgcolor="#D4E4F3">

<td>MAJ_CAT</td>

<td>Nautical</td>

</tr>

<tr>

<td>L_LIMIT</td>

<td>0</td>

</tr>

<tr bgcolor="#D4E4F3">

<td>U_LIMIT</td>

<td>0</td>

</tr>

<tr>

<td>ZORDER</td>

<td>9</td>

</tr>

<tr bgcolor="#D4E4F3">

<td>LAYER</td>

<td>0</td>

</tr>

<tr>

<td>MODE</td>

<td>2T</td>

</tr>

<tr bgcolor="#D4E4F3">

<td>COLOR</td>

<td>0</td>

</tr>

<tr>

<td>WIDTH</td>

<td>0</td>

</tr>

<tr bgcolor="#D4E4F3">

<td>MIN_CAT</td>

<td>1Depth Contours</td>

</tr>

<tr>

<td>RTP_LIMIT</td>

<td>0</td>

</tr>

<tr bgcolor="#D4E4F3">

<td>RTP_COLOR</td>

<td>19</td>

</tr>

<tr>

<td>FONT</td>

<td>020</td>

</tr>

<tr bgcolor="#D4E4F3">

<td>VALUE</td>

<td>29</td>

</tr>

<tr>

<td>TYPE</td>

<td>0</td>

</tr>

<tr bgcolor="#D4E4F3">

<td>Depth</td>

<td>-29</td>

</tr>

</table>

</td>

</tr>

</table>

</body>

</html>]]></description>
			<styleUrl>#LineStyle043</styleUrl>
			<MultiGeometry>
				<LineString>
					<tessellate>1</tessellate>
					<coordinates>
						101.524778331,1.67990192,0 101.524814279,1.679933495,0 101.524898824,1.679986426,0 101.524958073,1.6800525,0 101.525011995,1.680134593,0 101.525047943,1.680168705,0 101.525083892,1.680189278,0 101.52511984,1.680198685,0 101.525155788,1.680192815,0 101.525170043,1.680185386,0 101.525187423,1.680167299,0 101.525194358,1.680149211,0 101.525184807,1.680113037,0 101.525160981,1.680076862,0 101.525047943,1.679999378,0 101.524940098,1.679944932,0 101.524922124,1.679926889,0 101.524886176,1.679858208,0 101.52485735,1.679823641,0 101.524832253,1.679810687,0 101.524796305,1.67980509,0 101.524778331,1.679809879,0 101.524763701,1.679823641,0 101.524763353,1.679877903,0 101.524778331,1.67990192,0 
					</coordinates>
				</LineString>
			</MultiGeometry>
		</Placemark>
		<Placemark id="ID_00044">
			<name>-29</name>
			<Snippet maxLines="0"></Snippet>
			<description><![CDATA[<html xmlns:fo="http://www.w3.org/1999/XSL/Format" xmlns:msxsl="urn:schemas-microsoft-com:xslt">

<head>

<META http-equiv="Content-Type" content="text/html">

<meta http-equiv="content-type" content="text/html; charset=UTF-8">

</head>

<body style="margin:0px 0px 0px 0px;overflow:auto;background:#FFFFFF;">

<table style="font-family:Arial,Verdana,Times;font-size:12px;text-align:left;width:100%;border-collapse:collapse;padding:3px 3px 3px 3px">

<tr style="text-align:center;font-weight:bold;background:#9CBCE2">

<td>Nautical</td>

</tr>

<tr>

<td>

<table style="font-family:Arial,Verdana,Times;font-size:12px;text-align:left;width:100%;border-spacing:0px; padding:3px 3px 3px 3px">

<tr>

<td>FID</td>

<td>44</td>

</tr>

<tr bgcolor="#D4E4F3">

<td>MAJ_CAT</td>

<td>Nautical</td>

</tr>

<tr>

<td>L_LIMIT</td>

<td>0</td>

</tr>

<tr bgcolor="#D4E4F3">

<td>U_LIMIT</td>

<td>0</td>

</tr>

<tr>

<td>ZORDER</td>

<td>9</td>

</tr>

<tr bgcolor="#D4E4F3">

<td>LAYER</td>

<td>0</td>

</tr>

<tr>

<td>MODE</td>

<td>2T</td>

</tr>

<tr bgcolor="#D4E4F3">

<td>COLOR</td>

<td>0</td>

</tr>

<tr>

<td>WIDTH</td>

<td>0</td>

</tr>

<tr bgcolor="#D4E4F3">

<td>MIN_CAT</td>

<td>1Depth Contours</td>

</tr>

<tr>

<td>RTP_LIMIT</td>

<td>0</td>

</tr>

<tr bgcolor="#D4E4F3">

<td>RTP_COLOR</td>

<td>19</td>

</tr>

<tr>

<td>FONT</td>

<td>020</td>

</tr>

<tr bgcolor="#D4E4F3">

<td>VALUE</td>

<td>29</td>

</tr>

<tr>

<td>TYPE</td>

<td>0</td>

</tr>

<tr bgcolor="#D4E4F3">

<td>Depth</td>

<td>-29</td>

</tr>

</table>

</td>

</tr>

</table>

</body>

</html>]]></description>
			<styleUrl>#LineStyle043</styleUrl>
			<MultiGeometry>
				<LineString>
					<tessellate>1</tessellate>
					<coordinates>
						101.521201472,1.680346363,0 101.521219446,1.680346363,0 101.521253535,1.680167299,0 101.521309317,1.680077327,0 101.521330094,1.680004514,0 101.521363239,1.679945977,0 101.521450169,1.679841728,0 101.521525007,1.679769379,0 101.521758671,1.679588507,0 101.521825037,1.679516158,0 101.521939795,1.67937146,0 101.522108136,1.679226762,0 101.522162251,1.679154414,0 101.522230131,1.679027803,0 101.522302444,1.678937367,0 101.522369139,1.678774582,0 101.522405741,1.678733508,0 101.522441689,1.678712212,0 101.522477638,1.678701709,0 101.52253156,1.678700165,0 101.522567508,1.678707775,0 101.522603457,1.678709123,0 101.522639405,1.678706755,0 101.522693328,1.678696298,0 101.522729276,1.678683816,0 101.522873069,1.678608782,0 101.522926992,1.678591901,0 101.523034837,1.678571682,0 101.523304449,1.678561235,0 101.523556088,1.67857104,0 101.523627984,1.678562822,0 101.523699881,1.678539448,0 101.523928327,1.678430924,0 101.524185183,1.678329564,0 101.524275054,1.678288733,0 101.524364925,1.678261864,0 101.524490744,1.678243296,0 101.524562641,1.678215565,0 101.524616563,1.67818025,0 101.52466253,1.678141528,0 101.524724132,1.67806918,0 101.524760893,1.677996831,0 101.524811283,1.677852133,0 101.52486067,1.677743609,0 101.524937811,1.677598911,0 101.525011995,1.677500412,0 101.525060925,1.677454214,0 101.525101866,1.677424138,0 101.525209711,1.677373951,0 101.525245659,1.677351719,0 101.525330038,1.677255254,0 101.525404003,1.677200992,0 101.525479323,1.677198982,0 
					</coordinates>
				</LineString>
			</MultiGeometry>
		</Placemark>
		<Placemark id="ID_00045">
			<name>-29</name>
			<Snippet maxLines="0"></Snippet>
			<description><![CDATA[<html xmlns:fo="http://www.w3.org/1999/XSL/Format" xmlns:msxsl="urn:schemas-microsoft-com:xslt">

<head>

<META http-equiv="Content-Type" content="text/html">

<meta http-equiv="content-type" content="text/html; charset=UTF-8">

</head>

<body style="margin:0px 0px 0px 0px;overflow:auto;background:#FFFFFF;">

<table style="font-family:Arial,Verdana,Times;font-size:12px;text-align:left;width:100%;border-collapse:collapse;padding:3px 3px 3px 3px">

<tr style="text-align:center;font-weight:bold;background:#9CBCE2">

<td>Nautical</td>

</tr>

<tr>

<td>

<table style="font-family:Arial,Verdana,Times;font-size:12px;text-align:left;width:100%;border-spacing:0px; padding:3px 3px 3px 3px">

<tr>

<td>FID</td>

<td>45</td>

</tr>

<tr bgcolor="#D4E4F3">

<td>MAJ_CAT</td>

<td>Nautical</td>

</tr>

<tr>

<td>L_LIMIT</td>

<td>0</td>

</tr>

<tr bgcolor="#D4E4F3">

<td>U_LIMIT</td>

<td>0</td>

</tr>

<tr>

<td>ZORDER</td>

<td>9</td>

</tr>

<tr bgcolor="#D4E4F3">

<td>LAYER</td>

<td>0</td>

</tr>

<tr>

<td>MODE</td>

<td>2T</td>

</tr>

<tr bgcolor="#D4E4F3">

<td>COLOR</td>

<td>0</td>

</tr>

<tr>

<td>WIDTH</td>

<td>0</td>

</tr>

<tr bgcolor="#D4E4F3">

<td>MIN_CAT</td>

<td>1Depth Contours</td>

</tr>

<tr>

<td>RTP_LIMIT</td>

<td>0</td>

</tr>

<tr bgcolor="#D4E4F3">

<td>RTP_COLOR</td>

<td>19</td>

</tr>

<tr>

<td>FONT</td>

<td>020</td>

</tr>

<tr bgcolor="#D4E4F3">

<td>VALUE</td>

<td>29</td>

</tr>

<tr>

<td>TYPE</td>

<td>0</td>

</tr>

<tr bgcolor="#D4E4F3">

<td>Depth</td>

<td>-29</td>

</tr>

</table>

</td>

</tr>

</table>

</body>

</html>]]></description>
			<styleUrl>#LineStyle043</styleUrl>
			<MultiGeometry>
				<LineString>
					<tessellate>1</tessellate>
					<coordinates>
						101.525479323,1.680476044,0 101.525497298,1.680494234,0 101.525515272,1.680502122,0 101.525533246,1.680495883,0 101.525542233,1.680474782,0 101.525536897,1.680438607,0 101.525526124,1.68042052,0 101.525497298,1.680406672,0 101.525479323,1.680409132,0 101.525465434,1.68042052,0 101.525468339,1.680456694,0 101.525479323,1.680476044,0 
					</coordinates>
				</LineString>
			</MultiGeometry>
		</Placemark>
		<Placemark id="ID_00046">
			<name>-29</name>
			<Snippet maxLines="0"></Snippet>
			<description><![CDATA[<html xmlns:fo="http://www.w3.org/1999/XSL/Format" xmlns:msxsl="urn:schemas-microsoft-com:xslt">

<head>

<META http-equiv="Content-Type" content="text/html">

<meta http-equiv="content-type" content="text/html; charset=UTF-8">

</head>

<body style="margin:0px 0px 0px 0px;overflow:auto;background:#FFFFFF;">

<table style="font-family:Arial,Verdana,Times;font-size:12px;text-align:left;width:100%;border-collapse:collapse;padding:3px 3px 3px 3px">

<tr style="text-align:center;font-weight:bold;background:#9CBCE2">

<td>Nautical</td>

</tr>

<tr>

<td>

<table style="font-family:Arial,Verdana,Times;font-size:12px;text-align:left;width:100%;border-spacing:0px; padding:3px 3px 3px 3px">

<tr>

<td>FID</td>

<td>46</td>

</tr>

<tr bgcolor="#D4E4F3">

<td>MAJ_CAT</td>

<td>Nautical</td>

</tr>

<tr>

<td>L_LIMIT</td>

<td>0</td>

</tr>

<tr bgcolor="#D4E4F3">

<td>U_LIMIT</td>

<td>0</td>

</tr>

<tr>

<td>ZORDER</td>

<td>9</td>

</tr>

<tr bgcolor="#D4E4F3">

<td>LAYER</td>

<td>0</td>

</tr>

<tr>

<td>MODE</td>

<td>2T</td>

</tr>

<tr bgcolor="#D4E4F3">

<td>COLOR</td>

<td>0</td>

</tr>

<tr>

<td>WIDTH</td>

<td>0</td>

</tr>

<tr bgcolor="#D4E4F3">

<td>MIN_CAT</td>

<td>1Depth Contours</td>

</tr>

<tr>

<td>RTP_LIMIT</td>

<td>0</td>

</tr>

<tr bgcolor="#D4E4F3">

<td>RTP_COLOR</td>

<td>19</td>

</tr>

<tr>

<td>FONT</td>

<td>020</td>

</tr>

<tr bgcolor="#D4E4F3">

<td>VALUE</td>

<td>29</td>

</tr>

<tr>

<td>TYPE</td>

<td>0</td>

</tr>

<tr bgcolor="#D4E4F3">

<td>Depth</td>

<td>-29</td>

</tr>

</table>

</td>

</tr>

</table>

</body>

</html>]]></description>
			<styleUrl>#LineStyle043</styleUrl>
			<MultiGeometry>
				<LineString>
					<tessellate>1</tessellate>
					<coordinates>
						101.522190051,1.680402433,0 101.522208025,1.680457319,0 101.522245031,1.680529043,0 101.522279922,1.680549597,0 101.52231587,1.680545226,0 101.522332845,1.680529043,0 101.522338124,1.680510956,0 101.522334121,1.680492869,0 101.522315192,1.680456694,0 101.522261948,1.680388867,0 101.52223706,1.680366258,0 101.522208025,1.680353104,0 101.522190051,1.680357215,0 101.522184059,1.680366258,0 101.522190051,1.680402433,0 
					</coordinates>
				</LineString>
			</MultiGeometry>
		</Placemark>
		<Placemark id="ID_00047">
			<name>-29</name>
			<Snippet maxLines="0"></Snippet>
			<description><![CDATA[<html xmlns:fo="http://www.w3.org/1999/XSL/Format" xmlns:msxsl="urn:schemas-microsoft-com:xslt">

<head>

<META http-equiv="Content-Type" content="text/html">

<meta http-equiv="content-type" content="text/html; charset=UTF-8">

</head>

<body style="margin:0px 0px 0px 0px;overflow:auto;background:#FFFFFF;">

<table style="font-family:Arial,Verdana,Times;font-size:12px;text-align:left;width:100%;border-collapse:collapse;padding:3px 3px 3px 3px">

<tr style="text-align:center;font-weight:bold;background:#9CBCE2">

<td>Nautical</td>

</tr>

<tr>

<td>

<table style="font-family:Arial,Verdana,Times;font-size:12px;text-align:left;width:100%;border-spacing:0px; padding:3px 3px 3px 3px">

<tr>

<td>FID</td>

<td>47</td>

</tr>

<tr bgcolor="#D4E4F3">

<td>MAJ_CAT</td>

<td>Nautical</td>

</tr>

<tr>

<td>L_LIMIT</td>

<td>0</td>

</tr>

<tr bgcolor="#D4E4F3">

<td>U_LIMIT</td>

<td>0</td>

</tr>

<tr>

<td>ZORDER</td>

<td>9</td>

</tr>

<tr bgcolor="#D4E4F3">

<td>LAYER</td>

<td>0</td>

</tr>

<tr>

<td>MODE</td>

<td>2T</td>

</tr>

<tr bgcolor="#D4E4F3">

<td>COLOR</td>

<td>0</td>

</tr>

<tr>

<td>WIDTH</td>

<td>0</td>

</tr>

<tr bgcolor="#D4E4F3">

<td>MIN_CAT</td>

<td>1Depth Contours</td>

</tr>

<tr>

<td>RTP_LIMIT</td>

<td>0</td>

</tr>

<tr bgcolor="#D4E4F3">

<td>RTP_COLOR</td>

<td>19</td>

</tr>

<tr>

<td>FONT</td>

<td>020</td>

</tr>

<tr bgcolor="#D4E4F3">

<td>VALUE</td>

<td>29</td>

</tr>

<tr>

<td>TYPE</td>

<td>0</td>

</tr>

<tr bgcolor="#D4E4F3">

<td>Depth</td>

<td>-29</td>

</tr>

</table>

</td>

</tr>

</table>

</body>

</html>]]></description>
			<styleUrl>#LineStyle043</styleUrl>
			<MultiGeometry>
				<LineString>
					<tessellate>1</tessellate>
					<coordinates>
						101.522603457,1.680752119,0 101.522626424,1.680782265,0 101.522675353,1.680818439,0 101.522765224,1.680869374,0 101.522860625,1.680908875,0 101.522944966,1.680977606,0 101.522980914,1.680996992,0 101.523016863,1.6810042,0 101.523034837,1.681000345,0 101.523088759,1.680981224,0 101.52311632,1.680963137,0 101.523129438,1.68094505,0 101.52312214,1.680926962,0 101.523052811,1.680870735,0 101.522926992,1.680702087,0 101.522889712,1.680673741,0 101.522837121,1.680654964,0 101.522783198,1.680643386,0 101.522711302,1.680633188,0 101.522657379,1.680635529,0 101.522621431,1.680650785,0 101.522603457,1.680673741,0 101.522596901,1.680728003,0 101.522603457,1.680752119,0 
					</coordinates>
				</LineString>
			</MultiGeometry>
		</Placemark>
		<Placemark id="ID_00048">
			<name>-29</name>
			<Snippet maxLines="0"></Snippet>
			<description><![CDATA[<html xmlns:fo="http://www.w3.org/1999/XSL/Format" xmlns:msxsl="urn:schemas-microsoft-com:xslt">

<head>

<META http-equiv="Content-Type" content="text/html">

<meta http-equiv="content-type" content="text/html; charset=UTF-8">

</head>

<body style="margin:0px 0px 0px 0px;overflow:auto;background:#FFFFFF;">

<table style="font-family:Arial,Verdana,Times;font-size:12px;text-align:left;width:100%;border-collapse:collapse;padding:3px 3px 3px 3px">

<tr style="text-align:center;font-weight:bold;background:#9CBCE2">

<td>Nautical</td>

</tr>

<tr>

<td>

<table style="font-family:Arial,Verdana,Times;font-size:12px;text-align:left;width:100%;border-spacing:0px; padding:3px 3px 3px 3px">

<tr>

<td>FID</td>

<td>48</td>

</tr>

<tr bgcolor="#D4E4F3">

<td>MAJ_CAT</td>

<td>Nautical</td>

</tr>

<tr>

<td>L_LIMIT</td>

<td>0</td>

</tr>

<tr bgcolor="#D4E4F3">

<td>U_LIMIT</td>

<td>0</td>

</tr>

<tr>

<td>ZORDER</td>

<td>9</td>

</tr>

<tr bgcolor="#D4E4F3">

<td>LAYER</td>

<td>0</td>

</tr>

<tr>

<td>MODE</td>

<td>2T</td>

</tr>

<tr bgcolor="#D4E4F3">

<td>COLOR</td>

<td>0</td>

</tr>

<tr>

<td>WIDTH</td>

<td>0</td>

</tr>

<tr bgcolor="#D4E4F3">

<td>MIN_CAT</td>

<td>1Depth Contours</td>

</tr>

<tr>

<td>RTP_LIMIT</td>

<td>0</td>

</tr>

<tr bgcolor="#D4E4F3">

<td>RTP_COLOR</td>

<td>19</td>

</tr>

<tr>

<td>FONT</td>

<td>020</td>

</tr>

<tr bgcolor="#D4E4F3">

<td>VALUE</td>

<td>29</td>

</tr>

<tr>

<td>TYPE</td>

<td>0</td>

</tr>

<tr bgcolor="#D4E4F3">

<td>Depth</td>

<td>-29</td>

</tr>

</table>

</td>

</tr>

</table>

</body>

</html>]]></description>
			<styleUrl>#LineStyle043</styleUrl>
			<MultiGeometry>
				<LineString>
					<tessellate>1</tessellate>
					<coordinates>
						101.525550178,1.681614277,0 101.525569194,1.681643312,0 101.525587168,1.681654471,0 101.525605143,1.68165422,0 101.525623117,1.6816448,0 101.525647279,1.681614277,0 101.525649926,1.68159619,0 101.525641091,1.681571146,0 101.525615226,1.681541928,0 101.525587168,1.681524682,0 101.525569194,1.681529135,0 101.52555122,1.68154627,0 101.525544084,1.681578103,0 101.525550178,1.681614277,0 
					</coordinates>
				</LineString>
			</MultiGeometry>
		</Placemark>
		<Placemark id="ID_00049">
			<name>-29</name>
			<Snippet maxLines="0"></Snippet>
			<description><![CDATA[<html xmlns:fo="http://www.w3.org/1999/XSL/Format" xmlns:msxsl="urn:schemas-microsoft-com:xslt">

<head>

<META http-equiv="Content-Type" content="text/html">

<meta http-equiv="content-type" content="text/html; charset=UTF-8">

</head>

<body style="margin:0px 0px 0px 0px;overflow:auto;background:#FFFFFF;">

<table style="font-family:Arial,Verdana,Times;font-size:12px;text-align:left;width:100%;border-collapse:collapse;padding:3px 3px 3px 3px">

<tr style="text-align:center;font-weight:bold;background:#9CBCE2">

<td>Nautical</td>

</tr>

<tr>

<td>

<table style="font-family:Arial,Verdana,Times;font-size:12px;text-align:left;width:100%;border-spacing:0px; padding:3px 3px 3px 3px">

<tr>

<td>FID</td>

<td>49</td>

</tr>

<tr bgcolor="#D4E4F3">

<td>MAJ_CAT</td>

<td>Nautical</td>

</tr>

<tr>

<td>L_LIMIT</td>

<td>0</td>

</tr>

<tr bgcolor="#D4E4F3">

<td>U_LIMIT</td>

<td>0</td>

</tr>

<tr>

<td>ZORDER</td>

<td>9</td>

</tr>

<tr bgcolor="#D4E4F3">

<td>LAYER</td>

<td>0</td>

</tr>

<tr>

<td>MODE</td>

<td>2T</td>

</tr>

<tr bgcolor="#D4E4F3">

<td>COLOR</td>

<td>0</td>

</tr>

<tr>

<td>WIDTH</td>

<td>0</td>

</tr>

<tr bgcolor="#D4E4F3">

<td>MIN_CAT</td>

<td>1Depth Contours</td>

</tr>

<tr>

<td>RTP_LIMIT</td>

<td>0</td>

</tr>

<tr bgcolor="#D4E4F3">

<td>RTP_COLOR</td>

<td>19</td>

</tr>

<tr>

<td>FONT</td>

<td>020</td>

</tr>

<tr bgcolor="#D4E4F3">

<td>VALUE</td>

<td>29</td>

</tr>

<tr>

<td>TYPE</td>

<td>0</td>

</tr>

<tr bgcolor="#D4E4F3">

<td>Depth</td>

<td>-29</td>

</tr>

</table>

</td>

</tr>

</table>

</body>

</html>]]></description>
			<styleUrl>#LineStyle043</styleUrl>
			<MultiGeometry>
				<LineString>
					<tessellate>1</tessellate>
					<coordinates>
						101.522297896,1.681774048,0 101.522312717,1.681813237,0 101.52233684,1.681831324,0 101.522369793,1.681844334,0 101.522405741,1.68185122,0 101.522441689,1.681849855,0 101.52248243,1.681831324,0 101.522488631,1.681813237,0 101.522480467,1.68179515,0 101.52243179,1.681722801,0 101.522387767,1.681688199,0 101.522351818,1.681672778,0 101.522310968,1.681668539,0 101.522297896,1.681673207,0 101.522287017,1.681686626,0 101.522285555,1.681722801,0 101.522297896,1.681774048,0 
					</coordinates>
				</LineString>
			</MultiGeometry>
		</Placemark>
		<Placemark id="ID_00050">
			<name>-29</name>
			<Snippet maxLines="0"></Snippet>
			<description><![CDATA[<html xmlns:fo="http://www.w3.org/1999/XSL/Format" xmlns:msxsl="urn:schemas-microsoft-com:xslt">

<head>

<META http-equiv="Content-Type" content="text/html">

<meta http-equiv="content-type" content="text/html; charset=UTF-8">

</head>

<body style="margin:0px 0px 0px 0px;overflow:auto;background:#FFFFFF;">

<table style="font-family:Arial,Verdana,Times;font-size:12px;text-align:left;width:100%;border-collapse:collapse;padding:3px 3px 3px 3px">

<tr style="text-align:center;font-weight:bold;background:#9CBCE2">

<td>Nautical</td>

</tr>

<tr>

<td>

<table style="font-family:Arial,Verdana,Times;font-size:12px;text-align:left;width:100%;border-spacing:0px; padding:3px 3px 3px 3px">

<tr>

<td>FID</td>

<td>50</td>

</tr>

<tr bgcolor="#D4E4F3">

<td>MAJ_CAT</td>

<td>Nautical</td>

</tr>

<tr>

<td>L_LIMIT</td>

<td>0</td>

</tr>

<tr bgcolor="#D4E4F3">

<td>U_LIMIT</td>

<td>0</td>

</tr>

<tr>

<td>ZORDER</td>

<td>9</td>

</tr>

<tr bgcolor="#D4E4F3">

<td>LAYER</td>

<td>0</td>

</tr>

<tr>

<td>MODE</td>

<td>2T</td>

</tr>

<tr bgcolor="#D4E4F3">

<td>COLOR</td>

<td>0</td>

</tr>

<tr>

<td>WIDTH</td>

<td>0</td>

</tr>

<tr bgcolor="#D4E4F3">

<td>MIN_CAT</td>

<td>1Depth Contours</td>

</tr>

<tr>

<td>RTP_LIMIT</td>

<td>0</td>

</tr>

<tr bgcolor="#D4E4F3">

<td>RTP_COLOR</td>

<td>19</td>

</tr>

<tr>

<td>FONT</td>

<td>020</td>

</tr>

<tr bgcolor="#D4E4F3">

<td>VALUE</td>

<td>29</td>

</tr>

<tr>

<td>TYPE</td>

<td>0</td>

</tr>

<tr bgcolor="#D4E4F3">

<td>Depth</td>

<td>-29</td>

</tr>

</table>

</td>

</tr>

</table>

</body>

</html>]]></description>
			<styleUrl>#LineStyle043</styleUrl>
			<MultiGeometry>
				<LineString>
					<tessellate>1</tessellate>
					<coordinates>
						101.521740697,1.681960219,0 101.521758671,1.681964438,0 101.521776645,1.681963818,0 101.521792821,1.681957935,0 101.521776645,1.681946307,0 101.521758671,1.681940911,0 101.521740697,1.681948891,0 101.521735904,1.681957935,0 101.521740697,1.681960219,0 
					</coordinates>
				</LineString>
			</MultiGeometry>
		</Placemark>
		<Placemark id="ID_00051">
			<name>-29</name>
			<Snippet maxLines="0"></Snippet>
			<description><![CDATA[<html xmlns:fo="http://www.w3.org/1999/XSL/Format" xmlns:msxsl="urn:schemas-microsoft-com:xslt">

<head>

<META http-equiv="Content-Type" content="text/html">

<meta http-equiv="content-type" content="text/html; charset=UTF-8">

</head>

<body style="margin:0px 0px 0px 0px;overflow:auto;background:#FFFFFF;">

<table style="font-family:Arial,Verdana,Times;font-size:12px;text-align:left;width:100%;border-collapse:collapse;padding:3px 3px 3px 3px">

<tr style="text-align:center;font-weight:bold;background:#9CBCE2">

<td>Nautical</td>

</tr>

<tr>

<td>

<table style="font-family:Arial,Verdana,Times;font-size:12px;text-align:left;width:100%;border-spacing:0px; padding:3px 3px 3px 3px">

<tr>

<td>FID</td>

<td>51</td>

</tr>

<tr bgcolor="#D4E4F3">

<td>MAJ_CAT</td>

<td>Nautical</td>

</tr>

<tr>

<td>L_LIMIT</td>

<td>0</td>

</tr>

<tr bgcolor="#D4E4F3">

<td>U_LIMIT</td>

<td>0</td>

</tr>

<tr>

<td>ZORDER</td>

<td>9</td>

</tr>

<tr bgcolor="#D4E4F3">

<td>LAYER</td>

<td>0</td>

</tr>

<tr>

<td>MODE</td>

<td>2T</td>

</tr>

<tr bgcolor="#D4E4F3">

<td>COLOR</td>

<td>0</td>

</tr>

<tr>

<td>WIDTH</td>

<td>0</td>

</tr>

<tr bgcolor="#D4E4F3">

<td>MIN_CAT</td>

<td>1Depth Contours</td>

</tr>

<tr>

<td>RTP_LIMIT</td>

<td>0</td>

</tr>

<tr bgcolor="#D4E4F3">

<td>RTP_COLOR</td>

<td>19</td>

</tr>

<tr>

<td>FONT</td>

<td>020</td>

</tr>

<tr bgcolor="#D4E4F3">

<td>VALUE</td>

<td>29</td>

</tr>

<tr>

<td>TYPE</td>

<td>0</td>

</tr>

<tr bgcolor="#D4E4F3">

<td>Depth</td>

<td>-29</td>

</tr>

</table>

</td>

</tr>

</table>

</body>

</html>]]></description>
			<styleUrl>#LineStyle043</styleUrl>
			<MultiGeometry>
				<LineString>
					<tessellate>1</tessellate>
					<coordinates>
						101.523479085,1.681813237,0 101.523704195,1.682138807,0 101.52374291,1.682211156,0 101.523755366,1.682301592,0 101.523751625,1.682373941,0 101.523758939,1.682428203,0 101.523771778,1.682459444,0 101.523789752,1.682474712,0 101.523807726,1.682477298,0 101.523828873,1.682464377,0 101.523844958,1.682428203,0 101.523845517,1.682211156,0 101.523874829,1.682066458,0 101.523876367,1.681939847,0 101.523926598,1.681722801,0 101.523924993,1.681668539,0 101.523906111,1.68159619,0 101.523884826,1.681578103,0 101.523861648,1.681570728,0 101.523789752,1.681570919,0 101.523699881,1.681589694,0 101.523595232,1.681632365,0 101.523537695,1.681668539,0 101.523502165,1.681711069,0 101.523479877,1.681758975,0 101.523479085,1.681813237,0 
					</coordinates>
				</LineString>
			</MultiGeometry>
		</Placemark>
		<Placemark id="ID_00052">
			<name>-29</name>
			<Snippet maxLines="0"></Snippet>
			<description><![CDATA[<html xmlns:fo="http://www.w3.org/1999/XSL/Format" xmlns:msxsl="urn:schemas-microsoft-com:xslt">

<head>

<META http-equiv="Content-Type" content="text/html">

<meta http-equiv="content-type" content="text/html; charset=UTF-8">

</head>

<body style="margin:0px 0px 0px 0px;overflow:auto;background:#FFFFFF;">

<table style="font-family:Arial,Verdana,Times;font-size:12px;text-align:left;width:100%;border-collapse:collapse;padding:3px 3px 3px 3px">

<tr style="text-align:center;font-weight:bold;background:#9CBCE2">

<td>Nautical</td>

</tr>

<tr>

<td>

<table style="font-family:Arial,Verdana,Times;font-size:12px;text-align:left;width:100%;border-spacing:0px; padding:3px 3px 3px 3px">

<tr>

<td>FID</td>

<td>52</td>

</tr>

<tr bgcolor="#D4E4F3">

<td>MAJ_CAT</td>

<td>Nautical</td>

</tr>

<tr>

<td>L_LIMIT</td>

<td>0</td>

</tr>

<tr bgcolor="#D4E4F3">

<td>U_LIMIT</td>

<td>0</td>

</tr>

<tr>

<td>ZORDER</td>

<td>9</td>

</tr>

<tr bgcolor="#D4E4F3">

<td>LAYER</td>

<td>0</td>

</tr>

<tr>

<td>MODE</td>

<td>2T</td>

</tr>

<tr bgcolor="#D4E4F3">

<td>COLOR</td>

<td>0</td>

</tr>

<tr>

<td>WIDTH</td>

<td>0</td>

</tr>

<tr bgcolor="#D4E4F3">

<td>MIN_CAT</td>

<td>1Depth Contours</td>

</tr>

<tr>

<td>RTP_LIMIT</td>

<td>0</td>

</tr>

<tr bgcolor="#D4E4F3">

<td>RTP_COLOR</td>

<td>19</td>

</tr>

<tr>

<td>FONT</td>

<td>020</td>

</tr>

<tr bgcolor="#D4E4F3">

<td>VALUE</td>

<td>29</td>

</tr>

<tr>

<td>TYPE</td>

<td>0</td>

</tr>

<tr bgcolor="#D4E4F3">

<td>Depth</td>

<td>-29</td>

</tr>

</table>

</td>

</tr>

</table>

</body>

</html>]]></description>
			<styleUrl>#LineStyle043</styleUrl>
			<MultiGeometry>
				<LineString>
					<tessellate>1</tessellate>
					<coordinates>
						101.521560955,1.683392627,0 101.5216688,1.683377634,0 101.521812593,1.683347939,0 101.521866516,1.683325409,0 101.521915429,1.68329639,0 101.521938412,1.683277833,0 101.521967024,1.683242128,0 101.522020308,1.683115518,0 101.522027707,1.683079343,0 101.522040787,1.682898471,0 101.522054582,1.682808035,0 101.522051196,1.682590988,0 101.522064232,1.682439165,0 101.522090194,1.682355854,0 101.522101978,1.682337767,0 101.522136128,1.682312602,0 101.522172077,1.682306787,0 101.522190051,1.682310921,0 101.522231242,1.682337767,0 101.522420268,1.682590988,0 101.522435013,1.68264525,0 101.522427396,1.682753773,0 101.522431932,1.682898471,0 101.52246643,1.682988907,0 101.522479722,1.683006994,0 101.522513586,1.683030545,0 101.522549534,1.683041304,0 101.522603457,1.683041136,0 101.522639405,1.683029075,0 101.522666666,1.683006994,0 101.522685449,1.68297082,0 101.522695895,1.682916558,0 101.522669961,1.682789947,0 101.52267568,1.682753773,0 101.522696323,1.682717599,0 101.522729276,1.68268327,0 101.522801173,1.682637211,0 101.522837121,1.682626321,0 101.522891043,1.682618735,0 101.522926992,1.682619317,0 101.52296294,1.682626185,0 101.522998888,1.682643057,0 101.523016863,1.682658017,0 101.523088759,1.682753077,0 101.523106733,1.682765009,0 101.523142682,1.682778643,0 101.523160656,1.682779445,0 101.523196604,1.682767339,0 101.523214578,1.682752129,0 101.523239266,1.682699511,0 101.523214578,1.682581944,0 101.523187131,1.682518639,0 101.523124413,1.682428203,0 101.522998888,1.682292549,0 101.522837121,1.68220007,0 101.522765224,1.682165603,0 101.522746764,1.682138807,0 101.522746764,1.682102633,0 101.522765224,1.682078757,0 101.522783198,1.6820708,0 101.522853296,1.682048371,0 101.522944966,1.682026077,0 101.522980914,1.682011393,0 101.523016863,1.681989176,0 101.52308234,1.68192176,0 101.52314735,1.68179515,0 101.523190789,1.681740888,0 101.523232553,1.681703618,0 101.523322423,1.681645102,0 101.523412294,1.681577151,0 101.52349198,1.681505754,0 101.523514522,1.681469579,0 101.523531449,1.68139723,0 101.523539249,1.681306794,0 101.523520625,1.681180184,0 101.523529817,1.681144009,0 101.523556088,1.681139487,0 101.52361001,1.681154991,0 101.523789752,1.681258006,0 101.523945382,1.681324882,0 101.523972545,1.681342969,0 101.523988799,1.681361056,0 101.52404139,1.681445879,0 101.524077338,1.68146459,0 101.524131261,1.681471928,0 101.524311003,1.681475321,0 101.524490744,1.681499444,0 101.524526693,1.68150089,0 101.524562641,1.681494867,0 101.524580615,1.681487282,0 101.524616563,1.681456473,0 101.524640353,1.681415318,0 101.524657355,1.681361056,0 101.524663364,1.681324882,0 101.524658588,1.681288707,0 101.524642373,1.681252533,0 101.524616563,1.681222105,0 101.524490744,1.681189539,0 101.524454796,1.681167218,0 101.524437639,1.681144009,0 101.524433999,1.681107835,0 101.524445541,1.680999311,0 101.524441315,1.68094505,0 101.524411215,1.680800352,0 101.524382899,1.680745963,0 101.524349112,1.680709916,0 101.524311003,1.680687893,0 101.524275054,1.680673669,0 101.524113287,1.68062856,0 101.524063141,1.680601392,0 101.524027587,1.680565218,0 101.524008267,1.680492869,0 101.524016948,1.68042052,0 101.524093701,1.680185386,0 101.524113287,1.680156783,0 101.524131261,1.680144597,0 101.524149235,1.680139587,0 101.524167209,1.68013994,0 101.524221132,1.680162507,0 101.524275054,1.680207936,0 101.524396482,1.680348171,0 101.52447277,1.680427129,0 101.524544667,1.680479541,0 101.524733171,1.680583305,0 101.524796305,1.680625633,0 101.524884317,1.680709916,0 101.524937531,1.680782265,0 101.525025524,1.680872701,0 101.52511984,1.680962324,0 101.525263633,1.681070512,0 101.525298872,1.681107835,0 101.525334332,1.681162096,0 101.525356772,1.681180184,0 101.525389453,1.681192734,0 101.525425401,1.68119407,0 101.525443375,1.681190039,0 101.525479323,1.681167948,0 101.525507025,1.681125922,0 101.525511228,1.681089748,0 101.525503492,1.681053573,0 101.52544641,1.68094505,0 101.525444192,1.680908875,0 101.525520033,1.68074609,0 101.525602921,1.680619479,0 101.52562209,1.680565218,0 101.525641091,1.68055463,0 101.525659065,1.680554165,0 101.525712988,1.680570577,0 101.525784884,1.680620257,0 101.525826069,1.680673741,0 101.525957586,1.680890788,0 101.52598793,1.680963137,0 101.52603828,1.681180184,0 101.526086036,1.681288707,0 101.5261087,1.681324882,0 101.526128336,1.681342969,0 101.526144368,1.681350621,0 101.526162342,1.681352464,0 101.526216264,1.681332599,0 101.526270187,1.681324148,0 101.526306135,1.681313149,0 101.526378032,1.681313149,0 
					</coordinates>
				</LineString>
			</MultiGeometry>
		</Placemark>
		<Placemark id="ID_00053">
			<name>-26</name>
			<Snippet maxLines="0"></Snippet>
			<description><![CDATA[<html xmlns:fo="http://www.w3.org/1999/XSL/Format" xmlns:msxsl="urn:schemas-microsoft-com:xslt">

<head>

<META http-equiv="Content-Type" content="text/html">

<meta http-equiv="content-type" content="text/html; charset=UTF-8">

</head>

<body style="margin:0px 0px 0px 0px;overflow:auto;background:#FFFFFF;">

<table style="font-family:Arial,Verdana,Times;font-size:12px;text-align:left;width:100%;border-collapse:collapse;padding:3px 3px 3px 3px">

<tr style="text-align:center;font-weight:bold;background:#9CBCE2">

<td>Nautical</td>

</tr>

<tr>

<td>

<table style="font-family:Arial,Verdana,Times;font-size:12px;text-align:left;width:100%;border-spacing:0px; padding:3px 3px 3px 3px">

<tr>

<td>FID</td>

<td>53</td>

</tr>

<tr bgcolor="#D4E4F3">

<td>MAJ_CAT</td>

<td>Nautical</td>

</tr>

<tr>

<td>L_LIMIT</td>

<td>0</td>

</tr>

<tr bgcolor="#D4E4F3">

<td>U_LIMIT</td>

<td>0</td>

</tr>

<tr>

<td>ZORDER</td>

<td>9</td>

</tr>

<tr bgcolor="#D4E4F3">

<td>LAYER</td>

<td>0</td>

</tr>

<tr>

<td>MODE</td>

<td>2T</td>

</tr>

<tr bgcolor="#D4E4F3">

<td>COLOR</td>

<td>0</td>

</tr>

<tr>

<td>WIDTH</td>

<td>0</td>

</tr>

<tr bgcolor="#D4E4F3">

<td>MIN_CAT</td>

<td>1Depth Contours</td>

</tr>

<tr>

<td>RTP_LIMIT</td>

<td>0</td>

</tr>

<tr bgcolor="#D4E4F3">

<td>RTP_COLOR</td>

<td>19</td>

</tr>

<tr>

<td>FONT</td>

<td>020</td>

</tr>

<tr bgcolor="#D4E4F3">

<td>VALUE</td>

<td>26</td>

</tr>

<tr>

<td>TYPE</td>

<td>0</td>

</tr>

<tr bgcolor="#D4E4F3">

<td>Depth</td>

<td>-26</td>

</tr>

</table>

</td>

</tr>

</table>

</body>

</html>]]></description>
			<styleUrl>#LineStyle026</styleUrl>
			<MultiGeometry>
				<LineString>
					<tessellate>1</tessellate>
					<coordinates>
						101.521075652,1.679034881,0 101.521093627,1.679034881,0 101.521183497,1.678979168,0 101.521291342,1.678864565,0 101.521381213,1.678797837,0 101.521471084,1.678758709,0 101.521650826,1.678709467,0 101.521686774,1.6786885,0 101.521722722,1.678648832,0 101.521771976,1.678539448,0 101.521794839,1.678430924,0 101.521848769,1.678268139,0 101.521902464,1.67818214,0 101.522004154,1.678051092,0 101.522060459,1.677942569,0 101.522071471,1.67787022,0 101.522028666,1.677725522,0 101.522028283,1.677689348,0 101.522031279,1.67767126,0 101.522052127,1.677635086,0 101.522118154,1.677575965,0 101.522190051,1.677539482,0 101.522279922,1.677513643,0 101.522513586,1.677467779,0 101.522621431,1.677457229,0 101.522711302,1.677431604,0 101.52274725,1.677428375,0 101.522801173,1.677435705,0 101.522944966,1.677470198,0 101.522998888,1.67747404,0 101.523106733,1.677474234,0 101.523286475,1.677505758,0 101.523358372,1.677506332,0 101.523466217,1.677494837,0 101.523502165,1.677497719,0 101.523537017,1.677508475,0 101.523556088,1.677519631,0 101.52363098,1.677580824,0 101.523683344,1.677598911,0 101.523735829,1.677600679,0 101.523807726,1.677593563,0 101.523897597,1.677575579,0 101.523951519,1.67755906,0 101.524007499,1.677526563,0 101.524131261,1.677416155,0 101.524203158,1.677380788,0 101.524293028,1.677361818,0 101.524346951,1.677342607,0 101.524382899,1.677318559,0 101.524440473,1.677255254,0 101.524476066,1.677200992,0 101.524500358,1.677128643,0 101.524510259,1.677092469,0 101.524515009,1.677002033,0 101.524577689,1.676929684,0 101.52468846,1.676849329,0 101.52473735,1.676784986,0 101.524753821,1.676730724,0 101.52474904,1.676658375,0 101.524754365,1.676622201,0 101.524814279,1.676504634,0 101.524976047,1.676407241,0 101.525083892,1.676318148,0 101.525209711,1.676243074,0 101.525227685,1.676234717,0 101.525317556,1.676211777,0 101.525389453,1.676211777,0 
					</coordinates>
				</LineString>
			</MultiGeometry>
		</Placemark>
		<Placemark id="ID_00054">
			<name>-26</name>
			<Snippet maxLines="0"></Snippet>
			<description><![CDATA[<html xmlns:fo="http://www.w3.org/1999/XSL/Format" xmlns:msxsl="urn:schemas-microsoft-com:xslt">

<head>

<META http-equiv="Content-Type" content="text/html">

<meta http-equiv="content-type" content="text/html; charset=UTF-8">

</head>

<body style="margin:0px 0px 0px 0px;overflow:auto;background:#FFFFFF;">

<table style="font-family:Arial,Verdana,Times;font-size:12px;text-align:left;width:100%;border-collapse:collapse;padding:3px 3px 3px 3px">

<tr style="text-align:center;font-weight:bold;background:#9CBCE2">

<td>Nautical</td>

</tr>

<tr>

<td>

<table style="font-family:Arial,Verdana,Times;font-size:12px;text-align:left;width:100%;border-spacing:0px; padding:3px 3px 3px 3px">

<tr>

<td>FID</td>

<td>54</td>

</tr>

<tr bgcolor="#D4E4F3">

<td>MAJ_CAT</td>

<td>Nautical</td>

</tr>

<tr>

<td>L_LIMIT</td>

<td>0</td>

</tr>

<tr bgcolor="#D4E4F3">

<td>U_LIMIT</td>

<td>0</td>

</tr>

<tr>

<td>ZORDER</td>

<td>9</td>

</tr>

<tr bgcolor="#D4E4F3">

<td>LAYER</td>

<td>0</td>

</tr>

<tr>

<td>MODE</td>

<td>2T</td>

</tr>

<tr bgcolor="#D4E4F3">

<td>COLOR</td>

<td>0</td>

</tr>

<tr>

<td>WIDTH</td>

<td>0</td>

</tr>

<tr bgcolor="#D4E4F3">

<td>MIN_CAT</td>

<td>1Depth Contours</td>

</tr>

<tr>

<td>RTP_LIMIT</td>

<td>0</td>

</tr>

<tr bgcolor="#D4E4F3">

<td>RTP_COLOR</td>

<td>19</td>

</tr>

<tr>

<td>FONT</td>

<td>020</td>

</tr>

<tr bgcolor="#D4E4F3">

<td>VALUE</td>

<td>26</td>

</tr>

<tr>

<td>TYPE</td>

<td>0</td>

</tr>

<tr bgcolor="#D4E4F3">

<td>Depth</td>

<td>-26</td>

</tr>

</table>

</td>

</tr>

</table>

</body>

</html>]]></description>
			<styleUrl>#LineStyle026</styleUrl>
			<MultiGeometry>
				<LineString>
					<tessellate>1</tessellate>
					<coordinates>
						101.521848542,1.685332048,0 101.521866516,1.685332048,0 101.521974361,1.685307736,0 101.5221634,1.685231724,0 101.522274889,1.685177462,0 101.522459663,1.685102661,0 101.522549534,1.685050194,0 101.522729276,1.684908092,0 101.522926992,1.684817304,0 101.52295371,1.68479763,0 101.523016863,1.684734325,0 101.523052811,1.684679059,0 101.523164156,1.684417798,0 101.523210278,1.684182664,0 101.523232553,1.684144961,0 101.523268501,1.684113893,0 101.523322423,1.684091363,0 101.523376346,1.684082293,0 101.523430268,1.684084066,0 101.523484191,1.684095261,0 101.523538113,1.684114191,0 101.523574062,1.684134432,0 101.523645958,1.684202905,0 101.523681907,1.684227407,0 101.523717855,1.684242865,0 101.523753803,1.684245148,0 101.523771778,1.684239141,0 101.523793413,1.684218839,0 101.523809088,1.684182664,0 101.523827498,1.684092228,0 101.523850961,1.684056054,0 101.523879623,1.684026888,0 101.523918506,1.684001792,0 101.523960506,1.683983705,0 101.524149235,1.683924829,0 101.524203158,1.683888204,0 101.524226724,1.683857094,0 101.52427782,1.683730484,0 101.524359068,1.683603873,0 101.524403794,1.683513437,0 101.524508718,1.683458359,0 101.524544667,1.683433082,0 101.524570937,1.683404913,0 101.524602661,1.683350652,0 101.524603629,1.68329639,0 101.524580615,1.683241717,0 101.524508718,1.683165662,0 101.524417014,1.68309743,0 101.524380867,1.683061256,0 101.524355874,1.683025081,0 101.524352184,1.682952733,0 101.524379395,1.682862296,0 101.524454796,1.682771286,0 101.524490744,1.682742211,0 101.524526693,1.682729309,0 101.524562641,1.682726195,0 101.524634538,1.682741837,0 101.524734815,1.682789947,0 101.524850228,1.682835477,0 101.524922124,1.68287552,0 101.524976047,1.682923994,0 101.525025136,1.682988907,0 101.52508742,1.683187867,0 101.525101866,1.683216565,0 101.52511984,1.683230415,0 101.525137814,1.683236434,0 101.525173763,1.68323267,0 101.525191737,1.683222552,0 101.525206976,1.683205954,0 101.525215885,1.683169779,0 101.525226311,1.682952733,0 101.52526024,1.682590988,0 101.525294639,1.682373941,0 101.525284321,1.682301592,0 101.525230964,1.682174982,0 101.525213773,1.682084545,0 101.525209711,1.681942741,0 101.525227685,1.681893337,0 101.525245659,1.681871374,0 101.525263633,1.681862404,0 101.525281608,1.681862801,0 101.525318412,1.681885586,0 101.525353504,1.681933748,0 101.52545163,1.68212072,0 101.525497298,1.682171094,0 101.525533246,1.682188205,0 101.525569194,1.682195452,0 101.525605143,1.682197243,0 101.525730962,1.682188158,0 101.525784884,1.682193568,0 101.525820833,1.682204137,0 101.525856781,1.682223745,0 101.525892729,1.68225219,0 101.526000574,1.682362867,0 101.526072471,1.682411058,0 101.526144368,1.682483829,0 101.52619829,1.682517634,0 101.526216264,1.682518073,0 101.526234239,1.682537397,0 101.526306135,1.682537397,0 
					</coordinates>
				</LineString>
			</MultiGeometry>
		</Placemark>
		<Placemark id="ID_00055">
			<name>-26</name>
			<Snippet maxLines="0"></Snippet>
			<description><![CDATA[<html xmlns:fo="http://www.w3.org/1999/XSL/Format" xmlns:msxsl="urn:schemas-microsoft-com:xslt">

<head>

<META http-equiv="Content-Type" content="text/html">

<meta http-equiv="content-type" content="text/html; charset=UTF-8">

</head>

<body style="margin:0px 0px 0px 0px;overflow:auto;background:#FFFFFF;">

<table style="font-family:Arial,Verdana,Times;font-size:12px;text-align:left;width:100%;border-collapse:collapse;padding:3px 3px 3px 3px">

<tr style="text-align:center;font-weight:bold;background:#9CBCE2">

<td>Nautical</td>

</tr>

<tr>

<td>

<table style="font-family:Arial,Verdana,Times;font-size:12px;text-align:left;width:100%;border-spacing:0px; padding:3px 3px 3px 3px">

<tr>

<td>FID</td>

<td>55</td>

</tr>

<tr bgcolor="#D4E4F3">

<td>MAJ_CAT</td>

<td>Nautical</td>

</tr>

<tr>

<td>L_LIMIT</td>

<td>0</td>

</tr>

<tr bgcolor="#D4E4F3">

<td>U_LIMIT</td>

<td>0</td>

</tr>

<tr>

<td>ZORDER</td>

<td>9</td>

</tr>

<tr bgcolor="#D4E4F3">

<td>LAYER</td>

<td>0</td>

</tr>

<tr>

<td>MODE</td>

<td>2T</td>

</tr>

<tr bgcolor="#D4E4F3">

<td>COLOR</td>

<td>0</td>

</tr>

<tr>

<td>WIDTH</td>

<td>0</td>

</tr>

<tr bgcolor="#D4E4F3">

<td>MIN_CAT</td>

<td>1Depth Contours</td>

</tr>

<tr>

<td>RTP_LIMIT</td>

<td>0</td>

</tr>

<tr bgcolor="#D4E4F3">

<td>RTP_COLOR</td>

<td>19</td>

</tr>

<tr>

<td>FONT</td>

<td>020</td>

</tr>

<tr bgcolor="#D4E4F3">

<td>VALUE</td>

<td>26</td>

</tr>

<tr>

<td>TYPE</td>

<td>0</td>

</tr>

<tr bgcolor="#D4E4F3">

<td>Depth</td>

<td>-26</td>

</tr>

</table>

</td>

</tr>

</table>

</body>

</html>]]></description>
			<styleUrl>#LineStyle026</styleUrl>
			<MultiGeometry>
				<LineString>
					<tessellate>1</tessellate>
					<coordinates>
						101.532255585,1.699008406,0 101.532273559,1.699004757,0 101.532291533,1.698993784,0 101.532345455,1.699005723,0 101.532381404,1.699003184,0 101.532435326,1.698989126,0 101.532471275,1.698971508,0 101.532651016,1.698840052,0 101.532920629,1.698628894,0 101.53310087,1.698507752,0 101.533157489,1.69845349,0 101.533190241,1.698399228,0 101.533204871,1.698344967,0 101.533199228,1.698290705,0 101.533180894,1.69825453,0 101.533164452,1.698236443,0 101.532920629,1.698012161,0 101.532758861,1.697889436,0 101.532606081,1.697784262,0 101.532381404,1.697543416,0 101.532219636,1.69743337,0 101.532129765,1.697382575,0 101.532068653,1.697332082,0 101.531978269,1.697241645,0 101.531884118,1.697096948,0 101.531698385,1.696864397,0 101.531614292,1.696717116,0 101.531496675,1.696536243,0 101.531412913,1.696391546,0 101.53138127,1.696319197,0 101.531338902,1.696251368,0 101.53128498,1.696188066,0 101.531213083,1.696127991,0 101.531160796,1.696029801,0 101.531141186,1.696009702,0 101.531033341,1.695940658,0 101.530961445,1.695922409,0 101.530871574,1.695880079,0 101.530781703,1.695845914,0 101.530709806,1.695826081,0 101.530601961,1.695819084,0 101.530548039,1.695803711,0 101.530494116,1.695796475,0 101.530472057,1.69577658,0 101.530435291,1.695704231,0 101.530404245,1.695677462,0 101.530368297,1.695668056,0 101.530314375,1.695663168,0 101.530242478,1.695669034,0 101.53020653,1.695667524,0 101.53008071,1.695619221,0 101.530008814,1.695603178,0 101.529685279,1.695588021,0 101.529487563,1.695589176,0 101.529325795,1.695572797,0 101.529146054,1.69558377,0 101.528966312,1.695574365,0 101.528894415,1.69557449,0 101.528750622,1.695590247,0 101.52857088,1.695625739,0 101.528337216,1.695655033,0 101.528301268,1.695667174,0 101.528283294,1.695687048,0 101.528265319,1.695687048,0 
					</coordinates>
				</LineString>
			</MultiGeometry>
		</Placemark>
		<Placemark id="ID_00056">
			<name>-24</name>
			<Snippet maxLines="0"></Snippet>
			<description><![CDATA[<html xmlns:fo="http://www.w3.org/1999/XSL/Format" xmlns:msxsl="urn:schemas-microsoft-com:xslt">

<head>

<META http-equiv="Content-Type" content="text/html">

<meta http-equiv="content-type" content="text/html; charset=UTF-8">

</head>

<body style="margin:0px 0px 0px 0px;overflow:auto;background:#FFFFFF;">

<table style="font-family:Arial,Verdana,Times;font-size:12px;text-align:left;width:100%;border-collapse:collapse;padding:3px 3px 3px 3px">

<tr style="text-align:center;font-weight:bold;background:#9CBCE2">

<td>Nautical</td>

</tr>

<tr>

<td>

<table style="font-family:Arial,Verdana,Times;font-size:12px;text-align:left;width:100%;border-spacing:0px; padding:3px 3px 3px 3px">

<tr>

<td>FID</td>

<td>56</td>

</tr>

<tr bgcolor="#D4E4F3">

<td>MAJ_CAT</td>

<td>Nautical</td>

</tr>

<tr>

<td>L_LIMIT</td>

<td>0</td>

</tr>

<tr bgcolor="#D4E4F3">

<td>U_LIMIT</td>

<td>0</td>

</tr>

<tr>

<td>ZORDER</td>

<td>9</td>

</tr>

<tr bgcolor="#D4E4F3">

<td>LAYER</td>

<td>0</td>

</tr>

<tr>

<td>MODE</td>

<td>2T</td>

</tr>

<tr bgcolor="#D4E4F3">

<td>COLOR</td>

<td>0</td>

</tr>

<tr>

<td>WIDTH</td>

<td>0</td>

</tr>

<tr bgcolor="#D4E4F3">

<td>MIN_CAT</td>

<td>1Depth Contours</td>

</tr>

<tr>

<td>RTP_LIMIT</td>

<td>0</td>

</tr>

<tr bgcolor="#D4E4F3">

<td>RTP_COLOR</td>

<td>19</td>

</tr>

<tr>

<td>FONT</td>

<td>020</td>

</tr>

<tr bgcolor="#D4E4F3">

<td>VALUE</td>

<td>24</td>

</tr>

<tr>

<td>TYPE</td>

<td>0</td>

</tr>

<tr bgcolor="#D4E4F3">

<td>Depth</td>

<td>-24</td>

</tr>

</table>

</td>

</tr>

</table>

</body>

</html>]]></description>
			<styleUrl>#LineStyle026</styleUrl>
			<MultiGeometry>
				<LineString>
					<tessellate>1</tessellate>
					<coordinates>
						101.520949833,1.678355991,0 101.520985782,1.678353181,0 101.521075652,1.678333131,0 101.521147549,1.678300997,0 101.521279198,1.678213877,0 101.521417162,1.678131992,0 101.521448616,1.678105354,0 101.521476511,1.67806918,0 101.521501481,1.677996831,0 101.521504786,1.677942569,0 101.521532645,1.677797871,0 101.521543639,1.67767126,0 101.521560551,1.677635086,0 101.521650826,1.677512997,0 101.521690815,1.677418039,0 101.521690369,1.677381865,0 101.5216688,1.677305584,0 101.521632852,1.677249111,0 101.521572477,1.677200992,0 101.521557268,1.677182905,0 101.521548972,1.677164818,0 101.521551968,1.677146731,0 101.521567631,1.677128643,0 101.5216688,1.677065469,0 101.52170072,1.677038207,0 101.521734049,1.676983945,0 101.521788628,1.676839248,0 101.521848542,1.676775942,0 101.521920438,1.676723941,0 101.522010309,1.676678892,0 101.52210018,1.676668393,0 101.522225999,1.676633671,0 101.522252061,1.676622201,0 101.522387767,1.676539163,0 101.522423715,1.676520008,0 101.522445288,1.676513677,0 101.522495612,1.676510485,0 101.522603457,1.676519214,0 101.522657379,1.676530496,0 101.522711302,1.676548646,0 101.522980914,1.676684731,0 101.523016863,1.676708905,0 101.523037141,1.676730724,0 101.523053998,1.676766899,0 101.523055887,1.676803073,0 101.522986004,1.676983945,0 101.522983183,1.67702012,0 101.522988984,1.677038207,0 101.523022623,1.677092469,0 101.523106733,1.677166351,0 101.523142682,1.677205166,0 101.523223299,1.677327603,0 101.52325985,1.677363777,0 101.523304449,1.677389318,0 101.523358372,1.677401996,0 101.52339432,1.677402307,0 101.523538113,1.677390427,0 101.523574062,1.677392758,0 101.523627984,1.677412587,0 101.523699881,1.67746303,0 101.523753803,1.677487465,0 101.523807726,1.677493904,0 101.523861648,1.67748599,0 101.523897597,1.677471358,0 101.523924142,1.677454214,0 101.523996324,1.677381865,0 101.524017667,1.67734569,0 101.52405926,1.677237167,0 101.524062543,1.677182905,0 101.524045762,1.677092469,0 101.524028781,1.676929684,0 101.524001077,1.676784986,0 101.524032852,1.676658375,0 101.524065134,1.676586026,0 101.524087114,1.676513677,0 101.524110491,1.676477503,0 101.524179005,1.676405154,0 101.524221132,1.676348179,0 101.524436822,1.676177893,0 101.524533462,1.676115758,0 101.524570391,1.676061497,0 101.524640587,1.675898711,0 101.524667648,1.675862537,0 101.524706434,1.675828352,0 101.524760357,1.67580529,0 101.524814279,1.67579471,0 101.524868202,1.675793912,0 101.524922124,1.675800237,0 101.525101866,1.675776782,0 101.525137814,1.675761447,0 101.525191737,1.675707181,0 101.525227685,1.67568723,0 101.525263633,1.675657316,0 101.52533553,1.675657316,0 
					</coordinates>
				</LineString>
			</MultiGeometry>
		</Placemark>
		<Placemark id="ID_00057">
			<name>-24</name>
			<Snippet maxLines="0"></Snippet>
			<description><![CDATA[<html xmlns:fo="http://www.w3.org/1999/XSL/Format" xmlns:msxsl="urn:schemas-microsoft-com:xslt">

<head>

<META http-equiv="Content-Type" content="text/html">

<meta http-equiv="content-type" content="text/html; charset=UTF-8">

</head>

<body style="margin:0px 0px 0px 0px;overflow:auto;background:#FFFFFF;">

<table style="font-family:Arial,Verdana,Times;font-size:12px;text-align:left;width:100%;border-collapse:collapse;padding:3px 3px 3px 3px">

<tr style="text-align:center;font-weight:bold;background:#9CBCE2">

<td>Nautical</td>

</tr>

<tr>

<td>

<table style="font-family:Arial,Verdana,Times;font-size:12px;text-align:left;width:100%;border-spacing:0px; padding:3px 3px 3px 3px">

<tr>

<td>FID</td>

<td>57</td>

</tr>

<tr bgcolor="#D4E4F3">

<td>MAJ_CAT</td>

<td>Nautical</td>

</tr>

<tr>

<td>L_LIMIT</td>

<td>0</td>

</tr>

<tr bgcolor="#D4E4F3">

<td>U_LIMIT</td>

<td>0</td>

</tr>

<tr>

<td>ZORDER</td>

<td>9</td>

</tr>

<tr bgcolor="#D4E4F3">

<td>LAYER</td>

<td>0</td>

</tr>

<tr>

<td>MODE</td>

<td>2T</td>

</tr>

<tr bgcolor="#D4E4F3">

<td>COLOR</td>

<td>0</td>

</tr>

<tr>

<td>WIDTH</td>

<td>0</td>

</tr>

<tr bgcolor="#D4E4F3">

<td>MIN_CAT</td>

<td>1Depth Contours</td>

</tr>

<tr>

<td>RTP_LIMIT</td>

<td>0</td>

</tr>

<tr bgcolor="#D4E4F3">

<td>RTP_COLOR</td>

<td>19</td>

</tr>

<tr>

<td>FONT</td>

<td>020</td>

</tr>

<tr bgcolor="#D4E4F3">

<td>VALUE</td>

<td>24</td>

</tr>

<tr>

<td>TYPE</td>

<td>0</td>

</tr>

<tr bgcolor="#D4E4F3">

<td>Depth</td>

<td>-24</td>

</tr>

</table>

</td>

</tr>

</table>

</body>

</html>]]></description>
			<styleUrl>#LineStyle026</styleUrl>
			<MultiGeometry>
				<LineString>
					<tessellate>1</tessellate>
					<coordinates>
						101.524670486,1.683030015,0 101.52468846,1.683062525,0 101.524724408,1.68308051,0 101.524744275,1.683061256,0 101.524742383,1.683043169,0 101.524724408,1.683025081,0 101.52468846,1.683011782,0 101.524670486,1.683020148,0 101.524670486,1.683030015,0 
					</coordinates>
				</LineString>
			</MultiGeometry>
		</Placemark>
		<Placemark id="ID_00058">
			<name>-24</name>
			<Snippet maxLines="0"></Snippet>
			<description><![CDATA[<html xmlns:fo="http://www.w3.org/1999/XSL/Format" xmlns:msxsl="urn:schemas-microsoft-com:xslt">

<head>

<META http-equiv="Content-Type" content="text/html">

<meta http-equiv="content-type" content="text/html; charset=UTF-8">

</head>

<body style="margin:0px 0px 0px 0px;overflow:auto;background:#FFFFFF;">

<table style="font-family:Arial,Verdana,Times;font-size:12px;text-align:left;width:100%;border-collapse:collapse;padding:3px 3px 3px 3px">

<tr style="text-align:center;font-weight:bold;background:#9CBCE2">

<td>Nautical</td>

</tr>

<tr>

<td>

<table style="font-family:Arial,Verdana,Times;font-size:12px;text-align:left;width:100%;border-spacing:0px; padding:3px 3px 3px 3px">

<tr>

<td>FID</td>

<td>58</td>

</tr>

<tr bgcolor="#D4E4F3">

<td>MAJ_CAT</td>

<td>Nautical</td>

</tr>

<tr>

<td>L_LIMIT</td>

<td>0</td>

</tr>

<tr bgcolor="#D4E4F3">

<td>U_LIMIT</td>

<td>0</td>

</tr>

<tr>

<td>ZORDER</td>

<td>9</td>

</tr>

<tr bgcolor="#D4E4F3">

<td>LAYER</td>

<td>0</td>

</tr>

<tr>

<td>MODE</td>

<td>2T</td>

</tr>

<tr bgcolor="#D4E4F3">

<td>COLOR</td>

<td>0</td>

</tr>

<tr>

<td>WIDTH</td>

<td>0</td>

</tr>

<tr bgcolor="#D4E4F3">

<td>MIN_CAT</td>

<td>1Depth Contours</td>

</tr>

<tr>

<td>RTP_LIMIT</td>

<td>0</td>

</tr>

<tr bgcolor="#D4E4F3">

<td>RTP_COLOR</td>

<td>19</td>

</tr>

<tr>

<td>FONT</td>

<td>020</td>

</tr>

<tr bgcolor="#D4E4F3">

<td>VALUE</td>

<td>24</td>

</tr>

<tr>

<td>TYPE</td>

<td>0</td>

</tr>

<tr bgcolor="#D4E4F3">

<td>Depth</td>

<td>-24</td>

</tr>

</table>

</td>

</tr>

</table>

</body>

</html>]]></description>
			<styleUrl>#LineStyle026</styleUrl>
			<MultiGeometry>
				<LineString>
					<tessellate>1</tessellate>
					<coordinates>
						101.52188449,1.685714349,0 101.521902464,1.685714349,0 101.522010309,1.685679424,0 101.522064232,1.685650174,0 101.522172077,1.685606458,0 101.522585483,1.685464751,0 101.522693328,1.685412985,0 101.522909018,1.685287248,0 101.522980914,1.685257259,0 101.523070785,1.685230064,0 101.523124708,1.685194873,0 101.52317863,1.685125756,0 101.523208383,1.685050852,0 101.523225439,1.684978503,0 101.523256616,1.684743369,0 101.523286641,1.684598671,0 101.523358372,1.684378964,0 101.523376346,1.684344021,0 101.52339432,1.684329774,0 101.523412294,1.684329894,0 101.523430268,1.684340372,0 101.523502165,1.684420265,0 101.523585176,1.684544409,0 101.523670154,1.684725281,0 101.523699881,1.68476648,0 101.523735829,1.684789256,0 101.523753803,1.684791382,0 101.523771778,1.684787618,0 101.523843674,1.684746685,0 101.523879623,1.684731774,0 101.52404139,1.684685768,0 101.524077338,1.68466918,0 101.524113287,1.68464112,0 101.52418205,1.684508235,0 101.524215308,1.684345449,0 101.524233951,1.684291188,0 101.52425708,1.684254351,0 101.524293028,1.684231606,0 101.524328977,1.684227107,0 101.524364925,1.68423748,0 101.524432827,1.684291188,0 101.524486893,1.684345449,0 101.524581503,1.68447206,0 101.524634538,1.684525782,0 101.524652512,1.684530038,0 101.524670486,1.684527036,0 101.52468846,1.68451704,0 101.524724408,1.684480099,0 101.524742383,1.684448596,0 101.524789671,1.684327362,0 101.524807719,1.684236926,0 101.52480558,1.684092228,0 101.524787393,1.684019879,0 101.524742383,1.683942707,0 101.524700692,1.683911356,0 101.524598589,1.683876826,0 101.524562641,1.683857483,0 101.52453764,1.68382092,0 101.524536391,1.683766658,0 101.524545162,1.683730484,0 101.524562641,1.68370809,0 101.524616563,1.683673373,0 101.524742383,1.68361306,0 101.524760357,1.683593824,0 101.524785244,1.683549611,0 101.524791757,1.683513437,0 101.524769082,1.683314477,0 101.524778331,1.683273135,0 101.524796305,1.683245478,0 101.524814279,1.683248304,0 101.524850228,1.683276875,0 101.524868202,1.683298974,0 101.524916708,1.683404913,0 101.524940098,1.683429753,0 101.524976047,1.683448867,0 101.525029969,1.68346263,0 101.525083892,1.683466902,0 101.525137814,1.683463736,0 101.525299582,1.683437267,0 101.52533553,1.68343635,0 101.525353504,1.683443671,0 101.525371478,1.683477262,0 101.525382586,1.683567698,0 101.525410084,1.683694309,0 101.525444527,1.683802832,0 101.525461349,1.683839007,0 101.525479323,1.683858738,0 101.525497298,1.683867248,0 101.525515272,1.683868944,0 101.525546463,1.683857094,0 101.525573239,1.68382092,0 101.525582417,1.683784745,0 101.525589432,1.683676222,0 101.525567727,1.683549611,0 101.52555122,1.683507648,0 101.525515272,1.683460593,0 101.525479323,1.683432768,0 101.525425401,1.683403317,0 101.52539899,1.683368739,0 101.525391148,1.68329639,0 101.525406354,1.683115518,0 101.525443375,1.683025571,0 101.525461349,1.683008385,0 101.525479323,1.683000211,0 101.525605143,1.682984474,0 101.525695013,1.682978175,0 101.525784884,1.682981672,0 101.5258234,1.682988907,0 101.525856781,1.683002472,0 101.525922087,1.683061256,0 101.52596912,1.683133605,0 101.526011252,1.683242128,0 101.526024727,1.68329639,0 101.526054497,1.68335737,0 101.526068619,1.683368739,0 101.526150359,1.683404913,0 101.526180316,1.683411012,0 101.526252213,1.683411012,0 
					</coordinates>
				</LineString>
			</MultiGeometry>
		</Placemark>
		<Placemark id="ID_00059">
			<name>-24</name>
			<Snippet maxLines="0"></Snippet>
			<description><![CDATA[<html xmlns:fo="http://www.w3.org/1999/XSL/Format" xmlns:msxsl="urn:schemas-microsoft-com:xslt">

<head>

<META http-equiv="Content-Type" content="text/html">

<meta http-equiv="content-type" content="text/html; charset=UTF-8">

</head>

<body style="margin:0px 0px 0px 0px;overflow:auto;background:#FFFFFF;">

<table style="font-family:Arial,Verdana,Times;font-size:12px;text-align:left;width:100%;border-collapse:collapse;padding:3px 3px 3px 3px">

<tr style="text-align:center;font-weight:bold;background:#9CBCE2">

<td>Nautical</td>

</tr>

<tr>

<td>

<table style="font-family:Arial,Verdana,Times;font-size:12px;text-align:left;width:100%;border-spacing:0px; padding:3px 3px 3px 3px">

<tr>

<td>FID</td>

<td>59</td>

</tr>

<tr bgcolor="#D4E4F3">

<td>MAJ_CAT</td>

<td>Nautical</td>

</tr>

<tr>

<td>L_LIMIT</td>

<td>0</td>

</tr>

<tr bgcolor="#D4E4F3">

<td>U_LIMIT</td>

<td>0</td>

</tr>

<tr>

<td>ZORDER</td>

<td>9</td>

</tr>

<tr bgcolor="#D4E4F3">

<td>LAYER</td>

<td>0</td>

</tr>

<tr>

<td>MODE</td>

<td>2T</td>

</tr>

<tr bgcolor="#D4E4F3">

<td>COLOR</td>

<td>0</td>

</tr>

<tr>

<td>WIDTH</td>

<td>0</td>

</tr>

<tr bgcolor="#D4E4F3">

<td>MIN_CAT</td>

<td>1Depth Contours</td>

</tr>

<tr>

<td>RTP_LIMIT</td>

<td>0</td>

</tr>

<tr bgcolor="#D4E4F3">

<td>RTP_COLOR</td>

<td>19</td>

</tr>

<tr>

<td>FONT</td>

<td>020</td>

</tr>

<tr bgcolor="#D4E4F3">

<td>VALUE</td>

<td>24</td>

</tr>

<tr>

<td>TYPE</td>

<td>0</td>

</tr>

<tr bgcolor="#D4E4F3">

<td>Depth</td>

<td>-24</td>

</tr>

</table>

</td>

</tr>

</table>

</body>

</html>]]></description>
			<styleUrl>#LineStyle026</styleUrl>
			<MultiGeometry>
				<LineString>
					<tessellate>1</tessellate>
					<coordinates>
						101.527833939,1.695352535,0 101.527851914,1.695352535,0 101.527869888,1.695344846,0 101.527887862,1.695316707,0 101.52792381,1.695301644,0 101.528031655,1.695274856,0 101.528157474,1.695250277,0 101.528391139,1.695191144,0 101.528588854,1.695136007,0 101.528678725,1.695115574,0 101.528750622,1.69510139,0 101.528822519,1.695090217,0 101.52900226,1.695049584,0 101.529074157,1.695038259,0 101.529128079,1.695035361,0 101.529289847,1.695041807,0 101.529361744,1.695041894,0 101.52943364,1.695035741,0 101.529487563,1.695027053,0 101.529703253,1.694986936,0 101.529847046,1.694945859,0 101.529930497,1.69492648,0 101.529972865,1.69492021,0 101.530098685,1.694906885,0 101.530170581,1.694893868,0 101.530224504,1.694879109,0 101.530314375,1.694845087,0 101.530368297,1.694829644,0 101.530440194,1.69481412,0 101.530619935,1.694782356,0 101.530889548,1.69471477,0 101.531051315,1.694677701,0 101.531141186,1.694660383,0 101.531213083,1.694652013,0 101.531410799,1.694641752,0 101.531608515,1.694618997,0 101.53171636,1.694601771,0 101.531824205,1.694580968,0 101.531914075,1.694567115,0 101.53202192,1.694547452,0 101.532075843,1.694539051,0 101.532111791,1.694535386,0 101.532165714,1.694534809,0 101.532201662,1.69453727,0 101.532327481,1.69455473,0 101.532381404,1.694558706,0 101.532417352,1.694557585,0 101.532507223,1.694545291,0 101.532615068,1.694536909,0 101.532722913,1.694542579,0 101.532812784,1.694544793,0 101.532938603,1.694543792,0 101.532992525,1.694545141,0 101.533028474,1.694543731,0 101.533064422,1.694529952,0 101.533082396,1.694516765,0 101.533118345,1.69446827,0 101.53313671,1.69440195,0 101.53314947,1.694257252,0 101.53316297,1.694221078,0 101.533178889,1.694202991,0 101.533208215,1.69418773,0 101.533244164,1.694180051,0 101.533298086,1.694173805,0 101.533405931,1.694167657,0 101.533423905,1.69416396,0 101.533459854,1.694153251,0 101.53353175,1.69412435,0 101.533567699,1.694114114,0 101.533603647,1.69411778,0 101.53365757,1.694118153,0 
					</coordinates>
				</LineString>
			</MultiGeometry>
		</Placemark>
		<Placemark id="ID_00060">
			<name>-24</name>
			<Snippet maxLines="0"></Snippet>
			<description><![CDATA[<html xmlns:fo="http://www.w3.org/1999/XSL/Format" xmlns:msxsl="urn:schemas-microsoft-com:xslt">

<head>

<META http-equiv="Content-Type" content="text/html">

<meta http-equiv="content-type" content="text/html; charset=UTF-8">

</head>

<body style="margin:0px 0px 0px 0px;overflow:auto;background:#FFFFFF;">

<table style="font-family:Arial,Verdana,Times;font-size:12px;text-align:left;width:100%;border-collapse:collapse;padding:3px 3px 3px 3px">

<tr style="text-align:center;font-weight:bold;background:#9CBCE2">

<td>Nautical</td>

</tr>

<tr>

<td>

<table style="font-family:Arial,Verdana,Times;font-size:12px;text-align:left;width:100%;border-spacing:0px; padding:3px 3px 3px 3px">

<tr>

<td>FID</td>

<td>60</td>

</tr>

<tr bgcolor="#D4E4F3">

<td>MAJ_CAT</td>

<td>Nautical</td>

</tr>

<tr>

<td>L_LIMIT</td>

<td>0</td>

</tr>

<tr bgcolor="#D4E4F3">

<td>U_LIMIT</td>

<td>0</td>

</tr>

<tr>

<td>ZORDER</td>

<td>9</td>

</tr>

<tr bgcolor="#D4E4F3">

<td>LAYER</td>

<td>0</td>

</tr>

<tr>

<td>MODE</td>

<td>2T</td>

</tr>

<tr bgcolor="#D4E4F3">

<td>COLOR</td>

<td>0</td>

</tr>

<tr>

<td>WIDTH</td>

<td>0</td>

</tr>

<tr bgcolor="#D4E4F3">

<td>MIN_CAT</td>

<td>1Depth Contours</td>

</tr>

<tr>

<td>RTP_LIMIT</td>

<td>0</td>

</tr>

<tr bgcolor="#D4E4F3">

<td>RTP_COLOR</td>

<td>19</td>

</tr>

<tr>

<td>FONT</td>

<td>020</td>

</tr>

<tr bgcolor="#D4E4F3">

<td>VALUE</td>

<td>24</td>

</tr>

<tr>

<td>TYPE</td>

<td>0</td>

</tr>

<tr bgcolor="#D4E4F3">

<td>Depth</td>

<td>-24</td>

</tr>

</table>

</td>

</tr>

</table>

</body>

</html>]]></description>
			<styleUrl>#LineStyle026</styleUrl>
			<MultiGeometry>
				<LineString>
					<tessellate>1</tessellate>
					<coordinates>
						101.537827576,1.697544341,0 101.537791628,1.697544341,0 101.537737706,1.697559177,0 101.537719731,1.697569627,0 101.537701757,1.697595637,0 101.537696622,1.697657652,0 101.537703088,1.697711913,0 101.537752084,1.697820437,0 101.537748492,1.697838524,0 101.537737706,1.697844554,0 101.537719731,1.697843799,0 101.537688918,1.697838524,0 101.537575938,1.697805813,0 101.537450119,1.697797238,0 101.537414171,1.697790592,0 101.537361306,1.697766175,0 101.537315313,1.697730001,0 101.537288351,1.697716436,0 101.537180506,1.697695836,0 101.537090636,1.697662869,0 101.536961717,1.69760339,0 101.536874946,1.697547805,0 101.536767101,1.697466228,0 101.536731152,1.697445365,0 101.53667723,1.697422076,0 101.536641281,1.697412423,0 101.536515462,1.697392241,0 101.536317746,1.697352909,0 101.53624585,1.697347998,0 101.536209901,1.697356198,0 101.536191927,1.697368256,0 101.53618294,1.697386343,0 101.536165866,1.697512954,0 101.536120031,1.697599216,0 101.53587596,1.697892786,0 101.535724599,1.698015222,0 101.535670676,1.698070644,0 101.535434097,1.698417315,0 101.535365116,1.698507752,0 101.535329167,1.698538582,0 101.535275245,1.698563449,0 101.535239296,1.698572062,0 101.535203348,1.698576483,0 101.535131451,1.698576036,0 101.535005632,1.698559704,0 101.534933736,1.698555086,0 101.534807916,1.69856597,0 101.534771968,1.698576622,0 101.534739515,1.698598188,0 101.534708431,1.698634362,0 101.534628175,1.698780869,0 101.534574252,1.698849942,0 101.534529878,1.698887583,0 101.534412485,1.698966392,0 101.534340588,1.69902173,0 101.534142872,1.699220014,0 101.534082659,1.699267415,0 101.534042731,1.699285502,0 101.533999079,1.69929728,0 101.533801363,1.699329768,0 101.533693518,1.699339764,0 101.533585673,1.699359776,0 101.533549725,1.69937015,0 101.533513776,1.699387243,0 101.533475432,1.699412113,0 101.53331606,1.6995337,0 101.533262138,1.699567313,0 101.53322619,1.699579831,0 101.533172267,1.699589484,0 101.533118345,1.699590491,0 101.533046448,1.699581531,0 101.533028474,1.699586124,0 101.5330105,1.699613485,0 
					</coordinates>
				</LineString>
			</MultiGeometry>
		</Placemark>
		<Placemark id="ID_00061">
			<name>-2</name>
			<Snippet maxLines="0"></Snippet>
			<description><![CDATA[<html xmlns:fo="http://www.w3.org/1999/XSL/Format" xmlns:msxsl="urn:schemas-microsoft-com:xslt">

<head>

<META http-equiv="Content-Type" content="text/html">

<meta http-equiv="content-type" content="text/html; charset=UTF-8">

</head>

<body style="margin:0px 0px 0px 0px;overflow:auto;background:#FFFFFF;">

<table style="font-family:Arial,Verdana,Times;font-size:12px;text-align:left;width:100%;border-collapse:collapse;padding:3px 3px 3px 3px">

<tr style="text-align:center;font-weight:bold;background:#9CBCE2">

<td>Nautical</td>

</tr>

<tr>

<td>

<table style="font-family:Arial,Verdana,Times;font-size:12px;text-align:left;width:100%;border-spacing:0px; padding:3px 3px 3px 3px">

<tr>

<td>FID</td>

<td>61</td>

</tr>

<tr bgcolor="#D4E4F3">

<td>MAJ_CAT</td>

<td>Nautical</td>

</tr>

<tr>

<td>L_LIMIT</td>

<td>0</td>

</tr>

<tr bgcolor="#D4E4F3">

<td>U_LIMIT</td>

<td>0</td>

</tr>

<tr>

<td>ZORDER</td>

<td>9</td>

</tr>

<tr bgcolor="#D4E4F3">

<td>LAYER</td>

<td>0</td>

</tr>

<tr>

<td>MODE</td>

<td>2T</td>

</tr>

<tr bgcolor="#D4E4F3">

<td>COLOR</td>

<td>0</td>

</tr>

<tr>

<td>WIDTH</td>

<td>0</td>

</tr>

<tr bgcolor="#D4E4F3">

<td>MIN_CAT</td>

<td>1Depth Contours</td>

</tr>

<tr>

<td>RTP_LIMIT</td>

<td>0</td>

</tr>

<tr bgcolor="#D4E4F3">

<td>RTP_COLOR</td>

<td>19</td>

</tr>

<tr>

<td>FONT</td>

<td>020</td>

</tr>

<tr bgcolor="#D4E4F3">

<td>VALUE</td>

<td>2</td>

</tr>

<tr>

<td>TYPE</td>

<td>0</td>

</tr>

<tr bgcolor="#D4E4F3">

<td>Depth</td>

<td>-2</td>

</tr>

</table>

</td>

</tr>

</table>

</body>

</html>]]></description>
			<styleUrl>#LineStyle09</styleUrl>
			<MultiGeometry>
				<LineString>
					<tessellate>1</tessellate>
					<coordinates>
						101.517103361,1.656826083,0 101.517121336,1.656826726,0 101.51713931,1.656832995,0 101.517157284,1.656846446,0 101.517534741,1.657135465,0 101.517858276,1.657395231,0 101.517930173,1.657432637,0 101.517966121,1.657438136,0 101.517984096,1.657434658,0 101.51801829,1.657413556,0 101.518065452,1.657359295,0 101.518170655,1.657214597,0 101.518220636,1.657124161,0 101.518245893,1.657051812,0 101.518276818,1.656852852,0 101.518307631,1.656780503,0 101.518325605,1.656768445,0 101.518343579,1.65676406,0 101.518361553,1.656765198,0 101.518469398,1.656792013,0 101.518487372,1.656799654,0 101.518535764,1.656852852,0 101.518577243,1.656870939,0 101.51864914,1.656884289,0 101.518685088,1.656886274,0 101.518721037,1.656883271,0 101.518774959,1.656869244,0 101.518810907,1.656847064,0 101.518846856,1.656816678,0 101.518880912,1.656780503,0 101.518918752,1.656702125,0 101.518936727,1.656688057,0 101.518954701,1.656686449,0 101.518972675,1.656691876,0 101.519036583,1.656744329,0 101.51908052,1.656767584,0 101.519098494,1.656771459,0 101.519134442,1.656770031,0 101.519206339,1.656746589,0 101.51929621,1.656694086,0 101.519368107,1.656660894,0 101.519583797,1.656575755,0 101.519619745,1.656567198,0 101.519655693,1.656563456,0 101.519763538,1.656559648,0 101.519799487,1.656553198,0 101.519835435,1.656541859,0 101.519900142,1.656509194,0 101.520000513,1.656436846,0 101.520123022,1.656326513,0 101.520176944,1.656286495,0 101.52037466,1.656177333,0 101.520554402,1.656098178,0 101.520734143,1.655997501,0 101.520824014,1.655962769,0 101.521093627,1.655884082,0 101.521184246,1.655839967,0 101.521268529,1.655785705,0 101.521345265,1.655743343,0 101.521417162,1.655710341,0 101.521560955,1.65565657,0 101.521735704,1.655604833,0 101.521920438,1.655526455,0 101.522082206,1.655475925,0 101.522172077,1.655433745,0 101.522225999,1.655397798,0 101.522307373,1.65529735,0 101.522289424,1.655243088,0 101.522291429,1.655225001,0 101.522309913,1.655170739,0 101.522325094,1.655080303,0 101.5223394,1.655062215,0 101.522351818,1.655055881,0 101.522387767,1.655046854,0 101.522477638,1.655037813,0 101.522495612,1.655038149,0 101.522585483,1.655054382,0 101.522621431,1.655056094,0 101.522639405,1.655062381,0 101.522657379,1.655060465,0 101.522693328,1.655001063,0 101.522711302,1.654990689,0 101.522729276,1.654983355,0 101.522765224,1.654976301,0 101.522837121,1.654976301,0 
					</coordinates>
				</LineString>
			</MultiGeometry>
		</Placemark>
		<Placemark id="ID_00062">
			<name>-2</name>
			<Snippet maxLines="0"></Snippet>
			<description><![CDATA[<html xmlns:fo="http://www.w3.org/1999/XSL/Format" xmlns:msxsl="urn:schemas-microsoft-com:xslt">

<head>

<META http-equiv="Content-Type" content="text/html">

<meta http-equiv="content-type" content="text/html; charset=UTF-8">

</head>

<body style="margin:0px 0px 0px 0px;overflow:auto;background:#FFFFFF;">

<table style="font-family:Arial,Verdana,Times;font-size:12px;text-align:left;width:100%;border-collapse:collapse;padding:3px 3px 3px 3px">

<tr style="text-align:center;font-weight:bold;background:#9CBCE2">

<td>Nautical</td>

</tr>

<tr>

<td>

<table style="font-family:Arial,Verdana,Times;font-size:12px;text-align:left;width:100%;border-spacing:0px; padding:3px 3px 3px 3px">

<tr>

<td>FID</td>

<td>62</td>

</tr>

<tr bgcolor="#D4E4F3">

<td>MAJ_CAT</td>

<td>Nautical</td>

</tr>

<tr>

<td>L_LIMIT</td>

<td>0</td>

</tr>

<tr bgcolor="#D4E4F3">

<td>U_LIMIT</td>

<td>0</td>

</tr>

<tr>

<td>ZORDER</td>

<td>9</td>

</tr>

<tr bgcolor="#D4E4F3">

<td>LAYER</td>

<td>0</td>

</tr>

<tr>

<td>MODE</td>

<td>2T</td>

</tr>

<tr bgcolor="#D4E4F3">

<td>COLOR</td>

<td>0</td>

</tr>

<tr>

<td>WIDTH</td>

<td>0</td>

</tr>

<tr bgcolor="#D4E4F3">

<td>MIN_CAT</td>

<td>1Depth Contours</td>

</tr>

<tr>

<td>RTP_LIMIT</td>

<td>0</td>

</tr>

<tr bgcolor="#D4E4F3">

<td>RTP_COLOR</td>

<td>19</td>

</tr>

<tr>

<td>FONT</td>

<td>020</td>

</tr>

<tr bgcolor="#D4E4F3">

<td>VALUE</td>

<td>2</td>

</tr>

<tr>

<td>TYPE</td>

<td>0</td>

</tr>

<tr bgcolor="#D4E4F3">

<td>Depth</td>

<td>-2</td>

</tr>

</table>

</td>

</tr>

</table>

</body>

</html>]]></description>
			<styleUrl>#LineStyle09</styleUrl>
			<MultiGeometry>
				<LineString>
					<tessellate>1</tessellate>
					<coordinates>
						101.539427277,1.699604613,0 101.539445252,1.699604613,0 
					</coordinates>
				</LineString>
			</MultiGeometry>
		</Placemark>
		<Placemark id="ID_00063">
			<name>-2</name>
			<Snippet maxLines="0"></Snippet>
			<description><![CDATA[<html xmlns:fo="http://www.w3.org/1999/XSL/Format" xmlns:msxsl="urn:schemas-microsoft-com:xslt">

<head>

<META http-equiv="Content-Type" content="text/html">

<meta http-equiv="content-type" content="text/html; charset=UTF-8">

</head>

<body style="margin:0px 0px 0px 0px;overflow:auto;background:#FFFFFF;">

<table style="font-family:Arial,Verdana,Times;font-size:12px;text-align:left;width:100%;border-collapse:collapse;padding:3px 3px 3px 3px">

<tr style="text-align:center;font-weight:bold;background:#9CBCE2">

<td>Nautical</td>

</tr>

<tr>

<td>

<table style="font-family:Arial,Verdana,Times;font-size:12px;text-align:left;width:100%;border-spacing:0px; padding:3px 3px 3px 3px">

<tr>

<td>FID</td>

<td>63</td>

</tr>

<tr bgcolor="#D4E4F3">

<td>MAJ_CAT</td>

<td>Nautical</td>

</tr>

<tr>

<td>L_LIMIT</td>

<td>0</td>

</tr>

<tr bgcolor="#D4E4F3">

<td>U_LIMIT</td>

<td>0</td>

</tr>

<tr>

<td>ZORDER</td>

<td>9</td>

</tr>

<tr bgcolor="#D4E4F3">

<td>LAYER</td>

<td>0</td>

</tr>

<tr>

<td>MODE</td>

<td>2T</td>

</tr>

<tr bgcolor="#D4E4F3">

<td>COLOR</td>

<td>0</td>

</tr>

<tr>

<td>WIDTH</td>

<td>0</td>

</tr>

<tr bgcolor="#D4E4F3">

<td>MIN_CAT</td>

<td>1Depth Contours</td>

</tr>

<tr>

<td>RTP_LIMIT</td>

<td>0</td>

</tr>

<tr bgcolor="#D4E4F3">

<td>RTP_COLOR</td>

<td>19</td>

</tr>

<tr>

<td>FONT</td>

<td>020</td>

</tr>

<tr bgcolor="#D4E4F3">

<td>VALUE</td>

<td>2</td>

</tr>

<tr>

<td>TYPE</td>

<td>0</td>

</tr>

<tr bgcolor="#D4E4F3">

<td>Depth</td>

<td>-2</td>

</tr>

</table>

</td>

</tr>

</table>

</body>

</html>]]></description>
			<styleUrl>#LineStyle09</styleUrl>
			<MultiGeometry>
				<LineString>
					<tessellate>1</tessellate>
					<coordinates>
						101.539427277,1.699604613,0 101.539373355,1.699604613,0 101.539319432,1.699628204,0 101.539193613,1.69966973,0 101.539139691,1.699677061,0 101.539048517,1.699683422,0 101.538977798,1.699701509,0 101.538950427,1.699719596,0 101.538936459,1.699737683,0 101.538888851,1.699846207,0 101.538827957,1.699918555,0 101.538762233,1.699957124,0 101.538632507,1.699972817,0 101.538632507,1.699990904,0 
					</coordinates>
				</LineString>
			</MultiGeometry>
		</Placemark>
		<Placemark id="ID_00064">
			<name>-31</name>
			<Snippet maxLines="0"></Snippet>
			<description><![CDATA[<html xmlns:fo="http://www.w3.org/1999/XSL/Format" xmlns:msxsl="urn:schemas-microsoft-com:xslt">

<head>

<META http-equiv="Content-Type" content="text/html">

<meta http-equiv="content-type" content="text/html; charset=UTF-8">

</head>

<body style="margin:0px 0px 0px 0px;overflow:auto;background:#FFFFFF;">

<table style="font-family:Arial,Verdana,Times;font-size:12px;text-align:left;width:100%;border-collapse:collapse;padding:3px 3px 3px 3px">

<tr style="text-align:center;font-weight:bold;background:#9CBCE2">

<td>Nautical</td>

</tr>

<tr>

<td>

<table style="font-family:Arial,Verdana,Times;font-size:12px;text-align:left;width:100%;border-spacing:0px; padding:3px 3px 3px 3px">

<tr>

<td>FID</td>

<td>64</td>

</tr>

<tr bgcolor="#D4E4F3">

<td>MAJ_CAT</td>

<td>Nautical</td>

</tr>

<tr>

<td>L_LIMIT</td>

<td>0</td>

</tr>

<tr bgcolor="#D4E4F3">

<td>U_LIMIT</td>

<td>0</td>

</tr>

<tr>

<td>ZORDER</td>

<td>9</td>

</tr>

<tr bgcolor="#D4E4F3">

<td>LAYER</td>

<td>0</td>

</tr>

<tr>

<td>MODE</td>

<td>2T</td>

</tr>

<tr bgcolor="#D4E4F3">

<td>COLOR</td>

<td>0</td>

</tr>

<tr>

<td>WIDTH</td>

<td>0</td>

</tr>

<tr bgcolor="#D4E4F3">

<td>MIN_CAT</td>

<td>1Depth Contours</td>

</tr>

<tr>

<td>RTP_LIMIT</td>

<td>0</td>

</tr>

<tr bgcolor="#D4E4F3">

<td>RTP_COLOR</td>

<td>19</td>

</tr>

<tr>

<td>FONT</td>

<td>020</td>

</tr>

<tr bgcolor="#D4E4F3">

<td>VALUE</td>

<td>31</td>

</tr>

<tr>

<td>TYPE</td>

<td>0</td>

</tr>

<tr bgcolor="#D4E4F3">

<td>Depth</td>

<td>-31</td>

</tr>

</table>

</td>

</tr>

</table>

</body>

</html>]]></description>
			<styleUrl>#LineStyle043</styleUrl>
			<MultiGeometry>
				<LineString>
					<tessellate>1</tessellate>
					<coordinates>
						101.525533246,1.677869809,0 101.525587168,1.677869809,0 101.525497298,1.677830854,0 101.525425401,1.677809697,0 101.525371478,1.677779399,0 101.525353504,1.677779194,0 101.525287599,1.677797871,0 101.525209711,1.677834045,0 101.525192317,1.677852133,0 101.525186979,1.67787022,0 101.525193894,1.677888307,0 101.525209711,1.677902518,0 101.525299582,1.677940409,0 101.525353504,1.677979829,0 101.525407427,1.678010396,0 101.525443375,1.678016562,0 101.525461349,1.67802902,0 101.525497298,1.678069983,0 101.525561331,1.678123441,0 101.525587168,1.678152283,0 101.525659065,1.678152283,0 
					</coordinates>
				</LineString>
			</MultiGeometry>
		</Placemark>
		<Placemark id="ID_00065">
			<name>-31</name>
			<Snippet maxLines="0"></Snippet>
			<description><![CDATA[<html xmlns:fo="http://www.w3.org/1999/XSL/Format" xmlns:msxsl="urn:schemas-microsoft-com:xslt">

<head>

<META http-equiv="Content-Type" content="text/html">

<meta http-equiv="content-type" content="text/html; charset=UTF-8">

</head>

<body style="margin:0px 0px 0px 0px;overflow:auto;background:#FFFFFF;">

<table style="font-family:Arial,Verdana,Times;font-size:12px;text-align:left;width:100%;border-collapse:collapse;padding:3px 3px 3px 3px">

<tr style="text-align:center;font-weight:bold;background:#9CBCE2">

<td>Nautical</td>

</tr>

<tr>

<td>

<table style="font-family:Arial,Verdana,Times;font-size:12px;text-align:left;width:100%;border-spacing:0px; padding:3px 3px 3px 3px">

<tr>

<td>FID</td>

<td>65</td>

</tr>

<tr bgcolor="#D4E4F3">

<td>MAJ_CAT</td>

<td>Nautical</td>

</tr>

<tr>

<td>L_LIMIT</td>

<td>0</td>

</tr>

<tr bgcolor="#D4E4F3">

<td>U_LIMIT</td>

<td>0</td>

</tr>

<tr>

<td>ZORDER</td>

<td>9</td>

</tr>

<tr bgcolor="#D4E4F3">

<td>LAYER</td>

<td>0</td>

</tr>

<tr>

<td>MODE</td>

<td>2T</td>

</tr>

<tr bgcolor="#D4E4F3">

<td>COLOR</td>

<td>0</td>

</tr>

<tr>

<td>WIDTH</td>

<td>0</td>

</tr>

<tr bgcolor="#D4E4F3">

<td>MIN_CAT</td>

<td>1Depth Contours</td>

</tr>

<tr>

<td>RTP_LIMIT</td>

<td>0</td>

</tr>

<tr bgcolor="#D4E4F3">

<td>RTP_COLOR</td>

<td>19</td>

</tr>

<tr>

<td>FONT</td>

<td>020</td>

</tr>

<tr bgcolor="#D4E4F3">

<td>VALUE</td>

<td>31</td>

</tr>

<tr>

<td>TYPE</td>

<td>0</td>

</tr>

<tr bgcolor="#D4E4F3">

<td>Depth</td>

<td>-31</td>

</tr>

</table>

</td>

</tr>

</table>

</body>

</html>]]></description>
			<styleUrl>#LineStyle043</styleUrl>
			<MultiGeometry>
				<LineString>
					<tessellate>1</tessellate>
					<coordinates>
						101.525695013,1.678461771,0 101.525641091,1.678461771,0 101.525605143,1.678487459,0 101.52555122,1.678498894,0 101.525515272,1.678513917,0 101.525461349,1.67851203,0 101.525425401,1.678496994,0 101.525379362,1.678467099,0 101.525209711,1.678336631,0 101.525083892,1.678286348,0 101.525047943,1.678279259,0 101.525029969,1.678281559,0 101.524994021,1.678305561,0 101.524971325,1.678340488,0 101.524940774,1.678485186,0 101.524883411,1.678611797,0 101.524881312,1.678647971,0 101.524941492,1.678756494,0 101.525047846,1.678901192,0 101.525101094,1.678955454,0 101.525209711,1.679023061,0 101.525389453,1.67908186,0 101.525425401,1.679098664,0 101.525475275,1.679136326,0 101.525515272,1.679180688,0 101.52555122,1.67919868,0 101.525623117,1.679218313,0 101.525659065,1.679240234,0 101.525682587,1.679262937,0 101.525743247,1.679353373,0 101.525848543,1.679678943,0 101.52601082,1.680004514,0 101.526018549,1.680018159,0 101.526090445,1.680018159,0 
					</coordinates>
				</LineString>
			</MultiGeometry>
		</Placemark>
		<Placemark id="ID_00066">
			<name>-31</name>
			<Snippet maxLines="0"></Snippet>
			<description><![CDATA[<html xmlns:fo="http://www.w3.org/1999/XSL/Format" xmlns:msxsl="urn:schemas-microsoft-com:xslt">

<head>

<META http-equiv="Content-Type" content="text/html">

<meta http-equiv="content-type" content="text/html; charset=UTF-8">

</head>

<body style="margin:0px 0px 0px 0px;overflow:auto;background:#FFFFFF;">

<table style="font-family:Arial,Verdana,Times;font-size:12px;text-align:left;width:100%;border-collapse:collapse;padding:3px 3px 3px 3px">

<tr style="text-align:center;font-weight:bold;background:#9CBCE2">

<td>Nautical</td>

</tr>

<tr>

<td>

<table style="font-family:Arial,Verdana,Times;font-size:12px;text-align:left;width:100%;border-spacing:0px; padding:3px 3px 3px 3px">

<tr>

<td>FID</td>

<td>66</td>

</tr>

<tr bgcolor="#D4E4F3">

<td>MAJ_CAT</td>

<td>Nautical</td>

</tr>

<tr>

<td>L_LIMIT</td>

<td>0</td>

</tr>

<tr bgcolor="#D4E4F3">

<td>U_LIMIT</td>

<td>0</td>

</tr>

<tr>

<td>ZORDER</td>

<td>9</td>

</tr>

<tr bgcolor="#D4E4F3">

<td>LAYER</td>

<td>0</td>

</tr>

<tr>

<td>MODE</td>

<td>2T</td>

</tr>

<tr bgcolor="#D4E4F3">

<td>COLOR</td>

<td>0</td>

</tr>

<tr>

<td>WIDTH</td>

<td>0</td>

</tr>

<tr bgcolor="#D4E4F3">

<td>MIN_CAT</td>

<td>1Depth Contours</td>

</tr>

<tr>

<td>RTP_LIMIT</td>

<td>0</td>

</tr>

<tr bgcolor="#D4E4F3">

<td>RTP_COLOR</td>

<td>19</td>

</tr>

<tr>

<td>FONT</td>

<td>020</td>

</tr>

<tr bgcolor="#D4E4F3">

<td>VALUE</td>

<td>31</td>

</tr>

<tr>

<td>TYPE</td>

<td>0</td>

</tr>

<tr bgcolor="#D4E4F3">

<td>Depth</td>

<td>-31</td>

</tr>

</table>

</td>

</tr>

</table>

</body>

</html>]]></description>
			<styleUrl>#LineStyle043</styleUrl>
			<MultiGeometry>
				<LineString>
					<tessellate>1</tessellate>
					<coordinates>
						101.526072471,1.680027566,0 101.526054497,1.680027566,0 101.526036523,1.680027566,0 101.526030066,1.680040688,0 101.526036523,1.680052031,0 101.526054497,1.680052031,0 101.526072471,1.680052031,0 101.526090445,1.680052031,0 101.526108419,1.680052031,0 
					</coordinates>
				</LineString>
			</MultiGeometry>
		</Placemark>
		<Placemark id="ID_00067">
			<name>-31</name>
			<Snippet maxLines="0"></Snippet>
			<description><![CDATA[<html xmlns:fo="http://www.w3.org/1999/XSL/Format" xmlns:msxsl="urn:schemas-microsoft-com:xslt">

<head>

<META http-equiv="Content-Type" content="text/html">

<meta http-equiv="content-type" content="text/html; charset=UTF-8">

</head>

<body style="margin:0px 0px 0px 0px;overflow:auto;background:#FFFFFF;">

<table style="font-family:Arial,Verdana,Times;font-size:12px;text-align:left;width:100%;border-collapse:collapse;padding:3px 3px 3px 3px">

<tr style="text-align:center;font-weight:bold;background:#9CBCE2">

<td>Nautical</td>

</tr>

<tr>

<td>

<table style="font-family:Arial,Verdana,Times;font-size:12px;text-align:left;width:100%;border-spacing:0px; padding:3px 3px 3px 3px">

<tr>

<td>FID</td>

<td>67</td>

</tr>

<tr bgcolor="#D4E4F3">

<td>MAJ_CAT</td>

<td>Nautical</td>

</tr>

<tr>

<td>L_LIMIT</td>

<td>0</td>

</tr>

<tr bgcolor="#D4E4F3">

<td>U_LIMIT</td>

<td>0</td>

</tr>

<tr>

<td>ZORDER</td>

<td>9</td>

</tr>

<tr bgcolor="#D4E4F3">

<td>LAYER</td>

<td>0</td>

</tr>

<tr>

<td>MODE</td>

<td>2T</td>

</tr>

<tr bgcolor="#D4E4F3">

<td>COLOR</td>

<td>0</td>

</tr>

<tr>

<td>WIDTH</td>

<td>0</td>

</tr>

<tr bgcolor="#D4E4F3">

<td>MIN_CAT</td>

<td>1Depth Contours</td>

</tr>

<tr>

<td>RTP_LIMIT</td>

<td>0</td>

</tr>

<tr bgcolor="#D4E4F3">

<td>RTP_COLOR</td>

<td>19</td>

</tr>

<tr>

<td>FONT</td>

<td>020</td>

</tr>

<tr bgcolor="#D4E4F3">

<td>VALUE</td>

<td>31</td>

</tr>

<tr>

<td>TYPE</td>

<td>0</td>

</tr>

<tr bgcolor="#D4E4F3">

<td>Depth</td>

<td>-31</td>

</tr>

</table>

</td>

</tr>

</table>

</body>

</html>]]></description>
			<styleUrl>#LineStyle043</styleUrl>
			<MultiGeometry>
				<LineString>
					<tessellate>1</tessellate>
					<coordinates>
						101.524322626,1.679986426,0 101.524364925,1.680061876,0 101.524418848,1.680122683,0 101.524454796,1.680149529,0 101.524508718,1.680176446,0 101.524544667,1.680182974,0 101.524562641,1.680177987,0 101.524580615,1.680154966,0 101.524586146,1.680131124,0 101.524579358,1.680022601,0 101.524559933,1.679968339,0 101.524506268,1.67989599,0 101.52447277,1.679880455,0 101.524436822,1.679876499,0 101.524400873,1.679879791,0 101.524353608,1.67989599,0 101.524329985,1.679914077,0 101.524318945,1.679932165,0 101.524322626,1.679986426,0 
					</coordinates>
				</LineString>
			</MultiGeometry>
		</Placemark>
		<Placemark id="ID_00068">
			<name>-31</name>
			<Snippet maxLines="0"></Snippet>
			<description><![CDATA[<html xmlns:fo="http://www.w3.org/1999/XSL/Format" xmlns:msxsl="urn:schemas-microsoft-com:xslt">

<head>

<META http-equiv="Content-Type" content="text/html">

<meta http-equiv="content-type" content="text/html; charset=UTF-8">

</head>

<body style="margin:0px 0px 0px 0px;overflow:auto;background:#FFFFFF;">

<table style="font-family:Arial,Verdana,Times;font-size:12px;text-align:left;width:100%;border-collapse:collapse;padding:3px 3px 3px 3px">

<tr style="text-align:center;font-weight:bold;background:#9CBCE2">

<td>Nautical</td>

</tr>

<tr>

<td>

<table style="font-family:Arial,Verdana,Times;font-size:12px;text-align:left;width:100%;border-spacing:0px; padding:3px 3px 3px 3px">

<tr>

<td>FID</td>

<td>68</td>

</tr>

<tr bgcolor="#D4E4F3">

<td>MAJ_CAT</td>

<td>Nautical</td>

</tr>

<tr>

<td>L_LIMIT</td>

<td>0</td>

</tr>

<tr bgcolor="#D4E4F3">

<td>U_LIMIT</td>

<td>0</td>

</tr>

<tr>

<td>ZORDER</td>

<td>9</td>

</tr>

<tr bgcolor="#D4E4F3">

<td>LAYER</td>

<td>0</td>

</tr>

<tr>

<td>MODE</td>

<td>2T</td>

</tr>

<tr bgcolor="#D4E4F3">

<td>COLOR</td>

<td>0</td>

</tr>

<tr>

<td>WIDTH</td>

<td>0</td>

</tr>

<tr bgcolor="#D4E4F3">

<td>MIN_CAT</td>

<td>1Depth Contours</td>

</tr>

<tr>

<td>RTP_LIMIT</td>

<td>0</td>

</tr>

<tr bgcolor="#D4E4F3">

<td>RTP_COLOR</td>

<td>19</td>

</tr>

<tr>

<td>FONT</td>

<td>020</td>

</tr>

<tr bgcolor="#D4E4F3">

<td>VALUE</td>

<td>31</td>

</tr>

<tr>

<td>TYPE</td>

<td>0</td>

</tr>

<tr bgcolor="#D4E4F3">

<td>Depth</td>

<td>-31</td>

</tr>

</table>

</td>

</tr>

</table>

</body>

</html>]]></description>
			<styleUrl>#LineStyle043</styleUrl>
			<MultiGeometry>
				<LineString>
					<tessellate>1</tessellate>
					<coordinates>
						101.524715871,1.680275822,0 101.524742383,1.680295505,0 101.524778331,1.68029613,0 101.524804884,1.680275822,0 101.524797141,1.680257735,0 101.524778331,1.680250553,0 101.524742383,1.680249484,0 101.524723026,1.680257735,0 101.524715871,1.680275822,0 
					</coordinates>
				</LineString>
			</MultiGeometry>
		</Placemark>
		<Placemark id="ID_00069">
			<name>-31</name>
			<Snippet maxLines="0"></Snippet>
			<description><![CDATA[<html xmlns:fo="http://www.w3.org/1999/XSL/Format" xmlns:msxsl="urn:schemas-microsoft-com:xslt">

<head>

<META http-equiv="Content-Type" content="text/html">

<meta http-equiv="content-type" content="text/html; charset=UTF-8">

</head>

<body style="margin:0px 0px 0px 0px;overflow:auto;background:#FFFFFF;">

<table style="font-family:Arial,Verdana,Times;font-size:12px;text-align:left;width:100%;border-collapse:collapse;padding:3px 3px 3px 3px">

<tr style="text-align:center;font-weight:bold;background:#9CBCE2">

<td>Nautical</td>

</tr>

<tr>

<td>

<table style="font-family:Arial,Verdana,Times;font-size:12px;text-align:left;width:100%;border-spacing:0px; padding:3px 3px 3px 3px">

<tr>

<td>FID</td>

<td>69</td>

</tr>

<tr bgcolor="#D4E4F3">

<td>MAJ_CAT</td>

<td>Nautical</td>

</tr>

<tr>

<td>L_LIMIT</td>

<td>0</td>

</tr>

<tr bgcolor="#D4E4F3">

<td>U_LIMIT</td>

<td>0</td>

</tr>

<tr>

<td>ZORDER</td>

<td>9</td>

</tr>

<tr bgcolor="#D4E4F3">

<td>LAYER</td>

<td>0</td>

</tr>

<tr>

<td>MODE</td>

<td>2T</td>

</tr>

<tr bgcolor="#D4E4F3">

<td>COLOR</td>

<td>0</td>

</tr>

<tr>

<td>WIDTH</td>

<td>0</td>

</tr>

<tr bgcolor="#D4E4F3">

<td>MIN_CAT</td>

<td>1Depth Contours</td>

</tr>

<tr>

<td>RTP_LIMIT</td>

<td>0</td>

</tr>

<tr bgcolor="#D4E4F3">

<td>RTP_COLOR</td>

<td>19</td>

</tr>

<tr>

<td>FONT</td>

<td>020</td>

</tr>

<tr bgcolor="#D4E4F3">

<td>VALUE</td>

<td>31</td>

</tr>

<tr>

<td>TYPE</td>

<td>0</td>

</tr>

<tr bgcolor="#D4E4F3">

<td>Depth</td>

<td>-31</td>

</tr>

</table>

</td>

</tr>

</table>

</body>

</html>]]></description>
			<styleUrl>#LineStyle043</styleUrl>
			<MultiGeometry>
				<LineString>
					<tessellate>1</tessellate>
					<coordinates>
						101.523731958,1.680239648,0 101.523753803,1.68028805,0 101.523789752,1.680322849,0 101.5238257,1.680331035,0 101.523843674,1.6803237,0 101.523869854,1.680293909,0 101.523888114,1.680239648,0 101.523890251,1.680185386,0 101.523871662,1.680149211,0 101.5238257,1.680134209,0 101.523789752,1.680137246,0 101.523758373,1.680149211,0 101.523738789,1.680167299,0 101.523730373,1.680185386,0 101.523731958,1.680239648,0 
					</coordinates>
				</LineString>
			</MultiGeometry>
		</Placemark>
		<Placemark id="ID_00070">
			<name>-31</name>
			<Snippet maxLines="0"></Snippet>
			<description><![CDATA[<html xmlns:fo="http://www.w3.org/1999/XSL/Format" xmlns:msxsl="urn:schemas-microsoft-com:xslt">

<head>

<META http-equiv="Content-Type" content="text/html">

<meta http-equiv="content-type" content="text/html; charset=UTF-8">

</head>

<body style="margin:0px 0px 0px 0px;overflow:auto;background:#FFFFFF;">

<table style="font-family:Arial,Verdana,Times;font-size:12px;text-align:left;width:100%;border-collapse:collapse;padding:3px 3px 3px 3px">

<tr style="text-align:center;font-weight:bold;background:#9CBCE2">

<td>Nautical</td>

</tr>

<tr>

<td>

<table style="font-family:Arial,Verdana,Times;font-size:12px;text-align:left;width:100%;border-spacing:0px; padding:3px 3px 3px 3px">

<tr>

<td>FID</td>

<td>70</td>

</tr>

<tr bgcolor="#D4E4F3">

<td>MAJ_CAT</td>

<td>Nautical</td>

</tr>

<tr>

<td>L_LIMIT</td>

<td>0</td>

</tr>

<tr bgcolor="#D4E4F3">

<td>U_LIMIT</td>

<td>0</td>

</tr>

<tr>

<td>ZORDER</td>

<td>9</td>

</tr>

<tr bgcolor="#D4E4F3">

<td>LAYER</td>

<td>0</td>

</tr>

<tr>

<td>MODE</td>

<td>2T</td>

</tr>

<tr bgcolor="#D4E4F3">

<td>COLOR</td>

<td>0</td>

</tr>

<tr>

<td>WIDTH</td>

<td>0</td>

</tr>

<tr bgcolor="#D4E4F3">

<td>MIN_CAT</td>

<td>1Depth Contours</td>

</tr>

<tr>

<td>RTP_LIMIT</td>

<td>0</td>

</tr>

<tr bgcolor="#D4E4F3">

<td>RTP_COLOR</td>

<td>19</td>

</tr>

<tr>

<td>FONT</td>

<td>020</td>

</tr>

<tr bgcolor="#D4E4F3">

<td>VALUE</td>

<td>31</td>

</tr>

<tr>

<td>TYPE</td>

<td>0</td>

</tr>

<tr bgcolor="#D4E4F3">

<td>Depth</td>

<td>-31</td>

</tr>

</table>

</td>

</tr>

</table>

</body>

</html>]]></description>
			<styleUrl>#LineStyle043</styleUrl>
			<MultiGeometry>
				<LineString>
					<tessellate>1</tessellate>
					<coordinates>
						101.522468793,1.680203473,0 101.522502055,1.680239648,0 101.522551986,1.680275822,0 101.522638326,1.680311996,0 101.52274725,1.68037401,0 101.522783198,1.680386249,0 101.522819147,1.680391785,0 101.522855095,1.680390983,0 101.522891043,1.68038114,0 101.522911468,1.680366258,0 101.522926992,1.680343915,0 101.522942601,1.680293909,0 101.522926992,1.680266565,0 101.522873069,1.680235018,0 101.52274725,1.680194068,0 101.522693328,1.680186547,0 101.522639405,1.680173201,0 101.522603457,1.680157936,0 101.522549534,1.680126037,0 101.522513586,1.680114576,0 101.522495612,1.680115298,0 101.522471147,1.680131124,0 101.522461046,1.680167299,0 101.522468793,1.680203473,0 
					</coordinates>
				</LineString>
			</MultiGeometry>
		</Placemark>
		<Placemark id="ID_00071">
			<name>-31</name>
			<Snippet maxLines="0"></Snippet>
			<description><![CDATA[<html xmlns:fo="http://www.w3.org/1999/XSL/Format" xmlns:msxsl="urn:schemas-microsoft-com:xslt">

<head>

<META http-equiv="Content-Type" content="text/html">

<meta http-equiv="content-type" content="text/html; charset=UTF-8">

</head>

<body style="margin:0px 0px 0px 0px;overflow:auto;background:#FFFFFF;">

<table style="font-family:Arial,Verdana,Times;font-size:12px;text-align:left;width:100%;border-collapse:collapse;padding:3px 3px 3px 3px">

<tr style="text-align:center;font-weight:bold;background:#9CBCE2">

<td>Nautical</td>

</tr>

<tr>

<td>

<table style="font-family:Arial,Verdana,Times;font-size:12px;text-align:left;width:100%;border-spacing:0px; padding:3px 3px 3px 3px">

<tr>

<td>FID</td>

<td>71</td>

</tr>

<tr bgcolor="#D4E4F3">

<td>MAJ_CAT</td>

<td>Nautical</td>

</tr>

<tr>

<td>L_LIMIT</td>

<td>0</td>

</tr>

<tr bgcolor="#D4E4F3">

<td>U_LIMIT</td>

<td>0</td>

</tr>

<tr>

<td>ZORDER</td>

<td>9</td>

</tr>

<tr bgcolor="#D4E4F3">

<td>LAYER</td>

<td>0</td>

</tr>

<tr>

<td>MODE</td>

<td>2T</td>

</tr>

<tr bgcolor="#D4E4F3">

<td>COLOR</td>

<td>0</td>

</tr>

<tr>

<td>WIDTH</td>

<td>0</td>

</tr>

<tr bgcolor="#D4E4F3">

<td>MIN_CAT</td>

<td>1Depth Contours</td>

</tr>

<tr>

<td>RTP_LIMIT</td>

<td>0</td>

</tr>

<tr bgcolor="#D4E4F3">

<td>RTP_COLOR</td>

<td>19</td>

</tr>

<tr>

<td>FONT</td>

<td>020</td>

</tr>

<tr bgcolor="#D4E4F3">

<td>VALUE</td>

<td>31</td>

</tr>

<tr>

<td>TYPE</td>

<td>0</td>

</tr>

<tr bgcolor="#D4E4F3">

<td>Depth</td>

<td>-31</td>

</tr>

</table>

</td>

</tr>

</table>

</body>

</html>]]></description>
			<styleUrl>#LineStyle043</styleUrl>
			<MultiGeometry>
				<LineString>
					<tessellate>1</tessellate>
					<coordinates>
						101.524373912,1.679281024,0 101.524444088,1.679353373,0 101.524490744,1.679389548,0 101.524652512,1.679461897,0 101.524814279,1.679520511,0 101.524901754,1.67957042,0 101.524987263,1.679642769,0 101.52511984,1.679807918,0 101.525173763,1.679862984,0 101.525245659,1.679910902,0 101.525359807,1.679968339,0 101.525416731,1.680004514,0 101.525725801,1.680239648,0 101.525892729,1.680404484,0 101.525946652,1.680437973,0 101.525964626,1.680443671,0 101.5259826,1.680442518,0 101.526018549,1.680410873,0 101.526028918,1.680384345,0 101.526015377,1.680293909,0 101.525954206,1.680131124,0 101.525867306,1.679950252,0 101.525810137,1.679859816,0 101.525780939,1.679823641,0 101.525721975,1.679769379,0 101.525497298,1.679610233,0 101.525371478,1.679494157,0 101.525281608,1.679425722,0 101.525128364,1.679281024,0 101.525070493,1.679190588,0 101.525047943,1.679170131,0 101.524994021,1.679137988,0 101.524922124,1.679118503,0 101.524832253,1.679111228,0 101.524742383,1.679119883,0 101.524652512,1.679141455,0 101.524404296,1.679226762,0 101.524375331,1.67924485,0 101.524366637,1.679262937,0 101.524373912,1.679281024,0 
					</coordinates>
				</LineString>
			</MultiGeometry>
		</Placemark>
		<Placemark id="ID_00072">
			<name>-31</name>
			<Snippet maxLines="0"></Snippet>
			<description><![CDATA[<html xmlns:fo="http://www.w3.org/1999/XSL/Format" xmlns:msxsl="urn:schemas-microsoft-com:xslt">

<head>

<META http-equiv="Content-Type" content="text/html">

<meta http-equiv="content-type" content="text/html; charset=UTF-8">

</head>

<body style="margin:0px 0px 0px 0px;overflow:auto;background:#FFFFFF;">

<table style="font-family:Arial,Verdana,Times;font-size:12px;text-align:left;width:100%;border-collapse:collapse;padding:3px 3px 3px 3px">

<tr style="text-align:center;font-weight:bold;background:#9CBCE2">

<td>Nautical</td>

</tr>

<tr>

<td>

<table style="font-family:Arial,Verdana,Times;font-size:12px;text-align:left;width:100%;border-spacing:0px; padding:3px 3px 3px 3px">

<tr>

<td>FID</td>

<td>72</td>

</tr>

<tr bgcolor="#D4E4F3">

<td>MAJ_CAT</td>

<td>Nautical</td>

</tr>

<tr>

<td>L_LIMIT</td>

<td>0</td>

</tr>

<tr bgcolor="#D4E4F3">

<td>U_LIMIT</td>

<td>0</td>

</tr>

<tr>

<td>ZORDER</td>

<td>9</td>

</tr>

<tr bgcolor="#D4E4F3">

<td>LAYER</td>

<td>0</td>

</tr>

<tr>

<td>MODE</td>

<td>2T</td>

</tr>

<tr bgcolor="#D4E4F3">

<td>COLOR</td>

<td>0</td>

</tr>

<tr>

<td>WIDTH</td>

<td>0</td>

</tr>

<tr bgcolor="#D4E4F3">

<td>MIN_CAT</td>

<td>1Depth Contours</td>

</tr>

<tr>

<td>RTP_LIMIT</td>

<td>0</td>

</tr>

<tr bgcolor="#D4E4F3">

<td>RTP_COLOR</td>

<td>19</td>

</tr>

<tr>

<td>FONT</td>

<td>020</td>

</tr>

<tr bgcolor="#D4E4F3">

<td>VALUE</td>

<td>31</td>

</tr>

<tr>

<td>TYPE</td>

<td>0</td>

</tr>

<tr bgcolor="#D4E4F3">

<td>Depth</td>

<td>-31</td>

</tr>

</table>

</td>

</tr>

</table>

</body>

</html>]]></description>
			<styleUrl>#LineStyle043</styleUrl>
			<MultiGeometry>
				<LineString>
					<tessellate>1</tessellate>
					<coordinates>
						101.523084838,1.680529043,0 101.523101668,1.680565218,0 101.523160656,1.68061812,0 101.523196604,1.680639793,0 101.523232553,1.680654331,0 101.523268501,1.680661484,0 101.523304449,1.680662101,0 101.523340398,1.680650809,0 101.523352888,1.680637567,0 101.523357698,1.680619479,0 101.523349206,1.680510956,0 101.523322423,1.680475187,0 101.523286475,1.680451607,0 101.523250527,1.680440142,0 101.523214578,1.680435848,0 101.52317863,1.680437054,0 101.523142682,1.680445035,0 101.523119372,1.680456694,0 101.523101384,1.680474782,0 101.523084838,1.680529043,0 
					</coordinates>
				</LineString>
			</MultiGeometry>
		</Placemark>
		<Placemark id="ID_00073">
			<name>-31</name>
			<Snippet maxLines="0"></Snippet>
			<description><![CDATA[<html xmlns:fo="http://www.w3.org/1999/XSL/Format" xmlns:msxsl="urn:schemas-microsoft-com:xslt">

<head>

<META http-equiv="Content-Type" content="text/html">

<meta http-equiv="content-type" content="text/html; charset=UTF-8">

</head>

<body style="margin:0px 0px 0px 0px;overflow:auto;background:#FFFFFF;">

<table style="font-family:Arial,Verdana,Times;font-size:12px;text-align:left;width:100%;border-collapse:collapse;padding:3px 3px 3px 3px">

<tr style="text-align:center;font-weight:bold;background:#9CBCE2">

<td>Nautical</td>

</tr>

<tr>

<td>

<table style="font-family:Arial,Verdana,Times;font-size:12px;text-align:left;width:100%;border-spacing:0px; padding:3px 3px 3px 3px">

<tr>

<td>FID</td>

<td>73</td>

</tr>

<tr bgcolor="#D4E4F3">

<td>MAJ_CAT</td>

<td>Nautical</td>

</tr>

<tr>

<td>L_LIMIT</td>

<td>0</td>

</tr>

<tr bgcolor="#D4E4F3">

<td>U_LIMIT</td>

<td>0</td>

</tr>

<tr>

<td>ZORDER</td>

<td>9</td>

</tr>

<tr bgcolor="#D4E4F3">

<td>LAYER</td>

<td>0</td>

</tr>

<tr>

<td>MODE</td>

<td>2T</td>

</tr>

<tr bgcolor="#D4E4F3">

<td>COLOR</td>

<td>0</td>

</tr>

<tr>

<td>WIDTH</td>

<td>0</td>

</tr>

<tr bgcolor="#D4E4F3">

<td>MIN_CAT</td>

<td>1Depth Contours</td>

</tr>

<tr>

<td>RTP_LIMIT</td>

<td>0</td>

</tr>

<tr bgcolor="#D4E4F3">

<td>RTP_COLOR</td>

<td>19</td>

</tr>

<tr>

<td>FONT</td>

<td>020</td>

</tr>

<tr bgcolor="#D4E4F3">

<td>VALUE</td>

<td>31</td>

</tr>

<tr>

<td>TYPE</td>

<td>0</td>

</tr>

<tr bgcolor="#D4E4F3">

<td>Depth</td>

<td>-31</td>

</tr>

</table>

</td>

</tr>

</table>

</body>

</html>]]></description>
			<styleUrl>#LineStyle043</styleUrl>
			<MultiGeometry>
				<LineString>
					<tessellate>1</tessellate>
					<coordinates>
						101.523515646,1.680728003,0 101.523521061,1.68074609,0 101.523556088,1.680762711,0 101.523574062,1.680767427,0 101.523627984,1.680772904,0 101.523686809,1.680764177,0 101.52369618,1.68074609,0 101.523675591,1.680728003,0 101.523627984,1.680708045,0 101.523592036,1.680704285,0 101.523538113,1.680708333,0 101.523515646,1.680728003,0 
					</coordinates>
				</LineString>
			</MultiGeometry>
		</Placemark>
		<Placemark id="ID_00074">
			<name>-31</name>
			<Snippet maxLines="0"></Snippet>
			<description><![CDATA[<html xmlns:fo="http://www.w3.org/1999/XSL/Format" xmlns:msxsl="urn:schemas-microsoft-com:xslt">

<head>

<META http-equiv="Content-Type" content="text/html">

<meta http-equiv="content-type" content="text/html; charset=UTF-8">

</head>

<body style="margin:0px 0px 0px 0px;overflow:auto;background:#FFFFFF;">

<table style="font-family:Arial,Verdana,Times;font-size:12px;text-align:left;width:100%;border-collapse:collapse;padding:3px 3px 3px 3px">

<tr style="text-align:center;font-weight:bold;background:#9CBCE2">

<td>Nautical</td>

</tr>

<tr>

<td>

<table style="font-family:Arial,Verdana,Times;font-size:12px;text-align:left;width:100%;border-spacing:0px; padding:3px 3px 3px 3px">

<tr>

<td>FID</td>

<td>74</td>

</tr>

<tr bgcolor="#D4E4F3">

<td>MAJ_CAT</td>

<td>Nautical</td>

</tr>

<tr>

<td>L_LIMIT</td>

<td>0</td>

</tr>

<tr bgcolor="#D4E4F3">

<td>U_LIMIT</td>

<td>0</td>

</tr>

<tr>

<td>ZORDER</td>

<td>9</td>

</tr>

<tr bgcolor="#D4E4F3">

<td>LAYER</td>

<td>0</td>

</tr>

<tr>

<td>MODE</td>

<td>2T</td>

</tr>

<tr bgcolor="#D4E4F3">

<td>COLOR</td>

<td>0</td>

</tr>

<tr>

<td>WIDTH</td>

<td>0</td>

</tr>

<tr bgcolor="#D4E4F3">

<td>MIN_CAT</td>

<td>1Depth Contours</td>

</tr>

<tr>

<td>RTP_LIMIT</td>

<td>0</td>

</tr>

<tr bgcolor="#D4E4F3">

<td>RTP_COLOR</td>

<td>19</td>

</tr>

<tr>

<td>FONT</td>

<td>020</td>

</tr>

<tr bgcolor="#D4E4F3">

<td>VALUE</td>

<td>31</td>

</tr>

<tr>

<td>TYPE</td>

<td>0</td>

</tr>

<tr bgcolor="#D4E4F3">

<td>Depth</td>

<td>-31</td>

</tr>

</table>

</td>

</tr>

</table>

</body>

</html>]]></description>
			<styleUrl>#LineStyle043</styleUrl>
			<MultiGeometry>
				<LineString>
					<tessellate>1</tessellate>
					<coordinates>
						101.523895309,1.680926962,0 101.523932903,1.680981224,0 101.52397868,1.681017399,0 101.524185183,1.681117293,0 101.524221132,1.681116963,0 101.524241602,1.681107835,0 101.524275054,1.68107282,0 101.524293028,1.681038268,0 101.524313427,1.68094505,0 101.524311003,1.680907457,0 101.524293028,1.68086234,0 101.524275054,1.680836526,0 101.524239106,1.680808691,0 101.524203158,1.680796075,0 101.524167209,1.680792492,0 101.524101783,1.680800352,0 101.524023416,1.680820102,0 101.523936444,1.680854613,0 101.523906584,1.680872701,0 101.523894601,1.680890788,0 101.523895309,1.680926962,0 
					</coordinates>
				</LineString>
			</MultiGeometry>
		</Placemark>
		<Placemark id="ID_00075">
			<name>-31</name>
			<Snippet maxLines="0"></Snippet>
			<description><![CDATA[<html xmlns:fo="http://www.w3.org/1999/XSL/Format" xmlns:msxsl="urn:schemas-microsoft-com:xslt">

<head>

<META http-equiv="Content-Type" content="text/html">

<meta http-equiv="content-type" content="text/html; charset=UTF-8">

</head>

<body style="margin:0px 0px 0px 0px;overflow:auto;background:#FFFFFF;">

<table style="font-family:Arial,Verdana,Times;font-size:12px;text-align:left;width:100%;border-collapse:collapse;padding:3px 3px 3px 3px">

<tr style="text-align:center;font-weight:bold;background:#9CBCE2">

<td>Nautical</td>

</tr>

<tr>

<td>

<table style="font-family:Arial,Verdana,Times;font-size:12px;text-align:left;width:100%;border-spacing:0px; padding:3px 3px 3px 3px">

<tr>

<td>FID</td>

<td>75</td>

</tr>

<tr bgcolor="#D4E4F3">

<td>MAJ_CAT</td>

<td>Nautical</td>

</tr>

<tr>

<td>L_LIMIT</td>

<td>0</td>

</tr>

<tr bgcolor="#D4E4F3">

<td>U_LIMIT</td>

<td>0</td>

</tr>

<tr>

<td>ZORDER</td>

<td>9</td>

</tr>

<tr bgcolor="#D4E4F3">

<td>LAYER</td>

<td>0</td>

</tr>

<tr>

<td>MODE</td>

<td>2T</td>

</tr>

<tr bgcolor="#D4E4F3">

<td>COLOR</td>

<td>0</td>

</tr>

<tr>

<td>WIDTH</td>

<td>0</td>

</tr>

<tr bgcolor="#D4E4F3">

<td>MIN_CAT</td>

<td>1Depth Contours</td>

</tr>

<tr>

<td>RTP_LIMIT</td>

<td>0</td>

</tr>

<tr bgcolor="#D4E4F3">

<td>RTP_COLOR</td>

<td>19</td>

</tr>

<tr>

<td>FONT</td>

<td>020</td>

</tr>

<tr bgcolor="#D4E4F3">

<td>VALUE</td>

<td>31</td>

</tr>

<tr>

<td>TYPE</td>

<td>0</td>

</tr>

<tr bgcolor="#D4E4F3">

<td>Depth</td>

<td>-31</td>

</tr>

</table>

</td>

</tr>

</table>

</body>

</html>]]></description>
			<styleUrl>#LineStyle043</styleUrl>
			<MultiGeometry>
				<LineString>
					<tessellate>1</tessellate>
					<coordinates>
						101.521506823,1.680619479,0 101.521521338,1.680673741,0 101.521570983,1.68074609,0 101.521615694,1.680782265,0 101.521740697,1.680857046,0 101.521833347,1.68094505,0 101.521894577,1.681035486,0 101.521938803,1.681125922,0 101.521971043,1.681216358,0 101.521992335,1.681240994,0 101.522010309,1.681253237,0 101.522082206,1.68127451,0 101.522297896,1.681310618,0 101.522369793,1.681311412,0 101.522405741,1.681302555,0 101.522423715,1.681291837,0 101.522457353,1.681252533,0 101.522471928,1.681216358,0 101.522536278,1.681125922,0 101.52253622,1.681089748,0 101.522517734,1.681035486,0 101.522433273,1.680908875,0 101.522397802,1.680872701,0 101.52231587,1.68081508,0 101.522208025,1.680755469,0 101.522172077,1.680726695,0 101.522136128,1.680684388,0 101.522064232,1.680558327,0 101.522010309,1.680505926,0 101.521938412,1.680467941,0 101.521803045,1.680438607,0 101.521770926,1.68042052,0 101.521740697,1.680383053,0 101.521704748,1.680355184,0 101.5216688,1.680347848,0 101.521650826,1.680351387,0 101.521626536,1.680366258,0 101.521600634,1.680402433,0 101.521506823,1.680619479,0 
					</coordinates>
				</LineString>
			</MultiGeometry>
		</Placemark>
		<Placemark id="ID_00076">
			<name>-31</name>
			<Snippet maxLines="0"></Snippet>
			<description><![CDATA[<html xmlns:fo="http://www.w3.org/1999/XSL/Format" xmlns:msxsl="urn:schemas-microsoft-com:xslt">

<head>

<META http-equiv="Content-Type" content="text/html">

<meta http-equiv="content-type" content="text/html; charset=UTF-8">

</head>

<body style="margin:0px 0px 0px 0px;overflow:auto;background:#FFFFFF;">

<table style="font-family:Arial,Verdana,Times;font-size:12px;text-align:left;width:100%;border-collapse:collapse;padding:3px 3px 3px 3px">

<tr style="text-align:center;font-weight:bold;background:#9CBCE2">

<td>Nautical</td>

</tr>

<tr>

<td>

<table style="font-family:Arial,Verdana,Times;font-size:12px;text-align:left;width:100%;border-spacing:0px; padding:3px 3px 3px 3px">

<tr>

<td>FID</td>

<td>76</td>

</tr>

<tr bgcolor="#D4E4F3">

<td>MAJ_CAT</td>

<td>Nautical</td>

</tr>

<tr>

<td>L_LIMIT</td>

<td>0</td>

</tr>

<tr bgcolor="#D4E4F3">

<td>U_LIMIT</td>

<td>0</td>

</tr>

<tr>

<td>ZORDER</td>

<td>9</td>

</tr>

<tr bgcolor="#D4E4F3">

<td>LAYER</td>

<td>0</td>

</tr>

<tr>

<td>MODE</td>

<td>2T</td>

</tr>

<tr bgcolor="#D4E4F3">

<td>COLOR</td>

<td>0</td>

</tr>

<tr>

<td>WIDTH</td>

<td>0</td>

</tr>

<tr bgcolor="#D4E4F3">

<td>MIN_CAT</td>

<td>1Depth Contours</td>

</tr>

<tr>

<td>RTP_LIMIT</td>

<td>0</td>

</tr>

<tr bgcolor="#D4E4F3">

<td>RTP_COLOR</td>

<td>19</td>

</tr>

<tr>

<td>FONT</td>

<td>020</td>

</tr>

<tr bgcolor="#D4E4F3">

<td>VALUE</td>

<td>31</td>

</tr>

<tr>

<td>TYPE</td>

<td>0</td>

</tr>

<tr bgcolor="#D4E4F3">

<td>Depth</td>

<td>-31</td>

</tr>

</table>

</td>

</tr>

</table>

</body>

</html>]]></description>
			<styleUrl>#LineStyle043</styleUrl>
			<MultiGeometry>
				<LineString>
					<tessellate>1</tessellate>
					<coordinates>
						101.522565435,1.681451492,0 101.522621431,1.681513258,0 101.522657379,1.681532885,0 101.522693328,1.681535351,0 101.522729276,1.681514674,0 101.52274725,1.681492986,0 101.522766202,1.681433405,0 101.52274725,1.681412204,0 101.522711302,1.681390478,0 101.522675353,1.681380989,0 101.522639405,1.681379016,0 101.522585483,1.681394464,0 101.52255715,1.681415318,0 101.522549784,1.681433405,0 101.522565435,1.681451492,0 
					</coordinates>
				</LineString>
			</MultiGeometry>
		</Placemark>
		<Placemark id="ID_00077">
			<name>-31</name>
			<Snippet maxLines="0"></Snippet>
			<description><![CDATA[<html xmlns:fo="http://www.w3.org/1999/XSL/Format" xmlns:msxsl="urn:schemas-microsoft-com:xslt">

<head>

<META http-equiv="Content-Type" content="text/html">

<meta http-equiv="content-type" content="text/html; charset=UTF-8">

</head>

<body style="margin:0px 0px 0px 0px;overflow:auto;background:#FFFFFF;">

<table style="font-family:Arial,Verdana,Times;font-size:12px;text-align:left;width:100%;border-collapse:collapse;padding:3px 3px 3px 3px">

<tr style="text-align:center;font-weight:bold;background:#9CBCE2">

<td>Nautical</td>

</tr>

<tr>

<td>

<table style="font-family:Arial,Verdana,Times;font-size:12px;text-align:left;width:100%;border-spacing:0px; padding:3px 3px 3px 3px">

<tr>

<td>FID</td>

<td>77</td>

</tr>

<tr bgcolor="#D4E4F3">

<td>MAJ_CAT</td>

<td>Nautical</td>

</tr>

<tr>

<td>L_LIMIT</td>

<td>0</td>

</tr>

<tr bgcolor="#D4E4F3">

<td>U_LIMIT</td>

<td>0</td>

</tr>

<tr>

<td>ZORDER</td>

<td>9</td>

</tr>

<tr bgcolor="#D4E4F3">

<td>LAYER</td>

<td>0</td>

</tr>

<tr>

<td>MODE</td>

<td>2T</td>

</tr>

<tr bgcolor="#D4E4F3">

<td>COLOR</td>

<td>0</td>

</tr>

<tr>

<td>WIDTH</td>

<td>0</td>

</tr>

<tr bgcolor="#D4E4F3">

<td>MIN_CAT</td>

<td>1Depth Contours</td>

</tr>

<tr>

<td>RTP_LIMIT</td>

<td>0</td>

</tr>

<tr bgcolor="#D4E4F3">

<td>RTP_COLOR</td>

<td>19</td>

</tr>

<tr>

<td>FONT</td>

<td>020</td>

</tr>

<tr bgcolor="#D4E4F3">

<td>VALUE</td>

<td>31</td>

</tr>

<tr>

<td>TYPE</td>

<td>0</td>

</tr>

<tr bgcolor="#D4E4F3">

<td>Depth</td>

<td>-31</td>

</tr>

</table>

</td>

</tr>

</table>

</body>

</html>]]></description>
			<styleUrl>#LineStyle043</styleUrl>
			<MultiGeometry>
				<LineString>
					<tessellate>1</tessellate>
					<coordinates>
						101.521363239,1.681716417,0 101.521381213,1.681716417,0 101.521396374,1.681686626,0 101.521417162,1.681669392,0 101.521489058,1.681647306,0 101.521525007,1.681626637,0 101.521614877,1.681618763,0 101.5216688,1.681599233,0 101.521700383,1.681578103,0 101.521726258,1.681541928,0 101.521720428,1.681523841,0 101.521686774,1.681498241,0 101.521560955,1.681456936,0 101.521507032,1.681418332,0 101.52146474,1.681361056,0 101.521419995,1.681198271,0 101.521399187,1.681161662,0 101.521363239,1.681135545,0 101.521306467,1.681107835,0 101.521273368,1.681095446,0 101.52123742,1.681095446,0 
					</coordinates>
				</LineString>
			</MultiGeometry>
		</Placemark>
		<Placemark id="ID_00078">
			<name>-31</name>
			<Snippet maxLines="0"></Snippet>
			<description><![CDATA[<html xmlns:fo="http://www.w3.org/1999/XSL/Format" xmlns:msxsl="urn:schemas-microsoft-com:xslt">

<head>

<META http-equiv="Content-Type" content="text/html">

<meta http-equiv="content-type" content="text/html; charset=UTF-8">

</head>

<body style="margin:0px 0px 0px 0px;overflow:auto;background:#FFFFFF;">

<table style="font-family:Arial,Verdana,Times;font-size:12px;text-align:left;width:100%;border-collapse:collapse;padding:3px 3px 3px 3px">

<tr style="text-align:center;font-weight:bold;background:#9CBCE2">

<td>Nautical</td>

</tr>

<tr>

<td>

<table style="font-family:Arial,Verdana,Times;font-size:12px;text-align:left;width:100%;border-spacing:0px; padding:3px 3px 3px 3px">

<tr>

<td>FID</td>

<td>78</td>

</tr>

<tr bgcolor="#D4E4F3">

<td>MAJ_CAT</td>

<td>Nautical</td>

</tr>

<tr>

<td>L_LIMIT</td>

<td>0</td>

</tr>

<tr bgcolor="#D4E4F3">

<td>U_LIMIT</td>

<td>0</td>

</tr>

<tr>

<td>ZORDER</td>

<td>9</td>

</tr>

<tr bgcolor="#D4E4F3">

<td>LAYER</td>

<td>0</td>

</tr>

<tr>

<td>MODE</td>

<td>2T</td>

</tr>

<tr bgcolor="#D4E4F3">

<td>COLOR</td>

<td>0</td>

</tr>

<tr>

<td>WIDTH</td>

<td>0</td>

</tr>

<tr bgcolor="#D4E4F3">

<td>MIN_CAT</td>

<td>1Depth Contours</td>

</tr>

<tr>

<td>RTP_LIMIT</td>

<td>0</td>

</tr>

<tr bgcolor="#D4E4F3">

<td>RTP_COLOR</td>

<td>19</td>

</tr>

<tr>

<td>FONT</td>

<td>020</td>

</tr>

<tr bgcolor="#D4E4F3">

<td>VALUE</td>

<td>31</td>

</tr>

<tr>

<td>TYPE</td>

<td>0</td>

</tr>

<tr bgcolor="#D4E4F3">

<td>Depth</td>

<td>-31</td>

</tr>

</table>

</td>

</tr>

</table>

</body>

</html>]]></description>
			<styleUrl>#LineStyle043</styleUrl>
			<MultiGeometry>
				<LineString>
					<tessellate>1</tessellate>
					<coordinates>
						101.521507032,1.682659719,0 101.521525007,1.682659719,0 101.521632852,1.682727989,0 101.521734498,1.682826122,0 101.521758671,1.682836826,0 101.521795767,1.682826122,0 101.521830567,1.682777595,0 101.521848542,1.682738851,0 101.521875503,1.682627162,0 101.521872781,1.682410116,0 101.521885424,1.682301592,0 101.521883954,1.68224733,0 101.521877731,1.682211156,0 101.521857432,1.682174982,0 101.521811865,1.682156894,0 101.521686774,1.682124014,0 101.521635136,1.682102633,0 101.521570074,1.682048371,0 101.521525007,1.681999218,0 101.521417162,1.681924952,0 101.521381213,1.681924952,0 
					</coordinates>
				</LineString>
			</MultiGeometry>
		</Placemark>
		<Placemark id="ID_00079">
			<name>-13</name>
			<Snippet maxLines="0"></Snippet>
			<description><![CDATA[<html xmlns:fo="http://www.w3.org/1999/XSL/Format" xmlns:msxsl="urn:schemas-microsoft-com:xslt">

<head>

<META http-equiv="Content-Type" content="text/html">

<meta http-equiv="content-type" content="text/html; charset=UTF-8">

</head>

<body style="margin:0px 0px 0px 0px;overflow:auto;background:#FFFFFF;">

<table style="font-family:Arial,Verdana,Times;font-size:12px;text-align:left;width:100%;border-collapse:collapse;padding:3px 3px 3px 3px">

<tr style="text-align:center;font-weight:bold;background:#9CBCE2">

<td>Nautical</td>

</tr>

<tr>

<td>

<table style="font-family:Arial,Verdana,Times;font-size:12px;text-align:left;width:100%;border-spacing:0px; padding:3px 3px 3px 3px">

<tr>

<td>FID</td>

<td>79</td>

</tr>

<tr bgcolor="#D4E4F3">

<td>MAJ_CAT</td>

<td>Nautical</td>

</tr>

<tr>

<td>L_LIMIT</td>

<td>0</td>

</tr>

<tr bgcolor="#D4E4F3">

<td>U_LIMIT</td>

<td>0</td>

</tr>

<tr>

<td>ZORDER</td>

<td>9</td>

</tr>

<tr bgcolor="#D4E4F3">

<td>LAYER</td>

<td>0</td>

</tr>

<tr>

<td>MODE</td>

<td>2T</td>

</tr>

<tr bgcolor="#D4E4F3">

<td>COLOR</td>

<td>0</td>

</tr>

<tr>

<td>WIDTH</td>

<td>0</td>

</tr>

<tr bgcolor="#D4E4F3">

<td>MIN_CAT</td>

<td>1Depth Contours</td>

</tr>

<tr>

<td>RTP_LIMIT</td>

<td>0</td>

</tr>

<tr bgcolor="#D4E4F3">

<td>RTP_COLOR</td>

<td>19</td>

</tr>

<tr>

<td>FONT</td>

<td>020</td>

</tr>

<tr bgcolor="#D4E4F3">

<td>VALUE</td>

<td>13</td>

</tr>

<tr>

<td>TYPE</td>

<td>0</td>

</tr>

<tr bgcolor="#D4E4F3">

<td>Depth</td>

<td>-13</td>

</tr>

</table>

</td>

</tr>

</table>

</body>

</html>]]></description>
			<styleUrl>#LineStyle079</styleUrl>
			<MultiGeometry>
				<LineString>
					<tessellate>1</tessellate>
					<coordinates>
						101.524217537,1.668826603,0 101.524226124,1.66884469,0 101.524239106,1.668854096,0 101.52425708,1.668852441,0 101.524275054,1.668835646,0 101.524282341,1.668790428,0 101.524275054,1.668774468,0 101.52425708,1.668762867,0 101.524239106,1.668768895,0 101.524223129,1.668790428,0 101.524217537,1.668826603,0 
					</coordinates>
				</LineString>
			</MultiGeometry>
		</Placemark>
		<Placemark id="ID_00080">
			<name>-13</name>
			<Snippet maxLines="0"></Snippet>
			<description><![CDATA[<html xmlns:fo="http://www.w3.org/1999/XSL/Format" xmlns:msxsl="urn:schemas-microsoft-com:xslt">

<head>

<META http-equiv="Content-Type" content="text/html">

<meta http-equiv="content-type" content="text/html; charset=UTF-8">

</head>

<body style="margin:0px 0px 0px 0px;overflow:auto;background:#FFFFFF;">

<table style="font-family:Arial,Verdana,Times;font-size:12px;text-align:left;width:100%;border-collapse:collapse;padding:3px 3px 3px 3px">

<tr style="text-align:center;font-weight:bold;background:#9CBCE2">

<td>Nautical</td>

</tr>

<tr>

<td>

<table style="font-family:Arial,Verdana,Times;font-size:12px;text-align:left;width:100%;border-spacing:0px; padding:3px 3px 3px 3px">

<tr>

<td>FID</td>

<td>80</td>

</tr>

<tr bgcolor="#D4E4F3">

<td>MAJ_CAT</td>

<td>Nautical</td>

</tr>

<tr>

<td>L_LIMIT</td>

<td>0</td>

</tr>

<tr bgcolor="#D4E4F3">

<td>U_LIMIT</td>

<td>0</td>

</tr>

<tr>

<td>ZORDER</td>

<td>9</td>

</tr>

<tr bgcolor="#D4E4F3">

<td>LAYER</td>

<td>0</td>

</tr>

<tr>

<td>MODE</td>

<td>2T</td>

</tr>

<tr bgcolor="#D4E4F3">

<td>COLOR</td>

<td>0</td>

</tr>

<tr>

<td>WIDTH</td>

<td>0</td>

</tr>

<tr bgcolor="#D4E4F3">

<td>MIN_CAT</td>

<td>1Depth Contours</td>

</tr>

<tr>

<td>RTP_LIMIT</td>

<td>0</td>

</tr>

<tr bgcolor="#D4E4F3">

<td>RTP_COLOR</td>

<td>19</td>

</tr>

<tr>

<td>FONT</td>

<td>020</td>

</tr>

<tr bgcolor="#D4E4F3">

<td>VALUE</td>

<td>13</td>

</tr>

<tr>

<td>TYPE</td>

<td>0</td>

</tr>

<tr bgcolor="#D4E4F3">

<td>Depth</td>

<td>-13</td>

</tr>

</table>

</td>

</tr>

</table>

</body>

</html>]]></description>
			<styleUrl>#LineStyle079</styleUrl>
			<MultiGeometry>
				<LineString>
					<tessellate>1</tessellate>
					<coordinates>
						101.524580615,1.669613262,0 101.524508718,1.669613262,0 101.524436822,1.66963027,0 101.524400873,1.669634669,0 101.524328977,1.669688529,0 101.524226267,1.669785226,0 101.524211228,1.669803313,0 101.524185536,1.669857575,0 101.524121694,1.670038447,0 101.524039952,1.67021932,0 101.524023416,1.670240599,0 101.523987468,1.670267364,0 101.523951519,1.670287679,0 101.523897597,1.670305998,0 101.523861648,1.670312369,0 101.523807726,1.670316259,0 101.523753803,1.670315139,0 101.523663933,1.670308765,0 101.52361001,1.670308249,0 101.523538113,1.670311823,0 101.523466217,1.670319979,0 101.523376346,1.670326907,0 101.523304449,1.670326336,0 101.523268501,1.670321954,0 101.523232553,1.670304462,0 101.523184622,1.670273581,0 101.523016863,1.670135917,0 101.522998888,1.670126622,0 101.522980914,1.67012471,0 101.52296294,1.670125534,0 101.522944966,1.670131144,0 101.522909018,1.670165058,0 101.522906771,1.670183145,0 101.522921375,1.670237407,0 101.522916418,1.670255494,0 101.52286838,1.670327843,0 101.522813904,1.670382105,0 101.52271457,1.670436367,0 101.522657379,1.670455374,0 101.522585483,1.670467086,0 101.522459663,1.670481836,0 101.522225999,1.670531122,0 101.522136128,1.670552563,0 101.522010309,1.670586271,0 101.521836559,1.670653413,0 101.521740697,1.670677435,0 101.521686774,1.670687279,0 101.521632852,1.670692772,0 101.521578929,1.670693464,0 101.521525007,1.67068714,0 101.521471084,1.670672461,0 101.521426748,1.670653413,0 101.521291342,1.670569135,0 101.521255394,1.670555818,0 101.521147549,1.670540279,0 101.520931859,1.670513405,0 101.520752117,1.67048516,0 101.520680221,1.67047857,0 101.520626298,1.670478407,0 101.520500479,1.670483594,0 101.520320737,1.670497662,0 101.520284789,1.670498897,0 101.520248841,1.670496657,0 101.520230867,1.670497754,0 101.520194918,1.670507549,0 101.520176944,1.670517156,0 101.520140996,1.670548909,0 101.520105047,1.670605663,0 101.520069099,1.670683076,0 101.519979228,1.670801126,0 
					</coordinates>
				</LineString>
			</MultiGeometry>
		</Placemark>
		<Placemark id="ID_00081">
			<name>-13</name>
			<Snippet maxLines="0"></Snippet>
			<description><![CDATA[<html xmlns:fo="http://www.w3.org/1999/XSL/Format" xmlns:msxsl="urn:schemas-microsoft-com:xslt">

<head>

<META http-equiv="Content-Type" content="text/html">

<meta http-equiv="content-type" content="text/html; charset=UTF-8">

</head>

<body style="margin:0px 0px 0px 0px;overflow:auto;background:#FFFFFF;">

<table style="font-family:Arial,Verdana,Times;font-size:12px;text-align:left;width:100%;border-collapse:collapse;padding:3px 3px 3px 3px">

<tr style="text-align:center;font-weight:bold;background:#9CBCE2">

<td>Nautical</td>

</tr>

<tr>

<td>

<table style="font-family:Arial,Verdana,Times;font-size:12px;text-align:left;width:100%;border-spacing:0px; padding:3px 3px 3px 3px">

<tr>

<td>FID</td>

<td>81</td>

</tr>

<tr bgcolor="#D4E4F3">

<td>MAJ_CAT</td>

<td>Nautical</td>

</tr>

<tr>

<td>L_LIMIT</td>

<td>0</td>

</tr>

<tr bgcolor="#D4E4F3">

<td>U_LIMIT</td>

<td>0</td>

</tr>

<tr>

<td>ZORDER</td>

<td>9</td>

</tr>

<tr bgcolor="#D4E4F3">

<td>LAYER</td>

<td>0</td>

</tr>

<tr>

<td>MODE</td>

<td>2T</td>

</tr>

<tr bgcolor="#D4E4F3">

<td>COLOR</td>

<td>0</td>

</tr>

<tr>

<td>WIDTH</td>

<td>0</td>

</tr>

<tr bgcolor="#D4E4F3">

<td>MIN_CAT</td>

<td>1Depth Contours</td>

</tr>

<tr>

<td>RTP_LIMIT</td>

<td>0</td>

</tr>

<tr bgcolor="#D4E4F3">

<td>RTP_COLOR</td>

<td>19</td>

</tr>

<tr>

<td>FONT</td>

<td>020</td>

</tr>

<tr bgcolor="#D4E4F3">

<td>VALUE</td>

<td>13</td>

</tr>

<tr>

<td>TYPE</td>

<td>0</td>

</tr>

<tr bgcolor="#D4E4F3">

<td>Depth</td>

<td>-13</td>

</tr>

</table>

</td>

</tr>

</table>

</body>

</html>]]></description>
			<styleUrl>#LineStyle079</styleUrl>
			<MultiGeometry>
				<LineString>
					<tessellate>1</tessellate>
					<coordinates>
						101.522495612,1.690372115,0 101.522513586,1.690372115,0 101.522549534,1.690390818,0 101.522585483,1.690394282,0 101.522621431,1.690391973,0 101.522657379,1.690404672,0 101.522675353,1.690403064,0 101.522765224,1.69034928,0 101.522837121,1.690297994,0 101.522932418,1.690187625,0 101.523006326,1.690115277,0 101.523070785,1.690034819,0 101.523106733,1.690005057,0 101.523142682,1.689991599,0 101.523160656,1.68998999,0 101.523304449,1.690010813,0 101.523340398,1.690012141,0 101.523376346,1.690005071,0 101.523430268,1.689973744,0 101.523450864,1.689952491,0 101.523468785,1.689916317,0 101.523503125,1.689717357,0 101.523558013,1.689554572,0 101.523592036,1.689427224,0 101.52361881,1.6893737,0 101.523645958,1.689339415,0 101.523666874,1.689319438,0 101.523699881,1.689299467,0 101.523735829,1.689288074,0 101.523771778,1.689284105,0 101.523807726,1.689289052,0 101.523843674,1.689300503,0 101.524005442,1.689409875,0 101.524081832,1.689482223,0 101.524167209,1.689500311,0 101.524221132,1.689503702,0 101.52425708,1.689499121,0 101.524293028,1.68948918,0 101.524346951,1.68946779,0 101.524388292,1.689446049,0 101.524441315,1.689409875,0 101.524504426,1.689355613,0 101.524598589,1.689257366,0 101.524616563,1.68924478,0 101.524652512,1.689230133,0 101.524670486,1.689227416,0 101.524706434,1.689228696,0 101.524922124,1.6892754,0 101.524958073,1.689273156,0 101.524976047,1.689265177,0 101.525004506,1.689229002,0 101.525013829,1.689192828,0 101.525033141,1.689156653,0 101.525129046,1.68904813,0 101.525185515,1.689011955,0 101.525243663,1.688993868,0 101.525329186,1.688975781,0 101.525357223,1.688957694,0 101.525363262,1.688939606,0 101.525356181,1.688903432,0 101.525281608,1.68878154,0 101.525268084,1.688740647,0 101.525267794,1.688686385,0 101.525280354,1.688632124,0 101.525299582,1.688601793,0 101.525325002,1.688577862,0 101.525353504,1.688559945,0 101.525389453,1.68854548,0 101.525479323,1.688526146,0 101.525533246,1.688523313,0 101.525623117,1.688527922,0 101.525748936,1.688547156,0 101.525784884,1.688549014,0 101.525838807,1.688539769,0 101.525872259,1.6885236,0 101.525893434,1.688505513,0 101.525972302,1.688324641,0 101.525991114,1.688252292,0 101.525990718,1.688216117,0 101.525953416,1.688107594,0 101.525950628,1.688053332,0 101.5259826,1.687992288,0 101.526036523,1.687934142,0 101.526054497,1.687926721,0 101.526072471,1.687928731,0 101.526108419,1.687952935,0 101.526151423,1.68799907,0 101.526159956,1.688053332,0 101.526133534,1.688161855,0 101.52613683,1.688216117,0 101.526159141,1.688252292,0 101.526212199,1.68839699,0 101.526234239,1.688436453,0 101.526268903,1.688469338,0 101.526288161,1.688476145,0 101.526324109,1.688481095,0 101.526342084,1.688479172,0 101.526370123,1.688469338,0 101.526415919,1.688433164,0 101.52658182,1.688143768,0 101.526611696,1.688101457,0 101.526683593,1.688025669,0 101.526708679,1.687980983,0 101.526726748,1.68787246,0 101.526715912,1.687691587,0 101.526721396,1.687655413,0 101.526737515,1.687627796,0 101.526755489,1.687622675,0 101.526773464,1.687630913,0 101.526809412,1.687677807,0 101.526834824,1.687727762,0 101.526858223,1.687800111,0 101.526896318,1.687926721,0 101.526903169,1.687980983,0 101.526917257,1.688007227,0 101.526935231,1.688024114,0 101.526953205,1.688031545,0 101.526989154,1.688019372,0 101.527007128,1.68799961,0 101.527043076,1.687870556,0 101.527066186,1.687836285,0 101.527096999,1.68781508,0 101.527132947,1.687803806,0 101.527168895,1.687805751,0 101.527258766,1.68782471,0 101.52727674,1.687836788,0 101.527294714,1.687859833,0 101.527366611,1.687859833,0 
					</coordinates>
				</LineString>
			</MultiGeometry>
		</Placemark>
		<Placemark id="ID_00082">
			<name>-13</name>
			<Snippet maxLines="0"></Snippet>
			<description><![CDATA[<html xmlns:fo="http://www.w3.org/1999/XSL/Format" xmlns:msxsl="urn:schemas-microsoft-com:xslt">

<head>

<META http-equiv="Content-Type" content="text/html">

<meta http-equiv="content-type" content="text/html; charset=UTF-8">

</head>

<body style="margin:0px 0px 0px 0px;overflow:auto;background:#FFFFFF;">

<table style="font-family:Arial,Verdana,Times;font-size:12px;text-align:left;width:100%;border-collapse:collapse;padding:3px 3px 3px 3px">

<tr style="text-align:center;font-weight:bold;background:#9CBCE2">

<td>Nautical</td>

</tr>

<tr>

<td>

<table style="font-family:Arial,Verdana,Times;font-size:12px;text-align:left;width:100%;border-spacing:0px; padding:3px 3px 3px 3px">

<tr>

<td>FID</td>

<td>82</td>

</tr>

<tr bgcolor="#D4E4F3">

<td>MAJ_CAT</td>

<td>Nautical</td>

</tr>

<tr>

<td>L_LIMIT</td>

<td>0</td>

</tr>

<tr bgcolor="#D4E4F3">

<td>U_LIMIT</td>

<td>0</td>

</tr>

<tr>

<td>ZORDER</td>

<td>9</td>

</tr>

<tr bgcolor="#D4E4F3">

<td>LAYER</td>

<td>0</td>

</tr>

<tr>

<td>MODE</td>

<td>2T</td>

</tr>

<tr bgcolor="#D4E4F3">

<td>COLOR</td>

<td>0</td>

</tr>

<tr>

<td>WIDTH</td>

<td>0</td>

</tr>

<tr bgcolor="#D4E4F3">

<td>MIN_CAT</td>

<td>1Depth Contours</td>

</tr>

<tr>

<td>RTP_LIMIT</td>

<td>0</td>

</tr>

<tr bgcolor="#D4E4F3">

<td>RTP_COLOR</td>

<td>19</td>

</tr>

<tr>

<td>FONT</td>

<td>020</td>

</tr>

<tr bgcolor="#D4E4F3">

<td>VALUE</td>

<td>13</td>

</tr>

<tr>

<td>TYPE</td>

<td>0</td>

</tr>

<tr bgcolor="#D4E4F3">

<td>Depth</td>

<td>-13</td>

</tr>

</table>

</td>

</tr>

</table>

</body>

</html>]]></description>
			<styleUrl>#LineStyle079</styleUrl>
			<MultiGeometry>
				<LineString>
					<tessellate>1</tessellate>
					<coordinates>
						101.531536618,1.69229304,0 101.53150067,1.69229304,0 101.531482695,1.692307628,0 101.531452599,1.692321919,0 101.53137485,1.692390896,0 101.531338902,1.692412807,0 101.53128498,1.692430442,0 101.531123212,1.692462999,0 101.531033341,1.69248395,0 101.530979419,1.692501993,0 101.530907522,1.692536924,0 101.530745755,1.692629105,0 101.530530065,1.692727785,0 101.530458168,1.692754964,0 101.530387328,1.6927741,0 101.53020653,1.69281458,0 101.529990839,1.692874841,0 101.529757175,1.692923197,0 101.529631356,1.692958589,0 101.529487563,1.693006366,0 101.529415666,1.693026459,0 101.529164028,1.693079257,0 101.529038209,1.693118776,0 101.528822519,1.693196216,0 101.528768596,1.693212534,0 101.528714674,1.693224814,0 101.52857088,1.693248523,0 101.528516958,1.693260284,0 101.527977733,1.693415593,0 101.527869888,1.693442863,0 101.527780017,1.69346185,0 101.52770812,1.693473265,0 101.527636224,1.6934797,0 101.527420534,1.693484212,0 101.527330663,1.693489402,0 101.527244386,1.693497589,0 101.527114973,1.693513974,0 101.526935231,1.693533343,0 101.526863334,1.693546838,0 101.526737515,1.693577625,0 101.526683593,1.693587799,0 101.526611696,1.693597996,0 101.526431954,1.693617243,0 101.526378032,1.693625802,0 101.526306135,1.693640226,0 101.526054497,1.693699714,0 101.5259826,1.693713505,0 101.525910703,1.693724014,0 101.525874755,1.693744052,0 101.525862772,1.693768897,0 
					</coordinates>
				</LineString>
			</MultiGeometry>
		</Placemark>
		<Placemark id="ID_00083">
			<name>-13</name>
			<Snippet maxLines="0"></Snippet>
			<description><![CDATA[<html xmlns:fo="http://www.w3.org/1999/XSL/Format" xmlns:msxsl="urn:schemas-microsoft-com:xslt">

<head>

<META http-equiv="Content-Type" content="text/html">

<meta http-equiv="content-type" content="text/html; charset=UTF-8">

</head>

<body style="margin:0px 0px 0px 0px;overflow:auto;background:#FFFFFF;">

<table style="font-family:Arial,Verdana,Times;font-size:12px;text-align:left;width:100%;border-collapse:collapse;padding:3px 3px 3px 3px">

<tr style="text-align:center;font-weight:bold;background:#9CBCE2">

<td>Nautical</td>

</tr>

<tr>

<td>

<table style="font-family:Arial,Verdana,Times;font-size:12px;text-align:left;width:100%;border-spacing:0px; padding:3px 3px 3px 3px">

<tr>

<td>FID</td>

<td>83</td>

</tr>

<tr bgcolor="#D4E4F3">

<td>MAJ_CAT</td>

<td>Nautical</td>

</tr>

<tr>

<td>L_LIMIT</td>

<td>0</td>

</tr>

<tr bgcolor="#D4E4F3">

<td>U_LIMIT</td>

<td>0</td>

</tr>

<tr>

<td>ZORDER</td>

<td>9</td>

</tr>

<tr bgcolor="#D4E4F3">

<td>LAYER</td>

<td>0</td>

</tr>

<tr>

<td>MODE</td>

<td>2T</td>

</tr>

<tr bgcolor="#D4E4F3">

<td>COLOR</td>

<td>0</td>

</tr>

<tr>

<td>WIDTH</td>

<td>0</td>

</tr>

<tr bgcolor="#D4E4F3">

<td>MIN_CAT</td>

<td>1Depth Contours</td>

</tr>

<tr>

<td>RTP_LIMIT</td>

<td>0</td>

</tr>

<tr bgcolor="#D4E4F3">

<td>RTP_COLOR</td>

<td>19</td>

</tr>

<tr>

<td>FONT</td>

<td>020</td>

</tr>

<tr bgcolor="#D4E4F3">

<td>VALUE</td>

<td>13</td>

</tr>

<tr>

<td>TYPE</td>

<td>0</td>

</tr>

<tr bgcolor="#D4E4F3">

<td>Depth</td>

<td>-13</td>

</tr>

</table>

</td>

</tr>

</table>

</body>

</html>]]></description>
			<styleUrl>#LineStyle079</styleUrl>
			<MultiGeometry>
				<LineString>
					<tessellate>1</tessellate>
					<coordinates>
						101.539427277,1.699190596,0 101.539445252,1.699190596,0 
					</coordinates>
				</LineString>
			</MultiGeometry>
		</Placemark>
		<Placemark id="ID_00084">
			<name>-13</name>
			<Snippet maxLines="0"></Snippet>
			<description><![CDATA[<html xmlns:fo="http://www.w3.org/1999/XSL/Format" xmlns:msxsl="urn:schemas-microsoft-com:xslt">

<head>

<META http-equiv="Content-Type" content="text/html">

<meta http-equiv="content-type" content="text/html; charset=UTF-8">

</head>

<body style="margin:0px 0px 0px 0px;overflow:auto;background:#FFFFFF;">

<table style="font-family:Arial,Verdana,Times;font-size:12px;text-align:left;width:100%;border-collapse:collapse;padding:3px 3px 3px 3px">

<tr style="text-align:center;font-weight:bold;background:#9CBCE2">

<td>Nautical</td>

</tr>

<tr>

<td>

<table style="font-family:Arial,Verdana,Times;font-size:12px;text-align:left;width:100%;border-spacing:0px; padding:3px 3px 3px 3px">

<tr>

<td>FID</td>

<td>84</td>

</tr>

<tr bgcolor="#D4E4F3">

<td>MAJ_CAT</td>

<td>Nautical</td>

</tr>

<tr>

<td>L_LIMIT</td>

<td>0</td>

</tr>

<tr bgcolor="#D4E4F3">

<td>U_LIMIT</td>

<td>0</td>

</tr>

<tr>

<td>ZORDER</td>

<td>9</td>

</tr>

<tr bgcolor="#D4E4F3">

<td>LAYER</td>

<td>0</td>

</tr>

<tr>

<td>MODE</td>

<td>2T</td>

</tr>

<tr bgcolor="#D4E4F3">

<td>COLOR</td>

<td>0</td>

</tr>

<tr>

<td>WIDTH</td>

<td>0</td>

</tr>

<tr bgcolor="#D4E4F3">

<td>MIN_CAT</td>

<td>1Depth Contours</td>

</tr>

<tr>

<td>RTP_LIMIT</td>

<td>0</td>

</tr>

<tr bgcolor="#D4E4F3">

<td>RTP_COLOR</td>

<td>19</td>

</tr>

<tr>

<td>FONT</td>

<td>020</td>

</tr>

<tr bgcolor="#D4E4F3">

<td>VALUE</td>

<td>13</td>

</tr>

<tr>

<td>TYPE</td>

<td>0</td>

</tr>

<tr bgcolor="#D4E4F3">

<td>Depth</td>

<td>-13</td>

</tr>

</table>

</td>

</tr>

</table>

</body>

</html>]]></description>
			<styleUrl>#LineStyle079</styleUrl>
			<MultiGeometry>
				<LineString>
					<tessellate>1</tessellate>
					<coordinates>
						101.535886366,1.699946855,0 101.535899102,1.699972817,0 101.535922315,1.699997679,0 101.535940289,1.700010717,0 101.535976237,1.70001566,0 101.536066108,1.699996572,0 101.536263824,1.699938385,0 101.536291483,1.699918555,0 101.536299772,1.699904586,0 101.536312664,1.699846207,0 101.536311189,1.699810032,0 101.536301823,1.699791945,0 101.536281798,1.699772985,0 101.53624585,1.699755144,0 101.536209901,1.699747018,0 101.536173953,1.699744216,0 101.536102056,1.699751082,0 101.536029649,1.699773858,0 101.535966489,1.699810032,0 101.535928088,1.699846207,0 101.535885287,1.699918555,0 101.535886366,1.699946855,0 
					</coordinates>
				</LineString>
			</MultiGeometry>
		</Placemark>
		<Placemark id="ID_00085">
			<name>-13</name>
			<Snippet maxLines="0"></Snippet>
			<description><![CDATA[<html xmlns:fo="http://www.w3.org/1999/XSL/Format" xmlns:msxsl="urn:schemas-microsoft-com:xslt">

<head>

<META http-equiv="Content-Type" content="text/html">

<meta http-equiv="content-type" content="text/html; charset=UTF-8">

</head>

<body style="margin:0px 0px 0px 0px;overflow:auto;background:#FFFFFF;">

<table style="font-family:Arial,Verdana,Times;font-size:12px;text-align:left;width:100%;border-collapse:collapse;padding:3px 3px 3px 3px">

<tr style="text-align:center;font-weight:bold;background:#9CBCE2">

<td>Nautical</td>

</tr>

<tr>

<td>

<table style="font-family:Arial,Verdana,Times;font-size:12px;text-align:left;width:100%;border-spacing:0px; padding:3px 3px 3px 3px">

<tr>

<td>FID</td>

<td>85</td>

</tr>

<tr bgcolor="#D4E4F3">

<td>MAJ_CAT</td>

<td>Nautical</td>

</tr>

<tr>

<td>L_LIMIT</td>

<td>0</td>

</tr>

<tr bgcolor="#D4E4F3">

<td>U_LIMIT</td>

<td>0</td>

</tr>

<tr>

<td>ZORDER</td>

<td>9</td>

</tr>

<tr bgcolor="#D4E4F3">

<td>LAYER</td>

<td>0</td>

</tr>

<tr>

<td>MODE</td>

<td>2T</td>

</tr>

<tr bgcolor="#D4E4F3">

<td>COLOR</td>

<td>0</td>

</tr>

<tr>

<td>WIDTH</td>

<td>0</td>

</tr>

<tr bgcolor="#D4E4F3">

<td>MIN_CAT</td>

<td>1Depth Contours</td>

</tr>

<tr>

<td>RTP_LIMIT</td>

<td>0</td>

</tr>

<tr bgcolor="#D4E4F3">

<td>RTP_COLOR</td>

<td>19</td>

</tr>

<tr>

<td>FONT</td>

<td>020</td>

</tr>

<tr bgcolor="#D4E4F3">

<td>VALUE</td>

<td>13</td>

</tr>

<tr>

<td>TYPE</td>

<td>0</td>

</tr>

<tr bgcolor="#D4E4F3">

<td>Depth</td>

<td>-13</td>

</tr>

</table>

</td>

</tr>

</table>

</body>

</html>]]></description>
			<styleUrl>#LineStyle079</styleUrl>
			<MultiGeometry>
				<LineString>
					<tessellate>1</tessellate>
					<coordinates>
						101.539427277,1.699190596,0 101.539337407,1.699204463,0 101.539283484,1.699219775,0 101.539151975,1.699267415,0 101.538995897,1.699335077,0 101.538906027,1.699362719,0 101.538852104,1.699376041,0 101.538762233,1.699393097,0 101.538582492,1.699420757,0 101.53840275,1.699432351,0 101.538348827,1.69943761,0 101.53818706,1.699466972,0 101.538061241,1.69949621,0 101.537953396,1.699541016,0 101.537827576,1.699601997,0 101.537737706,1.699634685,0 101.537557964,1.699672583,0 101.537450119,1.699707602,0 101.537270377,1.699756054,0 101.537154953,1.699791945,0 101.536856971,1.699867983,0 101.536686532,1.699918555,0 101.536641281,1.699947354,0 101.536623307,1.69994274,0 101.536569385,1.69997839,0 101.536513681,1.700008992,0 101.536443566,1.700040498,0 101.536425591,1.700037931,0 101.536410091,1.700045166,0 101.536410091,1.700063253,0 
					</coordinates>
				</LineString>
			</MultiGeometry>
		</Placemark>
		<Placemark id="ID_00086">
			<name>-16</name>
			<Snippet maxLines="0"></Snippet>
			<description><![CDATA[<html xmlns:fo="http://www.w3.org/1999/XSL/Format" xmlns:msxsl="urn:schemas-microsoft-com:xslt">

<head>

<META http-equiv="Content-Type" content="text/html">

<meta http-equiv="content-type" content="text/html; charset=UTF-8">

</head>

<body style="margin:0px 0px 0px 0px;overflow:auto;background:#FFFFFF;">

<table style="font-family:Arial,Verdana,Times;font-size:12px;text-align:left;width:100%;border-collapse:collapse;padding:3px 3px 3px 3px">

<tr style="text-align:center;font-weight:bold;background:#9CBCE2">

<td>Nautical</td>

</tr>

<tr>

<td>

<table style="font-family:Arial,Verdana,Times;font-size:12px;text-align:left;width:100%;border-spacing:0px; padding:3px 3px 3px 3px">

<tr>

<td>FID</td>

<td>86</td>

</tr>

<tr bgcolor="#D4E4F3">

<td>MAJ_CAT</td>

<td>Nautical</td>

</tr>

<tr>

<td>L_LIMIT</td>

<td>0</td>

</tr>

<tr bgcolor="#D4E4F3">

<td>U_LIMIT</td>

<td>0</td>

</tr>

<tr>

<td>ZORDER</td>

<td>9</td>

</tr>

<tr bgcolor="#D4E4F3">

<td>LAYER</td>

<td>0</td>

</tr>

<tr>

<td>MODE</td>

<td>2T</td>

</tr>

<tr bgcolor="#D4E4F3">

<td>COLOR</td>

<td>0</td>

</tr>

<tr>

<td>WIDTH</td>

<td>0</td>

</tr>

<tr bgcolor="#D4E4F3">

<td>MIN_CAT</td>

<td>1Depth Contours</td>

</tr>

<tr>

<td>RTP_LIMIT</td>

<td>0</td>

</tr>

<tr bgcolor="#D4E4F3">

<td>RTP_COLOR</td>

<td>19</td>

</tr>

<tr>

<td>FONT</td>

<td>020</td>

</tr>

<tr bgcolor="#D4E4F3">

<td>VALUE</td>

<td>16</td>

</tr>

<tr>

<td>TYPE</td>

<td>0</td>

</tr>

<tr bgcolor="#D4E4F3">

<td>Depth</td>

<td>-16</td>

</tr>

</table>

</td>

</tr>

</table>

</body>

</html>]]></description>
			<styleUrl>#LineStyle00</styleUrl>
			<MultiGeometry>
				<LineString>
					<tessellate>1</tessellate>
					<coordinates>
						101.520410608,1.673780367,0 101.520428582,1.673780367,0 101.520536427,1.673741088,0 101.520554402,1.673723988,0 101.52057189,1.673692069,0 101.520576315,1.673655894,0 101.520569344,1.673601633,0 101.520536427,1.673452111,0 101.520508343,1.673366499,0 101.520520016,1.673330324,0 101.520554402,1.673300782,0 101.520608324,1.673266487,0 101.520788066,1.67318137,0 101.521075652,1.673032387,0 101.521187492,1.672986667,0 101.521324295,1.672914318,0 101.521417162,1.672874985,0 101.521560955,1.672828174,0 101.521614877,1.672816513,0 101.521704748,1.672810398,0 101.521812593,1.67281808,0 101.521866516,1.672813391,0 101.521899699,1.672805794,0 101.521956387,1.672783596,0 101.522064232,1.672720784,0 101.522154103,1.672679987,0 101.522208025,1.672662251,0 101.522279922,1.67264712,0 101.522423715,1.672631213,0 101.522439693,1.672624922,0 101.522459663,1.672608226,0 101.522471646,1.672588748,0 101.522471218,1.672552573,0 101.522432102,1.672516399,0 101.522412363,1.672462137,0 101.522416975,1.672389788,0 101.52242885,1.672335526,0 101.522423715,1.672329498,0 101.522405741,1.672322372,0 101.522225999,1.672332713,0 101.522172077,1.672324272,0 101.522136128,1.672311541,0 101.52210018,1.672291969,0 101.522064232,1.672265023,0 101.521974361,1.672166124,0 101.521938412,1.672135436,0 101.521812593,1.672056983,0 101.521632852,1.671978806,0 101.521596903,1.671954564,0 101.521558841,1.67191952,0 101.521525007,1.671865258,0 101.521520277,1.671847171,0 101.521527121,1.671810996,0 101.521610883,1.671702473,0 101.521631729,1.671684386,0 101.521686774,1.671661661,0 101.521830567,1.671623299,0 101.521956387,1.671575615,0 101.522172077,1.671529,0 101.522369793,1.671464755,0 101.522423715,1.671455598,0 101.522477638,1.671454329,0 101.522549534,1.67146332,0 101.522647701,1.671485426,0 101.522765224,1.671533111,0 101.522909018,1.671618274,0 101.522977238,1.671666299,0 101.523034837,1.671723982,0 101.523052811,1.671736442,0 101.523088759,1.671749721,0 101.523124708,1.671755649,0 101.523160656,1.671754252,0 101.523196604,1.671746606,0 101.523319053,1.671702473,0 101.523412294,1.671692921,0 101.523466217,1.671694233,0 101.523539747,1.671702473,0 101.523681907,1.671723229,0 101.523750433,1.671738648,0 101.523793176,1.671756735,0 101.523807726,1.671774822,0 101.523808543,1.671792909,0 101.523791549,1.671810996,0 101.523753803,1.671823054,0 101.523681907,1.6718362,0 101.523502165,1.671856861,0 101.523376346,1.671865599,0 101.523304449,1.671876034,0 101.523126505,1.671937607,0 101.523088759,1.671945359,0 101.522855095,1.6719579,0 101.522801173,1.671964948,0 101.522765224,1.671973782,0 101.522724782,1.671991869,0 101.522683741,1.672028043,0 101.522672358,1.67204613,0 101.522668863,1.672082305,0 101.522687935,1.672118479,0 101.522719816,1.672154654,0 101.522765224,1.672175325,0 101.522814012,1.672190828,0 101.522873069,1.672198161,0 101.523052811,1.672205174,0 101.523142682,1.672196617,0 101.523214578,1.672202025,0 101.523237687,1.672208916,0 101.523250527,1.672220219,0 101.523302652,1.672299352,0 101.523340398,1.672332238,0 101.523358372,1.67234035,0 101.52339432,1.67234723,0 101.523448243,1.67234457,0 101.523502165,1.672328682,0 101.523645958,1.672264685,0 101.523861648,1.672202721,0 101.523922372,1.672172741,0 101.523969493,1.672139001,0 101.524019268,1.672082305,0 101.524079789,1.671973782,0 101.524113287,1.671936179,0 101.524239106,1.671831607,0 101.524454796,1.67169498,0 101.524543008,1.671612037,0 101.524562641,1.671575862,0 101.524572811,1.671539688,0 101.524569619,1.671413077,0 101.524608739,1.671322641,0 101.524634538,1.671286773,0 101.524724408,1.671235088,0 101.524796305,1.671235088,0 
					</coordinates>
				</LineString>
			</MultiGeometry>
		</Placemark>
		<Placemark id="ID_00087">
			<name>-16</name>
			<Snippet maxLines="0"></Snippet>
			<description><![CDATA[<html xmlns:fo="http://www.w3.org/1999/XSL/Format" xmlns:msxsl="urn:schemas-microsoft-com:xslt">

<head>

<META http-equiv="Content-Type" content="text/html">

<meta http-equiv="content-type" content="text/html; charset=UTF-8">

</head>

<body style="margin:0px 0px 0px 0px;overflow:auto;background:#FFFFFF;">

<table style="font-family:Arial,Verdana,Times;font-size:12px;text-align:left;width:100%;border-collapse:collapse;padding:3px 3px 3px 3px">

<tr style="text-align:center;font-weight:bold;background:#9CBCE2">

<td>Nautical</td>

</tr>

<tr>

<td>

<table style="font-family:Arial,Verdana,Times;font-size:12px;text-align:left;width:100%;border-spacing:0px; padding:3px 3px 3px 3px">

<tr>

<td>FID</td>

<td>87</td>

</tr>

<tr bgcolor="#D4E4F3">

<td>MAJ_CAT</td>

<td>Nautical</td>

</tr>

<tr>

<td>L_LIMIT</td>

<td>0</td>

</tr>

<tr bgcolor="#D4E4F3">

<td>U_LIMIT</td>

<td>0</td>

</tr>

<tr>

<td>ZORDER</td>

<td>9</td>

</tr>

<tr bgcolor="#D4E4F3">

<td>LAYER</td>

<td>0</td>

</tr>

<tr>

<td>MODE</td>

<td>2T</td>

</tr>

<tr bgcolor="#D4E4F3">

<td>COLOR</td>

<td>0</td>

</tr>

<tr>

<td>WIDTH</td>

<td>0</td>

</tr>

<tr bgcolor="#D4E4F3">

<td>MIN_CAT</td>

<td>1Depth Contours</td>

</tr>

<tr>

<td>RTP_LIMIT</td>

<td>0</td>

</tr>

<tr bgcolor="#D4E4F3">

<td>RTP_COLOR</td>

<td>19</td>

</tr>

<tr>

<td>FONT</td>

<td>020</td>

</tr>

<tr bgcolor="#D4E4F3">

<td>VALUE</td>

<td>16</td>

</tr>

<tr>

<td>TYPE</td>

<td>0</td>

</tr>

<tr bgcolor="#D4E4F3">

<td>Depth</td>

<td>-16</td>

</tr>

</table>

</td>

</tr>

</table>

</body>

</html>]]></description>
			<styleUrl>#LineStyle00</styleUrl>
			<MultiGeometry>
				<LineString>
					<tessellate>1</tessellate>
					<coordinates>
						101.526302837,1.687456453,0 101.526333414,1.68754689,0 101.526361634,1.687583064,0 101.526396006,1.68760736,0 101.526431954,1.687623437,0 101.526467903,1.687624514,0 101.526485877,1.687615907,0 101.526503851,1.687599985,0 101.526508306,1.687583064,0 101.526517332,1.687528802,0 101.526512774,1.687474541,0 101.526485877,1.687421409,0 101.526431954,1.687362917,0 101.526378032,1.687327259,0 101.526360058,1.687326829,0 101.526312126,1.687402192,0 101.526302837,1.687456453,0 
					</coordinates>
				</LineString>
			</MultiGeometry>
		</Placemark>
		<Placemark id="ID_00088">
			<name>-16</name>
			<Snippet maxLines="0"></Snippet>
			<description><![CDATA[<html xmlns:fo="http://www.w3.org/1999/XSL/Format" xmlns:msxsl="urn:schemas-microsoft-com:xslt">

<head>

<META http-equiv="Content-Type" content="text/html">

<meta http-equiv="content-type" content="text/html; charset=UTF-8">

</head>

<body style="margin:0px 0px 0px 0px;overflow:auto;background:#FFFFFF;">

<table style="font-family:Arial,Verdana,Times;font-size:12px;text-align:left;width:100%;border-collapse:collapse;padding:3px 3px 3px 3px">

<tr style="text-align:center;font-weight:bold;background:#9CBCE2">

<td>Nautical</td>

</tr>

<tr>

<td>

<table style="font-family:Arial,Verdana,Times;font-size:12px;text-align:left;width:100%;border-spacing:0px; padding:3px 3px 3px 3px">

<tr>

<td>FID</td>

<td>88</td>

</tr>

<tr bgcolor="#D4E4F3">

<td>MAJ_CAT</td>

<td>Nautical</td>

</tr>

<tr>

<td>L_LIMIT</td>

<td>0</td>

</tr>

<tr bgcolor="#D4E4F3">

<td>U_LIMIT</td>

<td>0</td>

</tr>

<tr>

<td>ZORDER</td>

<td>9</td>

</tr>

<tr bgcolor="#D4E4F3">

<td>LAYER</td>

<td>0</td>

</tr>

<tr>

<td>MODE</td>

<td>2T</td>

</tr>

<tr bgcolor="#D4E4F3">

<td>COLOR</td>

<td>0</td>

</tr>

<tr>

<td>WIDTH</td>

<td>0</td>

</tr>

<tr bgcolor="#D4E4F3">

<td>MIN_CAT</td>

<td>1Depth Contours</td>

</tr>

<tr>

<td>RTP_LIMIT</td>

<td>0</td>

</tr>

<tr bgcolor="#D4E4F3">

<td>RTP_COLOR</td>

<td>19</td>

</tr>

<tr>

<td>FONT</td>

<td>020</td>

</tr>

<tr bgcolor="#D4E4F3">

<td>VALUE</td>

<td>16</td>

</tr>

<tr>

<td>TYPE</td>

<td>0</td>

</tr>

<tr bgcolor="#D4E4F3">

<td>Depth</td>

<td>-16</td>

</tr>

</table>

</td>

</tr>

</table>

</body>

</html>]]></description>
			<styleUrl>#LineStyle00</styleUrl>
			<MultiGeometry>
				<LineString>
					<tessellate>1</tessellate>
					<coordinates>
						101.522261948,1.688556296,0 101.522279922,1.688556296,0 101.522351818,1.688607513,0 101.522405741,1.688654332,0 101.522482773,1.688740647,0 101.522536934,1.688831083,0 101.522567508,1.688903432,0 101.522621431,1.688989179,0 101.522639405,1.689005237,0 101.522657379,1.689011955,0 101.522675353,1.689011467,0 101.522711302,1.688991128,0 101.522783198,1.688887473,0 101.52285723,1.68872256,0 101.522869285,1.688650211,0 101.522920287,1.688487426,0 101.522980914,1.688409353,0 101.523034837,1.688373553,0 101.523070785,1.688365278,0 101.523124708,1.688369037,0 101.52317863,1.688380498,0 101.523214578,1.688394729,0 101.52324109,1.688415077,0 101.523253148,1.688433164,0 101.523268501,1.688505513,0 101.523304449,1.688537866,0 101.523341396,1.688559775,0 101.523466217,1.688608177,0 101.523574062,1.68866278,0 101.523592036,1.688665232,0 101.52361001,1.688659878,0 101.523627984,1.688646335,0 101.523651171,1.688614036,0 101.523683314,1.6885236,0 101.523697699,1.688451251,0 101.523706219,1.688324641,0 101.523733018,1.688179943,0 101.523789752,1.688067724,0 101.5238257,1.688016206,0 101.523887698,1.687944809,0 101.523903904,1.687908634,0 101.523897597,1.68787246,0 101.523843674,1.687793077,0 101.523806643,1.687709675,0 101.523802214,1.6876735,0 101.523807726,1.687643656,0 101.5238257,1.687617516,0 101.523843674,1.687611082,0 101.523879623,1.687618463,0 101.523987468,1.687689726,0 101.524077338,1.687727762,0 101.524113287,1.68775429,0 101.524141853,1.687800111,0 101.524144396,1.687854373,0 101.524180191,1.687962896,0 101.524259495,1.688053332,0 101.524292065,1.688107594,0 101.524360516,1.68819803,0 101.524454796,1.688270727,0 101.52447277,1.688276921,0 101.524490744,1.688275547,0 101.524508718,1.688262627,0 101.524526693,1.688232776,0 101.524547593,1.688161855,0 101.524535467,1.688071419,0 101.52453957,1.687980983,0 101.524522821,1.687890547,0 101.524534909,1.687763936,0 101.524547209,1.687709675,0 101.524544667,1.687601151,0 101.524583301,1.687474541,0 101.524616563,1.687416778,0 101.524634538,1.687393148,0 101.524652512,1.687380362,0 101.524670486,1.687378785,0 101.524706434,1.68739172,0 101.524778331,1.687443725,0 101.524829161,1.687492628,0 101.524852768,1.687528802,0 101.524869533,1.687583064,0 101.524918738,1.6876735,0 101.52500618,1.687782024,0 101.525047943,1.687853242,0 101.525083892,1.687876164,0 101.52511984,1.687879739,0 101.525137814,1.687876077,0 101.525155788,1.687866766,0 101.525173763,1.68784507,0 101.525209918,1.687655413,0 101.525235441,1.687583064,0 101.525299582,1.687487439,0 101.525353504,1.68744866,0 101.525389453,1.687438954,0 101.525407427,1.68743866,0 101.525443375,1.687447333,0 101.525461349,1.687456902,0 101.525535258,1.687528802,0 101.525605143,1.687627861,0 101.525641091,1.687652645,0 101.525659065,1.687656732,0 101.525677039,1.687655601,0 101.525695013,1.687649384,0 101.525712988,1.68763752,0 101.525730962,1.687615219,0 101.525748936,1.687577573,0 101.525767919,1.687510715,0 101.52576691,1.687237297,0 101.525748936,1.687191174,0 101.525729436,1.687167058,0 101.525695013,1.687145198,0 101.525569194,1.687095374,0 101.525528712,1.687058534,0 101.525521455,1.687040447,0 101.525530393,1.686950011,0 101.525485435,1.686732964,0 101.525490676,1.686714877,0 101.525516735,1.686678702,0 101.525641091,1.686564753,0 101.525685265,1.686461656,0 101.525738057,1.686389307,0 101.52576691,1.686376986,0 101.525784884,1.686375619,0 101.525802858,1.686377944,0 101.525838807,1.686392089,0 101.525892729,1.686439761,0 101.525927631,1.68649783,0 101.525928678,1.686528685,0 101.52591492,1.686570179,0 101.525859777,1.686642528,0 101.525834043,1.68669679,0 101.525828322,1.686732964,0 101.525847414,1.686769139,0 101.525862173,1.686787226,0 101.525887961,1.686805313,0 101.526018549,1.686843417,0 101.526054497,1.68686514,0 101.526072471,1.686888905,0 101.526081761,1.686913836,0 101.526099663,1.686986185,0 101.526109045,1.687076622,0 101.526134344,1.687130883,0 101.526171236,1.687167058,0 101.526306135,1.687265602,0 101.526342084,1.687291407,0 101.526360058,1.687293668,0 101.526509842,1.687112796,0 101.526534388,1.687058534,0 101.526536685,1.686986185,0 101.526514904,1.686895749,0 101.52650945,1.686805313,0 101.526521825,1.686783804,0 101.526579954,1.686732964,0 101.526600066,1.68669679,0 101.526613915,1.686479743,0 101.526627383,1.686425481,0 101.526647644,1.686413595,0 101.526683593,1.686412782,0 101.526712351,1.686425481,0 101.526737515,1.686447479,0 101.526809412,1.686447479,0 
					</coordinates>
				</LineString>
			</MultiGeometry>
		</Placemark>
		<Placemark id="ID_00089">
			<name>-16</name>
			<Snippet maxLines="0"></Snippet>
			<description><![CDATA[<html xmlns:fo="http://www.w3.org/1999/XSL/Format" xmlns:msxsl="urn:schemas-microsoft-com:xslt">

<head>

<META http-equiv="Content-Type" content="text/html">

<meta http-equiv="content-type" content="text/html; charset=UTF-8">

</head>

<body style="margin:0px 0px 0px 0px;overflow:auto;background:#FFFFFF;">

<table style="font-family:Arial,Verdana,Times;font-size:12px;text-align:left;width:100%;border-collapse:collapse;padding:3px 3px 3px 3px">

<tr style="text-align:center;font-weight:bold;background:#9CBCE2">

<td>Nautical</td>

</tr>

<tr>

<td>

<table style="font-family:Arial,Verdana,Times;font-size:12px;text-align:left;width:100%;border-spacing:0px; padding:3px 3px 3px 3px">

<tr>

<td>FID</td>

<td>89</td>

</tr>

<tr bgcolor="#D4E4F3">

<td>MAJ_CAT</td>

<td>Nautical</td>

</tr>

<tr>

<td>L_LIMIT</td>

<td>0</td>

</tr>

<tr bgcolor="#D4E4F3">

<td>U_LIMIT</td>

<td>0</td>

</tr>

<tr>

<td>ZORDER</td>

<td>9</td>

</tr>

<tr bgcolor="#D4E4F3">

<td>LAYER</td>

<td>0</td>

</tr>

<tr>

<td>MODE</td>

<td>2T</td>

</tr>

<tr bgcolor="#D4E4F3">

<td>COLOR</td>

<td>0</td>

</tr>

<tr>

<td>WIDTH</td>

<td>0</td>

</tr>

<tr bgcolor="#D4E4F3">

<td>MIN_CAT</td>

<td>1Depth Contours</td>

</tr>

<tr>

<td>RTP_LIMIT</td>

<td>0</td>

</tr>

<tr bgcolor="#D4E4F3">

<td>RTP_COLOR</td>

<td>19</td>

</tr>

<tr>

<td>FONT</td>

<td>020</td>

</tr>

<tr bgcolor="#D4E4F3">

<td>VALUE</td>

<td>16</td>

</tr>

<tr>

<td>TYPE</td>

<td>0</td>

</tr>

<tr bgcolor="#D4E4F3">

<td>Depth</td>

<td>-16</td>

</tr>

</table>

</td>

</tr>

</table>

</body>

</html>]]></description>
			<styleUrl>#LineStyle00</styleUrl>
			<MultiGeometry>
				<LineString>
					<tessellate>1</tessellate>
					<coordinates>
						101.526593722,1.694385444,0 101.526611696,1.694385444,0 101.526614392,1.694383863,0 101.52662967,1.694364093,0 101.526702513,1.694347689,0 101.526863334,1.694303617,0 101.527132947,1.694237236,0 101.527330663,1.69417689,0 101.527384585,1.694163153,0 101.527618249,1.694127315,0 101.527762043,1.694108084,0 101.527833939,1.694093851,0 101.527977733,1.694058485,0 101.528067604,1.6940423,0 101.528193423,1.694026452,0 101.52835519,1.694016524,0 101.528409113,1.694009252,0 101.528463035,1.693997613,0 101.528754079,1.693913595,0 101.528894415,1.693870362,0 101.529110105,1.693797672,0 101.529343769,1.693729306,0 101.529541485,1.693654629,0 101.529631356,1.693625507,0 101.529936917,1.693549013,0 101.53020653,1.693490235,0 101.530260452,1.69347313,0 101.53051209,1.693378615,0 101.530601961,1.693348131,0 101.530691832,1.693324873,0 101.5308536,1.693294193,0 101.530913744,1.693280542,0 101.531213083,1.693196389,0 101.53128498,1.693172019,0 101.531323854,1.693153931,0 101.531518644,1.693044712,0 101.531860153,1.692868861,0 101.532020991,1.6927741,0 101.532039895,1.692752653,0 101.532057869,1.692744708,0 101.532093817,1.692744708,0 
					</coordinates>
				</LineString>
			</MultiGeometry>
		</Placemark>
		<Placemark id="ID_00090">
			<name>-16</name>
			<Snippet maxLines="0"></Snippet>
			<description><![CDATA[<html xmlns:fo="http://www.w3.org/1999/XSL/Format" xmlns:msxsl="urn:schemas-microsoft-com:xslt">

<head>

<META http-equiv="Content-Type" content="text/html">

<meta http-equiv="content-type" content="text/html; charset=UTF-8">

</head>

<body style="margin:0px 0px 0px 0px;overflow:auto;background:#FFFFFF;">

<table style="font-family:Arial,Verdana,Times;font-size:12px;text-align:left;width:100%;border-collapse:collapse;padding:3px 3px 3px 3px">

<tr style="text-align:center;font-weight:bold;background:#9CBCE2">

<td>Nautical</td>

</tr>

<tr>

<td>

<table style="font-family:Arial,Verdana,Times;font-size:12px;text-align:left;width:100%;border-spacing:0px; padding:3px 3px 3px 3px">

<tr>

<td>FID</td>

<td>90</td>

</tr>

<tr bgcolor="#D4E4F3">

<td>MAJ_CAT</td>

<td>Nautical</td>

</tr>

<tr>

<td>L_LIMIT</td>

<td>0</td>

</tr>

<tr bgcolor="#D4E4F3">

<td>U_LIMIT</td>

<td>0</td>

</tr>

<tr>

<td>ZORDER</td>

<td>9</td>

</tr>

<tr bgcolor="#D4E4F3">

<td>LAYER</td>

<td>0</td>

</tr>

<tr>

<td>MODE</td>

<td>2T</td>

</tr>

<tr bgcolor="#D4E4F3">

<td>COLOR</td>

<td>0</td>

</tr>

<tr>

<td>WIDTH</td>

<td>0</td>

</tr>

<tr bgcolor="#D4E4F3">

<td>MIN_CAT</td>

<td>1Depth Contours</td>

</tr>

<tr>

<td>RTP_LIMIT</td>

<td>0</td>

</tr>

<tr bgcolor="#D4E4F3">

<td>RTP_COLOR</td>

<td>19</td>

</tr>

<tr>

<td>FONT</td>

<td>020</td>

</tr>

<tr bgcolor="#D4E4F3">

<td>VALUE</td>

<td>16</td>

</tr>

<tr>

<td>TYPE</td>

<td>0</td>

</tr>

<tr bgcolor="#D4E4F3">

<td>Depth</td>

<td>-16</td>

</tr>

</table>

</td>

</tr>

</table>

</body>

</html>]]></description>
			<styleUrl>#LineStyle00</styleUrl>
			<MultiGeometry>
				<LineString>
					<tessellate>1</tessellate>
					<coordinates>
						101.539427277,1.69909491,0 101.539445252,1.69909491,0 
					</coordinates>
				</LineString>
			</MultiGeometry>
		</Placemark>
		<Placemark id="ID_00091">
			<name>-16</name>
			<Snippet maxLines="0"></Snippet>
			<description><![CDATA[<html xmlns:fo="http://www.w3.org/1999/XSL/Format" xmlns:msxsl="urn:schemas-microsoft-com:xslt">

<head>

<META http-equiv="Content-Type" content="text/html">

<meta http-equiv="content-type" content="text/html; charset=UTF-8">

</head>

<body style="margin:0px 0px 0px 0px;overflow:auto;background:#FFFFFF;">

<table style="font-family:Arial,Verdana,Times;font-size:12px;text-align:left;width:100%;border-collapse:collapse;padding:3px 3px 3px 3px">

<tr style="text-align:center;font-weight:bold;background:#9CBCE2">

<td>Nautical</td>

</tr>

<tr>

<td>

<table style="font-family:Arial,Verdana,Times;font-size:12px;text-align:left;width:100%;border-spacing:0px; padding:3px 3px 3px 3px">

<tr>

<td>FID</td>

<td>91</td>

</tr>

<tr bgcolor="#D4E4F3">

<td>MAJ_CAT</td>

<td>Nautical</td>

</tr>

<tr>

<td>L_LIMIT</td>

<td>0</td>

</tr>

<tr bgcolor="#D4E4F3">

<td>U_LIMIT</td>

<td>0</td>

</tr>

<tr>

<td>ZORDER</td>

<td>9</td>

</tr>

<tr bgcolor="#D4E4F3">

<td>LAYER</td>

<td>0</td>

</tr>

<tr>

<td>MODE</td>

<td>2T</td>

</tr>

<tr bgcolor="#D4E4F3">

<td>COLOR</td>

<td>0</td>

</tr>

<tr>

<td>WIDTH</td>

<td>0</td>

</tr>

<tr bgcolor="#D4E4F3">

<td>MIN_CAT</td>

<td>1Depth Contours</td>

</tr>

<tr>

<td>RTP_LIMIT</td>

<td>0</td>

</tr>

<tr bgcolor="#D4E4F3">

<td>RTP_COLOR</td>

<td>19</td>

</tr>

<tr>

<td>FONT</td>

<td>020</td>

</tr>

<tr bgcolor="#D4E4F3">

<td>VALUE</td>

<td>16</td>

</tr>

<tr>

<td>TYPE</td>

<td>0</td>

</tr>

<tr bgcolor="#D4E4F3">

<td>Depth</td>

<td>-16</td>

</tr>

</table>

</td>

</tr>

</table>

</body>

</html>]]></description>
			<styleUrl>#LineStyle00</styleUrl>
			<MultiGeometry>
				<LineString>
					<tessellate>1</tessellate>
					<coordinates>
						101.539427277,1.69909491,0 101.539391329,1.69909491,0 101.539319432,1.69910923,0 101.539229562,1.699138755,0 101.539175639,1.699151048,0 101.538995897,1.699178275,0 101.538816156,1.699235596,0 101.538708311,1.699261101,0 101.538654388,1.699270376,0 101.538582492,1.699279095,0 101.53840275,1.699288709,0 101.538330853,1.69929632,0 101.538276931,1.699306321,0 101.538007318,1.699366602,0 101.537917447,1.699393624,0 101.537791628,1.699445484,0 101.537737706,1.699464087,0 101.537665809,1.699481656,0 101.53753999,1.699505959,0 101.537486067,1.699522366,0 101.537360248,1.699569402,0 101.537306326,1.699586059,0 101.537144558,1.699620466,0 101.536856971,1.699699438,0 101.536515462,1.699819464,0 101.536497488,1.699821509,0 101.536479514,1.699819875,0 101.53646154,1.699814394,0 101.536351938,1.699737683,0 101.536299772,1.699712119,0 101.536263824,1.699701686,0 101.536227876,1.699696661,0 101.536173953,1.699697858,0 101.536120031,1.699705611,0 101.536066108,1.699718176,0 101.53600673,1.699737683,0 101.535965205,1.69975577,0 101.535922315,1.699781034,0 101.535886449,1.699810032,0 101.53583959,1.699864294,0 101.535760547,1.699987745,0 101.535724599,1.700015921,0 101.535693832,1.700027079,0 101.535652702,1.700053228,0 101.535634728,1.700049528,0 101.535544857,1.700093399,0 101.535526883,1.700087264,0 101.535419038,1.700129989,0 101.535401064,1.700123508,0 101.535311193,1.700166083,0 101.535293219,1.700159946,0 101.535221322,1.700195249,0 101.535203348,1.700199873,0 101.535185374,1.700197419,0 101.535162197,1.700207951,0 101.535162197,1.700226038,0 
					</coordinates>
				</LineString>
			</MultiGeometry>
		</Placemark>
		<Placemark id="ID_00092">
			<name>-5</name>
			<Snippet maxLines="0"></Snippet>
			<description><![CDATA[<html xmlns:fo="http://www.w3.org/1999/XSL/Format" xmlns:msxsl="urn:schemas-microsoft-com:xslt">

<head>

<META http-equiv="Content-Type" content="text/html">

<meta http-equiv="content-type" content="text/html; charset=UTF-8">

</head>

<body style="margin:0px 0px 0px 0px;overflow:auto;background:#FFFFFF;">

<table style="font-family:Arial,Verdana,Times;font-size:12px;text-align:left;width:100%;border-collapse:collapse;padding:3px 3px 3px 3px">

<tr style="text-align:center;font-weight:bold;background:#9CBCE2">

<td>Nautical</td>

</tr>

<tr>

<td>

<table style="font-family:Arial,Verdana,Times;font-size:12px;text-align:left;width:100%;border-spacing:0px; padding:3px 3px 3px 3px">

<tr>

<td>FID</td>

<td>92</td>

</tr>

<tr bgcolor="#D4E4F3">

<td>MAJ_CAT</td>

<td>Nautical</td>

</tr>

<tr>

<td>L_LIMIT</td>

<td>0</td>

</tr>

<tr bgcolor="#D4E4F3">

<td>U_LIMIT</td>

<td>0</td>

</tr>

<tr>

<td>ZORDER</td>

<td>9</td>

</tr>

<tr bgcolor="#D4E4F3">

<td>LAYER</td>

<td>0</td>

</tr>

<tr>

<td>MODE</td>

<td>2T</td>

</tr>

<tr bgcolor="#D4E4F3">

<td>COLOR</td>

<td>0</td>

</tr>

<tr>

<td>WIDTH</td>

<td>0</td>

</tr>

<tr bgcolor="#D4E4F3">

<td>MIN_CAT</td>

<td>1Depth Contours</td>

</tr>

<tr>

<td>RTP_LIMIT</td>

<td>0</td>

</tr>

<tr bgcolor="#D4E4F3">

<td>RTP_COLOR</td>

<td>19</td>

</tr>

<tr>

<td>FONT</td>

<td>020</td>

</tr>

<tr bgcolor="#D4E4F3">

<td>VALUE</td>

<td>5</td>

</tr>

<tr>

<td>TYPE</td>

<td>0</td>

</tr>

<tr bgcolor="#D4E4F3">

<td>Depth</td>

<td>-5</td>

</tr>

</table>

</td>

</tr>

</table>

</body>

</html>]]></description>
			<styleUrl>#LineStyle09</styleUrl>
			<MultiGeometry>
				<LineString>
					<tessellate>1</tessellate>
					<coordinates>
						101.517966121,1.657702272,0 101.517984096,1.657702121,0 101.518055992,1.657686389,0 101.518109915,1.657665476,0 101.518577243,1.657415206,0 101.518990649,1.657238671,0 101.519206339,1.657125969,0 101.519745564,1.656877074,0 101.519925306,1.656779389,0 101.52014285,1.65667198,0 101.520608324,1.656483555,0 101.520665103,1.656454933,0 101.520788066,1.656377386,0 101.520847103,1.656346409,0 101.520931859,1.65631361,0 101.521129575,1.656251799,0 101.521219446,1.656216457,0 101.521278899,1.656183624,0 101.521434444,1.656075101,0 101.521536029,1.656020839,0 101.521572996,1.656002752,0 101.521650826,1.655974586,0 101.521758671,1.655952754,0 101.521848542,1.655920982,0 101.52210018,1.655772351,0 101.522226414,1.655713356,0 101.522409767,1.655641007,0 101.522729276,1.655470461,0 101.522819147,1.655451262,0 101.522891043,1.655451262,0 
					</coordinates>
				</LineString>
			</MultiGeometry>
		</Placemark>
		<Placemark id="ID_00093">
			<name>-5</name>
			<Snippet maxLines="0"></Snippet>
			<description><![CDATA[<html xmlns:fo="http://www.w3.org/1999/XSL/Format" xmlns:msxsl="urn:schemas-microsoft-com:xslt">

<head>

<META http-equiv="Content-Type" content="text/html">

<meta http-equiv="content-type" content="text/html; charset=UTF-8">

</head>

<body style="margin:0px 0px 0px 0px;overflow:auto;background:#FFFFFF;">

<table style="font-family:Arial,Verdana,Times;font-size:12px;text-align:left;width:100%;border-collapse:collapse;padding:3px 3px 3px 3px">

<tr style="text-align:center;font-weight:bold;background:#9CBCE2">

<td>Nautical</td>

</tr>

<tr>

<td>

<table style="font-family:Arial,Verdana,Times;font-size:12px;text-align:left;width:100%;border-spacing:0px; padding:3px 3px 3px 3px">

<tr>

<td>FID</td>

<td>93</td>

</tr>

<tr bgcolor="#D4E4F3">

<td>MAJ_CAT</td>

<td>Nautical</td>

</tr>

<tr>

<td>L_LIMIT</td>

<td>0</td>

</tr>

<tr bgcolor="#D4E4F3">

<td>U_LIMIT</td>

<td>0</td>

</tr>

<tr>

<td>ZORDER</td>

<td>9</td>

</tr>

<tr bgcolor="#D4E4F3">

<td>LAYER</td>

<td>0</td>

</tr>

<tr>

<td>MODE</td>

<td>2T</td>

</tr>

<tr bgcolor="#D4E4F3">

<td>COLOR</td>

<td>0</td>

</tr>

<tr>

<td>WIDTH</td>

<td>0</td>

</tr>

<tr bgcolor="#D4E4F3">

<td>MIN_CAT</td>

<td>1Depth Contours</td>

</tr>

<tr>

<td>RTP_LIMIT</td>

<td>0</td>

</tr>

<tr bgcolor="#D4E4F3">

<td>RTP_COLOR</td>

<td>19</td>

</tr>

<tr>

<td>FONT</td>

<td>020</td>

</tr>

<tr bgcolor="#D4E4F3">

<td>VALUE</td>

<td>5</td>

</tr>

<tr>

<td>TYPE</td>

<td>0</td>

</tr>

<tr bgcolor="#D4E4F3">

<td>Depth</td>

<td>-5</td>

</tr>

</table>

</td>

</tr>

</table>

</body>

</html>]]></description>
			<styleUrl>#LineStyle09</styleUrl>
			<MultiGeometry>
				<LineString>
					<tessellate>1</tessellate>
					<coordinates>
						101.539427277,1.69942807,0 101.539445252,1.69942807,0 
					</coordinates>
				</LineString>
			</MultiGeometry>
		</Placemark>
		<Placemark id="ID_00094">
			<name>-5</name>
			<Snippet maxLines="0"></Snippet>
			<description><![CDATA[<html xmlns:fo="http://www.w3.org/1999/XSL/Format" xmlns:msxsl="urn:schemas-microsoft-com:xslt">

<head>

<META http-equiv="Content-Type" content="text/html">

<meta http-equiv="content-type" content="text/html; charset=UTF-8">

</head>

<body style="margin:0px 0px 0px 0px;overflow:auto;background:#FFFFFF;">

<table style="font-family:Arial,Verdana,Times;font-size:12px;text-align:left;width:100%;border-collapse:collapse;padding:3px 3px 3px 3px">

<tr style="text-align:center;font-weight:bold;background:#9CBCE2">

<td>Nautical</td>

</tr>

<tr>

<td>

<table style="font-family:Arial,Verdana,Times;font-size:12px;text-align:left;width:100%;border-spacing:0px; padding:3px 3px 3px 3px">

<tr>

<td>FID</td>

<td>94</td>

</tr>

<tr bgcolor="#D4E4F3">

<td>MAJ_CAT</td>

<td>Nautical</td>

</tr>

<tr>

<td>L_LIMIT</td>

<td>0</td>

</tr>

<tr bgcolor="#D4E4F3">

<td>U_LIMIT</td>

<td>0</td>

</tr>

<tr>

<td>ZORDER</td>

<td>9</td>

</tr>

<tr bgcolor="#D4E4F3">

<td>LAYER</td>

<td>0</td>

</tr>

<tr>

<td>MODE</td>

<td>2T</td>

</tr>

<tr bgcolor="#D4E4F3">

<td>COLOR</td>

<td>0</td>

</tr>

<tr>

<td>WIDTH</td>

<td>0</td>

</tr>

<tr bgcolor="#D4E4F3">

<td>MIN_CAT</td>

<td>1Depth Contours</td>

</tr>

<tr>

<td>RTP_LIMIT</td>

<td>0</td>

</tr>

<tr bgcolor="#D4E4F3">

<td>RTP_COLOR</td>

<td>19</td>

</tr>

<tr>

<td>FONT</td>

<td>020</td>

</tr>

<tr bgcolor="#D4E4F3">

<td>VALUE</td>

<td>5</td>

</tr>

<tr>

<td>TYPE</td>

<td>0</td>

</tr>

<tr bgcolor="#D4E4F3">

<td>Depth</td>

<td>-5</td>

</tr>

</table>

</td>

</tr>

</table>

</body>

</html>]]></description>
			<styleUrl>#LineStyle09</styleUrl>
			<MultiGeometry>
				<LineString>
					<tessellate>1</tessellate>
					<coordinates>
						101.539427277,1.69942807,0 101.539409303,1.699428608,0 101.539391329,1.69943415,0 101.539319432,1.699462893,0 101.539229562,1.699529788,0 101.539157665,1.699565535,0 101.539085768,1.69958535,0 101.538906027,1.699620516,0 101.538816156,1.699650597,0 101.538784661,1.699665334,0 101.53875774,1.699683422,0 101.538690337,1.699756814,0 101.538654388,1.699778041,0 101.538620101,1.699791945,0 101.538564517,1.699804614,0 101.538474647,1.699812088,0 101.53840275,1.699812216,0 101.53818706,1.699803537,0 101.538151112,1.699804594,0 101.538112421,1.699810032,0 101.538057999,1.699828119,0 101.538007318,1.699858559,0 101.53793818,1.699918555,0 101.53793818,1.699936643,0 
					</coordinates>
				</LineString>
			</MultiGeometry>
		</Placemark>
		<Placemark id="ID_00095">
			<name>-6</name>
			<Snippet maxLines="0"></Snippet>
			<description><![CDATA[<html xmlns:fo="http://www.w3.org/1999/XSL/Format" xmlns:msxsl="urn:schemas-microsoft-com:xslt">

<head>

<META http-equiv="Content-Type" content="text/html">

<meta http-equiv="content-type" content="text/html; charset=UTF-8">

</head>

<body style="margin:0px 0px 0px 0px;overflow:auto;background:#FFFFFF;">

<table style="font-family:Arial,Verdana,Times;font-size:12px;text-align:left;width:100%;border-collapse:collapse;padding:3px 3px 3px 3px">

<tr style="text-align:center;font-weight:bold;background:#9CBCE2">

<td>Nautical</td>

</tr>

<tr>

<td>

<table style="font-family:Arial,Verdana,Times;font-size:12px;text-align:left;width:100%;border-spacing:0px; padding:3px 3px 3px 3px">

<tr>

<td>FID</td>

<td>95</td>

</tr>

<tr bgcolor="#D4E4F3">

<td>MAJ_CAT</td>

<td>Nautical</td>

</tr>

<tr>

<td>L_LIMIT</td>

<td>0</td>

</tr>

<tr bgcolor="#D4E4F3">

<td>U_LIMIT</td>

<td>0</td>

</tr>

<tr>

<td>ZORDER</td>

<td>9</td>

</tr>

<tr bgcolor="#D4E4F3">

<td>LAYER</td>

<td>0</td>

</tr>

<tr>

<td>MODE</td>

<td>2T</td>

</tr>

<tr bgcolor="#D4E4F3">

<td>COLOR</td>

<td>0</td>

</tr>

<tr>

<td>WIDTH</td>

<td>0</td>

</tr>

<tr bgcolor="#D4E4F3">

<td>MIN_CAT</td>

<td>1Depth Contours</td>

</tr>

<tr>

<td>RTP_LIMIT</td>

<td>0</td>

</tr>

<tr bgcolor="#D4E4F3">

<td>RTP_COLOR</td>

<td>19</td>

</tr>

<tr>

<td>FONT</td>

<td>020</td>

</tr>

<tr bgcolor="#D4E4F3">

<td>VALUE</td>

<td>6</td>

</tr>

<tr>

<td>TYPE</td>

<td>0</td>

</tr>

<tr bgcolor="#D4E4F3">

<td>Depth</td>

<td>-6</td>

</tr>

</table>

</td>

</tr>

</table>

</body>

</html>]]></description>
			<styleUrl>#LineStyle09</styleUrl>
			<MultiGeometry>
				<LineString>
					<tessellate>1</tessellate>
					<coordinates>
						101.517984096,1.65777657,0 101.51800207,1.65777657,0 101.518109915,1.657741353,0 101.518567667,1.657485905,0 101.519008623,1.657297667,0 101.519236402,1.657178422,0 101.5195119,1.657060353,0 101.519763538,1.656937894,0 101.520176944,1.656725001,0 101.520258868,1.656690067,0 101.520446557,1.656619882,0 101.520644272,1.656534734,0 101.520880205,1.656400671,0 101.520931859,1.656379534,0 101.521129575,1.656321042,0 101.52123742,1.656282452,0 101.521295836,1.656255973,0 101.521345265,1.656227847,0 101.52145311,1.65615095,0 101.521525007,1.656112887,0 101.521578929,1.656091521,0 101.52169268,1.656057014,0 101.521902464,1.655975666,0 101.52198418,1.655930403,0 101.522120858,1.655839967,0 101.522216465,1.655785705,0 101.52232801,1.655731443,0 101.522459663,1.65568619,0 101.522513586,1.655663576,0 101.522729276,1.655541369,0 101.522837121,1.655518789,0 101.522909018,1.655518789,0 
					</coordinates>
				</LineString>
			</MultiGeometry>
		</Placemark>
		<Placemark id="ID_00096">
			<name>-6</name>
			<Snippet maxLines="0"></Snippet>
			<description><![CDATA[<html xmlns:fo="http://www.w3.org/1999/XSL/Format" xmlns:msxsl="urn:schemas-microsoft-com:xslt">

<head>

<META http-equiv="Content-Type" content="text/html">

<meta http-equiv="content-type" content="text/html; charset=UTF-8">

</head>

<body style="margin:0px 0px 0px 0px;overflow:auto;background:#FFFFFF;">

<table style="font-family:Arial,Verdana,Times;font-size:12px;text-align:left;width:100%;border-collapse:collapse;padding:3px 3px 3px 3px">

<tr style="text-align:center;font-weight:bold;background:#9CBCE2">

<td>Nautical</td>

</tr>

<tr>

<td>

<table style="font-family:Arial,Verdana,Times;font-size:12px;text-align:left;width:100%;border-spacing:0px; padding:3px 3px 3px 3px">

<tr>

<td>FID</td>

<td>96</td>

</tr>

<tr bgcolor="#D4E4F3">

<td>MAJ_CAT</td>

<td>Nautical</td>

</tr>

<tr>

<td>L_LIMIT</td>

<td>0</td>

</tr>

<tr bgcolor="#D4E4F3">

<td>U_LIMIT</td>

<td>0</td>

</tr>

<tr>

<td>ZORDER</td>

<td>9</td>

</tr>

<tr bgcolor="#D4E4F3">

<td>LAYER</td>

<td>0</td>

</tr>

<tr>

<td>MODE</td>

<td>2T</td>

</tr>

<tr bgcolor="#D4E4F3">

<td>COLOR</td>

<td>0</td>

</tr>

<tr>

<td>WIDTH</td>

<td>0</td>

</tr>

<tr bgcolor="#D4E4F3">

<td>MIN_CAT</td>

<td>1Depth Contours</td>

</tr>

<tr>

<td>RTP_LIMIT</td>

<td>0</td>

</tr>

<tr bgcolor="#D4E4F3">

<td>RTP_COLOR</td>

<td>19</td>

</tr>

<tr>

<td>FONT</td>

<td>020</td>

</tr>

<tr bgcolor="#D4E4F3">

<td>VALUE</td>

<td>6</td>

</tr>

<tr>

<td>TYPE</td>

<td>0</td>

</tr>

<tr bgcolor="#D4E4F3">

<td>Depth</td>

<td>-6</td>

</tr>

</table>

</td>

</tr>

</table>

</body>

</html>]]></description>
			<styleUrl>#LineStyle09</styleUrl>
			<MultiGeometry>
				<LineString>
					<tessellate>1</tessellate>
					<coordinates>
						101.539427277,1.699392337,0 101.539445252,1.699392337,0 
					</coordinates>
				</LineString>
			</MultiGeometry>
		</Placemark>
		<Placemark id="ID_00097">
			<name>-6</name>
			<Snippet maxLines="0"></Snippet>
			<description><![CDATA[<html xmlns:fo="http://www.w3.org/1999/XSL/Format" xmlns:msxsl="urn:schemas-microsoft-com:xslt">

<head>

<META http-equiv="Content-Type" content="text/html">

<meta http-equiv="content-type" content="text/html; charset=UTF-8">

</head>

<body style="margin:0px 0px 0px 0px;overflow:auto;background:#FFFFFF;">

<table style="font-family:Arial,Verdana,Times;font-size:12px;text-align:left;width:100%;border-collapse:collapse;padding:3px 3px 3px 3px">

<tr style="text-align:center;font-weight:bold;background:#9CBCE2">

<td>Nautical</td>

</tr>

<tr>

<td>

<table style="font-family:Arial,Verdana,Times;font-size:12px;text-align:left;width:100%;border-spacing:0px; padding:3px 3px 3px 3px">

<tr>

<td>FID</td>

<td>97</td>

</tr>

<tr bgcolor="#D4E4F3">

<td>MAJ_CAT</td>

<td>Nautical</td>

</tr>

<tr>

<td>L_LIMIT</td>

<td>0</td>

</tr>

<tr bgcolor="#D4E4F3">

<td>U_LIMIT</td>

<td>0</td>

</tr>

<tr>

<td>ZORDER</td>

<td>9</td>

</tr>

<tr bgcolor="#D4E4F3">

<td>LAYER</td>

<td>0</td>

</tr>

<tr>

<td>MODE</td>

<td>2T</td>

</tr>

<tr bgcolor="#D4E4F3">

<td>COLOR</td>

<td>0</td>

</tr>

<tr>

<td>WIDTH</td>

<td>0</td>

</tr>

<tr bgcolor="#D4E4F3">

<td>MIN_CAT</td>

<td>1Depth Contours</td>

</tr>

<tr>

<td>RTP_LIMIT</td>

<td>0</td>

</tr>

<tr bgcolor="#D4E4F3">

<td>RTP_COLOR</td>

<td>19</td>

</tr>

<tr>

<td>FONT</td>

<td>020</td>

</tr>

<tr bgcolor="#D4E4F3">

<td>VALUE</td>

<td>6</td>

</tr>

<tr>

<td>TYPE</td>

<td>0</td>

</tr>

<tr bgcolor="#D4E4F3">

<td>Depth</td>

<td>-6</td>

</tr>

</table>

</td>

</tr>

</table>

</body>

</html>]]></description>
			<styleUrl>#LineStyle09</styleUrl>
			<MultiGeometry>
				<LineString>
					<tessellate>1</tessellate>
					<coordinates>
						101.539427277,1.699392337,0 101.53934734,1.699412113,0 101.539304166,1.6994302,0 101.539211587,1.699505671,0 101.539175639,1.699526758,0 101.539139691,1.699541874,0 101.53904982,1.699566437,0 101.538870078,1.699602821,0 101.538816156,1.699617728,0 101.538762233,1.699637411,0 101.538706761,1.699665334,0 101.538646018,1.699719596,0 101.538619056,1.699737683,0 101.538564517,1.699760444,0 101.53850781,1.699773858,0 101.538438698,1.699780295,0 101.538366802,1.699780149,0 101.538205034,1.699774596,0 101.538151112,1.699775984,0 101.538079215,1.699787098,0 101.538025292,1.699803225,0 101.538009433,1.699810032,0 101.537989344,1.699826295,0 101.537894063,1.699918555,0 101.537894063,1.699936643,0 
					</coordinates>
				</LineString>
			</MultiGeometry>
		</Placemark>
		<Placemark id="ID_00098">
			<name>-30</name>
			<Snippet maxLines="0"></Snippet>
			<description><![CDATA[<html xmlns:fo="http://www.w3.org/1999/XSL/Format" xmlns:msxsl="urn:schemas-microsoft-com:xslt">

<head>

<META http-equiv="Content-Type" content="text/html">

<meta http-equiv="content-type" content="text/html; charset=UTF-8">

</head>

<body style="margin:0px 0px 0px 0px;overflow:auto;background:#FFFFFF;">

<table style="font-family:Arial,Verdana,Times;font-size:12px;text-align:left;width:100%;border-collapse:collapse;padding:3px 3px 3px 3px">

<tr style="text-align:center;font-weight:bold;background:#9CBCE2">

<td>Nautical</td>

</tr>

<tr>

<td>

<table style="font-family:Arial,Verdana,Times;font-size:12px;text-align:left;width:100%;border-spacing:0px; padding:3px 3px 3px 3px">

<tr>

<td>FID</td>

<td>98</td>

</tr>

<tr bgcolor="#D4E4F3">

<td>MAJ_CAT</td>

<td>Nautical</td>

</tr>

<tr>

<td>L_LIMIT</td>

<td>0</td>

</tr>

<tr bgcolor="#D4E4F3">

<td>U_LIMIT</td>

<td>0</td>

</tr>

<tr>

<td>ZORDER</td>

<td>9</td>

</tr>

<tr bgcolor="#D4E4F3">

<td>LAYER</td>

<td>0</td>

</tr>

<tr>

<td>MODE</td>

<td>2T</td>

</tr>

<tr bgcolor="#D4E4F3">

<td>COLOR</td>

<td>0</td>

</tr>

<tr>

<td>WIDTH</td>

<td>0</td>

</tr>

<tr bgcolor="#D4E4F3">

<td>MIN_CAT</td>

<td>1Depth Contours</td>

</tr>

<tr>

<td>RTP_LIMIT</td>

<td>0</td>

</tr>

<tr bgcolor="#D4E4F3">

<td>RTP_COLOR</td>

<td>19</td>

</tr>

<tr>

<td>FONT</td>

<td>020</td>

</tr>

<tr bgcolor="#D4E4F3">

<td>VALUE</td>

<td>30</td>

</tr>

<tr>

<td>TYPE</td>

<td>0</td>

</tr>

<tr bgcolor="#D4E4F3">

<td>Depth</td>

<td>-30</td>

</tr>

</table>

</td>

</tr>

</table>

</body>

</html>]]></description>
			<styleUrl>#LineStyle043</styleUrl>
			<MultiGeometry>
				<LineString>
					<tessellate>1</tessellate>
					<coordinates>
						101.525227685,1.678178167,0 101.525299582,1.678215651,0 101.525353504,1.678233472,0 101.525362491,1.678231965,0 101.525364288,1.678213877,0 101.525341346,1.678177703,0 101.525317556,1.678156738,0 101.525281608,1.678137117,0 101.525263633,1.678132743,0 101.525245659,1.678134044,0 101.525226686,1.678141528,0 101.525221149,1.678159616,0 101.525227685,1.678178167,0 
					</coordinates>
				</LineString>
			</MultiGeometry>
		</Placemark>
		<Placemark id="ID_00099">
			<name>-30</name>
			<Snippet maxLines="0"></Snippet>
			<description><![CDATA[<html xmlns:fo="http://www.w3.org/1999/XSL/Format" xmlns:msxsl="urn:schemas-microsoft-com:xslt">

<head>

<META http-equiv="Content-Type" content="text/html">

<meta http-equiv="content-type" content="text/html; charset=UTF-8">

</head>

<body style="margin:0px 0px 0px 0px;overflow:auto;background:#FFFFFF;">

<table style="font-family:Arial,Verdana,Times;font-size:12px;text-align:left;width:100%;border-collapse:collapse;padding:3px 3px 3px 3px">

<tr style="text-align:center;font-weight:bold;background:#9CBCE2">

<td>Nautical</td>

</tr>

<tr>

<td>

<table style="font-family:Arial,Verdana,Times;font-size:12px;text-align:left;width:100%;border-spacing:0px; padding:3px 3px 3px 3px">

<tr>

<td>FID</td>

<td>99</td>

</tr>

<tr bgcolor="#D4E4F3">

<td>MAJ_CAT</td>

<td>Nautical</td>

</tr>

<tr>

<td>L_LIMIT</td>

<td>0</td>

</tr>

<tr bgcolor="#D4E4F3">

<td>U_LIMIT</td>

<td>0</td>

</tr>

<tr>

<td>ZORDER</td>

<td>9</td>

</tr>

<tr bgcolor="#D4E4F3">

<td>LAYER</td>

<td>0</td>

</tr>

<tr>

<td>MODE</td>

<td>2T</td>

</tr>

<tr bgcolor="#D4E4F3">

<td>COLOR</td>

<td>0</td>

</tr>

<tr>

<td>WIDTH</td>

<td>0</td>

</tr>

<tr bgcolor="#D4E4F3">

<td>MIN_CAT</td>

<td>1Depth Contours</td>

</tr>

<tr>

<td>RTP_LIMIT</td>

<td>0</td>

</tr>

<tr bgcolor="#D4E4F3">

<td>RTP_COLOR</td>

<td>19</td>

</tr>

<tr>

<td>FONT</td>

<td>020</td>

</tr>

<tr bgcolor="#D4E4F3">

<td>VALUE</td>

<td>30</td>

</tr>

<tr>

<td>TYPE</td>

<td>0</td>

</tr>

<tr bgcolor="#D4E4F3">

<td>Depth</td>

<td>-30</td>

</tr>

</table>

</td>

</tr>

</table>

</body>

</html>]]></description>
			<styleUrl>#LineStyle043</styleUrl>
			<MultiGeometry>
				<LineString>
					<tessellate>1</tessellate>
					<coordinates>
						101.525407427,1.678304314,0 101.525425085,1.678340488,0 101.525469092,1.67839475,0 101.525479323,1.678403012,0 101.525497298,1.678404282,0 101.5255046,1.67839475,0 101.525507606,1.678358575,0 101.525497298,1.678318546,0 101.525479323,1.678291444,0 101.525407427,1.678280197,0 101.525407427,1.678304314,0 
					</coordinates>
				</LineString>
			</MultiGeometry>
		</Placemark>
		<Placemark id="ID_00100">
			<name>-30</name>
			<Snippet maxLines="0"></Snippet>
			<description><![CDATA[<html xmlns:fo="http://www.w3.org/1999/XSL/Format" xmlns:msxsl="urn:schemas-microsoft-com:xslt">

<head>

<META http-equiv="Content-Type" content="text/html">

<meta http-equiv="content-type" content="text/html; charset=UTF-8">

</head>

<body style="margin:0px 0px 0px 0px;overflow:auto;background:#FFFFFF;">

<table style="font-family:Arial,Verdana,Times;font-size:12px;text-align:left;width:100%;border-collapse:collapse;padding:3px 3px 3px 3px">

<tr style="text-align:center;font-weight:bold;background:#9CBCE2">

<td>Nautical</td>

</tr>

<tr>

<td>

<table style="font-family:Arial,Verdana,Times;font-size:12px;text-align:left;width:100%;border-spacing:0px; padding:3px 3px 3px 3px">

<tr>

<td>FID</td>

<td>100</td>

</tr>

<tr bgcolor="#D4E4F3">

<td>MAJ_CAT</td>

<td>Nautical</td>

</tr>

<tr>

<td>L_LIMIT</td>

<td>0</td>

</tr>

<tr bgcolor="#D4E4F3">

<td>U_LIMIT</td>

<td>0</td>

</tr>

<tr>

<td>ZORDER</td>

<td>9</td>

</tr>

<tr bgcolor="#D4E4F3">

<td>LAYER</td>

<td>0</td>

</tr>

<tr>

<td>MODE</td>

<td>2T</td>

</tr>

<tr bgcolor="#D4E4F3">

<td>COLOR</td>

<td>0</td>

</tr>

<tr>

<td>WIDTH</td>

<td>0</td>

</tr>

<tr bgcolor="#D4E4F3">

<td>MIN_CAT</td>

<td>1Depth Contours</td>

</tr>

<tr>

<td>RTP_LIMIT</td>

<td>0</td>

</tr>

<tr bgcolor="#D4E4F3">

<td>RTP_COLOR</td>

<td>19</td>

</tr>

<tr>

<td>FONT</td>

<td>020</td>

</tr>

<tr bgcolor="#D4E4F3">

<td>VALUE</td>

<td>30</td>

</tr>

<tr>

<td>TYPE</td>

<td>0</td>

</tr>

<tr bgcolor="#D4E4F3">

<td>Depth</td>

<td>-30</td>

</tr>

</table>

</td>

</tr>

</table>

</body>

</html>]]></description>
			<styleUrl>#LineStyle043</styleUrl>
			<MultiGeometry>
				<LineString>
					<tessellate>1</tessellate>
					<coordinates>
						101.525353504,1.679300266,0 101.525394588,1.679335286,0 101.52546011,1.679425722,0 101.525552134,1.679516158,0 101.525623117,1.679573314,0 101.525641091,1.679578361,0 101.525659065,1.679575985,0 101.525682383,1.679552333,0 101.525692018,1.679516158,0 101.525679286,1.679443809,0 101.525659065,1.679401304,0 101.525641091,1.679379826,0 101.525605143,1.679358878,0 101.525587168,1.679358717,0 101.525533246,1.679379829,0 101.525515272,1.67937828,0 101.525461349,1.679346457,0 101.525417471,1.679299111,0 101.525371478,1.679266957,0 101.525353504,1.679262937,0 101.52534485,1.679281024,0 101.525353504,1.679300266,0 
					</coordinates>
				</LineString>
			</MultiGeometry>
		</Placemark>
		<Placemark id="ID_00101">
			<name>-30</name>
			<Snippet maxLines="0"></Snippet>
			<description><![CDATA[<html xmlns:fo="http://www.w3.org/1999/XSL/Format" xmlns:msxsl="urn:schemas-microsoft-com:xslt">

<head>

<META http-equiv="Content-Type" content="text/html">

<meta http-equiv="content-type" content="text/html; charset=UTF-8">

</head>

<body style="margin:0px 0px 0px 0px;overflow:auto;background:#FFFFFF;">

<table style="font-family:Arial,Verdana,Times;font-size:12px;text-align:left;width:100%;border-collapse:collapse;padding:3px 3px 3px 3px">

<tr style="text-align:center;font-weight:bold;background:#9CBCE2">

<td>Nautical</td>

</tr>

<tr>

<td>

<table style="font-family:Arial,Verdana,Times;font-size:12px;text-align:left;width:100%;border-spacing:0px; padding:3px 3px 3px 3px">

<tr>

<td>FID</td>

<td>101</td>

</tr>

<tr bgcolor="#D4E4F3">

<td>MAJ_CAT</td>

<td>Nautical</td>

</tr>

<tr>

<td>L_LIMIT</td>

<td>0</td>

</tr>

<tr bgcolor="#D4E4F3">

<td>U_LIMIT</td>

<td>0</td>

</tr>

<tr>

<td>ZORDER</td>

<td>9</td>

</tr>

<tr bgcolor="#D4E4F3">

<td>LAYER</td>

<td>0</td>

</tr>

<tr>

<td>MODE</td>

<td>2T</td>

</tr>

<tr bgcolor="#D4E4F3">

<td>COLOR</td>

<td>0</td>

</tr>

<tr>

<td>WIDTH</td>

<td>0</td>

</tr>

<tr bgcolor="#D4E4F3">

<td>MIN_CAT</td>

<td>1Depth Contours</td>

</tr>

<tr>

<td>RTP_LIMIT</td>

<td>0</td>

</tr>

<tr bgcolor="#D4E4F3">

<td>RTP_COLOR</td>

<td>19</td>

</tr>

<tr>

<td>FONT</td>

<td>020</td>

</tr>

<tr bgcolor="#D4E4F3">

<td>VALUE</td>

<td>30</td>

</tr>

<tr>

<td>TYPE</td>

<td>0</td>

</tr>

<tr bgcolor="#D4E4F3">

<td>Depth</td>

<td>-30</td>

</tr>

</table>

</td>

</tr>

</table>

</body>

</html>]]></description>
			<styleUrl>#LineStyle043</styleUrl>
			<MultiGeometry>
				<LineString>
					<tessellate>1</tessellate>
					<coordinates>
						101.523789752,1.679951545,0 101.523807726,1.679962309,0 101.5238257,1.679964722,0 101.523843674,1.679963171,0 101.523879623,1.679950252,0 101.523861648,1.679935453,0 101.523843674,1.679931245,0 101.523820565,1.679932165,0 101.523789752,1.679951545,0 
					</coordinates>
				</LineString>
			</MultiGeometry>
		</Placemark>
		<Placemark id="ID_00102">
			<name>-30</name>
			<Snippet maxLines="0"></Snippet>
			<description><![CDATA[<html xmlns:fo="http://www.w3.org/1999/XSL/Format" xmlns:msxsl="urn:schemas-microsoft-com:xslt">

<head>

<META http-equiv="Content-Type" content="text/html">

<meta http-equiv="content-type" content="text/html; charset=UTF-8">

</head>

<body style="margin:0px 0px 0px 0px;overflow:auto;background:#FFFFFF;">

<table style="font-family:Arial,Verdana,Times;font-size:12px;text-align:left;width:100%;border-collapse:collapse;padding:3px 3px 3px 3px">

<tr style="text-align:center;font-weight:bold;background:#9CBCE2">

<td>Nautical</td>

</tr>

<tr>

<td>

<table style="font-family:Arial,Verdana,Times;font-size:12px;text-align:left;width:100%;border-spacing:0px; padding:3px 3px 3px 3px">

<tr>

<td>FID</td>

<td>102</td>

</tr>

<tr bgcolor="#D4E4F3">

<td>MAJ_CAT</td>

<td>Nautical</td>

</tr>

<tr>

<td>L_LIMIT</td>

<td>0</td>

</tr>

<tr bgcolor="#D4E4F3">

<td>U_LIMIT</td>

<td>0</td>

</tr>

<tr>

<td>ZORDER</td>

<td>9</td>

</tr>

<tr bgcolor="#D4E4F3">

<td>LAYER</td>

<td>0</td>

</tr>

<tr>

<td>MODE</td>

<td>2T</td>

</tr>

<tr bgcolor="#D4E4F3">

<td>COLOR</td>

<td>0</td>

</tr>

<tr>

<td>WIDTH</td>

<td>0</td>

</tr>

<tr bgcolor="#D4E4F3">

<td>MIN_CAT</td>

<td>1Depth Contours</td>

</tr>

<tr>

<td>RTP_LIMIT</td>

<td>0</td>

</tr>

<tr bgcolor="#D4E4F3">

<td>RTP_COLOR</td>

<td>19</td>

</tr>

<tr>

<td>FONT</td>

<td>020</td>

</tr>

<tr bgcolor="#D4E4F3">

<td>VALUE</td>

<td>30</td>

</tr>

<tr>

<td>TYPE</td>

<td>0</td>

</tr>

<tr bgcolor="#D4E4F3">

<td>Depth</td>

<td>-30</td>

</tr>

</table>

</td>

</tr>

</table>

</body>

</html>]]></description>
			<styleUrl>#LineStyle043</styleUrl>
			<MultiGeometry>
				<LineString>
					<tessellate>1</tessellate>
					<coordinates>
						101.522711302,1.680066324,0 101.522788499,1.680113037,0 101.522926992,1.680153361,0 101.522998888,1.680181651,0 101.523025281,1.680203473,0 101.523052811,1.680237236,0 101.523081472,1.680275822,0 101.523098456,1.680311996,0 101.523124708,1.680328439,0 101.52317863,1.68033873,0 101.523304449,1.680350755,0 101.523376121,1.680384345,0 101.523425944,1.680438607,0 101.523455552,1.680492869,0 101.523466217,1.680532661,0 101.523502165,1.680567346,0 101.523556088,1.680584028,0 101.52361001,1.68058858,0 101.523663933,1.680582874,0 101.523717855,1.680561868,0 101.523735829,1.680547131,0 101.523732598,1.680510956,0 101.523645958,1.680333852,0 101.523592036,1.680239648,0 101.523574062,1.680218847,0 101.523538113,1.680194214,0 101.523502165,1.680179622,0 101.523412294,1.680161328,0 101.523358372,1.68014469,0 101.523250527,1.680089913,0 101.523142682,1.680049632,0 101.523088759,1.680024485,0 101.523042902,1.679986426,0 101.52296294,1.679873647,0 101.522926992,1.679843776,0 101.522891043,1.679832153,0 101.522855095,1.679833217,0 101.522819147,1.67984395,0 101.522783198,1.679866983,0 101.522705815,1.679968339,0 101.522696992,1.680022601,0 101.52270187,1.680058775,0 101.522711302,1.680066324,0 
					</coordinates>
				</LineString>
			</MultiGeometry>
		</Placemark>
		<Placemark id="ID_00103">
			<name>-30</name>
			<Snippet maxLines="0"></Snippet>
			<description><![CDATA[<html xmlns:fo="http://www.w3.org/1999/XSL/Format" xmlns:msxsl="urn:schemas-microsoft-com:xslt">

<head>

<META http-equiv="Content-Type" content="text/html">

<meta http-equiv="content-type" content="text/html; charset=UTF-8">

</head>

<body style="margin:0px 0px 0px 0px;overflow:auto;background:#FFFFFF;">

<table style="font-family:Arial,Verdana,Times;font-size:12px;text-align:left;width:100%;border-collapse:collapse;padding:3px 3px 3px 3px">

<tr style="text-align:center;font-weight:bold;background:#9CBCE2">

<td>Nautical</td>

</tr>

<tr>

<td>

<table style="font-family:Arial,Verdana,Times;font-size:12px;text-align:left;width:100%;border-spacing:0px; padding:3px 3px 3px 3px">

<tr>

<td>FID</td>

<td>103</td>

</tr>

<tr bgcolor="#D4E4F3">

<td>MAJ_CAT</td>

<td>Nautical</td>

</tr>

<tr>

<td>L_LIMIT</td>

<td>0</td>

</tr>

<tr bgcolor="#D4E4F3">

<td>U_LIMIT</td>

<td>0</td>

</tr>

<tr>

<td>ZORDER</td>

<td>9</td>

</tr>

<tr bgcolor="#D4E4F3">

<td>LAYER</td>

<td>0</td>

</tr>

<tr>

<td>MODE</td>

<td>2T</td>

</tr>

<tr bgcolor="#D4E4F3">

<td>COLOR</td>

<td>0</td>

</tr>

<tr>

<td>WIDTH</td>

<td>0</td>

</tr>

<tr bgcolor="#D4E4F3">

<td>MIN_CAT</td>

<td>1Depth Contours</td>

</tr>

<tr>

<td>RTP_LIMIT</td>

<td>0</td>

</tr>

<tr bgcolor="#D4E4F3">

<td>RTP_COLOR</td>

<td>19</td>

</tr>

<tr>

<td>FONT</td>

<td>020</td>

</tr>

<tr bgcolor="#D4E4F3">

<td>VALUE</td>

<td>30</td>

</tr>

<tr>

<td>TYPE</td>

<td>0</td>

</tr>

<tr bgcolor="#D4E4F3">

<td>Depth</td>

<td>-30</td>

</tr>

</table>

</td>

</tr>

</table>

</body>

</html>]]></description>
			<styleUrl>#LineStyle043</styleUrl>
			<MultiGeometry>
				<LineString>
					<tessellate>1</tessellate>
					<coordinates>
						101.525479323,1.677552871,0 101.525533246,1.677552871,0 101.525443375,1.677542766,0 101.525311136,1.677526563,0 101.525232179,1.67754465,0 101.525173763,1.677566064,0 101.525120126,1.677598911,0 101.525082652,1.677635086,0 101.525029969,1.677711261,0 101.524985984,1.677815958,0 101.524971038,1.67787022,0 101.524968673,1.677942569,0 101.525000285,1.67806918,0 101.524999214,1.678105354,0 101.524987076,1.678123441,0 101.52490415,1.678183732,0 101.524868202,1.678229381,0 101.524849238,1.678268139,0 101.524824685,1.678358575,0 101.52480786,1.67839475,0 101.524724093,1.678485186,0 101.524670486,1.678563783,0 101.524570571,1.678647971,0 101.524541672,1.678684145,0 101.524539531,1.67872032,0 101.524566869,1.678774582,0 101.524590292,1.678792669,0 101.52468846,1.678817713,0 101.524814279,1.678829637,0 101.524868202,1.678846794,0 101.52489838,1.678865018,0 101.524984243,1.678955454,0 101.524991751,1.678973541,0 101.524976047,1.678998507,0 101.52495541,1.679009716,0 101.524922124,1.679014962,0 101.524850228,1.679008805,0 101.524796305,1.678992559,0 101.52468846,1.678944649,0 101.524616563,1.678927525,0 101.524311003,1.67893041,0 101.52425708,1.678942332,0 101.52414515,1.678991628,0 101.524016794,1.679027803,0 101.523969493,1.6790479,0 101.523933545,1.679078963,0 101.523902006,1.679118239,0 101.523894371,1.679172501,0 101.523933288,1.679281024,0 101.523987468,1.679319885,0 101.524427635,1.679516158,0 101.524508718,1.679542189,0 101.524670486,1.679575387,0 101.524724408,1.679591716,0 101.524791748,1.679624682,0 101.524850228,1.679663525,0 101.524958073,1.679754033,0 101.525094051,1.67989599,0 101.525309692,1.680058775,0 101.525389453,1.680138825,0 101.525443375,1.680203473,0 101.525659065,1.680336866,0 101.525802858,1.680468458,0 101.525977911,1.680673741,0 101.526093108,1.680836526,0 101.526162342,1.680954337,0 101.526180316,1.680974693,0 101.52619829,1.680977254,0 101.526270187,1.68100852,0 101.526360058,1.681011479,0 
					</coordinates>
				</LineString>
			</MultiGeometry>
		</Placemark>
		<Placemark id="ID_00104">
			<name>-30</name>
			<Snippet maxLines="0"></Snippet>
			<description><![CDATA[<html xmlns:fo="http://www.w3.org/1999/XSL/Format" xmlns:msxsl="urn:schemas-microsoft-com:xslt">

<head>

<META http-equiv="Content-Type" content="text/html">

<meta http-equiv="content-type" content="text/html; charset=UTF-8">

</head>

<body style="margin:0px 0px 0px 0px;overflow:auto;background:#FFFFFF;">

<table style="font-family:Arial,Verdana,Times;font-size:12px;text-align:left;width:100%;border-collapse:collapse;padding:3px 3px 3px 3px">

<tr style="text-align:center;font-weight:bold;background:#9CBCE2">

<td>Nautical</td>

</tr>

<tr>

<td>

<table style="font-family:Arial,Verdana,Times;font-size:12px;text-align:left;width:100%;border-spacing:0px; padding:3px 3px 3px 3px">

<tr>

<td>FID</td>

<td>104</td>

</tr>

<tr bgcolor="#D4E4F3">

<td>MAJ_CAT</td>

<td>Nautical</td>

</tr>

<tr>

<td>L_LIMIT</td>

<td>0</td>

</tr>

<tr bgcolor="#D4E4F3">

<td>U_LIMIT</td>

<td>0</td>

</tr>

<tr>

<td>ZORDER</td>

<td>9</td>

</tr>

<tr bgcolor="#D4E4F3">

<td>LAYER</td>

<td>0</td>

</tr>

<tr>

<td>MODE</td>

<td>2T</td>

</tr>

<tr bgcolor="#D4E4F3">

<td>COLOR</td>

<td>0</td>

</tr>

<tr>

<td>WIDTH</td>

<td>0</td>

</tr>

<tr bgcolor="#D4E4F3">

<td>MIN_CAT</td>

<td>1Depth Contours</td>

</tr>

<tr>

<td>RTP_LIMIT</td>

<td>0</td>

</tr>

<tr bgcolor="#D4E4F3">

<td>RTP_COLOR</td>

<td>19</td>

</tr>

<tr>

<td>FONT</td>

<td>020</td>

</tr>

<tr bgcolor="#D4E4F3">

<td>VALUE</td>

<td>30</td>

</tr>

<tr>

<td>TYPE</td>

<td>0</td>

</tr>

<tr bgcolor="#D4E4F3">

<td>Depth</td>

<td>-30</td>

</tr>

</table>

</td>

</tr>

</table>

</body>

</html>]]></description>
			<styleUrl>#LineStyle043</styleUrl>
			<MultiGeometry>
				<LineString>
					<tessellate>1</tessellate>
					<coordinates>
						101.523120591,1.681379143,0 101.523160656,1.68144951,0 101.52317863,1.681469579,0 101.523214578,1.681490715,0 101.523232553,1.681494623,0 101.523268501,1.68149113,0 101.523322423,1.681458494,0 101.523366847,1.68139723,0 101.523386596,1.681324882,0 101.523375198,1.681288707,0 101.523340398,1.681256593,0 101.523304449,1.681242175,0 101.523250527,1.681237863,0 101.523196604,1.6812476,0 101.523142682,1.68127714,0 101.523117941,1.681306794,0 101.523112867,1.681361056,0 101.523120591,1.681379143,0 
					</coordinates>
				</LineString>
			</MultiGeometry>
		</Placemark>
		<Placemark id="ID_00105">
			<name>-30</name>
			<Snippet maxLines="0"></Snippet>
			<description><![CDATA[<html xmlns:fo="http://www.w3.org/1999/XSL/Format" xmlns:msxsl="urn:schemas-microsoft-com:xslt">

<head>

<META http-equiv="Content-Type" content="text/html">

<meta http-equiv="content-type" content="text/html; charset=UTF-8">

</head>

<body style="margin:0px 0px 0px 0px;overflow:auto;background:#FFFFFF;">

<table style="font-family:Arial,Verdana,Times;font-size:12px;text-align:left;width:100%;border-collapse:collapse;padding:3px 3px 3px 3px">

<tr style="text-align:center;font-weight:bold;background:#9CBCE2">

<td>Nautical</td>

</tr>

<tr>

<td>

<table style="font-family:Arial,Verdana,Times;font-size:12px;text-align:left;width:100%;border-spacing:0px; padding:3px 3px 3px 3px">

<tr>

<td>FID</td>

<td>105</td>

</tr>

<tr bgcolor="#D4E4F3">

<td>MAJ_CAT</td>

<td>Nautical</td>

</tr>

<tr>

<td>L_LIMIT</td>

<td>0</td>

</tr>

<tr bgcolor="#D4E4F3">

<td>U_LIMIT</td>

<td>0</td>

</tr>

<tr>

<td>ZORDER</td>

<td>9</td>

</tr>

<tr bgcolor="#D4E4F3">

<td>LAYER</td>

<td>0</td>

</tr>

<tr>

<td>MODE</td>

<td>2T</td>

</tr>

<tr bgcolor="#D4E4F3">

<td>COLOR</td>

<td>0</td>

</tr>

<tr>

<td>WIDTH</td>

<td>0</td>

</tr>

<tr bgcolor="#D4E4F3">

<td>MIN_CAT</td>

<td>1Depth Contours</td>

</tr>

<tr>

<td>RTP_LIMIT</td>

<td>0</td>

</tr>

<tr bgcolor="#D4E4F3">

<td>RTP_COLOR</td>

<td>19</td>

</tr>

<tr>

<td>FONT</td>

<td>020</td>

</tr>

<tr bgcolor="#D4E4F3">

<td>VALUE</td>

<td>30</td>

</tr>

<tr>

<td>TYPE</td>

<td>0</td>

</tr>

<tr bgcolor="#D4E4F3">

<td>Depth</td>

<td>-30</td>

</tr>

</table>

</td>

</tr>

</table>

</body>

</html>]]></description>
			<styleUrl>#LineStyle043</styleUrl>
			<MultiGeometry>
				<LineString>
					<tessellate>1</tessellate>
					<coordinates>
						101.523675224,1.68179515,0 101.523696364,1.681813237,0 101.523717855,1.681819609,0 101.523753803,1.681814709,0 101.523771778,1.681805221,0 101.523800052,1.681777062,0 101.523804088,1.681758975,0 101.523803233,1.681722801,0 101.523789752,1.681709235,0 101.523753803,1.681701879,0 101.523735411,1.681704713,0 101.523699881,1.681721832,0 101.52367396,1.681758975,0 101.523675224,1.68179515,0 
					</coordinates>
				</LineString>
			</MultiGeometry>
		</Placemark>
		<Placemark id="ID_00106">
			<name>-30</name>
			<Snippet maxLines="0"></Snippet>
			<description><![CDATA[<html xmlns:fo="http://www.w3.org/1999/XSL/Format" xmlns:msxsl="urn:schemas-microsoft-com:xslt">

<head>

<META http-equiv="Content-Type" content="text/html">

<meta http-equiv="content-type" content="text/html; charset=UTF-8">

</head>

<body style="margin:0px 0px 0px 0px;overflow:auto;background:#FFFFFF;">

<table style="font-family:Arial,Verdana,Times;font-size:12px;text-align:left;width:100%;border-collapse:collapse;padding:3px 3px 3px 3px">

<tr style="text-align:center;font-weight:bold;background:#9CBCE2">

<td>Nautical</td>

</tr>

<tr>

<td>

<table style="font-family:Arial,Verdana,Times;font-size:12px;text-align:left;width:100%;border-spacing:0px; padding:3px 3px 3px 3px">

<tr>

<td>FID</td>

<td>106</td>

</tr>

<tr bgcolor="#D4E4F3">

<td>MAJ_CAT</td>

<td>Nautical</td>

</tr>

<tr>

<td>L_LIMIT</td>

<td>0</td>

</tr>

<tr bgcolor="#D4E4F3">

<td>U_LIMIT</td>

<td>0</td>

</tr>

<tr>

<td>ZORDER</td>

<td>9</td>

</tr>

<tr bgcolor="#D4E4F3">

<td>LAYER</td>

<td>0</td>

</tr>

<tr>

<td>MODE</td>

<td>2T</td>

</tr>

<tr bgcolor="#D4E4F3">

<td>COLOR</td>

<td>0</td>

</tr>

<tr>

<td>WIDTH</td>

<td>0</td>

</tr>

<tr bgcolor="#D4E4F3">

<td>MIN_CAT</td>

<td>1Depth Contours</td>

</tr>

<tr>

<td>RTP_LIMIT</td>

<td>0</td>

</tr>

<tr bgcolor="#D4E4F3">

<td>RTP_COLOR</td>

<td>19</td>

</tr>

<tr>

<td>FONT</td>

<td>020</td>

</tr>

<tr bgcolor="#D4E4F3">

<td>VALUE</td>

<td>30</td>

</tr>

<tr>

<td>TYPE</td>

<td>0</td>

</tr>

<tr bgcolor="#D4E4F3">

<td>Depth</td>

<td>-30</td>

</tr>

</table>

</td>

</tr>

</table>

</body>

</html>]]></description>
			<styleUrl>#LineStyle043</styleUrl>
			<MultiGeometry>
				<LineString>
					<tessellate>1</tessellate>
					<coordinates>
						101.521525007,1.683006659,0 101.521542981,1.683006659,0 101.521578929,1.683029038,0 101.5216688,1.683061256,0 101.521733896,1.68309743,0 101.521794619,1.68312092,0 101.521830567,1.683120155,0 101.521874132,1.68309743,0 101.521902464,1.683059041,0 101.521933406,1.68297082,0 101.521966939,1.682735686,0 101.521973966,1.682392028,0 101.522014868,1.682229243,0 101.522046258,1.682143173,0 101.522064232,1.68212872,0 101.52210018,1.682123989,0 101.522136128,1.682128271,0 101.522190051,1.682145079,0 101.522265785,1.682193069,0 101.522405741,1.682316506,0 101.522441689,1.682331022,0 101.522477638,1.68233023,0 101.522495612,1.682321402,0 101.522510726,1.682301592,0 101.52253156,1.682244041,0 101.522565291,1.682048371,0 101.522549534,1.682009286,0 101.522511838,1.681976022,0 101.522469649,1.681957935,0 101.52231587,1.681920642,0 101.522255956,1.681885586,0 101.522154103,1.681787972,0 101.52210018,1.6817661,0 101.522046258,1.681761711,0 101.521992335,1.681779376,0 101.521956387,1.681805948,0 101.521937441,1.681831324,0 101.521941089,1.681885586,0 101.521977922,1.681957935,0 101.521984039,1.682048371,0 101.521974361,1.682061937,0 101.521938412,1.682076255,0 101.52188449,1.682082303,0 101.521812593,1.682083763,0 101.521758671,1.682074065,0 101.521704748,1.682054344,0 101.5216688,1.682032746,0 101.521578929,1.681937955,0 101.521532488,1.681849411,0 101.521524121,1.68179515,0 101.521542981,1.681752569,0 101.521560955,1.68174105,0 101.521632852,1.681748123,0 101.521686774,1.681744071,0 101.521758671,1.681721245,0 101.521830567,1.681669361,0 101.521896251,1.68159619,0 101.522046258,1.681466734,0 101.52210018,1.68143897,0 101.522172077,1.681426869,0 101.522225999,1.681431596,0 101.522279922,1.681448886,0 101.522351818,1.681479645,0 101.522426711,1.681523841,0 101.522538017,1.681632365,0 101.522621431,1.681759234,0 101.522675353,1.681802511,0 101.522729276,1.681816429,0 101.522783198,1.681806399,0 101.522889481,1.681740888,0 101.522893809,1.681722801,0 101.522887817,1.681650452,0 101.52286579,1.68159619,0 101.5228525,1.681523841,0 101.522857955,1.681433405,0 101.522837121,1.681352658,0 101.522808466,1.681306794,0 101.522716049,1.681252533,0 101.522689303,1.681216358,0 101.522761737,1.681144009,0 101.522768768,1.681125922,0 101.522770664,1.681107835,0 101.522746384,1.681053573,0 101.522675353,1.680979061,0 101.522585483,1.680912401,0 101.522471804,1.680800352,0 101.522423715,1.680741834,0 101.522387767,1.680720794,0 101.522273846,1.680691828,0 101.522208025,1.680649228,0 101.522163273,1.680601392,0 101.522082206,1.6804594,0 101.522013442,1.680384345,0 101.521990297,1.680348171,0 101.521983251,1.680311996,0 101.521993533,1.680239648,0 101.522028605,1.680113037,0 101.522045231,1.680076862,0 101.522064232,1.680063059,0 101.52210018,1.680057751,0 101.522136128,1.680062886,0 101.522190051,1.680083785,0 101.522225999,1.680107164,0 101.522261948,1.680144082,0 101.522318544,1.680239648,0 101.522360126,1.680293909,0 101.522405741,1.680337469,0 101.522477638,1.68038762,0 101.522693328,1.680482371,0 101.522896179,1.680547131,0 101.522980914,1.680602675,0 101.523048317,1.680655654,0 101.523104988,1.680709916,0 101.523142682,1.680736055,0 101.52317863,1.680754609,0 101.523304449,1.680795471,0 101.523594433,1.680908875,0 101.523649845,1.68094505,0 101.523731226,1.681035486,0 101.523807726,1.681095142,0 101.523866878,1.681125922,0 101.524005442,1.681181788,0 101.524167209,1.681270776,0 101.524239106,1.68129163,0 101.524275054,1.681292727,0 101.524311003,1.681283742,0 101.524333943,1.681252533,0 101.524348211,1.681144009,0 101.52438073,1.680999311,0 101.524376101,1.680890788,0 101.524343581,1.680800352,0 101.524293028,1.680753168,0 101.524221132,1.680723304,0 101.524059364,1.680695248,0 101.524005442,1.680677124,0 101.523955272,1.680637567,0 101.523918712,1.680583305,0 101.52391205,1.680547131,0 101.523917622,1.680492869,0 101.523976751,1.680293909,0 101.523995647,1.680149211,0 101.523991931,1.680113037,0 101.523960915,1.680004514,0 101.523961704,1.679986426,0 101.523974887,1.679968339,0 101.524001213,1.679950252,0 101.52404139,1.679939463,0 101.524095313,1.679940917,0 101.524131261,1.679954095,0 101.524167209,1.679975535,0 101.524239106,1.680048006,0 101.524418848,1.680255274,0 101.524508718,1.680336543,0 101.524580615,1.680385291,0 101.524850228,1.680510601,0 101.524940098,1.680563977,0 101.524976047,1.680597271,0 101.525083892,1.680727539,0 101.525137814,1.680766849,0 101.525173763,1.680780059,0 101.525209711,1.680784557,0 101.525245659,1.680778333,0 101.525272621,1.680764177,0 101.525313825,1.680728003,0 101.525342097,1.680691828,0 101.525358164,1.680655654,0 101.525358429,1.680619479,0 101.525287078,1.680438607,0 101.525263633,1.680408462,0 101.525227685,1.680394681,0 101.525083892,1.68038535,0 101.525047943,1.680375096,0 101.525011995,1.680354069,0 101.524987436,1.680330084,0 101.524954165,1.680239648,0 101.524928628,1.680203473,0 101.524868202,1.680145455,0 101.524729818,1.680058775,0 101.524642761,1.679914077,0 101.524616836,1.679859816,0 101.524580615,1.679828349,0 101.524527334,1.679805554,0 101.524490744,1.679798872,0 101.524418848,1.679798431,0 101.524293028,1.679806632,0 101.52425708,1.679801286,0 101.524233838,1.679787467,0 101.524221132,1.679769811,0 101.524176062,1.679660856,0 101.524131261,1.679630912,0 101.523923406,1.679588507,0 101.523815617,1.679552333,0 101.523681907,1.679498468,0 101.523568801,1.679443809,0 101.523466217,1.679413189,0 101.523430268,1.679403855,0 101.523286475,1.67939228,0 101.523214578,1.679379384,0 101.52306236,1.679299111,0 101.522993896,1.679226762,0 101.522980914,1.679208675,0 101.522983028,1.679190588,0 101.523015863,1.679154414,0 101.523127975,1.679100152,0 101.52318505,1.679063977,0 101.523203517,1.67904589,0 101.523206875,1.679027803,0 101.523203795,1.679009716,0 101.523139686,1.678901192,0 101.523134385,1.678865018,0 101.523114721,1.678846931,0 101.523088759,1.678837553,0 101.523034837,1.678834163,0 101.52297043,1.678846931,0 101.522891043,1.678880017,0 101.52274725,1.678973541,0 101.522731672,1.678991628,0 101.522731843,1.679009716,0 101.522801173,1.679076036,0 101.522829933,1.679190588,0 101.522819147,1.679208675,0 101.522795886,1.679226762,0 101.522572001,1.679317199,0 101.522555524,1.679335286,0 101.52257373,1.679407635,0 101.522584199,1.679425722,0 101.522670859,1.679498071,0 101.522752282,1.679552333,0 101.522794433,1.679606594,0 101.522801173,1.679642769,0 101.522776728,1.679678943,0 101.522684069,1.679733205,0 101.522567508,1.679783265,0 101.522495612,1.679795539,0 101.522423715,1.679794193,0 101.522369793,1.67978189,0 101.522297896,1.679748101,0 101.522271207,1.679715118,0 101.522233604,1.679624682,0 101.522190051,1.679584447,0 101.522172077,1.679576904,0 101.522136128,1.679572566,0 101.522082206,1.679586173,0 101.522028283,1.679622098,0 101.521985949,1.679678943,0 101.521908156,1.679841728,0 101.521896266,1.679950252,0 101.521892095,1.679968339,0 101.52187775,1.679986426,0 101.521812593,1.680034836,0 101.521757355,1.68009495,0 101.521704748,1.680134041,0 101.521650826,1.680156446,0 101.521507032,1.680194265,0 101.52145311,1.680227213,0 101.521425186,1.680257735,0 101.521406336,1.680330084,0 101.521405303,1.680402433,0 101.521351084,1.680583305,0 101.521347997,1.680619479,0 101.521355116,1.680655654,0 101.521384303,1.680728003,0 101.521408611,1.680764177,0 101.521471084,1.680819901,0 101.521616335,1.680926962,0 101.52167165,1.680981224,0 101.521698404,1.681017399,0 101.521749888,1.681162096,0 101.521740697,1.681208911,0 101.52169248,1.681306794,0 101.5216688,1.681330911,0 101.521632852,1.681342027,0 101.521596903,1.681336551,0 101.521578929,1.681326891,0 101.521539592,1.68127062,0 101.521483577,1.681125922,0 101.521443086,1.68107166,0 101.521399187,1.68103823,0 101.521273368,1.681012079,0 101.52123742,1.681012079,0 
					</coordinates>
				</LineString>
			</MultiGeometry>
		</Placemark>
		<Placemark id="ID_00107">
			<name>-25</name>
			<Snippet maxLines="0"></Snippet>
			<description><![CDATA[<html xmlns:fo="http://www.w3.org/1999/XSL/Format" xmlns:msxsl="urn:schemas-microsoft-com:xslt">

<head>

<META http-equiv="Content-Type" content="text/html">

<meta http-equiv="content-type" content="text/html; charset=UTF-8">

</head>

<body style="margin:0px 0px 0px 0px;overflow:auto;background:#FFFFFF;">

<table style="font-family:Arial,Verdana,Times;font-size:12px;text-align:left;width:100%;border-collapse:collapse;padding:3px 3px 3px 3px">

<tr style="text-align:center;font-weight:bold;background:#9CBCE2">

<td>Nautical</td>

</tr>

<tr>

<td>

<table style="font-family:Arial,Verdana,Times;font-size:12px;text-align:left;width:100%;border-spacing:0px; padding:3px 3px 3px 3px">

<tr>

<td>FID</td>

<td>107</td>

</tr>

<tr bgcolor="#D4E4F3">

<td>MAJ_CAT</td>

<td>Nautical</td>

</tr>

<tr>

<td>L_LIMIT</td>

<td>0</td>

</tr>

<tr bgcolor="#D4E4F3">

<td>U_LIMIT</td>

<td>0</td>

</tr>

<tr>

<td>ZORDER</td>

<td>9</td>

</tr>

<tr bgcolor="#D4E4F3">

<td>LAYER</td>

<td>0</td>

</tr>

<tr>

<td>MODE</td>

<td>2T</td>

</tr>

<tr bgcolor="#D4E4F3">

<td>COLOR</td>

<td>0</td>

</tr>

<tr>

<td>WIDTH</td>

<td>0</td>

</tr>

<tr bgcolor="#D4E4F3">

<td>MIN_CAT</td>

<td>1Depth Contours</td>

</tr>

<tr>

<td>RTP_LIMIT</td>

<td>0</td>

</tr>

<tr bgcolor="#D4E4F3">

<td>RTP_COLOR</td>

<td>19</td>

</tr>

<tr>

<td>FONT</td>

<td>020</td>

</tr>

<tr bgcolor="#D4E4F3">

<td>VALUE</td>

<td>25</td>

</tr>

<tr>

<td>TYPE</td>

<td>0</td>

</tr>

<tr bgcolor="#D4E4F3">

<td>Depth</td>

<td>-25</td>

</tr>

</table>

</td>

</tr>

</table>

</body>

</html>]]></description>
			<styleUrl>#LineStyle026</styleUrl>
			<MultiGeometry>
				<LineString>
					<tessellate>1</tessellate>
					<coordinates>
						101.521003756,1.678667144,0 101.52102173,1.678667144,0 101.521111601,1.678622585,0 101.521182952,1.678575622,0 101.521381213,1.678484884,0 101.521470138,1.678430924,0 101.521525007,1.678377104,0 101.521632852,1.678251021,0 101.521731097,1.678123441,0 101.521802955,1.677996831,0 101.521821,1.677942569,0 101.521815692,1.677906394,0 101.521761797,1.677815958,0 101.521750253,1.677779784,0 101.521742535,1.677725522,0 101.521748662,1.67767126,0 101.521814186,1.67754465,0 101.521879908,1.677327603,0 101.521920438,1.677269723,0 101.521992335,1.677219902,0 101.522007042,1.677200992,0 101.522020226,1.677164818,0 101.522026392,1.677092469,0 101.522052073,1.67702012,0 101.522082206,1.676977917,0 101.522118154,1.676949063,0 101.522154103,1.676929181,0 101.522190051,1.676917784,0 101.522351818,1.676901666,0 101.522423715,1.676887179,0 101.522639405,1.676816059,0 101.522693328,1.676811165,0 101.52274725,1.676820097,0 101.522783198,1.676837765,0 101.522801173,1.676853581,0 101.522825352,1.676893509,0 101.522833805,1.676947771,0 101.522812309,1.677056294,0 101.522812727,1.677128643,0 101.522825924,1.677164818,0 101.522866206,1.677200992,0 101.523068269,1.677309516,0 101.523139431,1.677363777,0 101.523196754,1.677399952,0 101.523281981,1.677436126,0 101.523340398,1.677448066,0 101.523502165,1.677438022,0 101.523556088,1.677443517,0 101.523592036,1.677458453,0 101.523681907,1.677519431,0 101.523717855,1.677534866,0 101.523753803,1.677542493,0 101.5238257,1.67754193,0 101.523896335,1.677526563,0 101.523937159,1.677508475,0 101.523987468,1.677466476,0 101.524150771,1.677291428,0 101.524194449,1.677237167,0 101.524215,1.677200992,0 101.524216151,1.677164818,0 101.524182986,1.677002033,0 101.524173095,1.676857335,0 101.52418112,1.676766899,0 101.524199856,1.67669455,0 101.524217579,1.676658375,0 101.524239106,1.676631792,0 101.524293028,1.676595452,0 101.524344772,1.676549852,0 101.524423606,1.676441328,0 101.524490744,1.67636898,0 101.524508718,1.676359751,0 101.524526693,1.676357184,0 101.524598589,1.67638917,0 101.524634538,1.676389282,0 101.52468846,1.676368284,0 101.524724408,1.676337604,0 101.524736784,1.676314718,0 101.524740978,1.676278543,0 101.524721248,1.676115758,0 101.524735992,1.676061497,0 101.524760357,1.676021148,0 101.524796305,1.675996253,0 101.524832253,1.675987551,0 101.524958073,1.675988906,0 101.525047943,1.675985638,0 101.525155788,1.675993167,0 101.525209711,1.67596473,0 101.525263633,1.675954911,0 101.525299582,1.67594058,0 101.525371478,1.67594058,0 
					</coordinates>
				</LineString>
			</MultiGeometry>
		</Placemark>
		<Placemark id="ID_00108">
			<name>-25</name>
			<Snippet maxLines="0"></Snippet>
			<description><![CDATA[<html xmlns:fo="http://www.w3.org/1999/XSL/Format" xmlns:msxsl="urn:schemas-microsoft-com:xslt">

<head>

<META http-equiv="Content-Type" content="text/html">

<meta http-equiv="content-type" content="text/html; charset=UTF-8">

</head>

<body style="margin:0px 0px 0px 0px;overflow:auto;background:#FFFFFF;">

<table style="font-family:Arial,Verdana,Times;font-size:12px;text-align:left;width:100%;border-collapse:collapse;padding:3px 3px 3px 3px">

<tr style="text-align:center;font-weight:bold;background:#9CBCE2">

<td>Nautical</td>

</tr>

<tr>

<td>

<table style="font-family:Arial,Verdana,Times;font-size:12px;text-align:left;width:100%;border-spacing:0px; padding:3px 3px 3px 3px">

<tr>

<td>FID</td>

<td>108</td>

</tr>

<tr bgcolor="#D4E4F3">

<td>MAJ_CAT</td>

<td>Nautical</td>

</tr>

<tr>

<td>L_LIMIT</td>

<td>0</td>

</tr>

<tr bgcolor="#D4E4F3">

<td>U_LIMIT</td>

<td>0</td>

</tr>

<tr>

<td>ZORDER</td>

<td>9</td>

</tr>

<tr bgcolor="#D4E4F3">

<td>LAYER</td>

<td>0</td>

</tr>

<tr>

<td>MODE</td>

<td>2T</td>

</tr>

<tr bgcolor="#D4E4F3">

<td>COLOR</td>

<td>0</td>

</tr>

<tr>

<td>WIDTH</td>

<td>0</td>

</tr>

<tr bgcolor="#D4E4F3">

<td>MIN_CAT</td>

<td>1Depth Contours</td>

</tr>

<tr>

<td>RTP_LIMIT</td>

<td>0</td>

</tr>

<tr bgcolor="#D4E4F3">

<td>RTP_COLOR</td>

<td>19</td>

</tr>

<tr>

<td>FONT</td>

<td>020</td>

</tr>

<tr bgcolor="#D4E4F3">

<td>VALUE</td>

<td>25</td>

</tr>

<tr>

<td>TYPE</td>

<td>0</td>

</tr>

<tr bgcolor="#D4E4F3">

<td>Depth</td>

<td>-25</td>

</tr>

</table>

</td>

</tr>

</table>

</body>

</html>]]></description>
			<styleUrl>#LineStyle026</styleUrl>
			<MultiGeometry>
				<LineString>
					<tessellate>1</tessellate>
					<coordinates>
						101.524541495,1.68414649,0 101.524634538,1.684262723,0 101.524652512,1.684275322,0 101.524670486,1.684277622,0 101.52468846,1.684268341,0 101.524706434,1.68424597,0 101.524717079,1.684218839,0 101.524727326,1.68414649,0 101.524718866,1.684092228,0 101.52468846,1.684048693,0 101.524670486,1.684037413,0 101.524634538,1.684033856,0 101.524562641,1.684069208,0 101.524539323,1.684092228,0 101.524533882,1.684128403,0 101.524541495,1.68414649,0 
					</coordinates>
				</LineString>
			</MultiGeometry>
		</Placemark>
		<Placemark id="ID_00109">
			<name>-25</name>
			<Snippet maxLines="0"></Snippet>
			<description><![CDATA[<html xmlns:fo="http://www.w3.org/1999/XSL/Format" xmlns:msxsl="urn:schemas-microsoft-com:xslt">

<head>

<META http-equiv="Content-Type" content="text/html">

<meta http-equiv="content-type" content="text/html; charset=UTF-8">

</head>

<body style="margin:0px 0px 0px 0px;overflow:auto;background:#FFFFFF;">

<table style="font-family:Arial,Verdana,Times;font-size:12px;text-align:left;width:100%;border-collapse:collapse;padding:3px 3px 3px 3px">

<tr style="text-align:center;font-weight:bold;background:#9CBCE2">

<td>Nautical</td>

</tr>

<tr>

<td>

<table style="font-family:Arial,Verdana,Times;font-size:12px;text-align:left;width:100%;border-spacing:0px; padding:3px 3px 3px 3px">

<tr>

<td>FID</td>

<td>109</td>

</tr>

<tr bgcolor="#D4E4F3">

<td>MAJ_CAT</td>

<td>Nautical</td>

</tr>

<tr>

<td>L_LIMIT</td>

<td>0</td>

</tr>

<tr bgcolor="#D4E4F3">

<td>U_LIMIT</td>

<td>0</td>

</tr>

<tr>

<td>ZORDER</td>

<td>9</td>

</tr>

<tr bgcolor="#D4E4F3">

<td>LAYER</td>

<td>0</td>

</tr>

<tr>

<td>MODE</td>

<td>2T</td>

</tr>

<tr bgcolor="#D4E4F3">

<td>COLOR</td>

<td>0</td>

</tr>

<tr>

<td>WIDTH</td>

<td>0</td>

</tr>

<tr bgcolor="#D4E4F3">

<td>MIN_CAT</td>

<td>1Depth Contours</td>

</tr>

<tr>

<td>RTP_LIMIT</td>

<td>0</td>

</tr>

<tr bgcolor="#D4E4F3">

<td>RTP_COLOR</td>

<td>19</td>

</tr>

<tr>

<td>FONT</td>

<td>020</td>

</tr>

<tr bgcolor="#D4E4F3">

<td>VALUE</td>

<td>25</td>

</tr>

<tr>

<td>TYPE</td>

<td>0</td>

</tr>

<tr bgcolor="#D4E4F3">

<td>Depth</td>

<td>-25</td>

</tr>

</table>

</td>

</tr>

</table>

</body>

</html>]]></description>
			<styleUrl>#LineStyle026</styleUrl>
			<MultiGeometry>
				<LineString>
					<tessellate>1</tessellate>
					<coordinates>
						101.521866516,1.685541217,0 101.52188449,1.685541217,0 101.521992335,1.685513523,0 101.522154103,1.685440732,0 101.522513586,1.685312551,0 101.522603457,1.685265611,0 101.52274725,1.685161545,0 101.522801173,1.685130038,0 101.522873069,1.685101787,0 101.523052811,1.685058178,0 101.523088759,1.685032764,0 101.523124708,1.684976288,0 101.523157717,1.684851892,0 101.52320283,1.684598671,0 101.523248803,1.684417798,0 101.5232672,1.684255013,0 101.523286475,1.684213499,0 101.523322423,1.684179684,0 101.523358372,1.684166838,0 101.52339432,1.684164316,0 101.523430268,1.684172343,0 101.523466217,1.684192798,0 101.523531802,1.684255013,0 101.523585436,1.684345449,0 101.523627984,1.684394304,0 101.523699881,1.684458495,0 101.523753803,1.684490623,0 101.523843674,1.684512607,0 101.523987468,1.684531591,0 101.524023416,1.684529104,0 101.52404139,1.68452299,0 101.524077338,1.684497606,0 101.524095969,1.68447206,0 101.524114669,1.684417798,0 101.524127489,1.684327362,0 101.524131959,1.684182664,0 101.524149235,1.684129307,0 101.524163678,1.684110315,0 101.524185183,1.684095433,0 101.524324829,1.684037967,0 101.524375138,1.684001792,0 101.524383282,1.683983705,0 101.524383201,1.683857094,0 101.52440101,1.683766658,0 101.524415852,1.683730484,0 101.524454283,1.683676222,0 101.52455316,1.683567698,0 101.524635312,1.68349535,0 101.524670486,1.683417606,0 101.524684482,1.683350652,0 101.524670486,1.683262841,0 101.524652512,1.683217303,0 101.5245849,1.683115518,0 101.524536763,1.683061256,0 101.524491904,1.683025081,0 101.524470098,1.682988907,0 101.524464361,1.682952733,0 101.524470561,1.682898471,0 101.524508718,1.682843818,0 101.524562641,1.682827202,0 101.524598589,1.682828035,0 101.524634538,1.682835294,0 101.524670486,1.6828509,0 101.524810513,1.682934645,0 101.524854721,1.68297082,0 101.524886625,1.683006994,0 101.524967262,1.683224041,0 101.525033161,1.683314477,0 101.525065918,1.683342961,0 101.525101866,1.683358539,0 101.525155788,1.683361054,0 101.525209711,1.683347901,0 101.525237906,1.683332564,0 101.525263633,1.683307796,0 101.525294665,1.683242128,0 101.525303224,1.683205954,0 101.525315844,1.682934645,0 101.525333927,1.682844209,0 101.525411139,1.682554813,0 101.525448977,1.68244629,0 101.525494302,1.682392028,0 101.525555368,1.682355854,0 101.525677039,1.682317456,0 101.525712988,1.682311721,0 101.525748936,1.682312949,0 101.525820833,1.682334175,0 101.525874755,1.682368049,0 101.525912651,1.682410116,0 101.525958195,1.682482464,0 101.525980823,1.682572901,0 101.525985365,1.682663337,0 101.525976739,1.682753773,0 101.526003944,1.682826122,0 101.526090445,1.682983055,0 101.526162342,1.683049357,0 101.52619829,1.683074606,0 101.526270187,1.683074606,0 
					</coordinates>
				</LineString>
			</MultiGeometry>
		</Placemark>
		<Placemark id="ID_00110">
			<name>-25</name>
			<Snippet maxLines="0"></Snippet>
			<description><![CDATA[<html xmlns:fo="http://www.w3.org/1999/XSL/Format" xmlns:msxsl="urn:schemas-microsoft-com:xslt">

<head>

<META http-equiv="Content-Type" content="text/html">

<meta http-equiv="content-type" content="text/html; charset=UTF-8">

</head>

<body style="margin:0px 0px 0px 0px;overflow:auto;background:#FFFFFF;">

<table style="font-family:Arial,Verdana,Times;font-size:12px;text-align:left;width:100%;border-collapse:collapse;padding:3px 3px 3px 3px">

<tr style="text-align:center;font-weight:bold;background:#9CBCE2">

<td>Nautical</td>

</tr>

<tr>

<td>

<table style="font-family:Arial,Verdana,Times;font-size:12px;text-align:left;width:100%;border-spacing:0px; padding:3px 3px 3px 3px">

<tr>

<td>FID</td>

<td>110</td>

</tr>

<tr bgcolor="#D4E4F3">

<td>MAJ_CAT</td>

<td>Nautical</td>

</tr>

<tr>

<td>L_LIMIT</td>

<td>0</td>

</tr>

<tr bgcolor="#D4E4F3">

<td>U_LIMIT</td>

<td>0</td>

</tr>

<tr>

<td>ZORDER</td>

<td>9</td>

</tr>

<tr bgcolor="#D4E4F3">

<td>LAYER</td>

<td>0</td>

</tr>

<tr>

<td>MODE</td>

<td>2T</td>

</tr>

<tr bgcolor="#D4E4F3">

<td>COLOR</td>

<td>0</td>

</tr>

<tr>

<td>WIDTH</td>

<td>0</td>

</tr>

<tr bgcolor="#D4E4F3">

<td>MIN_CAT</td>

<td>1Depth Contours</td>

</tr>

<tr>

<td>RTP_LIMIT</td>

<td>0</td>

</tr>

<tr bgcolor="#D4E4F3">

<td>RTP_COLOR</td>

<td>19</td>

</tr>

<tr>

<td>FONT</td>

<td>020</td>

</tr>

<tr bgcolor="#D4E4F3">

<td>VALUE</td>

<td>25</td>

</tr>

<tr>

<td>TYPE</td>

<td>0</td>

</tr>

<tr bgcolor="#D4E4F3">

<td>Depth</td>

<td>-25</td>

</tr>

</table>

</td>

</tr>

</table>

</body>

</html>]]></description>
			<styleUrl>#LineStyle026</styleUrl>
			<MultiGeometry>
				<LineString>
					<tessellate>1</tessellate>
					<coordinates>
						101.534574252,1.694901502,0 101.534556278,1.694901502,0 101.534539362,1.694908393,0 101.534502356,1.69493653,0 101.534490801,1.694962654,0 101.534490373,1.694998829,0 101.534505949,1.695071178,0 101.534526321,1.695107352,0 101.534592226,1.695179701,0 101.534596723,1.695197788,0 101.534592226,1.695206832,0 101.534574252,1.695206832,0 101.534556278,1.695200374,0 101.53452033,1.695179701,0 101.534466407,1.695137498,0 101.534403498,1.695107352,0 101.534366052,1.695071178,0 101.534348975,1.695035003,0 101.534348292,1.695016916,0 101.534362556,1.694944567,0 101.534349575,1.694908393,0 101.534305925,1.694854131,0 101.534232743,1.694810558,0 101.534124898,1.694772739,0 101.534053001,1.69475917,0 101.534035027,1.694763695,0 101.534035027,1.694781782,0 101.534017053,1.694799869,0 101.533927182,1.69486016,0 101.53387326,1.694888043,0 101.533837311,1.694924217,0 101.533813867,1.694980742,0 101.53381831,1.695053091,0 101.53383294,1.695089265,0 101.53386954,1.69512544,0 101.533909208,1.695148694,0 101.534053001,1.695186735,0 101.534232743,1.695262464,0 101.534340588,1.69533126,0 101.534502356,1.695453594,0 101.534677869,1.695613795,0 101.534807916,1.695720058,0 101.534880937,1.695794667,0 101.535113477,1.695977183,0 101.535241411,1.696138324,0 101.535268332,1.696156412,0 101.53538309,1.696210673,0 101.535419038,1.696236376,0 101.535465899,1.69630111,0 101.535509489,1.696409633,0 101.535547956,1.696481982,0 101.535585764,1.696536243,0 101.535637493,1.696590505,0 101.535696639,1.69662668,0 101.53603016,1.696761459,0 101.536173953,1.696795883,0 101.536299772,1.696808306,0 101.536443566,1.696857639,0 101.536479514,1.696858525,0 101.536497488,1.69685503,0 101.536510328,1.696843726,0 101.536511469,1.696825639,0 101.536497488,1.696797502,0 101.536443566,1.696729175,0 101.536368904,1.696590505,0 101.536346294,1.696536243,0 101.536341114,1.696500069,0 101.53634856,1.696481982,0 101.536371669,1.696472938,0 101.536479514,1.696468069,0 
					</coordinates>
				</LineString>
			</MultiGeometry>
		</Placemark>
		<Placemark id="ID_00111">
			<name>-25</name>
			<Snippet maxLines="0"></Snippet>
			<description><![CDATA[<html xmlns:fo="http://www.w3.org/1999/XSL/Format" xmlns:msxsl="urn:schemas-microsoft-com:xslt">

<head>

<META http-equiv="Content-Type" content="text/html">

<meta http-equiv="content-type" content="text/html; charset=UTF-8">

</head>

<body style="margin:0px 0px 0px 0px;overflow:auto;background:#FFFFFF;">

<table style="font-family:Arial,Verdana,Times;font-size:12px;text-align:left;width:100%;border-collapse:collapse;padding:3px 3px 3px 3px">

<tr style="text-align:center;font-weight:bold;background:#9CBCE2">

<td>Nautical</td>

</tr>

<tr>

<td>

<table style="font-family:Arial,Verdana,Times;font-size:12px;text-align:left;width:100%;border-spacing:0px; padding:3px 3px 3px 3px">

<tr>

<td>FID</td>

<td>111</td>

</tr>

<tr bgcolor="#D4E4F3">

<td>MAJ_CAT</td>

<td>Nautical</td>

</tr>

<tr>

<td>L_LIMIT</td>

<td>0</td>

</tr>

<tr bgcolor="#D4E4F3">

<td>U_LIMIT</td>

<td>0</td>

</tr>

<tr>

<td>ZORDER</td>

<td>9</td>

</tr>

<tr bgcolor="#D4E4F3">

<td>LAYER</td>

<td>0</td>

</tr>

<tr>

<td>MODE</td>

<td>2T</td>

</tr>

<tr bgcolor="#D4E4F3">

<td>COLOR</td>

<td>0</td>

</tr>

<tr>

<td>WIDTH</td>

<td>0</td>

</tr>

<tr bgcolor="#D4E4F3">

<td>MIN_CAT</td>

<td>1Depth Contours</td>

</tr>

<tr>

<td>RTP_LIMIT</td>

<td>0</td>

</tr>

<tr bgcolor="#D4E4F3">

<td>RTP_COLOR</td>

<td>19</td>

</tr>

<tr>

<td>FONT</td>

<td>020</td>

</tr>

<tr bgcolor="#D4E4F3">

<td>VALUE</td>

<td>25</td>

</tr>

<tr>

<td>TYPE</td>

<td>0</td>

</tr>

<tr bgcolor="#D4E4F3">

<td>Depth</td>

<td>-25</td>

</tr>

</table>

</td>

</tr>

</table>

</body>

</html>]]></description>
			<styleUrl>#LineStyle026</styleUrl>
			<MultiGeometry>
				<LineString>
					<tessellate>1</tessellate>
					<coordinates>
						101.532597094,1.699287342,0 101.532615068,1.699287342,0 101.532633042,1.69926633,0 101.532651016,1.699262179,0 101.532722913,1.699219884,0 101.532920629,1.699076072,0 101.533190241,1.698841143,0 101.533244164,1.698814758,0 101.533369983,1.698772705,0 101.533405931,1.698770016,0 101.53344188,1.698778364,0 101.533459854,1.69878735,0 101.533495802,1.698818852,0 101.533578567,1.698923758,0 101.533639595,1.698968641,0 101.533720908,1.699014194,0 101.53374744,1.699020455,0 101.533765415,1.699018368,0 101.533801363,1.69900312,0 101.533837311,1.698978431,0 101.534070976,1.698761449,0 101.534232743,1.698633071,0 101.534286666,1.698574346,0 101.534396009,1.698381141,0 101.534444285,1.698308792,0 101.534604874,1.69812792,0 101.534731527,1.697965135,0 101.534801381,1.697838524,0 101.534864085,1.697657652,0 101.53491191,1.697549128,0 101.534942723,1.697368256,0 101.534942723,1.697332082,0 101.534996645,1.697205471,0 101.534998444,1.697169297,0 101.534987658,1.697145175,0 101.534962496,1.697115035,0 101.534894189,1.697060773,0 101.534807916,1.696946221,0 101.534771968,1.696925119,0 101.534700071,1.696901609,0 101.534664123,1.696894367,0 101.534556278,1.696825639,0 101.53454909,1.696789465,0 101.534574252,1.696717116,0 101.534574252,1.696662854,0 101.534566265,1.69662668,0 101.534545492,1.696590505,0 101.534475394,1.696518156,0 101.534423924,1.696481982,0 101.53430464,1.69637017,0 101.534268691,1.696342711,0 101.534234378,1.69630111,0 101.534189882,1.696210673,0 101.534142872,1.696152795,0 101.53408895,1.696111194,0 101.533981105,1.696049397,0 101.533955143,1.696029801,0 101.533847298,1.69590319,0 101.533801363,1.695873044,0 101.533693518,1.695814565,0 101.533624616,1.695740405,0 101.533555715,1.695686144,0 101.533468841,1.695595708,0 101.533334035,1.695498608,0 101.533208215,1.695384416,0 101.53310037,1.695317164,0 101.532986535,1.695233963,0 101.532920629,1.69520213,0 101.532848732,1.695179701,0 101.532758861,1.695166333,0 101.532704939,1.695168192,0 101.532615068,1.69518372,0 101.532543171,1.695185021,0 101.532507223,1.695180833,0 101.5324533,1.695162907,0 101.532399378,1.69515257,0 101.532345455,1.695149911,0 101.532255585,1.695156446,0 101.532201662,1.695154077,0 101.53214774,1.69514202,0 101.532039895,1.695100893,0 101.532003946,1.695092182,0 101.531842179,1.695077896,0 101.531644463,1.695028648,0 101.531518644,1.695010198,0 101.531464721,1.69501308,0 101.53115916,1.695048569,0 101.530997393,1.695076889,0 101.530655884,1.695125892,0 101.530404245,1.695179701,0 101.530098685,1.695236487,0 101.530026788,1.695246295,0 101.529936917,1.695251639,0 101.529829072,1.695263732,0 101.529739201,1.695267877,0 101.529307821,1.695228398,0 101.529235924,1.695228013,0 101.529171216,1.695233963,0 101.528732648,1.695330892,0 101.528498984,1.695365774,0 101.528265319,1.695420218,0 101.528067604,1.695456255,0 101.528031655,1.69548049,0 101.528020328,1.695505271,0 
					</coordinates>
				</LineString>
			</MultiGeometry>
		</Placemark>
		<Placemark id="ID_00112">
			<name>-3</name>
			<Snippet maxLines="0"></Snippet>
			<description><![CDATA[<html xmlns:fo="http://www.w3.org/1999/XSL/Format" xmlns:msxsl="urn:schemas-microsoft-com:xslt">

<head>

<META http-equiv="Content-Type" content="text/html">

<meta http-equiv="content-type" content="text/html; charset=UTF-8">

</head>

<body style="margin:0px 0px 0px 0px;overflow:auto;background:#FFFFFF;">

<table style="font-family:Arial,Verdana,Times;font-size:12px;text-align:left;width:100%;border-collapse:collapse;padding:3px 3px 3px 3px">

<tr style="text-align:center;font-weight:bold;background:#9CBCE2">

<td>Nautical</td>

</tr>

<tr>

<td>

<table style="font-family:Arial,Verdana,Times;font-size:12px;text-align:left;width:100%;border-spacing:0px; padding:3px 3px 3px 3px">

<tr>

<td>FID</td>

<td>112</td>

</tr>

<tr bgcolor="#D4E4F3">

<td>MAJ_CAT</td>

<td>Nautical</td>

</tr>

<tr>

<td>L_LIMIT</td>

<td>0</td>

</tr>

<tr bgcolor="#D4E4F3">

<td>U_LIMIT</td>

<td>0</td>

</tr>

<tr>

<td>ZORDER</td>

<td>9</td>

</tr>

<tr bgcolor="#D4E4F3">

<td>LAYER</td>

<td>0</td>

</tr>

<tr>

<td>MODE</td>

<td>2T</td>

</tr>

<tr bgcolor="#D4E4F3">

<td>COLOR</td>

<td>0</td>

</tr>

<tr>

<td>WIDTH</td>

<td>0</td>

</tr>

<tr bgcolor="#D4E4F3">

<td>MIN_CAT</td>

<td>1Depth Contours</td>

</tr>

<tr>

<td>RTP_LIMIT</td>

<td>0</td>

</tr>

<tr bgcolor="#D4E4F3">

<td>RTP_COLOR</td>

<td>19</td>

</tr>

<tr>

<td>FONT</td>

<td>020</td>

</tr>

<tr bgcolor="#D4E4F3">

<td>VALUE</td>

<td>3</td>

</tr>

<tr>

<td>TYPE</td>

<td>0</td>

</tr>

<tr bgcolor="#D4E4F3">

<td>Depth</td>

<td>-3</td>

</tr>

</table>

</td>

</tr>

</table>

</body>

</html>]]></description>
			<styleUrl>#LineStyle09</styleUrl>
			<MultiGeometry>
				<LineString>
					<tessellate>1</tessellate>
					<coordinates>
						101.522416012,1.655243088,0 101.522477638,1.655264967,0 101.52253949,1.655261175,0 101.522549534,1.655250089,0 101.522552299,1.655243088,0 101.522537551,1.655206913,0 101.522518815,1.655188826,0 101.522477638,1.65511497,0 101.522452897,1.655170739,0 101.522409615,1.655206913,0 101.522405741,1.655225001,0 101.522416012,1.655243088,0 
					</coordinates>
				</LineString>
			</MultiGeometry>
		</Placemark>
		<Placemark id="ID_00113">
			<name>-3</name>
			<Snippet maxLines="0"></Snippet>
			<description><![CDATA[<html xmlns:fo="http://www.w3.org/1999/XSL/Format" xmlns:msxsl="urn:schemas-microsoft-com:xslt">

<head>

<META http-equiv="Content-Type" content="text/html">

<meta http-equiv="content-type" content="text/html; charset=UTF-8">

</head>

<body style="margin:0px 0px 0px 0px;overflow:auto;background:#FFFFFF;">

<table style="font-family:Arial,Verdana,Times;font-size:12px;text-align:left;width:100%;border-collapse:collapse;padding:3px 3px 3px 3px">

<tr style="text-align:center;font-weight:bold;background:#9CBCE2">

<td>Nautical</td>

</tr>

<tr>

<td>

<table style="font-family:Arial,Verdana,Times;font-size:12px;text-align:left;width:100%;border-spacing:0px; padding:3px 3px 3px 3px">

<tr>

<td>FID</td>

<td>113</td>

</tr>

<tr bgcolor="#D4E4F3">

<td>MAJ_CAT</td>

<td>Nautical</td>

</tr>

<tr>

<td>L_LIMIT</td>

<td>0</td>

</tr>

<tr bgcolor="#D4E4F3">

<td>U_LIMIT</td>

<td>0</td>

</tr>

<tr>

<td>ZORDER</td>

<td>9</td>

</tr>

<tr bgcolor="#D4E4F3">

<td>LAYER</td>

<td>0</td>

</tr>

<tr>

<td>MODE</td>

<td>2T</td>

</tr>

<tr bgcolor="#D4E4F3">

<td>COLOR</td>

<td>0</td>

</tr>

<tr>

<td>WIDTH</td>

<td>0</td>

</tr>

<tr bgcolor="#D4E4F3">

<td>MIN_CAT</td>

<td>1Depth Contours</td>

</tr>

<tr>

<td>RTP_LIMIT</td>

<td>0</td>

</tr>

<tr bgcolor="#D4E4F3">

<td>RTP_COLOR</td>

<td>19</td>

</tr>

<tr>

<td>FONT</td>

<td>020</td>

</tr>

<tr bgcolor="#D4E4F3">

<td>VALUE</td>

<td>3</td>

</tr>

<tr>

<td>TYPE</td>

<td>0</td>

</tr>

<tr bgcolor="#D4E4F3">

<td>Depth</td>

<td>-3</td>

</tr>

</table>

</td>

</tr>

</table>

</body>

</html>]]></description>
			<styleUrl>#LineStyle09</styleUrl>
			<MultiGeometry>
				<LineString>
					<tessellate>1</tessellate>
					<coordinates>
						101.517714483,1.657432677,0 101.517750431,1.657449997,0 101.517858276,1.657538348,0 101.517894225,1.657559415,0 101.517930173,1.657567253,0 101.517966121,1.657569022,0 101.51800207,1.657566157,0 101.518038018,1.657557795,0 101.518073967,1.657540702,0 101.518271682,1.65742397,0 101.518613192,1.657244657,0 101.518703062,1.657204999,0 101.518909896,1.657124161,0 101.519044572,1.657057335,0 101.51925467,1.656961375,0 101.519475952,1.656848274,0 101.519722574,1.656744329,0 101.520087073,1.656557023,0 101.520338712,1.656442949,0 101.520536427,1.656364497,0 101.520601734,1.656328322,0 101.520734143,1.656244518,0 101.520788066,1.656216955,0 101.520895911,1.656174469,0 101.521075652,1.656116229,0 101.521129575,1.656093989,0 101.521309317,1.655969177,0 101.521435136,1.655908032,0 101.52155559,1.655839967,0 101.521619371,1.655821879,0 101.521724252,1.655803792,0 101.521776408,1.655785705,0 101.521902464,1.655707367,0 101.521956387,1.655679053,0 101.522150655,1.655604833,0 101.5223173,1.655532484,0 101.522413389,1.655478222,0 101.522495612,1.65542396,0 101.522513586,1.655403592,0 101.522567508,1.655377414,0 101.522680083,1.655333524,0 101.522711302,1.655308368,0 101.522729276,1.655300256,0 101.522765224,1.655296412,0 101.522801173,1.655288627,0 101.522873069,1.655288627,0 
					</coordinates>
				</LineString>
			</MultiGeometry>
		</Placemark>
		<Placemark id="ID_00114">
			<name>-3</name>
			<Snippet maxLines="0"></Snippet>
			<description><![CDATA[<html xmlns:fo="http://www.w3.org/1999/XSL/Format" xmlns:msxsl="urn:schemas-microsoft-com:xslt">

<head>

<META http-equiv="Content-Type" content="text/html">

<meta http-equiv="content-type" content="text/html; charset=UTF-8">

</head>

<body style="margin:0px 0px 0px 0px;overflow:auto;background:#FFFFFF;">

<table style="font-family:Arial,Verdana,Times;font-size:12px;text-align:left;width:100%;border-collapse:collapse;padding:3px 3px 3px 3px">

<tr style="text-align:center;font-weight:bold;background:#9CBCE2">

<td>Nautical</td>

</tr>

<tr>

<td>

<table style="font-family:Arial,Verdana,Times;font-size:12px;text-align:left;width:100%;border-spacing:0px; padding:3px 3px 3px 3px">

<tr>

<td>FID</td>

<td>114</td>

</tr>

<tr bgcolor="#D4E4F3">

<td>MAJ_CAT</td>

<td>Nautical</td>

</tr>

<tr>

<td>L_LIMIT</td>

<td>0</td>

</tr>

<tr bgcolor="#D4E4F3">

<td>U_LIMIT</td>

<td>0</td>

</tr>

<tr>

<td>ZORDER</td>

<td>9</td>

</tr>

<tr bgcolor="#D4E4F3">

<td>LAYER</td>

<td>0</td>

</tr>

<tr>

<td>MODE</td>

<td>2T</td>

</tr>

<tr bgcolor="#D4E4F3">

<td>COLOR</td>

<td>0</td>

</tr>

<tr>

<td>WIDTH</td>

<td>0</td>

</tr>

<tr bgcolor="#D4E4F3">

<td>MIN_CAT</td>

<td>1Depth Contours</td>

</tr>

<tr>

<td>RTP_LIMIT</td>

<td>0</td>

</tr>

<tr bgcolor="#D4E4F3">

<td>RTP_COLOR</td>

<td>19</td>

</tr>

<tr>

<td>FONT</td>

<td>020</td>

</tr>

<tr bgcolor="#D4E4F3">

<td>VALUE</td>

<td>3</td>

</tr>

<tr>

<td>TYPE</td>

<td>0</td>

</tr>

<tr bgcolor="#D4E4F3">

<td>Depth</td>

<td>-3</td>

</tr>

</table>

</td>

</tr>

</table>

</body>

</html>]]></description>
			<styleUrl>#LineStyle09</styleUrl>
			<MultiGeometry>
				<LineString>
					<tessellate>1</tessellate>
					<coordinates>
						101.539427277,1.699524836,0 101.539445252,1.699524836,0 
					</coordinates>
				</LineString>
			</MultiGeometry>
		</Placemark>
		<Placemark id="ID_00115">
			<name>-3</name>
			<Snippet maxLines="0"></Snippet>
			<description><![CDATA[<html xmlns:fo="http://www.w3.org/1999/XSL/Format" xmlns:msxsl="urn:schemas-microsoft-com:xslt">

<head>

<META http-equiv="Content-Type" content="text/html">

<meta http-equiv="content-type" content="text/html; charset=UTF-8">

</head>

<body style="margin:0px 0px 0px 0px;overflow:auto;background:#FFFFFF;">

<table style="font-family:Arial,Verdana,Times;font-size:12px;text-align:left;width:100%;border-collapse:collapse;padding:3px 3px 3px 3px">

<tr style="text-align:center;font-weight:bold;background:#9CBCE2">

<td>Nautical</td>

</tr>

<tr>

<td>

<table style="font-family:Arial,Verdana,Times;font-size:12px;text-align:left;width:100%;border-spacing:0px; padding:3px 3px 3px 3px">

<tr>

<td>FID</td>

<td>115</td>

</tr>

<tr bgcolor="#D4E4F3">

<td>MAJ_CAT</td>

<td>Nautical</td>

</tr>

<tr>

<td>L_LIMIT</td>

<td>0</td>

</tr>

<tr bgcolor="#D4E4F3">

<td>U_LIMIT</td>

<td>0</td>

</tr>

<tr>

<td>ZORDER</td>

<td>9</td>

</tr>

<tr bgcolor="#D4E4F3">

<td>LAYER</td>

<td>0</td>

</tr>

<tr>

<td>MODE</td>

<td>2T</td>

</tr>

<tr bgcolor="#D4E4F3">

<td>COLOR</td>

<td>0</td>

</tr>

<tr>

<td>WIDTH</td>

<td>0</td>

</tr>

<tr bgcolor="#D4E4F3">

<td>MIN_CAT</td>

<td>1Depth Contours</td>

</tr>

<tr>

<td>RTP_LIMIT</td>

<td>0</td>

</tr>

<tr bgcolor="#D4E4F3">

<td>RTP_COLOR</td>

<td>19</td>

</tr>

<tr>

<td>FONT</td>

<td>020</td>

</tr>

<tr bgcolor="#D4E4F3">

<td>VALUE</td>

<td>3</td>

</tr>

<tr>

<td>TYPE</td>

<td>0</td>

</tr>

<tr bgcolor="#D4E4F3">

<td>Depth</td>

<td>-3</td>

</tr>

</table>

</td>

</tr>

</table>

</body>

</html>]]></description>
			<styleUrl>#LineStyle09</styleUrl>
			<MultiGeometry>
				<LineString>
					<tessellate>1</tessellate>
					<coordinates>
						101.539427277,1.699524836,0 101.539391329,1.699524836,0 101.539229562,1.699610403,0 101.539193613,1.699625181,0 101.539139691,1.699638025,0 101.53904982,1.699648345,0 101.538977923,1.699660655,0 101.538941975,1.699670668,0 101.538910293,1.699683422,0 101.538882876,1.699701509,0 101.538867276,1.699719596,0 101.53883413,1.699791384,0 101.538804698,1.699828119,0 101.538776873,1.699846207,0 101.538692774,1.699882381,0 101.538636414,1.699894283,0 101.538528569,1.699905473,0 101.538510595,1.699911888,0 101.538474647,1.699914249,0 101.538276931,1.699922007,0 101.538258957,1.69991819,0 101.538223008,1.699915998,0 101.53818706,1.699910886,0 101.538133137,1.699910334,0 101.538092744,1.699918555,0 101.538082291,1.699936643,0 
					</coordinates>
				</LineString>
			</MultiGeometry>
		</Placemark>
		<Placemark id="ID_00116">
			<name>-19</name>
			<Snippet maxLines="0"></Snippet>
			<description><![CDATA[<html xmlns:fo="http://www.w3.org/1999/XSL/Format" xmlns:msxsl="urn:schemas-microsoft-com:xslt">

<head>

<META http-equiv="Content-Type" content="text/html">

<meta http-equiv="content-type" content="text/html; charset=UTF-8">

</head>

<body style="margin:0px 0px 0px 0px;overflow:auto;background:#FFFFFF;">

<table style="font-family:Arial,Verdana,Times;font-size:12px;text-align:left;width:100%;border-collapse:collapse;padding:3px 3px 3px 3px">

<tr style="text-align:center;font-weight:bold;background:#9CBCE2">

<td>Nautical</td>

</tr>

<tr>

<td>

<table style="font-family:Arial,Verdana,Times;font-size:12px;text-align:left;width:100%;border-spacing:0px; padding:3px 3px 3px 3px">

<tr>

<td>FID</td>

<td>116</td>

</tr>

<tr bgcolor="#D4E4F3">

<td>MAJ_CAT</td>

<td>Nautical</td>

</tr>

<tr>

<td>L_LIMIT</td>

<td>0</td>

</tr>

<tr bgcolor="#D4E4F3">

<td>U_LIMIT</td>

<td>0</td>

</tr>

<tr>

<td>ZORDER</td>

<td>9</td>

</tr>

<tr bgcolor="#D4E4F3">

<td>LAYER</td>

<td>0</td>

</tr>

<tr>

<td>MODE</td>

<td>2T</td>

</tr>

<tr bgcolor="#D4E4F3">

<td>COLOR</td>

<td>0</td>

</tr>

<tr>

<td>WIDTH</td>

<td>0</td>

</tr>

<tr bgcolor="#D4E4F3">

<td>MIN_CAT</td>

<td>1Depth Contours</td>

</tr>

<tr>

<td>RTP_LIMIT</td>

<td>0</td>

</tr>

<tr bgcolor="#D4E4F3">

<td>RTP_COLOR</td>

<td>19</td>

</tr>

<tr>

<td>FONT</td>

<td>020</td>

</tr>

<tr bgcolor="#D4E4F3">

<td>VALUE</td>

<td>19</td>

</tr>

<tr>

<td>TYPE</td>

<td>0</td>

</tr>

<tr bgcolor="#D4E4F3">

<td>Depth</td>

<td>-19</td>

</tr>

</table>

</td>

</tr>

</table>

</body>

</html>]]></description>
			<styleUrl>#LineStyle00</styleUrl>
			<MultiGeometry>
				<LineString>
					<tessellate>1</tessellate>
					<coordinates>
						101.520500479,1.674511541,0 101.520518453,1.67451247,0 101.520554402,1.674522805,0 101.520644272,1.674571246,0 101.520752117,1.674696825,0 101.520784728,1.674723041,0 101.520824014,1.674743754,0 101.520859962,1.674756268,0 101.520895911,1.674764475,0 101.52102173,1.674780896,0 101.521093627,1.674783973,0 101.521129575,1.674780807,0 101.521165523,1.674774014,0 101.521219446,1.674753896,0 101.521255394,1.674730427,0 101.521299513,1.674686867,0 101.521339445,1.674632605,0 101.521375621,1.674542169,0 101.521383533,1.674397471,0 101.521399187,1.674369864,0 101.521417162,1.674362803,0 101.521435136,1.67436538,0 101.521471084,1.674382472,0 101.52162795,1.674505994,0 101.521658465,1.674524082,0 101.521705414,1.674542169,0 101.521740697,1.6745486,0 101.521794619,1.674554147,0 101.521902464,1.674557703,0 101.522028283,1.674556107,0 101.522082206,1.674549921,0 101.522118154,1.674542169,0 101.522172077,1.674523825,0 101.522238838,1.674487907,0 101.522284054,1.674451733,0 101.522316074,1.674415558,0 101.522343231,1.674361297,0 101.52234336,1.674252773,0 101.522351818,1.674221266,0 101.522405741,1.674135568,0 101.522423715,1.67412242,0 101.522441689,1.674115215,0 101.522513586,1.674099032,0 101.522693328,1.674050511,0 101.523070785,1.673974772,0 101.52317863,1.673962068,0 101.523250527,1.673958146,0 101.523304449,1.673960521,0 101.52339432,1.673973117,0 101.523412294,1.673973473,0 101.523430268,1.673971129,0 101.523448243,1.673964073,0 101.523466217,1.673949401,0 101.523484191,1.673924942,0 101.523507696,1.673872941,0 101.523525465,1.673800592,0 101.52354661,1.673764418,0 101.523563577,1.673746331,0 101.523592036,1.673726599,0 101.523645958,1.67370029,0 101.523663933,1.673695358,0 101.523699881,1.67369448,0 101.523735829,1.673705831,0 101.523769885,1.673728243,0 101.523830058,1.673782505,0 101.523866308,1.673800592,0 101.523915571,1.6738168,0 101.523969493,1.673826201,0 101.524149235,1.673846686,0 101.524239106,1.673866462,0 101.524275054,1.673869066,0 101.524293028,1.673866798,0 101.524328977,1.673852495,0 101.524364925,1.673820998,0 101.524488457,1.67361972,0 101.524526693,1.673589489,0 101.524574196,1.673565458,0 101.524616563,1.673551953,0 101.524652512,1.673544608,0 101.524770342,1.673529284,0 101.524814279,1.67352024,0 101.524850228,1.673497887,0 101.524886176,1.673461356,0 101.524932609,1.673438848,0 101.524958073,1.673415108,0 101.525029969,1.673415108,0 
					</coordinates>
				</LineString>
			</MultiGeometry>
		</Placemark>
		<Placemark id="ID_00117">
			<name>-19</name>
			<Snippet maxLines="0"></Snippet>
			<description><![CDATA[<html xmlns:fo="http://www.w3.org/1999/XSL/Format" xmlns:msxsl="urn:schemas-microsoft-com:xslt">

<head>

<META http-equiv="Content-Type" content="text/html">

<meta http-equiv="content-type" content="text/html; charset=UTF-8">

</head>

<body style="margin:0px 0px 0px 0px;overflow:auto;background:#FFFFFF;">

<table style="font-family:Arial,Verdana,Times;font-size:12px;text-align:left;width:100%;border-collapse:collapse;padding:3px 3px 3px 3px">

<tr style="text-align:center;font-weight:bold;background:#9CBCE2">

<td>Nautical</td>

</tr>

<tr>

<td>

<table style="font-family:Arial,Verdana,Times;font-size:12px;text-align:left;width:100%;border-spacing:0px; padding:3px 3px 3px 3px">

<tr>

<td>FID</td>

<td>117</td>

</tr>

<tr bgcolor="#D4E4F3">

<td>MAJ_CAT</td>

<td>Nautical</td>

</tr>

<tr>

<td>L_LIMIT</td>

<td>0</td>

</tr>

<tr bgcolor="#D4E4F3">

<td>U_LIMIT</td>

<td>0</td>

</tr>

<tr>

<td>ZORDER</td>

<td>9</td>

</tr>

<tr bgcolor="#D4E4F3">

<td>LAYER</td>

<td>0</td>

</tr>

<tr>

<td>MODE</td>

<td>2T</td>

</tr>

<tr bgcolor="#D4E4F3">

<td>COLOR</td>

<td>0</td>

</tr>

<tr>

<td>WIDTH</td>

<td>0</td>

</tr>

<tr bgcolor="#D4E4F3">

<td>MIN_CAT</td>

<td>1Depth Contours</td>

</tr>

<tr>

<td>RTP_LIMIT</td>

<td>0</td>

</tr>

<tr bgcolor="#D4E4F3">

<td>RTP_COLOR</td>

<td>19</td>

</tr>

<tr>

<td>FONT</td>

<td>020</td>

</tr>

<tr bgcolor="#D4E4F3">

<td>VALUE</td>

<td>19</td>

</tr>

<tr>

<td>TYPE</td>

<td>0</td>

</tr>

<tr bgcolor="#D4E4F3">

<td>Depth</td>

<td>-19</td>

</tr>

</table>

</td>

</tr>

</table>

</body>

</html>]]></description>
			<styleUrl>#LineStyle00</styleUrl>
			<MultiGeometry>
				<LineString>
					<tessellate>1</tessellate>
					<coordinates>
						101.526047448,1.686190347,0 101.526069299,1.686226522,0 101.52611501,1.686280783,0 101.526144368,1.686305948,0 101.526180316,1.686326047,0 101.526234239,1.686342744,0 101.526270187,1.686345588,0 101.52632349,1.686335045,0 101.526350733,1.686316958,0 101.526379128,1.686262696,0 101.526376192,1.686208434,0 101.526320739,1.686099911,0 101.526306135,1.686081658,0 101.526270187,1.686061825,0 101.526234239,1.686053965,0 101.52619829,1.686054489,0 101.526162342,1.686062899,0 101.526126394,1.686080304,0 101.526072471,1.686116713,0 101.526054008,1.686136085,0 101.526044682,1.686154173,0 101.526047448,1.686190347,0 
					</coordinates>
				</LineString>
			</MultiGeometry>
		</Placemark>
		<Placemark id="ID_00118">
			<name>-19</name>
			<Snippet maxLines="0"></Snippet>
			<description><![CDATA[<html xmlns:fo="http://www.w3.org/1999/XSL/Format" xmlns:msxsl="urn:schemas-microsoft-com:xslt">

<head>

<META http-equiv="Content-Type" content="text/html">

<meta http-equiv="content-type" content="text/html; charset=UTF-8">

</head>

<body style="margin:0px 0px 0px 0px;overflow:auto;background:#FFFFFF;">

<table style="font-family:Arial,Verdana,Times;font-size:12px;text-align:left;width:100%;border-collapse:collapse;padding:3px 3px 3px 3px">

<tr style="text-align:center;font-weight:bold;background:#9CBCE2">

<td>Nautical</td>

</tr>

<tr>

<td>

<table style="font-family:Arial,Verdana,Times;font-size:12px;text-align:left;width:100%;border-spacing:0px; padding:3px 3px 3px 3px">

<tr>

<td>FID</td>

<td>118</td>

</tr>

<tr bgcolor="#D4E4F3">

<td>MAJ_CAT</td>

<td>Nautical</td>

</tr>

<tr>

<td>L_LIMIT</td>

<td>0</td>

</tr>

<tr bgcolor="#D4E4F3">

<td>U_LIMIT</td>

<td>0</td>

</tr>

<tr>

<td>ZORDER</td>

<td>9</td>

</tr>

<tr bgcolor="#D4E4F3">

<td>LAYER</td>

<td>0</td>

</tr>

<tr>

<td>MODE</td>

<td>2T</td>

</tr>

<tr bgcolor="#D4E4F3">

<td>COLOR</td>

<td>0</td>

</tr>

<tr>

<td>WIDTH</td>

<td>0</td>

</tr>

<tr bgcolor="#D4E4F3">

<td>MIN_CAT</td>

<td>1Depth Contours</td>

</tr>

<tr>

<td>RTP_LIMIT</td>

<td>0</td>

</tr>

<tr bgcolor="#D4E4F3">

<td>RTP_COLOR</td>

<td>19</td>

</tr>

<tr>

<td>FONT</td>

<td>020</td>

</tr>

<tr bgcolor="#D4E4F3">

<td>VALUE</td>

<td>19</td>

</tr>

<tr>

<td>TYPE</td>

<td>0</td>

</tr>

<tr bgcolor="#D4E4F3">

<td>Depth</td>

<td>-19</td>

</tr>

</table>

</td>

</tr>

</table>

</body>

</html>]]></description>
			<styleUrl>#LineStyle00</styleUrl>
			<MultiGeometry>
				<LineString>
					<tessellate>1</tessellate>
					<coordinates>
						101.524503642,1.686787226,0 101.524539363,1.686841488,0 101.524598589,1.686890679,0 101.524652512,1.686914001,0 101.52468846,1.686914853,0 101.524706434,1.686907283,0 101.524724408,1.686889226,0 101.524738145,1.686859575,0 101.524748404,1.686787226,0 101.524735613,1.68669679,0 101.524724408,1.686665063,0 101.524706434,1.68664272,0 101.524670486,1.686626345,0 101.524634538,1.686623821,0 101.524580615,1.686635427,0 101.524544667,1.686654814,0 101.524521557,1.686678702,0 101.524503074,1.686714877,0 101.524497467,1.686751051,0 101.524503642,1.686787226,0 
					</coordinates>
				</LineString>
			</MultiGeometry>
		</Placemark>
		<Placemark id="ID_00119">
			<name>-19</name>
			<Snippet maxLines="0"></Snippet>
			<description><![CDATA[<html xmlns:fo="http://www.w3.org/1999/XSL/Format" xmlns:msxsl="urn:schemas-microsoft-com:xslt">

<head>

<META http-equiv="Content-Type" content="text/html">

<meta http-equiv="content-type" content="text/html; charset=UTF-8">

</head>

<body style="margin:0px 0px 0px 0px;overflow:auto;background:#FFFFFF;">

<table style="font-family:Arial,Verdana,Times;font-size:12px;text-align:left;width:100%;border-collapse:collapse;padding:3px 3px 3px 3px">

<tr style="text-align:center;font-weight:bold;background:#9CBCE2">

<td>Nautical</td>

</tr>

<tr>

<td>

<table style="font-family:Arial,Verdana,Times;font-size:12px;text-align:left;width:100%;border-spacing:0px; padding:3px 3px 3px 3px">

<tr>

<td>FID</td>

<td>119</td>

</tr>

<tr bgcolor="#D4E4F3">

<td>MAJ_CAT</td>

<td>Nautical</td>

</tr>

<tr>

<td>L_LIMIT</td>

<td>0</td>

</tr>

<tr bgcolor="#D4E4F3">

<td>U_LIMIT</td>

<td>0</td>

</tr>

<tr>

<td>ZORDER</td>

<td>9</td>

</tr>

<tr bgcolor="#D4E4F3">

<td>LAYER</td>

<td>0</td>

</tr>

<tr>

<td>MODE</td>

<td>2T</td>

</tr>

<tr bgcolor="#D4E4F3">

<td>COLOR</td>

<td>0</td>

</tr>

<tr>

<td>WIDTH</td>

<td>0</td>

</tr>

<tr bgcolor="#D4E4F3">

<td>MIN_CAT</td>

<td>1Depth Contours</td>

</tr>

<tr>

<td>RTP_LIMIT</td>

<td>0</td>

</tr>

<tr bgcolor="#D4E4F3">

<td>RTP_COLOR</td>

<td>19</td>

</tr>

<tr>

<td>FONT</td>

<td>020</td>

</tr>

<tr bgcolor="#D4E4F3">

<td>VALUE</td>

<td>19</td>

</tr>

<tr>

<td>TYPE</td>

<td>0</td>

</tr>

<tr bgcolor="#D4E4F3">

<td>Depth</td>

<td>-19</td>

</tr>

</table>

</td>

</tr>

</table>

</body>

</html>]]></description>
			<styleUrl>#LineStyle00</styleUrl>
			<MultiGeometry>
				<LineString>
					<tessellate>1</tessellate>
					<coordinates>
						101.522046258,1.687117883,0 101.522082206,1.687117883,0 101.52210018,1.687134651,0 101.522118154,1.687142428,0 101.522136128,1.687146559,0 101.522190051,1.687148594,0 101.522208025,1.687159384,0 101.522225999,1.687164749,0 101.522243973,1.687165226,0 101.522289382,1.68714897,0 101.522291904,1.687130883,0 101.522275214,1.687112796,0 101.522225999,1.687081474,0 101.522208025,1.687079321,0 101.522190051,1.68709195,0 101.522172077,1.687096156,0 101.522136128,1.687092407,0 101.522118154,1.68709329,0 101.52210018,1.687097723,0 101.522064232,1.687108622,0 101.522082206,1.687108622,0 
					</coordinates>
				</LineString>
			</MultiGeometry>
		</Placemark>
		<Placemark id="ID_00120">
			<name>-19</name>
			<Snippet maxLines="0"></Snippet>
			<description><![CDATA[<html xmlns:fo="http://www.w3.org/1999/XSL/Format" xmlns:msxsl="urn:schemas-microsoft-com:xslt">

<head>

<META http-equiv="Content-Type" content="text/html">

<meta http-equiv="content-type" content="text/html; charset=UTF-8">

</head>

<body style="margin:0px 0px 0px 0px;overflow:auto;background:#FFFFFF;">

<table style="font-family:Arial,Verdana,Times;font-size:12px;text-align:left;width:100%;border-collapse:collapse;padding:3px 3px 3px 3px">

<tr style="text-align:center;font-weight:bold;background:#9CBCE2">

<td>Nautical</td>

</tr>

<tr>

<td>

<table style="font-family:Arial,Verdana,Times;font-size:12px;text-align:left;width:100%;border-spacing:0px; padding:3px 3px 3px 3px">

<tr>

<td>FID</td>

<td>120</td>

</tr>

<tr bgcolor="#D4E4F3">

<td>MAJ_CAT</td>

<td>Nautical</td>

</tr>

<tr>

<td>L_LIMIT</td>

<td>0</td>

</tr>

<tr bgcolor="#D4E4F3">

<td>U_LIMIT</td>

<td>0</td>

</tr>

<tr>

<td>ZORDER</td>

<td>9</td>

</tr>

<tr bgcolor="#D4E4F3">

<td>LAYER</td>

<td>0</td>

</tr>

<tr>

<td>MODE</td>

<td>2T</td>

</tr>

<tr bgcolor="#D4E4F3">

<td>COLOR</td>

<td>0</td>

</tr>

<tr>

<td>WIDTH</td>

<td>0</td>

</tr>

<tr bgcolor="#D4E4F3">

<td>MIN_CAT</td>

<td>1Depth Contours</td>

</tr>

<tr>

<td>RTP_LIMIT</td>

<td>0</td>

</tr>

<tr bgcolor="#D4E4F3">

<td>RTP_COLOR</td>

<td>19</td>

</tr>

<tr>

<td>FONT</td>

<td>020</td>

</tr>

<tr bgcolor="#D4E4F3">

<td>VALUE</td>

<td>19</td>

</tr>

<tr>

<td>TYPE</td>

<td>0</td>

</tr>

<tr bgcolor="#D4E4F3">

<td>Depth</td>

<td>-19</td>

</tr>

</table>

</td>

</tr>

</table>

</body>

</html>]]></description>
			<styleUrl>#LineStyle00</styleUrl>
			<MultiGeometry>
				<LineString>
					<tessellate>1</tessellate>
					<coordinates>
						101.522136128,1.687638011,0 101.522190051,1.687637756,0 101.522261948,1.68762955,0 101.522279922,1.687635698,0 101.522297896,1.687632688,0 101.522333844,1.687584803,0 101.522350107,1.68754689,0 101.522364352,1.687438366,0 101.522387232,1.68734793,0 101.522386102,1.687275581,0 101.522365299,1.687185145,0 101.522387767,1.687167623,0 101.522423715,1.687165223,0 101.522459663,1.68716835,0 101.522513024,1.687185145,0 101.522647394,1.687275581,0 101.522837121,1.687351547,0 101.522944966,1.687404342,0 101.522998888,1.687412617,0 101.523034837,1.687407787,0 101.523070785,1.687392565,0 101.523106733,1.687363936,0 101.523143056,1.687311756,0 101.523187913,1.687203232,0 101.523172671,1.68714897,0 101.523128012,1.687076622,0 101.523106733,1.687057869,0 101.523070785,1.687037715,0 101.522980914,1.687010691,0 101.522873069,1.686993284,0 101.522729276,1.686987267,0 101.522675353,1.686973625,0 101.522657379,1.686963354,0 101.522637789,1.686931924,0 101.522639751,1.686895749,0 101.522656866,1.686841488,0 101.522693907,1.686787226,0 101.522729276,1.686756704,0 101.52274725,1.686748622,0 101.522765224,1.686744781,0 101.522801173,1.686745826,0 101.522885266,1.686769139,0 101.522926992,1.686774986,0 101.523016863,1.686772784,0 101.523088759,1.686756461,0 101.523160656,1.686727518,0 101.523217255,1.68669679,0 101.523250527,1.686667299,0 101.523296706,1.686606354,0 101.523335455,1.686515917,0 101.523360671,1.686479743,0 101.523430268,1.686398239,0 101.523538113,1.686253932,0 101.523592036,1.686205085,0 101.523627984,1.686192062,0 101.523663933,1.686190347,0 101.523681907,1.686193691,0 101.523717855,1.686209489,0 101.523753803,1.686238417,0 101.5238257,1.686316589,0 101.52386764,1.686353132,0 101.524059364,1.686457507,0 101.524203158,1.68655852,0 101.524239106,1.686572139,0 101.524275054,1.686574658,0 101.52429611,1.686570179,0 101.524321896,1.686552092,0 101.524337507,1.686515917,0 101.524342735,1.686461656,0 101.524338374,1.686389307,0 101.524313827,1.686335045,0 101.524293028,1.686313485,0 101.52425708,1.686296152,0 101.524203158,1.686285852,0 101.524131261,1.686279525,0 101.524095313,1.686264681,0 101.524077338,1.686251424,0 101.524042544,1.686208434,0 101.524039904,1.686154173,0 101.524014177,1.686099911,0 101.523987468,1.686065724,0 101.523937872,1.686027562,0 101.523843674,1.685984414,0 101.523802933,1.685955213,0 101.523799911,1.685937126,0 101.523814466,1.685919039,0 101.523861648,1.6858932,0 101.523915571,1.685879335,0 101.523987468,1.68587625,0 101.524131261,1.685896092,0 101.524221132,1.685920085,0 101.524275054,1.685945021,0 101.524400873,1.68602272,0 101.524580615,1.686097783,0 101.524768255,1.686226522,0 101.524868202,1.686282696,0 101.52490415,1.686298703,0 101.524994021,1.686325658,0 101.525011995,1.686334762,0 101.525037435,1.686353132,0 101.52509355,1.686425481,0 101.52511984,1.686443568,0 101.525155788,1.686449963,0 101.525173763,1.686447186,0 101.525191737,1.686437983,0 101.525209711,1.686416658,0 101.525217123,1.686389307,0 101.525201698,1.686335045,0 101.525173763,1.6863082,0 101.525101866,1.68627534,0 101.525060501,1.686244609,0 101.525041147,1.686208434,0 101.525015515,1.686117998,0 101.524976047,1.686043774,0 101.524940098,1.686014143,0 101.52490415,1.685997086,0 101.524850228,1.685981474,0 101.524742383,1.685958658,0 101.52468846,1.685931767,0 101.524670486,1.685911531,0 101.524640399,1.68584669,0 101.524646606,1.685792428,0 101.524634538,1.68572557,0 101.524598589,1.685691381,0 101.524509776,1.685629643,0 101.524491743,1.685611556,0 101.524487149,1.685593468,0 101.524496191,1.685575381,0 101.524508718,1.685569438,0 101.524544667,1.685558037,0 101.524580615,1.685554315,0 101.524760357,1.685567802,0 101.524814279,1.685576386,0 101.52490415,1.685604588,0 101.525065918,1.685685306,0 101.525209711,1.685739458,0 101.525353504,1.6858239,0 101.525443375,1.685858457,0 101.525533246,1.68587997,0 101.525677039,1.685898795,0 101.525730962,1.68589178,0 101.525785641,1.685864777,0 101.525834242,1.685810515,0 101.525874058,1.685683905,0 101.525874755,1.685614947,0 101.525856781,1.685579352,0 101.525838807,1.685573492,0 101.525820833,1.685573195,0 101.525748936,1.685581346,0 101.525677039,1.68558183,0 101.525623117,1.685573805,0 101.525587168,1.685559661,0 101.525524959,1.685503032,0 101.525450357,1.685412596,0 101.525312738,1.68532216,0 101.525279263,1.685267898,0 101.52526237,1.685213637,0 101.525262841,1.685159375,0 101.525303617,1.685014677,0 101.525318591,1.684978503,0 101.525353504,1.684927814,0 101.525374122,1.684906154,0 101.525407427,1.684883906,0 101.525425401,1.684878233,0 101.525461349,1.684875357,0 101.525515272,1.684888724,0 101.525677039,1.684968784,0 101.525802858,1.685064417,0 101.525820833,1.685073657,0 101.525892729,1.685091014,0 101.5259826,1.685122427,0 101.526036523,1.685154625,0 101.526090445,1.685198105,0 101.526126394,1.685217131,0 101.52619829,1.685238004,0 101.526252213,1.685245519,0 101.526270187,1.685235999,0 101.526288161,1.685246003,0 101.52630645,1.685267898,0 101.526324109,1.685307881,0 101.526352868,1.685340247,0 101.526358774,1.685358334,0 101.526355155,1.685376422,0 101.526306135,1.685426162,0 101.526288161,1.685428779,0 101.526252213,1.685424408,0 101.526216264,1.685426509,0 101.526162342,1.685444564,0 101.526100758,1.685484945,0 101.5260767,1.68552112,0 101.526081009,1.685557294,0 101.526100151,1.685593468,0 101.526131454,1.685629643,0 101.526180316,1.685665943,0 101.526216264,1.685681143,0 101.526252213,1.685686767,0 101.526288161,1.685672329,0 101.526350761,1.685629643,0 101.526368772,1.685611556,0 101.526383847,1.685575381,0 101.526378888,1.68552112,0 101.526396006,1.685491729,0 101.52641398,1.685486237,0 101.526431954,1.685490974,0 101.526503851,1.685490974,0 
					</coordinates>
				</LineString>
			</MultiGeometry>
		</Placemark>
		<Placemark id="ID_00121">
			<name>-19</name>
			<Snippet maxLines="0"></Snippet>
			<description><![CDATA[<html xmlns:fo="http://www.w3.org/1999/XSL/Format" xmlns:msxsl="urn:schemas-microsoft-com:xslt">

<head>

<META http-equiv="Content-Type" content="text/html">

<meta http-equiv="content-type" content="text/html; charset=UTF-8">

</head>

<body style="margin:0px 0px 0px 0px;overflow:auto;background:#FFFFFF;">

<table style="font-family:Arial,Verdana,Times;font-size:12px;text-align:left;width:100%;border-collapse:collapse;padding:3px 3px 3px 3px">

<tr style="text-align:center;font-weight:bold;background:#9CBCE2">

<td>Nautical</td>

</tr>

<tr>

<td>

<table style="font-family:Arial,Verdana,Times;font-size:12px;text-align:left;width:100%;border-spacing:0px; padding:3px 3px 3px 3px">

<tr>

<td>FID</td>

<td>121</td>

</tr>

<tr bgcolor="#D4E4F3">

<td>MAJ_CAT</td>

<td>Nautical</td>

</tr>

<tr>

<td>L_LIMIT</td>

<td>0</td>

</tr>

<tr bgcolor="#D4E4F3">

<td>U_LIMIT</td>

<td>0</td>

</tr>

<tr>

<td>ZORDER</td>

<td>9</td>

</tr>

<tr bgcolor="#D4E4F3">

<td>LAYER</td>

<td>0</td>

</tr>

<tr>

<td>MODE</td>

<td>2T</td>

</tr>

<tr bgcolor="#D4E4F3">

<td>COLOR</td>

<td>0</td>

</tr>

<tr>

<td>WIDTH</td>

<td>0</td>

</tr>

<tr bgcolor="#D4E4F3">

<td>MIN_CAT</td>

<td>1Depth Contours</td>

</tr>

<tr>

<td>RTP_LIMIT</td>

<td>0</td>

</tr>

<tr bgcolor="#D4E4F3">

<td>RTP_COLOR</td>

<td>19</td>

</tr>

<tr>

<td>FONT</td>

<td>020</td>

</tr>

<tr bgcolor="#D4E4F3">

<td>VALUE</td>

<td>19</td>

</tr>

<tr>

<td>TYPE</td>

<td>0</td>

</tr>

<tr bgcolor="#D4E4F3">

<td>Depth</td>

<td>-19</td>

</tr>

</table>

</td>

</tr>

</table>

</body>

</html>]]></description>
			<styleUrl>#LineStyle00</styleUrl>
			<MultiGeometry>
				<LineString>
					<tessellate>1</tessellate>
					<coordinates>
						101.532561145,1.693160662,0 101.532471275,1.693160248,0 101.532435326,1.69316782,0 101.532399378,1.693180449,0 101.532345455,1.693202979,0 101.532093817,1.693340773,0 101.53193205,1.693408909,0 101.531734334,1.693499598,0 101.53137485,1.693621957,0 101.531299359,1.693642287,0 101.53106929,1.693696128,0 101.531015367,1.693711864,0 101.53094347,1.693739545,0 101.530799677,1.693807842,0 101.53072778,1.693833517,0 101.530673858,1.693848394,0 101.53051209,1.69388363,0 101.530242478,1.693949924,0 101.529882994,1.694069763,0 101.52943364,1.69419156,0 101.529150333,1.694293427,0 101.528894415,1.694369555,0 101.528822519,1.694387047,0 101.528732648,1.694404945,0 101.528463035,1.694444069,0 101.528391139,1.694456722,0 101.528067604,1.694528,0 101.527726094,1.694624796,0 101.527564327,1.694679876,0 101.527474456,1.694706933,0 101.52727674,1.694758068,0 101.527222818,1.694767389,0 101.527168895,1.694771464,0 101.527132947,1.694790602,0 101.527119744,1.694817957,0 
					</coordinates>
				</LineString>
			</MultiGeometry>
		</Placemark>
		<Placemark id="ID_00122">
			<name>-19</name>
			<Snippet maxLines="0"></Snippet>
			<description><![CDATA[<html xmlns:fo="http://www.w3.org/1999/XSL/Format" xmlns:msxsl="urn:schemas-microsoft-com:xslt">

<head>

<META http-equiv="Content-Type" content="text/html">

<meta http-equiv="content-type" content="text/html; charset=UTF-8">

</head>

<body style="margin:0px 0px 0px 0px;overflow:auto;background:#FFFFFF;">

<table style="font-family:Arial,Verdana,Times;font-size:12px;text-align:left;width:100%;border-collapse:collapse;padding:3px 3px 3px 3px">

<tr style="text-align:center;font-weight:bold;background:#9CBCE2">

<td>Nautical</td>

</tr>

<tr>

<td>

<table style="font-family:Arial,Verdana,Times;font-size:12px;text-align:left;width:100%;border-spacing:0px; padding:3px 3px 3px 3px">

<tr>

<td>FID</td>

<td>122</td>

</tr>

<tr bgcolor="#D4E4F3">

<td>MAJ_CAT</td>

<td>Nautical</td>

</tr>

<tr>

<td>L_LIMIT</td>

<td>0</td>

</tr>

<tr bgcolor="#D4E4F3">

<td>U_LIMIT</td>

<td>0</td>

</tr>

<tr>

<td>ZORDER</td>

<td>9</td>

</tr>

<tr bgcolor="#D4E4F3">

<td>LAYER</td>

<td>0</td>

</tr>

<tr>

<td>MODE</td>

<td>2T</td>

</tr>

<tr bgcolor="#D4E4F3">

<td>COLOR</td>

<td>0</td>

</tr>

<tr>

<td>WIDTH</td>

<td>0</td>

</tr>

<tr bgcolor="#D4E4F3">

<td>MIN_CAT</td>

<td>1Depth Contours</td>

</tr>

<tr>

<td>RTP_LIMIT</td>

<td>0</td>

</tr>

<tr bgcolor="#D4E4F3">

<td>RTP_COLOR</td>

<td>19</td>

</tr>

<tr>

<td>FONT</td>

<td>020</td>

</tr>

<tr bgcolor="#D4E4F3">

<td>VALUE</td>

<td>19</td>

</tr>

<tr>

<td>TYPE</td>

<td>0</td>

</tr>

<tr bgcolor="#D4E4F3">

<td>Depth</td>

<td>-19</td>

</tr>

</table>

</td>

</tr>

</table>

</body>

</html>]]></description>
			<styleUrl>#LineStyle00</styleUrl>
			<MultiGeometry>
				<LineString>
					<tessellate>1</tessellate>
					<coordinates>
						101.533927182,1.700331767,0 101.53396313,1.700330467,0 101.534017053,1.700303218,0 101.534083354,1.700262213,0 101.534286666,1.700197139,0 101.534394511,1.700172279,0 101.534628175,1.700132446,0 101.534771968,1.700100115,0 101.534913515,1.700063253,0 101.535113477,1.70000447,0 101.535616754,1.699874816,0 101.535724599,1.699836009,0 101.535811124,1.699773858,0 101.535879966,1.699737683,0 101.535958263,1.699708448,0 101.536138005,1.69965655,0 101.536227876,1.699639308,0 101.536281798,1.69963567,0 101.536335721,1.699640241,0 101.536407617,1.69965095,0 101.536443566,1.699651783,0 101.536479514,1.699646734,0 101.536587359,1.69960244,0 101.536695204,1.699568547,0 101.536767101,1.699550356,0 101.537000765,1.699500852,0 101.53710861,1.699471604,0 101.537270377,1.699422934,0 101.537665809,1.699327806,0 101.537827576,1.699268667,0 101.537917447,1.699241735,0 101.538043267,1.699217647,0 101.538151112,1.6991868,0 101.538205034,1.699174908,0 101.538276931,1.699166349,0 101.53840275,1.699162006,0 101.538474647,1.699156102,0 101.538564517,1.699143027,0 101.538648619,1.699122717,0 101.538744259,1.699092612,0 101.538906027,1.699022409,0 101.538959949,1.699007143,0 101.538995897,1.699003108,0 101.539031846,1.699003128,0 101.539121717,1.699012633,0 101.539175639,1.69901435,0 101.539229562,1.699010723,0 101.539283484,1.698998553,0 101.539337407,1.698992092,0 101.539409303,1.698990805,0 
					</coordinates>
				</LineString>
			</MultiGeometry>
		</Placemark>
		<Placemark id="ID_00123">
			<name>-32</name>
			<Snippet maxLines="0"></Snippet>
			<description><![CDATA[<html xmlns:fo="http://www.w3.org/1999/XSL/Format" xmlns:msxsl="urn:schemas-microsoft-com:xslt">

<head>

<META http-equiv="Content-Type" content="text/html">

<meta http-equiv="content-type" content="text/html; charset=UTF-8">

</head>

<body style="margin:0px 0px 0px 0px;overflow:auto;background:#FFFFFF;">

<table style="font-family:Arial,Verdana,Times;font-size:12px;text-align:left;width:100%;border-collapse:collapse;padding:3px 3px 3px 3px">

<tr style="text-align:center;font-weight:bold;background:#9CBCE2">

<td>Nautical</td>

</tr>

<tr>

<td>

<table style="font-family:Arial,Verdana,Times;font-size:12px;text-align:left;width:100%;border-spacing:0px; padding:3px 3px 3px 3px">

<tr>

<td>FID</td>

<td>123</td>

</tr>

<tr bgcolor="#D4E4F3">

<td>MAJ_CAT</td>

<td>Nautical</td>

</tr>

<tr>

<td>L_LIMIT</td>

<td>0</td>

</tr>

<tr bgcolor="#D4E4F3">

<td>U_LIMIT</td>

<td>0</td>

</tr>

<tr>

<td>ZORDER</td>

<td>9</td>

</tr>

<tr bgcolor="#D4E4F3">

<td>LAYER</td>

<td>0</td>

</tr>

<tr>

<td>MODE</td>

<td>2T</td>

</tr>

<tr bgcolor="#D4E4F3">

<td>COLOR</td>

<td>0</td>

</tr>

<tr>

<td>WIDTH</td>

<td>0</td>

</tr>

<tr bgcolor="#D4E4F3">

<td>MIN_CAT</td>

<td>1Depth Contours</td>

</tr>

<tr>

<td>RTP_LIMIT</td>

<td>0</td>

</tr>

<tr bgcolor="#D4E4F3">

<td>RTP_COLOR</td>

<td>19</td>

</tr>

<tr>

<td>FONT</td>

<td>020</td>

</tr>

<tr bgcolor="#D4E4F3">

<td>VALUE</td>

<td>32</td>

</tr>

<tr>

<td>TYPE</td>

<td>0</td>

</tr>

<tr bgcolor="#D4E4F3">

<td>Depth</td>

<td>-32</td>

</tr>

</table>

</td>

</tr>

</table>

</body>

</html>]]></description>
			<styleUrl>#LineStyle043</styleUrl>
			<MultiGeometry>
				<LineString>
					<tessellate>1</tessellate>
					<coordinates>
						101.525712988,1.678550501,0 101.525659065,1.678550501,0 101.525533246,1.67858317,0 101.525479323,1.67858777,0 101.525443375,1.678583769,0 101.525317556,1.678534193,0 101.525191737,1.678470251,0 101.525155788,1.678458793,0 101.52511984,1.678457591,0 101.525101866,1.678464632,0 101.525083892,1.67848334,0 101.525040001,1.678593709,0 101.525037615,1.678647971,0 101.525056104,1.678756494,0 101.525106205,1.678846931,0 101.525155788,1.67890149,0 101.525209711,1.678935549,0 101.525255621,1.678955454,0 101.525443961,1.679009716,0 101.525641091,1.679115697,0 101.525737356,1.679190588,0 101.52576691,1.67922068,0 101.52579517,1.679262937,0 101.525838807,1.679368694,0 101.525892729,1.679368694,0 
					</coordinates>
				</LineString>
			</MultiGeometry>
		</Placemark>
		<Placemark id="ID_00124">
			<name>-32</name>
			<Snippet maxLines="0"></Snippet>
			<description><![CDATA[<html xmlns:fo="http://www.w3.org/1999/XSL/Format" xmlns:msxsl="urn:schemas-microsoft-com:xslt">

<head>

<META http-equiv="Content-Type" content="text/html">

<meta http-equiv="content-type" content="text/html; charset=UTF-8">

</head>

<body style="margin:0px 0px 0px 0px;overflow:auto;background:#FFFFFF;">

<table style="font-family:Arial,Verdana,Times;font-size:12px;text-align:left;width:100%;border-collapse:collapse;padding:3px 3px 3px 3px">

<tr style="text-align:center;font-weight:bold;background:#9CBCE2">

<td>Nautical</td>

</tr>

<tr>

<td>

<table style="font-family:Arial,Verdana,Times;font-size:12px;text-align:left;width:100%;border-spacing:0px; padding:3px 3px 3px 3px">

<tr>

<td>FID</td>

<td>124</td>

</tr>

<tr bgcolor="#D4E4F3">

<td>MAJ_CAT</td>

<td>Nautical</td>

</tr>

<tr>

<td>L_LIMIT</td>

<td>0</td>

</tr>

<tr bgcolor="#D4E4F3">

<td>U_LIMIT</td>

<td>0</td>

</tr>

<tr>

<td>ZORDER</td>

<td>9</td>

</tr>

<tr bgcolor="#D4E4F3">

<td>LAYER</td>

<td>0</td>

</tr>

<tr>

<td>MODE</td>

<td>2T</td>

</tr>

<tr bgcolor="#D4E4F3">

<td>COLOR</td>

<td>0</td>

</tr>

<tr>

<td>WIDTH</td>

<td>0</td>

</tr>

<tr bgcolor="#D4E4F3">

<td>MIN_CAT</td>

<td>1Depth Contours</td>

</tr>

<tr>

<td>RTP_LIMIT</td>

<td>0</td>

</tr>

<tr bgcolor="#D4E4F3">

<td>RTP_COLOR</td>

<td>19</td>

</tr>

<tr>

<td>FONT</td>

<td>020</td>

</tr>

<tr bgcolor="#D4E4F3">

<td>VALUE</td>

<td>32</td>

</tr>

<tr>

<td>TYPE</td>

<td>0</td>

</tr>

<tr bgcolor="#D4E4F3">

<td>Depth</td>

<td>-32</td>

</tr>

</table>

</td>

</tr>

</table>

</body>

</html>]]></description>
			<styleUrl>#LineStyle043</styleUrl>
			<MultiGeometry>
				<LineString>
					<tessellate>1</tessellate>
					<coordinates>
						101.525910703,1.67937391,0 101.525856781,1.67937391,0 101.525848256,1.679389548,0 101.525856781,1.679409573,0 101.525910703,1.679409573,0 
					</coordinates>
				</LineString>
			</MultiGeometry>
		</Placemark>
		<Placemark id="ID_00125">
			<name>-32</name>
			<Snippet maxLines="0"></Snippet>
			<description><![CDATA[<html xmlns:fo="http://www.w3.org/1999/XSL/Format" xmlns:msxsl="urn:schemas-microsoft-com:xslt">

<head>

<META http-equiv="Content-Type" content="text/html">

<meta http-equiv="content-type" content="text/html; charset=UTF-8">

</head>

<body style="margin:0px 0px 0px 0px;overflow:auto;background:#FFFFFF;">

<table style="font-family:Arial,Verdana,Times;font-size:12px;text-align:left;width:100%;border-collapse:collapse;padding:3px 3px 3px 3px">

<tr style="text-align:center;font-weight:bold;background:#9CBCE2">

<td>Nautical</td>

</tr>

<tr>

<td>

<table style="font-family:Arial,Verdana,Times;font-size:12px;text-align:left;width:100%;border-spacing:0px; padding:3px 3px 3px 3px">

<tr>

<td>FID</td>

<td>125</td>

</tr>

<tr bgcolor="#D4E4F3">

<td>MAJ_CAT</td>

<td>Nautical</td>

</tr>

<tr>

<td>L_LIMIT</td>

<td>0</td>

</tr>

<tr bgcolor="#D4E4F3">

<td>U_LIMIT</td>

<td>0</td>

</tr>

<tr>

<td>ZORDER</td>

<td>9</td>

</tr>

<tr bgcolor="#D4E4F3">

<td>LAYER</td>

<td>0</td>

</tr>

<tr>

<td>MODE</td>

<td>2T</td>

</tr>

<tr bgcolor="#D4E4F3">

<td>COLOR</td>

<td>0</td>

</tr>

<tr>

<td>WIDTH</td>

<td>0</td>

</tr>

<tr bgcolor="#D4E4F3">

<td>MIN_CAT</td>

<td>1Depth Contours</td>

</tr>

<tr>

<td>RTP_LIMIT</td>

<td>0</td>

</tr>

<tr bgcolor="#D4E4F3">

<td>RTP_COLOR</td>

<td>19</td>

</tr>

<tr>

<td>FONT</td>

<td>020</td>

</tr>

<tr bgcolor="#D4E4F3">

<td>VALUE</td>

<td>32</td>

</tr>

<tr>

<td>TYPE</td>

<td>0</td>

</tr>

<tr bgcolor="#D4E4F3">

<td>Depth</td>

<td>-32</td>

</tr>

</table>

</td>

</tr>

</table>

</body>

</html>]]></description>
			<styleUrl>#LineStyle043</styleUrl>
			<MultiGeometry>
				<LineString>
					<tessellate>1</tessellate>
					<coordinates>
						101.525928678,1.679440001,0 101.525910703,1.679440001,0 101.525892729,1.679440001,0 101.525874755,1.679440001,0 101.525872689,1.679443809,0 101.525874755,1.679448016,0 101.525892729,1.679448016,0 101.525910703,1.679448016,0 101.525928678,1.679448016,0 
					</coordinates>
				</LineString>
			</MultiGeometry>
		</Placemark>
		<Placemark id="ID_00126">
			<name>-32</name>
			<Snippet maxLines="0"></Snippet>
			<description><![CDATA[<html xmlns:fo="http://www.w3.org/1999/XSL/Format" xmlns:msxsl="urn:schemas-microsoft-com:xslt">

<head>

<META http-equiv="Content-Type" content="text/html">

<meta http-equiv="content-type" content="text/html; charset=UTF-8">

</head>

<body style="margin:0px 0px 0px 0px;overflow:auto;background:#FFFFFF;">

<table style="font-family:Arial,Verdana,Times;font-size:12px;text-align:left;width:100%;border-collapse:collapse;padding:3px 3px 3px 3px">

<tr style="text-align:center;font-weight:bold;background:#9CBCE2">

<td>Nautical</td>

</tr>

<tr>

<td>

<table style="font-family:Arial,Verdana,Times;font-size:12px;text-align:left;width:100%;border-spacing:0px; padding:3px 3px 3px 3px">

<tr>

<td>FID</td>

<td>126</td>

</tr>

<tr bgcolor="#D4E4F3">

<td>MAJ_CAT</td>

<td>Nautical</td>

</tr>

<tr>

<td>L_LIMIT</td>

<td>0</td>

</tr>

<tr bgcolor="#D4E4F3">

<td>U_LIMIT</td>

<td>0</td>

</tr>

<tr>

<td>ZORDER</td>

<td>9</td>

</tr>

<tr bgcolor="#D4E4F3">

<td>LAYER</td>

<td>0</td>

</tr>

<tr>

<td>MODE</td>

<td>2T</td>

</tr>

<tr bgcolor="#D4E4F3">

<td>COLOR</td>

<td>0</td>

</tr>

<tr>

<td>WIDTH</td>

<td>0</td>

</tr>

<tr bgcolor="#D4E4F3">

<td>MIN_CAT</td>

<td>1Depth Contours</td>

</tr>

<tr>

<td>RTP_LIMIT</td>

<td>0</td>

</tr>

<tr bgcolor="#D4E4F3">

<td>RTP_COLOR</td>

<td>19</td>

</tr>

<tr>

<td>FONT</td>

<td>020</td>

</tr>

<tr bgcolor="#D4E4F3">

<td>VALUE</td>

<td>32</td>

</tr>

<tr>

<td>TYPE</td>

<td>0</td>

</tr>

<tr bgcolor="#D4E4F3">

<td>Depth</td>

<td>-32</td>

</tr>

</table>

</td>

</tr>

</table>

</body>

</html>]]></description>
			<styleUrl>#LineStyle043</styleUrl>
			<MultiGeometry>
				<LineString>
					<tessellate>1</tessellate>
					<coordinates>
						101.524812482,1.67937146,0 101.52485179,1.679407635,0 101.5248825,1.679425722,0 101.524922124,1.679440795,0 101.524994021,1.679453283,0 101.525018735,1.679443809,0 101.525029455,1.679425722,0 101.525020053,1.679389548,0 101.524966714,1.679317199,0 101.524922124,1.679286451,0 101.524886176,1.679281326,0 101.524842336,1.679299111,0 101.524809087,1.679335286,0 101.524812482,1.67937146,0 
					</coordinates>
				</LineString>
			</MultiGeometry>
		</Placemark>
		<Placemark id="ID_00127">
			<name>-32</name>
			<Snippet maxLines="0"></Snippet>
			<description><![CDATA[<html xmlns:fo="http://www.w3.org/1999/XSL/Format" xmlns:msxsl="urn:schemas-microsoft-com:xslt">

<head>

<META http-equiv="Content-Type" content="text/html">

<meta http-equiv="content-type" content="text/html; charset=UTF-8">

</head>

<body style="margin:0px 0px 0px 0px;overflow:auto;background:#FFFFFF;">

<table style="font-family:Arial,Verdana,Times;font-size:12px;text-align:left;width:100%;border-collapse:collapse;padding:3px 3px 3px 3px">

<tr style="text-align:center;font-weight:bold;background:#9CBCE2">

<td>Nautical</td>

</tr>

<tr>

<td>

<table style="font-family:Arial,Verdana,Times;font-size:12px;text-align:left;width:100%;border-spacing:0px; padding:3px 3px 3px 3px">

<tr>

<td>FID</td>

<td>127</td>

</tr>

<tr bgcolor="#D4E4F3">

<td>MAJ_CAT</td>

<td>Nautical</td>

</tr>

<tr>

<td>L_LIMIT</td>

<td>0</td>

</tr>

<tr bgcolor="#D4E4F3">

<td>U_LIMIT</td>

<td>0</td>

</tr>

<tr>

<td>ZORDER</td>

<td>9</td>

</tr>

<tr bgcolor="#D4E4F3">

<td>LAYER</td>

<td>0</td>

</tr>

<tr>

<td>MODE</td>

<td>2T</td>

</tr>

<tr bgcolor="#D4E4F3">

<td>COLOR</td>

<td>0</td>

</tr>

<tr>

<td>WIDTH</td>

<td>0</td>

</tr>

<tr bgcolor="#D4E4F3">

<td>MIN_CAT</td>

<td>1Depth Contours</td>

</tr>

<tr>

<td>RTP_LIMIT</td>

<td>0</td>

</tr>

<tr bgcolor="#D4E4F3">

<td>RTP_COLOR</td>

<td>19</td>

</tr>

<tr>

<td>FONT</td>

<td>020</td>

</tr>

<tr bgcolor="#D4E4F3">

<td>VALUE</td>

<td>32</td>

</tr>

<tr>

<td>TYPE</td>

<td>0</td>

</tr>

<tr bgcolor="#D4E4F3">

<td>Depth</td>

<td>-32</td>

</tr>

</table>

</td>

</tr>

</table>

</body>

</html>]]></description>
			<styleUrl>#LineStyle043</styleUrl>
			<MultiGeometry>
				<LineString>
					<tessellate>1</tessellate>
					<coordinates>
						101.525097148,1.67957042,0 101.525121708,1.679660856,0 101.525150972,1.679715118,0 101.525183407,1.679751292,0 101.525245659,1.679802863,0 101.525299582,1.679829714,0 101.525389453,1.679849193,0 101.525479323,1.679878967,0 101.525569194,1.679945319,0 101.525699714,1.680058775,0 101.525748936,1.680086647,0 101.52576691,1.680082099,0 101.525774515,1.680040688,0 101.525754393,1.679950252,0 101.525730962,1.679905375,0 101.525695368,1.679859816,0 101.525641091,1.679814122,0 101.525569194,1.679780551,0 101.525479323,1.679722538,0 101.525330327,1.67957042,0 101.525245659,1.67951975,0 101.525191737,1.679503239,0 101.525155788,1.679501263,0 101.52511984,1.679504583,0 101.525095396,1.679516158,0 101.52509058,1.679534245,0 101.525097148,1.67957042,0 
					</coordinates>
				</LineString>
			</MultiGeometry>
		</Placemark>
		<Placemark id="ID_00128">
			<name>-32</name>
			<Snippet maxLines="0"></Snippet>
			<description><![CDATA[<html xmlns:fo="http://www.w3.org/1999/XSL/Format" xmlns:msxsl="urn:schemas-microsoft-com:xslt">

<head>

<META http-equiv="Content-Type" content="text/html">

<meta http-equiv="content-type" content="text/html; charset=UTF-8">

</head>

<body style="margin:0px 0px 0px 0px;overflow:auto;background:#FFFFFF;">

<table style="font-family:Arial,Verdana,Times;font-size:12px;text-align:left;width:100%;border-collapse:collapse;padding:3px 3px 3px 3px">

<tr style="text-align:center;font-weight:bold;background:#9CBCE2">

<td>Nautical</td>

</tr>

<tr>

<td>

<table style="font-family:Arial,Verdana,Times;font-size:12px;text-align:left;width:100%;border-spacing:0px; padding:3px 3px 3px 3px">

<tr>

<td>FID</td>

<td>128</td>

</tr>

<tr bgcolor="#D4E4F3">

<td>MAJ_CAT</td>

<td>Nautical</td>

</tr>

<tr>

<td>L_LIMIT</td>

<td>0</td>

</tr>

<tr bgcolor="#D4E4F3">

<td>U_LIMIT</td>

<td>0</td>

</tr>

<tr>

<td>ZORDER</td>

<td>9</td>

</tr>

<tr bgcolor="#D4E4F3">

<td>LAYER</td>

<td>0</td>

</tr>

<tr>

<td>MODE</td>

<td>2T</td>

</tr>

<tr bgcolor="#D4E4F3">

<td>COLOR</td>

<td>0</td>

</tr>

<tr>

<td>WIDTH</td>

<td>0</td>

</tr>

<tr bgcolor="#D4E4F3">

<td>MIN_CAT</td>

<td>1Depth Contours</td>

</tr>

<tr>

<td>RTP_LIMIT</td>

<td>0</td>

</tr>

<tr bgcolor="#D4E4F3">

<td>RTP_COLOR</td>

<td>19</td>

</tr>

<tr>

<td>FONT</td>

<td>020</td>

</tr>

<tr bgcolor="#D4E4F3">

<td>VALUE</td>

<td>32</td>

</tr>

<tr>

<td>TYPE</td>

<td>0</td>

</tr>

<tr bgcolor="#D4E4F3">

<td>Depth</td>

<td>-32</td>

</tr>

</table>

</td>

</tr>

</table>

</body>

</html>]]></description>
			<styleUrl>#LineStyle043</styleUrl>
			<MultiGeometry>
				<LineString>
					<tessellate>1</tessellate>
					<coordinates>
						101.521769244,1.680691828,0 101.521831096,1.680764177,0 101.521956387,1.680874756,0 101.522010309,1.680911588,0 101.522102576,1.680963137,0 101.522141906,1.681017399,0 101.522165486,1.681035486,0 101.522225999,1.68107166,0 101.522261948,1.681077345,0 101.522279922,1.681071036,0 101.522297896,1.681054327,0 101.522306256,1.681035486,0 101.522306333,1.681017399,0 101.522292177,1.680981224,0 101.522257454,1.68094505,0 101.522154103,1.680892035,0 101.522062538,1.680709916,0 101.522010309,1.680628523,0 101.521983644,1.680601392,0 101.521956387,1.680587381,0 101.521920438,1.680580572,0 101.52188449,1.680586723,0 101.521830567,1.680607479,0 101.521776645,1.680637567,0 101.52176479,1.680655654,0 101.521769244,1.680691828,0 
					</coordinates>
				</LineString>
			</MultiGeometry>
		</Placemark>
		<Placemark id="ID_00129">
			<name>-32</name>
			<Snippet maxLines="0"></Snippet>
			<description><![CDATA[<html xmlns:fo="http://www.w3.org/1999/XSL/Format" xmlns:msxsl="urn:schemas-microsoft-com:xslt">

<head>

<META http-equiv="Content-Type" content="text/html">

<meta http-equiv="content-type" content="text/html; charset=UTF-8">

</head>

<body style="margin:0px 0px 0px 0px;overflow:auto;background:#FFFFFF;">

<table style="font-family:Arial,Verdana,Times;font-size:12px;text-align:left;width:100%;border-collapse:collapse;padding:3px 3px 3px 3px">

<tr style="text-align:center;font-weight:bold;background:#9CBCE2">

<td>Nautical</td>

</tr>

<tr>

<td>

<table style="font-family:Arial,Verdana,Times;font-size:12px;text-align:left;width:100%;border-spacing:0px; padding:3px 3px 3px 3px">

<tr>

<td>FID</td>

<td>129</td>

</tr>

<tr bgcolor="#D4E4F3">

<td>MAJ_CAT</td>

<td>Nautical</td>

</tr>

<tr>

<td>L_LIMIT</td>

<td>0</td>

</tr>

<tr bgcolor="#D4E4F3">

<td>U_LIMIT</td>

<td>0</td>

</tr>

<tr>

<td>ZORDER</td>

<td>9</td>

</tr>

<tr bgcolor="#D4E4F3">

<td>LAYER</td>

<td>0</td>

</tr>

<tr>

<td>MODE</td>

<td>2T</td>

</tr>

<tr bgcolor="#D4E4F3">

<td>COLOR</td>

<td>0</td>

</tr>

<tr>

<td>WIDTH</td>

<td>0</td>

</tr>

<tr bgcolor="#D4E4F3">

<td>MIN_CAT</td>

<td>1Depth Contours</td>

</tr>

<tr>

<td>RTP_LIMIT</td>

<td>0</td>

</tr>

<tr bgcolor="#D4E4F3">

<td>RTP_COLOR</td>

<td>19</td>

</tr>

<tr>

<td>FONT</td>

<td>020</td>

</tr>

<tr bgcolor="#D4E4F3">

<td>VALUE</td>

<td>32</td>

</tr>

<tr>

<td>TYPE</td>

<td>0</td>

</tr>

<tr bgcolor="#D4E4F3">

<td>Depth</td>

<td>-32</td>

</tr>

</table>

</td>

</tr>

</table>

</body>

</html>]]></description>
			<styleUrl>#LineStyle043</styleUrl>
			<MultiGeometry>
				<LineString>
					<tessellate>1</tessellate>
					<coordinates>
						101.521650365,1.682319679,0 101.5216688,1.682337767,0 101.521686774,1.682343796,0 101.521704748,1.682335863,0 101.521715285,1.682319679,0 101.521709803,1.682283505,0 101.521686774,1.682260098,0 101.5216688,1.682256062,0 101.521646332,1.682265418,0 101.521650365,1.682319679,0 
					</coordinates>
				</LineString>
			</MultiGeometry>
		</Placemark>
		<Placemark id="ID_00130">
			<name>-14</name>
			<Snippet maxLines="0"></Snippet>
			<description><![CDATA[<html xmlns:fo="http://www.w3.org/1999/XSL/Format" xmlns:msxsl="urn:schemas-microsoft-com:xslt">

<head>

<META http-equiv="Content-Type" content="text/html">

<meta http-equiv="content-type" content="text/html; charset=UTF-8">

</head>

<body style="margin:0px 0px 0px 0px;overflow:auto;background:#FFFFFF;">

<table style="font-family:Arial,Verdana,Times;font-size:12px;text-align:left;width:100%;border-collapse:collapse;padding:3px 3px 3px 3px">

<tr style="text-align:center;font-weight:bold;background:#9CBCE2">

<td>Nautical</td>

</tr>

<tr>

<td>

<table style="font-family:Arial,Verdana,Times;font-size:12px;text-align:left;width:100%;border-spacing:0px; padding:3px 3px 3px 3px">

<tr>

<td>FID</td>

<td>130</td>

</tr>

<tr bgcolor="#D4E4F3">

<td>MAJ_CAT</td>

<td>Nautical</td>

</tr>

<tr>

<td>L_LIMIT</td>

<td>0</td>

</tr>

<tr bgcolor="#D4E4F3">

<td>U_LIMIT</td>

<td>0</td>

</tr>

<tr>

<td>ZORDER</td>

<td>9</td>

</tr>

<tr bgcolor="#D4E4F3">

<td>LAYER</td>

<td>0</td>

</tr>

<tr>

<td>MODE</td>

<td>2T</td>

</tr>

<tr bgcolor="#D4E4F3">

<td>COLOR</td>

<td>0</td>

</tr>

<tr>

<td>WIDTH</td>

<td>0</td>

</tr>

<tr bgcolor="#D4E4F3">

<td>MIN_CAT</td>

<td>1Depth Contours</td>

</tr>

<tr>

<td>RTP_LIMIT</td>

<td>0</td>

</tr>

<tr bgcolor="#D4E4F3">

<td>RTP_COLOR</td>

<td>19</td>

</tr>

<tr>

<td>FONT</td>

<td>020</td>

</tr>

<tr bgcolor="#D4E4F3">

<td>VALUE</td>

<td>14</td>

</tr>

<tr>

<td>TYPE</td>

<td>0</td>

</tr>

<tr bgcolor="#D4E4F3">

<td>Depth</td>

<td>-14</td>

</tr>

</table>

</td>

</tr>

</table>

</body>

</html>]]></description>
			<styleUrl>#LineStyle079</styleUrl>
			<MultiGeometry>
				<LineString>
					<tessellate>1</tessellate>
					<coordinates>
						101.520069099,1.671387126,0 101.520087073,1.671387126,0 101.52014965,1.671304554,0 101.520193395,1.671087507,0 101.520215658,1.671051333,0 101.520248841,1.671023599,0 101.520392634,1.67100999,0 101.520464531,1.670998007,0 101.520536427,1.670980299,0 101.520608324,1.670957475,0 101.520788066,1.670867214,0 101.52083231,1.670852373,0 101.520913885,1.670831702,0 101.520967807,1.670824659,0 101.521039704,1.670822582,0 101.521075652,1.670824209,0 101.521255394,1.670841223,0 101.521363239,1.670846191,0 101.52145311,1.670847636,0 101.521542981,1.67084526,0 101.521686774,1.670834286,0 101.52188449,1.670832025,0 101.521956387,1.670823646,0 101.522028283,1.670808922,0 101.522261948,1.670743477,0 101.522297896,1.670737821,0 101.522333844,1.670736265,0 101.522369793,1.670739484,0 101.522405741,1.670748371,0 101.522477638,1.670781607,0 101.522549534,1.670804571,0 101.522603457,1.670814019,0 101.522657379,1.670817957,0 101.522801173,1.670841287,0 101.522891043,1.670859407,0 101.522980914,1.670883724,0 101.523034837,1.670888949,0 101.523070785,1.670885901,0 101.523124708,1.670869032,0 101.523154665,1.670852373,0 101.523268501,1.670761526,0 101.523322423,1.670734614,0 101.52339432,1.670713704,0 101.523430268,1.670708881,0 101.523466217,1.670708106,0 101.523771778,1.670721542,0 101.5238257,1.670714781,0 101.523861648,1.670697878,0 101.523897597,1.670668212,0 101.523933545,1.670623569,0 101.523958821,1.670581064,0 101.523992306,1.67054489,0 101.52404139,1.670517936,0 101.524095313,1.670497734,0 101.524131261,1.670490628,0 101.524167209,1.670488445,0 101.524185183,1.670489381,0 101.52425708,1.67050071,0 101.524328977,1.670523372,0 101.524382899,1.670535846,0 101.524400873,1.670538411,0 101.524418848,1.670534873,0 101.524431561,1.670526803,0 101.524461215,1.670490628,0 101.524469969,1.670454454,0 101.524450667,1.67034593,0 101.524424465,1.670255494,0 101.524422883,1.67021932,0 101.524431351,1.670201233,0 101.524454796,1.670178171,0 101.52447277,1.670171551,0 101.524490744,1.670169078,0 101.524544667,1.670145679,0 101.524562641,1.670141157,0 101.524580615,1.67014011,0 101.524652512,1.67014011,0 
					</coordinates>
				</LineString>
			</MultiGeometry>
		</Placemark>
		<Placemark id="ID_00131">
			<name>-14</name>
			<Snippet maxLines="0"></Snippet>
			<description><![CDATA[<html xmlns:fo="http://www.w3.org/1999/XSL/Format" xmlns:msxsl="urn:schemas-microsoft-com:xslt">

<head>

<META http-equiv="Content-Type" content="text/html">

<meta http-equiv="content-type" content="text/html; charset=UTF-8">

</head>

<body style="margin:0px 0px 0px 0px;overflow:auto;background:#FFFFFF;">

<table style="font-family:Arial,Verdana,Times;font-size:12px;text-align:left;width:100%;border-collapse:collapse;padding:3px 3px 3px 3px">

<tr style="text-align:center;font-weight:bold;background:#9CBCE2">

<td>Nautical</td>

</tr>

<tr>

<td>

<table style="font-family:Arial,Verdana,Times;font-size:12px;text-align:left;width:100%;border-spacing:0px; padding:3px 3px 3px 3px">

<tr>

<td>FID</td>

<td>131</td>

</tr>

<tr bgcolor="#D4E4F3">

<td>MAJ_CAT</td>

<td>Nautical</td>

</tr>

<tr>

<td>L_LIMIT</td>

<td>0</td>

</tr>

<tr bgcolor="#D4E4F3">

<td>U_LIMIT</td>

<td>0</td>

</tr>

<tr>

<td>ZORDER</td>

<td>9</td>

</tr>

<tr bgcolor="#D4E4F3">

<td>LAYER</td>

<td>0</td>

</tr>

<tr>

<td>MODE</td>

<td>2T</td>

</tr>

<tr bgcolor="#D4E4F3">

<td>COLOR</td>

<td>0</td>

</tr>

<tr>

<td>WIDTH</td>

<td>0</td>

</tr>

<tr bgcolor="#D4E4F3">

<td>MIN_CAT</td>

<td>1Depth Contours</td>

</tr>

<tr>

<td>RTP_LIMIT</td>

<td>0</td>

</tr>

<tr bgcolor="#D4E4F3">

<td>RTP_COLOR</td>

<td>19</td>

</tr>

<tr>

<td>FONT</td>

<td>020</td>

</tr>

<tr bgcolor="#D4E4F3">

<td>VALUE</td>

<td>14</td>

</tr>

<tr>

<td>TYPE</td>

<td>0</td>

</tr>

<tr bgcolor="#D4E4F3">

<td>Depth</td>

<td>-14</td>

</tr>

</table>

</td>

</tr>

</table>

</body>

</html>]]></description>
			<styleUrl>#LineStyle079</styleUrl>
			<MultiGeometry>
				<LineString>
					<tessellate>1</tessellate>
					<coordinates>
						101.520176944,1.672050471,0 101.520194918,1.672050471,0 101.520278049,1.671937607,0 101.520304398,1.671829084,0 101.520288534,1.671792909,0 101.520266815,1.671772488,0 101.52015897,1.67174514,0 101.520105047,1.671742265,0 
					</coordinates>
				</LineString>
			</MultiGeometry>
		</Placemark>
		<Placemark id="ID_00132">
			<name>-14</name>
			<Snippet maxLines="0"></Snippet>
			<description><![CDATA[<html xmlns:fo="http://www.w3.org/1999/XSL/Format" xmlns:msxsl="urn:schemas-microsoft-com:xslt">

<head>

<META http-equiv="Content-Type" content="text/html">

<meta http-equiv="content-type" content="text/html; charset=UTF-8">

</head>

<body style="margin:0px 0px 0px 0px;overflow:auto;background:#FFFFFF;">

<table style="font-family:Arial,Verdana,Times;font-size:12px;text-align:left;width:100%;border-collapse:collapse;padding:3px 3px 3px 3px">

<tr style="text-align:center;font-weight:bold;background:#9CBCE2">

<td>Nautical</td>

</tr>

<tr>

<td>

<table style="font-family:Arial,Verdana,Times;font-size:12px;text-align:left;width:100%;border-spacing:0px; padding:3px 3px 3px 3px">

<tr>

<td>FID</td>

<td>132</td>

</tr>

<tr bgcolor="#D4E4F3">

<td>MAJ_CAT</td>

<td>Nautical</td>

</tr>

<tr>

<td>L_LIMIT</td>

<td>0</td>

</tr>

<tr bgcolor="#D4E4F3">

<td>U_LIMIT</td>

<td>0</td>

</tr>

<tr>

<td>ZORDER</td>

<td>9</td>

</tr>

<tr bgcolor="#D4E4F3">

<td>LAYER</td>

<td>0</td>

</tr>

<tr>

<td>MODE</td>

<td>2T</td>

</tr>

<tr bgcolor="#D4E4F3">

<td>COLOR</td>

<td>0</td>

</tr>

<tr>

<td>WIDTH</td>

<td>0</td>

</tr>

<tr bgcolor="#D4E4F3">

<td>MIN_CAT</td>

<td>1Depth Contours</td>

</tr>

<tr>

<td>RTP_LIMIT</td>

<td>0</td>

</tr>

<tr bgcolor="#D4E4F3">

<td>RTP_COLOR</td>

<td>19</td>

</tr>

<tr>

<td>FONT</td>

<td>020</td>

</tr>

<tr bgcolor="#D4E4F3">

<td>VALUE</td>

<td>14</td>

</tr>

<tr>

<td>TYPE</td>

<td>0</td>

</tr>

<tr bgcolor="#D4E4F3">

<td>Depth</td>

<td>-14</td>

</tr>

</table>

</td>

</tr>

</table>

</body>

</html>]]></description>
			<styleUrl>#LineStyle079</styleUrl>
			<MultiGeometry>
				<LineString>
					<tessellate>1</tessellate>
					<coordinates>
						101.522441689,1.689845032,0 101.522442117,1.689843968,0 101.522441689,1.689843365,0 101.522423715,1.689843365,0 101.522405741,1.689843365,0 
					</coordinates>
				</LineString>
			</MultiGeometry>
		</Placemark>
		<Placemark id="ID_00133">
			<name>-14</name>
			<Snippet maxLines="0"></Snippet>
			<description><![CDATA[<html xmlns:fo="http://www.w3.org/1999/XSL/Format" xmlns:msxsl="urn:schemas-microsoft-com:xslt">

<head>

<META http-equiv="Content-Type" content="text/html">

<meta http-equiv="content-type" content="text/html; charset=UTF-8">

</head>

<body style="margin:0px 0px 0px 0px;overflow:auto;background:#FFFFFF;">

<table style="font-family:Arial,Verdana,Times;font-size:12px;text-align:left;width:100%;border-collapse:collapse;padding:3px 3px 3px 3px">

<tr style="text-align:center;font-weight:bold;background:#9CBCE2">

<td>Nautical</td>

</tr>

<tr>

<td>

<table style="font-family:Arial,Verdana,Times;font-size:12px;text-align:left;width:100%;border-spacing:0px; padding:3px 3px 3px 3px">

<tr>

<td>FID</td>

<td>133</td>

</tr>

<tr bgcolor="#D4E4F3">

<td>MAJ_CAT</td>

<td>Nautical</td>

</tr>

<tr>

<td>L_LIMIT</td>

<td>0</td>

</tr>

<tr bgcolor="#D4E4F3">

<td>U_LIMIT</td>

<td>0</td>

</tr>

<tr>

<td>ZORDER</td>

<td>9</td>

</tr>

<tr bgcolor="#D4E4F3">

<td>LAYER</td>

<td>0</td>

</tr>

<tr>

<td>MODE</td>

<td>2T</td>

</tr>

<tr bgcolor="#D4E4F3">

<td>COLOR</td>

<td>0</td>

</tr>

<tr>

<td>WIDTH</td>

<td>0</td>

</tr>

<tr bgcolor="#D4E4F3">

<td>MIN_CAT</td>

<td>1Depth Contours</td>

</tr>

<tr>

<td>RTP_LIMIT</td>

<td>0</td>

</tr>

<tr bgcolor="#D4E4F3">

<td>RTP_COLOR</td>

<td>19</td>

</tr>

<tr>

<td>FONT</td>

<td>020</td>

</tr>

<tr bgcolor="#D4E4F3">

<td>VALUE</td>

<td>14</td>

</tr>

<tr>

<td>TYPE</td>

<td>0</td>

</tr>

<tr bgcolor="#D4E4F3">

<td>Depth</td>

<td>-14</td>

</tr>

</table>

</td>

</tr>

</table>

</body>

</html>]]></description>
			<styleUrl>#LineStyle079</styleUrl>
			<MultiGeometry>
				<LineString>
					<tessellate>1</tessellate>
					<coordinates>
						101.522441689,1.689881649,0 101.522459663,1.689881649,0 101.522477638,1.689916317,0 101.522513586,1.689943448,0 101.522567508,1.689969028,0 101.522603457,1.690017269,0 101.522621431,1.690030493,0 101.522639405,1.690036899,0 101.522675353,1.690028797,0 101.522711302,1.690011642,0 101.522783198,1.689949126,0 101.522855095,1.689860579,0 101.522905732,1.689771619,0 101.522937263,1.68969927,0 101.52294892,1.689645009,0 101.522969982,1.689590747,0 101.522975522,1.689536485,0 101.522955781,1.6893737,0 101.522965014,1.689301351,0 101.52297739,1.689265177,0 101.522998888,1.689234868,0 101.523016863,1.689219427,0 101.523052811,1.689201395,0 101.523088759,1.689195809,0 101.523124708,1.689203344,0 101.523159583,1.689229002,0 101.523186333,1.689265177,0 101.523204209,1.689301351,0 101.523232553,1.689448729,0 101.523288926,1.689554572,0 101.523311639,1.68957266,0 101.523340398,1.689580881,0 101.523358372,1.689578908,0 101.52337322,1.68957266,0 101.52339432,1.689557764,0 101.523442813,1.689446049,0 101.523463934,1.689283264,0 101.523510807,1.689192828,0 101.523538847,1.689156653,0 101.523663933,1.689079416,0 101.523717855,1.689039324,0 101.523743473,1.689011955,0 101.523765995,1.688975781,0 101.52385746,1.688632124,0 101.523893188,1.688469338,0 101.523896335,1.688415077,0 101.523915571,1.68840009,0 101.523933545,1.688402077,0 101.523944424,1.688415077,0 101.523946017,1.6885236,0 101.523974044,1.688632124,0 101.524014429,1.68872256,0 101.52403387,1.688794909,0 101.524105096,1.688993868,0 101.524115923,1.689120479,0 101.524128089,1.689156653,0 101.524167209,1.689214847,0 101.524203158,1.689246755,0 101.524239106,1.689260372,0 101.524275054,1.689261444,0 101.524293028,1.6892573,0 101.524315375,1.689247089,0 101.524337589,1.689229002,0 101.524422719,1.689120479,0 101.524508718,1.689046683,0 101.52468846,1.688947565,0 101.524778331,1.688910626,0 101.524850228,1.688874829,0 101.524920296,1.688831083,0 101.524958073,1.688796631,0 101.524973963,1.688776821,0 101.524987509,1.688740647,0 101.524997571,1.688595949,0 101.524993764,1.688541687,0 101.525011415,1.688505513,0 101.525047943,1.688476527,0 101.525101866,1.688452802,0 101.525173763,1.688431226,0 101.525263633,1.688411497,0 101.525443375,1.688363164,0 101.525533246,1.688349747,0 101.525695013,1.68833911,0 101.525727966,1.688324641,0 101.525747302,1.688306553,0 101.525757714,1.688270379,0 101.525748609,1.688216117,0 101.525753493,1.688161855,0 101.52579093,1.688071419,0 101.525857862,1.687962896,0 101.525928678,1.68762732,0 101.525946652,1.687576827,0 101.525964626,1.687548585,0 101.5259826,1.687532469,0 101.526000574,1.687524217,0 101.526018549,1.687523165,0 101.526054497,1.687540191,0 101.526109741,1.687619239,0 101.526154326,1.687709675,0 101.526180953,1.687782024,0 101.526288892,1.68799907,0 101.526290653,1.688107594,0 101.526306135,1.688154899,0 101.526324109,1.68817501,0 101.526342084,1.68818462,0 101.526360058,1.688187734,0 101.526396006,1.688179038,0 101.526423106,1.688161855,0 101.526467903,1.688114984,0 101.526515186,1.688053332,0 101.526593722,1.687993655,0 101.526611696,1.687974653,0 101.526639023,1.687926721,0 101.526651428,1.687854373,0 101.526640378,1.687691587,0 101.526644874,1.687637326,0 101.526706007,1.687402192,0 101.526719541,1.687378158,0 101.526737515,1.687372555,0 101.526760582,1.687384104,0 101.526800425,1.687420279,0 101.52684536,1.687438366,0 101.526899283,1.687450317,0 101.526935231,1.687448133,0 101.526971179,1.687436919,0 101.527025102,1.687429515,0 101.52706105,1.687428892,0 101.527096999,1.687420279,0 101.527168895,1.687420279,0 
					</coordinates>
				</LineString>
			</MultiGeometry>
		</Placemark>
		<Placemark id="ID_00134">
			<name>-14</name>
			<Snippet maxLines="0"></Snippet>
			<description><![CDATA[<html xmlns:fo="http://www.w3.org/1999/XSL/Format" xmlns:msxsl="urn:schemas-microsoft-com:xslt">

<head>

<META http-equiv="Content-Type" content="text/html">

<meta http-equiv="content-type" content="text/html; charset=UTF-8">

</head>

<body style="margin:0px 0px 0px 0px;overflow:auto;background:#FFFFFF;">

<table style="font-family:Arial,Verdana,Times;font-size:12px;text-align:left;width:100%;border-collapse:collapse;padding:3px 3px 3px 3px">

<tr style="text-align:center;font-weight:bold;background:#9CBCE2">

<td>Nautical</td>

</tr>

<tr>

<td>

<table style="font-family:Arial,Verdana,Times;font-size:12px;text-align:left;width:100%;border-spacing:0px; padding:3px 3px 3px 3px">

<tr>

<td>FID</td>

<td>134</td>

</tr>

<tr bgcolor="#D4E4F3">

<td>MAJ_CAT</td>

<td>Nautical</td>

</tr>

<tr>

<td>L_LIMIT</td>

<td>0</td>

</tr>

<tr bgcolor="#D4E4F3">

<td>U_LIMIT</td>

<td>0</td>

</tr>

<tr>

<td>ZORDER</td>

<td>9</td>

</tr>

<tr bgcolor="#D4E4F3">

<td>LAYER</td>

<td>0</td>

</tr>

<tr>

<td>MODE</td>

<td>2T</td>

</tr>

<tr bgcolor="#D4E4F3">

<td>COLOR</td>

<td>0</td>

</tr>

<tr>

<td>WIDTH</td>

<td>0</td>

</tr>

<tr bgcolor="#D4E4F3">

<td>MIN_CAT</td>

<td>1Depth Contours</td>

</tr>

<tr>

<td>RTP_LIMIT</td>

<td>0</td>

</tr>

<tr bgcolor="#D4E4F3">

<td>RTP_COLOR</td>

<td>19</td>

</tr>

<tr>

<td>FONT</td>

<td>020</td>

</tr>

<tr bgcolor="#D4E4F3">

<td>VALUE</td>

<td>14</td>

</tr>

<tr>

<td>TYPE</td>

<td>0</td>

</tr>

<tr bgcolor="#D4E4F3">

<td>Depth</td>

<td>-14</td>

</tr>

</table>

</td>

</tr>

</table>

</body>

</html>]]></description>
			<styleUrl>#LineStyle079</styleUrl>
			<MultiGeometry>
				<LineString>
					<tessellate>1</tessellate>
					<coordinates>
						101.53171636,1.692446022,0 101.531680411,1.692446022,0 101.53167442,1.692448529,0 101.531644463,1.692467982,0 101.531568447,1.692538966,0 101.531536618,1.692559223,0 101.53150067,1.692576033,0 101.531446747,1.692594682,0 101.531392825,1.692608612,0 101.531231057,1.69264062,0 101.531195109,1.692650755,0 101.531158103,1.692665576,0 101.531100744,1.692701751,0 101.530979419,1.692812212,0 101.53092601,1.692846448,0 101.530886219,1.692864536,0 101.530799677,1.692893378,0 101.530601961,1.69295158,0 101.530386271,1.692993788,0 101.5302964,1.693014166,0 101.530188555,1.693042393,0 101.53008071,1.693075716,0 101.529936917,1.693132023,0 101.529882994,1.693149661,0 101.529793124,1.693169086,0 101.52964933,1.693187491,0 101.529559459,1.693205394,0 101.529469589,1.693226727,0 101.529199976,1.693316002,0 101.529074157,1.693354579,0 101.528696699,1.693459812,0 101.528456745,1.693515676,0 101.528211397,1.693591688,0 101.528049629,1.693632802,0 101.527905836,1.693658005,0 101.527744069,1.693675877,0 101.527636224,1.69368293,0 101.527456482,1.693684999,0 101.527384585,1.693690073,0 101.527114973,1.693732723,0 101.527043076,1.693745505,0 101.526881309,1.6937813,0 101.526593722,1.693832805,0 101.526431954,1.693869629,0 101.526216264,1.693914208,0 101.526144368,1.693932813,0 101.526108419,1.693946676,0 101.52610034,1.693967857,0 
					</coordinates>
				</LineString>
			</MultiGeometry>
		</Placemark>
		<Placemark id="ID_00135">
			<name>-14</name>
			<Snippet maxLines="0"></Snippet>
			<description><![CDATA[<html xmlns:fo="http://www.w3.org/1999/XSL/Format" xmlns:msxsl="urn:schemas-microsoft-com:xslt">

<head>

<META http-equiv="Content-Type" content="text/html">

<meta http-equiv="content-type" content="text/html; charset=UTF-8">

</head>

<body style="margin:0px 0px 0px 0px;overflow:auto;background:#FFFFFF;">

<table style="font-family:Arial,Verdana,Times;font-size:12px;text-align:left;width:100%;border-collapse:collapse;padding:3px 3px 3px 3px">

<tr style="text-align:center;font-weight:bold;background:#9CBCE2">

<td>Nautical</td>

</tr>

<tr>

<td>

<table style="font-family:Arial,Verdana,Times;font-size:12px;text-align:left;width:100%;border-spacing:0px; padding:3px 3px 3px 3px">

<tr>

<td>FID</td>

<td>135</td>

</tr>

<tr bgcolor="#D4E4F3">

<td>MAJ_CAT</td>

<td>Nautical</td>

</tr>

<tr>

<td>L_LIMIT</td>

<td>0</td>

</tr>

<tr bgcolor="#D4E4F3">

<td>U_LIMIT</td>

<td>0</td>

</tr>

<tr>

<td>ZORDER</td>

<td>9</td>

</tr>

<tr bgcolor="#D4E4F3">

<td>LAYER</td>

<td>0</td>

</tr>

<tr>

<td>MODE</td>

<td>2T</td>

</tr>

<tr bgcolor="#D4E4F3">

<td>COLOR</td>

<td>0</td>

</tr>

<tr>

<td>WIDTH</td>

<td>0</td>

</tr>

<tr bgcolor="#D4E4F3">

<td>MIN_CAT</td>

<td>1Depth Contours</td>

</tr>

<tr>

<td>RTP_LIMIT</td>

<td>0</td>

</tr>

<tr bgcolor="#D4E4F3">

<td>RTP_COLOR</td>

<td>19</td>

</tr>

<tr>

<td>FONT</td>

<td>020</td>

</tr>

<tr bgcolor="#D4E4F3">

<td>VALUE</td>

<td>14</td>

</tr>

<tr>

<td>TYPE</td>

<td>0</td>

</tr>

<tr bgcolor="#D4E4F3">

<td>Depth</td>

<td>-14</td>

</tr>

</table>

</td>

</tr>

</table>

</body>

</html>]]></description>
			<styleUrl>#LineStyle079</styleUrl>
			<MultiGeometry>
				<LineString>
					<tessellate>1</tessellate>
					<coordinates>
						101.539445252,1.699158586,0 101.539409303,1.699158586,0 101.539319432,1.699176155,0 101.538977923,1.699289528,0 101.538888052,1.699316786,0 101.538816156,1.699335096,0 101.538726285,1.699351287,0 101.538582492,1.699371476,0 101.53840275,1.699379879,0 101.538348827,1.699385505,0 101.53818706,1.699417029,0 101.538043267,1.699447952,0 101.537944799,1.699484462,0 101.537809602,1.699546593,0 101.537737706,1.699571142,0 101.53753999,1.699612728,0 101.537378222,1.69966962,0 101.537216455,1.699709522,0 101.537144558,1.699729691,0 101.536946842,1.699790443,0 101.536838997,1.69982036,0 101.536551411,1.699914034,0 101.536497488,1.699926329,0 101.53646154,1.699928995,0 101.536425591,1.699927329,0 101.536407617,1.699923437,0 101.536389643,1.699915084,0 101.536363368,1.699882381,0 101.536337055,1.699791945,0 101.53632147,1.699773858,0 101.536281798,1.699748072,0 101.53624585,1.699735193,0 101.536191927,1.699727923,0 101.536138005,1.699730238,0 101.536084082,1.699740115,0 101.536035009,1.69975577,0 101.535994211,1.699773963,0 101.535958263,1.69979574,0 101.535920425,1.699828119,0 101.535890789,1.699864294,0 101.535860183,1.699918555,0 101.535853556,1.69995473,0 101.535856018,1.699990904,0 101.535868392,1.700025775,0 101.535882816,1.700045166,0 101.535904341,1.700058306,0 101.535940289,1.700070158,0 101.535958263,1.700070473,0 101.536048134,1.700055119,0 101.536066108,1.700045476,0 101.536120031,1.70003724,0 101.536155979,1.700035095,0 101.536173953,1.700039411,0 101.536179424,1.700045166,0 101.536155979,1.700064129,0 101.536124409,1.700081341,0 101.536124409,1.700099428,0 
					</coordinates>
				</LineString>
			</MultiGeometry>
		</Placemark>
		<Placemark id="ID_00136">
			<name>-4</name>
			<Snippet maxLines="0"></Snippet>
			<description><![CDATA[<html xmlns:fo="http://www.w3.org/1999/XSL/Format" xmlns:msxsl="urn:schemas-microsoft-com:xslt">

<head>

<META http-equiv="Content-Type" content="text/html">

<meta http-equiv="content-type" content="text/html; charset=UTF-8">

</head>

<body style="margin:0px 0px 0px 0px;overflow:auto;background:#FFFFFF;">

<table style="font-family:Arial,Verdana,Times;font-size:12px;text-align:left;width:100%;border-collapse:collapse;padding:3px 3px 3px 3px">

<tr style="text-align:center;font-weight:bold;background:#9CBCE2">

<td>Nautical</td>

</tr>

<tr>

<td>

<table style="font-family:Arial,Verdana,Times;font-size:12px;text-align:left;width:100%;border-spacing:0px; padding:3px 3px 3px 3px">

<tr>

<td>FID</td>

<td>136</td>

</tr>

<tr bgcolor="#D4E4F3">

<td>MAJ_CAT</td>

<td>Nautical</td>

</tr>

<tr>

<td>L_LIMIT</td>

<td>0</td>

</tr>

<tr bgcolor="#D4E4F3">

<td>U_LIMIT</td>

<td>0</td>

</tr>

<tr>

<td>ZORDER</td>

<td>9</td>

</tr>

<tr bgcolor="#D4E4F3">

<td>LAYER</td>

<td>0</td>

</tr>

<tr>

<td>MODE</td>

<td>2T</td>

</tr>

<tr bgcolor="#D4E4F3">

<td>COLOR</td>

<td>0</td>

</tr>

<tr>

<td>WIDTH</td>

<td>0</td>

</tr>

<tr bgcolor="#D4E4F3">

<td>MIN_CAT</td>

<td>1Depth Contours</td>

</tr>

<tr>

<td>RTP_LIMIT</td>

<td>0</td>

</tr>

<tr bgcolor="#D4E4F3">

<td>RTP_COLOR</td>

<td>19</td>

</tr>

<tr>

<td>FONT</td>

<td>020</td>

</tr>

<tr bgcolor="#D4E4F3">

<td>VALUE</td>

<td>4</td>

</tr>

<tr>

<td>TYPE</td>

<td>0</td>

</tr>

<tr bgcolor="#D4E4F3">

<td>Depth</td>

<td>-4</td>

</tr>

</table>

</td>

</tr>

</table>

</body>

</html>]]></description>
			<styleUrl>#LineStyle09</styleUrl>
			<MultiGeometry>
				<LineString>
					<tessellate>1</tessellate>
					<coordinates>
						101.517912199,1.657643177,0 101.518020044,1.65763166,0 101.518073967,1.65761552,0 101.518577243,1.657349932,0 101.518940292,1.65719651,0 101.519206339,1.657062041,0 101.5195119,1.656917519,0 101.51972759,1.656821369,0 101.519889357,1.656733264,0 101.520105047,1.656624599,0 101.520566905,1.656436846,0 101.520644272,1.65639547,0 101.520752117,1.65632627,0 101.520824014,1.656289108,0 101.520913885,1.656252947,0 101.521093627,1.656196667,0 101.521172999,1.656165537,0 101.521237805,1.656129362,0 101.521356133,1.656038926,0 101.521489058,1.655970001,0 101.521560955,1.655936952,0 101.521650826,1.655902267,0 101.521758671,1.655880549,0 101.521830567,1.655853016,0 101.522010309,1.655744305,0 101.522369793,1.655590765,0 101.522711302,1.655407983,0 101.522729276,1.655400051,0 101.522819147,1.655378702,0 101.522891043,1.655378702,0 
					</coordinates>
				</LineString>
			</MultiGeometry>
		</Placemark>
		<Placemark id="ID_00137">
			<name>-4</name>
			<Snippet maxLines="0"></Snippet>
			<description><![CDATA[<html xmlns:fo="http://www.w3.org/1999/XSL/Format" xmlns:msxsl="urn:schemas-microsoft-com:xslt">

<head>

<META http-equiv="Content-Type" content="text/html">

<meta http-equiv="content-type" content="text/html; charset=UTF-8">

</head>

<body style="margin:0px 0px 0px 0px;overflow:auto;background:#FFFFFF;">

<table style="font-family:Arial,Verdana,Times;font-size:12px;text-align:left;width:100%;border-collapse:collapse;padding:3px 3px 3px 3px">

<tr style="text-align:center;font-weight:bold;background:#9CBCE2">

<td>Nautical</td>

</tr>

<tr>

<td>

<table style="font-family:Arial,Verdana,Times;font-size:12px;text-align:left;width:100%;border-spacing:0px; padding:3px 3px 3px 3px">

<tr>

<td>FID</td>

<td>137</td>

</tr>

<tr bgcolor="#D4E4F3">

<td>MAJ_CAT</td>

<td>Nautical</td>

</tr>

<tr>

<td>L_LIMIT</td>

<td>0</td>

</tr>

<tr bgcolor="#D4E4F3">

<td>U_LIMIT</td>

<td>0</td>

</tr>

<tr>

<td>ZORDER</td>

<td>9</td>

</tr>

<tr bgcolor="#D4E4F3">

<td>LAYER</td>

<td>0</td>

</tr>

<tr>

<td>MODE</td>

<td>2T</td>

</tr>

<tr bgcolor="#D4E4F3">

<td>COLOR</td>

<td>0</td>

</tr>

<tr>

<td>WIDTH</td>

<td>0</td>

</tr>

<tr bgcolor="#D4E4F3">

<td>MIN_CAT</td>

<td>1Depth Contours</td>

</tr>

<tr>

<td>RTP_LIMIT</td>

<td>0</td>

</tr>

<tr bgcolor="#D4E4F3">

<td>RTP_COLOR</td>

<td>19</td>

</tr>

<tr>

<td>FONT</td>

<td>020</td>

</tr>

<tr bgcolor="#D4E4F3">

<td>VALUE</td>

<td>4</td>

</tr>

<tr>

<td>TYPE</td>

<td>0</td>

</tr>

<tr bgcolor="#D4E4F3">

<td>Depth</td>

<td>-4</td>

</tr>

</table>

</td>

</tr>

</table>

</body>

</html>]]></description>
			<styleUrl>#LineStyle09</styleUrl>
			<MultiGeometry>
				<LineString>
					<tessellate>1</tessellate>
					<coordinates>
						101.539427277,1.699466689,0 101.539445252,1.699466689,0 
					</coordinates>
				</LineString>
			</MultiGeometry>
		</Placemark>
		<Placemark id="ID_00138">
			<name>-4</name>
			<Snippet maxLines="0"></Snippet>
			<description><![CDATA[<html xmlns:fo="http://www.w3.org/1999/XSL/Format" xmlns:msxsl="urn:schemas-microsoft-com:xslt">

<head>

<META http-equiv="Content-Type" content="text/html">

<meta http-equiv="content-type" content="text/html; charset=UTF-8">

</head>

<body style="margin:0px 0px 0px 0px;overflow:auto;background:#FFFFFF;">

<table style="font-family:Arial,Verdana,Times;font-size:12px;text-align:left;width:100%;border-collapse:collapse;padding:3px 3px 3px 3px">

<tr style="text-align:center;font-weight:bold;background:#9CBCE2">

<td>Nautical</td>

</tr>

<tr>

<td>

<table style="font-family:Arial,Verdana,Times;font-size:12px;text-align:left;width:100%;border-spacing:0px; padding:3px 3px 3px 3px">

<tr>

<td>FID</td>

<td>138</td>

</tr>

<tr bgcolor="#D4E4F3">

<td>MAJ_CAT</td>

<td>Nautical</td>

</tr>

<tr>

<td>L_LIMIT</td>

<td>0</td>

</tr>

<tr bgcolor="#D4E4F3">

<td>U_LIMIT</td>

<td>0</td>

</tr>

<tr>

<td>ZORDER</td>

<td>9</td>

</tr>

<tr bgcolor="#D4E4F3">

<td>LAYER</td>

<td>0</td>

</tr>

<tr>

<td>MODE</td>

<td>2T</td>

</tr>

<tr bgcolor="#D4E4F3">

<td>COLOR</td>

<td>0</td>

</tr>

<tr>

<td>WIDTH</td>

<td>0</td>

</tr>

<tr bgcolor="#D4E4F3">

<td>MIN_CAT</td>

<td>1Depth Contours</td>

</tr>

<tr>

<td>RTP_LIMIT</td>

<td>0</td>

</tr>

<tr bgcolor="#D4E4F3">

<td>RTP_COLOR</td>

<td>19</td>

</tr>

<tr>

<td>FONT</td>

<td>020</td>

</tr>

<tr bgcolor="#D4E4F3">

<td>VALUE</td>

<td>4</td>

</tr>

<tr>

<td>TYPE</td>

<td>0</td>

</tr>

<tr bgcolor="#D4E4F3">

<td>Depth</td>

<td>-4</td>

</tr>

</table>

</td>

</tr>

</table>

</body>

</html>]]></description>
			<styleUrl>#LineStyle09</styleUrl>
			<MultiGeometry>
				<LineString>
					<tessellate>1</tessellate>
					<coordinates>
						101.539427277,1.699466689,0 101.539409303,1.699466689,0 101.539368489,1.699484462,0 101.539301458,1.699519977,0 101.539229562,1.699567758,0 101.539175639,1.699592739,0 101.539121717,1.69960777,0 101.538941975,1.699638966,0 101.538906027,1.699649039,0 101.538864517,1.699665334,0 101.538832475,1.699683422,0 101.538811467,1.699701509,0 101.538777436,1.69975577,0 101.538744259,1.699791126,0 101.53871619,1.699810032,0 101.538690337,1.699821129,0 101.538654388,1.699830868,0 101.53861844,1.699836894,0 101.538474647,1.699849425,0 101.538276931,1.699853537,0 101.538258957,1.699856551,0 101.53818706,1.699850331,0 101.538151112,1.699850798,0 101.538133137,1.699853226,0 101.538079215,1.699867901,0 101.538007318,1.699900639,0 101.537983919,1.699918555,0 101.537983919,1.699936643,0 
					</coordinates>
				</LineString>
			</MultiGeometry>
		</Placemark>
		<Placemark id="ID_00139">
			<name>-20</name>
			<Snippet maxLines="0"></Snippet>
			<description><![CDATA[<html xmlns:fo="http://www.w3.org/1999/XSL/Format" xmlns:msxsl="urn:schemas-microsoft-com:xslt">

<head>

<META http-equiv="Content-Type" content="text/html">

<meta http-equiv="content-type" content="text/html; charset=UTF-8">

</head>

<body style="margin:0px 0px 0px 0px;overflow:auto;background:#FFFFFF;">

<table style="font-family:Arial,Verdana,Times;font-size:12px;text-align:left;width:100%;border-collapse:collapse;padding:3px 3px 3px 3px">

<tr style="text-align:center;font-weight:bold;background:#9CBCE2">

<td>Nautical</td>

</tr>

<tr>

<td>

<table style="font-family:Arial,Verdana,Times;font-size:12px;text-align:left;width:100%;border-spacing:0px; padding:3px 3px 3px 3px">

<tr>

<td>FID</td>

<td>139</td>

</tr>

<tr bgcolor="#D4E4F3">

<td>MAJ_CAT</td>

<td>Nautical</td>

</tr>

<tr>

<td>L_LIMIT</td>

<td>0</td>

</tr>

<tr bgcolor="#D4E4F3">

<td>U_LIMIT</td>

<td>0</td>

</tr>

<tr>

<td>ZORDER</td>

<td>9</td>

</tr>

<tr bgcolor="#D4E4F3">

<td>LAYER</td>

<td>0</td>

</tr>

<tr>

<td>MODE</td>

<td>2T</td>

</tr>

<tr bgcolor="#D4E4F3">

<td>COLOR</td>

<td>0</td>

</tr>

<tr>

<td>WIDTH</td>

<td>0</td>

</tr>

<tr bgcolor="#D4E4F3">

<td>MIN_CAT</td>

<td>1Depth Contours</td>

</tr>

<tr>

<td>RTP_LIMIT</td>

<td>0</td>

</tr>

<tr bgcolor="#D4E4F3">

<td>RTP_COLOR</td>

<td>19</td>

</tr>

<tr>

<td>FONT</td>

<td>020</td>

</tr>

<tr bgcolor="#D4E4F3">

<td>VALUE</td>

<td>20</td>

</tr>

<tr>

<td>TYPE</td>

<td>0</td>

</tr>

<tr bgcolor="#D4E4F3">

<td>Depth</td>

<td>-20</td>

</tr>

</table>

</td>

</tr>

</table>

</body>

</html>]]></description>
			<styleUrl>#LineStyle00</styleUrl>
			<MultiGeometry>
				<LineString>
					<tessellate>1</tessellate>
					<coordinates>
						101.520518453,1.674786347,0 101.520536427,1.674786347,0 101.520554402,1.674791341,0 101.520644272,1.674823749,0 101.520662247,1.674827096,0 101.520734143,1.674863061,0 101.520770092,1.674875597,0 101.520824014,1.674888978,0 101.520877937,1.674895832,0 101.520967807,1.674898746,0 101.521039704,1.674896905,0 101.521129575,1.674891077,0 101.521201472,1.674883119,0 101.52123742,1.674875948,0 101.521273368,1.67486507,0 101.521309317,1.674849012,0 101.521365701,1.674813477,0 101.521471084,1.674719381,0 101.521507032,1.674699759,0 101.521542981,1.674687963,0 101.521578929,1.674682266,0 101.521686774,1.674675909,0 101.521866516,1.674660646,0 101.521956387,1.67465586,0 101.522046258,1.674654559,0 101.522082206,1.674652324,0 101.522136128,1.67464476,0 101.522172077,1.674636222,0 101.522225999,1.674617419,0 101.522333844,1.674569221,0 101.522515135,1.67446982,0 101.522558369,1.674433645,0 101.522687608,1.674252773,0 101.52273056,1.674216599,0 101.522862533,1.674126162,0 101.522901681,1.674108075,0 101.522944966,1.674096017,0 101.522980914,1.67408885,0 101.523034837,1.674085043,0 101.523070785,1.674088045,0 101.523088759,1.674092572,0 101.523119316,1.674108075,0 101.523136821,1.674126162,0 101.523155887,1.674162337,0 101.523200388,1.674288948,0 101.523212524,1.674307035,0 101.523267378,1.674361297,0 101.523299456,1.674433645,0 101.523295462,1.674487907,0 101.523279414,1.674524082,0 101.523232553,1.67457762,0 101.523157959,1.674632605,0 101.523142682,1.674650692,0 101.523140568,1.67466878,0 101.523159022,1.674686867,0 101.52317863,1.674691954,0 101.523322423,1.674685475,0 101.52339432,1.674680325,0 101.523502165,1.674695117,0 101.52361001,1.674715806,0 101.523843674,1.674742468,0 101.523879623,1.674744478,0 101.524005442,1.674742334,0 101.52404139,1.674737628,0 101.524077338,1.674727865,0 101.524113287,1.674714229,0 101.524185183,1.674676376,0 101.524297786,1.674596431,0 101.524471647,1.674505994,0 101.524541399,1.674451733,0 101.524557739,1.674433645,0 101.524603447,1.674307035,0 101.524670999,1.674216599,0 101.524691028,1.674198511,0 101.524706434,1.674162337,0 101.524679163,1.674089988,0 101.524628546,1.674017639,0 101.524613495,1.673981465,0 101.524619645,1.67394529,0 101.524652512,1.673910149,0 101.52468846,1.673886643,0 101.524724408,1.673876652,0 101.524796305,1.673873258,0 101.524832253,1.673866611,0 101.524850228,1.673858839,0 101.52490415,1.673854513,0 101.524922124,1.67385379,0 101.524940098,1.673855231,0 101.524958073,1.673854068,0 101.525011995,1.673846815,0 101.525029969,1.673841757,0 101.525101866,1.673841757,0 
					</coordinates>
				</LineString>
			</MultiGeometry>
		</Placemark>
		<Placemark id="ID_00140">
			<name>-20</name>
			<Snippet maxLines="0"></Snippet>
			<description><![CDATA[<html xmlns:fo="http://www.w3.org/1999/XSL/Format" xmlns:msxsl="urn:schemas-microsoft-com:xslt">

<head>

<META http-equiv="Content-Type" content="text/html">

<meta http-equiv="content-type" content="text/html; charset=UTF-8">

</head>

<body style="margin:0px 0px 0px 0px;overflow:auto;background:#FFFFFF;">

<table style="font-family:Arial,Verdana,Times;font-size:12px;text-align:left;width:100%;border-collapse:collapse;padding:3px 3px 3px 3px">

<tr style="text-align:center;font-weight:bold;background:#9CBCE2">

<td>Nautical</td>

</tr>

<tr>

<td>

<table style="font-family:Arial,Verdana,Times;font-size:12px;text-align:left;width:100%;border-spacing:0px; padding:3px 3px 3px 3px">

<tr>

<td>FID</td>

<td>140</td>

</tr>

<tr bgcolor="#D4E4F3">

<td>MAJ_CAT</td>

<td>Nautical</td>

</tr>

<tr>

<td>L_LIMIT</td>

<td>0</td>

</tr>

<tr bgcolor="#D4E4F3">

<td>U_LIMIT</td>

<td>0</td>

</tr>

<tr>

<td>ZORDER</td>

<td>9</td>

</tr>

<tr bgcolor="#D4E4F3">

<td>LAYER</td>

<td>0</td>

</tr>

<tr>

<td>MODE</td>

<td>2T</td>

</tr>

<tr bgcolor="#D4E4F3">

<td>COLOR</td>

<td>0</td>

</tr>

<tr>

<td>WIDTH</td>

<td>0</td>

</tr>

<tr bgcolor="#D4E4F3">

<td>MIN_CAT</td>

<td>1Depth Contours</td>

</tr>

<tr>

<td>RTP_LIMIT</td>

<td>0</td>

</tr>

<tr bgcolor="#D4E4F3">

<td>RTP_COLOR</td>

<td>19</td>

</tr>

<tr>

<td>FONT</td>

<td>020</td>

</tr>

<tr bgcolor="#D4E4F3">

<td>VALUE</td>

<td>20</td>

</tr>

<tr>

<td>TYPE</td>

<td>0</td>

</tr>

<tr bgcolor="#D4E4F3">

<td>Depth</td>

<td>-20</td>

</tr>

</table>

</td>

</tr>

</table>

</body>

</html>]]></description>
			<styleUrl>#LineStyle00</styleUrl>
			<MultiGeometry>
				<LineString>
					<tessellate>1</tessellate>
					<coordinates>
						101.52404139,1.674907106,0 101.524054634,1.674922001,0 101.524090177,1.674940088,0 101.524131261,1.674949735,0 101.524167209,1.674952707,0 101.524203158,1.674950183,0 101.524245643,1.674940088,0 101.524295025,1.674922001,0 101.52431999,1.674903914,0 101.52430501,1.674885826,0 101.524239106,1.674861522,0 101.524203158,1.674850748,0 101.524131261,1.674847272,0 101.524077338,1.674854521,0 101.524043187,1.674867739,0 101.524033989,1.674885826,0 101.52404139,1.674907106,0 
					</coordinates>
				</LineString>
			</MultiGeometry>
		</Placemark>
		<Placemark id="ID_00141">
			<name>-20</name>
			<Snippet maxLines="0"></Snippet>
			<description><![CDATA[<html xmlns:fo="http://www.w3.org/1999/XSL/Format" xmlns:msxsl="urn:schemas-microsoft-com:xslt">

<head>

<META http-equiv="Content-Type" content="text/html">

<meta http-equiv="content-type" content="text/html; charset=UTF-8">

</head>

<body style="margin:0px 0px 0px 0px;overflow:auto;background:#FFFFFF;">

<table style="font-family:Arial,Verdana,Times;font-size:12px;text-align:left;width:100%;border-collapse:collapse;padding:3px 3px 3px 3px">

<tr style="text-align:center;font-weight:bold;background:#9CBCE2">

<td>Nautical</td>

</tr>

<tr>

<td>

<table style="font-family:Arial,Verdana,Times;font-size:12px;text-align:left;width:100%;border-spacing:0px; padding:3px 3px 3px 3px">

<tr>

<td>FID</td>

<td>141</td>

</tr>

<tr bgcolor="#D4E4F3">

<td>MAJ_CAT</td>

<td>Nautical</td>

</tr>

<tr>

<td>L_LIMIT</td>

<td>0</td>

</tr>

<tr bgcolor="#D4E4F3">

<td>U_LIMIT</td>

<td>0</td>

</tr>

<tr>

<td>ZORDER</td>

<td>9</td>

</tr>

<tr bgcolor="#D4E4F3">

<td>LAYER</td>

<td>0</td>

</tr>

<tr>

<td>MODE</td>

<td>2T</td>

</tr>

<tr bgcolor="#D4E4F3">

<td>COLOR</td>

<td>0</td>

</tr>

<tr>

<td>WIDTH</td>

<td>0</td>

</tr>

<tr bgcolor="#D4E4F3">

<td>MIN_CAT</td>

<td>1Depth Contours</td>

</tr>

<tr>

<td>RTP_LIMIT</td>

<td>0</td>

</tr>

<tr bgcolor="#D4E4F3">

<td>RTP_COLOR</td>

<td>19</td>

</tr>

<tr>

<td>FONT</td>

<td>020</td>

</tr>

<tr bgcolor="#D4E4F3">

<td>VALUE</td>

<td>20</td>

</tr>

<tr>

<td>TYPE</td>

<td>0</td>

</tr>

<tr bgcolor="#D4E4F3">

<td>Depth</td>

<td>-20</td>

</tr>

</table>

</td>

</tr>

</table>

</body>

</html>]]></description>
			<styleUrl>#LineStyle00</styleUrl>
			<MultiGeometry>
				<LineString>
					<tessellate>1</tessellate>
					<coordinates>
						101.523358372,1.685512898,0 101.523367414,1.685557294,0 101.52339432,1.685605374,0 101.523466217,1.685674641,0 101.523502165,1.685699632,0 101.523520139,1.685705007,0 101.523556088,1.685698184,0 101.523643235,1.685629643,0 101.523681907,1.685582616,0 101.523699328,1.685539207,0 101.523696923,1.685503032,0 101.523684672,1.685466858,0 101.523634686,1.685394509,0 101.523538113,1.685298745,0 101.523502165,1.685276474,0 101.523484191,1.685271936,0 101.523448243,1.685279267,0 101.523430268,1.685292015,0 101.523383379,1.685358334,0 101.523358372,1.685429779,0 101.523358372,1.685512898,0 
					</coordinates>
				</LineString>
			</MultiGeometry>
		</Placemark>
		<Placemark id="ID_00142">
			<name>-20</name>
			<Snippet maxLines="0"></Snippet>
			<description><![CDATA[<html xmlns:fo="http://www.w3.org/1999/XSL/Format" xmlns:msxsl="urn:schemas-microsoft-com:xslt">

<head>

<META http-equiv="Content-Type" content="text/html">

<meta http-equiv="content-type" content="text/html; charset=UTF-8">

</head>

<body style="margin:0px 0px 0px 0px;overflow:auto;background:#FFFFFF;">

<table style="font-family:Arial,Verdana,Times;font-size:12px;text-align:left;width:100%;border-collapse:collapse;padding:3px 3px 3px 3px">

<tr style="text-align:center;font-weight:bold;background:#9CBCE2">

<td>Nautical</td>

</tr>

<tr>

<td>

<table style="font-family:Arial,Verdana,Times;font-size:12px;text-align:left;width:100%;border-spacing:0px; padding:3px 3px 3px 3px">

<tr>

<td>FID</td>

<td>142</td>

</tr>

<tr bgcolor="#D4E4F3">

<td>MAJ_CAT</td>

<td>Nautical</td>

</tr>

<tr>

<td>L_LIMIT</td>

<td>0</td>

</tr>

<tr bgcolor="#D4E4F3">

<td>U_LIMIT</td>

<td>0</td>

</tr>

<tr>

<td>ZORDER</td>

<td>9</td>

</tr>

<tr bgcolor="#D4E4F3">

<td>LAYER</td>

<td>0</td>

</tr>

<tr>

<td>MODE</td>

<td>2T</td>

</tr>

<tr bgcolor="#D4E4F3">

<td>COLOR</td>

<td>0</td>

</tr>

<tr>

<td>WIDTH</td>

<td>0</td>

</tr>

<tr bgcolor="#D4E4F3">

<td>MIN_CAT</td>

<td>1Depth Contours</td>

</tr>

<tr>

<td>RTP_LIMIT</td>

<td>0</td>

</tr>

<tr bgcolor="#D4E4F3">

<td>RTP_COLOR</td>

<td>19</td>

</tr>

<tr>

<td>FONT</td>

<td>020</td>

</tr>

<tr bgcolor="#D4E4F3">

<td>VALUE</td>

<td>20</td>

</tr>

<tr>

<td>TYPE</td>

<td>0</td>

</tr>

<tr bgcolor="#D4E4F3">

<td>Depth</td>

<td>-20</td>

</tr>

</table>

</td>

</tr>

</table>

</body>

</html>]]></description>
			<styleUrl>#LineStyle00</styleUrl>
			<MultiGeometry>
				<LineString>
					<tessellate>1</tessellate>
					<coordinates>
						101.526170774,1.68617226,0 101.526180316,1.686190347,0 101.526204282,1.686208434,0 101.526234239,1.686214789,0 101.526252891,1.686208434,0 101.526259031,1.68617226,0 101.526251329,1.686154173,0 101.526234239,1.686143786,0 101.526216264,1.68613801,0 101.52619829,1.686139169,0 101.526174025,1.686154173,0 101.526170774,1.68617226,0 
					</coordinates>
				</LineString>
			</MultiGeometry>
		</Placemark>
		<Placemark id="ID_00143">
			<name>-20</name>
			<Snippet maxLines="0"></Snippet>
			<description><![CDATA[<html xmlns:fo="http://www.w3.org/1999/XSL/Format" xmlns:msxsl="urn:schemas-microsoft-com:xslt">

<head>

<META http-equiv="Content-Type" content="text/html">

<meta http-equiv="content-type" content="text/html; charset=UTF-8">

</head>

<body style="margin:0px 0px 0px 0px;overflow:auto;background:#FFFFFF;">

<table style="font-family:Arial,Verdana,Times;font-size:12px;text-align:left;width:100%;border-collapse:collapse;padding:3px 3px 3px 3px">

<tr style="text-align:center;font-weight:bold;background:#9CBCE2">

<td>Nautical</td>

</tr>

<tr>

<td>

<table style="font-family:Arial,Verdana,Times;font-size:12px;text-align:left;width:100%;border-spacing:0px; padding:3px 3px 3px 3px">

<tr>

<td>FID</td>

<td>143</td>

</tr>

<tr bgcolor="#D4E4F3">

<td>MAJ_CAT</td>

<td>Nautical</td>

</tr>

<tr>

<td>L_LIMIT</td>

<td>0</td>

</tr>

<tr bgcolor="#D4E4F3">

<td>U_LIMIT</td>

<td>0</td>

</tr>

<tr>

<td>ZORDER</td>

<td>9</td>

</tr>

<tr bgcolor="#D4E4F3">

<td>LAYER</td>

<td>0</td>

</tr>

<tr>

<td>MODE</td>

<td>2T</td>

</tr>

<tr bgcolor="#D4E4F3">

<td>COLOR</td>

<td>0</td>

</tr>

<tr>

<td>WIDTH</td>

<td>0</td>

</tr>

<tr bgcolor="#D4E4F3">

<td>MIN_CAT</td>

<td>1Depth Contours</td>

</tr>

<tr>

<td>RTP_LIMIT</td>

<td>0</td>

</tr>

<tr bgcolor="#D4E4F3">

<td>RTP_COLOR</td>

<td>19</td>

</tr>

<tr>

<td>FONT</td>

<td>020</td>

</tr>

<tr bgcolor="#D4E4F3">

<td>VALUE</td>

<td>20</td>

</tr>

<tr>

<td>TYPE</td>

<td>0</td>

</tr>

<tr bgcolor="#D4E4F3">

<td>Depth</td>

<td>-20</td>

</tr>

</table>

</td>

</tr>

</table>

</body>

</html>]]></description>
			<styleUrl>#LineStyle00</styleUrl>
			<MultiGeometry>
				<LineString>
					<tessellate>1</tessellate>
					<coordinates>
						101.523231991,1.686298871,0 101.523242356,1.686316958,0 101.523268501,1.686317615,0 101.523304449,1.686300577,0 101.523328573,1.686280783,0 101.523351382,1.686244609,0 101.523350283,1.686208434,0 101.523340398,1.686196,0 101.523322423,1.686190347,0 101.523304449,1.686193965,0 101.523268501,1.686215391,0 101.523245391,1.686244609,0 101.523231991,1.686298871,0 
					</coordinates>
				</LineString>
			</MultiGeometry>
		</Placemark>
		<Placemark id="ID_00144">
			<name>-20</name>
			<Snippet maxLines="0"></Snippet>
			<description><![CDATA[<html xmlns:fo="http://www.w3.org/1999/XSL/Format" xmlns:msxsl="urn:schemas-microsoft-com:xslt">

<head>

<META http-equiv="Content-Type" content="text/html">

<meta http-equiv="content-type" content="text/html; charset=UTF-8">

</head>

<body style="margin:0px 0px 0px 0px;overflow:auto;background:#FFFFFF;">

<table style="font-family:Arial,Verdana,Times;font-size:12px;text-align:left;width:100%;border-collapse:collapse;padding:3px 3px 3px 3px">

<tr style="text-align:center;font-weight:bold;background:#9CBCE2">

<td>Nautical</td>

</tr>

<tr>

<td>

<table style="font-family:Arial,Verdana,Times;font-size:12px;text-align:left;width:100%;border-spacing:0px; padding:3px 3px 3px 3px">

<tr>

<td>FID</td>

<td>144</td>

</tr>

<tr bgcolor="#D4E4F3">

<td>MAJ_CAT</td>

<td>Nautical</td>

</tr>

<tr>

<td>L_LIMIT</td>

<td>0</td>

</tr>

<tr bgcolor="#D4E4F3">

<td>U_LIMIT</td>

<td>0</td>

</tr>

<tr>

<td>ZORDER</td>

<td>9</td>

</tr>

<tr bgcolor="#D4E4F3">

<td>LAYER</td>

<td>0</td>

</tr>

<tr>

<td>MODE</td>

<td>2T</td>

</tr>

<tr bgcolor="#D4E4F3">

<td>COLOR</td>

<td>0</td>

</tr>

<tr>

<td>WIDTH</td>

<td>0</td>

</tr>

<tr bgcolor="#D4E4F3">

<td>MIN_CAT</td>

<td>1Depth Contours</td>

</tr>

<tr>

<td>RTP_LIMIT</td>

<td>0</td>

</tr>

<tr bgcolor="#D4E4F3">

<td>RTP_COLOR</td>

<td>19</td>

</tr>

<tr>

<td>FONT</td>

<td>020</td>

</tr>

<tr bgcolor="#D4E4F3">

<td>VALUE</td>

<td>20</td>

</tr>

<tr>

<td>TYPE</td>

<td>0</td>

</tr>

<tr bgcolor="#D4E4F3">

<td>Depth</td>

<td>-20</td>

</tr>

</table>

</td>

</tr>

</table>

</body>

</html>]]></description>
			<styleUrl>#LineStyle00</styleUrl>
			<MultiGeometry>
				<LineString>
					<tessellate>1</tessellate>
					<coordinates>
						101.521974361,1.686474919,0 101.521992335,1.686474919,0 101.521999396,1.686461656,0 101.522028283,1.686448367,0 101.522055245,1.686443568,0 101.522082206,1.686442515,0 101.52210018,1.686437857,0 101.522118154,1.686424209,0 101.522172077,1.686436671,0 101.522387767,1.686455908,0 101.522441689,1.686467346,0 101.522477638,1.686478583,0 101.522546453,1.686515917,0 101.522603457,1.686538903,0 101.522819147,1.686589871,0 101.522926992,1.686638509,0 101.52296294,1.686642834,0 101.522998888,1.68663823,0 101.523034837,1.686624983,0 101.523052811,1.686613191,0 101.523088759,1.686568333,0 101.523108287,1.686534005,0 101.52311831,1.68649783,0 101.523103033,1.686461656,0 101.523088759,1.686447292,0 101.523052811,1.686433414,0 101.522944966,1.686427142,0 101.522891043,1.686419673,0 101.522837121,1.686403909,0 101.522801173,1.6863876,0 101.522742217,1.686353132,0 101.522704036,1.686316958,0 101.522693328,1.686298871,0 101.522692928,1.686280783,0 101.522701806,1.686262696,0 101.522737197,1.686226522,0 101.522783198,1.686191411,0 101.522855095,1.686156128,0 101.522926992,1.68613196,0 101.523106733,1.686081162,0 101.523160656,1.686072506,0 101.523214578,1.686058519,0 101.523268501,1.686032415,0 101.523322423,1.685984895,0 101.52339432,1.685864392,0 101.523448243,1.68583596,0 101.523520139,1.685809564,0 101.523556088,1.685802477,0 101.52361001,1.68579764,0 101.523789752,1.685751494,0 101.523861648,1.685741935,0 101.523933545,1.685739906,0 101.523987468,1.685742954,0 101.524077338,1.685753787,0 101.524203158,1.68575957,0 101.524275054,1.685759699,0 101.524293028,1.685770724,0 101.52431244,1.685792428,0 101.524389277,1.68584669,0 101.524418848,1.685856707,0 101.524436822,1.685857796,0 101.524454796,1.685853334,0 101.52447277,1.685838938,0 101.524484177,1.685810515,0 101.524479892,1.685792428,0 101.524459931,1.685774341,0 101.524415252,1.685756254,0 101.524311003,1.685743819,0 101.524275054,1.685723271,0 101.524208923,1.685629643,0 101.524203799,1.685611556,0 101.524217138,1.685557294,0 101.524247584,1.68552112,0 101.524293028,1.685496229,0 101.52438535,1.685466858,0 101.524706434,1.685338064,0 101.524760357,1.685321526,0 101.524814279,1.685310856,0 101.524850228,1.685306786,0 101.52490415,1.685311074,0 101.524940098,1.685318543,0 101.524986531,1.685340247,0 101.52504435,1.685394509,0 101.52505448,1.685430683,0 101.525104112,1.685466858,0 101.525134688,1.68552112,0 101.525157903,1.685539207,0 101.525191737,1.685551582,0 101.525227685,1.685557796,0 101.525299582,1.685551265,0 101.525338525,1.685539207,0 101.525317556,1.685534039,0 101.525263633,1.685509294,0 101.525179754,1.685466858,0 101.525153542,1.685448771,0 101.525137814,1.685430683,0 101.525087486,1.685394509,0 101.525074006,1.685340247,0 101.525080624,1.685249811,0 101.525095159,1.685195549,0 101.525164495,1.685050852,0 101.525234083,1.684869979,0 101.525299076,1.684761456,0 101.52533553,1.68473533,0 101.525371478,1.684721521,0 101.525407427,1.684714257,0 101.525443375,1.684712208,0 101.525479323,1.684716335,0 101.525515272,1.684729112,0 101.525712988,1.684828852,0 101.525820833,1.684898055,0 101.525903514,1.684942328,0 101.526036523,1.684990172,0 101.526090445,1.68502184,0 101.526180316,1.685059583,0 101.526234239,1.685072909,0 101.526270187,1.685075298,0 101.526306135,1.685081751,0 101.526467903,1.685084646,0 
					</coordinates>
				</LineString>
			</MultiGeometry>
		</Placemark>
		<Placemark id="ID_00145">
			<name>-20</name>
			<Snippet maxLines="0"></Snippet>
			<description><![CDATA[<html xmlns:fo="http://www.w3.org/1999/XSL/Format" xmlns:msxsl="urn:schemas-microsoft-com:xslt">

<head>

<META http-equiv="Content-Type" content="text/html">

<meta http-equiv="content-type" content="text/html; charset=UTF-8">

</head>

<body style="margin:0px 0px 0px 0px;overflow:auto;background:#FFFFFF;">

<table style="font-family:Arial,Verdana,Times;font-size:12px;text-align:left;width:100%;border-collapse:collapse;padding:3px 3px 3px 3px">

<tr style="text-align:center;font-weight:bold;background:#9CBCE2">

<td>Nautical</td>

</tr>

<tr>

<td>

<table style="font-family:Arial,Verdana,Times;font-size:12px;text-align:left;width:100%;border-spacing:0px; padding:3px 3px 3px 3px">

<tr>

<td>FID</td>

<td>145</td>

</tr>

<tr bgcolor="#D4E4F3">

<td>MAJ_CAT</td>

<td>Nautical</td>

</tr>

<tr>

<td>L_LIMIT</td>

<td>0</td>

</tr>

<tr bgcolor="#D4E4F3">

<td>U_LIMIT</td>

<td>0</td>

</tr>

<tr>

<td>ZORDER</td>

<td>9</td>

</tr>

<tr bgcolor="#D4E4F3">

<td>LAYER</td>

<td>0</td>

</tr>

<tr>

<td>MODE</td>

<td>2T</td>

</tr>

<tr bgcolor="#D4E4F3">

<td>COLOR</td>

<td>0</td>

</tr>

<tr>

<td>WIDTH</td>

<td>0</td>

</tr>

<tr bgcolor="#D4E4F3">

<td>MIN_CAT</td>

<td>1Depth Contours</td>

</tr>

<tr>

<td>RTP_LIMIT</td>

<td>0</td>

</tr>

<tr bgcolor="#D4E4F3">

<td>RTP_COLOR</td>

<td>19</td>

</tr>

<tr>

<td>FONT</td>

<td>020</td>

</tr>

<tr bgcolor="#D4E4F3">

<td>VALUE</td>

<td>20</td>

</tr>

<tr>

<td>TYPE</td>

<td>0</td>

</tr>

<tr bgcolor="#D4E4F3">

<td>Depth</td>

<td>-20</td>

</tr>

</table>

</td>

</tr>

</table>

</body>

</html>]]></description>
			<styleUrl>#LineStyle00</styleUrl>
			<MultiGeometry>
				<LineString>
					<tessellate>1</tessellate>
					<coordinates>
						101.522028283,1.686886779,0 101.522082206,1.686888188,0 101.522190051,1.686903543,0 101.52231587,1.686968257,0 101.522369793,1.6869774,0 101.522405741,1.686971369,0 101.522441689,1.686947677,0 101.522474533,1.686895749,0 101.522508055,1.686805313,0 101.52251152,1.686769139,0 101.522495612,1.686731758,0 101.522459663,1.686700407,0 101.522405741,1.686685111,0 101.522261948,1.686666393,0 101.522208025,1.686648073,0 101.522164624,1.686624441,0 101.52210018,1.686560996,0 101.522053338,1.686534005,0 101.521992335,1.686481552,0 101.521956387,1.686481552,0 
					</coordinates>
				</LineString>
			</MultiGeometry>
		</Placemark>
		<Placemark id="ID_00146">
			<name>-20</name>
			<Snippet maxLines="0"></Snippet>
			<description><![CDATA[<html xmlns:fo="http://www.w3.org/1999/XSL/Format" xmlns:msxsl="urn:schemas-microsoft-com:xslt">

<head>

<META http-equiv="Content-Type" content="text/html">

<meta http-equiv="content-type" content="text/html; charset=UTF-8">

</head>

<body style="margin:0px 0px 0px 0px;overflow:auto;background:#FFFFFF;">

<table style="font-family:Arial,Verdana,Times;font-size:12px;text-align:left;width:100%;border-collapse:collapse;padding:3px 3px 3px 3px">

<tr style="text-align:center;font-weight:bold;background:#9CBCE2">

<td>Nautical</td>

</tr>

<tr>

<td>

<table style="font-family:Arial,Verdana,Times;font-size:12px;text-align:left;width:100%;border-spacing:0px; padding:3px 3px 3px 3px">

<tr>

<td>FID</td>

<td>146</td>

</tr>

<tr bgcolor="#D4E4F3">

<td>MAJ_CAT</td>

<td>Nautical</td>

</tr>

<tr>

<td>L_LIMIT</td>

<td>0</td>

</tr>

<tr bgcolor="#D4E4F3">

<td>U_LIMIT</td>

<td>0</td>

</tr>

<tr>

<td>ZORDER</td>

<td>9</td>

</tr>

<tr bgcolor="#D4E4F3">

<td>LAYER</td>

<td>0</td>

</tr>

<tr>

<td>MODE</td>

<td>2T</td>

</tr>

<tr bgcolor="#D4E4F3">

<td>COLOR</td>

<td>0</td>

</tr>

<tr>

<td>WIDTH</td>

<td>0</td>

</tr>

<tr bgcolor="#D4E4F3">

<td>MIN_CAT</td>

<td>1Depth Contours</td>

</tr>

<tr>

<td>RTP_LIMIT</td>

<td>0</td>

</tr>

<tr bgcolor="#D4E4F3">

<td>RTP_COLOR</td>

<td>19</td>

</tr>

<tr>

<td>FONT</td>

<td>020</td>

</tr>

<tr bgcolor="#D4E4F3">

<td>VALUE</td>

<td>20</td>

</tr>

<tr>

<td>TYPE</td>

<td>0</td>

</tr>

<tr bgcolor="#D4E4F3">

<td>Depth</td>

<td>-20</td>

</tr>

</table>

</td>

</tr>

</table>

</body>

</html>]]></description>
			<styleUrl>#LineStyle00</styleUrl>
			<MultiGeometry>
				<LineString>
					<tessellate>1</tessellate>
					<coordinates>
						101.522800611,1.68714897,0 101.522802691,1.687167058,0 101.52283481,1.687203232,0 101.522926992,1.687265626,0 101.522960277,1.687275581,0 101.522980914,1.687276962,0 101.523016863,1.687269703,0 101.523034837,1.687260924,0 101.523070785,1.687227619,0 101.523089849,1.687185145,0 101.523075048,1.68714897,0 101.52302794,1.687112796,0 101.52296294,1.687092272,0 101.522909018,1.687091133,0 101.522873069,1.687098616,0 101.522836739,1.687112796,0 101.522810633,1.687130883,0 101.522800611,1.68714897,0 
					</coordinates>
				</LineString>
			</MultiGeometry>
		</Placemark>
		<Placemark id="ID_00147">
			<name>-20</name>
			<Snippet maxLines="0"></Snippet>
			<description><![CDATA[<html xmlns:fo="http://www.w3.org/1999/XSL/Format" xmlns:msxsl="urn:schemas-microsoft-com:xslt">

<head>

<META http-equiv="Content-Type" content="text/html">

<meta http-equiv="content-type" content="text/html; charset=UTF-8">

</head>

<body style="margin:0px 0px 0px 0px;overflow:auto;background:#FFFFFF;">

<table style="font-family:Arial,Verdana,Times;font-size:12px;text-align:left;width:100%;border-collapse:collapse;padding:3px 3px 3px 3px">

<tr style="text-align:center;font-weight:bold;background:#9CBCE2">

<td>Nautical</td>

</tr>

<tr>

<td>

<table style="font-family:Arial,Verdana,Times;font-size:12px;text-align:left;width:100%;border-spacing:0px; padding:3px 3px 3px 3px">

<tr>

<td>FID</td>

<td>147</td>

</tr>

<tr bgcolor="#D4E4F3">

<td>MAJ_CAT</td>

<td>Nautical</td>

</tr>

<tr>

<td>L_LIMIT</td>

<td>0</td>

</tr>

<tr bgcolor="#D4E4F3">

<td>U_LIMIT</td>

<td>0</td>

</tr>

<tr>

<td>ZORDER</td>

<td>9</td>

</tr>

<tr bgcolor="#D4E4F3">

<td>LAYER</td>

<td>0</td>

</tr>

<tr>

<td>MODE</td>

<td>2T</td>

</tr>

<tr bgcolor="#D4E4F3">

<td>COLOR</td>

<td>0</td>

</tr>

<tr>

<td>WIDTH</td>

<td>0</td>

</tr>

<tr bgcolor="#D4E4F3">

<td>MIN_CAT</td>

<td>1Depth Contours</td>

</tr>

<tr>

<td>RTP_LIMIT</td>

<td>0</td>

</tr>

<tr bgcolor="#D4E4F3">

<td>RTP_COLOR</td>

<td>19</td>

</tr>

<tr>

<td>FONT</td>

<td>020</td>

</tr>

<tr bgcolor="#D4E4F3">

<td>VALUE</td>

<td>20</td>

</tr>

<tr>

<td>TYPE</td>

<td>0</td>

</tr>

<tr bgcolor="#D4E4F3">

<td>Depth</td>

<td>-20</td>

</tr>

</table>

</td>

</tr>

</table>

</body>

</html>]]></description>
			<styleUrl>#LineStyle00</styleUrl>
			<MultiGeometry>
				<LineString>
					<tessellate>1</tessellate>
					<coordinates>
						101.522118154,1.687490905,0 101.522172077,1.687486474,0 101.522225999,1.687454703,0 101.522261948,1.687448608,0 101.522282134,1.687402192,0 101.522286266,1.68734793,0 101.522268756,1.687311756,0 101.522243973,1.68729341,0 101.522154103,1.687275581,0 101.522064232,1.687272976,0 
					</coordinates>
				</LineString>
			</MultiGeometry>
		</Placemark>
		<Placemark id="ID_00148">
			<name>-20</name>
			<Snippet maxLines="0"></Snippet>
			<description><![CDATA[<html xmlns:fo="http://www.w3.org/1999/XSL/Format" xmlns:msxsl="urn:schemas-microsoft-com:xslt">

<head>

<META http-equiv="Content-Type" content="text/html">

<meta http-equiv="content-type" content="text/html; charset=UTF-8">

</head>

<body style="margin:0px 0px 0px 0px;overflow:auto;background:#FFFFFF;">

<table style="font-family:Arial,Verdana,Times;font-size:12px;text-align:left;width:100%;border-collapse:collapse;padding:3px 3px 3px 3px">

<tr style="text-align:center;font-weight:bold;background:#9CBCE2">

<td>Nautical</td>

</tr>

<tr>

<td>

<table style="font-family:Arial,Verdana,Times;font-size:12px;text-align:left;width:100%;border-spacing:0px; padding:3px 3px 3px 3px">

<tr>

<td>FID</td>

<td>148</td>

</tr>

<tr bgcolor="#D4E4F3">

<td>MAJ_CAT</td>

<td>Nautical</td>

</tr>

<tr>

<td>L_LIMIT</td>

<td>0</td>

</tr>

<tr bgcolor="#D4E4F3">

<td>U_LIMIT</td>

<td>0</td>

</tr>

<tr>

<td>ZORDER</td>

<td>9</td>

</tr>

<tr bgcolor="#D4E4F3">

<td>LAYER</td>

<td>0</td>

</tr>

<tr>

<td>MODE</td>

<td>2T</td>

</tr>

<tr bgcolor="#D4E4F3">

<td>COLOR</td>

<td>0</td>

</tr>

<tr>

<td>WIDTH</td>

<td>0</td>

</tr>

<tr bgcolor="#D4E4F3">

<td>MIN_CAT</td>

<td>1Depth Contours</td>

</tr>

<tr>

<td>RTP_LIMIT</td>

<td>0</td>

</tr>

<tr bgcolor="#D4E4F3">

<td>RTP_COLOR</td>

<td>19</td>

</tr>

<tr>

<td>FONT</td>

<td>020</td>

</tr>

<tr bgcolor="#D4E4F3">

<td>VALUE</td>

<td>20</td>

</tr>

<tr>

<td>TYPE</td>

<td>0</td>

</tr>

<tr bgcolor="#D4E4F3">

<td>Depth</td>

<td>-20</td>

</tr>

</table>

</td>

</tr>

</table>

</body>

</html>]]></description>
			<styleUrl>#LineStyle00</styleUrl>
			<MultiGeometry>
				<LineString>
					<tessellate>1</tessellate>
					<coordinates>
						101.532686965,1.693313132,0 101.532722913,1.693313132,0 101.532633042,1.693299362,0 101.53257912,1.693291289,0 101.532525197,1.693292836,0 101.532471275,1.693304508,0 101.532399378,1.693336891,0 101.53223761,1.693437066,0 101.532093817,1.693518657,0 101.532003946,1.693565469,0 101.531914075,1.693604705,0 101.53180623,1.693642287,0 101.531626489,1.693695068,0 101.531410799,1.69376266,0 101.531320928,1.693785008,0 101.531177135,1.693814647,0 101.531105238,1.693833948,0 101.531040375,1.693859333,0 101.530925496,1.693915813,0 101.5308536,1.693945051,0 101.530781703,1.69396521,0 101.53051209,1.694018583,0 101.530425057,1.694040206,0 101.530260452,1.694093755,0 101.530098685,1.694138436,0 101.529882994,1.694213306,0 101.529487563,1.69431519,0 101.529397692,1.694346084,0 101.529253899,1.694401668,0 101.528984286,1.694480683,0 101.528912389,1.694495826,0 101.528732648,1.694520598,0 101.528427087,1.69457604,0 101.528337216,1.69459623,0 101.528157474,1.694642331,0 101.527977733,1.694697375,0 101.527762043,1.694745203,0 101.52770812,1.694761979,0 101.527474456,1.694846595,0 101.527402559,1.694865665,0 101.527312689,1.694881011,0 101.527280969,1.694908393,0 101.527277641,1.694944567,0 
					</coordinates>
				</LineString>
			</MultiGeometry>
		</Placemark>
		<Placemark id="ID_00149">
			<name>-20</name>
			<Snippet maxLines="0"></Snippet>
			<description><![CDATA[<html xmlns:fo="http://www.w3.org/1999/XSL/Format" xmlns:msxsl="urn:schemas-microsoft-com:xslt">

<head>

<META http-equiv="Content-Type" content="text/html">

<meta http-equiv="content-type" content="text/html; charset=UTF-8">

</head>

<body style="margin:0px 0px 0px 0px;overflow:auto;background:#FFFFFF;">

<table style="font-family:Arial,Verdana,Times;font-size:12px;text-align:left;width:100%;border-collapse:collapse;padding:3px 3px 3px 3px">

<tr style="text-align:center;font-weight:bold;background:#9CBCE2">

<td>Nautical</td>

</tr>

<tr>

<td>

<table style="font-family:Arial,Verdana,Times;font-size:12px;text-align:left;width:100%;border-spacing:0px; padding:3px 3px 3px 3px">

<tr>

<td>FID</td>

<td>149</td>

</tr>

<tr bgcolor="#D4E4F3">

<td>MAJ_CAT</td>

<td>Nautical</td>

</tr>

<tr>

<td>L_LIMIT</td>

<td>0</td>

</tr>

<tr bgcolor="#D4E4F3">

<td>U_LIMIT</td>

<td>0</td>

</tr>

<tr>

<td>ZORDER</td>

<td>9</td>

</tr>

<tr bgcolor="#D4E4F3">

<td>LAYER</td>

<td>0</td>

</tr>

<tr>

<td>MODE</td>

<td>2T</td>

</tr>

<tr bgcolor="#D4E4F3">

<td>COLOR</td>

<td>0</td>

</tr>

<tr>

<td>WIDTH</td>

<td>0</td>

</tr>

<tr bgcolor="#D4E4F3">

<td>MIN_CAT</td>

<td>1Depth Contours</td>

</tr>

<tr>

<td>RTP_LIMIT</td>

<td>0</td>

</tr>

<tr bgcolor="#D4E4F3">

<td>RTP_COLOR</td>

<td>19</td>

</tr>

<tr>

<td>FONT</td>

<td>020</td>

</tr>

<tr bgcolor="#D4E4F3">

<td>VALUE</td>

<td>20</td>

</tr>

<tr>

<td>TYPE</td>

<td>0</td>

</tr>

<tr bgcolor="#D4E4F3">

<td>Depth</td>

<td>-20</td>

</tr>

</table>

</td>

</tr>

</table>

</body>

</html>]]></description>
			<styleUrl>#LineStyle00</styleUrl>
			<MultiGeometry>
				<LineString>
					<tessellate>1</tessellate>
					<coordinates>
						101.539409303,1.698947441,0 101.539337407,1.698947441,0 101.539283484,1.698951155,0 101.539229562,1.698959932,0 101.539175639,1.698960647,0 101.539121717,1.698958059,0 101.539013872,1.698945883,0 101.538977923,1.698945591,0 101.538941975,1.698949117,0 101.538906027,1.698957135,0 101.538870078,1.698969935,0 101.538708311,1.699041255,0 101.538582492,1.699080968,0 101.538546543,1.699089649,0 101.538474647,1.699102707,0 101.538420724,1.699108969,0 101.538384776,1.699110297,0 101.538240982,1.699107074,0 101.538205034,1.699108143,0 101.538169086,1.699111978,0 101.538133137,1.699119365,0 101.538061241,1.699142265,0 101.538007318,1.699156284,0 101.537899473,1.699175093,0 101.537809602,1.699202068,0 101.537683783,1.699248783,0 101.53753999,1.699290004,0 101.53747708,1.69930359,0 101.537414171,1.699313828,0 101.537306326,1.699327378,0 101.537252403,1.699338928,0 101.537198481,1.699358242,0 101.537079197,1.699412113,0 101.536982791,1.699442939,0 101.536856971,1.699470781,0 101.536713178,1.699494848,0 101.536623307,1.699515312,0 101.536569385,1.699535667,0 101.536479514,1.699579236,0 101.536443566,1.699591648,0 101.536389643,1.699601423,0 101.536263824,1.699608199,0 101.536191927,1.699617917,0 101.536102056,1.699639441,0 101.535897946,1.699701509,0 101.535796496,1.699724495,0 101.535724599,1.699748846,0 101.535576031,1.699810032,0 101.535275245,1.699898002,0 101.535095503,1.699945163,0 101.534897787,1.700011886,0 101.53484564,1.700027079,0 101.534767175,1.700045166,0 101.534664123,1.700063318,0 101.534574252,1.70007409,0 101.534430459,1.70008637,0 101.534358562,1.700098891,0 101.53430464,1.700117348,0 101.534196795,1.700166004,0 101.534124898,1.700193137,0 101.534053001,1.700215599,0 101.533922607,1.700244126,0 101.53387326,1.700271611,0 101.533867867,1.7002803,0 
					</coordinates>
				</LineString>
			</MultiGeometry>
		</Placemark>
		<Placemark id="ID_00150">
			<name>-10</name>
			<Snippet maxLines="0"></Snippet>
			<description><![CDATA[<html xmlns:fo="http://www.w3.org/1999/XSL/Format" xmlns:msxsl="urn:schemas-microsoft-com:xslt">

<head>

<META http-equiv="Content-Type" content="text/html">

<meta http-equiv="content-type" content="text/html; charset=UTF-8">

</head>

<body style="margin:0px 0px 0px 0px;overflow:auto;background:#FFFFFF;">

<table style="font-family:Arial,Verdana,Times;font-size:12px;text-align:left;width:100%;border-collapse:collapse;padding:3px 3px 3px 3px">

<tr style="text-align:center;font-weight:bold;background:#9CBCE2">

<td>Nautical</td>

</tr>

<tr>

<td>

<table style="font-family:Arial,Verdana,Times;font-size:12px;text-align:left;width:100%;border-spacing:0px; padding:3px 3px 3px 3px">

<tr>

<td>FID</td>

<td>150</td>

</tr>

<tr bgcolor="#D4E4F3">

<td>MAJ_CAT</td>

<td>Nautical</td>

</tr>

<tr>

<td>L_LIMIT</td>

<td>0</td>

</tr>

<tr bgcolor="#D4E4F3">

<td>U_LIMIT</td>

<td>0</td>

</tr>

<tr>

<td>ZORDER</td>

<td>9</td>

</tr>

<tr bgcolor="#D4E4F3">

<td>LAYER</td>

<td>0</td>

</tr>

<tr>

<td>MODE</td>

<td>2T</td>

</tr>

<tr bgcolor="#D4E4F3">

<td>COLOR</td>

<td>0</td>

</tr>

<tr>

<td>WIDTH</td>

<td>0</td>

</tr>

<tr bgcolor="#D4E4F3">

<td>MIN_CAT</td>

<td>1Depth Contours</td>

</tr>

<tr>

<td>RTP_LIMIT</td>

<td>0</td>

</tr>

<tr bgcolor="#D4E4F3">

<td>RTP_COLOR</td>

<td>19</td>

</tr>

<tr>

<td>FONT</td>

<td>020</td>

</tr>

<tr bgcolor="#D4E4F3">

<td>VALUE</td>

<td>10</td>

</tr>

<tr>

<td>TYPE</td>

<td>0</td>

</tr>

<tr bgcolor="#D4E4F3">

<td>Depth</td>

<td>-10</td>

</tr>

</table>

</td>

</tr>

</table>

</body>

</html>]]></description>
			<styleUrl>#LineStyle079</styleUrl>
			<MultiGeometry>
				<LineString>
					<tessellate>1</tessellate>
					<coordinates>
						101.518127889,1.659909595,0 101.518133024,1.659891508,0 101.518127889,1.659886575,0 101.518109915,1.659886575,0 101.518091941,1.659886575,0 
					</coordinates>
				</LineString>
			</MultiGeometry>
		</Placemark>
		<Placemark id="ID_00151">
			<name>-10</name>
			<Snippet maxLines="0"></Snippet>
			<description><![CDATA[<html xmlns:fo="http://www.w3.org/1999/XSL/Format" xmlns:msxsl="urn:schemas-microsoft-com:xslt">

<head>

<META http-equiv="Content-Type" content="text/html">

<meta http-equiv="content-type" content="text/html; charset=UTF-8">

</head>

<body style="margin:0px 0px 0px 0px;overflow:auto;background:#FFFFFF;">

<table style="font-family:Arial,Verdana,Times;font-size:12px;text-align:left;width:100%;border-collapse:collapse;padding:3px 3px 3px 3px">

<tr style="text-align:center;font-weight:bold;background:#9CBCE2">

<td>Nautical</td>

</tr>

<tr>

<td>

<table style="font-family:Arial,Verdana,Times;font-size:12px;text-align:left;width:100%;border-spacing:0px; padding:3px 3px 3px 3px">

<tr>

<td>FID</td>

<td>151</td>

</tr>

<tr bgcolor="#D4E4F3">

<td>MAJ_CAT</td>

<td>Nautical</td>

</tr>

<tr>

<td>L_LIMIT</td>

<td>0</td>

</tr>

<tr bgcolor="#D4E4F3">

<td>U_LIMIT</td>

<td>0</td>

</tr>

<tr>

<td>ZORDER</td>

<td>9</td>

</tr>

<tr bgcolor="#D4E4F3">

<td>LAYER</td>

<td>0</td>

</tr>

<tr>

<td>MODE</td>

<td>2T</td>

</tr>

<tr bgcolor="#D4E4F3">

<td>COLOR</td>

<td>0</td>

</tr>

<tr>

<td>WIDTH</td>

<td>0</td>

</tr>

<tr bgcolor="#D4E4F3">

<td>MIN_CAT</td>

<td>1Depth Contours</td>

</tr>

<tr>

<td>RTP_LIMIT</td>

<td>0</td>

</tr>

<tr bgcolor="#D4E4F3">

<td>RTP_COLOR</td>

<td>19</td>

</tr>

<tr>

<td>FONT</td>

<td>020</td>

</tr>

<tr bgcolor="#D4E4F3">

<td>VALUE</td>

<td>10</td>

</tr>

<tr>

<td>TYPE</td>

<td>0</td>

</tr>

<tr bgcolor="#D4E4F3">

<td>Depth</td>

<td>-10</td>

</tr>

</table>

</td>

</tr>

</table>

</body>

</html>]]></description>
			<styleUrl>#LineStyle079</styleUrl>
			<MultiGeometry>
				<LineString>
					<tessellate>1</tessellate>
					<coordinates>
						101.518109915,1.659909595,0 101.518145863,1.659909595,0 101.518163837,1.659929189,0 101.518181812,1.659930696,0 101.518226747,1.659837246,0 101.518271682,1.659805594,0 101.518307631,1.659745949,0 101.518355301,1.659692548,0 101.518376259,1.659656374,0 101.518396646,1.659584025,0 101.518429855,1.659511676,0 101.518573014,1.659312716,0 101.518639336,1.659186106,0 101.518667114,1.659116771,0 101.518683291,1.659095669,0 101.518703062,1.659080871,0 101.518762975,1.659059495,0 101.518930736,1.65902332,0 101.519044572,1.658990161,0 101.519134442,1.658969059,0 101.519224313,1.658966798,0 101.519314184,1.658981581,0 101.519332158,1.658987146,0 101.519350132,1.658998451,0 101.5193726,1.65902332,0 101.519375297,1.659041408,0 101.519343219,1.659077582,0 101.519313367,1.659131844,0 101.519279734,1.659240367,0 101.519251916,1.659294629,0 101.519224313,1.659327789,0 101.519162221,1.659385065,0 101.519133544,1.65942124,0 101.519111675,1.659493589,0 101.519062546,1.659597591,0 101.519026597,1.659629243,0 101.518936727,1.659666113,0 101.518882804,1.659706462,0 101.518861235,1.659728723,0 101.518771691,1.659873421,0 101.518741578,1.659909595,0 101.518667114,1.659957828,0 101.518613192,1.659978929,0 101.518451424,1.660013945,0 101.518415476,1.660018119,0 101.518379527,1.66001001,0 101.518307631,1.659966872,0 101.518292652,1.659981944,0 101.51827922,1.660054293,0 101.518309509,1.660235165,0 101.518313724,1.660325602,0 101.518308021,1.660397951,0 101.518295235,1.660452212,0 101.518306347,1.660542648,0 101.518289657,1.660560736,0 101.518289257,1.660578823,0 101.518309428,1.660614997,0 101.518325605,1.660620249,0 101.518343579,1.660617581,0 101.518361553,1.660619519,0 101.518397502,1.660639794,0 101.518415476,1.660635063,0 101.51843345,1.660625221,0 101.51845075,1.66059691,0 101.518469398,1.660528817,0 101.51856444,1.660452212,0 101.518591473,1.660397951,0 101.518642721,1.660343689,0 101.518676101,1.660289427,0 101.518736764,1.660217078,0 101.518766971,1.660162816,0 101.518825613,1.660090467,0 101.518882804,1.660041771,0 101.518966683,1.660000031,0 101.519010257,1.659963857,0 101.51905256,1.659891508,0 101.519106483,1.659819159,0 101.519114222,1.659782984,0 101.519108765,1.65974681,0 101.519113901,1.659728723,0 101.519188365,1.659635703,0 101.519242287,1.659629243,0 101.51929621,1.659634031,0 101.519350132,1.659646038,0 101.519376095,1.659656374,0 101.519422029,1.659710636,0 101.519440003,1.659719679,0 101.519457977,1.659723157,0 101.519475952,1.659722694,0 101.5195119,1.65971365,0 101.519556018,1.659692548,0 101.519583797,1.659674461,0 101.519673667,1.65959892,0 101.519745564,1.659554181,0 101.519799487,1.659528941,0 101.519853409,1.659513937,0 101.51994328,1.6595001,0 101.520069099,1.659492865,0 101.520176944,1.659495233,0 101.520230867,1.659480927,0 101.520266815,1.659461936,0 101.520316007,1.65942124,0 101.520414603,1.659294629,0 101.520438098,1.659240367,0 101.520482505,1.659186106,0 101.520506471,1.659168018,0 101.520536427,1.659154996,0 101.520644272,1.6591228,0 101.520662247,1.659113757,0 101.520704935,1.659077582,0 101.520714172,1.659059495,0 101.520752117,1.65902332,0 101.520761105,1.658969059,0 101.520782074,1.658914797,0 101.520824014,1.658889094,0 101.520877937,1.658863927,0 101.520913885,1.658854205,0 101.520967807,1.658849896,0 101.52102173,1.65885666,0 101.521075652,1.658871387,0 101.521093627,1.658878623,0 101.521111601,1.65889671,0 101.521151143,1.658914797,0 101.521213456,1.658932884,0 101.521214953,1.658950972,0 101.521255394,1.658972675,0 101.521273368,1.658987146,0 101.521255394,1.659005233,0 101.521309317,1.65902332,0 101.521282355,1.659041408,0 101.521381213,1.659059495,0 101.521533994,1.659095669,0 101.521722722,1.659109235,0 101.521794619,1.659123496,0 101.52188449,1.659149931,0 101.521992335,1.659163195,0 101.522028283,1.659163496,0 101.522154103,1.65917653,0 101.522225999,1.65918912,0 101.522265216,1.659204193,0 101.52231587,1.659276542,0 101.522373511,1.659403152,0 101.522384958,1.659511676,0 101.522382236,1.659602112,0 101.522360805,1.659692548,0 101.522344628,1.659728723,0 101.522351818,1.65974681,0 101.522333844,1.659754561,0 101.52231587,1.659755032,0 101.522190051,1.659748016,0 101.522154103,1.659754483,0 101.522118154,1.659766028,0 101.522087598,1.659782984,0 101.522064232,1.659803333,0 101.522009848,1.659891508,0 101.521987392,1.659963857,0 101.521975418,1.660036206,0 101.521978212,1.660090467,0 101.521993152,1.660144729,0 101.522010309,1.66016948,0 101.522046258,1.660194469,0 101.522082206,1.660204266,0 101.522118154,1.660202608,0 101.522172077,1.660170925,0 101.522212219,1.660126642,0 101.522284824,1.660000031,0 101.52231924,1.659891508,0 101.522351818,1.65983983,0 101.522369793,1.65982691,0 101.522387767,1.659823681,0 101.522477638,1.659870229,0 101.52253156,1.659884273,0 101.522567508,1.659884474,0 101.522585483,1.659879073,0 101.522621431,1.659856539,0 101.522655667,1.659801072,0 101.522696204,1.659692548,0 101.522795181,1.65954785,0 101.522796943,1.659529763,0 101.522783198,1.659475501,0 101.522713194,1.659439327,0 101.522697112,1.659385065,0 101.522689048,1.659294629,0 101.522694962,1.659276542,0 101.522711302,1.659258455,0 101.522729276,1.659247602,0 101.522788485,1.65922228,0 101.522780854,1.659186106,0 101.522730516,1.659131844,0 101.522723078,1.659095669,0 101.522769884,1.658987146,0 101.522791013,1.658969059,0 101.522819147,1.65895722,0 101.522891043,1.658943501,0 101.52296294,1.658940232,0 101.523016863,1.658942358,0 101.523034837,1.658926855,0 101.523075988,1.658824361,0 101.52308097,1.658752012,0 101.523062157,1.65869775,0 101.523014616,1.658661576,0 101.522988903,1.658625401,0 101.522980016,1.658589227,0 101.522989901,1.658498791,0 101.523021356,1.658462616,0 101.523052811,1.65839705,0 101.523070785,1.658392075,0 101.523088759,1.658400818,0 101.523137649,1.658462616,0 101.52317863,1.658539898,0 101.523193009,1.658553052,0 101.523213295,1.658589227,0 101.523218173,1.658625401,0 101.52323512,1.658661576,0 101.523322423,1.658692039,0 101.523268501,1.658692039,0 
					</coordinates>
				</LineString>
			</MultiGeometry>
		</Placemark>
		<Placemark id="ID_00152">
			<name>-10</name>
			<Snippet maxLines="0"></Snippet>
			<description><![CDATA[<html xmlns:fo="http://www.w3.org/1999/XSL/Format" xmlns:msxsl="urn:schemas-microsoft-com:xslt">

<head>

<META http-equiv="Content-Type" content="text/html">

<meta http-equiv="content-type" content="text/html; charset=UTF-8">

</head>

<body style="margin:0px 0px 0px 0px;overflow:auto;background:#FFFFFF;">

<table style="font-family:Arial,Verdana,Times;font-size:12px;text-align:left;width:100%;border-collapse:collapse;padding:3px 3px 3px 3px">

<tr style="text-align:center;font-weight:bold;background:#9CBCE2">

<td>Nautical</td>

</tr>

<tr>

<td>

<table style="font-family:Arial,Verdana,Times;font-size:12px;text-align:left;width:100%;border-spacing:0px; padding:3px 3px 3px 3px">

<tr>

<td>FID</td>

<td>152</td>

</tr>

<tr bgcolor="#D4E4F3">

<td>MAJ_CAT</td>

<td>Nautical</td>

</tr>

<tr>

<td>L_LIMIT</td>

<td>0</td>

</tr>

<tr bgcolor="#D4E4F3">

<td>U_LIMIT</td>

<td>0</td>

</tr>

<tr>

<td>ZORDER</td>

<td>9</td>

</tr>

<tr bgcolor="#D4E4F3">

<td>LAYER</td>

<td>0</td>

</tr>

<tr>

<td>MODE</td>

<td>2T</td>

</tr>

<tr bgcolor="#D4E4F3">

<td>COLOR</td>

<td>0</td>

</tr>

<tr>

<td>WIDTH</td>

<td>0</td>

</tr>

<tr bgcolor="#D4E4F3">

<td>MIN_CAT</td>

<td>1Depth Contours</td>

</tr>

<tr>

<td>RTP_LIMIT</td>

<td>0</td>

</tr>

<tr bgcolor="#D4E4F3">

<td>RTP_COLOR</td>

<td>19</td>

</tr>

<tr>

<td>FONT</td>

<td>020</td>

</tr>

<tr bgcolor="#D4E4F3">

<td>VALUE</td>

<td>10</td>

</tr>

<tr>

<td>TYPE</td>

<td>0</td>

</tr>

<tr bgcolor="#D4E4F3">

<td>Depth</td>

<td>-10</td>

</tr>

</table>

</td>

</tr>

</table>

</body>

</html>]]></description>
			<styleUrl>#LineStyle079</styleUrl>
			<MultiGeometry>
				<LineString>
					<tessellate>1</tessellate>
					<coordinates>
						101.52253156,1.660656105,0 101.522549534,1.660708825,0 101.522585483,1.660754977,0 101.52274725,1.660838375,0 101.522783198,1.660849345,0 101.522837121,1.660854955,0 101.522944966,1.660845747,0 101.522998888,1.660846047,0 101.523075921,1.660868219,0 101.523086962,1.660886306,0 101.523080589,1.660904393,0 101.523032071,1.660958655,0 101.523009801,1.661031004,0 101.523013867,1.661049091,0 101.523034837,1.661069891,0 101.523070785,1.661078621,0 101.523106733,1.661071938,0 101.523142682,1.661051574,0 101.523161421,1.661031004,0 101.523179058,1.660976742,0 101.523177507,1.66092248,0 101.5231868,1.660886306,0 101.523205591,1.660868219,0 101.523272994,1.660832044,0 101.523304449,1.660806722,0 101.523340398,1.660757111,0 101.523367992,1.660687346,0 101.523397228,1.660560736,0 101.52339432,1.660488387,0 101.523376346,1.660416554,0 101.52334246,1.660361776,0 101.523304449,1.660326768,0 101.523232553,1.660298614,0 101.523196604,1.660292176,0 101.523142682,1.660316558,0 101.523088759,1.660330266,0 101.522855095,1.6603714,0 101.522657379,1.660418955,0 101.522592784,1.660452212,0 101.522549534,1.660498516,0 101.522527151,1.660578823,0 101.52253156,1.660656105,0 
					</coordinates>
				</LineString>
			</MultiGeometry>
		</Placemark>
		<Placemark id="ID_00153">
			<name>-10</name>
			<Snippet maxLines="0"></Snippet>
			<description><![CDATA[<html xmlns:fo="http://www.w3.org/1999/XSL/Format" xmlns:msxsl="urn:schemas-microsoft-com:xslt">

<head>

<META http-equiv="Content-Type" content="text/html">

<meta http-equiv="content-type" content="text/html; charset=UTF-8">

</head>

<body style="margin:0px 0px 0px 0px;overflow:auto;background:#FFFFFF;">

<table style="font-family:Arial,Verdana,Times;font-size:12px;text-align:left;width:100%;border-collapse:collapse;padding:3px 3px 3px 3px">

<tr style="text-align:center;font-weight:bold;background:#9CBCE2">

<td>Nautical</td>

</tr>

<tr>

<td>

<table style="font-family:Arial,Verdana,Times;font-size:12px;text-align:left;width:100%;border-spacing:0px; padding:3px 3px 3px 3px">

<tr>

<td>FID</td>

<td>153</td>

</tr>

<tr bgcolor="#D4E4F3">

<td>MAJ_CAT</td>

<td>Nautical</td>

</tr>

<tr>

<td>L_LIMIT</td>

<td>0</td>

</tr>

<tr bgcolor="#D4E4F3">

<td>U_LIMIT</td>

<td>0</td>

</tr>

<tr>

<td>ZORDER</td>

<td>9</td>

</tr>

<tr bgcolor="#D4E4F3">

<td>LAYER</td>

<td>0</td>

</tr>

<tr>

<td>MODE</td>

<td>2T</td>

</tr>

<tr bgcolor="#D4E4F3">

<td>COLOR</td>

<td>0</td>

</tr>

<tr>

<td>WIDTH</td>

<td>0</td>

</tr>

<tr bgcolor="#D4E4F3">

<td>MIN_CAT</td>

<td>1Depth Contours</td>

</tr>

<tr>

<td>RTP_LIMIT</td>

<td>0</td>

</tr>

<tr bgcolor="#D4E4F3">

<td>RTP_COLOR</td>

<td>19</td>

</tr>

<tr>

<td>FONT</td>

<td>020</td>

</tr>

<tr bgcolor="#D4E4F3">

<td>VALUE</td>

<td>10</td>

</tr>

<tr>

<td>TYPE</td>

<td>0</td>

</tr>

<tr bgcolor="#D4E4F3">

<td>Depth</td>

<td>-10</td>

</tr>

</table>

</td>

</tr>

</table>

</body>

</html>]]></description>
			<styleUrl>#LineStyle079</styleUrl>
			<MultiGeometry>
				<LineString>
					<tessellate>1</tessellate>
					<coordinates>
						101.523735829,1.662173904,0 101.523681907,1.662173904,0 101.523627984,1.662194074,0 101.523556088,1.662208081,0 101.523520139,1.662236272,0 101.523484191,1.662250513,0 101.523376346,1.662271386,0 101.523232553,1.662291375,0 101.52315114,1.662315198,0 101.523088759,1.662360892,0 101.522985062,1.662477983,0 101.522891043,1.66256661,0 101.522803538,1.662676942,0 101.522774684,1.662731204,0 101.522783198,1.662754944,0 101.522802806,1.662767379,0 101.522837121,1.662776898,0 101.523052811,1.66277077,0 101.523214578,1.662774204,0 101.52325744,1.662785466,0 101.523296154,1.662803553,0 101.52331793,1.66282164,0 101.523301684,1.662839727,0 101.523332409,1.662875902,0 101.52339432,1.662885577,0 101.523538113,1.662889137,0 101.523645958,1.662927018,0 101.523771778,1.66298484,0 101.523843674,1.66298484,0 
					</coordinates>
				</LineString>
			</MultiGeometry>
		</Placemark>
		<Placemark id="ID_00154">
			<name>-10</name>
			<Snippet maxLines="0"></Snippet>
			<description><![CDATA[<html xmlns:fo="http://www.w3.org/1999/XSL/Format" xmlns:msxsl="urn:schemas-microsoft-com:xslt">

<head>

<META http-equiv="Content-Type" content="text/html">

<meta http-equiv="content-type" content="text/html; charset=UTF-8">

</head>

<body style="margin:0px 0px 0px 0px;overflow:auto;background:#FFFFFF;">

<table style="font-family:Arial,Verdana,Times;font-size:12px;text-align:left;width:100%;border-collapse:collapse;padding:3px 3px 3px 3px">

<tr style="text-align:center;font-weight:bold;background:#9CBCE2">

<td>Nautical</td>

</tr>

<tr>

<td>

<table style="font-family:Arial,Verdana,Times;font-size:12px;text-align:left;width:100%;border-spacing:0px; padding:3px 3px 3px 3px">

<tr>

<td>FID</td>

<td>154</td>

</tr>

<tr bgcolor="#D4E4F3">

<td>MAJ_CAT</td>

<td>Nautical</td>

</tr>

<tr>

<td>L_LIMIT</td>

<td>0</td>

</tr>

<tr bgcolor="#D4E4F3">

<td>U_LIMIT</td>

<td>0</td>

</tr>

<tr>

<td>ZORDER</td>

<td>9</td>

</tr>

<tr bgcolor="#D4E4F3">

<td>LAYER</td>

<td>0</td>

</tr>

<tr>

<td>MODE</td>

<td>2T</td>

</tr>

<tr bgcolor="#D4E4F3">

<td>COLOR</td>

<td>0</td>

</tr>

<tr>

<td>WIDTH</td>

<td>0</td>

</tr>

<tr bgcolor="#D4E4F3">

<td>MIN_CAT</td>

<td>1Depth Contours</td>

</tr>

<tr>

<td>RTP_LIMIT</td>

<td>0</td>

</tr>

<tr bgcolor="#D4E4F3">

<td>RTP_COLOR</td>

<td>19</td>

</tr>

<tr>

<td>FONT</td>

<td>020</td>

</tr>

<tr bgcolor="#D4E4F3">

<td>VALUE</td>

<td>10</td>

</tr>

<tr>

<td>TYPE</td>

<td>0</td>

</tr>

<tr bgcolor="#D4E4F3">

<td>Depth</td>

<td>-10</td>

</tr>

</table>

</td>

</tr>

</table>

</body>

</html>]]></description>
			<styleUrl>#LineStyle079</styleUrl>
			<MultiGeometry>
				<LineString>
					<tessellate>1</tessellate>
					<coordinates>
						101.522046258,1.663111858,0 101.522064232,1.663117819,0 101.522082206,1.663116824,0 101.52210018,1.663109906,0 101.522118154,1.663093901,0 101.522130511,1.663056774,0 101.522118154,1.663043511,0 101.52210018,1.663037865,0 101.522082206,1.663039692,0 101.522055245,1.663056774,0 101.522040582,1.663092949,0 101.522046258,1.663111858,0 
					</coordinates>
				</LineString>
			</MultiGeometry>
		</Placemark>
		<Placemark id="ID_00155">
			<name>-10</name>
			<Snippet maxLines="0"></Snippet>
			<description><![CDATA[<html xmlns:fo="http://www.w3.org/1999/XSL/Format" xmlns:msxsl="urn:schemas-microsoft-com:xslt">

<head>

<META http-equiv="Content-Type" content="text/html">

<meta http-equiv="content-type" content="text/html; charset=UTF-8">

</head>

<body style="margin:0px 0px 0px 0px;overflow:auto;background:#FFFFFF;">

<table style="font-family:Arial,Verdana,Times;font-size:12px;text-align:left;width:100%;border-collapse:collapse;padding:3px 3px 3px 3px">

<tr style="text-align:center;font-weight:bold;background:#9CBCE2">

<td>Nautical</td>

</tr>

<tr>

<td>

<table style="font-family:Arial,Verdana,Times;font-size:12px;text-align:left;width:100%;border-spacing:0px; padding:3px 3px 3px 3px">

<tr>

<td>FID</td>

<td>155</td>

</tr>

<tr bgcolor="#D4E4F3">

<td>MAJ_CAT</td>

<td>Nautical</td>

</tr>

<tr>

<td>L_LIMIT</td>

<td>0</td>

</tr>

<tr bgcolor="#D4E4F3">

<td>U_LIMIT</td>

<td>0</td>

</tr>

<tr>

<td>ZORDER</td>

<td>9</td>

</tr>

<tr bgcolor="#D4E4F3">

<td>LAYER</td>

<td>0</td>

</tr>

<tr>

<td>MODE</td>

<td>2T</td>

</tr>

<tr bgcolor="#D4E4F3">

<td>COLOR</td>

<td>0</td>

</tr>

<tr>

<td>WIDTH</td>

<td>0</td>

</tr>

<tr bgcolor="#D4E4F3">

<td>MIN_CAT</td>

<td>1Depth Contours</td>

</tr>

<tr>

<td>RTP_LIMIT</td>

<td>0</td>

</tr>

<tr bgcolor="#D4E4F3">

<td>RTP_COLOR</td>

<td>19</td>

</tr>

<tr>

<td>FONT</td>

<td>020</td>

</tr>

<tr bgcolor="#D4E4F3">

<td>VALUE</td>

<td>10</td>

</tr>

<tr>

<td>TYPE</td>

<td>0</td>

</tr>

<tr bgcolor="#D4E4F3">

<td>Depth</td>

<td>-10</td>

</tr>

</table>

</td>

</tr>

</table>

</body>

</html>]]></description>
			<styleUrl>#LineStyle079</styleUrl>
			<MultiGeometry>
				<LineString>
					<tessellate>1</tessellate>
					<coordinates>
						101.518613192,1.663106514,0 101.518631166,1.663125678,0 101.51864914,1.663135152,0 101.518685088,1.663145703,0 101.518721037,1.663149056,0 101.518828882,1.663142689,0 101.518990649,1.663114606,0 101.51908052,1.663086767,0 101.519196295,1.663038687,0 101.519242287,1.663024416,0 101.519401736,1.662984425,0 101.519619745,1.662938356,0 101.519745564,1.662904819,0 101.519979228,1.662828466,0 101.520105047,1.66277002,0 101.520156682,1.662731204,0 101.520194918,1.662687145,0 101.520213631,1.662640768,0 101.520213123,1.662586506,0 101.520176944,1.662503148,0 101.520122229,1.662423721,0 101.520066485,1.662369459,0 101.520033151,1.66234377,0 101.519997202,1.662324473,0 101.519961254,1.662317431,0 101.51994328,1.662317845,0 101.519889357,1.662333285,0 101.519781512,1.662415219,0 101.51972759,1.66244912,0 101.519547848,1.662538312,0 101.519305298,1.662676942,0 101.51908052,1.662794992,0 101.518990649,1.662828902,0 101.518810907,1.662877853,0 101.518723951,1.662912076,0 101.518691237,1.662930164,0 101.518646775,1.662966338,0 101.518619183,1.6630206,0 101.518604514,1.663074862,0 101.518613192,1.663106514,0 
					</coordinates>
				</LineString>
			</MultiGeometry>
		</Placemark>
		<Placemark id="ID_00156">
			<name>-10</name>
			<Snippet maxLines="0"></Snippet>
			<description><![CDATA[<html xmlns:fo="http://www.w3.org/1999/XSL/Format" xmlns:msxsl="urn:schemas-microsoft-com:xslt">

<head>

<META http-equiv="Content-Type" content="text/html">

<meta http-equiv="content-type" content="text/html; charset=UTF-8">

</head>

<body style="margin:0px 0px 0px 0px;overflow:auto;background:#FFFFFF;">

<table style="font-family:Arial,Verdana,Times;font-size:12px;text-align:left;width:100%;border-collapse:collapse;padding:3px 3px 3px 3px">

<tr style="text-align:center;font-weight:bold;background:#9CBCE2">

<td>Nautical</td>

</tr>

<tr>

<td>

<table style="font-family:Arial,Verdana,Times;font-size:12px;text-align:left;width:100%;border-spacing:0px; padding:3px 3px 3px 3px">

<tr>

<td>FID</td>

<td>156</td>

</tr>

<tr bgcolor="#D4E4F3">

<td>MAJ_CAT</td>

<td>Nautical</td>

</tr>

<tr>

<td>L_LIMIT</td>

<td>0</td>

</tr>

<tr bgcolor="#D4E4F3">

<td>U_LIMIT</td>

<td>0</td>

</tr>

<tr>

<td>ZORDER</td>

<td>9</td>

</tr>

<tr bgcolor="#D4E4F3">

<td>LAYER</td>

<td>0</td>

</tr>

<tr>

<td>MODE</td>

<td>2T</td>

</tr>

<tr bgcolor="#D4E4F3">

<td>COLOR</td>

<td>0</td>

</tr>

<tr>

<td>WIDTH</td>

<td>0</td>

</tr>

<tr bgcolor="#D4E4F3">

<td>MIN_CAT</td>

<td>1Depth Contours</td>

</tr>

<tr>

<td>RTP_LIMIT</td>

<td>0</td>

</tr>

<tr bgcolor="#D4E4F3">

<td>RTP_COLOR</td>

<td>19</td>

</tr>

<tr>

<td>FONT</td>

<td>020</td>

</tr>

<tr bgcolor="#D4E4F3">

<td>VALUE</td>

<td>10</td>

</tr>

<tr>

<td>TYPE</td>

<td>0</td>

</tr>

<tr bgcolor="#D4E4F3">

<td>Depth</td>

<td>-10</td>

</tr>

</table>

</td>

</tr>

</table>

</body>

</html>]]></description>
			<styleUrl>#LineStyle079</styleUrl>
			<MultiGeometry>
				<LineString>
					<tessellate>1</tessellate>
					<coordinates>
						101.521381213,1.663640454,0 101.521399187,1.663650709,0 101.521435136,1.663656719,0 101.521471084,1.66365397,0 101.521507032,1.663642659,0 101.521538079,1.663617479,0 101.521541296,1.663599391,0 101.521525007,1.663579797,0 101.521489058,1.663570452,0 101.52145311,1.663573294,0 101.521423902,1.663581304,0 101.521392092,1.663599391,0 101.521376271,1.663617479,0 101.521381213,1.663640454,0 
					</coordinates>
				</LineString>
			</MultiGeometry>
		</Placemark>
		<Placemark id="ID_00157">
			<name>-10</name>
			<Snippet maxLines="0"></Snippet>
			<description><![CDATA[<html xmlns:fo="http://www.w3.org/1999/XSL/Format" xmlns:msxsl="urn:schemas-microsoft-com:xslt">

<head>

<META http-equiv="Content-Type" content="text/html">

<meta http-equiv="content-type" content="text/html; charset=UTF-8">

</head>

<body style="margin:0px 0px 0px 0px;overflow:auto;background:#FFFFFF;">

<table style="font-family:Arial,Verdana,Times;font-size:12px;text-align:left;width:100%;border-collapse:collapse;padding:3px 3px 3px 3px">

<tr style="text-align:center;font-weight:bold;background:#9CBCE2">

<td>Nautical</td>

</tr>

<tr>

<td>

<table style="font-family:Arial,Verdana,Times;font-size:12px;text-align:left;width:100%;border-spacing:0px; padding:3px 3px 3px 3px">

<tr>

<td>FID</td>

<td>157</td>

</tr>

<tr bgcolor="#D4E4F3">

<td>MAJ_CAT</td>

<td>Nautical</td>

</tr>

<tr>

<td>L_LIMIT</td>

<td>0</td>

</tr>

<tr bgcolor="#D4E4F3">

<td>U_LIMIT</td>

<td>0</td>

</tr>

<tr>

<td>ZORDER</td>

<td>9</td>

</tr>

<tr bgcolor="#D4E4F3">

<td>LAYER</td>

<td>0</td>

</tr>

<tr>

<td>MODE</td>

<td>2T</td>

</tr>

<tr bgcolor="#D4E4F3">

<td>COLOR</td>

<td>0</td>

</tr>

<tr>

<td>WIDTH</td>

<td>0</td>

</tr>

<tr bgcolor="#D4E4F3">

<td>MIN_CAT</td>

<td>1Depth Contours</td>

</tr>

<tr>

<td>RTP_LIMIT</td>

<td>0</td>

</tr>

<tr bgcolor="#D4E4F3">

<td>RTP_COLOR</td>

<td>19</td>

</tr>

<tr>

<td>FONT</td>

<td>020</td>

</tr>

<tr bgcolor="#D4E4F3">

<td>VALUE</td>

<td>10</td>

</tr>

<tr>

<td>TYPE</td>

<td>0</td>

</tr>

<tr bgcolor="#D4E4F3">

<td>Depth</td>

<td>-10</td>

</tr>

</table>

</td>

</tr>

</table>

</body>

</html>]]></description>
			<styleUrl>#LineStyle079</styleUrl>
			<MultiGeometry>
				<LineString>
					<tessellate>1</tessellate>
					<coordinates>
						101.523268501,1.665783425,0 101.523304449,1.665795644,0 101.523376346,1.665786597,0 101.523418286,1.66576986,0 101.523458417,1.665733685,0 101.523480523,1.665697511,0 101.523486331,1.665661336,0 101.52346797,1.665625162,0 101.523430268,1.665594907,0 101.52339432,1.66558686,0 101.523358372,1.665589305,0 101.523322423,1.665603944,0 101.523296089,1.665625162,0 101.523274492,1.665661336,0 101.52325502,1.665733685,0 101.523259514,1.66576986,0 101.523268501,1.665783425,0 
					</coordinates>
				</LineString>
			</MultiGeometry>
		</Placemark>
		<Placemark id="ID_00158">
			<name>-10</name>
			<Snippet maxLines="0"></Snippet>
			<description><![CDATA[<html xmlns:fo="http://www.w3.org/1999/XSL/Format" xmlns:msxsl="urn:schemas-microsoft-com:xslt">

<head>

<META http-equiv="Content-Type" content="text/html">

<meta http-equiv="content-type" content="text/html; charset=UTF-8">

</head>

<body style="margin:0px 0px 0px 0px;overflow:auto;background:#FFFFFF;">

<table style="font-family:Arial,Verdana,Times;font-size:12px;text-align:left;width:100%;border-collapse:collapse;padding:3px 3px 3px 3px">

<tr style="text-align:center;font-weight:bold;background:#9CBCE2">

<td>Nautical</td>

</tr>

<tr>

<td>

<table style="font-family:Arial,Verdana,Times;font-size:12px;text-align:left;width:100%;border-spacing:0px; padding:3px 3px 3px 3px">

<tr>

<td>FID</td>

<td>158</td>

</tr>

<tr bgcolor="#D4E4F3">

<td>MAJ_CAT</td>

<td>Nautical</td>

</tr>

<tr>

<td>L_LIMIT</td>

<td>0</td>

</tr>

<tr bgcolor="#D4E4F3">

<td>U_LIMIT</td>

<td>0</td>

</tr>

<tr>

<td>ZORDER</td>

<td>9</td>

</tr>

<tr bgcolor="#D4E4F3">

<td>LAYER</td>

<td>0</td>

</tr>

<tr>

<td>MODE</td>

<td>2T</td>

</tr>

<tr bgcolor="#D4E4F3">

<td>COLOR</td>

<td>0</td>

</tr>

<tr>

<td>WIDTH</td>

<td>0</td>

</tr>

<tr bgcolor="#D4E4F3">

<td>MIN_CAT</td>

<td>1Depth Contours</td>

</tr>

<tr>

<td>RTP_LIMIT</td>

<td>0</td>

</tr>

<tr bgcolor="#D4E4F3">

<td>RTP_COLOR</td>

<td>19</td>

</tr>

<tr>

<td>FONT</td>

<td>020</td>

</tr>

<tr bgcolor="#D4E4F3">

<td>VALUE</td>

<td>10</td>

</tr>

<tr>

<td>TYPE</td>

<td>0</td>

</tr>

<tr bgcolor="#D4E4F3">

<td>Depth</td>

<td>-10</td>

</tr>

</table>

</td>

</tr>

</table>

</body>

</html>]]></description>
			<styleUrl>#LineStyle079</styleUrl>
			<MultiGeometry>
				<LineString>
					<tessellate>1</tessellate>
					<coordinates>
						101.523843674,1.663168738,0 101.523807726,1.663168738,0 101.523789752,1.663174801,0 101.523753803,1.663226988,0 101.523717855,1.663255734,0 101.523681907,1.663312256,0 101.523663933,1.663324126,0 101.523645958,1.663323776,0 101.523538113,1.663281626,0 101.523412294,1.663262575,0 101.523304449,1.663258464,0 101.523142682,1.663261519,0 101.523088759,1.663266498,0 101.523034837,1.66327843,0 101.522998888,1.663291309,0 101.52296294,1.663311324,0 101.522819147,1.663421941,0 101.522649019,1.663508955,0 101.522369793,1.663716192,0 101.522329579,1.663762177,0 101.522260262,1.663888787,0 101.522225999,1.663932826,0 101.522104328,1.664015398,0 101.52197746,1.664123921,0 101.521949064,1.664160096,0 101.521931379,1.66419627,0 101.521907153,1.664268619,0 101.521848013,1.664340968,0 101.521791811,1.664431404,0 101.521760326,1.66452184,0 101.521741182,1.664558015,0 101.521706802,1.664594189,0 101.521650826,1.664625404,0 101.521578929,1.664646239,0 101.521489058,1.664655914,0 101.521327291,1.664652069,0 101.521291342,1.664643929,0 101.521271629,1.664630364,0 101.521262584,1.664594189,0 101.521294734,1.66452184,0 101.521435136,1.664363075,0 101.521499329,1.664268619,0 101.521514344,1.664232445,0 101.521512459,1.664214357,0 101.521477528,1.664178183,0 101.521417162,1.664147234,0 101.521345265,1.664126312,0 101.521273368,1.664112652,0 101.521201472,1.66410971,0 101.521129575,1.664118555,0 101.521075652,1.664136356,0 101.521012657,1.664178183,0 101.520936432,1.664268619,0 101.520895911,1.664305214,0 101.520859962,1.664326876,0 101.520734143,1.664383172,0 101.520698195,1.664406629,0 101.520662775,1.664449492,0 101.520624778,1.664539928,0 101.520590017,1.664594189,0 101.520554402,1.66463157,0 101.520446557,1.664716048,0 101.520394785,1.664775062,0 101.520356038,1.664865498,0 101.520342563,1.664974021,0 101.520319791,1.66504637,0 101.520338712,1.665071035,0 101.52037466,1.66508591,0 101.520464531,1.665091833,0 101.520644272,1.665072945,0 101.520716169,1.66505887,0 101.52080604,1.665032279,0 101.520859962,1.665027794,0 101.520877937,1.665032262,0 101.520895911,1.665043724,0 101.520909303,1.665064458,0 101.520914145,1.665082545,0 101.520905257,1.665118719,0 101.520787753,1.665263417,0 101.520680221,1.665350909,0 101.520608324,1.66538944,0 101.520484824,1.665426202,0 101.520446557,1.665442029,0 101.52039033,1.665480464,0 101.52036792,1.665516638,0 101.520363599,1.665643249,0 101.520356087,1.665679424,0 101.520320737,1.665751225,0 101.520234861,1.665860296,0 101.520202184,1.665914558,0 101.520142174,1.666113517,0 101.520116077,1.666167779,0 101.520101453,1.666185866,0 101.520069099,1.666209065,0 101.51994328,1.666252014,0 101.51988786,1.666276302,0 101.51972759,1.66637729,0 101.519692587,1.666402913,0 101.519661085,1.666439088,0 101.519645808,1.666475262,0 101.519646706,1.666493349,0 101.519671808,1.666547611,0 101.51970132,1.666583785,0 101.519753473,1.66661996,0 101.519883827,1.666692309,0 101.519961254,1.666723276,0 101.520069099,1.666751666,0 101.520140996,1.66676157,0 101.520212892,1.66676174,0 101.520428582,1.666734466,0 101.520536427,1.666707304,0 101.520644272,1.66666324,0 101.521003756,1.666495253,0 101.521075652,1.666466715,0 101.521129575,1.666451347,0 101.52123742,1.666436882,0 101.521345265,1.666438805,0 101.52145311,1.666450445,0 101.521542981,1.666448864,0 101.521722722,1.66640765,0 101.521830567,1.666374186,0 101.52188449,1.666338386,0 101.521974361,1.666248086,0 101.522055534,1.666185866,0 101.522115524,1.666131605,0 101.52230024,1.665842209,0 101.52231587,1.665806034,0 101.522315341,1.665787947,0 101.522293402,1.665715598,0 101.522290193,1.665679424,0 101.522298538,1.665625162,0 101.522310292,1.665607075,0 101.522360516,1.6655709,0 101.522549534,1.665459251,0 101.522630728,1.665426202,0 101.522765224,1.665387961,0 101.522855095,1.665355576,0 101.522926992,1.665319323,0 101.522980914,1.665284696,0 101.523088759,1.665172449,0 101.523124708,1.665105565,0 101.52315232,1.665028283,0 101.52317863,1.664991492,0 101.523195237,1.664974021,0 101.523250527,1.66493908,0 101.523268501,1.664933506,0 101.52333604,1.664883585,0 101.523409137,1.664811236,0 101.523484191,1.664704521,0 101.523531288,1.664648451,0 101.523588579,1.664594189,0 101.523717855,1.66449831,0 101.523753803,1.664480426,0 101.523789752,1.664471196,0 101.5238257,1.664468188,0 101.523861648,1.664451559,0 101.523933545,1.664457195,0 101.524023416,1.664457188,0 
					</coordinates>
				</LineString>
			</MultiGeometry>
		</Placemark>
		<Placemark id="ID_00159">
			<name>-10</name>
			<Snippet maxLines="0"></Snippet>
			<description><![CDATA[<html xmlns:fo="http://www.w3.org/1999/XSL/Format" xmlns:msxsl="urn:schemas-microsoft-com:xslt">

<head>

<META http-equiv="Content-Type" content="text/html">

<meta http-equiv="content-type" content="text/html; charset=UTF-8">

</head>

<body style="margin:0px 0px 0px 0px;overflow:auto;background:#FFFFFF;">

<table style="font-family:Arial,Verdana,Times;font-size:12px;text-align:left;width:100%;border-collapse:collapse;padding:3px 3px 3px 3px">

<tr style="text-align:center;font-weight:bold;background:#9CBCE2">

<td>Nautical</td>

</tr>

<tr>

<td>

<table style="font-family:Arial,Verdana,Times;font-size:12px;text-align:left;width:100%;border-spacing:0px; padding:3px 3px 3px 3px">

<tr>

<td>FID</td>

<td>159</td>

</tr>

<tr bgcolor="#D4E4F3">

<td>MAJ_CAT</td>

<td>Nautical</td>

</tr>

<tr>

<td>L_LIMIT</td>

<td>0</td>

</tr>

<tr bgcolor="#D4E4F3">

<td>U_LIMIT</td>

<td>0</td>

</tr>

<tr>

<td>ZORDER</td>

<td>9</td>

</tr>

<tr bgcolor="#D4E4F3">

<td>LAYER</td>

<td>0</td>

</tr>

<tr>

<td>MODE</td>

<td>2T</td>

</tr>

<tr bgcolor="#D4E4F3">

<td>COLOR</td>

<td>0</td>

</tr>

<tr>

<td>WIDTH</td>

<td>0</td>

</tr>

<tr bgcolor="#D4E4F3">

<td>MIN_CAT</td>

<td>1Depth Contours</td>

</tr>

<tr>

<td>RTP_LIMIT</td>

<td>0</td>

</tr>

<tr bgcolor="#D4E4F3">

<td>RTP_COLOR</td>

<td>19</td>

</tr>

<tr>

<td>FONT</td>

<td>020</td>

</tr>

<tr bgcolor="#D4E4F3">

<td>VALUE</td>

<td>10</td>

</tr>

<tr>

<td>TYPE</td>

<td>0</td>

</tr>

<tr bgcolor="#D4E4F3">

<td>Depth</td>

<td>-10</td>

</tr>

</table>

</td>

</tr>

</table>

</body>

</html>]]></description>
			<styleUrl>#LineStyle079</styleUrl>
			<MultiGeometry>
				<LineString>
					<tessellate>1</tessellate>
					<coordinates>
						101.521327291,1.666928138,0 101.521345265,1.666963617,0 101.521381213,1.66698963,0 101.521435136,1.667012559,0 101.52156264,1.667054054,0 101.521592674,1.667072141,0 101.521598643,1.667090228,0 101.521586918,1.667126402,0 101.52151515,1.667198751,0 101.521492428,1.667253013,0 101.521493252,1.6672711,0 101.521530477,1.667343449,0 101.521542981,1.667385653,0 101.521560955,1.667419415,0 101.521578929,1.667433885,0 101.521650826,1.667438059,0 101.521686774,1.667434949,0 101.521830567,1.667397711,0 101.521920438,1.6673837,0 101.522118154,1.6673809,0 101.522225999,1.667370169,0 101.522352817,1.667343449,0 101.522410734,1.667325362,0 101.522450676,1.667307275,0 101.522477638,1.667287284,0 101.522498608,1.667253013,0 101.522496943,1.667216839,0 101.522467065,1.667162577,0 101.522463064,1.667108315,0 101.522479884,1.667017879,0 101.522502801,1.666981705,0 101.522641159,1.666818919,0 101.522923324,1.66661996,0 101.523070785,1.666497444,0 101.523152726,1.666402913,0 101.523216764,1.66629439,0 101.523231525,1.666222041,0 101.523212259,1.666167779,0 101.523160656,1.666110027,0 101.523032269,1.666004994,0 101.523024053,1.665986907,0 101.523070785,1.665955254,0 101.523106733,1.665916819,0 101.523106733,1.665874992,0 101.523088759,1.665863914,0 101.523052811,1.665859004,0 101.523016863,1.665862424,0 101.522973561,1.665878383,0 101.522953953,1.66589647,0 101.522941371,1.665932645,0 101.52294875,1.665950732,0 101.522980914,1.665986907,0 101.522959944,1.666004994,0 101.522926992,1.666021272,0 101.522783198,1.66605092,0 101.522729276,1.66606773,0 101.522657379,1.666100071,0 101.522567508,1.66615441,0 101.522513586,1.666175896,0 101.522441689,1.666192359,0 101.522279922,1.666214521,0 101.522225999,1.666237175,0 101.522200659,1.666276302,0 101.522179357,1.666348651,0 101.522162959,1.666366739,0 101.522098288,1.666402913,0 101.521992335,1.666434768,0 101.521956387,1.666451831,0 101.521920438,1.666478508,0 101.521852393,1.666547611,0 101.521820031,1.666565698,0 101.521704748,1.666583785,0 101.521650826,1.666605336,0 101.521614877,1.666638975,0 101.521580379,1.666692309,0 101.521560366,1.666710396,0 101.521399187,1.666796707,0 101.521369445,1.666818919,0 101.521343327,1.666855094,0 101.521327291,1.666928138,0 
					</coordinates>
				</LineString>
			</MultiGeometry>
		</Placemark>
		<Placemark id="ID_00160">
			<name>-10</name>
			<Snippet maxLines="0"></Snippet>
			<description><![CDATA[<html xmlns:fo="http://www.w3.org/1999/XSL/Format" xmlns:msxsl="urn:schemas-microsoft-com:xslt">

<head>

<META http-equiv="Content-Type" content="text/html">

<meta http-equiv="content-type" content="text/html; charset=UTF-8">

</head>

<body style="margin:0px 0px 0px 0px;overflow:auto;background:#FFFFFF;">

<table style="font-family:Arial,Verdana,Times;font-size:12px;text-align:left;width:100%;border-collapse:collapse;padding:3px 3px 3px 3px">

<tr style="text-align:center;font-weight:bold;background:#9CBCE2">

<td>Nautical</td>

</tr>

<tr>

<td>

<table style="font-family:Arial,Verdana,Times;font-size:12px;text-align:left;width:100%;border-spacing:0px; padding:3px 3px 3px 3px">

<tr>

<td>FID</td>

<td>160</td>

</tr>

<tr bgcolor="#D4E4F3">

<td>MAJ_CAT</td>

<td>Nautical</td>

</tr>

<tr>

<td>L_LIMIT</td>

<td>0</td>

</tr>

<tr bgcolor="#D4E4F3">

<td>U_LIMIT</td>

<td>0</td>

</tr>

<tr>

<td>ZORDER</td>

<td>9</td>

</tr>

<tr bgcolor="#D4E4F3">

<td>LAYER</td>

<td>0</td>

</tr>

<tr>

<td>MODE</td>

<td>2T</td>

</tr>

<tr bgcolor="#D4E4F3">

<td>COLOR</td>

<td>0</td>

</tr>

<tr>

<td>WIDTH</td>

<td>0</td>

</tr>

<tr bgcolor="#D4E4F3">

<td>MIN_CAT</td>

<td>1Depth Contours</td>

</tr>

<tr>

<td>RTP_LIMIT</td>

<td>0</td>

</tr>

<tr bgcolor="#D4E4F3">

<td>RTP_COLOR</td>

<td>19</td>

</tr>

<tr>

<td>FONT</td>

<td>020</td>

</tr>

<tr bgcolor="#D4E4F3">

<td>VALUE</td>

<td>10</td>

</tr>

<tr>

<td>TYPE</td>

<td>0</td>

</tr>

<tr bgcolor="#D4E4F3">

<td>Depth</td>

<td>-10</td>

</tr>

</table>

</td>

</tr>

</table>

</body>

</html>]]></description>
			<styleUrl>#LineStyle079</styleUrl>
			<MultiGeometry>
				<LineString>
					<tessellate>1</tessellate>
					<coordinates>
						101.521255394,1.667542409,0 101.521273368,1.66755507,0 101.521309317,1.667542409,0 101.521354252,1.667506234,0 101.521345265,1.667497191,0 101.521273368,1.66750322,0 101.521257391,1.667524322,0 101.521255394,1.667542409,0 
					</coordinates>
				</LineString>
			</MultiGeometry>
		</Placemark>
		<Placemark id="ID_00161">
			<name>-10</name>
			<Snippet maxLines="0"></Snippet>
			<description><![CDATA[<html xmlns:fo="http://www.w3.org/1999/XSL/Format" xmlns:msxsl="urn:schemas-microsoft-com:xslt">

<head>

<META http-equiv="Content-Type" content="text/html">

<meta http-equiv="content-type" content="text/html; charset=UTF-8">

</head>

<body style="margin:0px 0px 0px 0px;overflow:auto;background:#FFFFFF;">

<table style="font-family:Arial,Verdana,Times;font-size:12px;text-align:left;width:100%;border-collapse:collapse;padding:3px 3px 3px 3px">

<tr style="text-align:center;font-weight:bold;background:#9CBCE2">

<td>Nautical</td>

</tr>

<tr>

<td>

<table style="font-family:Arial,Verdana,Times;font-size:12px;text-align:left;width:100%;border-spacing:0px; padding:3px 3px 3px 3px">

<tr>

<td>FID</td>

<td>161</td>

</tr>

<tr bgcolor="#D4E4F3">

<td>MAJ_CAT</td>

<td>Nautical</td>

</tr>

<tr>

<td>L_LIMIT</td>

<td>0</td>

</tr>

<tr bgcolor="#D4E4F3">

<td>U_LIMIT</td>

<td>0</td>

</tr>

<tr>

<td>ZORDER</td>

<td>9</td>

</tr>

<tr bgcolor="#D4E4F3">

<td>LAYER</td>

<td>0</td>

</tr>

<tr>

<td>MODE</td>

<td>2T</td>

</tr>

<tr bgcolor="#D4E4F3">

<td>COLOR</td>

<td>0</td>

</tr>

<tr>

<td>WIDTH</td>

<td>0</td>

</tr>

<tr bgcolor="#D4E4F3">

<td>MIN_CAT</td>

<td>1Depth Contours</td>

</tr>

<tr>

<td>RTP_LIMIT</td>

<td>0</td>

</tr>

<tr bgcolor="#D4E4F3">

<td>RTP_COLOR</td>

<td>19</td>

</tr>

<tr>

<td>FONT</td>

<td>020</td>

</tr>

<tr bgcolor="#D4E4F3">

<td>VALUE</td>

<td>10</td>

</tr>

<tr>

<td>TYPE</td>

<td>0</td>

</tr>

<tr bgcolor="#D4E4F3">

<td>Depth</td>

<td>-10</td>

</tr>

</table>

</td>

</tr>

</table>

</body>

</html>]]></description>
			<styleUrl>#LineStyle079</styleUrl>
			<MultiGeometry>
				<LineString>
					<tessellate>1</tessellate>
					<coordinates>
						101.521219446,1.668246606,0 101.521256592,1.668283986,0 101.521409408,1.668374422,0 101.521489058,1.66842967,0 101.521525007,1.668446288,0 101.521560955,1.668450437,0 101.521704748,1.668438423,0 101.521776645,1.668438445,0 101.521834163,1.668446771,0 101.521920438,1.668473178,0 101.521956387,1.668480936,0 101.521992335,1.668483286,0 101.522064232,1.668478899,0 101.522136128,1.668484754,0 101.522190051,1.668498266,0 101.522208025,1.6685062,0 101.522261948,1.668549405,0 101.522297896,1.668569613,0 101.522333844,1.668573783,0 101.522369793,1.668566718,0 101.522423715,1.668538476,0 101.522464157,1.668501032,0 101.52255719,1.668392509,0 101.522619184,1.668302073,0 101.522653351,1.668265898,0 101.52274725,1.668187362,0 101.522801173,1.668151033,0 101.522837121,1.668133533,0 101.522891043,1.668117784,0 101.52296294,1.668109275,0 101.523052811,1.668091639,0 101.523322423,1.668031867,0 101.523367359,1.668012677,0 101.52339432,1.667993894,0 101.523425848,1.667958415,0 101.523446086,1.667922241,0 101.523466419,1.667849892,0 101.523464977,1.66779563,0 101.523475997,1.667687107,0 101.523462222,1.667650932,0 101.523430268,1.667624835,0 101.52339432,1.667611542,0 101.523340398,1.667605636,0 101.523286475,1.667613799,0 101.523232553,1.667631997,0 101.52317863,1.667665144,0 101.523052811,1.667772659,0 101.522980914,1.667820222,0 101.522765224,1.667925951,0 101.52274725,1.667932705,0 101.522711302,1.667939512,0 101.522675353,1.667939696,0 101.522639405,1.667934456,0 101.522513586,1.667894069,0 101.522441689,1.667874817,0 101.522351818,1.667856427,0 101.522190051,1.667834175,0 101.522046258,1.667797398,0 101.521992335,1.667788251,0 101.521920438,1.667783628,0 101.521866516,1.667784979,0 101.521722722,1.667804339,0 101.521650826,1.667818691,0 101.521578929,1.667842858,0 101.521485887,1.667886066,0 101.521327291,1.667988372,0 101.521247957,1.668048851,0 101.521223675,1.668085026,0 101.521212045,1.6681212,0 101.521209513,1.668211637,0 101.521219446,1.668246606,0 
					</coordinates>
				</LineString>
			</MultiGeometry>
		</Placemark>
		<Placemark id="ID_00162">
			<name>-10</name>
			<Snippet maxLines="0"></Snippet>
			<description><![CDATA[<html xmlns:fo="http://www.w3.org/1999/XSL/Format" xmlns:msxsl="urn:schemas-microsoft-com:xslt">

<head>

<META http-equiv="Content-Type" content="text/html">

<meta http-equiv="content-type" content="text/html; charset=UTF-8">

</head>

<body style="margin:0px 0px 0px 0px;overflow:auto;background:#FFFFFF;">

<table style="font-family:Arial,Verdana,Times;font-size:12px;text-align:left;width:100%;border-collapse:collapse;padding:3px 3px 3px 3px">

<tr style="text-align:center;font-weight:bold;background:#9CBCE2">

<td>Nautical</td>

</tr>

<tr>

<td>

<table style="font-family:Arial,Verdana,Times;font-size:12px;text-align:left;width:100%;border-spacing:0px; padding:3px 3px 3px 3px">

<tr>

<td>FID</td>

<td>162</td>

</tr>

<tr bgcolor="#D4E4F3">

<td>MAJ_CAT</td>

<td>Nautical</td>

</tr>

<tr>

<td>L_LIMIT</td>

<td>0</td>

</tr>

<tr bgcolor="#D4E4F3">

<td>U_LIMIT</td>

<td>0</td>

</tr>

<tr>

<td>ZORDER</td>

<td>9</td>

</tr>

<tr bgcolor="#D4E4F3">

<td>LAYER</td>

<td>0</td>

</tr>

<tr>

<td>MODE</td>

<td>2T</td>

</tr>

<tr bgcolor="#D4E4F3">

<td>COLOR</td>

<td>0</td>

</tr>

<tr>

<td>WIDTH</td>

<td>0</td>

</tr>

<tr bgcolor="#D4E4F3">

<td>MIN_CAT</td>

<td>1Depth Contours</td>

</tr>

<tr>

<td>RTP_LIMIT</td>

<td>0</td>

</tr>

<tr bgcolor="#D4E4F3">

<td>RTP_COLOR</td>

<td>19</td>

</tr>

<tr>

<td>FONT</td>

<td>020</td>

</tr>

<tr bgcolor="#D4E4F3">

<td>VALUE</td>

<td>10</td>

</tr>

<tr>

<td>TYPE</td>

<td>0</td>

</tr>

<tr bgcolor="#D4E4F3">

<td>Depth</td>

<td>-10</td>

</tr>

</table>

</td>

</tr>

</table>

</body>

</html>]]></description>
			<styleUrl>#LineStyle079</styleUrl>
			<MultiGeometry>
				<LineString>
					<tessellate>1</tessellate>
					<coordinates>
						101.520662247,1.669454608,0 101.520680221,1.669471877,0 101.520716169,1.6694847,0 101.520752117,1.669489282,0 101.52080604,1.669487635,0 101.521129575,1.669416666,0 101.521219446,1.669403557,0 101.521291342,1.669399868,0 101.521327291,1.669401626,0 101.521381213,1.669411278,0 101.521471084,1.669443213,0 101.521525007,1.669458069,0 101.521578929,1.669460699,0 101.521614877,1.669452699,0 101.521641839,1.669441569,0 101.521756514,1.66936922,0 101.521920438,1.669303709,0 101.522028283,1.669246279,0 101.522070441,1.669206435,0 101.522165241,1.669134086,0 101.522200835,1.669097911,0 101.522234787,1.669025562,0 101.522238722,1.668989388,0 101.52221512,1.668917039,0 101.522152584,1.668826603,0 101.522105627,1.668736166,0 101.522028283,1.668636133,0 101.521992335,1.668597928,0 101.521974361,1.668585964,0 101.521938412,1.668576164,0 101.52188449,1.668576708,0 101.521758671,1.668603096,0 101.521686774,1.668608082,0 101.521632852,1.668601643,0 101.521542981,1.668572108,0 101.521507032,1.668566147,0 101.521471084,1.668569396,0 101.521417162,1.668592896,0 101.521052656,1.66884469,0 101.520933125,1.668953213,0 101.520859962,1.669034058,0 101.520752117,1.669101412,0 101.520712713,1.669134086,0 101.520680221,1.66918874,0 101.5206564,1.669278784,0 101.520646792,1.669405394,0 101.520662247,1.669454608,0 
					</coordinates>
				</LineString>
			</MultiGeometry>
		</Placemark>
		<Placemark id="ID_00163">
			<name>-10</name>
			<Snippet maxLines="0"></Snippet>
			<description><![CDATA[<html xmlns:fo="http://www.w3.org/1999/XSL/Format" xmlns:msxsl="urn:schemas-microsoft-com:xslt">

<head>

<META http-equiv="Content-Type" content="text/html">

<meta http-equiv="content-type" content="text/html; charset=UTF-8">

</head>

<body style="margin:0px 0px 0px 0px;overflow:auto;background:#FFFFFF;">

<table style="font-family:Arial,Verdana,Times;font-size:12px;text-align:left;width:100%;border-collapse:collapse;padding:3px 3px 3px 3px">

<tr style="text-align:center;font-weight:bold;background:#9CBCE2">

<td>Nautical</td>

</tr>

<tr>

<td>

<table style="font-family:Arial,Verdana,Times;font-size:12px;text-align:left;width:100%;border-spacing:0px; padding:3px 3px 3px 3px">

<tr>

<td>FID</td>

<td>163</td>

</tr>

<tr bgcolor="#D4E4F3">

<td>MAJ_CAT</td>

<td>Nautical</td>

</tr>

<tr>

<td>L_LIMIT</td>

<td>0</td>

</tr>

<tr bgcolor="#D4E4F3">

<td>U_LIMIT</td>

<td>0</td>

</tr>

<tr>

<td>ZORDER</td>

<td>9</td>

</tr>

<tr bgcolor="#D4E4F3">

<td>LAYER</td>

<td>0</td>

</tr>

<tr>

<td>MODE</td>

<td>2T</td>

</tr>

<tr bgcolor="#D4E4F3">

<td>COLOR</td>

<td>0</td>

</tr>

<tr>

<td>WIDTH</td>

<td>0</td>

</tr>

<tr bgcolor="#D4E4F3">

<td>MIN_CAT</td>

<td>1Depth Contours</td>

</tr>

<tr>

<td>RTP_LIMIT</td>

<td>0</td>

</tr>

<tr bgcolor="#D4E4F3">

<td>RTP_COLOR</td>

<td>19</td>

</tr>

<tr>

<td>FONT</td>

<td>020</td>

</tr>

<tr bgcolor="#D4E4F3">

<td>VALUE</td>

<td>10</td>

</tr>

<tr>

<td>TYPE</td>

<td>0</td>

</tr>

<tr bgcolor="#D4E4F3">

<td>Depth</td>

<td>-10</td>

</tr>

</table>

</td>

</tr>

</table>

</body>

</html>]]></description>
			<styleUrl>#LineStyle079</styleUrl>
			<MultiGeometry>
				<LineString>
					<tessellate>1</tessellate>
					<coordinates>
						101.525605143,1.68969927,0 101.525623117,1.689735445,0 101.525641091,1.689745574,0 101.525677039,1.689753532,0 101.525695013,1.689735445,0 101.525679286,1.68969927,0 101.525659065,1.689676817,0 101.525641091,1.689664436,0 101.525623117,1.689667115,0 101.525605143,1.68969927,0 
					</coordinates>
				</LineString>
			</MultiGeometry>
		</Placemark>
		<Placemark id="ID_00164">
			<name>-10</name>
			<Snippet maxLines="0"></Snippet>
			<description><![CDATA[<html xmlns:fo="http://www.w3.org/1999/XSL/Format" xmlns:msxsl="urn:schemas-microsoft-com:xslt">

<head>

<META http-equiv="Content-Type" content="text/html">

<meta http-equiv="content-type" content="text/html; charset=UTF-8">

</head>

<body style="margin:0px 0px 0px 0px;overflow:auto;background:#FFFFFF;">

<table style="font-family:Arial,Verdana,Times;font-size:12px;text-align:left;width:100%;border-collapse:collapse;padding:3px 3px 3px 3px">

<tr style="text-align:center;font-weight:bold;background:#9CBCE2">

<td>Nautical</td>

</tr>

<tr>

<td>

<table style="font-family:Arial,Verdana,Times;font-size:12px;text-align:left;width:100%;border-spacing:0px; padding:3px 3px 3px 3px">

<tr>

<td>FID</td>

<td>164</td>

</tr>

<tr bgcolor="#D4E4F3">

<td>MAJ_CAT</td>

<td>Nautical</td>

</tr>

<tr>

<td>L_LIMIT</td>

<td>0</td>

</tr>

<tr bgcolor="#D4E4F3">

<td>U_LIMIT</td>

<td>0</td>

</tr>

<tr>

<td>ZORDER</td>

<td>9</td>

</tr>

<tr bgcolor="#D4E4F3">

<td>LAYER</td>

<td>0</td>

</tr>

<tr>

<td>MODE</td>

<td>2T</td>

</tr>

<tr bgcolor="#D4E4F3">

<td>COLOR</td>

<td>0</td>

</tr>

<tr>

<td>WIDTH</td>

<td>0</td>

</tr>

<tr bgcolor="#D4E4F3">

<td>MIN_CAT</td>

<td>1Depth Contours</td>

</tr>

<tr>

<td>RTP_LIMIT</td>

<td>0</td>

</tr>

<tr bgcolor="#D4E4F3">

<td>RTP_COLOR</td>

<td>19</td>

</tr>

<tr>

<td>FONT</td>

<td>020</td>

</tr>

<tr bgcolor="#D4E4F3">

<td>VALUE</td>

<td>10</td>

</tr>

<tr>

<td>TYPE</td>

<td>0</td>

</tr>

<tr bgcolor="#D4E4F3">

<td>Depth</td>

<td>-10</td>

</tr>

</table>

</td>

</tr>

</table>

</body>

</html>]]></description>
			<styleUrl>#LineStyle079</styleUrl>
			<MultiGeometry>
				<LineString>
					<tessellate>1</tessellate>
					<coordinates>
						101.528768596,1.689838196,0 101.528714674,1.689838196,0 101.528679923,1.689862055,0 101.528660751,1.689865755,0 101.52857088,1.689863901,0 101.528552906,1.68986241,0 101.528516958,1.689852664,0 101.528445842,1.689825881,0 101.528391139,1.689800042,0 101.528353194,1.689789706,0 101.528301268,1.689784188,0 101.528193423,1.689797875,0 101.528157474,1.689799353,0 101.528121526,1.689797191,0 101.528085578,1.689790352,0 101.528031655,1.689766082,0 101.527959759,1.689712425,0 101.527833939,1.689647926,0 101.527762043,1.689595269,0 101.52770812,1.689532867,0 101.527690146,1.689518398,0 101.527654198,1.68950433,0 101.527636224,1.689482223,0 101.527636224,1.68946052,0 101.527694294,1.6893737,0 101.527692393,1.689301351,0 101.527681159,1.689265177,0 101.527588592,1.689138566,0 101.527502915,1.688975781,0 101.527455706,1.68884917,0 101.527427482,1.688794909,0 101.527384585,1.688749336,0 101.527348637,1.688731181,0 101.527330663,1.688728858,0 101.527294714,1.688736771,0 101.527258766,1.68875973,0 101.527211351,1.688812996,0 101.527190249,1.688867258,0 101.527182659,1.688939606,0 101.527193422,1.688993868,0 101.527211944,1.689030043,0 101.527266983,1.689102392,0 101.527275617,1.689138566,0 101.527258951,1.689192828,0 101.527164747,1.689337526,0 101.527139304,1.689391787,0 101.527125244,1.689446049,0 101.527114307,1.68957266,0 101.527094003,1.689626921,0 101.527023604,1.689717357,0 101.526989154,1.689749621,0 101.526953205,1.689770327,0 101.526917257,1.689776881,0 101.526881309,1.68977577,0 101.52684536,1.689769681,0 101.526795033,1.689753532,0 101.526729607,1.689717357,0 101.526677917,1.689663096,0 101.526659627,1.689626921,0 101.526667001,1.689590747,0 101.526712426,1.689500311,0 101.526731007,1.689446049,0 101.526740043,1.689391787,0 101.526734914,1.689337526,0 101.526709013,1.689265177,0 101.526624078,1.689156653,0 101.526625932,1.689011955,0 101.526611696,1.688946118,0 101.526593722,1.688922435,0 101.526575748,1.688912476,0 101.526557774,1.688908074,0 101.526521825,1.68891088,0 101.526495706,1.688921519,0 101.526467903,1.688943957,0 101.526447997,1.688975781,0 101.526438622,1.689011955,0 101.526439174,1.68904813,0 101.52644961,1.689084304,0 101.526510634,1.68917474,0 101.526517717,1.689210915,0 101.526509703,1.689247089,0 101.526447266,1.689409875,0 101.52642948,1.689482223,0 101.52642952,1.689554572,0 101.526459489,1.689645009,0 101.526462469,1.68969927,0 101.526438867,1.689753532,0 101.526352354,1.689880143,0 101.526327208,1.689934404,0 101.52631714,1.689988666,0 101.526334295,1.690097189,0 101.526330487,1.690151451,0 101.526306135,1.69022112,0 101.526270187,1.690257315,0 101.526234239,1.690273677,0 101.526216264,1.690276814,0 101.52619829,1.690276615,0 101.526180316,1.690270662,0 101.526144368,1.690244743,0 101.526090445,1.690186839,0 101.525946652,1.690107297,0 101.525873016,1.690042928,0 101.525784884,1.690000242,0 101.525748936,1.689993465,0 101.525730962,1.689994941,0 101.525695013,1.690011009,0 101.525659065,1.690040234,0 101.525629108,1.690079102,0 101.525603874,1.690133364,0 101.525586773,1.6902238,0 101.525591316,1.690386585,0 101.525571691,1.690440847,0 101.525533246,1.690474555,0 101.525479323,1.690503829,0 101.52533553,1.69056635,0 101.525299582,1.690577287,0 101.525263633,1.690581759,0 101.525227685,1.690579214,0 101.525155788,1.690557552,0 101.52511984,1.690550877,0 101.524976047,1.690538518,0 101.524940098,1.690524205,0 101.524922124,1.690502645,0 101.524914687,1.690477021,0 101.52490415,1.690327801,0 101.524886176,1.690305528,0 101.524868202,1.690294553,0 101.524832253,1.690284521,0 101.524814279,1.690286675,0 101.524796305,1.69030466,0 101.524781327,1.690350411,0 101.524785276,1.690458934,0 101.524764465,1.69054937,0 101.524753367,1.690567457,0 101.524687661,1.690621719,0 101.524632346,1.690675981,0 101.524526693,1.690799446,0 101.524508718,1.690811635,0 101.524490744,1.690814295,0 101.52447277,1.690806467,0 101.524454796,1.690784504,0 101.524408149,1.690694068,0 101.524371377,1.690657893,0 101.524311003,1.690611125,0 101.524275054,1.690591771,0 101.524239106,1.690579631,0 101.524203158,1.690574957,0 101.524167209,1.69057831,0 101.524149235,1.690590234,0 101.524126245,1.690621719,0 101.524089201,1.690730242,0 101.524046946,1.690802591,0 101.523999939,1.690856853,0 101.523879623,1.69096819,0 101.523735829,1.691080088,0 101.523653527,1.691128161,0 101.523556088,1.691169189,0 101.523484191,1.69121396,0 101.523358372,1.691307867,0 101.523232553,1.691390426,0 101.523160656,1.691456923,0 101.523124708,1.691474403,0 101.523106733,1.69149473,0 101.523088759,1.691501575,0 
					</coordinates>
				</LineString>
			</MultiGeometry>
		</Placemark>
		<Placemark id="ID_00165">
			<name>-10</name>
			<Snippet maxLines="0"></Snippet>
			<description><![CDATA[<html xmlns:fo="http://www.w3.org/1999/XSL/Format" xmlns:msxsl="urn:schemas-microsoft-com:xslt">

<head>

<META http-equiv="Content-Type" content="text/html">

<meta http-equiv="content-type" content="text/html; charset=UTF-8">

</head>

<body style="margin:0px 0px 0px 0px;overflow:auto;background:#FFFFFF;">

<table style="font-family:Arial,Verdana,Times;font-size:12px;text-align:left;width:100%;border-collapse:collapse;padding:3px 3px 3px 3px">

<tr style="text-align:center;font-weight:bold;background:#9CBCE2">

<td>Nautical</td>

</tr>

<tr>

<td>

<table style="font-family:Arial,Verdana,Times;font-size:12px;text-align:left;width:100%;border-spacing:0px; padding:3px 3px 3px 3px">

<tr>

<td>FID</td>

<td>165</td>

</tr>

<tr bgcolor="#D4E4F3">

<td>MAJ_CAT</td>

<td>Nautical</td>

</tr>

<tr>

<td>L_LIMIT</td>

<td>0</td>

</tr>

<tr bgcolor="#D4E4F3">

<td>U_LIMIT</td>

<td>0</td>

</tr>

<tr>

<td>ZORDER</td>

<td>9</td>

</tr>

<tr bgcolor="#D4E4F3">

<td>LAYER</td>

<td>0</td>

</tr>

<tr>

<td>MODE</td>

<td>2T</td>

</tr>

<tr bgcolor="#D4E4F3">

<td>COLOR</td>

<td>0</td>

</tr>

<tr>

<td>WIDTH</td>

<td>0</td>

</tr>

<tr bgcolor="#D4E4F3">

<td>MIN_CAT</td>

<td>1Depth Contours</td>

</tr>

<tr>

<td>RTP_LIMIT</td>

<td>0</td>

</tr>

<tr bgcolor="#D4E4F3">

<td>RTP_COLOR</td>

<td>19</td>

</tr>

<tr>

<td>FONT</td>

<td>020</td>

</tr>

<tr bgcolor="#D4E4F3">

<td>VALUE</td>

<td>10</td>

</tr>

<tr>

<td>TYPE</td>

<td>0</td>

</tr>

<tr bgcolor="#D4E4F3">

<td>Depth</td>

<td>-10</td>

</tr>

</table>

</td>

</tr>

</table>

</body>

</html>]]></description>
			<styleUrl>#LineStyle079</styleUrl>
			<MultiGeometry>
				<LineString>
					<tessellate>1</tessellate>
					<coordinates>
						101.524221132,1.69245697,0 101.524239106,1.69245697,0 101.524298645,1.692412355,0 101.524311003,1.692405937,0 101.524328977,1.692403037,0 101.524346951,1.692403814,0 101.524400873,1.692413617,0 101.524454796,1.692421206,0 101.524544667,1.692439081,0 101.524562641,1.692441452,0 101.524616563,1.692445308,0 101.524652512,1.692445006,0 101.524724408,1.69243514,0 101.524760357,1.69243248,0 101.524832253,1.692424829,0 101.524850228,1.692424641,0 101.524868202,1.692425544,0 101.524886176,1.692428432,0 101.524958073,1.692446324,0 101.524994021,1.692451053,0 101.525011995,1.692452068,0 101.525029969,1.692451423,0 101.525065918,1.692444845,0 101.525155788,1.692422906,0 101.525191737,1.692418486,0 101.525227685,1.692417566,0 101.525281608,1.692422068,0 101.525371478,1.692441225,0 101.525389453,1.69244366,0 101.525407427,1.69244451,0 101.525443375,1.692441424,0 101.525533246,1.692422303,0 101.525562775,1.692412355,0 101.525605143,1.692391527,0 101.525623117,1.692385789,0 101.525641091,1.692382812,0 101.525659065,1.692384289,0 101.525677039,1.692391773,0 101.525730962,1.692425468,0 101.525874755,1.692475359,0 101.525910703,1.692493747,0 101.525946652,1.692531101,0 101.526004105,1.692629402,0 101.526018549,1.692644474,0 101.526036523,1.692652618,0 101.526054497,1.692654367,0 101.526072471,1.69265294,0 101.526126394,1.692642716,0 101.526144368,1.692637299,0 101.526180316,1.692617774,0 101.526252213,1.692568661,0 101.526342084,1.692518617,0 101.526396006,1.692500599,0 101.52641398,1.692497704,0 101.526431954,1.692496762,0 101.526449929,1.692497107,0 101.526485877,1.692503887,0 101.526593722,1.692576387,0 101.526665619,1.692605463,0 101.526701567,1.692625017,0 101.526719541,1.692628899,0 101.526737515,1.692628497,0 101.526755489,1.692626689,0 101.526809412,1.692617166,0 101.526827386,1.692612445,0 101.526863334,1.692598314,0 101.526935231,1.692558697,0 101.526953205,1.692554197,0 101.526971179,1.692553952,0 101.526989154,1.692560531,0 101.527007128,1.692574444,0 101.527096999,1.692665576,0 101.527114973,1.692676586,0 101.527132947,1.69268294,0 101.527150921,1.692683663,0 101.527186869,1.692676428,0 101.527222818,1.692665576,0 101.52727674,1.692653873,0 101.527312689,1.692648054,0 101.527384585,1.692639651,0 101.527420534,1.692633019,0 101.527582301,1.692588538,0 101.527618249,1.692590732,0 101.527654198,1.692590567,0 101.527690146,1.692584879,0 101.527833939,1.692540393,0 101.527869888,1.692533646,0 101.527887862,1.692533131,0 101.527905836,1.692536286,0 101.527977733,1.69257514,0 101.527995707,1.692579791,0 101.528013681,1.692582097,0 101.528031655,1.692582128,0 101.528067604,1.692578271,0 101.528103552,1.692570697,0 101.528247345,1.692533313,0 101.528319242,1.692518294,0 101.528445061,1.692496866,0 101.528552906,1.692466282,0 101.528660751,1.692431668,0 101.528696699,1.692426457,0 101.528714674,1.692425537,0 101.528822519,1.692426486,0 101.528894415,1.692423486,0 101.528930364,1.692419104,0 101.52900226,1.692405015,0 101.529056183,1.692396593,0 101.529128079,1.692389065,0 101.529253899,1.692378351,0 101.529289847,1.692371536,0 101.529343769,1.692356837,0 101.529487563,1.692307966,0 101.529559459,1.692290338,0 101.529613382,1.692282066,0 101.52964933,1.692278572,0 101.529721227,1.692276378,0 101.529775149,1.692272261,0 101.529793124,1.692270288,0 101.529829072,1.692262593,0 101.529882994,1.692244567,0 101.530008814,1.692186717,0 101.530062736,1.692167316,0 101.530116659,1.692154022,0 101.530260452,1.692132003,0 101.530350323,1.692113129,0 101.53042222,1.692091545,0 101.530494116,1.692061542,0 101.530574251,1.692014436,0 101.530691832,1.69191602,0 101.530745755,1.691883107,0 101.530799677,1.691839275,0 101.530811307,1.691815476,0 101.530806866,1.691797389,0 101.530817651,1.691770258,0 101.530835625,1.69176186,0 101.530871574,1.69176186,0 
					</coordinates>
				</LineString>
			</MultiGeometry>
		</Placemark>
		<Placemark id="ID_00166">
			<name>-10</name>
			<Snippet maxLines="0"></Snippet>
			<description><![CDATA[<html xmlns:fo="http://www.w3.org/1999/XSL/Format" xmlns:msxsl="urn:schemas-microsoft-com:xslt">

<head>

<META http-equiv="Content-Type" content="text/html">

<meta http-equiv="content-type" content="text/html; charset=UTF-8">

</head>

<body style="margin:0px 0px 0px 0px;overflow:auto;background:#FFFFFF;">

<table style="font-family:Arial,Verdana,Times;font-size:12px;text-align:left;width:100%;border-collapse:collapse;padding:3px 3px 3px 3px">

<tr style="text-align:center;font-weight:bold;background:#9CBCE2">

<td>Nautical</td>

</tr>

<tr>

<td>

<table style="font-family:Arial,Verdana,Times;font-size:12px;text-align:left;width:100%;border-spacing:0px; padding:3px 3px 3px 3px">

<tr>

<td>FID</td>

<td>166</td>

</tr>

<tr bgcolor="#D4E4F3">

<td>MAJ_CAT</td>

<td>Nautical</td>

</tr>

<tr>

<td>L_LIMIT</td>

<td>0</td>

</tr>

<tr bgcolor="#D4E4F3">

<td>U_LIMIT</td>

<td>0</td>

</tr>

<tr>

<td>ZORDER</td>

<td>9</td>

</tr>

<tr bgcolor="#D4E4F3">

<td>LAYER</td>

<td>0</td>

</tr>

<tr>

<td>MODE</td>

<td>2T</td>

</tr>

<tr bgcolor="#D4E4F3">

<td>COLOR</td>

<td>0</td>

</tr>

<tr>

<td>WIDTH</td>

<td>0</td>

</tr>

<tr bgcolor="#D4E4F3">

<td>MIN_CAT</td>

<td>1Depth Contours</td>

</tr>

<tr>

<td>RTP_LIMIT</td>

<td>0</td>

</tr>

<tr bgcolor="#D4E4F3">

<td>RTP_COLOR</td>

<td>19</td>

</tr>

<tr>

<td>FONT</td>

<td>020</td>

</tr>

<tr bgcolor="#D4E4F3">

<td>VALUE</td>

<td>10</td>

</tr>

<tr>

<td>TYPE</td>

<td>0</td>

</tr>

<tr bgcolor="#D4E4F3">

<td>Depth</td>

<td>-10</td>

</tr>

</table>

</td>

</tr>

</table>

</body>

</html>]]></description>
			<styleUrl>#LineStyle079</styleUrl>
			<MultiGeometry>
				<LineString>
					<tessellate>1</tessellate>
					<coordinates>
						101.539445252,1.699281543,0 101.539427277,1.699282898,0 
					</coordinates>
				</LineString>
			</MultiGeometry>
		</Placemark>
		<Placemark id="ID_00167">
			<name>-10</name>
			<Snippet maxLines="0"></Snippet>
			<description><![CDATA[<html xmlns:fo="http://www.w3.org/1999/XSL/Format" xmlns:msxsl="urn:schemas-microsoft-com:xslt">

<head>

<META http-equiv="Content-Type" content="text/html">

<meta http-equiv="content-type" content="text/html; charset=UTF-8">

</head>

<body style="margin:0px 0px 0px 0px;overflow:auto;background:#FFFFFF;">

<table style="font-family:Arial,Verdana,Times;font-size:12px;text-align:left;width:100%;border-collapse:collapse;padding:3px 3px 3px 3px">

<tr style="text-align:center;font-weight:bold;background:#9CBCE2">

<td>Nautical</td>

</tr>

<tr>

<td>

<table style="font-family:Arial,Verdana,Times;font-size:12px;text-align:left;width:100%;border-spacing:0px; padding:3px 3px 3px 3px">

<tr>

<td>FID</td>

<td>167</td>

</tr>

<tr bgcolor="#D4E4F3">

<td>MAJ_CAT</td>

<td>Nautical</td>

</tr>

<tr>

<td>L_LIMIT</td>

<td>0</td>

</tr>

<tr bgcolor="#D4E4F3">

<td>U_LIMIT</td>

<td>0</td>

</tr>

<tr>

<td>ZORDER</td>

<td>9</td>

</tr>

<tr bgcolor="#D4E4F3">

<td>LAYER</td>

<td>0</td>

</tr>

<tr>

<td>MODE</td>

<td>2T</td>

</tr>

<tr bgcolor="#D4E4F3">

<td>COLOR</td>

<td>0</td>

</tr>

<tr>

<td>WIDTH</td>

<td>0</td>

</tr>

<tr bgcolor="#D4E4F3">

<td>MIN_CAT</td>

<td>1Depth Contours</td>

</tr>

<tr>

<td>RTP_LIMIT</td>

<td>0</td>

</tr>

<tr bgcolor="#D4E4F3">

<td>RTP_COLOR</td>

<td>19</td>

</tr>

<tr>

<td>FONT</td>

<td>020</td>

</tr>

<tr bgcolor="#D4E4F3">

<td>VALUE</td>

<td>10</td>

</tr>

<tr>

<td>TYPE</td>

<td>0</td>

</tr>

<tr bgcolor="#D4E4F3">

<td>Depth</td>

<td>-10</td>

</tr>

</table>

</td>

</tr>

</table>

</body>

</html>]]></description>
			<styleUrl>#LineStyle079</styleUrl>
			<MultiGeometry>
				<LineString>
					<tessellate>1</tessellate>
					<coordinates>
						101.535976237,1.699909262,0 101.535994211,1.699921637,0 101.53603016,1.699923773,0 101.536066108,1.699918575,0 101.536124888,1.699900468,0 101.536160642,1.699882381,0 101.536183219,1.699864294,0 101.536194719,1.699846207,0 101.536192829,1.699828119,0 101.536173953,1.69981463,0 101.536155979,1.699809043,0 101.536107079,1.699810032,0 101.536048134,1.699826616,0 101.535992592,1.699864294,0 101.535977272,1.699882381,0 101.535971593,1.699900468,0 101.535976237,1.699909262,0 
					</coordinates>
				</LineString>
			</MultiGeometry>
		</Placemark>
		<Placemark id="ID_00168">
			<name>-10</name>
			<Snippet maxLines="0"></Snippet>
			<description><![CDATA[<html xmlns:fo="http://www.w3.org/1999/XSL/Format" xmlns:msxsl="urn:schemas-microsoft-com:xslt">

<head>

<META http-equiv="Content-Type" content="text/html">

<meta http-equiv="content-type" content="text/html; charset=UTF-8">

</head>

<body style="margin:0px 0px 0px 0px;overflow:auto;background:#FFFFFF;">

<table style="font-family:Arial,Verdana,Times;font-size:12px;text-align:left;width:100%;border-collapse:collapse;padding:3px 3px 3px 3px">

<tr style="text-align:center;font-weight:bold;background:#9CBCE2">

<td>Nautical</td>

</tr>

<tr>

<td>

<table style="font-family:Arial,Verdana,Times;font-size:12px;text-align:left;width:100%;border-spacing:0px; padding:3px 3px 3px 3px">

<tr>

<td>FID</td>

<td>168</td>

</tr>

<tr bgcolor="#D4E4F3">

<td>MAJ_CAT</td>

<td>Nautical</td>

</tr>

<tr>

<td>L_LIMIT</td>

<td>0</td>

</tr>

<tr bgcolor="#D4E4F3">

<td>U_LIMIT</td>

<td>0</td>

</tr>

<tr>

<td>ZORDER</td>

<td>9</td>

</tr>

<tr bgcolor="#D4E4F3">

<td>LAYER</td>

<td>0</td>

</tr>

<tr>

<td>MODE</td>

<td>2T</td>

</tr>

<tr bgcolor="#D4E4F3">

<td>COLOR</td>

<td>0</td>

</tr>

<tr>

<td>WIDTH</td>

<td>0</td>

</tr>

<tr bgcolor="#D4E4F3">

<td>MIN_CAT</td>

<td>1Depth Contours</td>

</tr>

<tr>

<td>RTP_LIMIT</td>

<td>0</td>

</tr>

<tr bgcolor="#D4E4F3">

<td>RTP_COLOR</td>

<td>19</td>

</tr>

<tr>

<td>FONT</td>

<td>020</td>

</tr>

<tr bgcolor="#D4E4F3">

<td>VALUE</td>

<td>10</td>

</tr>

<tr>

<td>TYPE</td>

<td>0</td>

</tr>

<tr bgcolor="#D4E4F3">

<td>Depth</td>

<td>-10</td>

</tr>

</table>

</td>

</tr>

</table>

</body>

</html>]]></description>
			<styleUrl>#LineStyle079</styleUrl>
			<MultiGeometry>
				<LineString>
					<tessellate>1</tessellate>
					<coordinates>
						101.539427277,1.699282898,0 101.539337407,1.699293576,0 101.539283484,1.699309112,0 101.539247536,1.69932335,0 101.539188366,1.699357851,0 101.539067794,1.699447018,0 101.539013872,1.69947106,0 101.538959013,1.699484462,0 101.538762233,1.699509291,0 101.538672362,1.699525406,0 101.538600466,1.699544851,0 101.538474647,1.69959071,0 101.538420724,1.699606155,0 101.538366802,1.699614209,0 101.538240982,1.699624397,0 101.538169086,1.699637884,0 101.538115163,1.699652298,0 101.537989344,1.699698937,0 101.537773654,1.699797005,0 101.537719731,1.699813054,0 101.537651268,1.699828119,0 101.537593912,1.699856542,0 101.537575938,1.699843999,0 101.537565378,1.699846207,0 101.537414171,1.699917187,0 101.537396196,1.699905279,0 101.537283467,1.69995473,0 101.53723309,1.699972817,0 101.53723309,1.699990904,0 
					</coordinates>
				</LineString>
			</MultiGeometry>
		</Placemark>
		<Placemark id="ID_00169">
			<name>-12</name>
			<Snippet maxLines="0"></Snippet>
			<description><![CDATA[<html xmlns:fo="http://www.w3.org/1999/XSL/Format" xmlns:msxsl="urn:schemas-microsoft-com:xslt">

<head>

<META http-equiv="Content-Type" content="text/html">

<meta http-equiv="content-type" content="text/html; charset=UTF-8">

</head>

<body style="margin:0px 0px 0px 0px;overflow:auto;background:#FFFFFF;">

<table style="font-family:Arial,Verdana,Times;font-size:12px;text-align:left;width:100%;border-collapse:collapse;padding:3px 3px 3px 3px">

<tr style="text-align:center;font-weight:bold;background:#9CBCE2">

<td>Nautical</td>

</tr>

<tr>

<td>

<table style="font-family:Arial,Verdana,Times;font-size:12px;text-align:left;width:100%;border-spacing:0px; padding:3px 3px 3px 3px">

<tr>

<td>FID</td>

<td>169</td>

</tr>

<tr bgcolor="#D4E4F3">

<td>MAJ_CAT</td>

<td>Nautical</td>

</tr>

<tr>

<td>L_LIMIT</td>

<td>0</td>

</tr>

<tr bgcolor="#D4E4F3">

<td>U_LIMIT</td>

<td>0</td>

</tr>

<tr>

<td>ZORDER</td>

<td>9</td>

</tr>

<tr bgcolor="#D4E4F3">

<td>LAYER</td>

<td>0</td>

</tr>

<tr>

<td>MODE</td>

<td>2T</td>

</tr>

<tr bgcolor="#D4E4F3">

<td>COLOR</td>

<td>0</td>

</tr>

<tr>

<td>WIDTH</td>

<td>0</td>

</tr>

<tr bgcolor="#D4E4F3">

<td>MIN_CAT</td>

<td>1Depth Contours</td>

</tr>

<tr>

<td>RTP_LIMIT</td>

<td>0</td>

</tr>

<tr bgcolor="#D4E4F3">

<td>RTP_COLOR</td>

<td>19</td>

</tr>

<tr>

<td>FONT</td>

<td>020</td>

</tr>

<tr bgcolor="#D4E4F3">

<td>VALUE</td>

<td>12</td>

</tr>

<tr>

<td>TYPE</td>

<td>0</td>

</tr>

<tr bgcolor="#D4E4F3">

<td>Depth</td>

<td>-12</td>

</tr>

</table>

</td>

</tr>

</table>

</body>

</html>]]></description>
			<styleUrl>#LineStyle079</styleUrl>
			<MultiGeometry>
				<LineString>
					<tessellate>1</tessellate>
					<coordinates>
						101.518253708,1.660999352,0 101.518325605,1.660997413,0 101.518415476,1.661024047,0 101.518451424,1.661040869,0 101.518721037,1.661199655,0 101.518792933,1.661233705,0 101.518846856,1.661239703,0 101.518990649,1.661238504,0 101.519062546,1.661246112,0 101.519116468,1.661235993,0 101.519166161,1.661211876,0 101.519264755,1.661139527,0 101.519422029,1.661048086,0 101.519493926,1.660988047,0 101.519540145,1.66092248,0 101.519568994,1.660832044,0 101.519597277,1.660777783,0 101.519655693,1.660684564,0 101.519725023,1.660614997,0 101.519724323,1.660578823,0 101.519703624,1.660560736,0 101.519660828,1.660542648,0 101.519540658,1.660506474,0 101.519440003,1.660457778,0 101.519386081,1.660438491,0 101.519350132,1.660433173,0 101.519314184,1.660432552,0 101.519134442,1.660445635,0 101.51908052,1.660456386,0 101.519026597,1.660476803,0 101.518900778,1.660558985,0 101.518774959,1.660620854,0 101.518728368,1.660651172,0 101.518676353,1.660705434,0 101.518649771,1.660759695,0 101.518595217,1.660836364,0 101.518469398,1.660936394,0 101.518415476,1.660969295,0 101.518379527,1.660976742,0 101.518343579,1.660990811,0 101.518325605,1.66099282,0 101.518271682,1.660988799,0 
					</coordinates>
				</LineString>
			</MultiGeometry>
		</Placemark>
		<Placemark id="ID_00170">
			<name>-12</name>
			<Snippet maxLines="0"></Snippet>
			<description><![CDATA[<html xmlns:fo="http://www.w3.org/1999/XSL/Format" xmlns:msxsl="urn:schemas-microsoft-com:xslt">

<head>

<META http-equiv="Content-Type" content="text/html">

<meta http-equiv="content-type" content="text/html; charset=UTF-8">

</head>

<body style="margin:0px 0px 0px 0px;overflow:auto;background:#FFFFFF;">

<table style="font-family:Arial,Verdana,Times;font-size:12px;text-align:left;width:100%;border-collapse:collapse;padding:3px 3px 3px 3px">

<tr style="text-align:center;font-weight:bold;background:#9CBCE2">

<td>Nautical</td>

</tr>

<tr>

<td>

<table style="font-family:Arial,Verdana,Times;font-size:12px;text-align:left;width:100%;border-spacing:0px; padding:3px 3px 3px 3px">

<tr>

<td>FID</td>

<td>170</td>

</tr>

<tr bgcolor="#D4E4F3">

<td>MAJ_CAT</td>

<td>Nautical</td>

</tr>

<tr>

<td>L_LIMIT</td>

<td>0</td>

</tr>

<tr bgcolor="#D4E4F3">

<td>U_LIMIT</td>

<td>0</td>

</tr>

<tr>

<td>ZORDER</td>

<td>9</td>

</tr>

<tr bgcolor="#D4E4F3">

<td>LAYER</td>

<td>0</td>

</tr>

<tr>

<td>MODE</td>

<td>2T</td>

</tr>

<tr bgcolor="#D4E4F3">

<td>COLOR</td>

<td>0</td>

</tr>

<tr>

<td>WIDTH</td>

<td>0</td>

</tr>

<tr bgcolor="#D4E4F3">

<td>MIN_CAT</td>

<td>1Depth Contours</td>

</tr>

<tr>

<td>RTP_LIMIT</td>

<td>0</td>

</tr>

<tr bgcolor="#D4E4F3">

<td>RTP_COLOR</td>

<td>19</td>

</tr>

<tr>

<td>FONT</td>

<td>020</td>

</tr>

<tr bgcolor="#D4E4F3">

<td>VALUE</td>

<td>12</td>

</tr>

<tr>

<td>TYPE</td>

<td>0</td>

</tr>

<tr bgcolor="#D4E4F3">

<td>Depth</td>

<td>-12</td>

</tr>

</table>

</td>

</tr>

</table>

</body>

</html>]]></description>
			<styleUrl>#LineStyle079</styleUrl>
			<MultiGeometry>
				<LineString>
					<tessellate>1</tessellate>
					<coordinates>
						101.523338763,1.661591708,0 101.523360369,1.661627883,0 101.523412294,1.661673855,0 101.523430268,1.661682144,0 101.523448243,1.661670387,0 101.523466217,1.661642524,0 101.523502165,1.661534433,0 101.523524453,1.661501272,0 101.523541537,1.66144701,0 101.523535935,1.661392749,0 101.523502165,1.661355282,0 101.523430268,1.661341775,0 101.523412294,1.66134342,0 101.52339432,1.661353286,0 101.523362601,1.661392749,0 101.523339451,1.661465098,0 101.523338763,1.661591708,0 
					</coordinates>
				</LineString>
			</MultiGeometry>
		</Placemark>
		<Placemark id="ID_00171">
			<name>-12</name>
			<Snippet maxLines="0"></Snippet>
			<description><![CDATA[<html xmlns:fo="http://www.w3.org/1999/XSL/Format" xmlns:msxsl="urn:schemas-microsoft-com:xslt">

<head>

<META http-equiv="Content-Type" content="text/html">

<meta http-equiv="content-type" content="text/html; charset=UTF-8">

</head>

<body style="margin:0px 0px 0px 0px;overflow:auto;background:#FFFFFF;">

<table style="font-family:Arial,Verdana,Times;font-size:12px;text-align:left;width:100%;border-collapse:collapse;padding:3px 3px 3px 3px">

<tr style="text-align:center;font-weight:bold;background:#9CBCE2">

<td>Nautical</td>

</tr>

<tr>

<td>

<table style="font-family:Arial,Verdana,Times;font-size:12px;text-align:left;width:100%;border-spacing:0px; padding:3px 3px 3px 3px">

<tr>

<td>FID</td>

<td>171</td>

</tr>

<tr bgcolor="#D4E4F3">

<td>MAJ_CAT</td>

<td>Nautical</td>

</tr>

<tr>

<td>L_LIMIT</td>

<td>0</td>

</tr>

<tr bgcolor="#D4E4F3">

<td>U_LIMIT</td>

<td>0</td>

</tr>

<tr>

<td>ZORDER</td>

<td>9</td>

</tr>

<tr bgcolor="#D4E4F3">

<td>LAYER</td>

<td>0</td>

</tr>

<tr>

<td>MODE</td>

<td>2T</td>

</tr>

<tr bgcolor="#D4E4F3">

<td>COLOR</td>

<td>0</td>

</tr>

<tr>

<td>WIDTH</td>

<td>0</td>

</tr>

<tr bgcolor="#D4E4F3">

<td>MIN_CAT</td>

<td>1Depth Contours</td>

</tr>

<tr>

<td>RTP_LIMIT</td>

<td>0</td>

</tr>

<tr bgcolor="#D4E4F3">

<td>RTP_COLOR</td>

<td>19</td>

</tr>

<tr>

<td>FONT</td>

<td>020</td>

</tr>

<tr bgcolor="#D4E4F3">

<td>VALUE</td>

<td>12</td>

</tr>

<tr>

<td>TYPE</td>

<td>0</td>

</tr>

<tr bgcolor="#D4E4F3">

<td>Depth</td>

<td>-12</td>

</tr>

</table>

</td>

</tr>

</table>

</body>

</html>]]></description>
			<styleUrl>#LineStyle079</styleUrl>
			<MultiGeometry>
				<LineString>
					<tessellate>1</tessellate>
					<coordinates>
						101.52104922,1.662134325,0 101.521068912,1.662152413,0 101.521129575,1.662188587,0 101.521183497,1.662210819,0 101.52123742,1.662216641,0 101.521291342,1.662200181,0 101.521410671,1.662116238,0 101.521486754,1.662043889,0 101.521494194,1.662007715,0 101.521474256,1.661935366,0 101.521439415,1.661881104,0 101.521417162,1.661859871,0 101.521345265,1.661835886,0 101.521291342,1.661831531,0 101.52123742,1.661847847,0 101.521179903,1.661881104,0 101.521126246,1.661935366,0 101.521068462,1.662025802,0 101.521039704,1.662116238,0 101.52104922,1.662134325,0 
					</coordinates>
				</LineString>
			</MultiGeometry>
		</Placemark>
		<Placemark id="ID_00172">
			<name>-12</name>
			<Snippet maxLines="0"></Snippet>
			<description><![CDATA[<html xmlns:fo="http://www.w3.org/1999/XSL/Format" xmlns:msxsl="urn:schemas-microsoft-com:xslt">

<head>

<META http-equiv="Content-Type" content="text/html">

<meta http-equiv="content-type" content="text/html; charset=UTF-8">

</head>

<body style="margin:0px 0px 0px 0px;overflow:auto;background:#FFFFFF;">

<table style="font-family:Arial,Verdana,Times;font-size:12px;text-align:left;width:100%;border-collapse:collapse;padding:3px 3px 3px 3px">

<tr style="text-align:center;font-weight:bold;background:#9CBCE2">

<td>Nautical</td>

</tr>

<tr>

<td>

<table style="font-family:Arial,Verdana,Times;font-size:12px;text-align:left;width:100%;border-spacing:0px; padding:3px 3px 3px 3px">

<tr>

<td>FID</td>

<td>172</td>

</tr>

<tr bgcolor="#D4E4F3">

<td>MAJ_CAT</td>

<td>Nautical</td>

</tr>

<tr>

<td>L_LIMIT</td>

<td>0</td>

</tr>

<tr bgcolor="#D4E4F3">

<td>U_LIMIT</td>

<td>0</td>

</tr>

<tr>

<td>ZORDER</td>

<td>9</td>

</tr>

<tr bgcolor="#D4E4F3">

<td>LAYER</td>

<td>0</td>

</tr>

<tr>

<td>MODE</td>

<td>2T</td>

</tr>

<tr bgcolor="#D4E4F3">

<td>COLOR</td>

<td>0</td>

</tr>

<tr>

<td>WIDTH</td>

<td>0</td>

</tr>

<tr bgcolor="#D4E4F3">

<td>MIN_CAT</td>

<td>1Depth Contours</td>

</tr>

<tr>

<td>RTP_LIMIT</td>

<td>0</td>

</tr>

<tr bgcolor="#D4E4F3">

<td>RTP_COLOR</td>

<td>19</td>

</tr>

<tr>

<td>FONT</td>

<td>020</td>

</tr>

<tr bgcolor="#D4E4F3">

<td>VALUE</td>

<td>12</td>

</tr>

<tr>

<td>TYPE</td>

<td>0</td>

</tr>

<tr bgcolor="#D4E4F3">

<td>Depth</td>

<td>-12</td>

</tr>

</table>

</td>

</tr>

</table>

</body>

</html>]]></description>
			<styleUrl>#LineStyle079</styleUrl>
			<MultiGeometry>
				<LineString>
					<tessellate>1</tessellate>
					<coordinates>
						101.519758145,1.663454694,0 101.51976953,1.663472781,0 101.519799487,1.663475192,0 101.519817461,1.663468904,0 101.519867235,1.663436606,0 101.519876286,1.663418519,0 101.519871383,1.663409475,0 101.519853409,1.663400432,0 101.519799487,1.663417824,0 101.519768931,1.663436606,0 101.519758145,1.663454694,0 
					</coordinates>
				</LineString>
			</MultiGeometry>
		</Placemark>
		<Placemark id="ID_00173">
			<name>-12</name>
			<Snippet maxLines="0"></Snippet>
			<description><![CDATA[<html xmlns:fo="http://www.w3.org/1999/XSL/Format" xmlns:msxsl="urn:schemas-microsoft-com:xslt">

<head>

<META http-equiv="Content-Type" content="text/html">

<meta http-equiv="content-type" content="text/html; charset=UTF-8">

</head>

<body style="margin:0px 0px 0px 0px;overflow:auto;background:#FFFFFF;">

<table style="font-family:Arial,Verdana,Times;font-size:12px;text-align:left;width:100%;border-collapse:collapse;padding:3px 3px 3px 3px">

<tr style="text-align:center;font-weight:bold;background:#9CBCE2">

<td>Nautical</td>

</tr>

<tr>

<td>

<table style="font-family:Arial,Verdana,Times;font-size:12px;text-align:left;width:100%;border-spacing:0px; padding:3px 3px 3px 3px">

<tr>

<td>FID</td>

<td>173</td>

</tr>

<tr bgcolor="#D4E4F3">

<td>MAJ_CAT</td>

<td>Nautical</td>

</tr>

<tr>

<td>L_LIMIT</td>

<td>0</td>

</tr>

<tr bgcolor="#D4E4F3">

<td>U_LIMIT</td>

<td>0</td>

</tr>

<tr>

<td>ZORDER</td>

<td>9</td>

</tr>

<tr bgcolor="#D4E4F3">

<td>LAYER</td>

<td>0</td>

</tr>

<tr>

<td>MODE</td>

<td>2T</td>

</tr>

<tr bgcolor="#D4E4F3">

<td>COLOR</td>

<td>0</td>

</tr>

<tr>

<td>WIDTH</td>

<td>0</td>

</tr>

<tr bgcolor="#D4E4F3">

<td>MIN_CAT</td>

<td>1Depth Contours</td>

</tr>

<tr>

<td>RTP_LIMIT</td>

<td>0</td>

</tr>

<tr bgcolor="#D4E4F3">

<td>RTP_COLOR</td>

<td>19</td>

</tr>

<tr>

<td>FONT</td>

<td>020</td>

</tr>

<tr bgcolor="#D4E4F3">

<td>VALUE</td>

<td>12</td>

</tr>

<tr>

<td>TYPE</td>

<td>0</td>

</tr>

<tr bgcolor="#D4E4F3">

<td>Depth</td>

<td>-12</td>

</tr>

</table>

</td>

</tr>

</table>

</body>

</html>]]></description>
			<styleUrl>#LineStyle079</styleUrl>
			<MultiGeometry>
				<LineString>
					<tessellate>1</tessellate>
					<coordinates>
						101.519163651,1.663726002,0 101.519170391,1.663733753,0 101.519188365,1.663739266,0 101.519206339,1.663734514,0 101.519224313,1.663720978,0 101.519242287,1.663700002,0 101.519252772,1.66367174,0 101.519242287,1.663646206,0 101.519224313,1.663640499,0 101.519206339,1.663643317,0 101.519170391,1.663665229,0 101.519155543,1.663689828,0 101.519153415,1.663707915,0 101.519163651,1.663726002,0 
					</coordinates>
				</LineString>
			</MultiGeometry>
		</Placemark>
		<Placemark id="ID_00174">
			<name>-12</name>
			<Snippet maxLines="0"></Snippet>
			<description><![CDATA[<html xmlns:fo="http://www.w3.org/1999/XSL/Format" xmlns:msxsl="urn:schemas-microsoft-com:xslt">

<head>

<META http-equiv="Content-Type" content="text/html">

<meta http-equiv="content-type" content="text/html; charset=UTF-8">

</head>

<body style="margin:0px 0px 0px 0px;overflow:auto;background:#FFFFFF;">

<table style="font-family:Arial,Verdana,Times;font-size:12px;text-align:left;width:100%;border-collapse:collapse;padding:3px 3px 3px 3px">

<tr style="text-align:center;font-weight:bold;background:#9CBCE2">

<td>Nautical</td>

</tr>

<tr>

<td>

<table style="font-family:Arial,Verdana,Times;font-size:12px;text-align:left;width:100%;border-spacing:0px; padding:3px 3px 3px 3px">

<tr>

<td>FID</td>

<td>174</td>

</tr>

<tr bgcolor="#D4E4F3">

<td>MAJ_CAT</td>

<td>Nautical</td>

</tr>

<tr>

<td>L_LIMIT</td>

<td>0</td>

</tr>

<tr bgcolor="#D4E4F3">

<td>U_LIMIT</td>

<td>0</td>

</tr>

<tr>

<td>ZORDER</td>

<td>9</td>

</tr>

<tr bgcolor="#D4E4F3">

<td>LAYER</td>

<td>0</td>

</tr>

<tr>

<td>MODE</td>

<td>2T</td>

</tr>

<tr bgcolor="#D4E4F3">

<td>COLOR</td>

<td>0</td>

</tr>

<tr>

<td>WIDTH</td>

<td>0</td>

</tr>

<tr bgcolor="#D4E4F3">

<td>MIN_CAT</td>

<td>1Depth Contours</td>

</tr>

<tr>

<td>RTP_LIMIT</td>

<td>0</td>

</tr>

<tr bgcolor="#D4E4F3">

<td>RTP_COLOR</td>

<td>19</td>

</tr>

<tr>

<td>FONT</td>

<td>020</td>

</tr>

<tr bgcolor="#D4E4F3">

<td>VALUE</td>

<td>12</td>

</tr>

<tr>

<td>TYPE</td>

<td>0</td>

</tr>

<tr bgcolor="#D4E4F3">

<td>Depth</td>

<td>-12</td>

</tr>

</table>

</td>

</tr>

</table>

</body>

</html>]]></description>
			<styleUrl>#LineStyle079</styleUrl>
			<MultiGeometry>
				<LineString>
					<tessellate>1</tessellate>
					<coordinates>
						101.524108793,1.666402913,0 101.524131261,1.666409373,0 101.524137513,1.666384826,0 101.524113287,1.666312477,0 101.524103301,1.666330564,0 101.524101304,1.666384826,0 101.524108793,1.666402913,0 
					</coordinates>
				</LineString>
			</MultiGeometry>
		</Placemark>
		<Placemark id="ID_00175">
			<name>-12</name>
			<Snippet maxLines="0"></Snippet>
			<description><![CDATA[<html xmlns:fo="http://www.w3.org/1999/XSL/Format" xmlns:msxsl="urn:schemas-microsoft-com:xslt">

<head>

<META http-equiv="Content-Type" content="text/html">

<meta http-equiv="content-type" content="text/html; charset=UTF-8">

</head>

<body style="margin:0px 0px 0px 0px;overflow:auto;background:#FFFFFF;">

<table style="font-family:Arial,Verdana,Times;font-size:12px;text-align:left;width:100%;border-collapse:collapse;padding:3px 3px 3px 3px">

<tr style="text-align:center;font-weight:bold;background:#9CBCE2">

<td>Nautical</td>

</tr>

<tr>

<td>

<table style="font-family:Arial,Verdana,Times;font-size:12px;text-align:left;width:100%;border-spacing:0px; padding:3px 3px 3px 3px">

<tr>

<td>FID</td>

<td>175</td>

</tr>

<tr bgcolor="#D4E4F3">

<td>MAJ_CAT</td>

<td>Nautical</td>

</tr>

<tr>

<td>L_LIMIT</td>

<td>0</td>

</tr>

<tr bgcolor="#D4E4F3">

<td>U_LIMIT</td>

<td>0</td>

</tr>

<tr>

<td>ZORDER</td>

<td>9</td>

</tr>

<tr bgcolor="#D4E4F3">

<td>LAYER</td>

<td>0</td>

</tr>

<tr>

<td>MODE</td>

<td>2T</td>

</tr>

<tr bgcolor="#D4E4F3">

<td>COLOR</td>

<td>0</td>

</tr>

<tr>

<td>WIDTH</td>

<td>0</td>

</tr>

<tr bgcolor="#D4E4F3">

<td>MIN_CAT</td>

<td>1Depth Contours</td>

</tr>

<tr>

<td>RTP_LIMIT</td>

<td>0</td>

</tr>

<tr bgcolor="#D4E4F3">

<td>RTP_COLOR</td>

<td>19</td>

</tr>

<tr>

<td>FONT</td>

<td>020</td>

</tr>

<tr bgcolor="#D4E4F3">

<td>VALUE</td>

<td>12</td>

</tr>

<tr>

<td>TYPE</td>

<td>0</td>

</tr>

<tr bgcolor="#D4E4F3">

<td>Depth</td>

<td>-12</td>

</tr>

</table>

</td>

</tr>

</table>

</body>

</html>]]></description>
			<styleUrl>#LineStyle079</styleUrl>
			<MultiGeometry>
				<LineString>
					<tessellate>1</tessellate>
					<coordinates>
						101.524003702,1.666439088,0 101.524023416,1.666506914,0 101.52404139,1.666529524,0 101.524059364,1.666509628,0 101.524070305,1.666402913,0 101.524044033,1.666222041,0 101.524023416,1.666159866,0 101.524005442,1.666153866,0 101.523994058,1.666185866,0 101.523989897,1.666240128,0 101.523995556,1.666402913,0 101.524003702,1.666439088,0 
					</coordinates>
				</LineString>
			</MultiGeometry>
		</Placemark>
		<Placemark id="ID_00176">
			<name>-12</name>
			<Snippet maxLines="0"></Snippet>
			<description><![CDATA[<html xmlns:fo="http://www.w3.org/1999/XSL/Format" xmlns:msxsl="urn:schemas-microsoft-com:xslt">

<head>

<META http-equiv="Content-Type" content="text/html">

<meta http-equiv="content-type" content="text/html; charset=UTF-8">

</head>

<body style="margin:0px 0px 0px 0px;overflow:auto;background:#FFFFFF;">

<table style="font-family:Arial,Verdana,Times;font-size:12px;text-align:left;width:100%;border-collapse:collapse;padding:3px 3px 3px 3px">

<tr style="text-align:center;font-weight:bold;background:#9CBCE2">

<td>Nautical</td>

</tr>

<tr>

<td>

<table style="font-family:Arial,Verdana,Times;font-size:12px;text-align:left;width:100%;border-spacing:0px; padding:3px 3px 3px 3px">

<tr>

<td>FID</td>

<td>176</td>

</tr>

<tr bgcolor="#D4E4F3">

<td>MAJ_CAT</td>

<td>Nautical</td>

</tr>

<tr>

<td>L_LIMIT</td>

<td>0</td>

</tr>

<tr bgcolor="#D4E4F3">

<td>U_LIMIT</td>

<td>0</td>

</tr>

<tr>

<td>ZORDER</td>

<td>9</td>

</tr>

<tr bgcolor="#D4E4F3">

<td>LAYER</td>

<td>0</td>

</tr>

<tr>

<td>MODE</td>

<td>2T</td>

</tr>

<tr bgcolor="#D4E4F3">

<td>COLOR</td>

<td>0</td>

</tr>

<tr>

<td>WIDTH</td>

<td>0</td>

</tr>

<tr bgcolor="#D4E4F3">

<td>MIN_CAT</td>

<td>1Depth Contours</td>

</tr>

<tr>

<td>RTP_LIMIT</td>

<td>0</td>

</tr>

<tr bgcolor="#D4E4F3">

<td>RTP_COLOR</td>

<td>19</td>

</tr>

<tr>

<td>FONT</td>

<td>020</td>

</tr>

<tr bgcolor="#D4E4F3">

<td>VALUE</td>

<td>12</td>

</tr>

<tr>

<td>TYPE</td>

<td>0</td>

</tr>

<tr bgcolor="#D4E4F3">

<td>Depth</td>

<td>-12</td>

</tr>

</table>

</td>

</tr>

</table>

</body>

</html>]]></description>
			<styleUrl>#LineStyle079</styleUrl>
			<MultiGeometry>
				<LineString>
					<tessellate>1</tessellate>
					<coordinates>
						101.523963502,1.666782745,0 101.524023416,1.666812342,0 101.52404139,1.666815419,0 101.52405985,1.666800832,0 101.524074909,1.666764658,0 101.524077338,1.666722455,0 101.524059364,1.666676231,0 101.52404139,1.66666647,0 101.524023416,1.666676935,0 101.523958432,1.666746571,0 101.523953017,1.666764658,0 101.523963502,1.666782745,0 
					</coordinates>
				</LineString>
			</MultiGeometry>
		</Placemark>
		<Placemark id="ID_00177">
			<name>-12</name>
			<Snippet maxLines="0"></Snippet>
			<description><![CDATA[<html xmlns:fo="http://www.w3.org/1999/XSL/Format" xmlns:msxsl="urn:schemas-microsoft-com:xslt">

<head>

<META http-equiv="Content-Type" content="text/html">

<meta http-equiv="content-type" content="text/html; charset=UTF-8">

</head>

<body style="margin:0px 0px 0px 0px;overflow:auto;background:#FFFFFF;">

<table style="font-family:Arial,Verdana,Times;font-size:12px;text-align:left;width:100%;border-collapse:collapse;padding:3px 3px 3px 3px">

<tr style="text-align:center;font-weight:bold;background:#9CBCE2">

<td>Nautical</td>

</tr>

<tr>

<td>

<table style="font-family:Arial,Verdana,Times;font-size:12px;text-align:left;width:100%;border-spacing:0px; padding:3px 3px 3px 3px">

<tr>

<td>FID</td>

<td>177</td>

</tr>

<tr bgcolor="#D4E4F3">

<td>MAJ_CAT</td>

<td>Nautical</td>

</tr>

<tr>

<td>L_LIMIT</td>

<td>0</td>

</tr>

<tr bgcolor="#D4E4F3">

<td>U_LIMIT</td>

<td>0</td>

</tr>

<tr>

<td>ZORDER</td>

<td>9</td>

</tr>

<tr bgcolor="#D4E4F3">

<td>LAYER</td>

<td>0</td>

</tr>

<tr>

<td>MODE</td>

<td>2T</td>

</tr>

<tr bgcolor="#D4E4F3">

<td>COLOR</td>

<td>0</td>

</tr>

<tr>

<td>WIDTH</td>

<td>0</td>

</tr>

<tr bgcolor="#D4E4F3">

<td>MIN_CAT</td>

<td>1Depth Contours</td>

</tr>

<tr>

<td>RTP_LIMIT</td>

<td>0</td>

</tr>

<tr bgcolor="#D4E4F3">

<td>RTP_COLOR</td>

<td>19</td>

</tr>

<tr>

<td>FONT</td>

<td>020</td>

</tr>

<tr bgcolor="#D4E4F3">

<td>VALUE</td>

<td>12</td>

</tr>

<tr>

<td>TYPE</td>

<td>0</td>

</tr>

<tr bgcolor="#D4E4F3">

<td>Depth</td>

<td>-12</td>

</tr>

</table>

</td>

</tr>

</table>

</body>

</html>]]></description>
			<styleUrl>#LineStyle079</styleUrl>
			<MultiGeometry>
				<LineString>
					<tessellate>1</tessellate>
					<coordinates>
						101.52407323,1.667687107,0 101.524077338,1.667700261,0 101.524095313,1.667706745,0 101.524113287,1.667692382,0 101.52415922,1.667723281,0 101.524167209,1.667742875,0 101.524190576,1.667705194,0 101.524190692,1.667650932,0 101.524167209,1.667547342,0 101.524149235,1.667503221,0 101.524131261,1.667490156,0 101.524095313,1.667489955,0 101.524071722,1.667614758,0 101.52407323,1.667687107,0 
					</coordinates>
				</LineString>
			</MultiGeometry>
		</Placemark>
		<Placemark id="ID_00178">
			<name>-12</name>
			<Snippet maxLines="0"></Snippet>
			<description><![CDATA[<html xmlns:fo="http://www.w3.org/1999/XSL/Format" xmlns:msxsl="urn:schemas-microsoft-com:xslt">

<head>

<META http-equiv="Content-Type" content="text/html">

<meta http-equiv="content-type" content="text/html; charset=UTF-8">

</head>

<body style="margin:0px 0px 0px 0px;overflow:auto;background:#FFFFFF;">

<table style="font-family:Arial,Verdana,Times;font-size:12px;text-align:left;width:100%;border-collapse:collapse;padding:3px 3px 3px 3px">

<tr style="text-align:center;font-weight:bold;background:#9CBCE2">

<td>Nautical</td>

</tr>

<tr>

<td>

<table style="font-family:Arial,Verdana,Times;font-size:12px;text-align:left;width:100%;border-spacing:0px; padding:3px 3px 3px 3px">

<tr>

<td>FID</td>

<td>178</td>

</tr>

<tr bgcolor="#D4E4F3">

<td>MAJ_CAT</td>

<td>Nautical</td>

</tr>

<tr>

<td>L_LIMIT</td>

<td>0</td>

</tr>

<tr bgcolor="#D4E4F3">

<td>U_LIMIT</td>

<td>0</td>

</tr>

<tr>

<td>ZORDER</td>

<td>9</td>

</tr>

<tr bgcolor="#D4E4F3">

<td>LAYER</td>

<td>0</td>

</tr>

<tr>

<td>MODE</td>

<td>2T</td>

</tr>

<tr bgcolor="#D4E4F3">

<td>COLOR</td>

<td>0</td>

</tr>

<tr>

<td>WIDTH</td>

<td>0</td>

</tr>

<tr bgcolor="#D4E4F3">

<td>MIN_CAT</td>

<td>1Depth Contours</td>

</tr>

<tr>

<td>RTP_LIMIT</td>

<td>0</td>

</tr>

<tr bgcolor="#D4E4F3">

<td>RTP_COLOR</td>

<td>19</td>

</tr>

<tr>

<td>FONT</td>

<td>020</td>

</tr>

<tr bgcolor="#D4E4F3">

<td>VALUE</td>

<td>12</td>

</tr>

<tr>

<td>TYPE</td>

<td>0</td>

</tr>

<tr bgcolor="#D4E4F3">

<td>Depth</td>

<td>-12</td>

</tr>

</table>

</td>

</tr>

</table>

</body>

</html>]]></description>
			<styleUrl>#LineStyle079</styleUrl>
			<MultiGeometry>
				<LineString>
					<tessellate>1</tessellate>
					<coordinates>
						101.519636902,1.667813717,0 101.519665153,1.667940328,0 101.519691642,1.667979966,0 101.519719076,1.66799459,0 101.519745564,1.667998012,0 101.519781512,1.667991185,0 101.519817461,1.667971519,0 101.519907332,1.667881637,0 101.520039891,1.66779563,0 101.520068318,1.667759456,0 101.520063423,1.667723281,0 101.520017573,1.667650932,0 101.520013794,1.667596671,0 101.519997202,1.66756954,0 101.519979228,1.667559105,0 101.51994328,1.667550977,0 101.519871383,1.667558852,0 101.51972759,1.667594362,0 101.519673667,1.667619143,0 101.519642477,1.667650932,0 101.519630835,1.667687107,0 101.519628019,1.667759456,0 101.519636902,1.667813717,0 
					</coordinates>
				</LineString>
			</MultiGeometry>
		</Placemark>
		<Placemark id="ID_00179">
			<name>-12</name>
			<Snippet maxLines="0"></Snippet>
			<description><![CDATA[<html xmlns:fo="http://www.w3.org/1999/XSL/Format" xmlns:msxsl="urn:schemas-microsoft-com:xslt">

<head>

<META http-equiv="Content-Type" content="text/html">

<meta http-equiv="content-type" content="text/html; charset=UTF-8">

</head>

<body style="margin:0px 0px 0px 0px;overflow:auto;background:#FFFFFF;">

<table style="font-family:Arial,Verdana,Times;font-size:12px;text-align:left;width:100%;border-collapse:collapse;padding:3px 3px 3px 3px">

<tr style="text-align:center;font-weight:bold;background:#9CBCE2">

<td>Nautical</td>

</tr>

<tr>

<td>

<table style="font-family:Arial,Verdana,Times;font-size:12px;text-align:left;width:100%;border-spacing:0px; padding:3px 3px 3px 3px">

<tr>

<td>FID</td>

<td>179</td>

</tr>

<tr bgcolor="#D4E4F3">

<td>MAJ_CAT</td>

<td>Nautical</td>

</tr>

<tr>

<td>L_LIMIT</td>

<td>0</td>

</tr>

<tr bgcolor="#D4E4F3">

<td>U_LIMIT</td>

<td>0</td>

</tr>

<tr>

<td>ZORDER</td>

<td>9</td>

</tr>

<tr bgcolor="#D4E4F3">

<td>LAYER</td>

<td>0</td>

</tr>

<tr>

<td>MODE</td>

<td>2T</td>

</tr>

<tr bgcolor="#D4E4F3">

<td>COLOR</td>

<td>0</td>

</tr>

<tr>

<td>WIDTH</td>

<td>0</td>

</tr>

<tr bgcolor="#D4E4F3">

<td>MIN_CAT</td>

<td>1Depth Contours</td>

</tr>

<tr>

<td>RTP_LIMIT</td>

<td>0</td>

</tr>

<tr bgcolor="#D4E4F3">

<td>RTP_COLOR</td>

<td>19</td>

</tr>

<tr>

<td>FONT</td>

<td>020</td>

</tr>

<tr bgcolor="#D4E4F3">

<td>VALUE</td>

<td>12</td>

</tr>

<tr>

<td>TYPE</td>

<td>0</td>

</tr>

<tr bgcolor="#D4E4F3">

<td>Depth</td>

<td>-12</td>

</tr>

</table>

</td>

</tr>

</table>

</body>

</html>]]></description>
			<styleUrl>#LineStyle079</styleUrl>
			<MultiGeometry>
				<LineString>
					<tessellate>1</tessellate>
					<coordinates>
						101.52392366,1.668066939,0 101.523951519,1.66809141,0 101.523969493,1.668098089,0 101.523987468,1.668099921,0 101.524005442,1.668096331,0 101.524049093,1.668066939,0 101.524062359,1.668048851,0 101.524060862,1.668030764,0 101.524038123,1.668012677,0 101.524005442,1.668001696,0 101.523969493,1.668006825,0 101.52393078,1.668030764,0 101.523921823,1.668048851,0 101.52392366,1.668066939,0 
					</coordinates>
				</LineString>
			</MultiGeometry>
		</Placemark>
		<Placemark id="ID_00180">
			<name>-12</name>
			<Snippet maxLines="0"></Snippet>
			<description><![CDATA[<html xmlns:fo="http://www.w3.org/1999/XSL/Format" xmlns:msxsl="urn:schemas-microsoft-com:xslt">

<head>

<META http-equiv="Content-Type" content="text/html">

<meta http-equiv="content-type" content="text/html; charset=UTF-8">

</head>

<body style="margin:0px 0px 0px 0px;overflow:auto;background:#FFFFFF;">

<table style="font-family:Arial,Verdana,Times;font-size:12px;text-align:left;width:100%;border-collapse:collapse;padding:3px 3px 3px 3px">

<tr style="text-align:center;font-weight:bold;background:#9CBCE2">

<td>Nautical</td>

</tr>

<tr>

<td>

<table style="font-family:Arial,Verdana,Times;font-size:12px;text-align:left;width:100%;border-spacing:0px; padding:3px 3px 3px 3px">

<tr>

<td>FID</td>

<td>180</td>

</tr>

<tr bgcolor="#D4E4F3">

<td>MAJ_CAT</td>

<td>Nautical</td>

</tr>

<tr>

<td>L_LIMIT</td>

<td>0</td>

</tr>

<tr bgcolor="#D4E4F3">

<td>U_LIMIT</td>

<td>0</td>

</tr>

<tr>

<td>ZORDER</td>

<td>9</td>

</tr>

<tr bgcolor="#D4E4F3">

<td>LAYER</td>

<td>0</td>

</tr>

<tr>

<td>MODE</td>

<td>2T</td>

</tr>

<tr bgcolor="#D4E4F3">

<td>COLOR</td>

<td>0</td>

</tr>

<tr>

<td>WIDTH</td>

<td>0</td>

</tr>

<tr bgcolor="#D4E4F3">

<td>MIN_CAT</td>

<td>1Depth Contours</td>

</tr>

<tr>

<td>RTP_LIMIT</td>

<td>0</td>

</tr>

<tr bgcolor="#D4E4F3">

<td>RTP_COLOR</td>

<td>19</td>

</tr>

<tr>

<td>FONT</td>

<td>020</td>

</tr>

<tr bgcolor="#D4E4F3">

<td>VALUE</td>

<td>12</td>

</tr>

<tr>

<td>TYPE</td>

<td>0</td>

</tr>

<tr bgcolor="#D4E4F3">

<td>Depth</td>

<td>-12</td>

</tr>

</table>

</td>

</tr>

</table>

</body>

</html>]]></description>
			<styleUrl>#LineStyle079</styleUrl>
			<MultiGeometry>
				<LineString>
					<tessellate>1</tessellate>
					<coordinates>
						101.519871383,1.670280041,0 101.519889357,1.670280041,0 101.519979228,1.67017281,0 101.520087073,1.669957701,0 101.520123022,1.669916725,0 101.520153644,1.66989375,0 101.520212892,1.669873956,0 101.520320737,1.669860519,0 101.520500479,1.669882897,0 101.520572376,1.669886834,0 101.520644272,1.669901971,0 101.520716169,1.669926823,0 101.520903725,1.67002036,0 101.520985782,1.670067732,0 101.521017392,1.670092709,0 101.521077957,1.67021932,0 101.521111601,1.670261267,0 101.521165523,1.67028564,0 101.521363239,1.67033878,0 101.52145311,1.670371206,0 101.521488692,1.670400192,0 101.521562753,1.670508716,0 101.521596903,1.670530735,0 101.521632852,1.670533791,0 101.521650826,1.670528447,0 101.5216688,1.670516163,0 101.52173171,1.670436367,0 101.521776645,1.670404714,0 101.521833444,1.670382105,0 101.521956387,1.670343969,0 101.522024972,1.670309756,0 101.522107455,1.670237407,0 101.522186267,1.670146971,0 101.522318729,1.670056535,0 101.522455434,1.669929924,0 101.522513586,1.669905726,0 101.522585483,1.669887871,0 101.522693328,1.669875969,0 101.522783198,1.669874347,0 101.522837121,1.669863488,0 101.522873069,1.669848531,0 101.522915608,1.669821401,0 101.522982297,1.669749052,0 101.523052811,1.669733979,0 101.523142682,1.669725961,0 101.52317863,1.6697136,0 101.523190382,1.66969479,0 101.523192266,1.669676703,0 101.523185691,1.669604354,0 101.523195406,1.669550092,0 101.52319453,1.669532005,0 101.523175036,1.66949583,0 101.52317863,1.669477743,0 101.523214578,1.669486183,0 101.523232553,1.669511657,0 101.523259514,1.669604354,0 101.523262082,1.669676703,0 101.523311639,1.669767139,0 101.52332896,1.669785226,0 101.523414862,1.669857575,0 101.523443107,1.669875662,0 101.523520139,1.669907663,0 101.523627984,1.669942507,0 101.523663933,1.669962481,0 101.523707696,1.67002036,0 101.523735829,1.670044476,0 101.523771778,1.670057051,0 101.523789752,1.670054364,0 101.523807726,1.670045682,0 101.5238257,1.670027143,0 101.523835971,1.670002273,0 101.523841195,1.669875662,0 101.523854361,1.669839488,0 101.523887573,1.669785226,0 101.523921793,1.66969479,0 101.523929743,1.669622441,0 101.523890627,1.669550092,0 101.523861648,1.669521714,0 101.5238257,1.669504178,0 101.523771778,1.669486239,0 101.523645958,1.669460409,0 101.52361001,1.669437262,0 101.523591587,1.669387307,0 101.523599525,1.669206435,0 101.523666441,1.669061737,0 101.523725797,1.668971301,0 101.523771778,1.668880864,0 101.523987468,1.668625892,0 101.52402505,1.668573381,0 101.524061995,1.668501032,0 101.524067482,1.668446771,0 101.524001128,1.668356335,0 101.523994657,1.668338247,0 101.52399919,1.668302073,0 101.524023416,1.668247811,0 101.524104828,1.668175462,0 101.524160673,1.668103113,0 101.524168525,1.668085026,0 101.524169349,1.668030764,0 101.524185183,1.667933751,0 101.524203158,1.667919657,0 101.524235934,1.667940328,0 101.524239106,1.66794808,0 101.524311003,1.667911389,0 101.524328977,1.667906884,0 101.524382899,1.667906884,0 
					</coordinates>
				</LineString>
			</MultiGeometry>
		</Placemark>
		<Placemark id="ID_00181">
			<name>-12</name>
			<Snippet maxLines="0"></Snippet>
			<description><![CDATA[<html xmlns:fo="http://www.w3.org/1999/XSL/Format" xmlns:msxsl="urn:schemas-microsoft-com:xslt">

<head>

<META http-equiv="Content-Type" content="text/html">

<meta http-equiv="content-type" content="text/html; charset=UTF-8">

</head>

<body style="margin:0px 0px 0px 0px;overflow:auto;background:#FFFFFF;">

<table style="font-family:Arial,Verdana,Times;font-size:12px;text-align:left;width:100%;border-collapse:collapse;padding:3px 3px 3px 3px">

<tr style="text-align:center;font-weight:bold;background:#9CBCE2">

<td>Nautical</td>

</tr>

<tr>

<td>

<table style="font-family:Arial,Verdana,Times;font-size:12px;text-align:left;width:100%;border-spacing:0px; padding:3px 3px 3px 3px">

<tr>

<td>FID</td>

<td>181</td>

</tr>

<tr bgcolor="#D4E4F3">

<td>MAJ_CAT</td>

<td>Nautical</td>

</tr>

<tr>

<td>L_LIMIT</td>

<td>0</td>

</tr>

<tr bgcolor="#D4E4F3">

<td>U_LIMIT</td>

<td>0</td>

</tr>

<tr>

<td>ZORDER</td>

<td>9</td>

</tr>

<tr bgcolor="#D4E4F3">

<td>LAYER</td>

<td>0</td>

</tr>

<tr>

<td>MODE</td>

<td>2T</td>

</tr>

<tr bgcolor="#D4E4F3">

<td>COLOR</td>

<td>0</td>

</tr>

<tr>

<td>WIDTH</td>

<td>0</td>

</tr>

<tr bgcolor="#D4E4F3">

<td>MIN_CAT</td>

<td>1Depth Contours</td>

</tr>

<tr>

<td>RTP_LIMIT</td>

<td>0</td>

</tr>

<tr bgcolor="#D4E4F3">

<td>RTP_COLOR</td>

<td>19</td>

</tr>

<tr>

<td>FONT</td>

<td>020</td>

</tr>

<tr bgcolor="#D4E4F3">

<td>VALUE</td>

<td>12</td>

</tr>

<tr>

<td>TYPE</td>

<td>0</td>

</tr>

<tr bgcolor="#D4E4F3">

<td>Depth</td>

<td>-12</td>

</tr>

</table>

</td>

</tr>

</table>

</body>

</html>]]></description>
			<styleUrl>#LineStyle079</styleUrl>
			<MultiGeometry>
				<LineString>
					<tessellate>1</tessellate>
					<coordinates>
						101.523645958,1.689765967,0 101.523669762,1.689825881,0 101.523699881,1.68985206,0 101.523735829,1.689867349,0 101.523771778,1.689872951,0 101.523807726,1.689871099,0 101.523843674,1.689860548,0 101.523867151,1.689843968,0 101.523894995,1.689789706,0 101.523893813,1.68969927,0 101.523876838,1.689663096,0 101.523843674,1.689627199,0 101.523789752,1.689588671,0 101.523771778,1.689582306,0 101.523735829,1.689584198,0 101.523699881,1.689605625,0 101.523681907,1.689625335,0 101.523646449,1.68969927,0 101.523645958,1.689765967,0 
					</coordinates>
				</LineString>
			</MultiGeometry>
		</Placemark>
		<Placemark id="ID_00182">
			<name>-12</name>
			<Snippet maxLines="0"></Snippet>
			<description><![CDATA[<html xmlns:fo="http://www.w3.org/1999/XSL/Format" xmlns:msxsl="urn:schemas-microsoft-com:xslt">

<head>

<META http-equiv="Content-Type" content="text/html">

<meta http-equiv="content-type" content="text/html; charset=UTF-8">

</head>

<body style="margin:0px 0px 0px 0px;overflow:auto;background:#FFFFFF;">

<table style="font-family:Arial,Verdana,Times;font-size:12px;text-align:left;width:100%;border-collapse:collapse;padding:3px 3px 3px 3px">

<tr style="text-align:center;font-weight:bold;background:#9CBCE2">

<td>Nautical</td>

</tr>

<tr>

<td>

<table style="font-family:Arial,Verdana,Times;font-size:12px;text-align:left;width:100%;border-spacing:0px; padding:3px 3px 3px 3px">

<tr>

<td>FID</td>

<td>182</td>

</tr>

<tr bgcolor="#D4E4F3">

<td>MAJ_CAT</td>

<td>Nautical</td>

</tr>

<tr>

<td>L_LIMIT</td>

<td>0</td>

</tr>

<tr bgcolor="#D4E4F3">

<td>U_LIMIT</td>

<td>0</td>

</tr>

<tr>

<td>ZORDER</td>

<td>9</td>

</tr>

<tr bgcolor="#D4E4F3">

<td>LAYER</td>

<td>0</td>

</tr>

<tr>

<td>MODE</td>

<td>2T</td>

</tr>

<tr bgcolor="#D4E4F3">

<td>COLOR</td>

<td>0</td>

</tr>

<tr>

<td>WIDTH</td>

<td>0</td>

</tr>

<tr bgcolor="#D4E4F3">

<td>MIN_CAT</td>

<td>1Depth Contours</td>

</tr>

<tr>

<td>RTP_LIMIT</td>

<td>0</td>

</tr>

<tr bgcolor="#D4E4F3">

<td>RTP_COLOR</td>

<td>19</td>

</tr>

<tr>

<td>FONT</td>

<td>020</td>

</tr>

<tr bgcolor="#D4E4F3">

<td>VALUE</td>

<td>12</td>

</tr>

<tr>

<td>TYPE</td>

<td>0</td>

</tr>

<tr bgcolor="#D4E4F3">

<td>Depth</td>

<td>-12</td>

</tr>

</table>

</td>

</tr>

</table>

</body>

</html>]]></description>
			<styleUrl>#LineStyle079</styleUrl>
			<MultiGeometry>
				<LineString>
					<tessellate>1</tessellate>
					<coordinates>
						101.522549534,1.690747325,0 101.522603457,1.690745041,0 101.522693328,1.690729273,0 101.52274725,1.690700645,0 101.522837977,1.690621719,0 101.522909018,1.690578607,0 101.522980914,1.690549859,0 101.52327818,1.690458934,0 101.523334106,1.690422759,0 101.523430268,1.690337842,0 101.523484191,1.6903067,0 101.523556088,1.690284169,0 101.523735829,1.690249424,0 101.5238257,1.690237198,0 101.523868119,1.6902238,0 101.523905926,1.690187625,0 101.523939029,1.690115277,0 101.523991003,1.69002484,0 101.524023416,1.689987486,0 101.524066354,1.689952491,0 101.524136653,1.689916317,0 101.524239106,1.689885512,0 101.524328977,1.689876881,0 101.524364925,1.689869161,0 101.524386683,1.689862055,0 101.524413605,1.689843968,0 101.524454796,1.689753532,0 101.52448094,1.689645009,0 101.524508065,1.689590747,0 101.52453599,1.689554572,0 101.524609794,1.689482223,0 101.524670486,1.689446228,0 101.524706434,1.68943527,0 101.524742383,1.689432484,0 101.524778331,1.689440285,0 101.524796305,1.689450068,0 101.524824523,1.689482223,0 101.524877514,1.689590747,0 101.524940098,1.68967695,0 101.524976047,1.689717357,0 101.525011995,1.689742749,0 101.525047943,1.689755436,0 101.525155788,1.689774299,0 101.525191737,1.689772705,0 101.525227685,1.689759097,0 101.525249866,1.689735445,0 101.525263344,1.68969927,0 101.525297047,1.689446049,0 101.525317556,1.689366666,0 101.525331536,1.689337526,0 101.525358143,1.689319438,0 101.525425401,1.689289963,0 101.525468233,1.689265177,0 101.525587168,1.689176851,0 101.52575057,1.689066217,0 101.525862067,1.688975781,0 101.525926538,1.688903432,0 101.525960478,1.68884917,0 101.52597011,1.688812996,0 101.525968221,1.688758734,0 101.525982825,1.688704472,0 101.526018549,1.688646265,0 101.526054497,1.688615366,0 101.526090445,1.688604608,0 101.526144368,1.688603074,0 101.526180316,1.688610382,0 101.526252213,1.68863853,0 101.526288161,1.688643519,0 101.526324109,1.688636819,0 101.526360058,1.688619639,0 101.526431954,1.688564499,0 101.526487384,1.688505513,0 101.526546472,1.688433164,0 101.52662967,1.688303614,0 101.526683593,1.688261459,0 101.526701567,1.68825442,0 101.526719541,1.688254042,0 101.526737515,1.688259907,0 101.526755489,1.688274147,0 101.526783024,1.688324641,0 101.526789459,1.688378902,0 101.526772299,1.688469338,0 101.526775441,1.688559775,0 101.526785907,1.688595949,0 101.52684536,1.68868715,0 101.526881309,1.688717627,0 101.526899283,1.688728041,0 101.526917257,1.688729637,0 101.526989154,1.68868833,0 101.527096999,1.688604608,0 101.52711986,1.688577862,0 101.527125624,1.688541687,0 101.527094431,1.688433164,0 101.527089552,1.688378902,0 101.527090949,1.688324641,0 101.527109874,1.68819803,0 101.527145255,1.688107594,0 101.527168895,1.688077646,0 101.527186869,1.68806821,0 101.527204844,1.688067245,0 101.527222818,1.688073429,0 101.527330663,1.688178704,0 101.52749243,1.688402508,0 101.527618249,1.688553632,0 101.527690146,1.688623683,0 101.527780017,1.688691359,0 101.527851914,1.688729561,0 101.527869888,1.688735778,0 101.527887862,1.688736536,0 101.52792381,1.688726925,0 101.527977733,1.688726925,0 
					</coordinates>
				</LineString>
			</MultiGeometry>
		</Placemark>
		<Placemark id="ID_00183">
			<name>-12</name>
			<Snippet maxLines="0"></Snippet>
			<description><![CDATA[<html xmlns:fo="http://www.w3.org/1999/XSL/Format" xmlns:msxsl="urn:schemas-microsoft-com:xslt">

<head>

<META http-equiv="Content-Type" content="text/html">

<meta http-equiv="content-type" content="text/html; charset=UTF-8">

</head>

<body style="margin:0px 0px 0px 0px;overflow:auto;background:#FFFFFF;">

<table style="font-family:Arial,Verdana,Times;font-size:12px;text-align:left;width:100%;border-collapse:collapse;padding:3px 3px 3px 3px">

<tr style="text-align:center;font-weight:bold;background:#9CBCE2">

<td>Nautical</td>

</tr>

<tr>

<td>

<table style="font-family:Arial,Verdana,Times;font-size:12px;text-align:left;width:100%;border-spacing:0px; padding:3px 3px 3px 3px">

<tr>

<td>FID</td>

<td>183</td>

</tr>

<tr bgcolor="#D4E4F3">

<td>MAJ_CAT</td>

<td>Nautical</td>

</tr>

<tr>

<td>L_LIMIT</td>

<td>0</td>

</tr>

<tr bgcolor="#D4E4F3">

<td>U_LIMIT</td>

<td>0</td>

</tr>

<tr>

<td>ZORDER</td>

<td>9</td>

</tr>

<tr bgcolor="#D4E4F3">

<td>LAYER</td>

<td>0</td>

</tr>

<tr>

<td>MODE</td>

<td>2T</td>

</tr>

<tr bgcolor="#D4E4F3">

<td>COLOR</td>

<td>0</td>

</tr>

<tr>

<td>WIDTH</td>

<td>0</td>

</tr>

<tr bgcolor="#D4E4F3">

<td>MIN_CAT</td>

<td>1Depth Contours</td>

</tr>

<tr>

<td>RTP_LIMIT</td>

<td>0</td>

</tr>

<tr bgcolor="#D4E4F3">

<td>RTP_COLOR</td>

<td>19</td>

</tr>

<tr>

<td>FONT</td>

<td>020</td>

</tr>

<tr bgcolor="#D4E4F3">

<td>VALUE</td>

<td>12</td>

</tr>

<tr>

<td>TYPE</td>

<td>0</td>

</tr>

<tr bgcolor="#D4E4F3">

<td>Depth</td>

<td>-12</td>

</tr>

</table>

</td>

</tr>

</table>

</body>

</html>]]></description>
			<styleUrl>#LineStyle079</styleUrl>
			<MultiGeometry>
				<LineString>
					<tessellate>1</tessellate>
					<coordinates>
						101.525569194,1.693519581,0 101.525587168,1.693519581,0 101.525605143,1.693510987,0 101.525623117,1.693526597,0 101.525641091,1.693517485,0 101.525677039,1.693523694,0 101.525730962,1.693525771,0 101.525802858,1.693518615,0 101.525856781,1.693509647,0 101.5259826,1.693483965,0 101.526108419,1.693450321,0 101.52619829,1.693430476,0 101.526431954,1.693398109,0 101.526719541,1.693350953,0 101.527007128,1.693313056,0 101.52706105,1.693307673,0 101.527132947,1.693305261,0 101.527294714,1.693306647,0 101.527366611,1.693303059,0 101.527420534,1.693298437,0 101.527582301,1.693277958,0 101.527690146,1.693255898,0 101.527744069,1.693241079,0 101.52792381,1.693183323,0 101.528121526,1.693127668,0 101.528319242,1.693077537,0 101.528588854,1.6930137,0 101.528768596,1.69295595,0 101.529020234,1.692881492,0 101.529074157,1.692867624,0 101.52921795,1.692839871,0 101.529325795,1.692815633,0 101.529577434,1.692739353,0 101.52968113,1.692719838,0 101.529811098,1.692703717,0 101.529918943,1.692687006,0 101.529990839,1.692673356,0 101.530044762,1.692659353,0 101.53013199,1.692629402,0 101.530306317,1.692557053,0 101.530458168,1.692509547,0 101.530548039,1.692478107,0 101.530673858,1.692425648,0 101.530799677,1.692363772,0 101.531033341,1.692217864,0 101.531077331,1.692195308,0 101.531105238,1.692185903,0 101.531141186,1.692179831,0 101.531177135,1.692177598,0 101.531249031,1.692177052,0 101.53128498,1.692173714,0 101.531302954,1.692171055,0 101.531320928,1.692158608,0 101.531338902,1.692158608,0 
					</coordinates>
				</LineString>
			</MultiGeometry>
		</Placemark>
		<Placemark id="ID_00184">
			<name>-12</name>
			<Snippet maxLines="0"></Snippet>
			<description><![CDATA[<html xmlns:fo="http://www.w3.org/1999/XSL/Format" xmlns:msxsl="urn:schemas-microsoft-com:xslt">

<head>

<META http-equiv="Content-Type" content="text/html">

<meta http-equiv="content-type" content="text/html; charset=UTF-8">

</head>

<body style="margin:0px 0px 0px 0px;overflow:auto;background:#FFFFFF;">

<table style="font-family:Arial,Verdana,Times;font-size:12px;text-align:left;width:100%;border-collapse:collapse;padding:3px 3px 3px 3px">

<tr style="text-align:center;font-weight:bold;background:#9CBCE2">

<td>Nautical</td>

</tr>

<tr>

<td>

<table style="font-family:Arial,Verdana,Times;font-size:12px;text-align:left;width:100%;border-spacing:0px; padding:3px 3px 3px 3px">

<tr>

<td>FID</td>

<td>184</td>

</tr>

<tr bgcolor="#D4E4F3">

<td>MAJ_CAT</td>

<td>Nautical</td>

</tr>

<tr>

<td>L_LIMIT</td>

<td>0</td>

</tr>

<tr bgcolor="#D4E4F3">

<td>U_LIMIT</td>

<td>0</td>

</tr>

<tr>

<td>ZORDER</td>

<td>9</td>

</tr>

<tr bgcolor="#D4E4F3">

<td>LAYER</td>

<td>0</td>

</tr>

<tr>

<td>MODE</td>

<td>2T</td>

</tr>

<tr bgcolor="#D4E4F3">

<td>COLOR</td>

<td>0</td>

</tr>

<tr>

<td>WIDTH</td>

<td>0</td>

</tr>

<tr bgcolor="#D4E4F3">

<td>MIN_CAT</td>

<td>1Depth Contours</td>

</tr>

<tr>

<td>RTP_LIMIT</td>

<td>0</td>

</tr>

<tr bgcolor="#D4E4F3">

<td>RTP_COLOR</td>

<td>19</td>

</tr>

<tr>

<td>FONT</td>

<td>020</td>

</tr>

<tr bgcolor="#D4E4F3">

<td>VALUE</td>

<td>12</td>

</tr>

<tr>

<td>TYPE</td>

<td>0</td>

</tr>

<tr bgcolor="#D4E4F3">

<td>Depth</td>

<td>-12</td>

</tr>

</table>

</td>

</tr>

</table>

</body>

</html>]]></description>
			<styleUrl>#LineStyle079</styleUrl>
			<MultiGeometry>
				<LineString>
					<tessellate>1</tessellate>
					<coordinates>
						101.539445252,1.699222416,0 101.539427277,1.699223443,0 
					</coordinates>
				</LineString>
			</MultiGeometry>
		</Placemark>
		<Placemark id="ID_00185">
			<name>-12</name>
			<Snippet maxLines="0"></Snippet>
			<description><![CDATA[<html xmlns:fo="http://www.w3.org/1999/XSL/Format" xmlns:msxsl="urn:schemas-microsoft-com:xslt">

<head>

<META http-equiv="Content-Type" content="text/html">

<meta http-equiv="content-type" content="text/html; charset=UTF-8">

</head>

<body style="margin:0px 0px 0px 0px;overflow:auto;background:#FFFFFF;">

<table style="font-family:Arial,Verdana,Times;font-size:12px;text-align:left;width:100%;border-collapse:collapse;padding:3px 3px 3px 3px">

<tr style="text-align:center;font-weight:bold;background:#9CBCE2">

<td>Nautical</td>

</tr>

<tr>

<td>

<table style="font-family:Arial,Verdana,Times;font-size:12px;text-align:left;width:100%;border-spacing:0px; padding:3px 3px 3px 3px">

<tr>

<td>FID</td>

<td>185</td>

</tr>

<tr bgcolor="#D4E4F3">

<td>MAJ_CAT</td>

<td>Nautical</td>

</tr>

<tr>

<td>L_LIMIT</td>

<td>0</td>

</tr>

<tr bgcolor="#D4E4F3">

<td>U_LIMIT</td>

<td>0</td>

</tr>

<tr>

<td>ZORDER</td>

<td>9</td>

</tr>

<tr bgcolor="#D4E4F3">

<td>LAYER</td>

<td>0</td>

</tr>

<tr>

<td>MODE</td>

<td>2T</td>

</tr>

<tr bgcolor="#D4E4F3">

<td>COLOR</td>

<td>0</td>

</tr>

<tr>

<td>WIDTH</td>

<td>0</td>

</tr>

<tr bgcolor="#D4E4F3">

<td>MIN_CAT</td>

<td>1Depth Contours</td>

</tr>

<tr>

<td>RTP_LIMIT</td>

<td>0</td>

</tr>

<tr bgcolor="#D4E4F3">

<td>RTP_COLOR</td>

<td>19</td>

</tr>

<tr>

<td>FONT</td>

<td>020</td>

</tr>

<tr bgcolor="#D4E4F3">

<td>VALUE</td>

<td>12</td>

</tr>

<tr>

<td>TYPE</td>

<td>0</td>

</tr>

<tr bgcolor="#D4E4F3">

<td>Depth</td>

<td>-12</td>

</tr>

</table>

</td>

</tr>

</table>

</body>

</html>]]></description>
			<styleUrl>#LineStyle079</styleUrl>
			<MultiGeometry>
				<LineString>
					<tessellate>1</tessellate>
					<coordinates>
						101.535922315,1.699946964,0 101.535940289,1.699964596,0 101.535958263,1.699972517,0 101.535976237,1.699975848,0 101.536012186,1.699974375,0 101.536138005,1.699942933,0 101.536209901,1.699918481,0 101.536238732,1.699900468,0 101.536256475,1.699882381,0 101.536280198,1.699828119,0 101.536276277,1.699810032,0 101.536262838,1.699791945,0 101.536232146,1.699773858,0 101.536173953,1.699762697,0 101.536120031,1.699765324,0 101.536066108,1.699777449,0 101.536012186,1.699800753,0 101.535958263,1.699840136,0 101.535925507,1.699882381,0 101.535911373,1.699918555,0 101.535922315,1.699946964,0 
					</coordinates>
				</LineString>
			</MultiGeometry>
		</Placemark>
		<Placemark id="ID_00186">
			<name>-12</name>
			<Snippet maxLines="0"></Snippet>
			<description><![CDATA[<html xmlns:fo="http://www.w3.org/1999/XSL/Format" xmlns:msxsl="urn:schemas-microsoft-com:xslt">

<head>

<META http-equiv="Content-Type" content="text/html">

<meta http-equiv="content-type" content="text/html; charset=UTF-8">

</head>

<body style="margin:0px 0px 0px 0px;overflow:auto;background:#FFFFFF;">

<table style="font-family:Arial,Verdana,Times;font-size:12px;text-align:left;width:100%;border-collapse:collapse;padding:3px 3px 3px 3px">

<tr style="text-align:center;font-weight:bold;background:#9CBCE2">

<td>Nautical</td>

</tr>

<tr>

<td>

<table style="font-family:Arial,Verdana,Times;font-size:12px;text-align:left;width:100%;border-spacing:0px; padding:3px 3px 3px 3px">

<tr>

<td>FID</td>

<td>186</td>

</tr>

<tr bgcolor="#D4E4F3">

<td>MAJ_CAT</td>

<td>Nautical</td>

</tr>

<tr>

<td>L_LIMIT</td>

<td>0</td>

</tr>

<tr bgcolor="#D4E4F3">

<td>U_LIMIT</td>

<td>0</td>

</tr>

<tr>

<td>ZORDER</td>

<td>9</td>

</tr>

<tr bgcolor="#D4E4F3">

<td>LAYER</td>

<td>0</td>

</tr>

<tr>

<td>MODE</td>

<td>2T</td>

</tr>

<tr bgcolor="#D4E4F3">

<td>COLOR</td>

<td>0</td>

</tr>

<tr>

<td>WIDTH</td>

<td>0</td>

</tr>

<tr bgcolor="#D4E4F3">

<td>MIN_CAT</td>

<td>1Depth Contours</td>

</tr>

<tr>

<td>RTP_LIMIT</td>

<td>0</td>

</tr>

<tr bgcolor="#D4E4F3">

<td>RTP_COLOR</td>

<td>19</td>

</tr>

<tr>

<td>FONT</td>

<td>020</td>

</tr>

<tr bgcolor="#D4E4F3">

<td>VALUE</td>

<td>12</td>

</tr>

<tr>

<td>TYPE</td>

<td>0</td>

</tr>

<tr bgcolor="#D4E4F3">

<td>Depth</td>

<td>-12</td>

</tr>

</table>

</td>

</tr>

</table>

</body>

</html>]]></description>
			<styleUrl>#LineStyle079</styleUrl>
			<MultiGeometry>
				<LineString>
					<tessellate>1</tessellate>
					<coordinates>
						101.539427277,1.699223443,0 101.539337407,1.699235509,0 101.539247536,1.699262122,0 101.539153357,1.69930359,0 101.538995897,1.699386995,0 101.538921252,1.699412113,0 101.53883413,1.699430055,0 101.5387155,1.699448288,0 101.538564517,1.699469382,0 101.538348827,1.69949513,0 101.53818706,1.699523542,0 101.538097189,1.699545423,0 101.538025292,1.699571925,0 101.537827576,1.699666248,0 101.537737706,1.699698889,0 101.537557964,1.699739862,0 101.537457084,1.699773858,0 101.537389811,1.699791945,0 101.537198481,1.699833217,0 101.536931633,1.699900468,0 101.536838997,1.699950516,0 101.536821023,1.699943607,0 101.536659774,1.700027079,0 101.536659774,1.700045166,0 
					</coordinates>
				</LineString>
			</MultiGeometry>
		</Placemark>
		<Placemark id="ID_00187">
			<name>-7</name>
			<Snippet maxLines="0"></Snippet>
			<description><![CDATA[<html xmlns:fo="http://www.w3.org/1999/XSL/Format" xmlns:msxsl="urn:schemas-microsoft-com:xslt">

<head>

<META http-equiv="Content-Type" content="text/html">

<meta http-equiv="content-type" content="text/html; charset=UTF-8">

</head>

<body style="margin:0px 0px 0px 0px;overflow:auto;background:#FFFFFF;">

<table style="font-family:Arial,Verdana,Times;font-size:12px;text-align:left;width:100%;border-collapse:collapse;padding:3px 3px 3px 3px">

<tr style="text-align:center;font-weight:bold;background:#9CBCE2">

<td>Nautical</td>

</tr>

<tr>

<td>

<table style="font-family:Arial,Verdana,Times;font-size:12px;text-align:left;width:100%;border-spacing:0px; padding:3px 3px 3px 3px">

<tr>

<td>FID</td>

<td>187</td>

</tr>

<tr bgcolor="#D4E4F3">

<td>MAJ_CAT</td>

<td>Nautical</td>

</tr>

<tr>

<td>L_LIMIT</td>

<td>0</td>

</tr>

<tr bgcolor="#D4E4F3">

<td>U_LIMIT</td>

<td>0</td>

</tr>

<tr>

<td>ZORDER</td>

<td>9</td>

</tr>

<tr bgcolor="#D4E4F3">

<td>LAYER</td>

<td>0</td>

</tr>

<tr>

<td>MODE</td>

<td>2T</td>

</tr>

<tr bgcolor="#D4E4F3">

<td>COLOR</td>

<td>0</td>

</tr>

<tr>

<td>WIDTH</td>

<td>0</td>

</tr>

<tr bgcolor="#D4E4F3">

<td>MIN_CAT</td>

<td>1Depth Contours</td>

</tr>

<tr>

<td>RTP_LIMIT</td>

<td>0</td>

</tr>

<tr bgcolor="#D4E4F3">

<td>RTP_COLOR</td>

<td>19</td>

</tr>

<tr>

<td>FONT</td>

<td>020</td>

</tr>

<tr bgcolor="#D4E4F3">

<td>VALUE</td>

<td>7</td>

</tr>

<tr>

<td>TYPE</td>

<td>0</td>

</tr>

<tr bgcolor="#D4E4F3">

<td>Depth</td>

<td>-7</td>

</tr>

</table>

</td>

</tr>

</table>

</body>

</html>]]></description>
			<styleUrl>#LineStyle09</styleUrl>
			<MultiGeometry>
				<LineString>
					<tessellate>1</tessellate>
					<coordinates>
						101.517984096,1.657994518,0 101.51800207,1.657994518,0 101.518038018,1.657943337,0 101.518109915,1.657886794,0 101.518127889,1.657853277,0 101.518152094,1.657829563,0 101.518505347,1.657612398,0 101.518606701,1.657558254,0 101.518774959,1.657489523,0 101.519044572,1.657370361,0 101.519297874,1.657250771,0 101.5195119,1.657165563,0 101.519709616,1.657066623,0 101.519889357,1.656993489,0 101.520069099,1.65690017,0 101.520239854,1.65679859,0 101.520302763,1.656771314,0 101.520500479,1.656696618,0 101.520608324,1.656647818,0 101.520770092,1.656569984,0 101.520913885,1.656490069,0 101.520967807,1.656470079,0 101.521129575,1.65642772,0 101.521201472,1.656402049,0 101.521381213,1.656317526,0 101.521504501,1.656237886,0 101.521578929,1.656203178,0 101.521686774,1.656172994,0 101.521794619,1.656137967,0 101.521938412,1.656084611,0 101.522046258,1.656038926,0 101.522154103,1.65597986,0 101.522208025,1.655934304,0 101.522261698,1.655876141,0 101.522320364,1.655839967,0 101.522415674,1.655803792,0 101.522549534,1.655762892,0 101.522675353,1.655690412,0 101.52274492,1.655641007,0 101.522765224,1.655642878,0 101.522837121,1.655625669,0 101.522909018,1.655625196,0 
					</coordinates>
				</LineString>
			</MultiGeometry>
		</Placemark>
		<Placemark id="ID_00188">
			<name>-7</name>
			<Snippet maxLines="0"></Snippet>
			<description><![CDATA[<html xmlns:fo="http://www.w3.org/1999/XSL/Format" xmlns:msxsl="urn:schemas-microsoft-com:xslt">

<head>

<META http-equiv="Content-Type" content="text/html">

<meta http-equiv="content-type" content="text/html; charset=UTF-8">

</head>

<body style="margin:0px 0px 0px 0px;overflow:auto;background:#FFFFFF;">

<table style="font-family:Arial,Verdana,Times;font-size:12px;text-align:left;width:100%;border-collapse:collapse;padding:3px 3px 3px 3px">

<tr style="text-align:center;font-weight:bold;background:#9CBCE2">

<td>Nautical</td>

</tr>

<tr>

<td>

<table style="font-family:Arial,Verdana,Times;font-size:12px;text-align:left;width:100%;border-spacing:0px; padding:3px 3px 3px 3px">

<tr>

<td>FID</td>

<td>188</td>

</tr>

<tr bgcolor="#D4E4F3">

<td>MAJ_CAT</td>

<td>Nautical</td>

</tr>

<tr>

<td>L_LIMIT</td>

<td>0</td>

</tr>

<tr bgcolor="#D4E4F3">

<td>U_LIMIT</td>

<td>0</td>

</tr>

<tr>

<td>ZORDER</td>

<td>9</td>

</tr>

<tr bgcolor="#D4E4F3">

<td>LAYER</td>

<td>0</td>

</tr>

<tr>

<td>MODE</td>

<td>2T</td>

</tr>

<tr bgcolor="#D4E4F3">

<td>COLOR</td>

<td>0</td>

</tr>

<tr>

<td>WIDTH</td>

<td>0</td>

</tr>

<tr bgcolor="#D4E4F3">

<td>MIN_CAT</td>

<td>1Depth Contours</td>

</tr>

<tr>

<td>RTP_LIMIT</td>

<td>0</td>

</tr>

<tr bgcolor="#D4E4F3">

<td>RTP_COLOR</td>

<td>19</td>

</tr>

<tr>

<td>FONT</td>

<td>020</td>

</tr>

<tr bgcolor="#D4E4F3">

<td>VALUE</td>

<td>7</td>

</tr>

<tr>

<td>TYPE</td>

<td>0</td>

</tr>

<tr bgcolor="#D4E4F3">

<td>Depth</td>

<td>-7</td>

</tr>

</table>

</td>

</tr>

</table>

</body>

</html>]]></description>
			<styleUrl>#LineStyle09</styleUrl>
			<MultiGeometry>
				<LineString>
					<tessellate>1</tessellate>
					<coordinates>
						101.523088759,1.664326605,0 101.523124708,1.664373626,0 101.523142682,1.664380695,0 101.523181506,1.664377143,0 101.523341274,1.664268619,0 101.523340398,1.664247413,0 101.523466217,1.664176116,0 101.523510095,1.664142009,0 101.523592036,1.664030998,0 101.523605071,1.663997311,0 101.523583995,1.663943049,0 101.523556088,1.663916241,0 101.523520139,1.663902518,0 101.523484191,1.663900609,0 101.523448243,1.663906209,0 101.523397316,1.663924962,0 101.523352673,1.663961136,0 101.523284977,1.664051572,0 101.523160941,1.664105834,0 101.523124708,1.664132195,0 101.523091579,1.664178183,0 101.523080647,1.664214357,0 101.52307537,1.664268619,0 101.523088759,1.664326605,0 
					</coordinates>
				</LineString>
			</MultiGeometry>
		</Placemark>
		<Placemark id="ID_00189">
			<name>-7</name>
			<Snippet maxLines="0"></Snippet>
			<description><![CDATA[<html xmlns:fo="http://www.w3.org/1999/XSL/Format" xmlns:msxsl="urn:schemas-microsoft-com:xslt">

<head>

<META http-equiv="Content-Type" content="text/html">

<meta http-equiv="content-type" content="text/html; charset=UTF-8">

</head>

<body style="margin:0px 0px 0px 0px;overflow:auto;background:#FFFFFF;">

<table style="font-family:Arial,Verdana,Times;font-size:12px;text-align:left;width:100%;border-collapse:collapse;padding:3px 3px 3px 3px">

<tr style="text-align:center;font-weight:bold;background:#9CBCE2">

<td>Nautical</td>

</tr>

<tr>

<td>

<table style="font-family:Arial,Verdana,Times;font-size:12px;text-align:left;width:100%;border-spacing:0px; padding:3px 3px 3px 3px">

<tr>

<td>FID</td>

<td>189</td>

</tr>

<tr bgcolor="#D4E4F3">

<td>MAJ_CAT</td>

<td>Nautical</td>

</tr>

<tr>

<td>L_LIMIT</td>

<td>0</td>

</tr>

<tr bgcolor="#D4E4F3">

<td>U_LIMIT</td>

<td>0</td>

</tr>

<tr>

<td>ZORDER</td>

<td>9</td>

</tr>

<tr bgcolor="#D4E4F3">

<td>LAYER</td>

<td>0</td>

</tr>

<tr>

<td>MODE</td>

<td>2T</td>

</tr>

<tr bgcolor="#D4E4F3">

<td>COLOR</td>

<td>0</td>

</tr>

<tr>

<td>WIDTH</td>

<td>0</td>

</tr>

<tr bgcolor="#D4E4F3">

<td>MIN_CAT</td>

<td>1Depth Contours</td>

</tr>

<tr>

<td>RTP_LIMIT</td>

<td>0</td>

</tr>

<tr bgcolor="#D4E4F3">

<td>RTP_COLOR</td>

<td>19</td>

</tr>

<tr>

<td>FONT</td>

<td>020</td>

</tr>

<tr bgcolor="#D4E4F3">

<td>VALUE</td>

<td>7</td>

</tr>

<tr>

<td>TYPE</td>

<td>0</td>

</tr>

<tr bgcolor="#D4E4F3">

<td>Depth</td>

<td>-7</td>

</tr>

</table>

</td>

</tr>

</table>

</body>

</html>]]></description>
			<styleUrl>#LineStyle09</styleUrl>
			<MultiGeometry>
				<LineString>
					<tessellate>1</tessellate>
					<coordinates>
						101.521507032,1.665234478,0 101.521525007,1.66524533,0 101.521542981,1.66524533,0 101.521596903,1.665229448,0 101.521632852,1.665212371,0 101.521673293,1.665172981,0 101.521680783,1.665154894,0 101.5216688,1.665141975,0 101.521632852,1.665144154,0 101.521596903,1.66515414,0 101.521525007,1.665189059,0 101.521498862,1.665209155,0 101.521507032,1.665234478,0 
					</coordinates>
				</LineString>
			</MultiGeometry>
		</Placemark>
		<Placemark id="ID_00190">
			<name>-7</name>
			<Snippet maxLines="0"></Snippet>
			<description><![CDATA[<html xmlns:fo="http://www.w3.org/1999/XSL/Format" xmlns:msxsl="urn:schemas-microsoft-com:xslt">

<head>

<META http-equiv="Content-Type" content="text/html">

<meta http-equiv="content-type" content="text/html; charset=UTF-8">

</head>

<body style="margin:0px 0px 0px 0px;overflow:auto;background:#FFFFFF;">

<table style="font-family:Arial,Verdana,Times;font-size:12px;text-align:left;width:100%;border-collapse:collapse;padding:3px 3px 3px 3px">

<tr style="text-align:center;font-weight:bold;background:#9CBCE2">

<td>Nautical</td>

</tr>

<tr>

<td>

<table style="font-family:Arial,Verdana,Times;font-size:12px;text-align:left;width:100%;border-spacing:0px; padding:3px 3px 3px 3px">

<tr>

<td>FID</td>

<td>190</td>

</tr>

<tr bgcolor="#D4E4F3">

<td>MAJ_CAT</td>

<td>Nautical</td>

</tr>

<tr>

<td>L_LIMIT</td>

<td>0</td>

</tr>

<tr bgcolor="#D4E4F3">

<td>U_LIMIT</td>

<td>0</td>

</tr>

<tr>

<td>ZORDER</td>

<td>9</td>

</tr>

<tr bgcolor="#D4E4F3">

<td>LAYER</td>

<td>0</td>

</tr>

<tr>

<td>MODE</td>

<td>2T</td>

</tr>

<tr bgcolor="#D4E4F3">

<td>COLOR</td>

<td>0</td>

</tr>

<tr>

<td>WIDTH</td>

<td>0</td>

</tr>

<tr bgcolor="#D4E4F3">

<td>MIN_CAT</td>

<td>1Depth Contours</td>

</tr>

<tr>

<td>RTP_LIMIT</td>

<td>0</td>

</tr>

<tr bgcolor="#D4E4F3">

<td>RTP_COLOR</td>

<td>19</td>

</tr>

<tr>

<td>FONT</td>

<td>020</td>

</tr>

<tr bgcolor="#D4E4F3">

<td>VALUE</td>

<td>7</td>

</tr>

<tr>

<td>TYPE</td>

<td>0</td>

</tr>

<tr bgcolor="#D4E4F3">

<td>Depth</td>

<td>-7</td>

</tr>

</table>

</td>

</tr>

</table>

</body>

</html>]]></description>
			<styleUrl>#LineStyle09</styleUrl>
			<MultiGeometry>
				<LineString>
					<tessellate>1</tessellate>
					<coordinates>
						101.520931859,1.665601363,0 101.520952284,1.665625162,0 101.521003756,1.665652293,0 101.521039704,1.665657317,0 101.521057678,1.665654598,0 101.521093627,1.665637781,0 101.521173227,1.6655709,0 101.521296375,1.66544429,0 101.521321,1.665408115,0 101.521325044,1.665390028,0 101.521309317,1.665362897,0 101.521291342,1.665357045,0 101.521273368,1.665357785,0 101.521219446,1.665370401,0 101.521015739,1.66544429,0 101.520979491,1.665462377,0 101.520949833,1.665486403,0 101.520929204,1.665516638,0 101.520921259,1.6655709,0 101.520931859,1.665601363,0 
					</coordinates>
				</LineString>
			</MultiGeometry>
		</Placemark>
		<Placemark id="ID_00191">
			<name>-7</name>
			<Snippet maxLines="0"></Snippet>
			<description><![CDATA[<html xmlns:fo="http://www.w3.org/1999/XSL/Format" xmlns:msxsl="urn:schemas-microsoft-com:xslt">

<head>

<META http-equiv="Content-Type" content="text/html">

<meta http-equiv="content-type" content="text/html; charset=UTF-8">

</head>

<body style="margin:0px 0px 0px 0px;overflow:auto;background:#FFFFFF;">

<table style="font-family:Arial,Verdana,Times;font-size:12px;text-align:left;width:100%;border-collapse:collapse;padding:3px 3px 3px 3px">

<tr style="text-align:center;font-weight:bold;background:#9CBCE2">

<td>Nautical</td>

</tr>

<tr>

<td>

<table style="font-family:Arial,Verdana,Times;font-size:12px;text-align:left;width:100%;border-spacing:0px; padding:3px 3px 3px 3px">

<tr>

<td>FID</td>

<td>191</td>

</tr>

<tr bgcolor="#D4E4F3">

<td>MAJ_CAT</td>

<td>Nautical</td>

</tr>

<tr>

<td>L_LIMIT</td>

<td>0</td>

</tr>

<tr bgcolor="#D4E4F3">

<td>U_LIMIT</td>

<td>0</td>

</tr>

<tr>

<td>ZORDER</td>

<td>9</td>

</tr>

<tr bgcolor="#D4E4F3">

<td>LAYER</td>

<td>0</td>

</tr>

<tr>

<td>MODE</td>

<td>2T</td>

</tr>

<tr bgcolor="#D4E4F3">

<td>COLOR</td>

<td>0</td>

</tr>

<tr>

<td>WIDTH</td>

<td>0</td>

</tr>

<tr bgcolor="#D4E4F3">

<td>MIN_CAT</td>

<td>1Depth Contours</td>

</tr>

<tr>

<td>RTP_LIMIT</td>

<td>0</td>

</tr>

<tr bgcolor="#D4E4F3">

<td>RTP_COLOR</td>

<td>19</td>

</tr>

<tr>

<td>FONT</td>

<td>020</td>

</tr>

<tr bgcolor="#D4E4F3">

<td>VALUE</td>

<td>7</td>

</tr>

<tr>

<td>TYPE</td>

<td>0</td>

</tr>

<tr bgcolor="#D4E4F3">

<td>Depth</td>

<td>-7</td>

</tr>

</table>

</td>

</tr>

</table>

</body>

</html>]]></description>
			<styleUrl>#LineStyle09</styleUrl>
			<MultiGeometry>
				<LineString>
					<tessellate>1</tessellate>
					<coordinates>
						101.539427277,1.69936376,0 101.539445252,1.69936376,0 
					</coordinates>
				</LineString>
			</MultiGeometry>
		</Placemark>
		<Placemark id="ID_00192">
			<name>-7</name>
			<Snippet maxLines="0"></Snippet>
			<description><![CDATA[<html xmlns:fo="http://www.w3.org/1999/XSL/Format" xmlns:msxsl="urn:schemas-microsoft-com:xslt">

<head>

<META http-equiv="Content-Type" content="text/html">

<meta http-equiv="content-type" content="text/html; charset=UTF-8">

</head>

<body style="margin:0px 0px 0px 0px;overflow:auto;background:#FFFFFF;">

<table style="font-family:Arial,Verdana,Times;font-size:12px;text-align:left;width:100%;border-collapse:collapse;padding:3px 3px 3px 3px">

<tr style="text-align:center;font-weight:bold;background:#9CBCE2">

<td>Nautical</td>

</tr>

<tr>

<td>

<table style="font-family:Arial,Verdana,Times;font-size:12px;text-align:left;width:100%;border-spacing:0px; padding:3px 3px 3px 3px">

<tr>

<td>FID</td>

<td>192</td>

</tr>

<tr bgcolor="#D4E4F3">

<td>MAJ_CAT</td>

<td>Nautical</td>

</tr>

<tr>

<td>L_LIMIT</td>

<td>0</td>

</tr>

<tr bgcolor="#D4E4F3">

<td>U_LIMIT</td>

<td>0</td>

</tr>

<tr>

<td>ZORDER</td>

<td>9</td>

</tr>

<tr bgcolor="#D4E4F3">

<td>LAYER</td>

<td>0</td>

</tr>

<tr>

<td>MODE</td>

<td>2T</td>

</tr>

<tr bgcolor="#D4E4F3">

<td>COLOR</td>

<td>0</td>

</tr>

<tr>

<td>WIDTH</td>

<td>0</td>

</tr>

<tr bgcolor="#D4E4F3">

<td>MIN_CAT</td>

<td>1Depth Contours</td>

</tr>

<tr>

<td>RTP_LIMIT</td>

<td>0</td>

</tr>

<tr bgcolor="#D4E4F3">

<td>RTP_COLOR</td>

<td>19</td>

</tr>

<tr>

<td>FONT</td>

<td>020</td>

</tr>

<tr bgcolor="#D4E4F3">

<td>VALUE</td>

<td>7</td>

</tr>

<tr>

<td>TYPE</td>

<td>0</td>

</tr>

<tr bgcolor="#D4E4F3">

<td>Depth</td>

<td>-7</td>

</tr>

</table>

</td>

</tr>

</table>

</body>

</html>]]></description>
			<styleUrl>#LineStyle09</styleUrl>
			<MultiGeometry>
				<LineString>
					<tessellate>1</tessellate>
					<coordinates>
						101.539427277,1.69936376,0 101.539337407,1.699381214,0 101.539301458,1.699395048,0 101.539250887,1.6994302,0 101.539188288,1.699484462,0 101.539139691,1.699513585,0 101.53904982,1.699541035,0 101.538852104,1.699579343,0 101.538744259,1.69960904,0 101.538658598,1.699647247,0 101.538564517,1.699710472,0 101.538510595,1.699730912,0 101.538474647,1.699738776,0 101.538420724,1.699744675,0 101.538240982,1.699743947,0 101.538169086,1.699746263,0 101.538097189,1.699757319,0 101.538007318,1.699781686,0 101.53798147,1.699791945,0 101.537951731,1.699810032,0 101.537846242,1.699918555,0 101.537846242,1.699936643,0 
					</coordinates>
				</LineString>
			</MultiGeometry>
		</Placemark>
		<Placemark id="ID_00193">
			<name>-27</name>
			<Snippet maxLines="0"></Snippet>
			<description><![CDATA[<html xmlns:fo="http://www.w3.org/1999/XSL/Format" xmlns:msxsl="urn:schemas-microsoft-com:xslt">

<head>

<META http-equiv="Content-Type" content="text/html">

<meta http-equiv="content-type" content="text/html; charset=UTF-8">

</head>

<body style="margin:0px 0px 0px 0px;overflow:auto;background:#FFFFFF;">

<table style="font-family:Arial,Verdana,Times;font-size:12px;text-align:left;width:100%;border-collapse:collapse;padding:3px 3px 3px 3px">

<tr style="text-align:center;font-weight:bold;background:#9CBCE2">

<td>Nautical</td>

</tr>

<tr>

<td>

<table style="font-family:Arial,Verdana,Times;font-size:12px;text-align:left;width:100%;border-spacing:0px; padding:3px 3px 3px 3px">

<tr>

<td>FID</td>

<td>193</td>

</tr>

<tr bgcolor="#D4E4F3">

<td>MAJ_CAT</td>

<td>Nautical</td>

</tr>

<tr>

<td>L_LIMIT</td>

<td>0</td>

</tr>

<tr bgcolor="#D4E4F3">

<td>U_LIMIT</td>

<td>0</td>

</tr>

<tr>

<td>ZORDER</td>

<td>9</td>

</tr>

<tr bgcolor="#D4E4F3">

<td>LAYER</td>

<td>0</td>

</tr>

<tr>

<td>MODE</td>

<td>2T</td>

</tr>

<tr bgcolor="#D4E4F3">

<td>COLOR</td>

<td>0</td>

</tr>

<tr>

<td>WIDTH</td>

<td>0</td>

</tr>

<tr bgcolor="#D4E4F3">

<td>MIN_CAT</td>

<td>1Depth Contours</td>

</tr>

<tr>

<td>RTP_LIMIT</td>

<td>0</td>

</tr>

<tr bgcolor="#D4E4F3">

<td>RTP_COLOR</td>

<td>19</td>

</tr>

<tr>

<td>FONT</td>

<td>020</td>

</tr>

<tr bgcolor="#D4E4F3">

<td>VALUE</td>

<td>27</td>

</tr>

<tr>

<td>TYPE</td>

<td>0</td>

</tr>

<tr bgcolor="#D4E4F3">

<td>Depth</td>

<td>-27</td>

</tr>

</table>

</td>

</tr>

</table>

</body>

</html>]]></description>
			<styleUrl>#LineStyle043</styleUrl>
			<MultiGeometry>
				<LineString>
					<tessellate>1</tessellate>
					<coordinates>
						101.521111601,1.679402341,0 101.521129575,1.679402341,0 101.52123742,1.679326058,0 101.521309317,1.679248262,0 101.521417162,1.679161427,0 101.521518134,1.679100152,0 101.521722722,1.678990983,0 101.521774892,1.678955454,0 101.521814967,1.67891928,0 101.521848542,1.678876046,0 101.521873374,1.678828843,0 101.521944204,1.678593709,0 101.522054428,1.678340488,0 101.52209347,1.678286226,0 101.522136128,1.678242365,0 101.522208025,1.678182871,0 101.522261948,1.67814975,0 101.522567508,1.67800329,0 101.522657379,1.67797768,0 101.522801173,1.677949412,0 101.522891043,1.677935653,0 101.52296294,1.677932018,0 101.523052811,1.67793768,0 101.523196604,1.677956522,0 101.523268501,1.677959106,0 101.523340398,1.677952676,0 101.523448243,1.67793232,0 101.523470711,1.677924482,0 101.523502165,1.677904134,0 101.52366869,1.677743609,0 101.52372291,1.677707435,0 101.523767846,1.677689348,0 101.523843674,1.677667618,0 101.523969493,1.677642838,0 101.524023416,1.677626937,0 101.524077338,1.677606663,0 101.524117625,1.677580824,0 101.524167209,1.677557085,0 101.524185183,1.677553693,0 101.524203158,1.677556549,0 101.524311003,1.677598394,0 101.524436822,1.677639736,0 101.52447277,1.677637095,0 101.524508718,1.677619204,0 101.524550778,1.677580824,0 101.52459598,1.677508475,0 101.524668763,1.677291428,0 101.524703064,1.677255254,0 101.524778331,1.677209031,0 101.524811241,1.677182905,0 101.524850228,1.677139879,0 101.524867068,1.677110556,0 101.52487902,1.677074382,0 101.524870984,1.677002033,0 101.52487476,1.676965858,0 101.524886176,1.676929167,0 101.524922124,1.676869265,0 101.524952509,1.676839248,0 101.525065918,1.67676451,0 101.525191737,1.676668955,0 101.525263633,1.676571478,0 101.52533553,1.676517609,0 101.525407427,1.67651571,0 
					</coordinates>
				</LineString>
			</MultiGeometry>
		</Placemark>
		<Placemark id="ID_00194">
			<name>-27</name>
			<Snippet maxLines="0"></Snippet>
			<description><![CDATA[<html xmlns:fo="http://www.w3.org/1999/XSL/Format" xmlns:msxsl="urn:schemas-microsoft-com:xslt">

<head>

<META http-equiv="Content-Type" content="text/html">

<meta http-equiv="content-type" content="text/html; charset=UTF-8">

</head>

<body style="margin:0px 0px 0px 0px;overflow:auto;background:#FFFFFF;">

<table style="font-family:Arial,Verdana,Times;font-size:12px;text-align:left;width:100%;border-collapse:collapse;padding:3px 3px 3px 3px">

<tr style="text-align:center;font-weight:bold;background:#9CBCE2">

<td>Nautical</td>

</tr>

<tr>

<td>

<table style="font-family:Arial,Verdana,Times;font-size:12px;text-align:left;width:100%;border-spacing:0px; padding:3px 3px 3px 3px">

<tr>

<td>FID</td>

<td>194</td>

</tr>

<tr bgcolor="#D4E4F3">

<td>MAJ_CAT</td>

<td>Nautical</td>

</tr>

<tr>

<td>L_LIMIT</td>

<td>0</td>

</tr>

<tr bgcolor="#D4E4F3">

<td>U_LIMIT</td>

<td>0</td>

</tr>

<tr>

<td>ZORDER</td>

<td>9</td>

</tr>

<tr bgcolor="#D4E4F3">

<td>LAYER</td>

<td>0</td>

</tr>

<tr>

<td>MODE</td>

<td>2T</td>

</tr>

<tr bgcolor="#D4E4F3">

<td>COLOR</td>

<td>0</td>

</tr>

<tr>

<td>WIDTH</td>

<td>0</td>

</tr>

<tr bgcolor="#D4E4F3">

<td>MIN_CAT</td>

<td>1Depth Contours</td>

</tr>

<tr>

<td>RTP_LIMIT</td>

<td>0</td>

</tr>

<tr bgcolor="#D4E4F3">

<td>RTP_COLOR</td>

<td>19</td>

</tr>

<tr>

<td>FONT</td>

<td>020</td>

</tr>

<tr bgcolor="#D4E4F3">

<td>VALUE</td>

<td>27</td>

</tr>

<tr>

<td>TYPE</td>

<td>0</td>

</tr>

<tr bgcolor="#D4E4F3">

<td>Depth</td>

<td>-27</td>

</tr>

</table>

</td>

</tr>

</table>

</body>

</html>]]></description>
			<styleUrl>#LineStyle043</styleUrl>
			<MultiGeometry>
				<LineString>
					<tessellate>1</tessellate>
					<coordinates>
						101.524868202,1.681377636,0 101.524885016,1.681415318,0 101.52490415,1.681425352,0 101.524940098,1.681434458,0 101.524994021,1.681436419,0 101.525047943,1.681428293,0 101.525101866,1.681404982,0 101.525124669,1.681379143,0 101.525125442,1.681361056,0 101.525115237,1.681342969,0 101.525029969,1.681266663,0 101.524994021,1.68124921,0 101.524958073,1.681246572,0 101.524938056,1.681252533,0 101.52490415,1.681283827,0 101.524870414,1.681342969,0 101.524868202,1.681377636,0 
					</coordinates>
				</LineString>
			</MultiGeometry>
		</Placemark>
		<Placemark id="ID_00195">
			<name>-27</name>
			<Snippet maxLines="0"></Snippet>
			<description><![CDATA[<html xmlns:fo="http://www.w3.org/1999/XSL/Format" xmlns:msxsl="urn:schemas-microsoft-com:xslt">

<head>

<META http-equiv="Content-Type" content="text/html">

<meta http-equiv="content-type" content="text/html; charset=UTF-8">

</head>

<body style="margin:0px 0px 0px 0px;overflow:auto;background:#FFFFFF;">

<table style="font-family:Arial,Verdana,Times;font-size:12px;text-align:left;width:100%;border-collapse:collapse;padding:3px 3px 3px 3px">

<tr style="text-align:center;font-weight:bold;background:#9CBCE2">

<td>Nautical</td>

</tr>

<tr>

<td>

<table style="font-family:Arial,Verdana,Times;font-size:12px;text-align:left;width:100%;border-spacing:0px; padding:3px 3px 3px 3px">

<tr>

<td>FID</td>

<td>195</td>

</tr>

<tr bgcolor="#D4E4F3">

<td>MAJ_CAT</td>

<td>Nautical</td>

</tr>

<tr>

<td>L_LIMIT</td>

<td>0</td>

</tr>

<tr bgcolor="#D4E4F3">

<td>U_LIMIT</td>

<td>0</td>

</tr>

<tr>

<td>ZORDER</td>

<td>9</td>

</tr>

<tr bgcolor="#D4E4F3">

<td>LAYER</td>

<td>0</td>

</tr>

<tr>

<td>MODE</td>

<td>2T</td>

</tr>

<tr bgcolor="#D4E4F3">

<td>COLOR</td>

<td>0</td>

</tr>

<tr>

<td>WIDTH</td>

<td>0</td>

</tr>

<tr bgcolor="#D4E4F3">

<td>MIN_CAT</td>

<td>1Depth Contours</td>

</tr>

<tr>

<td>RTP_LIMIT</td>

<td>0</td>

</tr>

<tr bgcolor="#D4E4F3">

<td>RTP_COLOR</td>

<td>19</td>

</tr>

<tr>

<td>FONT</td>

<td>020</td>

</tr>

<tr bgcolor="#D4E4F3">

<td>VALUE</td>

<td>27</td>

</tr>

<tr>

<td>TYPE</td>

<td>0</td>

</tr>

<tr bgcolor="#D4E4F3">

<td>Depth</td>

<td>-27</td>

</tr>

</table>

</td>

</tr>

</table>

</body>

</html>]]></description>
			<styleUrl>#LineStyle043</styleUrl>
			<MultiGeometry>
				<LineString>
					<tessellate>1</tessellate>
					<coordinates>
						101.522028283,1.684536793,0 101.522046258,1.684570588,0 101.522064232,1.684589627,0 101.522082206,1.684601484,0 101.522118154,1.684612972,0 101.522136128,1.684612689,0 101.522172077,1.684597575,0 101.522208025,1.684569074,0 101.522222543,1.684544409,0 101.522213417,1.684508235,0 101.522182861,1.68447206,0 101.522136128,1.684439207,0 101.52210018,1.684426665,0 101.522064232,1.684429728,0 101.522033013,1.684453973,0 101.522023515,1.684490147,0 101.522028283,1.684536793,0 
					</coordinates>
				</LineString>
			</MultiGeometry>
		</Placemark>
		<Placemark id="ID_00196">
			<name>-27</name>
			<Snippet maxLines="0"></Snippet>
			<description><![CDATA[<html xmlns:fo="http://www.w3.org/1999/XSL/Format" xmlns:msxsl="urn:schemas-microsoft-com:xslt">

<head>

<META http-equiv="Content-Type" content="text/html">

<meta http-equiv="content-type" content="text/html; charset=UTF-8">

</head>

<body style="margin:0px 0px 0px 0px;overflow:auto;background:#FFFFFF;">

<table style="font-family:Arial,Verdana,Times;font-size:12px;text-align:left;width:100%;border-collapse:collapse;padding:3px 3px 3px 3px">

<tr style="text-align:center;font-weight:bold;background:#9CBCE2">

<td>Nautical</td>

</tr>

<tr>

<td>

<table style="font-family:Arial,Verdana,Times;font-size:12px;text-align:left;width:100%;border-spacing:0px; padding:3px 3px 3px 3px">

<tr>

<td>FID</td>

<td>196</td>

</tr>

<tr bgcolor="#D4E4F3">

<td>MAJ_CAT</td>

<td>Nautical</td>

</tr>

<tr>

<td>L_LIMIT</td>

<td>0</td>

</tr>

<tr bgcolor="#D4E4F3">

<td>U_LIMIT</td>

<td>0</td>

</tr>

<tr>

<td>ZORDER</td>

<td>9</td>

</tr>

<tr bgcolor="#D4E4F3">

<td>LAYER</td>

<td>0</td>

</tr>

<tr>

<td>MODE</td>

<td>2T</td>

</tr>

<tr bgcolor="#D4E4F3">

<td>COLOR</td>

<td>0</td>

</tr>

<tr>

<td>WIDTH</td>

<td>0</td>

</tr>

<tr bgcolor="#D4E4F3">

<td>MIN_CAT</td>

<td>1Depth Contours</td>

</tr>

<tr>

<td>RTP_LIMIT</td>

<td>0</td>

</tr>

<tr bgcolor="#D4E4F3">

<td>RTP_COLOR</td>

<td>19</td>

</tr>

<tr>

<td>FONT</td>

<td>020</td>

</tr>

<tr bgcolor="#D4E4F3">

<td>VALUE</td>

<td>27</td>

</tr>

<tr>

<td>TYPE</td>

<td>0</td>

</tr>

<tr bgcolor="#D4E4F3">

<td>Depth</td>

<td>-27</td>

</tr>

</table>

</td>

</tr>

</table>

</body>

</html>]]></description>
			<styleUrl>#LineStyle043</styleUrl>
			<MultiGeometry>
				<LineString>
					<tessellate>1</tessellate>
					<coordinates>
						101.521776645,1.684963156,0 101.521830567,1.684962543,0 101.521938412,1.684943392,0 101.522010309,1.684902762,0 101.522226999,1.684815718,0 101.522379903,1.684743369,0 101.522513586,1.684669889,0 101.522606221,1.684598671,0 101.522694961,1.684508235,0 101.522765224,1.684458962,0 101.522819147,1.684439307,0 101.522998888,1.684406531,0 101.523016863,1.684397872,0 101.523052258,1.684363537,0 101.523070785,1.684328654,0 101.523094566,1.684255013,0 101.523109853,1.684164577,0 101.523130929,1.684110315,0 101.523173728,1.684056054,0 101.523214578,1.684023819,0 101.523286475,1.683994941,0 101.52347325,1.68394753,0 101.52351942,1.683929443,0 101.523574062,1.683898201,0 101.523645958,1.683870906,0 101.523832322,1.68382092,0 101.523910101,1.683784745,0 101.523987468,1.683726647,0 101.524059364,1.683648155,0 101.524143909,1.683513437,0 101.524262956,1.683386826,0 101.524328977,1.683339952,0 101.524417108,1.68329639,0 101.524307008,1.683205954,0 101.524259055,1.683133605,0 101.524232822,1.683061256,0 101.524232136,1.682988907,0 101.524250971,1.682898471,0 101.524291217,1.682808035,0 101.524324982,1.682753773,0 101.524383807,1.682681424,0 101.524468161,1.682518639,0 101.524489111,1.682500552,0 101.524508718,1.68249736,0 101.524526693,1.682500216,0 101.524544667,1.682509805,0 101.524670486,1.682608479,0 101.524706434,1.682630669,0 101.524760357,1.682654605,0 101.524922124,1.682690829,0 101.525047943,1.682739656,0 101.525065918,1.682737813,0 101.525083892,1.682724298,0 101.525101866,1.682687754,0 101.525117399,1.682627162,0 101.52514539,1.682410116,0 101.525123845,1.682156894,0 101.525124377,1.681903673,0 101.525138095,1.681813237,0 101.525173763,1.68168934,0 101.525191737,1.681644532,0 101.525209711,1.681623797,0 101.525227685,1.681613782,0 101.525245659,1.681610418,0 101.525263633,1.681614042,0 101.525281608,1.681623999,0 101.525299582,1.681641408,0 101.525371478,1.681775489,0 101.525462166,1.681976022,0 101.525515272,1.682043373,0 101.525569194,1.682079768,0 101.525623117,1.682091122,0 101.525695013,1.682082702,0 101.525739387,1.682066458,0 101.525784657,1.682030284,0 101.525807301,1.681994109,0 101.525820506,1.681957935,0 101.525846263,1.681813237,0 101.525869304,1.681740888,0 101.525892969,1.681704713,0 101.525918407,1.681686626,0 101.525946652,1.681678452,0 101.5259821,1.681686626,0 101.526000574,1.681701245,0 101.526018549,1.6817265,0 101.526028745,1.681758975,0 101.52603219,1.681831324,0 101.526022525,1.681903673,0 101.526000574,1.6819715,0 101.525956987,1.682066458,0 101.525951677,1.682102633,0 101.525981695,1.682193069,0 101.526018549,1.682243792,0 101.526036523,1.682254598,0 101.526072471,1.6822602,0 101.526126394,1.682247064,0 101.526162342,1.682218865,0 101.526270187,1.682057579,0 101.526342084,1.682057579,0 
					</coordinates>
				</LineString>
			</MultiGeometry>
		</Placemark>
		<Placemark id="ID_00197">
			<name>-27</name>
			<Snippet maxLines="0"></Snippet>
			<description><![CDATA[<html xmlns:fo="http://www.w3.org/1999/XSL/Format" xmlns:msxsl="urn:schemas-microsoft-com:xslt">

<head>

<META http-equiv="Content-Type" content="text/html">

<meta http-equiv="content-type" content="text/html; charset=UTF-8">

</head>

<body style="margin:0px 0px 0px 0px;overflow:auto;background:#FFFFFF;">

<table style="font-family:Arial,Verdana,Times;font-size:12px;text-align:left;width:100%;border-collapse:collapse;padding:3px 3px 3px 3px">

<tr style="text-align:center;font-weight:bold;background:#9CBCE2">

<td>Nautical</td>

</tr>

<tr>

<td>

<table style="font-family:Arial,Verdana,Times;font-size:12px;text-align:left;width:100%;border-spacing:0px; padding:3px 3px 3px 3px">

<tr>

<td>FID</td>

<td>197</td>

</tr>

<tr bgcolor="#D4E4F3">

<td>MAJ_CAT</td>

<td>Nautical</td>

</tr>

<tr>

<td>L_LIMIT</td>

<td>0</td>

</tr>

<tr bgcolor="#D4E4F3">

<td>U_LIMIT</td>

<td>0</td>

</tr>

<tr>

<td>ZORDER</td>

<td>9</td>

</tr>

<tr bgcolor="#D4E4F3">

<td>LAYER</td>

<td>0</td>

</tr>

<tr>

<td>MODE</td>

<td>2T</td>

</tr>

<tr bgcolor="#D4E4F3">

<td>COLOR</td>

<td>0</td>

</tr>

<tr>

<td>WIDTH</td>

<td>0</td>

</tr>

<tr bgcolor="#D4E4F3">

<td>MIN_CAT</td>

<td>1Depth Contours</td>

</tr>

<tr>

<td>RTP_LIMIT</td>

<td>0</td>

</tr>

<tr bgcolor="#D4E4F3">

<td>RTP_COLOR</td>

<td>19</td>

</tr>

<tr>

<td>FONT</td>

<td>020</td>

</tr>

<tr bgcolor="#D4E4F3">

<td>VALUE</td>

<td>27</td>

</tr>

<tr>

<td>TYPE</td>

<td>0</td>

</tr>

<tr bgcolor="#D4E4F3">

<td>Depth</td>

<td>-27</td>

</tr>

</table>

</td>

</tr>

</table>

</body>

</html>]]></description>
			<styleUrl>#LineStyle043</styleUrl>
			<MultiGeometry>
				<LineString>
					<tessellate>1</tessellate>
					<coordinates>
						101.530314375,1.697386343,0 101.530332349,1.697368256,0 101.530327852,1.697350169,0 101.530332349,1.697332082,0 101.530314375,1.69727782,0 101.530264948,1.697205471,0 101.530224504,1.697169297,0 101.530198825,1.697133122,0 101.530175974,1.697060773,0 101.530160776,1.69695225,0 101.530134633,1.696872668,0 101.530030782,1.69675329,0 101.530002278,1.696662854,0 101.529961427,1.696590505,0 101.52986502,1.696503083,0 101.529757175,1.696373458,0 101.529719428,1.696337284,0 101.529613382,1.696258551,0 101.529505537,1.696189571,0 101.529074157,1.696061042,0 101.528930364,1.6960421,0 101.528840493,1.696048711,0 101.528804544,1.696056455,0 101.528791705,1.696065976,0 101.52877646,1.69610215,0 101.528768596,1.696108179,0 101.528750622,1.696108179,0 
					</coordinates>
				</LineString>
			</MultiGeometry>
		</Placemark>
		<Placemark id="ID_00198">
			<name>-22</name>
			<Snippet maxLines="0"></Snippet>
			<description><![CDATA[<html xmlns:fo="http://www.w3.org/1999/XSL/Format" xmlns:msxsl="urn:schemas-microsoft-com:xslt">

<head>

<META http-equiv="Content-Type" content="text/html">

<meta http-equiv="content-type" content="text/html; charset=UTF-8">

</head>

<body style="margin:0px 0px 0px 0px;overflow:auto;background:#FFFFFF;">

<table style="font-family:Arial,Verdana,Times;font-size:12px;text-align:left;width:100%;border-collapse:collapse;padding:3px 3px 3px 3px">

<tr style="text-align:center;font-weight:bold;background:#9CBCE2">

<td>Nautical</td>

</tr>

<tr>

<td>

<table style="font-family:Arial,Verdana,Times;font-size:12px;text-align:left;width:100%;border-spacing:0px; padding:3px 3px 3px 3px">

<tr>

<td>FID</td>

<td>198</td>

</tr>

<tr bgcolor="#D4E4F3">

<td>MAJ_CAT</td>

<td>Nautical</td>

</tr>

<tr>

<td>L_LIMIT</td>

<td>0</td>

</tr>

<tr bgcolor="#D4E4F3">

<td>U_LIMIT</td>

<td>0</td>

</tr>

<tr>

<td>ZORDER</td>

<td>9</td>

</tr>

<tr bgcolor="#D4E4F3">

<td>LAYER</td>

<td>0</td>

</tr>

<tr>

<td>MODE</td>

<td>2T</td>

</tr>

<tr bgcolor="#D4E4F3">

<td>COLOR</td>

<td>0</td>

</tr>

<tr>

<td>WIDTH</td>

<td>0</td>

</tr>

<tr bgcolor="#D4E4F3">

<td>MIN_CAT</td>

<td>1Depth Contours</td>

</tr>

<tr>

<td>RTP_LIMIT</td>

<td>0</td>

</tr>

<tr bgcolor="#D4E4F3">

<td>RTP_COLOR</td>

<td>19</td>

</tr>

<tr>

<td>FONT</td>

<td>020</td>

</tr>

<tr bgcolor="#D4E4F3">

<td>VALUE</td>

<td>22</td>

</tr>

<tr>

<td>TYPE</td>

<td>0</td>

</tr>

<tr bgcolor="#D4E4F3">

<td>Depth</td>

<td>-22</td>

</tr>

</table>

</td>

</tr>

</table>

</body>

</html>]]></description>
			<styleUrl>#LineStyle026</styleUrl>
			<MultiGeometry>
				<LineString>
					<tessellate>1</tessellate>
					<coordinates>
						101.521645691,1.675500792,0 101.521656816,1.675536967,0 101.521681872,1.675555054,0 101.521848542,1.675583089,0 101.521902464,1.675586706,0 101.521956387,1.675586181,0 101.522010309,1.675579525,0 101.52210018,1.675559073,0 101.522136128,1.675556563,0 101.522172077,1.675558071,0 101.522194547,1.675573141,0 101.522193049,1.675609316,0 101.522200837,1.675627403,0 101.522208025,1.675636447,0 101.522243973,1.675651524,0 101.522279922,1.675640966,0 101.522308682,1.675609316,0 101.522326656,1.675536967,0 101.522381775,1.675482705,0 101.52237878,1.675464618,0 101.522279922,1.675374182,0 101.522225999,1.675346229,0 101.522172077,1.67533093,0 101.522118154,1.675326826,0 101.522082206,1.675327926,0 101.521974361,1.67533958,0 101.521866516,1.675364718,0 101.521812593,1.675382773,0 101.521753913,1.675410356,0 101.521665055,1.675464618,0 101.521645833,1.675482705,0 101.521645691,1.675500792,0 
					</coordinates>
				</LineString>
			</MultiGeometry>
		</Placemark>
		<Placemark id="ID_00199">
			<name>-22</name>
			<Snippet maxLines="0"></Snippet>
			<description><![CDATA[<html xmlns:fo="http://www.w3.org/1999/XSL/Format" xmlns:msxsl="urn:schemas-microsoft-com:xslt">

<head>

<META http-equiv="Content-Type" content="text/html">

<meta http-equiv="content-type" content="text/html; charset=UTF-8">

</head>

<body style="margin:0px 0px 0px 0px;overflow:auto;background:#FFFFFF;">

<table style="font-family:Arial,Verdana,Times;font-size:12px;text-align:left;width:100%;border-collapse:collapse;padding:3px 3px 3px 3px">

<tr style="text-align:center;font-weight:bold;background:#9CBCE2">

<td>Nautical</td>

</tr>

<tr>

<td>

<table style="font-family:Arial,Verdana,Times;font-size:12px;text-align:left;width:100%;border-spacing:0px; padding:3px 3px 3px 3px">

<tr>

<td>FID</td>

<td>199</td>

</tr>

<tr bgcolor="#D4E4F3">

<td>MAJ_CAT</td>

<td>Nautical</td>

</tr>

<tr>

<td>L_LIMIT</td>

<td>0</td>

</tr>

<tr bgcolor="#D4E4F3">

<td>U_LIMIT</td>

<td>0</td>

</tr>

<tr>

<td>ZORDER</td>

<td>9</td>

</tr>

<tr bgcolor="#D4E4F3">

<td>LAYER</td>

<td>0</td>

</tr>

<tr>

<td>MODE</td>

<td>2T</td>

</tr>

<tr bgcolor="#D4E4F3">

<td>COLOR</td>

<td>0</td>

</tr>

<tr>

<td>WIDTH</td>

<td>0</td>

</tr>

<tr bgcolor="#D4E4F3">

<td>MIN_CAT</td>

<td>1Depth Contours</td>

</tr>

<tr>

<td>RTP_LIMIT</td>

<td>0</td>

</tr>

<tr bgcolor="#D4E4F3">

<td>RTP_COLOR</td>

<td>19</td>

</tr>

<tr>

<td>FONT</td>

<td>020</td>

</tr>

<tr bgcolor="#D4E4F3">

<td>VALUE</td>

<td>22</td>

</tr>

<tr>

<td>TYPE</td>

<td>0</td>

</tr>

<tr bgcolor="#D4E4F3">

<td>Depth</td>

<td>-22</td>

</tr>

</table>

</td>

</tr>

</table>

</body>

</html>]]></description>
			<styleUrl>#LineStyle026</styleUrl>
			<MultiGeometry>
				<LineString>
					<tessellate>1</tessellate>
					<coordinates>
						101.523232553,1.677025185,0 101.523307645,1.67721908,0 101.523339871,1.677273341,0 101.523360504,1.677291428,0 101.52339432,1.677306081,0 101.523430268,1.677310885,0 101.523466217,1.67730841,0 101.523574062,1.67728671,0 101.523627984,1.67728778,0 101.523699881,1.677305485,0 101.523789752,1.677347656,0 101.523807726,1.67734979,0 101.5238257,1.677341063,0 101.523838082,1.677309516,0 101.52384692,1.677237167,0 101.523832194,1.677164818,0 101.523822171,1.677056294,0 101.523810003,1.67702012,0 101.523789752,1.676990133,0 101.523761156,1.676965858,0 101.523645958,1.6769061,0 101.523592036,1.676862682,0 101.523574946,1.67682116,0 101.523565801,1.676730724,0 101.523555475,1.67669455,0 101.523520684,1.676640288,0 101.523473265,1.676604114,0 101.523412294,1.676588527,0 101.523358372,1.676592976,0 101.523304449,1.676617033,0 101.523267131,1.676658375,0 101.523236526,1.676748811,0 101.523221299,1.676947771,0 101.523232553,1.677025185,0 
					</coordinates>
				</LineString>
			</MultiGeometry>
		</Placemark>
		<Placemark id="ID_00200">
			<name>-22</name>
			<Snippet maxLines="0"></Snippet>
			<description><![CDATA[<html xmlns:fo="http://www.w3.org/1999/XSL/Format" xmlns:msxsl="urn:schemas-microsoft-com:xslt">

<head>

<META http-equiv="Content-Type" content="text/html">

<meta http-equiv="content-type" content="text/html; charset=UTF-8">

</head>

<body style="margin:0px 0px 0px 0px;overflow:auto;background:#FFFFFF;">

<table style="font-family:Arial,Verdana,Times;font-size:12px;text-align:left;width:100%;border-collapse:collapse;padding:3px 3px 3px 3px">

<tr style="text-align:center;font-weight:bold;background:#9CBCE2">

<td>Nautical</td>

</tr>

<tr>

<td>

<table style="font-family:Arial,Verdana,Times;font-size:12px;text-align:left;width:100%;border-spacing:0px; padding:3px 3px 3px 3px">

<tr>

<td>FID</td>

<td>200</td>

</tr>

<tr bgcolor="#D4E4F3">

<td>MAJ_CAT</td>

<td>Nautical</td>

</tr>

<tr>

<td>L_LIMIT</td>

<td>0</td>

</tr>

<tr bgcolor="#D4E4F3">

<td>U_LIMIT</td>

<td>0</td>

</tr>

<tr>

<td>ZORDER</td>

<td>9</td>

</tr>

<tr bgcolor="#D4E4F3">

<td>LAYER</td>

<td>0</td>

</tr>

<tr>

<td>MODE</td>

<td>2T</td>

</tr>

<tr bgcolor="#D4E4F3">

<td>COLOR</td>

<td>0</td>

</tr>

<tr>

<td>WIDTH</td>

<td>0</td>

</tr>

<tr bgcolor="#D4E4F3">

<td>MIN_CAT</td>

<td>1Depth Contours</td>

</tr>

<tr>

<td>RTP_LIMIT</td>

<td>0</td>

</tr>

<tr bgcolor="#D4E4F3">

<td>RTP_COLOR</td>

<td>19</td>

</tr>

<tr>

<td>FONT</td>

<td>020</td>

</tr>

<tr bgcolor="#D4E4F3">

<td>VALUE</td>

<td>22</td>

</tr>

<tr>

<td>TYPE</td>

<td>0</td>

</tr>

<tr bgcolor="#D4E4F3">

<td>Depth</td>

<td>-22</td>

</tr>

</table>

</td>

</tr>

</table>

</body>

</html>]]></description>
			<styleUrl>#LineStyle026</styleUrl>
			<MultiGeometry>
				<LineString>
					<tessellate>1</tessellate>
					<coordinates>
						101.520877937,1.677829901,0 101.520895911,1.677828016,0 101.520949833,1.677807375,0 101.520985782,1.677803297,0 101.52102173,1.677807539,0 101.521036017,1.677797871,0 101.521072117,1.677725522,0 101.521110245,1.67767126,0 101.52112789,1.677598911,0 101.52112549,1.677562737,0 101.521105257,1.677490388,0 101.521099276,1.677399952,0 101.521070781,1.677309516,0 101.521052002,1.677273341,0 101.520985343,1.677200992,0 101.520917532,1.677074382,0 101.520888068,1.676947771,0 101.52088497,1.676875422,0 101.520892404,1.676839248,0 101.520967807,1.676801039,0 101.52101259,1.676766899,0 101.521042272,1.676730724,0 101.521090964,1.676640288,0 101.521129575,1.676600825,0 101.521165523,1.676580907,0 101.521219446,1.676565487,0 101.521327291,1.676552012,0 101.521381213,1.676539941,0 101.521435136,1.676519465,0 101.521489058,1.676491435,0 101.521525007,1.676466306,0 101.521938412,1.676102783,0 101.522141906,1.67597106,0 101.522172697,1.675934886,0 101.522211124,1.675862537,0 101.522234986,1.675790188,0 101.522228248,1.675735926,0 101.522233187,1.675699752,0 101.522261948,1.675672621,0 101.522279922,1.675668102,0 101.522351818,1.675680019,0 101.522405741,1.675678377,0 101.522567508,1.675632071,0 101.522639405,1.675621977,0 101.522693328,1.675620958,0 101.522801173,1.675580084,0 101.522844921,1.675555054,0 101.522879726,1.67551888,0 101.522876241,1.675500792,0 101.522819147,1.675461859,0 101.522746251,1.675428443,0 101.522708537,1.675392269,0 101.522702315,1.675356094,0 101.522708639,1.675338007,0 101.52274725,1.675307862,0 101.522819147,1.675265658,0 101.522909018,1.67522677,0 101.52296294,1.675212374,0 101.523016863,1.67521092,0 101.523106733,1.675230823,0 101.523322423,1.675255873,0 101.523520139,1.675289665,0 101.523561764,1.675301833,0 101.523717855,1.675366897,0 101.5238257,1.675393674,0 101.523933545,1.675405088,0 101.524149235,1.675406739,0 101.524203158,1.675413295,0 101.524382899,1.675446318,0 101.524454796,1.675454639,0 101.524490744,1.675454067,0 101.524526693,1.67544747,0 101.524562641,1.675434473,0 101.524616563,1.675397073,0 101.524652512,1.675338868,0 101.524685027,1.675247571,0 101.524706434,1.675220571,0 101.524742383,1.675192713,0 101.524814279,1.675163877,0 101.525011995,1.675121155,0 101.525047943,1.675109656,0 101.525166668,1.675030524,0 101.525195446,1.67499435,0 101.525209711,1.67498483,0 101.525263633,1.67498483,0 
					</coordinates>
				</LineString>
			</MultiGeometry>
		</Placemark>
		<Placemark id="ID_00201">
			<name>-22</name>
			<Snippet maxLines="0"></Snippet>
			<description><![CDATA[<html xmlns:fo="http://www.w3.org/1999/XSL/Format" xmlns:msxsl="urn:schemas-microsoft-com:xslt">

<head>

<META http-equiv="Content-Type" content="text/html">

<meta http-equiv="content-type" content="text/html; charset=UTF-8">

</head>

<body style="margin:0px 0px 0px 0px;overflow:auto;background:#FFFFFF;">

<table style="font-family:Arial,Verdana,Times;font-size:12px;text-align:left;width:100%;border-collapse:collapse;padding:3px 3px 3px 3px">

<tr style="text-align:center;font-weight:bold;background:#9CBCE2">

<td>Nautical</td>

</tr>

<tr>

<td>

<table style="font-family:Arial,Verdana,Times;font-size:12px;text-align:left;width:100%;border-spacing:0px; padding:3px 3px 3px 3px">

<tr>

<td>FID</td>

<td>201</td>

</tr>

<tr bgcolor="#D4E4F3">

<td>MAJ_CAT</td>

<td>Nautical</td>

</tr>

<tr>

<td>L_LIMIT</td>

<td>0</td>

</tr>

<tr bgcolor="#D4E4F3">

<td>U_LIMIT</td>

<td>0</td>

</tr>

<tr>

<td>ZORDER</td>

<td>9</td>

</tr>

<tr bgcolor="#D4E4F3">

<td>LAYER</td>

<td>0</td>

</tr>

<tr>

<td>MODE</td>

<td>2T</td>

</tr>

<tr bgcolor="#D4E4F3">

<td>COLOR</td>

<td>0</td>

</tr>

<tr>

<td>WIDTH</td>

<td>0</td>

</tr>

<tr bgcolor="#D4E4F3">

<td>MIN_CAT</td>

<td>1Depth Contours</td>

</tr>

<tr>

<td>RTP_LIMIT</td>

<td>0</td>

</tr>

<tr bgcolor="#D4E4F3">

<td>RTP_COLOR</td>

<td>19</td>

</tr>

<tr>

<td>FONT</td>

<td>020</td>

</tr>

<tr bgcolor="#D4E4F3">

<td>VALUE</td>

<td>22</td>

</tr>

<tr>

<td>TYPE</td>

<td>0</td>

</tr>

<tr bgcolor="#D4E4F3">

<td>Depth</td>

<td>-22</td>

</tr>

</table>

</td>

</tr>

</table>

</body>

</html>]]></description>
			<styleUrl>#LineStyle026</styleUrl>
			<MultiGeometry>
				<LineString>
					<tessellate>1</tessellate>
					<coordinates>
						101.526378032,1.684397352,0 101.526306135,1.684397352,0 101.526270187,1.684392437,0 101.526162342,1.684395633,0 101.526126394,1.68440574,0 101.526054497,1.684439644,0 101.526000574,1.684452017,0 101.525964626,1.6844492,0 101.525928678,1.684435376,0 101.525886082,1.684399711,0 101.525859977,1.684345449,0 101.525854372,1.684309275,0 101.525860205,1.684182664,0 101.525854931,1.68414649,0 101.525834405,1.684110315,0 101.525809037,1.684092228,0 101.525784884,1.684085272,0 101.525695013,1.684083119,0 101.525659065,1.68408828,0 101.525605143,1.684100732,0 101.52555122,1.68412047,0 101.525515272,1.684142017,0 101.52547085,1.684182664,0 101.525403532,1.684273101,0 101.525371478,1.684296025,0 101.52533553,1.684310747,0 101.525317556,1.684314322,0 101.525281608,1.6843145,0 101.525245659,1.684305741,0 101.525029969,1.684204653,0 101.525011995,1.684198742,0 101.525004594,1.684200752,0 101.524994021,1.68420564,0 101.524940098,1.684282664,0 101.524895163,1.684399711,0 101.524861403,1.684562496,0 101.524852858,1.68467102,0 101.52485695,1.684779543,0 101.524836429,1.684833805,0 101.524814937,1.684869979,0 101.524796305,1.684891684,0 101.524760357,1.68491977,0 101.524706434,1.684947935,0 101.524652512,1.684969285,0 101.524418848,1.685046554,0 101.524364925,1.685056632,0 101.524328977,1.685059895,0 101.524293028,1.685060472,0 101.524221132,1.685055899,0 101.524185183,1.685057182,0 101.524131261,1.685069479,0 101.524077338,1.685099776,0 101.524010912,1.685159375,0 101.523932016,1.685213637,0 101.523879623,1.68523953,0 101.523861648,1.685244259,0 101.5238257,1.685246003,0 101.523789752,1.685239188,0 101.523735829,1.685216587,0 101.523681907,1.68518108,0 101.523627984,1.685133928,0 101.523567877,1.685050852,0 101.523520139,1.684936877,0 101.523484191,1.684869979,0 101.523466217,1.684849059,0 101.523448243,1.684842187,0 101.523430268,1.684843752,0 101.523412294,1.68485551,0 101.52340299,1.684869979,0 101.523376346,1.684930147,0 101.523326018,1.685141288,0 101.523250527,1.685331385,0 101.52317863,1.685494966,0 101.523150143,1.685539207,0 101.523124708,1.685566539,0 101.523070785,1.685600453,0 101.522855095,1.685692426,0 101.522639405,1.685790053,0 101.52253156,1.685823388,0 101.522279922,1.685892066,0 101.522190051,1.685924955,0 101.522154103,1.685942213,0 101.52210018,1.685977868,0 101.522046258,1.68602304,0 101.521938412,1.686074026,0 
					</coordinates>
				</LineString>
			</MultiGeometry>
		</Placemark>
		<Placemark id="ID_00202">
			<name>-22</name>
			<Snippet maxLines="0"></Snippet>
			<description><![CDATA[<html xmlns:fo="http://www.w3.org/1999/XSL/Format" xmlns:msxsl="urn:schemas-microsoft-com:xslt">

<head>

<META http-equiv="Content-Type" content="text/html">

<meta http-equiv="content-type" content="text/html; charset=UTF-8">

</head>

<body style="margin:0px 0px 0px 0px;overflow:auto;background:#FFFFFF;">

<table style="font-family:Arial,Verdana,Times;font-size:12px;text-align:left;width:100%;border-collapse:collapse;padding:3px 3px 3px 3px">

<tr style="text-align:center;font-weight:bold;background:#9CBCE2">

<td>Nautical</td>

</tr>

<tr>

<td>

<table style="font-family:Arial,Verdana,Times;font-size:12px;text-align:left;width:100%;border-spacing:0px; padding:3px 3px 3px 3px">

<tr>

<td>FID</td>

<td>202</td>

</tr>

<tr bgcolor="#D4E4F3">

<td>MAJ_CAT</td>

<td>Nautical</td>

</tr>

<tr>

<td>L_LIMIT</td>

<td>0</td>

</tr>

<tr bgcolor="#D4E4F3">

<td>U_LIMIT</td>

<td>0</td>

</tr>

<tr>

<td>ZORDER</td>

<td>9</td>

</tr>

<tr bgcolor="#D4E4F3">

<td>LAYER</td>

<td>0</td>

</tr>

<tr>

<td>MODE</td>

<td>2T</td>

</tr>

<tr bgcolor="#D4E4F3">

<td>COLOR</td>

<td>0</td>

</tr>

<tr>

<td>WIDTH</td>

<td>0</td>

</tr>

<tr bgcolor="#D4E4F3">

<td>MIN_CAT</td>

<td>1Depth Contours</td>

</tr>

<tr>

<td>RTP_LIMIT</td>

<td>0</td>

</tr>

<tr bgcolor="#D4E4F3">

<td>RTP_COLOR</td>

<td>19</td>

</tr>

<tr>

<td>FONT</td>

<td>020</td>

</tr>

<tr bgcolor="#D4E4F3">

<td>VALUE</td>

<td>22</td>

</tr>

<tr>

<td>TYPE</td>

<td>0</td>

</tr>

<tr bgcolor="#D4E4F3">

<td>Depth</td>

<td>-22</td>

</tr>

</table>

</td>

</tr>

</table>

</body>

</html>]]></description>
			<styleUrl>#LineStyle026</styleUrl>
			<MultiGeometry>
				<LineString>
					<tessellate>1</tessellate>
					<coordinates>
						101.527528379,1.69511811,0 101.527546353,1.69511811,0 101.527588038,1.695089265,0 101.527618249,1.695076184,0 101.527744069,1.695033761,0 101.527959759,1.694973507,0 101.528175449,1.694918651,0 101.528391139,1.694850094,0 101.528481009,1.694829087,0 101.528606829,1.694794134,0 101.528678725,1.694780907,0 101.528822519,1.694766143,0 101.528876441,1.69475847,0 101.529038209,1.694731357,0 101.529146054,1.694710134,0 101.529397692,1.694652541,0 101.529595408,1.694610124,0 101.529685279,1.69458491,0 101.529829072,1.694537698,0 101.529972865,1.694501611,0 101.530170581,1.694444719,0 101.530386271,1.694372895,0 101.530673858,1.694295619,0 101.5308536,1.694262493,0 101.53106929,1.694219539,0 101.531123212,1.694206852,0 101.531195109,1.694185765,0 101.531359221,1.694130642,0 101.531572566,1.694073657,0 101.531638172,1.694058293,0 101.531734334,1.694040206,0 101.531967998,1.694002506,0 101.532129765,1.693979842,0 101.532183688,1.69397009,0 101.53223761,1.693957246,0 101.532291533,1.693937335,0 101.53232828,1.693913595,0 101.532361734,1.693877421,0 101.532429019,1.693786984,0 101.532471275,1.69374946,0 101.532525197,1.693718966,0 101.532704939,1.693635808,0 101.532740887,1.693622086,0 101.53279481,1.693611479,0 101.532830758,1.693611521,0 101.532866706,1.693615156,0 101.532938603,1.693628075,0 101.533136319,1.693672315,0 101.53310037,1.693672315,0 
					</coordinates>
				</LineString>
			</MultiGeometry>
		</Placemark>
		<Placemark id="ID_00203">
			<name>-22</name>
			<Snippet maxLines="0"></Snippet>
			<description><![CDATA[<html xmlns:fo="http://www.w3.org/1999/XSL/Format" xmlns:msxsl="urn:schemas-microsoft-com:xslt">

<head>

<META http-equiv="Content-Type" content="text/html">

<meta http-equiv="content-type" content="text/html; charset=UTF-8">

</head>

<body style="margin:0px 0px 0px 0px;overflow:auto;background:#FFFFFF;">

<table style="font-family:Arial,Verdana,Times;font-size:12px;text-align:left;width:100%;border-collapse:collapse;padding:3px 3px 3px 3px">

<tr style="text-align:center;font-weight:bold;background:#9CBCE2">

<td>Nautical</td>

</tr>

<tr>

<td>

<table style="font-family:Arial,Verdana,Times;font-size:12px;text-align:left;width:100%;border-spacing:0px; padding:3px 3px 3px 3px">

<tr>

<td>FID</td>

<td>203</td>

</tr>

<tr bgcolor="#D4E4F3">

<td>MAJ_CAT</td>

<td>Nautical</td>

</tr>

<tr>

<td>L_LIMIT</td>

<td>0</td>

</tr>

<tr bgcolor="#D4E4F3">

<td>U_LIMIT</td>

<td>0</td>

</tr>

<tr>

<td>ZORDER</td>

<td>9</td>

</tr>

<tr bgcolor="#D4E4F3">

<td>LAYER</td>

<td>0</td>

</tr>

<tr>

<td>MODE</td>

<td>2T</td>

</tr>

<tr bgcolor="#D4E4F3">

<td>COLOR</td>

<td>0</td>

</tr>

<tr>

<td>WIDTH</td>

<td>0</td>

</tr>

<tr bgcolor="#D4E4F3">

<td>MIN_CAT</td>

<td>1Depth Contours</td>

</tr>

<tr>

<td>RTP_LIMIT</td>

<td>0</td>

</tr>

<tr bgcolor="#D4E4F3">

<td>RTP_COLOR</td>

<td>19</td>

</tr>

<tr>

<td>FONT</td>

<td>020</td>

</tr>

<tr bgcolor="#D4E4F3">

<td>VALUE</td>

<td>22</td>

</tr>

<tr>

<td>TYPE</td>

<td>0</td>

</tr>

<tr bgcolor="#D4E4F3">

<td>Depth</td>

<td>-22</td>

</tr>

</table>

</td>

</tr>

</table>

</body>

</html>]]></description>
			<styleUrl>#LineStyle026</styleUrl>
			<MultiGeometry>
				<LineString>
					<tessellate>1</tessellate>
					<coordinates>
						101.533639595,1.700135099,0 101.533675544,1.700135233,0 101.533693518,1.700098156,0 101.533729466,1.700095428,0 101.533765415,1.70008737,0 101.53387326,1.70005019,0 101.533909208,1.70004059,0 101.53396313,1.700034889,0 101.534070976,1.700031601,0 101.534093743,1.700027079,0 101.534142872,1.700003186,0 101.534268691,1.699898171,0 101.53430464,1.699874708,0 101.534340588,1.699858085,0 101.534376536,1.699846207,0 101.534412485,1.699838385,0 101.534502356,1.699827841,0 101.534589659,1.699810032,0 101.534682097,1.699781328,0 101.53473602,1.699769574,0 101.534771968,1.699756288,0 101.534843865,1.699707538,0 101.534969684,1.699581854,0 101.535005632,1.699556164,0 101.535059555,1.699528744,0 101.535113477,1.69951353,0 101.535149426,1.699510508,0 101.535203348,1.699510688,0 101.535239296,1.699507573,0 101.535257271,1.699503555,0 101.535347141,1.699455686,0 101.53538309,1.699443598,0 101.535451388,1.6994302,0 101.535544857,1.69941869,0 101.535616754,1.699403823,0 101.535688651,1.699378776,0 101.535832444,1.699306174,0 101.535886366,1.69928309,0 101.535922315,1.699272043,0 101.536012186,1.699249328,0 101.536066108,1.699242294,0 101.536120031,1.699238914,0 101.536155979,1.699239153,0 101.536209901,1.699243902,0 101.536335721,1.699264832,0 101.536443566,1.699275253,0 101.536479514,1.699277024,0 101.536515462,1.699275395,0 101.536605333,1.699265719,0 101.536664786,1.699249328,0 101.53689292,1.699143389,0 101.537000765,1.699098796,0 101.537072661,1.69907259,0 101.537216455,1.699033412,0 101.53726178,1.699014194,0 101.537306326,1.698982779,0 101.537342274,1.698949079,0 101.53744221,1.698833322,0 101.537486067,1.698791118,0 101.537611886,1.698692556,0 101.537649219,1.698670537,0 101.537683783,1.698658479,0 101.537719731,1.698652926,0 101.53775568,1.698653253,0 101.537773654,1.698655705,0 101.537827576,1.698667522,0 101.537917447,1.698682333,0 101.538043267,1.698710548,0 101.538079215,1.698722294,0 101.538205034,1.698774019,0 101.538348827,1.6988496,0 101.538384776,1.698861899,0 101.53840275,1.698864597,0 101.538420724,1.698864109,0 101.538438698,1.698860076,0 101.538546543,1.698804547,0 101.538582492,1.698791922,0 101.53861844,1.698784063,0 101.538654388,1.698783678,0 101.538690337,1.698787526,0 101.538762233,1.698786898,0 101.538906027,1.698774446,0 101.539067794,1.698780054,0 101.539103742,1.698779273,0 101.539193613,1.698756174,0 101.539247536,1.698756174,0 
					</coordinates>
				</LineString>
			</MultiGeometry>
		</Placemark>
		<Placemark id="ID_00204">
			<name>-11</name>
			<Snippet maxLines="0"></Snippet>
			<description><![CDATA[<html xmlns:fo="http://www.w3.org/1999/XSL/Format" xmlns:msxsl="urn:schemas-microsoft-com:xslt">

<head>

<META http-equiv="Content-Type" content="text/html">

<meta http-equiv="content-type" content="text/html; charset=UTF-8">

</head>

<body style="margin:0px 0px 0px 0px;overflow:auto;background:#FFFFFF;">

<table style="font-family:Arial,Verdana,Times;font-size:12px;text-align:left;width:100%;border-collapse:collapse;padding:3px 3px 3px 3px">

<tr style="text-align:center;font-weight:bold;background:#9CBCE2">

<td>Nautical</td>

</tr>

<tr>

<td>

<table style="font-family:Arial,Verdana,Times;font-size:12px;text-align:left;width:100%;border-spacing:0px; padding:3px 3px 3px 3px">

<tr>

<td>FID</td>

<td>204</td>

</tr>

<tr bgcolor="#D4E4F3">

<td>MAJ_CAT</td>

<td>Nautical</td>

</tr>

<tr>

<td>L_LIMIT</td>

<td>0</td>

</tr>

<tr bgcolor="#D4E4F3">

<td>U_LIMIT</td>

<td>0</td>

</tr>

<tr>

<td>ZORDER</td>

<td>9</td>

</tr>

<tr bgcolor="#D4E4F3">

<td>LAYER</td>

<td>0</td>

</tr>

<tr>

<td>MODE</td>

<td>2T</td>

</tr>

<tr bgcolor="#D4E4F3">

<td>COLOR</td>

<td>0</td>

</tr>

<tr>

<td>WIDTH</td>

<td>0</td>

</tr>

<tr bgcolor="#D4E4F3">

<td>MIN_CAT</td>

<td>1Depth Contours</td>

</tr>

<tr>

<td>RTP_LIMIT</td>

<td>0</td>

</tr>

<tr bgcolor="#D4E4F3">

<td>RTP_COLOR</td>

<td>19</td>

</tr>

<tr>

<td>FONT</td>

<td>020</td>

</tr>

<tr bgcolor="#D4E4F3">

<td>VALUE</td>

<td>11</td>

</tr>

<tr>

<td>TYPE</td>

<td>0</td>

</tr>

<tr bgcolor="#D4E4F3">

<td>Depth</td>

<td>-11</td>

</tr>

</table>

</td>

</tr>

</table>

</body>

</html>]]></description>
			<styleUrl>#LineStyle079</styleUrl>
			<MultiGeometry>
				<LineString>
					<tessellate>1</tessellate>
					<coordinates>
						101.518595217,1.662260936,0 101.518613192,1.662263196,0 101.51864914,1.662239561,0 101.518757883,1.662116238,0 101.518799673,1.662080064,0 101.518918752,1.662025802,0 101.519008623,1.661997975,0 101.519064792,1.66197154,0 101.519085013,1.661953453,0 101.5190949,1.661917278,0 101.519086512,1.661899191,0 101.519026597,1.661850495,0 101.519008623,1.661844929,0 101.518972675,1.661842669,0 101.518810907,1.661861783,0 101.518712049,1.661881104,0 101.518667114,1.661906082,0 101.51863491,1.661953453,0 101.51859678,1.662080064,0 101.518581392,1.662206674,0 101.518595217,1.662260936,0 
					</coordinates>
				</LineString>
			</MultiGeometry>
		</Placemark>
		<Placemark id="ID_00205">
			<name>-11</name>
			<Snippet maxLines="0"></Snippet>
			<description><![CDATA[<html xmlns:fo="http://www.w3.org/1999/XSL/Format" xmlns:msxsl="urn:schemas-microsoft-com:xslt">

<head>

<META http-equiv="Content-Type" content="text/html">

<meta http-equiv="content-type" content="text/html; charset=UTF-8">

</head>

<body style="margin:0px 0px 0px 0px;overflow:auto;background:#FFFFFF;">

<table style="font-family:Arial,Verdana,Times;font-size:12px;text-align:left;width:100%;border-collapse:collapse;padding:3px 3px 3px 3px">

<tr style="text-align:center;font-weight:bold;background:#9CBCE2">

<td>Nautical</td>

</tr>

<tr>

<td>

<table style="font-family:Arial,Verdana,Times;font-size:12px;text-align:left;width:100%;border-spacing:0px; padding:3px 3px 3px 3px">

<tr>

<td>FID</td>

<td>205</td>

</tr>

<tr bgcolor="#D4E4F3">

<td>MAJ_CAT</td>

<td>Nautical</td>

</tr>

<tr>

<td>L_LIMIT</td>

<td>0</td>

</tr>

<tr bgcolor="#D4E4F3">

<td>U_LIMIT</td>

<td>0</td>

</tr>

<tr>

<td>ZORDER</td>

<td>9</td>

</tr>

<tr bgcolor="#D4E4F3">

<td>LAYER</td>

<td>0</td>

</tr>

<tr>

<td>MODE</td>

<td>2T</td>

</tr>

<tr bgcolor="#D4E4F3">

<td>COLOR</td>

<td>0</td>

</tr>

<tr>

<td>WIDTH</td>

<td>0</td>

</tr>

<tr bgcolor="#D4E4F3">

<td>MIN_CAT</td>

<td>1Depth Contours</td>

</tr>

<tr>

<td>RTP_LIMIT</td>

<td>0</td>

</tr>

<tr bgcolor="#D4E4F3">

<td>RTP_COLOR</td>

<td>19</td>

</tr>

<tr>

<td>FONT</td>

<td>020</td>

</tr>

<tr bgcolor="#D4E4F3">

<td>VALUE</td>

<td>11</td>

</tr>

<tr>

<td>TYPE</td>

<td>0</td>

</tr>

<tr bgcolor="#D4E4F3">

<td>Depth</td>

<td>-11</td>

</tr>

</table>

</td>

</tr>

</table>

</body>

</html>]]></description>
			<styleUrl>#LineStyle079</styleUrl>
			<MultiGeometry>
				<LineString>
					<tessellate>1</tessellate>
					<coordinates>
						101.518235734,1.66285681,0 101.518271682,1.66285681,0 101.518451424,1.662800162,0 101.518936727,1.662727915,0 101.519044572,1.662697258,0 101.519159512,1.662640768,0 101.519272587,1.662568419,0 101.519350132,1.662507913,0 101.519422029,1.662461088,0 101.51958587,1.662387547,0 101.519655693,1.662333285,0 101.519718603,1.662242849,0 101.519721775,1.662206674,0 101.519706021,1.662152413,0 101.519683029,1.662116238,0 101.519637719,1.662075286,0 101.519583797,1.662041842,0 101.519504499,1.662007715,0 101.51947517,1.661989627,0 101.519461572,1.66197154,0 101.519450274,1.661935366,0 101.519463303,1.661899191,0 101.519493926,1.661866892,0 101.519527178,1.661844929,0 101.519655693,1.6617855,0 101.519733367,1.661736406,0 101.519763538,1.661671808,0 101.519788913,1.66164597,0 101.519835435,1.661625503,0 101.519961254,1.661595099,0 101.520058038,1.661555534,0 101.520106171,1.661519359,0 101.520126806,1.661483185,0 101.520128414,1.661465098,0 101.520105047,1.661433947,0 101.520069099,1.661420242,0 101.520015177,1.66141248,0 101.519799487,1.661400401,0 101.519709616,1.661383173,0 101.519687493,1.661374661,0 101.519665679,1.661356574,0 101.519660595,1.661338487,0 101.519667469,1.661302312,0 101.519744181,1.661193789,0 101.519817461,1.66111773,0 101.519889357,1.66105512,0 101.520051125,1.660946597,0 101.520105047,1.660900557,0 101.520212892,1.660770031,0 101.520338712,1.660574712,0 101.520428582,1.660473916,0 101.520464531,1.660452212,0 101.520572376,1.66040398,0 101.52059634,1.660379863,0 101.52066624,1.660343689,0 101.520734143,1.66029436,0 101.520783163,1.660144729,0 101.520766098,1.660108555,0 101.520722159,1.66007238,0 101.520680221,1.660052284,0 101.520626298,1.660048264,0 101.520554402,1.660055499,0 101.520503474,1.66007238,0 101.520392634,1.660125135,0 101.520356686,1.660129656,0 101.520320737,1.66012212,0 101.520123022,1.660051205,0 101.519979228,1.660033273,0 101.519835435,1.660040924,0 101.51972759,1.660055585,0 101.519457977,1.660114494,0 101.519386081,1.66013744,0 101.51929621,1.660175251,0 101.519026597,1.660304957,0 101.518936727,1.660356456,0 101.51864914,1.660549812,0 101.518575446,1.660633085,0 101.518491495,1.660759695,0 101.518469398,1.66077321,0 101.518415476,1.660793126,0 101.518271682,1.660799561,0 
					</coordinates>
				</LineString>
			</MultiGeometry>
		</Placemark>
		<Placemark id="ID_00206">
			<name>-11</name>
			<Snippet maxLines="0"></Snippet>
			<description><![CDATA[<html xmlns:fo="http://www.w3.org/1999/XSL/Format" xmlns:msxsl="urn:schemas-microsoft-com:xslt">

<head>

<META http-equiv="Content-Type" content="text/html">

<meta http-equiv="content-type" content="text/html; charset=UTF-8">

</head>

<body style="margin:0px 0px 0px 0px;overflow:auto;background:#FFFFFF;">

<table style="font-family:Arial,Verdana,Times;font-size:12px;text-align:left;width:100%;border-collapse:collapse;padding:3px 3px 3px 3px">

<tr style="text-align:center;font-weight:bold;background:#9CBCE2">

<td>Nautical</td>

</tr>

<tr>

<td>

<table style="font-family:Arial,Verdana,Times;font-size:12px;text-align:left;width:100%;border-spacing:0px; padding:3px 3px 3px 3px">

<tr>

<td>FID</td>

<td>206</td>

</tr>

<tr bgcolor="#D4E4F3">

<td>MAJ_CAT</td>

<td>Nautical</td>

</tr>

<tr>

<td>L_LIMIT</td>

<td>0</td>

</tr>

<tr bgcolor="#D4E4F3">

<td>U_LIMIT</td>

<td>0</td>

</tr>

<tr>

<td>ZORDER</td>

<td>9</td>

</tr>

<tr bgcolor="#D4E4F3">

<td>LAYER</td>

<td>0</td>

</tr>

<tr>

<td>MODE</td>

<td>2T</td>

</tr>

<tr bgcolor="#D4E4F3">

<td>COLOR</td>

<td>0</td>

</tr>

<tr>

<td>WIDTH</td>

<td>0</td>

</tr>

<tr bgcolor="#D4E4F3">

<td>MIN_CAT</td>

<td>1Depth Contours</td>

</tr>

<tr>

<td>RTP_LIMIT</td>

<td>0</td>

</tr>

<tr bgcolor="#D4E4F3">

<td>RTP_COLOR</td>

<td>19</td>

</tr>

<tr>

<td>FONT</td>

<td>020</td>

</tr>

<tr bgcolor="#D4E4F3">

<td>VALUE</td>

<td>11</td>

</tr>

<tr>

<td>TYPE</td>

<td>0</td>

</tr>

<tr bgcolor="#D4E4F3">

<td>Depth</td>

<td>-11</td>

</tr>

</table>

</td>

</tr>

</table>

</body>

</html>]]></description>
			<styleUrl>#LineStyle079</styleUrl>
			<MultiGeometry>
				<LineString>
					<tessellate>1</tessellate>
					<coordinates>
						101.523451008,1.663129123,0 101.523485189,1.663147211,0 101.523538113,1.663156639,0 101.523574062,1.663157731,0 101.52361001,1.663150255,0 101.523645958,1.663129123,0 101.523657215,1.663111036,0 101.52366255,1.663074862,0 101.523645958,1.663050483,0 101.523627984,1.663044281,0 101.523592036,1.663042411,0 101.523527629,1.663056774,0 101.523490931,1.663074862,0 101.523466217,1.663092949,0 101.523451511,1.663111036,0 101.523451008,1.663129123,0 
					</coordinates>
				</LineString>
			</MultiGeometry>
		</Placemark>
		<Placemark id="ID_00207">
			<name>-11</name>
			<Snippet maxLines="0"></Snippet>
			<description><![CDATA[<html xmlns:fo="http://www.w3.org/1999/XSL/Format" xmlns:msxsl="urn:schemas-microsoft-com:xslt">

<head>

<META http-equiv="Content-Type" content="text/html">

<meta http-equiv="content-type" content="text/html; charset=UTF-8">

</head>

<body style="margin:0px 0px 0px 0px;overflow:auto;background:#FFFFFF;">

<table style="font-family:Arial,Verdana,Times;font-size:12px;text-align:left;width:100%;border-collapse:collapse;padding:3px 3px 3px 3px">

<tr style="text-align:center;font-weight:bold;background:#9CBCE2">

<td>Nautical</td>

</tr>

<tr>

<td>

<table style="font-family:Arial,Verdana,Times;font-size:12px;text-align:left;width:100%;border-spacing:0px; padding:3px 3px 3px 3px">

<tr>

<td>FID</td>

<td>207</td>

</tr>

<tr bgcolor="#D4E4F3">

<td>MAJ_CAT</td>

<td>Nautical</td>

</tr>

<tr>

<td>L_LIMIT</td>

<td>0</td>

</tr>

<tr bgcolor="#D4E4F3">

<td>U_LIMIT</td>

<td>0</td>

</tr>

<tr>

<td>ZORDER</td>

<td>9</td>

</tr>

<tr bgcolor="#D4E4F3">

<td>LAYER</td>

<td>0</td>

</tr>

<tr>

<td>MODE</td>

<td>2T</td>

</tr>

<tr bgcolor="#D4E4F3">

<td>COLOR</td>

<td>0</td>

</tr>

<tr>

<td>WIDTH</td>

<td>0</td>

</tr>

<tr bgcolor="#D4E4F3">

<td>MIN_CAT</td>

<td>1Depth Contours</td>

</tr>

<tr>

<td>RTP_LIMIT</td>

<td>0</td>

</tr>

<tr bgcolor="#D4E4F3">

<td>RTP_COLOR</td>

<td>19</td>

</tr>

<tr>

<td>FONT</td>

<td>020</td>

</tr>

<tr bgcolor="#D4E4F3">

<td>VALUE</td>

<td>11</td>

</tr>

<tr>

<td>TYPE</td>

<td>0</td>

</tr>

<tr bgcolor="#D4E4F3">

<td>Depth</td>

<td>-11</td>

</tr>

</table>

</td>

</tr>

</table>

</body>

</html>]]></description>
			<styleUrl>#LineStyle079</styleUrl>
			<MultiGeometry>
				<LineString>
					<tessellate>1</tessellate>
					<coordinates>
						101.521648129,1.663979223,0 101.5216688,1.663988499,0 101.521686774,1.663990905,0 101.521740697,1.663987289,0 101.521794619,1.663971747,0 101.521859326,1.663943049,0 101.521941034,1.663888787,0 101.522028283,1.663816438,0 101.522063415,1.663780264,0 101.522074217,1.663762177,0 101.522075465,1.663744089,0 101.522064232,1.663739065,0 101.522046258,1.66373873,0 101.522010309,1.663744654,0 101.521956387,1.663759916,0 101.521848542,1.663795483,0 101.521776645,1.663830682,0 101.521717854,1.6638707,0 101.521681872,1.663906874,0 101.52164569,1.663961136,0 101.521648129,1.663979223,0 
					</coordinates>
				</LineString>
			</MultiGeometry>
		</Placemark>
		<Placemark id="ID_00208">
			<name>-11</name>
			<Snippet maxLines="0"></Snippet>
			<description><![CDATA[<html xmlns:fo="http://www.w3.org/1999/XSL/Format" xmlns:msxsl="urn:schemas-microsoft-com:xslt">

<head>

<META http-equiv="Content-Type" content="text/html">

<meta http-equiv="content-type" content="text/html; charset=UTF-8">

</head>

<body style="margin:0px 0px 0px 0px;overflow:auto;background:#FFFFFF;">

<table style="font-family:Arial,Verdana,Times;font-size:12px;text-align:left;width:100%;border-collapse:collapse;padding:3px 3px 3px 3px">

<tr style="text-align:center;font-weight:bold;background:#9CBCE2">

<td>Nautical</td>

</tr>

<tr>

<td>

<table style="font-family:Arial,Verdana,Times;font-size:12px;text-align:left;width:100%;border-spacing:0px; padding:3px 3px 3px 3px">

<tr>

<td>FID</td>

<td>208</td>

</tr>

<tr bgcolor="#D4E4F3">

<td>MAJ_CAT</td>

<td>Nautical</td>

</tr>

<tr>

<td>L_LIMIT</td>

<td>0</td>

</tr>

<tr bgcolor="#D4E4F3">

<td>U_LIMIT</td>

<td>0</td>

</tr>

<tr>

<td>ZORDER</td>

<td>9</td>

</tr>

<tr bgcolor="#D4E4F3">

<td>LAYER</td>

<td>0</td>

</tr>

<tr>

<td>MODE</td>

<td>2T</td>

</tr>

<tr bgcolor="#D4E4F3">

<td>COLOR</td>

<td>0</td>

</tr>

<tr>

<td>WIDTH</td>

<td>0</td>

</tr>

<tr bgcolor="#D4E4F3">

<td>MIN_CAT</td>

<td>1Depth Contours</td>

</tr>

<tr>

<td>RTP_LIMIT</td>

<td>0</td>

</tr>

<tr bgcolor="#D4E4F3">

<td>RTP_COLOR</td>

<td>19</td>

</tr>

<tr>

<td>FONT</td>

<td>020</td>

</tr>

<tr bgcolor="#D4E4F3">

<td>VALUE</td>

<td>11</td>

</tr>

<tr>

<td>TYPE</td>

<td>0</td>

</tr>

<tr bgcolor="#D4E4F3">

<td>Depth</td>

<td>-11</td>

</tr>

</table>

</td>

</tr>

</table>

</body>

</html>]]></description>
			<styleUrl>#LineStyle079</styleUrl>
			<MultiGeometry>
				<LineString>
					<tessellate>1</tessellate>
					<coordinates>
						101.523556088,1.660965438,0 101.523484191,1.660965438,0 101.52339432,1.661021428,0 101.523322423,1.661088487,0 101.523223116,1.661248051,0 101.523160656,1.661316782,0 101.523106733,1.661357987,0 101.522909018,1.66146542,0 101.522873069,1.661477473,0 101.522837121,1.661483185,0 101.522801173,1.661482878,0 101.52274725,1.661471988,0 101.522569755,1.661392749,0 101.522477638,1.661332834,0 101.522459663,1.661324656,0 101.522423715,1.661319336,0 101.522369793,1.661331788,0 101.52213541,1.661410836,0 101.522082206,1.661449319,0 101.521951893,1.661573621,0 101.521938412,1.661593969,0 101.521920438,1.661605777,0 101.521902464,1.661600752,0 101.521907857,1.661573621,0 101.521890242,1.661537446,0 101.521813392,1.66144701,0 101.521740697,1.661392749,0 101.521613495,1.661338487,0 101.521560955,1.661284225,0 101.52155582,1.661211876,0 101.521525007,1.661195597,0 101.521507032,1.661195433,0 101.521489058,1.661202833,0 101.521471084,1.66122092,0 101.521459647,1.661248051,0 101.521449258,1.661302312,0 101.52137672,1.661374661,0 101.521291342,1.661418307,0 101.521077286,1.661501272,0 101.521008249,1.661555534,0 101.520985782,1.661591708,0 101.520970645,1.661682144,0 101.520957258,1.661718319,0 101.520912528,1.661772581,0 101.520835452,1.661844929,0 101.520738172,1.661917278,0 101.520487065,1.662061976,0 101.520397813,1.662134325,0 101.520351493,1.662188587,0 101.520341938,1.662224761,0 101.520352873,1.662260936,0 101.520384339,1.66229711,0 101.520428582,1.662322645,0 101.520482505,1.662346383,0 101.520518453,1.662356305,0 101.520734143,1.662361217,0 101.520841988,1.662387547,0 101.520892127,1.662405634,0 101.520918615,1.662423721,0 101.520931859,1.662441808,0 101.520933656,1.662459896,0 101.520921974,1.662477983,0 101.520859962,1.662525667,0 101.52080604,1.662551085,0 101.520770092,1.662559375,0 101.520680221,1.662559524,0 101.520608324,1.662568118,0 101.520572376,1.662578802,0 101.520536427,1.662604593,0 101.520519416,1.662640768,0 101.520507551,1.66269503,0 101.520491043,1.662893989,0 101.520482505,1.662912076,0 101.520460037,1.662930164,0 101.520410608,1.662941887,0 101.520248841,1.662952094,0 101.520051125,1.662992665,0 101.519781512,1.663026165,0 101.519632393,1.663056774,0 101.519472853,1.663111036,0 101.519134442,1.663245944,0 101.519074861,1.663273821,0 101.518985781,1.663328083,0 101.518922932,1.663382345,0 101.518898531,1.663418519,0 101.518891548,1.663454694,0 101.518908367,1.66354513,0 101.518900778,1.663581304,0 101.518881199,1.663617479,0 101.51877966,1.663744089,0 101.518761035,1.663780264,0 101.518750599,1.663852613,0 101.518771668,1.66406966,0 101.518792933,1.66415023,0 101.518823206,1.66419627,0 101.518882804,1.664238259,0 101.518918752,1.664253904,0 101.518936727,1.664256166,0 101.518972675,1.664245281,0 101.519069418,1.66419627,0 101.519281831,1.66406966,0 101.519422029,1.664003716,0 101.519457977,1.663991784,0 101.519493926,1.663990076,0 101.519529874,1.664005419,0 101.519709616,1.664157737,0 101.519758831,1.664214357,0 101.51981066,1.664250532,0 101.519871383,1.664274503,0 101.519925306,1.664286489,0 101.520015177,1.664296396,0 101.520105047,1.664295388,0 101.520133007,1.664304794,0 101.520061474,1.664467579,0 101.520015177,1.664555082,0 101.519979228,1.664595423,0 101.519925306,1.664639116,0 101.519889357,1.664664528,0 101.519853409,1.664681276,0 101.519799487,1.664693239,0 101.519691642,1.664697001,0 101.519583797,1.664712761,0 101.519529874,1.664729844,0 101.519404055,1.66478341,0 101.519332158,1.664822491,0 101.51929621,1.664851247,0 101.51926067,1.664901672,0 101.519239574,1.664955934,0 101.519234863,1.665010196,0 101.519252398,1.66504637,0 101.519278236,1.665066719,0 101.519368107,1.665110207,0 101.519395068,1.665136807,0 101.519402163,1.665172981,0 101.519398336,1.66524533,0 101.519402258,1.665263417,0 101.519423663,1.665281504,0 101.519457977,1.665291113,0 101.5195119,1.665290822,0 101.519709616,1.665215357,0 101.519871383,1.665182455,0 101.519925306,1.665150157,0 101.519957169,1.665118719,0 101.520040966,1.664974021,0 101.520072786,1.664937847,0 101.520140996,1.664884554,0 101.520176944,1.664847411,0 101.520272656,1.664702713,0 101.520302763,1.664666538,0 101.520356686,1.66462164,0 101.520482505,1.664547986,0 101.520515823,1.66452184,0 101.520541585,1.664485666,0 101.520575737,1.664413317,0 101.520629929,1.664340968,0 101.520680221,1.66429376,0 101.520770092,1.664243061,0 101.520804406,1.664214357,0 101.520816877,1.66419627,0 101.520834332,1.664142009,0 101.520861835,1.664105834,0 101.520949833,1.664043131,0 101.521071934,1.663979223,0 101.521112499,1.663943049,0 101.521133804,1.663906874,0 101.521131821,1.663888787,0 101.521111601,1.66386834,0 101.521057678,1.663853904,0 101.520949833,1.663854932,0 101.520895911,1.663846584,0 101.520851792,1.663834526,0 101.520820644,1.663816438,0 101.520805184,1.663762177,0 101.520824014,1.663712089,0 101.520844235,1.663689828,0 101.520877937,1.663667375,0 101.521003756,1.663630563,0 101.521057678,1.663607241,0 101.521111601,1.663574199,0 101.521225298,1.663490868,0 101.521403681,1.663400432,0 101.521454872,1.663364257,0 101.521525007,1.66327862,0 101.521611818,1.663147211,0 101.521665874,1.663092949,0 101.521714961,1.6630206,0 101.521754725,1.662930164,0 101.52185653,1.662749291,0 101.521853677,1.662731204,0 101.521867799,1.662713117,0 101.521886487,1.662640768,0 101.521942008,1.662586506,0 101.521966372,1.662550332,0 101.522062598,1.662459896,0 101.522154919,1.662351372,0 101.522214872,1.662315198,0 101.522279922,1.662263197,0 101.52231587,1.662242849,0 101.522387767,1.662214512,0 101.522513586,1.662180277,0 101.522576068,1.662152413,0 101.522657379,1.662088863,0 101.52274725,1.661992007,0 101.522783198,1.661970699,0 101.522819147,1.661958456,0 101.522891043,1.661954099,0 101.523016863,1.661973099,0 101.523358372,1.662047367,0 101.523484191,1.662065655,0 101.523520139,1.662060231,0 101.523556088,1.662044801,0 101.523627984,1.662030282,0 101.523663933,1.662016031,0 101.523717855,1.662016031,0 
					</coordinates>
				</LineString>
			</MultiGeometry>
		</Placemark>
		<Placemark id="ID_00209">
			<name>-11</name>
			<Snippet maxLines="0"></Snippet>
			<description><![CDATA[<html xmlns:fo="http://www.w3.org/1999/XSL/Format" xmlns:msxsl="urn:schemas-microsoft-com:xslt">

<head>

<META http-equiv="Content-Type" content="text/html">

<meta http-equiv="content-type" content="text/html; charset=UTF-8">

</head>

<body style="margin:0px 0px 0px 0px;overflow:auto;background:#FFFFFF;">

<table style="font-family:Arial,Verdana,Times;font-size:12px;text-align:left;width:100%;border-collapse:collapse;padding:3px 3px 3px 3px">

<tr style="text-align:center;font-weight:bold;background:#9CBCE2">

<td>Nautical</td>

</tr>

<tr>

<td>

<table style="font-family:Arial,Verdana,Times;font-size:12px;text-align:left;width:100%;border-spacing:0px; padding:3px 3px 3px 3px">

<tr>

<td>FID</td>

<td>209</td>

</tr>

<tr bgcolor="#D4E4F3">

<td>MAJ_CAT</td>

<td>Nautical</td>

</tr>

<tr>

<td>L_LIMIT</td>

<td>0</td>

</tr>

<tr bgcolor="#D4E4F3">

<td>U_LIMIT</td>

<td>0</td>

</tr>

<tr>

<td>ZORDER</td>

<td>9</td>

</tr>

<tr bgcolor="#D4E4F3">

<td>LAYER</td>

<td>0</td>

</tr>

<tr>

<td>MODE</td>

<td>2T</td>

</tr>

<tr bgcolor="#D4E4F3">

<td>COLOR</td>

<td>0</td>

</tr>

<tr>

<td>WIDTH</td>

<td>0</td>

</tr>

<tr bgcolor="#D4E4F3">

<td>MIN_CAT</td>

<td>1Depth Contours</td>

</tr>

<tr>

<td>RTP_LIMIT</td>

<td>0</td>

</tr>

<tr bgcolor="#D4E4F3">

<td>RTP_COLOR</td>

<td>19</td>

</tr>

<tr>

<td>FONT</td>

<td>020</td>

</tr>

<tr bgcolor="#D4E4F3">

<td>VALUE</td>

<td>11</td>

</tr>

<tr>

<td>TYPE</td>

<td>0</td>

</tr>

<tr bgcolor="#D4E4F3">

<td>Depth</td>

<td>-11</td>

</tr>

</table>

</td>

</tr>

</table>

</body>

</html>]]></description>
			<styleUrl>#LineStyle079</styleUrl>
			<MultiGeometry>
				<LineString>
					<tessellate>1</tessellate>
					<coordinates>
						101.52404139,1.664701339,0 101.523969493,1.664701339,0 101.523915571,1.664678026,0 101.5238257,1.664665246,0 101.523789752,1.664667122,0 101.523771778,1.66467527,0 101.523731,1.6647208,0 101.523659972,1.664847411,0 101.523566872,1.664955934,0 101.523523311,1.664992109,0 101.52339432,1.665080507,0 101.523358372,1.665095327,0 101.523340398,1.665093492,0 101.523322423,1.665104199,0 101.523268501,1.665152355,0 101.523254466,1.665172981,0 101.523260622,1.665191068,0 101.523247531,1.665227243,0 101.52324708,1.665281504,0 101.52325739,1.665317679,0 101.523273935,1.665335766,0 101.523322423,1.665358149,0 101.523376346,1.665367367,0 101.523430268,1.665366391,0 101.523502165,1.665354077,0 101.52361001,1.665343663,0 101.523735829,1.66533835,0 101.523789752,1.665321487,0 101.523843674,1.665289256,0 101.523879623,1.665263417,0 101.523933545,1.665203471,0 101.523987468,1.665182541,0 101.524023416,1.665160293,0 101.524077338,1.665160293,0 
					</coordinates>
				</LineString>
			</MultiGeometry>
		</Placemark>
		<Placemark id="ID_00210">
			<name>-11</name>
			<Snippet maxLines="0"></Snippet>
			<description><![CDATA[<html xmlns:fo="http://www.w3.org/1999/XSL/Format" xmlns:msxsl="urn:schemas-microsoft-com:xslt">

<head>

<META http-equiv="Content-Type" content="text/html">

<meta http-equiv="content-type" content="text/html; charset=UTF-8">

</head>

<body style="margin:0px 0px 0px 0px;overflow:auto;background:#FFFFFF;">

<table style="font-family:Arial,Verdana,Times;font-size:12px;text-align:left;width:100%;border-collapse:collapse;padding:3px 3px 3px 3px">

<tr style="text-align:center;font-weight:bold;background:#9CBCE2">

<td>Nautical</td>

</tr>

<tr>

<td>

<table style="font-family:Arial,Verdana,Times;font-size:12px;text-align:left;width:100%;border-spacing:0px; padding:3px 3px 3px 3px">

<tr>

<td>FID</td>

<td>210</td>

</tr>

<tr bgcolor="#D4E4F3">

<td>MAJ_CAT</td>

<td>Nautical</td>

</tr>

<tr>

<td>L_LIMIT</td>

<td>0</td>

</tr>

<tr bgcolor="#D4E4F3">

<td>U_LIMIT</td>

<td>0</td>

</tr>

<tr>

<td>ZORDER</td>

<td>9</td>

</tr>

<tr bgcolor="#D4E4F3">

<td>LAYER</td>

<td>0</td>

</tr>

<tr>

<td>MODE</td>

<td>2T</td>

</tr>

<tr bgcolor="#D4E4F3">

<td>COLOR</td>

<td>0</td>

</tr>

<tr>

<td>WIDTH</td>

<td>0</td>

</tr>

<tr bgcolor="#D4E4F3">

<td>MIN_CAT</td>

<td>1Depth Contours</td>

</tr>

<tr>

<td>RTP_LIMIT</td>

<td>0</td>

</tr>

<tr bgcolor="#D4E4F3">

<td>RTP_COLOR</td>

<td>19</td>

</tr>

<tr>

<td>FONT</td>

<td>020</td>

</tr>

<tr bgcolor="#D4E4F3">

<td>VALUE</td>

<td>11</td>

</tr>

<tr>

<td>TYPE</td>

<td>0</td>

</tr>

<tr bgcolor="#D4E4F3">

<td>Depth</td>

<td>-11</td>

</tr>

</table>

</td>

</tr>

</table>

</body>

</html>]]></description>
			<styleUrl>#LineStyle079</styleUrl>
			<MultiGeometry>
				<LineString>
					<tessellate>1</tessellate>
					<coordinates>
						101.518846856,1.666215464,0 101.518882804,1.666215464,0 101.518972675,1.666183857,0 101.519096931,1.666131605,0 101.519404055,1.666024864,0 101.5195119,1.665973844,0 101.519565822,1.665937965,0 101.519609308,1.66589647,0 101.519639081,1.665860296,0 101.519683,1.665787947,0 101.519709616,1.665759155,0 101.519746562,1.665733685,0 101.519835435,1.665687645,0 101.519972976,1.665607075,0 101.520028118,1.665552813,0 101.520039793,1.665516638,0 101.520017573,1.665462377,0 101.519997202,1.66544429,0 101.519979228,1.66543615,0 101.51994328,1.665427357,0 101.519907332,1.6654239,0 101.519781512,1.665417854,0 101.51972759,1.66541889,0 101.519655693,1.665428955,0 101.519619745,1.665438411,0 101.519417535,1.665516638,0 101.519188365,1.665580913,0 101.519116468,1.665609857,0 101.519008623,1.665668807,0 101.518990649,1.665671672,0 101.518972675,1.665666438,0 101.518954701,1.665651559,0 101.518918752,1.665652293,0 101.518882804,1.665645,0 101.51886483,1.665635211,0 101.518846856,1.665614611,0 101.518828882,1.665614611,0 
					</coordinates>
				</LineString>
			</MultiGeometry>
		</Placemark>
		<Placemark id="ID_00211">
			<name>-11</name>
			<Snippet maxLines="0"></Snippet>
			<description><![CDATA[<html xmlns:fo="http://www.w3.org/1999/XSL/Format" xmlns:msxsl="urn:schemas-microsoft-com:xslt">

<head>

<META http-equiv="Content-Type" content="text/html">

<meta http-equiv="content-type" content="text/html; charset=UTF-8">

</head>

<body style="margin:0px 0px 0px 0px;overflow:auto;background:#FFFFFF;">

<table style="font-family:Arial,Verdana,Times;font-size:12px;text-align:left;width:100%;border-collapse:collapse;padding:3px 3px 3px 3px">

<tr style="text-align:center;font-weight:bold;background:#9CBCE2">

<td>Nautical</td>

</tr>

<tr>

<td>

<table style="font-family:Arial,Verdana,Times;font-size:12px;text-align:left;width:100%;border-spacing:0px; padding:3px 3px 3px 3px">

<tr>

<td>FID</td>

<td>211</td>

</tr>

<tr bgcolor="#D4E4F3">

<td>MAJ_CAT</td>

<td>Nautical</td>

</tr>

<tr>

<td>L_LIMIT</td>

<td>0</td>

</tr>

<tr bgcolor="#D4E4F3">

<td>U_LIMIT</td>

<td>0</td>

</tr>

<tr>

<td>ZORDER</td>

<td>9</td>

</tr>

<tr bgcolor="#D4E4F3">

<td>LAYER</td>

<td>0</td>

</tr>

<tr>

<td>MODE</td>

<td>2T</td>

</tr>

<tr bgcolor="#D4E4F3">

<td>COLOR</td>

<td>0</td>

</tr>

<tr>

<td>WIDTH</td>

<td>0</td>

</tr>

<tr bgcolor="#D4E4F3">

<td>MIN_CAT</td>

<td>1Depth Contours</td>

</tr>

<tr>

<td>RTP_LIMIT</td>

<td>0</td>

</tr>

<tr bgcolor="#D4E4F3">

<td>RTP_COLOR</td>

<td>19</td>

</tr>

<tr>

<td>FONT</td>

<td>020</td>

</tr>

<tr bgcolor="#D4E4F3">

<td>VALUE</td>

<td>11</td>

</tr>

<tr>

<td>TYPE</td>

<td>0</td>

</tr>

<tr bgcolor="#D4E4F3">

<td>Depth</td>

<td>-11</td>

</tr>

</table>

</td>

</tr>

</table>

</body>

</html>]]></description>
			<styleUrl>#LineStyle079</styleUrl>
			<MultiGeometry>
				<LineString>
					<tessellate>1</tessellate>
					<coordinates>
						101.524293028,1.667072141,0 101.524239106,1.667072141,0 101.524239106,1.66709798,0 101.524311003,1.66709798,0 
					</coordinates>
				</LineString>
			</MultiGeometry>
		</Placemark>
		<Placemark id="ID_00212">
			<name>-11</name>
			<Snippet maxLines="0"></Snippet>
			<description><![CDATA[<html xmlns:fo="http://www.w3.org/1999/XSL/Format" xmlns:msxsl="urn:schemas-microsoft-com:xslt">

<head>

<META http-equiv="Content-Type" content="text/html">

<meta http-equiv="content-type" content="text/html; charset=UTF-8">

</head>

<body style="margin:0px 0px 0px 0px;overflow:auto;background:#FFFFFF;">

<table style="font-family:Arial,Verdana,Times;font-size:12px;text-align:left;width:100%;border-collapse:collapse;padding:3px 3px 3px 3px">

<tr style="text-align:center;font-weight:bold;background:#9CBCE2">

<td>Nautical</td>

</tr>

<tr>

<td>

<table style="font-family:Arial,Verdana,Times;font-size:12px;text-align:left;width:100%;border-spacing:0px; padding:3px 3px 3px 3px">

<tr>

<td>FID</td>

<td>212</td>

</tr>

<tr bgcolor="#D4E4F3">

<td>MAJ_CAT</td>

<td>Nautical</td>

</tr>

<tr>

<td>L_LIMIT</td>

<td>0</td>

</tr>

<tr bgcolor="#D4E4F3">

<td>U_LIMIT</td>

<td>0</td>

</tr>

<tr>

<td>ZORDER</td>

<td>9</td>

</tr>

<tr bgcolor="#D4E4F3">

<td>LAYER</td>

<td>0</td>

</tr>

<tr>

<td>MODE</td>

<td>2T</td>

</tr>

<tr bgcolor="#D4E4F3">

<td>COLOR</td>

<td>0</td>

</tr>

<tr>

<td>WIDTH</td>

<td>0</td>

</tr>

<tr bgcolor="#D4E4F3">

<td>MIN_CAT</td>

<td>1Depth Contours</td>

</tr>

<tr>

<td>RTP_LIMIT</td>

<td>0</td>

</tr>

<tr bgcolor="#D4E4F3">

<td>RTP_COLOR</td>

<td>19</td>

</tr>

<tr>

<td>FONT</td>

<td>020</td>

</tr>

<tr bgcolor="#D4E4F3">

<td>VALUE</td>

<td>11</td>

</tr>

<tr>

<td>TYPE</td>

<td>0</td>

</tr>

<tr bgcolor="#D4E4F3">

<td>Depth</td>

<td>-11</td>

</tr>

</table>

</td>

</tr>

</table>

</body>

</html>]]></description>
			<styleUrl>#LineStyle079</styleUrl>
			<MultiGeometry>
				<LineString>
					<tessellate>1</tessellate>
					<coordinates>
						101.519853409,1.668248213,0 101.51994328,1.668279464,0 101.519979228,1.668284643,0 101.520033151,1.668283631,0 101.520105047,1.668264813,0 101.520196202,1.668211637,0 101.520248841,1.668153567,0 101.520259247,1.6681212,0 101.520255754,1.668103113,0 101.520230867,1.668062086,0 101.520190296,1.668030764,0 101.520156723,1.668012677,0 101.520105047,1.667995532,0 101.520051125,1.667992503,0 101.519997202,1.668005996,0 101.51994328,1.668035185,0 101.519908732,1.668066939,0 101.519848606,1.668139288,0 101.519835774,1.668175462,0 101.519836524,1.668193549,0 101.519853409,1.668248213,0 
					</coordinates>
				</LineString>
			</MultiGeometry>
		</Placemark>
		<Placemark id="ID_00213">
			<name>-11</name>
			<Snippet maxLines="0"></Snippet>
			<description><![CDATA[<html xmlns:fo="http://www.w3.org/1999/XSL/Format" xmlns:msxsl="urn:schemas-microsoft-com:xslt">

<head>

<META http-equiv="Content-Type" content="text/html">

<meta http-equiv="content-type" content="text/html; charset=UTF-8">

</head>

<body style="margin:0px 0px 0px 0px;overflow:auto;background:#FFFFFF;">

<table style="font-family:Arial,Verdana,Times;font-size:12px;text-align:left;width:100%;border-collapse:collapse;padding:3px 3px 3px 3px">

<tr style="text-align:center;font-weight:bold;background:#9CBCE2">

<td>Nautical</td>

</tr>

<tr>

<td>

<table style="font-family:Arial,Verdana,Times;font-size:12px;text-align:left;width:100%;border-spacing:0px; padding:3px 3px 3px 3px">

<tr>

<td>FID</td>

<td>213</td>

</tr>

<tr bgcolor="#D4E4F3">

<td>MAJ_CAT</td>

<td>Nautical</td>

</tr>

<tr>

<td>L_LIMIT</td>

<td>0</td>

</tr>

<tr bgcolor="#D4E4F3">

<td>U_LIMIT</td>

<td>0</td>

</tr>

<tr>

<td>ZORDER</td>

<td>9</td>

</tr>

<tr bgcolor="#D4E4F3">

<td>LAYER</td>

<td>0</td>

</tr>

<tr>

<td>MODE</td>

<td>2T</td>

</tr>

<tr bgcolor="#D4E4F3">

<td>COLOR</td>

<td>0</td>

</tr>

<tr>

<td>WIDTH</td>

<td>0</td>

</tr>

<tr bgcolor="#D4E4F3">

<td>MIN_CAT</td>

<td>1Depth Contours</td>

</tr>

<tr>

<td>RTP_LIMIT</td>

<td>0</td>

</tr>

<tr bgcolor="#D4E4F3">

<td>RTP_COLOR</td>

<td>19</td>

</tr>

<tr>

<td>FONT</td>

<td>020</td>

</tr>

<tr bgcolor="#D4E4F3">

<td>VALUE</td>

<td>11</td>

</tr>

<tr>

<td>TYPE</td>

<td>0</td>

</tr>

<tr bgcolor="#D4E4F3">

<td>Depth</td>

<td>-11</td>

</tr>

</table>

</td>

</tr>

</table>

</body>

</html>]]></description>
			<styleUrl>#LineStyle079</styleUrl>
			<MultiGeometry>
				<LineString>
					<tessellate>1</tessellate>
					<coordinates>
						101.519691642,1.668722601,0 101.51972759,1.668722601,0 101.519835435,1.668703357,0 101.519889357,1.668683444,0 101.520212892,1.668615847,0 101.520302763,1.668606862,0 101.52037466,1.66861214,0 101.520442963,1.668627643,0 101.520518453,1.668650898,0 101.520680221,1.668722867,0 101.520716169,1.668734616,0 101.520770092,1.668736166,0 101.520824014,1.668721444,0 101.520877937,1.668693209,0 101.520921208,1.668663818,0 101.520978213,1.668609556,0 101.52097979,1.668591469,0 101.520963814,1.668573381,0 101.520931859,1.668563046,0 101.52080604,1.668547155,0 101.520734143,1.668532105,0 101.520662247,1.66850395,0 101.520626298,1.668477778,0 101.520583161,1.668410596,0 101.520557772,1.668338247,0 101.520551406,1.668157375,0 101.520561391,1.6681212,0 101.520608324,1.668058717,0 101.520658877,1.667958415,0 101.520731378,1.667849892,0 101.520803696,1.66766902,0 101.520841988,1.667625767,0 101.520967807,1.667545839,0 101.521003756,1.667511104,0 101.521029104,1.66747006,0 101.521068409,1.667379624,0 101.521083758,1.667325362,0 101.521085089,1.667289188,0 101.521068995,1.667253013,0 101.521004398,1.667180664,0 101.521001259,1.66714449,0 101.521010789,1.667108315,0 101.521057678,1.667022869,0 101.521119922,1.666873181,0 101.521117277,1.666800832,0 101.521084249,1.666746571,0 101.521039704,1.666720868,0 101.520985782,1.666714918,0 101.520913885,1.666728483,0 101.520716169,1.666813334,0 101.520428582,1.666898921,0 101.520266815,1.666972395,0 101.520078086,1.667035966,0 101.519859828,1.667126402,0 101.51972759,1.667174488,0 101.519655693,1.667211563,0 101.519619745,1.667219305,0 101.519583797,1.667209186,0 101.519529874,1.667161881,0 101.519278236,1.666800832,0 101.519170391,1.666668467,0 101.519008623,1.666512341,0 101.518990649,1.666512341,0 
					</coordinates>
				</LineString>
			</MultiGeometry>
		</Placemark>
		<Placemark id="ID_00214">
			<name>-11</name>
			<Snippet maxLines="0"></Snippet>
			<description><![CDATA[<html xmlns:fo="http://www.w3.org/1999/XSL/Format" xmlns:msxsl="urn:schemas-microsoft-com:xslt">

<head>

<META http-equiv="Content-Type" content="text/html">

<meta http-equiv="content-type" content="text/html; charset=UTF-8">

</head>

<body style="margin:0px 0px 0px 0px;overflow:auto;background:#FFFFFF;">

<table style="font-family:Arial,Verdana,Times;font-size:12px;text-align:left;width:100%;border-collapse:collapse;padding:3px 3px 3px 3px">

<tr style="text-align:center;font-weight:bold;background:#9CBCE2">

<td>Nautical</td>

</tr>

<tr>

<td>

<table style="font-family:Arial,Verdana,Times;font-size:12px;text-align:left;width:100%;border-spacing:0px; padding:3px 3px 3px 3px">

<tr>

<td>FID</td>

<td>214</td>

</tr>

<tr bgcolor="#D4E4F3">

<td>MAJ_CAT</td>

<td>Nautical</td>

</tr>

<tr>

<td>L_LIMIT</td>

<td>0</td>

</tr>

<tr bgcolor="#D4E4F3">

<td>U_LIMIT</td>

<td>0</td>

</tr>

<tr>

<td>ZORDER</td>

<td>9</td>

</tr>

<tr bgcolor="#D4E4F3">

<td>LAYER</td>

<td>0</td>

</tr>

<tr>

<td>MODE</td>

<td>2T</td>

</tr>

<tr bgcolor="#D4E4F3">

<td>COLOR</td>

<td>0</td>

</tr>

<tr>

<td>WIDTH</td>

<td>0</td>

</tr>

<tr bgcolor="#D4E4F3">

<td>MIN_CAT</td>

<td>1Depth Contours</td>

</tr>

<tr>

<td>RTP_LIMIT</td>

<td>0</td>

</tr>

<tr bgcolor="#D4E4F3">

<td>RTP_COLOR</td>

<td>19</td>

</tr>

<tr>

<td>FONT</td>

<td>020</td>

</tr>

<tr bgcolor="#D4E4F3">

<td>VALUE</td>

<td>11</td>

</tr>

<tr>

<td>TYPE</td>

<td>0</td>

</tr>

<tr bgcolor="#D4E4F3">

<td>Depth</td>

<td>-11</td>

</tr>

</table>

</td>

</tr>

</table>

</body>

</html>]]></description>
			<styleUrl>#LineStyle079</styleUrl>
			<MultiGeometry>
				<LineString>
					<tessellate>1</tessellate>
					<coordinates>
						101.519781512,1.669754617,0 101.519799487,1.669754617,0 101.519879372,1.669658615,0 101.519925306,1.669525976,0 101.51994328,1.669495107,0 101.519979228,1.669457752,0 101.520039839,1.669423481,0 101.520140996,1.669387115,0 101.520286287,1.669351132,0 101.520410608,1.669329757,0 101.520428582,1.669333045,0 101.520407843,1.669387307,0 101.520374301,1.669550092,0 101.520378167,1.669568179,0 101.520415447,1.669604354,0 101.520446557,1.669616789,0 101.520500479,1.669628186,0 101.520626298,1.669632381,0 101.520859962,1.669608538,0 101.521129575,1.669561796,0 101.521183497,1.669560161,0 101.521238139,1.669568179,0 101.521273368,1.669580469,0 101.521309317,1.669601982,0 101.521345265,1.669650864,0 101.521362268,1.669712877,0 101.521358916,1.669749052,0 101.521338125,1.669821401,0 101.521343329,1.669857575,0 101.521415963,1.670002273,0 101.521471084,1.670077878,0 101.521507032,1.670101221,0 101.521560955,1.670118878,0 101.521596903,1.670120802,0 101.521632852,1.670114907,0 101.521716525,1.670074622,0 101.521803606,1.670002273,0 101.52182208,1.669984186,0 101.521838136,1.669948011,0 101.521898092,1.669857575,0 101.52189955,1.669821401,0 101.521871651,1.669730964,0 101.521873706,1.66969479,0 101.521886887,1.669658615,0 101.521925969,1.669622441,0 101.522108476,1.669513918,0 101.522154103,1.669473842,0 101.522215981,1.669405394,0 101.522297896,1.669274146,0 101.522415498,1.669043649,0 101.52252497,1.668898952,0 101.52253875,1.668862777,0 101.522555987,1.668772341,0 101.522576276,1.668736166,0 101.522606801,1.668699992,0 101.52274725,1.668567707,0 101.522926992,1.668448709,0 101.52296294,1.668434043,0 101.523160656,1.668387341,0 101.523286475,1.668351935,0 101.523358372,1.668323582,0 101.523412294,1.668292024,0 101.523448243,1.668261764,0 101.52359623,1.668103113,0 101.52369359,1.667958415,0 101.523755333,1.667849892,0 101.52377668,1.66779563,0 101.52377354,1.667723281,0 101.523760993,1.667614758,0 101.523717038,1.66747006,0 101.523718777,1.667415798,0 101.523753803,1.667358248,0 101.523933545,1.667216839,0 101.523994381,1.66714449,0 101.524010023,1.667108315,0 101.524008261,1.667072141,0 101.523987093,1.667035966,0 101.523951519,1.667009899,0 101.523897597,1.666993332,0 101.5238257,1.666992185,0 101.523753803,1.667007681,0 101.52355352,1.667090228,0 101.523478393,1.667126402,0 101.523452351,1.66714449,0 101.523433863,1.667162577,0 101.523411675,1.667216839,0 101.523404941,1.667253013,0 101.523409622,1.667307275,0 101.523402229,1.667379624,0 101.523376078,1.667433885,0 101.52332823,1.66747006,0 101.523142682,1.667539324,0 101.523056805,1.667578583,0 101.523005846,1.667614758,0 101.52291219,1.667705194,0 101.522841115,1.667741368,0 101.522783198,1.667750161,0 101.522738791,1.667741368,0 101.52271702,1.667723281,0 101.522703313,1.667687107,0 101.522721573,1.667632845,0 101.522773342,1.667542409,0 101.522801409,1.667451973,0 101.522837121,1.667367189,0 101.52289831,1.667253013,0 101.522921001,1.667108315,0 101.522936236,1.667072141,0 101.52302585,1.666981705,0 101.523167737,1.666873181,0 101.523223004,1.666818919,0 101.523243089,1.666782745,0 101.523276989,1.666674222,0 101.523359656,1.666547611,0 101.523395085,1.666475262,0 101.523480339,1.666348651,0 101.523566637,1.666240128,0 101.523583866,1.666185866,0 101.523589844,1.666131605,0 101.523568071,1.666023081,0 101.523567261,1.665986907,0 101.523594126,1.665932645,0 101.52364962,1.665860296,0 101.523879623,1.665613201,0 101.523915571,1.665583497,0 101.523951519,1.665564871,0 101.524023416,1.665549604,0 101.524149235,1.665551978,0 
					</coordinates>
				</LineString>
			</MultiGeometry>
		</Placemark>
		<Placemark id="ID_00215">
			<name>-11</name>
			<Snippet maxLines="0"></Snippet>
			<description><![CDATA[<html xmlns:fo="http://www.w3.org/1999/XSL/Format" xmlns:msxsl="urn:schemas-microsoft-com:xslt">

<head>

<META http-equiv="Content-Type" content="text/html">

<meta http-equiv="content-type" content="text/html; charset=UTF-8">

</head>

<body style="margin:0px 0px 0px 0px;overflow:auto;background:#FFFFFF;">

<table style="font-family:Arial,Verdana,Times;font-size:12px;text-align:left;width:100%;border-collapse:collapse;padding:3px 3px 3px 3px">

<tr style="text-align:center;font-weight:bold;background:#9CBCE2">

<td>Nautical</td>

</tr>

<tr>

<td>

<table style="font-family:Arial,Verdana,Times;font-size:12px;text-align:left;width:100%;border-spacing:0px; padding:3px 3px 3px 3px">

<tr>

<td>FID</td>

<td>215</td>

</tr>

<tr bgcolor="#D4E4F3">

<td>MAJ_CAT</td>

<td>Nautical</td>

</tr>

<tr>

<td>L_LIMIT</td>

<td>0</td>

</tr>

<tr bgcolor="#D4E4F3">

<td>U_LIMIT</td>

<td>0</td>

</tr>

<tr>

<td>ZORDER</td>

<td>9</td>

</tr>

<tr bgcolor="#D4E4F3">

<td>LAYER</td>

<td>0</td>

</tr>

<tr>

<td>MODE</td>

<td>2T</td>

</tr>

<tr bgcolor="#D4E4F3">

<td>COLOR</td>

<td>0</td>

</tr>

<tr>

<td>WIDTH</td>

<td>0</td>

</tr>

<tr bgcolor="#D4E4F3">

<td>MIN_CAT</td>

<td>1Depth Contours</td>

</tr>

<tr>

<td>RTP_LIMIT</td>

<td>0</td>

</tr>

<tr bgcolor="#D4E4F3">

<td>RTP_COLOR</td>

<td>19</td>

</tr>

<tr>

<td>FONT</td>

<td>020</td>

</tr>

<tr bgcolor="#D4E4F3">

<td>VALUE</td>

<td>11</td>

</tr>

<tr>

<td>TYPE</td>

<td>0</td>

</tr>

<tr bgcolor="#D4E4F3">

<td>Depth</td>

<td>-11</td>

</tr>

</table>

</td>

</tr>

</table>

</body>

</html>]]></description>
			<styleUrl>#LineStyle079</styleUrl>
			<MultiGeometry>
				<LineString>
					<tessellate>1</tessellate>
					<coordinates>
						101.522638624,1.691091987,0 101.522657379,1.691088369,0 101.522675353,1.6910739,0 101.522711302,1.691061691,0 101.52274725,1.691043604,0 101.522804299,1.691001551,0 101.522926992,1.690925291,0 101.523013078,1.69087494,0 101.523052811,1.690857385,0 101.523088759,1.690849433,0 101.523124708,1.690847114,0 101.523250527,1.690857246,0 101.523286475,1.690855673,0 101.523340398,1.69084178,0 101.523376346,1.690823757,0 101.523420624,1.690784504,0 101.523448243,1.690743054,0 101.523465075,1.690694068,0 101.52348614,1.690585545,0 101.523517422,1.690513196,0 101.523546974,1.690477021,0 101.523592036,1.690447177,0 101.523645958,1.69043035,0 101.523681907,1.69042873,0 101.523717855,1.690432406,0 101.523753803,1.690446574,0 101.5238257,1.690501941,0 101.523843674,1.690508397,0 101.523861648,1.690509907,0 101.523897597,1.690501686,0 101.523951519,1.690474934,0 101.524023416,1.690417695,0 101.524076711,1.690350411,0 101.524117337,1.690259974,0 101.524134631,1.690187625,0 101.524149235,1.690165016,0 101.524167209,1.690151451,0 101.524185183,1.690145538,0 101.524203158,1.690144967,0 101.524239106,1.690154404,0 101.52427131,1.690169538,0 101.524311003,1.690197121,0 101.524364925,1.690257965,0 101.524418848,1.690303765,0 101.52447277,1.690328239,0 101.524490744,1.690331076,0 101.524508718,1.690327802,0 101.524533606,1.690296149,0 101.524562155,1.690169538,0 101.524610794,1.690061015,0 101.524634538,1.690030766,0 101.52468846,1.689981431,0 101.524724408,1.689960405,0 101.524742383,1.689955883,0 101.524760357,1.68995634,0 101.524778331,1.689961535,0 101.524976047,1.69004415,0 101.525083892,1.69007882,0 101.525227685,1.690143699,0 101.525263633,1.690149768,0 101.525281608,1.690147665,0 101.525317556,1.690133775,0 101.525353504,1.690105571,0 101.525407427,1.690048526,0 101.525435419,1.690006753,0 101.525455957,1.689952491,0 101.525457329,1.68989823,0 101.525423695,1.689590747,0 101.525444562,1.689500311,0 101.525461349,1.689473656,0 101.525497298,1.68944439,0 101.525533246,1.689436664,0 101.525623117,1.689432268,0 101.525659065,1.689439848,0 101.525712988,1.689459392,0 101.525784884,1.689465501,0 101.525856781,1.689491488,0 101.525874755,1.689495673,0 101.525910703,1.689495926,0 101.525923775,1.689500311,0 101.525946652,1.68952615,0 101.525984163,1.689626921,0 101.526037164,1.68969927,0 101.526072471,1.689720171,0 101.526108419,1.689726224,0 101.526162342,1.689720707,0 101.52619829,1.689706143,0 101.526234239,1.689671235,0 101.526252213,1.689638007,0 101.526294652,1.689500311,0 101.526361556,1.689319438,0 101.526360058,1.689237041,0 101.526307247,1.689102392,0 101.526299769,1.68904813,0 101.52631329,1.688957694,0 101.52632781,1.688921519,0 101.526360058,1.688870546,0 101.526396006,1.68883244,0 101.526449929,1.68878789,0 101.526539799,1.688730907,0 101.526557774,1.688727728,0 101.526593722,1.688732895,0 101.526665619,1.688762845,0 101.526683593,1.688772836,0 101.526701567,1.688791418,0 101.526711719,1.688812996,0 101.526730571,1.688885345,0 101.526745062,1.688993868,0 101.526760522,1.689030043,0 101.526796479,1.689084304,0 101.52684536,1.689135747,0 101.526881309,1.689157756,0 101.526917257,1.689171024,0 101.526953205,1.689178113,0 101.526989154,1.689172422,0 101.527009636,1.689156653,0 101.52702377,1.689120479,0 101.527022687,1.689084304,0 101.526996067,1.688993868,0 101.526992185,1.688957694,0 101.526996424,1.688921519,0 101.527015479,1.688867258,0 101.527058803,1.688794909,0 101.527112664,1.688740647,0 101.527204844,1.688668298,0 101.527235656,1.688614036,0 101.527242889,1.688577862,0 101.527240651,1.688541687,0 101.527204563,1.688451251,0 101.527198259,1.688415077,0 101.527204844,1.688376318,0 101.527222818,1.688353219,0 101.527240792,1.688349092,0 101.527258766,1.688354578,0 101.527294714,1.688390847,0 101.527456482,1.688624552,0 101.527582301,1.688827925,0 101.527654198,1.688913904,0 101.527706101,1.688993868,0 101.527842637,1.689120479,0 101.527935647,1.689229002,0 101.528020482,1.689283264,0 101.52803574,1.689301351,0 101.528067604,1.689376111,0 101.528085578,1.689400299,0 101.528103552,1.689410236,0 101.528193423,1.689435196,0 101.528265319,1.689472175,0 101.528283294,1.689475893,0 101.528301268,1.689472704,0 101.528319242,1.689457677,0 101.528332902,1.689427962,0 101.528343636,1.689337526,0 101.52835519,1.689326909,0 101.528409113,1.689326909,0 
					</coordinates>
				</LineString>
			</MultiGeometry>
		</Placemark>
		<Placemark id="ID_00216">
			<name>-11</name>
			<Snippet maxLines="0"></Snippet>
			<description><![CDATA[<html xmlns:fo="http://www.w3.org/1999/XSL/Format" xmlns:msxsl="urn:schemas-microsoft-com:xslt">

<head>

<META http-equiv="Content-Type" content="text/html">

<meta http-equiv="content-type" content="text/html; charset=UTF-8">

</head>

<body style="margin:0px 0px 0px 0px;overflow:auto;background:#FFFFFF;">

<table style="font-family:Arial,Verdana,Times;font-size:12px;text-align:left;width:100%;border-collapse:collapse;padding:3px 3px 3px 3px">

<tr style="text-align:center;font-weight:bold;background:#9CBCE2">

<td>Nautical</td>

</tr>

<tr>

<td>

<table style="font-family:Arial,Verdana,Times;font-size:12px;text-align:left;width:100%;border-spacing:0px; padding:3px 3px 3px 3px">

<tr>

<td>FID</td>

<td>216</td>

</tr>

<tr bgcolor="#D4E4F3">

<td>MAJ_CAT</td>

<td>Nautical</td>

</tr>

<tr>

<td>L_LIMIT</td>

<td>0</td>

</tr>

<tr bgcolor="#D4E4F3">

<td>U_LIMIT</td>

<td>0</td>

</tr>

<tr>

<td>ZORDER</td>

<td>9</td>

</tr>

<tr bgcolor="#D4E4F3">

<td>LAYER</td>

<td>0</td>

</tr>

<tr>

<td>MODE</td>

<td>2T</td>

</tr>

<tr bgcolor="#D4E4F3">

<td>COLOR</td>

<td>0</td>

</tr>

<tr>

<td>WIDTH</td>

<td>0</td>

</tr>

<tr bgcolor="#D4E4F3">

<td>MIN_CAT</td>

<td>1Depth Contours</td>

</tr>

<tr>

<td>RTP_LIMIT</td>

<td>0</td>

</tr>

<tr bgcolor="#D4E4F3">

<td>RTP_COLOR</td>

<td>19</td>

</tr>

<tr>

<td>FONT</td>

<td>020</td>

</tr>

<tr bgcolor="#D4E4F3">

<td>VALUE</td>

<td>11</td>

</tr>

<tr>

<td>TYPE</td>

<td>0</td>

</tr>

<tr bgcolor="#D4E4F3">

<td>Depth</td>

<td>-11</td>

</tr>

</table>

</td>

</tr>

</table>

</body>

</html>]]></description>
			<styleUrl>#LineStyle079</styleUrl>
			<MultiGeometry>
				<LineString>
					<tessellate>1</tessellate>
					<coordinates>
						101.524914934,1.692792187,0 101.524934107,1.692828361,0 101.524958073,1.692848859,0 101.524976047,1.692855492,0 101.525065918,1.692866796,0 101.525101866,1.692866344,0 101.525137814,1.692876045,0 101.525173763,1.692879005,0 101.525209711,1.692892671,0 101.525227685,1.69289438,0 101.525263633,1.692886555,0 101.525281608,1.692876293,0 101.525299582,1.692861343,0 101.525317556,1.69283439,0 101.525320219,1.692792187,0 101.525294788,1.692756012,0 101.525263633,1.692737925,0 101.525245659,1.692732566,0 101.525191737,1.692724598,0 101.525155788,1.692726221,0 101.52511984,1.692747664,0 101.525083892,1.692763248,0 101.525047943,1.692769577,0 101.524958073,1.692765056,0 101.524924692,1.6927741,0 101.524914934,1.692792187,0 
					</coordinates>
				</LineString>
			</MultiGeometry>
		</Placemark>
		<Placemark id="ID_00217">
			<name>-11</name>
			<Snippet maxLines="0"></Snippet>
			<description><![CDATA[<html xmlns:fo="http://www.w3.org/1999/XSL/Format" xmlns:msxsl="urn:schemas-microsoft-com:xslt">

<head>

<META http-equiv="Content-Type" content="text/html">

<meta http-equiv="content-type" content="text/html; charset=UTF-8">

</head>

<body style="margin:0px 0px 0px 0px;overflow:auto;background:#FFFFFF;">

<table style="font-family:Arial,Verdana,Times;font-size:12px;text-align:left;width:100%;border-collapse:collapse;padding:3px 3px 3px 3px">

<tr style="text-align:center;font-weight:bold;background:#9CBCE2">

<td>Nautical</td>

</tr>

<tr>

<td>

<table style="font-family:Arial,Verdana,Times;font-size:12px;text-align:left;width:100%;border-spacing:0px; padding:3px 3px 3px 3px">

<tr>

<td>FID</td>

<td>217</td>

</tr>

<tr bgcolor="#D4E4F3">

<td>MAJ_CAT</td>

<td>Nautical</td>

</tr>

<tr>

<td>L_LIMIT</td>

<td>0</td>

</tr>

<tr bgcolor="#D4E4F3">

<td>U_LIMIT</td>

<td>0</td>

</tr>

<tr>

<td>ZORDER</td>

<td>9</td>

</tr>

<tr bgcolor="#D4E4F3">

<td>LAYER</td>

<td>0</td>

</tr>

<tr>

<td>MODE</td>

<td>2T</td>

</tr>

<tr bgcolor="#D4E4F3">

<td>COLOR</td>

<td>0</td>

</tr>

<tr>

<td>WIDTH</td>

<td>0</td>

</tr>

<tr bgcolor="#D4E4F3">

<td>MIN_CAT</td>

<td>1Depth Contours</td>

</tr>

<tr>

<td>RTP_LIMIT</td>

<td>0</td>

</tr>

<tr bgcolor="#D4E4F3">

<td>RTP_COLOR</td>

<td>19</td>

</tr>

<tr>

<td>FONT</td>

<td>020</td>

</tr>

<tr bgcolor="#D4E4F3">

<td>VALUE</td>

<td>11</td>

</tr>

<tr>

<td>TYPE</td>

<td>0</td>

</tr>

<tr bgcolor="#D4E4F3">

<td>Depth</td>

<td>-11</td>

</tr>

</table>

</td>

</tr>

</table>

</body>

</html>]]></description>
			<styleUrl>#LineStyle079</styleUrl>
			<MultiGeometry>
				<LineString>
					<tessellate>1</tessellate>
					<coordinates>
						101.526316919,1.693027321,0 101.526324109,1.693034937,0 101.526342084,1.693036364,0 101.526361555,1.693027321,0 101.526365344,1.693009234,0 101.526342084,1.692998224,0 101.526324109,1.692997724,0 101.526313624,1.693009234,0 101.526316919,1.693027321,0 
					</coordinates>
				</LineString>
			</MultiGeometry>
		</Placemark>
		<Placemark id="ID_00218">
			<name>-11</name>
			<Snippet maxLines="0"></Snippet>
			<description><![CDATA[<html xmlns:fo="http://www.w3.org/1999/XSL/Format" xmlns:msxsl="urn:schemas-microsoft-com:xslt">

<head>

<META http-equiv="Content-Type" content="text/html">

<meta http-equiv="content-type" content="text/html; charset=UTF-8">

</head>

<body style="margin:0px 0px 0px 0px;overflow:auto;background:#FFFFFF;">

<table style="font-family:Arial,Verdana,Times;font-size:12px;text-align:left;width:100%;border-collapse:collapse;padding:3px 3px 3px 3px">

<tr style="text-align:center;font-weight:bold;background:#9CBCE2">

<td>Nautical</td>

</tr>

<tr>

<td>

<table style="font-family:Arial,Verdana,Times;font-size:12px;text-align:left;width:100%;border-spacing:0px; padding:3px 3px 3px 3px">

<tr>

<td>FID</td>

<td>218</td>

</tr>

<tr bgcolor="#D4E4F3">

<td>MAJ_CAT</td>

<td>Nautical</td>

</tr>

<tr>

<td>L_LIMIT</td>

<td>0</td>

</tr>

<tr bgcolor="#D4E4F3">

<td>U_LIMIT</td>

<td>0</td>

</tr>

<tr>

<td>ZORDER</td>

<td>9</td>

</tr>

<tr bgcolor="#D4E4F3">

<td>LAYER</td>

<td>0</td>

</tr>

<tr>

<td>MODE</td>

<td>2T</td>

</tr>

<tr bgcolor="#D4E4F3">

<td>COLOR</td>

<td>0</td>

</tr>

<tr>

<td>WIDTH</td>

<td>0</td>

</tr>

<tr bgcolor="#D4E4F3">

<td>MIN_CAT</td>

<td>1Depth Contours</td>

</tr>

<tr>

<td>RTP_LIMIT</td>

<td>0</td>

</tr>

<tr bgcolor="#D4E4F3">

<td>RTP_COLOR</td>

<td>19</td>

</tr>

<tr>

<td>FONT</td>

<td>020</td>

</tr>

<tr bgcolor="#D4E4F3">

<td>VALUE</td>

<td>11</td>

</tr>

<tr>

<td>TYPE</td>

<td>0</td>

</tr>

<tr bgcolor="#D4E4F3">

<td>Depth</td>

<td>-11</td>

</tr>

</table>

</td>

</tr>

</table>

</body>

</html>]]></description>
			<styleUrl>#LineStyle079</styleUrl>
			<MultiGeometry>
				<LineString>
					<tessellate>1</tessellate>
					<coordinates>
						101.525011995,1.693074348,0 101.525019185,1.693063495,0 101.525012456,1.693045408,0 101.525011995,1.693043399,0 101.525011304,1.693045408,0 101.524994021,1.693055924,0 101.524976047,1.693055924,0 
					</coordinates>
				</LineString>
			</MultiGeometry>
		</Placemark>
		<Placemark id="ID_00219">
			<name>-11</name>
			<Snippet maxLines="0"></Snippet>
			<description><![CDATA[<html xmlns:fo="http://www.w3.org/1999/XSL/Format" xmlns:msxsl="urn:schemas-microsoft-com:xslt">

<head>

<META http-equiv="Content-Type" content="text/html">

<meta http-equiv="content-type" content="text/html; charset=UTF-8">

</head>

<body style="margin:0px 0px 0px 0px;overflow:auto;background:#FFFFFF;">

<table style="font-family:Arial,Verdana,Times;font-size:12px;text-align:left;width:100%;border-collapse:collapse;padding:3px 3px 3px 3px">

<tr style="text-align:center;font-weight:bold;background:#9CBCE2">

<td>Nautical</td>

</tr>

<tr>

<td>

<table style="font-family:Arial,Verdana,Times;font-size:12px;text-align:left;width:100%;border-spacing:0px; padding:3px 3px 3px 3px">

<tr>

<td>FID</td>

<td>219</td>

</tr>

<tr bgcolor="#D4E4F3">

<td>MAJ_CAT</td>

<td>Nautical</td>

</tr>

<tr>

<td>L_LIMIT</td>

<td>0</td>

</tr>

<tr bgcolor="#D4E4F3">

<td>U_LIMIT</td>

<td>0</td>

</tr>

<tr>

<td>ZORDER</td>

<td>9</td>

</tr>

<tr bgcolor="#D4E4F3">

<td>LAYER</td>

<td>0</td>

</tr>

<tr>

<td>MODE</td>

<td>2T</td>

</tr>

<tr bgcolor="#D4E4F3">

<td>COLOR</td>

<td>0</td>

</tr>

<tr>

<td>WIDTH</td>

<td>0</td>

</tr>

<tr bgcolor="#D4E4F3">

<td>MIN_CAT</td>

<td>1Depth Contours</td>

</tr>

<tr>

<td>RTP_LIMIT</td>

<td>0</td>

</tr>

<tr bgcolor="#D4E4F3">

<td>RTP_COLOR</td>

<td>19</td>

</tr>

<tr>

<td>FONT</td>

<td>020</td>

</tr>

<tr bgcolor="#D4E4F3">

<td>VALUE</td>

<td>11</td>

</tr>

<tr>

<td>TYPE</td>

<td>0</td>

</tr>

<tr bgcolor="#D4E4F3">

<td>Depth</td>

<td>-11</td>

</tr>

</table>

</td>

</tr>

</table>

</body>

</html>]]></description>
			<styleUrl>#LineStyle079</styleUrl>
			<MultiGeometry>
				<LineString>
					<tessellate>1</tessellate>
					<coordinates>
						101.525032807,1.693117757,0 101.525036709,1.69309967,0 101.525047943,1.693085756,0 101.525065918,1.693074347,0 101.525083892,1.693073952,0 101.525137814,1.693103689,0 101.525253568,1.693190106,0 101.525353504,1.693245587,0 101.525389453,1.693260061,0 101.525407427,1.693263629,0 101.525479323,1.693273798,0 101.52555122,1.693277589,0 101.525569194,1.693275198,0 101.525623117,1.693262875,0 101.525712988,1.693248387,0 101.525784884,1.69323259,0 101.525874755,1.693217237,0 101.526018549,1.693195696,0 101.526144368,1.693181708,0 101.526234239,1.693166917,0 101.526286527,1.693153931,0 101.526360058,1.693121375,0 101.526378032,1.693118709,0 101.52641398,1.693125865,0 101.526431954,1.693126067,0 101.526467903,1.693118452,0 101.526503851,1.693106703,0 101.526521825,1.693103689,0 101.526539799,1.693103616,0 101.526575748,1.693108857,0 101.526647644,1.693112105,0 101.526719541,1.693123616,0 101.526737515,1.693124288,0 101.526755489,1.693122852,0 101.526809412,1.693111639,0 101.526881309,1.693100661,0 101.526953205,1.693092826,0 101.527043076,1.693090626,0 101.527204844,1.693095624,0 101.52727674,1.693093138,0 101.527330663,1.693086301,0 101.527402559,1.693073071,0 101.527510404,1.693056746,0 101.527564327,1.693045408,0 101.527618249,1.693029299,0 101.527762043,1.692973351,0 101.527959759,1.692909606,0 101.528085578,1.692865488,0 101.5281395,1.692849622,0 101.528193423,1.692838912,0 101.528319242,1.692819026,0 101.528498984,1.692775879,0 101.528642777,1.692746829,0 101.528804544,1.692700997,0 101.528876441,1.692683181,0 101.528948338,1.692671526,0 101.529056183,1.692658021,0 101.529182002,1.6926341,0 101.529325795,1.692592288,0 101.529426451,1.692557053,0 101.529487563,1.69254146,0 101.529559459,1.692529425,0 101.529667304,1.69251706,0 101.52986502,1.692499133,0 101.529918943,1.69249087,0 101.529972865,1.692478244,0 101.530044762,1.692452325,0 101.530450866,1.692285744,0 101.530568821,1.692231483,0 101.530763729,1.692149976,0 101.530925496,1.692064176,0 101.530997393,1.692041182,0 101.531033341,1.692034088,0 101.531123212,1.692030967,0 101.531141186,1.692028412,0 101.531177135,1.692028412,0 
					</coordinates>
				</LineString>
			</MultiGeometry>
		</Placemark>
		<Placemark id="ID_00220">
			<name>-11</name>
			<Snippet maxLines="0"></Snippet>
			<description><![CDATA[<html xmlns:fo="http://www.w3.org/1999/XSL/Format" xmlns:msxsl="urn:schemas-microsoft-com:xslt">

<head>

<META http-equiv="Content-Type" content="text/html">

<meta http-equiv="content-type" content="text/html; charset=UTF-8">

</head>

<body style="margin:0px 0px 0px 0px;overflow:auto;background:#FFFFFF;">

<table style="font-family:Arial,Verdana,Times;font-size:12px;text-align:left;width:100%;border-collapse:collapse;padding:3px 3px 3px 3px">

<tr style="text-align:center;font-weight:bold;background:#9CBCE2">

<td>Nautical</td>

</tr>

<tr>

<td>

<table style="font-family:Arial,Verdana,Times;font-size:12px;text-align:left;width:100%;border-spacing:0px; padding:3px 3px 3px 3px">

<tr>

<td>FID</td>

<td>220</td>

</tr>

<tr bgcolor="#D4E4F3">

<td>MAJ_CAT</td>

<td>Nautical</td>

</tr>

<tr>

<td>L_LIMIT</td>

<td>0</td>

</tr>

<tr bgcolor="#D4E4F3">

<td>U_LIMIT</td>

<td>0</td>

</tr>

<tr>

<td>ZORDER</td>

<td>9</td>

</tr>

<tr bgcolor="#D4E4F3">

<td>LAYER</td>

<td>0</td>

</tr>

<tr>

<td>MODE</td>

<td>2T</td>

</tr>

<tr bgcolor="#D4E4F3">

<td>COLOR</td>

<td>0</td>

</tr>

<tr>

<td>WIDTH</td>

<td>0</td>

</tr>

<tr bgcolor="#D4E4F3">

<td>MIN_CAT</td>

<td>1Depth Contours</td>

</tr>

<tr>

<td>RTP_LIMIT</td>

<td>0</td>

</tr>

<tr bgcolor="#D4E4F3">

<td>RTP_COLOR</td>

<td>19</td>

</tr>

<tr>

<td>FONT</td>

<td>020</td>

</tr>

<tr bgcolor="#D4E4F3">

<td>VALUE</td>

<td>11</td>

</tr>

<tr>

<td>TYPE</td>

<td>0</td>

</tr>

<tr bgcolor="#D4E4F3">

<td>Depth</td>

<td>-11</td>

</tr>

</table>

</td>

</tr>

</table>

</body>

</html>]]></description>
			<styleUrl>#LineStyle079</styleUrl>
			<MultiGeometry>
				<LineString>
					<tessellate>1</tessellate>
					<coordinates>
						101.539445252,1.69925252,0 101.539427277,1.699254114,0 
					</coordinates>
				</LineString>
			</MultiGeometry>
		</Placemark>
		<Placemark id="ID_00221">
			<name>-11</name>
			<Snippet maxLines="0"></Snippet>
			<description><![CDATA[<html xmlns:fo="http://www.w3.org/1999/XSL/Format" xmlns:msxsl="urn:schemas-microsoft-com:xslt">

<head>

<META http-equiv="Content-Type" content="text/html">

<meta http-equiv="content-type" content="text/html; charset=UTF-8">

</head>

<body style="margin:0px 0px 0px 0px;overflow:auto;background:#FFFFFF;">

<table style="font-family:Arial,Verdana,Times;font-size:12px;text-align:left;width:100%;border-collapse:collapse;padding:3px 3px 3px 3px">

<tr style="text-align:center;font-weight:bold;background:#9CBCE2">

<td>Nautical</td>

</tr>

<tr>

<td>

<table style="font-family:Arial,Verdana,Times;font-size:12px;text-align:left;width:100%;border-spacing:0px; padding:3px 3px 3px 3px">

<tr>

<td>FID</td>

<td>221</td>

</tr>

<tr bgcolor="#D4E4F3">

<td>MAJ_CAT</td>

<td>Nautical</td>

</tr>

<tr>

<td>L_LIMIT</td>

<td>0</td>

</tr>

<tr bgcolor="#D4E4F3">

<td>U_LIMIT</td>

<td>0</td>

</tr>

<tr>

<td>ZORDER</td>

<td>9</td>

</tr>

<tr bgcolor="#D4E4F3">

<td>LAYER</td>

<td>0</td>

</tr>

<tr>

<td>MODE</td>

<td>2T</td>

</tr>

<tr bgcolor="#D4E4F3">

<td>COLOR</td>

<td>0</td>

</tr>

<tr>

<td>WIDTH</td>

<td>0</td>

</tr>

<tr bgcolor="#D4E4F3">

<td>MIN_CAT</td>

<td>1Depth Contours</td>

</tr>

<tr>

<td>RTP_LIMIT</td>

<td>0</td>

</tr>

<tr bgcolor="#D4E4F3">

<td>RTP_COLOR</td>

<td>19</td>

</tr>

<tr>

<td>FONT</td>

<td>020</td>

</tr>

<tr bgcolor="#D4E4F3">

<td>VALUE</td>

<td>11</td>

</tr>

<tr>

<td>TYPE</td>

<td>0</td>

</tr>

<tr bgcolor="#D4E4F3">

<td>Depth</td>

<td>-11</td>

</tr>

</table>

</td>

</tr>

</table>

</body>

</html>]]></description>
			<styleUrl>#LineStyle079</styleUrl>
			<MultiGeometry>
				<LineString>
					<tessellate>1</tessellate>
					<coordinates>
						101.535940289,1.6999203,0 101.535958263,1.699939598,0 101.535976237,1.699946132,0 101.536012186,1.699948024,0 101.536102056,1.69992932,0 101.536173953,1.699903603,0 101.536209901,1.699880776,0 101.536239074,1.699846207,0 101.536241967,1.699828119,0 101.536234188,1.699810032,0 101.536209901,1.699792812,0 101.536173953,1.699784628,0 101.536120031,1.699785078,0 101.536081818,1.699791945,0 101.536033254,1.699810032,0 101.535994211,1.699834106,0 101.535962248,1.699864294,0 101.535939402,1.699900468,0 101.535940289,1.6999203,0 
					</coordinates>
				</LineString>
			</MultiGeometry>
		</Placemark>
		<Placemark id="ID_00222">
			<name>-11</name>
			<Snippet maxLines="0"></Snippet>
			<description><![CDATA[<html xmlns:fo="http://www.w3.org/1999/XSL/Format" xmlns:msxsl="urn:schemas-microsoft-com:xslt">

<head>

<META http-equiv="Content-Type" content="text/html">

<meta http-equiv="content-type" content="text/html; charset=UTF-8">

</head>

<body style="margin:0px 0px 0px 0px;overflow:auto;background:#FFFFFF;">

<table style="font-family:Arial,Verdana,Times;font-size:12px;text-align:left;width:100%;border-collapse:collapse;padding:3px 3px 3px 3px">

<tr style="text-align:center;font-weight:bold;background:#9CBCE2">

<td>Nautical</td>

</tr>

<tr>

<td>

<table style="font-family:Arial,Verdana,Times;font-size:12px;text-align:left;width:100%;border-spacing:0px; padding:3px 3px 3px 3px">

<tr>

<td>FID</td>

<td>222</td>

</tr>

<tr bgcolor="#D4E4F3">

<td>MAJ_CAT</td>

<td>Nautical</td>

</tr>

<tr>

<td>L_LIMIT</td>

<td>0</td>

</tr>

<tr bgcolor="#D4E4F3">

<td>U_LIMIT</td>

<td>0</td>

</tr>

<tr>

<td>ZORDER</td>

<td>9</td>

</tr>

<tr bgcolor="#D4E4F3">

<td>LAYER</td>

<td>0</td>

</tr>

<tr>

<td>MODE</td>

<td>2T</td>

</tr>

<tr bgcolor="#D4E4F3">

<td>COLOR</td>

<td>0</td>

</tr>

<tr>

<td>WIDTH</td>

<td>0</td>

</tr>

<tr bgcolor="#D4E4F3">

<td>MIN_CAT</td>

<td>1Depth Contours</td>

</tr>

<tr>

<td>RTP_LIMIT</td>

<td>0</td>

</tr>

<tr bgcolor="#D4E4F3">

<td>RTP_COLOR</td>

<td>19</td>

</tr>

<tr>

<td>FONT</td>

<td>020</td>

</tr>

<tr bgcolor="#D4E4F3">

<td>VALUE</td>

<td>11</td>

</tr>

<tr>

<td>TYPE</td>

<td>0</td>

</tr>

<tr bgcolor="#D4E4F3">

<td>Depth</td>

<td>-11</td>

</tr>

</table>

</td>

</tr>

</table>

</body>

</html>]]></description>
			<styleUrl>#LineStyle079</styleUrl>
			<MultiGeometry>
				<LineString>
					<tessellate>1</tessellate>
					<coordinates>
						101.539427277,1.699254114,0 101.539337407,1.699264893,0 101.539283484,1.699279681,0 101.539229562,1.699300103,0 101.539175639,1.699328441,0 101.539031846,1.699421307,0 101.538977923,1.699444706,0 101.538888052,1.699462931,0 101.538654388,1.699493325,0 101.53840275,1.699550552,0 101.538223008,1.69957545,0 101.538133137,1.699595764,0 101.538061241,1.699619846,0 101.537809602,1.699732795,0 101.537719731,1.699764989,0 101.537616744,1.699791945,0 101.537360248,1.699843813,0 101.53727079,1.699864294,0 101.537216455,1.699892897,0 101.537198481,1.699882802,0 101.537092785,1.699936643,0 101.537018739,1.699969733,0 101.537000765,1.699964034,0 101.536939113,1.699990904,0 101.536930398,1.700008992,0 
					</coordinates>
				</LineString>
			</MultiGeometry>
		</Placemark>
		<Placemark id="ID_00223">
			<name>-9</name>
			<Snippet maxLines="0"></Snippet>
			<description><![CDATA[<html xmlns:fo="http://www.w3.org/1999/XSL/Format" xmlns:msxsl="urn:schemas-microsoft-com:xslt">

<head>

<META http-equiv="Content-Type" content="text/html">

<meta http-equiv="content-type" content="text/html; charset=UTF-8">

</head>

<body style="margin:0px 0px 0px 0px;overflow:auto;background:#FFFFFF;">

<table style="font-family:Arial,Verdana,Times;font-size:12px;text-align:left;width:100%;border-collapse:collapse;padding:3px 3px 3px 3px">

<tr style="text-align:center;font-weight:bold;background:#9CBCE2">

<td>Nautical</td>

</tr>

<tr>

<td>

<table style="font-family:Arial,Verdana,Times;font-size:12px;text-align:left;width:100%;border-spacing:0px; padding:3px 3px 3px 3px">

<tr>

<td>FID</td>

<td>223</td>

</tr>

<tr bgcolor="#D4E4F3">

<td>MAJ_CAT</td>

<td>Nautical</td>

</tr>

<tr>

<td>L_LIMIT</td>

<td>0</td>

</tr>

<tr bgcolor="#D4E4F3">

<td>U_LIMIT</td>

<td>0</td>

</tr>

<tr>

<td>ZORDER</td>

<td>9</td>

</tr>

<tr bgcolor="#D4E4F3">

<td>LAYER</td>

<td>0</td>

</tr>

<tr>

<td>MODE</td>

<td>2T</td>

</tr>

<tr bgcolor="#D4E4F3">

<td>COLOR</td>

<td>0</td>

</tr>

<tr>

<td>WIDTH</td>

<td>0</td>

</tr>

<tr bgcolor="#D4E4F3">

<td>MIN_CAT</td>

<td>1Depth Contours</td>

</tr>

<tr>

<td>RTP_LIMIT</td>

<td>0</td>

</tr>

<tr bgcolor="#D4E4F3">

<td>RTP_COLOR</td>

<td>19</td>

</tr>

<tr>

<td>FONT</td>

<td>020</td>

</tr>

<tr bgcolor="#D4E4F3">

<td>VALUE</td>

<td>9</td>

</tr>

<tr>

<td>TYPE</td>

<td>0</td>

</tr>

<tr bgcolor="#D4E4F3">

<td>Depth</td>

<td>-9</td>

</tr>

</table>

</td>

</tr>

</table>

</body>

</html>]]></description>
			<styleUrl>#LineStyle079</styleUrl>
			<MultiGeometry>
				<LineString>
					<tessellate>1</tessellate>
					<coordinates>
						101.518038018,1.658794818,0 101.518055992,1.658794818,0 101.518150485,1.658733925,0 101.518232139,1.65857114,0 101.518321546,1.658462616,0 101.518406216,1.658336005,0 101.518484976,1.658245569,0 101.518541295,1.658190742,0 101.518613192,1.658138917,0 101.518739011,1.658079958,0 101.518846856,1.658038936,0 101.518936727,1.658010435,0 101.519152417,1.657975601,0 101.519350132,1.657914748,0 101.5195119,1.65785952,0 101.519637719,1.657795883,0 101.519702426,1.657775301,0 101.519763538,1.657772183,0 101.519799487,1.657779823,0 101.51990243,1.657829563,0 101.519961254,1.657852368,0 101.519997202,1.657856263,0 101.520033151,1.657849459,0 101.520069099,1.657827435,0 101.520100055,1.657793388,0 101.520174248,1.65764869,0 101.520250039,1.657576342,0 101.520449124,1.657431644,0 101.520518453,1.657395469,0 101.520760413,1.657250771,0 101.520824014,1.657227307,0 101.521039704,1.657159846,0 101.521183497,1.657119171,0 101.52123742,1.657110414,0 101.521291342,1.657109219,0 101.521345265,1.657118735,0 101.52145311,1.65716757,0 101.521471084,1.657174116,0 101.521489058,1.657175709,0 101.521542981,1.657142248,0 101.521614877,1.657059046,0 101.52163385,1.657015637,0 101.521629584,1.656979463,0 101.52164084,1.656961375,0 101.5216688,1.656948312,0 101.521920438,1.656897538,0 101.521992335,1.65689093,0 101.522046258,1.656894738,0 101.52210018,1.656906162,0 101.522208025,1.656956616,0 101.522225999,1.656957567,0 101.522243973,1.656953236,0 101.522285314,1.656925201,0 101.522353873,1.656816678,0 101.522403262,1.656780503,0 101.522486625,1.656744329,0 101.522526425,1.656690067,0 101.522556005,1.656617718,0 101.522591902,1.656581543,0 101.522645584,1.656545369,0 101.522683057,1.656418758,0 101.52268434,1.656382584,0 101.522669362,1.656364497,0 101.522621431,1.656348914,0 101.522603457,1.656337165,0 101.522593051,1.656328322,0 101.522591902,1.656310235,0 101.522621431,1.656249712,0 101.5227156,1.656129362,0 101.52274725,1.656099463,0 101.522765224,1.656090109,0 101.522783198,1.656087038,0 101.522819147,1.656098508,0 101.522873069,1.65609771,0 101.522909018,1.656109092,0 101.522980914,1.656109092,0 
					</coordinates>
				</LineString>
			</MultiGeometry>
		</Placemark>
		<Placemark id="ID_00224">
			<name>-9</name>
			<Snippet maxLines="0"></Snippet>
			<description><![CDATA[<html xmlns:fo="http://www.w3.org/1999/XSL/Format" xmlns:msxsl="urn:schemas-microsoft-com:xslt">

<head>

<META http-equiv="Content-Type" content="text/html">

<meta http-equiv="content-type" content="text/html; charset=UTF-8">

</head>

<body style="margin:0px 0px 0px 0px;overflow:auto;background:#FFFFFF;">

<table style="font-family:Arial,Verdana,Times;font-size:12px;text-align:left;width:100%;border-collapse:collapse;padding:3px 3px 3px 3px">

<tr style="text-align:center;font-weight:bold;background:#9CBCE2">

<td>Nautical</td>

</tr>

<tr>

<td>

<table style="font-family:Arial,Verdana,Times;font-size:12px;text-align:left;width:100%;border-spacing:0px; padding:3px 3px 3px 3px">

<tr>

<td>FID</td>

<td>224</td>

</tr>

<tr bgcolor="#D4E4F3">

<td>MAJ_CAT</td>

<td>Nautical</td>

</tr>

<tr>

<td>L_LIMIT</td>

<td>0</td>

</tr>

<tr bgcolor="#D4E4F3">

<td>U_LIMIT</td>

<td>0</td>

</tr>

<tr>

<td>ZORDER</td>

<td>9</td>

</tr>

<tr bgcolor="#D4E4F3">

<td>LAYER</td>

<td>0</td>

</tr>

<tr>

<td>MODE</td>

<td>2T</td>

</tr>

<tr bgcolor="#D4E4F3">

<td>COLOR</td>

<td>0</td>

</tr>

<tr>

<td>WIDTH</td>

<td>0</td>

</tr>

<tr bgcolor="#D4E4F3">

<td>MIN_CAT</td>

<td>1Depth Contours</td>

</tr>

<tr>

<td>RTP_LIMIT</td>

<td>0</td>

</tr>

<tr bgcolor="#D4E4F3">

<td>RTP_COLOR</td>

<td>19</td>

</tr>

<tr>

<td>FONT</td>

<td>020</td>

</tr>

<tr bgcolor="#D4E4F3">

<td>VALUE</td>

<td>9</td>

</tr>

<tr>

<td>TYPE</td>

<td>0</td>

</tr>

<tr bgcolor="#D4E4F3">

<td>Depth</td>

<td>-9</td>

</tr>

</table>

</td>

</tr>

</table>

</body>

</html>]]></description>
			<styleUrl>#LineStyle079</styleUrl>
			<MultiGeometry>
				<LineString>
					<tessellate>1</tessellate>
					<coordinates>
						101.519368107,1.662808074,0 101.519386081,1.66282164,0 101.519529874,1.662811117,0 101.519565822,1.662803849,0 101.519637719,1.662779772,0 101.519839154,1.66269503,0 101.519914654,1.662658855,0 101.519939221,1.662640768,0 101.51995201,1.662622681,0 101.519956352,1.662604593,0 101.519950817,1.662586506,0 101.519925306,1.662565725,0 101.519889357,1.66256038,0 101.519835435,1.6625674,0 101.51972759,1.662590167,0 101.51968833,1.662604593,0 101.519615156,1.662640768,0 101.519493926,1.662725379,0 101.519386081,1.662785466,0 101.519368107,1.662808074,0 
					</coordinates>
				</LineString>
			</MultiGeometry>
		</Placemark>
		<Placemark id="ID_00225">
			<name>-9</name>
			<Snippet maxLines="0"></Snippet>
			<description><![CDATA[<html xmlns:fo="http://www.w3.org/1999/XSL/Format" xmlns:msxsl="urn:schemas-microsoft-com:xslt">

<head>

<META http-equiv="Content-Type" content="text/html">

<meta http-equiv="content-type" content="text/html; charset=UTF-8">

</head>

<body style="margin:0px 0px 0px 0px;overflow:auto;background:#FFFFFF;">

<table style="font-family:Arial,Verdana,Times;font-size:12px;text-align:left;width:100%;border-collapse:collapse;padding:3px 3px 3px 3px">

<tr style="text-align:center;font-weight:bold;background:#9CBCE2">

<td>Nautical</td>

</tr>

<tr>

<td>

<table style="font-family:Arial,Verdana,Times;font-size:12px;text-align:left;width:100%;border-spacing:0px; padding:3px 3px 3px 3px">

<tr>

<td>FID</td>

<td>225</td>

</tr>

<tr bgcolor="#D4E4F3">

<td>MAJ_CAT</td>

<td>Nautical</td>

</tr>

<tr>

<td>L_LIMIT</td>

<td>0</td>

</tr>

<tr bgcolor="#D4E4F3">

<td>U_LIMIT</td>

<td>0</td>

</tr>

<tr>

<td>ZORDER</td>

<td>9</td>

</tr>

<tr bgcolor="#D4E4F3">

<td>LAYER</td>

<td>0</td>

</tr>

<tr>

<td>MODE</td>

<td>2T</td>

</tr>

<tr bgcolor="#D4E4F3">

<td>COLOR</td>

<td>0</td>

</tr>

<tr>

<td>WIDTH</td>

<td>0</td>

</tr>

<tr bgcolor="#D4E4F3">

<td>MIN_CAT</td>

<td>1Depth Contours</td>

</tr>

<tr>

<td>RTP_LIMIT</td>

<td>0</td>

</tr>

<tr bgcolor="#D4E4F3">

<td>RTP_COLOR</td>

<td>19</td>

</tr>

<tr>

<td>FONT</td>

<td>020</td>

</tr>

<tr bgcolor="#D4E4F3">

<td>VALUE</td>

<td>9</td>

</tr>

<tr>

<td>TYPE</td>

<td>0</td>

</tr>

<tr bgcolor="#D4E4F3">

<td>Depth</td>

<td>-9</td>

</tr>

</table>

</td>

</tr>

</table>

</body>

</html>]]></description>
			<styleUrl>#LineStyle079</styleUrl>
			<MultiGeometry>
				<LineString>
					<tessellate>1</tessellate>
					<coordinates>
						101.523807726,1.66273403,0 101.523753803,1.66273403,0 101.523741972,1.662767379,0 101.523740547,1.662803553,0 101.523753803,1.662830843,0 101.5238257,1.662830843,0 
					</coordinates>
				</LineString>
			</MultiGeometry>
		</Placemark>
		<Placemark id="ID_00226">
			<name>-9</name>
			<Snippet maxLines="0"></Snippet>
			<description><![CDATA[<html xmlns:fo="http://www.w3.org/1999/XSL/Format" xmlns:msxsl="urn:schemas-microsoft-com:xslt">

<head>

<META http-equiv="Content-Type" content="text/html">

<meta http-equiv="content-type" content="text/html; charset=UTF-8">

</head>

<body style="margin:0px 0px 0px 0px;overflow:auto;background:#FFFFFF;">

<table style="font-family:Arial,Verdana,Times;font-size:12px;text-align:left;width:100%;border-collapse:collapse;padding:3px 3px 3px 3px">

<tr style="text-align:center;font-weight:bold;background:#9CBCE2">

<td>Nautical</td>

</tr>

<tr>

<td>

<table style="font-family:Arial,Verdana,Times;font-size:12px;text-align:left;width:100%;border-spacing:0px; padding:3px 3px 3px 3px">

<tr>

<td>FID</td>

<td>226</td>

</tr>

<tr bgcolor="#D4E4F3">

<td>MAJ_CAT</td>

<td>Nautical</td>

</tr>

<tr>

<td>L_LIMIT</td>

<td>0</td>

</tr>

<tr bgcolor="#D4E4F3">

<td>U_LIMIT</td>

<td>0</td>

</tr>

<tr>

<td>ZORDER</td>

<td>9</td>

</tr>

<tr bgcolor="#D4E4F3">

<td>LAYER</td>

<td>0</td>

</tr>

<tr>

<td>MODE</td>

<td>2T</td>

</tr>

<tr bgcolor="#D4E4F3">

<td>COLOR</td>

<td>0</td>

</tr>

<tr>

<td>WIDTH</td>

<td>0</td>

</tr>

<tr bgcolor="#D4E4F3">

<td>MIN_CAT</td>

<td>1Depth Contours</td>

</tr>

<tr>

<td>RTP_LIMIT</td>

<td>0</td>

</tr>

<tr bgcolor="#D4E4F3">

<td>RTP_COLOR</td>

<td>19</td>

</tr>

<tr>

<td>FONT</td>

<td>020</td>

</tr>

<tr bgcolor="#D4E4F3">

<td>VALUE</td>

<td>9</td>

</tr>

<tr>

<td>TYPE</td>

<td>0</td>

</tr>

<tr bgcolor="#D4E4F3">

<td>Depth</td>

<td>-9</td>

</tr>

</table>

</td>

</tr>

</table>

</body>

</html>]]></description>
			<styleUrl>#LineStyle079</styleUrl>
			<MultiGeometry>
				<LineString>
					<tessellate>1</tessellate>
					<coordinates>
						101.521075652,1.664412312,0 101.521093627,1.664416195,0 101.521111601,1.664414237,0 101.521183497,1.664395049,0 101.52123742,1.664370951,0 101.521277954,1.664340968,0 101.521306461,1.664304794,0 101.52131784,1.664268619,0 101.521313267,1.664250532,0 101.521299206,1.664232445,0 101.521269926,1.664214357,0 101.521219446,1.664205091,0 101.521165523,1.66421074,0 101.521129575,1.664226514,0 101.521100211,1.664250532,0 101.521078891,1.664286706,0 101.521062243,1.664359055,0 101.5210639,1.66439523,0 101.521075652,1.664412312,0 
					</coordinates>
				</LineString>
			</MultiGeometry>
		</Placemark>
		<Placemark id="ID_00227">
			<name>-9</name>
			<Snippet maxLines="0"></Snippet>
			<description><![CDATA[<html xmlns:fo="http://www.w3.org/1999/XSL/Format" xmlns:msxsl="urn:schemas-microsoft-com:xslt">

<head>

<META http-equiv="Content-Type" content="text/html">

<meta http-equiv="content-type" content="text/html; charset=UTF-8">

</head>

<body style="margin:0px 0px 0px 0px;overflow:auto;background:#FFFFFF;">

<table style="font-family:Arial,Verdana,Times;font-size:12px;text-align:left;width:100%;border-collapse:collapse;padding:3px 3px 3px 3px">

<tr style="text-align:center;font-weight:bold;background:#9CBCE2">

<td>Nautical</td>

</tr>

<tr>

<td>

<table style="font-family:Arial,Verdana,Times;font-size:12px;text-align:left;width:100%;border-spacing:0px; padding:3px 3px 3px 3px">

<tr>

<td>FID</td>

<td>227</td>

</tr>

<tr bgcolor="#D4E4F3">

<td>MAJ_CAT</td>

<td>Nautical</td>

</tr>

<tr>

<td>L_LIMIT</td>

<td>0</td>

</tr>

<tr bgcolor="#D4E4F3">

<td>U_LIMIT</td>

<td>0</td>

</tr>

<tr>

<td>ZORDER</td>

<td>9</td>

</tr>

<tr bgcolor="#D4E4F3">

<td>LAYER</td>

<td>0</td>

</tr>

<tr>

<td>MODE</td>

<td>2T</td>

</tr>

<tr bgcolor="#D4E4F3">

<td>COLOR</td>

<td>0</td>

</tr>

<tr>

<td>WIDTH</td>

<td>0</td>

</tr>

<tr bgcolor="#D4E4F3">

<td>MIN_CAT</td>

<td>1Depth Contours</td>

</tr>

<tr>

<td>RTP_LIMIT</td>

<td>0</td>

</tr>

<tr bgcolor="#D4E4F3">

<td>RTP_COLOR</td>

<td>19</td>

</tr>

<tr>

<td>FONT</td>

<td>020</td>

</tr>

<tr bgcolor="#D4E4F3">

<td>VALUE</td>

<td>9</td>

</tr>

<tr>

<td>TYPE</td>

<td>0</td>

</tr>

<tr bgcolor="#D4E4F3">

<td>Depth</td>

<td>-9</td>

</tr>

</table>

</td>

</tr>

</table>

</body>

</html>]]></description>
			<styleUrl>#LineStyle079</styleUrl>
			<MultiGeometry>
				<LineString>
					<tessellate>1</tessellate>
					<coordinates>
						101.520536427,1.664881457,0 101.520554402,1.664904766,0 101.52059035,1.664930388,0 101.520626298,1.664938902,0 101.520680221,1.664932831,0 101.520734143,1.664909781,0 101.520824014,1.664852579,0 101.520913885,1.664804385,0 101.520949833,1.664776324,0 101.520988939,1.664684626,0 101.520993548,1.664594189,0 101.521015923,1.66452184,0 101.521025815,1.664449492,0 101.52101499,1.664431404,0 101.520949833,1.66442611,0 101.520841988,1.664430005,0 101.520788066,1.66444753,0 101.520752117,1.664473355,0 101.520716169,1.664522948,0 101.520644272,1.664665333,0 101.520545339,1.664775062,0 101.520524445,1.664829324,0 101.520536427,1.664881457,0 
					</coordinates>
				</LineString>
			</MultiGeometry>
		</Placemark>
		<Placemark id="ID_00228">
			<name>-9</name>
			<Snippet maxLines="0"></Snippet>
			<description><![CDATA[<html xmlns:fo="http://www.w3.org/1999/XSL/Format" xmlns:msxsl="urn:schemas-microsoft-com:xslt">

<head>

<META http-equiv="Content-Type" content="text/html">

<meta http-equiv="content-type" content="text/html; charset=UTF-8">

</head>

<body style="margin:0px 0px 0px 0px;overflow:auto;background:#FFFFFF;">

<table style="font-family:Arial,Verdana,Times;font-size:12px;text-align:left;width:100%;border-collapse:collapse;padding:3px 3px 3px 3px">

<tr style="text-align:center;font-weight:bold;background:#9CBCE2">

<td>Nautical</td>

</tr>

<tr>

<td>

<table style="font-family:Arial,Verdana,Times;font-size:12px;text-align:left;width:100%;border-spacing:0px; padding:3px 3px 3px 3px">

<tr>

<td>FID</td>

<td>228</td>

</tr>

<tr bgcolor="#D4E4F3">

<td>MAJ_CAT</td>

<td>Nautical</td>

</tr>

<tr>

<td>L_LIMIT</td>

<td>0</td>

</tr>

<tr bgcolor="#D4E4F3">

<td>U_LIMIT</td>

<td>0</td>

</tr>

<tr>

<td>ZORDER</td>

<td>9</td>

</tr>

<tr bgcolor="#D4E4F3">

<td>LAYER</td>

<td>0</td>

</tr>

<tr>

<td>MODE</td>

<td>2T</td>

</tr>

<tr bgcolor="#D4E4F3">

<td>COLOR</td>

<td>0</td>

</tr>

<tr>

<td>WIDTH</td>

<td>0</td>

</tr>

<tr bgcolor="#D4E4F3">

<td>MIN_CAT</td>

<td>1Depth Contours</td>

</tr>

<tr>

<td>RTP_LIMIT</td>

<td>0</td>

</tr>

<tr bgcolor="#D4E4F3">

<td>RTP_COLOR</td>

<td>19</td>

</tr>

<tr>

<td>FONT</td>

<td>020</td>

</tr>

<tr bgcolor="#D4E4F3">

<td>VALUE</td>

<td>9</td>

</tr>

<tr>

<td>TYPE</td>

<td>0</td>

</tr>

<tr bgcolor="#D4E4F3">

<td>Depth</td>

<td>-9</td>

</tr>

</table>

</td>

</tr>

</table>

</body>

</html>]]></description>
			<styleUrl>#LineStyle079</styleUrl>
			<MultiGeometry>
				<LineString>
					<tessellate>1</tessellate>
					<coordinates>
						101.523897597,1.6635389,0 101.523843674,1.6635389,0 101.523807726,1.663556894,0 101.523771778,1.663566669,0 101.523717855,1.663563653,0 101.523663933,1.663585157,0 101.52361001,1.66359801,0 101.523538113,1.663600571,0 101.523466217,1.663589783,0 101.523449366,1.663581304,0 101.523440185,1.663563217,0 101.523447993,1.663436606,0 101.523439255,1.663400432,0 101.523423311,1.663382345,0 101.523391324,1.663364257,0 101.523340398,1.663352199,0 101.523142682,1.663342016,0 101.523088759,1.663348685,0 101.523034837,1.663368921,0 101.522991123,1.663400432,0 101.522909018,1.663484927,0 101.522729101,1.663581304,0 101.522639645,1.66367174,0 101.522603457,1.663726002,0 101.522600128,1.663762177,0 101.522610646,1.663780264,0 101.522632216,1.663798351,0 101.522657379,1.663811187,0 101.522693328,1.663820499,0 101.522783198,1.663827507,0 101.522891043,1.66382297,0 101.523034837,1.663806215,0 101.523088759,1.663805734,0 101.523120923,1.663816438,0 101.523139258,1.663852613,0 101.52313951,1.6638707,0 101.523110665,1.663906874,0 101.522998888,1.663971949,0 101.522944966,1.664024917,0 101.522903462,1.664105834,0 101.522873069,1.664211669,0 101.522819147,1.664300515,0 101.522783198,1.664336794,0 101.52274725,1.664361538,0 101.522606801,1.664431404,0 101.522553318,1.664467579,0 101.522495612,1.66449697,0 101.522423715,1.664518475,0 101.522225999,1.664551772,0 101.522136128,1.664573493,0 101.521435136,1.66480159,0 101.521381213,1.664824529,0 101.521342814,1.664847411,0 101.521227149,1.664974021,0 101.521129575,1.665060661,0 101.521000011,1.665209155,0 101.520824014,1.665346226,0 101.520724424,1.66544429,0 101.520583993,1.665607075,0 101.520566455,1.665643249,0 101.520552749,1.665697511,0 101.520547691,1.665842209,0 101.520508589,1.66589647,0 101.52037466,1.666027863,0 101.520334455,1.66609543,0 101.520324369,1.666185866,0 101.520347699,1.666312477,0 101.520339769,1.666421,0 101.520343205,1.666439088,0 101.520356686,1.666457175,0 101.520410608,1.666471494,0 101.520518453,1.666466017,0 101.520608324,1.66644783,0 101.520716169,1.666412223,0 101.52102173,1.666269013,0 101.521111601,1.666234293,0 101.521201472,1.666214249,0 101.521363239,1.666200562,0 101.52145311,1.666183636,0 101.521740697,1.666079692,0 101.521813358,1.666041168,0 101.521876048,1.665986907,0 101.521899734,1.665950732,0 101.521913123,1.665914558,0 101.521918925,1.665842209,0 101.521896007,1.665733685,0 101.521896531,1.665679424,0 101.521911043,1.665607075,0 101.521956387,1.665534726,0 101.522010309,1.665491463,0 101.522082206,1.665453082,0 101.522226998,1.665390028,0 101.522441689,1.665276664,0 101.522724782,1.665154894,0 101.522944966,1.665053758,0 101.522980914,1.665029903,0 101.523034837,1.664973016,0 101.523052811,1.664917794,0 101.523130826,1.664829324,0 101.523268501,1.66471447,0 101.52342937,1.664558015,0 101.523521337,1.664485666,0 101.52361001,1.664426216,0 101.523663933,1.664377315,0 101.52372558,1.664286706,0 101.523758389,1.664214357,0 101.5238257,1.664108127,0 101.523897597,1.664030471,0 101.523969493,1.664030471,0 
					</coordinates>
				</LineString>
			</MultiGeometry>
		</Placemark>
		<Placemark id="ID_00229">
			<name>-9</name>
			<Snippet maxLines="0"></Snippet>
			<description><![CDATA[<html xmlns:fo="http://www.w3.org/1999/XSL/Format" xmlns:msxsl="urn:schemas-microsoft-com:xslt">

<head>

<META http-equiv="Content-Type" content="text/html">

<meta http-equiv="content-type" content="text/html; charset=UTF-8">

</head>

<body style="margin:0px 0px 0px 0px;overflow:auto;background:#FFFFFF;">

<table style="font-family:Arial,Verdana,Times;font-size:12px;text-align:left;width:100%;border-collapse:collapse;padding:3px 3px 3px 3px">

<tr style="text-align:center;font-weight:bold;background:#9CBCE2">

<td>Nautical</td>

</tr>

<tr>

<td>

<table style="font-family:Arial,Verdana,Times;font-size:12px;text-align:left;width:100%;border-spacing:0px; padding:3px 3px 3px 3px">

<tr>

<td>FID</td>

<td>229</td>

</tr>

<tr bgcolor="#D4E4F3">

<td>MAJ_CAT</td>

<td>Nautical</td>

</tr>

<tr>

<td>L_LIMIT</td>

<td>0</td>

</tr>

<tr bgcolor="#D4E4F3">

<td>U_LIMIT</td>

<td>0</td>

</tr>

<tr>

<td>ZORDER</td>

<td>9</td>

</tr>

<tr bgcolor="#D4E4F3">

<td>LAYER</td>

<td>0</td>

</tr>

<tr>

<td>MODE</td>

<td>2T</td>

</tr>

<tr bgcolor="#D4E4F3">

<td>COLOR</td>

<td>0</td>

</tr>

<tr>

<td>WIDTH</td>

<td>0</td>

</tr>

<tr bgcolor="#D4E4F3">

<td>MIN_CAT</td>

<td>1Depth Contours</td>

</tr>

<tr>

<td>RTP_LIMIT</td>

<td>0</td>

</tr>

<tr bgcolor="#D4E4F3">

<td>RTP_COLOR</td>

<td>19</td>

</tr>

<tr>

<td>FONT</td>

<td>020</td>

</tr>

<tr bgcolor="#D4E4F3">

<td>VALUE</td>

<td>9</td>

</tr>

<tr>

<td>TYPE</td>

<td>0</td>

</tr>

<tr bgcolor="#D4E4F3">

<td>Depth</td>

<td>-9</td>

</tr>

</table>

</td>

</tr>

</table>

</body>

</html>]]></description>
			<styleUrl>#LineStyle079</styleUrl>
			<MultiGeometry>
				<LineString>
					<tessellate>1</tessellate>
					<coordinates>
						101.522064232,1.666685073,0 101.522082206,1.666696117,0 101.52210018,1.66669882,0 101.522154103,1.666694753,0 101.522387767,1.666655148,0 101.522441689,1.666640268,0 101.522495612,1.666617266,0 101.522636094,1.666529524,0 101.522683442,1.666475262,0 101.522719816,1.666421,0 101.522801173,1.666352437,0 101.522885825,1.66629439,0 101.522906294,1.666258215,0 101.522898001,1.666240128,0 101.522873069,1.666221457,0 101.522830899,1.666203953,0 101.522783198,1.666194754,0 101.52274725,1.666194693,0 101.522711302,1.666199993,0 101.522646595,1.666222041,0 101.522567508,1.666259279,0 101.522477638,1.666289143,0 101.522422081,1.666312477,0 101.522380496,1.666348651,0 101.522333844,1.666431516,0 101.522297896,1.666470603,0 101.522243973,1.666503649,0 101.522134375,1.666547611,0 101.52207921,1.666583785,0 101.522063759,1.666638047,0 101.52205884,1.666674222,0 101.522064232,1.666685073,0 
					</coordinates>
				</LineString>
			</MultiGeometry>
		</Placemark>
		<Placemark id="ID_00230">
			<name>-9</name>
			<Snippet maxLines="0"></Snippet>
			<description><![CDATA[<html xmlns:fo="http://www.w3.org/1999/XSL/Format" xmlns:msxsl="urn:schemas-microsoft-com:xslt">

<head>

<META http-equiv="Content-Type" content="text/html">

<meta http-equiv="content-type" content="text/html; charset=UTF-8">

</head>

<body style="margin:0px 0px 0px 0px;overflow:auto;background:#FFFFFF;">

<table style="font-family:Arial,Verdana,Times;font-size:12px;text-align:left;width:100%;border-collapse:collapse;padding:3px 3px 3px 3px">

<tr style="text-align:center;font-weight:bold;background:#9CBCE2">

<td>Nautical</td>

</tr>

<tr>

<td>

<table style="font-family:Arial,Verdana,Times;font-size:12px;text-align:left;width:100%;border-spacing:0px; padding:3px 3px 3px 3px">

<tr>

<td>FID</td>

<td>230</td>

</tr>

<tr bgcolor="#D4E4F3">

<td>MAJ_CAT</td>

<td>Nautical</td>

</tr>

<tr>

<td>L_LIMIT</td>

<td>0</td>

</tr>

<tr bgcolor="#D4E4F3">

<td>U_LIMIT</td>

<td>0</td>

</tr>

<tr>

<td>ZORDER</td>

<td>9</td>

</tr>

<tr bgcolor="#D4E4F3">

<td>LAYER</td>

<td>0</td>

</tr>

<tr>

<td>MODE</td>

<td>2T</td>

</tr>

<tr bgcolor="#D4E4F3">

<td>COLOR</td>

<td>0</td>

</tr>

<tr>

<td>WIDTH</td>

<td>0</td>

</tr>

<tr bgcolor="#D4E4F3">

<td>MIN_CAT</td>

<td>1Depth Contours</td>

</tr>

<tr>

<td>RTP_LIMIT</td>

<td>0</td>

</tr>

<tr bgcolor="#D4E4F3">

<td>RTP_COLOR</td>

<td>19</td>

</tr>

<tr>

<td>FONT</td>

<td>020</td>

</tr>

<tr bgcolor="#D4E4F3">

<td>VALUE</td>

<td>9</td>

</tr>

<tr>

<td>TYPE</td>

<td>0</td>

</tr>

<tr bgcolor="#D4E4F3">

<td>Depth</td>

<td>-9</td>

</tr>

</table>

</td>

</tr>

</table>

</body>

</html>]]></description>
			<styleUrl>#LineStyle079</styleUrl>
			<MultiGeometry>
				<LineString>
					<tessellate>1</tessellate>
					<coordinates>
						101.521758671,1.66685588,0 101.521776645,1.666862463,0 101.521812593,1.666866056,0 101.521848542,1.666862514,0 101.521902464,1.666846826,0 101.521998871,1.666782745,0 101.521974361,1.666765788,0 101.521920438,1.666752282,0 101.52188449,1.666748078,0 101.521848542,1.666751092,0 101.521797187,1.666764658,0 101.521765861,1.666782745,0 101.521754739,1.666800832,0 101.521747319,1.666837007,0 101.521758671,1.66685588,0 
					</coordinates>
				</LineString>
			</MultiGeometry>
		</Placemark>
		<Placemark id="ID_00231">
			<name>-9</name>
			<Snippet maxLines="0"></Snippet>
			<description><![CDATA[<html xmlns:fo="http://www.w3.org/1999/XSL/Format" xmlns:msxsl="urn:schemas-microsoft-com:xslt">

<head>

<META http-equiv="Content-Type" content="text/html">

<meta http-equiv="content-type" content="text/html; charset=UTF-8">

</head>

<body style="margin:0px 0px 0px 0px;overflow:auto;background:#FFFFFF;">

<table style="font-family:Arial,Verdana,Times;font-size:12px;text-align:left;width:100%;border-collapse:collapse;padding:3px 3px 3px 3px">

<tr style="text-align:center;font-weight:bold;background:#9CBCE2">

<td>Nautical</td>

</tr>

<tr>

<td>

<table style="font-family:Arial,Verdana,Times;font-size:12px;text-align:left;width:100%;border-spacing:0px; padding:3px 3px 3px 3px">

<tr>

<td>FID</td>

<td>231</td>

</tr>

<tr bgcolor="#D4E4F3">

<td>MAJ_CAT</td>

<td>Nautical</td>

</tr>

<tr>

<td>L_LIMIT</td>

<td>0</td>

</tr>

<tr bgcolor="#D4E4F3">

<td>U_LIMIT</td>

<td>0</td>

</tr>

<tr>

<td>ZORDER</td>

<td>9</td>

</tr>

<tr bgcolor="#D4E4F3">

<td>LAYER</td>

<td>0</td>

</tr>

<tr>

<td>MODE</td>

<td>2T</td>

</tr>

<tr bgcolor="#D4E4F3">

<td>COLOR</td>

<td>0</td>

</tr>

<tr>

<td>WIDTH</td>

<td>0</td>

</tr>

<tr bgcolor="#D4E4F3">

<td>MIN_CAT</td>

<td>1Depth Contours</td>

</tr>

<tr>

<td>RTP_LIMIT</td>

<td>0</td>

</tr>

<tr bgcolor="#D4E4F3">

<td>RTP_COLOR</td>

<td>19</td>

</tr>

<tr>

<td>FONT</td>

<td>020</td>

</tr>

<tr bgcolor="#D4E4F3">

<td>VALUE</td>

<td>9</td>

</tr>

<tr>

<td>TYPE</td>

<td>0</td>

</tr>

<tr bgcolor="#D4E4F3">

<td>Depth</td>

<td>-9</td>

</tr>

</table>

</td>

</tr>

</table>

</body>

</html>]]></description>
			<styleUrl>#LineStyle079</styleUrl>
			<MultiGeometry>
				<LineString>
					<tessellate>1</tessellate>
					<coordinates>
						101.52145311,1.668195453,0 101.521476077,1.668247811,0 101.521511713,1.668283986,0 101.521560955,1.668312345,0 101.521596903,1.668323778,0 101.521632852,1.668330745,0 101.521704748,1.668335365,0 101.521848542,1.668328558,0 101.522028283,1.668324216,0 101.522136128,1.668324167,0 101.522225999,1.668328874,0 101.522261948,1.66832687,0 101.52231587,1.668314948,0 101.522369793,1.668289638,0 101.52257054,1.668139288,0 101.522590832,1.6681212,0 101.522604788,1.668085026,0 101.522600169,1.668066939,0 101.522586165,1.668048851,0 101.522533503,1.668012677,0 101.522477638,1.667984607,0 101.522405741,1.667958619,0 101.522351818,1.667944447,0 101.522297896,1.667936022,0 101.522136128,1.667925915,0 101.522046258,1.667915293,0 101.522010309,1.667914041,0 101.521974361,1.667916255,0 101.521920438,1.667928417,0 101.521830567,1.66796565,0 101.521650826,1.668024026,0 101.521578929,1.668053667,0 101.521542981,1.668074561,0 101.521488202,1.6681212,0 101.52146177,1.668157375,0 101.52145311,1.668195453,0 
					</coordinates>
				</LineString>
			</MultiGeometry>
		</Placemark>
		<Placemark id="ID_00232">
			<name>-9</name>
			<Snippet maxLines="0"></Snippet>
			<description><![CDATA[<html xmlns:fo="http://www.w3.org/1999/XSL/Format" xmlns:msxsl="urn:schemas-microsoft-com:xslt">

<head>

<META http-equiv="Content-Type" content="text/html">

<meta http-equiv="content-type" content="text/html; charset=UTF-8">

</head>

<body style="margin:0px 0px 0px 0px;overflow:auto;background:#FFFFFF;">

<table style="font-family:Arial,Verdana,Times;font-size:12px;text-align:left;width:100%;border-collapse:collapse;padding:3px 3px 3px 3px">

<tr style="text-align:center;font-weight:bold;background:#9CBCE2">

<td>Nautical</td>

</tr>

<tr>

<td>

<table style="font-family:Arial,Verdana,Times;font-size:12px;text-align:left;width:100%;border-spacing:0px; padding:3px 3px 3px 3px">

<tr>

<td>FID</td>

<td>232</td>

</tr>

<tr bgcolor="#D4E4F3">

<td>MAJ_CAT</td>

<td>Nautical</td>

</tr>

<tr>

<td>L_LIMIT</td>

<td>0</td>

</tr>

<tr bgcolor="#D4E4F3">

<td>U_LIMIT</td>

<td>0</td>

</tr>

<tr>

<td>ZORDER</td>

<td>9</td>

</tr>

<tr bgcolor="#D4E4F3">

<td>LAYER</td>

<td>0</td>

</tr>

<tr>

<td>MODE</td>

<td>2T</td>

</tr>

<tr bgcolor="#D4E4F3">

<td>COLOR</td>

<td>0</td>

</tr>

<tr>

<td>WIDTH</td>

<td>0</td>

</tr>

<tr bgcolor="#D4E4F3">

<td>MIN_CAT</td>

<td>1Depth Contours</td>

</tr>

<tr>

<td>RTP_LIMIT</td>

<td>0</td>

</tr>

<tr bgcolor="#D4E4F3">

<td>RTP_COLOR</td>

<td>19</td>

</tr>

<tr>

<td>FONT</td>

<td>020</td>

</tr>

<tr bgcolor="#D4E4F3">

<td>VALUE</td>

<td>9</td>

</tr>

<tr>

<td>TYPE</td>

<td>0</td>

</tr>

<tr bgcolor="#D4E4F3">

<td>Depth</td>

<td>-9</td>

</tr>

</table>

</td>

</tr>

</table>

</body>

</html>]]></description>
			<styleUrl>#LineStyle079</styleUrl>
			<MultiGeometry>
				<LineString>
					<tessellate>1</tessellate>
					<coordinates>
						101.520841988,1.669283848,0 101.520859962,1.669286131,0 101.52095882,1.669278784,0 101.521093627,1.669260696,0 101.521159906,1.669242609,0 101.521247905,1.669206435,0 101.52129549,1.66917026,0 101.521326345,1.669134086,0 101.521345265,1.669121425,0 101.521381213,1.669104694,0 101.521417162,1.669094063,0 101.521471084,1.669092922,0 101.521525007,1.66910183,0 101.521565615,1.669115998,0 101.521632852,1.669153836,0 101.521704748,1.669175105,0 101.521740697,1.669178012,0 101.521776645,1.669176142,0 101.521830567,1.669164923,0 101.521866516,1.669151286,0 101.521917795,1.669115998,0 101.521951364,1.669079824,0 101.521975434,1.669043649,0 101.521994481,1.668989388,0 101.521980113,1.668917039,0 101.521926362,1.668790428,0 101.521899549,1.668754254,0 101.521848542,1.668724395,0 101.521812593,1.668714757,0 101.521758671,1.668708213,0 101.521560955,1.668701243,0 101.521525007,1.668704971,0 101.521489058,1.668713019,0 101.521432104,1.668736166,0 101.521344457,1.668790428,0 101.521273159,1.66884469,0 101.521228064,1.668898952,0 101.521147549,1.669046544,0 101.521039704,1.669162152,0 101.521003756,1.669193217,0 101.520967807,1.66921577,0 101.520913885,1.669237508,0 101.520841988,1.669258316,0 101.520836269,1.669278784,0 101.520841988,1.669283848,0 
					</coordinates>
				</LineString>
			</MultiGeometry>
		</Placemark>
		<Placemark id="ID_00233">
			<name>-9</name>
			<Snippet maxLines="0"></Snippet>
			<description><![CDATA[<html xmlns:fo="http://www.w3.org/1999/XSL/Format" xmlns:msxsl="urn:schemas-microsoft-com:xslt">

<head>

<META http-equiv="Content-Type" content="text/html">

<meta http-equiv="content-type" content="text/html; charset=UTF-8">

</head>

<body style="margin:0px 0px 0px 0px;overflow:auto;background:#FFFFFF;">

<table style="font-family:Arial,Verdana,Times;font-size:12px;text-align:left;width:100%;border-collapse:collapse;padding:3px 3px 3px 3px">

<tr style="text-align:center;font-weight:bold;background:#9CBCE2">

<td>Nautical</td>

</tr>

<tr>

<td>

<table style="font-family:Arial,Verdana,Times;font-size:12px;text-align:left;width:100%;border-spacing:0px; padding:3px 3px 3px 3px">

<tr>

<td>FID</td>

<td>233</td>

</tr>

<tr bgcolor="#D4E4F3">

<td>MAJ_CAT</td>

<td>Nautical</td>

</tr>

<tr>

<td>L_LIMIT</td>

<td>0</td>

</tr>

<tr bgcolor="#D4E4F3">

<td>U_LIMIT</td>

<td>0</td>

</tr>

<tr>

<td>ZORDER</td>

<td>9</td>

</tr>

<tr bgcolor="#D4E4F3">

<td>LAYER</td>

<td>0</td>

</tr>

<tr>

<td>MODE</td>

<td>2T</td>

</tr>

<tr bgcolor="#D4E4F3">

<td>COLOR</td>

<td>0</td>

</tr>

<tr>

<td>WIDTH</td>

<td>0</td>

</tr>

<tr bgcolor="#D4E4F3">

<td>MIN_CAT</td>

<td>1Depth Contours</td>

</tr>

<tr>

<td>RTP_LIMIT</td>

<td>0</td>

</tr>

<tr bgcolor="#D4E4F3">

<td>RTP_COLOR</td>

<td>19</td>

</tr>

<tr>

<td>FONT</td>

<td>020</td>

</tr>

<tr bgcolor="#D4E4F3">

<td>VALUE</td>

<td>9</td>

</tr>

<tr>

<td>TYPE</td>

<td>0</td>

</tr>

<tr bgcolor="#D4E4F3">

<td>Depth</td>

<td>-9</td>

</tr>

</table>

</td>

</tr>

</table>

</body>

</html>]]></description>
			<styleUrl>#LineStyle079</styleUrl>
			<MultiGeometry>
				<LineString>
					<tessellate>1</tessellate>
					<coordinates>
						101.524382899,1.691303005,0 101.524436822,1.691342948,0 101.524454796,1.691342194,0 101.52447277,1.691327121,0 101.524478761,1.691309034,0 101.52447277,1.691283711,0 101.524454796,1.691266077,0 101.524418848,1.691251483,0 101.524400873,1.691247537,0 101.524376908,1.691254772,0 101.524367492,1.691272859,0 101.524382899,1.691303005,0 
					</coordinates>
				</LineString>
			</MultiGeometry>
		</Placemark>
		<Placemark id="ID_00234">
			<name>-9</name>
			<Snippet maxLines="0"></Snippet>
			<description><![CDATA[<html xmlns:fo="http://www.w3.org/1999/XSL/Format" xmlns:msxsl="urn:schemas-microsoft-com:xslt">

<head>

<META http-equiv="Content-Type" content="text/html">

<meta http-equiv="content-type" content="text/html; charset=UTF-8">

</head>

<body style="margin:0px 0px 0px 0px;overflow:auto;background:#FFFFFF;">

<table style="font-family:Arial,Verdana,Times;font-size:12px;text-align:left;width:100%;border-collapse:collapse;padding:3px 3px 3px 3px">

<tr style="text-align:center;font-weight:bold;background:#9CBCE2">

<td>Nautical</td>

</tr>

<tr>

<td>

<table style="font-family:Arial,Verdana,Times;font-size:12px;text-align:left;width:100%;border-spacing:0px; padding:3px 3px 3px 3px">

<tr>

<td>FID</td>

<td>234</td>

</tr>

<tr bgcolor="#D4E4F3">

<td>MAJ_CAT</td>

<td>Nautical</td>

</tr>

<tr>

<td>L_LIMIT</td>

<td>0</td>

</tr>

<tr bgcolor="#D4E4F3">

<td>U_LIMIT</td>

<td>0</td>

</tr>

<tr>

<td>ZORDER</td>

<td>9</td>

</tr>

<tr bgcolor="#D4E4F3">

<td>LAYER</td>

<td>0</td>

</tr>

<tr>

<td>MODE</td>

<td>2T</td>

</tr>

<tr bgcolor="#D4E4F3">

<td>COLOR</td>

<td>0</td>

</tr>

<tr>

<td>WIDTH</td>

<td>0</td>

</tr>

<tr bgcolor="#D4E4F3">

<td>MIN_CAT</td>

<td>1Depth Contours</td>

</tr>

<tr>

<td>RTP_LIMIT</td>

<td>0</td>

</tr>

<tr bgcolor="#D4E4F3">

<td>RTP_COLOR</td>

<td>19</td>

</tr>

<tr>

<td>FONT</td>

<td>020</td>

</tr>

<tr bgcolor="#D4E4F3">

<td>VALUE</td>

<td>9</td>

</tr>

<tr>

<td>TYPE</td>

<td>0</td>

</tr>

<tr bgcolor="#D4E4F3">

<td>Depth</td>

<td>-9</td>

</tr>

</table>

</td>

</tr>

</table>

</body>

</html>]]></description>
			<styleUrl>#LineStyle079</styleUrl>
			<MultiGeometry>
				<LineString>
					<tessellate>1</tessellate>
					<coordinates>
						101.529199976,1.690338604,0 101.529164028,1.690338604,0 101.529128079,1.690377039,0 101.529057466,1.690404672,0 101.529020234,1.690414093,0 101.528966312,1.690413381,0 101.528858467,1.690393069,0 101.528822519,1.690390327,0 101.52878657,1.690391107,0 101.528642777,1.690403783,0 101.528606829,1.690402833,0 101.52857088,1.690397567,0 101.528552906,1.690391518,0 101.528516958,1.69036932,0 101.528385147,1.6902238,0 101.528360183,1.690205713,0 101.528337216,1.690197573,0 101.528265319,1.69019336,0 101.528229371,1.69019689,0 101.528085578,1.690252438,0 101.528067604,1.690254548,0 101.528049629,1.690250328,0 101.528031655,1.690229829,0 101.528022668,1.690205713,0 101.528026209,1.690115277,0 101.528010257,1.690079102,0 101.527973772,1.69002484,0 101.527941784,1.689983589,0 101.527905836,1.689952491,0 101.527861329,1.689934404,0 101.527815965,1.689931304,0 101.527795328,1.689934404,0 101.527762043,1.689945221,0 101.527710517,1.689970579,0 101.527672172,1.689996705,0 101.52763494,1.690042928,0 101.527613082,1.690115277,0 101.527616928,1.690169538,0 101.527639219,1.6902238,0 101.527672172,1.690264195,0 101.527744069,1.690310791,0 101.527758917,1.690332323,0 101.527765894,1.690368498,0 101.527748,1.690440847,0 101.52770812,1.690493769,0 101.527654198,1.690524751,0 101.527618249,1.690536171,0 101.527582301,1.690541618,0 101.527528379,1.69054405,0 101.52749243,1.690540326,0 101.527456482,1.690533475,0 101.527420534,1.690521707,0 101.527348637,1.690486798,0 101.527330663,1.690468543,0 101.52727674,1.690378764,0 101.527186869,1.690291047,0 101.527096999,1.690247572,0 101.52706105,1.690238177,0 101.526969183,1.6902238,0 101.526935231,1.690211547,0 101.526917257,1.690199683,0 101.526877314,1.690151451,0 101.526818399,1.69002484,0 101.526791438,1.689992811,0 101.526773464,1.689979914,0 101.526737515,1.689964259,0 101.526701567,1.689956965,0 101.526647644,1.689958264,0 101.526611696,1.689966262,0 101.526571254,1.689988666,0 101.526539799,1.690025209,0 101.526519776,1.690079102,0 101.526513729,1.690133364,0 101.52652518,1.6902238,0 101.526539799,1.690253311,0 101.526610412,1.690350411,0 101.526619399,1.690386585,0 101.526612513,1.690440847,0 101.526593722,1.690482447,0 101.52656431,1.690513196,0 101.526485877,1.690564991,0 101.526427052,1.690621719,0 101.526378032,1.690654086,0 101.526324109,1.690668277,0 101.526270187,1.690672159,0 101.526216264,1.690669306,0 101.526144368,1.690656775,0 101.526054497,1.69064596,0 101.526000574,1.690645518,0 101.525946652,1.690651033,0 101.525892729,1.690664676,0 101.525856781,1.690679802,0 101.525784884,1.690723423,0 101.525695013,1.690793137,0 101.525641091,1.690827033,0 101.525587168,1.690850498,0 101.525533246,1.690866399,0 101.525479323,1.690873907,0 101.525209711,1.690896243,0 101.525155788,1.690892673,0 101.525047943,1.690863003,0 101.524994021,1.690858059,0 101.524958073,1.690868481,0 101.524924933,1.690893027,0 101.524889321,1.690947289,0 101.524865364,1.691019638,0 101.5248609,1.691055813,0 101.52486649,1.691182423,0 101.524856219,1.691236685,0 101.524840813,1.691272859,0 101.524742383,1.691391557,0 101.524616563,1.691495074,0 101.524590419,1.691544168,0 101.524579118,1.691616517,0 101.524609691,1.691815476,0 101.52462816,1.691869738,0 101.524670486,1.691922553,0 101.524742383,1.691967543,0 101.524886176,1.692037346,0 101.524958073,1.692042019,0 101.525047943,1.692040897,0 101.525083892,1.692045045,0 101.525101866,1.692050241,0 101.525137814,1.692069959,0 101.525209711,1.692129658,0 101.525245659,1.692144826,0 101.525281608,1.692153346,0 101.52533553,1.692159344,0 101.525479323,1.692158359,0 101.525515272,1.692154224,0 101.525623117,1.692128988,0 101.525659065,1.692123429,0 101.525712988,1.692121004,0 101.525748936,1.692125685,0 101.525781739,1.692141046,0 101.525802858,1.692158214,0 101.525862198,1.692231483,0 101.525902382,1.692267657,0 101.525946652,1.692290362,0 101.526018549,1.692309077,0 101.526090445,1.692314347,0 101.526144368,1.692307009,0 101.526180316,1.692294286,0 101.526270187,1.69224552,0 101.526306135,1.692230926,0 101.526342084,1.692223287,0 101.526396006,1.692221494,0 101.526449929,1.692229932,0 101.526485877,1.692243803,0 101.526521825,1.692266346,0 101.526627873,1.692358093,0 101.526665619,1.692376683,0 101.526701567,1.692385624,0 101.526755489,1.692386154,0 101.526791438,1.692379517,0 101.526827386,1.692366214,0 101.526917257,1.692322535,0 101.526935231,1.69231589,0 101.526971179,1.69230951,0 101.527025102,1.692308856,0 101.52706105,1.692312875,0 101.527096999,1.692321165,0 101.527186869,1.692355509,0 101.527222818,1.69236204,0 101.527240792,1.692362113,0 101.527259622,1.692358093,0 101.527294714,1.692338714,0 101.527340934,1.692285744,0 101.527364115,1.692213395,0 101.527365755,1.692104872,0 101.527382018,1.692032523,0 101.527401579,1.691996349,0 101.527420534,1.691975531,0 101.527456482,1.691949193,0 101.52749243,1.691935377,0 101.527528379,1.691929518,0 101.527564327,1.691927754,0 101.527582301,1.691930275,0 101.52760862,1.691942087,0 101.527625239,1.691960174,0 101.527658427,1.692032523,0 101.527684155,1.692068698,0 101.527741501,1.692122959,0 101.527780017,1.692139351,0 101.527815965,1.692138918,0 101.527851914,1.692129677,0 101.527887862,1.692109632,0 101.527977733,1.69204428,0 101.528013681,1.692027934,0 101.528061987,1.692014436,0 101.528121526,1.692006344,0 101.528175449,1.692004987,0 101.528265319,1.692011114,0 101.528301268,1.692017953,0 101.528319242,1.692026688,0 101.528337216,1.692044581,0 101.528396208,1.692159134,0 101.528425998,1.692195308,0 101.528463035,1.692217149,0 101.528481009,1.692220753,0 101.528516958,1.692220274,0 101.528552906,1.692212642,0 101.528588854,1.692198974,0 101.528649084,1.692159134,0 101.528692407,1.692104872,0 101.528750622,1.69199306,0 101.52878657,1.691960615,0 101.528804544,1.691953391,0 101.528840493,1.691948012,0 101.528876441,1.691948587,0 101.528948338,1.691953957,0 101.528984286,1.691960928,0 101.529012305,1.691978261,0 101.529056183,1.692028686,0 101.529122687,1.692068698,0 101.529164028,1.692082909,0 101.529182002,1.69208384,0 101.529199976,1.692080756,0 101.529307821,1.692045105,0 101.529415666,1.691996349,0 101.529505537,1.691963539,0 101.529577434,1.691949839,0 101.529703253,1.691934081,0 101.529793124,1.691901994,0 101.52986502,1.691869369,0 101.529972865,1.691808859,0 101.530152607,1.691686477,0 101.53020653,1.691664749,0 101.530260452,1.691655103,0 101.530278426,1.691655706,0 101.5302964,1.691660575,0 101.53031797,1.691670778,0 101.530341336,1.691688866,0 101.530357724,1.691706953,0 101.530371565,1.691743127,0 101.530370543,1.691797389,0 101.530386271,1.69181806,0 101.530404245,1.691812893,0 101.53042222,1.691797389,0 101.530453266,1.691743127,0 101.530497445,1.691688866,0 101.530544813,1.69159843,0 101.530559791,1.691544168,0 101.530566013,1.691539081,0 101.530619935,1.691539081,0 
					</coordinates>
				</LineString>
			</MultiGeometry>
		</Placemark>
		<Placemark id="ID_00235">
			<name>-9</name>
			<Snippet maxLines="0"></Snippet>
			<description><![CDATA[<html xmlns:fo="http://www.w3.org/1999/XSL/Format" xmlns:msxsl="urn:schemas-microsoft-com:xslt">

<head>

<META http-equiv="Content-Type" content="text/html">

<meta http-equiv="content-type" content="text/html; charset=UTF-8">

</head>

<body style="margin:0px 0px 0px 0px;overflow:auto;background:#FFFFFF;">

<table style="font-family:Arial,Verdana,Times;font-size:12px;text-align:left;width:100%;border-collapse:collapse;padding:3px 3px 3px 3px">

<tr style="text-align:center;font-weight:bold;background:#9CBCE2">

<td>Nautical</td>

</tr>

<tr>

<td>

<table style="font-family:Arial,Verdana,Times;font-size:12px;text-align:left;width:100%;border-spacing:0px; padding:3px 3px 3px 3px">

<tr>

<td>FID</td>

<td>235</td>

</tr>

<tr bgcolor="#D4E4F3">

<td>MAJ_CAT</td>

<td>Nautical</td>

</tr>

<tr>

<td>L_LIMIT</td>

<td>0</td>

</tr>

<tr bgcolor="#D4E4F3">

<td>U_LIMIT</td>

<td>0</td>

</tr>

<tr>

<td>ZORDER</td>

<td>9</td>

</tr>

<tr bgcolor="#D4E4F3">

<td>LAYER</td>

<td>0</td>

</tr>

<tr>

<td>MODE</td>

<td>2T</td>

</tr>

<tr bgcolor="#D4E4F3">

<td>COLOR</td>

<td>0</td>

</tr>

<tr>

<td>WIDTH</td>

<td>0</td>

</tr>

<tr bgcolor="#D4E4F3">

<td>MIN_CAT</td>

<td>1Depth Contours</td>

</tr>

<tr>

<td>RTP_LIMIT</td>

<td>0</td>

</tr>

<tr bgcolor="#D4E4F3">

<td>RTP_COLOR</td>

<td>19</td>

</tr>

<tr>

<td>FONT</td>

<td>020</td>

</tr>

<tr bgcolor="#D4E4F3">

<td>VALUE</td>

<td>9</td>

</tr>

<tr>

<td>TYPE</td>

<td>0</td>

</tr>

<tr bgcolor="#D4E4F3">

<td>Depth</td>

<td>-9</td>

</tr>

</table>

</td>

</tr>

</table>

</body>

</html>]]></description>
			<styleUrl>#LineStyle079</styleUrl>
			<MultiGeometry>
				<LineString>
					<tessellate>1</tessellate>
					<coordinates>
						101.539445252,1.69930917,0 101.539427277,1.699310463,0 
					</coordinates>
				</LineString>
			</MultiGeometry>
		</Placemark>
		<Placemark id="ID_00236">
			<name>-9</name>
			<Snippet maxLines="0"></Snippet>
			<description><![CDATA[<html xmlns:fo="http://www.w3.org/1999/XSL/Format" xmlns:msxsl="urn:schemas-microsoft-com:xslt">

<head>

<META http-equiv="Content-Type" content="text/html">

<meta http-equiv="content-type" content="text/html; charset=UTF-8">

</head>

<body style="margin:0px 0px 0px 0px;overflow:auto;background:#FFFFFF;">

<table style="font-family:Arial,Verdana,Times;font-size:12px;text-align:left;width:100%;border-collapse:collapse;padding:3px 3px 3px 3px">

<tr style="text-align:center;font-weight:bold;background:#9CBCE2">

<td>Nautical</td>

</tr>

<tr>

<td>

<table style="font-family:Arial,Verdana,Times;font-size:12px;text-align:left;width:100%;border-spacing:0px; padding:3px 3px 3px 3px">

<tr>

<td>FID</td>

<td>236</td>

</tr>

<tr bgcolor="#D4E4F3">

<td>MAJ_CAT</td>

<td>Nautical</td>

</tr>

<tr>

<td>L_LIMIT</td>

<td>0</td>

</tr>

<tr bgcolor="#D4E4F3">

<td>U_LIMIT</td>

<td>0</td>

</tr>

<tr>

<td>ZORDER</td>

<td>9</td>

</tr>

<tr bgcolor="#D4E4F3">

<td>LAYER</td>

<td>0</td>

</tr>

<tr>

<td>MODE</td>

<td>2T</td>

</tr>

<tr bgcolor="#D4E4F3">

<td>COLOR</td>

<td>0</td>

</tr>

<tr>

<td>WIDTH</td>

<td>0</td>

</tr>

<tr bgcolor="#D4E4F3">

<td>MIN_CAT</td>

<td>1Depth Contours</td>

</tr>

<tr>

<td>RTP_LIMIT</td>

<td>0</td>

</tr>

<tr bgcolor="#D4E4F3">

<td>RTP_COLOR</td>

<td>19</td>

</tr>

<tr>

<td>FONT</td>

<td>020</td>

</tr>

<tr bgcolor="#D4E4F3">

<td>VALUE</td>

<td>9</td>

</tr>

<tr>

<td>TYPE</td>

<td>0</td>

</tr>

<tr bgcolor="#D4E4F3">

<td>Depth</td>

<td>-9</td>

</tr>

</table>

</td>

</tr>

</table>

</body>

</html>]]></description>
			<styleUrl>#LineStyle079</styleUrl>
			<MultiGeometry>
				<LineString>
					<tessellate>1</tessellate>
					<coordinates>
						101.536048134,1.699889323,0 101.536031531,1.699882381,0 101.536043701,1.699864294,0 101.536084082,1.699846895,0 101.53610736,1.699846207,0 101.53611626,1.699864294,0 101.536089574,1.699882381,0 101.536048134,1.699889323,0 
					</coordinates>
				</LineString>
			</MultiGeometry>
		</Placemark>
		<Placemark id="ID_00237">
			<name>-9</name>
			<Snippet maxLines="0"></Snippet>
			<description><![CDATA[<html xmlns:fo="http://www.w3.org/1999/XSL/Format" xmlns:msxsl="urn:schemas-microsoft-com:xslt">

<head>

<META http-equiv="Content-Type" content="text/html">

<meta http-equiv="content-type" content="text/html; charset=UTF-8">

</head>

<body style="margin:0px 0px 0px 0px;overflow:auto;background:#FFFFFF;">

<table style="font-family:Arial,Verdana,Times;font-size:12px;text-align:left;width:100%;border-collapse:collapse;padding:3px 3px 3px 3px">

<tr style="text-align:center;font-weight:bold;background:#9CBCE2">

<td>Nautical</td>

</tr>

<tr>

<td>

<table style="font-family:Arial,Verdana,Times;font-size:12px;text-align:left;width:100%;border-spacing:0px; padding:3px 3px 3px 3px">

<tr>

<td>FID</td>

<td>237</td>

</tr>

<tr bgcolor="#D4E4F3">

<td>MAJ_CAT</td>

<td>Nautical</td>

</tr>

<tr>

<td>L_LIMIT</td>

<td>0</td>

</tr>

<tr bgcolor="#D4E4F3">

<td>U_LIMIT</td>

<td>0</td>

</tr>

<tr>

<td>ZORDER</td>

<td>9</td>

</tr>

<tr bgcolor="#D4E4F3">

<td>LAYER</td>

<td>0</td>

</tr>

<tr>

<td>MODE</td>

<td>2T</td>

</tr>

<tr bgcolor="#D4E4F3">

<td>COLOR</td>

<td>0</td>

</tr>

<tr>

<td>WIDTH</td>

<td>0</td>

</tr>

<tr bgcolor="#D4E4F3">

<td>MIN_CAT</td>

<td>1Depth Contours</td>

</tr>

<tr>

<td>RTP_LIMIT</td>

<td>0</td>

</tr>

<tr bgcolor="#D4E4F3">

<td>RTP_COLOR</td>

<td>19</td>

</tr>

<tr>

<td>FONT</td>

<td>020</td>

</tr>

<tr bgcolor="#D4E4F3">

<td>VALUE</td>

<td>9</td>

</tr>

<tr>

<td>TYPE</td>

<td>0</td>

</tr>

<tr bgcolor="#D4E4F3">

<td>Depth</td>

<td>-9</td>

</tr>

</table>

</td>

</tr>

</table>

</body>

</html>]]></description>
			<styleUrl>#LineStyle079</styleUrl>
			<MultiGeometry>
				<LineString>
					<tessellate>1</tessellate>
					<coordinates>
						101.539427277,1.699310463,0 101.539337407,1.699321931,0 101.539301458,1.699332141,0 101.53926551,1.699346894,0 101.539211587,1.699380234,0 101.5391031,1.699466375,0 101.539067794,1.699484462,0 101.539031846,1.699495949,0 101.538977923,1.699507401,0 101.538780207,1.699536241,0 101.538690337,1.699556181,0 101.53861844,1.699580444,0 101.538492621,1.699638548,0 101.538438698,1.699655711,0 101.538384776,1.699663164,0 101.538258957,1.699667376,0 101.53818706,1.699676273,0 101.538115163,1.699691637,0 101.538025292,1.699720516,0 101.537917447,1.699765903,0 101.537827576,1.699810032,0 101.537791628,1.699852754,0 101.537773654,1.699850836,0 101.537719731,1.699887706,0 101.537625322,1.699936643,0 101.537625322,1.69995473,0 
					</coordinates>
				</LineString>
			</MultiGeometry>
		</Placemark>
		<Placemark id="ID_00238">
			<name>-33</name>
			<Snippet maxLines="0"></Snippet>
			<description><![CDATA[<html xmlns:fo="http://www.w3.org/1999/XSL/Format" xmlns:msxsl="urn:schemas-microsoft-com:xslt">

<head>

<META http-equiv="Content-Type" content="text/html">

<meta http-equiv="content-type" content="text/html; charset=UTF-8">

</head>

<body style="margin:0px 0px 0px 0px;overflow:auto;background:#FFFFFF;">

<table style="font-family:Arial,Verdana,Times;font-size:12px;text-align:left;width:100%;border-collapse:collapse;padding:3px 3px 3px 3px">

<tr style="text-align:center;font-weight:bold;background:#9CBCE2">

<td>Nautical</td>

</tr>

<tr>

<td>

<table style="font-family:Arial,Verdana,Times;font-size:12px;text-align:left;width:100%;border-spacing:0px; padding:3px 3px 3px 3px">

<tr>

<td>FID</td>

<td>238</td>

</tr>

<tr bgcolor="#D4E4F3">

<td>MAJ_CAT</td>

<td>Nautical</td>

</tr>

<tr>

<td>L_LIMIT</td>

<td>0</td>

</tr>

<tr bgcolor="#D4E4F3">

<td>U_LIMIT</td>

<td>0</td>

</tr>

<tr>

<td>ZORDER</td>

<td>9</td>

</tr>

<tr bgcolor="#D4E4F3">

<td>LAYER</td>

<td>0</td>

</tr>

<tr>

<td>MODE</td>

<td>2T</td>

</tr>

<tr bgcolor="#D4E4F3">

<td>COLOR</td>

<td>0</td>

</tr>

<tr>

<td>WIDTH</td>

<td>0</td>

</tr>

<tr bgcolor="#D4E4F3">

<td>MIN_CAT</td>

<td>1Depth Contours</td>

</tr>

<tr>

<td>RTP_LIMIT</td>

<td>0</td>

</tr>

<tr bgcolor="#D4E4F3">

<td>RTP_COLOR</td>

<td>19</td>

</tr>

<tr>

<td>FONT</td>

<td>020</td>

</tr>

<tr bgcolor="#D4E4F3">

<td>VALUE</td>

<td>33</td>

</tr>

<tr>

<td>TYPE</td>

<td>0</td>

</tr>

<tr bgcolor="#D4E4F3">

<td>Depth</td>

<td>-33</td>

</tr>

</table>

</td>

</tr>

</table>

</body>

</html>]]></description>
			<styleUrl>#LineStyle043</styleUrl>
			<MultiGeometry>
				<LineString>
					<tessellate>1</tessellate>
					<coordinates>
						101.525730962,1.678630378,0 101.525659065,1.678630445,0 101.52555122,1.678661854,0 101.525443375,1.678671365,0 101.525407427,1.678668288,0 101.525299582,1.678641131,0 101.525245659,1.678642627,0 101.525227685,1.678648832,0 101.525209711,1.678663714,0 101.525197386,1.678684145,0 101.525181833,1.678756494,0 101.525191737,1.678785712,0 101.525209711,1.678812179,0 101.525227685,1.678831162,0 101.525277613,1.678865018,0 101.52533553,1.678887541,0 101.525425401,1.678913689,0 101.525533246,1.678960074,0 101.525677039,1.679043629,0 101.52576691,1.679084185,0 101.525820833,1.679084185,0 
					</coordinates>
				</LineString>
			</MultiGeometry>
		</Placemark>
		<Placemark id="ID_00239">
			<name>-28</name>
			<Snippet maxLines="0"></Snippet>
			<description><![CDATA[<html xmlns:fo="http://www.w3.org/1999/XSL/Format" xmlns:msxsl="urn:schemas-microsoft-com:xslt">

<head>

<META http-equiv="Content-Type" content="text/html">

<meta http-equiv="content-type" content="text/html; charset=UTF-8">

</head>

<body style="margin:0px 0px 0px 0px;overflow:auto;background:#FFFFFF;">

<table style="font-family:Arial,Verdana,Times;font-size:12px;text-align:left;width:100%;border-collapse:collapse;padding:3px 3px 3px 3px">

<tr style="text-align:center;font-weight:bold;background:#9CBCE2">

<td>Nautical</td>

</tr>

<tr>

<td>

<table style="font-family:Arial,Verdana,Times;font-size:12px;text-align:left;width:100%;border-spacing:0px; padding:3px 3px 3px 3px">

<tr>

<td>FID</td>

<td>239</td>

</tr>

<tr bgcolor="#D4E4F3">

<td>MAJ_CAT</td>

<td>Nautical</td>

</tr>

<tr>

<td>L_LIMIT</td>

<td>0</td>

</tr>

<tr bgcolor="#D4E4F3">

<td>U_LIMIT</td>

<td>0</td>

</tr>

<tr>

<td>ZORDER</td>

<td>9</td>

</tr>

<tr bgcolor="#D4E4F3">

<td>LAYER</td>

<td>0</td>

</tr>

<tr>

<td>MODE</td>

<td>2T</td>

</tr>

<tr bgcolor="#D4E4F3">

<td>COLOR</td>

<td>0</td>

</tr>

<tr>

<td>WIDTH</td>

<td>0</td>

</tr>

<tr bgcolor="#D4E4F3">

<td>MIN_CAT</td>

<td>1Depth Contours</td>

</tr>

<tr>

<td>RTP_LIMIT</td>

<td>0</td>

</tr>

<tr bgcolor="#D4E4F3">

<td>RTP_COLOR</td>

<td>19</td>

</tr>

<tr>

<td>FONT</td>

<td>020</td>

</tr>

<tr bgcolor="#D4E4F3">

<td>VALUE</td>

<td>28</td>

</tr>

<tr>

<td>TYPE</td>

<td>0</td>

</tr>

<tr bgcolor="#D4E4F3">

<td>Depth</td>

<td>-28</td>

</tr>

</table>

</td>

</tr>

</table>

</body>

</html>]]></description>
			<styleUrl>#LineStyle043</styleUrl>
			<MultiGeometry>
				<LineString>
					<tessellate>1</tessellate>
					<coordinates>
						101.521147549,1.679838713,0 101.521165523,1.679838713,0 101.521201472,1.679794702,0 101.521273368,1.679735843,0 101.521392324,1.679552333,0 101.521489508,1.679443809,0 101.521529714,1.679407635,0 101.521740697,1.679267697,0 101.521867777,1.679172501,0 101.522031068,1.678991628,0 101.52208976,1.678901192,0 101.52215303,1.678684145,0 101.522217176,1.678575622,0 101.522261948,1.678376663,0 101.522281229,1.678340488,0 101.52231587,1.678306725,0 101.522354813,1.678286226,0 101.522405741,1.678274693,0 101.522567508,1.678276998,0 101.522639405,1.678274297,0 101.52274725,1.678259472,0 101.522855095,1.678237878,0 101.522944966,1.678230378,0 101.522998888,1.67823065,0 101.523052811,1.678237352,0 101.523142682,1.678251443,0 101.523232553,1.678271585,0 101.523340398,1.678285162,0 101.523430268,1.678288409,0 101.523502165,1.678281321,0 101.523592036,1.678263847,0 101.5238257,1.678203095,0 101.523987468,1.678153415,0 101.524131261,1.678124263,0 101.524293028,1.67805373,0 101.524436822,1.678008458,0 101.52447277,1.677990484,0 101.524526693,1.677951029,0 101.524598589,1.677872193,0 101.524854778,1.677436126,0 101.524917061,1.677309516,0 101.525019563,1.677182905,0 101.525083892,1.677132663,0 101.525191737,1.677082034,0 101.525245659,1.677040726,0 101.525353504,1.676993635,0 101.525389453,1.676971202,0 101.525461349,1.676971202,0 
					</coordinates>
				</LineString>
			</MultiGeometry>
		</Placemark>
		<Placemark id="ID_00240">
			<name>-28</name>
			<Snippet maxLines="0"></Snippet>
			<description><![CDATA[<html xmlns:fo="http://www.w3.org/1999/XSL/Format" xmlns:msxsl="urn:schemas-microsoft-com:xslt">

<head>

<META http-equiv="Content-Type" content="text/html">

<meta http-equiv="content-type" content="text/html; charset=UTF-8">

</head>

<body style="margin:0px 0px 0px 0px;overflow:auto;background:#FFFFFF;">

<table style="font-family:Arial,Verdana,Times;font-size:12px;text-align:left;width:100%;border-collapse:collapse;padding:3px 3px 3px 3px">

<tr style="text-align:center;font-weight:bold;background:#9CBCE2">

<td>Nautical</td>

</tr>

<tr>

<td>

<table style="font-family:Arial,Verdana,Times;font-size:12px;text-align:left;width:100%;border-spacing:0px; padding:3px 3px 3px 3px">

<tr>

<td>FID</td>

<td>240</td>

</tr>

<tr bgcolor="#D4E4F3">

<td>MAJ_CAT</td>

<td>Nautical</td>

</tr>

<tr>

<td>L_LIMIT</td>

<td>0</td>

</tr>

<tr bgcolor="#D4E4F3">

<td>U_LIMIT</td>

<td>0</td>

</tr>

<tr>

<td>ZORDER</td>

<td>9</td>

</tr>

<tr bgcolor="#D4E4F3">

<td>LAYER</td>

<td>0</td>

</tr>

<tr>

<td>MODE</td>

<td>2T</td>

</tr>

<tr bgcolor="#D4E4F3">

<td>COLOR</td>

<td>0</td>

</tr>

<tr>

<td>WIDTH</td>

<td>0</td>

</tr>

<tr bgcolor="#D4E4F3">

<td>MIN_CAT</td>

<td>1Depth Contours</td>

</tr>

<tr>

<td>RTP_LIMIT</td>

<td>0</td>

</tr>

<tr bgcolor="#D4E4F3">

<td>RTP_COLOR</td>

<td>19</td>

</tr>

<tr>

<td>FONT</td>

<td>020</td>

</tr>

<tr bgcolor="#D4E4F3">

<td>VALUE</td>

<td>28</td>

</tr>

<tr>

<td>TYPE</td>

<td>0</td>

</tr>

<tr bgcolor="#D4E4F3">

<td>Depth</td>

<td>-28</td>

</tr>

</table>

</td>

</tr>

</table>

</body>

</html>]]></description>
			<styleUrl>#LineStyle043</styleUrl>
			<MultiGeometry>
				<LineString>
					<tessellate>1</tessellate>
					<coordinates>
						101.524077338,1.681849411,0 101.524095313,1.681871028,0 101.524239106,1.681957935,0 101.524346951,1.682003153,0 101.524418848,1.68201789,0 101.524580615,1.682005969,0 101.524670486,1.682007598,0 101.524720323,1.681994109,0 101.524748374,1.681976022,0 101.524778331,1.681939847,0 101.524796305,1.681900056,0 101.524807301,1.681849411,0 101.524805078,1.681831324,0 101.524777113,1.681777062,0 101.524742383,1.681747168,0 101.524706434,1.68172944,0 101.524589002,1.681686626,0 101.524346951,1.681634399,0 101.524293028,1.681628747,0 101.524239106,1.68163469,0 101.524195855,1.681650452,0 101.52416568,1.681668539,0 101.52410767,1.681722801,0 101.52407125,1.681777062,0 101.524066426,1.681813237,0 101.524077338,1.681849411,0 
					</coordinates>
				</LineString>
			</MultiGeometry>
		</Placemark>
		<Placemark id="ID_00241">
			<name>-28</name>
			<Snippet maxLines="0"></Snippet>
			<description><![CDATA[<html xmlns:fo="http://www.w3.org/1999/XSL/Format" xmlns:msxsl="urn:schemas-microsoft-com:xslt">

<head>

<META http-equiv="Content-Type" content="text/html">

<meta http-equiv="content-type" content="text/html; charset=UTF-8">

</head>

<body style="margin:0px 0px 0px 0px;overflow:auto;background:#FFFFFF;">

<table style="font-family:Arial,Verdana,Times;font-size:12px;text-align:left;width:100%;border-collapse:collapse;padding:3px 3px 3px 3px">

<tr style="text-align:center;font-weight:bold;background:#9CBCE2">

<td>Nautical</td>

</tr>

<tr>

<td>

<table style="font-family:Arial,Verdana,Times;font-size:12px;text-align:left;width:100%;border-spacing:0px; padding:3px 3px 3px 3px">

<tr>

<td>FID</td>

<td>241</td>

</tr>

<tr bgcolor="#D4E4F3">

<td>MAJ_CAT</td>

<td>Nautical</td>

</tr>

<tr>

<td>L_LIMIT</td>

<td>0</td>

</tr>

<tr bgcolor="#D4E4F3">

<td>U_LIMIT</td>

<td>0</td>

</tr>

<tr>

<td>ZORDER</td>

<td>9</td>

</tr>

<tr bgcolor="#D4E4F3">

<td>LAYER</td>

<td>0</td>

</tr>

<tr>

<td>MODE</td>

<td>2T</td>

</tr>

<tr bgcolor="#D4E4F3">

<td>COLOR</td>

<td>0</td>

</tr>

<tr>

<td>WIDTH</td>

<td>0</td>

</tr>

<tr bgcolor="#D4E4F3">

<td>MIN_CAT</td>

<td>1Depth Contours</td>

</tr>

<tr>

<td>RTP_LIMIT</td>

<td>0</td>

</tr>

<tr bgcolor="#D4E4F3">

<td>RTP_COLOR</td>

<td>19</td>

</tr>

<tr>

<td>FONT</td>

<td>020</td>

</tr>

<tr bgcolor="#D4E4F3">

<td>VALUE</td>

<td>28</td>

</tr>

<tr>

<td>TYPE</td>

<td>0</td>

</tr>

<tr bgcolor="#D4E4F3">

<td>Depth</td>

<td>-28</td>

</tr>

</table>

</td>

</tr>

</table>

</body>

</html>]]></description>
			<styleUrl>#LineStyle043</styleUrl>
			<MultiGeometry>
				<LineString>
					<tessellate>1</tessellate>
					<coordinates>
						101.522205455,1.68349535,0 101.52223274,1.683513437,0 101.522261948,1.683523773,0 101.522279922,1.683524742,0 101.52231587,1.683517958,0 101.522351818,1.683497611,0 101.522391511,1.683459175,0 101.522396754,1.683441088,0 101.522387767,1.683420991,0 101.522351818,1.683415602,0 101.522333844,1.683416972,0 101.522279922,1.683430399,0 101.52225938,1.683441088,0 101.522205455,1.68349535,0 
					</coordinates>
				</LineString>
			</MultiGeometry>
		</Placemark>
		<Placemark id="ID_00242">
			<name>-28</name>
			<Snippet maxLines="0"></Snippet>
			<description><![CDATA[<html xmlns:fo="http://www.w3.org/1999/XSL/Format" xmlns:msxsl="urn:schemas-microsoft-com:xslt">

<head>

<META http-equiv="Content-Type" content="text/html">

<meta http-equiv="content-type" content="text/html; charset=UTF-8">

</head>

<body style="margin:0px 0px 0px 0px;overflow:auto;background:#FFFFFF;">

<table style="font-family:Arial,Verdana,Times;font-size:12px;text-align:left;width:100%;border-collapse:collapse;padding:3px 3px 3px 3px">

<tr style="text-align:center;font-weight:bold;background:#9CBCE2">

<td>Nautical</td>

</tr>

<tr>

<td>

<table style="font-family:Arial,Verdana,Times;font-size:12px;text-align:left;width:100%;border-spacing:0px; padding:3px 3px 3px 3px">

<tr>

<td>FID</td>

<td>242</td>

</tr>

<tr bgcolor="#D4E4F3">

<td>MAJ_CAT</td>

<td>Nautical</td>

</tr>

<tr>

<td>L_LIMIT</td>

<td>0</td>

</tr>

<tr bgcolor="#D4E4F3">

<td>U_LIMIT</td>

<td>0</td>

</tr>

<tr>

<td>ZORDER</td>

<td>9</td>

</tr>

<tr bgcolor="#D4E4F3">

<td>LAYER</td>

<td>0</td>

</tr>

<tr>

<td>MODE</td>

<td>2T</td>

</tr>

<tr bgcolor="#D4E4F3">

<td>COLOR</td>

<td>0</td>

</tr>

<tr>

<td>WIDTH</td>

<td>0</td>

</tr>

<tr bgcolor="#D4E4F3">

<td>MIN_CAT</td>

<td>1Depth Contours</td>

</tr>

<tr>

<td>RTP_LIMIT</td>

<td>0</td>

</tr>

<tr bgcolor="#D4E4F3">

<td>RTP_COLOR</td>

<td>19</td>

</tr>

<tr>

<td>FONT</td>

<td>020</td>

</tr>

<tr bgcolor="#D4E4F3">

<td>VALUE</td>

<td>28</td>

</tr>

<tr>

<td>TYPE</td>

<td>0</td>

</tr>

<tr bgcolor="#D4E4F3">

<td>Depth</td>

<td>-28</td>

</tr>

</table>

</td>

</tr>

</table>

</body>

</html>]]></description>
			<styleUrl>#LineStyle043</styleUrl>
			<MultiGeometry>
				<LineString>
					<tessellate>1</tessellate>
					<coordinates>
						101.521686774,1.684350617,0 101.521704748,1.684350617,0 101.521722722,1.684358869,0 101.521740697,1.684356302,0 101.521791474,1.684255013,0 101.521906848,1.684164577,0 101.521956387,1.684146966,0 101.52210018,1.684128403,0 101.522175344,1.684110315,0 101.522217012,1.684092228,0 101.52224959,1.684037967,0 101.522260889,1.683929443,0 101.522245098,1.683911356,0 101.522184434,1.683875181,0 101.522136128,1.683833732,0 101.522052677,1.683784745,0 101.522035474,1.683748571,0 101.521984346,1.683712396,0 101.521969867,1.683694309,0 101.521951893,1.683640047,0 101.521963739,1.683603873,0 101.521992335,1.683563444,0 101.522046258,1.683521657,0 101.522082206,1.683513437,0 101.522094184,1.68349535,0 101.52210018,1.683459175,0 101.522118154,1.683439277,0 101.522142307,1.683386826,0 101.522144239,1.683242128,0 101.522135977,1.683169779,0 101.522151053,1.683079343,0 101.522155212,1.682898471,0 101.522168011,1.682844209,0 101.522192297,1.682789947,0 101.522192816,1.682699511,0 101.522171338,1.68264525,0 101.522168082,1.682609075,0 101.522171556,1.682590988,0 101.522190051,1.682575795,0 101.522208025,1.682572901,0 101.522225999,1.682579478,0 101.522243973,1.682600031,0 101.52224926,1.682627162,0 101.522240874,1.682681424,0 101.522250763,1.682789947,0 101.522274259,1.682844209,0 101.522308828,1.683025081,0 101.52232261,1.683061256,0 101.522387767,1.683158583,0 101.522423715,1.68319045,0 101.522459663,1.683205092,0 101.522639405,1.683226967,0 101.522693328,1.683241858,0 101.522724518,1.683260215,0 101.522801173,1.683332564,0 101.522921162,1.68349535,0 101.52296294,1.683567698,0 101.522998888,1.683585786,0 101.523016863,1.683585786,0 101.523047676,1.683567698,0 101.523058802,1.683549611,0 101.523085389,1.683459175,0 101.523086308,1.683386826,0 101.52310206,1.683332564,0 101.523146676,1.683242128,0 101.523182887,1.683205954,0 101.523236032,1.683169779,0 101.523269046,1.683133605,0 101.523385623,1.682898471,0 101.52346093,1.682789947,0 101.523457829,1.68277186,0 101.523432931,1.682735686,0 101.52342985,1.682681424,0 101.523394711,1.682590988,0 101.523385164,1.682536726,0 101.523278746,1.682355854,0 101.52324154,1.682265418,0 101.523245933,1.682211156,0 101.523260412,1.682156894,0 101.523286475,1.682110015,0 101.523314589,1.682084545,0 101.523340398,1.682072576,0 101.523376346,1.68206844,0 101.523430268,1.682083822,0 101.523484191,1.682128786,0 101.52351768,1.682174982,0 101.523538113,1.682229243,0 101.523542481,1.682265418,0 101.523539825,1.682337767,0 101.523505816,1.682518639,0 101.523508314,1.682663337,0 101.523517743,1.682717599,0 101.523505338,1.68277186,0 101.523517144,1.682789947,0 101.523561223,1.682826122,0 101.523657754,1.682880384,0 101.523744506,1.682952733,0 101.523766451,1.682988907,0 101.523789752,1.683076326,0 101.523807726,1.68308688,0 101.5238257,1.683087095,0 101.523861648,1.683075088,0 101.523951519,1.683001429,0 101.524023416,1.682966298,0 101.524060998,1.682934645,0 101.524095313,1.682881514,0 101.524164608,1.682735686,0 101.524233653,1.682609075,0 101.524263633,1.682500552,0 101.524292212,1.682428203,0 101.524328977,1.682377458,0 101.524364925,1.682346302,0 101.524436822,1.682314645,0 101.52447277,1.682307444,0 101.524508718,1.68230638,0 101.524580615,1.682322909,0 101.524724408,1.68238847,0 101.524760357,1.682398512,0 101.524796305,1.682401434,0 101.524832253,1.68239535,0 101.524922124,1.682357498,0 101.524961791,1.682319679,0 101.524994399,1.68224733,0 101.525020104,1.682138807,0 101.525031634,1.682048371,0 101.525037306,1.681831324,0 101.525082893,1.681614277,0 101.525082174,1.681578103,0 101.525065918,1.681554311,0 101.525029969,1.681535792,0 101.524976047,1.681524841,0 101.524832253,1.68151289,0 101.524796305,1.681498175,0 101.524768602,1.681469579,0 101.524753527,1.681433405,0 101.524755785,1.681379143,0 101.52477687,1.681288707,0 101.524775966,1.681198271,0 101.524767547,1.681162096,0 101.524711695,1.681089748,0 101.52468846,1.681044053,0 101.524670486,1.681034039,0 101.524598589,1.681027637,0 101.524580615,1.681018578,0 101.524550458,1.680981224,0 101.524517706,1.680908875,0 101.524466726,1.680709916,0 101.524436822,1.680628523,0 101.524418848,1.680612948,0 101.524400873,1.680605699,0 101.52425708,1.680599286,0 101.524167209,1.680580815,0 101.524131261,1.680562653,0 101.52409343,1.680510956,0 101.524087058,1.680456694,0 101.524098702,1.680402433,0 101.524138396,1.680330084,0 101.524167209,1.680304731,0 101.524185183,1.680297354,0 101.524221132,1.680297731,0 101.52425708,1.680313692,0 101.524279738,1.680330084,0 101.524329273,1.680384345,0 101.524408459,1.680510956,0 101.524418848,1.680537656,0 101.524454796,1.680587325,0 101.524562641,1.680630837,0 101.524616563,1.680663935,0 101.524710812,1.680764177,0 101.524760357,1.680849963,0 101.524796305,1.680894899,0 101.524918929,1.680981224,0 101.525227685,1.681251489,0 101.525263633,1.681276125,0 101.52533553,1.68131122,0 101.525371478,1.681321006,0 101.525443375,1.681329492,0 101.525476056,1.681342969,0 101.525470336,1.681361056,0 101.525414003,1.681433405,0 101.525394258,1.681469579,0 101.525386307,1.681505754,0 101.525388677,1.681541928,0 101.525486771,1.681849411,0 101.525528816,1.68192176,0 101.525569194,1.68196056,0 101.525587168,1.681969146,0 101.525623117,1.681973781,0 101.525659065,1.681960949,0 101.52568015,1.681939847,0 101.525697541,1.681903673,0 101.525745896,1.681722801,0 101.525766074,1.681686626,0 101.525825968,1.681614277,0 101.525849004,1.681560016,0 101.525838807,1.681522937,0 101.525820833,1.681508661,0 101.52576691,1.681486327,0 101.525695013,1.681443796,0 101.52566183,1.681415318,0 101.525623117,1.681359152,0 101.525587168,1.681335533,0 101.52555197,1.681324882,0 101.5255353,1.681306794,0 101.525576841,1.681180184,0 101.525598268,1.681089748,0 101.525582767,1.680872701,0 101.52559989,1.680818439,0 101.52562169,1.680782265,0 101.525659065,1.680751947,0 101.525695013,1.68075141,0 101.525730962,1.680772033,0 101.525748936,1.680789424,0 101.525834347,1.680908875,0 101.525856781,1.680949838,0 101.525904628,1.681089748,0 101.525907183,1.681180184,0 101.525927768,1.681252533,0 101.525932462,1.681306794,0 101.525967303,1.681433405,0 101.525984163,1.681469579,0 101.526054497,1.681511358,0 101.526108419,1.681562025,0 101.526144368,1.681585338,0 101.526180316,1.681582991,0 101.526216264,1.681567436,0 101.526313323,1.681541928,0 101.526396006,1.681540205,0 
					</coordinates>
				</LineString>
			</MultiGeometry>
		</Placemark>
		<Placemark id="ID_00243">
			<name>-23</name>
			<Snippet maxLines="0"></Snippet>
			<description><![CDATA[<html xmlns:fo="http://www.w3.org/1999/XSL/Format" xmlns:msxsl="urn:schemas-microsoft-com:xslt">

<head>

<META http-equiv="Content-Type" content="text/html">

<meta http-equiv="content-type" content="text/html; charset=UTF-8">

</head>

<body style="margin:0px 0px 0px 0px;overflow:auto;background:#FFFFFF;">

<table style="font-family:Arial,Verdana,Times;font-size:12px;text-align:left;width:100%;border-collapse:collapse;padding:3px 3px 3px 3px">

<tr style="text-align:center;font-weight:bold;background:#9CBCE2">

<td>Nautical</td>

</tr>

<tr>

<td>

<table style="font-family:Arial,Verdana,Times;font-size:12px;text-align:left;width:100%;border-spacing:0px; padding:3px 3px 3px 3px">

<tr>

<td>FID</td>

<td>243</td>

</tr>

<tr bgcolor="#D4E4F3">

<td>MAJ_CAT</td>

<td>Nautical</td>

</tr>

<tr>

<td>L_LIMIT</td>

<td>0</td>

</tr>

<tr bgcolor="#D4E4F3">

<td>U_LIMIT</td>

<td>0</td>

</tr>

<tr>

<td>ZORDER</td>

<td>9</td>

</tr>

<tr bgcolor="#D4E4F3">

<td>LAYER</td>

<td>0</td>

</tr>

<tr>

<td>MODE</td>

<td>2T</td>

</tr>

<tr bgcolor="#D4E4F3">

<td>COLOR</td>

<td>0</td>

</tr>

<tr>

<td>WIDTH</td>

<td>0</td>

</tr>

<tr bgcolor="#D4E4F3">

<td>MIN_CAT</td>

<td>1Depth Contours</td>

</tr>

<tr>

<td>RTP_LIMIT</td>

<td>0</td>

</tr>

<tr bgcolor="#D4E4F3">

<td>RTP_COLOR</td>

<td>19</td>

</tr>

<tr>

<td>FONT</td>

<td>020</td>

</tr>

<tr bgcolor="#D4E4F3">

<td>VALUE</td>

<td>23</td>

</tr>

<tr>

<td>TYPE</td>

<td>0</td>

</tr>

<tr bgcolor="#D4E4F3">

<td>Depth</td>

<td>-23</td>

</tr>

</table>

</td>

</tr>

</table>

</body>

</html>]]></description>
			<styleUrl>#LineStyle026</styleUrl>
			<MultiGeometry>
				<LineString>
					<tessellate>1</tessellate>
					<coordinates>
						101.523142682,1.677037698,0 101.523196042,1.677128643,0 101.523275621,1.677291428,0 101.52330381,1.677327603,0 101.523340398,1.677350873,0 101.523412294,1.677360493,0 101.523556088,1.677343514,0 101.52361001,1.67734679,0 101.523663933,1.677366686,0 101.523753803,1.677428997,0 101.523807726,1.677440262,0 101.523843674,1.677435888,0 101.523879623,1.677421802,0 101.52392712,1.677381865,0 101.523943163,1.67734569,0 101.523956825,1.67721908,0 101.523925619,1.67702012,0 101.523908749,1.676965858,0 101.523882478,1.676929684,0 101.523860639,1.676911597,0 101.5238257,1.676889892,0 101.523735829,1.676849982,0 101.523700671,1.67682116,0 101.523678863,1.676766899,0 101.523674383,1.676640288,0 101.523661504,1.676604114,0 101.523632157,1.676567939,0 101.523579532,1.676531765,0 101.523495489,1.67649559,0 101.523430268,1.676459778,0 101.52339432,1.676449139,0 101.523340398,1.676442424,0 101.523304449,1.676446048,0 101.523286475,1.676454096,0 101.523268501,1.676469464,0 101.523186955,1.676586026,0 101.523170942,1.676676463,0 101.523165636,1.676803073,0 101.523129494,1.676965858,0 101.523130437,1.677002033,0 101.523142682,1.677037698,0 
					</coordinates>
				</LineString>
			</MultiGeometry>
		</Placemark>
		<Placemark id="ID_00244">
			<name>-23</name>
			<Snippet maxLines="0"></Snippet>
			<description><![CDATA[<html xmlns:fo="http://www.w3.org/1999/XSL/Format" xmlns:msxsl="urn:schemas-microsoft-com:xslt">

<head>

<META http-equiv="Content-Type" content="text/html">

<meta http-equiv="content-type" content="text/html; charset=UTF-8">

</head>

<body style="margin:0px 0px 0px 0px;overflow:auto;background:#FFFFFF;">

<table style="font-family:Arial,Verdana,Times;font-size:12px;text-align:left;width:100%;border-collapse:collapse;padding:3px 3px 3px 3px">

<tr style="text-align:center;font-weight:bold;background:#9CBCE2">

<td>Nautical</td>

</tr>

<tr>

<td>

<table style="font-family:Arial,Verdana,Times;font-size:12px;text-align:left;width:100%;border-spacing:0px; padding:3px 3px 3px 3px">

<tr>

<td>FID</td>

<td>244</td>

</tr>

<tr bgcolor="#D4E4F3">

<td>MAJ_CAT</td>

<td>Nautical</td>

</tr>

<tr>

<td>L_LIMIT</td>

<td>0</td>

</tr>

<tr bgcolor="#D4E4F3">

<td>U_LIMIT</td>

<td>0</td>

</tr>

<tr>

<td>ZORDER</td>

<td>9</td>

</tr>

<tr bgcolor="#D4E4F3">

<td>LAYER</td>

<td>0</td>

</tr>

<tr>

<td>MODE</td>

<td>2T</td>

</tr>

<tr bgcolor="#D4E4F3">

<td>COLOR</td>

<td>0</td>

</tr>

<tr>

<td>WIDTH</td>

<td>0</td>

</tr>

<tr bgcolor="#D4E4F3">

<td>MIN_CAT</td>

<td>1Depth Contours</td>

</tr>

<tr>

<td>RTP_LIMIT</td>

<td>0</td>

</tr>

<tr bgcolor="#D4E4F3">

<td>RTP_COLOR</td>

<td>19</td>

</tr>

<tr>

<td>FONT</td>

<td>020</td>

</tr>

<tr bgcolor="#D4E4F3">

<td>VALUE</td>

<td>23</td>

</tr>

<tr>

<td>TYPE</td>

<td>0</td>

</tr>

<tr bgcolor="#D4E4F3">

<td>Depth</td>

<td>-23</td>

</tr>

</table>

</td>

</tr>

</table>

</body>

</html>]]></description>
			<styleUrl>#LineStyle026</styleUrl>
			<MultiGeometry>
				<LineString>
					<tessellate>1</tessellate>
					<coordinates>
						101.520913885,1.678082917,0 101.520967807,1.678080329,0 101.521075652,1.678064291,0 101.521093627,1.678057742,0 101.521129575,1.678028232,0 101.52121625,1.677978743,0 101.521255394,1.677945321,0 101.521278761,1.677906394,0 101.521289164,1.67787022,0 101.521304006,1.677725522,0 101.521391698,1.677580824,0 101.521435136,1.677531912,0 101.521499586,1.677472301,0 101.521522198,1.677436126,0 101.521522118,1.677418039,0 101.521509452,1.677399952,0 101.521471084,1.677374517,0 101.521435136,1.677363282,0 101.521381213,1.677359471,0 101.521345265,1.677352597,0 101.521309317,1.677335405,0 101.521291342,1.677321061,0 101.521255394,1.677275495,0 101.521201757,1.677182905,0 101.521189096,1.677146731,0 101.5211873,1.677110556,0 101.521198161,1.677056294,0 101.521210769,1.677038207,0 101.52123742,1.677022223,0 101.521273368,1.677015079,0 101.521345265,1.677011693,0 101.521417162,1.676998108,0 101.521471084,1.67698003,0 101.521519015,1.676947771,0 101.521529236,1.676929684,0 101.521532768,1.676893509,0 101.521498807,1.676748811,0 101.521514355,1.676712637,0 101.521531747,1.67669455,0 101.521740697,1.676542774,0 101.521848542,1.676455648,0 101.521992335,1.676349445,0 101.522082206,1.676294701,0 101.522136128,1.676270155,0 101.522190051,1.676252049,0 101.52231587,1.676222214,0 101.522405741,1.676207056,0 101.522495612,1.67620036,0 101.522549534,1.676202855,0 101.522621431,1.676211594,0 101.522693328,1.676227064,0 101.522944966,1.676308141,0 101.52296294,1.676308689,0 101.522974923,1.676296631,0 101.52298673,1.676188107,0 101.522972184,1.676025322,0 101.522934855,1.675934886,0 101.522855095,1.675838661,0 101.522823877,1.675790188,0 101.522816945,1.675754014,0 101.522826413,1.675735926,0 101.522837121,1.675728989,0 101.522856636,1.675717839,0 101.522909018,1.675704741,0 101.522998888,1.675699752,0 101.523160656,1.675699752,0 101.523214578,1.675695353,0 101.523396569,1.67564549,0 101.523512434,1.675627403,0 101.523663933,1.675587209,0 101.523753803,1.675567866,0 101.523843674,1.675560766,0 101.523915571,1.675568318,0 101.523974736,1.675591228,0 101.523993666,1.675609316,0 101.523995855,1.675627403,0 101.523984011,1.67564549,0 101.523951519,1.675667023,0 101.523814261,1.675717839,0 101.523816023,1.675735926,0 101.523829295,1.675754014,0 101.523845788,1.675772101,0 101.52387463,1.675790188,0 101.524005442,1.675843302,0 101.524095313,1.675889012,0 101.524221132,1.675981298,0 101.52425708,1.675994365,0 101.524293028,1.675995531,0 101.524328977,1.675983375,0 101.524364925,1.675955385,0 101.524425805,1.675862537,0 101.52447277,1.675813818,0 101.524524363,1.675772101,0 101.524661499,1.675681665,0 101.524739545,1.675591228,0 101.524778331,1.675560688,0 101.524832253,1.67553365,0 101.524868202,1.675523624,0 101.525047943,1.675505921,0 101.525101866,1.675488819,0 101.525131041,1.675464618,0 101.525155788,1.675421487,0 101.525195137,1.675392269,0 101.525209711,1.675370894,0 101.525228541,1.67531992,0 101.525245659,1.675305054,0 101.525299582,1.675305054,0 
					</coordinates>
				</LineString>
			</MultiGeometry>
		</Placemark>
		<Placemark id="ID_00245">
			<name>-23</name>
			<Snippet maxLines="0"></Snippet>
			<description><![CDATA[<html xmlns:fo="http://www.w3.org/1999/XSL/Format" xmlns:msxsl="urn:schemas-microsoft-com:xslt">

<head>

<META http-equiv="Content-Type" content="text/html">

<meta http-equiv="content-type" content="text/html; charset=UTF-8">

</head>

<body style="margin:0px 0px 0px 0px;overflow:auto;background:#FFFFFF;">

<table style="font-family:Arial,Verdana,Times;font-size:12px;text-align:left;width:100%;border-collapse:collapse;padding:3px 3px 3px 3px">

<tr style="text-align:center;font-weight:bold;background:#9CBCE2">

<td>Nautical</td>

</tr>

<tr>

<td>

<table style="font-family:Arial,Verdana,Times;font-size:12px;text-align:left;width:100%;border-spacing:0px; padding:3px 3px 3px 3px">

<tr>

<td>FID</td>

<td>245</td>

</tr>

<tr bgcolor="#D4E4F3">

<td>MAJ_CAT</td>

<td>Nautical</td>

</tr>

<tr>

<td>L_LIMIT</td>

<td>0</td>

</tr>

<tr bgcolor="#D4E4F3">

<td>U_LIMIT</td>

<td>0</td>

</tr>

<tr>

<td>ZORDER</td>

<td>9</td>

</tr>

<tr bgcolor="#D4E4F3">

<td>LAYER</td>

<td>0</td>

</tr>

<tr>

<td>MODE</td>

<td>2T</td>

</tr>

<tr bgcolor="#D4E4F3">

<td>COLOR</td>

<td>0</td>

</tr>

<tr>

<td>WIDTH</td>

<td>0</td>

</tr>

<tr bgcolor="#D4E4F3">

<td>MIN_CAT</td>

<td>1Depth Contours</td>

</tr>

<tr>

<td>RTP_LIMIT</td>

<td>0</td>

</tr>

<tr bgcolor="#D4E4F3">

<td>RTP_COLOR</td>

<td>19</td>

</tr>

<tr>

<td>FONT</td>

<td>020</td>

</tr>

<tr bgcolor="#D4E4F3">

<td>VALUE</td>

<td>23</td>

</tr>

<tr>

<td>TYPE</td>

<td>0</td>

</tr>

<tr bgcolor="#D4E4F3">

<td>Depth</td>

<td>-23</td>

</tr>

</table>

</td>

</tr>

</table>

</body>

</html>]]></description>
			<styleUrl>#LineStyle026</styleUrl>
			<MultiGeometry>
				<LineString>
					<tessellate>1</tessellate>
					<coordinates>
						101.521902464,1.685901575,0 101.521920438,1.685901575,0 101.521974361,1.685870417,0 101.522028283,1.68584872,0 101.522082206,1.685810515,0 101.522154103,1.685776403,0 101.522243973,1.685745306,0 101.522513586,1.685664623,0 101.522621431,1.685622236,0 101.522922693,1.685484945,0 101.523070785,1.685410502,0 101.523106733,1.68538438,0 101.523142682,1.685346397,0 101.52317863,1.685296321,0 101.523250881,1.685159375,0 101.523280862,1.685050852,0 101.523306513,1.684869979,0 101.523340398,1.684709132,0 101.523376346,1.684633338,0 101.52339432,1.684607059,0 101.523412294,1.684592563,0 101.523430268,1.684585917,0 101.523448243,1.684586456,0 101.523466217,1.684594149,0 101.523489246,1.684616758,0 101.523522254,1.68467102,0 101.523592036,1.684872522,0 101.523645958,1.6850003,0 101.523669093,1.685032764,0 101.523699881,1.685058458,0 101.523717855,1.685069423,0 101.523753803,1.685081113,0 101.523789752,1.685079791,0 101.523807726,1.685073003,0 101.523838824,1.685050852,0 101.523913605,1.684978503,0 101.523977031,1.684906154,0 101.524020007,1.684869979,0 101.524050194,1.684851892,0 101.524167209,1.684801837,0 101.524195668,1.684779543,0 101.524244392,1.684652932,0 101.524259674,1.684580583,0 101.524293028,1.684521002,0 101.524328977,1.684485626,0 101.524346951,1.684483872,0 101.52436084,1.684490147,0 101.524382899,1.684512656,0 101.524424018,1.684580583,0 101.524445809,1.684634845,0 101.524504832,1.684725281,0 101.524526693,1.684747891,0 101.524562641,1.6847681,0 101.524616563,1.684777785,0 101.524652512,1.684773067,0 101.52468846,1.684756748,0 101.524735597,1.684707194,0 101.524778331,1.684616456,0 101.524814406,1.684490147,0 101.524869136,1.684236926,0 101.524872362,1.684092228,0 101.524841775,1.683929443,0 101.524813021,1.683839007,0 101.524817575,1.683802832,0 101.524832253,1.683788062,0 101.524886176,1.68375809,0 101.524940098,1.683744178,0 101.524976047,1.683740183,0 101.525101866,1.6837546,0 101.525167772,1.683766658,0 101.525191737,1.683775702,0 101.525225289,1.683802832,0 101.525246364,1.683839007,0 101.525260242,1.683875181,0 101.525277114,1.683983705,0 101.525317556,1.684013753,0 101.525353504,1.684024877,0 101.525389453,1.684028369,0 101.525443375,1.684026433,0 101.525575064,1.684001792,0 101.525629196,1.683983705,0 101.525662973,1.683965618,0 101.525701549,1.683929443,0 101.525712052,1.683911356,0 101.525719086,1.683875181,0 101.525698675,1.683730484,0 101.52569117,1.683585786,0 101.525700805,1.683477262,0 101.525699186,1.683386826,0 101.525683735,1.683332564,0 101.52565393,1.683278303,0 101.525647899,1.683242128,0 101.525655747,1.683187867,0 101.525669336,1.683169779,0 101.525695013,1.683151136,0 101.525712988,1.683145308,0 101.525748936,1.683144909,0 101.525771965,1.683151692,0 101.525793688,1.683169779,0 101.525832034,1.683242128,0 101.52582933,1.683332564,0 101.52583634,1.683368739,0 101.525915132,1.683477262,0 101.526062051,1.683603873,0 101.526090906,1.683658135,0 101.526111457,1.683730484,0 101.526114271,1.683784745,0 101.526093441,1.683857094,0 101.526036961,1.683965618,0 101.526033362,1.684001792,0 101.526052348,1.684128403,0 101.526072471,1.684173813,0 101.526108419,1.684208731,0 101.526162342,1.684216686,0 101.526270187,1.684203766,0 101.526342084,1.684203118,0 
					</coordinates>
				</LineString>
			</MultiGeometry>
		</Placemark>
		<Placemark id="ID_00246">
			<name>-23</name>
			<Snippet maxLines="0"></Snippet>
			<description><![CDATA[<html xmlns:fo="http://www.w3.org/1999/XSL/Format" xmlns:msxsl="urn:schemas-microsoft-com:xslt">

<head>

<META http-equiv="Content-Type" content="text/html">

<meta http-equiv="content-type" content="text/html; charset=UTF-8">

</head>

<body style="margin:0px 0px 0px 0px;overflow:auto;background:#FFFFFF;">

<table style="font-family:Arial,Verdana,Times;font-size:12px;text-align:left;width:100%;border-collapse:collapse;padding:3px 3px 3px 3px">

<tr style="text-align:center;font-weight:bold;background:#9CBCE2">

<td>Nautical</td>

</tr>

<tr>

<td>

<table style="font-family:Arial,Verdana,Times;font-size:12px;text-align:left;width:100%;border-spacing:0px; padding:3px 3px 3px 3px">

<tr>

<td>FID</td>

<td>246</td>

</tr>

<tr bgcolor="#D4E4F3">

<td>MAJ_CAT</td>

<td>Nautical</td>

</tr>

<tr>

<td>L_LIMIT</td>

<td>0</td>

</tr>

<tr bgcolor="#D4E4F3">

<td>U_LIMIT</td>

<td>0</td>

</tr>

<tr>

<td>ZORDER</td>

<td>9</td>

</tr>

<tr bgcolor="#D4E4F3">

<td>LAYER</td>

<td>0</td>

</tr>

<tr>

<td>MODE</td>

<td>2T</td>

</tr>

<tr bgcolor="#D4E4F3">

<td>COLOR</td>

<td>0</td>

</tr>

<tr>

<td>WIDTH</td>

<td>0</td>

</tr>

<tr bgcolor="#D4E4F3">

<td>MIN_CAT</td>

<td>1Depth Contours</td>

</tr>

<tr>

<td>RTP_LIMIT</td>

<td>0</td>

</tr>

<tr bgcolor="#D4E4F3">

<td>RTP_COLOR</td>

<td>19</td>

</tr>

<tr>

<td>FONT</td>

<td>020</td>

</tr>

<tr bgcolor="#D4E4F3">

<td>VALUE</td>

<td>23</td>

</tr>

<tr>

<td>TYPE</td>

<td>0</td>

</tr>

<tr bgcolor="#D4E4F3">

<td>Depth</td>

<td>-23</td>

</tr>

</table>

</td>

</tr>

</table>

</body>

</html>]]></description>
			<styleUrl>#LineStyle026</styleUrl>
			<MultiGeometry>
				<LineString>
					<tessellate>1</tessellate>
					<coordinates>
						101.533334035,1.693872746,0 101.533369983,1.693872746,0 101.533262138,1.693851259,0 101.533218837,1.693841246,0 101.53310037,1.69381819,0 101.533064422,1.693813111,0 101.5330105,1.693814647,0 101.532974551,1.693821049,0 101.532920629,1.693839881,0 101.532799946,1.693895508,0 101.532764853,1.693913595,0 101.532742126,1.693931682,0 101.53271093,1.693985944,0 101.532704439,1.69407638,0 101.532690444,1.694112555,0 101.532651834,1.694148729,0 101.532597094,1.694172974,0 101.532543171,1.694182979,0 101.532417352,1.694190933,0 101.532183688,1.694217633,0 101.532003946,1.694228263,0 101.531914075,1.69423802,0 101.531824205,1.694251071,0 101.531698385,1.694273147,0 101.531644463,1.694285258,0 101.53137485,1.694363515,0 101.53128498,1.694386552,0 101.531177135,1.694405842,0 101.530979419,1.694427485,0 101.530889548,1.694442647,0 101.530833992,1.694456212,0 101.530566013,1.694534987,0 101.530368297,1.694585438,0 101.530116659,1.69466352,0 101.529882994,1.69471798,0 101.529613382,1.694793438,0 101.529451614,1.694833372,0 101.529379718,1.694847822,0 101.529307821,1.694857789,0 101.529271873,1.694859832,0 101.529164028,1.694859988,0 101.529074157,1.694867355,0 101.528840493,1.69491201,0 101.528714674,1.694931002,0 101.528606829,1.694949897,0 101.528534932,1.694970619,0 101.528391139,1.695019876,0 101.528301268,1.695045219,0 101.528229371,1.695061091,0 101.528049629,1.695092495,0 101.527977733,1.695108579,0 101.527905836,1.695128199,0 101.527768685,1.695179701,0 101.527732924,1.695197788,0 101.52770812,1.695223957,0 101.527690146,1.695230604,0 101.527672172,1.695230604,0 101.527670926,1.695233963,0 
					</coordinates>
				</LineString>
			</MultiGeometry>
		</Placemark>
		<Placemark id="ID_00247">
			<name>-23</name>
			<Snippet maxLines="0"></Snippet>
			<description><![CDATA[<html xmlns:fo="http://www.w3.org/1999/XSL/Format" xmlns:msxsl="urn:schemas-microsoft-com:xslt">

<head>

<META http-equiv="Content-Type" content="text/html">

<meta http-equiv="content-type" content="text/html; charset=UTF-8">

</head>

<body style="margin:0px 0px 0px 0px;overflow:auto;background:#FFFFFF;">

<table style="font-family:Arial,Verdana,Times;font-size:12px;text-align:left;width:100%;border-collapse:collapse;padding:3px 3px 3px 3px">

<tr style="text-align:center;font-weight:bold;background:#9CBCE2">

<td>Nautical</td>

</tr>

<tr>

<td>

<table style="font-family:Arial,Verdana,Times;font-size:12px;text-align:left;width:100%;border-spacing:0px; padding:3px 3px 3px 3px">

<tr>

<td>FID</td>

<td>247</td>

</tr>

<tr bgcolor="#D4E4F3">

<td>MAJ_CAT</td>

<td>Nautical</td>

</tr>

<tr>

<td>L_LIMIT</td>

<td>0</td>

</tr>

<tr bgcolor="#D4E4F3">

<td>U_LIMIT</td>

<td>0</td>

</tr>

<tr>

<td>ZORDER</td>

<td>9</td>

</tr>

<tr bgcolor="#D4E4F3">

<td>LAYER</td>

<td>0</td>

</tr>

<tr>

<td>MODE</td>

<td>2T</td>

</tr>

<tr bgcolor="#D4E4F3">

<td>COLOR</td>

<td>0</td>

</tr>

<tr>

<td>WIDTH</td>

<td>0</td>

</tr>

<tr bgcolor="#D4E4F3">

<td>MIN_CAT</td>

<td>1Depth Contours</td>

</tr>

<tr>

<td>RTP_LIMIT</td>

<td>0</td>

</tr>

<tr bgcolor="#D4E4F3">

<td>RTP_COLOR</td>

<td>19</td>

</tr>

<tr>

<td>FONT</td>

<td>020</td>

</tr>

<tr bgcolor="#D4E4F3">

<td>VALUE</td>

<td>23</td>

</tr>

<tr>

<td>TYPE</td>

<td>0</td>

</tr>

<tr bgcolor="#D4E4F3">

<td>Depth</td>

<td>-23</td>

</tr>

</table>

</td>

</tr>

</table>

</body>

</html>]]></description>
			<styleUrl>#LineStyle026</styleUrl>
			<MultiGeometry>
				<LineString>
					<tessellate>1</tessellate>
					<coordinates>
						101.538582492,1.698180485,0 101.538528569,1.698180485,0 101.538492621,1.698236443,0 101.538474647,1.698253578,0 101.538438698,1.698268875,0 101.538420724,1.698272618,0 101.538366802,1.698273371,0 101.538312879,1.69826784,0 101.538258957,1.698255895,0 101.538223008,1.6982518,0 101.538097189,1.698250446,0 101.538079215,1.698255436,0 101.538025292,1.69828495,0 101.537917447,1.698310239,0 101.537845551,1.698337965,0 101.537791628,1.698344967,0 101.53775568,1.698346074,0 101.537737706,1.698343787,0 101.537683783,1.698332493,0 101.537647835,1.698321711,0 101.537593912,1.698296648,0 101.537557964,1.698273666,0 101.537497948,1.698218356,0 101.537450119,1.698150429,0 101.537398593,1.698091745,0 101.537288351,1.698016278,0 101.537234429,1.697988091,0 101.537180506,1.697969988,0 101.537144558,1.69796634,0 101.53710861,1.697972212,0 101.537018739,1.698022252,0 101.536964816,1.698047004,0 101.536910894,1.698065091,0 101.536767101,1.698100789,0 101.536711679,1.69812792,0 101.536659256,1.698173138,0 101.536525349,1.698326879,0 101.536484801,1.698363054,0 101.536458775,1.698381141,0 101.536407617,1.698407518,0 101.536275057,1.69845349,0 101.536227876,1.698475832,0 101.536191927,1.698498104,0 101.536145869,1.698543926,0 101.53603016,1.698705504,0 101.535994211,1.698745742,0 101.535951072,1.69877906,0 101.53581447,1.698850738,0 101.535752842,1.698869496,0 101.535706625,1.69887854,0 101.53559878,1.698888647,0 101.535472961,1.698917557,0 101.535401064,1.698924888,0 101.535365116,1.698921566,0 101.535329167,1.698913583,0 101.535257271,1.698887583,0 101.535149426,1.698840323,0 101.535113477,1.698832756,0 101.535095503,1.698832075,0 101.535077529,1.698833322,0 101.535059555,1.698839652,0 101.535041581,1.698850456,0 101.535024606,1.698869496,0 101.534958743,1.69897802,0 101.534897787,1.699045009,0 101.534861839,1.699073776,0 101.534700071,1.699176075,0 101.534610201,1.699241444,0 101.53452033,1.699323632,0 101.534396815,1.699448288,0 101.534331102,1.699502549,0 101.534286666,1.699527814,0 101.534106924,1.699605044,0 101.533927182,1.699697607,0 101.533729466,1.699785072,0 101.533548227,1.699882381,0 101.533448224,1.699918555,0 101.533405931,1.699946189,0 
					</coordinates>
				</LineString>
			</MultiGeometry>
		</Placemark>
	</Folder>
</Document>
</kml>
