<?xml version="1.0" encoding="UTF-8"?>
<kml xmlns="http://www.opengis.net/kml/2.2" xmlns:gx="http://www.google.com/kml/ext/2.2" xmlns:kml="http://www.opengis.net/kml/2.2" xmlns:atom="http://www.w3.org/2005/Atom">
<Document>
	<name>Isobaths</name>
	<open>1</open>
	<atom:link rel="app" href="https://www.google.com/earth/about/versions/#earth-pro" title="Google Earth Pro 7.3.7.1155"></atom:link>
	<StyleMap id="m_ylw-pushpin">
		<Pair>
			<key>normal</key>
			<styleUrl>#s_ylw-pushpin</styleUrl>
		</Pair>
		<Pair>
			<key>highlight</key>
			<styleUrl>#s_ylw-pushpin_hl</styleUrl>
		</Pair>
	</StyleMap>
	<StyleMap id="msn_ylw-pushpin">
		<Pair>
			<key>normal</key>
			<styleUrl>#sn_ylw-pushpin</styleUrl>
		</Pair>
		<Pair>
			<key>highlight</key>
			<styleUrl>#sh_ylw-pushpin</styleUrl>
		</Pair>
	</StyleMap>
	<Style id="s_ylw-pushpin">
		<IconStyle>
			<scale>1.1</scale>
			<Icon>
				<href>http://maps.google.com/mapfiles/kml/pushpin/ylw-pushpin.png</href>
			</Icon>
			<hotSpot x="20" y="2" xunits="pixels" yunits="pixels"/>
		</IconStyle>
		<LineStyle>
			<color>ff000055</color>
		</LineStyle>
		<PolyStyle>
			<color>ff000055</color>
		</PolyStyle>
	</Style>
	<Style id="s_ylw-pushpin_hl">
		<IconStyle>
			<scale>1.3</scale>
			<Icon>
				<href>http://maps.google.com/mapfiles/kml/pushpin/ylw-pushpin.png</href>
			</Icon>
			<hotSpot x="20" y="2" xunits="pixels" yunits="pixels"/>
		</IconStyle>
		<LineStyle>
			<color>ff000055</color>
		</LineStyle>
		<PolyStyle>
			<color>ff000055</color>
		</PolyStyle>
	</Style>
	<Style id="sh_ylw-pushpin">
		<IconStyle>
			<scale>1.3</scale>
			<Icon>
				<href>http://maps.google.com/mapfiles/kml/pushpin/ylw-pushpin.png</href>
			</Icon>
			<hotSpot x="20" y="2" xunits="pixels" yunits="pixels"/>
		</IconStyle>
		<BalloonStyle>
		</BalloonStyle>
		<LineStyle>
			<color>ff000055</color>
		</LineStyle>
		<PolyStyle>
			<color>ffff5555</color>
		</PolyStyle>
	</Style>
	<Style id="sn_ylw-pushpin">
		<IconStyle>
			<scale>1.1</scale>
			<Icon>
				<href>http://maps.google.com/mapfiles/kml/pushpin/ylw-pushpin.png</href>
			</Icon>
			<hotSpot x="20" y="2" xunits="pixels" yunits="pixels"/>
		</IconStyle>
		<BalloonStyle>
		</BalloonStyle>
		<LineStyle>
			<color>ff000055</color>
		</LineStyle>
		<PolyStyle>
			<color>ffff5555</color>
		</PolyStyle>
	</Style>
	<Style id="style.#FF0000FF..0.255">
		<LineStyle>
			<width>0</width>
		</LineStyle>
		<PolyStyle>
			<color>ffff0000</color>
			<outline>0</outline>
		</PolyStyle>
	</Style>
	<Style id="style.#FF0033FF..0.255">
		<LineStyle>
			<width>0</width>
		</LineStyle>
		<PolyStyle>
			<color>ffff3300</color>
			<outline>0</outline>
		</PolyStyle>
	</Style>
	<Style id="style.#FF0066FF..0.255">
		<LineStyle>
			<width>0</width>
		</LineStyle>
		<PolyStyle>
			<color>ffff6600</color>
			<outline>0</outline>
		</PolyStyle>
	</Style>
	<Style id="style.#FF0099FF..0.255">
		<LineStyle>
			<width>0</width>
		</LineStyle>
		<PolyStyle>
			<color>ffff9900</color>
			<outline>0</outline>
		</PolyStyle>
	</Style>
	<Style id="style.#FF00A6A8..0.255">
		<LineStyle>
			<width>0</width>
		</LineStyle>
		<PolyStyle>
			<color>ffa8a600</color>
			<outline>0</outline>
		</PolyStyle>
	</Style>
	<Style id="style.#FF00BA62..0.255">
		<LineStyle>
			<width>0</width>
		</LineStyle>
		<PolyStyle>
			<color>ff62ba00</color>
			<outline>0</outline>
		</PolyStyle>
	</Style>
	<Style id="style.#FF00E0F8..0.255">
		<LineStyle>
			<width>0</width>
		</LineStyle>
		<PolyStyle>
			<color>fff8e000</color>
			<outline>0</outline>
		</PolyStyle>
	</Style>
	<Style id="style.#FF08D52D..0.255">
		<LineStyle>
			<width>0</width>
		</LineStyle>
		<PolyStyle>
			<color>ff2dd508</color>
			<outline>0</outline>
		</PolyStyle>
	</Style>
	<Style id="style.#FF6699FF..0.255">
		<LineStyle>
			<width>0</width>
		</LineStyle>
		<PolyStyle>
			<color>ffff9966</color>
			<outline>0</outline>
		</PolyStyle>
	</Style>
	<Style id="style.#FF8CC8FF..0.255">
		<LineStyle>
			<width>0</width>
		</LineStyle>
		<PolyStyle>
			<color>ffffc88c</color>
			<outline>0</outline>
		</PolyStyle>
	</Style>
	<Style id="style.#FFA0FCF8..0.255">
		<LineStyle>
			<width>0</width>
		</LineStyle>
		<PolyStyle>
			<color>fff8fca0</color>
			<outline>0</outline>
		</PolyStyle>
	</Style>
	<Style id="style.#FFA80000..0.255">
		<LineStyle>
			<width>0</width>
		</LineStyle>
		<PolyStyle>
			<color>ff0000a8</color>
			<outline>0</outline>
		</PolyStyle>
	</Style>
	<Style id="style.#FFACED00..0.255">
		<LineStyle>
			<width>0</width>
		</LineStyle>
		<PolyStyle>
			<color>ff00edac</color>
			<outline>0</outline>
		</PolyStyle>
	</Style>
	<Style id="style.#FFCC0000..0.255">
		<LineStyle>
			<width>0</width>
		</LineStyle>
		<PolyStyle>
			<color>ff0000cc</color>
			<outline>0</outline>
		</PolyStyle>
	</Style>
	<Style id="style.#FFCCFFFF..0.255">
		<LineStyle>
			<width>0</width>
		</LineStyle>
		<PolyStyle>
			<color>ffffffcc</color>
			<outline>0</outline>
		</PolyStyle>
	</Style>
	<Style id="style.#FFF16100..0.255">
		<LineStyle>
			<width>0</width>
		</LineStyle>
		<PolyStyle>
			<color>ff0061f1</color>
			<outline>0</outline>
		</PolyStyle>
	</Style>
	<Style id="style.#FFF3EE00..0.255">
		<LineStyle>
			<width>0</width>
		</LineStyle>
		<PolyStyle>
			<color>ff00eef3</color>
			<outline>0</outline>
		</PolyStyle>
	</Style>
	<Style id="style.#FFF8B600..0.255">
		<LineStyle>
			<width>0</width>
		</LineStyle>
		<PolyStyle>
			<color>ff00b6f8</color>
			<outline>0</outline>
		</PolyStyle>
	</Style>
	<Style id="style.#FFF8FCF8..0.255">
		<LineStyle>
			<width>0</width>
		</LineStyle>
		<PolyStyle>
			<color>fff8fcf8</color>
			<outline>0</outline>
		</PolyStyle>
	</Style>
	<Style id="style.#FFFF0000..0.255">
		<LineStyle>
			<width>0</width>
		</LineStyle>
		<PolyStyle>
			<color>ff0000ff</color>
			<outline>0</outline>
		</PolyStyle>
	</Style>
	<Style id="style.#FFFF6600..0.255">
		<LineStyle>
			<width>0</width>
		</LineStyle>
		<PolyStyle>
			<color>ff0066ff</color>
			<outline>0</outline>
		</PolyStyle>
	</Style>
	<Style id="style.#FFFF9900..0.255">
		<LineStyle>
			<width>0</width>
		</LineStyle>
		<PolyStyle>
			<color>ff0099ff</color>
			<outline>0</outline>
		</PolyStyle>
	</Style>
	<Style id="style.#FFFFCC00..0.255">
		<LineStyle>
			<width>0</width>
		</LineStyle>
		<PolyStyle>
			<color>ff00ccff</color>
			<outline>0</outline>
		</PolyStyle>
	</Style>
	<Style id="style.#FFFFE696..0.255">
		<LineStyle>
			<width>0</width>
		</LineStyle>
		<PolyStyle>
			<color>ff96e6ff</color>
			<outline>0</outline>
		</PolyStyle>
	</Style>
	<Style id="style.#FFFFFFCC..0.255">
		<LineStyle>
			<width>0</width>
		</LineStyle>
		<PolyStyle>
			<color>ffccffff</color>
			<outline>0</outline>
		</PolyStyle>
	</Style>
	<Placemark>
		<name>0-5m</name>
		<open>1</open>
		<styleUrl>#m_ylw-pushpin</styleUrl>
		<Polygon>
			<tessellate>1</tessellate>
			<outerBoundaryIs>
				<LinearRing>
					<coordinates>
						103.8925096775913,1.154774306872072,0 103.8932144045243,1.15401232206715,0 103.8941053810807,1.153271190750749,0 103.8946779493046,1.152280869496299,0 103.8944946310843,1.151771102332705,0 103.8949661359585,1.150751852367191,0 103.8955760758789,1.150870459527217,0 103.8955528381855,1.150932217298145,0 103.8955692575061,1.150984088756571,0 103.8956045979238,1.151109983113866,0 103.8954881515929,1.151354793836852,0 103.8953756519712,1.151421270509583,0 103.8951991567494,1.151505656090789,0 103.8951641634139,1.151587078884659,0 103.8950671222365,1.152068859558654,0 103.8950452418257,1.1522599887731,0 103.8951749935555,1.152674950510575,0 103.8951742234652,1.15274888239546,0 103.8950339665136,1.152993731634204,0 103.8946770384744,1.153866465931927,0 103.8946099892695,1.154018796143168,0 103.8945739070918,1.154187902363908,0 103.8946018484046,1.154311664699189,0 103.894706423228,1.154490949573687,0 103.8947685474915,1.154531596510622,0 103.8948076799317,1.154573168735775,0 103.894821068863,1.154661084608571,0 103.894817605861,1.154717366528842,0 103.8947307913513,1.15484954007357,0 103.8946737779079,1.154891448730453,0 103.8944711157723,1.15497819796332,0 103.8944199001212,1.154998128969459,0 103.8943360614261,1.155088677891785,0 103.8939850107766,1.155440287785039,0 103.8938199457891,1.155647505439231,0 103.8938446342803,1.155778917084679,0 103.8925096775913,1.154774306872072,0 
					</coordinates>
				</LinearRing>
			</outerBoundaryIs>
		</Polygon>
	</Placemark>
	<Placemark>
		<name>0-5m</name>
		<styleUrl>#style.#FFA80000..0.255</styleUrl>
		<Polygon>
			<tessellate>1</tessellate>
			<outerBoundaryIs>
				<LinearRing>
					<coordinates>
						103.904302283,1.154070481,0 103.904266343,1.1540743,0 103.904158524,1.154103984,0 103.904104614,1.154115723,0 103.904068674,1.154130957,0 103.904050704,1.154140972,0 103.903996794,1.154197842,0 103.903942884,1.154244557,0 103.903872745,1.154286065,0 103.903859159,1.154304152,0 103.903799125,1.154542576,0 103.903781155,1.154579432,0 103.903745215,1.154618388,0 103.903619425,1.154691769,0 103.903583485,1.154703365,0 103.903493636,1.154716253,0 103.903457696,1.154730253,0 103.903421756,1.154751303,0 103.903403786,1.154755829,0 103.903385816,1.154754757,0 103.903349876,1.154746436,0 103.903295966,1.154724651,0 103.903277996,1.154708231,0 103.903259789,1.154683986,0 103.903234133,1.154629724,0 103.903186824,1.154466938,0 103.903156752,1.154430764,0 103.903116267,1.154407995,0 103.903098297,1.154402953,0 103.903080327,1.154401311,0 103.903044387,1.154407078,0 103.903008447,1.154422237,0 103.902971169,1.154448851,0 103.902957111,1.154466938,0 103.902882657,1.154742546,0 103.902857921,1.154810597,0 103.902828747,1.154859595,0 103.902756868,1.154925959,0 103.902667018,1.154982666,0 103.902631078,1.155001871,0 103.902541228,1.155035161,0 103.902505288,1.155042291,0 103.902433409,1.155050352,0 103.902397469,1.155057868,0 103.90207401,1.155160791,0 103.90198416,1.155182292,0 103.90191228,1.155195806,0 103.90187634,1.155198946,0 103.901696641,1.15520165,0 103.901481001,1.155193551,0 103.901445061,1.155198152,0 103.901373182,1.155219681,0 103.901337242,1.155225674,0 103.901301302,1.155223816,0 103.901265362,1.155215284,0 103.900959873,1.15509853,0 103.900870023,1.155071733,0 103.900798143,1.155043336,0 103.900762203,1.155034401,0 103.900726263,1.155034644,0 103.900690323,1.155043178,0 103.900564534,1.155089955,0 103.900366864,1.155180018,0 103.900205135,1.155239025,0 103.900133255,1.155278126,0 103.899917616,1.155413676,0 103.899881676,1.155433117,0 103.899755886,1.155489581,0 103.899612126,1.155580841,0 103.899324607,1.155813831,0 103.899270697,1.155849546,0 103.899252727,1.155858664,0 103.899216788,1.155869557,0 103.899126938,1.155875596,0 103.899090998,1.155883645,0 103.899055058,1.155901401,0 103.899001148,1.155936424,0 103.898947238,1.155956155,0 103.898911298,1.155962709,0 103.898857389,1.155964079,0 103.898803479,1.155976691,0 103.898677689,1.156036067,0 103.898641749,1.156058031,0 103.898605809,1.156090747,0 103.89848002,1.156248472,0 103.89842611,1.156305653,0 103.8983722,1.156346456,0 103.89821047,1.156447443,0 103.898174531,1.156478851,0 103.898120621,1.156544432,0 103.898007599,1.156709765,0 103.89796823,1.15674594,0 103.897922951,1.156767803,0 103.897904981,1.156782115,0 103.897887011,1.156782115,0 103.897904981,1.156800202,0 103.897904981,1.156818289,0 103.897922951,1.156836377,0 103.897958891,1.156872551,0 103.897958891,1.156890638,0 103.897976861,1.156908726,0 103.897994831,1.156926813,0 103.897994831,1.1569449,0 103.898012801,1.156962988,0 103.898030771,1.156981075,0 103.898030771,1.156999162,0 103.898048741,1.15701725,0 103.898066711,1.157035337,0 103.898066711,1.157107686,0 103.898048741,1.157107686,0 103.898048741,1.157143861,0 103.898030771,1.157143861,0 103.898030771,1.157180036,0 103.898012801,1.157180036,0 103.898012801,1.15721621,0 103.897994831,1.15721621,0 103.897994831,1.157252385,0 103.897976861,1.157252385,0 103.897976861,1.157288559,0 103.897958891,1.157288559,0 103.897958891,1.157342821,0 103.897940921,1.157342821,0 103.897940921,1.157378996,0 103.897922951,1.157378996,0 103.897922951,1.157415171,0 103.897904981,1.157415171,0 103.897904981,1.157451345,0 103.897887011,1.157451345,0 103.897887011,1.15748752,0 103.897869041,1.15748752,0 103.897869041,1.157523695,0 103.897851071,1.157523695,0 103.897851071,1.157559869,0 103.897833101,1.157559869,0 103.897833101,1.157596044,0 103.897815132,1.157596044,0 103.897815132,1.157614131,0 103.897797162,1.157614131,0 103.897797162,1.157650306,0 103.897779192,1.157650306,0 103.897779192,1.15768648,0 103.897761222,1.15768648,0 103.897761222,1.157722655,0 103.897743252,1.157722655,0 103.897761222,1.157740742,0 103.897806796,1.157740742,0 103.897795673,1.157734634,0 103.898026034,1.157314161,0 103.898010165,1.157306228,0 103.898048395,1.157234111,0 103.898048395,1.157234832,0 103.898065346,1.157243486,0 103.898128523,1.157131023,0 103.898099906,1.157117818,0 103.898137328,1.157044089,0 103.898163744,1.157060595,0 103.898269406,1.156846013,0 103.898459818,1.15696816,0 103.898638124,1.156744773,0 103.898565481,1.156698556,0 103.898595216,1.156656158,0 103.898637481,1.156684329,0 103.898618884,1.156724332,0 103.898641426,1.156736164,0 103.898824574,1.156523755,0 103.898825137,1.156523192,0 103.898843734,1.156515867,0 103.898829646,1.156500092,0 103.898797524,1.156509106,0 103.89876727,1.156445898,0 103.898998406,1.15629514,0 103.899029224,1.15634906,0 103.898979695,1.156378772,0 103.898935669,1.156471208,0 103.899323098,1.156303943,0 103.899196523,1.156180695,0 103.899220737,1.156146582,0 103.899232844,1.156155386,0 103.899262562,1.156128975,0 103.899281273,1.156144381,0 103.899241649,1.156176294,0 103.899359419,1.156288537,0 103.899871221,1.156077255,0 103.8998349,1.155787843,0 103.899755653,1.155735023,0 103.899851409,1.155605173,0 103.899896536,1.155638186,0 103.899867919,1.1556767,0 103.899895435,1.155862672,0 103.899924052,1.155864873,0 103.899927354,1.155839563,0 103.899984588,1.155836262,0 103.899983487,1.155912191,0 103.899931757,1.155915493,0 103.899927354,1.155876978,0 103.899894335,1.15588138,0 103.899914146,1.156059649,0 103.900261952,1.155912191,0 103.900676897,1.15588248,0 103.900728627,1.155843965,0 103.900614641,1.155267445,0 103.900438523,1.1553491,0 103.900422674,1.155343818,0 103.900308206,1.155389596,0 103.900281791,1.155341177,0 103.900427957,1.155290998,0 103.900421793,1.155275152,0 103.900728214,1.1551431,0 103.900756391,1.155203844,0 103.900657773,1.155254904,0 103.90077246,1.155823164,0 103.90144936,1.1553995,0 103.901928142,1.155469652,0 103.902354644,1.15536236,0 103.90344979,1.155293584,0 103.903779985,1.155325221,0 103.903779985,1.155079001,0 103.903876292,1.155079001,0 103.903877668,1.155255069,0 103.90390656,1.15525782,0 103.903902433,1.15516841,0 103.904013873,1.155167035,0 103.904012498,1.155249567,0 103.904033135,1.155250942,0 103.904026256,1.155084503,0 103.904133569,1.155084503,0 103.904137696,1.155352732,0 103.904689397,1.155285331,0 103.904689397,1.155286706,0 103.905210029,1.156122066,0 103.904924521,1.156705559,0 103.904920323,1.156705559,0 103.904496259,1.15712114,0 103.904534047,1.15727226,0 103.904072196,1.157591292,0 103.903921045,1.157692039,0 103.903885667,1.157740742,0 103.903960854,1.157740742,0 103.903960854,1.157722655,0 103.903978824,1.157722655,0 103.903978824,1.157704568,0 103.904014764,1.157704568,0 103.904014764,1.15768648,0 103.904032734,1.15768648,0 103.904032734,1.157668393,0 103.904068674,1.157668393,0 103.904068674,1.157650306,0 103.904104614,1.157650306,0 103.904104614,1.157632218,0 103.904122584,1.157632218,0 103.904122584,1.157614131,0 103.904158524,1.157614131,0 103.904158524,1.157596044,0 103.904176494,1.157596044,0 103.904176494,1.157577956,0 103.904212434,1.157577956,0 103.904212434,1.157559869,0 103.904230403,1.157559869,0 103.904230403,1.157541782,0 103.904266343,1.157541782,0 103.904266343,1.157523695,0 103.904284313,1.157523695,0 103.904284313,1.157505607,0 103.904302283,1.157505607,0 103.904302283,1.15748752,0 103.904338223,1.15748752,0 103.904338223,1.157469433,0 103.904356193,1.157469433,0 103.904356193,1.157451345,0 103.904392133,1.157451345,0 103.904392133,1.157433258,0 103.904410103,1.157433258,0 103.904410103,1.157415171,0 103.904428073,1.157415171,0 103.904428073,1.157397083,0 103.904464013,1.157397083,0 103.904464013,1.157378996,0 103.904481983,1.157378996,0 103.904481983,1.157360909,0 103.904517923,1.157360909,0 103.904517923,1.157342821,0 103.904535893,1.157342821,0 103.904535893,1.157324734,0 103.904571833,1.157324734,0 103.904571833,1.157306647,0 103.904589802,1.157306647,0 103.904589802,1.157288559,0 103.904607772,1.157288559,0 103.904607772,1.157252385,0 103.904625742,1.157252385,0 103.904625742,1.157234297,0 103.904643712,1.157234297,0 103.904643712,1.157198123,0 103.904661682,1.157198123,0 103.904661682,1.157180036,0 103.904679652,1.157180036,0 103.904679652,1.157143861,0 103.904697622,1.157143861,0 103.904697622,1.157125774,0 103.904715592,1.157125774,0 103.904715592,1.157107686,0 103.904733562,1.157107686,0 103.904733562,1.157071512,0 103.904751532,1.157071512,0 103.904751532,1.157053424,0 103.904769502,1.157053424,0 103.904769502,1.15701725,0 103.904787472,1.15701725,0 103.904787472,1.156999162,0 103.904805442,1.156999162,0 103.904805442,1.156981075,0 103.904823412,1.156981075,0 103.904823412,1.1569449,0 103.904841382,1.1569449,0 103.904841382,1.156926813,0 103.904859352,1.156926813,0 103.904859352,1.156890638,0 103.904877322,1.156890638,0 103.904877322,1.156872551,0 103.904895292,1.156872551,0 103.904895292,1.156854464,0 103.904913262,1.156854464,0 103.904913262,1.156818289,0 103.904931232,1.156818289,0 103.904931232,1.156800202,0 103.904949201,1.156800202,0 103.904949201,1.156764027,0 103.904967171,1.156764027,0 103.904967171,1.15674594,0 103.904985141,1.15674594,0 103.904985141,1.156727853,0 103.905003111,1.156727853,0 103.905003111,1.156691678,0 103.905021081,1.156691678,0 103.905021081,1.156655503,0 103.905039051,1.156655503,0 103.905039051,1.156619329,0 103.905057021,1.156619329,0 103.905057021,1.156583154,0 103.905074991,1.156583154,0 103.905074991,1.156546979,0 103.905092961,1.156546979,0 103.905092961,1.156510805,0 103.905110931,1.156510805,0 103.905110931,1.15647463,0 103.905128901,1.15647463,0 103.905128901,1.156438456,0 103.905146871,1.156438456,0 103.905146871,1.156402281,0 103.905164841,1.156402281,0 103.905164841,1.156366106,0 103.905182811,1.156366106,0 103.905182811,1.156329932,0 103.905200781,1.156329932,0 103.905200781,1.156293757,0 103.905218751,1.156293757,0 103.905218751,1.156257582,0 103.905236721,1.156257582,0 103.905236721,1.156239495,0 103.905254691,1.156239495,0 103.905254691,1.156221408,0 103.905272661,1.156221408,0 103.905272661,1.15620332,0 103.905290631,1.15620332,0 103.905290631,1.156185233,0 103.9053086,1.156185233,0 103.9053086,1.156167146,0 103.90532657,1.156167146,0 103.90532657,1.156149059,0 103.90534454,1.156149059,0 103.90534454,1.156130971,0 103.90536251,1.156130971,0 103.90536251,1.156112884,0 103.90538048,1.156112884,0 103.90538048,1.156094797,0 103.90539845,1.156094797,0 103.90539845,1.156076709,0 103.90541642,1.156076709,0 103.90541642,1.156058622,0 103.90543439,1.156058622,0 103.90543439,1.156040535,0 103.90545236,1.156040535,0 103.90545236,1.156022447,0 103.90547033,1.156022447,0 103.90547033,1.15600436,0 103.9054883,1.15600436,0 103.9054883,1.155968185,0 103.90550627,1.155968185,0 103.90550627,1.155950098,0 103.90552424,1.155950098,0 103.90552424,1.155932011,0 103.90554221,1.155932011,0 103.90554221,1.155913923,0 103.90556018,1.155913923,0 103.90556018,1.155895836,0 103.90557815,1.155895836,0 103.90557815,1.155877749,0 103.90559612,1.155877749,0 103.90559612,1.155859662,0 103.90561409,1.155859662,0 103.90561409,1.155841574,0 103.90563206,1.155841574,0 103.90563206,1.155823487,0 103.905650029,1.155823487,0 103.905650029,1.1558054,0 103.905667999,1.1558054,0 103.905667999,1.155787312,0 103.905685969,1.155787312,0 103.905685969,1.155769225,0 103.905703939,1.155769225,0 103.905703939,1.155751138,0 103.905721909,1.155751138,0 103.905721909,1.15573305,0 103.905739879,1.15573305,0 103.905739879,1.155714963,0 103.905757849,1.155714963,0 103.905757849,1.155678788,0 103.905775819,1.155678788,0 103.905775819,1.155660701,0 103.905793789,1.155660701,0 103.905793789,1.155642614,0 103.905811759,1.155642614,0 103.905811759,1.155624526,0 103.905829729,1.155624526,0 103.905829729,1.155606439,0 103.905847699,1.155606439,0 103.905847699,1.155588352,0 103.905865669,1.155588352,0 103.905865669,1.155570264,0 103.905883639,1.155570264,0 103.905883639,1.155552177,0 103.905901609,1.155552177,0 103.905901609,1.15553409,0 103.905919579,1.15553409,0 103.905919579,1.155516003,0 103.905937549,1.155516003,0 103.905937549,1.155497915,0 103.905955519,1.155497915,0 103.905955519,1.155479828,0 103.905973489,1.155479828,0 103.905973489,1.155461741,0 103.905991459,1.155461741,0 103.905991459,1.155439408,0 103.905937549,1.155439408,0 103.905919579,1.155431418,0 103.905706548,1.155081907,0 103.905653182,1.155009558,0 103.90563206,1.154991753,0 103.90561409,1.154983454,0 103.90559612,1.154978133,0 103.90556018,1.154973682,0 103.9054883,1.154977592,0 103.904931232,1.155060512,0 103.904913262,1.155061415,0 103.904895292,1.155058531,0 103.904859352,1.155039005,0 103.90483075,1.155009558,0 103.904820867,1.15499147,0 103.904805661,1.154901034,0 103.904800616,1.154810597,0 103.904804238,1.154557375,0 103.904832063,1.154195628,0 103.904821857,1.154123279,0 103.904805442,1.154099479,0 103.904789173,1.154087105,0 103.904751532,1.154074353,0 103.904733562,1.154073407,0 103.904715592,1.154075513,0 103.904603241,1.154105192,0 103.904571833,1.154108955,0 103.904535893,1.154110053,0 103.904499953,1.154107498,0 103.904464013,1.154101693,0 103.904338223,1.154072306,0 103.904302283,1.154070481,0 
					</coordinates>
				</LinearRing>
			</outerBoundaryIs>
		</Polygon>
	</Placemark>
	<Placemark>
		<name>0-5m</name>
		<styleUrl>#style.#FFA80000..0.255</styleUrl>
		<Polygon>
			<tessellate>1</tessellate>
			<outerBoundaryIs>
				<LinearRing>
					<coordinates>
						103.912822664,1.14522432,0 103.912802069,1.14522432,0 103.912802069,1.145242407,0 103.912766129,1.145242407,0 103.912766129,1.145260494,0 103.91274816,1.145260494,0 103.91274816,1.145278581,0 103.91271222,1.145278581,0 103.91271222,1.145296669,0 103.91267628,1.145296669,0 103.91267628,1.145314756,0 103.91264034,1.145314756,0 103.91264034,1.145332843,0 103.91262237,1.145332843,0 103.91262237,1.145350931,0 103.91258643,1.145350931,0 103.91258643,1.145369018,0 103.91255049,1.145369018,0 103.91255049,1.145387105,0 103.91251455,1.145387105,0 103.91251455,1.145405193,0 103.91249658,1.145405193,0 103.91249658,1.14542328,0 103.91246064,1.14542328,0 103.91246064,1.145441367,0 103.9124247,1.145441367,0 103.9124247,1.145459455,0 103.912388761,1.145459455,0 103.912388761,1.145477542,0 103.912370791,1.145477542,0 103.912370791,1.145495629,0 103.912334851,1.145495629,0 103.912334851,1.145513717,0 103.912298911,1.145513717,0 103.912298911,1.145531804,0 103.912262971,1.145531804,0 103.912262971,1.145549891,0 103.912245001,1.145549891,0 103.912245001,1.145567979,0 103.912227031,1.145567979,0 103.912227031,1.145586066,0 103.912209061,1.145586066,0 103.912209061,1.145604153,0 103.912191091,1.145604153,0 103.912191091,1.145622241,0 103.912173121,1.145622241,0 103.912173121,1.145640328,0 103.912155151,1.145640328,0 103.912155151,1.145658415,0 103.912137181,1.145658415,0 103.912137181,1.145676502,0 103.912119211,1.145676502,0 103.912119211,1.14569459,0 103.912101241,1.14569459,0 103.912101241,1.145712677,0 103.912083271,1.145712677,0 103.912083271,1.145730764,0 103.912065301,1.145730764,0 103.912065301,1.145748852,0 103.912047332,1.145748852,0 103.912047332,1.145766939,0 103.912029362,1.145766939,0 103.912029362,1.145785026,0 103.912011392,1.145785026,0 103.912011392,1.145803114,0 103.911993422,1.145803114,0 103.911993422,1.145821201,0 103.911957482,1.145821201,0 103.911957482,1.145839288,0 103.911939512,1.145839288,0 103.911939512,1.145857376,0 103.911921542,1.145857376,0 103.911921542,1.145875463,0 103.911903572,1.145875463,0 103.911903572,1.14589355,0 103.911885602,1.14589355,0 103.911885602,1.145911638,0 103.911867632,1.145911638,0 103.911867632,1.145929725,0 103.911849662,1.145929725,0 103.911849662,1.145947812,0 103.911831692,1.145947812,0 103.911831692,1.1459659,0 103.911813722,1.1459659,0 103.911813722,1.145983987,0 103.911795752,1.145983987,0 103.911795752,1.146002074,0 103.911777782,1.146002074,0 103.911777782,1.146020162,0 103.911759812,1.146020162,0 103.911759812,1.146038249,0 103.911741842,1.146038249,0 103.911741842,1.146056336,0 103.911723872,1.146056336,0 103.911723872,1.146074423,0 103.911705902,1.146074423,0 103.911705902,1.146092511,0 103.911687933,1.146092511,0 103.911687933,1.146110598,0 103.911651993,1.146110598,0 103.911651993,1.146128685,0 103.911634023,1.146128685,0 103.911634023,1.146146773,0 103.911616053,1.146146773,0 103.911616053,1.14616486,0 103.911598083,1.14616486,0 103.911598083,1.146182947,0 103.911580113,1.146182947,0 103.911580113,1.146201035,0 103.911562143,1.146201035,0 103.911562143,1.146219122,0 103.911544173,1.146219122,0 103.911544173,1.146237209,0 103.911526203,1.146237209,0 103.911526203,1.146255297,0 103.911508233,1.146255297,0 103.911508233,1.146273384,0 103.911490263,1.146273384,0 103.911490263,1.146291471,0 103.911472293,1.146291471,0 103.911472293,1.146309559,0 103.911454323,1.146309559,0 103.911454323,1.146327646,0 103.911436353,1.146327646,0 103.911436353,1.146345733,0 103.911418383,1.146345733,0 103.911418383,1.146363821,0 103.911400413,1.146363821,0 103.911400413,1.146381908,0 103.911364473,1.146381908,0 103.911364473,1.146399995,0 103.911346503,1.146399995,0 103.911346503,1.146418082,0 103.911328534,1.146418082,0 103.911328534,1.146454257,0 103.911310564,1.146454257,0 103.911310564,1.146472344,0 103.911292594,1.146472344,0 103.911292594,1.146490432,0 103.911274624,1.146490432,0 103.911274624,1.146508519,0 103.911256654,1.146508519,0 103.911274624,1.146526606,0 103.911292594,1.146519658,0 103.911346503,1.146509311,0 103.911382443,1.14651252,0 103.911418383,1.146524597,0 103.911490263,1.146581487,0 103.911520667,1.146617043,0 103.911544173,1.146659332,0 103.911888809,1.147485234,0 103.91190022,1.147539496,0 103.911901169,1.147593758,0 103.911867696,1.147828893,0 103.911878494,1.147883155,0 103.911902606,1.14791933,0 103.911957594,1.147973592,0 103.912029362,1.148030478,0 103.912065301,1.148051023,0 103.912119211,1.148062725,0 103.912173121,1.148056316,0 103.912406731,1.147998144,0 103.91247861,1.147966486,0 103.912508424,1.14791933,0 103.912525692,1.147810806,0 103.912536744,1.147575671,0 103.912563358,1.147268186,0 103.912562407,1.147195837,0 103.91255049,1.147149327,0 103.91253252,1.147121129,0 103.912412307,1.147014964,0 103.912335094,1.146924527,0 103.912304418,1.146870265,0 103.912295977,1.146816003,0 103.912388761,1.146483475,0 103.912423502,1.146399995,0 103.91244267,1.146371734,0 103.912471123,1.146345733,0 103.91253252,1.146325636,0 103.912559084,1.146273384,0 103.91258643,1.146145265,0 103.912610662,1.145875463,0 103.912624401,1.145821201,0 103.91264034,1.14579777,0 103.91267628,1.145768446,0 103.912938182,1.145640328,0 103.913017709,1.145588697,0 103.913029356,1.145567979,0 103.913016672,1.145531804,0 103.912893681,1.145387105,0 103.912865963,1.145314756,0 103.912825185,1.145242407,0 103.912822664,1.14522432,0 
					</coordinates>
				</LinearRing>
			</outerBoundaryIs>
		</Polygon>
	</Placemark>
	<Placemark>
		<name>0-5m</name>
		<styleUrl>#style.#FFA80000..0.255</styleUrl>
		<Polygon>
			<tessellate>1</tessellate>
			<outerBoundaryIs>
				<LinearRing>
					<coordinates>
						103.906575174,1.149474839,0 103.906530557,1.149474839,0 103.906530557,1.149492926,0 103.906494617,1.149492926,0 103.906494617,1.149511014,0 103.906440707,1.149511014,0 103.906440707,1.149529101,0 103.906386797,1.149529101,0 103.906386797,1.149547188,0 103.906350858,1.149547188,0 103.906350858,1.149565276,0 103.906296948,1.149565276,0 103.906296948,1.149583363,0 103.906243038,1.149583363,0 103.906243038,1.14960145,0 103.906207098,1.14960145,0 103.906207098,1.149619538,0 103.906153188,1.149619538,0 103.906153188,1.149637625,0 103.905973489,1.149637625,0 103.905955519,1.149619538,0 103.905829729,1.149619538,0 103.905811759,1.14960145,0 103.905685969,1.14960145,0 103.905667999,1.149583363,0 103.90554221,1.149583363,0 103.90552424,1.149565276,0 103.90539845,1.149565276,0 103.90538048,1.149547188,0 103.90534454,1.149547188,0 103.90534454,1.149565276,0 103.90532657,1.149565276,0 103.90532657,1.149583363,0 103.9053086,1.149583363,0 103.9053086,1.14960145,0 103.905290631,1.14960145,0 103.905290631,1.149619538,0 103.905272661,1.149619538,0 103.905272661,1.149637625,0 103.905254691,1.149637625,0 103.905254691,1.149673799,0 103.905218751,1.149673799,0 103.905218751,1.149691887,0 103.905182811,1.149691887,0 103.905182811,1.149709974,0 103.905146871,1.149709974,0 103.905146871,1.149728061,0 103.905092961,1.149728061,0 103.905092961,1.149746149,0 103.905057021,1.149746149,0 103.905057021,1.149764236,0 103.905021081,1.149764236,0 103.905021081,1.149782323,0 103.905003111,1.149782323,0 103.9050085,1.149800411,0 103.905012041,1.149818498,0 103.905001896,1.14987276,0 103.904923595,1.150035546,0 103.904852178,1.150216419,0 103.904835826,1.150288768,0 103.904842133,1.15034303,0 103.904863585,1.150415379,0 103.904938439,1.150541991,0 103.904934768,1.150596253,0 103.904873389,1.150722864,0 103.904859352,1.150741023,0 103.904791665,1.150795213,0 103.904776182,1.1508133,0 103.904771282,1.150831388,0 103.904777615,1.150849475,0 103.90481456,1.15088565,0 103.904913262,1.150949611,0 103.905003111,1.151022715,0 103.905092961,1.151083583,0 103.905121976,1.151120785,0 103.905218751,1.15128666,0 103.905272661,1.151362978,0 103.90532657,1.151416093,0 103.90534454,1.151425825,0 103.90538048,1.151427697,0 103.90543439,1.151409693,0 103.90559612,1.151338199,0 103.905685969,1.15129249,0 103.906095244,1.151012261,0 103.906207098,1.150948589,0 103.906314918,1.150905897,0 103.906476647,1.150864607,0 103.906656347,1.150776936,0 103.906800106,1.150750641,0 103.906831419,1.150722864,0 103.906846588,1.150686689,0 103.906856522,1.150632427,0 103.906888701,1.150162157,0 103.906871986,1.150124,0 103.906791158,1.150053633,0 103.906780528,1.150035546,0 103.906776116,1.149999371,0 103.906795781,1.149945109,0 103.906874697,1.149818498,0 103.906875915,1.149782323,0 103.906861467,1.149764236,0 103.906802016,1.149728061,0 103.906759032,1.149691887,0 103.906733958,1.149655712,0 103.906710257,1.149585775,0 103.906695573,1.149565276,0 103.906672243,1.149547188,0 103.906584467,1.149512892,0 103.906575174,1.149474839,0 
					</coordinates>
				</LinearRing>
			</outerBoundaryIs>
			<innerBoundaryIs>
				<LinearRing>
					<coordinates>
						103.905386256,1.149586187,0 103.905383359,1.149610071,0 103.905383359,1.149624156,0 103.905107074,1.150047682,0 103.905295561,1.150110957,0 103.905423511,1.150039429,0 103.905576226,1.150050433,0 103.905723438,1.150016045,0 103.9059133,1.149930762,0 103.905968333,1.149864736,0 103.905986218,1.149790457,0 103.906060512,1.149709301,0 103.906125175,1.149679039,0 103.906138933,1.149742313,0 103.90635356,1.14973406,0 103.906361815,1.149795959,0 103.906393459,1.149816592,0 103.906448491,1.149797335,0 103.906480135,1.149845479,0 103.906520033,1.149844103,0 103.906515906,1.149907378,0 103.906580569,1.149973403,0 103.90670852,1.149934888,0 103.906628722,1.150025674,0 103.906650735,1.150170105,0 103.906602582,1.150219624,0 103.906613589,1.150291152,0 103.906535167,1.150335169,0 103.906476007,1.150321414,0 103.906470504,1.150369557,0 103.906381076,1.150409448,0 103.906313662,1.15036268,0 103.906287521,1.15037781,0 103.906321916,1.150425954,0 103.90622561,1.150526368,0 103.905994473,1.150527744,0 103.905631259,1.150702437,0 103.905380861,1.150745078,0 103.905149725,1.150926649,0 103.905131839,1.150915644,0 103.905173113,1.150845492,0 103.905185496,1.150571761,0 103.905262541,1.150278772,0 103.905202005,1.150247135,0 103.905235025,1.150186611,0 103.905247934,1.150139087,0 103.905247575,1.150138602,0 103.90513861,1.150102288,0 103.905083578,1.150075877,0 103.904997727,1.15021233,0 103.904981217,1.150220033,0 103.90496801,1.150220033,0 103.904958104,1.150213431,0 103.904954802,1.150201326,0 103.904963607,1.150181518,0 103.905244273,1.149757854,0 103.905347734,1.14959389,0 103.905365344,1.149586187,0 103.905386256,1.149586187,0 
					</coordinates>
				</LinearRing>
			</innerBoundaryIs>
		</Polygon>
	</Placemark>
	<Placemark>
		<name>0-5m</name>
		<styleUrl>#style.#FFA80000..0.255</styleUrl>
		<Polygon>
			<tessellate>1</tessellate>
			<outerBoundaryIs>
				<LinearRing>
					<coordinates>
						103.914886584,1.143211742,0 103.914832674,1.143216449,0 103.914778764,1.143229663,0 103.914419365,1.143351708,0 103.914365455,1.143352251,0 103.914311545,1.143343181,0 103.914257635,1.14332677,0 103.914167786,1.143288844,0 103.914095906,1.143290451,0 103.914059966,1.143315424,0 103.914041996,1.143325151,0 103.914024026,1.143325151,0 103.914024026,1.143433675,0 103.914041996,1.143451762,0 103.914041996,1.143542199,0 103.914059966,1.143560286,0 103.914059966,1.143650723,0 103.914077936,1.14366881,0 103.914077936,1.143759247,0 103.914095906,1.143777334,0 103.914095906,1.143867771,0 103.914113876,1.143885858,0 103.914113876,1.144012469,0 103.914095906,1.144012469,0 103.914095906,1.144030557,0 103.914077936,1.144030557,0 103.914077936,1.144048644,0 103.914059966,1.144048644,0 103.914059966,1.144066731,0 103.914041996,1.144066731,0 103.914041996,1.144084819,0 103.914024026,1.144084819,0 103.914024026,1.144102906,0 103.914006056,1.144102906,0 103.914006056,1.144120993,0 103.913988086,1.144120993,0 103.913988086,1.14413908,0 103.913970116,1.14413908,0 103.913970116,1.144157168,0 103.913952146,1.144157168,0 103.913952146,1.144175255,0 103.913934176,1.144175255,0 103.913934176,1.144193342,0 103.913916206,1.144193342,0 103.913916206,1.14421143,0 103.913898236,1.14421143,0 103.913898236,1.144229517,0 103.913880266,1.144229517,0 103.913880266,1.144247604,0 103.913862296,1.144247604,0 103.913862296,1.144265692,0 103.913826357,1.144265692,0 103.913826357,1.144283779,0 103.913808387,1.144283779,0 103.913808387,1.144301866,0 103.913790417,1.144301866,0 103.913790417,1.144319954,0 103.913772447,1.144319954,0 103.913772447,1.144338041,0 103.913754477,1.144338041,0 103.913754477,1.144356128,0 103.913736507,1.144356128,0 103.913736507,1.144374216,0 103.913718537,1.144374216,0 103.913718537,1.144392303,0 103.913700567,1.144392303,0 103.913700567,1.14441039,0 103.913682597,1.14441039,0 103.913682597,1.144428478,0 103.913664627,1.144428478,0 103.913664627,1.144446565,0 103.913646657,1.144446565,0 103.913646657,1.144464652,0 103.913628687,1.144464652,0 103.913628687,1.14448274,0 103.913610717,1.14448274,0 103.913610717,1.144500827,0 103.913592747,1.144500827,0 103.913592747,1.144518914,0 103.913574777,1.144518914,0 103.913574777,1.144537001,0 103.913556807,1.144537001,0 103.913556807,1.144555089,0 103.913538837,1.144555089,0 103.913538837,1.144573176,0 103.913502897,1.144573176,0 103.913502897,1.144591263,0 103.913484927,1.144591263,0 103.913484927,1.144609351,0 103.913466958,1.144609351,0 103.913466958,1.144627438,0 103.913448988,1.144627438,0 103.913448988,1.144645525,0 103.913431018,1.144645525,0 103.913431018,1.144663613,0 103.913413048,1.144663613,0 103.913413048,1.1446817,0 103.913395078,1.1446817,0 103.913395078,1.144699787,0 103.913377108,1.144699787,0 103.913377108,1.144717875,0 103.913359138,1.144717875,0 103.913359138,1.144735962,0 103.913341168,1.144735962,0 103.913341168,1.144754049,0 103.913323198,1.144754049,0 103.913323198,1.144772137,0 103.913305228,1.144772137,0 103.913305228,1.144790224,0 103.913287258,1.144790224,0 103.913305228,1.14479149,0 103.913341168,1.144790504,0 103.913610717,1.144572959,0 103.913736507,1.144485977,0 103.913844326,1.14442749,0 103.913880266,1.144413825,0 103.913916206,1.14441039,0 103.913952146,1.144427798,0 103.913970116,1.14444943,0 103.914101766,1.144754049,0 103.914279284,1.145007272,0 103.914329515,1.145040018,0 103.914365455,1.145044746,0 103.914437335,1.145037625,0 103.914491245,1.145056731,0 103.914527185,1.145084774,0 103.914563124,1.145123845,0 103.914674778,1.145260494,0 103.914753858,1.145369018,0 103.914789694,1.145405193,0 103.914848921,1.145441367,0 103.915079933,1.145549891,0 103.915210043,1.145640328,0 103.915210043,1.14569459,0 103.915192073,1.145712677,0 103.915192073,1.145766939,0 103.915210043,1.145785026,0 103.915210043,1.145839288,0 103.915228013,1.145857376,0 103.915228013,1.145877724,0 103.915321457,1.145875463,0 103.915317862,1.145857376,0 103.915373769,1.145803114,0 103.915479592,1.145741985,0 103.915515532,1.145714841,0 103.915710911,1.145549891,0 103.915750602,1.145495629,0 103.915782607,1.145405193,0 103.915789515,1.145350931,0 103.915777682,1.145278581,0 103.915755646,1.14522432,0 103.915569442,1.144956134,0 103.915385824,1.144717875,0 103.915301998,1.144627438,0 103.915281347,1.144591263,0 103.915280218,1.144555089,0 103.915288074,1.144537001,0 103.915377045,1.144446565,0 103.915407145,1.144392303,0 103.915425481,1.144338041,0 103.915487341,1.143958207,0 103.915522763,1.143813509,0 103.915530643,1.143723072,0 103.915507176,1.143632636,0 103.915263952,1.143302757,0 103.915228013,1.143264664,0 103.915174103,1.143236148,0 103.915048313,1.143234942,0 103.914886584,1.143211742,0 
					</coordinates>
				</LinearRing>
			</outerBoundaryIs>
		</Polygon>
	</Placemark>
	<Placemark>
		<name>0-5m</name>
		<styleUrl>#style.#FFA80000..0.255</styleUrl>
		<Polygon>
			<tessellate>1</tessellate>
			<outerBoundaryIs>
				<LinearRing>
					<coordinates>
						103.91612651,1.140759336,0 103.91609057,1.140762451,0 103.9160726,1.140771304,0 103.91601869,1.140816747,0 103.915614333,1.141317459,0 103.9155764,1.141371721,0 103.915549046,1.141425983,0 103.915540025,1.141480245,0 103.915551472,1.141509977,0 103.915573739,1.141534507,0 103.915623351,1.141561099,0 103.91614448,1.141713206,0 103.91621636,1.141739054,0 103.916324179,1.141792117,0 103.916540643,1.14191434,0 103.916593729,1.141934229,0 103.916629669,1.141936916,0 103.916665609,1.141932363,0 103.917132827,1.141826507,0 103.9171935,1.141805817,0 103.917222677,1.141789773,0 103.917243412,1.141769642,0 103.917252475,1.141751555,0 103.91725682,1.141697293,0 103.917230314,1.141552594,0 103.917204707,1.141498916,0 103.917171163,1.141462158,0 103.917042685,1.141371721,0 103.916929493,1.141281284,0 103.916827338,1.1412127,0 103.916378089,1.140954569,0 103.91619839,1.140797407,0 103.91616245,1.140773673,0 103.91612651,1.140759336,0 
					</coordinates>
				</LinearRing>
			</outerBoundaryIs>
		</Polygon>
	</Placemark>
	<Placemark>
		<name>5-10m</name>
		<styleUrl>#style.#FFF16100..0.255</styleUrl>
		<Polygon>
			<tessellate>1</tessellate>
			<outerBoundaryIs>
				<LinearRing>
					<coordinates>
						103.906984535,1.149312053,0 103.906961836,1.149312053,0 103.906961836,1.14933014,0 103.906907926,1.14933014,0 103.906907926,1.149348228,0 103.906871986,1.149348228,0 103.906871986,1.149366315,0 103.906818076,1.149366315,0 103.906818076,1.149384402,0 103.906764166,1.149384402,0 103.906764166,1.14940249,0 103.906728226,1.14940249,0 103.906728226,1.149420577,0 103.906674317,1.149420577,0 103.906674317,1.149438664,0 103.906620407,1.149438664,0 103.906620407,1.149456752,0 103.906584467,1.149456752,0 103.906584467,1.149474839,0 103.906575174,1.149474839,0 103.906584467,1.149512892,0 103.906672243,1.149547188,0 103.906695573,1.149565276,0 103.906710257,1.149585775,0 103.906733958,1.149655712,0 103.906759032,1.149691887,0 103.906802016,1.149728061,0 103.906861467,1.149764236,0 103.906875915,1.149782323,0 103.906874697,1.149818498,0 103.906795781,1.149945109,0 103.906776116,1.149999371,0 103.906780528,1.150035546,0 103.906791158,1.150053633,0 103.906871986,1.150124,0 103.906888701,1.150162157,0 103.906856522,1.150632427,0 103.906846588,1.150686689,0 103.906831419,1.150722864,0 103.906800106,1.150750641,0 103.906656347,1.150776936,0 103.906476647,1.150864607,0 103.906314918,1.150905897,0 103.906207098,1.150948589,0 103.906095244,1.151012261,0 103.905685969,1.15129249,0 103.90559612,1.151338199,0 103.90543439,1.151409693,0 103.90538048,1.151427697,0 103.90534454,1.151425825,0 103.90532657,1.151416093,0 103.905272661,1.151362978,0 103.905218751,1.15128666,0 103.905121976,1.151120785,0 103.905092961,1.151083583,0 103.905003111,1.151022715,0 103.904913262,1.150949611,0 103.90481456,1.15088565,0 103.904777615,1.150849475,0 103.904771282,1.150831388,0 103.904776182,1.1508133,0 103.904791665,1.150795213,0 103.904859352,1.150741023,0 103.904873389,1.150722864,0 103.904934768,1.150596253,0 103.904938439,1.150541991,0 103.904863585,1.150415379,0 103.904842133,1.15034303,0 103.904835826,1.150288768,0 103.904852178,1.150216419,0 103.904923595,1.150035546,0 103.905001896,1.14987276,0 103.905012041,1.149818498,0 103.9050085,1.149800411,0 103.905003111,1.149782323,0 103.904967171,1.149782323,0 103.904967171,1.149800411,0 103.904931232,1.149800411,0 103.904931232,1.149818498,0 103.904895292,1.149818498,0 103.904895292,1.149836585,0 103.904859352,1.149836585,0 103.904859352,1.149854673,0 103.904805442,1.149854673,0 103.904805442,1.14987276,0 103.904769502,1.14987276,0 103.904769502,1.149890847,0 103.904751532,1.149890847,0 103.904765998,1.149908935,0 103.904778128,1.149927022,0 103.904776523,1.149981284,0 103.904709459,1.150125982,0 103.904693806,1.150180244,0 103.904698311,1.15034303,0 103.904724603,1.150469641,0 103.904724629,1.150560078,0 103.904708369,1.150596253,0 103.904625742,1.150671287,0 103.904596621,1.150722864,0 103.904594662,1.150795213,0 103.904618922,1.15088565,0 103.904636307,1.150921824,0 103.904661682,1.150953215,0 103.904766284,1.151030348,0 103.904880168,1.151156959,0 103.904913262,1.151179598,0 103.904985141,1.151208885,0 103.905021081,1.151242797,0 103.90532657,1.151779564,0 103.90541642,1.15190605,0 103.90545236,1.151939809,0 103.9054883,1.151958306,0 103.90552424,1.151960462,0 103.905579861,1.151952801,0 103.905685969,1.151909859,0 103.905775819,1.151857874,0 103.906636539,1.151265483,0 103.906710257,1.151232275,0 103.906782136,1.151213517,0 103.907015746,1.151195619,0 103.907033716,1.151187849,0 103.907060131,1.151156959,0 103.907073109,1.151120785,0 103.907082692,1.151048435,0 103.907135998,1.150125982,0 103.907123565,1.150089808,0 103.907088369,1.150053633,0 103.907051686,1.150031762,0 103.906943866,1.149989327,0 103.906917812,1.149963197,0 103.90691596,1.149945109,0 103.906931275,1.149908935,0 103.907064742,1.149764236,0 103.907088289,1.149728061,0 103.907107762,1.149673799,0 103.907106711,1.149637625,0 103.907088823,1.149583363,0 103.90706836,1.149420577,0 103.907051686,1.14939558,0 103.907009324,1.149366315,0 103.906984535,1.14933014,0 103.906984535,1.149312053,0 
					</coordinates>
				</LinearRing>
			</outerBoundaryIs>
		</Polygon>
	</Placemark>
	<Placemark>
		<name>5-10m</name>
		<styleUrl>#style.#FFF16100..0.255</styleUrl>
		<Polygon>
			<tessellate>1</tessellate>
			<outerBoundaryIs>
				<LinearRing>
					<coordinates>
						103.916360119,1.142434652,0 103.916342149,1.14243514,0 103.915497562,1.142731378,0 103.915407712,1.142758415,0 103.915371772,1.142758489,0 103.915299892,1.142719454,0 103.915245983,1.142699397,0 103.915210043,1.142695493,0 103.915156133,1.142706427,0 103.914257635,1.143017667,0 103.914221695,1.14301599,0 103.914185756,1.143002064,0 103.914149816,1.142977493,0 103.914077936,1.142913424,0 103.913988086,1.142870214,0 103.913970116,1.142872968,0 103.913934176,1.142872968,0 103.913952146,1.142891056,0 103.913952146,1.142981492,0 103.913970116,1.142999579,0 103.913970116,1.143090016,0 103.913988086,1.143108103,0 103.913988086,1.14319854,0 103.914006056,1.143216627,0 103.914006056,1.143307064,0 103.914024026,1.143325151,0 103.914041996,1.143325151,0 103.914059966,1.143315424,0 103.914095906,1.143290451,0 103.914167786,1.143288844,0 103.914257635,1.14332677,0 103.914311545,1.143343181,0 103.914365455,1.143352251,0 103.914419365,1.143351708,0 103.914778764,1.143229663,0 103.914832674,1.143216449,0 103.914886584,1.143211742,0 103.915048313,1.143234942,0 103.915174103,1.143236148,0 103.915228013,1.143264664,0 103.915263952,1.143302757,0 103.915507176,1.143632636,0 103.915530643,1.143723072,0 103.915522763,1.143813509,0 103.915487341,1.143958207,0 103.915425481,1.144338041,0 103.915407145,1.144392303,0 103.915377045,1.144446565,0 103.915288074,1.144537001,0 103.915280218,1.144555089,0 103.915281347,1.144591263,0 103.915301998,1.144627438,0 103.915385824,1.144717875,0 103.915569442,1.144956134,0 103.915755646,1.14522432,0 103.915777682,1.145278581,0 103.915789515,1.145350931,0 103.915782607,1.145405193,0 103.915750602,1.145495629,0 103.915710911,1.145549891,0 103.915515532,1.145714841,0 103.915479592,1.145741985,0 103.915373769,1.145803114,0 103.915317862,1.145857376,0 103.915321457,1.145875463,0 103.915228013,1.145877724,0 103.915228013,1.145857376,0 103.915210043,1.145839288,0 103.915210043,1.145785026,0 103.915192073,1.145766939,0 103.915192073,1.145712677,0 103.915210043,1.14569459,0 103.915210043,1.145640328,0 103.915079933,1.145549891,0 103.914848921,1.145441367,0 103.914789694,1.145405193,0 103.914753858,1.145369018,0 103.914674778,1.145260494,0 103.914563124,1.145123845,0 103.914527185,1.145084774,0 103.914491245,1.145056731,0 103.914437335,1.145037625,0 103.914365455,1.145044746,0 103.914329515,1.145040018,0 103.914279284,1.145007272,0 103.914101766,1.144754049,0 103.913970116,1.14444943,0 103.913952146,1.144427798,0 103.913916206,1.14441039,0 103.913880266,1.144413825,0 103.913844326,1.14442749,0 103.913736507,1.144485977,0 103.913610717,1.144572959,0 103.913341168,1.144790504,0 103.913305228,1.14479149,0 103.913287258,1.144790224,0 103.913287258,1.144808311,0 103.913269288,1.144808311,0 103.913269288,1.144826399,0 103.913251318,1.144826399,0 103.913251318,1.144844486,0 103.913233348,1.144844486,0 103.913233348,1.144862573,0 103.913215378,1.144862573,0 103.913215378,1.14488066,0 103.913179438,1.14488066,0 103.913179438,1.144898748,0 103.913161468,1.144898748,0 103.913161468,1.144916835,0 103.913143498,1.144916835,0 103.913143498,1.144934922,0 103.913125528,1.144934922,0 103.913125528,1.14495301,0 103.913107559,1.14495301,0 103.913107559,1.144971097,0 103.913089589,1.144971097,0 103.913089589,1.144989184,0 103.913071619,1.144989184,0 103.913071619,1.145007272,0 103.913053649,1.145007272,0 103.913053649,1.145025359,0 103.913035679,1.145025359,0 103.913035679,1.145043446,0 103.913017709,1.145043446,0 103.913017709,1.145061534,0 103.912999739,1.145061534,0 103.912999739,1.145079621,0 103.912981769,1.145079621,0 103.912981769,1.145097708,0 103.912963799,1.145097708,0 103.912963799,1.145115796,0 103.912945829,1.145115796,0 103.912945829,1.145133883,0 103.912927859,1.145133883,0 103.912927859,1.14515197,0 103.912909889,1.14515197,0 103.912909889,1.145170058,0 103.912891919,1.145170058,0 103.912891919,1.145188145,0 103.912855979,1.145188145,0 103.912855979,1.145206232,0 103.912838009,1.145206232,0 103.912838009,1.14522432,0 103.912822664,1.14522432,0 103.912825185,1.145242407,0 103.912865963,1.145314756,0 103.912893681,1.145387105,0 103.913016672,1.145531804,0 103.913029356,1.145567979,0 103.913017709,1.145588697,0 103.912938182,1.145640328,0 103.91267628,1.145768446,0 103.91264034,1.14579777,0 103.912624401,1.145821201,0 103.912610662,1.145875463,0 103.91258643,1.146145265,0 103.912559084,1.146273384,0 103.91253252,1.146325636,0 103.912471123,1.146345733,0 103.91244267,1.146371734,0 103.912423502,1.146399995,0 103.912388761,1.146483475,0 103.912295977,1.146816003,0 103.912304418,1.146870265,0 103.912335094,1.146924527,0 103.912412307,1.147014964,0 103.91253252,1.147121129,0 103.91255049,1.147149327,0 103.912562407,1.147195837,0 103.912563358,1.147268186,0 103.912536744,1.147575671,0 103.912525692,1.147810806,0 103.912508424,1.14791933,0 103.91247861,1.147966486,0 103.912406731,1.147998144,0 103.912173121,1.148056316,0 103.912119211,1.148062725,0 103.912065301,1.148051023,0 103.912029362,1.148030478,0 103.911957594,1.147973592,0 103.911902606,1.14791933,0 103.911878494,1.147883155,0 103.911867696,1.147828893,0 103.911901169,1.147593758,0 103.91190022,1.147539496,0 103.911888809,1.147485234,0 103.911544173,1.146659332,0 103.911520667,1.146617043,0 103.911490263,1.146581487,0 103.911418383,1.146524597,0 103.911382443,1.14651252,0 103.911346503,1.146509311,0 103.911292594,1.146519658,0 103.911274624,1.146526606,0 103.911256654,1.146508519,0 103.911256654,1.146526606,0 103.911238684,1.146526606,0 103.911238684,1.146544694,0 103.911220714,1.146544694,0 103.911220714,1.146562781,0 103.911202744,1.146562781,0 103.911202744,1.146580868,0 103.911184774,1.146580868,0 103.911184774,1.146598956,0 103.911166804,1.146598956,0 103.911166804,1.14663513,0 103.911148834,1.14663513,0 103.911148834,1.146653218,0 103.911130864,1.146653218,0 103.911130864,1.146671305,0 103.911112894,1.146671305,0 103.911112894,1.146689392,0 103.911094924,1.146689392,0 103.911094924,1.14670748,0 103.911076954,1.14670748,0 103.911076954,1.146725567,0 103.911058984,1.146725567,0 103.911058984,1.146743654,0 103.911041014,1.146743654,0 103.911041014,1.146761741,0 103.911023044,1.146761741,0 103.911023044,1.146779829,0 103.911005074,1.146779829,0 103.911005074,1.146816003,0 103.910987104,1.146816003,0 103.910987104,1.146834091,0 103.910969135,1.146834091,0 103.910969135,1.146852178,0 103.910951165,1.146852178,0 103.910951165,1.146870265,0 103.910933195,1.146870265,0 103.910933195,1.146888353,0 103.910915225,1.146888353,0 103.910915225,1.14690644,0 103.910897255,1.14690644,0 103.910897255,1.146924527,0 103.910879285,1.146924527,0 103.910879285,1.146942615,0 103.910861315,1.146942615,0 103.910861315,1.146960702,0 103.910843345,1.146960702,0 103.910843345,1.146996877,0 103.910825375,1.146996877,0 103.910825375,1.147014964,0 103.910807405,1.147014964,0 103.910807405,1.147033051,0 103.910789435,1.147033051,0 103.910789435,1.147051139,0 103.910771465,1.147051139,0 103.910771465,1.147069226,0 103.910753495,1.147069226,0 103.910771465,1.147078518,0 103.910789435,1.147078518,0 103.910807405,1.147071764,0 103.910969135,1.146956107,0 103.911184774,1.146784418,0 103.911256654,1.146733631,0 103.911292594,1.146715069,0 103.911328534,1.146708154,0 103.911364473,1.146715808,0 103.911382443,1.146725294,0 103.911415453,1.146761741,0 103.911432567,1.146797916,0 103.911475431,1.146942615,0 103.911620832,1.147286274,0 103.911648908,1.14737671,0 103.911649936,1.147467147,0 103.911558479,1.148009766,0 103.911565611,1.148082116,0 103.911603392,1.148136378,0 103.911787623,1.148317251,0 103.911885602,1.148401199,0 103.911922176,1.148425775,0 103.911975452,1.148438337,0 103.912029362,1.148430602,0 103.91271222,1.148260541,0 103.912766129,1.148244822,0 103.912802069,1.148225828,0 103.912829068,1.14819064,0 103.912842864,1.148136378,0 103.91288612,1.147792719,0 103.912900358,1.147503321,0 103.912927859,1.147323376,0 103.912956325,1.147232012,0 103.912999568,1.147141575,0 103.913064028,1.147051139,0 103.913198692,1.146888353,0 103.913237614,1.146816003,0 103.913247171,1.146761741,0 103.913234643,1.146327646,0 103.913240148,1.146219122,0 103.913251318,1.146169382,0 103.913269288,1.146134946,0 103.913287258,1.146118083,0 103.913331491,1.146092511,0 103.913342731,1.146074423,0 103.913395078,1.145825375,0 103.913495462,1.145477542,0 103.913484927,1.145432099,0 103.913448988,1.14540703,0 103.913377108,1.145396352,0 103.913251318,1.145395442,0 103.913217894,1.145387105,0 103.913197408,1.145376185,0 103.913161468,1.145341065,0 103.913107559,1.145253209,0 103.913096097,1.14522432,0 103.913098683,1.145188145,0 103.91311715,1.14515197,0 103.913161468,1.145105598,0 103.913269288,1.145020846,0 103.913359138,1.144960604,0 103.913413048,1.144931898,0 103.913466958,1.144911529,0 103.913574777,1.144886773,0 103.913628687,1.144879733,0 103.913664627,1.144886217,0 103.913684825,1.144898748,0 103.913746821,1.144989184,0 103.913880266,1.145150416,0 103.914031806,1.145387105,0 103.914053023,1.145441367,0 103.914055844,1.145477542,0 103.914041996,1.145518682,0 103.913988086,1.145595765,0 103.913602261,1.1459659,0 103.913557369,1.146020162,0 103.913550817,1.146038249,0 103.913556807,1.146051815,0 103.913574777,1.14605886,0 103.913610717,1.146058446,0 103.913718537,1.14604008,0 103.914311545,1.145901898,0 103.914419365,1.145895072,0 103.914491245,1.145895579,0 103.914527185,1.145901535,0 103.914581094,1.145931752,0 103.914652974,1.146005547,0 103.915077177,1.146544694,0 103.915109186,1.146617043,0 103.915114279,1.146653218,0 103.915110121,1.146725567,0 103.915121097,1.146761741,0 103.915167241,1.146816003,0 103.915245983,1.146873077,0 103.91527682,1.14690644,0 103.915293005,1.146942615,0 103.915317862,1.147064228,0 103.915335832,1.147099146,0 103.915353802,1.147116308,0 103.915371772,1.147124197,0 103.915533502,1.147149096,0 103.915695231,1.147139484,0 103.915892901,1.147163482,0 103.915946811,1.147165847,0 103.91601869,1.147155385,0 103.916128039,1.147123488,0 103.91617185,1.147105401,0 103.91619839,1.147083937,0 103.916216065,1.147051139,0 103.91624464,1.146924527,0 103.916395011,1.14643617,0 103.916411587,1.146363821,0 103.916410012,1.146327646,0 103.916396059,1.146296859,0 103.916303721,1.146219122,0 103.916271096,1.14616486,0 103.916261721,1.146110598,0 103.916252808,1.145947812,0 103.916255583,1.145911638,0 103.916269389,1.145875463,0 103.916342462,1.145785026,0 103.916360681,1.145748852,0 103.916379453,1.145622241,0 103.916379234,1.145567979,0 103.916365134,1.145495629,0 103.916223003,1.145061534,0 103.916187705,1.145007272,0 103.916065662,1.14488066,0 103.915952874,1.144717875,0 103.91593248,1.144663613,0 103.91593429,1.144609351,0 103.916035005,1.144338041,0 103.916063936,1.144283779,0 103.916081275,1.144265692,0 103.916111007,1.144247604,0 103.9162523,1.144210538,0 103.91627027,1.144198865,0 103.91628824,1.144166211,0 103.916321956,1.144012469,0 103.916343777,1.143795421,0 103.916360119,1.143755665,0 103.916396059,1.143733625,0 103.916431999,1.143730626,0 103.916467939,1.143742271,0 103.916489497,1.143759247,0 103.916502615,1.143777334,0 103.916557789,1.143955983,0 103.916593729,1.144044501,0 103.916629669,1.144099608,0 103.916647639,1.144112832,0 103.916665609,1.144115078,0 103.916719518,1.144075243,0 103.917051898,1.143777334,0 103.91709082,1.143723072,0 103.917093139,1.143704985,0 103.917082653,1.14366881,0 103.917057506,1.143632636,0 103.917021757,1.143596461,0 103.916773428,1.143384496,0 103.916701548,1.14334819,0 103.916575759,1.143326555,0 103.916557789,1.143315115,0 103.916539819,1.143290316,0 103.916524977,1.143234715,0 103.916455019,1.142710182,0 103.916431999,1.142580356,0 103.916396059,1.142471635,0 103.916378089,1.142445854,0 103.916360119,1.142434652,0 
					</coordinates>
				</LinearRing>
			</outerBoundaryIs>
		</Polygon>
	</Placemark>
	<Placemark>
		<name>5-10m</name>
		<styleUrl>#style.#FFF16100..0.255</styleUrl>
		<Polygon>
			<tessellate>1</tessellate>
			<outerBoundaryIs>
				<LinearRing>
					<coordinates>
						103.91612651,1.140345183,0 103.91610854,1.140345841,0 103.91609057,1.140351302,0 103.91603666,1.140393956,0 103.915623351,1.140902237,0 103.915569442,1.140956128,0 103.915497562,1.141014688,0 103.915479592,1.141014688,0 103.915461622,1.141028062,0 103.915443652,1.141028062,0 103.915443652,1.141046149,0 103.915425682,1.141046149,0 103.915425682,1.141100411,0 103.915407712,1.141100411,0 103.915407712,1.141136586,0 103.915389742,1.141136586,0 103.915389742,1.141190848,0 103.915371772,1.141190848,0 103.915371772,1.141227022,0 103.915353802,1.141227022,0 103.915353802,1.141281284,0 103.915335832,1.141281284,0 103.915335832,1.141317459,0 103.915317862,1.141317459,0 103.915317862,1.141371721,0 103.915299892,1.141371721,0 103.915299892,1.141407896,0 103.915281922,1.141407896,0 103.915281922,1.141462158,0 103.915263952,1.141462158,0 103.915263952,1.141498332,0 103.915245983,1.141498332,0 103.915245983,1.141552594,0 103.915228013,1.141552594,0 103.915228013,1.141588769,0 103.915192073,1.141588769,0 103.915192073,1.141606856,0 103.915156133,1.141606856,0 103.915156133,1.141624943,0 103.915120193,1.141624943,0 103.915120193,1.141643031,0 103.915084253,1.141643031,0 103.915084253,1.141661118,0 103.915048313,1.141661118,0 103.915048313,1.141679205,0 103.915012373,1.141679205,0 103.915012373,1.141697293,0 103.914994403,1.141697293,0 103.914994403,1.14171538,0 103.914958463,1.14171538,0 103.914958463,1.141733467,0 103.914922523,1.141733467,0 103.914922523,1.141751555,0 103.914886584,1.141751555,0 103.914886584,1.141769642,0 103.914850644,1.141769642,0 103.914850644,1.141787729,0 103.914814704,1.141787729,0 103.914814704,1.141805817,0 103.914778764,1.141805817,0 103.914778764,1.141823904,0 103.914760794,1.141823904,0 103.914760794,1.141841991,0 103.914724854,1.141841991,0 103.914724854,1.141860079,0 103.914688914,1.141860079,0 103.914688914,1.141878166,0 103.914652974,1.141878166,0 103.914652974,1.141896253,0 103.914617034,1.141896253,0 103.914617034,1.14191434,0 103.914581094,1.14191434,0 103.914581094,1.141932428,0 103.914545154,1.141932428,0 103.914545154,1.141950515,0 103.914527185,1.141950515,0 103.914527185,1.141968602,0 103.914491245,1.141968602,0 103.914491245,1.14198669,0 103.914455305,1.14198669,0 103.914455305,1.142004777,0 103.914419365,1.142004777,0 103.914419365,1.142022864,0 103.914383425,1.142022864,0 103.914383425,1.142040952,0 103.914347485,1.142040952,0 103.914347485,1.142059039,0 103.914338063,1.142059039,0 103.914338063,1.142077126,0 103.914347485,1.142096541,0 103.914383425,1.142109869,0 103.914401395,1.142111826,0 103.914796734,1.142220136,0 103.914976433,1.14225759,0 103.915030343,1.142263434,0 103.915102223,1.1422628,0 103.915174103,1.142243953,0 103.915210043,1.142239523,0 103.915245983,1.142244086,0 103.915317862,1.142264757,0 103.915371772,1.142271063,0 103.91619839,1.142264473,0 103.91630621,1.142274604,0 103.916396059,1.142296165,0 103.916431999,1.14229825,0 103.916503879,1.142288854,0 103.916702119,1.142239912,0 103.917618016,1.142033535,0 103.917689896,1.142011166,0 103.917727713,1.14198669,0 103.917745675,1.141950515,0 103.917739604,1.141878166,0 103.917666025,1.141498332,0 103.917652652,1.141462158,0 103.917618016,1.141416282,0 103.91756327,1.141371721,0 103.917288498,1.141190848,0 103.917150797,1.141089476,0 103.916935158,1.140945551,0 103.916583212,1.140738665,0 103.916540671,1.14070249,0 103.916414029,1.140575221,0 103.91619839,1.140384186,0 103.91614448,1.140349416,0 103.91612651,1.140345183,0 
					</coordinates>
				</LinearRing>
			</outerBoundaryIs>
			<innerBoundaryIs>
				<LinearRing>
					<coordinates>
						103.91612651,1.140759336,0 103.91616245,1.140773673,0 103.91619839,1.140797407,0 103.916378089,1.140954569,0 103.916827338,1.1412127,0 103.916929493,1.141281284,0 103.917042685,1.141371721,0 103.917171163,1.141462158,0 103.917204707,1.141498916,0 103.917230314,1.141552594,0 103.91725682,1.141697293,0 103.917252475,1.141751555,0 103.917243412,1.141769642,0 103.917222677,1.141789773,0 103.9171935,1.141805817,0 103.917132827,1.141826507,0 103.916665609,1.141932363,0 103.916629669,1.141936916,0 103.916593729,1.141934229,0 103.916540643,1.14191434,0 103.916324179,1.141792117,0 103.91621636,1.141739054,0 103.91614448,1.141713206,0 103.915623351,1.141561099,0 103.915573739,1.141534507,0 103.915551472,1.141509977,0 103.915540025,1.141480245,0 103.915549046,1.141425983,0 103.9155764,1.141371721,0 103.915614333,1.141317459,0 103.91601869,1.140816747,0 103.9160726,1.140771304,0 103.91609057,1.140762451,0 103.91612651,1.140759336,0 
					</coordinates>
				</LinearRing>
			</innerBoundaryIs>
		</Polygon>
	</Placemark>
	<Placemark>
		<name>5-10m</name>
		<styleUrl>#style.#FFF16100..0.255</styleUrl>
		<Polygon>
			<tessellate>1</tessellate>
			<outerBoundaryIs>
				<LinearRing>
					<coordinates>
						103.904661682,1.153935357,0 103.904643712,1.153935463,0 103.904589802,1.153947396,0 103.904535893,1.153967919,0 103.904481983,1.153977456,0 103.904446043,1.153979887,0 103.904428073,1.153979286,0 103.904320253,1.153967654,0 103.904266343,1.153966902,0 103.904212434,1.153972633,0 103.904086644,1.153998063,0 103.904050704,1.154010593,0 103.904014764,1.154041457,0 103.90398183,1.154087105,0 103.903954882,1.154141367,0 103.903906944,1.154182143,0 103.903817095,1.154227269,0 103.903727245,1.154267505,0 103.903619425,1.15429915,0 103.903439726,1.154341391,0 103.903385816,1.154350326,0 103.903331906,1.154351202,0 103.903260026,1.154345212,0 103.903134237,1.154317869,0 103.903098297,1.154312503,0 103.903062357,1.154314859,0 103.903008447,1.154328179,0 103.902792808,1.154409268,0 103.902716817,1.154448851,0 103.902665443,1.154485026,0 103.902595138,1.154560897,0 103.902505288,1.154624895,0 103.902451378,1.154649857,0 103.902361529,1.15468491,0 103.90203807,1.154836525,0 103.90200213,1.154850163,0 103.90193025,1.154870997,0 103.90187634,1.154883458,0 103.90178649,1.154895187,0 103.901660701,1.154918268,0 103.901481001,1.154931491,0 103.901445061,1.154936071,0 103.901391151,1.154950458,0 103.901301302,1.154981229,0 103.901265362,1.15498464,0 103.901229422,1.154980747,0 103.901211452,1.154976562,0 103.901067692,1.15492359,0 103.901013783,1.154910207,0 103.900923933,1.154907031,0 103.900816113,1.154896587,0 103.900780173,1.154898691,0 103.900708293,1.15491034,0 103.900654384,1.154924052,0 103.900501639,1.154973383,0 103.900312954,1.155052009,0 103.900115285,1.155119425,0 103.90004468,1.155154256,0 103.899899646,1.155243792,0 103.899845736,1.155268365,0 103.899809796,1.155278441,0 103.899576187,1.155326156,0 103.899486337,1.15535037,0 103.899450397,1.155372232,0 103.899270697,1.155517404,0 103.899216788,1.155542937,0 103.899198818,1.155547671,0 103.899162878,1.155549837,0 103.899108968,1.155544089,0 103.899037088,1.155530316,0 103.899001148,1.155527759,0 103.898965208,1.155531904,0 103.898911298,1.155553173,0 103.898893328,1.155558369,0 103.898857389,1.155563156,0 103.898821449,1.155561415,0 103.898767539,1.155551086,0 103.898695659,1.155540965,0 103.898641749,1.15554033,0 103.898605809,1.155546664,0 103.89848002,1.155579692,0 103.89844408,1.155602133,0 103.89842176,1.155624526,0 103.898288304,1.1558054,0 103.89822844,1.155874966,0 103.898174531,1.15591999,0 103.898066711,1.155989959,0 103.898030771,1.156024416,0 103.897790307,1.156384194,0 103.897756105,1.156420368,0 103.897725282,1.156439079,0 103.897707312,1.15644518,0 103.897689342,1.156456543,0 103.897671372,1.156456543,0 103.897671372,1.15647463,0 103.897689342,1.156492718,0 103.897707312,1.156510805,0 103.897707312,1.156528892,0 103.897725282,1.156546979,0 103.897743252,1.156565067,0 103.897743252,1.156583154,0 103.897761222,1.156601241,0 103.897779192,1.156619329,0 103.897779192,1.156637416,0 103.897797162,1.156655503,0 103.897815132,1.156673591,0 103.897833101,1.156691678,0 103.897833101,1.156709765,0 103.897851071,1.156727853,0 103.897869041,1.15674594,0 103.897869041,1.156764027,0 103.897887011,1.156782115,0 103.897904981,1.156782115,0 103.897922951,1.156767803,0 103.89796823,1.15674594,0 103.898007599,1.156709765,0 103.898120621,1.156544432,0 103.898174531,1.156478851,0 103.89821047,1.156447443,0 103.8983722,1.156346456,0 103.89842611,1.156305653,0 103.89848002,1.156248472,0 103.898605809,1.156090747,0 103.898641749,1.156058031,0 103.898677689,1.156036067,0 103.898803479,1.155976691,0 103.898857389,1.155964079,0 103.898911298,1.155962709,0 103.898947238,1.155956155,0 103.899001148,1.155936424,0 103.899055058,1.155901401,0 103.899090998,1.155883645,0 103.899126938,1.155875596,0 103.899216788,1.155869557,0 103.899252727,1.155858664,0 103.899270697,1.155849546,0 103.899324607,1.155813831,0 103.899612126,1.155580841,0 103.899755886,1.155489581,0 103.899881676,1.155433117,0 103.899917616,1.155413676,0 103.900133255,1.155278126,0 103.900205135,1.155239025,0 103.900366864,1.155180018,0 103.900564534,1.155089955,0 103.900690323,1.155043178,0 103.900726263,1.155034644,0 103.900762203,1.155034401,0 103.900798143,1.155043336,0 103.900870023,1.155071733,0 103.900959873,1.15509853,0 103.901265362,1.155215284,0 103.901301302,1.155223816,0 103.901337242,1.155225674,0 103.901373182,1.155219681,0 103.901445061,1.155198152,0 103.901481001,1.155193551,0 103.901696641,1.15520165,0 103.90187634,1.155198946,0 103.90191228,1.155195806,0 103.90198416,1.155182292,0 103.90207401,1.155160791,0 103.902397469,1.155057868,0 103.902433409,1.155050352,0 103.902505288,1.155042291,0 103.902541228,1.155035161,0 103.902631078,1.155001871,0 103.902667018,1.154982666,0 103.902756868,1.154925959,0 103.902828747,1.154859595,0 103.902857921,1.154810597,0 103.902882657,1.154742546,0 103.902957111,1.154466938,0 103.902971169,1.154448851,0 103.903008447,1.154422237,0 103.903044387,1.154407078,0 103.903080327,1.154401311,0 103.903098297,1.154402953,0 103.903116267,1.154407995,0 103.903156752,1.154430764,0 103.903186824,1.154466938,0 103.903234133,1.154629724,0 103.903259789,1.154683986,0 103.903277996,1.154708231,0 103.903295966,1.154724651,0 103.903349876,1.154746436,0 103.903385816,1.154754757,0 103.903403786,1.154755829,0 103.903421756,1.154751303,0 103.903457696,1.154730253,0 103.903493636,1.154716253,0 103.903583485,1.154703365,0 103.903619425,1.154691769,0 103.903745215,1.154618388,0 103.903781155,1.154579432,0 103.903799125,1.154542576,0 103.903859159,1.154304152,0 103.903872745,1.154286065,0 103.903942884,1.154244557,0 103.903996794,1.154197842,0 103.904050704,1.154140972,0 103.904068674,1.154130957,0 103.904104614,1.154115723,0 103.904158524,1.154103984,0 103.904266343,1.1540743,0 103.904302283,1.154070481,0 103.904338223,1.154072306,0 103.904464013,1.154101693,0 103.904499953,1.154107498,0 103.904535893,1.154110053,0 103.904571833,1.154108955,0 103.904603241,1.154105192,0 103.904715592,1.154075513,0 103.904733562,1.154073407,0 103.904751532,1.154074353,0 103.904789173,1.154087105,0 103.904805442,1.154099479,0 103.904821857,1.154123279,0 103.904832063,1.154195628,0 103.904804238,1.154557375,0 103.904800616,1.154810597,0 103.904805661,1.154901034,0 103.904820867,1.15499147,0 103.90483075,1.155009558,0 103.904859352,1.155039005,0 103.904895292,1.155058531,0 103.904913262,1.155061415,0 103.904931232,1.155060512,0 103.9054883,1.154977592,0 103.90556018,1.154973682,0 103.90559612,1.154978133,0 103.90561409,1.154983454,0 103.90563206,1.154991753,0 103.905653182,1.155009558,0 103.905706548,1.155081907,0 103.905919579,1.155431418,0 103.905937549,1.155439408,0 103.905991459,1.155439408,0 103.905991459,1.155443653,0 103.906009428,1.155443653,0 103.906009428,1.155425566,0 103.906027398,1.155425566,0 103.906027398,1.155389391,0 103.906045368,1.155389391,0 103.906045368,1.155371304,0 103.906063338,1.155371304,0 103.906063338,1.155353217,0 103.906081308,1.155353217,0 103.906081308,1.155335129,0 103.906099278,1.155335129,0 103.906099278,1.155317042,0 103.906117248,1.155317042,0 103.906117248,1.155298955,0 103.906135218,1.155298955,0 103.906135218,1.155280867,0 103.906153188,1.155280867,0 103.906153188,1.15526278,0 103.906171158,1.15526278,0 103.906171158,1.155244693,0 103.906189128,1.155244693,0 103.906189128,1.155226605,0 103.906207098,1.155226605,0 103.906207098,1.155208518,0 103.906225068,1.155208518,0 103.906225068,1.155190431,0 103.906243038,1.155190431,0 103.906243038,1.155172344,0 103.906261008,1.155172344,0 103.906261008,1.155154256,0 103.906278978,1.155154256,0 103.906278978,1.155136169,0 103.906296948,1.155136169,0 103.906296948,1.155099994,0 103.906314918,1.155099994,0 103.906314918,1.155081907,0 103.906332888,1.155081907,0 103.906332888,1.15506382,0 103.906350858,1.15506382,0 103.906350858,1.155045732,0 103.906368827,1.155045732,0 103.906368827,1.155027645,0 103.906386797,1.155027645,0 103.906386797,1.155009558,0 103.906404767,1.155009558,0 103.906404767,1.15499147,0 103.906422737,1.15499147,0 103.906422737,1.154973383,0 103.906440707,1.154973383,0 103.906440707,1.154955296,0 103.906458677,1.154955296,0 103.906458677,1.154937208,0 103.906476647,1.154937208,0 103.906476647,1.154919121,0 103.906494617,1.154919121,0 103.906494617,1.154901034,0 103.906512587,1.154901034,0 103.906512587,1.154882946,0 103.906530557,1.154882946,0 103.906530557,1.154864859,0 103.906548527,1.154864859,0 103.906548527,1.154846772,0 103.906566497,1.154846772,0 103.906566497,1.154810597,0 103.906584467,1.154810597,0 103.906584467,1.15479251,0 103.906602437,1.15479251,0 103.906602437,1.154774423,0 103.906620407,1.154774423,0 103.906620407,1.154756335,0 103.906638377,1.154756335,0 103.906638377,1.154738248,0 103.906656347,1.154738248,0 103.906656347,1.154720161,0 103.906674317,1.154720161,0 103.906674317,1.154702073,0 103.906692287,1.154702073,0 103.906692287,1.154683986,0 103.906710257,1.154683986,0 103.906710257,1.154665899,0 103.906728226,1.154665899,0 103.906728226,1.154647811,0 103.906746196,1.154647811,0 103.906746196,1.154629724,0 103.906764166,1.154629724,0 103.906764166,1.154611637,0 103.906782136,1.154611637,0 103.906782136,1.154593549,0 103.906800106,1.154593549,0 103.906800106,1.154575462,0 103.906818076,1.154575462,0 103.906818076,1.154557375,0 103.906836046,1.154557375,0 103.906836046,1.15450422,0 103.906782136,1.15450422,0 103.906754183,1.154485026,0 103.906728226,1.154458717,0 103.906652939,1.154358414,0 103.906620407,1.154327909,0 103.906584467,1.154313286,0 103.906566497,1.154310128,0 103.906530557,1.154308202,0 103.906476647,1.154311547,0 103.906404767,1.154320793,0 103.904967171,1.154538564,0 103.904949201,1.154540124,0 103.904931232,1.154537027,0 103.904907766,1.1545212,0 103.904893836,1.154485026,0 103.904889001,1.154358414,0 103.904894264,1.154177541,0 103.90488736,1.154123279,0 103.904870806,1.154087105,0 103.904841382,1.154046293,0 103.904805442,1.154009789,0 103.904751532,1.153968787,0 103.904697622,1.153943339,0 103.904661682,1.153935357,0 
					</coordinates>
				</LinearRing>
			</outerBoundaryIs>
		</Polygon>
	</Placemark>
	<Placemark>
		<name>5-10m</name>
		<styleUrl>#style.#FFF16100..0.255</styleUrl>
		<Polygon>
			<tessellate>1</tessellate>
			<outerBoundaryIs>
				<LinearRing>
					<coordinates>
						103.919217527,1.138043654,0 103.919181401,1.138043654,0 103.919181401,1.138061742,0 103.919145462,1.138061742,0 103.919145462,1.138079829,0 103.919091552,1.138079829,0 103.919091552,1.138097916,0 103.919055612,1.138097916,0 103.919055612,1.138116004,0 103.918593364,1.138116004,0 103.918593364,1.138134091,0 103.918563718,1.138152178,0 103.918549333,1.138188353,0 103.918519321,1.138224528,0 103.918472692,1.138314964,0 103.918365584,1.138676711,0 103.918163594,1.139128894,0 103.918111616,1.139201243,0 103.917971169,1.139309767,0 103.917941475,1.13935255,0 103.917926666,1.139418291,0 103.917876451,1.139852386,0 103.917874674,1.140105609,0 103.917885807,1.140177958,0 103.917959445,1.140485643,0 103.917977988,1.140539704,0 103.918012524,1.140593966,0 103.918246964,1.1408465,0 103.918300874,1.140892649,0 103.918354784,1.140922862,0 103.918607219,1.141028062,0 103.918689025,1.141082324,0 103.919014834,1.141516419,0 103.919065378,1.141606856,0 103.919075293,1.141661118,0 103.919054264,1.141841991,0 103.919061602,1.141950515,0 103.919056361,1.14198669,0 103.919022667,1.142059039,0 103.918885178,1.142257999,0 103.918862244,1.142312261,0 103.918853981,1.142366523,0 103.918859761,1.142782532,0 103.918879373,1.142836794,0 103.918988887,1.142981492,0 103.919012088,1.143053841,0 103.919000181,1.143071929,0 103.918983732,1.143090016,0 103.919001702,1.143108103,0 103.919019672,1.143126191,0 103.919109522,1.143126191,0 103.919127492,1.143144278,0 103.919217341,1.143144278,0 103.919235311,1.143162365,0 103.919325161,1.143162365,0 103.919343131,1.143180453,0 103.919432981,1.143180453,0 103.919450951,1.14319854,0 103.9195408,1.14319854,0 103.91955877,1.143216627,0 103.91963065,1.143216627,0 103.91964862,1.143234715,0 103.91973847,1.143234715,0 103.91975644,1.143252802,0 103.91984629,1.143252802,0 103.91982832,1.143234715,0 103.919839444,1.143216627,0 103.919847596,1.14319854,0 103.919825038,1.143126191,0 103.919812854,1.143108103,0 103.919512233,1.142674008,0 103.919477318,1.142637833,0 103.91936267,1.142547397,0 103.919344859,1.142511222,0 103.919338814,1.142475047,0 103.919337365,1.142330349,0 103.919355899,1.142257999,0 103.91938652,1.142203738,0 103.919604863,1.141896253,0 103.919694265,1.141787729,0 103.919707398,1.141733467,0 103.919692113,1.141679205,0 103.91964862,1.141633565,0 103.9195408,1.141569859,0 103.919468921,1.141510911,0 103.919162715,1.141100411,0 103.9191433,1.141064237,0 103.919134566,1.141028062,0 103.919162882,1.140919538,0 103.919151513,1.140829101,0 103.919121769,1.140756752,0 103.919073582,1.140697215,0 103.919019672,1.140659419,0 103.918947792,1.140649691,0 103.918880405,1.140666316,0 103.918804033,1.140702916,0 103.918768093,1.140704422,0 103.918714183,1.140687508,0 103.918390724,1.140550731,0 103.918318844,1.140492161,0 103.918219497,1.140376918,0 103.918190255,1.140304569,0 103.918158889,1.140159871,0 103.918153791,1.140087521,0 103.918156113,1.139816212,0 103.918175363,1.139635338,0 103.918193054,1.139561253,0 103.918234984,1.139508727,0 103.918429344,1.139364029,0 103.91848346,1.139309767,0 103.91852532,1.139255505,0 103.918565313,1.139183156,0 103.918800635,1.138658623,0 103.918862195,1.138550099,0 103.918879384,1.138532012,0 103.918911852,1.138516311,0 103.918947792,1.138514807,0 103.919019672,1.138528601,0 103.919055612,1.138524214,0 103.919109522,1.138493045,0 103.919153495,1.138441575,0 103.919244515,1.138296877,0 103.919264083,1.138242615,0 103.919265471,1.138170266,0 103.919253158,1.138134091,0 103.919223981,1.138097916,0 103.919217527,1.138043654,0 
					</coordinates>
				</LinearRing>
			</outerBoundaryIs>
		</Polygon>
	</Placemark>
	<Placemark>
		<name>5-10m</name>
		<styleUrl>#style.#FFF16100..0.255</styleUrl>
		<Polygon>
			<tessellate>1</tessellate>
			<outerBoundaryIs>
				<LinearRing>
					<coordinates>
						103.895640768,1.150849475,0 103.895625001,1.150849475,0 103.895622798,1.15085465,0 103.895586858,1.15085465,0 103.895568888,1.150864343,0 103.895553755,1.150903737,0 103.895557249,1.150939912,0 103.895602402,1.151048435,0 103.895609039,1.151102697,0 103.89559153,1.151156959,0 103.895500035,1.151337833,0 103.8954683,1.151374007,0 103.895425128,1.151403031,0 103.895263399,1.15147035,0 103.895215958,1.151500618,0 103.895176544,1.15155488,0 103.895139232,1.151645317,0 103.895107694,1.151808103,0 103.89505846,1.152242198,0 103.895074001,1.152332635,0 103.895177048,1.152676294,0 103.895174649,1.152748643,0 103.895151507,1.152802905,0 103.89504654,1.152983778,0 103.894999783,1.15311039,0 103.89483212,1.153488061,0 103.894581462,1.154105192,0 103.894577261,1.154177541,0 103.894591614,1.154267978,0 103.894607496,1.15432224,0 103.894633636,1.154376502,0 103.894676361,1.154448851,0 103.894706017,1.154485026,0 103.894787835,1.154539287,0 103.894814049,1.154575462,0 103.894828455,1.154665899,0 103.89481415,1.154736233,0 103.89474227,1.154834901,0 103.89468836,1.154889583,0 103.89463445,1.154917282,0 103.894508661,1.154959844,0 103.894436781,1.155001367,0 103.894382871,1.155041933,0 103.894293021,1.155142593,0 103.893940406,1.155497915,0 103.893864872,1.155588352,0 103.89383529,1.155642614,0 103.893830428,1.155678788,0 103.893843552,1.155769225,0 103.893825803,1.155787312,0 103.893825803,1.1558054,0 103.893843773,1.1558054,0 103.893843773,1.155787312,0 103.893933622,1.155787312,0 103.893933622,1.155769225,0 103.894023472,1.155769225,0 103.894023472,1.155751138,0 103.894095352,1.155751138,0 103.894095352,1.15573305,0 103.894185202,1.15573305,0 103.894185202,1.155714963,0 103.894239112,1.155714963,0 103.894239112,1.155696876,0 103.894246683,1.155678788,0 103.894228829,1.155606439,0 103.894188566,1.15553409,0 103.894176908,1.155497915,0 103.894181853,1.155461741,0 103.894210771,1.155407479,0 103.894269,1.155335129,0 103.894387908,1.155208518,0 103.894433459,1.155118082,0 103.894465311,1.155081907,0 103.894526631,1.155057851,0 103.89463445,1.155045732,0 103.89468836,1.155018833,0 103.8947243,1.15499013,0 103.89476024,1.154946743,0 103.894803121,1.154864859,0 103.894874594,1.154756335,0 103.894939972,1.1545212,0 103.894942216,1.154466938,0 103.894928323,1.154340327,0 103.89493023,1.154267978,0 103.894941632,1.154213716,0 103.895314913,1.153381699,0 103.895344116,1.153237001,0 103.895357223,1.153200826,0 103.895636275,1.152730556,0 103.895645447,1.152676294,0 103.89564143,1.152640119,0 103.895580323,1.152441159,0 103.895568275,1.152350722,0 103.895606081,1.152007063,0 103.895622798,1.151945242,0 103.895658738,1.151899483,0 103.895694677,1.151877275,0 103.896179866,1.151688448,0 103.896233776,1.151655883,0 103.896274825,1.151609142,0 103.896284911,1.15155488,0 103.89626423,1.151482531,0 103.896106858,1.151211221,0 103.896086264,1.151156959,0 103.896090016,1.151137666,0 103.896125956,1.151101704,0 103.896161896,1.1511005,0 103.896179866,1.151088747,0 103.896218073,1.15108461,0 103.896197836,1.15108461,0 103.896179866,1.151066523,0 103.896161896,1.151066523,0 103.896143926,1.151048435,0 103.896107986,1.151048435,0 103.896090016,1.151030348,0 103.896054076,1.151030348,0 103.896036107,1.151012261,0 103.896018137,1.151012261,0 103.896000167,1.150994174,0 103.895964227,1.150994174,0 103.895946257,1.150976086,0 103.895928287,1.150976086,0 103.895910317,1.150957999,0 103.895874377,1.150957999,0 103.895856407,1.150939912,0 103.895838437,1.150939912,0 103.895820467,1.150921824,0 103.895784527,1.150921824,0 103.895766557,1.150903737,0 103.895748587,1.150903737,0 103.895730617,1.15088565,0 103.895694677,1.15088565,0 103.895676708,1.150867562,0 103.895658738,1.150867562,0 103.895640768,1.150849475,0 
					</coordinates>
				</LinearRing>
			</outerBoundaryIs>
		</Polygon>
	</Placemark>
	<Placemark>
		<name>10-15m</name>
		<styleUrl>#style.#FFF8B600..0.255</styleUrl>
		<Polygon>
			<tessellate>1</tessellate>
			<outerBoundaryIs>
				<LinearRing>
					<coordinates>
						103.901013783,1.15372419,0 103.900923933,1.153730686,0 103.900798143,1.153730068,0 103.900726263,1.153732511,0 103.900654384,1.153732803,0 103.900618444,1.153731416,0 103.900546564,1.153725312,0 103.900492654,1.153724367,0 103.900456714,1.153726905,0 103.900384834,1.153735021,0 103.900277015,1.153754308,0 103.900187165,1.153764452,0 103.900115285,1.15378196,0 103.899989495,1.153850503,0 103.899923162,1.153870057,0 103.899809796,1.153909087,0 103.899741823,1.153924319,0 103.899698309,1.153942406,0 103.8996732,1.153960493,0 103.89965227,1.153996668,0 103.899650341,1.154032843,0 103.899666036,1.154071601,0 103.899701976,1.154131108,0 103.899737916,1.154161684,0 103.899755886,1.154170729,0 103.899773856,1.154174063,0 103.899809796,1.154166376,0 103.899845736,1.154153349,0 103.899917616,1.154102104,0 103.899935586,1.154094552,0 103.899953556,1.154090559,0 103.899971525,1.154089438,0 103.900043405,1.154096238,0 103.900097315,1.154095268,0 103.900115285,1.154096299,0 103.900187165,1.154108228,0 103.900223105,1.154111006,0 103.900348894,1.154095129,0 103.900366864,1.154094545,0 103.900474684,1.154093292,0 103.900564534,1.154100071,0 103.900618444,1.154102091,0 103.900780173,1.154102526,0 103.900834083,1.15409697,0 103.900923933,1.154080733,0 103.900977843,1.15407955,0 103.901013783,1.154083073,0 103.901067692,1.154085821,0 103.901121602,1.154077618,0 103.901157542,1.154067128,0 103.901193482,1.154059623,0 103.901229422,1.15405831,0 103.901283332,1.154063499,0 103.901409121,1.154091383,0 103.901427091,1.154098282,0 103.901445061,1.154100085,0 103.901463031,1.154098046,0 103.901498971,1.154100259,0 103.901516941,1.154099163,0 103.901534911,1.154093704,0 103.901552881,1.154083636,0 103.901624761,1.154069574,0 103.901696641,1.154044418,0 103.901714611,1.154034727,0 103.90175055,1.15401131,0 103.901785175,1.153978581,0 103.901848568,1.153888144,0 103.901855145,1.153851969,0 103.901845157,1.153833882,0 103.901823887,1.153815795,0 103.90176852,1.153783381,0 103.901696641,1.153757806,0 103.901624761,1.153740737,0 103.901588821,1.153737565,0 103.901570851,1.153739588,0 103.901516941,1.153734683,0 103.901463031,1.153737122,0 103.901427091,1.153734229,0 103.901373182,1.153735791,0 103.901319272,1.153734167,0 103.901229422,1.15373918,0 103.901193482,1.153739551,0 103.901139572,1.153736382,0 103.901085662,1.153727357,0 103.901049722,1.153724314,0 103.901013783,1.15372419,0 
					</coordinates>
				</LinearRing>
			</outerBoundaryIs>
		</Polygon>
	</Placemark>
	<Placemark>
		<name>10-15m</name>
		<styleUrl>#style.#FFF8B600..0.255</styleUrl>
		<Polygon>
			<tessellate>1</tessellate>
			<outerBoundaryIs>
				<LinearRing>
					<coordinates>
						103.918085235,1.138079829,0 103.917923505,1.138079829,0 103.917939183,1.138097916,0 103.917939183,1.138116004,0 103.917965282,1.138188353,0 103.917968538,1.138242615,0 103.917962847,1.13827879,0 103.917778695,1.138875671,0 103.91775115,1.13902037,0 103.917702012,1.139092719,0 103.917681122,1.139146981,0 103.917595691,1.139906648,0 103.917592568,1.140069434,0 103.917607278,1.140159871,0 103.917724028,1.140648228,0 103.917755086,1.140738665,0 103.917797715,1.140796527,0 103.918175084,1.141201755,0 103.918289892,1.141299372,0 103.918315635,1.141335546,0 103.918346569,1.141407896,0 103.918358144,1.141480245,0 103.918325215,1.141733467,0 103.918300874,1.141860079,0 103.918264934,1.14195579,0 103.918246964,1.141957214,0 103.918228994,1.141933633,0 103.918211024,1.141891166,0 103.918157114,1.141702317,0 103.91809691,1.141425983,0 103.918079212,1.141389808,0 103.918049089,1.141353634,0 103.918003932,1.141317459,0 103.917024083,1.140666316,0 103.916791398,1.140524873,0 103.916747417,1.140485442,0 103.916629669,1.140354961,0 103.91618042,1.139956863,0 103.916158543,1.139942823,0 103.91612651,1.139934147,0 103.91609057,1.139943149,0 103.91605463,1.139971084,0 103.915946811,1.140098736,0 103.915892901,1.140151042,0 103.915821021,1.140205211,0 103.915785081,1.140205211,0 103.915767111,1.140214133,0 103.915767111,1.14023222,0 103.915749141,1.14023222,0 103.915749141,1.140286482,0 103.915731171,1.140286482,0 103.915731171,1.140322657,0 103.915713201,1.140322657,0 103.915713201,1.140376918,0 103.915695231,1.140376918,0 103.915695231,1.140413093,0 103.915677261,1.140413093,0 103.915677261,1.140467355,0 103.915659291,1.140467355,0 103.915659291,1.14050353,0 103.915641321,1.14050353,0 103.915641321,1.140557792,0 103.915623351,1.140557792,0 103.915623351,1.140593966,0 103.915605382,1.140593966,0 103.915605382,1.140648228,0 103.915587412,1.140648228,0 103.915587412,1.140684403,0 103.915569442,1.140684403,0 103.915569442,1.140738665,0 103.915551472,1.140738665,0 103.915551472,1.140774839,0 103.915533502,1.140774839,0 103.915533502,1.140829101,0 103.915515532,1.140829101,0 103.915515532,1.140865276,0 103.915497562,1.140865276,0 103.915497562,1.140919538,0 103.915479592,1.140919538,0 103.915479592,1.140955713,0 103.915461622,1.140955713,0 103.915461622,1.141009975,0 103.915443652,1.141009975,0 103.915443652,1.141028062,0 103.915461622,1.141028062,0 103.915479592,1.141014688,0 103.915497562,1.141014688,0 103.915569442,1.140956128,0 103.915623351,1.140902237,0 103.91603666,1.140393956,0 103.91609057,1.140351302,0 103.91610854,1.140345841,0 103.91612651,1.140345183,0 103.91614448,1.140349416,0 103.91619839,1.140384186,0 103.916414029,1.140575221,0 103.916540671,1.14070249,0 103.916583212,1.140738665,0 103.916935158,1.140945551,0 103.917150797,1.141089476,0 103.917288498,1.141190848,0 103.91756327,1.141371721,0 103.917618016,1.141416282,0 103.917652652,1.141462158,0 103.917666025,1.141498332,0 103.917739604,1.141878166,0 103.917745675,1.141950515,0 103.917727713,1.14198669,0 103.917689896,1.142011166,0 103.917618016,1.142033535,0 103.916702119,1.142239912,0 103.916503879,1.142288854,0 103.916431999,1.14229825,0 103.916396059,1.142296165,0 103.91630621,1.142274604,0 103.91619839,1.142264473,0 103.915371772,1.142271063,0 103.915317862,1.142264757,0 103.915245983,1.142244086,0 103.915210043,1.142239523,0 103.915174103,1.142243953,0 103.915102223,1.1422628,0 103.915030343,1.142263434,0 103.914976433,1.14225759,0 103.914796734,1.142220136,0 103.914401395,1.142111826,0 103.914383425,1.142109869,0 103.914347485,1.142096541,0 103.914338063,1.142077126,0 103.914338063,1.142059039,0 103.914311545,1.142059039,0 103.914311545,1.142077126,0 103.914293575,1.142077126,0 103.914293575,1.142095214,0 103.914275605,1.142095214,0 103.914275605,1.142149476,0 103.914257635,1.142149476,0 103.914257635,1.14218565,0 103.914239665,1.14218565,0 103.914239665,1.142221825,0 103.914221695,1.142221825,0 103.914221695,1.142276087,0 103.914203725,1.142276087,0 103.914203725,1.142312261,0 103.914185756,1.142312261,0 103.914185756,1.142348436,0 103.914167786,1.142348436,0 103.914167786,1.142384611,0 103.914149816,1.142384611,0 103.914149816,1.142438873,0 103.914131846,1.142438873,0 103.914131846,1.142475047,0 103.914113876,1.142475047,0 103.914113876,1.142511222,0 103.914095906,1.142511222,0 103.914095906,1.142547397,0 103.914077936,1.142547397,0 103.914077936,1.142601659,0 103.914059966,1.142601659,0 103.914059966,1.142637833,0 103.914041996,1.142637833,0 103.914041996,1.142674008,0 103.914024026,1.142674008,0 103.914024026,1.142710182,0 103.914006056,1.142710182,0 103.914006056,1.142764444,0 103.913988086,1.142764444,0 103.913988086,1.142800619,0 103.913970116,1.142800619,0 103.913970116,1.142836794,0 103.913952146,1.142836794,0 103.913952146,1.142872968,0 103.913970116,1.142872968,0 103.913988086,1.142870214,0 103.914077936,1.142913424,0 103.914149816,1.142977493,0 103.914185756,1.143002064,0 103.914221695,1.14301599,0 103.914257635,1.143017667,0 103.915156133,1.142706427,0 103.915210043,1.142695493,0 103.915245983,1.142699397,0 103.915299892,1.142719454,0 103.915371772,1.142758489,0 103.915407712,1.142758415,0 103.915497562,1.142731378,0 103.916342149,1.14243514,0 103.916360119,1.142434652,0 103.916378089,1.142445854,0 103.916396059,1.142471635,0 103.916431999,1.142580356,0 103.916455019,1.142710182,0 103.916524977,1.143234715,0 103.916539819,1.143290316,0 103.916557789,1.143315115,0 103.916575759,1.143326555,0 103.916701548,1.14334819,0 103.916773428,1.143384496,0 103.917021757,1.143596461,0 103.917057506,1.143632636,0 103.917082653,1.14366881,0 103.917093139,1.143704985,0 103.91709082,1.143723072,0 103.917051898,1.143777334,0 103.916719518,1.144075243,0 103.916665609,1.144115078,0 103.916647639,1.144112832,0 103.916629669,1.144099608,0 103.916593729,1.144044501,0 103.916557789,1.143955983,0 103.916502615,1.143777334,0 103.916489497,1.143759247,0 103.916467939,1.143742271,0 103.916431999,1.143730626,0 103.916396059,1.143733625,0 103.916360119,1.143755665,0 103.916343777,1.143795421,0 103.916321956,1.144012469,0 103.91628824,1.144166211,0 103.91627027,1.144198865,0 103.9162523,1.144210538,0 103.916111007,1.144247604,0 103.916081275,1.144265692,0 103.916063936,1.144283779,0 103.916035005,1.144338041,0 103.91593429,1.144609351,0 103.91593248,1.144663613,0 103.915952874,1.144717875,0 103.916065662,1.14488066,0 103.916187705,1.145007272,0 103.916223003,1.145061534,0 103.916365134,1.145495629,0 103.916379234,1.145567979,0 103.916379453,1.145622241,0 103.916360681,1.145748852,0 103.916342462,1.145785026,0 103.916269389,1.145875463,0 103.916255583,1.145911638,0 103.916252808,1.145947812,0 103.916261721,1.146110598,0 103.916271096,1.14616486,0 103.916303721,1.146219122,0 103.916396059,1.146296859,0 103.916410012,1.146327646,0 103.916411587,1.146363821,0 103.916395011,1.14643617,0 103.91624464,1.146924527,0 103.916216065,1.147051139,0 103.91619839,1.147083937,0 103.91617185,1.147105401,0 103.916128039,1.147123488,0 103.91601869,1.147155385,0 103.915946811,1.147165847,0 103.915892901,1.147163482,0 103.915695231,1.147139484,0 103.915533502,1.147149096,0 103.915371772,1.147124197,0 103.915353802,1.147116308,0 103.915335832,1.147099146,0 103.915317862,1.147064228,0 103.915293005,1.146942615,0 103.91527682,1.14690644,0 103.915245983,1.146873077,0 103.915167241,1.146816003,0 103.915121097,1.146761741,0 103.915110121,1.146725567,0 103.915114279,1.146653218,0 103.915109186,1.146617043,0 103.915077177,1.146544694,0 103.914652974,1.146005547,0 103.914581094,1.145931752,0 103.914527185,1.145901535,0 103.914491245,1.145895579,0 103.914419365,1.145895072,0 103.914311545,1.145901898,0 103.913718537,1.14604008,0 103.913610717,1.146058446,0 103.913574777,1.14605886,0 103.913556807,1.146051815,0 103.913550817,1.146038249,0 103.913557369,1.146020162,0 103.913602261,1.1459659,0 103.913988086,1.145595765,0 103.914041996,1.145518682,0 103.914055844,1.145477542,0 103.914053023,1.145441367,0 103.914031806,1.145387105,0 103.913880266,1.145150416,0 103.913746821,1.144989184,0 103.913684825,1.144898748,0 103.913664627,1.144886217,0 103.913628687,1.144879733,0 103.913574777,1.144886773,0 103.913466958,1.144911529,0 103.913413048,1.144931898,0 103.913359138,1.144960604,0 103.913269288,1.145020846,0 103.913161468,1.145105598,0 103.91311715,1.14515197,0 103.913098683,1.145188145,0 103.913096097,1.14522432,0 103.913107559,1.145253209,0 103.913161468,1.145341065,0 103.913197408,1.145376185,0 103.913217894,1.145387105,0 103.913251318,1.145395442,0 103.913377108,1.145396352,0 103.913448988,1.14540703,0 103.913484927,1.145432099,0 103.913495462,1.145477542,0 103.913395078,1.145825375,0 103.913342731,1.146074423,0 103.913331491,1.146092511,0 103.913287258,1.146118083,0 103.913269288,1.146134946,0 103.913251318,1.146169382,0 103.913240148,1.146219122,0 103.913234643,1.146327646,0 103.913247171,1.146761741,0 103.913237614,1.146816003,0 103.913198692,1.146888353,0 103.913064028,1.147051139,0 103.912999568,1.147141575,0 103.912956325,1.147232012,0 103.912927859,1.147323376,0 103.912900358,1.147503321,0 103.91288612,1.147792719,0 103.912842864,1.148136378,0 103.912829068,1.14819064,0 103.912802069,1.148225828,0 103.912766129,1.148244822,0 103.91271222,1.148260541,0 103.912029362,1.148430602,0 103.911975452,1.148438337,0 103.911922176,1.148425775,0 103.911885602,1.148401199,0 103.911787623,1.148317251,0 103.911603392,1.148136378,0 103.911565611,1.148082116,0 103.911558479,1.148009766,0 103.911649936,1.147467147,0 103.911648908,1.14737671,0 103.911620832,1.147286274,0 103.911475431,1.146942615,0 103.911432567,1.146797916,0 103.911415453,1.146761741,0 103.911382443,1.146725294,0 103.911364473,1.146715808,0 103.911328534,1.146708154,0 103.911292594,1.146715069,0 103.911256654,1.146733631,0 103.911184774,1.146784418,0 103.910969135,1.146956107,0 103.910807405,1.147071764,0 103.910789435,1.147078518,0 103.910771465,1.147078518,0 103.910753495,1.147069226,0 103.910753495,1.147087313,0 103.910735525,1.147087313,0 103.910735525,1.147105401,0 103.910717555,1.147105401,0 103.910717555,1.147123488,0 103.910699585,1.147123488,0 103.910699585,1.147141575,0 103.910681615,1.147141575,0 103.910681615,1.147159662,0 103.910663645,1.147159662,0 103.910663645,1.147195837,0 103.910645675,1.147195837,0 103.910645675,1.147213924,0 103.910627706,1.147213924,0 103.910627706,1.147232012,0 103.910609736,1.147232012,0 103.910609736,1.147250099,0 103.910591766,1.147250099,0 103.910591766,1.147268186,0 103.910573796,1.147268186,0 103.910573796,1.147286274,0 103.910555826,1.147286274,0 103.910555826,1.147304361,0 103.910537856,1.147304361,0 103.910537856,1.147322448,0 103.910519886,1.147322448,0 103.910519886,1.147340536,0 103.910501916,1.147340536,0 103.910501916,1.14737671,0 103.910483946,1.14737671,0 103.910483946,1.147394798,0 103.910465976,1.147394798,0 103.910465976,1.147412885,0 103.910448006,1.147412885,0 103.910448006,1.147430972,0 103.910430036,1.147430972,0 103.910430036,1.14744906,0 103.910412066,1.14744906,0 103.910412066,1.147467147,0 103.910394096,1.147467147,0 103.910394096,1.147485234,0 103.910376126,1.147485234,0 103.910376126,1.147503321,0 103.910358156,1.147503321,0 103.910358156,1.147521409,0 103.910340186,1.147521409,0 103.910340186,1.147557583,0 103.910322216,1.147557583,0 103.910322216,1.147575671,0 103.910304246,1.147575671,0 103.910304246,1.147593758,0 103.910286276,1.147593758,0 103.910286276,1.147611845,0 103.910268307,1.147611845,0 103.910268307,1.147629933,0 103.910250337,1.147629933,0 103.910268307,1.14764802,0 103.910286276,1.147646224,0 103.910465976,1.1475196,0 103.911156483,1.146960702,0 103.911217322,1.146924527,0 103.911256654,1.146910213,0 103.911274624,1.14690923,0 103.911292594,1.146913455,0 103.911310089,1.146924527,0 103.911336138,1.146978789,0 103.91135822,1.147087313,0 103.911395709,1.147213924,0 103.911403906,1.147286274,0 103.911250982,1.14819064,0 103.911247286,1.148244901,0 103.911253192,1.148281076,0 103.911271992,1.148317251,0 103.911292594,1.148340951,0 103.911741842,1.148778477,0 103.911759812,1.14879339,0 103.911795752,1.148810294,0 103.911831692,1.148813951,0 103.911867632,1.148808909,0 103.913053649,1.148513657,0 103.913101194,1.148498124,0 103.913125528,1.148484582,0 103.913147438,1.148461949,0 103.913162548,1.148425775,0 103.913186833,1.148262989,0 103.913206461,1.148208727,0 103.913233348,1.148187122,0 103.913251318,1.1481825,0 103.913323198,1.148178126,0 103.913408301,1.148154465,0 103.913444824,1.148136378,0 103.913466958,1.148119032,0 103.913502897,1.148070303,0 103.913704267,1.147702282,0 103.91373044,1.147629933,0 103.913752745,1.147485234,0 103.913872304,1.147014964,0 103.913898794,1.146960702,0 103.913934176,1.146934565,0 103.913988086,1.146914597,0 103.914383425,1.146829781,0 103.914419365,1.146824885,0 103.914473275,1.146822569,0 103.914599064,1.146831151,0 103.914635004,1.146836693,0 103.914670944,1.14684684,0 103.914742824,1.146880416,0 103.914958463,1.14700863,0 103.914989317,1.147033051,0 103.915012373,1.147063899,0 103.915029993,1.147123488,0 103.915070066,1.147467147,0 103.915138163,1.147745394,0 103.915174103,1.147852827,0 103.915192073,1.147883481,0 103.915227646,1.14791933,0 103.915281922,1.147943982,0 103.915335832,1.147959122,0 103.915749141,1.148001813,0 103.915793505,1.148009766,0 103.915821021,1.148019874,0 103.915838991,1.148032184,0 103.915856961,1.148061767,0 103.915874931,1.148219278,0 103.915892901,1.148254376,0 103.915910871,1.148267188,0 103.915928841,1.148271157,0 103.915946811,1.148271627,0 103.9162523,1.148238152,0 103.91630621,1.148234213,0 103.916378089,1.148234213,0 103.916378089,1.148226814,0 103.916396059,1.148226814,0 103.916396059,1.148208727,0 103.916414029,1.148208727,0 103.916414029,1.14819064,0 103.916431999,1.14819064,0 103.916431999,1.148172552,0 103.916449969,1.148172552,0 103.916449969,1.148154465,0 103.916467939,1.148154465,0 103.916467939,1.14811829,0 103.916485909,1.14811829,0 103.916485909,1.148100203,0 103.916503879,1.148100203,0 103.916503879,1.148082116,0 103.916521849,1.148082116,0 103.916521849,1.148064028,0 103.916539819,1.148064028,0 103.916539819,1.148045941,0 103.916557789,1.148045941,0 103.916557789,1.148027854,0 103.916575759,1.148027854,0 103.916575759,1.147991679,0 103.916593729,1.147991679,0 103.916593729,1.147973592,0 103.916611699,1.147973592,0 103.916611699,1.147955504,0 103.916629669,1.147955504,0 103.916629669,1.147937417,0 103.916647639,1.147937417,0 103.916647639,1.14791933,0 103.916665609,1.14791933,0 103.916665609,1.147883155,0 103.916683578,1.147883155,0 103.916683578,1.147865068,0 103.916701548,1.147865068,0 103.916701548,1.14784698,0 103.916719518,1.14784698,0 103.916719518,1.147828893,0 103.916737488,1.147828893,0 103.916737488,1.147810806,0 103.916755458,1.147810806,0 103.916755458,1.147792719,0 103.916773428,1.147792719,0 103.916773428,1.147738457,0 103.916791398,1.147738457,0 103.916791398,1.147702282,0 103.916809368,1.147702282,0 103.916809368,1.147666107,0 103.916827338,1.147666107,0 103.916827338,1.147629933,0 103.916845308,1.147629933,0 103.916845308,1.147593758,0 103.916863278,1.147593758,0 103.916863278,1.147539496,0 103.916881248,1.147539496,0 103.916881248,1.147503321,0 103.916899218,1.147503321,0 103.916899218,1.147467147,0 103.916917188,1.147467147,0 103.916917188,1.147430972,0 103.916935158,1.147430972,0 103.916935158,1.147394798,0 103.916953128,1.147394798,0 103.916953128,1.147358623,0 103.916971098,1.147358623,0 103.916971098,1.147322448,0 103.916989068,1.147322448,0 103.916989068,1.147286274,0 103.917007038,1.147286274,0 103.917007038,1.147250099,0 103.917025008,1.147250099,0 103.917025008,1.147213924,0 103.917042977,1.147213924,0 103.917042977,1.14717775,0 103.917060947,1.14717775,0 103.917060947,1.147123488,0 103.917078917,1.147123488,0 103.917078917,1.147087313,0 103.917096887,1.147087313,0 103.917096887,1.147051139,0 103.917114857,1.147051139,0 103.917114857,1.147014964,0 103.917132827,1.147014964,0 103.917132827,1.146978789,0 103.917150797,1.146978789,0 103.917150797,1.146942615,0 103.917168767,1.146942615,0 103.917168767,1.14690644,0 103.917186737,1.14690644,0 103.917186737,1.146870265,0 103.917204707,1.146870265,0 103.917204707,1.146834091,0 103.917222677,1.146834091,0 103.917222677,1.146797916,0 103.917240647,1.146797916,0 103.917240647,1.146761741,0 103.917258617,1.146761741,0 103.917258617,1.146725567,0 103.917276587,1.146725567,0 103.917276587,1.146671305,0 103.917294557,1.146671305,0 103.917294557,1.14663513,0 103.917312527,1.14663513,0 103.917312527,1.146598956,0 103.917330497,1.146598956,0 103.917330497,1.146562781,0 103.917348467,1.146562781,0 103.917348467,1.146526606,0 103.917366437,1.146526606,0 103.917366437,1.146490432,0 103.917384407,1.146490432,0 103.917384407,1.146454257,0 103.917402376,1.146454257,0 103.917402376,1.146418082,0 103.917420346,1.146418082,0 103.917420346,1.146381908,0 103.917438316,1.146381908,0 103.917438316,1.146345733,0 103.917456286,1.146345733,0 103.917456286,1.146309559,0 103.917474256,1.146309559,0 103.917474256,1.146255297,0 103.917492226,1.146255297,0 103.917492226,1.146219122,0 103.917510196,1.146219122,0 103.917510196,1.146182947,0 103.917528166,1.146182947,0 103.917528166,1.146146773,0 103.917546136,1.146146773,0 103.917546136,1.146110598,0 103.917564106,1.146110598,0 103.917564106,1.146074423,0 103.917582076,1.146074423,0 103.917582076,1.146038249,0 103.917600046,1.146038249,0 103.917600046,1.146002074,0 103.917618016,1.146002074,0 103.917618016,1.1459659,0 103.917635986,1.1459659,0 103.917635986,1.145929725,0 103.917653956,1.145929725,0 103.917653956,1.14589355,0 103.917671926,1.14589355,0 103.917671926,1.145857376,0 103.917689896,1.145857376,0 103.917689896,1.145803114,0 103.917671926,1.145797461,0 103.917635986,1.145797461,0 103.917624691,1.145785026,0 103.917623301,1.145766939,0 103.917628383,1.145676502,0 103.917655891,1.145513717,0 103.917647514,1.145441367,0 103.917627574,1.145405193,0 103.917528166,1.145280591,0 103.917396517,1.145097708,0 103.917350962,1.145007272,0 103.917347868,1.14495301,0 103.917361302,1.144898748,0 103.917367634,1.144826399,0 103.917332294,1.144319954,0 103.91731652,1.144229517,0 103.91732903,1.144175255,0 103.917365666,1.144120993,0 103.917627545,1.143849683,0 103.917647172,1.143813509,0 103.917646884,1.143777334,0 103.917632032,1.14374116,0 103.917604959,1.143704985,0 103.917351201,1.14346985,0 103.917227721,1.143343239,0 103.917174344,1.143270889,0 103.917166693,1.143252802,0 103.917168767,1.143234715,0 103.917995385,1.142845837,0 103.918013355,1.142840968,0 103.918031325,1.142845837,0 103.91803694,1.142854881,0 103.918049295,1.142909143,0 103.918043074,1.143035754,0 103.917964346,1.143542199,0 103.917975229,1.143686898,0 103.917959778,1.143759247,0 103.91788132,1.143976295,0 103.91784863,1.144102906,0 103.917791872,1.144826399,0 103.917799549,1.14488066,0 103.917833655,1.144934027,0 103.917869595,1.14495724,0 103.917979232,1.145007272,0 103.918011806,1.145043446,0 103.918049295,1.145106537,0 103.918079245,1.145133883,0 103.918139144,1.145136765,0 103.918157114,1.14515197,0 103.918157114,1.145115796,0 103.918175084,1.145115796,0 103.918175084,1.145079621,0 103.918193054,1.145079621,0 103.918193054,1.145061534,0 103.918211024,1.145061534,0 103.918211024,1.145025359,0 103.918228994,1.145025359,0 103.918228994,1.144989184,0 103.918246964,1.144989184,0 103.918246964,1.144971097,0 103.918264934,1.144971097,0 103.918264934,1.144934922,0 103.918282904,1.144934922,0 103.918282904,1.144898748,0 103.918300874,1.144898748,0 103.918300874,1.14488066,0 103.918318844,1.14488066,0 103.918318844,1.144844486,0 103.918336814,1.144844486,0 103.918336814,1.144808311,0 103.918354784,1.144808311,0 103.918354784,1.144790224,0 103.918372754,1.144790224,0 103.918372754,1.144754049,0 103.918390724,1.144754049,0 103.918390724,1.144717875,0 103.918408694,1.144717875,0 103.918408694,1.144699787,0 103.918426664,1.144699787,0 103.918426664,1.1446817,0 103.918408694,1.144663613,0 103.918408694,1.144609351,0 103.918390724,1.144591263,0 103.918390724,1.144428478,0 103.918408694,1.144428478,0 103.918408694,1.144319954,0 103.918426664,1.144319954,0 103.918426664,1.144229517,0 103.918444634,1.144229517,0 103.918444634,1.144120993,0 103.918462603,1.144120993,0 103.918462603,1.144030557,0 103.918480573,1.144030557,0 103.918480573,1.143922033,0 103.918498543,1.143922033,0 103.918498543,1.143813509,0 103.918516513,1.143813509,0 103.918516513,1.143723072,0 103.918534483,1.143723072,0 103.918534483,1.143614548,0 103.918552453,1.143614548,0 103.918552453,1.143524112,0 103.918570423,1.143524112,0 103.918570423,1.143415588,0 103.918588393,1.143415588,0 103.918588393,1.143307064,0 103.918606363,1.143307064,0 103.918606363,1.143216627,0 103.918624333,1.143216627,0 103.918624333,1.143108103,0 103.918642303,1.143108103,0 103.918642303,1.143053841,0 103.918678243,1.143053841,0 103.918696213,1.143071929,0 103.918786063,1.143071929,0 103.918804033,1.143090016,0 103.918893882,1.143090016,0 103.918911852,1.143108103,0 103.919001702,1.143108103,0 103.918983732,1.143090016,0 103.919000181,1.143071929,0 103.919012088,1.143053841,0 103.918988887,1.142981492,0 103.918879373,1.142836794,0 103.918859761,1.142782532,0 103.918853981,1.142366523,0 103.918862244,1.142312261,0 103.918885178,1.142257999,0 103.919022667,1.142059039,0 103.919056361,1.14198669,0 103.919061602,1.141950515,0 103.919054264,1.141841991,0 103.919075293,1.141661118,0 103.919065378,1.141606856,0 103.919014834,1.141516419,0 103.918689025,1.141082324,0 103.918607219,1.141028062,0 103.918354784,1.140922862,0 103.918300874,1.140892649,0 103.918246964,1.1408465,0 103.918012524,1.140593966,0 103.917977988,1.140539704,0 103.917959445,1.140485643,0 103.917885807,1.140177958,0 103.917874674,1.140105609,0 103.917876451,1.139852386,0 103.917926666,1.139418291,0 103.917941475,1.13935255,0 103.917971169,1.139309767,0 103.918111616,1.139201243,0 103.918163594,1.139128894,0 103.918365584,1.138676711,0 103.918472692,1.138314964,0 103.918519321,1.138224528,0 103.918549333,1.138188353,0 103.918563718,1.138152178,0 103.918593364,1.138134091,0 103.918593364,1.138116004,0 103.918570423,1.138116004,0 103.918552453,1.138097916,0 103.918103204,1.138097916,0 103.918085235,1.138079829,0 
					</coordinates>
				</LinearRing>
			</outerBoundaryIs>
		</Polygon>
	</Placemark>
	<Placemark>
		<name>10-15m</name>
		<styleUrl>#style.#FFF8B600..0.255</styleUrl>
		<Polygon>
			<tessellate>1</tessellate>
			<outerBoundaryIs>
				<LinearRing>
					<coordinates>
						103.896233776,1.15108461,0 103.896218073,1.15108461,0 103.896179866,1.151088747,0 103.896161896,1.1511005,0 103.896125956,1.151101704,0 103.896090016,1.151137666,0 103.896086264,1.151156959,0 103.896106858,1.151211221,0 103.89626423,1.151482531,0 103.896284911,1.15155488,0 103.896274825,1.151609142,0 103.896233776,1.151655883,0 103.896179866,1.151688448,0 103.895694677,1.151877275,0 103.895658738,1.151899483,0 103.895622798,1.151945242,0 103.895606081,1.152007063,0 103.895568275,1.152350722,0 103.895580323,1.152441159,0 103.89564143,1.152640119,0 103.895645447,1.152676294,0 103.895636275,1.152730556,0 103.895357223,1.153200826,0 103.895344116,1.153237001,0 103.895314913,1.153381699,0 103.894941632,1.154213716,0 103.89493023,1.154267978,0 103.894928323,1.154340327,0 103.894942216,1.154466938,0 103.894939972,1.1545212,0 103.894874594,1.154756335,0 103.894803121,1.154864859,0 103.89476024,1.154946743,0 103.8947243,1.15499013,0 103.89468836,1.155018833,0 103.89463445,1.155045732,0 103.894526631,1.155057851,0 103.894465311,1.155081907,0 103.894433459,1.155118082,0 103.894387908,1.155208518,0 103.894269,1.155335129,0 103.894210771,1.155407479,0 103.894181853,1.155461741,0 103.894176908,1.155497915,0 103.894188566,1.15553409,0 103.894228829,1.155606439,0 103.894246683,1.155678788,0 103.894239112,1.155696876,0 103.894239112,1.155714963,0 103.894275051,1.155714963,0 103.894275051,1.155696876,0 103.894364901,1.155696876,0 103.894364901,1.155678788,0 103.894454751,1.155678788,0 103.894454751,1.155660701,0 103.894544601,1.155660701,0 103.894544601,1.155642614,0 103.894616481,1.155642614,0 103.894616481,1.155624526,0 103.89465242,1.155624526,0 103.89465242,1.155606439,0 103.894661743,1.155588352,0 103.89465242,1.155576093,0 103.894635721,1.155570264,0 103.894621291,1.155516003,0 103.894528219,1.155335129,0 103.894524749,1.155298955,0 103.894541597,1.155244693,0 103.89456815,1.155208518,0 103.89465242,1.155174163,0 103.89470633,1.155142857,0 103.894792786,1.15506382,0 103.894838375,1.155009558,0 103.894895668,1.154901034,0 103.894977962,1.154846772,0 103.895029789,1.154778259,0 103.895137609,1.154656594,0 103.895204996,1.154611637,0 103.895217906,1.154593549,0 103.895229226,1.154539287,0 103.895229822,1.154485026,0 103.895221985,1.154448851,0 103.895226507,1.154430764,0 103.895266319,1.154394589,0 103.895311449,1.154340327,0 103.895356961,1.154304152,0 103.895368349,1.154286065,0 103.895634945,1.153653009,0 103.895648269,1.153598747,0 103.895646734,1.153490223,0 103.895659174,1.153435961,0 103.896105037,1.152694381,0 103.896110351,1.152622032,0 103.896086034,1.152549683,0 103.896078271,1.152477333,0 103.896079864,1.15236881,0 103.896094141,1.152314548,0 103.896109549,1.15229646,0 103.896143926,1.152276009,0 103.896377536,1.152186105,0 103.896539265,1.152148183,0 103.896700995,1.152059157,0 103.896826784,1.152021759,0 103.896897007,1.151988976,0 103.896927253,1.151970889,0 103.896942124,1.151952801,0 103.896950234,1.151916627,0 103.896936179,1.151880452,0 103.896810522,1.151735753,0 103.896647887,1.151464444,0 103.896623494,1.151410182,0 103.896620339,1.151392094,0 103.896629115,1.151368148,0 103.896651986,1.15135592,0 103.896718965,1.151345723,0 103.896754904,1.151351185,0 103.89676817,1.151337833,0 103.896771637,1.151301658,0 103.896736935,1.151301658,0 103.896718965,1.151283571,0 103.896700995,1.151283571,0 103.896683025,1.151265483,0 103.896647085,1.151265483,0 103.896629115,1.151247396,0 103.896611145,1.151247396,0 103.896593175,1.151229309,0 103.896557235,1.151229309,0 103.896539265,1.151211221,0 103.896521295,1.151211221,0 103.896503325,1.151193134,0 103.896467385,1.151193134,0 103.896449415,1.151175047,0 103.896431445,1.151175047,0 103.896413475,1.151156959,0 103.896377536,1.151156959,0 103.896359566,1.151138872,0 103.896341596,1.151138872,0 103.896323626,1.151120785,0 103.896287686,1.151120785,0 103.896269716,1.151102697,0 103.896251746,1.151102697,0 103.896233776,1.15108461,0 
					</coordinates>
				</LinearRing>
			</outerBoundaryIs>
		</Polygon>
	</Placemark>
	<Placemark>
		<name>10-15m</name>
		<styleUrl>#style.#FFF8B600..0.255</styleUrl>
		<Polygon>
			<tessellate>1</tessellate>
			<outerBoundaryIs>
				<LinearRing>
					<coordinates>
						103.907357175,1.149167355,0 103.907339205,1.149167355,0 103.907339205,1.149185442,0 103.907285295,1.149185442,0 103.907285295,1.149203529,0 103.907249355,1.149203529,0 103.907249355,1.149221617,0 103.907195445,1.149221617,0 103.907195445,1.149239704,0 103.907141535,1.149239704,0 103.907141535,1.149257791,0 103.907105595,1.149257791,0 103.907105595,1.149275878,0 103.907051686,1.149275878,0 103.907051686,1.149293966,0 103.906997776,1.149293966,0 103.906997776,1.149312053,0 103.906984535,1.149312053,0 103.906984535,1.14933014,0 103.907009324,1.149366315,0 103.907051686,1.14939558,0 103.90706836,1.149420577,0 103.907088823,1.149583363,0 103.907106711,1.149637625,0 103.907107762,1.149673799,0 103.907088289,1.149728061,0 103.907064742,1.149764236,0 103.906931275,1.149908935,0 103.90691596,1.149945109,0 103.906917812,1.149963197,0 103.906943866,1.149989327,0 103.907051686,1.150031762,0 103.907088369,1.150053633,0 103.907123565,1.150089808,0 103.907135998,1.150125982,0 103.907082692,1.151048435,0 103.907073109,1.151120785,0 103.907060131,1.151156959,0 103.907033716,1.151187849,0 103.907015746,1.151195619,0 103.906782136,1.151213517,0 103.906710257,1.151232275,0 103.906636539,1.151265483,0 103.905775819,1.151857874,0 103.905685969,1.151909859,0 103.905579861,1.151952801,0 103.90552424,1.151960462,0 103.9054883,1.151958306,0 103.90545236,1.151939809,0 103.90541642,1.15190605,0 103.90532657,1.151779564,0 103.905021081,1.151242797,0 103.904985141,1.151208885,0 103.904913262,1.151179598,0 103.904880168,1.151156959,0 103.904766284,1.151030348,0 103.904661682,1.150953215,0 103.904636307,1.150921824,0 103.904618922,1.15088565,0 103.904594662,1.150795213,0 103.904596621,1.150722864,0 103.904625742,1.150671287,0 103.904708369,1.150596253,0 103.904724629,1.150560078,0 103.904724603,1.150469641,0 103.904698311,1.15034303,0 103.904693806,1.150180244,0 103.904709459,1.150125982,0 103.904776523,1.149981284,0 103.904778128,1.149927022,0 103.904765998,1.149908935,0 103.904751532,1.149890847,0 103.904733562,1.149890847,0 103.904733562,1.149908935,0 103.904679652,1.149908935,0 103.904679652,1.149927022,0 103.904643712,1.149927022,0 103.904643712,1.149945109,0 103.904607772,1.149945109,0 103.904607772,1.149963197,0 103.904553863,1.149963197,0 103.904553863,1.149981284,0 103.904539637,1.149981284,0 103.904546126,1.150017458,0 103.904544941,1.150089808,0 103.904459399,1.150288768,0 103.904448076,1.15034303,0 103.90445331,1.150361117,0 103.904469034,1.150379205,0 103.904525624,1.150415379,0 103.904538945,1.150433467,0 103.904550269,1.150469641,0 103.904545415,1.150505816,0 103.904536088,1.150523903,0 103.904470544,1.15061434,0 103.90445952,1.150668602,0 103.904474642,1.150759038,0 103.904561612,1.151030348,0 103.904625742,1.151126667,0 103.904769502,1.151304373,0 103.904805442,1.151324545,0 103.904872634,1.151337833,0 103.904895292,1.15134647,0 103.904931232,1.151380824,0 103.90545236,1.152301628,0 103.90550627,1.152383654,0 103.90556018,1.152446711,0 103.90559612,1.152472951,0 103.90561409,1.152479658,0 103.905721909,1.1524867,0 103.905757849,1.15248079,0 103.905793789,1.152468419,0 103.905883639,1.152420582,0 103.905919579,1.152406839,0 103.905955519,1.152404381,0 103.905981847,1.152423072,0 103.905997965,1.152459246,0 103.906037623,1.152603945,0 103.906061901,1.152730556,0 103.906058651,1.152784818,0 103.906042443,1.152857167,0 103.905988306,1.153001866,0 103.905995699,1.153074215,0 103.906024582,1.153146564,0 103.906081772,1.153255088,0 103.906416995,1.153815795,0 103.906431385,1.153870057,0 103.906415477,1.153906231,0 103.906368827,1.153933944,0 103.906239078,1.153978581,0 103.906155654,1.153996668,0 103.906063338,1.154008592,0 103.905865669,1.15403006,0 103.90563206,1.154049525,0 103.904985141,1.154083803,0 103.904967171,1.154081744,0 103.904949201,1.154067861,0 103.904878324,1.153996668,0 103.904819572,1.153888144,0 103.904787472,1.153846281,0 103.904733562,1.153820963,0 103.904661682,1.153795906,0 103.904625742,1.153789507,0 103.904589802,1.153790504,0 103.904553863,1.153799143,0 103.904481395,1.153833882,0 103.904410103,1.153852926,0 103.904140554,1.153870992,0 103.904050704,1.153883835,0 103.904014764,1.153896173,0 103.903978824,1.153916034,0 103.903950393,1.153942406,0 103.903853035,1.154060485,0 103.903798795,1.154141367,0 103.903709275,1.154194318,0 103.903619425,1.154223625,0 103.903529575,1.154233802,0 103.903336294,1.154231803,0 103.903260026,1.154212292,0 103.903152207,1.154157494,0 103.903116267,1.154147366,0 103.903098297,1.154147245,0 103.903062357,1.154169373,0 103.903020656,1.154213716,0 103.902950341,1.154267978,0 103.902864687,1.154309,0 103.902756868,1.154341906,0 103.902649048,1.154352295,0 103.902541228,1.154344485,0 103.902469348,1.154345794,0 103.902325589,1.154366923,0 103.902199799,1.154359659,0 103.902145889,1.154370678,0 103.9020201,1.154385389,0 103.90194822,1.15441995,0 103.90191228,1.154428531,0 103.90182243,1.154468747,0 103.90178649,1.154503576,0 103.90175055,1.154520318,0 103.901707226,1.154575462,0 103.901650794,1.154611637,0 103.901610141,1.154629724,0 103.901391151,1.154680157,0 103.901265362,1.154731964,0 103.901229422,1.154741537,0 103.901085662,1.154740701,0 103.900977843,1.154756788,0 103.900852053,1.154763709,0 103.900618444,1.154804791,0 103.900456714,1.154848865,0 103.900223105,1.154936885,0 103.900025435,1.15500086,0 103.899971525,1.155023246,0 103.899863706,1.155081727,0 103.899809282,1.155099994,0 103.899648066,1.155117166,0 103.899378517,1.155119307,0 103.899324607,1.155138807,0 103.899252727,1.155194667,0 103.899216788,1.155215973,0 103.899180848,1.155227454,0 103.899144908,1.155231332,0 103.898893328,1.155182884,0 103.898821449,1.155178373,0 103.898749569,1.15516771,0 103.898677689,1.155146592,0 103.89846205,1.155102266,0 103.89840814,1.155098702,0 103.89831829,1.155105088,0 103.89828235,1.15512004,0 103.89824641,1.155148579,0 103.898030771,1.155441613,0 103.897992549,1.155479828,0 103.897922951,1.155533046,0 103.897887011,1.155570391,0 103.897851071,1.155621903,0 103.897761222,1.155782332,0 103.897671372,1.15590619,0 103.897563552,1.156073796,0 103.897521573,1.156112884,0 103.897491672,1.156129094,0 103.897473702,1.156129724,0 103.897455733,1.156130971,0 103.897437763,1.156130971,0 103.897455733,1.156149059,0 103.897455733,1.156167146,0 103.897473702,1.156185233,0 103.897491672,1.15620332,0 103.897491672,1.156221408,0 103.897527612,1.156257582,0 103.897545582,1.15627567,0 103.897545582,1.156293757,0 103.897563552,1.156311844,0 103.897581522,1.156329932,0 103.897581522,1.156348019,0 103.897599492,1.156366106,0 103.897617462,1.156384194,0 103.897617462,1.156402281,0 103.897635432,1.156420368,0 103.897653402,1.156438456,0 103.897671372,1.156456543,0 103.897689342,1.156456543,0 103.897707312,1.15644518,0 103.897725282,1.156439079,0 103.897756105,1.156420368,0 103.897790307,1.156384194,0 103.898030771,1.156024416,0 103.898066711,1.155989959,0 103.898174531,1.15591999,0 103.89822844,1.155874966,0 103.898288304,1.1558054,0 103.89842176,1.155624526,0 103.89844408,1.155602133,0 103.89848002,1.155579692,0 103.898605809,1.155546664,0 103.898641749,1.15554033,0 103.898695659,1.155540965,0 103.898767539,1.155551086,0 103.898821449,1.155561415,0 103.898857389,1.155563156,0 103.898893328,1.155558369,0 103.898911298,1.155553173,0 103.898965208,1.155531904,0 103.899001148,1.155527759,0 103.899037088,1.155530316,0 103.899108968,1.155544089,0 103.899162878,1.155549837,0 103.899198818,1.155547671,0 103.899216788,1.155542937,0 103.899270697,1.155517404,0 103.899450397,1.155372232,0 103.899486337,1.15535037,0 103.899576187,1.155326156,0 103.899809796,1.155278441,0 103.899845736,1.155268365,0 103.899899646,1.155243792,0 103.90004468,1.155154256,0 103.900115285,1.155119425,0 103.900312954,1.155052009,0 103.900501639,1.154973383,0 103.900654384,1.154924052,0 103.900708293,1.15491034,0 103.900780173,1.154898691,0 103.900816113,1.154896587,0 103.900923933,1.154907031,0 103.901013783,1.154910207,0 103.901067692,1.15492359,0 103.901211452,1.154976562,0 103.901229422,1.154980747,0 103.901265362,1.15498464,0 103.901301302,1.154981229,0 103.901391151,1.154950458,0 103.901445061,1.154936071,0 103.901481001,1.154931491,0 103.901660701,1.154918268,0 103.90178649,1.154895187,0 103.90187634,1.154883458,0 103.90193025,1.154870997,0 103.90200213,1.154850163,0 103.90203807,1.154836525,0 103.902361529,1.15468491,0 103.902451378,1.154649857,0 103.902505288,1.154624895,0 103.902595138,1.154560897,0 103.902665443,1.154485026,0 103.902716817,1.154448851,0 103.902792808,1.154409268,0 103.903008447,1.154328179,0 103.903062357,1.154314859,0 103.903098297,1.154312503,0 103.903134237,1.154317869,0 103.903260026,1.154345212,0 103.903331906,1.154351202,0 103.903385816,1.154350326,0 103.903439726,1.154341391,0 103.903619425,1.15429915,0 103.903727245,1.154267505,0 103.903817095,1.154227269,0 103.903906944,1.154182143,0 103.903954882,1.154141367,0 103.90398183,1.154087105,0 103.904014764,1.154041457,0 103.904050704,1.154010593,0 103.904086644,1.153998063,0 103.904212434,1.153972633,0 103.904266343,1.153966902,0 103.904320253,1.153967654,0 103.904428073,1.153979286,0 103.904446043,1.153979887,0 103.904481983,1.153977456,0 103.904535893,1.153967919,0 103.904589802,1.153947396,0 103.904643712,1.153935463,0 103.904661682,1.153935357,0 103.904697622,1.153943339,0 103.904751532,1.153968787,0 103.904805442,1.154009789,0 103.904841382,1.154046293,0 103.904870806,1.154087105,0 103.90488736,1.154123279,0 103.904894264,1.154177541,0 103.904889001,1.154358414,0 103.904893836,1.154485026,0 103.904907766,1.1545212,0 103.904931232,1.154537027,0 103.904949201,1.154540124,0 103.904967171,1.154538564,0 103.906404767,1.154320793,0 103.906476647,1.154311547,0 103.906530557,1.154308202,0 103.906566497,1.154310128,0 103.906584467,1.154313286,0 103.906620407,1.154327909,0 103.906652939,1.154358414,0 103.906728226,1.154458717,0 103.906754183,1.154485026,0 103.906782136,1.15450422,0 103.906836046,1.15450422,0 103.906836046,1.1545212,0 103.906854016,1.1545212,0 103.906854016,1.154503113,0 103.906871986,1.154503113,0 103.906871986,1.154485026,0 103.906889956,1.154485026,0 103.906889956,1.154466938,0 103.906907926,1.154466938,0 103.906907926,1.154448851,0 103.906925896,1.154448851,0 103.906925896,1.154430764,0 103.906943866,1.154430764,0 103.906943866,1.154412676,0 103.906961836,1.154412676,0 103.906961836,1.154394589,0 103.906979806,1.154394589,0 103.906979806,1.154376502,0 103.906997776,1.154376502,0 103.906997776,1.154358414,0 103.907015746,1.154358414,0 103.907015746,1.154340327,0 103.907033716,1.154340327,0 103.907033716,1.15432224,0 103.907051686,1.15432224,0 103.907051686,1.154304152,0 103.907069656,1.154304152,0 103.907069656,1.154286065,0 103.907087625,1.154286065,0 103.907087625,1.154267978,0 103.907123565,1.154267978,0 103.907123565,1.15424989,0 103.907177475,1.15424989,0 103.907177475,1.154231803,0 103.907231385,1.154231803,0 103.907231385,1.154213716,0 103.907267325,1.154213716,0 103.907267325,1.154195628,0 103.907321235,1.154195628,0 103.907321235,1.154177541,0 103.907375145,1.154177541,0 103.907375145,1.154159454,0 103.907429054,1.154159454,0 103.907429054,1.154141367,0 103.907464994,1.154141367,0 103.907464994,1.154123279,0 103.907518904,1.154123279,0 103.907518904,1.154105192,0 103.907572814,1.154105192,0 103.907572814,1.154087105,0 103.907626724,1.154087105,0 103.907626724,1.154069017,0 103.907662664,1.154069017,0 103.907662664,1.15405093,0 103.907716574,1.15405093,0 103.907716574,1.154032843,0 103.907770484,1.154032843,0 103.907770484,1.154014755,0 103.907824393,1.154014755,0 103.907824393,1.153996668,0 103.907860333,1.153996668,0 103.907860333,1.153978581,0 103.907914243,1.153978581,0 103.907914243,1.153960493,0 103.907950183,1.153960493,0 103.907952377,1.153942406,0 103.907950183,1.153921304,0 103.907919329,1.153906231,0 103.907910893,1.153870057,0 103.907866425,1.153797708,0 103.907727843,1.153653009,0 103.907662664,1.153559407,0 103.90750308,1.153291263,0 103.907487267,1.153237001,0 103.907491111,1.153182739,0 103.907555074,1.153056128,0 103.908237702,1.152014463,0 103.908273642,1.151976919,0 103.908291612,1.151970889,0 103.908525221,1.151970889,0 103.908525221,1.151952801,0 103.908507251,1.151934714,0 103.908507251,1.151916627,0 103.908489282,1.151898539,0 103.908489282,1.151880452,0 103.908471312,1.151862365,0 103.908471312,1.15182619,0 103.908453342,1.151808103,0 103.908453342,1.151790015,0 103.908435372,1.151771928,0 103.908435372,1.151753841,0 103.908417402,1.151753841,0 103.908399432,1.151771928,0 103.908381462,1.151771928,0 103.908363492,1.151790015,0 103.908327552,1.151790015,0 103.908309582,1.151808103,0 103.908273642,1.151808103,0 103.908255672,1.15182619,0 103.908237702,1.15182619,0 103.908201762,1.151807039,0 103.908147852,1.151760418,0 103.908093943,1.151671916,0 103.90781256,1.150994174,0 103.90779113,1.150921824,0 103.907795798,1.150831388,0 103.907899198,1.15034303,0 103.907899499,1.150288768,0 103.907888033,1.150234506,0 103.907847025,1.150125982,0 103.907693766,1.149782323,0 103.907662664,1.149743993,0 103.907554844,1.14966481,0 103.907444003,1.149529101,0 103.907427815,1.149474839,0 103.907434083,1.14933014,0 103.907429054,1.149269367,0 103.907417265,1.149239704,0 103.907371551,1.149185442,0 103.907357175,1.149167355,0 
					</coordinates>
				</LinearRing>
			</outerBoundaryIs>
		</Polygon>
	</Placemark>
	<Placemark>
		<name>15-20m</name>
		<styleUrl>#style.#FFF3EE00..0.255</styleUrl>
		<Polygon>
			<tessellate>1</tessellate>
			<outerBoundaryIs>
				<LinearRing>
					<coordinates>
						103.898065269,1.151283571,0 103.898030771,1.151283571,0 103.898030771,1.151301658,0 103.897940921,1.151301658,0 103.897940921,1.151319745,0 103.897869041,1.151319745,0 103.897869041,1.151337833,0 103.897797162,1.151337833,0 103.897797162,1.15135592,0 103.897653402,1.15135592,0 103.897653402,1.151374007,0 103.897509642,1.151374007,0 103.897509642,1.151392094,0 103.897365883,1.151392094,0 103.897365883,1.151410182,0 103.897222123,1.151410182,0 103.897222123,1.151428269,0 103.897060394,1.151428269,0 103.897042424,1.151410182,0 103.897006484,1.151410182,0 103.896988514,1.151392094,0 103.896970544,1.151392094,0 103.896952574,1.151374007,0 103.896916634,1.151374007,0 103.896898664,1.15135592,0 103.896880694,1.15135592,0 103.896862724,1.151337833,0 103.896826784,1.151337833,0 103.896808814,1.151319745,0 103.896790844,1.151319745,0 103.896772874,1.151301658,0 103.896771637,1.151301658,0 103.89676817,1.151337833,0 103.896754904,1.151351185,0 103.896718965,1.151345723,0 103.896651986,1.15135592,0 103.896629115,1.151368148,0 103.896620339,1.151392094,0 103.896623494,1.151410182,0 103.896647887,1.151464444,0 103.896810522,1.151735753,0 103.896936179,1.151880452,0 103.896950234,1.151916627,0 103.896942124,1.151952801,0 103.896927253,1.151970889,0 103.896897007,1.151988976,0 103.896826784,1.152021759,0 103.896700995,1.152059157,0 103.896539265,1.152148183,0 103.896377536,1.152186105,0 103.896143926,1.152276009,0 103.896109549,1.15229646,0 103.896094141,1.152314548,0 103.896079864,1.15236881,0 103.896078271,1.152477333,0 103.896086034,1.152549683,0 103.896110351,1.152622032,0 103.896105037,1.152694381,0 103.895659174,1.153435961,0 103.895646734,1.153490223,0 103.895648269,1.153598747,0 103.895634945,1.153653009,0 103.895368349,1.154286065,0 103.895356961,1.154304152,0 103.895311449,1.154340327,0 103.895266319,1.154394589,0 103.895226507,1.154430764,0 103.895221985,1.154448851,0 103.895229822,1.154485026,0 103.895229226,1.154539287,0 103.895217906,1.154593549,0 103.895204996,1.154611637,0 103.895137609,1.154656594,0 103.895029789,1.154778259,0 103.894977962,1.154846772,0 103.894895668,1.154901034,0 103.894838375,1.155009558,0 103.894792786,1.15506382,0 103.89470633,1.155142857,0 103.89465242,1.155174163,0 103.89456815,1.155208518,0 103.894541597,1.155244693,0 103.894524749,1.155298955,0 103.894528219,1.155335129,0 103.894621291,1.155516003,0 103.894635721,1.155570264,0 103.89465242,1.155576093,0 103.894661743,1.155588352,0 103.89465242,1.155606439,0 103.89465242,1.155624526,0 103.89470633,1.155624526,0 103.89470633,1.155606439,0 103.89479618,1.155606439,0 103.89479618,1.155588352,0 103.89488603,1.155588352,0 103.89488603,1.155570264,0 103.894975879,1.155570264,0 103.894975879,1.155552177,0 103.895029789,1.155552177,0 103.895029789,1.15553409,0 103.895040014,1.155516003,0 103.895030131,1.155443653,0 103.895021237,1.155425566,0 103.895029789,1.155385595,0 103.895065925,1.155353217,0 103.895227459,1.155284363,0 103.895278886,1.155244693,0 103.895362714,1.155045732,0 103.895405151,1.154919121,0 103.895435794,1.154864859,0 103.895514978,1.154796217,0 103.895640768,1.154739454,0 103.895670059,1.154720161,0 103.895759342,1.154629724,0 103.895814524,1.154557375,0 103.895827881,1.1545212,0 103.895833613,1.154412676,0 103.895844226,1.154358414,0 103.89593073,1.154195628,0 103.895957645,1.154123279,0 103.895999065,1.153851969,0 103.896025588,1.15377962,0 103.896036107,1.153769285,0 103.896054076,1.153767435,0 103.896125956,1.153775322,0 103.896179866,1.153790767,0 103.896197836,1.153791324,0 103.896233776,1.153779438,0 103.896251746,1.153781586,0 103.896287686,1.153794229,0 103.896339824,1.153833882,0 103.896377536,1.15385449,0 103.896413475,1.153867019,0 103.896431445,1.153865977,0 103.896557235,1.153778186,0 103.896665055,1.153730717,0 103.896758916,1.153707271,0 103.896814665,1.153671096,0 103.896859381,1.153616834,0 103.896891891,1.153562572,0 103.896916634,1.153482115,0 103.89691805,1.153381699,0 103.896899691,1.153237001,0 103.896843738,1.153056128,0 103.896859051,1.152947604,0 103.896913613,1.152857167,0 103.896934604,1.15283506,0 103.896952574,1.152825788,0 103.897078364,1.152817887,0 103.897096334,1.152809939,0 103.897123637,1.152784818,0 103.897152125,1.152730556,0 103.897210042,1.152531595,0 103.897246734,1.152459246,0 103.897276033,1.152423366,0 103.897329943,1.152392268,0 103.897383853,1.152375244,0 103.897473702,1.152376429,0 103.897545582,1.152366234,0 103.897599492,1.15234724,0 103.897653402,1.15231896,0 103.897671372,1.152306796,0 103.897725282,1.152237625,0 103.897777873,1.152133674,0 103.897833101,1.152073703,0 103.897922951,1.152012545,0 103.8981925,1.151864963,0 103.898250943,1.15182619,0 103.89828235,1.151792126,0 103.898297556,1.151753841,0 103.898292596,1.151699579,0 103.898083908,1.151374007,0 103.898065269,1.151319745,0 103.898065269,1.151283571,0 
					</coordinates>
				</LinearRing>
			</outerBoundaryIs>
		</Polygon>
	</Placemark>
	<Placemark>
		<name>15-20m</name>
		<styleUrl>#style.#FFF3EE00..0.255</styleUrl>
		<Polygon>
			<tessellate>1</tessellate>
			<outerBoundaryIs>
				<LinearRing>
					<coordinates>
						103.917618016,1.138061742,0 103.917283518,1.138061742,0 103.917283518,1.138097916,0 103.91731053,1.138152178,0 103.91737048,1.138188353,0 103.917397584,1.138224528,0 103.917402604,1.138260702,0 103.917392429,1.13827879,0 103.917370929,1.138296877,0 103.917182806,1.138405401,0 103.916688479,1.138640536,0 103.916358123,1.138785235,0 103.916264281,1.138821409,0 103.91621636,1.138832261,0 103.91619839,1.138839496,0 103.91616245,1.138839496,0 103.91616245,1.138857584,0 103.91612651,1.138857584,0 103.91612651,1.138875671,0 103.91610854,1.138875671,0 103.91610854,1.138893758,0 103.91609057,1.138893758,0 103.91609057,1.139110806,0 103.9160726,1.139110806,0 103.9160726,1.139309767,0 103.91605463,1.139309767,0 103.91605463,1.139508727,0 103.91603666,1.139508727,0 103.91603666,1.139562989,0 103.91601869,1.139562989,0 103.91601869,1.139599164,0 103.91600072,1.139599164,0 103.91600072,1.139653426,0 103.91598275,1.139653426,0 103.91598275,1.1396896,0 103.915964781,1.1396896,0 103.915964781,1.139743862,0 103.915946811,1.139743862,0 103.915946811,1.139780037,0 103.915928841,1.139780037,0 103.915928841,1.139834299,0 103.915910871,1.139834299,0 103.915910871,1.139870474,0 103.915892901,1.139870474,0 103.915892901,1.139924736,0 103.915874931,1.139924736,0 103.915874931,1.13996091,0 103.915856961,1.13996091,0 103.915856961,1.140015172,0 103.915838991,1.140015172,0 103.915838991,1.140051347,0 103.915821021,1.140051347,0 103.915821021,1.140105609,0 103.915803051,1.140105609,0 103.915803051,1.140141783,0 103.915785081,1.140141783,0 103.915785081,1.140196045,0 103.915767111,1.140196045,0 103.915767111,1.140214133,0 103.915785081,1.140205211,0 103.915821021,1.140205211,0 103.915892901,1.140151042,0 103.915946811,1.140098736,0 103.91605463,1.139971084,0 103.91609057,1.139943149,0 103.91612651,1.139934147,0 103.916158543,1.139942823,0 103.91618042,1.139956863,0 103.916629669,1.140354961,0 103.916747417,1.140485442,0 103.916791398,1.140524873,0 103.917024083,1.140666316,0 103.918003932,1.141317459,0 103.918049089,1.141353634,0 103.918079212,1.141389808,0 103.91809691,1.141425983,0 103.918157114,1.141702317,0 103.918211024,1.141891166,0 103.918228994,1.141933633,0 103.918246964,1.141957214,0 103.918264934,1.14195579,0 103.918300874,1.141860079,0 103.918325215,1.141733467,0 103.918358144,1.141480245,0 103.918346569,1.141407896,0 103.918315635,1.141335546,0 103.918289892,1.141299372,0 103.918175084,1.141201755,0 103.917797715,1.140796527,0 103.917755086,1.140738665,0 103.917724028,1.140648228,0 103.917607278,1.140159871,0 103.917592568,1.140069434,0 103.917595691,1.139906648,0 103.917681122,1.139146981,0 103.917702012,1.139092719,0 103.91775115,1.13902037,0 103.917778695,1.138875671,0 103.917962847,1.13827879,0 103.917968538,1.138242615,0 103.917965282,1.138188353,0 103.917939183,1.138116004,0 103.917939183,1.138097916,0 103.917923505,1.138079829,0 103.917635986,1.138079829,0 103.917618016,1.138061742,0 
					</coordinates>
				</LinearRing>
			</outerBoundaryIs>
			<innerBoundaryIs>
				<LinearRing>
					<coordinates>
						103.916665609,1.139660919,0 103.917168767,1.139670996,0 103.917222677,1.139680255,0 103.917276587,1.139708291,0 103.917304244,1.139743862,0 103.91731869,1.139798124,0 103.917312803,1.140051347,0 103.917361808,1.140340744,0 103.917360324,1.140395006,0 103.917351436,1.14043118,0 103.917341094,1.140449268,0 103.917316121,1.140467355,0 103.917276587,1.140469429,0 103.917222677,1.140450043,0 103.917132827,1.140398938,0 103.916989068,1.140302586,0 103.916827338,1.140119888,0 103.916499144,1.139816212,0 103.916442268,1.139743862,0 103.916431455,1.139707688,0 103.916443821,1.1396896,0 103.916485909,1.139675687,0 103.916575759,1.139663913,0 103.916665609,1.139660919,0 
					</coordinates>
				</LinearRing>
			</innerBoundaryIs>
		</Polygon>
	</Placemark>
	<Placemark>
		<name>15-20m</name>
		<styleUrl>#style.#FFF3EE00..0.255</styleUrl>
		<Polygon>
			<tessellate>1</tessellate>
			<outerBoundaryIs>
				<LinearRing>
					<coordinates>
						103.918013355,1.142840968,0 103.917995385,1.142845837,0 103.917168767,1.143234715,0 103.917166693,1.143252802,0 103.917174344,1.143270889,0 103.917227721,1.143343239,0 103.917351201,1.14346985,0 103.917604959,1.143704985,0 103.917632032,1.14374116,0 103.917646884,1.143777334,0 103.917647172,1.143813509,0 103.917627545,1.143849683,0 103.917365666,1.144120993,0 103.91732903,1.144175255,0 103.91731652,1.144229517,0 103.917332294,1.144319954,0 103.917367634,1.144826399,0 103.917361302,1.144898748,0 103.917347868,1.14495301,0 103.917350962,1.145007272,0 103.917396517,1.145097708,0 103.917528166,1.145280591,0 103.917627574,1.145405193,0 103.917647514,1.145441367,0 103.917655891,1.145513717,0 103.917628383,1.145676502,0 103.917623301,1.145766939,0 103.917624691,1.145785026,0 103.917635986,1.145797461,0 103.917671926,1.145797461,0 103.917689896,1.145803114,0 103.917707866,1.145803114,0 103.917707866,1.145766939,0 103.917725836,1.145766939,0 103.917725836,1.145730764,0 103.917743806,1.145730764,0 103.917743806,1.14569459,0 103.917761775,1.14569459,0 103.917761775,1.145658415,0 103.917779745,1.145658415,0 103.917779745,1.145622241,0 103.917797715,1.145622241,0 103.917797715,1.145586066,0 103.917815685,1.145586066,0 103.917815685,1.145549891,0 103.917833655,1.145549891,0 103.917833655,1.145513717,0 103.917851625,1.145513717,0 103.917851625,1.145477542,0 103.917869595,1.145477542,0 103.917869595,1.145441367,0 103.917887565,1.145441367,0 103.917887565,1.145405193,0 103.917905535,1.145405193,0 103.917905535,1.145387105,0 103.917923505,1.145387105,0 103.917923505,1.145369018,0 103.917941475,1.145369018,0 103.917941475,1.145350931,0 103.917977415,1.145350931,0 103.917977415,1.145332843,0 103.917995385,1.145332843,0 103.917995385,1.145314756,0 103.918031325,1.145314756,0 103.918031325,1.145296669,0 103.918049295,1.145296669,0 103.918049295,1.145278581,0 103.918085235,1.145278581,0 103.918085235,1.145242407,0 103.918103204,1.145242407,0 103.918103204,1.145206232,0 103.918121174,1.145206232,0 103.918121174,1.145170058,0 103.918139144,1.145170058,0 103.918139144,1.14515197,0 103.918157114,1.14515197,0 103.918139144,1.145136765,0 103.918079245,1.145133883,0 103.918049295,1.145106537,0 103.918011806,1.145043446,0 103.917979232,1.145007272,0 103.917869595,1.14495724,0 103.917833655,1.144934027,0 103.917799549,1.14488066,0 103.917791872,1.144826399,0 103.91784863,1.144102906,0 103.91788132,1.143976295,0 103.917959778,1.143759247,0 103.917975229,1.143686898,0 103.917964346,1.143542199,0 103.918043074,1.143035754,0 103.918049295,1.142909143,0 103.91803694,1.142854881,0 103.918031325,1.142845837,0 103.918013355,1.142840968,0 
					</coordinates>
				</LinearRing>
			</outerBoundaryIs>
		</Polygon>
	</Placemark>
	<Placemark>
		<name>15-20m</name>
		<styleUrl>#style.#FFF3EE00..0.255</styleUrl>
		<Polygon>
			<tessellate>1</tessellate>
			<outerBoundaryIs>
				<LinearRing>
					<coordinates>
						103.914473275,1.146822569,0 103.914419365,1.146824885,0 103.914383425,1.146829781,0 103.913988086,1.146914597,0 103.913934176,1.146934565,0 103.913898794,1.146960702,0 103.913872304,1.147014964,0 103.913752745,1.147485234,0 103.91373044,1.147629933,0 103.913704267,1.147702282,0 103.913502897,1.148070303,0 103.913466958,1.148119032,0 103.913444824,1.148136378,0 103.913408301,1.148154465,0 103.913323198,1.148178126,0 103.913251318,1.1481825,0 103.913233348,1.148187122,0 103.913206461,1.148208727,0 103.913186833,1.148262989,0 103.913162548,1.148425775,0 103.913147438,1.148461949,0 103.913125528,1.148484582,0 103.913101194,1.148498124,0 103.913053649,1.148513657,0 103.911867632,1.148808909,0 103.911831692,1.148813951,0 103.911795752,1.148810294,0 103.911759812,1.14879339,0 103.911741842,1.148778477,0 103.911292594,1.148340951,0 103.911271992,1.148317251,0 103.911253192,1.148281076,0 103.911247286,1.148244901,0 103.911250982,1.14819064,0 103.911403906,1.147286274,0 103.911395709,1.147213924,0 103.91135822,1.147087313,0 103.911336138,1.146978789,0 103.911310089,1.146924527,0 103.911292594,1.146913455,0 103.911274624,1.14690923,0 103.911256654,1.146910213,0 103.911217322,1.146924527,0 103.911156483,1.146960702,0 103.910465976,1.1475196,0 103.910286276,1.147646224,0 103.910268307,1.14764802,0 103.910250337,1.147629933,0 103.910250337,1.14764802,0 103.910232367,1.14764802,0 103.910232367,1.147666107,0 103.910214397,1.147666107,0 103.910214397,1.147684195,0 103.910196427,1.147684195,0 103.910196427,1.147702282,0 103.910178457,1.147702282,0 103.910178457,1.147738457,0 103.910160487,1.147738457,0 103.910160487,1.147756544,0 103.910142517,1.147756544,0 103.910142517,1.147774631,0 103.910124547,1.147774631,0 103.910124547,1.147792719,0 103.910106577,1.147792719,0 103.910106577,1.147810806,0 103.910088607,1.147810806,0 103.910088607,1.147828893,0 103.910070637,1.147828893,0 103.910070637,1.14784698,0 103.910052667,1.14784698,0 103.910052667,1.147865068,0 103.910034697,1.147865068,0 103.910034697,1.147883155,0 103.910016727,1.147883155,0 103.910016727,1.147901242,0 103.909998757,1.147901242,0 103.909998757,1.147937417,0 103.909980787,1.147937417,0 103.909980787,1.147955504,0 103.909962817,1.147955504,0 103.909962817,1.147973592,0 103.909944847,1.147973592,0 103.909944847,1.147991679,0 103.909926877,1.147991679,0 103.909926877,1.148009766,0 103.909908908,1.148009766,0 103.909908908,1.148027854,0 103.909890938,1.148027854,0 103.909890938,1.148045941,0 103.909872968,1.148045941,0 103.909872968,1.148064028,0 103.909854998,1.148064028,0 103.909854998,1.148082116,0 103.909837028,1.148082116,0 103.909837028,1.14811829,0 103.909819058,1.14811829,0 103.909819058,1.148136378,0 103.909801088,1.148136378,0 103.909801088,1.148154465,0 103.909783118,1.148154465,0 103.909783118,1.148172552,0 103.909765148,1.148172552,0 103.909765148,1.14819064,0 103.909747178,1.14819064,0 103.909747178,1.148208727,0 103.909729208,1.148208727,0 103.909729208,1.148226814,0 103.909711238,1.148226814,0 103.909711238,1.148244901,0 103.909693268,1.148244901,0 103.909693268,1.148262989,0 103.909675298,1.148262989,0 103.909693268,1.148268028,0 103.909729208,1.148268028,0 103.909890938,1.148196604,0 103.909962817,1.148173844,0 103.909980787,1.148173944,0 103.910124547,1.148260405,0 103.910620717,1.148516211,0 103.910717555,1.148577364,0 103.910771465,1.148601082,0 103.910807405,1.148611815,0 103.910825375,1.148611815,0 103.910843345,1.148603031,0 103.910879285,1.148557951,0 103.910897255,1.148551094,0 103.910915225,1.148552386,0 103.910951165,1.148566419,0 103.911041014,1.1486241,0 103.911148834,1.14871702,0 103.911490263,1.149045676,0 103.911598083,1.149159852,0 103.911616053,1.149173384,0 103.911651993,1.149187532,0 103.911687933,1.149189276,0 103.911723872,1.14918325,0 103.913377108,1.148771777,0 103.913436519,1.148751346,0 103.913535036,1.148697084,0 103.913646657,1.148682976,0 103.913682597,1.148663758,0 103.913703626,1.148642822,0 103.913736507,1.148591226,0 103.914322883,1.147521409,0 103.914351412,1.147430972,0 103.914349235,1.147268186,0 103.914354051,1.147232012,0 103.914368539,1.147195837,0 103.914384831,1.14717775,0 103.91441408,1.147159662,0 103.914455305,1.147148622,0 103.914491245,1.147145398,0 103.914652974,1.147157959,0 103.914688914,1.147169736,0 103.914724854,1.147193624,0 103.914742824,1.147218059,0 103.914753423,1.147250099,0 103.914759395,1.14737671,0 103.914771576,1.147467147,0 103.914994403,1.148396978,0 103.915019745,1.148461949,0 103.915048313,1.148512661,0 103.915084253,1.14854573,0 103.915160625,1.14858856,0 103.915176642,1.148606648,0 103.915188665,1.148642822,0 103.915185367,1.149076918,0 103.915170509,1.149221617,0 103.915156133,1.149261748,0 103.915138163,1.149285618,0 103.915120193,1.149296325,0 103.914922523,1.14932553,0 103.914778764,1.149354257,0 103.914706884,1.149358751,0 103.914293575,1.149358513,0 103.914131846,1.149364743,0 103.914024026,1.149359082,0 103.913988086,1.149378373,0 103.913961131,1.149420577,0 103.913936743,1.149511014,0 103.913920199,1.149547188,0 103.913826357,1.149709974,0 103.913199522,1.150632427,0 103.913188896,1.150668602,0 103.913191734,1.150704776,0 103.913249072,1.150831388,0 103.913267906,1.150903737,0 103.913336675,1.15162723,0 103.913352227,1.151681492,0 103.913377108,1.151735753,0 103.913466958,1.151862365,0 103.913484927,1.152043238,0 103.913502897,1.152048803,0 103.913512601,1.152061325,0 103.913502897,1.152079413,0 103.913520867,1.1520975,0 103.913520867,1.152079413,0 103.913574777,1.152079413,0 103.913574777,1.152061325,0 103.913628687,1.152061325,0 103.913628687,1.152043238,0 103.913682597,1.152043238,0 103.913682597,1.152025151,0 103.913754477,1.152025151,0 103.913754477,1.152007063,0 103.913808387,1.152007063,0 103.913808387,1.151988976,0 103.913862296,1.151988976,0 103.913862296,1.151970889,0 103.913916206,1.151970889,0 103.913916206,1.151952801,0 103.913970116,1.151952801,0 103.913970116,1.151934714,0 103.914041996,1.151934714,0 103.914041996,1.151916627,0 103.914095906,1.151916627,0 103.914095906,1.151898539,0 103.914149816,1.151898539,0 103.914149816,1.151880452,0 103.914203725,1.151880452,0 103.914203725,1.151862365,0 103.914257635,1.151862365,0 103.914257635,1.151844277,0 103.914329515,1.151844277,0 103.914329515,1.15182619,0 103.914383425,1.15182619,0 103.914383425,1.151808103,0 103.914437335,1.151808103,0 103.914437335,1.151790015,0 103.914491245,1.151790015,0 103.914491245,1.151771928,0 103.914545154,1.151771928,0 103.914545154,1.151753841,0 103.914617034,1.151753841,0 103.914617034,1.151735753,0 103.914652974,1.151735753,0 103.914652974,1.151717666,0 103.914688914,1.151717666,0 103.914688914,1.151681492,0 103.914706884,1.151681492,0 103.914706884,1.151663404,0 103.914724854,1.151663404,0 103.914724854,1.151645317,0 103.914742824,1.151645317,0 103.914742824,1.15162723,0 103.914760794,1.15162723,0 103.914760794,1.151609142,0 103.914778764,1.151609142,0 103.914778764,1.151572968,0 103.914796734,1.151572968,0 103.914796734,1.15155488,0 103.914814704,1.15155488,0 103.914814704,1.151536793,0 103.914832674,1.151536793,0 103.914832674,1.151518706,0 103.914850644,1.151518706,0 103.914850644,1.151500618,0 103.914868614,1.151500618,0 103.914868614,1.151482531,0 103.914886584,1.151482531,0 103.914886584,1.151446356,0 103.914904553,1.151446356,0 103.914904553,1.151428269,0 103.914922523,1.151428269,0 103.914922523,1.151410182,0 103.914940493,1.151410182,0 103.914940493,1.151392094,0 103.914958463,1.151392094,0 103.914958463,1.151374007,0 103.914976433,1.151374007,0 103.914976433,1.151337833,0 103.914994403,1.151337833,0 103.914994403,1.151319745,0 103.915012373,1.151319745,0 103.915012373,1.151301658,0 103.915030343,1.151301658,0 103.915030343,1.151283571,0 103.915048313,1.151283571,0 103.915048313,1.151265483,0 103.915066283,1.151265483,0 103.915066283,1.151247396,0 103.915084253,1.151247396,0 103.915084253,1.151102697,0 103.915102223,1.151102697,0 103.915102223,1.150976086,0 103.915120193,1.150976086,0 103.915120193,1.150849475,0 103.915138163,1.150849475,0 103.915138163,1.150704776,0 103.915156133,1.150704776,0 103.915156133,1.150578165,0 103.915174103,1.150578165,0 103.915174103,1.150451554,0 103.915192073,1.150451554,0 103.915192073,1.150306856,0 103.915210043,1.150306856,0 103.915210043,1.150180244,0 103.915228013,1.150180244,0 103.915228013,1.150053633,0 103.915245983,1.150053633,0 103.915245983,1.149908935,0 103.915263952,1.149908935,0 103.915263952,1.149782323,0 103.915281922,1.149782323,0 103.915281922,1.149655712,0 103.915299892,1.149655712,0 103.915299892,1.149529101,0 103.915317862,1.149529101,0 103.915317862,1.149492926,0 103.915335832,1.149492926,0 103.915335832,1.149474839,0 103.915353802,1.149474839,0 103.915353802,1.149456752,0 103.915371772,1.149456752,0 103.915371772,1.149438664,0 103.915389742,1.149438664,0 103.915389742,1.149420577,0 103.915407712,1.149420577,0 103.915407712,1.149384402,0 103.915425682,1.149384402,0 103.915425682,1.149366315,0 103.915443652,1.149366315,0 103.915443652,1.149348228,0 103.915461622,1.149348228,0 103.915461622,1.14933014,0 103.915479592,1.14933014,0 103.915479592,1.149312053,0 103.915497562,1.149312053,0 103.915497562,1.149275878,0 103.915515532,1.149275878,0 103.915515532,1.149257791,0 103.915533502,1.149257791,0 103.915533502,1.149239704,0 103.915551472,1.149239704,0 103.915551472,1.149221617,0 103.915569442,1.149221617,0 103.915569442,1.149203529,0 103.915587412,1.149203529,0 103.915587412,1.149185442,0 103.915605382,1.149185442,0 103.915605382,1.149149267,0 103.915623351,1.149149267,0 103.915623351,1.14913118,0 103.915641321,1.14913118,0 103.915641321,1.149113093,0 103.915659291,1.149113093,0 103.915659291,1.149095005,0 103.915677261,1.149095005,0 103.915677261,1.149076918,0 103.915695231,1.149076918,0 103.915695231,1.149040743,0 103.915713201,1.149040743,0 103.915713201,1.149022656,0 103.915731171,1.149022656,0 103.915731171,1.149004569,0 103.915749141,1.149004569,0 103.915749141,1.148986481,0 103.915767111,1.148986481,0 103.915767111,1.148968394,0 103.915785081,1.148968394,0 103.915785081,1.148950307,0 103.915803051,1.148950307,0 103.915803051,1.148914132,0 103.915821021,1.148914132,0 103.915821021,1.148896045,0 103.915838991,1.148896045,0 103.915838991,1.148877958,0 103.915856961,1.148877958,0 103.915856961,1.14885987,0 103.915874931,1.14885987,0 103.915874931,1.148841783,0 103.915892901,1.148841783,0 103.915892901,1.148805608,0 103.915910871,1.148805608,0 103.915910871,1.148787521,0 103.915928841,1.148787521,0 103.915928841,1.148769434,0 103.915946811,1.148769434,0 103.915946811,1.148751346,0 103.915964781,1.148751346,0 103.915964781,1.148733259,0 103.91598275,1.148733259,0 103.91598275,1.148697084,0 103.91600072,1.148697084,0 103.91600072,1.148678997,0 103.91601869,1.148678997,0 103.91601869,1.14866091,0 103.91603666,1.14866091,0 103.91603666,1.148642822,0 103.91605463,1.148642822,0 103.91605463,1.148624735,0 103.9160726,1.148624735,0 103.9160726,1.148606648,0 103.91609057,1.148606648,0 103.91609057,1.148570473,0 103.91610854,1.148570473,0 103.91610854,1.148552386,0 103.91612651,1.148552386,0 103.91612651,1.148534299,0 103.91614448,1.148534299,0 103.91614448,1.148516211,0 103.91616245,1.148516211,0 103.91616245,1.148498124,0 103.91618042,1.148498124,0 103.91618042,1.148461949,0 103.91619839,1.148461949,0 103.91619839,1.148443862,0 103.91621636,1.148443862,0 103.91621636,1.148425775,0 103.91623433,1.148425775,0 103.91623433,1.148407687,0 103.9162523,1.148407687,0 103.9162523,1.1483896,0 103.91627027,1.1483896,0 103.91627027,1.148371513,0 103.91628824,1.148371513,0 103.91628824,1.148335338,0 103.91630621,1.148335338,0 103.91630621,1.148317251,0 103.916324179,1.148317251,0 103.916324179,1.148299163,0 103.916342149,1.148299163,0 103.916342149,1.148281076,0 103.916360119,1.148281076,0 103.916360119,1.148262989,0 103.916378089,1.148262989,0 103.916378089,1.148234213,0 103.91630621,1.148234213,0 103.9162523,1.148238152,0 103.915946811,1.148271627,0 103.915928841,1.148271157,0 103.915910871,1.148267188,0 103.915892901,1.148254376,0 103.915874931,1.148219278,0 103.915856961,1.148061767,0 103.915838991,1.148032184,0 103.915821021,1.148019874,0 103.915793505,1.148009766,0 103.915749141,1.148001813,0 103.915335832,1.147959122,0 103.915281922,1.147943982,0 103.915227646,1.14791933,0 103.915192073,1.147883481,0 103.915174103,1.147852827,0 103.915138163,1.147745394,0 103.915070066,1.147467147,0 103.915029993,1.147123488,0 103.915012373,1.147063899,0 103.914989317,1.147033051,0 103.914958463,1.14700863,0 103.914742824,1.146880416,0 103.914670944,1.14684684,0 103.914635004,1.146836693,0 103.914599064,1.146831151,0 103.914473275,1.146822569,0 
					</coordinates>
				</LinearRing>
			</outerBoundaryIs>
		</Polygon>
	</Placemark>
	<Placemark>
		<name>15-20m</name>
		<styleUrl>#style.#FFF3EE00..0.255</styleUrl>
		<Polygon>
			<tessellate>1</tessellate>
			<outerBoundaryIs>
				<LinearRing>
					<coordinates>
						103.904539637,1.149981284,0 103.904517923,1.149981284,0 103.904517923,1.149999371,0 103.904481983,1.149999371,0 103.904481983,1.150017458,0 103.904446043,1.150017458,0 103.904446043,1.150035546,0 103.904392133,1.150035546,0 103.904392133,1.150053633,0 103.904356193,1.150053633,0 103.904356193,1.15007172,0 103.904320253,1.15007172,0 103.904320253,1.150089808,0 103.904306041,1.150089808,0 103.904311969,1.150198332,0 103.90421512,1.150433467,0 103.904200113,1.150487729,0 103.904202685,1.150505816,0 103.904215071,1.150523903,0 103.904284313,1.15056469,0 103.904306615,1.150596253,0 103.904379591,1.150903737,0 103.904433203,1.15108461,0 103.904481983,1.151173052,0 103.904553863,1.15124839,0 103.904579503,1.151283571,0 103.904667359,1.151446356,0 103.904697622,1.151467416,0 103.904769502,1.151472262,0 103.904805442,1.151482388,0 103.904841011,1.151518706,0 103.905162796,1.1520975,0 103.90522239,1.152224111,0 103.905269733,1.152350722,0 103.905270452,1.152386897,0 103.905258488,1.152404984,0 103.905223863,1.152423072,0 103.905146871,1.152432544,0 103.904841382,1.15243503,0 103.904820522,1.152441159,0 103.904805442,1.152453004,0 103.904797503,1.152477333,0 103.904800106,1.152495421,0 103.904810116,1.152513508,0 103.904841382,1.152530701,0 103.904931232,1.152542062,0 103.905110931,1.152581972,0 103.905200781,1.152610056,0 103.905252854,1.152640119,0 103.905261922,1.152658207,0 103.90526254,1.152694381,0 103.9052214,1.15283908,0 103.905212121,1.152911429,0 103.905218751,1.152965691,0 103.90523881,1.15303804,0 103.905248141,1.153056128,0 103.905272661,1.153072109,0 103.9053086,1.153076401,0 103.90539845,1.153072824,0 103.90543439,1.153075972,0 103.90547033,1.153089772,0 103.9054883,1.153106384,0 103.905763552,1.153562572,0 103.905772631,1.153616834,0 103.905765201,1.153634922,0 103.905747866,1.153653009,0 103.905713453,1.153671096,0 103.90561409,1.153706288,0 103.90503773,1.153906231,0 103.905003111,1.153912153,0 103.904985141,1.153910375,0 103.904967171,1.15389997,0 103.904949201,1.15387924,0 103.904907225,1.153797708,0 103.904856634,1.153743446,0 103.904787472,1.153705532,0 103.904679652,1.153668572,0 103.904625742,1.153657185,0 103.904571833,1.153655597,0 103.904535893,1.153660706,0 103.904374163,1.153716665,0 103.904266343,1.153742886,0 103.904158524,1.153749303,0 103.903960854,1.153740054,0 103.903871004,1.15375079,0 103.903799125,1.153767146,0 103.903741709,1.153797708,0 103.903707893,1.153833882,0 103.903619425,1.153963733,0 103.903583485,1.153996234,0 103.903547545,1.154009922,0 103.903529575,1.154004532,0 103.903511606,1.153989905,0 103.903403786,1.153875168,0 103.903331906,1.153818245,0 103.903224086,1.153754279,0 103.903116267,1.153707822,0 103.902990477,1.153662864,0 103.902936567,1.153623923,0 103.902864687,1.153543337,0 103.902792808,1.153427943,0 103.902747492,1.153327437,0 103.902720928,1.153297821,0 103.902667018,1.153274644,0 103.902541228,1.153235137,0 103.902397469,1.153179983,0 103.902325589,1.1531569,0 103.90205604,1.153113412,0 103.90194822,1.153118954,0 103.90187634,1.15312939,0 103.9018404,1.153140413,0 103.901678671,1.153223402,0 103.901534911,1.153321236,0 103.901481001,1.153349934,0 103.901391151,1.153384236,0 103.901337242,1.153418044,0 103.901139572,1.153487393,0 103.901031752,1.153491734,0 103.900870023,1.153518622,0 103.900762203,1.15352623,0 103.900672353,1.153519985,0 103.900564534,1.15349267,0 103.900510624,1.153488213,0 103.900438744,1.153492692,0 103.900294985,1.153511161,0 103.900151225,1.15351141,0 103.899989495,1.153535324,0 103.899953556,1.153546997,0 103.899881676,1.153583409,0 103.899737916,1.153624447,0 103.899540247,1.153696639,0 103.899504307,1.153706026,0 103.899342577,1.153769919,0 103.899216788,1.153825448,0 103.899073028,1.153856926,0 103.898983178,1.153884495,0 103.898893328,1.153926185,0 103.898793063,1.153996668,0 103.898605809,1.154188119,0 103.898569869,1.154217271,0 103.89846205,1.154282743,0 103.89835923,1.154376502,0 103.898350494,1.154448851,0 103.89835174,1.1545212,0 103.89833626,1.154549964,0 103.89830032,1.15459061,0 103.898174531,1.154645481,0 103.898138591,1.15466626,0 103.898070305,1.154738248,0 103.897954162,1.154828685,0 103.897915408,1.154864859,0 103.897822602,1.155009558,0 103.897725282,1.155143002,0 103.897599492,1.155375323,0 103.897470475,1.155552177,0 103.897347205,1.155751138,0 103.897311973,1.155788467,0 103.897276033,1.155809797,0 103.897258063,1.155814131,0 103.897240093,1.155823487,0 103.897222123,1.155823487,0 103.897240093,1.155841574,0 103.897258063,1.155859662,0 103.897258063,1.155877749,0 103.897294003,1.155913923,0 103.897294003,1.155932011,0 103.897329943,1.155968185,0 103.897329943,1.155986273,0 103.897365883,1.156022447,0 103.897383853,1.156040535,0 103.897383853,1.156058622,0 103.897401823,1.156076709,0 103.897419793,1.156094797,0 103.897419793,1.156112884,0 103.897437763,1.156130971,0 103.897455733,1.156130971,0 103.897473702,1.156129724,0 103.897491672,1.156129094,0 103.897521573,1.156112884,0 103.897563552,1.156073796,0 103.897671372,1.15590619,0 103.897761222,1.155782332,0 103.897851071,1.155621903,0 103.897887011,1.155570391,0 103.897922951,1.155533046,0 103.897992549,1.155479828,0 103.898030771,1.155441613,0 103.89824641,1.155148579,0 103.89828235,1.15512004,0 103.89831829,1.155105088,0 103.89840814,1.155098702,0 103.89846205,1.155102266,0 103.898677689,1.155146592,0 103.898749569,1.15516771,0 103.898821449,1.155178373,0 103.898893328,1.155182884,0 103.899144908,1.155231332,0 103.899180848,1.155227454,0 103.899216788,1.155215973,0 103.899252727,1.155194667,0 103.899324607,1.155138807,0 103.899378517,1.155119307,0 103.899648066,1.155117166,0 103.899809282,1.155099994,0 103.899863706,1.155081727,0 103.899971525,1.155023246,0 103.900025435,1.15500086,0 103.900223105,1.154936885,0 103.900456714,1.154848865,0 103.900618444,1.154804791,0 103.900852053,1.154763709,0 103.900977843,1.154756788,0 103.901085662,1.154740701,0 103.901229422,1.154741537,0 103.901265362,1.154731964,0 103.901391151,1.154680157,0 103.901610141,1.154629724,0 103.901650794,1.154611637,0 103.901707226,1.154575462,0 103.90175055,1.154520318,0 103.90178649,1.154503576,0 103.90182243,1.154468747,0 103.90191228,1.154428531,0 103.90194822,1.15441995,0 103.9020201,1.154385389,0 103.902145889,1.154370678,0 103.902199799,1.154359659,0 103.902325589,1.154366923,0 103.902469348,1.154345794,0 103.902541228,1.154344485,0 103.902649048,1.154352295,0 103.902756868,1.154341906,0 103.902864687,1.154309,0 103.902950341,1.154267978,0 103.903020656,1.154213716,0 103.903062357,1.154169373,0 103.903098297,1.154147245,0 103.903116267,1.154147366,0 103.903152207,1.154157494,0 103.903260026,1.154212292,0 103.903336294,1.154231803,0 103.903529575,1.154233802,0 103.903619425,1.154223625,0 103.903709275,1.154194318,0 103.903798795,1.154141367,0 103.903853035,1.154060485,0 103.903950393,1.153942406,0 103.903978824,1.153916034,0 103.904014764,1.153896173,0 103.904050704,1.153883835,0 103.904140554,1.153870992,0 103.904410103,1.153852926,0 103.904481395,1.153833882,0 103.904553863,1.153799143,0 103.904589802,1.153790504,0 103.904625742,1.153789507,0 103.904661682,1.153795906,0 103.904733562,1.153820963,0 103.904787472,1.153846281,0 103.904819572,1.153888144,0 103.904878324,1.153996668,0 103.904949201,1.154067861,0 103.904967171,1.154081744,0 103.904985141,1.154083803,0 103.90563206,1.154049525,0 103.905865669,1.15403006,0 103.906063338,1.154008592,0 103.906155654,1.153996668,0 103.906239078,1.153978581,0 103.906368827,1.153933944,0 103.906415477,1.153906231,0 103.906431385,1.153870057,0 103.906416995,1.153815795,0 103.906081772,1.153255088,0 103.906024582,1.153146564,0 103.905995699,1.153074215,0 103.905988306,1.153001866,0 103.906042443,1.152857167,0 103.906058651,1.152784818,0 103.906061901,1.152730556,0 103.906037623,1.152603945,0 103.905997965,1.152459246,0 103.905981847,1.152423072,0 103.905955519,1.152404381,0 103.905919579,1.152406839,0 103.905883639,1.152420582,0 103.905793789,1.152468419,0 103.905757849,1.15248079,0 103.905721909,1.1524867,0 103.90561409,1.152479658,0 103.90559612,1.152472951,0 103.90556018,1.152446711,0 103.90550627,1.152383654,0 103.90545236,1.152301628,0 103.904931232,1.151380824,0 103.904895292,1.15134647,0 103.904872634,1.151337833,0 103.904805442,1.151324545,0 103.904769502,1.151304373,0 103.904625742,1.151126667,0 103.904561612,1.151030348,0 103.904474642,1.150759038,0 103.90445952,1.150668602,0 103.904470544,1.15061434,0 103.904536088,1.150523903,0 103.904545415,1.150505816,0 103.904550269,1.150469641,0 103.904538945,1.150433467,0 103.904525624,1.150415379,0 103.904469034,1.150379205,0 103.90445331,1.150361117,0 103.904448076,1.15034303,0 103.904459399,1.150288768,0 103.904544941,1.150089808,0 103.904546126,1.150017458,0 103.904539637,1.149981284,0 
					</coordinates>
				</LinearRing>
			</outerBoundaryIs>
			<innerBoundaryIs>
				<LinearRing>
					<coordinates>
						103.899540247,1.154672584,0 103.899612126,1.154677253,0 103.899684006,1.154692231,0 103.899791826,1.154707984,0 103.899827766,1.154709396,0 103.899899646,1.15470855,0 103.899935586,1.154709976,0 103.899989495,1.154714622,0 103.900043405,1.154721574,0 103.900097315,1.154725718,0 103.900115285,1.154728916,0 103.900143737,1.154738248,0 103.900156943,1.154756335,0 103.900147856,1.154774423,0 103.90012427,1.15479251,0 103.900012764,1.154846772,0 103.899899646,1.154891691,0 103.899827766,1.154915913,0 103.899773856,1.154927375,0 103.899701976,1.154935053,0 103.899630096,1.15493788,0 103.899558217,1.154934253,0 103.899270697,1.154897155,0 103.899234758,1.154898193,0 103.899180848,1.154908702,0 103.899126938,1.15491501,0 103.899108968,1.154913989,0 103.899037088,1.154894669,0 103.898875359,1.154859986,0 103.898834662,1.154846772,0 103.898803149,1.154828685,0 103.898793634,1.154810597,0 103.898794793,1.15479251,0 103.898807835,1.154774423,0 103.898839419,1.154762132,0 103.898911298,1.154750377,0 103.898947238,1.154746703,0 103.899001148,1.154729976,0 103.899073028,1.154717498,0 103.899108968,1.154714773,0 103.899144908,1.154714874,0 103.899216788,1.15471185,0 103.899342577,1.154701447,0 103.899396487,1.154695432,0 103.899486337,1.154678174,0 103.899522277,1.154673103,0 103.899540247,1.154672584,0 
					</coordinates>
				</LinearRing>
				<LinearRing>
					<coordinates>
						103.901013783,1.15372419,0 103.901049722,1.153724314,0 103.901085662,1.153727357,0 103.901139572,1.153736382,0 103.901193482,1.153739551,0 103.901229422,1.15373918,0 103.901319272,1.153734167,0 103.901373182,1.153735791,0 103.901427091,1.153734229,0 103.901463031,1.153737122,0 103.901516941,1.153734683,0 103.901570851,1.153739588,0 103.901588821,1.153737565,0 103.901624761,1.153740737,0 103.901696641,1.153757806,0 103.90176852,1.153783381,0 103.901823887,1.153815795,0 103.901845157,1.153833882,0 103.901855145,1.153851969,0 103.901848568,1.153888144,0 103.901785175,1.153978581,0 103.90175055,1.15401131,0 103.901714611,1.154034727,0 103.901696641,1.154044418,0 103.901624761,1.154069574,0 103.901552881,1.154083636,0 103.901534911,1.154093704,0 103.901516941,1.154099163,0 103.901498971,1.154100259,0 103.901463031,1.154098046,0 103.901445061,1.154100085,0 103.901427091,1.154098282,0 103.901409121,1.154091383,0 103.901283332,1.154063499,0 103.901229422,1.15405831,0 103.901193482,1.154059623,0 103.901157542,1.154067128,0 103.901121602,1.154077618,0 103.901067692,1.154085821,0 103.901013783,1.154083073,0 103.900977843,1.15407955,0 103.900923933,1.154080733,0 103.900834083,1.15409697,0 103.900780173,1.154102526,0 103.900618444,1.154102091,0 103.900564534,1.154100071,0 103.900474684,1.154093292,0 103.900366864,1.154094545,0 103.900348894,1.154095129,0 103.900223105,1.154111006,0 103.900187165,1.154108228,0 103.900115285,1.154096299,0 103.900097315,1.154095268,0 103.900043405,1.154096238,0 103.899971525,1.154089438,0 103.899953556,1.154090559,0 103.899935586,1.154094552,0 103.899917616,1.154102104,0 103.899845736,1.154153349,0 103.899809796,1.154166376,0 103.899773856,1.154174063,0 103.899755886,1.154170729,0 103.899737916,1.154161684,0 103.899701976,1.154131108,0 103.899666036,1.154071601,0 103.899650341,1.154032843,0 103.89965227,1.153996668,0 103.8996732,1.153960493,0 103.899698309,1.153942406,0 103.899741823,1.153924319,0 103.899809796,1.153909087,0 103.899923162,1.153870057,0 103.899989495,1.153850503,0 103.900115285,1.15378196,0 103.900187165,1.153764452,0 103.900277015,1.153754308,0 103.900384834,1.153735021,0 103.900456714,1.153726905,0 103.900492654,1.153724367,0 103.900546564,1.153725312,0 103.900618444,1.153731416,0 103.900654384,1.153732803,0 103.900726263,1.153732511,0 103.900798143,1.153730068,0 103.900923933,1.153730686,0 103.901013783,1.15372419,0 
					</coordinates>
				</LinearRing>
			</innerBoundaryIs>
		</Polygon>
	</Placemark>
	<Placemark>
		<name>15-20m</name>
		<styleUrl>#style.#FFF3EE00..0.255</styleUrl>
		<Polygon>
			<tessellate>1</tessellate>
			<outerBoundaryIs>
				<LinearRing>
					<coordinates>
						103.907806423,1.149004569,0 103.907752514,1.149004569,0 103.907752514,1.149022656,0 103.907716574,1.149022656,0 103.907716574,1.149040743,0 103.907662664,1.149040743,0 103.907662664,1.149058831,0 103.907626724,1.149058831,0 103.907626724,1.149076918,0 103.907572814,1.149076918,0 103.907572814,1.149095005,0 103.907518904,1.149095005,0 103.907518904,1.149113093,0 103.907482964,1.149113093,0 103.907482964,1.14913118,0 103.907429054,1.14913118,0 103.907429054,1.149149267,0 103.907375145,1.149149267,0 103.907375145,1.149167355,0 103.907357175,1.149167355,0 103.907371551,1.149185442,0 103.907417265,1.149239704,0 103.907429054,1.149269367,0 103.907434083,1.14933014,0 103.907427815,1.149474839,0 103.907444003,1.149529101,0 103.907554844,1.14966481,0 103.907662664,1.149743993,0 103.907693766,1.149782323,0 103.907847025,1.150125982,0 103.907888033,1.150234506,0 103.907899499,1.150288768,0 103.907899198,1.15034303,0 103.907795798,1.150831388,0 103.90779113,1.150921824,0 103.90781256,1.150994174,0 103.908093943,1.151671916,0 103.908147852,1.151760418,0 103.908201762,1.151807039,0 103.908237702,1.15182619,0 103.908255672,1.15182619,0 103.908273642,1.151808103,0 103.908309582,1.151808103,0 103.908327552,1.151790015,0 103.908363492,1.151790015,0 103.908381462,1.151771928,0 103.908399432,1.151771928,0 103.908417402,1.151753841,0 103.908435372,1.151753841,0 103.908435372,1.151771928,0 103.908453342,1.151790015,0 103.908453342,1.151808103,0 103.908471312,1.15182619,0 103.908471312,1.151862365,0 103.908489282,1.151880452,0 103.908489282,1.151898539,0 103.908507251,1.151916627,0 103.908507251,1.151934714,0 103.908525221,1.151952801,0 103.908525221,1.151970889,0 103.908291612,1.151970889,0 103.908273642,1.151976919,0 103.908237702,1.152014463,0 103.907555074,1.153056128,0 103.907491111,1.153182739,0 103.907487267,1.153237001,0 103.90750308,1.153291263,0 103.907662664,1.153559407,0 103.907727843,1.153653009,0 103.907866425,1.153797708,0 103.907910893,1.153870057,0 103.907919329,1.153906231,0 103.907950183,1.153921304,0 103.907952377,1.153942406,0 103.907950183,1.153960493,0 103.907968153,1.153960493,0 103.907968153,1.153942406,0 103.908022063,1.153942406,0 103.908022063,1.153924319,0 103.908058003,1.153924319,0 103.908058003,1.153906231,0 103.908111913,1.153906231,0 103.908111913,1.153888144,0 103.908165822,1.153888144,0 103.908165822,1.153870057,0 103.908219732,1.153870057,0 103.908219732,1.153851969,0 103.908255672,1.153851969,0 103.908255672,1.153833882,0 103.908309582,1.153833882,0 103.908309582,1.153815795,0 103.908363492,1.153815795,0 103.908363492,1.153797708,0 103.908417402,1.153797708,0 103.908417402,1.15377962,0 103.908453342,1.15377962,0 103.908453342,1.153761533,0 103.908507251,1.153761533,0 103.908507251,1.153743446,0 103.908561161,1.153743446,0 103.908561161,1.153725358,0 103.908615071,1.153725358,0 103.908615071,1.153707271,0 103.908651011,1.153707271,0 103.908651011,1.153689184,0 103.908704921,1.153689184,0 103.908704921,1.153671096,0 103.908758831,1.153671096,0 103.908758831,1.153653009,0 103.908812741,1.153653009,0 103.908812741,1.153634922,0 103.908848681,1.153634922,0 103.908848681,1.153616834,0 103.90890259,1.153616834,0 103.90890259,1.153598747,0 103.9089565,1.153598747,0 103.9089565,1.15358066,0 103.9091362,1.15358066,0 103.90915417,1.153598747,0 103.909261989,1.153598747,0 103.909279959,1.153616834,0 103.909387779,1.153616834,0 103.909405749,1.153634922,0 103.909405749,1.153616834,0 103.909441689,1.153616834,0 103.909441689,1.153598747,0 103.909477629,1.153598747,0 103.909477629,1.15358066,0 103.909531539,1.15358066,0 103.909531539,1.153562572,0 103.909567478,1.153562572,0 103.909567478,1.153544485,0 103.909621388,1.153544485,0 103.909621388,1.153526398,0 103.909657328,1.153526398,0 103.909657328,1.15350831,0 103.909711238,1.15350831,0 103.909711238,1.153490223,0 103.909747178,1.153490223,0 103.909747178,1.153472136,0 103.909783118,1.153472136,0 103.909783118,1.153454049,0 103.909837028,1.153454049,0 103.909837028,1.153435961,0 103.909872968,1.153435961,0 103.909872968,1.153417874,0 103.909908908,1.153417874,0 103.909921262,1.153399787,0 103.909908908,1.153367868,0 103.909897849,1.153363612,0 103.909859276,1.153291263,0 103.909840451,1.153200826,0 103.909816812,1.153164651,0 103.909765148,1.153130564,0 103.909621388,1.153076627,0 103.909556129,1.15303804,0 103.90917214,1.152711715,0 103.909143259,1.152676294,0 103.909140307,1.152658207,0 103.909160825,1.152603945,0 103.909215166,1.152531595,0 103.909820326,1.151916627,0 103.90985932,1.151862365,0 103.909873926,1.15182619,0 103.90987453,1.151771928,0 103.909846285,1.151681492,0 103.909550053,1.151030348,0 103.909503796,1.150957999,0 103.909334196,1.150759038,0 103.909308018,1.150704776,0 103.909283005,1.150578165,0 103.909255033,1.150505816,0 103.90893853,1.150007453,0 103.90890259,1.149978571,0 103.908812741,1.14994177,0 103.908758831,1.149910714,0 103.908004093,1.149393446,0 103.907932213,1.149295904,0 103.907878303,1.149239704,0 103.907896273,1.149221617,0 103.907896273,1.149185442,0 103.907914243,1.149167355,0 103.907914243,1.14913118,0 103.907860333,1.14913118,0 103.907842363,1.149113093,0 103.907824393,1.149080535,0 103.907817532,1.149022656,0 103.907806423,1.149004569,0 
					</coordinates>
				</LinearRing>
			</outerBoundaryIs>
		</Polygon>
	</Placemark>
	<Placemark>
		<name>20-25m</name>
		<styleUrl>#style.#FFACED00..0.255</styleUrl>
		<Polygon>
			<tessellate>1</tessellate>
			<outerBoundaryIs>
				<LinearRing>
					<coordinates>
						103.898551525,1.151175047,0 103.89851596,1.151175047,0 103.89851596,1.151193134,0 103.89846205,1.151193134,0 103.89846205,1.151211221,0 103.89839017,1.151211221,0 103.89839017,1.151229309,0 103.89833626,1.151229309,0 103.89833626,1.151247396,0 103.89826438,1.151247396,0 103.89826438,1.151265483,0 103.898138591,1.151265483,0 103.898138591,1.151283571,0 103.898065269,1.151283571,0 103.898065269,1.151319745,0 103.898083908,1.151374007,0 103.898292596,1.151699579,0 103.898297556,1.151753841,0 103.89828235,1.151792126,0 103.898250943,1.15182619,0 103.8981925,1.151864963,0 103.897922951,1.152012545,0 103.897833101,1.152073703,0 103.897777873,1.152133674,0 103.897725282,1.152237625,0 103.897671372,1.152306796,0 103.897653402,1.15231896,0 103.897599492,1.15234724,0 103.897545582,1.152366234,0 103.897473702,1.152376429,0 103.897383853,1.152375244,0 103.897329943,1.152392268,0 103.897276033,1.152423366,0 103.897246734,1.152459246,0 103.897210042,1.152531595,0 103.897152125,1.152730556,0 103.897123637,1.152784818,0 103.897096334,1.152809939,0 103.897078364,1.152817887,0 103.896952574,1.152825788,0 103.896934604,1.15283506,0 103.896913613,1.152857167,0 103.896859051,1.152947604,0 103.896843738,1.153056128,0 103.896899691,1.153237001,0 103.89691805,1.153381699,0 103.896916634,1.153482115,0 103.896891891,1.153562572,0 103.896859381,1.153616834,0 103.896814665,1.153671096,0 103.896758916,1.153707271,0 103.896665055,1.153730717,0 103.896557235,1.153778186,0 103.896431445,1.153865977,0 103.896413475,1.153867019,0 103.896377536,1.15385449,0 103.896339824,1.153833882,0 103.896287686,1.153794229,0 103.896251746,1.153781586,0 103.896233776,1.153779438,0 103.896197836,1.153791324,0 103.896179866,1.153790767,0 103.896125956,1.153775322,0 103.896054076,1.153767435,0 103.896036107,1.153769285,0 103.896025588,1.15377962,0 103.895999065,1.153851969,0 103.895957645,1.154123279,0 103.89593073,1.154195628,0 103.895844226,1.154358414,0 103.895833613,1.154412676,0 103.895827881,1.1545212,0 103.895814524,1.154557375,0 103.895759342,1.154629724,0 103.895670059,1.154720161,0 103.895640768,1.154739454,0 103.895514978,1.154796217,0 103.895435794,1.154864859,0 103.895405151,1.154919121,0 103.895362714,1.155045732,0 103.895278886,1.155244693,0 103.895227459,1.155284363,0 103.895065925,1.155353217,0 103.895029789,1.155385595,0 103.895021237,1.155425566,0 103.895030131,1.155443653,0 103.895040014,1.155516003,0 103.895029789,1.15553409,0 103.895029789,1.155552177,0 103.895065729,1.155552177,0 103.895065729,1.15553409,0 103.895317309,1.15553409,0 103.895317309,1.155516003,0 103.895353248,1.155516003,0 103.895353248,1.155497915,0 103.895389188,1.155497915,0 103.895389188,1.155479828,0 103.895425128,1.155479828,0 103.895425128,1.155461741,0 103.895479038,1.155461741,0 103.895479038,1.155443653,0 103.895514978,1.155443653,0 103.895514978,1.155425566,0 103.895550918,1.155425566,0 103.895550918,1.155407479,0 103.895563945,1.155389391,0 103.895553217,1.155371304,0 103.895553763,1.155353217,0 103.895563877,1.155298955,0 103.895587345,1.155244693,0 103.895694939,1.15506382,0 103.895784527,1.154951709,0 103.895856407,1.154896978,0 103.895964227,1.154795476,0 103.896060575,1.154720161,0 103.896125956,1.15464651,0 103.896161896,1.154615941,0 103.896323626,1.154540181,0 103.896449415,1.154473076,0 103.896582829,1.154430764,0 103.896593556,1.154286065,0 103.896613289,1.154195628,0 103.896647085,1.154126491,0 103.896713365,1.15405093,0 103.896754904,1.154019564,0 103.896826784,1.153981023,0 103.896916634,1.153956054,0 103.896952574,1.153952419,0 103.897096334,1.153887546,0 103.897204153,1.153870482,0 103.897222123,1.153848855,0 103.89726624,1.153743446,0 103.897344342,1.153598747,0 103.897357122,1.153562572,0 103.897360719,1.153526398,0 103.897347671,1.153472136,0 103.897212118,1.153128477,0 103.897209449,1.153074215,0 103.897227537,1.153019953,0 103.897347913,1.152833217,0 103.897388221,1.152784818,0 103.897689342,1.152564292,0 103.897743252,1.152510769,0 103.897779192,1.152462033,0 103.897851071,1.152340337,0 103.897887011,1.152250762,0 103.897922951,1.15221057,0 103.897976861,1.152182324,0 103.8981925,1.152100559,0 103.89826438,1.152080051,0 103.89835423,1.152072765,0 103.89842611,1.152074009,0 103.89848002,1.152053684,0 103.89851003,1.152025151,0 103.898533929,1.151981092,0 103.898556256,1.151916627,0 103.89858635,1.151753841,0 103.898578895,1.151645317,0 103.898491078,1.151319745,0 103.898527919,1.151229309,0 103.898551525,1.151211221,0 103.898551525,1.151175047,0 
					</coordinates>
				</LinearRing>
			</outerBoundaryIs>
		</Polygon>
	</Placemark>
	<Placemark>
		<name>20-25m</name>
		<styleUrl>#style.#FFACED00..0.255</styleUrl>
		<Polygon>
			<tessellate>1</tessellate>
			<outerBoundaryIs>
				<LinearRing>
					<coordinates>
						103.914491245,1.147145398,0 103.914455305,1.147148622,0 103.91441408,1.147159662,0 103.914384831,1.14717775,0 103.914368539,1.147195837,0 103.914354051,1.147232012,0 103.914349235,1.147268186,0 103.914351412,1.147430972,0 103.914322883,1.147521409,0 103.913736507,1.148591226,0 103.913703626,1.148642822,0 103.913682597,1.148663758,0 103.913646657,1.148682976,0 103.913535036,1.148697084,0 103.913436519,1.148751346,0 103.913377108,1.148771777,0 103.911723872,1.14918325,0 103.911687933,1.149189276,0 103.911651993,1.149187532,0 103.911616053,1.149173384,0 103.911598083,1.149159852,0 103.911490263,1.149045676,0 103.911148834,1.14871702,0 103.911041014,1.1486241,0 103.910951165,1.148566419,0 103.910915225,1.148552386,0 103.910897255,1.148551094,0 103.910879285,1.148557951,0 103.910843345,1.148603031,0 103.910825375,1.148611815,0 103.910807405,1.148611815,0 103.910771465,1.148601082,0 103.910717555,1.148577364,0 103.910620717,1.148516211,0 103.910124547,1.148260405,0 103.909980787,1.148173944,0 103.909962817,1.148173844,0 103.909890938,1.148196604,0 103.909729208,1.148268028,0 103.909693268,1.148268028,0 103.909675298,1.148262989,0 103.909675298,1.148299163,0 103.909657328,1.148299163,0 103.909657328,1.148317251,0 103.909639358,1.148317251,0 103.909639358,1.148335338,0 103.909621388,1.148335338,0 103.909621388,1.148353425,0 103.909603418,1.148353425,0 103.909603418,1.148371513,0 103.909585448,1.148371513,0 103.909585448,1.1483896,0 103.909567478,1.1483896,0 103.909567478,1.148407687,0 103.909549509,1.148407687,0 103.909549509,1.148425775,0 103.909531539,1.148425775,0 103.909531539,1.148443862,0 103.909477629,1.148443862,0 103.909477629,1.148461949,0 103.909423719,1.148461949,0 103.909423719,1.148480037,0 103.909369809,1.148480037,0 103.909369809,1.148498124,0 103.909315899,1.148498124,0 103.909315899,1.148516211,0 103.909261989,1.148516211,0 103.909261989,1.148534299,0 103.909208079,1.148534299,0 103.909208079,1.148552386,0 103.90915417,1.148552386,0 103.90915417,1.148570473,0 103.90910026,1.148570473,0 103.90910026,1.14858856,0 103.90904635,1.14858856,0 103.90904635,1.148606648,0 103.90899244,1.148606648,0 103.90899244,1.148624735,0 103.90892056,1.148624735,0 103.90892056,1.148642822,0 103.90886665,1.148642822,0 103.90886665,1.14866091,0 103.908812741,1.14866091,0 103.908812741,1.148678997,0 103.908758831,1.148678997,0 103.908758831,1.148697084,0 103.908704921,1.148697084,0 103.908704921,1.148715172,0 103.908651011,1.148715172,0 103.908651011,1.148733259,0 103.908597101,1.148733259,0 103.908597101,1.148751346,0 103.908543191,1.148751346,0 103.908543191,1.148769434,0 103.908489282,1.148769434,0 103.908489282,1.148787521,0 103.908435372,1.148787521,0 103.908435372,1.148805608,0 103.908381462,1.148805608,0 103.908381462,1.148823696,0 103.908309582,1.148823696,0 103.908309582,1.148841783,0 103.908255672,1.148841783,0 103.908255672,1.14885987,0 103.908201762,1.14885987,0 103.908201762,1.148877958,0 103.908147852,1.148877958,0 103.908147852,1.148896045,0 103.908093943,1.148896045,0 103.908093943,1.148914132,0 103.908040033,1.148914132,0 103.908040033,1.148932219,0 103.907986123,1.148932219,0 103.907986123,1.148950307,0 103.907932213,1.148950307,0 103.907932213,1.148968394,0 103.907878303,1.148968394,0 103.907878303,1.148986481,0 103.907824393,1.148986481,0 103.907824393,1.149004569,0 103.907806423,1.149004569,0 103.907817532,1.149022656,0 103.907824393,1.149080535,0 103.907842363,1.149113093,0 103.907860333,1.14913118,0 103.907914243,1.14913118,0 103.907914243,1.149167355,0 103.907896273,1.149185442,0 103.907896273,1.149221617,0 103.907878303,1.149239704,0 103.907932213,1.149295904,0 103.908004093,1.149393446,0 103.908758831,1.149910714,0 103.908812741,1.14994177,0 103.90890259,1.149978571,0 103.90893853,1.150007453,0 103.909255033,1.150505816,0 103.909283005,1.150578165,0 103.909308018,1.150704776,0 103.909334196,1.150759038,0 103.909503796,1.150957999,0 103.909550053,1.151030348,0 103.909846285,1.151681492,0 103.90987453,1.151771928,0 103.909873926,1.15182619,0 103.90985932,1.151862365,0 103.909820326,1.151916627,0 103.909215166,1.152531595,0 103.909160825,1.152603945,0 103.909140307,1.152658207,0 103.909143259,1.152676294,0 103.90917214,1.152711715,0 103.909556129,1.15303804,0 103.909621388,1.153076627,0 103.909765148,1.153130564,0 103.909816812,1.153164651,0 103.909840451,1.153200826,0 103.909859276,1.153291263,0 103.909897849,1.153363612,0 103.909908908,1.153367868,0 103.909921262,1.153399787,0 103.909908908,1.153417874,0 103.909926877,1.153417874,0 103.909926877,1.153399787,0 103.909962817,1.153399787,0 103.909962817,1.153381699,0 103.910016727,1.153381699,0 103.910016727,1.153363612,0 103.910052667,1.153363612,0 103.910052667,1.153345525,0 103.910106577,1.153345525,0 103.910106577,1.153327437,0 103.910142517,1.153327437,0 103.910142517,1.15330935,0 103.910178457,1.15330935,0 103.910178457,1.153291263,0 103.910232367,1.153291263,0 103.910232367,1.153273175,0 103.910268307,1.153273175,0 103.910268307,1.153255088,0 103.910322216,1.153255088,0 103.910322216,1.153237001,0 103.910358156,1.153237001,0 103.910358156,1.153218913,0 103.910412066,1.153218913,0 103.910412066,1.153200826,0 103.910448006,1.153200826,0 103.910448006,1.153182739,0 103.910483946,1.153182739,0 103.910483946,1.153164651,0 103.910537856,1.153164651,0 103.910537856,1.153146564,0 103.910573796,1.153146564,0 103.910573796,1.153128477,0 103.910627706,1.153128477,0 103.910627706,1.15311039,0 103.910663645,1.15311039,0 103.910663645,1.153092302,0 103.910717555,1.153092302,0 103.910717555,1.153074215,0 103.910753495,1.153074215,0 103.910753495,1.153056128,0 103.910807405,1.153056128,0 103.910807405,1.15303804,0 103.910843345,1.15303804,0 103.910843345,1.153019953,0 103.910879285,1.153019953,0 103.910879285,1.153001866,0 103.910933195,1.153001866,0 103.910933195,1.152983778,0 103.910969135,1.152983778,0 103.910969135,1.152965691,0 103.911023044,1.152965691,0 103.911023044,1.152947604,0 103.911058984,1.152947604,0 103.911058984,1.152929516,0 103.911112894,1.152929516,0 103.911112894,1.152911429,0 103.911148834,1.152911429,0 103.911148834,1.152893342,0 103.911184774,1.152893342,0 103.911184774,1.152875254,0 103.911238684,1.152875254,0 103.911238684,1.152857167,0 103.911274624,1.152857167,0 103.911274624,1.15283908,0 103.911328534,1.15283908,0 103.911328534,1.152820992,0 103.911364473,1.152820992,0 103.911364473,1.152802905,0 103.911418383,1.152802905,0 103.911418383,1.152784818,0 103.911454323,1.152784818,0 103.911454323,1.152766731,0 103.911508233,1.152766731,0 103.911508233,1.152748643,0 103.911562143,1.152748643,0 103.911562143,1.152730556,0 103.911616053,1.152730556,0 103.911616053,1.152712469,0 103.911669963,1.152712469,0 103.911669963,1.152694381,0 103.911723872,1.152694381,0 103.911723872,1.152676294,0 103.911777782,1.152676294,0 103.911777782,1.152658207,0 103.911831692,1.152658207,0 103.911831692,1.152640119,0 103.911885602,1.152640119,0 103.911885602,1.152622032,0 103.911939512,1.152622032,0 103.911939512,1.152603945,0 103.911993422,1.152603945,0 103.911993422,1.152585857,0 103.912047332,1.152585857,0 103.912047332,1.15256777,0 103.912101241,1.15256777,0 103.912101241,1.152549683,0 103.912155151,1.152549683,0 103.912155151,1.152531595,0 103.912209061,1.152531595,0 103.912209061,1.152513508,0 103.912262971,1.152513508,0 103.912262971,1.152495421,0 103.912316881,1.152495421,0 103.912316881,1.152477333,0 103.912370791,1.152477333,0 103.912370791,1.152459246,0 103.9124247,1.152459246,0 103.9124247,1.152441159,0 103.91247861,1.152441159,0 103.91247861,1.152423072,0 103.91253252,1.152423072,0 103.91253252,1.152404984,0 103.91258643,1.152404984,0 103.91258643,1.152386897,0 103.91264034,1.152386897,0 103.91264034,1.15236881,0 103.91269425,1.15236881,0 103.91269425,1.152350722,0 103.91274816,1.152350722,0 103.91274816,1.152332635,0 103.912802069,1.152332635,0 103.912802069,1.152314548,0 103.912855979,1.152314548,0 103.912855979,1.15229646,0 103.912909889,1.15229646,0 103.912909889,1.152278373,0 103.912963799,1.152278373,0 103.912963799,1.152260286,0 103.913017709,1.152260286,0 103.913017709,1.152242198,0 103.913071619,1.152242198,0 103.913071619,1.152224111,0 103.913125528,1.152224111,0 103.913125528,1.152206024,0 103.913179438,1.152206024,0 103.913179438,1.152187936,0 103.913233348,1.152187936,0 103.913233348,1.152169849,0 103.913287258,1.152169849,0 103.913287258,1.152151762,0 103.913341168,1.152151762,0 103.913341168,1.152133674,0 103.913395078,1.152133674,0 103.913395078,1.152115587,0 103.913466958,1.152115587,0 103.913466958,1.1520975,0 103.913520867,1.1520975,0 103.913502897,1.152079413,0 103.913512601,1.152061325,0 103.913502897,1.152048803,0 103.913484927,1.152043238,0 103.913466958,1.151862365,0 103.913377108,1.151735753,0 103.913352227,1.151681492,0 103.913336675,1.15162723,0 103.913267906,1.150903737,0 103.913249072,1.150831388,0 103.913191734,1.150704776,0 103.913188896,1.150668602,0 103.913199522,1.150632427,0 103.913826357,1.149709974,0 103.913920199,1.149547188,0 103.913936743,1.149511014,0 103.913961131,1.149420577,0 103.913988086,1.149378373,0 103.914024026,1.149359082,0 103.914131846,1.149364743,0 103.914293575,1.149358513,0 103.914706884,1.149358751,0 103.914778764,1.149354257,0 103.914922523,1.14932553,0 103.915120193,1.149296325,0 103.915138163,1.149285618,0 103.915156133,1.149261748,0 103.915170509,1.149221617,0 103.915185367,1.149076918,0 103.915188665,1.148642822,0 103.915176642,1.148606648,0 103.915160625,1.14858856,0 103.915084253,1.14854573,0 103.915048313,1.148512661,0 103.915019745,1.148461949,0 103.914994403,1.148396978,0 103.914771576,1.147467147,0 103.914759395,1.14737671,0 103.914753423,1.147250099,0 103.914742824,1.147218059,0 103.914724854,1.147193624,0 103.914688914,1.147169736,0 103.914652974,1.147157959,0 103.914491245,1.147145398,0 
					</coordinates>
				</LinearRing>
			</outerBoundaryIs>
		</Polygon>
	</Placemark>
	<Placemark>
		<name>20-25m</name>
		<styleUrl>#style.#FFACED00..0.255</styleUrl>
		<Polygon>
			<tessellate>1</tessellate>
			<outerBoundaryIs>
				<LinearRing>
					<coordinates>
						103.916665609,1.139660919,0 103.916575759,1.139663913,0 103.916485909,1.139675687,0 103.916443821,1.1396896,0 103.916431455,1.139707688,0 103.916442268,1.139743862,0 103.916499144,1.139816212,0 103.916827338,1.140119888,0 103.916989068,1.140302586,0 103.917132827,1.140398938,0 103.917222677,1.140450043,0 103.917276587,1.140469429,0 103.917316121,1.140467355,0 103.917341094,1.140449268,0 103.917351436,1.14043118,0 103.917360324,1.140395006,0 103.917361808,1.140340744,0 103.917312803,1.140051347,0 103.91731869,1.139798124,0 103.917304244,1.139743862,0 103.917276587,1.139708291,0 103.917222677,1.139680255,0 103.917168767,1.139670996,0 103.916665609,1.139660919,0 
					</coordinates>
				</LinearRing>
			</outerBoundaryIs>
		</Polygon>
	</Placemark>
	<Placemark>
		<name>20-25m</name>
		<styleUrl>#style.#FFACED00..0.255</styleUrl>
		<Polygon>
			<tessellate>1</tessellate>
			<outerBoundaryIs>
				<LinearRing>
					<coordinates>
						103.904306041,1.150089808,0 103.904266343,1.150089808,0 103.904266343,1.150107895,0 103.904230403,1.150107895,0 103.904230403,1.150125982,0 103.904194464,1.150125982,0 103.904194464,1.15014407,0 103.904140554,1.15014407,0 103.904140554,1.150162157,0 103.904104614,1.150162157,0 103.904104614,1.150180244,0 103.904068674,1.150180244,0 103.904068674,1.150198332,0 103.904059825,1.150198332,0 103.90406714,1.150252594,0 103.904080483,1.150288768,0 103.90407862,1.150306856,0 103.903963361,1.150596253,0 103.903960854,1.150650515,0 103.903971776,1.150686689,0 103.903983648,1.150704776,0 103.904014764,1.150731844,0 103.904068674,1.150759727,0 103.904140554,1.150775959,0 103.904158524,1.150786294,0 103.904185206,1.1508133,0 103.904224458,1.15088565,0 103.904279523,1.151066523,0 103.904306995,1.151120785,0 103.904403377,1.151247396,0 103.904485044,1.151337833,0 103.904589802,1.151509931,0 103.90464023,1.15155488,0 103.904697622,1.151592131,0 103.9047318,1.15162723,0 103.904827892,1.151844277,0 103.904950153,1.152206024,0 103.904951597,1.152242198,0 103.904931232,1.152265693,0 103.904895292,1.152279953,0 103.904787472,1.152299811,0 103.904751532,1.152312807,0 103.904715592,1.152335069,0 103.904697255,1.152350722,0 103.904671713,1.152386897,0 103.904660046,1.152441159,0 103.904674692,1.152495421,0 103.904701063,1.152531595,0 103.904751532,1.152623885,0 103.904787472,1.152652912,0 103.904851287,1.152676294,0 103.904883003,1.152694381,0 103.904913352,1.152730556,0 103.90491961,1.152784818,0 103.904910381,1.152820992,0 103.904913045,1.15283908,0 103.904932447,1.152893342,0 103.904950735,1.153001866,0 103.905009814,1.153218913,0 103.905039051,1.153284829,0 103.905092216,1.153363612,0 103.905089615,1.153399787,0 103.904967171,1.1535284,0 103.904931232,1.153546337,0 103.904877322,1.15355306,0 103.904769502,1.153546886,0 103.904625742,1.153525818,0 103.904535893,1.153525819,0 103.904356193,1.153581289,0 103.904284313,1.153595423,0 103.904230403,1.15359997,0 103.904122584,1.15359925,0 103.903924914,1.15357637,0 103.903871004,1.153578982,0 103.903763185,1.153594225,0 103.903655365,1.153591834,0 103.903565515,1.153571389,0 103.903475666,1.153528965,0 103.903385816,1.153453465,0 103.903313936,1.153374358,0 103.903277996,1.15335019,0 103.903242056,1.153338816,0 103.903160899,1.153273175,0 103.903098297,1.153233376,0 103.903026417,1.153207296,0 103.902954537,1.153194371,0 103.902720928,1.153098522,0 103.902577168,1.153060323,0 103.902469348,1.153013608,0 103.902307619,1.152951601,0 103.902199799,1.152926768,0 103.90207401,1.152890816,0 103.90194822,1.152872149,0 103.90187634,1.152871505,0 103.90180446,1.152877372,0 103.901732581,1.152893204,0 103.901682344,1.152911429,0 103.901570851,1.152963712,0 103.901468537,1.15303804,0 103.901355212,1.153094226,0 103.901229422,1.153164651,0 103.900995813,1.153256301,0 103.900887993,1.153281681,0 103.900816113,1.153291993,0 103.900762203,1.153291649,0 103.900618444,1.153259775,0 103.900582504,1.15326306,0 103.900492654,1.153259705,0 103.900402804,1.153240412,0 103.900187165,1.15322668,0 103.900061375,1.153229543,0 103.899971525,1.15324031,0 103.899881676,1.153256489,0 103.899791826,1.153281612,0 103.899648066,1.153336228,0 103.899558217,1.153359248,0 103.899504307,1.153377694,0 103.899396487,1.153437469,0 103.899306637,1.153512315,0 103.899216788,1.153552982,0 103.899126938,1.153582125,0 103.899037088,1.153605339,0 103.898875359,1.153638504,0 103.898821449,1.153654531,0 103.898749569,1.153693956,0 103.898623779,1.153781044,0 103.898443707,1.153888144,0 103.898365296,1.153942406,0 103.898195911,1.154105192,0 103.898066711,1.154275449,0 103.898012801,1.154321859,0 103.897942236,1.154394589,0 103.897923502,1.154448851,0 103.897895179,1.154485026,0 103.897869041,1.154504307,0 103.897778473,1.154539287,0 103.897707312,1.15461485,0 103.897563552,1.154809117,0 103.897464433,1.154919121,0 103.897399217,1.155027645,0 103.897262774,1.155208518,0 103.897119983,1.155443653,0 103.897078364,1.155479828,0 103.897060394,1.15548913,0 103.897042424,1.155491983,0 103.897024454,1.155497915,0 103.897006484,1.155497915,0 103.897006484,1.155516003,0 103.897042424,1.155552177,0 103.897042424,1.155570264,0 103.897060394,1.155588352,0 103.897096334,1.155624526,0 103.897096334,1.155642614,0 103.897114303,1.155660701,0 103.897132273,1.155678788,0 103.897132273,1.155696876,0 103.897168213,1.15573305,0 103.897168213,1.155751138,0 103.897204153,1.155787312,0 103.897204153,1.1558054,0 103.897222123,1.155823487,0 103.897240093,1.155823487,0 103.897258063,1.155814131,0 103.897276033,1.155809797,0 103.897311973,1.155788467,0 103.897347205,1.155751138,0 103.897470475,1.155552177,0 103.897599492,1.155375323,0 103.897725282,1.155143002,0 103.897822602,1.155009558,0 103.897915408,1.154864859,0 103.897954162,1.154828685,0 103.898070305,1.154738248,0 103.898138591,1.15466626,0 103.898174531,1.154645481,0 103.89830032,1.15459061,0 103.89833626,1.154549964,0 103.89835174,1.1545212,0 103.898350494,1.154448851,0 103.89835923,1.154376502,0 103.89846205,1.154282743,0 103.898569869,1.154217271,0 103.898605809,1.154188119,0 103.898793063,1.153996668,0 103.898893328,1.153926185,0 103.898983178,1.153884495,0 103.899073028,1.153856926,0 103.899216788,1.153825448,0 103.899342577,1.153769919,0 103.899504307,1.153706026,0 103.899540247,1.153696639,0 103.899737916,1.153624447,0 103.899881676,1.153583409,0 103.899953556,1.153546997,0 103.899989495,1.153535324,0 103.900151225,1.15351141,0 103.900294985,1.153511161,0 103.900438744,1.153492692,0 103.900510624,1.153488213,0 103.900564534,1.15349267,0 103.900672353,1.153519985,0 103.900762203,1.15352623,0 103.900870023,1.153518622,0 103.901031752,1.153491734,0 103.901139572,1.153487393,0 103.901337242,1.153418044,0 103.901391151,1.153384236,0 103.901481001,1.153349934,0 103.901534911,1.153321236,0 103.901678671,1.153223402,0 103.9018404,1.153140413,0 103.90187634,1.15312939,0 103.90194822,1.153118954,0 103.90205604,1.153113412,0 103.902325589,1.1531569,0 103.902397469,1.153179983,0 103.902541228,1.153235137,0 103.902667018,1.153274644,0 103.902720928,1.153297821,0 103.902747492,1.153327437,0 103.902792808,1.153427943,0 103.902864687,1.153543337,0 103.902936567,1.153623923,0 103.902990477,1.153662864,0 103.903116267,1.153707822,0 103.903224086,1.153754279,0 103.903331906,1.153818245,0 103.903403786,1.153875168,0 103.903511606,1.153989905,0 103.903529575,1.154004532,0 103.903547545,1.154009922,0 103.903583485,1.153996234,0 103.903619425,1.153963733,0 103.903707893,1.153833882,0 103.903741709,1.153797708,0 103.903799125,1.153767146,0 103.903871004,1.15375079,0 103.903960854,1.153740054,0 103.904158524,1.153749303,0 103.904266343,1.153742886,0 103.904374163,1.153716665,0 103.904535893,1.153660706,0 103.904571833,1.153655597,0 103.904625742,1.153657185,0 103.904679652,1.153668572,0 103.904787472,1.153705532,0 103.904856634,1.153743446,0 103.904907225,1.153797708,0 103.904949201,1.15387924,0 103.904967171,1.15389997,0 103.904985141,1.153910375,0 103.905003111,1.153912153,0 103.90503773,1.153906231,0 103.90561409,1.153706288,0 103.905713453,1.153671096,0 103.905747866,1.153653009,0 103.905765201,1.153634922,0 103.905772631,1.153616834,0 103.905763552,1.153562572,0 103.9054883,1.153106384,0 103.90547033,1.153089772,0 103.90543439,1.153075972,0 103.90539845,1.153072824,0 103.9053086,1.153076401,0 103.905272661,1.153072109,0 103.905248141,1.153056128,0 103.90523881,1.15303804,0 103.905218751,1.152965691,0 103.905212121,1.152911429,0 103.9052214,1.15283908,0 103.90526254,1.152694381,0 103.905261922,1.152658207,0 103.905252854,1.152640119,0 103.905200781,1.152610056,0 103.905110931,1.152581972,0 103.904931232,1.152542062,0 103.904841382,1.152530701,0 103.904810116,1.152513508,0 103.904800106,1.152495421,0 103.904797503,1.152477333,0 103.904805442,1.152453004,0 103.904820522,1.152441159,0 103.904841382,1.15243503,0 103.905146871,1.152432544,0 103.905223863,1.152423072,0 103.905258488,1.152404984,0 103.905270452,1.152386897,0 103.905269733,1.152350722,0 103.90522239,1.152224111,0 103.905162796,1.1520975,0 103.904841011,1.151518706,0 103.904805442,1.151482388,0 103.904769502,1.151472262,0 103.904697622,1.151467416,0 103.904667359,1.151446356,0 103.904579503,1.151283571,0 103.904553863,1.15124839,0 103.904481983,1.151173052,0 103.904433203,1.15108461,0 103.904379591,1.150903737,0 103.904306615,1.150596253,0 103.904284313,1.15056469,0 103.904215071,1.150523903,0 103.904202685,1.150505816,0 103.904200113,1.150487729,0 103.90421512,1.150433467,0 103.904311969,1.150198332,0 103.904306041,1.150089808,0 
					</coordinates>
				</LinearRing>
			</outerBoundaryIs>
		</Polygon>
	</Placemark>
	<Placemark>
		<name>20-25m</name>
		<styleUrl>#style.#FFACED00..0.255</styleUrl>
		<Polygon>
			<tessellate>1</tessellate>
			<outerBoundaryIs>
				<LinearRing>
					<coordinates>
						103.917150797,1.138043654,0 103.917132827,1.138043654,0 103.917132827,1.138061742,0 103.917114857,1.138061742,0 103.917114857,1.138079829,0 103.917096887,1.138079829,0 103.917096887,1.138097916,0 103.917078917,1.138097916,0 103.917078917,1.138116004,0 103.917060947,1.138116004,0 103.917060947,1.138134091,0 103.917025008,1.138134091,0 103.917025008,1.138152178,0 103.917007038,1.138152178,0 103.917007038,1.138170266,0 103.916989068,1.138170266,0 103.916989068,1.138188353,0 103.916971098,1.138188353,0 103.916971098,1.13820644,0 103.916935158,1.13820644,0 103.916935158,1.138224528,0 103.916917188,1.138224528,0 103.916917188,1.138242615,0 103.916899218,1.138242615,0 103.916899218,1.138260702,0 103.916881248,1.138260702,0 103.916881248,1.13827879,0 103.916845308,1.13827879,0 103.916845308,1.138296877,0 103.916827338,1.138296877,0 103.916827338,1.138314964,0 103.916809368,1.138314964,0 103.916809368,1.138333052,0 103.916791398,1.138333052,0 103.916791398,1.138351139,0 103.916755458,1.138351139,0 103.916755458,1.138369226,0 103.916737488,1.138369226,0 103.916737488,1.138387314,0 103.916719518,1.138387314,0 103.916719518,1.138405401,0 103.916701548,1.138405401,0 103.916701548,1.138423488,0 103.916665609,1.138423488,0 103.916665609,1.138441575,0 103.916647639,1.138441575,0 103.916647639,1.138459663,0 103.916629669,1.138459663,0 103.916629669,1.13847775,0 103.916611699,1.13847775,0 103.916611699,1.138495837,0 103.916575759,1.138495837,0 103.916575759,1.138513925,0 103.916557789,1.138513925,0 103.916557789,1.138532012,0 103.916539819,1.138532012,0 103.916539819,1.138550099,0 103.916521849,1.138550099,0 103.916521849,1.138568187,0 103.916485909,1.138568187,0 103.916485909,1.138586274,0 103.916467939,1.138586274,0 103.916467939,1.138604361,0 103.916449969,1.138604361,0 103.916449969,1.138622449,0 103.916431999,1.138622449,0 103.916431999,1.138640536,0 103.916396059,1.138640536,0 103.916396059,1.138658623,0 103.916378089,1.138658623,0 103.916378089,1.138676711,0 103.916360119,1.138676711,0 103.916360119,1.138694798,0 103.916342149,1.138694798,0 103.916342149,1.138712885,0 103.91630621,1.138712885,0 103.91630621,1.138730973,0 103.91628824,1.138730973,0 103.91628824,1.13874906,0 103.91627027,1.13874906,0 103.91627027,1.138767147,0 103.9162523,1.138767147,0 103.9162523,1.138785235,0 103.91621636,1.138785235,0 103.91621636,1.138803322,0 103.91619839,1.138803322,0 103.91619839,1.138821409,0 103.91618042,1.138821409,0 103.91618042,1.138839496,0 103.91619839,1.138839496,0 103.91621636,1.138832261,0 103.916264281,1.138821409,0 103.916358123,1.138785235,0 103.916688479,1.138640536,0 103.917182806,1.138405401,0 103.917370929,1.138296877,0 103.917392429,1.13827879,0 103.917402604,1.138260702,0 103.917397584,1.138224528,0 103.91737048,1.138188353,0 103.91731053,1.138152178,0 103.917283518,1.138097916,0 103.917283518,1.138061742,0 103.917168767,1.138061742,0 103.917150797,1.138043654,0 
					</coordinates>
				</LinearRing>
			</outerBoundaryIs>
		</Polygon>
	</Placemark>
	<Placemark>
		<name>20-25m</name>
		<styleUrl>#style.#FFACED00..0.255</styleUrl>
		<Polygon>
			<tessellate>1</tessellate>
			<outerBoundaryIs>
				<LinearRing>
					<coordinates>
						103.899540247,1.154672584,0 103.899522277,1.154673103,0 103.899486337,1.154678174,0 103.899396487,1.154695432,0 103.899342577,1.154701447,0 103.899216788,1.15471185,0 103.899144908,1.154714874,0 103.899108968,1.154714773,0 103.899073028,1.154717498,0 103.899001148,1.154729976,0 103.898947238,1.154746703,0 103.898911298,1.154750377,0 103.898839419,1.154762132,0 103.898807835,1.154774423,0 103.898794793,1.15479251,0 103.898793634,1.154810597,0 103.898803149,1.154828685,0 103.898834662,1.154846772,0 103.898875359,1.154859986,0 103.899037088,1.154894669,0 103.899108968,1.154913989,0 103.899126938,1.15491501,0 103.899180848,1.154908702,0 103.899234758,1.154898193,0 103.899270697,1.154897155,0 103.899558217,1.154934253,0 103.899630096,1.15493788,0 103.899701976,1.154935053,0 103.899773856,1.154927375,0 103.899827766,1.154915913,0 103.899899646,1.154891691,0 103.900012764,1.154846772,0 103.90012427,1.15479251,0 103.900147856,1.154774423,0 103.900156943,1.154756335,0 103.900143737,1.154738248,0 103.900115285,1.154728916,0 103.900097315,1.154725718,0 103.900043405,1.154721574,0 103.899989495,1.154714622,0 103.899935586,1.154709976,0 103.899899646,1.15470855,0 103.899827766,1.154709396,0 103.899791826,1.154707984,0 103.899684006,1.154692231,0 103.899612126,1.154677253,0 103.899540247,1.154672584,0 
					</coordinates>
				</LinearRing>
			</outerBoundaryIs>
		</Polygon>
	</Placemark>
	<Placemark>
		<name>25-30m</name>
		<styleUrl>#style.#FF08D52D..0.255</styleUrl>
		<Polygon>
			<tessellate>1</tessellate>
			<outerBoundaryIs>
				<LinearRing>
					<coordinates>
						103.901013783,1.150824903,0 103.900959873,1.150827271,0 103.90079913,1.150849475,0 103.900654384,1.150879951,0 103.900582504,1.150884042,0 103.900516486,1.150903737,0 103.900485781,1.150921824,0 103.900456714,1.150998332,0 103.900413732,1.151066523,0 103.900371603,1.151211221,0 103.900366864,1.151252156,0 103.900378268,1.151283571,0 103.900402804,1.151297106,0 103.900474684,1.151313502,0 103.900600474,1.151360572,0 103.900672353,1.151371706,0 103.900690323,1.151363927,0 103.90069991,1.151337833,0 103.900701495,1.151283571,0 103.90067931,1.151120785,0 103.900680119,1.15108461,0 103.900687411,1.151030348,0 103.900703877,1.150994174,0 103.900726263,1.150979768,0 103.900798143,1.151010572,0 103.900852053,1.151019413,0 103.900923933,1.151008111,0 103.900995813,1.150987946,0 103.901049722,1.150959504,0 103.901109044,1.150903737,0 103.901128225,1.150867562,0 103.901120796,1.150849475,0 103.901067692,1.150828571,0 103.901013783,1.150824903,0 
					</coordinates>
				</LinearRing>
			</outerBoundaryIs>
		</Polygon>
	</Placemark>
	<Placemark>
		<name>25-30m</name>
		<styleUrl>#style.#FF08D52D..0.255</styleUrl>
		<Polygon>
			<tessellate>1</tessellate>
			<outerBoundaryIs>
				<LinearRing>
					<coordinates>
						103.904059825,1.150198332,0 103.904032734,1.150198332,0 103.904032734,1.150216419,0 103.903978824,1.150216419,0 103.903978824,1.150234506,0 103.903942884,1.150234506,0 103.903942884,1.150252594,0 103.903906944,1.150252594,0 103.903906944,1.150270681,0 103.903853035,1.150270681,0 103.903853035,1.150288768,0 103.903817095,1.150288768,0 103.903817095,1.150306856,0 103.903812762,1.150306856,0 103.903817095,1.150336101,0 103.903827003,1.15034303,0 103.903843443,1.150379205,0 103.903844978,1.150415379,0 103.903781833,1.150578165,0 103.903776682,1.15061434,0 103.903792618,1.150668602,0 103.903825913,1.150740951,0 103.903883949,1.150939912,0 103.903942884,1.15109089,0 103.903996794,1.151124347,0 103.904014764,1.151121207,0 103.904086644,1.151086693,0 103.904122584,1.151104482,0 103.904217001,1.151283571,0 103.904266343,1.151324815,0 103.904338223,1.151370378,0 103.904364361,1.151392094,0 103.904481983,1.151562457,0 103.904607772,1.151669079,0 103.90462662,1.151699579,0 103.904643712,1.151753655,0 103.9047064,1.152007063,0 103.904713233,1.152115587,0 103.904710262,1.152169849,0 103.904699329,1.152206024,0 103.904643712,1.15228277,0 103.904581174,1.152332635,0 103.904547661,1.15236881,0 103.904520794,1.152423072,0 103.904519475,1.152459246,0 103.90453728,1.152513508,0 103.904618379,1.152603945,0 103.904651005,1.152658207,0 103.904715592,1.15289775,0 103.904744959,1.152965691,0 103.904769502,1.15299544,0 103.904822056,1.153019953,0 103.904841382,1.153034984,0 103.904868186,1.153074215,0 103.904896223,1.153164651,0 103.90489334,1.153255088,0 103.90488156,1.153291263,0 103.904859352,1.153327162,0 103.904841382,1.153346055,0 103.904805442,1.153366088,0 103.904733562,1.153383058,0 103.904643712,1.153393413,0 103.904517923,1.153402213,0 103.904374163,1.153446149,0 103.904356193,1.153448633,0 103.904284313,1.153451941,0 103.904122584,1.153450925,0 103.904032734,1.153441213,0 103.903888974,1.15341542,0 103.903835065,1.153414164,0 103.903781155,1.153418226,0 103.903745215,1.153411757,0 103.903691305,1.153391915,0 103.903583485,1.153319191,0 103.903439789,1.153182739,0 103.903385816,1.15314215,0 103.903331906,1.153123275,0 103.903295966,1.153116341,0 103.903206116,1.153116129,0 103.903152207,1.153109329,0 103.903026417,1.153068936,0 103.902954537,1.153052806,0 103.902882657,1.153022895,0 103.902720928,1.152941304,0 103.902577168,1.15288421,0 103.902379499,1.152790411,0 103.902303025,1.152766731,0 103.90207401,1.152725097,0 103.90196619,1.152715329,0 103.90194822,1.152717303,0 103.90182243,1.152748389,0 103.90175055,1.15275892,0 103.901624761,1.15279115,0 103.901463031,1.152823505,0 103.90135005,1.152857167,0 103.901193482,1.152917813,0 103.901121602,1.152941639,0 103.900959873,1.153015951,0 103.900905963,1.153026331,0 103.900798143,1.153039915,0 103.900762203,1.153040811,0 103.900708293,1.15303401,0 103.900636414,1.153019193,0 103.900510624,1.153002893,0 103.900366864,1.152974582,0 103.900223105,1.152962407,0 103.900043405,1.152948502,0 103.899935586,1.152951892,0 103.899827766,1.152948185,0 103.899701976,1.1529545,0 103.899648066,1.152969072,0 103.899576976,1.153019953,0 103.899539262,1.15303804,0 103.899468367,1.153061307,0 103.899378517,1.153082086,0 103.899252727,1.15313033,0 103.899144908,1.153153043,0 103.899073028,1.153160666,0 103.899037088,1.153149214,0 103.898947238,1.153081711,0 103.898929268,1.153074215,0 103.898911298,1.153073584,0 103.898857389,1.153107996,0 103.898821449,1.153122833,0 103.898767539,1.153154172,0 103.898749569,1.153156543,0 103.898689669,1.153182739,0 103.898659719,1.15321121,0 103.898636532,1.153255088,0 103.898622019,1.15330935,0 103.898596139,1.153490223,0 103.898551899,1.153563059,0 103.898527579,1.15358066,0 103.89848002,1.15359684,0 103.89846205,1.153608469,0 103.89833626,1.153665665,0 103.89824641,1.153698818,0 103.898138591,1.153760188,0 103.898102651,1.153770405,0 103.898024911,1.15377962,0 103.897994831,1.153794473,0 103.897869041,1.153964758,0 103.897833101,1.154006825,0 103.897779192,1.154056395,0 103.897707312,1.154143515,0 103.897653402,1.154188354,0 103.897527612,1.154251498,0 103.897473702,1.154296061,0 103.897455733,1.15430186,0 103.897437763,1.154297047,0 103.897401823,1.154270389,0 103.897368504,1.154032843,0 103.89737123,1.153978581,0 103.897383853,1.153944098,0 103.897473702,1.153896967,0 103.897581522,1.153870394,0 103.897635432,1.153864078,0 103.897665715,1.153851969,0 103.897707312,1.153820101,0 103.897727657,1.153761533,0 103.897739214,1.153544485,0 103.897732454,1.153472136,0 103.897607895,1.153128477,0 103.897594892,1.153056128,0 103.897602509,1.153001866,0 103.897638121,1.152911429,0 103.897653402,1.152883021,0 103.897689342,1.152841152,0 103.897807394,1.152748643,0 103.897869041,1.152692623,0 103.898039756,1.152622032,0 103.898128841,1.152549683,0 103.898174531,1.152496117,0 103.8981925,1.152483911,0 103.89821047,1.152483676,0 103.89824641,1.15249069,0 103.89828235,1.152487023,0 103.89830032,1.152493913,0 103.8983722,1.152576139,0 103.89840814,1.152641959,0 103.89849799,1.152874264,0 103.898533929,1.152928855,0 103.898569869,1.152960223,0 103.898605809,1.152972858,0 103.898623779,1.152974223,0 103.898677689,1.15296696,0 103.898715598,1.152947604,0 103.898803479,1.152876702,0 103.898839419,1.152854583,0 103.898857389,1.15285093,0 103.898893328,1.152853457,0 103.898911298,1.152861003,0 103.898929268,1.152850534,0 103.898983178,1.152666938,0 103.89901368,1.152603945,0 103.899017446,1.15256777,0 103.899003852,1.152513508,0 103.898929268,1.152352876,0 103.898839419,1.152044485,0 103.898805872,1.151771928,0 103.898728903,1.151319745,0 103.898739501,1.151283571,0 103.898774226,1.151247396,0 103.898839419,1.151210517,0 103.899367058,1.151012261,0 103.899396487,1.150992449,0 103.899417792,1.150994174,0 103.899450397,1.150971458,0 103.899468367,1.150975837,0 103.899522277,1.150940125,0 103.899540247,1.150944532,0 103.899576187,1.150922657,0 103.899594157,1.150929135,0 103.899630096,1.150913444,0 103.899648066,1.150923629,0 103.899701976,1.150910395,0 103.899773856,1.150901699,0 103.899791826,1.150908646,0 103.899828373,1.150939912,0 103.899935586,1.150998299,0 103.899971525,1.151002129,0 103.900025435,1.15099461,0 103.900061375,1.150960212,0 103.900086708,1.150921824,0 103.900093789,1.150903737,0 103.900090243,1.15088565,0 103.90009875,1.1508133,0 103.900097315,1.150795213,0 103.900061375,1.150795213,0 103.900061375,1.1508133,0 103.899917616,1.1508133,0 103.899917616,1.150831388,0 103.899684006,1.150831388,0 103.899684006,1.150849475,0 103.899630096,1.150849475,0 103.899630096,1.150867562,0 103.899576187,1.150867562,0 103.899576187,1.15088565,0 103.899504307,1.15088565,0 103.899504307,1.150903737,0 103.899450397,1.150903737,0 103.899450397,1.150921824,0 103.899378517,1.150921824,0 103.899378517,1.150939912,0 103.899324607,1.150939912,0 103.899324607,1.150957999,0 103.899252727,1.150957999,0 103.899252727,1.150976086,0 103.899198818,1.150976086,0 103.899198818,1.150994174,0 103.899144908,1.150994174,0 103.899144908,1.151012261,0 103.899073028,1.151012261,0 103.899073028,1.151030348,0 103.899019118,1.151030348,0 103.899019118,1.151048435,0 103.898947238,1.151048435,0 103.898947238,1.151066523,0 103.898893328,1.151066523,0 103.898893328,1.15108461,0 103.898821449,1.15108461,0 103.898821449,1.151102697,0 103.898767539,1.151102697,0 103.898767539,1.151120785,0 103.898713629,1.151120785,0 103.898713629,1.151138872,0 103.898641749,1.151138872,0 103.898641749,1.151156959,0 103.898587839,1.151156959,0 103.898587839,1.151175047,0 103.898551525,1.151175047,0 103.898551525,1.151211221,0 103.898527919,1.151229309,0 103.898491078,1.151319745,0 103.898578895,1.151645317,0 103.89858635,1.151753841,0 103.898556256,1.151916627,0 103.898533929,1.151981092,0 103.89851003,1.152025151,0 103.89848002,1.152053684,0 103.89842611,1.152074009,0 103.89835423,1.152072765,0 103.89826438,1.152080051,0 103.8981925,1.152100559,0 103.897976861,1.152182324,0 103.897922951,1.15221057,0 103.897887011,1.152250762,0 103.897851071,1.152340337,0 103.897779192,1.152462033,0 103.897743252,1.152510769,0 103.897689342,1.152564292,0 103.897388221,1.152784818,0 103.897347913,1.152833217,0 103.897227537,1.153019953,0 103.897209449,1.153074215,0 103.897212118,1.153128477,0 103.897347671,1.153472136,0 103.897360719,1.153526398,0 103.897357122,1.153562572,0 103.897344342,1.153598747,0 103.89726624,1.153743446,0 103.897222123,1.153848855,0 103.897204153,1.153870482,0 103.897096334,1.153887546,0 103.896952574,1.153952419,0 103.896916634,1.153956054,0 103.896826784,1.153981023,0 103.896754904,1.154019564,0 103.896713365,1.15405093,0 103.896647085,1.154126491,0 103.896613289,1.154195628,0 103.896593556,1.154286065,0 103.896582829,1.154430764,0 103.896449415,1.154473076,0 103.896323626,1.154540181,0 103.896161896,1.154615941,0 103.896125956,1.15464651,0 103.896060575,1.154720161,0 103.895964227,1.154795476,0 103.895856407,1.154896978,0 103.895784527,1.154951709,0 103.895694939,1.15506382,0 103.895587345,1.155244693,0 103.895563877,1.155298955,0 103.895553763,1.155353217,0 103.895553217,1.155371304,0 103.895563945,1.155389391,0 103.895550918,1.155407479,0 103.895550918,1.155425566,0 103.895568888,1.155425566,0 103.895568888,1.155407479,0 103.895604828,1.155407479,0 103.895604828,1.155389391,0 103.895640768,1.155389391,0 103.895640768,1.155371304,0 103.895694677,1.155371304,0 103.895694677,1.155353217,0 103.895730617,1.155353217,0 103.895730617,1.155335129,0 103.895784527,1.155335129,0 103.895784527,1.155317042,0 103.895820467,1.155317042,0 103.895820467,1.155298955,0 103.895856407,1.155298955,0 103.895856407,1.155280867,0 103.895910317,1.155280867,0 103.895910317,1.15526278,0 103.895946257,1.15526278,0 103.895946257,1.155244693,0 103.895982197,1.155244693,0 103.895997411,1.155226605,0 103.895985554,1.155190431,0 103.895946257,1.155175941,0 103.895910317,1.155150459,0 103.895898196,1.155136169,0 103.895895572,1.155118082,0 103.895918688,1.15506382,0 103.896000167,1.154948632,0 103.896161896,1.15482117,0 103.896233776,1.15477137,0 103.896305656,1.154740494,0 103.896395506,1.154716024,0 103.896485355,1.154683692,0 103.896551224,1.154629724,0 103.896593175,1.154575436,0 103.896629115,1.154565107,0 103.896647085,1.154564622,0 103.896683025,1.154572773,0 103.896736935,1.154612332,0 103.896772874,1.15462882,0 103.896790844,1.154626324,0 103.896808814,1.154613103,0 103.896826784,1.154589138,0 103.896841207,1.154539287,0 103.896772874,1.154483728,0 103.896752364,1.154448851,0 103.896737856,1.154394589,0 103.896772874,1.154323357,0 103.896808814,1.15428506,0 103.896880694,1.154238414,0 103.896916634,1.154225654,0 103.896952574,1.154220539,0 103.897060394,1.154225136,0 103.897132273,1.154222102,0 103.897168213,1.15422705,0 103.897204153,1.154240815,0 103.897240093,1.154270902,0 103.897294003,1.154304428,0 103.897329943,1.154342098,0 103.897378493,1.154376502,0 103.897390229,1.154394589,0 103.897419932,1.154412676,0 103.897443222,1.154448851,0 103.897448705,1.154503113,0 103.897441673,1.154539287,0 103.897419793,1.154561052,0 103.897365883,1.154596186,0 103.897276033,1.154637526,0 103.897240093,1.154668073,0 103.897096334,1.154827609,0 103.897042424,1.154896568,0 103.896898664,1.155128092,0 103.896871236,1.155154256,0 103.896826784,1.155175731,0 103.896808814,1.155190431,0 103.896790844,1.155190431,0 103.896808814,1.155208518,0 103.896808814,1.155226605,0 103.896826784,1.155244693,0 103.896844754,1.15526278,0 103.896844754,1.155280867,0 103.896862724,1.155298955,0 103.896880694,1.155317042,0 103.896880694,1.155335129,0 103.896898664,1.155353217,0 103.896916634,1.155371304,0 103.896916634,1.155389391,0 103.896934604,1.155407479,0 103.896970544,1.155443653,0 103.896970544,1.155461741,0 103.897006484,1.155497915,0 103.897024454,1.155497915,0 103.897042424,1.155491983,0 103.897060394,1.15548913,0 103.897078364,1.155479828,0 103.897119983,1.155443653,0 103.897262774,1.155208518,0 103.897399217,1.155027645,0 103.897464433,1.154919121,0 103.897563552,1.154809117,0 103.897707312,1.15461485,0 103.897778473,1.154539287,0 103.897869041,1.154504307,0 103.897895179,1.154485026,0 103.897923502,1.154448851,0 103.897942236,1.154394589,0 103.898012801,1.154321859,0 103.898066711,1.154275449,0 103.898195911,1.154105192,0 103.898365296,1.153942406,0 103.898443707,1.153888144,0 103.898623779,1.153781044,0 103.898749569,1.153693956,0 103.898821449,1.153654531,0 103.898875359,1.153638504,0 103.899037088,1.153605339,0 103.899126938,1.153582125,0 103.899216788,1.153552982,0 103.899306637,1.153512315,0 103.899396487,1.153437469,0 103.899504307,1.153377694,0 103.899558217,1.153359248,0 103.899648066,1.153336228,0 103.899791826,1.153281612,0 103.899881676,1.153256489,0 103.899971525,1.15324031,0 103.900061375,1.153229543,0 103.900187165,1.15322668,0 103.900402804,1.153240412,0 103.900492654,1.153259705,0 103.900582504,1.15326306,0 103.900618444,1.153259775,0 103.900762203,1.153291649,0 103.900816113,1.153291993,0 103.900887993,1.153281681,0 103.900995813,1.153256301,0 103.901229422,1.153164651,0 103.901355212,1.153094226,0 103.901468537,1.15303804,0 103.901570851,1.152963712,0 103.901682344,1.152911429,0 103.901732581,1.152893204,0 103.90180446,1.152877372,0 103.90187634,1.152871505,0 103.90194822,1.152872149,0 103.90207401,1.152890816,0 103.902199799,1.152926768,0 103.902307619,1.152951601,0 103.902469348,1.153013608,0 103.902577168,1.153060323,0 103.902720928,1.153098522,0 103.902954537,1.153194371,0 103.903026417,1.153207296,0 103.903098297,1.153233376,0 103.903160899,1.153273175,0 103.903242056,1.153338816,0 103.903277996,1.15335019,0 103.903313936,1.153374358,0 103.903385816,1.153453465,0 103.903475666,1.153528965,0 103.903565515,1.153571389,0 103.903655365,1.153591834,0 103.903763185,1.153594225,0 103.903871004,1.153578982,0 103.903924914,1.15357637,0 103.904122584,1.15359925,0 103.904230403,1.15359997,0 103.904284313,1.153595423,0 103.904356193,1.153581289,0 103.904535893,1.153525819,0 103.904625742,1.153525818,0 103.904769502,1.153546886,0 103.904877322,1.15355306,0 103.904931232,1.153546337,0 103.904967171,1.1535284,0 103.905089615,1.153399787,0 103.905092216,1.153363612,0 103.905039051,1.153284829,0 103.905009814,1.153218913,0 103.904950735,1.153001866,0 103.904932447,1.152893342,0 103.904913045,1.15283908,0 103.904910381,1.152820992,0 103.90491961,1.152784818,0 103.904913352,1.152730556,0 103.904883003,1.152694381,0 103.904851287,1.152676294,0 103.904787472,1.152652912,0 103.904751532,1.152623885,0 103.904701063,1.152531595,0 103.904674692,1.152495421,0 103.904660046,1.152441159,0 103.904671713,1.152386897,0 103.904697255,1.152350722,0 103.904715592,1.152335069,0 103.904751532,1.152312807,0 103.904787472,1.152299811,0 103.904895292,1.152279953,0 103.904931232,1.152265693,0 103.904951597,1.152242198,0 103.904950153,1.152206024,0 103.904827892,1.151844277,0 103.9047318,1.15162723,0 103.904697622,1.151592131,0 103.90464023,1.15155488,0 103.904589802,1.151509931,0 103.904485044,1.151337833,0 103.904403377,1.151247396,0 103.904306995,1.151120785,0 103.904279523,1.151066523,0 103.904224458,1.15088565,0 103.904185206,1.1508133,0 103.904158524,1.150786294,0 103.904140554,1.150775959,0 103.904068674,1.150759727,0 103.904014764,1.150731844,0 103.903983648,1.150704776,0 103.903971776,1.150686689,0 103.903960854,1.150650515,0 103.903963361,1.150596253,0 103.90407862,1.150306856,0 103.904080483,1.150288768,0 103.90406714,1.150252594,0 103.904059825,1.150198332,0 
					</coordinates>
				</LinearRing>
			</outerBoundaryIs>
		</Polygon>
	</Placemark>
	<Placemark>
		<name>30-35m</name>
		<styleUrl>#style.#FF00BA62..0.255</styleUrl>
		<Polygon>
			<tessellate>1</tessellate>
			<outerBoundaryIs>
				<LinearRing>
					<coordinates>
						103.902505288,1.150505816,0 103.902451378,1.150505816,0 103.902461397,1.150523903,0 103.902452506,1.150541991,0 103.902489405,1.150578165,0 103.902523258,1.150602446,0 103.902559198,1.150612873,0 103.902577168,1.150613429,0 103.902595138,1.150609676,0 103.902613108,1.150602899,0 103.902649048,1.150580475,0 103.902684988,1.15057873,0 103.902685428,1.150560078,0 103.902667018,1.150560078,0 103.902649048,1.150541991,0 103.902595138,1.150541991,0 103.902577168,1.150523903,0 103.902523258,1.150523903,0 103.902505288,1.150505816,0 
					</coordinates>
				</LinearRing>
			</outerBoundaryIs>
		</Polygon>
	</Placemark>
	<Placemark>
		<name>30-35m</name>
		<styleUrl>#style.#FF00BA62..0.255</styleUrl>
		<Polygon>
			<tessellate>1</tessellate>
			<outerBoundaryIs>
				<LinearRing>
					<coordinates>
						103.896952574,1.154220539,0 103.896916634,1.154225654,0 103.896880694,1.154238414,0 103.896808814,1.15428506,0 103.896772874,1.154323357,0 103.896737856,1.154394589,0 103.896752364,1.154448851,0 103.896772874,1.154483728,0 103.896841207,1.154539287,0 103.896826784,1.154589138,0 103.896808814,1.154613103,0 103.896790844,1.154626324,0 103.896772874,1.15462882,0 103.896736935,1.154612332,0 103.896683025,1.154572773,0 103.896647085,1.154564622,0 103.896629115,1.154565107,0 103.896593175,1.154575436,0 103.896551224,1.154629724,0 103.896485355,1.154683692,0 103.896395506,1.154716024,0 103.896305656,1.154740494,0 103.896233776,1.15477137,0 103.896161896,1.15482117,0 103.896000167,1.154948632,0 103.895918688,1.15506382,0 103.895895572,1.155118082,0 103.895898196,1.155136169,0 103.895910317,1.155150459,0 103.895946257,1.155175941,0 103.895985554,1.155190431,0 103.895997411,1.155226605,0 103.895982197,1.155244693,0 103.896000167,1.155244693,0 103.896000167,1.155226605,0 103.896036107,1.155226605,0 103.896036107,1.155208518,0 103.896072046,1.155208518,0 103.896072046,1.155190431,0 103.896125956,1.155190431,0 103.896125956,1.155172344,0 103.896161896,1.155172344,0 103.896161896,1.155154256,0 103.896215806,1.155154256,0 103.896215806,1.155136169,0 103.896251746,1.155136169,0 103.896251746,1.155118082,0 103.896287686,1.155118082,0 103.896287686,1.155099994,0 103.896341596,1.155099994,0 103.896341596,1.155081907,0 103.896377536,1.155081907,0 103.896377536,1.15506382,0 103.896431445,1.15506382,0 103.896431445,1.155045732,0 103.896467385,1.155045732,0 103.896467385,1.155027645,0 103.896683025,1.155027645,0 103.896683025,1.155045732,0 103.896700995,1.15506382,0 103.896718965,1.155081907,0 103.896718965,1.155099994,0 103.896736935,1.155118082,0 103.896754904,1.155136169,0 103.896754904,1.155154256,0 103.896772874,1.155172344,0 103.896790844,1.155190431,0 103.896808814,1.155190431,0 103.896826784,1.155175731,0 103.896871236,1.155154256,0 103.896898664,1.155128092,0 103.897042424,1.154896568,0 103.897096334,1.154827609,0 103.897240093,1.154668073,0 103.897276033,1.154637526,0 103.897365883,1.154596186,0 103.897419793,1.154561052,0 103.897441673,1.154539287,0 103.897448705,1.154503113,0 103.897443222,1.154448851,0 103.897419932,1.154412676,0 103.897390229,1.154394589,0 103.897378493,1.154376502,0 103.897329943,1.154342098,0 103.897294003,1.154304428,0 103.897240093,1.154270902,0 103.897204153,1.154240815,0 103.897168213,1.15422705,0 103.897132273,1.154222102,0 103.897060394,1.154225136,0 103.896952574,1.154220539,0 
					</coordinates>
				</LinearRing>
			</outerBoundaryIs>
			<innerBoundaryIs>
				<LinearRing>
					<coordinates>
						103.896467385,1.154990905,0 103.896503325,1.154991231,0 103.896503325,1.154991912,0 103.896467385,1.154991912,0 103.896466947,1.15499147,0 103.896467385,1.154990905,0 
					</coordinates>
				</LinearRing>
			</innerBoundaryIs>
		</Polygon>
	</Placemark>
	<Placemark>
		<name>30-35m</name>
		<styleUrl>#style.#FF00BA62..0.255</styleUrl>
		<Polygon>
			<tessellate>1</tessellate>
			<outerBoundaryIs>
				<LinearRing>
					<coordinates>
						103.903812762,1.150306856,0 103.903781155,1.150306856,0 103.903781155,1.150324943,0 103.903745215,1.150324943,0 103.903745215,1.15034303,0 103.903691305,1.15034303,0 103.903691305,1.150361117,0 103.903655365,1.150361117,0 103.903655365,1.150379205,0 103.903619425,1.150379205,0 103.903619425,1.150397292,0 103.903565515,1.150397292,0 103.903565515,1.150415379,0 103.903547545,1.150415379,0 103.903564619,1.150433467,0 103.903583485,1.150438598,0 103.903613097,1.150505816,0 103.903586221,1.150596253,0 103.903588697,1.150632427,0 103.903688966,1.150759038,0 103.903709275,1.150837311,0 103.903809883,1.151319745,0 103.903838171,1.151645317,0 103.903888974,1.151703621,0 103.903924914,1.151732272,0 103.903942884,1.151740227,0 103.904032734,1.151754267,0 103.904104614,1.151756239,0 103.904212434,1.151776211,0 103.904284313,1.151785736,0 103.904320253,1.151795458,0 103.904374163,1.151832007,0 103.904446043,1.151898539,0 103.90448279,1.151952801,0 103.904486164,1.151988976,0 103.904443875,1.152061325,0 103.904429089,1.152115587,0 103.904438524,1.152242198,0 103.904425038,1.152332635,0 103.904425683,1.152386897,0 103.904440775,1.152459246,0 103.904460671,1.152513508,0 103.904486665,1.152549683,0 103.904570709,1.152640119,0 103.904590235,1.152676294,0 103.904625742,1.152874416,0 103.904663185,1.153164651,0 103.904640617,1.153200826,0 103.904607772,1.153224058,0 103.904464013,1.153279679,0 103.904374163,1.153304863,0 103.904140554,1.153302496,0 103.904050704,1.153296329,0 103.903996794,1.153287581,0 103.903799125,1.153237262,0 103.903745964,1.153200826,0 103.903655365,1.153105918,0 103.903547545,1.153035757,0 103.903511606,1.153019501,0 103.903457696,1.153003346,0 103.903313936,1.152972466,0 103.903188146,1.152969885,0 103.903116267,1.152960949,0 103.902972507,1.15291928,0 103.902936567,1.152905277,0 103.902631078,1.152735911,0 103.902505288,1.152689735,0 103.902433409,1.152670205,0 103.902199799,1.152634098,0 103.90194822,1.152575193,0 103.90193025,1.15257588,0 103.90191228,1.152581028,0 103.90182243,1.15262732,0 103.90178649,1.152639774,0 103.901714611,1.152652155,0 103.901624761,1.152672826,0 103.901516941,1.15268535,0 103.901409121,1.152704356,0 103.901265362,1.152723389,0 103.901085662,1.152769983,0 103.900887993,1.152809281,0 103.900816113,1.152796764,0 103.900798143,1.152789006,0 103.900726263,1.152729346,0 103.900672353,1.152705003,0 103.900654384,1.152708391,0 103.900546564,1.152760035,0 103.900492654,1.152771351,0 103.900456714,1.152771515,0 103.900384834,1.15276264,0 103.900277015,1.152754523,0 103.900097315,1.152709246,0 103.900025435,1.152701577,0 103.899917616,1.152697421,0 103.899881676,1.152685559,0 103.899845736,1.152662991,0 103.899827766,1.152650026,0 103.899806163,1.152622032,0 103.899778872,1.15256777,0 103.899770518,1.152531595,0 103.899766045,1.152133674,0 103.899757838,1.152079413,0 103.89974081,1.152043238,0 103.899702987,1.152007063,0 103.899648066,1.15199436,0 103.899630096,1.151994309,0 103.899522277,1.152040161,0 103.899486337,1.152042027,0 103.899414457,1.152029291,0 103.899360547,1.152009315,0 103.899324607,1.151989795,0 103.899216788,1.151902954,0 103.899182333,1.151862365,0 103.899165633,1.15182619,0 103.899150396,1.151681492,0 103.899134184,1.151609142,0 103.899036543,1.151446356,0 103.898982669,1.151319745,0 103.898982696,1.151301658,0 103.899008323,1.151265483,0 103.899073028,1.151225894,0 103.899162968,1.151193134,0 103.899342577,1.151144123,0 103.899450397,1.151119396,0 103.899540247,1.151107917,0 103.899576187,1.151107971,0 103.899594157,1.151111471,0 103.899648066,1.15113183,0 103.899684006,1.151159871,0 103.899739443,1.151247396,0 103.899871322,1.15162723,0 103.899935586,1.151870579,0 103.89994782,1.151898539,0 103.899971525,1.15192569,0 103.900007465,1.151942108,0 103.900061375,1.151955208,0 103.900115285,1.151953907,0 103.900187165,1.151941469,0 103.900238226,1.151916627,0 103.900273962,1.151880452,0 103.900298694,1.151844277,0 103.900366864,1.151698545,0 103.900420774,1.151622613,0 103.900438744,1.151605843,0 103.900474684,1.151589967,0 103.900528594,1.151596061,0 103.900708293,1.151652749,0 103.900744233,1.151673655,0 103.900787781,1.151717666,0 103.900812486,1.151771928,0 103.900818289,1.15182619,0 103.900777345,1.152007063,0 103.900783848,1.152061325,0 103.90080833,1.1520975,0 103.900856822,1.152133674,0 103.900905963,1.152156957,0 103.900923933,1.152158766,0 103.900941903,1.152156498,0 103.900959873,1.152146671,0 103.900977843,1.152126921,0 103.901001771,1.152079413,0 103.901015287,1.152025151,0 103.901028231,1.151898539,0 103.901039584,1.151862365,0 103.901063996,1.15182619,0 103.901121602,1.15178,0 103.901172817,1.151717666,0 103.901208645,1.151663404,0 103.901223012,1.151609142,0 103.901215857,1.151572968,0 103.901193482,1.151537292,0 103.901013783,1.151349622,0 103.900977843,1.151302732,0 103.900937255,1.151229309,0 103.90093083,1.151175047,0 103.900945252,1.151138872,0 103.900977843,1.151105693,0 103.901049722,1.151063881,0 103.901233303,1.150939912,0 103.901259706,1.150903737,0 103.901269126,1.150831388,0 103.901264054,1.1508133,0 103.901243637,1.150795213,0 103.901211452,1.150783689,0 103.901175512,1.150777051,0 103.901049722,1.150770852,0 103.900905963,1.15078002,0 103.900887993,1.150770931,0 103.900762203,1.150779088,0 103.900744233,1.150768026,0 103.900654384,1.150769807,0 103.900643149,1.150759038,0 103.900643149,1.150740951,0 103.900510624,1.150740951,0 103.900510624,1.150759038,0 103.900348894,1.150759038,0 103.900348894,1.150777126,0 103.900205135,1.150777126,0 103.900205135,1.150795213,0 103.900097315,1.150795213,0 103.90009875,1.1508133,0 103.900090243,1.15088565,0 103.900093789,1.150903737,0 103.900086708,1.150921824,0 103.900061375,1.150960212,0 103.900025435,1.15099461,0 103.899971525,1.151002129,0 103.899935586,1.150998299,0 103.899828373,1.150939912,0 103.899791826,1.150908646,0 103.899773856,1.150901699,0 103.899701976,1.150910395,0 103.899648066,1.150923629,0 103.899630096,1.150913444,0 103.899594157,1.150929135,0 103.899576187,1.150922657,0 103.899540247,1.150944532,0 103.899522277,1.150940125,0 103.899468367,1.150975837,0 103.899450397,1.150971458,0 103.899417792,1.150994174,0 103.899396487,1.150992449,0 103.899367058,1.151012261,0 103.898839419,1.151210517,0 103.898774226,1.151247396,0 103.898739501,1.151283571,0 103.898728903,1.151319745,0 103.898805872,1.151771928,0 103.898839419,1.152044485,0 103.898929268,1.152352876,0 103.899003852,1.152513508,0 103.899017446,1.15256777,0 103.89901368,1.152603945,0 103.898983178,1.152666938,0 103.898929268,1.152850534,0 103.898911298,1.152861003,0 103.898893328,1.152853457,0 103.898857389,1.15285093,0 103.898839419,1.152854583,0 103.898803479,1.152876702,0 103.898715598,1.152947604,0 103.898677689,1.15296696,0 103.898623779,1.152974223,0 103.898605809,1.152972858,0 103.898569869,1.152960223,0 103.898533929,1.152928855,0 103.89849799,1.152874264,0 103.89840814,1.152641959,0 103.8983722,1.152576139,0 103.89830032,1.152493913,0 103.89828235,1.152487023,0 103.89824641,1.15249069,0 103.89821047,1.152483676,0 103.8981925,1.152483911,0 103.898174531,1.152496117,0 103.898128841,1.152549683,0 103.898039756,1.152622032,0 103.897869041,1.152692623,0 103.897807394,1.152748643,0 103.897689342,1.152841152,0 103.897653402,1.152883021,0 103.897638121,1.152911429,0 103.897602509,1.153001866,0 103.897594892,1.153056128,0 103.897607895,1.153128477,0 103.897732454,1.153472136,0 103.897739214,1.153544485,0 103.897727657,1.153761533,0 103.897707312,1.153820101,0 103.897665715,1.153851969,0 103.897635432,1.153864078,0 103.897581522,1.153870394,0 103.897473702,1.153896967,0 103.897383853,1.153944098,0 103.89737123,1.153978581,0 103.897368504,1.154032843,0 103.897401823,1.154270389,0 103.897437763,1.154297047,0 103.897455733,1.15430186,0 103.897473702,1.154296061,0 103.897527612,1.154251498,0 103.897653402,1.154188354,0 103.897707312,1.154143515,0 103.897779192,1.154056395,0 103.897833101,1.154006825,0 103.897869041,1.153964758,0 103.897994831,1.153794473,0 103.898024911,1.15377962,0 103.898102651,1.153770405,0 103.898138591,1.153760188,0 103.89824641,1.153698818,0 103.89833626,1.153665665,0 103.89846205,1.153608469,0 103.89848002,1.15359684,0 103.898527579,1.15358066,0 103.898551899,1.153563059,0 103.898596139,1.153490223,0 103.898622019,1.15330935,0 103.898636532,1.153255088,0 103.898659719,1.15321121,0 103.898689669,1.153182739,0 103.898749569,1.153156543,0 103.898767539,1.153154172,0 103.898821449,1.153122833,0 103.898857389,1.153107996,0 103.898911298,1.153073584,0 103.898929268,1.153074215,0 103.898947238,1.153081711,0 103.899037088,1.153149214,0 103.899073028,1.153160666,0 103.899144908,1.153153043,0 103.899252727,1.15313033,0 103.899378517,1.153082086,0 103.899468367,1.153061307,0 103.899539262,1.15303804,0 103.899576976,1.153019953,0 103.899648066,1.152969072,0 103.899701976,1.1529545,0 103.899827766,1.152948185,0 103.899935586,1.152951892,0 103.900043405,1.152948502,0 103.900223105,1.152962407,0 103.900366864,1.152974582,0 103.900510624,1.153002893,0 103.900636414,1.153019193,0 103.900708293,1.15303401,0 103.900762203,1.153040811,0 103.900798143,1.153039915,0 103.900905963,1.153026331,0 103.900959873,1.153015951,0 103.901121602,1.152941639,0 103.901193482,1.152917813,0 103.90135005,1.152857167,0 103.901463031,1.152823505,0 103.901624761,1.15279115,0 103.90175055,1.15275892,0 103.90182243,1.152748389,0 103.90194822,1.152717303,0 103.90196619,1.152715329,0 103.90207401,1.152725097,0 103.902303025,1.152766731,0 103.902379499,1.152790411,0 103.902577168,1.15288421,0 103.902720928,1.152941304,0 103.902882657,1.153022895,0 103.902954537,1.153052806,0 103.903026417,1.153068936,0 103.903152207,1.153109329,0 103.903206116,1.153116129,0 103.903295966,1.153116341,0 103.903331906,1.153123275,0 103.903385816,1.15314215,0 103.903439789,1.153182739,0 103.903583485,1.153319191,0 103.903691305,1.153391915,0 103.903745215,1.153411757,0 103.903781155,1.153418226,0 103.903835065,1.153414164,0 103.903888974,1.15341542,0 103.904032734,1.153441213,0 103.904122584,1.153450925,0 103.904284313,1.153451941,0 103.904356193,1.153448633,0 103.904374163,1.153446149,0 103.904517923,1.153402213,0 103.904643712,1.153393413,0 103.904733562,1.153383058,0 103.904805442,1.153366088,0 103.904841382,1.153346055,0 103.904859352,1.153327162,0 103.90488156,1.153291263,0 103.90489334,1.153255088,0 103.904896223,1.153164651,0 103.904868186,1.153074215,0 103.904841382,1.153034984,0 103.904822056,1.153019953,0 103.904769502,1.15299544,0 103.904744959,1.152965691,0 103.904715592,1.15289775,0 103.904651005,1.152658207,0 103.904618379,1.152603945,0 103.90453728,1.152513508,0 103.904519475,1.152459246,0 103.904520794,1.152423072,0 103.904547661,1.15236881,0 103.904581174,1.152332635,0 103.904643712,1.15228277,0 103.904699329,1.152206024,0 103.904710262,1.152169849,0 103.904713233,1.152115587,0 103.9047064,1.152007063,0 103.904643712,1.151753655,0 103.90462662,1.151699579,0 103.904607772,1.151669079,0 103.904481983,1.151562457,0 103.904364361,1.151392094,0 103.904338223,1.151370378,0 103.904266343,1.151324815,0 103.904217001,1.151283571,0 103.904122584,1.151104482,0 103.904086644,1.151086693,0 103.904014764,1.151121207,0 103.903996794,1.151124347,0 103.903942884,1.15109089,0 103.903883949,1.150939912,0 103.903825913,1.150740951,0 103.903792618,1.150668602,0 103.903776682,1.15061434,0 103.903781833,1.150578165,0 103.903844978,1.150415379,0 103.903843443,1.150379205,0 103.903827003,1.15034303,0 103.903817095,1.150336101,0 103.903812762,1.150306856,0 
					</coordinates>
				</LinearRing>
			</outerBoundaryIs>
			<innerBoundaryIs>
				<LinearRing>
					<coordinates>
						103.901013783,1.150824903,0 103.901067692,1.150828571,0 103.901120796,1.150849475,0 103.901128225,1.150867562,0 103.901109044,1.150903737,0 103.901049722,1.150959504,0 103.900995813,1.150987946,0 103.900923933,1.151008111,0 103.900852053,1.151019413,0 103.900798143,1.151010572,0 103.900726263,1.150979768,0 103.900703877,1.150994174,0 103.900687411,1.151030348,0 103.900680119,1.15108461,0 103.90067931,1.151120785,0 103.900701495,1.151283571,0 103.90069991,1.151337833,0 103.900690323,1.151363927,0 103.900672353,1.151371706,0 103.900600474,1.151360572,0 103.900474684,1.151313502,0 103.900402804,1.151297106,0 103.900378268,1.151283571,0 103.900366864,1.151252156,0 103.900371603,1.151211221,0 103.900413732,1.151066523,0 103.900456714,1.150998332,0 103.900485781,1.150921824,0 103.900516486,1.150903737,0 103.900582504,1.150884042,0 103.900654384,1.150879951,0 103.90079913,1.150849475,0 103.900959873,1.150827271,0 103.901013783,1.150824903,0 
					</coordinates>
				</LinearRing>
			</innerBoundaryIs>
		</Polygon>
	</Placemark>
	<Placemark>
		<name>35-40m</name>
		<styleUrl>#style.#FF00A6A8..0.255</styleUrl>
		<Polygon>
			<tessellate>1</tessellate>
			<outerBoundaryIs>
				<LinearRing>
					<coordinates>
						103.903547545,1.150415379,0 103.903529575,1.150415379,0 103.903529575,1.150433467,0 103.903493636,1.150433467,0 103.903493636,1.150451554,0 103.903439726,1.150451554,0 103.903439726,1.150469641,0 103.903403786,1.150469641,0 103.903403786,1.150487729,0 103.903367846,1.150487729,0 103.903367846,1.150505816,0 103.903331906,1.150505816,0 103.903331906,1.150523903,0 103.903313936,1.150523903,0 103.90333027,1.150541991,0 103.903349876,1.150551097,0 103.903390608,1.150632427,0 103.903416797,1.150668602,0 103.903536652,1.150777126,0 103.903601455,1.150897479,0 103.9036392,1.151012261,0 103.9036474,1.151066523,0 103.903646884,1.151138872,0 103.90363414,1.151283571,0 103.903607251,1.151446356,0 103.903610017,1.15162723,0 103.903622946,1.151663404,0 103.903655365,1.151706124,0 103.903727245,1.151767463,0 103.903745185,1.151790015,0 103.903795274,1.151916627,0 103.903835065,1.15197035,0 103.903853035,1.151980484,0 103.903871004,1.151983101,0 103.903978824,1.151945437,0 103.904014764,1.151943169,0 103.904176494,1.151979502,0 103.904230403,1.152006989,0 103.904266343,1.152032784,0 103.904302283,1.152075458,0 103.904320253,1.152115944,0 103.904339895,1.152206024,0 103.904330807,1.152332635,0 103.904371763,1.152495421,0 103.904404483,1.15256777,0 103.904477738,1.152658207,0 103.904488049,1.152694381,0 103.904464013,1.152757539,0 103.904327478,1.152983778,0 103.904266343,1.153056371,0 103.904248373,1.153070035,0 103.904212434,1.153079539,0 103.904158524,1.153074139,0 103.904086644,1.153045583,0 103.904014764,1.153029687,0 103.903960854,1.153012201,0 103.903871004,1.152967225,0 103.903835065,1.152954679,0 103.903691305,1.152879681,0 103.903547545,1.152824998,0 103.903493636,1.152816294,0 103.903385816,1.152826913,0 103.903206116,1.15282534,0 103.903116267,1.152815678,0 103.903044387,1.152799991,0 103.902972507,1.152780098,0 103.902936567,1.152763518,0 103.902885103,1.152730556,0 103.90277062,1.152640119,0 103.902684988,1.152591417,0 103.902649048,1.152577207,0 103.902613108,1.15256948,0 103.902541228,1.152566772,0 103.902451378,1.152554198,0 103.902361529,1.152550939,0 103.902271679,1.152538761,0 103.902163859,1.152512419,0 103.90200213,1.152462199,0 103.90193025,1.152434489,0 103.90191228,1.152432236,0 103.90189431,1.152435927,0 103.90187634,1.152446141,0 103.90180446,1.152507001,0 103.90176852,1.15252748,0 103.901642731,1.152553991,0 103.901570851,1.152560259,0 103.901463031,1.152562297,0 103.901391151,1.152572386,0 103.901319272,1.152576492,0 103.901229422,1.152573992,0 103.901067692,1.152619479,0 103.900923933,1.152643003,0 103.900887993,1.152644649,0 103.900870023,1.152640184,0 103.900842288,1.152622032,0 103.900816113,1.152588309,0 103.900805861,1.152549683,0 103.900805697,1.152513508,0 103.900819953,1.152459246,0 103.90084541,1.152423072,0 103.900870023,1.152409737,0 103.900977843,1.15239609,0 103.900995813,1.152387108,0 103.901044968,1.152332635,0 103.901073071,1.152278373,0 103.901094719,1.152206024,0 103.901112485,1.152007063,0 103.901130618,1.151952801,0 103.901193482,1.151889827,0 103.901301302,1.151821213,0 103.901445061,1.151712257,0 103.901463031,1.151707157,0 103.901516941,1.151707385,0 103.901588821,1.151691895,0 103.901624761,1.151672887,0 103.901651877,1.151645317,0 103.901696641,1.15159176,0 103.901724372,1.151536793,0 103.90178649,1.151329874,0 103.901814427,1.151211221,0 103.901818977,1.151120785,0 103.90179172,1.151030348,0 103.90175055,1.150966314,0 103.901732581,1.150953219,0 103.901678671,1.150939123,0 103.901660701,1.150941165,0 103.90163498,1.150957999,0 103.901606791,1.150981808,0 103.901588821,1.151006725,0 103.901534911,1.1511726,0 103.901481001,1.151203648,0 103.901448701,1.151229309,0 103.901391151,1.151302778,0 103.901368174,1.151319745,0 103.901355212,1.15132582,0 103.901337242,1.151325817,0 103.901301302,1.151313787,0 103.901139572,1.151194845,0 103.901130624,1.151175047,0 103.901134062,1.151156959,0 103.901159565,1.151120785,0 103.901207112,1.15108461,0 103.901301302,1.151044802,0 103.901337242,1.151023171,0 103.901358294,1.150994174,0 103.901370665,1.150957999,0 103.901377425,1.150903737,0 103.90137362,1.150777126,0 103.901319272,1.150710302,0 103.901301302,1.150702644,0 103.901247392,1.150699635,0 103.901234909,1.150686689,0 103.901234909,1.150668602,0 103.901103632,1.150668602,0 103.901103632,1.150686689,0 103.900941903,1.150686689,0 103.900941903,1.150704776,0 103.900798143,1.150704776,0 103.900798143,1.150722864,0 103.900654384,1.150722864,0 103.900654384,1.150740951,0 103.900643149,1.150740951,0 103.900643149,1.150759038,0 103.900654384,1.150769807,0 103.900744233,1.150768026,0 103.900762203,1.150779088,0 103.900887993,1.150770931,0 103.900905963,1.15078002,0 103.901049722,1.150770852,0 103.901175512,1.150777051,0 103.901211452,1.150783689,0 103.901243637,1.150795213,0 103.901264054,1.1508133,0 103.901269126,1.150831388,0 103.901259706,1.150903737,0 103.901233303,1.150939912,0 103.901049722,1.151063881,0 103.900977843,1.151105693,0 103.900945252,1.151138872,0 103.90093083,1.151175047,0 103.900937255,1.151229309,0 103.900977843,1.151302732,0 103.901013783,1.151349622,0 103.901193482,1.151537292,0 103.901215857,1.151572968,0 103.901223012,1.151609142,0 103.901208645,1.151663404,0 103.901172817,1.151717666,0 103.901121602,1.15178,0 103.901063996,1.15182619,0 103.901039584,1.151862365,0 103.901028231,1.151898539,0 103.901015287,1.152025151,0 103.901001771,1.152079413,0 103.900977843,1.152126921,0 103.900959873,1.152146671,0 103.900941903,1.152156498,0 103.900923933,1.152158766,0 103.900905963,1.152156957,0 103.900856822,1.152133674,0 103.90080833,1.1520975,0 103.900783848,1.152061325,0 103.900777345,1.152007063,0 103.900818289,1.15182619,0 103.900812486,1.151771928,0 103.900787781,1.151717666,0 103.900744233,1.151673655,0 103.900708293,1.151652749,0 103.900528594,1.151596061,0 103.900474684,1.151589967,0 103.900438744,1.151605843,0 103.900420774,1.151622613,0 103.900366864,1.151698545,0 103.900298694,1.151844277,0 103.900273962,1.151880452,0 103.900238226,1.151916627,0 103.900187165,1.151941469,0 103.900115285,1.151953907,0 103.900061375,1.151955208,0 103.900007465,1.151942108,0 103.899971525,1.15192569,0 103.89994782,1.151898539,0 103.899935586,1.151870579,0 103.899871322,1.15162723,0 103.899739443,1.151247396,0 103.899684006,1.151159871,0 103.899648066,1.15113183,0 103.899594157,1.151111471,0 103.899576187,1.151107971,0 103.899540247,1.151107917,0 103.899450397,1.151119396,0 103.899342577,1.151144123,0 103.899162968,1.151193134,0 103.899073028,1.151225894,0 103.899008323,1.151265483,0 103.898982696,1.151301658,0 103.898982669,1.151319745,0 103.899036543,1.151446356,0 103.899134184,1.151609142,0 103.899150396,1.151681492,0 103.899165633,1.15182619,0 103.899182333,1.151862365,0 103.899216788,1.151902954,0 103.899324607,1.151989795,0 103.899360547,1.152009315,0 103.899414457,1.152029291,0 103.899486337,1.152042027,0 103.899522277,1.152040161,0 103.899630096,1.151994309,0 103.899648066,1.15199436,0 103.899702987,1.152007063,0 103.89974081,1.152043238,0 103.899757838,1.152079413,0 103.899766045,1.152133674,0 103.899770518,1.152531595,0 103.899778872,1.15256777,0 103.899806163,1.152622032,0 103.899827766,1.152650026,0 103.899845736,1.152662991,0 103.899881676,1.152685559,0 103.899917616,1.152697421,0 103.900025435,1.152701577,0 103.900097315,1.152709246,0 103.900277015,1.152754523,0 103.900384834,1.15276264,0 103.900456714,1.152771515,0 103.900492654,1.152771351,0 103.900546564,1.152760035,0 103.900654384,1.152708391,0 103.900672353,1.152705003,0 103.900726263,1.152729346,0 103.900798143,1.152789006,0 103.900816113,1.152796764,0 103.900887993,1.152809281,0 103.901085662,1.152769983,0 103.901265362,1.152723389,0 103.901409121,1.152704356,0 103.901516941,1.15268535,0 103.901624761,1.152672826,0 103.901714611,1.152652155,0 103.90178649,1.152639774,0 103.90182243,1.15262732,0 103.90191228,1.152581028,0 103.90193025,1.15257588,0 103.90194822,1.152575193,0 103.902199799,1.152634098,0 103.902433409,1.152670205,0 103.902505288,1.152689735,0 103.902631078,1.152735911,0 103.902936567,1.152905277,0 103.902972507,1.15291928,0 103.903116267,1.152960949,0 103.903188146,1.152969885,0 103.903313936,1.152972466,0 103.903457696,1.153003346,0 103.903511606,1.153019501,0 103.903547545,1.153035757,0 103.903655365,1.153105918,0 103.903745964,1.153200826,0 103.903799125,1.153237262,0 103.903996794,1.153287581,0 103.904050704,1.153296329,0 103.904140554,1.153302496,0 103.904374163,1.153304863,0 103.904464013,1.153279679,0 103.904607772,1.153224058,0 103.904640617,1.153200826,0 103.904663185,1.153164651,0 103.904625742,1.152874416,0 103.904590235,1.152676294,0 103.904570709,1.152640119,0 103.904486665,1.152549683,0 103.904460671,1.152513508,0 103.904440775,1.152459246,0 103.904425683,1.152386897,0 103.904425038,1.152332635,0 103.904438524,1.152242198,0 103.904429089,1.152115587,0 103.904443875,1.152061325,0 103.904486164,1.151988976,0 103.90448279,1.151952801,0 103.904446043,1.151898539,0 103.904374163,1.151832007,0 103.904320253,1.151795458,0 103.904284313,1.151785736,0 103.904212434,1.151776211,0 103.904104614,1.151756239,0 103.904032734,1.151754267,0 103.903942884,1.151740227,0 103.903924914,1.151732272,0 103.903888974,1.151703621,0 103.903838171,1.151645317,0 103.903809883,1.151319745,0 103.903709275,1.150837311,0 103.903688966,1.150759038,0 103.903588697,1.150632427,0 103.903586221,1.150596253,0 103.903613097,1.150505816,0 103.903583485,1.150438598,0 103.903564619,1.150433467,0 103.903547545,1.150415379,0 
					</coordinates>
				</LinearRing>
			</outerBoundaryIs>
			<innerBoundaryIs>
				<LinearRing>
					<coordinates>
						103.900456714,1.152013695,0 103.900473786,1.152025151,0 103.900482515,1.152115587,0 103.900468483,1.152495421,0 103.900460441,1.152513508,0 103.90044121,1.152531595,0 103.900384834,1.152545308,0 103.900330924,1.152544927,0 103.900242615,1.152513508,0 103.900169195,1.152477802,0 103.900134864,1.152441159,0 103.900043405,1.152293129,0 103.900023734,1.152224111,0 103.900014791,1.152133674,0 103.900025435,1.152106303,0 103.900043405,1.152088482,0 103.900097315,1.152072214,0 103.900348894,1.152040095,0 103.900456714,1.152013695,0 
					</coordinates>
				</LinearRing>
			</innerBoundaryIs>
		</Polygon>
	</Placemark>
	<Placemark>
		<name>35-40m</name>
		<styleUrl>#style.#FF00A6A8..0.255</styleUrl>
		<Polygon>
			<tessellate>1</tessellate>
			<outerBoundaryIs>
				<LinearRing>
					<coordinates>
						103.896467385,1.154990905,0 103.896466947,1.15499147,0 103.896467385,1.154991912,0 103.896503325,1.154991912,0 103.896503325,1.154991231,0 103.896467385,1.154990905,0 
					</coordinates>
				</LinearRing>
			</outerBoundaryIs>
		</Polygon>
	</Placemark>
	<Placemark>
		<name>35-40m</name>
		<styleUrl>#style.#FF00A6A8..0.255</styleUrl>
		<Polygon>
			<tessellate>1</tessellate>
			<outerBoundaryIs>
				<LinearRing>
					<coordinates>
						103.902325589,1.150469641,0 103.902181829,1.150469641,0 103.902181829,1.150487729,0 103.90207401,1.150487729,0 103.90207401,1.150505816,0 103.9020201,1.150505816,0 103.9020201,1.150523903,0 103.90200213,1.150523903,0 103.90201528,1.150541991,0 103.902035442,1.150560078,0 103.902045014,1.150578165,0 103.90207401,1.150601169,0 103.902163859,1.150652249,0 103.902217769,1.150665206,0 103.902307619,1.150673955,0 103.902379499,1.150690438,0 103.902451378,1.150712441,0 103.902523258,1.150726929,0 103.902541228,1.150728372,0 103.902577168,1.150724384,0 103.902631078,1.150708754,0 103.902684988,1.1506792,0 103.90272511,1.150650515,0 103.902743529,1.15061434,0 103.902756868,1.150610896,0 103.902768885,1.150596253,0 103.902768885,1.150578165,0 103.902738898,1.150578165,0 103.902720928,1.150560078,0 103.902685428,1.150560078,0 103.902684988,1.15057873,0 103.902649048,1.150580475,0 103.902613108,1.150602899,0 103.902595138,1.150609676,0 103.902577168,1.150613429,0 103.902559198,1.150612873,0 103.902523258,1.150602446,0 103.902489405,1.150578165,0 103.902452506,1.150541991,0 103.902461397,1.150523903,0 103.902451378,1.150505816,0 103.902433409,1.150505816,0 103.902415439,1.150487729,0 103.902343559,1.150487729,0 103.902325589,1.150469641,0 
					</coordinates>
				</LinearRing>
			</outerBoundaryIs>
		</Polygon>
	</Placemark>
	<Placemark>
		<name>40-45m</name>
		<styleUrl>#style.#FF00E0F8..0.255</styleUrl>
		<Polygon>
			<tessellate>1</tessellate>
			<outerBoundaryIs>
				<LinearRing>
					<coordinates>
						103.90200213,1.150523903,0 103.90194822,1.150523903,0 103.90194822,1.150541991,0 103.90187634,1.150541991,0 103.90187634,1.150560078,0 103.90185837,1.150560078,0 103.901859297,1.150578165,0 103.90186157,1.150596253,0 103.90187634,1.150611537,0 103.90189431,1.150624811,0 103.901949863,1.150650515,0 103.90202853,1.150740951,0 103.902127919,1.150838542,0 103.902163859,1.150864055,0 103.902181829,1.150868736,0 103.902217769,1.150866171,0 103.902307619,1.150846086,0 103.902361529,1.150844763,0 103.902433409,1.150850116,0 103.902487318,1.150846106,0 103.902523258,1.150846314,0 103.902631078,1.150822098,0 103.902684988,1.150802797,0 103.902720928,1.150794069,0 103.902738898,1.150784925,0 103.902756868,1.15076646,0 103.902813133,1.150686689,0 103.902846168,1.150668602,0 103.902864687,1.150650969,0 103.902882657,1.150647918,0 103.902900627,1.150637363,0 103.902918597,1.150637901,0 103.902924783,1.150632427,0 103.902924783,1.15061434,0 103.902900627,1.15061434,0 103.902882657,1.150596253,0 103.902828747,1.150596253,0 103.902810777,1.150578165,0 103.902768885,1.150578165,0 103.902768885,1.150596253,0 103.902756868,1.150610896,0 103.902743529,1.15061434,0 103.90272511,1.150650515,0 103.902684988,1.1506792,0 103.902631078,1.150708754,0 103.902577168,1.150724384,0 103.902541228,1.150728372,0 103.902523258,1.150726929,0 103.902451378,1.150712441,0 103.902379499,1.150690438,0 103.902307619,1.150673955,0 103.902217769,1.150665206,0 103.902163859,1.150652249,0 103.90207401,1.150601169,0 103.902045014,1.150578165,0 103.902035442,1.150560078,0 103.90201528,1.150541991,0 103.90200213,1.150523903,0 
					</coordinates>
				</LinearRing>
			</outerBoundaryIs>
		</Polygon>
	</Placemark>
	<Placemark>
		<name>40-45m</name>
		<styleUrl>#style.#FF00E0F8..0.255</styleUrl>
		<Polygon>
			<tessellate>1</tessellate>
			<outerBoundaryIs>
				<LinearRing>
					<coordinates>
						103.900456714,1.152013695,0 103.900348894,1.152040095,0 103.900097315,1.152072214,0 103.900043405,1.152088482,0 103.900025435,1.152106303,0 103.900014791,1.152133674,0 103.900023734,1.152224111,0 103.900043405,1.152293129,0 103.900134864,1.152441159,0 103.900169195,1.152477802,0 103.900242615,1.152513508,0 103.900330924,1.152544927,0 103.900384834,1.152545308,0 103.90044121,1.152531595,0 103.900460441,1.152513508,0 103.900468483,1.152495421,0 103.900482515,1.152115587,0 103.900473786,1.152025151,0 103.900456714,1.152013695,0 
					</coordinates>
				</LinearRing>
			</outerBoundaryIs>
		</Polygon>
	</Placemark>
	<Placemark>
		<name>40-45m</name>
		<styleUrl>#style.#FF00E0F8..0.255</styleUrl>
		<Polygon>
			<tessellate>1</tessellate>
			<outerBoundaryIs>
				<LinearRing>
					<coordinates>
						103.903313936,1.150523903,0 103.903277996,1.150523903,0 103.903277996,1.150541991,0 103.903242056,1.150541991,0 103.903242056,1.150560078,0 103.903206116,1.150560078,0 103.903206116,1.150578165,0 103.903152207,1.150578165,0 103.903152207,1.150596253,0 103.903116267,1.150596253,0 103.903116267,1.15061434,0 103.903080327,1.15061434,0 103.903080327,1.150632427,0 103.903062357,1.150632427,0 103.903078623,1.150650515,0 103.903080327,1.150654281,0 103.903098297,1.150656325,0 103.903116267,1.150677976,0 103.903180572,1.150704776,0 103.903349876,1.150828252,0 103.903475666,1.150996879,0 103.903511606,1.151055845,0 103.903524577,1.151102697,0 103.903525667,1.151138872,0 103.903487202,1.151428269,0 103.903498281,1.151753841,0 103.903511606,1.151785493,0 103.903565515,1.1518451,0 103.903601455,1.151902702,0 103.903737727,1.152187936,0 103.903781155,1.152230827,0 103.903817095,1.152245146,0 103.903853035,1.152234827,0 103.903906944,1.152203618,0 103.903996794,1.1521374,0 103.904032734,1.15212535,0 103.904086644,1.152127976,0 103.904194464,1.152157246,0 103.904212434,1.152174932,0 103.904221705,1.152206024,0 103.904217738,1.15229646,0 103.904248373,1.152505549,0 103.904248373,1.152565759,0 103.904238247,1.152603945,0 103.904212434,1.152636714,0 103.904176494,1.152651519,0 103.904140554,1.152653095,0 103.904032734,1.15261702,0 103.903942884,1.152609215,0 103.903924914,1.152603034,0 103.903888974,1.152582208,0 103.903835065,1.152524196,0 103.903817095,1.15251434,0 103.903799125,1.152519869,0 103.903727245,1.152583151,0 103.903673335,1.152610216,0 103.903475666,1.152614287,0 103.903331906,1.152665882,0 103.903242056,1.152673778,0 103.903188146,1.152667798,0 103.903134237,1.152653651,0 103.902990477,1.15259318,0 103.902918597,1.152552155,0 103.902846717,1.152487833,0 103.902810777,1.152464355,0 103.902738898,1.152431857,0 103.902649048,1.152401323,0 103.902613108,1.152394226,0 103.902577168,1.152395593,0 103.902505288,1.152412532,0 103.902379499,1.152431914,0 103.902325589,1.152435069,0 103.902271679,1.152430197,0 103.902163859,1.152396366,0 103.90205604,1.152343603,0 103.90203807,1.152330443,0 103.90196619,1.152248202,0 103.90189431,1.152147364,0 103.90185837,1.152116044,0 103.90182243,1.152135794,0 103.90180446,1.152169639,0 103.901793688,1.152224111,0 103.901789927,1.152332635,0 103.901769574,1.152386897,0 103.901751641,1.152404984,0 103.901714611,1.152417924,0 103.901624761,1.152432977,0 103.901588821,1.152430552,0 103.901556841,1.152423072,0 103.901525193,1.152404984,0 103.901512315,1.152386897,0 103.901512411,1.152350722,0 103.90155847,1.152187936,0 103.901614194,1.151934714,0 103.901642731,1.151898725,0 103.901732581,1.15182703,0 103.901770422,1.151790015,0 103.901807738,1.151735753,0 103.901835923,1.151663404,0 103.901876311,1.151482531,0 103.901921877,1.151102697,0 103.901905595,1.15088565,0 103.901882108,1.150777126,0 103.90185837,1.150727978,0 103.9018404,1.15071727,0 103.90182243,1.150718684,0 103.90178649,1.150728953,0 103.90175055,1.150730697,0 103.901696641,1.150742888,0 103.901642731,1.15073195,0 103.90157712,1.150704776,0 103.901552671,1.150668602,0 103.901530556,1.150650515,0 103.901530556,1.150632427,0 103.901391151,1.150632427,0 103.901391151,1.150650515,0 103.901247392,1.150650515,0 103.901247392,1.150668602,0 103.901234909,1.150668602,0 103.901234909,1.150686689,0 103.901247392,1.150699635,0 103.901301302,1.150702644,0 103.901319272,1.150710302,0 103.90137362,1.150777126,0 103.901377425,1.150903737,0 103.901370665,1.150957999,0 103.901358294,1.150994174,0 103.901337242,1.151023171,0 103.901301302,1.151044802,0 103.901207112,1.15108461,0 103.901159565,1.151120785,0 103.901134062,1.151156959,0 103.901130624,1.151175047,0 103.901139572,1.151194845,0 103.901301302,1.151313787,0 103.901337242,1.151325817,0 103.901355212,1.15132582,0 103.901368174,1.151319745,0 103.901391151,1.151302778,0 103.901448701,1.151229309,0 103.901481001,1.151203648,0 103.901534911,1.1511726,0 103.901588821,1.151006725,0 103.901606791,1.150981808,0 103.90163498,1.150957999,0 103.901660701,1.150941165,0 103.901678671,1.150939123,0 103.901732581,1.150953219,0 103.90175055,1.150966314,0 103.90179172,1.151030348,0 103.901818977,1.151120785,0 103.901814427,1.151211221,0 103.90178649,1.151329874,0 103.901724372,1.151536793,0 103.901696641,1.15159176,0 103.901651877,1.151645317,0 103.901624761,1.151672887,0 103.901588821,1.151691895,0 103.901516941,1.151707385,0 103.901463031,1.151707157,0 103.901445061,1.151712257,0 103.901301302,1.151821213,0 103.901193482,1.151889827,0 103.901130618,1.151952801,0 103.901112485,1.152007063,0 103.901094719,1.152206024,0 103.901073071,1.152278373,0 103.901044968,1.152332635,0 103.900995813,1.152387108,0 103.900977843,1.15239609,0 103.900870023,1.152409737,0 103.90084541,1.152423072,0 103.900819953,1.152459246,0 103.900805697,1.152513508,0 103.900805861,1.152549683,0 103.900816113,1.152588309,0 103.900842288,1.152622032,0 103.900870023,1.152640184,0 103.900887993,1.152644649,0 103.900923933,1.152643003,0 103.901067692,1.152619479,0 103.901229422,1.152573992,0 103.901319272,1.152576492,0 103.901391151,1.152572386,0 103.901463031,1.152562297,0 103.901570851,1.152560259,0 103.901642731,1.152553991,0 103.90176852,1.15252748,0 103.90180446,1.152507001,0 103.90187634,1.152446141,0 103.90189431,1.152435927,0 103.90191228,1.152432236,0 103.90193025,1.152434489,0 103.90200213,1.152462199,0 103.902163859,1.152512419,0 103.902271679,1.152538761,0 103.902361529,1.152550939,0 103.902451378,1.152554198,0 103.902541228,1.152566772,0 103.902613108,1.15256948,0 103.902649048,1.152577207,0 103.902684988,1.152591417,0 103.90277062,1.152640119,0 103.902885103,1.152730556,0 103.902936567,1.152763518,0 103.902972507,1.152780098,0 103.903044387,1.152799991,0 103.903116267,1.152815678,0 103.903206116,1.15282534,0 103.903385816,1.152826913,0 103.903493636,1.152816294,0 103.903547545,1.152824998,0 103.903691305,1.152879681,0 103.903835065,1.152954679,0 103.903871004,1.152967225,0 103.903960854,1.153012201,0 103.904014764,1.153029687,0 103.904086644,1.153045583,0 103.904158524,1.153074139,0 103.904212434,1.153079539,0 103.904248373,1.153070035,0 103.904266343,1.153056371,0 103.904327478,1.152983778,0 103.904464013,1.152757539,0 103.904488049,1.152694381,0 103.904477738,1.152658207,0 103.904404483,1.15256777,0 103.904371763,1.152495421,0 103.904330807,1.152332635,0 103.904339895,1.152206024,0 103.904320253,1.152115944,0 103.904302283,1.152075458,0 103.904266343,1.152032784,0 103.904230403,1.152006989,0 103.904176494,1.151979502,0 103.904014764,1.151943169,0 103.903978824,1.151945437,0 103.903871004,1.151983101,0 103.903853035,1.151980484,0 103.903835065,1.15197035,0 103.903795274,1.151916627,0 103.903745185,1.151790015,0 103.903727245,1.151767463,0 103.903655365,1.151706124,0 103.903622946,1.151663404,0 103.903610017,1.15162723,0 103.903607251,1.151446356,0 103.90363414,1.151283571,0 103.903646884,1.151138872,0 103.9036474,1.151066523,0 103.9036392,1.151012261,0 103.903601455,1.150897479,0 103.903536652,1.150777126,0 103.903416797,1.150668602,0 103.903390608,1.150632427,0 103.903349876,1.150551097,0 103.90333027,1.150541991,0 103.903313936,1.150523903,0 
					</coordinates>
				</LinearRing>
			</outerBoundaryIs>
		</Polygon>
	</Placemark>
	<Placemark>
		<name>45-50m</name>
		<styleUrl>#style.#FFA0FCF8..0.255</styleUrl>
		<Polygon>
			<tessellate>1</tessellate>
			<outerBoundaryIs>
				<LinearRing>
					<coordinates>
						103.90185837,1.150560078,0 103.90182243,1.150560078,0 103.90182243,1.150578165,0 103.90175055,1.150578165,0 103.90175055,1.150596253,0 103.901678671,1.150596253,0 103.901678671,1.15061434,0 103.901534911,1.15061434,0 103.901534911,1.150632427,0 103.901530556,1.150632427,0 103.901530556,1.150650515,0 103.901552671,1.150668602,0 103.90157712,1.150704776,0 103.901642731,1.15073195,0 103.901696641,1.150742888,0 103.90175055,1.150730697,0 103.90178649,1.150728953,0 103.90182243,1.150718684,0 103.9018404,1.15071727,0 103.90185837,1.150727978,0 103.901882108,1.150777126,0 103.901905595,1.15088565,0 103.901921877,1.151102697,0 103.901876311,1.151482531,0 103.901835923,1.151663404,0 103.901807738,1.151735753,0 103.901770422,1.151790015,0 103.901732581,1.15182703,0 103.901642731,1.151898725,0 103.901614194,1.151934714,0 103.90155847,1.152187936,0 103.901512411,1.152350722,0 103.901512315,1.152386897,0 103.901525193,1.152404984,0 103.901556841,1.152423072,0 103.901588821,1.152430552,0 103.901624761,1.152432977,0 103.901714611,1.152417924,0 103.901751641,1.152404984,0 103.901769574,1.152386897,0 103.901789927,1.152332635,0 103.901793688,1.152224111,0 103.90180446,1.152169639,0 103.90182243,1.152135794,0 103.90185837,1.152116044,0 103.90189431,1.152147364,0 103.90196619,1.152248202,0 103.90203807,1.152330443,0 103.90205604,1.152343603,0 103.902163859,1.152396366,0 103.902271679,1.152430197,0 103.902325589,1.152435069,0 103.902379499,1.152431914,0 103.902505288,1.152412532,0 103.902577168,1.152395593,0 103.902613108,1.152394226,0 103.902649048,1.152401323,0 103.902738898,1.152431857,0 103.902810777,1.152464355,0 103.902846717,1.152487833,0 103.902918597,1.152552155,0 103.902990477,1.15259318,0 103.903134237,1.152653651,0 103.903188146,1.152667798,0 103.903242056,1.152673778,0 103.903331906,1.152665882,0 103.903475666,1.152614287,0 103.903673335,1.152610216,0 103.903727245,1.152583151,0 103.903799125,1.152519869,0 103.903817095,1.15251434,0 103.903835065,1.152524196,0 103.903888974,1.152582208,0 103.903924914,1.152603034,0 103.903942884,1.152609215,0 103.904032734,1.15261702,0 103.904140554,1.152653095,0 103.904176494,1.152651519,0 103.904212434,1.152636714,0 103.904238247,1.152603945,0 103.904248373,1.152565759,0 103.904248373,1.152505549,0 103.904217738,1.15229646,0 103.904221705,1.152206024,0 103.904212434,1.152174932,0 103.904194464,1.152157246,0 103.904086644,1.152127976,0 103.904032734,1.15212535,0 103.903996794,1.1521374,0 103.903906944,1.152203618,0 103.903853035,1.152234827,0 103.903817095,1.152245146,0 103.903781155,1.152230827,0 103.903737727,1.152187936,0 103.903601455,1.151902702,0 103.903565515,1.1518451,0 103.903511606,1.151785493,0 103.903498281,1.151753841,0 103.903487202,1.151428269,0 103.903525667,1.151138872,0 103.903524577,1.151102697,0 103.903511606,1.151055845,0 103.903475666,1.150996879,0 103.903349876,1.150828252,0 103.903180572,1.150704776,0 103.903116267,1.150677976,0 103.903098297,1.150656325,0 103.903080327,1.150654281,0 103.903078623,1.150650515,0 103.903062357,1.150632427,0 103.902972507,1.150632427,0 103.902954537,1.15061434,0 103.902924783,1.15061434,0 103.902924783,1.150632427,0 103.902918597,1.150637901,0 103.902900627,1.150637363,0 103.902882657,1.150647918,0 103.902864687,1.150650969,0 103.902846168,1.150668602,0 103.902813133,1.150686689,0 103.902756868,1.15076646,0 103.902738898,1.150784925,0 103.902720928,1.150794069,0 103.902684988,1.150802797,0 103.902631078,1.150822098,0 103.902523258,1.150846314,0 103.902487318,1.150846106,0 103.902433409,1.150850116,0 103.902361529,1.150844763,0 103.902307619,1.150846086,0 103.902217769,1.150866171,0 103.902181829,1.150868736,0 103.902163859,1.150864055,0 103.902127919,1.150838542,0 103.90202853,1.150740951,0 103.901949863,1.150650515,0 103.90189431,1.150624811,0 103.90187634,1.150611537,0 103.90186157,1.150596253,0 103.901859297,1.150578165,0 103.90185837,1.150560078,0 
					</coordinates>
				</LinearRing>
			</outerBoundaryIs>
			<innerBoundaryIs>
				<LinearRing>
					<coordinates>
						103.903026417,1.150864918,0 103.903062357,1.150875635,0 103.903116267,1.150921824,0 103.903137379,1.150957999,0 103.9031443,1.150994174,0 103.903120909,1.151048435,0 103.903098297,1.1510736,0 103.903080327,1.151082933,0 103.903008447,1.151114906,0 103.902954537,1.151131447,0 103.902911698,1.151156959,0 103.902848874,1.151211221,0 103.90282702,1.151247396,0 103.902837732,1.151265483,0 103.902882657,1.151274346,0 103.903026417,1.151267407,0 103.903116267,1.151250973,0 103.903152207,1.151254694,0 103.903170176,1.151267438,0 103.903184682,1.151301658,0 103.903181223,1.151392094,0 103.90315012,1.151572968,0 103.903098933,1.151808103,0 103.903102585,1.15182619,0 103.903116267,1.151844663,0 103.903134237,1.151835811,0 103.903152207,1.151841866,0 103.903201387,1.151934714,0 103.903224086,1.151963454,0 103.90335952,1.152079413,0 103.903510798,1.152260286,0 103.903530802,1.15229646,0 103.903533415,1.152314548,0 103.903518855,1.152350722,0 103.903403786,1.152423542,0 103.903313936,1.152453527,0 103.903260026,1.152453201,0 103.903206116,1.152433735,0 103.903116267,1.15236915,0 103.903080327,1.152350224,0 103.903062357,1.152347202,0 103.902972507,1.152351907,0 103.902918597,1.15233872,0 103.902792808,1.152250416,0 103.902737144,1.152224111,0 103.902684988,1.152213651,0 103.902577168,1.152204977,0 103.902433409,1.152211094,0 103.902361529,1.152199933,0 103.902325589,1.152185196,0 103.902289649,1.152162341,0 103.902271679,1.152161147,0 103.902181829,1.152051873,0 103.902127919,1.152001938,0 103.902036646,1.151934714,0 103.902010333,1.151898539,0 103.901998338,1.151862365,0 103.902004335,1.151808103,0 103.902145889,1.151525283,0 103.902163859,1.151514879,0 103.902181829,1.151515032,0 103.902199799,1.151503521,0 103.90224304,1.151428269,0 103.902281078,1.151319745,0 103.902287403,1.151283571,0 103.902278236,1.151175047,0 103.902263933,1.151138872,0 103.902264339,1.151120785,0 103.902280664,1.15108461,0 103.902320009,1.151030348,0 103.902347415,1.151012261,0 103.902379499,1.151000418,0 103.902595138,1.150947191,0 103.902667018,1.150939584,0 103.902738898,1.150944135,0 103.902792808,1.15094017,0 103.902900627,1.150950944,0 103.902936567,1.150931622,0 103.903000009,1.150867562,0 103.903026417,1.150864918,0 
					</coordinates>
				</LinearRing>
			</innerBoundaryIs>
		</Polygon>
	</Placemark>
	<Placemark>
		<name>50-55m</name>
		<styleUrl>#style.#FFF8FCF8..0.255</styleUrl>
		<Polygon>
			<tessellate>1</tessellate>
			<outerBoundaryIs>
				<LinearRing>
					<coordinates>
						103.903026417,1.150864918,0 103.903000009,1.150867562,0 103.902936567,1.150931622,0 103.902900627,1.150950944,0 103.902792808,1.15094017,0 103.902738898,1.150944135,0 103.902667018,1.150939584,0 103.902595138,1.150947191,0 103.902379499,1.151000418,0 103.902347415,1.151012261,0 103.902320009,1.151030348,0 103.902280664,1.15108461,0 103.902264339,1.151120785,0 103.902263933,1.151138872,0 103.902278236,1.151175047,0 103.902287403,1.151283571,0 103.902281078,1.151319745,0 103.90224304,1.151428269,0 103.902199799,1.151503521,0 103.902181829,1.151515032,0 103.902163859,1.151514879,0 103.902145889,1.151525283,0 103.902004335,1.151808103,0 103.901998338,1.151862365,0 103.902010333,1.151898539,0 103.902036646,1.151934714,0 103.902127919,1.152001938,0 103.902181829,1.152051873,0 103.902271679,1.152161147,0 103.902289649,1.152162341,0 103.902325589,1.152185196,0 103.902361529,1.152199933,0 103.902433409,1.152211094,0 103.902577168,1.152204977,0 103.902684988,1.152213651,0 103.902737144,1.152224111,0 103.902792808,1.152250416,0 103.902918597,1.15233872,0 103.902972507,1.152351907,0 103.903062357,1.152347202,0 103.903080327,1.152350224,0 103.903116267,1.15236915,0 103.903206116,1.152433735,0 103.903260026,1.152453201,0 103.903313936,1.152453527,0 103.903403786,1.152423542,0 103.903518855,1.152350722,0 103.903533415,1.152314548,0 103.903530802,1.15229646,0 103.903510798,1.152260286,0 103.90335952,1.152079413,0 103.903224086,1.151963454,0 103.903201387,1.151934714,0 103.903152207,1.151841866,0 103.903134237,1.151835811,0 103.903116267,1.151844663,0 103.903102585,1.15182619,0 103.903098933,1.151808103,0 103.90315012,1.151572968,0 103.903181223,1.151392094,0 103.903184682,1.151301658,0 103.903170176,1.151267438,0 103.903152207,1.151254694,0 103.903116267,1.151250973,0 103.903026417,1.151267407,0 103.902882657,1.151274346,0 103.902837732,1.151265483,0 103.90282702,1.151247396,0 103.902848874,1.151211221,0 103.902911698,1.151156959,0 103.902954537,1.151131447,0 103.903008447,1.151114906,0 103.903080327,1.151082933,0 103.903098297,1.1510736,0 103.903120909,1.151048435,0 103.9031443,1.150994174,0 103.903137379,1.150957999,0 103.903116267,1.150921824,0 103.903062357,1.150875635,0 103.903026417,1.150864918,0 
					</coordinates>
				</LinearRing>
			</outerBoundaryIs>
		</Polygon>
	</Placemark>
	<Placemark>
		<name>-2-0m</name>
		<styleUrl>#style.#FFCC0000..0.255</styleUrl>
		<Polygon>
			<tessellate>1</tessellate>
			<outerBoundaryIs>
				<LinearRing>
					<coordinates>
						101.52137651,1.651571378,0 101.520675517,1.651571378,0 101.520675517,1.651589466,0 101.520639568,1.651589466,0 101.520639568,1.651607553,0 101.52060362,1.651607553,0 101.52060362,1.65162564,0 101.520567672,1.65162564,0 101.520567672,1.651643727,0 101.520531723,1.651643727,0 101.520531723,1.651661815,0 101.520477801,1.651661815,0 101.520477801,1.651679902,0 101.520441852,1.651679902,0 101.520441852,1.651697989,0 101.520405904,1.651697989,0 101.520405904,1.651716076,0 101.520369956,1.651716076,0 101.520369956,1.651734164,0 101.520334007,1.651734164,0 101.520334007,1.651752251,0 101.520298059,1.651752251,0 101.520298059,1.651770338,0 101.52026211,1.651770338,0 101.52026211,1.651788425,0 101.520208188,1.651788425,0 101.520208188,1.651806513,0 101.52017224,1.651806513,0 101.52017224,1.6518246,0 101.520136291,1.6518246,0 101.520136291,1.651842687,0 101.520100343,1.651842687,0 101.520100343,1.651860774,0 101.520064394,1.651860774,0 101.520064394,1.651878861,0 101.520028446,1.651878861,0 101.520028446,1.651896949,0 101.519992498,1.651896949,0 101.519992498,1.651915036,0 101.519938575,1.651915036,0 101.519938575,1.651933123,0 101.519902627,1.651933123,0 101.519902627,1.65195121,0 101.519866678,1.65195121,0 101.519866678,1.651969298,0 101.51983073,1.651969298,0 101.51983073,1.651987385,0 101.519794782,1.651987385,0 101.519794782,1.652005472,0 101.519758833,1.652005472,0 101.519758833,1.652023559,0 101.519704911,1.652023559,0 101.519704911,1.652041647,0 101.519668962,1.652041647,0 101.519668962,1.652059734,0 101.519633014,1.652059734,0 101.519633014,1.652077821,0 101.519597066,1.652077821,0 101.519597066,1.652095908,0 101.519561117,1.652095908,0 101.519561117,1.652113996,0 101.519525169,1.652113996,0 101.519525169,1.652132083,0 101.51948922,1.652132083,0 101.51948922,1.65215017,0 101.519453272,1.65215017,0 101.519453272,1.652168257,0 101.519417324,1.652168257,0 101.519417324,1.652186345,0 101.519381375,1.652186345,0 101.519381375,1.652204432,0 101.519345427,1.652204432,0 101.519345427,1.652222519,0 101.519309478,1.652222519,0 101.519309478,1.652240606,0 101.51927353,1.652240606,0 101.51927353,1.652258693,0 101.519237582,1.652258693,0 101.519237582,1.652276781,0 101.519201633,1.652276781,0 101.519201633,1.652294868,0 101.519165685,1.652294868,0 101.519165685,1.652312955,0 101.519129737,1.652312955,0 101.519129737,1.652331042,0 101.519093788,1.652331042,0 101.519093788,1.65234913,0 101.51905784,1.65234913,0 101.51905784,1.652367217,0 101.519021891,1.652367217,0 101.519021891,1.652385304,0 101.518985943,1.652385304,0 101.518985943,1.652403391,0 101.518949995,1.652403391,0 101.518949995,1.652421479,0 101.518914046,1.652421479,0 101.518914046,1.652439566,0 101.518878098,1.652439566,0 101.518878098,1.652457653,0 101.51884215,1.652457653,0 101.51884215,1.65247574,0 101.518806201,1.65247574,0 101.518806201,1.652493828,0 101.518770253,1.652493828,0 101.518770253,1.652511915,0 101.518752279,1.652511915,0 101.518752279,1.652530002,0 101.51871633,1.652530002,0 101.51871633,1.652548089,0 101.518680382,1.652548089,0 101.518680382,1.652566177,0 101.518644434,1.652566177,0 101.518644434,1.652584264,0 101.518608485,1.652584264,0 101.518608485,1.652602351,0 101.518572537,1.652602351,0 101.518572537,1.652620438,0 101.518536588,1.652620438,0 101.518536588,1.652638525,0 101.51850064,1.652638525,0 101.51850064,1.652656613,0 101.518464692,1.652656613,0 101.518464692,1.6526747,0 101.518428743,1.6526747,0 101.518428743,1.652692787,0 101.518392795,1.652692787,0 101.518392795,1.652710874,0 101.518356847,1.652710874,0 101.518356847,1.652728962,0 101.518320898,1.652728962,0 101.518320898,1.652747049,0 101.51828495,1.652747049,0 101.51828495,1.652765136,0 101.518249001,1.652765136,0 101.518249001,1.652783223,0 101.518213053,1.652783223,0 101.518213053,1.652801311,0 101.518177105,1.652801311,0 101.518177105,1.652819398,0 101.518141156,1.652819398,0 101.518141156,1.652837485,0 101.518105208,1.652837485,0 101.518105208,1.652855572,0 101.518087234,1.652855572,0 101.518087234,1.65287366,0 101.518051285,1.65287366,0 101.518051285,1.652891747,0 101.518015337,1.652891747,0 101.518015337,1.652909834,0 101.517979389,1.652909834,0 101.517979389,1.652927921,0 101.51794344,1.652927921,0 101.51794344,1.652946009,0 101.517907492,1.652946009,0 101.517907492,1.652964096,0 101.517871543,1.652964096,0 101.517871543,1.652982183,0 101.517835595,1.652982183,0 101.517835595,1.65300027,0 101.517799647,1.65300027,0 101.517799647,1.653018357,0 101.517763698,1.653018357,0 101.517763698,1.653036445,0 101.51772775,1.653036445,0 101.51772775,1.653054532,0 101.517691802,1.653054532,0 101.517691802,1.653072619,0 101.517655853,1.653072619,0 101.517655853,1.653090706,0 101.517619905,1.653090706,0 101.517619905,1.653108794,0 101.517583956,1.653108794,0 101.517583956,1.653126881,0 101.517548008,1.653126881,0 101.517548008,1.653144968,0 101.51751206,1.653144968,0 101.51751206,1.653163055,0 101.517476111,1.653163055,0 101.517476111,1.653181143,0 101.517440163,1.653181143,0 101.517440163,1.65319923,0 101.517422189,1.65319923,0 101.517422189,1.653217317,0 101.51738624,1.653217317,0 101.51738624,1.653235404,0 101.517350292,1.653235404,0 101.517350292,1.653253492,0 101.517314344,1.653253492,0 101.517314344,1.653271579,0 101.517278395,1.653271579,0 101.517278395,1.653289666,0 101.517242447,1.653289666,0 101.517242447,1.653307753,0 101.517206498,1.653307753,0 101.517206498,1.653325841,0 101.51717055,1.653325841,0 101.51717055,1.653343928,0 101.517134602,1.653343928,0 101.517134602,1.653362015,0 101.517098653,1.653362015,0 101.517098653,1.653380102,0 101.517062705,1.653380102,0 101.517062705,1.653398189,0 101.517044731,1.653398189,0 101.517044731,1.653416277,0 101.517008782,1.653416277,0 101.517008782,1.653434364,0 101.516990808,1.653434364,0 101.516990808,1.653452451,0 101.51695486,1.653452451,0 101.51695486,1.653470538,0 101.516918911,1.653470538,0 101.516918911,1.653488626,0 101.516900937,1.653488626,0 101.516900937,1.653506713,0 101.516864989,1.653506713,0 101.516864989,1.6535248,0 101.516829041,1.6535248,0 101.516829041,1.653542887,0 101.516811066,1.653542887,0 101.516811066,1.653560975,0 101.516775118,1.653560975,0 101.516775118,1.653579062,0 101.516757144,1.653579062,0 101.516757144,1.653597149,0 101.516721195,1.653597149,0 101.516721195,1.653615236,0 101.516685247,1.653615236,0 101.516685247,1.653633324,0 101.516667273,1.653633324,0 101.516667273,1.653651411,0 101.516631324,1.653651411,0 101.516631324,1.653669498,0 101.516595376,1.653669498,0 101.516595376,1.653687585,0 101.516577402,1.653687585,0 101.516577402,1.653705673,0 101.516541454,1.653705673,0 101.516541454,1.65372376,0 101.516523479,1.65372376,0 101.516523479,1.653741847,0 101.516487531,1.653741847,0 101.516487531,1.653759934,0 101.516451583,1.653759934,0 101.516451583,1.653778021,0 101.516433608,1.653778021,0 101.516433608,1.653796109,0 101.51639766,1.653796109,0 101.51639766,1.653814196,0 101.516361712,1.653814196,0 101.516361712,1.653832283,0 101.516343737,1.653832283,0 101.516343737,1.65385037,0 101.516307789,1.65385037,0 101.516307789,1.653868458,0 101.516289815,1.653868458,0 101.516289815,1.653886545,0 101.516253867,1.653886545,0 101.516253867,1.653904632,0 101.516217918,1.653904632,0 101.516217918,1.653922719,0 101.516199944,1.653922719,0 101.516199944,1.653940807,0 101.516163996,1.653940807,0 101.516163996,1.653958894,0 101.516128047,1.653958894,0 101.516128047,1.653976981,0 101.516110073,1.653976981,0 101.516110073,1.653995068,0 101.516092099,1.653995068,0 101.516092099,1.654013156,0 101.516074125,1.654013156,0 101.516074125,1.654031243,0 101.516038176,1.654031243,0 101.516038176,1.65404933,0 101.516020202,1.65404933,0 101.516020202,1.654067417,0 101.516002228,1.654067417,0 101.516002228,1.654085505,0 101.515966279,1.654085505,0 101.515966279,1.654103592,0 101.515948305,1.654103592,0 101.515948305,1.654121679,0 101.515930331,1.654121679,0 101.515930331,1.654139766,0 101.515912357,1.654139766,0 101.515912357,1.654157853,0 101.515876409,1.654157853,0 101.515876409,1.654175941,0 101.515858434,1.654175941,0 101.515858434,1.654194028,0 101.51584046,1.654194028,0 101.51584046,1.654212115,0 101.515804512,1.654212115,0 101.515804512,1.654230202,0 101.515786538,1.654230202,0 101.515786538,1.65424829,0 101.515768563,1.65424829,0 101.515768563,1.654266377,0 101.515750589,1.654266377,0 101.515750589,1.654284464,0 101.515714641,1.654284464,0 101.515714641,1.654302551,0 101.515696667,1.654302551,0 101.515696667,1.654320639,0 101.515678692,1.654320639,0 101.515678692,1.654338726,0 101.515642744,1.654338726,0 101.515642744,1.654356813,0 101.51562477,1.654356813,0 101.51562477,1.6543749,0 101.515606796,1.6543749,0 101.515606796,1.654392988,0 101.515588822,1.654392988,0 101.515588822,1.654411075,0 101.515552873,1.654411075,0 101.515552873,1.654429162,0 101.515534899,1.654429162,0 101.515534899,1.654447249,0 101.515516925,1.654447249,0 101.515516925,1.654465337,0 101.515480976,1.654465337,0 101.515480976,1.654483424,0 101.515463002,1.654483424,0 101.515463002,1.654501511,0 101.515445028,1.654501511,0 101.515445028,1.654519598,0 101.51540908,1.654519598,0 101.51540908,1.654610034,0 101.515427054,1.654628122,0 101.515445028,1.654646209,0 101.515445028,1.654664296,0 101.515463002,1.654682383,0 101.515480976,1.654700471,0 101.515480976,1.654718558,0 101.515498951,1.654736645,0 101.515516925,1.654754732,0 101.515516925,1.65477282,0 101.515552873,1.654808994,0 101.515552873,1.654827081,0 101.515570847,1.654845169,0 101.515588822,1.654863256,0 101.515588822,1.654881343,0 101.51562477,1.654917517,0 101.51562477,1.654935605,0 101.515660718,1.654971779,0 101.515660718,1.654989866,0 101.515678692,1.655007954,0 101.515696667,1.655026041,0 101.515696667,1.655044128,0 101.515714641,1.655062215,0 101.515732615,1.655080303,0 101.515732615,1.65509839,0 101.515768563,1.655134564,0 101.515768563,1.655152652,0 101.515786538,1.655170739,0 101.515804512,1.655188826,0 101.515804512,1.655206913,0 101.515822486,1.655225001,0 101.51584046,1.655243088,0 101.51584046,1.655261175,0 101.515858434,1.655279262,0 101.515876409,1.655297349,0 101.515876409,1.655315437,0 101.515894383,1.655333524,0 101.515894383,1.655351611,0 101.515912357,1.655369698,0 101.515930331,1.655387786,0 101.515948305,1.655387786,0 101.515966279,1.655376933,0 101.515984254,1.655376933,0 101.516020202,1.655383264,0 101.51605615,1.655378742,0 101.516074125,1.655369698,0 101.516146021,1.655369698,0 101.516217918,1.655442047,0 101.516343737,1.655442047,0 101.516361712,1.65542396,0 101.516451583,1.65542396,0 101.516469557,1.655405873,0 101.516559428,1.655405873,0 101.516577402,1.655387786,0 101.516649299,1.655387786,0 101.516667273,1.655369698,0 101.516757144,1.655369698,0 101.516775118,1.655351611,0 101.516793092,1.655351611,0 101.516864989,1.655279262,0 101.516864989,1.655261175,0 101.51695486,1.655170739,0 101.516990808,1.655170739,0 101.517008782,1.655152652,0 101.517026757,1.655152652,0 101.517044731,1.655134564,0 101.517080679,1.655134564,0 101.517098653,1.655116477,0 101.517134602,1.655116477,0 101.517152576,1.65509839,0 101.51717055,1.65509839,0 101.517206498,1.655062215,0 101.517224473,1.655062215,0 101.517260421,1.655026041,0 101.517278395,1.655026041,0 101.517314344,1.654989866,0 101.517332318,1.654989866,0 101.51738624,1.654935605,0 101.517404215,1.654935605,0 101.517440163,1.65489943,0 101.517458137,1.65489943,0 101.51751206,1.654845169,0 101.517530034,1.654845169,0 101.517565982,1.654808994,0 101.517583956,1.654808994,0 101.517637879,1.654754732,0 101.517655853,1.654754732,0 101.517709776,1.654700471,0 101.51772775,1.654700471,0 101.517781672,1.654646209,0 101.517799647,1.654646209,0 101.517871543,1.65457386,0 101.517889518,1.65457386,0 101.51794344,1.654519598,0 101.517961414,1.654519598,0 101.517979389,1.654501511,0 101.517997363,1.654501511,0 101.518015337,1.654483424,0 101.518033311,1.654483424,0 101.518051285,1.654465337,0 101.518087234,1.654465337,0 101.518105208,1.654447249,0 101.518123182,1.654447249,0 101.518141156,1.654429162,0 101.518177105,1.654429162,0 101.518195079,1.654411075,0 101.518213053,1.654411075,0 101.518231027,1.654392988,0 101.518249001,1.654392988,0 101.518266976,1.6543749,0 101.518302924,1.6543749,0 101.518320898,1.654356813,0 101.518338872,1.654356813,0 101.518356847,1.654338726,0 101.518374821,1.654338726,0 101.518392795,1.654320639,0 101.518428743,1.654320639,0 101.518446717,1.654302551,0 101.518464692,1.654302551,0 101.518482666,1.654284464,0 101.51850064,1.654284464,0 101.518518614,1.654266377,0 101.518554563,1.654266377,0 101.518572537,1.65424829,0 101.518590511,1.65424829,0 101.518608485,1.654230202,0 101.518626459,1.654230202,0 101.518644434,1.654212115,0 101.518680382,1.654212115,0 101.518698356,1.654194028,0 101.51871633,1.654194028,0 101.518734304,1.654175941,0 101.518752279,1.654175941,0 101.518770253,1.654157853,0 101.518788227,1.654157853,0 101.518806201,1.654139766,0 101.518824175,1.654139766,0 101.51884215,1.654121679,0 101.518860124,1.654121679,0 101.518878098,1.654103592,0 101.518896072,1.654103592,0 101.518914046,1.654085505,0 101.518932021,1.654085505,0 101.518949995,1.654067417,0 101.518967969,1.654067417,0 101.518985943,1.65404933,0 101.519003917,1.65404933,0 101.519039866,1.654013156,0 101.51905784,1.654013156,0 101.519129737,1.653940807,0 101.519147711,1.653940807,0 101.519201633,1.653886545,0 101.519219608,1.653886545,0 101.519255556,1.65385037,0 101.51927353,1.65385037,0 101.519291504,1.653832283,0 101.519309478,1.653832283,0 101.519345427,1.653796109,0 101.519363401,1.653796109,0 101.519381375,1.653778021,0 101.519399349,1.653778021,0 101.519435298,1.653741847,0 101.519453272,1.653741847,0 101.519471246,1.65372376,0 101.51948922,1.65372376,0 101.519507195,1.653705673,0 101.519525169,1.653705673,0 101.519543143,1.653687585,0 101.519561117,1.653687585,0 101.519579091,1.653669498,0 101.519597066,1.653669498,0 101.51961504,1.653651411,0 101.519633014,1.653651411,0 101.519650988,1.653633324,0 101.519668962,1.653633324,0 101.519704911,1.653597149,0 101.519722885,1.653597149,0 101.519740859,1.653579062,0 101.519758833,1.653579062,0 101.519776807,1.653560975,0 101.519794782,1.653560975,0 101.519812756,1.653542887,0 101.51983073,1.653542887,0 101.519848704,1.6535248,0 101.519866678,1.6535248,0 101.519884653,1.653506713,0 101.519920601,1.653506713,0 101.519938575,1.653488626,0 101.519956549,1.653488626,0 101.519974523,1.653470538,0 101.519992498,1.653470538,0 101.520010472,1.653452451,0 101.52004642,1.653452451,0 101.520064394,1.653434364,0 101.520082369,1.653434364,0 101.520100343,1.653416277,0 101.520136291,1.653416277,0 101.520154265,1.653398189,0 101.52017224,1.653398189,0 101.520190214,1.653380102,0 101.520208188,1.653380102,0 101.520226162,1.653362015,0 101.52026211,1.653362015,0 101.520280085,1.653343928,0 101.520298059,1.653343928,0 101.520316033,1.653325841,0 101.520334007,1.653325841,0 101.520351981,1.653307753,0 101.520369956,1.653307753,0 101.52038793,1.653289666,0 101.520423878,1.653289666,0 101.520441852,1.653271579,0 101.520459827,1.653271579,0 101.520477801,1.653253492,0 101.520495775,1.653253492,0 101.520513749,1.653235404,0 101.520549697,1.653235404,0 101.520567672,1.653217317,0 101.520585646,1.653217317,0 101.52060362,1.65319923,0 101.520621594,1.65319923,0 101.520639568,1.653181143,0 101.520657543,1.653181143,0 101.520675517,1.653163055,0 101.520693491,1.653163055,0 101.520711465,1.653144968,0 101.520747414,1.653144968,0 101.520765388,1.653126881,0 101.520783362,1.653126881,0 101.520801336,1.653108794,0 101.520837284,1.653108794,0 101.520855259,1.653090706,0 101.520873233,1.653090706,0 101.520891207,1.653072619,0 101.520909181,1.653072619,0 101.520927155,1.653054532,0 101.520963104,1.653054532,0 101.520981078,1.653036445,0 101.520999052,1.653036445,0 101.521017026,1.653018357,0 101.521052975,1.653018357,0 101.521070949,1.65300027,0 101.521106897,1.65300027,0 101.521124871,1.652982183,0 101.521142846,1.652982183,0 101.52116082,1.652964096,0 101.521196768,1.652964096,0 101.521214742,1.652946009,0 101.521232717,1.652946009,0 101.521250691,1.652927921,0 101.521268665,1.652927921,0 101.521286639,1.652909834,0 101.521304613,1.652909834,0 101.521322588,1.652891747,0 101.521340562,1.652891747,0 101.521394484,1.652837485,0 101.521412459,1.652837485,0 101.521430433,1.652819398,0 101.521448407,1.652819398,0 101.521484355,1.652783223,0 101.521502329,1.652783223,0 101.521520304,1.652765136,0 101.521538278,1.652765136,0 101.521556252,1.652747049,0 101.521574226,1.652747049,0 101.5215922,1.652728962,0 101.521610175,1.652728962,0 101.521646123,1.652692787,0 101.521664097,1.652692787,0 101.521682071,1.6526747,0 101.521700046,1.6526747,0 101.52171802,1.652656613,0 101.521735994,1.652656613,0 101.521753968,1.652638525,0 101.521789916,1.652638525,0 101.521807891,1.652620438,0 101.521843839,1.652620438,0 101.521861813,1.65262496,0 101.521879787,1.652620438,0 101.521915736,1.652530002,0 101.52193371,1.652504163,0 101.521969658,1.652482523,0 101.521987633,1.652478932,0 101.522041555,1.652478932,0 101.522041555,1.652457653,0 101.522023581,1.652439566,0 101.522023581,1.652421479,0 101.522005607,1.652403391,0 101.522005607,1.652385304,0 101.521987633,1.652367217,0 101.521969658,1.65234913,0 101.521969658,1.652331042,0 101.521951684,1.652312955,0 101.521951684,1.652294868,0 101.52193371,1.652276781,0 101.52193371,1.652258693,0 101.521897762,1.652222519,0 101.521897762,1.652204432,0 101.521879787,1.652186345,0 101.521879787,1.652168257,0 101.521861813,1.65215017,0 101.521861813,1.652132083,0 101.521843839,1.652113996,0 101.521843839,1.652095908,0 101.521807891,1.652059734,0 101.521807891,1.652041647,0 101.521789916,1.652023559,0 101.521789916,1.652005472,0 101.521771942,1.651987385,0 101.521771942,1.651969298,0 101.521753968,1.65195121,0 101.521735994,1.651933123,0 101.521735994,1.651915036,0 101.52171802,1.651896949,0 101.52171802,1.651878861,0 101.521700046,1.651860774,0 101.521700046,1.651842687,0 101.521682071,1.6518246,0 101.521682071,1.651806513,0 101.521664097,1.651806513,0 101.521646123,1.651788425,0 101.521610175,1.651752251,0 101.5215922,1.651734164,0 101.521574226,1.651734164,0 101.521556252,1.651716076,0 101.521520304,1.651679902,0 101.521502329,1.651661815,0 101.521484355,1.651661815,0 101.521466381,1.651643727,0 101.521412459,1.651589466,0 101.521394484,1.651589466,0 101.52137651,1.651571378,0 
					</coordinates>
				</LinearRing>
			</outerBoundaryIs>
		</Polygon>
	</Placemark>
	<Placemark>
		<name>-2-0m</name>
		<styleUrl>#style.#FFCC0000..0.255</styleUrl>
		<Polygon>
			<tessellate>1</tessellate>
			<outerBoundaryIs>
				<LinearRing>
					<coordinates>
						101.539242853,1.699734827,0 101.539208902,1.699737683,0 101.539091071,1.69975577,0 101.539063111,1.699767908,0 101.539040858,1.699791945,0 101.538970057,1.69995473,0 101.538901772,1.700045166,0 101.538609783,1.700569696,0 101.538559834,1.700632084,0 101.538523886,1.700660132,0 101.538505911,1.700669058,0 101.538487937,1.700674149,0 101.538469963,1.700675822,0 101.538451989,1.700672899,0 101.538434015,1.70066527,0 101.538398066,1.700641406,0 101.538344144,1.700594777,0 101.538265237,1.700497347,0 101.538146428,1.700301332,0 101.538128454,1.700292358,0 101.538110479,1.700310861,0 101.538101942,1.700334562,0 101.538035684,1.700551608,0 101.537941722,1.700732481,0 101.537929716,1.700750568,0 101.537894789,1.700779729,0 101.537840866,1.700811223,0 101.537786944,1.70083502,0 101.537750996,1.700844363,0 101.537679099,1.700852595,0 101.537607202,1.700864259,0 101.537445434,1.700894067,0 101.537354144,1.700913353,0 101.537229744,1.700943465,0 101.536955852,1.701003789,0 101.536546725,1.701102777,0 101.536178254,1.701184662,0 101.535917628,1.701248807,0 101.535809783,1.701279696,0 101.53566599,1.701329675,0 101.535573243,1.701365534,0 101.535378403,1.701448499,0 101.535234609,1.701500799,0 101.534839177,1.701612196,0 101.534569564,1.701682818,0 101.534102235,1.701793694,0 101.534030339,1.701806213,0 101.533958442,1.70181279,0 101.533904519,1.701814512,0 101.533706803,1.701815197,0 101.533580984,1.701811146,0 101.533329345,1.701790584,0 101.533275423,1.701789061,0 101.533239474,1.701789924,0 101.533149603,1.701797738,0 101.532862016,1.70183571,0 101.532754171,1.70184354,0 101.532736197,1.70184354,0 101.532718223,1.701853889,0 101.532700249,1.701853889,0 101.532700249,1.701871976,0 101.532682274,1.701871976,0 101.532682274,1.701926238,0 101.5326643,1.701926238,0 101.5326643,1.701944325,0 101.532646326,1.701944325,0 101.532646326,1.701962412,0 101.532628352,1.701962412,0 101.532628352,1.7019805,0 101.532610378,1.7019805,0 101.532610378,1.701998587,0 101.532592404,1.701998587,0 101.532592404,1.702016674,0 101.532574429,1.702016674,0 101.532574429,1.702034761,0 101.532556455,1.702034761,0 101.532556455,1.702052849,0 101.532538481,1.702052849,0 101.532538481,1.702070936,0 101.532520507,1.702070936,0 101.532520507,1.702089023,0 101.532502533,1.702089023,0 101.532502533,1.70210711,0 101.532484558,1.70210711,0 101.532484558,1.702125197,0 101.532466584,1.702125197,0 101.532466584,1.702143285,0 101.53244861,1.702143285,0 101.53244861,1.702161372,0 101.532430636,1.702161372,0 101.532430636,1.702179459,0 101.532412662,1.702179459,0 101.532412662,1.702197546,0 101.532376713,1.702197546,0 101.532376713,1.702215634,0 101.532358739,1.702215634,0 101.532358739,1.702233721,0 101.532340765,1.702233721,0 101.532340765,1.702251808,0 101.532322791,1.702251808,0 101.532322791,1.702269895,0 101.532304817,1.702269895,0 101.532304817,1.702287983,0 101.532286842,1.702287983,0 101.532286842,1.70230607,0 101.532268868,1.70230607,0 101.532268868,1.702324157,0 101.53223292,1.702324157,0 101.53223292,1.702342244,0 101.532214946,1.702342244,0 101.532214946,1.702360331,0 101.532196971,1.702360331,0 101.532196971,1.702378419,0 101.532178997,1.702378419,0 101.532178997,1.702396506,0 101.532161023,1.702396506,0 101.532161023,1.702414593,0 101.532143049,1.702414593,0 101.532143049,1.70243268,0 101.532125075,1.70243268,0 101.532125075,1.702450768,0 101.532089126,1.702450768,0 101.532089126,1.702468855,0 101.532071152,1.702468855,0 101.532071152,1.702486942,0 101.532053178,1.702486942,0 101.532053178,1.702505029,0 101.532035204,1.702505029,0 101.532035204,1.702523116,0 101.53201723,1.702523116,0 101.53201723,1.702541204,0 101.531999255,1.702541204,0 101.531999255,1.702559291,0 101.531981281,1.702559291,0 101.531981281,1.702577378,0 101.531963307,1.702577378,0 101.531963307,1.702595465,0 101.531945333,1.702595465,0 101.531945333,1.702613553,0 101.531909384,1.702613553,0 101.531927359,1.70263164,0 101.53199785,1.70263164,0 101.532035132,1.702621945,0 101.532545,1.702342464,0 101.532532664,1.702108192,0 101.532721808,1.701943792,0 101.533227564,1.701869811,0 101.533926576,1.701923242,0 101.534572133,1.701775281,0 101.535267033,1.70158622,0 101.53557542,1.701462919,0 101.535579532,1.701467029,0 101.535830354,1.701364279,0 101.536122294,1.701294408,0 101.536998114,1.701093018,0 101.537335284,1.701019037,0 101.538396137,1.700920397,0 101.539197944,1.700846416,0 101.540086099,1.700686126,0 101.540628861,1.700349104,0 101.540961919,1.700439524,0 101.541179846,1.700455964,0 101.541687343,1.700262513,0 101.541687343,1.700226038,0 101.541651394,1.700226038,0 101.54163342,1.700207951,0 101.541615446,1.700207951,0 101.541597472,1.700189864,0 101.541579498,1.700189864,0 101.541561523,1.700171777,0 101.541543549,1.700171777,0 101.541525575,1.700160047,0 101.541489627,1.700160047,0 101.541453678,1.700169742,0 101.541435704,1.70019056,0 101.541345833,1.700200387,0 101.541255962,1.70020774,0 101.540680788,1.700240631,0 101.540590917,1.700241631,0 101.540554969,1.700239448,0 101.540519021,1.700234821,0 101.54042915,1.700212933,0 101.54030333,1.700167671,0 101.539756316,1.699918555,0 101.539458543,1.699804514,0 101.539375092,1.69975577,0 101.539350698,1.699746965,0 101.539307261,1.699737683,0 101.539242853,1.699734827,0 
					</coordinates>
				</LinearRing>
			</outerBoundaryIs>
		</Polygon>
	</Placemark>
	<Placemark>
		<name>0-2m</name>
		<styleUrl>#style.#FFFF0000..0.255</styleUrl>
		<Polygon>
			<tessellate>1</tessellate>
			<outerBoundaryIs>
				<LinearRing>
					<coordinates>
						101.522041555,1.65247574,0 101.522041555,1.652478932,0 101.521987633,1.652478932,0 101.521969658,1.652482523,0 101.52193371,1.652504163,0 101.521915736,1.652530002,0 101.521879787,1.652620438,0 101.521861813,1.65262496,0 101.521843839,1.652620438,0 101.521807891,1.652620438,0 101.521789916,1.652638525,0 101.521753968,1.652638525,0 101.521735994,1.652656613,0 101.52171802,1.652656613,0 101.521700046,1.6526747,0 101.521682071,1.6526747,0 101.521664097,1.652692787,0 101.521646123,1.652692787,0 101.521610175,1.652728962,0 101.5215922,1.652728962,0 101.521574226,1.652747049,0 101.521556252,1.652747049,0 101.521538278,1.652765136,0 101.521520304,1.652765136,0 101.521502329,1.652783223,0 101.521484355,1.652783223,0 101.521448407,1.652819398,0 101.521430433,1.652819398,0 101.521412459,1.652837485,0 101.521394484,1.652837485,0 101.521340562,1.652891747,0 101.521322588,1.652891747,0 101.521304613,1.652909834,0 101.521286639,1.652909834,0 101.521268665,1.652927921,0 101.521250691,1.652927921,0 101.521232717,1.652946009,0 101.521214742,1.652946009,0 101.521196768,1.652964096,0 101.52116082,1.652964096,0 101.521142846,1.652982183,0 101.521124871,1.652982183,0 101.521106897,1.65300027,0 101.521070949,1.65300027,0 101.521052975,1.653018357,0 101.521017026,1.653018357,0 101.520999052,1.653036445,0 101.520981078,1.653036445,0 101.520963104,1.653054532,0 101.520927155,1.653054532,0 101.520909181,1.653072619,0 101.520891207,1.653072619,0 101.520873233,1.653090706,0 101.520855259,1.653090706,0 101.520837284,1.653108794,0 101.520801336,1.653108794,0 101.520783362,1.653126881,0 101.520765388,1.653126881,0 101.520747414,1.653144968,0 101.520711465,1.653144968,0 101.520693491,1.653163055,0 101.520675517,1.653163055,0 101.520657543,1.653181143,0 101.520639568,1.653181143,0 101.520621594,1.65319923,0 101.52060362,1.65319923,0 101.520585646,1.653217317,0 101.520567672,1.653217317,0 101.520549697,1.653235404,0 101.520513749,1.653235404,0 101.520495775,1.653253492,0 101.520477801,1.653253492,0 101.520459827,1.653271579,0 101.520441852,1.653271579,0 101.520423878,1.653289666,0 101.52038793,1.653289666,0 101.520369956,1.653307753,0 101.520351981,1.653307753,0 101.520334007,1.653325841,0 101.520316033,1.653325841,0 101.520298059,1.653343928,0 101.520280085,1.653343928,0 101.52026211,1.653362015,0 101.520226162,1.653362015,0 101.520208188,1.653380102,0 101.520190214,1.653380102,0 101.52017224,1.653398189,0 101.520154265,1.653398189,0 101.520136291,1.653416277,0 101.520100343,1.653416277,0 101.520082369,1.653434364,0 101.520064394,1.653434364,0 101.52004642,1.653452451,0 101.520010472,1.653452451,0 101.519992498,1.653470538,0 101.519974523,1.653470538,0 101.519956549,1.653488626,0 101.519938575,1.653488626,0 101.519920601,1.653506713,0 101.519884653,1.653506713,0 101.519866678,1.6535248,0 101.519848704,1.6535248,0 101.51983073,1.653542887,0 101.519812756,1.653542887,0 101.519794782,1.653560975,0 101.519776807,1.653560975,0 101.519758833,1.653579062,0 101.519740859,1.653579062,0 101.519722885,1.653597149,0 101.519704911,1.653597149,0 101.519668962,1.653633324,0 101.519650988,1.653633324,0 101.519633014,1.653651411,0 101.51961504,1.653651411,0 101.519597066,1.653669498,0 101.519579091,1.653669498,0 101.519561117,1.653687585,0 101.519543143,1.653687585,0 101.519525169,1.653705673,0 101.519507195,1.653705673,0 101.51948922,1.65372376,0 101.519471246,1.65372376,0 101.519453272,1.653741847,0 101.519435298,1.653741847,0 101.519399349,1.653778021,0 101.519381375,1.653778021,0 101.519363401,1.653796109,0 101.519345427,1.653796109,0 101.519309478,1.653832283,0 101.519291504,1.653832283,0 101.51927353,1.65385037,0 101.519255556,1.65385037,0 101.519219608,1.653886545,0 101.519201633,1.653886545,0 101.519147711,1.653940807,0 101.519129737,1.653940807,0 101.51905784,1.654013156,0 101.519039866,1.654013156,0 101.519003917,1.65404933,0 101.518985943,1.65404933,0 101.518967969,1.654067417,0 101.518949995,1.654067417,0 101.518932021,1.654085505,0 101.518914046,1.654085505,0 101.518896072,1.654103592,0 101.518878098,1.654103592,0 101.518860124,1.654121679,0 101.51884215,1.654121679,0 101.518824175,1.654139766,0 101.518806201,1.654139766,0 101.518788227,1.654157853,0 101.518770253,1.654157853,0 101.518752279,1.654175941,0 101.518734304,1.654175941,0 101.51871633,1.654194028,0 101.518698356,1.654194028,0 101.518680382,1.654212115,0 101.518644434,1.654212115,0 101.518626459,1.654230202,0 101.518608485,1.654230202,0 101.518590511,1.65424829,0 101.518572537,1.65424829,0 101.518554563,1.654266377,0 101.518518614,1.654266377,0 101.51850064,1.654284464,0 101.518482666,1.654284464,0 101.518464692,1.654302551,0 101.518446717,1.654302551,0 101.518428743,1.654320639,0 101.518392795,1.654320639,0 101.518374821,1.654338726,0 101.518356847,1.654338726,0 101.518338872,1.654356813,0 101.518320898,1.654356813,0 101.518302924,1.6543749,0 101.518266976,1.6543749,0 101.518249001,1.654392988,0 101.518231027,1.654392988,0 101.518213053,1.654411075,0 101.518195079,1.654411075,0 101.518177105,1.654429162,0 101.518141156,1.654429162,0 101.518123182,1.654447249,0 101.518105208,1.654447249,0 101.518087234,1.654465337,0 101.518051285,1.654465337,0 101.518033311,1.654483424,0 101.518015337,1.654483424,0 101.517997363,1.654501511,0 101.517979389,1.654501511,0 101.517961414,1.654519598,0 101.51794344,1.654519598,0 101.517889518,1.65457386,0 101.517871543,1.65457386,0 101.517799647,1.654646209,0 101.517781672,1.654646209,0 101.51772775,1.654700471,0 101.517709776,1.654700471,0 101.517655853,1.654754732,0 101.517637879,1.654754732,0 101.517583956,1.654808994,0 101.517565982,1.654808994,0 101.517530034,1.654845169,0 101.51751206,1.654845169,0 101.517458137,1.65489943,0 101.517440163,1.65489943,0 101.517404215,1.654935605,0 101.51738624,1.654935605,0 101.517332318,1.654989866,0 101.517314344,1.654989866,0 101.517278395,1.655026041,0 101.517260421,1.655026041,0 101.517224473,1.655062215,0 101.517206498,1.655062215,0 101.51717055,1.65509839,0 101.517152576,1.65509839,0 101.517134602,1.655116477,0 101.517098653,1.655116477,0 101.517080679,1.655134564,0 101.517044731,1.655134564,0 101.517026757,1.655152652,0 101.517008782,1.655152652,0 101.516990808,1.655170739,0 101.51695486,1.655170739,0 101.516864989,1.655261175,0 101.516864989,1.655279262,0 101.516793092,1.655351611,0 101.516775118,1.655351611,0 101.516757144,1.655369698,0 101.516667273,1.655369698,0 101.516649299,1.655387786,0 101.516577402,1.655387786,0 101.516559428,1.655405873,0 101.516469557,1.655405873,0 101.516451583,1.65542396,0 101.516361712,1.65542396,0 101.516343737,1.655442047,0 101.516217918,1.655442047,0 101.516146021,1.655369698,0 101.516074125,1.655369698,0 101.51605615,1.655378742,0 101.516020202,1.655383264,0 101.515984254,1.655376933,0 101.515966279,1.655376933,0 101.515948305,1.655387786,0 101.515930331,1.655387786,0 101.515930331,1.655405873,0 101.515948305,1.65542396,0 101.515948305,1.655442047,0 101.515966279,1.655460135,0 101.515984254,1.655478222,0 101.515984254,1.655496309,0 101.516002228,1.655514396,0 101.516002228,1.655532484,0 101.516038176,1.655568658,0 101.516038176,1.655586745,0 101.51605615,1.655604833,0 101.51605615,1.65562292,0 101.516074125,1.655641007,0 101.516092099,1.655659094,0 101.516092099,1.655677181,0 101.516110073,1.655695269,0 101.516110073,1.655713356,0 101.516128047,1.655731443,0 101.516128047,1.65574953,0 101.516146021,1.655767618,0 101.516163996,1.655785705,0 101.516163996,1.655803792,0 101.51618197,1.655821879,0 101.51618197,1.655839967,0 101.516217918,1.655876141,0 101.516217918,1.655894228,0 101.516235892,1.655912316,0 101.516235892,1.655930403,0 101.516253867,1.65594849,0 101.516271841,1.655966577,0 101.516271841,1.655984665,0 101.516289815,1.656002752,0 101.516289815,1.656020839,0 101.516325763,1.656057013,0 101.516325763,1.656075101,0 101.516343737,1.656093188,0 101.516343737,1.656111275,0 101.516361712,1.656129362,0 101.516361712,1.65614745,0 101.516415634,1.656201711,0 101.516433608,1.656219799,0 101.516451583,1.656237886,0 101.516469557,1.656237886,0 101.516487531,1.656255973,0 101.516505505,1.656255973,0 101.516523479,1.65627406,0 101.516541454,1.656292148,0 101.516595376,1.656346409,0 101.51661335,1.656364497,0 101.516631324,1.656382584,0 101.516649299,1.656400671,0 101.516685247,1.656436845,0 101.516703221,1.656454933,0 101.516721195,1.65647302,0 101.51673917,1.656491107,0 101.516757144,1.656509194,0 101.516775118,1.656527282,0 101.516811066,1.656563456,0 101.516829041,1.656581543,0 101.516847015,1.656599631,0 101.516900937,1.656653892,0 101.516918911,1.65667198,0 101.516936886,1.656690067,0 101.516972834,1.656726241,0 101.516990808,1.656744329,0 101.517008782,1.656762416,0 101.517026757,1.656780503,0 101.517062705,1.656816677,0 101.517080679,1.656834765,0 101.517098653,1.656852852,0 101.517116628,1.656870939,0 101.517134602,1.656889026,0 101.517152576,1.656907114,0 101.517206498,1.656961375,0 101.517224473,1.656979463,0 101.517278395,1.657033724,0 101.517296369,1.657051812,0 101.517314344,1.657069899,0 101.517350292,1.657106073,0 101.517368266,1.657124161,0 101.51738624,1.657142248,0 101.517404215,1.657160335,0 101.517440163,1.657196509,0 101.517458137,1.657214597,0 101.517494085,1.657250771,0 101.51751206,1.657268858,0 101.517530034,1.657286946,0 101.517583956,1.657341207,0 101.517601931,1.657359295,0 101.517655853,1.657413556,0 101.517673827,1.657431644,0 101.517691802,1.657449731,0 101.51772775,1.657485905,0 101.517745724,1.657503993,0 101.517781672,1.657540167,0 101.517799647,1.657558254,0 101.517817621,1.657576341,0 101.517835595,1.657576341,0 101.517853569,1.65757295,0 101.517889518,1.657571459,0 101.517925466,1.657574105,0 101.517979389,1.657570225,0 101.518015337,1.657563172,0 101.518051285,1.657549906,0 101.518213053,1.657455725,0 101.518401155,1.657359295,0 101.518554563,1.657275043,0 101.518698356,1.65720907,0 101.518910291,1.657124161,0 101.519171404,1.65699755,0 101.519234456,1.656961375,0 101.519345427,1.656883179,0 101.519417324,1.656844731,0 101.519543143,1.656792476,0 101.519704911,1.656743088,0 101.519791647,1.656708154,0 101.520082369,1.656557593,0 101.520546147,1.656364497,0 101.520711465,1.656262234,0 101.520837284,1.656195301,0 101.520927155,1.656157785,0 101.521106897,1.656103043,0 101.52116082,1.656080406,0 101.521214742,1.656046983,0 101.521235793,1.656020839,0 101.52131932,1.65594849,0 101.521430433,1.655872663,0 101.521484355,1.655841743,0 101.521556252,1.655828304,0 101.521700046,1.655814146,0 101.521752845,1.655803792,0 101.521822577,1.655767618,0 101.521951684,1.655687713,0 101.522131426,1.65560126,0 101.52218604,1.655568658,0 101.522329142,1.655470168,0 101.522417956,1.65542396,0 101.522508884,1.655389421,0 101.522639052,1.655351611,0 101.522687085,1.655333524,0 101.522724574,1.655312467,0 101.522814445,1.65528579,0 101.522886342,1.65528579,0 101.522886342,1.655225001,0 101.522868368,1.655206913,0 101.522868368,1.655062215,0 101.522850394,1.655044128,0 101.522850394,1.65489943,0 101.522832419,1.654881343,0 101.522832419,1.654736645,0 101.522814445,1.654718558,0 101.522814445,1.65457386,0 101.522796471,1.654555773,0 101.522796471,1.654411075,0 101.522778497,1.654392988,0 101.522778497,1.65424829,0 101.522760523,1.654230202,0 101.522760523,1.654085505,0 101.522742548,1.654067417,0 101.522742548,1.653922719,0 101.522724574,1.653904632,0 101.522724574,1.653741847,0 101.5227066,1.65372376,0 101.5227066,1.653687585,0 101.522688626,1.653669498,0 101.522688626,1.653651411,0 101.522670652,1.653633324,0 101.522670652,1.653597149,0 101.522652677,1.653579062,0 101.522652677,1.653542887,0 101.522634703,1.6535248,0 101.522634703,1.653506713,0 101.522616729,1.653488626,0 101.522598755,1.653470538,0 101.522598755,1.653452451,0 101.522580781,1.653434364,0 101.522580781,1.653416277,0 101.522562807,1.653398189,0 101.522562807,1.653380102,0 101.522544832,1.653362015,0 101.522526858,1.653343928,0 101.522526858,1.653325841,0 101.522508884,1.653307753,0 101.522508884,1.653289666,0 101.52249091,1.653271579,0 101.52249091,1.653253492,0 101.522472936,1.653235404,0 101.522454961,1.653217317,0 101.522454961,1.65319923,0 101.522436987,1.653181143,0 101.522436987,1.653163055,0 101.522419013,1.653144968,0 101.522419013,1.653126881,0 101.522401039,1.653108794,0 101.522401039,1.653090706,0 101.522383065,1.653072619,0 101.52236509,1.653054532,0 101.52236509,1.653036445,0 101.522347116,1.653018357,0 101.522347116,1.65300027,0 101.522329142,1.652982183,0 101.522329142,1.652964096,0 101.522311168,1.652946009,0 101.522293194,1.652927921,0 101.522293194,1.652909834,0 101.52227522,1.652891747,0 101.52227522,1.65287366,0 101.522257245,1.652855572,0 101.522257245,1.652837485,0 101.522239271,1.652819398,0 101.522239271,1.652801311,0 101.522221297,1.652783223,0 101.522203323,1.652765136,0 101.522203323,1.652747049,0 101.522185349,1.652728962,0 101.522185349,1.652710874,0 101.522167374,1.652692787,0 101.522167374,1.6526747,0 101.5221494,1.652656613,0 101.522131426,1.652638525,0 101.522131426,1.652620438,0 101.522113452,1.652602351,0 101.522113452,1.652584264,0 101.522095478,1.652566177,0 101.522095478,1.652548089,0 101.522077503,1.652530002,0 101.522059529,1.652511915,0 101.522059529,1.652493828,0 101.522041555,1.65247574,0 
					</coordinates>
				</LinearRing>
			</outerBoundaryIs>
		</Polygon>
	</Placemark>
	<Placemark>
		<name>0-2m</name>
		<styleUrl>#style.#FFFF0000..0.255</styleUrl>
		<Polygon>
			<tessellate>1</tessellate>
			<outerBoundaryIs>
				<LinearRing>
					<coordinates>
						101.539422595,1.69952053,0 101.539404621,1.699521697,0 101.539386647,1.699525829,0 101.539350698,1.699541692,0 101.539260827,1.699599372,0 101.539206905,1.699626117,0 101.539170956,1.699637083,0 101.539135008,1.699643616,0 101.539027163,1.699653358,0 101.53897324,1.699662561,0 101.538910074,1.699683421,0 101.538883369,1.699701033,0 101.53884277,1.699791945,0 101.538793498,1.699852383,0 101.538739576,1.699893363,0 101.538644599,1.699936643,0 101.538613757,1.699960343,0 101.538487937,1.700180677,0 101.538451989,1.700223275,0 101.538416041,1.700245912,0 101.538398066,1.700249173,0 101.538380092,1.700247075,0 101.538362118,1.700239091,0 101.53832617,1.700205507,0 101.538254273,1.700095016,0 101.538173213,1.699936643,0 101.538146428,1.699907593,0 101.538128454,1.699897123,0 101.538110479,1.699891645,0 101.538092505,1.699889227,0 101.538056557,1.69989242,0 101.538020608,1.699905015,0 101.538002634,1.699916649,0 101.537986321,1.699936643,0 101.537970093,1.699972817,0 101.537935834,1.700226038,0 101.537889131,1.700406911,0 101.537858841,1.700466168,0 101.537804918,1.700540139,0 101.537786944,1.700560302,0 101.537750996,1.700583527,0 101.537733021,1.700590385,0 101.537661125,1.700609104,0 101.537229744,1.700752011,0 101.536852286,1.700842388,0 101.536564699,1.700921029,0 101.536151293,1.701012567,0 101.535845732,1.701088078,0 101.535755861,1.701116182,0 101.535630041,1.70116203,0 101.535360429,1.70128235,0 101.535216635,1.701337288,0 101.535126764,1.701360482,0 101.535000945,1.701385621,0 101.534749306,1.701455704,0 101.534317926,1.701557607,0 101.534084261,1.701622649,0 101.534030339,1.701632813,0 101.533958442,1.701639671,0 101.533706803,1.701644111,0 101.533598958,1.701641469,0 101.53343719,1.701628379,0 101.533347319,1.701624621,0 101.533293397,1.701624731,0 101.533185552,1.70163172,0 101.532915939,1.701662181,0 101.532844042,1.701666789,0 101.532772145,1.701669017,0 101.532754171,1.701673017,0 101.532736197,1.701673017,0 101.532736197,1.701691104,0 101.532718223,1.701691104,0 101.532718223,1.70178154,0 101.532700249,1.70178154,0 101.532700249,1.701853889,0 101.532718223,1.701853889,0 101.532736197,1.70184354,0 101.532754171,1.70184354,0 101.532862016,1.70183571,0 101.533149603,1.701797738,0 101.533239474,1.701789924,0 101.533275423,1.701789061,0 101.533329345,1.701790584,0 101.533580984,1.701811146,0 101.533706803,1.701815197,0 101.533904519,1.701814512,0 101.533958442,1.70181279,0 101.534030339,1.701806213,0 101.534102235,1.701793694,0 101.534569564,1.701682818,0 101.534839177,1.701612196,0 101.535234609,1.701500799,0 101.535378403,1.701448499,0 101.535573243,1.701365534,0 101.53566599,1.701329675,0 101.535809783,1.701279696,0 101.535917628,1.701248807,0 101.536178254,1.701184662,0 101.536546725,1.701102777,0 101.536955852,1.701003789,0 101.537229744,1.700943465,0 101.537354144,1.700913353,0 101.537445434,1.700894067,0 101.537607202,1.700864259,0 101.537679099,1.700852595,0 101.537750996,1.700844363,0 101.537786944,1.70083502,0 101.537840866,1.700811223,0 101.537894789,1.700779729,0 101.537929716,1.700750568,0 101.537941722,1.700732481,0 101.538035684,1.700551608,0 101.538101942,1.700334562,0 101.538110479,1.700310861,0 101.538128454,1.700292358,0 101.538146428,1.700301332,0 101.538265237,1.700497347,0 101.538344144,1.700594777,0 101.538398066,1.700641406,0 101.538434015,1.70066527,0 101.538451989,1.700672899,0 101.538469963,1.700675822,0 101.538487937,1.700674149,0 101.538505911,1.700669058,0 101.538523886,1.700660132,0 101.538559834,1.700632084,0 101.538609783,1.700569696,0 101.538901772,1.700045166,0 101.538970057,1.69995473,0 101.539040858,1.699791945,0 101.539063111,1.699767908,0 101.539091071,1.69975577,0 101.539208902,1.699737683,0 101.539242853,1.699734827,0 101.539307261,1.699737683,0 101.539350698,1.699746965,0 101.539375092,1.69975577,0 101.539458543,1.699804514,0 101.539756316,1.699918555,0 101.54030333,1.700167671,0 101.54042915,1.700212933,0 101.540519021,1.700234821,0 101.540554969,1.700239448,0 101.540590917,1.700241631,0 101.540680788,1.700240631,0 101.541255962,1.70020774,0 101.541345833,1.700200387,0 101.541435704,1.70019056,0 101.541453678,1.700169742,0 101.541489627,1.700160047,0 101.541525575,1.700160047,0 101.541543549,1.700171777,0 101.541525575,1.700153689,0 101.541507601,1.700153689,0 101.541489627,1.700135602,0 101.541471653,1.700135602,0 101.541453678,1.700117515,0 101.54141773,1.700117515,0 101.541399756,1.700099428,0 101.541381782,1.700099428,0 101.541363807,1.700081341,0 101.541345833,1.700081341,0 101.541327859,1.700063253,0 101.541309885,1.700063253,0 101.541291911,1.700045166,0 101.541273936,1.700045166,0 101.541255962,1.700027079,0 101.541237988,1.700027079,0 101.541220014,1.700008992,0 101.541184065,1.700008992,0 101.541166091,1.69999171,0 101.541094195,1.699992842,0 101.54107622,1.69999665,0 101.541058246,1.700013324,0 101.541004324,1.700018354,0 101.540842556,1.700030413,0 101.540519021,1.70004849,0 101.540465098,1.700048137,0 101.54042915,1.700044574,0 101.540375227,1.700034863,0 101.540339279,1.700025844,0 101.540285356,1.700008009,0 101.540213459,1.699977671,0 101.540051692,1.699893359,0 101.539836001,1.699765458,0 101.539476518,1.699536034,0 101.539440569,1.699522627,0 101.539422595,1.69952053,0 
					</coordinates>
				</LinearRing>
			</outerBoundaryIs>
		</Polygon>
	</Placemark>
	<Placemark>
		<name>2-4m</name>
		<styleUrl>#style.#FFFF6600..0.255</styleUrl>
		<Polygon>
			<tessellate>1</tessellate>
			<outerBoundaryIs>
				<LinearRing>
					<coordinates>
						101.522886342,1.65528579,0 101.522814445,1.65528579,0 101.522724574,1.655312467,0 101.522687085,1.655333524,0 101.522639052,1.655351611,0 101.522508884,1.655389421,0 101.522417956,1.65542396,0 101.522329142,1.655470168,0 101.52218604,1.655568658,0 101.522131426,1.65560126,0 101.521951684,1.655687713,0 101.521822577,1.655767618,0 101.521752845,1.655803792,0 101.521700046,1.655814146,0 101.521556252,1.655828304,0 101.521484355,1.655841743,0 101.521430433,1.655872663,0 101.52131932,1.65594849,0 101.521235793,1.656020839,0 101.521214742,1.656046983,0 101.52116082,1.656080406,0 101.521106897,1.656103043,0 101.520927155,1.656157785,0 101.520837284,1.656195301,0 101.520711465,1.656262234,0 101.520546147,1.656364497,0 101.520082369,1.656557593,0 101.519791647,1.656708154,0 101.519704911,1.656743088,0 101.519543143,1.656792476,0 101.519417324,1.656844731,0 101.519345427,1.656883179,0 101.519234456,1.656961375,0 101.519171404,1.65699755,0 101.518910291,1.657124161,0 101.518698356,1.65720907,0 101.518554563,1.657275043,0 101.518401155,1.657359295,0 101.518213053,1.657455725,0 101.518051285,1.657549906,0 101.518015337,1.657563172,0 101.517979389,1.657570225,0 101.517925466,1.657574105,0 101.517889518,1.657571459,0 101.517853569,1.65757295,0 101.517835595,1.657576341,0 101.517817621,1.657576341,0 101.517835595,1.657594429,0 101.517871543,1.657630603,0 101.517889518,1.65764869,0 101.517907492,1.657666778,0 101.517961414,1.657721039,0 101.517979389,1.657706004,0 101.517997363,1.657706004,0 101.518051285,1.657691978,0 101.518105208,1.657671956,0 101.518584692,1.657413556,0 101.518985943,1.657242481,0 101.519183659,1.657138512,0 101.519417324,1.657031659,0 101.519627338,1.656925201,0 101.519758833,1.656866596,0 101.52017224,1.656662744,0 101.52060362,1.656487592,0 101.520675517,1.656448926,0 101.520783362,1.656379171,0 101.520846202,1.656346409,0 101.52094513,1.656307525,0 101.521178794,1.656234549,0 101.521258712,1.656201711,0 101.521321215,1.656165537,0 101.521430433,1.656086961,0 101.521488014,1.656057013,0 101.52150606,1.656038926,0 101.52150091,1.656020839,0 101.5215922,1.655991558,0 101.521771942,1.655952579,0 101.521861813,1.655920238,0 101.521915736,1.655891758,0 101.522023581,1.655820806,0 101.522113452,1.655770493,0 101.522329142,1.655669406,0 101.522547688,1.655550571,0 101.522724574,1.655472125,0 101.522832419,1.655450575,0 101.522904316,1.655450575,0 101.522904316,1.655387786,0 101.522886342,1.655369698,0 101.522886342,1.65528579,0 
					</coordinates>
				</LinearRing>
			</outerBoundaryIs>
		</Polygon>
	</Placemark>
	<Placemark>
		<name>2-4m</name>
		<styleUrl>#style.#FFFF6600..0.255</styleUrl>
		<Polygon>
			<tessellate>1</tessellate>
			<outerBoundaryIs>
				<LinearRing>
					<coordinates>
						101.539386647,1.699435702,0 101.539368672,1.699438928,0 101.539332724,1.699454104,0 101.539242853,1.699528372,0 101.539206905,1.699550996,0 101.539170956,1.699567594,0 101.539135008,1.699579622,0 101.53909906,1.699587932,0 101.53897324,1.699606003,0 101.538919318,1.699616499,0 101.538876629,1.69962916,0 101.538811473,1.699657535,0 101.538766109,1.699683421,0 101.538746316,1.699701509,0 101.538721438,1.699737683,0 101.538685653,1.699768788,0 101.538631731,1.699795538,0 101.538577808,1.699813941,0 101.538430591,1.699846207,0 101.538362118,1.699863475,0 101.53832617,1.699867647,0 101.538290221,1.699862541,0 101.538197886,1.699828119,0 101.538146428,1.699817131,0 101.538110479,1.699816537,0 101.538074531,1.699820949,0 101.538038583,1.699828956,0 101.538002634,1.699842118,0 101.537946237,1.699882381,0 101.53790009,1.699936643,0 101.537883996,1.699972817,0 101.537858841,1.700096345,0 101.537827159,1.700189864,0 101.537786944,1.700273882,0 101.537733021,1.700332381,0 101.537697073,1.700357141,0 101.537535305,1.700435681,0 101.53742746,1.700478123,0 101.537301641,1.70053391,0 101.537229744,1.700559594,0 101.537067976,1.700603597,0 101.536834312,1.700661344,0 101.536618622,1.700730164,0 101.536546725,1.70074969,0 101.53609737,1.700848186,0 101.535899654,1.700895177,0 101.535791809,1.700925352,0 101.535701938,1.700956007,0 101.535612067,1.700991199,0 101.535342454,1.701119085,0 101.535216635,1.701170594,0 101.535162712,1.701189163,0 101.535072842,1.701210079,0 101.534964996,1.70122411,0 101.534911074,1.701233719,0 101.534690141,1.701293185,0 101.534497667,1.701333429,0 101.534317926,1.701374395,0 101.534228055,1.701400708,0 101.534102235,1.701444873,0 101.534066287,1.701453633,0 101.534030339,1.701460879,0 101.533976416,1.701466857,0 101.533850597,1.701470066,0 101.533760726,1.701474478,0 101.533652881,1.701475481,0 101.533509087,1.701465425,0 101.533347319,1.701464699,0 101.533203526,1.701469616,0 101.532969862,1.701490877,0 101.532862016,1.701492756,0 101.532808094,1.701491872,0 101.53279012,1.701492144,0 101.532772145,1.701492144,0 101.532772145,1.701510232,0 101.532754171,1.701510232,0 101.532754171,1.701600668,0 101.532736197,1.701600668,0 101.532736197,1.701673017,0 101.532754171,1.701673017,0 101.532772145,1.701669017,0 101.532844042,1.701666789,0 101.532915939,1.701662181,0 101.533185552,1.70163172,0 101.533293397,1.701624731,0 101.533347319,1.701624621,0 101.53343719,1.701628379,0 101.533598958,1.701641469,0 101.533706803,1.701644111,0 101.533958442,1.701639671,0 101.534030339,1.701632813,0 101.534084261,1.701622649,0 101.534317926,1.701557607,0 101.534749306,1.701455704,0 101.535000945,1.701385621,0 101.535126764,1.701360482,0 101.535216635,1.701337288,0 101.535360429,1.70128235,0 101.535630041,1.70116203,0 101.535755861,1.701116182,0 101.535845732,1.701088078,0 101.536151293,1.701012567,0 101.536564699,1.700921029,0 101.536852286,1.700842388,0 101.537229744,1.700752011,0 101.537661125,1.700609104,0 101.537733021,1.700590385,0 101.537750996,1.700583527,0 101.537786944,1.700560302,0 101.537804918,1.700540139,0 101.537858841,1.700466168,0 101.537889131,1.700406911,0 101.537935834,1.700226038,0 101.537970093,1.699972817,0 101.537986321,1.699936643,0 101.538002634,1.699916649,0 101.538020608,1.699905015,0 101.538056557,1.69989242,0 101.538092505,1.699889227,0 101.538110479,1.699891645,0 101.538128454,1.699897123,0 101.538146428,1.699907593,0 101.538173213,1.699936643,0 101.538254273,1.700095016,0 101.53832617,1.700205507,0 101.538362118,1.700239091,0 101.538380092,1.700247075,0 101.538398066,1.700249173,0 101.538416041,1.700245912,0 101.538451989,1.700223275,0 101.538487937,1.700180677,0 101.538613757,1.699960343,0 101.538644599,1.699936643,0 101.538739576,1.699893363,0 101.538793498,1.699852383,0 101.53884277,1.699791945,0 101.538883369,1.699701033,0 101.538910074,1.699683421,0 101.53897324,1.699662561,0 101.539027163,1.699653358,0 101.539135008,1.699643616,0 101.539170956,1.699637083,0 101.539206905,1.699626117,0 101.539260827,1.699599372,0 101.539350698,1.699541692,0 101.539386647,1.699525829,0 101.539404621,1.699521697,0 101.539422595,1.69952053,0 101.539440569,1.699522627,0 101.539476518,1.699536034,0 101.539836001,1.699765458,0 101.540051692,1.699893359,0 101.540213459,1.699977671,0 101.540285356,1.700008009,0 101.540339279,1.700025844,0 101.540375227,1.700034863,0 101.54042915,1.700044574,0 101.540465098,1.700048137,0 101.540519021,1.70004849,0 101.540842556,1.700030413,0 101.541004324,1.700018354,0 101.541058246,1.700013324,0 101.54107622,1.69999665,0 101.541094195,1.699992842,0 101.541166091,1.69999171,0 101.541184065,1.700008992,0 101.541166091,1.699990904,0 101.541148117,1.699990904,0 101.541130143,1.699972817,0 101.541112169,1.699972817,0 101.541094195,1.69995473,0 101.54107622,1.69995473,0 101.541058246,1.699936643,0 101.541040272,1.699936643,0 101.541022298,1.699918555,0 101.541004324,1.699918555,0 101.540986349,1.699900468,0 101.540968375,1.699900468,0 101.540950401,1.699882381,0 101.540914453,1.699882381,0 101.540896478,1.699864294,0 101.540878504,1.699864294,0 101.54086053,1.699846207,0 101.540842556,1.699846207,0 101.540824582,1.699828119,0 101.540806608,1.699828119,0 101.540788633,1.699810032,0 101.540770659,1.699810032,0 101.540752685,1.699791945,0 101.540734711,1.699791945,0 101.540716737,1.699773858,0 101.540715379,1.699773858,0 101.540709906,1.699810032,0 101.540698762,1.699822922,0 101.540680788,1.699826064,0 101.540662814,1.699837424,0 101.540465098,1.699850653,0 101.54030333,1.699859352,0 101.540249408,1.699857126,0 101.540195485,1.699847303,0 101.540141563,1.699831419,0 101.54008764,1.699811118,0 101.540015743,1.699778427,0 101.539943847,1.699740755,0 101.539764105,1.699634344,0 101.539476518,1.699451714,0 101.539458543,1.699444597,0 101.539422595,1.699436195,0 101.539386647,1.699435702,0 
					</coordinates>
				</LinearRing>
			</outerBoundaryIs>
		</Polygon>
	</Placemark>
	<Placemark>
		<name>4-6m</name>
		<styleUrl>#style.#FFFF9900..0.255</styleUrl>
		<Polygon>
			<tessellate>1</tessellate>
			<outerBoundaryIs>
				<LinearRing>
					<coordinates>
						101.521610175,1.665181202,0 101.521564548,1.665191068,0 101.521543808,1.665209155,0 101.521556252,1.665225434,0 101.521574226,1.665224228,0 101.521616915,1.665209155,0 101.521632642,1.665191068,0 101.521628149,1.665186245,0 101.521610175,1.665181202,0 
					</coordinates>
				</LinearRing>
			</outerBoundaryIs>
		</Polygon>
	</Placemark>
	<Placemark>
		<name>4-6m</name>
		<styleUrl>#style.#FFFF9900..0.255</styleUrl>
		<Polygon>
			<tessellate>1</tessellate>
			<outerBoundaryIs>
				<LinearRing>
					<coordinates>
						101.539404621,1.69937135,0 101.539368672,1.699372604,0 101.539350698,1.699375878,0 101.53931475,1.699389145,0 101.539278802,1.699411663,0 101.53917229,1.699502549,0 101.539140373,1.699520636,0 101.539081085,1.699538749,0 101.538883369,1.699570429,0 101.538793498,1.699594581,0 101.538703628,1.699631473,0 101.538649705,1.699661035,0 101.538577808,1.69970806,0 101.538523886,1.699729945,0 101.538469963,1.699740612,0 101.538416041,1.699745909,0 101.538362118,1.699748171,0 101.538218324,1.699747625,0 101.538146428,1.699751868,0 101.538110479,1.69975742,0 101.538056557,1.699769841,0 101.537988004,1.699791945,0 101.537948712,1.699812593,0 101.53789869,1.699846207,0 101.537838769,1.699900468,0 101.537812201,1.699936643,0 101.537743955,1.700063253,0 101.537715047,1.700103593,0 101.537679099,1.700139845,0 101.537553279,1.70021746,0 101.537445434,1.700265074,0 101.537337589,1.700322274,0 101.537265692,1.700353719,0 101.537193796,1.700377818,0 101.536798364,1.700484912,0 101.536600648,1.700557429,0 101.536528751,1.700578125,0 101.536061422,1.70067946,0 101.535863706,1.700726066,0 101.535755861,1.700757587,0 101.535683964,1.700783609,0 101.535594093,1.700821505,0 101.53532448,1.700955126,0 101.535180687,1.701016997,0 101.535126764,1.7010361,0 101.535036893,1.701057892,0 101.5348931,1.701071756,0 101.534821203,1.701082335,0 101.534766589,1.701094225,0 101.534623487,1.701132341,0 101.534425771,1.701168284,0 101.534299951,1.701195806,0 101.53421008,1.701224855,0 101.534084261,1.70127536,0 101.534012364,1.701291548,0 101.533958442,1.701296286,0 101.533886545,1.701298679,0 101.533796674,1.701305159,0 101.533724777,1.701308105,0 101.533670855,1.701308244,0 101.533580984,1.701302515,0 101.53343719,1.701307592,0 101.533257449,1.701305406,0 101.533023784,1.701319509,0 101.532915939,1.701315282,0 101.532862016,1.701309662,0 101.532844042,1.701309662,0 101.532826068,1.701311272,0 101.532808094,1.701311272,0 101.532808094,1.701329359,0 101.53279012,1.701329359,0 101.53279012,1.701419796,0 101.532772145,1.701419796,0 101.532772145,1.701492144,0 101.53279012,1.701492144,0 101.532808094,1.701491872,0 101.532862016,1.701492756,0 101.532969862,1.701490877,0 101.533203526,1.701469616,0 101.533347319,1.701464699,0 101.533509087,1.701465425,0 101.533652881,1.701475481,0 101.533760726,1.701474478,0 101.533850597,1.701470066,0 101.533976416,1.701466857,0 101.534030339,1.701460879,0 101.534066287,1.701453633,0 101.534102235,1.701444873,0 101.534228055,1.701400708,0 101.534317926,1.701374395,0 101.534497667,1.701333429,0 101.534690141,1.701293185,0 101.534911074,1.701233719,0 101.534964996,1.70122411,0 101.535072842,1.701210079,0 101.535162712,1.701189163,0 101.535216635,1.701170594,0 101.535342454,1.701119085,0 101.535612067,1.700991199,0 101.535701938,1.700956007,0 101.535791809,1.700925352,0 101.535899654,1.700895177,0 101.53609737,1.700848186,0 101.536546725,1.70074969,0 101.536618622,1.700730164,0 101.536834312,1.700661344,0 101.537067976,1.700603597,0 101.537229744,1.700559594,0 101.537301641,1.70053391,0 101.53742746,1.700478123,0 101.537535305,1.700435681,0 101.537697073,1.700357141,0 101.537733021,1.700332381,0 101.537786944,1.700273882,0 101.537827159,1.700189864,0 101.537858841,1.700096345,0 101.537883996,1.699972817,0 101.53790009,1.699936643,0 101.537946237,1.699882381,0 101.538002634,1.699842118,0 101.538038583,1.699828956,0 101.538074531,1.699820949,0 101.538110479,1.699816537,0 101.538146428,1.699817131,0 101.538197886,1.699828119,0 101.538290221,1.699862541,0 101.53832617,1.699867647,0 101.538362118,1.699863475,0 101.538430591,1.699846207,0 101.538577808,1.699813941,0 101.538631731,1.699795538,0 101.538685653,1.699768788,0 101.538721438,1.699737683,0 101.538746316,1.699701509,0 101.538766109,1.699683421,0 101.538811473,1.699657535,0 101.538876629,1.69962916,0 101.538919318,1.699616499,0 101.53897324,1.699606003,0 101.53909906,1.699587932,0 101.539135008,1.699579622,0 101.539170956,1.699567594,0 101.539206905,1.699550996,0 101.539242853,1.699528372,0 101.539332724,1.699454104,0 101.539368672,1.699438928,0 101.539386647,1.699435702,0 101.539422595,1.699436195,0 101.539458543,1.699444597,0 101.539476518,1.699451714,0 101.539764105,1.699634344,0 101.539943847,1.699740755,0 101.540015743,1.699778427,0 101.54008764,1.699811118,0 101.540141563,1.699831419,0 101.540195485,1.699847303,0 101.540249408,1.699857126,0 101.54030333,1.699859352,0 101.540465098,1.699850653,0 101.540662814,1.699837424,0 101.540680788,1.699826064,0 101.540698762,1.699822922,0 101.540709906,1.699810032,0 101.540715379,1.699773858,0 101.540680788,1.699773858,0 101.540662814,1.69975577,0 101.54064484,1.69975577,0 101.540626866,1.699737683,0 101.540608891,1.699737683,0 101.540590917,1.699719596,0 101.540572943,1.699719596,0 101.540554969,1.699701509,0 101.540536995,1.699701509,0 101.540519021,1.699683421,0 101.540501046,1.699683421,0 101.540483072,1.699665334,0 101.540465098,1.699665334,0 101.540447124,1.699647247,0 101.540411175,1.699647247,0 101.540393201,1.699637487,0 101.540339279,1.699638107,0 101.540321304,1.69964806,0 101.540285356,1.699652937,0 101.540267382,1.699660282,0 101.540141563,1.699667645,0 101.540069666,1.699669632,0 101.540033717,1.699666474,0 101.539997769,1.699659141,0 101.539907898,1.699629049,0 101.539800053,1.699578263,0 101.539692208,1.699518079,0 101.539512466,1.699406344,0 101.539476518,1.699388238,0 101.539440569,1.699376598,0 101.539404621,1.69937135,0 
					</coordinates>
				</LinearRing>
			</outerBoundaryIs>
		</Polygon>
	</Placemark>
	<Placemark>
		<name>4-6m</name>
		<styleUrl>#style.#FFFF9900..0.255</styleUrl>
		<Polygon>
			<tessellate>1</tessellate>
			<outerBoundaryIs>
				<LinearRing>
					<coordinates>
						101.523209877,1.6641176,0 101.523173929,1.664122362,0 101.523137981,1.664140662,0 101.523119811,1.664160096,0 101.523101354,1.66419627,0 101.523091248,1.664250532,0 101.523102032,1.664324525,0 101.523120006,1.664352854,0 101.523137981,1.664363988,0 101.523155955,1.66436541,0 101.523191903,1.664348203,0 101.523227852,1.664305999,0 101.523257977,1.664250532,0 101.52327647,1.66419627,0 101.523265842,1.664142008,0 101.523242497,1.664123921,0 101.523209877,1.6641176,0 
					</coordinates>
				</LinearRing>
			</outerBoundaryIs>
		</Polygon>
	</Placemark>
	<Placemark>
		<name>4-6m</name>
		<styleUrl>#style.#FFFF9900..0.255</styleUrl>
		<Polygon>
			<tessellate>1</tessellate>
			<outerBoundaryIs>
				<LinearRing>
					<coordinates>
						101.521268665,1.665366515,0 101.521232717,1.665374111,0 101.521035001,1.665438509,0 101.520999052,1.665455873,0 101.52096844,1.665480464,0 101.520943537,1.665516638,0 101.520938294,1.665552813,0 101.52094513,1.665594601,0 101.520968933,1.665625162,0 101.521017026,1.665648923,0 101.521052975,1.66565072,0 101.521088923,1.665635428,0 101.521266097,1.665462377,0 101.521288531,1.665426202,0 101.521298622,1.665371941,0 101.521286639,1.665366773,0 101.521268665,1.665366515,0 
					</coordinates>
				</LinearRing>
			</outerBoundaryIs>
		</Polygon>
	</Placemark>
	<Placemark>
		<name>4-6m</name>
		<styleUrl>#style.#FFFF9900..0.255</styleUrl>
		<Polygon>
			<tessellate>1</tessellate>
			<outerBoundaryIs>
				<LinearRing>
					<coordinates>
						101.522904316,1.655450575,0 101.522832419,1.655450575,0 101.522724574,1.655472125,0 101.522547688,1.655550571,0 101.522329142,1.655669406,0 101.522113452,1.655770493,0 101.522023581,1.655820806,0 101.521915736,1.655891758,0 101.521861813,1.655920238,0 101.521771942,1.655952579,0 101.5215922,1.655991558,0 101.52150091,1.656020839,0 101.52150606,1.656038926,0 101.521488014,1.656057013,0 101.521430433,1.656086961,0 101.521321215,1.656165537,0 101.521258712,1.656201711,0 101.521178794,1.656234549,0 101.52094513,1.656307525,0 101.520846202,1.656346409,0 101.520783362,1.656379171,0 101.520675517,1.656448926,0 101.52060362,1.656487592,0 101.52017224,1.656662744,0 101.519758833,1.656866596,0 101.519627338,1.656925201,0 101.519417324,1.657031659,0 101.519183659,1.657138512,0 101.518985943,1.657242481,0 101.518584692,1.657413556,0 101.518105208,1.657671956,0 101.518051285,1.657691978,0 101.517997363,1.657706004,0 101.517979389,1.657706004,0 101.517961414,1.657721039,0 101.51794344,1.657702952,0 101.51794344,1.658028522,0 101.517961414,1.65804661,0 101.517979389,1.65804661,0 101.517997363,1.658046059,0 101.518015337,1.658044439,0 101.518051285,1.657973949,0 101.518105208,1.657915551,0 101.518123182,1.657863288,0 101.518153139,1.657829563,0 101.51851167,1.657612516,0 101.518608725,1.657558254,0 101.51905784,1.657368154,0 101.519294855,1.657250771,0 101.519507195,1.657166455,0 101.519722885,1.657060252,0 101.519884653,1.656994043,0 101.520082369,1.656898546,0 101.520289382,1.656780503,0 101.520495775,1.656699478,0 101.520711465,1.65660547,0 101.520914607,1.656491107,0 101.520963104,1.656471787,0 101.521178794,1.656411338,0 101.521340562,1.656348066,0 101.521409787,1.656310235,0 101.521506652,1.656237886,0 101.5215844,1.656201711,0 101.521728368,1.656165537,0 101.522059529,1.656049825,0 101.522115592,1.656020839,0 101.522287089,1.655912316,0 101.522501572,1.655803792,0 101.522616729,1.655739557,0 101.522688626,1.655693594,0 101.522742548,1.655646336,0 101.522778497,1.655647512,0 101.522850394,1.655627867,0 101.52292229,1.655627867,0 101.52292229,1.655532484,0 101.522904316,1.655514396,0 101.522904316,1.655450575,0 
					</coordinates>
				</LinearRing>
			</outerBoundaryIs>
		</Polygon>
	</Placemark>
	<Placemark>
		<name>6-8m</name>
		<styleUrl>#style.#FFFF9900..0.255</styleUrl>
		<Polygon>
			<tessellate>1</tessellate>
			<outerBoundaryIs>
				<LinearRing>
					<coordinates>
						101.52292229,1.655627867,0 101.522850394,1.655627867,0 101.522778497,1.655647512,0 101.522742548,1.655646336,0 101.522688626,1.655693594,0 101.522616729,1.655739557,0 101.522501572,1.655803792,0 101.522287089,1.655912316,0 101.522115592,1.656020839,0 101.522059529,1.656049825,0 101.521728368,1.656165537,0 101.5215844,1.656201711,0 101.521506652,1.656237886,0 101.521409787,1.656310235,0 101.521340562,1.656348066,0 101.521178794,1.656411338,0 101.520963104,1.656471787,0 101.520914607,1.656491107,0 101.520711465,1.65660547,0 101.520495775,1.656699478,0 101.520289382,1.656780503,0 101.520082369,1.656898546,0 101.519884653,1.656994043,0 101.519722885,1.657060252,0 101.519507195,1.657166455,0 101.519294855,1.657250771,0 101.51905784,1.657368154,0 101.518608725,1.657558254,0 101.51851167,1.657612516,0 101.518153139,1.657829563,0 101.518123182,1.657863288,0 101.518105208,1.657915551,0 101.518051285,1.657973949,0 101.518015337,1.658044439,0 101.517997363,1.658046059,0 101.517979389,1.65804661,0 101.517961414,1.65804661,0 101.517961414,1.65837218,0 101.517979389,1.658390267,0 101.517979389,1.658715837,0 101.517997363,1.658733925,0 101.517997363,1.658824361,0 101.518015337,1.658842448,0 101.518033311,1.658832182,0 101.518051285,1.658832182,0 101.518148724,1.658770099,0 101.51815913,1.658754182,0 101.518195079,1.65863972,0 101.518231027,1.658580545,0 101.518378633,1.658390267,0 101.518448457,1.658281744,0 101.518541082,1.658191308,0 101.518662408,1.658114824,0 101.518806201,1.658060046,0 101.519381375,1.657899956,0 101.51948922,1.657859206,0 101.519650988,1.657789513,0 101.519686936,1.65777932,0 101.519740859,1.657774736,0 101.519776807,1.65777999,0 101.519812756,1.657791997,0 101.519920601,1.657840114,0 101.519974523,1.657848346,0 101.520010472,1.657841938,0 101.520033977,1.657829563,0 101.52004642,1.657817041,0 101.520101241,1.657739127,0 101.520138987,1.657702952,0 101.520254709,1.657612516,0 101.520316033,1.657554637,0 101.520553068,1.657377382,0 101.520634775,1.65732312,0 101.520762622,1.657250771,0 101.52094513,1.657176294,0 101.521070949,1.657133204,0 101.521142846,1.657114805,0 101.521322588,1.657084971,0 101.521394484,1.657060101,0 101.521484355,1.657015637,0 101.521502329,1.657013467,0 101.521610175,1.656979463,0 101.521700046,1.656961375,0 101.521879787,1.656906253,0 101.521915736,1.656899879,0 101.521987633,1.65689807,0 101.522041555,1.656908065,0 101.522113452,1.656935536,0 101.522221297,1.656986419,0 101.522239271,1.656989798,0 101.522257245,1.656986697,0 101.522293194,1.656973132,0 101.522329142,1.656948048,0 101.522349567,1.656925201,0 101.522413022,1.656816677,0 101.522442636,1.656708154,0 101.522507827,1.656545369,0 101.522561309,1.656382584,0 101.522724574,1.656125406,0 101.522757194,1.656093188,0 101.522778497,1.656085867,0 101.522796471,1.656086878,0 101.522814445,1.656103236,0 101.522832419,1.65611094,0 101.522868368,1.65611264,0 101.522904316,1.656122311,0 101.522976213,1.656122311,0 101.522976213,1.656002752,0 101.522958239,1.655984665,0 101.522958239,1.655839967,0 101.522940265,1.655821879,0 101.522940265,1.655695269,0 101.52292229,1.655677181,0 101.52292229,1.655627867,0 
					</coordinates>
				</LinearRing>
			</outerBoundaryIs>
		</Polygon>
	</Placemark>
	<Placemark>
		<name>6-8m</name>
		<styleUrl>#style.#FFFF9900..0.255</styleUrl>
		<Polygon>
			<tessellate>1</tessellate>
			<outerBoundaryIs>
				<LinearRing>
					<coordinates>
						101.521969658,1.667913714,0 101.52193371,1.66791726,0 101.521879787,1.667930295,0 101.521771942,1.667974748,0 101.521628149,1.668027218,0 101.521574226,1.668051083,0 101.521538278,1.668071719,0 101.52149788,1.668103113,0 101.521465709,1.668139288,0 101.521454826,1.668175462,0 101.521466381,1.668226177,0 101.521493423,1.668265898,0 101.521537279,1.668302073,0 101.521574226,1.668318917,0 101.521628149,1.668331452,0 101.521664097,1.668334993,0 101.52171802,1.668335986,0 101.522041555,1.668326983,0 101.522113452,1.668328578,0 101.522239271,1.668338107,0 101.522293194,1.668334122,0 101.522347116,1.668317064,0 101.522401039,1.668286073,0 101.522474627,1.668229724,0 101.522577595,1.668139288,0 101.522591086,1.6681212,0 101.52260154,1.668085026,0 101.522585084,1.668048851,0 101.522564466,1.668030764,0 101.522533046,1.668012677,0 101.52249029,1.66799459,0 101.522347116,1.667951846,0 101.522311168,1.667944122,0 101.522239271,1.667936087,0 101.522113452,1.66792974,0 101.522005607,1.667913961,0 101.521969658,1.667913714,0 
					</coordinates>
				</LinearRing>
			</outerBoundaryIs>
		</Polygon>
	</Placemark>
	<Placemark>
		<name>6-8m</name>
		<styleUrl>#style.#FFFF9900..0.255</styleUrl>
		<Polygon>
			<tessellate>1</tessellate>
			<outerBoundaryIs>
				<LinearRing>
					<coordinates>
						101.519884653,1.662573587,0 101.519740859,1.662594203,0 101.519693527,1.662604593,0 101.519644597,1.662622681,0 101.519581706,1.662658855,0 101.519539607,1.66269503,0 101.519516438,1.662731204,0 101.519525169,1.662756739,0 101.519543143,1.662773408,0 101.519561117,1.662781245,0 101.51961504,1.662782513,0 101.519704911,1.662762979,0 101.519786793,1.662731204,0 101.519899257,1.662676942,0 101.519924595,1.662658855,0 101.519946792,1.662622681,0 101.519945315,1.662604593,0 101.519920601,1.662580854,0 101.519902627,1.662574448,0 101.519884653,1.662573587,0 
					</coordinates>
				</LinearRing>
			</outerBoundaryIs>
		</Polygon>
	</Placemark>
	<Placemark>
		<name>6-8m</name>
		<styleUrl>#style.#FFFF9900..0.255</styleUrl>
		<Polygon>
			<tessellate>1</tessellate>
			<outerBoundaryIs>
				<LinearRing>
					<coordinates>
						101.52446807,1.691311618,0 101.524450096,1.691311618,0 101.524432122,1.691318077,0 101.524414148,1.691327121,0 101.524405161,1.691345208,0 101.524414148,1.691368463,0 101.524434888,1.69139947,0 101.52446807,1.691425779,0 101.524504019,1.691440166,0 101.52452456,1.691435644,0 101.524544461,1.691417557,0 101.524553039,1.691381383,0 101.524545359,1.691345208,0 101.524521993,1.691322188,0 101.52446807,1.691311618,0 
					</coordinates>
				</LinearRing>
			</outerBoundaryIs>
		</Polygon>
	</Placemark>
	<Placemark>
		<name>6-8m</name>
		<styleUrl>#style.#FFFF9900..0.255</styleUrl>
		<Polygon>
			<tessellate>1</tessellate>
			<outerBoundaryIs>
				<LinearRing>
					<coordinates>
						101.522778497,1.666188579,0 101.5227066,1.666197839,0 101.522652677,1.666217373,0 101.522580781,1.666252692,0 101.52249091,1.666285276,0 101.522436249,1.666312477,0 101.522378296,1.666366739,0 101.52236509,1.666384826,0 101.522335882,1.666457175,0 101.522299816,1.666493349,0 101.522239271,1.666522176,0 101.5221494,1.66655731,0 101.522132483,1.666565698,0 101.522114909,1.666583785,0 101.522103341,1.66661996,0 101.522104938,1.666656134,0 101.522113452,1.666675794,0 101.5221494,1.666685074,0 101.522185349,1.666684861,0 101.522257245,1.666671395,0 101.522401039,1.666652074,0 101.52249091,1.666623577,0 101.522562807,1.666583115,0 101.522639526,1.666529524,0 101.522732563,1.666421,0 101.52280265,1.666366739,0 101.522862376,1.666330564,0 101.522904878,1.66629439,0 101.522913303,1.666276302,0 101.522911717,1.666240128,0 101.522898325,1.666222041,0 101.522865158,1.666203953,0 101.522814445,1.66619168,0 101.522778497,1.666188579,0 
					</coordinates>
				</LinearRing>
			</outerBoundaryIs>
		</Polygon>
	</Placemark>
	<Placemark>
		<name>6-8m</name>
		<styleUrl>#style.#FFFF9900..0.255</styleUrl>
		<Polygon>
			<tessellate>1</tessellate>
			<outerBoundaryIs>
				<LinearRing>
					<coordinates>
						101.521915736,1.666746893,0 101.521879787,1.666748763,0 101.521825865,1.666760899,0 101.521783426,1.666782745,0 101.521765141,1.666800832,0 101.521758462,1.666818919,0 101.521771942,1.666843244,0 101.521807891,1.666859732,0 101.521843839,1.666864741,0 101.521879787,1.666861877,0 101.52193371,1.666847012,0 101.52199662,1.666818919,0 101.522018851,1.666800832,0 101.522020409,1.666782745,0 101.522002012,1.666764658,0 101.521951684,1.666750681,0 101.521915736,1.666746893,0 
					</coordinates>
				</LinearRing>
			</outerBoundaryIs>
		</Polygon>
	</Placemark>
	<Placemark>
		<name>6-8m</name>
		<styleUrl>#style.#FFFF9900..0.255</styleUrl>
		<Polygon>
			<tessellate>1</tessellate>
			<outerBoundaryIs>
				<LinearRing>
					<coordinates>
						101.521574226,1.668702863,0 101.521502329,1.668711454,0 101.521466381,1.668722723,0 101.521430433,1.668740625,0 101.521334825,1.668808515,0 101.521277652,1.668862777,0 101.521178794,1.668986976,0 101.521079119,1.669097911,0 101.521052975,1.669138775,0 101.520968496,1.669224522,0 101.520981078,1.669232435,0 101.521017026,1.669238992,0 101.521070949,1.669241403,0 101.521142846,1.669236897,0 101.521201761,1.669224522,0 101.521247565,1.669206435,0 101.521268665,1.66919328,0 101.521372017,1.669115998,0 101.521394484,1.669104528,0 101.521430433,1.669095004,0 101.521484355,1.669093992,0 101.521520304,1.669100094,0 101.521556252,1.669112568,0 101.521664097,1.669167357,0 101.52171802,1.669179726,0 101.521753968,1.669180326,0 101.521807891,1.66917276,0 101.521861813,1.669156129,0 101.521897762,1.669137507,0 101.521943259,1.669097911,0 101.521969364,1.669061737,0 101.521981235,1.669025562,0 101.521981641,1.668989388,0 101.521952594,1.668898952,0 101.521933311,1.668808515,0 101.521897762,1.66876234,0 101.521843839,1.668730394,0 101.521807891,1.66872063,0 101.521753968,1.668712713,0 101.521574226,1.668702863,0 
					</coordinates>
				</LinearRing>
			</outerBoundaryIs>
		</Polygon>
	</Placemark>
	<Placemark>
		<name>6-8m</name>
		<styleUrl>#style.#FFFF9900..0.255</styleUrl>
		<Polygon>
			<tessellate>1</tessellate>
			<outerBoundaryIs>
				<LinearRing>
					<coordinates>
						101.539404621,1.699313157,0 101.539368672,1.699313791,0 101.539350698,1.699316401,0 101.539296776,1.69933354,0 101.539248884,1.699357851,0 101.539194904,1.699394026,0 101.539108634,1.699466375,0 101.539076931,1.699484462,0 101.539045137,1.699495251,0 101.538991215,1.699506224,0 101.538883369,1.699518935,0 101.538811473,1.699530492,0 101.538703628,1.699554381,0 101.538631731,1.699578368,0 101.538505911,1.699636043,0 101.538451989,1.699652663,0 101.538398066,1.699660492,0 101.538272247,1.699665418,0 101.53820035,1.699673913,0 101.538128454,1.699689487,0 101.538020608,1.699725097,0 101.537930737,1.699762047,0 101.537858841,1.699795779,0 101.537757801,1.699864294,0 101.537661125,1.699939061,0 101.537571254,1.700001225,0 101.537445434,1.700062851,0 101.537319615,1.700134918,0 101.537247718,1.700166526,0 101.537175822,1.70019073,0 101.536780389,1.700302815,0 101.536582673,1.700384954,0 101.536528751,1.700402034,0 101.536043448,1.700506302,0 101.535845732,1.700552499,0 101.535737886,1.700584201,0 101.535683964,1.700604706,0 101.535576119,1.700653039,0 101.535270558,1.700807414,0 101.535144738,1.700863948,0 101.535072842,1.700888911,0 101.535000945,1.700905692,0 101.534821203,1.700920509,0 101.534731332,1.70093144,0 101.534677409,1.700941862,0 101.53455159,1.700972333,0 101.534371848,1.700999533,0 101.534299951,1.701013107,0 101.534264003,1.701022427,0 101.53421008,1.701041433,0 101.534066287,1.701105431,0 101.53399439,1.701121787,0 101.5337787,1.70113965,0 101.533724777,1.701142015,0 101.533634906,1.701140041,0 101.533473139,1.701152197,0 101.53343719,1.701151554,0 101.533347319,1.701144559,0 101.533275423,1.701141992,0 101.533239474,1.701142267,0 101.533131629,1.701148152,0 101.533077707,1.701148313,0 101.533041758,1.70114598,0 101.532951887,1.701134553,0 101.532897965,1.70112369,0 101.532879991,1.70112369,0 101.532862016,1.7011304,0 101.532844042,1.7011304,0 101.532844042,1.701148487,0 101.532826068,1.701148487,0 101.532826068,1.701238923,0 101.532808094,1.701238923,0 101.532808094,1.701311272,0 101.532826068,1.701311272,0 101.532844042,1.701309662,0 101.532862016,1.701309662,0 101.532915939,1.701315282,0 101.533023784,1.701319509,0 101.533257449,1.701305406,0 101.53343719,1.701307592,0 101.533580984,1.701302515,0 101.533670855,1.701308244,0 101.533724777,1.701308105,0 101.533796674,1.701305159,0 101.533886545,1.701298679,0 101.533958442,1.701296286,0 101.534012364,1.701291548,0 101.534084261,1.70127536,0 101.53421008,1.701224855,0 101.534299951,1.701195806,0 101.534425771,1.701168284,0 101.534623487,1.701132341,0 101.534766589,1.701094225,0 101.534821203,1.701082335,0 101.5348931,1.701071756,0 101.535036893,1.701057892,0 101.535126764,1.7010361,0 101.535180687,1.701016997,0 101.53532448,1.700955126,0 101.535594093,1.700821505,0 101.535683964,1.700783609,0 101.535755861,1.700757587,0 101.535863706,1.700726066,0 101.536061422,1.70067946,0 101.536528751,1.700578125,0 101.536600648,1.700557429,0 101.536798364,1.700484912,0 101.537193796,1.700377818,0 101.537265692,1.700353719,0 101.537337589,1.700322274,0 101.537445434,1.700265074,0 101.537553279,1.70021746,0 101.537679099,1.700139845,0 101.537715047,1.700103593,0 101.537743955,1.700063253,0 101.537812201,1.699936643,0 101.537838769,1.699900468,0 101.53789869,1.699846207,0 101.537948712,1.699812593,0 101.537988004,1.699791945,0 101.538056557,1.699769841,0 101.538110479,1.69975742,0 101.538146428,1.699751868,0 101.538218324,1.699747625,0 101.538362118,1.699748171,0 101.538416041,1.699745909,0 101.538469963,1.699740612,0 101.538523886,1.699729945,0 101.538577808,1.69970806,0 101.538649705,1.699661035,0 101.538703628,1.699631473,0 101.538793498,1.699594581,0 101.538883369,1.699570429,0 101.539081085,1.699538749,0 101.539140373,1.699520636,0 101.53917229,1.699502549,0 101.539278802,1.699411663,0 101.53931475,1.699389145,0 101.539350698,1.699375878,0 101.539368672,1.699372604,0 101.539404621,1.69937135,0 101.539440569,1.699376598,0 101.539476518,1.699388238,0 101.539512466,1.699406344,0 101.539692208,1.699518079,0 101.539800053,1.699578263,0 101.539907898,1.699629049,0 101.539997769,1.699659141,0 101.540033717,1.699666474,0 101.540069666,1.699669632,0 101.540141563,1.699667645,0 101.540267382,1.699660282,0 101.540285356,1.699652937,0 101.540321304,1.69964806,0 101.540339279,1.699638107,0 101.540393201,1.699637487,0 101.540411175,1.699647247,0 101.540393201,1.69962916,0 101.540375227,1.69962916,0 101.540357253,1.699611073,0 101.540339279,1.699611073,0 101.540321304,1.699592985,0 101.54030333,1.699592985,0 101.540285356,1.699574898,0 101.540267382,1.699574898,0 101.540249408,1.699556811,0 101.540231434,1.699556811,0 101.540213459,1.699538724,0 101.540177511,1.699538724,0 101.540159537,1.699520636,0 101.540141563,1.699520636,0 101.540123588,1.699502549,0 101.540105614,1.699502549,0 101.54008764,1.699484462,0 101.540069666,1.699484462,0 101.540051692,1.699466375,0 101.540033717,1.699466375,0 101.540015743,1.699451153,0 101.539979795,1.699451153,0 101.539943847,1.699454648,0 101.539925872,1.699474632,0 101.539907898,1.699476188,0 101.539889924,1.699480538,0 101.539836001,1.699478265,0 101.539800053,1.699472014,0 101.53974613,1.699455858,0 101.539692208,1.699434479,0 101.539620311,1.699400111,0 101.539512466,1.699342101,0 101.539476518,1.699327716,0 101.539440569,1.699317962,0 101.539404621,1.699313157,0 
					</coordinates>
				</LinearRing>
			</outerBoundaryIs>
		</Polygon>
	</Placemark>
	<Placemark>
		<name>6-8m</name>
		<styleUrl>#style.#FFFF9900..0.255</styleUrl>
		<Polygon>
			<tessellate>1</tessellate>
			<outerBoundaryIs>
				<LinearRing>
					<coordinates>
						101.527811269,1.689931303,0 101.527790632,1.689934404,0 101.527757347,1.689945221,0 101.527705821,1.689970579,0 101.527667476,1.689996705,0 101.527630244,1.690042928,0 101.527608386,1.690115276,0 101.527612232,1.690169538,0 101.527634523,1.6902238,0 101.527667476,1.690264195,0 101.527739373,1.690310791,0 101.527754221,1.690332323,0 101.527761198,1.690368498,0 101.527743305,1.690440847,0 101.527703424,1.690493768,0 101.527649502,1.690524751,0 101.527613553,1.690536171,0 101.527577605,1.690541618,0 101.527523682,1.69054405,0 101.527487734,1.690540326,0 101.527451786,1.690533475,0 101.527415837,1.690521707,0 101.527343941,1.690486798,0 101.527325966,1.690468543,0 101.527272044,1.690378763,0 101.527182173,1.690291047,0 101.527092302,1.690247571,0 101.527056354,1.690238177,0 101.526964486,1.6902238,0 101.526930534,1.690211547,0 101.52691256,1.690199683,0 101.526872617,1.690151451,0 101.526813702,1.69002484,0 101.526786741,1.689992811,0 101.526768767,1.689979914,0 101.526732818,1.689964259,0 101.52669687,1.689956965,0 101.526642947,1.689958264,0 101.526606999,1.689966262,0 101.526566557,1.689988666,0 101.526535102,1.690025209,0 101.526515078,1.690079102,0 101.526509031,1.690133364,0 101.526520483,1.6902238,0 101.526535102,1.690253311,0 101.526605715,1.69035041,0 101.526614702,1.690386585,0 101.526607816,1.690440847,0 101.526589025,1.690482447,0 101.526559613,1.690513196,0 101.52648118,1.690564991,0 101.526422355,1.690621719,0 101.526373334,1.690656466,0 101.526319412,1.690675981,0 101.526301438,1.690679789,0 101.526265489,1.690680989,0 101.526193593,1.690673462,0 101.526103722,1.690647935,0 101.526049799,1.690637104,0 101.525995876,1.690633024,0 101.525959928,1.690635284,0 101.525906006,1.690648154,0 101.525852083,1.690674062,0 101.525672341,1.690817823,0 101.525618419,1.690849937,0 101.52558247,1.690863978,0 101.525528548,1.69087494,0 101.525438677,1.690880969,0 101.525240961,1.690872134,0 101.525043245,1.690872302,0 101.525007296,1.690875918,0 101.524953374,1.690889909,0 101.524923144,1.690911115,0 101.524899451,1.690958799,0 101.52487016,1.691055813,0 101.5248558,1.691182423,0 101.524837233,1.691236685,0 101.524813728,1.691272859,0 101.524737683,1.691348223,0 101.524665787,1.691408514,0 101.524647812,1.691408514,0 101.524629838,1.691413036,0 101.524574533,1.691544168,0 101.524580409,1.691634604,0 101.524644898,1.691869738,0 101.524701735,1.691970397,0 101.524773632,1.692037799,0 101.524827554,1.692076449,0 101.524863503,1.692084657,0 101.524881477,1.692084341,0 101.524899451,1.692082263,0 101.524935399,1.692071335,0 101.525007296,1.69204229,0 101.525043245,1.692031393,0 101.525079193,1.692028984,0 101.525097167,1.692031701,0 101.525115141,1.69203726,0 101.525133115,1.692048291,0 101.525189734,1.692104872,0 101.525222986,1.692129096,0 101.525276909,1.692150472,0 101.525348806,1.692164786,0 101.525420702,1.69216891,0 101.525474625,1.69216611,0 101.52558247,1.692145439,0 101.525654367,1.692135187,0 101.525708289,1.692135879,0 101.525744238,1.692141275,0 101.525780186,1.692154999,0 101.52579816,1.692166692,0 101.525829334,1.692195308,0 101.525873766,1.69224957,0 101.525906006,1.692273977,0 101.525941954,1.69228962,0 101.526013851,1.692304,0 101.526085747,1.69230616,0 101.52613967,1.692298881,0 101.526193593,1.69228322,0 101.526301438,1.692235638,0 101.526337386,1.692226573,0 101.526391309,1.692222181,0 101.526445231,1.692229932,0 101.52648118,1.692243803,0 101.526517128,1.692266346,0 101.526623176,1.692358093,0 101.526660921,1.692376683,0 101.52669687,1.692385624,0 101.526750792,1.692386154,0 101.526786741,1.692379517,0 101.526822689,1.692366111,0 101.52691256,1.692322535,0 101.526930534,1.69231589,0 101.526966483,1.69230951,0 101.527020405,1.692308856,0 101.527056354,1.692312875,0 101.527092302,1.692321165,0 101.527182173,1.692355509,0 101.527218121,1.69236204,0 101.527236095,1.692362113,0 101.527254925,1.692358093,0 101.527290018,1.692338714,0 101.527336237,1.692285744,0 101.527359418,1.692213395,0 101.527361059,1.692104872,0 101.527377321,1.692032523,0 101.527396883,1.691996349,0 101.527415837,1.691975531,0 101.527451786,1.691949193,0 101.527487734,1.691935377,0 101.527523682,1.691929518,0 101.527559631,1.691927754,0 101.527577605,1.691930275,0 101.527603924,1.691942087,0 101.527620543,1.691960174,0 101.527653731,1.692032523,0 101.527679459,1.692068697,0 101.527736805,1.692122959,0 101.527775321,1.692139351,0 101.527811269,1.692138918,0 101.527847218,1.692129677,0 101.527883166,1.692109632,0 101.527973037,1.69204428,0 101.528008986,1.692027934,0 101.528057291,1.692014436,0 101.528116831,1.692006344,0 101.528170753,1.692004987,0 101.528260624,1.692011114,0 101.528296573,1.692017953,0 101.528314547,1.692026688,0 101.528332521,1.692044581,0 101.528391513,1.692159134,0 101.528421302,1.692195308,0 101.52845834,1.692217149,0 101.528476314,1.692220753,0 101.528512263,1.692220274,0 101.528548211,1.692212642,0 101.52858416,1.692198974,0 101.528644389,1.692159134,0 101.528687712,1.692104872,0 101.528745927,1.69199306,0 101.528781876,1.691960615,0 101.52879985,1.691953391,0 101.528835798,1.691948012,0 101.528871747,1.691948587,0 101.528943643,1.691953957,0 101.528979592,1.691961281,0 101.52900761,1.691978261,0 101.529051488,1.692028686,0 101.529105411,1.692061854,0 101.529123385,1.692071553,0 101.529159334,1.692082909,0 101.529177308,1.69208384,0 101.529195282,1.692080756,0 101.529303127,1.692045105,0 101.529410972,1.691996349,0 101.529500843,1.691963539,0 101.52957274,1.691949839,0 101.529698559,1.691934081,0 101.52978843,1.691901994,0 101.529860327,1.691869369,0 101.529968172,1.691808859,0 101.530147914,1.691686477,0 101.530201837,1.691664749,0 101.530255759,1.691655103,0 101.530273733,1.691655706,0 101.530291707,1.691660575,0 101.530313277,1.691670778,0 101.530336643,1.691688866,0 101.530353031,1.691706953,0 101.530366872,1.691743127,0 101.53036585,1.691797389,0 101.530381578,1.69181806,0 101.530399553,1.691812893,0 101.530417527,1.691797389,0 101.530448573,1.691743127,0 101.530492752,1.691688866,0 101.53054012,1.691598429,0 101.530555098,1.691544168,0 101.53056132,1.691539081,0 101.530615243,1.691539081,0 101.530615243,1.691526081,0 101.530597269,1.691526081,0 101.530579294,1.691507993,0 101.530525372,1.691453732,0 101.530507398,1.691453732,0 101.530489424,1.691435644,0 101.530471449,1.691417557,0 101.530435501,1.691381383,0 101.530417527,1.691381383,0 101.530399553,1.691363295,0 101.530381578,1.691345208,0 101.53034563,1.691309034,0 101.530327656,1.691309034,0 101.530309682,1.691290947,0 101.530291707,1.691272859,0 101.530255759,1.691236685,0 101.530237785,1.691236685,0 101.530219811,1.691218598,0 101.530201837,1.69120051,0 101.530183862,1.691182423,0 101.530165888,1.691164336,0 101.530147914,1.691164336,0 101.53012994,1.691146249,0 101.530111966,1.691128161,0 101.530093991,1.691110074,0 101.530076017,1.691091987,0 101.530058043,1.691091987,0 101.530022095,1.691055813,0 101.53000412,1.691037725,0 101.529950198,1.690983464,0 101.529932224,1.690965376,0 101.52991425,1.690965376,0 101.529896275,1.690947289,0 101.529860327,1.690911115,0 101.529842353,1.690893027,0 101.529824379,1.69087494,0 101.529806404,1.690856853,0 101.529770456,1.690820679,0 101.529752482,1.690820679,0 101.529734508,1.690802591,0 101.529716533,1.690784504,0 101.529680585,1.69074833,0 101.529662611,1.690730242,0 101.529626663,1.690694068,0 101.529608688,1.690694068,0 101.529590714,1.690675981,0 101.52957274,1.690657893,0 101.529536792,1.690621719,0 101.529518817,1.690603632,0 101.529500843,1.690585545,0 101.529482869,1.690567457,0 101.529464895,1.69054937,0 101.529446921,1.69054937,0 101.529428946,1.690531283,0 101.529410972,1.690513196,0 101.529392998,1.690495108,0 101.52935705,1.690458934,0 101.529339075,1.690440847,0 101.529321101,1.690422759,0 101.529303127,1.690422759,0 101.529249205,1.690368498,0 101.52923123,1.69035041,0 101.529213256,1.69035041,0 101.529195282,1.690338604,0 101.529159334,1.690338604,0 101.529123385,1.690377039,0 101.529052772,1.690404672,0 101.52901554,1.690414093,0 101.528961618,1.690413381,0 101.528907695,1.690405007,0 101.528853772,1.690392728,0 101.528817824,1.690390327,0 101.528781876,1.690391107,0 101.528638082,1.690403783,0 101.528602134,1.690402833,0 101.528566185,1.690397566,0 101.528548211,1.690391518,0 101.528512263,1.69036932,0 101.528380452,1.6902238,0 101.528355488,1.690205713,0 101.528332521,1.690197573,0 101.528260624,1.69019336,0 101.528224676,1.69019689,0 101.528080882,1.690252438,0 101.528062908,1.690254548,0 101.528044934,1.690250328,0 101.52802696,1.690229829,0 101.528017973,1.690205713,0 101.528021513,1.690115276,0 101.528005562,1.690079102,0 101.527969077,1.69002484,0 101.527937089,1.689983589,0 101.52790114,1.689952491,0 101.527856633,1.689934404,0 101.527811269,1.689931303,0 
					</coordinates>
				</LinearRing>
			</outerBoundaryIs>
		</Polygon>
	</Placemark>
	<Placemark>
		<name>6-8m</name>
		<styleUrl>#style.#FFFF9900..0.255</styleUrl>
		<Polygon>
			<tessellate>1</tessellate>
			<outerBoundaryIs>
				<LinearRing>
					<coordinates>
						101.523137981,1.663341715,0 101.523066084,1.663354912,0 101.523012517,1.663382345,0 101.522904316,1.663483079,0 101.522706391,1.663617479,0 101.522634427,1.663689828,0 101.522607566,1.663726002,0 101.522592336,1.663780264,0 101.522608741,1.663798351,0 101.522670652,1.663816438,0 101.522778497,1.663827049,0 101.522886342,1.663822549,0 101.523030135,1.663801968,0 101.523084058,1.663803256,0 101.523120006,1.66381267,0 101.523137981,1.663823673,0 101.523169435,1.663852613,0 101.523175601,1.6638707,0 101.523167082,1.663888787,0 101.523143511,1.663906874,0 101.523012161,1.66395386,0 101.522958239,1.663993474,0 101.522919459,1.66406966,0 101.522886342,1.664206924,0 101.522835742,1.664286706,0 101.522796471,1.66432454,0 101.522742548,1.664361479,0 101.522561221,1.664449491,0 101.52249091,1.664493303,0 101.522454961,1.664509179,0 101.522383065,1.664527468,0 101.522167374,1.664558157,0 101.522059529,1.66458507,0 101.521762356,1.664702713,0 101.52141875,1.664811236,0 101.52137651,1.664830513,0 101.521324585,1.664865498,0 101.521232342,1.664974021,0 101.521106897,1.665077488,0 101.520979909,1.665227243,0 101.520845193,1.665335766,0 101.520697024,1.665480464,0 101.520628743,1.665552813,0 101.520587505,1.665607075,0 101.52056951,1.665643249,0 101.520560931,1.665787947,0 101.520541962,1.665860296,0 101.520391006,1.666023081,0 101.520368158,1.666059256,0 101.52034789,1.666113517,0 101.520336575,1.666185866,0 101.520349602,1.666276302,0 101.520349984,1.666366739,0 101.52033144,1.666457175,0 101.520351981,1.666471242,0 101.520369956,1.666475262,0 101.520441852,1.666476509,0 101.520549697,1.666461023,0 101.520639568,1.666439087,0 101.520747414,1.666400253,0 101.521017026,1.666269009,0 101.521088923,1.666239821,0 101.521178794,1.666217519,0 101.521394484,1.666195161,0 101.521484355,1.666176699,0 101.521538278,1.666159895,0 101.521753968,1.666075534,0 101.52182663,1.666041168,0 101.521861813,1.666016191,0 101.521890344,1.665986907,0 101.521927949,1.665914558,0 101.521931437,1.665860296,0 101.521907959,1.66576986,0 101.521904232,1.665643249,0 101.521933508,1.6655709,0 101.521987633,1.665505951,0 101.522041555,1.665463396,0 101.522095478,1.665432404,0 101.522387259,1.665299592,0 101.522566285,1.665227243,0 101.522771059,1.665136806,0 101.522976213,1.665036631,0 101.52304811,1.664968323,0 101.523061017,1.66491976,0 101.523100253,1.664829323,0 101.523226196,1.664756975,0 101.52355076,1.664467579,0 101.52369518,1.664301014,0 101.523821,1.664137689,0 101.523892896,1.664086782,0 101.523964793,1.664086782,0 101.523964793,1.664033485,0 101.523946819,1.664015398,0 101.523946819,1.663906874,0 101.523928845,1.663888787,0 101.523928845,1.663780264,0 101.523910871,1.663762177,0 101.523910871,1.663653653,0 101.523892896,1.663635566,0 101.523892896,1.66354513,0 101.523874922,1.663542526,0 101.523821,1.663542526,0 101.523785051,1.663557578,0 101.523713155,1.663568863,0 101.523659232,1.663586564,0 101.523605309,1.663595639,0 101.52347949,1.663600092,0 101.523425568,1.663596582,0 101.523389619,1.663589217,0 101.523370104,1.663581304,0 101.523357188,1.663563217,0 101.523358957,1.663454693,0 101.523352221,1.663418519,0 101.523327429,1.663382345,0 101.523291913,1.663364257,0 101.523245826,1.663352576,0 101.523137981,1.663341715,0 
					</coordinates>
				</LinearRing>
			</outerBoundaryIs>
			<innerBoundaryIs>
				<LinearRing>
					<coordinates>
						101.521268665,1.665366515,0 101.521286639,1.665366773,0 101.521298622,1.665371941,0 101.521288531,1.665426202,0 101.521266097,1.665462377,0 101.521088923,1.665635428,0 101.521052975,1.66565072,0 101.521017026,1.665648923,0 101.520968933,1.665625162,0 101.52094513,1.665594601,0 101.520938294,1.665552813,0 101.520943537,1.665516638,0 101.52096844,1.665480464,0 101.520999052,1.665455873,0 101.521035001,1.665438509,0 101.521232717,1.665374111,0 101.521268665,1.665366515,0 
					</coordinates>
				</LinearRing>
				<LinearRing>
					<coordinates>
						101.521610175,1.665181202,0 101.521628149,1.665186245,0 101.521632642,1.665191068,0 101.521616915,1.665209155,0 101.521574226,1.665224228,0 101.521556252,1.665225434,0 101.521543808,1.665209155,0 101.521564548,1.665191068,0 101.521610175,1.665181202,0 
					</coordinates>
				</LinearRing>
				<LinearRing>
					<coordinates>
						101.523209877,1.6641176,0 101.523242497,1.664123921,0 101.523265842,1.664142008,0 101.52327647,1.66419627,0 101.523257977,1.664250532,0 101.523227852,1.664305999,0 101.523191903,1.664348203,0 101.523155955,1.66436541,0 101.523137981,1.664363988,0 101.523120006,1.664352854,0 101.523102032,1.664324525,0 101.523091248,1.664250532,0 101.523101354,1.66419627,0 101.523119811,1.664160096,0 101.523137981,1.664140662,0 101.523173929,1.664122362,0 101.523209877,1.6641176,0 
					</coordinates>
				</LinearRing>
			</innerBoundaryIs>
		</Polygon>
	</Placemark>
	<Placemark>
		<name>6-8m</name>
		<styleUrl>#style.#FFFF9900..0.255</styleUrl>
		<Polygon>
			<tessellate>1</tessellate>
			<outerBoundaryIs>
				<LinearRing>
					<coordinates>
						101.521214742,1.664204618,0 101.521178794,1.664208834,0 101.521142846,1.664221541,0 101.52109996,1.664250532,0 101.52106923,1.664286706,0 101.521052592,1.664322881,0 101.521049915,1.664377143,0 101.521035001,1.664396071,0 101.520963104,1.664418637,0 101.520837284,1.664436423,0 101.520801336,1.664450509,0 101.520765388,1.664474564,0 101.520711954,1.664539928,0 101.520648205,1.664666538,0 101.520549697,1.664768389,0 101.520517743,1.664811236,0 101.520501461,1.664865498,0 101.520513749,1.664896246,0 101.520549697,1.664930311,0 101.520585646,1.664944792,0 101.520621594,1.66494824,0 101.520675517,1.664939929,0 101.520729439,1.664915276,0 101.520801336,1.664866343,0 101.520927155,1.664792503,0 101.520963104,1.66475509,0 101.520984779,1.6647208,0 101.521019299,1.664594189,0 101.521014912,1.66452184,0 101.521026522,1.664485666,0 101.521070949,1.664446636,0 101.521232717,1.664384248,0 101.521295076,1.664340968,0 101.521319164,1.664304794,0 101.5213264,1.664268619,0 101.521306912,1.664232445,0 101.521286639,1.664218769,0 101.521250691,1.664207342,0 101.521214742,1.664204618,0 
					</coordinates>
				</LinearRing>
			</outerBoundaryIs>
		</Polygon>
	</Placemark>
	<Placemark>
		<name>8-10m</name>
		<styleUrl>#style.#FFFFCC00..0.255</styleUrl>
		<Polygon>
			<tessellate>1</tessellate>
			<outerBoundaryIs>
				<LinearRing>
					<coordinates>
						101.539404621,1.699256231,0 101.539368672,1.699257706,0 101.539332724,1.699263246,0 101.539278802,1.699280538,0 101.539224615,1.69930359,0 101.539129273,1.699357851,0 101.539027163,1.699423586,0 101.53897324,1.699446549,0 101.538867143,1.699466375,0 101.538703628,1.699487795,0 101.538631731,1.699499234,0 101.538416041,1.699548792,0 101.538380092,1.699555161,0 101.538218324,1.699575876,0 101.538164402,1.699587051,0 101.538110479,1.699601912,0 101.538056557,1.699622098,0 101.537885922,1.699701509,0 101.537800317,1.699737683,0 101.537733021,1.699761761,0 101.537607202,1.699800461,0 101.537499357,1.699841438,0 101.537414844,1.699882381,0 101.537301641,1.699947691,0 101.537229744,1.699979394,0 101.537157847,1.700003796,0 101.537085951,1.700022942,0 101.536762415,1.700119609,0 101.536546725,1.700219178,0 101.536474828,1.700238857,0 101.536043448,1.700329533,0 101.535845732,1.700374211,0 101.535719912,1.700411455,0 101.535576119,1.700476713,0 101.535288532,1.700625268,0 101.535126764,1.700703575,0 101.535072842,1.700725295,0 101.535000945,1.700746807,0 101.534964996,1.700752907,0 101.534659435,1.700778704,0 101.534605513,1.700786742,0 101.534479693,1.700811859,0 101.534281977,1.700835453,0 101.534246029,1.700844126,0 101.534192106,1.700864905,0 101.534066287,1.700928306,0 101.534030339,1.700940702,0 101.533976416,1.70095233,0 101.533922493,1.70096076,0 101.533832623,1.700970423,0 101.533760726,1.700976251,0 101.533688829,1.700978841,0 101.533545036,1.700996027,0 101.533491113,1.700997419,0 101.533401242,1.70098562,0 101.533311371,1.700978117,0 101.533275423,1.7009767,0 101.533167578,1.700979303,0 101.533113655,1.700975366,0 101.533065724,1.700967615,0 101.532933913,1.700935938,0 101.532915939,1.700935938,0 101.532897965,1.700949528,0 101.532879991,1.700949528,0 101.532879991,1.700967615,0 101.532862016,1.700967615,0 101.532862016,1.701058051,0 101.532844042,1.701058051,0 101.532844042,1.7011304,0 101.532862016,1.7011304,0 101.532879991,1.70112369,0 101.532897965,1.70112369,0 101.532951887,1.701134553,0 101.533041758,1.70114598,0 101.533077707,1.701148313,0 101.533131629,1.701148152,0 101.533239474,1.701142267,0 101.533275423,1.701141992,0 101.533347319,1.701144559,0 101.53343719,1.701151554,0 101.533473139,1.701152197,0 101.533634906,1.701140041,0 101.533724777,1.701142015,0 101.5337787,1.70113965,0 101.53399439,1.701121787,0 101.534066287,1.701105431,0 101.53421008,1.701041433,0 101.534264003,1.701022427,0 101.534299951,1.701013107,0 101.534371848,1.700999533,0 101.53455159,1.700972333,0 101.534677409,1.700941862,0 101.534731332,1.70093144,0 101.534821203,1.700920509,0 101.535000945,1.700905692,0 101.535072842,1.700888911,0 101.535144738,1.700863948,0 101.535270558,1.700807414,0 101.535576119,1.700653039,0 101.535683964,1.700604706,0 101.535737886,1.700584201,0 101.535845732,1.700552499,0 101.536043448,1.700506302,0 101.536528751,1.700402034,0 101.536582673,1.700384954,0 101.536780389,1.700302815,0 101.537175822,1.70019073,0 101.537247718,1.700166526,0 101.537319615,1.700134918,0 101.537445434,1.700062851,0 101.537571254,1.700001225,0 101.537661125,1.699939061,0 101.537757801,1.699864294,0 101.537858841,1.699795779,0 101.537930737,1.699762047,0 101.538020608,1.699725097,0 101.538128454,1.699689487,0 101.53820035,1.699673913,0 101.538272247,1.699665418,0 101.538398066,1.699660492,0 101.538451989,1.699652663,0 101.538505911,1.699636043,0 101.538631731,1.699578368,0 101.538703628,1.699554381,0 101.538811473,1.699530492,0 101.538883369,1.699518935,0 101.538991215,1.699506224,0 101.539045137,1.699495251,0 101.539076931,1.699484462,0 101.539108634,1.699466375,0 101.539194904,1.699394026,0 101.539248884,1.699357851,0 101.539296776,1.69933354,0 101.539350698,1.699316401,0 101.539368672,1.699313791,0 101.539404621,1.699313157,0 101.539440569,1.699317962,0 101.539476518,1.699327716,0 101.539512466,1.699342101,0 101.539620311,1.699400111,0 101.539692208,1.699434479,0 101.53974613,1.699455858,0 101.539800053,1.699472014,0 101.539836001,1.699478265,0 101.539889924,1.699480538,0 101.539907898,1.699476188,0 101.539925872,1.699474632,0 101.539943847,1.699454648,0 101.539979795,1.699451153,0 101.540015743,1.699451153,0 101.540033717,1.699466375,0 101.540015743,1.699448287,0 101.539997769,1.699448287,0 101.539979795,1.6994302,0 101.539961821,1.6994302,0 101.539943847,1.699412113,0 101.539907898,1.699412113,0 101.539889924,1.699394026,0 101.53987195,1.699394026,0 101.539853976,1.699375939,0 101.539836001,1.699375939,0 101.539818027,1.699357851,0 101.539800053,1.699357851,0 101.539782079,1.699339764,0 101.539764105,1.699339764,0 101.53974613,1.699321677,0 101.539728156,1.699321677,0 101.539710182,1.69930359,0 101.539674234,1.69930359,0 101.53965626,1.699285502,0 101.539638285,1.699285502,0 101.539620311,1.699267415,0 101.539602337,1.699267415,0 101.539584363,1.699260607,0 101.539548414,1.699260607,0 101.53953044,1.699266946,0 101.539476518,1.699259999,0 101.539404621,1.699256231,0 
					</coordinates>
				</LinearRing>
			</outerBoundaryIs>
		</Polygon>
	</Placemark>
	<Placemark>
		<name>8-10m</name>
		<styleUrl>#style.#FFFFCC00..0.255</styleUrl>
		<Polygon>
			<tessellate>1</tessellate>
			<outerBoundaryIs>
				<LinearRing>
					<coordinates>
						101.527236095,1.688349092,0 101.527218121,1.688353218,0 101.527200147,1.688376318,0 101.527193562,1.688415077,0 101.527199866,1.688451251,0 101.527235955,1.688541687,0 101.527238193,1.688577862,0 101.52723096,1.688614036,0 101.527200147,1.688668298,0 101.527107968,1.688740647,0 101.527054107,1.688794909,0 101.527010783,1.688867257,0 101.526991727,1.688921519,0 101.526987489,1.688957694,0 101.52699137,1.688993868,0 101.527018227,1.689084304,0 101.527019074,1.689120479,0 101.527004939,1.689156653,0 101.526984457,1.689172422,0 101.526948508,1.689178113,0 101.52691256,1.689171024,0 101.526876612,1.689157756,0 101.526840663,1.689135747,0 101.526791782,1.689084304,0 101.526755825,1.689030043,0 101.526740365,1.688993868,0 101.526725874,1.688885345,0 101.526707022,1.688812996,0 101.52669687,1.688791356,0 101.526678896,1.688772836,0 101.526660921,1.688762845,0 101.526589025,1.688732895,0 101.526553076,1.688727727,0 101.526535102,1.688730908,0 101.526445231,1.68878789,0 101.52635536,1.688868371,0 101.526321209,1.688921519,0 101.526306548,1.688957694,0 101.52629387,1.68904813,0 101.526302549,1.689102391,0 101.52635536,1.689239131,0 101.526356203,1.689319438,0 101.526287826,1.689500311,0 101.526247515,1.689633381,0 101.526229541,1.689667495,0 101.526193593,1.689701116,0 101.526146206,1.689717357,0 101.526103722,1.689719367,0 101.526049799,1.689702888,0 101.526015289,1.689681183,0 101.525995876,1.689663698,0 101.525977902,1.689634673,0 101.525940095,1.689518398,0 101.52592398,1.689498971,0 101.525906006,1.689491799,0 101.525780186,1.689459844,0 101.525708289,1.689454834,0 101.525636393,1.689440581,0 101.525564496,1.689445864,0 101.525510573,1.689455397,0 101.525474882,1.689482223,0 101.52546536,1.689500311,0 101.525443654,1.689590747,0 101.525447584,1.689807794,0 101.525466431,1.689916317,0 101.525461216,1.689970579,0 101.525438677,1.690020456,0 101.525402728,1.690068586,0 101.525348806,1.690122427,0 101.525312857,1.690147665,0 101.525276909,1.690161728,0 101.525258935,1.690163803,0 101.525222986,1.690157163,0 101.525104656,1.690097189,0 101.524989322,1.690054986,0 101.524881477,1.6900008,0 101.524827554,1.689986834,0 101.524791606,1.689984646,0 101.524755658,1.689988092,0 101.524719709,1.689997574,0 101.524683761,1.690014792,0 101.524647812,1.690039662,0 101.524626438,1.690061015,0 101.524566798,1.690169538,0 101.52453098,1.690296149,0 101.524504019,1.690324033,0 101.524486045,1.690326758,0 101.524450096,1.690313612,0 101.524324277,1.690213653,0 101.524234406,1.690156089,0 101.524198458,1.69014502,0 101.524180483,1.690148506,0 101.524162509,1.690158234,0 101.524139846,1.690187625,0 101.52412101,1.690278062,0 101.524089212,1.69035041,0 101.524042931,1.690404672,0 101.523982767,1.690452614,0 101.523910871,1.690492561,0 101.523874922,1.690505838,0 101.523856948,1.690508506,0 101.523838974,1.690507769,0 101.523821,1.690502579,0 101.523763191,1.690458934,0 101.523713155,1.690437312,0 101.523677206,1.690432808,0 101.523641258,1.690434541,0 101.523614553,1.690440847,0 101.523587335,1.690452357,0 101.52355057,1.690477021,0 101.523505991,1.690531283,0 101.523458715,1.690621719,0 101.523416153,1.69074833,0 101.523389619,1.690792462,0 101.523361909,1.690820679,0 101.523317722,1.690845383,0 101.523281774,1.690853488,0 101.523209877,1.690858662,0 101.523155955,1.690852834,0 101.523120006,1.690853235,0 101.523066084,1.690866961,0 101.523012161,1.690899056,0 101.522940265,1.690962932,0 101.522821506,1.691055813,0 101.522778497,1.691078578,0 101.5227066,1.691099222,0 101.522688626,1.691112945,0 101.522670652,1.691112945,0 101.522652677,1.691128161,0 101.522670652,1.691146249,0 101.522724574,1.69120051,0 101.522742548,1.691218598,0 101.522760523,1.691236685,0 101.522796471,1.691272859,0 101.522814445,1.691290947,0 101.522832419,1.691309034,0 101.522850394,1.691327121,0 101.522886342,1.691363295,0 101.522904316,1.691381383,0 101.52292229,1.69139947,0 101.522940265,1.69139947,0 101.522976213,1.691435644,0 101.522994187,1.691453732,0 101.523030135,1.691489906,0 101.52304811,1.691507993,0 101.523066084,1.691526081,0 101.523084058,1.691526081,0 101.523120006,1.691562255,0 101.523137981,1.691580342,0 101.523155955,1.691598429,0 101.523173929,1.691616517,0 101.523191903,1.691616517,0 101.523209877,1.691634604,0 101.523227852,1.691652691,0 101.523245826,1.691670778,0 101.5232638,1.691688866,0 101.523281774,1.691706953,0 101.523299748,1.691706953,0 101.523317722,1.69172504,0 101.523335697,1.691743127,0 101.523353671,1.691761215,0 101.523389619,1.691797389,0 101.523407593,1.691797389,0 101.523425568,1.691815476,0 101.523443542,1.691833563,0 101.523461516,1.691851651,0 101.523497464,1.691887825,0 101.523515439,1.691887825,0 101.523533413,1.691905912,0 101.523551387,1.691924,0 101.523605309,1.691978261,0 101.523623284,1.691978261,0 101.523641258,1.691996349,0 101.52369518,1.69205061,0 101.523713155,1.692068697,0 101.523731129,1.692068697,0 101.523749103,1.692086785,0 101.523785051,1.692122959,0 101.523803026,1.692141046,0 101.523821,1.692159134,0 101.523838974,1.692159134,0 101.523892896,1.692213395,0 101.523910871,1.692231483,0 101.523928845,1.69224957,0 101.523946819,1.69224957,0 101.523982767,1.692285744,0 101.524000742,1.692303831,0 101.524018716,1.692321919,0 101.52403669,1.692340006,0 101.524054664,1.692340006,0 101.524072638,1.692358093,0 101.524090613,1.69237618,0 101.524108587,1.692394268,0 101.524144535,1.692430442,0 101.524162509,1.692430442,0 101.524180483,1.692448529,0 101.524198458,1.692466617,0 101.524216432,1.692484704,0 101.524234406,1.692484704,0 101.524270354,1.692520878,0 101.524288329,1.692538965,0 101.524306303,1.692557053,0 101.524324277,1.692557053,0 101.524360225,1.692593227,0 101.5243782,1.692611314,0 101.524396174,1.692629402,0 101.524414148,1.692629402,0 101.52446807,1.692683663,0 101.524486045,1.692683663,0 101.524504019,1.692701751,0 101.524557941,1.692756012,0 101.524575916,1.692756012,0 101.52459389,1.692774099,0 101.524611864,1.692792187,0 101.524647812,1.692828361,0 101.524665787,1.692828361,0 101.524683761,1.692846448,0 101.524701735,1.692864536,0 101.524737683,1.69290071,0 101.524755658,1.69290071,0 101.524773632,1.692918797,0 101.524791606,1.692936885,0 101.52480958,1.692954972,0 101.524827554,1.692954972,0 101.524845528,1.692973059,0 101.524863503,1.692991146,0 101.524881477,1.693009233,0 101.524899451,1.693027321,0 101.524917425,1.693027321,0 101.524935399,1.693045408,0 101.524953374,1.693063495,0 101.524971348,1.693081582,0 101.524989322,1.69309967,0 101.525007296,1.69309967,0 101.52502527,1.693089964,0 101.525043245,1.693089964,0 101.525061219,1.693077061,0 101.525079193,1.693112072,0 101.525097167,1.693107809,0 101.525115141,1.693097373,0 101.525169064,1.693128907,0 101.525251232,1.693190106,0 101.52536678,1.693250812,0 101.525402728,1.693261144,0 101.525456651,1.693272649,0 101.525528548,1.693281511,0 101.525546522,1.693281528,0 101.52558247,1.693278336,0 101.525780186,1.693237228,0 101.525870057,1.693221974,0 101.526031825,1.69319659,0 101.52613967,1.693184186,0 101.526229541,1.693168401,0 101.526285097,1.693153931,0 101.52635536,1.693121565,0 101.526373334,1.693118709,0 101.526409283,1.693125865,0 101.526427257,1.693126067,0 101.526463205,1.693118453,0 101.526499154,1.693106704,0 101.526517128,1.693103689,0 101.526535102,1.693103616,0 101.526571051,1.693108857,0 101.526642947,1.693112105,0 101.526714844,1.693123616,0 101.526732818,1.693124288,0 101.526750792,1.693122852,0 101.526804715,1.693111639,0 101.526876612,1.693100661,0 101.526948508,1.693092826,0 101.527038379,1.693090626,0 101.527200147,1.693095624,0 101.527236095,1.693095329,0 101.527272044,1.693093138,0 101.527325966,1.693086301,0 101.527397863,1.693073071,0 101.527505708,1.693056746,0 101.527559631,1.693045408,0 101.527613553,1.693029299,0 101.527757347,1.692973351,0 101.527955063,1.692909606,0 101.528080882,1.692865488,0 101.528134805,1.692849622,0 101.528188727,1.692838912,0 101.528314547,1.692819026,0 101.528494289,1.692775878,0 101.528638082,1.69274683,0 101.528817824,1.692696224,0 101.528871747,1.692683181,0 101.528943643,1.692671526,0 101.529051488,1.692658021,0 101.529177308,1.692634271,0 101.529321101,1.692592288,0 101.529421757,1.692557053,0 101.529482869,1.69254146,0 101.529554766,1.692529425,0 101.529662611,1.69251706,0 101.529860327,1.692499133,0 101.52991425,1.69249087,0 101.529968172,1.692478244,0 101.530022095,1.692459471,0 101.530291707,1.692349812,0 101.530453475,1.692282691,0 101.530564129,1.692231483,0 101.53068714,1.69218124,0 101.530794985,1.692132575,0 101.530920804,1.692064176,0 101.530992701,1.692041182,0 101.531028649,1.692034088,0 101.53111852,1.692030967,0 101.531136494,1.692028412,0 101.531172443,1.692028412,0 101.531190417,1.692032523,0 101.531190417,1.692014436,0 101.531172443,1.691996349,0 101.531154468,1.691978261,0 101.531136494,1.691978261,0 101.531082572,1.691924,0 101.531064598,1.691924,0 101.531046623,1.691905912,0 101.530992701,1.691851651,0 101.530974727,1.691851651,0 101.530956752,1.691833563,0 101.530884856,1.691761215,0 101.530866881,1.691761215,0 101.530848907,1.691743127,0 101.530794985,1.691688866,0 101.530777011,1.691670778,0 101.530759036,1.691652691,0 101.530741062,1.691652691,0 101.530705114,1.691616517,0 101.53068714,1.691598429,0 101.530669165,1.691580342,0 101.530615243,1.691526081,0 101.530615243,1.691539081,0 101.53056132,1.691539081,0 101.530555098,1.691544168,0 101.53054012,1.691598429,0 101.530492752,1.691688866,0 101.530448573,1.691743127,0 101.530417527,1.691797389,0 101.530399553,1.691812893,0 101.530381578,1.69181806,0 101.53036585,1.691797389,0 101.530366872,1.691743127,0 101.530353031,1.691706953,0 101.530336643,1.691688866,0 101.530313277,1.691670778,0 101.530291707,1.691660575,0 101.530273733,1.691655706,0 101.530255759,1.691655103,0 101.530201837,1.691664749,0 101.530147914,1.691686477,0 101.529968172,1.691808859,0 101.529860327,1.691869369,0 101.52978843,1.691901994,0 101.529698559,1.691934081,0 101.52957274,1.691949839,0 101.529500843,1.691963539,0 101.529410972,1.691996349,0 101.529303127,1.692045105,0 101.529195282,1.692080756,0 101.529177308,1.69208384,0 101.529159334,1.692082909,0 101.529123385,1.692071553,0 101.529105411,1.692061854,0 101.529051488,1.692028686,0 101.52900761,1.691978261,0 101.528979592,1.691961281,0 101.528943643,1.691953957,0 101.528871747,1.691948587,0 101.528835798,1.691948012,0 101.52879985,1.691953391,0 101.528781876,1.691960615,0 101.528745927,1.69199306,0 101.528687712,1.692104872,0 101.528644389,1.692159134,0 101.52858416,1.692198974,0 101.528548211,1.692212642,0 101.528512263,1.692220274,0 101.528476314,1.692220753,0 101.52845834,1.692217149,0 101.528421302,1.692195308,0 101.528391513,1.692159134,0 101.528332521,1.692044581,0 101.528314547,1.692026688,0 101.528296573,1.692017953,0 101.528260624,1.692011114,0 101.528170753,1.692004987,0 101.528116831,1.692006344,0 101.528057291,1.692014436,0 101.528008986,1.692027934,0 101.527973037,1.69204428,0 101.527883166,1.692109632,0 101.527847218,1.692129677,0 101.527811269,1.692138918,0 101.527775321,1.692139351,0 101.527736805,1.692122959,0 101.527679459,1.692068697,0 101.527653731,1.692032523,0 101.527620543,1.691960174,0 101.527603924,1.691942087,0 101.527577605,1.691930275,0 101.527559631,1.691927754,0 101.527523682,1.691929518,0 101.527487734,1.691935377,0 101.527451786,1.691949193,0 101.527415837,1.691975531,0 101.527396883,1.691996349,0 101.527377321,1.692032523,0 101.527361059,1.692104872,0 101.527359418,1.692213395,0 101.527336237,1.692285744,0 101.527290018,1.692338714,0 101.527254925,1.692358093,0 101.527236095,1.692362113,0 101.527218121,1.69236204,0 101.527182173,1.692355509,0 101.527092302,1.692321165,0 101.527056354,1.692312875,0 101.527020405,1.692308856,0 101.526966483,1.69230951,0 101.526930534,1.69231589,0 101.52691256,1.692322535,0 101.526822689,1.692366111,0 101.526786741,1.692379517,0 101.526750792,1.692386154,0 101.52669687,1.692385624,0 101.526660921,1.692376683,0 101.526623176,1.692358093,0 101.526517128,1.692266346,0 101.52648118,1.692243803,0 101.526445231,1.692229932,0 101.526391309,1.692222181,0 101.526337386,1.692226573,0 101.526301438,1.692235638,0 101.526193593,1.69228322,0 101.52613967,1.692298881,0 101.526085747,1.69230616,0 101.526013851,1.692304,0 101.525941954,1.69228962,0 101.525906006,1.692273977,0 101.525873766,1.69224957,0 101.525829334,1.692195308,0 101.52579816,1.692166692,0 101.525780186,1.692154999,0 101.525744238,1.692141275,0 101.525708289,1.692135879,0 101.525654367,1.692135187,0 101.52558247,1.692145439,0 101.525474625,1.69216611,0 101.525420702,1.69216891,0 101.525348806,1.692164786,0 101.525276909,1.692150472,0 101.525222986,1.692129096,0 101.525189734,1.692104872,0 101.525133115,1.692048291,0 101.525115141,1.69203726,0 101.525097167,1.692031701,0 101.525079193,1.692028984,0 101.525043245,1.692031393,0 101.525007296,1.69204229,0 101.524935399,1.692071335,0 101.524899451,1.692082263,0 101.524881477,1.692084341,0 101.524863503,1.692084657,0 101.524827554,1.692076449,0 101.524773632,1.692037799,0 101.524701735,1.691970397,0 101.524644898,1.691869738,0 101.524580409,1.691634604,0 101.524574533,1.691544168,0 101.524629838,1.691413036,0 101.524647812,1.691408514,0 101.524665787,1.691408514,0 101.524737683,1.691348223,0 101.524813728,1.691272859,0 101.524837233,1.691236685,0 101.5248558,1.691182423,0 101.52487016,1.691055813,0 101.524899451,1.690958799,0 101.524923144,1.690911115,0 101.524953374,1.690889909,0 101.525007296,1.690875918,0 101.525043245,1.690872302,0 101.525240961,1.690872134,0 101.525438677,1.690880969,0 101.525528548,1.69087494,0 101.52558247,1.690863978,0 101.525618419,1.690849937,0 101.525672341,1.690817823,0 101.525852083,1.690674062,0 101.525906006,1.690648154,0 101.525959928,1.690635284,0 101.525995876,1.690633024,0 101.526049799,1.690637104,0 101.526103722,1.690647935,0 101.526193593,1.690673462,0 101.526265489,1.690680989,0 101.526301438,1.690679789,0 101.526319412,1.690675981,0 101.526373334,1.690656466,0 101.526422355,1.690621719,0 101.52648118,1.690564991,0 101.526559613,1.690513196,0 101.526589025,1.690482447,0 101.526607816,1.690440847,0 101.526614702,1.690386585,0 101.526605715,1.69035041,0 101.526535102,1.690253311,0 101.526520483,1.6902238,0 101.526509031,1.690133364,0 101.526515078,1.690079102,0 101.526535102,1.690025209,0 101.526566557,1.689988666,0 101.526606999,1.689966262,0 101.526642947,1.689958264,0 101.52669687,1.689956965,0 101.526732818,1.689964259,0 101.526768767,1.689979914,0 101.526786741,1.689992811,0 101.526813702,1.69002484,0 101.526872617,1.690151451,0 101.52691256,1.690199683,0 101.526930534,1.690211547,0 101.526964486,1.6902238,0 101.527056354,1.690238177,0 101.527092302,1.690247571,0 101.527182173,1.690291047,0 101.527272044,1.690378763,0 101.527325966,1.690468543,0 101.527343941,1.690486798,0 101.527415837,1.690521707,0 101.527451786,1.690533475,0 101.527487734,1.690540326,0 101.527523682,1.69054405,0 101.527577605,1.690541618,0 101.527613553,1.690536171,0 101.527649502,1.690524751,0 101.527703424,1.690493768,0 101.527743305,1.690440847,0 101.527761198,1.690368498,0 101.527754221,1.690332323,0 101.527739373,1.690310791,0 101.527667476,1.690264195,0 101.527634523,1.6902238,0 101.527612232,1.690169538,0 101.527608386,1.690115276,0 101.527630244,1.690042928,0 101.527667476,1.689996705,0 101.527705821,1.689970579,0 101.527757347,1.689945221,0 101.527790632,1.689934404,0 101.527811269,1.689931303,0 101.527856633,1.689934404,0 101.52790114,1.689952491,0 101.527937089,1.689983589,0 101.527969077,1.69002484,0 101.528005562,1.690079102,0 101.528021513,1.690115276,0 101.528017973,1.690205713,0 101.52802696,1.690229829,0 101.528044934,1.690250328,0 101.528062908,1.690254548,0 101.528080882,1.690252438,0 101.528224676,1.69019689,0 101.528260624,1.69019336,0 101.528332521,1.690197573,0 101.528355488,1.690205713,0 101.528380452,1.6902238,0 101.528512263,1.69036932,0 101.528548211,1.690391518,0 101.528566185,1.690397566,0 101.528602134,1.690402833,0 101.528638082,1.690403783,0 101.528781876,1.690391107,0 101.528817824,1.690390327,0 101.528853772,1.690392728,0 101.528907695,1.690405007,0 101.528961618,1.690413381,0 101.52901554,1.690414093,0 101.529052772,1.690404672,0 101.529123385,1.690377039,0 101.529159334,1.690338604,0 101.529195282,1.690338604,0 101.529213256,1.69035041,0 101.52923123,1.69035041,0 101.529159334,1.690278062,0 101.529141359,1.690259974,0 101.529087437,1.690205713,0 101.529069463,1.690187625,0 101.529051488,1.690169538,0 101.52901554,1.690133364,0 101.528997566,1.690115276,0 101.528961618,1.690079102,0 101.528943643,1.690061015,0 101.528925669,1.690042928,0 101.528907695,1.69002484,0 101.528889721,1.690006753,0 101.528889721,1.689988666,0 101.528871747,1.689970579,0 101.528853772,1.689952491,0 101.528835798,1.689934404,0 101.528835798,1.689916317,0 101.528817824,1.68989823,0 101.52879985,1.689880142,0 101.52879985,1.689862055,0 101.528781876,1.689843968,0 101.528763901,1.689825881,0 101.528745927,1.689807794,0 101.528745927,1.689789706,0 101.528709979,1.689753532,0 101.528709979,1.689735445,0 101.528692005,1.689717357,0 101.528674031,1.68969927,0 101.528656056,1.689681183,0 101.528656056,1.689663096,0 101.528638082,1.689645008,0 101.528620108,1.689626921,0 101.528620108,1.689608834,0 101.528602134,1.689590747,0 101.52858416,1.689572659,0 101.528566185,1.689554572,0 101.528566185,1.689536485,0 101.528530237,1.689500311,0 101.528512263,1.689482223,0 101.528512263,1.689464136,0 101.528494289,1.689446049,0 101.528476314,1.689427962,0 101.528476314,1.689409874,0 101.528422392,1.689355613,0 101.528422392,1.689337525,0 101.528404418,1.689326909,0 101.528350495,1.689326909,0 101.52833894,1.689337525,0 101.528328207,1.689427962,0 101.528314547,1.689457676,0 101.528296573,1.689472704,0 101.528278598,1.689475893,0 101.528260624,1.689472175,0 101.528188727,1.689435197,0 101.528098857,1.689410229,0 101.528080882,1.689400299,0 101.528062908,1.689376112,0 101.528031045,1.689301351,0 101.528015787,1.689283264,0 101.527930951,1.689229002,0 101.527837941,1.689120479,0 101.527701405,1.688993868,0 101.527649502,1.688913903,0 101.527577605,1.688827925,0 101.527451786,1.688624552,0 101.527290018,1.688390847,0 101.52725407,1.688354684,0 101.527236095,1.688349092,0 
					</coordinates>
				</LinearRing>
			</outerBoundaryIs>
			<innerBoundaryIs>
				<LinearRing>
					<coordinates>
						101.526337386,1.693002156,0 101.52635873,1.693009233,0 101.52635536,1.693028828,0 101.526337386,1.693034103,0 101.526317778,1.693027321,0 101.526319412,1.693003729,0 101.526337386,1.693002156,0 
					</coordinates>
				</LinearRing>
				<LinearRing>
					<coordinates>
						101.525187038,1.692714518,0 101.525240961,1.692718546,0 101.525273913,1.692737925,0 101.525307181,1.692792187,0 101.5253118,1.692810274,0 101.52530017,1.692846448,0 101.525258935,1.692875589,0 101.525222986,1.692881559,0 101.525187038,1.692873579,0 101.525149293,1.692846448,0 101.525133115,1.692737925,0 101.525187038,1.692714518,0 
					</coordinates>
				</LinearRing>
				<LinearRing>
					<coordinates>
						101.524917425,1.692729173,0 101.524953374,1.692734733,0 101.52502527,1.692757519,0 101.525079193,1.692749983,0 101.525115141,1.692735342,0 101.525133115,1.692737925,0 101.525133115,1.692756012,0 101.525115141,1.692760533,0 101.525079193,1.692787666,0 101.52506721,1.692810274,0 101.525043245,1.692828361,0 101.52502527,1.692830265,0 101.524989322,1.692823538,0 101.524971348,1.692823538,0 101.524935399,1.692812987,0 101.524917425,1.692811027,0 101.524873613,1.692792187,0 101.524857083,1.692774099,0 101.524853018,1.692756012,0 101.524867098,1.692737925,0 101.524881477,1.692731035,0 101.524917425,1.692729173,0 
					</coordinates>
				</LinearRing>
				<LinearRing>
					<coordinates>
						101.52446807,1.691311618,0 101.524521993,1.691322188,0 101.524545359,1.691345208,0 101.524553039,1.691381383,0 101.524544461,1.691417557,0 101.52452456,1.691435644,0 101.524504019,1.691440166,0 101.52446807,1.691425779,0 101.524434888,1.69139947,0 101.524414148,1.691368463,0 101.524405161,1.691345208,0 101.524414148,1.691327121,0 101.524432122,1.691318077,0 101.524450096,1.691311618,0 101.52446807,1.691311618,0 
					</coordinates>
				</LinearRing>
			</innerBoundaryIs>
		</Polygon>
	</Placemark>
	<Placemark>
		<name>8-10m</name>
		<styleUrl>#style.#FFFFCC00..0.255</styleUrl>
		<Polygon>
			<tessellate>1</tessellate>
			<outerBoundaryIs>
				<LinearRing>
					<coordinates>
						101.522778497,1.656085867,0 101.522757194,1.656093188,0 101.522724574,1.656125406,0 101.522561309,1.656382584,0 101.522507827,1.656545369,0 101.522442636,1.656708154,0 101.522413022,1.656816677,0 101.522349567,1.656925201,0 101.522329142,1.656948048,0 101.522293194,1.656973132,0 101.522257245,1.656986697,0 101.522239271,1.656989798,0 101.522221297,1.656986419,0 101.522113452,1.656935536,0 101.522041555,1.656908065,0 101.521987633,1.65689807,0 101.521915736,1.656899879,0 101.521879787,1.656906253,0 101.521700046,1.656961375,0 101.521610175,1.656979463,0 101.521502329,1.657013467,0 101.521484355,1.657015637,0 101.521394484,1.657060101,0 101.521322588,1.657084971,0 101.521142846,1.657114805,0 101.521070949,1.657133204,0 101.52094513,1.657176294,0 101.520762622,1.657250771,0 101.520634775,1.65732312,0 101.520553068,1.657377382,0 101.520316033,1.657554637,0 101.520254709,1.657612516,0 101.520138987,1.657702952,0 101.520101241,1.657739127,0 101.52004642,1.657817041,0 101.520033977,1.657829563,0 101.520010472,1.657841938,0 101.519974523,1.657848346,0 101.519920601,1.657840114,0 101.519812756,1.657791997,0 101.519776807,1.65777999,0 101.519740859,1.657774736,0 101.519686936,1.65777932,0 101.519650988,1.657789513,0 101.51948922,1.657859206,0 101.519381375,1.657899956,0 101.518806201,1.658060046,0 101.518662408,1.658114824,0 101.518541082,1.658191308,0 101.518448457,1.658281744,0 101.518378633,1.658390267,0 101.518231027,1.658580545,0 101.518195079,1.65863972,0 101.51815913,1.658754182,0 101.518148724,1.658770099,0 101.518051285,1.658832182,0 101.518033311,1.658832182,0 101.518015337,1.658842448,0 101.517997363,1.658824361,0 101.517997363,1.65942124,0 101.518015337,1.659439327,0 101.518015337,1.659493589,0 101.518033311,1.659511676,0 101.518033311,1.659584025,0 101.518051285,1.659602112,0 101.518051285,1.659692548,0 101.51806926,1.659710635,0 101.51806926,1.659801072,0 101.518087234,1.659819159,0 101.518087234,1.659909595,0 101.518105208,1.659927682,0 101.518105208,1.660018118,0 101.518123182,1.660036206,0 101.518123182,1.660126642,0 101.518141156,1.660144729,0 101.518141156,1.660235165,0 101.51815913,1.660253253,0 101.51815913,1.660343689,0 101.518177105,1.660361776,0 101.518177105,1.660452212,0 101.518195079,1.660470299,0 101.518195079,1.660560736,0 101.518213053,1.660578823,0 101.518213053,1.660633085,0 101.518231027,1.660651172,0 101.518249001,1.660639544,0 101.518266976,1.660639544,0 101.51826932,1.660651172,0 101.518266976,1.66066597,0 101.518231027,1.66066597,0 101.518213053,1.660669259,0 101.518231027,1.660687346,0 101.518231027,1.660723521,0 101.518249001,1.660741608,0 101.518266976,1.660733282,0 101.518392795,1.660731289,0 101.518467171,1.660723521,0 101.518493607,1.660705434,0 101.51853171,1.660651172,0 101.518626459,1.660594097,0 101.51871633,1.660507327,0 101.519021891,1.660315403,0 101.519381375,1.660134794,0 101.519453272,1.660109619,0 101.519670345,1.660054293,0 101.51983073,1.660032841,0 101.519992498,1.660039398,0 101.520136291,1.660063813,0 101.520244136,1.660100902,0 101.520334007,1.660139561,0 101.520369956,1.660147512,0 101.520405904,1.66014144,0 101.520531723,1.660083233,0 101.520585646,1.660063869,0 101.520639568,1.660055423,0 101.520693491,1.660056705,0 101.520729439,1.660065424,0 101.520778226,1.660090467,0 101.520817064,1.660126642,0 101.520823305,1.660144729,0 101.520817064,1.660198991,0 101.520795344,1.660253253,0 101.520765388,1.660272731,0 101.520691694,1.660343689,0 101.52064496,1.660379863,0 101.520633032,1.66039795,0 101.520549697,1.66046427,0 101.520504762,1.660488387,0 101.520423878,1.660520542,0 101.520369956,1.660557721,0 101.520280085,1.660673927,0 101.520208188,1.660782434,0 101.520118317,1.66089334,0 101.520082369,1.660924163,0 101.519874608,1.661067178,0 101.519726111,1.661211876,0 101.51968165,1.661266138,0 101.519661525,1.661302312,0 101.519650207,1.661338487,0 101.519650988,1.661363809,0 101.519654583,1.661374661,0 101.519686936,1.661392749,0 101.519758833,1.661403328,0 101.519992498,1.661416003,0 101.52003968,1.661428923,0 101.52005459,1.661465097,0 101.520047918,1.661501272,0 101.519997633,1.661537446,0 101.519940972,1.661573621,0 101.519848704,1.66161316,0 101.519795473,1.66164597,0 101.519730286,1.661736406,0 101.51970677,1.661754493,0 101.519634512,1.661790668,0 101.51946173,1.661844929,0 101.519435298,1.661863017,0 101.519405547,1.661917278,0 101.519396686,1.661953453,0 101.519402944,1.66197154,0 101.519422226,1.661989627,0 101.519471246,1.662011332,0 101.519579091,1.662040444,0 101.519625712,1.662061976,0 101.519676068,1.662098151,0 101.519717329,1.662152412,0 101.519738051,1.662206674,0 101.519732758,1.662242849,0 101.519712871,1.662279023,0 101.519666996,1.662333285,0 101.519597719,1.662387547,0 101.519471246,1.662441808,0 101.519417324,1.662471253,0 101.519286262,1.662568419,0 101.519202675,1.662622681,0 101.51905784,1.662694464,0 101.518967969,1.662723132,0 101.518572537,1.662807919,0 101.518374821,1.66286494,0 101.51828495,1.662881153,0 101.518231027,1.662883137,0 101.518213053,1.662893989,0 101.518213053,1.6630206,0 101.518231027,1.663038687,0 101.518231027,1.663056774,0 101.518249001,1.663074862,0 101.518249001,1.663111036,0 101.518266976,1.663129123,0 101.518266976,1.66314721,0 101.51828495,1.663165298,0 101.51828495,1.663201472,0 101.518302924,1.663219559,0 101.518302924,1.663255734,0 101.518320898,1.663273821,0 101.518320898,1.663291908,0 101.518338872,1.663309996,0 101.518338872,1.66334617,0 101.518356847,1.663364257,0 101.518356847,1.663400432,0 101.518374821,1.663418519,0 101.518374821,1.663436606,0 101.518392795,1.663454693,0 101.518392795,1.663490868,0 101.518410769,1.663508955,0 101.518410769,1.663527042,0 101.518428743,1.66354513,0 101.518428743,1.663581304,0 101.518446717,1.663599391,0 101.518446717,1.663635566,0 101.518464692,1.663653653,0 101.518464692,1.66367174,0 101.518482666,1.663689828,0 101.518482666,1.663726002,0 101.51850064,1.663744089,0 101.51850064,1.663780264,0 101.518518614,1.663798351,0 101.518518614,1.663816438,0 101.518536588,1.663834525,0 101.518536588,1.6638707,0 101.518554563,1.663888787,0 101.518554563,1.663906874,0 101.518572537,1.663924962,0 101.518572537,1.663961136,0 101.518590511,1.663979223,0 101.518590511,1.664015398,0 101.518608485,1.664033485,0 101.518608485,1.664051572,0 101.518626459,1.66406966,0 101.518626459,1.664105834,0 101.518644434,1.664123921,0 101.518644434,1.664160096,0 101.518662408,1.664178183,0 101.518662408,1.66419627,0 101.518680382,1.664214357,0 101.518680382,1.664250532,0 101.518698356,1.664268619,0 101.518698356,1.664286706,0 101.51871633,1.664304794,0 101.51871633,1.664340968,0 101.518734304,1.664359055,0 101.518734304,1.66439523,0 101.518752279,1.664413317,0 101.518752279,1.664431404,0 101.518770253,1.664449491,0 101.518770253,1.664485666,0 101.518788227,1.664503753,0 101.518788227,1.664539928,0 101.518806201,1.664558015,0 101.518806201,1.665625162,0 101.518824175,1.665643249,0 101.51884215,1.66563722,0 101.518860124,1.66563722,0 101.518896072,1.66565738,0 101.518932021,1.66566082,0 101.518967969,1.665658403,0 101.518985943,1.665670832,0 101.519003917,1.665673955,0 101.519021891,1.665669593,0 101.519111762,1.66561865,0 101.519183659,1.665587313,0 101.519237582,1.66556915,0 101.519399349,1.665531711,0 101.519437994,1.665516638,0 101.519597066,1.665434743,0 101.519650988,1.665415999,0 101.519686936,1.665409407,0 101.519758833,1.665407684,0 101.519956549,1.66543137,0 101.519992498,1.665441766,0 101.520027063,1.665462377,0 101.520047237,1.665498551,0 101.520031681,1.665552813,0 101.519987305,1.665607075,0 101.519936328,1.665643249,0 101.519797547,1.665715598,0 101.519742902,1.665751772,0 101.519597066,1.665913228,0 101.519525169,1.665968587,0 101.519471246,1.665999128,0 101.519399349,1.666030221,0 101.5191552,1.666113517,0 101.518985943,1.666181887,0 101.518896072,1.666209982,0 101.518860124,1.666213359,0 101.51884215,1.666222041,0 101.518860124,1.666240128,0 101.518860124,1.666258215,0 101.518878098,1.666276302,0 101.518878098,1.66629439,0 101.518896072,1.666312477,0 101.518896072,1.666330564,0 101.518914046,1.666348651,0 101.518914046,1.666366739,0 101.518932021,1.666384826,0 101.518932021,1.666402913,0 101.518949995,1.666421,0 101.518949995,1.666439087,0 101.518967969,1.666457175,0 101.518967969,1.666475262,0 101.518985943,1.666493349,0 101.518985943,1.666511436,0 101.519003917,1.666529524,0 101.519003917,1.666547611,0 101.519021891,1.666565698,0 101.519039866,1.666583785,0 101.51905784,1.666579067,0 101.519075814,1.666579067,0 101.519280443,1.666800832,0 101.519366044,1.666909356,0 101.519545462,1.667162577,0 101.519597066,1.667209087,0 101.519633014,1.667222114,0 101.519668962,1.667216839,0 101.519888932,1.667126402,0 101.519992498,1.667078047,0 101.520280085,1.666967829,0 101.520441852,1.666894362,0 101.520729439,1.666814843,0 101.520927155,1.666734967,0 101.520999052,1.666721162,0 101.521045486,1.666728483,0 101.521079038,1.66674657,0 101.521098989,1.666764658,0 101.521115884,1.666800832,0 101.52111741,1.666873181,0 101.521054259,1.667017879,0 101.52099366,1.667108315,0 101.52097317,1.667162577,0 101.520982024,1.667198751,0 101.521070949,1.667249895,0 101.521089468,1.6672711,0 101.521097502,1.667307275,0 101.521085682,1.667361536,0 101.521039384,1.66747006,0 101.521014894,1.667506234,0 101.520975686,1.667542409,0 101.520891207,1.667586861,0 101.520850316,1.667614758,0 101.520790225,1.667687107,0 101.520734923,1.667831805,0 101.520668841,1.667940328,0 101.52061308,1.668048851,0 101.520573064,1.668175462,0 101.520567672,1.668211637,0 101.520564863,1.668302073,0 101.520583326,1.668392509,0 101.520579175,1.668446771,0 101.520582378,1.668464858,0 101.52060362,1.668491457,0 101.520639568,1.668516536,0 101.520693491,1.668535815,0 101.520765388,1.668545976,0 101.52094513,1.668559102,0 101.520976176,1.668573381,0 101.520983193,1.668591469,0 101.520976085,1.668609556,0 101.520891207,1.668682809,0 101.520837284,1.668710327,0 101.520783362,1.668725527,0 101.520729439,1.6687223,0 101.520609012,1.668681905,0 101.520578456,1.668663817,0 101.520549697,1.66862506,0 101.520513749,1.668605034,0 101.520459827,1.668596228,0 101.520369956,1.66859373,0 101.520208188,1.66861148,0 101.520064394,1.668647469,0 101.519902627,1.668680021,0 101.519848704,1.668700433,0 101.519740859,1.668723315,0 101.519704911,1.668723315,0 101.519686936,1.668736166,0 101.519686936,1.669423481,0 101.519704911,1.669441569,0 101.519704911,1.669513918,0 101.519722885,1.669532005,0 101.519722885,1.669622441,0 101.519740859,1.669640528,0 101.519740859,1.669712877,0 101.519758833,1.669730964,0 101.519776807,1.669749052,0 101.519794782,1.669733979,0 101.519812756,1.669733979,0 101.519870872,1.669658615,0 101.519926048,1.669532005,0 101.519956549,1.669483772,0 101.519981181,1.669459656,0 101.520043624,1.669423481,0 101.520100343,1.669404471,0 101.520190214,1.669386866,0 101.52026211,1.669385179,0 101.520280085,1.669388599,0 101.520302961,1.669405394,0 101.520294464,1.669513918,0 101.520330013,1.669586266,0 101.520369956,1.669612428,0 101.520423878,1.669627505,0 101.520549697,1.669637484,0 101.520693491,1.669628771,0 101.520855259,1.669609121,0 101.52116082,1.669560221,0 101.521232717,1.669565165,0 101.521285612,1.669586266,0 101.521322588,1.669622943,0 101.521343853,1.669676703,0 101.521348772,1.669730964,0 101.521328138,1.669839488,0 101.521335078,1.669875662,0 101.521351464,1.669911837,0 101.521394484,1.669977197,0 101.521479562,1.670074622,0 101.521538278,1.670106354,0 101.521574226,1.670115226,0 101.521610175,1.670117339,0 101.521664097,1.670104767,0 101.521735994,1.67006176,0 101.52177451,1.67002036,0 101.521820418,1.669984186,0 101.521839482,1.669948011,0 101.521883896,1.669893749,0 101.521899259,1.669857575,0 101.521880273,1.669730964,0 101.521882959,1.66969479,0 101.521896077,1.669658615,0 101.5219305,1.669622441,0 101.5221494,1.669495461,0 101.522221297,1.669430264,0 101.522296148,1.669296871,0 101.522344924,1.66917026,0 101.522436987,1.669018241,0 101.522521803,1.668917039,0 101.52253079,1.668898952,0 101.522552594,1.668790428,0 101.522616729,1.668699992,0 101.522778497,1.66855608,0 101.522872453,1.668482945,0 101.522940265,1.668440139,0 101.522994187,1.668419914,0 101.523335697,1.668324294,0 101.523389619,1.668298826,0 101.523461516,1.668251687,0 101.523595163,1.668103113,0 101.523769528,1.667831805,0 101.52378982,1.667741368,0 101.52378794,1.66766902,0 101.523755094,1.667542409,0 101.523724627,1.66747006,0 101.523719574,1.667433885,0 101.523730668,1.667397711,0 101.523765443,1.667343449,0 101.523928845,1.667220377,0 101.523968318,1.667180664,0 101.52400218,1.667126402,0 101.524004184,1.667072141,0 101.523987669,1.667035966,0 101.523964793,1.667014316,0 101.523910871,1.666995089,0 101.523821,1.666995555,0 101.523749103,1.667012786,0 101.523559251,1.667090228,0 101.52347949,1.667135958,0 101.523446687,1.667162577,0 101.523421973,1.667198751,0 101.523410889,1.667253013,0 101.523414084,1.667343449,0 101.523401602,1.667397711,0 101.523380489,1.667433885,0 101.523335697,1.667466299,0 101.523299748,1.667483266,0 101.523105376,1.667542409,0 101.523030135,1.667577752,0 101.522984077,1.667614758,0 101.52292229,1.667690861,0 101.522883774,1.667723281,0 101.522844923,1.667741368,0 101.522814445,1.667748237,0 101.522760523,1.667745315,0 101.522726919,1.667723281,0 101.522714138,1.667687107,0 101.52271671,1.66766902,0 101.52273287,1.667614758,0 101.522767655,1.667542409,0 101.522800019,1.667433885,0 101.522905021,1.667253013,0 101.522926674,1.667126402,0 101.522938846,1.667090228,0 101.522981743,1.667035966,0 101.523019437,1.666999792,0 101.523183478,1.666873181,0 101.523199205,1.666855094,0 101.523253227,1.666764658,0 101.523275459,1.666674222,0 101.523318504,1.666601873,0 101.523353671,1.666513307,0 101.523437122,1.666402913,0 101.523533413,1.666303142,0 101.523564418,1.666258215,0 101.523580916,1.666222041,0 101.523590261,1.666167779,0 101.523588212,1.666113517,0 101.523572507,1.666059256,0 101.523569822,1.666004994,0 101.523579444,1.665968819,0 101.523600293,1.665932645,0 101.523787966,1.665715598,0 101.523874922,1.665622192,0 101.523910871,1.665592088,0 101.523946819,1.665572709,0 101.523982767,1.665561201,0 101.52403669,1.665554482,0 101.524144535,1.665556258,0 101.524144535,1.665462377,0 101.524126561,1.665444289,0 101.524126561,1.665281504,0 101.524108587,1.665263417,0 101.524108587,1.665154894,0 101.524090613,1.66514374,0 101.52403669,1.66514374,0 101.524000742,1.665173842,0 101.523928845,1.665209704,0 101.523892896,1.665253179,0 101.523874922,1.665265632,0 101.523803026,1.665300215,0 101.523731129,1.665323222,0 101.523641258,1.665344544,0 101.523533413,1.665361231,0 101.523443542,1.665368786,0 101.523389619,1.665365131,0 101.523353671,1.665357471,0 101.523317722,1.665341897,0 101.523299748,1.665327853,0 101.523275681,1.665299592,0 101.523262076,1.665263417,0 101.523264306,1.665227243,0 101.523277342,1.665191068,0 101.523239161,1.665172981,0 101.523281774,1.665107748,0 101.523353671,1.665055283,0 101.523371645,1.665079703,0 101.523389619,1.665087478,0 101.523418378,1.665064458,0 101.523623284,1.664868305,0 101.52369033,1.664793149,0 101.523758547,1.664702713,0 101.523785051,1.664679721,0 101.523803026,1.664672956,0 101.523838974,1.664671592,0 101.523928845,1.664683912,0 101.523982767,1.664706001,0 101.524054664,1.664706001,0 101.524054664,1.664666538,0 101.52403669,1.664648451,0 101.52403669,1.664539928,0 101.524018716,1.66452184,0 101.524018716,1.664413317,0 101.524000742,1.66439523,0 101.524000742,1.664286706,0 101.523982767,1.664268619,0 101.523982767,1.664160096,0 101.523964793,1.664142008,0 101.523964793,1.664086782,0 101.523892896,1.664086782,0 101.523821,1.664137689,0 101.52369518,1.664301014,0 101.52355076,1.664467579,0 101.523226196,1.664756975,0 101.523100253,1.664829323,0 101.523061017,1.66491976,0 101.52304811,1.664968323,0 101.522976213,1.665036631,0 101.522771059,1.665136806,0 101.522566285,1.665227243,0 101.522387259,1.665299592,0 101.522095478,1.665432404,0 101.522041555,1.665463396,0 101.521987633,1.665505951,0 101.521933508,1.6655709,0 101.521904232,1.665643249,0 101.521907959,1.66576986,0 101.521931437,1.665860296,0 101.521927949,1.665914558,0 101.521890344,1.665986907,0 101.521861813,1.666016191,0 101.52182663,1.666041168,0 101.521753968,1.666075534,0 101.521538278,1.666159895,0 101.521484355,1.666176699,0 101.521394484,1.666195161,0 101.521178794,1.666217519,0 101.521088923,1.666239821,0 101.521017026,1.666269009,0 101.520747414,1.666400253,0 101.520639568,1.666439087,0 101.520549697,1.666461023,0 101.520441852,1.666476509,0 101.520369956,1.666475262,0 101.520351981,1.666471242,0 101.52033144,1.666457175,0 101.520349984,1.666366739,0 101.520349602,1.666276302,0 101.520336575,1.666185866,0 101.52034789,1.666113517,0 101.520368158,1.666059256,0 101.520391006,1.666023081,0 101.520541962,1.665860296,0 101.520560931,1.665787947,0 101.52056951,1.665643249,0 101.520587505,1.665607075,0 101.520628743,1.665552813,0 101.520697024,1.665480464,0 101.520845193,1.665335766,0 101.520979909,1.665227243,0 101.521106897,1.665077488,0 101.521232342,1.664974021,0 101.521324585,1.664865498,0 101.52137651,1.664830513,0 101.52141875,1.664811236,0 101.521762356,1.664702713,0 101.522059529,1.66458507,0 101.522167374,1.664558157,0 101.522383065,1.664527468,0 101.522454961,1.664509179,0 101.52249091,1.664493303,0 101.522561221,1.664449491,0 101.522742548,1.664361479,0 101.522796471,1.66432454,0 101.522835742,1.664286706,0 101.522886342,1.664206924,0 101.522919459,1.66406966,0 101.522958239,1.663993474,0 101.523012161,1.66395386,0 101.523143511,1.663906874,0 101.523167082,1.663888787,0 101.523175601,1.6638707,0 101.523169435,1.663852613,0 101.523137981,1.663823673,0 101.523120006,1.66381267,0 101.523084058,1.663803256,0 101.523030135,1.663801968,0 101.522886342,1.663822549,0 101.522778497,1.663827049,0 101.522670652,1.663816438,0 101.522608741,1.663798351,0 101.522592336,1.663780264,0 101.522607566,1.663726002,0 101.522634427,1.663689828,0 101.522706391,1.663617479,0 101.522904316,1.663483079,0 101.523012517,1.663382345,0 101.523066084,1.663354912,0 101.523137981,1.663341715,0 101.523245826,1.663352576,0 101.523291913,1.663364257,0 101.523327429,1.663382345,0 101.523352221,1.663418519,0 101.523358957,1.663454693,0 101.523357188,1.663563217,0 101.523370104,1.663581304,0 101.523389619,1.663589217,0 101.523425568,1.663596582,0 101.52347949,1.663600092,0 101.523605309,1.663595639,0 101.523659232,1.663586564,0 101.523713155,1.663568863,0 101.523785051,1.663557578,0 101.523821,1.663542526,0 101.523874922,1.663542526,0 101.523892896,1.66354513,0 101.523892896,1.663527042,0 101.523874922,1.663508955,0 101.523874922,1.663382345,0 101.523856948,1.663364257,0 101.523856948,1.66314721,0 101.523838974,1.663129123,0 101.523838974,1.662893989,0 101.523821,1.662875902,0 101.523821,1.662640768,0 101.523803026,1.662622681,0 101.523803026,1.66249607,0 101.523785051,1.662477983,0 101.523785051,1.662351372,0 101.523767077,1.662333285,0 101.523767077,1.662188587,0 101.523749103,1.6621705,0 101.523749103,1.662043889,0 101.523731129,1.662025802,0 101.523713155,1.662023218,0 101.523659232,1.662023218,0 101.523569361,1.662043052,0 101.523497464,1.662066682,0 101.523407593,1.662067893,0 101.523317722,1.662062387,0 101.523226728,1.662043889,0 101.523183815,1.662025802,0 101.523125998,1.661989627,0 101.523030135,1.661955935,0 101.52292229,1.661936572,0 101.522850394,1.661941179,0 101.52281036,1.661953453,0 101.522760523,1.661980584,0 101.522616729,1.662095707,0 101.522562807,1.662131741,0 101.522357901,1.662224761,0 101.52216823,1.662351372,0 101.522015492,1.662514157,0 101.521966064,1.662550332,0 101.521897762,1.662615144,0 101.521855822,1.662640768,0 101.521811486,1.662676942,0 101.521806094,1.66269503,0 101.521819446,1.662749291,0 101.521816878,1.662785466,0 101.521800589,1.662857815,0 101.521784714,1.662893989,0 101.521660103,1.663092949,0 101.5215922,1.663165298,0 101.521512374,1.663291908,0 101.521457035,1.663364257,0 101.521408086,1.663400432,0 101.521268665,1.663466426,0 101.521214742,1.66349787,0 101.521035001,1.663636042,0 101.520981078,1.663661326,0 101.520873233,1.66369376,0 101.520847556,1.663707915,0 101.520809794,1.663744089,0 101.520788893,1.663798351,0 101.520793847,1.663816438,0 101.52081931,1.663833462,0 101.520891207,1.663843295,0 101.521052975,1.663835773,0 101.521106897,1.663841631,0 101.521138352,1.663852613,0 101.52115745,1.6638707,0 101.52116082,1.663888787,0 101.521154529,1.663906874,0 101.521106897,1.663948863,0 101.520999052,1.664006547,0 101.520927155,1.664059369,0 101.520860346,1.664123921,0 101.520824819,1.66419627,0 101.520807224,1.664214357,0 101.520765388,1.664245226,0 101.5206875,1.664286706,0 101.52061366,1.664377143,0 101.520531723,1.664513227,0 101.520495775,1.664543381,0 101.52038793,1.664602351,0 101.520312147,1.664666538,0 101.52017224,1.664840028,0 101.520055607,1.664955934,0 101.519956549,1.665123131,0 101.519902627,1.665171337,0 101.519848704,1.665203126,0 101.519776807,1.665219358,0 101.51961504,1.665243686,0 101.519507195,1.665274427,0 101.51948922,1.665276078,0 101.519453272,1.665268737,0 101.519432126,1.66524533,0 101.519399349,1.665100632,0 101.519363401,1.665084904,0 101.51927353,1.665057965,0 101.519243074,1.665028283,0 101.519233914,1.664992109,0 101.519246369,1.66491976,0 101.519271034,1.664865498,0 101.519306911,1.664829323,0 101.519381375,1.664782096,0 101.51948922,1.664729532,0 101.519543143,1.664712692,0 101.51961504,1.664700129,0 101.519848704,1.664682539,0 101.519884653,1.66467106,0 101.519938575,1.664639116,0 101.520016694,1.664576102,0 101.52007273,1.664485666,0 101.520102385,1.66439523,0 101.520129101,1.664340968,0 101.520131298,1.664322881,0 101.520118317,1.664306085,0 101.520082369,1.66430056,0 101.519902627,1.664293391,0 101.519848704,1.664284122,0 101.519803769,1.664268619,0 101.519758833,1.664236062,0 101.519686936,1.664154984,0 101.519543143,1.664023236,0 101.519507195,1.664005224,0 101.519453272,1.664009369,0 101.519243074,1.664087747,0 101.519063831,1.66419627,0 101.518949995,1.664259241,0 101.518932021,1.664264097,0 101.518914046,1.664262042,0 101.518886336,1.664250532,0 101.518824175,1.664210935,0 101.518799012,1.664178183,0 101.51878245,1.664123921,0 101.51876924,1.663852613,0 101.518774567,1.663798351,0 101.518824175,1.663689828,0 101.518897109,1.663581304,0 101.518918869,1.663418519,0 101.518940191,1.663382345,0 101.518998415,1.663328083,0 101.519079143,1.663273821,0 101.519148567,1.663237647,0 101.519600522,1.663074862,0 101.519762617,1.663038687,0 101.520118317,1.662985465,0 101.520298059,1.662947232,0 101.52038793,1.662936582,0 101.520441852,1.662924888,0 101.520477801,1.662900688,0 101.520490341,1.662875902,0 101.520513169,1.662676942,0 101.520533273,1.662640768,0 101.520567672,1.662598695,0 101.52060362,1.662574233,0 101.520639568,1.662559217,0 101.520711465,1.662538609,0 101.520801336,1.662521478,0 101.520869638,1.66249607,0 101.520887837,1.662477983,0 101.52088881,1.662459895,0 101.520879224,1.662441808,0 101.520855259,1.662423721,0 101.520814175,1.662405634,0 101.52067446,1.662369459,0 101.520477801,1.6623276,0 101.52038735,1.66229711,0 101.520360495,1.662279023,0 101.520347801,1.662260936,0 101.520339478,1.662224761,0 101.520346479,1.662188587,0 101.520387113,1.662134325,0 101.520457516,1.662080064,0 101.520714794,1.661935366,0 101.520866789,1.661826842,0 101.52091377,1.66177258,0 101.521024564,1.661591708,0 101.52106631,1.661537446,0 101.521125491,1.661501272,0 101.521316117,1.661410836,0 101.521363225,1.661374661,0 101.521389824,1.661338487,0 101.521405269,1.661266138,0 101.521431098,1.661193789,0 101.521450975,1.661157614,0 101.521484355,1.661119028,0 101.521502329,1.661108176,0 101.521520304,1.661104416,0 101.521574226,1.66110697,0 101.521646123,1.661128976,0 101.521682071,1.661155031,0 101.521692855,1.661175702,0 101.52169728,1.661211876,0 101.521692342,1.661229963,0 101.521647321,1.661284225,0 101.521625752,1.6613204,0 101.521624297,1.661338487,0 101.521632942,1.661356574,0 101.521649718,1.661374661,0 101.521679503,1.661392749,0 101.521753968,1.661419146,0 101.521802835,1.66144701,0 101.521825865,1.661466862,0 101.521883935,1.661537446,0 101.521897762,1.661573621,0 101.521891139,1.661609795,0 101.521897762,1.661623863,0 101.521915736,1.661629605,0 101.521951684,1.661610519,0 101.522012621,1.661519359,0 101.522077503,1.661452178,0 101.522113452,1.661423858,0 101.522167374,1.661399095,0 101.52227522,1.661374661,0 101.522326745,1.661356574,0 101.522357387,1.661338487,0 101.522383065,1.661311888,0 101.522419013,1.66129838,0 101.522472936,1.661302312,0 101.522501395,1.6613204,0 101.522508884,1.661338487,0 101.522530853,1.661356574,0 101.52259501,1.661392749,0 101.522724574,1.661454379,0 101.522778497,1.661464786,0 101.522814445,1.661461725,0 101.522850394,1.661451161,0 101.52292229,1.66141323,0 101.522989958,1.661356574,0 101.523060208,1.661266138,0 101.523155138,1.66112144,0 101.523209877,1.661067178,0 101.5232672,1.661031004,0 101.523335697,1.660997631,0 101.523497464,1.660953204,0 101.523551387,1.660953204,0 101.523551387,1.660813957,0 101.523533413,1.66079587,0 101.523533413,1.660669259,0 101.523515439,1.660651172,0 101.523515439,1.660524561,0 101.523497464,1.660506474,0 101.523497464,1.660379863,0 101.52347949,1.660361776,0 101.52347949,1.660235165,0 101.523461516,1.660217078,0 101.523461516,1.660090467,0 101.523443542,1.66007238,0 101.523443542,1.65994577,0 101.523425568,1.659927682,0 101.523425568,1.659801072,0 101.523407593,1.659782984,0 101.523407593,1.659656374,0 101.523389619,1.659638287,0 101.523389619,1.659493589,0 101.523371645,1.659475501,0 101.523371645,1.659149931,0 101.523353671,1.659131844,0 101.523353671,1.658788186,0 101.523335697,1.658770099,0 101.523335697,1.658426442,0 101.523317722,1.658408354,0 101.523317722,1.658317918,0 101.523299748,1.658299831,0 101.523299748,1.658209395,0 101.523281774,1.658191308,0 101.523281774,1.658082784,0 101.5232638,1.658064697,0 101.5232638,1.657974261,0 101.523245826,1.657956173,0 101.523245826,1.65784765,0 101.523227852,1.657829563,0 101.523227852,1.657739127,0 101.523209877,1.657721039,0 101.523209877,1.657630603,0 101.523191903,1.657612516,0 101.523191903,1.657503993,0 101.523173929,1.657485905,0 101.523173929,1.657395469,0 101.523155955,1.657377382,0 101.523155955,1.657268858,0 101.523137981,1.657250771,0 101.523137981,1.657160335,0 101.523120006,1.657142248,0 101.523120006,1.657051812,0 101.523102032,1.657033724,0 101.523102032,1.656925201,0 101.523084058,1.656907114,0 101.523084058,1.656816677,0 101.523066084,1.65679859,0 101.523066084,1.656690067,0 101.52304811,1.65667198,0 101.52304811,1.656581543,0 101.523030135,1.656563456,0 101.523030135,1.656454933,0 101.523012161,1.656436845,0 101.523012161,1.656310235,0 101.522994187,1.656292148,0 101.522994187,1.65614745,0 101.522976213,1.656129362,0 101.522976213,1.656122311,0 101.522904316,1.656122311,0 101.522868368,1.65611264,0 101.522832419,1.65611094,0 101.522814445,1.656103236,0 101.522796471,1.656086878,0 101.522778497,1.656085867,0 
					</coordinates>
				</LinearRing>
			</outerBoundaryIs>
			<innerBoundaryIs>
				<LinearRing>
					<coordinates>
						101.521574226,1.668702863,0 101.521753968,1.668712713,0 101.521807891,1.66872063,0 101.521843839,1.668730394,0 101.521897762,1.66876234,0 101.521933311,1.668808515,0 101.521952594,1.668898952,0 101.521981641,1.668989388,0 101.521981235,1.669025562,0 101.521969364,1.669061737,0 101.521943259,1.669097911,0 101.521897762,1.669137507,0 101.521861813,1.669156129,0 101.521807891,1.66917276,0 101.521753968,1.669180326,0 101.52171802,1.669179726,0 101.521664097,1.669167357,0 101.521556252,1.669112568,0 101.521520304,1.669100094,0 101.521484355,1.669093992,0 101.521430433,1.669095004,0 101.521394484,1.669104528,0 101.521372017,1.669115998,0 101.521268665,1.66919328,0 101.521247565,1.669206435,0 101.521201761,1.669224522,0 101.521142846,1.669236897,0 101.521070949,1.669241403,0 101.521017026,1.669238992,0 101.520981078,1.669232435,0 101.520968496,1.669224522,0 101.521052975,1.669138775,0 101.521079119,1.669097911,0 101.521178794,1.668986976,0 101.521277652,1.668862777,0 101.521334825,1.668808515,0 101.521430433,1.668740625,0 101.521466381,1.668722723,0 101.521502329,1.668711454,0 101.521574226,1.668702863,0 
					</coordinates>
				</LinearRing>
				<LinearRing>
					<coordinates>
						101.521969658,1.667913714,0 101.522005607,1.667913961,0 101.522113452,1.66792974,0 101.522239271,1.667936087,0 101.522311168,1.667944122,0 101.522347116,1.667951846,0 101.52249029,1.66799459,0 101.522533046,1.668012677,0 101.522564466,1.668030764,0 101.522585084,1.668048851,0 101.52260154,1.668085026,0 101.522591086,1.6681212,0 101.522577595,1.668139288,0 101.522474627,1.668229724,0 101.522401039,1.668286073,0 101.522347116,1.668317064,0 101.522293194,1.668334122,0 101.522239271,1.668338107,0 101.522113452,1.668328578,0 101.522041555,1.668326983,0 101.52171802,1.668335986,0 101.521664097,1.668334993,0 101.521628149,1.668331452,0 101.521574226,1.668318917,0 101.521537279,1.668302073,0 101.521493423,1.668265898,0 101.521466381,1.668226177,0 101.521454826,1.668175462,0 101.521465709,1.668139288,0 101.52149788,1.668103113,0 101.521538278,1.668071719,0 101.521574226,1.668051083,0 101.521628149,1.668027218,0 101.521771942,1.667974748,0 101.521879787,1.667930295,0 101.52193371,1.66791726,0 101.521969658,1.667913714,0 
					</coordinates>
				</LinearRing>
				<LinearRing>
					<coordinates>
						101.521915736,1.666746893,0 101.521951684,1.666750681,0 101.522002012,1.666764658,0 101.522020409,1.666782745,0 101.522018851,1.666800832,0 101.52199662,1.666818919,0 101.52193371,1.666847012,0 101.521879787,1.666861877,0 101.521843839,1.666864741,0 101.521807891,1.666859732,0 101.521771942,1.666843244,0 101.521758462,1.666818919,0 101.521765141,1.666800832,0 101.521783426,1.666782745,0 101.521825865,1.666760899,0 101.521879787,1.666748763,0 101.521915736,1.666746893,0 
					</coordinates>
				</LinearRing>
				<LinearRing>
					<coordinates>
						101.522778497,1.666188579,0 101.522814445,1.66619168,0 101.522865158,1.666203953,0 101.522898325,1.666222041,0 101.522911717,1.666240128,0 101.522913303,1.666276302,0 101.522904878,1.66629439,0 101.522862376,1.666330564,0 101.52280265,1.666366739,0 101.522732563,1.666421,0 101.522639526,1.666529524,0 101.522562807,1.666583115,0 101.52249091,1.666623577,0 101.522401039,1.666652074,0 101.522257245,1.666671395,0 101.522185349,1.666684861,0 101.5221494,1.666685074,0 101.522113452,1.666675794,0 101.522104938,1.666656134,0 101.522103341,1.66661996,0 101.522114909,1.666583785,0 101.522132483,1.666565698,0 101.5221494,1.66655731,0 101.522239271,1.666522176,0 101.522299816,1.666493349,0 101.522335882,1.666457175,0 101.52236509,1.666384826,0 101.522378296,1.666366739,0 101.522436249,1.666312477,0 101.52249091,1.666285276,0 101.522580781,1.666252692,0 101.522652677,1.666217373,0 101.5227066,1.666197839,0 101.522778497,1.666188579,0 
					</coordinates>
				</LinearRing>
				<LinearRing>
					<coordinates>
						101.522994187,1.66558774,0 101.523012161,1.665591367,0 101.523030135,1.66560139,0 101.523049744,1.665625162,0 101.523049639,1.665643249,0 101.523037049,1.665661336,0 101.523012161,1.665680763,0 101.522976213,1.665692641,0 101.522940265,1.665691738,0 101.522909046,1.665679424,0 101.522888793,1.665661336,0 101.522888416,1.665643249,0 101.522903674,1.665625162,0 101.522958239,1.665591801,0 101.522994187,1.66558774,0 
					</coordinates>
				</LinearRing>
				<LinearRing>
					<coordinates>
						101.521214742,1.664204618,0 101.521250691,1.664207342,0 101.521286639,1.664218769,0 101.521306912,1.664232445,0 101.5213264,1.664268619,0 101.521319164,1.664304794,0 101.521295076,1.664340968,0 101.521232717,1.664384248,0 101.521070949,1.664446636,0 101.521026522,1.664485666,0 101.521014912,1.66452184,0 101.521019299,1.664594189,0 101.520984779,1.6647208,0 101.520963104,1.66475509,0 101.520927155,1.664792503,0 101.520801336,1.664866343,0 101.520729439,1.664915276,0 101.520675517,1.664939929,0 101.520621594,1.66494824,0 101.520585646,1.664944792,0 101.520549697,1.664930311,0 101.520513749,1.664896246,0 101.520501461,1.664865498,0 101.520517743,1.664811236,0 101.520549697,1.664768389,0 101.520648205,1.664666538,0 101.520711954,1.664539928,0 101.520765388,1.664474564,0 101.520801336,1.664450509,0 101.520837284,1.664436423,0 101.520963104,1.664418637,0 101.521035001,1.664396071,0 101.521049915,1.664377143,0 101.521052592,1.664322881,0 101.52106923,1.664286706,0 101.52109996,1.664250532,0 101.521142846,1.664221541,0 101.521178794,1.664208834,0 101.521214742,1.664204618,0 
					</coordinates>
				</LinearRing>
				<LinearRing>
					<coordinates>
						101.522113452,1.663697866,0 101.522131426,1.663703895,0 101.522133823,1.663726002,0 101.522102967,1.663762177,0 101.521991435,1.6638707,0 101.521945932,1.663906874,0 101.521897762,1.663936739,0 101.521825865,1.663964944,0 101.521753968,1.663981094,0 101.52171802,1.663983996,0 101.521666094,1.663979223,0 101.521643247,1.663961136,0 101.521643555,1.663943049,0 101.521653313,1.663924962,0 101.521703374,1.6638707,0 101.521748216,1.663834525,0 101.52181075,1.663798351,0 101.521897762,1.663757603,0 101.522041555,1.663709362,0 101.522095478,1.663698138,0 101.522113452,1.663697866,0 
					</coordinates>
				</LinearRing>
				<LinearRing>
					<coordinates>
						101.523551387,1.663033389,0 101.523605309,1.663034165,0 101.523641258,1.663043269,0 101.523659232,1.663056021,0 101.523659232,1.66311539,0 101.523623284,1.663146233,0 101.523587335,1.663157177,0 101.523551387,1.66315799,0 101.52347949,1.663146146,0 101.52341288,1.663129123,0 101.523386493,1.663111036,0 101.523393527,1.663092949,0 101.523419576,1.663074862,0 101.523460767,1.663056774,0 101.523517436,1.663038687,0 101.523551387,1.663033389,0 
					</coordinates>
				</LinearRing>
				<LinearRing>
					<coordinates>
						101.519884653,1.662573587,0 101.519902627,1.662574448,0 101.519920601,1.662580854,0 101.519945315,1.662604593,0 101.519946792,1.662622681,0 101.519924595,1.662658855,0 101.519899257,1.662676942,0 101.519786793,1.662731204,0 101.519704911,1.662762979,0 101.51961504,1.662782513,0 101.519561117,1.662781245,0 101.519543143,1.662773408,0 101.519525169,1.662756739,0 101.519516438,1.662731204,0 101.519539607,1.66269503,0 101.519581706,1.662658855,0 101.519644597,1.662622681,0 101.519693527,1.662604593,0 101.519740859,1.662594203,0 101.519884653,1.662573587,0 
					</coordinates>
				</LinearRing>
				<LinearRing>
					<coordinates>
						101.521538278,1.660886306,0 101.521542771,1.660904393,0 101.521523898,1.66092248,0 101.521484355,1.660943856,0 101.521466381,1.660947145,0 101.521448407,1.6609455,0 101.521412459,1.660948104,0 101.521394484,1.660940568,0 101.521379077,1.66092248,0 101.521412459,1.660910853,0 101.521430433,1.660908413,0 101.521484355,1.660892883,0 101.521520304,1.660886306,0 101.521538278,1.660886306,0 
					</coordinates>
				</LinearRing>
			</innerBoundaryIs>
		</Polygon>
	</Placemark>
	<Placemark>
		<name>8-10m</name>
		<styleUrl>#style.#FFFFCC00..0.255</styleUrl>
		<Polygon>
			<tessellate>1</tessellate>
			<outerBoundaryIs>
				<LinearRing>
					<coordinates>
						101.524288329,1.667051128,0 101.524248174,1.667054053,0 101.524239599,1.667090228,0 101.524249584,1.667126402,0 101.52425238,1.667132158,0 101.524324277,1.667132158,0 101.524324277,1.667054053,0 101.524306303,1.667054053,0 101.524288329,1.667051128,0 
					</coordinates>
				</LinearRing>
			</outerBoundaryIs>
		</Polygon>
	</Placemark>
	<Placemark>
		<name>8-10m</name>
		<styleUrl>#style.#FFFFCC00..0.255</styleUrl>
		<Polygon>
			<tessellate>1</tessellate>
			<outerBoundaryIs>
				<LinearRing>
					<coordinates>
						101.518967969,1.661843025,0 101.518878098,1.661860522,0 101.518788227,1.661870996,0 101.518756426,1.661881104,0 101.518728313,1.661899191,0 101.518689702,1.661953453,0 101.518648178,1.662061976,0 101.518634162,1.662152412,0 101.518644434,1.662195822,0 101.518662408,1.662194616,0 101.518680382,1.662184969,0 101.518770253,1.66209996,0 101.518845145,1.662043889,0 101.518852135,1.662025802,0 101.518878098,1.662004097,0 101.518896072,1.661994795,0 101.518967969,1.661985106,0 101.519012904,1.66197154,0 101.519075814,1.661937174,0 101.519087797,1.661917278,0 101.519085799,1.661899191,0 101.519070678,1.661863017,0 101.51905784,1.66185548,0 101.519021891,1.661843286,0 101.518967969,1.661843025,0 
					</coordinates>
				</LinearRing>
			</outerBoundaryIs>
		</Polygon>
	</Placemark>
	<Placemark>
		<name>8-10m</name>
		<styleUrl>#style.#FFFFCC00..0.255</styleUrl>
		<Polygon>
			<tessellate>1</tessellate>
			<outerBoundaryIs>
				<LinearRing>
					<coordinates>
						101.520082369,1.667993143,0 101.520028446,1.667994428,0 101.519974523,1.668010003,0 101.519916961,1.668048851,0 101.519854995,1.6681212,0 101.519824047,1.668175462,0 101.51983073,1.668212332,0 101.519848704,1.668242923,0 101.519920601,1.668274188,0 101.519956549,1.668283276,0 101.520028446,1.668286374,0 101.520082369,1.668275829,0 101.520118317,1.668262281,0 101.520201598,1.668211637,0 101.520250812,1.668157375,0 101.520263608,1.6681212,0 101.520259806,1.668103113,0 101.520235149,1.668066939,0 101.520214179,1.668048851,0 101.520151946,1.668012677,0 101.520082369,1.667993143,0 
					</coordinates>
				</LinearRing>
			</outerBoundaryIs>
		</Polygon>
	</Placemark>
	<Placemark>
		<name>10-12m</name>
		<styleUrl>#style.#FFFFE696..0.255</styleUrl>
		<Polygon>
			<tessellate>1</tessellate>
			<outerBoundaryIs>
				<LinearRing>
					<coordinates>
						101.518213053,1.660633085,0 101.518213053,1.660669259,0 101.518231027,1.66066597,0 101.518266976,1.66066597,0 101.51826932,1.660651172,0 101.518266976,1.660639544,0 101.518249001,1.660639544,0 101.518231027,1.660651172,0 101.518213053,1.660633085,0 
					</coordinates>
				</LinearRing>
			</outerBoundaryIs>
		</Polygon>
	</Placemark>
	<Placemark>
		<name>10-12m</name>
		<styleUrl>#style.#FFFFE696..0.255</styleUrl>
		<Polygon>
			<tessellate>1</tessellate>
			<outerBoundaryIs>
				<LinearRing>
					<coordinates>
						101.51983073,1.660032841,0 101.519670345,1.660054293,0 101.519453272,1.660109619,0 101.519381375,1.660134794,0 101.519021891,1.660315403,0 101.51871633,1.660507327,0 101.518626459,1.660594097,0 101.51853171,1.660651172,0 101.518493607,1.660705434,0 101.518467171,1.660723521,0 101.518392795,1.660731289,0 101.518266976,1.660733282,0 101.518249001,1.660741608,0 101.518231027,1.660723521,0 101.518231027,1.660777782,0 101.518249001,1.66079587,0 101.518249001,1.661881104,0 101.518231027,1.661881104,0 101.518231027,1.662875902,0 101.518213053,1.662875902,0 101.518213053,1.662893989,0 101.518231027,1.662883137,0 101.51828495,1.662881153,0 101.518374821,1.66286494,0 101.518572537,1.662807919,0 101.518967969,1.662723132,0 101.51905784,1.662694464,0 101.519202675,1.662622681,0 101.519286262,1.662568419,0 101.519417324,1.662471253,0 101.519471246,1.662441808,0 101.519597719,1.662387547,0 101.519666996,1.662333285,0 101.519712871,1.662279023,0 101.519732758,1.662242849,0 101.519738051,1.662206674,0 101.519717329,1.662152412,0 101.519676068,1.662098151,0 101.519625712,1.662061976,0 101.519579091,1.662040444,0 101.519471246,1.662011332,0 101.519422226,1.661989627,0 101.519402944,1.66197154,0 101.519396686,1.661953453,0 101.519405547,1.661917278,0 101.519435298,1.661863017,0 101.51946173,1.661844929,0 101.519634512,1.661790668,0 101.51970677,1.661754493,0 101.519730286,1.661736406,0 101.519795473,1.66164597,0 101.519848704,1.66161316,0 101.519940972,1.661573621,0 101.519997633,1.661537446,0 101.520047918,1.661501272,0 101.52005459,1.661465097,0 101.52003968,1.661428923,0 101.519992498,1.661416003,0 101.519758833,1.661403328,0 101.519686936,1.661392749,0 101.519654583,1.661374661,0 101.519650988,1.661363809,0 101.519650207,1.661338487,0 101.519661525,1.661302312,0 101.51968165,1.661266138,0 101.519726111,1.661211876,0 101.519874608,1.661067178,0 101.520082369,1.660924163,0 101.520118317,1.66089334,0 101.520208188,1.660782434,0 101.520280085,1.660673927,0 101.520369956,1.660557721,0 101.520423878,1.660520542,0 101.520504762,1.660488387,0 101.520549697,1.66046427,0 101.520633032,1.66039795,0 101.52064496,1.660379863,0 101.520691694,1.660343689,0 101.520765388,1.660272731,0 101.520795344,1.660253253,0 101.520817064,1.660198991,0 101.520823305,1.660144729,0 101.520817064,1.660126642,0 101.520778226,1.660090467,0 101.520729439,1.660065424,0 101.520693491,1.660056705,0 101.520639568,1.660055423,0 101.520585646,1.660063869,0 101.520531723,1.660083233,0 101.520405904,1.66014144,0 101.520369956,1.660147512,0 101.520334007,1.660139561,0 101.520244136,1.660100902,0 101.520136291,1.660063813,0 101.519992498,1.660039398,0 101.51983073,1.660032841,0 
					</coordinates>
				</LinearRing>
			</outerBoundaryIs>
			<innerBoundaryIs>
				<LinearRing>
					<coordinates>
						101.518967969,1.661843025,0 101.519021891,1.661843286,0 101.51905784,1.66185548,0 101.519070678,1.661863017,0 101.519085799,1.661899191,0 101.519087797,1.661917278,0 101.519075814,1.661937174,0 101.519012904,1.66197154,0 101.518967969,1.661985106,0 101.518896072,1.661994795,0 101.518878098,1.662004097,0 101.518852135,1.662025802,0 101.518845145,1.662043889,0 101.518770253,1.66209996,0 101.518680382,1.662184969,0 101.518662408,1.662194616,0 101.518644434,1.662195822,0 101.518634162,1.662152412,0 101.518648178,1.662061976,0 101.518689702,1.661953453,0 101.518728313,1.661899191,0 101.518756426,1.661881104,0 101.518788227,1.661870996,0 101.518878098,1.661860522,0 101.518967969,1.661843025,0 
					</coordinates>
				</LinearRing>
			</innerBoundaryIs>
		</Polygon>
	</Placemark>
	<Placemark>
		<name>10-12m</name>
		<styleUrl>#style.#FFFFE696..0.255</styleUrl>
		<Polygon>
			<tessellate>1</tessellate>
			<outerBoundaryIs>
				<LinearRing>
					<coordinates>
						101.519758833,1.665407684,0 101.519686936,1.665409407,0 101.519650988,1.665415999,0 101.519597066,1.665434743,0 101.519437994,1.665516638,0 101.519399349,1.665531711,0 101.519237582,1.66556915,0 101.519183659,1.665587313,0 101.519111762,1.66561865,0 101.519021891,1.665669593,0 101.519003917,1.665673955,0 101.518985943,1.665670832,0 101.518967969,1.665658403,0 101.518932021,1.66566082,0 101.518896072,1.66565738,0 101.518860124,1.66563722,0 101.51884215,1.66563722,0 101.518824175,1.665643249,0 101.518806201,1.665625162,0 101.518806201,1.666113517,0 101.518824175,1.666131604,0 101.518824175,1.666203953,0 101.51884215,1.666222041,0 101.518860124,1.666213359,0 101.518896072,1.666209982,0 101.518985943,1.666181887,0 101.5191552,1.666113517,0 101.519399349,1.666030221,0 101.519471246,1.665999128,0 101.519525169,1.665968587,0 101.519597066,1.665913228,0 101.519742902,1.665751772,0 101.519797547,1.665715598,0 101.519936328,1.665643249,0 101.519987305,1.665607075,0 101.520031681,1.665552813,0 101.520047237,1.665498551,0 101.520027063,1.665462377,0 101.519992498,1.665441766,0 101.519956549,1.66543137,0 101.519758833,1.665407684,0 
					</coordinates>
				</LinearRing>
			</outerBoundaryIs>
		</Polygon>
	</Placemark>
	<Placemark>
		<name>10-12m</name>
		<styleUrl>#style.#FFFFE696..0.255</styleUrl>
		<Polygon>
			<tessellate>1</tessellate>
			<outerBoundaryIs>
				<LinearRing>
					<coordinates>
						101.519021891,1.666565698,0 101.519021891,1.666583785,0 101.519039866,1.666601873,0 101.519039866,1.66661996,0 101.51905784,1.666638047,0 101.51905784,1.666656134,0 101.519075814,1.666674222,0 101.519075814,1.666692309,0 101.519093788,1.666710396,0 101.519093788,1.666728483,0 101.519111762,1.66674657,0 101.519111762,1.666764658,0 101.519129737,1.666782745,0 101.519129737,1.666800832,0 101.519147711,1.666818919,0 101.519147711,1.666837007,0 101.519165685,1.666855094,0 101.519165685,1.666873181,0 101.519183659,1.666891268,0 101.519183659,1.666909356,0 101.519201633,1.666927443,0 101.519201633,1.66694553,0 101.519219608,1.666963617,0 101.519219608,1.666981705,0 101.519237582,1.666999792,0 101.519237582,1.667017879,0 101.519255556,1.667035966,0 101.519255556,1.667054053,0 101.51927353,1.667072141,0 101.51927353,1.667090228,0 101.519291504,1.667108315,0 101.519291504,1.667126402,0 101.519309478,1.66714449,0 101.519309478,1.667162577,0 101.519327453,1.667180664,0 101.519327453,1.667198751,0 101.519345427,1.667216839,0 101.519345427,1.667234926,0 101.519363401,1.667253013,0 101.519363401,1.6672711,0 101.519381375,1.667289188,0 101.519381375,1.667307275,0 101.519399349,1.667325362,0 101.519399349,1.667343449,0 101.519417324,1.667361536,0 101.519417324,1.667379624,0 101.519435298,1.667397711,0 101.519435298,1.667415798,0 101.519453272,1.667433885,0 101.519453272,1.667451973,0 101.519471246,1.66747006,0 101.519471246,1.667488147,0 101.51948922,1.667506234,0 101.51948922,1.667524322,0 101.519507195,1.667542409,0 101.519507195,1.667560496,0 101.519525169,1.667578583,0 101.519525169,1.667596671,0 101.519543143,1.667614758,0 101.519543143,1.667632845,0 101.519561117,1.667650932,0 101.519561117,1.66766902,0 101.519579091,1.667687107,0 101.519579091,1.667777543,0 101.519597066,1.66779563,0 101.519597066,1.667904154,0 101.51961504,1.667922241,0 101.51961504,1.668030764,0 101.519633014,1.668048851,0 101.519633014,1.668157375,0 101.519650988,1.668175462,0 101.519650988,1.668283986,0 101.519668962,1.668302073,0 101.519668962,1.668410596,0 101.519686936,1.668428683,0 101.519686936,1.668736166,0 101.519704911,1.668723315,0 101.519740859,1.668723315,0 101.519848704,1.668700433,0 101.519902627,1.668680021,0 101.520064394,1.668647469,0 101.520208188,1.66861148,0 101.520369956,1.66859373,0 101.520459827,1.668596228,0 101.520513749,1.668605034,0 101.520549697,1.66862506,0 101.520578456,1.668663817,0 101.520609012,1.668681905,0 101.520729439,1.6687223,0 101.520783362,1.668725527,0 101.520837284,1.668710327,0 101.520891207,1.668682809,0 101.520976085,1.668609556,0 101.520983193,1.668591469,0 101.520976176,1.668573381,0 101.52094513,1.668559102,0 101.520765388,1.668545976,0 101.520693491,1.668535815,0 101.520639568,1.668516536,0 101.52060362,1.668491457,0 101.520582378,1.668464858,0 101.520579175,1.668446771,0 101.520583326,1.668392509,0 101.520564863,1.668302073,0 101.520567672,1.668211637,0 101.520573064,1.668175462,0 101.52061308,1.668048851,0 101.520668841,1.667940328,0 101.520734923,1.667831805,0 101.520790225,1.667687107,0 101.520850316,1.667614758,0 101.520891207,1.667586861,0 101.520975686,1.667542409,0 101.521014894,1.667506234,0 101.521039384,1.66747006,0 101.521085682,1.667361536,0 101.521097502,1.667307275,0 101.521089468,1.6672711,0 101.521070949,1.667249895,0 101.520982024,1.667198751,0 101.52097317,1.667162577,0 101.52099366,1.667108315,0 101.521054259,1.667017879,0 101.52111741,1.666873181,0 101.521115884,1.666800832,0 101.521098989,1.666764658,0 101.521079038,1.66674657,0 101.521045486,1.666728483,0 101.520999052,1.666721162,0 101.520927155,1.666734967,0 101.520729439,1.666814843,0 101.520441852,1.666894362,0 101.520280085,1.666967829,0 101.519992498,1.667078047,0 101.519888932,1.667126402,0 101.519668962,1.667216839,0 101.519633014,1.667222114,0 101.519597066,1.667209087,0 101.519545462,1.667162577,0 101.519366044,1.666909356,0 101.519280443,1.666800832,0 101.519075814,1.666579067,0 101.51905784,1.666579067,0 101.519039866,1.666583785,0 101.519021891,1.666565698,0 
					</coordinates>
				</LinearRing>
			</outerBoundaryIs>
			<innerBoundaryIs>
				<LinearRing>
					<coordinates>
						101.520082369,1.667993143,0 101.520151946,1.668012677,0 101.520214179,1.668048851,0 101.520235149,1.668066939,0 101.520259806,1.668103113,0 101.520263608,1.6681212,0 101.520250812,1.668157375,0 101.520201598,1.668211637,0 101.520118317,1.668262281,0 101.520082369,1.668275829,0 101.520028446,1.668286374,0 101.519956549,1.668283276,0 101.519920601,1.668274188,0 101.519848704,1.668242923,0 101.51983073,1.668212332,0 101.519824047,1.668175462,0 101.519854995,1.6681212,0 101.519916961,1.668048851,0 101.519974523,1.668010003,0 101.520028446,1.667994428,0 101.520082369,1.667993143,0 
					</coordinates>
				</LinearRing>
			</innerBoundaryIs>
		</Polygon>
	</Placemark>
	<Placemark>
		<name>10-12m</name>
		<styleUrl>#style.#FFFFE696..0.255</styleUrl>
		<Polygon>
			<tessellate>1</tessellate>
			<outerBoundaryIs>
				<LinearRing>
					<coordinates>
						101.539494492,1.699190718,0 101.539422595,1.699190718,0 101.539350698,1.699200814,0 101.53931475,1.699209138,0 101.539104346,1.699285502,0 101.538955266,1.699346603,0 101.538883369,1.699371232,0 101.538847421,1.699380546,0 101.538775524,1.699393748,0 101.538595782,1.699418206,0 101.538362118,1.699439217,0 101.538182376,1.699471226,0 101.538110479,1.699485657,0 101.538056557,1.699499347,0 101.53800046,1.699520636,0 101.537840866,1.699596666,0 101.53776897,1.69962502,0 101.537715047,1.699640844,0 101.537607202,1.699662618,0 101.537535305,1.699680608,0 101.537366185,1.699737683,0 101.537175822,1.699806703,0 101.536834312,1.69990638,0 101.536744933,1.699936643,0 101.536708493,1.699953149,0 101.536582673,1.700022376,0 101.536510777,1.700053589,0 101.536474828,1.700063166,0 101.535827757,1.700199705,0 101.535737886,1.700226576,0 101.53566599,1.700255352,0 101.535090816,1.70055144,0 101.535036893,1.700573642,0 101.534964996,1.700595512,0 101.534929048,1.700599841,0 101.534587538,1.70062721,0 101.534425771,1.700649581,0 101.534246029,1.700663838,0 101.534192106,1.700680342,0 101.534048313,1.700757373,0 101.533958442,1.70078962,0 101.533580984,1.700842511,0 101.533545036,1.700843265,0 101.533527061,1.700841881,0 101.53343719,1.700825794,0 101.533329345,1.700812317,0 101.5332215,1.70081023,0 101.533185552,1.700806523,0 101.533113655,1.700791856,0 101.533059732,1.700772934,0 101.532969862,1.700748056,0 101.532951887,1.700748056,0 101.532933913,1.700750568,0 101.532915939,1.700750568,0 101.532915939,1.700786742,0 101.532897965,1.700786742,0 101.532897965,1.700877179,0 101.532879991,1.700877179,0 101.532879991,1.700949528,0 101.532897965,1.700949528,0 101.532915939,1.700935938,0 101.532933913,1.700935938,0 101.533065724,1.700967615,0 101.533113655,1.700975366,0 101.533167578,1.700979303,0 101.533275423,1.7009767,0 101.533311371,1.700978117,0 101.533401242,1.70098562,0 101.533491113,1.700997419,0 101.533545036,1.700996027,0 101.533688829,1.700978841,0 101.533760726,1.700976251,0 101.533832623,1.700970423,0 101.533922493,1.70096076,0 101.533976416,1.70095233,0 101.534030339,1.700940702,0 101.534066287,1.700928306,0 101.534192106,1.700864905,0 101.534246029,1.700844126,0 101.534281977,1.700835453,0 101.534479693,1.700811859,0 101.534605513,1.700786742,0 101.534659435,1.700778704,0 101.534964996,1.700752907,0 101.535000945,1.700746807,0 101.535072842,1.700725295,0 101.535126764,1.700703575,0 101.535288532,1.700625268,0 101.535576119,1.700476713,0 101.535719912,1.700411455,0 101.535845732,1.700374211,0 101.536043448,1.700329533,0 101.536474828,1.700238857,0 101.536546725,1.700219178,0 101.536762415,1.700119609,0 101.537085951,1.700022942,0 101.537157847,1.700003796,0 101.537229744,1.699979394,0 101.537301641,1.699947691,0 101.537414844,1.699882381,0 101.537499357,1.699841438,0 101.537607202,1.699800461,0 101.537733021,1.699761761,0 101.537800317,1.699737683,0 101.537885922,1.699701509,0 101.538056557,1.699622098,0 101.538110479,1.699601912,0 101.538164402,1.699587051,0 101.538218324,1.699575876,0 101.538380092,1.699555161,0 101.538416041,1.699548792,0 101.538631731,1.699499234,0 101.538703628,1.699487795,0 101.538867143,1.699466375,0 101.53897324,1.699446549,0 101.539027163,1.699423586,0 101.539129273,1.699357851,0 101.539224615,1.69930359,0 101.539278802,1.699280538,0 101.539332724,1.699263246,0 101.539368672,1.699257706,0 101.539404621,1.699256231,0 101.539476518,1.699259999,0 101.53953044,1.699266946,0 101.539548414,1.699260607,0 101.539584363,1.699260607,0 101.539602337,1.699267415,0 101.539584363,1.699249328,0 101.539566389,1.699249328,0 101.539548414,1.699231241,0 101.53953044,1.699231241,0 101.539512466,1.699213154,0 101.539494492,1.699195066,0 101.539494492,1.699190718,0 
					</coordinates>
				</LinearRing>
			</outerBoundaryIs>
		</Polygon>
	</Placemark>
	<Placemark>
		<name>10-12m</name>
		<styleUrl>#style.#FFFFE696..0.255</styleUrl>
		<Polygon>
			<tessellate>1</tessellate>
			<outerBoundaryIs>
				<LinearRing>
					<coordinates>
						101.522113452,1.663697866,0 101.522095478,1.663698138,0 101.522041555,1.663709362,0 101.521897762,1.663757603,0 101.52181075,1.663798351,0 101.521748216,1.663834525,0 101.521703374,1.6638707,0 101.521653313,1.663924962,0 101.521643555,1.663943049,0 101.521643247,1.663961136,0 101.521666094,1.663979223,0 101.52171802,1.663983996,0 101.521753968,1.663981094,0 101.521825865,1.663964944,0 101.521897762,1.663936739,0 101.521945932,1.663906874,0 101.521991435,1.6638707,0 101.522102967,1.663762177,0 101.522133823,1.663726002,0 101.522131426,1.663703895,0 101.522113452,1.663697866,0 
					</coordinates>
				</LinearRing>
			</outerBoundaryIs>
		</Polygon>
	</Placemark>
	<Placemark>
		<name>10-12m</name>
		<styleUrl>#style.#FFFFE696..0.255</styleUrl>
		<Polygon>
			<tessellate>1</tessellate>
			<outerBoundaryIs>
				<LinearRing>
					<coordinates>
						101.525187038,1.692714518,0 101.525133115,1.692737925,0 101.525149293,1.692846448,0 101.525187038,1.692873579,0 101.525222986,1.692881559,0 101.525258935,1.692875589,0 101.52530017,1.692846448,0 101.5253118,1.692810274,0 101.525307181,1.692792187,0 101.525273913,1.692737925,0 101.525240961,1.692718546,0 101.525187038,1.692714518,0 
					</coordinates>
				</LinearRing>
			</outerBoundaryIs>
		</Polygon>
	</Placemark>
	<Placemark>
		<name>10-12m</name>
		<styleUrl>#style.#FFFFE696..0.255</styleUrl>
		<Polygon>
			<tessellate>1</tessellate>
			<outerBoundaryIs>
				<LinearRing>
					<coordinates>
						101.531190417,1.692014436,0 101.531190417,1.692032523,0 101.531172443,1.692028412,0 101.531136494,1.692028412,0 101.53111852,1.692030967,0 101.531028649,1.692034088,0 101.530992701,1.692041182,0 101.530920804,1.692064176,0 101.530794985,1.692132575,0 101.53068714,1.69218124,0 101.530564129,1.692231483,0 101.530453475,1.692282691,0 101.530291707,1.692349812,0 101.530022095,1.692459471,0 101.529968172,1.692478244,0 101.52991425,1.69249087,0 101.529860327,1.692499133,0 101.529662611,1.69251706,0 101.529554766,1.692529425,0 101.529482869,1.69254146,0 101.529421757,1.692557053,0 101.529321101,1.692592288,0 101.529177308,1.692634271,0 101.529051488,1.692658021,0 101.528943643,1.692671526,0 101.528871747,1.692683181,0 101.528817824,1.692696224,0 101.528638082,1.69274683,0 101.528494289,1.692775878,0 101.528314547,1.692819026,0 101.528188727,1.692838912,0 101.528134805,1.692849622,0 101.528080882,1.692865488,0 101.527955063,1.692909606,0 101.527757347,1.692973351,0 101.527613553,1.693029299,0 101.527559631,1.693045408,0 101.527505708,1.693056746,0 101.527397863,1.693073071,0 101.527325966,1.693086301,0 101.527272044,1.693093138,0 101.527236095,1.693095329,0 101.527200147,1.693095624,0 101.527038379,1.693090626,0 101.526948508,1.693092826,0 101.526876612,1.693100661,0 101.526804715,1.693111639,0 101.526750792,1.693122852,0 101.526732818,1.693124288,0 101.526714844,1.693123616,0 101.526642947,1.693112105,0 101.526571051,1.693108857,0 101.526535102,1.693103616,0 101.526517128,1.693103689,0 101.526499154,1.693106704,0 101.526463205,1.693118453,0 101.526427257,1.693126067,0 101.526409283,1.693125865,0 101.526373334,1.693118709,0 101.52635536,1.693121565,0 101.526285097,1.693153931,0 101.526229541,1.693168401,0 101.52613967,1.693184186,0 101.526031825,1.69319659,0 101.525870057,1.693221974,0 101.525780186,1.693237228,0 101.52558247,1.693278336,0 101.525546522,1.693281528,0 101.525528548,1.693281511,0 101.525456651,1.693272649,0 101.525402728,1.693261144,0 101.52536678,1.693250812,0 101.525251232,1.693190106,0 101.525169064,1.693128907,0 101.525115141,1.693097373,0 101.525097167,1.693107809,0 101.525079193,1.693112072,0 101.525061219,1.693077061,0 101.525043245,1.693089964,0 101.52502527,1.693089964,0 101.525007296,1.69309967,0 101.52502527,1.693117757,0 101.525043245,1.693135844,0 101.525061219,1.693153931,0 101.525079193,1.693153931,0 101.525097167,1.693172019,0 101.525133115,1.693208193,0 101.52515109,1.69322628,0 101.525169064,1.69322628,0 101.525187038,1.693244367,0 101.525205012,1.693262455,0 101.525222986,1.693280542,0 101.525240961,1.693298629,0 101.525258935,1.693298629,0 101.525276909,1.693316716,0 101.525294883,1.693334804,0 101.525312857,1.693352891,0 101.525330832,1.693370978,0 101.525348806,1.693370978,0 101.52536678,1.693389065,0 101.525384754,1.693407153,0 101.525402728,1.69342524,0 101.525420702,1.69342524,0 101.525438677,1.693443327,0 101.525474625,1.693479501,0 101.525492599,1.693497589,0 101.525510573,1.693497589,0 101.525528548,1.693515676,0 101.525564496,1.69355185,0 101.52558247,1.693569938,0 101.525600444,1.693569938,0 101.525618419,1.693588025,0 101.525654367,1.693624199,0 101.525672341,1.693624199,0 101.525690315,1.693642287,0 101.525708289,1.693660374,0 101.525726264,1.693678461,0 101.525744238,1.693696548,0 101.525762212,1.693696548,0 101.525780186,1.693714635,0 101.52579816,1.693732723,0 101.525816135,1.69375081,0 101.525834109,1.693768897,0 101.52585038,1.69375081,0 101.525852083,1.693747383,0 101.525870057,1.693747383,0 101.525888031,1.693742869,0 101.525906006,1.693726392,0 101.526013851,1.693710285,0 101.526157644,1.693677774,0 101.526283464,1.693644837,0 101.526337386,1.693633017,0 101.526427257,1.693617243,0 101.526606999,1.693597996,0 101.526678896,1.693587799,0 101.526732818,1.693577625,0 101.526858638,1.693546838,0 101.526930534,1.693533343,0 101.527110276,1.693513974,0 101.52725407,1.693495999,0 101.527343941,1.69348798,0 101.527451786,1.693483157,0 101.527613553,1.693480495,0 101.52768545,1.693475391,0 101.527793295,1.693458326,0 101.527955063,1.693420417,0 101.528494289,1.693264866,0 101.528566185,1.693248523,0 101.528709979,1.693224814,0 101.528779308,1.693208193,0 101.52901554,1.693124791,0 101.529159334,1.693079223,0 101.529410972,1.693026459,0 101.529482869,1.693006366,0 101.529626663,1.692958589,0 101.529752482,1.692923197,0 101.529986146,1.692874841,0 101.530201837,1.69281458,0 101.530382635,1.692774099,0 101.530450207,1.692756012,0 101.530525372,1.692727785,0 101.530741062,1.692629105,0 101.53090283,1.692536924,0 101.530974727,1.692501993,0 101.531028649,1.69248395,0 101.53111852,1.692462999,0 101.531280288,1.692430442,0 101.53133421,1.692412807,0 101.531370159,1.692390896,0 101.531447908,1.692321919,0 101.531478004,1.692307627,0 101.531495978,1.69229304,0 101.531531926,1.69229304,0 101.531549901,1.692303831,0 101.531549901,1.692285744,0 101.531531926,1.692285744,0 101.531478004,1.692231483,0 101.53146003,1.692231483,0 101.531442056,1.692213395,0 101.531424081,1.692195308,0 101.531388133,1.692159134,0 101.531370159,1.692159134,0 101.531352185,1.692141046,0 101.53133421,1.692122959,0 101.531316236,1.692104872,0 101.531298262,1.692104872,0 101.531280288,1.692086785,0 101.531262314,1.692068697,0 101.531244339,1.69205061,0 101.531226365,1.69205061,0 101.531190417,1.692014436,0 
					</coordinates>
				</LinearRing>
			</outerBoundaryIs>
		</Polygon>
	</Placemark>
	<Placemark>
		<name>10-12m</name>
		<styleUrl>#style.#FFFFE696..0.255</styleUrl>
		<Polygon>
			<tessellate>1</tessellate>
			<outerBoundaryIs>
				<LinearRing>
					<coordinates>
						101.526750792,1.687622675,0 101.526732818,1.687627796,0 101.526716699,1.687655413,0 101.526711215,1.687691587,0 101.526722051,1.68787246,0 101.526703982,1.687980983,0 101.526678896,1.688025669,0 101.526606999,1.688101457,0 101.526577123,1.688143768,0 101.526479726,1.688306553,0 101.526423263,1.688415077,0 101.526388013,1.688451251,0 101.52635536,1.688468386,0 101.526337386,1.688472325,0 101.526301438,1.688471045,0 101.526265489,1.688457362,0 101.526225901,1.688415077,0 101.526193593,1.688310339,0 101.526142084,1.688216117,0 101.526134452,1.688161855,0 101.526159278,1.688053332,0 101.526150417,1.68799907,0 101.526103722,1.687952788,0 101.526067773,1.687934713,0 101.526049799,1.687935997,0 101.526031825,1.687947762,0 101.525995876,1.687988061,0 101.525970775,1.688035245,0 101.525973826,1.688107594,0 101.526006893,1.688216117,0 101.526004335,1.688288466,0 101.525956378,1.688433164,0 101.525931169,1.688487426,0 101.525888031,1.688522344,0 101.525834109,1.68854279,0 101.525780186,1.688545876,0 101.525672341,1.688532792,0 101.52558247,1.688526593,0 101.525474625,1.688527564,0 101.525402728,1.688538387,0 101.525348806,1.688553465,0 101.52529713,1.688577862,0 101.525271816,1.688595949,0 101.525248197,1.688632123,0 101.525239903,1.688668298,0 101.525246589,1.688740647,0 101.525308758,1.68884917,0 101.52534051,1.688885345,0 101.525354797,1.688939606,0 101.525340347,1.688957694,0 101.525312857,1.688968998,0 101.525258935,1.688980525,0 101.525217744,1.688993868,0 101.525182544,1.689011955,0 101.525159577,1.689030043,0 101.525127004,1.689066217,0 101.524987076,1.689265177,0 101.524971348,1.689273345,0 101.524935399,1.689277063,0 101.524899451,1.689268465,0 101.524845528,1.689246444,0 101.52480958,1.689237304,0 101.524701735,1.689227098,0 101.524665787,1.689229002,0 101.524647812,1.689233524,0 101.52459389,1.689263669,0 101.524472499,1.689391787,0 101.524396174,1.68944944,0 101.524360225,1.689467913,0 101.524306303,1.689487557,0 101.524270354,1.689496155,0 101.524234406,1.689499779,0 101.524198458,1.689497345,0 101.524108587,1.689478935,0 101.523989848,1.689391787,0 101.523892896,1.689334134,0 101.523838974,1.689309699,0 101.523785051,1.689295189,0 101.523767077,1.689293847,0 101.523731129,1.689297149,0 101.52369518,1.689308086,0 101.523659232,1.689329085,0 101.523623284,1.689365028,0 101.523586917,1.689427962,0 101.523482577,1.689843968,0 101.523470803,1.689916317,0 101.523461516,1.689942443,0 101.523443542,1.689965477,0 101.523389619,1.690002368,0 101.523353671,1.690010888,0 101.523335697,1.69001037,0 101.523299748,1.690002353,0 101.523191903,1.68995154,0 101.523173929,1.6899491,0 101.523163143,1.689952491,0 101.523005625,1.690133364,0 101.522886342,1.690253515,0 101.522832419,1.690301692,0 101.522692684,1.690404672,0 101.522670652,1.690416354,0 101.522652677,1.690416376,0 101.522634703,1.690407687,0 101.522562807,1.69041396,0 101.522544832,1.690410873,0 101.522526858,1.690400588,0 101.522508884,1.690400588,0 101.52249091,1.690404672,0 101.522472936,1.690404672,0 101.522472936,1.690458934,0 101.52249091,1.690477021,0 101.52249091,1.690603632,0 101.522508884,1.690621719,0 101.522508884,1.69074833,0 101.522526858,1.690766417,0 101.522526858,1.690893027,0 101.522544832,1.690911115,0 101.522544832,1.691037725,0 101.522562807,1.691055813,0 101.522634703,1.691128161,0 101.522652677,1.691146249,0 101.522670652,1.691146249,0 101.522652677,1.691128161,0 101.522670652,1.691112945,0 101.522688626,1.691112945,0 101.5227066,1.691099222,0 101.522778497,1.691078578,0 101.522821506,1.691055813,0 101.522940265,1.690962932,0 101.523012161,1.690899056,0 101.523066084,1.690866961,0 101.523120006,1.690853235,0 101.523155955,1.690852834,0 101.523209877,1.690858662,0 101.523281774,1.690853488,0 101.523317722,1.690845383,0 101.523361909,1.690820679,0 101.523389619,1.690792462,0 101.523416153,1.69074833,0 101.523458715,1.690621719,0 101.523505991,1.690531283,0 101.52355057,1.690477021,0 101.523587335,1.690452357,0 101.523614553,1.690440847,0 101.523641258,1.690434541,0 101.523677206,1.690432808,0 101.523713155,1.690437312,0 101.523763191,1.690458934,0 101.523821,1.690502579,0 101.523838974,1.690507769,0 101.523856948,1.690508506,0 101.523874922,1.690505838,0 101.523910871,1.690492561,0 101.523982767,1.690452614,0 101.524042931,1.690404672,0 101.524089212,1.69035041,0 101.52412101,1.690278062,0 101.524139846,1.690187625,0 101.524162509,1.690158234,0 101.524180483,1.690148506,0 101.524198458,1.69014502,0 101.524234406,1.690156089,0 101.524324277,1.690213653,0 101.524450096,1.690313612,0 101.524486045,1.690326758,0 101.524504019,1.690324033,0 101.52453098,1.690296149,0 101.524566798,1.690169538,0 101.524626438,1.690061015,0 101.524647812,1.690039662,0 101.524683761,1.690014792,0 101.524719709,1.689997574,0 101.524755658,1.689988092,0 101.524791606,1.689984646,0 101.524827554,1.689986834,0 101.524881477,1.6900008,0 101.524989322,1.690054986,0 101.525104656,1.690097189,0 101.525222986,1.690157163,0 101.525258935,1.690163803,0 101.525276909,1.690161728,0 101.525312857,1.690147665,0 101.525348806,1.690122427,0 101.525402728,1.690068586,0 101.525438677,1.690020456,0 101.525461216,1.689970579,0 101.525466431,1.689916317,0 101.525447584,1.689807794,0 101.525443654,1.689590747,0 101.52546536,1.689500311,0 101.525474882,1.689482223,0 101.525510573,1.689455397,0 101.525564496,1.689445864,0 101.525636393,1.689440581,0 101.525708289,1.689454834,0 101.525780186,1.689459844,0 101.525906006,1.689491799,0 101.52592398,1.689498971,0 101.525940095,1.689518398,0 101.525977902,1.689634673,0 101.525995876,1.689663698,0 101.526015289,1.689681183,0 101.526049799,1.689702888,0 101.526103722,1.689719367,0 101.526146206,1.689717357,0 101.526193593,1.689701116,0 101.526229541,1.689667495,0 101.526247515,1.689633381,0 101.526287826,1.689500311,0 101.526356203,1.689319438,0 101.52635536,1.689239131,0 101.526302549,1.689102391,0 101.52629387,1.68904813,0 101.526306548,1.688957694,0 101.526321209,1.688921519,0 101.52635536,1.688868371,0 101.526445231,1.68878789,0 101.526535102,1.688730908,0 101.526553076,1.688727727,0 101.526589025,1.688732895,0 101.526660921,1.688762845,0 101.526678896,1.688772836,0 101.52669687,1.688791356,0 101.526707022,1.688812996,0 101.526725874,1.688885345,0 101.526740365,1.688993868,0 101.526755825,1.689030043,0 101.526791782,1.689084304,0 101.526840663,1.689135747,0 101.526876612,1.689157756,0 101.52691256,1.689171024,0 101.526948508,1.689178113,0 101.526984457,1.689172422,0 101.527004939,1.689156653,0 101.527019074,1.689120479,0 101.527018227,1.689084304,0 101.52699137,1.688993868,0 101.526987489,1.688957694,0 101.526991727,1.688921519,0 101.527010783,1.688867257,0 101.527054107,1.688794909,0 101.527107968,1.688740647,0 101.527200147,1.688668298,0 101.52723096,1.688614036,0 101.527238193,1.688577862,0 101.527235955,1.688541687,0 101.527199866,1.688451251,0 101.527193562,1.688415077,0 101.527200147,1.688376318,0 101.527218121,1.688353218,0 101.527236095,1.688349092,0 101.52725407,1.688354684,0 101.527290018,1.688390847,0 101.527451786,1.688624552,0 101.527577605,1.688827925,0 101.527649502,1.688913903,0 101.527701405,1.688993868,0 101.527837941,1.689120479,0 101.527930951,1.689229002,0 101.528015787,1.689283264,0 101.528031045,1.689301351,0 101.528062908,1.689376112,0 101.528080882,1.689400299,0 101.528098857,1.689410229,0 101.528188727,1.689435197,0 101.528260624,1.689472175,0 101.528278598,1.689475893,0 101.528296573,1.689472704,0 101.528314547,1.689457676,0 101.528328207,1.689427962,0 101.52833894,1.689337525,0 101.528350495,1.689326909,0 101.528404418,1.689326909,0 101.528422392,1.689337525,0 101.528386444,1.689301351,0 101.528386444,1.689283264,0 101.528368469,1.689265177,0 101.528350495,1.689247089,0 101.528332521,1.689229002,0 101.528332521,1.689210915,0 101.528314547,1.689192828,0 101.528296573,1.68917474,0 101.528296573,1.689156653,0 101.528278598,1.689138566,0 101.528260624,1.689120479,0 101.52824265,1.689102391,0 101.52824265,1.689084304,0 101.528206702,1.68904813,0 101.528188727,1.689030043,0 101.528188727,1.689011955,0 101.528152779,1.688975781,0 101.528152779,1.688957694,0 101.528134805,1.688939606,0 101.528098857,1.688903432,0 101.528098857,1.688885345,0 101.528080882,1.688867257,0 101.528062908,1.68884917,0 101.528062908,1.688831083,0 101.52802696,1.688794909,0 101.528008986,1.688776821,0 101.528008986,1.688758734,0 101.527991011,1.688740647,0 101.527973037,1.68872256,0 101.527973037,1.688704472,0 101.527919115,1.688650211,0 101.527919115,1.688632123,0 101.52790114,1.688614036,0 101.527865192,1.688577862,0 101.527865192,1.688559775,0 101.527847218,1.688541687,0 101.527829244,1.6885236,0 101.527829244,1.688505513,0 101.527811269,1.688487426,0 101.527793295,1.688469338,0 101.527775321,1.688451251,0 101.527775321,1.688433164,0 101.527757347,1.688415077,0 101.527739373,1.688396989,0 101.527739373,1.688378902,0 101.527721399,1.688360815,0 101.527703424,1.688342728,0 101.52768545,1.688324641,0 101.52768545,1.688306553,0 101.527649502,1.688270379,0 101.527649502,1.688252292,0 101.527631528,1.688234204,0 101.527613553,1.688216117,0 101.527595579,1.68819803,0 101.527595579,1.688179943,0 101.527577605,1.688161855,0 101.527541657,1.688125681,0 101.527541657,1.688107594,0 101.527523682,1.688089506,0 101.527505708,1.688071419,0 101.527505708,1.688053332,0 101.52746976,1.688017158,0 101.527451786,1.68799907,0 101.527451786,1.687980983,0 101.527433812,1.687962896,0 101.527415837,1.687944809,0 101.527415837,1.687926721,0 101.527361915,1.68787246,0 101.527361915,1.687859833,0 101.527290018,1.687859833,0 101.527272044,1.687836788,0 101.52725407,1.68782471,0 101.527164199,1.687805751,0 101.52712825,1.687803806,0 101.527092302,1.68781508,0 101.527061489,1.687836285,0 101.527038379,1.687870556,0 101.527002431,1.68799961,0 101.526984457,1.688019372,0 101.526948508,1.688031545,0 101.526930534,1.688024114,0 101.52691256,1.688007227,0 101.526898472,1.687980983,0 101.526891621,1.687926721,0 101.526853526,1.687800111,0 101.526830127,1.687727762,0 101.526804715,1.687677807,0 101.526768767,1.687630913,0 101.526750792,1.687622675,0 
					</coordinates>
				</LinearRing>
			</outerBoundaryIs>
		</Polygon>
	</Placemark>
	<Placemark>
		<name>10-12m</name>
		<styleUrl>#style.#FFFFE696..0.255</styleUrl>
		<Polygon>
			<tessellate>1</tessellate>
			<outerBoundaryIs>
				<LinearRing>
					<coordinates>
						101.523838974,1.664671592,0 101.523803026,1.664672956,0 101.523785051,1.664679721,0 101.523758547,1.664702713,0 101.52369033,1.664793149,0 101.523623284,1.664868305,0 101.523418378,1.665064458,0 101.523389619,1.665087478,0 101.523371645,1.665079703,0 101.523353671,1.665055283,0 101.523281774,1.665107748,0 101.523239161,1.665172981,0 101.523277342,1.665191068,0 101.523264306,1.665227243,0 101.523262076,1.665263417,0 101.523275681,1.665299592,0 101.523299748,1.665327853,0 101.523317722,1.665341897,0 101.523353671,1.665357471,0 101.523389619,1.665365131,0 101.523443542,1.665368786,0 101.523533413,1.665361231,0 101.523641258,1.665344544,0 101.523731129,1.665323222,0 101.523803026,1.665300215,0 101.523874922,1.665265632,0 101.523892896,1.665253179,0 101.523928845,1.665209704,0 101.524000742,1.665173842,0 101.52403669,1.66514374,0 101.524090613,1.66514374,0 101.524108587,1.665154894,0 101.524108587,1.665100632,0 101.524090613,1.665082545,0 101.524090613,1.66491976,0 101.524072638,1.664901672,0 101.524072638,1.664793149,0 101.524054664,1.664775062,0 101.524054664,1.664706001,0 101.523982767,1.664706001,0 101.523928845,1.664683912,0 101.523838974,1.664671592,0 
					</coordinates>
				</LinearRing>
			</outerBoundaryIs>
		</Polygon>
	</Placemark>
	<Placemark>
		<name>10-12m</name>
		<styleUrl>#style.#FFFFE696..0.255</styleUrl>
		<Polygon>
			<tessellate>1</tessellate>
			<outerBoundaryIs>
				<LinearRing>
					<coordinates>
						101.52403669,1.665554482,0 101.523982767,1.665561201,0 101.523946819,1.665572709,0 101.523910871,1.665592088,0 101.523874922,1.665622192,0 101.523787966,1.665715598,0 101.523600293,1.665932645,0 101.523579444,1.665968819,0 101.523569822,1.666004994,0 101.523572507,1.666059256,0 101.523588212,1.666113517,0 101.523590261,1.666167779,0 101.523580916,1.666222041,0 101.523564418,1.666258215,0 101.523533413,1.666303142,0 101.523437122,1.666402913,0 101.523353671,1.666513307,0 101.523318504,1.666601873,0 101.523275459,1.666674222,0 101.523253227,1.666764658,0 101.523199205,1.666855094,0 101.523183478,1.666873181,0 101.523019437,1.666999792,0 101.522981743,1.667035966,0 101.522938846,1.667090228,0 101.522926674,1.667126402,0 101.522905021,1.667253013,0 101.522800019,1.667433885,0 101.522767655,1.667542409,0 101.52273287,1.667614758,0 101.52271671,1.66766902,0 101.522714138,1.667687107,0 101.522726919,1.667723281,0 101.522760523,1.667745315,0 101.522814445,1.667748237,0 101.522844923,1.667741368,0 101.522883774,1.667723281,0 101.52292229,1.667690861,0 101.522984077,1.667614758,0 101.523030135,1.667577752,0 101.523105376,1.667542409,0 101.523299748,1.667483266,0 101.523335697,1.667466299,0 101.523380489,1.667433885,0 101.523401602,1.667397711,0 101.523414084,1.667343449,0 101.523410889,1.667253013,0 101.523421973,1.667198751,0 101.523446687,1.667162577,0 101.52347949,1.667135958,0 101.523559251,1.667090228,0 101.523749103,1.667012786,0 101.523821,1.666995555,0 101.523910871,1.666995089,0 101.523964793,1.667014316,0 101.523987669,1.667035966,0 101.524004184,1.667072141,0 101.52400218,1.667126402,0 101.523968318,1.667180664,0 101.523928845,1.667220377,0 101.523765443,1.667343449,0 101.523730668,1.667397711,0 101.523719574,1.667433885,0 101.523724627,1.66747006,0 101.523755094,1.667542409,0 101.52378794,1.66766902,0 101.52378982,1.667741368,0 101.523769528,1.667831805,0 101.523595163,1.668103113,0 101.523461516,1.668251687,0 101.523389619,1.668298826,0 101.523335697,1.668324294,0 101.522994187,1.668419914,0 101.522940265,1.668440139,0 101.522872453,1.668482945,0 101.522778497,1.66855608,0 101.522616729,1.668699992,0 101.522552594,1.668790428,0 101.52253079,1.668898952,0 101.522521803,1.668917039,0 101.522436987,1.669018241,0 101.522344924,1.66917026,0 101.522296148,1.669296871,0 101.522221297,1.669430264,0 101.5221494,1.669495461,0 101.5219305,1.669622441,0 101.521896077,1.669658615,0 101.521882959,1.66969479,0 101.521880273,1.669730964,0 101.521899259,1.669857575,0 101.521883896,1.669893749,0 101.521839482,1.669948011,0 101.521820418,1.669984186,0 101.52177451,1.67002036,0 101.521735994,1.67006176,0 101.521664097,1.670104767,0 101.521610175,1.670117339,0 101.521574226,1.670115226,0 101.521538278,1.670106354,0 101.521479562,1.670074622,0 101.521394484,1.669977197,0 101.521351464,1.669911837,0 101.521335078,1.669875662,0 101.521328138,1.669839488,0 101.521348772,1.669730964,0 101.521343853,1.669676703,0 101.521322588,1.669622943,0 101.521285612,1.669586266,0 101.521232717,1.669565165,0 101.52116082,1.669560221,0 101.520855259,1.669609121,0 101.520693491,1.669628771,0 101.520549697,1.669637484,0 101.520423878,1.669627505,0 101.520369956,1.669612428,0 101.520330013,1.669586266,0 101.520294464,1.669513918,0 101.520302961,1.669405394,0 101.520280085,1.669388599,0 101.52026211,1.669385179,0 101.520190214,1.669386866,0 101.520100343,1.669404471,0 101.520043624,1.669423481,0 101.519981181,1.669459656,0 101.519956549,1.669483772,0 101.519926048,1.669532005,0 101.519870872,1.669658615,0 101.519812756,1.669733979,0 101.519794782,1.669733979,0 101.519776807,1.669749052,0 101.519758833,1.669730964,0 101.519758833,1.669821401,0 101.519776807,1.669839488,0 101.519776807,1.669911837,0 101.519794782,1.669929924,0 101.519794782,1.67002036,0 101.519812756,1.670038447,0 101.519812756,1.670128884,0 101.51983073,1.670146971,0 101.51983073,1.67021932,0 101.519848704,1.670237407,0 101.519848704,1.670327843,0 101.519866678,1.67034593,0 101.519866678,1.670418279,0 101.519884653,1.670436367,0 101.519884653,1.670526803,0 101.519902627,1.67054489,0 101.519902627,1.670617239,0 101.519920601,1.670635326,0 101.519920601,1.670725762,0 101.519938575,1.67074385,0 101.519938575,1.670761937,0 101.519956549,1.670780024,0 101.519974523,1.670771315,0 101.519992498,1.670771315,0 101.520064394,1.670688248,0 101.520128839,1.670581064,0 101.52017224,1.67053042,0 101.520208188,1.670508715,0 101.520226162,1.670503031,0 101.52026211,1.670496829,0 101.520675517,1.670481996,0 101.520747414,1.670485805,0 101.52081931,1.670496534,0 101.520927155,1.670516014,0 101.521124871,1.670535846,0 101.521214742,1.670548869,0 101.521268665,1.670559514,0 101.521304613,1.670575437,0 101.521366427,1.670617239,0 101.521448407,1.670663138,0 101.521502329,1.670685259,0 101.521538278,1.670693699,0 101.5215922,1.670697878,0 101.521646123,1.67069574,0 101.521700046,1.670689214,0 101.521792793,1.670671501,0 101.521866473,1.670653413,0 101.522005607,1.670613481,0 101.522167374,1.670559689,0 101.522257245,1.670533356,0 101.522329142,1.670517104,0 101.522508884,1.670485085,0 101.522580781,1.670469225,0 101.522670652,1.670442396,0 101.522736557,1.670418279,0 101.52280931,1.670382105,0 101.522833275,1.670364018,0 101.522951895,1.670255494,0 101.522967826,1.67021932,0 101.522960485,1.670165058,0 101.522976213,1.670155319,0 101.522994187,1.670149382,0 101.523030135,1.670154587,0 101.52304811,1.670160751,0 101.523084058,1.67018415,0 101.523173929,1.670219903,0 101.523296576,1.670291669,0 101.523317722,1.670300282,0 101.523353671,1.670309756,0 101.523389619,1.670313976,0 101.523425568,1.670315599,0 101.523551387,1.67031149,0 101.523605309,1.67031149,0 101.523731129,1.670319661,0 101.523785051,1.670320962,0 101.523838974,1.670318324,0 101.52389739,1.670309756,0 101.523946819,1.670292717,0 101.523974438,1.670273581,0 101.52422442,1.670038447,0 101.524236803,1.670002273,0 101.524197659,1.669929924,0 101.52419666,1.669875662,0 101.524227291,1.669803313,0 101.524270354,1.669753573,0 101.52431529,1.669712877,0 101.524396174,1.669661965,0 101.524414148,1.66964618,0 101.524450096,1.669638806,0 101.524521993,1.669617618,0 101.52459389,1.669617618,0 101.52459389,1.669604354,0 101.524575916,1.669586266,0 101.524575916,1.669459656,0 101.524557941,1.669441569,0 101.524557941,1.669333045,0 101.524539967,1.669314958,0 101.524539967,1.669188347,0 101.524521993,1.66917026,0 101.524521993,1.669043649,0 101.524504019,1.669025562,0 101.524504019,1.668898952,0 101.524486045,1.668880864,0 101.524486045,1.668718079,0 101.52446807,1.668699992,0 101.52446807,1.668537207,0 101.524450096,1.66851912,0 101.524450096,1.668356334,0 101.524432122,1.668338247,0 101.524432122,1.668175462,0 101.524414148,1.668157375,0 101.524414148,1.667976503,0 101.524396174,1.667958415,0 101.524396174,1.66779563,0 101.5243782,1.667777543,0 101.5243782,1.667614758,0 101.524360225,1.667596671,0 101.524360225,1.667433885,0 101.524342251,1.667415798,0 101.524342251,1.667253013,0 101.524324277,1.667234926,0 101.524324277,1.667132158,0 101.52425238,1.667132158,0 101.524249584,1.667126402,0 101.524239599,1.667090228,0 101.524248174,1.667054053,0 101.524288329,1.667051128,0 101.524306303,1.667054053,0 101.524324277,1.667054053,0 101.524306303,1.667035966,0 101.524306303,1.666909356,0 101.524288329,1.666891268,0 101.524288329,1.66674657,0 101.524270354,1.666728483,0 101.524270354,1.666583785,0 101.52425238,1.666565698,0 101.52425238,1.666421,0 101.524234406,1.666402913,0 101.524234406,1.666258215,0 101.524216432,1.666240128,0 101.524216432,1.666113517,0 101.524198458,1.66609543,0 101.524198458,1.665950732,0 101.524180483,1.665932645,0 101.524180483,1.665787947,0 101.524162509,1.66576986,0 101.524162509,1.665625162,0 101.524144535,1.665607075,0 101.524144535,1.665556258,0 101.52403669,1.665554482,0 
					</coordinates>
				</LinearRing>
			</outerBoundaryIs>
			<innerBoundaryIs>
				<LinearRing>
					<coordinates>
						101.524270354,1.668751471,0 101.524288329,1.66876823,0 101.524295665,1.668790428,0 101.524282837,1.66884469,0 101.524270354,1.668860282,0 101.52425238,1.668869161,0 101.524234406,1.668866278,0 101.524214378,1.66884469,0 101.524209487,1.668808515,0 101.524216432,1.668783645,0 101.524243393,1.668754254,0 101.524270354,1.668751471,0 
					</coordinates>
				</LinearRing>
			</innerBoundaryIs>
		</Polygon>
	</Placemark>
	<Placemark>
		<name>10-12m</name>
		<styleUrl>#style.#FFFFE696..0.255</styleUrl>
		<Polygon>
			<tessellate>1</tessellate>
			<outerBoundaryIs>
				<LinearRing>
					<coordinates>
						101.523551387,1.663033389,0 101.523517436,1.663038687,0 101.523460767,1.663056774,0 101.523419576,1.663074862,0 101.523393527,1.663092949,0 101.523386493,1.663111036,0 101.52341288,1.663129123,0 101.52347949,1.663146146,0 101.523551387,1.66315799,0 101.523587335,1.663157177,0 101.523623284,1.663146233,0 101.523659232,1.66311539,0 101.523659232,1.663056021,0 101.523641258,1.663043269,0 101.523605309,1.663034165,0 101.523551387,1.663033389,0 
					</coordinates>
				</LinearRing>
			</outerBoundaryIs>
		</Polygon>
	</Placemark>
	<Placemark>
		<name>10-12m</name>
		<styleUrl>#style.#FFFFE696..0.255</styleUrl>
		<Polygon>
			<tessellate>1</tessellate>
			<outerBoundaryIs>
				<LinearRing>
					<coordinates>
						101.526337386,1.693002156,0 101.526319412,1.693003729,0 101.526317778,1.693027321,0 101.526337386,1.693034103,0 101.52635536,1.693028828,0 101.52635873,1.693009233,0 101.526337386,1.693002156,0 
					</coordinates>
				</LinearRing>
			</outerBoundaryIs>
		</Polygon>
	</Placemark>
	<Placemark>
		<name>10-12m</name>
		<styleUrl>#style.#FFFFE696..0.255</styleUrl>
		<Polygon>
			<tessellate>1</tessellate>
			<outerBoundaryIs>
				<LinearRing>
					<coordinates>
						101.524917425,1.692729173,0 101.524881477,1.692731035,0 101.524867098,1.692737925,0 101.524853018,1.692756012,0 101.524857083,1.692774099,0 101.524873613,1.692792187,0 101.524917425,1.692811027,0 101.524935399,1.692812987,0 101.524971348,1.692823538,0 101.524989322,1.692823538,0 101.52502527,1.692830265,0 101.525043245,1.692828361,0 101.52506721,1.692810274,0 101.525079193,1.692787666,0 101.525115141,1.692760533,0 101.525133115,1.692756012,0 101.525133115,1.692737925,0 101.525115141,1.692735342,0 101.525079193,1.692749983,0 101.52502527,1.692757519,0 101.524953374,1.692734733,0 101.524917425,1.692729173,0 
					</coordinates>
				</LinearRing>
			</outerBoundaryIs>
		</Polygon>
	</Placemark>
	<Placemark>
		<name>10-12m</name>
		<styleUrl>#style.#FFFFE696..0.255</styleUrl>
		<Polygon>
			<tessellate>1</tessellate>
			<outerBoundaryIs>
				<LinearRing>
					<coordinates>
						101.523551387,1.660940568,0 101.523551387,1.660953204,0 101.523497464,1.660953204,0 101.523335697,1.660997631,0 101.5232672,1.661031004,0 101.523209877,1.661067178,0 101.523155138,1.66112144,0 101.523060208,1.661266138,0 101.522989958,1.661356574,0 101.52292229,1.66141323,0 101.522850394,1.661451161,0 101.522814445,1.661461725,0 101.522778497,1.661464786,0 101.522724574,1.661454379,0 101.52259501,1.661392749,0 101.522530853,1.661356574,0 101.522508884,1.661338487,0 101.522501395,1.6613204,0 101.522472936,1.661302312,0 101.522419013,1.66129838,0 101.522383065,1.661311888,0 101.522357387,1.661338487,0 101.522326745,1.661356574,0 101.52227522,1.661374661,0 101.522167374,1.661399095,0 101.522113452,1.661423858,0 101.522077503,1.661452178,0 101.522012621,1.661519359,0 101.521951684,1.661610519,0 101.521915736,1.661629605,0 101.521897762,1.661623863,0 101.521891139,1.661609795,0 101.521897762,1.661573621,0 101.521883935,1.661537446,0 101.521825865,1.661466862,0 101.521802835,1.66144701,0 101.521753968,1.661419146,0 101.521679503,1.661392749,0 101.521649718,1.661374661,0 101.521632942,1.661356574,0 101.521624297,1.661338487,0 101.521625752,1.6613204,0 101.521647321,1.661284225,0 101.521692342,1.661229963,0 101.52169728,1.661211876,0 101.521692855,1.661175702,0 101.521682071,1.661155031,0 101.521646123,1.661128976,0 101.521574226,1.66110697,0 101.521520304,1.661104416,0 101.521502329,1.661108176,0 101.521484355,1.661119028,0 101.521450975,1.661157614,0 101.521431098,1.661193789,0 101.521405269,1.661266138,0 101.521389824,1.661338487,0 101.521363225,1.661374661,0 101.521316117,1.661410836,0 101.521125491,1.661501272,0 101.52106631,1.661537446,0 101.521024564,1.661591708,0 101.52091377,1.66177258,0 101.520866789,1.661826842,0 101.520714794,1.661935366,0 101.520457516,1.662080064,0 101.520387113,1.662134325,0 101.520346479,1.662188587,0 101.520339478,1.662224761,0 101.520347801,1.662260936,0 101.520360495,1.662279023,0 101.52038735,1.66229711,0 101.520477801,1.6623276,0 101.52067446,1.662369459,0 101.520814175,1.662405634,0 101.520855259,1.662423721,0 101.520879224,1.662441808,0 101.52088881,1.662459895,0 101.520887837,1.662477983,0 101.520869638,1.66249607,0 101.520801336,1.662521478,0 101.520711465,1.662538609,0 101.520639568,1.662559217,0 101.52060362,1.662574233,0 101.520567672,1.662598695,0 101.520533273,1.662640768,0 101.520513169,1.662676942,0 101.520490341,1.662875902,0 101.520477801,1.662900688,0 101.520441852,1.662924888,0 101.52038793,1.662936582,0 101.520298059,1.662947232,0 101.520118317,1.662985465,0 101.519762617,1.663038687,0 101.519600522,1.663074862,0 101.519148567,1.663237647,0 101.519079143,1.663273821,0 101.518998415,1.663328083,0 101.518940191,1.663382345,0 101.518918869,1.663418519,0 101.518897109,1.663581304,0 101.518824175,1.663689828,0 101.518774567,1.663798351,0 101.51876924,1.663852613,0 101.51878245,1.664123921,0 101.518799012,1.664178183,0 101.518824175,1.664210935,0 101.518886336,1.664250532,0 101.518914046,1.664262042,0 101.518932021,1.664264097,0 101.518949995,1.664259241,0 101.519063831,1.66419627,0 101.519243074,1.664087747,0 101.519453272,1.664009369,0 101.519507195,1.664005224,0 101.519543143,1.664023236,0 101.519686936,1.664154984,0 101.519758833,1.664236062,0 101.519803769,1.664268619,0 101.519848704,1.664284122,0 101.519902627,1.664293391,0 101.520082369,1.66430056,0 101.520118317,1.664306085,0 101.520131298,1.664322881,0 101.520129101,1.664340968,0 101.520102385,1.66439523,0 101.52007273,1.664485666,0 101.520016694,1.664576102,0 101.519938575,1.664639116,0 101.519884653,1.66467106,0 101.519848704,1.664682539,0 101.51961504,1.664700129,0 101.519543143,1.664712692,0 101.51948922,1.664729532,0 101.519381375,1.664782096,0 101.519306911,1.664829323,0 101.519271034,1.664865498,0 101.519246369,1.66491976,0 101.519233914,1.664992109,0 101.519243074,1.665028283,0 101.51927353,1.665057965,0 101.519363401,1.665084904,0 101.519399349,1.665100632,0 101.519432126,1.66524533,0 101.519453272,1.665268737,0 101.51948922,1.665276078,0 101.519507195,1.665274427,0 101.51961504,1.665243686,0 101.519776807,1.665219358,0 101.519848704,1.665203126,0 101.519902627,1.665171337,0 101.519956549,1.665123131,0 101.520055607,1.664955934,0 101.52017224,1.664840028,0 101.520312147,1.664666538,0 101.52038793,1.664602351,0 101.520495775,1.664543381,0 101.520531723,1.664513227,0 101.52061366,1.664377143,0 101.5206875,1.664286706,0 101.520765388,1.664245226,0 101.520807224,1.664214357,0 101.520824819,1.66419627,0 101.520860346,1.664123921,0 101.520927155,1.664059369,0 101.520999052,1.664006547,0 101.521106897,1.663948863,0 101.521154529,1.663906874,0 101.52116082,1.663888787,0 101.52115745,1.6638707,0 101.521138352,1.663852613,0 101.521106897,1.663841631,0 101.521052975,1.663835773,0 101.520891207,1.663843295,0 101.52081931,1.663833462,0 101.520793847,1.663816438,0 101.520788893,1.663798351,0 101.520809794,1.663744089,0 101.520847556,1.663707915,0 101.520873233,1.66369376,0 101.520981078,1.663661326,0 101.521035001,1.663636042,0 101.521214742,1.66349787,0 101.521268665,1.663466426,0 101.521408086,1.663400432,0 101.521457035,1.663364257,0 101.521512374,1.663291908,0 101.5215922,1.663165298,0 101.521660103,1.663092949,0 101.521784714,1.662893989,0 101.521800589,1.662857815,0 101.521816878,1.662785466,0 101.521819446,1.662749291,0 101.521806094,1.66269503,0 101.521811486,1.662676942,0 101.521855822,1.662640768,0 101.521897762,1.662615144,0 101.521966064,1.662550332,0 101.522015492,1.662514157,0 101.52216823,1.662351372,0 101.522357901,1.662224761,0 101.522562807,1.662131741,0 101.522616729,1.662095707,0 101.522760523,1.661980584,0 101.52281036,1.661953453,0 101.522850394,1.661941179,0 101.52292229,1.661936572,0 101.523030135,1.661955935,0 101.523125998,1.661989627,0 101.523183815,1.662025802,0 101.523226728,1.662043889,0 101.523317722,1.662062387,0 101.523407593,1.662067893,0 101.523497464,1.662066682,0 101.523569361,1.662043052,0 101.523659232,1.662023218,0 101.523713155,1.662023218,0 101.523731129,1.662025802,0 101.523731129,1.661881104,0 101.523713155,1.661863017,0 101.523713155,1.661790668,0 101.52369518,1.66177258,0 101.52369518,1.661700232,0 101.523677206,1.661682144,0 101.523677206,1.661609795,0 101.523659232,1.661591708,0 101.523659232,1.661519359,0 101.523641258,1.661501272,0 101.523641258,1.661428923,0 101.523623284,1.661410836,0 101.523623284,1.661338487,0 101.523605309,1.6613204,0 101.523605309,1.661248051,0 101.523587335,1.661229963,0 101.523587335,1.661103353,0 101.523569361,1.661085265,0 101.523569361,1.660958655,0 101.523551387,1.660940568,0 
					</coordinates>
				</LinearRing>
			</outerBoundaryIs>
		</Polygon>
	</Placemark>
	<Placemark>
		<name>10-12m</name>
		<styleUrl>#style.#FFFFE696..0.255</styleUrl>
		<Polygon>
			<tessellate>1</tessellate>
			<outerBoundaryIs>
				<LinearRing>
					<coordinates>
						101.522994187,1.66558774,0 101.522958239,1.665591801,0 101.522903674,1.665625162,0 101.522888416,1.665643249,0 101.522888793,1.665661336,0 101.522909046,1.665679424,0 101.522940265,1.665691738,0 101.522976213,1.665692641,0 101.523012161,1.665680763,0 101.523037049,1.665661336,0 101.523049639,1.665643249,0 101.523049744,1.665625162,0 101.523030135,1.66560139,0 101.523012161,1.665591367,0 101.522994187,1.66558774,0 
					</coordinates>
				</LinearRing>
			</outerBoundaryIs>
		</Polygon>
	</Placemark>
	<Placemark>
		<name>10-12m</name>
		<styleUrl>#style.#FFFFE696..0.255</styleUrl>
		<Polygon>
			<tessellate>1</tessellate>
			<outerBoundaryIs>
				<LinearRing>
					<coordinates>
						101.521538278,1.660886306,0 101.521520304,1.660886306,0 101.521484355,1.660892883,0 101.521430433,1.660908413,0 101.521412459,1.660910853,0 101.521379077,1.66092248,0 101.521394484,1.660940568,0 101.521412459,1.660948104,0 101.521448407,1.6609455,0 101.521466381,1.660947145,0 101.521484355,1.660943856,0 101.521523898,1.66092248,0 101.521542771,1.660904393,0 101.521538278,1.660886306,0 
					</coordinates>
				</LinearRing>
			</outerBoundaryIs>
		</Polygon>
	</Placemark>
	<Placemark>
		<name>12-14m</name>
		<styleUrl>#style.#FFFFFFCC..0.255</styleUrl>
		<Polygon>
			<tessellate>1</tessellate>
			<outerBoundaryIs>
				<LinearRing>
					<coordinates>
						101.539476518,1.699126876,0 101.539404621,1.699126876,0 101.53931475,1.699145717,0 101.539224879,1.699176293,0 101.539170956,1.699191441,0 101.539117034,1.699201283,0 101.539027163,1.699214164,0 101.538991215,1.699221733,0 101.538955266,1.699232833,0 101.538829447,1.699281615,0 101.538739576,1.699305037,0 101.538667679,1.699316841,0 101.538613757,1.699323304,0 101.538559834,1.699327084,0 101.538416041,1.69933322,0 101.538362118,1.699338958,0 101.538020608,1.699409641,0 101.537930737,1.699439476,0 101.537804918,1.69949524,0 101.537750996,1.699514283,0 101.537715047,1.699523427,0 101.537535305,1.699560236,0 101.537337589,1.699629318,0 101.537301641,1.699639007,0 101.537193796,1.699660496,0 101.537121899,1.699677412,0 101.53687026,1.699751771,0 101.536636596,1.699839924,0 101.536510777,1.699895911,0 101.536456854,1.699913985,0 101.536384957,1.699931935,0 101.535902091,1.700027079,0 101.535791809,1.700054463,0 101.535659646,1.700099428,0 101.535523958,1.700153689,0 101.535144738,1.700347931,0 101.535054867,1.700399844,0 101.535000945,1.700422543,0 101.534947022,1.700440204,0 101.534911074,1.700445268,0 101.534497667,1.700478007,0 101.534389822,1.700488986,0 101.534281977,1.700493154,0 101.534246029,1.700492866,0 101.53421008,1.70049649,0 101.534174132,1.700505633,0 101.534156158,1.700513333,0 101.534012364,1.700601982,0 101.533958442,1.700625103,0 101.533742752,1.700671274,0 101.533634906,1.700687675,0 101.533598958,1.70068879,0 101.533580984,1.700687663,0 101.533365294,1.700647479,0 101.533275423,1.700641436,0 101.533239474,1.700635955,0 101.533167578,1.700617127,0 101.533077707,1.700580744,0 101.53300581,1.700559949,0 101.532987836,1.700559949,0 101.532969862,1.700569696,0 101.532951887,1.700569696,0 101.532951887,1.70060587,0 101.532933913,1.70060587,0 101.532933913,1.700696306,0 101.532915939,1.700696306,0 101.532915939,1.700750568,0 101.532933913,1.700750568,0 101.532951887,1.700748056,0 101.532969862,1.700748056,0 101.533059732,1.700772934,0 101.533113655,1.700791856,0 101.533185552,1.700806523,0 101.5332215,1.70081023,0 101.533329345,1.700812317,0 101.53343719,1.700825794,0 101.533527061,1.700841881,0 101.533545036,1.700843265,0 101.533580984,1.700842511,0 101.533958442,1.70078962,0 101.534048313,1.700757373,0 101.534192106,1.700680342,0 101.534246029,1.700663838,0 101.534425771,1.700649581,0 101.534587538,1.70062721,0 101.534929048,1.700599841,0 101.534964996,1.700595512,0 101.535036893,1.700573642,0 101.535090816,1.70055144,0 101.53566599,1.700255352,0 101.535737886,1.700226576,0 101.535827757,1.700199705,0 101.536474828,1.700063166,0 101.536510777,1.700053589,0 101.536582673,1.700022376,0 101.536708493,1.699953149,0 101.536744933,1.699936643,0 101.536834312,1.69990638,0 101.537175822,1.699806703,0 101.537366185,1.699737683,0 101.537535305,1.699680608,0 101.537607202,1.699662618,0 101.537715047,1.699640844,0 101.53776897,1.69962502,0 101.537840866,1.699596666,0 101.53800046,1.699520636,0 101.538056557,1.699499347,0 101.538110479,1.699485657,0 101.538182376,1.699471226,0 101.538362118,1.699439217,0 101.538595782,1.699418206,0 101.538775524,1.699393748,0 101.538847421,1.699380546,0 101.538883369,1.699371232,0 101.538955266,1.699346603,0 101.539104346,1.699285502,0 101.53931475,1.699209138,0 101.539350698,1.699200814,0 101.539422595,1.699190718,0 101.539494492,1.699190718,0 101.539494492,1.699176979,0 101.539476518,1.699158892,0 101.539476518,1.699126876,0 
					</coordinates>
				</LinearRing>
			</outerBoundaryIs>
		</Polygon>
	</Placemark>
	<Placemark>
		<name>12-14m</name>
		<styleUrl>#style.#FFFFFFCC..0.255</styleUrl>
		<Polygon>
			<tessellate>1</tessellate>
			<outerBoundaryIs>
				<LinearRing>
					<coordinates>
						101.531549901,1.692285744,0 101.531549901,1.692303831,0 101.531531926,1.69229304,0 101.531495978,1.69229304,0 101.531478004,1.692307627,0 101.531447908,1.692321919,0 101.531370159,1.692390896,0 101.53133421,1.692412807,0 101.531280288,1.692430442,0 101.53111852,1.692462999,0 101.531028649,1.69248395,0 101.530974727,1.692501993,0 101.53090283,1.692536924,0 101.530741062,1.692629105,0 101.530525372,1.692727785,0 101.530450207,1.692756012,0 101.530382635,1.692774099,0 101.530201837,1.69281458,0 101.529986146,1.692874841,0 101.529752482,1.692923197,0 101.529626663,1.692958589,0 101.529482869,1.693006366,0 101.529410972,1.693026459,0 101.529159334,1.693079223,0 101.52901554,1.693124791,0 101.528779308,1.693208193,0 101.528709979,1.693224814,0 101.528566185,1.693248523,0 101.528494289,1.693264866,0 101.527955063,1.693420417,0 101.527793295,1.693458326,0 101.52768545,1.693475391,0 101.527613553,1.693480495,0 101.527451786,1.693483157,0 101.527343941,1.69348798,0 101.52725407,1.693495999,0 101.527110276,1.693513974,0 101.526930534,1.693533343,0 101.526858638,1.693546838,0 101.526732818,1.693577625,0 101.526678896,1.693587799,0 101.526606999,1.693597996,0 101.526427257,1.693617243,0 101.526337386,1.693633017,0 101.526283464,1.693644837,0 101.526157644,1.693677774,0 101.526013851,1.693710285,0 101.525906006,1.693726392,0 101.525888031,1.693742869,0 101.525870057,1.693747383,0 101.525852083,1.693747383,0 101.52585038,1.69375081,0 101.525834109,1.693768897,0 101.525852083,1.693768897,0 101.525870057,1.693786984,0 101.525888031,1.693805072,0 101.525906006,1.693823159,0 101.52592398,1.693841246,0 101.525941954,1.693841246,0 101.525959928,1.693859333,0 101.525977902,1.693877421,0 101.525995876,1.693895508,0 101.526013851,1.693913595,0 101.526049799,1.693949769,0 101.526067773,1.693967857,0 101.526085747,1.693967857,0 101.526103722,1.693985944,0 101.52613967,1.694022118,0 101.526157644,1.694040206,0 101.526175618,1.694058293,0 101.526193593,1.69407638,0 101.526211567,1.694094467,0 101.526229541,1.694094467,0 101.526247515,1.694112555,0 101.526265489,1.694130642,0 101.526283464,1.694148729,0 101.526319412,1.694184903,0 101.526337386,1.694202991,0 101.526373334,1.694239165,0 101.526374442,1.694221078,0 101.526378103,1.694184903,0 101.526391309,1.69416603,0 101.526427257,1.694159996,0 101.52648118,1.694145922,0 101.526606999,1.694103987,0 101.526678896,1.694083864,0 101.526840663,1.694050071,0 101.527074328,1.693994043,0 101.527343941,1.69393862,0 101.527631528,1.693903647,0 101.527811269,1.693885818,0 101.52790114,1.693870976,0 101.528098857,1.693831032,0 101.528170753,1.693820703,0 101.528311279,1.693805072,0 101.528404418,1.693786475,0 101.528494289,1.693761361,0 101.528745927,1.693679204,0 101.52923123,1.693540772,0 101.529554766,1.693428857,0 101.529644637,1.693408625,0 101.529860327,1.693375697,0 101.529932224,1.693361318,0 101.530040069,1.693327795,0 101.530273733,1.693240899,0 101.530399553,1.693202611,0 101.530597269,1.693156094,0 101.530777011,1.693123384,0 101.530866881,1.693101749,0 101.531010675,1.693054236,0 101.53111852,1.693011433,0 101.531172443,1.692981281,0 101.531298262,1.692897592,0 101.531388133,1.69284334,0 101.53146003,1.692808013,0 101.531531926,1.692777578,0 101.531747617,1.692701509,0 101.531819513,1.692663603,0 101.531879188,1.692611314,0 101.53189141,1.692607131,0 101.531909384,1.692607131,0 101.531927359,1.692611314,0 101.531927359,1.692593227,0 101.531909384,1.69257514,0 101.53189141,1.692557053,0 101.531873436,1.692538965,0 101.531855462,1.692520878,0 101.531837488,1.692520878,0 101.531819513,1.692502791,0 101.531783565,1.692466617,0 101.531765591,1.692466617,0 101.531747617,1.692448529,0 101.531729643,1.692430442,0 101.531711668,1.692412355,0 101.531693694,1.692412355,0 101.53167572,1.692394268,0 101.531657746,1.69237618,0 101.531639772,1.692358093,0 101.531621797,1.692340006,0 101.531603823,1.692340006,0 101.531585849,1.692321919,0 101.531567875,1.692303831,0 101.531549901,1.692285744,0 
					</coordinates>
				</LinearRing>
			</outerBoundaryIs>
		</Polygon>
	</Placemark>
	<Placemark>
		<name>12-14m</name>
		<styleUrl>#style.#FFFFFFCC..0.255</styleUrl>
		<Polygon>
			<tessellate>1</tessellate>
			<outerBoundaryIs>
				<LinearRing>
					<coordinates>
						101.52459389,1.669617618,0 101.524521993,1.669617618,0 101.524450096,1.669638806,0 101.524414148,1.66964618,0 101.524396174,1.669661965,0 101.52431529,1.669712877,0 101.524270354,1.669753573,0 101.524227291,1.669803313,0 101.52419666,1.669875662,0 101.524197659,1.669929924,0 101.524236803,1.670002273,0 101.52422442,1.670038447,0 101.523974438,1.670273581,0 101.523946819,1.670292717,0 101.52389739,1.670309756,0 101.523838974,1.670318324,0 101.523785051,1.670320962,0 101.523731129,1.670319661,0 101.523605309,1.67031149,0 101.523551387,1.67031149,0 101.523425568,1.670315599,0 101.523389619,1.670313976,0 101.523353671,1.670309756,0 101.523317722,1.670300282,0 101.523296576,1.670291669,0 101.523173929,1.670219903,0 101.523084058,1.67018415,0 101.52304811,1.670160751,0 101.523030135,1.670154587,0 101.522994187,1.670149382,0 101.522976213,1.670155319,0 101.522960485,1.670165058,0 101.522967826,1.67021932,0 101.522951895,1.670255494,0 101.522833275,1.670364018,0 101.52280931,1.670382105,0 101.522736557,1.670418279,0 101.522670652,1.670442396,0 101.522580781,1.670469225,0 101.522508884,1.670485085,0 101.522329142,1.670517104,0 101.522257245,1.670533356,0 101.522167374,1.670559689,0 101.522005607,1.670613481,0 101.521866473,1.670653413,0 101.521792793,1.670671501,0 101.521700046,1.670689214,0 101.521646123,1.67069574,0 101.5215922,1.670697878,0 101.521538278,1.670693699,0 101.521502329,1.670685259,0 101.521448407,1.670663138,0 101.521366427,1.670617239,0 101.521304613,1.670575437,0 101.521268665,1.670559514,0 101.521214742,1.670548869,0 101.521124871,1.670535846,0 101.520927155,1.670516014,0 101.52081931,1.670496534,0 101.520747414,1.670485805,0 101.520675517,1.670481996,0 101.52026211,1.670496829,0 101.520226162,1.670503031,0 101.520208188,1.670508715,0 101.52017224,1.67053042,0 101.520128839,1.670581064,0 101.520064394,1.670688248,0 101.519992498,1.670771315,0 101.519974523,1.670771315,0 101.519956549,1.670780024,0 101.519938575,1.670761937,0 101.519938575,1.670834286,0 101.519956549,1.670852373,0 101.519956549,1.670924722,0 101.519974523,1.670942809,0 101.519974523,1.671033245,0 101.519992498,1.671051333,0 101.519992498,1.671123681,0 101.520010472,1.671141769,0 101.520010472,1.671232205,0 101.520028446,1.671250292,0 101.520028446,1.671322641,0 101.52004642,1.671340728,0 101.52004642,1.671431164,0 101.520064394,1.671449252,0 101.520064394,1.671539688,0 101.520082369,1.671557775,0 101.520082369,1.671702473,0 101.520100343,1.67172056,0 101.520100343,1.671847171,0 101.520118317,1.671865258,0 101.520118317,1.671955694,0 101.520136291,1.671973782,0 101.520136291,1.672082305,0 101.520154265,1.672100392,0 101.520154265,1.672208916,0 101.52017224,1.672227003,0 101.52017224,1.672335526,0 101.520190214,1.672353613,0 101.520190214,1.672462137,0 101.520208188,1.672480224,0 101.520208188,1.672588747,0 101.520226162,1.672606835,0 101.520226162,1.672679184,0 101.520244136,1.672697271,0 101.52026211,1.672694152,0 101.520280085,1.672694152,0 101.520459827,1.672667126,0 101.520639568,1.672673948,0 101.520747414,1.672669236,0 101.520855259,1.672653005,0 101.52116082,1.672583279,0 101.521232717,1.672562439,0 101.521286639,1.67254235,0 101.521374436,1.672498311,0 101.521429714,1.672462137,0 101.521447658,1.67244405,0 101.521464943,1.672407875,0 101.521462233,1.672371701,0 101.521452555,1.672353613,0 101.521362213,1.672263177,0 101.521286639,1.672160219,0 101.521233278,1.672118479,0 101.521142846,1.672071145,0 101.521116312,1.67204613,0 101.521099144,1.672009956,0 101.521080295,1.67191952,0 101.521044986,1.671865258,0 101.520999052,1.671838711,0 101.52094513,1.671822127,0 101.520891207,1.671810709,0 101.520783362,1.671798268,0 101.520747414,1.67178938,0 101.520711465,1.671766783,0 101.520681047,1.67172056,0 101.520627586,1.671539688,0 101.520600025,1.671413077,0 101.52060025,1.671376903,0 101.520615123,1.671340728,0 101.520657543,1.671300535,0 101.520678689,1.671286467,0 101.520837284,1.67121338,0 101.520963104,1.671160551,0 101.521017026,1.671141769,0 101.521070949,1.671131531,0 101.521142846,1.671130986,0 101.521196768,1.671140683,0 101.521304613,1.671169101,0 101.521448407,1.671223161,0 101.521536481,1.671250292,0 101.521664097,1.671277682,0 101.521771942,1.671309192,0 101.521807891,1.671312495,0 101.521843839,1.671310152,0 101.521897762,1.67129551,0 101.52193371,1.671277149,0 101.522091483,1.671159856,0 101.522131426,1.671111623,0 101.522167374,1.671083631,0 101.522221297,1.671065802,0 101.522293194,1.671047854,0 101.522347116,1.671048999,0 101.522526858,1.671092105,0 101.5227066,1.671107449,0 101.522760523,1.671116688,0 101.522796471,1.671128426,0 101.522821526,1.671141769,0 101.522842353,1.671159856,0 101.522994187,1.671352085,0 101.523030135,1.671379205,0 101.523102032,1.671409524,0 101.523155955,1.671420244,0 101.523227852,1.671423998,0 101.523281774,1.671432229,0 101.523461516,1.671480904,0 101.523587335,1.671493237,0 101.523713155,1.671513804,0 101.523803026,1.67153524,0 101.523982767,1.671587755,0 101.52403669,1.671594419,0 101.524090613,1.671592579,0 101.524144535,1.671580822,0 101.524198458,1.671560187,0 101.524269636,1.671521601,0 101.524282107,1.671485426,0 101.524288329,1.671431164,0 101.524266898,1.67139499,0 101.524269636,1.671376903,0 101.524283427,1.671358816,0 101.524414148,1.671261022,0 101.524484921,1.671177943,0 101.524510112,1.671087507,0 101.524503628,1.671015158,0 101.5245172,1.670960896,0 101.524575916,1.670842244,0 101.524622848,1.670780024,0 101.5246515,1.670707675,0 101.524665787,1.670698631,0 101.524719709,1.670698631,0 101.524719709,1.670581064,0 101.524701735,1.670562977,0 101.524701735,1.670436367,0 101.524683761,1.670418279,0 101.524683761,1.670291669,0 101.524665787,1.670273581,0 101.524665787,1.670165058,0 101.524647812,1.670146971,0 101.524647812,1.67002036,0 101.524629838,1.670002273,0 101.524629838,1.669875662,0 101.524611864,1.669857575,0 101.524611864,1.669749052,0 101.52459389,1.669730964,0 101.52459389,1.669617618,0 
					</coordinates>
				</LinearRing>
			</outerBoundaryIs>
		</Polygon>
	</Placemark>
	<Placemark>
		<name>12-14m</name>
		<styleUrl>#style.#FFFFFFCC..0.255</styleUrl>
		<Polygon>
			<tessellate>1</tessellate>
			<outerBoundaryIs>
				<LinearRing>
					<coordinates>
						101.526966483,1.686912706,0 101.526894586,1.686915532,0 101.526876612,1.686931924,0 101.526828426,1.68702236,0 101.526793363,1.687130883,0 101.526761365,1.687167058,0 101.526750792,1.6871728,0 101.526732818,1.687172225,0 101.526660921,1.687158466,0 101.526624973,1.687166064,0 101.526571051,1.687191043,0 101.526553076,1.68720517,0 101.526535102,1.687231899,0 101.526527631,1.687275581,0 101.526573904,1.687402192,0 101.526590717,1.687492628,0 101.526577288,1.687655413,0 101.52658306,1.687836285,0 101.526571051,1.687884054,0 101.526544906,1.687908634,0 101.52648118,1.687920914,0 101.526445231,1.687917866,0 101.526409283,1.687902304,0 101.526372912,1.68787246,0 101.526293697,1.687763936,0 101.526255304,1.6876735,0 101.52616918,1.687510715,0 101.526145033,1.687438366,0 101.526146731,1.687329843,0 101.52612304,1.687275581,0 101.526093451,1.687239407,0 101.525947752,1.687130883,0 101.525895221,1.687058534,0 101.525894832,1.68702236,0 101.525882896,1.687004273,0 101.525852083,1.686987509,0 101.525834109,1.686982722,0 101.52579816,1.686980892,0 101.525770201,1.686986185,0 101.525744238,1.68700149,0 101.525736936,1.68702236,0 101.52579816,1.687040734,0 101.525852083,1.687069005,0 101.525873428,1.687094709,0 101.525895126,1.68714897,0 101.525886292,1.687185145,0 101.525852083,1.687263116,0 101.525835643,1.687329843,0 101.52583548,1.687384104,0 101.525853654,1.687510715,0 101.52585023,1.687564977,0 101.52579816,1.687700532,0 101.525726264,1.687819522,0 101.525690315,1.68786263,0 101.525654367,1.687880681,0 101.525636393,1.687881704,0 101.525600444,1.687866431,0 101.525562077,1.687818198,0 101.525497886,1.687637326,0 101.525476889,1.687601151,0 101.525456651,1.687585325,0 101.525420702,1.687571408,0 101.525402728,1.687570336,0 101.52536678,1.687579824,0 101.525330832,1.687609974,0 101.525311581,1.687655413,0 101.525307858,1.687727762,0 101.525331226,1.687818198,0 101.525323605,1.687890547,0 101.525277465,1.687980983,0 101.525258716,1.688035245,0 101.525245146,1.688053332,0 101.525169064,1.688128769,0 101.52515109,1.688140229,0 101.525115141,1.688147176,0 101.525079193,1.688143145,0 101.525040998,1.688125681,0 101.524945901,1.688035245,0 101.524899451,1.687976789,0 101.524773632,1.68784204,0 101.524755658,1.687833851,0 101.524737683,1.687832384,0 101.524719709,1.687837642,0 101.524700268,1.687854372,0 101.524683761,1.687887963,0 101.524646249,1.688035245,0 101.524644876,1.688089506,0 101.524662636,1.688270379,0 101.524640779,1.688487426,0 101.524634332,1.688505513,0 101.524616999,1.6885236,0 101.524575916,1.688537513,0 101.524539967,1.688540874,0 101.524486045,1.688538964,0 101.524270354,1.68851173,0 101.52425238,1.688508862,0 101.524234406,1.688499947,0 101.524216432,1.688483808,0 101.524184478,1.688433164,0 101.524153795,1.688360815,0 101.524106815,1.688288466,0 101.524080304,1.688216117,0 101.524000742,1.688114671,0 101.523982767,1.688104792,0 101.523964793,1.68810262,0 101.523939381,1.688107594,0 101.523910871,1.688120954,0 101.523874922,1.688150874,0 101.523852568,1.688179943,0 101.523824466,1.688234204,0 101.52379997,1.688306553,0 101.523745835,1.68872256,0 101.523713155,1.688792709,0 101.523678054,1.68884917,0 101.523623284,1.688896912,0 101.523569361,1.688924058,0 101.523429162,1.688957694,0 101.523371645,1.688966948,0 101.523353671,1.688966285,0 101.523322858,1.688957694,0 101.523281774,1.688929998,0 101.523206682,1.688867257,0 101.523177964,1.688812996,0 101.523155955,1.688703468,0 101.523120006,1.68866358,0 101.523102032,1.688657827,0 101.523084058,1.68866468,0 101.52306424,1.688776821,0 101.523012161,1.688847315,0 101.522930191,1.688993868,0 101.522911873,1.689084304,0 101.522855803,1.689210915,0 101.522828371,1.689301351,0 101.522811905,1.689409874,0 101.52277929,1.689536485,0 101.522760523,1.689574355,0 101.522746043,1.689590747,0 101.522724574,1.689602559,0 101.5227066,1.689607387,0 101.522670652,1.689604493,0 101.522634703,1.689585388,0 101.522580781,1.689541911,0 101.522565802,1.689518398,0 101.522551042,1.689464136,0 101.52249091,1.689308352,0 101.522419013,1.689247089,0 101.522383065,1.689205867,0 101.52236509,1.689205867,0 101.522347116,1.689210915,0 101.522329142,1.689210915,0 101.522329142,1.689319438,0 101.522347116,1.689337525,0 101.522347116,1.689464136,0 101.52236509,1.689482223,0 101.52236509,1.689608834,0 101.522383065,1.689626921,0 101.522383065,1.689753532,0 101.522401039,1.689771619,0 101.522401039,1.68989823,0 101.522419013,1.689916317,0 101.522419013,1.69002484,0 101.522436987,1.690042928,0 101.522436987,1.690169538,0 101.522454961,1.690187625,0 101.522454961,1.690314236,0 101.522472936,1.690332323,0 101.522472936,1.690404672,0 101.52249091,1.690404672,0 101.522508884,1.690400588,0 101.522526858,1.690400588,0 101.522544832,1.690410873,0 101.522562807,1.69041396,0 101.522634703,1.690407687,0 101.522652677,1.690416376,0 101.522670652,1.690416354,0 101.522692684,1.690404672,0 101.522832419,1.690301692,0 101.522886342,1.690253515,0 101.523005625,1.690133364,0 101.523163143,1.689952491,0 101.523173929,1.6899491,0 101.523191903,1.68995154,0 101.523299748,1.690002353,0 101.523335697,1.69001037,0 101.523353671,1.690010888,0 101.523389619,1.690002368,0 101.523443542,1.689965477,0 101.523461516,1.689942443,0 101.523470803,1.689916317,0 101.523482577,1.689843968,0 101.523586917,1.689427962,0 101.523623284,1.689365028,0 101.523659232,1.689329085,0 101.52369518,1.689308086,0 101.523731129,1.689297149,0 101.523767077,1.689293847,0 101.523785051,1.689295189,0 101.523838974,1.689309699,0 101.523892896,1.689334134,0 101.523989848,1.689391787,0 101.524108587,1.689478935,0 101.524198458,1.689497345,0 101.524234406,1.689499779,0 101.524270354,1.689496155,0 101.524306303,1.689487557,0 101.524360225,1.689467913,0 101.524396174,1.68944944,0 101.524472499,1.689391787,0 101.52459389,1.689263669,0 101.524647812,1.689233524,0 101.524665787,1.689229002,0 101.524701735,1.689227098,0 101.52480958,1.689237304,0 101.524845528,1.689246444,0 101.524899451,1.689268465,0 101.524935399,1.689277063,0 101.524971348,1.689273345,0 101.524987076,1.689265177,0 101.525127004,1.689066217,0 101.525159577,1.689030043,0 101.525182544,1.689011955,0 101.525217744,1.688993868,0 101.525258935,1.688980525,0 101.525312857,1.688968998,0 101.525340347,1.688957694,0 101.525354797,1.688939606,0 101.52534051,1.688885345,0 101.525308758,1.68884917,0 101.525246589,1.688740647,0 101.525239903,1.688668298,0 101.525248197,1.688632123,0 101.525271816,1.688595949,0 101.52529713,1.688577862,0 101.525348806,1.688553465,0 101.525402728,1.688538387,0 101.525474625,1.688527564,0 101.52558247,1.688526593,0 101.525672341,1.688532792,0 101.525780186,1.688545876,0 101.525834109,1.68854279,0 101.525888031,1.688522344,0 101.525931169,1.688487426,0 101.525956378,1.688433164,0 101.526004335,1.688288466,0 101.526006893,1.688216117,0 101.525973826,1.688107594,0 101.525970775,1.688035245,0 101.525995876,1.687988061,0 101.526031825,1.687947762,0 101.526049799,1.687935997,0 101.526067773,1.687934713,0 101.526103722,1.687952788,0 101.526150417,1.68799907,0 101.526159278,1.688053332,0 101.526134452,1.688161855,0 101.526142084,1.688216117,0 101.526193593,1.688310339,0 101.526225901,1.688415077,0 101.526265489,1.688457362,0 101.526301438,1.688471045,0 101.526337386,1.688472325,0 101.52635536,1.688468386,0 101.526388013,1.688451251,0 101.526423263,1.688415077,0 101.526479726,1.688306553,0 101.526577123,1.688143768,0 101.526606999,1.688101457,0 101.526678896,1.688025669,0 101.526703982,1.687980983,0 101.526722051,1.68787246,0 101.526711215,1.687691587,0 101.526716699,1.687655413,0 101.526732818,1.687627796,0 101.526750792,1.687622675,0 101.526768767,1.687630913,0 101.526804715,1.687677807,0 101.526830127,1.687727762,0 101.526853526,1.687800111,0 101.526891621,1.687926721,0 101.526898472,1.687980983,0 101.52691256,1.688007227,0 101.526930534,1.688024114,0 101.526948508,1.688031545,0 101.526984457,1.688019372,0 101.527002431,1.68799961,0 101.527038379,1.687870556,0 101.527061489,1.687836285,0 101.527092302,1.68781508,0 101.52712825,1.687803806,0 101.527164199,1.687805751,0 101.52725407,1.68782471,0 101.527272044,1.687836788,0 101.527290018,1.687859833,0 101.527361915,1.687859833,0 101.527361915,1.687854372,0 101.527343941,1.687836285,0 101.527325966,1.687818198,0 101.527325966,1.687800111,0 101.527307992,1.687782024,0 101.527307992,1.687763936,0 101.527290018,1.687745849,0 101.527290018,1.687709675,0 101.527272044,1.687691587,0 101.527272044,1.6876735,0 101.52725407,1.687655413,0 101.52725407,1.687619238,0 101.527236095,1.687601151,0 101.527236095,1.687583064,0 101.527218121,1.687564977,0 101.527218121,1.687528802,0 101.527200147,1.687510715,0 101.527200147,1.687474541,0 101.527182173,1.687456453,0 101.527182173,1.687438366,0 101.527164199,1.687420279,0 101.527164199,1.687384104,0 101.527146225,1.687366017,0 101.527146225,1.68734793,0 101.52712825,1.687329843,0 101.52712825,1.687293668,0 101.527110276,1.687275581,0 101.527110276,1.687239407,0 101.527092302,1.687221319,0 101.527092302,1.687203232,0 101.527074328,1.687185145,0 101.527074328,1.68714897,0 101.527056354,1.687130883,0 101.527056354,1.687112796,0 101.527038379,1.687094709,0 101.527038379,1.687058534,0 101.527020405,1.687040447,0 101.527020405,1.687004273,0 101.527002431,1.686986185,0 101.527002431,1.686968098,0 101.526984457,1.686950011,0 101.526984457,1.686913836,0 101.526966483,1.686912706,0 
					</coordinates>
				</LinearRing>
			</outerBoundaryIs>
		</Polygon>
	</Placemark>
	<Placemark>
		<name>12-14m</name>
		<styleUrl>#style.#FFFFFFCC..0.255</styleUrl>
		<Polygon>
			<tessellate>1</tessellate>
			<outerBoundaryIs>
				<LinearRing>
					<coordinates>
						101.524270354,1.668751471,0 101.524243393,1.668754254,0 101.524216432,1.668783645,0 101.524209487,1.668808515,0 101.524214378,1.66884469,0 101.524234406,1.668866278,0 101.52425238,1.668869161,0 101.524270354,1.668860282,0 101.524282837,1.66884469,0 101.524295665,1.668790428,0 101.524288329,1.66876823,0 101.524270354,1.668751471,0 
					</coordinates>
				</LinearRing>
			</outerBoundaryIs>
		</Polygon>
	</Placemark>
	<Placemark>
		<name>14-16m</name>
		<styleUrl>#style.#FFFFFFCC..0.255</styleUrl>
		<Polygon>
			<tessellate>1</tessellate>
			<outerBoundaryIs>
				<LinearRing>
					<coordinates>
						101.539440569,1.699063949,0 101.539386647,1.699063949,0 101.539332724,1.699072334,0 101.539296776,1.699080644,0 101.539224879,1.699104015,0 101.539188931,1.699109925,0 101.539152982,1.699112614,0 101.539117034,1.69911276,0 101.539027163,1.699108104,0 101.539009189,1.699108984,0 101.53897324,1.699114277,0 101.538919318,1.699131079,0 101.538765231,1.699195066,0 101.538685653,1.699218109,0 101.538595782,1.69923248,0 101.538416041,1.699247176,0 101.538308195,1.699260893,0 101.538236299,1.699274396,0 101.537966686,1.699331767,0 101.537912763,1.699347967,0 101.53776897,1.699403859,0 101.537715047,1.699421281,0 101.537499357,1.699474047,0 101.537362226,1.699520636,0 101.537301641,1.699538619,0 101.537157847,1.699564477,0 101.537085951,1.699580131,0 101.536852286,1.699645036,0 101.536698895,1.699701509,0 101.536546725,1.699751453,0 101.53643888,1.699798056,0 101.536384957,1.699816492,0 101.536313061,1.699832499,0 101.536007499,1.69988779,0 101.53588168,1.699913461,0 101.535791809,1.699938333,0 101.53566599,1.699980444,0 101.535468274,1.700034457,0 101.535378403,1.70006502,0 101.53529188,1.700099428,0 101.535126764,1.700182752,0 101.535018919,1.700248584,0 101.534964996,1.700271996,0 101.534911074,1.700288593,0 101.534371848,1.700332475,0 101.534228055,1.700338725,0 101.534192106,1.700344392,0 101.534156158,1.700352984,0 101.534102235,1.700375522,0 101.53399439,1.700445911,0 101.533940468,1.700473028,0 101.533850597,1.700501922,0 101.533796674,1.700515577,0 101.533724777,1.700528374,0 101.533670855,1.700533977,0 101.533634906,1.700533119,0 101.533616932,1.700530739,0 101.533401242,1.700482603,0 101.533329345,1.700472907,0 101.533293397,1.700465671,0 101.533203526,1.700434891,0 101.533131629,1.700398317,0 101.533041758,1.700372035,0 101.533023784,1.700372035,0 101.53300581,1.700388823,0 101.532987836,1.700388823,0 101.532987836,1.700424998,0 101.532969862,1.700424998,0 101.532969862,1.700515434,0 101.532951887,1.700515434,0 101.532951887,1.700569696,0 101.532969862,1.700569696,0 101.532987836,1.700559949,0 101.53300581,1.700559949,0 101.533077707,1.700580744,0 101.533167578,1.700617127,0 101.533239474,1.700635955,0 101.533275423,1.700641436,0 101.533365294,1.700647479,0 101.533580984,1.700687663,0 101.533598958,1.70068879,0 101.533634906,1.700687675,0 101.533742752,1.700671274,0 101.533958442,1.700625103,0 101.534012364,1.700601982,0 101.534156158,1.700513333,0 101.534174132,1.700505633,0 101.53421008,1.70049649,0 101.534246029,1.700492866,0 101.534281977,1.700493154,0 101.534389822,1.700488986,0 101.534497667,1.700478007,0 101.534911074,1.700445268,0 101.534947022,1.700440204,0 101.535000945,1.700422543,0 101.535054867,1.700399844,0 101.535144738,1.700347931,0 101.535523958,1.700153689,0 101.535659646,1.700099428,0 101.535791809,1.700054463,0 101.535902091,1.700027079,0 101.536384957,1.699931935,0 101.536456854,1.699913985,0 101.536510777,1.699895911,0 101.536636596,1.699839924,0 101.53687026,1.699751771,0 101.537121899,1.699677412,0 101.537193796,1.699660496,0 101.537301641,1.699639007,0 101.537337589,1.699629318,0 101.537535305,1.699560236,0 101.537715047,1.699523427,0 101.537750996,1.699514283,0 101.537804918,1.69949524,0 101.537930737,1.699439476,0 101.538020608,1.699409641,0 101.538362118,1.699338958,0 101.538416041,1.69933322,0 101.538559834,1.699327084,0 101.538613757,1.699323304,0 101.538667679,1.699316841,0 101.538739576,1.699305037,0 101.538829447,1.699281615,0 101.538955266,1.699232833,0 101.538991215,1.699221733,0 101.539027163,1.699214164,0 101.539117034,1.699201283,0 101.539170956,1.699191441,0 101.539224879,1.699176293,0 101.53931475,1.699145717,0 101.539404621,1.699126876,0 101.539476518,1.699126876,0 101.539476518,1.699122717,0 101.539458543,1.69910463,0 101.539458543,1.699068456,0 101.539440569,1.699063949,0 
					</coordinates>
				</LinearRing>
			</outerBoundaryIs>
		</Polygon>
	</Placemark>
	<Placemark>
		<name>14-16m</name>
		<styleUrl>#style.#FFFFFFCC..0.255</styleUrl>
		<Polygon>
			<tessellate>1</tessellate>
			<outerBoundaryIs>
				<LinearRing>
					<coordinates>
						101.52502527,1.686679191,0 101.524989322,1.686690285,0 101.524956155,1.686714877,0 101.524941391,1.686732964,0 101.524931019,1.686769139,0 101.524935399,1.686794608,0 101.524953374,1.686817371,0 101.524971348,1.686828618,0 101.525007296,1.686835897,0 101.525043245,1.686828662,0 101.525086459,1.686805313,0 101.525135683,1.686769139,0 101.525147822,1.686751051,0 101.525146034,1.686732964,0 101.525130419,1.686714877,0 101.525104806,1.68669679,0 101.525061219,1.686681161,0 101.52502527,1.686679191,0 
					</coordinates>
				</LinearRing>
			</outerBoundaryIs>
		</Polygon>
	</Placemark>
	<Placemark>
		<name>14-16m</name>
		<styleUrl>#style.#FFFFFFCC..0.255</styleUrl>
		<Polygon>
			<tessellate>1</tessellate>
			<outerBoundaryIs>
				<LinearRing>
					<coordinates>
						101.526535102,1.686024941,0 101.526499154,1.686031657,0 101.526477032,1.686045649,0 101.526467894,1.686099911,0 101.526501884,1.686208434,0 101.526504464,1.686262696,0 101.526495419,1.686371219,0 101.52648118,1.6864172,0 101.526445231,1.686476085,0 101.526409283,1.686517048,0 101.526391309,1.686524043,0 101.526301438,1.686590768,0 101.526265489,1.686606169,0 101.526229541,1.686613159,0 101.526193593,1.686612813,0 101.526164063,1.686606353,0 101.526121696,1.686580174,0 101.526080925,1.686515917,0 101.525967336,1.686371219,0 101.525744238,1.686174046,0 101.525618419,1.686117998,0 101.52555409,1.686099911,0 101.525510573,1.686095054,0 101.525456651,1.686097514,0 101.525438677,1.68610147,0 101.525411242,1.686117998,0 101.52540406,1.686136085,0 101.52540814,1.686190347,0 101.525458825,1.686371219,0 101.525462642,1.686479743,0 101.525432455,1.686552092,0 101.525367927,1.686642528,0 101.525335204,1.686678702,0 101.525316393,1.686714877,0 101.525323084,1.686751051,0 101.525363849,1.6868234,0 101.52538384,1.686895749,0 101.525388036,1.686931924,0 101.525376351,1.687094709,0 101.525358167,1.687167058,0 101.52529306,1.687239407,0 101.525268985,1.687275581,0 101.525231902,1.687402192,0 101.525205307,1.687456453,0 101.525169064,1.687502244,0 101.525133115,1.687528802,0 101.525097167,1.687536429,0 101.525079193,1.687533324,0 101.525043245,1.687509525,0 101.524949242,1.687402192,0 101.524897697,1.687311756,0 101.52482592,1.687239407,0 101.524764136,1.687203232,0 101.524618062,1.68714897,0 101.52446807,1.687044895,0 101.524432122,1.687028389,0 101.524396174,1.687020924,0 101.5243782,1.687022925,0 101.524360225,1.687030399,0 101.524306798,1.687094709,0 101.524293589,1.687130883,0 101.524284009,1.687203232,0 101.524265238,1.687275581,0 101.524288329,1.687319766,0 101.52434999,1.687402192,0 101.524387187,1.687492628,0 101.524384502,1.687528802,0 101.524375953,1.68754689,0 101.524342251,1.687594195,0 101.524324277,1.687608078,0 101.524306303,1.687614884,0 101.524270354,1.687615621,0 101.524234406,1.687606906,0 101.524090613,1.687558843,0 101.524018716,1.687528067,0 101.523966446,1.687492628,0 101.523856948,1.68739073,0 101.523821,1.687367724,0 101.523785051,1.687352863,0 101.523731129,1.687339783,0 101.523659232,1.687334812,0 101.523547793,1.68734793,0 101.523533413,1.687353959,0 101.523515439,1.687353097,0 101.523507268,1.687366017,0 101.523533413,1.687373633,0 101.523551387,1.687387496,0 101.523605309,1.687446003,0 101.523659232,1.687563913,0 101.523683198,1.687782024,0 101.52371529,1.687926721,0 101.52371299,1.687962896,0 101.523693886,1.688035245,0 101.523662512,1.688107594,0 101.523623284,1.688173525,0 101.523587335,1.688219347,0 101.523569361,1.68823187,0 101.523551387,1.688237649,0 101.523515439,1.688233288,0 101.52335427,1.688179943,0 101.523317722,1.688155679,0 101.523278539,1.688107594,0 101.523173929,1.688007152,0 101.523072075,1.687962896,0 101.523012161,1.687914926,0 101.522994187,1.687909495,0 101.522976213,1.687912654,0 101.522958239,1.687932751,0 101.52294319,1.68799907,0 101.522888739,1.688071419,0 101.522865252,1.688125681,0 101.522847094,1.688216117,0 101.522847486,1.688324641,0 101.522827995,1.688396989,0 101.522724574,1.688595179,0 101.522696614,1.688632123,0 101.522670652,1.688649834,0 101.522652677,1.688652513,0 101.522638697,1.688650211,0 101.522616729,1.688640471,0 101.522559922,1.688577862,0 101.522525574,1.688505513,0 101.522487277,1.688360815,0 101.522347116,1.688154045,0 101.522318263,1.688125681,0 101.522242267,1.688071419,0 101.522221297,1.688060071,0 101.522203323,1.688060071,0 101.522185349,1.688071419,0 101.522167374,1.688071419,0 101.522167374,1.688143768,0 101.522185349,1.688161855,0 101.522185349,1.688270379,0 101.522203323,1.688288466,0 101.522203323,1.688396989,0 101.522221297,1.688415077,0 101.522221297,1.6885236,0 101.522239271,1.688541687,0 101.522239271,1.688650211,0 101.522257245,1.688668298,0 101.522257245,1.688776821,0 101.52227522,1.688794909,0 101.52227522,1.688903432,0 101.522293194,1.688921519,0 101.522293194,1.689030043,0 101.522311168,1.68904813,0 101.522311168,1.68917474,0 101.522329142,1.689192828,0 101.522329142,1.689210915,0 101.522347116,1.689210915,0 101.52236509,1.689205867,0 101.522383065,1.689205867,0 101.522419013,1.689247089,0 101.52249091,1.689308352,0 101.522551042,1.689464136,0 101.522565802,1.689518398,0 101.522580781,1.689541911,0 101.522634703,1.689585388,0 101.522670652,1.689604493,0 101.5227066,1.689607387,0 101.522724574,1.689602559,0 101.522746043,1.689590747,0 101.522760523,1.689574355,0 101.52277929,1.689536485,0 101.522811905,1.689409874,0 101.522828371,1.689301351,0 101.522855803,1.689210915,0 101.522911873,1.689084304,0 101.522930191,1.688993868,0 101.523012161,1.688847315,0 101.52306424,1.688776821,0 101.523084058,1.68866468,0 101.523102032,1.688657827,0 101.523120006,1.68866358,0 101.523155955,1.688703468,0 101.523177964,1.688812996,0 101.523206682,1.688867257,0 101.523281774,1.688929998,0 101.523322858,1.688957694,0 101.523353671,1.688966285,0 101.523371645,1.688966948,0 101.523429162,1.688957694,0 101.523569361,1.688924058,0 101.523623284,1.688896912,0 101.523678054,1.68884917,0 101.523713155,1.688792709,0 101.523745835,1.68872256,0 101.52379997,1.688306553,0 101.523824466,1.688234204,0 101.523852568,1.688179943,0 101.523874922,1.688150874,0 101.523910871,1.688120954,0 101.523939381,1.688107594,0 101.523964793,1.68810262,0 101.523982767,1.688104792,0 101.524000742,1.688114671,0 101.524080304,1.688216117,0 101.524106815,1.688288466,0 101.524153795,1.688360815,0 101.524184478,1.688433164,0 101.524216432,1.688483808,0 101.524234406,1.688499947,0 101.52425238,1.688508862,0 101.524270354,1.68851173,0 101.524486045,1.688538964,0 101.524539967,1.688540874,0 101.524575916,1.688537513,0 101.524616999,1.6885236,0 101.524634332,1.688505513,0 101.524640779,1.688487426,0 101.524662636,1.688270379,0 101.524644876,1.688089506,0 101.524646249,1.688035245,0 101.524683761,1.687887963,0 101.524700268,1.687854372,0 101.524719709,1.687837642,0 101.524737683,1.687832384,0 101.524755658,1.687833851,0 101.524773632,1.68784204,0 101.524899451,1.687976789,0 101.524945901,1.688035245,0 101.525040998,1.688125681,0 101.525079193,1.688143145,0 101.525115141,1.688147176,0 101.52515109,1.688140229,0 101.525169064,1.688128769,0 101.525245146,1.688053332,0 101.525258716,1.688035245,0 101.525277465,1.687980983,0 101.525323605,1.687890547,0 101.525331226,1.687818198,0 101.525307858,1.687727762,0 101.525311581,1.687655413,0 101.525330832,1.687609974,0 101.52536678,1.687579824,0 101.525402728,1.687570336,0 101.525420702,1.687571408,0 101.525456651,1.687585325,0 101.525476889,1.687601151,0 101.525497886,1.687637326,0 101.525562077,1.687818198,0 101.525600444,1.687866431,0 101.525636393,1.687881704,0 101.525654367,1.687880681,0 101.525690315,1.68786263,0 101.525726264,1.687819522,0 101.52579816,1.687700532,0 101.52585023,1.687564977,0 101.525853654,1.687510715,0 101.52583548,1.687384104,0 101.525835643,1.687329843,0 101.525852083,1.687263116,0 101.525886292,1.687185145,0 101.525895126,1.68714897,0 101.525873428,1.687094709,0 101.525852083,1.687069005,0 101.52579816,1.687040734,0 101.525736936,1.68702236,0 101.525744238,1.68700149,0 101.525770201,1.686986185,0 101.52579816,1.686980892,0 101.525834109,1.686982722,0 101.525852083,1.686987509,0 101.525882896,1.687004273,0 101.525894832,1.68702236,0 101.525895221,1.687058534,0 101.525947752,1.687130883,0 101.526093451,1.687239407,0 101.52612304,1.687275581,0 101.526146731,1.687329843,0 101.526145033,1.687438366,0 101.52616918,1.687510715,0 101.526255304,1.6876735,0 101.526293697,1.687763936,0 101.526372912,1.68787246,0 101.526409283,1.687902304,0 101.526445231,1.687917866,0 101.52648118,1.687920914,0 101.526544906,1.687908634,0 101.526571051,1.687884054,0 101.52658306,1.687836285,0 101.526577288,1.687655413,0 101.526590717,1.687492628,0 101.526573904,1.687402192,0 101.526527631,1.687275581,0 101.526535102,1.687231899,0 101.526553076,1.68720517,0 101.526571051,1.687191043,0 101.526624973,1.687166064,0 101.526660921,1.687158466,0 101.526732818,1.687172225,0 101.526750792,1.6871728,0 101.526761365,1.687167058,0 101.526793363,1.687130883,0 101.526828426,1.68702236,0 101.526876612,1.686931924,0 101.526894586,1.686915532,0 101.526966483,1.686912706,0 101.526984457,1.686913836,0 101.526966483,1.686895749,0 101.526966483,1.686877662,0 101.526948508,1.686859575,0 101.526948508,1.6868234,0 101.526930534,1.686805313,0 101.526930534,1.686769139,0 101.52691256,1.686751051,0 101.52691256,1.686732964,0 101.526894586,1.686714877,0 101.526894586,1.686678702,0 101.526876612,1.686660615,0 101.526876612,1.686642528,0 101.526858638,1.686624441,0 101.526858638,1.686588266,0 101.526840663,1.686570179,0 101.526840663,1.686552092,0 101.526822689,1.686534005,0 101.526822689,1.68649783,0 101.526804715,1.686479743,0 101.526804715,1.686443568,0 101.526786741,1.686425481,0 101.526786741,1.686407394,0 101.526768767,1.686389307,0 101.526768767,1.686353132,0 101.526750792,1.686335045,0 101.526750792,1.686316958,0 101.526732818,1.686298871,0 101.526732818,1.686262696,0 101.526714844,1.686244609,0 101.526714844,1.686208434,0 101.52669687,1.686190347,0 101.52669687,1.68617226,0 101.526678896,1.686154173,0 101.526678896,1.686117998,0 101.526660921,1.686099911,0 101.526660921,1.686081824,0 101.526642947,1.686063736,0 101.526642947,1.68603722,0 101.526571051,1.68603722,0 101.526535102,1.686024941,0 
					</coordinates>
				</LinearRing>
			</outerBoundaryIs>
			<innerBoundaryIs>
				<LinearRing>
					<coordinates>
						101.525564496,1.687213673,0 101.525618419,1.687216354,0 101.525671475,1.687239407,0 101.525679976,1.687257494,0 101.525679099,1.687311756,0 101.525654766,1.687366017,0 101.525636393,1.687383539,0 101.525618419,1.687390215,0 101.525600444,1.687389305,0 101.525564496,1.687368052,0 101.525532055,1.687329843,0 101.52550905,1.687257494,0 101.525510573,1.687237633,0 101.525536718,1.687221319,0 101.525564496,1.687213673,0 
					</coordinates>
				</LinearRing>
				<LinearRing>
					<coordinates>
						101.526319412,1.68684367,0 101.52635536,1.686846218,0 101.526400817,1.686877662,0 101.526447468,1.686968098,0 101.526453175,1.68702236,0 101.526437361,1.687076621,0 101.526409283,1.687110816,0 101.526391309,1.687121251,0 101.52635536,1.687131541,0 101.526319412,1.687129753,0 101.526287743,1.687112796,0 101.526270579,1.687094709,0 101.526247245,1.687040447,0 101.526236193,1.686950011,0 101.526249982,1.686895749,0 101.526265489,1.686874574,0 101.526301438,1.686848758,0 101.526319412,1.68684367,0 
					</coordinates>
				</LinearRing>
			</innerBoundaryIs>
		</Polygon>
	</Placemark>
	<Placemark>
		<name>14-16m</name>
		<styleUrl>#style.#FFFFFFCC..0.255</styleUrl>
		<Polygon>
			<tessellate>1</tessellate>
			<outerBoundaryIs>
				<LinearRing>
					<coordinates>
						101.531927359,1.692593227,0 101.531927359,1.692611314,0 101.531909384,1.692607131,0 101.53189141,1.692607131,0 101.531879188,1.692611314,0 101.531819513,1.692663603,0 101.531747617,1.692701509,0 101.531531926,1.692777578,0 101.53146003,1.692808013,0 101.531388133,1.69284334,0 101.531298262,1.692897592,0 101.531172443,1.692981281,0 101.53111852,1.693011433,0 101.531010675,1.693054236,0 101.530866881,1.693101749,0 101.530777011,1.693123384,0 101.530597269,1.693156094,0 101.530399553,1.693202611,0 101.530273733,1.693240899,0 101.530040069,1.693327795,0 101.529932224,1.693361318,0 101.529860327,1.693375697,0 101.529644637,1.693408625,0 101.529554766,1.693428857,0 101.52923123,1.693540772,0 101.528745927,1.693679204,0 101.528494289,1.693761361,0 101.528404418,1.693786475,0 101.528311279,1.693805072,0 101.528170753,1.693820703,0 101.528098857,1.693831032,0 101.52790114,1.693870976,0 101.527811269,1.693885818,0 101.527631528,1.693903647,0 101.527343941,1.69393862,0 101.527074328,1.693994043,0 101.526840663,1.694050071,0 101.526678896,1.694083864,0 101.526606999,1.694103987,0 101.52648118,1.694145922,0 101.526427257,1.694159996,0 101.526391309,1.69416603,0 101.526378103,1.694184903,0 101.526374442,1.694221078,0 101.526373334,1.694239165,0 101.526391309,1.694239165,0 101.526409283,1.694257252,0 101.526427257,1.69427534,0 101.526463205,1.694311514,0 101.52648118,1.694329601,0 101.526499154,1.694347689,0 101.526517128,1.694365776,0 101.526535102,1.694365776,0 101.526553076,1.694383863,0 101.526571051,1.69440195,0 101.526589025,1.694420037,0 101.526606999,1.694438125,0 101.526660921,1.694492386,0 101.526678896,1.694510474,0 101.52669687,1.694510474,0 101.526750792,1.694564735,0 101.526768656,1.694546648,0 101.526822689,1.694544478,0 101.526840663,1.694523459,0 101.526923998,1.694510474,0 101.527110276,1.69446615,0 101.527218121,1.694434933,0 101.527343941,1.694391098,0 101.52768545,1.694302557,0 101.527847218,1.694271229,0 101.528134805,1.694210669,0 101.528278598,1.694191509,0 101.528440366,1.694174924,0 101.528548211,1.694158108,0 101.528602134,1.69414536,0 101.528727953,1.694109185,0 101.528889721,1.694070234,0 101.528943643,1.694052674,0 101.529069463,1.693999992,0 101.529159334,1.693966987,0 101.529529834,1.693859333,0 101.52991425,1.693733601,0 101.529986146,1.693713757,0 101.530165888,1.693672327,0 101.530363604,1.693619387,0 101.530471449,1.693585716,0 101.530655813,1.693515676,0 101.530759036,1.693480854,0 101.530866881,1.693452683,0 101.531065217,1.693407153,0 101.531172443,1.693377276,0 101.531370159,1.69331425,0 101.531442056,1.693286803,0 101.531513952,1.693254649,0 101.531783565,1.693123923,0 101.531999255,1.692977937,0 101.532071152,1.692941507,0 101.532143049,1.692910636,0 101.532184716,1.692882623,0 101.532196971,1.692878574,0 101.53223292,1.692878574,0 101.532250894,1.692882623,0 101.532250894,1.692864536,0 101.53223292,1.692864536,0 101.532214946,1.692846448,0 101.532196971,1.692828361,0 101.532161023,1.692792187,0 101.532143049,1.692774099,0 101.532125075,1.692756012,0 101.5321071,1.692737925,0 101.532089126,1.692737925,0 101.532053178,1.692701751,0 101.532035204,1.692683663,0 101.53201723,1.692665576,0 101.531999255,1.692647489,0 101.531981281,1.692629402,0 101.531963307,1.692611314,0 101.531945333,1.692611314,0 101.531927359,1.692593227,0 
					</coordinates>
				</LinearRing>
			</outerBoundaryIs>
		</Polygon>
	</Placemark>
	<Placemark>
		<name>14-16m</name>
		<styleUrl>#style.#FFFFFFCC..0.255</styleUrl>
		<Polygon>
			<tessellate>1</tessellate>
			<outerBoundaryIs>
				<LinearRing>
					<coordinates>
						101.523964793,1.68675574,0 101.523946819,1.686773313,0 101.523941427,1.686805313,0 101.523946819,1.686844405,0 101.523964793,1.686865676,0 101.524000742,1.686878114,0 101.52403669,1.686877407,0 101.524073372,1.686859575,0 101.524071354,1.686841487,0 101.52403669,1.686790391,0 101.524009729,1.686769139,0 101.523982767,1.686756917,0 101.523964793,1.68675574,0 
					</coordinates>
				</LinearRing>
			</outerBoundaryIs>
		</Polygon>
	</Placemark>
	<Placemark>
		<name>14-16m</name>
		<styleUrl>#style.#FFFFFFCC..0.255</styleUrl>
		<Polygon>
			<tessellate>1</tessellate>
			<outerBoundaryIs>
				<LinearRing>
					<coordinates>
						101.524719709,1.670689588,0 101.524719709,1.670698631,0 101.524665787,1.670698631,0 101.5246515,1.670707675,0 101.524622848,1.670780024,0 101.524575916,1.670842244,0 101.5245172,1.670960896,0 101.524503628,1.671015158,0 101.524510112,1.671087507,0 101.524484921,1.671177943,0 101.524414148,1.671261022,0 101.524283427,1.671358816,0 101.524269636,1.671376903,0 101.524266898,1.67139499,0 101.524288329,1.671431164,0 101.524282107,1.671485426,0 101.524269636,1.671521601,0 101.524198458,1.671560187,0 101.524144535,1.671580822,0 101.524090613,1.671592579,0 101.52403669,1.671594419,0 101.523982767,1.671587755,0 101.523803026,1.67153524,0 101.523713155,1.671513804,0 101.523587335,1.671493237,0 101.523461516,1.671480904,0 101.523281774,1.671432229,0 101.523227852,1.671423998,0 101.523155955,1.671420244,0 101.523102032,1.671409524,0 101.523030135,1.671379205,0 101.522994187,1.671352085,0 101.522842353,1.671159856,0 101.522821526,1.671141769,0 101.522796471,1.671128426,0 101.522760523,1.671116688,0 101.5227066,1.671107449,0 101.522526858,1.671092105,0 101.522347116,1.671048999,0 101.522293194,1.671047854,0 101.522221297,1.671065802,0 101.522167374,1.671083631,0 101.522131426,1.671111623,0 101.522091483,1.671159856,0 101.52193371,1.671277149,0 101.521897762,1.67129551,0 101.521843839,1.671310152,0 101.521807891,1.671312495,0 101.521771942,1.671309192,0 101.521664097,1.671277682,0 101.521536481,1.671250292,0 101.521448407,1.671223161,0 101.521304613,1.671169101,0 101.521196768,1.671140683,0 101.521142846,1.671130986,0 101.521070949,1.671131531,0 101.521017026,1.671141769,0 101.520963104,1.671160551,0 101.520837284,1.67121338,0 101.520678689,1.671286467,0 101.520657543,1.671300535,0 101.520615123,1.671340728,0 101.52060025,1.671376903,0 101.520600025,1.671413077,0 101.520627586,1.671539688,0 101.520681047,1.67172056,0 101.520711465,1.671766783,0 101.520747414,1.67178938,0 101.520783362,1.671798268,0 101.520891207,1.671810709,0 101.52094513,1.671822127,0 101.520999052,1.671838711,0 101.521044986,1.671865258,0 101.521080295,1.67191952,0 101.521099144,1.672009956,0 101.521116312,1.67204613,0 101.521142846,1.672071145,0 101.521233278,1.672118479,0 101.521286639,1.672160219,0 101.521362213,1.672263177,0 101.521452555,1.672353613,0 101.521462233,1.672371701,0 101.521464943,1.672407875,0 101.521447658,1.67244405,0 101.521429714,1.672462137,0 101.521374436,1.672498311,0 101.521286639,1.67254235,0 101.521232717,1.672562439,0 101.52116082,1.672583279,0 101.520855259,1.672653005,0 101.520747414,1.672669236,0 101.520639568,1.672673948,0 101.520459827,1.672667126,0 101.520280085,1.672694152,0 101.52026211,1.672694152,0 101.520244136,1.672697271,0 101.520226162,1.672679184,0 101.520226162,1.672715358,0 101.520244136,1.672733445,0 101.520244136,1.672841969,0 101.52026211,1.672860056,0 101.52026211,1.672968579,0 101.520280085,1.672986667,0 101.520280085,1.67309519,0 101.520298059,1.673113277,0 101.520298059,1.673221801,0 101.520316033,1.673239888,0 101.520316033,1.673348411,0 101.520334007,1.673366499,0 101.520334007,1.673475022,0 101.520351981,1.673493109,0 101.520351981,1.67361972,0 101.520369956,1.673637807,0 101.520369956,1.673782505,0 101.52038793,1.673800592,0 101.52038793,1.67394529,0 101.520405904,1.673963377,0 101.520423878,1.673981465,0 101.520441852,1.673968425,0 101.520459827,1.673968425,0 101.520549697,1.673952416,0 101.520585646,1.673913834,0 101.520621594,1.673921037,0 101.520639568,1.673919968,0 101.520711465,1.67390486,0 101.520747414,1.673892739,0 101.52081931,1.673859271,0 101.520891207,1.673818887,0 101.520954545,1.673764418,0 101.521014459,1.673673982,0 101.521052975,1.673628763,0 101.521162618,1.673529284,0 101.521260677,1.673366499,0 101.521290491,1.673330324,0 101.521394484,1.67326134,0 101.521448407,1.673234086,0 101.521574226,1.673180889,0 101.521646123,1.673140408,0 101.521736574,1.673077103,0 101.521789916,1.673054146,0 101.521861813,1.673040725,0 101.52193371,1.673036457,0 101.522185349,1.673043888,0 101.522239271,1.673043015,0 101.522311168,1.673036673,0 101.522383065,1.67302465,0 101.52249091,1.672999586,0 101.522814445,1.672903744,0 101.522926035,1.672860056,0 101.523012161,1.672817715,0 101.523137981,1.672766973,0 101.523191903,1.672749768,0 101.523245826,1.672743541,0 101.523299748,1.672749121,0 101.523353671,1.672764055,0 101.523441744,1.672805794,0 101.523503955,1.672860056,0 101.523569361,1.672969675,0 101.523605309,1.672993385,0 101.523623284,1.67299837,0 101.523641258,1.672998725,0 101.523659232,1.67299458,0 101.523677206,1.672983987,0 101.523702884,1.672950492,0 101.523719831,1.672841969,0 101.523741801,1.672787707,0 101.523785051,1.672743846,0 101.523821,1.672721935,0 101.523856948,1.672706315,0 101.523928845,1.672685966,0 101.523964793,1.672682117,0 101.524000742,1.672683569,0 101.524054664,1.672694488,0 101.524162509,1.672743648,0 101.524216432,1.672749649,0 101.52425238,1.672747986,0 101.524306303,1.672739905,0 101.524342251,1.67273124,0 101.524380596,1.672715358,0 101.524412766,1.672697271,0 101.524424633,1.672679184,0 101.524415645,1.672661096,0 101.524342251,1.672613052,0 101.52425238,1.672562371,0 101.524232249,1.672534486,0 101.524230687,1.672516399,0 101.524247558,1.672462137,0 101.52431192,1.672335526,0 101.524341025,1.672208916,0 101.524378627,1.672118479,0 101.524474879,1.671955694,0 101.524539967,1.671877054,0 101.524575916,1.671846936,0 101.524611864,1.671832842,0 101.524701735,1.671831276,0 101.524737683,1.671839462,0 101.524791606,1.671866741,0 101.524863503,1.671866741,0 101.524863503,1.671756735,0 101.524845528,1.671738647,0 101.524845528,1.67159395,0 101.524827554,1.671575862,0 101.524827554,1.671431164,0 101.52480958,1.671413077,0 101.52480958,1.671250292,0 101.524791606,1.671232205,0 101.524791606,1.671123681,0 101.524773632,1.671105594,0 101.524773632,1.670997071,0 101.524755658,1.670978984,0 101.524755658,1.670852373,0 101.524737683,1.670834286,0 101.524737683,1.670707675,0 101.524719709,1.670689588,0 
					</coordinates>
				</LinearRing>
			</outerBoundaryIs>
		</Polygon>
	</Placemark>
	<Placemark>
		<name>16-18m</name>
		<styleUrl>#style.#FFCCFFFF..0.255</styleUrl>
		<Polygon>
			<tessellate>1</tessellate>
			<outerBoundaryIs>
				<LinearRing>
					<coordinates>
						101.532250894,1.692864536,0 101.532250894,1.692882623,0 101.53223292,1.692878574,0 101.532196971,1.692878574,0 101.532184716,1.692882623,0 101.532143049,1.692910636,0 101.532071152,1.692941507,0 101.531999255,1.692977937,0 101.531783565,1.693123923,0 101.531513952,1.693254649,0 101.531442056,1.693286803,0 101.531370159,1.69331425,0 101.531172443,1.693377276,0 101.531065217,1.693407153,0 101.530866881,1.693452683,0 101.530759036,1.693480854,0 101.530655813,1.693515676,0 101.530471449,1.693585716,0 101.530363604,1.693619387,0 101.530165888,1.693672327,0 101.529986146,1.693713757,0 101.52991425,1.693733601,0 101.529529834,1.693859333,0 101.529159334,1.693966987,0 101.529069463,1.693999992,0 101.528943643,1.694052674,0 101.528889721,1.694070234,0 101.528727953,1.694109185,0 101.528602134,1.69414536,0 101.528548211,1.694158108,0 101.528440366,1.694174924,0 101.528278598,1.694191509,0 101.528134805,1.694210669,0 101.527847218,1.694271229,0 101.52768545,1.694302557,0 101.527343941,1.694391098,0 101.527218121,1.694434933,0 101.527110276,1.69446615,0 101.526923998,1.694510474,0 101.526840663,1.694523459,0 101.526822689,1.694544478,0 101.526768656,1.694546648,0 101.526750792,1.694564735,0 101.526768767,1.694564735,0 101.526786741,1.694582823,0 101.526822689,1.694618997,0 101.526840663,1.694618997,0 101.526858638,1.694637084,0 101.526876612,1.694655171,0 101.526894586,1.694673259,0 101.52691256,1.694673259,0 101.526948508,1.694709433,0 101.526966483,1.69472752,0 101.526984457,1.69472752,0 101.527002431,1.694745608,0 101.527038379,1.694781782,0 101.527056354,1.694781782,0 101.527074328,1.694799869,0 101.527092302,1.694817957,0 101.527110276,1.694836044,0 101.527115047,1.694817957,0 101.52712825,1.694790602,0 101.527164199,1.694771464,0 101.527218121,1.694767389,0 101.527272044,1.694758068,0 101.52746976,1.694706933,0 101.527559631,1.694679876,0 101.527721399,1.694624796,0 101.528062908,1.694528,0 101.528386444,1.694456721,0 101.52845834,1.694444069,0 101.528727953,1.694404945,0 101.528817824,1.694387047,0 101.528889721,1.694369555,0 101.529087437,1.694311514,0 101.529392998,1.694211738,0 101.529860327,1.694075932,0 101.530237785,1.693949924,0 101.530507398,1.69388363,0 101.530669165,1.693848394,0 101.530723088,1.693833671,0 101.530794985,1.693807842,0 101.530938778,1.693739545,0 101.531010675,1.693711864,0 101.531064598,1.693696128,0 101.531294667,1.693642287,0 101.531370159,1.693621957,0 101.531711668,1.693506549,0 101.531945333,1.693401006,0 101.532089126,1.693340773,0 101.532340765,1.693202979,0 101.532394687,1.693180449,0 101.532430636,1.69316782,0 101.532466584,1.693160248,0 101.532556455,1.693160662,0 101.532574429,1.693172019,0 101.532574429,1.693153931,0 101.532538481,1.693117757,0 101.532520507,1.693117757,0 101.532502533,1.69309967,0 101.532484558,1.693081582,0 101.532430636,1.693027321,0 101.532412662,1.693009233,0 101.532394687,1.692991146,0 101.532376713,1.692991146,0 101.532322791,1.692936885,0 101.532304817,1.692918797,0 101.532286842,1.69290071,0 101.532250894,1.692864536,0 
					</coordinates>
				</LinearRing>
			</outerBoundaryIs>
		</Polygon>
	</Placemark>
	<Placemark>
		<name>16-18m</name>
		<styleUrl>#style.#FFCCFFFF..0.255</styleUrl>
		<Polygon>
			<tessellate>1</tessellate>
			<outerBoundaryIs>
				<LinearRing>
					<coordinates>
						101.526319412,1.68684367,0 101.526301438,1.686848758,0 101.526265489,1.686874574,0 101.526249982,1.686895749,0 101.526236193,1.686950011,0 101.526247245,1.687040447,0 101.526270579,1.687094709,0 101.526287743,1.687112796,0 101.526319412,1.687129753,0 101.52635536,1.687131541,0 101.526391309,1.687121251,0 101.526409283,1.687110816,0 101.526437361,1.687076621,0 101.526453175,1.68702236,0 101.526447468,1.686968098,0 101.526400817,1.686877662,0 101.52635536,1.686846218,0 101.526319412,1.68684367,0 
					</coordinates>
				</LinearRing>
			</outerBoundaryIs>
		</Polygon>
	</Placemark>
	<Placemark>
		<name>16-18m</name>
		<styleUrl>#style.#FFCCFFFF..0.255</styleUrl>
		<Polygon>
			<tessellate>1</tessellate>
			<outerBoundaryIs>
				<LinearRing>
					<coordinates>
						101.525456651,1.684882488,0 101.525420702,1.684890011,0 101.525384754,1.68491225,0 101.525348806,1.684953859,0 101.525308081,1.685032764,0 101.525278936,1.6851232,0 101.525267501,1.685195549,0 101.525299006,1.685304073,0 101.525312334,1.68532216,0 101.525348806,1.685350371,0 101.525474625,1.685424144,0 101.525600444,1.685560028,0 101.525618419,1.685568881,0 101.525654367,1.685577564,0 101.525708289,1.685580928,0 101.525816135,1.685578888,0 101.525834109,1.685582459,0 101.525848353,1.685593468,0 101.52585737,1.685611556,0 101.525864762,1.685665817,0 101.525857957,1.685756254,0 101.525834109,1.685817384,0 101.525792033,1.685864777,0 101.525744238,1.685889093,0 101.525690315,1.685897486,0 101.525528548,1.685878739,0 101.525438677,1.685859578,0 101.525348806,1.685825211,0 101.525187038,1.685730609,0 101.524953374,1.685621374,0 101.524881477,1.685596424,0 101.524791606,1.685583436,0 101.524665787,1.685579174,0 101.52459389,1.685561348,0 101.524557941,1.685557606,0 101.524521993,1.685562907,0 101.524491003,1.685575381,0 101.524486644,1.685593468,0 101.524492917,1.685611556,0 101.52453098,1.68564773,0 101.524611864,1.685698745,0 101.524646163,1.685738166,0 101.524653671,1.685774341,0 101.524651229,1.685882864,0 101.524693381,1.685937126,0 101.524719709,1.685955213,0 101.524755658,1.685968711,0 101.524863503,1.68598265,0 101.524917425,1.68599817,0 101.524953374,1.686017915,0 101.524989322,1.686051035,0 101.525005773,1.686081824,0 101.525043245,1.686210243,0 101.525061219,1.686249353,0 101.525097167,1.686278152,0 101.525169064,1.686304542,0 101.525192005,1.686316958,0 101.525210442,1.686335045,0 101.525219392,1.686353132,0 101.52522238,1.686389307,0 101.52520979,1.686425481,0 101.525192464,1.686443568,0 101.525169064,1.686453132,0 101.52515109,1.686454381,0 101.525115141,1.686443926,0 101.525079193,1.686415036,0 101.52502527,1.686359326,0 101.524971348,1.686323647,0 101.524881477,1.68628825,0 101.52475787,1.686226522,0 101.52459389,1.686122172,0 101.524504019,1.686072681,0 101.524396174,1.686024902,0 101.524288329,1.685958118,0 101.524206564,1.685919039,0 101.524126561,1.685893528,0 101.524000742,1.685874225,0 101.523928845,1.685876223,0 101.523874922,1.685891672,0 101.523838974,1.685911201,0 101.523806449,1.685937126,0 101.523794038,1.685955213,0 101.523791043,1.6859733,0 101.523799957,1.685991388,0 101.523821,1.685999678,0 101.523928845,1.686018715,0 101.523964793,1.686032495,0 101.52402035,1.686081824,0 101.524036407,1.686117998,0 101.524054664,1.686199767,0 101.524070779,1.686226522,0 101.524090613,1.686244609,0 101.524144535,1.68626825,0 101.524216432,1.686278453,0 101.524270354,1.686294564,0 101.52430442,1.686316958,0 101.524324277,1.686339691,0 101.524342507,1.686389307,0 101.524345163,1.68649783,0 101.524339655,1.686534005,0 101.524324277,1.686558031,0 101.524305683,1.686570179,0 101.524270354,1.68657677,0 101.524234406,1.686573123,0 101.524198458,1.686559591,0 101.52408374,1.686479743,0 101.523874922,1.686356469,0 101.523830441,1.686316958,0 101.523749103,1.686230232,0 101.523713155,1.686201676,0 101.523677206,1.68618373,0 101.523659232,1.686181504,0 101.523641258,1.686182922,0 101.523605309,1.686195361,0 101.523569361,1.686220304,0 101.523546615,1.686244609,0 101.523443542,1.686396959,0 101.5233595,1.68649783,0 101.523245826,1.686660174,0 101.523206751,1.68669679,0 101.523102032,1.686746333,0 101.523066084,1.686757131,0 101.523012161,1.686765914,0 101.52292229,1.686765232,0 101.522814445,1.686737775,0 101.522778497,1.686735832,0 101.522760523,1.686738676,0 101.522731196,1.686751051,0 101.5227066,1.686772269,0 101.522656554,1.686859575,0 101.522651239,1.686877662,0 101.522655374,1.686913836,0 101.522688626,1.68695604,0 101.522724574,1.686976489,0 101.522796471,1.686993396,0 101.522994187,1.687010995,0 101.523062176,1.68702236,0 101.523120006,1.687042445,0 101.523167887,1.687076621,0 101.523192974,1.687112796,0 101.523210473,1.687167058,0 101.523182971,1.687257494,0 101.523148214,1.687329843,0 101.523120006,1.687367138,0 101.523084058,1.687396259,0 101.52304811,1.687412211,0 101.523012161,1.687419099,0 101.522958239,1.687413461,0 101.522778497,1.687322945,0 101.522634703,1.687257842,0 101.522513378,1.687167058,0 101.522472936,1.687158349,0 101.522419013,1.687163495,0 101.522401039,1.687172539,0 101.522390956,1.687185145,0 101.522391806,1.687311756,0 101.522380745,1.687420279,0 101.52234005,1.687564977,0 101.522322832,1.687601151,0 101.522293194,1.687633477,0 101.522257245,1.687632481,0 101.522203323,1.68764171,0 101.5221494,1.687645525,0 101.522131426,1.687655413,0 101.522113452,1.687655413,0 101.522113452,1.687763936,0 101.522131426,1.687782024,0 101.522131426,1.687890547,0 101.5221494,1.687908634,0 101.5221494,1.688017158,0 101.522167374,1.688035245,0 101.522167374,1.688071419,0 101.522185349,1.688071419,0 101.522203323,1.688060071,0 101.522221297,1.688060071,0 101.522242267,1.688071419,0 101.522318263,1.688125681,0 101.522347116,1.688154045,0 101.522487277,1.688360815,0 101.522525574,1.688505513,0 101.522559922,1.688577862,0 101.522616729,1.688640471,0 101.522638697,1.688650211,0 101.522652677,1.688652513,0 101.522670652,1.688649834,0 101.522696614,1.688632123,0 101.522724574,1.688595179,0 101.522827995,1.688396989,0 101.522847486,1.688324641,0 101.522847094,1.688216117,0 101.522865252,1.688125681,0 101.522888739,1.688071419,0 101.52294319,1.68799907,0 101.522958239,1.687932751,0 101.522976213,1.687912654,0 101.522994187,1.687909495,0 101.523012161,1.687914926,0 101.523072075,1.687962896,0 101.523173929,1.688007152,0 101.523278539,1.688107594,0 101.523317722,1.688155679,0 101.52335427,1.688179943,0 101.523515439,1.688233288,0 101.523551387,1.688237649,0 101.523569361,1.68823187,0 101.523587335,1.688219347,0 101.523623284,1.688173525,0 101.523662512,1.688107594,0 101.523693886,1.688035245,0 101.52371299,1.687962896,0 101.52371529,1.687926721,0 101.523683198,1.687782024,0 101.523659232,1.687563913,0 101.523605309,1.687446003,0 101.523551387,1.687387496,0 101.523533413,1.687373633,0 101.523507268,1.687366017,0 101.523515439,1.687353097,0 101.523533413,1.687353959,0 101.523547793,1.68734793,0 101.523659232,1.687334812,0 101.523731129,1.687339783,0 101.523785051,1.687352863,0 101.523821,1.687367724,0 101.523856948,1.68739073,0 101.523966446,1.687492628,0 101.524018716,1.687528067,0 101.524090613,1.687558843,0 101.524234406,1.687606906,0 101.524270354,1.687615621,0 101.524306303,1.687614884,0 101.524324277,1.687608078,0 101.524342251,1.687594195,0 101.524375953,1.68754689,0 101.524384502,1.687528802,0 101.524387187,1.687492628,0 101.52434999,1.687402192,0 101.524288329,1.687319766,0 101.524265238,1.687275581,0 101.524284009,1.687203232,0 101.524293589,1.687130883,0 101.524306798,1.687094709,0 101.524360225,1.687030399,0 101.5243782,1.687022925,0 101.524396174,1.687020924,0 101.524432122,1.687028389,0 101.52446807,1.687044895,0 101.524618062,1.68714897,0 101.524764136,1.687203232,0 101.52482592,1.687239407,0 101.524897697,1.687311756,0 101.524949242,1.687402192,0 101.525043245,1.687509525,0 101.525079193,1.687533324,0 101.525097167,1.687536429,0 101.525133115,1.687528802,0 101.525169064,1.687502244,0 101.525205307,1.687456453,0 101.525231902,1.687402192,0 101.525268985,1.687275581,0 101.52529306,1.687239407,0 101.525358167,1.687167058,0 101.525376351,1.687094709,0 101.525388036,1.686931924,0 101.52538384,1.686895749,0 101.525363849,1.6868234,0 101.525323084,1.686751051,0 101.525316393,1.686714877,0 101.525335204,1.686678702,0 101.525367927,1.686642528,0 101.525432455,1.686552092,0 101.525462642,1.686479743,0 101.525458825,1.686371219,0 101.52540814,1.686190347,0 101.52540406,1.686136085,0 101.525411242,1.686117998,0 101.525438677,1.68610147,0 101.525456651,1.686097514,0 101.525510573,1.686095054,0 101.52555409,1.686099911,0 101.525618419,1.686117998,0 101.525744238,1.686174046,0 101.525967336,1.686371219,0 101.526080925,1.686515917,0 101.526121696,1.686580174,0 101.526164063,1.686606353,0 101.526193593,1.686612813,0 101.526229541,1.686613159,0 101.526265489,1.686606169,0 101.526301438,1.686590768,0 101.526391309,1.686524043,0 101.526409283,1.686517048,0 101.526445231,1.686476085,0 101.52648118,1.6864172,0 101.526495419,1.686371219,0 101.526504464,1.686262696,0 101.526501884,1.686208434,0 101.526467894,1.686099911,0 101.526477032,1.686045649,0 101.526499154,1.686031657,0 101.526535102,1.686024941,0 101.526571051,1.68603722,0 101.526642947,1.68603722,0 101.526642947,1.686027562,0 101.526624973,1.686009475,0 101.526624973,1.6859733,0 101.526606999,1.685955213,0 101.526606999,1.685937126,0 101.526589025,1.685919039,0 101.526589025,1.685882864,0 101.526571051,1.685864777,0 101.526571051,1.68584669,0 101.526553076,1.685828602,0 101.526553076,1.685792428,0 101.526535102,1.685774341,0 101.526535102,1.685738166,0 101.526517128,1.685720079,0 101.526517128,1.685575381,0 101.526499154,1.685557294,0 101.526499154,1.685490974,0 101.526427257,1.685490974,0 101.526409283,1.685486237,0 101.526391309,1.685491728,0 101.526375046,1.68552112,0 101.526379149,1.685575381,0 101.526363224,1.685611556,0 101.526342225,1.685629643,0 101.526282385,1.685665817,0 101.526247515,1.685676561,0 101.526211567,1.685669314,0 101.526175618,1.685653718,0 101.526139331,1.685629643,0 101.526106409,1.685593468,0 101.526088191,1.685557294,0 101.526089424,1.68552112,0 101.526117645,1.685484945,0 101.526157644,1.685456255,0 101.526193593,1.685437965,0 101.526229541,1.685426532,0 101.526301438,1.685422286,0 101.526344576,1.685376422,0 101.526351212,1.685358334,0 101.526345089,1.685340247,0 101.526319412,1.685309097,0 101.526301438,1.685269406,0 101.526284444,1.685249811,0 101.526265489,1.685239657,0 101.526247515,1.685248891,0 101.526229541,1.685246079,0 101.526157644,1.685225382,0 101.526121696,1.685204593,0 101.526031825,1.68512505,0 101.525998393,1.685105113,0 101.525959928,1.685093157,0 101.525870057,1.685079254,0 101.525816135,1.685065876,0 101.525672341,1.684967516,0 101.525510573,1.684891268,0 101.525456651,1.684882488,0 
					</coordinates>
				</LinearRing>
			</outerBoundaryIs>
			<innerBoundaryIs>
				<LinearRing>
					<coordinates>
						101.524647812,1.686625794,0 101.524683761,1.686627841,0 101.524719709,1.686643071,0 101.524744506,1.686678702,0 101.524750933,1.686732964,0 101.52474057,1.686841487,0 101.524719709,1.68688474,0 101.524683761,1.686896654,0 101.524629838,1.686881477,0 101.524552148,1.6868234,0 101.524521857,1.686769139,0 101.524516241,1.686732964,0 101.524522155,1.68669679,0 101.524531069,1.686678702,0 101.524557941,1.686652884,0 101.52459389,1.686636539,0 101.524647812,1.686625794,0 
					</coordinates>
				</LinearRing>
				<LinearRing>
					<coordinates>
						101.523964793,1.68675574,0 101.523982767,1.686756917,0 101.524009729,1.686769139,0 101.52403669,1.686790391,0 101.524071354,1.686841487,0 101.524073372,1.686859575,0 101.52403669,1.686877407,0 101.524000742,1.686878114,0 101.523964793,1.686865676,0 101.523946819,1.686844405,0 101.523941427,1.686805313,0 101.523946819,1.686773313,0 101.523964793,1.68675574,0 
					</coordinates>
				</LinearRing>
				<LinearRing>
					<coordinates>
						101.52502527,1.686679191,0 101.525061219,1.686681161,0 101.525104806,1.68669679,0 101.525130419,1.686714877,0 101.525146034,1.686732964,0 101.525147822,1.686751051,0 101.525135683,1.686769139,0 101.525086459,1.686805313,0 101.525043245,1.686828662,0 101.525007296,1.686835897,0 101.524971348,1.686828618,0 101.524953374,1.686817371,0 101.524935399,1.686794608,0 101.524931019,1.686769139,0 101.524941391,1.686732964,0 101.524956155,1.686714877,0 101.524989322,1.686690285,0 101.52502527,1.686679191,0 
					</coordinates>
				</LinearRing>
				<LinearRing>
					<coordinates>
						101.526229541,1.686055559,0 101.526265489,1.686062408,0 101.526301438,1.686081741,0 101.526316042,1.686099911,0 101.526371495,1.686208434,0 101.52637443,1.686262696,0 101.52635536,1.686305612,0 101.526319412,1.686334822,0 101.526283464,1.686344438,0 101.526247515,1.68634558,0 101.526193593,1.686335045,0 101.526157644,1.686320297,0 101.526121696,1.686296436,0 101.526087919,1.686262696,0 101.526049085,1.686208434,0 101.526042609,1.686190347,0 101.526051241,1.686154173,0 101.5260836,1.686117998,0 101.526121696,1.686088828,0 101.526157644,1.686068241,0 101.526193593,1.686057662,0 101.526229541,1.686055559,0 
					</coordinates>
				</LinearRing>
			</innerBoundaryIs>
		</Polygon>
	</Placemark>
	<Placemark>
		<name>16-18m</name>
		<styleUrl>#style.#FFCCFFFF..0.255</styleUrl>
		<Polygon>
			<tessellate>1</tessellate>
			<outerBoundaryIs>
				<LinearRing>
					<coordinates>
						101.539422595,1.69899447,0 101.539350698,1.69899447,0 101.53931475,1.698997268,0 101.539278802,1.699001717,0 101.539224879,1.69901326,0 101.539188931,1.699014899,0 101.539152982,1.699014401,0 101.539117034,1.699011663,0 101.539045137,1.699001358,0 101.539009189,1.698998402,0 101.53897324,1.698999121,0 101.538955266,1.699001166,0 101.538919318,1.699009035,0 101.538883369,1.699022282,0 101.538702997,1.69910463,0 101.538650439,1.699122717,0 101.538595782,1.699137463,0 101.53854186,1.699147618,0 101.538469963,1.699156649,0 101.538416041,1.699161575,0 101.538272247,1.699170507,0 101.53820035,1.699178805,0 101.538128454,1.699192676,0 101.538038583,1.699216782,0 101.537912763,1.699242381,0 101.537858841,1.699258119,0 101.537697073,1.699319667,0 101.537632089,1.699339764,0 101.537481383,1.699375554,0 101.537319615,1.699404846,0 101.537247718,1.699423985,0 101.537113863,1.699466375,0 101.537032028,1.699487934,0 101.536906209,1.6995177,0 101.536762415,1.699548565,0 101.536708493,1.699562792,0 101.536600648,1.699596662,0 101.536420906,1.699677699,0 101.536366983,1.699696222,0 101.536259138,1.699717472,0 101.535989525,1.699761486,0 101.535899654,1.699779887,0 101.535809783,1.699805804,0 101.535701938,1.699846558,0 101.535630041,1.69987048,0 101.535450299,1.699914017,0 101.53532448,1.699948029,0 101.535216635,1.699982359,0 101.53510879,1.700022874,0 101.535000945,1.700088166,0 101.534911074,1.700128627,0 101.5348931,1.70013354,0 101.534857151,1.700137698,0 101.534425771,1.700171122,0 101.534371848,1.700178202,0 101.5343359,1.700184959,0 101.534264003,1.700202916,0 101.534102235,1.700254704,0 101.533886545,1.700348127,0 101.533850597,1.700359695,0 101.533814648,1.700367795,0 101.533742752,1.700377866,0 101.533706803,1.700379275,0 101.533670855,1.700375951,0 101.533580984,1.7003574,0 101.53343719,1.700317523,0 101.533347319,1.700295576,0 101.533257449,1.70025886,0 101.533167578,1.70021025,0 101.533077707,1.700183968,0 101.533059732,1.700183968,0 101.533041758,1.700189864,0 101.533023784,1.700189864,0 101.533023784,1.700244126,0 101.53300581,1.700244126,0 101.53300581,1.700334562,0 101.532987836,1.700334562,0 101.532987836,1.700388823,0 101.53300581,1.700388823,0 101.533023784,1.700372035,0 101.533041758,1.700372035,0 101.533131629,1.700398317,0 101.533203526,1.700434891,0 101.533293397,1.700465671,0 101.533329345,1.700472907,0 101.533401242,1.700482603,0 101.533616932,1.700530739,0 101.533634906,1.700533119,0 101.533670855,1.700533977,0 101.533724777,1.700528374,0 101.533796674,1.700515577,0 101.533850597,1.700501922,0 101.533940468,1.700473028,0 101.53399439,1.700445911,0 101.534102235,1.700375522,0 101.534156158,1.700352984,0 101.534192106,1.700344392,0 101.534228055,1.700338725,0 101.534371848,1.700332475,0 101.534911074,1.700288593,0 101.534964996,1.700271996,0 101.535018919,1.700248584,0 101.535126764,1.700182752,0 101.53529188,1.700099428,0 101.535378403,1.70006502,0 101.535468274,1.700034457,0 101.53566599,1.699980444,0 101.535791809,1.699938333,0 101.53588168,1.699913461,0 101.536007499,1.69988779,0 101.536313061,1.699832499,0 101.536384957,1.699816492,0 101.53643888,1.699798056,0 101.536546725,1.699751453,0 101.536698895,1.699701509,0 101.536852286,1.699645036,0 101.537085951,1.699580131,0 101.537157847,1.699564477,0 101.537301641,1.699538619,0 101.537362226,1.699520636,0 101.537499357,1.699474047,0 101.537715047,1.699421281,0 101.53776897,1.699403859,0 101.537912763,1.699347967,0 101.537966686,1.699331767,0 101.538236299,1.699274396,0 101.538308195,1.699260893,0 101.538416041,1.699247176,0 101.538595782,1.69923248,0 101.538685653,1.699218109,0 101.538765231,1.699195066,0 101.538919318,1.699131079,0 101.53897324,1.699114277,0 101.539009189,1.699108984,0 101.539027163,1.699108104,0 101.539117034,1.69911276,0 101.539152982,1.699112614,0 101.539188931,1.699109925,0 101.539224879,1.699104015,0 101.539296776,1.699080644,0 101.539332724,1.699072334,0 101.539386647,1.699063949,0 101.539440569,1.699063949,0 101.539458543,1.699068456,0 101.539440569,1.699050368,0 101.539440569,1.699014194,0 101.539422595,1.698996107,0 101.539422595,1.69899447,0 
					</coordinates>
				</LinearRing>
			</outerBoundaryIs>
		</Polygon>
	</Placemark>
	<Placemark>
		<name>16-18m</name>
		<styleUrl>#style.#FFCCFFFF..0.255</styleUrl>
		<Polygon>
			<tessellate>1</tessellate>
			<outerBoundaryIs>
				<LinearRing>
					<coordinates>
						101.524701735,1.671831276,0 101.524611864,1.671832842,0 101.524575916,1.671846936,0 101.524539967,1.671877054,0 101.524474879,1.671955694,0 101.524378627,1.672118479,0 101.524341025,1.672208916,0 101.52431192,1.672335526,0 101.524247558,1.672462137,0 101.524230687,1.672516399,0 101.524232249,1.672534486,0 101.52425238,1.672562371,0 101.524342251,1.672613052,0 101.524415645,1.672661096,0 101.524424633,1.672679184,0 101.524412766,1.672697271,0 101.524380596,1.672715358,0 101.524342251,1.67273124,0 101.524306303,1.672739905,0 101.52425238,1.672747986,0 101.524216432,1.672749649,0 101.524162509,1.672743648,0 101.524054664,1.672694488,0 101.524000742,1.672683569,0 101.523964793,1.672682117,0 101.523928845,1.672685966,0 101.523856948,1.672706315,0 101.523821,1.672721935,0 101.523785051,1.672743846,0 101.523741801,1.672787707,0 101.523719831,1.672841969,0 101.523702884,1.672950492,0 101.523677206,1.672983987,0 101.523659232,1.67299458,0 101.523641258,1.672998725,0 101.523623284,1.67299837,0 101.523605309,1.672993385,0 101.523569361,1.672969675,0 101.523503955,1.672860056,0 101.523441744,1.672805794,0 101.523353671,1.672764055,0 101.523299748,1.672749121,0 101.523245826,1.672743541,0 101.523191903,1.672749768,0 101.523137981,1.672766973,0 101.523012161,1.672817715,0 101.522926035,1.672860056,0 101.522814445,1.672903744,0 101.52249091,1.672999586,0 101.522383065,1.67302465,0 101.522311168,1.673036673,0 101.522239271,1.673043015,0 101.522185349,1.673043888,0 101.52193371,1.673036457,0 101.521861813,1.673040725,0 101.521789916,1.673054146,0 101.521736574,1.673077103,0 101.521646123,1.673140408,0 101.521574226,1.673180889,0 101.521448407,1.673234086,0 101.521394484,1.67326134,0 101.521290491,1.673330324,0 101.521260677,1.673366499,0 101.521162618,1.673529284,0 101.521052975,1.673628763,0 101.521014459,1.673673982,0 101.520954545,1.673764418,0 101.520891207,1.673818887,0 101.52081931,1.673859271,0 101.520747414,1.673892739,0 101.520711465,1.67390486,0 101.520639568,1.673919968,0 101.520621594,1.673921037,0 101.520585646,1.673913834,0 101.520549697,1.673952416,0 101.520459827,1.673968425,0 101.520441852,1.673968425,0 101.520423878,1.673981465,0 101.520405904,1.673963377,0 101.520405904,1.674108075,0 101.520423878,1.674126162,0 101.520423878,1.67427086,0 101.520441852,1.674288948,0 101.520441852,1.674433645,0 101.520459827,1.674451733,0 101.520459827,1.674505994,0 101.520477801,1.674524082,0 101.520495775,1.674519622,0 101.520531723,1.674520558,0 101.520549697,1.674524892,0 101.520657543,1.674576308,0 101.520729439,1.674666133,0 101.520765388,1.674702693,0 101.520801336,1.674729248,0 101.520855259,1.674757571,0 101.520909181,1.67477383,0 101.520999052,1.674786026,0 101.521070949,1.674789797,0 101.521106897,1.674787655,0 101.521142846,1.674781091,0 101.521196768,1.674762725,0 101.521232717,1.674742315,0 101.521277739,1.674704954,0 101.521326582,1.674650692,0 101.52139285,1.674524082,0 101.521407799,1.674397471,0 101.521413956,1.674379384,0 101.521430433,1.674366949,0 101.521448407,1.674369518,0 101.521484355,1.674389363,0 101.521580218,1.67446982,0 101.521628149,1.674501336,0 101.521677578,1.674524082,0 101.521735994,1.674540031,0 101.521771942,1.674546515,0 101.521789916,1.674547318,0 101.521843839,1.674547653,0 101.521987633,1.67454268,0 101.522059529,1.674545254,0 101.522113452,1.674541937,0 101.522167374,1.674530803,0 101.522221297,1.674509691,0 101.522259218,1.674487907,0 101.522313308,1.674451733,0 101.522348663,1.674415558,0 101.522359486,1.674397471,0 101.522363644,1.674361296,0 101.522352179,1.674216599,0 101.522367337,1.674180424,0 101.522401039,1.674132862,0 101.522436987,1.674107193,0 101.522526858,1.674081889,0 101.522670652,1.674047192,0 101.522760523,1.674029371,0 101.522850394,1.674015858,0 101.523120006,1.673981364,0 101.523209877,1.6739721,0 101.523299748,1.673968119,0 101.523407593,1.673973243,0 101.523443542,1.673969708,0 101.52347949,1.673951319,0 101.523510128,1.673909116,0 101.523532793,1.673800592,0 101.523551087,1.673764418,0 101.523588281,1.673728243,0 101.523623284,1.673708232,0 101.523659232,1.67369448,0 101.523677206,1.673692069,0 101.52369518,1.673692891,0 101.523713155,1.673697116,0 101.523909011,1.673800592,0 101.523964793,1.673821263,0 101.524018716,1.673828987,0 101.52417689,1.673836767,0 101.524270354,1.673856169,0 101.524306303,1.673856778,0 101.524324277,1.673853315,0 101.524356897,1.673836767,0 101.5243782,1.673816268,0 101.524500097,1.67361972,0 101.524539967,1.673588197,0 101.524584261,1.673565458,0 101.524629838,1.673550385,0 101.524665787,1.673542785,0 101.52480958,1.673523889,0 101.524827554,1.673518495,0 101.524845528,1.673509388,0 101.524881477,1.673475022,0 101.524953374,1.673442213,0 101.524971348,1.67342478,0 101.525043245,1.67342478,0 101.525043245,1.67342076,0 101.52502527,1.673402673,0 101.52502527,1.673257975,0 101.525007296,1.673239888,0 101.525007296,1.67309519,0 101.524989322,1.673077103,0 101.524989322,1.672932405,0 101.524971348,1.672914318,0 101.524971348,1.67276962,0 101.524953374,1.672751533,0 101.524953374,1.672588747,0 101.524935399,1.67257066,0 101.524935399,1.672425962,0 101.524917425,1.672407875,0 101.524917425,1.672263177,0 101.524899451,1.67224509,0 101.524899451,1.672100392,0 101.524881477,1.672082305,0 101.524881477,1.67191952,0 101.524863503,1.671901433,0 101.524863503,1.671866741,0 101.524791606,1.671866741,0 101.524737683,1.671839462,0 101.524701735,1.671831276,0 
					</coordinates>
				</LinearRing>
			</outerBoundaryIs>
		</Polygon>
	</Placemark>
	<Placemark>
		<name>16-18m</name>
		<styleUrl>#style.#FFCCFFFF..0.255</styleUrl>
		<Polygon>
			<tessellate>1</tessellate>
			<outerBoundaryIs>
				<LinearRing>
					<coordinates>
						101.525564496,1.687213673,0 101.525536718,1.687221319,0 101.525510573,1.687237633,0 101.52550905,1.687257494,0 101.525532055,1.687329843,0 101.525564496,1.687368052,0 101.525600444,1.687389305,0 101.525618419,1.687390215,0 101.525636393,1.687383539,0 101.525654766,1.687366017,0 101.525679099,1.687311756,0 101.525679976,1.687257494,0 101.525671475,1.687239407,0 101.525618419,1.687216354,0 101.525564496,1.687213673,0 
					</coordinates>
				</LinearRing>
			</outerBoundaryIs>
		</Polygon>
	</Placemark>
	<Placemark>
		<name>16-18m</name>
		<styleUrl>#style.#FFCCFFFF..0.255</styleUrl>
		<Polygon>
			<tessellate>1</tessellate>
			<outerBoundaryIs>
				<LinearRing>
					<coordinates>
						101.522221297,1.687073881,0 101.522199471,1.687094709,0 101.522203323,1.687115875,0 101.522221297,1.68713413,0 101.522239271,1.687136134,0 101.522245263,1.687130883,0 101.522252153,1.687112796,0 101.522245631,1.687094709,0 101.522221297,1.687073881,0 
					</coordinates>
				</LinearRing>
			</outerBoundaryIs>
		</Polygon>
	</Placemark>
	<Placemark>
		<name>18-20m</name>
		<styleUrl>#style.#FF8CC8FF..0.255</styleUrl>
		<Polygon>
			<tessellate>1</tessellate>
			<outerBoundaryIs>
				<LinearRing>
					<coordinates>
						101.523389619,1.676680847,0 101.523353671,1.676687202,0 101.523335697,1.676697169,0 101.523317722,1.676714157,0 101.523298649,1.676748811,0 101.523299748,1.676824017,0 101.523309937,1.676947771,0 101.523327275,1.67702012,0 101.523382429,1.677146731,0 101.523425568,1.677207745,0 101.523443542,1.677219248,0 101.52347949,1.677221452,0 101.523641258,1.677190343,0 101.523677206,1.677175827,0 101.52369518,1.677157181,0 101.523707721,1.677128643,0 101.523713155,1.677073672,0 101.523677206,1.67703006,0 101.523569361,1.676974979,0 101.523515439,1.676925543,0 101.52348234,1.676857335,0 101.523473558,1.676748811,0 101.523443542,1.676703901,0 101.523425568,1.676691045,0 101.523389619,1.676680847,0 
					</coordinates>
				</LinearRing>
			</outerBoundaryIs>
		</Polygon>
	</Placemark>
	<Placemark>
		<name>18-20m</name>
		<styleUrl>#style.#FF8CC8FF..0.255</styleUrl>
		<Polygon>
			<tessellate>1</tessellate>
			<outerBoundaryIs>
				<LinearRing>
					<coordinates>
						101.521448407,1.675836411,0 101.521378144,1.67584445,0 101.521275578,1.675862537,0 101.521196768,1.675883208,0 101.521142846,1.67590474,0 101.521106897,1.675925146,0 101.521073517,1.675952973,0 101.521044986,1.676007235,0 101.520986389,1.676079584,0 101.520967173,1.676115758,0 101.520948018,1.676188107,0 101.520947549,1.676206194,0 101.520963104,1.676239957,0 101.520981078,1.67625176,0 101.521017026,1.676262523,0 101.521088923,1.676263722,0 101.521142846,1.676253738,0 101.52137651,1.676230225,0 101.521430433,1.676215238,0 101.521484355,1.676188107,0 101.521526023,1.676151933,0 101.521569628,1.676097671,0 101.521591324,1.676061497,0 101.521606288,1.676007235,0 101.521602773,1.67597106,0 101.521569324,1.675898711,0 101.521546186,1.675862537,0 101.521520304,1.675845546,0 101.521484355,1.675837493,0 101.521448407,1.675836411,0 
					</coordinates>
				</LinearRing>
			</outerBoundaryIs>
		</Polygon>
	</Placemark>
	<Placemark>
		<name>18-20m</name>
		<styleUrl>#style.#FF8CC8FF..0.255</styleUrl>
		<Polygon>
			<tessellate>1</tessellate>
			<outerBoundaryIs>
				<LinearRing>
					<coordinates>
						101.524647812,1.686625794,0 101.52459389,1.686636539,0 101.524557941,1.686652884,0 101.524531069,1.686678702,0 101.524522155,1.68669679,0 101.524516241,1.686732964,0 101.524521857,1.686769139,0 101.524552148,1.6868234,0 101.524629838,1.686881477,0 101.524683761,1.686896654,0 101.524719709,1.68688474,0 101.52474057,1.686841487,0 101.524750933,1.686732964,0 101.524744506,1.686678702,0 101.524719709,1.686643071,0 101.524683761,1.686627841,0 101.524647812,1.686625794,0 
					</coordinates>
				</LinearRing>
			</outerBoundaryIs>
		</Polygon>
	</Placemark>
	<Placemark>
		<name>18-20m</name>
		<styleUrl>#style.#FF8CC8FF..0.255</styleUrl>
		<Polygon>
			<tessellate>1</tessellate>
			<outerBoundaryIs>
				<LinearRing>
					<coordinates>
						101.532574429,1.693153931,0 101.532574429,1.693172019,0 101.532556455,1.693160662,0 101.532466584,1.693160248,0 101.532430636,1.69316782,0 101.532394687,1.693180449,0 101.532340765,1.693202979,0 101.532089126,1.693340773,0 101.531945333,1.693401006,0 101.531711668,1.693506549,0 101.531370159,1.693621957,0 101.531294667,1.693642287,0 101.531064598,1.693696128,0 101.531010675,1.693711864,0 101.530938778,1.693739545,0 101.530794985,1.693807842,0 101.530723088,1.693833671,0 101.530669165,1.693848394,0 101.530507398,1.69388363,0 101.530237785,1.693949924,0 101.529860327,1.694075932,0 101.529392998,1.694211738,0 101.529087437,1.694311514,0 101.528889721,1.694369555,0 101.528817824,1.694387047,0 101.528727953,1.694404945,0 101.52845834,1.694444069,0 101.528386444,1.694456721,0 101.528062908,1.694528,0 101.527721399,1.694624796,0 101.527559631,1.694679876,0 101.52746976,1.694706933,0 101.527272044,1.694758068,0 101.527218121,1.694767389,0 101.527164199,1.694771464,0 101.52712825,1.694790602,0 101.527115047,1.694817957,0 101.527110276,1.694836044,0 101.52712825,1.694836044,0 101.527146225,1.694854131,0 101.527182173,1.694890305,0 101.527200147,1.694908393,0 101.527218121,1.694908393,0 101.527236095,1.69492648,0 101.52725407,1.694944567,0 101.527272044,1.694962654,0 101.527290018,1.694962654,0 101.527307992,1.694980742,0 101.527325966,1.694998829,0 101.527343941,1.695016916,0 101.527361915,1.695016916,0 101.527379889,1.695035003,0 101.527397863,1.695053091,0 101.527415837,1.695071178,0 101.527416905,1.695053091,0 101.527420518,1.695016916,0 101.527451786,1.694985194,0 101.527667476,1.694913644,0 101.527919115,1.694849002,0 101.528170753,1.69478048,0 101.528278598,1.694739671,0 101.528350495,1.694717185,0 101.528638082,1.694652297,0 101.528709979,1.69464148,0 101.528835798,1.694631579,0 101.528907695,1.694623328,0 101.528961618,1.694613647,0 101.529069463,1.694588441,0 101.529267179,1.694537533,0 101.529500843,1.694467829,0 101.529752482,1.694404624,0 101.529860327,1.694374899,0 101.53000412,1.694328801,0 101.530219811,1.694251382,0 101.530489424,1.694166348,0 101.530579294,1.694145441,0 101.530777011,1.694115049,0 101.530884856,1.694093052,0 101.530993622,1.694058293,0 101.531136494,1.693996987,0 101.531226365,1.69396535,0 101.531478004,1.693909556,0 101.531837488,1.693819075,0 101.532035204,1.693779357,0 101.532071152,1.693769361,0 101.532117994,1.69375081,0 101.532161023,1.693724282,0 101.5322973,1.693606112,0 101.532371944,1.69355185,0 101.532520507,1.693466052,0 101.532574429,1.693441788,0 101.532592404,1.693437298,0 101.532628352,1.693434119,0 101.532646326,1.693433723,0 101.532682274,1.693437545,0 101.532772145,1.693457641,0 101.532897965,1.693496788,0 101.532933913,1.693496788,0 101.532951887,1.693497589,0 101.532951887,1.693479501,0 101.532933913,1.693479501,0 101.532879991,1.69342524,0 101.532862016,1.693407153,0 101.532844042,1.693389065,0 101.532826068,1.693370978,0 101.532808094,1.693370978,0 101.53279012,1.693352891,0 101.532772145,1.693334804,0 101.532754171,1.693316716,0 101.532700249,1.693262455,0 101.532682274,1.693244367,0 101.5326643,1.693244367,0 101.532592404,1.693172019,0 101.532574429,1.693153931,0 
					</coordinates>
				</LinearRing>
			</outerBoundaryIs>
		</Polygon>
	</Placemark>
	<Placemark>
		<name>18-20m</name>
		<styleUrl>#style.#FF8CC8FF..0.255</styleUrl>
		<Polygon>
			<tessellate>1</tessellate>
			<outerBoundaryIs>
				<LinearRing>
					<coordinates>
						101.526229541,1.686055559,0 101.526193593,1.686057662,0 101.526157644,1.686068241,0 101.526121696,1.686088828,0 101.5260836,1.686117998,0 101.526051241,1.686154173,0 101.526042609,1.686190347,0 101.526049085,1.686208434,0 101.526087919,1.686262696,0 101.526121696,1.686296436,0 101.526157644,1.686320297,0 101.526193593,1.686335045,0 101.526247515,1.68634558,0 101.526283464,1.686344438,0 101.526319412,1.686334822,0 101.52635536,1.686305612,0 101.52637443,1.686262696,0 101.526371495,1.686208434,0 101.526316042,1.686099911,0 101.526301438,1.686081741,0 101.526265489,1.686062408,0 101.526229541,1.686055559,0 
					</coordinates>
				</LinearRing>
			</outerBoundaryIs>
		</Polygon>
	</Placemark>
	<Placemark>
		<name>18-20m</name>
		<styleUrl>#style.#FF8CC8FF..0.255</styleUrl>
		<Polygon>
			<tessellate>1</tessellate>
			<outerBoundaryIs>
				<LinearRing>
					<coordinates>
						101.525618419,1.68431028,0 101.525600444,1.684313043,0 101.525564496,1.684331747,0 101.525438677,1.684477189,0 101.525402728,1.684504875,0 101.52536678,1.684518846,0 101.525330832,1.684522015,0 101.525276909,1.684512011,0 101.525240961,1.68449611,0 101.525167302,1.684453973,0 101.525115141,1.684431446,0 101.525061219,1.684412439,0 101.525043245,1.684409942,0 101.52502527,1.684413028,0 101.525007296,1.684422999,0 101.524989322,1.684442311,0 101.524971348,1.684477179,0 101.524937387,1.684598671,0 101.52493644,1.684652932,0 101.524943028,1.684689107,0 101.524961229,1.684725281,0 101.525037014,1.684815717,0 101.525051522,1.684851892,0 101.525055919,1.684888066,0 101.52504636,1.684924241,0 101.525014303,1.684978503,0 101.524989322,1.685004254,0 101.524953374,1.685028372,0 101.524910512,1.685050851,0 101.524791606,1.685100363,0 101.5245869,1.685177462,0 101.52437866,1.685249811,0 101.52425238,1.685318218,0 101.524180483,1.685349397,0 101.524072638,1.685380747,0 101.523946819,1.685407306,0 101.523910871,1.685411476,0 101.523874922,1.6854091,0 101.523838974,1.685400587,0 101.523767077,1.685368597,0 101.523726154,1.685340247,0 101.523659232,1.685282808,0 101.523533413,1.68516137,0 101.523497464,1.685138118,0 101.52347949,1.685132244,0 101.523461516,1.685132764,0 101.523443542,1.685140852,0 101.523407593,1.685174903,0 101.523353671,1.685261116,0 101.523310059,1.685376422,0 101.523267642,1.685611556,0 101.523240777,1.685665817,0 101.523209877,1.685700545,0 101.523173929,1.685729458,0 101.522977811,1.68584669,0 101.522850394,1.685932527,0 101.522796471,1.685961845,0 101.522724574,1.685983988,0 101.522587521,1.686009475,0 101.522317458,1.686081824,0 101.522267615,1.686099911,0 101.5221494,1.686154173,0 101.522059529,1.686214542,0 101.521969658,1.686234599,0 101.521951684,1.686234599,0 101.52193371,1.686244609,0 101.521915736,1.686244609,0 101.521915736,1.686298871,0 101.52193371,1.686316958,0 101.52193371,1.686443568,0 101.521951684,1.686461656,0 101.521951684,1.686606353,0 101.521969658,1.686624441,0 101.521969658,1.686751051,0 101.521987633,1.686769139,0 101.521987633,1.686877662,0 101.522005607,1.686895749,0 101.522005607,1.687004273,0 101.522023581,1.68702236,0 101.522023581,1.687130883,0 101.522041555,1.68714897,0 101.522041555,1.687257494,0 101.522059529,1.687275581,0 101.522059529,1.687384104,0 101.522077503,1.687402192,0 101.522077503,1.687510715,0 101.522095478,1.687528802,0 101.522095478,1.687637326,0 101.522113452,1.687655413,0 101.522131426,1.687655413,0 101.5221494,1.687645525,0 101.522203323,1.68764171,0 101.522257245,1.687632481,0 101.522293194,1.687633477,0 101.522322832,1.687601151,0 101.52234005,1.687564977,0 101.522380745,1.687420279,0 101.522391806,1.687311756,0 101.522390956,1.687185145,0 101.522401039,1.687172539,0 101.522419013,1.687163495,0 101.522472936,1.687158349,0 101.522513378,1.687167058,0 101.522634703,1.687257842,0 101.522778497,1.687322945,0 101.522958239,1.687413461,0 101.523012161,1.687419099,0 101.52304811,1.687412211,0 101.523084058,1.687396259,0 101.523120006,1.687367138,0 101.523148214,1.687329843,0 101.523182971,1.687257494,0 101.523210473,1.687167058,0 101.523192974,1.687112796,0 101.523167887,1.687076621,0 101.523120006,1.687042445,0 101.523062176,1.68702236,0 101.522994187,1.687010995,0 101.522796471,1.686993396,0 101.522724574,1.686976489,0 101.522688626,1.68695604,0 101.522655374,1.686913836,0 101.522651239,1.686877662,0 101.522656554,1.686859575,0 101.5227066,1.686772269,0 101.522731196,1.686751051,0 101.522760523,1.686738676,0 101.522778497,1.686735832,0 101.522814445,1.686737775,0 101.52292229,1.686765232,0 101.523012161,1.686765914,0 101.523066084,1.686757131,0 101.523102032,1.686746333,0 101.523206751,1.68669679,0 101.523245826,1.686660174,0 101.5233595,1.68649783,0 101.523443542,1.686396959,0 101.523546615,1.686244609,0 101.523569361,1.686220304,0 101.523605309,1.686195361,0 101.523641258,1.686182922,0 101.523659232,1.686181504,0 101.523677206,1.68618373,0 101.523713155,1.686201676,0 101.523749103,1.686230232,0 101.523830441,1.686316958,0 101.523874922,1.686356469,0 101.52408374,1.686479743,0 101.524198458,1.686559591,0 101.524234406,1.686573123,0 101.524270354,1.68657677,0 101.524305683,1.686570179,0 101.524324277,1.686558031,0 101.524339655,1.686534005,0 101.524345163,1.68649783,0 101.524342507,1.686389307,0 101.524324277,1.686339691,0 101.52430442,1.686316958,0 101.524270354,1.686294564,0 101.524216432,1.686278453,0 101.524144535,1.68626825,0 101.524090613,1.686244609,0 101.524070779,1.686226522,0 101.524054664,1.686199767,0 101.524036407,1.686117998,0 101.52402035,1.686081824,0 101.523964793,1.686032495,0 101.523928845,1.686018715,0 101.523821,1.685999678,0 101.523799957,1.685991388,0 101.523791043,1.6859733,0 101.523794038,1.685955213,0 101.523806449,1.685937126,0 101.523838974,1.685911201,0 101.523874922,1.685891672,0 101.523928845,1.685876223,0 101.524000742,1.685874225,0 101.524126561,1.685893528,0 101.524206564,1.685919039,0 101.524288329,1.685958118,0 101.524396174,1.686024902,0 101.524504019,1.686072681,0 101.52459389,1.686122172,0 101.52475787,1.686226522,0 101.524881477,1.68628825,0 101.524971348,1.686323647,0 101.52502527,1.686359326,0 101.525079193,1.686415036,0 101.525115141,1.686443926,0 101.52515109,1.686454381,0 101.525169064,1.686453132,0 101.525192464,1.686443568,0 101.52520979,1.686425481,0 101.52522238,1.686389307,0 101.525219392,1.686353132,0 101.525210442,1.686335045,0 101.525192005,1.686316958,0 101.525169064,1.686304542,0 101.525097167,1.686278152,0 101.525061219,1.686249353,0 101.525043245,1.686210243,0 101.525005773,1.686081824,0 101.524989322,1.686051035,0 101.524953374,1.686017915,0 101.524917425,1.68599817,0 101.524863503,1.68598265,0 101.524755658,1.685968711,0 101.524719709,1.685955213,0 101.524693381,1.685937126,0 101.524651229,1.685882864,0 101.524653671,1.685774341,0 101.524646163,1.685738166,0 101.524611864,1.685698745,0 101.52453098,1.68564773,0 101.524492917,1.685611556,0 101.524486644,1.685593468,0 101.524491003,1.685575381,0 101.524521993,1.685562907,0 101.524557941,1.685557606,0 101.52459389,1.685561348,0 101.524665787,1.685579174,0 101.524791606,1.685583436,0 101.524881477,1.685596424,0 101.524953374,1.685621374,0 101.525187038,1.685730609,0 101.525348806,1.685825211,0 101.525438677,1.685859578,0 101.525528548,1.685878739,0 101.525690315,1.685897486,0 101.525744238,1.685889093,0 101.525792033,1.685864777,0 101.525834109,1.685817384,0 101.525857957,1.685756254,0 101.525864762,1.685665817,0 101.52585737,1.685611556,0 101.525848353,1.685593468,0 101.525834109,1.685582459,0 101.525816135,1.685578888,0 101.525708289,1.685580928,0 101.525654367,1.685577564,0 101.525618419,1.685568881,0 101.525600444,1.685560028,0 101.525474625,1.685424144,0 101.525348806,1.685350371,0 101.525312334,1.68532216,0 101.525299006,1.685304073,0 101.525267501,1.685195549,0 101.525278936,1.6851232,0 101.525308081,1.685032764,0 101.525348806,1.684953859,0 101.525384754,1.68491225,0 101.525420702,1.684890011,0 101.525456651,1.684882488,0 101.525510573,1.684891268,0 101.525672341,1.684967516,0 101.525816135,1.685065876,0 101.525870057,1.685079254,0 101.525959928,1.685093157,0 101.525998393,1.685105113,0 101.526031825,1.68512505,0 101.526121696,1.685204593,0 101.526157644,1.685225382,0 101.526229541,1.685246079,0 101.526247515,1.685248891,0 101.526265489,1.685239657,0 101.526284444,1.685249811,0 101.526301438,1.685269406,0 101.526319412,1.685309097,0 101.526345089,1.685340247,0 101.526351212,1.685358334,0 101.526344576,1.685376422,0 101.526301438,1.685422286,0 101.526229541,1.685426532,0 101.526193593,1.685437965,0 101.526157644,1.685456255,0 101.526117645,1.685484945,0 101.526089424,1.68552112,0 101.526088191,1.685557294,0 101.526106409,1.685593468,0 101.526139331,1.685629643,0 101.526175618,1.685653718,0 101.526211567,1.685669314,0 101.526247515,1.685676561,0 101.526282385,1.685665817,0 101.526342225,1.685629643,0 101.526363224,1.685611556,0 101.526379149,1.685575381,0 101.526375046,1.68552112,0 101.526391309,1.685491728,0 101.526409283,1.685486237,0 101.526427257,1.685490974,0 101.526499154,1.685490974,0 101.526499154,1.685412596,0 101.52648118,1.685394509,0 101.52648118,1.685231724,0 101.526463205,1.685213637,0 101.526463205,1.685068939,0 101.526445231,1.685050851,0 101.526445231,1.684906154,0 101.526427257,1.684888066,0 101.526427257,1.684725281,0 101.526409283,1.684707194,0 101.526409283,1.684623176,0 101.526337386,1.684623176,0 101.526301438,1.684617064,0 101.526247515,1.6846188,0 101.526211567,1.684612172,0 101.526193593,1.684615185,0 101.52613967,1.684640874,0 101.526103722,1.684652932,0 101.526067773,1.684659425,0 101.526031825,1.684661418,0 101.525995876,1.68465955,0 101.525941954,1.684650592,0 101.525852083,1.684627024,0 101.525816135,1.684608719,0 101.525780186,1.684572143,0 101.525758659,1.684526322,0 101.525742558,1.684453973,0 101.525722489,1.684399711,0 101.525690315,1.684346159,0 101.525672656,1.684327362,0 101.525636393,1.684311313,0 101.525618419,1.68431028,0 
					</coordinates>
				</LinearRing>
			</outerBoundaryIs>
			<innerBoundaryIs>
				<LinearRing>
					<coordinates>
						101.522221297,1.687073881,0 101.522245631,1.687094709,0 101.522252153,1.687112796,0 101.522245263,1.687130883,0 101.522239271,1.687136134,0 101.522221297,1.68713413,0 101.522203323,1.687115875,0 101.522199471,1.687094709,0 101.522221297,1.687073881,0 
					</coordinates>
				</LinearRing>
			</innerBoundaryIs>
		</Polygon>
	</Placemark>
	<Placemark>
		<name>18-20m</name>
		<styleUrl>#style.#FF8CC8FF..0.255</styleUrl>
		<Polygon>
			<tessellate>1</tessellate>
			<outerBoundaryIs>
				<LinearRing>
					<coordinates>
						101.538955266,1.698879063,0 101.538919318,1.698881767,0 101.538883369,1.698889221,0 101.538847421,1.698900847,0 101.538703628,1.698961051,0 101.538558477,1.699014194,0 101.538505911,1.69902703,0 101.538451989,1.699034542,0 101.538398066,1.699034971,0 101.538344144,1.699030194,0 101.538236299,1.699005892,0 101.538182376,1.698997722,0 101.538146428,1.698996968,0 101.538128454,1.698998256,0 101.538092505,1.699004256,0 101.538002634,1.699032775,0 101.537840866,1.699064436,0 101.537750996,1.699094725,0 101.537679099,1.699124506,0 101.537625176,1.699137825,0 101.537499357,1.699181757,0 101.537445434,1.699191893,0 101.537319615,1.699201363,0 101.537265692,1.699212049,0 101.537229744,1.699224751,0 101.537193796,1.699241922,0 101.537067976,1.699321677,0 101.537014054,1.699346012,0 101.536942157,1.699367052,0 101.536834312,1.699392771,0 101.536726467,1.699406117,0 101.536618622,1.699426703,0 101.536564699,1.699446458,0 101.536474828,1.699491297,0 101.536384957,1.699528699,0 101.536349009,1.699536364,0 101.536313061,1.699538829,0 101.536115344,1.699537632,0 101.536025473,1.699542565,0 101.535971551,1.699549711,0 101.535917628,1.699559825,0 101.535827757,1.699582878,0 101.535755861,1.699606458,0 101.535683964,1.699635189,0 101.535576119,1.699692103,0 101.535465038,1.699737683,0 101.535252583,1.69980902,0 101.53510879,1.699850519,0 101.535072842,1.699863097,0 101.534875125,1.699964121,0 101.534821203,1.699973775,0 101.534731332,1.699981316,0 101.534659435,1.69998333,0 101.534479693,1.699984122,0 101.534425771,1.69998722,0 101.534389822,1.699992735,0 101.534353874,1.700002305,0 101.534317926,1.700016819,0 101.534180929,1.700099428,0 101.53412021,1.700127752,0 101.534066287,1.700143803,0 101.533958442,1.700162779,0 101.533814648,1.700205294,0 101.5337787,1.700213603,0 101.533742752,1.700217041,0 101.533724777,1.700216495,0 101.533688829,1.700212363,0 101.533616932,1.70019921,0 101.53356301,1.700183048,0 101.533383268,1.700118386,0 101.533311371,1.700082677,0 101.533203526,1.700022182,0 101.533113655,1.699996001,0 101.533095681,1.699996001,0 101.533077707,1.700008992,0 101.533059732,1.700008992,0 101.533059732,1.700063253,0 101.533041758,1.700063253,0 101.533041758,1.700153689,0 101.533023784,1.700153689,0 101.533023784,1.700189864,0 101.533041758,1.700189864,0 101.533059732,1.700183968,0 101.533077707,1.700183968,0 101.533167578,1.70021025,0 101.533257449,1.70025886,0 101.533347319,1.700295576,0 101.53343719,1.700317523,0 101.533580984,1.7003574,0 101.533670855,1.700375951,0 101.533706803,1.700379275,0 101.533742752,1.700377866,0 101.533814648,1.700367795,0 101.533850597,1.700359695,0 101.533886545,1.700348127,0 101.534102235,1.700254704,0 101.534264003,1.700202916,0 101.5343359,1.700184959,0 101.534371848,1.700178202,0 101.534425771,1.700171122,0 101.534857151,1.700137698,0 101.5348931,1.70013354,0 101.534911074,1.700128627,0 101.535000945,1.700088166,0 101.53510879,1.700022874,0 101.535216635,1.699982359,0 101.53532448,1.699948029,0 101.535450299,1.699914017,0 101.535630041,1.69987048,0 101.535701938,1.699846558,0 101.535809783,1.699805804,0 101.535899654,1.699779887,0 101.535989525,1.699761486,0 101.536259138,1.699717472,0 101.536366983,1.699696222,0 101.536420906,1.699677699,0 101.536600648,1.699596662,0 101.536708493,1.699562792,0 101.536762415,1.699548565,0 101.536906209,1.6995177,0 101.537032028,1.699487934,0 101.537113863,1.699466375,0 101.537247718,1.699423985,0 101.537319615,1.699404846,0 101.537481383,1.699375554,0 101.537632089,1.699339764,0 101.537697073,1.699319667,0 101.537858841,1.699258119,0 101.537912763,1.699242381,0 101.538038583,1.699216782,0 101.538128454,1.699192676,0 101.53820035,1.699178805,0 101.538272247,1.699170507,0 101.538416041,1.699161575,0 101.538469963,1.699156649,0 101.53854186,1.699147618,0 101.538595782,1.699137463,0 101.538650439,1.699122717,0 101.538702997,1.69910463,0 101.538883369,1.699022282,0 101.538919318,1.699009035,0 101.538955266,1.699001166,0 101.53897324,1.698999121,0 101.539009189,1.698998402,0 101.539045137,1.699001358,0 101.539117034,1.699011663,0 101.539152982,1.699014401,0 101.539188931,1.699014899,0 101.539224879,1.69901326,0 101.539278802,1.699001717,0 101.53931475,1.698997268,0 101.539350698,1.69899447,0 101.539422595,1.69899447,0 101.539422595,1.698959932,0 101.539404621,1.698941845,0 101.539404621,1.698905671,0 101.539386647,1.698887583,0 101.539386647,1.698884628,0 101.53931475,1.698884628,0 101.539224879,1.698892064,0 101.539206905,1.69889154,0 101.539135008,1.698894488,0 101.53909906,1.698893017,0 101.538991215,1.698879968,0 101.538955266,1.698879063,0 
					</coordinates>
				</LinearRing>
			</outerBoundaryIs>
		</Polygon>
	</Placemark>
	<Placemark>
		<name>18-20m</name>
		<styleUrl>#style.#FF8CC8FF..0.255</styleUrl>
		<Polygon>
			<tessellate>1</tessellate>
			<outerBoundaryIs>
				<LinearRing>
					<coordinates>
						101.525043245,1.67342478,0 101.524971348,1.67342478,0 101.524953374,1.673442213,0 101.524881477,1.673475022,0 101.524845528,1.673509388,0 101.524827554,1.673518495,0 101.52480958,1.673523889,0 101.524665787,1.673542785,0 101.524629838,1.673550385,0 101.524584261,1.673565458,0 101.524539967,1.673588197,0 101.524500097,1.67361972,0 101.5243782,1.673816268,0 101.524356897,1.673836767,0 101.524324277,1.673853315,0 101.524306303,1.673856778,0 101.524270354,1.673856169,0 101.52417689,1.673836767,0 101.524018716,1.673828987,0 101.523964793,1.673821263,0 101.523909011,1.673800592,0 101.523713155,1.673697116,0 101.52369518,1.673692891,0 101.523677206,1.673692069,0 101.523659232,1.67369448,0 101.523623284,1.673708232,0 101.523588281,1.673728243,0 101.523551087,1.673764418,0 101.523532793,1.673800592,0 101.523510128,1.673909116,0 101.52347949,1.673951319,0 101.523443542,1.673969708,0 101.523407593,1.673973243,0 101.523299748,1.673968119,0 101.523209877,1.6739721,0 101.523120006,1.673981364,0 101.522850394,1.674015858,0 101.522760523,1.674029371,0 101.522670652,1.674047192,0 101.522526858,1.674081889,0 101.522436987,1.674107193,0 101.522401039,1.674132862,0 101.522367337,1.674180424,0 101.522352179,1.674216599,0 101.522363644,1.674361296,0 101.522359486,1.674397471,0 101.522348663,1.674415558,0 101.522313308,1.674451733,0 101.522259218,1.674487907,0 101.522221297,1.674509691,0 101.522167374,1.674530803,0 101.522113452,1.674541937,0 101.522059529,1.674545254,0 101.521987633,1.67454268,0 101.521843839,1.674547653,0 101.521789916,1.674547318,0 101.521771942,1.674546515,0 101.521735994,1.674540031,0 101.521677578,1.674524082,0 101.521628149,1.674501336,0 101.521580218,1.67446982,0 101.521484355,1.674389363,0 101.521448407,1.674369518,0 101.521430433,1.674366949,0 101.521413956,1.674379384,0 101.521407799,1.674397471,0 101.52139285,1.674524082,0 101.521326582,1.674650692,0 101.521277739,1.674704954,0 101.521232717,1.674742315,0 101.521196768,1.674762725,0 101.521142846,1.674781091,0 101.521106897,1.674787655,0 101.521070949,1.674789797,0 101.520999052,1.674786026,0 101.520909181,1.67477383,0 101.520855259,1.674757571,0 101.520801336,1.674729248,0 101.520765388,1.674702693,0 101.520729439,1.674666133,0 101.520657543,1.674576308,0 101.520549697,1.674524892,0 101.520531723,1.674520558,0 101.520495775,1.674519622,0 101.520477801,1.674524082,0 101.520459827,1.674505994,0 101.520459827,1.674596431,0 101.520477801,1.674614518,0 101.520477801,1.674759216,0 101.520495775,1.674777303,0 101.520495775,1.674922001,0 101.520513749,1.674940088,0 101.520513749,1.675012437,0 101.520531723,1.675030524,0 101.520549697,1.675028574,0 101.520567672,1.675028574,0 101.520585646,1.675025607,0 101.520621594,1.675023658,0 101.520675517,1.675024997,0 101.520693491,1.675019638,0 101.520711465,1.675017271,0 101.520783362,1.67503408,0 101.520855259,1.675046937,0 101.520891207,1.675051793,0 101.520981078,1.675058775,0 101.521196768,1.675067485,0 101.521232717,1.675071015,0 101.521268665,1.675078684,0 101.521304613,1.675091833,0 101.521340562,1.675110108,0 101.521394484,1.675145908,0 101.521430433,1.675162273,0 101.521484355,1.675179744,0 101.521520304,1.675185513,0 101.521538278,1.67518546,0 101.521556252,1.675182534,0 101.521574945,1.675175222,0 101.521682071,1.675097007,0 101.521712573,1.675066699,0 101.521757297,1.67499435,0 101.521807891,1.674953653,0 101.521861813,1.674926085,0 101.521915736,1.674908846,0 101.521951684,1.674902783,0 101.521987633,1.674899693,0 101.522005607,1.674899548,0 101.522059529,1.674902467,0 101.522095478,1.674907414,0 101.522131426,1.674915369,0 101.522221297,1.674943874,0 101.522294991,1.674976262,0 101.522347116,1.675018251,0 101.522396545,1.675048611,0 101.522454961,1.675069282,0 101.522508884,1.67507838,0 101.522544832,1.675079568,0 101.522580781,1.67507768,0 101.522634703,1.675070655,0 101.522729567,1.675048611,0 101.522886342,1.675007858,0 101.522958239,1.674996683,0 101.523012161,1.674991271,0 101.523120006,1.674982975,0 101.523281774,1.67496391,0 101.523407593,1.674958616,0 101.523443542,1.674957955,0 101.52347949,1.674958601,0 101.523515439,1.674962333,0 101.523551387,1.674968452,0 101.523623284,1.674988253,0 101.52369518,1.675014206,0 101.523804765,1.675048611,0 101.524000742,1.675129472,0 101.524072638,1.675150456,0 101.524126561,1.675158731,0 101.524180483,1.675161535,0 101.524216432,1.675161077,0 101.524270354,1.675158475,0 101.524360225,1.675150835,0 101.524414148,1.675144431,0 101.52446807,1.675134095,0 101.524504019,1.675123279,0 101.524539967,1.675108739,0 101.524652306,1.675048611,0 101.524702681,1.675012437,0 101.52471926,1.67499435,0 101.524743402,1.674940088,0 101.524752216,1.67479539,0 101.524761649,1.674759216,0 101.524786536,1.674686867,0 101.524831599,1.674632605,0 101.524953374,1.674541612,0 101.524989322,1.674524665,0 101.525007296,1.674524986,0 101.52502527,1.674523146,0 101.525061219,1.674510927,0 101.525115141,1.674503411,0 101.525205012,1.674503635,0 101.525205012,1.67446982,0 101.525187038,1.674451733,0 101.525187038,1.674361296,0 101.525169064,1.674343209,0 101.525169064,1.674234686,0 101.52515109,1.674216599,0 101.52515109,1.674126162,0 101.525133115,1.674108075,0 101.525133115,1.673999552,0 101.525115141,1.673981465,0 101.525115141,1.673891028,0 101.525097167,1.673872941,0 101.525097167,1.673782505,0 101.525079193,1.673764418,0 101.525079193,1.673655894,0 101.525061219,1.673637807,0 101.525061219,1.673547371,0 101.525043245,1.673529284,0 101.525043245,1.67342478,0 
					</coordinates>
				</LinearRing>
			</outerBoundaryIs>
		</Polygon>
	</Placemark>
	<Placemark>
		<name>20-22m</name>
		<styleUrl>#style.#FF8CC8FF..0.255</styleUrl>
		<Polygon>
			<tessellate>1</tessellate>
			<outerBoundaryIs>
				<LinearRing>
					<coordinates>
						101.525726264,1.683161248,0 101.525708289,1.683164715,0 101.525690315,1.683174063,0 101.525677602,1.683187867,0 101.525665738,1.683224041,0 101.525682145,1.683278303,0 101.525728442,1.683332564,0 101.525730209,1.683350652,0 101.5257075,1.683423001,0 101.525690085,1.683549611,0 101.525728492,1.683875181,0 101.525721813,1.683911356,0 101.525708289,1.683939524,0 101.525684901,1.683965618,0 101.525659538,1.683983705,0 101.525600444,1.684005108,0 101.525474625,1.684026149,0 101.525402728,1.684028734,0 101.52536678,1.684024903,0 101.525330832,1.684012227,0 101.52529839,1.683983705,0 101.525278649,1.683875181,0 101.525247994,1.683802832,0 101.525222986,1.683780489,0 101.525187038,1.683766965,0 101.52515109,1.683760008,0 101.524989322,1.683741078,0 101.524953374,1.683743144,0 101.524917425,1.683750638,0 101.524863503,1.683777376,0 101.524836814,1.683802832,0 101.524819527,1.683839007,0 101.52481819,1.683857094,0 101.524875301,1.684110315,0 101.524870125,1.684255013,0 101.524841534,1.684363537,0 101.524813662,1.684526322,0 101.524798241,1.684580583,0 101.524741084,1.684707194,0 101.524701735,1.684748794,0 101.524665787,1.684768238,0 101.524629838,1.684775467,0 101.524557941,1.684763559,0 101.524521993,1.684744499,0 101.524504019,1.684724376,0 101.524389356,1.684508235,0 101.524360225,1.684479295,0 101.524342251,1.684477815,0 101.524324277,1.684487735,0 101.524306303,1.684509773,0 101.52426248,1.684580583,0 101.524188145,1.684779543,0 101.524162509,1.684800498,0 101.524049871,1.684851892,0 101.52402079,1.684869979,0 101.523929358,1.684978503,0 101.52385278,1.685050851,0 101.523803026,1.685082043,0 101.523767077,1.685086012,0 101.523731129,1.68507703,0 101.523713155,1.685068109,0 101.523677206,1.685039248,0 101.523656739,1.685014677,0 101.52362939,1.684960415,0 101.52353685,1.684689107,0 101.523518204,1.684652932,0 101.52347949,1.6846047,0 101.523461516,1.684594827,0 101.523443542,1.684591802,0 101.523425568,1.684595852,0 101.523407593,1.684607476,0 101.523389619,1.684629303,0 101.523353671,1.684696536,0 101.523317999,1.684851892,0 101.523283673,1.685068939,0 101.523257434,1.685159375,0 101.523173929,1.685306083,0 101.523102032,1.685390577,0 101.522930528,1.685484945,0 101.522673447,1.685611556,0 101.522562807,1.685651767,0 101.522203323,1.68576151,0 101.522113452,1.685798236,0 101.522023581,1.68584943,0 101.52193371,1.685884451,0 101.521915736,1.685884451,0 101.521897762,1.685900951,0 101.521879787,1.685900951,0 101.521879787,1.685991388,0 101.521897762,1.686009475,0 101.521897762,1.686136085,0 101.521915736,1.686154173,0 101.521915736,1.686244609,0 101.52193371,1.686244609,0 101.521951684,1.686234599,0 101.521969658,1.686234599,0 101.522059529,1.686214542,0 101.5221494,1.686154173,0 101.522267615,1.686099911,0 101.522317458,1.686081824,0 101.522587521,1.686009475,0 101.522724574,1.685983988,0 101.522796471,1.685961845,0 101.522850394,1.685932527,0 101.522977811,1.68584669,0 101.523173929,1.685729458,0 101.523209877,1.685700545,0 101.523240777,1.685665817,0 101.523267642,1.685611556,0 101.523310059,1.685376422,0 101.523353671,1.685261116,0 101.523407593,1.685174903,0 101.523443542,1.685140852,0 101.523461516,1.685132764,0 101.52347949,1.685132244,0 101.523497464,1.685138118,0 101.523533413,1.68516137,0 101.523659232,1.685282808,0 101.523726154,1.685340247,0 101.523767077,1.685368597,0 101.523838974,1.685400587,0 101.523874922,1.6854091,0 101.523910871,1.685411476,0 101.523946819,1.685407306,0 101.524072638,1.685380747,0 101.524180483,1.685349397,0 101.52425238,1.685318218,0 101.52437866,1.685249811,0 101.5245869,1.685177462,0 101.524791606,1.685100363,0 101.524910512,1.685050851,0 101.524953374,1.685028372,0 101.524989322,1.685004254,0 101.525014303,1.684978503,0 101.52504636,1.684924241,0 101.525055919,1.684888066,0 101.525051522,1.684851892,0 101.525037014,1.684815717,0 101.524961229,1.684725281,0 101.524943028,1.684689107,0 101.52493644,1.684652932,0 101.524937387,1.684598671,0 101.524971348,1.684477179,0 101.524989322,1.684442311,0 101.525007296,1.684422999,0 101.52502527,1.684413028,0 101.525043245,1.684409942,0 101.525061219,1.684412439,0 101.525115141,1.684431446,0 101.525167302,1.684453973,0 101.525240961,1.68449611,0 101.525276909,1.684512011,0 101.525330832,1.684522015,0 101.52536678,1.684518846,0 101.525402728,1.684504875,0 101.525438677,1.684477189,0 101.525564496,1.684331747,0 101.525600444,1.684313043,0 101.525618419,1.68431028,0 101.525636393,1.684311313,0 101.525672656,1.684327362,0 101.525690315,1.684346159,0 101.525722489,1.684399711,0 101.525742558,1.684453973,0 101.525758659,1.684526322,0 101.525780186,1.684572143,0 101.525816135,1.684608719,0 101.525852083,1.684627024,0 101.525941954,1.684650592,0 101.525995876,1.68465955,0 101.526031825,1.684661418,0 101.526067773,1.684659425,0 101.526103722,1.684652932,0 101.52613967,1.684640874,0 101.526193593,1.684615185,0 101.526211567,1.684612172,0 101.526247515,1.6846188,0 101.526301438,1.684617064,0 101.526337386,1.684623176,0 101.526409283,1.684623176,0 101.526409283,1.684562496,0 101.526391309,1.684544409,0 101.526391309,1.68447206,0 101.526373334,1.684453973,0 101.526373334,1.684345449,0 101.52635536,1.684327362,0 101.52635536,1.684218839,0 101.526337386,1.684203876,0 101.526265489,1.684204843,0 101.526157644,1.684220848,0 101.526103722,1.684214763,0 101.526085747,1.68420391,0 101.526067773,1.684182243,0 101.526046548,1.684128403,0 101.526030047,1.684001792,0 101.526037746,1.683965618,0 101.526085747,1.683873028,0 101.526116616,1.683784745,0 101.526115704,1.683730483,0 101.526094504,1.683640047,0 101.526076086,1.683603873,0 101.52602875,1.683549611,0 101.52592398,1.68344787,0 101.52583084,1.683332564,0 101.525826592,1.683260215,0 101.52579816,1.683190127,0 101.525762212,1.68316702,0 101.525726264,1.683161248,0 
					</coordinates>
				</LinearRing>
			</outerBoundaryIs>
		</Polygon>
	</Placemark>
	<Placemark>
		<name>20-22m</name>
		<styleUrl>#style.#FF8CC8FF..0.255</styleUrl>
		<Polygon>
			<tessellate>1</tessellate>
			<outerBoundaryIs>
				<LinearRing>
					<coordinates>
						101.537157847,1.697965652,0 101.537139873,1.697966885,0 101.537103925,1.697974874,0 101.536888235,1.698067629,0 101.536762415,1.698107705,0 101.536726467,1.69812792,0 101.536492802,1.698352202,0 101.536436766,1.698399228,0 101.536384957,1.698430533,0 101.536241164,1.698485645,0 101.536187241,1.698517399,0 101.536151293,1.698555057,0 101.536028897,1.698724798,0 101.535989525,1.698761727,0 101.535935603,1.698793127,0 101.535823265,1.698833322,0 101.535630041,1.698871505,0 101.535558145,1.698888561,0 101.53532448,1.698956767,0 101.535036893,1.699015801,0 101.534947022,1.699042558,0 101.5348931,1.699062857,0 101.53476728,1.699130138,0 101.534623487,1.699227172,0 101.534518138,1.699321677,0 101.53437277,1.699466375,0 101.534317926,1.699507944,0 101.534264003,1.699535941,0 101.534102235,1.699605043,0 101.533922493,1.699697607,0 101.533747994,1.699773858,0 101.533527061,1.699889487,0 101.533509087,1.699895344,0 101.533473139,1.69990071,0 101.53343719,1.699899145,0 101.533419216,1.699895997,0 101.533365294,1.699879701,0 101.533239474,1.699825406,0 101.533149603,1.699804747,0 101.533131629,1.699804747,0 101.533113655,1.699810032,0 101.533095681,1.699810032,0 101.533095681,1.699882381,0 101.533077707,1.699882381,0 101.533077707,1.699972817,0 101.533059732,1.699972817,0 101.533059732,1.700008992,0 101.533077707,1.700008992,0 101.533095681,1.699996001,0 101.533113655,1.699996001,0 101.533203526,1.700022182,0 101.533311371,1.700082677,0 101.533383268,1.700118386,0 101.53356301,1.700183048,0 101.533616932,1.70019921,0 101.533688829,1.700212363,0 101.533724777,1.700216495,0 101.533742752,1.700217041,0 101.5337787,1.700213603,0 101.533814648,1.700205294,0 101.533958442,1.700162779,0 101.534066287,1.700143803,0 101.53412021,1.700127752,0 101.534180929,1.700099428,0 101.534317926,1.700016819,0 101.534353874,1.700002305,0 101.534389822,1.699992735,0 101.534425771,1.69998722,0 101.534479693,1.699984122,0 101.534659435,1.69998333,0 101.534731332,1.699981316,0 101.534821203,1.699973775,0 101.534875125,1.699964121,0 101.535072842,1.699863097,0 101.53510879,1.699850519,0 101.535252583,1.69980902,0 101.535465038,1.699737683,0 101.535576119,1.699692103,0 101.535683964,1.699635189,0 101.535755861,1.699606458,0 101.535827757,1.699582878,0 101.535917628,1.699559825,0 101.535971551,1.699549711,0 101.536025473,1.699542565,0 101.536115344,1.699537632,0 101.536313061,1.699538829,0 101.536349009,1.699536364,0 101.536384957,1.699528699,0 101.536474828,1.699491297,0 101.536564699,1.699446458,0 101.536618622,1.699426703,0 101.536726467,1.699406117,0 101.536834312,1.699392771,0 101.536942157,1.699367052,0 101.537014054,1.699346012,0 101.537067976,1.699321677,0 101.537193796,1.699241922,0 101.537229744,1.699224751,0 101.537265692,1.699212049,0 101.537319615,1.699201363,0 101.537445434,1.699191893,0 101.537499357,1.699181757,0 101.537625176,1.699137825,0 101.537679099,1.699124506,0 101.537750996,1.699094725,0 101.537840866,1.699064436,0 101.538002634,1.699032775,0 101.538092505,1.699004256,0 101.538128454,1.698998256,0 101.538146428,1.698996968,0 101.538182376,1.698997722,0 101.538236299,1.699005892,0 101.538344144,1.699030194,0 101.538398066,1.699034971,0 101.538451989,1.699034542,0 101.538505911,1.69902703,0 101.538558477,1.699014194,0 101.538703628,1.698961051,0 101.538847421,1.698900847,0 101.538883369,1.698889221,0 101.538919318,1.698881767,0 101.538955266,1.698879063,0 101.538991215,1.698879968,0 101.53909906,1.698893017,0 101.539135008,1.698894488,0 101.539206905,1.69889154,0 101.539224879,1.698892064,0 101.53931475,1.698884628,0 101.539386647,1.698884628,0 101.539386647,1.698851409,0 101.539368672,1.698833322,0 101.539350698,1.698815234,0 101.539332724,1.698815234,0 101.539278802,1.698760973,0 101.539260827,1.698742886,0 101.539242853,1.698742886,0 101.539224879,1.698724798,0 101.539188931,1.698688624,0 101.539170956,1.698670537,0 101.539152982,1.698652449,0 101.539135008,1.698652449,0 101.53909906,1.698616275,0 101.539081085,1.698598188,0 101.539063111,1.6985801,0 101.539027163,1.698543926,0 101.539009189,1.698543926,0 101.538991215,1.698525839,0 101.53897324,1.698507752,0 101.538955266,1.698489664,0 101.538901344,1.698435403,0 101.538883369,1.698417315,0 101.538865395,1.698417315,0 101.538811473,1.698363054,0 101.538793498,1.698344966,0 101.538739576,1.698290705,0 101.538721602,1.698290705,0 101.538703628,1.698272618,0 101.538685653,1.69825453,0 101.538631731,1.698200269,0 101.538613757,1.698182181,0 101.538595782,1.698179687,0 101.53854186,1.698179687,0 101.538537367,1.698182181,0 101.538505911,1.69823765,0 101.538487937,1.698255483,0 101.538451989,1.698269139,0 101.538434015,1.698270809,0 101.538362118,1.69826757,0 101.53832617,1.698263951,0 101.538254273,1.69824992,0 101.538182376,1.698249104,0 101.538110479,1.698245255,0 101.538074531,1.69825298,0 101.538038583,1.698268397,0 101.53798466,1.698283844,0 101.537876815,1.698330648,0 101.537795931,1.698344966,0 101.53776897,1.698346851,0 101.537743291,1.698344966,0 101.537697073,1.698336547,0 101.53764315,1.69831959,0 101.537607202,1.698303311,0 101.537571254,1.698280494,0 101.537505455,1.698218356,0 101.537409486,1.698096857,0 101.537357407,1.698055571,0 101.537301641,1.698021071,0 101.537229744,1.697984352,0 101.537175822,1.697967454,0 101.537157847,1.697965652,0 
					</coordinates>
				</LinearRing>
			</outerBoundaryIs>
		</Polygon>
	</Placemark>
	<Placemark>
		<name>20-22m</name>
		<styleUrl>#style.#FF8CC8FF..0.255</styleUrl>
		<Polygon>
			<tessellate>1</tessellate>
			<outerBoundaryIs>
				<LinearRing>
					<coordinates>
						101.525115141,1.674503411,0 101.525061219,1.674510927,0 101.52502527,1.674523146,0 101.525007296,1.674524986,0 101.524989322,1.674524665,0 101.524953374,1.674541612,0 101.524831599,1.674632605,0 101.524786536,1.674686867,0 101.524761649,1.674759216,0 101.524752216,1.67479539,0 101.524743402,1.674940088,0 101.52471926,1.67499435,0 101.524702681,1.675012437,0 101.524652306,1.675048611,0 101.524539967,1.675108739,0 101.524504019,1.675123279,0 101.52446807,1.675134095,0 101.524414148,1.675144431,0 101.524360225,1.675150835,0 101.524270354,1.675158475,0 101.524216432,1.675161077,0 101.524180483,1.675161535,0 101.524126561,1.675158731,0 101.524072638,1.675150456,0 101.524000742,1.675129472,0 101.523804765,1.675048611,0 101.52369518,1.675014206,0 101.523623284,1.674988253,0 101.523551387,1.674968452,0 101.523515439,1.674962333,0 101.52347949,1.674958601,0 101.523443542,1.674957955,0 101.523407593,1.674958616,0 101.523281774,1.67496391,0 101.523120006,1.674982975,0 101.523012161,1.674991271,0 101.522958239,1.674996683,0 101.522886342,1.675007858,0 101.522729567,1.675048611,0 101.522634703,1.675070655,0 101.522580781,1.67507768,0 101.522544832,1.675079568,0 101.522508884,1.67507838,0 101.522454961,1.675069282,0 101.522396545,1.675048611,0 101.522347116,1.675018251,0 101.522294991,1.674976262,0 101.522221297,1.674943874,0 101.522131426,1.674915369,0 101.522095478,1.674907414,0 101.522059529,1.674902467,0 101.522005607,1.674899548,0 101.521987633,1.674899693,0 101.521951684,1.674902783,0 101.521915736,1.674908846,0 101.521861813,1.674926085,0 101.521807891,1.674953653,0 101.521757297,1.67499435,0 101.521712573,1.675066699,0 101.521682071,1.675097007,0 101.521574945,1.675175222,0 101.521556252,1.675182534,0 101.521538278,1.67518546,0 101.521520304,1.675185513,0 101.521484355,1.675179744,0 101.521430433,1.675162273,0 101.521394484,1.675145908,0 101.521340562,1.675110108,0 101.521304613,1.675091833,0 101.521268665,1.675078684,0 101.521232717,1.675071015,0 101.521196768,1.675067485,0 101.520981078,1.675058775,0 101.520891207,1.675051793,0 101.520855259,1.675046937,0 101.520783362,1.67503408,0 101.520711465,1.675017271,0 101.520693491,1.675019638,0 101.520675517,1.675024997,0 101.520621594,1.675023658,0 101.520585646,1.675025607,0 101.520567672,1.675028574,0 101.520549697,1.675028574,0 101.520531723,1.675030524,0 101.520513749,1.675012437,0 101.520513749,1.675084786,0 101.520531723,1.675102873,0 101.520531723,1.675247571,0 101.520549697,1.675265658,0 101.520549697,1.675410356,0 101.520567672,1.675428443,0 101.520567672,1.675573141,0 101.520585646,1.675591228,0 101.520585646,1.675754014,0 101.52060362,1.675772101,0 101.52060362,1.675934886,0 101.520621594,1.675952973,0 101.520621594,1.676133845,0 101.520639568,1.676151933,0 101.520639568,1.676314718,0 101.520657543,1.676332805,0 101.520657543,1.67649559,0 101.520675517,1.676513677,0 101.520675517,1.67669455,0 101.520693491,1.676712637,0 101.520693491,1.676875422,0 101.520711465,1.676893509,0 101.520711465,1.677056294,0 101.520729439,1.677074382,0 101.520729439,1.677255254,0 101.520747414,1.677273341,0 101.520747414,1.67734569,0 101.520765388,1.677363777,0 101.520765388,1.677454214,0 101.520783362,1.677472301,0 101.520783362,1.677562737,0 101.520801336,1.677580824,0 101.520801336,1.67767126,0 101.52081931,1.677689348,0 101.52081931,1.677779784,0 101.520837284,1.677797871,0 101.520837284,1.677888307,0 101.520855259,1.677906394,0 101.520855259,1.677996831,0 101.520891207,1.678033005,0 101.520909181,1.67802999,0 101.521035001,1.678040518,0 101.521106897,1.678033522,0 101.52116022,1.678014918,0 101.521196768,1.677994969,0 101.521242621,1.677960656,0 101.521272625,1.677924482,0 101.521295753,1.677852133,0 101.521299221,1.677743609,0 101.521333124,1.67767126,0 101.521348826,1.677616999,0 101.521394484,1.677535405,0 101.521466381,1.677457545,0 101.521487812,1.677418039,0 101.521484722,1.677399952,0 101.521466381,1.677380278,0 101.521430433,1.677365046,0 101.52137651,1.677356726,0 101.521322588,1.677339996,0 101.521301775,1.677327603,0 101.521268665,1.677295128,0 101.521202319,1.677182905,0 101.521190146,1.677128643,0 101.52119008,1.677074382,0 101.521197313,1.677056294,0 101.521214076,1.677038207,0 101.521232717,1.677028971,0 101.521268665,1.677021346,0 101.521358536,1.677016278,0 101.521412459,1.677008582,0 101.521466381,1.6769908,0 101.521502044,1.676965858,0 101.521520304,1.676931694,0 101.521526295,1.676893509,0 101.521523264,1.676839248,0 101.521510499,1.676784986,0 101.521511937,1.676748811,0 101.521520304,1.676729797,0 101.521551483,1.67669455,0 101.521771942,1.676528147,0 101.521987633,1.676349953,0 101.522059529,1.676307031,0 101.522131426,1.676279019,0 101.522383065,1.676217046,0 101.522454961,1.676208977,0 101.522544832,1.676209295,0 101.522616729,1.676215111,0 101.522688626,1.676228392,0 101.52292229,1.676300249,0 101.522940265,1.676302058,0 101.522958239,1.676293614,0 101.52298199,1.676224282,0 101.522977184,1.676115758,0 101.522994187,1.676007235,0 101.522987768,1.675952973,0 101.522969761,1.675898711,0 101.522946256,1.675862537,0 101.522858852,1.675772101,0 101.522837412,1.675735926,0 101.522841176,1.675717839,0 101.522855015,1.675699752,0 101.52292229,1.675639592,0 101.522940265,1.675631925,0 101.522958239,1.675634186,0 101.523191903,1.675678651,0 101.523227852,1.675680021,0 101.523281774,1.675672983,0 101.523380632,1.67564549,0 101.523443542,1.675633678,0 101.523515439,1.67562695,0 101.52369518,1.675619581,0 101.523874922,1.675576688,0 101.523910871,1.675574588,0 101.523964793,1.675581808,0 101.524000742,1.675598335,0 101.524020575,1.675627403,0 101.524009369,1.67564549,0 101.523985112,1.675663577,0 101.523898031,1.675699752,0 101.523873637,1.675717839,0 101.52387175,1.675735926,0 101.523884338,1.675772101,0 101.523901067,1.675790188,0 101.52393197,1.675808275,0 101.524108587,1.675894988,0 101.524234406,1.675980957,0 101.524270354,1.675992694,0 101.524306303,1.675992539,0 101.524342251,1.675976354,0 101.524360225,1.675960857,0 101.524463662,1.675826362,0 101.524506456,1.675790188,0 101.52465834,1.675681665,0 101.524737018,1.675591228,0 101.524773632,1.675561083,0 101.52480958,1.675541414,0 101.524863503,1.675523703,0 101.524953374,1.675513205,0 101.525061219,1.675507843,0 101.525115141,1.675487294,0 101.525141164,1.675464618,0 101.525169064,1.675417313,0 101.525205012,1.675383656,0 101.525240961,1.675293151,0 101.525312857,1.675293151,0 101.525312857,1.675157135,0 101.525294883,1.675139048,0 101.525294883,1.675048611,0 101.525276909,1.675030524,0 101.525276909,1.674940088,0 101.525258935,1.674922001,0 101.525258935,1.674813477,0 101.525240961,1.67479539,0 101.525240961,1.674704954,0 101.525222986,1.674686867,0 101.525222986,1.674578343,0 101.525205012,1.674560256,0 101.525205012,1.674503635,0 101.525115141,1.674503411,0 
					</coordinates>
				</LinearRing>
			</outerBoundaryIs>
			<innerBoundaryIs>
				<LinearRing>
					<coordinates>
						101.521448407,1.675836411,0 101.521484355,1.675837493,0 101.521520304,1.675845546,0 101.521546186,1.675862537,0 101.521569324,1.675898711,0 101.521602773,1.67597106,0 101.521606288,1.676007235,0 101.521591324,1.676061497,0 101.521569628,1.676097671,0 101.521526023,1.676151933,0 101.521484355,1.676188107,0 101.521430433,1.676215238,0 101.52137651,1.676230225,0 101.521142846,1.676253738,0 101.521088923,1.676263722,0 101.521017026,1.676262523,0 101.520981078,1.67625176,0 101.520963104,1.676239957,0 101.520947549,1.676206194,0 101.520948018,1.676188107,0 101.520967173,1.676115758,0 101.520986389,1.676079584,0 101.521044986,1.676007235,0 101.521073517,1.675952973,0 101.521106897,1.675925146,0 101.521142846,1.67590474,0 101.521196768,1.675883208,0 101.521275578,1.675862537,0 101.521378144,1.67584445,0 101.521448407,1.675836411,0 
					</coordinates>
				</LinearRing>
			</innerBoundaryIs>
		</Polygon>
	</Placemark>
	<Placemark>
		<name>20-22m</name>
		<styleUrl>#style.#FF8CC8FF..0.255</styleUrl>
		<Polygon>
			<tessellate>1</tessellate>
			<outerBoundaryIs>
				<LinearRing>
					<coordinates>
						101.523353671,1.676447495,0 101.523317722,1.676450372,0 101.523281774,1.676462917,0 101.523245826,1.67649559,0 101.523191903,1.676587866,0 101.523172306,1.676640288,0 101.523162806,1.676839248,0 101.523141214,1.676947771,0 101.523141042,1.676983945,0 101.523155955,1.677045442,0 101.523281913,1.677291428,0 101.523315179,1.677327603,0 101.523346532,1.67734569,0 101.523407593,1.677357327,0 101.523569361,1.677340618,0 101.523623284,1.677344761,0 101.523671498,1.677363777,0 101.523749103,1.677413567,0 101.523803026,1.677427718,0 101.523838974,1.677424957,0 101.523874922,1.677411481,0 101.523928185,1.677363777,0 101.523943936,1.677327603,0 101.523954979,1.677200992,0 101.523937672,1.677038207,0 101.523919736,1.676983945,0 101.523892896,1.676942059,0 101.523861868,1.676911597,0 101.523821,1.676886886,0 101.523749103,1.676856314,0 101.523702829,1.67682116,0 101.523683569,1.676784986,0 101.523670595,1.676658375,0 101.52365656,1.676622201,0 101.523631482,1.676586026,0 101.523551387,1.676514039,0 101.523443542,1.676464176,0 101.523407593,1.676453627,0 101.523353671,1.676447495,0 
					</coordinates>
				</LinearRing>
			</outerBoundaryIs>
			<innerBoundaryIs>
				<LinearRing>
					<coordinates>
						101.523389619,1.676680847,0 101.523425568,1.676691045,0 101.523443542,1.676703901,0 101.523473558,1.676748811,0 101.52348234,1.676857335,0 101.523515439,1.676925543,0 101.523569361,1.676974979,0 101.523677206,1.67703006,0 101.523713155,1.677073672,0 101.523707721,1.677128643,0 101.52369518,1.677157181,0 101.523677206,1.677175827,0 101.523641258,1.677190343,0 101.52347949,1.677221452,0 101.523443542,1.677219248,0 101.523425568,1.677207745,0 101.523382429,1.677146731,0 101.523327275,1.67702012,0 101.523309937,1.676947771,0 101.523299748,1.676824017,0 101.523298649,1.676748811,0 101.523317722,1.676714157,0 101.523335697,1.676697169,0 101.523353671,1.676687202,0 101.523389619,1.676680847,0 
					</coordinates>
				</LinearRing>
			</innerBoundaryIs>
		</Polygon>
	</Placemark>
	<Placemark>
		<name>20-22m</name>
		<styleUrl>#style.#FF8CC8FF..0.255</styleUrl>
		<Polygon>
			<tessellate>1</tessellate>
			<outerBoundaryIs>
				<LinearRing>
					<coordinates>
						101.532646326,1.693433723,0 101.532628352,1.693434119,0 101.532592404,1.693437298,0 101.532574429,1.693441788,0 101.532520507,1.693466052,0 101.532371944,1.69355185,0 101.5322973,1.693606112,0 101.532161023,1.693724282,0 101.532117994,1.69375081,0 101.532071152,1.693769361,0 101.532035204,1.693779357,0 101.531837488,1.693819075,0 101.531478004,1.693909556,0 101.531226365,1.69396535,0 101.531136494,1.693996987,0 101.530993622,1.694058293,0 101.530884856,1.694093052,0 101.530777011,1.694115049,0 101.530579294,1.694145441,0 101.530489424,1.694166348,0 101.530219811,1.694251382,0 101.53000412,1.694328801,0 101.529860327,1.694374899,0 101.529752482,1.694404624,0 101.529500843,1.694467829,0 101.529267179,1.694537533,0 101.529069463,1.694588441,0 101.528961618,1.694613647,0 101.528907695,1.694623328,0 101.528835798,1.694631579,0 101.528709979,1.69464148,0 101.528638082,1.694652297,0 101.528350495,1.694717185,0 101.528278598,1.694739671,0 101.528170753,1.69478048,0 101.527919115,1.694849002,0 101.527667476,1.694913644,0 101.527451786,1.694985194,0 101.527420518,1.695016916,0 101.527416905,1.695053091,0 101.527415837,1.695071178,0 101.527433812,1.695071178,0 101.527487734,1.695125439,0 101.527505708,1.695125439,0 101.527523682,1.695143527,0 101.527541657,1.695161614,0 101.527559631,1.695179701,0 101.527577605,1.695179701,0 101.527595579,1.695197788,0 101.527613553,1.695215876,0 101.527631528,1.695233963,0 101.527649502,1.69525205,0 101.52766623,1.695233963,0 101.527667476,1.695230604,0 101.52768545,1.695230604,0 101.527703424,1.695223957,0 101.527728228,1.695197788,0 101.52776399,1.695179701,0 101.52790114,1.695128199,0 101.527973037,1.695108579,0 101.528044934,1.695092495,0 101.528224676,1.695061091,0 101.528296573,1.695045219,0 101.528386444,1.695019876,0 101.528530237,1.694970619,0 101.528602134,1.694949897,0 101.528709979,1.694931002,0 101.528835798,1.69491201,0 101.529069463,1.694867355,0 101.529159334,1.694859988,0 101.529267179,1.694859832,0 101.529303127,1.694857789,0 101.529375024,1.694847822,0 101.529446921,1.694833372,0 101.529554766,1.694807707,0 101.529950198,1.694703339,0 101.530165888,1.694653682,0 101.530723088,1.694486913,0 101.530884856,1.694442591,0 101.530974727,1.694427358,0 101.531172443,1.694405842,0 101.531280288,1.694386516,0 101.531370159,1.694363515,0 101.531639772,1.694285258,0 101.531693694,1.694273147,0 101.531819513,1.694251071,0 101.531909384,1.69423802,0 101.531999255,1.694228263,0 101.532178997,1.694217633,0 101.532394687,1.694192556,0 101.532466584,1.69418641,0 101.532538481,1.694182979,0 101.532592404,1.694172714,0 101.532647144,1.694148729,0 101.532685754,1.694112555,0 101.532699749,1.69407638,0 101.53270624,1.693985944,0 101.532737436,1.693931682,0 101.532760163,1.693913595,0 101.532795256,1.693895508,0 101.532915939,1.693839881,0 101.532969862,1.693821049,0 101.53300581,1.693814647,0 101.533059732,1.693813111,0 101.533095681,1.69381819,0 101.533214148,1.693841246,0 101.533257449,1.693851259,0 101.533329345,1.693872746,0 101.533365294,1.693872746,0 101.533383268,1.693877421,0 101.533383268,1.693859333,0 101.533365294,1.693859333,0 101.533347319,1.693841246,0 101.533311371,1.693805072,0 101.533293397,1.693786984,0 101.533257449,1.69375081,0 101.533239474,1.693732723,0 101.5332215,1.693732723,0 101.533203526,1.693714635,0 101.533167578,1.693678461,0 101.533149603,1.693660374,0 101.533131629,1.693642287,0 101.533113655,1.693624199,0 101.533095681,1.693606112,0 101.533077707,1.693606112,0 101.533059732,1.693588025,0 101.533041758,1.693569938,0 101.533023784,1.69355185,0 101.532969862,1.693497589,0 101.532951887,1.693479501,0 101.532951887,1.693497589,0 101.532933913,1.693496788,0 101.532897965,1.693496788,0 101.532772145,1.693457641,0 101.532682274,1.693437545,0 101.532646326,1.693433723,0 
					</coordinates>
				</LinearRing>
			</outerBoundaryIs>
		</Polygon>
	</Placemark>
	<Placemark>
		<name>22-24m</name>
		<styleUrl>#style.#FF6699FF..0.255</styleUrl>
		<Polygon>
			<tessellate>1</tessellate>
			<outerBoundaryIs>
				<LinearRing>
					<coordinates>
						101.525726264,1.682313975,0 101.525690315,1.682318558,0 101.525585038,1.682355854,0 101.525517149,1.682392028,0 101.525492982,1.682410115,0 101.525451379,1.682464377,0 101.525420912,1.682536726,0 101.52533824,1.682826122,0 101.525301976,1.683187867,0 101.525286332,1.683260215,0 101.525258935,1.683317314,0 101.525240961,1.683335399,0 101.525213999,1.683350652,0 101.52515109,1.683364997,0 101.525097167,1.683360435,0 101.525043245,1.683332868,0 101.525007296,1.683298051,0 101.524957603,1.683224041,0 101.524902989,1.683006994,0 101.524875643,1.68297082,0 101.524833909,1.682934645,0 101.524629838,1.682827798,0 101.52459389,1.682818483,0 101.524557941,1.682815669,0 101.524504019,1.682830199,0 101.524482716,1.682844209,0 101.524454705,1.682880384,0 101.524440937,1.682916558,0 101.524437841,1.682952732,0 101.524471862,1.683006994,0 101.524540347,1.683061256,0 101.524575916,1.683097196,0 101.524629838,1.683174888,0 101.524679408,1.683278303,0 101.52468232,1.68329639,0 101.524672808,1.683350652,0 101.524647812,1.683413063,0 101.524627591,1.683441088,0 101.524577486,1.683477262,0 101.524474767,1.683531524,0 101.524421229,1.683585786,0 101.524402672,1.683766658,0 101.524419131,1.683857094,0 101.524420139,1.683911356,0 101.524436796,1.683965618,0 101.524433875,1.683983705,0 101.524414148,1.684017097,0 101.524385768,1.684037966,0 101.524198458,1.684103868,0 101.524162509,1.684124312,0 101.524143796,1.68414649,0 101.524127433,1.684182664,0 101.524122497,1.684218839,0 101.524123335,1.684399711,0 101.524108587,1.684453618,0 101.524088178,1.684490147,0 101.524068335,1.684508235,0 101.52403669,1.68452581,0 101.524000742,1.684530706,0 101.523785051,1.684495975,0 101.523749103,1.684483886,0 101.52369518,1.684446914,0 101.523622129,1.684381624,0 101.523575486,1.684327362,0 101.523509447,1.684218839,0 101.52347949,1.6841894,0 101.523443542,1.684166635,0 101.523407593,1.684155783,0 101.523371645,1.684155632,0 101.523335697,1.684165783,0 101.523299748,1.684191297,0 101.523273971,1.684236926,0 101.523253806,1.684417798,0 101.523197157,1.684652932,0 101.523155955,1.684885687,0 101.523121046,1.68499659,0 101.523084058,1.685050295,0 101.52304811,1.685068492,0 101.522886342,1.685105312,0 101.522814445,1.685131383,0 101.522760523,1.685161528,0 101.522602023,1.685267898,0 101.52249091,1.685323112,0 101.5221494,1.685446801,0 101.521987633,1.685518105,0 101.521897762,1.685539576,0 101.521879787,1.685539576,0 101.521861813,1.685557294,0 101.521843839,1.685557294,0 101.521843839,1.685683905,0 101.521861813,1.685701992,0 101.521861813,1.685828602,0 101.521879787,1.68584669,0 101.521879787,1.685900951,0 101.521897762,1.685900951,0 101.521915736,1.685884451,0 101.52193371,1.685884451,0 101.522023581,1.68584943,0 101.522113452,1.685798236,0 101.522203323,1.68576151,0 101.522562807,1.685651767,0 101.522673447,1.685611556,0 101.522930528,1.685484945,0 101.523102032,1.685390577,0 101.523173929,1.685306083,0 101.523257434,1.685159375,0 101.523283673,1.685068939,0 101.523317999,1.684851892,0 101.523353671,1.684696536,0 101.523389619,1.684629303,0 101.523407593,1.684607476,0 101.523425568,1.684595852,0 101.523443542,1.684591802,0 101.523461516,1.684594827,0 101.52347949,1.6846047,0 101.523518204,1.684652932,0 101.52353685,1.684689107,0 101.52362939,1.684960415,0 101.523656739,1.685014677,0 101.523677206,1.685039248,0 101.523713155,1.685068109,0 101.523731129,1.68507703,0 101.523767077,1.685086012,0 101.523803026,1.685082043,0 101.52385278,1.685050851,0 101.523929358,1.684978503,0 101.52402079,1.684869979,0 101.524049871,1.684851892,0 101.524162509,1.684800498,0 101.524188145,1.684779543,0 101.52426248,1.684580583,0 101.524306303,1.684509773,0 101.524324277,1.684487735,0 101.524342251,1.684477815,0 101.524360225,1.684479295,0 101.524389356,1.684508235,0 101.524504019,1.684724376,0 101.524521993,1.684744499,0 101.524557941,1.684763559,0 101.524629838,1.684775467,0 101.524665787,1.684768238,0 101.524701735,1.684748794,0 101.524741084,1.684707194,0 101.524798241,1.684580583,0 101.524813662,1.684526322,0 101.524841534,1.684363537,0 101.524870125,1.684255013,0 101.524875301,1.684110315,0 101.52481819,1.683857094,0 101.524819527,1.683839007,0 101.524836814,1.683802832,0 101.524863503,1.683777376,0 101.524917425,1.683750638,0 101.524953374,1.683743144,0 101.524989322,1.683741078,0 101.52515109,1.683760008,0 101.525187038,1.683766965,0 101.525222986,1.683780489,0 101.525247994,1.683802832,0 101.525278649,1.683875181,0 101.52529839,1.683983705,0 101.525330832,1.684012227,0 101.52536678,1.684024903,0 101.525402728,1.684028734,0 101.525474625,1.684026149,0 101.525600444,1.684005108,0 101.525659538,1.683983705,0 101.525684901,1.683965618,0 101.525708289,1.683939524,0 101.525721813,1.683911356,0 101.525728492,1.683875181,0 101.525690085,1.683549611,0 101.5257075,1.683423001,0 101.525730209,1.683350652,0 101.525728442,1.683332564,0 101.525682145,1.683278303,0 101.525665738,1.683224041,0 101.525677602,1.683187867,0 101.525690315,1.683174063,0 101.525708289,1.683164715,0 101.525726264,1.683161248,0 101.525762212,1.68316702,0 101.52579816,1.683190127,0 101.525826592,1.683260215,0 101.52583084,1.683332564,0 101.52592398,1.68344787,0 101.52602875,1.683549611,0 101.526076086,1.683603873,0 101.526094504,1.683640047,0 101.526115704,1.683730483,0 101.526116616,1.683784745,0 101.526085747,1.683873028,0 101.526037746,1.683965618,0 101.526030047,1.684001792,0 101.526046548,1.684128403,0 101.526067773,1.684182243,0 101.526085747,1.68420391,0 101.526103722,1.684214763,0 101.526157644,1.684220848,0 101.526265489,1.684204843,0 101.526337386,1.684203876,0 101.52635536,1.684218839,0 101.526337386,1.684200752,0 101.526337386,1.684092228,0 101.526319412,1.684074141,0 101.526319412,1.683965618,0 101.526301438,1.68394753,0 101.526301438,1.683839007,0 101.526283464,1.68382092,0 101.526283464,1.683712396,0 101.526265489,1.683694309,0 101.526265489,1.683585786,0 101.526247515,1.683567698,0 101.526247515,1.683224041,0 101.526265489,1.683224041,0 101.526265489,1.683067748,0 101.526193593,1.683067748,0 101.526085747,1.682967096,0 101.526030002,1.682844209,0 101.525997463,1.682735686,0 101.525987408,1.682572901,0 101.525964098,1.682482464,0 101.525918781,1.682410115,0 101.525883884,1.682373941,0 101.525816135,1.682331919,0 101.525762212,1.682316147,0 101.525726264,1.682313975,0 
					</coordinates>
				</LinearRing>
			</outerBoundaryIs>
			<innerBoundaryIs>
				<LinearRing>
					<coordinates>
						101.524629838,1.684018587,0 101.524665787,1.684025681,0 101.524683761,1.684036942,0 101.524702841,1.684056054,0 101.524719709,1.684090324,0 101.524732,1.684164577,0 101.524719709,1.68423773,0 101.524701735,1.684266974,0 101.524683761,1.684280166,0 101.524665787,1.68428324,0 101.524647812,1.684276663,0 101.524629838,1.684261545,0 101.524539967,1.68414649,0 101.52447586,1.684092228,0 101.52447354,1.684074141,0 101.524493034,1.684056054,0 101.524545959,1.684037966,0 101.524629838,1.684018587,0 
					</coordinates>
				</LinearRing>
			</innerBoundaryIs>
		</Polygon>
	</Placemark>
	<Placemark>
		<name>22-24m</name>
		<styleUrl>#style.#FF6699FF..0.255</styleUrl>
		<Polygon>
			<tessellate>1</tessellate>
			<outerBoundaryIs>
				<LinearRing>
					<coordinates>
						101.534929048,1.695460053,0 101.53492545,1.695469097,0 101.534929048,1.695475131,0 101.534947022,1.69547814,0 101.534953018,1.695469097,0 101.534947022,1.695463063,0 101.534929048,1.695460053,0 
					</coordinates>
				</LinearRing>
			</outerBoundaryIs>
		</Polygon>
	</Placemark>
	<Placemark>
		<name>22-24m</name>
		<styleUrl>#style.#FF6699FF..0.255</styleUrl>
		<Polygon>
			<tessellate>1</tessellate>
			<outerBoundaryIs>
				<LinearRing>
					<coordinates>
						101.533059732,1.693813111,0 101.53300581,1.693814647,0 101.532969862,1.693821049,0 101.532915939,1.693839881,0 101.532795256,1.693895508,0 101.532760163,1.693913595,0 101.532737436,1.693931682,0 101.53270624,1.693985944,0 101.532699749,1.69407638,0 101.532685754,1.694112555,0 101.532647144,1.694148729,0 101.532592404,1.694172714,0 101.532538481,1.694182979,0 101.532466584,1.69418641,0 101.532394687,1.694192556,0 101.532178997,1.694217633,0 101.531999255,1.694228263,0 101.531909384,1.69423802,0 101.531819513,1.694251071,0 101.531693694,1.694273147,0 101.531639772,1.694285258,0 101.531370159,1.694363515,0 101.531280288,1.694386516,0 101.531172443,1.694405842,0 101.530974727,1.694427358,0 101.530884856,1.694442591,0 101.530723088,1.694486913,0 101.530165888,1.694653682,0 101.529950198,1.694703339,0 101.529554766,1.694807707,0 101.529446921,1.694833372,0 101.529375024,1.694847822,0 101.529303127,1.694857789,0 101.529267179,1.694859832,0 101.529159334,1.694859988,0 101.529069463,1.694867355,0 101.528835798,1.69491201,0 101.528709979,1.694931002,0 101.528602134,1.694949897,0 101.528530237,1.694970619,0 101.528386444,1.695019876,0 101.528296573,1.695045219,0 101.528224676,1.695061091,0 101.528044934,1.695092495,0 101.527973037,1.695108579,0 101.52790114,1.695128199,0 101.52776399,1.695179701,0 101.527728228,1.695197788,0 101.527703424,1.695223957,0 101.52768545,1.695230604,0 101.527667476,1.695230604,0 101.52766623,1.695233963,0 101.527649502,1.69525205,0 101.527667476,1.69525205,0 101.52768545,1.695270137,0 101.527703424,1.695288225,0 101.527721399,1.695306312,0 101.527739373,1.695306312,0 101.527793295,1.695360573,0 101.527811269,1.695360573,0 101.527829244,1.695378661,0 101.527865192,1.695414835,0 101.527883166,1.695414835,0 101.52790114,1.695432922,0 101.527919115,1.69545101,0 101.527937089,1.695469097,0 101.527955063,1.695469097,0 101.527991011,1.695505271,0 101.528008986,1.695523359,0 101.528015633,1.695505271,0 101.52802696,1.69548049,0 101.528062908,1.695456255,0 101.528260624,1.695420218,0 101.528494289,1.695365774,0 101.528727953,1.695330892,0 101.529159334,1.695234773,0 101.52923123,1.695228013,0 101.529303127,1.695228398,0 101.529734508,1.695267877,0 101.529824379,1.695263732,0 101.529932224,1.695251639,0 101.530022095,1.695246295,0 101.530273733,1.695204098,0 101.530723088,1.695155082,0 101.530830933,1.695133261,0 101.531064598,1.695071178,0 101.531148477,1.695053091,0 101.53146003,1.69501308,0 101.531513952,1.695010198,0 101.531639772,1.695029137,0 101.531837488,1.695077896,0 101.531999255,1.695092182,0 101.532035204,1.695100893,0 101.532143049,1.69514202,0 101.532196971,1.695154077,0 101.532250894,1.695156446,0 101.532340765,1.695149911,0 101.532394687,1.69515257,0 101.53244861,1.695162907,0 101.532502533,1.695180833,0 101.532538481,1.695185021,0 101.532610378,1.69518372,0 101.532700249,1.695168192,0 101.532754171,1.695166333,0 101.532844042,1.695179701,0 101.532915939,1.69520213,0 101.532981846,1.695233963,0 101.533080274,1.695306312,0 101.533203526,1.695384415,0 101.533329345,1.695498608,0 101.533464152,1.695595707,0 101.533551026,1.695686144,0 101.533619927,1.695740405,0 101.533688829,1.695816042,0 101.533832623,1.69589497,0 101.533862036,1.695921278,0 101.533915004,1.695993627,0 101.533950454,1.696029801,0 101.533976416,1.696049397,0 101.534084261,1.696111194,0 101.534138184,1.696152795,0 101.534185193,1.696210673,0 101.53422969,1.696301109,0 101.534264003,1.696342711,0 101.534299951,1.69637017,0 101.534419235,1.696481982,0 101.534470706,1.696518156,0 101.534540804,1.696590505,0 101.534561577,1.69662668,0 101.534569564,1.696662854,0 101.534569564,1.696717116,0 101.534544402,1.696789465,0 101.53455159,1.696825639,0 101.534659435,1.696894367,0 101.534695384,1.696901609,0 101.53476728,1.696925119,0 101.534803229,1.696949233,0 101.534885912,1.697060773,0 101.5349605,1.697115035,0 101.534982971,1.697139156,0 101.534997346,1.697169297,0 101.534994953,1.697205471,0 101.534938035,1.697332082,0 101.534939317,1.697368256,0 101.53492186,1.697440605,0 101.534911074,1.697538274,0 101.534846368,1.697693826,0 101.534803229,1.697824058,0 101.534726839,1.697965135,0 101.534623487,1.698101793,0 101.534311934,1.698543926,0 101.534249485,1.698616275,0 101.534066287,1.698761449,0 101.533833168,1.69897802,0 101.533796674,1.69900312,0 101.533760726,1.699018368,0 101.533742752,1.699020455,0 101.533716219,1.699014194,0 101.533634906,1.698968641,0 101.533573878,1.698923758,0 101.533491113,1.698818852,0 101.533455165,1.69878735,0 101.53343719,1.698778364,0 101.533401242,1.698770016,0 101.533365294,1.698772705,0 101.533239474,1.698814758,0 101.533185552,1.698841143,0 101.533147864,1.698869496,0 101.532949409,1.699050368,0 101.532777281,1.699176979,0 101.532736197,1.699199322,0 101.5326643,1.699226804,0 101.532636076,1.699267415,0 101.532628352,1.699285502,0 101.532646326,1.69930359,0 101.532682274,1.699339764,0 101.532700249,1.699357851,0 101.532718223,1.699357851,0 101.532736197,1.699375939,0 101.532772145,1.699412113,0 101.53279012,1.6994302,0 101.532808094,1.699448287,0 101.532826068,1.699466375,0 101.532844042,1.699484462,0 101.532862016,1.699484462,0 101.532879991,1.699502549,0 101.532897965,1.699520636,0 101.532915939,1.699538724,0 101.532933913,1.699556811,0 101.532951887,1.699556811,0 101.532969862,1.699574898,0 101.532987836,1.699592985,0 101.53300581,1.699611073,0 101.533023784,1.69962916,0 101.533041758,1.69962916,0 101.533059732,1.699647247,0 101.533077707,1.699665334,0 101.533095681,1.699683421,0 101.533113655,1.699701509,0 101.533113655,1.699791945,0 101.533095681,1.699791945,0 101.533095681,1.699810032,0 101.533113655,1.699810032,0 101.533131629,1.699804747,0 101.533149603,1.699804747,0 101.533239474,1.699825406,0 101.533365294,1.699879701,0 101.533419216,1.699895997,0 101.53343719,1.699899145,0 101.533473139,1.69990071,0 101.533509087,1.699895344,0 101.533527061,1.699889487,0 101.533747994,1.699773858,0 101.533922493,1.699697607,0 101.534102235,1.699605043,0 101.534264003,1.699535941,0 101.534317926,1.699507944,0 101.53437277,1.699466375,0 101.534518138,1.699321677,0 101.534623487,1.699227172,0 101.53476728,1.699130138,0 101.5348931,1.699062857,0 101.534947022,1.699042558,0 101.535036893,1.699015801,0 101.53532448,1.698956767,0 101.535558145,1.698888561,0 101.535630041,1.698871505,0 101.535823265,1.698833322,0 101.535935603,1.698793127,0 101.535989525,1.698761727,0 101.536028897,1.698724798,0 101.536151293,1.698555057,0 101.536187241,1.698517399,0 101.536241164,1.698485645,0 101.536384957,1.698430533,0 101.536436766,1.698399228,0 101.536492802,1.698352202,0 101.536726467,1.69812792,0 101.536762415,1.698107705,0 101.536888235,1.698067629,0 101.537103925,1.697974874,0 101.537139873,1.697966885,0 101.537157847,1.697965652,0 101.537175822,1.697967454,0 101.537229744,1.697984352,0 101.537301641,1.698021071,0 101.537357407,1.698055571,0 101.537409486,1.698096857,0 101.537505455,1.698218356,0 101.537571254,1.698280494,0 101.537607202,1.698303311,0 101.53764315,1.69831959,0 101.537697073,1.698336547,0 101.537743291,1.698344966,0 101.53776897,1.698346851,0 101.537795931,1.698344966,0 101.537876815,1.698330648,0 101.53798466,1.698283844,0 101.538038583,1.698268397,0 101.538074531,1.69825298,0 101.538110479,1.698245255,0 101.538182376,1.698249104,0 101.538254273,1.69824992,0 101.53832617,1.698263951,0 101.538362118,1.69826757,0 101.538434015,1.698270809,0 101.538451989,1.698269139,0 101.538487937,1.698255483,0 101.538505911,1.69823765,0 101.538537367,1.698182181,0 101.53854186,1.698179687,0 101.538595782,1.698179687,0 101.538613757,1.698182181,0 101.538595782,1.698164094,0 101.538577808,1.698164094,0 101.53854186,1.69812792,0 101.538523886,1.698109832,0 101.538505911,1.698091745,0 101.538469963,1.698055571,0 101.538451989,1.698055571,0 101.538434015,1.698037484,0 101.538416041,1.698019396,0 101.538398066,1.698001309,0 101.538362118,1.697965135,0 101.538344144,1.697947047,0 101.53832617,1.69792896,0 101.538308195,1.69792896,0 101.538272247,1.697892786,0 101.538254273,1.697874698,0 101.538236299,1.697856611,0 101.538218324,1.697838524,0 101.538182376,1.69780235,0 101.538164402,1.69780235,0 101.538146428,1.697784262,0 101.538128454,1.697766175,0 101.538110479,1.697748088,0 101.538092505,1.697730001,0 101.538074531,1.697711913,0 101.538038583,1.697675739,0 101.538020608,1.697675739,0 101.538002634,1.697657652,0 101.53798466,1.697639564,0 101.537966686,1.697621477,0 101.537948712,1.697621477,0 101.537930737,1.69760339,0 101.537894789,1.697567216,0 101.537876815,1.697549128,0 101.537858841,1.697549128,0 101.537840866,1.697531041,0 101.537804918,1.697494867,0 101.537786944,1.697494867,0 101.53776897,1.697476779,0 101.537750996,1.697458692,0 101.537733021,1.697440605,0 101.537715047,1.697422518,0 101.537697073,1.697422518,0 101.537679099,1.697404431,0 101.537661125,1.697386343,0 101.53764315,1.697368256,0 101.537625176,1.697368256,0 101.537589228,1.697332082,0 101.537571254,1.697313994,0 101.537553279,1.697295907,0 101.537535305,1.697295907,0 101.537499357,1.697259733,0 101.537481383,1.697241645,0 101.537463409,1.697241645,0 101.537445434,1.697223558,0 101.537391512,1.697169297,0 101.537373538,1.697169297,0 101.537355563,1.697151209,0 101.537301641,1.697096948,0 101.537283667,1.697096948,0 101.537265692,1.69707886,0 101.537229744,1.697042686,0 101.53721177,1.697042686,0 101.537193796,1.697024599,0 101.537175822,1.697006511,0 101.537157847,1.696988424,0 101.537139873,1.696970337,0 101.537121899,1.696970337,0 101.537085951,1.696934163,0 101.537067976,1.696916075,0 101.537050002,1.696916075,0 101.53699608,1.696861814,0 101.536978105,1.696843726,0 101.536960131,1.696843726,0 101.536906209,1.696789465,0 101.536888235,1.696789465,0 101.53687026,1.696771377,0 101.536816338,1.696717116,0 101.536798364,1.696717116,0 101.536780389,1.696699029,0 101.536762415,1.696680941,0 101.536744441,1.696662854,0 101.536726467,1.696662854,0 101.536708493,1.696644767,0 101.536690518,1.69662668,0 101.536672544,1.696608592,0 101.53665457,1.696590505,0 101.536636596,1.696590505,0 101.536600648,1.696554331,0 101.536582673,1.696536243,0 101.536564699,1.696518156,0 101.536546725,1.696518156,0 101.536510777,1.696481982,0 101.536492802,1.6964792,0 101.53643888,1.6964792,0 101.536384957,1.696484764,0 101.536366983,1.696491025,0 101.536353157,1.696518156,0 101.536357996,1.696554331,0 101.536372974,1.696590505,0 101.536420906,1.696684817,0 101.536497594,1.696807552,0 101.536497705,1.696825639,0 101.536487668,1.696843726,0 101.536456854,1.696856992,0 101.53643888,1.696858196,0 101.536349009,1.69684087,0 101.536259138,1.696807552,0 101.536187241,1.696795117,0 101.536115344,1.696775214,0 101.535971551,1.696714855,0 101.535798722,1.696662854,0 101.535712722,1.69662668,0 101.535648016,1.696583589,0 101.535554876,1.696500069,0 101.535511524,1.69642772,0 101.535466199,1.696283022,0 101.535432325,1.696236899,0 101.535378403,1.696194757,0 101.535252583,1.696138324,0 101.53519966,1.69610215,0 101.53512513,1.696011714,0 101.535054867,1.695940227,0 101.53487724,1.695794667,0 101.534803229,1.695720058,0 101.534673181,1.695613795,0 101.534494495,1.69545101,0 101.5343359,1.69533126,0 101.53421008,1.695253055,0 101.534048313,1.695186735,0 101.533904519,1.695148694,0 101.533864852,1.695125439,0 101.533828251,1.695089265,0 101.533813622,1.695053091,0 101.533808896,1.694998829,0 101.533814648,1.694958134,0 101.533850597,1.694901609,0 101.533988394,1.694817957,0 101.534030339,1.694781782,0 101.534030339,1.694763695,0 101.534048313,1.69475917,0 101.53412021,1.694772738,0 101.534228055,1.694810558,0 101.534301236,1.694854131,0 101.534344887,1.694908393,0 101.534357868,1.694944567,0 101.534343603,1.695016916,0 101.534344287,1.695035003,0 101.534361364,1.695071178,0 101.534398809,1.695107352,0 101.534461719,1.695137498,0 101.534515642,1.695179701,0 101.53455159,1.695200374,0 101.534569564,1.695206832,0 101.534587538,1.695206832,0 101.534592035,1.695197788,0 101.534587538,1.695179701,0 101.534521633,1.695107352,0 101.534501261,1.695071178,0 101.534485685,1.694998829,0 101.534486113,1.694962654,0 101.534497667,1.69493653,0 101.534534674,1.694908393,0 101.53455159,1.694901502,0 101.534569564,1.694901502,0 101.534587538,1.694908393,0 101.534587538,1.694890305,0 101.534533616,1.694836044,0 101.534515642,1.694836044,0 101.534497667,1.694817957,0 101.534479693,1.694799869,0 101.534425771,1.694745608,0 101.534407797,1.694745608,0 101.534389822,1.69472752,0 101.5343359,1.694673259,0 101.534317926,1.694673259,0 101.534299951,1.694655171,0 101.534228055,1.694582823,0 101.53421008,1.694582823,0 101.534192106,1.694564735,0 101.534138184,1.694510474,0 101.53412021,1.694510474,0 101.534102235,1.694492386,0 101.534048313,1.694438125,0 101.534030339,1.694420037,0 101.534012364,1.694420037,0 101.533940468,1.694347689,0 101.533922493,1.694329601,0 101.533904519,1.694329601,0 101.533850597,1.69427534,0 101.533832623,1.694257252,0 101.533814648,1.694239165,0 101.533796674,1.694221078,0 101.5337787,1.694221078,0 101.533760726,1.694202991,0 101.533742752,1.694184903,0 101.533724777,1.694166816,0 101.533670855,1.694112555,0 101.533652881,1.694112555,0 101.533634906,1.694094467,0 101.533580984,1.694040206,0 101.53356301,1.694022118,0 101.533545036,1.694004031,0 101.533527061,1.693985944,0 101.533509087,1.693985944,0 101.533491113,1.693967857,0 101.533473139,1.693949769,0 101.533455165,1.693931682,0 101.53343719,1.693913595,0 101.533401242,1.693877421,0 101.533383268,1.693859333,0 101.533383268,1.693877421,0 101.533365294,1.693872746,0 101.533329345,1.693872746,0 101.533257449,1.693851259,0 101.533214148,1.693841246,0 101.533095681,1.69381819,0 101.533059732,1.693813111,0 
					</coordinates>
				</LinearRing>
			</outerBoundaryIs>
		</Polygon>
	</Placemark>
	<Placemark>
		<name>22-24m</name>
		<styleUrl>#style.#FF6699FF..0.255</styleUrl>
		<Polygon>
			<tessellate>1</tessellate>
			<outerBoundaryIs>
				<LinearRing>
					<coordinates>
						101.525312857,1.675293151,0 101.525240961,1.675293151,0 101.525205012,1.675383656,0 101.525169064,1.675417313,0 101.525141164,1.675464618,0 101.525115141,1.675487294,0 101.525061219,1.675507843,0 101.524953374,1.675513205,0 101.524863503,1.675523703,0 101.52480958,1.675541414,0 101.524773632,1.675561083,0 101.524737018,1.675591228,0 101.52465834,1.675681665,0 101.524506456,1.675790188,0 101.524463662,1.675826362,0 101.524360225,1.675960857,0 101.524342251,1.675976354,0 101.524306303,1.675992539,0 101.524270354,1.675992694,0 101.524234406,1.675980957,0 101.524108587,1.675894988,0 101.52393197,1.675808275,0 101.523901067,1.675790188,0 101.523884338,1.675772101,0 101.52387175,1.675735926,0 101.523873637,1.675717839,0 101.523898031,1.675699752,0 101.523985112,1.675663577,0 101.524009369,1.67564549,0 101.524020575,1.675627403,0 101.524000742,1.675598335,0 101.523964793,1.675581808,0 101.523910871,1.675574588,0 101.523874922,1.675576688,0 101.52369518,1.675619581,0 101.523515439,1.67562695,0 101.523443542,1.675633678,0 101.523380632,1.67564549,0 101.523281774,1.675672983,0 101.523227852,1.675680021,0 101.523191903,1.675678651,0 101.522958239,1.675634186,0 101.522940265,1.675631925,0 101.52292229,1.675639592,0 101.522855015,1.675699752,0 101.522841176,1.675717839,0 101.522837412,1.675735926,0 101.522858852,1.675772101,0 101.522946256,1.675862537,0 101.522969761,1.675898711,0 101.522987768,1.675952973,0 101.522994187,1.676007235,0 101.522977184,1.676115758,0 101.52298199,1.676224282,0 101.522958239,1.676293614,0 101.522940265,1.676302058,0 101.52292229,1.676300249,0 101.522688626,1.676228392,0 101.522616729,1.676215111,0 101.522544832,1.676209295,0 101.522454961,1.676208977,0 101.522383065,1.676217046,0 101.522131426,1.676279019,0 101.522059529,1.676307031,0 101.521987633,1.676349953,0 101.521771942,1.676528147,0 101.521551483,1.67669455,0 101.521520304,1.676729797,0 101.521511937,1.676748811,0 101.521510499,1.676784986,0 101.521523264,1.676839248,0 101.521526295,1.676893509,0 101.521520304,1.676931694,0 101.521502044,1.676965858,0 101.521466381,1.6769908,0 101.521412459,1.677008582,0 101.521358536,1.677016278,0 101.521268665,1.677021346,0 101.521232717,1.677028971,0 101.521214076,1.677038207,0 101.521197313,1.677056294,0 101.52119008,1.677074382,0 101.521190146,1.677128643,0 101.521202319,1.677182905,0 101.521268665,1.677295128,0 101.521301775,1.677327603,0 101.521322588,1.677339996,0 101.52137651,1.677356726,0 101.521430433,1.677365046,0 101.521466381,1.677380278,0 101.521484722,1.677399952,0 101.521487812,1.677418039,0 101.521466381,1.677457545,0 101.521394484,1.677535405,0 101.521348826,1.677616999,0 101.521333124,1.67767126,0 101.521299221,1.677743609,0 101.521295753,1.677852133,0 101.521272625,1.677924482,0 101.521242621,1.677960656,0 101.521196768,1.677994969,0 101.52116022,1.678014918,0 101.521106897,1.678033522,0 101.521035001,1.678040518,0 101.520909181,1.67802999,0 101.520891207,1.678033005,0 101.520873233,1.678014918,0 101.520873233,1.678105354,0 101.520891207,1.678123441,0 101.520891207,1.678213877,0 101.520909181,1.678231965,0 101.520909181,1.678304314,0 101.520927155,1.678322401,0 101.520927155,1.678412837,0 101.52094513,1.678430924,0 101.52094513,1.67852136,0 101.520963104,1.678539448,0 101.520963104,1.678629884,0 101.520981078,1.678647971,0 101.520999052,1.678647971,0 101.521017026,1.678642876,0 101.521035001,1.678640736,0 101.521124871,1.67860848,0 101.521218113,1.678557535,0 101.521405136,1.678467099,0 101.521484355,1.678419521,0 101.521533784,1.678376662,0 101.52171802,1.678158276,0 101.52180419,1.678014918,0 101.521825009,1.677960656,0 101.52180849,1.677888307,0 101.521771942,1.677828016,0 101.521744981,1.677761697,0 101.521752636,1.67767126,0 101.521826111,1.677526562,0 101.521850277,1.677399952,0 101.521867689,1.67734569,0 101.521915736,1.677274633,0 101.521980442,1.677219079,0 101.522008935,1.677182905,0 101.522018237,1.677110556,0 101.522045812,1.677038207,0 101.522066832,1.677002033,0 101.522095478,1.676969088,0 101.5221494,1.676933033,0 101.522203323,1.67691453,0 101.522347116,1.67690183,0 101.522419013,1.676888988,0 101.52249091,1.676868129,0 101.522616729,1.676820916,0 101.522652677,1.676811755,0 101.5227066,1.676809515,0 101.522760523,1.676822416,0 101.522793402,1.676839248,0 101.522815301,1.676857335,0 101.522843803,1.676911597,0 101.522849148,1.676947771,0 101.522835668,1.677092469,0 101.522838242,1.677128643,0 101.522850103,1.677164818,0 101.522897295,1.677219079,0 101.522945843,1.677255254,0 101.523157836,1.677381865,0 101.523209877,1.677408182,0 101.5232638,1.677428133,0 101.523353671,1.677446281,0 101.523389619,1.677446074,0 101.523497464,1.677435057,0 101.523551387,1.677437624,0 101.523605309,1.677454352,0 101.52369518,1.677516446,0 101.523731129,1.677531132,0 101.523767077,1.677538237,0 101.523803026,1.677539042,0 101.523877561,1.677526562,0 101.523928845,1.677506214,0 101.523975786,1.677472301,0 101.524041017,1.677399952,0 101.524134061,1.677309516,0 101.524216865,1.677200992,0 101.524223902,1.677164818,0 101.524198458,1.677038207,0 101.524178702,1.676839248,0 101.524186039,1.676748811,0 101.524217763,1.676658375,0 101.52425238,1.676611407,0 101.52429472,1.676586026,0 101.524337219,1.676549852,0 101.52446807,1.676395763,0 101.524504019,1.676367688,0 101.524521993,1.676362197,0 101.524539967,1.676363976,0 101.52459389,1.676396354,0 101.524611864,1.67640325,0 101.524629838,1.676404293,0 101.524647812,1.676400732,0 101.524683761,1.676384939,0 101.524728513,1.676350892,0 101.524746109,1.676314718,0 101.524747215,1.676278543,0 101.524723188,1.676188107,0 101.524719082,1.676133845,0 101.524737683,1.67607292,0 101.524765748,1.676025322,0 101.524791606,1.676004076,0 101.524827554,1.675993299,0 101.52502527,1.67600855,0 101.52515109,1.676007547,0 101.525169064,1.676002411,0 101.525205012,1.675979363,0 101.525258935,1.675967995,0 101.525294883,1.675955156,0 101.52536678,1.675955156,0 101.52536678,1.675808275,0 101.525348806,1.675790188,0 101.525348806,1.675591228,0 101.525330832,1.675573141,0 101.525330832,1.675374182,0 101.525312857,1.675356094,0 101.525312857,1.675293151,0 
					</coordinates>
				</LinearRing>
			</outerBoundaryIs>
			<innerBoundaryIs>
				<LinearRing>
					<coordinates>
						101.523353671,1.676447495,0 101.523407593,1.676453627,0 101.523443542,1.676464176,0 101.523551387,1.676514039,0 101.523631482,1.676586026,0 101.52365656,1.676622201,0 101.523670595,1.676658375,0 101.523683569,1.676784986,0 101.523702829,1.67682116,0 101.523749103,1.676856314,0 101.523821,1.676886886,0 101.523861868,1.676911597,0 101.523892896,1.676942059,0 101.523919736,1.676983945,0 101.523937672,1.677038207,0 101.523954979,1.677200992,0 101.523943936,1.677327603,0 101.523928185,1.677363777,0 101.523874922,1.677411481,0 101.523838974,1.677424957,0 101.523803026,1.677427718,0 101.523749103,1.677413567,0 101.523671498,1.677363777,0 101.523623284,1.677344761,0 101.523569361,1.677340618,0 101.523407593,1.677357327,0 101.523346532,1.67734569,0 101.523315179,1.677327603,0 101.523281913,1.677291428,0 101.523155955,1.677045442,0 101.523141042,1.676983945,0 101.523141214,1.676947771,0 101.523162806,1.676839248,0 101.523172306,1.676640288,0 101.523191903,1.676587866,0 101.523245826,1.67649559,0 101.523281774,1.676462917,0 101.523317722,1.676450372,0 101.523353671,1.676447495,0 
					</coordinates>
				</LinearRing>
			</innerBoundaryIs>
		</Polygon>
	</Placemark>
	<Placemark>
		<name>24-26m</name>
		<styleUrl>#style.#FF0099FF..0.255</styleUrl>
		<Polygon>
			<tessellate>1</tessellate>
			<outerBoundaryIs>
				<LinearRing>
					<coordinates>
						101.52536678,1.675955156,0 101.525294883,1.675955156,0 101.525258935,1.675967995,0 101.525205012,1.675979363,0 101.525169064,1.676002411,0 101.52515109,1.676007547,0 101.52502527,1.67600855,0 101.524827554,1.675993299,0 101.524791606,1.676004076,0 101.524765748,1.676025322,0 101.524737683,1.67607292,0 101.524719082,1.676133845,0 101.524723188,1.676188107,0 101.524747215,1.676278543,0 101.524746109,1.676314718,0 101.524728513,1.676350892,0 101.524683761,1.676384939,0 101.524647812,1.676400732,0 101.524629838,1.676404293,0 101.524611864,1.67640325,0 101.52459389,1.676396354,0 101.524539967,1.676363976,0 101.524521993,1.676362197,0 101.524504019,1.676367688,0 101.52446807,1.676395763,0 101.524337219,1.676549852,0 101.52429472,1.676586026,0 101.52425238,1.676611407,0 101.524217763,1.676658375,0 101.524186039,1.676748811,0 101.524178702,1.676839248,0 101.524198458,1.677038207,0 101.524223902,1.677164818,0 101.524216865,1.677200992,0 101.524134061,1.677309516,0 101.524041017,1.677399952,0 101.523975786,1.677472301,0 101.523928845,1.677506214,0 101.523877561,1.677526562,0 101.523803026,1.677539042,0 101.523767077,1.677538237,0 101.523731129,1.677531132,0 101.52369518,1.677516446,0 101.523605309,1.677454352,0 101.523551387,1.677437624,0 101.523497464,1.677435057,0 101.523389619,1.677446074,0 101.523353671,1.677446281,0 101.5232638,1.677428133,0 101.523209877,1.677408182,0 101.523157836,1.677381865,0 101.522945843,1.677255254,0 101.522897295,1.677219079,0 101.522850103,1.677164818,0 101.522838242,1.677128643,0 101.522835668,1.677092469,0 101.522849148,1.676947771,0 101.522843803,1.676911597,0 101.522815301,1.676857335,0 101.522793402,1.676839248,0 101.522760523,1.676822416,0 101.5227066,1.676809515,0 101.522652677,1.676811755,0 101.522616729,1.676820916,0 101.52249091,1.676868129,0 101.522419013,1.676888988,0 101.522347116,1.67690183,0 101.522203323,1.67691453,0 101.5221494,1.676933033,0 101.522095478,1.676969088,0 101.522066832,1.677002033,0 101.522045812,1.677038207,0 101.522018237,1.677110556,0 101.522008935,1.677182905,0 101.521980442,1.677219079,0 101.521915736,1.677274633,0 101.521867689,1.67734569,0 101.521850277,1.677399952,0 101.521826111,1.677526562,0 101.521752636,1.67767126,0 101.521744981,1.677761697,0 101.521771942,1.677828016,0 101.52180849,1.677888307,0 101.521825009,1.677960656,0 101.52180419,1.678014918,0 101.52171802,1.678158276,0 101.521533784,1.678376662,0 101.521484355,1.678419521,0 101.521405136,1.678467099,0 101.521218113,1.678557535,0 101.521124871,1.67860848,0 101.521035001,1.678640736,0 101.521017026,1.678642876,0 101.520999052,1.678647971,0 101.520981078,1.678647971,0 101.520981078,1.678738407,0 101.520999052,1.678756494,0 101.520999052,1.678846931,0 101.521017026,1.678865018,0 101.521017026,1.678955454,0 101.521035001,1.678973541,0 101.521035001,1.679063977,0 101.521052975,1.679082065,0 101.521052975,1.679172501,0 101.521070949,1.679190588,0 101.521070949,1.679281024,0 101.521088923,1.679299111,0 101.521088923,1.679389548,0 101.521106897,1.679407635,0 101.521124871,1.67939127,0 101.521142846,1.67939127,0 101.521246647,1.679317199,0 101.521340562,1.679226762,0 101.521387295,1.679190588,0 101.521538278,1.679094518,0 101.521753968,1.678976986,0 101.521826495,1.678919279,0 101.521855453,1.678883105,0 101.521882973,1.678828843,0 101.521952277,1.678593709,0 101.522000215,1.678467099,0 101.522050422,1.678358575,0 101.522114135,1.678268139,0 101.522168113,1.678213877,0 101.522221297,1.6781727,0 101.522562807,1.677986965,0 101.522616729,1.677966857,0 101.5227066,1.677945153,0 101.522778497,1.677938047,0 101.522886342,1.67793928,0 101.523120006,1.677959451,0 101.523245826,1.677963821,0 101.523443542,1.677962665,0 101.52347949,1.677959592,0 101.523515439,1.67795079,0 101.523571253,1.677924482,0 101.523610779,1.677888307,0 101.523633328,1.677797871,0 101.523663119,1.677761697,0 101.523708661,1.677725522,0 101.523838974,1.677670794,0 101.523902575,1.677653173,0 101.524077541,1.677616999,0 101.524144535,1.677578815,0 101.524180483,1.677564128,0 101.524198458,1.677562737,0 101.524450096,1.677634622,0 101.52446807,1.677636553,0 101.524504019,1.677626738,0 101.524539967,1.677598409,0 101.52458916,1.677526562,0 101.524685438,1.677273341,0 101.524699133,1.677255254,0 101.524808535,1.677164818,0 101.524845528,1.677109569,0 101.524880842,1.677038207,0 101.524881477,1.676945304,0 101.524917425,1.676875045,0 101.524973979,1.67682116,0 101.525097167,1.676742998,0 101.525184043,1.676676462,0 101.525205012,1.676656803,0 101.525240961,1.676602305,0 101.525348806,1.676538608,0 101.525420702,1.676538608,0 101.525420702,1.676459416,0 101.525402728,1.676441328,0 101.525402728,1.676242369,0 101.525384754,1.676224282,0 101.525384754,1.676025322,0 101.52536678,1.676007235,0 101.52536678,1.675955156,0 
					</coordinates>
				</LinearRing>
			</outerBoundaryIs>
		</Polygon>
	</Placemark>
	<Placemark>
		<name>24-26m</name>
		<styleUrl>#style.#FF0099FF..0.255</styleUrl>
		<Polygon>
			<tessellate>1</tessellate>
			<outerBoundaryIs>
				<LinearRing>
					<coordinates>
						101.525240961,1.681598094,0 101.525222986,1.681601963,0 101.525187038,1.68164713,0 101.525173702,1.681686626,0 101.525126353,1.681903673,0 101.525120964,1.681994109,0 101.525126167,1.682138807,0 101.525146665,1.682337767,0 101.525146414,1.682392028,0 101.525115141,1.682675395,0 101.525099374,1.682717598,0 101.525085869,1.682735686,0 101.525061219,1.682747481,0 101.525043245,1.682745399,0 101.524953374,1.682711946,0 101.524755658,1.682662727,0 101.52466069,1.682609075,0 101.524629838,1.682581069,0 101.52459389,1.682533884,0 101.524539967,1.682487242,0 101.524504019,1.682477297,0 101.52446807,1.682485595,0 101.524448432,1.682500552,0 101.524432122,1.6825255,0 101.524410965,1.682590988,0 101.524367178,1.682681424,0 101.524298677,1.68277186,0 101.524254785,1.682844209,0 101.524230666,1.682898471,0 101.524219358,1.682952732,0 101.524225488,1.683043169,0 101.52425149,1.68309743,0 101.524298424,1.683169779,0 101.524342251,1.683213366,0 101.524401377,1.683260215,0 101.524432122,1.68329639,0 101.524410154,1.683332564,0 101.524385486,1.683350652,0 101.524351238,1.683368739,0 101.524254948,1.683404913,0 101.524184508,1.683459175,0 101.52411308,1.683549611,0 101.524062426,1.683658135,0 101.524011178,1.683712396,0 101.523918061,1.683784745,0 101.523880209,1.683802832,0 101.523731129,1.683851877,0 101.523623284,1.683899188,0 101.523551387,1.683924921,0 101.523353671,1.683972609,0 101.523281774,1.683994327,0 101.523245826,1.684008939,0 101.523191903,1.684040622,0 101.523156359,1.684074141,0 101.523125941,1.684128403,0 101.523107439,1.684182664,0 101.52308256,1.684309275,0 101.523057346,1.684363537,0 101.523030135,1.684393474,0 101.523012161,1.684403027,0 101.522814445,1.684440285,0 101.522760523,1.684459224,0 101.5227066,1.684496846,0 101.522544832,1.684646903,0 101.52249091,1.684683787,0 101.522093586,1.684869979,0 101.521969658,1.684942894,0 101.52193371,1.684955329,0 101.521897762,1.684951664,0 101.521861813,1.684956195,0 101.521789916,1.684952247,0 101.521771942,1.684960415,0 101.521753968,1.684960415,0 101.521753968,1.685032764,0 101.521771942,1.685050851,0 101.521771942,1.685141288,0 101.521789916,1.685159375,0 101.521789916,1.685249811,0 101.521807891,1.685267898,0 101.521807891,1.685376422,0 101.521825865,1.685394509,0 101.521825865,1.68552112,0 101.521843839,1.685539207,0 101.521843839,1.685557294,0 101.521861813,1.685557294,0 101.521879787,1.685539576,0 101.521897762,1.685539576,0 101.521987633,1.685518105,0 101.5221494,1.685446801,0 101.52249091,1.685323112,0 101.522602023,1.685267898,0 101.522760523,1.685161528,0 101.522814445,1.685131383,0 101.522886342,1.685105312,0 101.52304811,1.685068492,0 101.523084058,1.685050295,0 101.523121046,1.68499659,0 101.523155955,1.684885687,0 101.523197157,1.684652932,0 101.523253806,1.684417798,0 101.523273971,1.684236926,0 101.523299748,1.684191297,0 101.523335697,1.684165783,0 101.523371645,1.684155632,0 101.523407593,1.684155783,0 101.523443542,1.684166635,0 101.52347949,1.6841894,0 101.523509447,1.684218839,0 101.523575486,1.684327362,0 101.523622129,1.684381624,0 101.52369518,1.684446914,0 101.523749103,1.684483886,0 101.523785051,1.684495975,0 101.524000742,1.684530706,0 101.52403669,1.68452581,0 101.524068335,1.684508235,0 101.524088178,1.684490147,0 101.524108587,1.684453618,0 101.524123335,1.684399711,0 101.524122497,1.684218839,0 101.524127433,1.684182664,0 101.524143796,1.68414649,0 101.524162509,1.684124312,0 101.524198458,1.684103868,0 101.524385768,1.684037966,0 101.524414148,1.684017097,0 101.524433875,1.683983705,0 101.524436796,1.683965618,0 101.524420139,1.683911356,0 101.524419131,1.683857094,0 101.524402672,1.683766658,0 101.524421229,1.683585786,0 101.524474767,1.683531524,0 101.524577486,1.683477262,0 101.524627591,1.683441088,0 101.524647812,1.683413063,0 101.524672808,1.683350652,0 101.52468232,1.68329639,0 101.524679408,1.683278303,0 101.524629838,1.683174888,0 101.524575916,1.683097196,0 101.524540347,1.683061256,0 101.524471862,1.683006994,0 101.524437841,1.682952732,0 101.524440937,1.682916558,0 101.524454705,1.682880384,0 101.524482716,1.682844209,0 101.524504019,1.682830199,0 101.524557941,1.682815669,0 101.52459389,1.682818483,0 101.524629838,1.682827798,0 101.524833909,1.682934645,0 101.524875643,1.68297082,0 101.524902989,1.683006994,0 101.524957603,1.683224041,0 101.525007296,1.683298051,0 101.525043245,1.683332868,0 101.525097167,1.683360435,0 101.52515109,1.683364997,0 101.525213999,1.683350652,0 101.525240961,1.683335399,0 101.525258935,1.683317314,0 101.525286332,1.683260215,0 101.525301976,1.683187867,0 101.52533824,1.682826122,0 101.525420912,1.682536726,0 101.525451379,1.682464377,0 101.525492982,1.682410115,0 101.525517149,1.682392028,0 101.525585038,1.682355854,0 101.525690315,1.682318558,0 101.525726264,1.682313975,0 101.525762212,1.682316147,0 101.525816135,1.682331919,0 101.525883884,1.682373941,0 101.525918781,1.682410115,0 101.525964098,1.682482464,0 101.525987408,1.682572901,0 101.525997463,1.682735686,0 101.526030002,1.682844209,0 101.526085747,1.682967096,0 101.526193593,1.683067748,0 101.526265489,1.683067748,0 101.526265489,1.682988907,0 101.526283464,1.682988907,0 101.526283464,1.682753773,0 101.526301438,1.682753773,0 101.526301438,1.682518639,0 101.526319412,1.682518639,0 101.526319412,1.682283505,0 101.526337386,1.682283505,0 101.526337386,1.682093077,0 101.526265489,1.682093077,0 101.526193593,1.682214774,0 101.52613967,1.682271532,0 101.526103722,1.68228205,0 101.526067773,1.682280896,0 101.526035472,1.682265418,0 101.526015965,1.68224733,0 101.52597763,1.682174981,0 101.525961093,1.68212072,0 101.525958644,1.682084545,0 101.525966858,1.682048371,0 101.526003221,1.681976022,0 101.526031825,1.681884195,0 101.526039734,1.681813237,0 101.526036359,1.681758975,0 101.526031825,1.681734395,0 101.526013851,1.681703181,0 101.525995876,1.681685593,0 101.525959928,1.681673333,0 101.52592398,1.68168126,0 101.525906006,1.68169285,0 101.525867643,1.681740888,0 101.525847826,1.681813237,0 101.525826807,1.681976022,0 101.525797917,1.682030284,0 101.525749598,1.682066458,0 101.525690315,1.682084984,0 101.525618419,1.68208868,0 101.525564496,1.68207566,0 101.525510573,1.682040359,0 101.525460319,1.681976022,0 101.525348806,1.681718993,0 101.525298922,1.681632364,0 101.525258935,1.681602312,0 101.525240961,1.681598094,0 
					</coordinates>
				</LinearRing>
			</outerBoundaryIs>
		</Polygon>
	</Placemark>
	<Placemark>
		<name>24-26m</name>
		<styleUrl>#style.#FF0099FF..0.255</styleUrl>
		<Polygon>
			<tessellate>1</tessellate>
			<outerBoundaryIs>
				<LinearRing>
					<coordinates>
						101.524629838,1.684018587,0 101.524545959,1.684037966,0 101.524493034,1.684056054,0 101.52447354,1.684074141,0 101.52447586,1.684092228,0 101.524539967,1.68414649,0 101.524629838,1.684261545,0 101.524647812,1.684276663,0 101.524665787,1.68428324,0 101.524683761,1.684280166,0 101.524701735,1.684266974,0 101.524719709,1.68423773,0 101.524732,1.684164577,0 101.524719709,1.684090324,0 101.524702841,1.684056054,0 101.524683761,1.684036942,0 101.524665787,1.684025681,0 101.524629838,1.684018587,0 
					</coordinates>
				</LinearRing>
			</outerBoundaryIs>
		</Polygon>
	</Placemark>
	<Placemark>
		<name>24-26m</name>
		<styleUrl>#style.#FF0099FF..0.255</styleUrl>
		<Polygon>
			<tessellate>1</tessellate>
			<outerBoundaryIs>
				<LinearRing>
					<coordinates>
						101.522095478,1.684423451,0 101.522059529,1.684434593,0 101.522045442,1.684453973,0 101.522038735,1.684490147,0 101.522041555,1.684520895,0 101.522058062,1.684562496,0 101.522077503,1.684585105,0 101.522095478,1.684595569,0 101.522131426,1.684598671,0 101.522159136,1.684580583,0 101.522185349,1.684548664,0 101.522197332,1.684526322,0 101.522197125,1.684508235,0 101.522181629,1.68447206,0 101.522163655,1.684453973,0 101.522131426,1.684430459,0 101.522095478,1.684423451,0 
					</coordinates>
				</LinearRing>
			</outerBoundaryIs>
		</Polygon>
	</Placemark>
	<Placemark>
		<name>24-26m</name>
		<styleUrl>#style.#FF0099FF..0.255</styleUrl>
		<Polygon>
			<tessellate>1</tessellate>
			<outerBoundaryIs>
				<LinearRing>
					<coordinates>
						101.524234406,1.680445563,0 101.524225129,1.680456694,0 101.524234406,1.680478955,0 101.52425238,1.680484701,0 101.524265112,1.680474782,0 101.52425238,1.680448473,0 101.524234406,1.680445563,0 
					</coordinates>
				</LinearRing>
			</outerBoundaryIs>
		</Polygon>
	</Placemark>
	<Placemark>
		<name>24-26m</name>
		<styleUrl>#style.#FF0099FF..0.255</styleUrl>
		<Polygon>
			<tessellate>1</tessellate>
			<outerBoundaryIs>
				<LinearRing>
					<coordinates>
						101.534048313,1.69475917,0 101.534030339,1.694763695,0 101.534030339,1.694781782,0 101.533988394,1.694817957,0 101.533850597,1.694901609,0 101.533814648,1.694958134,0 101.533808896,1.694998829,0 101.533813622,1.695053091,0 101.533828251,1.695089265,0 101.533864852,1.695125439,0 101.533904519,1.695148694,0 101.534048313,1.695186735,0 101.53421008,1.695253055,0 101.5343359,1.69533126,0 101.534494495,1.69545101,0 101.534673181,1.695613795,0 101.534803229,1.695720058,0 101.53487724,1.695794667,0 101.535054867,1.695940227,0 101.53512513,1.696011714,0 101.53519966,1.69610215,0 101.535252583,1.696138324,0 101.535378403,1.696194757,0 101.535432325,1.696236899,0 101.535466199,1.696283022,0 101.535511524,1.69642772,0 101.535554876,1.696500069,0 101.535648016,1.696583589,0 101.535712722,1.69662668,0 101.535798722,1.696662854,0 101.535971551,1.696714855,0 101.536115344,1.696775214,0 101.536187241,1.696795117,0 101.536259138,1.696807552,0 101.536349009,1.69684087,0 101.53643888,1.696858196,0 101.536456854,1.696856992,0 101.536487668,1.696843726,0 101.536497705,1.696825639,0 101.536497594,1.696807552,0 101.536420906,1.696684817,0 101.536372974,1.696590505,0 101.536357996,1.696554331,0 101.536353157,1.696518156,0 101.536366983,1.696491025,0 101.536384957,1.696484764,0 101.53643888,1.6964792,0 101.536492802,1.6964792,0 101.536510777,1.696481982,0 101.536492802,1.696463895,0 101.536474828,1.696463895,0 101.536456854,1.696445807,0 101.536420906,1.696409633,0 101.536402931,1.696391546,0 101.536384957,1.696391546,0 101.536366983,1.696373458,0 101.536331035,1.696337284,0 101.536313061,1.696337284,0 101.536295086,1.696319197,0 101.536277112,1.696301109,0 101.536241164,1.696264935,0 101.53622319,1.696264935,0 101.536205215,1.696246848,0 101.536187241,1.696228761,0 101.536169267,1.696210673,0 101.536151293,1.696210673,0 101.536133319,1.696192586,0 101.536115344,1.696174499,0 101.53609737,1.696156412,0 101.536079396,1.696138324,0 101.536061422,1.696138324,0 101.536043448,1.696120237,0 101.536025473,1.69610215,0 101.536007499,1.696084063,0 101.535989525,1.696065975,0 101.535971551,1.696065975,0 101.535935603,1.696029801,0 101.535917628,1.696011714,0 101.535899654,1.695993627,0 101.53588168,1.695975539,0 101.535863706,1.695975539,0 101.535845732,1.695957452,0 101.535827757,1.695939365,0 101.535809783,1.695921278,0 101.535791809,1.69590319,0 101.535755861,1.695867016,0 101.535737886,1.695867016,0 101.535719912,1.695848929,0 101.535701938,1.695830841,0 101.535648016,1.69577658,0 101.535630041,1.695758493,0 101.535612067,1.695758493,0 101.535594093,1.695740405,0 101.535558145,1.695704231,0 101.53554017,1.695686144,0 101.535522196,1.695668056,0 101.535504222,1.695649969,0 101.535486248,1.695649969,0 101.535468274,1.695631882,0 101.535450299,1.695613795,0 101.535432325,1.695595707,0 101.535396377,1.695559533,0 101.535378403,1.695559533,0 101.535360429,1.695541446,0 101.535342454,1.695523359,0 101.53532448,1.695505271,0 101.535270558,1.69545101,0 101.535252583,1.69545101,0 101.535234609,1.695432922,0 101.535180687,1.695378661,0 101.535162712,1.695360573,0 101.535144738,1.695342486,0 101.535126764,1.695342486,0 101.535072842,1.695288225,0 101.535054867,1.695270137,0 101.535018919,1.695233963,0 101.535000945,1.695233963,0 101.534982971,1.695215876,0 101.534964996,1.695197788,0 101.534929048,1.695161614,0 101.534911074,1.695161614,0 101.5348931,1.695143527,0 101.534875125,1.695125439,0 101.534821203,1.695071178,0 101.534803229,1.695071178,0 101.534785255,1.695053091,0 101.53476728,1.695035003,0 101.534731332,1.694998829,0 101.534713358,1.694998829,0 101.534695384,1.694980742,0 101.534677409,1.694962654,0 101.534623487,1.694908393,0 101.534605513,1.694908393,0 101.534587538,1.694890305,0 101.534587538,1.694908393,0 101.534569564,1.694901502,0 101.53455159,1.694901502,0 101.534534674,1.694908393,0 101.534497667,1.69493653,0 101.534486113,1.694962654,0 101.534485685,1.694998829,0 101.534501261,1.695071178,0 101.534521633,1.695107352,0 101.534587538,1.695179701,0 101.534592035,1.695197788,0 101.534587538,1.695206832,0 101.534569564,1.695206832,0 101.53455159,1.695200374,0 101.534515642,1.695179701,0 101.534461719,1.695137498,0 101.534398809,1.695107352,0 101.534361364,1.695071178,0 101.534344287,1.695035003,0 101.534343603,1.695016916,0 101.534357868,1.694944567,0 101.534344887,1.694908393,0 101.534301236,1.694854131,0 101.534228055,1.694810558,0 101.53412021,1.694772738,0 101.534048313,1.69475917,0 
					</coordinates>
				</LinearRing>
			</outerBoundaryIs>
			<innerBoundaryIs>
				<LinearRing>
					<coordinates>
						101.534929048,1.695460053,0 101.534947022,1.695463063,0 101.534953018,1.695469097,0 101.534947022,1.69547814,0 101.534929048,1.695475131,0 101.53492545,1.695469097,0 101.534929048,1.695460053,0 
					</coordinates>
				</LinearRing>
			</innerBoundaryIs>
		</Polygon>
	</Placemark>
	<Placemark>
		<name>24-26m</name>
		<styleUrl>#style.#FF0099FF..0.255</styleUrl>
		<Polygon>
			<tessellate>1</tessellate>
			<outerBoundaryIs>
				<LinearRing>
					<coordinates>
						101.531513952,1.695010198,0 101.53146003,1.69501308,0 101.531148477,1.695053091,0 101.531064598,1.695071178,0 101.530830933,1.695133261,0 101.530723088,1.695155082,0 101.530273733,1.695204098,0 101.530022095,1.695246295,0 101.529932224,1.695251639,0 101.529824379,1.695263732,0 101.529734508,1.695267877,0 101.529303127,1.695228398,0 101.52923123,1.695228013,0 101.529159334,1.695234773,0 101.528727953,1.695330892,0 101.528494289,1.695365774,0 101.528260624,1.695420218,0 101.528062908,1.695456255,0 101.52802696,1.69548049,0 101.528015633,1.695505271,0 101.528008986,1.695523359,0 101.52802696,1.695523359,0 101.528080882,1.69557762,0 101.528098857,1.695595707,0 101.528116831,1.695595707,0 101.528134805,1.695613795,0 101.528170753,1.695649969,0 101.528188727,1.695649969,0 101.528206702,1.695668056,0 101.528224676,1.695686144,0 101.528278598,1.695740405,0 101.528296573,1.695740405,0 101.528314547,1.695758493,0 101.528368469,1.695812754,0 101.528386444,1.695830841,0 101.528404418,1.695848929,0 101.528422392,1.695848929,0 101.528476314,1.69590319,0 101.528494289,1.695921278,0 101.528530237,1.695957452,0 101.528548211,1.695957452,0 101.528566185,1.695975539,0 101.52858416,1.695993627,0 101.528656056,1.696065975,0 101.528674031,1.696065975,0 101.528692005,1.696084063,0 101.528709979,1.69610215,0 101.528727953,1.696098862,0 101.528745927,1.696098862,0 101.528763901,1.696091816,0 101.528781876,1.696059946,0 101.528817824,1.696047888,0 101.528853772,1.696043547,0 101.528907695,1.696040653,0 101.528961618,1.696044995,0 101.529069463,1.696061042,0 101.529500843,1.696189571,0 101.529608688,1.696258551,0 101.529714734,1.696337284,0 101.529752482,1.696373458,0 101.529860327,1.696503083,0 101.529939412,1.696572418,0 101.529968172,1.696606007,0 101.529997585,1.696662854,0 101.530026088,1.69675329,0 101.530058043,1.696794632,0 101.530111966,1.696846743,0 101.530141379,1.696897988,0 101.530156083,1.69695225,0 101.530174875,1.697096948,0 101.530186432,1.697133122,0 101.530219811,1.697182859,0 101.530258757,1.697205471,0 101.53031687,1.697295907,0 101.530333652,1.697332082,0 101.530331254,1.697350169,0 101.530327656,1.697368256,0 101.53034563,1.697386343,0 101.530363604,1.697404431,0 101.530381578,1.697422518,0 101.530399553,1.697440605,0 101.530417527,1.697440605,0 101.530453475,1.697476779,0 101.530471449,1.697494867,0 101.530489424,1.697494867,0 101.530543346,1.697549128,0 101.53056132,1.697549128,0 101.530579294,1.697567216,0 101.530597269,1.697585303,0 101.530651191,1.697639564,0 101.530669165,1.697657652,0 101.53068714,1.697675739,0 101.530723088,1.697711913,0 101.530741062,1.697730001,0 101.530759036,1.697748088,0 101.530777011,1.697766175,0 101.530794985,1.697784262,0 101.530812959,1.69780235,0 101.530830933,1.697820437,0 101.530848907,1.697820437,0 101.530866881,1.697838524,0 101.530884856,1.697856611,0 101.53090283,1.697874698,0 101.530920804,1.697892786,0 101.530956752,1.69792896,0 101.530974727,1.697947047,0 101.530992701,1.697965135,0 101.531046623,1.698019396,0 101.531064598,1.698019396,0 101.531082572,1.698037484,0 101.531154468,1.698109832,0 101.531172443,1.69812792,0 101.531226365,1.698182181,0 101.531244339,1.698200269,0 101.531262314,1.698218356,0 101.531280288,1.698218356,0 101.531316236,1.69825453,0 101.53133421,1.698272618,0 101.531352185,1.698290705,0 101.531406107,1.698344966,0 101.531424081,1.698363054,0 101.531442056,1.698381141,0 101.531478004,1.698417315,0 101.531495978,1.698435403,0 101.531531926,1.698471577,0 101.531549901,1.698489664,0 101.531567875,1.698489664,0 101.531585849,1.698507752,0 101.531603823,1.698525839,0 101.531621797,1.698525839,0 101.531639772,1.698543926,0 101.531657746,1.698562013,0 101.53167572,1.698562013,0 101.531693694,1.6985801,0 101.531711668,1.698598188,0 101.531729643,1.698616275,0 101.531747617,1.698616275,0 101.531783565,1.698652449,0 101.531801539,1.698670537,0 101.531819513,1.698670537,0 101.531837488,1.698688624,0 101.531873436,1.698724798,0 101.53189141,1.698724798,0 101.531909384,1.698742886,0 101.531927359,1.698760973,0 101.531945333,1.69877906,0 101.531960911,1.698760973,0 101.531963307,1.698757356,0 101.531981281,1.698757356,0 101.531999255,1.69875374,0 101.532002849,1.698760973,0 101.531999255,1.698767002,0 101.531981281,1.69877906,0 101.531963307,1.69877906,0 101.531999255,1.698815234,0 101.53201723,1.698833322,0 101.532035204,1.698833322,0 101.532089126,1.698887583,0 101.5321071,1.698905671,0 101.532125075,1.698923758,0 101.532143049,1.698923758,0 101.532178997,1.698959932,0 101.532196971,1.69897802,0 101.532214946,1.698996107,0 101.53223292,1.699014194,0 101.532250894,1.699014194,0 101.532286842,1.699050368,0 101.532304817,1.699068456,0 101.532322791,1.699086543,0 101.532340765,1.699086543,0 101.532376713,1.699122717,0 101.532394687,1.699140805,0 101.532412662,1.699140805,0 101.53244861,1.699176979,0 101.532466584,1.699176979,0 101.532484558,1.699195066,0 101.532502533,1.699213154,0 101.532520507,1.699213154,0 101.532556455,1.699249328,0 101.532574429,1.699249328,0 101.532592404,1.699267415,0 101.532610378,1.699285502,0 101.532628352,1.69930359,0 101.532646326,1.69930359,0 101.532628352,1.699285502,0 101.532636076,1.699267415,0 101.5326643,1.699226804,0 101.532736197,1.699199322,0 101.532777281,1.699176979,0 101.532949409,1.699050368,0 101.533147864,1.698869496,0 101.533185552,1.698841143,0 101.533239474,1.698814758,0 101.533365294,1.698772705,0 101.533401242,1.698770016,0 101.53343719,1.698778364,0 101.533455165,1.69878735,0 101.533491113,1.698818852,0 101.533573878,1.698923758,0 101.533634906,1.698968641,0 101.533716219,1.699014194,0 101.533742752,1.699020455,0 101.533760726,1.699018368,0 101.533796674,1.69900312,0 101.533833168,1.69897802,0 101.534066287,1.698761449,0 101.534249485,1.698616275,0 101.534311934,1.698543926,0 101.534623487,1.698101793,0 101.534726839,1.697965135,0 101.534803229,1.697824058,0 101.534846368,1.697693826,0 101.534911074,1.697538274,0 101.53492186,1.697440605,0 101.534939317,1.697368256,0 101.534938035,1.697332082,0 101.534994953,1.697205471,0 101.534997346,1.697169297,0 101.534982971,1.697139156,0 101.5349605,1.697115035,0 101.534885912,1.697060773,0 101.534803229,1.696949233,0 101.53476728,1.696925119,0 101.534695384,1.696901609,0 101.534659435,1.696894367,0 101.53455159,1.696825639,0 101.534544402,1.696789465,0 101.534569564,1.696717116,0 101.534569564,1.696662854,0 101.534561577,1.69662668,0 101.534540804,1.696590505,0 101.534470706,1.696518156,0 101.534419235,1.696481982,0 101.534299951,1.69637017,0 101.534264003,1.696342711,0 101.53422969,1.696301109,0 101.534185193,1.696210673,0 101.534138184,1.696152795,0 101.534084261,1.696111194,0 101.533976416,1.696049397,0 101.533950454,1.696029801,0 101.533915004,1.695993627,0 101.533862036,1.695921278,0 101.533832623,1.69589497,0 101.533688829,1.695816042,0 101.533619927,1.695740405,0 101.533551026,1.695686144,0 101.533464152,1.695595707,0 101.533329345,1.695498608,0 101.533203526,1.695384415,0 101.533080274,1.695306312,0 101.532981846,1.695233963,0 101.532915939,1.69520213,0 101.532844042,1.695179701,0 101.532754171,1.695166333,0 101.532700249,1.695168192,0 101.532610378,1.69518372,0 101.532538481,1.695185021,0 101.532502533,1.695180833,0 101.53244861,1.695162907,0 101.532394687,1.69515257,0 101.532340765,1.695149911,0 101.532250894,1.695156446,0 101.532196971,1.695154077,0 101.532143049,1.69514202,0 101.532035204,1.695100893,0 101.531999255,1.695092182,0 101.531837488,1.695077896,0 101.531639772,1.695029137,0 101.531513952,1.695010198,0 
					</coordinates>
				</LinearRing>
			</outerBoundaryIs>
		</Polygon>
	</Placemark>
	<Placemark>
		<name>24-26m</name>
		<styleUrl>#style.#FF0099FF..0.255</styleUrl>
		<Polygon>
			<tessellate>1</tessellate>
			<outerBoundaryIs>
				<LinearRing>
					<coordinates>
						101.524953374,1.681250362,0 101.524935399,1.681256522,0 101.524899451,1.681294272,0 101.524870416,1.681361056,0 101.524881477,1.681410952,0 101.524917425,1.681433708,0 101.524953374,1.681441583,0 101.525007296,1.681446369,0 101.525079193,1.681440575,0 101.525102983,1.681433405,0 101.525130402,1.681415318,0 101.525132834,1.68139723,0 101.525093702,1.681324882,0 101.52502527,1.681270231,0 101.524989322,1.681252948,0 101.524953374,1.681250362,0 
					</coordinates>
				</LinearRing>
			</outerBoundaryIs>
		</Polygon>
	</Placemark>
	<Placemark>
		<name>26-28m</name>
		<styleUrl>#style.#FF0066FF..0.255</styleUrl>
		<Polygon>
			<tessellate>1</tessellate>
			<outerBoundaryIs>
				<LinearRing>
					<coordinates>
						101.531999255,1.69875374,0 101.531981281,1.698757356,0 101.531963307,1.698757356,0 101.531960911,1.698760973,0 101.531945333,1.69877906,0 101.531981281,1.69877906,0 101.531999255,1.698767002,0 101.532002849,1.698760973,0 101.531999255,1.69875374,0 
					</coordinates>
				</LinearRing>
			</outerBoundaryIs>
		</Polygon>
	</Placemark>
	<Placemark>
		<name>26-28m</name>
		<styleUrl>#style.#FF0066FF..0.255</styleUrl>
		<Polygon>
			<tessellate>1</tessellate>
			<outerBoundaryIs>
				<LinearRing>
					<coordinates>
						101.522324008,1.681668539,0 101.522311168,1.681670983,0 101.522293194,1.681685872,0 101.522293194,1.681709647,0 101.522312134,1.68179515,0 101.522331299,1.681831324,0 101.52236509,1.681845418,0 101.522401039,1.681850296,0 101.522436987,1.681847626,0 101.522481001,1.681831324,0 101.522493765,1.681813237,0 101.522472936,1.681763316,0 101.522436987,1.681717514,0 101.522401039,1.681689866,0 101.52236509,1.681674208,0 101.522324008,1.681668539,0 
					</coordinates>
				</LinearRing>
			</outerBoundaryIs>
		</Polygon>
	</Placemark>
	<Placemark>
		<name>26-28m</name>
		<styleUrl>#style.#FF0066FF..0.255</styleUrl>
		<Polygon>
			<tessellate>1</tessellate>
			<outerBoundaryIs>
				<LinearRing>
					<coordinates>
						101.524827554,1.679817397,0 101.524791606,1.679823093,0 101.52477696,1.679841728,0 101.524775951,1.679859816,0 101.524791606,1.679887869,0 101.524827554,1.679929351,0 101.524899451,1.679968339,0 101.524935066,1.680040688,0 101.524958509,1.680058775,0 101.524999508,1.680113037,0 101.525043245,1.68015524,0 101.525079193,1.680179357,0 101.525115141,1.680191574,0 101.52515109,1.68018998,0 101.525169064,1.680182672,0 101.525184734,1.680167299,0 101.525189647,1.680149211,0 101.525160704,1.68009495,0 101.525105292,1.680040688,0 101.525049688,1.680004513,0 101.524989322,1.679976131,0 101.524953374,1.679964917,0 101.524935399,1.679964722,0 101.524917425,1.679954776,0 101.524903525,1.679877903,0 101.52488044,1.679841728,0 101.524850732,1.679823641,0 101.524827554,1.679817397,0 
					</coordinates>
				</LinearRing>
			</outerBoundaryIs>
		</Polygon>
	</Placemark>
	<Placemark>
		<name>26-28m</name>
		<styleUrl>#style.#FF0066FF..0.255</styleUrl>
		<Polygon>
			<tessellate>1</tessellate>
			<outerBoundaryIs>
				<LinearRing>
					<coordinates>
						101.525420702,1.676538608,0 101.525348806,1.676538608,0 101.525240961,1.676602305,0 101.525205012,1.676656803,0 101.525184043,1.676676462,0 101.525097167,1.676742998,0 101.524973979,1.67682116,0 101.524917425,1.676875045,0 101.524881477,1.676945304,0 101.524880842,1.677038207,0 101.524845528,1.677109569,0 101.524808535,1.677164818,0 101.524699133,1.677255254,0 101.524685438,1.677273341,0 101.52458916,1.677526562,0 101.524539967,1.677598409,0 101.524504019,1.677626738,0 101.52446807,1.677636553,0 101.524450096,1.677634622,0 101.524198458,1.677562737,0 101.524180483,1.677564128,0 101.524144535,1.677578815,0 101.524077541,1.677616999,0 101.523902575,1.677653173,0 101.523838974,1.677670794,0 101.523708661,1.677725522,0 101.523663119,1.677761697,0 101.523633328,1.677797871,0 101.523610779,1.677888307,0 101.523571253,1.677924482,0 101.523515439,1.67795079,0 101.52347949,1.677959592,0 101.523443542,1.677962665,0 101.523245826,1.677963821,0 101.523120006,1.677959451,0 101.522886342,1.67793928,0 101.522778497,1.677938047,0 101.5227066,1.677945153,0 101.522616729,1.677966857,0 101.522562807,1.677986965,0 101.522221297,1.6781727,0 101.522168113,1.678213877,0 101.522114135,1.678268139,0 101.522050422,1.678358575,0 101.522000215,1.678467099,0 101.521952277,1.678593709,0 101.521882973,1.678828843,0 101.521855453,1.678883105,0 101.521826495,1.678919279,0 101.521753968,1.678976986,0 101.521538278,1.679094518,0 101.521387295,1.679190588,0 101.521340562,1.679226762,0 101.521246647,1.679317199,0 101.521142846,1.67939127,0 101.521124871,1.67939127,0 101.521106897,1.679407635,0 101.521088923,1.679389548,0 101.521088923,1.679479984,0 101.521106897,1.679498071,0 101.521106897,1.679697031,0 101.521124871,1.679715118,0 101.521124871,1.67989599,0 101.521142846,1.679914077,0 101.521142846,1.680113037,0 101.52116082,1.680131124,0 101.52116082,1.680311996,0 101.521178794,1.680330084,0 101.521196768,1.680330084,0 101.521214742,1.680315424,0 101.521236436,1.680203473,0 101.521252541,1.680167299,0 101.521304613,1.680089926,0 101.521340562,1.67998775,0 101.521361435,1.679950252,0 101.521502329,1.679786713,0 101.521771942,1.679573373,0 101.52186339,1.679479984,0 101.521954873,1.67937146,0 101.522116061,1.679226762,0 101.522168813,1.679154414,0 101.522256625,1.678973541,0 101.52232668,1.678865018,0 101.522454961,1.678751068,0 101.52249091,1.678729364,0 101.522526858,1.67871709,0 101.522562807,1.678712784,0 101.522634703,1.678712807,0 101.522688626,1.67870004,0 101.522760523,1.678667428,0 101.522850394,1.67860813,0 101.52290162,1.678593709,0 101.522958239,1.678583826,0 101.523245826,1.678564094,0 101.523335697,1.678566687,0 101.523533413,1.678586132,0 101.523587335,1.678585796,0 101.523623284,1.678580699,0 101.523677206,1.678559741,0 101.523762584,1.678503273,0 101.523831271,1.678467099,0 101.52403669,1.678391092,0 101.524198458,1.678311327,0 101.524306303,1.678280766,0 101.52446807,1.678256885,0 101.524557941,1.678223136,0 101.524605081,1.67819579,0 101.524650711,1.678159616,0 101.524722123,1.678087267,0 101.524748364,1.678051092,0 101.524774105,1.677996831,0 101.524813596,1.677852133,0 101.524840263,1.677779784,0 101.52490087,1.677653173,0 101.524974909,1.67754465,0 101.525043245,1.677476726,0 101.525115141,1.677420983,0 101.52515109,1.677399734,0 101.525222986,1.677369097,0 101.525258935,1.677346172,0 101.525312857,1.677280674,0 101.525402728,1.677206033,0 101.525420702,1.677199184,0 101.525474625,1.677199184,0 101.525474625,1.677092469,0 101.525456651,1.677074382,0 101.525456651,1.676893509,0 101.525438677,1.676875422,0 101.525438677,1.676676462,0 101.525420702,1.676658375,0 101.525420702,1.676538608,0 
					</coordinates>
				</LinearRing>
			</outerBoundaryIs>
		</Polygon>
	</Placemark>
	<Placemark>
		<name>26-28m</name>
		<styleUrl>#style.#FF0066FF..0.255</styleUrl>
		<Polygon>
			<tessellate>1</tessellate>
			<outerBoundaryIs>
				<LinearRing>
					<coordinates>
						101.523335697,1.681064045,0 101.523310017,1.68107166,0 101.523317722,1.681090752,0 101.523361968,1.681107835,0 101.52347949,1.681122086,0 101.523515439,1.681129543,0 101.523518135,1.681107835,0 101.523511353,1.681089747,0 101.52347949,1.681072209,0 101.523461516,1.68106705,0 101.523443542,1.681064124,0 101.523335697,1.681064045,0 
					</coordinates>
				</LinearRing>
			</outerBoundaryIs>
		</Polygon>
	</Placemark>
	<Placemark>
		<name>26-28m</name>
		<styleUrl>#style.#FF0066FF..0.255</styleUrl>
		<Polygon>
			<tessellate>1</tessellate>
			<outerBoundaryIs>
				<LinearRing>
					<coordinates>
						101.522203323,1.680376124,0 101.522192538,1.680384345,0 101.522189842,1.680402433,0 101.522203323,1.680443275,0 101.522257245,1.680535072,0 101.522293194,1.680560833,0 101.522311168,1.680560194,0 101.522319156,1.680529043,0 101.522306399,1.680474782,0 101.52227522,1.680416194,0 101.522239271,1.680383281,0 101.522203323,1.680376124,0 
					</coordinates>
				</LinearRing>
			</outerBoundaryIs>
		</Polygon>
	</Placemark>
	<Placemark>
		<name>26-28m</name>
		<styleUrl>#style.#FF0066FF..0.255</styleUrl>
		<Polygon>
			<tessellate>1</tessellate>
			<outerBoundaryIs>
				<LinearRing>
					<coordinates>
						101.524180483,1.680149929,0 101.524144535,1.680157832,0 101.524126561,1.680171274,0 101.524104475,1.680203473,0 101.524031851,1.680402433,0 101.524021376,1.680474782,0 101.524023851,1.680510956,0 101.524035729,1.68054713,0 101.524056635,1.680583305,0 101.524074502,1.680601392,0 101.524103974,1.680619479,0 101.524144535,1.680637992,0 101.524306303,1.680688923,0 101.524342251,1.680708485,0 101.524364209,1.680728003,0 101.524405891,1.680800352,0 101.524426654,1.680854613,0 101.524454835,1.680981224,0 101.524442257,1.681089747,0 101.524463258,1.681144009,0 101.52448646,1.681180184,0 101.524521993,1.68121087,0 101.524611864,1.681260284,0 101.524651435,1.681288707,0 101.524662472,1.681306794,0 101.524664317,1.681342969,0 101.524629838,1.681434934,0 101.524603807,1.681469579,0 101.524575916,1.681491493,0 101.524539967,1.681504409,0 101.524504019,1.681508166,0 101.524414148,1.681496299,0 101.524288329,1.681470919,0 101.524144535,1.681447649,0 101.524090613,1.681432075,0 101.524054664,1.681415318,0 101.52403116,1.68139723,0 101.524013814,1.681379143,0 101.524001433,1.681342969,0 101.523963895,1.681306794,0 101.523920587,1.681288707,0 101.523785051,1.681244701,0 101.523659232,1.681180413,0 101.523605309,1.68115814,0 101.523533413,1.681134143,0 101.523522626,1.681144009,0 101.523546942,1.681288707,0 101.523544503,1.681361056,0 101.523561463,1.681451492,0 101.523551387,1.681490896,0 101.523498962,1.681578103,0 101.523497464,1.681599204,0 101.523515439,1.681604149,0 101.523533413,1.681603033,0 101.523659232,1.681572439,0 101.52369518,1.681568021,0 101.523785051,1.681560791,0 101.523838974,1.68156218,0 101.52388745,1.681578103,0 101.523910549,1.68159619,0 101.523930462,1.681650452,0 101.523934423,1.681722801,0 101.523898289,1.681867499,0 101.523889687,1.682084545,0 101.523855362,1.682193069,0 101.523852309,1.682301592,0 101.523869145,1.682392028,0 101.523856948,1.682456624,0 101.523838974,1.682491508,0 101.523821,1.682501845,0 101.523803026,1.682500552,0 101.523782213,1.682482464,0 101.52375809,1.682428203,0 101.523746034,1.682373941,0 101.523746406,1.682229243,0 101.5237355,1.682193069,0 101.523643255,1.682048371,0 101.523461108,1.681813237,0 101.523453269,1.681777062,0 101.523461516,1.681650452,0 101.523443542,1.681641408,0 101.523425568,1.681642472,0 101.523335697,1.681661566,0 101.523281774,1.681678091,0 101.523227852,1.681703624,0 101.523203979,1.681722801,0 101.523163235,1.681777062,0 101.523099553,1.681903673,0 101.523030135,1.681977379,0 101.522994187,1.682001725,0 101.522958239,1.682016834,0 101.522778497,1.682060074,0 101.522760523,1.682069936,0 101.522748346,1.682084545,0 101.522732745,1.68212072,0 101.522735701,1.682156894,0 101.522743746,1.682174981,0 101.522763361,1.682193069,0 101.522778497,1.682199646,0 101.522904316,1.682227479,0 101.522940265,1.682243311,0 101.522970222,1.682265418,0 101.523097174,1.682428203,0 101.523173929,1.682504662,0 101.523209877,1.682567733,0 101.523231703,1.682663337,0 101.523227579,1.682699511,0 101.523206533,1.682735686,0 101.523179171,1.682753773,0 101.523155955,1.682758814,0 101.523120006,1.682752625,0 101.523102032,1.68274315,0 101.523019976,1.68264525,0 101.522976213,1.682614243,0 101.522940265,1.682607431,0 101.522904316,1.682607546,0 101.522850394,1.682616208,0 101.522814445,1.68262771,0 101.522778497,1.682647188,0 101.522735635,1.682681424,0 101.522698897,1.682735686,0 101.522690231,1.68277186,0 101.522700462,1.682934645,0 101.522682207,1.682988907,0 101.522652677,1.683020825,0 101.522616729,1.683037619,0 101.522562807,1.683041836,0 101.522526858,1.683032586,0 101.52249091,1.683010825,0 101.522471177,1.682988907,0 101.522436987,1.682891072,0 101.522418618,1.682753773,0 101.522422953,1.682699511,0 101.522440523,1.682627162,0 101.522434344,1.682590988,0 101.522412273,1.682554813,0 101.522347116,1.682484047,0 101.522239271,1.682343795,0 101.522203323,1.682314961,0 101.522167374,1.682305126,0 101.5221494,1.682307258,0 101.522131426,1.682314809,0 101.522107324,1.682337767,0 101.522074921,1.682428203,0 101.52205412,1.682609075,0 101.522059043,1.682808035,0 101.522033077,1.683061256,0 101.522004682,1.683169779,0 101.521982885,1.683224041,0 101.52193371,1.683287983,0 101.521897762,1.683313318,0 101.521861813,1.68332962,0 101.521682071,1.683375577,0 101.521574226,1.683395547,0 101.521556252,1.683395547,0 101.521538278,1.683404913,0 101.521520304,1.683404913,0 101.521520304,1.683477262,0 101.521538278,1.683495349,0 101.521538278,1.683712396,0 101.521556252,1.683730483,0 101.521556252,1.683839007,0 101.521574226,1.683857094,0 101.521574226,1.68394753,0 101.5215922,1.683965618,0 101.5215922,1.684056054,0 101.521610175,1.684074141,0 101.521610175,1.684164577,0 101.521628149,1.684182664,0 101.521628149,1.6842731,0 101.521646123,1.684291188,0 101.521646123,1.684381624,0 101.521664097,1.684399711,0 101.521664097,1.684490147,0 101.521682071,1.684508235,0 101.521682071,1.684598671,0 101.521700046,1.684616758,0 101.521700046,1.684707194,0 101.52171802,1.684725281,0 101.52171802,1.684815717,0 101.521735994,1.684833805,0 101.521735994,1.684924241,0 101.521753968,1.684942328,0 101.521753968,1.684960415,0 101.521771942,1.684960415,0 101.521789916,1.684952247,0 101.521861813,1.684956195,0 101.521897762,1.684951664,0 101.52193371,1.684955329,0 101.521969658,1.684942894,0 101.522093586,1.684869979,0 101.52249091,1.684683787,0 101.522544832,1.684646903,0 101.5227066,1.684496846,0 101.522760523,1.684459224,0 101.522814445,1.684440285,0 101.523012161,1.684403027,0 101.523030135,1.684393474,0 101.523057346,1.684363537,0 101.52308256,1.684309275,0 101.523107439,1.684182664,0 101.523125941,1.684128403,0 101.523156359,1.684074141,0 101.523191903,1.684040622,0 101.523245826,1.684008939,0 101.523281774,1.683994327,0 101.523353671,1.683972609,0 101.523551387,1.683924921,0 101.523623284,1.683899188,0 101.523731129,1.683851877,0 101.523880209,1.683802832,0 101.523918061,1.683784745,0 101.524011178,1.683712396,0 101.524062426,1.683658135,0 101.52411308,1.683549611,0 101.524184508,1.683459175,0 101.524254948,1.683404913,0 101.524351238,1.683368739,0 101.524385486,1.683350652,0 101.524410154,1.683332564,0 101.524432122,1.68329639,0 101.524401377,1.683260215,0 101.524342251,1.683213366,0 101.524298424,1.683169779,0 101.52425149,1.68309743,0 101.524225488,1.683043169,0 101.524219358,1.682952732,0 101.524230666,1.682898471,0 101.524254785,1.682844209,0 101.524298677,1.68277186,0 101.524367178,1.682681424,0 101.524410965,1.682590988,0 101.524432122,1.6825255,0 101.524448432,1.682500552,0 101.52446807,1.682485595,0 101.524504019,1.682477297,0 101.524539967,1.682487242,0 101.52459389,1.682533884,0 101.524629838,1.682581069,0 101.52466069,1.682609075,0 101.524755658,1.682662727,0 101.524953374,1.682711946,0 101.525043245,1.682745399,0 101.525061219,1.682747481,0 101.525085869,1.682735686,0 101.525099374,1.682717598,0 101.525115141,1.682675395,0 101.525146414,1.682392028,0 101.525146665,1.682337767,0 101.525126167,1.682138807,0 101.525120964,1.681994109,0 101.525126353,1.681903673,0 101.525173702,1.681686626,0 101.525187038,1.68164713,0 101.525222986,1.681601963,0 101.525240961,1.681598094,0 101.525258935,1.681602312,0 101.525298922,1.681632364,0 101.525348806,1.681718993,0 101.525460319,1.681976022,0 101.525510573,1.682040359,0 101.525564496,1.68207566,0 101.525618419,1.68208868,0 101.525690315,1.682084984,0 101.525749598,1.682066458,0 101.525797917,1.682030284,0 101.525826807,1.681976022,0 101.525847826,1.681813237,0 101.525867643,1.681740888,0 101.525906006,1.68169285,0 101.52592398,1.68168126,0 101.525959928,1.681673333,0 101.525995876,1.681685593,0 101.526013851,1.681703181,0 101.526031825,1.681734395,0 101.526036359,1.681758975,0 101.526039734,1.681813237,0 101.526031825,1.681884195,0 101.526003221,1.681976022,0 101.525966858,1.682048371,0 101.525958644,1.682084545,0 101.525961093,1.68212072,0 101.52597763,1.682174981,0 101.526015965,1.68224733,0 101.526035472,1.682265418,0 101.526067773,1.682280896,0 101.526103722,1.68228205,0 101.52613967,1.682271532,0 101.526193593,1.682214774,0 101.526265489,1.682093077,0 101.526337386,1.682093077,0 101.526337386,1.682048371,0 101.52635536,1.682048371,0 101.52635536,1.681813237,0 101.526373334,1.681813237,0 101.526373334,1.68159619,0 101.526391309,1.68159619,0 101.526391309,1.681451492,0 101.526373334,1.681433405,0 101.526373334,1.681313882,0 101.526301438,1.681313882,0 101.526211567,1.681335636,0 101.526175618,1.681352775,0 101.526157644,1.681354047,0 101.52613967,1.681348918,0 101.526121696,1.681335621,0 101.5260906,1.681288707,0 101.526039758,1.681162096,0 101.525987204,1.68094505,0 101.525959928,1.680875666,0 101.525816135,1.680641021,0 101.525780186,1.680601204,0 101.525726264,1.680567423,0 101.525672341,1.680554312,0 101.525654367,1.680556339,0 101.525637632,1.680565218,0 101.525615851,1.680619479,0 101.525538547,1.680728003,0 101.525478764,1.680872701,0 101.525472398,1.680908875,0 101.52547967,1.680963137,0 101.525530586,1.681089747,0 101.52552528,1.681125922,0 101.525504747,1.681162096,0 101.525474625,1.681188763,0 101.525438677,1.681203949,0 101.525402728,1.681208356,0 101.525384754,1.681206234,0 101.525359537,1.681198271,0 101.525333794,1.681180184,0 101.52523726,1.681053573,0 101.525097167,1.680940576,0 101.524922912,1.680764177,0 101.524841691,1.680673741,0 101.52478316,1.680619479,0 101.524755658,1.680598599,0 101.524557941,1.680481421,0 101.524504019,1.680441957,0 101.524420797,1.680366258,0 101.524270354,1.680201406,0 101.524234406,1.680168829,0 101.524198458,1.6801525,0 101.524180483,1.680149929,0 
					</coordinates>
				</LinearRing>
			</outerBoundaryIs>
			<innerBoundaryIs>
				<LinearRing>
					<coordinates>
						101.522095478,1.684423451,0 101.522131426,1.684430459,0 101.522163655,1.684453973,0 101.522181629,1.68447206,0 101.522197125,1.684508235,0 101.522197332,1.684526322,0 101.522185349,1.684548664,0 101.522159136,1.684580583,0 101.522131426,1.684598671,0 101.522095478,1.684595569,0 101.522077503,1.684585105,0 101.522058062,1.684562496,0 101.522041555,1.684520895,0 101.522038735,1.684490147,0 101.522045442,1.684453973,0 101.522059529,1.684434593,0 101.522095478,1.684423451,0 
					</coordinates>
				</LinearRing>
				<LinearRing>
					<coordinates>
						101.525600444,1.681558419,0 101.525624036,1.681578103,0 101.525631434,1.68159619,0 101.525629331,1.681614277,0 101.525600444,1.681635379,0 101.52558185,1.681632364,0 101.525572121,1.681614277,0 101.525572121,1.681578103,0 101.52558247,1.681560016,0 101.525600444,1.681558419,0 
					</coordinates>
				</LinearRing>
				<LinearRing>
					<coordinates>
						101.524953374,1.681250362,0 101.524989322,1.681252948,0 101.52502527,1.681270231,0 101.525093702,1.681324882,0 101.525132834,1.68139723,0 101.525130402,1.681415318,0 101.525102983,1.681433405,0 101.525079193,1.681440575,0 101.525007296,1.681446369,0 101.524953374,1.681441583,0 101.524917425,1.681433708,0 101.524881477,1.681410952,0 101.524870416,1.681361056,0 101.524899451,1.681294272,0 101.524935399,1.681256522,0 101.524953374,1.681250362,0 
					</coordinates>
				</LinearRing>
				<LinearRing>
					<coordinates>
						101.524234406,1.680445563,0 101.52425238,1.680448473,0 101.524265112,1.680474782,0 101.52425238,1.680484701,0 101.524234406,1.680478955,0 101.524225129,1.680456694,0 101.524234406,1.680445563,0 
					</coordinates>
				</LinearRing>
			</innerBoundaryIs>
		</Polygon>
	</Placemark>
	<Placemark>
		<name>26-28m</name>
		<styleUrl>#style.#FF0066FF..0.255</styleUrl>
		<Polygon>
			<tessellate>1</tessellate>
			<outerBoundaryIs>
				<LinearRing>
					<coordinates>
						101.528907695,1.696040653,0 101.528853772,1.696043547,0 101.528817824,1.696047888,0 101.528781876,1.696059946,0 101.528763901,1.696091816,0 101.528745927,1.696098862,0 101.528727953,1.696098862,0 101.528709979,1.69610215,0 101.528745927,1.696138324,0 101.528763901,1.696156412,0 101.528781876,1.696174499,0 101.52879985,1.696174499,0 101.528835798,1.696210673,0 101.528853772,1.696228761,0 101.528871747,1.696246848,0 101.528907695,1.696283022,0 101.528925669,1.696283022,0 101.528943643,1.696301109,0 101.528961618,1.696319197,0 101.52901554,1.696373458,0 101.529033514,1.696391546,0 101.529051488,1.696391546,0 101.529069463,1.696409633,0 101.529105411,1.696445807,0 101.529123385,1.696463895,0 101.529141359,1.696481982,0 101.529159334,1.696500069,0 101.529177308,1.696518156,0 101.529195282,1.696518156,0 101.529213256,1.696536243,0 101.52923123,1.696554331,0 101.529249205,1.696572418,0 101.529267179,1.696572418,0 101.529303127,1.696608592,0 101.529321101,1.69662668,0 101.529339075,1.69662668,0 101.52935705,1.696644767,0 101.529392998,1.696680941,0 101.529410972,1.696680941,0 101.529428946,1.696699029,0 101.529446921,1.696717116,0 101.529464895,1.696735203,0 101.529482869,1.696735203,0 101.529518817,1.696771377,0 101.529536792,1.696789465,0 101.529554766,1.696789465,0 101.529608688,1.696843726,0 101.529626663,1.696843726,0 101.529644637,1.696861814,0 101.529680585,1.696897988,0 101.529698559,1.696897988,0 101.529716533,1.696916075,0 101.529734508,1.696934163,0 101.529770456,1.696970337,0 101.52978843,1.696970337,0 101.529806404,1.696988424,0 101.529824379,1.697006511,0 101.529842353,1.697006511,0 101.529860327,1.697024599,0 101.529896275,1.697060773,0 101.52991425,1.697060773,0 101.529932224,1.69707886,0 101.529950198,1.697096948,0 101.529968172,1.697115035,0 101.529986146,1.697115035,0 101.53000412,1.697133122,0 101.530022095,1.697151209,0 101.530040069,1.697169297,0 101.530058043,1.697169297,0 101.530093991,1.697205471,0 101.530111966,1.697223558,0 101.53012994,1.697223558,0 101.530147914,1.697241645,0 101.530165888,1.697259733,0 101.530183862,1.69727782,0 101.530201837,1.69727782,0 101.530237785,1.697313994,0 101.530255759,1.697332082,0 101.530273733,1.697332082,0 101.530291707,1.697350169,0 101.530309682,1.697368256,0 101.530327656,1.697386343,0 101.53034563,1.697386343,0 101.530327656,1.697368256,0 101.530331254,1.697350169,0 101.530333652,1.697332082,0 101.53031687,1.697295907,0 101.530258757,1.697205471,0 101.530219811,1.697182859,0 101.530186432,1.697133122,0 101.530174875,1.697096948,0 101.530156083,1.69695225,0 101.530141379,1.696897988,0 101.530111966,1.696846743,0 101.530058043,1.696794632,0 101.530026088,1.69675329,0 101.529997585,1.696662854,0 101.529968172,1.696606007,0 101.529939412,1.696572418,0 101.529860327,1.696503083,0 101.529752482,1.696373458,0 101.529714734,1.696337284,0 101.529608688,1.696258551,0 101.529500843,1.696189571,0 101.529069463,1.696061042,0 101.528961618,1.696044995,0 101.528907695,1.696040653,0 
					</coordinates>
				</LinearRing>
			</outerBoundaryIs>
		</Polygon>
	</Placemark>
	<Placemark>
		<name>26-28m</name>
		<styleUrl>#style.#FF0066FF..0.255</styleUrl>
		<Polygon>
			<tessellate>1</tessellate>
			<outerBoundaryIs>
				<LinearRing>
					<coordinates>
						101.522652677,1.680631013,0 101.522616729,1.680635084,0 101.522598755,1.680641823,0 101.52258368,1.680655654,0 101.522575311,1.680673741,0 101.522572414,1.680691828,0 101.522580781,1.680728003,0 101.522618976,1.680800352,0 101.522657774,1.680836526,0 101.522724574,1.680873487,0 101.522868368,1.680921833,0 101.522958239,1.680992981,0 101.523012161,1.681021167,0 101.523079562,1.681035486,0 101.523191903,1.681047759,0 101.523227852,1.681044529,0 101.523256612,1.681035486,0 101.523229351,1.680999311,0 101.523245826,1.680963137,0 101.523235042,1.68094505,0 101.523207426,1.680926962,0 101.52304811,1.680879936,0 101.523003724,1.680854613,0 101.52298753,1.680836526,0 101.522969023,1.680782265,0 101.522929187,1.680709916,0 101.522904316,1.680686089,0 101.522868368,1.680666725,0 101.522814445,1.680650765,0 101.522688626,1.680632885,0 101.522652677,1.680631013,0 
					</coordinates>
				</LinearRing>
			</outerBoundaryIs>
		</Polygon>
	</Placemark>
	<Placemark>
		<name>26-28m</name>
		<styleUrl>#style.#FF0066FF..0.255</styleUrl>
		<Polygon>
			<tessellate>1</tessellate>
			<outerBoundaryIs>
				<LinearRing>
					<coordinates>
						101.522994187,1.681460536,0 101.522982683,1.681469579,0 101.522974215,1.681487667,0 101.522976213,1.681514103,0 101.522994187,1.681531981,0 101.523012161,1.681531341,0 101.523023914,1.681523841,0 101.523026867,1.681487667,0 101.523012161,1.681463003,0 101.522994187,1.681460536,0 
					</coordinates>
				</LinearRing>
			</outerBoundaryIs>
		</Polygon>
	</Placemark>
	<Placemark>
		<name>28-30m</name>
		<styleUrl>#style.#FF0066FF..0.255</styleUrl>
		<Polygon>
			<tessellate>1</tessellate>
			<outerBoundaryIs>
				<LinearRing>
					<coordinates>
						101.525474625,1.677182905,0 101.525474625,1.677199184,0 101.525420702,1.677199184,0 101.525402728,1.677206033,0 101.525312857,1.677280674,0 101.525258935,1.677346172,0 101.525222986,1.677369097,0 101.52515109,1.677399734,0 101.525115141,1.677420983,0 101.525043245,1.677476726,0 101.524974909,1.67754465,0 101.52490087,1.677653173,0 101.524840263,1.677779784,0 101.524813596,1.677852133,0 101.524774105,1.677996831,0 101.524748364,1.678051092,0 101.524722123,1.678087267,0 101.524650711,1.678159616,0 101.524605081,1.67819579,0 101.524557941,1.678223136,0 101.52446807,1.678256885,0 101.524306303,1.678280766,0 101.524198458,1.678311327,0 101.52403669,1.678391092,0 101.523831271,1.678467099,0 101.523762584,1.678503273,0 101.523677206,1.678559741,0 101.523623284,1.678580699,0 101.523587335,1.678585796,0 101.523533413,1.678586132,0 101.523335697,1.678566687,0 101.523245826,1.678564094,0 101.522958239,1.678583826,0 101.52290162,1.678593709,0 101.522850394,1.67860813,0 101.522760523,1.678667428,0 101.522688626,1.67870004,0 101.522634703,1.678712807,0 101.522562807,1.678712784,0 101.522526858,1.67871709,0 101.52249091,1.678729364,0 101.522454961,1.678751068,0 101.52232668,1.678865018,0 101.522256625,1.678973541,0 101.522168813,1.679154414,0 101.522116061,1.679226762,0 101.521954873,1.67937146,0 101.52186339,1.679479984,0 101.521771942,1.679573373,0 101.521502329,1.679786713,0 101.521361435,1.679950252,0 101.521340562,1.67998775,0 101.521304613,1.680089926,0 101.521252541,1.680167299,0 101.521236436,1.680203473,0 101.521214742,1.680315424,0 101.521196768,1.680330084,0 101.521178794,1.680330084,0 101.521178794,1.680529043,0 101.521196768,1.68054713,0 101.521196768,1.680728003,0 101.521214742,1.68074609,0 101.521214742,1.68094505,0 101.521232717,1.680963137,0 101.521232717,1.681107835,0 101.521250691,1.681111563,0 101.521286639,1.681111563,0 101.521304613,1.681117542,0 101.5213668,1.681144009,0 101.521394878,1.681162096,0 101.521430433,1.68122529,0 101.521462621,1.681342969,0 101.521484355,1.681375092,0 101.521520304,1.681409381,0 101.521556252,1.681427068,0 101.521610175,1.68143729,0 101.521664097,1.681436322,0 101.521771942,1.681424222,0 101.521805439,1.681433405,0 101.521814427,1.681451492,0 101.521788702,1.681505754,0 101.521735994,1.681568456,0 101.521700046,1.681597542,0 101.521664097,1.681615324,0 101.521628149,1.681625419,0 101.521538278,1.681630012,0 101.521520304,1.681636705,0 101.521484355,1.681659575,0 101.521430433,1.681677491,0 101.521394484,1.681711173,0 101.52137651,1.681718645,0 101.521358536,1.681722801,0 101.521340562,1.681722801,0 101.521340562,1.681813237,0 101.521358536,1.681831324,0 101.521358536,1.681903673,0 101.52137651,1.681912808,0 101.521412459,1.681912808,0 101.521510164,1.681976022,0 101.5215922,1.682060475,0 101.521646123,1.682102809,0 101.521684137,1.68212072,0 101.521814193,1.682156894,0 101.521856036,1.682174981,0 101.521875084,1.682193069,0 101.521880512,1.682211156,0 101.52187639,1.682355854,0 101.521886286,1.682536726,0 101.521882713,1.682590988,0 101.521850121,1.682717598,0 101.521804822,1.682808035,0 101.521771942,1.68283311,0 101.521735994,1.68282371,0 101.521628149,1.682727647,0 101.521520304,1.682653407,0 101.521502329,1.682653407,0 101.521484355,1.682663337,0 101.521466381,1.682663337,0 101.521466381,1.682808035,0 101.521484355,1.682826122,0 101.521484355,1.683025081,0 101.521502329,1.683043169,0 101.521502329,1.683260215,0 101.521520304,1.683278303,0 101.521520304,1.683404913,0 101.521538278,1.683404913,0 101.521556252,1.683395547,0 101.521574226,1.683395547,0 101.521682071,1.683375577,0 101.521861813,1.68332962,0 101.521897762,1.683313318,0 101.52193371,1.683287983,0 101.521982885,1.683224041,0 101.522004682,1.683169779,0 101.522033077,1.683061256,0 101.522059043,1.682808035,0 101.52205412,1.682609075,0 101.522074921,1.682428203,0 101.522107324,1.682337767,0 101.522131426,1.682314809,0 101.5221494,1.682307258,0 101.522167374,1.682305126,0 101.522203323,1.682314961,0 101.522239271,1.682343795,0 101.522347116,1.682484047,0 101.522412273,1.682554813,0 101.522434344,1.682590988,0 101.522440523,1.682627162,0 101.522422953,1.682699511,0 101.522418618,1.682753773,0 101.522436987,1.682891072,0 101.522471177,1.682988907,0 101.52249091,1.683010825,0 101.522526858,1.683032586,0 101.522562807,1.683041836,0 101.522616729,1.683037619,0 101.522652677,1.683020825,0 101.522682207,1.682988907,0 101.522700462,1.682934645,0 101.522690231,1.68277186,0 101.522698897,1.682735686,0 101.522735635,1.682681424,0 101.522778497,1.682647188,0 101.522814445,1.68262771,0 101.522850394,1.682616208,0 101.522904316,1.682607546,0 101.522940265,1.682607431,0 101.522976213,1.682614243,0 101.523019976,1.68264525,0 101.523102032,1.68274315,0 101.523120006,1.682752625,0 101.523155955,1.682758814,0 101.523179171,1.682753773,0 101.523206533,1.682735686,0 101.523227579,1.682699511,0 101.523231703,1.682663337,0 101.523209877,1.682567733,0 101.523173929,1.682504662,0 101.523097174,1.682428203,0 101.522970222,1.682265418,0 101.522940265,1.682243311,0 101.522904316,1.682227479,0 101.522778497,1.682199646,0 101.522763361,1.682193069,0 101.522743746,1.682174981,0 101.522735701,1.682156894,0 101.522732745,1.68212072,0 101.522748346,1.682084545,0 101.522760523,1.682069936,0 101.522778497,1.682060074,0 101.522958239,1.682016834,0 101.522994187,1.682001725,0 101.523030135,1.681977379,0 101.523099553,1.681903673,0 101.523163235,1.681777062,0 101.523203979,1.681722801,0 101.523227852,1.681703624,0 101.523281774,1.681678091,0 101.523335697,1.681661566,0 101.523425568,1.681642472,0 101.523443542,1.681641408,0 101.523461516,1.681650452,0 101.523453269,1.681777062,0 101.523461108,1.681813237,0 101.523643255,1.682048371,0 101.5237355,1.682193069,0 101.523746406,1.682229243,0 101.523746034,1.682373941,0 101.52375809,1.682428203,0 101.523782213,1.682482464,0 101.523803026,1.682500552,0 101.523821,1.682501845,0 101.523838974,1.682491508,0 101.523856948,1.682456624,0 101.523869145,1.682392028,0 101.523852309,1.682301592,0 101.523855362,1.682193069,0 101.523889687,1.682084545,0 101.523898289,1.681867499,0 101.523934423,1.681722801,0 101.523930462,1.681650452,0 101.523910549,1.68159619,0 101.52388745,1.681578103,0 101.523838974,1.68156218,0 101.523785051,1.681560791,0 101.52369518,1.681568021,0 101.523659232,1.681572439,0 101.523533413,1.681603033,0 101.523515439,1.681604149,0 101.523497464,1.681599204,0 101.523498962,1.681578103,0 101.523551387,1.681490896,0 101.523561463,1.681451492,0 101.523544503,1.681361056,0 101.523546942,1.681288707,0 101.523522626,1.681144009,0 101.523533413,1.681134143,0 101.523605309,1.68115814,0 101.523659232,1.681180413,0 101.523785051,1.681244701,0 101.523920587,1.681288707,0 101.523963895,1.681306794,0 101.524001433,1.681342969,0 101.524013814,1.681379143,0 101.52403116,1.68139723,0 101.524054664,1.681415318,0 101.524090613,1.681432075,0 101.524144535,1.681447649,0 101.524288329,1.681470919,0 101.524414148,1.681496299,0 101.524504019,1.681508166,0 101.524539967,1.681504409,0 101.524575916,1.681491493,0 101.524603807,1.681469579,0 101.524629838,1.681434934,0 101.524664317,1.681342969,0 101.524662472,1.681306794,0 101.524651435,1.681288707,0 101.524611864,1.681260284,0 101.524521993,1.68121087,0 101.52448646,1.681180184,0 101.524463258,1.681144009,0 101.524442257,1.681089747,0 101.524454835,1.680981224,0 101.524426654,1.680854613,0 101.524405891,1.680800352,0 101.524364209,1.680728003,0 101.524342251,1.680708485,0 101.524306303,1.680688923,0 101.524144535,1.680637992,0 101.524103974,1.680619479,0 101.524074502,1.680601392,0 101.524056635,1.680583305,0 101.524035729,1.68054713,0 101.524023851,1.680510956,0 101.524021376,1.680474782,0 101.524031851,1.680402433,0 101.524104475,1.680203473,0 101.524126561,1.680171274,0 101.524144535,1.680157832,0 101.524180483,1.680149929,0 101.524198458,1.6801525,0 101.524234406,1.680168829,0 101.524270354,1.680201406,0 101.524420797,1.680366258,0 101.524504019,1.680441957,0 101.524557941,1.680481421,0 101.524755658,1.680598599,0 101.52478316,1.680619479,0 101.524841691,1.680673741,0 101.524922912,1.680764177,0 101.525097167,1.680940576,0 101.52523726,1.681053573,0 101.525333794,1.681180184,0 101.525359537,1.681198271,0 101.525384754,1.681206234,0 101.525402728,1.681208356,0 101.525438677,1.681203949,0 101.525474625,1.681188763,0 101.525504747,1.681162096,0 101.52552528,1.681125922,0 101.525530586,1.681089747,0 101.52547967,1.680963137,0 101.525472398,1.680908875,0 101.525478764,1.680872701,0 101.525538547,1.680728003,0 101.525615851,1.680619479,0 101.525637632,1.680565218,0 101.525654367,1.680556339,0 101.525672341,1.680554312,0 101.525726264,1.680567423,0 101.525780186,1.680601204,0 101.525816135,1.680641021,0 101.525959928,1.680875666,0 101.525987204,1.68094505,0 101.526039758,1.681162096,0 101.5260906,1.681288707,0 101.526121696,1.681335621,0 101.52613967,1.681348918,0 101.526157644,1.681354047,0 101.526175618,1.681352775,0 101.526211567,1.681335636,0 101.526301438,1.681313882,0 101.526373334,1.681313882,0 101.526373334,1.681216358,0 101.52635536,1.681198271,0 101.52635536,1.680963137,0 101.526337386,1.68094505,0 101.526337386,1.680908875,0 101.526319412,1.680890788,0 101.526319412,1.680836526,0 101.526301438,1.680818439,0 101.526301438,1.680764177,0 101.526283464,1.68074609,0 101.526283464,1.680709916,0 101.526265489,1.680691828,0 101.526265489,1.680637567,0 101.526247515,1.680619479,0 101.526247515,1.680565218,0 101.526229541,1.68054713,0 101.526229541,1.680492869,0 101.526211567,1.680474782,0 101.526211567,1.680438607,0 101.526193593,1.68042052,0 101.526193593,1.680366258,0 101.526175618,1.680348171,0 101.526175618,1.680293909,0 101.526157644,1.680275822,0 101.526157644,1.680239648,0 101.52613967,1.68022156,0 101.52613967,1.680167299,0 101.526121696,1.680149211,0 101.526121696,1.680097844,0 101.526049799,1.680097844,0 101.526047882,1.68009495,0 101.526049799,1.680091239,0 101.526085747,1.680091239,0 101.526103722,1.68009495,0 101.526103722,1.680064933,0 101.526031825,1.680064933,0 101.525959928,1.679934659,0 101.525909706,1.679859816,0 101.525876145,1.679787467,0 101.525825883,1.679642769,0 101.525745582,1.679353373,0 101.525690315,1.679267423,0 101.525636393,1.67922403,0 101.525528548,1.679186066,0 101.525457468,1.679118239,0 101.525420702,1.679094801,0 101.525348806,1.679070506,0 101.525205012,1.679035251,0 101.525169064,1.679021683,0 101.525133115,1.678998609,0 101.525087973,1.678955454,0 101.525044057,1.678901192,0 101.525007296,1.678834254,0 101.524950078,1.678756494,0 101.52489057,1.678647971,0 101.524893523,1.678611796,0 101.524932915,1.67852136,0 101.524974843,1.678340488,0 101.524997532,1.678304314,0 101.52502527,1.678285613,0 101.525043245,1.678280898,0 101.525079193,1.678285328,0 101.52515109,1.678306087,0 101.525238123,1.678340488,0 101.525354013,1.678449011,0 101.525406666,1.678485186,0 101.525446632,1.678503273,0 101.525492599,1.678510413,0 101.525600444,1.678482272,0 101.525636393,1.67846203,0 101.525690315,1.67846203,0 101.525708289,1.678467099,0 101.525708289,1.678412837,0 101.525690315,1.67839475,0 101.525690315,1.678322401,0 101.525672341,1.678304314,0 101.525672341,1.678213877,0 101.525654367,1.67819579,0 101.525654367,1.678105354,0 101.525636393,1.678087267,0 101.525636393,1.678014918,0 101.525618419,1.678012104,0 101.525564496,1.678012104,0 101.525561073,1.678033005,0 101.525546522,1.678046373,0 101.525492599,1.678029387,0 101.525456651,1.67800525,0 101.525420702,1.678009559,0 101.525392358,1.677996831,0 101.525294883,1.677935992,0 101.525222986,1.677904644,0 101.525200173,1.677888307,0 101.525194576,1.67787022,0 101.525228517,1.677834045,0 101.525286766,1.677797871,0 101.525348806,1.677768731,0 101.52536678,1.677768449,0 101.525384754,1.677773679,0 101.525438677,1.67781511,0 101.525492599,1.677835819,0 101.52551111,1.677852133,0 101.525528548,1.677884431,0 101.52558247,1.677884431,0 101.525600444,1.677888307,0 101.525600444,1.677815958,0 101.52558247,1.677797871,0 101.52558247,1.677707435,0 101.525564496,1.677689348,0 101.525564496,1.677598911,0 101.525546522,1.677580824,0 101.525546522,1.677508475,0 101.525528548,1.677490388,0 101.525528548,1.677399952,0 101.525510573,1.677381865,0 101.525510573,1.677309516,0 101.525492599,1.677291428,0 101.525492599,1.677200992,0 101.525474625,1.677182905,0 
					</coordinates>
				</LinearRing>
			</outerBoundaryIs>
			<innerBoundaryIs>
				<LinearRing>
					<coordinates>
						101.522324008,1.681668539,0 101.52236509,1.681674208,0 101.522401039,1.681689866,0 101.522436987,1.681717514,0 101.522472936,1.681763316,0 101.522493765,1.681813237,0 101.522481001,1.681831324,0 101.522436987,1.681847626,0 101.522401039,1.681850296,0 101.52236509,1.681845418,0 101.522331299,1.681831324,0 101.522312134,1.68179515,0 101.522293194,1.681709647,0 101.522293194,1.681685872,0 101.522311168,1.681670983,0 101.522324008,1.681668539,0 
					</coordinates>
				</LinearRing>
				<LinearRing>
					<coordinates>
						101.522670652,1.681379987,0 101.522726547,1.68139723,0 101.522752026,1.681415318,0 101.522764953,1.681433405,0 101.522742548,1.681489058,0 101.5227066,1.681525876,0 101.522670652,1.681533305,0 101.522634703,1.681520661,0 101.522596332,1.681487667,0 101.522548906,1.681433405,0 101.522562807,1.681406858,0 101.522580781,1.681394252,0 101.522616729,1.681380663,0 101.522670652,1.681379987,0 
					</coordinates>
				</LinearRing>
				<LinearRing>
					<coordinates>
						101.522994187,1.681460536,0 101.523012161,1.681463003,0 101.523026867,1.681487667,0 101.523023914,1.681523841,0 101.523012161,1.681531341,0 101.522994187,1.681531981,0 101.522976213,1.681514103,0 101.522974215,1.681487667,0 101.522982683,1.681469579,0 101.522994187,1.681460536,0 
					</coordinates>
				</LinearRing>
				<LinearRing>
					<coordinates>
						101.521682071,1.680364155,0 101.521700046,1.680368952,0 101.521771942,1.680408123,0 101.521915736,1.680449738,0 101.521987633,1.680486492,0 101.522059529,1.680555462,0 101.522146833,1.680691828,0 101.522178377,1.680728003,0 101.522221297,1.680762703,0 101.522329142,1.680815698,0 101.52236509,1.680843761,0 101.522539816,1.681053573,0 101.522550057,1.681089747,0 101.522540494,1.681125922,0 101.52251828,1.681162096,0 101.522471553,1.681216358,0 101.52244457,1.68127062,0 101.522419013,1.681294627,0 101.522401039,1.681304095,0 101.52236509,1.681311605,0 101.522293194,1.681310029,0 101.522185349,1.681287966,0 101.522064022,1.68127062,0 101.522012347,1.681252533,0 101.521998146,1.681234445,0 101.521970324,1.681162096,0 101.521884556,1.681017399,0 101.521831077,1.68094505,0 101.521771942,1.680883101,0 101.521649222,1.680800352,0 101.521606056,1.680764177,0 101.521574931,1.680728003,0 101.521531777,1.680655654,0 101.521521337,1.680619479,0 101.521532214,1.68054713,0 101.521592842,1.68042052,0 101.521622,1.680384345,0 101.521646123,1.680369404,0 101.521682071,1.680364155,0 
					</coordinates>
				</LinearRing>
				<LinearRing>
					<coordinates>
						101.523335697,1.681064045,0 101.523443542,1.681064124,0 101.523461516,1.68106705,0 101.52347949,1.681072209,0 101.523511353,1.681089747,0 101.523518135,1.681107835,0 101.523515439,1.681129543,0 101.52347949,1.681122086,0 101.523361968,1.681107835,0 101.523317722,1.681090752,0 101.523310017,1.68107166,0 101.523335697,1.681064045,0 
					</coordinates>
				</LinearRing>
				<LinearRing>
					<coordinates>
						101.524198458,1.68080255,0 101.524234406,1.680812178,0 101.524270354,1.680834479,0 101.524289356,1.680854613,0 101.524306303,1.680890788,0 101.524314606,1.68094505,0 101.524306303,1.681006245,0 101.524288329,1.681048174,0 101.52425238,1.681103062,0 101.524234406,1.681114005,0 101.524216432,1.681118033,0 101.524180483,1.681112314,0 101.523990336,1.681017399,0 101.523964793,1.680999311,0 101.523916732,1.68094505,0 101.523914295,1.680908875,0 101.523935835,1.680872701,0 101.523964793,1.680854362,0 101.52401358,1.680836526,0 101.524162509,1.680802756,0 101.524198458,1.68080255,0 
					</coordinates>
				</LinearRing>
				<LinearRing>
					<coordinates>
						101.522652677,1.680631013,0 101.522688626,1.680632885,0 101.522814445,1.680650765,0 101.522868368,1.680666725,0 101.522904316,1.680686089,0 101.522929187,1.680709916,0 101.522969023,1.680782265,0 101.52298753,1.680836526,0 101.523003724,1.680854613,0 101.52304811,1.680879936,0 101.523207426,1.680926962,0 101.523235042,1.68094505,0 101.523245826,1.680963137,0 101.523229351,1.680999311,0 101.523256612,1.681035486,0 101.523227852,1.681044529,0 101.523191903,1.681047759,0 101.523079562,1.681035486,0 101.523012161,1.681021167,0 101.522958239,1.680992981,0 101.522868368,1.680921833,0 101.522724574,1.680873487,0 101.522657774,1.680836526,0 101.522618976,1.680800352,0 101.522580781,1.680728003,0 101.522572414,1.680691828,0 101.522575311,1.680673741,0 101.52258368,1.680655654,0 101.522598755,1.680641823,0 101.522616729,1.680635084,0 101.522652677,1.680631013,0 
					</coordinates>
				</LinearRing>
				<LinearRing>
					<coordinates>
						101.523227852,1.680425269,0 101.523281774,1.680429511,0 101.523309647,1.680438607,0 101.523333257,1.680456694,0 101.523346839,1.680492869,0 101.523348807,1.680619479,0 101.523335697,1.680647142,0 101.523317722,1.680657161,0 101.523281774,1.680661145,0 101.523245826,1.680656767,0 101.523209877,1.680644601,0 101.523151024,1.680601392,0 101.523116523,1.68054713,0 101.523103614,1.680510956,0 101.523108174,1.680492869,0 101.523132352,1.680456694,0 101.523155955,1.68044147,0 101.523191903,1.680429779,0 101.523227852,1.680425269,0 
					</coordinates>
				</LinearRing>
				<LinearRing>
					<coordinates>
						101.522203323,1.680376124,0 101.522239271,1.680383281,0 101.52227522,1.680416194,0 101.522306399,1.680474782,0 101.522319156,1.680529043,0 101.522311168,1.680560194,0 101.522293194,1.680560833,0 101.522257245,1.680535072,0 101.522203323,1.680443275,0 101.522189842,1.680402433,0 101.522192538,1.680384345,0 101.522203323,1.680376124,0 
					</coordinates>
				</LinearRing>
				<LinearRing>
					<coordinates>
						101.524899451,1.67911365,0 101.524989322,1.679127491,0 101.525041227,1.679154414,0 101.525077088,1.679190588,0 101.525122082,1.679262937,0 101.525191052,1.679335286,0 101.525407849,1.679534245,0 101.525474625,1.679586661,0 101.52558247,1.679647404,0 101.525636393,1.679686258,0 101.52567357,1.679733205,0 101.525870057,1.679890202,0 101.525950012,1.680058775,0 101.526018615,1.680257735,0 101.526047076,1.680384345,0 101.526031825,1.680423808,0 101.525977902,1.680435442,0 101.525941954,1.680427476,0 101.52592398,1.680418711,0 101.525870057,1.680375749,0 101.525744238,1.680250733,0 101.525608408,1.680149211,0 101.525474625,1.680034596,0 101.525420702,1.68000011,0 101.525258935,1.679937759,0 101.525205012,1.679906339,0 101.525133115,1.679833037,0 101.525021751,1.679678943,0 101.524947281,1.679606594,0 101.524879423,1.679552333,0 101.52480958,1.679516846,0 101.524629838,1.679470877,0 101.524567665,1.679443809,0 101.524403363,1.679317199,0 101.524374205,1.679281024,0 101.52437273,1.679262937,0 101.524386758,1.67924485,0 101.524498027,1.679190588,0 101.52459389,1.679158866,0 101.524701735,1.679132747,0 101.524827554,1.67911495,0 101.524899451,1.67911365,0 
					</coordinates>
				</LinearRing>
				<LinearRing>
					<coordinates>
						101.52249091,1.680137325,0 101.522508884,1.680138523,0 101.522544832,1.680153467,0 101.522598755,1.680194631,0 101.522634703,1.680214178,0 101.522688626,1.680220783,0 101.522814445,1.68021945,0 101.522868368,1.680227188,0 101.522904316,1.680237602,0 101.522937114,1.680257735,0 101.522954244,1.680275822,0 101.522954826,1.680348171,0 101.522943651,1.680366258,0 101.52292229,1.680381919,0 101.522886342,1.680392921,0 101.522850394,1.680395053,0 101.522814445,1.680391076,0 101.522778497,1.680380522,0 101.522645563,1.680311996,0 101.522598755,1.680274981,0 101.522519986,1.680239648,0 101.522474355,1.680203473,0 101.522464947,1.680185386,0 101.522463002,1.680167299,0 101.522472936,1.680144043,0 101.52249091,1.680137325,0 
					</coordinates>
				</LinearRing>
				<LinearRing>
					<coordinates>
						101.523821,1.680148691,0 101.523856948,1.680155472,0 101.523879365,1.680167299,0 101.523897708,1.680185386,0 101.523904613,1.680203473,0 101.523904519,1.680239648,0 101.523884614,1.680293909,0 101.523856948,1.680323301,0 101.523821,1.680332994,0 101.523785051,1.680317341,0 101.523763515,1.680293909,0 101.523728269,1.68022156,0 101.523734125,1.680185386,0 101.523767077,1.680158879,0 101.523821,1.680148691,0 
					</coordinates>
				</LinearRing>
				<LinearRing>
					<coordinates>
						101.524755658,1.6802346,0 101.524791606,1.680241518,0 101.524826806,1.680257735,0 101.52480958,1.680285124,0 101.524791606,1.680294933,0 101.524773632,1.680296362,0 101.524737683,1.680285801,0 101.524690719,1.680257735,0 101.524720609,1.680239648,0 101.524737683,1.680235185,0 101.524755658,1.6802346,0 
					</coordinates>
				</LinearRing>
				<LinearRing>
					<coordinates>
						101.524827554,1.679817397,0 101.524850732,1.679823641,0 101.52488044,1.679841728,0 101.524903525,1.679877903,0 101.524917425,1.679954776,0 101.524935399,1.679964722,0 101.524953374,1.679964917,0 101.524989322,1.679976131,0 101.525049688,1.680004513,0 101.525105292,1.680040688,0 101.525160704,1.68009495,0 101.525189647,1.680149211,0 101.525184734,1.680167299,0 101.525169064,1.680182672,0 101.52515109,1.68018998,0 101.525115141,1.680191574,0 101.525079193,1.680179357,0 101.525043245,1.68015524,0 101.524999508,1.680113037,0 101.524958509,1.680058775,0 101.524935066,1.680040688,0 101.524899451,1.679968339,0 101.524827554,1.679929351,0 101.524791606,1.679887869,0 101.524775951,1.679859816,0 101.52477696,1.679841728,0 101.524791606,1.679823093,0 101.524827554,1.679817397,0 
					</coordinates>
				</LinearRing>
				<LinearRing>
					<coordinates>
						101.52446807,1.679869314,0 101.524504019,1.679875724,0 101.524539967,1.679895362,0 101.524565402,1.679932165,0 101.524582162,1.680040688,0 101.524598096,1.68009495,0 101.52459389,1.680141172,0 101.524575916,1.680173629,0 101.524557941,1.680180782,0 101.524521993,1.68017623,0 101.524450096,1.680138457,0 101.5243782,1.680068918,0 101.524359776,1.680040688,0 101.524339216,1.679986426,0 101.52433453,1.679950252,0 101.524342251,1.679923686,0 101.524365476,1.67989599,0 101.524396174,1.6798797,0 101.524432122,1.679870999,0 101.52446807,1.679869314,0 
					</coordinates>
				</LinearRing>
			</innerBoundaryIs>
		</Polygon>
	</Placemark>
	<Placemark>
		<name>28-30m</name>
		<styleUrl>#style.#FF0066FF..0.255</styleUrl>
		<Polygon>
			<tessellate>1</tessellate>
			<outerBoundaryIs>
				<LinearRing>
					<coordinates>
						101.525600444,1.681558419,0 101.52558247,1.681560016,0 101.525572121,1.681578103,0 101.525572121,1.681614277,0 101.52558185,1.681632364,0 101.525600444,1.681635379,0 101.525629331,1.681614277,0 101.525631434,1.68159619,0 101.525624036,1.681578103,0 101.525600444,1.681558419,0 
					</coordinates>
				</LinearRing>
			</outerBoundaryIs>
		</Polygon>
	</Placemark>
	<Placemark>
		<name>28-30m</name>
		<styleUrl>#style.#FF0066FF..0.255</styleUrl>
		<Polygon>
			<tessellate>1</tessellate>
			<outerBoundaryIs>
				<LinearRing>
					<coordinates>
						101.52558247,1.677890179,0 101.525546522,1.677890179,0 101.525535261,1.677906394,0 101.525546522,1.677935463,0 101.525618419,1.677935463,0 101.525618419,1.677906394,0 101.525600444,1.677906394,0 101.52558247,1.677890179,0 
					</coordinates>
				</LinearRing>
			</outerBoundaryIs>
		</Polygon>
	</Placemark>
	<Placemark>
		<name>30-32m</name>
		<styleUrl>#style.#FF0033FF..0.255</styleUrl>
		<Polygon>
			<tessellate>1</tessellate>
			<outerBoundaryIs>
				<LinearRing>
					<coordinates>
						101.521232717,1.681107835,0 101.521232717,1.681162096,0 101.521250691,1.681180184,0 101.521250691,1.68127062,0 101.521268665,1.681288707,0 101.521268665,1.681379143,0 101.521286639,1.68139723,0 101.521286639,1.681487667,0 101.521304613,1.681505754,0 101.521304613,1.68159619,0 101.521322588,1.681614277,0 101.521322588,1.681704713,0 101.521340562,1.681722801,0 101.521358536,1.681722801,0 101.52137651,1.681718645,0 101.521394484,1.681711173,0 101.521430433,1.681677491,0 101.521484355,1.681659575,0 101.521520304,1.681636705,0 101.521538278,1.681630012,0 101.521628149,1.681625419,0 101.521664097,1.681615324,0 101.521700046,1.681597542,0 101.521735994,1.681568456,0 101.521788702,1.681505754,0 101.521814427,1.681451492,0 101.521805439,1.681433405,0 101.521771942,1.681424222,0 101.521664097,1.681436322,0 101.521610175,1.68143729,0 101.521556252,1.681427068,0 101.521520304,1.681409381,0 101.521484355,1.681375092,0 101.521462621,1.681342969,0 101.521430433,1.68122529,0 101.521394878,1.681162096,0 101.5213668,1.681144009,0 101.521304613,1.681117542,0 101.521286639,1.681111563,0 101.521250691,1.681111563,0 101.521232717,1.681107835,0 
					</coordinates>
				</LinearRing>
			</outerBoundaryIs>
		</Polygon>
	</Placemark>
	<Placemark>
		<name>30-32m</name>
		<styleUrl>#style.#FF0033FF..0.255</styleUrl>
		<Polygon>
			<tessellate>1</tessellate>
			<outerBoundaryIs>
				<LinearRing>
					<coordinates>
						101.52446807,1.679869314,0 101.524432122,1.679870999,0 101.524396174,1.6798797,0 101.524365476,1.67989599,0 101.524342251,1.679923686,0 101.52433453,1.679950252,0 101.524339216,1.679986426,0 101.524359776,1.680040688,0 101.5243782,1.680068918,0 101.524450096,1.680138457,0 101.524521993,1.68017623,0 101.524557941,1.680180782,0 101.524575916,1.680173629,0 101.52459389,1.680141172,0 101.524598096,1.68009495,0 101.524582162,1.680040688,0 101.524565402,1.679932165,0 101.524539967,1.679895362,0 101.524504019,1.679875724,0 101.52446807,1.679869314,0 
					</coordinates>
				</LinearRing>
			</outerBoundaryIs>
		</Polygon>
	</Placemark>
	<Placemark>
		<name>30-32m</name>
		<styleUrl>#style.#FF0033FF..0.255</styleUrl>
		<Polygon>
			<tessellate>1</tessellate>
			<outerBoundaryIs>
				<LinearRing>
					<coordinates>
						101.52249091,1.680137325,0 101.522472936,1.680144043,0 101.522463002,1.680167299,0 101.522464947,1.680185386,0 101.522474355,1.680203473,0 101.522519986,1.680239648,0 101.522598755,1.680274981,0 101.522645563,1.680311996,0 101.522778497,1.680380522,0 101.522814445,1.680391076,0 101.522850394,1.680395053,0 101.522886342,1.680392921,0 101.52292229,1.680381919,0 101.522943651,1.680366258,0 101.522954826,1.680348171,0 101.522954244,1.680275822,0 101.522937114,1.680257735,0 101.522904316,1.680237602,0 101.522868368,1.680227188,0 101.522814445,1.68021945,0 101.522688626,1.680220783,0 101.522634703,1.680214178,0 101.522598755,1.680194631,0 101.522544832,1.680153467,0 101.522508884,1.680138523,0 101.52249091,1.680137325,0 
					</coordinates>
				</LinearRing>
			</outerBoundaryIs>
		</Polygon>
	</Placemark>
	<Placemark>
		<name>30-32m</name>
		<styleUrl>#style.#FF0033FF..0.255</styleUrl>
		<Polygon>
			<tessellate>1</tessellate>
			<outerBoundaryIs>
				<LinearRing>
					<coordinates>
						101.522670652,1.681379987,0 101.522616729,1.681380663,0 101.522580781,1.681394252,0 101.522562807,1.681406858,0 101.522548906,1.681433405,0 101.522596332,1.681487667,0 101.522634703,1.681520661,0 101.522670652,1.681533305,0 101.5227066,1.681525876,0 101.522742548,1.681489058,0 101.522764953,1.681433405,0 101.522752026,1.681415318,0 101.522726547,1.68139723,0 101.522670652,1.681379987,0 
					</coordinates>
				</LinearRing>
			</outerBoundaryIs>
		</Polygon>
	</Placemark>
	<Placemark>
		<name>30-32m</name>
		<styleUrl>#style.#FF0033FF..0.255</styleUrl>
		<Polygon>
			<tessellate>1</tessellate>
			<outerBoundaryIs>
				<LinearRing>
					<coordinates>
						101.521358536,1.681903673,0 101.521358536,1.68192176,0 101.52137651,1.681939847,0 101.52137651,1.682030284,0 101.521394484,1.682048371,0 101.521394484,1.682138807,0 101.521412459,1.682156894,0 101.521412459,1.68224733,0 101.521430433,1.682265418,0 101.521430433,1.682355854,0 101.521448407,1.682373941,0 101.521448407,1.682572901,0 101.521466381,1.682590988,0 101.521466381,1.682663337,0 101.521484355,1.682663337,0 101.521502329,1.682653407,0 101.521520304,1.682653407,0 101.521628149,1.682727647,0 101.521735994,1.68282371,0 101.521771942,1.68283311,0 101.521804822,1.682808035,0 101.521850121,1.682717598,0 101.521882713,1.682590988,0 101.521886286,1.682536726,0 101.52187639,1.682355854,0 101.521880512,1.682211156,0 101.521875084,1.682193069,0 101.521856036,1.682174981,0 101.521814193,1.682156894,0 101.521684137,1.68212072,0 101.521646123,1.682102809,0 101.5215922,1.682060475,0 101.521510164,1.681976022,0 101.521412459,1.681912808,0 101.52137651,1.681912808,0 101.521358536,1.681903673,0 
					</coordinates>
				</LinearRing>
			</outerBoundaryIs>
		</Polygon>
	</Placemark>
	<Placemark>
		<name>30-32m</name>
		<styleUrl>#style.#FF0033FF..0.255</styleUrl>
		<Polygon>
			<tessellate>1</tessellate>
			<outerBoundaryIs>
				<LinearRing>
					<coordinates>
						101.524198458,1.68080255,0 101.524162509,1.680802756,0 101.52401358,1.680836526,0 101.523964793,1.680854362,0 101.523935835,1.680872701,0 101.523914295,1.680908875,0 101.523916732,1.68094505,0 101.523964793,1.680999311,0 101.523990336,1.681017399,0 101.524180483,1.681112314,0 101.524216432,1.681118033,0 101.524234406,1.681114005,0 101.52425238,1.681103062,0 101.524288329,1.681048174,0 101.524306303,1.681006245,0 101.524314606,1.68094505,0 101.524306303,1.680890788,0 101.524289356,1.680854613,0 101.524270354,1.680834479,0 101.524234406,1.680812178,0 101.524198458,1.68080255,0 
					</coordinates>
				</LinearRing>
			</outerBoundaryIs>
		</Polygon>
	</Placemark>
	<Placemark>
		<name>30-32m</name>
		<styleUrl>#style.#FF0033FF..0.255</styleUrl>
		<Polygon>
			<tessellate>1</tessellate>
			<outerBoundaryIs>
				<LinearRing>
					<coordinates>
						101.523227852,1.680425269,0 101.523191903,1.680429779,0 101.523155955,1.68044147,0 101.523132352,1.680456694,0 101.523108174,1.680492869,0 101.523103614,1.680510956,0 101.523116523,1.68054713,0 101.523151024,1.680601392,0 101.523209877,1.680644601,0 101.523245826,1.680656767,0 101.523281774,1.680661145,0 101.523317722,1.680657161,0 101.523335697,1.680647142,0 101.523348807,1.680619479,0 101.523346839,1.680492869,0 101.523333257,1.680456694,0 101.523309647,1.680438607,0 101.523281774,1.680429511,0 101.523227852,1.680425269,0 
					</coordinates>
				</LinearRing>
			</outerBoundaryIs>
		</Polygon>
	</Placemark>
	<Placemark>
		<name>30-32m</name>
		<styleUrl>#style.#FF0033FF..0.255</styleUrl>
		<Polygon>
			<tessellate>1</tessellate>
			<outerBoundaryIs>
				<LinearRing>
					<coordinates>
						101.52536678,1.677768449,0 101.525348806,1.677768731,0 101.525286766,1.677797871,0 101.525228517,1.677834045,0 101.525194576,1.67787022,0 101.525200173,1.677888307,0 101.525222986,1.677904644,0 101.525294883,1.677935992,0 101.525392358,1.677996831,0 101.525420702,1.678009559,0 101.525456651,1.67800525,0 101.525492599,1.678029387,0 101.525546522,1.678046373,0 101.525561073,1.678033005,0 101.525564496,1.678012104,0 101.525618419,1.678012104,0 101.525636393,1.678014918,0 101.525618419,1.677996831,0 101.525618419,1.677935463,0 101.525546522,1.677935463,0 101.525535261,1.677906394,0 101.525546522,1.677890179,0 101.52558247,1.677890179,0 101.525600444,1.677906394,0 101.525618419,1.677906394,0 101.525600444,1.677888307,0 101.52558247,1.677884431,0 101.525528548,1.677884431,0 101.52551111,1.677852133,0 101.525492599,1.677835819,0 101.525438677,1.67781511,0 101.525384754,1.677773679,0 101.52536678,1.677768449,0 
					</coordinates>
				</LinearRing>
			</outerBoundaryIs>
		</Polygon>
	</Placemark>
	<Placemark>
		<name>30-32m</name>
		<styleUrl>#style.#FF0033FF..0.255</styleUrl>
		<Polygon>
			<tessellate>1</tessellate>
			<outerBoundaryIs>
				<LinearRing>
					<coordinates>
						101.526103722,1.680076862,0 101.526103722,1.68009495,0 101.526085747,1.680091239,0 101.526049799,1.680091239,0 101.526047882,1.68009495,0 101.526049799,1.680097844,0 101.526121696,1.680097844,0 101.526121696,1.68009495,0 101.526103722,1.680076862,0 
					</coordinates>
				</LinearRing>
			</outerBoundaryIs>
		</Polygon>
	</Placemark>
	<Placemark>
		<name>30-32m</name>
		<styleUrl>#style.#FF0033FF..0.255</styleUrl>
		<Polygon>
			<tessellate>1</tessellate>
			<outerBoundaryIs>
				<LinearRing>
					<coordinates>
						101.521682071,1.680364155,0 101.521646123,1.680369404,0 101.521622,1.680384345,0 101.521592842,1.68042052,0 101.521532214,1.68054713,0 101.521521337,1.680619479,0 101.521531777,1.680655654,0 101.521574931,1.680728003,0 101.521606056,1.680764177,0 101.521649222,1.680800352,0 101.521771942,1.680883101,0 101.521831077,1.68094505,0 101.521884556,1.681017399,0 101.521970324,1.681162096,0 101.521998146,1.681234445,0 101.522012347,1.681252533,0 101.522064022,1.68127062,0 101.522185349,1.681287966,0 101.522293194,1.681310029,0 101.52236509,1.681311605,0 101.522401039,1.681304095,0 101.522419013,1.681294627,0 101.52244457,1.68127062,0 101.522471553,1.681216358,0 101.52251828,1.681162096,0 101.522540494,1.681125922,0 101.522550057,1.681089747,0 101.522539816,1.681053573,0 101.52236509,1.680843761,0 101.522329142,1.680815698,0 101.522221297,1.680762703,0 101.522178377,1.680728003,0 101.522146833,1.680691828,0 101.522059529,1.680555462,0 101.521987633,1.680486492,0 101.521915736,1.680449738,0 101.521771942,1.680408123,0 101.521700046,1.680368952,0 101.521682071,1.680364155,0 
					</coordinates>
				</LinearRing>
			</outerBoundaryIs>
		</Polygon>
	</Placemark>
	<Placemark>
		<name>30-32m</name>
		<styleUrl>#style.#FF0033FF..0.255</styleUrl>
		<Polygon>
			<tessellate>1</tessellate>
			<outerBoundaryIs>
				<LinearRing>
					<coordinates>
						101.524899451,1.67911365,0 101.524827554,1.67911495,0 101.524701735,1.679132747,0 101.52459389,1.679158866,0 101.524498027,1.679190588,0 101.524386758,1.67924485,0 101.52437273,1.679262937,0 101.524374205,1.679281024,0 101.524403363,1.679317199,0 101.524567665,1.679443809,0 101.524629838,1.679470877,0 101.52480958,1.679516846,0 101.524879423,1.679552333,0 101.524947281,1.679606594,0 101.525021751,1.679678943,0 101.525133115,1.679833037,0 101.525205012,1.679906339,0 101.525258935,1.679937759,0 101.525420702,1.68000011,0 101.525474625,1.680034596,0 101.525608408,1.680149211,0 101.525744238,1.680250733,0 101.525870057,1.680375749,0 101.52592398,1.680418711,0 101.525941954,1.680427476,0 101.525977902,1.680435442,0 101.526031825,1.680423808,0 101.526047076,1.680384345,0 101.526018615,1.680257735,0 101.525950012,1.680058775,0 101.525870057,1.679890202,0 101.52567357,1.679733205,0 101.525636393,1.679686258,0 101.52558247,1.679647404,0 101.525474625,1.679586661,0 101.525407849,1.679534245,0 101.525191052,1.679335286,0 101.525122082,1.679262937,0 101.525077088,1.679190588,0 101.525041227,1.679154414,0 101.524989322,1.679127491,0 101.524899451,1.67911365,0 
					</coordinates>
				</LinearRing>
			</outerBoundaryIs>
		</Polygon>
	</Placemark>
	<Placemark>
		<name>30-32m</name>
		<styleUrl>#style.#FF0033FF..0.255</styleUrl>
		<Polygon>
			<tessellate>1</tessellate>
			<outerBoundaryIs>
				<LinearRing>
					<coordinates>
						101.524755658,1.6802346,0 101.524737683,1.680235185,0 101.524720609,1.680239648,0 101.524690719,1.680257735,0 101.524737683,1.680285801,0 101.524773632,1.680296362,0 101.524791606,1.680294933,0 101.52480958,1.680285124,0 101.524826806,1.680257735,0 101.524791606,1.680241518,0 101.524755658,1.6802346,0 
					</coordinates>
				</LinearRing>
			</outerBoundaryIs>
		</Polygon>
	</Placemark>
	<Placemark>
		<name>30-32m</name>
		<styleUrl>#style.#FF0033FF..0.255</styleUrl>
		<Polygon>
			<tessellate>1</tessellate>
			<outerBoundaryIs>
				<LinearRing>
					<coordinates>
						101.523821,1.680148691,0 101.523767077,1.680158879,0 101.523734125,1.680185386,0 101.523728269,1.68022156,0 101.523763515,1.680293909,0 101.523785051,1.680317341,0 101.523821,1.680332994,0 101.523856948,1.680323301,0 101.523884614,1.680293909,0 101.523904519,1.680239648,0 101.523904613,1.680203473,0 101.523897708,1.680185386,0 101.523879365,1.680167299,0 101.523856948,1.680155472,0 101.523821,1.680148691,0 
					</coordinates>
				</LinearRing>
			</outerBoundaryIs>
		</Polygon>
	</Placemark>
	<Placemark>
		<name>30-32m</name>
		<styleUrl>#style.#FF0033FF..0.255</styleUrl>
		<Polygon>
			<tessellate>1</tessellate>
			<outerBoundaryIs>
				<LinearRing>
					<coordinates>
						101.525043245,1.678280898,0 101.52502527,1.678285613,0 101.524997532,1.678304314,0 101.524974843,1.678340488,0 101.524932915,1.67852136,0 101.524893523,1.678611796,0 101.52489057,1.678647971,0 101.524950078,1.678756494,0 101.525007296,1.678834254,0 101.525044057,1.678901192,0 101.525087973,1.678955454,0 101.525133115,1.678998609,0 101.525169064,1.679021683,0 101.525205012,1.679035251,0 101.525348806,1.679070506,0 101.525420702,1.679094801,0 101.525457468,1.679118239,0 101.525528548,1.679186066,0 101.525636393,1.67922403,0 101.525690315,1.679267423,0 101.525745582,1.679353373,0 101.525825883,1.679642769,0 101.525876145,1.679787467,0 101.525909706,1.679859816,0 101.525959928,1.679934659,0 101.526031825,1.680064933,0 101.526103722,1.680064933,0 101.526103722,1.680022601,0 101.526085747,1.680004513,0 101.526085747,1.679968339,0 101.526067773,1.679950252,0 101.526067773,1.67989599,0 101.526049799,1.679877903,0 101.526049799,1.679823641,0 101.526031825,1.679805554,0 101.526031825,1.679769379,0 101.526013851,1.679751292,0 101.526013851,1.679697031,0 101.525995876,1.679678943,0 101.525995876,1.679624682,0 101.525977902,1.679606594,0 101.525977902,1.679552333,0 101.525959928,1.679534245,0 101.525959928,1.679498071,0 101.525941954,1.679479984,0 101.525941954,1.679425722,0 101.52592398,1.679407635,0 101.52592398,1.679353373,0 101.525906006,1.679335286,0 101.525906006,1.679299111,0 101.525888031,1.679281024,0 101.525888031,1.679226762,0 101.525870057,1.679208675,0 101.525870057,1.679154414,0 101.525852083,1.679136326,0 101.525852083,1.679100152,0 101.525834109,1.679083688,0 101.525780186,1.679083688,0 101.525690315,1.67904704,0 101.525528548,1.678957765,0 101.52528397,1.678865018,0 101.525222986,1.678815446,0 101.525189773,1.678756494,0 101.525192144,1.67872032,0 101.525205012,1.678683359,0 101.525222986,1.678662126,0 101.525258935,1.678648172,0 101.525312857,1.678647971,0 101.525420702,1.678667394,0 101.525492599,1.678667406,0 101.525546522,1.678658635,0 101.525672341,1.678625566,0 101.525744238,1.678625566,0 101.525744238,1.678611796,0 101.525726264,1.678593709,0 101.525726264,1.67852136,0 101.525708289,1.678503273,0 101.525708289,1.678467099,0 101.525690315,1.67846203,0 101.525636393,1.67846203,0 101.525600444,1.678482272,0 101.525492599,1.678510413,0 101.525446632,1.678503273,0 101.525406666,1.678485186,0 101.525354013,1.678449011,0 101.525238123,1.678340488,0 101.52515109,1.678306087,0 101.525079193,1.678285328,0 101.525043245,1.678280898,0 
					</coordinates>
				</LinearRing>
			</outerBoundaryIs>
		</Polygon>
	</Placemark>
	<Placemark>
		<name>32-34m</name>
		<styleUrl>#style.#FF0000FF..0.255</styleUrl>
		<Polygon>
			<tessellate>1</tessellate>
			<outerBoundaryIs>
				<LinearRing>
					<coordinates>
						101.525744238,1.678625566,0 101.525672341,1.678625566,0 101.525546522,1.678658635,0 101.525492599,1.678667406,0 101.525420702,1.678667394,0 101.525312857,1.678647971,0 101.525258935,1.678648172,0 101.525222986,1.678662126,0 101.525205012,1.678683359,0 101.525192144,1.67872032,0 101.525189773,1.678756494,0 101.525222986,1.678815446,0 101.52528397,1.678865018,0 101.525528548,1.678957765,0 101.525690315,1.67904704,0 101.525780186,1.679083688,0 101.525834109,1.679083688,0 101.525852083,1.679100152,0 101.525852083,1.679082065,0 101.525834109,1.679063977,0 101.525834109,1.679027803,0 101.525816135,1.679009716,0 101.525816135,1.678955454,0 101.52579816,1.678937367,0 101.52579816,1.678883105,0 101.525780186,1.678865018,0 101.525780186,1.678810756,0 101.525762212,1.678792669,0 101.525762212,1.67872032,0 101.525744238,1.678702233,0 101.525744238,1.678625566,0 
					</coordinates>
				</LinearRing>
			</outerBoundaryIs>
		</Polygon>
	</Placemark>
	<Placemark>
		<name>0--2m</name>
		<styleUrl>#msn_ylw-pushpin</styleUrl>
		<Polygon>
			<tessellate>1</tessellate>
			<outerBoundaryIs>
				<LinearRing>
					<coordinates>
						103.8922117397791,1.15452990798788,0 103.8946648747367,1.150642171041705,0 103.894940190576,1.150769232984022,0 103.8944775717326,1.151741156672578,0 103.8946269003028,1.152376785474323,0 103.8943317713329,1.152895745463504,0 103.8940084272538,1.15338240358478,0 103.8937101764214,1.153562205152421,0 103.8930457423212,1.154201167444133,0 103.8925063768209,1.154741902419569,0 103.8922117397791,1.15452990798788,0 
					</coordinates>
				</LinearRing>
			</outerBoundaryIs>
		</Polygon>
	</Placemark>
	<Placemark>
		<name>0--2m</name>
		<styleUrl>#msn_ylw-pushpin</styleUrl>
		<Polygon>
			<tessellate>1</tessellate>
			<outerBoundaryIs>
				<LinearRing>
					<coordinates>
						103.8978491961784,1.157714574855001,0 103.8985067531985,1.156951702777319,0 103.8993704806767,1.156317618833648,0 103.9002473014963,1.155938202494239,0 103.9005926186097,1.155929209400635,0 103.9014834601028,1.155404519167545,0 103.9019718884845,1.15547251563985,0 103.9037022186526,1.155323619474671,0 103.9046299530461,1.155334628919994,0 103.9051961951792,1.156102933839448,0 103.9049081145428,1.156657401703674,0 103.9044861465636,1.157131544411885,0 103.9044703407524,1.157271140277103,0 103.9039342728884,1.157678847290818,0 103.8978491961784,1.157714574855001,0 
					</coordinates>
				</LinearRing>
			</outerBoundaryIs>
		</Polygon>
	</Placemark>
	<Placemark>
		<name>0--2m</name>
		<styleUrl>#msn_ylw-pushpin</styleUrl>
		<Polygon>
			<tessellate>1</tessellate>
			<outerBoundaryIs>
				<LinearRing>
					<coordinates>
						103.905154674899,1.150898989874271,0 103.9052374254663,1.150369694912514,0 103.9052470131337,1.150277713517909,0 103.905221395584,1.150213629983656,0 103.9053248202687,1.150111262679776,0 103.9055862150627,1.150058297983074,0 103.9059031630073,1.149956771645391,0 103.9060824630954,1.149658657386412,0 103.9061246115648,1.149720085695632,0 103.9063371216383,1.149745853619649,0 103.9064701804813,1.149825031926692,0 103.9065093122054,1.149913043874596,0 103.9065959558369,1.15003304021865,0 103.9066212184957,1.150163840317314,0 103.9065749280818,1.150299809744009,0 103.9064058289644,1.150374655921744,0 103.9062642120496,1.150323491778073,0 103.9062686465145,1.150436811482548,0 103.9061850367006,1.150499138895169,0 103.9059768079883,1.15051553951039,0 103.905154674899,1.150898989874271,0 
					</coordinates>
				</LinearRing>
			</outerBoundaryIs>
		</Polygon>
	</Placemark>
	<Placemark>
		<name>0--2m</name>
		<styleUrl>#msn_ylw-pushpin</styleUrl>
		<Polygon>
			<tessellate>1</tessellate>
			<outerBoundaryIs>
				<LinearRing>
					<coordinates>
						103.9207239406074,1.143296777296818,0 103.920707274628,1.142250939767208,0 103.9194888038716,1.141095702266186,0 103.9188468540132,1.140297699602356,0 103.9189626623832,1.139587857746578,0 103.9193788012557,1.138906882021004,0 103.9197264621326,1.138468296823898,0 103.9197327631606,1.137955477609829,0 103.9211810913381,1.138225088754864,0 103.9218756451053,1.143722061049564,0 103.9207239406074,1.143296777296818,0 
					</coordinates>
				</LinearRing>
			</outerBoundaryIs>
		</Polygon>
	</Placemark>
</Document>
</kml>
