<?xml version="1.0" encoding="UTF-8"?>
<kml xmlns="http://www.opengis.net/kml/2.2" xmlns:gx="http://www.google.com/kml/ext/2.2" xmlns:kml="http://www.opengis.net/kml/2.2" xmlns:atom="http://www.w3.org/2005/Atom">
<Document>
	<name>layers</name>
	<open>1</open>
	<atom:link rel="app" href="https://www.google.com/earth/about/versions/#earth-pro" title="Google Earth Pro 7.3.7.1094"></atom:link>
	<Document>
		<name>Isobaths</name>
		<open>1</open>
		<StyleMap id="msn_ylw-pushpin">
			<Pair>
				<key>normal</key>
				<styleUrl>#sn_ylw-pushpin</styleUrl>
			</Pair>
			<Pair>
				<key>highlight</key>
				<styleUrl>#sh_ylw-pushpin</styleUrl>
			</Pair>
		</StyleMap>
		<Style id="sh_ylw-pushpin">
			<IconStyle>
				<scale>1.3</scale>
				<Icon>
					<href>http://maps.google.com/mapfiles/kml/pushpin/ylw-pushpin.png</href>
				</Icon>
				<hotSpot x="20" y="2" xunits="pixels" yunits="pixels"/>
			</IconStyle>
			<BalloonStyle>
			</BalloonStyle>
			<PolyStyle>
				<color>ff000000</color>
			</PolyStyle>
		</Style>
		<Style id="sn_ylw-pushpin">
			<IconStyle>
				<scale>1.1</scale>
				<Icon>
					<href>http://maps.google.com/mapfiles/kml/pushpin/ylw-pushpin.png</href>
				</Icon>
				<hotSpot x="20" y="2" xunits="pixels" yunits="pixels"/>
			</IconStyle>
			<BalloonStyle>
			</BalloonStyle>
			<PolyStyle>
				<color>ff000000</color>
			</PolyStyle>
		</Style>
		<Style id="style.#FF0000FF..0.255">
			<LineStyle>
				<width>0</width>
			</LineStyle>
			<PolyStyle>
				<color>ffff0000</color>
				<outline>0</outline>
			</PolyStyle>
		</Style>
		<Style id="style.#FF0033FF..0.255">
			<LineStyle>
				<width>0</width>
			</LineStyle>
			<PolyStyle>
				<color>ffff3300</color>
				<outline>0</outline>
			</PolyStyle>
		</Style>
		<Style id="style.#FF0066FF..0.255">
			<LineStyle>
				<width>0</width>
			</LineStyle>
			<PolyStyle>
				<color>ffff6600</color>
				<outline>0</outline>
			</PolyStyle>
		</Style>
		<Style id="style.#FF0099FF..0.255">
			<LineStyle>
				<width>0</width>
			</LineStyle>
			<PolyStyle>
				<color>ffff9900</color>
				<outline>0</outline>
			</PolyStyle>
		</Style>
		<Style id="style.#FF6699FF..0.255">
			<LineStyle>
				<width>0</width>
			</LineStyle>
			<PolyStyle>
				<color>ffff9966</color>
				<outline>0</outline>
			</PolyStyle>
		</Style>
		<Style id="style.#FF8CC8FF..0.255">
			<LineStyle>
				<width>0</width>
			</LineStyle>
			<PolyStyle>
				<color>ffffc88c</color>
				<outline>0</outline>
			</PolyStyle>
		</Style>
		<Style id="style.#FFCC0000..0.255">
			<LineStyle>
				<width>0</width>
			</LineStyle>
			<PolyStyle>
				<color>ff0000cc</color>
				<outline>0</outline>
			</PolyStyle>
		</Style>
		<Style id="style.#FFCCFFFF..0.255">
			<LineStyle>
				<width>0</width>
			</LineStyle>
			<PolyStyle>
				<color>ffffffcc</color>
				<outline>0</outline>
			</PolyStyle>
		</Style>
		<Style id="style.#FFFF0000..0.255">
			<LineStyle>
				<width>0</width>
			</LineStyle>
			<PolyStyle>
				<color>ff0000ff</color>
				<outline>0</outline>
			</PolyStyle>
		</Style>
		<Style id="style.#FFFF6600..0.255">
			<LineStyle>
				<width>0</width>
			</LineStyle>
			<PolyStyle>
				<color>ff0066ff</color>
				<outline>0</outline>
			</PolyStyle>
		</Style>
		<Style id="style.#FFFF9900..0.255">
			<LineStyle>
				<width>0</width>
			</LineStyle>
			<PolyStyle>
				<color>ff0099ff</color>
				<outline>0</outline>
			</PolyStyle>
		</Style>
		<Style id="style.#FFFFCC00..0.255">
			<LineStyle>
				<width>0</width>
			</LineStyle>
			<PolyStyle>
				<color>ff00ccff</color>
				<outline>0</outline>
			</PolyStyle>
		</Style>
		<Style id="style.#FFFFE696..0.255">
			<LineStyle>
				<width>0</width>
			</LineStyle>
			<PolyStyle>
				<color>ff96e6ff</color>
				<outline>0</outline>
			</PolyStyle>
		</Style>
		<Style id="style.#FFFFFFCC..0.255">
			<LineStyle>
				<width>0</width>
			</LineStyle>
			<PolyStyle>
				<color>ffccffff</color>
				<outline>0</outline>
			</PolyStyle>
		</Style>
		<Placemark>
			<name>0m</name>
			<styleUrl>#msn_ylw-pushpin</styleUrl>
			<Polygon>
				<tessellate>1</tessellate>
				<outerBoundaryIs>
					<LinearRing>
						<coordinates>
							103.9053458262821,1.149594368601688,0 103.9053869382227,1.149589390296184,0 103.9053860781901,1.149625541600259,0 103.9052067267669,1.149901789243838,0 103.9051135465826,1.150046649109113,0 103.9052994873923,1.150106935469705,0 103.9054331851243,1.15003788548726,0 103.9055689394628,1.150053988584282,0 103.9057240505961,1.150015684269148,0 103.9059134199062,1.149932989944389,0 103.9059706740884,1.149863152706345,0 103.9059839148638,1.149784013209405,0 103.9060596324692,1.149705868187106,0 103.9061276518253,1.149685410974099,0 103.906142993388,1.149738018658401,0 103.9063583122047,1.149739974696787,0 103.9063612522321,1.149796971915565,0 103.9064120117448,1.149817372662469,0 103.9064479443628,1.149795613088811,0 103.9064797733072,1.149839124807706,0 103.9065254332773,1.149851274170506,0 103.9065158147812,1.149907056405814,0 103.9065914163965,1.14997285292978,0 103.9066997547261,1.14993694687383,0 103.9066354388054,1.150025546535321,0 103.9066525056494,1.150171136962152,0 103.9066044644498,1.150220290544675,0 103.906612707754,1.150288893406151,0 103.9065331764166,1.150336217186259,0 103.9064766794273,1.150324113899105,0 103.9064673039919,1.150365038483509,0 103.9063849069827,1.150409502573832,0 103.906312013051,1.150359838888994,0 103.9062883501498,1.150379143996557,0 103.9063210978112,1.150422212306972,0 103.9062267996705,1.150529556661765,0 103.9059915798747,1.150528550432121,0 103.9056263557857,1.150707861844058,0 103.9053922237387,1.150736305710681,0 103.9053856395645,1.150747278347062,0 103.9051494107765,1.150927122792862,0 103.9051314897969,1.150913865802157,0 103.9051688848127,1.150853065122675,0 103.9051835018929,1.15056669640542,0 103.9052604437796,1.150277635268932,0 103.9052021202531,1.150246410741212,0 103.9052214556718,1.150211453562987,0 103.9052339297932,1.150189503101658,0 103.9052478318345,1.150138314400815,0 103.9050859994849,1.150075709705728,0 103.9049967339925,1.150213164008834,0 103.9049815081527,1.150217915691066,0 103.904967891978,1.150218372300931,0 103.9049570515033,1.150212383748455,0 103.9049557926558,1.150200077078007,0 103.9053458262821,1.149594368601688,0 
						</coordinates>
					</LinearRing>
				</outerBoundaryIs>
			</Polygon>
		</Placemark>
		<Placemark>
			<name>-2-0m</name>
			<styleUrl>#style.#FFCC0000..0.255</styleUrl>
			<Polygon>
				<tessellate>1</tessellate>
				<outerBoundaryIs>
					<LinearRing>
						<coordinates>
							101.52137651,1.651571378,0 101.520675517,1.651571378,0 101.520675517,1.651589466,0 101.520639568,1.651589466,0 101.520639568,1.651607553,0 101.52060362,1.651607553,0 101.52060362,1.65162564,0 101.520567672,1.65162564,0 101.520567672,1.651643727,0 101.520531723,1.651643727,0 101.520531723,1.651661815,0 101.520477801,1.651661815,0 101.520477801,1.651679902,0 101.520441852,1.651679902,0 101.520441852,1.651697989,0 101.520405904,1.651697989,0 101.520405904,1.651716076,0 101.520369956,1.651716076,0 101.520369956,1.651734164,0 101.520334007,1.651734164,0 101.520334007,1.651752251,0 101.520298059,1.651752251,0 101.520298059,1.651770338,0 101.52026211,1.651770338,0 101.52026211,1.651788425,0 101.520208188,1.651788425,0 101.520208188,1.651806513,0 101.52017224,1.651806513,0 101.52017224,1.6518246,0 101.520136291,1.6518246,0 101.520136291,1.651842687,0 101.520100343,1.651842687,0 101.520100343,1.651860774,0 101.520064394,1.651860774,0 101.520064394,1.651878861,0 101.520028446,1.651878861,0 101.520028446,1.651896949,0 101.519992498,1.651896949,0 101.519992498,1.651915036,0 101.519938575,1.651915036,0 101.519938575,1.651933123,0 101.519902627,1.651933123,0 101.519902627,1.65195121,0 101.519866678,1.65195121,0 101.519866678,1.651969298,0 101.51983073,1.651969298,0 101.51983073,1.651987385,0 101.519794782,1.651987385,0 101.519794782,1.652005472,0 101.519758833,1.652005472,0 101.519758833,1.652023559,0 101.519704911,1.652023559,0 101.519704911,1.652041647,0 101.519668962,1.652041647,0 101.519668962,1.652059734,0 101.519633014,1.652059734,0 101.519633014,1.652077821,0 101.519597066,1.652077821,0 101.519597066,1.652095908,0 101.519561117,1.652095908,0 101.519561117,1.652113996,0 101.519525169,1.652113996,0 101.519525169,1.652132083,0 101.51948922,1.652132083,0 101.51948922,1.65215017,0 101.519453272,1.65215017,0 101.519453272,1.652168257,0 101.519417324,1.652168257,0 101.519417324,1.652186345,0 101.519381375,1.652186345,0 101.519381375,1.652204432,0 101.519345427,1.652204432,0 101.519345427,1.652222519,0 101.519309478,1.652222519,0 101.519309478,1.652240606,0 101.51927353,1.652240606,0 101.51927353,1.652258693,0 101.519237582,1.652258693,0 101.519237582,1.652276781,0 101.519201633,1.652276781,0 101.519201633,1.652294868,0 101.519165685,1.652294868,0 101.519165685,1.652312955,0 101.519129737,1.652312955,0 101.519129737,1.652331042,0 101.519093788,1.652331042,0 101.519093788,1.65234913,0 101.51905784,1.65234913,0 101.51905784,1.652367217,0 101.519021891,1.652367217,0 101.519021891,1.652385304,0 101.518985943,1.652385304,0 101.518985943,1.652403391,0 101.518949995,1.652403391,0 101.518949995,1.652421479,0 101.518914046,1.652421479,0 101.518914046,1.652439566,0 101.518878098,1.652439566,0 101.518878098,1.652457653,0 101.51884215,1.652457653,0 101.51884215,1.65247574,0 101.518806201,1.65247574,0 101.518806201,1.652493828,0 101.518770253,1.652493828,0 101.518770253,1.652511915,0 101.518752279,1.652511915,0 101.518752279,1.652530002,0 101.51871633,1.652530002,0 101.51871633,1.652548089,0 101.518680382,1.652548089,0 101.518680382,1.652566177,0 101.518644434,1.652566177,0 101.518644434,1.652584264,0 101.518608485,1.652584264,0 101.518608485,1.652602351,0 101.518572537,1.652602351,0 101.518572537,1.652620438,0 101.518536588,1.652620438,0 101.518536588,1.652638525,0 101.51850064,1.652638525,0 101.51850064,1.652656613,0 101.518464692,1.652656613,0 101.518464692,1.6526747,0 101.518428743,1.6526747,0 101.518428743,1.652692787,0 101.518392795,1.652692787,0 101.518392795,1.652710874,0 101.518356847,1.652710874,0 101.518356847,1.652728962,0 101.518320898,1.652728962,0 101.518320898,1.652747049,0 101.51828495,1.652747049,0 101.51828495,1.652765136,0 101.518249001,1.652765136,0 101.518249001,1.652783223,0 101.518213053,1.652783223,0 101.518213053,1.652801311,0 101.518177105,1.652801311,0 101.518177105,1.652819398,0 101.518141156,1.652819398,0 101.518141156,1.652837485,0 101.518105208,1.652837485,0 101.518105208,1.652855572,0 101.518087234,1.652855572,0 101.518087234,1.65287366,0 101.518051285,1.65287366,0 101.518051285,1.652891747,0 101.518015337,1.652891747,0 101.518015337,1.652909834,0 101.517979389,1.652909834,0 101.517979389,1.652927921,0 101.51794344,1.652927921,0 101.51794344,1.652946009,0 101.517907492,1.652946009,0 101.517907492,1.652964096,0 101.517871543,1.652964096,0 101.517871543,1.652982183,0 101.517835595,1.652982183,0 101.517835595,1.65300027,0 101.517799647,1.65300027,0 101.517799647,1.653018357,0 101.517763698,1.653018357,0 101.517763698,1.653036445,0 101.51772775,1.653036445,0 101.51772775,1.653054532,0 101.517691802,1.653054532,0 101.517691802,1.653072619,0 101.517655853,1.653072619,0 101.517655853,1.653090706,0 101.517619905,1.653090706,0 101.517619905,1.653108794,0 101.517583956,1.653108794,0 101.517583956,1.653126881,0 101.517548008,1.653126881,0 101.517548008,1.653144968,0 101.51751206,1.653144968,0 101.51751206,1.653163055,0 101.517476111,1.653163055,0 101.517476111,1.653181143,0 101.517440163,1.653181143,0 101.517440163,1.65319923,0 101.517422189,1.65319923,0 101.517422189,1.653217317,0 101.51738624,1.653217317,0 101.51738624,1.653235404,0 101.517350292,1.653235404,0 101.517350292,1.653253492,0 101.517314344,1.653253492,0 101.517314344,1.653271579,0 101.517278395,1.653271579,0 101.517278395,1.653289666,0 101.517242447,1.653289666,0 101.517242447,1.653307753,0 101.517206498,1.653307753,0 101.517206498,1.653325841,0 101.51717055,1.653325841,0 101.51717055,1.653343928,0 101.517134602,1.653343928,0 101.517134602,1.653362015,0 101.517098653,1.653362015,0 101.517098653,1.653380102,0 101.517062705,1.653380102,0 101.517062705,1.653398189,0 101.517044731,1.653398189,0 101.517044731,1.653416277,0 101.517008782,1.653416277,0 101.517008782,1.653434364,0 101.516990808,1.653434364,0 101.516990808,1.653452451,0 101.51695486,1.653452451,0 101.51695486,1.653470538,0 101.516918911,1.653470538,0 101.516918911,1.653488626,0 101.516900937,1.653488626,0 101.516900937,1.653506713,0 101.516864989,1.653506713,0 101.516864989,1.6535248,0 101.516829041,1.6535248,0 101.516829041,1.653542887,0 101.516811066,1.653542887,0 101.516811066,1.653560975,0 101.516775118,1.653560975,0 101.516775118,1.653579062,0 101.516757144,1.653579062,0 101.516757144,1.653597149,0 101.516721195,1.653597149,0 101.516721195,1.653615236,0 101.516685247,1.653615236,0 101.516685247,1.653633324,0 101.516667273,1.653633324,0 101.516667273,1.653651411,0 101.516631324,1.653651411,0 101.516631324,1.653669498,0 101.516595376,1.653669498,0 101.516595376,1.653687585,0 101.516577402,1.653687585,0 101.516577402,1.653705673,0 101.516541454,1.653705673,0 101.516541454,1.65372376,0 101.516523479,1.65372376,0 101.516523479,1.653741847,0 101.516487531,1.653741847,0 101.516487531,1.653759934,0 101.516451583,1.653759934,0 101.516451583,1.653778021,0 101.516433608,1.653778021,0 101.516433608,1.653796109,0 101.51639766,1.653796109,0 101.51639766,1.653814196,0 101.516361712,1.653814196,0 101.516361712,1.653832283,0 101.516343737,1.653832283,0 101.516343737,1.65385037,0 101.516307789,1.65385037,0 101.516307789,1.653868458,0 101.516289815,1.653868458,0 101.516289815,1.653886545,0 101.516253867,1.653886545,0 101.516253867,1.653904632,0 101.516217918,1.653904632,0 101.516217918,1.653922719,0 101.516199944,1.653922719,0 101.516199944,1.653940807,0 101.516163996,1.653940807,0 101.516163996,1.653958894,0 101.516128047,1.653958894,0 101.516128047,1.653976981,0 101.516110073,1.653976981,0 101.516110073,1.653995068,0 101.516092099,1.653995068,0 101.516092099,1.654013156,0 101.516074125,1.654013156,0 101.516074125,1.654031243,0 101.516038176,1.654031243,0 101.516038176,1.65404933,0 101.516020202,1.65404933,0 101.516020202,1.654067417,0 101.516002228,1.654067417,0 101.516002228,1.654085505,0 101.515966279,1.654085505,0 101.515966279,1.654103592,0 101.515948305,1.654103592,0 101.515948305,1.654121679,0 101.515930331,1.654121679,0 101.515930331,1.654139766,0 101.515912357,1.654139766,0 101.515912357,1.654157853,0 101.515876409,1.654157853,0 101.515876409,1.654175941,0 101.515858434,1.654175941,0 101.515858434,1.654194028,0 101.51584046,1.654194028,0 101.51584046,1.654212115,0 101.515804512,1.654212115,0 101.515804512,1.654230202,0 101.515786538,1.654230202,0 101.515786538,1.65424829,0 101.515768563,1.65424829,0 101.515768563,1.654266377,0 101.515750589,1.654266377,0 101.515750589,1.654284464,0 101.515714641,1.654284464,0 101.515714641,1.654302551,0 101.515696667,1.654302551,0 101.515696667,1.654320639,0 101.515678692,1.654320639,0 101.515678692,1.654338726,0 101.515642744,1.654338726,0 101.515642744,1.654356813,0 101.51562477,1.654356813,0 101.51562477,1.6543749,0 101.515606796,1.6543749,0 101.515606796,1.654392988,0 101.515588822,1.654392988,0 101.515588822,1.654411075,0 101.515552873,1.654411075,0 101.515552873,1.654429162,0 101.515534899,1.654429162,0 101.515534899,1.654447249,0 101.515516925,1.654447249,0 101.515516925,1.654465337,0 101.515480976,1.654465337,0 101.515480976,1.654483424,0 101.515463002,1.654483424,0 101.515463002,1.654501511,0 101.515445028,1.654501511,0 101.515445028,1.654519598,0 101.51540908,1.654519598,0 101.51540908,1.654610034,0 101.515427054,1.654628122,0 101.515445028,1.654646209,0 101.515445028,1.654664296,0 101.515463002,1.654682383,0 101.515480976,1.654700471,0 101.515480976,1.654718558,0 101.515498951,1.654736645,0 101.515516925,1.654754732,0 101.515516925,1.65477282,0 101.515552873,1.654808994,0 101.515552873,1.654827081,0 101.515570847,1.654845169,0 101.515588822,1.654863256,0 101.515588822,1.654881343,0 101.51562477,1.654917517,0 101.51562477,1.654935605,0 101.515660718,1.654971779,0 101.515660718,1.654989866,0 101.515678692,1.655007954,0 101.515696667,1.655026041,0 101.515696667,1.655044128,0 101.515714641,1.655062215,0 101.515732615,1.655080303,0 101.515732615,1.65509839,0 101.515768563,1.655134564,0 101.515768563,1.655152652,0 101.515786538,1.655170739,0 101.515804512,1.655188826,0 101.515804512,1.655206913,0 101.515822486,1.655225001,0 101.51584046,1.655243088,0 101.51584046,1.655261175,0 101.515858434,1.655279262,0 101.515876409,1.655297349,0 101.515876409,1.655315437,0 101.515894383,1.655333524,0 101.515894383,1.655351611,0 101.515912357,1.655369698,0 101.515930331,1.655387786,0 101.515948305,1.655387786,0 101.515966279,1.655376933,0 101.515984254,1.655376933,0 101.516020202,1.655383264,0 101.51605615,1.655378742,0 101.516074125,1.655369698,0 101.516146021,1.655369698,0 101.516217918,1.655442047,0 101.516343737,1.655442047,0 101.516361712,1.65542396,0 101.516451583,1.65542396,0 101.516469557,1.655405873,0 101.516559428,1.655405873,0 101.516577402,1.655387786,0 101.516649299,1.655387786,0 101.516667273,1.655369698,0 101.516757144,1.655369698,0 101.516775118,1.655351611,0 101.516793092,1.655351611,0 101.516864989,1.655279262,0 101.516864989,1.655261175,0 101.51695486,1.655170739,0 101.516990808,1.655170739,0 101.517008782,1.655152652,0 101.517026757,1.655152652,0 101.517044731,1.655134564,0 101.517080679,1.655134564,0 101.517098653,1.655116477,0 101.517134602,1.655116477,0 101.517152576,1.65509839,0 101.51717055,1.65509839,0 101.517206498,1.655062215,0 101.517224473,1.655062215,0 101.517260421,1.655026041,0 101.517278395,1.655026041,0 101.517314344,1.654989866,0 101.517332318,1.654989866,0 101.51738624,1.654935605,0 101.517404215,1.654935605,0 101.517440163,1.65489943,0 101.517458137,1.65489943,0 101.51751206,1.654845169,0 101.517530034,1.654845169,0 101.517565982,1.654808994,0 101.517583956,1.654808994,0 101.517637879,1.654754732,0 101.517655853,1.654754732,0 101.517709776,1.654700471,0 101.51772775,1.654700471,0 101.517781672,1.654646209,0 101.517799647,1.654646209,0 101.517871543,1.65457386,0 101.517889518,1.65457386,0 101.51794344,1.654519598,0 101.517961414,1.654519598,0 101.517979389,1.654501511,0 101.517997363,1.654501511,0 101.518015337,1.654483424,0 101.518033311,1.654483424,0 101.518051285,1.654465337,0 101.518087234,1.654465337,0 101.518105208,1.654447249,0 101.518123182,1.654447249,0 101.518141156,1.654429162,0 101.518177105,1.654429162,0 101.518195079,1.654411075,0 101.518213053,1.654411075,0 101.518231027,1.654392988,0 101.518249001,1.654392988,0 101.518266976,1.6543749,0 101.518302924,1.6543749,0 101.518320898,1.654356813,0 101.518338872,1.654356813,0 101.518356847,1.654338726,0 101.518374821,1.654338726,0 101.518392795,1.654320639,0 101.518428743,1.654320639,0 101.518446717,1.654302551,0 101.518464692,1.654302551,0 101.518482666,1.654284464,0 101.51850064,1.654284464,0 101.518518614,1.654266377,0 101.518554563,1.654266377,0 101.518572537,1.65424829,0 101.518590511,1.65424829,0 101.518608485,1.654230202,0 101.518626459,1.654230202,0 101.518644434,1.654212115,0 101.518680382,1.654212115,0 101.518698356,1.654194028,0 101.51871633,1.654194028,0 101.518734304,1.654175941,0 101.518752279,1.654175941,0 101.518770253,1.654157853,0 101.518788227,1.654157853,0 101.518806201,1.654139766,0 101.518824175,1.654139766,0 101.51884215,1.654121679,0 101.518860124,1.654121679,0 101.518878098,1.654103592,0 101.518896072,1.654103592,0 101.518914046,1.654085505,0 101.518932021,1.654085505,0 101.518949995,1.654067417,0 101.518967969,1.654067417,0 101.518985943,1.65404933,0 101.519003917,1.65404933,0 101.519039866,1.654013156,0 101.51905784,1.654013156,0 101.519129737,1.653940807,0 101.519147711,1.653940807,0 101.519201633,1.653886545,0 101.519219608,1.653886545,0 101.519255556,1.65385037,0 101.51927353,1.65385037,0 101.519291504,1.653832283,0 101.519309478,1.653832283,0 101.519345427,1.653796109,0 101.519363401,1.653796109,0 101.519381375,1.653778021,0 101.519399349,1.653778021,0 101.519435298,1.653741847,0 101.519453272,1.653741847,0 101.519471246,1.65372376,0 101.51948922,1.65372376,0 101.519507195,1.653705673,0 101.519525169,1.653705673,0 101.519543143,1.653687585,0 101.519561117,1.653687585,0 101.519579091,1.653669498,0 101.519597066,1.653669498,0 101.51961504,1.653651411,0 101.519633014,1.653651411,0 101.519650988,1.653633324,0 101.519668962,1.653633324,0 101.519704911,1.653597149,0 101.519722885,1.653597149,0 101.519740859,1.653579062,0 101.519758833,1.653579062,0 101.519776807,1.653560975,0 101.519794782,1.653560975,0 101.519812756,1.653542887,0 101.51983073,1.653542887,0 101.519848704,1.6535248,0 101.519866678,1.6535248,0 101.519884653,1.653506713,0 101.519920601,1.653506713,0 101.519938575,1.653488626,0 101.519956549,1.653488626,0 101.519974523,1.653470538,0 101.519992498,1.653470538,0 101.520010472,1.653452451,0 101.52004642,1.653452451,0 101.520064394,1.653434364,0 101.520082369,1.653434364,0 101.520100343,1.653416277,0 101.520136291,1.653416277,0 101.520154265,1.653398189,0 101.52017224,1.653398189,0 101.520190214,1.653380102,0 101.520208188,1.653380102,0 101.520226162,1.653362015,0 101.52026211,1.653362015,0 101.520280085,1.653343928,0 101.520298059,1.653343928,0 101.520316033,1.653325841,0 101.520334007,1.653325841,0 101.520351981,1.653307753,0 101.520369956,1.653307753,0 101.52038793,1.653289666,0 101.520423878,1.653289666,0 101.520441852,1.653271579,0 101.520459827,1.653271579,0 101.520477801,1.653253492,0 101.520495775,1.653253492,0 101.520513749,1.653235404,0 101.520549697,1.653235404,0 101.520567672,1.653217317,0 101.520585646,1.653217317,0 101.52060362,1.65319923,0 101.520621594,1.65319923,0 101.520639568,1.653181143,0 101.520657543,1.653181143,0 101.520675517,1.653163055,0 101.520693491,1.653163055,0 101.520711465,1.653144968,0 101.520747414,1.653144968,0 101.520765388,1.653126881,0 101.520783362,1.653126881,0 101.520801336,1.653108794,0 101.520837284,1.653108794,0 101.520855259,1.653090706,0 101.520873233,1.653090706,0 101.520891207,1.653072619,0 101.520909181,1.653072619,0 101.520927155,1.653054532,0 101.520963104,1.653054532,0 101.520981078,1.653036445,0 101.520999052,1.653036445,0 101.521017026,1.653018357,0 101.521052975,1.653018357,0 101.521070949,1.65300027,0 101.521106897,1.65300027,0 101.521124871,1.652982183,0 101.521142846,1.652982183,0 101.52116082,1.652964096,0 101.521196768,1.652964096,0 101.521214742,1.652946009,0 101.521232717,1.652946009,0 101.521250691,1.652927921,0 101.521268665,1.652927921,0 101.521286639,1.652909834,0 101.521304613,1.652909834,0 101.521322588,1.652891747,0 101.521340562,1.652891747,0 101.521394484,1.652837485,0 101.521412459,1.652837485,0 101.521430433,1.652819398,0 101.521448407,1.652819398,0 101.521484355,1.652783223,0 101.521502329,1.652783223,0 101.521520304,1.652765136,0 101.521538278,1.652765136,0 101.521556252,1.652747049,0 101.521574226,1.652747049,0 101.5215922,1.652728962,0 101.521610175,1.652728962,0 101.521646123,1.652692787,0 101.521664097,1.652692787,0 101.521682071,1.6526747,0 101.521700046,1.6526747,0 101.52171802,1.652656613,0 101.521735994,1.652656613,0 101.521753968,1.652638525,0 101.521789916,1.652638525,0 101.521807891,1.652620438,0 101.521843839,1.652620438,0 101.521861813,1.65262496,0 101.521879787,1.652620438,0 101.521915736,1.652530002,0 101.52193371,1.652504163,0 101.521969658,1.652482523,0 101.521987633,1.652478932,0 101.522041555,1.652478932,0 101.522041555,1.652457653,0 101.522023581,1.652439566,0 101.522023581,1.652421479,0 101.522005607,1.652403391,0 101.522005607,1.652385304,0 101.521987633,1.652367217,0 101.521969658,1.65234913,0 101.521969658,1.652331042,0 101.521951684,1.652312955,0 101.521951684,1.652294868,0 101.52193371,1.652276781,0 101.52193371,1.652258693,0 101.521897762,1.652222519,0 101.521897762,1.652204432,0 101.521879787,1.652186345,0 101.521879787,1.652168257,0 101.521861813,1.65215017,0 101.521861813,1.652132083,0 101.521843839,1.652113996,0 101.521843839,1.652095908,0 101.521807891,1.652059734,0 101.521807891,1.652041647,0 101.521789916,1.652023559,0 101.521789916,1.652005472,0 101.521771942,1.651987385,0 101.521771942,1.651969298,0 101.521753968,1.65195121,0 101.521735994,1.651933123,0 101.521735994,1.651915036,0 101.52171802,1.651896949,0 101.52171802,1.651878861,0 101.521700046,1.651860774,0 101.521700046,1.651842687,0 101.521682071,1.6518246,0 101.521682071,1.651806513,0 101.521664097,1.651806513,0 101.521646123,1.651788425,0 101.521610175,1.651752251,0 101.5215922,1.651734164,0 101.521574226,1.651734164,0 101.521556252,1.651716076,0 101.521520304,1.651679902,0 101.521502329,1.651661815,0 101.521484355,1.651661815,0 101.521466381,1.651643727,0 101.521412459,1.651589466,0 101.521394484,1.651589466,0 101.52137651,1.651571378,0 
						</coordinates>
					</LinearRing>
				</outerBoundaryIs>
			</Polygon>
		</Placemark>
		<Placemark>
			<name>-2-0m</name>
			<styleUrl>#style.#FFCC0000..0.255</styleUrl>
			<Polygon>
				<tessellate>1</tessellate>
				<outerBoundaryIs>
					<LinearRing>
						<coordinates>
							101.539242853,1.699734827,0 101.539208902,1.699737683,0 101.539091071,1.69975577,0 101.539063111,1.699767908,0 101.539040858,1.699791945,0 101.538970057,1.69995473,0 101.538901772,1.700045166,0 101.538609783,1.700569696,0 101.538559834,1.700632084,0 101.538523886,1.700660132,0 101.538505911,1.700669058,0 101.538487937,1.700674149,0 101.538469963,1.700675822,0 101.538451989,1.700672899,0 101.538434015,1.70066527,0 101.538398066,1.700641406,0 101.538344144,1.700594777,0 101.538265237,1.700497347,0 101.538146428,1.700301332,0 101.538128454,1.700292358,0 101.538110479,1.700310861,0 101.538101942,1.700334562,0 101.538035684,1.700551608,0 101.537941722,1.700732481,0 101.537929716,1.700750568,0 101.537894789,1.700779729,0 101.537840866,1.700811223,0 101.537786944,1.70083502,0 101.537750996,1.700844363,0 101.537679099,1.700852595,0 101.537607202,1.700864259,0 101.537445434,1.700894067,0 101.537354144,1.700913353,0 101.537229744,1.700943465,0 101.536955852,1.701003789,0 101.536546725,1.701102777,0 101.536178254,1.701184662,0 101.535917628,1.701248807,0 101.535809783,1.701279696,0 101.53566599,1.701329675,0 101.535573243,1.701365534,0 101.535378403,1.701448499,0 101.535234609,1.701500799,0 101.534839177,1.701612196,0 101.534569564,1.701682818,0 101.534102235,1.701793694,0 101.534030339,1.701806213,0 101.533958442,1.70181279,0 101.533904519,1.701814512,0 101.533706803,1.701815197,0 101.533580984,1.701811146,0 101.533329345,1.701790584,0 101.533275423,1.701789061,0 101.533239474,1.701789924,0 101.533149603,1.701797738,0 101.532862016,1.70183571,0 101.532754171,1.70184354,0 101.532736197,1.70184354,0 101.532718223,1.701853889,0 101.532700249,1.701853889,0 101.532700249,1.701871976,0 101.532682274,1.701871976,0 101.532682274,1.701926238,0 101.5326643,1.701926238,0 101.5326643,1.701944325,0 101.532646326,1.701944325,0 101.532646326,1.701962412,0 101.532628352,1.701962412,0 101.532628352,1.7019805,0 101.532610378,1.7019805,0 101.532610378,1.701998587,0 101.532592404,1.701998587,0 101.532592404,1.702016674,0 101.532574429,1.702016674,0 101.532574429,1.702034761,0 101.532556455,1.702034761,0 101.532556455,1.702052849,0 101.532538481,1.702052849,0 101.532538481,1.702070936,0 101.532520507,1.702070936,0 101.532520507,1.702089023,0 101.532502533,1.702089023,0 101.532502533,1.70210711,0 101.532484558,1.70210711,0 101.532484558,1.702125197,0 101.532466584,1.702125197,0 101.532466584,1.702143285,0 101.53244861,1.702143285,0 101.53244861,1.702161372,0 101.532430636,1.702161372,0 101.532430636,1.702179459,0 101.532412662,1.702179459,0 101.532412662,1.702197546,0 101.532376713,1.702197546,0 101.532376713,1.702215634,0 101.532358739,1.702215634,0 101.532358739,1.702233721,0 101.532340765,1.702233721,0 101.532340765,1.702251808,0 101.532322791,1.702251808,0 101.532322791,1.702269895,0 101.532304817,1.702269895,0 101.532304817,1.702287983,0 101.532286842,1.702287983,0 101.532286842,1.70230607,0 101.532268868,1.70230607,0 101.532268868,1.702324157,0 101.53223292,1.702324157,0 101.53223292,1.702342244,0 101.532214946,1.702342244,0 101.532214946,1.702360331,0 101.532196971,1.702360331,0 101.532196971,1.702378419,0 101.532178997,1.702378419,0 101.532178997,1.702396506,0 101.532161023,1.702396506,0 101.532161023,1.702414593,0 101.532143049,1.702414593,0 101.532143049,1.70243268,0 101.532125075,1.70243268,0 101.532125075,1.702450768,0 101.532089126,1.702450768,0 101.532089126,1.702468855,0 101.532071152,1.702468855,0 101.532071152,1.702486942,0 101.532053178,1.702486942,0 101.532053178,1.702505029,0 101.532035204,1.702505029,0 101.532035204,1.702523116,0 101.53201723,1.702523116,0 101.53201723,1.702541204,0 101.531999255,1.702541204,0 101.531999255,1.702559291,0 101.531981281,1.702559291,0 101.531981281,1.702577378,0 101.531963307,1.702577378,0 101.531963307,1.702595465,0 101.531945333,1.702595465,0 101.531945333,1.702613553,0 101.531909384,1.702613553,0 101.531927359,1.70263164,0 101.53199785,1.70263164,0 101.532035132,1.702621945,0 101.532545,1.702342464,0 101.532532664,1.702108192,0 101.532721808,1.701943792,0 101.533227564,1.701869811,0 101.533926576,1.701923242,0 101.534572133,1.701775281,0 101.535267033,1.70158622,0 101.53557542,1.701462919,0 101.535579532,1.701467029,0 101.535830354,1.701364279,0 101.536122294,1.701294408,0 101.536998114,1.701093018,0 101.537335284,1.701019037,0 101.538396137,1.700920397,0 101.539197944,1.700846416,0 101.540086099,1.700686126,0 101.540628861,1.700349104,0 101.540961919,1.700439524,0 101.541179846,1.700455964,0 101.541687343,1.700262513,0 101.541687343,1.700226038,0 101.541651394,1.700226038,0 101.54163342,1.700207951,0 101.541615446,1.700207951,0 101.541597472,1.700189864,0 101.541579498,1.700189864,0 101.541561523,1.700171777,0 101.541543549,1.700171777,0 101.541525575,1.700160047,0 101.541489627,1.700160047,0 101.541453678,1.700169742,0 101.541435704,1.70019056,0 101.541345833,1.700200387,0 101.541255962,1.70020774,0 101.540680788,1.700240631,0 101.540590917,1.700241631,0 101.540554969,1.700239448,0 101.540519021,1.700234821,0 101.54042915,1.700212933,0 101.54030333,1.700167671,0 101.539756316,1.699918555,0 101.539458543,1.699804514,0 101.539375092,1.69975577,0 101.539350698,1.699746965,0 101.539307261,1.699737683,0 101.539242853,1.699734827,0 
						</coordinates>
					</LinearRing>
				</outerBoundaryIs>
			</Polygon>
		</Placemark>
		<Placemark>
			<name>0-2m</name>
			<styleUrl>#style.#FFFF0000..0.255</styleUrl>
			<Polygon>
				<tessellate>1</tessellate>
				<outerBoundaryIs>
					<LinearRing>
						<coordinates>
							101.522041555,1.65247574,0 101.522041555,1.652478932,0 101.521987633,1.652478932,0 101.521969658,1.652482523,0 101.52193371,1.652504163,0 101.521915736,1.652530002,0 101.521879787,1.652620438,0 101.521861813,1.65262496,0 101.521843839,1.652620438,0 101.521807891,1.652620438,0 101.521789916,1.652638525,0 101.521753968,1.652638525,0 101.521735994,1.652656613,0 101.52171802,1.652656613,0 101.521700046,1.6526747,0 101.521682071,1.6526747,0 101.521664097,1.652692787,0 101.521646123,1.652692787,0 101.521610175,1.652728962,0 101.5215922,1.652728962,0 101.521574226,1.652747049,0 101.521556252,1.652747049,0 101.521538278,1.652765136,0 101.521520304,1.652765136,0 101.521502329,1.652783223,0 101.521484355,1.652783223,0 101.521448407,1.652819398,0 101.521430433,1.652819398,0 101.521412459,1.652837485,0 101.521394484,1.652837485,0 101.521340562,1.652891747,0 101.521322588,1.652891747,0 101.521304613,1.652909834,0 101.521286639,1.652909834,0 101.521268665,1.652927921,0 101.521250691,1.652927921,0 101.521232717,1.652946009,0 101.521214742,1.652946009,0 101.521196768,1.652964096,0 101.52116082,1.652964096,0 101.521142846,1.652982183,0 101.521124871,1.652982183,0 101.521106897,1.65300027,0 101.521070949,1.65300027,0 101.521052975,1.653018357,0 101.521017026,1.653018357,0 101.520999052,1.653036445,0 101.520981078,1.653036445,0 101.520963104,1.653054532,0 101.520927155,1.653054532,0 101.520909181,1.653072619,0 101.520891207,1.653072619,0 101.520873233,1.653090706,0 101.520855259,1.653090706,0 101.520837284,1.653108794,0 101.520801336,1.653108794,0 101.520783362,1.653126881,0 101.520765388,1.653126881,0 101.520747414,1.653144968,0 101.520711465,1.653144968,0 101.520693491,1.653163055,0 101.520675517,1.653163055,0 101.520657543,1.653181143,0 101.520639568,1.653181143,0 101.520621594,1.65319923,0 101.52060362,1.65319923,0 101.520585646,1.653217317,0 101.520567672,1.653217317,0 101.520549697,1.653235404,0 101.520513749,1.653235404,0 101.520495775,1.653253492,0 101.520477801,1.653253492,0 101.520459827,1.653271579,0 101.520441852,1.653271579,0 101.520423878,1.653289666,0 101.52038793,1.653289666,0 101.520369956,1.653307753,0 101.520351981,1.653307753,0 101.520334007,1.653325841,0 101.520316033,1.653325841,0 101.520298059,1.653343928,0 101.520280085,1.653343928,0 101.52026211,1.653362015,0 101.520226162,1.653362015,0 101.520208188,1.653380102,0 101.520190214,1.653380102,0 101.52017224,1.653398189,0 101.520154265,1.653398189,0 101.520136291,1.653416277,0 101.520100343,1.653416277,0 101.520082369,1.653434364,0 101.520064394,1.653434364,0 101.52004642,1.653452451,0 101.520010472,1.653452451,0 101.519992498,1.653470538,0 101.519974523,1.653470538,0 101.519956549,1.653488626,0 101.519938575,1.653488626,0 101.519920601,1.653506713,0 101.519884653,1.653506713,0 101.519866678,1.6535248,0 101.519848704,1.6535248,0 101.51983073,1.653542887,0 101.519812756,1.653542887,0 101.519794782,1.653560975,0 101.519776807,1.653560975,0 101.519758833,1.653579062,0 101.519740859,1.653579062,0 101.519722885,1.653597149,0 101.519704911,1.653597149,0 101.519668962,1.653633324,0 101.519650988,1.653633324,0 101.519633014,1.653651411,0 101.51961504,1.653651411,0 101.519597066,1.653669498,0 101.519579091,1.653669498,0 101.519561117,1.653687585,0 101.519543143,1.653687585,0 101.519525169,1.653705673,0 101.519507195,1.653705673,0 101.51948922,1.65372376,0 101.519471246,1.65372376,0 101.519453272,1.653741847,0 101.519435298,1.653741847,0 101.519399349,1.653778021,0 101.519381375,1.653778021,0 101.519363401,1.653796109,0 101.519345427,1.653796109,0 101.519309478,1.653832283,0 101.519291504,1.653832283,0 101.51927353,1.65385037,0 101.519255556,1.65385037,0 101.519219608,1.653886545,0 101.519201633,1.653886545,0 101.519147711,1.653940807,0 101.519129737,1.653940807,0 101.51905784,1.654013156,0 101.519039866,1.654013156,0 101.519003917,1.65404933,0 101.518985943,1.65404933,0 101.518967969,1.654067417,0 101.518949995,1.654067417,0 101.518932021,1.654085505,0 101.518914046,1.654085505,0 101.518896072,1.654103592,0 101.518878098,1.654103592,0 101.518860124,1.654121679,0 101.51884215,1.654121679,0 101.518824175,1.654139766,0 101.518806201,1.654139766,0 101.518788227,1.654157853,0 101.518770253,1.654157853,0 101.518752279,1.654175941,0 101.518734304,1.654175941,0 101.51871633,1.654194028,0 101.518698356,1.654194028,0 101.518680382,1.654212115,0 101.518644434,1.654212115,0 101.518626459,1.654230202,0 101.518608485,1.654230202,0 101.518590511,1.65424829,0 101.518572537,1.65424829,0 101.518554563,1.654266377,0 101.518518614,1.654266377,0 101.51850064,1.654284464,0 101.518482666,1.654284464,0 101.518464692,1.654302551,0 101.518446717,1.654302551,0 101.518428743,1.654320639,0 101.518392795,1.654320639,0 101.518374821,1.654338726,0 101.518356847,1.654338726,0 101.518338872,1.654356813,0 101.518320898,1.654356813,0 101.518302924,1.6543749,0 101.518266976,1.6543749,0 101.518249001,1.654392988,0 101.518231027,1.654392988,0 101.518213053,1.654411075,0 101.518195079,1.654411075,0 101.518177105,1.654429162,0 101.518141156,1.654429162,0 101.518123182,1.654447249,0 101.518105208,1.654447249,0 101.518087234,1.654465337,0 101.518051285,1.654465337,0 101.518033311,1.654483424,0 101.518015337,1.654483424,0 101.517997363,1.654501511,0 101.517979389,1.654501511,0 101.517961414,1.654519598,0 101.51794344,1.654519598,0 101.517889518,1.65457386,0 101.517871543,1.65457386,0 101.517799647,1.654646209,0 101.517781672,1.654646209,0 101.51772775,1.654700471,0 101.517709776,1.654700471,0 101.517655853,1.654754732,0 101.517637879,1.654754732,0 101.517583956,1.654808994,0 101.517565982,1.654808994,0 101.517530034,1.654845169,0 101.51751206,1.654845169,0 101.517458137,1.65489943,0 101.517440163,1.65489943,0 101.517404215,1.654935605,0 101.51738624,1.654935605,0 101.517332318,1.654989866,0 101.517314344,1.654989866,0 101.517278395,1.655026041,0 101.517260421,1.655026041,0 101.517224473,1.655062215,0 101.517206498,1.655062215,0 101.51717055,1.65509839,0 101.517152576,1.65509839,0 101.517134602,1.655116477,0 101.517098653,1.655116477,0 101.517080679,1.655134564,0 101.517044731,1.655134564,0 101.517026757,1.655152652,0 101.517008782,1.655152652,0 101.516990808,1.655170739,0 101.51695486,1.655170739,0 101.516864989,1.655261175,0 101.516864989,1.655279262,0 101.516793092,1.655351611,0 101.516775118,1.655351611,0 101.516757144,1.655369698,0 101.516667273,1.655369698,0 101.516649299,1.655387786,0 101.516577402,1.655387786,0 101.516559428,1.655405873,0 101.516469557,1.655405873,0 101.516451583,1.65542396,0 101.516361712,1.65542396,0 101.516343737,1.655442047,0 101.516217918,1.655442047,0 101.516146021,1.655369698,0 101.516074125,1.655369698,0 101.51605615,1.655378742,0 101.516020202,1.655383264,0 101.515984254,1.655376933,0 101.515966279,1.655376933,0 101.515948305,1.655387786,0 101.515930331,1.655387786,0 101.515930331,1.655405873,0 101.515948305,1.65542396,0 101.515948305,1.655442047,0 101.515966279,1.655460135,0 101.515984254,1.655478222,0 101.515984254,1.655496309,0 101.516002228,1.655514396,0 101.516002228,1.655532484,0 101.516038176,1.655568658,0 101.516038176,1.655586745,0 101.51605615,1.655604833,0 101.51605615,1.65562292,0 101.516074125,1.655641007,0 101.516092099,1.655659094,0 101.516092099,1.655677181,0 101.516110073,1.655695269,0 101.516110073,1.655713356,0 101.516128047,1.655731443,0 101.516128047,1.65574953,0 101.516146021,1.655767618,0 101.516163996,1.655785705,0 101.516163996,1.655803792,0 101.51618197,1.655821879,0 101.51618197,1.655839967,0 101.516217918,1.655876141,0 101.516217918,1.655894228,0 101.516235892,1.655912316,0 101.516235892,1.655930403,0 101.516253867,1.65594849,0 101.516271841,1.655966577,0 101.516271841,1.655984665,0 101.516289815,1.656002752,0 101.516289815,1.656020839,0 101.516325763,1.656057013,0 101.516325763,1.656075101,0 101.516343737,1.656093188,0 101.516343737,1.656111275,0 101.516361712,1.656129362,0 101.516361712,1.65614745,0 101.516415634,1.656201711,0 101.516433608,1.656219799,0 101.516451583,1.656237886,0 101.516469557,1.656237886,0 101.516487531,1.656255973,0 101.516505505,1.656255973,0 101.516523479,1.65627406,0 101.516541454,1.656292148,0 101.516595376,1.656346409,0 101.51661335,1.656364497,0 101.516631324,1.656382584,0 101.516649299,1.656400671,0 101.516685247,1.656436845,0 101.516703221,1.656454933,0 101.516721195,1.65647302,0 101.51673917,1.656491107,0 101.516757144,1.656509194,0 101.516775118,1.656527282,0 101.516811066,1.656563456,0 101.516829041,1.656581543,0 101.516847015,1.656599631,0 101.516900937,1.656653892,0 101.516918911,1.65667198,0 101.516936886,1.656690067,0 101.516972834,1.656726241,0 101.516990808,1.656744329,0 101.517008782,1.656762416,0 101.517026757,1.656780503,0 101.517062705,1.656816677,0 101.517080679,1.656834765,0 101.517098653,1.656852852,0 101.517116628,1.656870939,0 101.517134602,1.656889026,0 101.517152576,1.656907114,0 101.517206498,1.656961375,0 101.517224473,1.656979463,0 101.517278395,1.657033724,0 101.517296369,1.657051812,0 101.517314344,1.657069899,0 101.517350292,1.657106073,0 101.517368266,1.657124161,0 101.51738624,1.657142248,0 101.517404215,1.657160335,0 101.517440163,1.657196509,0 101.517458137,1.657214597,0 101.517494085,1.657250771,0 101.51751206,1.657268858,0 101.517530034,1.657286946,0 101.517583956,1.657341207,0 101.517601931,1.657359295,0 101.517655853,1.657413556,0 101.517673827,1.657431644,0 101.517691802,1.657449731,0 101.51772775,1.657485905,0 101.517745724,1.657503993,0 101.517781672,1.657540167,0 101.517799647,1.657558254,0 101.517817621,1.657576341,0 101.517835595,1.657576341,0 101.517853569,1.65757295,0 101.517889518,1.657571459,0 101.517925466,1.657574105,0 101.517979389,1.657570225,0 101.518015337,1.657563172,0 101.518051285,1.657549906,0 101.518213053,1.657455725,0 101.518401155,1.657359295,0 101.518554563,1.657275043,0 101.518698356,1.65720907,0 101.518910291,1.657124161,0 101.519171404,1.65699755,0 101.519234456,1.656961375,0 101.519345427,1.656883179,0 101.519417324,1.656844731,0 101.519543143,1.656792476,0 101.519704911,1.656743088,0 101.519791647,1.656708154,0 101.520082369,1.656557593,0 101.520546147,1.656364497,0 101.520711465,1.656262234,0 101.520837284,1.656195301,0 101.520927155,1.656157785,0 101.521106897,1.656103043,0 101.52116082,1.656080406,0 101.521214742,1.656046983,0 101.521235793,1.656020839,0 101.52131932,1.65594849,0 101.521430433,1.655872663,0 101.521484355,1.655841743,0 101.521556252,1.655828304,0 101.521700046,1.655814146,0 101.521752845,1.655803792,0 101.521822577,1.655767618,0 101.521951684,1.655687713,0 101.522131426,1.65560126,0 101.52218604,1.655568658,0 101.522329142,1.655470168,0 101.522417956,1.65542396,0 101.522508884,1.655389421,0 101.522639052,1.655351611,0 101.522687085,1.655333524,0 101.522724574,1.655312467,0 101.522814445,1.65528579,0 101.522886342,1.65528579,0 101.522886342,1.655225001,0 101.522868368,1.655206913,0 101.522868368,1.655062215,0 101.522850394,1.655044128,0 101.522850394,1.65489943,0 101.522832419,1.654881343,0 101.522832419,1.654736645,0 101.522814445,1.654718558,0 101.522814445,1.65457386,0 101.522796471,1.654555773,0 101.522796471,1.654411075,0 101.522778497,1.654392988,0 101.522778497,1.65424829,0 101.522760523,1.654230202,0 101.522760523,1.654085505,0 101.522742548,1.654067417,0 101.522742548,1.653922719,0 101.522724574,1.653904632,0 101.522724574,1.653741847,0 101.5227066,1.65372376,0 101.5227066,1.653687585,0 101.522688626,1.653669498,0 101.522688626,1.653651411,0 101.522670652,1.653633324,0 101.522670652,1.653597149,0 101.522652677,1.653579062,0 101.522652677,1.653542887,0 101.522634703,1.6535248,0 101.522634703,1.653506713,0 101.522616729,1.653488626,0 101.522598755,1.653470538,0 101.522598755,1.653452451,0 101.522580781,1.653434364,0 101.522580781,1.653416277,0 101.522562807,1.653398189,0 101.522562807,1.653380102,0 101.522544832,1.653362015,0 101.522526858,1.653343928,0 101.522526858,1.653325841,0 101.522508884,1.653307753,0 101.522508884,1.653289666,0 101.52249091,1.653271579,0 101.52249091,1.653253492,0 101.522472936,1.653235404,0 101.522454961,1.653217317,0 101.522454961,1.65319923,0 101.522436987,1.653181143,0 101.522436987,1.653163055,0 101.522419013,1.653144968,0 101.522419013,1.653126881,0 101.522401039,1.653108794,0 101.522401039,1.653090706,0 101.522383065,1.653072619,0 101.52236509,1.653054532,0 101.52236509,1.653036445,0 101.522347116,1.653018357,0 101.522347116,1.65300027,0 101.522329142,1.652982183,0 101.522329142,1.652964096,0 101.522311168,1.652946009,0 101.522293194,1.652927921,0 101.522293194,1.652909834,0 101.52227522,1.652891747,0 101.52227522,1.65287366,0 101.522257245,1.652855572,0 101.522257245,1.652837485,0 101.522239271,1.652819398,0 101.522239271,1.652801311,0 101.522221297,1.652783223,0 101.522203323,1.652765136,0 101.522203323,1.652747049,0 101.522185349,1.652728962,0 101.522185349,1.652710874,0 101.522167374,1.652692787,0 101.522167374,1.6526747,0 101.5221494,1.652656613,0 101.522131426,1.652638525,0 101.522131426,1.652620438,0 101.522113452,1.652602351,0 101.522113452,1.652584264,0 101.522095478,1.652566177,0 101.522095478,1.652548089,0 101.522077503,1.652530002,0 101.522059529,1.652511915,0 101.522059529,1.652493828,0 101.522041555,1.65247574,0 
						</coordinates>
					</LinearRing>
				</outerBoundaryIs>
			</Polygon>
		</Placemark>
		<Placemark>
			<name>0-2m</name>
			<styleUrl>#style.#FFFF0000..0.255</styleUrl>
			<Polygon>
				<tessellate>1</tessellate>
				<outerBoundaryIs>
					<LinearRing>
						<coordinates>
							101.539422595,1.69952053,0 101.539404621,1.699521697,0 101.539386647,1.699525829,0 101.539350698,1.699541692,0 101.539260827,1.699599372,0 101.539206905,1.699626117,0 101.539170956,1.699637083,0 101.539135008,1.699643616,0 101.539027163,1.699653358,0 101.53897324,1.699662561,0 101.538910074,1.699683421,0 101.538883369,1.699701033,0 101.53884277,1.699791945,0 101.538793498,1.699852383,0 101.538739576,1.699893363,0 101.538644599,1.699936643,0 101.538613757,1.699960343,0 101.538487937,1.700180677,0 101.538451989,1.700223275,0 101.538416041,1.700245912,0 101.538398066,1.700249173,0 101.538380092,1.700247075,0 101.538362118,1.700239091,0 101.53832617,1.700205507,0 101.538254273,1.700095016,0 101.538173213,1.699936643,0 101.538146428,1.699907593,0 101.538128454,1.699897123,0 101.538110479,1.699891645,0 101.538092505,1.699889227,0 101.538056557,1.69989242,0 101.538020608,1.699905015,0 101.538002634,1.699916649,0 101.537986321,1.699936643,0 101.537970093,1.699972817,0 101.537935834,1.700226038,0 101.537889131,1.700406911,0 101.537858841,1.700466168,0 101.537804918,1.700540139,0 101.537786944,1.700560302,0 101.537750996,1.700583527,0 101.537733021,1.700590385,0 101.537661125,1.700609104,0 101.537229744,1.700752011,0 101.536852286,1.700842388,0 101.536564699,1.700921029,0 101.536151293,1.701012567,0 101.535845732,1.701088078,0 101.535755861,1.701116182,0 101.535630041,1.70116203,0 101.535360429,1.70128235,0 101.535216635,1.701337288,0 101.535126764,1.701360482,0 101.535000945,1.701385621,0 101.534749306,1.701455704,0 101.534317926,1.701557607,0 101.534084261,1.701622649,0 101.534030339,1.701632813,0 101.533958442,1.701639671,0 101.533706803,1.701644111,0 101.533598958,1.701641469,0 101.53343719,1.701628379,0 101.533347319,1.701624621,0 101.533293397,1.701624731,0 101.533185552,1.70163172,0 101.532915939,1.701662181,0 101.532844042,1.701666789,0 101.532772145,1.701669017,0 101.532754171,1.701673017,0 101.532736197,1.701673017,0 101.532736197,1.701691104,0 101.532718223,1.701691104,0 101.532718223,1.70178154,0 101.532700249,1.70178154,0 101.532700249,1.701853889,0 101.532718223,1.701853889,0 101.532736197,1.70184354,0 101.532754171,1.70184354,0 101.532862016,1.70183571,0 101.533149603,1.701797738,0 101.533239474,1.701789924,0 101.533275423,1.701789061,0 101.533329345,1.701790584,0 101.533580984,1.701811146,0 101.533706803,1.701815197,0 101.533904519,1.701814512,0 101.533958442,1.70181279,0 101.534030339,1.701806213,0 101.534102235,1.701793694,0 101.534569564,1.701682818,0 101.534839177,1.701612196,0 101.535234609,1.701500799,0 101.535378403,1.701448499,0 101.535573243,1.701365534,0 101.53566599,1.701329675,0 101.535809783,1.701279696,0 101.535917628,1.701248807,0 101.536178254,1.701184662,0 101.536546725,1.701102777,0 101.536955852,1.701003789,0 101.537229744,1.700943465,0 101.537354144,1.700913353,0 101.537445434,1.700894067,0 101.537607202,1.700864259,0 101.537679099,1.700852595,0 101.537750996,1.700844363,0 101.537786944,1.70083502,0 101.537840866,1.700811223,0 101.537894789,1.700779729,0 101.537929716,1.700750568,0 101.537941722,1.700732481,0 101.538035684,1.700551608,0 101.538101942,1.700334562,0 101.538110479,1.700310861,0 101.538128454,1.700292358,0 101.538146428,1.700301332,0 101.538265237,1.700497347,0 101.538344144,1.700594777,0 101.538398066,1.700641406,0 101.538434015,1.70066527,0 101.538451989,1.700672899,0 101.538469963,1.700675822,0 101.538487937,1.700674149,0 101.538505911,1.700669058,0 101.538523886,1.700660132,0 101.538559834,1.700632084,0 101.538609783,1.700569696,0 101.538901772,1.700045166,0 101.538970057,1.69995473,0 101.539040858,1.699791945,0 101.539063111,1.699767908,0 101.539091071,1.69975577,0 101.539208902,1.699737683,0 101.539242853,1.699734827,0 101.539307261,1.699737683,0 101.539350698,1.699746965,0 101.539375092,1.69975577,0 101.539458543,1.699804514,0 101.539756316,1.699918555,0 101.54030333,1.700167671,0 101.54042915,1.700212933,0 101.540519021,1.700234821,0 101.540554969,1.700239448,0 101.540590917,1.700241631,0 101.540680788,1.700240631,0 101.541255962,1.70020774,0 101.541345833,1.700200387,0 101.541435704,1.70019056,0 101.541453678,1.700169742,0 101.541489627,1.700160047,0 101.541525575,1.700160047,0 101.541543549,1.700171777,0 101.541525575,1.700153689,0 101.541507601,1.700153689,0 101.541489627,1.700135602,0 101.541471653,1.700135602,0 101.541453678,1.700117515,0 101.54141773,1.700117515,0 101.541399756,1.700099428,0 101.541381782,1.700099428,0 101.541363807,1.700081341,0 101.541345833,1.700081341,0 101.541327859,1.700063253,0 101.541309885,1.700063253,0 101.541291911,1.700045166,0 101.541273936,1.700045166,0 101.541255962,1.700027079,0 101.541237988,1.700027079,0 101.541220014,1.700008992,0 101.541184065,1.700008992,0 101.541166091,1.69999171,0 101.541094195,1.699992842,0 101.54107622,1.69999665,0 101.541058246,1.700013324,0 101.541004324,1.700018354,0 101.540842556,1.700030413,0 101.540519021,1.70004849,0 101.540465098,1.700048137,0 101.54042915,1.700044574,0 101.540375227,1.700034863,0 101.540339279,1.700025844,0 101.540285356,1.700008009,0 101.540213459,1.699977671,0 101.540051692,1.699893359,0 101.539836001,1.699765458,0 101.539476518,1.699536034,0 101.539440569,1.699522627,0 101.539422595,1.69952053,0 
						</coordinates>
					</LinearRing>
				</outerBoundaryIs>
			</Polygon>
		</Placemark>
		<Placemark>
			<name>2-4m</name>
			<styleUrl>#style.#FFFF6600..0.255</styleUrl>
			<Polygon>
				<tessellate>1</tessellate>
				<outerBoundaryIs>
					<LinearRing>
						<coordinates>
							101.522886342,1.65528579,0 101.522814445,1.65528579,0 101.522724574,1.655312467,0 101.522687085,1.655333524,0 101.522639052,1.655351611,0 101.522508884,1.655389421,0 101.522417956,1.65542396,0 101.522329142,1.655470168,0 101.52218604,1.655568658,0 101.522131426,1.65560126,0 101.521951684,1.655687713,0 101.521822577,1.655767618,0 101.521752845,1.655803792,0 101.521700046,1.655814146,0 101.521556252,1.655828304,0 101.521484355,1.655841743,0 101.521430433,1.655872663,0 101.52131932,1.65594849,0 101.521235793,1.656020839,0 101.521214742,1.656046983,0 101.52116082,1.656080406,0 101.521106897,1.656103043,0 101.520927155,1.656157785,0 101.520837284,1.656195301,0 101.520711465,1.656262234,0 101.520546147,1.656364497,0 101.520082369,1.656557593,0 101.519791647,1.656708154,0 101.519704911,1.656743088,0 101.519543143,1.656792476,0 101.519417324,1.656844731,0 101.519345427,1.656883179,0 101.519234456,1.656961375,0 101.519171404,1.65699755,0 101.518910291,1.657124161,0 101.518698356,1.65720907,0 101.518554563,1.657275043,0 101.518401155,1.657359295,0 101.518213053,1.657455725,0 101.518051285,1.657549906,0 101.518015337,1.657563172,0 101.517979389,1.657570225,0 101.517925466,1.657574105,0 101.517889518,1.657571459,0 101.517853569,1.65757295,0 101.517835595,1.657576341,0 101.517817621,1.657576341,0 101.517835595,1.657594429,0 101.517871543,1.657630603,0 101.517889518,1.65764869,0 101.517907492,1.657666778,0 101.517961414,1.657721039,0 101.517979389,1.657706004,0 101.517997363,1.657706004,0 101.518051285,1.657691978,0 101.518105208,1.657671956,0 101.518584692,1.657413556,0 101.518985943,1.657242481,0 101.519183659,1.657138512,0 101.519417324,1.657031659,0 101.519627338,1.656925201,0 101.519758833,1.656866596,0 101.52017224,1.656662744,0 101.52060362,1.656487592,0 101.520675517,1.656448926,0 101.520783362,1.656379171,0 101.520846202,1.656346409,0 101.52094513,1.656307525,0 101.521178794,1.656234549,0 101.521258712,1.656201711,0 101.521321215,1.656165537,0 101.521430433,1.656086961,0 101.521488014,1.656057013,0 101.52150606,1.656038926,0 101.52150091,1.656020839,0 101.5215922,1.655991558,0 101.521771942,1.655952579,0 101.521861813,1.655920238,0 101.521915736,1.655891758,0 101.522023581,1.655820806,0 101.522113452,1.655770493,0 101.522329142,1.655669406,0 101.522547688,1.655550571,0 101.522724574,1.655472125,0 101.522832419,1.655450575,0 101.522904316,1.655450575,0 101.522904316,1.655387786,0 101.522886342,1.655369698,0 101.522886342,1.65528579,0 
						</coordinates>
					</LinearRing>
				</outerBoundaryIs>
			</Polygon>
		</Placemark>
		<Placemark>
			<name>2-4m</name>
			<styleUrl>#style.#FFFF6600..0.255</styleUrl>
			<Polygon>
				<tessellate>1</tessellate>
				<outerBoundaryIs>
					<LinearRing>
						<coordinates>
							101.539386647,1.699435702,0 101.539368672,1.699438928,0 101.539332724,1.699454104,0 101.539242853,1.699528372,0 101.539206905,1.699550996,0 101.539170956,1.699567594,0 101.539135008,1.699579622,0 101.53909906,1.699587932,0 101.53897324,1.699606003,0 101.538919318,1.699616499,0 101.538876629,1.69962916,0 101.538811473,1.699657535,0 101.538766109,1.699683421,0 101.538746316,1.699701509,0 101.538721438,1.699737683,0 101.538685653,1.699768788,0 101.538631731,1.699795538,0 101.538577808,1.699813941,0 101.538430591,1.699846207,0 101.538362118,1.699863475,0 101.53832617,1.699867647,0 101.538290221,1.699862541,0 101.538197886,1.699828119,0 101.538146428,1.699817131,0 101.538110479,1.699816537,0 101.538074531,1.699820949,0 101.538038583,1.699828956,0 101.538002634,1.699842118,0 101.537946237,1.699882381,0 101.53790009,1.699936643,0 101.537883996,1.699972817,0 101.537858841,1.700096345,0 101.537827159,1.700189864,0 101.537786944,1.700273882,0 101.537733021,1.700332381,0 101.537697073,1.700357141,0 101.537535305,1.700435681,0 101.53742746,1.700478123,0 101.537301641,1.70053391,0 101.537229744,1.700559594,0 101.537067976,1.700603597,0 101.536834312,1.700661344,0 101.536618622,1.700730164,0 101.536546725,1.70074969,0 101.53609737,1.700848186,0 101.535899654,1.700895177,0 101.535791809,1.700925352,0 101.535701938,1.700956007,0 101.535612067,1.700991199,0 101.535342454,1.701119085,0 101.535216635,1.701170594,0 101.535162712,1.701189163,0 101.535072842,1.701210079,0 101.534964996,1.70122411,0 101.534911074,1.701233719,0 101.534690141,1.701293185,0 101.534497667,1.701333429,0 101.534317926,1.701374395,0 101.534228055,1.701400708,0 101.534102235,1.701444873,0 101.534066287,1.701453633,0 101.534030339,1.701460879,0 101.533976416,1.701466857,0 101.533850597,1.701470066,0 101.533760726,1.701474478,0 101.533652881,1.701475481,0 101.533509087,1.701465425,0 101.533347319,1.701464699,0 101.533203526,1.701469616,0 101.532969862,1.701490877,0 101.532862016,1.701492756,0 101.532808094,1.701491872,0 101.53279012,1.701492144,0 101.532772145,1.701492144,0 101.532772145,1.701510232,0 101.532754171,1.701510232,0 101.532754171,1.701600668,0 101.532736197,1.701600668,0 101.532736197,1.701673017,0 101.532754171,1.701673017,0 101.532772145,1.701669017,0 101.532844042,1.701666789,0 101.532915939,1.701662181,0 101.533185552,1.70163172,0 101.533293397,1.701624731,0 101.533347319,1.701624621,0 101.53343719,1.701628379,0 101.533598958,1.701641469,0 101.533706803,1.701644111,0 101.533958442,1.701639671,0 101.534030339,1.701632813,0 101.534084261,1.701622649,0 101.534317926,1.701557607,0 101.534749306,1.701455704,0 101.535000945,1.701385621,0 101.535126764,1.701360482,0 101.535216635,1.701337288,0 101.535360429,1.70128235,0 101.535630041,1.70116203,0 101.535755861,1.701116182,0 101.535845732,1.701088078,0 101.536151293,1.701012567,0 101.536564699,1.700921029,0 101.536852286,1.700842388,0 101.537229744,1.700752011,0 101.537661125,1.700609104,0 101.537733021,1.700590385,0 101.537750996,1.700583527,0 101.537786944,1.700560302,0 101.537804918,1.700540139,0 101.537858841,1.700466168,0 101.537889131,1.700406911,0 101.537935834,1.700226038,0 101.537970093,1.699972817,0 101.537986321,1.699936643,0 101.538002634,1.699916649,0 101.538020608,1.699905015,0 101.538056557,1.69989242,0 101.538092505,1.699889227,0 101.538110479,1.699891645,0 101.538128454,1.699897123,0 101.538146428,1.699907593,0 101.538173213,1.699936643,0 101.538254273,1.700095016,0 101.53832617,1.700205507,0 101.538362118,1.700239091,0 101.538380092,1.700247075,0 101.538398066,1.700249173,0 101.538416041,1.700245912,0 101.538451989,1.700223275,0 101.538487937,1.700180677,0 101.538613757,1.699960343,0 101.538644599,1.699936643,0 101.538739576,1.699893363,0 101.538793498,1.699852383,0 101.53884277,1.699791945,0 101.538883369,1.699701033,0 101.538910074,1.699683421,0 101.53897324,1.699662561,0 101.539027163,1.699653358,0 101.539135008,1.699643616,0 101.539170956,1.699637083,0 101.539206905,1.699626117,0 101.539260827,1.699599372,0 101.539350698,1.699541692,0 101.539386647,1.699525829,0 101.539404621,1.699521697,0 101.539422595,1.69952053,0 101.539440569,1.699522627,0 101.539476518,1.699536034,0 101.539836001,1.699765458,0 101.540051692,1.699893359,0 101.540213459,1.699977671,0 101.540285356,1.700008009,0 101.540339279,1.700025844,0 101.540375227,1.700034863,0 101.54042915,1.700044574,0 101.540465098,1.700048137,0 101.540519021,1.70004849,0 101.540842556,1.700030413,0 101.541004324,1.700018354,0 101.541058246,1.700013324,0 101.54107622,1.69999665,0 101.541094195,1.699992842,0 101.541166091,1.69999171,0 101.541184065,1.700008992,0 101.541166091,1.699990904,0 101.541148117,1.699990904,0 101.541130143,1.699972817,0 101.541112169,1.699972817,0 101.541094195,1.69995473,0 101.54107622,1.69995473,0 101.541058246,1.699936643,0 101.541040272,1.699936643,0 101.541022298,1.699918555,0 101.541004324,1.699918555,0 101.540986349,1.699900468,0 101.540968375,1.699900468,0 101.540950401,1.699882381,0 101.540914453,1.699882381,0 101.540896478,1.699864294,0 101.540878504,1.699864294,0 101.54086053,1.699846207,0 101.540842556,1.699846207,0 101.540824582,1.699828119,0 101.540806608,1.699828119,0 101.540788633,1.699810032,0 101.540770659,1.699810032,0 101.540752685,1.699791945,0 101.540734711,1.699791945,0 101.540716737,1.699773858,0 101.540715379,1.699773858,0 101.540709906,1.699810032,0 101.540698762,1.699822922,0 101.540680788,1.699826064,0 101.540662814,1.699837424,0 101.540465098,1.699850653,0 101.54030333,1.699859352,0 101.540249408,1.699857126,0 101.540195485,1.699847303,0 101.540141563,1.699831419,0 101.54008764,1.699811118,0 101.540015743,1.699778427,0 101.539943847,1.699740755,0 101.539764105,1.699634344,0 101.539476518,1.699451714,0 101.539458543,1.699444597,0 101.539422595,1.699436195,0 101.539386647,1.699435702,0 
						</coordinates>
					</LinearRing>
				</outerBoundaryIs>
			</Polygon>
		</Placemark>
		<Placemark>
			<name>4-6m</name>
			<styleUrl>#style.#FFFF9900..0.255</styleUrl>
			<Polygon>
				<tessellate>1</tessellate>
				<outerBoundaryIs>
					<LinearRing>
						<coordinates>
							101.521610175,1.665181202,0 101.521564548,1.665191068,0 101.521543808,1.665209155,0 101.521556252,1.665225434,0 101.521574226,1.665224228,0 101.521616915,1.665209155,0 101.521632642,1.665191068,0 101.521628149,1.665186245,0 101.521610175,1.665181202,0 
						</coordinates>
					</LinearRing>
				</outerBoundaryIs>
			</Polygon>
		</Placemark>
		<Placemark>
			<name>4-6m</name>
			<styleUrl>#style.#FFFF9900..0.255</styleUrl>
			<Polygon>
				<tessellate>1</tessellate>
				<outerBoundaryIs>
					<LinearRing>
						<coordinates>
							101.539404621,1.69937135,0 101.539368672,1.699372604,0 101.539350698,1.699375878,0 101.53931475,1.699389145,0 101.539278802,1.699411663,0 101.53917229,1.699502549,0 101.539140373,1.699520636,0 101.539081085,1.699538749,0 101.538883369,1.699570429,0 101.538793498,1.699594581,0 101.538703628,1.699631473,0 101.538649705,1.699661035,0 101.538577808,1.69970806,0 101.538523886,1.699729945,0 101.538469963,1.699740612,0 101.538416041,1.699745909,0 101.538362118,1.699748171,0 101.538218324,1.699747625,0 101.538146428,1.699751868,0 101.538110479,1.69975742,0 101.538056557,1.699769841,0 101.537988004,1.699791945,0 101.537948712,1.699812593,0 101.53789869,1.699846207,0 101.537838769,1.699900468,0 101.537812201,1.699936643,0 101.537743955,1.700063253,0 101.537715047,1.700103593,0 101.537679099,1.700139845,0 101.537553279,1.70021746,0 101.537445434,1.700265074,0 101.537337589,1.700322274,0 101.537265692,1.700353719,0 101.537193796,1.700377818,0 101.536798364,1.700484912,0 101.536600648,1.700557429,0 101.536528751,1.700578125,0 101.536061422,1.70067946,0 101.535863706,1.700726066,0 101.535755861,1.700757587,0 101.535683964,1.700783609,0 101.535594093,1.700821505,0 101.53532448,1.700955126,0 101.535180687,1.701016997,0 101.535126764,1.7010361,0 101.535036893,1.701057892,0 101.5348931,1.701071756,0 101.534821203,1.701082335,0 101.534766589,1.701094225,0 101.534623487,1.701132341,0 101.534425771,1.701168284,0 101.534299951,1.701195806,0 101.53421008,1.701224855,0 101.534084261,1.70127536,0 101.534012364,1.701291548,0 101.533958442,1.701296286,0 101.533886545,1.701298679,0 101.533796674,1.701305159,0 101.533724777,1.701308105,0 101.533670855,1.701308244,0 101.533580984,1.701302515,0 101.53343719,1.701307592,0 101.533257449,1.701305406,0 101.533023784,1.701319509,0 101.532915939,1.701315282,0 101.532862016,1.701309662,0 101.532844042,1.701309662,0 101.532826068,1.701311272,0 101.532808094,1.701311272,0 101.532808094,1.701329359,0 101.53279012,1.701329359,0 101.53279012,1.701419796,0 101.532772145,1.701419796,0 101.532772145,1.701492144,0 101.53279012,1.701492144,0 101.532808094,1.701491872,0 101.532862016,1.701492756,0 101.532969862,1.701490877,0 101.533203526,1.701469616,0 101.533347319,1.701464699,0 101.533509087,1.701465425,0 101.533652881,1.701475481,0 101.533760726,1.701474478,0 101.533850597,1.701470066,0 101.533976416,1.701466857,0 101.534030339,1.701460879,0 101.534066287,1.701453633,0 101.534102235,1.701444873,0 101.534228055,1.701400708,0 101.534317926,1.701374395,0 101.534497667,1.701333429,0 101.534690141,1.701293185,0 101.534911074,1.701233719,0 101.534964996,1.70122411,0 101.535072842,1.701210079,0 101.535162712,1.701189163,0 101.535216635,1.701170594,0 101.535342454,1.701119085,0 101.535612067,1.700991199,0 101.535701938,1.700956007,0 101.535791809,1.700925352,0 101.535899654,1.700895177,0 101.53609737,1.700848186,0 101.536546725,1.70074969,0 101.536618622,1.700730164,0 101.536834312,1.700661344,0 101.537067976,1.700603597,0 101.537229744,1.700559594,0 101.537301641,1.70053391,0 101.53742746,1.700478123,0 101.537535305,1.700435681,0 101.537697073,1.700357141,0 101.537733021,1.700332381,0 101.537786944,1.700273882,0 101.537827159,1.700189864,0 101.537858841,1.700096345,0 101.537883996,1.699972817,0 101.53790009,1.699936643,0 101.537946237,1.699882381,0 101.538002634,1.699842118,0 101.538038583,1.699828956,0 101.538074531,1.699820949,0 101.538110479,1.699816537,0 101.538146428,1.699817131,0 101.538197886,1.699828119,0 101.538290221,1.699862541,0 101.53832617,1.699867647,0 101.538362118,1.699863475,0 101.538430591,1.699846207,0 101.538577808,1.699813941,0 101.538631731,1.699795538,0 101.538685653,1.699768788,0 101.538721438,1.699737683,0 101.538746316,1.699701509,0 101.538766109,1.699683421,0 101.538811473,1.699657535,0 101.538876629,1.69962916,0 101.538919318,1.699616499,0 101.53897324,1.699606003,0 101.53909906,1.699587932,0 101.539135008,1.699579622,0 101.539170956,1.699567594,0 101.539206905,1.699550996,0 101.539242853,1.699528372,0 101.539332724,1.699454104,0 101.539368672,1.699438928,0 101.539386647,1.699435702,0 101.539422595,1.699436195,0 101.539458543,1.699444597,0 101.539476518,1.699451714,0 101.539764105,1.699634344,0 101.539943847,1.699740755,0 101.540015743,1.699778427,0 101.54008764,1.699811118,0 101.540141563,1.699831419,0 101.540195485,1.699847303,0 101.540249408,1.699857126,0 101.54030333,1.699859352,0 101.540465098,1.699850653,0 101.540662814,1.699837424,0 101.540680788,1.699826064,0 101.540698762,1.699822922,0 101.540709906,1.699810032,0 101.540715379,1.699773858,0 101.540680788,1.699773858,0 101.540662814,1.69975577,0 101.54064484,1.69975577,0 101.540626866,1.699737683,0 101.540608891,1.699737683,0 101.540590917,1.699719596,0 101.540572943,1.699719596,0 101.540554969,1.699701509,0 101.540536995,1.699701509,0 101.540519021,1.699683421,0 101.540501046,1.699683421,0 101.540483072,1.699665334,0 101.540465098,1.699665334,0 101.540447124,1.699647247,0 101.540411175,1.699647247,0 101.540393201,1.699637487,0 101.540339279,1.699638107,0 101.540321304,1.69964806,0 101.540285356,1.699652937,0 101.540267382,1.699660282,0 101.540141563,1.699667645,0 101.540069666,1.699669632,0 101.540033717,1.699666474,0 101.539997769,1.699659141,0 101.539907898,1.699629049,0 101.539800053,1.699578263,0 101.539692208,1.699518079,0 101.539512466,1.699406344,0 101.539476518,1.699388238,0 101.539440569,1.699376598,0 101.539404621,1.69937135,0 
						</coordinates>
					</LinearRing>
				</outerBoundaryIs>
			</Polygon>
		</Placemark>
		<Placemark>
			<name>4-6m</name>
			<styleUrl>#style.#FFFF9900..0.255</styleUrl>
			<Polygon>
				<tessellate>1</tessellate>
				<outerBoundaryIs>
					<LinearRing>
						<coordinates>
							101.523209877,1.6641176,0 101.523173929,1.664122362,0 101.523137981,1.664140662,0 101.523119811,1.664160096,0 101.523101354,1.66419627,0 101.523091248,1.664250532,0 101.523102032,1.664324525,0 101.523120006,1.664352854,0 101.523137981,1.664363988,0 101.523155955,1.66436541,0 101.523191903,1.664348203,0 101.523227852,1.664305999,0 101.523257977,1.664250532,0 101.52327647,1.66419627,0 101.523265842,1.664142008,0 101.523242497,1.664123921,0 101.523209877,1.6641176,0 
						</coordinates>
					</LinearRing>
				</outerBoundaryIs>
			</Polygon>
		</Placemark>
		<Placemark>
			<name>4-6m</name>
			<styleUrl>#style.#FFFF9900..0.255</styleUrl>
			<Polygon>
				<tessellate>1</tessellate>
				<outerBoundaryIs>
					<LinearRing>
						<coordinates>
							101.521268665,1.665366515,0 101.521232717,1.665374111,0 101.521035001,1.665438509,0 101.520999052,1.665455873,0 101.52096844,1.665480464,0 101.520943537,1.665516638,0 101.520938294,1.665552813,0 101.52094513,1.665594601,0 101.520968933,1.665625162,0 101.521017026,1.665648923,0 101.521052975,1.66565072,0 101.521088923,1.665635428,0 101.521266097,1.665462377,0 101.521288531,1.665426202,0 101.521298622,1.665371941,0 101.521286639,1.665366773,0 101.521268665,1.665366515,0 
						</coordinates>
					</LinearRing>
				</outerBoundaryIs>
			</Polygon>
		</Placemark>
		<Placemark>
			<name>4-6m</name>
			<styleUrl>#style.#FFFF9900..0.255</styleUrl>
			<Polygon>
				<tessellate>1</tessellate>
				<outerBoundaryIs>
					<LinearRing>
						<coordinates>
							101.522904316,1.655450575,0 101.522832419,1.655450575,0 101.522724574,1.655472125,0 101.522547688,1.655550571,0 101.522329142,1.655669406,0 101.522113452,1.655770493,0 101.522023581,1.655820806,0 101.521915736,1.655891758,0 101.521861813,1.655920238,0 101.521771942,1.655952579,0 101.5215922,1.655991558,0 101.52150091,1.656020839,0 101.52150606,1.656038926,0 101.521488014,1.656057013,0 101.521430433,1.656086961,0 101.521321215,1.656165537,0 101.521258712,1.656201711,0 101.521178794,1.656234549,0 101.52094513,1.656307525,0 101.520846202,1.656346409,0 101.520783362,1.656379171,0 101.520675517,1.656448926,0 101.52060362,1.656487592,0 101.52017224,1.656662744,0 101.519758833,1.656866596,0 101.519627338,1.656925201,0 101.519417324,1.657031659,0 101.519183659,1.657138512,0 101.518985943,1.657242481,0 101.518584692,1.657413556,0 101.518105208,1.657671956,0 101.518051285,1.657691978,0 101.517997363,1.657706004,0 101.517979389,1.657706004,0 101.517961414,1.657721039,0 101.51794344,1.657702952,0 101.51794344,1.658028522,0 101.517961414,1.65804661,0 101.517979389,1.65804661,0 101.517997363,1.658046059,0 101.518015337,1.658044439,0 101.518051285,1.657973949,0 101.518105208,1.657915551,0 101.518123182,1.657863288,0 101.518153139,1.657829563,0 101.51851167,1.657612516,0 101.518608725,1.657558254,0 101.51905784,1.657368154,0 101.519294855,1.657250771,0 101.519507195,1.657166455,0 101.519722885,1.657060252,0 101.519884653,1.656994043,0 101.520082369,1.656898546,0 101.520289382,1.656780503,0 101.520495775,1.656699478,0 101.520711465,1.65660547,0 101.520914607,1.656491107,0 101.520963104,1.656471787,0 101.521178794,1.656411338,0 101.521340562,1.656348066,0 101.521409787,1.656310235,0 101.521506652,1.656237886,0 101.5215844,1.656201711,0 101.521728368,1.656165537,0 101.522059529,1.656049825,0 101.522115592,1.656020839,0 101.522287089,1.655912316,0 101.522501572,1.655803792,0 101.522616729,1.655739557,0 101.522688626,1.655693594,0 101.522742548,1.655646336,0 101.522778497,1.655647512,0 101.522850394,1.655627867,0 101.52292229,1.655627867,0 101.52292229,1.655532484,0 101.522904316,1.655514396,0 101.522904316,1.655450575,0 
						</coordinates>
					</LinearRing>
				</outerBoundaryIs>
			</Polygon>
		</Placemark>
		<Placemark>
			<name>6-8m</name>
			<styleUrl>#style.#FFFF9900..0.255</styleUrl>
			<Polygon>
				<tessellate>1</tessellate>
				<outerBoundaryIs>
					<LinearRing>
						<coordinates>
							101.52292229,1.655627867,0 101.522850394,1.655627867,0 101.522778497,1.655647512,0 101.522742548,1.655646336,0 101.522688626,1.655693594,0 101.522616729,1.655739557,0 101.522501572,1.655803792,0 101.522287089,1.655912316,0 101.522115592,1.656020839,0 101.522059529,1.656049825,0 101.521728368,1.656165537,0 101.5215844,1.656201711,0 101.521506652,1.656237886,0 101.521409787,1.656310235,0 101.521340562,1.656348066,0 101.521178794,1.656411338,0 101.520963104,1.656471787,0 101.520914607,1.656491107,0 101.520711465,1.65660547,0 101.520495775,1.656699478,0 101.520289382,1.656780503,0 101.520082369,1.656898546,0 101.519884653,1.656994043,0 101.519722885,1.657060252,0 101.519507195,1.657166455,0 101.519294855,1.657250771,0 101.51905784,1.657368154,0 101.518608725,1.657558254,0 101.51851167,1.657612516,0 101.518153139,1.657829563,0 101.518123182,1.657863288,0 101.518105208,1.657915551,0 101.518051285,1.657973949,0 101.518015337,1.658044439,0 101.517997363,1.658046059,0 101.517979389,1.65804661,0 101.517961414,1.65804661,0 101.517961414,1.65837218,0 101.517979389,1.658390267,0 101.517979389,1.658715837,0 101.517997363,1.658733925,0 101.517997363,1.658824361,0 101.518015337,1.658842448,0 101.518033311,1.658832182,0 101.518051285,1.658832182,0 101.518148724,1.658770099,0 101.51815913,1.658754182,0 101.518195079,1.65863972,0 101.518231027,1.658580545,0 101.518378633,1.658390267,0 101.518448457,1.658281744,0 101.518541082,1.658191308,0 101.518662408,1.658114824,0 101.518806201,1.658060046,0 101.519381375,1.657899956,0 101.51948922,1.657859206,0 101.519650988,1.657789513,0 101.519686936,1.65777932,0 101.519740859,1.657774736,0 101.519776807,1.65777999,0 101.519812756,1.657791997,0 101.519920601,1.657840114,0 101.519974523,1.657848346,0 101.520010472,1.657841938,0 101.520033977,1.657829563,0 101.52004642,1.657817041,0 101.520101241,1.657739127,0 101.520138987,1.657702952,0 101.520254709,1.657612516,0 101.520316033,1.657554637,0 101.520553068,1.657377382,0 101.520634775,1.65732312,0 101.520762622,1.657250771,0 101.52094513,1.657176294,0 101.521070949,1.657133204,0 101.521142846,1.657114805,0 101.521322588,1.657084971,0 101.521394484,1.657060101,0 101.521484355,1.657015637,0 101.521502329,1.657013467,0 101.521610175,1.656979463,0 101.521700046,1.656961375,0 101.521879787,1.656906253,0 101.521915736,1.656899879,0 101.521987633,1.65689807,0 101.522041555,1.656908065,0 101.522113452,1.656935536,0 101.522221297,1.656986419,0 101.522239271,1.656989798,0 101.522257245,1.656986697,0 101.522293194,1.656973132,0 101.522329142,1.656948048,0 101.522349567,1.656925201,0 101.522413022,1.656816677,0 101.522442636,1.656708154,0 101.522507827,1.656545369,0 101.522561309,1.656382584,0 101.522724574,1.656125406,0 101.522757194,1.656093188,0 101.522778497,1.656085867,0 101.522796471,1.656086878,0 101.522814445,1.656103236,0 101.522832419,1.65611094,0 101.522868368,1.65611264,0 101.522904316,1.656122311,0 101.522976213,1.656122311,0 101.522976213,1.656002752,0 101.522958239,1.655984665,0 101.522958239,1.655839967,0 101.522940265,1.655821879,0 101.522940265,1.655695269,0 101.52292229,1.655677181,0 101.52292229,1.655627867,0 
						</coordinates>
					</LinearRing>
				</outerBoundaryIs>
			</Polygon>
		</Placemark>
		<Placemark>
			<name>6-8m</name>
			<styleUrl>#style.#FFFF9900..0.255</styleUrl>
			<Polygon>
				<tessellate>1</tessellate>
				<outerBoundaryIs>
					<LinearRing>
						<coordinates>
							101.521969658,1.667913714,0 101.52193371,1.66791726,0 101.521879787,1.667930295,0 101.521771942,1.667974748,0 101.521628149,1.668027218,0 101.521574226,1.668051083,0 101.521538278,1.668071719,0 101.52149788,1.668103113,0 101.521465709,1.668139288,0 101.521454826,1.668175462,0 101.521466381,1.668226177,0 101.521493423,1.668265898,0 101.521537279,1.668302073,0 101.521574226,1.668318917,0 101.521628149,1.668331452,0 101.521664097,1.668334993,0 101.52171802,1.668335986,0 101.522041555,1.668326983,0 101.522113452,1.668328578,0 101.522239271,1.668338107,0 101.522293194,1.668334122,0 101.522347116,1.668317064,0 101.522401039,1.668286073,0 101.522474627,1.668229724,0 101.522577595,1.668139288,0 101.522591086,1.6681212,0 101.52260154,1.668085026,0 101.522585084,1.668048851,0 101.522564466,1.668030764,0 101.522533046,1.668012677,0 101.52249029,1.66799459,0 101.522347116,1.667951846,0 101.522311168,1.667944122,0 101.522239271,1.667936087,0 101.522113452,1.66792974,0 101.522005607,1.667913961,0 101.521969658,1.667913714,0 
						</coordinates>
					</LinearRing>
				</outerBoundaryIs>
			</Polygon>
		</Placemark>
		<Placemark>
			<name>6-8m</name>
			<styleUrl>#style.#FFFF9900..0.255</styleUrl>
			<Polygon>
				<tessellate>1</tessellate>
				<outerBoundaryIs>
					<LinearRing>
						<coordinates>
							101.519884653,1.662573587,0 101.519740859,1.662594203,0 101.519693527,1.662604593,0 101.519644597,1.662622681,0 101.519581706,1.662658855,0 101.519539607,1.66269503,0 101.519516438,1.662731204,0 101.519525169,1.662756739,0 101.519543143,1.662773408,0 101.519561117,1.662781245,0 101.51961504,1.662782513,0 101.519704911,1.662762979,0 101.519786793,1.662731204,0 101.519899257,1.662676942,0 101.519924595,1.662658855,0 101.519946792,1.662622681,0 101.519945315,1.662604593,0 101.519920601,1.662580854,0 101.519902627,1.662574448,0 101.519884653,1.662573587,0 
						</coordinates>
					</LinearRing>
				</outerBoundaryIs>
			</Polygon>
		</Placemark>
		<Placemark>
			<name>6-8m</name>
			<styleUrl>#style.#FFFF9900..0.255</styleUrl>
			<Polygon>
				<tessellate>1</tessellate>
				<outerBoundaryIs>
					<LinearRing>
						<coordinates>
							101.52446807,1.691311618,0 101.524450096,1.691311618,0 101.524432122,1.691318077,0 101.524414148,1.691327121,0 101.524405161,1.691345208,0 101.524414148,1.691368463,0 101.524434888,1.69139947,0 101.52446807,1.691425779,0 101.524504019,1.691440166,0 101.52452456,1.691435644,0 101.524544461,1.691417557,0 101.524553039,1.691381383,0 101.524545359,1.691345208,0 101.524521993,1.691322188,0 101.52446807,1.691311618,0 
						</coordinates>
					</LinearRing>
				</outerBoundaryIs>
			</Polygon>
		</Placemark>
		<Placemark>
			<name>6-8m</name>
			<styleUrl>#style.#FFFF9900..0.255</styleUrl>
			<Polygon>
				<tessellate>1</tessellate>
				<outerBoundaryIs>
					<LinearRing>
						<coordinates>
							101.522778497,1.666188579,0 101.5227066,1.666197839,0 101.522652677,1.666217373,0 101.522580781,1.666252692,0 101.52249091,1.666285276,0 101.522436249,1.666312477,0 101.522378296,1.666366739,0 101.52236509,1.666384826,0 101.522335882,1.666457175,0 101.522299816,1.666493349,0 101.522239271,1.666522176,0 101.5221494,1.66655731,0 101.522132483,1.666565698,0 101.522114909,1.666583785,0 101.522103341,1.66661996,0 101.522104938,1.666656134,0 101.522113452,1.666675794,0 101.5221494,1.666685074,0 101.522185349,1.666684861,0 101.522257245,1.666671395,0 101.522401039,1.666652074,0 101.52249091,1.666623577,0 101.522562807,1.666583115,0 101.522639526,1.666529524,0 101.522732563,1.666421,0 101.52280265,1.666366739,0 101.522862376,1.666330564,0 101.522904878,1.66629439,0 101.522913303,1.666276302,0 101.522911717,1.666240128,0 101.522898325,1.666222041,0 101.522865158,1.666203953,0 101.522814445,1.66619168,0 101.522778497,1.666188579,0 
						</coordinates>
					</LinearRing>
				</outerBoundaryIs>
			</Polygon>
		</Placemark>
		<Placemark>
			<name>6-8m</name>
			<styleUrl>#style.#FFFF9900..0.255</styleUrl>
			<Polygon>
				<tessellate>1</tessellate>
				<outerBoundaryIs>
					<LinearRing>
						<coordinates>
							101.521915736,1.666746893,0 101.521879787,1.666748763,0 101.521825865,1.666760899,0 101.521783426,1.666782745,0 101.521765141,1.666800832,0 101.521758462,1.666818919,0 101.521771942,1.666843244,0 101.521807891,1.666859732,0 101.521843839,1.666864741,0 101.521879787,1.666861877,0 101.52193371,1.666847012,0 101.52199662,1.666818919,0 101.522018851,1.666800832,0 101.522020409,1.666782745,0 101.522002012,1.666764658,0 101.521951684,1.666750681,0 101.521915736,1.666746893,0 
						</coordinates>
					</LinearRing>
				</outerBoundaryIs>
			</Polygon>
		</Placemark>
		<Placemark>
			<name>6-8m</name>
			<styleUrl>#style.#FFFF9900..0.255</styleUrl>
			<Polygon>
				<tessellate>1</tessellate>
				<outerBoundaryIs>
					<LinearRing>
						<coordinates>
							101.521574226,1.668702863,0 101.521502329,1.668711454,0 101.521466381,1.668722723,0 101.521430433,1.668740625,0 101.521334825,1.668808515,0 101.521277652,1.668862777,0 101.521178794,1.668986976,0 101.521079119,1.669097911,0 101.521052975,1.669138775,0 101.520968496,1.669224522,0 101.520981078,1.669232435,0 101.521017026,1.669238992,0 101.521070949,1.669241403,0 101.521142846,1.669236897,0 101.521201761,1.669224522,0 101.521247565,1.669206435,0 101.521268665,1.66919328,0 101.521372017,1.669115998,0 101.521394484,1.669104528,0 101.521430433,1.669095004,0 101.521484355,1.669093992,0 101.521520304,1.669100094,0 101.521556252,1.669112568,0 101.521664097,1.669167357,0 101.52171802,1.669179726,0 101.521753968,1.669180326,0 101.521807891,1.66917276,0 101.521861813,1.669156129,0 101.521897762,1.669137507,0 101.521943259,1.669097911,0 101.521969364,1.669061737,0 101.521981235,1.669025562,0 101.521981641,1.668989388,0 101.521952594,1.668898952,0 101.521933311,1.668808515,0 101.521897762,1.66876234,0 101.521843839,1.668730394,0 101.521807891,1.66872063,0 101.521753968,1.668712713,0 101.521574226,1.668702863,0 
						</coordinates>
					</LinearRing>
				</outerBoundaryIs>
			</Polygon>
		</Placemark>
		<Placemark>
			<name>6-8m</name>
			<styleUrl>#style.#FFFF9900..0.255</styleUrl>
			<Polygon>
				<tessellate>1</tessellate>
				<outerBoundaryIs>
					<LinearRing>
						<coordinates>
							101.539404621,1.699313157,0 101.539368672,1.699313791,0 101.539350698,1.699316401,0 101.539296776,1.69933354,0 101.539248884,1.699357851,0 101.539194904,1.699394026,0 101.539108634,1.699466375,0 101.539076931,1.699484462,0 101.539045137,1.699495251,0 101.538991215,1.699506224,0 101.538883369,1.699518935,0 101.538811473,1.699530492,0 101.538703628,1.699554381,0 101.538631731,1.699578368,0 101.538505911,1.699636043,0 101.538451989,1.699652663,0 101.538398066,1.699660492,0 101.538272247,1.699665418,0 101.53820035,1.699673913,0 101.538128454,1.699689487,0 101.538020608,1.699725097,0 101.537930737,1.699762047,0 101.537858841,1.699795779,0 101.537757801,1.699864294,0 101.537661125,1.699939061,0 101.537571254,1.700001225,0 101.537445434,1.700062851,0 101.537319615,1.700134918,0 101.537247718,1.700166526,0 101.537175822,1.70019073,0 101.536780389,1.700302815,0 101.536582673,1.700384954,0 101.536528751,1.700402034,0 101.536043448,1.700506302,0 101.535845732,1.700552499,0 101.535737886,1.700584201,0 101.535683964,1.700604706,0 101.535576119,1.700653039,0 101.535270558,1.700807414,0 101.535144738,1.700863948,0 101.535072842,1.700888911,0 101.535000945,1.700905692,0 101.534821203,1.700920509,0 101.534731332,1.70093144,0 101.534677409,1.700941862,0 101.53455159,1.700972333,0 101.534371848,1.700999533,0 101.534299951,1.701013107,0 101.534264003,1.701022427,0 101.53421008,1.701041433,0 101.534066287,1.701105431,0 101.53399439,1.701121787,0 101.5337787,1.70113965,0 101.533724777,1.701142015,0 101.533634906,1.701140041,0 101.533473139,1.701152197,0 101.53343719,1.701151554,0 101.533347319,1.701144559,0 101.533275423,1.701141992,0 101.533239474,1.701142267,0 101.533131629,1.701148152,0 101.533077707,1.701148313,0 101.533041758,1.70114598,0 101.532951887,1.701134553,0 101.532897965,1.70112369,0 101.532879991,1.70112369,0 101.532862016,1.7011304,0 101.532844042,1.7011304,0 101.532844042,1.701148487,0 101.532826068,1.701148487,0 101.532826068,1.701238923,0 101.532808094,1.701238923,0 101.532808094,1.701311272,0 101.532826068,1.701311272,0 101.532844042,1.701309662,0 101.532862016,1.701309662,0 101.532915939,1.701315282,0 101.533023784,1.701319509,0 101.533257449,1.701305406,0 101.53343719,1.701307592,0 101.533580984,1.701302515,0 101.533670855,1.701308244,0 101.533724777,1.701308105,0 101.533796674,1.701305159,0 101.533886545,1.701298679,0 101.533958442,1.701296286,0 101.534012364,1.701291548,0 101.534084261,1.70127536,0 101.53421008,1.701224855,0 101.534299951,1.701195806,0 101.534425771,1.701168284,0 101.534623487,1.701132341,0 101.534766589,1.701094225,0 101.534821203,1.701082335,0 101.5348931,1.701071756,0 101.535036893,1.701057892,0 101.535126764,1.7010361,0 101.535180687,1.701016997,0 101.53532448,1.700955126,0 101.535594093,1.700821505,0 101.535683964,1.700783609,0 101.535755861,1.700757587,0 101.535863706,1.700726066,0 101.536061422,1.70067946,0 101.536528751,1.700578125,0 101.536600648,1.700557429,0 101.536798364,1.700484912,0 101.537193796,1.700377818,0 101.537265692,1.700353719,0 101.537337589,1.700322274,0 101.537445434,1.700265074,0 101.537553279,1.70021746,0 101.537679099,1.700139845,0 101.537715047,1.700103593,0 101.537743955,1.700063253,0 101.537812201,1.699936643,0 101.537838769,1.699900468,0 101.53789869,1.699846207,0 101.537948712,1.699812593,0 101.537988004,1.699791945,0 101.538056557,1.699769841,0 101.538110479,1.69975742,0 101.538146428,1.699751868,0 101.538218324,1.699747625,0 101.538362118,1.699748171,0 101.538416041,1.699745909,0 101.538469963,1.699740612,0 101.538523886,1.699729945,0 101.538577808,1.69970806,0 101.538649705,1.699661035,0 101.538703628,1.699631473,0 101.538793498,1.699594581,0 101.538883369,1.699570429,0 101.539081085,1.699538749,0 101.539140373,1.699520636,0 101.53917229,1.699502549,0 101.539278802,1.699411663,0 101.53931475,1.699389145,0 101.539350698,1.699375878,0 101.539368672,1.699372604,0 101.539404621,1.69937135,0 101.539440569,1.699376598,0 101.539476518,1.699388238,0 101.539512466,1.699406344,0 101.539692208,1.699518079,0 101.539800053,1.699578263,0 101.539907898,1.699629049,0 101.539997769,1.699659141,0 101.540033717,1.699666474,0 101.540069666,1.699669632,0 101.540141563,1.699667645,0 101.540267382,1.699660282,0 101.540285356,1.699652937,0 101.540321304,1.69964806,0 101.540339279,1.699638107,0 101.540393201,1.699637487,0 101.540411175,1.699647247,0 101.540393201,1.69962916,0 101.540375227,1.69962916,0 101.540357253,1.699611073,0 101.540339279,1.699611073,0 101.540321304,1.699592985,0 101.54030333,1.699592985,0 101.540285356,1.699574898,0 101.540267382,1.699574898,0 101.540249408,1.699556811,0 101.540231434,1.699556811,0 101.540213459,1.699538724,0 101.540177511,1.699538724,0 101.540159537,1.699520636,0 101.540141563,1.699520636,0 101.540123588,1.699502549,0 101.540105614,1.699502549,0 101.54008764,1.699484462,0 101.540069666,1.699484462,0 101.540051692,1.699466375,0 101.540033717,1.699466375,0 101.540015743,1.699451153,0 101.539979795,1.699451153,0 101.539943847,1.699454648,0 101.539925872,1.699474632,0 101.539907898,1.699476188,0 101.539889924,1.699480538,0 101.539836001,1.699478265,0 101.539800053,1.699472014,0 101.53974613,1.699455858,0 101.539692208,1.699434479,0 101.539620311,1.699400111,0 101.539512466,1.699342101,0 101.539476518,1.699327716,0 101.539440569,1.699317962,0 101.539404621,1.699313157,0 
						</coordinates>
					</LinearRing>
				</outerBoundaryIs>
			</Polygon>
		</Placemark>
		<Placemark>
			<name>6-8m</name>
			<styleUrl>#style.#FFFF9900..0.255</styleUrl>
			<Polygon>
				<tessellate>1</tessellate>
				<outerBoundaryIs>
					<LinearRing>
						<coordinates>
							101.527811269,1.689931303,0 101.527790632,1.689934404,0 101.527757347,1.689945221,0 101.527705821,1.689970579,0 101.527667476,1.689996705,0 101.527630244,1.690042928,0 101.527608386,1.690115276,0 101.527612232,1.690169538,0 101.527634523,1.6902238,0 101.527667476,1.690264195,0 101.527739373,1.690310791,0 101.527754221,1.690332323,0 101.527761198,1.690368498,0 101.527743305,1.690440847,0 101.527703424,1.690493768,0 101.527649502,1.690524751,0 101.527613553,1.690536171,0 101.527577605,1.690541618,0 101.527523682,1.69054405,0 101.527487734,1.690540326,0 101.527451786,1.690533475,0 101.527415837,1.690521707,0 101.527343941,1.690486798,0 101.527325966,1.690468543,0 101.527272044,1.690378763,0 101.527182173,1.690291047,0 101.527092302,1.690247571,0 101.527056354,1.690238177,0 101.526964486,1.6902238,0 101.526930534,1.690211547,0 101.52691256,1.690199683,0 101.526872617,1.690151451,0 101.526813702,1.69002484,0 101.526786741,1.689992811,0 101.526768767,1.689979914,0 101.526732818,1.689964259,0 101.52669687,1.689956965,0 101.526642947,1.689958264,0 101.526606999,1.689966262,0 101.526566557,1.689988666,0 101.526535102,1.690025209,0 101.526515078,1.690079102,0 101.526509031,1.690133364,0 101.526520483,1.6902238,0 101.526535102,1.690253311,0 101.526605715,1.69035041,0 101.526614702,1.690386585,0 101.526607816,1.690440847,0 101.526589025,1.690482447,0 101.526559613,1.690513196,0 101.52648118,1.690564991,0 101.526422355,1.690621719,0 101.526373334,1.690656466,0 101.526319412,1.690675981,0 101.526301438,1.690679789,0 101.526265489,1.690680989,0 101.526193593,1.690673462,0 101.526103722,1.690647935,0 101.526049799,1.690637104,0 101.525995876,1.690633024,0 101.525959928,1.690635284,0 101.525906006,1.690648154,0 101.525852083,1.690674062,0 101.525672341,1.690817823,0 101.525618419,1.690849937,0 101.52558247,1.690863978,0 101.525528548,1.69087494,0 101.525438677,1.690880969,0 101.525240961,1.690872134,0 101.525043245,1.690872302,0 101.525007296,1.690875918,0 101.524953374,1.690889909,0 101.524923144,1.690911115,0 101.524899451,1.690958799,0 101.52487016,1.691055813,0 101.5248558,1.691182423,0 101.524837233,1.691236685,0 101.524813728,1.691272859,0 101.524737683,1.691348223,0 101.524665787,1.691408514,0 101.524647812,1.691408514,0 101.524629838,1.691413036,0 101.524574533,1.691544168,0 101.524580409,1.691634604,0 101.524644898,1.691869738,0 101.524701735,1.691970397,0 101.524773632,1.692037799,0 101.524827554,1.692076449,0 101.524863503,1.692084657,0 101.524881477,1.692084341,0 101.524899451,1.692082263,0 101.524935399,1.692071335,0 101.525007296,1.69204229,0 101.525043245,1.692031393,0 101.525079193,1.692028984,0 101.525097167,1.692031701,0 101.525115141,1.69203726,0 101.525133115,1.692048291,0 101.525189734,1.692104872,0 101.525222986,1.692129096,0 101.525276909,1.692150472,0 101.525348806,1.692164786,0 101.525420702,1.69216891,0 101.525474625,1.69216611,0 101.52558247,1.692145439,0 101.525654367,1.692135187,0 101.525708289,1.692135879,0 101.525744238,1.692141275,0 101.525780186,1.692154999,0 101.52579816,1.692166692,0 101.525829334,1.692195308,0 101.525873766,1.69224957,0 101.525906006,1.692273977,0 101.525941954,1.69228962,0 101.526013851,1.692304,0 101.526085747,1.69230616,0 101.52613967,1.692298881,0 101.526193593,1.69228322,0 101.526301438,1.692235638,0 101.526337386,1.692226573,0 101.526391309,1.692222181,0 101.526445231,1.692229932,0 101.52648118,1.692243803,0 101.526517128,1.692266346,0 101.526623176,1.692358093,0 101.526660921,1.692376683,0 101.52669687,1.692385624,0 101.526750792,1.692386154,0 101.526786741,1.692379517,0 101.526822689,1.692366111,0 101.52691256,1.692322535,0 101.526930534,1.69231589,0 101.526966483,1.69230951,0 101.527020405,1.692308856,0 101.527056354,1.692312875,0 101.527092302,1.692321165,0 101.527182173,1.692355509,0 101.527218121,1.69236204,0 101.527236095,1.692362113,0 101.527254925,1.692358093,0 101.527290018,1.692338714,0 101.527336237,1.692285744,0 101.527359418,1.692213395,0 101.527361059,1.692104872,0 101.527377321,1.692032523,0 101.527396883,1.691996349,0 101.527415837,1.691975531,0 101.527451786,1.691949193,0 101.527487734,1.691935377,0 101.527523682,1.691929518,0 101.527559631,1.691927754,0 101.527577605,1.691930275,0 101.527603924,1.691942087,0 101.527620543,1.691960174,0 101.527653731,1.692032523,0 101.527679459,1.692068697,0 101.527736805,1.692122959,0 101.527775321,1.692139351,0 101.527811269,1.692138918,0 101.527847218,1.692129677,0 101.527883166,1.692109632,0 101.527973037,1.69204428,0 101.528008986,1.692027934,0 101.528057291,1.692014436,0 101.528116831,1.692006344,0 101.528170753,1.692004987,0 101.528260624,1.692011114,0 101.528296573,1.692017953,0 101.528314547,1.692026688,0 101.528332521,1.692044581,0 101.528391513,1.692159134,0 101.528421302,1.692195308,0 101.52845834,1.692217149,0 101.528476314,1.692220753,0 101.528512263,1.692220274,0 101.528548211,1.692212642,0 101.52858416,1.692198974,0 101.528644389,1.692159134,0 101.528687712,1.692104872,0 101.528745927,1.69199306,0 101.528781876,1.691960615,0 101.52879985,1.691953391,0 101.528835798,1.691948012,0 101.528871747,1.691948587,0 101.528943643,1.691953957,0 101.528979592,1.691961281,0 101.52900761,1.691978261,0 101.529051488,1.692028686,0 101.529105411,1.692061854,0 101.529123385,1.692071553,0 101.529159334,1.692082909,0 101.529177308,1.69208384,0 101.529195282,1.692080756,0 101.529303127,1.692045105,0 101.529410972,1.691996349,0 101.529500843,1.691963539,0 101.52957274,1.691949839,0 101.529698559,1.691934081,0 101.52978843,1.691901994,0 101.529860327,1.691869369,0 101.529968172,1.691808859,0 101.530147914,1.691686477,0 101.530201837,1.691664749,0 101.530255759,1.691655103,0 101.530273733,1.691655706,0 101.530291707,1.691660575,0 101.530313277,1.691670778,0 101.530336643,1.691688866,0 101.530353031,1.691706953,0 101.530366872,1.691743127,0 101.53036585,1.691797389,0 101.530381578,1.69181806,0 101.530399553,1.691812893,0 101.530417527,1.691797389,0 101.530448573,1.691743127,0 101.530492752,1.691688866,0 101.53054012,1.691598429,0 101.530555098,1.691544168,0 101.53056132,1.691539081,0 101.530615243,1.691539081,0 101.530615243,1.691526081,0 101.530597269,1.691526081,0 101.530579294,1.691507993,0 101.530525372,1.691453732,0 101.530507398,1.691453732,0 101.530489424,1.691435644,0 101.530471449,1.691417557,0 101.530435501,1.691381383,0 101.530417527,1.691381383,0 101.530399553,1.691363295,0 101.530381578,1.691345208,0 101.53034563,1.691309034,0 101.530327656,1.691309034,0 101.530309682,1.691290947,0 101.530291707,1.691272859,0 101.530255759,1.691236685,0 101.530237785,1.691236685,0 101.530219811,1.691218598,0 101.530201837,1.69120051,0 101.530183862,1.691182423,0 101.530165888,1.691164336,0 101.530147914,1.691164336,0 101.53012994,1.691146249,0 101.530111966,1.691128161,0 101.530093991,1.691110074,0 101.530076017,1.691091987,0 101.530058043,1.691091987,0 101.530022095,1.691055813,0 101.53000412,1.691037725,0 101.529950198,1.690983464,0 101.529932224,1.690965376,0 101.52991425,1.690965376,0 101.529896275,1.690947289,0 101.529860327,1.690911115,0 101.529842353,1.690893027,0 101.529824379,1.69087494,0 101.529806404,1.690856853,0 101.529770456,1.690820679,0 101.529752482,1.690820679,0 101.529734508,1.690802591,0 101.529716533,1.690784504,0 101.529680585,1.69074833,0 101.529662611,1.690730242,0 101.529626663,1.690694068,0 101.529608688,1.690694068,0 101.529590714,1.690675981,0 101.52957274,1.690657893,0 101.529536792,1.690621719,0 101.529518817,1.690603632,0 101.529500843,1.690585545,0 101.529482869,1.690567457,0 101.529464895,1.69054937,0 101.529446921,1.69054937,0 101.529428946,1.690531283,0 101.529410972,1.690513196,0 101.529392998,1.690495108,0 101.52935705,1.690458934,0 101.529339075,1.690440847,0 101.529321101,1.690422759,0 101.529303127,1.690422759,0 101.529249205,1.690368498,0 101.52923123,1.69035041,0 101.529213256,1.69035041,0 101.529195282,1.690338604,0 101.529159334,1.690338604,0 101.529123385,1.690377039,0 101.529052772,1.690404672,0 101.52901554,1.690414093,0 101.528961618,1.690413381,0 101.528907695,1.690405007,0 101.528853772,1.690392728,0 101.528817824,1.690390327,0 101.528781876,1.690391107,0 101.528638082,1.690403783,0 101.528602134,1.690402833,0 101.528566185,1.690397566,0 101.528548211,1.690391518,0 101.528512263,1.69036932,0 101.528380452,1.6902238,0 101.528355488,1.690205713,0 101.528332521,1.690197573,0 101.528260624,1.69019336,0 101.528224676,1.69019689,0 101.528080882,1.690252438,0 101.528062908,1.690254548,0 101.528044934,1.690250328,0 101.52802696,1.690229829,0 101.528017973,1.690205713,0 101.528021513,1.690115276,0 101.528005562,1.690079102,0 101.527969077,1.69002484,0 101.527937089,1.689983589,0 101.52790114,1.689952491,0 101.527856633,1.689934404,0 101.527811269,1.689931303,0 
						</coordinates>
					</LinearRing>
				</outerBoundaryIs>
			</Polygon>
		</Placemark>
		<Placemark>
			<name>6-8m</name>
			<styleUrl>#style.#FFFF9900..0.255</styleUrl>
			<Polygon>
				<tessellate>1</tessellate>
				<outerBoundaryIs>
					<LinearRing>
						<coordinates>
							101.523137981,1.663341715,0 101.523066084,1.663354912,0 101.523012517,1.663382345,0 101.522904316,1.663483079,0 101.522706391,1.663617479,0 101.522634427,1.663689828,0 101.522607566,1.663726002,0 101.522592336,1.663780264,0 101.522608741,1.663798351,0 101.522670652,1.663816438,0 101.522778497,1.663827049,0 101.522886342,1.663822549,0 101.523030135,1.663801968,0 101.523084058,1.663803256,0 101.523120006,1.66381267,0 101.523137981,1.663823673,0 101.523169435,1.663852613,0 101.523175601,1.6638707,0 101.523167082,1.663888787,0 101.523143511,1.663906874,0 101.523012161,1.66395386,0 101.522958239,1.663993474,0 101.522919459,1.66406966,0 101.522886342,1.664206924,0 101.522835742,1.664286706,0 101.522796471,1.66432454,0 101.522742548,1.664361479,0 101.522561221,1.664449491,0 101.52249091,1.664493303,0 101.522454961,1.664509179,0 101.522383065,1.664527468,0 101.522167374,1.664558157,0 101.522059529,1.66458507,0 101.521762356,1.664702713,0 101.52141875,1.664811236,0 101.52137651,1.664830513,0 101.521324585,1.664865498,0 101.521232342,1.664974021,0 101.521106897,1.665077488,0 101.520979909,1.665227243,0 101.520845193,1.665335766,0 101.520697024,1.665480464,0 101.520628743,1.665552813,0 101.520587505,1.665607075,0 101.52056951,1.665643249,0 101.520560931,1.665787947,0 101.520541962,1.665860296,0 101.520391006,1.666023081,0 101.520368158,1.666059256,0 101.52034789,1.666113517,0 101.520336575,1.666185866,0 101.520349602,1.666276302,0 101.520349984,1.666366739,0 101.52033144,1.666457175,0 101.520351981,1.666471242,0 101.520369956,1.666475262,0 101.520441852,1.666476509,0 101.520549697,1.666461023,0 101.520639568,1.666439087,0 101.520747414,1.666400253,0 101.521017026,1.666269009,0 101.521088923,1.666239821,0 101.521178794,1.666217519,0 101.521394484,1.666195161,0 101.521484355,1.666176699,0 101.521538278,1.666159895,0 101.521753968,1.666075534,0 101.52182663,1.666041168,0 101.521861813,1.666016191,0 101.521890344,1.665986907,0 101.521927949,1.665914558,0 101.521931437,1.665860296,0 101.521907959,1.66576986,0 101.521904232,1.665643249,0 101.521933508,1.6655709,0 101.521987633,1.665505951,0 101.522041555,1.665463396,0 101.522095478,1.665432404,0 101.522387259,1.665299592,0 101.522566285,1.665227243,0 101.522771059,1.665136806,0 101.522976213,1.665036631,0 101.52304811,1.664968323,0 101.523061017,1.66491976,0 101.523100253,1.664829323,0 101.523226196,1.664756975,0 101.52355076,1.664467579,0 101.52369518,1.664301014,0 101.523821,1.664137689,0 101.523892896,1.664086782,0 101.523964793,1.664086782,0 101.523964793,1.664033485,0 101.523946819,1.664015398,0 101.523946819,1.663906874,0 101.523928845,1.663888787,0 101.523928845,1.663780264,0 101.523910871,1.663762177,0 101.523910871,1.663653653,0 101.523892896,1.663635566,0 101.523892896,1.66354513,0 101.523874922,1.663542526,0 101.523821,1.663542526,0 101.523785051,1.663557578,0 101.523713155,1.663568863,0 101.523659232,1.663586564,0 101.523605309,1.663595639,0 101.52347949,1.663600092,0 101.523425568,1.663596582,0 101.523389619,1.663589217,0 101.523370104,1.663581304,0 101.523357188,1.663563217,0 101.523358957,1.663454693,0 101.523352221,1.663418519,0 101.523327429,1.663382345,0 101.523291913,1.663364257,0 101.523245826,1.663352576,0 101.523137981,1.663341715,0 
						</coordinates>
					</LinearRing>
				</outerBoundaryIs>
				<innerBoundaryIs>
					<LinearRing>
						<coordinates>
							101.521268665,1.665366515,0 101.521286639,1.665366773,0 101.521298622,1.665371941,0 101.521288531,1.665426202,0 101.521266097,1.665462377,0 101.521088923,1.665635428,0 101.521052975,1.66565072,0 101.521017026,1.665648923,0 101.520968933,1.665625162,0 101.52094513,1.665594601,0 101.520938294,1.665552813,0 101.520943537,1.665516638,0 101.52096844,1.665480464,0 101.520999052,1.665455873,0 101.521035001,1.665438509,0 101.521232717,1.665374111,0 101.521268665,1.665366515,0 
						</coordinates>
					</LinearRing>
					<LinearRing>
						<coordinates>
							101.521610175,1.665181202,0 101.521628149,1.665186245,0 101.521632642,1.665191068,0 101.521616915,1.665209155,0 101.521574226,1.665224228,0 101.521556252,1.665225434,0 101.521543808,1.665209155,0 101.521564548,1.665191068,0 101.521610175,1.665181202,0 
						</coordinates>
					</LinearRing>
					<LinearRing>
						<coordinates>
							101.523209877,1.6641176,0 101.523242497,1.664123921,0 101.523265842,1.664142008,0 101.52327647,1.66419627,0 101.523257977,1.664250532,0 101.523227852,1.664305999,0 101.523191903,1.664348203,0 101.523155955,1.66436541,0 101.523137981,1.664363988,0 101.523120006,1.664352854,0 101.523102032,1.664324525,0 101.523091248,1.664250532,0 101.523101354,1.66419627,0 101.523119811,1.664160096,0 101.523137981,1.664140662,0 101.523173929,1.664122362,0 101.523209877,1.6641176,0 
						</coordinates>
					</LinearRing>
				</innerBoundaryIs>
			</Polygon>
		</Placemark>
		<Placemark>
			<name>6-8m</name>
			<styleUrl>#style.#FFFF9900..0.255</styleUrl>
			<Polygon>
				<tessellate>1</tessellate>
				<outerBoundaryIs>
					<LinearRing>
						<coordinates>
							101.521214742,1.664204618,0 101.521178794,1.664208834,0 101.521142846,1.664221541,0 101.52109996,1.664250532,0 101.52106923,1.664286706,0 101.521052592,1.664322881,0 101.521049915,1.664377143,0 101.521035001,1.664396071,0 101.520963104,1.664418637,0 101.520837284,1.664436423,0 101.520801336,1.664450509,0 101.520765388,1.664474564,0 101.520711954,1.664539928,0 101.520648205,1.664666538,0 101.520549697,1.664768389,0 101.520517743,1.664811236,0 101.520501461,1.664865498,0 101.520513749,1.664896246,0 101.520549697,1.664930311,0 101.520585646,1.664944792,0 101.520621594,1.66494824,0 101.520675517,1.664939929,0 101.520729439,1.664915276,0 101.520801336,1.664866343,0 101.520927155,1.664792503,0 101.520963104,1.66475509,0 101.520984779,1.6647208,0 101.521019299,1.664594189,0 101.521014912,1.66452184,0 101.521026522,1.664485666,0 101.521070949,1.664446636,0 101.521232717,1.664384248,0 101.521295076,1.664340968,0 101.521319164,1.664304794,0 101.5213264,1.664268619,0 101.521306912,1.664232445,0 101.521286639,1.664218769,0 101.521250691,1.664207342,0 101.521214742,1.664204618,0 
						</coordinates>
					</LinearRing>
				</outerBoundaryIs>
			</Polygon>
		</Placemark>
		<Placemark>
			<name>8-10m</name>
			<styleUrl>#style.#FFFFCC00..0.255</styleUrl>
			<Polygon>
				<tessellate>1</tessellate>
				<outerBoundaryIs>
					<LinearRing>
						<coordinates>
							101.539404621,1.699256231,0 101.539368672,1.699257706,0 101.539332724,1.699263246,0 101.539278802,1.699280538,0 101.539224615,1.69930359,0 101.539129273,1.699357851,0 101.539027163,1.699423586,0 101.53897324,1.699446549,0 101.538867143,1.699466375,0 101.538703628,1.699487795,0 101.538631731,1.699499234,0 101.538416041,1.699548792,0 101.538380092,1.699555161,0 101.538218324,1.699575876,0 101.538164402,1.699587051,0 101.538110479,1.699601912,0 101.538056557,1.699622098,0 101.537885922,1.699701509,0 101.537800317,1.699737683,0 101.537733021,1.699761761,0 101.537607202,1.699800461,0 101.537499357,1.699841438,0 101.537414844,1.699882381,0 101.537301641,1.699947691,0 101.537229744,1.699979394,0 101.537157847,1.700003796,0 101.537085951,1.700022942,0 101.536762415,1.700119609,0 101.536546725,1.700219178,0 101.536474828,1.700238857,0 101.536043448,1.700329533,0 101.535845732,1.700374211,0 101.535719912,1.700411455,0 101.535576119,1.700476713,0 101.535288532,1.700625268,0 101.535126764,1.700703575,0 101.535072842,1.700725295,0 101.535000945,1.700746807,0 101.534964996,1.700752907,0 101.534659435,1.700778704,0 101.534605513,1.700786742,0 101.534479693,1.700811859,0 101.534281977,1.700835453,0 101.534246029,1.700844126,0 101.534192106,1.700864905,0 101.534066287,1.700928306,0 101.534030339,1.700940702,0 101.533976416,1.70095233,0 101.533922493,1.70096076,0 101.533832623,1.700970423,0 101.533760726,1.700976251,0 101.533688829,1.700978841,0 101.533545036,1.700996027,0 101.533491113,1.700997419,0 101.533401242,1.70098562,0 101.533311371,1.700978117,0 101.533275423,1.7009767,0 101.533167578,1.700979303,0 101.533113655,1.700975366,0 101.533065724,1.700967615,0 101.532933913,1.700935938,0 101.532915939,1.700935938,0 101.532897965,1.700949528,0 101.532879991,1.700949528,0 101.532879991,1.700967615,0 101.532862016,1.700967615,0 101.532862016,1.701058051,0 101.532844042,1.701058051,0 101.532844042,1.7011304,0 101.532862016,1.7011304,0 101.532879991,1.70112369,0 101.532897965,1.70112369,0 101.532951887,1.701134553,0 101.533041758,1.70114598,0 101.533077707,1.701148313,0 101.533131629,1.701148152,0 101.533239474,1.701142267,0 101.533275423,1.701141992,0 101.533347319,1.701144559,0 101.53343719,1.701151554,0 101.533473139,1.701152197,0 101.533634906,1.701140041,0 101.533724777,1.701142015,0 101.5337787,1.70113965,0 101.53399439,1.701121787,0 101.534066287,1.701105431,0 101.53421008,1.701041433,0 101.534264003,1.701022427,0 101.534299951,1.701013107,0 101.534371848,1.700999533,0 101.53455159,1.700972333,0 101.534677409,1.700941862,0 101.534731332,1.70093144,0 101.534821203,1.700920509,0 101.535000945,1.700905692,0 101.535072842,1.700888911,0 101.535144738,1.700863948,0 101.535270558,1.700807414,0 101.535576119,1.700653039,0 101.535683964,1.700604706,0 101.535737886,1.700584201,0 101.535845732,1.700552499,0 101.536043448,1.700506302,0 101.536528751,1.700402034,0 101.536582673,1.700384954,0 101.536780389,1.700302815,0 101.537175822,1.70019073,0 101.537247718,1.700166526,0 101.537319615,1.700134918,0 101.537445434,1.700062851,0 101.537571254,1.700001225,0 101.537661125,1.699939061,0 101.537757801,1.699864294,0 101.537858841,1.699795779,0 101.537930737,1.699762047,0 101.538020608,1.699725097,0 101.538128454,1.699689487,0 101.53820035,1.699673913,0 101.538272247,1.699665418,0 101.538398066,1.699660492,0 101.538451989,1.699652663,0 101.538505911,1.699636043,0 101.538631731,1.699578368,0 101.538703628,1.699554381,0 101.538811473,1.699530492,0 101.538883369,1.699518935,0 101.538991215,1.699506224,0 101.539045137,1.699495251,0 101.539076931,1.699484462,0 101.539108634,1.699466375,0 101.539194904,1.699394026,0 101.539248884,1.699357851,0 101.539296776,1.69933354,0 101.539350698,1.699316401,0 101.539368672,1.699313791,0 101.539404621,1.699313157,0 101.539440569,1.699317962,0 101.539476518,1.699327716,0 101.539512466,1.699342101,0 101.539620311,1.699400111,0 101.539692208,1.699434479,0 101.53974613,1.699455858,0 101.539800053,1.699472014,0 101.539836001,1.699478265,0 101.539889924,1.699480538,0 101.539907898,1.699476188,0 101.539925872,1.699474632,0 101.539943847,1.699454648,0 101.539979795,1.699451153,0 101.540015743,1.699451153,0 101.540033717,1.699466375,0 101.540015743,1.699448287,0 101.539997769,1.699448287,0 101.539979795,1.6994302,0 101.539961821,1.6994302,0 101.539943847,1.699412113,0 101.539907898,1.699412113,0 101.539889924,1.699394026,0 101.53987195,1.699394026,0 101.539853976,1.699375939,0 101.539836001,1.699375939,0 101.539818027,1.699357851,0 101.539800053,1.699357851,0 101.539782079,1.699339764,0 101.539764105,1.699339764,0 101.53974613,1.699321677,0 101.539728156,1.699321677,0 101.539710182,1.69930359,0 101.539674234,1.69930359,0 101.53965626,1.699285502,0 101.539638285,1.699285502,0 101.539620311,1.699267415,0 101.539602337,1.699267415,0 101.539584363,1.699260607,0 101.539548414,1.699260607,0 101.53953044,1.699266946,0 101.539476518,1.699259999,0 101.539404621,1.699256231,0 
						</coordinates>
					</LinearRing>
				</outerBoundaryIs>
			</Polygon>
		</Placemark>
		<Placemark>
			<name>8-10m</name>
			<styleUrl>#style.#FFFFCC00..0.255</styleUrl>
			<Polygon>
				<tessellate>1</tessellate>
				<outerBoundaryIs>
					<LinearRing>
						<coordinates>
							101.527236095,1.688349092,0 101.527218121,1.688353218,0 101.527200147,1.688376318,0 101.527193562,1.688415077,0 101.527199866,1.688451251,0 101.527235955,1.688541687,0 101.527238193,1.688577862,0 101.52723096,1.688614036,0 101.527200147,1.688668298,0 101.527107968,1.688740647,0 101.527054107,1.688794909,0 101.527010783,1.688867257,0 101.526991727,1.688921519,0 101.526987489,1.688957694,0 101.52699137,1.688993868,0 101.527018227,1.689084304,0 101.527019074,1.689120479,0 101.527004939,1.689156653,0 101.526984457,1.689172422,0 101.526948508,1.689178113,0 101.52691256,1.689171024,0 101.526876612,1.689157756,0 101.526840663,1.689135747,0 101.526791782,1.689084304,0 101.526755825,1.689030043,0 101.526740365,1.688993868,0 101.526725874,1.688885345,0 101.526707022,1.688812996,0 101.52669687,1.688791356,0 101.526678896,1.688772836,0 101.526660921,1.688762845,0 101.526589025,1.688732895,0 101.526553076,1.688727727,0 101.526535102,1.688730908,0 101.526445231,1.68878789,0 101.52635536,1.688868371,0 101.526321209,1.688921519,0 101.526306548,1.688957694,0 101.52629387,1.68904813,0 101.526302549,1.689102391,0 101.52635536,1.689239131,0 101.526356203,1.689319438,0 101.526287826,1.689500311,0 101.526247515,1.689633381,0 101.526229541,1.689667495,0 101.526193593,1.689701116,0 101.526146206,1.689717357,0 101.526103722,1.689719367,0 101.526049799,1.689702888,0 101.526015289,1.689681183,0 101.525995876,1.689663698,0 101.525977902,1.689634673,0 101.525940095,1.689518398,0 101.52592398,1.689498971,0 101.525906006,1.689491799,0 101.525780186,1.689459844,0 101.525708289,1.689454834,0 101.525636393,1.689440581,0 101.525564496,1.689445864,0 101.525510573,1.689455397,0 101.525474882,1.689482223,0 101.52546536,1.689500311,0 101.525443654,1.689590747,0 101.525447584,1.689807794,0 101.525466431,1.689916317,0 101.525461216,1.689970579,0 101.525438677,1.690020456,0 101.525402728,1.690068586,0 101.525348806,1.690122427,0 101.525312857,1.690147665,0 101.525276909,1.690161728,0 101.525258935,1.690163803,0 101.525222986,1.690157163,0 101.525104656,1.690097189,0 101.524989322,1.690054986,0 101.524881477,1.6900008,0 101.524827554,1.689986834,0 101.524791606,1.689984646,0 101.524755658,1.689988092,0 101.524719709,1.689997574,0 101.524683761,1.690014792,0 101.524647812,1.690039662,0 101.524626438,1.690061015,0 101.524566798,1.690169538,0 101.52453098,1.690296149,0 101.524504019,1.690324033,0 101.524486045,1.690326758,0 101.524450096,1.690313612,0 101.524324277,1.690213653,0 101.524234406,1.690156089,0 101.524198458,1.69014502,0 101.524180483,1.690148506,0 101.524162509,1.690158234,0 101.524139846,1.690187625,0 101.52412101,1.690278062,0 101.524089212,1.69035041,0 101.524042931,1.690404672,0 101.523982767,1.690452614,0 101.523910871,1.690492561,0 101.523874922,1.690505838,0 101.523856948,1.690508506,0 101.523838974,1.690507769,0 101.523821,1.690502579,0 101.523763191,1.690458934,0 101.523713155,1.690437312,0 101.523677206,1.690432808,0 101.523641258,1.690434541,0 101.523614553,1.690440847,0 101.523587335,1.690452357,0 101.52355057,1.690477021,0 101.523505991,1.690531283,0 101.523458715,1.690621719,0 101.523416153,1.69074833,0 101.523389619,1.690792462,0 101.523361909,1.690820679,0 101.523317722,1.690845383,0 101.523281774,1.690853488,0 101.523209877,1.690858662,0 101.523155955,1.690852834,0 101.523120006,1.690853235,0 101.523066084,1.690866961,0 101.523012161,1.690899056,0 101.522940265,1.690962932,0 101.522821506,1.691055813,0 101.522778497,1.691078578,0 101.5227066,1.691099222,0 101.522688626,1.691112945,0 101.522670652,1.691112945,0 101.522652677,1.691128161,0 101.522670652,1.691146249,0 101.522724574,1.69120051,0 101.522742548,1.691218598,0 101.522760523,1.691236685,0 101.522796471,1.691272859,0 101.522814445,1.691290947,0 101.522832419,1.691309034,0 101.522850394,1.691327121,0 101.522886342,1.691363295,0 101.522904316,1.691381383,0 101.52292229,1.69139947,0 101.522940265,1.69139947,0 101.522976213,1.691435644,0 101.522994187,1.691453732,0 101.523030135,1.691489906,0 101.52304811,1.691507993,0 101.523066084,1.691526081,0 101.523084058,1.691526081,0 101.523120006,1.691562255,0 101.523137981,1.691580342,0 101.523155955,1.691598429,0 101.523173929,1.691616517,0 101.523191903,1.691616517,0 101.523209877,1.691634604,0 101.523227852,1.691652691,0 101.523245826,1.691670778,0 101.5232638,1.691688866,0 101.523281774,1.691706953,0 101.523299748,1.691706953,0 101.523317722,1.69172504,0 101.523335697,1.691743127,0 101.523353671,1.691761215,0 101.523389619,1.691797389,0 101.523407593,1.691797389,0 101.523425568,1.691815476,0 101.523443542,1.691833563,0 101.523461516,1.691851651,0 101.523497464,1.691887825,0 101.523515439,1.691887825,0 101.523533413,1.691905912,0 101.523551387,1.691924,0 101.523605309,1.691978261,0 101.523623284,1.691978261,0 101.523641258,1.691996349,0 101.52369518,1.69205061,0 101.523713155,1.692068697,0 101.523731129,1.692068697,0 101.523749103,1.692086785,0 101.523785051,1.692122959,0 101.523803026,1.692141046,0 101.523821,1.692159134,0 101.523838974,1.692159134,0 101.523892896,1.692213395,0 101.523910871,1.692231483,0 101.523928845,1.69224957,0 101.523946819,1.69224957,0 101.523982767,1.692285744,0 101.524000742,1.692303831,0 101.524018716,1.692321919,0 101.52403669,1.692340006,0 101.524054664,1.692340006,0 101.524072638,1.692358093,0 101.524090613,1.69237618,0 101.524108587,1.692394268,0 101.524144535,1.692430442,0 101.524162509,1.692430442,0 101.524180483,1.692448529,0 101.524198458,1.692466617,0 101.524216432,1.692484704,0 101.524234406,1.692484704,0 101.524270354,1.692520878,0 101.524288329,1.692538965,0 101.524306303,1.692557053,0 101.524324277,1.692557053,0 101.524360225,1.692593227,0 101.5243782,1.692611314,0 101.524396174,1.692629402,0 101.524414148,1.692629402,0 101.52446807,1.692683663,0 101.524486045,1.692683663,0 101.524504019,1.692701751,0 101.524557941,1.692756012,0 101.524575916,1.692756012,0 101.52459389,1.692774099,0 101.524611864,1.692792187,0 101.524647812,1.692828361,0 101.524665787,1.692828361,0 101.524683761,1.692846448,0 101.524701735,1.692864536,0 101.524737683,1.69290071,0 101.524755658,1.69290071,0 101.524773632,1.692918797,0 101.524791606,1.692936885,0 101.52480958,1.692954972,0 101.524827554,1.692954972,0 101.524845528,1.692973059,0 101.524863503,1.692991146,0 101.524881477,1.693009233,0 101.524899451,1.693027321,0 101.524917425,1.693027321,0 101.524935399,1.693045408,0 101.524953374,1.693063495,0 101.524971348,1.693081582,0 101.524989322,1.69309967,0 101.525007296,1.69309967,0 101.52502527,1.693089964,0 101.525043245,1.693089964,0 101.525061219,1.693077061,0 101.525079193,1.693112072,0 101.525097167,1.693107809,0 101.525115141,1.693097373,0 101.525169064,1.693128907,0 101.525251232,1.693190106,0 101.52536678,1.693250812,0 101.525402728,1.693261144,0 101.525456651,1.693272649,0 101.525528548,1.693281511,0 101.525546522,1.693281528,0 101.52558247,1.693278336,0 101.525780186,1.693237228,0 101.525870057,1.693221974,0 101.526031825,1.69319659,0 101.52613967,1.693184186,0 101.526229541,1.693168401,0 101.526285097,1.693153931,0 101.52635536,1.693121565,0 101.526373334,1.693118709,0 101.526409283,1.693125865,0 101.526427257,1.693126067,0 101.526463205,1.693118453,0 101.526499154,1.693106704,0 101.526517128,1.693103689,0 101.526535102,1.693103616,0 101.526571051,1.693108857,0 101.526642947,1.693112105,0 101.526714844,1.693123616,0 101.526732818,1.693124288,0 101.526750792,1.693122852,0 101.526804715,1.693111639,0 101.526876612,1.693100661,0 101.526948508,1.693092826,0 101.527038379,1.693090626,0 101.527200147,1.693095624,0 101.527236095,1.693095329,0 101.527272044,1.693093138,0 101.527325966,1.693086301,0 101.527397863,1.693073071,0 101.527505708,1.693056746,0 101.527559631,1.693045408,0 101.527613553,1.693029299,0 101.527757347,1.692973351,0 101.527955063,1.692909606,0 101.528080882,1.692865488,0 101.528134805,1.692849622,0 101.528188727,1.692838912,0 101.528314547,1.692819026,0 101.528494289,1.692775878,0 101.528638082,1.69274683,0 101.528817824,1.692696224,0 101.528871747,1.692683181,0 101.528943643,1.692671526,0 101.529051488,1.692658021,0 101.529177308,1.692634271,0 101.529321101,1.692592288,0 101.529421757,1.692557053,0 101.529482869,1.69254146,0 101.529554766,1.692529425,0 101.529662611,1.69251706,0 101.529860327,1.692499133,0 101.52991425,1.69249087,0 101.529968172,1.692478244,0 101.530022095,1.692459471,0 101.530291707,1.692349812,0 101.530453475,1.692282691,0 101.530564129,1.692231483,0 101.53068714,1.69218124,0 101.530794985,1.692132575,0 101.530920804,1.692064176,0 101.530992701,1.692041182,0 101.531028649,1.692034088,0 101.53111852,1.692030967,0 101.531136494,1.692028412,0 101.531172443,1.692028412,0 101.531190417,1.692032523,0 101.531190417,1.692014436,0 101.531172443,1.691996349,0 101.531154468,1.691978261,0 101.531136494,1.691978261,0 101.531082572,1.691924,0 101.531064598,1.691924,0 101.531046623,1.691905912,0 101.530992701,1.691851651,0 101.530974727,1.691851651,0 101.530956752,1.691833563,0 101.530884856,1.691761215,0 101.530866881,1.691761215,0 101.530848907,1.691743127,0 101.530794985,1.691688866,0 101.530777011,1.691670778,0 101.530759036,1.691652691,0 101.530741062,1.691652691,0 101.530705114,1.691616517,0 101.53068714,1.691598429,0 101.530669165,1.691580342,0 101.530615243,1.691526081,0 101.530615243,1.691539081,0 101.53056132,1.691539081,0 101.530555098,1.691544168,0 101.53054012,1.691598429,0 101.530492752,1.691688866,0 101.530448573,1.691743127,0 101.530417527,1.691797389,0 101.530399553,1.691812893,0 101.530381578,1.69181806,0 101.53036585,1.691797389,0 101.530366872,1.691743127,0 101.530353031,1.691706953,0 101.530336643,1.691688866,0 101.530313277,1.691670778,0 101.530291707,1.691660575,0 101.530273733,1.691655706,0 101.530255759,1.691655103,0 101.530201837,1.691664749,0 101.530147914,1.691686477,0 101.529968172,1.691808859,0 101.529860327,1.691869369,0 101.52978843,1.691901994,0 101.529698559,1.691934081,0 101.52957274,1.691949839,0 101.529500843,1.691963539,0 101.529410972,1.691996349,0 101.529303127,1.692045105,0 101.529195282,1.692080756,0 101.529177308,1.69208384,0 101.529159334,1.692082909,0 101.529123385,1.692071553,0 101.529105411,1.692061854,0 101.529051488,1.692028686,0 101.52900761,1.691978261,0 101.528979592,1.691961281,0 101.528943643,1.691953957,0 101.528871747,1.691948587,0 101.528835798,1.691948012,0 101.52879985,1.691953391,0 101.528781876,1.691960615,0 101.528745927,1.69199306,0 101.528687712,1.692104872,0 101.528644389,1.692159134,0 101.52858416,1.692198974,0 101.528548211,1.692212642,0 101.528512263,1.692220274,0 101.528476314,1.692220753,0 101.52845834,1.692217149,0 101.528421302,1.692195308,0 101.528391513,1.692159134,0 101.528332521,1.692044581,0 101.528314547,1.692026688,0 101.528296573,1.692017953,0 101.528260624,1.692011114,0 101.528170753,1.692004987,0 101.528116831,1.692006344,0 101.528057291,1.692014436,0 101.528008986,1.692027934,0 101.527973037,1.69204428,0 101.527883166,1.692109632,0 101.527847218,1.692129677,0 101.527811269,1.692138918,0 101.527775321,1.692139351,0 101.527736805,1.692122959,0 101.527679459,1.692068697,0 101.527653731,1.692032523,0 101.527620543,1.691960174,0 101.527603924,1.691942087,0 101.527577605,1.691930275,0 101.527559631,1.691927754,0 101.527523682,1.691929518,0 101.527487734,1.691935377,0 101.527451786,1.691949193,0 101.527415837,1.691975531,0 101.527396883,1.691996349,0 101.527377321,1.692032523,0 101.527361059,1.692104872,0 101.527359418,1.692213395,0 101.527336237,1.692285744,0 101.527290018,1.692338714,0 101.527254925,1.692358093,0 101.527236095,1.692362113,0 101.527218121,1.69236204,0 101.527182173,1.692355509,0 101.527092302,1.692321165,0 101.527056354,1.692312875,0 101.527020405,1.692308856,0 101.526966483,1.69230951,0 101.526930534,1.69231589,0 101.52691256,1.692322535,0 101.526822689,1.692366111,0 101.526786741,1.692379517,0 101.526750792,1.692386154,0 101.52669687,1.692385624,0 101.526660921,1.692376683,0 101.526623176,1.692358093,0 101.526517128,1.692266346,0 101.52648118,1.692243803,0 101.526445231,1.692229932,0 101.526391309,1.692222181,0 101.526337386,1.692226573,0 101.526301438,1.692235638,0 101.526193593,1.69228322,0 101.52613967,1.692298881,0 101.526085747,1.69230616,0 101.526013851,1.692304,0 101.525941954,1.69228962,0 101.525906006,1.692273977,0 101.525873766,1.69224957,0 101.525829334,1.692195308,0 101.52579816,1.692166692,0 101.525780186,1.692154999,0 101.525744238,1.692141275,0 101.525708289,1.692135879,0 101.525654367,1.692135187,0 101.52558247,1.692145439,0 101.525474625,1.69216611,0 101.525420702,1.69216891,0 101.525348806,1.692164786,0 101.525276909,1.692150472,0 101.525222986,1.692129096,0 101.525189734,1.692104872,0 101.525133115,1.692048291,0 101.525115141,1.69203726,0 101.525097167,1.692031701,0 101.525079193,1.692028984,0 101.525043245,1.692031393,0 101.525007296,1.69204229,0 101.524935399,1.692071335,0 101.524899451,1.692082263,0 101.524881477,1.692084341,0 101.524863503,1.692084657,0 101.524827554,1.692076449,0 101.524773632,1.692037799,0 101.524701735,1.691970397,0 101.524644898,1.691869738,0 101.524580409,1.691634604,0 101.524574533,1.691544168,0 101.524629838,1.691413036,0 101.524647812,1.691408514,0 101.524665787,1.691408514,0 101.524737683,1.691348223,0 101.524813728,1.691272859,0 101.524837233,1.691236685,0 101.5248558,1.691182423,0 101.52487016,1.691055813,0 101.524899451,1.690958799,0 101.524923144,1.690911115,0 101.524953374,1.690889909,0 101.525007296,1.690875918,0 101.525043245,1.690872302,0 101.525240961,1.690872134,0 101.525438677,1.690880969,0 101.525528548,1.69087494,0 101.52558247,1.690863978,0 101.525618419,1.690849937,0 101.525672341,1.690817823,0 101.525852083,1.690674062,0 101.525906006,1.690648154,0 101.525959928,1.690635284,0 101.525995876,1.690633024,0 101.526049799,1.690637104,0 101.526103722,1.690647935,0 101.526193593,1.690673462,0 101.526265489,1.690680989,0 101.526301438,1.690679789,0 101.526319412,1.690675981,0 101.526373334,1.690656466,0 101.526422355,1.690621719,0 101.52648118,1.690564991,0 101.526559613,1.690513196,0 101.526589025,1.690482447,0 101.526607816,1.690440847,0 101.526614702,1.690386585,0 101.526605715,1.69035041,0 101.526535102,1.690253311,0 101.526520483,1.6902238,0 101.526509031,1.690133364,0 101.526515078,1.690079102,0 101.526535102,1.690025209,0 101.526566557,1.689988666,0 101.526606999,1.689966262,0 101.526642947,1.689958264,0 101.52669687,1.689956965,0 101.526732818,1.689964259,0 101.526768767,1.689979914,0 101.526786741,1.689992811,0 101.526813702,1.69002484,0 101.526872617,1.690151451,0 101.52691256,1.690199683,0 101.526930534,1.690211547,0 101.526964486,1.6902238,0 101.527056354,1.690238177,0 101.527092302,1.690247571,0 101.527182173,1.690291047,0 101.527272044,1.690378763,0 101.527325966,1.690468543,0 101.527343941,1.690486798,0 101.527415837,1.690521707,0 101.527451786,1.690533475,0 101.527487734,1.690540326,0 101.527523682,1.69054405,0 101.527577605,1.690541618,0 101.527613553,1.690536171,0 101.527649502,1.690524751,0 101.527703424,1.690493768,0 101.527743305,1.690440847,0 101.527761198,1.690368498,0 101.527754221,1.690332323,0 101.527739373,1.690310791,0 101.527667476,1.690264195,0 101.527634523,1.6902238,0 101.527612232,1.690169538,0 101.527608386,1.690115276,0 101.527630244,1.690042928,0 101.527667476,1.689996705,0 101.527705821,1.689970579,0 101.527757347,1.689945221,0 101.527790632,1.689934404,0 101.527811269,1.689931303,0 101.527856633,1.689934404,0 101.52790114,1.689952491,0 101.527937089,1.689983589,0 101.527969077,1.69002484,0 101.528005562,1.690079102,0 101.528021513,1.690115276,0 101.528017973,1.690205713,0 101.52802696,1.690229829,0 101.528044934,1.690250328,0 101.528062908,1.690254548,0 101.528080882,1.690252438,0 101.528224676,1.69019689,0 101.528260624,1.69019336,0 101.528332521,1.690197573,0 101.528355488,1.690205713,0 101.528380452,1.6902238,0 101.528512263,1.69036932,0 101.528548211,1.690391518,0 101.528566185,1.690397566,0 101.528602134,1.690402833,0 101.528638082,1.690403783,0 101.528781876,1.690391107,0 101.528817824,1.690390327,0 101.528853772,1.690392728,0 101.528907695,1.690405007,0 101.528961618,1.690413381,0 101.52901554,1.690414093,0 101.529052772,1.690404672,0 101.529123385,1.690377039,0 101.529159334,1.690338604,0 101.529195282,1.690338604,0 101.529213256,1.69035041,0 101.52923123,1.69035041,0 101.529159334,1.690278062,0 101.529141359,1.690259974,0 101.529087437,1.690205713,0 101.529069463,1.690187625,0 101.529051488,1.690169538,0 101.52901554,1.690133364,0 101.528997566,1.690115276,0 101.528961618,1.690079102,0 101.528943643,1.690061015,0 101.528925669,1.690042928,0 101.528907695,1.69002484,0 101.528889721,1.690006753,0 101.528889721,1.689988666,0 101.528871747,1.689970579,0 101.528853772,1.689952491,0 101.528835798,1.689934404,0 101.528835798,1.689916317,0 101.528817824,1.68989823,0 101.52879985,1.689880142,0 101.52879985,1.689862055,0 101.528781876,1.689843968,0 101.528763901,1.689825881,0 101.528745927,1.689807794,0 101.528745927,1.689789706,0 101.528709979,1.689753532,0 101.528709979,1.689735445,0 101.528692005,1.689717357,0 101.528674031,1.68969927,0 101.528656056,1.689681183,0 101.528656056,1.689663096,0 101.528638082,1.689645008,0 101.528620108,1.689626921,0 101.528620108,1.689608834,0 101.528602134,1.689590747,0 101.52858416,1.689572659,0 101.528566185,1.689554572,0 101.528566185,1.689536485,0 101.528530237,1.689500311,0 101.528512263,1.689482223,0 101.528512263,1.689464136,0 101.528494289,1.689446049,0 101.528476314,1.689427962,0 101.528476314,1.689409874,0 101.528422392,1.689355613,0 101.528422392,1.689337525,0 101.528404418,1.689326909,0 101.528350495,1.689326909,0 101.52833894,1.689337525,0 101.528328207,1.689427962,0 101.528314547,1.689457676,0 101.528296573,1.689472704,0 101.528278598,1.689475893,0 101.528260624,1.689472175,0 101.528188727,1.689435197,0 101.528098857,1.689410229,0 101.528080882,1.689400299,0 101.528062908,1.689376112,0 101.528031045,1.689301351,0 101.528015787,1.689283264,0 101.527930951,1.689229002,0 101.527837941,1.689120479,0 101.527701405,1.688993868,0 101.527649502,1.688913903,0 101.527577605,1.688827925,0 101.527451786,1.688624552,0 101.527290018,1.688390847,0 101.52725407,1.688354684,0 101.527236095,1.688349092,0 
						</coordinates>
					</LinearRing>
				</outerBoundaryIs>
				<innerBoundaryIs>
					<LinearRing>
						<coordinates>
							101.526337386,1.693002156,0 101.52635873,1.693009233,0 101.52635536,1.693028828,0 101.526337386,1.693034103,0 101.526317778,1.693027321,0 101.526319412,1.693003729,0 101.526337386,1.693002156,0 
						</coordinates>
					</LinearRing>
					<LinearRing>
						<coordinates>
							101.525187038,1.692714518,0 101.525240961,1.692718546,0 101.525273913,1.692737925,0 101.525307181,1.692792187,0 101.5253118,1.692810274,0 101.52530017,1.692846448,0 101.525258935,1.692875589,0 101.525222986,1.692881559,0 101.525187038,1.692873579,0 101.525149293,1.692846448,0 101.525133115,1.692737925,0 101.525187038,1.692714518,0 
						</coordinates>
					</LinearRing>
					<LinearRing>
						<coordinates>
							101.524917425,1.692729173,0 101.524953374,1.692734733,0 101.52502527,1.692757519,0 101.525079193,1.692749983,0 101.525115141,1.692735342,0 101.525133115,1.692737925,0 101.525133115,1.692756012,0 101.525115141,1.692760533,0 101.525079193,1.692787666,0 101.52506721,1.692810274,0 101.525043245,1.692828361,0 101.52502527,1.692830265,0 101.524989322,1.692823538,0 101.524971348,1.692823538,0 101.524935399,1.692812987,0 101.524917425,1.692811027,0 101.524873613,1.692792187,0 101.524857083,1.692774099,0 101.524853018,1.692756012,0 101.524867098,1.692737925,0 101.524881477,1.692731035,0 101.524917425,1.692729173,0 
						</coordinates>
					</LinearRing>
					<LinearRing>
						<coordinates>
							101.52446807,1.691311618,0 101.524521993,1.691322188,0 101.524545359,1.691345208,0 101.524553039,1.691381383,0 101.524544461,1.691417557,0 101.52452456,1.691435644,0 101.524504019,1.691440166,0 101.52446807,1.691425779,0 101.524434888,1.69139947,0 101.524414148,1.691368463,0 101.524405161,1.691345208,0 101.524414148,1.691327121,0 101.524432122,1.691318077,0 101.524450096,1.691311618,0 101.52446807,1.691311618,0 
						</coordinates>
					</LinearRing>
				</innerBoundaryIs>
			</Polygon>
		</Placemark>
		<Placemark>
			<name>8-10m</name>
			<styleUrl>#style.#FFFFCC00..0.255</styleUrl>
			<Polygon>
				<tessellate>1</tessellate>
				<outerBoundaryIs>
					<LinearRing>
						<coordinates>
							101.522778497,1.656085867,0 101.522757194,1.656093188,0 101.522724574,1.656125406,0 101.522561309,1.656382584,0 101.522507827,1.656545369,0 101.522442636,1.656708154,0 101.522413022,1.656816677,0 101.522349567,1.656925201,0 101.522329142,1.656948048,0 101.522293194,1.656973132,0 101.522257245,1.656986697,0 101.522239271,1.656989798,0 101.522221297,1.656986419,0 101.522113452,1.656935536,0 101.522041555,1.656908065,0 101.521987633,1.65689807,0 101.521915736,1.656899879,0 101.521879787,1.656906253,0 101.521700046,1.656961375,0 101.521610175,1.656979463,0 101.521502329,1.657013467,0 101.521484355,1.657015637,0 101.521394484,1.657060101,0 101.521322588,1.657084971,0 101.521142846,1.657114805,0 101.521070949,1.657133204,0 101.52094513,1.657176294,0 101.520762622,1.657250771,0 101.520634775,1.65732312,0 101.520553068,1.657377382,0 101.520316033,1.657554637,0 101.520254709,1.657612516,0 101.520138987,1.657702952,0 101.520101241,1.657739127,0 101.52004642,1.657817041,0 101.520033977,1.657829563,0 101.520010472,1.657841938,0 101.519974523,1.657848346,0 101.519920601,1.657840114,0 101.519812756,1.657791997,0 101.519776807,1.65777999,0 101.519740859,1.657774736,0 101.519686936,1.65777932,0 101.519650988,1.657789513,0 101.51948922,1.657859206,0 101.519381375,1.657899956,0 101.518806201,1.658060046,0 101.518662408,1.658114824,0 101.518541082,1.658191308,0 101.518448457,1.658281744,0 101.518378633,1.658390267,0 101.518231027,1.658580545,0 101.518195079,1.65863972,0 101.51815913,1.658754182,0 101.518148724,1.658770099,0 101.518051285,1.658832182,0 101.518033311,1.658832182,0 101.518015337,1.658842448,0 101.517997363,1.658824361,0 101.517997363,1.65942124,0 101.518015337,1.659439327,0 101.518015337,1.659493589,0 101.518033311,1.659511676,0 101.518033311,1.659584025,0 101.518051285,1.659602112,0 101.518051285,1.659692548,0 101.51806926,1.659710635,0 101.51806926,1.659801072,0 101.518087234,1.659819159,0 101.518087234,1.659909595,0 101.518105208,1.659927682,0 101.518105208,1.660018118,0 101.518123182,1.660036206,0 101.518123182,1.660126642,0 101.518141156,1.660144729,0 101.518141156,1.660235165,0 101.51815913,1.660253253,0 101.51815913,1.660343689,0 101.518177105,1.660361776,0 101.518177105,1.660452212,0 101.518195079,1.660470299,0 101.518195079,1.660560736,0 101.518213053,1.660578823,0 101.518213053,1.660633085,0 101.518231027,1.660651172,0 101.518249001,1.660639544,0 101.518266976,1.660639544,0 101.51826932,1.660651172,0 101.518266976,1.66066597,0 101.518231027,1.66066597,0 101.518213053,1.660669259,0 101.518231027,1.660687346,0 101.518231027,1.660723521,0 101.518249001,1.660741608,0 101.518266976,1.660733282,0 101.518392795,1.660731289,0 101.518467171,1.660723521,0 101.518493607,1.660705434,0 101.51853171,1.660651172,0 101.518626459,1.660594097,0 101.51871633,1.660507327,0 101.519021891,1.660315403,0 101.519381375,1.660134794,0 101.519453272,1.660109619,0 101.519670345,1.660054293,0 101.51983073,1.660032841,0 101.519992498,1.660039398,0 101.520136291,1.660063813,0 101.520244136,1.660100902,0 101.520334007,1.660139561,0 101.520369956,1.660147512,0 101.520405904,1.66014144,0 101.520531723,1.660083233,0 101.520585646,1.660063869,0 101.520639568,1.660055423,0 101.520693491,1.660056705,0 101.520729439,1.660065424,0 101.520778226,1.660090467,0 101.520817064,1.660126642,0 101.520823305,1.660144729,0 101.520817064,1.660198991,0 101.520795344,1.660253253,0 101.520765388,1.660272731,0 101.520691694,1.660343689,0 101.52064496,1.660379863,0 101.520633032,1.66039795,0 101.520549697,1.66046427,0 101.520504762,1.660488387,0 101.520423878,1.660520542,0 101.520369956,1.660557721,0 101.520280085,1.660673927,0 101.520208188,1.660782434,0 101.520118317,1.66089334,0 101.520082369,1.660924163,0 101.519874608,1.661067178,0 101.519726111,1.661211876,0 101.51968165,1.661266138,0 101.519661525,1.661302312,0 101.519650207,1.661338487,0 101.519650988,1.661363809,0 101.519654583,1.661374661,0 101.519686936,1.661392749,0 101.519758833,1.661403328,0 101.519992498,1.661416003,0 101.52003968,1.661428923,0 101.52005459,1.661465097,0 101.520047918,1.661501272,0 101.519997633,1.661537446,0 101.519940972,1.661573621,0 101.519848704,1.66161316,0 101.519795473,1.66164597,0 101.519730286,1.661736406,0 101.51970677,1.661754493,0 101.519634512,1.661790668,0 101.51946173,1.661844929,0 101.519435298,1.661863017,0 101.519405547,1.661917278,0 101.519396686,1.661953453,0 101.519402944,1.66197154,0 101.519422226,1.661989627,0 101.519471246,1.662011332,0 101.519579091,1.662040444,0 101.519625712,1.662061976,0 101.519676068,1.662098151,0 101.519717329,1.662152412,0 101.519738051,1.662206674,0 101.519732758,1.662242849,0 101.519712871,1.662279023,0 101.519666996,1.662333285,0 101.519597719,1.662387547,0 101.519471246,1.662441808,0 101.519417324,1.662471253,0 101.519286262,1.662568419,0 101.519202675,1.662622681,0 101.51905784,1.662694464,0 101.518967969,1.662723132,0 101.518572537,1.662807919,0 101.518374821,1.66286494,0 101.51828495,1.662881153,0 101.518231027,1.662883137,0 101.518213053,1.662893989,0 101.518213053,1.6630206,0 101.518231027,1.663038687,0 101.518231027,1.663056774,0 101.518249001,1.663074862,0 101.518249001,1.663111036,0 101.518266976,1.663129123,0 101.518266976,1.66314721,0 101.51828495,1.663165298,0 101.51828495,1.663201472,0 101.518302924,1.663219559,0 101.518302924,1.663255734,0 101.518320898,1.663273821,0 101.518320898,1.663291908,0 101.518338872,1.663309996,0 101.518338872,1.66334617,0 101.518356847,1.663364257,0 101.518356847,1.663400432,0 101.518374821,1.663418519,0 101.518374821,1.663436606,0 101.518392795,1.663454693,0 101.518392795,1.663490868,0 101.518410769,1.663508955,0 101.518410769,1.663527042,0 101.518428743,1.66354513,0 101.518428743,1.663581304,0 101.518446717,1.663599391,0 101.518446717,1.663635566,0 101.518464692,1.663653653,0 101.518464692,1.66367174,0 101.518482666,1.663689828,0 101.518482666,1.663726002,0 101.51850064,1.663744089,0 101.51850064,1.663780264,0 101.518518614,1.663798351,0 101.518518614,1.663816438,0 101.518536588,1.663834525,0 101.518536588,1.6638707,0 101.518554563,1.663888787,0 101.518554563,1.663906874,0 101.518572537,1.663924962,0 101.518572537,1.663961136,0 101.518590511,1.663979223,0 101.518590511,1.664015398,0 101.518608485,1.664033485,0 101.518608485,1.664051572,0 101.518626459,1.66406966,0 101.518626459,1.664105834,0 101.518644434,1.664123921,0 101.518644434,1.664160096,0 101.518662408,1.664178183,0 101.518662408,1.66419627,0 101.518680382,1.664214357,0 101.518680382,1.664250532,0 101.518698356,1.664268619,0 101.518698356,1.664286706,0 101.51871633,1.664304794,0 101.51871633,1.664340968,0 101.518734304,1.664359055,0 101.518734304,1.66439523,0 101.518752279,1.664413317,0 101.518752279,1.664431404,0 101.518770253,1.664449491,0 101.518770253,1.664485666,0 101.518788227,1.664503753,0 101.518788227,1.664539928,0 101.518806201,1.664558015,0 101.518806201,1.665625162,0 101.518824175,1.665643249,0 101.51884215,1.66563722,0 101.518860124,1.66563722,0 101.518896072,1.66565738,0 101.518932021,1.66566082,0 101.518967969,1.665658403,0 101.518985943,1.665670832,0 101.519003917,1.665673955,0 101.519021891,1.665669593,0 101.519111762,1.66561865,0 101.519183659,1.665587313,0 101.519237582,1.66556915,0 101.519399349,1.665531711,0 101.519437994,1.665516638,0 101.519597066,1.665434743,0 101.519650988,1.665415999,0 101.519686936,1.665409407,0 101.519758833,1.665407684,0 101.519956549,1.66543137,0 101.519992498,1.665441766,0 101.520027063,1.665462377,0 101.520047237,1.665498551,0 101.520031681,1.665552813,0 101.519987305,1.665607075,0 101.519936328,1.665643249,0 101.519797547,1.665715598,0 101.519742902,1.665751772,0 101.519597066,1.665913228,0 101.519525169,1.665968587,0 101.519471246,1.665999128,0 101.519399349,1.666030221,0 101.5191552,1.666113517,0 101.518985943,1.666181887,0 101.518896072,1.666209982,0 101.518860124,1.666213359,0 101.51884215,1.666222041,0 101.518860124,1.666240128,0 101.518860124,1.666258215,0 101.518878098,1.666276302,0 101.518878098,1.66629439,0 101.518896072,1.666312477,0 101.518896072,1.666330564,0 101.518914046,1.666348651,0 101.518914046,1.666366739,0 101.518932021,1.666384826,0 101.518932021,1.666402913,0 101.518949995,1.666421,0 101.518949995,1.666439087,0 101.518967969,1.666457175,0 101.518967969,1.666475262,0 101.518985943,1.666493349,0 101.518985943,1.666511436,0 101.519003917,1.666529524,0 101.519003917,1.666547611,0 101.519021891,1.666565698,0 101.519039866,1.666583785,0 101.51905784,1.666579067,0 101.519075814,1.666579067,0 101.519280443,1.666800832,0 101.519366044,1.666909356,0 101.519545462,1.667162577,0 101.519597066,1.667209087,0 101.519633014,1.667222114,0 101.519668962,1.667216839,0 101.519888932,1.667126402,0 101.519992498,1.667078047,0 101.520280085,1.666967829,0 101.520441852,1.666894362,0 101.520729439,1.666814843,0 101.520927155,1.666734967,0 101.520999052,1.666721162,0 101.521045486,1.666728483,0 101.521079038,1.66674657,0 101.521098989,1.666764658,0 101.521115884,1.666800832,0 101.52111741,1.666873181,0 101.521054259,1.667017879,0 101.52099366,1.667108315,0 101.52097317,1.667162577,0 101.520982024,1.667198751,0 101.521070949,1.667249895,0 101.521089468,1.6672711,0 101.521097502,1.667307275,0 101.521085682,1.667361536,0 101.521039384,1.66747006,0 101.521014894,1.667506234,0 101.520975686,1.667542409,0 101.520891207,1.667586861,0 101.520850316,1.667614758,0 101.520790225,1.667687107,0 101.520734923,1.667831805,0 101.520668841,1.667940328,0 101.52061308,1.668048851,0 101.520573064,1.668175462,0 101.520567672,1.668211637,0 101.520564863,1.668302073,0 101.520583326,1.668392509,0 101.520579175,1.668446771,0 101.520582378,1.668464858,0 101.52060362,1.668491457,0 101.520639568,1.668516536,0 101.520693491,1.668535815,0 101.520765388,1.668545976,0 101.52094513,1.668559102,0 101.520976176,1.668573381,0 101.520983193,1.668591469,0 101.520976085,1.668609556,0 101.520891207,1.668682809,0 101.520837284,1.668710327,0 101.520783362,1.668725527,0 101.520729439,1.6687223,0 101.520609012,1.668681905,0 101.520578456,1.668663817,0 101.520549697,1.66862506,0 101.520513749,1.668605034,0 101.520459827,1.668596228,0 101.520369956,1.66859373,0 101.520208188,1.66861148,0 101.520064394,1.668647469,0 101.519902627,1.668680021,0 101.519848704,1.668700433,0 101.519740859,1.668723315,0 101.519704911,1.668723315,0 101.519686936,1.668736166,0 101.519686936,1.669423481,0 101.519704911,1.669441569,0 101.519704911,1.669513918,0 101.519722885,1.669532005,0 101.519722885,1.669622441,0 101.519740859,1.669640528,0 101.519740859,1.669712877,0 101.519758833,1.669730964,0 101.519776807,1.669749052,0 101.519794782,1.669733979,0 101.519812756,1.669733979,0 101.519870872,1.669658615,0 101.519926048,1.669532005,0 101.519956549,1.669483772,0 101.519981181,1.669459656,0 101.520043624,1.669423481,0 101.520100343,1.669404471,0 101.520190214,1.669386866,0 101.52026211,1.669385179,0 101.520280085,1.669388599,0 101.520302961,1.669405394,0 101.520294464,1.669513918,0 101.520330013,1.669586266,0 101.520369956,1.669612428,0 101.520423878,1.669627505,0 101.520549697,1.669637484,0 101.520693491,1.669628771,0 101.520855259,1.669609121,0 101.52116082,1.669560221,0 101.521232717,1.669565165,0 101.521285612,1.669586266,0 101.521322588,1.669622943,0 101.521343853,1.669676703,0 101.521348772,1.669730964,0 101.521328138,1.669839488,0 101.521335078,1.669875662,0 101.521351464,1.669911837,0 101.521394484,1.669977197,0 101.521479562,1.670074622,0 101.521538278,1.670106354,0 101.521574226,1.670115226,0 101.521610175,1.670117339,0 101.521664097,1.670104767,0 101.521735994,1.67006176,0 101.52177451,1.67002036,0 101.521820418,1.669984186,0 101.521839482,1.669948011,0 101.521883896,1.669893749,0 101.521899259,1.669857575,0 101.521880273,1.669730964,0 101.521882959,1.66969479,0 101.521896077,1.669658615,0 101.5219305,1.669622441,0 101.5221494,1.669495461,0 101.522221297,1.669430264,0 101.522296148,1.669296871,0 101.522344924,1.66917026,0 101.522436987,1.669018241,0 101.522521803,1.668917039,0 101.52253079,1.668898952,0 101.522552594,1.668790428,0 101.522616729,1.668699992,0 101.522778497,1.66855608,0 101.522872453,1.668482945,0 101.522940265,1.668440139,0 101.522994187,1.668419914,0 101.523335697,1.668324294,0 101.523389619,1.668298826,0 101.523461516,1.668251687,0 101.523595163,1.668103113,0 101.523769528,1.667831805,0 101.52378982,1.667741368,0 101.52378794,1.66766902,0 101.523755094,1.667542409,0 101.523724627,1.66747006,0 101.523719574,1.667433885,0 101.523730668,1.667397711,0 101.523765443,1.667343449,0 101.523928845,1.667220377,0 101.523968318,1.667180664,0 101.52400218,1.667126402,0 101.524004184,1.667072141,0 101.523987669,1.667035966,0 101.523964793,1.667014316,0 101.523910871,1.666995089,0 101.523821,1.666995555,0 101.523749103,1.667012786,0 101.523559251,1.667090228,0 101.52347949,1.667135958,0 101.523446687,1.667162577,0 101.523421973,1.667198751,0 101.523410889,1.667253013,0 101.523414084,1.667343449,0 101.523401602,1.667397711,0 101.523380489,1.667433885,0 101.523335697,1.667466299,0 101.523299748,1.667483266,0 101.523105376,1.667542409,0 101.523030135,1.667577752,0 101.522984077,1.667614758,0 101.52292229,1.667690861,0 101.522883774,1.667723281,0 101.522844923,1.667741368,0 101.522814445,1.667748237,0 101.522760523,1.667745315,0 101.522726919,1.667723281,0 101.522714138,1.667687107,0 101.52271671,1.66766902,0 101.52273287,1.667614758,0 101.522767655,1.667542409,0 101.522800019,1.667433885,0 101.522905021,1.667253013,0 101.522926674,1.667126402,0 101.522938846,1.667090228,0 101.522981743,1.667035966,0 101.523019437,1.666999792,0 101.523183478,1.666873181,0 101.523199205,1.666855094,0 101.523253227,1.666764658,0 101.523275459,1.666674222,0 101.523318504,1.666601873,0 101.523353671,1.666513307,0 101.523437122,1.666402913,0 101.523533413,1.666303142,0 101.523564418,1.666258215,0 101.523580916,1.666222041,0 101.523590261,1.666167779,0 101.523588212,1.666113517,0 101.523572507,1.666059256,0 101.523569822,1.666004994,0 101.523579444,1.665968819,0 101.523600293,1.665932645,0 101.523787966,1.665715598,0 101.523874922,1.665622192,0 101.523910871,1.665592088,0 101.523946819,1.665572709,0 101.523982767,1.665561201,0 101.52403669,1.665554482,0 101.524144535,1.665556258,0 101.524144535,1.665462377,0 101.524126561,1.665444289,0 101.524126561,1.665281504,0 101.524108587,1.665263417,0 101.524108587,1.665154894,0 101.524090613,1.66514374,0 101.52403669,1.66514374,0 101.524000742,1.665173842,0 101.523928845,1.665209704,0 101.523892896,1.665253179,0 101.523874922,1.665265632,0 101.523803026,1.665300215,0 101.523731129,1.665323222,0 101.523641258,1.665344544,0 101.523533413,1.665361231,0 101.523443542,1.665368786,0 101.523389619,1.665365131,0 101.523353671,1.665357471,0 101.523317722,1.665341897,0 101.523299748,1.665327853,0 101.523275681,1.665299592,0 101.523262076,1.665263417,0 101.523264306,1.665227243,0 101.523277342,1.665191068,0 101.523239161,1.665172981,0 101.523281774,1.665107748,0 101.523353671,1.665055283,0 101.523371645,1.665079703,0 101.523389619,1.665087478,0 101.523418378,1.665064458,0 101.523623284,1.664868305,0 101.52369033,1.664793149,0 101.523758547,1.664702713,0 101.523785051,1.664679721,0 101.523803026,1.664672956,0 101.523838974,1.664671592,0 101.523928845,1.664683912,0 101.523982767,1.664706001,0 101.524054664,1.664706001,0 101.524054664,1.664666538,0 101.52403669,1.664648451,0 101.52403669,1.664539928,0 101.524018716,1.66452184,0 101.524018716,1.664413317,0 101.524000742,1.66439523,0 101.524000742,1.664286706,0 101.523982767,1.664268619,0 101.523982767,1.664160096,0 101.523964793,1.664142008,0 101.523964793,1.664086782,0 101.523892896,1.664086782,0 101.523821,1.664137689,0 101.52369518,1.664301014,0 101.52355076,1.664467579,0 101.523226196,1.664756975,0 101.523100253,1.664829323,0 101.523061017,1.66491976,0 101.52304811,1.664968323,0 101.522976213,1.665036631,0 101.522771059,1.665136806,0 101.522566285,1.665227243,0 101.522387259,1.665299592,0 101.522095478,1.665432404,0 101.522041555,1.665463396,0 101.521987633,1.665505951,0 101.521933508,1.6655709,0 101.521904232,1.665643249,0 101.521907959,1.66576986,0 101.521931437,1.665860296,0 101.521927949,1.665914558,0 101.521890344,1.665986907,0 101.521861813,1.666016191,0 101.52182663,1.666041168,0 101.521753968,1.666075534,0 101.521538278,1.666159895,0 101.521484355,1.666176699,0 101.521394484,1.666195161,0 101.521178794,1.666217519,0 101.521088923,1.666239821,0 101.521017026,1.666269009,0 101.520747414,1.666400253,0 101.520639568,1.666439087,0 101.520549697,1.666461023,0 101.520441852,1.666476509,0 101.520369956,1.666475262,0 101.520351981,1.666471242,0 101.52033144,1.666457175,0 101.520349984,1.666366739,0 101.520349602,1.666276302,0 101.520336575,1.666185866,0 101.52034789,1.666113517,0 101.520368158,1.666059256,0 101.520391006,1.666023081,0 101.520541962,1.665860296,0 101.520560931,1.665787947,0 101.52056951,1.665643249,0 101.520587505,1.665607075,0 101.520628743,1.665552813,0 101.520697024,1.665480464,0 101.520845193,1.665335766,0 101.520979909,1.665227243,0 101.521106897,1.665077488,0 101.521232342,1.664974021,0 101.521324585,1.664865498,0 101.52137651,1.664830513,0 101.52141875,1.664811236,0 101.521762356,1.664702713,0 101.522059529,1.66458507,0 101.522167374,1.664558157,0 101.522383065,1.664527468,0 101.522454961,1.664509179,0 101.52249091,1.664493303,0 101.522561221,1.664449491,0 101.522742548,1.664361479,0 101.522796471,1.66432454,0 101.522835742,1.664286706,0 101.522886342,1.664206924,0 101.522919459,1.66406966,0 101.522958239,1.663993474,0 101.523012161,1.66395386,0 101.523143511,1.663906874,0 101.523167082,1.663888787,0 101.523175601,1.6638707,0 101.523169435,1.663852613,0 101.523137981,1.663823673,0 101.523120006,1.66381267,0 101.523084058,1.663803256,0 101.523030135,1.663801968,0 101.522886342,1.663822549,0 101.522778497,1.663827049,0 101.522670652,1.663816438,0 101.522608741,1.663798351,0 101.522592336,1.663780264,0 101.522607566,1.663726002,0 101.522634427,1.663689828,0 101.522706391,1.663617479,0 101.522904316,1.663483079,0 101.523012517,1.663382345,0 101.523066084,1.663354912,0 101.523137981,1.663341715,0 101.523245826,1.663352576,0 101.523291913,1.663364257,0 101.523327429,1.663382345,0 101.523352221,1.663418519,0 101.523358957,1.663454693,0 101.523357188,1.663563217,0 101.523370104,1.663581304,0 101.523389619,1.663589217,0 101.523425568,1.663596582,0 101.52347949,1.663600092,0 101.523605309,1.663595639,0 101.523659232,1.663586564,0 101.523713155,1.663568863,0 101.523785051,1.663557578,0 101.523821,1.663542526,0 101.523874922,1.663542526,0 101.523892896,1.66354513,0 101.523892896,1.663527042,0 101.523874922,1.663508955,0 101.523874922,1.663382345,0 101.523856948,1.663364257,0 101.523856948,1.66314721,0 101.523838974,1.663129123,0 101.523838974,1.662893989,0 101.523821,1.662875902,0 101.523821,1.662640768,0 101.523803026,1.662622681,0 101.523803026,1.66249607,0 101.523785051,1.662477983,0 101.523785051,1.662351372,0 101.523767077,1.662333285,0 101.523767077,1.662188587,0 101.523749103,1.6621705,0 101.523749103,1.662043889,0 101.523731129,1.662025802,0 101.523713155,1.662023218,0 101.523659232,1.662023218,0 101.523569361,1.662043052,0 101.523497464,1.662066682,0 101.523407593,1.662067893,0 101.523317722,1.662062387,0 101.523226728,1.662043889,0 101.523183815,1.662025802,0 101.523125998,1.661989627,0 101.523030135,1.661955935,0 101.52292229,1.661936572,0 101.522850394,1.661941179,0 101.52281036,1.661953453,0 101.522760523,1.661980584,0 101.522616729,1.662095707,0 101.522562807,1.662131741,0 101.522357901,1.662224761,0 101.52216823,1.662351372,0 101.522015492,1.662514157,0 101.521966064,1.662550332,0 101.521897762,1.662615144,0 101.521855822,1.662640768,0 101.521811486,1.662676942,0 101.521806094,1.66269503,0 101.521819446,1.662749291,0 101.521816878,1.662785466,0 101.521800589,1.662857815,0 101.521784714,1.662893989,0 101.521660103,1.663092949,0 101.5215922,1.663165298,0 101.521512374,1.663291908,0 101.521457035,1.663364257,0 101.521408086,1.663400432,0 101.521268665,1.663466426,0 101.521214742,1.66349787,0 101.521035001,1.663636042,0 101.520981078,1.663661326,0 101.520873233,1.66369376,0 101.520847556,1.663707915,0 101.520809794,1.663744089,0 101.520788893,1.663798351,0 101.520793847,1.663816438,0 101.52081931,1.663833462,0 101.520891207,1.663843295,0 101.521052975,1.663835773,0 101.521106897,1.663841631,0 101.521138352,1.663852613,0 101.52115745,1.6638707,0 101.52116082,1.663888787,0 101.521154529,1.663906874,0 101.521106897,1.663948863,0 101.520999052,1.664006547,0 101.520927155,1.664059369,0 101.520860346,1.664123921,0 101.520824819,1.66419627,0 101.520807224,1.664214357,0 101.520765388,1.664245226,0 101.5206875,1.664286706,0 101.52061366,1.664377143,0 101.520531723,1.664513227,0 101.520495775,1.664543381,0 101.52038793,1.664602351,0 101.520312147,1.664666538,0 101.52017224,1.664840028,0 101.520055607,1.664955934,0 101.519956549,1.665123131,0 101.519902627,1.665171337,0 101.519848704,1.665203126,0 101.519776807,1.665219358,0 101.51961504,1.665243686,0 101.519507195,1.665274427,0 101.51948922,1.665276078,0 101.519453272,1.665268737,0 101.519432126,1.66524533,0 101.519399349,1.665100632,0 101.519363401,1.665084904,0 101.51927353,1.665057965,0 101.519243074,1.665028283,0 101.519233914,1.664992109,0 101.519246369,1.66491976,0 101.519271034,1.664865498,0 101.519306911,1.664829323,0 101.519381375,1.664782096,0 101.51948922,1.664729532,0 101.519543143,1.664712692,0 101.51961504,1.664700129,0 101.519848704,1.664682539,0 101.519884653,1.66467106,0 101.519938575,1.664639116,0 101.520016694,1.664576102,0 101.52007273,1.664485666,0 101.520102385,1.66439523,0 101.520129101,1.664340968,0 101.520131298,1.664322881,0 101.520118317,1.664306085,0 101.520082369,1.66430056,0 101.519902627,1.664293391,0 101.519848704,1.664284122,0 101.519803769,1.664268619,0 101.519758833,1.664236062,0 101.519686936,1.664154984,0 101.519543143,1.664023236,0 101.519507195,1.664005224,0 101.519453272,1.664009369,0 101.519243074,1.664087747,0 101.519063831,1.66419627,0 101.518949995,1.664259241,0 101.518932021,1.664264097,0 101.518914046,1.664262042,0 101.518886336,1.664250532,0 101.518824175,1.664210935,0 101.518799012,1.664178183,0 101.51878245,1.664123921,0 101.51876924,1.663852613,0 101.518774567,1.663798351,0 101.518824175,1.663689828,0 101.518897109,1.663581304,0 101.518918869,1.663418519,0 101.518940191,1.663382345,0 101.518998415,1.663328083,0 101.519079143,1.663273821,0 101.519148567,1.663237647,0 101.519600522,1.663074862,0 101.519762617,1.663038687,0 101.520118317,1.662985465,0 101.520298059,1.662947232,0 101.52038793,1.662936582,0 101.520441852,1.662924888,0 101.520477801,1.662900688,0 101.520490341,1.662875902,0 101.520513169,1.662676942,0 101.520533273,1.662640768,0 101.520567672,1.662598695,0 101.52060362,1.662574233,0 101.520639568,1.662559217,0 101.520711465,1.662538609,0 101.520801336,1.662521478,0 101.520869638,1.66249607,0 101.520887837,1.662477983,0 101.52088881,1.662459895,0 101.520879224,1.662441808,0 101.520855259,1.662423721,0 101.520814175,1.662405634,0 101.52067446,1.662369459,0 101.520477801,1.6623276,0 101.52038735,1.66229711,0 101.520360495,1.662279023,0 101.520347801,1.662260936,0 101.520339478,1.662224761,0 101.520346479,1.662188587,0 101.520387113,1.662134325,0 101.520457516,1.662080064,0 101.520714794,1.661935366,0 101.520866789,1.661826842,0 101.52091377,1.66177258,0 101.521024564,1.661591708,0 101.52106631,1.661537446,0 101.521125491,1.661501272,0 101.521316117,1.661410836,0 101.521363225,1.661374661,0 101.521389824,1.661338487,0 101.521405269,1.661266138,0 101.521431098,1.661193789,0 101.521450975,1.661157614,0 101.521484355,1.661119028,0 101.521502329,1.661108176,0 101.521520304,1.661104416,0 101.521574226,1.66110697,0 101.521646123,1.661128976,0 101.521682071,1.661155031,0 101.521692855,1.661175702,0 101.52169728,1.661211876,0 101.521692342,1.661229963,0 101.521647321,1.661284225,0 101.521625752,1.6613204,0 101.521624297,1.661338487,0 101.521632942,1.661356574,0 101.521649718,1.661374661,0 101.521679503,1.661392749,0 101.521753968,1.661419146,0 101.521802835,1.66144701,0 101.521825865,1.661466862,0 101.521883935,1.661537446,0 101.521897762,1.661573621,0 101.521891139,1.661609795,0 101.521897762,1.661623863,0 101.521915736,1.661629605,0 101.521951684,1.661610519,0 101.522012621,1.661519359,0 101.522077503,1.661452178,0 101.522113452,1.661423858,0 101.522167374,1.661399095,0 101.52227522,1.661374661,0 101.522326745,1.661356574,0 101.522357387,1.661338487,0 101.522383065,1.661311888,0 101.522419013,1.66129838,0 101.522472936,1.661302312,0 101.522501395,1.6613204,0 101.522508884,1.661338487,0 101.522530853,1.661356574,0 101.52259501,1.661392749,0 101.522724574,1.661454379,0 101.522778497,1.661464786,0 101.522814445,1.661461725,0 101.522850394,1.661451161,0 101.52292229,1.66141323,0 101.522989958,1.661356574,0 101.523060208,1.661266138,0 101.523155138,1.66112144,0 101.523209877,1.661067178,0 101.5232672,1.661031004,0 101.523335697,1.660997631,0 101.523497464,1.660953204,0 101.523551387,1.660953204,0 101.523551387,1.660813957,0 101.523533413,1.66079587,0 101.523533413,1.660669259,0 101.523515439,1.660651172,0 101.523515439,1.660524561,0 101.523497464,1.660506474,0 101.523497464,1.660379863,0 101.52347949,1.660361776,0 101.52347949,1.660235165,0 101.523461516,1.660217078,0 101.523461516,1.660090467,0 101.523443542,1.66007238,0 101.523443542,1.65994577,0 101.523425568,1.659927682,0 101.523425568,1.659801072,0 101.523407593,1.659782984,0 101.523407593,1.659656374,0 101.523389619,1.659638287,0 101.523389619,1.659493589,0 101.523371645,1.659475501,0 101.523371645,1.659149931,0 101.523353671,1.659131844,0 101.523353671,1.658788186,0 101.523335697,1.658770099,0 101.523335697,1.658426442,0 101.523317722,1.658408354,0 101.523317722,1.658317918,0 101.523299748,1.658299831,0 101.523299748,1.658209395,0 101.523281774,1.658191308,0 101.523281774,1.658082784,0 101.5232638,1.658064697,0 101.5232638,1.657974261,0 101.523245826,1.657956173,0 101.523245826,1.65784765,0 101.523227852,1.657829563,0 101.523227852,1.657739127,0 101.523209877,1.657721039,0 101.523209877,1.657630603,0 101.523191903,1.657612516,0 101.523191903,1.657503993,0 101.523173929,1.657485905,0 101.523173929,1.657395469,0 101.523155955,1.657377382,0 101.523155955,1.657268858,0 101.523137981,1.657250771,0 101.523137981,1.657160335,0 101.523120006,1.657142248,0 101.523120006,1.657051812,0 101.523102032,1.657033724,0 101.523102032,1.656925201,0 101.523084058,1.656907114,0 101.523084058,1.656816677,0 101.523066084,1.65679859,0 101.523066084,1.656690067,0 101.52304811,1.65667198,0 101.52304811,1.656581543,0 101.523030135,1.656563456,0 101.523030135,1.656454933,0 101.523012161,1.656436845,0 101.523012161,1.656310235,0 101.522994187,1.656292148,0 101.522994187,1.65614745,0 101.522976213,1.656129362,0 101.522976213,1.656122311,0 101.522904316,1.656122311,0 101.522868368,1.65611264,0 101.522832419,1.65611094,0 101.522814445,1.656103236,0 101.522796471,1.656086878,0 101.522778497,1.656085867,0 
						</coordinates>
					</LinearRing>
				</outerBoundaryIs>
				<innerBoundaryIs>
					<LinearRing>
						<coordinates>
							101.521574226,1.668702863,0 101.521753968,1.668712713,0 101.521807891,1.66872063,0 101.521843839,1.668730394,0 101.521897762,1.66876234,0 101.521933311,1.668808515,0 101.521952594,1.668898952,0 101.521981641,1.668989388,0 101.521981235,1.669025562,0 101.521969364,1.669061737,0 101.521943259,1.669097911,0 101.521897762,1.669137507,0 101.521861813,1.669156129,0 101.521807891,1.66917276,0 101.521753968,1.669180326,0 101.52171802,1.669179726,0 101.521664097,1.669167357,0 101.521556252,1.669112568,0 101.521520304,1.669100094,0 101.521484355,1.669093992,0 101.521430433,1.669095004,0 101.521394484,1.669104528,0 101.521372017,1.669115998,0 101.521268665,1.66919328,0 101.521247565,1.669206435,0 101.521201761,1.669224522,0 101.521142846,1.669236897,0 101.521070949,1.669241403,0 101.521017026,1.669238992,0 101.520981078,1.669232435,0 101.520968496,1.669224522,0 101.521052975,1.669138775,0 101.521079119,1.669097911,0 101.521178794,1.668986976,0 101.521277652,1.668862777,0 101.521334825,1.668808515,0 101.521430433,1.668740625,0 101.521466381,1.668722723,0 101.521502329,1.668711454,0 101.521574226,1.668702863,0 
						</coordinates>
					</LinearRing>
					<LinearRing>
						<coordinates>
							101.521969658,1.667913714,0 101.522005607,1.667913961,0 101.522113452,1.66792974,0 101.522239271,1.667936087,0 101.522311168,1.667944122,0 101.522347116,1.667951846,0 101.52249029,1.66799459,0 101.522533046,1.668012677,0 101.522564466,1.668030764,0 101.522585084,1.668048851,0 101.52260154,1.668085026,0 101.522591086,1.6681212,0 101.522577595,1.668139288,0 101.522474627,1.668229724,0 101.522401039,1.668286073,0 101.522347116,1.668317064,0 101.522293194,1.668334122,0 101.522239271,1.668338107,0 101.522113452,1.668328578,0 101.522041555,1.668326983,0 101.52171802,1.668335986,0 101.521664097,1.668334993,0 101.521628149,1.668331452,0 101.521574226,1.668318917,0 101.521537279,1.668302073,0 101.521493423,1.668265898,0 101.521466381,1.668226177,0 101.521454826,1.668175462,0 101.521465709,1.668139288,0 101.52149788,1.668103113,0 101.521538278,1.668071719,0 101.521574226,1.668051083,0 101.521628149,1.668027218,0 101.521771942,1.667974748,0 101.521879787,1.667930295,0 101.52193371,1.66791726,0 101.521969658,1.667913714,0 
						</coordinates>
					</LinearRing>
					<LinearRing>
						<coordinates>
							101.521915736,1.666746893,0 101.521951684,1.666750681,0 101.522002012,1.666764658,0 101.522020409,1.666782745,0 101.522018851,1.666800832,0 101.52199662,1.666818919,0 101.52193371,1.666847012,0 101.521879787,1.666861877,0 101.521843839,1.666864741,0 101.521807891,1.666859732,0 101.521771942,1.666843244,0 101.521758462,1.666818919,0 101.521765141,1.666800832,0 101.521783426,1.666782745,0 101.521825865,1.666760899,0 101.521879787,1.666748763,0 101.521915736,1.666746893,0 
						</coordinates>
					</LinearRing>
					<LinearRing>
						<coordinates>
							101.522778497,1.666188579,0 101.522814445,1.66619168,0 101.522865158,1.666203953,0 101.522898325,1.666222041,0 101.522911717,1.666240128,0 101.522913303,1.666276302,0 101.522904878,1.66629439,0 101.522862376,1.666330564,0 101.52280265,1.666366739,0 101.522732563,1.666421,0 101.522639526,1.666529524,0 101.522562807,1.666583115,0 101.52249091,1.666623577,0 101.522401039,1.666652074,0 101.522257245,1.666671395,0 101.522185349,1.666684861,0 101.5221494,1.666685074,0 101.522113452,1.666675794,0 101.522104938,1.666656134,0 101.522103341,1.66661996,0 101.522114909,1.666583785,0 101.522132483,1.666565698,0 101.5221494,1.66655731,0 101.522239271,1.666522176,0 101.522299816,1.666493349,0 101.522335882,1.666457175,0 101.52236509,1.666384826,0 101.522378296,1.666366739,0 101.522436249,1.666312477,0 101.52249091,1.666285276,0 101.522580781,1.666252692,0 101.522652677,1.666217373,0 101.5227066,1.666197839,0 101.522778497,1.666188579,0 
						</coordinates>
					</LinearRing>
					<LinearRing>
						<coordinates>
							101.522994187,1.66558774,0 101.523012161,1.665591367,0 101.523030135,1.66560139,0 101.523049744,1.665625162,0 101.523049639,1.665643249,0 101.523037049,1.665661336,0 101.523012161,1.665680763,0 101.522976213,1.665692641,0 101.522940265,1.665691738,0 101.522909046,1.665679424,0 101.522888793,1.665661336,0 101.522888416,1.665643249,0 101.522903674,1.665625162,0 101.522958239,1.665591801,0 101.522994187,1.66558774,0 
						</coordinates>
					</LinearRing>
					<LinearRing>
						<coordinates>
							101.521214742,1.664204618,0 101.521250691,1.664207342,0 101.521286639,1.664218769,0 101.521306912,1.664232445,0 101.5213264,1.664268619,0 101.521319164,1.664304794,0 101.521295076,1.664340968,0 101.521232717,1.664384248,0 101.521070949,1.664446636,0 101.521026522,1.664485666,0 101.521014912,1.66452184,0 101.521019299,1.664594189,0 101.520984779,1.6647208,0 101.520963104,1.66475509,0 101.520927155,1.664792503,0 101.520801336,1.664866343,0 101.520729439,1.664915276,0 101.520675517,1.664939929,0 101.520621594,1.66494824,0 101.520585646,1.664944792,0 101.520549697,1.664930311,0 101.520513749,1.664896246,0 101.520501461,1.664865498,0 101.520517743,1.664811236,0 101.520549697,1.664768389,0 101.520648205,1.664666538,0 101.520711954,1.664539928,0 101.520765388,1.664474564,0 101.520801336,1.664450509,0 101.520837284,1.664436423,0 101.520963104,1.664418637,0 101.521035001,1.664396071,0 101.521049915,1.664377143,0 101.521052592,1.664322881,0 101.52106923,1.664286706,0 101.52109996,1.664250532,0 101.521142846,1.664221541,0 101.521178794,1.664208834,0 101.521214742,1.664204618,0 
						</coordinates>
					</LinearRing>
					<LinearRing>
						<coordinates>
							101.522113452,1.663697866,0 101.522131426,1.663703895,0 101.522133823,1.663726002,0 101.522102967,1.663762177,0 101.521991435,1.6638707,0 101.521945932,1.663906874,0 101.521897762,1.663936739,0 101.521825865,1.663964944,0 101.521753968,1.663981094,0 101.52171802,1.663983996,0 101.521666094,1.663979223,0 101.521643247,1.663961136,0 101.521643555,1.663943049,0 101.521653313,1.663924962,0 101.521703374,1.6638707,0 101.521748216,1.663834525,0 101.52181075,1.663798351,0 101.521897762,1.663757603,0 101.522041555,1.663709362,0 101.522095478,1.663698138,0 101.522113452,1.663697866,0 
						</coordinates>
					</LinearRing>
					<LinearRing>
						<coordinates>
							101.523551387,1.663033389,0 101.523605309,1.663034165,0 101.523641258,1.663043269,0 101.523659232,1.663056021,0 101.523659232,1.66311539,0 101.523623284,1.663146233,0 101.523587335,1.663157177,0 101.523551387,1.66315799,0 101.52347949,1.663146146,0 101.52341288,1.663129123,0 101.523386493,1.663111036,0 101.523393527,1.663092949,0 101.523419576,1.663074862,0 101.523460767,1.663056774,0 101.523517436,1.663038687,0 101.523551387,1.663033389,0 
						</coordinates>
					</LinearRing>
					<LinearRing>
						<coordinates>
							101.519884653,1.662573587,0 101.519902627,1.662574448,0 101.519920601,1.662580854,0 101.519945315,1.662604593,0 101.519946792,1.662622681,0 101.519924595,1.662658855,0 101.519899257,1.662676942,0 101.519786793,1.662731204,0 101.519704911,1.662762979,0 101.51961504,1.662782513,0 101.519561117,1.662781245,0 101.519543143,1.662773408,0 101.519525169,1.662756739,0 101.519516438,1.662731204,0 101.519539607,1.66269503,0 101.519581706,1.662658855,0 101.519644597,1.662622681,0 101.519693527,1.662604593,0 101.519740859,1.662594203,0 101.519884653,1.662573587,0 
						</coordinates>
					</LinearRing>
					<LinearRing>
						<coordinates>
							101.521538278,1.660886306,0 101.521542771,1.660904393,0 101.521523898,1.66092248,0 101.521484355,1.660943856,0 101.521466381,1.660947145,0 101.521448407,1.6609455,0 101.521412459,1.660948104,0 101.521394484,1.660940568,0 101.521379077,1.66092248,0 101.521412459,1.660910853,0 101.521430433,1.660908413,0 101.521484355,1.660892883,0 101.521520304,1.660886306,0 101.521538278,1.660886306,0 
						</coordinates>
					</LinearRing>
				</innerBoundaryIs>
			</Polygon>
		</Placemark>
		<Placemark>
			<name>8-10m</name>
			<styleUrl>#style.#FFFFCC00..0.255</styleUrl>
			<Polygon>
				<tessellate>1</tessellate>
				<outerBoundaryIs>
					<LinearRing>
						<coordinates>
							101.524288329,1.667051128,0 101.524248174,1.667054053,0 101.524239599,1.667090228,0 101.524249584,1.667126402,0 101.52425238,1.667132158,0 101.524324277,1.667132158,0 101.524324277,1.667054053,0 101.524306303,1.667054053,0 101.524288329,1.667051128,0 
						</coordinates>
					</LinearRing>
				</outerBoundaryIs>
			</Polygon>
		</Placemark>
		<Placemark>
			<name>8-10m</name>
			<styleUrl>#style.#FFFFCC00..0.255</styleUrl>
			<Polygon>
				<tessellate>1</tessellate>
				<outerBoundaryIs>
					<LinearRing>
						<coordinates>
							101.518967969,1.661843025,0 101.518878098,1.661860522,0 101.518788227,1.661870996,0 101.518756426,1.661881104,0 101.518728313,1.661899191,0 101.518689702,1.661953453,0 101.518648178,1.662061976,0 101.518634162,1.662152412,0 101.518644434,1.662195822,0 101.518662408,1.662194616,0 101.518680382,1.662184969,0 101.518770253,1.66209996,0 101.518845145,1.662043889,0 101.518852135,1.662025802,0 101.518878098,1.662004097,0 101.518896072,1.661994795,0 101.518967969,1.661985106,0 101.519012904,1.66197154,0 101.519075814,1.661937174,0 101.519087797,1.661917278,0 101.519085799,1.661899191,0 101.519070678,1.661863017,0 101.51905784,1.66185548,0 101.519021891,1.661843286,0 101.518967969,1.661843025,0 
						</coordinates>
					</LinearRing>
				</outerBoundaryIs>
			</Polygon>
		</Placemark>
		<Placemark>
			<name>8-10m</name>
			<styleUrl>#style.#FFFFCC00..0.255</styleUrl>
			<Polygon>
				<tessellate>1</tessellate>
				<outerBoundaryIs>
					<LinearRing>
						<coordinates>
							101.520082369,1.667993143,0 101.520028446,1.667994428,0 101.519974523,1.668010003,0 101.519916961,1.668048851,0 101.519854995,1.6681212,0 101.519824047,1.668175462,0 101.51983073,1.668212332,0 101.519848704,1.668242923,0 101.519920601,1.668274188,0 101.519956549,1.668283276,0 101.520028446,1.668286374,0 101.520082369,1.668275829,0 101.520118317,1.668262281,0 101.520201598,1.668211637,0 101.520250812,1.668157375,0 101.520263608,1.6681212,0 101.520259806,1.668103113,0 101.520235149,1.668066939,0 101.520214179,1.668048851,0 101.520151946,1.668012677,0 101.520082369,1.667993143,0 
						</coordinates>
					</LinearRing>
				</outerBoundaryIs>
			</Polygon>
		</Placemark>
		<Placemark>
			<name>10-12m</name>
			<styleUrl>#style.#FFFFE696..0.255</styleUrl>
			<Polygon>
				<tessellate>1</tessellate>
				<outerBoundaryIs>
					<LinearRing>
						<coordinates>
							101.518213053,1.660633085,0 101.518213053,1.660669259,0 101.518231027,1.66066597,0 101.518266976,1.66066597,0 101.51826932,1.660651172,0 101.518266976,1.660639544,0 101.518249001,1.660639544,0 101.518231027,1.660651172,0 101.518213053,1.660633085,0 
						</coordinates>
					</LinearRing>
				</outerBoundaryIs>
			</Polygon>
		</Placemark>
		<Placemark>
			<name>10-12m</name>
			<styleUrl>#style.#FFFFE696..0.255</styleUrl>
			<Polygon>
				<tessellate>1</tessellate>
				<outerBoundaryIs>
					<LinearRing>
						<coordinates>
							101.51983073,1.660032841,0 101.519670345,1.660054293,0 101.519453272,1.660109619,0 101.519381375,1.660134794,0 101.519021891,1.660315403,0 101.51871633,1.660507327,0 101.518626459,1.660594097,0 101.51853171,1.660651172,0 101.518493607,1.660705434,0 101.518467171,1.660723521,0 101.518392795,1.660731289,0 101.518266976,1.660733282,0 101.518249001,1.660741608,0 101.518231027,1.660723521,0 101.518231027,1.660777782,0 101.518249001,1.66079587,0 101.518249001,1.661881104,0 101.518231027,1.661881104,0 101.518231027,1.662875902,0 101.518213053,1.662875902,0 101.518213053,1.662893989,0 101.518231027,1.662883137,0 101.51828495,1.662881153,0 101.518374821,1.66286494,0 101.518572537,1.662807919,0 101.518967969,1.662723132,0 101.51905784,1.662694464,0 101.519202675,1.662622681,0 101.519286262,1.662568419,0 101.519417324,1.662471253,0 101.519471246,1.662441808,0 101.519597719,1.662387547,0 101.519666996,1.662333285,0 101.519712871,1.662279023,0 101.519732758,1.662242849,0 101.519738051,1.662206674,0 101.519717329,1.662152412,0 101.519676068,1.662098151,0 101.519625712,1.662061976,0 101.519579091,1.662040444,0 101.519471246,1.662011332,0 101.519422226,1.661989627,0 101.519402944,1.66197154,0 101.519396686,1.661953453,0 101.519405547,1.661917278,0 101.519435298,1.661863017,0 101.51946173,1.661844929,0 101.519634512,1.661790668,0 101.51970677,1.661754493,0 101.519730286,1.661736406,0 101.519795473,1.66164597,0 101.519848704,1.66161316,0 101.519940972,1.661573621,0 101.519997633,1.661537446,0 101.520047918,1.661501272,0 101.52005459,1.661465097,0 101.52003968,1.661428923,0 101.519992498,1.661416003,0 101.519758833,1.661403328,0 101.519686936,1.661392749,0 101.519654583,1.661374661,0 101.519650988,1.661363809,0 101.519650207,1.661338487,0 101.519661525,1.661302312,0 101.51968165,1.661266138,0 101.519726111,1.661211876,0 101.519874608,1.661067178,0 101.520082369,1.660924163,0 101.520118317,1.66089334,0 101.520208188,1.660782434,0 101.520280085,1.660673927,0 101.520369956,1.660557721,0 101.520423878,1.660520542,0 101.520504762,1.660488387,0 101.520549697,1.66046427,0 101.520633032,1.66039795,0 101.52064496,1.660379863,0 101.520691694,1.660343689,0 101.520765388,1.660272731,0 101.520795344,1.660253253,0 101.520817064,1.660198991,0 101.520823305,1.660144729,0 101.520817064,1.660126642,0 101.520778226,1.660090467,0 101.520729439,1.660065424,0 101.520693491,1.660056705,0 101.520639568,1.660055423,0 101.520585646,1.660063869,0 101.520531723,1.660083233,0 101.520405904,1.66014144,0 101.520369956,1.660147512,0 101.520334007,1.660139561,0 101.520244136,1.660100902,0 101.520136291,1.660063813,0 101.519992498,1.660039398,0 101.51983073,1.660032841,0 
						</coordinates>
					</LinearRing>
				</outerBoundaryIs>
				<innerBoundaryIs>
					<LinearRing>
						<coordinates>
							101.518967969,1.661843025,0 101.519021891,1.661843286,0 101.51905784,1.66185548,0 101.519070678,1.661863017,0 101.519085799,1.661899191,0 101.519087797,1.661917278,0 101.519075814,1.661937174,0 101.519012904,1.66197154,0 101.518967969,1.661985106,0 101.518896072,1.661994795,0 101.518878098,1.662004097,0 101.518852135,1.662025802,0 101.518845145,1.662043889,0 101.518770253,1.66209996,0 101.518680382,1.662184969,0 101.518662408,1.662194616,0 101.518644434,1.662195822,0 101.518634162,1.662152412,0 101.518648178,1.662061976,0 101.518689702,1.661953453,0 101.518728313,1.661899191,0 101.518756426,1.661881104,0 101.518788227,1.661870996,0 101.518878098,1.661860522,0 101.518967969,1.661843025,0 
						</coordinates>
					</LinearRing>
				</innerBoundaryIs>
			</Polygon>
		</Placemark>
		<Placemark>
			<name>10-12m</name>
			<styleUrl>#style.#FFFFE696..0.255</styleUrl>
			<Polygon>
				<tessellate>1</tessellate>
				<outerBoundaryIs>
					<LinearRing>
						<coordinates>
							101.519758833,1.665407684,0 101.519686936,1.665409407,0 101.519650988,1.665415999,0 101.519597066,1.665434743,0 101.519437994,1.665516638,0 101.519399349,1.665531711,0 101.519237582,1.66556915,0 101.519183659,1.665587313,0 101.519111762,1.66561865,0 101.519021891,1.665669593,0 101.519003917,1.665673955,0 101.518985943,1.665670832,0 101.518967969,1.665658403,0 101.518932021,1.66566082,0 101.518896072,1.66565738,0 101.518860124,1.66563722,0 101.51884215,1.66563722,0 101.518824175,1.665643249,0 101.518806201,1.665625162,0 101.518806201,1.666113517,0 101.518824175,1.666131604,0 101.518824175,1.666203953,0 101.51884215,1.666222041,0 101.518860124,1.666213359,0 101.518896072,1.666209982,0 101.518985943,1.666181887,0 101.5191552,1.666113517,0 101.519399349,1.666030221,0 101.519471246,1.665999128,0 101.519525169,1.665968587,0 101.519597066,1.665913228,0 101.519742902,1.665751772,0 101.519797547,1.665715598,0 101.519936328,1.665643249,0 101.519987305,1.665607075,0 101.520031681,1.665552813,0 101.520047237,1.665498551,0 101.520027063,1.665462377,0 101.519992498,1.665441766,0 101.519956549,1.66543137,0 101.519758833,1.665407684,0 
						</coordinates>
					</LinearRing>
				</outerBoundaryIs>
			</Polygon>
		</Placemark>
		<Placemark>
			<name>10-12m</name>
			<styleUrl>#style.#FFFFE696..0.255</styleUrl>
			<Polygon>
				<tessellate>1</tessellate>
				<outerBoundaryIs>
					<LinearRing>
						<coordinates>
							101.519021891,1.666565698,0 101.519021891,1.666583785,0 101.519039866,1.666601873,0 101.519039866,1.66661996,0 101.51905784,1.666638047,0 101.51905784,1.666656134,0 101.519075814,1.666674222,0 101.519075814,1.666692309,0 101.519093788,1.666710396,0 101.519093788,1.666728483,0 101.519111762,1.66674657,0 101.519111762,1.666764658,0 101.519129737,1.666782745,0 101.519129737,1.666800832,0 101.519147711,1.666818919,0 101.519147711,1.666837007,0 101.519165685,1.666855094,0 101.519165685,1.666873181,0 101.519183659,1.666891268,0 101.519183659,1.666909356,0 101.519201633,1.666927443,0 101.519201633,1.66694553,0 101.519219608,1.666963617,0 101.519219608,1.666981705,0 101.519237582,1.666999792,0 101.519237582,1.667017879,0 101.519255556,1.667035966,0 101.519255556,1.667054053,0 101.51927353,1.667072141,0 101.51927353,1.667090228,0 101.519291504,1.667108315,0 101.519291504,1.667126402,0 101.519309478,1.66714449,0 101.519309478,1.667162577,0 101.519327453,1.667180664,0 101.519327453,1.667198751,0 101.519345427,1.667216839,0 101.519345427,1.667234926,0 101.519363401,1.667253013,0 101.519363401,1.6672711,0 101.519381375,1.667289188,0 101.519381375,1.667307275,0 101.519399349,1.667325362,0 101.519399349,1.667343449,0 101.519417324,1.667361536,0 101.519417324,1.667379624,0 101.519435298,1.667397711,0 101.519435298,1.667415798,0 101.519453272,1.667433885,0 101.519453272,1.667451973,0 101.519471246,1.66747006,0 101.519471246,1.667488147,0 101.51948922,1.667506234,0 101.51948922,1.667524322,0 101.519507195,1.667542409,0 101.519507195,1.667560496,0 101.519525169,1.667578583,0 101.519525169,1.667596671,0 101.519543143,1.667614758,0 101.519543143,1.667632845,0 101.519561117,1.667650932,0 101.519561117,1.66766902,0 101.519579091,1.667687107,0 101.519579091,1.667777543,0 101.519597066,1.66779563,0 101.519597066,1.667904154,0 101.51961504,1.667922241,0 101.51961504,1.668030764,0 101.519633014,1.668048851,0 101.519633014,1.668157375,0 101.519650988,1.668175462,0 101.519650988,1.668283986,0 101.519668962,1.668302073,0 101.519668962,1.668410596,0 101.519686936,1.668428683,0 101.519686936,1.668736166,0 101.519704911,1.668723315,0 101.519740859,1.668723315,0 101.519848704,1.668700433,0 101.519902627,1.668680021,0 101.520064394,1.668647469,0 101.520208188,1.66861148,0 101.520369956,1.66859373,0 101.520459827,1.668596228,0 101.520513749,1.668605034,0 101.520549697,1.66862506,0 101.520578456,1.668663817,0 101.520609012,1.668681905,0 101.520729439,1.6687223,0 101.520783362,1.668725527,0 101.520837284,1.668710327,0 101.520891207,1.668682809,0 101.520976085,1.668609556,0 101.520983193,1.668591469,0 101.520976176,1.668573381,0 101.52094513,1.668559102,0 101.520765388,1.668545976,0 101.520693491,1.668535815,0 101.520639568,1.668516536,0 101.52060362,1.668491457,0 101.520582378,1.668464858,0 101.520579175,1.668446771,0 101.520583326,1.668392509,0 101.520564863,1.668302073,0 101.520567672,1.668211637,0 101.520573064,1.668175462,0 101.52061308,1.668048851,0 101.520668841,1.667940328,0 101.520734923,1.667831805,0 101.520790225,1.667687107,0 101.520850316,1.667614758,0 101.520891207,1.667586861,0 101.520975686,1.667542409,0 101.521014894,1.667506234,0 101.521039384,1.66747006,0 101.521085682,1.667361536,0 101.521097502,1.667307275,0 101.521089468,1.6672711,0 101.521070949,1.667249895,0 101.520982024,1.667198751,0 101.52097317,1.667162577,0 101.52099366,1.667108315,0 101.521054259,1.667017879,0 101.52111741,1.666873181,0 101.521115884,1.666800832,0 101.521098989,1.666764658,0 101.521079038,1.66674657,0 101.521045486,1.666728483,0 101.520999052,1.666721162,0 101.520927155,1.666734967,0 101.520729439,1.666814843,0 101.520441852,1.666894362,0 101.520280085,1.666967829,0 101.519992498,1.667078047,0 101.519888932,1.667126402,0 101.519668962,1.667216839,0 101.519633014,1.667222114,0 101.519597066,1.667209087,0 101.519545462,1.667162577,0 101.519366044,1.666909356,0 101.519280443,1.666800832,0 101.519075814,1.666579067,0 101.51905784,1.666579067,0 101.519039866,1.666583785,0 101.519021891,1.666565698,0 
						</coordinates>
					</LinearRing>
				</outerBoundaryIs>
				<innerBoundaryIs>
					<LinearRing>
						<coordinates>
							101.520082369,1.667993143,0 101.520151946,1.668012677,0 101.520214179,1.668048851,0 101.520235149,1.668066939,0 101.520259806,1.668103113,0 101.520263608,1.6681212,0 101.520250812,1.668157375,0 101.520201598,1.668211637,0 101.520118317,1.668262281,0 101.520082369,1.668275829,0 101.520028446,1.668286374,0 101.519956549,1.668283276,0 101.519920601,1.668274188,0 101.519848704,1.668242923,0 101.51983073,1.668212332,0 101.519824047,1.668175462,0 101.519854995,1.6681212,0 101.519916961,1.668048851,0 101.519974523,1.668010003,0 101.520028446,1.667994428,0 101.520082369,1.667993143,0 
						</coordinates>
					</LinearRing>
				</innerBoundaryIs>
			</Polygon>
		</Placemark>
		<Placemark>
			<name>10-12m</name>
			<styleUrl>#style.#FFFFE696..0.255</styleUrl>
			<Polygon>
				<tessellate>1</tessellate>
				<outerBoundaryIs>
					<LinearRing>
						<coordinates>
							101.539494492,1.699190718,0 101.539422595,1.699190718,0 101.539350698,1.699200814,0 101.53931475,1.699209138,0 101.539104346,1.699285502,0 101.538955266,1.699346603,0 101.538883369,1.699371232,0 101.538847421,1.699380546,0 101.538775524,1.699393748,0 101.538595782,1.699418206,0 101.538362118,1.699439217,0 101.538182376,1.699471226,0 101.538110479,1.699485657,0 101.538056557,1.699499347,0 101.53800046,1.699520636,0 101.537840866,1.699596666,0 101.53776897,1.69962502,0 101.537715047,1.699640844,0 101.537607202,1.699662618,0 101.537535305,1.699680608,0 101.537366185,1.699737683,0 101.537175822,1.699806703,0 101.536834312,1.69990638,0 101.536744933,1.699936643,0 101.536708493,1.699953149,0 101.536582673,1.700022376,0 101.536510777,1.700053589,0 101.536474828,1.700063166,0 101.535827757,1.700199705,0 101.535737886,1.700226576,0 101.53566599,1.700255352,0 101.535090816,1.70055144,0 101.535036893,1.700573642,0 101.534964996,1.700595512,0 101.534929048,1.700599841,0 101.534587538,1.70062721,0 101.534425771,1.700649581,0 101.534246029,1.700663838,0 101.534192106,1.700680342,0 101.534048313,1.700757373,0 101.533958442,1.70078962,0 101.533580984,1.700842511,0 101.533545036,1.700843265,0 101.533527061,1.700841881,0 101.53343719,1.700825794,0 101.533329345,1.700812317,0 101.5332215,1.70081023,0 101.533185552,1.700806523,0 101.533113655,1.700791856,0 101.533059732,1.700772934,0 101.532969862,1.700748056,0 101.532951887,1.700748056,0 101.532933913,1.700750568,0 101.532915939,1.700750568,0 101.532915939,1.700786742,0 101.532897965,1.700786742,0 101.532897965,1.700877179,0 101.532879991,1.700877179,0 101.532879991,1.700949528,0 101.532897965,1.700949528,0 101.532915939,1.700935938,0 101.532933913,1.700935938,0 101.533065724,1.700967615,0 101.533113655,1.700975366,0 101.533167578,1.700979303,0 101.533275423,1.7009767,0 101.533311371,1.700978117,0 101.533401242,1.70098562,0 101.533491113,1.700997419,0 101.533545036,1.700996027,0 101.533688829,1.700978841,0 101.533760726,1.700976251,0 101.533832623,1.700970423,0 101.533922493,1.70096076,0 101.533976416,1.70095233,0 101.534030339,1.700940702,0 101.534066287,1.700928306,0 101.534192106,1.700864905,0 101.534246029,1.700844126,0 101.534281977,1.700835453,0 101.534479693,1.700811859,0 101.534605513,1.700786742,0 101.534659435,1.700778704,0 101.534964996,1.700752907,0 101.535000945,1.700746807,0 101.535072842,1.700725295,0 101.535126764,1.700703575,0 101.535288532,1.700625268,0 101.535576119,1.700476713,0 101.535719912,1.700411455,0 101.535845732,1.700374211,0 101.536043448,1.700329533,0 101.536474828,1.700238857,0 101.536546725,1.700219178,0 101.536762415,1.700119609,0 101.537085951,1.700022942,0 101.537157847,1.700003796,0 101.537229744,1.699979394,0 101.537301641,1.699947691,0 101.537414844,1.699882381,0 101.537499357,1.699841438,0 101.537607202,1.699800461,0 101.537733021,1.699761761,0 101.537800317,1.699737683,0 101.537885922,1.699701509,0 101.538056557,1.699622098,0 101.538110479,1.699601912,0 101.538164402,1.699587051,0 101.538218324,1.699575876,0 101.538380092,1.699555161,0 101.538416041,1.699548792,0 101.538631731,1.699499234,0 101.538703628,1.699487795,0 101.538867143,1.699466375,0 101.53897324,1.699446549,0 101.539027163,1.699423586,0 101.539129273,1.699357851,0 101.539224615,1.69930359,0 101.539278802,1.699280538,0 101.539332724,1.699263246,0 101.539368672,1.699257706,0 101.539404621,1.699256231,0 101.539476518,1.699259999,0 101.53953044,1.699266946,0 101.539548414,1.699260607,0 101.539584363,1.699260607,0 101.539602337,1.699267415,0 101.539584363,1.699249328,0 101.539566389,1.699249328,0 101.539548414,1.699231241,0 101.53953044,1.699231241,0 101.539512466,1.699213154,0 101.539494492,1.699195066,0 101.539494492,1.699190718,0 
						</coordinates>
					</LinearRing>
				</outerBoundaryIs>
			</Polygon>
		</Placemark>
		<Placemark>
			<name>10-12m</name>
			<styleUrl>#style.#FFFFE696..0.255</styleUrl>
			<Polygon>
				<tessellate>1</tessellate>
				<outerBoundaryIs>
					<LinearRing>
						<coordinates>
							101.522113452,1.663697866,0 101.522095478,1.663698138,0 101.522041555,1.663709362,0 101.521897762,1.663757603,0 101.52181075,1.663798351,0 101.521748216,1.663834525,0 101.521703374,1.6638707,0 101.521653313,1.663924962,0 101.521643555,1.663943049,0 101.521643247,1.663961136,0 101.521666094,1.663979223,0 101.52171802,1.663983996,0 101.521753968,1.663981094,0 101.521825865,1.663964944,0 101.521897762,1.663936739,0 101.521945932,1.663906874,0 101.521991435,1.6638707,0 101.522102967,1.663762177,0 101.522133823,1.663726002,0 101.522131426,1.663703895,0 101.522113452,1.663697866,0 
						</coordinates>
					</LinearRing>
				</outerBoundaryIs>
			</Polygon>
		</Placemark>
		<Placemark>
			<name>10-12m</name>
			<styleUrl>#style.#FFFFE696..0.255</styleUrl>
			<Polygon>
				<tessellate>1</tessellate>
				<outerBoundaryIs>
					<LinearRing>
						<coordinates>
							101.525187038,1.692714518,0 101.525133115,1.692737925,0 101.525149293,1.692846448,0 101.525187038,1.692873579,0 101.525222986,1.692881559,0 101.525258935,1.692875589,0 101.52530017,1.692846448,0 101.5253118,1.692810274,0 101.525307181,1.692792187,0 101.525273913,1.692737925,0 101.525240961,1.692718546,0 101.525187038,1.692714518,0 
						</coordinates>
					</LinearRing>
				</outerBoundaryIs>
			</Polygon>
		</Placemark>
		<Placemark>
			<name>10-12m</name>
			<styleUrl>#style.#FFFFE696..0.255</styleUrl>
			<Polygon>
				<tessellate>1</tessellate>
				<outerBoundaryIs>
					<LinearRing>
						<coordinates>
							101.531190417,1.692014436,0 101.531190417,1.692032523,0 101.531172443,1.692028412,0 101.531136494,1.692028412,0 101.53111852,1.692030967,0 101.531028649,1.692034088,0 101.530992701,1.692041182,0 101.530920804,1.692064176,0 101.530794985,1.692132575,0 101.53068714,1.69218124,0 101.530564129,1.692231483,0 101.530453475,1.692282691,0 101.530291707,1.692349812,0 101.530022095,1.692459471,0 101.529968172,1.692478244,0 101.52991425,1.69249087,0 101.529860327,1.692499133,0 101.529662611,1.69251706,0 101.529554766,1.692529425,0 101.529482869,1.69254146,0 101.529421757,1.692557053,0 101.529321101,1.692592288,0 101.529177308,1.692634271,0 101.529051488,1.692658021,0 101.528943643,1.692671526,0 101.528871747,1.692683181,0 101.528817824,1.692696224,0 101.528638082,1.69274683,0 101.528494289,1.692775878,0 101.528314547,1.692819026,0 101.528188727,1.692838912,0 101.528134805,1.692849622,0 101.528080882,1.692865488,0 101.527955063,1.692909606,0 101.527757347,1.692973351,0 101.527613553,1.693029299,0 101.527559631,1.693045408,0 101.527505708,1.693056746,0 101.527397863,1.693073071,0 101.527325966,1.693086301,0 101.527272044,1.693093138,0 101.527236095,1.693095329,0 101.527200147,1.693095624,0 101.527038379,1.693090626,0 101.526948508,1.693092826,0 101.526876612,1.693100661,0 101.526804715,1.693111639,0 101.526750792,1.693122852,0 101.526732818,1.693124288,0 101.526714844,1.693123616,0 101.526642947,1.693112105,0 101.526571051,1.693108857,0 101.526535102,1.693103616,0 101.526517128,1.693103689,0 101.526499154,1.693106704,0 101.526463205,1.693118453,0 101.526427257,1.693126067,0 101.526409283,1.693125865,0 101.526373334,1.693118709,0 101.52635536,1.693121565,0 101.526285097,1.693153931,0 101.526229541,1.693168401,0 101.52613967,1.693184186,0 101.526031825,1.69319659,0 101.525870057,1.693221974,0 101.525780186,1.693237228,0 101.52558247,1.693278336,0 101.525546522,1.693281528,0 101.525528548,1.693281511,0 101.525456651,1.693272649,0 101.525402728,1.693261144,0 101.52536678,1.693250812,0 101.525251232,1.693190106,0 101.525169064,1.693128907,0 101.525115141,1.693097373,0 101.525097167,1.693107809,0 101.525079193,1.693112072,0 101.525061219,1.693077061,0 101.525043245,1.693089964,0 101.52502527,1.693089964,0 101.525007296,1.69309967,0 101.52502527,1.693117757,0 101.525043245,1.693135844,0 101.525061219,1.693153931,0 101.525079193,1.693153931,0 101.525097167,1.693172019,0 101.525133115,1.693208193,0 101.52515109,1.69322628,0 101.525169064,1.69322628,0 101.525187038,1.693244367,0 101.525205012,1.693262455,0 101.525222986,1.693280542,0 101.525240961,1.693298629,0 101.525258935,1.693298629,0 101.525276909,1.693316716,0 101.525294883,1.693334804,0 101.525312857,1.693352891,0 101.525330832,1.693370978,0 101.525348806,1.693370978,0 101.52536678,1.693389065,0 101.525384754,1.693407153,0 101.525402728,1.69342524,0 101.525420702,1.69342524,0 101.525438677,1.693443327,0 101.525474625,1.693479501,0 101.525492599,1.693497589,0 101.525510573,1.693497589,0 101.525528548,1.693515676,0 101.525564496,1.69355185,0 101.52558247,1.693569938,0 101.525600444,1.693569938,0 101.525618419,1.693588025,0 101.525654367,1.693624199,0 101.525672341,1.693624199,0 101.525690315,1.693642287,0 101.525708289,1.693660374,0 101.525726264,1.693678461,0 101.525744238,1.693696548,0 101.525762212,1.693696548,0 101.525780186,1.693714635,0 101.52579816,1.693732723,0 101.525816135,1.69375081,0 101.525834109,1.693768897,0 101.52585038,1.69375081,0 101.525852083,1.693747383,0 101.525870057,1.693747383,0 101.525888031,1.693742869,0 101.525906006,1.693726392,0 101.526013851,1.693710285,0 101.526157644,1.693677774,0 101.526283464,1.693644837,0 101.526337386,1.693633017,0 101.526427257,1.693617243,0 101.526606999,1.693597996,0 101.526678896,1.693587799,0 101.526732818,1.693577625,0 101.526858638,1.693546838,0 101.526930534,1.693533343,0 101.527110276,1.693513974,0 101.52725407,1.693495999,0 101.527343941,1.69348798,0 101.527451786,1.693483157,0 101.527613553,1.693480495,0 101.52768545,1.693475391,0 101.527793295,1.693458326,0 101.527955063,1.693420417,0 101.528494289,1.693264866,0 101.528566185,1.693248523,0 101.528709979,1.693224814,0 101.528779308,1.693208193,0 101.52901554,1.693124791,0 101.529159334,1.693079223,0 101.529410972,1.693026459,0 101.529482869,1.693006366,0 101.529626663,1.692958589,0 101.529752482,1.692923197,0 101.529986146,1.692874841,0 101.530201837,1.69281458,0 101.530382635,1.692774099,0 101.530450207,1.692756012,0 101.530525372,1.692727785,0 101.530741062,1.692629105,0 101.53090283,1.692536924,0 101.530974727,1.692501993,0 101.531028649,1.69248395,0 101.53111852,1.692462999,0 101.531280288,1.692430442,0 101.53133421,1.692412807,0 101.531370159,1.692390896,0 101.531447908,1.692321919,0 101.531478004,1.692307627,0 101.531495978,1.69229304,0 101.531531926,1.69229304,0 101.531549901,1.692303831,0 101.531549901,1.692285744,0 101.531531926,1.692285744,0 101.531478004,1.692231483,0 101.53146003,1.692231483,0 101.531442056,1.692213395,0 101.531424081,1.692195308,0 101.531388133,1.692159134,0 101.531370159,1.692159134,0 101.531352185,1.692141046,0 101.53133421,1.692122959,0 101.531316236,1.692104872,0 101.531298262,1.692104872,0 101.531280288,1.692086785,0 101.531262314,1.692068697,0 101.531244339,1.69205061,0 101.531226365,1.69205061,0 101.531190417,1.692014436,0 
						</coordinates>
					</LinearRing>
				</outerBoundaryIs>
			</Polygon>
		</Placemark>
		<Placemark>
			<name>10-12m</name>
			<styleUrl>#style.#FFFFE696..0.255</styleUrl>
			<Polygon>
				<tessellate>1</tessellate>
				<outerBoundaryIs>
					<LinearRing>
						<coordinates>
							101.526750792,1.687622675,0 101.526732818,1.687627796,0 101.526716699,1.687655413,0 101.526711215,1.687691587,0 101.526722051,1.68787246,0 101.526703982,1.687980983,0 101.526678896,1.688025669,0 101.526606999,1.688101457,0 101.526577123,1.688143768,0 101.526479726,1.688306553,0 101.526423263,1.688415077,0 101.526388013,1.688451251,0 101.52635536,1.688468386,0 101.526337386,1.688472325,0 101.526301438,1.688471045,0 101.526265489,1.688457362,0 101.526225901,1.688415077,0 101.526193593,1.688310339,0 101.526142084,1.688216117,0 101.526134452,1.688161855,0 101.526159278,1.688053332,0 101.526150417,1.68799907,0 101.526103722,1.687952788,0 101.526067773,1.687934713,0 101.526049799,1.687935997,0 101.526031825,1.687947762,0 101.525995876,1.687988061,0 101.525970775,1.688035245,0 101.525973826,1.688107594,0 101.526006893,1.688216117,0 101.526004335,1.688288466,0 101.525956378,1.688433164,0 101.525931169,1.688487426,0 101.525888031,1.688522344,0 101.525834109,1.68854279,0 101.525780186,1.688545876,0 101.525672341,1.688532792,0 101.52558247,1.688526593,0 101.525474625,1.688527564,0 101.525402728,1.688538387,0 101.525348806,1.688553465,0 101.52529713,1.688577862,0 101.525271816,1.688595949,0 101.525248197,1.688632123,0 101.525239903,1.688668298,0 101.525246589,1.688740647,0 101.525308758,1.68884917,0 101.52534051,1.688885345,0 101.525354797,1.688939606,0 101.525340347,1.688957694,0 101.525312857,1.688968998,0 101.525258935,1.688980525,0 101.525217744,1.688993868,0 101.525182544,1.689011955,0 101.525159577,1.689030043,0 101.525127004,1.689066217,0 101.524987076,1.689265177,0 101.524971348,1.689273345,0 101.524935399,1.689277063,0 101.524899451,1.689268465,0 101.524845528,1.689246444,0 101.52480958,1.689237304,0 101.524701735,1.689227098,0 101.524665787,1.689229002,0 101.524647812,1.689233524,0 101.52459389,1.689263669,0 101.524472499,1.689391787,0 101.524396174,1.68944944,0 101.524360225,1.689467913,0 101.524306303,1.689487557,0 101.524270354,1.689496155,0 101.524234406,1.689499779,0 101.524198458,1.689497345,0 101.524108587,1.689478935,0 101.523989848,1.689391787,0 101.523892896,1.689334134,0 101.523838974,1.689309699,0 101.523785051,1.689295189,0 101.523767077,1.689293847,0 101.523731129,1.689297149,0 101.52369518,1.689308086,0 101.523659232,1.689329085,0 101.523623284,1.689365028,0 101.523586917,1.689427962,0 101.523482577,1.689843968,0 101.523470803,1.689916317,0 101.523461516,1.689942443,0 101.523443542,1.689965477,0 101.523389619,1.690002368,0 101.523353671,1.690010888,0 101.523335697,1.69001037,0 101.523299748,1.690002353,0 101.523191903,1.68995154,0 101.523173929,1.6899491,0 101.523163143,1.689952491,0 101.523005625,1.690133364,0 101.522886342,1.690253515,0 101.522832419,1.690301692,0 101.522692684,1.690404672,0 101.522670652,1.690416354,0 101.522652677,1.690416376,0 101.522634703,1.690407687,0 101.522562807,1.69041396,0 101.522544832,1.690410873,0 101.522526858,1.690400588,0 101.522508884,1.690400588,0 101.52249091,1.690404672,0 101.522472936,1.690404672,0 101.522472936,1.690458934,0 101.52249091,1.690477021,0 101.52249091,1.690603632,0 101.522508884,1.690621719,0 101.522508884,1.69074833,0 101.522526858,1.690766417,0 101.522526858,1.690893027,0 101.522544832,1.690911115,0 101.522544832,1.691037725,0 101.522562807,1.691055813,0 101.522634703,1.691128161,0 101.522652677,1.691146249,0 101.522670652,1.691146249,0 101.522652677,1.691128161,0 101.522670652,1.691112945,0 101.522688626,1.691112945,0 101.5227066,1.691099222,0 101.522778497,1.691078578,0 101.522821506,1.691055813,0 101.522940265,1.690962932,0 101.523012161,1.690899056,0 101.523066084,1.690866961,0 101.523120006,1.690853235,0 101.523155955,1.690852834,0 101.523209877,1.690858662,0 101.523281774,1.690853488,0 101.523317722,1.690845383,0 101.523361909,1.690820679,0 101.523389619,1.690792462,0 101.523416153,1.69074833,0 101.523458715,1.690621719,0 101.523505991,1.690531283,0 101.52355057,1.690477021,0 101.523587335,1.690452357,0 101.523614553,1.690440847,0 101.523641258,1.690434541,0 101.523677206,1.690432808,0 101.523713155,1.690437312,0 101.523763191,1.690458934,0 101.523821,1.690502579,0 101.523838974,1.690507769,0 101.523856948,1.690508506,0 101.523874922,1.690505838,0 101.523910871,1.690492561,0 101.523982767,1.690452614,0 101.524042931,1.690404672,0 101.524089212,1.69035041,0 101.52412101,1.690278062,0 101.524139846,1.690187625,0 101.524162509,1.690158234,0 101.524180483,1.690148506,0 101.524198458,1.69014502,0 101.524234406,1.690156089,0 101.524324277,1.690213653,0 101.524450096,1.690313612,0 101.524486045,1.690326758,0 101.524504019,1.690324033,0 101.52453098,1.690296149,0 101.524566798,1.690169538,0 101.524626438,1.690061015,0 101.524647812,1.690039662,0 101.524683761,1.690014792,0 101.524719709,1.689997574,0 101.524755658,1.689988092,0 101.524791606,1.689984646,0 101.524827554,1.689986834,0 101.524881477,1.6900008,0 101.524989322,1.690054986,0 101.525104656,1.690097189,0 101.525222986,1.690157163,0 101.525258935,1.690163803,0 101.525276909,1.690161728,0 101.525312857,1.690147665,0 101.525348806,1.690122427,0 101.525402728,1.690068586,0 101.525438677,1.690020456,0 101.525461216,1.689970579,0 101.525466431,1.689916317,0 101.525447584,1.689807794,0 101.525443654,1.689590747,0 101.52546536,1.689500311,0 101.525474882,1.689482223,0 101.525510573,1.689455397,0 101.525564496,1.689445864,0 101.525636393,1.689440581,0 101.525708289,1.689454834,0 101.525780186,1.689459844,0 101.525906006,1.689491799,0 101.52592398,1.689498971,0 101.525940095,1.689518398,0 101.525977902,1.689634673,0 101.525995876,1.689663698,0 101.526015289,1.689681183,0 101.526049799,1.689702888,0 101.526103722,1.689719367,0 101.526146206,1.689717357,0 101.526193593,1.689701116,0 101.526229541,1.689667495,0 101.526247515,1.689633381,0 101.526287826,1.689500311,0 101.526356203,1.689319438,0 101.52635536,1.689239131,0 101.526302549,1.689102391,0 101.52629387,1.68904813,0 101.526306548,1.688957694,0 101.526321209,1.688921519,0 101.52635536,1.688868371,0 101.526445231,1.68878789,0 101.526535102,1.688730908,0 101.526553076,1.688727727,0 101.526589025,1.688732895,0 101.526660921,1.688762845,0 101.526678896,1.688772836,0 101.52669687,1.688791356,0 101.526707022,1.688812996,0 101.526725874,1.688885345,0 101.526740365,1.688993868,0 101.526755825,1.689030043,0 101.526791782,1.689084304,0 101.526840663,1.689135747,0 101.526876612,1.689157756,0 101.52691256,1.689171024,0 101.526948508,1.689178113,0 101.526984457,1.689172422,0 101.527004939,1.689156653,0 101.527019074,1.689120479,0 101.527018227,1.689084304,0 101.52699137,1.688993868,0 101.526987489,1.688957694,0 101.526991727,1.688921519,0 101.527010783,1.688867257,0 101.527054107,1.688794909,0 101.527107968,1.688740647,0 101.527200147,1.688668298,0 101.52723096,1.688614036,0 101.527238193,1.688577862,0 101.527235955,1.688541687,0 101.527199866,1.688451251,0 101.527193562,1.688415077,0 101.527200147,1.688376318,0 101.527218121,1.688353218,0 101.527236095,1.688349092,0 101.52725407,1.688354684,0 101.527290018,1.688390847,0 101.527451786,1.688624552,0 101.527577605,1.688827925,0 101.527649502,1.688913903,0 101.527701405,1.688993868,0 101.527837941,1.689120479,0 101.527930951,1.689229002,0 101.528015787,1.689283264,0 101.528031045,1.689301351,0 101.528062908,1.689376112,0 101.528080882,1.689400299,0 101.528098857,1.689410229,0 101.528188727,1.689435197,0 101.528260624,1.689472175,0 101.528278598,1.689475893,0 101.528296573,1.689472704,0 101.528314547,1.689457676,0 101.528328207,1.689427962,0 101.52833894,1.689337525,0 101.528350495,1.689326909,0 101.528404418,1.689326909,0 101.528422392,1.689337525,0 101.528386444,1.689301351,0 101.528386444,1.689283264,0 101.528368469,1.689265177,0 101.528350495,1.689247089,0 101.528332521,1.689229002,0 101.528332521,1.689210915,0 101.528314547,1.689192828,0 101.528296573,1.68917474,0 101.528296573,1.689156653,0 101.528278598,1.689138566,0 101.528260624,1.689120479,0 101.52824265,1.689102391,0 101.52824265,1.689084304,0 101.528206702,1.68904813,0 101.528188727,1.689030043,0 101.528188727,1.689011955,0 101.528152779,1.688975781,0 101.528152779,1.688957694,0 101.528134805,1.688939606,0 101.528098857,1.688903432,0 101.528098857,1.688885345,0 101.528080882,1.688867257,0 101.528062908,1.68884917,0 101.528062908,1.688831083,0 101.52802696,1.688794909,0 101.528008986,1.688776821,0 101.528008986,1.688758734,0 101.527991011,1.688740647,0 101.527973037,1.68872256,0 101.527973037,1.688704472,0 101.527919115,1.688650211,0 101.527919115,1.688632123,0 101.52790114,1.688614036,0 101.527865192,1.688577862,0 101.527865192,1.688559775,0 101.527847218,1.688541687,0 101.527829244,1.6885236,0 101.527829244,1.688505513,0 101.527811269,1.688487426,0 101.527793295,1.688469338,0 101.527775321,1.688451251,0 101.527775321,1.688433164,0 101.527757347,1.688415077,0 101.527739373,1.688396989,0 101.527739373,1.688378902,0 101.527721399,1.688360815,0 101.527703424,1.688342728,0 101.52768545,1.688324641,0 101.52768545,1.688306553,0 101.527649502,1.688270379,0 101.527649502,1.688252292,0 101.527631528,1.688234204,0 101.527613553,1.688216117,0 101.527595579,1.68819803,0 101.527595579,1.688179943,0 101.527577605,1.688161855,0 101.527541657,1.688125681,0 101.527541657,1.688107594,0 101.527523682,1.688089506,0 101.527505708,1.688071419,0 101.527505708,1.688053332,0 101.52746976,1.688017158,0 101.527451786,1.68799907,0 101.527451786,1.687980983,0 101.527433812,1.687962896,0 101.527415837,1.687944809,0 101.527415837,1.687926721,0 101.527361915,1.68787246,0 101.527361915,1.687859833,0 101.527290018,1.687859833,0 101.527272044,1.687836788,0 101.52725407,1.68782471,0 101.527164199,1.687805751,0 101.52712825,1.687803806,0 101.527092302,1.68781508,0 101.527061489,1.687836285,0 101.527038379,1.687870556,0 101.527002431,1.68799961,0 101.526984457,1.688019372,0 101.526948508,1.688031545,0 101.526930534,1.688024114,0 101.52691256,1.688007227,0 101.526898472,1.687980983,0 101.526891621,1.687926721,0 101.526853526,1.687800111,0 101.526830127,1.687727762,0 101.526804715,1.687677807,0 101.526768767,1.687630913,0 101.526750792,1.687622675,0 
						</coordinates>
					</LinearRing>
				</outerBoundaryIs>
			</Polygon>
		</Placemark>
		<Placemark>
			<name>10-12m</name>
			<styleUrl>#style.#FFFFE696..0.255</styleUrl>
			<Polygon>
				<tessellate>1</tessellate>
				<outerBoundaryIs>
					<LinearRing>
						<coordinates>
							101.523838974,1.664671592,0 101.523803026,1.664672956,0 101.523785051,1.664679721,0 101.523758547,1.664702713,0 101.52369033,1.664793149,0 101.523623284,1.664868305,0 101.523418378,1.665064458,0 101.523389619,1.665087478,0 101.523371645,1.665079703,0 101.523353671,1.665055283,0 101.523281774,1.665107748,0 101.523239161,1.665172981,0 101.523277342,1.665191068,0 101.523264306,1.665227243,0 101.523262076,1.665263417,0 101.523275681,1.665299592,0 101.523299748,1.665327853,0 101.523317722,1.665341897,0 101.523353671,1.665357471,0 101.523389619,1.665365131,0 101.523443542,1.665368786,0 101.523533413,1.665361231,0 101.523641258,1.665344544,0 101.523731129,1.665323222,0 101.523803026,1.665300215,0 101.523874922,1.665265632,0 101.523892896,1.665253179,0 101.523928845,1.665209704,0 101.524000742,1.665173842,0 101.52403669,1.66514374,0 101.524090613,1.66514374,0 101.524108587,1.665154894,0 101.524108587,1.665100632,0 101.524090613,1.665082545,0 101.524090613,1.66491976,0 101.524072638,1.664901672,0 101.524072638,1.664793149,0 101.524054664,1.664775062,0 101.524054664,1.664706001,0 101.523982767,1.664706001,0 101.523928845,1.664683912,0 101.523838974,1.664671592,0 
						</coordinates>
					</LinearRing>
				</outerBoundaryIs>
			</Polygon>
		</Placemark>
		<Placemark>
			<name>10-12m</name>
			<styleUrl>#style.#FFFFE696..0.255</styleUrl>
			<Polygon>
				<tessellate>1</tessellate>
				<outerBoundaryIs>
					<LinearRing>
						<coordinates>
							101.52403669,1.665554482,0 101.523982767,1.665561201,0 101.523946819,1.665572709,0 101.523910871,1.665592088,0 101.523874922,1.665622192,0 101.523787966,1.665715598,0 101.523600293,1.665932645,0 101.523579444,1.665968819,0 101.523569822,1.666004994,0 101.523572507,1.666059256,0 101.523588212,1.666113517,0 101.523590261,1.666167779,0 101.523580916,1.666222041,0 101.523564418,1.666258215,0 101.523533413,1.666303142,0 101.523437122,1.666402913,0 101.523353671,1.666513307,0 101.523318504,1.666601873,0 101.523275459,1.666674222,0 101.523253227,1.666764658,0 101.523199205,1.666855094,0 101.523183478,1.666873181,0 101.523019437,1.666999792,0 101.522981743,1.667035966,0 101.522938846,1.667090228,0 101.522926674,1.667126402,0 101.522905021,1.667253013,0 101.522800019,1.667433885,0 101.522767655,1.667542409,0 101.52273287,1.667614758,0 101.52271671,1.66766902,0 101.522714138,1.667687107,0 101.522726919,1.667723281,0 101.522760523,1.667745315,0 101.522814445,1.667748237,0 101.522844923,1.667741368,0 101.522883774,1.667723281,0 101.52292229,1.667690861,0 101.522984077,1.667614758,0 101.523030135,1.667577752,0 101.523105376,1.667542409,0 101.523299748,1.667483266,0 101.523335697,1.667466299,0 101.523380489,1.667433885,0 101.523401602,1.667397711,0 101.523414084,1.667343449,0 101.523410889,1.667253013,0 101.523421973,1.667198751,0 101.523446687,1.667162577,0 101.52347949,1.667135958,0 101.523559251,1.667090228,0 101.523749103,1.667012786,0 101.523821,1.666995555,0 101.523910871,1.666995089,0 101.523964793,1.667014316,0 101.523987669,1.667035966,0 101.524004184,1.667072141,0 101.52400218,1.667126402,0 101.523968318,1.667180664,0 101.523928845,1.667220377,0 101.523765443,1.667343449,0 101.523730668,1.667397711,0 101.523719574,1.667433885,0 101.523724627,1.66747006,0 101.523755094,1.667542409,0 101.52378794,1.66766902,0 101.52378982,1.667741368,0 101.523769528,1.667831805,0 101.523595163,1.668103113,0 101.523461516,1.668251687,0 101.523389619,1.668298826,0 101.523335697,1.668324294,0 101.522994187,1.668419914,0 101.522940265,1.668440139,0 101.522872453,1.668482945,0 101.522778497,1.66855608,0 101.522616729,1.668699992,0 101.522552594,1.668790428,0 101.52253079,1.668898952,0 101.522521803,1.668917039,0 101.522436987,1.669018241,0 101.522344924,1.66917026,0 101.522296148,1.669296871,0 101.522221297,1.669430264,0 101.5221494,1.669495461,0 101.5219305,1.669622441,0 101.521896077,1.669658615,0 101.521882959,1.66969479,0 101.521880273,1.669730964,0 101.521899259,1.669857575,0 101.521883896,1.669893749,0 101.521839482,1.669948011,0 101.521820418,1.669984186,0 101.52177451,1.67002036,0 101.521735994,1.67006176,0 101.521664097,1.670104767,0 101.521610175,1.670117339,0 101.521574226,1.670115226,0 101.521538278,1.670106354,0 101.521479562,1.670074622,0 101.521394484,1.669977197,0 101.521351464,1.669911837,0 101.521335078,1.669875662,0 101.521328138,1.669839488,0 101.521348772,1.669730964,0 101.521343853,1.669676703,0 101.521322588,1.669622943,0 101.521285612,1.669586266,0 101.521232717,1.669565165,0 101.52116082,1.669560221,0 101.520855259,1.669609121,0 101.520693491,1.669628771,0 101.520549697,1.669637484,0 101.520423878,1.669627505,0 101.520369956,1.669612428,0 101.520330013,1.669586266,0 101.520294464,1.669513918,0 101.520302961,1.669405394,0 101.520280085,1.669388599,0 101.52026211,1.669385179,0 101.520190214,1.669386866,0 101.520100343,1.669404471,0 101.520043624,1.669423481,0 101.519981181,1.669459656,0 101.519956549,1.669483772,0 101.519926048,1.669532005,0 101.519870872,1.669658615,0 101.519812756,1.669733979,0 101.519794782,1.669733979,0 101.519776807,1.669749052,0 101.519758833,1.669730964,0 101.519758833,1.669821401,0 101.519776807,1.669839488,0 101.519776807,1.669911837,0 101.519794782,1.669929924,0 101.519794782,1.67002036,0 101.519812756,1.670038447,0 101.519812756,1.670128884,0 101.51983073,1.670146971,0 101.51983073,1.67021932,0 101.519848704,1.670237407,0 101.519848704,1.670327843,0 101.519866678,1.67034593,0 101.519866678,1.670418279,0 101.519884653,1.670436367,0 101.519884653,1.670526803,0 101.519902627,1.67054489,0 101.519902627,1.670617239,0 101.519920601,1.670635326,0 101.519920601,1.670725762,0 101.519938575,1.67074385,0 101.519938575,1.670761937,0 101.519956549,1.670780024,0 101.519974523,1.670771315,0 101.519992498,1.670771315,0 101.520064394,1.670688248,0 101.520128839,1.670581064,0 101.52017224,1.67053042,0 101.520208188,1.670508715,0 101.520226162,1.670503031,0 101.52026211,1.670496829,0 101.520675517,1.670481996,0 101.520747414,1.670485805,0 101.52081931,1.670496534,0 101.520927155,1.670516014,0 101.521124871,1.670535846,0 101.521214742,1.670548869,0 101.521268665,1.670559514,0 101.521304613,1.670575437,0 101.521366427,1.670617239,0 101.521448407,1.670663138,0 101.521502329,1.670685259,0 101.521538278,1.670693699,0 101.5215922,1.670697878,0 101.521646123,1.67069574,0 101.521700046,1.670689214,0 101.521792793,1.670671501,0 101.521866473,1.670653413,0 101.522005607,1.670613481,0 101.522167374,1.670559689,0 101.522257245,1.670533356,0 101.522329142,1.670517104,0 101.522508884,1.670485085,0 101.522580781,1.670469225,0 101.522670652,1.670442396,0 101.522736557,1.670418279,0 101.52280931,1.670382105,0 101.522833275,1.670364018,0 101.522951895,1.670255494,0 101.522967826,1.67021932,0 101.522960485,1.670165058,0 101.522976213,1.670155319,0 101.522994187,1.670149382,0 101.523030135,1.670154587,0 101.52304811,1.670160751,0 101.523084058,1.67018415,0 101.523173929,1.670219903,0 101.523296576,1.670291669,0 101.523317722,1.670300282,0 101.523353671,1.670309756,0 101.523389619,1.670313976,0 101.523425568,1.670315599,0 101.523551387,1.67031149,0 101.523605309,1.67031149,0 101.523731129,1.670319661,0 101.523785051,1.670320962,0 101.523838974,1.670318324,0 101.52389739,1.670309756,0 101.523946819,1.670292717,0 101.523974438,1.670273581,0 101.52422442,1.670038447,0 101.524236803,1.670002273,0 101.524197659,1.669929924,0 101.52419666,1.669875662,0 101.524227291,1.669803313,0 101.524270354,1.669753573,0 101.52431529,1.669712877,0 101.524396174,1.669661965,0 101.524414148,1.66964618,0 101.524450096,1.669638806,0 101.524521993,1.669617618,0 101.52459389,1.669617618,0 101.52459389,1.669604354,0 101.524575916,1.669586266,0 101.524575916,1.669459656,0 101.524557941,1.669441569,0 101.524557941,1.669333045,0 101.524539967,1.669314958,0 101.524539967,1.669188347,0 101.524521993,1.66917026,0 101.524521993,1.669043649,0 101.524504019,1.669025562,0 101.524504019,1.668898952,0 101.524486045,1.668880864,0 101.524486045,1.668718079,0 101.52446807,1.668699992,0 101.52446807,1.668537207,0 101.524450096,1.66851912,0 101.524450096,1.668356334,0 101.524432122,1.668338247,0 101.524432122,1.668175462,0 101.524414148,1.668157375,0 101.524414148,1.667976503,0 101.524396174,1.667958415,0 101.524396174,1.66779563,0 101.5243782,1.667777543,0 101.5243782,1.667614758,0 101.524360225,1.667596671,0 101.524360225,1.667433885,0 101.524342251,1.667415798,0 101.524342251,1.667253013,0 101.524324277,1.667234926,0 101.524324277,1.667132158,0 101.52425238,1.667132158,0 101.524249584,1.667126402,0 101.524239599,1.667090228,0 101.524248174,1.667054053,0 101.524288329,1.667051128,0 101.524306303,1.667054053,0 101.524324277,1.667054053,0 101.524306303,1.667035966,0 101.524306303,1.666909356,0 101.524288329,1.666891268,0 101.524288329,1.66674657,0 101.524270354,1.666728483,0 101.524270354,1.666583785,0 101.52425238,1.666565698,0 101.52425238,1.666421,0 101.524234406,1.666402913,0 101.524234406,1.666258215,0 101.524216432,1.666240128,0 101.524216432,1.666113517,0 101.524198458,1.66609543,0 101.524198458,1.665950732,0 101.524180483,1.665932645,0 101.524180483,1.665787947,0 101.524162509,1.66576986,0 101.524162509,1.665625162,0 101.524144535,1.665607075,0 101.524144535,1.665556258,0 101.52403669,1.665554482,0 
						</coordinates>
					</LinearRing>
				</outerBoundaryIs>
				<innerBoundaryIs>
					<LinearRing>
						<coordinates>
							101.524270354,1.668751471,0 101.524288329,1.66876823,0 101.524295665,1.668790428,0 101.524282837,1.66884469,0 101.524270354,1.668860282,0 101.52425238,1.668869161,0 101.524234406,1.668866278,0 101.524214378,1.66884469,0 101.524209487,1.668808515,0 101.524216432,1.668783645,0 101.524243393,1.668754254,0 101.524270354,1.668751471,0 
						</coordinates>
					</LinearRing>
				</innerBoundaryIs>
			</Polygon>
		</Placemark>
		<Placemark>
			<name>10-12m</name>
			<styleUrl>#style.#FFFFE696..0.255</styleUrl>
			<Polygon>
				<tessellate>1</tessellate>
				<outerBoundaryIs>
					<LinearRing>
						<coordinates>
							101.523551387,1.663033389,0 101.523517436,1.663038687,0 101.523460767,1.663056774,0 101.523419576,1.663074862,0 101.523393527,1.663092949,0 101.523386493,1.663111036,0 101.52341288,1.663129123,0 101.52347949,1.663146146,0 101.523551387,1.66315799,0 101.523587335,1.663157177,0 101.523623284,1.663146233,0 101.523659232,1.66311539,0 101.523659232,1.663056021,0 101.523641258,1.663043269,0 101.523605309,1.663034165,0 101.523551387,1.663033389,0 
						</coordinates>
					</LinearRing>
				</outerBoundaryIs>
			</Polygon>
		</Placemark>
		<Placemark>
			<name>10-12m</name>
			<styleUrl>#style.#FFFFE696..0.255</styleUrl>
			<Polygon>
				<tessellate>1</tessellate>
				<outerBoundaryIs>
					<LinearRing>
						<coordinates>
							101.526337386,1.693002156,0 101.526319412,1.693003729,0 101.526317778,1.693027321,0 101.526337386,1.693034103,0 101.52635536,1.693028828,0 101.52635873,1.693009233,0 101.526337386,1.693002156,0 
						</coordinates>
					</LinearRing>
				</outerBoundaryIs>
			</Polygon>
		</Placemark>
		<Placemark>
			<name>10-12m</name>
			<styleUrl>#style.#FFFFE696..0.255</styleUrl>
			<Polygon>
				<tessellate>1</tessellate>
				<outerBoundaryIs>
					<LinearRing>
						<coordinates>
							101.524917425,1.692729173,0 101.524881477,1.692731035,0 101.524867098,1.692737925,0 101.524853018,1.692756012,0 101.524857083,1.692774099,0 101.524873613,1.692792187,0 101.524917425,1.692811027,0 101.524935399,1.692812987,0 101.524971348,1.692823538,0 101.524989322,1.692823538,0 101.52502527,1.692830265,0 101.525043245,1.692828361,0 101.52506721,1.692810274,0 101.525079193,1.692787666,0 101.525115141,1.692760533,0 101.525133115,1.692756012,0 101.525133115,1.692737925,0 101.525115141,1.692735342,0 101.525079193,1.692749983,0 101.52502527,1.692757519,0 101.524953374,1.692734733,0 101.524917425,1.692729173,0 
						</coordinates>
					</LinearRing>
				</outerBoundaryIs>
			</Polygon>
		</Placemark>
		<Placemark>
			<name>10-12m</name>
			<styleUrl>#style.#FFFFE696..0.255</styleUrl>
			<Polygon>
				<tessellate>1</tessellate>
				<outerBoundaryIs>
					<LinearRing>
						<coordinates>
							101.523551387,1.660940568,0 101.523551387,1.660953204,0 101.523497464,1.660953204,0 101.523335697,1.660997631,0 101.5232672,1.661031004,0 101.523209877,1.661067178,0 101.523155138,1.66112144,0 101.523060208,1.661266138,0 101.522989958,1.661356574,0 101.52292229,1.66141323,0 101.522850394,1.661451161,0 101.522814445,1.661461725,0 101.522778497,1.661464786,0 101.522724574,1.661454379,0 101.52259501,1.661392749,0 101.522530853,1.661356574,0 101.522508884,1.661338487,0 101.522501395,1.6613204,0 101.522472936,1.661302312,0 101.522419013,1.66129838,0 101.522383065,1.661311888,0 101.522357387,1.661338487,0 101.522326745,1.661356574,0 101.52227522,1.661374661,0 101.522167374,1.661399095,0 101.522113452,1.661423858,0 101.522077503,1.661452178,0 101.522012621,1.661519359,0 101.521951684,1.661610519,0 101.521915736,1.661629605,0 101.521897762,1.661623863,0 101.521891139,1.661609795,0 101.521897762,1.661573621,0 101.521883935,1.661537446,0 101.521825865,1.661466862,0 101.521802835,1.66144701,0 101.521753968,1.661419146,0 101.521679503,1.661392749,0 101.521649718,1.661374661,0 101.521632942,1.661356574,0 101.521624297,1.661338487,0 101.521625752,1.6613204,0 101.521647321,1.661284225,0 101.521692342,1.661229963,0 101.52169728,1.661211876,0 101.521692855,1.661175702,0 101.521682071,1.661155031,0 101.521646123,1.661128976,0 101.521574226,1.66110697,0 101.521520304,1.661104416,0 101.521502329,1.661108176,0 101.521484355,1.661119028,0 101.521450975,1.661157614,0 101.521431098,1.661193789,0 101.521405269,1.661266138,0 101.521389824,1.661338487,0 101.521363225,1.661374661,0 101.521316117,1.661410836,0 101.521125491,1.661501272,0 101.52106631,1.661537446,0 101.521024564,1.661591708,0 101.52091377,1.66177258,0 101.520866789,1.661826842,0 101.520714794,1.661935366,0 101.520457516,1.662080064,0 101.520387113,1.662134325,0 101.520346479,1.662188587,0 101.520339478,1.662224761,0 101.520347801,1.662260936,0 101.520360495,1.662279023,0 101.52038735,1.66229711,0 101.520477801,1.6623276,0 101.52067446,1.662369459,0 101.520814175,1.662405634,0 101.520855259,1.662423721,0 101.520879224,1.662441808,0 101.52088881,1.662459895,0 101.520887837,1.662477983,0 101.520869638,1.66249607,0 101.520801336,1.662521478,0 101.520711465,1.662538609,0 101.520639568,1.662559217,0 101.52060362,1.662574233,0 101.520567672,1.662598695,0 101.520533273,1.662640768,0 101.520513169,1.662676942,0 101.520490341,1.662875902,0 101.520477801,1.662900688,0 101.520441852,1.662924888,0 101.52038793,1.662936582,0 101.520298059,1.662947232,0 101.520118317,1.662985465,0 101.519762617,1.663038687,0 101.519600522,1.663074862,0 101.519148567,1.663237647,0 101.519079143,1.663273821,0 101.518998415,1.663328083,0 101.518940191,1.663382345,0 101.518918869,1.663418519,0 101.518897109,1.663581304,0 101.518824175,1.663689828,0 101.518774567,1.663798351,0 101.51876924,1.663852613,0 101.51878245,1.664123921,0 101.518799012,1.664178183,0 101.518824175,1.664210935,0 101.518886336,1.664250532,0 101.518914046,1.664262042,0 101.518932021,1.664264097,0 101.518949995,1.664259241,0 101.519063831,1.66419627,0 101.519243074,1.664087747,0 101.519453272,1.664009369,0 101.519507195,1.664005224,0 101.519543143,1.664023236,0 101.519686936,1.664154984,0 101.519758833,1.664236062,0 101.519803769,1.664268619,0 101.519848704,1.664284122,0 101.519902627,1.664293391,0 101.520082369,1.66430056,0 101.520118317,1.664306085,0 101.520131298,1.664322881,0 101.520129101,1.664340968,0 101.520102385,1.66439523,0 101.52007273,1.664485666,0 101.520016694,1.664576102,0 101.519938575,1.664639116,0 101.519884653,1.66467106,0 101.519848704,1.664682539,0 101.51961504,1.664700129,0 101.519543143,1.664712692,0 101.51948922,1.664729532,0 101.519381375,1.664782096,0 101.519306911,1.664829323,0 101.519271034,1.664865498,0 101.519246369,1.66491976,0 101.519233914,1.664992109,0 101.519243074,1.665028283,0 101.51927353,1.665057965,0 101.519363401,1.665084904,0 101.519399349,1.665100632,0 101.519432126,1.66524533,0 101.519453272,1.665268737,0 101.51948922,1.665276078,0 101.519507195,1.665274427,0 101.51961504,1.665243686,0 101.519776807,1.665219358,0 101.519848704,1.665203126,0 101.519902627,1.665171337,0 101.519956549,1.665123131,0 101.520055607,1.664955934,0 101.52017224,1.664840028,0 101.520312147,1.664666538,0 101.52038793,1.664602351,0 101.520495775,1.664543381,0 101.520531723,1.664513227,0 101.52061366,1.664377143,0 101.5206875,1.664286706,0 101.520765388,1.664245226,0 101.520807224,1.664214357,0 101.520824819,1.66419627,0 101.520860346,1.664123921,0 101.520927155,1.664059369,0 101.520999052,1.664006547,0 101.521106897,1.663948863,0 101.521154529,1.663906874,0 101.52116082,1.663888787,0 101.52115745,1.6638707,0 101.521138352,1.663852613,0 101.521106897,1.663841631,0 101.521052975,1.663835773,0 101.520891207,1.663843295,0 101.52081931,1.663833462,0 101.520793847,1.663816438,0 101.520788893,1.663798351,0 101.520809794,1.663744089,0 101.520847556,1.663707915,0 101.520873233,1.66369376,0 101.520981078,1.663661326,0 101.521035001,1.663636042,0 101.521214742,1.66349787,0 101.521268665,1.663466426,0 101.521408086,1.663400432,0 101.521457035,1.663364257,0 101.521512374,1.663291908,0 101.5215922,1.663165298,0 101.521660103,1.663092949,0 101.521784714,1.662893989,0 101.521800589,1.662857815,0 101.521816878,1.662785466,0 101.521819446,1.662749291,0 101.521806094,1.66269503,0 101.521811486,1.662676942,0 101.521855822,1.662640768,0 101.521897762,1.662615144,0 101.521966064,1.662550332,0 101.522015492,1.662514157,0 101.52216823,1.662351372,0 101.522357901,1.662224761,0 101.522562807,1.662131741,0 101.522616729,1.662095707,0 101.522760523,1.661980584,0 101.52281036,1.661953453,0 101.522850394,1.661941179,0 101.52292229,1.661936572,0 101.523030135,1.661955935,0 101.523125998,1.661989627,0 101.523183815,1.662025802,0 101.523226728,1.662043889,0 101.523317722,1.662062387,0 101.523407593,1.662067893,0 101.523497464,1.662066682,0 101.523569361,1.662043052,0 101.523659232,1.662023218,0 101.523713155,1.662023218,0 101.523731129,1.662025802,0 101.523731129,1.661881104,0 101.523713155,1.661863017,0 101.523713155,1.661790668,0 101.52369518,1.66177258,0 101.52369518,1.661700232,0 101.523677206,1.661682144,0 101.523677206,1.661609795,0 101.523659232,1.661591708,0 101.523659232,1.661519359,0 101.523641258,1.661501272,0 101.523641258,1.661428923,0 101.523623284,1.661410836,0 101.523623284,1.661338487,0 101.523605309,1.6613204,0 101.523605309,1.661248051,0 101.523587335,1.661229963,0 101.523587335,1.661103353,0 101.523569361,1.661085265,0 101.523569361,1.660958655,0 101.523551387,1.660940568,0 
						</coordinates>
					</LinearRing>
				</outerBoundaryIs>
			</Polygon>
		</Placemark>
		<Placemark>
			<name>10-12m</name>
			<styleUrl>#style.#FFFFE696..0.255</styleUrl>
			<Polygon>
				<tessellate>1</tessellate>
				<outerBoundaryIs>
					<LinearRing>
						<coordinates>
							101.522994187,1.66558774,0 101.522958239,1.665591801,0 101.522903674,1.665625162,0 101.522888416,1.665643249,0 101.522888793,1.665661336,0 101.522909046,1.665679424,0 101.522940265,1.665691738,0 101.522976213,1.665692641,0 101.523012161,1.665680763,0 101.523037049,1.665661336,0 101.523049639,1.665643249,0 101.523049744,1.665625162,0 101.523030135,1.66560139,0 101.523012161,1.665591367,0 101.522994187,1.66558774,0 
						</coordinates>
					</LinearRing>
				</outerBoundaryIs>
			</Polygon>
		</Placemark>
		<Placemark>
			<name>10-12m</name>
			<styleUrl>#style.#FFFFE696..0.255</styleUrl>
			<Polygon>
				<tessellate>1</tessellate>
				<outerBoundaryIs>
					<LinearRing>
						<coordinates>
							101.521538278,1.660886306,0 101.521520304,1.660886306,0 101.521484355,1.660892883,0 101.521430433,1.660908413,0 101.521412459,1.660910853,0 101.521379077,1.66092248,0 101.521394484,1.660940568,0 101.521412459,1.660948104,0 101.521448407,1.6609455,0 101.521466381,1.660947145,0 101.521484355,1.660943856,0 101.521523898,1.66092248,0 101.521542771,1.660904393,0 101.521538278,1.660886306,0 
						</coordinates>
					</LinearRing>
				</outerBoundaryIs>
			</Polygon>
		</Placemark>
		<Placemark>
			<name>12-14m</name>
			<styleUrl>#style.#FFFFFFCC..0.255</styleUrl>
			<Polygon>
				<tessellate>1</tessellate>
				<outerBoundaryIs>
					<LinearRing>
						<coordinates>
							101.539476518,1.699126876,0 101.539404621,1.699126876,0 101.53931475,1.699145717,0 101.539224879,1.699176293,0 101.539170956,1.699191441,0 101.539117034,1.699201283,0 101.539027163,1.699214164,0 101.538991215,1.699221733,0 101.538955266,1.699232833,0 101.538829447,1.699281615,0 101.538739576,1.699305037,0 101.538667679,1.699316841,0 101.538613757,1.699323304,0 101.538559834,1.699327084,0 101.538416041,1.69933322,0 101.538362118,1.699338958,0 101.538020608,1.699409641,0 101.537930737,1.699439476,0 101.537804918,1.69949524,0 101.537750996,1.699514283,0 101.537715047,1.699523427,0 101.537535305,1.699560236,0 101.537337589,1.699629318,0 101.537301641,1.699639007,0 101.537193796,1.699660496,0 101.537121899,1.699677412,0 101.53687026,1.699751771,0 101.536636596,1.699839924,0 101.536510777,1.699895911,0 101.536456854,1.699913985,0 101.536384957,1.699931935,0 101.535902091,1.700027079,0 101.535791809,1.700054463,0 101.535659646,1.700099428,0 101.535523958,1.700153689,0 101.535144738,1.700347931,0 101.535054867,1.700399844,0 101.535000945,1.700422543,0 101.534947022,1.700440204,0 101.534911074,1.700445268,0 101.534497667,1.700478007,0 101.534389822,1.700488986,0 101.534281977,1.700493154,0 101.534246029,1.700492866,0 101.53421008,1.70049649,0 101.534174132,1.700505633,0 101.534156158,1.700513333,0 101.534012364,1.700601982,0 101.533958442,1.700625103,0 101.533742752,1.700671274,0 101.533634906,1.700687675,0 101.533598958,1.70068879,0 101.533580984,1.700687663,0 101.533365294,1.700647479,0 101.533275423,1.700641436,0 101.533239474,1.700635955,0 101.533167578,1.700617127,0 101.533077707,1.700580744,0 101.53300581,1.700559949,0 101.532987836,1.700559949,0 101.532969862,1.700569696,0 101.532951887,1.700569696,0 101.532951887,1.70060587,0 101.532933913,1.70060587,0 101.532933913,1.700696306,0 101.532915939,1.700696306,0 101.532915939,1.700750568,0 101.532933913,1.700750568,0 101.532951887,1.700748056,0 101.532969862,1.700748056,0 101.533059732,1.700772934,0 101.533113655,1.700791856,0 101.533185552,1.700806523,0 101.5332215,1.70081023,0 101.533329345,1.700812317,0 101.53343719,1.700825794,0 101.533527061,1.700841881,0 101.533545036,1.700843265,0 101.533580984,1.700842511,0 101.533958442,1.70078962,0 101.534048313,1.700757373,0 101.534192106,1.700680342,0 101.534246029,1.700663838,0 101.534425771,1.700649581,0 101.534587538,1.70062721,0 101.534929048,1.700599841,0 101.534964996,1.700595512,0 101.535036893,1.700573642,0 101.535090816,1.70055144,0 101.53566599,1.700255352,0 101.535737886,1.700226576,0 101.535827757,1.700199705,0 101.536474828,1.700063166,0 101.536510777,1.700053589,0 101.536582673,1.700022376,0 101.536708493,1.699953149,0 101.536744933,1.699936643,0 101.536834312,1.69990638,0 101.537175822,1.699806703,0 101.537366185,1.699737683,0 101.537535305,1.699680608,0 101.537607202,1.699662618,0 101.537715047,1.699640844,0 101.53776897,1.69962502,0 101.537840866,1.699596666,0 101.53800046,1.699520636,0 101.538056557,1.699499347,0 101.538110479,1.699485657,0 101.538182376,1.699471226,0 101.538362118,1.699439217,0 101.538595782,1.699418206,0 101.538775524,1.699393748,0 101.538847421,1.699380546,0 101.538883369,1.699371232,0 101.538955266,1.699346603,0 101.539104346,1.699285502,0 101.53931475,1.699209138,0 101.539350698,1.699200814,0 101.539422595,1.699190718,0 101.539494492,1.699190718,0 101.539494492,1.699176979,0 101.539476518,1.699158892,0 101.539476518,1.699126876,0 
						</coordinates>
					</LinearRing>
				</outerBoundaryIs>
			</Polygon>
		</Placemark>
		<Placemark>
			<name>12-14m</name>
			<styleUrl>#style.#FFFFFFCC..0.255</styleUrl>
			<Polygon>
				<tessellate>1</tessellate>
				<outerBoundaryIs>
					<LinearRing>
						<coordinates>
							101.531549901,1.692285744,0 101.531549901,1.692303831,0 101.531531926,1.69229304,0 101.531495978,1.69229304,0 101.531478004,1.692307627,0 101.531447908,1.692321919,0 101.531370159,1.692390896,0 101.53133421,1.692412807,0 101.531280288,1.692430442,0 101.53111852,1.692462999,0 101.531028649,1.69248395,0 101.530974727,1.692501993,0 101.53090283,1.692536924,0 101.530741062,1.692629105,0 101.530525372,1.692727785,0 101.530450207,1.692756012,0 101.530382635,1.692774099,0 101.530201837,1.69281458,0 101.529986146,1.692874841,0 101.529752482,1.692923197,0 101.529626663,1.692958589,0 101.529482869,1.693006366,0 101.529410972,1.693026459,0 101.529159334,1.693079223,0 101.52901554,1.693124791,0 101.528779308,1.693208193,0 101.528709979,1.693224814,0 101.528566185,1.693248523,0 101.528494289,1.693264866,0 101.527955063,1.693420417,0 101.527793295,1.693458326,0 101.52768545,1.693475391,0 101.527613553,1.693480495,0 101.527451786,1.693483157,0 101.527343941,1.69348798,0 101.52725407,1.693495999,0 101.527110276,1.693513974,0 101.526930534,1.693533343,0 101.526858638,1.693546838,0 101.526732818,1.693577625,0 101.526678896,1.693587799,0 101.526606999,1.693597996,0 101.526427257,1.693617243,0 101.526337386,1.693633017,0 101.526283464,1.693644837,0 101.526157644,1.693677774,0 101.526013851,1.693710285,0 101.525906006,1.693726392,0 101.525888031,1.693742869,0 101.525870057,1.693747383,0 101.525852083,1.693747383,0 101.52585038,1.69375081,0 101.525834109,1.693768897,0 101.525852083,1.693768897,0 101.525870057,1.693786984,0 101.525888031,1.693805072,0 101.525906006,1.693823159,0 101.52592398,1.693841246,0 101.525941954,1.693841246,0 101.525959928,1.693859333,0 101.525977902,1.693877421,0 101.525995876,1.693895508,0 101.526013851,1.693913595,0 101.526049799,1.693949769,0 101.526067773,1.693967857,0 101.526085747,1.693967857,0 101.526103722,1.693985944,0 101.52613967,1.694022118,0 101.526157644,1.694040206,0 101.526175618,1.694058293,0 101.526193593,1.69407638,0 101.526211567,1.694094467,0 101.526229541,1.694094467,0 101.526247515,1.694112555,0 101.526265489,1.694130642,0 101.526283464,1.694148729,0 101.526319412,1.694184903,0 101.526337386,1.694202991,0 101.526373334,1.694239165,0 101.526374442,1.694221078,0 101.526378103,1.694184903,0 101.526391309,1.69416603,0 101.526427257,1.694159996,0 101.52648118,1.694145922,0 101.526606999,1.694103987,0 101.526678896,1.694083864,0 101.526840663,1.694050071,0 101.527074328,1.693994043,0 101.527343941,1.69393862,0 101.527631528,1.693903647,0 101.527811269,1.693885818,0 101.52790114,1.693870976,0 101.528098857,1.693831032,0 101.528170753,1.693820703,0 101.528311279,1.693805072,0 101.528404418,1.693786475,0 101.528494289,1.693761361,0 101.528745927,1.693679204,0 101.52923123,1.693540772,0 101.529554766,1.693428857,0 101.529644637,1.693408625,0 101.529860327,1.693375697,0 101.529932224,1.693361318,0 101.530040069,1.693327795,0 101.530273733,1.693240899,0 101.530399553,1.693202611,0 101.530597269,1.693156094,0 101.530777011,1.693123384,0 101.530866881,1.693101749,0 101.531010675,1.693054236,0 101.53111852,1.693011433,0 101.531172443,1.692981281,0 101.531298262,1.692897592,0 101.531388133,1.69284334,0 101.53146003,1.692808013,0 101.531531926,1.692777578,0 101.531747617,1.692701509,0 101.531819513,1.692663603,0 101.531879188,1.692611314,0 101.53189141,1.692607131,0 101.531909384,1.692607131,0 101.531927359,1.692611314,0 101.531927359,1.692593227,0 101.531909384,1.69257514,0 101.53189141,1.692557053,0 101.531873436,1.692538965,0 101.531855462,1.692520878,0 101.531837488,1.692520878,0 101.531819513,1.692502791,0 101.531783565,1.692466617,0 101.531765591,1.692466617,0 101.531747617,1.692448529,0 101.531729643,1.692430442,0 101.531711668,1.692412355,0 101.531693694,1.692412355,0 101.53167572,1.692394268,0 101.531657746,1.69237618,0 101.531639772,1.692358093,0 101.531621797,1.692340006,0 101.531603823,1.692340006,0 101.531585849,1.692321919,0 101.531567875,1.692303831,0 101.531549901,1.692285744,0 
						</coordinates>
					</LinearRing>
				</outerBoundaryIs>
			</Polygon>
		</Placemark>
		<Placemark>
			<name>12-14m</name>
			<styleUrl>#style.#FFFFFFCC..0.255</styleUrl>
			<Polygon>
				<tessellate>1</tessellate>
				<outerBoundaryIs>
					<LinearRing>
						<coordinates>
							101.52459389,1.669617618,0 101.524521993,1.669617618,0 101.524450096,1.669638806,0 101.524414148,1.66964618,0 101.524396174,1.669661965,0 101.52431529,1.669712877,0 101.524270354,1.669753573,0 101.524227291,1.669803313,0 101.52419666,1.669875662,0 101.524197659,1.669929924,0 101.524236803,1.670002273,0 101.52422442,1.670038447,0 101.523974438,1.670273581,0 101.523946819,1.670292717,0 101.52389739,1.670309756,0 101.523838974,1.670318324,0 101.523785051,1.670320962,0 101.523731129,1.670319661,0 101.523605309,1.67031149,0 101.523551387,1.67031149,0 101.523425568,1.670315599,0 101.523389619,1.670313976,0 101.523353671,1.670309756,0 101.523317722,1.670300282,0 101.523296576,1.670291669,0 101.523173929,1.670219903,0 101.523084058,1.67018415,0 101.52304811,1.670160751,0 101.523030135,1.670154587,0 101.522994187,1.670149382,0 101.522976213,1.670155319,0 101.522960485,1.670165058,0 101.522967826,1.67021932,0 101.522951895,1.670255494,0 101.522833275,1.670364018,0 101.52280931,1.670382105,0 101.522736557,1.670418279,0 101.522670652,1.670442396,0 101.522580781,1.670469225,0 101.522508884,1.670485085,0 101.522329142,1.670517104,0 101.522257245,1.670533356,0 101.522167374,1.670559689,0 101.522005607,1.670613481,0 101.521866473,1.670653413,0 101.521792793,1.670671501,0 101.521700046,1.670689214,0 101.521646123,1.67069574,0 101.5215922,1.670697878,0 101.521538278,1.670693699,0 101.521502329,1.670685259,0 101.521448407,1.670663138,0 101.521366427,1.670617239,0 101.521304613,1.670575437,0 101.521268665,1.670559514,0 101.521214742,1.670548869,0 101.521124871,1.670535846,0 101.520927155,1.670516014,0 101.52081931,1.670496534,0 101.520747414,1.670485805,0 101.520675517,1.670481996,0 101.52026211,1.670496829,0 101.520226162,1.670503031,0 101.520208188,1.670508715,0 101.52017224,1.67053042,0 101.520128839,1.670581064,0 101.520064394,1.670688248,0 101.519992498,1.670771315,0 101.519974523,1.670771315,0 101.519956549,1.670780024,0 101.519938575,1.670761937,0 101.519938575,1.670834286,0 101.519956549,1.670852373,0 101.519956549,1.670924722,0 101.519974523,1.670942809,0 101.519974523,1.671033245,0 101.519992498,1.671051333,0 101.519992498,1.671123681,0 101.520010472,1.671141769,0 101.520010472,1.671232205,0 101.520028446,1.671250292,0 101.520028446,1.671322641,0 101.52004642,1.671340728,0 101.52004642,1.671431164,0 101.520064394,1.671449252,0 101.520064394,1.671539688,0 101.520082369,1.671557775,0 101.520082369,1.671702473,0 101.520100343,1.67172056,0 101.520100343,1.671847171,0 101.520118317,1.671865258,0 101.520118317,1.671955694,0 101.520136291,1.671973782,0 101.520136291,1.672082305,0 101.520154265,1.672100392,0 101.520154265,1.672208916,0 101.52017224,1.672227003,0 101.52017224,1.672335526,0 101.520190214,1.672353613,0 101.520190214,1.672462137,0 101.520208188,1.672480224,0 101.520208188,1.672588747,0 101.520226162,1.672606835,0 101.520226162,1.672679184,0 101.520244136,1.672697271,0 101.52026211,1.672694152,0 101.520280085,1.672694152,0 101.520459827,1.672667126,0 101.520639568,1.672673948,0 101.520747414,1.672669236,0 101.520855259,1.672653005,0 101.52116082,1.672583279,0 101.521232717,1.672562439,0 101.521286639,1.67254235,0 101.521374436,1.672498311,0 101.521429714,1.672462137,0 101.521447658,1.67244405,0 101.521464943,1.672407875,0 101.521462233,1.672371701,0 101.521452555,1.672353613,0 101.521362213,1.672263177,0 101.521286639,1.672160219,0 101.521233278,1.672118479,0 101.521142846,1.672071145,0 101.521116312,1.67204613,0 101.521099144,1.672009956,0 101.521080295,1.67191952,0 101.521044986,1.671865258,0 101.520999052,1.671838711,0 101.52094513,1.671822127,0 101.520891207,1.671810709,0 101.520783362,1.671798268,0 101.520747414,1.67178938,0 101.520711465,1.671766783,0 101.520681047,1.67172056,0 101.520627586,1.671539688,0 101.520600025,1.671413077,0 101.52060025,1.671376903,0 101.520615123,1.671340728,0 101.520657543,1.671300535,0 101.520678689,1.671286467,0 101.520837284,1.67121338,0 101.520963104,1.671160551,0 101.521017026,1.671141769,0 101.521070949,1.671131531,0 101.521142846,1.671130986,0 101.521196768,1.671140683,0 101.521304613,1.671169101,0 101.521448407,1.671223161,0 101.521536481,1.671250292,0 101.521664097,1.671277682,0 101.521771942,1.671309192,0 101.521807891,1.671312495,0 101.521843839,1.671310152,0 101.521897762,1.67129551,0 101.52193371,1.671277149,0 101.522091483,1.671159856,0 101.522131426,1.671111623,0 101.522167374,1.671083631,0 101.522221297,1.671065802,0 101.522293194,1.671047854,0 101.522347116,1.671048999,0 101.522526858,1.671092105,0 101.5227066,1.671107449,0 101.522760523,1.671116688,0 101.522796471,1.671128426,0 101.522821526,1.671141769,0 101.522842353,1.671159856,0 101.522994187,1.671352085,0 101.523030135,1.671379205,0 101.523102032,1.671409524,0 101.523155955,1.671420244,0 101.523227852,1.671423998,0 101.523281774,1.671432229,0 101.523461516,1.671480904,0 101.523587335,1.671493237,0 101.523713155,1.671513804,0 101.523803026,1.67153524,0 101.523982767,1.671587755,0 101.52403669,1.671594419,0 101.524090613,1.671592579,0 101.524144535,1.671580822,0 101.524198458,1.671560187,0 101.524269636,1.671521601,0 101.524282107,1.671485426,0 101.524288329,1.671431164,0 101.524266898,1.67139499,0 101.524269636,1.671376903,0 101.524283427,1.671358816,0 101.524414148,1.671261022,0 101.524484921,1.671177943,0 101.524510112,1.671087507,0 101.524503628,1.671015158,0 101.5245172,1.670960896,0 101.524575916,1.670842244,0 101.524622848,1.670780024,0 101.5246515,1.670707675,0 101.524665787,1.670698631,0 101.524719709,1.670698631,0 101.524719709,1.670581064,0 101.524701735,1.670562977,0 101.524701735,1.670436367,0 101.524683761,1.670418279,0 101.524683761,1.670291669,0 101.524665787,1.670273581,0 101.524665787,1.670165058,0 101.524647812,1.670146971,0 101.524647812,1.67002036,0 101.524629838,1.670002273,0 101.524629838,1.669875662,0 101.524611864,1.669857575,0 101.524611864,1.669749052,0 101.52459389,1.669730964,0 101.52459389,1.669617618,0 
						</coordinates>
					</LinearRing>
				</outerBoundaryIs>
			</Polygon>
		</Placemark>
		<Placemark>
			<name>12-14m</name>
			<styleUrl>#style.#FFFFFFCC..0.255</styleUrl>
			<Polygon>
				<tessellate>1</tessellate>
				<outerBoundaryIs>
					<LinearRing>
						<coordinates>
							101.526966483,1.686912706,0 101.526894586,1.686915532,0 101.526876612,1.686931924,0 101.526828426,1.68702236,0 101.526793363,1.687130883,0 101.526761365,1.687167058,0 101.526750792,1.6871728,0 101.526732818,1.687172225,0 101.526660921,1.687158466,0 101.526624973,1.687166064,0 101.526571051,1.687191043,0 101.526553076,1.68720517,0 101.526535102,1.687231899,0 101.526527631,1.687275581,0 101.526573904,1.687402192,0 101.526590717,1.687492628,0 101.526577288,1.687655413,0 101.52658306,1.687836285,0 101.526571051,1.687884054,0 101.526544906,1.687908634,0 101.52648118,1.687920914,0 101.526445231,1.687917866,0 101.526409283,1.687902304,0 101.526372912,1.68787246,0 101.526293697,1.687763936,0 101.526255304,1.6876735,0 101.52616918,1.687510715,0 101.526145033,1.687438366,0 101.526146731,1.687329843,0 101.52612304,1.687275581,0 101.526093451,1.687239407,0 101.525947752,1.687130883,0 101.525895221,1.687058534,0 101.525894832,1.68702236,0 101.525882896,1.687004273,0 101.525852083,1.686987509,0 101.525834109,1.686982722,0 101.52579816,1.686980892,0 101.525770201,1.686986185,0 101.525744238,1.68700149,0 101.525736936,1.68702236,0 101.52579816,1.687040734,0 101.525852083,1.687069005,0 101.525873428,1.687094709,0 101.525895126,1.68714897,0 101.525886292,1.687185145,0 101.525852083,1.687263116,0 101.525835643,1.687329843,0 101.52583548,1.687384104,0 101.525853654,1.687510715,0 101.52585023,1.687564977,0 101.52579816,1.687700532,0 101.525726264,1.687819522,0 101.525690315,1.68786263,0 101.525654367,1.687880681,0 101.525636393,1.687881704,0 101.525600444,1.687866431,0 101.525562077,1.687818198,0 101.525497886,1.687637326,0 101.525476889,1.687601151,0 101.525456651,1.687585325,0 101.525420702,1.687571408,0 101.525402728,1.687570336,0 101.52536678,1.687579824,0 101.525330832,1.687609974,0 101.525311581,1.687655413,0 101.525307858,1.687727762,0 101.525331226,1.687818198,0 101.525323605,1.687890547,0 101.525277465,1.687980983,0 101.525258716,1.688035245,0 101.525245146,1.688053332,0 101.525169064,1.688128769,0 101.52515109,1.688140229,0 101.525115141,1.688147176,0 101.525079193,1.688143145,0 101.525040998,1.688125681,0 101.524945901,1.688035245,0 101.524899451,1.687976789,0 101.524773632,1.68784204,0 101.524755658,1.687833851,0 101.524737683,1.687832384,0 101.524719709,1.687837642,0 101.524700268,1.687854372,0 101.524683761,1.687887963,0 101.524646249,1.688035245,0 101.524644876,1.688089506,0 101.524662636,1.688270379,0 101.524640779,1.688487426,0 101.524634332,1.688505513,0 101.524616999,1.6885236,0 101.524575916,1.688537513,0 101.524539967,1.688540874,0 101.524486045,1.688538964,0 101.524270354,1.68851173,0 101.52425238,1.688508862,0 101.524234406,1.688499947,0 101.524216432,1.688483808,0 101.524184478,1.688433164,0 101.524153795,1.688360815,0 101.524106815,1.688288466,0 101.524080304,1.688216117,0 101.524000742,1.688114671,0 101.523982767,1.688104792,0 101.523964793,1.68810262,0 101.523939381,1.688107594,0 101.523910871,1.688120954,0 101.523874922,1.688150874,0 101.523852568,1.688179943,0 101.523824466,1.688234204,0 101.52379997,1.688306553,0 101.523745835,1.68872256,0 101.523713155,1.688792709,0 101.523678054,1.68884917,0 101.523623284,1.688896912,0 101.523569361,1.688924058,0 101.523429162,1.688957694,0 101.523371645,1.688966948,0 101.523353671,1.688966285,0 101.523322858,1.688957694,0 101.523281774,1.688929998,0 101.523206682,1.688867257,0 101.523177964,1.688812996,0 101.523155955,1.688703468,0 101.523120006,1.68866358,0 101.523102032,1.688657827,0 101.523084058,1.68866468,0 101.52306424,1.688776821,0 101.523012161,1.688847315,0 101.522930191,1.688993868,0 101.522911873,1.689084304,0 101.522855803,1.689210915,0 101.522828371,1.689301351,0 101.522811905,1.689409874,0 101.52277929,1.689536485,0 101.522760523,1.689574355,0 101.522746043,1.689590747,0 101.522724574,1.689602559,0 101.5227066,1.689607387,0 101.522670652,1.689604493,0 101.522634703,1.689585388,0 101.522580781,1.689541911,0 101.522565802,1.689518398,0 101.522551042,1.689464136,0 101.52249091,1.689308352,0 101.522419013,1.689247089,0 101.522383065,1.689205867,0 101.52236509,1.689205867,0 101.522347116,1.689210915,0 101.522329142,1.689210915,0 101.522329142,1.689319438,0 101.522347116,1.689337525,0 101.522347116,1.689464136,0 101.52236509,1.689482223,0 101.52236509,1.689608834,0 101.522383065,1.689626921,0 101.522383065,1.689753532,0 101.522401039,1.689771619,0 101.522401039,1.68989823,0 101.522419013,1.689916317,0 101.522419013,1.69002484,0 101.522436987,1.690042928,0 101.522436987,1.690169538,0 101.522454961,1.690187625,0 101.522454961,1.690314236,0 101.522472936,1.690332323,0 101.522472936,1.690404672,0 101.52249091,1.690404672,0 101.522508884,1.690400588,0 101.522526858,1.690400588,0 101.522544832,1.690410873,0 101.522562807,1.69041396,0 101.522634703,1.690407687,0 101.522652677,1.690416376,0 101.522670652,1.690416354,0 101.522692684,1.690404672,0 101.522832419,1.690301692,0 101.522886342,1.690253515,0 101.523005625,1.690133364,0 101.523163143,1.689952491,0 101.523173929,1.6899491,0 101.523191903,1.68995154,0 101.523299748,1.690002353,0 101.523335697,1.69001037,0 101.523353671,1.690010888,0 101.523389619,1.690002368,0 101.523443542,1.689965477,0 101.523461516,1.689942443,0 101.523470803,1.689916317,0 101.523482577,1.689843968,0 101.523586917,1.689427962,0 101.523623284,1.689365028,0 101.523659232,1.689329085,0 101.52369518,1.689308086,0 101.523731129,1.689297149,0 101.523767077,1.689293847,0 101.523785051,1.689295189,0 101.523838974,1.689309699,0 101.523892896,1.689334134,0 101.523989848,1.689391787,0 101.524108587,1.689478935,0 101.524198458,1.689497345,0 101.524234406,1.689499779,0 101.524270354,1.689496155,0 101.524306303,1.689487557,0 101.524360225,1.689467913,0 101.524396174,1.68944944,0 101.524472499,1.689391787,0 101.52459389,1.689263669,0 101.524647812,1.689233524,0 101.524665787,1.689229002,0 101.524701735,1.689227098,0 101.52480958,1.689237304,0 101.524845528,1.689246444,0 101.524899451,1.689268465,0 101.524935399,1.689277063,0 101.524971348,1.689273345,0 101.524987076,1.689265177,0 101.525127004,1.689066217,0 101.525159577,1.689030043,0 101.525182544,1.689011955,0 101.525217744,1.688993868,0 101.525258935,1.688980525,0 101.525312857,1.688968998,0 101.525340347,1.688957694,0 101.525354797,1.688939606,0 101.52534051,1.688885345,0 101.525308758,1.68884917,0 101.525246589,1.688740647,0 101.525239903,1.688668298,0 101.525248197,1.688632123,0 101.525271816,1.688595949,0 101.52529713,1.688577862,0 101.525348806,1.688553465,0 101.525402728,1.688538387,0 101.525474625,1.688527564,0 101.52558247,1.688526593,0 101.525672341,1.688532792,0 101.525780186,1.688545876,0 101.525834109,1.68854279,0 101.525888031,1.688522344,0 101.525931169,1.688487426,0 101.525956378,1.688433164,0 101.526004335,1.688288466,0 101.526006893,1.688216117,0 101.525973826,1.688107594,0 101.525970775,1.688035245,0 101.525995876,1.687988061,0 101.526031825,1.687947762,0 101.526049799,1.687935997,0 101.526067773,1.687934713,0 101.526103722,1.687952788,0 101.526150417,1.68799907,0 101.526159278,1.688053332,0 101.526134452,1.688161855,0 101.526142084,1.688216117,0 101.526193593,1.688310339,0 101.526225901,1.688415077,0 101.526265489,1.688457362,0 101.526301438,1.688471045,0 101.526337386,1.688472325,0 101.52635536,1.688468386,0 101.526388013,1.688451251,0 101.526423263,1.688415077,0 101.526479726,1.688306553,0 101.526577123,1.688143768,0 101.526606999,1.688101457,0 101.526678896,1.688025669,0 101.526703982,1.687980983,0 101.526722051,1.68787246,0 101.526711215,1.687691587,0 101.526716699,1.687655413,0 101.526732818,1.687627796,0 101.526750792,1.687622675,0 101.526768767,1.687630913,0 101.526804715,1.687677807,0 101.526830127,1.687727762,0 101.526853526,1.687800111,0 101.526891621,1.687926721,0 101.526898472,1.687980983,0 101.52691256,1.688007227,0 101.526930534,1.688024114,0 101.526948508,1.688031545,0 101.526984457,1.688019372,0 101.527002431,1.68799961,0 101.527038379,1.687870556,0 101.527061489,1.687836285,0 101.527092302,1.68781508,0 101.52712825,1.687803806,0 101.527164199,1.687805751,0 101.52725407,1.68782471,0 101.527272044,1.687836788,0 101.527290018,1.687859833,0 101.527361915,1.687859833,0 101.527361915,1.687854372,0 101.527343941,1.687836285,0 101.527325966,1.687818198,0 101.527325966,1.687800111,0 101.527307992,1.687782024,0 101.527307992,1.687763936,0 101.527290018,1.687745849,0 101.527290018,1.687709675,0 101.527272044,1.687691587,0 101.527272044,1.6876735,0 101.52725407,1.687655413,0 101.52725407,1.687619238,0 101.527236095,1.687601151,0 101.527236095,1.687583064,0 101.527218121,1.687564977,0 101.527218121,1.687528802,0 101.527200147,1.687510715,0 101.527200147,1.687474541,0 101.527182173,1.687456453,0 101.527182173,1.687438366,0 101.527164199,1.687420279,0 101.527164199,1.687384104,0 101.527146225,1.687366017,0 101.527146225,1.68734793,0 101.52712825,1.687329843,0 101.52712825,1.687293668,0 101.527110276,1.687275581,0 101.527110276,1.687239407,0 101.527092302,1.687221319,0 101.527092302,1.687203232,0 101.527074328,1.687185145,0 101.527074328,1.68714897,0 101.527056354,1.687130883,0 101.527056354,1.687112796,0 101.527038379,1.687094709,0 101.527038379,1.687058534,0 101.527020405,1.687040447,0 101.527020405,1.687004273,0 101.527002431,1.686986185,0 101.527002431,1.686968098,0 101.526984457,1.686950011,0 101.526984457,1.686913836,0 101.526966483,1.686912706,0 
						</coordinates>
					</LinearRing>
				</outerBoundaryIs>
			</Polygon>
		</Placemark>
		<Placemark>
			<name>12-14m</name>
			<styleUrl>#style.#FFFFFFCC..0.255</styleUrl>
			<Polygon>
				<tessellate>1</tessellate>
				<outerBoundaryIs>
					<LinearRing>
						<coordinates>
							101.524270354,1.668751471,0 101.524243393,1.668754254,0 101.524216432,1.668783645,0 101.524209487,1.668808515,0 101.524214378,1.66884469,0 101.524234406,1.668866278,0 101.52425238,1.668869161,0 101.524270354,1.668860282,0 101.524282837,1.66884469,0 101.524295665,1.668790428,0 101.524288329,1.66876823,0 101.524270354,1.668751471,0 
						</coordinates>
					</LinearRing>
				</outerBoundaryIs>
			</Polygon>
		</Placemark>
		<Placemark>
			<name>14-16m</name>
			<styleUrl>#style.#FFFFFFCC..0.255</styleUrl>
			<Polygon>
				<tessellate>1</tessellate>
				<outerBoundaryIs>
					<LinearRing>
						<coordinates>
							101.539440569,1.699063949,0 101.539386647,1.699063949,0 101.539332724,1.699072334,0 101.539296776,1.699080644,0 101.539224879,1.699104015,0 101.539188931,1.699109925,0 101.539152982,1.699112614,0 101.539117034,1.69911276,0 101.539027163,1.699108104,0 101.539009189,1.699108984,0 101.53897324,1.699114277,0 101.538919318,1.699131079,0 101.538765231,1.699195066,0 101.538685653,1.699218109,0 101.538595782,1.69923248,0 101.538416041,1.699247176,0 101.538308195,1.699260893,0 101.538236299,1.699274396,0 101.537966686,1.699331767,0 101.537912763,1.699347967,0 101.53776897,1.699403859,0 101.537715047,1.699421281,0 101.537499357,1.699474047,0 101.537362226,1.699520636,0 101.537301641,1.699538619,0 101.537157847,1.699564477,0 101.537085951,1.699580131,0 101.536852286,1.699645036,0 101.536698895,1.699701509,0 101.536546725,1.699751453,0 101.53643888,1.699798056,0 101.536384957,1.699816492,0 101.536313061,1.699832499,0 101.536007499,1.69988779,0 101.53588168,1.699913461,0 101.535791809,1.699938333,0 101.53566599,1.699980444,0 101.535468274,1.700034457,0 101.535378403,1.70006502,0 101.53529188,1.700099428,0 101.535126764,1.700182752,0 101.535018919,1.700248584,0 101.534964996,1.700271996,0 101.534911074,1.700288593,0 101.534371848,1.700332475,0 101.534228055,1.700338725,0 101.534192106,1.700344392,0 101.534156158,1.700352984,0 101.534102235,1.700375522,0 101.53399439,1.700445911,0 101.533940468,1.700473028,0 101.533850597,1.700501922,0 101.533796674,1.700515577,0 101.533724777,1.700528374,0 101.533670855,1.700533977,0 101.533634906,1.700533119,0 101.533616932,1.700530739,0 101.533401242,1.700482603,0 101.533329345,1.700472907,0 101.533293397,1.700465671,0 101.533203526,1.700434891,0 101.533131629,1.700398317,0 101.533041758,1.700372035,0 101.533023784,1.700372035,0 101.53300581,1.700388823,0 101.532987836,1.700388823,0 101.532987836,1.700424998,0 101.532969862,1.700424998,0 101.532969862,1.700515434,0 101.532951887,1.700515434,0 101.532951887,1.700569696,0 101.532969862,1.700569696,0 101.532987836,1.700559949,0 101.53300581,1.700559949,0 101.533077707,1.700580744,0 101.533167578,1.700617127,0 101.533239474,1.700635955,0 101.533275423,1.700641436,0 101.533365294,1.700647479,0 101.533580984,1.700687663,0 101.533598958,1.70068879,0 101.533634906,1.700687675,0 101.533742752,1.700671274,0 101.533958442,1.700625103,0 101.534012364,1.700601982,0 101.534156158,1.700513333,0 101.534174132,1.700505633,0 101.53421008,1.70049649,0 101.534246029,1.700492866,0 101.534281977,1.700493154,0 101.534389822,1.700488986,0 101.534497667,1.700478007,0 101.534911074,1.700445268,0 101.534947022,1.700440204,0 101.535000945,1.700422543,0 101.535054867,1.700399844,0 101.535144738,1.700347931,0 101.535523958,1.700153689,0 101.535659646,1.700099428,0 101.535791809,1.700054463,0 101.535902091,1.700027079,0 101.536384957,1.699931935,0 101.536456854,1.699913985,0 101.536510777,1.699895911,0 101.536636596,1.699839924,0 101.53687026,1.699751771,0 101.537121899,1.699677412,0 101.537193796,1.699660496,0 101.537301641,1.699639007,0 101.537337589,1.699629318,0 101.537535305,1.699560236,0 101.537715047,1.699523427,0 101.537750996,1.699514283,0 101.537804918,1.69949524,0 101.537930737,1.699439476,0 101.538020608,1.699409641,0 101.538362118,1.699338958,0 101.538416041,1.69933322,0 101.538559834,1.699327084,0 101.538613757,1.699323304,0 101.538667679,1.699316841,0 101.538739576,1.699305037,0 101.538829447,1.699281615,0 101.538955266,1.699232833,0 101.538991215,1.699221733,0 101.539027163,1.699214164,0 101.539117034,1.699201283,0 101.539170956,1.699191441,0 101.539224879,1.699176293,0 101.53931475,1.699145717,0 101.539404621,1.699126876,0 101.539476518,1.699126876,0 101.539476518,1.699122717,0 101.539458543,1.69910463,0 101.539458543,1.699068456,0 101.539440569,1.699063949,0 
						</coordinates>
					</LinearRing>
				</outerBoundaryIs>
			</Polygon>
		</Placemark>
		<Placemark>
			<name>14-16m</name>
			<styleUrl>#style.#FFFFFFCC..0.255</styleUrl>
			<Polygon>
				<tessellate>1</tessellate>
				<outerBoundaryIs>
					<LinearRing>
						<coordinates>
							101.52502527,1.686679191,0 101.524989322,1.686690285,0 101.524956155,1.686714877,0 101.524941391,1.686732964,0 101.524931019,1.686769139,0 101.524935399,1.686794608,0 101.524953374,1.686817371,0 101.524971348,1.686828618,0 101.525007296,1.686835897,0 101.525043245,1.686828662,0 101.525086459,1.686805313,0 101.525135683,1.686769139,0 101.525147822,1.686751051,0 101.525146034,1.686732964,0 101.525130419,1.686714877,0 101.525104806,1.68669679,0 101.525061219,1.686681161,0 101.52502527,1.686679191,0 
						</coordinates>
					</LinearRing>
				</outerBoundaryIs>
			</Polygon>
		</Placemark>
		<Placemark>
			<name>14-16m</name>
			<styleUrl>#style.#FFFFFFCC..0.255</styleUrl>
			<Polygon>
				<tessellate>1</tessellate>
				<outerBoundaryIs>
					<LinearRing>
						<coordinates>
							101.526535102,1.686024941,0 101.526499154,1.686031657,0 101.526477032,1.686045649,0 101.526467894,1.686099911,0 101.526501884,1.686208434,0 101.526504464,1.686262696,0 101.526495419,1.686371219,0 101.52648118,1.6864172,0 101.526445231,1.686476085,0 101.526409283,1.686517048,0 101.526391309,1.686524043,0 101.526301438,1.686590768,0 101.526265489,1.686606169,0 101.526229541,1.686613159,0 101.526193593,1.686612813,0 101.526164063,1.686606353,0 101.526121696,1.686580174,0 101.526080925,1.686515917,0 101.525967336,1.686371219,0 101.525744238,1.686174046,0 101.525618419,1.686117998,0 101.52555409,1.686099911,0 101.525510573,1.686095054,0 101.525456651,1.686097514,0 101.525438677,1.68610147,0 101.525411242,1.686117998,0 101.52540406,1.686136085,0 101.52540814,1.686190347,0 101.525458825,1.686371219,0 101.525462642,1.686479743,0 101.525432455,1.686552092,0 101.525367927,1.686642528,0 101.525335204,1.686678702,0 101.525316393,1.686714877,0 101.525323084,1.686751051,0 101.525363849,1.6868234,0 101.52538384,1.686895749,0 101.525388036,1.686931924,0 101.525376351,1.687094709,0 101.525358167,1.687167058,0 101.52529306,1.687239407,0 101.525268985,1.687275581,0 101.525231902,1.687402192,0 101.525205307,1.687456453,0 101.525169064,1.687502244,0 101.525133115,1.687528802,0 101.525097167,1.687536429,0 101.525079193,1.687533324,0 101.525043245,1.687509525,0 101.524949242,1.687402192,0 101.524897697,1.687311756,0 101.52482592,1.687239407,0 101.524764136,1.687203232,0 101.524618062,1.68714897,0 101.52446807,1.687044895,0 101.524432122,1.687028389,0 101.524396174,1.687020924,0 101.5243782,1.687022925,0 101.524360225,1.687030399,0 101.524306798,1.687094709,0 101.524293589,1.687130883,0 101.524284009,1.687203232,0 101.524265238,1.687275581,0 101.524288329,1.687319766,0 101.52434999,1.687402192,0 101.524387187,1.687492628,0 101.524384502,1.687528802,0 101.524375953,1.68754689,0 101.524342251,1.687594195,0 101.524324277,1.687608078,0 101.524306303,1.687614884,0 101.524270354,1.687615621,0 101.524234406,1.687606906,0 101.524090613,1.687558843,0 101.524018716,1.687528067,0 101.523966446,1.687492628,0 101.523856948,1.68739073,0 101.523821,1.687367724,0 101.523785051,1.687352863,0 101.523731129,1.687339783,0 101.523659232,1.687334812,0 101.523547793,1.68734793,0 101.523533413,1.687353959,0 101.523515439,1.687353097,0 101.523507268,1.687366017,0 101.523533413,1.687373633,0 101.523551387,1.687387496,0 101.523605309,1.687446003,0 101.523659232,1.687563913,0 101.523683198,1.687782024,0 101.52371529,1.687926721,0 101.52371299,1.687962896,0 101.523693886,1.688035245,0 101.523662512,1.688107594,0 101.523623284,1.688173525,0 101.523587335,1.688219347,0 101.523569361,1.68823187,0 101.523551387,1.688237649,0 101.523515439,1.688233288,0 101.52335427,1.688179943,0 101.523317722,1.688155679,0 101.523278539,1.688107594,0 101.523173929,1.688007152,0 101.523072075,1.687962896,0 101.523012161,1.687914926,0 101.522994187,1.687909495,0 101.522976213,1.687912654,0 101.522958239,1.687932751,0 101.52294319,1.68799907,0 101.522888739,1.688071419,0 101.522865252,1.688125681,0 101.522847094,1.688216117,0 101.522847486,1.688324641,0 101.522827995,1.688396989,0 101.522724574,1.688595179,0 101.522696614,1.688632123,0 101.522670652,1.688649834,0 101.522652677,1.688652513,0 101.522638697,1.688650211,0 101.522616729,1.688640471,0 101.522559922,1.688577862,0 101.522525574,1.688505513,0 101.522487277,1.688360815,0 101.522347116,1.688154045,0 101.522318263,1.688125681,0 101.522242267,1.688071419,0 101.522221297,1.688060071,0 101.522203323,1.688060071,0 101.522185349,1.688071419,0 101.522167374,1.688071419,0 101.522167374,1.688143768,0 101.522185349,1.688161855,0 101.522185349,1.688270379,0 101.522203323,1.688288466,0 101.522203323,1.688396989,0 101.522221297,1.688415077,0 101.522221297,1.6885236,0 101.522239271,1.688541687,0 101.522239271,1.688650211,0 101.522257245,1.688668298,0 101.522257245,1.688776821,0 101.52227522,1.688794909,0 101.52227522,1.688903432,0 101.522293194,1.688921519,0 101.522293194,1.689030043,0 101.522311168,1.68904813,0 101.522311168,1.68917474,0 101.522329142,1.689192828,0 101.522329142,1.689210915,0 101.522347116,1.689210915,0 101.52236509,1.689205867,0 101.522383065,1.689205867,0 101.522419013,1.689247089,0 101.52249091,1.689308352,0 101.522551042,1.689464136,0 101.522565802,1.689518398,0 101.522580781,1.689541911,0 101.522634703,1.689585388,0 101.522670652,1.689604493,0 101.5227066,1.689607387,0 101.522724574,1.689602559,0 101.522746043,1.689590747,0 101.522760523,1.689574355,0 101.52277929,1.689536485,0 101.522811905,1.689409874,0 101.522828371,1.689301351,0 101.522855803,1.689210915,0 101.522911873,1.689084304,0 101.522930191,1.688993868,0 101.523012161,1.688847315,0 101.52306424,1.688776821,0 101.523084058,1.68866468,0 101.523102032,1.688657827,0 101.523120006,1.68866358,0 101.523155955,1.688703468,0 101.523177964,1.688812996,0 101.523206682,1.688867257,0 101.523281774,1.688929998,0 101.523322858,1.688957694,0 101.523353671,1.688966285,0 101.523371645,1.688966948,0 101.523429162,1.688957694,0 101.523569361,1.688924058,0 101.523623284,1.688896912,0 101.523678054,1.68884917,0 101.523713155,1.688792709,0 101.523745835,1.68872256,0 101.52379997,1.688306553,0 101.523824466,1.688234204,0 101.523852568,1.688179943,0 101.523874922,1.688150874,0 101.523910871,1.688120954,0 101.523939381,1.688107594,0 101.523964793,1.68810262,0 101.523982767,1.688104792,0 101.524000742,1.688114671,0 101.524080304,1.688216117,0 101.524106815,1.688288466,0 101.524153795,1.688360815,0 101.524184478,1.688433164,0 101.524216432,1.688483808,0 101.524234406,1.688499947,0 101.52425238,1.688508862,0 101.524270354,1.68851173,0 101.524486045,1.688538964,0 101.524539967,1.688540874,0 101.524575916,1.688537513,0 101.524616999,1.6885236,0 101.524634332,1.688505513,0 101.524640779,1.688487426,0 101.524662636,1.688270379,0 101.524644876,1.688089506,0 101.524646249,1.688035245,0 101.524683761,1.687887963,0 101.524700268,1.687854372,0 101.524719709,1.687837642,0 101.524737683,1.687832384,0 101.524755658,1.687833851,0 101.524773632,1.68784204,0 101.524899451,1.687976789,0 101.524945901,1.688035245,0 101.525040998,1.688125681,0 101.525079193,1.688143145,0 101.525115141,1.688147176,0 101.52515109,1.688140229,0 101.525169064,1.688128769,0 101.525245146,1.688053332,0 101.525258716,1.688035245,0 101.525277465,1.687980983,0 101.525323605,1.687890547,0 101.525331226,1.687818198,0 101.525307858,1.687727762,0 101.525311581,1.687655413,0 101.525330832,1.687609974,0 101.52536678,1.687579824,0 101.525402728,1.687570336,0 101.525420702,1.687571408,0 101.525456651,1.687585325,0 101.525476889,1.687601151,0 101.525497886,1.687637326,0 101.525562077,1.687818198,0 101.525600444,1.687866431,0 101.525636393,1.687881704,0 101.525654367,1.687880681,0 101.525690315,1.68786263,0 101.525726264,1.687819522,0 101.52579816,1.687700532,0 101.52585023,1.687564977,0 101.525853654,1.687510715,0 101.52583548,1.687384104,0 101.525835643,1.687329843,0 101.525852083,1.687263116,0 101.525886292,1.687185145,0 101.525895126,1.68714897,0 101.525873428,1.687094709,0 101.525852083,1.687069005,0 101.52579816,1.687040734,0 101.525736936,1.68702236,0 101.525744238,1.68700149,0 101.525770201,1.686986185,0 101.52579816,1.686980892,0 101.525834109,1.686982722,0 101.525852083,1.686987509,0 101.525882896,1.687004273,0 101.525894832,1.68702236,0 101.525895221,1.687058534,0 101.525947752,1.687130883,0 101.526093451,1.687239407,0 101.52612304,1.687275581,0 101.526146731,1.687329843,0 101.526145033,1.687438366,0 101.52616918,1.687510715,0 101.526255304,1.6876735,0 101.526293697,1.687763936,0 101.526372912,1.68787246,0 101.526409283,1.687902304,0 101.526445231,1.687917866,0 101.52648118,1.687920914,0 101.526544906,1.687908634,0 101.526571051,1.687884054,0 101.52658306,1.687836285,0 101.526577288,1.687655413,0 101.526590717,1.687492628,0 101.526573904,1.687402192,0 101.526527631,1.687275581,0 101.526535102,1.687231899,0 101.526553076,1.68720517,0 101.526571051,1.687191043,0 101.526624973,1.687166064,0 101.526660921,1.687158466,0 101.526732818,1.687172225,0 101.526750792,1.6871728,0 101.526761365,1.687167058,0 101.526793363,1.687130883,0 101.526828426,1.68702236,0 101.526876612,1.686931924,0 101.526894586,1.686915532,0 101.526966483,1.686912706,0 101.526984457,1.686913836,0 101.526966483,1.686895749,0 101.526966483,1.686877662,0 101.526948508,1.686859575,0 101.526948508,1.6868234,0 101.526930534,1.686805313,0 101.526930534,1.686769139,0 101.52691256,1.686751051,0 101.52691256,1.686732964,0 101.526894586,1.686714877,0 101.526894586,1.686678702,0 101.526876612,1.686660615,0 101.526876612,1.686642528,0 101.526858638,1.686624441,0 101.526858638,1.686588266,0 101.526840663,1.686570179,0 101.526840663,1.686552092,0 101.526822689,1.686534005,0 101.526822689,1.68649783,0 101.526804715,1.686479743,0 101.526804715,1.686443568,0 101.526786741,1.686425481,0 101.526786741,1.686407394,0 101.526768767,1.686389307,0 101.526768767,1.686353132,0 101.526750792,1.686335045,0 101.526750792,1.686316958,0 101.526732818,1.686298871,0 101.526732818,1.686262696,0 101.526714844,1.686244609,0 101.526714844,1.686208434,0 101.52669687,1.686190347,0 101.52669687,1.68617226,0 101.526678896,1.686154173,0 101.526678896,1.686117998,0 101.526660921,1.686099911,0 101.526660921,1.686081824,0 101.526642947,1.686063736,0 101.526642947,1.68603722,0 101.526571051,1.68603722,0 101.526535102,1.686024941,0 
						</coordinates>
					</LinearRing>
				</outerBoundaryIs>
				<innerBoundaryIs>
					<LinearRing>
						<coordinates>
							101.525564496,1.687213673,0 101.525618419,1.687216354,0 101.525671475,1.687239407,0 101.525679976,1.687257494,0 101.525679099,1.687311756,0 101.525654766,1.687366017,0 101.525636393,1.687383539,0 101.525618419,1.687390215,0 101.525600444,1.687389305,0 101.525564496,1.687368052,0 101.525532055,1.687329843,0 101.52550905,1.687257494,0 101.525510573,1.687237633,0 101.525536718,1.687221319,0 101.525564496,1.687213673,0 
						</coordinates>
					</LinearRing>
					<LinearRing>
						<coordinates>
							101.526319412,1.68684367,0 101.52635536,1.686846218,0 101.526400817,1.686877662,0 101.526447468,1.686968098,0 101.526453175,1.68702236,0 101.526437361,1.687076621,0 101.526409283,1.687110816,0 101.526391309,1.687121251,0 101.52635536,1.687131541,0 101.526319412,1.687129753,0 101.526287743,1.687112796,0 101.526270579,1.687094709,0 101.526247245,1.687040447,0 101.526236193,1.686950011,0 101.526249982,1.686895749,0 101.526265489,1.686874574,0 101.526301438,1.686848758,0 101.526319412,1.68684367,0 
						</coordinates>
					</LinearRing>
				</innerBoundaryIs>
			</Polygon>
		</Placemark>
		<Placemark>
			<name>14-16m</name>
			<styleUrl>#style.#FFFFFFCC..0.255</styleUrl>
			<Polygon>
				<tessellate>1</tessellate>
				<outerBoundaryIs>
					<LinearRing>
						<coordinates>
							101.531927359,1.692593227,0 101.531927359,1.692611314,0 101.531909384,1.692607131,0 101.53189141,1.692607131,0 101.531879188,1.692611314,0 101.531819513,1.692663603,0 101.531747617,1.692701509,0 101.531531926,1.692777578,0 101.53146003,1.692808013,0 101.531388133,1.69284334,0 101.531298262,1.692897592,0 101.531172443,1.692981281,0 101.53111852,1.693011433,0 101.531010675,1.693054236,0 101.530866881,1.693101749,0 101.530777011,1.693123384,0 101.530597269,1.693156094,0 101.530399553,1.693202611,0 101.530273733,1.693240899,0 101.530040069,1.693327795,0 101.529932224,1.693361318,0 101.529860327,1.693375697,0 101.529644637,1.693408625,0 101.529554766,1.693428857,0 101.52923123,1.693540772,0 101.528745927,1.693679204,0 101.528494289,1.693761361,0 101.528404418,1.693786475,0 101.528311279,1.693805072,0 101.528170753,1.693820703,0 101.528098857,1.693831032,0 101.52790114,1.693870976,0 101.527811269,1.693885818,0 101.527631528,1.693903647,0 101.527343941,1.69393862,0 101.527074328,1.693994043,0 101.526840663,1.694050071,0 101.526678896,1.694083864,0 101.526606999,1.694103987,0 101.52648118,1.694145922,0 101.526427257,1.694159996,0 101.526391309,1.69416603,0 101.526378103,1.694184903,0 101.526374442,1.694221078,0 101.526373334,1.694239165,0 101.526391309,1.694239165,0 101.526409283,1.694257252,0 101.526427257,1.69427534,0 101.526463205,1.694311514,0 101.52648118,1.694329601,0 101.526499154,1.694347689,0 101.526517128,1.694365776,0 101.526535102,1.694365776,0 101.526553076,1.694383863,0 101.526571051,1.69440195,0 101.526589025,1.694420037,0 101.526606999,1.694438125,0 101.526660921,1.694492386,0 101.526678896,1.694510474,0 101.52669687,1.694510474,0 101.526750792,1.694564735,0 101.526768656,1.694546648,0 101.526822689,1.694544478,0 101.526840663,1.694523459,0 101.526923998,1.694510474,0 101.527110276,1.69446615,0 101.527218121,1.694434933,0 101.527343941,1.694391098,0 101.52768545,1.694302557,0 101.527847218,1.694271229,0 101.528134805,1.694210669,0 101.528278598,1.694191509,0 101.528440366,1.694174924,0 101.528548211,1.694158108,0 101.528602134,1.69414536,0 101.528727953,1.694109185,0 101.528889721,1.694070234,0 101.528943643,1.694052674,0 101.529069463,1.693999992,0 101.529159334,1.693966987,0 101.529529834,1.693859333,0 101.52991425,1.693733601,0 101.529986146,1.693713757,0 101.530165888,1.693672327,0 101.530363604,1.693619387,0 101.530471449,1.693585716,0 101.530655813,1.693515676,0 101.530759036,1.693480854,0 101.530866881,1.693452683,0 101.531065217,1.693407153,0 101.531172443,1.693377276,0 101.531370159,1.69331425,0 101.531442056,1.693286803,0 101.531513952,1.693254649,0 101.531783565,1.693123923,0 101.531999255,1.692977937,0 101.532071152,1.692941507,0 101.532143049,1.692910636,0 101.532184716,1.692882623,0 101.532196971,1.692878574,0 101.53223292,1.692878574,0 101.532250894,1.692882623,0 101.532250894,1.692864536,0 101.53223292,1.692864536,0 101.532214946,1.692846448,0 101.532196971,1.692828361,0 101.532161023,1.692792187,0 101.532143049,1.692774099,0 101.532125075,1.692756012,0 101.5321071,1.692737925,0 101.532089126,1.692737925,0 101.532053178,1.692701751,0 101.532035204,1.692683663,0 101.53201723,1.692665576,0 101.531999255,1.692647489,0 101.531981281,1.692629402,0 101.531963307,1.692611314,0 101.531945333,1.692611314,0 101.531927359,1.692593227,0 
						</coordinates>
					</LinearRing>
				</outerBoundaryIs>
			</Polygon>
		</Placemark>
		<Placemark>
			<name>14-16m</name>
			<styleUrl>#style.#FFFFFFCC..0.255</styleUrl>
			<Polygon>
				<tessellate>1</tessellate>
				<outerBoundaryIs>
					<LinearRing>
						<coordinates>
							101.523964793,1.68675574,0 101.523946819,1.686773313,0 101.523941427,1.686805313,0 101.523946819,1.686844405,0 101.523964793,1.686865676,0 101.524000742,1.686878114,0 101.52403669,1.686877407,0 101.524073372,1.686859575,0 101.524071354,1.686841487,0 101.52403669,1.686790391,0 101.524009729,1.686769139,0 101.523982767,1.686756917,0 101.523964793,1.68675574,0 
						</coordinates>
					</LinearRing>
				</outerBoundaryIs>
			</Polygon>
		</Placemark>
		<Placemark>
			<name>14-16m</name>
			<styleUrl>#style.#FFFFFFCC..0.255</styleUrl>
			<Polygon>
				<tessellate>1</tessellate>
				<outerBoundaryIs>
					<LinearRing>
						<coordinates>
							101.524719709,1.670689588,0 101.524719709,1.670698631,0 101.524665787,1.670698631,0 101.5246515,1.670707675,0 101.524622848,1.670780024,0 101.524575916,1.670842244,0 101.5245172,1.670960896,0 101.524503628,1.671015158,0 101.524510112,1.671087507,0 101.524484921,1.671177943,0 101.524414148,1.671261022,0 101.524283427,1.671358816,0 101.524269636,1.671376903,0 101.524266898,1.67139499,0 101.524288329,1.671431164,0 101.524282107,1.671485426,0 101.524269636,1.671521601,0 101.524198458,1.671560187,0 101.524144535,1.671580822,0 101.524090613,1.671592579,0 101.52403669,1.671594419,0 101.523982767,1.671587755,0 101.523803026,1.67153524,0 101.523713155,1.671513804,0 101.523587335,1.671493237,0 101.523461516,1.671480904,0 101.523281774,1.671432229,0 101.523227852,1.671423998,0 101.523155955,1.671420244,0 101.523102032,1.671409524,0 101.523030135,1.671379205,0 101.522994187,1.671352085,0 101.522842353,1.671159856,0 101.522821526,1.671141769,0 101.522796471,1.671128426,0 101.522760523,1.671116688,0 101.5227066,1.671107449,0 101.522526858,1.671092105,0 101.522347116,1.671048999,0 101.522293194,1.671047854,0 101.522221297,1.671065802,0 101.522167374,1.671083631,0 101.522131426,1.671111623,0 101.522091483,1.671159856,0 101.52193371,1.671277149,0 101.521897762,1.67129551,0 101.521843839,1.671310152,0 101.521807891,1.671312495,0 101.521771942,1.671309192,0 101.521664097,1.671277682,0 101.521536481,1.671250292,0 101.521448407,1.671223161,0 101.521304613,1.671169101,0 101.521196768,1.671140683,0 101.521142846,1.671130986,0 101.521070949,1.671131531,0 101.521017026,1.671141769,0 101.520963104,1.671160551,0 101.520837284,1.67121338,0 101.520678689,1.671286467,0 101.520657543,1.671300535,0 101.520615123,1.671340728,0 101.52060025,1.671376903,0 101.520600025,1.671413077,0 101.520627586,1.671539688,0 101.520681047,1.67172056,0 101.520711465,1.671766783,0 101.520747414,1.67178938,0 101.520783362,1.671798268,0 101.520891207,1.671810709,0 101.52094513,1.671822127,0 101.520999052,1.671838711,0 101.521044986,1.671865258,0 101.521080295,1.67191952,0 101.521099144,1.672009956,0 101.521116312,1.67204613,0 101.521142846,1.672071145,0 101.521233278,1.672118479,0 101.521286639,1.672160219,0 101.521362213,1.672263177,0 101.521452555,1.672353613,0 101.521462233,1.672371701,0 101.521464943,1.672407875,0 101.521447658,1.67244405,0 101.521429714,1.672462137,0 101.521374436,1.672498311,0 101.521286639,1.67254235,0 101.521232717,1.672562439,0 101.52116082,1.672583279,0 101.520855259,1.672653005,0 101.520747414,1.672669236,0 101.520639568,1.672673948,0 101.520459827,1.672667126,0 101.520280085,1.672694152,0 101.52026211,1.672694152,0 101.520244136,1.672697271,0 101.520226162,1.672679184,0 101.520226162,1.672715358,0 101.520244136,1.672733445,0 101.520244136,1.672841969,0 101.52026211,1.672860056,0 101.52026211,1.672968579,0 101.520280085,1.672986667,0 101.520280085,1.67309519,0 101.520298059,1.673113277,0 101.520298059,1.673221801,0 101.520316033,1.673239888,0 101.520316033,1.673348411,0 101.520334007,1.673366499,0 101.520334007,1.673475022,0 101.520351981,1.673493109,0 101.520351981,1.67361972,0 101.520369956,1.673637807,0 101.520369956,1.673782505,0 101.52038793,1.673800592,0 101.52038793,1.67394529,0 101.520405904,1.673963377,0 101.520423878,1.673981465,0 101.520441852,1.673968425,0 101.520459827,1.673968425,0 101.520549697,1.673952416,0 101.520585646,1.673913834,0 101.520621594,1.673921037,0 101.520639568,1.673919968,0 101.520711465,1.67390486,0 101.520747414,1.673892739,0 101.52081931,1.673859271,0 101.520891207,1.673818887,0 101.520954545,1.673764418,0 101.521014459,1.673673982,0 101.521052975,1.673628763,0 101.521162618,1.673529284,0 101.521260677,1.673366499,0 101.521290491,1.673330324,0 101.521394484,1.67326134,0 101.521448407,1.673234086,0 101.521574226,1.673180889,0 101.521646123,1.673140408,0 101.521736574,1.673077103,0 101.521789916,1.673054146,0 101.521861813,1.673040725,0 101.52193371,1.673036457,0 101.522185349,1.673043888,0 101.522239271,1.673043015,0 101.522311168,1.673036673,0 101.522383065,1.67302465,0 101.52249091,1.672999586,0 101.522814445,1.672903744,0 101.522926035,1.672860056,0 101.523012161,1.672817715,0 101.523137981,1.672766973,0 101.523191903,1.672749768,0 101.523245826,1.672743541,0 101.523299748,1.672749121,0 101.523353671,1.672764055,0 101.523441744,1.672805794,0 101.523503955,1.672860056,0 101.523569361,1.672969675,0 101.523605309,1.672993385,0 101.523623284,1.67299837,0 101.523641258,1.672998725,0 101.523659232,1.67299458,0 101.523677206,1.672983987,0 101.523702884,1.672950492,0 101.523719831,1.672841969,0 101.523741801,1.672787707,0 101.523785051,1.672743846,0 101.523821,1.672721935,0 101.523856948,1.672706315,0 101.523928845,1.672685966,0 101.523964793,1.672682117,0 101.524000742,1.672683569,0 101.524054664,1.672694488,0 101.524162509,1.672743648,0 101.524216432,1.672749649,0 101.52425238,1.672747986,0 101.524306303,1.672739905,0 101.524342251,1.67273124,0 101.524380596,1.672715358,0 101.524412766,1.672697271,0 101.524424633,1.672679184,0 101.524415645,1.672661096,0 101.524342251,1.672613052,0 101.52425238,1.672562371,0 101.524232249,1.672534486,0 101.524230687,1.672516399,0 101.524247558,1.672462137,0 101.52431192,1.672335526,0 101.524341025,1.672208916,0 101.524378627,1.672118479,0 101.524474879,1.671955694,0 101.524539967,1.671877054,0 101.524575916,1.671846936,0 101.524611864,1.671832842,0 101.524701735,1.671831276,0 101.524737683,1.671839462,0 101.524791606,1.671866741,0 101.524863503,1.671866741,0 101.524863503,1.671756735,0 101.524845528,1.671738647,0 101.524845528,1.67159395,0 101.524827554,1.671575862,0 101.524827554,1.671431164,0 101.52480958,1.671413077,0 101.52480958,1.671250292,0 101.524791606,1.671232205,0 101.524791606,1.671123681,0 101.524773632,1.671105594,0 101.524773632,1.670997071,0 101.524755658,1.670978984,0 101.524755658,1.670852373,0 101.524737683,1.670834286,0 101.524737683,1.670707675,0 101.524719709,1.670689588,0 
						</coordinates>
					</LinearRing>
				</outerBoundaryIs>
			</Polygon>
		</Placemark>
		<Placemark>
			<name>16-18m</name>
			<styleUrl>#style.#FFCCFFFF..0.255</styleUrl>
			<Polygon>
				<tessellate>1</tessellate>
				<outerBoundaryIs>
					<LinearRing>
						<coordinates>
							101.532250894,1.692864536,0 101.532250894,1.692882623,0 101.53223292,1.692878574,0 101.532196971,1.692878574,0 101.532184716,1.692882623,0 101.532143049,1.692910636,0 101.532071152,1.692941507,0 101.531999255,1.692977937,0 101.531783565,1.693123923,0 101.531513952,1.693254649,0 101.531442056,1.693286803,0 101.531370159,1.69331425,0 101.531172443,1.693377276,0 101.531065217,1.693407153,0 101.530866881,1.693452683,0 101.530759036,1.693480854,0 101.530655813,1.693515676,0 101.530471449,1.693585716,0 101.530363604,1.693619387,0 101.530165888,1.693672327,0 101.529986146,1.693713757,0 101.52991425,1.693733601,0 101.529529834,1.693859333,0 101.529159334,1.693966987,0 101.529069463,1.693999992,0 101.528943643,1.694052674,0 101.528889721,1.694070234,0 101.528727953,1.694109185,0 101.528602134,1.69414536,0 101.528548211,1.694158108,0 101.528440366,1.694174924,0 101.528278598,1.694191509,0 101.528134805,1.694210669,0 101.527847218,1.694271229,0 101.52768545,1.694302557,0 101.527343941,1.694391098,0 101.527218121,1.694434933,0 101.527110276,1.69446615,0 101.526923998,1.694510474,0 101.526840663,1.694523459,0 101.526822689,1.694544478,0 101.526768656,1.694546648,0 101.526750792,1.694564735,0 101.526768767,1.694564735,0 101.526786741,1.694582823,0 101.526822689,1.694618997,0 101.526840663,1.694618997,0 101.526858638,1.694637084,0 101.526876612,1.694655171,0 101.526894586,1.694673259,0 101.52691256,1.694673259,0 101.526948508,1.694709433,0 101.526966483,1.69472752,0 101.526984457,1.69472752,0 101.527002431,1.694745608,0 101.527038379,1.694781782,0 101.527056354,1.694781782,0 101.527074328,1.694799869,0 101.527092302,1.694817957,0 101.527110276,1.694836044,0 101.527115047,1.694817957,0 101.52712825,1.694790602,0 101.527164199,1.694771464,0 101.527218121,1.694767389,0 101.527272044,1.694758068,0 101.52746976,1.694706933,0 101.527559631,1.694679876,0 101.527721399,1.694624796,0 101.528062908,1.694528,0 101.528386444,1.694456721,0 101.52845834,1.694444069,0 101.528727953,1.694404945,0 101.528817824,1.694387047,0 101.528889721,1.694369555,0 101.529087437,1.694311514,0 101.529392998,1.694211738,0 101.529860327,1.694075932,0 101.530237785,1.693949924,0 101.530507398,1.69388363,0 101.530669165,1.693848394,0 101.530723088,1.693833671,0 101.530794985,1.693807842,0 101.530938778,1.693739545,0 101.531010675,1.693711864,0 101.531064598,1.693696128,0 101.531294667,1.693642287,0 101.531370159,1.693621957,0 101.531711668,1.693506549,0 101.531945333,1.693401006,0 101.532089126,1.693340773,0 101.532340765,1.693202979,0 101.532394687,1.693180449,0 101.532430636,1.69316782,0 101.532466584,1.693160248,0 101.532556455,1.693160662,0 101.532574429,1.693172019,0 101.532574429,1.693153931,0 101.532538481,1.693117757,0 101.532520507,1.693117757,0 101.532502533,1.69309967,0 101.532484558,1.693081582,0 101.532430636,1.693027321,0 101.532412662,1.693009233,0 101.532394687,1.692991146,0 101.532376713,1.692991146,0 101.532322791,1.692936885,0 101.532304817,1.692918797,0 101.532286842,1.69290071,0 101.532250894,1.692864536,0 
						</coordinates>
					</LinearRing>
				</outerBoundaryIs>
			</Polygon>
		</Placemark>
		<Placemark>
			<name>16-18m</name>
			<styleUrl>#style.#FFCCFFFF..0.255</styleUrl>
			<Polygon>
				<tessellate>1</tessellate>
				<outerBoundaryIs>
					<LinearRing>
						<coordinates>
							101.526319412,1.68684367,0 101.526301438,1.686848758,0 101.526265489,1.686874574,0 101.526249982,1.686895749,0 101.526236193,1.686950011,0 101.526247245,1.687040447,0 101.526270579,1.687094709,0 101.526287743,1.687112796,0 101.526319412,1.687129753,0 101.52635536,1.687131541,0 101.526391309,1.687121251,0 101.526409283,1.687110816,0 101.526437361,1.687076621,0 101.526453175,1.68702236,0 101.526447468,1.686968098,0 101.526400817,1.686877662,0 101.52635536,1.686846218,0 101.526319412,1.68684367,0 
						</coordinates>
					</LinearRing>
				</outerBoundaryIs>
			</Polygon>
		</Placemark>
		<Placemark>
			<name>16-18m</name>
			<styleUrl>#style.#FFCCFFFF..0.255</styleUrl>
			<Polygon>
				<tessellate>1</tessellate>
				<outerBoundaryIs>
					<LinearRing>
						<coordinates>
							101.525456651,1.684882488,0 101.525420702,1.684890011,0 101.525384754,1.68491225,0 101.525348806,1.684953859,0 101.525308081,1.685032764,0 101.525278936,1.6851232,0 101.525267501,1.685195549,0 101.525299006,1.685304073,0 101.525312334,1.68532216,0 101.525348806,1.685350371,0 101.525474625,1.685424144,0 101.525600444,1.685560028,0 101.525618419,1.685568881,0 101.525654367,1.685577564,0 101.525708289,1.685580928,0 101.525816135,1.685578888,0 101.525834109,1.685582459,0 101.525848353,1.685593468,0 101.52585737,1.685611556,0 101.525864762,1.685665817,0 101.525857957,1.685756254,0 101.525834109,1.685817384,0 101.525792033,1.685864777,0 101.525744238,1.685889093,0 101.525690315,1.685897486,0 101.525528548,1.685878739,0 101.525438677,1.685859578,0 101.525348806,1.685825211,0 101.525187038,1.685730609,0 101.524953374,1.685621374,0 101.524881477,1.685596424,0 101.524791606,1.685583436,0 101.524665787,1.685579174,0 101.52459389,1.685561348,0 101.524557941,1.685557606,0 101.524521993,1.685562907,0 101.524491003,1.685575381,0 101.524486644,1.685593468,0 101.524492917,1.685611556,0 101.52453098,1.68564773,0 101.524611864,1.685698745,0 101.524646163,1.685738166,0 101.524653671,1.685774341,0 101.524651229,1.685882864,0 101.524693381,1.685937126,0 101.524719709,1.685955213,0 101.524755658,1.685968711,0 101.524863503,1.68598265,0 101.524917425,1.68599817,0 101.524953374,1.686017915,0 101.524989322,1.686051035,0 101.525005773,1.686081824,0 101.525043245,1.686210243,0 101.525061219,1.686249353,0 101.525097167,1.686278152,0 101.525169064,1.686304542,0 101.525192005,1.686316958,0 101.525210442,1.686335045,0 101.525219392,1.686353132,0 101.52522238,1.686389307,0 101.52520979,1.686425481,0 101.525192464,1.686443568,0 101.525169064,1.686453132,0 101.52515109,1.686454381,0 101.525115141,1.686443926,0 101.525079193,1.686415036,0 101.52502527,1.686359326,0 101.524971348,1.686323647,0 101.524881477,1.68628825,0 101.52475787,1.686226522,0 101.52459389,1.686122172,0 101.524504019,1.686072681,0 101.524396174,1.686024902,0 101.524288329,1.685958118,0 101.524206564,1.685919039,0 101.524126561,1.685893528,0 101.524000742,1.685874225,0 101.523928845,1.685876223,0 101.523874922,1.685891672,0 101.523838974,1.685911201,0 101.523806449,1.685937126,0 101.523794038,1.685955213,0 101.523791043,1.6859733,0 101.523799957,1.685991388,0 101.523821,1.685999678,0 101.523928845,1.686018715,0 101.523964793,1.686032495,0 101.52402035,1.686081824,0 101.524036407,1.686117998,0 101.524054664,1.686199767,0 101.524070779,1.686226522,0 101.524090613,1.686244609,0 101.524144535,1.68626825,0 101.524216432,1.686278453,0 101.524270354,1.686294564,0 101.52430442,1.686316958,0 101.524324277,1.686339691,0 101.524342507,1.686389307,0 101.524345163,1.68649783,0 101.524339655,1.686534005,0 101.524324277,1.686558031,0 101.524305683,1.686570179,0 101.524270354,1.68657677,0 101.524234406,1.686573123,0 101.524198458,1.686559591,0 101.52408374,1.686479743,0 101.523874922,1.686356469,0 101.523830441,1.686316958,0 101.523749103,1.686230232,0 101.523713155,1.686201676,0 101.523677206,1.68618373,0 101.523659232,1.686181504,0 101.523641258,1.686182922,0 101.523605309,1.686195361,0 101.523569361,1.686220304,0 101.523546615,1.686244609,0 101.523443542,1.686396959,0 101.5233595,1.68649783,0 101.523245826,1.686660174,0 101.523206751,1.68669679,0 101.523102032,1.686746333,0 101.523066084,1.686757131,0 101.523012161,1.686765914,0 101.52292229,1.686765232,0 101.522814445,1.686737775,0 101.522778497,1.686735832,0 101.522760523,1.686738676,0 101.522731196,1.686751051,0 101.5227066,1.686772269,0 101.522656554,1.686859575,0 101.522651239,1.686877662,0 101.522655374,1.686913836,0 101.522688626,1.68695604,0 101.522724574,1.686976489,0 101.522796471,1.686993396,0 101.522994187,1.687010995,0 101.523062176,1.68702236,0 101.523120006,1.687042445,0 101.523167887,1.687076621,0 101.523192974,1.687112796,0 101.523210473,1.687167058,0 101.523182971,1.687257494,0 101.523148214,1.687329843,0 101.523120006,1.687367138,0 101.523084058,1.687396259,0 101.52304811,1.687412211,0 101.523012161,1.687419099,0 101.522958239,1.687413461,0 101.522778497,1.687322945,0 101.522634703,1.687257842,0 101.522513378,1.687167058,0 101.522472936,1.687158349,0 101.522419013,1.687163495,0 101.522401039,1.687172539,0 101.522390956,1.687185145,0 101.522391806,1.687311756,0 101.522380745,1.687420279,0 101.52234005,1.687564977,0 101.522322832,1.687601151,0 101.522293194,1.687633477,0 101.522257245,1.687632481,0 101.522203323,1.68764171,0 101.5221494,1.687645525,0 101.522131426,1.687655413,0 101.522113452,1.687655413,0 101.522113452,1.687763936,0 101.522131426,1.687782024,0 101.522131426,1.687890547,0 101.5221494,1.687908634,0 101.5221494,1.688017158,0 101.522167374,1.688035245,0 101.522167374,1.688071419,0 101.522185349,1.688071419,0 101.522203323,1.688060071,0 101.522221297,1.688060071,0 101.522242267,1.688071419,0 101.522318263,1.688125681,0 101.522347116,1.688154045,0 101.522487277,1.688360815,0 101.522525574,1.688505513,0 101.522559922,1.688577862,0 101.522616729,1.688640471,0 101.522638697,1.688650211,0 101.522652677,1.688652513,0 101.522670652,1.688649834,0 101.522696614,1.688632123,0 101.522724574,1.688595179,0 101.522827995,1.688396989,0 101.522847486,1.688324641,0 101.522847094,1.688216117,0 101.522865252,1.688125681,0 101.522888739,1.688071419,0 101.52294319,1.68799907,0 101.522958239,1.687932751,0 101.522976213,1.687912654,0 101.522994187,1.687909495,0 101.523012161,1.687914926,0 101.523072075,1.687962896,0 101.523173929,1.688007152,0 101.523278539,1.688107594,0 101.523317722,1.688155679,0 101.52335427,1.688179943,0 101.523515439,1.688233288,0 101.523551387,1.688237649,0 101.523569361,1.68823187,0 101.523587335,1.688219347,0 101.523623284,1.688173525,0 101.523662512,1.688107594,0 101.523693886,1.688035245,0 101.52371299,1.687962896,0 101.52371529,1.687926721,0 101.523683198,1.687782024,0 101.523659232,1.687563913,0 101.523605309,1.687446003,0 101.523551387,1.687387496,0 101.523533413,1.687373633,0 101.523507268,1.687366017,0 101.523515439,1.687353097,0 101.523533413,1.687353959,0 101.523547793,1.68734793,0 101.523659232,1.687334812,0 101.523731129,1.687339783,0 101.523785051,1.687352863,0 101.523821,1.687367724,0 101.523856948,1.68739073,0 101.523966446,1.687492628,0 101.524018716,1.687528067,0 101.524090613,1.687558843,0 101.524234406,1.687606906,0 101.524270354,1.687615621,0 101.524306303,1.687614884,0 101.524324277,1.687608078,0 101.524342251,1.687594195,0 101.524375953,1.68754689,0 101.524384502,1.687528802,0 101.524387187,1.687492628,0 101.52434999,1.687402192,0 101.524288329,1.687319766,0 101.524265238,1.687275581,0 101.524284009,1.687203232,0 101.524293589,1.687130883,0 101.524306798,1.687094709,0 101.524360225,1.687030399,0 101.5243782,1.687022925,0 101.524396174,1.687020924,0 101.524432122,1.687028389,0 101.52446807,1.687044895,0 101.524618062,1.68714897,0 101.524764136,1.687203232,0 101.52482592,1.687239407,0 101.524897697,1.687311756,0 101.524949242,1.687402192,0 101.525043245,1.687509525,0 101.525079193,1.687533324,0 101.525097167,1.687536429,0 101.525133115,1.687528802,0 101.525169064,1.687502244,0 101.525205307,1.687456453,0 101.525231902,1.687402192,0 101.525268985,1.687275581,0 101.52529306,1.687239407,0 101.525358167,1.687167058,0 101.525376351,1.687094709,0 101.525388036,1.686931924,0 101.52538384,1.686895749,0 101.525363849,1.6868234,0 101.525323084,1.686751051,0 101.525316393,1.686714877,0 101.525335204,1.686678702,0 101.525367927,1.686642528,0 101.525432455,1.686552092,0 101.525462642,1.686479743,0 101.525458825,1.686371219,0 101.52540814,1.686190347,0 101.52540406,1.686136085,0 101.525411242,1.686117998,0 101.525438677,1.68610147,0 101.525456651,1.686097514,0 101.525510573,1.686095054,0 101.52555409,1.686099911,0 101.525618419,1.686117998,0 101.525744238,1.686174046,0 101.525967336,1.686371219,0 101.526080925,1.686515917,0 101.526121696,1.686580174,0 101.526164063,1.686606353,0 101.526193593,1.686612813,0 101.526229541,1.686613159,0 101.526265489,1.686606169,0 101.526301438,1.686590768,0 101.526391309,1.686524043,0 101.526409283,1.686517048,0 101.526445231,1.686476085,0 101.52648118,1.6864172,0 101.526495419,1.686371219,0 101.526504464,1.686262696,0 101.526501884,1.686208434,0 101.526467894,1.686099911,0 101.526477032,1.686045649,0 101.526499154,1.686031657,0 101.526535102,1.686024941,0 101.526571051,1.68603722,0 101.526642947,1.68603722,0 101.526642947,1.686027562,0 101.526624973,1.686009475,0 101.526624973,1.6859733,0 101.526606999,1.685955213,0 101.526606999,1.685937126,0 101.526589025,1.685919039,0 101.526589025,1.685882864,0 101.526571051,1.685864777,0 101.526571051,1.68584669,0 101.526553076,1.685828602,0 101.526553076,1.685792428,0 101.526535102,1.685774341,0 101.526535102,1.685738166,0 101.526517128,1.685720079,0 101.526517128,1.685575381,0 101.526499154,1.685557294,0 101.526499154,1.685490974,0 101.526427257,1.685490974,0 101.526409283,1.685486237,0 101.526391309,1.685491728,0 101.526375046,1.68552112,0 101.526379149,1.685575381,0 101.526363224,1.685611556,0 101.526342225,1.685629643,0 101.526282385,1.685665817,0 101.526247515,1.685676561,0 101.526211567,1.685669314,0 101.526175618,1.685653718,0 101.526139331,1.685629643,0 101.526106409,1.685593468,0 101.526088191,1.685557294,0 101.526089424,1.68552112,0 101.526117645,1.685484945,0 101.526157644,1.685456255,0 101.526193593,1.685437965,0 101.526229541,1.685426532,0 101.526301438,1.685422286,0 101.526344576,1.685376422,0 101.526351212,1.685358334,0 101.526345089,1.685340247,0 101.526319412,1.685309097,0 101.526301438,1.685269406,0 101.526284444,1.685249811,0 101.526265489,1.685239657,0 101.526247515,1.685248891,0 101.526229541,1.685246079,0 101.526157644,1.685225382,0 101.526121696,1.685204593,0 101.526031825,1.68512505,0 101.525998393,1.685105113,0 101.525959928,1.685093157,0 101.525870057,1.685079254,0 101.525816135,1.685065876,0 101.525672341,1.684967516,0 101.525510573,1.684891268,0 101.525456651,1.684882488,0 
						</coordinates>
					</LinearRing>
				</outerBoundaryIs>
				<innerBoundaryIs>
					<LinearRing>
						<coordinates>
							101.524647812,1.686625794,0 101.524683761,1.686627841,0 101.524719709,1.686643071,0 101.524744506,1.686678702,0 101.524750933,1.686732964,0 101.52474057,1.686841487,0 101.524719709,1.68688474,0 101.524683761,1.686896654,0 101.524629838,1.686881477,0 101.524552148,1.6868234,0 101.524521857,1.686769139,0 101.524516241,1.686732964,0 101.524522155,1.68669679,0 101.524531069,1.686678702,0 101.524557941,1.686652884,0 101.52459389,1.686636539,0 101.524647812,1.686625794,0 
						</coordinates>
					</LinearRing>
					<LinearRing>
						<coordinates>
							101.523964793,1.68675574,0 101.523982767,1.686756917,0 101.524009729,1.686769139,0 101.52403669,1.686790391,0 101.524071354,1.686841487,0 101.524073372,1.686859575,0 101.52403669,1.686877407,0 101.524000742,1.686878114,0 101.523964793,1.686865676,0 101.523946819,1.686844405,0 101.523941427,1.686805313,0 101.523946819,1.686773313,0 101.523964793,1.68675574,0 
						</coordinates>
					</LinearRing>
					<LinearRing>
						<coordinates>
							101.52502527,1.686679191,0 101.525061219,1.686681161,0 101.525104806,1.68669679,0 101.525130419,1.686714877,0 101.525146034,1.686732964,0 101.525147822,1.686751051,0 101.525135683,1.686769139,0 101.525086459,1.686805313,0 101.525043245,1.686828662,0 101.525007296,1.686835897,0 101.524971348,1.686828618,0 101.524953374,1.686817371,0 101.524935399,1.686794608,0 101.524931019,1.686769139,0 101.524941391,1.686732964,0 101.524956155,1.686714877,0 101.524989322,1.686690285,0 101.52502527,1.686679191,0 
						</coordinates>
					</LinearRing>
					<LinearRing>
						<coordinates>
							101.526229541,1.686055559,0 101.526265489,1.686062408,0 101.526301438,1.686081741,0 101.526316042,1.686099911,0 101.526371495,1.686208434,0 101.52637443,1.686262696,0 101.52635536,1.686305612,0 101.526319412,1.686334822,0 101.526283464,1.686344438,0 101.526247515,1.68634558,0 101.526193593,1.686335045,0 101.526157644,1.686320297,0 101.526121696,1.686296436,0 101.526087919,1.686262696,0 101.526049085,1.686208434,0 101.526042609,1.686190347,0 101.526051241,1.686154173,0 101.5260836,1.686117998,0 101.526121696,1.686088828,0 101.526157644,1.686068241,0 101.526193593,1.686057662,0 101.526229541,1.686055559,0 
						</coordinates>
					</LinearRing>
				</innerBoundaryIs>
			</Polygon>
		</Placemark>
		<Placemark>
			<name>16-18m</name>
			<styleUrl>#style.#FFCCFFFF..0.255</styleUrl>
			<Polygon>
				<tessellate>1</tessellate>
				<outerBoundaryIs>
					<LinearRing>
						<coordinates>
							101.539422595,1.69899447,0 101.539350698,1.69899447,0 101.53931475,1.698997268,0 101.539278802,1.699001717,0 101.539224879,1.69901326,0 101.539188931,1.699014899,0 101.539152982,1.699014401,0 101.539117034,1.699011663,0 101.539045137,1.699001358,0 101.539009189,1.698998402,0 101.53897324,1.698999121,0 101.538955266,1.699001166,0 101.538919318,1.699009035,0 101.538883369,1.699022282,0 101.538702997,1.69910463,0 101.538650439,1.699122717,0 101.538595782,1.699137463,0 101.53854186,1.699147618,0 101.538469963,1.699156649,0 101.538416041,1.699161575,0 101.538272247,1.699170507,0 101.53820035,1.699178805,0 101.538128454,1.699192676,0 101.538038583,1.699216782,0 101.537912763,1.699242381,0 101.537858841,1.699258119,0 101.537697073,1.699319667,0 101.537632089,1.699339764,0 101.537481383,1.699375554,0 101.537319615,1.699404846,0 101.537247718,1.699423985,0 101.537113863,1.699466375,0 101.537032028,1.699487934,0 101.536906209,1.6995177,0 101.536762415,1.699548565,0 101.536708493,1.699562792,0 101.536600648,1.699596662,0 101.536420906,1.699677699,0 101.536366983,1.699696222,0 101.536259138,1.699717472,0 101.535989525,1.699761486,0 101.535899654,1.699779887,0 101.535809783,1.699805804,0 101.535701938,1.699846558,0 101.535630041,1.69987048,0 101.535450299,1.699914017,0 101.53532448,1.699948029,0 101.535216635,1.699982359,0 101.53510879,1.700022874,0 101.535000945,1.700088166,0 101.534911074,1.700128627,0 101.5348931,1.70013354,0 101.534857151,1.700137698,0 101.534425771,1.700171122,0 101.534371848,1.700178202,0 101.5343359,1.700184959,0 101.534264003,1.700202916,0 101.534102235,1.700254704,0 101.533886545,1.700348127,0 101.533850597,1.700359695,0 101.533814648,1.700367795,0 101.533742752,1.700377866,0 101.533706803,1.700379275,0 101.533670855,1.700375951,0 101.533580984,1.7003574,0 101.53343719,1.700317523,0 101.533347319,1.700295576,0 101.533257449,1.70025886,0 101.533167578,1.70021025,0 101.533077707,1.700183968,0 101.533059732,1.700183968,0 101.533041758,1.700189864,0 101.533023784,1.700189864,0 101.533023784,1.700244126,0 101.53300581,1.700244126,0 101.53300581,1.700334562,0 101.532987836,1.700334562,0 101.532987836,1.700388823,0 101.53300581,1.700388823,0 101.533023784,1.700372035,0 101.533041758,1.700372035,0 101.533131629,1.700398317,0 101.533203526,1.700434891,0 101.533293397,1.700465671,0 101.533329345,1.700472907,0 101.533401242,1.700482603,0 101.533616932,1.700530739,0 101.533634906,1.700533119,0 101.533670855,1.700533977,0 101.533724777,1.700528374,0 101.533796674,1.700515577,0 101.533850597,1.700501922,0 101.533940468,1.700473028,0 101.53399439,1.700445911,0 101.534102235,1.700375522,0 101.534156158,1.700352984,0 101.534192106,1.700344392,0 101.534228055,1.700338725,0 101.534371848,1.700332475,0 101.534911074,1.700288593,0 101.534964996,1.700271996,0 101.535018919,1.700248584,0 101.535126764,1.700182752,0 101.53529188,1.700099428,0 101.535378403,1.70006502,0 101.535468274,1.700034457,0 101.53566599,1.699980444,0 101.535791809,1.699938333,0 101.53588168,1.699913461,0 101.536007499,1.69988779,0 101.536313061,1.699832499,0 101.536384957,1.699816492,0 101.53643888,1.699798056,0 101.536546725,1.699751453,0 101.536698895,1.699701509,0 101.536852286,1.699645036,0 101.537085951,1.699580131,0 101.537157847,1.699564477,0 101.537301641,1.699538619,0 101.537362226,1.699520636,0 101.537499357,1.699474047,0 101.537715047,1.699421281,0 101.53776897,1.699403859,0 101.537912763,1.699347967,0 101.537966686,1.699331767,0 101.538236299,1.699274396,0 101.538308195,1.699260893,0 101.538416041,1.699247176,0 101.538595782,1.69923248,0 101.538685653,1.699218109,0 101.538765231,1.699195066,0 101.538919318,1.699131079,0 101.53897324,1.699114277,0 101.539009189,1.699108984,0 101.539027163,1.699108104,0 101.539117034,1.69911276,0 101.539152982,1.699112614,0 101.539188931,1.699109925,0 101.539224879,1.699104015,0 101.539296776,1.699080644,0 101.539332724,1.699072334,0 101.539386647,1.699063949,0 101.539440569,1.699063949,0 101.539458543,1.699068456,0 101.539440569,1.699050368,0 101.539440569,1.699014194,0 101.539422595,1.698996107,0 101.539422595,1.69899447,0 
						</coordinates>
					</LinearRing>
				</outerBoundaryIs>
			</Polygon>
		</Placemark>
		<Placemark>
			<name>16-18m</name>
			<styleUrl>#style.#FFCCFFFF..0.255</styleUrl>
			<Polygon>
				<tessellate>1</tessellate>
				<outerBoundaryIs>
					<LinearRing>
						<coordinates>
							101.524701735,1.671831276,0 101.524611864,1.671832842,0 101.524575916,1.671846936,0 101.524539967,1.671877054,0 101.524474879,1.671955694,0 101.524378627,1.672118479,0 101.524341025,1.672208916,0 101.52431192,1.672335526,0 101.524247558,1.672462137,0 101.524230687,1.672516399,0 101.524232249,1.672534486,0 101.52425238,1.672562371,0 101.524342251,1.672613052,0 101.524415645,1.672661096,0 101.524424633,1.672679184,0 101.524412766,1.672697271,0 101.524380596,1.672715358,0 101.524342251,1.67273124,0 101.524306303,1.672739905,0 101.52425238,1.672747986,0 101.524216432,1.672749649,0 101.524162509,1.672743648,0 101.524054664,1.672694488,0 101.524000742,1.672683569,0 101.523964793,1.672682117,0 101.523928845,1.672685966,0 101.523856948,1.672706315,0 101.523821,1.672721935,0 101.523785051,1.672743846,0 101.523741801,1.672787707,0 101.523719831,1.672841969,0 101.523702884,1.672950492,0 101.523677206,1.672983987,0 101.523659232,1.67299458,0 101.523641258,1.672998725,0 101.523623284,1.67299837,0 101.523605309,1.672993385,0 101.523569361,1.672969675,0 101.523503955,1.672860056,0 101.523441744,1.672805794,0 101.523353671,1.672764055,0 101.523299748,1.672749121,0 101.523245826,1.672743541,0 101.523191903,1.672749768,0 101.523137981,1.672766973,0 101.523012161,1.672817715,0 101.522926035,1.672860056,0 101.522814445,1.672903744,0 101.52249091,1.672999586,0 101.522383065,1.67302465,0 101.522311168,1.673036673,0 101.522239271,1.673043015,0 101.522185349,1.673043888,0 101.52193371,1.673036457,0 101.521861813,1.673040725,0 101.521789916,1.673054146,0 101.521736574,1.673077103,0 101.521646123,1.673140408,0 101.521574226,1.673180889,0 101.521448407,1.673234086,0 101.521394484,1.67326134,0 101.521290491,1.673330324,0 101.521260677,1.673366499,0 101.521162618,1.673529284,0 101.521052975,1.673628763,0 101.521014459,1.673673982,0 101.520954545,1.673764418,0 101.520891207,1.673818887,0 101.52081931,1.673859271,0 101.520747414,1.673892739,0 101.520711465,1.67390486,0 101.520639568,1.673919968,0 101.520621594,1.673921037,0 101.520585646,1.673913834,0 101.520549697,1.673952416,0 101.520459827,1.673968425,0 101.520441852,1.673968425,0 101.520423878,1.673981465,0 101.520405904,1.673963377,0 101.520405904,1.674108075,0 101.520423878,1.674126162,0 101.520423878,1.67427086,0 101.520441852,1.674288948,0 101.520441852,1.674433645,0 101.520459827,1.674451733,0 101.520459827,1.674505994,0 101.520477801,1.674524082,0 101.520495775,1.674519622,0 101.520531723,1.674520558,0 101.520549697,1.674524892,0 101.520657543,1.674576308,0 101.520729439,1.674666133,0 101.520765388,1.674702693,0 101.520801336,1.674729248,0 101.520855259,1.674757571,0 101.520909181,1.67477383,0 101.520999052,1.674786026,0 101.521070949,1.674789797,0 101.521106897,1.674787655,0 101.521142846,1.674781091,0 101.521196768,1.674762725,0 101.521232717,1.674742315,0 101.521277739,1.674704954,0 101.521326582,1.674650692,0 101.52139285,1.674524082,0 101.521407799,1.674397471,0 101.521413956,1.674379384,0 101.521430433,1.674366949,0 101.521448407,1.674369518,0 101.521484355,1.674389363,0 101.521580218,1.67446982,0 101.521628149,1.674501336,0 101.521677578,1.674524082,0 101.521735994,1.674540031,0 101.521771942,1.674546515,0 101.521789916,1.674547318,0 101.521843839,1.674547653,0 101.521987633,1.67454268,0 101.522059529,1.674545254,0 101.522113452,1.674541937,0 101.522167374,1.674530803,0 101.522221297,1.674509691,0 101.522259218,1.674487907,0 101.522313308,1.674451733,0 101.522348663,1.674415558,0 101.522359486,1.674397471,0 101.522363644,1.674361296,0 101.522352179,1.674216599,0 101.522367337,1.674180424,0 101.522401039,1.674132862,0 101.522436987,1.674107193,0 101.522526858,1.674081889,0 101.522670652,1.674047192,0 101.522760523,1.674029371,0 101.522850394,1.674015858,0 101.523120006,1.673981364,0 101.523209877,1.6739721,0 101.523299748,1.673968119,0 101.523407593,1.673973243,0 101.523443542,1.673969708,0 101.52347949,1.673951319,0 101.523510128,1.673909116,0 101.523532793,1.673800592,0 101.523551087,1.673764418,0 101.523588281,1.673728243,0 101.523623284,1.673708232,0 101.523659232,1.67369448,0 101.523677206,1.673692069,0 101.52369518,1.673692891,0 101.523713155,1.673697116,0 101.523909011,1.673800592,0 101.523964793,1.673821263,0 101.524018716,1.673828987,0 101.52417689,1.673836767,0 101.524270354,1.673856169,0 101.524306303,1.673856778,0 101.524324277,1.673853315,0 101.524356897,1.673836767,0 101.5243782,1.673816268,0 101.524500097,1.67361972,0 101.524539967,1.673588197,0 101.524584261,1.673565458,0 101.524629838,1.673550385,0 101.524665787,1.673542785,0 101.52480958,1.673523889,0 101.524827554,1.673518495,0 101.524845528,1.673509388,0 101.524881477,1.673475022,0 101.524953374,1.673442213,0 101.524971348,1.67342478,0 101.525043245,1.67342478,0 101.525043245,1.67342076,0 101.52502527,1.673402673,0 101.52502527,1.673257975,0 101.525007296,1.673239888,0 101.525007296,1.67309519,0 101.524989322,1.673077103,0 101.524989322,1.672932405,0 101.524971348,1.672914318,0 101.524971348,1.67276962,0 101.524953374,1.672751533,0 101.524953374,1.672588747,0 101.524935399,1.67257066,0 101.524935399,1.672425962,0 101.524917425,1.672407875,0 101.524917425,1.672263177,0 101.524899451,1.67224509,0 101.524899451,1.672100392,0 101.524881477,1.672082305,0 101.524881477,1.67191952,0 101.524863503,1.671901433,0 101.524863503,1.671866741,0 101.524791606,1.671866741,0 101.524737683,1.671839462,0 101.524701735,1.671831276,0 
						</coordinates>
					</LinearRing>
				</outerBoundaryIs>
			</Polygon>
		</Placemark>
		<Placemark>
			<name>16-18m</name>
			<styleUrl>#style.#FFCCFFFF..0.255</styleUrl>
			<Polygon>
				<tessellate>1</tessellate>
				<outerBoundaryIs>
					<LinearRing>
						<coordinates>
							101.525564496,1.687213673,0 101.525536718,1.687221319,0 101.525510573,1.687237633,0 101.52550905,1.687257494,0 101.525532055,1.687329843,0 101.525564496,1.687368052,0 101.525600444,1.687389305,0 101.525618419,1.687390215,0 101.525636393,1.687383539,0 101.525654766,1.687366017,0 101.525679099,1.687311756,0 101.525679976,1.687257494,0 101.525671475,1.687239407,0 101.525618419,1.687216354,0 101.525564496,1.687213673,0 
						</coordinates>
					</LinearRing>
				</outerBoundaryIs>
			</Polygon>
		</Placemark>
		<Placemark>
			<name>16-18m</name>
			<styleUrl>#style.#FFCCFFFF..0.255</styleUrl>
			<Polygon>
				<tessellate>1</tessellate>
				<outerBoundaryIs>
					<LinearRing>
						<coordinates>
							101.522221297,1.687073881,0 101.522199471,1.687094709,0 101.522203323,1.687115875,0 101.522221297,1.68713413,0 101.522239271,1.687136134,0 101.522245263,1.687130883,0 101.522252153,1.687112796,0 101.522245631,1.687094709,0 101.522221297,1.687073881,0 
						</coordinates>
					</LinearRing>
				</outerBoundaryIs>
			</Polygon>
		</Placemark>
		<Placemark>
			<name>18-20m</name>
			<styleUrl>#style.#FF8CC8FF..0.255</styleUrl>
			<Polygon>
				<tessellate>1</tessellate>
				<outerBoundaryIs>
					<LinearRing>
						<coordinates>
							101.523389619,1.676680847,0 101.523353671,1.676687202,0 101.523335697,1.676697169,0 101.523317722,1.676714157,0 101.523298649,1.676748811,0 101.523299748,1.676824017,0 101.523309937,1.676947771,0 101.523327275,1.67702012,0 101.523382429,1.677146731,0 101.523425568,1.677207745,0 101.523443542,1.677219248,0 101.52347949,1.677221452,0 101.523641258,1.677190343,0 101.523677206,1.677175827,0 101.52369518,1.677157181,0 101.523707721,1.677128643,0 101.523713155,1.677073672,0 101.523677206,1.67703006,0 101.523569361,1.676974979,0 101.523515439,1.676925543,0 101.52348234,1.676857335,0 101.523473558,1.676748811,0 101.523443542,1.676703901,0 101.523425568,1.676691045,0 101.523389619,1.676680847,0 
						</coordinates>
					</LinearRing>
				</outerBoundaryIs>
			</Polygon>
		</Placemark>
		<Placemark>
			<name>18-20m</name>
			<styleUrl>#style.#FF8CC8FF..0.255</styleUrl>
			<Polygon>
				<tessellate>1</tessellate>
				<outerBoundaryIs>
					<LinearRing>
						<coordinates>
							101.521448407,1.675836411,0 101.521378144,1.67584445,0 101.521275578,1.675862537,0 101.521196768,1.675883208,0 101.521142846,1.67590474,0 101.521106897,1.675925146,0 101.521073517,1.675952973,0 101.521044986,1.676007235,0 101.520986389,1.676079584,0 101.520967173,1.676115758,0 101.520948018,1.676188107,0 101.520947549,1.676206194,0 101.520963104,1.676239957,0 101.520981078,1.67625176,0 101.521017026,1.676262523,0 101.521088923,1.676263722,0 101.521142846,1.676253738,0 101.52137651,1.676230225,0 101.521430433,1.676215238,0 101.521484355,1.676188107,0 101.521526023,1.676151933,0 101.521569628,1.676097671,0 101.521591324,1.676061497,0 101.521606288,1.676007235,0 101.521602773,1.67597106,0 101.521569324,1.675898711,0 101.521546186,1.675862537,0 101.521520304,1.675845546,0 101.521484355,1.675837493,0 101.521448407,1.675836411,0 
						</coordinates>
					</LinearRing>
				</outerBoundaryIs>
			</Polygon>
		</Placemark>
		<Placemark>
			<name>18-20m</name>
			<styleUrl>#style.#FF8CC8FF..0.255</styleUrl>
			<Polygon>
				<tessellate>1</tessellate>
				<outerBoundaryIs>
					<LinearRing>
						<coordinates>
							101.524647812,1.686625794,0 101.52459389,1.686636539,0 101.524557941,1.686652884,0 101.524531069,1.686678702,0 101.524522155,1.68669679,0 101.524516241,1.686732964,0 101.524521857,1.686769139,0 101.524552148,1.6868234,0 101.524629838,1.686881477,0 101.524683761,1.686896654,0 101.524719709,1.68688474,0 101.52474057,1.686841487,0 101.524750933,1.686732964,0 101.524744506,1.686678702,0 101.524719709,1.686643071,0 101.524683761,1.686627841,0 101.524647812,1.686625794,0 
						</coordinates>
					</LinearRing>
				</outerBoundaryIs>
			</Polygon>
		</Placemark>
		<Placemark>
			<name>18-20m</name>
			<styleUrl>#style.#FF8CC8FF..0.255</styleUrl>
			<Polygon>
				<tessellate>1</tessellate>
				<outerBoundaryIs>
					<LinearRing>
						<coordinates>
							101.532574429,1.693153931,0 101.532574429,1.693172019,0 101.532556455,1.693160662,0 101.532466584,1.693160248,0 101.532430636,1.69316782,0 101.532394687,1.693180449,0 101.532340765,1.693202979,0 101.532089126,1.693340773,0 101.531945333,1.693401006,0 101.531711668,1.693506549,0 101.531370159,1.693621957,0 101.531294667,1.693642287,0 101.531064598,1.693696128,0 101.531010675,1.693711864,0 101.530938778,1.693739545,0 101.530794985,1.693807842,0 101.530723088,1.693833671,0 101.530669165,1.693848394,0 101.530507398,1.69388363,0 101.530237785,1.693949924,0 101.529860327,1.694075932,0 101.529392998,1.694211738,0 101.529087437,1.694311514,0 101.528889721,1.694369555,0 101.528817824,1.694387047,0 101.528727953,1.694404945,0 101.52845834,1.694444069,0 101.528386444,1.694456721,0 101.528062908,1.694528,0 101.527721399,1.694624796,0 101.527559631,1.694679876,0 101.52746976,1.694706933,0 101.527272044,1.694758068,0 101.527218121,1.694767389,0 101.527164199,1.694771464,0 101.52712825,1.694790602,0 101.527115047,1.694817957,0 101.527110276,1.694836044,0 101.52712825,1.694836044,0 101.527146225,1.694854131,0 101.527182173,1.694890305,0 101.527200147,1.694908393,0 101.527218121,1.694908393,0 101.527236095,1.69492648,0 101.52725407,1.694944567,0 101.527272044,1.694962654,0 101.527290018,1.694962654,0 101.527307992,1.694980742,0 101.527325966,1.694998829,0 101.527343941,1.695016916,0 101.527361915,1.695016916,0 101.527379889,1.695035003,0 101.527397863,1.695053091,0 101.527415837,1.695071178,0 101.527416905,1.695053091,0 101.527420518,1.695016916,0 101.527451786,1.694985194,0 101.527667476,1.694913644,0 101.527919115,1.694849002,0 101.528170753,1.69478048,0 101.528278598,1.694739671,0 101.528350495,1.694717185,0 101.528638082,1.694652297,0 101.528709979,1.69464148,0 101.528835798,1.694631579,0 101.528907695,1.694623328,0 101.528961618,1.694613647,0 101.529069463,1.694588441,0 101.529267179,1.694537533,0 101.529500843,1.694467829,0 101.529752482,1.694404624,0 101.529860327,1.694374899,0 101.53000412,1.694328801,0 101.530219811,1.694251382,0 101.530489424,1.694166348,0 101.530579294,1.694145441,0 101.530777011,1.694115049,0 101.530884856,1.694093052,0 101.530993622,1.694058293,0 101.531136494,1.693996987,0 101.531226365,1.69396535,0 101.531478004,1.693909556,0 101.531837488,1.693819075,0 101.532035204,1.693779357,0 101.532071152,1.693769361,0 101.532117994,1.69375081,0 101.532161023,1.693724282,0 101.5322973,1.693606112,0 101.532371944,1.69355185,0 101.532520507,1.693466052,0 101.532574429,1.693441788,0 101.532592404,1.693437298,0 101.532628352,1.693434119,0 101.532646326,1.693433723,0 101.532682274,1.693437545,0 101.532772145,1.693457641,0 101.532897965,1.693496788,0 101.532933913,1.693496788,0 101.532951887,1.693497589,0 101.532951887,1.693479501,0 101.532933913,1.693479501,0 101.532879991,1.69342524,0 101.532862016,1.693407153,0 101.532844042,1.693389065,0 101.532826068,1.693370978,0 101.532808094,1.693370978,0 101.53279012,1.693352891,0 101.532772145,1.693334804,0 101.532754171,1.693316716,0 101.532700249,1.693262455,0 101.532682274,1.693244367,0 101.5326643,1.693244367,0 101.532592404,1.693172019,0 101.532574429,1.693153931,0 
						</coordinates>
					</LinearRing>
				</outerBoundaryIs>
			</Polygon>
		</Placemark>
		<Placemark>
			<name>18-20m</name>
			<styleUrl>#style.#FF8CC8FF..0.255</styleUrl>
			<Polygon>
				<tessellate>1</tessellate>
				<outerBoundaryIs>
					<LinearRing>
						<coordinates>
							101.526229541,1.686055559,0 101.526193593,1.686057662,0 101.526157644,1.686068241,0 101.526121696,1.686088828,0 101.5260836,1.686117998,0 101.526051241,1.686154173,0 101.526042609,1.686190347,0 101.526049085,1.686208434,0 101.526087919,1.686262696,0 101.526121696,1.686296436,0 101.526157644,1.686320297,0 101.526193593,1.686335045,0 101.526247515,1.68634558,0 101.526283464,1.686344438,0 101.526319412,1.686334822,0 101.52635536,1.686305612,0 101.52637443,1.686262696,0 101.526371495,1.686208434,0 101.526316042,1.686099911,0 101.526301438,1.686081741,0 101.526265489,1.686062408,0 101.526229541,1.686055559,0 
						</coordinates>
					</LinearRing>
				</outerBoundaryIs>
			</Polygon>
		</Placemark>
		<Placemark>
			<name>18-20m</name>
			<styleUrl>#style.#FF8CC8FF..0.255</styleUrl>
			<Polygon>
				<tessellate>1</tessellate>
				<outerBoundaryIs>
					<LinearRing>
						<coordinates>
							101.525618419,1.68431028,0 101.525600444,1.684313043,0 101.525564496,1.684331747,0 101.525438677,1.684477189,0 101.525402728,1.684504875,0 101.52536678,1.684518846,0 101.525330832,1.684522015,0 101.525276909,1.684512011,0 101.525240961,1.68449611,0 101.525167302,1.684453973,0 101.525115141,1.684431446,0 101.525061219,1.684412439,0 101.525043245,1.684409942,0 101.52502527,1.684413028,0 101.525007296,1.684422999,0 101.524989322,1.684442311,0 101.524971348,1.684477179,0 101.524937387,1.684598671,0 101.52493644,1.684652932,0 101.524943028,1.684689107,0 101.524961229,1.684725281,0 101.525037014,1.684815717,0 101.525051522,1.684851892,0 101.525055919,1.684888066,0 101.52504636,1.684924241,0 101.525014303,1.684978503,0 101.524989322,1.685004254,0 101.524953374,1.685028372,0 101.524910512,1.685050851,0 101.524791606,1.685100363,0 101.5245869,1.685177462,0 101.52437866,1.685249811,0 101.52425238,1.685318218,0 101.524180483,1.685349397,0 101.524072638,1.685380747,0 101.523946819,1.685407306,0 101.523910871,1.685411476,0 101.523874922,1.6854091,0 101.523838974,1.685400587,0 101.523767077,1.685368597,0 101.523726154,1.685340247,0 101.523659232,1.685282808,0 101.523533413,1.68516137,0 101.523497464,1.685138118,0 101.52347949,1.685132244,0 101.523461516,1.685132764,0 101.523443542,1.685140852,0 101.523407593,1.685174903,0 101.523353671,1.685261116,0 101.523310059,1.685376422,0 101.523267642,1.685611556,0 101.523240777,1.685665817,0 101.523209877,1.685700545,0 101.523173929,1.685729458,0 101.522977811,1.68584669,0 101.522850394,1.685932527,0 101.522796471,1.685961845,0 101.522724574,1.685983988,0 101.522587521,1.686009475,0 101.522317458,1.686081824,0 101.522267615,1.686099911,0 101.5221494,1.686154173,0 101.522059529,1.686214542,0 101.521969658,1.686234599,0 101.521951684,1.686234599,0 101.52193371,1.686244609,0 101.521915736,1.686244609,0 101.521915736,1.686298871,0 101.52193371,1.686316958,0 101.52193371,1.686443568,0 101.521951684,1.686461656,0 101.521951684,1.686606353,0 101.521969658,1.686624441,0 101.521969658,1.686751051,0 101.521987633,1.686769139,0 101.521987633,1.686877662,0 101.522005607,1.686895749,0 101.522005607,1.687004273,0 101.522023581,1.68702236,0 101.522023581,1.687130883,0 101.522041555,1.68714897,0 101.522041555,1.687257494,0 101.522059529,1.687275581,0 101.522059529,1.687384104,0 101.522077503,1.687402192,0 101.522077503,1.687510715,0 101.522095478,1.687528802,0 101.522095478,1.687637326,0 101.522113452,1.687655413,0 101.522131426,1.687655413,0 101.5221494,1.687645525,0 101.522203323,1.68764171,0 101.522257245,1.687632481,0 101.522293194,1.687633477,0 101.522322832,1.687601151,0 101.52234005,1.687564977,0 101.522380745,1.687420279,0 101.522391806,1.687311756,0 101.522390956,1.687185145,0 101.522401039,1.687172539,0 101.522419013,1.687163495,0 101.522472936,1.687158349,0 101.522513378,1.687167058,0 101.522634703,1.687257842,0 101.522778497,1.687322945,0 101.522958239,1.687413461,0 101.523012161,1.687419099,0 101.52304811,1.687412211,0 101.523084058,1.687396259,0 101.523120006,1.687367138,0 101.523148214,1.687329843,0 101.523182971,1.687257494,0 101.523210473,1.687167058,0 101.523192974,1.687112796,0 101.523167887,1.687076621,0 101.523120006,1.687042445,0 101.523062176,1.68702236,0 101.522994187,1.687010995,0 101.522796471,1.686993396,0 101.522724574,1.686976489,0 101.522688626,1.68695604,0 101.522655374,1.686913836,0 101.522651239,1.686877662,0 101.522656554,1.686859575,0 101.5227066,1.686772269,0 101.522731196,1.686751051,0 101.522760523,1.686738676,0 101.522778497,1.686735832,0 101.522814445,1.686737775,0 101.52292229,1.686765232,0 101.523012161,1.686765914,0 101.523066084,1.686757131,0 101.523102032,1.686746333,0 101.523206751,1.68669679,0 101.523245826,1.686660174,0 101.5233595,1.68649783,0 101.523443542,1.686396959,0 101.523546615,1.686244609,0 101.523569361,1.686220304,0 101.523605309,1.686195361,0 101.523641258,1.686182922,0 101.523659232,1.686181504,0 101.523677206,1.68618373,0 101.523713155,1.686201676,0 101.523749103,1.686230232,0 101.523830441,1.686316958,0 101.523874922,1.686356469,0 101.52408374,1.686479743,0 101.524198458,1.686559591,0 101.524234406,1.686573123,0 101.524270354,1.68657677,0 101.524305683,1.686570179,0 101.524324277,1.686558031,0 101.524339655,1.686534005,0 101.524345163,1.68649783,0 101.524342507,1.686389307,0 101.524324277,1.686339691,0 101.52430442,1.686316958,0 101.524270354,1.686294564,0 101.524216432,1.686278453,0 101.524144535,1.68626825,0 101.524090613,1.686244609,0 101.524070779,1.686226522,0 101.524054664,1.686199767,0 101.524036407,1.686117998,0 101.52402035,1.686081824,0 101.523964793,1.686032495,0 101.523928845,1.686018715,0 101.523821,1.685999678,0 101.523799957,1.685991388,0 101.523791043,1.6859733,0 101.523794038,1.685955213,0 101.523806449,1.685937126,0 101.523838974,1.685911201,0 101.523874922,1.685891672,0 101.523928845,1.685876223,0 101.524000742,1.685874225,0 101.524126561,1.685893528,0 101.524206564,1.685919039,0 101.524288329,1.685958118,0 101.524396174,1.686024902,0 101.524504019,1.686072681,0 101.52459389,1.686122172,0 101.52475787,1.686226522,0 101.524881477,1.68628825,0 101.524971348,1.686323647,0 101.52502527,1.686359326,0 101.525079193,1.686415036,0 101.525115141,1.686443926,0 101.52515109,1.686454381,0 101.525169064,1.686453132,0 101.525192464,1.686443568,0 101.52520979,1.686425481,0 101.52522238,1.686389307,0 101.525219392,1.686353132,0 101.525210442,1.686335045,0 101.525192005,1.686316958,0 101.525169064,1.686304542,0 101.525097167,1.686278152,0 101.525061219,1.686249353,0 101.525043245,1.686210243,0 101.525005773,1.686081824,0 101.524989322,1.686051035,0 101.524953374,1.686017915,0 101.524917425,1.68599817,0 101.524863503,1.68598265,0 101.524755658,1.685968711,0 101.524719709,1.685955213,0 101.524693381,1.685937126,0 101.524651229,1.685882864,0 101.524653671,1.685774341,0 101.524646163,1.685738166,0 101.524611864,1.685698745,0 101.52453098,1.68564773,0 101.524492917,1.685611556,0 101.524486644,1.685593468,0 101.524491003,1.685575381,0 101.524521993,1.685562907,0 101.524557941,1.685557606,0 101.52459389,1.685561348,0 101.524665787,1.685579174,0 101.524791606,1.685583436,0 101.524881477,1.685596424,0 101.524953374,1.685621374,0 101.525187038,1.685730609,0 101.525348806,1.685825211,0 101.525438677,1.685859578,0 101.525528548,1.685878739,0 101.525690315,1.685897486,0 101.525744238,1.685889093,0 101.525792033,1.685864777,0 101.525834109,1.685817384,0 101.525857957,1.685756254,0 101.525864762,1.685665817,0 101.52585737,1.685611556,0 101.525848353,1.685593468,0 101.525834109,1.685582459,0 101.525816135,1.685578888,0 101.525708289,1.685580928,0 101.525654367,1.685577564,0 101.525618419,1.685568881,0 101.525600444,1.685560028,0 101.525474625,1.685424144,0 101.525348806,1.685350371,0 101.525312334,1.68532216,0 101.525299006,1.685304073,0 101.525267501,1.685195549,0 101.525278936,1.6851232,0 101.525308081,1.685032764,0 101.525348806,1.684953859,0 101.525384754,1.68491225,0 101.525420702,1.684890011,0 101.525456651,1.684882488,0 101.525510573,1.684891268,0 101.525672341,1.684967516,0 101.525816135,1.685065876,0 101.525870057,1.685079254,0 101.525959928,1.685093157,0 101.525998393,1.685105113,0 101.526031825,1.68512505,0 101.526121696,1.685204593,0 101.526157644,1.685225382,0 101.526229541,1.685246079,0 101.526247515,1.685248891,0 101.526265489,1.685239657,0 101.526284444,1.685249811,0 101.526301438,1.685269406,0 101.526319412,1.685309097,0 101.526345089,1.685340247,0 101.526351212,1.685358334,0 101.526344576,1.685376422,0 101.526301438,1.685422286,0 101.526229541,1.685426532,0 101.526193593,1.685437965,0 101.526157644,1.685456255,0 101.526117645,1.685484945,0 101.526089424,1.68552112,0 101.526088191,1.685557294,0 101.526106409,1.685593468,0 101.526139331,1.685629643,0 101.526175618,1.685653718,0 101.526211567,1.685669314,0 101.526247515,1.685676561,0 101.526282385,1.685665817,0 101.526342225,1.685629643,0 101.526363224,1.685611556,0 101.526379149,1.685575381,0 101.526375046,1.68552112,0 101.526391309,1.685491728,0 101.526409283,1.685486237,0 101.526427257,1.685490974,0 101.526499154,1.685490974,0 101.526499154,1.685412596,0 101.52648118,1.685394509,0 101.52648118,1.685231724,0 101.526463205,1.685213637,0 101.526463205,1.685068939,0 101.526445231,1.685050851,0 101.526445231,1.684906154,0 101.526427257,1.684888066,0 101.526427257,1.684725281,0 101.526409283,1.684707194,0 101.526409283,1.684623176,0 101.526337386,1.684623176,0 101.526301438,1.684617064,0 101.526247515,1.6846188,0 101.526211567,1.684612172,0 101.526193593,1.684615185,0 101.52613967,1.684640874,0 101.526103722,1.684652932,0 101.526067773,1.684659425,0 101.526031825,1.684661418,0 101.525995876,1.68465955,0 101.525941954,1.684650592,0 101.525852083,1.684627024,0 101.525816135,1.684608719,0 101.525780186,1.684572143,0 101.525758659,1.684526322,0 101.525742558,1.684453973,0 101.525722489,1.684399711,0 101.525690315,1.684346159,0 101.525672656,1.684327362,0 101.525636393,1.684311313,0 101.525618419,1.68431028,0 
						</coordinates>
					</LinearRing>
				</outerBoundaryIs>
				<innerBoundaryIs>
					<LinearRing>
						<coordinates>
							101.522221297,1.687073881,0 101.522245631,1.687094709,0 101.522252153,1.687112796,0 101.522245263,1.687130883,0 101.522239271,1.687136134,0 101.522221297,1.68713413,0 101.522203323,1.687115875,0 101.522199471,1.687094709,0 101.522221297,1.687073881,0 
						</coordinates>
					</LinearRing>
				</innerBoundaryIs>
			</Polygon>
		</Placemark>
		<Placemark>
			<name>18-20m</name>
			<styleUrl>#style.#FF8CC8FF..0.255</styleUrl>
			<Polygon>
				<tessellate>1</tessellate>
				<outerBoundaryIs>
					<LinearRing>
						<coordinates>
							101.538955266,1.698879063,0 101.538919318,1.698881767,0 101.538883369,1.698889221,0 101.538847421,1.698900847,0 101.538703628,1.698961051,0 101.538558477,1.699014194,0 101.538505911,1.69902703,0 101.538451989,1.699034542,0 101.538398066,1.699034971,0 101.538344144,1.699030194,0 101.538236299,1.699005892,0 101.538182376,1.698997722,0 101.538146428,1.698996968,0 101.538128454,1.698998256,0 101.538092505,1.699004256,0 101.538002634,1.699032775,0 101.537840866,1.699064436,0 101.537750996,1.699094725,0 101.537679099,1.699124506,0 101.537625176,1.699137825,0 101.537499357,1.699181757,0 101.537445434,1.699191893,0 101.537319615,1.699201363,0 101.537265692,1.699212049,0 101.537229744,1.699224751,0 101.537193796,1.699241922,0 101.537067976,1.699321677,0 101.537014054,1.699346012,0 101.536942157,1.699367052,0 101.536834312,1.699392771,0 101.536726467,1.699406117,0 101.536618622,1.699426703,0 101.536564699,1.699446458,0 101.536474828,1.699491297,0 101.536384957,1.699528699,0 101.536349009,1.699536364,0 101.536313061,1.699538829,0 101.536115344,1.699537632,0 101.536025473,1.699542565,0 101.535971551,1.699549711,0 101.535917628,1.699559825,0 101.535827757,1.699582878,0 101.535755861,1.699606458,0 101.535683964,1.699635189,0 101.535576119,1.699692103,0 101.535465038,1.699737683,0 101.535252583,1.69980902,0 101.53510879,1.699850519,0 101.535072842,1.699863097,0 101.534875125,1.699964121,0 101.534821203,1.699973775,0 101.534731332,1.699981316,0 101.534659435,1.69998333,0 101.534479693,1.699984122,0 101.534425771,1.69998722,0 101.534389822,1.699992735,0 101.534353874,1.700002305,0 101.534317926,1.700016819,0 101.534180929,1.700099428,0 101.53412021,1.700127752,0 101.534066287,1.700143803,0 101.533958442,1.700162779,0 101.533814648,1.700205294,0 101.5337787,1.700213603,0 101.533742752,1.700217041,0 101.533724777,1.700216495,0 101.533688829,1.700212363,0 101.533616932,1.70019921,0 101.53356301,1.700183048,0 101.533383268,1.700118386,0 101.533311371,1.700082677,0 101.533203526,1.700022182,0 101.533113655,1.699996001,0 101.533095681,1.699996001,0 101.533077707,1.700008992,0 101.533059732,1.700008992,0 101.533059732,1.700063253,0 101.533041758,1.700063253,0 101.533041758,1.700153689,0 101.533023784,1.700153689,0 101.533023784,1.700189864,0 101.533041758,1.700189864,0 101.533059732,1.700183968,0 101.533077707,1.700183968,0 101.533167578,1.70021025,0 101.533257449,1.70025886,0 101.533347319,1.700295576,0 101.53343719,1.700317523,0 101.533580984,1.7003574,0 101.533670855,1.700375951,0 101.533706803,1.700379275,0 101.533742752,1.700377866,0 101.533814648,1.700367795,0 101.533850597,1.700359695,0 101.533886545,1.700348127,0 101.534102235,1.700254704,0 101.534264003,1.700202916,0 101.5343359,1.700184959,0 101.534371848,1.700178202,0 101.534425771,1.700171122,0 101.534857151,1.700137698,0 101.5348931,1.70013354,0 101.534911074,1.700128627,0 101.535000945,1.700088166,0 101.53510879,1.700022874,0 101.535216635,1.699982359,0 101.53532448,1.699948029,0 101.535450299,1.699914017,0 101.535630041,1.69987048,0 101.535701938,1.699846558,0 101.535809783,1.699805804,0 101.535899654,1.699779887,0 101.535989525,1.699761486,0 101.536259138,1.699717472,0 101.536366983,1.699696222,0 101.536420906,1.699677699,0 101.536600648,1.699596662,0 101.536708493,1.699562792,0 101.536762415,1.699548565,0 101.536906209,1.6995177,0 101.537032028,1.699487934,0 101.537113863,1.699466375,0 101.537247718,1.699423985,0 101.537319615,1.699404846,0 101.537481383,1.699375554,0 101.537632089,1.699339764,0 101.537697073,1.699319667,0 101.537858841,1.699258119,0 101.537912763,1.699242381,0 101.538038583,1.699216782,0 101.538128454,1.699192676,0 101.53820035,1.699178805,0 101.538272247,1.699170507,0 101.538416041,1.699161575,0 101.538469963,1.699156649,0 101.53854186,1.699147618,0 101.538595782,1.699137463,0 101.538650439,1.699122717,0 101.538702997,1.69910463,0 101.538883369,1.699022282,0 101.538919318,1.699009035,0 101.538955266,1.699001166,0 101.53897324,1.698999121,0 101.539009189,1.698998402,0 101.539045137,1.699001358,0 101.539117034,1.699011663,0 101.539152982,1.699014401,0 101.539188931,1.699014899,0 101.539224879,1.69901326,0 101.539278802,1.699001717,0 101.53931475,1.698997268,0 101.539350698,1.69899447,0 101.539422595,1.69899447,0 101.539422595,1.698959932,0 101.539404621,1.698941845,0 101.539404621,1.698905671,0 101.539386647,1.698887583,0 101.539386647,1.698884628,0 101.53931475,1.698884628,0 101.539224879,1.698892064,0 101.539206905,1.69889154,0 101.539135008,1.698894488,0 101.53909906,1.698893017,0 101.538991215,1.698879968,0 101.538955266,1.698879063,0 
						</coordinates>
					</LinearRing>
				</outerBoundaryIs>
			</Polygon>
		</Placemark>
		<Placemark>
			<name>18-20m</name>
			<styleUrl>#style.#FF8CC8FF..0.255</styleUrl>
			<Polygon>
				<tessellate>1</tessellate>
				<outerBoundaryIs>
					<LinearRing>
						<coordinates>
							101.525043245,1.67342478,0 101.524971348,1.67342478,0 101.524953374,1.673442213,0 101.524881477,1.673475022,0 101.524845528,1.673509388,0 101.524827554,1.673518495,0 101.52480958,1.673523889,0 101.524665787,1.673542785,0 101.524629838,1.673550385,0 101.524584261,1.673565458,0 101.524539967,1.673588197,0 101.524500097,1.67361972,0 101.5243782,1.673816268,0 101.524356897,1.673836767,0 101.524324277,1.673853315,0 101.524306303,1.673856778,0 101.524270354,1.673856169,0 101.52417689,1.673836767,0 101.524018716,1.673828987,0 101.523964793,1.673821263,0 101.523909011,1.673800592,0 101.523713155,1.673697116,0 101.52369518,1.673692891,0 101.523677206,1.673692069,0 101.523659232,1.67369448,0 101.523623284,1.673708232,0 101.523588281,1.673728243,0 101.523551087,1.673764418,0 101.523532793,1.673800592,0 101.523510128,1.673909116,0 101.52347949,1.673951319,0 101.523443542,1.673969708,0 101.523407593,1.673973243,0 101.523299748,1.673968119,0 101.523209877,1.6739721,0 101.523120006,1.673981364,0 101.522850394,1.674015858,0 101.522760523,1.674029371,0 101.522670652,1.674047192,0 101.522526858,1.674081889,0 101.522436987,1.674107193,0 101.522401039,1.674132862,0 101.522367337,1.674180424,0 101.522352179,1.674216599,0 101.522363644,1.674361296,0 101.522359486,1.674397471,0 101.522348663,1.674415558,0 101.522313308,1.674451733,0 101.522259218,1.674487907,0 101.522221297,1.674509691,0 101.522167374,1.674530803,0 101.522113452,1.674541937,0 101.522059529,1.674545254,0 101.521987633,1.67454268,0 101.521843839,1.674547653,0 101.521789916,1.674547318,0 101.521771942,1.674546515,0 101.521735994,1.674540031,0 101.521677578,1.674524082,0 101.521628149,1.674501336,0 101.521580218,1.67446982,0 101.521484355,1.674389363,0 101.521448407,1.674369518,0 101.521430433,1.674366949,0 101.521413956,1.674379384,0 101.521407799,1.674397471,0 101.52139285,1.674524082,0 101.521326582,1.674650692,0 101.521277739,1.674704954,0 101.521232717,1.674742315,0 101.521196768,1.674762725,0 101.521142846,1.674781091,0 101.521106897,1.674787655,0 101.521070949,1.674789797,0 101.520999052,1.674786026,0 101.520909181,1.67477383,0 101.520855259,1.674757571,0 101.520801336,1.674729248,0 101.520765388,1.674702693,0 101.520729439,1.674666133,0 101.520657543,1.674576308,0 101.520549697,1.674524892,0 101.520531723,1.674520558,0 101.520495775,1.674519622,0 101.520477801,1.674524082,0 101.520459827,1.674505994,0 101.520459827,1.674596431,0 101.520477801,1.674614518,0 101.520477801,1.674759216,0 101.520495775,1.674777303,0 101.520495775,1.674922001,0 101.520513749,1.674940088,0 101.520513749,1.675012437,0 101.520531723,1.675030524,0 101.520549697,1.675028574,0 101.520567672,1.675028574,0 101.520585646,1.675025607,0 101.520621594,1.675023658,0 101.520675517,1.675024997,0 101.520693491,1.675019638,0 101.520711465,1.675017271,0 101.520783362,1.67503408,0 101.520855259,1.675046937,0 101.520891207,1.675051793,0 101.520981078,1.675058775,0 101.521196768,1.675067485,0 101.521232717,1.675071015,0 101.521268665,1.675078684,0 101.521304613,1.675091833,0 101.521340562,1.675110108,0 101.521394484,1.675145908,0 101.521430433,1.675162273,0 101.521484355,1.675179744,0 101.521520304,1.675185513,0 101.521538278,1.67518546,0 101.521556252,1.675182534,0 101.521574945,1.675175222,0 101.521682071,1.675097007,0 101.521712573,1.675066699,0 101.521757297,1.67499435,0 101.521807891,1.674953653,0 101.521861813,1.674926085,0 101.521915736,1.674908846,0 101.521951684,1.674902783,0 101.521987633,1.674899693,0 101.522005607,1.674899548,0 101.522059529,1.674902467,0 101.522095478,1.674907414,0 101.522131426,1.674915369,0 101.522221297,1.674943874,0 101.522294991,1.674976262,0 101.522347116,1.675018251,0 101.522396545,1.675048611,0 101.522454961,1.675069282,0 101.522508884,1.67507838,0 101.522544832,1.675079568,0 101.522580781,1.67507768,0 101.522634703,1.675070655,0 101.522729567,1.675048611,0 101.522886342,1.675007858,0 101.522958239,1.674996683,0 101.523012161,1.674991271,0 101.523120006,1.674982975,0 101.523281774,1.67496391,0 101.523407593,1.674958616,0 101.523443542,1.674957955,0 101.52347949,1.674958601,0 101.523515439,1.674962333,0 101.523551387,1.674968452,0 101.523623284,1.674988253,0 101.52369518,1.675014206,0 101.523804765,1.675048611,0 101.524000742,1.675129472,0 101.524072638,1.675150456,0 101.524126561,1.675158731,0 101.524180483,1.675161535,0 101.524216432,1.675161077,0 101.524270354,1.675158475,0 101.524360225,1.675150835,0 101.524414148,1.675144431,0 101.52446807,1.675134095,0 101.524504019,1.675123279,0 101.524539967,1.675108739,0 101.524652306,1.675048611,0 101.524702681,1.675012437,0 101.52471926,1.67499435,0 101.524743402,1.674940088,0 101.524752216,1.67479539,0 101.524761649,1.674759216,0 101.524786536,1.674686867,0 101.524831599,1.674632605,0 101.524953374,1.674541612,0 101.524989322,1.674524665,0 101.525007296,1.674524986,0 101.52502527,1.674523146,0 101.525061219,1.674510927,0 101.525115141,1.674503411,0 101.525205012,1.674503635,0 101.525205012,1.67446982,0 101.525187038,1.674451733,0 101.525187038,1.674361296,0 101.525169064,1.674343209,0 101.525169064,1.674234686,0 101.52515109,1.674216599,0 101.52515109,1.674126162,0 101.525133115,1.674108075,0 101.525133115,1.673999552,0 101.525115141,1.673981465,0 101.525115141,1.673891028,0 101.525097167,1.673872941,0 101.525097167,1.673782505,0 101.525079193,1.673764418,0 101.525079193,1.673655894,0 101.525061219,1.673637807,0 101.525061219,1.673547371,0 101.525043245,1.673529284,0 101.525043245,1.67342478,0 
						</coordinates>
					</LinearRing>
				</outerBoundaryIs>
			</Polygon>
		</Placemark>
		<Placemark>
			<name>20-22m</name>
			<styleUrl>#style.#FF8CC8FF..0.255</styleUrl>
			<Polygon>
				<tessellate>1</tessellate>
				<outerBoundaryIs>
					<LinearRing>
						<coordinates>
							101.525726264,1.683161248,0 101.525708289,1.683164715,0 101.525690315,1.683174063,0 101.525677602,1.683187867,0 101.525665738,1.683224041,0 101.525682145,1.683278303,0 101.525728442,1.683332564,0 101.525730209,1.683350652,0 101.5257075,1.683423001,0 101.525690085,1.683549611,0 101.525728492,1.683875181,0 101.525721813,1.683911356,0 101.525708289,1.683939524,0 101.525684901,1.683965618,0 101.525659538,1.683983705,0 101.525600444,1.684005108,0 101.525474625,1.684026149,0 101.525402728,1.684028734,0 101.52536678,1.684024903,0 101.525330832,1.684012227,0 101.52529839,1.683983705,0 101.525278649,1.683875181,0 101.525247994,1.683802832,0 101.525222986,1.683780489,0 101.525187038,1.683766965,0 101.52515109,1.683760008,0 101.524989322,1.683741078,0 101.524953374,1.683743144,0 101.524917425,1.683750638,0 101.524863503,1.683777376,0 101.524836814,1.683802832,0 101.524819527,1.683839007,0 101.52481819,1.683857094,0 101.524875301,1.684110315,0 101.524870125,1.684255013,0 101.524841534,1.684363537,0 101.524813662,1.684526322,0 101.524798241,1.684580583,0 101.524741084,1.684707194,0 101.524701735,1.684748794,0 101.524665787,1.684768238,0 101.524629838,1.684775467,0 101.524557941,1.684763559,0 101.524521993,1.684744499,0 101.524504019,1.684724376,0 101.524389356,1.684508235,0 101.524360225,1.684479295,0 101.524342251,1.684477815,0 101.524324277,1.684487735,0 101.524306303,1.684509773,0 101.52426248,1.684580583,0 101.524188145,1.684779543,0 101.524162509,1.684800498,0 101.524049871,1.684851892,0 101.52402079,1.684869979,0 101.523929358,1.684978503,0 101.52385278,1.685050851,0 101.523803026,1.685082043,0 101.523767077,1.685086012,0 101.523731129,1.68507703,0 101.523713155,1.685068109,0 101.523677206,1.685039248,0 101.523656739,1.685014677,0 101.52362939,1.684960415,0 101.52353685,1.684689107,0 101.523518204,1.684652932,0 101.52347949,1.6846047,0 101.523461516,1.684594827,0 101.523443542,1.684591802,0 101.523425568,1.684595852,0 101.523407593,1.684607476,0 101.523389619,1.684629303,0 101.523353671,1.684696536,0 101.523317999,1.684851892,0 101.523283673,1.685068939,0 101.523257434,1.685159375,0 101.523173929,1.685306083,0 101.523102032,1.685390577,0 101.522930528,1.685484945,0 101.522673447,1.685611556,0 101.522562807,1.685651767,0 101.522203323,1.68576151,0 101.522113452,1.685798236,0 101.522023581,1.68584943,0 101.52193371,1.685884451,0 101.521915736,1.685884451,0 101.521897762,1.685900951,0 101.521879787,1.685900951,0 101.521879787,1.685991388,0 101.521897762,1.686009475,0 101.521897762,1.686136085,0 101.521915736,1.686154173,0 101.521915736,1.686244609,0 101.52193371,1.686244609,0 101.521951684,1.686234599,0 101.521969658,1.686234599,0 101.522059529,1.686214542,0 101.5221494,1.686154173,0 101.522267615,1.686099911,0 101.522317458,1.686081824,0 101.522587521,1.686009475,0 101.522724574,1.685983988,0 101.522796471,1.685961845,0 101.522850394,1.685932527,0 101.522977811,1.68584669,0 101.523173929,1.685729458,0 101.523209877,1.685700545,0 101.523240777,1.685665817,0 101.523267642,1.685611556,0 101.523310059,1.685376422,0 101.523353671,1.685261116,0 101.523407593,1.685174903,0 101.523443542,1.685140852,0 101.523461516,1.685132764,0 101.52347949,1.685132244,0 101.523497464,1.685138118,0 101.523533413,1.68516137,0 101.523659232,1.685282808,0 101.523726154,1.685340247,0 101.523767077,1.685368597,0 101.523838974,1.685400587,0 101.523874922,1.6854091,0 101.523910871,1.685411476,0 101.523946819,1.685407306,0 101.524072638,1.685380747,0 101.524180483,1.685349397,0 101.52425238,1.685318218,0 101.52437866,1.685249811,0 101.5245869,1.685177462,0 101.524791606,1.685100363,0 101.524910512,1.685050851,0 101.524953374,1.685028372,0 101.524989322,1.685004254,0 101.525014303,1.684978503,0 101.52504636,1.684924241,0 101.525055919,1.684888066,0 101.525051522,1.684851892,0 101.525037014,1.684815717,0 101.524961229,1.684725281,0 101.524943028,1.684689107,0 101.52493644,1.684652932,0 101.524937387,1.684598671,0 101.524971348,1.684477179,0 101.524989322,1.684442311,0 101.525007296,1.684422999,0 101.52502527,1.684413028,0 101.525043245,1.684409942,0 101.525061219,1.684412439,0 101.525115141,1.684431446,0 101.525167302,1.684453973,0 101.525240961,1.68449611,0 101.525276909,1.684512011,0 101.525330832,1.684522015,0 101.52536678,1.684518846,0 101.525402728,1.684504875,0 101.525438677,1.684477189,0 101.525564496,1.684331747,0 101.525600444,1.684313043,0 101.525618419,1.68431028,0 101.525636393,1.684311313,0 101.525672656,1.684327362,0 101.525690315,1.684346159,0 101.525722489,1.684399711,0 101.525742558,1.684453973,0 101.525758659,1.684526322,0 101.525780186,1.684572143,0 101.525816135,1.684608719,0 101.525852083,1.684627024,0 101.525941954,1.684650592,0 101.525995876,1.68465955,0 101.526031825,1.684661418,0 101.526067773,1.684659425,0 101.526103722,1.684652932,0 101.52613967,1.684640874,0 101.526193593,1.684615185,0 101.526211567,1.684612172,0 101.526247515,1.6846188,0 101.526301438,1.684617064,0 101.526337386,1.684623176,0 101.526409283,1.684623176,0 101.526409283,1.684562496,0 101.526391309,1.684544409,0 101.526391309,1.68447206,0 101.526373334,1.684453973,0 101.526373334,1.684345449,0 101.52635536,1.684327362,0 101.52635536,1.684218839,0 101.526337386,1.684203876,0 101.526265489,1.684204843,0 101.526157644,1.684220848,0 101.526103722,1.684214763,0 101.526085747,1.68420391,0 101.526067773,1.684182243,0 101.526046548,1.684128403,0 101.526030047,1.684001792,0 101.526037746,1.683965618,0 101.526085747,1.683873028,0 101.526116616,1.683784745,0 101.526115704,1.683730483,0 101.526094504,1.683640047,0 101.526076086,1.683603873,0 101.52602875,1.683549611,0 101.52592398,1.68344787,0 101.52583084,1.683332564,0 101.525826592,1.683260215,0 101.52579816,1.683190127,0 101.525762212,1.68316702,0 101.525726264,1.683161248,0 
						</coordinates>
					</LinearRing>
				</outerBoundaryIs>
			</Polygon>
		</Placemark>
		<Placemark>
			<name>20-22m</name>
			<styleUrl>#style.#FF8CC8FF..0.255</styleUrl>
			<Polygon>
				<tessellate>1</tessellate>
				<outerBoundaryIs>
					<LinearRing>
						<coordinates>
							101.537157847,1.697965652,0 101.537139873,1.697966885,0 101.537103925,1.697974874,0 101.536888235,1.698067629,0 101.536762415,1.698107705,0 101.536726467,1.69812792,0 101.536492802,1.698352202,0 101.536436766,1.698399228,0 101.536384957,1.698430533,0 101.536241164,1.698485645,0 101.536187241,1.698517399,0 101.536151293,1.698555057,0 101.536028897,1.698724798,0 101.535989525,1.698761727,0 101.535935603,1.698793127,0 101.535823265,1.698833322,0 101.535630041,1.698871505,0 101.535558145,1.698888561,0 101.53532448,1.698956767,0 101.535036893,1.699015801,0 101.534947022,1.699042558,0 101.5348931,1.699062857,0 101.53476728,1.699130138,0 101.534623487,1.699227172,0 101.534518138,1.699321677,0 101.53437277,1.699466375,0 101.534317926,1.699507944,0 101.534264003,1.699535941,0 101.534102235,1.699605043,0 101.533922493,1.699697607,0 101.533747994,1.699773858,0 101.533527061,1.699889487,0 101.533509087,1.699895344,0 101.533473139,1.69990071,0 101.53343719,1.699899145,0 101.533419216,1.699895997,0 101.533365294,1.699879701,0 101.533239474,1.699825406,0 101.533149603,1.699804747,0 101.533131629,1.699804747,0 101.533113655,1.699810032,0 101.533095681,1.699810032,0 101.533095681,1.699882381,0 101.533077707,1.699882381,0 101.533077707,1.699972817,0 101.533059732,1.699972817,0 101.533059732,1.700008992,0 101.533077707,1.700008992,0 101.533095681,1.699996001,0 101.533113655,1.699996001,0 101.533203526,1.700022182,0 101.533311371,1.700082677,0 101.533383268,1.700118386,0 101.53356301,1.700183048,0 101.533616932,1.70019921,0 101.533688829,1.700212363,0 101.533724777,1.700216495,0 101.533742752,1.700217041,0 101.5337787,1.700213603,0 101.533814648,1.700205294,0 101.533958442,1.700162779,0 101.534066287,1.700143803,0 101.53412021,1.700127752,0 101.534180929,1.700099428,0 101.534317926,1.700016819,0 101.534353874,1.700002305,0 101.534389822,1.699992735,0 101.534425771,1.69998722,0 101.534479693,1.699984122,0 101.534659435,1.69998333,0 101.534731332,1.699981316,0 101.534821203,1.699973775,0 101.534875125,1.699964121,0 101.535072842,1.699863097,0 101.53510879,1.699850519,0 101.535252583,1.69980902,0 101.535465038,1.699737683,0 101.535576119,1.699692103,0 101.535683964,1.699635189,0 101.535755861,1.699606458,0 101.535827757,1.699582878,0 101.535917628,1.699559825,0 101.535971551,1.699549711,0 101.536025473,1.699542565,0 101.536115344,1.699537632,0 101.536313061,1.699538829,0 101.536349009,1.699536364,0 101.536384957,1.699528699,0 101.536474828,1.699491297,0 101.536564699,1.699446458,0 101.536618622,1.699426703,0 101.536726467,1.699406117,0 101.536834312,1.699392771,0 101.536942157,1.699367052,0 101.537014054,1.699346012,0 101.537067976,1.699321677,0 101.537193796,1.699241922,0 101.537229744,1.699224751,0 101.537265692,1.699212049,0 101.537319615,1.699201363,0 101.537445434,1.699191893,0 101.537499357,1.699181757,0 101.537625176,1.699137825,0 101.537679099,1.699124506,0 101.537750996,1.699094725,0 101.537840866,1.699064436,0 101.538002634,1.699032775,0 101.538092505,1.699004256,0 101.538128454,1.698998256,0 101.538146428,1.698996968,0 101.538182376,1.698997722,0 101.538236299,1.699005892,0 101.538344144,1.699030194,0 101.538398066,1.699034971,0 101.538451989,1.699034542,0 101.538505911,1.69902703,0 101.538558477,1.699014194,0 101.538703628,1.698961051,0 101.538847421,1.698900847,0 101.538883369,1.698889221,0 101.538919318,1.698881767,0 101.538955266,1.698879063,0 101.538991215,1.698879968,0 101.53909906,1.698893017,0 101.539135008,1.698894488,0 101.539206905,1.69889154,0 101.539224879,1.698892064,0 101.53931475,1.698884628,0 101.539386647,1.698884628,0 101.539386647,1.698851409,0 101.539368672,1.698833322,0 101.539350698,1.698815234,0 101.539332724,1.698815234,0 101.539278802,1.698760973,0 101.539260827,1.698742886,0 101.539242853,1.698742886,0 101.539224879,1.698724798,0 101.539188931,1.698688624,0 101.539170956,1.698670537,0 101.539152982,1.698652449,0 101.539135008,1.698652449,0 101.53909906,1.698616275,0 101.539081085,1.698598188,0 101.539063111,1.6985801,0 101.539027163,1.698543926,0 101.539009189,1.698543926,0 101.538991215,1.698525839,0 101.53897324,1.698507752,0 101.538955266,1.698489664,0 101.538901344,1.698435403,0 101.538883369,1.698417315,0 101.538865395,1.698417315,0 101.538811473,1.698363054,0 101.538793498,1.698344966,0 101.538739576,1.698290705,0 101.538721602,1.698290705,0 101.538703628,1.698272618,0 101.538685653,1.69825453,0 101.538631731,1.698200269,0 101.538613757,1.698182181,0 101.538595782,1.698179687,0 101.53854186,1.698179687,0 101.538537367,1.698182181,0 101.538505911,1.69823765,0 101.538487937,1.698255483,0 101.538451989,1.698269139,0 101.538434015,1.698270809,0 101.538362118,1.69826757,0 101.53832617,1.698263951,0 101.538254273,1.69824992,0 101.538182376,1.698249104,0 101.538110479,1.698245255,0 101.538074531,1.69825298,0 101.538038583,1.698268397,0 101.53798466,1.698283844,0 101.537876815,1.698330648,0 101.537795931,1.698344966,0 101.53776897,1.698346851,0 101.537743291,1.698344966,0 101.537697073,1.698336547,0 101.53764315,1.69831959,0 101.537607202,1.698303311,0 101.537571254,1.698280494,0 101.537505455,1.698218356,0 101.537409486,1.698096857,0 101.537357407,1.698055571,0 101.537301641,1.698021071,0 101.537229744,1.697984352,0 101.537175822,1.697967454,0 101.537157847,1.697965652,0 
						</coordinates>
					</LinearRing>
				</outerBoundaryIs>
			</Polygon>
		</Placemark>
		<Placemark>
			<name>20-22m</name>
			<styleUrl>#style.#FF8CC8FF..0.255</styleUrl>
			<Polygon>
				<tessellate>1</tessellate>
				<outerBoundaryIs>
					<LinearRing>
						<coordinates>
							101.525115141,1.674503411,0 101.525061219,1.674510927,0 101.52502527,1.674523146,0 101.525007296,1.674524986,0 101.524989322,1.674524665,0 101.524953374,1.674541612,0 101.524831599,1.674632605,0 101.524786536,1.674686867,0 101.524761649,1.674759216,0 101.524752216,1.67479539,0 101.524743402,1.674940088,0 101.52471926,1.67499435,0 101.524702681,1.675012437,0 101.524652306,1.675048611,0 101.524539967,1.675108739,0 101.524504019,1.675123279,0 101.52446807,1.675134095,0 101.524414148,1.675144431,0 101.524360225,1.675150835,0 101.524270354,1.675158475,0 101.524216432,1.675161077,0 101.524180483,1.675161535,0 101.524126561,1.675158731,0 101.524072638,1.675150456,0 101.524000742,1.675129472,0 101.523804765,1.675048611,0 101.52369518,1.675014206,0 101.523623284,1.674988253,0 101.523551387,1.674968452,0 101.523515439,1.674962333,0 101.52347949,1.674958601,0 101.523443542,1.674957955,0 101.523407593,1.674958616,0 101.523281774,1.67496391,0 101.523120006,1.674982975,0 101.523012161,1.674991271,0 101.522958239,1.674996683,0 101.522886342,1.675007858,0 101.522729567,1.675048611,0 101.522634703,1.675070655,0 101.522580781,1.67507768,0 101.522544832,1.675079568,0 101.522508884,1.67507838,0 101.522454961,1.675069282,0 101.522396545,1.675048611,0 101.522347116,1.675018251,0 101.522294991,1.674976262,0 101.522221297,1.674943874,0 101.522131426,1.674915369,0 101.522095478,1.674907414,0 101.522059529,1.674902467,0 101.522005607,1.674899548,0 101.521987633,1.674899693,0 101.521951684,1.674902783,0 101.521915736,1.674908846,0 101.521861813,1.674926085,0 101.521807891,1.674953653,0 101.521757297,1.67499435,0 101.521712573,1.675066699,0 101.521682071,1.675097007,0 101.521574945,1.675175222,0 101.521556252,1.675182534,0 101.521538278,1.67518546,0 101.521520304,1.675185513,0 101.521484355,1.675179744,0 101.521430433,1.675162273,0 101.521394484,1.675145908,0 101.521340562,1.675110108,0 101.521304613,1.675091833,0 101.521268665,1.675078684,0 101.521232717,1.675071015,0 101.521196768,1.675067485,0 101.520981078,1.675058775,0 101.520891207,1.675051793,0 101.520855259,1.675046937,0 101.520783362,1.67503408,0 101.520711465,1.675017271,0 101.520693491,1.675019638,0 101.520675517,1.675024997,0 101.520621594,1.675023658,0 101.520585646,1.675025607,0 101.520567672,1.675028574,0 101.520549697,1.675028574,0 101.520531723,1.675030524,0 101.520513749,1.675012437,0 101.520513749,1.675084786,0 101.520531723,1.675102873,0 101.520531723,1.675247571,0 101.520549697,1.675265658,0 101.520549697,1.675410356,0 101.520567672,1.675428443,0 101.520567672,1.675573141,0 101.520585646,1.675591228,0 101.520585646,1.675754014,0 101.52060362,1.675772101,0 101.52060362,1.675934886,0 101.520621594,1.675952973,0 101.520621594,1.676133845,0 101.520639568,1.676151933,0 101.520639568,1.676314718,0 101.520657543,1.676332805,0 101.520657543,1.67649559,0 101.520675517,1.676513677,0 101.520675517,1.67669455,0 101.520693491,1.676712637,0 101.520693491,1.676875422,0 101.520711465,1.676893509,0 101.520711465,1.677056294,0 101.520729439,1.677074382,0 101.520729439,1.677255254,0 101.520747414,1.677273341,0 101.520747414,1.67734569,0 101.520765388,1.677363777,0 101.520765388,1.677454214,0 101.520783362,1.677472301,0 101.520783362,1.677562737,0 101.520801336,1.677580824,0 101.520801336,1.67767126,0 101.52081931,1.677689348,0 101.52081931,1.677779784,0 101.520837284,1.677797871,0 101.520837284,1.677888307,0 101.520855259,1.677906394,0 101.520855259,1.677996831,0 101.520891207,1.678033005,0 101.520909181,1.67802999,0 101.521035001,1.678040518,0 101.521106897,1.678033522,0 101.52116022,1.678014918,0 101.521196768,1.677994969,0 101.521242621,1.677960656,0 101.521272625,1.677924482,0 101.521295753,1.677852133,0 101.521299221,1.677743609,0 101.521333124,1.67767126,0 101.521348826,1.677616999,0 101.521394484,1.677535405,0 101.521466381,1.677457545,0 101.521487812,1.677418039,0 101.521484722,1.677399952,0 101.521466381,1.677380278,0 101.521430433,1.677365046,0 101.52137651,1.677356726,0 101.521322588,1.677339996,0 101.521301775,1.677327603,0 101.521268665,1.677295128,0 101.521202319,1.677182905,0 101.521190146,1.677128643,0 101.52119008,1.677074382,0 101.521197313,1.677056294,0 101.521214076,1.677038207,0 101.521232717,1.677028971,0 101.521268665,1.677021346,0 101.521358536,1.677016278,0 101.521412459,1.677008582,0 101.521466381,1.6769908,0 101.521502044,1.676965858,0 101.521520304,1.676931694,0 101.521526295,1.676893509,0 101.521523264,1.676839248,0 101.521510499,1.676784986,0 101.521511937,1.676748811,0 101.521520304,1.676729797,0 101.521551483,1.67669455,0 101.521771942,1.676528147,0 101.521987633,1.676349953,0 101.522059529,1.676307031,0 101.522131426,1.676279019,0 101.522383065,1.676217046,0 101.522454961,1.676208977,0 101.522544832,1.676209295,0 101.522616729,1.676215111,0 101.522688626,1.676228392,0 101.52292229,1.676300249,0 101.522940265,1.676302058,0 101.522958239,1.676293614,0 101.52298199,1.676224282,0 101.522977184,1.676115758,0 101.522994187,1.676007235,0 101.522987768,1.675952973,0 101.522969761,1.675898711,0 101.522946256,1.675862537,0 101.522858852,1.675772101,0 101.522837412,1.675735926,0 101.522841176,1.675717839,0 101.522855015,1.675699752,0 101.52292229,1.675639592,0 101.522940265,1.675631925,0 101.522958239,1.675634186,0 101.523191903,1.675678651,0 101.523227852,1.675680021,0 101.523281774,1.675672983,0 101.523380632,1.67564549,0 101.523443542,1.675633678,0 101.523515439,1.67562695,0 101.52369518,1.675619581,0 101.523874922,1.675576688,0 101.523910871,1.675574588,0 101.523964793,1.675581808,0 101.524000742,1.675598335,0 101.524020575,1.675627403,0 101.524009369,1.67564549,0 101.523985112,1.675663577,0 101.523898031,1.675699752,0 101.523873637,1.675717839,0 101.52387175,1.675735926,0 101.523884338,1.675772101,0 101.523901067,1.675790188,0 101.52393197,1.675808275,0 101.524108587,1.675894988,0 101.524234406,1.675980957,0 101.524270354,1.675992694,0 101.524306303,1.675992539,0 101.524342251,1.675976354,0 101.524360225,1.675960857,0 101.524463662,1.675826362,0 101.524506456,1.675790188,0 101.52465834,1.675681665,0 101.524737018,1.675591228,0 101.524773632,1.675561083,0 101.52480958,1.675541414,0 101.524863503,1.675523703,0 101.524953374,1.675513205,0 101.525061219,1.675507843,0 101.525115141,1.675487294,0 101.525141164,1.675464618,0 101.525169064,1.675417313,0 101.525205012,1.675383656,0 101.525240961,1.675293151,0 101.525312857,1.675293151,0 101.525312857,1.675157135,0 101.525294883,1.675139048,0 101.525294883,1.675048611,0 101.525276909,1.675030524,0 101.525276909,1.674940088,0 101.525258935,1.674922001,0 101.525258935,1.674813477,0 101.525240961,1.67479539,0 101.525240961,1.674704954,0 101.525222986,1.674686867,0 101.525222986,1.674578343,0 101.525205012,1.674560256,0 101.525205012,1.674503635,0 101.525115141,1.674503411,0 
						</coordinates>
					</LinearRing>
				</outerBoundaryIs>
				<innerBoundaryIs>
					<LinearRing>
						<coordinates>
							101.521448407,1.675836411,0 101.521484355,1.675837493,0 101.521520304,1.675845546,0 101.521546186,1.675862537,0 101.521569324,1.675898711,0 101.521602773,1.67597106,0 101.521606288,1.676007235,0 101.521591324,1.676061497,0 101.521569628,1.676097671,0 101.521526023,1.676151933,0 101.521484355,1.676188107,0 101.521430433,1.676215238,0 101.52137651,1.676230225,0 101.521142846,1.676253738,0 101.521088923,1.676263722,0 101.521017026,1.676262523,0 101.520981078,1.67625176,0 101.520963104,1.676239957,0 101.520947549,1.676206194,0 101.520948018,1.676188107,0 101.520967173,1.676115758,0 101.520986389,1.676079584,0 101.521044986,1.676007235,0 101.521073517,1.675952973,0 101.521106897,1.675925146,0 101.521142846,1.67590474,0 101.521196768,1.675883208,0 101.521275578,1.675862537,0 101.521378144,1.67584445,0 101.521448407,1.675836411,0 
						</coordinates>
					</LinearRing>
				</innerBoundaryIs>
			</Polygon>
		</Placemark>
		<Placemark>
			<name>20-22m</name>
			<styleUrl>#style.#FF8CC8FF..0.255</styleUrl>
			<Polygon>
				<tessellate>1</tessellate>
				<outerBoundaryIs>
					<LinearRing>
						<coordinates>
							101.523353671,1.676447495,0 101.523317722,1.676450372,0 101.523281774,1.676462917,0 101.523245826,1.67649559,0 101.523191903,1.676587866,0 101.523172306,1.676640288,0 101.523162806,1.676839248,0 101.523141214,1.676947771,0 101.523141042,1.676983945,0 101.523155955,1.677045442,0 101.523281913,1.677291428,0 101.523315179,1.677327603,0 101.523346532,1.67734569,0 101.523407593,1.677357327,0 101.523569361,1.677340618,0 101.523623284,1.677344761,0 101.523671498,1.677363777,0 101.523749103,1.677413567,0 101.523803026,1.677427718,0 101.523838974,1.677424957,0 101.523874922,1.677411481,0 101.523928185,1.677363777,0 101.523943936,1.677327603,0 101.523954979,1.677200992,0 101.523937672,1.677038207,0 101.523919736,1.676983945,0 101.523892896,1.676942059,0 101.523861868,1.676911597,0 101.523821,1.676886886,0 101.523749103,1.676856314,0 101.523702829,1.67682116,0 101.523683569,1.676784986,0 101.523670595,1.676658375,0 101.52365656,1.676622201,0 101.523631482,1.676586026,0 101.523551387,1.676514039,0 101.523443542,1.676464176,0 101.523407593,1.676453627,0 101.523353671,1.676447495,0 
						</coordinates>
					</LinearRing>
				</outerBoundaryIs>
				<innerBoundaryIs>
					<LinearRing>
						<coordinates>
							101.523389619,1.676680847,0 101.523425568,1.676691045,0 101.523443542,1.676703901,0 101.523473558,1.676748811,0 101.52348234,1.676857335,0 101.523515439,1.676925543,0 101.523569361,1.676974979,0 101.523677206,1.67703006,0 101.523713155,1.677073672,0 101.523707721,1.677128643,0 101.52369518,1.677157181,0 101.523677206,1.677175827,0 101.523641258,1.677190343,0 101.52347949,1.677221452,0 101.523443542,1.677219248,0 101.523425568,1.677207745,0 101.523382429,1.677146731,0 101.523327275,1.67702012,0 101.523309937,1.676947771,0 101.523299748,1.676824017,0 101.523298649,1.676748811,0 101.523317722,1.676714157,0 101.523335697,1.676697169,0 101.523353671,1.676687202,0 101.523389619,1.676680847,0 
						</coordinates>
					</LinearRing>
				</innerBoundaryIs>
			</Polygon>
		</Placemark>
		<Placemark>
			<name>20-22m</name>
			<styleUrl>#style.#FF8CC8FF..0.255</styleUrl>
			<Polygon>
				<tessellate>1</tessellate>
				<outerBoundaryIs>
					<LinearRing>
						<coordinates>
							101.532646326,1.693433723,0 101.532628352,1.693434119,0 101.532592404,1.693437298,0 101.532574429,1.693441788,0 101.532520507,1.693466052,0 101.532371944,1.69355185,0 101.5322973,1.693606112,0 101.532161023,1.693724282,0 101.532117994,1.69375081,0 101.532071152,1.693769361,0 101.532035204,1.693779357,0 101.531837488,1.693819075,0 101.531478004,1.693909556,0 101.531226365,1.69396535,0 101.531136494,1.693996987,0 101.530993622,1.694058293,0 101.530884856,1.694093052,0 101.530777011,1.694115049,0 101.530579294,1.694145441,0 101.530489424,1.694166348,0 101.530219811,1.694251382,0 101.53000412,1.694328801,0 101.529860327,1.694374899,0 101.529752482,1.694404624,0 101.529500843,1.694467829,0 101.529267179,1.694537533,0 101.529069463,1.694588441,0 101.528961618,1.694613647,0 101.528907695,1.694623328,0 101.528835798,1.694631579,0 101.528709979,1.69464148,0 101.528638082,1.694652297,0 101.528350495,1.694717185,0 101.528278598,1.694739671,0 101.528170753,1.69478048,0 101.527919115,1.694849002,0 101.527667476,1.694913644,0 101.527451786,1.694985194,0 101.527420518,1.695016916,0 101.527416905,1.695053091,0 101.527415837,1.695071178,0 101.527433812,1.695071178,0 101.527487734,1.695125439,0 101.527505708,1.695125439,0 101.527523682,1.695143527,0 101.527541657,1.695161614,0 101.527559631,1.695179701,0 101.527577605,1.695179701,0 101.527595579,1.695197788,0 101.527613553,1.695215876,0 101.527631528,1.695233963,0 101.527649502,1.69525205,0 101.52766623,1.695233963,0 101.527667476,1.695230604,0 101.52768545,1.695230604,0 101.527703424,1.695223957,0 101.527728228,1.695197788,0 101.52776399,1.695179701,0 101.52790114,1.695128199,0 101.527973037,1.695108579,0 101.528044934,1.695092495,0 101.528224676,1.695061091,0 101.528296573,1.695045219,0 101.528386444,1.695019876,0 101.528530237,1.694970619,0 101.528602134,1.694949897,0 101.528709979,1.694931002,0 101.528835798,1.69491201,0 101.529069463,1.694867355,0 101.529159334,1.694859988,0 101.529267179,1.694859832,0 101.529303127,1.694857789,0 101.529375024,1.694847822,0 101.529446921,1.694833372,0 101.529554766,1.694807707,0 101.529950198,1.694703339,0 101.530165888,1.694653682,0 101.530723088,1.694486913,0 101.530884856,1.694442591,0 101.530974727,1.694427358,0 101.531172443,1.694405842,0 101.531280288,1.694386516,0 101.531370159,1.694363515,0 101.531639772,1.694285258,0 101.531693694,1.694273147,0 101.531819513,1.694251071,0 101.531909384,1.69423802,0 101.531999255,1.694228263,0 101.532178997,1.694217633,0 101.532394687,1.694192556,0 101.532466584,1.69418641,0 101.532538481,1.694182979,0 101.532592404,1.694172714,0 101.532647144,1.694148729,0 101.532685754,1.694112555,0 101.532699749,1.69407638,0 101.53270624,1.693985944,0 101.532737436,1.693931682,0 101.532760163,1.693913595,0 101.532795256,1.693895508,0 101.532915939,1.693839881,0 101.532969862,1.693821049,0 101.53300581,1.693814647,0 101.533059732,1.693813111,0 101.533095681,1.69381819,0 101.533214148,1.693841246,0 101.533257449,1.693851259,0 101.533329345,1.693872746,0 101.533365294,1.693872746,0 101.533383268,1.693877421,0 101.533383268,1.693859333,0 101.533365294,1.693859333,0 101.533347319,1.693841246,0 101.533311371,1.693805072,0 101.533293397,1.693786984,0 101.533257449,1.69375081,0 101.533239474,1.693732723,0 101.5332215,1.693732723,0 101.533203526,1.693714635,0 101.533167578,1.693678461,0 101.533149603,1.693660374,0 101.533131629,1.693642287,0 101.533113655,1.693624199,0 101.533095681,1.693606112,0 101.533077707,1.693606112,0 101.533059732,1.693588025,0 101.533041758,1.693569938,0 101.533023784,1.69355185,0 101.532969862,1.693497589,0 101.532951887,1.693479501,0 101.532951887,1.693497589,0 101.532933913,1.693496788,0 101.532897965,1.693496788,0 101.532772145,1.693457641,0 101.532682274,1.693437545,0 101.532646326,1.693433723,0 
						</coordinates>
					</LinearRing>
				</outerBoundaryIs>
			</Polygon>
		</Placemark>
		<Placemark>
			<name>22-24m</name>
			<styleUrl>#style.#FF6699FF..0.255</styleUrl>
			<Polygon>
				<tessellate>1</tessellate>
				<outerBoundaryIs>
					<LinearRing>
						<coordinates>
							101.525726264,1.682313975,0 101.525690315,1.682318558,0 101.525585038,1.682355854,0 101.525517149,1.682392028,0 101.525492982,1.682410115,0 101.525451379,1.682464377,0 101.525420912,1.682536726,0 101.52533824,1.682826122,0 101.525301976,1.683187867,0 101.525286332,1.683260215,0 101.525258935,1.683317314,0 101.525240961,1.683335399,0 101.525213999,1.683350652,0 101.52515109,1.683364997,0 101.525097167,1.683360435,0 101.525043245,1.683332868,0 101.525007296,1.683298051,0 101.524957603,1.683224041,0 101.524902989,1.683006994,0 101.524875643,1.68297082,0 101.524833909,1.682934645,0 101.524629838,1.682827798,0 101.52459389,1.682818483,0 101.524557941,1.682815669,0 101.524504019,1.682830199,0 101.524482716,1.682844209,0 101.524454705,1.682880384,0 101.524440937,1.682916558,0 101.524437841,1.682952732,0 101.524471862,1.683006994,0 101.524540347,1.683061256,0 101.524575916,1.683097196,0 101.524629838,1.683174888,0 101.524679408,1.683278303,0 101.52468232,1.68329639,0 101.524672808,1.683350652,0 101.524647812,1.683413063,0 101.524627591,1.683441088,0 101.524577486,1.683477262,0 101.524474767,1.683531524,0 101.524421229,1.683585786,0 101.524402672,1.683766658,0 101.524419131,1.683857094,0 101.524420139,1.683911356,0 101.524436796,1.683965618,0 101.524433875,1.683983705,0 101.524414148,1.684017097,0 101.524385768,1.684037966,0 101.524198458,1.684103868,0 101.524162509,1.684124312,0 101.524143796,1.68414649,0 101.524127433,1.684182664,0 101.524122497,1.684218839,0 101.524123335,1.684399711,0 101.524108587,1.684453618,0 101.524088178,1.684490147,0 101.524068335,1.684508235,0 101.52403669,1.68452581,0 101.524000742,1.684530706,0 101.523785051,1.684495975,0 101.523749103,1.684483886,0 101.52369518,1.684446914,0 101.523622129,1.684381624,0 101.523575486,1.684327362,0 101.523509447,1.684218839,0 101.52347949,1.6841894,0 101.523443542,1.684166635,0 101.523407593,1.684155783,0 101.523371645,1.684155632,0 101.523335697,1.684165783,0 101.523299748,1.684191297,0 101.523273971,1.684236926,0 101.523253806,1.684417798,0 101.523197157,1.684652932,0 101.523155955,1.684885687,0 101.523121046,1.68499659,0 101.523084058,1.685050295,0 101.52304811,1.685068492,0 101.522886342,1.685105312,0 101.522814445,1.685131383,0 101.522760523,1.685161528,0 101.522602023,1.685267898,0 101.52249091,1.685323112,0 101.5221494,1.685446801,0 101.521987633,1.685518105,0 101.521897762,1.685539576,0 101.521879787,1.685539576,0 101.521861813,1.685557294,0 101.521843839,1.685557294,0 101.521843839,1.685683905,0 101.521861813,1.685701992,0 101.521861813,1.685828602,0 101.521879787,1.68584669,0 101.521879787,1.685900951,0 101.521897762,1.685900951,0 101.521915736,1.685884451,0 101.52193371,1.685884451,0 101.522023581,1.68584943,0 101.522113452,1.685798236,0 101.522203323,1.68576151,0 101.522562807,1.685651767,0 101.522673447,1.685611556,0 101.522930528,1.685484945,0 101.523102032,1.685390577,0 101.523173929,1.685306083,0 101.523257434,1.685159375,0 101.523283673,1.685068939,0 101.523317999,1.684851892,0 101.523353671,1.684696536,0 101.523389619,1.684629303,0 101.523407593,1.684607476,0 101.523425568,1.684595852,0 101.523443542,1.684591802,0 101.523461516,1.684594827,0 101.52347949,1.6846047,0 101.523518204,1.684652932,0 101.52353685,1.684689107,0 101.52362939,1.684960415,0 101.523656739,1.685014677,0 101.523677206,1.685039248,0 101.523713155,1.685068109,0 101.523731129,1.68507703,0 101.523767077,1.685086012,0 101.523803026,1.685082043,0 101.52385278,1.685050851,0 101.523929358,1.684978503,0 101.52402079,1.684869979,0 101.524049871,1.684851892,0 101.524162509,1.684800498,0 101.524188145,1.684779543,0 101.52426248,1.684580583,0 101.524306303,1.684509773,0 101.524324277,1.684487735,0 101.524342251,1.684477815,0 101.524360225,1.684479295,0 101.524389356,1.684508235,0 101.524504019,1.684724376,0 101.524521993,1.684744499,0 101.524557941,1.684763559,0 101.524629838,1.684775467,0 101.524665787,1.684768238,0 101.524701735,1.684748794,0 101.524741084,1.684707194,0 101.524798241,1.684580583,0 101.524813662,1.684526322,0 101.524841534,1.684363537,0 101.524870125,1.684255013,0 101.524875301,1.684110315,0 101.52481819,1.683857094,0 101.524819527,1.683839007,0 101.524836814,1.683802832,0 101.524863503,1.683777376,0 101.524917425,1.683750638,0 101.524953374,1.683743144,0 101.524989322,1.683741078,0 101.52515109,1.683760008,0 101.525187038,1.683766965,0 101.525222986,1.683780489,0 101.525247994,1.683802832,0 101.525278649,1.683875181,0 101.52529839,1.683983705,0 101.525330832,1.684012227,0 101.52536678,1.684024903,0 101.525402728,1.684028734,0 101.525474625,1.684026149,0 101.525600444,1.684005108,0 101.525659538,1.683983705,0 101.525684901,1.683965618,0 101.525708289,1.683939524,0 101.525721813,1.683911356,0 101.525728492,1.683875181,0 101.525690085,1.683549611,0 101.5257075,1.683423001,0 101.525730209,1.683350652,0 101.525728442,1.683332564,0 101.525682145,1.683278303,0 101.525665738,1.683224041,0 101.525677602,1.683187867,0 101.525690315,1.683174063,0 101.525708289,1.683164715,0 101.525726264,1.683161248,0 101.525762212,1.68316702,0 101.52579816,1.683190127,0 101.525826592,1.683260215,0 101.52583084,1.683332564,0 101.52592398,1.68344787,0 101.52602875,1.683549611,0 101.526076086,1.683603873,0 101.526094504,1.683640047,0 101.526115704,1.683730483,0 101.526116616,1.683784745,0 101.526085747,1.683873028,0 101.526037746,1.683965618,0 101.526030047,1.684001792,0 101.526046548,1.684128403,0 101.526067773,1.684182243,0 101.526085747,1.68420391,0 101.526103722,1.684214763,0 101.526157644,1.684220848,0 101.526265489,1.684204843,0 101.526337386,1.684203876,0 101.52635536,1.684218839,0 101.526337386,1.684200752,0 101.526337386,1.684092228,0 101.526319412,1.684074141,0 101.526319412,1.683965618,0 101.526301438,1.68394753,0 101.526301438,1.683839007,0 101.526283464,1.68382092,0 101.526283464,1.683712396,0 101.526265489,1.683694309,0 101.526265489,1.683585786,0 101.526247515,1.683567698,0 101.526247515,1.683224041,0 101.526265489,1.683224041,0 101.526265489,1.683067748,0 101.526193593,1.683067748,0 101.526085747,1.682967096,0 101.526030002,1.682844209,0 101.525997463,1.682735686,0 101.525987408,1.682572901,0 101.525964098,1.682482464,0 101.525918781,1.682410115,0 101.525883884,1.682373941,0 101.525816135,1.682331919,0 101.525762212,1.682316147,0 101.525726264,1.682313975,0 
						</coordinates>
					</LinearRing>
				</outerBoundaryIs>
				<innerBoundaryIs>
					<LinearRing>
						<coordinates>
							101.524629838,1.684018587,0 101.524665787,1.684025681,0 101.524683761,1.684036942,0 101.524702841,1.684056054,0 101.524719709,1.684090324,0 101.524732,1.684164577,0 101.524719709,1.68423773,0 101.524701735,1.684266974,0 101.524683761,1.684280166,0 101.524665787,1.68428324,0 101.524647812,1.684276663,0 101.524629838,1.684261545,0 101.524539967,1.68414649,0 101.52447586,1.684092228,0 101.52447354,1.684074141,0 101.524493034,1.684056054,0 101.524545959,1.684037966,0 101.524629838,1.684018587,0 
						</coordinates>
					</LinearRing>
				</innerBoundaryIs>
			</Polygon>
		</Placemark>
		<Placemark>
			<name>22-24m</name>
			<styleUrl>#style.#FF6699FF..0.255</styleUrl>
			<Polygon>
				<tessellate>1</tessellate>
				<outerBoundaryIs>
					<LinearRing>
						<coordinates>
							101.534929048,1.695460053,0 101.53492545,1.695469097,0 101.534929048,1.695475131,0 101.534947022,1.69547814,0 101.534953018,1.695469097,0 101.534947022,1.695463063,0 101.534929048,1.695460053,0 
						</coordinates>
					</LinearRing>
				</outerBoundaryIs>
			</Polygon>
		</Placemark>
		<Placemark>
			<name>22-24m</name>
			<styleUrl>#style.#FF6699FF..0.255</styleUrl>
			<Polygon>
				<tessellate>1</tessellate>
				<outerBoundaryIs>
					<LinearRing>
						<coordinates>
							101.533059732,1.693813111,0 101.53300581,1.693814647,0 101.532969862,1.693821049,0 101.532915939,1.693839881,0 101.532795256,1.693895508,0 101.532760163,1.693913595,0 101.532737436,1.693931682,0 101.53270624,1.693985944,0 101.532699749,1.69407638,0 101.532685754,1.694112555,0 101.532647144,1.694148729,0 101.532592404,1.694172714,0 101.532538481,1.694182979,0 101.532466584,1.69418641,0 101.532394687,1.694192556,0 101.532178997,1.694217633,0 101.531999255,1.694228263,0 101.531909384,1.69423802,0 101.531819513,1.694251071,0 101.531693694,1.694273147,0 101.531639772,1.694285258,0 101.531370159,1.694363515,0 101.531280288,1.694386516,0 101.531172443,1.694405842,0 101.530974727,1.694427358,0 101.530884856,1.694442591,0 101.530723088,1.694486913,0 101.530165888,1.694653682,0 101.529950198,1.694703339,0 101.529554766,1.694807707,0 101.529446921,1.694833372,0 101.529375024,1.694847822,0 101.529303127,1.694857789,0 101.529267179,1.694859832,0 101.529159334,1.694859988,0 101.529069463,1.694867355,0 101.528835798,1.69491201,0 101.528709979,1.694931002,0 101.528602134,1.694949897,0 101.528530237,1.694970619,0 101.528386444,1.695019876,0 101.528296573,1.695045219,0 101.528224676,1.695061091,0 101.528044934,1.695092495,0 101.527973037,1.695108579,0 101.52790114,1.695128199,0 101.52776399,1.695179701,0 101.527728228,1.695197788,0 101.527703424,1.695223957,0 101.52768545,1.695230604,0 101.527667476,1.695230604,0 101.52766623,1.695233963,0 101.527649502,1.69525205,0 101.527667476,1.69525205,0 101.52768545,1.695270137,0 101.527703424,1.695288225,0 101.527721399,1.695306312,0 101.527739373,1.695306312,0 101.527793295,1.695360573,0 101.527811269,1.695360573,0 101.527829244,1.695378661,0 101.527865192,1.695414835,0 101.527883166,1.695414835,0 101.52790114,1.695432922,0 101.527919115,1.69545101,0 101.527937089,1.695469097,0 101.527955063,1.695469097,0 101.527991011,1.695505271,0 101.528008986,1.695523359,0 101.528015633,1.695505271,0 101.52802696,1.69548049,0 101.528062908,1.695456255,0 101.528260624,1.695420218,0 101.528494289,1.695365774,0 101.528727953,1.695330892,0 101.529159334,1.695234773,0 101.52923123,1.695228013,0 101.529303127,1.695228398,0 101.529734508,1.695267877,0 101.529824379,1.695263732,0 101.529932224,1.695251639,0 101.530022095,1.695246295,0 101.530273733,1.695204098,0 101.530723088,1.695155082,0 101.530830933,1.695133261,0 101.531064598,1.695071178,0 101.531148477,1.695053091,0 101.53146003,1.69501308,0 101.531513952,1.695010198,0 101.531639772,1.695029137,0 101.531837488,1.695077896,0 101.531999255,1.695092182,0 101.532035204,1.695100893,0 101.532143049,1.69514202,0 101.532196971,1.695154077,0 101.532250894,1.695156446,0 101.532340765,1.695149911,0 101.532394687,1.69515257,0 101.53244861,1.695162907,0 101.532502533,1.695180833,0 101.532538481,1.695185021,0 101.532610378,1.69518372,0 101.532700249,1.695168192,0 101.532754171,1.695166333,0 101.532844042,1.695179701,0 101.532915939,1.69520213,0 101.532981846,1.695233963,0 101.533080274,1.695306312,0 101.533203526,1.695384415,0 101.533329345,1.695498608,0 101.533464152,1.695595707,0 101.533551026,1.695686144,0 101.533619927,1.695740405,0 101.533688829,1.695816042,0 101.533832623,1.69589497,0 101.533862036,1.695921278,0 101.533915004,1.695993627,0 101.533950454,1.696029801,0 101.533976416,1.696049397,0 101.534084261,1.696111194,0 101.534138184,1.696152795,0 101.534185193,1.696210673,0 101.53422969,1.696301109,0 101.534264003,1.696342711,0 101.534299951,1.69637017,0 101.534419235,1.696481982,0 101.534470706,1.696518156,0 101.534540804,1.696590505,0 101.534561577,1.69662668,0 101.534569564,1.696662854,0 101.534569564,1.696717116,0 101.534544402,1.696789465,0 101.53455159,1.696825639,0 101.534659435,1.696894367,0 101.534695384,1.696901609,0 101.53476728,1.696925119,0 101.534803229,1.696949233,0 101.534885912,1.697060773,0 101.5349605,1.697115035,0 101.534982971,1.697139156,0 101.534997346,1.697169297,0 101.534994953,1.697205471,0 101.534938035,1.697332082,0 101.534939317,1.697368256,0 101.53492186,1.697440605,0 101.534911074,1.697538274,0 101.534846368,1.697693826,0 101.534803229,1.697824058,0 101.534726839,1.697965135,0 101.534623487,1.698101793,0 101.534311934,1.698543926,0 101.534249485,1.698616275,0 101.534066287,1.698761449,0 101.533833168,1.69897802,0 101.533796674,1.69900312,0 101.533760726,1.699018368,0 101.533742752,1.699020455,0 101.533716219,1.699014194,0 101.533634906,1.698968641,0 101.533573878,1.698923758,0 101.533491113,1.698818852,0 101.533455165,1.69878735,0 101.53343719,1.698778364,0 101.533401242,1.698770016,0 101.533365294,1.698772705,0 101.533239474,1.698814758,0 101.533185552,1.698841143,0 101.533147864,1.698869496,0 101.532949409,1.699050368,0 101.532777281,1.699176979,0 101.532736197,1.699199322,0 101.5326643,1.699226804,0 101.532636076,1.699267415,0 101.532628352,1.699285502,0 101.532646326,1.69930359,0 101.532682274,1.699339764,0 101.532700249,1.699357851,0 101.532718223,1.699357851,0 101.532736197,1.699375939,0 101.532772145,1.699412113,0 101.53279012,1.6994302,0 101.532808094,1.699448287,0 101.532826068,1.699466375,0 101.532844042,1.699484462,0 101.532862016,1.699484462,0 101.532879991,1.699502549,0 101.532897965,1.699520636,0 101.532915939,1.699538724,0 101.532933913,1.699556811,0 101.532951887,1.699556811,0 101.532969862,1.699574898,0 101.532987836,1.699592985,0 101.53300581,1.699611073,0 101.533023784,1.69962916,0 101.533041758,1.69962916,0 101.533059732,1.699647247,0 101.533077707,1.699665334,0 101.533095681,1.699683421,0 101.533113655,1.699701509,0 101.533113655,1.699791945,0 101.533095681,1.699791945,0 101.533095681,1.699810032,0 101.533113655,1.699810032,0 101.533131629,1.699804747,0 101.533149603,1.699804747,0 101.533239474,1.699825406,0 101.533365294,1.699879701,0 101.533419216,1.699895997,0 101.53343719,1.699899145,0 101.533473139,1.69990071,0 101.533509087,1.699895344,0 101.533527061,1.699889487,0 101.533747994,1.699773858,0 101.533922493,1.699697607,0 101.534102235,1.699605043,0 101.534264003,1.699535941,0 101.534317926,1.699507944,0 101.53437277,1.699466375,0 101.534518138,1.699321677,0 101.534623487,1.699227172,0 101.53476728,1.699130138,0 101.5348931,1.699062857,0 101.534947022,1.699042558,0 101.535036893,1.699015801,0 101.53532448,1.698956767,0 101.535558145,1.698888561,0 101.535630041,1.698871505,0 101.535823265,1.698833322,0 101.535935603,1.698793127,0 101.535989525,1.698761727,0 101.536028897,1.698724798,0 101.536151293,1.698555057,0 101.536187241,1.698517399,0 101.536241164,1.698485645,0 101.536384957,1.698430533,0 101.536436766,1.698399228,0 101.536492802,1.698352202,0 101.536726467,1.69812792,0 101.536762415,1.698107705,0 101.536888235,1.698067629,0 101.537103925,1.697974874,0 101.537139873,1.697966885,0 101.537157847,1.697965652,0 101.537175822,1.697967454,0 101.537229744,1.697984352,0 101.537301641,1.698021071,0 101.537357407,1.698055571,0 101.537409486,1.698096857,0 101.537505455,1.698218356,0 101.537571254,1.698280494,0 101.537607202,1.698303311,0 101.53764315,1.69831959,0 101.537697073,1.698336547,0 101.537743291,1.698344966,0 101.53776897,1.698346851,0 101.537795931,1.698344966,0 101.537876815,1.698330648,0 101.53798466,1.698283844,0 101.538038583,1.698268397,0 101.538074531,1.69825298,0 101.538110479,1.698245255,0 101.538182376,1.698249104,0 101.538254273,1.69824992,0 101.53832617,1.698263951,0 101.538362118,1.69826757,0 101.538434015,1.698270809,0 101.538451989,1.698269139,0 101.538487937,1.698255483,0 101.538505911,1.69823765,0 101.538537367,1.698182181,0 101.53854186,1.698179687,0 101.538595782,1.698179687,0 101.538613757,1.698182181,0 101.538595782,1.698164094,0 101.538577808,1.698164094,0 101.53854186,1.69812792,0 101.538523886,1.698109832,0 101.538505911,1.698091745,0 101.538469963,1.698055571,0 101.538451989,1.698055571,0 101.538434015,1.698037484,0 101.538416041,1.698019396,0 101.538398066,1.698001309,0 101.538362118,1.697965135,0 101.538344144,1.697947047,0 101.53832617,1.69792896,0 101.538308195,1.69792896,0 101.538272247,1.697892786,0 101.538254273,1.697874698,0 101.538236299,1.697856611,0 101.538218324,1.697838524,0 101.538182376,1.69780235,0 101.538164402,1.69780235,0 101.538146428,1.697784262,0 101.538128454,1.697766175,0 101.538110479,1.697748088,0 101.538092505,1.697730001,0 101.538074531,1.697711913,0 101.538038583,1.697675739,0 101.538020608,1.697675739,0 101.538002634,1.697657652,0 101.53798466,1.697639564,0 101.537966686,1.697621477,0 101.537948712,1.697621477,0 101.537930737,1.69760339,0 101.537894789,1.697567216,0 101.537876815,1.697549128,0 101.537858841,1.697549128,0 101.537840866,1.697531041,0 101.537804918,1.697494867,0 101.537786944,1.697494867,0 101.53776897,1.697476779,0 101.537750996,1.697458692,0 101.537733021,1.697440605,0 101.537715047,1.697422518,0 101.537697073,1.697422518,0 101.537679099,1.697404431,0 101.537661125,1.697386343,0 101.53764315,1.697368256,0 101.537625176,1.697368256,0 101.537589228,1.697332082,0 101.537571254,1.697313994,0 101.537553279,1.697295907,0 101.537535305,1.697295907,0 101.537499357,1.697259733,0 101.537481383,1.697241645,0 101.537463409,1.697241645,0 101.537445434,1.697223558,0 101.537391512,1.697169297,0 101.537373538,1.697169297,0 101.537355563,1.697151209,0 101.537301641,1.697096948,0 101.537283667,1.697096948,0 101.537265692,1.69707886,0 101.537229744,1.697042686,0 101.53721177,1.697042686,0 101.537193796,1.697024599,0 101.537175822,1.697006511,0 101.537157847,1.696988424,0 101.537139873,1.696970337,0 101.537121899,1.696970337,0 101.537085951,1.696934163,0 101.537067976,1.696916075,0 101.537050002,1.696916075,0 101.53699608,1.696861814,0 101.536978105,1.696843726,0 101.536960131,1.696843726,0 101.536906209,1.696789465,0 101.536888235,1.696789465,0 101.53687026,1.696771377,0 101.536816338,1.696717116,0 101.536798364,1.696717116,0 101.536780389,1.696699029,0 101.536762415,1.696680941,0 101.536744441,1.696662854,0 101.536726467,1.696662854,0 101.536708493,1.696644767,0 101.536690518,1.69662668,0 101.536672544,1.696608592,0 101.53665457,1.696590505,0 101.536636596,1.696590505,0 101.536600648,1.696554331,0 101.536582673,1.696536243,0 101.536564699,1.696518156,0 101.536546725,1.696518156,0 101.536510777,1.696481982,0 101.536492802,1.6964792,0 101.53643888,1.6964792,0 101.536384957,1.696484764,0 101.536366983,1.696491025,0 101.536353157,1.696518156,0 101.536357996,1.696554331,0 101.536372974,1.696590505,0 101.536420906,1.696684817,0 101.536497594,1.696807552,0 101.536497705,1.696825639,0 101.536487668,1.696843726,0 101.536456854,1.696856992,0 101.53643888,1.696858196,0 101.536349009,1.69684087,0 101.536259138,1.696807552,0 101.536187241,1.696795117,0 101.536115344,1.696775214,0 101.535971551,1.696714855,0 101.535798722,1.696662854,0 101.535712722,1.69662668,0 101.535648016,1.696583589,0 101.535554876,1.696500069,0 101.535511524,1.69642772,0 101.535466199,1.696283022,0 101.535432325,1.696236899,0 101.535378403,1.696194757,0 101.535252583,1.696138324,0 101.53519966,1.69610215,0 101.53512513,1.696011714,0 101.535054867,1.695940227,0 101.53487724,1.695794667,0 101.534803229,1.695720058,0 101.534673181,1.695613795,0 101.534494495,1.69545101,0 101.5343359,1.69533126,0 101.53421008,1.695253055,0 101.534048313,1.695186735,0 101.533904519,1.695148694,0 101.533864852,1.695125439,0 101.533828251,1.695089265,0 101.533813622,1.695053091,0 101.533808896,1.694998829,0 101.533814648,1.694958134,0 101.533850597,1.694901609,0 101.533988394,1.694817957,0 101.534030339,1.694781782,0 101.534030339,1.694763695,0 101.534048313,1.69475917,0 101.53412021,1.694772738,0 101.534228055,1.694810558,0 101.534301236,1.694854131,0 101.534344887,1.694908393,0 101.534357868,1.694944567,0 101.534343603,1.695016916,0 101.534344287,1.695035003,0 101.534361364,1.695071178,0 101.534398809,1.695107352,0 101.534461719,1.695137498,0 101.534515642,1.695179701,0 101.53455159,1.695200374,0 101.534569564,1.695206832,0 101.534587538,1.695206832,0 101.534592035,1.695197788,0 101.534587538,1.695179701,0 101.534521633,1.695107352,0 101.534501261,1.695071178,0 101.534485685,1.694998829,0 101.534486113,1.694962654,0 101.534497667,1.69493653,0 101.534534674,1.694908393,0 101.53455159,1.694901502,0 101.534569564,1.694901502,0 101.534587538,1.694908393,0 101.534587538,1.694890305,0 101.534533616,1.694836044,0 101.534515642,1.694836044,0 101.534497667,1.694817957,0 101.534479693,1.694799869,0 101.534425771,1.694745608,0 101.534407797,1.694745608,0 101.534389822,1.69472752,0 101.5343359,1.694673259,0 101.534317926,1.694673259,0 101.534299951,1.694655171,0 101.534228055,1.694582823,0 101.53421008,1.694582823,0 101.534192106,1.694564735,0 101.534138184,1.694510474,0 101.53412021,1.694510474,0 101.534102235,1.694492386,0 101.534048313,1.694438125,0 101.534030339,1.694420037,0 101.534012364,1.694420037,0 101.533940468,1.694347689,0 101.533922493,1.694329601,0 101.533904519,1.694329601,0 101.533850597,1.69427534,0 101.533832623,1.694257252,0 101.533814648,1.694239165,0 101.533796674,1.694221078,0 101.5337787,1.694221078,0 101.533760726,1.694202991,0 101.533742752,1.694184903,0 101.533724777,1.694166816,0 101.533670855,1.694112555,0 101.533652881,1.694112555,0 101.533634906,1.694094467,0 101.533580984,1.694040206,0 101.53356301,1.694022118,0 101.533545036,1.694004031,0 101.533527061,1.693985944,0 101.533509087,1.693985944,0 101.533491113,1.693967857,0 101.533473139,1.693949769,0 101.533455165,1.693931682,0 101.53343719,1.693913595,0 101.533401242,1.693877421,0 101.533383268,1.693859333,0 101.533383268,1.693877421,0 101.533365294,1.693872746,0 101.533329345,1.693872746,0 101.533257449,1.693851259,0 101.533214148,1.693841246,0 101.533095681,1.69381819,0 101.533059732,1.693813111,0 
						</coordinates>
					</LinearRing>
				</outerBoundaryIs>
			</Polygon>
		</Placemark>
		<Placemark>
			<name>22-24m</name>
			<styleUrl>#style.#FF6699FF..0.255</styleUrl>
			<Polygon>
				<tessellate>1</tessellate>
				<outerBoundaryIs>
					<LinearRing>
						<coordinates>
							101.525312857,1.675293151,0 101.525240961,1.675293151,0 101.525205012,1.675383656,0 101.525169064,1.675417313,0 101.525141164,1.675464618,0 101.525115141,1.675487294,0 101.525061219,1.675507843,0 101.524953374,1.675513205,0 101.524863503,1.675523703,0 101.52480958,1.675541414,0 101.524773632,1.675561083,0 101.524737018,1.675591228,0 101.52465834,1.675681665,0 101.524506456,1.675790188,0 101.524463662,1.675826362,0 101.524360225,1.675960857,0 101.524342251,1.675976354,0 101.524306303,1.675992539,0 101.524270354,1.675992694,0 101.524234406,1.675980957,0 101.524108587,1.675894988,0 101.52393197,1.675808275,0 101.523901067,1.675790188,0 101.523884338,1.675772101,0 101.52387175,1.675735926,0 101.523873637,1.675717839,0 101.523898031,1.675699752,0 101.523985112,1.675663577,0 101.524009369,1.67564549,0 101.524020575,1.675627403,0 101.524000742,1.675598335,0 101.523964793,1.675581808,0 101.523910871,1.675574588,0 101.523874922,1.675576688,0 101.52369518,1.675619581,0 101.523515439,1.67562695,0 101.523443542,1.675633678,0 101.523380632,1.67564549,0 101.523281774,1.675672983,0 101.523227852,1.675680021,0 101.523191903,1.675678651,0 101.522958239,1.675634186,0 101.522940265,1.675631925,0 101.52292229,1.675639592,0 101.522855015,1.675699752,0 101.522841176,1.675717839,0 101.522837412,1.675735926,0 101.522858852,1.675772101,0 101.522946256,1.675862537,0 101.522969761,1.675898711,0 101.522987768,1.675952973,0 101.522994187,1.676007235,0 101.522977184,1.676115758,0 101.52298199,1.676224282,0 101.522958239,1.676293614,0 101.522940265,1.676302058,0 101.52292229,1.676300249,0 101.522688626,1.676228392,0 101.522616729,1.676215111,0 101.522544832,1.676209295,0 101.522454961,1.676208977,0 101.522383065,1.676217046,0 101.522131426,1.676279019,0 101.522059529,1.676307031,0 101.521987633,1.676349953,0 101.521771942,1.676528147,0 101.521551483,1.67669455,0 101.521520304,1.676729797,0 101.521511937,1.676748811,0 101.521510499,1.676784986,0 101.521523264,1.676839248,0 101.521526295,1.676893509,0 101.521520304,1.676931694,0 101.521502044,1.676965858,0 101.521466381,1.6769908,0 101.521412459,1.677008582,0 101.521358536,1.677016278,0 101.521268665,1.677021346,0 101.521232717,1.677028971,0 101.521214076,1.677038207,0 101.521197313,1.677056294,0 101.52119008,1.677074382,0 101.521190146,1.677128643,0 101.521202319,1.677182905,0 101.521268665,1.677295128,0 101.521301775,1.677327603,0 101.521322588,1.677339996,0 101.52137651,1.677356726,0 101.521430433,1.677365046,0 101.521466381,1.677380278,0 101.521484722,1.677399952,0 101.521487812,1.677418039,0 101.521466381,1.677457545,0 101.521394484,1.677535405,0 101.521348826,1.677616999,0 101.521333124,1.67767126,0 101.521299221,1.677743609,0 101.521295753,1.677852133,0 101.521272625,1.677924482,0 101.521242621,1.677960656,0 101.521196768,1.677994969,0 101.52116022,1.678014918,0 101.521106897,1.678033522,0 101.521035001,1.678040518,0 101.520909181,1.67802999,0 101.520891207,1.678033005,0 101.520873233,1.678014918,0 101.520873233,1.678105354,0 101.520891207,1.678123441,0 101.520891207,1.678213877,0 101.520909181,1.678231965,0 101.520909181,1.678304314,0 101.520927155,1.678322401,0 101.520927155,1.678412837,0 101.52094513,1.678430924,0 101.52094513,1.67852136,0 101.520963104,1.678539448,0 101.520963104,1.678629884,0 101.520981078,1.678647971,0 101.520999052,1.678647971,0 101.521017026,1.678642876,0 101.521035001,1.678640736,0 101.521124871,1.67860848,0 101.521218113,1.678557535,0 101.521405136,1.678467099,0 101.521484355,1.678419521,0 101.521533784,1.678376662,0 101.52171802,1.678158276,0 101.52180419,1.678014918,0 101.521825009,1.677960656,0 101.52180849,1.677888307,0 101.521771942,1.677828016,0 101.521744981,1.677761697,0 101.521752636,1.67767126,0 101.521826111,1.677526562,0 101.521850277,1.677399952,0 101.521867689,1.67734569,0 101.521915736,1.677274633,0 101.521980442,1.677219079,0 101.522008935,1.677182905,0 101.522018237,1.677110556,0 101.522045812,1.677038207,0 101.522066832,1.677002033,0 101.522095478,1.676969088,0 101.5221494,1.676933033,0 101.522203323,1.67691453,0 101.522347116,1.67690183,0 101.522419013,1.676888988,0 101.52249091,1.676868129,0 101.522616729,1.676820916,0 101.522652677,1.676811755,0 101.5227066,1.676809515,0 101.522760523,1.676822416,0 101.522793402,1.676839248,0 101.522815301,1.676857335,0 101.522843803,1.676911597,0 101.522849148,1.676947771,0 101.522835668,1.677092469,0 101.522838242,1.677128643,0 101.522850103,1.677164818,0 101.522897295,1.677219079,0 101.522945843,1.677255254,0 101.523157836,1.677381865,0 101.523209877,1.677408182,0 101.5232638,1.677428133,0 101.523353671,1.677446281,0 101.523389619,1.677446074,0 101.523497464,1.677435057,0 101.523551387,1.677437624,0 101.523605309,1.677454352,0 101.52369518,1.677516446,0 101.523731129,1.677531132,0 101.523767077,1.677538237,0 101.523803026,1.677539042,0 101.523877561,1.677526562,0 101.523928845,1.677506214,0 101.523975786,1.677472301,0 101.524041017,1.677399952,0 101.524134061,1.677309516,0 101.524216865,1.677200992,0 101.524223902,1.677164818,0 101.524198458,1.677038207,0 101.524178702,1.676839248,0 101.524186039,1.676748811,0 101.524217763,1.676658375,0 101.52425238,1.676611407,0 101.52429472,1.676586026,0 101.524337219,1.676549852,0 101.52446807,1.676395763,0 101.524504019,1.676367688,0 101.524521993,1.676362197,0 101.524539967,1.676363976,0 101.52459389,1.676396354,0 101.524611864,1.67640325,0 101.524629838,1.676404293,0 101.524647812,1.676400732,0 101.524683761,1.676384939,0 101.524728513,1.676350892,0 101.524746109,1.676314718,0 101.524747215,1.676278543,0 101.524723188,1.676188107,0 101.524719082,1.676133845,0 101.524737683,1.67607292,0 101.524765748,1.676025322,0 101.524791606,1.676004076,0 101.524827554,1.675993299,0 101.52502527,1.67600855,0 101.52515109,1.676007547,0 101.525169064,1.676002411,0 101.525205012,1.675979363,0 101.525258935,1.675967995,0 101.525294883,1.675955156,0 101.52536678,1.675955156,0 101.52536678,1.675808275,0 101.525348806,1.675790188,0 101.525348806,1.675591228,0 101.525330832,1.675573141,0 101.525330832,1.675374182,0 101.525312857,1.675356094,0 101.525312857,1.675293151,0 
						</coordinates>
					</LinearRing>
				</outerBoundaryIs>
				<innerBoundaryIs>
					<LinearRing>
						<coordinates>
							101.523353671,1.676447495,0 101.523407593,1.676453627,0 101.523443542,1.676464176,0 101.523551387,1.676514039,0 101.523631482,1.676586026,0 101.52365656,1.676622201,0 101.523670595,1.676658375,0 101.523683569,1.676784986,0 101.523702829,1.67682116,0 101.523749103,1.676856314,0 101.523821,1.676886886,0 101.523861868,1.676911597,0 101.523892896,1.676942059,0 101.523919736,1.676983945,0 101.523937672,1.677038207,0 101.523954979,1.677200992,0 101.523943936,1.677327603,0 101.523928185,1.677363777,0 101.523874922,1.677411481,0 101.523838974,1.677424957,0 101.523803026,1.677427718,0 101.523749103,1.677413567,0 101.523671498,1.677363777,0 101.523623284,1.677344761,0 101.523569361,1.677340618,0 101.523407593,1.677357327,0 101.523346532,1.67734569,0 101.523315179,1.677327603,0 101.523281913,1.677291428,0 101.523155955,1.677045442,0 101.523141042,1.676983945,0 101.523141214,1.676947771,0 101.523162806,1.676839248,0 101.523172306,1.676640288,0 101.523191903,1.676587866,0 101.523245826,1.67649559,0 101.523281774,1.676462917,0 101.523317722,1.676450372,0 101.523353671,1.676447495,0 
						</coordinates>
					</LinearRing>
				</innerBoundaryIs>
			</Polygon>
		</Placemark>
		<Placemark>
			<name>24-26m</name>
			<styleUrl>#style.#FF0099FF..0.255</styleUrl>
			<Polygon>
				<tessellate>1</tessellate>
				<outerBoundaryIs>
					<LinearRing>
						<coordinates>
							101.52536678,1.675955156,0 101.525294883,1.675955156,0 101.525258935,1.675967995,0 101.525205012,1.675979363,0 101.525169064,1.676002411,0 101.52515109,1.676007547,0 101.52502527,1.67600855,0 101.524827554,1.675993299,0 101.524791606,1.676004076,0 101.524765748,1.676025322,0 101.524737683,1.67607292,0 101.524719082,1.676133845,0 101.524723188,1.676188107,0 101.524747215,1.676278543,0 101.524746109,1.676314718,0 101.524728513,1.676350892,0 101.524683761,1.676384939,0 101.524647812,1.676400732,0 101.524629838,1.676404293,0 101.524611864,1.67640325,0 101.52459389,1.676396354,0 101.524539967,1.676363976,0 101.524521993,1.676362197,0 101.524504019,1.676367688,0 101.52446807,1.676395763,0 101.524337219,1.676549852,0 101.52429472,1.676586026,0 101.52425238,1.676611407,0 101.524217763,1.676658375,0 101.524186039,1.676748811,0 101.524178702,1.676839248,0 101.524198458,1.677038207,0 101.524223902,1.677164818,0 101.524216865,1.677200992,0 101.524134061,1.677309516,0 101.524041017,1.677399952,0 101.523975786,1.677472301,0 101.523928845,1.677506214,0 101.523877561,1.677526562,0 101.523803026,1.677539042,0 101.523767077,1.677538237,0 101.523731129,1.677531132,0 101.52369518,1.677516446,0 101.523605309,1.677454352,0 101.523551387,1.677437624,0 101.523497464,1.677435057,0 101.523389619,1.677446074,0 101.523353671,1.677446281,0 101.5232638,1.677428133,0 101.523209877,1.677408182,0 101.523157836,1.677381865,0 101.522945843,1.677255254,0 101.522897295,1.677219079,0 101.522850103,1.677164818,0 101.522838242,1.677128643,0 101.522835668,1.677092469,0 101.522849148,1.676947771,0 101.522843803,1.676911597,0 101.522815301,1.676857335,0 101.522793402,1.676839248,0 101.522760523,1.676822416,0 101.5227066,1.676809515,0 101.522652677,1.676811755,0 101.522616729,1.676820916,0 101.52249091,1.676868129,0 101.522419013,1.676888988,0 101.522347116,1.67690183,0 101.522203323,1.67691453,0 101.5221494,1.676933033,0 101.522095478,1.676969088,0 101.522066832,1.677002033,0 101.522045812,1.677038207,0 101.522018237,1.677110556,0 101.522008935,1.677182905,0 101.521980442,1.677219079,0 101.521915736,1.677274633,0 101.521867689,1.67734569,0 101.521850277,1.677399952,0 101.521826111,1.677526562,0 101.521752636,1.67767126,0 101.521744981,1.677761697,0 101.521771942,1.677828016,0 101.52180849,1.677888307,0 101.521825009,1.677960656,0 101.52180419,1.678014918,0 101.52171802,1.678158276,0 101.521533784,1.678376662,0 101.521484355,1.678419521,0 101.521405136,1.678467099,0 101.521218113,1.678557535,0 101.521124871,1.67860848,0 101.521035001,1.678640736,0 101.521017026,1.678642876,0 101.520999052,1.678647971,0 101.520981078,1.678647971,0 101.520981078,1.678738407,0 101.520999052,1.678756494,0 101.520999052,1.678846931,0 101.521017026,1.678865018,0 101.521017026,1.678955454,0 101.521035001,1.678973541,0 101.521035001,1.679063977,0 101.521052975,1.679082065,0 101.521052975,1.679172501,0 101.521070949,1.679190588,0 101.521070949,1.679281024,0 101.521088923,1.679299111,0 101.521088923,1.679389548,0 101.521106897,1.679407635,0 101.521124871,1.67939127,0 101.521142846,1.67939127,0 101.521246647,1.679317199,0 101.521340562,1.679226762,0 101.521387295,1.679190588,0 101.521538278,1.679094518,0 101.521753968,1.678976986,0 101.521826495,1.678919279,0 101.521855453,1.678883105,0 101.521882973,1.678828843,0 101.521952277,1.678593709,0 101.522000215,1.678467099,0 101.522050422,1.678358575,0 101.522114135,1.678268139,0 101.522168113,1.678213877,0 101.522221297,1.6781727,0 101.522562807,1.677986965,0 101.522616729,1.677966857,0 101.5227066,1.677945153,0 101.522778497,1.677938047,0 101.522886342,1.67793928,0 101.523120006,1.677959451,0 101.523245826,1.677963821,0 101.523443542,1.677962665,0 101.52347949,1.677959592,0 101.523515439,1.67795079,0 101.523571253,1.677924482,0 101.523610779,1.677888307,0 101.523633328,1.677797871,0 101.523663119,1.677761697,0 101.523708661,1.677725522,0 101.523838974,1.677670794,0 101.523902575,1.677653173,0 101.524077541,1.677616999,0 101.524144535,1.677578815,0 101.524180483,1.677564128,0 101.524198458,1.677562737,0 101.524450096,1.677634622,0 101.52446807,1.677636553,0 101.524504019,1.677626738,0 101.524539967,1.677598409,0 101.52458916,1.677526562,0 101.524685438,1.677273341,0 101.524699133,1.677255254,0 101.524808535,1.677164818,0 101.524845528,1.677109569,0 101.524880842,1.677038207,0 101.524881477,1.676945304,0 101.524917425,1.676875045,0 101.524973979,1.67682116,0 101.525097167,1.676742998,0 101.525184043,1.676676462,0 101.525205012,1.676656803,0 101.525240961,1.676602305,0 101.525348806,1.676538608,0 101.525420702,1.676538608,0 101.525420702,1.676459416,0 101.525402728,1.676441328,0 101.525402728,1.676242369,0 101.525384754,1.676224282,0 101.525384754,1.676025322,0 101.52536678,1.676007235,0 101.52536678,1.675955156,0 
						</coordinates>
					</LinearRing>
				</outerBoundaryIs>
			</Polygon>
		</Placemark>
		<Placemark>
			<name>24-26m</name>
			<styleUrl>#style.#FF0099FF..0.255</styleUrl>
			<Polygon>
				<tessellate>1</tessellate>
				<outerBoundaryIs>
					<LinearRing>
						<coordinates>
							101.525240961,1.681598094,0 101.525222986,1.681601963,0 101.525187038,1.68164713,0 101.525173702,1.681686626,0 101.525126353,1.681903673,0 101.525120964,1.681994109,0 101.525126167,1.682138807,0 101.525146665,1.682337767,0 101.525146414,1.682392028,0 101.525115141,1.682675395,0 101.525099374,1.682717598,0 101.525085869,1.682735686,0 101.525061219,1.682747481,0 101.525043245,1.682745399,0 101.524953374,1.682711946,0 101.524755658,1.682662727,0 101.52466069,1.682609075,0 101.524629838,1.682581069,0 101.52459389,1.682533884,0 101.524539967,1.682487242,0 101.524504019,1.682477297,0 101.52446807,1.682485595,0 101.524448432,1.682500552,0 101.524432122,1.6825255,0 101.524410965,1.682590988,0 101.524367178,1.682681424,0 101.524298677,1.68277186,0 101.524254785,1.682844209,0 101.524230666,1.682898471,0 101.524219358,1.682952732,0 101.524225488,1.683043169,0 101.52425149,1.68309743,0 101.524298424,1.683169779,0 101.524342251,1.683213366,0 101.524401377,1.683260215,0 101.524432122,1.68329639,0 101.524410154,1.683332564,0 101.524385486,1.683350652,0 101.524351238,1.683368739,0 101.524254948,1.683404913,0 101.524184508,1.683459175,0 101.52411308,1.683549611,0 101.524062426,1.683658135,0 101.524011178,1.683712396,0 101.523918061,1.683784745,0 101.523880209,1.683802832,0 101.523731129,1.683851877,0 101.523623284,1.683899188,0 101.523551387,1.683924921,0 101.523353671,1.683972609,0 101.523281774,1.683994327,0 101.523245826,1.684008939,0 101.523191903,1.684040622,0 101.523156359,1.684074141,0 101.523125941,1.684128403,0 101.523107439,1.684182664,0 101.52308256,1.684309275,0 101.523057346,1.684363537,0 101.523030135,1.684393474,0 101.523012161,1.684403027,0 101.522814445,1.684440285,0 101.522760523,1.684459224,0 101.5227066,1.684496846,0 101.522544832,1.684646903,0 101.52249091,1.684683787,0 101.522093586,1.684869979,0 101.521969658,1.684942894,0 101.52193371,1.684955329,0 101.521897762,1.684951664,0 101.521861813,1.684956195,0 101.521789916,1.684952247,0 101.521771942,1.684960415,0 101.521753968,1.684960415,0 101.521753968,1.685032764,0 101.521771942,1.685050851,0 101.521771942,1.685141288,0 101.521789916,1.685159375,0 101.521789916,1.685249811,0 101.521807891,1.685267898,0 101.521807891,1.685376422,0 101.521825865,1.685394509,0 101.521825865,1.68552112,0 101.521843839,1.685539207,0 101.521843839,1.685557294,0 101.521861813,1.685557294,0 101.521879787,1.685539576,0 101.521897762,1.685539576,0 101.521987633,1.685518105,0 101.5221494,1.685446801,0 101.52249091,1.685323112,0 101.522602023,1.685267898,0 101.522760523,1.685161528,0 101.522814445,1.685131383,0 101.522886342,1.685105312,0 101.52304811,1.685068492,0 101.523084058,1.685050295,0 101.523121046,1.68499659,0 101.523155955,1.684885687,0 101.523197157,1.684652932,0 101.523253806,1.684417798,0 101.523273971,1.684236926,0 101.523299748,1.684191297,0 101.523335697,1.684165783,0 101.523371645,1.684155632,0 101.523407593,1.684155783,0 101.523443542,1.684166635,0 101.52347949,1.6841894,0 101.523509447,1.684218839,0 101.523575486,1.684327362,0 101.523622129,1.684381624,0 101.52369518,1.684446914,0 101.523749103,1.684483886,0 101.523785051,1.684495975,0 101.524000742,1.684530706,0 101.52403669,1.68452581,0 101.524068335,1.684508235,0 101.524088178,1.684490147,0 101.524108587,1.684453618,0 101.524123335,1.684399711,0 101.524122497,1.684218839,0 101.524127433,1.684182664,0 101.524143796,1.68414649,0 101.524162509,1.684124312,0 101.524198458,1.684103868,0 101.524385768,1.684037966,0 101.524414148,1.684017097,0 101.524433875,1.683983705,0 101.524436796,1.683965618,0 101.524420139,1.683911356,0 101.524419131,1.683857094,0 101.524402672,1.683766658,0 101.524421229,1.683585786,0 101.524474767,1.683531524,0 101.524577486,1.683477262,0 101.524627591,1.683441088,0 101.524647812,1.683413063,0 101.524672808,1.683350652,0 101.52468232,1.68329639,0 101.524679408,1.683278303,0 101.524629838,1.683174888,0 101.524575916,1.683097196,0 101.524540347,1.683061256,0 101.524471862,1.683006994,0 101.524437841,1.682952732,0 101.524440937,1.682916558,0 101.524454705,1.682880384,0 101.524482716,1.682844209,0 101.524504019,1.682830199,0 101.524557941,1.682815669,0 101.52459389,1.682818483,0 101.524629838,1.682827798,0 101.524833909,1.682934645,0 101.524875643,1.68297082,0 101.524902989,1.683006994,0 101.524957603,1.683224041,0 101.525007296,1.683298051,0 101.525043245,1.683332868,0 101.525097167,1.683360435,0 101.52515109,1.683364997,0 101.525213999,1.683350652,0 101.525240961,1.683335399,0 101.525258935,1.683317314,0 101.525286332,1.683260215,0 101.525301976,1.683187867,0 101.52533824,1.682826122,0 101.525420912,1.682536726,0 101.525451379,1.682464377,0 101.525492982,1.682410115,0 101.525517149,1.682392028,0 101.525585038,1.682355854,0 101.525690315,1.682318558,0 101.525726264,1.682313975,0 101.525762212,1.682316147,0 101.525816135,1.682331919,0 101.525883884,1.682373941,0 101.525918781,1.682410115,0 101.525964098,1.682482464,0 101.525987408,1.682572901,0 101.525997463,1.682735686,0 101.526030002,1.682844209,0 101.526085747,1.682967096,0 101.526193593,1.683067748,0 101.526265489,1.683067748,0 101.526265489,1.682988907,0 101.526283464,1.682988907,0 101.526283464,1.682753773,0 101.526301438,1.682753773,0 101.526301438,1.682518639,0 101.526319412,1.682518639,0 101.526319412,1.682283505,0 101.526337386,1.682283505,0 101.526337386,1.682093077,0 101.526265489,1.682093077,0 101.526193593,1.682214774,0 101.52613967,1.682271532,0 101.526103722,1.68228205,0 101.526067773,1.682280896,0 101.526035472,1.682265418,0 101.526015965,1.68224733,0 101.52597763,1.682174981,0 101.525961093,1.68212072,0 101.525958644,1.682084545,0 101.525966858,1.682048371,0 101.526003221,1.681976022,0 101.526031825,1.681884195,0 101.526039734,1.681813237,0 101.526036359,1.681758975,0 101.526031825,1.681734395,0 101.526013851,1.681703181,0 101.525995876,1.681685593,0 101.525959928,1.681673333,0 101.52592398,1.68168126,0 101.525906006,1.68169285,0 101.525867643,1.681740888,0 101.525847826,1.681813237,0 101.525826807,1.681976022,0 101.525797917,1.682030284,0 101.525749598,1.682066458,0 101.525690315,1.682084984,0 101.525618419,1.68208868,0 101.525564496,1.68207566,0 101.525510573,1.682040359,0 101.525460319,1.681976022,0 101.525348806,1.681718993,0 101.525298922,1.681632364,0 101.525258935,1.681602312,0 101.525240961,1.681598094,0 
						</coordinates>
					</LinearRing>
				</outerBoundaryIs>
			</Polygon>
		</Placemark>
		<Placemark>
			<name>24-26m</name>
			<styleUrl>#style.#FF0099FF..0.255</styleUrl>
			<Polygon>
				<tessellate>1</tessellate>
				<outerBoundaryIs>
					<LinearRing>
						<coordinates>
							101.524629838,1.684018587,0 101.524545959,1.684037966,0 101.524493034,1.684056054,0 101.52447354,1.684074141,0 101.52447586,1.684092228,0 101.524539967,1.68414649,0 101.524629838,1.684261545,0 101.524647812,1.684276663,0 101.524665787,1.68428324,0 101.524683761,1.684280166,0 101.524701735,1.684266974,0 101.524719709,1.68423773,0 101.524732,1.684164577,0 101.524719709,1.684090324,0 101.524702841,1.684056054,0 101.524683761,1.684036942,0 101.524665787,1.684025681,0 101.524629838,1.684018587,0 
						</coordinates>
					</LinearRing>
				</outerBoundaryIs>
			</Polygon>
		</Placemark>
		<Placemark>
			<name>24-26m</name>
			<styleUrl>#style.#FF0099FF..0.255</styleUrl>
			<Polygon>
				<tessellate>1</tessellate>
				<outerBoundaryIs>
					<LinearRing>
						<coordinates>
							101.522095478,1.684423451,0 101.522059529,1.684434593,0 101.522045442,1.684453973,0 101.522038735,1.684490147,0 101.522041555,1.684520895,0 101.522058062,1.684562496,0 101.522077503,1.684585105,0 101.522095478,1.684595569,0 101.522131426,1.684598671,0 101.522159136,1.684580583,0 101.522185349,1.684548664,0 101.522197332,1.684526322,0 101.522197125,1.684508235,0 101.522181629,1.68447206,0 101.522163655,1.684453973,0 101.522131426,1.684430459,0 101.522095478,1.684423451,0 
						</coordinates>
					</LinearRing>
				</outerBoundaryIs>
			</Polygon>
		</Placemark>
		<Placemark>
			<name>24-26m</name>
			<styleUrl>#style.#FF0099FF..0.255</styleUrl>
			<Polygon>
				<tessellate>1</tessellate>
				<outerBoundaryIs>
					<LinearRing>
						<coordinates>
							101.524234406,1.680445563,0 101.524225129,1.680456694,0 101.524234406,1.680478955,0 101.52425238,1.680484701,0 101.524265112,1.680474782,0 101.52425238,1.680448473,0 101.524234406,1.680445563,0 
						</coordinates>
					</LinearRing>
				</outerBoundaryIs>
			</Polygon>
		</Placemark>
		<Placemark>
			<name>24-26m</name>
			<styleUrl>#style.#FF0099FF..0.255</styleUrl>
			<Polygon>
				<tessellate>1</tessellate>
				<outerBoundaryIs>
					<LinearRing>
						<coordinates>
							101.534048313,1.69475917,0 101.534030339,1.694763695,0 101.534030339,1.694781782,0 101.533988394,1.694817957,0 101.533850597,1.694901609,0 101.533814648,1.694958134,0 101.533808896,1.694998829,0 101.533813622,1.695053091,0 101.533828251,1.695089265,0 101.533864852,1.695125439,0 101.533904519,1.695148694,0 101.534048313,1.695186735,0 101.53421008,1.695253055,0 101.5343359,1.69533126,0 101.534494495,1.69545101,0 101.534673181,1.695613795,0 101.534803229,1.695720058,0 101.53487724,1.695794667,0 101.535054867,1.695940227,0 101.53512513,1.696011714,0 101.53519966,1.69610215,0 101.535252583,1.696138324,0 101.535378403,1.696194757,0 101.535432325,1.696236899,0 101.535466199,1.696283022,0 101.535511524,1.69642772,0 101.535554876,1.696500069,0 101.535648016,1.696583589,0 101.535712722,1.69662668,0 101.535798722,1.696662854,0 101.535971551,1.696714855,0 101.536115344,1.696775214,0 101.536187241,1.696795117,0 101.536259138,1.696807552,0 101.536349009,1.69684087,0 101.53643888,1.696858196,0 101.536456854,1.696856992,0 101.536487668,1.696843726,0 101.536497705,1.696825639,0 101.536497594,1.696807552,0 101.536420906,1.696684817,0 101.536372974,1.696590505,0 101.536357996,1.696554331,0 101.536353157,1.696518156,0 101.536366983,1.696491025,0 101.536384957,1.696484764,0 101.53643888,1.6964792,0 101.536492802,1.6964792,0 101.536510777,1.696481982,0 101.536492802,1.696463895,0 101.536474828,1.696463895,0 101.536456854,1.696445807,0 101.536420906,1.696409633,0 101.536402931,1.696391546,0 101.536384957,1.696391546,0 101.536366983,1.696373458,0 101.536331035,1.696337284,0 101.536313061,1.696337284,0 101.536295086,1.696319197,0 101.536277112,1.696301109,0 101.536241164,1.696264935,0 101.53622319,1.696264935,0 101.536205215,1.696246848,0 101.536187241,1.696228761,0 101.536169267,1.696210673,0 101.536151293,1.696210673,0 101.536133319,1.696192586,0 101.536115344,1.696174499,0 101.53609737,1.696156412,0 101.536079396,1.696138324,0 101.536061422,1.696138324,0 101.536043448,1.696120237,0 101.536025473,1.69610215,0 101.536007499,1.696084063,0 101.535989525,1.696065975,0 101.535971551,1.696065975,0 101.535935603,1.696029801,0 101.535917628,1.696011714,0 101.535899654,1.695993627,0 101.53588168,1.695975539,0 101.535863706,1.695975539,0 101.535845732,1.695957452,0 101.535827757,1.695939365,0 101.535809783,1.695921278,0 101.535791809,1.69590319,0 101.535755861,1.695867016,0 101.535737886,1.695867016,0 101.535719912,1.695848929,0 101.535701938,1.695830841,0 101.535648016,1.69577658,0 101.535630041,1.695758493,0 101.535612067,1.695758493,0 101.535594093,1.695740405,0 101.535558145,1.695704231,0 101.53554017,1.695686144,0 101.535522196,1.695668056,0 101.535504222,1.695649969,0 101.535486248,1.695649969,0 101.535468274,1.695631882,0 101.535450299,1.695613795,0 101.535432325,1.695595707,0 101.535396377,1.695559533,0 101.535378403,1.695559533,0 101.535360429,1.695541446,0 101.535342454,1.695523359,0 101.53532448,1.695505271,0 101.535270558,1.69545101,0 101.535252583,1.69545101,0 101.535234609,1.695432922,0 101.535180687,1.695378661,0 101.535162712,1.695360573,0 101.535144738,1.695342486,0 101.535126764,1.695342486,0 101.535072842,1.695288225,0 101.535054867,1.695270137,0 101.535018919,1.695233963,0 101.535000945,1.695233963,0 101.534982971,1.695215876,0 101.534964996,1.695197788,0 101.534929048,1.695161614,0 101.534911074,1.695161614,0 101.5348931,1.695143527,0 101.534875125,1.695125439,0 101.534821203,1.695071178,0 101.534803229,1.695071178,0 101.534785255,1.695053091,0 101.53476728,1.695035003,0 101.534731332,1.694998829,0 101.534713358,1.694998829,0 101.534695384,1.694980742,0 101.534677409,1.694962654,0 101.534623487,1.694908393,0 101.534605513,1.694908393,0 101.534587538,1.694890305,0 101.534587538,1.694908393,0 101.534569564,1.694901502,0 101.53455159,1.694901502,0 101.534534674,1.694908393,0 101.534497667,1.69493653,0 101.534486113,1.694962654,0 101.534485685,1.694998829,0 101.534501261,1.695071178,0 101.534521633,1.695107352,0 101.534587538,1.695179701,0 101.534592035,1.695197788,0 101.534587538,1.695206832,0 101.534569564,1.695206832,0 101.53455159,1.695200374,0 101.534515642,1.695179701,0 101.534461719,1.695137498,0 101.534398809,1.695107352,0 101.534361364,1.695071178,0 101.534344287,1.695035003,0 101.534343603,1.695016916,0 101.534357868,1.694944567,0 101.534344887,1.694908393,0 101.534301236,1.694854131,0 101.534228055,1.694810558,0 101.53412021,1.694772738,0 101.534048313,1.69475917,0 
						</coordinates>
					</LinearRing>
				</outerBoundaryIs>
				<innerBoundaryIs>
					<LinearRing>
						<coordinates>
							101.534929048,1.695460053,0 101.534947022,1.695463063,0 101.534953018,1.695469097,0 101.534947022,1.69547814,0 101.534929048,1.695475131,0 101.53492545,1.695469097,0 101.534929048,1.695460053,0 
						</coordinates>
					</LinearRing>
				</innerBoundaryIs>
			</Polygon>
		</Placemark>
		<Placemark>
			<name>24-26m</name>
			<styleUrl>#style.#FF0099FF..0.255</styleUrl>
			<Polygon>
				<tessellate>1</tessellate>
				<outerBoundaryIs>
					<LinearRing>
						<coordinates>
							101.531513952,1.695010198,0 101.53146003,1.69501308,0 101.531148477,1.695053091,0 101.531064598,1.695071178,0 101.530830933,1.695133261,0 101.530723088,1.695155082,0 101.530273733,1.695204098,0 101.530022095,1.695246295,0 101.529932224,1.695251639,0 101.529824379,1.695263732,0 101.529734508,1.695267877,0 101.529303127,1.695228398,0 101.52923123,1.695228013,0 101.529159334,1.695234773,0 101.528727953,1.695330892,0 101.528494289,1.695365774,0 101.528260624,1.695420218,0 101.528062908,1.695456255,0 101.52802696,1.69548049,0 101.528015633,1.695505271,0 101.528008986,1.695523359,0 101.52802696,1.695523359,0 101.528080882,1.69557762,0 101.528098857,1.695595707,0 101.528116831,1.695595707,0 101.528134805,1.695613795,0 101.528170753,1.695649969,0 101.528188727,1.695649969,0 101.528206702,1.695668056,0 101.528224676,1.695686144,0 101.528278598,1.695740405,0 101.528296573,1.695740405,0 101.528314547,1.695758493,0 101.528368469,1.695812754,0 101.528386444,1.695830841,0 101.528404418,1.695848929,0 101.528422392,1.695848929,0 101.528476314,1.69590319,0 101.528494289,1.695921278,0 101.528530237,1.695957452,0 101.528548211,1.695957452,0 101.528566185,1.695975539,0 101.52858416,1.695993627,0 101.528656056,1.696065975,0 101.528674031,1.696065975,0 101.528692005,1.696084063,0 101.528709979,1.69610215,0 101.528727953,1.696098862,0 101.528745927,1.696098862,0 101.528763901,1.696091816,0 101.528781876,1.696059946,0 101.528817824,1.696047888,0 101.528853772,1.696043547,0 101.528907695,1.696040653,0 101.528961618,1.696044995,0 101.529069463,1.696061042,0 101.529500843,1.696189571,0 101.529608688,1.696258551,0 101.529714734,1.696337284,0 101.529752482,1.696373458,0 101.529860327,1.696503083,0 101.529939412,1.696572418,0 101.529968172,1.696606007,0 101.529997585,1.696662854,0 101.530026088,1.69675329,0 101.530058043,1.696794632,0 101.530111966,1.696846743,0 101.530141379,1.696897988,0 101.530156083,1.69695225,0 101.530174875,1.697096948,0 101.530186432,1.697133122,0 101.530219811,1.697182859,0 101.530258757,1.697205471,0 101.53031687,1.697295907,0 101.530333652,1.697332082,0 101.530331254,1.697350169,0 101.530327656,1.697368256,0 101.53034563,1.697386343,0 101.530363604,1.697404431,0 101.530381578,1.697422518,0 101.530399553,1.697440605,0 101.530417527,1.697440605,0 101.530453475,1.697476779,0 101.530471449,1.697494867,0 101.530489424,1.697494867,0 101.530543346,1.697549128,0 101.53056132,1.697549128,0 101.530579294,1.697567216,0 101.530597269,1.697585303,0 101.530651191,1.697639564,0 101.530669165,1.697657652,0 101.53068714,1.697675739,0 101.530723088,1.697711913,0 101.530741062,1.697730001,0 101.530759036,1.697748088,0 101.530777011,1.697766175,0 101.530794985,1.697784262,0 101.530812959,1.69780235,0 101.530830933,1.697820437,0 101.530848907,1.697820437,0 101.530866881,1.697838524,0 101.530884856,1.697856611,0 101.53090283,1.697874698,0 101.530920804,1.697892786,0 101.530956752,1.69792896,0 101.530974727,1.697947047,0 101.530992701,1.697965135,0 101.531046623,1.698019396,0 101.531064598,1.698019396,0 101.531082572,1.698037484,0 101.531154468,1.698109832,0 101.531172443,1.69812792,0 101.531226365,1.698182181,0 101.531244339,1.698200269,0 101.531262314,1.698218356,0 101.531280288,1.698218356,0 101.531316236,1.69825453,0 101.53133421,1.698272618,0 101.531352185,1.698290705,0 101.531406107,1.698344966,0 101.531424081,1.698363054,0 101.531442056,1.698381141,0 101.531478004,1.698417315,0 101.531495978,1.698435403,0 101.531531926,1.698471577,0 101.531549901,1.698489664,0 101.531567875,1.698489664,0 101.531585849,1.698507752,0 101.531603823,1.698525839,0 101.531621797,1.698525839,0 101.531639772,1.698543926,0 101.531657746,1.698562013,0 101.53167572,1.698562013,0 101.531693694,1.6985801,0 101.531711668,1.698598188,0 101.531729643,1.698616275,0 101.531747617,1.698616275,0 101.531783565,1.698652449,0 101.531801539,1.698670537,0 101.531819513,1.698670537,0 101.531837488,1.698688624,0 101.531873436,1.698724798,0 101.53189141,1.698724798,0 101.531909384,1.698742886,0 101.531927359,1.698760973,0 101.531945333,1.69877906,0 101.531960911,1.698760973,0 101.531963307,1.698757356,0 101.531981281,1.698757356,0 101.531999255,1.69875374,0 101.532002849,1.698760973,0 101.531999255,1.698767002,0 101.531981281,1.69877906,0 101.531963307,1.69877906,0 101.531999255,1.698815234,0 101.53201723,1.698833322,0 101.532035204,1.698833322,0 101.532089126,1.698887583,0 101.5321071,1.698905671,0 101.532125075,1.698923758,0 101.532143049,1.698923758,0 101.532178997,1.698959932,0 101.532196971,1.69897802,0 101.532214946,1.698996107,0 101.53223292,1.699014194,0 101.532250894,1.699014194,0 101.532286842,1.699050368,0 101.532304817,1.699068456,0 101.532322791,1.699086543,0 101.532340765,1.699086543,0 101.532376713,1.699122717,0 101.532394687,1.699140805,0 101.532412662,1.699140805,0 101.53244861,1.699176979,0 101.532466584,1.699176979,0 101.532484558,1.699195066,0 101.532502533,1.699213154,0 101.532520507,1.699213154,0 101.532556455,1.699249328,0 101.532574429,1.699249328,0 101.532592404,1.699267415,0 101.532610378,1.699285502,0 101.532628352,1.69930359,0 101.532646326,1.69930359,0 101.532628352,1.699285502,0 101.532636076,1.699267415,0 101.5326643,1.699226804,0 101.532736197,1.699199322,0 101.532777281,1.699176979,0 101.532949409,1.699050368,0 101.533147864,1.698869496,0 101.533185552,1.698841143,0 101.533239474,1.698814758,0 101.533365294,1.698772705,0 101.533401242,1.698770016,0 101.53343719,1.698778364,0 101.533455165,1.69878735,0 101.533491113,1.698818852,0 101.533573878,1.698923758,0 101.533634906,1.698968641,0 101.533716219,1.699014194,0 101.533742752,1.699020455,0 101.533760726,1.699018368,0 101.533796674,1.69900312,0 101.533833168,1.69897802,0 101.534066287,1.698761449,0 101.534249485,1.698616275,0 101.534311934,1.698543926,0 101.534623487,1.698101793,0 101.534726839,1.697965135,0 101.534803229,1.697824058,0 101.534846368,1.697693826,0 101.534911074,1.697538274,0 101.53492186,1.697440605,0 101.534939317,1.697368256,0 101.534938035,1.697332082,0 101.534994953,1.697205471,0 101.534997346,1.697169297,0 101.534982971,1.697139156,0 101.5349605,1.697115035,0 101.534885912,1.697060773,0 101.534803229,1.696949233,0 101.53476728,1.696925119,0 101.534695384,1.696901609,0 101.534659435,1.696894367,0 101.53455159,1.696825639,0 101.534544402,1.696789465,0 101.534569564,1.696717116,0 101.534569564,1.696662854,0 101.534561577,1.69662668,0 101.534540804,1.696590505,0 101.534470706,1.696518156,0 101.534419235,1.696481982,0 101.534299951,1.69637017,0 101.534264003,1.696342711,0 101.53422969,1.696301109,0 101.534185193,1.696210673,0 101.534138184,1.696152795,0 101.534084261,1.696111194,0 101.533976416,1.696049397,0 101.533950454,1.696029801,0 101.533915004,1.695993627,0 101.533862036,1.695921278,0 101.533832623,1.69589497,0 101.533688829,1.695816042,0 101.533619927,1.695740405,0 101.533551026,1.695686144,0 101.533464152,1.695595707,0 101.533329345,1.695498608,0 101.533203526,1.695384415,0 101.533080274,1.695306312,0 101.532981846,1.695233963,0 101.532915939,1.69520213,0 101.532844042,1.695179701,0 101.532754171,1.695166333,0 101.532700249,1.695168192,0 101.532610378,1.69518372,0 101.532538481,1.695185021,0 101.532502533,1.695180833,0 101.53244861,1.695162907,0 101.532394687,1.69515257,0 101.532340765,1.695149911,0 101.532250894,1.695156446,0 101.532196971,1.695154077,0 101.532143049,1.69514202,0 101.532035204,1.695100893,0 101.531999255,1.695092182,0 101.531837488,1.695077896,0 101.531639772,1.695029137,0 101.531513952,1.695010198,0 
						</coordinates>
					</LinearRing>
				</outerBoundaryIs>
			</Polygon>
		</Placemark>
		<Placemark>
			<name>24-26m</name>
			<styleUrl>#style.#FF0099FF..0.255</styleUrl>
			<Polygon>
				<tessellate>1</tessellate>
				<outerBoundaryIs>
					<LinearRing>
						<coordinates>
							101.524953374,1.681250362,0 101.524935399,1.681256522,0 101.524899451,1.681294272,0 101.524870416,1.681361056,0 101.524881477,1.681410952,0 101.524917425,1.681433708,0 101.524953374,1.681441583,0 101.525007296,1.681446369,0 101.525079193,1.681440575,0 101.525102983,1.681433405,0 101.525130402,1.681415318,0 101.525132834,1.68139723,0 101.525093702,1.681324882,0 101.52502527,1.681270231,0 101.524989322,1.681252948,0 101.524953374,1.681250362,0 
						</coordinates>
					</LinearRing>
				</outerBoundaryIs>
			</Polygon>
		</Placemark>
		<Placemark>
			<name>26-28m</name>
			<styleUrl>#style.#FF0066FF..0.255</styleUrl>
			<Polygon>
				<tessellate>1</tessellate>
				<outerBoundaryIs>
					<LinearRing>
						<coordinates>
							101.531999255,1.69875374,0 101.531981281,1.698757356,0 101.531963307,1.698757356,0 101.531960911,1.698760973,0 101.531945333,1.69877906,0 101.531981281,1.69877906,0 101.531999255,1.698767002,0 101.532002849,1.698760973,0 101.531999255,1.69875374,0 
						</coordinates>
					</LinearRing>
				</outerBoundaryIs>
			</Polygon>
		</Placemark>
		<Placemark>
			<name>26-28m</name>
			<styleUrl>#style.#FF0066FF..0.255</styleUrl>
			<Polygon>
				<tessellate>1</tessellate>
				<outerBoundaryIs>
					<LinearRing>
						<coordinates>
							101.522324008,1.681668539,0 101.522311168,1.681670983,0 101.522293194,1.681685872,0 101.522293194,1.681709647,0 101.522312134,1.68179515,0 101.522331299,1.681831324,0 101.52236509,1.681845418,0 101.522401039,1.681850296,0 101.522436987,1.681847626,0 101.522481001,1.681831324,0 101.522493765,1.681813237,0 101.522472936,1.681763316,0 101.522436987,1.681717514,0 101.522401039,1.681689866,0 101.52236509,1.681674208,0 101.522324008,1.681668539,0 
						</coordinates>
					</LinearRing>
				</outerBoundaryIs>
			</Polygon>
		</Placemark>
		<Placemark>
			<name>26-28m</name>
			<styleUrl>#style.#FF0066FF..0.255</styleUrl>
			<Polygon>
				<tessellate>1</tessellate>
				<outerBoundaryIs>
					<LinearRing>
						<coordinates>
							101.524827554,1.679817397,0 101.524791606,1.679823093,0 101.52477696,1.679841728,0 101.524775951,1.679859816,0 101.524791606,1.679887869,0 101.524827554,1.679929351,0 101.524899451,1.679968339,0 101.524935066,1.680040688,0 101.524958509,1.680058775,0 101.524999508,1.680113037,0 101.525043245,1.68015524,0 101.525079193,1.680179357,0 101.525115141,1.680191574,0 101.52515109,1.68018998,0 101.525169064,1.680182672,0 101.525184734,1.680167299,0 101.525189647,1.680149211,0 101.525160704,1.68009495,0 101.525105292,1.680040688,0 101.525049688,1.680004513,0 101.524989322,1.679976131,0 101.524953374,1.679964917,0 101.524935399,1.679964722,0 101.524917425,1.679954776,0 101.524903525,1.679877903,0 101.52488044,1.679841728,0 101.524850732,1.679823641,0 101.524827554,1.679817397,0 
						</coordinates>
					</LinearRing>
				</outerBoundaryIs>
			</Polygon>
		</Placemark>
		<Placemark>
			<name>26-28m</name>
			<styleUrl>#style.#FF0066FF..0.255</styleUrl>
			<Polygon>
				<tessellate>1</tessellate>
				<outerBoundaryIs>
					<LinearRing>
						<coordinates>
							101.525420702,1.676538608,0 101.525348806,1.676538608,0 101.525240961,1.676602305,0 101.525205012,1.676656803,0 101.525184043,1.676676462,0 101.525097167,1.676742998,0 101.524973979,1.67682116,0 101.524917425,1.676875045,0 101.524881477,1.676945304,0 101.524880842,1.677038207,0 101.524845528,1.677109569,0 101.524808535,1.677164818,0 101.524699133,1.677255254,0 101.524685438,1.677273341,0 101.52458916,1.677526562,0 101.524539967,1.677598409,0 101.524504019,1.677626738,0 101.52446807,1.677636553,0 101.524450096,1.677634622,0 101.524198458,1.677562737,0 101.524180483,1.677564128,0 101.524144535,1.677578815,0 101.524077541,1.677616999,0 101.523902575,1.677653173,0 101.523838974,1.677670794,0 101.523708661,1.677725522,0 101.523663119,1.677761697,0 101.523633328,1.677797871,0 101.523610779,1.677888307,0 101.523571253,1.677924482,0 101.523515439,1.67795079,0 101.52347949,1.677959592,0 101.523443542,1.677962665,0 101.523245826,1.677963821,0 101.523120006,1.677959451,0 101.522886342,1.67793928,0 101.522778497,1.677938047,0 101.5227066,1.677945153,0 101.522616729,1.677966857,0 101.522562807,1.677986965,0 101.522221297,1.6781727,0 101.522168113,1.678213877,0 101.522114135,1.678268139,0 101.522050422,1.678358575,0 101.522000215,1.678467099,0 101.521952277,1.678593709,0 101.521882973,1.678828843,0 101.521855453,1.678883105,0 101.521826495,1.678919279,0 101.521753968,1.678976986,0 101.521538278,1.679094518,0 101.521387295,1.679190588,0 101.521340562,1.679226762,0 101.521246647,1.679317199,0 101.521142846,1.67939127,0 101.521124871,1.67939127,0 101.521106897,1.679407635,0 101.521088923,1.679389548,0 101.521088923,1.679479984,0 101.521106897,1.679498071,0 101.521106897,1.679697031,0 101.521124871,1.679715118,0 101.521124871,1.67989599,0 101.521142846,1.679914077,0 101.521142846,1.680113037,0 101.52116082,1.680131124,0 101.52116082,1.680311996,0 101.521178794,1.680330084,0 101.521196768,1.680330084,0 101.521214742,1.680315424,0 101.521236436,1.680203473,0 101.521252541,1.680167299,0 101.521304613,1.680089926,0 101.521340562,1.67998775,0 101.521361435,1.679950252,0 101.521502329,1.679786713,0 101.521771942,1.679573373,0 101.52186339,1.679479984,0 101.521954873,1.67937146,0 101.522116061,1.679226762,0 101.522168813,1.679154414,0 101.522256625,1.678973541,0 101.52232668,1.678865018,0 101.522454961,1.678751068,0 101.52249091,1.678729364,0 101.522526858,1.67871709,0 101.522562807,1.678712784,0 101.522634703,1.678712807,0 101.522688626,1.67870004,0 101.522760523,1.678667428,0 101.522850394,1.67860813,0 101.52290162,1.678593709,0 101.522958239,1.678583826,0 101.523245826,1.678564094,0 101.523335697,1.678566687,0 101.523533413,1.678586132,0 101.523587335,1.678585796,0 101.523623284,1.678580699,0 101.523677206,1.678559741,0 101.523762584,1.678503273,0 101.523831271,1.678467099,0 101.52403669,1.678391092,0 101.524198458,1.678311327,0 101.524306303,1.678280766,0 101.52446807,1.678256885,0 101.524557941,1.678223136,0 101.524605081,1.67819579,0 101.524650711,1.678159616,0 101.524722123,1.678087267,0 101.524748364,1.678051092,0 101.524774105,1.677996831,0 101.524813596,1.677852133,0 101.524840263,1.677779784,0 101.52490087,1.677653173,0 101.524974909,1.67754465,0 101.525043245,1.677476726,0 101.525115141,1.677420983,0 101.52515109,1.677399734,0 101.525222986,1.677369097,0 101.525258935,1.677346172,0 101.525312857,1.677280674,0 101.525402728,1.677206033,0 101.525420702,1.677199184,0 101.525474625,1.677199184,0 101.525474625,1.677092469,0 101.525456651,1.677074382,0 101.525456651,1.676893509,0 101.525438677,1.676875422,0 101.525438677,1.676676462,0 101.525420702,1.676658375,0 101.525420702,1.676538608,0 
						</coordinates>
					</LinearRing>
				</outerBoundaryIs>
			</Polygon>
		</Placemark>
		<Placemark>
			<name>26-28m</name>
			<styleUrl>#style.#FF0066FF..0.255</styleUrl>
			<Polygon>
				<tessellate>1</tessellate>
				<outerBoundaryIs>
					<LinearRing>
						<coordinates>
							101.523335697,1.681064045,0 101.523310017,1.68107166,0 101.523317722,1.681090752,0 101.523361968,1.681107835,0 101.52347949,1.681122086,0 101.523515439,1.681129543,0 101.523518135,1.681107835,0 101.523511353,1.681089747,0 101.52347949,1.681072209,0 101.523461516,1.68106705,0 101.523443542,1.681064124,0 101.523335697,1.681064045,0 
						</coordinates>
					</LinearRing>
				</outerBoundaryIs>
			</Polygon>
		</Placemark>
		<Placemark>
			<name>26-28m</name>
			<styleUrl>#style.#FF0066FF..0.255</styleUrl>
			<Polygon>
				<tessellate>1</tessellate>
				<outerBoundaryIs>
					<LinearRing>
						<coordinates>
							101.522203323,1.680376124,0 101.522192538,1.680384345,0 101.522189842,1.680402433,0 101.522203323,1.680443275,0 101.522257245,1.680535072,0 101.522293194,1.680560833,0 101.522311168,1.680560194,0 101.522319156,1.680529043,0 101.522306399,1.680474782,0 101.52227522,1.680416194,0 101.522239271,1.680383281,0 101.522203323,1.680376124,0 
						</coordinates>
					</LinearRing>
				</outerBoundaryIs>
			</Polygon>
		</Placemark>
		<Placemark>
			<name>26-28m</name>
			<styleUrl>#style.#FF0066FF..0.255</styleUrl>
			<Polygon>
				<tessellate>1</tessellate>
				<outerBoundaryIs>
					<LinearRing>
						<coordinates>
							101.524180483,1.680149929,0 101.524144535,1.680157832,0 101.524126561,1.680171274,0 101.524104475,1.680203473,0 101.524031851,1.680402433,0 101.524021376,1.680474782,0 101.524023851,1.680510956,0 101.524035729,1.68054713,0 101.524056635,1.680583305,0 101.524074502,1.680601392,0 101.524103974,1.680619479,0 101.524144535,1.680637992,0 101.524306303,1.680688923,0 101.524342251,1.680708485,0 101.524364209,1.680728003,0 101.524405891,1.680800352,0 101.524426654,1.680854613,0 101.524454835,1.680981224,0 101.524442257,1.681089747,0 101.524463258,1.681144009,0 101.52448646,1.681180184,0 101.524521993,1.68121087,0 101.524611864,1.681260284,0 101.524651435,1.681288707,0 101.524662472,1.681306794,0 101.524664317,1.681342969,0 101.524629838,1.681434934,0 101.524603807,1.681469579,0 101.524575916,1.681491493,0 101.524539967,1.681504409,0 101.524504019,1.681508166,0 101.524414148,1.681496299,0 101.524288329,1.681470919,0 101.524144535,1.681447649,0 101.524090613,1.681432075,0 101.524054664,1.681415318,0 101.52403116,1.68139723,0 101.524013814,1.681379143,0 101.524001433,1.681342969,0 101.523963895,1.681306794,0 101.523920587,1.681288707,0 101.523785051,1.681244701,0 101.523659232,1.681180413,0 101.523605309,1.68115814,0 101.523533413,1.681134143,0 101.523522626,1.681144009,0 101.523546942,1.681288707,0 101.523544503,1.681361056,0 101.523561463,1.681451492,0 101.523551387,1.681490896,0 101.523498962,1.681578103,0 101.523497464,1.681599204,0 101.523515439,1.681604149,0 101.523533413,1.681603033,0 101.523659232,1.681572439,0 101.52369518,1.681568021,0 101.523785051,1.681560791,0 101.523838974,1.68156218,0 101.52388745,1.681578103,0 101.523910549,1.68159619,0 101.523930462,1.681650452,0 101.523934423,1.681722801,0 101.523898289,1.681867499,0 101.523889687,1.682084545,0 101.523855362,1.682193069,0 101.523852309,1.682301592,0 101.523869145,1.682392028,0 101.523856948,1.682456624,0 101.523838974,1.682491508,0 101.523821,1.682501845,0 101.523803026,1.682500552,0 101.523782213,1.682482464,0 101.52375809,1.682428203,0 101.523746034,1.682373941,0 101.523746406,1.682229243,0 101.5237355,1.682193069,0 101.523643255,1.682048371,0 101.523461108,1.681813237,0 101.523453269,1.681777062,0 101.523461516,1.681650452,0 101.523443542,1.681641408,0 101.523425568,1.681642472,0 101.523335697,1.681661566,0 101.523281774,1.681678091,0 101.523227852,1.681703624,0 101.523203979,1.681722801,0 101.523163235,1.681777062,0 101.523099553,1.681903673,0 101.523030135,1.681977379,0 101.522994187,1.682001725,0 101.522958239,1.682016834,0 101.522778497,1.682060074,0 101.522760523,1.682069936,0 101.522748346,1.682084545,0 101.522732745,1.68212072,0 101.522735701,1.682156894,0 101.522743746,1.682174981,0 101.522763361,1.682193069,0 101.522778497,1.682199646,0 101.522904316,1.682227479,0 101.522940265,1.682243311,0 101.522970222,1.682265418,0 101.523097174,1.682428203,0 101.523173929,1.682504662,0 101.523209877,1.682567733,0 101.523231703,1.682663337,0 101.523227579,1.682699511,0 101.523206533,1.682735686,0 101.523179171,1.682753773,0 101.523155955,1.682758814,0 101.523120006,1.682752625,0 101.523102032,1.68274315,0 101.523019976,1.68264525,0 101.522976213,1.682614243,0 101.522940265,1.682607431,0 101.522904316,1.682607546,0 101.522850394,1.682616208,0 101.522814445,1.68262771,0 101.522778497,1.682647188,0 101.522735635,1.682681424,0 101.522698897,1.682735686,0 101.522690231,1.68277186,0 101.522700462,1.682934645,0 101.522682207,1.682988907,0 101.522652677,1.683020825,0 101.522616729,1.683037619,0 101.522562807,1.683041836,0 101.522526858,1.683032586,0 101.52249091,1.683010825,0 101.522471177,1.682988907,0 101.522436987,1.682891072,0 101.522418618,1.682753773,0 101.522422953,1.682699511,0 101.522440523,1.682627162,0 101.522434344,1.682590988,0 101.522412273,1.682554813,0 101.522347116,1.682484047,0 101.522239271,1.682343795,0 101.522203323,1.682314961,0 101.522167374,1.682305126,0 101.5221494,1.682307258,0 101.522131426,1.682314809,0 101.522107324,1.682337767,0 101.522074921,1.682428203,0 101.52205412,1.682609075,0 101.522059043,1.682808035,0 101.522033077,1.683061256,0 101.522004682,1.683169779,0 101.521982885,1.683224041,0 101.52193371,1.683287983,0 101.521897762,1.683313318,0 101.521861813,1.68332962,0 101.521682071,1.683375577,0 101.521574226,1.683395547,0 101.521556252,1.683395547,0 101.521538278,1.683404913,0 101.521520304,1.683404913,0 101.521520304,1.683477262,0 101.521538278,1.683495349,0 101.521538278,1.683712396,0 101.521556252,1.683730483,0 101.521556252,1.683839007,0 101.521574226,1.683857094,0 101.521574226,1.68394753,0 101.5215922,1.683965618,0 101.5215922,1.684056054,0 101.521610175,1.684074141,0 101.521610175,1.684164577,0 101.521628149,1.684182664,0 101.521628149,1.6842731,0 101.521646123,1.684291188,0 101.521646123,1.684381624,0 101.521664097,1.684399711,0 101.521664097,1.684490147,0 101.521682071,1.684508235,0 101.521682071,1.684598671,0 101.521700046,1.684616758,0 101.521700046,1.684707194,0 101.52171802,1.684725281,0 101.52171802,1.684815717,0 101.521735994,1.684833805,0 101.521735994,1.684924241,0 101.521753968,1.684942328,0 101.521753968,1.684960415,0 101.521771942,1.684960415,0 101.521789916,1.684952247,0 101.521861813,1.684956195,0 101.521897762,1.684951664,0 101.52193371,1.684955329,0 101.521969658,1.684942894,0 101.522093586,1.684869979,0 101.52249091,1.684683787,0 101.522544832,1.684646903,0 101.5227066,1.684496846,0 101.522760523,1.684459224,0 101.522814445,1.684440285,0 101.523012161,1.684403027,0 101.523030135,1.684393474,0 101.523057346,1.684363537,0 101.52308256,1.684309275,0 101.523107439,1.684182664,0 101.523125941,1.684128403,0 101.523156359,1.684074141,0 101.523191903,1.684040622,0 101.523245826,1.684008939,0 101.523281774,1.683994327,0 101.523353671,1.683972609,0 101.523551387,1.683924921,0 101.523623284,1.683899188,0 101.523731129,1.683851877,0 101.523880209,1.683802832,0 101.523918061,1.683784745,0 101.524011178,1.683712396,0 101.524062426,1.683658135,0 101.52411308,1.683549611,0 101.524184508,1.683459175,0 101.524254948,1.683404913,0 101.524351238,1.683368739,0 101.524385486,1.683350652,0 101.524410154,1.683332564,0 101.524432122,1.68329639,0 101.524401377,1.683260215,0 101.524342251,1.683213366,0 101.524298424,1.683169779,0 101.52425149,1.68309743,0 101.524225488,1.683043169,0 101.524219358,1.682952732,0 101.524230666,1.682898471,0 101.524254785,1.682844209,0 101.524298677,1.68277186,0 101.524367178,1.682681424,0 101.524410965,1.682590988,0 101.524432122,1.6825255,0 101.524448432,1.682500552,0 101.52446807,1.682485595,0 101.524504019,1.682477297,0 101.524539967,1.682487242,0 101.52459389,1.682533884,0 101.524629838,1.682581069,0 101.52466069,1.682609075,0 101.524755658,1.682662727,0 101.524953374,1.682711946,0 101.525043245,1.682745399,0 101.525061219,1.682747481,0 101.525085869,1.682735686,0 101.525099374,1.682717598,0 101.525115141,1.682675395,0 101.525146414,1.682392028,0 101.525146665,1.682337767,0 101.525126167,1.682138807,0 101.525120964,1.681994109,0 101.525126353,1.681903673,0 101.525173702,1.681686626,0 101.525187038,1.68164713,0 101.525222986,1.681601963,0 101.525240961,1.681598094,0 101.525258935,1.681602312,0 101.525298922,1.681632364,0 101.525348806,1.681718993,0 101.525460319,1.681976022,0 101.525510573,1.682040359,0 101.525564496,1.68207566,0 101.525618419,1.68208868,0 101.525690315,1.682084984,0 101.525749598,1.682066458,0 101.525797917,1.682030284,0 101.525826807,1.681976022,0 101.525847826,1.681813237,0 101.525867643,1.681740888,0 101.525906006,1.68169285,0 101.52592398,1.68168126,0 101.525959928,1.681673333,0 101.525995876,1.681685593,0 101.526013851,1.681703181,0 101.526031825,1.681734395,0 101.526036359,1.681758975,0 101.526039734,1.681813237,0 101.526031825,1.681884195,0 101.526003221,1.681976022,0 101.525966858,1.682048371,0 101.525958644,1.682084545,0 101.525961093,1.68212072,0 101.52597763,1.682174981,0 101.526015965,1.68224733,0 101.526035472,1.682265418,0 101.526067773,1.682280896,0 101.526103722,1.68228205,0 101.52613967,1.682271532,0 101.526193593,1.682214774,0 101.526265489,1.682093077,0 101.526337386,1.682093077,0 101.526337386,1.682048371,0 101.52635536,1.682048371,0 101.52635536,1.681813237,0 101.526373334,1.681813237,0 101.526373334,1.68159619,0 101.526391309,1.68159619,0 101.526391309,1.681451492,0 101.526373334,1.681433405,0 101.526373334,1.681313882,0 101.526301438,1.681313882,0 101.526211567,1.681335636,0 101.526175618,1.681352775,0 101.526157644,1.681354047,0 101.52613967,1.681348918,0 101.526121696,1.681335621,0 101.5260906,1.681288707,0 101.526039758,1.681162096,0 101.525987204,1.68094505,0 101.525959928,1.680875666,0 101.525816135,1.680641021,0 101.525780186,1.680601204,0 101.525726264,1.680567423,0 101.525672341,1.680554312,0 101.525654367,1.680556339,0 101.525637632,1.680565218,0 101.525615851,1.680619479,0 101.525538547,1.680728003,0 101.525478764,1.680872701,0 101.525472398,1.680908875,0 101.52547967,1.680963137,0 101.525530586,1.681089747,0 101.52552528,1.681125922,0 101.525504747,1.681162096,0 101.525474625,1.681188763,0 101.525438677,1.681203949,0 101.525402728,1.681208356,0 101.525384754,1.681206234,0 101.525359537,1.681198271,0 101.525333794,1.681180184,0 101.52523726,1.681053573,0 101.525097167,1.680940576,0 101.524922912,1.680764177,0 101.524841691,1.680673741,0 101.52478316,1.680619479,0 101.524755658,1.680598599,0 101.524557941,1.680481421,0 101.524504019,1.680441957,0 101.524420797,1.680366258,0 101.524270354,1.680201406,0 101.524234406,1.680168829,0 101.524198458,1.6801525,0 101.524180483,1.680149929,0 
						</coordinates>
					</LinearRing>
				</outerBoundaryIs>
				<innerBoundaryIs>
					<LinearRing>
						<coordinates>
							101.522095478,1.684423451,0 101.522131426,1.684430459,0 101.522163655,1.684453973,0 101.522181629,1.68447206,0 101.522197125,1.684508235,0 101.522197332,1.684526322,0 101.522185349,1.684548664,0 101.522159136,1.684580583,0 101.522131426,1.684598671,0 101.522095478,1.684595569,0 101.522077503,1.684585105,0 101.522058062,1.684562496,0 101.522041555,1.684520895,0 101.522038735,1.684490147,0 101.522045442,1.684453973,0 101.522059529,1.684434593,0 101.522095478,1.684423451,0 
						</coordinates>
					</LinearRing>
					<LinearRing>
						<coordinates>
							101.525600444,1.681558419,0 101.525624036,1.681578103,0 101.525631434,1.68159619,0 101.525629331,1.681614277,0 101.525600444,1.681635379,0 101.52558185,1.681632364,0 101.525572121,1.681614277,0 101.525572121,1.681578103,0 101.52558247,1.681560016,0 101.525600444,1.681558419,0 
						</coordinates>
					</LinearRing>
					<LinearRing>
						<coordinates>
							101.524953374,1.681250362,0 101.524989322,1.681252948,0 101.52502527,1.681270231,0 101.525093702,1.681324882,0 101.525132834,1.68139723,0 101.525130402,1.681415318,0 101.525102983,1.681433405,0 101.525079193,1.681440575,0 101.525007296,1.681446369,0 101.524953374,1.681441583,0 101.524917425,1.681433708,0 101.524881477,1.681410952,0 101.524870416,1.681361056,0 101.524899451,1.681294272,0 101.524935399,1.681256522,0 101.524953374,1.681250362,0 
						</coordinates>
					</LinearRing>
					<LinearRing>
						<coordinates>
							101.524234406,1.680445563,0 101.52425238,1.680448473,0 101.524265112,1.680474782,0 101.52425238,1.680484701,0 101.524234406,1.680478955,0 101.524225129,1.680456694,0 101.524234406,1.680445563,0 
						</coordinates>
					</LinearRing>
				</innerBoundaryIs>
			</Polygon>
		</Placemark>
		<Placemark>
			<name>26-28m</name>
			<styleUrl>#style.#FF0066FF..0.255</styleUrl>
			<Polygon>
				<tessellate>1</tessellate>
				<outerBoundaryIs>
					<LinearRing>
						<coordinates>
							101.528907695,1.696040653,0 101.528853772,1.696043547,0 101.528817824,1.696047888,0 101.528781876,1.696059946,0 101.528763901,1.696091816,0 101.528745927,1.696098862,0 101.528727953,1.696098862,0 101.528709979,1.69610215,0 101.528745927,1.696138324,0 101.528763901,1.696156412,0 101.528781876,1.696174499,0 101.52879985,1.696174499,0 101.528835798,1.696210673,0 101.528853772,1.696228761,0 101.528871747,1.696246848,0 101.528907695,1.696283022,0 101.528925669,1.696283022,0 101.528943643,1.696301109,0 101.528961618,1.696319197,0 101.52901554,1.696373458,0 101.529033514,1.696391546,0 101.529051488,1.696391546,0 101.529069463,1.696409633,0 101.529105411,1.696445807,0 101.529123385,1.696463895,0 101.529141359,1.696481982,0 101.529159334,1.696500069,0 101.529177308,1.696518156,0 101.529195282,1.696518156,0 101.529213256,1.696536243,0 101.52923123,1.696554331,0 101.529249205,1.696572418,0 101.529267179,1.696572418,0 101.529303127,1.696608592,0 101.529321101,1.69662668,0 101.529339075,1.69662668,0 101.52935705,1.696644767,0 101.529392998,1.696680941,0 101.529410972,1.696680941,0 101.529428946,1.696699029,0 101.529446921,1.696717116,0 101.529464895,1.696735203,0 101.529482869,1.696735203,0 101.529518817,1.696771377,0 101.529536792,1.696789465,0 101.529554766,1.696789465,0 101.529608688,1.696843726,0 101.529626663,1.696843726,0 101.529644637,1.696861814,0 101.529680585,1.696897988,0 101.529698559,1.696897988,0 101.529716533,1.696916075,0 101.529734508,1.696934163,0 101.529770456,1.696970337,0 101.52978843,1.696970337,0 101.529806404,1.696988424,0 101.529824379,1.697006511,0 101.529842353,1.697006511,0 101.529860327,1.697024599,0 101.529896275,1.697060773,0 101.52991425,1.697060773,0 101.529932224,1.69707886,0 101.529950198,1.697096948,0 101.529968172,1.697115035,0 101.529986146,1.697115035,0 101.53000412,1.697133122,0 101.530022095,1.697151209,0 101.530040069,1.697169297,0 101.530058043,1.697169297,0 101.530093991,1.697205471,0 101.530111966,1.697223558,0 101.53012994,1.697223558,0 101.530147914,1.697241645,0 101.530165888,1.697259733,0 101.530183862,1.69727782,0 101.530201837,1.69727782,0 101.530237785,1.697313994,0 101.530255759,1.697332082,0 101.530273733,1.697332082,0 101.530291707,1.697350169,0 101.530309682,1.697368256,0 101.530327656,1.697386343,0 101.53034563,1.697386343,0 101.530327656,1.697368256,0 101.530331254,1.697350169,0 101.530333652,1.697332082,0 101.53031687,1.697295907,0 101.530258757,1.697205471,0 101.530219811,1.697182859,0 101.530186432,1.697133122,0 101.530174875,1.697096948,0 101.530156083,1.69695225,0 101.530141379,1.696897988,0 101.530111966,1.696846743,0 101.530058043,1.696794632,0 101.530026088,1.69675329,0 101.529997585,1.696662854,0 101.529968172,1.696606007,0 101.529939412,1.696572418,0 101.529860327,1.696503083,0 101.529752482,1.696373458,0 101.529714734,1.696337284,0 101.529608688,1.696258551,0 101.529500843,1.696189571,0 101.529069463,1.696061042,0 101.528961618,1.696044995,0 101.528907695,1.696040653,0 
						</coordinates>
					</LinearRing>
				</outerBoundaryIs>
			</Polygon>
		</Placemark>
		<Placemark>
			<name>26-28m</name>
			<styleUrl>#style.#FF0066FF..0.255</styleUrl>
			<Polygon>
				<tessellate>1</tessellate>
				<outerBoundaryIs>
					<LinearRing>
						<coordinates>
							101.522652677,1.680631013,0 101.522616729,1.680635084,0 101.522598755,1.680641823,0 101.52258368,1.680655654,0 101.522575311,1.680673741,0 101.522572414,1.680691828,0 101.522580781,1.680728003,0 101.522618976,1.680800352,0 101.522657774,1.680836526,0 101.522724574,1.680873487,0 101.522868368,1.680921833,0 101.522958239,1.680992981,0 101.523012161,1.681021167,0 101.523079562,1.681035486,0 101.523191903,1.681047759,0 101.523227852,1.681044529,0 101.523256612,1.681035486,0 101.523229351,1.680999311,0 101.523245826,1.680963137,0 101.523235042,1.68094505,0 101.523207426,1.680926962,0 101.52304811,1.680879936,0 101.523003724,1.680854613,0 101.52298753,1.680836526,0 101.522969023,1.680782265,0 101.522929187,1.680709916,0 101.522904316,1.680686089,0 101.522868368,1.680666725,0 101.522814445,1.680650765,0 101.522688626,1.680632885,0 101.522652677,1.680631013,0 
						</coordinates>
					</LinearRing>
				</outerBoundaryIs>
			</Polygon>
		</Placemark>
		<Placemark>
			<name>26-28m</name>
			<styleUrl>#style.#FF0066FF..0.255</styleUrl>
			<Polygon>
				<tessellate>1</tessellate>
				<outerBoundaryIs>
					<LinearRing>
						<coordinates>
							101.522994187,1.681460536,0 101.522982683,1.681469579,0 101.522974215,1.681487667,0 101.522976213,1.681514103,0 101.522994187,1.681531981,0 101.523012161,1.681531341,0 101.523023914,1.681523841,0 101.523026867,1.681487667,0 101.523012161,1.681463003,0 101.522994187,1.681460536,0 
						</coordinates>
					</LinearRing>
				</outerBoundaryIs>
			</Polygon>
		</Placemark>
		<Placemark>
			<name>28-30m</name>
			<styleUrl>#style.#FF0066FF..0.255</styleUrl>
			<Polygon>
				<tessellate>1</tessellate>
				<outerBoundaryIs>
					<LinearRing>
						<coordinates>
							101.525474625,1.677182905,0 101.525474625,1.677199184,0 101.525420702,1.677199184,0 101.525402728,1.677206033,0 101.525312857,1.677280674,0 101.525258935,1.677346172,0 101.525222986,1.677369097,0 101.52515109,1.677399734,0 101.525115141,1.677420983,0 101.525043245,1.677476726,0 101.524974909,1.67754465,0 101.52490087,1.677653173,0 101.524840263,1.677779784,0 101.524813596,1.677852133,0 101.524774105,1.677996831,0 101.524748364,1.678051092,0 101.524722123,1.678087267,0 101.524650711,1.678159616,0 101.524605081,1.67819579,0 101.524557941,1.678223136,0 101.52446807,1.678256885,0 101.524306303,1.678280766,0 101.524198458,1.678311327,0 101.52403669,1.678391092,0 101.523831271,1.678467099,0 101.523762584,1.678503273,0 101.523677206,1.678559741,0 101.523623284,1.678580699,0 101.523587335,1.678585796,0 101.523533413,1.678586132,0 101.523335697,1.678566687,0 101.523245826,1.678564094,0 101.522958239,1.678583826,0 101.52290162,1.678593709,0 101.522850394,1.67860813,0 101.522760523,1.678667428,0 101.522688626,1.67870004,0 101.522634703,1.678712807,0 101.522562807,1.678712784,0 101.522526858,1.67871709,0 101.52249091,1.678729364,0 101.522454961,1.678751068,0 101.52232668,1.678865018,0 101.522256625,1.678973541,0 101.522168813,1.679154414,0 101.522116061,1.679226762,0 101.521954873,1.67937146,0 101.52186339,1.679479984,0 101.521771942,1.679573373,0 101.521502329,1.679786713,0 101.521361435,1.679950252,0 101.521340562,1.67998775,0 101.521304613,1.680089926,0 101.521252541,1.680167299,0 101.521236436,1.680203473,0 101.521214742,1.680315424,0 101.521196768,1.680330084,0 101.521178794,1.680330084,0 101.521178794,1.680529043,0 101.521196768,1.68054713,0 101.521196768,1.680728003,0 101.521214742,1.68074609,0 101.521214742,1.68094505,0 101.521232717,1.680963137,0 101.521232717,1.681107835,0 101.521250691,1.681111563,0 101.521286639,1.681111563,0 101.521304613,1.681117542,0 101.5213668,1.681144009,0 101.521394878,1.681162096,0 101.521430433,1.68122529,0 101.521462621,1.681342969,0 101.521484355,1.681375092,0 101.521520304,1.681409381,0 101.521556252,1.681427068,0 101.521610175,1.68143729,0 101.521664097,1.681436322,0 101.521771942,1.681424222,0 101.521805439,1.681433405,0 101.521814427,1.681451492,0 101.521788702,1.681505754,0 101.521735994,1.681568456,0 101.521700046,1.681597542,0 101.521664097,1.681615324,0 101.521628149,1.681625419,0 101.521538278,1.681630012,0 101.521520304,1.681636705,0 101.521484355,1.681659575,0 101.521430433,1.681677491,0 101.521394484,1.681711173,0 101.52137651,1.681718645,0 101.521358536,1.681722801,0 101.521340562,1.681722801,0 101.521340562,1.681813237,0 101.521358536,1.681831324,0 101.521358536,1.681903673,0 101.52137651,1.681912808,0 101.521412459,1.681912808,0 101.521510164,1.681976022,0 101.5215922,1.682060475,0 101.521646123,1.682102809,0 101.521684137,1.68212072,0 101.521814193,1.682156894,0 101.521856036,1.682174981,0 101.521875084,1.682193069,0 101.521880512,1.682211156,0 101.52187639,1.682355854,0 101.521886286,1.682536726,0 101.521882713,1.682590988,0 101.521850121,1.682717598,0 101.521804822,1.682808035,0 101.521771942,1.68283311,0 101.521735994,1.68282371,0 101.521628149,1.682727647,0 101.521520304,1.682653407,0 101.521502329,1.682653407,0 101.521484355,1.682663337,0 101.521466381,1.682663337,0 101.521466381,1.682808035,0 101.521484355,1.682826122,0 101.521484355,1.683025081,0 101.521502329,1.683043169,0 101.521502329,1.683260215,0 101.521520304,1.683278303,0 101.521520304,1.683404913,0 101.521538278,1.683404913,0 101.521556252,1.683395547,0 101.521574226,1.683395547,0 101.521682071,1.683375577,0 101.521861813,1.68332962,0 101.521897762,1.683313318,0 101.52193371,1.683287983,0 101.521982885,1.683224041,0 101.522004682,1.683169779,0 101.522033077,1.683061256,0 101.522059043,1.682808035,0 101.52205412,1.682609075,0 101.522074921,1.682428203,0 101.522107324,1.682337767,0 101.522131426,1.682314809,0 101.5221494,1.682307258,0 101.522167374,1.682305126,0 101.522203323,1.682314961,0 101.522239271,1.682343795,0 101.522347116,1.682484047,0 101.522412273,1.682554813,0 101.522434344,1.682590988,0 101.522440523,1.682627162,0 101.522422953,1.682699511,0 101.522418618,1.682753773,0 101.522436987,1.682891072,0 101.522471177,1.682988907,0 101.52249091,1.683010825,0 101.522526858,1.683032586,0 101.522562807,1.683041836,0 101.522616729,1.683037619,0 101.522652677,1.683020825,0 101.522682207,1.682988907,0 101.522700462,1.682934645,0 101.522690231,1.68277186,0 101.522698897,1.682735686,0 101.522735635,1.682681424,0 101.522778497,1.682647188,0 101.522814445,1.68262771,0 101.522850394,1.682616208,0 101.522904316,1.682607546,0 101.522940265,1.682607431,0 101.522976213,1.682614243,0 101.523019976,1.68264525,0 101.523102032,1.68274315,0 101.523120006,1.682752625,0 101.523155955,1.682758814,0 101.523179171,1.682753773,0 101.523206533,1.682735686,0 101.523227579,1.682699511,0 101.523231703,1.682663337,0 101.523209877,1.682567733,0 101.523173929,1.682504662,0 101.523097174,1.682428203,0 101.522970222,1.682265418,0 101.522940265,1.682243311,0 101.522904316,1.682227479,0 101.522778497,1.682199646,0 101.522763361,1.682193069,0 101.522743746,1.682174981,0 101.522735701,1.682156894,0 101.522732745,1.68212072,0 101.522748346,1.682084545,0 101.522760523,1.682069936,0 101.522778497,1.682060074,0 101.522958239,1.682016834,0 101.522994187,1.682001725,0 101.523030135,1.681977379,0 101.523099553,1.681903673,0 101.523163235,1.681777062,0 101.523203979,1.681722801,0 101.523227852,1.681703624,0 101.523281774,1.681678091,0 101.523335697,1.681661566,0 101.523425568,1.681642472,0 101.523443542,1.681641408,0 101.523461516,1.681650452,0 101.523453269,1.681777062,0 101.523461108,1.681813237,0 101.523643255,1.682048371,0 101.5237355,1.682193069,0 101.523746406,1.682229243,0 101.523746034,1.682373941,0 101.52375809,1.682428203,0 101.523782213,1.682482464,0 101.523803026,1.682500552,0 101.523821,1.682501845,0 101.523838974,1.682491508,0 101.523856948,1.682456624,0 101.523869145,1.682392028,0 101.523852309,1.682301592,0 101.523855362,1.682193069,0 101.523889687,1.682084545,0 101.523898289,1.681867499,0 101.523934423,1.681722801,0 101.523930462,1.681650452,0 101.523910549,1.68159619,0 101.52388745,1.681578103,0 101.523838974,1.68156218,0 101.523785051,1.681560791,0 101.52369518,1.681568021,0 101.523659232,1.681572439,0 101.523533413,1.681603033,0 101.523515439,1.681604149,0 101.523497464,1.681599204,0 101.523498962,1.681578103,0 101.523551387,1.681490896,0 101.523561463,1.681451492,0 101.523544503,1.681361056,0 101.523546942,1.681288707,0 101.523522626,1.681144009,0 101.523533413,1.681134143,0 101.523605309,1.68115814,0 101.523659232,1.681180413,0 101.523785051,1.681244701,0 101.523920587,1.681288707,0 101.523963895,1.681306794,0 101.524001433,1.681342969,0 101.524013814,1.681379143,0 101.52403116,1.68139723,0 101.524054664,1.681415318,0 101.524090613,1.681432075,0 101.524144535,1.681447649,0 101.524288329,1.681470919,0 101.524414148,1.681496299,0 101.524504019,1.681508166,0 101.524539967,1.681504409,0 101.524575916,1.681491493,0 101.524603807,1.681469579,0 101.524629838,1.681434934,0 101.524664317,1.681342969,0 101.524662472,1.681306794,0 101.524651435,1.681288707,0 101.524611864,1.681260284,0 101.524521993,1.68121087,0 101.52448646,1.681180184,0 101.524463258,1.681144009,0 101.524442257,1.681089747,0 101.524454835,1.680981224,0 101.524426654,1.680854613,0 101.524405891,1.680800352,0 101.524364209,1.680728003,0 101.524342251,1.680708485,0 101.524306303,1.680688923,0 101.524144535,1.680637992,0 101.524103974,1.680619479,0 101.524074502,1.680601392,0 101.524056635,1.680583305,0 101.524035729,1.68054713,0 101.524023851,1.680510956,0 101.524021376,1.680474782,0 101.524031851,1.680402433,0 101.524104475,1.680203473,0 101.524126561,1.680171274,0 101.524144535,1.680157832,0 101.524180483,1.680149929,0 101.524198458,1.6801525,0 101.524234406,1.680168829,0 101.524270354,1.680201406,0 101.524420797,1.680366258,0 101.524504019,1.680441957,0 101.524557941,1.680481421,0 101.524755658,1.680598599,0 101.52478316,1.680619479,0 101.524841691,1.680673741,0 101.524922912,1.680764177,0 101.525097167,1.680940576,0 101.52523726,1.681053573,0 101.525333794,1.681180184,0 101.525359537,1.681198271,0 101.525384754,1.681206234,0 101.525402728,1.681208356,0 101.525438677,1.681203949,0 101.525474625,1.681188763,0 101.525504747,1.681162096,0 101.52552528,1.681125922,0 101.525530586,1.681089747,0 101.52547967,1.680963137,0 101.525472398,1.680908875,0 101.525478764,1.680872701,0 101.525538547,1.680728003,0 101.525615851,1.680619479,0 101.525637632,1.680565218,0 101.525654367,1.680556339,0 101.525672341,1.680554312,0 101.525726264,1.680567423,0 101.525780186,1.680601204,0 101.525816135,1.680641021,0 101.525959928,1.680875666,0 101.525987204,1.68094505,0 101.526039758,1.681162096,0 101.5260906,1.681288707,0 101.526121696,1.681335621,0 101.52613967,1.681348918,0 101.526157644,1.681354047,0 101.526175618,1.681352775,0 101.526211567,1.681335636,0 101.526301438,1.681313882,0 101.526373334,1.681313882,0 101.526373334,1.681216358,0 101.52635536,1.681198271,0 101.52635536,1.680963137,0 101.526337386,1.68094505,0 101.526337386,1.680908875,0 101.526319412,1.680890788,0 101.526319412,1.680836526,0 101.526301438,1.680818439,0 101.526301438,1.680764177,0 101.526283464,1.68074609,0 101.526283464,1.680709916,0 101.526265489,1.680691828,0 101.526265489,1.680637567,0 101.526247515,1.680619479,0 101.526247515,1.680565218,0 101.526229541,1.68054713,0 101.526229541,1.680492869,0 101.526211567,1.680474782,0 101.526211567,1.680438607,0 101.526193593,1.68042052,0 101.526193593,1.680366258,0 101.526175618,1.680348171,0 101.526175618,1.680293909,0 101.526157644,1.680275822,0 101.526157644,1.680239648,0 101.52613967,1.68022156,0 101.52613967,1.680167299,0 101.526121696,1.680149211,0 101.526121696,1.680097844,0 101.526049799,1.680097844,0 101.526047882,1.68009495,0 101.526049799,1.680091239,0 101.526085747,1.680091239,0 101.526103722,1.68009495,0 101.526103722,1.680064933,0 101.526031825,1.680064933,0 101.525959928,1.679934659,0 101.525909706,1.679859816,0 101.525876145,1.679787467,0 101.525825883,1.679642769,0 101.525745582,1.679353373,0 101.525690315,1.679267423,0 101.525636393,1.67922403,0 101.525528548,1.679186066,0 101.525457468,1.679118239,0 101.525420702,1.679094801,0 101.525348806,1.679070506,0 101.525205012,1.679035251,0 101.525169064,1.679021683,0 101.525133115,1.678998609,0 101.525087973,1.678955454,0 101.525044057,1.678901192,0 101.525007296,1.678834254,0 101.524950078,1.678756494,0 101.52489057,1.678647971,0 101.524893523,1.678611796,0 101.524932915,1.67852136,0 101.524974843,1.678340488,0 101.524997532,1.678304314,0 101.52502527,1.678285613,0 101.525043245,1.678280898,0 101.525079193,1.678285328,0 101.52515109,1.678306087,0 101.525238123,1.678340488,0 101.525354013,1.678449011,0 101.525406666,1.678485186,0 101.525446632,1.678503273,0 101.525492599,1.678510413,0 101.525600444,1.678482272,0 101.525636393,1.67846203,0 101.525690315,1.67846203,0 101.525708289,1.678467099,0 101.525708289,1.678412837,0 101.525690315,1.67839475,0 101.525690315,1.678322401,0 101.525672341,1.678304314,0 101.525672341,1.678213877,0 101.525654367,1.67819579,0 101.525654367,1.678105354,0 101.525636393,1.678087267,0 101.525636393,1.678014918,0 101.525618419,1.678012104,0 101.525564496,1.678012104,0 101.525561073,1.678033005,0 101.525546522,1.678046373,0 101.525492599,1.678029387,0 101.525456651,1.67800525,0 101.525420702,1.678009559,0 101.525392358,1.677996831,0 101.525294883,1.677935992,0 101.525222986,1.677904644,0 101.525200173,1.677888307,0 101.525194576,1.67787022,0 101.525228517,1.677834045,0 101.525286766,1.677797871,0 101.525348806,1.677768731,0 101.52536678,1.677768449,0 101.525384754,1.677773679,0 101.525438677,1.67781511,0 101.525492599,1.677835819,0 101.52551111,1.677852133,0 101.525528548,1.677884431,0 101.52558247,1.677884431,0 101.525600444,1.677888307,0 101.525600444,1.677815958,0 101.52558247,1.677797871,0 101.52558247,1.677707435,0 101.525564496,1.677689348,0 101.525564496,1.677598911,0 101.525546522,1.677580824,0 101.525546522,1.677508475,0 101.525528548,1.677490388,0 101.525528548,1.677399952,0 101.525510573,1.677381865,0 101.525510573,1.677309516,0 101.525492599,1.677291428,0 101.525492599,1.677200992,0 101.525474625,1.677182905,0 
						</coordinates>
					</LinearRing>
				</outerBoundaryIs>
				<innerBoundaryIs>
					<LinearRing>
						<coordinates>
							101.522324008,1.681668539,0 101.52236509,1.681674208,0 101.522401039,1.681689866,0 101.522436987,1.681717514,0 101.522472936,1.681763316,0 101.522493765,1.681813237,0 101.522481001,1.681831324,0 101.522436987,1.681847626,0 101.522401039,1.681850296,0 101.52236509,1.681845418,0 101.522331299,1.681831324,0 101.522312134,1.68179515,0 101.522293194,1.681709647,0 101.522293194,1.681685872,0 101.522311168,1.681670983,0 101.522324008,1.681668539,0 
						</coordinates>
					</LinearRing>
					<LinearRing>
						<coordinates>
							101.522670652,1.681379987,0 101.522726547,1.68139723,0 101.522752026,1.681415318,0 101.522764953,1.681433405,0 101.522742548,1.681489058,0 101.5227066,1.681525876,0 101.522670652,1.681533305,0 101.522634703,1.681520661,0 101.522596332,1.681487667,0 101.522548906,1.681433405,0 101.522562807,1.681406858,0 101.522580781,1.681394252,0 101.522616729,1.681380663,0 101.522670652,1.681379987,0 
						</coordinates>
					</LinearRing>
					<LinearRing>
						<coordinates>
							101.522994187,1.681460536,0 101.523012161,1.681463003,0 101.523026867,1.681487667,0 101.523023914,1.681523841,0 101.523012161,1.681531341,0 101.522994187,1.681531981,0 101.522976213,1.681514103,0 101.522974215,1.681487667,0 101.522982683,1.681469579,0 101.522994187,1.681460536,0 
						</coordinates>
					</LinearRing>
					<LinearRing>
						<coordinates>
							101.521682071,1.680364155,0 101.521700046,1.680368952,0 101.521771942,1.680408123,0 101.521915736,1.680449738,0 101.521987633,1.680486492,0 101.522059529,1.680555462,0 101.522146833,1.680691828,0 101.522178377,1.680728003,0 101.522221297,1.680762703,0 101.522329142,1.680815698,0 101.52236509,1.680843761,0 101.522539816,1.681053573,0 101.522550057,1.681089747,0 101.522540494,1.681125922,0 101.52251828,1.681162096,0 101.522471553,1.681216358,0 101.52244457,1.68127062,0 101.522419013,1.681294627,0 101.522401039,1.681304095,0 101.52236509,1.681311605,0 101.522293194,1.681310029,0 101.522185349,1.681287966,0 101.522064022,1.68127062,0 101.522012347,1.681252533,0 101.521998146,1.681234445,0 101.521970324,1.681162096,0 101.521884556,1.681017399,0 101.521831077,1.68094505,0 101.521771942,1.680883101,0 101.521649222,1.680800352,0 101.521606056,1.680764177,0 101.521574931,1.680728003,0 101.521531777,1.680655654,0 101.521521337,1.680619479,0 101.521532214,1.68054713,0 101.521592842,1.68042052,0 101.521622,1.680384345,0 101.521646123,1.680369404,0 101.521682071,1.680364155,0 
						</coordinates>
					</LinearRing>
					<LinearRing>
						<coordinates>
							101.523335697,1.681064045,0 101.523443542,1.681064124,0 101.523461516,1.68106705,0 101.52347949,1.681072209,0 101.523511353,1.681089747,0 101.523518135,1.681107835,0 101.523515439,1.681129543,0 101.52347949,1.681122086,0 101.523361968,1.681107835,0 101.523317722,1.681090752,0 101.523310017,1.68107166,0 101.523335697,1.681064045,0 
						</coordinates>
					</LinearRing>
					<LinearRing>
						<coordinates>
							101.524198458,1.68080255,0 101.524234406,1.680812178,0 101.524270354,1.680834479,0 101.524289356,1.680854613,0 101.524306303,1.680890788,0 101.524314606,1.68094505,0 101.524306303,1.681006245,0 101.524288329,1.681048174,0 101.52425238,1.681103062,0 101.524234406,1.681114005,0 101.524216432,1.681118033,0 101.524180483,1.681112314,0 101.523990336,1.681017399,0 101.523964793,1.680999311,0 101.523916732,1.68094505,0 101.523914295,1.680908875,0 101.523935835,1.680872701,0 101.523964793,1.680854362,0 101.52401358,1.680836526,0 101.524162509,1.680802756,0 101.524198458,1.68080255,0 
						</coordinates>
					</LinearRing>
					<LinearRing>
						<coordinates>
							101.522652677,1.680631013,0 101.522688626,1.680632885,0 101.522814445,1.680650765,0 101.522868368,1.680666725,0 101.522904316,1.680686089,0 101.522929187,1.680709916,0 101.522969023,1.680782265,0 101.52298753,1.680836526,0 101.523003724,1.680854613,0 101.52304811,1.680879936,0 101.523207426,1.680926962,0 101.523235042,1.68094505,0 101.523245826,1.680963137,0 101.523229351,1.680999311,0 101.523256612,1.681035486,0 101.523227852,1.681044529,0 101.523191903,1.681047759,0 101.523079562,1.681035486,0 101.523012161,1.681021167,0 101.522958239,1.680992981,0 101.522868368,1.680921833,0 101.522724574,1.680873487,0 101.522657774,1.680836526,0 101.522618976,1.680800352,0 101.522580781,1.680728003,0 101.522572414,1.680691828,0 101.522575311,1.680673741,0 101.52258368,1.680655654,0 101.522598755,1.680641823,0 101.522616729,1.680635084,0 101.522652677,1.680631013,0 
						</coordinates>
					</LinearRing>
					<LinearRing>
						<coordinates>
							101.523227852,1.680425269,0 101.523281774,1.680429511,0 101.523309647,1.680438607,0 101.523333257,1.680456694,0 101.523346839,1.680492869,0 101.523348807,1.680619479,0 101.523335697,1.680647142,0 101.523317722,1.680657161,0 101.523281774,1.680661145,0 101.523245826,1.680656767,0 101.523209877,1.680644601,0 101.523151024,1.680601392,0 101.523116523,1.68054713,0 101.523103614,1.680510956,0 101.523108174,1.680492869,0 101.523132352,1.680456694,0 101.523155955,1.68044147,0 101.523191903,1.680429779,0 101.523227852,1.680425269,0 
						</coordinates>
					</LinearRing>
					<LinearRing>
						<coordinates>
							101.522203323,1.680376124,0 101.522239271,1.680383281,0 101.52227522,1.680416194,0 101.522306399,1.680474782,0 101.522319156,1.680529043,0 101.522311168,1.680560194,0 101.522293194,1.680560833,0 101.522257245,1.680535072,0 101.522203323,1.680443275,0 101.522189842,1.680402433,0 101.522192538,1.680384345,0 101.522203323,1.680376124,0 
						</coordinates>
					</LinearRing>
					<LinearRing>
						<coordinates>
							101.524899451,1.67911365,0 101.524989322,1.679127491,0 101.525041227,1.679154414,0 101.525077088,1.679190588,0 101.525122082,1.679262937,0 101.525191052,1.679335286,0 101.525407849,1.679534245,0 101.525474625,1.679586661,0 101.52558247,1.679647404,0 101.525636393,1.679686258,0 101.52567357,1.679733205,0 101.525870057,1.679890202,0 101.525950012,1.680058775,0 101.526018615,1.680257735,0 101.526047076,1.680384345,0 101.526031825,1.680423808,0 101.525977902,1.680435442,0 101.525941954,1.680427476,0 101.52592398,1.680418711,0 101.525870057,1.680375749,0 101.525744238,1.680250733,0 101.525608408,1.680149211,0 101.525474625,1.680034596,0 101.525420702,1.68000011,0 101.525258935,1.679937759,0 101.525205012,1.679906339,0 101.525133115,1.679833037,0 101.525021751,1.679678943,0 101.524947281,1.679606594,0 101.524879423,1.679552333,0 101.52480958,1.679516846,0 101.524629838,1.679470877,0 101.524567665,1.679443809,0 101.524403363,1.679317199,0 101.524374205,1.679281024,0 101.52437273,1.679262937,0 101.524386758,1.67924485,0 101.524498027,1.679190588,0 101.52459389,1.679158866,0 101.524701735,1.679132747,0 101.524827554,1.67911495,0 101.524899451,1.67911365,0 
						</coordinates>
					</LinearRing>
					<LinearRing>
						<coordinates>
							101.52249091,1.680137325,0 101.522508884,1.680138523,0 101.522544832,1.680153467,0 101.522598755,1.680194631,0 101.522634703,1.680214178,0 101.522688626,1.680220783,0 101.522814445,1.68021945,0 101.522868368,1.680227188,0 101.522904316,1.680237602,0 101.522937114,1.680257735,0 101.522954244,1.680275822,0 101.522954826,1.680348171,0 101.522943651,1.680366258,0 101.52292229,1.680381919,0 101.522886342,1.680392921,0 101.522850394,1.680395053,0 101.522814445,1.680391076,0 101.522778497,1.680380522,0 101.522645563,1.680311996,0 101.522598755,1.680274981,0 101.522519986,1.680239648,0 101.522474355,1.680203473,0 101.522464947,1.680185386,0 101.522463002,1.680167299,0 101.522472936,1.680144043,0 101.52249091,1.680137325,0 
						</coordinates>
					</LinearRing>
					<LinearRing>
						<coordinates>
							101.523821,1.680148691,0 101.523856948,1.680155472,0 101.523879365,1.680167299,0 101.523897708,1.680185386,0 101.523904613,1.680203473,0 101.523904519,1.680239648,0 101.523884614,1.680293909,0 101.523856948,1.680323301,0 101.523821,1.680332994,0 101.523785051,1.680317341,0 101.523763515,1.680293909,0 101.523728269,1.68022156,0 101.523734125,1.680185386,0 101.523767077,1.680158879,0 101.523821,1.680148691,0 
						</coordinates>
					</LinearRing>
					<LinearRing>
						<coordinates>
							101.524755658,1.6802346,0 101.524791606,1.680241518,0 101.524826806,1.680257735,0 101.52480958,1.680285124,0 101.524791606,1.680294933,0 101.524773632,1.680296362,0 101.524737683,1.680285801,0 101.524690719,1.680257735,0 101.524720609,1.680239648,0 101.524737683,1.680235185,0 101.524755658,1.6802346,0 
						</coordinates>
					</LinearRing>
					<LinearRing>
						<coordinates>
							101.524827554,1.679817397,0 101.524850732,1.679823641,0 101.52488044,1.679841728,0 101.524903525,1.679877903,0 101.524917425,1.679954776,0 101.524935399,1.679964722,0 101.524953374,1.679964917,0 101.524989322,1.679976131,0 101.525049688,1.680004513,0 101.525105292,1.680040688,0 101.525160704,1.68009495,0 101.525189647,1.680149211,0 101.525184734,1.680167299,0 101.525169064,1.680182672,0 101.52515109,1.68018998,0 101.525115141,1.680191574,0 101.525079193,1.680179357,0 101.525043245,1.68015524,0 101.524999508,1.680113037,0 101.524958509,1.680058775,0 101.524935066,1.680040688,0 101.524899451,1.679968339,0 101.524827554,1.679929351,0 101.524791606,1.679887869,0 101.524775951,1.679859816,0 101.52477696,1.679841728,0 101.524791606,1.679823093,0 101.524827554,1.679817397,0 
						</coordinates>
					</LinearRing>
					<LinearRing>
						<coordinates>
							101.52446807,1.679869314,0 101.524504019,1.679875724,0 101.524539967,1.679895362,0 101.524565402,1.679932165,0 101.524582162,1.680040688,0 101.524598096,1.68009495,0 101.52459389,1.680141172,0 101.524575916,1.680173629,0 101.524557941,1.680180782,0 101.524521993,1.68017623,0 101.524450096,1.680138457,0 101.5243782,1.680068918,0 101.524359776,1.680040688,0 101.524339216,1.679986426,0 101.52433453,1.679950252,0 101.524342251,1.679923686,0 101.524365476,1.67989599,0 101.524396174,1.6798797,0 101.524432122,1.679870999,0 101.52446807,1.679869314,0 
						</coordinates>
					</LinearRing>
				</innerBoundaryIs>
			</Polygon>
		</Placemark>
		<Placemark>
			<name>28-30m</name>
			<styleUrl>#style.#FF0066FF..0.255</styleUrl>
			<Polygon>
				<tessellate>1</tessellate>
				<outerBoundaryIs>
					<LinearRing>
						<coordinates>
							101.525600444,1.681558419,0 101.52558247,1.681560016,0 101.525572121,1.681578103,0 101.525572121,1.681614277,0 101.52558185,1.681632364,0 101.525600444,1.681635379,0 101.525629331,1.681614277,0 101.525631434,1.68159619,0 101.525624036,1.681578103,0 101.525600444,1.681558419,0 
						</coordinates>
					</LinearRing>
				</outerBoundaryIs>
			</Polygon>
		</Placemark>
		<Placemark>
			<name>28-30m</name>
			<styleUrl>#style.#FF0066FF..0.255</styleUrl>
			<Polygon>
				<tessellate>1</tessellate>
				<outerBoundaryIs>
					<LinearRing>
						<coordinates>
							101.52558247,1.677890179,0 101.525546522,1.677890179,0 101.525535261,1.677906394,0 101.525546522,1.677935463,0 101.525618419,1.677935463,0 101.525618419,1.677906394,0 101.525600444,1.677906394,0 101.52558247,1.677890179,0 
						</coordinates>
					</LinearRing>
				</outerBoundaryIs>
			</Polygon>
		</Placemark>
		<Placemark>
			<name>30-32m</name>
			<styleUrl>#style.#FF0033FF..0.255</styleUrl>
			<Polygon>
				<tessellate>1</tessellate>
				<outerBoundaryIs>
					<LinearRing>
						<coordinates>
							101.521232717,1.681107835,0 101.521232717,1.681162096,0 101.521250691,1.681180184,0 101.521250691,1.68127062,0 101.521268665,1.681288707,0 101.521268665,1.681379143,0 101.521286639,1.68139723,0 101.521286639,1.681487667,0 101.521304613,1.681505754,0 101.521304613,1.68159619,0 101.521322588,1.681614277,0 101.521322588,1.681704713,0 101.521340562,1.681722801,0 101.521358536,1.681722801,0 101.52137651,1.681718645,0 101.521394484,1.681711173,0 101.521430433,1.681677491,0 101.521484355,1.681659575,0 101.521520304,1.681636705,0 101.521538278,1.681630012,0 101.521628149,1.681625419,0 101.521664097,1.681615324,0 101.521700046,1.681597542,0 101.521735994,1.681568456,0 101.521788702,1.681505754,0 101.521814427,1.681451492,0 101.521805439,1.681433405,0 101.521771942,1.681424222,0 101.521664097,1.681436322,0 101.521610175,1.68143729,0 101.521556252,1.681427068,0 101.521520304,1.681409381,0 101.521484355,1.681375092,0 101.521462621,1.681342969,0 101.521430433,1.68122529,0 101.521394878,1.681162096,0 101.5213668,1.681144009,0 101.521304613,1.681117542,0 101.521286639,1.681111563,0 101.521250691,1.681111563,0 101.521232717,1.681107835,0 
						</coordinates>
					</LinearRing>
				</outerBoundaryIs>
			</Polygon>
		</Placemark>
		<Placemark>
			<name>30-32m</name>
			<styleUrl>#style.#FF0033FF..0.255</styleUrl>
			<Polygon>
				<tessellate>1</tessellate>
				<outerBoundaryIs>
					<LinearRing>
						<coordinates>
							101.52446807,1.679869314,0 101.524432122,1.679870999,0 101.524396174,1.6798797,0 101.524365476,1.67989599,0 101.524342251,1.679923686,0 101.52433453,1.679950252,0 101.524339216,1.679986426,0 101.524359776,1.680040688,0 101.5243782,1.680068918,0 101.524450096,1.680138457,0 101.524521993,1.68017623,0 101.524557941,1.680180782,0 101.524575916,1.680173629,0 101.52459389,1.680141172,0 101.524598096,1.68009495,0 101.524582162,1.680040688,0 101.524565402,1.679932165,0 101.524539967,1.679895362,0 101.524504019,1.679875724,0 101.52446807,1.679869314,0 
						</coordinates>
					</LinearRing>
				</outerBoundaryIs>
			</Polygon>
		</Placemark>
		<Placemark>
			<name>30-32m</name>
			<styleUrl>#style.#FF0033FF..0.255</styleUrl>
			<Polygon>
				<tessellate>1</tessellate>
				<outerBoundaryIs>
					<LinearRing>
						<coordinates>
							101.52249091,1.680137325,0 101.522472936,1.680144043,0 101.522463002,1.680167299,0 101.522464947,1.680185386,0 101.522474355,1.680203473,0 101.522519986,1.680239648,0 101.522598755,1.680274981,0 101.522645563,1.680311996,0 101.522778497,1.680380522,0 101.522814445,1.680391076,0 101.522850394,1.680395053,0 101.522886342,1.680392921,0 101.52292229,1.680381919,0 101.522943651,1.680366258,0 101.522954826,1.680348171,0 101.522954244,1.680275822,0 101.522937114,1.680257735,0 101.522904316,1.680237602,0 101.522868368,1.680227188,0 101.522814445,1.68021945,0 101.522688626,1.680220783,0 101.522634703,1.680214178,0 101.522598755,1.680194631,0 101.522544832,1.680153467,0 101.522508884,1.680138523,0 101.52249091,1.680137325,0 
						</coordinates>
					</LinearRing>
				</outerBoundaryIs>
			</Polygon>
		</Placemark>
		<Placemark>
			<name>30-32m</name>
			<styleUrl>#style.#FF0033FF..0.255</styleUrl>
			<Polygon>
				<tessellate>1</tessellate>
				<outerBoundaryIs>
					<LinearRing>
						<coordinates>
							101.522670652,1.681379987,0 101.522616729,1.681380663,0 101.522580781,1.681394252,0 101.522562807,1.681406858,0 101.522548906,1.681433405,0 101.522596332,1.681487667,0 101.522634703,1.681520661,0 101.522670652,1.681533305,0 101.5227066,1.681525876,0 101.522742548,1.681489058,0 101.522764953,1.681433405,0 101.522752026,1.681415318,0 101.522726547,1.68139723,0 101.522670652,1.681379987,0 
						</coordinates>
					</LinearRing>
				</outerBoundaryIs>
			</Polygon>
		</Placemark>
		<Placemark>
			<name>30-32m</name>
			<styleUrl>#style.#FF0033FF..0.255</styleUrl>
			<Polygon>
				<tessellate>1</tessellate>
				<outerBoundaryIs>
					<LinearRing>
						<coordinates>
							101.521358536,1.681903673,0 101.521358536,1.68192176,0 101.52137651,1.681939847,0 101.52137651,1.682030284,0 101.521394484,1.682048371,0 101.521394484,1.682138807,0 101.521412459,1.682156894,0 101.521412459,1.68224733,0 101.521430433,1.682265418,0 101.521430433,1.682355854,0 101.521448407,1.682373941,0 101.521448407,1.682572901,0 101.521466381,1.682590988,0 101.521466381,1.682663337,0 101.521484355,1.682663337,0 101.521502329,1.682653407,0 101.521520304,1.682653407,0 101.521628149,1.682727647,0 101.521735994,1.68282371,0 101.521771942,1.68283311,0 101.521804822,1.682808035,0 101.521850121,1.682717598,0 101.521882713,1.682590988,0 101.521886286,1.682536726,0 101.52187639,1.682355854,0 101.521880512,1.682211156,0 101.521875084,1.682193069,0 101.521856036,1.682174981,0 101.521814193,1.682156894,0 101.521684137,1.68212072,0 101.521646123,1.682102809,0 101.5215922,1.682060475,0 101.521510164,1.681976022,0 101.521412459,1.681912808,0 101.52137651,1.681912808,0 101.521358536,1.681903673,0 
						</coordinates>
					</LinearRing>
				</outerBoundaryIs>
			</Polygon>
		</Placemark>
		<Placemark>
			<name>30-32m</name>
			<styleUrl>#style.#FF0033FF..0.255</styleUrl>
			<Polygon>
				<tessellate>1</tessellate>
				<outerBoundaryIs>
					<LinearRing>
						<coordinates>
							101.524198458,1.68080255,0 101.524162509,1.680802756,0 101.52401358,1.680836526,0 101.523964793,1.680854362,0 101.523935835,1.680872701,0 101.523914295,1.680908875,0 101.523916732,1.68094505,0 101.523964793,1.680999311,0 101.523990336,1.681017399,0 101.524180483,1.681112314,0 101.524216432,1.681118033,0 101.524234406,1.681114005,0 101.52425238,1.681103062,0 101.524288329,1.681048174,0 101.524306303,1.681006245,0 101.524314606,1.68094505,0 101.524306303,1.680890788,0 101.524289356,1.680854613,0 101.524270354,1.680834479,0 101.524234406,1.680812178,0 101.524198458,1.68080255,0 
						</coordinates>
					</LinearRing>
				</outerBoundaryIs>
			</Polygon>
		</Placemark>
		<Placemark>
			<name>30-32m</name>
			<styleUrl>#style.#FF0033FF..0.255</styleUrl>
			<Polygon>
				<tessellate>1</tessellate>
				<outerBoundaryIs>
					<LinearRing>
						<coordinates>
							101.523227852,1.680425269,0 101.523191903,1.680429779,0 101.523155955,1.68044147,0 101.523132352,1.680456694,0 101.523108174,1.680492869,0 101.523103614,1.680510956,0 101.523116523,1.68054713,0 101.523151024,1.680601392,0 101.523209877,1.680644601,0 101.523245826,1.680656767,0 101.523281774,1.680661145,0 101.523317722,1.680657161,0 101.523335697,1.680647142,0 101.523348807,1.680619479,0 101.523346839,1.680492869,0 101.523333257,1.680456694,0 101.523309647,1.680438607,0 101.523281774,1.680429511,0 101.523227852,1.680425269,0 
						</coordinates>
					</LinearRing>
				</outerBoundaryIs>
			</Polygon>
		</Placemark>
		<Placemark>
			<name>30-32m</name>
			<styleUrl>#style.#FF0033FF..0.255</styleUrl>
			<Polygon>
				<tessellate>1</tessellate>
				<outerBoundaryIs>
					<LinearRing>
						<coordinates>
							101.52536678,1.677768449,0 101.525348806,1.677768731,0 101.525286766,1.677797871,0 101.525228517,1.677834045,0 101.525194576,1.67787022,0 101.525200173,1.677888307,0 101.525222986,1.677904644,0 101.525294883,1.677935992,0 101.525392358,1.677996831,0 101.525420702,1.678009559,0 101.525456651,1.67800525,0 101.525492599,1.678029387,0 101.525546522,1.678046373,0 101.525561073,1.678033005,0 101.525564496,1.678012104,0 101.525618419,1.678012104,0 101.525636393,1.678014918,0 101.525618419,1.677996831,0 101.525618419,1.677935463,0 101.525546522,1.677935463,0 101.525535261,1.677906394,0 101.525546522,1.677890179,0 101.52558247,1.677890179,0 101.525600444,1.677906394,0 101.525618419,1.677906394,0 101.525600444,1.677888307,0 101.52558247,1.677884431,0 101.525528548,1.677884431,0 101.52551111,1.677852133,0 101.525492599,1.677835819,0 101.525438677,1.67781511,0 101.525384754,1.677773679,0 101.52536678,1.677768449,0 
						</coordinates>
					</LinearRing>
				</outerBoundaryIs>
			</Polygon>
		</Placemark>
		<Placemark>
			<name>30-32m</name>
			<styleUrl>#style.#FF0033FF..0.255</styleUrl>
			<Polygon>
				<tessellate>1</tessellate>
				<outerBoundaryIs>
					<LinearRing>
						<coordinates>
							101.526103722,1.680076862,0 101.526103722,1.68009495,0 101.526085747,1.680091239,0 101.526049799,1.680091239,0 101.526047882,1.68009495,0 101.526049799,1.680097844,0 101.526121696,1.680097844,0 101.526121696,1.68009495,0 101.526103722,1.680076862,0 
						</coordinates>
					</LinearRing>
				</outerBoundaryIs>
			</Polygon>
		</Placemark>
		<Placemark>
			<name>30-32m</name>
			<styleUrl>#style.#FF0033FF..0.255</styleUrl>
			<Polygon>
				<tessellate>1</tessellate>
				<outerBoundaryIs>
					<LinearRing>
						<coordinates>
							101.521682071,1.680364155,0 101.521646123,1.680369404,0 101.521622,1.680384345,0 101.521592842,1.68042052,0 101.521532214,1.68054713,0 101.521521337,1.680619479,0 101.521531777,1.680655654,0 101.521574931,1.680728003,0 101.521606056,1.680764177,0 101.521649222,1.680800352,0 101.521771942,1.680883101,0 101.521831077,1.68094505,0 101.521884556,1.681017399,0 101.521970324,1.681162096,0 101.521998146,1.681234445,0 101.522012347,1.681252533,0 101.522064022,1.68127062,0 101.522185349,1.681287966,0 101.522293194,1.681310029,0 101.52236509,1.681311605,0 101.522401039,1.681304095,0 101.522419013,1.681294627,0 101.52244457,1.68127062,0 101.522471553,1.681216358,0 101.52251828,1.681162096,0 101.522540494,1.681125922,0 101.522550057,1.681089747,0 101.522539816,1.681053573,0 101.52236509,1.680843761,0 101.522329142,1.680815698,0 101.522221297,1.680762703,0 101.522178377,1.680728003,0 101.522146833,1.680691828,0 101.522059529,1.680555462,0 101.521987633,1.680486492,0 101.521915736,1.680449738,0 101.521771942,1.680408123,0 101.521700046,1.680368952,0 101.521682071,1.680364155,0 
						</coordinates>
					</LinearRing>
				</outerBoundaryIs>
			</Polygon>
		</Placemark>
		<Placemark>
			<name>30-32m</name>
			<styleUrl>#style.#FF0033FF..0.255</styleUrl>
			<Polygon>
				<tessellate>1</tessellate>
				<outerBoundaryIs>
					<LinearRing>
						<coordinates>
							101.524899451,1.67911365,0 101.524827554,1.67911495,0 101.524701735,1.679132747,0 101.52459389,1.679158866,0 101.524498027,1.679190588,0 101.524386758,1.67924485,0 101.52437273,1.679262937,0 101.524374205,1.679281024,0 101.524403363,1.679317199,0 101.524567665,1.679443809,0 101.524629838,1.679470877,0 101.52480958,1.679516846,0 101.524879423,1.679552333,0 101.524947281,1.679606594,0 101.525021751,1.679678943,0 101.525133115,1.679833037,0 101.525205012,1.679906339,0 101.525258935,1.679937759,0 101.525420702,1.68000011,0 101.525474625,1.680034596,0 101.525608408,1.680149211,0 101.525744238,1.680250733,0 101.525870057,1.680375749,0 101.52592398,1.680418711,0 101.525941954,1.680427476,0 101.525977902,1.680435442,0 101.526031825,1.680423808,0 101.526047076,1.680384345,0 101.526018615,1.680257735,0 101.525950012,1.680058775,0 101.525870057,1.679890202,0 101.52567357,1.679733205,0 101.525636393,1.679686258,0 101.52558247,1.679647404,0 101.525474625,1.679586661,0 101.525407849,1.679534245,0 101.525191052,1.679335286,0 101.525122082,1.679262937,0 101.525077088,1.679190588,0 101.525041227,1.679154414,0 101.524989322,1.679127491,0 101.524899451,1.67911365,0 
						</coordinates>
					</LinearRing>
				</outerBoundaryIs>
			</Polygon>
		</Placemark>
		<Placemark>
			<name>30-32m</name>
			<styleUrl>#style.#FF0033FF..0.255</styleUrl>
			<Polygon>
				<tessellate>1</tessellate>
				<outerBoundaryIs>
					<LinearRing>
						<coordinates>
							101.524755658,1.6802346,0 101.524737683,1.680235185,0 101.524720609,1.680239648,0 101.524690719,1.680257735,0 101.524737683,1.680285801,0 101.524773632,1.680296362,0 101.524791606,1.680294933,0 101.52480958,1.680285124,0 101.524826806,1.680257735,0 101.524791606,1.680241518,0 101.524755658,1.6802346,0 
						</coordinates>
					</LinearRing>
				</outerBoundaryIs>
			</Polygon>
		</Placemark>
		<Placemark>
			<name>30-32m</name>
			<styleUrl>#style.#FF0033FF..0.255</styleUrl>
			<Polygon>
				<tessellate>1</tessellate>
				<outerBoundaryIs>
					<LinearRing>
						<coordinates>
							101.523821,1.680148691,0 101.523767077,1.680158879,0 101.523734125,1.680185386,0 101.523728269,1.68022156,0 101.523763515,1.680293909,0 101.523785051,1.680317341,0 101.523821,1.680332994,0 101.523856948,1.680323301,0 101.523884614,1.680293909,0 101.523904519,1.680239648,0 101.523904613,1.680203473,0 101.523897708,1.680185386,0 101.523879365,1.680167299,0 101.523856948,1.680155472,0 101.523821,1.680148691,0 
						</coordinates>
					</LinearRing>
				</outerBoundaryIs>
			</Polygon>
		</Placemark>
		<Placemark>
			<name>30-32m</name>
			<styleUrl>#style.#FF0033FF..0.255</styleUrl>
			<Polygon>
				<tessellate>1</tessellate>
				<outerBoundaryIs>
					<LinearRing>
						<coordinates>
							101.525043245,1.678280898,0 101.52502527,1.678285613,0 101.524997532,1.678304314,0 101.524974843,1.678340488,0 101.524932915,1.67852136,0 101.524893523,1.678611796,0 101.52489057,1.678647971,0 101.524950078,1.678756494,0 101.525007296,1.678834254,0 101.525044057,1.678901192,0 101.525087973,1.678955454,0 101.525133115,1.678998609,0 101.525169064,1.679021683,0 101.525205012,1.679035251,0 101.525348806,1.679070506,0 101.525420702,1.679094801,0 101.525457468,1.679118239,0 101.525528548,1.679186066,0 101.525636393,1.67922403,0 101.525690315,1.679267423,0 101.525745582,1.679353373,0 101.525825883,1.679642769,0 101.525876145,1.679787467,0 101.525909706,1.679859816,0 101.525959928,1.679934659,0 101.526031825,1.680064933,0 101.526103722,1.680064933,0 101.526103722,1.680022601,0 101.526085747,1.680004513,0 101.526085747,1.679968339,0 101.526067773,1.679950252,0 101.526067773,1.67989599,0 101.526049799,1.679877903,0 101.526049799,1.679823641,0 101.526031825,1.679805554,0 101.526031825,1.679769379,0 101.526013851,1.679751292,0 101.526013851,1.679697031,0 101.525995876,1.679678943,0 101.525995876,1.679624682,0 101.525977902,1.679606594,0 101.525977902,1.679552333,0 101.525959928,1.679534245,0 101.525959928,1.679498071,0 101.525941954,1.679479984,0 101.525941954,1.679425722,0 101.52592398,1.679407635,0 101.52592398,1.679353373,0 101.525906006,1.679335286,0 101.525906006,1.679299111,0 101.525888031,1.679281024,0 101.525888031,1.679226762,0 101.525870057,1.679208675,0 101.525870057,1.679154414,0 101.525852083,1.679136326,0 101.525852083,1.679100152,0 101.525834109,1.679083688,0 101.525780186,1.679083688,0 101.525690315,1.67904704,0 101.525528548,1.678957765,0 101.52528397,1.678865018,0 101.525222986,1.678815446,0 101.525189773,1.678756494,0 101.525192144,1.67872032,0 101.525205012,1.678683359,0 101.525222986,1.678662126,0 101.525258935,1.678648172,0 101.525312857,1.678647971,0 101.525420702,1.678667394,0 101.525492599,1.678667406,0 101.525546522,1.678658635,0 101.525672341,1.678625566,0 101.525744238,1.678625566,0 101.525744238,1.678611796,0 101.525726264,1.678593709,0 101.525726264,1.67852136,0 101.525708289,1.678503273,0 101.525708289,1.678467099,0 101.525690315,1.67846203,0 101.525636393,1.67846203,0 101.525600444,1.678482272,0 101.525492599,1.678510413,0 101.525446632,1.678503273,0 101.525406666,1.678485186,0 101.525354013,1.678449011,0 101.525238123,1.678340488,0 101.52515109,1.678306087,0 101.525079193,1.678285328,0 101.525043245,1.678280898,0 
						</coordinates>
					</LinearRing>
				</outerBoundaryIs>
			</Polygon>
		</Placemark>
		<Placemark>
			<name>32-34m</name>
			<styleUrl>#style.#FF0000FF..0.255</styleUrl>
			<Polygon>
				<tessellate>1</tessellate>
				<outerBoundaryIs>
					<LinearRing>
						<coordinates>
							101.525744238,1.678625566,0 101.525672341,1.678625566,0 101.525546522,1.678658635,0 101.525492599,1.678667406,0 101.525420702,1.678667394,0 101.525312857,1.678647971,0 101.525258935,1.678648172,0 101.525222986,1.678662126,0 101.525205012,1.678683359,0 101.525192144,1.67872032,0 101.525189773,1.678756494,0 101.525222986,1.678815446,0 101.52528397,1.678865018,0 101.525528548,1.678957765,0 101.525690315,1.67904704,0 101.525780186,1.679083688,0 101.525834109,1.679083688,0 101.525852083,1.679100152,0 101.525852083,1.679082065,0 101.525834109,1.679063977,0 101.525834109,1.679027803,0 101.525816135,1.679009716,0 101.525816135,1.678955454,0 101.52579816,1.678937367,0 101.52579816,1.678883105,0 101.525780186,1.678865018,0 101.525780186,1.678810756,0 101.525762212,1.678792669,0 101.525762212,1.67872032,0 101.525744238,1.678702233,0 101.525744238,1.678625566,0 
						</coordinates>
					</LinearRing>
				</outerBoundaryIs>
			</Polygon>
		</Placemark>
	</Document>
</Document>
</kml>
